tick,robot_id,neighbor_count,stopped,swarm_size
5,fb0,0,0,30
5,fb1,1,1,30
5,fb2,1,1,30
5,fb3,0,0,30
5,fb4,0,0,30
5,fb5,0,0,30
5,fb6,1,1,30
5,fb7,1,1,30
5,fb8,0,0,30
5,fb9,0,0,30
5,fb10,0,0,30
5,fb11,0,0,30
5,fb12,0,0,30
5,fb13,0,0,30
5,fb14,1,1,30
5,fb15,0,0,30
5,fb16,0,0,30
5,fb17,2,1,30
5,fb18,0,0,30
5,fb19,0,0,30
5,fb20,0,0,30
5,fb21,0,0,30
5,fb22,0,0,30
5,fb23,0,0,30
5,fb24,1,1,30
5,fb25,0,0,30
5,fb26,0,0,30
5,fb27,0,0,30
5,fb28,0,0,30
5,fb29,0,0,30
10,fb0,0,0,30
10,fb1,1,1,30
10,fb2,1,1,30
10,fb3,0,0,30
10,fb4,0,0,30
10,fb5,0,0,30
10,fb6,1,1,30
10,fb7,1,1,30
10,fb8,0,0,30
10,fb9,0,0,30
10,fb10,0,0,30
10,fb11,0,0,30
10,fb12,0,0,30
10,fb13,0,0,30
10,fb14,1,1,30
10,fb15,0,0,30
10,fb16,0,0,30
10,fb17,2,1,30
10,fb18,0,0,30
10,fb19,0,0,30
10,fb20,0,0,30
10,fb21,0,0,30
10,fb22,0,0,30
10,fb23,0,0,30
10,fb24,1,1,30
10,fb25,0,0,30
10,fb26,0,0,30
10,fb27,0,0,30
10,fb28,0,0,30
10,fb29,0,0,30
15,fb0,0,0,30
15,fb1,1,1,30
15,fb2,1,1,30
15,fb3,0,0,30
15,fb4,0,0,30
15,fb5,0,0,30
15,fb6,1,1,30
15,fb7,1,1,30
15,fb8,0,0,30
15,fb9,1,1,30
15,fb10,0,0,30
15,fb11,0,0,30
15,fb12,0,0,30
15,fb13,0,0,30
15,fb14,1,1,30
15,fb15,0,0,30
15,fb16,0,0,30
15,fb17,2,1,30
15,fb18,1,1,30
15,fb19,0,0,30
15,fb20,0,0,30
15,fb21,0,0,30
15,fb22,0,0,30
15,fb23,0,0,30
15,fb24,1,1,30
15,fb25,1,1,30
15,fb26,1,1,30
15,fb27,0,0,30
15,fb28,0,0,30
15,fb29,0,0,30
20,fb0,1,1,30
20,fb1,1,1,30
20,fb2,1,1,30
20,fb3,0,0,30
20,fb4,0,0,30
20,fb5,0,0,30
20,fb6,1,1,30
20,fb7,1,1,30
20,fb8,1,1,30
20,fb9,1,1,30
20,fb10,0,0,30
20,fb11,0,0,30
20,fb12,0,0,30
20,fb13,0,0,30
20,fb14,2,1,30
20,fb15,0,0,30
20,fb16,0,0,30
20,fb17,2,1,30
20,fb18,1,1,30
20,fb19,0,0,30
20,fb20,0,0,30
20,fb21,0,0,30
20,fb22,0,0,30
20,fb23,0,0,30
20,fb24,1,1,30
20,fb25,1,1,30
20,fb26,2,1,30
20,fb27,0,0,30
20,fb28,0,0,30
20,fb29,0,0,30
25,fb0,1,1,30
25,fb1,1,1,30
25,fb2,1,1,30
25,fb3,0,0,30
25,fb4,0,0,30
25,fb5,0,0,30
25,fb6,1,1,30
25,fb7,1,1,30
25,fb8,1,1,30
25,fb9,2,1,30
25,fb10,0,0,30
25,fb11,1,1,30
25,fb12,0,0,30
25,fb13,0,0,30
25,fb14,2,1,30
25,fb15,0,0,30
25,fb16,0,0,30
25,fb17,2,1,30
25,fb18,1,1,30
25,fb19,0,0,30
25,fb20,0,0,30
25,fb21,0,0,30
25,fb22,0,0,30
25,fb23,0,0,30
25,fb24,1,1,30
25,fb25,1,1,30
25,fb26,2,1,30
25,fb27,0,0,30
25,fb28,0,0,30
25,fb29,0,0,30
30,fb0,1,1,30
30,fb1,1,1,30
30,fb2,1,1,30
30,fb3,0,0,30
30,fb4,0,0,30
30,fb5,0,0,30
30,fb6,1,1,30
30,fb7,1,1,30
30,fb8,1,1,30
30,fb9,2,1,30
30,fb10,0,0,30
30,fb11,1,1,30
30,fb12,0,0,30
30,fb13,0,0,30
30,fb14,2,1,30
30,fb15,1,1,30
30,fb16,0,0,30
30,fb17,2,1,30
30,fb18,1,1,30
30,fb19,1,1,30
30,fb20,0,0,30
30,fb21,0,0,30
30,fb22,0,0,30
30,fb23,0,0,30
30,fb24,1,1,30
30,fb25,1,1,30
30,fb26,2,1,30
30,fb27,0,0,30
30,fb28,0,0,30
30,fb29,0,0,30
35,fb0,1,1,30
35,fb1,1,1,30
35,fb2,1,1,30
35,fb3,0,0,30
35,fb4,0,0,30
35,fb5,0,0,30
35,fb6,1,1,30
35,fb7,1,1,30
35,fb8,1,1,30
35,fb9,2,1,30
35,fb10,0,0,30
35,fb11,1,1,30
35,fb12,0,0,30
35,fb13,0,0,30
35,fb14,2,1,30
35,fb15,1,1,30
35,fb16,0,0,30
35,fb17,2,1,30
35,fb18,1,1,30
35,fb19,1,1,30
35,fb20,0,0,30
35,fb21,0,0,30
35,fb22,0,0,30
35,fb23,0,0,30
35,fb24,1,1,30
35,fb25,1,1,30
35,fb26,2,1,30
35,fb27,0,0,30
35,fb28,0,0,30
35,fb29,0,0,30
40,fb0,1,1,30
40,fb1,2,1,30
40,fb2,1,1,30
40,fb3,0,0,30
40,fb4,0,0,30
40,fb5,0,0,30
40,fb6,1,1,30
40,fb7,1,1,30
40,fb8,1,1,30
40,fb9,2,1,30
40,fb10,0,0,30
40,fb11,1,1,30
40,fb12,0,0,30
40,fb13,0,0,30
40,fb14,2,1,30
40,fb15,1,1,30
40,fb16,0,0,30
40,fb17,2,1,30
40,fb18,1,1,30
40,fb19,1,1,30
40,fb20,0,0,30
40,fb21,0,0,30
40,fb22,0,0,30
40,fb23,0,0,30
40,fb24,1,1,30
40,fb25,1,1,30
40,fb26,2,1,30
40,fb27,1,1,30
40,fb28,0,0,30
40,fb29,0,0,30
45,fb0,1,1,30
45,fb1,2,1,30
45,fb2,1,1,30
45,fb3,0,0,30
45,fb4,0,0,30
45,fb5,0,0,30
45,fb6,1,1,30
45,fb7,1,1,30
45,fb8,1,1,30
45,fb9,2,1,30
45,fb10,0,0,30
45,fb11,1,1,30
45,fb12,0,0,30
45,fb13,0,0,30
45,fb14,2,1,30
45,fb15,1,1,30
45,fb16,0,0,30
45,fb17,2,1,30
45,fb18,1,1,30
45,fb19,1,1,30
45,fb20,0,0,30
45,fb21,0,0,30
45,fb22,0,0,30
45,fb23,0,0,30
45,fb24,1,1,30
45,fb25,1,1,30
45,fb26,2,1,30
45,fb27,1,1,30
45,fb28,0,0,30
45,fb29,0,0,30
50,fb0,1,1,30
50,fb1,2,1,30
50,fb2,1,1,30
50,fb3,0,0,30
50,fb4,0,0,30
50,fb5,0,0,30
50,fb6,1,1,30
50,fb7,1,1,30
50,fb8,1,1,30
50,fb9,2,1,30
50,fb10,0,0,30
50,fb11,1,1,30
50,fb12,0,0,30
50,fb13,1,1,30
50,fb14,2,1,30
50,fb15,1,1,30
50,fb16,0,0,30
50,fb17,2,1,30
50,fb18,1,1,30
50,fb19,1,1,30
50,fb20,1,1,30
50,fb21,0,0,30
50,fb22,0,0,30
50,fb23,1,1,30
50,fb24,2,1,30
50,fb25,1,1,30
50,fb26,2,1,30
50,fb27,1,1,30
50,fb28,0,0,30
50,fb29,0,0,30
55,fb0,1,1,30
55,fb1,2,1,30
55,fb2,2,1,30
55,fb3,0,0,30
55,fb4,0,0,30
55,fb5,1,1,30
55,fb6,1,1,30
55,fb7,1,1,30
55,fb8,1,1,30
55,fb9,2,1,30
55,fb10,0,0,30
55,fb11,1,0,30
55,fb12,0,0,30
55,fb13,1,1,30
55,fb14,2,1,30
55,fb15,1,1,30
55,fb16,0,0,30
55,fb17,2,1,30
55,fb18,1,1,30
55,fb19,1,1,30
55,fb20,1,1,30
55,fb21,0,0,30
55,fb22,0,0,30
55,fb23,1,1,30
55,fb24,2,1,30
55,fb25,1,1,30
55,fb26,2,1,30
55,fb27,1,1,30
55,fb28,0,0,30
55,fb29,0,0,30
60,fb0,1,1,30
60,fb1,2,1,30
60,fb2,2,1,30
60,fb3,0,0,30
60,fb4,0,0,30
60,fb5,1,1,30
60,fb6,1,1,30
60,fb7,1,1,30
60,fb8,1,1,30
60,fb9,2,1,30
60,fb10,0,0,30
60,fb11,1,1,30
60,fb12,0,0,30
60,fb13,1,1,30
60,fb14,2,1,30
60,fb15,1,1,30
60,fb16,0,0,30
60,fb17,2,1,30
60,fb18,1,1,30
60,fb19,1,1,30
60,fb20,1,1,30
60,fb21,0,0,30
60,fb22,0,0,30
60,fb23,1,1,30
60,fb24,2,1,30
60,fb25,1,1,30
60,fb26,2,1,30
60,fb27,1,1,30
60,fb28,0,0,30
60,fb29,0,0,30
65,fb0,1,1,30
65,fb1,2,1,30
65,fb2,2,1,30
65,fb3,0,0,30
65,fb4,0,0,30
65,fb5,1,1,30
65,fb6,1,1,30
65,fb7,1,1,30
65,fb8,1,1,30
65,fb9,2,1,30
65,fb10,0,0,30
65,fb11,1,1,30
65,fb12,0,0,30
65,fb13,1,1,30
65,fb14,2,1,30
65,fb15,1,1,30
65,fb16,0,0,30
65,fb17,2,1,30
65,fb18,1,1,30
65,fb19,1,1,30
65,fb20,1,1,30
65,fb21,0,0,30
65,fb22,0,0,30
65,fb23,1,1,30
65,fb24,2,1,30
65,fb25,1,1,30
65,fb26,2,1,30
65,fb27,1,1,30
65,fb28,0,0,30
65,fb29,0,0,30
70,fb0,1,1,30
70,fb1,2,1,30
70,fb2,2,1,30
70,fb3,1,1,30
70,fb4,0,0,30
70,fb5,1,1,30
70,fb6,1,1,30
70,fb7,1,1,30
70,fb8,1,1,30
70,fb9,2,1,30
70,fb10,0,0,30
70,fb11,1,1,30
70,fb12,0,0,30
70,fb13,1,1,30
70,fb14,2,1,30
70,fb15,1,1,30
70,fb16,1,1,30
70,fb17,2,1,30
70,fb18,1,1,30
70,fb19,1,1,30
70,fb20,1,1,30
70,fb21,0,0,30
70,fb22,0,0,30
70,fb23,1,1,30
70,fb24,2,1,30
70,fb25,1,1,30
70,fb26,2,1,30
70,fb27,1,1,30
70,fb28,0,0,30
70,fb29,0,0,30
75,fb0,1,1,30
75,fb1,2,1,30
75,fb2,2,1,30
75,fb3,1,1,30
75,fb4,0,0,30
75,fb5,1,1,30
75,fb6,1,1,30
75,fb7,1,1,30
75,fb8,1,1,30
75,fb9,2,0,30
75,fb10,0,0,30
75,fb11,1,1,30
75,fb12,0,0,30
75,fb13,1,1,30
75,fb14,2,1,30
75,fb15,1,1,30
75,fb16,1,1,30
75,fb17,2,1,30
75,fb18,1,1,30
75,fb19,1,1,30
75,fb20,1,1,30
75,fb21,0,0,30
75,fb22,0,0,30
75,fb23,1,1,30
75,fb24,2,1,30
75,fb25,1,1,30
75,fb26,2,0,30
75,fb27,1,1,30
75,fb28,0,0,30
75,fb29,0,0,30
80,fb0,1,1,30
80,fb1,2,1,30
80,fb2,2,1,30
80,fb3,1,1,30
80,fb4,0,0,30
80,fb5,1,1,30
80,fb6,1,1,30
80,fb7,1,1,30
80,fb8,1,1,30
80,fb9,2,1,30
80,fb10,0,0,30
80,fb11,1,1,30
80,fb12,0,0,30
80,fb13,1,0,30
80,fb14,2,1,30
80,fb15,1,1,30
80,fb16,1,1,30
80,fb17,2,1,30
80,fb18,1,1,30
80,fb19,1,1,30
80,fb20,1,0,30
80,fb21,0,0,30
80,fb22,0,0,30
80,fb23,1,1,30
80,fb24,2,1,30
80,fb25,1,1,30
80,fb26,2,1,30
80,fb27,1,1,30
80,fb28,0,0,30
80,fb29,0,0,30
85,fb0,1,1,30
85,fb1,2,1,30
85,fb2,2,1,30
85,fb3,1,1,30
85,fb4,0,0,30
85,fb5,1,0,30
85,fb6,1,1,30
85,fb7,1,1,30
85,fb8,1,1,30
85,fb9,2,1,30
85,fb10,0,0,30
85,fb11,1,1,30
85,fb12,0,0,30
85,fb13,1,1,30
85,fb14,2,1,30
85,fb15,1,1,30
85,fb16,1,1,30
85,fb17,2,1,30
85,fb18,1,1,30
85,fb19,1,1,30
85,fb20,1,1,30
85,fb21,0,0,30
85,fb22,0,0,30
85,fb23,1,1,30
85,fb24,2,1,30
85,fb25,1,1,30
85,fb26,2,1,30
85,fb27,1,1,30
85,fb28,0,0,30
85,fb29,0,0,30
90,fb0,1,1,30
90,fb1,2,1,30
90,fb2,2,1,30
90,fb3,1,1,30
90,fb4,0,0,30
90,fb5,1,1,30
90,fb6,1,1,30
90,fb7,1,1,30
90,fb8,1,1,30
90,fb9,2,1,30
90,fb10,0,0,30
90,fb11,1,1,30
90,fb12,0,0,30
90,fb13,1,1,30
90,fb14,2,1,30
90,fb15,1,1,30
90,fb16,1,1,30
90,fb17,2,1,30
90,fb18,1,1,30
90,fb19,1,1,30
90,fb20,1,1,30
90,fb21,0,0,30
90,fb22,0,0,30
90,fb23,1,1,30
90,fb24,2,1,30
90,fb25,1,1,30
90,fb26,2,1,30
90,fb27,1,1,30
90,fb28,0,0,30
90,fb29,0,0,30
95,fb0,1,1,30
95,fb1,2,1,30
95,fb2,2,1,30
95,fb3,1,1,30
95,fb4,0,0,30
95,fb5,1,1,30
95,fb6,1,1,30
95,fb7,1,1,30
95,fb8,1,1,30
95,fb9,2,1,30
95,fb10,0,0,30
95,fb11,1,1,30
95,fb12,0,0,30
95,fb13,1,1,30
95,fb14,2,1,30
95,fb15,1,1,30
95,fb16,1,1,30
95,fb17,2,1,30
95,fb18,1,1,30
95,fb19,1,1,30
95,fb20,1,1,30
95,fb21,0,0,30
95,fb22,0,0,30
95,fb23,1,1,30
95,fb24,2,0,30
95,fb25,1,1,30
95,fb26,2,1,30
95,fb27,1,1,30
95,fb28,0,0,30
95,fb29,0,0,30
100,fb0,1,1,30
100,fb1,2,1,30
100,fb2,2,1,30
100,fb3,1,1,30
100,fb4,0,0,30
100,fb5,1,1,30
100,fb6,1,1,30
100,fb7,1,1,30
100,fb8,1,1,30
100,fb9,2,1,30
100,fb10,0,0,30
100,fb11,1,1,30
100,fb12,0,0,30
100,fb13,1,1,30
100,fb14,2,1,30
100,fb15,1,1,30
100,fb16,1,1,30
100,fb17,2,1,30
100,fb18,1,1,30
100,fb19,1,1,30
100,fb20,1,1,30
100,fb21,0,0,30
100,fb22,0,0,30
100,fb23,1,1,30
100,fb24,2,1,30
100,fb25,1,1,30
100,fb26,2,1,30
100,fb27,1,0,30
100,fb28,0,0,30
100,fb29,0,0,30
105,fb0,1,1,30
105,fb1,2,1,30
105,fb2,2,1,30
105,fb3,1,1,30
105,fb4,0,0,30
105,fb5,1,1,30
105,fb6,1,1,30
105,fb7,1,1,30
105,fb8,1,1,30
105,fb9,2,1,30
105,fb10,0,0,30
105,fb11,1,1,30
105,fb12,0,0,30
105,fb13,1,1,30
105,fb14,2,1,30
105,fb15,1,1,30
105,fb16,1,1,30
105,fb17,2,1,30
105,fb18,1,1,30
105,fb19,1,1,30
105,fb20,1,1,30
105,fb21,0,0,30
105,fb22,0,0,30
105,fb23,1,1,30
105,fb24,2,1,30
105,fb25,1,1,30
105,fb26,2,1,30
105,fb27,1,1,30
105,fb28,0,0,30
105,fb29,0,0,30
110,fb0,1,1,30
110,fb1,2,1,30
110,fb2,2,1,30
110,fb3,1,1,30
110,fb4,0,0,30
110,fb5,1,1,30
110,fb6,1,1,30
110,fb7,1,1,30
110,fb8,1,1,30
110,fb9,2,1,30
110,fb10,0,0,30
110,fb11,1,1,30
110,fb12,0,0,30
110,fb13,1,1,30
110,fb14,2,1,30
110,fb15,1,1,30
110,fb16,1,1,30
110,fb17,2,1,30
110,fb18,1,1,30
110,fb19,1,1,30
110,fb20,1,1,30
110,fb21,0,0,30
110,fb22,0,0,30
110,fb23,1,1,30
110,fb24,2,1,30
110,fb25,1,1,30
110,fb26,2,1,30
110,fb27,1,1,30
110,fb28,0,0,30
110,fb29,0,0,30
115,fb0,1,1,30
115,fb1,2,1,30
115,fb2,2,1,30
115,fb3,1,1,30
115,fb4,0,0,30
115,fb5,1,1,30
115,fb6,1,1,30
115,fb7,1,1,30
115,fb8,1,1,30
115,fb9,2,1,30
115,fb10,0,0,30
115,fb11,1,1,30
115,fb12,0,0,30
115,fb13,1,1,30
115,fb14,2,1,30
115,fb15,1,1,30
115,fb16,1,1,30
115,fb17,2,1,30
115,fb18,1,1,30
115,fb19,1,1,30
115,fb20,1,1,30
115,fb21,0,0,30
115,fb22,0,0,30
115,fb23,1,1,30
115,fb24,2,1,30
115,fb25,1,1,30
115,fb26,2,1,30
115,fb27,1,1,30
115,fb28,0,0,30
115,fb29,0,0,30
120,fb0,1,1,30
120,fb1,2,1,30
120,fb2,2,1,30
120,fb3,1,1,30
120,fb4,0,0,30
120,fb5,1,1,30
120,fb6,1,1,30
120,fb7,1,1,30
120,fb8,1,1,30
120,fb9,2,1,30
120,fb10,0,0,30
120,fb11,1,1,30
120,fb12,0,0,30
120,fb13,1,1,30
120,fb14,2,1,30
120,fb15,1,0,30
120,fb16,1,1,30
120,fb17,2,1,30
120,fb18,1,1,30
120,fb19,1,0,30
120,fb20,1,1,30
120,fb21,0,0,30
120,fb22,0,0,30
120,fb23,1,1,30
120,fb24,2,1,30
120,fb25,1,1,30
120,fb26,2,1,30
120,fb27,1,1,30
120,fb28,0,0,30
120,fb29,0,0,30
125,fb0,1,1,30
125,fb1,2,1,30
125,fb2,2,1,30
125,fb3,1,1,30
125,fb4,0,0,30
125,fb5,1,1,30
125,fb6,1,0,30
125,fb7,1,0,30
125,fb8,1,1,30
125,fb9,2,1,30
125,fb10,0,0,30
125,fb11,1,1,30
125,fb12,0,0,30
125,fb13,1,1,30
125,fb14,2,1,30
125,fb15,1,1,30
125,fb16,1,1,30
125,fb17,2,1,30
125,fb18,1,1,30
125,fb19,1,1,30
125,fb20,1,1,30
125,fb21,0,0,30
125,fb22,0,0,30
125,fb23,1,1,30
125,fb24,2,1,30
125,fb25,1,1,30
125,fb26,2,1,30
125,fb27,1,1,30
125,fb28,0,0,30
125,fb29,0,0,30
130,fb0,1,1,30
130,fb1,2,1,30
130,fb2,2,1,30
130,fb3,1,0,30
130,fb4,1,1,30
130,fb5,1,1,30
130,fb6,1,1,30
130,fb7,1,1,30
130,fb8,1,1,30
130,fb9,2,1,30
130,fb10,0,0,30
130,fb11,1,1,30
130,fb12,0,0,30
130,fb13,1,1,30
130,fb14,2,1,30
130,fb15,1,1,30
130,fb16,1,0,30
130,fb17,3,1,30
130,fb18,1,1,30
130,fb19,1,1,30
130,fb20,1,1,30
130,fb21,0,0,30
130,fb22,0,0,30
130,fb23,1,1,30
130,fb24,2,1,30
130,fb25,1,1,30
130,fb26,2,1,30
130,fb27,1,1,30
130,fb28,0,0,30
130,fb29,0,0,30
135,fb0,1,1,30
135,fb1,2,1,30
135,fb2,2,1,30
135,fb3,1,1,30
135,fb4,1,1,30
135,fb5,1,1,30
135,fb6,1,1,30
135,fb7,1,1,30
135,fb8,1,1,30
135,fb9,2,1,30
135,fb10,0,0,30
135,fb11,1,1,30
135,fb12,0,0,30
135,fb13,1,1,30
135,fb14,2,1,30
135,fb15,1,1,30
135,fb16,1,1,30
135,fb17,3,1,30
135,fb18,1,1,30
135,fb19,1,1,30
135,fb20,1,1,30
135,fb21,0,0,30
135,fb22,0,0,30
135,fb23,1,1,30
135,fb24,2,1,30
135,fb25,1,1,30
135,fb26,2,1,30
135,fb27,1,1,30
135,fb28,0,0,30
135,fb29,0,0,30
140,fb0,1,0,30
140,fb1,2,1,30
140,fb2,2,1,30
140,fb3,1,1,30
140,fb4,1,1,30
140,fb5,1,1,30
140,fb6,1,1,30
140,fb7,1,1,30
140,fb8,1,1,30
140,fb9,2,1,30
140,fb10,0,0,30
140,fb11,1,1,30
140,fb12,0,0,30
140,fb13,1,1,30
140,fb14,2,1,30
140,fb15,1,1,30
140,fb16,1,1,30
140,fb17,3,1,30
140,fb18,1,1,30
140,fb19,1,1,30
140,fb20,1,1,30
140,fb21,0,0,30
140,fb22,0,0,30
140,fb23,1,0,30
140,fb24,2,1,30
140,fb25,1,1,30
140,fb26,2,1,30
140,fb27,1,1,30
140,fb28,0,0,30
140,fb29,0,0,30
145,fb0,1,1,30
145,fb1,2,1,30
145,fb2,2,1,30
145,fb3,1,1,30
145,fb4,1,1,30
145,fb5,1,1,30
145,fb6,1,1,30
145,fb7,1,1,30
145,fb8,1,1,30
145,fb9,2,1,30
145,fb10,0,0,30
145,fb11,1,1,30
145,fb12,0,0,30
145,fb13,1,1,30
145,fb14,2,1,30
145,fb15,1,1,30
145,fb16,1,1,30
145,fb17,3,1,30
145,fb18,1,1,30
145,fb19,1,1,30
145,fb20,1,1,30
145,fb21,0,0,30
145,fb22,0,0,30
145,fb23,1,1,30
145,fb24,2,1,30
145,fb25,1,1,30
145,fb26,2,1,30
145,fb27,1,1,30
145,fb28,0,0,30
145,fb29,0,0,30
150,fb0,1,1,30
150,fb1,2,1,30
150,fb2,2,1,30
150,fb3,1,1,30
150,fb4,1,1,30
150,fb5,1,1,30
150,fb6,1,1,30
150,fb7,1,1,30
150,fb8,1,1,30
150,fb9,2,1,30
150,fb10,0,0,30
150,fb11,1,1,30
150,fb12,0,0,30
150,fb13,1,1,30
150,fb14,2,1,30
150,fb15,1,1,30
150,fb16,1,1,30
150,fb17,3,1,30
150,fb18,1,1,30
150,fb19,1,1,30
150,fb20,1,1,30
150,fb21,0,0,30
150,fb22,0,0,30
150,fb23,1,1,30
150,fb24,2,1,30
150,fb25,1,1,30
150,fb26,2,1,30
150,fb27,1,1,30
150,fb28,0,0,30
150,fb29,0,0,30
155,fb0,1,1,30
155,fb1,2,0,30
155,fb2,2,0,30
155,fb3,1,1,30
155,fb4,1,1,30
155,fb5,1,1,30
155,fb6,1,1,30
155,fb7,1,1,30
155,fb8,1,1,30
155,fb9,2,1,30
155,fb10,0,0,30
155,fb11,1,1,30
155,fb12,0,0,30
155,fb13,1,1,30
155,fb14,2,0,30
155,fb15,1,1,30
155,fb16,1,1,30
155,fb17,3,0,30
155,fb18,1,1,30
155,fb19,1,1,30
155,fb20,1,1,30
155,fb21,0,0,30
155,fb22,0,0,30
155,fb23,1,1,30
155,fb24,2,1,30
155,fb25,1,1,30
155,fb26,2,1,30
155,fb27,1,1,30
155,fb28,0,0,30
155,fb29,0,0,30
160,fb0,1,1,30
160,fb1,2,1,30
160,fb2,2,1,30
160,fb3,1,1,30
160,fb4,1,1,30
160,fb5,1,1,30
160,fb6,1,1,30
160,fb7,1,1,30
160,fb8,1,1,30
160,fb9,2,1,30
160,fb10,0,0,30
160,fb11,1,1,30
160,fb12,0,0,30
160,fb13,1,1,30
160,fb14,2,1,30
160,fb15,1,1,30
160,fb16,1,1,30
160,fb17,3,1,30
160,fb18,1,1,30
160,fb19,1,1,30
160,fb20,1,1,30
160,fb21,0,0,30
160,fb22,0,0,30
160,fb23,1,1,30
160,fb24,2,1,30
160,fb25,1,1,30
160,fb26,2,1,30
160,fb27,1,1,30
160,fb28,0,0,30
160,fb29,0,0,30
165,fb0,1,1,30
165,fb1,2,1,30
165,fb2,2,1,30
165,fb3,1,1,30
165,fb4,1,1,30
165,fb5,1,1,30
165,fb6,1,1,30
165,fb7,1,1,30
165,fb8,1,1,30
165,fb9,2,1,30
165,fb10,0,0,30
165,fb11,1,1,30
165,fb12,0,0,30
165,fb13,1,1,30
165,fb14,2,1,30
165,fb15,1,1,30
165,fb16,1,1,30
165,fb17,3,1,30
165,fb18,1,0,30
165,fb19,1,1,30
165,fb20,1,1,30
165,fb21,1,1,30
165,fb22,1,1,30
165,fb23,1,1,30
165,fb24,2,1,30
165,fb25,1,0,30
165,fb26,2,1,30
165,fb27,1,1,30
165,fb28,0,0,30
165,fb29,0,0,30
170,fb0,1,1,30
170,fb1,2,1,30
170,fb2,2,1,30
170,fb3,1,1,30
170,fb4,1,1,30
170,fb5,1,1,30
170,fb6,1,1,30
170,fb7,1,1,30
170,fb8,1,0,30
170,fb9,2,1,30
170,fb10,0,0,30
170,fb11,1,1,30
170,fb12,0,0,30
170,fb13,1,1,30
170,fb14,2,1,30
170,fb15,1,1,30
170,fb16,1,1,30
170,fb17,3,1,30
170,fb18,1,1,30
170,fb19,1,1,30
170,fb20,1,1,30
170,fb21,1,1,30
170,fb22,1,1,30
170,fb23,1,1,30
170,fb24,2,1,30
170,fb25,1,1,30
170,fb26,2,1,30
170,fb27,1,1,30
170,fb28,0,0,30
170,fb29,0,0,30
175,fb0,1,1,30
175,fb1,2,1,30
175,fb2,2,1,30
175,fb3,1,1,30
175,fb4,1,1,30
175,fb5,1,1,30
175,fb6,1,1,30
175,fb7,1,1,30
175,fb8,1,1,30
175,fb9,2,1,30
175,fb10,0,0,30
175,fb11,1,1,30
175,fb12,0,0,30
175,fb13,1,1,30
175,fb14,2,1,30
175,fb15,1,1,30
175,fb16,1,1,30
175,fb17,3,1,30
175,fb18,1,1,30
175,fb19,1,1,30
175,fb20,1,1,30
175,fb21,1,1,30
175,fb22,1,1,30
175,fb23,1,1,30
175,fb24,2,1,30
175,fb25,1,1,30
175,fb26,2,1,30
175,fb27,1,1,30
175,fb28,0,0,30
175,fb29,0,0,30
180,fb0,1,1,30
180,fb1,2,1,30
180,fb2,2,1,30
180,fb3,1,1,30
180,fb4,1,1,30
180,fb5,1,1,30
180,fb6,1,1,30
180,fb7,1,1,30
180,fb8,1,1,30
180,fb9,2,1,30
180,fb10,0,0,30
180,fb11,1,1,30
180,fb12,0,0,30
180,fb13,1,1,30
180,fb14,2,1,30
180,fb15,1,1,30
180,fb16,1,1,30
180,fb17,3,1,30
180,fb18,1,1,30
180,fb19,1,1,30
180,fb20,1,1,30
180,fb21,1,1,30
180,fb22,1,1,30
180,fb23,1,1,30
180,fb24,2,1,30
180,fb25,1,1,30
180,fb26,2,1,30
180,fb27,1,1,30
180,fb28,0,0,30
180,fb29,0,0,30
185,fb0,1,1,30
185,fb1,2,1,30
185,fb2,2,1,30
185,fb3,1,1,30
185,fb4,1,1,30
185,fb5,1,1,30
185,fb6,1,1,30
185,fb7,1,1,30
185,fb8,1,1,30
185,fb9,2,1,30
185,fb10,0,0,30
185,fb11,1,1,30
185,fb12,0,0,30
185,fb13,1,1,30
185,fb14,2,1,30
185,fb15,1,1,30
185,fb16,1,1,30
185,fb17,3,1,30
185,fb18,1,1,30
185,fb19,1,1,30
185,fb20,1,1,30
185,fb21,1,1,30
185,fb22,1,1,30
185,fb23,1,1,30
185,fb24,2,1,30
185,fb25,1,1,30
185,fb26,2,1,30
185,fb27,1,1,30
185,fb28,0,0,30
185,fb29,0,0,30
190,fb0,1,1,30
190,fb1,2,1,30
190,fb2,2,1,30
190,fb3,1,1,30
190,fb4,1,1,30
190,fb5,1,1,30
190,fb6,1,1,30
190,fb7,1,1,30
190,fb8,1,1,30
190,fb9,2,1,30
190,fb10,0,0,30
190,fb11,1,1,30
190,fb12,0,0,30
190,fb13,1,1,30
190,fb14,2,1,30
190,fb15,1,1,30
190,fb16,1,1,30
190,fb17,3,1,30
190,fb18,1,1,30
190,fb19,1,1,30
190,fb20,1,1,30
190,fb21,1,1,30
190,fb22,1,1,30
190,fb23,1,1,30
190,fb24,2,1,30
190,fb25,1,1,30
190,fb26,2,1,30
190,fb27,1,1,30
190,fb28,0,0,30
190,fb29,0,0,30
195,fb0,1,1,30
195,fb1,2,1,30
195,fb2,2,1,30
195,fb3,1,1,30
195,fb4,1,1,30
195,fb5,1,1,30
195,fb6,1,1,30
195,fb7,1,1,30
195,fb8,1,1,30
195,fb9,2,1,30
195,fb10,0,0,30
195,fb11,1,1,30
195,fb12,0,0,30
195,fb13,1,1,30
195,fb14,2,1,30
195,fb15,1,1,30
195,fb16,1,1,30
195,fb17,3,1,30
195,fb18,1,1,30
195,fb19,1,1,30
195,fb20,1,1,30
195,fb21,1,1,30
195,fb22,1,1,30
195,fb23,1,1,30
195,fb24,2,1,30
195,fb25,1,1,30
195,fb26,2,1,30
195,fb27,1,1,30
195,fb28,0,0,30
195,fb29,0,0,30
200,fb0,1,1,30
200,fb1,2,1,30
200,fb2,2,1,30
200,fb3,1,1,30
200,fb4,1,1,30
200,fb5,1,1,30
200,fb6,1,1,30
200,fb7,1,1,30
200,fb8,1,1,30
200,fb9,2,1,30
200,fb10,0,0,30
200,fb11,1,1,30
200,fb12,0,0,30
200,fb13,1,1,30
200,fb14,2,1,30
200,fb15,1,1,30
200,fb16,1,1,30
200,fb17,3,1,30
200,fb18,1,1,30
200,fb19,1,1,30
200,fb20,1,1,30
200,fb21,1,1,30
200,fb22,1,1,30
200,fb23,1,1,30
200,fb24,2,1,30
200,fb25,1,1,30
200,fb26,2,1,30
200,fb27,1,1,30
200,fb28,0,0,30
200,fb29,0,0,30
205,fb0,1,1,30
205,fb1,2,1,30
205,fb2,2,1,30
205,fb3,1,1,30
205,fb4,1,1,30
205,fb5,1,1,30
205,fb6,1,1,30
205,fb7,1,1,30
205,fb8,1,1,30
205,fb9,2,1,30
205,fb10,0,0,30
205,fb11,1,1,30
205,fb12,0,0,30
205,fb13,1,1,30
205,fb14,2,1,30
205,fb15,1,1,30
205,fb16,1,1,30
205,fb17,3,1,30
205,fb18,1,1,30
205,fb19,1,1,30
205,fb20,1,1,30
205,fb21,1,1,30
205,fb22,1,1,30
205,fb23,1,1,30
205,fb24,2,1,30
205,fb25,1,1,30
205,fb26,2,1,30
205,fb27,1,1,30
205,fb28,0,0,30
205,fb29,0,0,30
210,fb0,1,1,30
210,fb1,2,1,30
210,fb2,2,1,30
210,fb3,1,1,30
210,fb4,1,1,30
210,fb5,1,1,30
210,fb6,1,1,30
210,fb7,1,1,30
210,fb8,1,1,30
210,fb9,2,1,30
210,fb10,0,0,30
210,fb11,1,0,30
210,fb12,0,0,30
210,fb13,1,1,30
210,fb14,2,1,30
210,fb15,1,1,30
210,fb16,1,1,30
210,fb17,3,1,30
210,fb18,1,1,30
210,fb19,1,1,30
210,fb20,1,1,30
210,fb21,1,1,30
210,fb22,1,1,30
210,fb23,1,1,30
210,fb24,2,1,30
210,fb25,1,1,30
210,fb26,2,1,30
210,fb27,1,1,30
210,fb28,0,0,30
210,fb29,0,0,30
215,fb0,1,1,30
215,fb1,2,1,30
215,fb2,2,1,30
215,fb3,1,1,30
215,fb4,1,1,30
215,fb5,1,1,30
215,fb6,1,1,30
215,fb7,1,1,30
215,fb8,1,1,30
215,fb9,2,1,30
215,fb10,0,0,30
215,fb11,1,1,30
215,fb12,0,0,30
215,fb13,1,1,30
215,fb14,2,1,30
215,fb15,1,1,30
215,fb16,1,1,30
215,fb17,3,1,30
215,fb18,1,1,30
215,fb19,1,1,30
215,fb20,1,1,30
215,fb21,1,1,30
215,fb22,1,1,30
215,fb23,1,1,30
215,fb24,2,1,30
215,fb25,1,1,30
215,fb26,2,1,30
215,fb27,1,1,30
215,fb28,0,0,30
215,fb29,0,0,30
220,fb0,1,1,30
220,fb1,2,1,30
220,fb2,2,1,30
220,fb3,1,1,30
220,fb4,1,1,30
220,fb5,1,1,30
220,fb6,1,1,30
220,fb7,1,1,30
220,fb8,1,1,30
220,fb9,2,1,30
220,fb10,0,0,30
220,fb11,1,1,30
220,fb12,0,0,30
220,fb13,2,1,30
220,fb14,2,1,30
220,fb15,1,1,30
220,fb16,1,1,30
220,fb17,3,1,30
220,fb18,1,1,30
220,fb19,1,1,30
220,fb20,1,1,30
220,fb21,1,1,30
220,fb22,1,1,30
220,fb23,1,1,30
220,fb24,2,1,30
220,fb25,1,1,30
220,fb26,2,1,30
220,fb27,1,1,30
220,fb28,0,0,30
220,fb29,1,1,30
225,fb0,1,1,30
225,fb1,2,1,30
225,fb2,2,1,30
225,fb3,1,1,30
225,fb4,1,1,30
225,fb5,1,1,30
225,fb6,1,1,30
225,fb7,1,1,30
225,fb8,1,1,30
225,fb9,2,1,30
225,fb10,0,0,30
225,fb11,1,1,30
225,fb12,0,0,30
225,fb13,2,1,30
225,fb14,2,1,30
225,fb15,1,1,30
225,fb16,1,1,30
225,fb17,3,1,30
225,fb18,1,1,30
225,fb19,1,1,30
225,fb20,1,1,30
225,fb21,1,1,30
225,fb22,1,1,30
225,fb23,1,1,30
225,fb24,2,1,30
225,fb25,1,1,30
225,fb26,2,1,30
225,fb27,1,1,30
225,fb28,0,0,30
225,fb29,1,1,30
230,fb0,1,1,30
230,fb1,2,1,30
230,fb2,2,1,30
230,fb3,1,1,30
230,fb4,1,1,30
230,fb5,1,1,30
230,fb6,1,1,30
230,fb7,1,1,30
230,fb8,1,1,30
230,fb9,2,0,30
230,fb10,0,0,30
230,fb11,1,1,30
230,fb12,0,0,30
230,fb13,2,1,30
230,fb14,2,1,30
230,fb15,1,1,30
230,fb16,1,1,30
230,fb17,3,1,30
230,fb18,1,1,30
230,fb19,1,1,30
230,fb20,1,1,30
230,fb21,1,1,30
230,fb22,1,1,30
230,fb23,1,1,30
230,fb24,2,1,30
230,fb25,1,1,30
230,fb26,2,0,30
230,fb27,1,1,30
230,fb28,0,0,30
230,fb29,1,1,30
235,fb0,1,1,30
235,fb1,2,1,30
235,fb2,2,1,30
235,fb3,1,1,30
235,fb4,1,1,30
235,fb5,1,1,30
235,fb6,1,1,30
235,fb7,1,1,30
235,fb8,1,1,30
235,fb9,2,1,30
235,fb10,0,0,30
235,fb11,1,1,30
235,fb12,0,0,30
235,fb13,2,0,30
235,fb14,2,1,30
235,fb15,1,1,30
235,fb16,1,1,30
235,fb17,3,1,30
235,fb18,1,1,30
235,fb19,1,1,30
235,fb20,1,0,30
235,fb21,1,1,30
235,fb22,1,1,30
235,fb23,1,1,30
235,fb24,2,1,30
235,fb25,1,1,30
235,fb26,2,1,30
235,fb27,1,1,30
235,fb28,0,0,30
235,fb29,1,1,30
240,fb0,1,1,30
240,fb1,2,1,30
240,fb2,2,1,30
240,fb3,1,1,30
240,fb4,1,1,30
240,fb5,1,0,30
240,fb6,1,1,30
240,fb7,1,1,30
240,fb8,1,1,30
240,fb9,2,1,30
240,fb10,0,0,30
240,fb11,1,1,30
240,fb12,0,0,30
240,fb13,2,1,30
240,fb14,2,1,30
240,fb15,1,1,30
240,fb16,1,1,30
240,fb17,3,1,30
240,fb18,1,1,30
240,fb19,1,1,30
240,fb20,1,1,30
240,fb21,1,1,30
240,fb22,1,1,30
240,fb23,1,1,30
240,fb24,2,1,30
240,fb25,1,1,30
240,fb26,2,1,30
240,fb27,1,1,30
240,fb28,0,0,30
240,fb29,1,1,30
245,fb0,1,1,30
245,fb1,2,1,30
245,fb2,2,1,30
245,fb3,1,1,30
245,fb4,1,1,30
245,fb5,1,1,30
245,fb6,1,1,30
245,fb7,1,1,30
245,fb8,1,1,30
245,fb9,2,1,30
245,fb10,0,0,30
245,fb11,1,1,30
245,fb12,0,0,30
245,fb13,2,1,30
245,fb14,2,1,30
245,fb15,1,1,30
245,fb16,1,1,30
245,fb17,3,1,30
245,fb18,1,1,30
245,fb19,1,1,30
245,fb20,1,1,30
245,fb21,1,1,30
245,fb22,1,1,30
245,fb23,1,1,30
245,fb24,2,1,30
245,fb25,1,1,30
245,fb26,2,1,30
245,fb27,1,1,30
245,fb28,0,0,30
245,fb29,1,1,30
250,fb0,1,1,30
250,fb1,2,1,30
250,fb2,2,1,30
250,fb3,1,1,30
250,fb4,1,0,30
250,fb5,1,1,30
250,fb6,1,1,30
250,fb7,1,1,30
250,fb8,1,1,30
250,fb9,2,1,30
250,fb10,0,0,30
250,fb11,1,1,30
250,fb12,0,0,30
250,fb13,2,1,30
250,fb14,2,1,30
250,fb15,1,1,30
250,fb16,1,1,30
250,fb17,3,1,30
250,fb18,1,1,30
250,fb19,1,1,30
250,fb20,1,1,30
250,fb21,1,1,30
250,fb22,1,1,30
250,fb23,1,1,30
250,fb24,2,0,30
250,fb25,1,1,30
250,fb26,2,1,30
250,fb27,1,1,30
250,fb28,0,0,30
250,fb29,1,1,30
255,fb0,1,1,30
255,fb1,2,1,30
255,fb2,2,1,30
255,fb3,1,1,30
255,fb4,1,1,30
255,fb5,1,1,30
255,fb6,1,1,30
255,fb7,1,1,30
255,fb8,1,1,30
255,fb9,2,1,30
255,fb10,0,0,30
255,fb11,1,1,30
255,fb12,0,0,30
255,fb13,2,1,30
255,fb14,2,1,30
255,fb15,1,1,30
255,fb16,1,1,30
255,fb17,3,1,30
255,fb18,1,1,30
255,fb19,1,1,30
255,fb20,1,1,30
255,fb21,1,1,30
255,fb22,1,1,30
255,fb23,1,1,30
255,fb24,2,1,30
255,fb25,1,1,30
255,fb26,2,1,30
255,fb27,1,0,30
255,fb28,0,0,30
255,fb29,1,1,30
260,fb0,1,1,30
260,fb1,2,1,30
260,fb2,2,1,30
260,fb3,1,1,30
260,fb4,1,1,30
260,fb5,1,1,30
260,fb6,1,1,30
260,fb7,1,1,30
260,fb8,1,1,30
260,fb9,2,1,30
260,fb10,0,0,30
260,fb11,1,1,30
260,fb12,0,0,30
260,fb13,2,1,30
260,fb14,2,1,30
260,fb15,1,1,30
260,fb16,1,1,30
260,fb17,3,1,30
260,fb18,1,1,30
260,fb19,1,1,30
260,fb20,1,1,30
260,fb21,1,1,30
260,fb22,1,1,30
260,fb23,1,1,30
260,fb24,2,1,30
260,fb25,1,1,30
260,fb26,2,1,30
260,fb27,1,1,30
260,fb28,0,0,30
260,fb29,1,1,30
265,fb0,1,1,30
265,fb1,2,1,30
265,fb2,2,1,30
265,fb3,1,1,30
265,fb4,1,1,30
265,fb5,1,1,30
265,fb6,1,1,30
265,fb7,1,1,30
265,fb8,1,1,30
265,fb9,2,1,30
265,fb10,0,0,30
265,fb11,1,1,30
265,fb12,0,0,30
265,fb13,2,1,30
265,fb14,2,1,30
265,fb15,1,1,30
265,fb16,1,1,30
265,fb17,3,1,30
265,fb18,1,1,30
265,fb19,1,1,30
265,fb20,1,1,30
265,fb21,1,1,30
265,fb22,1,1,30
265,fb23,1,1,30
265,fb24,2,1,30
265,fb25,1,1,30
265,fb26,2,1,30
265,fb27,1,1,30
265,fb28,0,0,30
265,fb29,1,1,30
270,fb0,1,1,30
270,fb1,2,1,30
270,fb2,2,1,30
270,fb3,1,1,30
270,fb4,1,1,30
270,fb5,1,1,30
270,fb6,1,1,30
270,fb7,1,1,30
270,fb8,1,1,30
270,fb9,2,1,30
270,fb10,0,0,30
270,fb11,1,1,30
270,fb12,0,0,30
270,fb13,2,1,30
270,fb14,2,1,30
270,fb15,1,1,30
270,fb16,1,1,30
270,fb17,3,1,30
270,fb18,1,1,30
270,fb19,1,1,30
270,fb20,1,1,30
270,fb21,1,1,30
270,fb22,1,1,30
270,fb23,1,1,30
270,fb24,2,1,30
270,fb25,1,1,30
270,fb26,2,1,30
270,fb27,1,1,30
270,fb28,0,0,30
270,fb29,1,1,30
275,fb0,1,1,30
275,fb1,2,1,30
275,fb2,2,1,30
275,fb3,1,1,30
275,fb4,1,1,30
275,fb5,1,1,30
275,fb6,1,1,30
275,fb7,1,1,30
275,fb8,1,1,30
275,fb9,2,1,30
275,fb10,0,0,30
275,fb11,1,1,30
275,fb12,0,0,30
275,fb13,2,1,30
275,fb14,2,1,30
275,fb15,1,0,30
275,fb16,1,1,30
275,fb17,3,1,30
275,fb18,1,1,30
275,fb19,1,0,30
275,fb20,1,1,30
275,fb21,1,1,30
275,fb22,1,1,30
275,fb23,1,1,30
275,fb24,2,1,30
275,fb25,1,1,30
275,fb26,2,1,30
275,fb27,1,1,30
275,fb28,0,0,30
275,fb29,1,1,30
280,fb0,1,1,30
280,fb1,2,1,30
280,fb2,2,1,30
280,fb3,1,1,30
280,fb4,1,1,30
280,fb5,1,1,30
280,fb6,1,0,30
280,fb7,1,0,30
280,fb8,1,1,30
280,fb9,2,1,30
280,fb10,0,0,30
280,fb11,1,1,30
280,fb12,0,0,30
280,fb13,2,1,30
280,fb14,2,1,30
280,fb15,1,1,30
280,fb16,1,1,30
280,fb17,3,1,30
280,fb18,1,1,30
280,fb19,1,1,30
280,fb20,1,1,30
280,fb21,1,1,30
280,fb22,1,1,30
280,fb23,1,1,30
280,fb24,2,1,30
280,fb25,1,1,30
280,fb26,2,1,30
280,fb27,1,1,30
280,fb28,0,0,30
280,fb29,1,1,30
285,fb0,1,1,30
285,fb1,2,1,30
285,fb2,2,1,30
285,fb3,1,0,30
285,fb4,1,1,30
285,fb5,1,1,30
285,fb6,1,1,30
285,fb7,1,1,30
285,fb8,1,1,30
285,fb9,2,1,30
285,fb10,0,0,30
285,fb11,1,1,30
285,fb12,0,0,30
285,fb13,2,1,30
285,fb14,2,1,30
285,fb15,1,1,30
285,fb16,1,0,30
285,fb17,3,1,30
285,fb18,1,1,30
285,fb19,1,1,30
285,fb20,1,1,30
285,fb21,1,0,30
285,fb22,1,0,30
285,fb23,1,1,30
285,fb24,2,1,30
285,fb25,1,1,30
285,fb26,2,1,30
285,fb27,1,1,30
285,fb28,0,0,30
285,fb29,1,1,30
290,fb0,1,1,30
290,fb1,2,1,30
290,fb2,2,1,30
290,fb3,1,1,30
290,fb4,1,1,30
290,fb5,1,1,30
290,fb6,1,1,30
290,fb7,1,1,30
290,fb8,1,1,30
290,fb9,2,1,30
290,fb10,0,0,30
290,fb11,1,1,30
290,fb12,0,0,30
290,fb13,2,1,30
290,fb14,2,1,30
290,fb15,1,1,30
290,fb16,1,1,30
290,fb17,3,1,30
290,fb18,1,1,30
290,fb19,1,1,30
290,fb20,1,1,30
290,fb21,1,1,30
290,fb22,1,1,30
290,fb23,1,1,30
290,fb24,2,1,30
290,fb25,1,1,30
290,fb26,2,1,30
290,fb27,1,1,30
290,fb28,0,0,30
290,fb29,1,1,30
295,fb0,1,0,30
295,fb1,2,1,30
295,fb2,2,1,30
295,fb3,1,1,30
295,fb4,1,1,30
295,fb5,1,1,30
295,fb6,1,1,30
295,fb7,1,1,30
295,fb8,1,1,30
295,fb9,2,1,30
295,fb10,0,0,30
295,fb11,1,1,30
295,fb12,0,0,30
295,fb13,2,1,30
295,fb14,2,1,30
295,fb15,1,1,30
295,fb16,1,1,30
295,fb17,3,1,30
295,fb18,1,1,30
295,fb19,1,1,30
295,fb20,1,1,30
295,fb21,1,1,30
295,fb22,1,1,30
295,fb23,1,0,30
295,fb24,2,1,30
295,fb25,1,1,30
295,fb26,2,1,30
295,fb27,1,1,30
295,fb28,0,0,30
295,fb29,1,1,30
300,fb0,1,1,30
300,fb1,2,1,30
300,fb2,2,1,30
300,fb3,1,1,30
300,fb4,1,1,30
300,fb5,1,1,30
300,fb6,1,1,30
300,fb7,1,1,30
300,fb8,1,1,30
300,fb9,2,1,30
300,fb10,0,0,30
300,fb11,1,1,30
300,fb12,0,0,30
300,fb13,2,1,30
300,fb14,2,1,30
300,fb15,1,1,30
300,fb16,1,1,30
300,fb17,3,1,30
300,fb18,1,1,30
300,fb19,1,1,30
300,fb20,1,1,30
300,fb21,1,1,30
300,fb22,1,1,30
300,fb23,1,1,30
300,fb24,2,1,30
300,fb25,1,1,30
300,fb26,2,1,30
300,fb27,1,1,30
300,fb28,0,0,30
300,fb29,1,1,30
305,fb0,1,1,30
305,fb1,2,1,30
305,fb2,2,1,30
305,fb3,1,1,30
305,fb4,1,1,30
305,fb5,1,1,30
305,fb6,1,1,30
305,fb7,1,1,30
305,fb8,1,1,30
305,fb9,2,1,30
305,fb10,0,0,30
305,fb11,1,1,30
305,fb12,0,0,30
305,fb13,2,1,30
305,fb14,2,1,30
305,fb15,1,1,30
305,fb16,1,1,30
305,fb17,3,1,30
305,fb18,1,1,30
305,fb19,1,1,30
305,fb20,1,1,30
305,fb21,1,1,30
305,fb22,1,1,30
305,fb23,1,1,30
305,fb24,2,1,30
305,fb25,1,1,30
305,fb26,2,1,30
305,fb27,1,1,30
305,fb28,0,0,30
305,fb29,1,1,30
310,fb0,1,1,30
310,fb1,2,0,30
310,fb2,2,0,30
310,fb3,1,1,30
310,fb4,1,1,30
310,fb5,1,1,30
310,fb6,1,1,30
310,fb7,1,1,30
310,fb8,1,1,30
310,fb9,2,1,30
310,fb10,0,0,30
310,fb11,1,1,30
310,fb12,0,0,30
310,fb13,2,1,30
310,fb14,2,0,30
310,fb15,1,1,30
310,fb16,1,1,30
310,fb17,3,0,30
310,fb18,1,1,30
310,fb19,1,1,30
310,fb20,1,1,30
310,fb21,1,1,30
310,fb22,1,1,30
310,fb23,1,1,30
310,fb24,2,1,30
310,fb25,1,1,30
310,fb26,2,1,30
310,fb27,1,1,30
310,fb28,0,0,30
310,fb29,1,0,30
315,fb0,1,1,30
315,fb1,2,1,30
315,fb2,2,1,30
315,fb3,1,1,30
315,fb4,1,1,30
315,fb5,1,1,30
315,fb6,1,1,30
315,fb7,1,1,30
315,fb8,1,1,30
315,fb9,2,1,30
315,fb10,0,0,30
315,fb11,1,1,30
315,fb12,1,1,30
315,fb13,2,1,30
315,fb14,2,1,30
315,fb15,1,1,30
315,fb16,1,1,30
315,fb17,3,1,30
315,fb18,1,1,30
315,fb19,1,1,30
315,fb20,1,1,30
315,fb21,1,1,30
315,fb22,1,1,30
315,fb23,1,1,30
315,fb24,2,1,30
315,fb25,1,1,30
315,fb26,2,1,30
315,fb27,1,1,30
315,fb28,0,0,30
315,fb29,2,1,30
320,fb0,1,1,30
320,fb1,2,1,30
320,fb2,2,1,30
320,fb3,1,1,30
320,fb4,1,1,30
320,fb5,1,1,30
320,fb6,1,1,30
320,fb7,1,1,30
320,fb8,1,1,30
320,fb9,2,1,30
320,fb10,0,0,30
320,fb11,1,1,30
320,fb12,1,1,30
320,fb13,2,1,30
320,fb14,2,1,30
320,fb15,1,1,30
320,fb16,1,1,30
320,fb17,3,1,30
320,fb18,1,0,30
320,fb19,1,1,30
320,fb20,1,1,30
320,fb21,1,1,30
320,fb22,1,1,30
320,fb23,1,1,30
320,fb24,2,1,30
320,fb25,1,0,30
320,fb26,2,1,30
320,fb27,1,1,30
320,fb28,0,0,30
320,fb29,2,1,30
325,fb0,1,1,30
325,fb1,2,1,30
325,fb2,2,1,30
325,fb3,1,1,30
325,fb4,1,1,30
325,fb5,1,1,30
325,fb6,1,1,30
325,fb7,1,1,30
325,fb8,1,0,30
325,fb9,2,1,30
325,fb10,0,0,30
325,fb11,1,1,30
325,fb12,1,1,30
325,fb13,2,1,30
325,fb14,2,1,30
325,fb15,1,1,30
325,fb16,1,1,30
325,fb17,3,1,30
325,fb18,1,1,30
325,fb19,1,1,30
325,fb20,1,1,30
325,fb21,1,1,30
325,fb22,1,1,30
325,fb23,1,1,30
325,fb24,2,1,30
325,fb25,1,1,30
325,fb26,2,1,30
325,fb27,1,1,30
325,fb28,0,0,30
325,fb29,2,1,30
330,fb0,1,1,30
330,fb1,2,1,30
330,fb2,2,1,30
330,fb3,1,1,30
330,fb4,1,1,30
330,fb5,1,1,30
330,fb6,1,1,30
330,fb7,1,1,30
330,fb8,1,1,30
330,fb9,2,1,30
330,fb10,0,0,30
330,fb11,1,1,30
330,fb12,1,1,30
330,fb13,2,1,30
330,fb14,2,1,30
330,fb15,1,1,30
330,fb16,1,1,30
330,fb17,3,1,30
330,fb18,1,1,30
330,fb19,1,1,30
330,fb20,1,1,30
330,fb21,1,1,30
330,fb22,1,1,30
330,fb23,1,1,30
330,fb24,2,1,30
330,fb25,1,1,30
330,fb26,2,1,30
330,fb27,1,1,30
330,fb28,0,0,30
330,fb29,2,1,30
335,fb0,1,1,30
335,fb1,2,1,30
335,fb2,2,1,30
335,fb3,1,1,30
335,fb4,1,1,30
335,fb5,1,1,30
335,fb6,1,1,30
335,fb7,1,1,30
335,fb8,1,1,30
335,fb9,2,1,30
335,fb10,0,0,30
335,fb11,1,1,30
335,fb12,1,1,30
335,fb13,2,1,30
335,fb14,2,1,30
335,fb15,1,1,30
335,fb16,1,1,30
335,fb17,3,1,30
335,fb18,1,1,30
335,fb19,1,1,30
335,fb20,1,1,30
335,fb21,1,1,30
335,fb22,1,1,30
335,fb23,1,1,30
335,fb24,2,1,30
335,fb25,1,1,30
335,fb26,2,1,30
335,fb27,1,1,30
335,fb28,0,0,30
335,fb29,2,1,30
340,fb0,1,1,30
340,fb1,2,1,30
340,fb2,2,1,30
340,fb3,1,1,30
340,fb4,1,1,30
340,fb5,1,1,30
340,fb6,1,1,30
340,fb7,1,1,30
340,fb8,1,1,30
340,fb9,2,1,30
340,fb10,0,0,30
340,fb11,1,1,30
340,fb12,1,1,30
340,fb13,2,1,30
340,fb14,2,1,30
340,fb15,1,1,30
340,fb16,1,1,30
340,fb17,3,1,30
340,fb18,1,1,30
340,fb19,1,1,30
340,fb20,1,1,30
340,fb21,1,1,30
340,fb22,1,1,30
340,fb23,1,1,30
340,fb24,2,1,30
340,fb25,1,1,30
340,fb26,2,1,30
340,fb27,1,1,30
340,fb28,0,0,30
340,fb29,2,1,30
345,fb0,1,1,30
345,fb1,2,1,30
345,fb2,2,1,30
345,fb3,1,1,30
345,fb4,1,1,30
345,fb5,1,1,30
345,fb6,1,1,30
345,fb7,1,1,30
345,fb8,1,1,30
345,fb9,2,1,30
345,fb10,0,0,30
345,fb11,1,1,30
345,fb12,1,1,30
345,fb13,2,1,30
345,fb14,2,1,30
345,fb15,1,1,30
345,fb16,1,1,30
345,fb17,3,1,30
345,fb18,1,1,30
345,fb19,1,1,30
345,fb20,1,1,30
345,fb21,1,1,30
345,fb22,1,1,30
345,fb23,1,1,30
345,fb24,2,1,30
345,fb25,1,1,30
345,fb26,2,1,30
345,fb27,1,1,30
345,fb28,0,0,30
345,fb29,2,1,30
350,fb0,1,1,30
350,fb1,2,1,30
350,fb2,2,1,30
350,fb3,1,1,30
350,fb4,1,1,30
350,fb5,1,1,30
350,fb6,1,1,30
350,fb7,1,1,30
350,fb8,1,1,30
350,fb9,3,1,30
350,fb10,0,0,30
350,fb11,1,1,30
350,fb12,1,1,30
350,fb13,2,1,30
350,fb14,2,1,30
350,fb15,1,1,30
350,fb16,1,1,30
350,fb17,3,1,30
350,fb18,1,1,30
350,fb19,1,1,30
350,fb20,1,1,30
350,fb21,1,1,30
350,fb22,1,1,30
350,fb23,1,1,30
350,fb24,2,1,30
350,fb25,1,1,30
350,fb26,2,1,30
350,fb27,1,1,30
350,fb28,1,1,30
350,fb29,2,1,30
355,fb0,1,1,30
355,fb1,2,1,30
355,fb2,2,1,30
355,fb3,1,1,30
355,fb4,1,1,30
355,fb5,1,1,30
355,fb6,1,1,30
355,fb7,1,1,30
355,fb8,1,1,30
355,fb9,3,1,30
355,fb10,0,0,30
355,fb11,1,1,30
355,fb12,1,1,30
355,fb13,2,1,30
355,fb14,2,1,30
355,fb15,1,1,30
355,fb16,1,1,30
355,fb17,3,1,30
355,fb18,1,1,30
355,fb19,1,1,30
355,fb20,1,1,30
355,fb21,1,1,30
355,fb22,1,1,30
355,fb23,1,1,30
355,fb24,2,1,30
355,fb25,1,1,30
355,fb26,2,1,30
355,fb27,1,1,30
355,fb28,1,1,30
355,fb29,2,1,30
360,fb0,1,1,30
360,fb1,2,1,30
360,fb2,2,1,30
360,fb3,1,1,30
360,fb4,1,1,30
360,fb5,1,1,30
360,fb6,1,1,30
360,fb7,1,1,30
360,fb8,1,1,30
360,fb9,3,1,30
360,fb10,0,0,30
360,fb11,1,1,30
360,fb12,1,1,30
360,fb13,2,1,30
360,fb14,2,1,30
360,fb15,1,1,30
360,fb16,1,1,30
360,fb17,3,1,30
360,fb18,1,1,30
360,fb19,1,1,30
360,fb20,1,1,30
360,fb21,1,1,30
360,fb22,1,1,30
360,fb23,1,1,30
360,fb24,2,1,30
360,fb25,1,1,30
360,fb26,2,1,30
360,fb27,1,1,30
360,fb28,1,1,30
360,fb29,2,1,30
365,fb0,1,1,30
365,fb1,2,1,30
365,fb2,2,1,30
365,fb3,1,1,30
365,fb4,1,1,30
365,fb5,1,1,30
365,fb6,1,1,30
365,fb7,1,1,30
365,fb8,1,1,30
365,fb9,3,1,30
365,fb10,0,0,30
365,fb11,1,0,30
365,fb12,1,1,30
365,fb13,2,1,30
365,fb14,2,1,30
365,fb15,1,1,30
365,fb16,1,1,30
365,fb17,3,1,30
365,fb18,1,1,30
365,fb19,1,1,30
365,fb20,1,1,30
365,fb21,1,1,30
365,fb22,1,1,30
365,fb23,1,1,30
365,fb24,2,1,30
365,fb25,1,1,30
365,fb26,2,1,30
365,fb27,1,1,30
365,fb28,1,1,30
365,fb29,2,1,30
370,fb0,1,1,30
370,fb1,2,1,30
370,fb2,2,1,30
370,fb3,1,1,30
370,fb4,1,1,30
370,fb5,1,1,30
370,fb6,1,1,30
370,fb7,1,1,30
370,fb8,1,1,30
370,fb9,3,1,30
370,fb10,0,0,30
370,fb11,1,1,30
370,fb12,1,1,30
370,fb13,2,1,30
370,fb14,2,1,30
370,fb15,1,1,30
370,fb16,1,1,30
370,fb17,3,1,30
370,fb18,1,1,30
370,fb19,1,1,30
370,fb20,1,1,30
370,fb21,1,1,30
370,fb22,1,1,30
370,fb23,1,1,30
370,fb24,2,1,30
370,fb25,1,1,30
370,fb26,2,1,30
370,fb27,1,1,30
370,fb28,1,1,30
370,fb29,2,1,30
375,fb0,1,1,30
375,fb1,2,1,30
375,fb2,2,1,30
375,fb3,1,1,30
375,fb4,1,1,30
375,fb5,1,1,30
375,fb6,1,1,30
375,fb7,1,1,30
375,fb8,1,1,30
375,fb9,3,1,30
375,fb10,0,0,30
375,fb11,1,1,30
375,fb12,1,1,30
375,fb13,2,1,30
375,fb14,2,1,30
375,fb15,1,1,30
375,fb16,1,1,30
375,fb17,3,1,30
375,fb18,1,1,30
375,fb19,1,1,30
375,fb20,1,1,30
375,fb21,1,1,30
375,fb22,1,1,30
375,fb23,1,1,30
375,fb24,2,1,30
375,fb25,1,1,30
375,fb26,2,1,30
375,fb27,1,1,30
375,fb28,1,1,30
375,fb29,2,1,30
380,fb0,1,1,30
380,fb1,2,1,30
380,fb2,2,1,30
380,fb3,1,1,30
380,fb4,1,1,30
380,fb5,1,1,30
380,fb6,1,1,30
380,fb7,1,1,30
380,fb8,1,1,30
380,fb9,3,1,30
380,fb10,0,0,30
380,fb11,1,1,30
380,fb12,1,1,30
380,fb13,2,1,30
380,fb14,2,1,30
380,fb15,1,1,30
380,fb16,1,1,30
380,fb17,3,1,30
380,fb18,1,1,30
380,fb19,1,1,30
380,fb20,1,1,30
380,fb21,1,1,30
380,fb22,1,1,30
380,fb23,1,1,30
380,fb24,2,1,30
380,fb25,1,1,30
380,fb26,2,1,30
380,fb27,1,1,30
380,fb28,1,1,30
380,fb29,2,1,30
385,fb0,1,1,30
385,fb1,2,1,30
385,fb2,2,1,30
385,fb3,1,1,30
385,fb4,1,1,30
385,fb5,1,1,30
385,fb6,1,1,30
385,fb7,1,1,30
385,fb8,1,1,30
385,fb9,3,0,30
385,fb10,0,0,30
385,fb11,1,1,30
385,fb12,1,1,30
385,fb13,2,1,30
385,fb14,2,1,30
385,fb15,1,1,30
385,fb16,1,1,30
385,fb17,3,1,30
385,fb18,1,1,30
385,fb19,1,1,30
385,fb20,1,1,30
385,fb21,1,1,30
385,fb22,1,1,30
385,fb23,1,1,30
385,fb24,2,1,30
385,fb25,1,1,30
385,fb26,2,0,30
385,fb27,1,1,30
385,fb28,1,1,30
385,fb29,2,1,30
390,fb0,1,1,30
390,fb1,2,1,30
390,fb2,2,1,30
390,fb3,1,1,30
390,fb4,1,1,30
390,fb5,1,1,30
390,fb6,1,1,30
390,fb7,1,1,30
390,fb8,1,1,30
390,fb9,3,1,30
390,fb10,0,0,30
390,fb11,1,1,30
390,fb12,1,1,30
390,fb13,2,0,30
390,fb14,2,1,30
390,fb15,1,1,30
390,fb16,1,1,30
390,fb17,3,1,30
390,fb18,1,1,30
390,fb19,1,1,30
390,fb20,1,0,30
390,fb21,1,1,30
390,fb22,1,1,30
390,fb23,1,1,30
390,fb24,2,1,30
390,fb25,1,1,30
390,fb26,2,1,30
390,fb27,1,1,30
390,fb28,1,1,30
390,fb29,2,1,30
395,fb0,1,1,30
395,fb1,2,1,30
395,fb2,2,1,30
395,fb3,1,1,30
395,fb4,1,1,30
395,fb5,1,0,30
395,fb6,1,1,30
395,fb7,1,1,30
395,fb8,1,1,30
395,fb9,3,1,30
395,fb10,0,0,30
395,fb11,1,1,30
395,fb12,1,1,30
395,fb13,2,1,30
395,fb14,2,1,30
395,fb15,1,1,30
395,fb16,1,1,30
395,fb17,3,1,30
395,fb18,1,1,30
395,fb19,1,1,30
395,fb20,1,1,30
395,fb21,1,1,30
395,fb22,1,1,30
395,fb23,1,1,30
395,fb24,2,1,30
395,fb25,1,1,30
395,fb26,2,1,30
395,fb27,1,1,30
395,fb28,1,1,30
395,fb29,2,1,30
400,fb0,1,1,30
400,fb1,2,1,30
400,fb2,2,1,30
400,fb3,1,1,30
400,fb4,1,1,30
400,fb5,1,1,30
400,fb6,1,1,30
400,fb7,1,1,30
400,fb8,1,1,30
400,fb9,3,1,30
400,fb10,0,0,30
400,fb11,1,1,30
400,fb12,1,1,30
400,fb13,2,1,30
400,fb14,2,1,30
400,fb15,1,1,30
400,fb16,1,1,30
400,fb17,3,1,30
400,fb18,1,1,30
400,fb19,1,1,30
400,fb20,1,1,30
400,fb21,1,1,30
400,fb22,1,1,30
400,fb23,1,1,30
400,fb24,2,1,30
400,fb25,1,1,30
400,fb26,2,1,30
400,fb27,1,1,30
400,fb28,1,1,30
400,fb29,2,1,30
405,fb0,1,1,30
405,fb1,2,1,30
405,fb2,2,1,30
405,fb3,1,1,30
405,fb4,1,0,30
405,fb5,1,1,30
405,fb6,1,1,30
405,fb7,1,1,30
405,fb8,1,1,30
405,fb9,3,1,30
405,fb10,0,0,30
405,fb11,1,1,30
405,fb12,1,1,30
405,fb13,2,1,30
405,fb14,2,1,30
405,fb15,1,1,30
405,fb16,1,1,30
405,fb17,3,1,30
405,fb18,1,1,30
405,fb19,1,1,30
405,fb20,1,1,30
405,fb21,1,1,30
405,fb22,1,1,30
405,fb23,1,1,30
405,fb24,2,0,30
405,fb25,1,1,30
405,fb26,2,1,30
405,fb27,1,1,30
405,fb28,1,1,30
405,fb29,2,1,30
410,fb0,1,1,30
410,fb1,2,1,30
410,fb2,2,1,30
410,fb3,1,1,30
410,fb4,1,1,30
410,fb5,1,1,30
410,fb6,1,1,30
410,fb7,1,1,30
410,fb8,1,1,30
410,fb9,3,1,30
410,fb10,0,0,30
410,fb11,1,1,30
410,fb12,1,1,30
410,fb13,2,1,30
410,fb14,2,1,30
410,fb15,1,1,30
410,fb16,1,1,30
410,fb17,3,1,30
410,fb18,1,1,30
410,fb19,1,1,30
410,fb20,1,1,30
410,fb21,1,1,30
410,fb22,1,1,30
410,fb23,1,1,30
410,fb24,2,1,30
410,fb25,1,1,30
410,fb26,2,1,30
410,fb27,1,0,30
410,fb28,1,1,30
410,fb29,2,1,30
415,fb0,1,1,30
415,fb1,2,1,30
415,fb2,2,1,30
415,fb3,1,1,30
415,fb4,1,1,30
415,fb5,1,1,30
415,fb6,1,1,30
415,fb7,1,1,30
415,fb8,1,1,30
415,fb9,3,1,30
415,fb10,0,0,30
415,fb11,1,1,30
415,fb12,1,1,30
415,fb13,2,1,30
415,fb14,2,1,30
415,fb15,1,1,30
415,fb16,1,1,30
415,fb17,3,1,30
415,fb18,1,1,30
415,fb19,1,1,30
415,fb20,1,1,30
415,fb21,1,1,30
415,fb22,1,1,30
415,fb23,1,1,30
415,fb24,2,1,30
415,fb25,1,1,30
415,fb26,2,1,30
415,fb27,1,1,30
415,fb28,1,1,30
415,fb29,2,1,30
420,fb0,1,1,30
420,fb1,2,1,30
420,fb2,2,1,30
420,fb3,1,1,30
420,fb4,1,1,30
420,fb5,1,1,30
420,fb6,1,1,30
420,fb7,1,1,30
420,fb8,1,1,30
420,fb9,3,1,30
420,fb10,0,0,30
420,fb11,1,1,30
420,fb12,1,1,30
420,fb13,2,1,30
420,fb14,2,1,30
420,fb15,1,1,30
420,fb16,1,1,30
420,fb17,3,1,30
420,fb18,1,1,30
420,fb19,1,1,30
420,fb20,1,1,30
420,fb21,1,1,30
420,fb22,1,1,30
420,fb23,1,1,30
420,fb24,2,1,30
420,fb25,1,1,30
420,fb26,2,1,30
420,fb27,1,1,30
420,fb28,1,1,30
420,fb29,2,1,30
425,fb0,1,1,30
425,fb1,2,1,30
425,fb2,2,1,30
425,fb3,1,1,30
425,fb4,1,1,30
425,fb5,1,1,30
425,fb6,1,1,30
425,fb7,1,1,30
425,fb8,1,1,30
425,fb9,3,1,30
425,fb10,0,0,30
425,fb11,1,1,30
425,fb12,1,1,30
425,fb13,2,1,30
425,fb14,2,1,30
425,fb15,1,1,30
425,fb16,1,1,30
425,fb17,3,1,30
425,fb18,1,1,30
425,fb19,1,1,30
425,fb20,1,1,30
425,fb21,1,1,30
425,fb22,1,1,30
425,fb23,1,1,30
425,fb24,2,1,30
425,fb25,1,1,30
425,fb26,2,1,30
425,fb27,1,1,30
425,fb28,1,1,30
425,fb29,2,1,30
430,fb0,1,1,30
430,fb1,2,1,30
430,fb2,2,1,30
430,fb3,1,1,30
430,fb4,1,1,30
430,fb5,1,1,30
430,fb6,1,1,30
430,fb7,1,1,30
430,fb8,1,1,30
430,fb9,3,1,30
430,fb10,0,0,30
430,fb11,1,1,30
430,fb12,1,1,30
430,fb13,2,1,30
430,fb14,2,1,30
430,fb15,1,0,30
430,fb16,1,1,30
430,fb17,3,1,30
430,fb18,1,1,30
430,fb19,1,0,30
430,fb20,1,1,30
430,fb21,1,1,30
430,fb22,1,1,30
430,fb23,1,1,30
430,fb24,2,1,30
430,fb25,1,1,30
430,fb26,2,1,30
430,fb27,1,1,30
430,fb28,1,1,30
430,fb29,2,1,30
435,fb0,1,1,30
435,fb1,2,1,30
435,fb2,2,1,30
435,fb3,1,1,30
435,fb4,1,1,30
435,fb5,1,1,30
435,fb6,1,0,30
435,fb7,1,0,30
435,fb8,1,1,30
435,fb9,3,1,30
435,fb10,0,0,30
435,fb11,1,1,30
435,fb12,1,1,30
435,fb13,2,1,30
435,fb14,2,1,30
435,fb15,1,1,30
435,fb16,1,1,30
435,fb17,3,1,30
435,fb18,1,1,30
435,fb19,1,1,30
435,fb20,1,1,30
435,fb21,1,1,30
435,fb22,1,1,30
435,fb23,1,1,30
435,fb24,2,1,30
435,fb25,1,1,30
435,fb26,2,1,30
435,fb27,1,1,30
435,fb28,1,1,30
435,fb29,2,1,30
440,fb0,1,1,30
440,fb1,2,1,30
440,fb2,2,1,30
440,fb3,1,0,30
440,fb4,1,1,30
440,fb5,1,1,30
440,fb6,1,1,30
440,fb7,1,1,30
440,fb8,1,1,30
440,fb9,3,1,30
440,fb10,0,0,30
440,fb11,1,1,30
440,fb12,1,1,30
440,fb13,2,1,30
440,fb14,2,1,30
440,fb15,1,1,30
440,fb16,1,0,30
440,fb17,3,1,30
440,fb18,1,1,30
440,fb19,1,1,30
440,fb20,1,1,30
440,fb21,1,0,30
440,fb22,1,0,30
440,fb23,1,1,30
440,fb24,2,1,30
440,fb25,1,1,30
440,fb26,2,1,30
440,fb27,1,1,30
440,fb28,1,1,30
440,fb29,2,1,30
445,fb0,1,1,30
445,fb1,2,1,30
445,fb2,2,1,30
445,fb3,1,1,30
445,fb4,1,1,30
445,fb5,1,1,30
445,fb6,1,1,30
445,fb7,1,1,30
445,fb8,1,1,30
445,fb9,3,1,30
445,fb10,0,0,30
445,fb11,1,1,30
445,fb12,1,1,30
445,fb13,2,1,30
445,fb14,2,1,30
445,fb15,1,1,30
445,fb16,1,1,30
445,fb17,3,1,30
445,fb18,1,1,30
445,fb19,1,1,30
445,fb20,1,1,30
445,fb21,1,1,30
445,fb22,1,1,30
445,fb23,1,1,30
445,fb24,2,1,30
445,fb25,1,1,30
445,fb26,2,1,30
445,fb27,1,1,30
445,fb28,1,1,30
445,fb29,2,1,30
450,fb0,1,0,30
450,fb1,2,1,30
450,fb2,2,1,30
450,fb3,1,1,30
450,fb4,1,1,30
450,fb5,1,1,30
450,fb6,1,1,30
450,fb7,1,1,30
450,fb8,1,1,30
450,fb9,3,1,30
450,fb10,0,0,30
450,fb11,1,1,30
450,fb12,1,1,30
450,fb13,2,1,30
450,fb14,2,1,30
450,fb15,1,1,30
450,fb16,1,1,30
450,fb17,3,1,30
450,fb18,1,1,30
450,fb19,1,1,30
450,fb20,1,1,30
450,fb21,1,1,30
450,fb22,1,1,30
450,fb23,1,0,30
450,fb24,2,1,30
450,fb25,1,1,30
450,fb26,2,1,30
450,fb27,1,1,30
450,fb28,1,1,30
450,fb29,2,1,30
455,fb0,1,1,30
455,fb1,2,1,30
455,fb2,2,1,30
455,fb3,1,1,30
455,fb4,1,1,30
455,fb5,1,1,30
455,fb6,1,1,30
455,fb7,1,1,30
455,fb8,1,1,30
455,fb9,3,1,30
455,fb10,0,0,30
455,fb11,1,1,30
455,fb12,1,1,30
455,fb13,2,1,30
455,fb14,2,1,30
455,fb15,1,1,30
455,fb16,1,1,30
455,fb17,3,1,30
455,fb18,1,1,30
455,fb19,1,1,30
455,fb20,1,1,30
455,fb21,1,1,30
455,fb22,1,1,30
455,fb23,1,1,30
455,fb24,2,1,30
455,fb25,1,1,30
455,fb26,2,1,30
455,fb27,1,1,30
455,fb28,1,1,30
455,fb29,2,1,30
460,fb0,1,1,30
460,fb1,2,1,30
460,fb2,2,1,30
460,fb3,1,1,30
460,fb4,1,1,30
460,fb5,1,1,30
460,fb6,1,1,30
460,fb7,1,1,30
460,fb8,1,1,30
460,fb9,3,1,30
460,fb10,0,0,30
460,fb11,1,1,30
460,fb12,1,1,30
460,fb13,2,1,30
460,fb14,2,1,30
460,fb15,1,1,30
460,fb16,1,1,30
460,fb17,3,1,30
460,fb18,1,1,30
460,fb19,1,1,30
460,fb20,1,1,30
460,fb21,1,1,30
460,fb22,1,1,30
460,fb23,1,1,30
460,fb24,2,1,30
460,fb25,1,1,30
460,fb26,2,1,30
460,fb27,1,1,30
460,fb28,1,1,30
460,fb29,2,1,30
465,fb0,1,1,30
465,fb1,2,0,30
465,fb2,2,0,30
465,fb3,1,1,30
465,fb4,1,1,30
465,fb5,1,1,30
465,fb6,1,1,30
465,fb7,1,1,30
465,fb8,1,1,30
465,fb9,3,1,30
465,fb10,0,0,30
465,fb11,1,1,30
465,fb12,1,0,30
465,fb13,2,1,30
465,fb14,2,0,30
465,fb15,1,1,30
465,fb16,1,1,30
465,fb17,3,0,30
465,fb18,1,1,30
465,fb19,1,1,30
465,fb20,1,1,30
465,fb21,1,1,30
465,fb22,1,1,30
465,fb23,1,1,30
465,fb24,2,1,30
465,fb25,1,1,30
465,fb26,2,1,30
465,fb27,1,1,30
465,fb28,1,1,30
465,fb29,2,0,30
470,fb0,1,1,30
470,fb1,2,1,30
470,fb2,2,1,30
470,fb3,1,1,30
470,fb4,1,1,30
470,fb5,1,1,30
470,fb6,1,1,30
470,fb7,1,1,30
470,fb8,1,1,30
470,fb9,3,1,30
470,fb10,0,0,30
470,fb11,1,1,30
470,fb12,1,1,30
470,fb13,2,1,30
470,fb14,2,1,30
470,fb15,1,1,30
470,fb16,1,1,30
470,fb17,3,1,30
470,fb18,1,1,30
470,fb19,1,1,30
470,fb20,1,1,30
470,fb21,1,1,30
470,fb22,1,1,30
470,fb23,1,1,30
470,fb24,2,1,30
470,fb25,1,1,30
470,fb26,2,1,30
470,fb27,1,1,30
470,fb28,1,0,30
470,fb29,2,1,30
475,fb0,1,1,30
475,fb1,2,1,30
475,fb2,2,1,30
475,fb3,1,1,30
475,fb4,1,1,30
475,fb5,1,1,30
475,fb6,1,1,30
475,fb7,1,1,30
475,fb8,1,1,30
475,fb9,3,1,30
475,fb10,0,0,30
475,fb11,1,1,30
475,fb12,1,1,30
475,fb13,2,1,30
475,fb14,2,1,30
475,fb15,1,1,30
475,fb16,1,1,30
475,fb17,3,1,30
475,fb18,1,0,30
475,fb19,1,1,30
475,fb20,1,1,30
475,fb21,1,1,30
475,fb22,1,1,30
475,fb23,1,1,30
475,fb24,2,1,30
475,fb25,1,0,30
475,fb26,2,1,30
475,fb27,1,1,30
475,fb28,1,1,30
475,fb29,2,1,30
480,fb0,1,1,30
480,fb1,2,1,30
480,fb2,2,1,30
480,fb3,1,1,30
480,fb4,1,1,30
480,fb5,1,1,30
480,fb6,1,1,30
480,fb7,1,1,30
480,fb8,1,0,30
480,fb9,3,1,30
480,fb10,0,0,30
480,fb11,1,1,30
480,fb12,1,1,30
480,fb13,2,1,30
480,fb14,2,1,30
480,fb15,1,1,30
480,fb16,1,1,30
480,fb17,3,1,30
480,fb18,1,1,30
480,fb19,1,1,30
480,fb20,1,1,30
480,fb21,1,1,30
480,fb22,1,1,30
480,fb23,1,1,30
480,fb24,2,1,30
480,fb25,1,1,30
480,fb26,2,1,30
480,fb27,1,1,30
480,fb28,1,1,30
480,fb29,2,1,30
485,fb0,1,1,30
485,fb1,2,1,30
485,fb2,2,1,30
485,fb3,1,1,30
485,fb4,1,1,30
485,fb5,1,1,30
485,fb6,1,1,30
485,fb7,1,1,30
485,fb8,1,1,30
485,fb9,3,1,30
485,fb10,0,0,30
485,fb11,1,1,30
485,fb12,1,1,30
485,fb13,2,1,30
485,fb14,2,1,30
485,fb15,1,1,30
485,fb16,1,1,30
485,fb17,3,1,30
485,fb18,1,1,30
485,fb19,1,1,30
485,fb20,1,1,30
485,fb21,1,1,30
485,fb22,1,1,30
485,fb23,1,1,30
485,fb24,2,1,30
485,fb25,1,1,30
485,fb26,2,1,30
485,fb27,1,1,30
485,fb28,1,1,30
485,fb29,2,1,30
490,fb0,1,1,30
490,fb1,2,1,30
490,fb2,2,1,30
490,fb3,1,1,30
490,fb4,1,1,30
490,fb5,1,1,30
490,fb6,1,1,30
490,fb7,1,1,30
490,fb8,1,1,30
490,fb9,3,1,30
490,fb10,0,0,30
490,fb11,1,1,30
490,fb12,1,1,30
490,fb13,2,1,30
490,fb14,2,1,30
490,fb15,1,1,30
490,fb16,1,1,30
490,fb17,3,1,30
490,fb18,1,1,30
490,fb19,1,1,30
490,fb20,1,1,30
490,fb21,1,1,30
490,fb22,1,1,30
490,fb23,1,1,30
490,fb24,2,1,30
490,fb25,1,1,30
490,fb26,2,1,30
490,fb27,1,1,30
490,fb28,1,1,30
490,fb29,2,1,30
495,fb0,1,1,30
495,fb1,2,1,30
495,fb2,2,1,30
495,fb3,1,1,30
495,fb4,1,1,30
495,fb5,1,1,30
495,fb6,1,1,30
495,fb7,1,1,30
495,fb8,1,1,30
495,fb9,3,1,30
495,fb10,0,0,30
495,fb11,1,1,30
495,fb12,1,1,30
495,fb13,2,1,30
495,fb14,2,1,30
495,fb15,1,1,30
495,fb16,1,1,30
495,fb17,3,1,30
495,fb18,1,1,30
495,fb19,1,1,30
495,fb20,1,1,30
495,fb21,1,1,30
495,fb22,1,1,30
495,fb23,1,1,30
495,fb24,2,1,30
495,fb25,1,1,30
495,fb26,2,1,30
495,fb27,1,1,30
495,fb28,1,1,30
495,fb29,2,1,30
500,fb0,1,1,30
500,fb1,2,1,30
500,fb2,2,1,30
500,fb3,1,1,30
500,fb4,1,1,30
500,fb5,1,1,30
500,fb6,1,1,30
500,fb7,1,1,30
500,fb8,1,1,30
500,fb9,3,1,30
500,fb10,0,0,30
500,fb11,1,1,30
500,fb12,1,1,30
500,fb13,2,1,30
500,fb14,2,1,30
500,fb15,1,1,30
500,fb16,1,1,30
500,fb17,3,1,30
500,fb18,1,1,30
500,fb19,1,1,30
500,fb20,1,1,30
500,fb21,1,1,30
500,fb22,1,1,30
500,fb23,1,1,30
500,fb24,2,1,30
500,fb25,1,1,30
500,fb26,2,1,30
500,fb27,1,1,30
500,fb28,1,1,30
500,fb29,2,1,30
505,fb0,1,1,30
505,fb1,2,1,30
505,fb2,2,1,30
505,fb3,1,1,30
505,fb4,1,1,30
505,fb5,1,1,30
505,fb6,1,1,30
505,fb7,1,1,30
505,fb8,1,1,30
505,fb9,3,1,30
505,fb10,0,0,30
505,fb11,1,1,30
505,fb12,1,1,30
505,fb13,2,1,30
505,fb14,2,1,30
505,fb15,1,1,30
505,fb16,1,1,30
505,fb17,3,1,30
505,fb18,1,1,30
505,fb19,1,1,30
505,fb20,1,1,30
505,fb21,1,1,30
505,fb22,1,1,30
505,fb23,1,1,30
505,fb24,2,1,30
505,fb25,1,1,30
505,fb26,2,1,30
505,fb27,1,1,30
505,fb28,1,1,30
505,fb29,2,1,30
510,fb0,1,1,30
510,fb1,2,1,30
510,fb2,2,1,30
510,fb3,1,1,30
510,fb4,1,1,30
510,fb5,1,1,30
510,fb6,1,1,30
510,fb7,1,1,30
510,fb8,1,1,30
510,fb9,3,1,30
510,fb10,0,0,30
510,fb11,1,1,30
510,fb12,1,1,30
510,fb13,2,1,30
510,fb14,2,1,30
510,fb15,1,1,30
510,fb16,1,1,30
510,fb17,3,1,30
510,fb18,1,1,30
510,fb19,1,1,30
510,fb20,1,1,30
510,fb21,1,1,30
510,fb22,1,1,30
510,fb23,1,1,30
510,fb24,2,1,30
510,fb25,1,1,30
510,fb26,2,1,30
510,fb27,1,1,30
510,fb28,1,1,30
510,fb29,2,1,30
515,fb0,1,1,30
515,fb1,2,1,30
515,fb2,2,1,30
515,fb3,1,1,30
515,fb4,1,1,30
515,fb5,1,1,30
515,fb6,1,1,30
515,fb7,1,1,30
515,fb8,1,1,30
515,fb9,3,1,30
515,fb10,0,0,30
515,fb11,1,1,30
515,fb12,1,1,30
515,fb13,2,1,30
515,fb14,2,1,30
515,fb15,1,1,30
515,fb16,1,1,30
515,fb17,3,1,30
515,fb18,1,1,30
515,fb19,1,1,30
515,fb20,1,1,30
515,fb21,1,1,30
515,fb22,1,1,30
515,fb23,1,1,30
515,fb24,2,1,30
515,fb25,1,1,30
515,fb26,2,1,30
515,fb27,1,1,30
515,fb28,1,1,30
515,fb29,2,1,30
520,fb0,1,1,30
520,fb1,2,1,30
520,fb2,2,1,30
520,fb3,1,1,30
520,fb4,1,1,30
520,fb5,1,1,30
520,fb6,1,1,30
520,fb7,1,1,30
520,fb8,1,1,30
520,fb9,3,1,30
520,fb10,0,0,30
520,fb11,1,0,30
520,fb12,1,1,30
520,fb13,2,1,30
520,fb14,2,1,30
520,fb15,1,1,30
520,fb16,1,1,30
520,fb17,3,1,30
520,fb18,1,1,30
520,fb19,1,1,30
520,fb20,1,1,30
520,fb21,1,1,30
520,fb22,1,1,30
520,fb23,1,1,30
520,fb24,2,1,30
520,fb25,1,1,30
520,fb26,2,1,30
520,fb27,1,1,30
520,fb28,1,1,30
520,fb29,2,1,30
525,fb0,1,1,30
525,fb1,2,1,30
525,fb2,2,1,30
525,fb3,1,1,30
525,fb4,1,1,30
525,fb5,1,1,30
525,fb6,1,1,30
525,fb7,1,1,30
525,fb8,1,1,30
525,fb9,3,1,30
525,fb10,0,0,30
525,fb11,1,1,30
525,fb12,1,1,30
525,fb13,2,1,30
525,fb14,2,1,30
525,fb15,1,1,30
525,fb16,1,1,30
525,fb17,3,1,30
525,fb18,1,1,30
525,fb19,1,1,30
525,fb20,1,1,30
525,fb21,1,1,30
525,fb22,1,1,30
525,fb23,1,1,30
525,fb24,2,1,30
525,fb25,1,1,30
525,fb26,2,1,30
525,fb27,1,1,30
525,fb28,1,1,30
525,fb29,2,1,30
530,fb0,1,1,30
530,fb1,2,1,30
530,fb2,2,1,30
530,fb3,1,1,30
530,fb4,1,1,30
530,fb5,1,1,30
530,fb6,1,1,30
530,fb7,1,1,30
530,fb8,1,1,30
530,fb9,3,1,30
530,fb10,0,0,30
530,fb11,1,1,30
530,fb12,1,1,30
530,fb13,2,1,30
530,fb14,2,1,30
530,fb15,1,1,30
530,fb16,1,1,30
530,fb17,3,1,30
530,fb18,1,1,30
530,fb19,1,1,30
530,fb20,1,1,30
530,fb21,1,1,30
530,fb22,1,1,30
530,fb23,1,1,30
530,fb24,2,1,30
530,fb25,1,1,30
530,fb26,2,1,30
530,fb27,1,1,30
530,fb28,1,1,30
530,fb29,2,1,30
535,fb0,1,1,30
535,fb1,2,1,30
535,fb2,2,1,30
535,fb3,1,1,30
535,fb4,1,1,30
535,fb5,1,1,30
535,fb6,1,1,30
535,fb7,1,1,30
535,fb8,1,1,30
535,fb9,3,1,30
535,fb10,0,0,30
535,fb11,1,1,30
535,fb12,1,1,30
535,fb13,2,1,30
535,fb14,2,1,30
535,fb15,1,1,30
535,fb16,1,1,30
535,fb17,3,1,30
535,fb18,1,1,30
535,fb19,1,1,30
535,fb20,1,1,30
535,fb21,1,1,30
535,fb22,1,1,30
535,fb23,1,1,30
535,fb24,2,1,30
535,fb25,1,1,30
535,fb26,2,1,30
535,fb27,1,1,30
535,fb28,1,1,30
535,fb29,2,1,30
540,fb0,1,1,30
540,fb1,2,1,30
540,fb2,2,1,30
540,fb3,1,1,30
540,fb4,1,1,30
540,fb5,1,1,30
540,fb6,1,1,30
540,fb7,1,1,30
540,fb8,1,1,30
540,fb9,3,0,30
540,fb10,0,0,30
540,fb11,1,1,30
540,fb12,1,1,30
540,fb13,2,1,30
540,fb14,2,1,30
540,fb15,1,1,30
540,fb16,1,1,30
540,fb17,3,1,30
540,fb18,1,1,30
540,fb19,1,1,30
540,fb20,1,1,30
540,fb21,1,1,30
540,fb22,1,1,30
540,fb23,1,1,30
540,fb24,2,1,30
540,fb25,1,1,30
540,fb26,2,0,30
540,fb27,1,1,30
540,fb28,1,1,30
540,fb29,2,1,30
545,fb0,1,1,30
545,fb1,2,1,30
545,fb2,2,1,30
545,fb3,1,1,30
545,fb4,1,1,30
545,fb5,1,1,30
545,fb6,1,1,30
545,fb7,1,1,30
545,fb8,1,1,30
545,fb9,3,1,30
545,fb10,0,0,30
545,fb11,1,1,30
545,fb12,1,1,30
545,fb13,2,0,30
545,fb14,2,1,30
545,fb15,1,1,30
545,fb16,1,1,30
545,fb17,3,1,30
545,fb18,1,1,30
545,fb19,1,1,30
545,fb20,1,0,30
545,fb21,1,1,30
545,fb22,1,1,30
545,fb23,1,1,30
545,fb24,2,1,30
545,fb25,1,1,30
545,fb26,2,1,30
545,fb27,1,1,30
545,fb28,1,1,30
545,fb29,2,1,30
550,fb0,1,1,30
550,fb1,2,1,30
550,fb2,2,1,30
550,fb3,1,1,30
550,fb4,1,1,30
550,fb5,1,0,30
550,fb6,1,1,30
550,fb7,1,1,30
550,fb8,1,1,30
550,fb9,3,1,30
550,fb10,0,0,30
550,fb11,1,1,30
550,fb12,1,1,30
550,fb13,2,1,30
550,fb14,2,1,30
550,fb15,1,1,30
550,fb16,1,1,30
550,fb17,3,1,30
550,fb18,1,1,30
550,fb19,1,1,30
550,fb20,1,1,30
550,fb21,1,1,30
550,fb22,1,1,30
550,fb23,1,1,30
550,fb24,2,1,30
550,fb25,1,1,30
550,fb26,2,1,30
550,fb27,1,1,30
550,fb28,1,1,30
550,fb29,2,1,30
555,fb0,1,1,30
555,fb1,2,1,30
555,fb2,2,1,30
555,fb3,1,1,30
555,fb4,1,1,30
555,fb5,1,1,30
555,fb6,1,1,30
555,fb7,1,1,30
555,fb8,1,1,30
555,fb9,3,1,30
555,fb10,0,0,30
555,fb11,1,1,30
555,fb12,1,1,30
555,fb13,2,1,30
555,fb14,2,1,30
555,fb15,1,1,30
555,fb16,1,1,30
555,fb17,3,1,30
555,fb18,1,1,30
555,fb19,1,1,30
555,fb20,1,1,30
555,fb21,1,1,30
555,fb22,1,1,30
555,fb23,1,1,30
555,fb24,2,1,30
555,fb25,1,1,30
555,fb26,2,1,30
555,fb27,1,1,30
555,fb28,1,1,30
555,fb29,2,1,30
560,fb0,1,1,30
560,fb1,2,1,30
560,fb2,2,1,30
560,fb3,1,1,30
560,fb4,1,0,30
560,fb5,1,1,30
560,fb6,1,1,30
560,fb7,1,1,30
560,fb8,1,1,30
560,fb9,3,1,30
560,fb10,0,0,30
560,fb11,1,1,30
560,fb12,1,1,30
560,fb13,2,1,30
560,fb14,2,1,30
560,fb15,1,1,30
560,fb16,1,1,30
560,fb17,3,1,30
560,fb18,1,1,30
560,fb19,1,1,30
560,fb20,1,1,30
560,fb21,1,1,30
560,fb22,1,1,30
560,fb23,1,1,30
560,fb24,2,0,30
560,fb25,1,1,30
560,fb26,2,1,30
560,fb27,1,1,30
560,fb28,1,1,30
560,fb29,2,1,30
565,fb0,1,1,30
565,fb1,2,1,30
565,fb2,2,1,30
565,fb3,1,1,30
565,fb4,1,1,30
565,fb5,1,1,30
565,fb6,1,1,30
565,fb7,1,1,30
565,fb8,1,1,30
565,fb9,3,1,30
565,fb10,0,0,30
565,fb11,1,1,30
565,fb12,1,1,30
565,fb13,2,1,30
565,fb14,2,1,30
565,fb15,1,1,30
565,fb16,1,1,30
565,fb17,3,1,30
565,fb18,1,1,30
565,fb19,1,1,30
565,fb20,1,1,30
565,fb21,1,1,30
565,fb22,1,1,30
565,fb23,1,1,30
565,fb24,2,1,30
565,fb25,1,1,30
565,fb26,2,1,30
565,fb27,1,0,30
565,fb28,1,1,30
565,fb29,2,1,30
570,fb0,1,1,30
570,fb1,2,1,30
570,fb2,2,1,30
570,fb3,1,1,30
570,fb4,1,1,30
570,fb5,1,1,30
570,fb6,1,1,30
570,fb7,1,1,30
570,fb8,1,1,30
570,fb9,3,1,30
570,fb10,0,0,30
570,fb11,1,1,30
570,fb12,1,1,30
570,fb13,2,1,30
570,fb14,2,1,30
570,fb15,1,1,30
570,fb16,1,1,30
570,fb17,3,1,30
570,fb18,1,1,30
570,fb19,1,1,30
570,fb20,1,1,30
570,fb21,1,1,30
570,fb22,1,1,30
570,fb23,1,1,30
570,fb24,2,1,30
570,fb25,1,1,30
570,fb26,2,1,30
570,fb27,1,1,30
570,fb28,1,1,30
570,fb29,2,1,30
575,fb0,1,1,30
575,fb1,2,1,30
575,fb2,2,1,30
575,fb3,1,1,30
575,fb4,1,1,30
575,fb5,1,1,30
575,fb6,1,1,30
575,fb7,1,1,30
575,fb8,1,1,30
575,fb9,3,1,30
575,fb10,0,0,30
575,fb11,1,1,30
575,fb12,1,1,30
575,fb13,2,1,30
575,fb14,2,1,30
575,fb15,1,1,30
575,fb16,1,1,30
575,fb17,3,1,30
575,fb18,1,1,30
575,fb19,1,1,30
575,fb20,1,1,30
575,fb21,1,1,30
575,fb22,1,1,30
575,fb23,1,1,30
575,fb24,2,1,30
575,fb25,1,1,30
575,fb26,2,1,30
575,fb27,1,1,30
575,fb28,1,1,30
575,fb29,2,1,30
580,fb0,1,1,30
580,fb1,2,1,30
580,fb2,2,1,30
580,fb3,1,1,30
580,fb4,1,1,30
580,fb5,1,1,30
580,fb6,1,1,30
580,fb7,1,1,30
580,fb8,1,1,30
580,fb9,3,1,30
580,fb10,0,0,30
580,fb11,1,1,30
580,fb12,1,1,30
580,fb13,2,1,30
580,fb14,2,1,30
580,fb15,1,1,30
580,fb16,1,1,30
580,fb17,3,1,30
580,fb18,1,1,30
580,fb19,1,1,30
580,fb20,1,1,30
580,fb21,1,1,30
580,fb22,1,1,30
580,fb23,1,1,30
580,fb24,2,1,30
580,fb25,1,1,30
580,fb26,2,1,30
580,fb27,1,1,30
580,fb28,1,1,30
580,fb29,2,1,30
585,fb0,1,1,30
585,fb1,2,1,30
585,fb2,2,1,30
585,fb3,1,1,30
585,fb4,1,1,30
585,fb5,1,1,30
585,fb6,1,1,30
585,fb7,1,1,30
585,fb8,1,1,30
585,fb9,3,1,30
585,fb10,0,0,30
585,fb11,1,1,30
585,fb12,1,1,30
585,fb13,2,1,30
585,fb14,2,1,30
585,fb15,1,0,30
585,fb16,1,1,30
585,fb17,3,1,30
585,fb18,1,1,30
585,fb19,1,0,30
585,fb20,1,1,30
585,fb21,1,1,30
585,fb22,1,1,30
585,fb23,1,1,30
585,fb24,2,1,30
585,fb25,1,1,30
585,fb26,2,1,30
585,fb27,1,1,30
585,fb28,1,1,30
585,fb29,2,1,30
590,fb0,1,1,30
590,fb1,2,1,30
590,fb2,2,1,30
590,fb3,1,1,30
590,fb4,1,1,30
590,fb5,1,1,30
590,fb6,1,0,30
590,fb7,1,0,30
590,fb8,1,1,30
590,fb9,3,1,30
590,fb10,0,0,30
590,fb11,1,1,30
590,fb12,1,1,30
590,fb13,2,1,30
590,fb14,2,1,30
590,fb15,1,1,30
590,fb16,1,1,30
590,fb17,3,1,30
590,fb18,1,1,30
590,fb19,1,1,30
590,fb20,1,1,30
590,fb21,1,1,30
590,fb22,1,1,30
590,fb23,1,1,30
590,fb24,2,1,30
590,fb25,1,1,30
590,fb26,2,1,30
590,fb27,1,1,30
590,fb28,1,1,30
590,fb29,2,1,30
595,fb0,1,1,30
595,fb1,2,1,30
595,fb2,2,1,30
595,fb3,1,0,30
595,fb4,1,1,30
595,fb5,1,1,30
595,fb6,1,1,30
595,fb7,1,1,30
595,fb8,1,1,30
595,fb9,3,1,30
595,fb10,0,0,30
595,fb11,1,1,30
595,fb12,1,1,30
595,fb13,2,1,30
595,fb14,2,1,30
595,fb15,1,1,30
595,fb16,1,0,30
595,fb17,3,1,30
595,fb18,1,1,30
595,fb19,1,1,30
595,fb20,1,1,30
595,fb21,1,0,30
595,fb22,1,0,30
595,fb23,1,1,30
595,fb24,2,1,30
595,fb25,1,1,30
595,fb26,2,1,30
595,fb27,1,1,30
595,fb28,1,1,30
595,fb29,2,1,30
600,fb0,1,1,30
600,fb1,2,1,30
600,fb2,2,1,30
600,fb3,1,1,30
600,fb4,1,1,30
600,fb5,1,1,30
600,fb6,1,1,30
600,fb7,1,1,30
600,fb8,1,1,30
600,fb9,3,1,30
600,fb10,0,0,30
600,fb11,1,1,30
600,fb12,1,1,30
600,fb13,2,1,30
600,fb14,2,1,30
600,fb15,1,1,30
600,fb16,1,1,30
600,fb17,3,1,30
600,fb18,1,1,30
600,fb19,1,1,30
600,fb20,1,1,30
600,fb21,1,1,30
600,fb22,1,1,30
600,fb23,1,1,30
600,fb24,2,1,30
600,fb25,1,1,30
600,fb26,2,1,30
600,fb27,1,1,30
600,fb28,1,1,30
600,fb29,2,1,30
605,fb0,1,0,30
605,fb1,2,1,30
605,fb2,2,1,30
605,fb3,1,1,30
605,fb4,1,1,30
605,fb5,1,1,30
605,fb6,1,1,30
605,fb7,1,1,30
605,fb8,1,1,30
605,fb9,3,1,30
605,fb10,0,0,30
605,fb11,1,1,30
605,fb12,1,1,30
605,fb13,2,1,30
605,fb14,2,1,30
605,fb15,1,1,30
605,fb16,1,1,30
605,fb17,3,1,30
605,fb18,1,1,30
605,fb19,1,1,30
605,fb20,1,1,30
605,fb21,1,1,30
605,fb22,1,1,30
605,fb23,1,0,30
605,fb24,2,1,30
605,fb25,1,1,30
605,fb26,2,1,30
605,fb27,1,1,30
605,fb28,1,1,30
605,fb29,2,1,30
610,fb0,1,1,30
610,fb1,2,1,30
610,fb2,2,1,30
610,fb3,1,1,30
610,fb4,1,1,30
610,fb5,1,1,30
610,fb6,1,1,30
610,fb7,1,1,30
610,fb8,1,1,30
610,fb9,3,1,30
610,fb10,0,0,30
610,fb11,1,1,30
610,fb12,1,1,30
610,fb13,2,1,30
610,fb14,2,1,30
610,fb15,1,1,30
610,fb16,1,1,30
610,fb17,3,1,30
610,fb18,1,1,30
610,fb19,1,1,30
610,fb20,1,1,30
610,fb21,1,1,30
610,fb22,1,1,30
610,fb23,1,1,30
610,fb24,2,1,30
610,fb25,1,1,30
610,fb26,2,1,30
610,fb27,1,1,30
610,fb28,1,1,30
610,fb29,2,1,30
615,fb0,1,1,30
615,fb1,2,1,30
615,fb2,2,1,30
615,fb3,1,1,30
615,fb4,1,1,30
615,fb5,1,1,30
615,fb6,1,1,30
615,fb7,1,1,30
615,fb8,1,1,30
615,fb9,3,1,30
615,fb10,0,0,30
615,fb11,1,1,30
615,fb12,1,1,30
615,fb13,2,1,30
615,fb14,2,1,30
615,fb15,1,1,30
615,fb16,1,1,30
615,fb17,3,1,30
615,fb18,1,1,30
615,fb19,1,1,30
615,fb20,1,1,30
615,fb21,1,1,30
615,fb22,1,1,30
615,fb23,1,1,30
615,fb24,2,1,30
615,fb25,1,1,30
615,fb26,2,1,30
615,fb27,1,1,30
615,fb28,1,1,30
615,fb29,2,1,30
620,fb0,1,1,30
620,fb1,2,0,30
620,fb2,2,0,30
620,fb3,1,1,30
620,fb4,1,1,30
620,fb5,1,1,30
620,fb6,1,1,30
620,fb7,1,1,30
620,fb8,1,1,30
620,fb9,3,1,30
620,fb10,0,0,30
620,fb11,1,1,30
620,fb12,1,0,30
620,fb13,2,1,30
620,fb14,2,0,30
620,fb15,1,1,30
620,fb16,1,1,30
620,fb17,3,0,30
620,fb18,1,1,30
620,fb19,1,1,30
620,fb20,1,1,30
620,fb21,1,1,30
620,fb22,1,1,30
620,fb23,1,1,30
620,fb24,2,1,30
620,fb25,1,1,30
620,fb26,2,1,30
620,fb27,1,1,30
620,fb28,1,1,30
620,fb29,2,0,30
625,fb0,1,1,30
625,fb1,2,1,30
625,fb2,2,1,30
625,fb3,1,1,30
625,fb4,1,1,30
625,fb5,1,1,30
625,fb6,1,1,30
625,fb7,1,1,30
625,fb8,1,1,30
625,fb9,3,1,30
625,fb10,0,0,30
625,fb11,1,1,30
625,fb12,1,1,30
625,fb13,2,1,30
625,fb14,2,1,30
625,fb15,1,1,30
625,fb16,1,1,30
625,fb17,3,1,30
625,fb18,1,1,30
625,fb19,1,1,30
625,fb20,1,1,30
625,fb21,1,1,30
625,fb22,1,1,30
625,fb23,1,1,30
625,fb24,2,1,30
625,fb25,1,1,30
625,fb26,2,1,30
625,fb27,1,1,30
625,fb28,1,0,30
625,fb29,2,1,30
630,fb0,1,1,30
630,fb1,2,1,30
630,fb2,2,1,30
630,fb3,1,1,30
630,fb4,1,1,30
630,fb5,1,1,30
630,fb6,1,1,30
630,fb7,1,1,30
630,fb8,1,1,30
630,fb9,3,1,30
630,fb10,0,0,30
630,fb11,1,1,30
630,fb12,1,1,30
630,fb13,2,1,30
630,fb14,2,1,30
630,fb15,1,1,30
630,fb16,1,1,30
630,fb17,3,1,30
630,fb18,1,0,30
630,fb19,1,1,30
630,fb20,1,1,30
630,fb21,1,1,30
630,fb22,1,1,30
630,fb23,1,1,30
630,fb24,2,1,30
630,fb25,1,0,30
630,fb26,2,1,30
630,fb27,1,1,30
630,fb28,1,1,30
630,fb29,2,1,30
635,fb0,1,1,30
635,fb1,2,1,30
635,fb2,2,1,30
635,fb3,1,1,30
635,fb4,1,1,30
635,fb5,1,1,30
635,fb6,1,1,30
635,fb7,1,1,30
635,fb8,1,0,30
635,fb9,3,1,30
635,fb10,0,0,30
635,fb11,1,1,30
635,fb12,1,1,30
635,fb13,2,1,30
635,fb14,2,1,30
635,fb15,1,1,30
635,fb16,1,1,30
635,fb17,3,1,30
635,fb18,1,1,30
635,fb19,1,1,30
635,fb20,1,1,30
635,fb21,1,1,30
635,fb22,1,1,30
635,fb23,1,1,30
635,fb24,2,1,30
635,fb25,1,1,30
635,fb26,2,1,30
635,fb27,1,1,30
635,fb28,1,1,30
635,fb29,2,1,30
640,fb0,1,1,30
640,fb1,2,1,30
640,fb2,2,1,30
640,fb3,1,1,30
640,fb4,1,1,30
640,fb5,1,1,30
640,fb6,1,1,30
640,fb7,1,1,30
640,fb8,1,1,30
640,fb9,3,1,30
640,fb10,0,0,30
640,fb11,1,1,30
640,fb12,1,1,30
640,fb13,2,1,30
640,fb14,2,1,30
640,fb15,1,1,30
640,fb16,1,1,30
640,fb17,3,1,30
640,fb18,1,1,30
640,fb19,1,1,30
640,fb20,1,1,30
640,fb21,1,1,30
640,fb22,1,1,30
640,fb23,1,1,30
640,fb24,2,1,30
640,fb25,1,1,30
640,fb26,2,1,30
640,fb27,1,1,30
640,fb28,1,1,30
640,fb29,2,1,30
645,fb0,1,1,30
645,fb1,2,1,30
645,fb2,2,1,30
645,fb3,1,1,30
645,fb4,1,1,30
645,fb5,1,1,30
645,fb6,1,1,30
645,fb7,1,1,30
645,fb8,1,1,30
645,fb9,3,1,30
645,fb10,0,0,30
645,fb11,1,1,30
645,fb12,1,1,30
645,fb13,2,1,30
645,fb14,2,1,30
645,fb15,1,1,30
645,fb16,1,1,30
645,fb17,3,1,30
645,fb18,1,1,30
645,fb19,1,1,30
645,fb20,1,1,30
645,fb21,1,1,30
645,fb22,1,1,30
645,fb23,1,1,30
645,fb24,2,1,30
645,fb25,1,1,30
645,fb26,2,1,30
645,fb27,1,1,30
645,fb28,1,1,30
645,fb29,2,1,30
650,fb0,1,1,30
650,fb1,2,1,30
650,fb2,2,1,30
650,fb3,1,1,30
650,fb4,1,1,30
650,fb5,1,1,30
650,fb6,1,1,30
650,fb7,1,1,30
650,fb8,1,1,30
650,fb9,3,1,30
650,fb10,0,0,30
650,fb11,1,1,30
650,fb12,1,1,30
650,fb13,2,1,30
650,fb14,2,1,30
650,fb15,1,1,30
650,fb16,1,1,30
650,fb17,3,1,30
650,fb18,1,1,30
650,fb19,1,1,30
650,fb20,1,1,30
650,fb21,1,1,30
650,fb22,1,1,30
650,fb23,1,1,30
650,fb24,2,1,30
650,fb25,1,1,30
650,fb26,2,1,30
650,fb27,1,1,30
650,fb28,1,1,30
650,fb29,2,1,30
655,fb0,1,1,30
655,fb1,2,1,30
655,fb2,2,1,30
655,fb3,1,1,30
655,fb4,1,1,30
655,fb5,1,1,30
655,fb6,1,1,30
655,fb7,1,1,30
655,fb8,1,1,30
655,fb9,3,1,30
655,fb10,0,0,30
655,fb11,1,1,30
655,fb12,1,1,30
655,fb13,2,1,30
655,fb14,2,1,30
655,fb15,1,1,30
655,fb16,1,1,30
655,fb17,3,1,30
655,fb18,1,1,30
655,fb19,1,1,30
655,fb20,1,1,30
655,fb21,1,1,30
655,fb22,1,1,30
655,fb23,1,1,30
655,fb24,2,1,30
655,fb25,1,1,30
655,fb26,2,1,30
655,fb27,1,1,30
655,fb28,1,1,30
655,fb29,2,1,30
660,fb0,1,1,30
660,fb1,2,1,30
660,fb2,2,1,30
660,fb3,1,1,30
660,fb4,1,1,30
660,fb5,1,1,30
660,fb6,1,1,30
660,fb7,1,1,30
660,fb8,1,1,30
660,fb9,3,1,30
660,fb10,0,0,30
660,fb11,1,1,30
660,fb12,1,1,30
660,fb13,2,1,30
660,fb14,2,1,30
660,fb15,1,1,30
660,fb16,1,1,30
660,fb17,3,1,30
660,fb18,1,1,30
660,fb19,1,1,30
660,fb20,1,1,30
660,fb21,1,1,30
660,fb22,1,1,30
660,fb23,1,1,30
660,fb24,2,1,30
660,fb25,1,1,30
660,fb26,2,1,30
660,fb27,1,1,30
660,fb28,1,1,30
660,fb29,2,1,30
665,fb0,1,1,30
665,fb1,2,1,30
665,fb2,2,1,30
665,fb3,1,1,30
665,fb4,1,1,30
665,fb5,1,1,30
665,fb6,1,1,30
665,fb7,1,1,30
665,fb8,1,1,30
665,fb9,3,1,30
665,fb10,0,0,30
665,fb11,1,1,30
665,fb12,1,1,30
665,fb13,2,1,30
665,fb14,2,1,30
665,fb15,1,1,30
665,fb16,1,1,30
665,fb17,3,1,30
665,fb18,1,1,30
665,fb19,1,1,30
665,fb20,1,1,30
665,fb21,1,1,30
665,fb22,1,1,30
665,fb23,1,1,30
665,fb24,2,1,30
665,fb25,1,1,30
665,fb26,2,1,30
665,fb27,1,1,30
665,fb28,1,1,30
665,fb29,2,1,30
670,fb0,1,1,30
670,fb1,2,1,30
670,fb2,2,1,30
670,fb3,1,1,30
670,fb4,1,1,30
670,fb5,1,1,30
670,fb6,1,1,30
670,fb7,1,1,30
670,fb8,1,1,30
670,fb9,3,1,30
670,fb10,0,0,30
670,fb11,1,1,30
670,fb12,1,1,30
670,fb13,2,1,30
670,fb14,2,1,30
670,fb15,1,1,30
670,fb16,1,1,30
670,fb17,3,1,30
670,fb18,1,1,30
670,fb19,1,1,30
670,fb20,1,1,30
670,fb21,1,1,30
670,fb22,1,1,30
670,fb23,1,1,30
670,fb24,2,1,30
670,fb25,1,1,30
670,fb26,2,1,30
670,fb27,1,1,30
670,fb28,1,1,30
670,fb29,2,1,30
675,fb0,1,1,30
675,fb1,2,1,30
675,fb2,2,1,30
675,fb3,1,1,30
675,fb4,1,1,30
675,fb5,1,1,30
675,fb6,1,1,30
675,fb7,1,1,30
675,fb8,1,1,30
675,fb9,3,1,30
675,fb10,0,0,30
675,fb11,1,0,30
675,fb12,1,1,30
675,fb13,2,1,30
675,fb14,2,1,30
675,fb15,1,1,30
675,fb16,1,1,30
675,fb17,3,1,30
675,fb18,1,1,30
675,fb19,1,1,30
675,fb20,1,1,30
675,fb21,1,1,30
675,fb22,1,1,30
675,fb23,1,1,30
675,fb24,2,1,30
675,fb25,1,1,30
675,fb26,2,1,30
675,fb27,1,1,30
675,fb28,1,1,30
675,fb29,2,1,30
680,fb0,1,1,30
680,fb1,2,1,30
680,fb2,2,1,30
680,fb3,1,1,30
680,fb4,1,1,30
680,fb5,1,1,30
680,fb6,1,1,30
680,fb7,1,1,30
680,fb8,1,1,30
680,fb9,3,1,30
680,fb10,0,0,30
680,fb11,1,1,30
680,fb12,1,1,30
680,fb13,2,1,30
680,fb14,2,1,30
680,fb15,1,1,30
680,fb16,1,1,30
680,fb17,3,1,30
680,fb18,1,1,30
680,fb19,1,1,30
680,fb20,1,1,30
680,fb21,1,1,30
680,fb22,1,1,30
680,fb23,1,1,30
680,fb24,2,1,30
680,fb25,1,1,30
680,fb26,2,1,30
680,fb27,1,1,30
680,fb28,1,1,30
680,fb29,2,1,30
685,fb0,1,1,30
685,fb1,2,1,30
685,fb2,2,1,30
685,fb3,1,1,30
685,fb4,1,1,30
685,fb5,1,1,30
685,fb6,1,1,30
685,fb7,1,1,30
685,fb8,1,1,30
685,fb9,3,1,30
685,fb10,0,0,30
685,fb11,1,1,30
685,fb12,1,1,30
685,fb13,2,1,30
685,fb14,2,1,30
685,fb15,1,1,30
685,fb16,1,1,30
685,fb17,3,1,30
685,fb18,1,1,30
685,fb19,1,1,30
685,fb20,1,1,30
685,fb21,1,1,30
685,fb22,1,1,30
685,fb23,1,1,30
685,fb24,2,1,30
685,fb25,1,1,30
685,fb26,2,1,30
685,fb27,1,1,30
685,fb28,1,1,30
685,fb29,2,1,30
690,fb0,1,1,30
690,fb1,2,1,30
690,fb2,2,1,30
690,fb3,1,1,30
690,fb4,1,1,30
690,fb5,1,1,30
690,fb6,1,1,30
690,fb7,1,1,30
690,fb8,1,1,30
690,fb9,3,1,30
690,fb10,0,0,30
690,fb11,1,1,30
690,fb12,1,1,30
690,fb13,2,1,30
690,fb14,2,1,30
690,fb15,1,1,30
690,fb16,1,1,30
690,fb17,3,1,30
690,fb18,1,1,30
690,fb19,1,1,30
690,fb20,1,1,30
690,fb21,1,1,30
690,fb22,1,1,30
690,fb23,1,1,30
690,fb24,2,1,30
690,fb25,1,1,30
690,fb26,2,1,30
690,fb27,1,1,30
690,fb28,1,1,30
690,fb29,2,1,30
695,fb0,1,1,30
695,fb1,2,1,30
695,fb2,2,1,30
695,fb3,1,1,30
695,fb4,1,1,30
695,fb5,1,1,30
695,fb6,1,1,30
695,fb7,1,1,30
695,fb8,1,1,30
695,fb9,3,0,30
695,fb10,0,0,30
695,fb11,1,1,30
695,fb12,1,1,30
695,fb13,2,1,30
695,fb14,2,1,30
695,fb15,1,1,30
695,fb16,1,1,30
695,fb17,3,1,30
695,fb18,1,1,30
695,fb19,1,1,30
695,fb20,1,1,30
695,fb21,1,1,30
695,fb22,1,1,30
695,fb23,1,1,30
695,fb24,2,1,30
695,fb25,1,1,30
695,fb26,2,0,30
695,fb27,1,1,30
695,fb28,1,1,30
695,fb29,2,1,30
700,fb0,1,1,30
700,fb1,2,1,30
700,fb2,2,1,30
700,fb3,1,1,30
700,fb4,1,1,30
700,fb5,1,1,30
700,fb6,1,1,30
700,fb7,1,1,30
700,fb8,1,1,30
700,fb9,3,1,30
700,fb10,0,0,30
700,fb11,1,1,30
700,fb12,1,1,30
700,fb13,2,0,30
700,fb14,2,1,30
700,fb15,1,1,30
700,fb16,1,1,30
700,fb17,3,1,30
700,fb18,1,1,30
700,fb19,1,1,30
700,fb20,1,0,30
700,fb21,1,1,30
700,fb22,1,1,30
700,fb23,1,1,30
700,fb24,2,1,30
700,fb25,1,1,30
700,fb26,2,1,30
700,fb27,1,1,30
700,fb28,1,1,30
700,fb29,2,1,30
705,fb0,1,1,30
705,fb1,2,1,30
705,fb2,2,1,30
705,fb3,1,1,30
705,fb4,1,1,30
705,fb5,1,0,30
705,fb6,1,1,30
705,fb7,1,1,30
705,fb8,1,1,30
705,fb9,3,1,30
705,fb10,0,0,30
705,fb11,1,1,30
705,fb12,1,1,30
705,fb13,2,1,30
705,fb14,2,1,30
705,fb15,1,1,30
705,fb16,1,1,30
705,fb17,3,1,30
705,fb18,1,1,30
705,fb19,1,1,30
705,fb20,1,1,30
705,fb21,1,1,30
705,fb22,1,1,30
705,fb23,1,1,30
705,fb24,2,1,30
705,fb25,1,1,30
705,fb26,2,1,30
705,fb27,1,1,30
705,fb28,1,1,30
705,fb29,2,1,30
710,fb0,1,1,30
710,fb1,2,1,30
710,fb2,2,1,30
710,fb3,1,1,30
710,fb4,1,1,30
710,fb5,1,1,30
710,fb6,1,1,30
710,fb7,1,1,30
710,fb8,1,1,30
710,fb9,3,1,30
710,fb10,0,0,30
710,fb11,1,1,30
710,fb12,1,1,30
710,fb13,2,1,30
710,fb14,2,1,30
710,fb15,1,1,30
710,fb16,1,1,30
710,fb17,3,1,30
710,fb18,1,1,30
710,fb19,1,1,30
710,fb20,1,1,30
710,fb21,1,1,30
710,fb22,1,1,30
710,fb23,1,1,30
710,fb24,2,1,30
710,fb25,1,1,30
710,fb26,2,1,30
710,fb27,1,1,30
710,fb28,1,1,30
710,fb29,2,1,30
715,fb0,1,1,30
715,fb1,2,1,30
715,fb2,2,1,30
715,fb3,1,1,30
715,fb4,1,0,30
715,fb5,1,1,30
715,fb6,1,1,30
715,fb7,1,1,30
715,fb8,1,1,30
715,fb9,3,1,30
715,fb10,0,0,30
715,fb11,1,1,30
715,fb12,1,1,30
715,fb13,2,1,30
715,fb14,2,1,30
715,fb15,1,1,30
715,fb16,1,1,30
715,fb17,3,1,30
715,fb18,1,1,30
715,fb19,1,1,30
715,fb20,1,1,30
715,fb21,1,1,30
715,fb22,1,1,30
715,fb23,1,1,30
715,fb24,2,0,30
715,fb25,1,1,30
715,fb26,2,1,30
715,fb27,1,1,30
715,fb28,1,1,30
715,fb29,2,1,30
720,fb0,1,1,30
720,fb1,2,1,30
720,fb2,2,1,30
720,fb3,1,1,30
720,fb4,1,1,30
720,fb5,1,1,30
720,fb6,1,1,30
720,fb7,1,1,30
720,fb8,1,1,30
720,fb9,3,1,30
720,fb10,0,0,30
720,fb11,1,1,30
720,fb12,1,1,30
720,fb13,2,1,30
720,fb14,2,1,30
720,fb15,1,1,30
720,fb16,1,1,30
720,fb17,3,1,30
720,fb18,1,1,30
720,fb19,1,1,30
720,fb20,1,1,30
720,fb21,1,1,30
720,fb22,1,1,30
720,fb23,1,1,30
720,fb24,2,1,30
720,fb25,1,1,30
720,fb26,2,1,30
720,fb27,1,0,30
720,fb28,1,1,30
720,fb29,2,1,30
725,fb0,1,1,30
725,fb1,2,1,30
725,fb2,2,1,30
725,fb3,1,1,30
725,fb4,1,1,30
725,fb5,1,1,30
725,fb6,1,1,30
725,fb7,1,1,30
725,fb8,1,1,30
725,fb9,3,1,30
725,fb10,0,0,30
725,fb11,1,1,30
725,fb12,1,1,30
725,fb13,2,1,30
725,fb14,2,1,30
725,fb15,1,1,30
725,fb16,1,1,30
725,fb17,3,1,30
725,fb18,1,1,30
725,fb19,1,1,30
725,fb20,1,1,30
725,fb21,1,1,30
725,fb22,1,1,30
725,fb23,1,1,30
725,fb24,2,1,30
725,fb25,1,1,30
725,fb26,2,1,30
725,fb27,1,1,30
725,fb28,1,1,30
725,fb29,2,1,30
730,fb0,1,1,30
730,fb1,2,1,30
730,fb2,2,1,30
730,fb3,1,1,30
730,fb4,1,1,30
730,fb5,1,1,30
730,fb6,1,1,30
730,fb7,1,1,30
730,fb8,1,1,30
730,fb9,3,1,30
730,fb10,0,0,30
730,fb11,1,1,30
730,fb12,1,1,30
730,fb13,2,1,30
730,fb14,2,1,30
730,fb15,1,1,30
730,fb16,1,1,30
730,fb17,3,1,30
730,fb18,1,1,30
730,fb19,1,1,30
730,fb20,1,1,30
730,fb21,1,1,30
730,fb22,1,1,30
730,fb23,1,1,30
730,fb24,2,1,30
730,fb25,1,1,30
730,fb26,2,1,30
730,fb27,1,1,30
730,fb28,1,1,30
730,fb29,2,1,30
735,fb0,1,1,30
735,fb1,2,1,30
735,fb2,2,1,30
735,fb3,1,1,30
735,fb4,1,1,30
735,fb5,1,1,30
735,fb6,1,1,30
735,fb7,1,1,30
735,fb8,1,1,30
735,fb9,3,1,30
735,fb10,0,0,30
735,fb11,1,1,30
735,fb12,1,1,30
735,fb13,2,1,30
735,fb14,2,1,30
735,fb15,1,1,30
735,fb16,1,1,30
735,fb17,3,1,30
735,fb18,1,1,30
735,fb19,1,1,30
735,fb20,1,1,30
735,fb21,1,1,30
735,fb22,1,1,30
735,fb23,1,1,30
735,fb24,2,1,30
735,fb25,1,1,30
735,fb26,2,1,30
735,fb27,1,1,30
735,fb28,1,1,30
735,fb29,2,1,30
740,fb0,1,1,30
740,fb1,2,1,30
740,fb2,2,1,30
740,fb3,1,1,30
740,fb4,1,1,30
740,fb5,1,1,30
740,fb6,1,1,30
740,fb7,1,1,30
740,fb8,1,1,30
740,fb9,3,1,30
740,fb10,1,1,30
740,fb11,1,1,30
740,fb12,1,1,30
740,fb13,2,1,30
740,fb14,2,1,30
740,fb15,1,0,30
740,fb16,1,1,30
740,fb17,3,1,30
740,fb18,1,1,30
740,fb19,1,0,30
740,fb20,1,1,30
740,fb21,1,1,30
740,fb22,2,1,30
740,fb23,1,1,30
740,fb24,2,1,30
740,fb25,1,1,30
740,fb26,2,1,30
740,fb27,1,1,30
740,fb28,1,1,30
740,fb29,2,1,30
745,fb0,1,1,30
745,fb1,2,1,30
745,fb2,2,1,30
745,fb3,1,1,30
745,fb4,1,1,30
745,fb5,1,1,30
745,fb6,1,0,30
745,fb7,1,0,30
745,fb8,1,1,30
745,fb9,3,1,30
745,fb10,1,1,30
745,fb11,1,1,30
745,fb12,1,1,30
745,fb13,2,1,30
745,fb14,2,1,30
745,fb15,1,1,30
745,fb16,1,1,30
745,fb17,3,1,30
745,fb18,1,1,30
745,fb19,1,1,30
745,fb20,1,1,30
745,fb21,1,1,30
745,fb22,2,1,30
745,fb23,1,1,30
745,fb24,2,1,30
745,fb25,1,1,30
745,fb26,2,1,30
745,fb27,1,1,30
745,fb28,1,1,30
745,fb29,2,1,30
750,fb0,1,1,30
750,fb1,2,1,30
750,fb2,2,1,30
750,fb3,1,0,30
750,fb4,1,1,30
750,fb5,1,1,30
750,fb6,1,1,30
750,fb7,1,1,30
750,fb8,1,1,30
750,fb9,3,1,30
750,fb10,1,1,30
750,fb11,1,1,30
750,fb12,1,1,30
750,fb13,2,1,30
750,fb14,2,1,30
750,fb15,1,1,30
750,fb16,1,0,30
750,fb17,3,1,30
750,fb18,1,1,30
750,fb19,1,1,30
750,fb20,1,1,30
750,fb21,1,0,30
750,fb22,2,0,30
750,fb23,1,1,30
750,fb24,2,1,30
750,fb25,1,1,30
750,fb26,2,1,30
750,fb27,1,1,30
750,fb28,1,1,30
750,fb29,2,1,30
755,fb0,1,1,30
755,fb1,2,1,30
755,fb2,2,1,30
755,fb3,1,1,30
755,fb4,1,1,30
755,fb5,1,1,30
755,fb6,1,1,30
755,fb7,1,1,30
755,fb8,1,1,30
755,fb9,3,1,30
755,fb10,1,1,30
755,fb11,1,1,30
755,fb12,1,1,30
755,fb13,2,1,30
755,fb14,2,1,30
755,fb15,1,1,30
755,fb16,1,1,30
755,fb17,3,1,30
755,fb18,1,1,30
755,fb19,1,1,30
755,fb20,1,1,30
755,fb21,1,1,30
755,fb22,2,1,30
755,fb23,1,1,30
755,fb24,2,1,30
755,fb25,1,1,30
755,fb26,2,1,30
755,fb27,1,1,30
755,fb28,1,1,30
755,fb29,2,1,30
760,fb0,1,0,30
760,fb1,2,1,30
760,fb2,2,1,30
760,fb3,1,1,30
760,fb4,1,1,30
760,fb5,1,1,30
760,fb6,1,1,30
760,fb7,1,1,30
760,fb8,1,1,30
760,fb9,3,1,30
760,fb10,1,1,30
760,fb11,1,1,30
760,fb12,1,1,30
760,fb13,2,1,30
760,fb14,2,1,30
760,fb15,1,1,30
760,fb16,1,1,30
760,fb17,3,1,30
760,fb18,1,1,30
760,fb19,1,1,30
760,fb20,1,1,30
760,fb21,1,1,30
760,fb22,2,1,30
760,fb23,1,0,30
760,fb24,2,1,30
760,fb25,1,1,30
760,fb26,2,1,30
760,fb27,1,1,30
760,fb28,1,1,30
760,fb29,2,1,30
765,fb0,1,1,30
765,fb1,2,1,30
765,fb2,2,1,30
765,fb3,1,1,30
765,fb4,1,1,30
765,fb5,1,1,30
765,fb6,1,1,30
765,fb7,1,1,30
765,fb8,1,1,30
765,fb9,3,1,30
765,fb10,1,1,30
765,fb11,1,1,30
765,fb12,1,1,30
765,fb13,2,1,30
765,fb14,2,1,30
765,fb15,1,1,30
765,fb16,1,1,30
765,fb17,3,1,30
765,fb18,1,1,30
765,fb19,1,1,30
765,fb20,1,1,30
765,fb21,1,1,30
765,fb22,2,1,30
765,fb23,1,1,30
765,fb24,2,1,30
765,fb25,1,1,30
765,fb26,2,1,30
765,fb27,1,1,30
765,fb28,1,1,30
765,fb29,2,1,30
770,fb0,1,1,30
770,fb1,2,1,30
770,fb2,2,1,30
770,fb3,1,1,30
770,fb4,1,1,30
770,fb5,1,1,30
770,fb6,1,1,30
770,fb7,1,1,30
770,fb8,1,1,30
770,fb9,3,1,30
770,fb10,1,0,30
770,fb11,1,1,30
770,fb12,1,1,30
770,fb13,2,1,30
770,fb14,2,1,30
770,fb15,1,1,30
770,fb16,1,1,30
770,fb17,3,1,30
770,fb18,1,1,30
770,fb19,1,1,30
770,fb20,1,1,30
770,fb21,1,1,30
770,fb22,2,1,30
770,fb23,1,1,30
770,fb24,2,1,30
770,fb25,1,1,30
770,fb26,2,1,30
770,fb27,1,1,30
770,fb28,1,1,30
770,fb29,2,1,30
775,fb0,1,1,30
775,fb1,2,0,30
775,fb2,2,0,30
775,fb3,1,1,30
775,fb4,1,1,30
775,fb5,1,1,30
775,fb6,1,1,30
775,fb7,1,1,30
775,fb8,1,1,30
775,fb9,3,1,30
775,fb10,1,1,30
775,fb11,1,1,30
775,fb12,1,0,30
775,fb13,2,1,30
775,fb14,2,0,30
775,fb15,1,1,30
775,fb16,1,1,30
775,fb17,3,0,30
775,fb18,1,1,30
775,fb19,1,1,30
775,fb20,1,1,30
775,fb21,1,1,30
775,fb22,2,1,30
775,fb23,1,1,30
775,fb24,2,1,30
775,fb25,1,1,30
775,fb26,2,1,30
775,fb27,1,1,30
775,fb28,1,1,30
775,fb29,2,0,30
780,fb0,1,1,30
780,fb1,2,1,30
780,fb2,2,1,30
780,fb3,1,1,30
780,fb4,1,1,30
780,fb5,1,1,30
780,fb6,1,1,30
780,fb7,1,1,30
780,fb8,1,1,30
780,fb9,3,1,30
780,fb10,1,1,30
780,fb11,1,1,30
780,fb12,1,1,30
780,fb13,2,1,30
780,fb14,2,1,30
780,fb15,1,1,30
780,fb16,1,1,30
780,fb17,3,1,30
780,fb18,1,1,30
780,fb19,1,1,30
780,fb20,1,1,30
780,fb21,1,1,30
780,fb22,2,1,30
780,fb23,1,1,30
780,fb24,2,1,30
780,fb25,1,1,30
780,fb26,2,1,30
780,fb27,1,1,30
780,fb28,1,0,30
780,fb29,2,1,30
785,fb0,1,1,30
785,fb1,2,1,30
785,fb2,2,1,30
785,fb3,1,1,30
785,fb4,1,1,30
785,fb5,1,1,30
785,fb6,1,1,30
785,fb7,1,1,30
785,fb8,1,1,30
785,fb9,3,1,30
785,fb10,1,1,30
785,fb11,1,1,30
785,fb12,1,1,30
785,fb13,2,1,30
785,fb14,2,1,30
785,fb15,1,1,30
785,fb16,1,1,30
785,fb17,3,1,30
785,fb18,1,0,30
785,fb19,1,1,30
785,fb20,1,1,30
785,fb21,1,1,30
785,fb22,2,1,30
785,fb23,1,1,30
785,fb24,2,1,30
785,fb25,1,0,30
785,fb26,2,1,30
785,fb27,1,1,30
785,fb28,1,1,30
785,fb29,2,1,30
790,fb0,1,1,30
790,fb1,2,1,30
790,fb2,2,1,30
790,fb3,1,1,30
790,fb4,1,1,30
790,fb5,1,1,30
790,fb6,1,1,30
790,fb7,1,1,30
790,fb8,1,0,30
790,fb9,3,1,30
790,fb10,1,1,30
790,fb11,1,1,30
790,fb12,1,1,30
790,fb13,2,1,30
790,fb14,2,1,30
790,fb15,1,1,30
790,fb16,1,1,30
790,fb17,3,1,30
790,fb18,1,1,30
790,fb19,1,1,30
790,fb20,1,1,30
790,fb21,1,1,30
790,fb22,2,1,30
790,fb23,1,1,30
790,fb24,2,1,30
790,fb25,1,1,30
790,fb26,2,1,30
790,fb27,1,1,30
790,fb28,1,1,30
790,fb29,2,1,30
795,fb0,1,1,30
795,fb1,2,1,30
795,fb2,2,1,30
795,fb3,1,1,30
795,fb4,1,1,30
795,fb5,1,1,30
795,fb6,1,1,30
795,fb7,1,1,30
795,fb8,1,1,30
795,fb9,3,1,30
795,fb10,1,1,30
795,fb11,1,1,30
795,fb12,1,1,30
795,fb13,2,1,30
795,fb14,2,1,30
795,fb15,1,1,30
795,fb16,1,1,30
795,fb17,3,1,30
795,fb18,1,1,30
795,fb19,1,1,30
795,fb20,1,1,30
795,fb21,1,1,30
795,fb22,2,1,30
795,fb23,1,1,30
795,fb24,2,1,30
795,fb25,1,1,30
795,fb26,2,1,30
795,fb27,1,1,30
795,fb28,1,1,30
795,fb29,2,1,30
800,fb0,1,1,30
800,fb1,2,1,30
800,fb2,2,1,30
800,fb3,1,1,30
800,fb4,1,1,30
800,fb5,1,1,30
800,fb6,1,1,30
800,fb7,1,1,30
800,fb8,1,1,30
800,fb9,3,1,30
800,fb10,1,1,30
800,fb11,1,1,30
800,fb12,1,1,30
800,fb13,2,1,30
800,fb14,2,1,30
800,fb15,1,1,30
800,fb16,1,1,30
800,fb17,3,1,30
800,fb18,1,1,30
800,fb19,1,1,30
800,fb20,1,1,30
800,fb21,1,1,30
800,fb22,2,1,30
800,fb23,1,1,30
800,fb24,2,1,30
800,fb25,1,1,30
800,fb26,2,1,30
800,fb27,1,1,30
800,fb28,1,1,30
800,fb29,2,1,30
805,fb0,1,1,30
805,fb1,2,1,30
805,fb2,2,1,30
805,fb3,1,1,30
805,fb4,1,1,30
805,fb5,1,1,30
805,fb6,1,1,30
805,fb7,1,1,30
805,fb8,1,1,30
805,fb9,3,1,30
805,fb10,1,1,30
805,fb11,1,1,30
805,fb12,1,1,30
805,fb13,2,1,30
805,fb14,2,1,30
805,fb15,1,1,30
805,fb16,1,1,30
805,fb17,3,1,30
805,fb18,1,1,30
805,fb19,1,1,30
805,fb20,1,1,30
805,fb21,1,1,30
805,fb22,2,1,30
805,fb23,1,1,30
805,fb24,2,1,30
805,fb25,1,1,30
805,fb26,2,1,30
805,fb27,1,1,30
805,fb28,1,1,30
805,fb29,2,1,30
810,fb0,1,1,30
810,fb1,2,1,30
810,fb2,2,1,30
810,fb3,1,1,30
810,fb4,1,1,30
810,fb5,1,1,30
810,fb6,1,1,30
810,fb7,1,1,30
810,fb8,1,1,30
810,fb9,3,1,30
810,fb10,1,1,30
810,fb11,1,1,30
810,fb12,1,1,30
810,fb13,2,1,30
810,fb14,2,1,30
810,fb15,1,1,30
810,fb16,1,1,30
810,fb17,3,1,30
810,fb18,1,1,30
810,fb19,1,1,30
810,fb20,1,1,30
810,fb21,1,1,30
810,fb22,2,1,30
810,fb23,1,1,30
810,fb24,2,1,30
810,fb25,1,1,30
810,fb26,2,1,30
810,fb27,1,1,30
810,fb28,1,1,30
810,fb29,2,1,30
815,fb0,1,1,30
815,fb1,2,1,30
815,fb2,2,1,30
815,fb3,1,1,30
815,fb4,1,1,30
815,fb5,1,1,30
815,fb6,1,1,30
815,fb7,1,1,30
815,fb8,1,1,30
815,fb9,3,1,30
815,fb10,1,1,30
815,fb11,1,1,30
815,fb12,1,1,30
815,fb13,2,1,30
815,fb14,2,1,30
815,fb15,1,1,30
815,fb16,1,1,30
815,fb17,3,1,30
815,fb18,1,1,30
815,fb19,1,1,30
815,fb20,1,1,30
815,fb21,1,1,30
815,fb22,2,1,30
815,fb23,1,1,30
815,fb24,2,1,30
815,fb25,1,1,30
815,fb26,2,1,30
815,fb27,1,1,30
815,fb28,1,1,30
815,fb29,2,1,30
820,fb0,1,1,30
820,fb1,2,1,30
820,fb2,2,1,30
820,fb3,1,1,30
820,fb4,1,1,30
820,fb5,1,1,30
820,fb6,1,1,30
820,fb7,1,1,30
820,fb8,1,1,30
820,fb9,3,1,30
820,fb10,1,1,30
820,fb11,1,1,30
820,fb12,1,1,30
820,fb13,2,1,30
820,fb14,2,1,30
820,fb15,1,1,30
820,fb16,1,1,30
820,fb17,3,1,30
820,fb18,1,1,30
820,fb19,1,1,30
820,fb20,1,1,30
820,fb21,1,1,30
820,fb22,2,1,30
820,fb23,1,1,30
820,fb24,2,1,30
820,fb25,1,1,30
820,fb26,2,1,30
820,fb27,1,1,30
820,fb28,1,1,30
820,fb29,2,1,30
825,fb0,1,1,30
825,fb1,2,1,30
825,fb2,2,1,30
825,fb3,1,1,30
825,fb4,1,1,30
825,fb5,1,1,30
825,fb6,1,1,30
825,fb7,1,1,30
825,fb8,1,1,30
825,fb9,3,1,30
825,fb10,1,1,30
825,fb11,1,1,30
825,fb12,1,1,30
825,fb13,2,1,30
825,fb14,2,1,30
825,fb15,1,1,30
825,fb16,1,1,30
825,fb17,3,1,30
825,fb18,1,1,30
825,fb19,1,1,30
825,fb20,1,1,30
825,fb21,1,1,30
825,fb22,2,1,30
825,fb23,1,1,30
825,fb24,2,1,30
825,fb25,1,1,30
825,fb26,2,1,30
825,fb27,1,1,30
825,fb28,1,1,30
825,fb29,2,1,30
830,fb0,1,1,30
830,fb1,2,1,30
830,fb2,2,1,30
830,fb3,1,1,30
830,fb4,1,1,30
830,fb5,1,1,30
830,fb6,1,1,30
830,fb7,1,1,30
830,fb8,1,1,30
830,fb9,3,1,30
830,fb10,1,1,30
830,fb11,1,0,30
830,fb12,1,1,30
830,fb13,2,1,30
830,fb14,2,1,30
830,fb15,1,1,30
830,fb16,1,1,30
830,fb17,3,1,30
830,fb18,1,1,30
830,fb19,1,1,30
830,fb20,1,1,30
830,fb21,1,1,30
830,fb22,2,1,30
830,fb23,1,1,30
830,fb24,2,1,30
830,fb25,1,1,30
830,fb26,2,1,30
830,fb27,1,1,30
830,fb28,1,1,30
830,fb29,2,1,30
835,fb0,1,1,30
835,fb1,2,1,30
835,fb2,2,1,30
835,fb3,1,1,30
835,fb4,1,1,30
835,fb5,1,1,30
835,fb6,1,1,30
835,fb7,1,1,30
835,fb8,1,1,30
835,fb9,3,1,30
835,fb10,1,1,30
835,fb11,1,1,30
835,fb12,1,1,30
835,fb13,2,1,30
835,fb14,2,1,30
835,fb15,1,1,30
835,fb16,1,1,30
835,fb17,3,1,30
835,fb18,1,1,30
835,fb19,1,1,30
835,fb20,1,1,30
835,fb21,1,1,30
835,fb22,2,1,30
835,fb23,1,1,30
835,fb24,2,1,30
835,fb25,1,1,30
835,fb26,2,1,30
835,fb27,1,1,30
835,fb28,1,1,30
835,fb29,2,1,30
840,fb0,1,1,30
840,fb1,2,1,30
840,fb2,2,1,30
840,fb3,1,1,30
840,fb4,1,1,30
840,fb5,1,1,30
840,fb6,1,1,30
840,fb7,1,1,30
840,fb8,1,1,30
840,fb9,3,1,30
840,fb10,1,1,30
840,fb11,1,1,30
840,fb12,1,1,30
840,fb13,2,1,30
840,fb14,2,1,30
840,fb15,1,1,30
840,fb16,1,1,30
840,fb17,3,1,30
840,fb18,1,1,30
840,fb19,1,1,30
840,fb20,1,1,30
840,fb21,1,1,30
840,fb22,2,1,30
840,fb23,1,1,30
840,fb24,2,1,30
840,fb25,1,1,30
840,fb26,2,1,30
840,fb27,1,1,30
840,fb28,1,1,30
840,fb29,2,1,30
845,fb0,1,1,30
845,fb1,2,1,30
845,fb2,2,1,30
845,fb3,1,1,30
845,fb4,1,1,30
845,fb5,1,1,30
845,fb6,1,1,30
845,fb7,1,1,30
845,fb8,1,1,30
845,fb9,3,1,30
845,fb10,1,1,30
845,fb11,1,1,30
845,fb12,1,1,30
845,fb13,2,1,30
845,fb14,2,1,30
845,fb15,1,1,30
845,fb16,1,1,30
845,fb17,3,1,30
845,fb18,1,1,30
845,fb19,1,1,30
845,fb20,1,1,30
845,fb21,1,1,30
845,fb22,2,1,30
845,fb23,1,1,30
845,fb24,2,1,30
845,fb25,1,1,30
845,fb26,2,1,30
845,fb27,1,1,30
845,fb28,1,1,30
845,fb29,2,1,30
850,fb0,1,1,30
850,fb1,2,1,30
850,fb2,2,1,30
850,fb3,1,1,30
850,fb4,1,1,30
850,fb5,1,1,30
850,fb6,1,1,30
850,fb7,1,1,30
850,fb8,1,1,30
850,fb9,3,0,30
850,fb10,1,1,30
850,fb11,1,1,30
850,fb12,1,1,30
850,fb13,2,1,30
850,fb14,2,1,30
850,fb15,1,1,30
850,fb16,1,1,30
850,fb17,3,1,30
850,fb18,1,1,30
850,fb19,1,1,30
850,fb20,1,1,30
850,fb21,1,1,30
850,fb22,2,1,30
850,fb23,1,1,30
850,fb24,2,1,30
850,fb25,1,1,30
850,fb26,2,0,30
850,fb27,1,1,30
850,fb28,1,1,30
850,fb29,2,1,30
855,fb0,1,1,30
855,fb1,2,1,30
855,fb2,2,1,30
855,fb3,1,1,30
855,fb4,1,1,30
855,fb5,1,1,30
855,fb6,1,1,30
855,fb7,1,1,30
855,fb8,1,1,30
855,fb9,3,1,30
855,fb10,1,1,30
855,fb11,1,1,30
855,fb12,1,1,30
855,fb13,2,0,30
855,fb14,2,1,30
855,fb15,1,1,30
855,fb16,1,1,30
855,fb17,3,1,30
855,fb18,1,1,30
855,fb19,1,1,30
855,fb20,1,0,30
855,fb21,1,1,30
855,fb22,2,1,30
855,fb23,1,1,30
855,fb24,2,1,30
855,fb25,1,1,30
855,fb26,2,1,30
855,fb27,1,1,30
855,fb28,1,1,30
855,fb29,2,1,30
860,fb0,1,1,30
860,fb1,2,1,30
860,fb2,2,1,30
860,fb3,1,1,30
860,fb4,1,1,30
860,fb5,1,0,30
860,fb6,1,1,30
860,fb7,1,1,30
860,fb8,1,1,30
860,fb9,3,1,30
860,fb10,1,1,30
860,fb11,1,1,30
860,fb12,1,1,30
860,fb13,2,1,30
860,fb14,2,1,30
860,fb15,1,1,30
860,fb16,1,1,30
860,fb17,3,1,30
860,fb18,1,1,30
860,fb19,1,1,30
860,fb20,1,1,30
860,fb21,1,1,30
860,fb22,2,1,30
860,fb23,1,1,30
860,fb24,2,1,30
860,fb25,1,1,30
860,fb26,2,1,30
860,fb27,1,1,30
860,fb28,1,1,30
860,fb29,2,1,30
865,fb0,1,1,30
865,fb1,2,1,30
865,fb2,2,1,30
865,fb3,1,1,30
865,fb4,1,1,30
865,fb5,1,1,30
865,fb6,1,1,30
865,fb7,1,1,30
865,fb8,1,1,30
865,fb9,3,1,30
865,fb10,1,1,30
865,fb11,1,1,30
865,fb12,1,1,30
865,fb13,2,1,30
865,fb14,2,1,30
865,fb15,1,1,30
865,fb16,1,1,30
865,fb17,3,1,30
865,fb18,1,1,30
865,fb19,1,1,30
865,fb20,1,1,30
865,fb21,1,1,30
865,fb22,2,1,30
865,fb23,1,1,30
865,fb24,2,1,30
865,fb25,1,1,30
865,fb26,2,1,30
865,fb27,1,1,30
865,fb28,1,1,30
865,fb29,2,1,30
870,fb0,1,1,30
870,fb1,2,1,30
870,fb2,2,1,30
870,fb3,1,1,30
870,fb4,1,0,30
870,fb5,1,1,30
870,fb6,1,1,30
870,fb7,1,1,30
870,fb8,1,1,30
870,fb9,3,1,30
870,fb10,1,1,30
870,fb11,1,1,30
870,fb12,1,1,30
870,fb13,2,1,30
870,fb14,2,1,30
870,fb15,1,1,30
870,fb16,1,1,30
870,fb17,3,1,30
870,fb18,1,1,30
870,fb19,1,1,30
870,fb20,1,1,30
870,fb21,1,1,30
870,fb22,2,1,30
870,fb23,1,1,30
870,fb24,2,0,30
870,fb25,1,1,30
870,fb26,2,1,30
870,fb27,1,1,30
870,fb28,1,1,30
870,fb29,2,1,30
875,fb0,1,1,30
875,fb1,2,1,30
875,fb2,2,1,30
875,fb3,1,1,30
875,fb4,1,1,30
875,fb5,1,1,30
875,fb6,1,1,30
875,fb7,1,1,30
875,fb8,1,1,30
875,fb9,3,1,30
875,fb10,1,1,30
875,fb11,1,1,30
875,fb12,1,1,30
875,fb13,2,1,30
875,fb14,2,1,30
875,fb15,1,1,30
875,fb16,1,1,30
875,fb17,3,1,30
875,fb18,1,1,30
875,fb19,1,1,30
875,fb20,1,1,30
875,fb21,1,1,30
875,fb22,2,1,30
875,fb23,1,1,30
875,fb24,2,1,30
875,fb25,1,1,30
875,fb26,2,1,30
875,fb27,1,0,30
875,fb28,1,1,30
875,fb29,2,1,30
880,fb0,1,1,30
880,fb1,2,1,30
880,fb2,2,1,30
880,fb3,1,1,30
880,fb4,1,1,30
880,fb5,1,1,30
880,fb6,1,1,30
880,fb7,1,1,30
880,fb8,1,1,30
880,fb9,3,1,30
880,fb10,1,1,30
880,fb11,1,1,30
880,fb12,1,1,30
880,fb13,2,1,30
880,fb14,2,1,30
880,fb15,1,1,30
880,fb16,1,1,30
880,fb17,3,1,30
880,fb18,1,1,30
880,fb19,1,1,30
880,fb20,1,1,30
880,fb21,1,1,30
880,fb22,2,1,30
880,fb23,1,1,30
880,fb24,2,1,30
880,fb25,1,1,30
880,fb26,2,1,30
880,fb27,1,1,30
880,fb28,1,1,30
880,fb29,2,1,30
885,fb0,1,1,30
885,fb1,2,1,30
885,fb2,2,1,30
885,fb3,1,1,30
885,fb4,1,1,30
885,fb5,1,1,30
885,fb6,1,1,30
885,fb7,1,1,30
885,fb8,1,1,30
885,fb9,3,1,30
885,fb10,1,1,30
885,fb11,1,1,30
885,fb12,1,1,30
885,fb13,2,1,30
885,fb14,2,1,30
885,fb15,1,1,30
885,fb16,1,1,30
885,fb17,3,1,30
885,fb18,1,1,30
885,fb19,1,1,30
885,fb20,1,1,30
885,fb21,1,1,30
885,fb22,2,1,30
885,fb23,1,1,30
885,fb24,2,1,30
885,fb25,1,1,30
885,fb26,2,1,30
885,fb27,1,1,30
885,fb28,1,1,30
885,fb29,2,1,30
890,fb0,1,1,30
890,fb1,2,1,30
890,fb2,2,1,30
890,fb3,1,1,30
890,fb4,1,1,30
890,fb5,1,1,30
890,fb6,1,1,30
890,fb7,1,1,30
890,fb8,1,1,30
890,fb9,3,1,30
890,fb10,1,1,30
890,fb11,1,1,30
890,fb12,1,1,30
890,fb13,2,1,30
890,fb14,2,1,30
890,fb15,1,1,30
890,fb16,1,1,30
890,fb17,3,1,30
890,fb18,1,1,30
890,fb19,1,1,30
890,fb20,1,1,30
890,fb21,1,1,30
890,fb22,2,1,30
890,fb23,1,1,30
890,fb24,2,1,30
890,fb25,1,1,30
890,fb26,2,1,30
890,fb27,1,1,30
890,fb28,1,1,30
890,fb29,2,1,30
895,fb0,1,1,30
895,fb1,2,1,30
895,fb2,2,1,30
895,fb3,1,1,30
895,fb4,1,1,30
895,fb5,1,1,30
895,fb6,1,1,30
895,fb7,1,1,30
895,fb8,1,1,30
895,fb9,3,1,30
895,fb10,1,1,30
895,fb11,1,1,30
895,fb12,1,1,30
895,fb13,2,1,30
895,fb14,2,1,30
895,fb15,1,0,30
895,fb16,1,1,30
895,fb17,3,1,30
895,fb18,1,1,30
895,fb19,1,0,30
895,fb20,1,1,30
895,fb21,1,1,30
895,fb22,2,1,30
895,fb23,1,1,30
895,fb24,2,1,30
895,fb25,1,1,30
895,fb26,2,1,30
895,fb27,1,1,30
895,fb28,1,1,30
895,fb29,2,1,30
900,fb0,1,1,30
900,fb1,2,1,30
900,fb2,2,1,30
900,fb3,1,1,30
900,fb4,1,1,30
900,fb5,1,1,30
900,fb6,1,0,30
900,fb7,1,0,30
900,fb8,1,1,30
900,fb9,3,1,30
900,fb10,1,1,30
900,fb11,1,1,30
900,fb12,1,1,30
900,fb13,2,1,30
900,fb14,2,1,30
900,fb15,1,1,30
900,fb16,1,1,30
900,fb17,3,1,30
900,fb18,1,1,30
900,fb19,1,1,30
900,fb20,1,1,30
900,fb21,1,1,30
900,fb22,2,1,30
900,fb23,1,1,30
900,fb24,2,1,30
900,fb25,1,1,30
900,fb26,2,1,30
900,fb27,1,1,30
900,fb28,1,1,30
900,fb29,2,1,30
905,fb0,1,1,30
905,fb1,2,1,30
905,fb2,2,1,30
905,fb3,1,0,30
905,fb4,1,1,30
905,fb5,1,1,30
905,fb6,1,1,30
905,fb7,1,1,30
905,fb8,1,1,30
905,fb9,3,1,30
905,fb10,1,1,30
905,fb11,1,1,30
905,fb12,1,1,30
905,fb13,2,1,30
905,fb14,2,1,30
905,fb15,1,1,30
905,fb16,1,0,30
905,fb17,3,1,30
905,fb18,1,1,30
905,fb19,1,1,30
905,fb20,1,1,30
905,fb21,1,0,30
905,fb22,2,0,30
905,fb23,1,1,30
905,fb24,2,1,30
905,fb25,1,1,30
905,fb26,2,1,30
905,fb27,1,1,30
905,fb28,1,1,30
905,fb29,2,1,30
910,fb0,1,1,30
910,fb1,2,1,30
910,fb2,2,1,30
910,fb3,1,1,30
910,fb4,1,1,30
910,fb5,1,1,30
910,fb6,1,1,30
910,fb7,1,1,30
910,fb8,1,1,30
910,fb9,3,1,30
910,fb10,1,1,30
910,fb11,1,1,30
910,fb12,1,1,30
910,fb13,2,1,30
910,fb14,2,1,30
910,fb15,1,1,30
910,fb16,1,1,30
910,fb17,3,1,30
910,fb18,1,1,30
910,fb19,1,1,30
910,fb20,1,1,30
910,fb21,1,1,30
910,fb22,2,1,30
910,fb23,1,1,30
910,fb24,2,1,30
910,fb25,1,1,30
910,fb26,2,1,30
910,fb27,1,1,30
910,fb28,1,1,30
910,fb29,2,1,30
915,fb0,1,0,30
915,fb1,2,1,30
915,fb2,2,1,30
915,fb3,1,1,30
915,fb4,1,1,30
915,fb5,1,1,30
915,fb6,1,1,30
915,fb7,1,1,30
915,fb8,1,1,30
915,fb9,3,1,30
915,fb10,1,1,30
915,fb11,1,1,30
915,fb12,1,1,30
915,fb13,2,1,30
915,fb14,2,1,30
915,fb15,1,1,30
915,fb16,1,1,30
915,fb17,3,1,30
915,fb18,1,1,30
915,fb19,1,1,30
915,fb20,1,1,30
915,fb21,1,1,30
915,fb22,2,1,30
915,fb23,1,0,30
915,fb24,2,1,30
915,fb25,1,1,30
915,fb26,2,1,30
915,fb27,1,1,30
915,fb28,1,1,30
915,fb29,2,1,30
920,fb0,1,1,30
920,fb1,2,1,30
920,fb2,2,1,30
920,fb3,1,1,30
920,fb4,1,1,30
920,fb5,1,1,30
920,fb6,1,1,30
920,fb7,1,1,30
920,fb8,1,1,30
920,fb9,3,1,30
920,fb10,1,1,30
920,fb11,1,1,30
920,fb12,1,1,30
920,fb13,2,1,30
920,fb14,2,1,30
920,fb15,1,1,30
920,fb16,1,1,30
920,fb17,3,1,30
920,fb18,1,1,30
920,fb19,1,1,30
920,fb20,1,1,30
920,fb21,1,1,30
920,fb22,2,1,30
920,fb23,1,1,30
920,fb24,2,1,30
920,fb25,1,1,30
920,fb26,2,1,30
920,fb27,1,1,30
920,fb28,1,1,30
920,fb29,2,1,30
925,fb0,1,1,30
925,fb1,2,1,30
925,fb2,2,1,30
925,fb3,1,1,30
925,fb4,1,1,30
925,fb5,1,1,30
925,fb6,1,1,30
925,fb7,1,1,30
925,fb8,1,1,30
925,fb9,3,1,30
925,fb10,1,0,30
925,fb11,1,1,30
925,fb12,1,1,30
925,fb13,2,1,30
925,fb14,2,1,30
925,fb15,1,1,30
925,fb16,1,1,30
925,fb17,3,1,30
925,fb18,1,1,30
925,fb19,1,1,30
925,fb20,1,1,30
925,fb21,1,1,30
925,fb22,2,1,30
925,fb23,1,1,30
925,fb24,2,1,30
925,fb25,1,1,30
925,fb26,2,1,30
925,fb27,1,1,30
925,fb28,1,1,30
925,fb29,2,1,30
930,fb0,1,1,30
930,fb1,2,0,30
930,fb2,2,0,30
930,fb3,1,1,30
930,fb4,1,1,30
930,fb5,1,1,30
930,fb6,1,1,30
930,fb7,1,1,30
930,fb8,1,1,30
930,fb9,3,1,30
930,fb10,1,1,30
930,fb11,1,1,30
930,fb12,1,0,30
930,fb13,2,1,30
930,fb14,2,0,30
930,fb15,1,1,30
930,fb16,1,1,30
930,fb17,3,0,30
930,fb18,1,1,30
930,fb19,1,1,30
930,fb20,1,1,30
930,fb21,1,1,30
930,fb22,2,1,30
930,fb23,1,1,30
930,fb24,2,1,30
930,fb25,1,1,30
930,fb26,2,1,30
930,fb27,1,1,30
930,fb28,1,1,30
930,fb29,2,0,30
935,fb0,1,1,30
935,fb1,2,1,30
935,fb2,2,1,30
935,fb3,1,1,30
935,fb4,1,1,30
935,fb5,1,1,30
935,fb6,1,1,30
935,fb7,1,1,30
935,fb8,1,1,30
935,fb9,3,1,30
935,fb10,1,1,30
935,fb11,1,1,30
935,fb12,1,1,30
935,fb13,2,1,30
935,fb14,2,1,30
935,fb15,1,1,30
935,fb16,1,1,30
935,fb17,3,1,30
935,fb18,1,1,30
935,fb19,1,1,30
935,fb20,1,1,30
935,fb21,1,1,30
935,fb22,2,1,30
935,fb23,1,1,30
935,fb24,2,1,30
935,fb25,1,1,30
935,fb26,2,1,30
935,fb27,1,1,30
935,fb28,1,0,30
935,fb29,2,1,30
940,fb0,1,1,30
940,fb1,2,1,30
940,fb2,2,1,30
940,fb3,1,1,30
940,fb4,1,1,30
940,fb5,1,1,30
940,fb6,1,1,30
940,fb7,1,1,30
940,fb8,1,1,30
940,fb9,3,1,30
940,fb10,1,1,30
940,fb11,1,1,30
940,fb12,1,1,30
940,fb13,2,1,30
940,fb14,2,1,30
940,fb15,1,1,30
940,fb16,1,1,30
940,fb17,3,1,30
940,fb18,1,0,30
940,fb19,1,1,30
940,fb20,1,1,30
940,fb21,1,1,30
940,fb22,2,1,30
940,fb23,1,1,30
940,fb24,2,1,30
940,fb25,1,0,30
940,fb26,2,1,30
940,fb27,1,1,30
940,fb28,1,1,30
940,fb29,2,1,30
945,fb0,1,1,30
945,fb1,2,1,30
945,fb2,2,1,30
945,fb3,1,1,30
945,fb4,1,1,30
945,fb5,1,1,30
945,fb6,1,1,30
945,fb7,1,1,30
945,fb8,1,0,30
945,fb9,3,1,30
945,fb10,1,1,30
945,fb11,1,1,30
945,fb12,1,1,30
945,fb13,2,1,30
945,fb14,2,1,30
945,fb15,1,1,30
945,fb16,1,1,30
945,fb17,3,1,30
945,fb18,1,1,30
945,fb19,1,1,30
945,fb20,1,1,30
945,fb21,1,1,30
945,fb22,2,1,30
945,fb23,1,1,30
945,fb24,2,1,30
945,fb25,1,1,30
945,fb26,2,1,30
945,fb27,1,1,30
945,fb28,1,1,30
945,fb29,2,1,30
950,fb0,1,1,30
950,fb1,2,1,30
950,fb2,2,1,30
950,fb3,1,1,30
950,fb4,1,1,30
950,fb5,1,1,30
950,fb6,1,1,30
950,fb7,1,1,30
950,fb8,1,1,30
950,fb9,3,1,30
950,fb10,1,1,30
950,fb11,1,1,30
950,fb12,1,1,30
950,fb13,2,1,30
950,fb14,2,1,30
950,fb15,1,1,30
950,fb16,1,1,30
950,fb17,3,1,30
950,fb18,1,1,30
950,fb19,1,1,30
950,fb20,1,1,30
950,fb21,1,1,30
950,fb22,2,1,30
950,fb23,1,1,30
950,fb24,2,1,30
950,fb25,1,1,30
950,fb26,2,1,30
950,fb27,1,1,30
950,fb28,1,1,30
950,fb29,2,1,30
955,fb0,1,1,30
955,fb1,2,1,30
955,fb2,2,1,30
955,fb3,1,1,30
955,fb4,1,1,30
955,fb5,1,1,30
955,fb6,1,1,30
955,fb7,1,1,30
955,fb8,1,1,30
955,fb9,3,1,30
955,fb10,1,1,30
955,fb11,1,1,30
955,fb12,1,1,30
955,fb13,2,1,30
955,fb14,2,1,30
955,fb15,1,1,30
955,fb16,1,1,30
955,fb17,3,1,30
955,fb18,1,1,30
955,fb19,1,1,30
955,fb20,1,1,30
955,fb21,1,1,30
955,fb22,2,1,30
955,fb23,1,1,30
955,fb24,2,1,30
955,fb25,1,1,30
955,fb26,2,1,30
955,fb27,1,1,30
955,fb28,1,1,30
955,fb29,2,1,30
960,fb0,1,1,30
960,fb1,2,1,30
960,fb2,2,1,30
960,fb3,1,1,30
960,fb4,1,1,30
960,fb5,1,1,30
960,fb6,1,1,30
960,fb7,1,1,30
960,fb8,1,1,30
960,fb9,3,1,30
960,fb10,1,1,30
960,fb11,1,1,30
960,fb12,1,1,30
960,fb13,2,1,30
960,fb14,2,1,30
960,fb15,1,1,30
960,fb16,1,1,30
960,fb17,3,1,30
960,fb18,1,1,30
960,fb19,1,1,30
960,fb20,1,1,30
960,fb21,1,1,30
960,fb22,2,1,30
960,fb23,1,1,30
960,fb24,2,1,30
960,fb25,1,1,30
960,fb26,2,1,30
960,fb27,1,1,30
960,fb28,1,1,30
960,fb29,2,1,30
965,fb0,1,1,30
965,fb1,2,1,30
965,fb2,2,1,30
965,fb3,1,1,30
965,fb4,1,1,30
965,fb5,1,1,30
965,fb6,1,1,30
965,fb7,1,1,30
965,fb8,1,1,30
965,fb9,3,1,30
965,fb10,1,1,30
965,fb11,1,1,30
965,fb12,1,1,30
965,fb13,2,1,30
965,fb14,2,1,30
965,fb15,1,1,30
965,fb16,1,1,30
965,fb17,3,1,30
965,fb18,1,1,30
965,fb19,1,1,30
965,fb20,1,1,30
965,fb21,1,1,30
965,fb22,2,1,30
965,fb23,1,1,30
965,fb24,2,1,30
965,fb25,1,1,30
965,fb26,2,1,30
965,fb27,1,1,30
965,fb28,1,1,30
965,fb29,2,1,30
970,fb0,1,1,30
970,fb1,2,1,30
970,fb2,2,1,30
970,fb3,1,1,30
970,fb4,1,1,30
970,fb5,1,1,30
970,fb6,1,1,30
970,fb7,1,1,30
970,fb8,1,1,30
970,fb9,3,1,30
970,fb10,1,1,30
970,fb11,1,1,30
970,fb12,1,1,30
970,fb13,2,1,30
970,fb14,2,1,30
970,fb15,1,1,30
970,fb16,1,1,30
970,fb17,3,1,30
970,fb18,1,1,30
970,fb19,1,1,30
970,fb20,1,1,30
970,fb21,1,1,30
970,fb22,2,1,30
970,fb23,1,1,30
970,fb24,2,1,30
970,fb25,1,1,30
970,fb26,2,1,30
970,fb27,1,1,30
970,fb28,1,1,30
970,fb29,2,1,30
975,fb0,1,1,30
975,fb1,2,1,30
975,fb2,2,1,30
975,fb3,1,1,30
975,fb4,1,1,30
975,fb5,1,1,30
975,fb6,1,1,30
975,fb7,1,1,30
975,fb8,1,1,30
975,fb9,3,1,30
975,fb10,1,1,30
975,fb11,1,1,30
975,fb12,1,1,30
975,fb13,2,1,30
975,fb14,2,1,30
975,fb15,1,1,30
975,fb16,1,1,30
975,fb17,3,1,30
975,fb18,1,1,30
975,fb19,1,1,30
975,fb20,1,1,30
975,fb21,1,1,30
975,fb22,2,1,30
975,fb23,1,1,30
975,fb24,2,1,30
975,fb25,1,1,30
975,fb26,2,1,30
975,fb27,1,1,30
975,fb28,1,1,30
975,fb29,2,1,30
980,fb0,1,1,30
980,fb1,2,1,30
980,fb2,2,1,30
980,fb3,1,1,30
980,fb4,1,1,30
980,fb5,1,1,30
980,fb6,1,1,30
980,fb7,1,1,30
980,fb8,1,1,30
980,fb9,3,1,30
980,fb10,1,1,30
980,fb11,1,1,30
980,fb12,1,1,30
980,fb13,2,1,30
980,fb14,2,1,30
980,fb15,1,1,30
980,fb16,1,1,30
980,fb17,3,1,30
980,fb18,1,1,30
980,fb19,1,1,30
980,fb20,1,1,30
980,fb21,1,1,30
980,fb22,2,1,30
980,fb23,1,1,30
980,fb24,2,1,30
980,fb25,1,1,30
980,fb26,2,1,30
980,fb27,1,1,30
980,fb28,1,1,30
980,fb29,2,1,30
985,fb0,1,1,30
985,fb1,2,1,30
985,fb2,2,1,30
985,fb3,1,1,30
985,fb4,1,1,30
985,fb5,1,1,30
985,fb6,1,1,30
985,fb7,1,1,30
985,fb8,1,1,30
985,fb9,3,1,30
985,fb10,1,1,30
985,fb11,1,0,30
985,fb12,1,1,30
985,fb13,2,1,30
985,fb14,2,1,30
985,fb15,1,1,30
985,fb16,1,1,30
985,fb17,3,1,30
985,fb18,1,1,30
985,fb19,1,1,30
985,fb20,1,1,30
985,fb21,1,1,30
985,fb22,2,1,30
985,fb23,1,1,30
985,fb24,2,1,30
985,fb25,1,1,30
985,fb26,2,1,30
985,fb27,1,1,30
985,fb28,1,1,30
985,fb29,2,1,30
990,fb0,1,1,30
990,fb1,2,1,30
990,fb2,2,1,30
990,fb3,1,1,30
990,fb4,1,1,30
990,fb5,1,1,30
990,fb6,1,1,30
990,fb7,1,1,30
990,fb8,1,1,30
990,fb9,3,1,30
990,fb10,1,1,30
990,fb11,1,1,30
990,fb12,1,1,30
990,fb13,2,1,30
990,fb14,2,1,30
990,fb15,1,1,30
990,fb16,1,1,30
990,fb17,3,1,30
990,fb18,1,1,30
990,fb19,1,1,30
990,fb20,1,1,30
990,fb21,1,1,30
990,fb22,2,1,30
990,fb23,1,1,30
990,fb24,2,1,30
990,fb25,1,1,30
990,fb26,2,1,30
990,fb27,1,1,30
990,fb28,1,1,30
990,fb29,2,1,30
995,fb0,1,1,30
995,fb1,2,1,30
995,fb2,2,1,30
995,fb3,1,1,30
995,fb4,1,1,30
995,fb5,1,1,30
995,fb6,1,1,30
995,fb7,1,1,30
995,fb8,1,1,30
995,fb9,3,1,30
995,fb10,1,1,30
995,fb11,1,1,30
995,fb12,1,1,30
995,fb13,2,1,30
995,fb14,2,1,30
995,fb15,1,1,30
995,fb16,1,1,30
995,fb17,3,1,30
995,fb18,1,1,30
995,fb19,1,1,30
995,fb20,1,1,30
995,fb21,1,1,30
995,fb22,2,1,30
995,fb23,1,1,30
995,fb24,2,1,30
995,fb25,1,1,30
995,fb26,2,1,30
995,fb27,1,1,30
995,fb28,1,1,30
995,fb29,2,1,30
1000,fb0,1,1,30
1000,fb1,2,1,30
1000,fb2,2,1,30
1000,fb3,1,1,30
1000,fb4,1,1,30
1000,fb5,1,1,30
1000,fb6,1,1,30
1000,fb7,1,1,30
1000,fb8,1,1,30
1000,fb9,3,1,30
1000,fb10,1,1,30
1000,fb11,1,1,30
1000,fb12,1,1,30
1000,fb13,2,1,30
1000,fb14,2,1,30
1000,fb15,1,1,30
1000,fb16,1,1,30
1000,fb17,3,1,30
1000,fb18,1,1,30
1000,fb19,1,1,30
1000,fb20,1,1,30
1000,fb21,1,1,30
1000,fb22,2,1,30
1000,fb23,1,1,30
1000,fb24,2,1,30
1000,fb25,1,1,30
1000,fb26,2,1,30
1000,fb27,1,1,30
1000,fb28,1,1,30
1000,fb29,2,1,30
1005,fb0,1,1,30
1005,fb1,2,1,30
1005,fb2,2,1,30
1005,fb3,1,1,30
1005,fb4,1,1,30
1005,fb5,1,1,30
1005,fb6,1,1,30
1005,fb7,1,1,30
1005,fb8,1,1,30
1005,fb9,3,0,30
1005,fb10,1,1,30
1005,fb11,1,1,30
1005,fb12,1,1,30
1005,fb13,2,1,30
1005,fb14,2,1,30
1005,fb15,1,1,30
1005,fb16,1,1,30
1005,fb17,3,1,30
1005,fb18,1,1,30
1005,fb19,1,1,30
1005,fb20,1,1,30
1005,fb21,1,1,30
1005,fb22,2,1,30
1005,fb23,1,1,30
1005,fb24,2,1,30
1005,fb25,1,1,30
1005,fb26,2,0,30
1005,fb27,1,1,30
1005,fb28,1,1,30
1005,fb29,2,1,30
1010,fb0,1,1,30
1010,fb1,2,1,30
1010,fb2,2,1,30
1010,fb3,1,1,30
1010,fb4,1,1,30
1010,fb5,1,1,30
1010,fb6,1,1,30
1010,fb7,1,1,30
1010,fb8,1,1,30
1010,fb9,3,1,30
1010,fb10,1,1,30
1010,fb11,1,1,30
1010,fb12,1,1,30
1010,fb13,2,0,30
1010,fb14,2,1,30
1010,fb15,1,1,30
1010,fb16,1,1,30
1010,fb17,3,1,30
1010,fb18,1,1,30
1010,fb19,1,1,30
1010,fb20,1,0,30
1010,fb21,1,1,30
1010,fb22,2,1,30
1010,fb23,1,1,30
1010,fb24,2,1,30
1010,fb25,1,1,30
1010,fb26,2,1,30
1010,fb27,1,1,30
1010,fb28,1,1,30
1010,fb29,2,1,30
1015,fb0,1,1,30
1015,fb1,2,1,30
1015,fb2,2,1,30
1015,fb3,1,1,30
1015,fb4,1,1,30
1015,fb5,1,0,30
1015,fb6,1,1,30
1015,fb7,1,1,30
1015,fb8,1,1,30
1015,fb9,3,1,30
1015,fb10,1,1,30
1015,fb11,1,1,30
1015,fb12,1,1,30
1015,fb13,2,1,30
1015,fb14,2,1,30
1015,fb15,1,1,30
1015,fb16,1,1,30
1015,fb17,3,1,30
1015,fb18,1,1,30
1015,fb19,1,1,30
1015,fb20,1,1,30
1015,fb21,1,1,30
1015,fb22,2,1,30
1015,fb23,1,1,30
1015,fb24,2,1,30
1015,fb25,1,1,30
1015,fb26,2,1,30
1015,fb27,1,1,30
1015,fb28,1,1,30
1015,fb29,2,1,30
1020,fb0,1,1,30
1020,fb1,2,1,30
1020,fb2,2,1,30
1020,fb3,1,1,30
1020,fb4,1,1,30
1020,fb5,1,1,30
1020,fb6,1,1,30
1020,fb7,1,1,30
1020,fb8,1,1,30
1020,fb9,3,1,30
1020,fb10,1,1,30
1020,fb11,1,1,30
1020,fb12,1,1,30
1020,fb13,2,1,30
1020,fb14,2,1,30
1020,fb15,1,1,30
1020,fb16,1,1,30
1020,fb17,3,1,30
1020,fb18,1,1,30
1020,fb19,1,1,30
1020,fb20,1,1,30
1020,fb21,1,1,30
1020,fb22,2,1,30
1020,fb23,1,1,30
1020,fb24,2,1,30
1020,fb25,1,1,30
1020,fb26,2,1,30
1020,fb27,1,1,30
1020,fb28,1,1,30
1020,fb29,2,1,30
1025,fb0,1,1,30
1025,fb1,2,1,30
1025,fb2,2,1,30
1025,fb3,1,1,30
1025,fb4,1,0,30
1025,fb5,1,1,30
1025,fb6,1,1,30
1025,fb7,1,1,30
1025,fb8,1,1,30
1025,fb9,3,1,30
1025,fb10,1,1,30
1025,fb11,1,1,30
1025,fb12,1,1,30
1025,fb13,2,1,30
1025,fb14,2,1,30
1025,fb15,1,1,30
1025,fb16,1,1,30
1025,fb17,3,1,30
1025,fb18,1,1,30
1025,fb19,1,1,30
1025,fb20,1,1,30
1025,fb21,1,1,30
1025,fb22,2,1,30
1025,fb23,1,1,30
1025,fb24,2,0,30
1025,fb25,1,1,30
1025,fb26,2,1,30
1025,fb27,1,1,30
1025,fb28,1,1,30
1025,fb29,2,1,30
1030,fb0,1,1,30
1030,fb1,2,1,30
1030,fb2,2,1,30
1030,fb3,1,1,30
1030,fb4,1,1,30
1030,fb5,1,1,30
1030,fb6,1,1,30
1030,fb7,1,1,30
1030,fb8,1,1,30
1030,fb9,3,1,30
1030,fb10,1,1,30
1030,fb11,1,1,30
1030,fb12,1,1,30
1030,fb13,2,1,30
1030,fb14,2,1,30
1030,fb15,1,1,30
1030,fb16,1,1,30
1030,fb17,3,1,30
1030,fb18,1,1,30
1030,fb19,1,1,30
1030,fb20,1,1,30
1030,fb21,1,1,30
1030,fb22,2,1,30
1030,fb23,1,1,30
1030,fb24,2,1,30
1030,fb25,1,1,30
1030,fb26,2,1,30
1030,fb27,1,0,30
1030,fb28,1,1,30
1030,fb29,2,1,30
1035,fb0,1,1,30
1035,fb1,2,1,30
1035,fb2,2,1,30
1035,fb3,1,1,30
1035,fb4,1,1,30
1035,fb5,1,1,30
1035,fb6,1,1,30
1035,fb7,1,1,30
1035,fb8,1,1,30
1035,fb9,3,1,30
1035,fb10,1,1,30
1035,fb11,1,1,30
1035,fb12,1,1,30
1035,fb13,2,1,30
1035,fb14,2,1,30
1035,fb15,1,1,30
1035,fb16,1,1,30
1035,fb17,3,1,30
1035,fb18,1,1,30
1035,fb19,1,1,30
1035,fb20,1,1,30
1035,fb21,1,1,30
1035,fb22,2,1,30
1035,fb23,1,1,30
1035,fb24,2,1,30
1035,fb25,1,1,30
1035,fb26,2,1,30
1035,fb27,1,1,30
1035,fb28,1,1,30
1035,fb29,2,1,30
1040,fb0,1,1,30
1040,fb1,2,1,30
1040,fb2,2,1,30
1040,fb3,1,1,30
1040,fb4,1,1,30
1040,fb5,1,1,30
1040,fb6,1,1,30
1040,fb7,1,1,30
1040,fb8,1,1,30
1040,fb9,3,1,30
1040,fb10,1,1,30
1040,fb11,1,1,30
1040,fb12,1,1,30
1040,fb13,2,1,30
1040,fb14,2,1,30
1040,fb15,1,1,30
1040,fb16,1,1,30
1040,fb17,3,1,30
1040,fb18,1,1,30
1040,fb19,1,1,30
1040,fb20,1,1,30
1040,fb21,1,1,30
1040,fb22,2,1,30
1040,fb23,1,1,30
1040,fb24,2,1,30
1040,fb25,1,1,30
1040,fb26,2,1,30
1040,fb27,1,1,30
1040,fb28,1,1,30
1040,fb29,2,1,30
1045,fb0,1,1,30
1045,fb1,2,1,30
1045,fb2,2,1,30
1045,fb3,1,1,30
1045,fb4,1,1,30
1045,fb5,1,1,30
1045,fb6,1,1,30
1045,fb7,1,1,30
1045,fb8,1,1,30
1045,fb9,3,1,30
1045,fb10,1,1,30
1045,fb11,1,1,30
1045,fb12,1,1,30
1045,fb13,2,1,30
1045,fb14,2,1,30
1045,fb15,1,1,30
1045,fb16,1,1,30
1045,fb17,3,1,30
1045,fb18,1,1,30
1045,fb19,1,1,30
1045,fb20,1,1,30
1045,fb21,1,1,30
1045,fb22,2,1,30
1045,fb23,1,1,30
1045,fb24,2,1,30
1045,fb25,1,1,30
1045,fb26,2,1,30
1045,fb27,1,1,30
1045,fb28,1,1,30
1045,fb29,2,1,30
1050,fb0,1,1,30
1050,fb1,2,1,30
1050,fb2,2,1,30
1050,fb3,1,1,30
1050,fb4,1,1,30
1050,fb5,1,1,30
1050,fb6,1,1,30
1050,fb7,1,1,30
1050,fb8,1,1,30
1050,fb9,3,1,30
1050,fb10,1,1,30
1050,fb11,1,1,30
1050,fb12,1,1,30
1050,fb13,2,1,30
1050,fb14,2,1,30
1050,fb15,1,0,30
1050,fb16,1,1,30
1050,fb17,3,1,30
1050,fb18,1,1,30
1050,fb19,1,0,30
1050,fb20,1,1,30
1050,fb21,1,1,30
1050,fb22,2,1,30
1050,fb23,1,1,30
1050,fb24,2,1,30
1050,fb25,1,1,30
1050,fb26,2,1,30
1050,fb27,1,1,30
1050,fb28,1,1,30
1050,fb29,2,1,30
1055,fb0,1,1,30
1055,fb1,2,1,30
1055,fb2,2,1,30
1055,fb3,1,1,30
1055,fb4,1,1,30
1055,fb5,1,1,30
1055,fb6,1,0,30
1055,fb7,1,0,30
1055,fb8,1,1,30
1055,fb9,3,1,30
1055,fb10,1,1,30
1055,fb11,1,1,30
1055,fb12,1,1,30
1055,fb13,2,1,30
1055,fb14,2,1,30
1055,fb15,1,1,30
1055,fb16,1,1,30
1055,fb17,3,1,30
1055,fb18,1,1,30
1055,fb19,1,1,30
1055,fb20,1,1,30
1055,fb21,1,1,30
1055,fb22,2,1,30
1055,fb23,1,1,30
1055,fb24,2,1,30
1055,fb25,1,1,30
1055,fb26,2,1,30
1055,fb27,1,1,30
1055,fb28,1,1,30
1055,fb29,2,1,30
1060,fb0,1,1,30
1060,fb1,2,1,30
1060,fb2,2,1,30
1060,fb3,1,0,30
1060,fb4,1,1,30
1060,fb5,1,1,30
1060,fb6,1,1,30
1060,fb7,1,1,30
1060,fb8,1,1,30
1060,fb9,3,1,30
1060,fb10,1,1,30
1060,fb11,1,1,30
1060,fb12,1,1,30
1060,fb13,2,1,30
1060,fb14,2,1,30
1060,fb15,1,1,30
1060,fb16,1,0,30
1060,fb17,3,1,30
1060,fb18,1,1,30
1060,fb19,1,1,30
1060,fb20,1,1,30
1060,fb21,1,0,30
1060,fb22,2,0,30
1060,fb23,1,1,30
1060,fb24,2,1,30
1060,fb25,1,1,30
1060,fb26,2,1,30
1060,fb27,1,1,30
1060,fb28,1,1,30
1060,fb29,2,1,30
1065,fb0,1,1,30
1065,fb1,2,1,30
1065,fb2,2,1,30
1065,fb3,1,1,30
1065,fb4,1,1,30
1065,fb5,1,1,30
1065,fb6,1,1,30
1065,fb7,1,1,30
1065,fb8,1,1,30
1065,fb9,3,1,30
1065,fb10,1,1,30
1065,fb11,1,1,30
1065,fb12,1,1,30
1065,fb13,2,1,30
1065,fb14,2,1,30
1065,fb15,1,1,30
1065,fb16,1,1,30
1065,fb17,3,1,30
1065,fb18,1,1,30
1065,fb19,1,1,30
1065,fb20,1,1,30
1065,fb21,1,1,30
1065,fb22,2,1,30
1065,fb23,1,1,30
1065,fb24,2,1,30
1065,fb25,1,1,30
1065,fb26,2,1,30
1065,fb27,1,1,30
1065,fb28,1,1,30
1065,fb29,2,1,30
1070,fb0,1,0,30
1070,fb1,2,1,30
1070,fb2,2,1,30
1070,fb3,1,1,30
1070,fb4,1,1,30
1070,fb5,1,1,30
1070,fb6,1,1,30
1070,fb7,1,1,30
1070,fb8,1,1,30
1070,fb9,3,1,30
1070,fb10,1,1,30
1070,fb11,1,1,30
1070,fb12,1,1,30
1070,fb13,2,1,30
1070,fb14,2,1,30
1070,fb15,1,1,30
1070,fb16,1,1,30
1070,fb17,3,1,30
1070,fb18,1,1,30
1070,fb19,1,1,30
1070,fb20,1,1,30
1070,fb21,1,1,30
1070,fb22,2,1,30
1070,fb23,1,0,30
1070,fb24,2,1,30
1070,fb25,1,1,30
1070,fb26,2,1,30
1070,fb27,1,1,30
1070,fb28,1,1,30
1070,fb29,2,1,30
1075,fb0,1,1,30
1075,fb1,2,1,30
1075,fb2,2,1,30
1075,fb3,1,1,30
1075,fb4,1,1,30
1075,fb5,1,1,30
1075,fb6,1,1,30
1075,fb7,1,1,30
1075,fb8,1,1,30
1075,fb9,3,1,30
1075,fb10,1,1,30
1075,fb11,1,1,30
1075,fb12,1,1,30
1075,fb13,2,1,30
1075,fb14,2,1,30
1075,fb15,1,1,30
1075,fb16,1,1,30
1075,fb17,3,1,30
1075,fb18,1,1,30
1075,fb19,1,1,30
1075,fb20,1,1,30
1075,fb21,1,1,30
1075,fb22,2,1,30
1075,fb23,1,1,30
1075,fb24,2,1,30
1075,fb25,1,1,30
1075,fb26,2,1,30
1075,fb27,1,1,30
1075,fb28,1,1,30
1075,fb29,2,1,30
1080,fb0,1,1,30
1080,fb1,2,1,30
1080,fb2,2,1,30
1080,fb3,1,1,30
1080,fb4,1,1,30
1080,fb5,1,1,30
1080,fb6,1,1,30
1080,fb7,1,1,30
1080,fb8,1,1,30
1080,fb9,3,1,30
1080,fb10,1,0,30
1080,fb11,1,1,30
1080,fb12,1,1,30
1080,fb13,2,1,30
1080,fb14,2,1,30
1080,fb15,1,1,30
1080,fb16,1,1,30
1080,fb17,3,1,30
1080,fb18,1,1,30
1080,fb19,1,1,30
1080,fb20,1,1,30
1080,fb21,1,1,30
1080,fb22,2,1,30
1080,fb23,1,1,30
1080,fb24,2,1,30
1080,fb25,1,1,30
1080,fb26,2,1,30
1080,fb27,1,1,30
1080,fb28,1,1,30
1080,fb29,2,1,30
1085,fb0,1,1,30
1085,fb1,2,0,30
1085,fb2,2,0,30
1085,fb3,1,1,30
1085,fb4,1,1,30
1085,fb5,1,1,30
1085,fb6,1,1,30
1085,fb7,1,1,30
1085,fb8,1,1,30
1085,fb9,3,1,30
1085,fb10,1,1,30
1085,fb11,1,1,30
1085,fb12,1,0,30
1085,fb13,2,1,30
1085,fb14,2,0,30
1085,fb15,1,1,30
1085,fb16,1,1,30
1085,fb17,3,0,30
1085,fb18,1,1,30
1085,fb19,1,1,30
1085,fb20,1,1,30
1085,fb21,1,1,30
1085,fb22,2,1,30
1085,fb23,1,1,30
1085,fb24,2,1,30
1085,fb25,1,1,30
1085,fb26,2,1,30
1085,fb27,1,1,30
1085,fb28,1,1,30
1085,fb29,2,0,30
1090,fb0,1,1,30
1090,fb1,2,1,30
1090,fb2,2,1,30
1090,fb3,1,1,30
1090,fb4,1,1,30
1090,fb5,1,1,30
1090,fb6,1,1,30
1090,fb7,1,1,30
1090,fb8,1,1,30
1090,fb9,3,1,30
1090,fb10,1,1,30
1090,fb11,1,1,30
1090,fb12,1,1,30
1090,fb13,2,1,30
1090,fb14,2,1,30
1090,fb15,1,1,30
1090,fb16,1,1,30
1090,fb17,3,1,30
1090,fb18,1,1,30
1090,fb19,1,1,30
1090,fb20,1,1,30
1090,fb21,1,1,30
1090,fb22,2,1,30
1090,fb23,1,1,30
1090,fb24,2,1,30
1090,fb25,1,1,30
1090,fb26,2,1,30
1090,fb27,1,1,30
1090,fb28,1,0,30
1090,fb29,2,1,30
1095,fb0,1,1,30
1095,fb1,2,1,30
1095,fb2,2,1,30
1095,fb3,1,1,30
1095,fb4,1,1,30
1095,fb5,1,1,30
1095,fb6,1,1,30
1095,fb7,1,1,30
1095,fb8,1,1,30
1095,fb9,3,1,30
1095,fb10,1,1,30
1095,fb11,1,1,30
1095,fb12,1,1,30
1095,fb13,2,1,30
1095,fb14,2,1,30
1095,fb15,1,1,30
1095,fb16,1,1,30
1095,fb17,3,1,30
1095,fb18,1,0,30
1095,fb19,1,1,30
1095,fb20,1,1,30
1095,fb21,1,1,30
1095,fb22,2,1,30
1095,fb23,1,1,30
1095,fb24,2,1,30
1095,fb25,1,0,30
1095,fb26,2,1,30
1095,fb27,1,1,30
1095,fb28,1,1,30
1095,fb29,2,1,30
1100,fb0,1,1,30
1100,fb1,2,1,30
1100,fb2,2,1,30
1100,fb3,1,1,30
1100,fb4,1,1,30
1100,fb5,1,1,30
1100,fb6,1,1,30
1100,fb7,1,1,30
1100,fb8,1,0,30
1100,fb9,3,1,30
1100,fb10,1,1,30
1100,fb11,1,1,30
1100,fb12,1,1,30
1100,fb13,2,1,30
1100,fb14,2,1,30
1100,fb15,1,1,30
1100,fb16,1,1,30
1100,fb17,3,1,30
1100,fb18,1,1,30
1100,fb19,1,1,30
1100,fb20,1,1,30
1100,fb21,1,1,30
1100,fb22,2,1,30
1100,fb23,1,1,30
1100,fb24,2,1,30
1100,fb25,1,1,30
1100,fb26,2,1,30
1100,fb27,1,1,30
1100,fb28,1,1,30
1100,fb29,2,1,30
1105,fb0,1,1,30
1105,fb1,2,1,30
1105,fb2,2,1,30
1105,fb3,1,1,30
1105,fb4,1,1,30
1105,fb5,1,1,30
1105,fb6,1,1,30
1105,fb7,1,1,30
1105,fb8,1,1,30
1105,fb9,3,1,30
1105,fb10,1,1,30
1105,fb11,1,1,30
1105,fb12,1,1,30
1105,fb13,2,1,30
1105,fb14,2,1,30
1105,fb15,1,1,30
1105,fb16,1,1,30
1105,fb17,3,1,30
1105,fb18,1,1,30
1105,fb19,1,1,30
1105,fb20,1,1,30
1105,fb21,1,1,30
1105,fb22,2,1,30
1105,fb23,1,1,30
1105,fb24,2,1,30
1105,fb25,1,1,30
1105,fb26,2,1,30
1105,fb27,1,1,30
1105,fb28,1,1,30
1105,fb29,2,1,30
1110,fb0,1,1,30
1110,fb1,2,1,30
1110,fb2,2,1,30
1110,fb3,1,1,30
1110,fb4,1,1,30
1110,fb5,1,1,30
1110,fb6,1,1,30
1110,fb7,1,1,30
1110,fb8,1,1,30
1110,fb9,3,1,30
1110,fb10,1,1,30
1110,fb11,1,1,30
1110,fb12,1,1,30
1110,fb13,2,1,30
1110,fb14,2,1,30
1110,fb15,1,1,30
1110,fb16,1,1,30
1110,fb17,3,1,30
1110,fb18,1,1,30
1110,fb19,1,1,30
1110,fb20,1,1,30
1110,fb21,1,1,30
1110,fb22,2,1,30
1110,fb23,1,1,30
1110,fb24,2,1,30
1110,fb25,1,1,30
1110,fb26,2,1,30
1110,fb27,1,1,30
1110,fb28,1,1,30
1110,fb29,2,1,30
1115,fb0,1,1,30
1115,fb1,2,1,30
1115,fb2,2,1,30
1115,fb3,1,1,30
1115,fb4,1,1,30
1115,fb5,1,1,30
1115,fb6,1,1,30
1115,fb7,1,1,30
1115,fb8,1,1,30
1115,fb9,3,1,30
1115,fb10,1,1,30
1115,fb11,1,1,30
1115,fb12,1,1,30
1115,fb13,2,1,30
1115,fb14,2,1,30
1115,fb15,1,1,30
1115,fb16,1,1,30
1115,fb17,3,1,30
1115,fb18,1,1,30
1115,fb19,1,1,30
1115,fb20,1,1,30
1115,fb21,1,1,30
1115,fb22,2,1,30
1115,fb23,1,1,30
1115,fb24,2,1,30
1115,fb25,1,1,30
1115,fb26,2,1,30
1115,fb27,1,1,30
1115,fb28,1,1,30
1115,fb29,2,1,30
1120,fb0,1,1,30
1120,fb1,2,1,30
1120,fb2,2,1,30
1120,fb3,1,1,30
1120,fb4,1,1,30
1120,fb5,1,1,30
1120,fb6,1,1,30
1120,fb7,1,1,30
1120,fb8,1,1,30
1120,fb9,3,1,30
1120,fb10,1,1,30
1120,fb11,1,1,30
1120,fb12,1,1,30
1120,fb13,2,1,30
1120,fb14,2,1,30
1120,fb15,1,1,30
1120,fb16,1,1,30
1120,fb17,3,1,30
1120,fb18,1,1,30
1120,fb19,1,1,30
1120,fb20,1,1,30
1120,fb21,1,1,30
1120,fb22,2,1,30
1120,fb23,1,1,30
1120,fb24,2,1,30
1120,fb25,1,1,30
1120,fb26,2,1,30
1120,fb27,1,1,30
1120,fb28,1,1,30
1120,fb29,2,1,30
1125,fb0,1,1,30
1125,fb1,2,1,30
1125,fb2,2,1,30
1125,fb3,1,1,30
1125,fb4,1,1,30
1125,fb5,1,1,30
1125,fb6,1,1,30
1125,fb7,1,1,30
1125,fb8,1,1,30
1125,fb9,3,1,30
1125,fb10,1,1,30
1125,fb11,1,1,30
1125,fb12,1,1,30
1125,fb13,2,1,30
1125,fb14,2,1,30
1125,fb15,1,1,30
1125,fb16,1,1,30
1125,fb17,3,1,30
1125,fb18,1,1,30
1125,fb19,1,1,30
1125,fb20,1,1,30
1125,fb21,1,1,30
1125,fb22,2,1,30
1125,fb23,1,1,30
1125,fb24,2,1,30
1125,fb25,1,1,30
1125,fb26,2,1,30
1125,fb27,1,1,30
1125,fb28,1,1,30
1125,fb29,2,1,30
1130,fb0,1,1,30
1130,fb1,2,1,30
1130,fb2,2,1,30
1130,fb3,1,1,30
1130,fb4,1,1,30
1130,fb5,1,1,30
1130,fb6,1,1,30
1130,fb7,1,1,30
1130,fb8,1,1,30
1130,fb9,3,1,30
1130,fb10,1,1,30
1130,fb11,1,1,30
1130,fb12,1,1,30
1130,fb13,2,1,30
1130,fb14,2,1,30
1130,fb15,1,1,30
1130,fb16,1,1,30
1130,fb17,3,1,30
1130,fb18,1,1,30
1130,fb19,1,1,30
1130,fb20,1,1,30
1130,fb21,1,1,30
1130,fb22,2,1,30
1130,fb23,1,1,30
1130,fb24,2,1,30
1130,fb25,1,1,30
1130,fb26,2,1,30
1130,fb27,1,1,30
1130,fb28,1,1,30
1130,fb29,2,1,30
1135,fb0,1,1,30
1135,fb1,2,1,30
1135,fb2,2,1,30
1135,fb3,1,1,30
1135,fb4,1,1,30
1135,fb5,1,1,30
1135,fb6,1,1,30
1135,fb7,1,1,30
1135,fb8,1,1,30
1135,fb9,3,1,30
1135,fb10,1,1,30
1135,fb11,1,1,30
1135,fb12,1,1,30
1135,fb13,2,1,30
1135,fb14,2,1,30
1135,fb15,1,1,30
1135,fb16,1,1,30
1135,fb17,3,1,30
1135,fb18,1,1,30
1135,fb19,1,1,30
1135,fb20,1,1,30
1135,fb21,1,1,30
1135,fb22,2,1,30
1135,fb23,1,1,30
1135,fb24,2,1,30
1135,fb25,1,1,30
1135,fb26,2,1,30
1135,fb27,1,1,30
1135,fb28,1,1,30
1135,fb29,2,1,30
1140,fb0,1,1,30
1140,fb1,2,1,30
1140,fb2,2,1,30
1140,fb3,1,1,30
1140,fb4,1,1,30
1140,fb5,1,1,30
1140,fb6,1,1,30
1140,fb7,1,1,30
1140,fb8,1,1,30
1140,fb9,3,1,30
1140,fb10,1,1,30
1140,fb11,1,0,30
1140,fb12,1,1,30
1140,fb13,2,1,30
1140,fb14,2,1,30
1140,fb15,1,1,30
1140,fb16,1,1,30
1140,fb17,3,1,30
1140,fb18,1,1,30
1140,fb19,1,1,30
1140,fb20,1,1,30
1140,fb21,1,1,30
1140,fb22,2,1,30
1140,fb23,1,1,30
1140,fb24,2,1,30
1140,fb25,1,1,30
1140,fb26,2,1,30
1140,fb27,1,1,30
1140,fb28,1,1,30
1140,fb29,2,1,30
1145,fb0,1,1,30
1145,fb1,2,1,30
1145,fb2,2,1,30
1145,fb3,1,1,30
1145,fb4,1,1,30
1145,fb5,1,1,30
1145,fb6,1,1,30
1145,fb7,1,1,30
1145,fb8,1,1,30
1145,fb9,3,1,30
1145,fb10,1,1,30
1145,fb11,1,1,30
1145,fb12,1,1,30
1145,fb13,2,1,30
1145,fb14,2,1,30
1145,fb15,1,1,30
1145,fb16,1,1,30
1145,fb17,3,1,30
1145,fb18,1,1,30
1145,fb19,1,1,30
1145,fb20,1,1,30
1145,fb21,1,1,30
1145,fb22,2,1,30
1145,fb23,1,1,30
1145,fb24,2,1,30
1145,fb25,1,1,30
1145,fb26,2,1,30
1145,fb27,1,1,30
1145,fb28,1,1,30
1145,fb29,2,1,30
1150,fb0,1,1,30
1150,fb1,2,1,30
1150,fb2,2,1,30
1150,fb3,1,1,30
1150,fb4,1,1,30
1150,fb5,1,1,30
1150,fb6,1,1,30
1150,fb7,1,1,30
1150,fb8,1,1,30
1150,fb9,3,1,30
1150,fb10,1,1,30
1150,fb11,1,1,30
1150,fb12,1,1,30
1150,fb13,2,1,30
1150,fb14,2,1,30
1150,fb15,1,1,30
1150,fb16,1,1,30
1150,fb17,3,1,30
1150,fb18,1,1,30
1150,fb19,1,1,30
1150,fb20,1,1,30
1150,fb21,1,1,30
1150,fb22,2,1,30
1150,fb23,1,1,30
1150,fb24,2,1,30
1150,fb25,1,1,30
1150,fb26,2,1,30
1150,fb27,1,1,30
1150,fb28,1,1,30
1150,fb29,2,1,30
1155,fb0,1,1,30
1155,fb1,2,1,30
1155,fb2,2,1,30
1155,fb3,1,1,30
1155,fb4,1,1,30
1155,fb5,1,1,30
1155,fb6,1,1,30
1155,fb7,1,1,30
1155,fb8,1,1,30
1155,fb9,3,1,30
1155,fb10,1,1,30
1155,fb11,1,1,30
1155,fb12,1,1,30
1155,fb13,2,1,30
1155,fb14,2,1,30
1155,fb15,1,1,30
1155,fb16,1,1,30
1155,fb17,3,1,30
1155,fb18,1,1,30
1155,fb19,1,1,30
1155,fb20,1,1,30
1155,fb21,1,1,30
1155,fb22,2,1,30
1155,fb23,1,1,30
1155,fb24,2,1,30
1155,fb25,1,1,30
1155,fb26,2,1,30
1155,fb27,1,1,30
1155,fb28,1,1,30
1155,fb29,2,1,30
1160,fb0,1,1,30
1160,fb1,2,1,30
1160,fb2,2,1,30
1160,fb3,1,1,30
1160,fb4,1,1,30
1160,fb5,1,1,30
1160,fb6,1,1,30
1160,fb7,1,1,30
1160,fb8,1,1,30
1160,fb9,3,0,30
1160,fb10,1,1,30
1160,fb11,1,1,30
1160,fb12,1,1,30
1160,fb13,2,1,30
1160,fb14,2,1,30
1160,fb15,1,1,30
1160,fb16,1,1,30
1160,fb17,3,1,30
1160,fb18,1,1,30
1160,fb19,1,1,30
1160,fb20,1,1,30
1160,fb21,1,1,30
1160,fb22,2,1,30
1160,fb23,1,1,30
1160,fb24,2,1,30
1160,fb25,1,1,30
1160,fb26,2,0,30
1160,fb27,1,1,30
1160,fb28,1,1,30
1160,fb29,2,1,30
1165,fb0,1,1,30
1165,fb1,2,1,30
1165,fb2,2,1,30
1165,fb3,1,1,30
1165,fb4,1,1,30
1165,fb5,1,1,30
1165,fb6,1,1,30
1165,fb7,1,1,30
1165,fb8,1,1,30
1165,fb9,3,1,30
1165,fb10,1,1,30
1165,fb11,1,1,30
1165,fb12,1,1,30
1165,fb13,2,0,30
1165,fb14,2,1,30
1165,fb15,1,1,30
1165,fb16,1,1,30
1165,fb17,3,1,30
1165,fb18,1,1,30
1165,fb19,1,1,30
1165,fb20,1,0,30
1165,fb21,1,1,30
1165,fb22,2,1,30
1165,fb23,1,1,30
1165,fb24,2,1,30
1165,fb25,1,1,30
1165,fb26,2,1,30
1165,fb27,1,1,30
1165,fb28,1,1,30
1165,fb29,2,1,30
1170,fb0,1,1,30
1170,fb1,2,1,30
1170,fb2,2,1,30
1170,fb3,1,1,30
1170,fb4,1,1,30
1170,fb5,1,0,30
1170,fb6,1,1,30
1170,fb7,1,1,30
1170,fb8,1,1,30
1170,fb9,3,1,30
1170,fb10,1,1,30
1170,fb11,1,1,30
1170,fb12,1,1,30
1170,fb13,2,1,30
1170,fb14,2,1,30
1170,fb15,1,1,30
1170,fb16,1,1,30
1170,fb17,3,1,30
1170,fb18,1,1,30
1170,fb19,1,1,30
1170,fb20,1,1,30
1170,fb21,1,1,30
1170,fb22,2,1,30
1170,fb23,1,1,30
1170,fb24,2,1,30
1170,fb25,1,1,30
1170,fb26,2,1,30
1170,fb27,1,1,30
1170,fb28,1,1,30
1170,fb29,2,1,30
1175,fb0,1,1,30
1175,fb1,2,1,30
1175,fb2,2,1,30
1175,fb3,1,1,30
1175,fb4,1,1,30
1175,fb5,1,1,30
1175,fb6,1,1,30
1175,fb7,1,1,30
1175,fb8,1,1,30
1175,fb9,3,1,30
1175,fb10,1,1,30
1175,fb11,1,1,30
1175,fb12,1,1,30
1175,fb13,2,1,30
1175,fb14,2,1,30
1175,fb15,1,1,30
1175,fb16,1,1,30
1175,fb17,3,1,30
1175,fb18,1,1,30
1175,fb19,1,1,30
1175,fb20,1,1,30
1175,fb21,1,1,30
1175,fb22,2,1,30
1175,fb23,1,1,30
1175,fb24,2,1,30
1175,fb25,1,1,30
1175,fb26,2,1,30
1175,fb27,1,1,30
1175,fb28,1,1,30
1175,fb29,2,1,30
1180,fb0,1,1,30
1180,fb1,2,1,30
1180,fb2,2,1,30
1180,fb3,1,1,30
1180,fb4,1,0,30
1180,fb5,1,1,30
1180,fb6,1,1,30
1180,fb7,1,1,30
1180,fb8,1,1,30
1180,fb9,3,1,30
1180,fb10,1,1,30
1180,fb11,1,1,30
1180,fb12,1,1,30
1180,fb13,2,1,30
1180,fb14,2,1,30
1180,fb15,1,1,30
1180,fb16,1,1,30
1180,fb17,3,1,30
1180,fb18,1,1,30
1180,fb19,1,1,30
1180,fb20,1,1,30
1180,fb21,1,1,30
1180,fb22,2,1,30
1180,fb23,1,1,30
1180,fb24,2,0,30
1180,fb25,1,1,30
1180,fb26,2,1,30
1180,fb27,1,1,30
1180,fb28,1,1,30
1180,fb29,2,1,30
1185,fb0,1,1,30
1185,fb1,2,1,30
1185,fb2,2,1,30
1185,fb3,1,1,30
1185,fb4,1,1,30
1185,fb5,1,1,30
1185,fb6,1,1,30
1185,fb7,1,1,30
1185,fb8,1,1,30
1185,fb9,3,1,30
1185,fb10,1,1,30
1185,fb11,1,1,30
1185,fb12,1,1,30
1185,fb13,2,1,30
1185,fb14,2,1,30
1185,fb15,1,1,30
1185,fb16,1,1,30
1185,fb17,3,1,30
1185,fb18,1,1,30
1185,fb19,1,1,30
1185,fb20,1,1,30
1185,fb21,1,1,30
1185,fb22,2,1,30
1185,fb23,1,1,30
1185,fb24,2,1,30
1185,fb25,1,1,30
1185,fb26,2,1,30
1185,fb27,1,0,30
1185,fb28,1,1,30
1185,fb29,2,1,30
1190,fb0,1,1,30
1190,fb1,2,1,30
1190,fb2,2,1,30
1190,fb3,1,1,30
1190,fb4,1,1,30
1190,fb5,1,1,30
1190,fb6,1,1,30
1190,fb7,1,1,30
1190,fb8,1,1,30
1190,fb9,3,1,30
1190,fb10,1,1,30
1190,fb11,1,1,30
1190,fb12,1,1,30
1190,fb13,2,1,30
1190,fb14,2,1,30
1190,fb15,1,1,30
1190,fb16,1,1,30
1190,fb17,3,1,30
1190,fb18,1,1,30
1190,fb19,1,1,30
1190,fb20,1,1,30
1190,fb21,1,1,30
1190,fb22,2,1,30
1190,fb23,1,1,30
1190,fb24,2,1,30
1190,fb25,1,1,30
1190,fb26,2,1,30
1190,fb27,1,1,30
1190,fb28,1,1,30
1190,fb29,2,1,30
1195,fb0,1,1,30
1195,fb1,2,1,30
1195,fb2,2,1,30
1195,fb3,1,1,30
1195,fb4,1,1,30
1195,fb5,1,1,30
1195,fb6,1,1,30
1195,fb7,1,1,30
1195,fb8,1,1,30
1195,fb9,3,1,30
1195,fb10,1,1,30
1195,fb11,1,1,30
1195,fb12,1,1,30
1195,fb13,2,1,30
1195,fb14,2,1,30
1195,fb15,1,1,30
1195,fb16,1,1,30
1195,fb17,3,1,30
1195,fb18,1,1,30
1195,fb19,1,1,30
1195,fb20,1,1,30
1195,fb21,1,1,30
1195,fb22,2,1,30
1195,fb23,1,1,30
1195,fb24,2,1,30
1195,fb25,1,1,30
1195,fb26,2,1,30
1195,fb27,1,1,30
1195,fb28,1,1,30
1195,fb29,2,1,30
1200,fb0,1,1,30
1200,fb1,2,1,30
1200,fb2,2,1,30
1200,fb3,1,1,30
1200,fb4,1,1,30
1200,fb5,1,1,30
1200,fb6,1,1,30
1200,fb7,1,1,30
1200,fb8,1,1,30
1200,fb9,3,1,30
1200,fb10,1,1,30
1200,fb11,1,1,30
1200,fb12,1,1,30
1200,fb13,2,1,30
1200,fb14,2,1,30
1200,fb15,1,1,30
1200,fb16,1,1,30
1200,fb17,3,1,30
1200,fb18,1,1,30
1200,fb19,1,1,30
1200,fb20,1,1,30
1200,fb21,1,1,30
1200,fb22,2,1,30
1200,fb23,1,1,30
1200,fb24,2,1,30
1200,fb25,1,1,30
1200,fb26,2,1,30
1200,fb27,1,1,30
1200,fb28,1,1,30
1200,fb29,2,1,30
1205,fb0,1,1,30
1205,fb1,2,1,30
1205,fb2,2,1,30
1205,fb3,1,1,30
1205,fb4,1,1,30
1205,fb5,1,1,30
1205,fb6,1,1,30
1205,fb7,1,1,30
1205,fb8,1,1,30
1205,fb9,3,1,30
1205,fb10,1,1,30
1205,fb11,1,1,30
1205,fb12,1,1,30
1205,fb13,2,1,30
1205,fb14,2,1,30
1205,fb15,1,0,30
1205,fb16,1,1,30
1205,fb17,3,1,30
1205,fb18,1,1,30
1205,fb19,1,0,30
1205,fb20,1,1,30
1205,fb21,1,1,30
1205,fb22,2,1,30
1205,fb23,1,1,30
1205,fb24,2,1,30
1205,fb25,1,1,30
1205,fb26,2,1,30
1205,fb27,1,1,30
1205,fb28,1,1,30
1205,fb29,2,1,30
1210,fb0,1,1,30
1210,fb1,2,1,30
1210,fb2,2,1,30
1210,fb3,1,1,30
1210,fb4,1,1,30
1210,fb5,1,1,30
1210,fb6,1,0,30
1210,fb7,1,0,30
1210,fb8,1,1,30
1210,fb9,3,1,30
1210,fb10,1,1,30
1210,fb11,1,1,30
1210,fb12,1,1,30
1210,fb13,2,1,30
1210,fb14,2,1,30
1210,fb15,1,1,30
1210,fb16,1,1,30
1210,fb17,3,1,30
1210,fb18,1,1,30
1210,fb19,1,1,30
1210,fb20,1,1,30
1210,fb21,1,1,30
1210,fb22,2,1,30
1210,fb23,1,1,30
1210,fb24,2,1,30
1210,fb25,1,1,30
1210,fb26,2,1,30
1210,fb27,1,1,30
1210,fb28,1,1,30
1210,fb29,2,1,30
1215,fb0,1,1,30
1215,fb1,2,1,30
1215,fb2,2,1,30
1215,fb3,1,0,30
1215,fb4,1,1,30
1215,fb5,1,1,30
1215,fb6,1,1,30
1215,fb7,1,1,30
1215,fb8,1,1,30
1215,fb9,3,1,30
1215,fb10,1,1,30
1215,fb11,1,1,30
1215,fb12,1,1,30
1215,fb13,2,1,30
1215,fb14,2,1,30
1215,fb15,1,1,30
1215,fb16,1,0,30
1215,fb17,3,1,30
1215,fb18,1,1,30
1215,fb19,1,1,30
1215,fb20,1,1,30
1215,fb21,1,0,30
1215,fb22,2,0,30
1215,fb23,1,1,30
1215,fb24,2,1,30
1215,fb25,1,1,30
1215,fb26,2,1,30
1215,fb27,1,1,30
1215,fb28,1,1,30
1215,fb29,2,1,30
1220,fb0,1,1,30
1220,fb1,2,1,30
1220,fb2,2,1,30
1220,fb3,1,1,30
1220,fb4,1,1,30
1220,fb5,1,1,30
1220,fb6,1,1,30
1220,fb7,1,1,30
1220,fb8,1,1,30
1220,fb9,3,1,30
1220,fb10,1,1,30
1220,fb11,1,1,30
1220,fb12,1,1,30
1220,fb13,2,1,30
1220,fb14,2,1,30
1220,fb15,1,1,30
1220,fb16,1,1,30
1220,fb17,3,1,30
1220,fb18,1,1,30
1220,fb19,1,1,30
1220,fb20,1,1,30
1220,fb21,1,1,30
1220,fb22,2,1,30
1220,fb23,1,1,30
1220,fb24,2,1,30
1220,fb25,1,1,30
1220,fb26,2,1,30
1220,fb27,1,1,30
1220,fb28,1,1,30
1220,fb29,2,1,30
1225,fb0,1,0,30
1225,fb1,2,1,30
1225,fb2,2,1,30
1225,fb3,1,1,30
1225,fb4,1,1,30
1225,fb5,1,1,30
1225,fb6,1,1,30
1225,fb7,1,1,30
1225,fb8,1,1,30
1225,fb9,3,1,30
1225,fb10,1,1,30
1225,fb11,1,1,30
1225,fb12,1,1,30
1225,fb13,2,1,30
1225,fb14,2,1,30
1225,fb15,1,1,30
1225,fb16,1,1,30
1225,fb17,3,1,30
1225,fb18,1,1,30
1225,fb19,1,1,30
1225,fb20,1,1,30
1225,fb21,1,1,30
1225,fb22,2,1,30
1225,fb23,1,0,30
1225,fb24,2,1,30
1225,fb25,1,1,30
1225,fb26,2,1,30
1225,fb27,1,1,30
1225,fb28,1,1,30
1225,fb29,2,1,30
1230,fb0,1,1,30
1230,fb1,2,1,30
1230,fb2,2,1,30
1230,fb3,1,1,30
1230,fb4,1,1,30
1230,fb5,1,1,30
1230,fb6,1,1,30
1230,fb7,1,1,30
1230,fb8,1,1,30
1230,fb9,3,1,30
1230,fb10,1,1,30
1230,fb11,1,1,30
1230,fb12,1,1,30
1230,fb13,2,1,30
1230,fb14,2,1,30
1230,fb15,1,1,30
1230,fb16,1,1,30
1230,fb17,3,1,30
1230,fb18,1,1,30
1230,fb19,1,1,30
1230,fb20,1,1,30
1230,fb21,1,1,30
1230,fb22,2,1,30
1230,fb23,1,1,30
1230,fb24,2,1,30
1230,fb25,1,1,30
1230,fb26,2,1,30
1230,fb27,1,1,30
1230,fb28,1,1,30
1230,fb29,2,1,30
1235,fb0,1,1,30
1235,fb1,2,1,30
1235,fb2,2,1,30
1235,fb3,1,1,30
1235,fb4,1,1,30
1235,fb5,1,1,30
1235,fb6,1,1,30
1235,fb7,1,1,30
1235,fb8,1,1,30
1235,fb9,3,1,30
1235,fb10,1,0,30
1235,fb11,1,1,30
1235,fb12,1,1,30
1235,fb13,2,1,30
1235,fb14,2,1,30
1235,fb15,1,1,30
1235,fb16,1,1,30
1235,fb17,3,1,30
1235,fb18,1,1,30
1235,fb19,1,1,30
1235,fb20,1,1,30
1235,fb21,1,1,30
1235,fb22,2,1,30
1235,fb23,1,1,30
1235,fb24,2,1,30
1235,fb25,1,1,30
1235,fb26,2,1,30
1235,fb27,1,1,30
1235,fb28,1,1,30
1235,fb29,2,1,30
1240,fb0,1,1,30
1240,fb1,2,0,30
1240,fb2,2,0,30
1240,fb3,1,1,30
1240,fb4,1,1,30
1240,fb5,1,1,30
1240,fb6,1,1,30
1240,fb7,1,1,30
1240,fb8,1,1,30
1240,fb9,3,1,30
1240,fb10,1,1,30
1240,fb11,1,1,30
1240,fb12,1,0,30
1240,fb13,2,1,30
1240,fb14,2,0,30
1240,fb15,1,1,30
1240,fb16,1,1,30
1240,fb17,3,0,30
1240,fb18,1,1,30
1240,fb19,1,1,30
1240,fb20,1,1,30
1240,fb21,1,1,30
1240,fb22,2,1,30
1240,fb23,1,1,30
1240,fb24,2,1,30
1240,fb25,1,1,30
1240,fb26,2,1,30
1240,fb27,1,1,30
1240,fb28,1,1,30
1240,fb29,2,0,30
1245,fb0,1,1,30
1245,fb1,2,1,30
1245,fb2,2,1,30
1245,fb3,1,1,30
1245,fb4,1,1,30
1245,fb5,1,1,30
1245,fb6,1,1,30
1245,fb7,1,1,30
1245,fb8,1,1,30
1245,fb9,3,1,30
1245,fb10,1,1,30
1245,fb11,1,1,30
1245,fb12,1,1,30
1245,fb13,2,1,30
1245,fb14,2,1,30
1245,fb15,1,1,30
1245,fb16,1,1,30
1245,fb17,3,1,30
1245,fb18,1,1,30
1245,fb19,1,1,30
1245,fb20,1,1,30
1245,fb21,1,1,30
1245,fb22,2,1,30
1245,fb23,1,1,30
1245,fb24,2,1,30
1245,fb25,1,1,30
1245,fb26,2,1,30
1245,fb27,1,1,30
1245,fb28,1,0,30
1245,fb29,2,1,30
1250,fb0,1,1,30
1250,fb1,2,1,30
1250,fb2,2,1,30
1250,fb3,1,1,30
1250,fb4,1,1,30
1250,fb5,1,1,30
1250,fb6,1,1,30
1250,fb7,1,1,30
1250,fb8,1,1,30
1250,fb9,3,1,30
1250,fb10,1,1,30
1250,fb11,1,1,30
1250,fb12,1,1,30
1250,fb13,2,1,30
1250,fb14,2,1,30
1250,fb15,1,1,30
1250,fb16,1,1,30
1250,fb17,3,1,30
1250,fb18,1,0,30
1250,fb19,1,1,30
1250,fb20,1,1,30
1250,fb21,1,1,30
1250,fb22,2,1,30
1250,fb23,1,1,30
1250,fb24,2,1,30
1250,fb25,1,0,30
1250,fb26,2,1,30
1250,fb27,1,1,30
1250,fb28,1,1,30
1250,fb29,2,1,30
1255,fb0,1,1,30
1255,fb1,2,1,30
1255,fb2,2,1,30
1255,fb3,1,1,30
1255,fb4,1,1,30
1255,fb5,1,1,30
1255,fb6,1,1,30
1255,fb7,1,1,30
1255,fb8,1,0,30
1255,fb9,3,1,30
1255,fb10,1,1,30
1255,fb11,1,1,30
1255,fb12,1,1,30
1255,fb13,2,1,30
1255,fb14,2,1,30
1255,fb15,1,1,30
1255,fb16,1,1,30
1255,fb17,3,1,30
1255,fb18,1,1,30
1255,fb19,1,1,30
1255,fb20,1,1,30
1255,fb21,1,1,30
1255,fb22,2,1,30
1255,fb23,1,1,30
1255,fb24,2,1,30
1255,fb25,1,1,30
1255,fb26,2,1,30
1255,fb27,1,1,30
1255,fb28,1,1,30
1255,fb29,2,1,30
1260,fb0,1,1,30
1260,fb1,2,1,30
1260,fb2,2,1,30
1260,fb3,1,1,30
1260,fb4,1,1,30
1260,fb5,1,1,30
1260,fb6,1,1,30
1260,fb7,1,1,30
1260,fb8,1,1,30
1260,fb9,3,1,30
1260,fb10,1,1,30
1260,fb11,1,1,30
1260,fb12,1,1,30
1260,fb13,2,1,30
1260,fb14,2,1,30
1260,fb15,1,1,30
1260,fb16,1,1,30
1260,fb17,3,1,30
1260,fb18,1,1,30
1260,fb19,1,1,30
1260,fb20,1,1,30
1260,fb21,1,1,30
1260,fb22,2,1,30
1260,fb23,1,1,30
1260,fb24,2,1,30
1260,fb25,1,1,30
1260,fb26,2,1,30
1260,fb27,1,1,30
1260,fb28,1,1,30
1260,fb29,2,1,30
1265,fb0,1,1,30
1265,fb1,2,1,30
1265,fb2,2,1,30
1265,fb3,1,1,30
1265,fb4,1,1,30
1265,fb5,1,1,30
1265,fb6,1,1,30
1265,fb7,1,1,30
1265,fb8,1,1,30
1265,fb9,3,1,30
1265,fb10,1,1,30
1265,fb11,1,1,30
1265,fb12,1,1,30
1265,fb13,2,1,30
1265,fb14,2,1,30
1265,fb15,1,1,30
1265,fb16,1,1,30
1265,fb17,3,1,30
1265,fb18,1,1,30
1265,fb19,1,1,30
1265,fb20,1,1,30
1265,fb21,1,1,30
1265,fb22,2,1,30
1265,fb23,1,1,30
1265,fb24,2,1,30
1265,fb25,1,1,30
1265,fb26,2,1,30
1265,fb27,1,1,30
1265,fb28,1,1,30
1265,fb29,2,1,30
1270,fb0,1,1,30
1270,fb1,2,1,30
1270,fb2,2,1,30
1270,fb3,1,1,30
1270,fb4,1,1,30
1270,fb5,1,1,30
1270,fb6,1,1,30
1270,fb7,1,1,30
1270,fb8,1,1,30
1270,fb9,3,1,30
1270,fb10,1,1,30
1270,fb11,1,1,30
1270,fb12,1,1,30
1270,fb13,2,1,30
1270,fb14,2,1,30
1270,fb15,1,1,30
1270,fb16,1,1,30
1270,fb17,3,1,30
1270,fb18,1,1,30
1270,fb19,1,1,30
1270,fb20,1,1,30
1270,fb21,1,1,30
1270,fb22,2,1,30
1270,fb23,1,1,30
1270,fb24,2,1,30
1270,fb25,1,1,30
1270,fb26,2,1,30
1270,fb27,1,1,30
1270,fb28,1,1,30
1270,fb29,2,1,30
1275,fb0,1,1,30
1275,fb1,2,1,30
1275,fb2,2,1,30
1275,fb3,1,1,30
1275,fb4,1,1,30
1275,fb5,1,1,30
1275,fb6,1,1,30
1275,fb7,1,1,30
1275,fb8,1,1,30
1275,fb9,3,1,30
1275,fb10,1,1,30
1275,fb11,1,1,30
1275,fb12,1,1,30
1275,fb13,2,1,30
1275,fb14,2,1,30
1275,fb15,1,1,30
1275,fb16,1,1,30
1275,fb17,3,1,30
1275,fb18,1,1,30
1275,fb19,1,1,30
1275,fb20,1,1,30
1275,fb21,1,1,30
1275,fb22,2,1,30
1275,fb23,1,1,30
1275,fb24,2,1,30
1275,fb25,1,1,30
1275,fb26,2,1,30
1275,fb27,1,1,30
1275,fb28,1,1,30
1275,fb29,2,1,30
1280,fb0,1,1,30
1280,fb1,2,1,30
1280,fb2,2,1,30
1280,fb3,1,1,30
1280,fb4,1,1,30
1280,fb5,1,1,30
1280,fb6,1,1,30
1280,fb7,1,1,30
1280,fb8,1,1,30
1280,fb9,3,1,30
1280,fb10,1,1,30
1280,fb11,1,1,30
1280,fb12,1,1,30
1280,fb13,2,1,30
1280,fb14,2,1,30
1280,fb15,1,1,30
1280,fb16,1,1,30
1280,fb17,3,1,30
1280,fb18,1,1,30
1280,fb19,1,1,30
1280,fb20,1,1,30
1280,fb21,1,1,30
1280,fb22,2,1,30
1280,fb23,1,1,30
1280,fb24,2,1,30
1280,fb25,1,1,30
1280,fb26,2,1,30
1280,fb27,1,1,30
1280,fb28,1,1,30
1280,fb29,2,1,30
1285,fb0,1,1,30
1285,fb1,2,1,30
1285,fb2,2,1,30
1285,fb3,1,1,30
1285,fb4,1,1,30
1285,fb5,1,1,30
1285,fb6,1,1,30
1285,fb7,1,1,30
1285,fb8,1,1,30
1285,fb9,3,1,30
1285,fb10,1,1,30
1285,fb11,1,1,30
1285,fb12,1,1,30
1285,fb13,2,1,30
1285,fb14,2,1,30
1285,fb15,1,1,30
1285,fb16,1,1,30
1285,fb17,3,1,30
1285,fb18,1,1,30
1285,fb19,1,1,30
1285,fb20,1,1,30
1285,fb21,1,1,30
1285,fb22,2,1,30
1285,fb23,1,1,30
1285,fb24,2,1,30
1285,fb25,1,1,30
1285,fb26,2,1,30
1285,fb27,1,1,30
1285,fb28,1,1,30
1285,fb29,2,1,30
1290,fb0,1,1,30
1290,fb1,2,1,30
1290,fb2,2,1,30
1290,fb3,1,1,30
1290,fb4,1,1,30
1290,fb5,1,1,30
1290,fb6,1,1,30
1290,fb7,1,1,30
1290,fb8,1,1,30
1290,fb9,3,1,30
1290,fb10,1,1,30
1290,fb11,1,1,30
1290,fb12,1,1,30
1290,fb13,2,1,30
1290,fb14,2,1,30
1290,fb15,1,1,30
1290,fb16,1,1,30
1290,fb17,3,1,30
1290,fb18,1,1,30
1290,fb19,1,1,30
1290,fb20,1,1,30
1290,fb21,1,1,30
1290,fb22,2,1,30
1290,fb23,1,1,30
1290,fb24,2,1,30
1290,fb25,1,1,30
1290,fb26,2,1,30
1290,fb27,1,1,30
1290,fb28,1,1,30
1290,fb29,2,1,30
1295,fb0,1,1,30
1295,fb1,2,1,30
1295,fb2,2,1,30
1295,fb3,1,1,30
1295,fb4,1,1,30
1295,fb5,1,1,30
1295,fb6,1,1,30
1295,fb7,1,1,30
1295,fb8,1,1,30
1295,fb9,3,1,30
1295,fb10,1,1,30
1295,fb11,1,0,30
1295,fb12,1,1,30
1295,fb13,2,1,30
1295,fb14,2,1,30
1295,fb15,1,1,30
1295,fb16,1,1,30
1295,fb17,3,1,30
1295,fb18,1,1,30
1295,fb19,1,1,30
1295,fb20,1,1,30
1295,fb21,1,1,30
1295,fb22,2,1,30
1295,fb23,1,1,30
1295,fb24,2,1,30
1295,fb25,1,1,30
1295,fb26,2,1,30
1295,fb27,1,1,30
1295,fb28,1,1,30
1295,fb29,2,1,30
1300,fb0,1,1,30
1300,fb1,2,1,30
1300,fb2,2,1,30
1300,fb3,1,1,30
1300,fb4,1,1,30
1300,fb5,1,1,30
1300,fb6,1,1,30
1300,fb7,1,1,30
1300,fb8,1,1,30
1300,fb9,3,1,30
1300,fb10,1,1,30
1300,fb11,1,1,30
1300,fb12,1,1,30
1300,fb13,2,1,30
1300,fb14,2,1,30
1300,fb15,1,1,30
1300,fb16,1,1,30
1300,fb17,3,1,30
1300,fb18,1,1,30
1300,fb19,1,1,30
1300,fb20,1,1,30
1300,fb21,1,1,30
1300,fb22,2,1,30
1300,fb23,1,1,30
1300,fb24,2,1,30
1300,fb25,1,1,30
1300,fb26,2,1,30
1300,fb27,1,1,30
1300,fb28,1,1,30
1300,fb29,2,1,30
1305,fb0,1,1,30
1305,fb1,2,1,30
1305,fb2,2,1,30
1305,fb3,1,1,30
1305,fb4,1,1,30
1305,fb5,1,1,30
1305,fb6,1,1,30
1305,fb7,1,1,30
1305,fb8,1,1,30
1305,fb9,3,1,30
1305,fb10,1,1,30
1305,fb11,1,1,30
1305,fb12,1,1,30
1305,fb13,2,1,30
1305,fb14,2,1,30
1305,fb15,1,1,30
1305,fb16,1,1,30
1305,fb17,3,1,30
1305,fb18,1,1,30
1305,fb19,1,1,30
1305,fb20,1,1,30
1305,fb21,1,1,30
1305,fb22,2,1,30
1305,fb23,1,1,30
1305,fb24,2,1,30
1305,fb25,1,1,30
1305,fb26,2,1,30
1305,fb27,1,1,30
1305,fb28,1,1,30
1305,fb29,2,1,30
1310,fb0,1,1,30
1310,fb1,2,1,30
1310,fb2,2,1,30
1310,fb3,1,1,30
1310,fb4,1,1,30
1310,fb5,1,1,30
1310,fb6,1,1,30
1310,fb7,1,1,30
1310,fb8,1,1,30
1310,fb9,3,1,30
1310,fb10,1,1,30
1310,fb11,1,1,30
1310,fb12,1,1,30
1310,fb13,2,1,30
1310,fb14,2,1,30
1310,fb15,1,1,30
1310,fb16,1,1,30
1310,fb17,3,1,30
1310,fb18,1,1,30
1310,fb19,1,1,30
1310,fb20,1,1,30
1310,fb21,1,1,30
1310,fb22,2,1,30
1310,fb23,1,1,30
1310,fb24,2,1,30
1310,fb25,1,1,30
1310,fb26,2,1,30
1310,fb27,1,1,30
1310,fb28,1,1,30
1310,fb29,2,1,30
1315,fb0,1,1,30
1315,fb1,2,1,30
1315,fb2,2,1,30
1315,fb3,1,1,30
1315,fb4,1,1,30
1315,fb5,1,1,30
1315,fb6,1,1,30
1315,fb7,1,1,30
1315,fb8,1,1,30
1315,fb9,3,0,30
1315,fb10,1,1,30
1315,fb11,1,1,30
1315,fb12,1,1,30
1315,fb13,2,1,30
1315,fb14,2,1,30
1315,fb15,1,1,30
1315,fb16,1,1,30
1315,fb17,3,1,30
1315,fb18,1,1,30
1315,fb19,1,1,30
1315,fb20,1,1,30
1315,fb21,1,1,30
1315,fb22,2,1,30
1315,fb23,1,1,30
1315,fb24,2,1,30
1315,fb25,1,1,30
1315,fb26,2,0,30
1315,fb27,1,1,30
1315,fb28,1,1,30
1315,fb29,2,1,30
1320,fb0,1,1,30
1320,fb1,2,1,30
1320,fb2,2,1,30
1320,fb3,1,1,30
1320,fb4,1,1,30
1320,fb5,1,1,30
1320,fb6,1,1,30
1320,fb7,1,1,30
1320,fb8,1,1,30
1320,fb9,3,1,30
1320,fb10,1,1,30
1320,fb11,1,1,30
1320,fb12,1,1,30
1320,fb13,2,0,30
1320,fb14,2,1,30
1320,fb15,1,1,30
1320,fb16,1,1,30
1320,fb17,3,1,30
1320,fb18,1,1,30
1320,fb19,1,1,30
1320,fb20,1,0,30
1320,fb21,1,1,30
1320,fb22,2,1,30
1320,fb23,1,1,30
1320,fb24,2,1,30
1320,fb25,1,1,30
1320,fb26,2,1,30
1320,fb27,1,1,30
1320,fb28,1,1,30
1320,fb29,2,1,30
1325,fb0,1,1,30
1325,fb1,2,1,30
1325,fb2,2,1,30
1325,fb3,1,1,30
1325,fb4,1,1,30
1325,fb5,1,0,30
1325,fb6,1,1,30
1325,fb7,1,1,30
1325,fb8,1,1,30
1325,fb9,3,1,30
1325,fb10,1,1,30
1325,fb11,1,1,30
1325,fb12,1,1,30
1325,fb13,2,1,30
1325,fb14,2,1,30
1325,fb15,1,1,30
1325,fb16,1,1,30
1325,fb17,3,1,30
1325,fb18,1,1,30
1325,fb19,1,1,30
1325,fb20,1,1,30
1325,fb21,1,1,30
1325,fb22,2,1,30
1325,fb23,1,1,30
1325,fb24,2,1,30
1325,fb25,1,1,30
1325,fb26,2,1,30
1325,fb27,1,1,30
1325,fb28,1,1,30
1325,fb29,2,1,30
1330,fb0,1,1,30
1330,fb1,2,1,30
1330,fb2,2,1,30
1330,fb3,1,1,30
1330,fb4,1,1,30
1330,fb5,1,1,30
1330,fb6,1,1,30
1330,fb7,1,1,30
1330,fb8,1,1,30
1330,fb9,3,1,30
1330,fb10,1,1,30
1330,fb11,1,1,30
1330,fb12,1,1,30
1330,fb13,2,1,30
1330,fb14,2,1,30
1330,fb15,1,1,30
1330,fb16,1,1,30
1330,fb17,3,1,30
1330,fb18,1,1,30
1330,fb19,1,1,30
1330,fb20,1,1,30
1330,fb21,1,1,30
1330,fb22,2,1,30
1330,fb23,1,1,30
1330,fb24,2,1,30
1330,fb25,1,1,30
1330,fb26,2,1,30
1330,fb27,1,1,30
1330,fb28,1,1,30
1330,fb29,2,1,30
1335,fb0,1,1,30
1335,fb1,2,1,30
1335,fb2,2,1,30
1335,fb3,1,1,30
1335,fb4,1,0,30
1335,fb5,1,1,30
1335,fb6,1,1,30
1335,fb7,1,1,30
1335,fb8,1,1,30
1335,fb9,3,1,30
1335,fb10,1,1,30
1335,fb11,1,1,30
1335,fb12,1,1,30
1335,fb13,2,1,30
1335,fb14,2,1,30
1335,fb15,1,1,30
1335,fb16,1,1,30
1335,fb17,3,1,30
1335,fb18,1,1,30
1335,fb19,1,1,30
1335,fb20,1,1,30
1335,fb21,1,1,30
1335,fb22,2,1,30
1335,fb23,1,1,30
1335,fb24,2,0,30
1335,fb25,1,1,30
1335,fb26,2,1,30
1335,fb27,1,1,30
1335,fb28,1,1,30
1335,fb29,2,1,30
1340,fb0,1,1,30
1340,fb1,2,1,30
1340,fb2,2,1,30
1340,fb3,1,1,30
1340,fb4,1,1,30
1340,fb5,1,1,30
1340,fb6,1,1,30
1340,fb7,1,1,30
1340,fb8,1,1,30
1340,fb9,3,1,30
1340,fb10,1,1,30
1340,fb11,1,1,30
1340,fb12,1,1,30
1340,fb13,2,1,30
1340,fb14,2,1,30
1340,fb15,1,1,30
1340,fb16,1,1,30
1340,fb17,3,1,30
1340,fb18,1,1,30
1340,fb19,1,1,30
1340,fb20,1,1,30
1340,fb21,1,1,30
1340,fb22,2,1,30
1340,fb23,1,1,30
1340,fb24,2,1,30
1340,fb25,1,1,30
1340,fb26,2,1,30
1340,fb27,1,0,30
1340,fb28,1,1,30
1340,fb29,2,1,30
1345,fb0,1,1,30
1345,fb1,2,1,30
1345,fb2,2,1,30
1345,fb3,1,1,30
1345,fb4,1,1,30
1345,fb5,1,1,30
1345,fb6,1,1,30
1345,fb7,1,1,30
1345,fb8,1,1,30
1345,fb9,3,1,30
1345,fb10,1,1,30
1345,fb11,1,1,30
1345,fb12,1,1,30
1345,fb13,2,1,30
1345,fb14,2,1,30
1345,fb15,1,1,30
1345,fb16,1,1,30
1345,fb17,3,1,30
1345,fb18,1,1,30
1345,fb19,1,1,30
1345,fb20,1,1,30
1345,fb21,1,1,30
1345,fb22,2,1,30
1345,fb23,1,1,30
1345,fb24,2,1,30
1345,fb25,1,1,30
1345,fb26,2,1,30
1345,fb27,1,1,30
1345,fb28,1,1,30
1345,fb29,2,1,30
1350,fb0,1,1,30
1350,fb1,2,1,30
1350,fb2,2,1,30
1350,fb3,1,1,30
1350,fb4,1,1,30
1350,fb5,1,1,30
1350,fb6,1,1,30
1350,fb7,1,1,30
1350,fb8,1,1,30
1350,fb9,3,1,30
1350,fb10,1,1,30
1350,fb11,1,1,30
1350,fb12,1,1,30
1350,fb13,2,1,30
1350,fb14,2,1,30
1350,fb15,1,1,30
1350,fb16,1,1,30
1350,fb17,3,1,30
1350,fb18,1,1,30
1350,fb19,1,1,30
1350,fb20,1,1,30
1350,fb21,1,1,30
1350,fb22,2,1,30
1350,fb23,1,1,30
1350,fb24,2,1,30
1350,fb25,1,1,30
1350,fb26,2,1,30
1350,fb27,1,1,30
1350,fb28,1,1,30
1350,fb29,2,1,30
1355,fb0,1,1,30
1355,fb1,2,1,30
1355,fb2,2,1,30
1355,fb3,1,1,30
1355,fb4,1,1,30
1355,fb5,1,1,30
1355,fb6,1,1,30
1355,fb7,1,1,30
1355,fb8,1,1,30
1355,fb9,3,1,30
1355,fb10,1,1,30
1355,fb11,1,1,30
1355,fb12,1,1,30
1355,fb13,2,1,30
1355,fb14,2,1,30
1355,fb15,1,1,30
1355,fb16,1,1,30
1355,fb17,3,1,30
1355,fb18,1,1,30
1355,fb19,1,1,30
1355,fb20,1,1,30
1355,fb21,1,1,30
1355,fb22,2,1,30
1355,fb23,1,1,30
1355,fb24,2,1,30
1355,fb25,1,1,30
1355,fb26,2,1,30
1355,fb27,1,1,30
1355,fb28,1,1,30
1355,fb29,2,1,30
1360,fb0,1,1,30
1360,fb1,2,1,30
1360,fb2,2,1,30
1360,fb3,1,1,30
1360,fb4,1,1,30
1360,fb5,1,1,30
1360,fb6,1,1,30
1360,fb7,1,1,30
1360,fb8,1,1,30
1360,fb9,3,1,30
1360,fb10,1,1,30
1360,fb11,1,1,30
1360,fb12,1,1,30
1360,fb13,2,1,30
1360,fb14,2,1,30
1360,fb15,1,0,30
1360,fb16,1,1,30
1360,fb17,3,1,30
1360,fb18,1,1,30
1360,fb19,1,0,30
1360,fb20,1,1,30
1360,fb21,1,1,30
1360,fb22,2,1,30
1360,fb23,1,1,30
1360,fb24,2,1,30
1360,fb25,1,1,30
1360,fb26,2,1,30
1360,fb27,1,1,30
1360,fb28,1,1,30
1360,fb29,2,1,30
1365,fb0,1,1,30
1365,fb1,2,1,30
1365,fb2,2,1,30
1365,fb3,1,1,30
1365,fb4,1,1,30
1365,fb5,1,1,30
1365,fb6,1,0,30
1365,fb7,1,0,30
1365,fb8,1,1,30
1365,fb9,3,1,30
1365,fb10,1,1,30
1365,fb11,1,1,30
1365,fb12,1,1,30
1365,fb13,2,1,30
1365,fb14,2,1,30
1365,fb15,1,1,30
1365,fb16,1,1,30
1365,fb17,3,1,30
1365,fb18,1,1,30
1365,fb19,1,1,30
1365,fb20,1,1,30
1365,fb21,1,1,30
1365,fb22,2,1,30
1365,fb23,1,1,30
1365,fb24,2,1,30
1365,fb25,1,1,30
1365,fb26,2,1,30
1365,fb27,1,1,30
1365,fb28,1,1,30
1365,fb29,2,1,30
1370,fb0,1,1,30
1370,fb1,2,1,30
1370,fb2,2,1,30
1370,fb3,1,0,30
1370,fb4,1,1,30
1370,fb5,1,1,30
1370,fb6,1,1,30
1370,fb7,1,1,30
1370,fb8,1,1,30
1370,fb9,3,1,30
1370,fb10,1,1,30
1370,fb11,1,1,30
1370,fb12,1,1,30
1370,fb13,2,1,30
1370,fb14,2,1,30
1370,fb15,1,1,30
1370,fb16,1,0,30
1370,fb17,3,1,30
1370,fb18,1,1,30
1370,fb19,1,1,30
1370,fb20,1,1,30
1370,fb21,1,0,30
1370,fb22,2,0,30
1370,fb23,1,1,30
1370,fb24,2,1,30
1370,fb25,1,1,30
1370,fb26,2,1,30
1370,fb27,1,1,30
1370,fb28,1,1,30
1370,fb29,2,1,30
1375,fb0,1,1,30
1375,fb1,2,1,30
1375,fb2,2,1,30
1375,fb3,1,1,30
1375,fb4,1,1,30
1375,fb5,1,1,30
1375,fb6,1,1,30
1375,fb7,1,1,30
1375,fb8,1,1,30
1375,fb9,3,1,30
1375,fb10,1,1,30
1375,fb11,1,1,30
1375,fb12,1,1,30
1375,fb13,2,1,30
1375,fb14,2,1,30
1375,fb15,1,1,30
1375,fb16,1,1,30
1375,fb17,3,1,30
1375,fb18,1,1,30
1375,fb19,1,1,30
1375,fb20,1,1,30
1375,fb21,1,1,30
1375,fb22,2,1,30
1375,fb23,1,1,30
1375,fb24,2,1,30
1375,fb25,1,1,30
1375,fb26,2,1,30
1375,fb27,1,1,30
1375,fb28,1,1,30
1375,fb29,2,1,30
1380,fb0,1,0,30
1380,fb1,2,1,30
1380,fb2,2,1,30
1380,fb3,1,1,30
1380,fb4,1,1,30
1380,fb5,1,1,30
1380,fb6,1,1,30
1380,fb7,1,1,30
1380,fb8,1,1,30
1380,fb9,3,1,30
1380,fb10,1,1,30
1380,fb11,1,1,30
1380,fb12,1,1,30
1380,fb13,2,1,30
1380,fb14,2,1,30
1380,fb15,1,1,30
1380,fb16,1,1,30
1380,fb17,3,1,30
1380,fb18,1,1,30
1380,fb19,1,1,30
1380,fb20,1,1,30
1380,fb21,1,1,30
1380,fb22,2,1,30
1380,fb23,1,0,30
1380,fb24,2,1,30
1380,fb25,1,1,30
1380,fb26,2,1,30
1380,fb27,1,1,30
1380,fb28,1,1,30
1380,fb29,2,1,30
1385,fb0,1,1,30
1385,fb1,2,1,30
1385,fb2,2,1,30
1385,fb3,1,1,30
1385,fb4,1,1,30
1385,fb5,1,1,30
1385,fb6,1,1,30
1385,fb7,1,1,30
1385,fb8,1,1,30
1385,fb9,3,1,30
1385,fb10,1,1,30
1385,fb11,1,1,30
1385,fb12,1,1,30
1385,fb13,2,1,30
1385,fb14,2,1,30
1385,fb15,1,1,30
1385,fb16,1,1,30
1385,fb17,3,1,30
1385,fb18,1,1,30
1385,fb19,1,1,30
1385,fb20,1,1,30
1385,fb21,1,1,30
1385,fb22,2,1,30
1385,fb23,1,1,30
1385,fb24,2,1,30
1385,fb25,1,1,30
1385,fb26,2,1,30
1385,fb27,1,1,30
1385,fb28,1,1,30
1385,fb29,2,1,30
1390,fb0,1,1,30
1390,fb1,2,1,30
1390,fb2,2,1,30
1390,fb3,1,1,30
1390,fb4,1,1,30
1390,fb5,1,1,30
1390,fb6,1,1,30
1390,fb7,1,1,30
1390,fb8,1,1,30
1390,fb9,3,1,30
1390,fb10,1,0,30
1390,fb11,1,1,30
1390,fb12,1,1,30
1390,fb13,2,1,30
1390,fb14,2,1,30
1390,fb15,1,1,30
1390,fb16,1,1,30
1390,fb17,3,1,30
1390,fb18,1,1,30
1390,fb19,1,1,30
1390,fb20,1,1,30
1390,fb21,1,1,30
1390,fb22,2,1,30
1390,fb23,1,1,30
1390,fb24,2,1,30
1390,fb25,1,1,30
1390,fb26,2,1,30
1390,fb27,1,1,30
1390,fb28,1,1,30
1390,fb29,2,1,30
1395,fb0,1,1,30
1395,fb1,2,0,30
1395,fb2,2,0,30
1395,fb3,1,1,30
1395,fb4,1,1,30
1395,fb5,1,1,30
1395,fb6,1,1,30
1395,fb7,1,1,30
1395,fb8,1,1,30
1395,fb9,3,1,30
1395,fb10,1,1,30
1395,fb11,1,1,30
1395,fb12,1,0,30
1395,fb13,2,1,30
1395,fb14,2,0,30
1395,fb15,1,1,30
1395,fb16,1,1,30
1395,fb17,3,0,30
1395,fb18,1,1,30
1395,fb19,1,1,30
1395,fb20,1,1,30
1395,fb21,1,1,30
1395,fb22,2,1,30
1395,fb23,1,1,30
1395,fb24,2,1,30
1395,fb25,1,1,30
1395,fb26,2,1,30
1395,fb27,1,1,30
1395,fb28,1,1,30
1395,fb29,2,0,30
1400,fb0,1,1,30
1400,fb1,2,1,30
1400,fb2,2,1,30
1400,fb3,1,1,30
1400,fb4,1,1,30
1400,fb5,1,1,30
1400,fb6,1,1,30
1400,fb7,1,1,30
1400,fb8,1,1,30
1400,fb9,3,1,30
1400,fb10,1,1,30
1400,fb11,1,1,30
1400,fb12,1,1,30
1400,fb13,2,1,30
1400,fb14,2,1,30
1400,fb15,1,1,30
1400,fb16,1,1,30
1400,fb17,3,1,30
1400,fb18,1,1,30
1400,fb19,1,1,30
1400,fb20,1,1,30
1400,fb21,1,1,30
1400,fb22,2,1,30
1400,fb23,1,1,30
1400,fb24,2,1,30
1400,fb25,1,1,30
1400,fb26,2,1,30
1400,fb27,1,1,30
1400,fb28,1,0,30
1400,fb29,2,1,30
1405,fb0,1,1,30
1405,fb1,2,1,30
1405,fb2,2,1,30
1405,fb3,1,1,30
1405,fb4,1,1,30
1405,fb5,1,1,30
1405,fb6,1,1,30
1405,fb7,1,1,30
1405,fb8,1,1,30
1405,fb9,3,1,30
1405,fb10,1,1,30
1405,fb11,1,1,30
1405,fb12,1,1,30
1405,fb13,2,1,30
1405,fb14,2,1,30
1405,fb15,1,1,30
1405,fb16,1,1,30
1405,fb17,3,1,30
1405,fb18,1,0,30
1405,fb19,1,1,30
1405,fb20,1,1,30
1405,fb21,1,1,30
1405,fb22,2,1,30
1405,fb23,1,1,30
1405,fb24,2,1,30
1405,fb25,1,0,30
1405,fb26,2,1,30
1405,fb27,1,1,30
1405,fb28,1,1,30
1405,fb29,2,1,30
1410,fb0,1,1,30
1410,fb1,2,1,30
1410,fb2,2,1,30
1410,fb3,1,1,30
1410,fb4,1,1,30
1410,fb5,1,1,30
1410,fb6,1,1,30
1410,fb7,1,1,30
1410,fb8,1,0,30
1410,fb9,3,1,30
1410,fb10,1,1,30
1410,fb11,1,1,30
1410,fb12,1,1,30
1410,fb13,2,1,30
1410,fb14,2,1,30
1410,fb15,1,1,30
1410,fb16,1,1,30
1410,fb17,3,1,30
1410,fb18,1,1,30
1410,fb19,1,1,30
1410,fb20,1,1,30
1410,fb21,1,1,30
1410,fb22,2,1,30
1410,fb23,1,1,30
1410,fb24,2,1,30
1410,fb25,1,1,30
1410,fb26,2,1,30
1410,fb27,1,1,30
1410,fb28,1,1,30
1410,fb29,2,1,30
1415,fb0,1,1,30
1415,fb1,2,1,30
1415,fb2,2,1,30
1415,fb3,1,1,30
1415,fb4,1,1,30
1415,fb5,1,1,30
1415,fb6,1,1,30
1415,fb7,1,1,30
1415,fb8,1,1,30
1415,fb9,3,1,30
1415,fb10,1,1,30
1415,fb11,1,1,30
1415,fb12,1,1,30
1415,fb13,2,1,30
1415,fb14,2,1,30
1415,fb15,1,1,30
1415,fb16,1,1,30
1415,fb17,3,1,30
1415,fb18,1,1,30
1415,fb19,1,1,30
1415,fb20,1,1,30
1415,fb21,1,1,30
1415,fb22,2,1,30
1415,fb23,1,1,30
1415,fb24,2,1,30
1415,fb25,1,1,30
1415,fb26,2,1,30
1415,fb27,1,1,30
1415,fb28,1,1,30
1415,fb29,2,1,30
1420,fb0,1,1,30
1420,fb1,2,1,30
1420,fb2,2,1,30
1420,fb3,1,1,30
1420,fb4,1,1,30
1420,fb5,1,1,30
1420,fb6,1,1,30
1420,fb7,1,1,30
1420,fb8,1,1,30
1420,fb9,3,1,30
1420,fb10,1,1,30
1420,fb11,1,1,30
1420,fb12,1,1,30
1420,fb13,2,1,30
1420,fb14,2,1,30
1420,fb15,1,1,30
1420,fb16,1,1,30
1420,fb17,3,1,30
1420,fb18,1,1,30
1420,fb19,1,1,30
1420,fb20,1,1,30
1420,fb21,1,1,30
1420,fb22,2,1,30
1420,fb23,1,1,30
1420,fb24,2,1,30
1420,fb25,1,1,30
1420,fb26,2,1,30
1420,fb27,1,1,30
1420,fb28,1,1,30
1420,fb29,2,1,30
1425,fb0,1,1,30
1425,fb1,2,1,30
1425,fb2,2,1,30
1425,fb3,1,1,30
1425,fb4,1,1,30
1425,fb5,1,1,30
1425,fb6,1,1,30
1425,fb7,1,1,30
1425,fb8,1,1,30
1425,fb9,3,1,30
1425,fb10,1,1,30
1425,fb11,1,1,30
1425,fb12,1,1,30
1425,fb13,2,1,30
1425,fb14,2,1,30
1425,fb15,1,1,30
1425,fb16,1,1,30
1425,fb17,3,1,30
1425,fb18,1,1,30
1425,fb19,1,1,30
1425,fb20,1,1,30
1425,fb21,1,1,30
1425,fb22,2,1,30
1425,fb23,1,1,30
1425,fb24,2,1,30
1425,fb25,1,1,30
1425,fb26,2,1,30
1425,fb27,1,1,30
1425,fb28,1,1,30
1425,fb29,2,1,30
1430,fb0,1,1,30
1430,fb1,2,1,30
1430,fb2,2,1,30
1430,fb3,1,1,30
1430,fb4,1,1,30
1430,fb5,1,1,30
1430,fb6,1,1,30
1430,fb7,1,1,30
1430,fb8,1,1,30
1430,fb9,3,1,30
1430,fb10,1,1,30
1430,fb11,1,1,30
1430,fb12,1,1,30
1430,fb13,2,1,30
1430,fb14,2,1,30
1430,fb15,1,1,30
1430,fb16,1,1,30
1430,fb17,3,1,30
1430,fb18,1,1,30
1430,fb19,1,1,30
1430,fb20,1,1,30
1430,fb21,1,1,30
1430,fb22,2,1,30
1430,fb23,1,1,30
1430,fb24,2,1,30
1430,fb25,1,1,30
1430,fb26,2,1,30
1430,fb27,1,1,30
1430,fb28,1,1,30
1430,fb29,2,1,30
1435,fb0,1,1,30
1435,fb1,2,1,30
1435,fb2,2,1,30
1435,fb3,1,1,30
1435,fb4,1,1,30
1435,fb5,1,1,30
1435,fb6,1,1,30
1435,fb7,1,1,30
1435,fb8,1,1,30
1435,fb9,3,1,30
1435,fb10,1,1,30
1435,fb11,1,1,30
1435,fb12,1,1,30
1435,fb13,2,1,30
1435,fb14,2,1,30
1435,fb15,1,1,30
1435,fb16,1,1,30
1435,fb17,3,1,30
1435,fb18,1,1,30
1435,fb19,1,1,30
1435,fb20,1,1,30
1435,fb21,1,1,30
1435,fb22,2,1,30
1435,fb23,1,1,30
1435,fb24,2,1,30
1435,fb25,1,1,30
1435,fb26,2,1,30
1435,fb27,1,1,30
1435,fb28,1,1,30
1435,fb29,2,1,30
1440,fb0,1,1,30
1440,fb1,2,1,30
1440,fb2,2,1,30
1440,fb3,1,1,30
1440,fb4,1,1,30
1440,fb5,1,1,30
1440,fb6,1,1,30
1440,fb7,1,1,30
1440,fb8,1,1,30
1440,fb9,3,1,30
1440,fb10,1,1,30
1440,fb11,1,1,30
1440,fb12,1,1,30
1440,fb13,2,1,30
1440,fb14,2,1,30
1440,fb15,1,1,30
1440,fb16,1,1,30
1440,fb17,3,1,30
1440,fb18,1,1,30
1440,fb19,1,1,30
1440,fb20,1,1,30
1440,fb21,1,1,30
1440,fb22,2,1,30
1440,fb23,1,1,30
1440,fb24,2,1,30
1440,fb25,1,1,30
1440,fb26,2,1,30
1440,fb27,1,1,30
1440,fb28,1,1,30
1440,fb29,2,1,30
1445,fb0,1,1,30
1445,fb1,2,1,30
1445,fb2,2,1,30
1445,fb3,1,1,30
1445,fb4,1,1,30
1445,fb5,1,1,30
1445,fb6,1,1,30
1445,fb7,1,1,30
1445,fb8,1,1,30
1445,fb9,3,1,30
1445,fb10,1,1,30
1445,fb11,1,1,30
1445,fb12,1,1,30
1445,fb13,2,1,30
1445,fb14,2,1,30
1445,fb15,1,1,30
1445,fb16,1,1,30
1445,fb17,3,1,30
1445,fb18,1,1,30
1445,fb19,1,1,30
1445,fb20,1,1,30
1445,fb21,1,1,30
1445,fb22,2,1,30
1445,fb23,1,1,30
1445,fb24,2,1,30
1445,fb25,1,1,30
1445,fb26,2,1,30
1445,fb27,1,1,30
1445,fb28,1,1,30
1445,fb29,2,1,30
1450,fb0,1,1,30
1450,fb1,2,1,30
1450,fb2,2,1,30
1450,fb3,1,1,30
1450,fb4,1,1,30
1450,fb5,1,1,30
1450,fb6,1,1,30
1450,fb7,1,1,30
1450,fb8,1,1,30
1450,fb9,3,1,30
1450,fb10,1,1,30
1450,fb11,1,0,30
1450,fb12,1,1,30
1450,fb13,2,1,30
1450,fb14,2,1,30
1450,fb15,1,1,30
1450,fb16,1,1,30
1450,fb17,3,1,30
1450,fb18,1,1,30
1450,fb19,1,1,30
1450,fb20,1,1,30
1450,fb21,1,1,30
1450,fb22,2,1,30
1450,fb23,1,1,30
1450,fb24,2,1,30
1450,fb25,1,1,30
1450,fb26,2,1,30
1450,fb27,1,1,30
1450,fb28,1,1,30
1450,fb29,2,1,30
1455,fb0,1,1,30
1455,fb1,2,1,30
1455,fb2,2,1,30
1455,fb3,1,1,30
1455,fb4,1,1,30
1455,fb5,1,1,30
1455,fb6,1,1,30
1455,fb7,1,1,30
1455,fb8,1,1,30
1455,fb9,3,1,30
1455,fb10,1,1,30
1455,fb11,1,1,30
1455,fb12,1,1,30
1455,fb13,2,1,30
1455,fb14,2,1,30
1455,fb15,1,1,30
1455,fb16,1,1,30
1455,fb17,3,1,30
1455,fb18,1,1,30
1455,fb19,1,1,30
1455,fb20,1,1,30
1455,fb21,1,1,30
1455,fb22,2,1,30
1455,fb23,1,1,30
1455,fb24,2,1,30
1455,fb25,1,1,30
1455,fb26,2,1,30
1455,fb27,1,1,30
1455,fb28,1,1,30
1455,fb29,2,1,30
1460,fb0,1,1,30
1460,fb1,2,1,30
1460,fb2,2,1,30
1460,fb3,1,1,30
1460,fb4,1,1,30
1460,fb5,1,1,30
1460,fb6,1,1,30
1460,fb7,1,1,30
1460,fb8,1,1,30
1460,fb9,3,1,30
1460,fb10,1,1,30
1460,fb11,1,1,30
1460,fb12,1,1,30
1460,fb13,2,1,30
1460,fb14,2,1,30
1460,fb15,1,1,30
1460,fb16,1,1,30
1460,fb17,3,1,30
1460,fb18,1,1,30
1460,fb19,1,1,30
1460,fb20,1,1,30
1460,fb21,1,1,30
1460,fb22,2,1,30
1460,fb23,1,1,30
1460,fb24,2,1,30
1460,fb25,1,1,30
1460,fb26,2,1,30
1460,fb27,1,1,30
1460,fb28,1,1,30
1460,fb29,2,1,30
1465,fb0,1,1,30
1465,fb1,2,1,30
1465,fb2,2,1,30
1465,fb3,1,1,30
1465,fb4,1,1,30
1465,fb5,1,1,30
1465,fb6,1,1,30
1465,fb7,1,1,30
1465,fb8,1,1,30
1465,fb9,3,1,30
1465,fb10,1,1,30
1465,fb11,1,1,30
1465,fb12,1,1,30
1465,fb13,2,1,30
1465,fb14,2,1,30
1465,fb15,1,1,30
1465,fb16,1,1,30
1465,fb17,3,1,30
1465,fb18,1,1,30
1465,fb19,1,1,30
1465,fb20,1,1,30
1465,fb21,1,1,30
1465,fb22,2,1,30
1465,fb23,1,1,30
1465,fb24,2,1,30
1465,fb25,1,1,30
1465,fb26,2,1,30
1465,fb27,1,1,30
1465,fb28,1,1,30
1465,fb29,2,1,30
1470,fb0,1,1,30
1470,fb1,2,1,30
1470,fb2,2,1,30
1470,fb3,1,1,30
1470,fb4,1,1,30
1470,fb5,1,1,30
1470,fb6,1,1,30
1470,fb7,1,1,30
1470,fb8,1,1,30
1470,fb9,3,0,30
1470,fb10,1,1,30
1470,fb11,1,1,30
1470,fb12,1,1,30
1470,fb13,2,1,30
1470,fb14,2,1,30
1470,fb15,1,1,30
1470,fb16,1,1,30
1470,fb17,3,1,30
1470,fb18,1,1,30
1470,fb19,1,1,30
1470,fb20,1,1,30
1470,fb21,1,1,30
1470,fb22,2,1,30
1470,fb23,1,1,30
1470,fb24,2,1,30
1470,fb25,1,1,30
1470,fb26,2,0,30
1470,fb27,1,1,30
1470,fb28,1,1,30
1470,fb29,2,1,30
1475,fb0,1,1,30
1475,fb1,2,1,30
1475,fb2,2,1,30
1475,fb3,1,1,30
1475,fb4,1,1,30
1475,fb5,1,1,30
1475,fb6,1,1,30
1475,fb7,1,1,30
1475,fb8,1,1,30
1475,fb9,3,1,30
1475,fb10,1,1,30
1475,fb11,1,1,30
1475,fb12,1,1,30
1475,fb13,2,0,30
1475,fb14,2,1,30
1475,fb15,1,1,30
1475,fb16,1,1,30
1475,fb17,3,1,30
1475,fb18,1,1,30
1475,fb19,1,1,30
1475,fb20,1,0,30
1475,fb21,1,1,30
1475,fb22,2,1,30
1475,fb23,1,1,30
1475,fb24,2,1,30
1475,fb25,1,1,30
1475,fb26,2,1,30
1475,fb27,1,1,30
1475,fb28,1,1,30
1475,fb29,2,1,30
1480,fb0,1,1,30
1480,fb1,2,1,30
1480,fb2,2,1,30
1480,fb3,1,1,30
1480,fb4,1,1,30
1480,fb5,1,0,30
1480,fb6,1,1,30
1480,fb7,1,1,30
1480,fb8,1,1,30
1480,fb9,3,1,30
1480,fb10,1,1,30
1480,fb11,1,1,30
1480,fb12,1,1,30
1480,fb13,2,1,30
1480,fb14,2,1,30
1480,fb15,1,1,30
1480,fb16,1,1,30
1480,fb17,3,1,30
1480,fb18,1,1,30
1480,fb19,1,1,30
1480,fb20,1,1,30
1480,fb21,1,1,30
1480,fb22,2,1,30
1480,fb23,1,1,30
1480,fb24,2,1,30
1480,fb25,1,1,30
1480,fb26,2,1,30
1480,fb27,1,1,30
1480,fb28,1,1,30
1480,fb29,2,1,30
1485,fb0,1,1,30
1485,fb1,2,1,30
1485,fb2,2,1,30
1485,fb3,1,1,30
1485,fb4,1,1,30
1485,fb5,1,1,30
1485,fb6,1,1,30
1485,fb7,1,1,30
1485,fb8,1,1,30
1485,fb9,3,1,30
1485,fb10,1,1,30
1485,fb11,1,1,30
1485,fb12,1,1,30
1485,fb13,2,1,30
1485,fb14,2,1,30
1485,fb15,1,1,30
1485,fb16,1,1,30
1485,fb17,3,1,30
1485,fb18,1,1,30
1485,fb19,1,1,30
1485,fb20,1,1,30
1485,fb21,1,1,30
1485,fb22,2,1,30
1485,fb23,1,1,30
1485,fb24,2,1,30
1485,fb25,1,1,30
1485,fb26,2,1,30
1485,fb27,1,1,30
1485,fb28,1,1,30
1485,fb29,2,1,30
1490,fb0,1,1,30
1490,fb1,2,1,30
1490,fb2,2,1,30
1490,fb3,1,1,30
1490,fb4,1,0,30
1490,fb5,1,1,30
1490,fb6,1,1,30
1490,fb7,1,1,30
1490,fb8,1,1,30
1490,fb9,3,1,30
1490,fb10,1,1,30
1490,fb11,1,1,30
1490,fb12,1,1,30
1490,fb13,2,1,30
1490,fb14,2,1,30
1490,fb15,1,1,30
1490,fb16,1,1,30
1490,fb17,3,1,30
1490,fb18,1,1,30
1490,fb19,1,1,30
1490,fb20,1,1,30
1490,fb21,1,1,30
1490,fb22,2,1,30
1490,fb23,1,1,30
1490,fb24,2,0,30
1490,fb25,1,1,30
1490,fb26,2,1,30
1490,fb27,1,1,30
1490,fb28,1,1,30
1490,fb29,2,1,30
1495,fb0,1,1,30
1495,fb1,2,1,30
1495,fb2,2,1,30
1495,fb3,1,1,30
1495,fb4,1,1,30
1495,fb5,1,1,30
1495,fb6,1,1,30
1495,fb7,1,1,30
1495,fb8,1,1,30
1495,fb9,3,1,30
1495,fb10,1,1,30
1495,fb11,1,1,30
1495,fb12,1,1,30
1495,fb13,2,1,30
1495,fb14,2,1,30
1495,fb15,1,1,30
1495,fb16,1,1,30
1495,fb17,3,1,30
1495,fb18,1,1,30
1495,fb19,1,1,30
1495,fb20,1,1,30
1495,fb21,1,1,30
1495,fb22,2,1,30
1495,fb23,1,1,30
1495,fb24,2,1,30
1495,fb25,1,1,30
1495,fb26,2,1,30
1495,fb27,1,0,30
1495,fb28,1,1,30
1495,fb29,2,1,30
1500,fb0,1,1,30
1500,fb1,2,1,30
1500,fb2,2,1,30
1500,fb3,1,1,30
1500,fb4,1,1,30
1500,fb5,1,1,30
1500,fb6,1,1,30
1500,fb7,1,1,30
1500,fb8,1,1,30
1500,fb9,3,1,30
1500,fb10,1,1,30
1500,fb11,1,1,30
1500,fb12,1,1,30
1500,fb13,2,1,30
1500,fb14,2,1,30
1500,fb15,1,1,30
1500,fb16,1,1,30
1500,fb17,3,1,30
1500,fb18,1,1,30
1500,fb19,1,1,30
1500,fb20,1,1,30
1500,fb21,1,1,30
1500,fb22,2,1,30
1500,fb23,1,1,30
1500,fb24,2,1,30
1500,fb25,1,1,30
1500,fb26,2,1,30
1500,fb27,1,1,30
1500,fb28,1,1,30
1500,fb29,2,1,30
1505,fb0,1,1,30
1505,fb1,2,1,30
1505,fb2,2,1,30
1505,fb3,1,1,30
1505,fb4,1,1,30
1505,fb5,1,1,30
1505,fb6,1,1,30
1505,fb7,1,1,30
1505,fb8,1,1,30
1505,fb9,3,1,30
1505,fb10,1,1,30
1505,fb11,1,1,30
1505,fb12,1,1,30
1505,fb13,2,1,30
1505,fb14,2,1,30
1505,fb15,1,1,30
1505,fb16,1,1,30
1505,fb17,3,1,30
1505,fb18,1,1,30
1505,fb19,1,1,30
1505,fb20,1,1,30
1505,fb21,1,1,30
1505,fb22,2,1,30
1505,fb23,1,1,30
1505,fb24,2,1,30
1505,fb25,1,1,30
1505,fb26,2,1,30
1505,fb27,1,1,30
1505,fb28,1,1,30
1505,fb29,2,1,30
1510,fb0,1,1,30
1510,fb1,2,1,30
1510,fb2,2,1,30
1510,fb3,1,1,30
1510,fb4,1,1,30
1510,fb5,1,1,30
1510,fb6,1,1,30
1510,fb7,1,1,30
1510,fb8,1,1,30
1510,fb9,3,1,30
1510,fb10,1,1,30
1510,fb11,1,1,30
1510,fb12,1,1,30
1510,fb13,2,1,30
1510,fb14,2,1,30
1510,fb15,1,1,30
1510,fb16,1,1,30
1510,fb17,3,1,30
1510,fb18,1,1,30
1510,fb19,1,1,30
1510,fb20,1,1,30
1510,fb21,1,1,30
1510,fb22,2,1,30
1510,fb23,1,1,30
1510,fb24,2,1,30
1510,fb25,1,1,30
1510,fb26,2,1,30
1510,fb27,1,1,30
1510,fb28,1,1,30
1510,fb29,2,1,30
1515,fb0,1,1,30
1515,fb1,2,1,30
1515,fb2,2,1,30
1515,fb3,1,1,30
1515,fb4,1,1,30
1515,fb5,1,1,30
1515,fb6,1,1,30
1515,fb7,1,1,30
1515,fb8,1,1,30
1515,fb9,3,1,30
1515,fb10,1,1,30
1515,fb11,1,1,30
1515,fb12,1,1,30
1515,fb13,2,1,30
1515,fb14,2,1,30
1515,fb15,1,0,30
1515,fb16,1,1,30
1515,fb17,3,1,30
1515,fb18,1,1,30
1515,fb19,1,0,30
1515,fb20,1,1,30
1515,fb21,1,1,30
1515,fb22,2,1,30
1515,fb23,1,1,30
1515,fb24,2,1,30
1515,fb25,1,1,30
1515,fb26,2,1,30
1515,fb27,1,1,30
1515,fb28,1,1,30
1515,fb29,2,1,30
1520,fb0,1,1,30
1520,fb1,2,1,30
1520,fb2,2,1,30
1520,fb3,1,1,30
1520,fb4,1,1,30
1520,fb5,1,1,30
1520,fb6,1,0,30
1520,fb7,1,0,30
1520,fb8,1,1,30
1520,fb9,3,1,30
1520,fb10,1,1,30
1520,fb11,1,1,30
1520,fb12,1,1,30
1520,fb13,2,1,30
1520,fb14,2,1,30
1520,fb15,1,1,30
1520,fb16,1,1,30
1520,fb17,3,1,30
1520,fb18,1,1,30
1520,fb19,1,1,30
1520,fb20,1,1,30
1520,fb21,1,1,30
1520,fb22,2,1,30
1520,fb23,1,1,30
1520,fb24,2,1,30
1520,fb25,1,1,30
1520,fb26,2,1,30
1520,fb27,1,1,30
1520,fb28,1,1,30
1520,fb29,2,1,30
1525,fb0,1,1,30
1525,fb1,2,1,30
1525,fb2,2,1,30
1525,fb3,1,0,30
1525,fb4,1,1,30
1525,fb5,1,1,30
1525,fb6,1,1,30
1525,fb7,1,1,30
1525,fb8,1,1,30
1525,fb9,3,1,30
1525,fb10,1,1,30
1525,fb11,1,1,30
1525,fb12,1,1,30
1525,fb13,2,1,30
1525,fb14,2,1,30
1525,fb15,1,1,30
1525,fb16,1,0,30
1525,fb17,3,1,30
1525,fb18,1,1,30
1525,fb19,1,1,30
1525,fb20,1,1,30
1525,fb21,1,0,30
1525,fb22,2,0,30
1525,fb23,1,1,30
1525,fb24,2,1,30
1525,fb25,1,1,30
1525,fb26,2,1,30
1525,fb27,1,1,30
1525,fb28,1,1,30
1525,fb29,2,1,30
1530,fb0,1,1,30
1530,fb1,2,1,30
1530,fb2,2,1,30
1530,fb3,1,1,30
1530,fb4,1,1,30
1530,fb5,1,1,30
1530,fb6,1,1,30
1530,fb7,1,1,30
1530,fb8,1,1,30
1530,fb9,3,1,30
1530,fb10,1,1,30
1530,fb11,1,1,30
1530,fb12,1,1,30
1530,fb13,2,1,30
1530,fb14,2,1,30
1530,fb15,1,1,30
1530,fb16,1,1,30
1530,fb17,3,1,30
1530,fb18,1,1,30
1530,fb19,1,1,30
1530,fb20,1,1,30
1530,fb21,1,1,30
1530,fb22,2,1,30
1530,fb23,1,1,30
1530,fb24,2,1,30
1530,fb25,1,1,30
1530,fb26,2,1,30
1530,fb27,1,1,30
1530,fb28,1,1,30
1530,fb29,2,1,30
1535,fb0,1,0,30
1535,fb1,2,1,30
1535,fb2,2,1,30
1535,fb3,1,1,30
1535,fb4,1,1,30
1535,fb5,1,1,30
1535,fb6,1,1,30
1535,fb7,1,1,30
1535,fb8,1,1,30
1535,fb9,3,1,30
1535,fb10,1,1,30
1535,fb11,1,1,30
1535,fb12,1,1,30
1535,fb13,2,1,30
1535,fb14,2,1,30
1535,fb15,1,1,30
1535,fb16,1,1,30
1535,fb17,3,1,30
1535,fb18,1,1,30
1535,fb19,1,1,30
1535,fb20,1,1,30
1535,fb21,1,1,30
1535,fb22,2,1,30
1535,fb23,1,0,30
1535,fb24,2,1,30
1535,fb25,1,1,30
1535,fb26,2,1,30
1535,fb27,1,1,30
1535,fb28,1,1,30
1535,fb29,2,1,30
1540,fb0,1,1,30
1540,fb1,2,1,30
1540,fb2,2,1,30
1540,fb3,1,1,30
1540,fb4,1,1,30
1540,fb5,1,1,30
1540,fb6,1,1,30
1540,fb7,1,1,30
1540,fb8,1,1,30
1540,fb9,3,1,30
1540,fb10,1,1,30
1540,fb11,1,1,30
1540,fb12,1,1,30
1540,fb13,2,1,30
1540,fb14,2,1,30
1540,fb15,1,1,30
1540,fb16,1,1,30
1540,fb17,3,1,30
1540,fb18,1,1,30
1540,fb19,1,1,30
1540,fb20,1,1,30
1540,fb21,1,1,30
1540,fb22,2,1,30
1540,fb23,1,1,30
1540,fb24,2,1,30
1540,fb25,1,1,30
1540,fb26,2,1,30
1540,fb27,1,1,30
1540,fb28,1,1,30
1540,fb29,2,1,30
1545,fb0,1,1,30
1545,fb1,2,1,30
1545,fb2,2,1,30
1545,fb3,1,1,30
1545,fb4,1,1,30
1545,fb5,1,1,30
1545,fb6,1,1,30
1545,fb7,1,1,30
1545,fb8,1,1,30
1545,fb9,3,1,30
1545,fb10,1,0,30
1545,fb11,1,1,30
1545,fb12,1,1,30
1545,fb13,2,1,30
1545,fb14,2,1,30
1545,fb15,1,1,30
1545,fb16,1,1,30
1545,fb17,3,1,30
1545,fb18,1,1,30
1545,fb19,1,1,30
1545,fb20,1,1,30
1545,fb21,1,1,30
1545,fb22,2,1,30
1545,fb23,1,1,30
1545,fb24,2,1,30
1545,fb25,1,1,30
1545,fb26,2,1,30
1545,fb27,1,1,30
1545,fb28,1,1,30
1545,fb29,2,1,30
1550,fb0,1,1,30
1550,fb1,2,0,30
1550,fb2,2,0,30
1550,fb3,1,1,30
1550,fb4,1,1,30
1550,fb5,1,1,30
1550,fb6,1,1,30
1550,fb7,1,1,30
1550,fb8,1,1,30
1550,fb9,3,1,30
1550,fb10,1,1,30
1550,fb11,1,1,30
1550,fb12,1,0,30
1550,fb13,2,1,30
1550,fb14,2,0,30
1550,fb15,1,1,30
1550,fb16,1,1,30
1550,fb17,3,0,30
1550,fb18,1,1,30
1550,fb19,1,1,30
1550,fb20,1,1,30
1550,fb21,1,1,30
1550,fb22,2,1,30
1550,fb23,1,1,30
1550,fb24,2,1,30
1550,fb25,1,1,30
1550,fb26,2,1,30
1550,fb27,1,1,30
1550,fb28,1,1,30
1550,fb29,2,0,30
1555,fb0,1,1,30
1555,fb1,2,1,30
1555,fb2,2,1,30
1555,fb3,1,1,30
1555,fb4,1,1,30
1555,fb5,1,1,30
1555,fb6,1,1,30
1555,fb7,1,1,30
1555,fb8,1,1,30
1555,fb9,3,1,30
1555,fb10,1,1,30
1555,fb11,1,1,30
1555,fb12,1,1,30
1555,fb13,2,1,30
1555,fb14,2,1,30
1555,fb15,1,1,30
1555,fb16,1,1,30
1555,fb17,3,1,30
1555,fb18,1,1,30
1555,fb19,1,1,30
1555,fb20,1,1,30
1555,fb21,1,1,30
1555,fb22,2,1,30
1555,fb23,1,1,30
1555,fb24,2,1,30
1555,fb25,1,1,30
1555,fb26,2,1,30
1555,fb27,1,1,30
1555,fb28,1,0,30
1555,fb29,2,1,30
1560,fb0,1,1,30
1560,fb1,2,1,30
1560,fb2,2,1,30
1560,fb3,1,1,30
1560,fb4,1,1,30
1560,fb5,1,1,30
1560,fb6,1,1,30
1560,fb7,1,1,30
1560,fb8,1,1,30
1560,fb9,3,1,30
1560,fb10,1,1,30
1560,fb11,1,1,30
1560,fb12,1,1,30
1560,fb13,2,1,30
1560,fb14,2,1,30
1560,fb15,1,1,30
1560,fb16,1,1,30
1560,fb17,3,1,30
1560,fb18,1,0,30
1560,fb19,1,1,30
1560,fb20,1,1,30
1560,fb21,1,1,30
1560,fb22,2,1,30
1560,fb23,1,1,30
1560,fb24,2,1,30
1560,fb25,1,0,30
1560,fb26,2,1,30
1560,fb27,1,1,30
1560,fb28,1,1,30
1560,fb29,2,1,30
1565,fb0,1,1,30
1565,fb1,2,1,30
1565,fb2,2,1,30
1565,fb3,1,1,30
1565,fb4,1,1,30
1565,fb5,1,1,30
1565,fb6,1,1,30
1565,fb7,1,1,30
1565,fb8,1,0,30
1565,fb9,3,1,30
1565,fb10,1,1,30
1565,fb11,1,1,30
1565,fb12,1,1,30
1565,fb13,2,1,30
1565,fb14,2,1,30
1565,fb15,1,1,30
1565,fb16,1,1,30
1565,fb17,3,1,30
1565,fb18,1,1,30
1565,fb19,1,1,30
1565,fb20,1,1,30
1565,fb21,1,1,30
1565,fb22,2,1,30
1565,fb23,1,1,30
1565,fb24,2,1,30
1565,fb25,1,1,30
1565,fb26,2,1,30
1565,fb27,1,1,30
1565,fb28,1,1,30
1565,fb29,2,1,30
1570,fb0,1,1,30
1570,fb1,2,1,30
1570,fb2,2,1,30
1570,fb3,1,1,30
1570,fb4,1,1,30
1570,fb5,1,1,30
1570,fb6,1,1,30
1570,fb7,1,1,30
1570,fb8,1,1,30
1570,fb9,3,1,30
1570,fb10,1,1,30
1570,fb11,1,1,30
1570,fb12,1,1,30
1570,fb13,2,1,30
1570,fb14,2,1,30
1570,fb15,1,1,30
1570,fb16,1,1,30
1570,fb17,3,1,30
1570,fb18,1,1,30
1570,fb19,1,1,30
1570,fb20,1,1,30
1570,fb21,1,1,30
1570,fb22,2,1,30
1570,fb23,1,1,30
1570,fb24,2,1,30
1570,fb25,1,1,30
1570,fb26,2,1,30
1570,fb27,1,1,30
1570,fb28,1,1,30
1570,fb29,2,1,30
1575,fb0,1,1,30
1575,fb1,2,1,30
1575,fb2,2,1,30
1575,fb3,1,1,30
1575,fb4,1,1,30
1575,fb5,1,1,30
1575,fb6,1,1,30
1575,fb7,1,1,30
1575,fb8,1,1,30
1575,fb9,3,1,30
1575,fb10,1,1,30
1575,fb11,1,1,30
1575,fb12,1,1,30
1575,fb13,2,1,30
1575,fb14,2,1,30
1575,fb15,1,1,30
1575,fb16,1,1,30
1575,fb17,3,1,30
1575,fb18,1,1,30
1575,fb19,1,1,30
1575,fb20,1,1,30
1575,fb21,1,1,30
1575,fb22,2,1,30
1575,fb23,1,1,30
1575,fb24,2,1,30
1575,fb25,1,1,30
1575,fb26,2,1,30
1575,fb27,1,1,30
1575,fb28,1,1,30
1575,fb29,2,1,30
1580,fb0,1,1,30
1580,fb1,2,1,30
1580,fb2,2,1,30
1580,fb3,1,1,30
1580,fb4,1,1,30
1580,fb5,1,1,30
1580,fb6,1,1,30
1580,fb7,1,1,30
1580,fb8,1,1,30
1580,fb9,3,1,30
1580,fb10,1,1,30
1580,fb11,1,1,30
1580,fb12,1,1,30
1580,fb13,2,1,30
1580,fb14,2,1,30
1580,fb15,1,1,30
1580,fb16,1,1,30
1580,fb17,3,1,30
1580,fb18,1,1,30
1580,fb19,1,1,30
1580,fb20,1,1,30
1580,fb21,1,1,30
1580,fb22,2,1,30
1580,fb23,1,1,30
1580,fb24,2,1,30
1580,fb25,1,1,30
1580,fb26,2,1,30
1580,fb27,1,1,30
1580,fb28,1,1,30
1580,fb29,2,1,30
1585,fb0,1,1,30
1585,fb1,2,1,30
1585,fb2,2,1,30
1585,fb3,1,1,30
1585,fb4,1,1,30
1585,fb5,1,1,30
1585,fb6,1,1,30
1585,fb7,1,1,30
1585,fb8,1,1,30
1585,fb9,3,1,30
1585,fb10,1,1,30
1585,fb11,1,1,30
1585,fb12,1,1,30
1585,fb13,2,1,30
1585,fb14,2,1,30
1585,fb15,1,1,30
1585,fb16,1,1,30
1585,fb17,3,1,30
1585,fb18,1,1,30
1585,fb19,1,1,30
1585,fb20,1,1,30
1585,fb21,1,1,30
1585,fb22,2,1,30
1585,fb23,1,1,30
1585,fb24,2,1,30
1585,fb25,1,1,30
1585,fb26,2,1,30
1585,fb27,1,1,30
1585,fb28,1,1,30
1585,fb29,2,1,30
1590,fb0,1,1,30
1590,fb1,2,1,30
1590,fb2,2,1,30
1590,fb3,1,1,30
1590,fb4,1,1,30
1590,fb5,1,1,30
1590,fb6,1,1,30
1590,fb7,1,1,30
1590,fb8,1,1,30
1590,fb9,3,1,30
1590,fb10,1,1,30
1590,fb11,1,1,30
1590,fb12,1,1,30
1590,fb13,2,1,30
1590,fb14,2,1,30
1590,fb15,1,1,30
1590,fb16,1,1,30
1590,fb17,3,1,30
1590,fb18,1,1,30
1590,fb19,1,1,30
1590,fb20,1,1,30
1590,fb21,1,1,30
1590,fb22,2,1,30
1590,fb23,1,1,30
1590,fb24,2,1,30
1590,fb25,1,1,30
1590,fb26,2,1,30
1590,fb27,1,1,30
1590,fb28,1,1,30
1590,fb29,2,1,30
1595,fb0,1,1,30
1595,fb1,2,1,30
1595,fb2,2,1,30
1595,fb3,1,1,30
1595,fb4,1,1,30
1595,fb5,1,1,30
1595,fb6,1,1,30
1595,fb7,1,1,30
1595,fb8,1,1,30
1595,fb9,3,1,30
1595,fb10,1,1,30
1595,fb11,1,1,30
1595,fb12,1,1,30
1595,fb13,2,1,30
1595,fb14,2,1,30
1595,fb15,1,1,30
1595,fb16,1,1,30
1595,fb17,3,1,30
1595,fb18,1,1,30
1595,fb19,1,1,30
1595,fb20,1,1,30
1595,fb21,1,1,30
1595,fb22,2,1,30
1595,fb23,1,1,30
1595,fb24,2,1,30
1595,fb25,1,1,30
1595,fb26,2,1,30
1595,fb27,1,1,30
1595,fb28,1,1,30
1595,fb29,2,1,30
1600,fb0,1,1,30
1600,fb1,2,1,30
1600,fb2,2,1,30
1600,fb3,1,1,30
1600,fb4,1,1,30
1600,fb5,1,1,30
1600,fb6,1,1,30
1600,fb7,1,1,30
1600,fb8,1,1,30
1600,fb9,3,1,30
1600,fb10,1,1,30
1600,fb11,1,1,30
1600,fb12,1,1,30
1600,fb13,2,1,30
1600,fb14,2,1,30
1600,fb15,1,1,30
1600,fb16,1,1,30
1600,fb17,3,1,30
1600,fb18,1,1,30
1600,fb19,1,1,30
1600,fb20,1,1,30
1600,fb21,1,1,30
1600,fb22,2,1,30
1600,fb23,1,1,30
1600,fb24,2,1,30
1600,fb25,1,1,30
1600,fb26,2,1,30
1600,fb27,1,1,30
1600,fb28,1,1,30
1600,fb29,2,1,30
1605,fb0,1,1,30
1605,fb1,2,1,30
1605,fb2,2,1,30
1605,fb3,1,1,30
1605,fb4,1,1,30
1605,fb5,1,1,30
1605,fb6,1,1,30
1605,fb7,1,1,30
1605,fb8,1,1,30
1605,fb9,3,1,30
1605,fb10,1,1,30
1605,fb11,1,0,30
1605,fb12,1,1,30
1605,fb13,2,1,30
1605,fb14,2,1,30
1605,fb15,1,1,30
1605,fb16,1,1,30
1605,fb17,3,1,30
1605,fb18,1,1,30
1605,fb19,1,1,30
1605,fb20,1,1,30
1605,fb21,1,1,30
1605,fb22,2,1,30
1605,fb23,1,1,30
1605,fb24,2,1,30
1605,fb25,1,1,30
1605,fb26,2,1,30
1605,fb27,1,1,30
1605,fb28,1,1,30
1605,fb29,2,1,30
1610,fb0,1,1,30
1610,fb1,2,1,30
1610,fb2,2,1,30
1610,fb3,1,1,30
1610,fb4,1,1,30
1610,fb5,1,1,30
1610,fb6,1,1,30
1610,fb7,1,1,30
1610,fb8,1,1,30
1610,fb9,3,1,30
1610,fb10,1,1,30
1610,fb11,1,1,30
1610,fb12,1,1,30
1610,fb13,2,1,30
1610,fb14,2,1,30
1610,fb15,1,1,30
1610,fb16,1,1,30
1610,fb17,3,1,30
1610,fb18,1,1,30
1610,fb19,1,1,30
1610,fb20,1,1,30
1610,fb21,1,1,30
1610,fb22,2,1,30
1610,fb23,1,1,30
1610,fb24,2,1,30
1610,fb25,1,1,30
1610,fb26,2,1,30
1610,fb27,1,1,30
1610,fb28,1,1,30
1610,fb29,2,1,30
1615,fb0,1,1,30
1615,fb1,2,1,30
1615,fb2,2,1,30
1615,fb3,1,1,30
1615,fb4,1,1,30
1615,fb5,1,1,30
1615,fb6,1,1,30
1615,fb7,1,1,30
1615,fb8,1,1,30
1615,fb9,3,1,30
1615,fb10,1,1,30
1615,fb11,1,1,30
1615,fb12,1,1,30
1615,fb13,2,1,30
1615,fb14,2,1,30
1615,fb15,1,1,30
1615,fb16,1,1,30
1615,fb17,3,1,30
1615,fb18,1,1,30
1615,fb19,1,1,30
1615,fb20,1,1,30
1615,fb21,1,1,30
1615,fb22,2,1,30
1615,fb23,1,1,30
1615,fb24,2,1,30
1615,fb25,1,1,30
1615,fb26,2,1,30
1615,fb27,1,1,30
1615,fb28,1,1,30
1615,fb29,2,1,30
1620,fb0,1,1,30
1620,fb1,2,1,30
1620,fb2,2,1,30
1620,fb3,1,1,30
1620,fb4,1,1,30
1620,fb5,1,1,30
1620,fb6,1,1,30
1620,fb7,1,1,30
1620,fb8,1,1,30
1620,fb9,3,1,30
1620,fb10,1,1,30
1620,fb11,1,1,30
1620,fb12,1,1,30
1620,fb13,2,1,30
1620,fb14,2,1,30
1620,fb15,1,1,30
1620,fb16,1,1,30
1620,fb17,3,1,30
1620,fb18,1,1,30
1620,fb19,1,1,30
1620,fb20,1,1,30
1620,fb21,1,1,30
1620,fb22,2,1,30
1620,fb23,1,1,30
1620,fb24,2,1,30
1620,fb25,1,1,30
1620,fb26,2,1,30
1620,fb27,1,1,30
1620,fb28,1,1,30
1620,fb29,2,1,30
1625,fb0,1,1,30
1625,fb1,2,1,30
1625,fb2,2,1,30
1625,fb3,1,1,30
1625,fb4,1,1,30
1625,fb5,1,1,30
1625,fb6,1,1,30
1625,fb7,1,1,30
1625,fb8,1,1,30
1625,fb9,3,0,30
1625,fb10,1,1,30
1625,fb11,1,1,30
1625,fb12,1,1,30
1625,fb13,2,1,30
1625,fb14,2,1,30
1625,fb15,1,1,30
1625,fb16,1,1,30
1625,fb17,3,1,30
1625,fb18,1,1,30
1625,fb19,1,1,30
1625,fb20,1,1,30
1625,fb21,1,1,30
1625,fb22,2,1,30
1625,fb23,1,1,30
1625,fb24,2,1,30
1625,fb25,1,1,30
1625,fb26,2,0,30
1625,fb27,1,1,30
1625,fb28,1,1,30
1625,fb29,2,1,30
1630,fb0,1,1,30
1630,fb1,2,1,30
1630,fb2,2,1,30
1630,fb3,1,1,30
1630,fb4,1,1,30
1630,fb5,1,1,30
1630,fb6,1,1,30
1630,fb7,1,1,30
1630,fb8,1,1,30
1630,fb9,3,1,30
1630,fb10,1,1,30
1630,fb11,1,1,30
1630,fb12,1,1,30
1630,fb13,2,0,30
1630,fb14,2,1,30
1630,fb15,1,1,30
1630,fb16,1,1,30
1630,fb17,3,1,30
1630,fb18,1,1,30
1630,fb19,1,1,30
1630,fb20,1,0,30
1630,fb21,1,1,30
1630,fb22,2,1,30
1630,fb23,1,1,30
1630,fb24,2,1,30
1630,fb25,1,1,30
1630,fb26,2,1,30
1630,fb27,1,1,30
1630,fb28,1,1,30
1630,fb29,2,1,30
1635,fb0,1,1,30
1635,fb1,2,1,30
1635,fb2,2,1,30
1635,fb3,1,1,30
1635,fb4,1,1,30
1635,fb5,1,0,30
1635,fb6,1,1,30
1635,fb7,1,1,30
1635,fb8,1,1,30
1635,fb9,3,1,30
1635,fb10,1,1,30
1635,fb11,1,1,30
1635,fb12,1,1,30
1635,fb13,2,1,30
1635,fb14,2,1,30
1635,fb15,1,1,30
1635,fb16,1,1,30
1635,fb17,3,1,30
1635,fb18,1,1,30
1635,fb19,1,1,30
1635,fb20,1,1,30
1635,fb21,1,1,30
1635,fb22,2,1,30
1635,fb23,1,1,30
1635,fb24,2,1,30
1635,fb25,1,1,30
1635,fb26,2,1,30
1635,fb27,1,1,30
1635,fb28,1,1,30
1635,fb29,2,1,30
1640,fb0,1,1,30
1640,fb1,2,1,30
1640,fb2,2,1,30
1640,fb3,1,1,30
1640,fb4,1,1,30
1640,fb5,1,1,30
1640,fb6,1,1,30
1640,fb7,1,1,30
1640,fb8,1,1,30
1640,fb9,3,1,30
1640,fb10,1,1,30
1640,fb11,1,1,30
1640,fb12,1,1,30
1640,fb13,2,1,30
1640,fb14,2,1,30
1640,fb15,1,1,30
1640,fb16,1,1,30
1640,fb17,3,1,30
1640,fb18,1,1,30
1640,fb19,1,1,30
1640,fb20,1,1,30
1640,fb21,1,1,30
1640,fb22,2,1,30
1640,fb23,1,1,30
1640,fb24,2,1,30
1640,fb25,1,1,30
1640,fb26,2,1,30
1640,fb27,1,1,30
1640,fb28,1,1,30
1640,fb29,2,1,30
1645,fb0,1,1,30
1645,fb1,2,1,30
1645,fb2,2,1,30
1645,fb3,1,1,30
1645,fb4,1,0,30
1645,fb5,1,1,30
1645,fb6,1,1,30
1645,fb7,1,1,30
1645,fb8,1,1,30
1645,fb9,3,1,30
1645,fb10,1,1,30
1645,fb11,1,1,30
1645,fb12,1,1,30
1645,fb13,2,1,30
1645,fb14,2,1,30
1645,fb15,1,1,30
1645,fb16,1,1,30
1645,fb17,3,1,30
1645,fb18,1,1,30
1645,fb19,1,1,30
1645,fb20,1,1,30
1645,fb21,1,1,30
1645,fb22,2,1,30
1645,fb23,1,1,30
1645,fb24,2,0,30
1645,fb25,1,1,30
1645,fb26,2,1,30
1645,fb27,1,1,30
1645,fb28,1,1,30
1645,fb29,2,1,30
1650,fb0,1,1,30
1650,fb1,2,1,30
1650,fb2,2,1,30
1650,fb3,1,1,30
1650,fb4,1,1,30
1650,fb5,1,1,30
1650,fb6,1,1,30
1650,fb7,1,1,30
1650,fb8,1,1,30
1650,fb9,3,1,30
1650,fb10,1,1,30
1650,fb11,1,1,30
1650,fb12,1,1,30
1650,fb13,2,1,30
1650,fb14,2,1,30
1650,fb15,1,1,30
1650,fb16,1,1,30
1650,fb17,3,1,30
1650,fb18,1,1,30
1650,fb19,1,1,30
1650,fb20,1,1,30
1650,fb21,1,1,30
1650,fb22,2,1,30
1650,fb23,1,1,30
1650,fb24,2,1,30
1650,fb25,1,1,30
1650,fb26,2,1,30
1650,fb27,1,0,30
1650,fb28,1,1,30
1650,fb29,2,1,30
1655,fb0,1,1,30
1655,fb1,2,1,30
1655,fb2,2,1,30
1655,fb3,1,1,30
1655,fb4,1,1,30
1655,fb5,1,1,30
1655,fb6,1,1,30
1655,fb7,1,1,30
1655,fb8,1,1,30
1655,fb9,3,1,30
1655,fb10,1,1,30
1655,fb11,1,1,30
1655,fb12,1,1,30
1655,fb13,2,1,30
1655,fb14,2,1,30
1655,fb15,1,1,30
1655,fb16,1,1,30
1655,fb17,3,1,30
1655,fb18,1,1,30
1655,fb19,1,1,30
1655,fb20,1,1,30
1655,fb21,1,1,30
1655,fb22,2,1,30
1655,fb23,1,1,30
1655,fb24,2,1,30
1655,fb25,1,1,30
1655,fb26,2,1,30
1655,fb27,1,1,30
1655,fb28,1,1,30
1655,fb29,2,1,30
1660,fb0,1,1,30
1660,fb1,2,1,30
1660,fb2,2,1,30
1660,fb3,1,1,30
1660,fb4,1,1,30
1660,fb5,1,1,30
1660,fb6,1,1,30
1660,fb7,1,1,30
1660,fb8,1,1,30
1660,fb9,3,1,30
1660,fb10,1,1,30
1660,fb11,1,1,30
1660,fb12,1,1,30
1660,fb13,2,1,30
1660,fb14,2,1,30
1660,fb15,1,1,30
1660,fb16,1,1,30
1660,fb17,3,1,30
1660,fb18,1,1,30
1660,fb19,1,1,30
1660,fb20,1,1,30
1660,fb21,1,1,30
1660,fb22,2,1,30
1660,fb23,1,1,30
1660,fb24,2,1,30
1660,fb25,1,1,30
1660,fb26,2,1,30
1660,fb27,1,1,30
1660,fb28,1,1,30
1660,fb29,2,1,30
1665,fb0,1,1,30
1665,fb1,2,1,30
1665,fb2,2,1,30
1665,fb3,1,1,30
1665,fb4,1,1,30
1665,fb5,1,1,30
1665,fb6,1,1,30
1665,fb7,1,1,30
1665,fb8,1,1,30
1665,fb9,3,1,30
1665,fb10,1,1,30
1665,fb11,1,1,30
1665,fb12,1,1,30
1665,fb13,2,1,30
1665,fb14,2,1,30
1665,fb15,1,1,30
1665,fb16,1,1,30
1665,fb17,3,1,30
1665,fb18,1,1,30
1665,fb19,1,1,30
1665,fb20,1,1,30
1665,fb21,1,1,30
1665,fb22,2,1,30
1665,fb23,1,1,30
1665,fb24,2,1,30
1665,fb25,1,1,30
1665,fb26,2,1,30
1665,fb27,1,1,30
1665,fb28,1,1,30
1665,fb29,2,1,30
1670,fb0,1,1,30
1670,fb1,2,1,30
1670,fb2,2,1,30
1670,fb3,1,1,30
1670,fb4,1,1,30
1670,fb5,1,1,30
1670,fb6,1,1,30
1670,fb7,1,1,30
1670,fb8,1,1,30
1670,fb9,3,1,30
1670,fb10,1,1,30
1670,fb11,1,1,30
1670,fb12,1,1,30
1670,fb13,2,1,30
1670,fb14,2,1,30
1670,fb15,1,0,30
1670,fb16,1,1,30
1670,fb17,3,1,30
1670,fb18,1,1,30
1670,fb19,1,0,30
1670,fb20,1,1,30
1670,fb21,1,1,30
1670,fb22,2,1,30
1670,fb23,1,1,30
1670,fb24,2,1,30
1670,fb25,1,1,30
1670,fb26,2,1,30
1670,fb27,1,1,30
1670,fb28,1,1,30
1670,fb29,2,1,30
1675,fb0,1,1,30
1675,fb1,2,1,30
1675,fb2,2,1,30
1675,fb3,1,1,30
1675,fb4,1,1,30
1675,fb5,1,1,30
1675,fb6,1,0,30
1675,fb7,1,0,30
1675,fb8,1,1,30
1675,fb9,3,1,30
1675,fb10,1,1,30
1675,fb11,1,1,30
1675,fb12,1,1,30
1675,fb13,2,1,30
1675,fb14,2,1,30
1675,fb15,1,1,30
1675,fb16,1,1,30
1675,fb17,3,1,30
1675,fb18,1,1,30
1675,fb19,1,1,30
1675,fb20,1,1,30
1675,fb21,1,1,30
1675,fb22,2,1,30
1675,fb23,1,1,30
1675,fb24,2,1,30
1675,fb25,1,1,30
1675,fb26,2,1,30
1675,fb27,1,1,30
1675,fb28,1,1,30
1675,fb29,2,1,30
1680,fb0,1,1,30
1680,fb1,2,1,30
1680,fb2,2,1,30
1680,fb3,1,0,30
1680,fb4,1,1,30
1680,fb5,1,1,30
1680,fb6,1,1,30
1680,fb7,1,1,30
1680,fb8,1,1,30
1680,fb9,3,1,30
1680,fb10,1,1,30
1680,fb11,1,1,30
1680,fb12,1,1,30
1680,fb13,2,1,30
1680,fb14,2,1,30
1680,fb15,1,1,30
1680,fb16,1,0,30
1680,fb17,3,1,30
1680,fb18,1,1,30
1680,fb19,1,1,30
1680,fb20,1,1,30
1680,fb21,1,0,30
1680,fb22,2,0,30
1680,fb23,1,1,30
1680,fb24,2,1,30
1680,fb25,1,1,30
1680,fb26,2,1,30
1680,fb27,1,1,30
1680,fb28,1,1,30
1680,fb29,2,1,30
1685,fb0,1,1,30
1685,fb1,2,1,30
1685,fb2,2,1,30
1685,fb3,1,1,30
1685,fb4,1,1,30
1685,fb5,1,1,30
1685,fb6,1,1,30
1685,fb7,1,1,30
1685,fb8,1,1,30
1685,fb9,3,1,30
1685,fb10,1,1,30
1685,fb11,1,1,30
1685,fb12,1,1,30
1685,fb13,2,1,30
1685,fb14,2,1,30
1685,fb15,1,1,30
1685,fb16,1,1,30
1685,fb17,3,1,30
1685,fb18,1,1,30
1685,fb19,1,1,30
1685,fb20,1,1,30
1685,fb21,1,1,30
1685,fb22,2,1,30
1685,fb23,1,1,30
1685,fb24,2,1,30
1685,fb25,1,1,30
1685,fb26,2,1,30
1685,fb27,1,1,30
1685,fb28,1,1,30
1685,fb29,2,1,30
1690,fb0,1,0,30
1690,fb1,2,1,30
1690,fb2,2,1,30
1690,fb3,1,1,30
1690,fb4,1,1,30
1690,fb5,1,1,30
1690,fb6,1,1,30
1690,fb7,1,1,30
1690,fb8,1,1,30
1690,fb9,3,1,30
1690,fb10,1,1,30
1690,fb11,1,1,30
1690,fb12,1,1,30
1690,fb13,2,1,30
1690,fb14,2,1,30
1690,fb15,1,1,30
1690,fb16,1,1,30
1690,fb17,3,1,30
1690,fb18,1,1,30
1690,fb19,1,1,30
1690,fb20,1,1,30
1690,fb21,1,1,30
1690,fb22,2,1,30
1690,fb23,1,0,30
1690,fb24,2,1,30
1690,fb25,1,1,30
1690,fb26,2,1,30
1690,fb27,1,1,30
1690,fb28,1,1,30
1690,fb29,2,1,30
1695,fb0,1,1,30
1695,fb1,2,1,30
1695,fb2,2,1,30
1695,fb3,1,1,30
1695,fb4,1,1,30
1695,fb5,1,1,30
1695,fb6,1,1,30
1695,fb7,1,1,30
1695,fb8,1,1,30
1695,fb9,3,1,30
1695,fb10,1,1,30
1695,fb11,1,1,30
1695,fb12,1,1,30
1695,fb13,2,1,30
1695,fb14,2,1,30
1695,fb15,1,1,30
1695,fb16,1,1,30
1695,fb17,3,1,30
1695,fb18,1,1,30
1695,fb19,1,1,30
1695,fb20,1,1,30
1695,fb21,1,1,30
1695,fb22,2,1,30
1695,fb23,1,1,30
1695,fb24,2,1,30
1695,fb25,1,1,30
1695,fb26,2,1,30
1695,fb27,1,1,30
1695,fb28,1,1,30
1695,fb29,2,1,30
1700,fb0,1,1,30
1700,fb1,2,1,30
1700,fb2,2,1,30
1700,fb3,1,1,30
1700,fb4,1,1,30
1700,fb5,1,1,30
1700,fb6,1,1,30
1700,fb7,1,1,30
1700,fb8,1,1,30
1700,fb9,3,1,30
1700,fb10,1,0,30
1700,fb11,1,1,30
1700,fb12,1,1,30
1700,fb13,2,1,30
1700,fb14,2,1,30
1700,fb15,1,1,30
1700,fb16,1,1,30
1700,fb17,3,1,30
1700,fb18,1,1,30
1700,fb19,1,1,30
1700,fb20,1,1,30
1700,fb21,1,1,30
1700,fb22,2,1,30
1700,fb23,1,1,30
1700,fb24,2,1,30
1700,fb25,1,1,30
1700,fb26,2,1,30
1700,fb27,1,1,30
1700,fb28,1,1,30
1700,fb29,2,1,30
1705,fb0,1,1,30
1705,fb1,2,0,30
1705,fb2,2,0,30
1705,fb3,1,1,30
1705,fb4,1,1,30
1705,fb5,1,1,30
1705,fb6,1,1,30
1705,fb7,1,1,30
1705,fb8,1,1,30
1705,fb9,3,1,30
1705,fb10,1,1,30
1705,fb11,1,1,30
1705,fb12,1,0,30
1705,fb13,2,1,30
1705,fb14,2,0,30
1705,fb15,1,1,30
1705,fb16,1,1,30
1705,fb17,3,0,30
1705,fb18,1,1,30
1705,fb19,1,1,30
1705,fb20,1,1,30
1705,fb21,1,1,30
1705,fb22,2,1,30
1705,fb23,1,1,30
1705,fb24,2,1,30
1705,fb25,1,1,30
1705,fb26,2,1,30
1705,fb27,1,1,30
1705,fb28,1,1,30
1705,fb29,2,0,30
1710,fb0,1,1,30
1710,fb1,2,1,30
1710,fb2,2,1,30
1710,fb3,1,1,30
1710,fb4,1,1,30
1710,fb5,1,1,30
1710,fb6,1,1,30
1710,fb7,1,1,30
1710,fb8,1,1,30
1710,fb9,3,1,30
1710,fb10,1,1,30
1710,fb11,1,1,30
1710,fb12,1,1,30
1710,fb13,2,1,30
1710,fb14,2,1,30
1710,fb15,1,1,30
1710,fb16,1,1,30
1710,fb17,3,1,30
1710,fb18,1,1,30
1710,fb19,1,1,30
1710,fb20,1,1,30
1710,fb21,1,1,30
1710,fb22,2,1,30
1710,fb23,1,1,30
1710,fb24,2,1,30
1710,fb25,1,1,30
1710,fb26,2,1,30
1710,fb27,1,1,30
1710,fb28,1,0,30
1710,fb29,2,1,30
1715,fb0,1,1,30
1715,fb1,2,1,30
1715,fb2,2,1,30
1715,fb3,1,1,30
1715,fb4,1,1,30
1715,fb5,1,1,30
1715,fb6,1,1,30
1715,fb7,1,1,30
1715,fb8,1,1,30
1715,fb9,3,1,30
1715,fb10,1,1,30
1715,fb11,1,1,30
1715,fb12,1,1,30
1715,fb13,2,1,30
1715,fb14,2,1,30
1715,fb15,1,1,30
1715,fb16,1,1,30
1715,fb17,3,1,30
1715,fb18,1,0,30
1715,fb19,1,1,30
1715,fb20,1,1,30
1715,fb21,1,1,30
1715,fb22,2,1,30
1715,fb23,1,1,30
1715,fb24,2,1,30
1715,fb25,1,0,30
1715,fb26,2,1,30
1715,fb27,1,1,30
1715,fb28,1,1,30
1715,fb29,2,1,30
1720,fb0,1,1,30
1720,fb1,2,1,30
1720,fb2,2,1,30
1720,fb3,1,1,30
1720,fb4,1,1,30
1720,fb5,1,1,30
1720,fb6,1,1,30
1720,fb7,1,1,30
1720,fb8,1,0,30
1720,fb9,3,1,30
1720,fb10,1,1,30
1720,fb11,1,1,30
1720,fb12,1,1,30
1720,fb13,2,1,30
1720,fb14,2,1,30
1720,fb15,1,1,30
1720,fb16,1,1,30
1720,fb17,3,1,30
1720,fb18,1,1,30
1720,fb19,1,1,30
1720,fb20,1,1,30
1720,fb21,1,1,30
1720,fb22,2,1,30
1720,fb23,1,1,30
1720,fb24,2,1,30
1720,fb25,1,1,30
1720,fb26,2,1,30
1720,fb27,1,1,30
1720,fb28,1,1,30
1720,fb29,2,1,30
1725,fb0,1,1,30
1725,fb1,2,1,30
1725,fb2,2,1,30
1725,fb3,1,1,30
1725,fb4,1,1,30
1725,fb5,1,1,30
1725,fb6,1,1,30
1725,fb7,1,1,30
1725,fb8,1,1,30
1725,fb9,3,1,30
1725,fb10,1,1,30
1725,fb11,1,1,30
1725,fb12,1,1,30
1725,fb13,2,1,30
1725,fb14,2,1,30
1725,fb15,1,1,30
1725,fb16,1,1,30
1725,fb17,3,1,30
1725,fb18,1,1,30
1725,fb19,1,1,30
1725,fb20,1,1,30
1725,fb21,1,1,30
1725,fb22,2,1,30
1725,fb23,1,1,30
1725,fb24,2,1,30
1725,fb25,1,1,30
1725,fb26,2,1,30
1725,fb27,1,1,30
1725,fb28,1,1,30
1725,fb29,2,1,30
1730,fb0,1,1,30
1730,fb1,2,1,30
1730,fb2,2,1,30
1730,fb3,1,1,30
1730,fb4,1,1,30
1730,fb5,1,1,30
1730,fb6,1,1,30
1730,fb7,1,1,30
1730,fb8,1,1,30
1730,fb9,3,1,30
1730,fb10,1,1,30
1730,fb11,1,1,30
1730,fb12,1,1,30
1730,fb13,2,1,30
1730,fb14,2,1,30
1730,fb15,1,1,30
1730,fb16,1,1,30
1730,fb17,3,1,30
1730,fb18,1,1,30
1730,fb19,1,1,30
1730,fb20,1,1,30
1730,fb21,1,1,30
1730,fb22,2,1,30
1730,fb23,1,1,30
1730,fb24,2,1,30
1730,fb25,1,1,30
1730,fb26,2,1,30
1730,fb27,1,1,30
1730,fb28,1,1,30
1730,fb29,2,1,30
1735,fb0,1,1,30
1735,fb1,2,1,30
1735,fb2,2,1,30
1735,fb3,1,1,30
1735,fb4,1,1,30
1735,fb5,1,1,30
1735,fb6,1,1,30
1735,fb7,1,1,30
1735,fb8,1,1,30
1735,fb9,3,1,30
1735,fb10,1,1,30
1735,fb11,1,1,30
1735,fb12,1,1,30
1735,fb13,2,1,30
1735,fb14,2,1,30
1735,fb15,1,1,30
1735,fb16,1,1,30
1735,fb17,3,1,30
1735,fb18,1,1,30
1735,fb19,1,1,30
1735,fb20,1,1,30
1735,fb21,1,1,30
1735,fb22,2,1,30
1735,fb23,1,1,30
1735,fb24,2,1,30
1735,fb25,1,1,30
1735,fb26,2,1,30
1735,fb27,1,1,30
1735,fb28,1,1,30
1735,fb29,2,1,30
1740,fb0,1,1,30
1740,fb1,2,1,30
1740,fb2,2,1,30
1740,fb3,1,1,30
1740,fb4,1,1,30
1740,fb5,1,1,30
1740,fb6,1,1,30
1740,fb7,1,1,30
1740,fb8,1,1,30
1740,fb9,3,1,30
1740,fb10,1,1,30
1740,fb11,1,1,30
1740,fb12,1,1,30
1740,fb13,2,1,30
1740,fb14,2,1,30
1740,fb15,1,1,30
1740,fb16,1,1,30
1740,fb17,3,1,30
1740,fb18,1,1,30
1740,fb19,1,1,30
1740,fb20,1,1,30
1740,fb21,1,1,30
1740,fb22,2,1,30
1740,fb23,1,1,30
1740,fb24,2,1,30
1740,fb25,1,1,30
1740,fb26,2,1,30
1740,fb27,1,1,30
1740,fb28,1,1,30
1740,fb29,2,1,30
1745,fb0,1,1,30
1745,fb1,2,1,30
1745,fb2,2,1,30
1745,fb3,1,1,30
1745,fb4,1,1,30
1745,fb5,1,1,30
1745,fb6,1,1,30
1745,fb7,1,1,30
1745,fb8,1,1,30
1745,fb9,3,1,30
1745,fb10,1,1,30
1745,fb11,1,1,30
1745,fb12,1,1,30
1745,fb13,2,1,30
1745,fb14,2,1,30
1745,fb15,1,1,30
1745,fb16,1,1,30
1745,fb17,3,1,30
1745,fb18,1,1,30
1745,fb19,1,1,30
1745,fb20,1,1,30
1745,fb21,1,1,30
1745,fb22,2,1,30
1745,fb23,1,1,30
1745,fb24,2,1,30
1745,fb25,1,1,30
1745,fb26,2,1,30
1745,fb27,1,1,30
1745,fb28,1,1,30
1745,fb29,2,1,30
1750,fb0,1,1,30
1750,fb1,2,1,30
1750,fb2,2,1,30
1750,fb3,1,1,30
1750,fb4,1,1,30
1750,fb5,1,1,30
1750,fb6,1,1,30
1750,fb7,1,1,30
1750,fb8,1,1,30
1750,fb9,3,1,30
1750,fb10,1,1,30
1750,fb11,1,1,30
1750,fb12,1,1,30
1750,fb13,2,1,30
1750,fb14,2,1,30
1750,fb15,1,1,30
1750,fb16,1,1,30
1750,fb17,3,1,30
1750,fb18,1,1,30
1750,fb19,1,1,30
1750,fb20,1,1,30
1750,fb21,1,1,30
1750,fb22,2,1,30
1750,fb23,1,1,30
1750,fb24,2,1,30
1750,fb25,1,1,30
1750,fb26,2,1,30
1750,fb27,1,1,30
1750,fb28,1,1,30
1750,fb29,2,1,30
1755,fb0,1,1,30
1755,fb1,2,1,30
1755,fb2,2,1,30
1755,fb3,1,1,30
1755,fb4,1,1,30
1755,fb5,1,1,30
1755,fb6,1,1,30
1755,fb7,1,1,30
1755,fb8,1,1,30
1755,fb9,3,1,30
1755,fb10,1,1,30
1755,fb11,1,1,30
1755,fb12,1,1,30
1755,fb13,2,1,30
1755,fb14,2,1,30
1755,fb15,1,1,30
1755,fb16,1,1,30
1755,fb17,3,1,30
1755,fb18,1,1,30
1755,fb19,1,1,30
1755,fb20,1,1,30
1755,fb21,1,1,30
1755,fb22,2,1,30
1755,fb23,1,1,30
1755,fb24,2,1,30
1755,fb25,1,1,30
1755,fb26,2,1,30
1755,fb27,1,1,30
1755,fb28,1,1,30
1755,fb29,2,1,30
1760,fb0,1,1,30
1760,fb1,2,1,30
1760,fb2,2,1,30
1760,fb3,1,1,30
1760,fb4,1,1,30
1760,fb5,1,1,30
1760,fb6,1,1,30
1760,fb7,1,1,30
1760,fb8,1,1,30
1760,fb9,3,1,30
1760,fb10,1,1,30
1760,fb11,1,0,30
1760,fb12,1,1,30
1760,fb13,2,1,30
1760,fb14,2,1,30
1760,fb15,1,1,30
1760,fb16,1,1,30
1760,fb17,3,1,30
1760,fb18,1,1,30
1760,fb19,1,1,30
1760,fb20,1,1,30
1760,fb21,1,1,30
1760,fb22,2,1,30
1760,fb23,1,1,30
1760,fb24,2,1,30
1760,fb25,1,1,30
1760,fb26,2,1,30
1760,fb27,1,1,30
1760,fb28,1,1,30
1760,fb29,2,1,30
1765,fb0,1,1,30
1765,fb1,2,1,30
1765,fb2,2,1,30
1765,fb3,1,1,30
1765,fb4,1,1,30
1765,fb5,1,1,30
1765,fb6,1,1,30
1765,fb7,1,1,30
1765,fb8,1,1,30
1765,fb9,3,1,30
1765,fb10,1,1,30
1765,fb11,1,1,30
1765,fb12,1,1,30
1765,fb13,2,1,30
1765,fb14,2,1,30
1765,fb15,1,1,30
1765,fb16,1,1,30
1765,fb17,3,1,30
1765,fb18,1,1,30
1765,fb19,1,1,30
1765,fb20,1,1,30
1765,fb21,1,1,30
1765,fb22,2,1,30
1765,fb23,1,1,30
1765,fb24,2,1,30
1765,fb25,1,1,30
1765,fb26,2,1,30
1765,fb27,1,1,30
1765,fb28,1,1,30
1765,fb29,2,1,30
1770,fb0,1,1,30
1770,fb1,2,1,30
1770,fb2,2,1,30
1770,fb3,1,1,30
1770,fb4,1,1,30
1770,fb5,1,1,30
1770,fb6,1,1,30
1770,fb7,1,1,30
1770,fb8,1,1,30
1770,fb9,3,1,30
1770,fb10,1,1,30
1770,fb11,1,1,30
1770,fb12,1,1,30
1770,fb13,2,1,30
1770,fb14,2,1,30
1770,fb15,1,1,30
1770,fb16,1,1,30
1770,fb17,3,1,30
1770,fb18,1,1,30
1770,fb19,1,1,30
1770,fb20,1,1,30
1770,fb21,1,1,30
1770,fb22,2,1,30
1770,fb23,1,1,30
1770,fb24,2,1,30
1770,fb25,1,1,30
1770,fb26,2,1,30
1770,fb27,1,1,30
1770,fb28,1,1,30
1770,fb29,2,1,30
1775,fb0,1,1,30
1775,fb1,2,1,30
1775,fb2,2,1,30
1775,fb3,1,1,30
1775,fb4,1,1,30
1775,fb5,1,1,30
1775,fb6,1,1,30
1775,fb7,1,1,30
1775,fb8,1,1,30
1775,fb9,3,1,30
1775,fb10,1,1,30
1775,fb11,1,1,30
1775,fb12,1,1,30
1775,fb13,2,1,30
1775,fb14,2,1,30
1775,fb15,1,1,30
1775,fb16,1,1,30
1775,fb17,3,1,30
1775,fb18,1,1,30
1775,fb19,1,1,30
1775,fb20,1,1,30
1775,fb21,1,1,30
1775,fb22,2,1,30
1775,fb23,1,1,30
1775,fb24,2,1,30
1775,fb25,1,1,30
1775,fb26,2,1,30
1775,fb27,1,1,30
1775,fb28,1,1,30
1775,fb29,2,1,30
1780,fb0,1,1,30
1780,fb1,2,1,30
1780,fb2,2,1,30
1780,fb3,1,1,30
1780,fb4,1,1,30
1780,fb5,1,1,30
1780,fb6,1,1,30
1780,fb7,1,1,30
1780,fb8,1,1,30
1780,fb9,3,0,30
1780,fb10,1,1,30
1780,fb11,1,1,30
1780,fb12,1,1,30
1780,fb13,2,1,30
1780,fb14,2,1,30
1780,fb15,1,1,30
1780,fb16,1,1,30
1780,fb17,3,1,30
1780,fb18,1,1,30
1780,fb19,1,1,30
1780,fb20,1,1,30
1780,fb21,1,1,30
1780,fb22,2,1,30
1780,fb23,1,1,30
1780,fb24,2,1,30
1780,fb25,1,1,30
1780,fb26,2,0,30
1780,fb27,1,1,30
1780,fb28,1,1,30
1780,fb29,2,1,30
1785,fb0,1,1,30
1785,fb1,2,1,30
1785,fb2,2,1,30
1785,fb3,1,1,30
1785,fb4,1,1,30
1785,fb5,1,1,30
1785,fb6,1,1,30
1785,fb7,1,1,30
1785,fb8,1,1,30
1785,fb9,3,1,30
1785,fb10,1,1,30
1785,fb11,1,1,30
1785,fb12,1,1,30
1785,fb13,2,0,30
1785,fb14,2,1,30
1785,fb15,1,1,30
1785,fb16,1,1,30
1785,fb17,3,1,30
1785,fb18,1,1,30
1785,fb19,1,1,30
1785,fb20,1,0,30
1785,fb21,1,1,30
1785,fb22,2,1,30
1785,fb23,1,1,30
1785,fb24,2,1,30
1785,fb25,1,1,30
1785,fb26,2,1,30
1785,fb27,1,1,30
1785,fb28,1,1,30
1785,fb29,2,1,30
1790,fb0,1,1,30
1790,fb1,2,1,30
1790,fb2,2,1,30
1790,fb3,1,1,30
1790,fb4,1,1,30
1790,fb5,1,0,30
1790,fb6,1,1,30
1790,fb7,1,1,30
1790,fb8,1,1,30
1790,fb9,3,1,30
1790,fb10,1,1,30
1790,fb11,1,1,30
1790,fb12,1,1,30
1790,fb13,2,1,30
1790,fb14,2,1,30
1790,fb15,1,1,30
1790,fb16,1,1,30
1790,fb17,3,1,30
1790,fb18,1,1,30
1790,fb19,1,1,30
1790,fb20,1,1,30
1790,fb21,1,1,30
1790,fb22,2,1,30
1790,fb23,1,1,30
1790,fb24,2,1,30
1790,fb25,1,1,30
1790,fb26,2,1,30
1790,fb27,1,1,30
1790,fb28,1,1,30
1790,fb29,2,1,30
1795,fb0,1,1,30
1795,fb1,2,1,30
1795,fb2,2,1,30
1795,fb3,1,1,30
1795,fb4,1,1,30
1795,fb5,1,1,30
1795,fb6,1,1,30
1795,fb7,1,1,30
1795,fb8,1,1,30
1795,fb9,3,1,30
1795,fb10,1,1,30
1795,fb11,1,1,30
1795,fb12,1,1,30
1795,fb13,2,1,30
1795,fb14,2,1,30
1795,fb15,1,1,30
1795,fb16,1,1,30
1795,fb17,3,1,30
1795,fb18,1,1,30
1795,fb19,1,1,30
1795,fb20,1,1,30
1795,fb21,1,1,30
1795,fb22,2,1,30
1795,fb23,1,1,30
1795,fb24,2,1,30
1795,fb25,1,1,30
1795,fb26,2,1,30
1795,fb27,1,1,30
1795,fb28,1,1,30
1795,fb29,2,1,30
1800,fb0,1,1,30
1800,fb1,2,1,30
1800,fb2,2,1,30
1800,fb3,1,1,30
1800,fb4,1,0,30
1800,fb5,1,1,30
1800,fb6,1,1,30
1800,fb7,1,1,30
1800,fb8,1,1,30
1800,fb9,3,1,30
1800,fb10,1,1,30
1800,fb11,1,1,30
1800,fb12,1,1,30
1800,fb13,2,1,30
1800,fb14,2,1,30
1800,fb15,1,1,30
1800,fb16,1,1,30
1800,fb17,3,1,30
1800,fb18,1,1,30
1800,fb19,1,1,30
1800,fb20,1,1,30
1800,fb21,1,1,30
1800,fb22,2,1,30
1800,fb23,1,1,30
1800,fb24,2,0,30
1800,fb25,1,1,30
1800,fb26,2,1,30
1800,fb27,1,1,30
1800,fb28,1,1,30
1800,fb29,2,1,30
1805,fb0,1,1,30
1805,fb1,2,1,30
1805,fb2,2,1,30
1805,fb3,1,1,30
1805,fb4,1,1,30
1805,fb5,1,1,30
1805,fb6,1,1,30
1805,fb7,1,1,30
1805,fb8,1,1,30
1805,fb9,3,1,30
1805,fb10,1,1,30
1805,fb11,1,1,30
1805,fb12,1,1,30
1805,fb13,2,1,30
1805,fb14,2,1,30
1805,fb15,1,1,30
1805,fb16,1,1,30
1805,fb17,3,1,30
1805,fb18,1,1,30
1805,fb19,1,1,30
1805,fb20,1,1,30
1805,fb21,1,1,30
1805,fb22,2,1,30
1805,fb23,1,1,30
1805,fb24,2,1,30
1805,fb25,1,1,30
1805,fb26,2,1,30
1805,fb27,1,0,30
1805,fb28,1,1,30
1805,fb29,2,1,30
1810,fb0,1,1,30
1810,fb1,2,1,30
1810,fb2,2,1,30
1810,fb3,1,1,30
1810,fb4,1,1,30
1810,fb5,1,1,30
1810,fb6,1,1,30
1810,fb7,1,1,30
1810,fb8,1,1,30
1810,fb9,3,1,30
1810,fb10,1,1,30
1810,fb11,1,1,30
1810,fb12,1,1,30
1810,fb13,2,1,30
1810,fb14,2,1,30
1810,fb15,1,1,30
1810,fb16,1,1,30
1810,fb17,3,1,30
1810,fb18,1,1,30
1810,fb19,1,1,30
1810,fb20,1,1,30
1810,fb21,1,1,30
1810,fb22,2,1,30
1810,fb23,1,1,30
1810,fb24,2,1,30
1810,fb25,1,1,30
1810,fb26,2,1,30
1810,fb27,1,1,30
1810,fb28,1,1,30
1810,fb29,2,1,30
1815,fb0,1,1,30
1815,fb1,2,1,30
1815,fb2,2,1,30
1815,fb3,1,1,30
1815,fb4,1,1,30
1815,fb5,1,1,30
1815,fb6,1,1,30
1815,fb7,1,1,30
1815,fb8,1,1,30
1815,fb9,3,1,30
1815,fb10,1,1,30
1815,fb11,1,1,30
1815,fb12,1,1,30
1815,fb13,2,1,30
1815,fb14,2,1,30
1815,fb15,1,1,30
1815,fb16,1,1,30
1815,fb17,3,1,30
1815,fb18,1,1,30
1815,fb19,1,1,30
1815,fb20,1,1,30
1815,fb21,1,1,30
1815,fb22,2,1,30
1815,fb23,1,1,30
1815,fb24,2,1,30
1815,fb25,1,1,30
1815,fb26,2,1,30
1815,fb27,1,1,30
1815,fb28,1,1,30
1815,fb29,2,1,30
1820,fb0,1,1,30
1820,fb1,2,1,30
1820,fb2,2,1,30
1820,fb3,1,1,30
1820,fb4,1,1,30
1820,fb5,1,1,30
1820,fb6,1,1,30
1820,fb7,1,1,30
1820,fb8,1,1,30
1820,fb9,3,1,30
1820,fb10,1,1,30
1820,fb11,1,1,30
1820,fb12,1,1,30
1820,fb13,2,1,30
1820,fb14,2,1,30
1820,fb15,1,1,30
1820,fb16,1,1,30
1820,fb17,3,1,30
1820,fb18,1,1,30
1820,fb19,1,1,30
1820,fb20,1,1,30
1820,fb21,1,1,30
1820,fb22,2,1,30
1820,fb23,1,1,30
1820,fb24,2,1,30
1820,fb25,1,1,30
1820,fb26,2,1,30
1820,fb27,1,1,30
1820,fb28,1,1,30
1820,fb29,2,1,30
1825,fb0,1,1,30
1825,fb1,2,1,30
1825,fb2,2,1,30
1825,fb3,1,1,30
1825,fb4,1,1,30
1825,fb5,1,1,30
1825,fb6,1,1,30
1825,fb7,1,1,30
1825,fb8,1,1,30
1825,fb9,3,1,30
1825,fb10,1,1,30
1825,fb11,1,1,30
1825,fb12,1,1,30
1825,fb13,2,1,30
1825,fb14,2,1,30
1825,fb15,1,0,30
1825,fb16,1,1,30
1825,fb17,3,1,30
1825,fb18,1,1,30
1825,fb19,1,0,30
1825,fb20,1,1,30
1825,fb21,1,1,30
1825,fb22,2,1,30
1825,fb23,1,1,30
1825,fb24,2,1,30
1825,fb25,1,1,30
1825,fb26,2,1,30
1825,fb27,1,1,30
1825,fb28,1,1,30
1825,fb29,2,1,30
1830,fb0,1,1,30
1830,fb1,2,1,30
1830,fb2,2,1,30
1830,fb3,1,1,30
1830,fb4,1,1,30
1830,fb5,1,1,30
1830,fb6,1,0,30
1830,fb7,1,0,30
1830,fb8,1,1,30
1830,fb9,3,1,30
1830,fb10,1,1,30
1830,fb11,1,1,30
1830,fb12,1,1,30
1830,fb13,2,1,30
1830,fb14,2,1,30
1830,fb15,1,1,30
1830,fb16,1,1,30
1830,fb17,3,1,30
1830,fb18,1,1,30
1830,fb19,1,1,30
1830,fb20,1,1,30
1830,fb21,1,1,30
1830,fb22,2,1,30
1830,fb23,1,1,30
1830,fb24,2,1,30
1830,fb25,1,1,30
1830,fb26,2,1,30
1830,fb27,1,1,30
1830,fb28,1,1,30
1830,fb29,2,1,30
1835,fb0,1,1,30
1835,fb1,2,1,30
1835,fb2,2,1,30
1835,fb3,1,0,30
1835,fb4,1,1,30
1835,fb5,1,1,30
1835,fb6,1,1,30
1835,fb7,1,1,30
1835,fb8,1,1,30
1835,fb9,3,1,30
1835,fb10,1,1,30
1835,fb11,1,1,30
1835,fb12,1,1,30
1835,fb13,2,1,30
1835,fb14,2,1,30
1835,fb15,1,1,30
1835,fb16,1,0,30
1835,fb17,3,1,30
1835,fb18,1,1,30
1835,fb19,1,1,30
1835,fb20,1,1,30
1835,fb21,1,0,30
1835,fb22,2,0,30
1835,fb23,1,1,30
1835,fb24,2,1,30
1835,fb25,1,1,30
1835,fb26,2,1,30
1835,fb27,1,1,30
1835,fb28,1,1,30
1835,fb29,2,1,30
1840,fb0,1,1,30
1840,fb1,2,1,30
1840,fb2,2,1,30
1840,fb3,1,1,30
1840,fb4,1,1,30
1840,fb5,1,1,30
1840,fb6,1,1,30
1840,fb7,1,1,30
1840,fb8,1,1,30
1840,fb9,3,1,30
1840,fb10,1,1,30
1840,fb11,1,1,30
1840,fb12,1,1,30
1840,fb13,2,1,30
1840,fb14,2,1,30
1840,fb15,1,1,30
1840,fb16,1,1,30
1840,fb17,3,1,30
1840,fb18,1,1,30
1840,fb19,1,1,30
1840,fb20,1,1,30
1840,fb21,1,1,30
1840,fb22,2,1,30
1840,fb23,1,1,30
1840,fb24,2,1,30
1840,fb25,1,1,30
1840,fb26,2,1,30
1840,fb27,1,1,30
1840,fb28,1,1,30
1840,fb29,2,1,30
1845,fb0,1,0,30
1845,fb1,2,1,30
1845,fb2,2,1,30
1845,fb3,1,1,30
1845,fb4,1,1,30
1845,fb5,1,1,30
1845,fb6,1,1,30
1845,fb7,1,1,30
1845,fb8,1,1,30
1845,fb9,3,1,30
1845,fb10,1,1,30
1845,fb11,1,1,30
1845,fb12,1,1,30
1845,fb13,2,1,30
1845,fb14,2,1,30
1845,fb15,1,1,30
1845,fb16,1,1,30
1845,fb17,3,1,30
1845,fb18,1,1,30
1845,fb19,1,1,30
1845,fb20,1,1,30
1845,fb21,1,1,30
1845,fb22,2,1,30
1845,fb23,1,0,30
1845,fb24,2,1,30
1845,fb25,1,1,30
1845,fb26,2,1,30
1845,fb27,1,1,30
1845,fb28,1,1,30
1845,fb29,2,1,30
1850,fb0,1,1,30
1850,fb1,2,1,30
1850,fb2,2,1,30
1850,fb3,1,1,30
1850,fb4,1,1,30
1850,fb5,1,1,30
1850,fb6,1,1,30
1850,fb7,1,1,30
1850,fb8,1,1,30
1850,fb9,3,1,30
1850,fb10,1,1,30
1850,fb11,1,1,30
1850,fb12,1,1,30
1850,fb13,2,1,30
1850,fb14,2,1,30
1850,fb15,1,1,30
1850,fb16,1,1,30
1850,fb17,3,1,30
1850,fb18,1,1,30
1850,fb19,1,1,30
1850,fb20,1,1,30
1850,fb21,1,1,30
1850,fb22,2,1,30
1850,fb23,1,1,30
1850,fb24,2,1,30
1850,fb25,1,1,30
1850,fb26,2,1,30
1850,fb27,1,1,30
1850,fb28,1,1,30
1850,fb29,2,1,30
1855,fb0,1,1,30
1855,fb1,2,1,30
1855,fb2,2,1,30
1855,fb3,1,1,30
1855,fb4,1,1,30
1855,fb5,1,1,30
1855,fb6,1,1,30
1855,fb7,1,1,30
1855,fb8,1,1,30
1855,fb9,3,1,30
1855,fb10,1,0,30
1855,fb11,1,1,30
1855,fb12,1,1,30
1855,fb13,2,1,30
1855,fb14,2,1,30
1855,fb15,1,1,30
1855,fb16,1,1,30
1855,fb17,3,1,30
1855,fb18,1,1,30
1855,fb19,1,1,30
1855,fb20,1,1,30
1855,fb21,1,1,30
1855,fb22,2,1,30
1855,fb23,1,1,30
1855,fb24,2,1,30
1855,fb25,1,1,30
1855,fb26,2,1,30
1855,fb27,1,1,30
1855,fb28,1,1,30
1855,fb29,2,1,30
1860,fb0,1,1,30
1860,fb1,2,0,30
1860,fb2,2,0,30
1860,fb3,1,1,30
1860,fb4,1,1,30
1860,fb5,1,1,30
1860,fb6,1,1,30
1860,fb7,1,1,30
1860,fb8,1,1,30
1860,fb9,3,1,30
1860,fb10,1,1,30
1860,fb11,1,1,30
1860,fb12,1,0,30
1860,fb13,2,1,30
1860,fb14,2,0,30
1860,fb15,1,1,30
1860,fb16,1,1,30
1860,fb17,3,0,30
1860,fb18,1,1,30
1860,fb19,1,1,30
1860,fb20,1,1,30
1860,fb21,1,1,30
1860,fb22,2,1,30
1860,fb23,1,1,30
1860,fb24,2,1,30
1860,fb25,1,1,30
1860,fb26,2,1,30
1860,fb27,1,1,30
1860,fb28,1,1,30
1860,fb29,2,0,30
1865,fb0,1,1,30
1865,fb1,2,1,30
1865,fb2,2,1,30
1865,fb3,1,1,30
1865,fb4,1,1,30
1865,fb5,1,1,30
1865,fb6,1,1,30
1865,fb7,1,1,30
1865,fb8,1,1,30
1865,fb9,3,1,30
1865,fb10,1,1,30
1865,fb11,1,1,30
1865,fb12,1,1,30
1865,fb13,2,1,30
1865,fb14,2,1,30
1865,fb15,1,1,30
1865,fb16,1,1,30
1865,fb17,3,1,30
1865,fb18,1,1,30
1865,fb19,1,1,30
1865,fb20,1,1,30
1865,fb21,1,1,30
1865,fb22,2,1,30
1865,fb23,1,1,30
1865,fb24,2,1,30
1865,fb25,1,1,30
1865,fb26,2,1,30
1865,fb27,1,1,30
1865,fb28,1,0,30
1865,fb29,2,1,30
1870,fb0,1,1,30
1870,fb1,2,1,30
1870,fb2,2,1,30
1870,fb3,1,1,30
1870,fb4,1,1,30
1870,fb5,1,1,30
1870,fb6,1,1,30
1870,fb7,1,1,30
1870,fb8,1,1,30
1870,fb9,3,1,30
1870,fb10,1,1,30
1870,fb11,1,1,30
1870,fb12,1,1,30
1870,fb13,2,1,30
1870,fb14,2,1,30
1870,fb15,1,1,30
1870,fb16,1,1,30
1870,fb17,3,1,30
1870,fb18,1,0,30
1870,fb19,1,1,30
1870,fb20,1,1,30
1870,fb21,1,1,30
1870,fb22,2,1,30
1870,fb23,1,1,30
1870,fb24,2,1,30
1870,fb25,1,0,30
1870,fb26,2,1,30
1870,fb27,1,1,30
1870,fb28,1,1,30
1870,fb29,2,1,30
1875,fb0,1,1,30
1875,fb1,2,1,30
1875,fb2,2,1,30
1875,fb3,1,1,30
1875,fb4,1,1,30
1875,fb5,1,1,30
1875,fb6,1,1,30
1875,fb7,1,1,30
1875,fb8,1,0,30
1875,fb9,3,1,30
1875,fb10,1,1,30
1875,fb11,1,1,30
1875,fb12,1,1,30
1875,fb13,2,1,30
1875,fb14,2,1,30
1875,fb15,1,1,30
1875,fb16,1,1,30
1875,fb17,3,1,30
1875,fb18,1,1,30
1875,fb19,1,1,30
1875,fb20,1,1,30
1875,fb21,1,1,30
1875,fb22,2,1,30
1875,fb23,1,1,30
1875,fb24,2,1,30
1875,fb25,1,1,30
1875,fb26,2,1,30
1875,fb27,1,1,30
1875,fb28,1,1,30
1875,fb29,2,1,30
1880,fb0,1,1,30
1880,fb1,2,1,30
1880,fb2,2,1,30
1880,fb3,1,1,30
1880,fb4,1,1,30
1880,fb5,1,1,30
1880,fb6,1,1,30
1880,fb7,1,1,30
1880,fb8,1,1,30
1880,fb9,3,1,30
1880,fb10,1,1,30
1880,fb11,1,1,30
1880,fb12,1,1,30
1880,fb13,2,1,30
1880,fb14,2,1,30
1880,fb15,1,1,30
1880,fb16,1,1,30
1880,fb17,3,1,30
1880,fb18,1,1,30
1880,fb19,1,1,30
1880,fb20,1,1,30
1880,fb21,1,1,30
1880,fb22,2,1,30
1880,fb23,1,1,30
1880,fb24,2,1,30
1880,fb25,1,1,30
1880,fb26,2,1,30
1880,fb27,1,1,30
1880,fb28,1,1,30
1880,fb29,2,1,30
1885,fb0,1,1,30
1885,fb1,2,1,30
1885,fb2,2,1,30
1885,fb3,1,1,30
1885,fb4,1,1,30
1885,fb5,1,1,30
1885,fb6,1,1,30
1885,fb7,1,1,30
1885,fb8,1,1,30
1885,fb9,3,1,30
1885,fb10,1,1,30
1885,fb11,1,1,30
1885,fb12,1,1,30
1885,fb13,2,1,30
1885,fb14,2,1,30
1885,fb15,1,1,30
1885,fb16,1,1,30
1885,fb17,3,1,30
1885,fb18,1,1,30
1885,fb19,1,1,30
1885,fb20,1,1,30
1885,fb21,1,1,30
1885,fb22,2,1,30
1885,fb23,1,1,30
1885,fb24,2,1,30
1885,fb25,1,1,30
1885,fb26,2,1,30
1885,fb27,1,1,30
1885,fb28,1,1,30
1885,fb29,2,1,30
1890,fb0,1,1,30
1890,fb1,2,1,30
1890,fb2,2,1,30
1890,fb3,1,1,30
1890,fb4,1,1,30
1890,fb5,1,1,30
1890,fb6,1,1,30
1890,fb7,1,1,30
1890,fb8,1,1,30
1890,fb9,3,1,30
1890,fb10,1,1,30
1890,fb11,1,1,30
1890,fb12,1,1,30
1890,fb13,2,1,30
1890,fb14,2,1,30
1890,fb15,1,1,30
1890,fb16,1,1,30
1890,fb17,3,1,30
1890,fb18,1,1,30
1890,fb19,1,1,30
1890,fb20,1,1,30
1890,fb21,1,1,30
1890,fb22,2,1,30
1890,fb23,1,1,30
1890,fb24,2,1,30
1890,fb25,1,1,30
1890,fb26,2,1,30
1890,fb27,1,1,30
1890,fb28,1,1,30
1890,fb29,2,1,30
1895,fb0,1,1,30
1895,fb1,2,1,30
1895,fb2,2,1,30
1895,fb3,1,1,30
1895,fb4,1,1,30
1895,fb5,1,1,30
1895,fb6,1,1,30
1895,fb7,1,1,30
1895,fb8,1,1,30
1895,fb9,3,1,30
1895,fb10,1,1,30
1895,fb11,1,1,30
1895,fb12,1,1,30
1895,fb13,2,1,30
1895,fb14,2,1,30
1895,fb15,1,1,30
1895,fb16,1,1,30
1895,fb17,3,1,30
1895,fb18,1,1,30
1895,fb19,1,1,30
1895,fb20,1,1,30
1895,fb21,1,1,30
1895,fb22,2,1,30
1895,fb23,1,1,30
1895,fb24,2,1,30
1895,fb25,1,1,30
1895,fb26,2,1,30
1895,fb27,1,1,30
1895,fb28,1,1,30
1895,fb29,2,1,30
1900,fb0,1,1,30
1900,fb1,2,1,30
1900,fb2,2,1,30
1900,fb3,1,1,30
1900,fb4,1,1,30
1900,fb5,1,1,30
1900,fb6,1,1,30
1900,fb7,1,1,30
1900,fb8,1,1,30
1900,fb9,3,1,30
1900,fb10,1,1,30
1900,fb11,1,1,30
1900,fb12,1,1,30
1900,fb13,2,1,30
1900,fb14,2,1,30
1900,fb15,1,1,30
1900,fb16,1,1,30
1900,fb17,3,1,30
1900,fb18,1,1,30
1900,fb19,1,1,30
1900,fb20,1,1,30
1900,fb21,1,1,30
1900,fb22,2,1,30
1900,fb23,1,1,30
1900,fb24,2,1,30
1900,fb25,1,1,30
1900,fb26,2,1,30
1900,fb27,1,1,30
1900,fb28,1,1,30
1900,fb29,2,1,30
1905,fb0,1,1,30
1905,fb1,2,1,30
1905,fb2,2,1,30
1905,fb3,1,1,30
1905,fb4,1,1,30
1905,fb5,1,1,30
1905,fb6,1,1,30
1905,fb7,1,1,30
1905,fb8,1,1,30
1905,fb9,3,1,30
1905,fb10,1,1,30
1905,fb11,1,1,30
1905,fb12,1,1,30
1905,fb13,2,1,30
1905,fb14,2,1,30
1905,fb15,1,1,30
1905,fb16,1,1,30
1905,fb17,3,1,30
1905,fb18,1,1,30
1905,fb19,1,1,30
1905,fb20,1,1,30
1905,fb21,1,1,30
1905,fb22,2,1,30
1905,fb23,1,1,30
1905,fb24,2,1,30
1905,fb25,1,1,30
1905,fb26,2,1,30
1905,fb27,1,1,30
1905,fb28,1,1,30
1905,fb29,2,1,30
1910,fb0,1,1,30
1910,fb1,2,1,30
1910,fb2,2,1,30
1910,fb3,1,1,30
1910,fb4,1,1,30
1910,fb5,1,1,30
1910,fb6,1,1,30
1910,fb7,1,1,30
1910,fb8,1,1,30
1910,fb9,3,1,30
1910,fb10,1,1,30
1910,fb11,1,1,30
1910,fb12,1,1,30
1910,fb13,2,1,30
1910,fb14,2,1,30
1910,fb15,1,1,30
1910,fb16,1,1,30
1910,fb17,3,1,30
1910,fb18,1,1,30
1910,fb19,1,1,30
1910,fb20,1,1,30
1910,fb21,1,1,30
1910,fb22,2,1,30
1910,fb23,1,1,30
1910,fb24,2,1,30
1910,fb25,1,1,30
1910,fb26,2,1,30
1910,fb27,1,1,30
1910,fb28,1,1,30
1910,fb29,2,1,30
1915,fb0,1,1,30
1915,fb1,2,1,30
1915,fb2,2,1,30
1915,fb3,1,1,30
1915,fb4,1,1,30
1915,fb5,1,1,30
1915,fb6,1,1,30
1915,fb7,1,1,30
1915,fb8,1,1,30
1915,fb9,3,1,30
1915,fb10,1,1,30
1915,fb11,1,0,30
1915,fb12,1,1,30
1915,fb13,2,1,30
1915,fb14,2,1,30
1915,fb15,1,1,30
1915,fb16,1,1,30
1915,fb17,3,1,30
1915,fb18,1,1,30
1915,fb19,1,1,30
1915,fb20,1,1,30
1915,fb21,1,1,30
1915,fb22,2,1,30
1915,fb23,1,1,30
1915,fb24,2,1,30
1915,fb25,1,1,30
1915,fb26,2,1,30
1915,fb27,1,1,30
1915,fb28,1,1,30
1915,fb29,2,1,30
1920,fb0,1,1,30
1920,fb1,2,1,30
1920,fb2,2,1,30
1920,fb3,1,1,30
1920,fb4,1,1,30
1920,fb5,1,1,30
1920,fb6,1,1,30
1920,fb7,1,1,30
1920,fb8,1,1,30
1920,fb9,3,1,30
1920,fb10,1,1,30
1920,fb11,1,1,30
1920,fb12,1,1,30
1920,fb13,2,1,30
1920,fb14,2,1,30
1920,fb15,1,1,30
1920,fb16,1,1,30
1920,fb17,3,1,30
1920,fb18,1,1,30
1920,fb19,1,1,30
1920,fb20,1,1,30
1920,fb21,1,1,30
1920,fb22,2,1,30
1920,fb23,1,1,30
1920,fb24,2,1,30
1920,fb25,1,1,30
1920,fb26,2,1,30
1920,fb27,1,1,30
1920,fb28,1,1,30
1920,fb29,2,1,30
1925,fb0,1,1,30
1925,fb1,2,1,30
1925,fb2,2,1,30
1925,fb3,1,1,30
1925,fb4,1,1,30
1925,fb5,1,1,30
1925,fb6,1,1,30
1925,fb7,1,1,30
1925,fb8,1,1,30
1925,fb9,3,1,30
1925,fb10,1,1,30
1925,fb11,1,1,30
1925,fb12,1,1,30
1925,fb13,2,1,30
1925,fb14,2,1,30
1925,fb15,1,1,30
1925,fb16,1,1,30
1925,fb17,3,1,30
1925,fb18,1,1,30
1925,fb19,1,1,30
1925,fb20,1,1,30
1925,fb21,1,1,30
1925,fb22,2,1,30
1925,fb23,1,1,30
1925,fb24,2,1,30
1925,fb25,1,1,30
1925,fb26,2,1,30
1925,fb27,1,1,30
1925,fb28,1,1,30
1925,fb29,2,1,30
1930,fb0,1,1,30
1930,fb1,2,1,30
1930,fb2,2,1,30
1930,fb3,1,1,30
1930,fb4,1,1,30
1930,fb5,1,1,30
1930,fb6,1,1,30
1930,fb7,1,1,30
1930,fb8,1,1,30
1930,fb9,3,1,30
1930,fb10,1,1,30
1930,fb11,1,1,30
1930,fb12,1,1,30
1930,fb13,2,1,30
1930,fb14,2,1,30
1930,fb15,1,1,30
1930,fb16,1,1,30
1930,fb17,3,1,30
1930,fb18,1,1,30
1930,fb19,1,1,30
1930,fb20,1,1,30
1930,fb21,1,1,30
1930,fb22,2,1,30
1930,fb23,1,1,30
1930,fb24,2,1,30
1930,fb25,1,1,30
1930,fb26,2,1,30
1930,fb27,1,1,30
1930,fb28,1,1,30
1930,fb29,2,1,30
1935,fb0,1,1,30
1935,fb1,2,1,30
1935,fb2,2,1,30
1935,fb3,1,1,30
1935,fb4,1,1,30
1935,fb5,1,1,30
1935,fb6,1,1,30
1935,fb7,1,1,30
1935,fb8,1,1,30
1935,fb9,3,0,30
1935,fb10,1,1,30
1935,fb11,1,1,30
1935,fb12,1,1,30
1935,fb13,2,1,30
1935,fb14,2,1,30
1935,fb15,1,1,30
1935,fb16,1,1,30
1935,fb17,3,1,30
1935,fb18,1,1,30
1935,fb19,1,1,30
1935,fb20,1,1,30
1935,fb21,1,1,30
1935,fb22,2,1,30
1935,fb23,1,1,30
1935,fb24,2,1,30
1935,fb25,1,1,30
1935,fb26,2,0,30
1935,fb27,1,1,30
1935,fb28,1,1,30
1935,fb29,2,1,30
1940,fb0,1,1,30
1940,fb1,2,1,30
1940,fb2,2,1,30
1940,fb3,1,1,30
1940,fb4,1,1,30
1940,fb5,1,1,30
1940,fb6,1,1,30
1940,fb7,1,1,30
1940,fb8,1,1,30
1940,fb9,3,1,30
1940,fb10,1,1,30
1940,fb11,1,1,30
1940,fb12,1,1,30
1940,fb13,2,0,30
1940,fb14,2,1,30
1940,fb15,1,1,30
1940,fb16,1,1,30
1940,fb17,3,1,30
1940,fb18,1,1,30
1940,fb19,1,1,30
1940,fb20,1,0,30
1940,fb21,1,1,30
1940,fb22,2,1,30
1940,fb23,1,1,30
1940,fb24,2,1,30
1940,fb25,1,1,30
1940,fb26,2,1,30
1940,fb27,1,1,30
1940,fb28,1,1,30
1940,fb29,2,1,30
1945,fb0,1,1,30
1945,fb1,2,1,30
1945,fb2,2,1,30
1945,fb3,1,1,30
1945,fb4,1,1,30
1945,fb5,1,0,30
1945,fb6,1,1,30
1945,fb7,1,1,30
1945,fb8,1,1,30
1945,fb9,3,1,30
1945,fb10,1,1,30
1945,fb11,1,1,30
1945,fb12,1,1,30
1945,fb13,2,1,30
1945,fb14,2,1,30
1945,fb15,1,1,30
1945,fb16,1,1,30
1945,fb17,3,1,30
1945,fb18,1,1,30
1945,fb19,1,1,30
1945,fb20,1,1,30
1945,fb21,1,1,30
1945,fb22,2,1,30
1945,fb23,1,1,30
1945,fb24,2,1,30
1945,fb25,1,1,30
1945,fb26,2,1,30
1945,fb27,1,1,30
1945,fb28,1,1,30
1945,fb29,2,1,30
1950,fb0,1,1,30
1950,fb1,2,1,30
1950,fb2,2,1,30
1950,fb3,1,1,30
1950,fb4,1,1,30
1950,fb5,1,1,30
1950,fb6,1,1,30
1950,fb7,1,1,30
1950,fb8,1,1,30
1950,fb9,3,1,30
1950,fb10,1,1,30
1950,fb11,1,1,30
1950,fb12,1,1,30
1950,fb13,2,1,30
1950,fb14,2,1,30
1950,fb15,1,1,30
1950,fb16,1,1,30
1950,fb17,3,1,30
1950,fb18,1,1,30
1950,fb19,1,1,30
1950,fb20,1,1,30
1950,fb21,1,1,30
1950,fb22,2,1,30
1950,fb23,1,1,30
1950,fb24,2,1,30
1950,fb25,1,1,30
1950,fb26,2,1,30
1950,fb27,1,1,30
1950,fb28,1,1,30
1950,fb29,2,1,30
1955,fb0,1,1,30
1955,fb1,2,1,30
1955,fb2,2,1,30
1955,fb3,1,1,30
1955,fb4,1,0,30
1955,fb5,1,1,30
1955,fb6,1,1,30
1955,fb7,1,1,30
1955,fb8,1,1,30
1955,fb9,3,1,30
1955,fb10,1,1,30
1955,fb11,1,1,30
1955,fb12,1,1,30
1955,fb13,2,1,30
1955,fb14,2,1,30
1955,fb15,1,1,30
1955,fb16,1,1,30
1955,fb17,3,1,30
1955,fb18,1,1,30
1955,fb19,1,1,30
1955,fb20,1,1,30
1955,fb21,1,1,30
1955,fb22,2,1,30
1955,fb23,1,1,30
1955,fb24,2,0,30
1955,fb25,1,1,30
1955,fb26,2,1,30
1955,fb27,1,1,30
1955,fb28,1,1,30
1955,fb29,2,1,30
1960,fb0,1,1,30
1960,fb1,2,1,30
1960,fb2,2,1,30
1960,fb3,1,1,30
1960,fb4,1,1,30
1960,fb5,1,1,30
1960,fb6,1,1,30
1960,fb7,1,1,30
1960,fb8,1,1,30
1960,fb9,3,1,30
1960,fb10,1,1,30
1960,fb11,1,1,30
1960,fb12,1,1,30
1960,fb13,2,1,30
1960,fb14,2,1,30
1960,fb15,1,1,30
1960,fb16,1,1,30
1960,fb17,3,1,30
1960,fb18,1,1,30
1960,fb19,1,1,30
1960,fb20,1,1,30
1960,fb21,1,1,30
1960,fb22,2,1,30
1960,fb23,1,1,30
1960,fb24,2,1,30
1960,fb25,1,1,30
1960,fb26,2,1,30
1960,fb27,1,0,30
1960,fb28,1,1,30
1960,fb29,2,1,30
1965,fb0,1,1,30
1965,fb1,2,1,30
1965,fb2,2,1,30
1965,fb3,1,1,30
1965,fb4,1,1,30
1965,fb5,1,1,30
1965,fb6,1,1,30
1965,fb7,1,1,30
1965,fb8,1,1,30
1965,fb9,3,1,30
1965,fb10,1,1,30
1965,fb11,1,1,30
1965,fb12,1,1,30
1965,fb13,2,1,30
1965,fb14,2,1,30
1965,fb15,1,1,30
1965,fb16,1,1,30
1965,fb17,3,1,30
1965,fb18,1,1,30
1965,fb19,1,1,30
1965,fb20,1,1,30
1965,fb21,1,1,30
1965,fb22,2,1,30
1965,fb23,1,1,30
1965,fb24,2,1,30
1965,fb25,1,1,30
1965,fb26,2,1,30
1965,fb27,1,1,30
1965,fb28,1,1,30
1965,fb29,2,1,30
1970,fb0,1,1,30
1970,fb1,2,1,30
1970,fb2,2,1,30
1970,fb3,1,1,30
1970,fb4,1,1,30
1970,fb5,1,1,30
1970,fb6,1,1,30
1970,fb7,1,1,30
1970,fb8,1,1,30
1970,fb9,3,1,30
1970,fb10,1,1,30
1970,fb11,1,1,30
1970,fb12,1,1,30
1970,fb13,2,1,30
1970,fb14,2,1,30
1970,fb15,1,1,30
1970,fb16,1,1,30
1970,fb17,3,1,30
1970,fb18,1,1,30
1970,fb19,1,1,30
1970,fb20,1,1,30
1970,fb21,1,1,30
1970,fb22,2,1,30
1970,fb23,1,1,30
1970,fb24,2,1,30
1970,fb25,1,1,30
1970,fb26,2,1,30
1970,fb27,1,1,30
1970,fb28,1,1,30
1970,fb29,2,1,30
1975,fb0,1,1,30
1975,fb1,2,1,30
1975,fb2,2,1,30
1975,fb3,1,1,30
1975,fb4,1,1,30
1975,fb5,1,1,30
1975,fb6,1,1,30
1975,fb7,1,1,30
1975,fb8,1,1,30
1975,fb9,3,1,30
1975,fb10,1,1,30
1975,fb11,1,1,30
1975,fb12,1,1,30
1975,fb13,2,1,30
1975,fb14,2,1,30
1975,fb15,1,1,30
1975,fb16,1,1,30
1975,fb17,3,1,30
1975,fb18,1,1,30
1975,fb19,1,1,30
1975,fb20,1,1,30
1975,fb21,1,1,30
1975,fb22,2,1,30
1975,fb23,1,1,30
1975,fb24,2,1,30
1975,fb25,1,1,30
1975,fb26,2,1,30
1975,fb27,1,1,30
1975,fb28,1,1,30
1975,fb29,2,1,30
1980,fb0,1,1,30
1980,fb1,2,1,30
1980,fb2,2,1,30
1980,fb3,1,1,30
1980,fb4,1,1,30
1980,fb5,1,1,30
1980,fb6,1,1,30
1980,fb7,1,1,30
1980,fb8,1,1,30
1980,fb9,3,1,30
1980,fb10,1,1,30
1980,fb11,1,1,30
1980,fb12,1,1,30
1980,fb13,2,1,30
1980,fb14,2,1,30
1980,fb15,1,0,30
1980,fb16,1,1,30
1980,fb17,3,1,30
1980,fb18,1,1,30
1980,fb19,1,0,30
1980,fb20,1,1,30
1980,fb21,1,1,30
1980,fb22,2,1,30
1980,fb23,1,1,30
1980,fb24,2,1,30
1980,fb25,1,1,30
1980,fb26,2,1,30
1980,fb27,1,1,30
1980,fb28,1,1,30
1980,fb29,2,1,30
1985,fb0,1,1,30
1985,fb1,2,1,30
1985,fb2,2,1,30
1985,fb3,1,1,30
1985,fb4,1,1,30
1985,fb5,1,1,30
1985,fb6,1,0,30
1985,fb7,1,0,30
1985,fb8,1,1,30
1985,fb9,3,1,30
1985,fb10,1,1,30
1985,fb11,1,1,30
1985,fb12,1,1,30
1985,fb13,2,1,30
1985,fb14,2,1,30
1985,fb15,1,1,30
1985,fb16,1,1,30
1985,fb17,3,1,30
1985,fb18,1,1,30
1985,fb19,1,1,30
1985,fb20,1,1,30
1985,fb21,1,1,30
1985,fb22,2,1,30
1985,fb23,1,1,30
1985,fb24,2,1,30
1985,fb25,1,1,30
1985,fb26,2,1,30
1985,fb27,1,1,30
1985,fb28,1,1,30
1985,fb29,2,1,30
1990,fb0,1,1,30
1990,fb1,2,1,30
1990,fb2,2,1,30
1990,fb3,1,0,30
1990,fb4,1,1,30
1990,fb5,1,1,30
1990,fb6,1,1,30
1990,fb7,1,1,30
1990,fb8,1,1,30
1990,fb9,3,1,30
1990,fb10,1,1,30
1990,fb11,1,1,30
1990,fb12,1,1,30
1990,fb13,2,1,30
1990,fb14,2,1,30
1990,fb15,1,1,30
1990,fb16,1,0,30
1990,fb17,3,1,30
1990,fb18,1,1,30
1990,fb19,1,1,30
1990,fb20,1,1,30
1990,fb21,1,0,30
1990,fb22,2,0,30
1990,fb23,1,1,30
1990,fb24,2,1,30
1990,fb25,1,1,30
1990,fb26,2,1,30
1990,fb27,1,1,30
1990,fb28,1,1,30
1990,fb29,2,1,30
1995,fb0,1,1,30
1995,fb1,2,1,30
1995,fb2,2,1,30
1995,fb3,1,1,30
1995,fb4,1,1,30
1995,fb5,1,1,30
1995,fb6,1,1,30
1995,fb7,1,1,30
1995,fb8,1,1,30
1995,fb9,3,1,30
1995,fb10,1,1,30
1995,fb11,1,1,30
1995,fb12,1,1,30
1995,fb13,2,1,30
1995,fb14,2,1,30
1995,fb15,1,1,30
1995,fb16,1,1,30
1995,fb17,3,1,30
1995,fb18,1,1,30
1995,fb19,1,1,30
1995,fb20,1,1,30
1995,fb21,1,1,30
1995,fb22,2,1,30
1995,fb23,1,1,30
1995,fb24,2,1,30
1995,fb25,1,1,30
1995,fb26,2,1,30
1995,fb27,1,1,30
1995,fb28,1,1,30
1995,fb29,2,1,30
2000,fb0,1,0,30
2000,fb1,2,1,30
2000,fb2,2,1,30
2000,fb3,1,1,30
2000,fb4,1,1,30
2000,fb5,1,1,30
2000,fb6,1,1,30
2000,fb7,1,1,30
2000,fb8,1,1,30
2000,fb9,3,1,30
2000,fb10,1,1,30
2000,fb11,1,1,30
2000,fb12,1,1,30
2000,fb13,2,1,30
2000,fb14,2,1,30
2000,fb15,1,1,30
2000,fb16,1,1,30
2000,fb17,3,1,30
2000,fb18,1,1,30
2000,fb19,1,1,30
2000,fb20,1,1,30
2000,fb21,1,1,30
2000,fb22,2,1,30
2000,fb23,1,0,30
2000,fb24,2,1,30
2000,fb25,1,1,30
2000,fb26,2,1,30
2000,fb27,1,1,30
2000,fb28,1,1,30
2000,fb29,2,1,30
2005,fb0,1,1,30
2005,fb1,2,1,30
2005,fb2,2,1,30
2005,fb3,1,1,30
2005,fb4,1,1,30
2005,fb5,1,1,30
2005,fb6,1,1,30
2005,fb7,1,1,30
2005,fb8,1,1,30
2005,fb9,3,1,30
2005,fb10,1,1,30
2005,fb11,1,1,30
2005,fb12,1,1,30
2005,fb13,2,1,30
2005,fb14,2,1,30
2005,fb15,1,1,30
2005,fb16,1,1,30
2005,fb17,3,1,30
2005,fb18,1,1,30
2005,fb19,1,1,30
2005,fb20,1,1,30
2005,fb21,1,1,30
2005,fb22,2,1,30
2005,fb23,1,1,30
2005,fb24,2,1,30
2005,fb25,1,1,30
2005,fb26,2,1,30
2005,fb27,1,1,30
2005,fb28,1,1,30
2005,fb29,2,1,30
2010,fb0,1,1,30
2010,fb1,2,1,30
2010,fb2,2,1,30
2010,fb3,1,1,30
2010,fb4,1,1,30
2010,fb5,1,1,30
2010,fb6,1,1,30
2010,fb7,1,1,30
2010,fb8,1,1,30
2010,fb9,3,1,30
2010,fb10,1,0,30
2010,fb11,1,1,30
2010,fb12,1,1,30
2010,fb13,2,1,30
2010,fb14,2,1,30
2010,fb15,1,1,30
2010,fb16,1,1,30
2010,fb17,3,1,30
2010,fb18,1,1,30
2010,fb19,1,1,30
2010,fb20,1,1,30
2010,fb21,1,1,30
2010,fb22,2,1,30
2010,fb23,1,1,30
2010,fb24,2,1,30
2010,fb25,1,1,30
2010,fb26,2,1,30
2010,fb27,1,1,30
2010,fb28,1,1,30
2010,fb29,2,1,30
2015,fb0,1,1,30
2015,fb1,2,0,30
2015,fb2,2,0,30
2015,fb3,1,1,30
2015,fb4,1,1,30
2015,fb5,1,1,30
2015,fb6,1,1,30
2015,fb7,1,1,30
2015,fb8,1,1,30
2015,fb9,3,1,30
2015,fb10,1,1,30
2015,fb11,1,1,30
2015,fb12,1,0,30
2015,fb13,2,1,30
2015,fb14,2,0,30
2015,fb15,1,1,30
2015,fb16,1,1,30
2015,fb17,3,0,30
2015,fb18,1,1,30
2015,fb19,1,1,30
2015,fb20,1,1,30
2015,fb21,1,1,30
2015,fb22,2,1,30
2015,fb23,1,1,30
2015,fb24,2,1,30
2015,fb25,1,1,30
2015,fb26,2,1,30
2015,fb27,1,1,30
2015,fb28,1,1,30
2015,fb29,2,0,30
2020,fb0,1,1,30
2020,fb1,2,1,30
2020,fb2,2,1,30
2020,fb3,1,1,30
2020,fb4,1,1,30
2020,fb5,1,1,30
2020,fb6,1,1,30
2020,fb7,1,1,30
2020,fb8,1,1,30
2020,fb9,3,1,30
2020,fb10,1,1,30
2020,fb11,1,1,30
2020,fb12,1,1,30
2020,fb13,2,1,30
2020,fb14,2,1,30
2020,fb15,1,1,30
2020,fb16,1,1,30
2020,fb17,3,1,30
2020,fb18,1,1,30
2020,fb19,1,1,30
2020,fb20,1,1,30
2020,fb21,1,1,30
2020,fb22,2,1,30
2020,fb23,1,1,30
2020,fb24,2,1,30
2020,fb25,1,1,30
2020,fb26,2,1,30
2020,fb27,1,1,30
2020,fb28,1,0,30
2020,fb29,2,1,30
2025,fb0,1,1,30
2025,fb1,2,1,30
2025,fb2,2,1,30
2025,fb3,1,1,30
2025,fb4,1,1,30
2025,fb5,1,1,30
2025,fb6,1,1,30
2025,fb7,1,1,30
2025,fb8,1,1,30
2025,fb9,3,1,30
2025,fb10,1,1,30
2025,fb11,1,1,30
2025,fb12,1,1,30
2025,fb13,2,1,30
2025,fb14,2,1,30
2025,fb15,1,1,30
2025,fb16,1,1,30
2025,fb17,3,1,30
2025,fb18,1,0,30
2025,fb19,1,1,30
2025,fb20,1,1,30
2025,fb21,1,1,30
2025,fb22,2,1,30
2025,fb23,1,1,30
2025,fb24,2,1,30
2025,fb25,1,0,30
2025,fb26,2,1,30
2025,fb27,1,1,30
2025,fb28,1,1,30
2025,fb29,2,1,30
2030,fb0,1,1,30
2030,fb1,2,1,30
2030,fb2,2,1,30
2030,fb3,1,1,30
2030,fb4,1,1,30
2030,fb5,1,1,30
2030,fb6,1,1,30
2030,fb7,1,1,30
2030,fb8,1,0,30
2030,fb9,3,1,30
2030,fb10,1,1,30
2030,fb11,1,1,30
2030,fb12,1,1,30
2030,fb13,2,1,30
2030,fb14,2,1,30
2030,fb15,1,1,30
2030,fb16,1,1,30
2030,fb17,3,1,30
2030,fb18,1,1,30
2030,fb19,1,1,30
2030,fb20,1,1,30
2030,fb21,1,1,30
2030,fb22,2,1,30
2030,fb23,1,1,30
2030,fb24,2,1,30
2030,fb25,1,1,30
2030,fb26,2,1,30
2030,fb27,1,1,30
2030,fb28,1,1,30
2030,fb29,2,1,30
2035,fb0,1,1,30
2035,fb1,2,1,30
2035,fb2,2,1,30
2035,fb3,1,1,30
2035,fb4,1,1,30
2035,fb5,1,1,30
2035,fb6,1,1,30
2035,fb7,1,1,30
2035,fb8,1,1,30
2035,fb9,3,1,30
2035,fb10,1,1,30
2035,fb11,1,1,30
2035,fb12,1,1,30
2035,fb13,2,1,30
2035,fb14,2,1,30
2035,fb15,1,1,30
2035,fb16,1,1,30
2035,fb17,3,1,30
2035,fb18,1,1,30
2035,fb19,1,1,30
2035,fb20,1,1,30
2035,fb21,1,1,30
2035,fb22,2,1,30
2035,fb23,1,1,30
2035,fb24,2,1,30
2035,fb25,1,1,30
2035,fb26,2,1,30
2035,fb27,1,1,30
2035,fb28,1,1,30
2035,fb29,2,1,30
2040,fb0,1,1,30
2040,fb1,2,1,30
2040,fb2,2,1,30
2040,fb3,1,1,30
2040,fb4,1,1,30
2040,fb5,1,1,30
2040,fb6,1,1,30
2040,fb7,1,1,30
2040,fb8,1,1,30
2040,fb9,3,1,30
2040,fb10,1,1,30
2040,fb11,1,1,30
2040,fb12,1,1,30
2040,fb13,2,1,30
2040,fb14,2,1,30
2040,fb15,1,1,30
2040,fb16,1,1,30
2040,fb17,3,1,30
2040,fb18,1,1,30
2040,fb19,1,1,30
2040,fb20,1,1,30
2040,fb21,1,1,30
2040,fb22,2,1,30
2040,fb23,1,1,30
2040,fb24,2,1,30
2040,fb25,1,1,30
2040,fb26,2,1,30
2040,fb27,1,1,30
2040,fb28,1,1,30
2040,fb29,2,1,30
2045,fb0,1,1,30
2045,fb1,2,1,30
2045,fb2,2,1,30
2045,fb3,1,1,30
2045,fb4,1,1,30
2045,fb5,1,1,30
2045,fb6,1,1,30
2045,fb7,1,1,30
2045,fb8,1,1,30
2045,fb9,3,1,30
2045,fb10,1,1,30
2045,fb11,1,1,30
2045,fb12,1,1,30
2045,fb13,2,1,30
2045,fb14,2,1,30
2045,fb15,1,1,30
2045,fb16,1,1,30
2045,fb17,3,1,30
2045,fb18,1,1,30
2045,fb19,1,1,30
2045,fb20,1,1,30
2045,fb21,1,1,30
2045,fb22,2,1,30
2045,fb23,1,1,30
2045,fb24,2,1,30
2045,fb25,1,1,30
2045,fb26,2,1,30
2045,fb27,1,1,30
2045,fb28,1,1,30
2045,fb29,2,1,30
2050,fb0,1,1,30
2050,fb1,2,1,30
2050,fb2,2,1,30
2050,fb3,1,1,30
2050,fb4,1,1,30
2050,fb5,1,1,30
2050,fb6,1,1,30
2050,fb7,1,1,30
2050,fb8,1,1,30
2050,fb9,3,1,30
2050,fb10,1,1,30
2050,fb11,1,1,30
2050,fb12,1,1,30
2050,fb13,2,1,30
2050,fb14,2,1,30
2050,fb15,1,1,30
2050,fb16,1,1,30
2050,fb17,3,1,30
2050,fb18,1,1,30
2050,fb19,1,1,30
2050,fb20,1,1,30
2050,fb21,1,1,30
2050,fb22,2,1,30
2050,fb23,1,1,30
2050,fb24,2,1,30
2050,fb25,1,1,30
2050,fb26,2,1,30
2050,fb27,1,1,30
2050,fb28,1,1,30
2050,fb29,2,1,30
2055,fb0,1,1,30
2055,fb1,2,1,30
2055,fb2,2,1,30
2055,fb3,1,1,30
2055,fb4,1,1,30
2055,fb5,1,1,30
2055,fb6,1,1,30
2055,fb7,1,1,30
2055,fb8,1,1,30
2055,fb9,3,1,30
2055,fb10,1,1,30
2055,fb11,1,1,30
2055,fb12,1,1,30
2055,fb13,2,1,30
2055,fb14,2,1,30
2055,fb15,1,1,30
2055,fb16,1,1,30
2055,fb17,3,1,30
2055,fb18,1,1,30
2055,fb19,1,1,30
2055,fb20,1,1,30
2055,fb21,1,1,30
2055,fb22,2,1,30
2055,fb23,1,1,30
2055,fb24,2,1,30
2055,fb25,1,1,30
2055,fb26,2,1,30
2055,fb27,1,1,30
2055,fb28,1,1,30
2055,fb29,2,1,30
2060,fb0,1,1,30
2060,fb1,2,1,30
2060,fb2,2,1,30
2060,fb3,1,1,30
2060,fb4,1,1,30
2060,fb5,1,1,30
2060,fb6,1,1,30
2060,fb7,1,1,30
2060,fb8,1,1,30
2060,fb9,3,1,30
2060,fb10,1,1,30
2060,fb11,1,1,30
2060,fb12,1,1,30
2060,fb13,2,1,30
2060,fb14,2,1,30
2060,fb15,1,1,30
2060,fb16,1,1,30
2060,fb17,3,1,30
2060,fb18,1,1,30
2060,fb19,1,1,30
2060,fb20,1,1,30
2060,fb21,1,1,30
2060,fb22,2,1,30
2060,fb23,1,1,30
2060,fb24,2,1,30
2060,fb25,1,1,30
2060,fb26,2,1,30
2060,fb27,1,1,30
2060,fb28,1,1,30
2060,fb29,2,1,30
2065,fb0,1,1,30
2065,fb1,2,1,30
2065,fb2,2,1,30
2065,fb3,1,1,30
2065,fb4,1,1,30
2065,fb5,1,1,30
2065,fb6,1,1,30
2065,fb7,1,1,30
2065,fb8,1,1,30
2065,fb9,3,1,30
2065,fb10,1,1,30
2065,fb11,1,1,30
2065,fb12,1,1,30
2065,fb13,2,1,30
2065,fb14,2,1,30
2065,fb15,1,1,30
2065,fb16,1,1,30
2065,fb17,3,1,30
2065,fb18,1,1,30
2065,fb19,1,1,30
2065,fb20,1,1,30
2065,fb21,1,1,30
2065,fb22,2,1,30
2065,fb23,1,1,30
2065,fb24,2,1,30
2065,fb25,1,1,30
2065,fb26,2,1,30
2065,fb27,1,1,30
2065,fb28,1,1,30
2065,fb29,2,1,30
2070,fb0,1,1,30
2070,fb1,2,1,30
2070,fb2,2,1,30
2070,fb3,1,1,30
2070,fb4,1,1,30
2070,fb5,1,1,30
2070,fb6,1,1,30
2070,fb7,1,1,30
2070,fb8,1,1,30
2070,fb9,3,1,30
2070,fb10,1,1,30
2070,fb11,1,0,30
2070,fb12,1,1,30
2070,fb13,2,1,30
2070,fb14,2,1,30
2070,fb15,1,1,30
2070,fb16,1,1,30
2070,fb17,3,1,30
2070,fb18,1,1,30
2070,fb19,1,1,30
2070,fb20,1,1,30
2070,fb21,1,1,30
2070,fb22,2,1,30
2070,fb23,1,1,30
2070,fb24,2,1,30
2070,fb25,1,1,30
2070,fb26,2,1,30
2070,fb27,1,1,30
2070,fb28,1,1,30
2070,fb29,2,1,30
2075,fb0,1,1,30
2075,fb1,2,1,30
2075,fb2,2,1,30
2075,fb3,1,1,30
2075,fb4,1,1,30
2075,fb5,1,1,30
2075,fb6,1,1,30
2075,fb7,1,1,30
2075,fb8,1,1,30
2075,fb9,3,1,30
2075,fb10,1,1,30
2075,fb11,1,1,30
2075,fb12,1,1,30
2075,fb13,2,1,30
2075,fb14,2,1,30
2075,fb15,1,1,30
2075,fb16,1,1,30
2075,fb17,3,1,30
2075,fb18,1,1,30
2075,fb19,1,1,30
2075,fb20,1,1,30
2075,fb21,1,1,30
2075,fb22,2,1,30
2075,fb23,1,1,30
2075,fb24,2,1,30
2075,fb25,1,1,30
2075,fb26,2,1,30
2075,fb27,1,1,30
2075,fb28,1,1,30
2075,fb29,2,1,30
2080,fb0,1,1,30
2080,fb1,2,1,30
2080,fb2,2,1,30
2080,fb3,1,1,30
2080,fb4,1,1,30
2080,fb5,1,1,30
2080,fb6,1,1,30
2080,fb7,1,1,30
2080,fb8,1,1,30
2080,fb9,3,1,30
2080,fb10,1,1,30
2080,fb11,1,1,30
2080,fb12,1,1,30
2080,fb13,2,1,30
2080,fb14,2,1,30
2080,fb15,1,1,30
2080,fb16,1,1,30
2080,fb17,3,1,30
2080,fb18,1,1,30
2080,fb19,1,1,30
2080,fb20,1,1,30
2080,fb21,1,1,30
2080,fb22,2,1,30
2080,fb23,1,1,30
2080,fb24,2,1,30
2080,fb25,1,1,30
2080,fb26,2,1,30
2080,fb27,1,1,30
2080,fb28,1,1,30
2080,fb29,2,1,30
2085,fb0,1,1,30
2085,fb1,2,1,30
2085,fb2,2,1,30
2085,fb3,1,1,30
2085,fb4,1,1,30
2085,fb5,1,1,30
2085,fb6,1,1,30
2085,fb7,1,1,30
2085,fb8,1,1,30
2085,fb9,3,1,30
2085,fb10,1,1,30
2085,fb11,1,1,30
2085,fb12,1,1,30
2085,fb13,2,1,30
2085,fb14,2,1,30
2085,fb15,1,1,30
2085,fb16,1,1,30
2085,fb17,3,1,30
2085,fb18,1,1,30
2085,fb19,1,1,30
2085,fb20,1,1,30
2085,fb21,1,1,30
2085,fb22,2,1,30
2085,fb23,1,1,30
2085,fb24,2,1,30
2085,fb25,1,1,30
2085,fb26,2,1,30
2085,fb27,1,1,30
2085,fb28,1,1,30
2085,fb29,2,1,30
2090,fb0,1,1,30
2090,fb1,2,1,30
2090,fb2,2,1,30
2090,fb3,1,1,30
2090,fb4,1,1,30
2090,fb5,1,1,30
2090,fb6,1,1,30
2090,fb7,1,1,30
2090,fb8,1,1,30
2090,fb9,3,0,30
2090,fb10,1,1,30
2090,fb11,1,1,30
2090,fb12,1,1,30
2090,fb13,2,1,30
2090,fb14,2,1,30
2090,fb15,1,1,30
2090,fb16,1,1,30
2090,fb17,3,1,30
2090,fb18,1,1,30
2090,fb19,1,1,30
2090,fb20,1,1,30
2090,fb21,1,1,30
2090,fb22,2,1,30
2090,fb23,1,1,30
2090,fb24,2,1,30
2090,fb25,1,1,30
2090,fb26,2,0,30
2090,fb27,1,1,30
2090,fb28,1,1,30
2090,fb29,2,1,30
2095,fb0,1,1,30
2095,fb1,2,1,30
2095,fb2,2,1,30
2095,fb3,1,1,30
2095,fb4,1,1,30
2095,fb5,1,1,30
2095,fb6,1,1,30
2095,fb7,1,1,30
2095,fb8,1,1,30
2095,fb9,3,1,30
2095,fb10,1,1,30
2095,fb11,1,1,30
2095,fb12,1,1,30
2095,fb13,2,0,30
2095,fb14,2,1,30
2095,fb15,1,1,30
2095,fb16,1,1,30
2095,fb17,3,1,30
2095,fb18,1,1,30
2095,fb19,1,1,30
2095,fb20,1,0,30
2095,fb21,1,1,30
2095,fb22,2,1,30
2095,fb23,1,1,30
2095,fb24,2,1,30
2095,fb25,1,1,30
2095,fb26,2,1,30
2095,fb27,1,1,30
2095,fb28,1,1,30
2095,fb29,2,1,30
2100,fb0,1,1,30
2100,fb1,2,1,30
2100,fb2,2,1,30
2100,fb3,1,1,30
2100,fb4,1,1,30
2100,fb5,1,0,30
2100,fb6,1,1,30
2100,fb7,1,1,30
2100,fb8,1,1,30
2100,fb9,3,1,30
2100,fb10,1,1,30
2100,fb11,1,1,30
2100,fb12,1,1,30
2100,fb13,2,1,30
2100,fb14,2,1,30
2100,fb15,1,1,30
2100,fb16,1,1,30
2100,fb17,3,1,30
2100,fb18,1,1,30
2100,fb19,1,1,30
2100,fb20,1,1,30
2100,fb21,1,1,30
2100,fb22,2,1,30
2100,fb23,1,1,30
2100,fb24,2,1,30
2100,fb25,1,1,30
2100,fb26,2,1,30
2100,fb27,1,1,30
2100,fb28,1,1,30
2100,fb29,2,1,30
2105,fb0,1,1,30
2105,fb1,2,1,30
2105,fb2,2,1,30
2105,fb3,1,1,30
2105,fb4,1,1,30
2105,fb5,1,1,30
2105,fb6,1,1,30
2105,fb7,1,1,30
2105,fb8,1,1,30
2105,fb9,3,1,30
2105,fb10,1,1,30
2105,fb11,1,1,30
2105,fb12,1,1,30
2105,fb13,2,1,30
2105,fb14,2,1,30
2105,fb15,1,1,30
2105,fb16,1,1,30
2105,fb17,3,1,30
2105,fb18,1,1,30
2105,fb19,1,1,30
2105,fb20,1,1,30
2105,fb21,1,1,30
2105,fb22,2,1,30
2105,fb23,1,1,30
2105,fb24,2,1,30
2105,fb25,1,1,30
2105,fb26,2,1,30
2105,fb27,1,1,30
2105,fb28,1,1,30
2105,fb29,2,1,30
2110,fb0,1,1,30
2110,fb1,2,1,30
2110,fb2,2,1,30
2110,fb3,1,1,30
2110,fb4,1,0,30
2110,fb5,1,1,30
2110,fb6,1,1,30
2110,fb7,1,1,30
2110,fb8,1,1,30
2110,fb9,3,1,30
2110,fb10,1,1,30
2110,fb11,1,1,30
2110,fb12,1,1,30
2110,fb13,2,1,30
2110,fb14,2,1,30
2110,fb15,1,1,30
2110,fb16,1,1,30
2110,fb17,3,1,30
2110,fb18,1,1,30
2110,fb19,1,1,30
2110,fb20,1,1,30
2110,fb21,1,1,30
2110,fb22,2,1,30
2110,fb23,1,1,30
2110,fb24,2,0,30
2110,fb25,1,1,30
2110,fb26,2,1,30
2110,fb27,1,1,30
2110,fb28,1,1,30
2110,fb29,2,1,30
2115,fb0,1,1,30
2115,fb1,2,1,30
2115,fb2,2,1,30
2115,fb3,1,1,30
2115,fb4,1,1,30
2115,fb5,1,1,30
2115,fb6,1,1,30
2115,fb7,1,1,30
2115,fb8,1,1,30
2115,fb9,3,1,30
2115,fb10,1,1,30
2115,fb11,1,1,30
2115,fb12,1,1,30
2115,fb13,2,1,30
2115,fb14,2,1,30
2115,fb15,1,1,30
2115,fb16,1,1,30
2115,fb17,3,1,30
2115,fb18,1,1,30
2115,fb19,1,1,30
2115,fb20,1,1,30
2115,fb21,1,1,30
2115,fb22,2,1,30
2115,fb23,1,1,30
2115,fb24,2,1,30
2115,fb25,1,1,30
2115,fb26,2,1,30
2115,fb27,1,0,30
2115,fb28,1,1,30
2115,fb29,2,1,30
2120,fb0,1,1,30
2120,fb1,2,1,30
2120,fb2,2,1,30
2120,fb3,1,1,30
2120,fb4,1,1,30
2120,fb5,1,1,30
2120,fb6,1,1,30
2120,fb7,1,1,30
2120,fb8,1,1,30
2120,fb9,3,1,30
2120,fb10,1,1,30
2120,fb11,1,1,30
2120,fb12,1,1,30
2120,fb13,2,1,30
2120,fb14,2,1,30
2120,fb15,1,1,30
2120,fb16,1,1,30
2120,fb17,3,1,30
2120,fb18,1,1,30
2120,fb19,1,1,30
2120,fb20,1,1,30
2120,fb21,1,1,30
2120,fb22,2,1,30
2120,fb23,1,1,30
2120,fb24,2,1,30
2120,fb25,1,1,30
2120,fb26,2,1,30
2120,fb27,1,1,30
2120,fb28,1,1,30
2120,fb29,2,1,30
2125,fb0,1,1,30
2125,fb1,2,1,30
2125,fb2,2,1,30
2125,fb3,1,1,30
2125,fb4,1,1,30
2125,fb5,1,1,30
2125,fb6,1,1,30
2125,fb7,1,1,30
2125,fb8,1,1,30
2125,fb9,3,1,30
2125,fb10,1,1,30
2125,fb11,1,1,30
2125,fb12,1,1,30
2125,fb13,2,1,30
2125,fb14,2,1,30
2125,fb15,1,1,30
2125,fb16,1,1,30
2125,fb17,3,1,30
2125,fb18,1,1,30
2125,fb19,1,1,30
2125,fb20,1,1,30
2125,fb21,1,1,30
2125,fb22,2,1,30
2125,fb23,1,1,30
2125,fb24,2,1,30
2125,fb25,1,1,30
2125,fb26,2,1,30
2125,fb27,1,1,30
2125,fb28,1,1,30
2125,fb29,2,1,30
2130,fb0,1,1,30
2130,fb1,2,1,30
2130,fb2,2,1,30
2130,fb3,1,1,30
2130,fb4,1,1,30
2130,fb5,1,1,30
2130,fb6,1,1,30
2130,fb7,1,1,30
2130,fb8,1,1,30
2130,fb9,3,1,30
2130,fb10,1,1,30
2130,fb11,1,1,30
2130,fb12,1,1,30
2130,fb13,2,1,30
2130,fb14,2,1,30
2130,fb15,1,1,30
2130,fb16,1,1,30
2130,fb17,3,1,30
2130,fb18,1,1,30
2130,fb19,1,1,30
2130,fb20,1,1,30
2130,fb21,1,1,30
2130,fb22,2,1,30
2130,fb23,1,1,30
2130,fb24,2,1,30
2130,fb25,1,1,30
2130,fb26,2,1,30
2130,fb27,1,1,30
2130,fb28,1,1,30
2130,fb29,2,1,30
2135,fb0,1,1,30
2135,fb1,2,1,30
2135,fb2,2,1,30
2135,fb3,1,1,30
2135,fb4,1,1,30
2135,fb5,1,1,30
2135,fb6,1,1,30
2135,fb7,1,1,30
2135,fb8,1,1,30
2135,fb9,3,1,30
2135,fb10,1,1,30
2135,fb11,1,1,30
2135,fb12,1,1,30
2135,fb13,2,1,30
2135,fb14,2,1,30
2135,fb15,1,0,30
2135,fb16,1,1,30
2135,fb17,3,1,30
2135,fb18,1,1,30
2135,fb19,1,0,30
2135,fb20,1,1,30
2135,fb21,1,1,30
2135,fb22,2,1,30
2135,fb23,1,1,30
2135,fb24,2,1,30
2135,fb25,1,1,30
2135,fb26,2,1,30
2135,fb27,1,1,30
2135,fb28,1,1,30
2135,fb29,2,1,30
2140,fb0,1,1,30
2140,fb1,2,1,30
2140,fb2,2,1,30
2140,fb3,1,1,30
2140,fb4,1,1,30
2140,fb5,1,1,30
2140,fb6,1,0,30
2140,fb7,1,0,30
2140,fb8,1,1,30
2140,fb9,3,1,30
2140,fb10,1,1,30
2140,fb11,1,1,30
2140,fb12,1,1,30
2140,fb13,2,1,30
2140,fb14,2,1,30
2140,fb15,1,1,30
2140,fb16,1,1,30
2140,fb17,3,1,30
2140,fb18,1,1,30
2140,fb19,1,1,30
2140,fb20,1,1,30
2140,fb21,1,1,30
2140,fb22,2,1,30
2140,fb23,1,1,30
2140,fb24,2,1,30
2140,fb25,1,1,30
2140,fb26,2,1,30
2140,fb27,1,1,30
2140,fb28,1,1,30
2140,fb29,2,1,30
2145,fb0,1,1,30
2145,fb1,2,1,30
2145,fb2,2,1,30
2145,fb3,1,0,30
2145,fb4,1,1,30
2145,fb5,1,1,30
2145,fb6,1,1,30
2145,fb7,1,1,30
2145,fb8,1,1,30
2145,fb9,3,1,30
2145,fb10,1,1,30
2145,fb11,1,1,30
2145,fb12,1,1,30
2145,fb13,2,1,30
2145,fb14,2,1,30
2145,fb15,1,1,30
2145,fb16,1,0,30
2145,fb17,3,1,30
2145,fb18,1,1,30
2145,fb19,1,1,30
2145,fb20,1,1,30
2145,fb21,1,0,30
2145,fb22,2,0,30
2145,fb23,1,1,30
2145,fb24,2,1,30
2145,fb25,1,1,30
2145,fb26,2,1,30
2145,fb27,1,1,30
2145,fb28,1,1,30
2145,fb29,2,1,30
2150,fb0,1,1,30
2150,fb1,2,1,30
2150,fb2,2,1,30
2150,fb3,1,1,30
2150,fb4,1,1,30
2150,fb5,1,1,30
2150,fb6,1,1,30
2150,fb7,1,1,30
2150,fb8,1,1,30
2150,fb9,3,1,30
2150,fb10,1,1,30
2150,fb11,1,1,30
2150,fb12,1,1,30
2150,fb13,2,1,30
2150,fb14,2,1,30
2150,fb15,1,1,30
2150,fb16,1,1,30
2150,fb17,3,1,30
2150,fb18,1,1,30
2150,fb19,1,1,30
2150,fb20,1,1,30
2150,fb21,1,1,30
2150,fb22,2,1,30
2150,fb23,1,1,30
2150,fb24,2,1,30
2150,fb25,1,1,30
2150,fb26,2,1,30
2150,fb27,1,1,30
2150,fb28,1,1,30
2150,fb29,2,1,30
2155,fb0,1,0,30
2155,fb1,2,1,30
2155,fb2,2,1,30
2155,fb3,1,1,30
2155,fb4,1,1,30
2155,fb5,1,1,30
2155,fb6,1,1,30
2155,fb7,1,1,30
2155,fb8,1,1,30
2155,fb9,3,1,30
2155,fb10,1,1,30
2155,fb11,1,1,30
2155,fb12,1,1,30
2155,fb13,2,1,30
2155,fb14,2,1,30
2155,fb15,1,1,30
2155,fb16,1,1,30
2155,fb17,3,1,30
2155,fb18,1,1,30
2155,fb19,1,1,30
2155,fb20,1,1,30
2155,fb21,1,1,30
2155,fb22,2,1,30
2155,fb23,1,0,30
2155,fb24,2,1,30
2155,fb25,1,1,30
2155,fb26,2,1,30
2155,fb27,1,1,30
2155,fb28,1,1,30
2155,fb29,2,1,30
2160,fb0,1,1,30
2160,fb1,2,1,30
2160,fb2,2,1,30
2160,fb3,1,1,30
2160,fb4,1,1,30
2160,fb5,1,1,30
2160,fb6,1,1,30
2160,fb7,1,1,30
2160,fb8,1,1,30
2160,fb9,3,1,30
2160,fb10,1,1,30
2160,fb11,1,1,30
2160,fb12,1,1,30
2160,fb13,2,1,30
2160,fb14,2,1,30
2160,fb15,1,1,30
2160,fb16,1,1,30
2160,fb17,3,1,30
2160,fb18,1,1,30
2160,fb19,1,1,30
2160,fb20,1,1,30
2160,fb21,1,1,30
2160,fb22,2,1,30
2160,fb23,1,1,30
2160,fb24,2,1,30
2160,fb25,1,1,30
2160,fb26,2,1,30
2160,fb27,1,1,30
2160,fb28,1,1,30
2160,fb29,2,1,30
2165,fb0,1,1,30
2165,fb1,2,1,30
2165,fb2,2,1,30
2165,fb3,1,1,30
2165,fb4,1,1,30
2165,fb5,1,1,30
2165,fb6,1,1,30
2165,fb7,1,1,30
2165,fb8,1,1,30
2165,fb9,3,1,30
2165,fb10,1,0,30
2165,fb11,1,1,30
2165,fb12,1,1,30
2165,fb13,2,1,30
2165,fb14,2,1,30
2165,fb15,1,1,30
2165,fb16,1,1,30
2165,fb17,3,1,30
2165,fb18,1,1,30
2165,fb19,1,1,30
2165,fb20,1,1,30
2165,fb21,1,1,30
2165,fb22,2,1,30
2165,fb23,1,1,30
2165,fb24,2,1,30
2165,fb25,1,1,30
2165,fb26,2,1,30
2165,fb27,1,1,30
2165,fb28,1,1,30
2165,fb29,2,1,30
2170,fb0,1,1,30
2170,fb1,2,0,30
2170,fb2,2,0,30
2170,fb3,1,1,30
2170,fb4,1,1,30
2170,fb5,1,1,30
2170,fb6,1,1,30
2170,fb7,1,1,30
2170,fb8,1,1,30
2170,fb9,3,1,30
2170,fb10,1,1,30
2170,fb11,1,1,30
2170,fb12,1,0,30
2170,fb13,2,1,30
2170,fb14,2,0,30
2170,fb15,1,1,30
2170,fb16,1,1,30
2170,fb17,3,0,30
2170,fb18,1,1,30
2170,fb19,1,1,30
2170,fb20,1,1,30
2170,fb21,1,1,30
2170,fb22,2,1,30
2170,fb23,1,1,30
2170,fb24,2,1,30
2170,fb25,1,1,30
2170,fb26,2,1,30
2170,fb27,1,1,30
2170,fb28,1,1,30
2170,fb29,2,0,30
2175,fb0,1,1,30
2175,fb1,2,1,30
2175,fb2,2,1,30
2175,fb3,1,1,30
2175,fb4,1,1,30
2175,fb5,1,1,30
2175,fb6,1,1,30
2175,fb7,1,1,30
2175,fb8,1,1,30
2175,fb9,3,1,30
2175,fb10,1,1,30
2175,fb11,1,1,30
2175,fb12,1,1,30
2175,fb13,2,1,30
2175,fb14,2,1,30
2175,fb15,1,1,30
2175,fb16,1,1,30
2175,fb17,3,1,30
2175,fb18,1,1,30
2175,fb19,1,1,30
2175,fb20,1,1,30
2175,fb21,1,1,30
2175,fb22,2,1,30
2175,fb23,1,1,30
2175,fb24,2,1,30
2175,fb25,1,1,30
2175,fb26,2,1,30
2175,fb27,1,1,30
2175,fb28,1,0,30
2175,fb29,2,1,30
2180,fb0,1,1,30
2180,fb1,2,1,30
2180,fb2,2,1,30
2180,fb3,1,1,30
2180,fb4,1,1,30
2180,fb5,1,1,30
2180,fb6,1,1,30
2180,fb7,1,1,30
2180,fb8,1,1,30
2180,fb9,3,1,30
2180,fb10,1,1,30
2180,fb11,1,1,30
2180,fb12,1,1,30
2180,fb13,2,1,30
2180,fb14,2,1,30
2180,fb15,1,1,30
2180,fb16,1,1,30
2180,fb17,3,1,30
2180,fb18,1,0,30
2180,fb19,1,1,30
2180,fb20,1,1,30
2180,fb21,1,1,30
2180,fb22,2,1,30
2180,fb23,1,1,30
2180,fb24,2,1,30
2180,fb25,1,0,30
2180,fb26,2,1,30
2180,fb27,1,1,30
2180,fb28,1,1,30
2180,fb29,2,1,30
2185,fb0,1,1,30
2185,fb1,2,1,30
2185,fb2,2,1,30
2185,fb3,1,1,30
2185,fb4,1,1,30
2185,fb5,1,1,30
2185,fb6,1,1,30
2185,fb7,1,1,30
2185,fb8,1,0,30
2185,fb9,3,1,30
2185,fb10,1,1,30
2185,fb11,1,1,30
2185,fb12,1,1,30
2185,fb13,2,1,30
2185,fb14,2,1,30
2185,fb15,1,1,30
2185,fb16,1,1,30
2185,fb17,3,1,30
2185,fb18,1,1,30
2185,fb19,1,1,30
2185,fb20,1,1,30
2185,fb21,1,1,30
2185,fb22,2,1,30
2185,fb23,1,1,30
2185,fb24,2,1,30
2185,fb25,1,1,30
2185,fb26,2,1,30
2185,fb27,1,1,30
2185,fb28,1,1,30
2185,fb29,2,1,30
2190,fb0,1,1,30
2190,fb1,2,1,30
2190,fb2,2,1,30
2190,fb3,1,1,30
2190,fb4,1,1,30
2190,fb5,1,1,30
2190,fb6,1,1,30
2190,fb7,1,1,30
2190,fb8,1,1,30
2190,fb9,3,1,30
2190,fb10,1,1,30
2190,fb11,1,1,30
2190,fb12,1,1,30
2190,fb13,2,1,30
2190,fb14,2,1,30
2190,fb15,1,1,30
2190,fb16,1,1,30
2190,fb17,3,1,30
2190,fb18,1,1,30
2190,fb19,1,1,30
2190,fb20,1,1,30
2190,fb21,1,1,30
2190,fb22,2,1,30
2190,fb23,1,1,30
2190,fb24,2,1,30
2190,fb25,1,1,30
2190,fb26,2,1,30
2190,fb27,1,1,30
2190,fb28,1,1,30
2190,fb29,2,1,30
2195,fb0,1,1,30
2195,fb1,2,1,30
2195,fb2,2,1,30
2195,fb3,1,1,30
2195,fb4,1,1,30
2195,fb5,1,1,30
2195,fb6,1,1,30
2195,fb7,1,1,30
2195,fb8,1,1,30
2195,fb9,3,1,30
2195,fb10,1,1,30
2195,fb11,1,1,30
2195,fb12,1,1,30
2195,fb13,2,1,30
2195,fb14,2,1,30
2195,fb15,1,1,30
2195,fb16,1,1,30
2195,fb17,3,1,30
2195,fb18,1,1,30
2195,fb19,1,1,30
2195,fb20,1,1,30
2195,fb21,1,1,30
2195,fb22,2,1,30
2195,fb23,1,1,30
2195,fb24,2,1,30
2195,fb25,1,1,30
2195,fb26,2,1,30
2195,fb27,1,1,30
2195,fb28,1,1,30
2195,fb29,2,1,30
2200,fb0,1,1,30
2200,fb1,2,1,30
2200,fb2,2,1,30
2200,fb3,1,1,30
2200,fb4,1,1,30
2200,fb5,1,1,30
2200,fb6,1,1,30
2200,fb7,1,1,30
2200,fb8,1,1,30
2200,fb9,3,1,30
2200,fb10,1,1,30
2200,fb11,1,1,30
2200,fb12,1,1,30
2200,fb13,2,1,30
2200,fb14,2,1,30
2200,fb15,1,1,30
2200,fb16,1,1,30
2200,fb17,3,1,30
2200,fb18,1,1,30
2200,fb19,1,1,30
2200,fb20,1,1,30
2200,fb21,1,1,30
2200,fb22,2,1,30
2200,fb23,1,1,30
2200,fb24,2,1,30
2200,fb25,1,1,30
2200,fb26,2,1,30
2200,fb27,1,1,30
2200,fb28,1,1,30
2200,fb29,2,1,30
2205,fb0,1,1,30
2205,fb1,2,1,30
2205,fb2,2,1,30
2205,fb3,1,1,30
2205,fb4,1,1,30
2205,fb5,1,1,30
2205,fb6,1,1,30
2205,fb7,1,1,30
2205,fb8,1,1,30
2205,fb9,3,1,30
2205,fb10,1,1,30
2205,fb11,1,1,30
2205,fb12,1,1,30
2205,fb13,2,1,30
2205,fb14,2,1,30
2205,fb15,1,1,30
2205,fb16,1,1,30
2205,fb17,3,1,30
2205,fb18,1,1,30
2205,fb19,1,1,30
2205,fb20,1,1,30
2205,fb21,1,1,30
2205,fb22,2,1,30
2205,fb23,1,1,30
2205,fb24,2,1,30
2205,fb25,1,1,30
2205,fb26,2,1,30
2205,fb27,1,1,30
2205,fb28,1,1,30
2205,fb29,2,1,30
2210,fb0,1,1,30
2210,fb1,2,1,30
2210,fb2,2,1,30
2210,fb3,1,1,30
2210,fb4,1,1,30
2210,fb5,1,1,30
2210,fb6,1,1,30
2210,fb7,1,1,30
2210,fb8,1,1,30
2210,fb9,3,1,30
2210,fb10,1,1,30
2210,fb11,1,1,30
2210,fb12,1,1,30
2210,fb13,2,1,30
2210,fb14,2,1,30
2210,fb15,1,1,30
2210,fb16,1,1,30
2210,fb17,3,1,30
2210,fb18,1,1,30
2210,fb19,1,1,30
2210,fb20,1,1,30
2210,fb21,1,1,30
2210,fb22,2,1,30
2210,fb23,1,1,30
2210,fb24,2,1,30
2210,fb25,1,1,30
2210,fb26,2,1,30
2210,fb27,1,1,30
2210,fb28,1,1,30
2210,fb29,2,1,30
2215,fb0,1,1,30
2215,fb1,2,1,30
2215,fb2,2,1,30
2215,fb3,1,1,30
2215,fb4,1,1,30
2215,fb5,1,1,30
2215,fb6,1,1,30
2215,fb7,1,1,30
2215,fb8,1,1,30
2215,fb9,3,1,30
2215,fb10,1,1,30
2215,fb11,1,1,30
2215,fb12,1,1,30
2215,fb13,2,1,30
2215,fb14,2,1,30
2215,fb15,1,1,30
2215,fb16,1,1,30
2215,fb17,3,1,30
2215,fb18,1,1,30
2215,fb19,1,1,30
2215,fb20,1,1,30
2215,fb21,1,1,30
2215,fb22,2,1,30
2215,fb23,1,1,30
2215,fb24,2,1,30
2215,fb25,1,1,30
2215,fb26,2,1,30
2215,fb27,1,1,30
2215,fb28,1,1,30
2215,fb29,2,1,30
2220,fb0,1,1,30
2220,fb1,2,1,30
2220,fb2,2,1,30
2220,fb3,1,1,30
2220,fb4,1,1,30
2220,fb5,1,1,30
2220,fb6,1,1,30
2220,fb7,1,1,30
2220,fb8,1,1,30
2220,fb9,3,1,30
2220,fb10,1,1,30
2220,fb11,1,1,30
2220,fb12,1,1,30
2220,fb13,2,1,30
2220,fb14,2,1,30
2220,fb15,1,1,30
2220,fb16,1,1,30
2220,fb17,3,1,30
2220,fb18,1,1,30
2220,fb19,1,1,30
2220,fb20,1,1,30
2220,fb21,1,1,30
2220,fb22,2,1,30
2220,fb23,1,1,30
2220,fb24,2,1,30
2220,fb25,1,1,30
2220,fb26,2,1,30
2220,fb27,1,1,30
2220,fb28,1,1,30
2220,fb29,2,1,30
2225,fb0,1,1,30
2225,fb1,2,1,30
2225,fb2,2,1,30
2225,fb3,1,1,30
2225,fb4,1,1,30
2225,fb5,1,1,30
2225,fb6,1,1,30
2225,fb7,1,1,30
2225,fb8,1,1,30
2225,fb9,3,1,30
2225,fb10,1,1,30
2225,fb11,1,0,30
2225,fb12,1,1,30
2225,fb13,2,1,30
2225,fb14,2,1,30
2225,fb15,1,1,30
2225,fb16,1,1,30
2225,fb17,3,1,30
2225,fb18,1,1,30
2225,fb19,1,1,30
2225,fb20,1,1,30
2225,fb21,1,1,30
2225,fb22,2,1,30
2225,fb23,1,1,30
2225,fb24,2,1,30
2225,fb25,1,1,30
2225,fb26,2,1,30
2225,fb27,1,1,30
2225,fb28,1,1,30
2225,fb29,2,1,30
2230,fb0,1,1,30
2230,fb1,2,1,30
2230,fb2,2,1,30
2230,fb3,1,1,30
2230,fb4,1,1,30
2230,fb5,1,1,30
2230,fb6,1,1,30
2230,fb7,1,1,30
2230,fb8,1,1,30
2230,fb9,3,1,30
2230,fb10,1,1,30
2230,fb11,1,1,30
2230,fb12,1,1,30
2230,fb13,2,1,30
2230,fb14,2,1,30
2230,fb15,1,1,30
2230,fb16,1,1,30
2230,fb17,3,1,30
2230,fb18,1,1,30
2230,fb19,1,1,30
2230,fb20,1,1,30
2230,fb21,1,1,30
2230,fb22,2,1,30
2230,fb23,1,1,30
2230,fb24,2,1,30
2230,fb25,1,1,30
2230,fb26,2,1,30
2230,fb27,1,1,30
2230,fb28,1,1,30
2230,fb29,2,1,30
2235,fb0,1,1,30
2235,fb1,2,1,30
2235,fb2,2,1,30
2235,fb3,1,1,30
2235,fb4,1,1,30
2235,fb5,1,1,30
2235,fb6,1,1,30
2235,fb7,1,1,30
2235,fb8,1,1,30
2235,fb9,3,1,30
2235,fb10,1,1,30
2235,fb11,1,1,30
2235,fb12,1,1,30
2235,fb13,2,1,30
2235,fb14,2,1,30
2235,fb15,1,1,30
2235,fb16,1,1,30
2235,fb17,3,1,30
2235,fb18,1,1,30
2235,fb19,1,1,30
2235,fb20,1,1,30
2235,fb21,1,1,30
2235,fb22,2,1,30
2235,fb23,1,1,30
2235,fb24,2,1,30
2235,fb25,1,1,30
2235,fb26,2,1,30
2235,fb27,1,1,30
2235,fb28,1,1,30
2235,fb29,2,1,30
2240,fb0,1,1,30
2240,fb1,2,1,30
2240,fb2,2,1,30
2240,fb3,1,1,30
2240,fb4,1,1,30
2240,fb5,1,1,30
2240,fb6,1,1,30
2240,fb7,1,1,30
2240,fb8,1,1,30
2240,fb9,3,1,30
2240,fb10,1,1,30
2240,fb11,1,1,30
2240,fb12,1,1,30
2240,fb13,2,1,30
2240,fb14,2,1,30
2240,fb15,1,1,30
2240,fb16,1,1,30
2240,fb17,3,1,30
2240,fb18,1,1,30
2240,fb19,1,1,30
2240,fb20,1,1,30
2240,fb21,1,1,30
2240,fb22,2,1,30
2240,fb23,1,1,30
2240,fb24,2,1,30
2240,fb25,1,1,30
2240,fb26,2,1,30
2240,fb27,1,1,30
2240,fb28,1,1,30
2240,fb29,2,1,30
2245,fb0,1,1,30
2245,fb1,2,1,30
2245,fb2,2,1,30
2245,fb3,1,1,30
2245,fb4,1,1,30
2245,fb5,1,1,30
2245,fb6,1,1,30
2245,fb7,1,1,30
2245,fb8,1,1,30
2245,fb9,3,0,30
2245,fb10,1,1,30
2245,fb11,1,1,30
2245,fb12,1,1,30
2245,fb13,2,1,30
2245,fb14,2,1,30
2245,fb15,1,1,30
2245,fb16,1,1,30
2245,fb17,3,1,30
2245,fb18,1,1,30
2245,fb19,1,1,30
2245,fb20,1,1,30
2245,fb21,1,1,30
2245,fb22,2,1,30
2245,fb23,1,1,30
2245,fb24,2,1,30
2245,fb25,1,1,30
2245,fb26,2,0,30
2245,fb27,1,1,30
2245,fb28,1,1,30
2245,fb29,2,1,30
2250,fb0,1,1,30
2250,fb1,2,1,30
2250,fb2,2,1,30
2250,fb3,1,1,30
2250,fb4,1,1,30
2250,fb5,1,1,30
2250,fb6,1,1,30
2250,fb7,1,1,30
2250,fb8,1,1,30
2250,fb9,3,1,30
2250,fb10,1,1,30
2250,fb11,1,1,30
2250,fb12,1,1,30
2250,fb13,2,0,30
2250,fb14,2,1,30
2250,fb15,1,1,30
2250,fb16,1,1,30
2250,fb17,3,1,30
2250,fb18,1,1,30
2250,fb19,1,1,30
2250,fb20,1,0,30
2250,fb21,1,1,30
2250,fb22,2,1,30
2250,fb23,1,1,30
2250,fb24,2,1,30
2250,fb25,1,1,30
2250,fb26,2,1,30
2250,fb27,1,1,30
2250,fb28,1,1,30
2250,fb29,2,1,30
2255,fb0,1,1,30
2255,fb1,2,1,30
2255,fb2,2,1,30
2255,fb3,1,1,30
2255,fb4,1,1,30
2255,fb5,1,0,30
2255,fb6,1,1,30
2255,fb7,1,1,30
2255,fb8,1,1,30
2255,fb9,3,1,30
2255,fb10,1,1,30
2255,fb11,1,1,30
2255,fb12,1,1,30
2255,fb13,2,1,30
2255,fb14,2,1,30
2255,fb15,1,1,30
2255,fb16,1,1,30
2255,fb17,3,1,30
2255,fb18,1,1,30
2255,fb19,1,1,30
2255,fb20,1,1,30
2255,fb21,1,1,30
2255,fb22,2,1,30
2255,fb23,1,1,30
2255,fb24,2,1,30
2255,fb25,1,1,30
2255,fb26,2,1,30
2255,fb27,1,1,30
2255,fb28,1,1,30
2255,fb29,2,1,30
2260,fb0,1,1,30
2260,fb1,2,1,30
2260,fb2,2,1,30
2260,fb3,1,1,30
2260,fb4,1,1,30
2260,fb5,1,1,30
2260,fb6,1,1,30
2260,fb7,1,1,30
2260,fb8,1,1,30
2260,fb9,3,1,30
2260,fb10,1,1,30
2260,fb11,1,1,30
2260,fb12,1,1,30
2260,fb13,2,1,30
2260,fb14,2,1,30
2260,fb15,1,1,30
2260,fb16,1,1,30
2260,fb17,3,1,30
2260,fb18,1,1,30
2260,fb19,1,1,30
2260,fb20,1,1,30
2260,fb21,1,1,30
2260,fb22,2,1,30
2260,fb23,1,1,30
2260,fb24,2,1,30
2260,fb25,1,1,30
2260,fb26,2,1,30
2260,fb27,1,1,30
2260,fb28,1,1,30
2260,fb29,2,1,30
2265,fb0,1,1,30
2265,fb1,2,1,30
2265,fb2,2,1,30
2265,fb3,1,1,30
2265,fb4,1,0,30
2265,fb5,1,1,30
2265,fb6,1,1,30
2265,fb7,1,1,30
2265,fb8,1,1,30
2265,fb9,3,1,30
2265,fb10,1,1,30
2265,fb11,1,1,30
2265,fb12,1,1,30
2265,fb13,2,1,30
2265,fb14,2,1,30
2265,fb15,1,1,30
2265,fb16,1,1,30
2265,fb17,3,1,30
2265,fb18,1,1,30
2265,fb19,1,1,30
2265,fb20,1,1,30
2265,fb21,1,1,30
2265,fb22,2,1,30
2265,fb23,1,1,30
2265,fb24,2,0,30
2265,fb25,1,1,30
2265,fb26,2,1,30
2265,fb27,1,1,30
2265,fb28,1,1,30
2265,fb29,2,1,30
2270,fb0,1,1,30
2270,fb1,2,1,30
2270,fb2,2,1,30
2270,fb3,1,1,30
2270,fb4,1,1,30
2270,fb5,1,1,30
2270,fb6,1,1,30
2270,fb7,1,1,30
2270,fb8,1,1,30
2270,fb9,3,1,30
2270,fb10,1,1,30
2270,fb11,1,1,30
2270,fb12,1,1,30
2270,fb13,2,1,30
2270,fb14,2,1,30
2270,fb15,1,1,30
2270,fb16,1,1,30
2270,fb17,3,1,30
2270,fb18,1,1,30
2270,fb19,1,1,30
2270,fb20,1,1,30
2270,fb21,1,1,30
2270,fb22,2,1,30
2270,fb23,1,1,30
2270,fb24,2,1,30
2270,fb25,1,1,30
2270,fb26,2,1,30
2270,fb27,1,0,30
2270,fb28,1,1,30
2270,fb29,2,1,30
2275,fb0,1,1,30
2275,fb1,2,1,30
2275,fb2,2,1,30
2275,fb3,1,1,30
2275,fb4,1,1,30
2275,fb5,1,1,30
2275,fb6,1,1,30
2275,fb7,1,1,30
2275,fb8,1,1,30
2275,fb9,3,1,30
2275,fb10,1,1,30
2275,fb11,1,1,30
2275,fb12,1,1,30
2275,fb13,2,1,30
2275,fb14,2,1,30
2275,fb15,1,1,30
2275,fb16,1,1,30
2275,fb17,3,1,30
2275,fb18,1,1,30
2275,fb19,1,1,30
2275,fb20,1,1,30
2275,fb21,1,1,30
2275,fb22,2,1,30
2275,fb23,1,1,30
2275,fb24,2,1,30
2275,fb25,1,1,30
2275,fb26,2,1,30
2275,fb27,1,1,30
2275,fb28,1,1,30
2275,fb29,2,1,30
2280,fb0,1,1,30
2280,fb1,2,1,30
2280,fb2,2,1,30
2280,fb3,1,1,30
2280,fb4,1,1,30
2280,fb5,1,1,30
2280,fb6,1,1,30
2280,fb7,1,1,30
2280,fb8,1,1,30
2280,fb9,3,1,30
2280,fb10,1,1,30
2280,fb11,1,1,30
2280,fb12,1,1,30
2280,fb13,2,1,30
2280,fb14,2,1,30
2280,fb15,1,1,30
2280,fb16,1,1,30
2280,fb17,3,1,30
2280,fb18,1,1,30
2280,fb19,1,1,30
2280,fb20,1,1,30
2280,fb21,1,1,30
2280,fb22,2,1,30
2280,fb23,1,1,30
2280,fb24,2,1,30
2280,fb25,1,1,30
2280,fb26,2,1,30
2280,fb27,1,1,30
2280,fb28,1,1,30
2280,fb29,2,1,30
2285,fb0,1,1,30
2285,fb1,2,1,30
2285,fb2,2,1,30
2285,fb3,1,1,30
2285,fb4,1,1,30
2285,fb5,1,1,30
2285,fb6,1,1,30
2285,fb7,1,1,30
2285,fb8,1,1,30
2285,fb9,3,1,30
2285,fb10,1,1,30
2285,fb11,1,1,30
2285,fb12,1,1,30
2285,fb13,2,1,30
2285,fb14,2,1,30
2285,fb15,1,1,30
2285,fb16,1,1,30
2285,fb17,3,1,30
2285,fb18,1,1,30
2285,fb19,1,1,30
2285,fb20,1,1,30
2285,fb21,1,1,30
2285,fb22,2,1,30
2285,fb23,1,1,30
2285,fb24,2,1,30
2285,fb25,1,1,30
2285,fb26,2,1,30
2285,fb27,1,1,30
2285,fb28,1,1,30
2285,fb29,2,1,30
2290,fb0,1,1,30
2290,fb1,2,1,30
2290,fb2,2,1,30
2290,fb3,1,1,30
2290,fb4,1,1,30
2290,fb5,1,1,30
2290,fb6,1,1,30
2290,fb7,1,1,30
2290,fb8,1,1,30
2290,fb9,3,1,30
2290,fb10,1,1,30
2290,fb11,1,1,30
2290,fb12,1,1,30
2290,fb13,2,1,30
2290,fb14,2,1,30
2290,fb15,1,0,30
2290,fb16,1,1,30
2290,fb17,3,1,30
2290,fb18,1,1,30
2290,fb19,1,0,30
2290,fb20,1,1,30
2290,fb21,1,1,30
2290,fb22,2,1,30
2290,fb23,1,1,30
2290,fb24,2,1,30
2290,fb25,1,1,30
2290,fb26,2,1,30
2290,fb27,1,1,30
2290,fb28,1,1,30
2290,fb29,2,1,30
2295,fb0,1,1,30
2295,fb1,2,1,30
2295,fb2,2,1,30
2295,fb3,1,1,30
2295,fb4,1,1,30
2295,fb5,1,1,30
2295,fb6,1,0,30
2295,fb7,1,0,30
2295,fb8,1,1,30
2295,fb9,3,1,30
2295,fb10,1,1,30
2295,fb11,1,1,30
2295,fb12,1,1,30
2295,fb13,2,1,30
2295,fb14,2,1,30
2295,fb15,1,1,30
2295,fb16,1,1,30
2295,fb17,3,1,30
2295,fb18,1,1,30
2295,fb19,1,1,30
2295,fb20,1,1,30
2295,fb21,1,1,30
2295,fb22,2,1,30
2295,fb23,1,1,30
2295,fb24,2,1,30
2295,fb25,1,1,30
2295,fb26,2,1,30
2295,fb27,1,1,30
2295,fb28,1,1,30
2295,fb29,2,1,30
2300,fb0,1,1,30
2300,fb1,2,1,30
2300,fb2,2,1,30
2300,fb3,1,0,30
2300,fb4,1,1,30
2300,fb5,1,1,30
2300,fb6,1,1,30
2300,fb7,1,1,30
2300,fb8,1,1,30
2300,fb9,3,1,30
2300,fb10,1,1,30
2300,fb11,1,1,30
2300,fb12,1,1,30
2300,fb13,2,1,30
2300,fb14,2,1,30
2300,fb15,1,1,30
2300,fb16,1,0,30
2300,fb17,3,1,30
2300,fb18,1,1,30
2300,fb19,1,1,30
2300,fb20,1,1,30
2300,fb21,1,0,30
2300,fb22,2,0,30
2300,fb23,1,1,30
2300,fb24,2,1,30
2300,fb25,1,1,30
2300,fb26,2,1,30
2300,fb27,1,1,30
2300,fb28,1,1,30
2300,fb29,2,1,30
2305,fb0,1,1,30
2305,fb1,2,1,30
2305,fb2,2,1,30
2305,fb3,1,1,30
2305,fb4,1,1,30
2305,fb5,1,1,30
2305,fb6,1,1,30
2305,fb7,1,1,30
2305,fb8,1,1,30
2305,fb9,3,1,30
2305,fb10,1,1,30
2305,fb11,1,1,30
2305,fb12,1,1,30
2305,fb13,2,1,30
2305,fb14,2,1,30
2305,fb15,1,1,30
2305,fb16,1,1,30
2305,fb17,3,1,30
2305,fb18,1,1,30
2305,fb19,1,1,30
2305,fb20,1,1,30
2305,fb21,1,1,30
2305,fb22,2,1,30
2305,fb23,1,1,30
2305,fb24,2,1,30
2305,fb25,1,1,30
2305,fb26,2,1,30
2305,fb27,1,1,30
2305,fb28,1,1,30
2305,fb29,2,1,30
2310,fb0,1,0,30
2310,fb1,2,1,30
2310,fb2,2,1,30
2310,fb3,1,1,30
2310,fb4,1,1,30
2310,fb5,1,1,30
2310,fb6,1,1,30
2310,fb7,1,1,30
2310,fb8,1,1,30
2310,fb9,3,1,30
2310,fb10,1,1,30
2310,fb11,1,1,30
2310,fb12,1,1,30
2310,fb13,2,1,30
2310,fb14,2,1,30
2310,fb15,1,1,30
2310,fb16,1,1,30
2310,fb17,3,1,30
2310,fb18,1,1,30
2310,fb19,1,1,30
2310,fb20,1,1,30
2310,fb21,1,1,30
2310,fb22,2,1,30
2310,fb23,1,0,30
2310,fb24,2,1,30
2310,fb25,1,1,30
2310,fb26,2,1,30
2310,fb27,1,1,30
2310,fb28,1,1,30
2310,fb29,2,1,30
2315,fb0,1,1,30
2315,fb1,2,1,30
2315,fb2,2,1,30
2315,fb3,1,1,30
2315,fb4,1,1,30
2315,fb5,1,1,30
2315,fb6,1,1,30
2315,fb7,1,1,30
2315,fb8,1,1,30
2315,fb9,3,1,30
2315,fb10,1,1,30
2315,fb11,1,1,30
2315,fb12,1,1,30
2315,fb13,2,1,30
2315,fb14,2,1,30
2315,fb15,1,1,30
2315,fb16,1,1,30
2315,fb17,3,1,30
2315,fb18,1,1,30
2315,fb19,1,1,30
2315,fb20,1,1,30
2315,fb21,1,1,30
2315,fb22,2,1,30
2315,fb23,1,1,30
2315,fb24,2,1,30
2315,fb25,1,1,30
2315,fb26,2,1,30
2315,fb27,1,1,30
2315,fb28,1,1,30
2315,fb29,2,1,30
2320,fb0,1,1,30
2320,fb1,2,1,30
2320,fb2,2,1,30
2320,fb3,1,1,30
2320,fb4,1,1,30
2320,fb5,1,1,30
2320,fb6,1,1,30
2320,fb7,1,1,30
2320,fb8,1,1,30
2320,fb9,3,1,30
2320,fb10,1,0,30
2320,fb11,1,1,30
2320,fb12,1,1,30
2320,fb13,2,1,30
2320,fb14,2,1,30
2320,fb15,1,1,30
2320,fb16,1,1,30
2320,fb17,3,1,30
2320,fb18,1,1,30
2320,fb19,1,1,30
2320,fb20,1,1,30
2320,fb21,1,1,30
2320,fb22,2,1,30
2320,fb23,1,1,30
2320,fb24,2,1,30
2320,fb25,1,1,30
2320,fb26,2,1,30
2320,fb27,1,1,30
2320,fb28,1,1,30
2320,fb29,2,1,30
2325,fb0,1,1,30
2325,fb1,2,0,30
2325,fb2,2,0,30
2325,fb3,1,1,30
2325,fb4,1,1,30
2325,fb5,1,1,30
2325,fb6,1,1,30
2325,fb7,1,1,30
2325,fb8,1,1,30
2325,fb9,3,1,30
2325,fb10,1,1,30
2325,fb11,1,1,30
2325,fb12,1,0,30
2325,fb13,2,1,30
2325,fb14,2,0,30
2325,fb15,1,1,30
2325,fb16,1,1,30
2325,fb17,3,0,30
2325,fb18,1,1,30
2325,fb19,1,1,30
2325,fb20,1,1,30
2325,fb21,1,1,30
2325,fb22,2,1,30
2325,fb23,1,1,30
2325,fb24,2,1,30
2325,fb25,1,1,30
2325,fb26,2,1,30
2325,fb27,1,1,30
2325,fb28,1,1,30
2325,fb29,2,0,30
2330,fb0,1,1,30
2330,fb1,2,1,30
2330,fb2,2,1,30
2330,fb3,1,1,30
2330,fb4,1,1,30
2330,fb5,1,1,30
2330,fb6,1,1,30
2330,fb7,1,1,30
2330,fb8,1,1,30
2330,fb9,3,1,30
2330,fb10,1,1,30
2330,fb11,1,1,30
2330,fb12,1,1,30
2330,fb13,2,1,30
2330,fb14,2,1,30
2330,fb15,1,1,30
2330,fb16,1,1,30
2330,fb17,3,1,30
2330,fb18,1,1,30
2330,fb19,1,1,30
2330,fb20,1,1,30
2330,fb21,1,1,30
2330,fb22,2,1,30
2330,fb23,1,1,30
2330,fb24,2,1,30
2330,fb25,1,1,30
2330,fb26,2,1,30
2330,fb27,1,1,30
2330,fb28,1,0,30
2330,fb29,2,1,30
2335,fb0,1,1,30
2335,fb1,2,1,30
2335,fb2,2,1,30
2335,fb3,1,1,30
2335,fb4,1,1,30
2335,fb5,1,1,30
2335,fb6,1,1,30
2335,fb7,1,1,30
2335,fb8,1,1,30
2335,fb9,3,1,30
2335,fb10,1,1,30
2335,fb11,1,1,30
2335,fb12,1,1,30
2335,fb13,2,1,30
2335,fb14,2,1,30
2335,fb15,1,1,30
2335,fb16,1,1,30
2335,fb17,3,1,30
2335,fb18,1,0,30
2335,fb19,1,1,30
2335,fb20,1,1,30
2335,fb21,1,1,30
2335,fb22,2,1,30
2335,fb23,1,1,30
2335,fb24,2,1,30
2335,fb25,1,0,30
2335,fb26,2,1,30
2335,fb27,1,1,30
2335,fb28,1,1,30
2335,fb29,2,1,30
2340,fb0,1,1,30
2340,fb1,2,1,30
2340,fb2,2,1,30
2340,fb3,1,1,30
2340,fb4,1,1,30
2340,fb5,1,1,30
2340,fb6,1,1,30
2340,fb7,1,1,30
2340,fb8,1,0,30
2340,fb9,3,1,30
2340,fb10,1,1,30
2340,fb11,1,1,30
2340,fb12,1,1,30
2340,fb13,2,1,30
2340,fb14,2,1,30
2340,fb15,1,1,30
2340,fb16,1,1,30
2340,fb17,3,1,30
2340,fb18,1,1,30
2340,fb19,1,1,30
2340,fb20,1,1,30
2340,fb21,1,1,30
2340,fb22,2,1,30
2340,fb23,1,1,30
2340,fb24,2,1,30
2340,fb25,1,1,30
2340,fb26,2,1,30
2340,fb27,1,1,30
2340,fb28,1,1,30
2340,fb29,2,1,30
2345,fb0,1,1,30
2345,fb1,2,1,30
2345,fb2,2,1,30
2345,fb3,1,1,30
2345,fb4,1,1,30
2345,fb5,1,1,30
2345,fb6,1,1,30
2345,fb7,1,1,30
2345,fb8,1,1,30
2345,fb9,3,1,30
2345,fb10,1,1,30
2345,fb11,1,1,30
2345,fb12,1,1,30
2345,fb13,2,1,30
2345,fb14,2,1,30
2345,fb15,1,1,30
2345,fb16,1,1,30
2345,fb17,3,1,30
2345,fb18,1,1,30
2345,fb19,1,1,30
2345,fb20,1,1,30
2345,fb21,1,1,30
2345,fb22,2,1,30
2345,fb23,1,1,30
2345,fb24,2,1,30
2345,fb25,1,1,30
2345,fb26,2,1,30
2345,fb27,1,1,30
2345,fb28,1,1,30
2345,fb29,2,1,30
2350,fb0,1,1,30
2350,fb1,2,1,30
2350,fb2,2,1,30
2350,fb3,1,1,30
2350,fb4,1,1,30
2350,fb5,1,1,30
2350,fb6,1,1,30
2350,fb7,1,1,30
2350,fb8,1,1,30
2350,fb9,3,1,30
2350,fb10,1,1,30
2350,fb11,1,1,30
2350,fb12,1,1,30
2350,fb13,2,1,30
2350,fb14,2,1,30
2350,fb15,1,1,30
2350,fb16,1,1,30
2350,fb17,3,1,30
2350,fb18,1,1,30
2350,fb19,1,1,30
2350,fb20,1,1,30
2350,fb21,1,1,30
2350,fb22,2,1,30
2350,fb23,1,1,30
2350,fb24,2,1,30
2350,fb25,1,1,30
2350,fb26,2,1,30
2350,fb27,1,1,30
2350,fb28,1,1,30
2350,fb29,2,1,30
2355,fb0,1,1,30
2355,fb1,2,1,30
2355,fb2,2,1,30
2355,fb3,1,1,30
2355,fb4,1,1,30
2355,fb5,1,1,30
2355,fb6,1,1,30
2355,fb7,1,1,30
2355,fb8,1,1,30
2355,fb9,3,1,30
2355,fb10,1,1,30
2355,fb11,1,1,30
2355,fb12,1,1,30
2355,fb13,2,1,30
2355,fb14,2,1,30
2355,fb15,1,1,30
2355,fb16,1,1,30
2355,fb17,3,1,30
2355,fb18,1,1,30
2355,fb19,1,1,30
2355,fb20,1,1,30
2355,fb21,1,1,30
2355,fb22,2,1,30
2355,fb23,1,1,30
2355,fb24,2,1,30
2355,fb25,1,1,30
2355,fb26,2,1,30
2355,fb27,1,1,30
2355,fb28,1,1,30
2355,fb29,2,1,30
2360,fb0,1,1,30
2360,fb1,2,1,30
2360,fb2,2,1,30
2360,fb3,1,1,30
2360,fb4,1,1,30
2360,fb5,1,1,30
2360,fb6,1,1,30
2360,fb7,1,1,30
2360,fb8,1,1,30
2360,fb9,3,1,30
2360,fb10,1,1,30
2360,fb11,1,1,30
2360,fb12,1,1,30
2360,fb13,2,1,30
2360,fb14,2,1,30
2360,fb15,1,1,30
2360,fb16,1,1,30
2360,fb17,3,1,30
2360,fb18,1,1,30
2360,fb19,1,1,30
2360,fb20,1,1,30
2360,fb21,1,1,30
2360,fb22,2,1,30
2360,fb23,1,1,30
2360,fb24,2,1,30
2360,fb25,1,1,30
2360,fb26,2,1,30
2360,fb27,1,1,30
2360,fb28,1,1,30
2360,fb29,2,1,30
2365,fb0,1,1,30
2365,fb1,2,1,30
2365,fb2,2,1,30
2365,fb3,1,1,30
2365,fb4,1,1,30
2365,fb5,1,1,30
2365,fb6,1,1,30
2365,fb7,1,1,30
2365,fb8,1,1,30
2365,fb9,3,1,30
2365,fb10,1,1,30
2365,fb11,1,1,30
2365,fb12,1,1,30
2365,fb13,2,1,30
2365,fb14,2,1,30
2365,fb15,1,1,30
2365,fb16,1,1,30
2365,fb17,3,1,30
2365,fb18,1,1,30
2365,fb19,1,1,30
2365,fb20,1,1,30
2365,fb21,1,1,30
2365,fb22,2,1,30
2365,fb23,1,1,30
2365,fb24,2,1,30
2365,fb25,1,1,30
2365,fb26,2,1,30
2365,fb27,1,1,30
2365,fb28,1,1,30
2365,fb29,2,1,30
2370,fb0,1,1,30
2370,fb1,2,1,30
2370,fb2,2,1,30
2370,fb3,1,1,30
2370,fb4,1,1,30
2370,fb5,1,1,30
2370,fb6,1,1,30
2370,fb7,1,1,30
2370,fb8,1,1,30
2370,fb9,3,1,30
2370,fb10,1,1,30
2370,fb11,1,1,30
2370,fb12,1,1,30
2370,fb13,2,1,30
2370,fb14,2,1,30
2370,fb15,1,1,30
2370,fb16,1,1,30
2370,fb17,3,1,30
2370,fb18,1,1,30
2370,fb19,1,1,30
2370,fb20,1,1,30
2370,fb21,1,1,30
2370,fb22,2,1,30
2370,fb23,1,1,30
2370,fb24,2,1,30
2370,fb25,1,1,30
2370,fb26,2,1,30
2370,fb27,1,1,30
2370,fb28,1,1,30
2370,fb29,2,1,30
2375,fb0,1,1,30
2375,fb1,2,1,30
2375,fb2,2,1,30
2375,fb3,1,1,30
2375,fb4,1,1,30
2375,fb5,1,1,30
2375,fb6,1,1,30
2375,fb7,1,1,30
2375,fb8,1,1,30
2375,fb9,3,1,30
2375,fb10,1,1,30
2375,fb11,1,1,30
2375,fb12,1,1,30
2375,fb13,2,1,30
2375,fb14,2,1,30
2375,fb15,1,1,30
2375,fb16,1,1,30
2375,fb17,3,1,30
2375,fb18,1,1,30
2375,fb19,1,1,30
2375,fb20,1,1,30
2375,fb21,1,1,30
2375,fb22,2,1,30
2375,fb23,1,1,30
2375,fb24,2,1,30
2375,fb25,1,1,30
2375,fb26,2,1,30
2375,fb27,1,1,30
2375,fb28,1,1,30
2375,fb29,2,1,30
2380,fb0,1,1,30
2380,fb1,2,1,30
2380,fb2,2,1,30
2380,fb3,1,1,30
2380,fb4,1,1,30
2380,fb5,1,1,30
2380,fb6,1,1,30
2380,fb7,1,1,30
2380,fb8,1,1,30
2380,fb9,3,1,30
2380,fb10,1,1,30
2380,fb11,1,0,30
2380,fb12,1,1,30
2380,fb13,2,1,30
2380,fb14,2,1,30
2380,fb15,1,1,30
2380,fb16,1,1,30
2380,fb17,3,1,30
2380,fb18,1,1,30
2380,fb19,1,1,30
2380,fb20,1,1,30
2380,fb21,1,1,30
2380,fb22,2,1,30
2380,fb23,1,1,30
2380,fb24,2,1,30
2380,fb25,1,1,30
2380,fb26,2,1,30
2380,fb27,1,1,30
2380,fb28,1,1,30
2380,fb29,2,1,30
2385,fb0,1,1,30
2385,fb1,2,1,30
2385,fb2,2,1,30
2385,fb3,1,1,30
2385,fb4,1,1,30
2385,fb5,1,1,30
2385,fb6,1,1,30
2385,fb7,1,1,30
2385,fb8,1,1,30
2385,fb9,3,1,30
2385,fb10,1,1,30
2385,fb11,1,1,30
2385,fb12,1,1,30
2385,fb13,2,1,30
2385,fb14,2,1,30
2385,fb15,1,1,30
2385,fb16,1,1,30
2385,fb17,3,1,30
2385,fb18,1,1,30
2385,fb19,1,1,30
2385,fb20,1,1,30
2385,fb21,1,1,30
2385,fb22,2,1,30
2385,fb23,1,1,30
2385,fb24,2,1,30
2385,fb25,1,1,30
2385,fb26,2,1,30
2385,fb27,1,1,30
2385,fb28,1,1,30
2385,fb29,2,1,30
2390,fb0,1,1,30
2390,fb1,2,1,30
2390,fb2,2,1,30
2390,fb3,1,1,30
2390,fb4,1,1,30
2390,fb5,1,1,30
2390,fb6,1,1,30
2390,fb7,1,1,30
2390,fb8,1,1,30
2390,fb9,3,1,30
2390,fb10,1,1,30
2390,fb11,1,1,30
2390,fb12,1,1,30
2390,fb13,2,1,30
2390,fb14,2,1,30
2390,fb15,1,1,30
2390,fb16,1,1,30
2390,fb17,3,1,30
2390,fb18,1,1,30
2390,fb19,1,1,30
2390,fb20,1,1,30
2390,fb21,1,1,30
2390,fb22,2,1,30
2390,fb23,1,1,30
2390,fb24,2,1,30
2390,fb25,1,1,30
2390,fb26,2,1,30
2390,fb27,1,1,30
2390,fb28,1,1,30
2390,fb29,2,1,30
2395,fb0,1,1,30
2395,fb1,2,1,30
2395,fb2,2,1,30
2395,fb3,1,1,30
2395,fb4,1,1,30
2395,fb5,1,1,30
2395,fb6,1,1,30
2395,fb7,1,1,30
2395,fb8,1,1,30
2395,fb9,3,1,30
2395,fb10,1,1,30
2395,fb11,1,1,30
2395,fb12,1,1,30
2395,fb13,2,1,30
2395,fb14,2,1,30
2395,fb15,1,1,30
2395,fb16,1,1,30
2395,fb17,3,1,30
2395,fb18,1,1,30
2395,fb19,1,1,30
2395,fb20,1,1,30
2395,fb21,1,1,30
2395,fb22,2,1,30
2395,fb23,1,1,30
2395,fb24,2,1,30
2395,fb25,1,1,30
2395,fb26,2,1,30
2395,fb27,1,1,30
2395,fb28,1,1,30
2395,fb29,2,1,30
2400,fb0,1,1,30
2400,fb1,2,1,30
2400,fb2,2,1,30
2400,fb3,1,1,30
2400,fb4,1,1,30
2400,fb5,1,1,30
2400,fb6,1,1,30
2400,fb7,1,1,30
2400,fb8,1,1,30
2400,fb9,3,0,30
2400,fb10,1,1,30
2400,fb11,1,1,30
2400,fb12,1,1,30
2400,fb13,2,1,30
2400,fb14,2,1,30
2400,fb15,1,1,30
2400,fb16,1,1,30
2400,fb17,3,1,30
2400,fb18,1,1,30
2400,fb19,1,1,30
2400,fb20,1,1,30
2400,fb21,1,1,30
2400,fb22,2,1,30
2400,fb23,1,1,30
2400,fb24,2,1,30
2400,fb25,1,1,30
2400,fb26,2,0,30
2400,fb27,1,1,30
2400,fb28,1,1,30
2400,fb29,2,1,30
2405,fb0,1,1,30
2405,fb1,2,1,30
2405,fb2,2,1,30
2405,fb3,1,1,30
2405,fb4,1,1,30
2405,fb5,1,1,30
2405,fb6,1,1,30
2405,fb7,1,1,30
2405,fb8,1,1,30
2405,fb9,3,1,30
2405,fb10,1,1,30
2405,fb11,1,1,30
2405,fb12,1,1,30
2405,fb13,2,0,30
2405,fb14,2,1,30
2405,fb15,1,1,30
2405,fb16,1,1,30
2405,fb17,3,1,30
2405,fb18,1,1,30
2405,fb19,1,1,30
2405,fb20,1,0,30
2405,fb21,1,1,30
2405,fb22,2,1,30
2405,fb23,1,1,30
2405,fb24,2,1,30
2405,fb25,1,1,30
2405,fb26,2,1,30
2405,fb27,1,1,30
2405,fb28,1,1,30
2405,fb29,2,1,30
2410,fb0,1,1,30
2410,fb1,2,1,30
2410,fb2,2,1,30
2410,fb3,1,1,30
2410,fb4,1,1,30
2410,fb5,1,0,30
2410,fb6,1,1,30
2410,fb7,1,1,30
2410,fb8,1,1,30
2410,fb9,3,1,30
2410,fb10,1,1,30
2410,fb11,1,1,30
2410,fb12,1,1,30
2410,fb13,2,1,30
2410,fb14,2,1,30
2410,fb15,1,1,30
2410,fb16,1,1,30
2410,fb17,3,1,30
2410,fb18,1,1,30
2410,fb19,1,1,30
2410,fb20,1,1,30
2410,fb21,1,1,30
2410,fb22,2,1,30
2410,fb23,1,1,30
2410,fb24,2,1,30
2410,fb25,1,1,30
2410,fb26,2,1,30
2410,fb27,1,1,30
2410,fb28,1,1,30
2410,fb29,2,1,30
2415,fb0,1,1,30
2415,fb1,2,1,30
2415,fb2,2,1,30
2415,fb3,1,1,30
2415,fb4,1,1,30
2415,fb5,1,1,30
2415,fb6,1,1,30
2415,fb7,1,1,30
2415,fb8,1,1,30
2415,fb9,3,1,30
2415,fb10,1,1,30
2415,fb11,1,1,30
2415,fb12,1,1,30
2415,fb13,2,1,30
2415,fb14,2,1,30
2415,fb15,1,1,30
2415,fb16,1,1,30
2415,fb17,3,1,30
2415,fb18,1,1,30
2415,fb19,1,1,30
2415,fb20,1,1,30
2415,fb21,1,1,30
2415,fb22,2,1,30
2415,fb23,1,1,30
2415,fb24,2,1,30
2415,fb25,1,1,30
2415,fb26,2,1,30
2415,fb27,1,1,30
2415,fb28,1,1,30
2415,fb29,2,1,30
2420,fb0,1,1,30
2420,fb1,2,1,30
2420,fb2,2,1,30
2420,fb3,1,1,30
2420,fb4,1,0,30
2420,fb5,1,1,30
2420,fb6,1,1,30
2420,fb7,1,1,30
2420,fb8,1,1,30
2420,fb9,3,1,30
2420,fb10,1,1,30
2420,fb11,1,1,30
2420,fb12,1,1,30
2420,fb13,2,1,30
2420,fb14,2,1,30
2420,fb15,1,1,30
2420,fb16,1,1,30
2420,fb17,3,1,30
2420,fb18,1,1,30
2420,fb19,1,1,30
2420,fb20,1,1,30
2420,fb21,1,1,30
2420,fb22,2,1,30
2420,fb23,1,1,30
2420,fb24,2,0,30
2420,fb25,1,1,30
2420,fb26,2,1,30
2420,fb27,1,1,30
2420,fb28,1,1,30
2420,fb29,2,1,30
2425,fb0,1,1,30
2425,fb1,2,1,30
2425,fb2,2,1,30
2425,fb3,1,1,30
2425,fb4,1,1,30
2425,fb5,1,1,30
2425,fb6,1,1,30
2425,fb7,1,1,30
2425,fb8,1,1,30
2425,fb9,3,1,30
2425,fb10,1,1,30
2425,fb11,1,1,30
2425,fb12,1,1,30
2425,fb13,2,1,30
2425,fb14,2,1,30
2425,fb15,1,1,30
2425,fb16,1,1,30
2425,fb17,3,1,30
2425,fb18,1,1,30
2425,fb19,1,1,30
2425,fb20,1,1,30
2425,fb21,1,1,30
2425,fb22,2,1,30
2425,fb23,1,1,30
2425,fb24,2,1,30
2425,fb25,1,1,30
2425,fb26,2,1,30
2425,fb27,1,0,30
2425,fb28,1,1,30
2425,fb29,2,1,30
2430,fb0,1,1,30
2430,fb1,2,1,30
2430,fb2,2,1,30
2430,fb3,1,1,30
2430,fb4,1,1,30
2430,fb5,1,1,30
2430,fb6,1,1,30
2430,fb7,1,1,30
2430,fb8,1,1,30
2430,fb9,3,1,30
2430,fb10,1,1,30
2430,fb11,1,1,30
2430,fb12,1,1,30
2430,fb13,2,1,30
2430,fb14,2,1,30
2430,fb15,1,1,30
2430,fb16,1,1,30
2430,fb17,3,1,30
2430,fb18,1,1,30
2430,fb19,1,1,30
2430,fb20,1,1,30
2430,fb21,1,1,30
2430,fb22,2,1,30
2430,fb23,1,1,30
2430,fb24,2,1,30
2430,fb25,1,1,30
2430,fb26,2,1,30
2430,fb27,1,1,30
2430,fb28,1,1,30
2430,fb29,2,1,30
2435,fb0,1,1,30
2435,fb1,2,1,30
2435,fb2,2,1,30
2435,fb3,1,1,30
2435,fb4,1,1,30
2435,fb5,1,1,30
2435,fb6,1,1,30
2435,fb7,1,1,30
2435,fb8,1,1,30
2435,fb9,3,1,30
2435,fb10,1,1,30
2435,fb11,1,1,30
2435,fb12,1,1,30
2435,fb13,2,1,30
2435,fb14,2,1,30
2435,fb15,1,1,30
2435,fb16,1,1,30
2435,fb17,3,1,30
2435,fb18,1,1,30
2435,fb19,1,1,30
2435,fb20,1,1,30
2435,fb21,1,1,30
2435,fb22,2,1,30
2435,fb23,1,1,30
2435,fb24,2,1,30
2435,fb25,1,1,30
2435,fb26,2,1,30
2435,fb27,1,1,30
2435,fb28,1,1,30
2435,fb29,2,1,30
2440,fb0,1,1,30
2440,fb1,2,1,30
2440,fb2,2,1,30
2440,fb3,1,1,30
2440,fb4,1,1,30
2440,fb5,1,1,30
2440,fb6,1,1,30
2440,fb7,1,1,30
2440,fb8,1,1,30
2440,fb9,3,1,30
2440,fb10,1,1,30
2440,fb11,1,1,30
2440,fb12,1,1,30
2440,fb13,2,1,30
2440,fb14,2,1,30
2440,fb15,1,1,30
2440,fb16,1,1,30
2440,fb17,3,1,30
2440,fb18,1,1,30
2440,fb19,1,1,30
2440,fb20,1,1,30
2440,fb21,1,1,30
2440,fb22,2,1,30
2440,fb23,1,1,30
2440,fb24,2,1,30
2440,fb25,1,1,30
2440,fb26,2,1,30
2440,fb27,1,1,30
2440,fb28,1,1,30
2440,fb29,2,1,30
2445,fb0,1,1,30
2445,fb1,2,1,30
2445,fb2,2,1,30
2445,fb3,1,1,30
2445,fb4,1,1,30
2445,fb5,1,1,30
2445,fb6,1,1,30
2445,fb7,1,1,30
2445,fb8,1,1,30
2445,fb9,3,1,30
2445,fb10,1,1,30
2445,fb11,1,1,30
2445,fb12,1,1,30
2445,fb13,2,1,30
2445,fb14,2,1,30
2445,fb15,1,0,30
2445,fb16,1,1,30
2445,fb17,3,1,30
2445,fb18,1,1,30
2445,fb19,1,0,30
2445,fb20,1,1,30
2445,fb21,1,1,30
2445,fb22,2,1,30
2445,fb23,1,1,30
2445,fb24,2,1,30
2445,fb25,1,1,30
2445,fb26,2,1,30
2445,fb27,1,1,30
2445,fb28,1,1,30
2445,fb29,2,1,30
2450,fb0,1,1,30
2450,fb1,2,1,30
2450,fb2,2,1,30
2450,fb3,1,1,30
2450,fb4,1,1,30
2450,fb5,1,1,30
2450,fb6,1,0,30
2450,fb7,1,0,30
2450,fb8,1,1,30
2450,fb9,3,1,30
2450,fb10,1,1,30
2450,fb11,1,1,30
2450,fb12,1,1,30
2450,fb13,2,1,30
2450,fb14,2,1,30
2450,fb15,1,1,30
2450,fb16,1,1,30
2450,fb17,3,1,30
2450,fb18,1,1,30
2450,fb19,1,1,30
2450,fb20,1,1,30
2450,fb21,1,1,30
2450,fb22,2,1,30
2450,fb23,1,1,30
2450,fb24,2,1,30
2450,fb25,1,1,30
2450,fb26,2,1,30
2450,fb27,1,1,30
2450,fb28,1,1,30
2450,fb29,2,1,30
2455,fb0,1,1,30
2455,fb1,2,1,30
2455,fb2,2,1,30
2455,fb3,1,0,30
2455,fb4,1,1,30
2455,fb5,1,1,30
2455,fb6,1,1,30
2455,fb7,1,1,30
2455,fb8,1,1,30
2455,fb9,3,1,30
2455,fb10,1,1,30
2455,fb11,1,1,30
2455,fb12,1,1,30
2455,fb13,2,1,30
2455,fb14,2,1,30
2455,fb15,1,1,30
2455,fb16,1,0,30
2455,fb17,3,1,30
2455,fb18,1,1,30
2455,fb19,1,1,30
2455,fb20,1,1,30
2455,fb21,1,0,30
2455,fb22,2,0,30
2455,fb23,1,1,30
2455,fb24,2,1,30
2455,fb25,1,1,30
2455,fb26,2,1,30
2455,fb27,1,1,30
2455,fb28,1,1,30
2455,fb29,2,1,30
2460,fb0,1,1,30
2460,fb1,2,1,30
2460,fb2,2,1,30
2460,fb3,1,1,30
2460,fb4,1,1,30
2460,fb5,1,1,30
2460,fb6,1,1,30
2460,fb7,1,1,30
2460,fb8,1,1,30
2460,fb9,3,1,30
2460,fb10,1,1,30
2460,fb11,1,1,30
2460,fb12,1,1,30
2460,fb13,2,1,30
2460,fb14,2,1,30
2460,fb15,1,1,30
2460,fb16,1,1,30
2460,fb17,3,1,30
2460,fb18,1,1,30
2460,fb19,1,1,30
2460,fb20,1,1,30
2460,fb21,1,1,30
2460,fb22,2,1,30
2460,fb23,1,1,30
2460,fb24,2,1,30
2460,fb25,1,1,30
2460,fb26,2,1,30
2460,fb27,1,1,30
2460,fb28,1,1,30
2460,fb29,2,1,30
2465,fb0,1,0,30
2465,fb1,2,1,30
2465,fb2,2,1,30
2465,fb3,1,1,30
2465,fb4,1,1,30
2465,fb5,1,1,30
2465,fb6,1,1,30
2465,fb7,1,1,30
2465,fb8,1,1,30
2465,fb9,3,1,30
2465,fb10,1,1,30
2465,fb11,1,1,30
2465,fb12,1,1,30
2465,fb13,2,1,30
2465,fb14,2,1,30
2465,fb15,1,1,30
2465,fb16,1,1,30
2465,fb17,3,1,30
2465,fb18,1,1,30
2465,fb19,1,1,30
2465,fb20,1,1,30
2465,fb21,1,1,30
2465,fb22,2,1,30
2465,fb23,1,0,30
2465,fb24,2,1,30
2465,fb25,1,1,30
2465,fb26,2,1,30
2465,fb27,1,1,30
2465,fb28,1,1,30
2465,fb29,2,1,30
2470,fb0,1,1,30
2470,fb1,2,1,30
2470,fb2,2,1,30
2470,fb3,1,1,30
2470,fb4,1,1,30
2470,fb5,1,1,30
2470,fb6,1,1,30
2470,fb7,1,1,30
2470,fb8,1,1,30
2470,fb9,3,1,30
2470,fb10,1,1,30
2470,fb11,1,1,30
2470,fb12,1,1,30
2470,fb13,2,1,30
2470,fb14,2,1,30
2470,fb15,1,1,30
2470,fb16,1,1,30
2470,fb17,3,1,30
2470,fb18,1,1,30
2470,fb19,1,1,30
2470,fb20,1,1,30
2470,fb21,1,1,30
2470,fb22,2,1,30
2470,fb23,1,1,30
2470,fb24,2,1,30
2470,fb25,1,1,30
2470,fb26,2,1,30
2470,fb27,1,1,30
2470,fb28,1,1,30
2470,fb29,2,1,30
2475,fb0,1,1,30
2475,fb1,2,1,30
2475,fb2,2,1,30
2475,fb3,1,1,30
2475,fb4,1,1,30
2475,fb5,1,1,30
2475,fb6,1,1,30
2475,fb7,1,1,30
2475,fb8,1,1,30
2475,fb9,3,1,30
2475,fb10,1,0,30
2475,fb11,1,1,30
2475,fb12,1,1,30
2475,fb13,2,1,30
2475,fb14,2,1,30
2475,fb15,1,1,30
2475,fb16,1,1,30
2475,fb17,3,1,30
2475,fb18,1,1,30
2475,fb19,1,1,30
2475,fb20,1,1,30
2475,fb21,1,1,30
2475,fb22,2,1,30
2475,fb23,1,1,30
2475,fb24,2,1,30
2475,fb25,1,1,30
2475,fb26,2,1,30
2475,fb27,1,1,30
2475,fb28,1,1,30
2475,fb29,2,1,30
2480,fb0,1,1,30
2480,fb1,2,0,30
2480,fb2,2,0,30
2480,fb3,1,1,30
2480,fb4,1,1,30
2480,fb5,1,1,30
2480,fb6,1,1,30
2480,fb7,1,1,30
2480,fb8,1,1,30
2480,fb9,3,1,30
2480,fb10,1,1,30
2480,fb11,1,1,30
2480,fb12,1,0,30
2480,fb13,2,1,30
2480,fb14,2,0,30
2480,fb15,1,1,30
2480,fb16,1,1,30
2480,fb17,3,0,30
2480,fb18,1,1,30
2480,fb19,1,1,30
2480,fb20,1,1,30
2480,fb21,1,1,30
2480,fb22,2,1,30
2480,fb23,1,1,30
2480,fb24,2,1,30
2480,fb25,1,1,30
2480,fb26,2,1,30
2480,fb27,1,1,30
2480,fb28,1,1,30
2480,fb29,2,0,30
2485,fb0,1,1,30
2485,fb1,2,1,30
2485,fb2,2,1,30
2485,fb3,1,1,30
2485,fb4,1,1,30
2485,fb5,1,1,30
2485,fb6,1,1,30
2485,fb7,1,1,30
2485,fb8,1,1,30
2485,fb9,3,1,30
2485,fb10,1,1,30
2485,fb11,1,1,30
2485,fb12,1,1,30
2485,fb13,2,1,30
2485,fb14,2,1,30
2485,fb15,1,1,30
2485,fb16,1,1,30
2485,fb17,3,1,30
2485,fb18,1,1,30
2485,fb19,1,1,30
2485,fb20,1,1,30
2485,fb21,1,1,30
2485,fb22,2,1,30
2485,fb23,1,1,30
2485,fb24,2,1,30
2485,fb25,1,1,30
2485,fb26,2,1,30
2485,fb27,1,1,30
2485,fb28,1,0,30
2485,fb29,2,1,30
2490,fb0,1,1,30
2490,fb1,2,1,30
2490,fb2,2,1,30
2490,fb3,1,1,30
2490,fb4,1,1,30
2490,fb5,1,1,30
2490,fb6,1,1,30
2490,fb7,1,1,30
2490,fb8,1,1,30
2490,fb9,3,1,30
2490,fb10,1,1,30
2490,fb11,1,1,30
2490,fb12,1,1,30
2490,fb13,2,1,30
2490,fb14,2,1,30
2490,fb15,1,1,30
2490,fb16,1,1,30
2490,fb17,3,1,30
2490,fb18,1,0,30
2490,fb19,1,1,30
2490,fb20,1,1,30
2490,fb21,1,1,30
2490,fb22,2,1,30
2490,fb23,1,1,30
2490,fb24,2,1,30
2490,fb25,1,0,30
2490,fb26,2,1,30
2490,fb27,1,1,30
2490,fb28,1,1,30
2490,fb29,2,1,30
2495,fb0,1,1,30
2495,fb1,2,1,30
2495,fb2,2,1,30
2495,fb3,1,1,30
2495,fb4,1,1,30
2495,fb5,1,1,30
2495,fb6,1,1,30
2495,fb7,1,1,30
2495,fb8,1,0,30
2495,fb9,3,1,30
2495,fb10,1,1,30
2495,fb11,1,1,30
2495,fb12,1,1,30
2495,fb13,2,1,30
2495,fb14,2,1,30
2495,fb15,1,1,30
2495,fb16,1,1,30
2495,fb17,3,1,30
2495,fb18,1,1,30
2495,fb19,1,1,30
2495,fb20,1,1,30
2495,fb21,1,1,30
2495,fb22,2,1,30
2495,fb23,1,1,30
2495,fb24,2,1,30
2495,fb25,1,1,30
2495,fb26,2,1,30
2495,fb27,1,1,30
2495,fb28,1,1,30
2495,fb29,2,1,30
2500,fb0,1,1,30
2500,fb1,2,1,30
2500,fb2,2,1,30
2500,fb3,1,1,30
2500,fb4,1,1,30
2500,fb5,1,1,30
2500,fb6,1,1,30
2500,fb7,1,1,30
2500,fb8,1,1,30
2500,fb9,3,1,30
2500,fb10,1,1,30
2500,fb11,1,1,30
2500,fb12,1,1,30
2500,fb13,2,1,30
2500,fb14,2,1,30
2500,fb15,1,1,30
2500,fb16,1,1,30
2500,fb17,3,1,30
2500,fb18,1,1,30
2500,fb19,1,1,30
2500,fb20,1,1,30
2500,fb21,1,1,30
2500,fb22,2,1,30
2500,fb23,1,1,30
2500,fb24,2,1,30
2500,fb25,1,1,30
2500,fb26,2,1,30
2500,fb27,1,1,30
2500,fb28,1,1,30
2500,fb29,2,1,30
2505,fb0,1,1,30
2505,fb1,2,1,30
2505,fb2,2,1,30
2505,fb3,1,1,30
2505,fb4,1,1,30
2505,fb5,1,1,30
2505,fb6,1,1,30
2505,fb7,1,1,30
2505,fb8,1,1,30
2505,fb9,3,1,30
2505,fb10,1,1,30
2505,fb11,1,1,30
2505,fb12,1,1,30
2505,fb13,2,1,30
2505,fb14,2,1,30
2505,fb15,1,1,30
2505,fb16,1,1,30
2505,fb17,3,1,30
2505,fb18,1,1,30
2505,fb19,1,1,30
2505,fb20,1,1,30
2505,fb21,1,1,30
2505,fb22,2,1,30
2505,fb23,1,1,30
2505,fb24,2,1,30
2505,fb25,1,1,30
2505,fb26,2,1,30
2505,fb27,1,1,30
2505,fb28,1,1,30
2505,fb29,2,1,30
2510,fb0,1,1,30
2510,fb1,2,1,30
2510,fb2,2,1,30
2510,fb3,1,1,30
2510,fb4,1,1,30
2510,fb5,1,1,30
2510,fb6,1,1,30
2510,fb7,1,1,30
2510,fb8,1,1,30
2510,fb9,3,1,30
2510,fb10,1,1,30
2510,fb11,1,1,30
2510,fb12,1,1,30
2510,fb13,2,1,30
2510,fb14,2,1,30
2510,fb15,1,1,30
2510,fb16,1,1,30
2510,fb17,3,1,30
2510,fb18,1,1,30
2510,fb19,1,1,30
2510,fb20,1,1,30
2510,fb21,1,1,30
2510,fb22,2,1,30
2510,fb23,1,1,30
2510,fb24,2,1,30
2510,fb25,1,1,30
2510,fb26,2,1,30
2510,fb27,1,1,30
2510,fb28,1,1,30
2510,fb29,2,1,30
2515,fb0,1,1,30
2515,fb1,2,1,30
2515,fb2,2,1,30
2515,fb3,1,1,30
2515,fb4,1,1,30
2515,fb5,1,1,30
2515,fb6,1,1,30
2515,fb7,1,1,30
2515,fb8,1,1,30
2515,fb9,3,1,30
2515,fb10,1,1,30
2515,fb11,1,1,30
2515,fb12,1,1,30
2515,fb13,2,1,30
2515,fb14,2,1,30
2515,fb15,1,1,30
2515,fb16,1,1,30
2515,fb17,3,1,30
2515,fb18,1,1,30
2515,fb19,1,1,30
2515,fb20,1,1,30
2515,fb21,1,1,30
2515,fb22,2,1,30
2515,fb23,1,1,30
2515,fb24,2,1,30
2515,fb25,1,1,30
2515,fb26,2,1,30
2515,fb27,1,1,30
2515,fb28,1,1,30
2515,fb29,2,1,30
2520,fb0,1,1,30
2520,fb1,2,1,30
2520,fb2,2,1,30
2520,fb3,1,1,30
2520,fb4,1,1,30
2520,fb5,1,1,30
2520,fb6,1,1,30
2520,fb7,1,1,30
2520,fb8,1,1,30
2520,fb9,3,1,30
2520,fb10,1,1,30
2520,fb11,1,1,30
2520,fb12,1,1,30
2520,fb13,2,1,30
2520,fb14,2,1,30
2520,fb15,1,1,30
2520,fb16,1,1,30
2520,fb17,3,1,30
2520,fb18,1,1,30
2520,fb19,1,1,30
2520,fb20,1,1,30
2520,fb21,1,1,30
2520,fb22,2,1,30
2520,fb23,1,1,30
2520,fb24,2,1,30
2520,fb25,1,1,30
2520,fb26,2,1,30
2520,fb27,1,1,30
2520,fb28,1,1,30
2520,fb29,2,1,30
2525,fb0,1,1,30
2525,fb1,2,1,30
2525,fb2,2,1,30
2525,fb3,1,1,30
2525,fb4,1,1,30
2525,fb5,1,1,30
2525,fb6,1,1,30
2525,fb7,1,1,30
2525,fb8,1,1,30
2525,fb9,3,1,30
2525,fb10,1,1,30
2525,fb11,1,1,30
2525,fb12,1,1,30
2525,fb13,2,1,30
2525,fb14,2,1,30
2525,fb15,1,1,30
2525,fb16,1,1,30
2525,fb17,3,1,30
2525,fb18,1,1,30
2525,fb19,1,1,30
2525,fb20,1,1,30
2525,fb21,1,1,30
2525,fb22,2,1,30
2525,fb23,1,1,30
2525,fb24,2,1,30
2525,fb25,1,1,30
2525,fb26,2,1,30
2525,fb27,1,1,30
2525,fb28,1,1,30
2525,fb29,2,1,30
2530,fb0,1,1,30
2530,fb1,2,1,30
2530,fb2,2,1,30
2530,fb3,1,1,30
2530,fb4,1,1,30
2530,fb5,1,1,30
2530,fb6,1,1,30
2530,fb7,1,1,30
2530,fb8,1,1,30
2530,fb9,3,1,30
2530,fb10,1,1,30
2530,fb11,1,1,30
2530,fb12,1,1,30
2530,fb13,2,1,30
2530,fb14,2,1,30
2530,fb15,1,1,30
2530,fb16,1,1,30
2530,fb17,3,1,30
2530,fb18,1,1,30
2530,fb19,1,1,30
2530,fb20,1,1,30
2530,fb21,1,1,30
2530,fb22,2,1,30
2530,fb23,1,1,30
2530,fb24,2,1,30
2530,fb25,1,1,30
2530,fb26,2,1,30
2530,fb27,1,1,30
2530,fb28,1,1,30
2530,fb29,2,1,30
2535,fb0,1,1,30
2535,fb1,2,1,30
2535,fb2,2,1,30
2535,fb3,1,1,30
2535,fb4,1,1,30
2535,fb5,1,1,30
2535,fb6,1,1,30
2535,fb7,1,1,30
2535,fb8,1,1,30
2535,fb9,3,1,30
2535,fb10,1,1,30
2535,fb11,1,0,30
2535,fb12,1,1,30
2535,fb13,2,1,30
2535,fb14,2,1,30
2535,fb15,1,1,30
2535,fb16,1,1,30
2535,fb17,3,1,30
2535,fb18,1,1,30
2535,fb19,1,1,30
2535,fb20,1,1,30
2535,fb21,1,1,30
2535,fb22,2,1,30
2535,fb23,1,1,30
2535,fb24,2,1,30
2535,fb25,1,1,30
2535,fb26,2,1,30
2535,fb27,1,1,30
2535,fb28,1,1,30
2535,fb29,2,1,30
2540,fb0,1,1,30
2540,fb1,2,1,30
2540,fb2,2,1,30
2540,fb3,1,1,30
2540,fb4,1,1,30
2540,fb5,1,1,30
2540,fb6,1,1,30
2540,fb7,1,1,30
2540,fb8,1,1,30
2540,fb9,3,1,30
2540,fb10,1,1,30
2540,fb11,1,1,30
2540,fb12,1,1,30
2540,fb13,2,1,30
2540,fb14,2,1,30
2540,fb15,1,1,30
2540,fb16,1,1,30
2540,fb17,3,1,30
2540,fb18,1,1,30
2540,fb19,1,1,30
2540,fb20,1,1,30
2540,fb21,1,1,30
2540,fb22,2,1,30
2540,fb23,1,1,30
2540,fb24,2,1,30
2540,fb25,1,1,30
2540,fb26,2,1,30
2540,fb27,1,1,30
2540,fb28,1,1,30
2540,fb29,2,1,30
2545,fb0,1,1,30
2545,fb1,2,1,30
2545,fb2,2,1,30
2545,fb3,1,1,30
2545,fb4,1,1,30
2545,fb5,1,1,30
2545,fb6,1,1,30
2545,fb7,1,1,30
2545,fb8,1,1,30
2545,fb9,3,1,30
2545,fb10,1,1,30
2545,fb11,1,1,30
2545,fb12,1,1,30
2545,fb13,2,1,30
2545,fb14,2,1,30
2545,fb15,1,1,30
2545,fb16,1,1,30
2545,fb17,3,1,30
2545,fb18,1,1,30
2545,fb19,1,1,30
2545,fb20,1,1,30
2545,fb21,1,1,30
2545,fb22,2,1,30
2545,fb23,1,1,30
2545,fb24,2,1,30
2545,fb25,1,1,30
2545,fb26,2,1,30
2545,fb27,1,1,30
2545,fb28,1,1,30
2545,fb29,2,1,30
2550,fb0,1,1,30
2550,fb1,2,1,30
2550,fb2,2,1,30
2550,fb3,1,1,30
2550,fb4,1,1,30
2550,fb5,1,1,30
2550,fb6,1,1,30
2550,fb7,1,1,30
2550,fb8,1,1,30
2550,fb9,3,1,30
2550,fb10,1,1,30
2550,fb11,1,1,30
2550,fb12,1,1,30
2550,fb13,2,1,30
2550,fb14,2,1,30
2550,fb15,1,1,30
2550,fb16,1,1,30
2550,fb17,3,1,30
2550,fb18,1,1,30
2550,fb19,1,1,30
2550,fb20,1,1,30
2550,fb21,1,1,30
2550,fb22,2,1,30
2550,fb23,1,1,30
2550,fb24,2,1,30
2550,fb25,1,1,30
2550,fb26,2,1,30
2550,fb27,1,1,30
2550,fb28,1,1,30
2550,fb29,2,1,30
2555,fb0,1,1,30
2555,fb1,2,1,30
2555,fb2,2,1,30
2555,fb3,1,1,30
2555,fb4,1,1,30
2555,fb5,1,1,30
2555,fb6,1,1,30
2555,fb7,1,1,30
2555,fb8,1,1,30
2555,fb9,3,0,30
2555,fb10,1,1,30
2555,fb11,1,1,30
2555,fb12,1,1,30
2555,fb13,2,1,30
2555,fb14,2,1,30
2555,fb15,1,1,30
2555,fb16,1,1,30
2555,fb17,3,1,30
2555,fb18,1,1,30
2555,fb19,1,1,30
2555,fb20,1,1,30
2555,fb21,1,1,30
2555,fb22,2,1,30
2555,fb23,1,1,30
2555,fb24,2,1,30
2555,fb25,1,1,30
2555,fb26,2,0,30
2555,fb27,1,1,30
2555,fb28,1,1,30
2555,fb29,2,1,30
2560,fb0,1,1,30
2560,fb1,2,1,30
2560,fb2,2,1,30
2560,fb3,1,1,30
2560,fb4,1,1,30
2560,fb5,1,1,30
2560,fb6,1,1,30
2560,fb7,1,1,30
2560,fb8,1,1,30
2560,fb9,3,1,30
2560,fb10,1,1,30
2560,fb11,1,1,30
2560,fb12,1,1,30
2560,fb13,2,0,30
2560,fb14,2,1,30
2560,fb15,1,1,30
2560,fb16,1,1,30
2560,fb17,3,1,30
2560,fb18,1,1,30
2560,fb19,1,1,30
2560,fb20,1,0,30
2560,fb21,1,1,30
2560,fb22,2,1,30
2560,fb23,1,1,30
2560,fb24,2,1,30
2560,fb25,1,1,30
2560,fb26,2,1,30
2560,fb27,1,1,30
2560,fb28,1,1,30
2560,fb29,2,1,30
2565,fb0,1,1,30
2565,fb1,2,1,30
2565,fb2,2,1,30
2565,fb3,1,1,30
2565,fb4,1,1,30
2565,fb5,1,0,30
2565,fb6,1,1,30
2565,fb7,1,1,30
2565,fb8,1,1,30
2565,fb9,3,1,30
2565,fb10,1,1,30
2565,fb11,1,1,30
2565,fb12,1,1,30
2565,fb13,2,1,30
2565,fb14,2,1,30
2565,fb15,1,1,30
2565,fb16,1,1,30
2565,fb17,3,1,30
2565,fb18,1,1,30
2565,fb19,1,1,30
2565,fb20,1,1,30
2565,fb21,1,1,30
2565,fb22,2,1,30
2565,fb23,1,1,30
2565,fb24,2,1,30
2565,fb25,1,1,30
2565,fb26,2,1,30
2565,fb27,1,1,30
2565,fb28,1,1,30
2565,fb29,2,1,30
2570,fb0,1,1,30
2570,fb1,2,1,30
2570,fb2,2,1,30
2570,fb3,1,1,30
2570,fb4,1,1,30
2570,fb5,1,1,30
2570,fb6,1,1,30
2570,fb7,1,1,30
2570,fb8,1,1,30
2570,fb9,3,1,30
2570,fb10,1,1,30
2570,fb11,1,1,30
2570,fb12,1,1,30
2570,fb13,2,1,30
2570,fb14,2,1,30
2570,fb15,1,1,30
2570,fb16,1,1,30
2570,fb17,3,1,30
2570,fb18,1,1,30
2570,fb19,1,1,30
2570,fb20,1,1,30
2570,fb21,1,1,30
2570,fb22,2,1,30
2570,fb23,1,1,30
2570,fb24,2,1,30
2570,fb25,1,1,30
2570,fb26,2,1,30
2570,fb27,1,1,30
2570,fb28,1,1,30
2570,fb29,2,1,30
2575,fb0,1,1,30
2575,fb1,2,1,30
2575,fb2,2,1,30
2575,fb3,1,1,30
2575,fb4,1,0,30
2575,fb5,1,1,30
2575,fb6,1,1,30
2575,fb7,1,1,30
2575,fb8,1,1,30
2575,fb9,3,1,30
2575,fb10,1,1,30
2575,fb11,1,1,30
2575,fb12,1,1,30
2575,fb13,2,1,30
2575,fb14,2,1,30
2575,fb15,1,1,30
2575,fb16,1,1,30
2575,fb17,3,1,30
2575,fb18,1,1,30
2575,fb19,1,1,30
2575,fb20,1,1,30
2575,fb21,1,1,30
2575,fb22,2,1,30
2575,fb23,1,1,30
2575,fb24,2,0,30
2575,fb25,1,1,30
2575,fb26,2,1,30
2575,fb27,1,1,30
2575,fb28,1,1,30
2575,fb29,2,1,30
2580,fb0,1,1,30
2580,fb1,2,1,30
2580,fb2,2,1,30
2580,fb3,1,1,30
2580,fb4,1,1,30
2580,fb5,1,1,30
2580,fb6,1,1,30
2580,fb7,1,1,30
2580,fb8,1,1,30
2580,fb9,3,1,30
2580,fb10,1,1,30
2580,fb11,1,1,30
2580,fb12,1,1,30
2580,fb13,2,1,30
2580,fb14,2,1,30
2580,fb15,1,1,30
2580,fb16,1,1,30
2580,fb17,3,1,30
2580,fb18,1,1,30
2580,fb19,1,1,30
2580,fb20,1,1,30
2580,fb21,1,1,30
2580,fb22,2,1,30
2580,fb23,1,1,30
2580,fb24,2,1,30
2580,fb25,1,1,30
2580,fb26,2,1,30
2580,fb27,1,0,30
2580,fb28,1,1,30
2580,fb29,2,1,30
2585,fb0,1,1,30
2585,fb1,2,1,30
2585,fb2,2,1,30
2585,fb3,1,1,30
2585,fb4,1,1,30
2585,fb5,1,1,30
2585,fb6,1,1,30
2585,fb7,1,1,30
2585,fb8,1,1,30
2585,fb9,3,1,30
2585,fb10,1,1,30
2585,fb11,1,1,30
2585,fb12,1,1,30
2585,fb13,2,1,30
2585,fb14,2,1,30
2585,fb15,1,1,30
2585,fb16,1,1,30
2585,fb17,3,1,30
2585,fb18,1,1,30
2585,fb19,1,1,30
2585,fb20,1,1,30
2585,fb21,1,1,30
2585,fb22,2,1,30
2585,fb23,1,1,30
2585,fb24,2,1,30
2585,fb25,1,1,30
2585,fb26,2,1,30
2585,fb27,1,1,30
2585,fb28,1,1,30
2585,fb29,2,1,30
2590,fb0,1,1,30
2590,fb1,2,1,30
2590,fb2,2,1,30
2590,fb3,1,1,30
2590,fb4,1,1,30
2590,fb5,1,1,30
2590,fb6,1,1,30
2590,fb7,1,1,30
2590,fb8,1,1,30
2590,fb9,3,1,30
2590,fb10,1,1,30
2590,fb11,1,1,30
2590,fb12,1,1,30
2590,fb13,2,1,30
2590,fb14,2,1,30
2590,fb15,1,1,30
2590,fb16,1,1,30
2590,fb17,3,1,30
2590,fb18,1,1,30
2590,fb19,1,1,30
2590,fb20,1,1,30
2590,fb21,1,1,30
2590,fb22,2,1,30
2590,fb23,1,1,30
2590,fb24,2,1,30
2590,fb25,1,1,30
2590,fb26,2,1,30
2590,fb27,1,1,30
2590,fb28,1,1,30
2590,fb29,2,1,30
2595,fb0,1,1,30
2595,fb1,2,1,30
2595,fb2,2,1,30
2595,fb3,1,1,30
2595,fb4,1,1,30
2595,fb5,1,1,30
2595,fb6,1,1,30
2595,fb7,1,1,30
2595,fb8,1,1,30
2595,fb9,3,1,30
2595,fb10,1,1,30
2595,fb11,1,1,30
2595,fb12,1,1,30
2595,fb13,2,1,30
2595,fb14,2,1,30
2595,fb15,1,1,30
2595,fb16,1,1,30
2595,fb17,3,1,30
2595,fb18,1,1,30
2595,fb19,1,1,30
2595,fb20,1,1,30
2595,fb21,1,1,30
2595,fb22,2,1,30
2595,fb23,1,1,30
2595,fb24,2,1,30
2595,fb25,1,1,30
2595,fb26,2,1,30
2595,fb27,1,1,30
2595,fb28,1,1,30
2595,fb29,2,1,30
2600,fb0,1,1,30
2600,fb1,2,1,30
2600,fb2,2,1,30
2600,fb3,1,1,30
2600,fb4,1,1,30
2600,fb5,1,1,30
2600,fb6,1,1,30
2600,fb7,1,1,30
2600,fb8,1,1,30
2600,fb9,3,1,30
2600,fb10,1,1,30
2600,fb11,1,1,30
2600,fb12,1,1,30
2600,fb13,2,1,30
2600,fb14,2,1,30
2600,fb15,1,0,30
2600,fb16,1,1,30
2600,fb17,3,1,30
2600,fb18,1,1,30
2600,fb19,1,0,30
2600,fb20,1,1,30
2600,fb21,1,1,30
2600,fb22,2,1,30
2600,fb23,1,1,30
2600,fb24,2,1,30
2600,fb25,1,1,30
2600,fb26,2,1,30
2600,fb27,1,1,30
2600,fb28,1,1,30
2600,fb29,2,1,30
2605,fb0,1,1,30
2605,fb1,2,1,30
2605,fb2,2,1,30
2605,fb3,1,1,30
2605,fb4,1,1,30
2605,fb5,1,1,30
2605,fb6,1,0,30
2605,fb7,1,0,30
2605,fb8,1,1,30
2605,fb9,3,1,30
2605,fb10,1,1,30
2605,fb11,1,1,30
2605,fb12,1,1,30
2605,fb13,2,1,30
2605,fb14,2,1,30
2605,fb15,1,1,30
2605,fb16,1,1,30
2605,fb17,3,1,30
2605,fb18,1,1,30
2605,fb19,1,1,30
2605,fb20,1,1,30
2605,fb21,1,1,30
2605,fb22,2,1,30
2605,fb23,1,1,30
2605,fb24,2,1,30
2605,fb25,1,1,30
2605,fb26,2,1,30
2605,fb27,1,1,30
2605,fb28,1,1,30
2605,fb29,2,1,30
2610,fb0,1,1,30
2610,fb1,2,1,30
2610,fb2,2,1,30
2610,fb3,1,0,30
2610,fb4,1,1,30
2610,fb5,1,1,30
2610,fb6,1,1,30
2610,fb7,1,1,30
2610,fb8,1,1,30
2610,fb9,3,1,30
2610,fb10,1,1,30
2610,fb11,1,1,30
2610,fb12,1,1,30
2610,fb13,2,1,30
2610,fb14,2,1,30
2610,fb15,1,1,30
2610,fb16,1,0,30
2610,fb17,3,1,30
2610,fb18,1,1,30
2610,fb19,1,1,30
2610,fb20,1,1,30
2610,fb21,1,0,30
2610,fb22,2,0,30
2610,fb23,1,1,30
2610,fb24,2,1,30
2610,fb25,1,1,30
2610,fb26,2,1,30
2610,fb27,1,1,30
2610,fb28,1,1,30
2610,fb29,2,1,30
2615,fb0,1,1,30
2615,fb1,2,1,30
2615,fb2,2,1,30
2615,fb3,1,1,30
2615,fb4,1,1,30
2615,fb5,1,1,30
2615,fb6,1,1,30
2615,fb7,1,1,30
2615,fb8,1,1,30
2615,fb9,3,1,30
2615,fb10,1,1,30
2615,fb11,1,1,30
2615,fb12,1,1,30
2615,fb13,2,1,30
2615,fb14,2,1,30
2615,fb15,1,1,30
2615,fb16,1,1,30
2615,fb17,3,1,30
2615,fb18,1,1,30
2615,fb19,1,1,30
2615,fb20,1,1,30
2615,fb21,1,1,30
2615,fb22,2,1,30
2615,fb23,1,1,30
2615,fb24,2,1,30
2615,fb25,1,1,30
2615,fb26,2,1,30
2615,fb27,1,1,30
2615,fb28,1,1,30
2615,fb29,2,1,30
2620,fb0,1,0,30
2620,fb1,2,1,30
2620,fb2,2,1,30
2620,fb3,1,1,30
2620,fb4,1,1,30
2620,fb5,1,1,30
2620,fb6,1,1,30
2620,fb7,1,1,30
2620,fb8,1,1,30
2620,fb9,3,1,30
2620,fb10,1,1,30
2620,fb11,1,1,30
2620,fb12,1,1,30
2620,fb13,2,1,30
2620,fb14,2,1,30
2620,fb15,1,1,30
2620,fb16,1,1,30
2620,fb17,3,1,30
2620,fb18,1,1,30
2620,fb19,1,1,30
2620,fb20,1,1,30
2620,fb21,1,1,30
2620,fb22,2,1,30
2620,fb23,1,0,30
2620,fb24,2,1,30
2620,fb25,1,1,30
2620,fb26,2,1,30
2620,fb27,1,1,30
2620,fb28,1,1,30
2620,fb29,2,1,30
2625,fb0,1,1,30
2625,fb1,2,1,30
2625,fb2,2,1,30
2625,fb3,1,1,30
2625,fb4,1,1,30
2625,fb5,1,1,30
2625,fb6,1,1,30
2625,fb7,1,1,30
2625,fb8,1,1,30
2625,fb9,3,1,30
2625,fb10,1,1,30
2625,fb11,1,1,30
2625,fb12,1,1,30
2625,fb13,2,1,30
2625,fb14,2,1,30
2625,fb15,1,1,30
2625,fb16,1,1,30
2625,fb17,3,1,30
2625,fb18,1,1,30
2625,fb19,1,1,30
2625,fb20,1,1,30
2625,fb21,1,1,30
2625,fb22,2,1,30
2625,fb23,1,1,30
2625,fb24,2,1,30
2625,fb25,1,1,30
2625,fb26,2,1,30
2625,fb27,1,1,30
2625,fb28,1,1,30
2625,fb29,2,1,30
2630,fb0,1,1,30
2630,fb1,2,1,30
2630,fb2,2,1,30
2630,fb3,1,1,30
2630,fb4,1,1,30
2630,fb5,1,1,30
2630,fb6,1,1,30
2630,fb7,1,1,30
2630,fb8,1,1,30
2630,fb9,3,1,30
2630,fb10,1,0,30
2630,fb11,1,1,30
2630,fb12,1,1,30
2630,fb13,2,1,30
2630,fb14,2,1,30
2630,fb15,1,1,30
2630,fb16,1,1,30
2630,fb17,3,1,30
2630,fb18,1,1,30
2630,fb19,1,1,30
2630,fb20,1,1,30
2630,fb21,1,1,30
2630,fb22,2,1,30
2630,fb23,1,1,30
2630,fb24,2,1,30
2630,fb25,1,1,30
2630,fb26,2,1,30
2630,fb27,1,1,30
2630,fb28,1,1,30
2630,fb29,2,1,30
2635,fb0,1,1,30
2635,fb1,2,0,30
2635,fb2,2,0,30
2635,fb3,1,1,30
2635,fb4,1,1,30
2635,fb5,1,1,30
2635,fb6,1,1,30
2635,fb7,1,1,30
2635,fb8,1,1,30
2635,fb9,3,1,30
2635,fb10,1,1,30
2635,fb11,1,1,30
2635,fb12,1,0,30
2635,fb13,2,1,30
2635,fb14,2,0,30
2635,fb15,1,1,30
2635,fb16,1,1,30
2635,fb17,3,0,30
2635,fb18,1,1,30
2635,fb19,1,1,30
2635,fb20,1,1,30
2635,fb21,1,1,30
2635,fb22,2,1,30
2635,fb23,1,1,30
2635,fb24,2,1,30
2635,fb25,1,1,30
2635,fb26,2,1,30
2635,fb27,1,1,30
2635,fb28,1,1,30
2635,fb29,2,0,30
2640,fb0,1,1,30
2640,fb1,2,1,30
2640,fb2,2,1,30
2640,fb3,1,1,30
2640,fb4,1,1,30
2640,fb5,1,1,30
2640,fb6,1,1,30
2640,fb7,1,1,30
2640,fb8,1,1,30
2640,fb9,3,1,30
2640,fb10,1,1,30
2640,fb11,1,1,30
2640,fb12,1,1,30
2640,fb13,2,1,30
2640,fb14,2,1,30
2640,fb15,1,1,30
2640,fb16,1,1,30
2640,fb17,3,1,30
2640,fb18,1,1,30
2640,fb19,1,1,30
2640,fb20,1,1,30
2640,fb21,1,1,30
2640,fb22,2,1,30
2640,fb23,1,1,30
2640,fb24,2,1,30
2640,fb25,1,1,30
2640,fb26,2,1,30
2640,fb27,1,1,30
2640,fb28,1,0,30
2640,fb29,2,1,30
2645,fb0,1,1,30
2645,fb1,2,1,30
2645,fb2,2,1,30
2645,fb3,1,1,30
2645,fb4,1,1,30
2645,fb5,1,1,30
2645,fb6,1,1,30
2645,fb7,1,1,30
2645,fb8,1,1,30
2645,fb9,3,1,30
2645,fb10,1,1,30
2645,fb11,1,1,30
2645,fb12,1,1,30
2645,fb13,2,1,30
2645,fb14,2,1,30
2645,fb15,1,1,30
2645,fb16,1,1,30
2645,fb17,3,1,30
2645,fb18,1,0,30
2645,fb19,1,1,30
2645,fb20,1,1,30
2645,fb21,1,1,30
2645,fb22,2,1,30
2645,fb23,1,1,30
2645,fb24,2,1,30
2645,fb25,1,0,30
2645,fb26,2,1,30
2645,fb27,1,1,30
2645,fb28,1,1,30
2645,fb29,2,1,30
2650,fb0,1,1,30
2650,fb1,2,1,30
2650,fb2,2,1,30
2650,fb3,1,1,30
2650,fb4,1,1,30
2650,fb5,1,1,30
2650,fb6,1,1,30
2650,fb7,1,1,30
2650,fb8,1,0,30
2650,fb9,3,1,30
2650,fb10,1,1,30
2650,fb11,1,1,30
2650,fb12,1,1,30
2650,fb13,2,1,30
2650,fb14,2,1,30
2650,fb15,1,1,30
2650,fb16,1,1,30
2650,fb17,3,1,30
2650,fb18,1,1,30
2650,fb19,1,1,30
2650,fb20,1,1,30
2650,fb21,1,1,30
2650,fb22,2,1,30
2650,fb23,1,1,30
2650,fb24,2,1,30
2650,fb25,1,1,30
2650,fb26,2,1,30
2650,fb27,1,1,30
2650,fb28,1,1,30
2650,fb29,2,1,30
2655,fb0,1,1,30
2655,fb1,2,1,30
2655,fb2,2,1,30
2655,fb3,1,1,30
2655,fb4,1,1,30
2655,fb5,1,1,30
2655,fb6,1,1,30
2655,fb7,1,1,30
2655,fb8,1,1,30
2655,fb9,3,1,30
2655,fb10,1,1,30
2655,fb11,1,1,30
2655,fb12,1,1,30
2655,fb13,2,1,30
2655,fb14,2,1,30
2655,fb15,1,1,30
2655,fb16,1,1,30
2655,fb17,3,1,30
2655,fb18,1,1,30
2655,fb19,1,1,30
2655,fb20,1,1,30
2655,fb21,1,1,30
2655,fb22,2,1,30
2655,fb23,1,1,30
2655,fb24,2,1,30
2655,fb25,1,1,30
2655,fb26,2,1,30
2655,fb27,1,1,30
2655,fb28,1,1,30
2655,fb29,2,1,30
2660,fb0,1,1,30
2660,fb1,2,1,30
2660,fb2,2,1,30
2660,fb3,1,1,30
2660,fb4,1,1,30
2660,fb5,1,1,30
2660,fb6,1,1,30
2660,fb7,1,1,30
2660,fb8,1,1,30
2660,fb9,3,1,30
2660,fb10,1,1,30
2660,fb11,1,1,30
2660,fb12,1,1,30
2660,fb13,2,1,30
2660,fb14,2,1,30
2660,fb15,1,1,30
2660,fb16,1,1,30
2660,fb17,3,1,30
2660,fb18,1,1,30
2660,fb19,1,1,30
2660,fb20,1,1,30
2660,fb21,1,1,30
2660,fb22,2,1,30
2660,fb23,1,1,30
2660,fb24,2,1,30
2660,fb25,1,1,30
2660,fb26,2,1,30
2660,fb27,1,1,30
2660,fb28,1,1,30
2660,fb29,2,1,30
2665,fb0,1,1,30
2665,fb1,2,1,30
2665,fb2,2,1,30
2665,fb3,1,1,30
2665,fb4,1,1,30
2665,fb5,1,1,30
2665,fb6,1,1,30
2665,fb7,1,1,30
2665,fb8,1,1,30
2665,fb9,3,1,30
2665,fb10,1,1,30
2665,fb11,1,1,30
2665,fb12,1,1,30
2665,fb13,2,1,30
2665,fb14,2,1,30
2665,fb15,1,1,30
2665,fb16,1,1,30
2665,fb17,3,1,30
2665,fb18,1,1,30
2665,fb19,1,1,30
2665,fb20,1,1,30
2665,fb21,1,1,30
2665,fb22,2,1,30
2665,fb23,1,1,30
2665,fb24,2,1,30
2665,fb25,1,1,30
2665,fb26,2,1,30
2665,fb27,1,1,30
2665,fb28,1,1,30
2665,fb29,2,1,30
2670,fb0,1,1,30
2670,fb1,2,1,30
2670,fb2,2,1,30
2670,fb3,1,1,30
2670,fb4,1,1,30
2670,fb5,1,1,30
2670,fb6,1,1,30
2670,fb7,1,1,30
2670,fb8,1,1,30
2670,fb9,3,1,30
2670,fb10,1,1,30
2670,fb11,1,1,30
2670,fb12,1,1,30
2670,fb13,2,1,30
2670,fb14,2,1,30
2670,fb15,1,1,30
2670,fb16,1,1,30
2670,fb17,3,1,30
2670,fb18,1,1,30
2670,fb19,1,1,30
2670,fb20,1,1,30
2670,fb21,1,1,30
2670,fb22,2,1,30
2670,fb23,1,1,30
2670,fb24,2,1,30
2670,fb25,1,1,30
2670,fb26,2,1,30
2670,fb27,1,1,30
2670,fb28,1,1,30
2670,fb29,2,1,30
2675,fb0,1,1,30
2675,fb1,2,1,30
2675,fb2,2,1,30
2675,fb3,1,1,30
2675,fb4,1,1,30
2675,fb5,1,1,30
2675,fb6,1,1,30
2675,fb7,1,1,30
2675,fb8,1,1,30
2675,fb9,3,1,30
2675,fb10,1,1,30
2675,fb11,1,1,30
2675,fb12,1,1,30
2675,fb13,2,1,30
2675,fb14,2,1,30
2675,fb15,1,1,30
2675,fb16,1,1,30
2675,fb17,3,1,30
2675,fb18,1,1,30
2675,fb19,1,1,30
2675,fb20,1,1,30
2675,fb21,1,1,30
2675,fb22,2,1,30
2675,fb23,1,1,30
2675,fb24,2,1,30
2675,fb25,1,1,30
2675,fb26,2,1,30
2675,fb27,1,1,30
2675,fb28,1,1,30
2675,fb29,2,1,30
2680,fb0,1,1,30
2680,fb1,2,1,30
2680,fb2,2,1,30
2680,fb3,1,1,30
2680,fb4,1,1,30
2680,fb5,1,1,30
2680,fb6,1,1,30
2680,fb7,1,1,30
2680,fb8,1,1,30
2680,fb9,3,1,30
2680,fb10,1,1,30
2680,fb11,1,1,30
2680,fb12,1,1,30
2680,fb13,2,1,30
2680,fb14,2,1,30
2680,fb15,1,1,30
2680,fb16,1,1,30
2680,fb17,3,1,30
2680,fb18,1,1,30
2680,fb19,1,1,30
2680,fb20,1,1,30
2680,fb21,1,1,30
2680,fb22,2,1,30
2680,fb23,1,1,30
2680,fb24,2,1,30
2680,fb25,1,1,30
2680,fb26,2,1,30
2680,fb27,1,1,30
2680,fb28,1,1,30
2680,fb29,2,1,30
2685,fb0,1,1,30
2685,fb1,2,1,30
2685,fb2,2,1,30
2685,fb3,1,1,30
2685,fb4,1,1,30
2685,fb5,1,1,30
2685,fb6,1,1,30
2685,fb7,1,1,30
2685,fb8,1,1,30
2685,fb9,3,1,30
2685,fb10,1,1,30
2685,fb11,1,1,30
2685,fb12,1,1,30
2685,fb13,2,1,30
2685,fb14,2,1,30
2685,fb15,1,1,30
2685,fb16,1,1,30
2685,fb17,3,1,30
2685,fb18,1,1,30
2685,fb19,1,1,30
2685,fb20,1,1,30
2685,fb21,1,1,30
2685,fb22,2,1,30
2685,fb23,1,1,30
2685,fb24,2,1,30
2685,fb25,1,1,30
2685,fb26,2,1,30
2685,fb27,1,1,30
2685,fb28,1,1,30
2685,fb29,2,1,30
2690,fb0,1,1,30
2690,fb1,2,1,30
2690,fb2,2,1,30
2690,fb3,1,1,30
2690,fb4,1,1,30
2690,fb5,1,1,30
2690,fb6,1,1,30
2690,fb7,1,1,30
2690,fb8,1,1,30
2690,fb9,3,1,30
2690,fb10,1,1,30
2690,fb11,1,0,30
2690,fb12,1,1,30
2690,fb13,2,1,30
2690,fb14,2,1,30
2690,fb15,1,1,30
2690,fb16,1,1,30
2690,fb17,3,1,30
2690,fb18,1,1,30
2690,fb19,1,1,30
2690,fb20,1,1,30
2690,fb21,1,1,30
2690,fb22,2,1,30
2690,fb23,1,1,30
2690,fb24,2,1,30
2690,fb25,1,1,30
2690,fb26,2,1,30
2690,fb27,1,1,30
2690,fb28,1,1,30
2690,fb29,2,1,30
2695,fb0,1,1,30
2695,fb1,2,1,30
2695,fb2,2,1,30
2695,fb3,1,1,30
2695,fb4,1,1,30
2695,fb5,1,1,30
2695,fb6,1,1,30
2695,fb7,1,1,30
2695,fb8,1,1,30
2695,fb9,3,1,30
2695,fb10,1,1,30
2695,fb11,1,1,30
2695,fb12,1,1,30
2695,fb13,2,1,30
2695,fb14,2,1,30
2695,fb15,1,1,30
2695,fb16,1,1,30
2695,fb17,3,1,30
2695,fb18,1,1,30
2695,fb19,1,1,30
2695,fb20,1,1,30
2695,fb21,1,1,30
2695,fb22,2,1,30
2695,fb23,1,1,30
2695,fb24,2,1,30
2695,fb25,1,1,30
2695,fb26,2,1,30
2695,fb27,1,1,30
2695,fb28,1,1,30
2695,fb29,2,1,30
2700,fb0,1,1,30
2700,fb1,2,1,30
2700,fb2,2,1,30
2700,fb3,1,1,30
2700,fb4,1,1,30
2700,fb5,1,1,30
2700,fb6,1,1,30
2700,fb7,1,1,30
2700,fb8,1,1,30
2700,fb9,3,1,30
2700,fb10,1,1,30
2700,fb11,1,1,30
2700,fb12,1,1,30
2700,fb13,2,1,30
2700,fb14,2,1,30
2700,fb15,1,1,30
2700,fb16,1,1,30
2700,fb17,3,1,30
2700,fb18,1,1,30
2700,fb19,1,1,30
2700,fb20,1,1,30
2700,fb21,1,1,30
2700,fb22,2,1,30
2700,fb23,1,1,30
2700,fb24,2,1,30
2700,fb25,1,1,30
2700,fb26,2,1,30
2700,fb27,1,1,30
2700,fb28,1,1,30
2700,fb29,2,1,30
2705,fb0,1,1,30
2705,fb1,2,1,30
2705,fb2,2,1,30
2705,fb3,1,1,30
2705,fb4,1,1,30
2705,fb5,1,1,30
2705,fb6,1,1,30
2705,fb7,1,1,30
2705,fb8,1,1,30
2705,fb9,3,1,30
2705,fb10,1,1,30
2705,fb11,1,1,30
2705,fb12,1,1,30
2705,fb13,2,1,30
2705,fb14,2,1,30
2705,fb15,1,1,30
2705,fb16,1,1,30
2705,fb17,3,1,30
2705,fb18,1,1,30
2705,fb19,1,1,30
2705,fb20,1,1,30
2705,fb21,1,1,30
2705,fb22,2,1,30
2705,fb23,1,1,30
2705,fb24,2,1,30
2705,fb25,1,1,30
2705,fb26,2,1,30
2705,fb27,1,1,30
2705,fb28,1,1,30
2705,fb29,2,1,30
2710,fb0,1,1,30
2710,fb1,2,1,30
2710,fb2,2,1,30
2710,fb3,1,1,30
2710,fb4,1,1,30
2710,fb5,1,1,30
2710,fb6,1,1,30
2710,fb7,1,1,30
2710,fb8,1,1,30
2710,fb9,3,0,30
2710,fb10,1,1,30
2710,fb11,1,1,30
2710,fb12,1,1,30
2710,fb13,2,1,30
2710,fb14,2,1,30
2710,fb15,1,1,30
2710,fb16,1,1,30
2710,fb17,3,1,30
2710,fb18,1,1,30
2710,fb19,1,1,30
2710,fb20,1,1,30
2710,fb21,1,1,30
2710,fb22,2,1,30
2710,fb23,1,1,30
2710,fb24,2,1,30
2710,fb25,1,1,30
2710,fb26,2,0,30
2710,fb27,1,1,30
2710,fb28,1,1,30
2710,fb29,2,1,30
2715,fb0,1,1,30
2715,fb1,2,1,30
2715,fb2,2,1,30
2715,fb3,1,1,30
2715,fb4,1,1,30
2715,fb5,1,1,30
2715,fb6,1,1,30
2715,fb7,1,1,30
2715,fb8,1,1,30
2715,fb9,3,1,30
2715,fb10,1,1,30
2715,fb11,1,1,30
2715,fb12,1,1,30
2715,fb13,2,0,30
2715,fb14,2,1,30
2715,fb15,1,1,30
2715,fb16,1,1,30
2715,fb17,3,1,30
2715,fb18,1,1,30
2715,fb19,1,1,30
2715,fb20,1,0,30
2715,fb21,1,1,30
2715,fb22,2,1,30
2715,fb23,1,1,30
2715,fb24,2,1,30
2715,fb25,1,1,30
2715,fb26,2,1,30
2715,fb27,1,1,30
2715,fb28,1,1,30
2715,fb29,2,1,30
2720,fb0,1,1,30
2720,fb1,2,1,30
2720,fb2,2,1,30
2720,fb3,1,1,30
2720,fb4,1,1,30
2720,fb5,1,0,30
2720,fb6,1,1,30
2720,fb7,1,1,30
2720,fb8,1,1,30
2720,fb9,3,1,30
2720,fb10,1,1,30
2720,fb11,1,1,30
2720,fb12,1,1,30
2720,fb13,2,1,30
2720,fb14,2,1,30
2720,fb15,1,1,30
2720,fb16,1,1,30
2720,fb17,3,1,30
2720,fb18,1,1,30
2720,fb19,1,1,30
2720,fb20,1,1,30
2720,fb21,1,1,30
2720,fb22,2,1,30
2720,fb23,1,1,30
2720,fb24,2,1,30
2720,fb25,1,1,30
2720,fb26,2,1,30
2720,fb27,1,1,30
2720,fb28,1,1,30
2720,fb29,2,1,30
2725,fb0,1,1,30
2725,fb1,2,1,30
2725,fb2,2,1,30
2725,fb3,1,1,30
2725,fb4,1,1,30
2725,fb5,1,1,30
2725,fb6,1,1,30
2725,fb7,1,1,30
2725,fb8,1,1,30
2725,fb9,3,1,30
2725,fb10,1,1,30
2725,fb11,1,1,30
2725,fb12,1,1,30
2725,fb13,2,1,30
2725,fb14,2,1,30
2725,fb15,1,1,30
2725,fb16,1,1,30
2725,fb17,3,1,30
2725,fb18,1,1,30
2725,fb19,1,1,30
2725,fb20,1,1,30
2725,fb21,1,1,30
2725,fb22,2,1,30
2725,fb23,1,1,30
2725,fb24,2,1,30
2725,fb25,1,1,30
2725,fb26,2,1,30
2725,fb27,1,1,30
2725,fb28,1,1,30
2725,fb29,2,1,30
2730,fb0,1,1,30
2730,fb1,2,1,30
2730,fb2,2,1,30
2730,fb3,1,1,30
2730,fb4,1,0,30
2730,fb5,1,1,30
2730,fb6,1,1,30
2730,fb7,1,1,30
2730,fb8,1,1,30
2730,fb9,3,1,30
2730,fb10,1,1,30
2730,fb11,1,1,30
2730,fb12,1,1,30
2730,fb13,2,1,30
2730,fb14,2,1,30
2730,fb15,1,1,30
2730,fb16,1,1,30
2730,fb17,3,1,30
2730,fb18,1,1,30
2730,fb19,1,1,30
2730,fb20,1,1,30
2730,fb21,1,1,30
2730,fb22,2,1,30
2730,fb23,1,1,30
2730,fb24,2,0,30
2730,fb25,1,1,30
2730,fb26,2,1,30
2730,fb27,1,1,30
2730,fb28,1,1,30
2730,fb29,2,1,30
2735,fb0,1,1,30
2735,fb1,2,1,30
2735,fb2,2,1,30
2735,fb3,1,1,30
2735,fb4,1,1,30
2735,fb5,1,1,30
2735,fb6,1,1,30
2735,fb7,1,1,30
2735,fb8,1,1,30
2735,fb9,3,1,30
2735,fb10,1,1,30
2735,fb11,1,1,30
2735,fb12,1,1,30
2735,fb13,2,1,30
2735,fb14,2,1,30
2735,fb15,1,1,30
2735,fb16,1,1,30
2735,fb17,3,1,30
2735,fb18,1,1,30
2735,fb19,1,1,30
2735,fb20,1,1,30
2735,fb21,1,1,30
2735,fb22,2,1,30
2735,fb23,1,1,30
2735,fb24,2,1,30
2735,fb25,1,1,30
2735,fb26,2,1,30
2735,fb27,1,0,30
2735,fb28,1,1,30
2735,fb29,2,1,30
2740,fb0,1,1,30
2740,fb1,2,1,30
2740,fb2,2,1,30
2740,fb3,1,1,30
2740,fb4,1,1,30
2740,fb5,1,1,30
2740,fb6,1,1,30
2740,fb7,1,1,30
2740,fb8,1,1,30
2740,fb9,3,1,30
2740,fb10,1,1,30
2740,fb11,1,1,30
2740,fb12,1,1,30
2740,fb13,2,1,30
2740,fb14,2,1,30
2740,fb15,1,1,30
2740,fb16,1,1,30
2740,fb17,3,1,30
2740,fb18,1,1,30
2740,fb19,1,1,30
2740,fb20,1,1,30
2740,fb21,1,1,30
2740,fb22,2,1,30
2740,fb23,1,1,30
2740,fb24,2,1,30
2740,fb25,1,1,30
2740,fb26,2,1,30
2740,fb27,1,1,30
2740,fb28,1,1,30
2740,fb29,2,1,30
2745,fb0,1,1,30
2745,fb1,2,1,30
2745,fb2,2,1,30
2745,fb3,1,1,30
2745,fb4,1,1,30
2745,fb5,1,1,30
2745,fb6,1,1,30
2745,fb7,1,1,30
2745,fb8,1,1,30
2745,fb9,3,1,30
2745,fb10,1,1,30
2745,fb11,1,1,30
2745,fb12,1,1,30
2745,fb13,2,1,30
2745,fb14,2,1,30
2745,fb15,1,1,30
2745,fb16,1,1,30
2745,fb17,3,1,30
2745,fb18,1,1,30
2745,fb19,1,1,30
2745,fb20,1,1,30
2745,fb21,1,1,30
2745,fb22,2,1,30
2745,fb23,1,1,30
2745,fb24,2,1,30
2745,fb25,1,1,30
2745,fb26,2,1,30
2745,fb27,1,1,30
2745,fb28,1,1,30
2745,fb29,2,1,30
2750,fb0,1,1,30
2750,fb1,2,1,30
2750,fb2,2,1,30
2750,fb3,1,1,30
2750,fb4,1,1,30
2750,fb5,1,1,30
2750,fb6,1,1,30
2750,fb7,1,1,30
2750,fb8,1,1,30
2750,fb9,3,1,30
2750,fb10,1,1,30
2750,fb11,1,1,30
2750,fb12,1,1,30
2750,fb13,2,1,30
2750,fb14,2,1,30
2750,fb15,1,1,30
2750,fb16,1,1,30
2750,fb17,3,1,30
2750,fb18,1,1,30
2750,fb19,1,1,30
2750,fb20,1,1,30
2750,fb21,1,1,30
2750,fb22,2,1,30
2750,fb23,1,1,30
2750,fb24,2,1,30
2750,fb25,1,1,30
2750,fb26,2,1,30
2750,fb27,1,1,30
2750,fb28,1,1,30
2750,fb29,2,1,30
2755,fb0,1,1,30
2755,fb1,2,1,30
2755,fb2,2,1,30
2755,fb3,1,1,30
2755,fb4,1,1,30
2755,fb5,1,1,30
2755,fb6,1,1,30
2755,fb7,1,1,30
2755,fb8,1,1,30
2755,fb9,3,1,30
2755,fb10,1,1,30
2755,fb11,1,1,30
2755,fb12,1,1,30
2755,fb13,2,1,30
2755,fb14,2,1,30
2755,fb15,1,0,30
2755,fb16,1,1,30
2755,fb17,3,1,30
2755,fb18,1,1,30
2755,fb19,1,0,30
2755,fb20,1,1,30
2755,fb21,1,1,30
2755,fb22,2,1,30
2755,fb23,1,1,30
2755,fb24,2,1,30
2755,fb25,1,1,30
2755,fb26,2,1,30
2755,fb27,1,1,30
2755,fb28,1,1,30
2755,fb29,2,1,30
2760,fb0,1,1,30
2760,fb1,2,1,30
2760,fb2,2,1,30
2760,fb3,1,1,30
2760,fb4,1,1,30
2760,fb5,1,1,30
2760,fb6,1,0,30
2760,fb7,1,0,30
2760,fb8,1,1,30
2760,fb9,3,1,30
2760,fb10,1,1,30
2760,fb11,1,1,30
2760,fb12,1,1,30
2760,fb13,2,1,30
2760,fb14,2,1,30
2760,fb15,1,1,30
2760,fb16,1,1,30
2760,fb17,3,1,30
2760,fb18,1,1,30
2760,fb19,1,1,30
2760,fb20,1,1,30
2760,fb21,1,1,30
2760,fb22,2,1,30
2760,fb23,1,1,30
2760,fb24,2,1,30
2760,fb25,1,1,30
2760,fb26,2,1,30
2760,fb27,1,1,30
2760,fb28,1,1,30
2760,fb29,2,1,30
2765,fb0,1,1,30
2765,fb1,2,1,30
2765,fb2,2,1,30
2765,fb3,1,0,30
2765,fb4,1,1,30
2765,fb5,1,1,30
2765,fb6,1,1,30
2765,fb7,1,1,30
2765,fb8,1,1,30
2765,fb9,3,1,30
2765,fb10,1,1,30
2765,fb11,1,1,30
2765,fb12,1,1,30
2765,fb13,2,1,30
2765,fb14,2,1,30
2765,fb15,1,1,30
2765,fb16,1,0,30
2765,fb17,3,1,30
2765,fb18,1,1,30
2765,fb19,1,1,30
2765,fb20,1,1,30
2765,fb21,1,0,30
2765,fb22,2,0,30
2765,fb23,1,1,30
2765,fb24,2,1,30
2765,fb25,1,1,30
2765,fb26,2,1,30
2765,fb27,1,1,30
2765,fb28,1,1,30
2765,fb29,2,1,30
2770,fb0,1,1,30
2770,fb1,2,1,30
2770,fb2,2,1,30
2770,fb3,1,1,30
2770,fb4,1,1,30
2770,fb5,1,1,30
2770,fb6,1,1,30
2770,fb7,1,1,30
2770,fb8,1,1,30
2770,fb9,3,1,30
2770,fb10,1,1,30
2770,fb11,1,1,30
2770,fb12,1,1,30
2770,fb13,2,1,30
2770,fb14,2,1,30
2770,fb15,1,1,30
2770,fb16,1,1,30
2770,fb17,3,1,30
2770,fb18,1,1,30
2770,fb19,1,1,30
2770,fb20,1,1,30
2770,fb21,1,1,30
2770,fb22,2,1,30
2770,fb23,1,1,30
2770,fb24,2,1,30
2770,fb25,1,1,30
2770,fb26,2,1,30
2770,fb27,1,1,30
2770,fb28,1,1,30
2770,fb29,2,1,30
2775,fb0,1,0,30
2775,fb1,2,1,30
2775,fb2,2,1,30
2775,fb3,1,1,30
2775,fb4,1,1,30
2775,fb5,1,1,30
2775,fb6,1,1,30
2775,fb7,1,1,30
2775,fb8,1,1,30
2775,fb9,3,1,30
2775,fb10,1,1,30
2775,fb11,1,1,30
2775,fb12,1,1,30
2775,fb13,2,1,30
2775,fb14,2,1,30
2775,fb15,1,1,30
2775,fb16,1,1,30
2775,fb17,3,1,30
2775,fb18,1,1,30
2775,fb19,1,1,30
2775,fb20,1,1,30
2775,fb21,1,1,30
2775,fb22,2,1,30
2775,fb23,1,0,30
2775,fb24,2,1,30
2775,fb25,1,1,30
2775,fb26,2,1,30
2775,fb27,1,1,30
2775,fb28,1,1,30
2775,fb29,2,1,30
2780,fb0,1,1,30
2780,fb1,2,1,30
2780,fb2,2,1,30
2780,fb3,1,1,30
2780,fb4,1,1,30
2780,fb5,1,1,30
2780,fb6,1,1,30
2780,fb7,1,1,30
2780,fb8,1,1,30
2780,fb9,3,1,30
2780,fb10,1,1,30
2780,fb11,1,1,30
2780,fb12,1,1,30
2780,fb13,2,1,30
2780,fb14,2,1,30
2780,fb15,1,1,30
2780,fb16,1,1,30
2780,fb17,3,1,30
2780,fb18,1,1,30
2780,fb19,1,1,30
2780,fb20,1,1,30
2780,fb21,1,1,30
2780,fb22,2,1,30
2780,fb23,1,1,30
2780,fb24,2,1,30
2780,fb25,1,1,30
2780,fb26,2,1,30
2780,fb27,1,1,30
2780,fb28,1,1,30
2780,fb29,2,1,30
2785,fb0,1,1,30
2785,fb1,2,1,30
2785,fb2,2,1,30
2785,fb3,1,1,30
2785,fb4,1,1,30
2785,fb5,1,1,30
2785,fb6,1,1,30
2785,fb7,1,1,30
2785,fb8,1,1,30
2785,fb9,3,1,30
2785,fb10,1,0,30
2785,fb11,1,1,30
2785,fb12,1,1,30
2785,fb13,2,1,30
2785,fb14,2,1,30
2785,fb15,1,1,30
2785,fb16,1,1,30
2785,fb17,3,1,30
2785,fb18,1,1,30
2785,fb19,1,1,30
2785,fb20,1,1,30
2785,fb21,1,1,30
2785,fb22,2,1,30
2785,fb23,1,1,30
2785,fb24,2,1,30
2785,fb25,1,1,30
2785,fb26,2,1,30
2785,fb27,1,1,30
2785,fb28,1,1,30
2785,fb29,2,1,30
2790,fb0,1,1,30
2790,fb1,2,0,30
2790,fb2,2,0,30
2790,fb3,1,1,30
2790,fb4,1,1,30
2790,fb5,1,1,30
2790,fb6,1,1,30
2790,fb7,1,1,30
2790,fb8,1,1,30
2790,fb9,3,1,30
2790,fb10,1,1,30
2790,fb11,1,1,30
2790,fb12,1,0,30
2790,fb13,2,1,30
2790,fb14,2,0,30
2790,fb15,1,1,30
2790,fb16,1,1,30
2790,fb17,3,0,30
2790,fb18,1,1,30
2790,fb19,1,1,30
2790,fb20,1,1,30
2790,fb21,1,1,30
2790,fb22,2,1,30
2790,fb23,1,1,30
2790,fb24,2,1,30
2790,fb25,1,1,30
2790,fb26,2,1,30
2790,fb27,1,1,30
2790,fb28,1,1,30
2790,fb29,2,0,30
2795,fb0,1,1,30
2795,fb1,2,1,30
2795,fb2,2,1,30
2795,fb3,1,1,30
2795,fb4,1,1,30
2795,fb5,1,1,30
2795,fb6,1,1,30
2795,fb7,1,1,30
2795,fb8,1,1,30
2795,fb9,3,1,30
2795,fb10,1,1,30
2795,fb11,1,1,30
2795,fb12,1,1,30
2795,fb13,2,1,30
2795,fb14,2,1,30
2795,fb15,1,1,30
2795,fb16,1,1,30
2795,fb17,3,1,30
2795,fb18,1,1,30
2795,fb19,1,1,30
2795,fb20,1,1,30
2795,fb21,1,1,30
2795,fb22,2,1,30
2795,fb23,1,1,30
2795,fb24,2,1,30
2795,fb25,1,1,30
2795,fb26,2,1,30
2795,fb27,1,1,30
2795,fb28,1,0,30
2795,fb29,2,1,30
2800,fb0,1,1,30
2800,fb1,2,1,30
2800,fb2,2,1,30
2800,fb3,1,1,30
2800,fb4,1,1,30
2800,fb5,1,1,30
2800,fb6,1,1,30
2800,fb7,1,1,30
2800,fb8,1,1,30
2800,fb9,3,1,30
2800,fb10,1,1,30
2800,fb11,1,1,30
2800,fb12,1,1,30
2800,fb13,2,1,30
2800,fb14,2,1,30
2800,fb15,1,1,30
2800,fb16,1,1,30
2800,fb17,3,1,30
2800,fb18,1,0,30
2800,fb19,1,1,30
2800,fb20,1,1,30
2800,fb21,1,1,30
2800,fb22,2,1,30
2800,fb23,1,1,30
2800,fb24,2,1,30
2800,fb25,1,0,30
2800,fb26,2,1,30
2800,fb27,1,1,30
2800,fb28,1,1,30
2800,fb29,2,1,30
2805,fb0,1,1,30
2805,fb1,2,1,30
2805,fb2,2,1,30
2805,fb3,1,1,30
2805,fb4,1,1,30
2805,fb5,1,1,30
2805,fb6,1,1,30
2805,fb7,1,1,30
2805,fb8,1,0,30
2805,fb9,3,1,30
2805,fb10,1,1,30
2805,fb11,1,1,30
2805,fb12,1,1,30
2805,fb13,2,1,30
2805,fb14,2,1,30
2805,fb15,1,1,30
2805,fb16,1,1,30
2805,fb17,3,1,30
2805,fb18,1,1,30
2805,fb19,1,1,30
2805,fb20,1,1,30
2805,fb21,1,1,30
2805,fb22,2,1,30
2805,fb23,1,1,30
2805,fb24,2,1,30
2805,fb25,1,1,30
2805,fb26,2,1,30
2805,fb27,1,1,30
2805,fb28,1,1,30
2805,fb29,2,1,30
2810,fb0,1,1,30
2810,fb1,2,1,30
2810,fb2,2,1,30
2810,fb3,1,1,30
2810,fb4,1,1,30
2810,fb5,1,1,30
2810,fb6,1,1,30
2810,fb7,1,1,30
2810,fb8,1,1,30
2810,fb9,3,1,30
2810,fb10,1,1,30
2810,fb11,1,1,30
2810,fb12,1,1,30
2810,fb13,2,1,30
2810,fb14,2,1,30
2810,fb15,1,1,30
2810,fb16,1,1,30
2810,fb17,3,1,30
2810,fb18,1,1,30
2810,fb19,1,1,30
2810,fb20,1,1,30
2810,fb21,1,1,30
2810,fb22,2,1,30
2810,fb23,1,1,30
2810,fb24,2,1,30
2810,fb25,1,1,30
2810,fb26,2,1,30
2810,fb27,1,1,30
2810,fb28,1,1,30
2810,fb29,2,1,30
2815,fb0,1,1,30
2815,fb1,2,1,30
2815,fb2,2,1,30
2815,fb3,1,1,30
2815,fb4,1,1,30
2815,fb5,1,1,30
2815,fb6,1,1,30
2815,fb7,1,1,30
2815,fb8,1,1,30
2815,fb9,3,1,30
2815,fb10,1,1,30
2815,fb11,1,1,30
2815,fb12,1,1,30
2815,fb13,2,1,30
2815,fb14,2,1,30
2815,fb15,1,1,30
2815,fb16,1,1,30
2815,fb17,3,1,30
2815,fb18,1,1,30
2815,fb19,1,1,30
2815,fb20,1,1,30
2815,fb21,1,1,30
2815,fb22,2,1,30
2815,fb23,1,1,30
2815,fb24,2,1,30
2815,fb25,1,1,30
2815,fb26,2,1,30
2815,fb27,1,1,30
2815,fb28,1,1,30
2815,fb29,2,1,30
2820,fb0,1,1,30
2820,fb1,2,1,30
2820,fb2,2,1,30
2820,fb3,1,1,30
2820,fb4,1,1,30
2820,fb5,1,1,30
2820,fb6,1,1,30
2820,fb7,1,1,30
2820,fb8,1,1,30
2820,fb9,3,1,30
2820,fb10,1,1,30
2820,fb11,1,1,30
2820,fb12,1,1,30
2820,fb13,2,1,30
2820,fb14,2,1,30
2820,fb15,1,1,30
2820,fb16,1,1,30
2820,fb17,3,1,30
2820,fb18,1,1,30
2820,fb19,1,1,30
2820,fb20,1,1,30
2820,fb21,1,1,30
2820,fb22,2,1,30
2820,fb23,1,1,30
2820,fb24,2,1,30
2820,fb25,1,1,30
2820,fb26,2,1,30
2820,fb27,1,1,30
2820,fb28,1,1,30
2820,fb29,2,1,30
2825,fb0,1,1,30
2825,fb1,2,1,30
2825,fb2,2,1,30
2825,fb3,1,1,30
2825,fb4,1,1,30
2825,fb5,1,1,30
2825,fb6,1,1,30
2825,fb7,1,1,30
2825,fb8,1,1,30
2825,fb9,3,1,30
2825,fb10,1,1,30
2825,fb11,1,1,30
2825,fb12,1,1,30
2825,fb13,2,1,30
2825,fb14,2,1,30
2825,fb15,1,1,30
2825,fb16,1,1,30
2825,fb17,3,1,30
2825,fb18,1,1,30
2825,fb19,1,1,30
2825,fb20,1,1,30
2825,fb21,1,1,30
2825,fb22,2,1,30
2825,fb23,1,1,30
2825,fb24,2,1,30
2825,fb25,1,1,30
2825,fb26,2,1,30
2825,fb27,1,1,30
2825,fb28,1,1,30
2825,fb29,2,1,30
2830,fb0,1,1,30
2830,fb1,2,1,30
2830,fb2,2,1,30
2830,fb3,1,1,30
2830,fb4,1,1,30
2830,fb5,1,1,30
2830,fb6,1,1,30
2830,fb7,1,1,30
2830,fb8,1,1,30
2830,fb9,3,1,30
2830,fb10,1,1,30
2830,fb11,1,1,30
2830,fb12,1,1,30
2830,fb13,2,1,30
2830,fb14,2,1,30
2830,fb15,1,1,30
2830,fb16,1,1,30
2830,fb17,3,1,30
2830,fb18,1,1,30
2830,fb19,1,1,30
2830,fb20,1,1,30
2830,fb21,1,1,30
2830,fb22,2,1,30
2830,fb23,1,1,30
2830,fb24,2,1,30
2830,fb25,1,1,30
2830,fb26,2,1,30
2830,fb27,1,1,30
2830,fb28,1,1,30
2830,fb29,2,1,30
2835,fb0,1,1,30
2835,fb1,2,1,30
2835,fb2,2,1,30
2835,fb3,1,1,30
2835,fb4,1,1,30
2835,fb5,1,1,30
2835,fb6,1,1,30
2835,fb7,1,1,30
2835,fb8,1,1,30
2835,fb9,3,1,30
2835,fb10,1,1,30
2835,fb11,1,1,30
2835,fb12,1,1,30
2835,fb13,2,1,30
2835,fb14,2,1,30
2835,fb15,1,1,30
2835,fb16,1,1,30
2835,fb17,3,1,30
2835,fb18,1,1,30
2835,fb19,1,1,30
2835,fb20,1,1,30
2835,fb21,1,1,30
2835,fb22,2,1,30
2835,fb23,1,1,30
2835,fb24,2,1,30
2835,fb25,1,1,30
2835,fb26,2,1,30
2835,fb27,1,1,30
2835,fb28,1,1,30
2835,fb29,2,1,30
2840,fb0,1,1,30
2840,fb1,2,1,30
2840,fb2,2,1,30
2840,fb3,1,1,30
2840,fb4,1,1,30
2840,fb5,1,1,30
2840,fb6,1,1,30
2840,fb7,1,1,30
2840,fb8,1,1,30
2840,fb9,3,1,30
2840,fb10,1,1,30
2840,fb11,1,1,30
2840,fb12,1,1,30
2840,fb13,2,1,30
2840,fb14,2,1,30
2840,fb15,1,1,30
2840,fb16,1,1,30
2840,fb17,3,1,30
2840,fb18,1,1,30
2840,fb19,1,1,30
2840,fb20,1,1,30
2840,fb21,1,1,30
2840,fb22,2,1,30
2840,fb23,1,1,30
2840,fb24,2,1,30
2840,fb25,1,1,30
2840,fb26,2,1,30
2840,fb27,1,1,30
2840,fb28,1,1,30
2840,fb29,2,1,30
2845,fb0,1,1,30
2845,fb1,2,1,30
2845,fb2,2,1,30
2845,fb3,1,1,30
2845,fb4,1,1,30
2845,fb5,1,1,30
2845,fb6,1,1,30
2845,fb7,1,1,30
2845,fb8,1,1,30
2845,fb9,3,1,30
2845,fb10,1,1,30
2845,fb11,1,0,30
2845,fb12,1,1,30
2845,fb13,2,1,30
2845,fb14,2,1,30
2845,fb15,1,1,30
2845,fb16,1,1,30
2845,fb17,3,1,30
2845,fb18,1,1,30
2845,fb19,1,1,30
2845,fb20,1,1,30
2845,fb21,1,1,30
2845,fb22,2,1,30
2845,fb23,1,1,30
2845,fb24,2,1,30
2845,fb25,1,1,30
2845,fb26,2,1,30
2845,fb27,1,1,30
2845,fb28,1,1,30
2845,fb29,2,1,30
2850,fb0,1,1,30
2850,fb1,2,1,30
2850,fb2,2,1,30
2850,fb3,1,1,30
2850,fb4,1,1,30
2850,fb5,1,1,30
2850,fb6,1,1,30
2850,fb7,1,1,30
2850,fb8,1,1,30
2850,fb9,3,1,30
2850,fb10,1,1,30
2850,fb11,1,1,30
2850,fb12,1,1,30
2850,fb13,2,1,30
2850,fb14,2,1,30
2850,fb15,1,1,30
2850,fb16,1,1,30
2850,fb17,3,1,30
2850,fb18,1,1,30
2850,fb19,1,1,30
2850,fb20,1,1,30
2850,fb21,1,1,30
2850,fb22,2,1,30
2850,fb23,1,1,30
2850,fb24,2,1,30
2850,fb25,1,1,30
2850,fb26,2,1,30
2850,fb27,1,1,30
2850,fb28,1,1,30
2850,fb29,2,1,30
2855,fb0,1,1,30
2855,fb1,2,1,30
2855,fb2,2,1,30
2855,fb3,1,1,30
2855,fb4,1,1,30
2855,fb5,1,1,30
2855,fb6,1,1,30
2855,fb7,1,1,30
2855,fb8,1,1,30
2855,fb9,3,1,30
2855,fb10,1,1,30
2855,fb11,1,1,30
2855,fb12,1,1,30
2855,fb13,2,1,30
2855,fb14,2,1,30
2855,fb15,1,1,30
2855,fb16,1,1,30
2855,fb17,3,1,30
2855,fb18,1,1,30
2855,fb19,1,1,30
2855,fb20,1,1,30
2855,fb21,1,1,30
2855,fb22,2,1,30
2855,fb23,1,1,30
2855,fb24,2,1,30
2855,fb25,1,1,30
2855,fb26,2,1,30
2855,fb27,1,1,30
2855,fb28,1,1,30
2855,fb29,2,1,30
2860,fb0,1,1,30
2860,fb1,2,1,30
2860,fb2,2,1,30
2860,fb3,1,1,30
2860,fb4,1,1,30
2860,fb5,1,1,30
2860,fb6,1,1,30
2860,fb7,1,1,30
2860,fb8,1,1,30
2860,fb9,3,1,30
2860,fb10,1,1,30
2860,fb11,1,1,30
2860,fb12,1,1,30
2860,fb13,2,1,30
2860,fb14,2,1,30
2860,fb15,1,1,30
2860,fb16,1,1,30
2860,fb17,3,1,30
2860,fb18,1,1,30
2860,fb19,1,1,30
2860,fb20,1,1,30
2860,fb21,1,1,30
2860,fb22,2,1,30
2860,fb23,1,1,30
2860,fb24,2,1,30
2860,fb25,1,1,30
2860,fb26,2,1,30
2860,fb27,1,1,30
2860,fb28,1,1,30
2860,fb29,2,1,30
2865,fb0,1,1,30
2865,fb1,2,1,30
2865,fb2,2,1,30
2865,fb3,1,1,30
2865,fb4,1,1,30
2865,fb5,1,1,30
2865,fb6,1,1,30
2865,fb7,1,1,30
2865,fb8,1,1,30
2865,fb9,3,0,30
2865,fb10,1,1,30
2865,fb11,1,1,30
2865,fb12,1,1,30
2865,fb13,2,1,30
2865,fb14,2,1,30
2865,fb15,1,1,30
2865,fb16,1,1,30
2865,fb17,3,1,30
2865,fb18,1,1,30
2865,fb19,1,1,30
2865,fb20,1,1,30
2865,fb21,1,1,30
2865,fb22,2,1,30
2865,fb23,1,1,30
2865,fb24,2,1,30
2865,fb25,1,1,30
2865,fb26,2,0,30
2865,fb27,1,1,30
2865,fb28,1,1,30
2865,fb29,2,1,30
2870,fb0,1,1,30
2870,fb1,2,1,30
2870,fb2,2,1,30
2870,fb3,1,1,30
2870,fb4,1,1,30
2870,fb5,1,1,30
2870,fb6,1,1,30
2870,fb7,1,1,30
2870,fb8,1,1,30
2870,fb9,3,1,30
2870,fb10,1,1,30
2870,fb11,1,1,30
2870,fb12,1,1,30
2870,fb13,2,0,30
2870,fb14,2,1,30
2870,fb15,1,1,30
2870,fb16,1,1,30
2870,fb17,3,1,30
2870,fb18,1,1,30
2870,fb19,1,1,30
2870,fb20,1,0,30
2870,fb21,1,1,30
2870,fb22,2,1,30
2870,fb23,1,1,30
2870,fb24,2,1,30
2870,fb25,1,1,30
2870,fb26,2,1,30
2870,fb27,1,1,30
2870,fb28,1,1,30
2870,fb29,2,1,30
2875,fb0,1,1,30
2875,fb1,2,1,30
2875,fb2,2,1,30
2875,fb3,1,1,30
2875,fb4,1,1,30
2875,fb5,1,0,30
2875,fb6,1,1,30
2875,fb7,1,1,30
2875,fb8,1,1,30
2875,fb9,3,1,30
2875,fb10,1,1,30
2875,fb11,1,1,30
2875,fb12,1,1,30
2875,fb13,2,1,30
2875,fb14,2,1,30
2875,fb15,1,1,30
2875,fb16,1,1,30
2875,fb17,3,1,30
2875,fb18,1,1,30
2875,fb19,1,1,30
2875,fb20,1,1,30
2875,fb21,1,1,30
2875,fb22,2,1,30
2875,fb23,1,1,30
2875,fb24,2,1,30
2875,fb25,1,1,30
2875,fb26,2,1,30
2875,fb27,1,1,30
2875,fb28,1,1,30
2875,fb29,2,1,30
2880,fb0,1,1,30
2880,fb1,2,1,30
2880,fb2,2,1,30
2880,fb3,1,1,30
2880,fb4,1,1,30
2880,fb5,1,1,30
2880,fb6,1,1,30
2880,fb7,1,1,30
2880,fb8,1,1,30
2880,fb9,3,1,30
2880,fb10,1,1,30
2880,fb11,1,1,30
2880,fb12,1,1,30
2880,fb13,2,1,30
2880,fb14,2,1,30
2880,fb15,1,1,30
2880,fb16,1,1,30
2880,fb17,3,1,30
2880,fb18,1,1,30
2880,fb19,1,1,30
2880,fb20,1,1,30
2880,fb21,1,1,30
2880,fb22,2,1,30
2880,fb23,1,1,30
2880,fb24,2,1,30
2880,fb25,1,1,30
2880,fb26,2,1,30
2880,fb27,1,1,30
2880,fb28,1,1,30
2880,fb29,2,1,30
2885,fb0,1,1,30
2885,fb1,2,1,30
2885,fb2,2,1,30
2885,fb3,1,1,30
2885,fb4,1,0,30
2885,fb5,1,1,30
2885,fb6,1,1,30
2885,fb7,1,1,30
2885,fb8,1,1,30
2885,fb9,3,1,30
2885,fb10,1,1,30
2885,fb11,1,1,30
2885,fb12,1,1,30
2885,fb13,2,1,30
2885,fb14,2,1,30
2885,fb15,1,1,30
2885,fb16,1,1,30
2885,fb17,3,1,30
2885,fb18,1,1,30
2885,fb19,1,1,30
2885,fb20,1,1,30
2885,fb21,1,1,30
2885,fb22,2,1,30
2885,fb23,1,1,30
2885,fb24,2,0,30
2885,fb25,1,1,30
2885,fb26,2,1,30
2885,fb27,1,1,30
2885,fb28,1,1,30
2885,fb29,2,1,30
2890,fb0,1,1,30
2890,fb1,2,1,30
2890,fb2,2,1,30
2890,fb3,1,1,30
2890,fb4,1,1,30
2890,fb5,1,1,30
2890,fb6,1,1,30
2890,fb7,1,1,30
2890,fb8,1,1,30
2890,fb9,3,1,30
2890,fb10,1,1,30
2890,fb11,1,1,30
2890,fb12,1,1,30
2890,fb13,2,1,30
2890,fb14,2,1,30
2890,fb15,1,1,30
2890,fb16,1,1,30
2890,fb17,3,1,30
2890,fb18,1,1,30
2890,fb19,1,1,30
2890,fb20,1,1,30
2890,fb21,1,1,30
2890,fb22,2,1,30
2890,fb23,1,1,30
2890,fb24,2,1,30
2890,fb25,1,1,30
2890,fb26,2,1,30
2890,fb27,1,0,30
2890,fb28,1,1,30
2890,fb29,2,1,30
2895,fb0,1,1,30
2895,fb1,2,1,30
2895,fb2,2,1,30
2895,fb3,1,1,30
2895,fb4,1,1,30
2895,fb5,1,1,30
2895,fb6,1,1,30
2895,fb7,1,1,30
2895,fb8,1,1,30
2895,fb9,3,1,30
2895,fb10,1,1,30
2895,fb11,1,1,30
2895,fb12,1,1,30
2895,fb13,2,1,30
2895,fb14,2,1,30
2895,fb15,1,1,30
2895,fb16,1,1,30
2895,fb17,3,1,30
2895,fb18,1,1,30
2895,fb19,1,1,30
2895,fb20,1,1,30
2895,fb21,1,1,30
2895,fb22,2,1,30
2895,fb23,1,1,30
2895,fb24,2,1,30
2895,fb25,1,1,30
2895,fb26,2,1,30
2895,fb27,1,1,30
2895,fb28,1,1,30
2895,fb29,2,1,30
2900,fb0,1,1,30
2900,fb1,2,1,30
2900,fb2,2,1,30
2900,fb3,1,1,30
2900,fb4,1,1,30
2900,fb5,1,1,30
2900,fb6,1,1,30
2900,fb7,1,1,30
2900,fb8,1,1,30
2900,fb9,3,1,30
2900,fb10,1,1,30
2900,fb11,1,1,30
2900,fb12,1,1,30
2900,fb13,2,1,30
2900,fb14,2,1,30
2900,fb15,1,1,30
2900,fb16,1,1,30
2900,fb17,3,1,30
2900,fb18,1,1,30
2900,fb19,1,1,30
2900,fb20,1,1,30
2900,fb21,1,1,30
2900,fb22,2,1,30
2900,fb23,1,1,30
2900,fb24,2,1,30
2900,fb25,1,1,30
2900,fb26,2,1,30
2900,fb27,1,1,30
2900,fb28,1,1,30
2900,fb29,2,1,30
2905,fb0,1,1,30
2905,fb1,2,1,30
2905,fb2,2,1,30
2905,fb3,1,1,30
2905,fb4,1,1,30
2905,fb5,1,1,30
2905,fb6,1,1,30
2905,fb7,1,1,30
2905,fb8,1,1,30
2905,fb9,3,1,30
2905,fb10,1,1,30
2905,fb11,1,1,30
2905,fb12,1,1,30
2905,fb13,2,1,30
2905,fb14,2,1,30
2905,fb15,1,1,30
2905,fb16,1,1,30
2905,fb17,3,1,30
2905,fb18,1,1,30
2905,fb19,1,1,30
2905,fb20,1,1,30
2905,fb21,1,1,30
2905,fb22,2,1,30
2905,fb23,1,1,30
2905,fb24,2,1,30
2905,fb25,1,1,30
2905,fb26,2,1,30
2905,fb27,1,1,30
2905,fb28,1,1,30
2905,fb29,2,1,30
2910,fb0,1,1,30
2910,fb1,2,1,30
2910,fb2,2,1,30
2910,fb3,1,1,30
2910,fb4,1,1,30
2910,fb5,1,1,30
2910,fb6,1,1,30
2910,fb7,1,1,30
2910,fb8,1,1,30
2910,fb9,3,1,30
2910,fb10,1,1,30
2910,fb11,1,1,30
2910,fb12,1,1,30
2910,fb13,2,1,30
2910,fb14,2,1,30
2910,fb15,1,0,30
2910,fb16,1,1,30
2910,fb17,3,1,30
2910,fb18,1,1,30
2910,fb19,1,0,30
2910,fb20,1,1,30
2910,fb21,1,1,30
2910,fb22,2,1,30
2910,fb23,1,1,30
2910,fb24,2,1,30
2910,fb25,1,1,30
2910,fb26,2,1,30
2910,fb27,1,1,30
2910,fb28,1,1,30
2910,fb29,2,1,30
2915,fb0,1,1,30
2915,fb1,2,1,30
2915,fb2,2,1,30
2915,fb3,1,1,30
2915,fb4,1,1,30
2915,fb5,1,1,30
2915,fb6,1,0,30
2915,fb7,1,0,30
2915,fb8,1,1,30
2915,fb9,3,1,30
2915,fb10,1,1,30
2915,fb11,1,1,30
2915,fb12,1,1,30
2915,fb13,2,1,30
2915,fb14,2,1,30
2915,fb15,1,1,30
2915,fb16,1,1,30
2915,fb17,3,1,30
2915,fb18,1,1,30
2915,fb19,1,1,30
2915,fb20,1,1,30
2915,fb21,1,1,30
2915,fb22,2,1,30
2915,fb23,1,1,30
2915,fb24,2,1,30
2915,fb25,1,1,30
2915,fb26,2,1,30
2915,fb27,1,1,30
2915,fb28,1,1,30
2915,fb29,2,1,30
2920,fb0,1,1,30
2920,fb1,2,1,30
2920,fb2,2,1,30
2920,fb3,1,0,30
2920,fb4,1,1,30
2920,fb5,1,1,30
2920,fb6,1,1,30
2920,fb7,1,1,30
2920,fb8,1,1,30
2920,fb9,3,1,30
2920,fb10,1,1,30
2920,fb11,1,1,30
2920,fb12,1,1,30
2920,fb13,2,1,30
2920,fb14,2,1,30
2920,fb15,1,1,30
2920,fb16,1,0,30
2920,fb17,3,1,30
2920,fb18,1,1,30
2920,fb19,1,1,30
2920,fb20,1,1,30
2920,fb21,1,0,30
2920,fb22,2,0,30
2920,fb23,1,1,30
2920,fb24,2,1,30
2920,fb25,1,1,30
2920,fb26,2,1,30
2920,fb27,1,1,30
2920,fb28,1,1,30
2920,fb29,2,1,30
2925,fb0,1,1,30
2925,fb1,2,1,30
2925,fb2,2,1,30
2925,fb3,1,1,30
2925,fb4,1,1,30
2925,fb5,1,1,30
2925,fb6,1,1,30
2925,fb7,1,1,30
2925,fb8,1,1,30
2925,fb9,3,1,30
2925,fb10,1,1,30
2925,fb11,1,1,30
2925,fb12,1,1,30
2925,fb13,2,1,30
2925,fb14,2,1,30
2925,fb15,1,1,30
2925,fb16,1,1,30
2925,fb17,3,1,30
2925,fb18,1,1,30
2925,fb19,1,1,30
2925,fb20,1,1,30
2925,fb21,1,1,30
2925,fb22,2,1,30
2925,fb23,1,1,30
2925,fb24,2,1,30
2925,fb25,1,1,30
2925,fb26,2,1,30
2925,fb27,1,1,30
2925,fb28,1,1,30
2925,fb29,2,1,30
2930,fb0,1,0,30
2930,fb1,2,1,30
2930,fb2,2,1,30
2930,fb3,1,1,30
2930,fb4,1,1,30
2930,fb5,1,1,30
2930,fb6,1,1,30
2930,fb7,1,1,30
2930,fb8,1,1,30
2930,fb9,3,1,30
2930,fb10,1,1,30
2930,fb11,1,1,30
2930,fb12,1,1,30
2930,fb13,2,1,30
2930,fb14,2,1,30
2930,fb15,1,1,30
2930,fb16,1,1,30
2930,fb17,3,1,30
2930,fb18,1,1,30
2930,fb19,1,1,30
2930,fb20,1,1,30
2930,fb21,1,1,30
2930,fb22,2,1,30
2930,fb23,1,0,30
2930,fb24,2,1,30
2930,fb25,1,1,30
2930,fb26,2,1,30
2930,fb27,1,1,30
2930,fb28,1,1,30
2930,fb29,2,1,30
2935,fb0,1,1,30
2935,fb1,2,1,30
2935,fb2,2,1,30
2935,fb3,1,1,30
2935,fb4,1,1,30
2935,fb5,1,1,30
2935,fb6,1,1,30
2935,fb7,1,1,30
2935,fb8,1,1,30
2935,fb9,3,1,30
2935,fb10,1,1,30
2935,fb11,1,1,30
2935,fb12,1,1,30
2935,fb13,2,1,30
2935,fb14,2,1,30
2935,fb15,1,1,30
2935,fb16,1,1,30
2935,fb17,3,1,30
2935,fb18,1,1,30
2935,fb19,1,1,30
2935,fb20,1,1,30
2935,fb21,1,1,30
2935,fb22,2,1,30
2935,fb23,1,1,30
2935,fb24,2,1,30
2935,fb25,1,1,30
2935,fb26,2,1,30
2935,fb27,1,1,30
2935,fb28,1,1,30
2935,fb29,2,1,30
2940,fb0,1,1,30
2940,fb1,2,1,30
2940,fb2,2,1,30
2940,fb3,1,1,30
2940,fb4,1,1,30
2940,fb5,1,1,30
2940,fb6,1,1,30
2940,fb7,1,1,30
2940,fb8,1,1,30
2940,fb9,3,1,30
2940,fb10,1,0,30
2940,fb11,1,1,30
2940,fb12,1,1,30
2940,fb13,2,1,30
2940,fb14,2,1,30
2940,fb15,1,1,30
2940,fb16,1,1,30
2940,fb17,3,1,30
2940,fb18,1,1,30
2940,fb19,1,1,30
2940,fb20,1,1,30
2940,fb21,1,1,30
2940,fb22,2,1,30
2940,fb23,1,1,30
2940,fb24,2,1,30
2940,fb25,1,1,30
2940,fb26,2,1,30
2940,fb27,1,1,30
2940,fb28,1,1,30
2940,fb29,2,1,30
2945,fb0,1,1,30
2945,fb1,2,0,30
2945,fb2,2,0,30
2945,fb3,1,1,30
2945,fb4,1,1,30
2945,fb5,1,1,30
2945,fb6,1,1,30
2945,fb7,1,1,30
2945,fb8,1,1,30
2945,fb9,3,1,30
2945,fb10,1,1,30
2945,fb11,1,1,30
2945,fb12,1,0,30
2945,fb13,2,1,30
2945,fb14,2,0,30
2945,fb15,1,1,30
2945,fb16,1,1,30
2945,fb17,3,0,30
2945,fb18,1,1,30
2945,fb19,1,1,30
2945,fb20,1,1,30
2945,fb21,1,1,30
2945,fb22,2,1,30
2945,fb23,1,1,30
2945,fb24,2,1,30
2945,fb25,1,1,30
2945,fb26,2,1,30
2945,fb27,1,1,30
2945,fb28,1,1,30
2945,fb29,2,0,30
2950,fb0,1,1,30
2950,fb1,2,1,30
2950,fb2,2,1,30
2950,fb3,1,1,30
2950,fb4,1,1,30
2950,fb5,1,1,30
2950,fb6,1,1,30
2950,fb7,1,1,30
2950,fb8,1,1,30
2950,fb9,3,1,30
2950,fb10,1,1,30
2950,fb11,1,1,30
2950,fb12,1,1,30
2950,fb13,2,1,30
2950,fb14,2,1,30
2950,fb15,1,1,30
2950,fb16,1,1,30
2950,fb17,3,1,30
2950,fb18,1,1,30
2950,fb19,1,1,30
2950,fb20,1,1,30
2950,fb21,1,1,30
2950,fb22,2,1,30
2950,fb23,1,1,30
2950,fb24,2,1,30
2950,fb25,1,1,30
2950,fb26,2,1,30
2950,fb27,1,1,30
2950,fb28,1,0,30
2950,fb29,2,1,30
2955,fb0,1,1,30
2955,fb1,2,1,30
2955,fb2,2,1,30
2955,fb3,1,1,30
2955,fb4,1,1,30
2955,fb5,1,1,30
2955,fb6,1,1,30
2955,fb7,1,1,30
2955,fb8,1,1,30
2955,fb9,3,1,30
2955,fb10,1,1,30
2955,fb11,1,1,30
2955,fb12,1,1,30
2955,fb13,2,1,30
2955,fb14,2,1,30
2955,fb15,1,1,30
2955,fb16,1,1,30
2955,fb17,3,1,30
2955,fb18,1,0,30
2955,fb19,1,1,30
2955,fb20,1,1,30
2955,fb21,1,1,30
2955,fb22,2,1,30
2955,fb23,1,1,30
2955,fb24,2,1,30
2955,fb25,1,0,30
2955,fb26,2,1,30
2955,fb27,1,1,30
2955,fb28,1,1,30
2955,fb29,2,1,30
2960,fb0,1,1,30
2960,fb1,2,1,30
2960,fb2,2,1,30
2960,fb3,1,1,30
2960,fb4,1,1,30
2960,fb5,1,1,30
2960,fb6,1,1,30
2960,fb7,1,1,30
2960,fb8,1,0,30
2960,fb9,3,1,30
2960,fb10,1,1,30
2960,fb11,1,1,30
2960,fb12,1,1,30
2960,fb13,2,1,30
2960,fb14,2,1,30
2960,fb15,1,1,30
2960,fb16,1,1,30
2960,fb17,3,1,30
2960,fb18,1,1,30
2960,fb19,1,1,30
2960,fb20,1,1,30
2960,fb21,1,1,30
2960,fb22,2,1,30
2960,fb23,1,1,30
2960,fb24,2,1,30
2960,fb25,1,1,30
2960,fb26,2,1,30
2960,fb27,1,1,30
2960,fb28,1,1,30
2960,fb29,2,1,30
2965,fb0,1,1,30
2965,fb1,2,1,30
2965,fb2,2,1,30
2965,fb3,1,1,30
2965,fb4,1,1,30
2965,fb5,1,1,30
2965,fb6,1,1,30
2965,fb7,1,1,30
2965,fb8,1,1,30
2965,fb9,3,1,30
2965,fb10,1,1,30
2965,fb11,1,1,30
2965,fb12,1,1,30
2965,fb13,2,1,30
2965,fb14,2,1,30
2965,fb15,1,1,30
2965,fb16,1,1,30
2965,fb17,3,1,30
2965,fb18,1,1,30
2965,fb19,1,1,30
2965,fb20,1,1,30
2965,fb21,1,1,30
2965,fb22,2,1,30
2965,fb23,1,1,30
2965,fb24,2,1,30
2965,fb25,1,1,30
2965,fb26,2,1,30
2965,fb27,1,1,30
2965,fb28,1,1,30
2965,fb29,2,1,30
2970,fb0,1,1,30
2970,fb1,2,1,30
2970,fb2,2,1,30
2970,fb3,1,1,30
2970,fb4,1,1,30
2970,fb5,1,1,30
2970,fb6,1,1,30
2970,fb7,1,1,30
2970,fb8,1,1,30
2970,fb9,3,1,30
2970,fb10,1,1,30
2970,fb11,1,1,30
2970,fb12,1,1,30
2970,fb13,2,1,30
2970,fb14,2,1,30
2970,fb15,1,1,30
2970,fb16,1,1,30
2970,fb17,3,1,30
2970,fb18,1,1,30
2970,fb19,1,1,30
2970,fb20,1,1,30
2970,fb21,1,1,30
2970,fb22,2,1,30
2970,fb23,1,1,30
2970,fb24,2,1,30
2970,fb25,1,1,30
2970,fb26,2,1,30
2970,fb27,1,1,30
2970,fb28,1,1,30
2970,fb29,2,1,30
2975,fb0,1,1,30
2975,fb1,2,1,30
2975,fb2,2,1,30
2975,fb3,1,1,30
2975,fb4,1,1,30
2975,fb5,1,1,30
2975,fb6,1,1,30
2975,fb7,1,1,30
2975,fb8,1,1,30
2975,fb9,3,1,30
2975,fb10,1,1,30
2975,fb11,1,1,30
2975,fb12,1,1,30
2975,fb13,2,1,30
2975,fb14,2,1,30
2975,fb15,1,1,30
2975,fb16,1,1,30
2975,fb17,3,1,30
2975,fb18,1,1,30
2975,fb19,1,1,30
2975,fb20,1,1,30
2975,fb21,1,1,30
2975,fb22,2,1,30
2975,fb23,1,1,30
2975,fb24,2,1,30
2975,fb25,1,1,30
2975,fb26,2,1,30
2975,fb27,1,1,30
2975,fb28,1,1,30
2975,fb29,2,1,30
2980,fb0,1,1,30
2980,fb1,2,1,30
2980,fb2,2,1,30
2980,fb3,1,1,30
2980,fb4,1,1,30
2980,fb5,1,1,30
2980,fb6,1,1,30
2980,fb7,1,1,30
2980,fb8,1,1,30
2980,fb9,3,1,30
2980,fb10,1,1,30
2980,fb11,1,1,30
2980,fb12,1,1,30
2980,fb13,2,1,30
2980,fb14,2,1,30
2980,fb15,1,1,30
2980,fb16,1,1,30
2980,fb17,3,1,30
2980,fb18,1,1,30
2980,fb19,1,1,30
2980,fb20,1,1,30
2980,fb21,1,1,30
2980,fb22,2,1,30
2980,fb23,1,1,30
2980,fb24,2,1,30
2980,fb25,1,1,30
2980,fb26,2,1,30
2980,fb27,1,1,30
2980,fb28,1,1,30
2980,fb29,2,1,30
2985,fb0,1,1,30
2985,fb1,2,1,30
2985,fb2,2,1,30
2985,fb3,1,1,30
2985,fb4,1,1,30
2985,fb5,1,1,30
2985,fb6,1,1,30
2985,fb7,1,1,30
2985,fb8,1,1,30
2985,fb9,3,1,30
2985,fb10,1,1,30
2985,fb11,1,1,30
2985,fb12,1,1,30
2985,fb13,2,1,30
2985,fb14,2,1,30
2985,fb15,1,1,30
2985,fb16,1,1,30
2985,fb17,3,1,30
2985,fb18,1,1,30
2985,fb19,1,1,30
2985,fb20,1,1,30
2985,fb21,1,1,30
2985,fb22,2,1,30
2985,fb23,1,1,30
2985,fb24,2,1,30
2985,fb25,1,1,30
2985,fb26,2,1,30
2985,fb27,1,1,30
2985,fb28,1,1,30
2985,fb29,2,1,30
2990,fb0,1,1,30
2990,fb1,2,1,30
2990,fb2,2,1,30
2990,fb3,1,1,30
2990,fb4,1,1,30
2990,fb5,1,1,30
2990,fb6,1,1,30
2990,fb7,1,1,30
2990,fb8,1,1,30
2990,fb9,3,1,30
2990,fb10,1,1,30
2990,fb11,1,1,30
2990,fb12,1,1,30
2990,fb13,2,1,30
2990,fb14,2,1,30
2990,fb15,1,1,30
2990,fb16,1,1,30
2990,fb17,3,1,30
2990,fb18,1,1,30
2990,fb19,1,1,30
2990,fb20,1,1,30
2990,fb21,1,1,30
2990,fb22,2,1,30
2990,fb23,1,1,30
2990,fb24,2,1,30
2990,fb25,1,1,30
2990,fb26,2,1,30
2990,fb27,1,1,30
2990,fb28,1,1,30
2990,fb29,2,1,30
2995,fb0,1,1,30
2995,fb1,2,1,30
2995,fb2,2,1,30
2995,fb3,1,1,30
2995,fb4,1,1,30
2995,fb5,1,1,30
2995,fb6,1,1,30
2995,fb7,1,1,30
2995,fb8,1,1,30
2995,fb9,3,1,30
2995,fb10,1,1,30
2995,fb11,1,1,30
2995,fb12,1,1,30
2995,fb13,2,1,30
2995,fb14,2,1,30
2995,fb15,1,1,30
2995,fb16,1,1,30
2995,fb17,3,1,30
2995,fb18,1,1,30
2995,fb19,1,1,30
2995,fb20,1,1,30
2995,fb21,1,1,30
2995,fb22,2,1,30
2995,fb23,1,1,30
2995,fb24,2,1,30
2995,fb25,1,1,30
2995,fb26,2,1,30
2995,fb27,1,1,30
2995,fb28,1,1,30
2995,fb29,2,1,30
3000,fb0,1,1,30
3000,fb1,2,1,30
3000,fb2,2,1,30
3000,fb3,1,1,30
3000,fb4,1,1,30
3000,fb5,1,1,30
3000,fb6,1,1,30
3000,fb7,1,1,30
3000,fb8,1,1,30
3000,fb9,3,1,30
3000,fb10,1,1,30
3000,fb11,1,0,30
3000,fb12,1,1,30
3000,fb13,2,1,30
3000,fb14,2,1,30
3000,fb15,1,1,30
3000,fb16,1,1,30
3000,fb17,3,1,30
3000,fb18,1,1,30
3000,fb19,1,1,30
3000,fb20,1,1,30
3000,fb21,1,1,30
3000,fb22,2,1,30
3000,fb23,1,1,30
3000,fb24,2,1,30
3000,fb25,1,1,30
3000,fb26,2,1,30
3000,fb27,1,1,30
3000,fb28,1,1,30
3000,fb29,2,1,30
