anti_pct,rep,n_normal,n_anti,role,robot_id,tick,x,y,metric_c,metric_f
5,0,28,2,N,nb0,5,0.745,0.388,0,0
5,0,28,2,N,nb1,5,-0.115,0.778,0,0
5,0,28,2,N,nb2,5,1.182,-1.15,0,0
5,0,28,2,N,nb3,5,-1.304,1.548,0,0
5,0,28,2,N,nb4,5,-1.52,0.121,0,0
5,0,28,2,N,nb5,5,0.414,0.497,0,0
5,0,28,2,N,nb6,5,-0.454,-1.782,0,0
5,0,28,2,N,nb7,5,-1.712,-1.298,1,1
5,0,28,2,N,nb8,5,0.865,1.737,0,0
5,0,28,2,N,nb9,5,-0.932,1.563,0,0
5,0,28,2,N,nb10,5,0.841,-1.756,0,0
5,0,28,2,N,nb11,5,0.311,1.543,0,0
5,0,28,2,N,nb12,5,1.738,-0.735,0,0
5,0,28,2,N,nb13,5,0.478,-1.556,0,0
5,0,28,2,N,nb14,5,-1.086,0.226,0,0
5,0,28,2,N,nb15,5,1.209,-0.84,1,1
5,0,28,2,N,nb16,5,1.833,1.565,0,0
5,0,28,2,N,nb17,5,1.679,-1.451,0,0
5,0,28,2,N,nb18,5,-1.762,1.372,0,0
5,0,28,2,N,nb19,5,-0.61,-0.777,0,0
5,0,28,2,N,nb20,5,-1.349,1.014,0,0
5,0,28,2,N,nb21,5,1.147,1.136,1,1
5,0,28,2,N,nb22,5,-1.524,-1.192,1,1
5,0,28,2,N,nb23,5,1.121,1.381,1,1
5,0,28,2,N,nb24,5,1.396,-0.98,1,1
5,0,28,2,N,nb25,5,1.221,-1.585,0,0
5,0,28,2,N,nb26,5,0.915,-1.403,0,0
5,0,28,2,N,nb27,5,-1.582,-0.696,0,0
5,0,28,2,N,nb28,5,1.476,-0.21,0,0
5,0,28,2,N,nb29,5,0.146,-1.05,0,0
5,0,28,2,A,aa0,5,-0.069,1.188,0,0
5,0,28,2,A,aa1,5,-1.603,-0.156,0,0
5,0,28,2,N,nb0,10,0.722,0.465,1,1
5,0,28,2,N,nb1,10,-0.103,0.874,0,0
5,0,28,2,N,nb2,10,1.121,-1.073,1,1
5,0,28,2,N,nb3,10,-1.241,1.471,0,0
5,0,28,2,N,nb4,10,-1.457,0.052,0,0
5,0,28,2,N,nb5,10,0.493,0.483,1,1
5,0,28,2,N,nb6,10,-0.362,-1.766,0,0
5,0,28,2,N,nb7,10,-1.712,-1.298,1,1
5,0,28,2,N,nb8,10,0.832,1.823,0,0
5,0,28,2,N,nb9,10,-1.019,1.612,0,0
5,0,28,2,N,nb10,10,0.879,-1.837,0,0
5,0,28,2,N,nb11,10,0.368,1.46,0,0
5,0,28,2,N,nb12,10,1.818,-0.781,0,0
5,0,28,2,N,nb13,10,0.396,-1.499,0,0
5,0,28,2,N,nb14,10,-1.182,0.2,0,0
5,0,28,2,N,nb15,10,1.209,-0.84,2,1
5,0,28,2,N,nb16,10,1.867,1.598,0,0
5,0,28,2,N,nb17,10,1.583,-1.481,0,0
5,0,28,2,N,nb18,10,-1.848,1.391,0,0
5,0,28,2,N,nb19,10,-0.527,-0.72,0,0
5,0,28,2,N,nb20,10,-1.427,1.077,0,0
5,0,28,2,N,nb21,10,1.147,1.136,1,1
5,0,28,2,N,nb22,10,-1.524,-1.192,1,1
5,0,28,2,N,nb23,10,1.121,1.381,1,1
5,0,28,2,N,nb24,10,1.396,-0.98,1,1
5,0,28,2,N,nb25,10,1.279,-1.503,0,0
5,0,28,2,N,nb26,10,0.857,-1.322,0,0
5,0,28,2,N,nb27,10,-1.544,-0.788,0,0
5,0,28,2,N,nb28,10,1.44,-0.303,0,0
5,0,28,2,N,nb29,10,0.047,-1.061,0,0
5,0,28,2,A,aa0,10,-0.07,1.091,0,0
5,0,28,2,A,aa1,10,-1.651,-0.077,0,0
5,0,28,2,N,nb0,15,0.722,0.465,1,1
5,0,28,2,N,nb1,15,-0.084,0.9,0,0
5,0,28,2,N,nb2,15,1.12,-1.071,1,1
5,0,28,2,N,nb3,15,-1.185,1.396,0,0
5,0,28,2,N,nb4,15,-1.413,0.012,1,1
5,0,28,2,N,nb5,15,0.493,0.483,1,1
5,0,28,2,N,nb6,15,-0.265,-1.742,0,0
5,0,28,2,N,nb7,15,-1.712,-1.298,1,1
5,0,28,2,N,nb8,15,0.79,1.865,0,0
5,0,28,2,N,nb9,15,-1.097,1.661,0,0
5,0,28,2,N,nb10,15,0.926,-1.865,0,0
5,0,28,2,N,nb11,15,0.425,1.378,0,0
5,0,28,2,N,nb12,15,1.865,-0.835,0,0
5,0,28,2,N,nb13,15,0.313,-1.442,0,0
5,0,28,2,N,nb14,15,-1.24,0.184,1,1
5,0,28,2,N,nb15,15,1.209,-0.84,2,1
5,0,28,2,N,nb16,15,1.867,1.642,0,0
5,0,28,2,N,nb17,15,1.542,-1.494,1,1
5,0,28,2,N,nb18,15,-1.866,1.42,0,0
5,0,28,2,N,nb19,15,-0.445,-0.663,0,0
5,0,28,2,N,nb20,15,-1.505,1.139,0,0
5,0,28,2,N,nb21,15,1.147,1.136,1,1
5,0,28,2,N,nb22,15,-1.524,-1.192,1,1
5,0,28,2,N,nb23,15,1.121,1.381,1,1
5,0,28,2,N,nb24,15,1.396,-0.98,1,1
5,0,28,2,N,nb25,15,1.304,-1.468,1,1
5,0,28,2,N,nb26,15,0.798,-1.241,0,0
5,0,28,2,N,nb27,15,-1.506,-0.881,0,0
5,0,28,2,N,nb28,15,1.404,-0.397,0,0
5,0,28,2,N,nb29,15,-0.053,-1.072,0,0
5,0,28,2,A,aa0,15,-0.072,1.068,0,0
5,0,28,2,A,aa1,15,-1.709,-0.001,2,0
5,0,28,2,N,nb0,20,0.722,0.465,1,1
5,0,28,2,N,nb1,20,-0.068,0.906,0,0
5,0,28,2,N,nb2,20,1.12,-1.071,1,1
5,0,28,2,N,nb3,20,-1.13,1.312,0,0
5,0,28,2,N,nb4,20,-1.413,0.012,1,1
5,0,28,2,N,nb5,20,0.493,0.483,1,1
5,0,28,2,N,nb6,20,-0.168,-1.718,0,0
5,0,28,2,N,nb7,20,-1.712,-1.298,1,1
5,0,28,2,N,nb8,20,0.738,1.865,0,0
5,0,28,2,N,nb9,20,-1.177,1.72,0,0
5,0,28,2,N,nb10,20,0.984,-1.865,0,0
5,0,28,2,N,nb11,20,0.482,1.296,0,0
5,0,28,2,N,nb12,20,1.865,-0.897,0,0
5,0,28,2,N,nb13,20,0.231,-1.386,0,0
5,0,28,2,N,nb14,20,-1.24,0.184,1,1
5,0,28,2,N,nb15,20,1.209,-0.84,2,1
5,0,28,2,N,nb16,20,1.867,1.7,0,0
5,0,28,2,N,nb17,20,1.542,-1.494,1,1
5,0,28,2,N,nb18,20,-1.866,1.464,0,0
5,0,28,2,N,nb19,20,-0.363,-0.606,0,0
5,0,28,2,N,nb20,20,-1.584,1.201,0,0
5,0,28,2,N,nb21,20,1.147,1.136,1,1
5,0,28,2,N,nb22,20,-1.524,-1.192,2,1
5,0,28,2,N,nb23,20,1.121,1.381,1,1
5,0,28,2,N,nb24,20,1.396,-0.98,1,1
5,0,28,2,N,nb25,20,1.304,-1.468,1,1
5,0,28,2,N,nb26,20,0.739,-1.16,0,0
5,0,28,2,N,nb27,20,-1.476,-0.955,1,1
5,0,28,2,N,nb28,20,1.367,-0.49,0,0
5,0,28,2,N,nb29,20,-0.152,-1.082,0,0
5,0,28,2,A,aa0,20,-0.053,1.075,0,0
5,0,28,2,A,aa1,20,-1.772,0.077,2,0
5,0,28,2,N,nb0,25,0.722,0.465,1,1
5,0,28,2,N,nb1,25,-0.087,0.925,0,0
5,0,28,2,N,nb2,25,1.12,-1.071,1,1
5,0,28,2,N,nb3,25,-1.075,1.229,0,0
5,0,28,2,N,nb4,25,-1.413,0.012,1,1
5,0,28,2,N,nb5,25,0.493,0.483,1,1
5,0,28,2,N,nb6,25,-0.071,-1.695,0,0
5,0,28,2,N,nb7,25,-1.712,-1.298,1,1
5,0,28,2,N,nb8,25,0.673,1.865,0,0
5,0,28,2,N,nb9,25,-1.256,1.778,0,0
5,0,28,2,N,nb10,25,1.053,-1.865,0,0
5,0,28,2,N,nb11,25,0.538,1.213,0,0
5,0,28,2,N,nb12,25,1.865,-0.969,0,0
5,0,28,2,N,nb13,25,0.148,-1.329,0,0
5,0,28,2,N,nb14,25,-1.24,0.184,1,1
5,0,28,2,N,nb15,25,1.209,-0.84,2,1
5,0,28,2,N,nb16,25,1.867,1.769,0,0
5,0,28,2,N,nb17,25,1.542,-1.494,1,1
5,0,28,2,N,nb18,25,-1.866,1.52,0,0
5,0,28,2,N,nb19,25,-0.281,-0.55,0,0
5,0,28,2,N,nb20,25,-1.662,1.264,0,0
5,0,28,2,N,nb21,25,1.147,1.136,1,1
5,0,28,2,N,nb22,25,-1.524,-1.192,2,1
5,0,28,2,N,nb23,25,1.121,1.381,1,1
5,0,28,2,N,nb24,25,1.396,-0.98,1,1
5,0,28,2,N,nb25,25,1.304,-1.468,1,1
5,0,28,2,N,nb26,25,0.681,-1.079,0,0
5,0,28,2,N,nb27,25,-1.476,-0.955,1,1
5,0,28,2,N,nb28,25,1.331,-0.583,0,0
5,0,28,2,N,nb29,25,-0.252,-1.093,0,0
5,0,28,2,A,aa0,25,0.003,1.069,0,0
5,0,28,2,A,aa1,25,-1.823,0.15,2,0
5,0,28,2,N,nb0,30,0.722,0.465,1,1
5,0,28,2,N,nb1,30,-0.137,0.997,0,0
5,0,28,2,N,nb2,30,1.12,-1.071,1,1
5,0,28,2,N,nb3,30,-1.02,1.145,0,0
5,0,28,2,N,nb4,30,-1.413,0.012,1,1
5,0,28,2,N,nb5,30,0.493,0.483,1,1
5,0,28,2,N,nb6,30,0.026,-1.671,0,0
5,0,28,2,N,nb7,30,-1.712,-1.298,1,1
5,0,28,2,N,nb8,30,0.599,1.865,0,0
5,0,28,2,N,nb9,30,-1.333,1.824,0,0
5,0,28,2,N,nb10,30,1.13,-1.865,0,0
5,0,28,2,N,nb11,30,0.595,1.131,0,0
5,0,28,2,N,nb12,30,1.865,-1.049,0,0
5,0,28,2,N,nb13,30,0.066,-1.272,0,0
5,0,28,2,N,nb14,30,-1.24,0.184,1,1
5,0,28,2,N,nb15,30,1.209,-0.84,3,1
5,0,28,2,N,nb16,30,1.867,1.846,0,0
5,0,28,2,N,nb17,30,1.542,-1.494,1,1
5,0,28,2,N,nb18,30,-1.866,1.588,0,0
5,0,28,2,N,nb19,30,-0.199,-0.493,0,0
5,0,28,2,N,nb20,30,-1.74,1.326,0,0
5,0,28,2,N,nb21,30,1.147,1.136,1,1
5,0,28,2,N,nb22,30,-1.524,-1.192,2,1
5,0,28,2,N,nb23,30,1.121,1.381,1,1
5,0,28,2,N,nb24,30,1.396,-0.98,1,1
5,0,28,2,N,nb25,30,1.304,-1.468,1,1
5,0,28,2,N,nb26,30,0.622,-0.998,0,0
5,0,28,2,N,nb27,30,-1.476,-0.955,1,1
5,0,28,2,N,nb28,30,1.316,-0.62,1,1
5,0,28,2,N,nb29,30,-0.351,-1.104,0,0
5,0,28,2,A,aa0,30,0.082,1.021,0,0
5,0,28,2,A,aa1,30,-1.863,0.23,1,0
5,0,28,2,N,nb0,35,0.722,0.465,1,1
5,0,28,2,N,nb1,35,-0.196,1.075,0,0
5,0,28,2,N,nb2,35,1.12,-1.071,1,1
5,0,28,2,N,nb3,35,-0.965,1.062,0,0
5,0,28,2,N,nb4,35,-1.413,0.012,1,1
5,0,28,2,N,nb5,35,0.493,0.483,1,1
5,0,28,2,N,nb6,35,0.124,-1.648,0,0
5,0,28,2,N,nb7,35,-1.712,-1.298,1,1
5,0,28,2,N,nb8,35,0.518,1.865,0,0
5,0,28,2,N,nb9,35,-1.416,1.859,0,0
5,0,28,2,N,nb10,35,1.214,-1.865,0,0
5,0,28,2,N,nb11,35,0.652,1.049,0,0
5,0,28,2,N,nb12,35,1.865,-1.135,0,0
5,0,28,2,N,nb13,35,-0.016,-1.216,0,0
5,0,28,2,N,nb14,35,-1.24,0.184,1,1
5,0,28,2,N,nb15,35,1.209,-0.84,3,1
5,0,28,2,N,nb16,35,1.867,1.865,0,0
5,0,28,2,N,nb17,35,1.542,-1.494,1,1
5,0,28,2,N,nb18,35,-1.866,1.665,0,0
5,0,28,2,N,nb19,35,-0.116,-0.436,0,0
5,0,28,2,N,nb20,35,-1.811,1.385,0,0
5,0,28,2,N,nb21,35,1.147,1.136,1,1
5,0,28,2,N,nb22,35,-1.524,-1.192,2,1
5,0,28,2,N,nb23,35,1.121,1.381,1,1
5,0,28,2,N,nb24,35,1.396,-0.98,1,1
5,0,28,2,N,nb25,35,1.304,-1.468,1,1
5,0,28,2,N,nb26,35,0.564,-0.917,0,0
5,0,28,2,N,nb27,35,-1.476,-0.955,1,1
5,0,28,2,N,nb28,35,1.316,-0.62,1,1
5,0,28,2,N,nb29,35,-0.45,-1.114,0,0
5,0,28,2,A,aa0,35,0.168,0.973,1,0
5,0,28,2,A,aa1,35,-1.865,0.314,1,0
5,0,28,2,N,nb0,40,0.722,0.465,1,1
5,0,28,2,N,nb1,40,-0.257,1.154,0,0
5,0,28,2,N,nb2,40,1.12,-1.071,1,0
5,0,28,2,N,nb3,40,-0.91,0.979,0,0
5,0,28,2,N,nb4,40,-1.413,0.012,1,1
5,0,28,2,N,nb5,40,0.493,0.483,1,1
5,0,28,2,N,nb6,40,0.221,-1.624,0,0
5,0,28,2,N,nb7,40,-1.712,-1.298,1,1
5,0,28,2,N,nb8,40,0.432,1.865,0,0
5,0,28,2,N,nb9,40,-1.502,1.865,0,0
5,0,28,2,N,nb10,40,1.302,-1.865,0,0
5,0,28,2,N,nb11,40,0.709,0.967,0,0
5,0,28,2,N,nb12,40,1.865,-1.224,0,0
5,0,28,2,N,nb13,40,-0.099,-1.159,0,0
5,0,28,2,N,nb14,40,-1.24,0.184,1,1
5,0,28,2,N,nb15,40,1.209,-0.84,3,1
5,0,28,2,N,nb16,40,1.867,1.865,0,0
5,0,28,2,N,nb17,40,1.542,-1.494,1,1
5,0,28,2,N,nb18,40,-1.866,1.748,0,0
5,0,28,2,N,nb19,40,-0.034,-0.379,0,0
5,0,28,2,N,nb20,40,-1.865,1.451,0,0
5,0,28,2,N,nb21,40,1.147,1.136,1,1
5,0,28,2,N,nb22,40,-1.524,-1.192,2,1
5,0,28,2,N,nb23,40,1.121,1.381,1,1
5,0,28,2,N,nb24,40,1.396,-0.98,1,1
5,0,28,2,N,nb25,40,1.304,-1.468,1,1
5,0,28,2,N,nb26,40,0.505,-0.836,0,0
5,0,28,2,N,nb27,40,-1.476,-0.955,1,1
5,0,28,2,N,nb28,40,1.316,-0.62,1,1
5,0,28,2,N,nb29,40,-0.55,-1.125,0,0
5,0,28,2,A,aa0,40,0.256,0.924,1,0
5,0,28,2,A,aa1,40,-1.865,0.402,1,0
5,0,28,2,N,nb0,45,0.722,0.465,1,1
5,0,28,2,N,nb1,45,-0.318,1.234,0,0
5,0,28,2,N,nb2,45,1.12,-1.071,1,1
5,0,28,2,N,nb3,45,-0.855,0.895,0,0
5,0,28,2,N,nb4,45,-1.413,0.012,1,1
5,0,28,2,N,nb5,45,0.493,0.483,1,1
5,0,28,2,N,nb6,45,0.318,-1.6,0,0
5,0,28,2,N,nb7,45,-1.712,-1.298,1,1
5,0,28,2,N,nb8,45,0.341,1.865,0,0
5,0,28,2,N,nb9,45,-1.592,1.865,0,0
5,0,28,2,N,nb10,45,1.393,-1.865,0,0
5,0,28,2,N,nb11,45,0.766,0.884,0,0
5,0,28,2,N,nb12,45,1.865,-1.316,0,0
5,0,28,2,N,nb13,45,-0.181,-1.102,0,0
5,0,28,2,N,nb14,45,-1.24,0.184,1,1
5,0,28,2,N,nb15,45,1.209,-0.84,3,1
5,0,28,2,N,nb16,45,1.865,1.865,0,0
5,0,28,2,N,nb17,45,1.542,-1.494,1,1
5,0,28,2,N,nb18,45,-1.866,1.835,0,0
5,0,28,2,N,nb19,45,0.048,-0.322,0,0
5,0,28,2,N,nb20,45,-1.865,1.522,0,0
5,0,28,2,N,nb21,45,1.147,1.136,1,1
5,0,28,2,N,nb22,45,-1.524,-1.192,2,1
5,0,28,2,N,nb23,45,1.121,1.381,1,1
5,0,28,2,N,nb24,45,1.396,-0.98,1,1
5,0,28,2,N,nb25,45,1.304,-1.468,1,1
5,0,28,2,N,nb26,45,0.447,-0.755,0,0
5,0,28,2,N,nb27,45,-1.476,-0.955,1,1
5,0,28,2,N,nb28,45,1.316,-0.62,1,1
5,0,28,2,N,nb29,45,-0.649,-1.136,0,0
5,0,28,2,A,aa0,45,0.343,0.876,2,0
5,0,28,2,A,aa1,45,-1.865,0.493,0,0
5,0,28,2,N,nb0,50,0.722,0.465,1,1
5,0,28,2,N,nb1,50,-0.379,1.313,0,0
5,0,28,2,N,nb2,50,1.12,-1.071,1,1
5,0,28,2,N,nb3,50,-0.799,0.812,0,0
5,0,28,2,N,nb4,50,-1.413,0.012,1,1
5,0,28,2,N,nb5,50,0.493,0.483,1,1
5,0,28,2,N,nb6,50,0.415,-1.577,0,0
5,0,28,2,N,nb7,50,-1.712,-1.298,1,1
5,0,28,2,N,nb8,50,0.249,1.864,0,0
5,0,28,2,N,nb9,50,-1.631,1.865,1,1
5,0,28,2,N,nb10,50,1.485,-1.861,0,0
5,0,28,2,N,nb11,50,0.823,0.802,0,0
5,0,28,2,N,nb12,50,1.857,-1.408,0,0
5,0,28,2,N,nb13,50,-0.264,-1.046,0,0
5,0,28,2,N,nb14,50,-1.24,0.184,1,1
5,0,28,2,N,nb15,50,1.209,-0.84,3,1
5,0,28,2,N,nb16,50,1.85,1.865,0,0
5,0,28,2,N,nb17,50,1.542,-1.494,1,1
5,0,28,2,N,nb18,50,-1.866,1.865,1,1
5,0,28,2,N,nb19,50,0.13,-0.265,0,0
5,0,28,2,N,nb20,50,-1.865,1.601,0,0
5,0,28,2,N,nb21,50,1.147,1.136,1,1
5,0,28,2,N,nb22,50,-1.524,-1.192,2,1
5,0,28,2,N,nb23,50,1.121,1.381,1,1
5,0,28,2,N,nb24,50,1.396,-0.98,1,1
5,0,28,2,N,nb25,50,1.304,-1.468,1,1
5,0,28,2,N,nb26,50,0.388,-0.674,0,0
5,0,28,2,N,nb27,50,-1.476,-0.955,1,1
5,0,28,2,N,nb28,50,1.316,-0.62,1,1
5,0,28,2,N,nb29,50,-0.749,-1.147,0,0
5,0,28,2,A,aa0,50,0.43,0.827,2,0
5,0,28,2,A,aa1,50,-1.861,0.585,0,0
5,0,28,2,N,nb0,55,0.722,0.465,1,1
5,0,28,2,N,nb1,55,-0.44,1.392,0,0
5,0,28,2,N,nb2,55,1.12,-1.071,1,1
5,0,28,2,N,nb3,55,-0.744,0.728,0,0
5,0,28,2,N,nb4,55,-1.413,0.012,1,1
5,0,28,2,N,nb5,55,0.493,0.483,1,1
5,0,28,2,N,nb6,55,0.512,-1.553,0,0
5,0,28,2,N,nb7,55,-1.712,-1.298,1,1
5,0,28,2,N,nb8,55,0.157,1.855,0,0
5,0,28,2,N,nb9,55,-1.631,1.865,1,1
5,0,28,2,N,nb10,55,1.577,-1.847,0,0
5,0,28,2,N,nb11,55,0.879,0.72,0,0
5,0,28,2,N,nb12,55,1.84,-1.5,0,0
5,0,28,2,N,nb13,55,-0.346,-0.989,0,0
5,0,28,2,N,nb14,55,-1.24,0.184,1,1
5,0,28,2,N,nb15,55,1.209,-0.84,3,1
5,0,28,2,N,nb16,55,1.823,1.865,0,0
5,0,28,2,N,nb17,55,1.542,-1.494,1,1
5,0,28,2,N,nb18,55,-1.866,1.865,2,1
5,0,28,2,N,nb19,55,0.212,-0.208,0,0
5,0,28,2,N,nb20,55,-1.865,1.62,1,1
5,0,28,2,N,nb21,55,1.147,1.136,1,1
5,0,28,2,N,nb22,55,-1.524,-1.192,2,1
5,0,28,2,N,nb23,55,1.121,1.381,1,1
5,0,28,2,N,nb24,55,1.396,-0.98,1,1
5,0,28,2,N,nb25,55,1.304,-1.468,1,1
5,0,28,2,N,nb26,55,0.33,-0.592,0,0
5,0,28,2,N,nb27,55,-1.476,-0.955,1,1
5,0,28,2,N,nb28,55,1.316,-0.62,1,1
5,0,28,2,N,nb29,55,-0.848,-1.157,0,0
5,0,28,2,A,aa0,55,0.518,0.779,2,0
5,0,28,2,A,aa1,55,-1.848,0.677,0,0
5,0,28,2,N,nb0,60,0.722,0.465,1,1
5,0,28,2,N,nb1,60,-0.501,1.471,0,0
5,0,28,2,N,nb2,60,1.12,-1.071,1,1
5,0,28,2,N,nb3,60,-0.689,0.645,0,0
5,0,28,2,N,nb4,60,-1.413,0.012,1,1
5,0,28,2,N,nb5,60,0.493,0.483,1,1
5,0,28,2,N,nb6,60,0.609,-1.529,0,0
5,0,28,2,N,nb7,60,-1.712,-1.298,1,1
5,0,28,2,N,nb8,60,0.066,1.835,0,0
5,0,28,2,N,nb9,60,-1.631,1.865,1,1
5,0,28,2,N,nb10,60,1.668,-1.824,0,0
5,0,28,2,N,nb11,60,0.936,0.638,0,0
5,0,28,2,N,nb12,60,1.813,-1.59,0,0
5,0,28,2,N,nb13,60,-0.428,-0.932,0,0
5,0,28,2,N,nb14,60,-1.24,0.184,1,1
5,0,28,2,N,nb15,60,1.209,-0.84,3,1
5,0,28,2,N,nb16,60,1.781,1.865,0,0
5,0,28,2,N,nb17,60,1.542,-1.494,1,1
5,0,28,2,N,nb18,60,-1.866,1.865,2,1
5,0,28,2,N,nb19,60,0.295,-0.151,0,0
5,0,28,2,N,nb20,60,-1.865,1.62,1,1
5,0,28,2,N,nb21,60,1.147,1.136,1,1
5,0,28,2,N,nb22,60,-1.524,-1.192,2,1
5,0,28,2,N,nb23,60,1.121,1.381,1,1
5,0,28,2,N,nb24,60,1.396,-0.98,1,1
5,0,28,2,N,nb25,60,1.304,-1.468,1,1
5,0,28,2,N,nb26,60,0.271,-0.511,0,0
5,0,28,2,N,nb27,60,-1.476,-0.955,1,1
5,0,28,2,N,nb28,60,1.316,-0.62,1,1
5,0,28,2,N,nb29,60,-0.947,-1.168,0,0
5,0,28,2,A,aa0,60,0.605,0.73,2,0
5,0,28,2,A,aa1,60,-1.825,0.768,0,0
5,0,28,2,N,nb0,65,0.722,0.465,1,1
5,0,28,2,N,nb1,65,-0.562,1.55,0,0
5,0,28,2,N,nb2,65,1.12,-1.071,1,1
5,0,28,2,N,nb3,65,-0.634,0.561,0,0
5,0,28,2,N,nb4,65,-1.413,0.012,1,1
5,0,28,2,N,nb5,65,0.493,0.483,1,1
5,0,28,2,N,nb6,65,0.707,-1.506,0,0
5,0,28,2,N,nb7,65,-1.712,-1.298,1,1
5,0,28,2,N,nb8,65,-0.023,1.808,0,0
5,0,28,2,N,nb9,65,-1.631,1.865,1,1
5,0,28,2,N,nb10,65,1.688,-1.818,1,1
5,0,28,2,N,nb11,65,0.993,0.555,0,0
5,0,28,2,N,nb12,65,1.806,-1.61,1,1
5,0,28,2,N,nb13,65,-0.511,-0.876,0,0
5,0,28,2,N,nb14,65,-1.24,0.184,1,1
5,0,28,2,N,nb15,65,1.209,-0.84,3,1
5,0,28,2,N,nb16,65,1.727,1.865,0,0
5,0,28,2,N,nb17,65,1.542,-1.494,1,1
5,0,28,2,N,nb18,65,-1.866,1.865,2,1
5,0,28,2,N,nb19,65,0.377,-0.094,0,0
5,0,28,2,N,nb20,65,-1.865,1.62,1,1
5,0,28,2,N,nb21,65,1.147,1.136,1,1
5,0,28,2,N,nb22,65,-1.524,-1.192,2,1
5,0,28,2,N,nb23,65,1.121,1.381,1,1
5,0,28,2,N,nb24,65,1.396,-0.98,1,1
5,0,28,2,N,nb25,65,1.304,-1.468,1,1
5,0,28,2,N,nb26,65,0.213,-0.43,0,0
5,0,28,2,N,nb27,65,-1.476,-0.955,1,1
5,0,28,2,N,nb28,65,1.316,-0.62,1,1
5,0,28,2,N,nb29,65,-1.047,-1.179,0,0
5,0,28,2,A,aa0,65,0.686,0.689,2,0
5,0,28,2,A,aa1,65,-1.793,0.856,0,0
5,0,28,2,N,nb0,70,0.722,0.465,1,0
5,0,28,2,N,nb1,70,-0.624,1.629,0,0
5,0,28,2,N,nb2,70,1.12,-1.071,1,1
5,0,28,2,N,nb3,70,-0.579,0.478,0,0
5,0,28,2,N,nb4,70,-1.413,0.012,1,1
5,0,28,2,N,nb5,70,0.493,0.483,1,0
5,0,28,2,N,nb6,70,0.804,-1.482,0,0
5,0,28,2,N,nb7,70,-1.712,-1.298,1,1
5,0,28,2,N,nb8,70,-0.11,1.772,0,0
5,0,28,2,N,nb9,70,-1.631,1.865,1,1
5,0,28,2,N,nb10,70,1.688,-1.818,1,1
5,0,28,2,N,nb11,70,1.05,0.473,0,0
5,0,28,2,N,nb12,70,1.806,-1.61,1,1
5,0,28,2,N,nb13,70,-0.593,-0.819,0,0
5,0,28,2,N,nb14,70,-1.24,0.184,1,1
5,0,28,2,N,nb15,70,1.209,-0.84,3,1
5,0,28,2,N,nb16,70,1.662,1.865,0,0
5,0,28,2,N,nb17,70,1.542,-1.494,1,1
5,0,28,2,N,nb18,70,-1.866,1.865,2,1
5,0,28,2,N,nb19,70,0.459,-0.037,0,0
5,0,28,2,N,nb20,70,-1.865,1.62,1,1
5,0,28,2,N,nb21,70,1.147,1.136,1,1
5,0,28,2,N,nb22,70,-1.524,-1.192,2,1
5,0,28,2,N,nb23,70,1.121,1.381,1,1
5,0,28,2,N,nb24,70,1.396,-0.98,1,1
5,0,28,2,N,nb25,70,1.304,-1.468,1,1
5,0,28,2,N,nb26,70,0.154,-0.349,0,0
5,0,28,2,N,nb27,70,-1.476,-0.955,1,1
5,0,28,2,N,nb28,70,1.316,-0.62,1,1
5,0,28,2,N,nb29,70,-1.146,-1.19,0,0
5,0,28,2,A,aa0,70,0.772,0.661,2,0
5,0,28,2,A,aa1,70,-1.754,0.943,0,0
5,0,28,2,N,nb0,75,0.713,0.495,1,0
5,0,28,2,N,nb1,75,-0.685,1.708,0,0
5,0,28,2,N,nb2,75,1.12,-1.071,1,1
5,0,28,2,N,nb3,75,-0.524,0.395,0,0
5,0,28,2,N,nb4,75,-1.413,0.012,1,1
5,0,28,2,N,nb5,75,0.523,0.476,1,0
5,0,28,2,N,nb6,75,0.901,-1.458,0,0
5,0,28,2,N,nb7,75,-1.712,-1.298,1,1
5,0,28,2,N,nb8,75,-0.199,1.728,0,0
5,0,28,2,N,nb9,75,-1.631,1.865,1,1
5,0,28,2,N,nb10,75,1.688,-1.818,1,1
5,0,28,2,N,nb11,75,1.107,0.391,0,0
5,0,28,2,N,nb12,75,1.806,-1.61,1,1
5,0,28,2,N,nb13,75,-0.675,-0.762,0,0
5,0,28,2,N,nb14,75,-1.24,0.184,1,1
5,0,28,2,N,nb15,75,1.209,-0.84,3,1
5,0,28,2,N,nb16,75,1.587,1.865,0,0
5,0,28,2,N,nb17,75,1.542,-1.494,1,1
5,0,28,2,N,nb18,75,-1.866,1.865,2,1
5,0,28,2,N,nb19,75,0.541,0.02,0,0
5,0,28,2,N,nb20,75,-1.865,1.62,1,1
5,0,28,2,N,nb21,75,1.179,1.122,0,0
5,0,28,2,N,nb22,75,-1.524,-1.192,2,1
5,0,28,2,N,nb23,75,1.121,1.381,0,1
5,0,28,2,N,nb24,75,1.396,-0.98,1,1
5,0,28,2,N,nb25,75,1.304,-1.468,1,1
5,0,28,2,N,nb26,75,0.096,-0.268,0,0
5,0,28,2,N,nb27,75,-1.476,-0.955,1,1
5,0,28,2,N,nb28,75,1.316,-0.62,1,1
5,0,28,2,N,nb29,75,-1.246,-1.2,0,0
5,0,28,2,A,aa0,75,0.864,0.642,0,0
5,0,28,2,A,aa1,75,-1.709,1.032,0,0
5,0,28,2,N,nb0,80,0.702,0.585,1,0
5,0,28,2,N,nb1,80,-0.744,1.786,0,0
5,0,28,2,N,nb2,80,1.12,-1.071,1,1
5,0,28,2,N,nb3,80,-0.469,0.311,0,0
5,0,28,2,N,nb4,80,-1.413,0.012,1,1
5,0,28,2,N,nb5,80,0.596,0.444,1,0
5,0,28,2,N,nb6,80,0.998,-1.435,0,0
5,0,28,2,N,nb7,80,-1.712,-1.298,1,1
5,0,28,2,N,nb8,80,-0.288,1.684,0,0
5,0,28,2,N,nb9,80,-1.631,1.865,1,1
5,0,28,2,N,nb10,80,1.688,-1.818,1,1
5,0,28,2,N,nb11,80,1.164,0.309,0,0
5,0,28,2,N,nb12,80,1.806,-1.61,1,1
5,0,28,2,N,nb13,80,-0.758,-0.706,0,0
5,0,28,2,N,nb14,80,-1.24,0.184,1,1
5,0,28,2,N,nb15,80,1.209,-0.84,3,1
5,0,28,2,N,nb16,80,1.505,1.865,0,0
5,0,28,2,N,nb17,80,1.542,-1.494,1,1
5,0,28,2,N,nb18,80,-1.866,1.865,2,1
5,0,28,2,N,nb19,80,0.623,0.077,0,0
5,0,28,2,N,nb20,80,-1.865,1.62,1,1
5,0,28,2,N,nb21,80,1.268,1.079,0,0
5,0,28,2,N,nb22,80,-1.524,-1.192,3,1
5,0,28,2,N,nb23,80,1.121,1.381,0,1
5,0,28,2,N,nb24,80,1.396,-0.98,1,1
5,0,28,2,N,nb25,80,1.304,-1.468,1,1
5,0,28,2,N,nb26,80,0.037,-0.187,0,0
5,0,28,2,N,nb27,80,-1.476,-0.955,1,0
5,0,28,2,N,nb28,80,1.316,-0.62,1,1
5,0,28,2,N,nb29,80,-1.285,-1.205,1,1
5,0,28,2,A,aa0,80,0.96,0.63,0,0
5,0,28,2,A,aa1,80,-1.665,1.122,1,0
5,0,28,2,N,nb0,85,0.693,0.646,1,1
5,0,28,2,N,nb1,85,-0.805,1.85,0,0
5,0,28,2,N,nb2,85,1.12,-1.071,1,1
5,0,28,2,N,nb3,85,-0.414,0.228,0,0
5,0,28,2,N,nb4,85,-1.413,0.012,1,1
5,0,28,2,N,nb5,85,0.647,0.416,1,1
5,0,28,2,N,nb6,85,1.076,-1.416,1,1
5,0,28,2,N,nb7,85,-1.712,-1.298,1,1
5,0,28,2,N,nb8,85,-0.378,1.639,0,0
5,0,28,2,N,nb9,85,-1.631,1.865,1,1
5,0,28,2,N,nb10,85,1.688,-1.818,1,1
5,0,28,2,N,nb11,85,1.221,0.226,0,0
5,0,28,2,N,nb12,85,1.806,-1.61,1,1
5,0,28,2,N,nb13,85,-0.84,-0.649,0,0
5,0,28,2,N,nb14,85,-1.24,0.184,1,1
5,0,28,2,N,nb15,85,1.209,-0.84,3,1
5,0,28,2,N,nb16,85,1.418,1.865,0,0
5,0,28,2,N,nb17,85,1.542,-1.494,1,1
5,0,28,2,N,nb18,85,-1.866,1.865,2,1
5,0,28,2,N,nb19,85,0.706,0.134,0,0
5,0,28,2,N,nb20,85,-1.865,1.62,1,1
5,0,28,2,N,nb21,85,1.358,1.036,0,0
5,0,28,2,N,nb22,85,-1.524,-1.192,3,1
5,0,28,2,N,nb23,85,1.121,1.381,0,1
5,0,28,2,N,nb24,85,1.396,-0.98,1,1
5,0,28,2,N,nb25,85,1.304,-1.468,2,1
5,0,28,2,N,nb26,85,-0.022,-0.106,0,0
5,0,28,2,N,nb27,85,-1.476,-0.955,1,1
5,0,28,2,N,nb28,85,1.316,-0.62,1,1
5,0,28,2,N,nb29,85,-1.285,-1.205,1,1
5,0,28,2,A,aa0,85,1.059,0.62,2,0
5,0,28,2,A,aa1,85,-1.62,1.211,1,0
5,0,28,2,N,nb0,90,0.693,0.646,1,1
5,0,28,2,N,nb1,90,-0.873,1.866,0,0
5,0,28,2,N,nb2,90,1.12,-1.071,1,1
5,0,28,2,N,nb3,90,-0.358,0.144,0,0
5,0,28,2,N,nb4,90,-1.413,0.012,1,1
5,0,28,2,N,nb5,90,0.647,0.416,1,1
5,0,28,2,N,nb6,90,1.076,-1.416,1,1
5,0,28,2,N,nb7,90,-1.712,-1.298,1,1
5,0,28,2,N,nb8,90,-0.468,1.595,0,0
5,0,28,2,N,nb9,90,-1.631,1.865,1,1
5,0,28,2,N,nb10,90,1.688,-1.818,1,1
5,0,28,2,N,nb11,90,1.277,0.144,0,0
5,0,28,2,N,nb12,90,1.806,-1.61,1,1
5,0,28,2,N,nb13,90,-0.923,-0.592,0,0
5,0,28,2,N,nb14,90,-1.24,0.184,1,1
5,0,28,2,N,nb15,90,1.209,-0.84,3,1
5,0,28,2,N,nb16,90,1.328,1.865,0,0
5,0,28,2,N,nb17,90,1.542,-1.494,1,1
5,0,28,2,N,nb18,90,-1.866,1.865,2,1
5,0,28,2,N,nb19,90,0.787,0.19,0,0
5,0,28,2,N,nb20,90,-1.865,1.62,1,1
5,0,28,2,N,nb21,90,1.448,0.993,0,0
5,0,28,2,N,nb22,90,-1.524,-1.192,3,1
5,0,28,2,N,nb23,90,1.121,1.381,0,1
5,0,28,2,N,nb24,90,1.396,-0.98,1,1
5,0,28,2,N,nb25,90,1.304,-1.468,2,1
5,0,28,2,N,nb26,90,-0.08,-0.025,0,0
5,0,28,2,N,nb27,90,-1.476,-0.955,1,1
5,0,28,2,N,nb28,90,1.316,-0.62,1,1
5,0,28,2,N,nb29,90,-1.285,-1.205,1,1
5,0,28,2,A,aa0,90,1.158,0.611,2,0
5,0,28,2,A,aa1,90,-1.583,1.286,2,0
5,0,28,2,N,nb0,95,0.693,0.646,1,1
5,0,28,2,N,nb1,95,-0.948,1.866,0,0
5,0,28,2,N,nb2,95,1.12,-1.071,1,1
5,0,28,2,N,nb3,95,-0.325,0.094,1,1
5,0,28,2,N,nb4,95,-1.413,0.012,1,1
5,0,28,2,N,nb5,95,0.647,0.416,1,1
5,0,28,2,N,nb6,95,1.076,-1.416,1,1
5,0,28,2,N,nb7,95,-1.712,-1.298,1,1
5,0,28,2,N,nb8,95,-0.557,1.55,0,0
5,0,28,2,N,nb9,95,-1.631,1.865,1,1
5,0,28,2,N,nb10,95,1.688,-1.818,1,1
5,0,28,2,N,nb11,95,1.334,0.062,0,0
5,0,28,2,N,nb12,95,1.806,-1.61,1,1
5,0,28,2,N,nb13,95,-1.005,-0.536,0,0
5,0,28,2,N,nb14,95,-1.24,0.184,1,1
5,0,28,2,N,nb15,95,1.209,-0.84,3,1
5,0,28,2,N,nb16,95,1.236,1.864,0,0
5,0,28,2,N,nb17,95,1.542,-1.494,1,1
5,0,28,2,N,nb18,95,-1.866,1.865,2,1
5,0,28,2,N,nb19,95,0.867,0.238,0,0
5,0,28,2,N,nb20,95,-1.865,1.62,1,1
5,0,28,2,N,nb21,95,1.538,0.949,0,0
5,0,28,2,N,nb22,95,-1.524,-1.192,3,1
5,0,28,2,N,nb23,95,1.121,1.381,0,0
5,0,28,2,N,nb24,95,1.396,-0.98,1,1
5,0,28,2,N,nb25,95,1.304,-1.468,2,1
5,0,28,2,N,nb26,95,-0.115,0.024,1,1
5,0,28,2,N,nb27,95,-1.476,-0.955,1,1
5,0,28,2,N,nb28,95,1.316,-0.62,1,1
5,0,28,2,N,nb29,95,-1.285,-1.205,1,1
5,0,28,2,A,aa0,95,1.258,0.601,1,0
5,0,28,2,A,aa1,95,-1.583,1.286,2,0
5,0,28,2,N,nb0,100,0.693,0.646,1,1
5,0,28,2,N,nb1,100,-1.031,1.866,0,0
5,0,28,2,N,nb2,100,1.12,-1.071,1,1
5,0,28,2,N,nb3,100,-0.325,0.094,1,1
5,0,28,2,N,nb4,100,-1.413,0.012,1,1
5,0,28,2,N,nb5,100,0.647,0.416,1,1
5,0,28,2,N,nb6,100,1.076,-1.416,1,1
5,0,28,2,N,nb7,100,-1.712,-1.298,1,1
5,0,28,2,N,nb8,100,-0.647,1.506,0,0
5,0,28,2,N,nb9,100,-1.631,1.865,1,1
5,0,28,2,N,nb10,100,1.688,-1.818,1,1
5,0,28,2,N,nb11,100,1.391,-0.021,0,0
5,0,28,2,N,nb12,100,1.806,-1.61,1,1
5,0,28,2,N,nb13,100,-1.087,-0.479,0,0
5,0,28,2,N,nb14,100,-1.24,0.184,1,1
5,0,28,2,N,nb15,100,1.209,-0.84,3,1
5,0,28,2,N,nb16,100,1.144,1.853,0,0
5,0,28,2,N,nb17,100,1.542,-1.494,1,1
5,0,28,2,N,nb18,100,-1.866,1.865,2,1
5,0,28,2,N,nb19,100,0.955,0.285,0,0
5,0,28,2,N,nb20,100,-1.865,1.62,1,1
5,0,28,2,N,nb21,100,1.628,0.906,0,0
5,0,28,2,N,nb22,100,-1.524,-1.192,3,1
5,0,28,2,N,nb23,100,1.189,1.313,0,0
5,0,28,2,N,nb24,100,1.396,-0.98,1,1
5,0,28,2,N,nb25,100,1.304,-1.468,2,1
5,0,28,2,N,nb26,100,-0.115,0.024,1,1
5,0,28,2,N,nb27,100,-1.476,-0.955,1,1
5,0,28,2,N,nb28,100,1.316,-0.62,1,1
5,0,28,2,N,nb29,100,-1.285,-1.205,1,1
5,0,28,2,A,aa0,100,1.357,0.592,0,0
5,0,28,2,A,aa1,100,-1.619,1.33,3,1
5,0,28,2,N,nb0,105,0.693,0.646,1,1
5,0,28,2,N,nb1,105,-1.118,1.866,0,0
5,0,28,2,N,nb2,105,1.12,-1.071,1,1
5,0,28,2,N,nb3,105,-0.325,0.094,1,1
5,0,28,2,N,nb4,105,-1.413,0.012,1,0
5,0,28,2,N,nb5,105,0.647,0.416,1,1
5,0,28,2,N,nb6,105,1.076,-1.416,1,1
5,0,28,2,N,nb7,105,-1.712,-1.298,1,1
5,0,28,2,N,nb8,105,-0.736,1.462,0,0
5,0,28,2,N,nb9,105,-1.683,1.865,1,0
5,0,28,2,N,nb10,105,1.688,-1.818,1,1
5,0,28,2,N,nb11,105,1.448,-0.103,0,0
5,0,28,2,N,nb12,105,1.806,-1.61,1,1
5,0,28,2,N,nb13,105,-1.17,-0.422,0,0
5,0,28,2,N,nb14,105,-1.24,0.184,1,0
5,0,28,2,N,nb15,105,1.209,-0.84,3,1
5,0,28,2,N,nb16,105,1.053,1.833,0,0
5,0,28,2,N,nb17,105,1.542,-1.494,1,1
5,0,28,2,N,nb18,105,-1.866,1.865,2,0
5,0,28,2,N,nb19,105,1.043,0.333,0,0
5,0,28,2,N,nb20,105,-1.865,1.668,1,0
5,0,28,2,N,nb21,105,1.718,0.862,0,0
5,0,28,2,N,nb22,105,-1.524,-1.192,3,1
5,0,28,2,N,nb23,105,1.26,1.242,0,0
5,0,28,2,N,nb24,105,1.396,-0.98,1,1
5,0,28,2,N,nb25,105,1.304,-1.468,2,1
5,0,28,2,N,nb26,105,-0.115,0.024,1,1
5,0,28,2,N,nb27,105,-1.476,-0.955,1,1
5,0,28,2,N,nb28,105,1.316,-0.62,1,1
5,0,28,2,N,nb29,105,-1.285,-1.205,1,1
5,0,28,2,A,aa0,105,1.457,0.582,0,0
5,0,28,2,A,aa1,105,-1.682,1.408,0,0
5,0,28,2,N,nb0,110,0.693,0.646,1,1
5,0,28,2,N,nb1,110,-1.209,1.866,0,0
5,0,28,2,N,nb2,110,1.12,-1.071,1,1
5,0,28,2,N,nb3,110,-0.325,0.094,1,1
5,0,28,2,N,nb4,110,-1.413,0.012,1,1
5,0,28,2,N,nb5,110,0.647,0.416,1,1
5,0,28,2,N,nb6,110,1.076,-1.416,1,1
5,0,28,2,N,nb7,110,-1.712,-1.298,1,1
5,0,28,2,N,nb8,110,-0.826,1.417,0,0
5,0,28,2,N,nb9,110,-1.698,1.863,2,0
5,0,28,2,N,nb10,110,1.688,-1.818,1,1
5,0,28,2,N,nb11,110,1.505,-0.185,0,0
5,0,28,2,N,nb12,110,1.806,-1.61,1,1
5,0,28,2,N,nb13,110,-1.252,-0.366,0,0
5,0,28,2,N,nb14,110,-1.24,0.184,1,1
5,0,28,2,N,nb15,110,1.209,-0.84,3,1
5,0,28,2,N,nb16,110,0.964,1.804,0,0
5,0,28,2,N,nb17,110,1.542,-1.494,1,1
5,0,28,2,N,nb18,110,-1.866,1.865,2,0
5,0,28,2,N,nb19,110,1.131,0.38,0,0
5,0,28,2,N,nb20,110,-1.865,1.696,2,0
5,0,28,2,N,nb21,110,1.804,0.821,0,0
5,0,28,2,N,nb22,110,-1.524,-1.192,3,1
5,0,28,2,N,nb23,110,1.331,1.172,0,0
5,0,28,2,N,nb24,110,1.396,-0.98,1,1
5,0,28,2,N,nb25,110,1.304,-1.468,2,1
5,0,28,2,N,nb26,110,-0.115,0.024,1,1
5,0,28,2,N,nb27,110,-1.476,-0.955,1,1
5,0,28,2,N,nb28,110,1.316,-0.62,1,1
5,0,28,2,N,nb29,110,-1.285,-1.205,1,1
5,0,28,2,A,aa0,110,1.557,0.573,0,0
5,0,28,2,A,aa1,110,-1.743,1.484,0,0
5,0,28,2,N,nb0,115,0.693,0.646,1,1
5,0,28,2,N,nb1,115,-1.301,1.863,0,0
5,0,28,2,N,nb2,115,1.12,-1.071,1,1
5,0,28,2,N,nb3,115,-0.325,0.094,1,1
5,0,28,2,N,nb4,115,-1.413,0.012,1,1
5,0,28,2,N,nb5,115,0.647,0.416,1,1
5,0,28,2,N,nb6,115,1.076,-1.416,1,1
5,0,28,2,N,nb7,115,-1.712,-1.298,1,1
5,0,28,2,N,nb8,115,-0.916,1.373,0,0
5,0,28,2,N,nb9,115,-1.698,1.862,2,1
5,0,28,2,N,nb10,115,1.688,-1.818,1,1
5,0,28,2,N,nb11,115,1.562,-0.267,0,0
5,0,28,2,N,nb12,115,1.806,-1.61,1,1
5,0,28,2,N,nb13,115,-1.335,-0.309,0,0
5,0,28,2,N,nb14,115,-1.24,0.184,1,1
5,0,28,2,N,nb15,115,1.209,-0.84,3,1
5,0,28,2,N,nb16,115,0.877,1.767,0,0
5,0,28,2,N,nb17,115,1.542,-1.494,1,1
5,0,28,2,N,nb18,115,-1.866,1.865,2,1
5,0,28,2,N,nb19,115,1.219,0.427,0,0
5,0,28,2,N,nb20,115,-1.865,1.696,2,1
5,0,28,2,N,nb21,115,1.865,0.773,0,0
5,0,28,2,N,nb22,115,-1.524,-1.192,3,1
5,0,28,2,N,nb23,115,1.402,1.101,0,0
5,0,28,2,N,nb24,115,1.396,-0.98,1,1
5,0,28,2,N,nb25,115,1.304,-1.468,2,1
5,0,28,2,N,nb26,115,-0.115,0.024,1,1
5,0,28,2,N,nb27,115,-1.476,-0.955,1,1
5,0,28,2,N,nb28,115,1.316,-0.62,1,1
5,0,28,2,N,nb29,115,-1.285,-1.205,1,1
5,0,28,2,A,aa0,115,1.656,0.563,0,0
5,0,28,2,A,aa1,115,-1.8,1.54,2,0
5,0,28,2,N,nb0,120,0.693,0.646,1,1
5,0,28,2,N,nb1,120,-1.393,1.851,0,0
5,0,28,2,N,nb2,120,1.12,-1.071,1,1
5,0,28,2,N,nb3,120,-0.325,0.094,1,1
5,0,28,2,N,nb4,120,-1.413,0.012,1,1
5,0,28,2,N,nb5,120,0.647,0.416,1,1
5,0,28,2,N,nb6,120,1.076,-1.416,1,1
5,0,28,2,N,nb7,120,-1.712,-1.298,1,1
5,0,28,2,N,nb8,120,-1.005,1.328,0,0
5,0,28,2,N,nb9,120,-1.698,1.862,2,1
5,0,28,2,N,nb10,120,1.688,-1.818,1,1
5,0,28,2,N,nb11,120,1.618,-0.35,0,0
5,0,28,2,N,nb12,120,1.806,-1.61,1,1
5,0,28,2,N,nb13,120,-1.417,-0.252,0,0
5,0,28,2,N,nb14,120,-1.24,0.184,1,1
5,0,28,2,N,nb15,120,1.209,-0.84,3,1
5,0,28,2,N,nb16,120,0.789,1.723,0,0
5,0,28,2,N,nb17,120,1.542,-1.494,1,1
5,0,28,2,N,nb18,120,-1.866,1.865,2,1
5,0,28,2,N,nb19,120,1.307,0.475,0,0
5,0,28,2,N,nb20,120,-1.865,1.696,2,1
5,0,28,2,N,nb21,120,1.865,0.716,0,0
5,0,28,2,N,nb22,120,-1.524,-1.192,3,1
5,0,28,2,N,nb23,120,1.473,1.031,0,0
5,0,28,2,N,nb24,120,1.396,-0.98,1,1
5,0,28,2,N,nb25,120,1.304,-1.468,2,1
5,0,28,2,N,nb26,120,-0.115,0.024,1,1
5,0,28,2,N,nb27,120,-1.476,-0.955,1,1
5,0,28,2,N,nb28,120,1.316,-0.62,1,1
5,0,28,2,N,nb29,120,-1.285,-1.205,1,1
5,0,28,2,A,aa0,120,1.749,0.553,0,0
5,0,28,2,A,aa1,120,-1.816,1.534,2,0
5,0,28,2,N,nb0,125,0.693,0.646,1,1
5,0,28,2,N,nb1,125,-1.469,1.834,1,1
5,0,28,2,N,nb2,125,1.12,-1.071,1,1
5,0,28,2,N,nb3,125,-0.325,0.094,1,1
5,0,28,2,N,nb4,125,-1.413,0.012,2,1
5,0,28,2,N,nb5,125,0.647,0.416,1,1
5,0,28,2,N,nb6,125,1.076,-1.416,1,1
5,0,28,2,N,nb7,125,-1.712,-1.298,1,1
5,0,28,2,N,nb8,125,-1.095,1.284,0,0
5,0,28,2,N,nb9,125,-1.698,1.862,3,1
5,0,28,2,N,nb10,125,1.688,-1.818,1,1
5,0,28,2,N,nb11,125,1.675,-0.432,0,0
5,0,28,2,N,nb12,125,1.806,-1.61,1,1
5,0,28,2,N,nb13,125,-1.449,-0.231,1,1
5,0,28,2,N,nb14,125,-1.24,0.184,1,1
5,0,28,2,N,nb15,125,1.209,-0.84,3,0
5,0,28,2,N,nb16,125,0.7,1.678,0,0
5,0,28,2,N,nb17,125,1.542,-1.494,1,1
5,0,28,2,N,nb18,125,-1.866,1.865,2,1
5,0,28,2,N,nb19,125,1.395,0.522,0,0
5,0,28,2,N,nb20,125,-1.865,1.696,2,1
5,0,28,2,N,nb21,125,1.865,0.68,0,0
5,0,28,2,N,nb22,125,-1.524,-1.192,3,1
5,0,28,2,N,nb23,125,1.543,0.96,0,0
5,0,28,2,N,nb24,125,1.396,-0.98,1,0
5,0,28,2,N,nb25,125,1.304,-1.468,2,1
5,0,28,2,N,nb26,125,-0.115,0.024,1,1
5,0,28,2,N,nb27,125,-1.476,-0.955,1,1
5,0,28,2,N,nb28,125,1.316,-0.62,1,1
5,0,28,2,N,nb29,125,-1.285,-1.205,1,1
5,0,28,2,A,aa0,125,1.819,0.517,0,0
5,0,28,2,A,aa1,125,-1.855,1.527,1,0
5,0,28,2,N,nb0,130,0.693,0.646,1,1
5,0,28,2,N,nb1,130,-1.469,1.834,1,1
5,0,28,2,N,nb2,130,1.12,-1.071,1,1
5,0,28,2,N,nb3,130,-0.325,0.094,1,1
5,0,28,2,N,nb4,130,-1.413,0.012,2,1
5,0,28,2,N,nb5,130,0.647,0.416,1,1
5,0,28,2,N,nb6,130,1.076,-1.416,1,1
5,0,28,2,N,nb7,130,-1.712,-1.298,1,1
5,0,28,2,N,nb8,130,-1.184,1.24,0,0
5,0,28,2,N,nb9,130,-1.698,1.862,3,1
5,0,28,2,N,nb10,130,1.688,-1.818,1,1
5,0,28,2,N,nb11,130,1.732,-0.514,0,0
5,0,28,2,N,nb12,130,1.806,-1.61,1,1
5,0,28,2,N,nb13,130,-1.449,-0.231,1,1
5,0,28,2,N,nb14,130,-1.24,0.184,1,1
5,0,28,2,N,nb15,130,1.209,-0.84,3,1
5,0,28,2,N,nb16,130,0.61,1.632,0,0
5,0,28,2,N,nb17,130,1.542,-1.494,1,1
5,0,28,2,N,nb18,130,-1.866,1.865,2,1
5,0,28,2,N,nb19,130,1.483,0.569,0,0
5,0,28,2,N,nb20,130,-1.865,1.696,2,1
5,0,28,2,N,nb21,130,1.865,0.641,0,0
5,0,28,2,N,nb22,130,-1.524,-1.192,3,1
5,0,28,2,N,nb23,130,1.614,0.89,0,0
5,0,28,2,N,nb24,130,1.396,-0.98,1,1
5,0,28,2,N,nb25,130,1.304,-1.468,2,1
5,0,28,2,N,nb26,130,-0.115,0.024,1,1
5,0,28,2,N,nb27,130,-1.476,-0.955,1,1
5,0,28,2,N,nb28,130,1.316,-0.62,1,1
5,0,28,2,N,nb29,130,-1.285,-1.205,1,1
5,0,28,2,A,aa0,130,1.866,0.472,0,0
5,0,28,2,A,aa1,130,-1.866,1.521,2,0
5,0,28,2,N,nb0,135,0.693,0.646,1,1
5,0,28,2,N,nb1,135,-1.469,1.834,1,1
5,0,28,2,N,nb2,135,1.12,-1.071,1,1
5,0,28,2,N,nb3,135,-0.325,0.094,1,1
5,0,28,2,N,nb4,135,-1.413,0.012,2,1
5,0,28,2,N,nb5,135,0.647,0.416,1,1
5,0,28,2,N,nb6,135,1.076,-1.416,1,1
5,0,28,2,N,nb7,135,-1.712,-1.298,1,1
5,0,28,2,N,nb8,135,-1.274,1.195,0,0
5,0,28,2,N,nb9,135,-1.698,1.862,3,1
5,0,28,2,N,nb10,135,1.688,-1.818,1,1
5,0,28,2,N,nb11,135,1.786,-0.593,0,0
5,0,28,2,N,nb12,135,1.806,-1.61,1,1
5,0,28,2,N,nb13,135,-1.449,-0.231,1,1
5,0,28,2,N,nb14,135,-1.24,0.184,1,1
5,0,28,2,N,nb15,135,1.209,-0.84,3,1
5,0,28,2,N,nb16,135,0.521,1.587,0,0
5,0,28,2,N,nb17,135,1.542,-1.494,1,0
5,0,28,2,N,nb18,135,-1.866,1.865,2,1
5,0,28,2,N,nb19,135,1.569,0.616,1,1
5,0,28,2,N,nb20,135,-1.865,1.696,2,1
5,0,28,2,N,nb21,135,1.865,0.568,0,0
5,0,28,2,N,nb22,135,-1.524,-1.192,3,1
5,0,28,2,N,nb23,135,1.684,0.82,1,1
5,0,28,2,N,nb24,135,1.396,-0.98,1,1
5,0,28,2,N,nb25,135,1.304,-1.468,2,0
5,0,28,2,N,nb26,135,-0.115,0.024,1,1
5,0,28,2,N,nb27,135,-1.476,-0.955,1,1
5,0,28,2,N,nb28,135,1.316,-0.62,1,1
5,0,28,2,N,nb29,135,-1.285,-1.205,1,1
5,0,28,2,A,aa0,135,1.866,0.399,0,0
5,0,28,2,A,aa1,135,-1.866,1.484,3,1
5,0,28,2,N,nb0,140,0.693,0.646,1,1
5,0,28,2,N,nb1,140,-1.518,1.819,1,0
5,0,28,2,N,nb2,140,1.12,-1.071,1,1
5,0,28,2,N,nb3,140,-0.325,0.094,1,1
5,0,28,2,N,nb4,140,-1.413,0.012,2,1
5,0,28,2,N,nb5,140,0.647,0.416,1,1
5,0,28,2,N,nb6,140,1.076,-1.416,1,1
5,0,28,2,N,nb7,140,-1.712,-1.298,1,1
5,0,28,2,N,nb8,140,-1.364,1.151,0,0
5,0,28,2,N,nb9,140,-1.698,1.865,3,0
5,0,28,2,N,nb10,140,1.688,-1.818,1,1
5,0,28,2,N,nb11,140,1.828,-0.672,0,0
5,0,28,2,N,nb12,140,1.806,-1.61,1,1
5,0,28,2,N,nb13,140,-1.449,-0.231,1,1
5,0,28,2,N,nb14,140,-1.24,0.184,1,1
5,0,28,2,N,nb15,140,1.209,-0.84,3,1
5,0,28,2,N,nb16,140,0.432,1.542,0,0
5,0,28,2,N,nb17,140,1.542,-1.494,1,1
5,0,28,2,N,nb18,140,-1.866,1.865,2,1
5,0,28,2,N,nb19,140,1.572,0.617,1,1
5,0,28,2,N,nb20,140,-1.865,1.696,2,0
5,0,28,2,N,nb21,140,1.865,0.484,0,0
5,0,28,2,N,nb22,140,-1.524,-1.192,3,1
5,0,28,2,N,nb23,140,1.686,0.818,1,1
5,0,28,2,N,nb24,140,1.396,-0.98,1,1
5,0,28,2,N,nb25,140,1.304,-1.468,2,1
5,0,28,2,N,nb26,140,-0.115,0.024,1,1
5,0,28,2,N,nb27,140,-1.476,-0.955,1,1
5,0,28,2,N,nb28,140,1.316,-0.62,1,1
5,0,28,2,N,nb29,140,-1.285,-1.205,1,1
5,0,28,2,A,aa0,140,1.866,0.315,1,0
5,0,28,2,A,aa1,140,-1.866,1.434,0,0
5,0,28,2,N,nb0,145,0.693,0.646,1,1
5,0,28,2,N,nb1,145,-1.547,1.789,1,0
5,0,28,2,N,nb2,145,1.12,-1.071,1,1
5,0,28,2,N,nb3,145,-0.325,0.094,1,1
5,0,28,2,N,nb4,145,-1.413,0.012,2,1
5,0,28,2,N,nb5,145,0.647,0.416,1,1
5,0,28,2,N,nb6,145,1.076,-1.416,1,0
5,0,28,2,N,nb7,145,-1.712,-1.298,1,1
5,0,28,2,N,nb8,145,-1.453,1.106,0,0
5,0,28,2,N,nb9,145,-1.698,1.865,3,0
5,0,28,2,N,nb10,145,1.688,-1.818,1,1
5,0,28,2,N,nb11,145,1.859,-0.757,0,0
5,0,28,2,N,nb12,145,1.806,-1.61,1,1
5,0,28,2,N,nb13,145,-1.449,-0.231,1,1
5,0,28,2,N,nb14,145,-1.24,0.184,1,1
5,0,28,2,N,nb15,145,1.209,-0.84,3,1
5,0,28,2,N,nb16,145,0.343,1.497,0,0
5,0,28,2,N,nb17,145,1.542,-1.494,1,1
5,0,28,2,N,nb18,145,-1.866,1.865,2,1
5,0,28,2,N,nb19,145,1.572,0.617,1,1
5,0,28,2,N,nb20,145,-1.865,1.696,2,0
5,0,28,2,N,nb21,145,1.86,0.395,0,0
5,0,28,2,N,nb22,145,-1.524,-1.192,3,1
5,0,28,2,N,nb23,145,1.686,0.818,1,1
5,0,28,2,N,nb24,145,1.396,-0.98,1,1
5,0,28,2,N,nb25,145,1.304,-1.468,2,1
5,0,28,2,N,nb26,145,-0.115,0.024,1,1
5,0,28,2,N,nb27,145,-1.476,-0.955,1,1
5,0,28,2,N,nb28,145,1.316,-0.62,1,1
5,0,28,2,N,nb29,145,-1.285,-1.205,1,1
5,0,28,2,A,aa0,145,1.866,0.225,1,0
5,0,28,2,A,aa1,145,-1.866,1.373,0,0
5,0,28,2,N,nb0,150,0.693,0.646,1,1
5,0,28,2,N,nb1,150,-1.558,1.769,1,0
5,0,28,2,N,nb2,150,1.12,-1.071,1,1
5,0,28,2,N,nb3,150,-0.325,0.094,1,1
5,0,28,2,N,nb4,150,-1.413,0.012,2,1
5,0,28,2,N,nb5,150,0.647,0.416,1,1
5,0,28,2,N,nb6,150,1.076,-1.416,1,1
5,0,28,2,N,nb7,150,-1.712,-1.298,1,1
5,0,28,2,N,nb8,150,-1.543,1.062,0,0
5,0,28,2,N,nb9,150,-1.698,1.865,3,0
5,0,28,2,N,nb10,150,1.688,-1.818,1,1
5,0,28,2,N,nb11,150,1.865,-0.845,0,0
5,0,28,2,N,nb12,150,1.806,-1.61,1,1
5,0,28,2,N,nb13,150,-1.449,-0.231,1,1
5,0,28,2,N,nb14,150,-1.24,0.184,1,1
5,0,28,2,N,nb15,150,1.209,-0.84,3,1
5,0,28,2,N,nb16,150,0.254,1.452,0,0
5,0,28,2,N,nb17,150,1.542,-1.494,1,1
5,0,28,2,N,nb18,150,-1.866,1.865,2,1
5,0,28,2,N,nb19,150,1.572,0.617,1,1
5,0,28,2,N,nb20,150,-1.865,1.696,2,0
5,0,28,2,N,nb21,150,1.842,0.307,0,0
5,0,28,2,N,nb22,150,-1.524,-1.192,3,1
5,0,28,2,N,nb23,150,1.686,0.818,1,1
5,0,28,2,N,nb24,150,1.396,-0.98,1,1
5,0,28,2,N,nb25,150,1.304,-1.468,2,1
5,0,28,2,N,nb26,150,-0.115,0.024,1,1
5,0,28,2,N,nb27,150,-1.476,-0.955,1,1
5,0,28,2,N,nb28,150,1.316,-0.62,1,0
5,0,28,2,N,nb29,150,-1.285,-1.205,1,1
5,0,28,2,A,aa0,150,1.866,0.139,0,0
5,0,28,2,A,aa1,150,-1.866,1.314,3,1
5,0,28,2,N,nb0,155,0.693,0.646,1,1
5,0,28,2,N,nb1,155,-1.599,1.727,1,0
5,0,28,2,N,nb2,155,1.12,-1.071,1,1
5,0,28,2,N,nb3,155,-0.325,0.094,1,1
5,0,28,2,N,nb4,155,-1.413,0.012,2,1
5,0,28,2,N,nb5,155,0.647,0.416,1,1
5,0,28,2,N,nb6,155,1.076,-1.416,1,1
5,0,28,2,N,nb7,155,-1.712,-1.298,1,0
5,0,28,2,N,nb8,155,-1.632,1.017,0,0
5,0,28,2,N,nb9,155,-1.698,1.865,3,0
5,0,28,2,N,nb10,155,1.688,-1.818,1,1
5,0,28,2,N,nb11,155,1.865,-0.936,0,0
5,0,28,2,N,nb12,155,1.806,-1.61,1,1
5,0,28,2,N,nb13,155,-1.449,-0.231,1,1
5,0,28,2,N,nb14,155,-1.24,0.184,1,1
5,0,28,2,N,nb15,155,1.209,-0.84,3,1
5,0,28,2,N,nb16,155,0.164,1.406,0,0
5,0,28,2,N,nb17,155,1.542,-1.494,1,1
5,0,28,2,N,nb18,155,-1.866,1.865,2,1
5,0,28,2,N,nb19,155,1.572,0.617,1,1
5,0,28,2,N,nb20,155,-1.865,1.696,2,0
5,0,28,2,N,nb21,155,1.812,0.223,0,0
5,0,28,2,N,nb22,155,-1.524,-1.192,3,0
5,0,28,2,N,nb23,155,1.686,0.818,1,1
5,0,28,2,N,nb24,155,1.396,-0.98,1,1
5,0,28,2,N,nb25,155,1.304,-1.468,2,1
5,0,28,2,N,nb26,155,-0.115,0.024,1,1
5,0,28,2,N,nb27,155,-1.476,-0.955,1,1
5,0,28,2,N,nb28,155,1.316,-0.62,1,1
5,0,28,2,N,nb29,155,-1.285,-1.205,1,1
5,0,28,2,A,aa0,155,1.866,0.06,0,0
5,0,28,2,A,aa1,155,-1.866,1.314,0,0
5,0,28,2,N,nb0,160,0.693,0.646,1,1
5,0,28,2,N,nb1,160,-1.671,1.667,2,0
5,0,28,2,N,nb2,160,1.12,-1.071,1,1
5,0,28,2,N,nb3,160,-0.325,0.094,1,1
5,0,28,2,N,nb4,160,-1.413,0.012,2,1
5,0,28,2,N,nb5,160,0.647,0.416,1,1
5,0,28,2,N,nb6,160,1.076,-1.416,1,1
5,0,28,2,N,nb7,160,-1.712,-1.298,1,1
5,0,28,2,N,nb8,160,-1.722,0.973,0,0
5,0,28,2,N,nb9,160,-1.698,1.853,3,0
5,0,28,2,N,nb10,160,1.688,-1.818,1,1
5,0,28,2,N,nb11,160,1.862,-1.028,0,0
5,0,28,2,N,nb12,160,1.806,-1.61,1,1
5,0,28,2,N,nb13,160,-1.449,-0.231,1,1
5,0,28,2,N,nb14,160,-1.24,0.184,1,1
5,0,28,2,N,nb15,160,1.209,-0.84,3,1
5,0,28,2,N,nb16,160,0.075,1.361,0,0
5,0,28,2,N,nb17,160,1.542,-1.494,1,1
5,0,28,2,N,nb18,160,-1.866,1.865,2,1
5,0,28,2,N,nb19,160,1.572,0.617,1,1
5,0,28,2,N,nb20,160,-1.864,1.696,3,0
5,0,28,2,N,nb21,160,1.769,0.144,0,0
5,0,28,2,N,nb22,160,-1.524,-1.192,3,1
5,0,28,2,N,nb23,160,1.686,0.818,1,1
5,0,28,2,N,nb24,160,1.396,-0.98,1,1
5,0,28,2,N,nb25,160,1.304,-1.468,2,1
5,0,28,2,N,nb26,160,-0.115,0.024,1,1
5,0,28,2,N,nb27,160,-1.476,-0.955,1,1
5,0,28,2,N,nb28,160,1.316,-0.62,1,1
5,0,28,2,N,nb29,160,-1.285,-1.205,1,1
5,0,28,2,A,aa0,160,1.866,-0.022,0,0
5,0,28,2,A,aa1,160,-1.83,1.251,0,0
5,0,28,2,N,nb0,165,0.693,0.646,1,1
5,0,28,2,N,nb1,165,-1.686,1.653,2,1
5,0,28,2,N,nb2,165,1.12,-1.071,1,1
5,0,28,2,N,nb3,165,-0.325,0.094,1,1
5,0,28,2,N,nb4,165,-1.413,0.012,2,1
5,0,28,2,N,nb5,165,0.647,0.416,1,1
5,0,28,2,N,nb6,165,1.076,-1.416,1,1
5,0,28,2,N,nb7,165,-1.712,-1.298,1,1
5,0,28,2,N,nb8,165,-1.807,0.93,0,0
5,0,28,2,N,nb9,165,-1.699,1.847,3,1
5,0,28,2,N,nb10,165,1.688,-1.818,1,1
5,0,28,2,N,nb11,165,1.85,-1.12,0,0
5,0,28,2,N,nb12,165,1.806,-1.61,1,1
5,0,28,2,N,nb13,165,-1.449,-0.231,1,1
5,0,28,2,N,nb14,165,-1.24,0.184,1,1
5,0,28,2,N,nb15,165,1.209,-0.84,3,1
5,0,28,2,N,nb16,165,-0.014,1.316,0,0
5,0,28,2,N,nb17,165,1.542,-1.494,1,1
5,0,28,2,N,nb18,165,-1.866,1.865,2,1
5,0,28,2,N,nb19,165,1.572,0.617,1,0
5,0,28,2,N,nb20,165,-1.863,1.696,3,1
5,0,28,2,N,nb21,165,1.715,0.071,0,0
5,0,28,2,N,nb22,165,-1.524,-1.192,3,1
5,0,28,2,N,nb23,165,1.686,0.818,1,0
5,0,28,2,N,nb24,165,1.396,-0.98,1,1
5,0,28,2,N,nb25,165,1.304,-1.468,2,1
5,0,28,2,N,nb26,165,-0.115,0.024,1,1
5,0,28,2,N,nb27,165,-1.476,-0.955,1,1
5,0,28,2,N,nb28,165,1.316,-0.62,1,1
5,0,28,2,N,nb29,165,-1.285,-1.205,1,1
5,0,28,2,A,aa0,165,1.866,-0.106,0,0
5,0,28,2,A,aa1,165,-1.778,1.172,2,0
5,0,28,2,N,nb0,170,0.693,0.646,1,1
5,0,28,2,N,nb1,170,-1.686,1.653,2,1
5,0,28,2,N,nb2,170,1.12,-1.071,1,1
5,0,28,2,N,nb3,170,-0.325,0.094,1,1
5,0,28,2,N,nb4,170,-1.413,0.012,2,1
5,0,28,2,N,nb5,170,0.647,0.416,1,1
5,0,28,2,N,nb6,170,1.076,-1.416,1,1
5,0,28,2,N,nb7,170,-1.712,-1.298,1,1
5,0,28,2,N,nb8,170,-1.866,0.883,0,0
5,0,28,2,N,nb9,170,-1.699,1.847,3,1
5,0,28,2,N,nb10,170,1.688,-1.818,1,1
5,0,28,2,N,nb11,170,1.828,-1.211,0,0
5,0,28,2,N,nb12,170,1.806,-1.61,1,1
5,0,28,2,N,nb13,170,-1.449,-0.231,1,1
5,0,28,2,N,nb14,170,-1.24,0.184,1,1
5,0,28,2,N,nb15,170,1.209,-0.84,3,1
5,0,28,2,N,nb16,170,-0.103,1.271,0,0
5,0,28,2,N,nb17,170,1.542,-1.494,1,1
5,0,28,2,N,nb18,170,-1.866,1.865,2,1
5,0,28,2,N,nb19,170,1.572,0.617,1,1
5,0,28,2,N,nb20,170,-1.863,1.696,3,1
5,0,28,2,N,nb21,170,1.649,0.003,0,0
5,0,28,2,N,nb22,170,-1.524,-1.192,3,1
5,0,28,2,N,nb23,170,1.686,0.818,1,1
5,0,28,2,N,nb24,170,1.396,-0.98,1,1
5,0,28,2,N,nb25,170,1.304,-1.468,2,1
5,0,28,2,N,nb26,170,-0.115,0.024,1,1
5,0,28,2,N,nb27,170,-1.476,-0.955,1,1
5,0,28,2,N,nb28,170,1.316,-0.62,1,1
5,0,28,2,N,nb29,170,-1.285,-1.205,1,1
5,0,28,2,A,aa0,170,1.866,-0.194,0,0
5,0,28,2,A,aa1,170,-1.72,1.102,1,0
5,0,28,2,N,nb0,175,0.693,0.646,1,0
5,0,28,2,N,nb1,175,-1.686,1.653,2,1
5,0,28,2,N,nb2,175,1.12,-1.071,1,1
5,0,28,2,N,nb3,175,-0.325,0.094,1,1
5,0,28,2,N,nb4,175,-1.413,0.012,2,1
5,0,28,2,N,nb5,175,0.647,0.416,1,0
5,0,28,2,N,nb6,175,1.076,-1.416,1,1
5,0,28,2,N,nb7,175,-1.712,-1.298,1,1
5,0,28,2,N,nb8,175,-1.866,0.827,0,0
5,0,28,2,N,nb9,175,-1.699,1.847,3,1
5,0,28,2,N,nb10,175,1.688,-1.818,1,1
5,0,28,2,N,nb11,175,1.798,-1.3,0,0
5,0,28,2,N,nb12,175,1.806,-1.61,1,1
5,0,28,2,N,nb13,175,-1.449,-0.231,1,1
5,0,28,2,N,nb14,175,-1.24,0.184,1,1
5,0,28,2,N,nb15,175,1.209,-0.84,3,1
5,0,28,2,N,nb16,175,-0.192,1.225,0,0
5,0,28,2,N,nb17,175,1.542,-1.494,1,1
5,0,28,2,N,nb18,175,-1.866,1.865,2,1
5,0,28,2,N,nb19,175,1.572,0.617,1,1
5,0,28,2,N,nb20,175,-1.863,1.696,3,1
5,0,28,2,N,nb21,175,1.578,-0.067,0,0
5,0,28,2,N,nb22,175,-1.524,-1.192,3,1
5,0,28,2,N,nb23,175,1.686,0.818,1,1
5,0,28,2,N,nb24,175,1.396,-0.98,1,1
5,0,28,2,N,nb25,175,1.304,-1.468,2,1
5,0,28,2,N,nb26,175,-0.115,0.024,1,1
5,0,28,2,N,nb27,175,-1.476,-0.955,1,1
5,0,28,2,N,nb28,175,1.316,-0.62,1,1
5,0,28,2,N,nb29,175,-1.285,-1.205,1,1
5,0,28,2,A,aa0,175,1.866,-0.285,0,0
5,0,28,2,A,aa1,175,-1.651,1.036,0,0
5,0,28,2,N,nb0,180,0.693,0.646,1,1
5,0,28,2,N,nb1,180,-1.686,1.653,2,1
5,0,28,2,N,nb2,180,1.12,-1.071,1,1
5,0,28,2,N,nb3,180,-0.325,0.094,1,1
5,0,28,2,N,nb4,180,-1.413,0.012,2,1
5,0,28,2,N,nb5,180,0.647,0.416,1,1
5,0,28,2,N,nb6,180,1.076,-1.416,1,1
5,0,28,2,N,nb7,180,-1.712,-1.298,1,1
5,0,28,2,N,nb8,180,-1.866,0.76,0,0
5,0,28,2,N,nb9,180,-1.699,1.847,3,1
5,0,28,2,N,nb10,180,1.688,-1.818,1,1
5,0,28,2,N,nb11,180,1.767,-1.371,1,1
5,0,28,2,N,nb12,180,1.806,-1.61,2,1
5,0,28,2,N,nb13,180,-1.449,-0.231,1,1
5,0,28,2,N,nb14,180,-1.24,0.184,1,1
5,0,28,2,N,nb15,180,1.209,-0.84,3,1
5,0,28,2,N,nb16,180,-0.282,1.18,0,0
5,0,28,2,N,nb17,180,1.542,-1.494,1,1
5,0,28,2,N,nb18,180,-1.866,1.865,2,1
5,0,28,2,N,nb19,180,1.572,0.617,1,1
5,0,28,2,N,nb20,180,-1.863,1.696,3,1
5,0,28,2,N,nb21,180,1.507,-0.137,0,0
5,0,28,2,N,nb22,180,-1.524,-1.192,3,1
5,0,28,2,N,nb23,180,1.686,0.818,1,1
5,0,28,2,N,nb24,180,1.396,-0.98,1,1
5,0,28,2,N,nb25,180,1.304,-1.468,2,1
5,0,28,2,N,nb26,180,-0.115,0.024,1,1
5,0,28,2,N,nb27,180,-1.476,-0.955,1,1
5,0,28,2,N,nb28,180,1.316,-0.62,1,1
5,0,28,2,N,nb29,180,-1.285,-1.205,1,1
5,0,28,2,A,aa0,180,1.863,-0.377,1,0
5,0,28,2,A,aa1,180,-1.577,0.968,0,0
5,0,28,2,N,nb0,185,0.693,0.646,1,1
5,0,28,2,N,nb1,185,-1.686,1.653,2,1
5,0,28,2,N,nb2,185,1.12,-1.071,1,1
5,0,28,2,N,nb3,185,-0.325,0.094,1,0
5,0,28,2,N,nb4,185,-1.413,0.012,2,1
5,0,28,2,N,nb5,185,0.647,0.416,1,1
5,0,28,2,N,nb6,185,1.076,-1.416,1,1
5,0,28,2,N,nb7,185,-1.712,-1.298,1,1
5,0,28,2,N,nb8,185,-1.866,0.685,0,0
5,0,28,2,N,nb9,185,-1.699,1.847,3,1
5,0,28,2,N,nb10,185,1.688,-1.818,1,1
5,0,28,2,N,nb11,185,1.767,-1.371,1,1
5,0,28,2,N,nb12,185,1.806,-1.61,2,1
5,0,28,2,N,nb13,185,-1.449,-0.231,1,1
5,0,28,2,N,nb14,185,-1.24,0.184,1,1
5,0,28,2,N,nb15,185,1.209,-0.84,3,1
5,0,28,2,N,nb16,185,-0.371,1.135,0,0
5,0,28,2,N,nb17,185,1.542,-1.494,1,1
5,0,28,2,N,nb18,185,-1.866,1.865,2,1
5,0,28,2,N,nb19,185,1.572,0.617,1,1
5,0,28,2,N,nb20,185,-1.863,1.696,3,1
5,0,28,2,N,nb21,185,1.435,-0.208,0,0
5,0,28,2,N,nb22,185,-1.524,-1.192,3,1
5,0,28,2,N,nb23,185,1.686,0.818,1,1
5,0,28,2,N,nb24,185,1.396,-0.98,1,1
5,0,28,2,N,nb25,185,1.304,-1.468,2,1
5,0,28,2,N,nb26,185,-0.115,0.024,1,0
5,0,28,2,N,nb27,185,-1.476,-0.955,1,1
5,0,28,2,N,nb28,185,1.316,-0.62,1,1
5,0,28,2,N,nb29,185,-1.285,-1.205,1,1
5,0,28,2,A,aa0,185,1.85,-0.469,1,0
5,0,28,2,A,aa1,185,-1.504,0.9,0,0
5,0,28,2,N,nb0,190,0.693,0.646,1,1
5,0,28,2,N,nb1,190,-1.686,1.653,2,1
5,0,28,2,N,nb2,190,1.12,-1.071,1,1
5,0,28,2,N,nb3,190,-0.325,0.094,1,1
5,0,28,2,N,nb4,190,-1.413,0.012,2,1
5,0,28,2,N,nb5,190,0.647,0.416,1,1
5,0,28,2,N,nb6,190,1.076,-1.416,1,1
5,0,28,2,N,nb7,190,-1.712,-1.298,1,1
5,0,28,2,N,nb8,190,-1.866,0.602,0,0
5,0,28,2,N,nb9,190,-1.699,1.847,3,1
5,0,28,2,N,nb10,190,1.688,-1.818,1,1
5,0,28,2,N,nb11,190,1.767,-1.371,1,1
5,0,28,2,N,nb12,190,1.806,-1.61,2,1
5,0,28,2,N,nb13,190,-1.449,-0.231,1,1
5,0,28,2,N,nb14,190,-1.24,0.184,1,1
5,0,28,2,N,nb15,190,1.209,-0.84,3,1
5,0,28,2,N,nb16,190,-0.46,1.09,0,0
5,0,28,2,N,nb17,190,1.542,-1.494,1,1
5,0,28,2,N,nb18,190,-1.866,1.865,2,1
5,0,28,2,N,nb19,190,1.572,0.617,1,1
5,0,28,2,N,nb20,190,-1.863,1.696,3,1
5,0,28,2,N,nb21,190,1.364,-0.278,0,0
5,0,28,2,N,nb22,190,-1.524,-1.192,3,1
5,0,28,2,N,nb23,190,1.686,0.818,1,1
5,0,28,2,N,nb24,190,1.396,-0.98,1,1
5,0,28,2,N,nb25,190,1.304,-1.468,2,1
5,0,28,2,N,nb26,190,-0.115,0.024,1,1
5,0,28,2,N,nb27,190,-1.476,-0.955,1,1
5,0,28,2,N,nb28,190,1.316,-0.62,1,1
5,0,28,2,N,nb29,190,-1.285,-1.205,1,1
5,0,28,2,A,aa0,190,1.828,-0.56,1,0
5,0,28,2,A,aa1,190,-1.43,0.832,0,0
5,0,28,2,N,nb0,195,0.693,0.646,1,1
5,0,28,2,N,nb1,195,-1.686,1.653,2,1
5,0,28,2,N,nb2,195,1.12,-1.071,1,0
5,0,28,2,N,nb3,195,-0.325,0.094,1,1
5,0,28,2,N,nb4,195,-1.413,0.012,2,1
5,0,28,2,N,nb5,195,0.647,0.416,1,1
5,0,28,2,N,nb6,195,1.076,-1.416,1,1
5,0,28,2,N,nb7,195,-1.712,-1.298,1,1
5,0,28,2,N,nb8,195,-1.866,0.515,0,0
5,0,28,2,N,nb9,195,-1.699,1.847,3,1
5,0,28,2,N,nb10,195,1.688,-1.818,1,1
5,0,28,2,N,nb11,195,1.767,-1.371,1,1
5,0,28,2,N,nb12,195,1.806,-1.61,2,1
5,0,28,2,N,nb13,195,-1.449,-0.231,1,1
5,0,28,2,N,nb14,195,-1.24,0.184,1,1
5,0,28,2,N,nb15,195,1.209,-0.84,3,1
5,0,28,2,N,nb16,195,-0.549,1.044,0,0
5,0,28,2,N,nb17,195,1.542,-1.494,1,1
5,0,28,2,N,nb18,195,-1.866,1.865,2,1
5,0,28,2,N,nb19,195,1.572,0.617,1,1
5,0,28,2,N,nb20,195,-1.863,1.696,3,1
5,0,28,2,N,nb21,195,1.293,-0.348,0,0
5,0,28,2,N,nb22,195,-1.524,-1.192,3,1
5,0,28,2,N,nb23,195,1.686,0.818,1,1
5,0,28,2,N,nb24,195,1.396,-0.98,1,1
5,0,28,2,N,nb25,195,1.304,-1.468,2,1
5,0,28,2,N,nb26,195,-0.115,0.024,1,1
5,0,28,2,N,nb27,195,-1.476,-0.955,1,1
5,0,28,2,N,nb28,195,1.316,-0.62,1,1
5,0,28,2,N,nb29,195,-1.285,-1.205,1,1
5,0,28,2,A,aa0,195,1.798,-0.648,2,0
5,0,28,2,A,aa1,195,-1.357,0.764,1,0
5,0,28,2,N,nb0,200,0.693,0.646,1,1
5,0,28,2,N,nb1,200,-1.686,1.653,2,1
5,0,28,2,N,nb2,200,1.12,-1.071,0,1
5,0,28,2,N,nb3,200,-0.325,0.094,1,1
5,0,28,2,N,nb4,200,-1.413,0.012,2,1
5,0,28,2,N,nb5,200,0.647,0.416,1,1
5,0,28,2,N,nb6,200,1.076,-1.416,1,1
5,0,28,2,N,nb7,200,-1.712,-1.298,1,1
5,0,28,2,N,nb8,200,-1.866,0.424,0,0
5,0,28,2,N,nb9,200,-1.699,1.847,3,1
5,0,28,2,N,nb10,200,1.688,-1.818,1,1
5,0,28,2,N,nb11,200,1.767,-1.371,1,1
5,0,28,2,N,nb12,200,1.806,-1.61,2,1
5,0,28,2,N,nb13,200,-1.449,-0.231,1,1
5,0,28,2,N,nb14,200,-1.24,0.184,1,1
5,0,28,2,N,nb15,200,1.222,-0.831,2,0
5,0,28,2,N,nb16,200,-0.638,0.999,0,0
5,0,28,2,N,nb17,200,1.542,-1.494,1,1
5,0,28,2,N,nb18,200,-1.866,1.865,2,1
5,0,28,2,N,nb19,200,1.572,0.617,1,1
5,0,28,2,N,nb20,200,-1.863,1.696,3,1
5,0,28,2,N,nb21,200,1.251,-0.388,0,1
5,0,28,2,N,nb22,200,-1.524,-1.192,3,1
5,0,28,2,N,nb23,200,1.686,0.818,1,1
5,0,28,2,N,nb24,200,1.381,-0.981,1,0
5,0,28,2,N,nb25,200,1.304,-1.468,2,1
5,0,28,2,N,nb26,200,-0.115,0.024,1,1
5,0,28,2,N,nb27,200,-1.476,-0.955,1,1
5,0,28,2,N,nb28,200,1.312,-0.634,1,0
5,0,28,2,N,nb29,200,-1.285,-1.205,1,0
5,0,28,2,A,aa0,200,1.76,-0.734,0,0
5,0,28,2,A,aa1,200,-1.31,0.721,0,0
5,0,28,2,N,nb0,205,0.693,0.646,1,1
5,0,28,2,N,nb1,205,-1.686,1.653,2,1
5,0,28,2,N,nb2,205,1.12,-1.071,1,1
5,0,28,2,N,nb3,205,-0.325,0.094,1,1
5,0,28,2,N,nb4,205,-1.413,0.012,2,1
5,0,28,2,N,nb5,205,0.647,0.416,1,1
5,0,28,2,N,nb6,205,1.076,-1.416,1,1
5,0,28,2,N,nb7,205,-1.712,-1.298,1,1
5,0,28,2,N,nb8,205,-1.863,0.332,0,0
5,0,28,2,N,nb9,205,-1.699,1.847,3,1
5,0,28,2,N,nb10,205,1.688,-1.818,1,1
5,0,28,2,N,nb11,205,1.767,-1.371,1,1
5,0,28,2,N,nb12,205,1.806,-1.61,2,1
5,0,28,2,N,nb13,205,-1.449,-0.231,1,1
5,0,28,2,N,nb14,205,-1.24,0.184,1,1
5,0,28,2,N,nb15,205,1.267,-0.828,2,0
5,0,28,2,N,nb16,205,-0.727,0.954,0,0
5,0,28,2,N,nb17,205,1.542,-1.494,1,1
5,0,28,2,N,nb18,205,-1.866,1.865,2,1
5,0,28,2,N,nb19,205,1.572,0.617,1,1
5,0,28,2,N,nb20,205,-1.863,1.696,3,1
5,0,28,2,N,nb21,205,1.251,-0.388,0,1
5,0,28,2,N,nb22,205,-1.524,-1.192,3,1
5,0,28,2,N,nb23,205,1.686,0.818,1,1
5,0,28,2,N,nb24,205,1.293,-0.995,2,0
5,0,28,2,N,nb25,205,1.304,-1.468,2,1
5,0,28,2,N,nb26,205,-0.115,0.024,1,1
5,0,28,2,N,nb27,205,-1.476,-0.955,1,1
5,0,28,2,N,nb28,205,1.316,-0.667,1,0
5,0,28,2,N,nb29,205,-1.285,-1.205,1,1
5,0,28,2,A,aa0,205,1.715,-0.823,1,0
5,0,28,2,A,aa1,205,-1.31,0.721,1,0
5,0,28,2,N,nb0,210,0.693,0.646,1,1
5,0,28,2,N,nb1,210,-1.686,1.653,2,1
5,0,28,2,N,nb2,210,1.096,-1.083,1,1
5,0,28,2,N,nb3,210,-0.325,0.094,1,1
5,0,28,2,N,nb4,210,-1.413,0.012,2,1
5,0,28,2,N,nb5,210,0.647,0.416,1,1
5,0,28,2,N,nb6,210,1.076,-1.416,1,1
5,0,28,2,N,nb7,210,-1.712,-1.298,1,1
5,0,28,2,N,nb8,210,-1.851,0.24,0,0
5,0,28,2,N,nb9,210,-1.699,1.847,3,1
5,0,28,2,N,nb10,210,1.688,-1.818,1,1
5,0,28,2,N,nb11,210,1.767,-1.371,1,1
5,0,28,2,N,nb12,210,1.806,-1.61,2,1
5,0,28,2,N,nb13,210,-1.449,-0.231,1,1
5,0,28,2,N,nb14,210,-1.24,0.184,1,1
5,0,28,2,N,nb15,210,1.309,-0.827,2,1
5,0,28,2,N,nb16,210,-0.817,0.909,0,0
5,0,28,2,N,nb17,210,1.542,-1.494,1,1
5,0,28,2,N,nb18,210,-1.866,1.865,2,1
5,0,28,2,N,nb19,210,1.572,0.617,1,1
5,0,28,2,N,nb20,210,-1.863,1.696,3,1
5,0,28,2,N,nb21,210,1.251,-0.388,0,1
5,0,28,2,N,nb22,210,-1.524,-1.192,3,1
5,0,28,2,N,nb23,210,1.686,0.818,1,1
5,0,28,2,N,nb24,210,1.247,-1.005,2,1
5,0,28,2,N,nb25,210,1.304,-1.468,2,1
5,0,28,2,N,nb26,210,-0.115,0.024,1,1
5,0,28,2,N,nb27,210,-1.476,-0.955,1,1
5,0,28,2,N,nb28,210,1.338,-0.662,1,1
5,0,28,2,N,nb29,210,-1.285,-1.205,1,1
5,0,28,2,A,aa0,210,1.67,-0.913,2,0
5,0,28,2,A,aa1,210,-1.217,0.745,1,0
5,0,28,2,N,nb0,215,0.693,0.646,1,1
5,0,28,2,N,nb1,215,-1.686,1.653,2,1
5,0,28,2,N,nb2,215,1.089,-1.087,1,1
5,0,28,2,N,nb3,215,-0.325,0.094,1,1
5,0,28,2,N,nb4,215,-1.413,0.012,2,1
5,0,28,2,N,nb5,215,0.647,0.416,1,1
5,0,28,2,N,nb6,215,1.076,-1.416,1,1
5,0,28,2,N,nb7,215,-1.712,-1.298,1,1
5,0,28,2,N,nb8,215,-1.83,0.149,0,0
5,0,28,2,N,nb9,215,-1.699,1.847,3,1
5,0,28,2,N,nb10,215,1.688,-1.818,1,0
5,0,28,2,N,nb11,215,1.752,-1.4,1,0
5,0,28,2,N,nb12,215,1.806,-1.61,2,0
5,0,28,2,N,nb13,215,-1.449,-0.231,1,1
5,0,28,2,N,nb14,215,-1.24,0.184,1,1
5,0,28,2,N,nb15,215,1.322,-0.832,2,0
5,0,28,2,N,nb16,215,-0.906,0.864,0,0
5,0,28,2,N,nb17,215,1.511,-1.505,1,0
5,0,28,2,N,nb18,215,-1.866,1.865,2,1
5,0,28,2,N,nb19,215,1.572,0.617,1,1
5,0,28,2,N,nb20,215,-1.863,1.696,3,1
5,0,28,2,N,nb21,215,1.251,-0.388,0,1
5,0,28,2,N,nb22,215,-1.524,-1.192,3,1
5,0,28,2,N,nb23,215,1.686,0.818,1,1
5,0,28,2,N,nb24,215,1.237,-1.004,2,0
5,0,28,2,N,nb25,215,1.304,-1.468,2,0
5,0,28,2,N,nb26,215,-0.115,0.024,1,1
5,0,28,2,N,nb27,215,-1.476,-0.955,1,1
5,0,28,2,N,nb28,215,1.35,-0.667,1,0
5,0,28,2,N,nb29,215,-1.285,-1.205,1,1
5,0,28,2,A,aa0,215,1.625,-1.002,1,0
5,0,28,2,A,aa1,215,-1.123,0.77,1,0
5,0,28,2,N,nb0,220,0.693,0.646,1,1
5,0,28,2,N,nb1,220,-1.686,1.653,2,1
5,0,28,2,N,nb2,220,1.073,-1.102,1,1
5,0,28,2,N,nb3,220,-0.325,0.094,1,1
5,0,28,2,N,nb4,220,-1.413,0.012,2,1
5,0,28,2,N,nb5,220,0.647,0.416,1,1
5,0,28,2,N,nb6,220,1.076,-1.416,0,1
5,0,28,2,N,nb7,220,-1.712,-1.298,1,1
5,0,28,2,N,nb8,220,-1.8,0.06,0,0
5,0,28,2,N,nb9,220,-1.699,1.847,3,1
5,0,28,2,N,nb10,220,1.688,-1.818,1,1
5,0,28,2,N,nb11,220,1.702,-1.473,1,0
5,0,28,2,N,nb12,220,1.806,-1.61,2,1
5,0,28,2,N,nb13,220,-1.449,-0.231,1,1
5,0,28,2,N,nb14,220,-1.24,0.184,1,1
5,0,28,2,N,nb15,220,1.37,-0.849,2,0
5,0,28,2,N,nb16,220,-0.932,0.836,0,0
5,0,28,2,N,nb17,220,1.436,-1.543,1,0
5,0,28,2,N,nb18,220,-1.866,1.865,2,1
5,0,28,2,N,nb19,220,1.572,0.617,1,1
5,0,28,2,N,nb20,220,-1.863,1.696,3,1
5,0,28,2,N,nb21,220,1.251,-0.388,0,1
5,0,28,2,N,nb22,220,-1.524,-1.192,3,1
5,0,28,2,N,nb23,220,1.686,0.818,1,1
5,0,28,2,N,nb24,220,1.211,-1.004,2,0
5,0,28,2,N,nb25,220,1.347,-1.392,1,0
5,0,28,2,N,nb26,220,-0.115,0.024,1,1
5,0,28,2,N,nb27,220,-1.476,-0.955,1,1
5,0,28,2,N,nb28,220,1.393,-0.683,1,0
5,0,28,2,N,nb29,220,-1.285,-1.205,1,1
5,0,28,2,A,aa0,220,1.579,-1.091,2,0
5,0,28,2,A,aa1,220,-1.085,0.765,0,0
5,0,28,2,N,nb0,225,0.693,0.646,1,1
5,0,28,2,N,nb1,225,-1.686,1.653,2,1
5,0,28,2,N,nb2,225,1.065,-1.113,1,1
5,0,28,2,N,nb3,225,-0.325,0.094,1,1
5,0,28,2,N,nb4,225,-1.413,0.012,2,1
5,0,28,2,N,nb5,225,0.647,0.416,1,1
5,0,28,2,N,nb6,225,1.076,-1.416,0,1
5,0,28,2,N,nb7,225,-1.712,-1.298,1,1
5,0,28,2,N,nb8,225,-1.763,-0.026,0,0
5,0,28,2,N,nb9,225,-1.699,1.847,3,1
5,0,28,2,N,nb10,225,1.688,-1.818,1,1
5,0,28,2,N,nb11,225,1.664,-1.516,1,1
5,0,28,2,N,nb12,225,1.807,-1.611,2,1
5,0,28,2,N,nb13,225,-1.449,-0.231,1,1
5,0,28,2,N,nb14,225,-1.24,0.184,1,1
5,0,28,2,N,nb15,225,1.405,-0.862,1,1
5,0,28,2,N,nb16,225,-0.92,0.805,0,0
5,0,28,2,N,nb17,225,1.385,-1.574,0,1
5,0,28,2,N,nb18,225,-1.866,1.865,2,1
5,0,28,2,N,nb19,225,1.572,0.617,1,1
5,0,28,2,N,nb20,225,-1.863,1.696,3,1
5,0,28,2,N,nb21,225,1.251,-0.388,0,1
5,0,28,2,N,nb22,225,-1.524,-1.192,3,1
5,0,28,2,N,nb23,225,1.686,0.818,1,1
5,0,28,2,N,nb24,225,1.195,-1.006,1,1
5,0,28,2,N,nb25,225,1.391,-1.308,0,0
5,0,28,2,N,nb26,225,-0.115,0.024,1,1
5,0,28,2,N,nb27,225,-1.476,-0.955,1,1
5,0,28,2,N,nb28,225,1.427,-0.696,1,1
5,0,28,2,N,nb29,225,-1.285,-1.205,1,1
5,0,28,2,A,aa0,225,1.537,-1.176,5,1
5,0,28,2,A,aa1,225,-1.073,0.732,1,0
5,0,28,2,N,nb0,230,0.693,0.646,1,1
5,0,28,2,N,nb1,230,-1.686,1.653,2,1
5,0,28,2,N,nb2,230,1.023,-1.088,1,0
5,0,28,2,N,nb3,230,-0.325,0.094,1,1
5,0,28,2,N,nb4,230,-1.413,0.012,2,1
5,0,28,2,N,nb5,230,0.647,0.416,1,1
5,0,28,2,N,nb6,230,1.076,-1.416,0,1
5,0,28,2,N,nb7,230,-1.712,-1.298,1,1
5,0,28,2,N,nb8,230,-1.718,-0.115,0,0
5,0,28,2,N,nb9,230,-1.699,1.847,3,1
5,0,28,2,N,nb10,230,1.688,-1.818,1,1
5,0,28,2,N,nb11,230,1.627,-1.553,1,0
5,0,28,2,N,nb12,230,1.807,-1.611,2,1
5,0,28,2,N,nb13,230,-1.449,-0.231,1,1
5,0,28,2,N,nb14,230,-1.24,0.184,1,1
5,0,28,2,N,nb15,230,1.439,-0.863,1,0
5,0,28,2,N,nb16,230,-0.903,0.76,0,0
5,0,28,2,N,nb17,230,1.338,-1.605,0,0
5,0,28,2,N,nb18,230,-1.866,1.865,2,1
5,0,28,2,N,nb19,230,1.572,0.617,1,1
5,0,28,2,N,nb20,230,-1.863,1.696,3,1
5,0,28,2,N,nb21,230,1.238,-0.399,0,0
5,0,28,2,N,nb22,230,-1.524,-1.192,3,1
5,0,28,2,N,nb23,230,1.686,0.818,1,1
5,0,28,2,N,nb24,230,1.177,-1.018,1,0
5,0,28,2,N,nb25,230,1.39,-1.283,0,0
5,0,28,2,N,nb26,230,-0.115,0.024,1,1
5,0,28,2,N,nb27,230,-1.476,-0.955,1,1
5,0,28,2,N,nb28,230,1.427,-0.696,1,1
5,0,28,2,N,nb29,230,-1.285,-1.205,1,1
5,0,28,2,A,aa0,230,1.54,-1.202,1,0
5,0,28,2,A,aa1,230,-1.055,0.686,1,0
5,0,28,2,N,nb0,235,0.693,0.646,1,1
5,0,28,2,N,nb1,235,-1.686,1.653,2,1
5,0,28,2,N,nb2,235,0.954,-1.022,1,0
5,0,28,2,N,nb3,235,-0.325,0.094,1,1
5,0,28,2,N,nb4,235,-1.413,0.012,2,1
5,0,28,2,N,nb5,235,0.647,0.416,1,1
5,0,28,2,N,nb6,235,1.076,-1.416,0,1
5,0,28,2,N,nb7,235,-1.712,-1.298,1,1
5,0,28,2,N,nb8,235,-1.684,-0.186,1,1
5,0,28,2,N,nb9,235,-1.699,1.847,3,1
5,0,28,2,N,nb10,235,1.688,-1.818,2,1
5,0,28,2,N,nb11,235,1.556,-1.616,1,0
5,0,28,2,N,nb12,235,1.807,-1.611,1,1
5,0,28,2,N,nb13,235,-1.449,-0.231,2,1
5,0,28,2,N,nb14,235,-1.24,0.184,1,1
5,0,28,2,N,nb15,235,1.524,-0.843,1,0
5,0,28,2,N,nb16,235,-0.882,0.703,0,0
5,0,28,2,N,nb17,235,1.255,-1.661,0,0
5,0,28,2,N,nb18,235,-1.866,1.865,2,0
5,0,28,2,N,nb19,235,1.572,0.617,1,1
5,0,28,2,N,nb20,235,-1.863,1.696,3,1
5,0,28,2,N,nb21,235,1.163,-0.465,0,0
5,0,28,2,N,nb22,235,-1.524,-1.192,3,1
5,0,28,2,N,nb23,235,1.686,0.818,1,1
5,0,28,2,N,nb24,235,1.136,-1.084,1,0
5,0,28,2,N,nb25,235,1.384,-1.218,0,0
5,0,28,2,N,nb26,235,-0.115,0.024,1,1
5,0,28,2,N,nb27,235,-1.476,-0.955,1,0
5,0,28,2,N,nb28,235,1.427,-0.696,1,1
5,0,28,2,N,nb29,235,-1.285,-1.205,1,1
5,0,28,2,A,aa0,235,1.549,-1.267,2,0
5,0,28,2,A,aa1,235,-1.033,0.628,1,0
5,0,28,2,N,nb0,240,0.693,0.646,1,1
5,0,28,2,N,nb1,240,-1.686,1.653,2,1
5,0,28,2,N,nb2,240,0.923,-0.993,1,1
5,0,28,2,N,nb3,240,-0.325,0.094,1,1
5,0,28,2,N,nb4,240,-1.413,0.012,2,1
5,0,28,2,N,nb5,240,0.647,0.416,1,1
5,0,28,2,N,nb6,240,1.111,-1.406,0,0
5,0,28,2,N,nb7,240,-1.712,-1.298,1,1
5,0,28,2,N,nb8,240,-1.684,-0.186,1,1
5,0,28,2,N,nb9,240,-1.699,1.847,3,1
5,0,28,2,N,nb10,240,1.72,-1.807,1,0
5,0,28,2,N,nb11,240,1.511,-1.65,0,0
5,0,28,2,N,nb12,240,1.794,-1.642,1,0
5,0,28,2,N,nb13,240,-1.449,-0.231,2,1
5,0,28,2,N,nb14,240,-1.24,0.184,1,1
5,0,28,2,N,nb15,240,1.579,-0.831,1,0
5,0,28,2,N,nb16,240,-0.857,0.636,0,0
5,0,28,2,N,nb17,240,1.172,-1.716,0,0
5,0,28,2,N,nb18,240,-1.866,1.865,2,1
5,0,28,2,N,nb19,240,1.572,0.617,1,1
5,0,28,2,N,nb20,240,-1.863,1.696,3,1
5,0,28,2,N,nb21,240,1.087,-0.531,0,0
5,0,28,2,N,nb22,240,-1.524,-1.192,3,1
5,0,28,2,N,nb23,240,1.686,0.818,1,1
5,0,28,2,N,nb24,240,1.118,-1.119,1,0
5,0,28,2,N,nb25,240,1.39,-1.124,0,0
5,0,28,2,N,nb26,240,-0.115,0.024,1,1
5,0,28,2,N,nb27,240,-1.476,-0.955,1,1
5,0,28,2,N,nb28,240,1.427,-0.696,1,1
5,0,28,2,N,nb29,240,-1.285,-1.205,1,1
5,0,28,2,A,aa0,240,1.545,-1.362,1,0
5,0,28,2,A,aa1,240,-1.008,0.56,1,0
5,0,28,2,N,nb0,245,0.693,0.646,1,1
5,0,28,2,N,nb1,245,-1.686,1.653,2,1
5,0,28,2,N,nb2,245,0.923,-0.993,0,1
5,0,28,2,N,nb3,245,-0.325,0.094,1,1
5,0,28,2,N,nb4,245,-1.413,0.012,2,1
5,0,28,2,N,nb5,245,0.647,0.416,1,1
5,0,28,2,N,nb6,245,1.202,-1.382,1,0
5,0,28,2,N,nb7,245,-1.712,-1.298,1,1
5,0,28,2,N,nb8,245,-1.684,-0.186,1,1
5,0,28,2,N,nb9,245,-1.699,1.847,3,1
5,0,28,2,N,nb10,245,1.75,-1.826,1,0
5,0,28,2,N,nb11,245,1.43,-1.705,0,0
5,0,28,2,N,nb12,245,1.811,-1.669,1,0
5,0,28,2,N,nb13,245,-1.449,-0.231,2,0
5,0,28,2,N,nb14,245,-1.24,0.184,1,1
5,0,28,2,N,nb15,245,1.674,-0.815,0,0
5,0,28,2,N,nb16,245,-0.857,0.555,0,0
5,0,28,2,N,nb17,245,1.089,-1.772,0,0
5,0,28,2,N,nb18,245,-1.866,1.865,2,1
5,0,28,2,N,nb19,245,1.572,0.617,1,1
5,0,28,2,N,nb20,245,-1.863,1.696,3,1
5,0,28,2,N,nb21,245,1.012,-0.596,0,0
5,0,28,2,N,nb22,245,-1.524,-1.192,3,1
5,0,28,2,N,nb23,245,1.686,0.818,1,1
5,0,28,2,N,nb24,245,1.084,-1.199,1,0
5,0,28,2,N,nb25,245,1.393,-1.024,0,0
5,0,28,2,N,nb26,245,-0.115,0.024,1,1
5,0,28,2,N,nb27,245,-1.476,-0.955,1,1
5,0,28,2,N,nb28,245,1.427,-0.696,0,1
5,0,28,2,N,nb29,245,-1.285,-1.205,1,1
5,0,28,2,A,aa0,245,1.545,-1.462,0,0
5,0,28,2,A,aa1,245,-1.025,0.538,1,0
5,0,28,2,N,nb0,250,0.693,0.646,1,1
5,0,28,2,N,nb1,250,-1.686,1.653,2,1
5,0,28,2,N,nb2,250,0.923,-0.993,0,1
5,0,28,2,N,nb3,250,-0.325,0.094,1,1
5,0,28,2,N,nb4,250,-1.413,0.012,2,1
5,0,28,2,N,nb5,250,0.647,0.416,1,1
5,0,28,2,N,nb6,250,1.261,-1.372,1,1
5,0,28,2,N,nb7,250,-1.712,-1.298,1,1
5,0,28,2,N,nb8,250,-1.684,-0.186,1,1
5,0,28,2,N,nb9,250,-1.699,1.847,3,1
5,0,28,2,N,nb10,250,1.778,-1.844,1,1
5,0,28,2,N,nb11,250,1.347,-1.762,0,0
5,0,28,2,N,nb12,250,1.812,-1.678,1,1
5,0,28,2,N,nb13,250,-1.449,-0.231,2,1
5,0,28,2,N,nb14,250,-1.24,0.184,1,1
5,0,28,2,N,nb15,250,1.773,-0.802,0,0
5,0,28,2,N,nb16,250,-0.853,0.463,0,0
5,0,28,2,N,nb17,250,1.012,-1.817,0,0
5,0,28,2,N,nb18,250,-1.866,1.865,2,1
5,0,28,2,N,nb19,250,1.572,0.617,1,1
5,0,28,2,N,nb20,250,-1.863,1.696,3,1
5,0,28,2,N,nb21,250,0.936,-0.662,0,0
5,0,28,2,N,nb22,250,-1.524,-1.192,3,1
5,0,28,2,N,nb23,250,1.686,0.818,1,1
5,0,28,2,N,nb24,250,1.041,-1.279,1,1
5,0,28,2,N,nb25,250,1.395,-0.927,1,1
5,0,28,2,N,nb26,250,-0.115,0.024,1,1
5,0,28,2,N,nb27,250,-1.476,-0.955,1,1
5,0,28,2,N,nb28,250,1.427,-0.696,1,1
5,0,28,2,N,nb29,250,-1.285,-1.205,1,1
5,0,28,2,A,aa0,250,1.545,-1.562,3,1
5,0,28,2,A,aa1,250,-1.021,0.513,1,0
5,0,28,2,N,nb0,255,0.693,0.646,1,1
5,0,28,2,N,nb1,255,-1.686,1.653,2,1
5,0,28,2,N,nb2,255,0.923,-0.993,0,1
5,0,28,2,N,nb3,255,-0.325,0.094,1,1
5,0,28,2,N,nb4,255,-1.413,0.012,2,1
5,0,28,2,N,nb5,255,0.647,0.416,1,1
5,0,28,2,N,nb6,255,1.317,-1.364,0,0
5,0,28,2,N,nb7,255,-1.712,-1.298,1,1
5,0,28,2,N,nb8,255,-1.684,-0.186,1,1
5,0,28,2,N,nb9,255,-1.699,1.847,3,1
5,0,28,2,N,nb10,255,1.816,-1.857,1,0
5,0,28,2,N,nb11,255,1.27,-1.811,0,0
5,0,28,2,N,nb12,255,1.793,-1.689,1,0
5,0,28,2,N,nb13,255,-1.449,-0.231,2,1
5,0,28,2,N,nb14,255,-1.24,0.184,1,1
5,0,28,2,N,nb15,255,1.857,-0.785,0,0
5,0,28,2,N,nb16,255,-0.842,0.368,0,0
5,0,28,2,N,nb17,255,0.928,-1.851,0,0
5,0,28,2,N,nb18,255,-1.866,1.865,2,1
5,0,28,2,N,nb19,255,1.572,0.617,1,1
5,0,28,2,N,nb20,255,-1.863,1.696,3,1
5,0,28,2,N,nb21,255,0.861,-0.727,0,0
5,0,28,2,N,nb22,255,-1.524,-1.192,3,1
5,0,28,2,N,nb23,255,1.686,0.818,1,1
5,0,28,2,N,nb24,255,1.039,-1.281,0,1
5,0,28,2,N,nb25,255,1.395,-0.924,1,1
5,0,28,2,N,nb26,255,-0.115,0.024,1,1
5,0,28,2,N,nb27,255,-1.476,-0.955,1,1
5,0,28,2,N,nb28,255,1.427,-0.696,1,1
5,0,28,2,N,nb29,255,-1.285,-1.205,1,1
5,0,28,2,A,aa0,255,1.545,-1.66,0,0
5,0,28,2,A,aa1,255,-1.021,0.513,1,0
5,0,28,2,N,nb0,260,0.693,0.646,1,1
5,0,28,2,N,nb1,260,-1.686,1.653,2,1
5,0,28,2,N,nb2,260,0.923,-0.993,1,1
5,0,28,2,N,nb3,260,-0.325,0.094,1,1
5,0,28,2,N,nb4,260,-1.413,0.012,2,0
5,0,28,2,N,nb5,260,0.647,0.416,1,1
5,0,28,2,N,nb6,260,1.416,-1.351,0,0
5,0,28,2,N,nb7,260,-1.712,-1.298,1,1
5,0,28,2,N,nb8,260,-1.684,-0.186,1,1
5,0,28,2,N,nb9,260,-1.699,1.847,3,1
5,0,28,2,N,nb10,260,1.867,-1.848,1,0
5,0,28,2,N,nb11,260,1.188,-1.848,0,0
5,0,28,2,N,nb12,260,1.726,-1.742,1,0
5,0,28,2,N,nb13,260,-1.449,-0.231,2,1
5,0,28,2,N,nb14,260,-1.24,0.184,1,0
5,0,28,2,N,nb15,260,1.865,-0.756,0,0
5,0,28,2,N,nb16,260,-0.824,0.271,0,0
5,0,28,2,N,nb17,260,0.841,-1.865,0,0
5,0,28,2,N,nb18,260,-1.866,1.865,2,1
5,0,28,2,N,nb19,260,1.572,0.617,1,1
5,0,28,2,N,nb20,260,-1.863,1.696,3,1
5,0,28,2,N,nb21,260,0.801,-0.777,1,1
5,0,28,2,N,nb22,260,-1.524,-1.192,3,1
5,0,28,2,N,nb23,260,1.686,0.818,1,1
5,0,28,2,N,nb24,260,1.039,-1.281,0,1
5,0,28,2,N,nb25,260,1.395,-0.924,1,1
5,0,28,2,N,nb26,260,-0.115,0.024,1,1
5,0,28,2,N,nb27,260,-1.476,-0.955,1,1
5,0,28,2,N,nb28,260,1.427,-0.696,1,1
5,0,28,2,N,nb29,260,-1.285,-1.205,1,1
5,0,28,2,A,aa0,260,1.539,-1.752,0,0
5,0,28,2,A,aa1,260,-0.972,0.592,1,0
5,0,28,2,N,nb0,265,0.693,0.646,1,1
5,0,28,2,N,nb1,265,-1.686,1.653,2,1
5,0,28,2,N,nb2,265,0.923,-0.993,1,1
5,0,28,2,N,nb3,265,-0.325,0.094,1,1
5,0,28,2,N,nb4,265,-1.413,0.012,2,1
5,0,28,2,N,nb5,265,0.647,0.416,1,1
5,0,28,2,N,nb6,265,1.515,-1.338,0,0
5,0,28,2,N,nb7,265,-1.712,-1.298,1,1
5,0,28,2,N,nb8,265,-1.684,-0.186,1,1
5,0,28,2,N,nb9,265,-1.699,1.847,3,1
5,0,28,2,N,nb10,265,1.867,-1.84,1,1
5,0,28,2,N,nb11,265,1.101,-1.865,0,0
5,0,28,2,N,nb12,265,1.698,-1.764,1,1
5,0,28,2,N,nb13,265,-1.449,-0.231,2,1
5,0,28,2,N,nb14,265,-1.24,0.184,1,1
5,0,28,2,N,nb15,265,1.865,-0.712,0,0
5,0,28,2,N,nb16,265,-0.805,0.173,0,0
5,0,28,2,N,nb17,265,0.751,-1.865,0,0
5,0,28,2,N,nb18,265,-1.866,1.865,2,1
5,0,28,2,N,nb19,265,1.572,0.617,1,1
5,0,28,2,N,nb20,265,-1.863,1.696,3,1
5,0,28,2,N,nb21,265,0.801,-0.777,1,1
5,0,28,2,N,nb22,265,-1.524,-1.192,3,1
5,0,28,2,N,nb23,265,1.686,0.818,1,1
5,0,28,2,N,nb24,265,1.039,-1.281,0,1
5,0,28,2,N,nb25,265,1.395,-0.924,1,1
5,0,28,2,N,nb26,265,-0.115,0.024,1,1
5,0,28,2,N,nb27,265,-1.476,-0.955,1,1
5,0,28,2,N,nb28,265,1.427,-0.696,1,1
5,0,28,2,N,nb29,265,-1.285,-1.205,1,1
5,0,28,2,A,aa0,265,1.52,-1.843,1,0
5,0,28,2,A,aa1,265,-0.958,0.629,1,0
5,0,28,2,N,nb0,270,0.693,0.646,1,1
5,0,28,2,N,nb1,270,-1.686,1.653,2,1
5,0,28,2,N,nb2,270,0.923,-0.993,1,1
5,0,28,2,N,nb3,270,-0.325,0.094,1,1
5,0,28,2,N,nb4,270,-1.413,0.012,2,1
5,0,28,2,N,nb5,270,0.647,0.416,1,1
5,0,28,2,N,nb6,270,1.614,-1.325,0,0
5,0,28,2,N,nb7,270,-1.712,-1.298,1,1
5,0,28,2,N,nb8,270,-1.684,-0.186,1,1
5,0,28,2,N,nb9,270,-1.699,1.847,3,1
5,0,28,2,N,nb10,270,1.867,-1.84,1,1
5,0,28,2,N,nb11,270,1.012,-1.865,0,0
5,0,28,2,N,nb12,270,1.698,-1.764,1,1
5,0,28,2,N,nb13,270,-1.449,-0.231,2,1
5,0,28,2,N,nb14,270,-1.24,0.184,1,1
5,0,28,2,N,nb15,270,1.865,-0.656,0,0
5,0,28,2,N,nb16,270,-0.787,0.075,0,0
5,0,28,2,N,nb17,270,0.659,-1.864,0,0
5,0,28,2,N,nb18,270,-1.866,1.865,2,1
5,0,28,2,N,nb19,270,1.572,0.617,1,1
5,0,28,2,N,nb20,270,-1.863,1.696,3,1
5,0,28,2,N,nb21,270,0.801,-0.777,1,1
5,0,28,2,N,nb22,270,-1.524,-1.192,3,1
5,0,28,2,N,nb23,270,1.686,0.818,1,1
5,0,28,2,N,nb24,270,1.039,-1.281,0,1
5,0,28,2,N,nb25,270,1.395,-0.924,1,1
5,0,28,2,N,nb26,270,-0.115,0.024,1,1
5,0,28,2,N,nb27,270,-1.476,-0.955,1,1
5,0,28,2,N,nb28,270,1.427,-0.696,1,1
5,0,28,2,N,nb29,270,-1.285,-1.205,1,1
5,0,28,2,A,aa0,270,1.499,-1.865,2,0
5,0,28,2,A,aa1,270,-0.948,0.729,0,0
5,0,28,2,N,nb0,275,0.693,0.646,1,1
5,0,28,2,N,nb1,275,-1.686,1.653,2,1
5,0,28,2,N,nb2,275,0.923,-0.993,1,1
5,0,28,2,N,nb3,275,-0.325,0.094,1,1
5,0,28,2,N,nb4,275,-1.413,0.012,2,1
5,0,28,2,N,nb5,275,0.647,0.416,1,1
5,0,28,2,N,nb6,275,1.713,-1.312,0,0
5,0,28,2,N,nb7,275,-1.712,-1.298,1,1
5,0,28,2,N,nb8,275,-1.684,-0.186,1,1
5,0,28,2,N,nb9,275,-1.699,1.847,3,1
5,0,28,2,N,nb10,275,1.867,-1.84,1,1
5,0,28,2,N,nb11,275,0.92,-1.865,0,0
5,0,28,2,N,nb12,275,1.698,-1.764,1,1
5,0,28,2,N,nb13,275,-1.449,-0.231,2,1
5,0,28,2,N,nb14,275,-1.24,0.184,1,1
5,0,28,2,N,nb15,275,1.865,-0.588,0,0
5,0,28,2,N,nb16,275,-0.768,-0.023,0,0
5,0,28,2,N,nb17,275,0.567,-1.855,0,0
5,0,28,2,N,nb18,275,-1.866,1.865,2,1
5,0,28,2,N,nb19,275,1.572,0.617,1,1
5,0,28,2,N,nb20,275,-1.863,1.696,3,1
5,0,28,2,N,nb21,275,0.801,-0.777,1,1
5,0,28,2,N,nb22,275,-1.524,-1.192,3,1
5,0,28,2,N,nb23,275,1.686,0.818,1,1
5,0,28,2,N,nb24,275,1.039,-1.281,0,1
5,0,28,2,N,nb25,275,1.395,-0.924,1,1
5,0,28,2,N,nb26,275,-0.115,0.024,1,1
5,0,28,2,N,nb27,275,-1.476,-0.955,1,1
5,0,28,2,N,nb28,275,1.427,-0.696,1,1
5,0,28,2,N,nb29,275,-1.285,-1.205,1,1
5,0,28,2,A,aa0,275,1.464,-1.865,2,0
5,0,28,2,A,aa1,275,-0.938,0.828,0,0
5,0,28,2,N,nb0,280,0.693,0.646,1,1
5,0,28,2,N,nb1,280,-1.686,1.653,2,1
5,0,28,2,N,nb2,280,0.923,-0.993,1,1
5,0,28,2,N,nb3,280,-0.325,0.094,1,1
5,0,28,2,N,nb4,280,-1.413,0.012,2,1
5,0,28,2,N,nb5,280,0.647,0.416,1,1
5,0,28,2,N,nb6,280,1.807,-1.299,0,0
5,0,28,2,N,nb7,280,-1.712,-1.298,1,1
5,0,28,2,N,nb8,280,-1.684,-0.186,1,1
5,0,28,2,N,nb9,280,-1.699,1.847,3,1
5,0,28,2,N,nb10,280,1.867,-1.84,1,1
5,0,28,2,N,nb11,280,0.828,-1.858,0,0
5,0,28,2,N,nb12,280,1.698,-1.764,1,1
5,0,28,2,N,nb13,280,-1.449,-0.231,2,1
5,0,28,2,N,nb14,280,-1.24,0.184,1,1
5,0,28,2,N,nb15,280,1.865,-0.511,0,0
5,0,28,2,N,nb16,280,-0.75,-0.122,0,0
5,0,28,2,N,nb17,280,0.476,-1.836,0,0
5,0,28,2,N,nb18,280,-1.866,1.865,2,1
5,0,28,2,N,nb19,280,1.572,0.617,1,1
5,0,28,2,N,nb20,280,-1.863,1.696,3,1
5,0,28,2,N,nb21,280,0.801,-0.777,1,1
5,0,28,2,N,nb22,280,-1.524,-1.192,3,1
5,0,28,2,N,nb23,280,1.686,0.818,1,1
5,0,28,2,N,nb24,280,1.039,-1.281,0,0
5,0,28,2,N,nb25,280,1.395,-0.924,1,0
5,0,28,2,N,nb26,280,-0.115,0.024,1,1
5,0,28,2,N,nb27,280,-1.476,-0.955,1,1
5,0,28,2,N,nb28,280,1.427,-0.696,1,1
5,0,28,2,N,nb29,280,-1.285,-1.205,1,1
5,0,28,2,A,aa0,280,1.415,-1.865,1,0
5,0,28,2,A,aa1,280,-0.929,0.928,0,0
5,0,28,2,N,nb0,285,0.693,0.646,1,1
5,0,28,2,N,nb1,285,-1.686,1.653,2,1
5,0,28,2,N,nb2,285,0.923,-0.993,1,1
5,0,28,2,N,nb3,285,-0.325,0.094,1,1
5,0,28,2,N,nb4,285,-1.413,0.012,2,1
5,0,28,2,N,nb5,285,0.647,0.416,1,1
5,0,28,2,N,nb6,285,1.866,-1.277,0,0
5,0,28,2,N,nb7,285,-1.712,-1.298,1,1
5,0,28,2,N,nb8,285,-1.684,-0.186,1,1
5,0,28,2,N,nb9,285,-1.699,1.847,3,1
5,0,28,2,N,nb10,285,1.867,-1.84,1,1
5,0,28,2,N,nb11,285,0.737,-1.842,0,0
5,0,28,2,N,nb12,285,1.698,-1.764,1,1
5,0,28,2,N,nb13,285,-1.449,-0.231,2,1
5,0,28,2,N,nb14,285,-1.24,0.184,1,1
5,0,28,2,N,nb15,285,1.865,-0.428,0,0
5,0,28,2,N,nb16,285,-0.731,-0.22,0,0
5,0,28,2,N,nb17,285,0.386,-1.808,0,0
5,0,28,2,N,nb18,285,-1.866,1.865,2,1
5,0,28,2,N,nb19,285,1.572,0.617,1,1
5,0,28,2,N,nb20,285,-1.863,1.696,3,1
5,0,28,2,N,nb21,285,0.801,-0.777,1,1
5,0,28,2,N,nb22,285,-1.524,-1.192,3,1
5,0,28,2,N,nb23,285,1.686,0.818,1,1
5,0,28,2,N,nb24,285,0.998,-1.346,0,0
5,0,28,2,N,nb25,285,1.395,-0.924,1,1
5,0,28,2,N,nb26,285,-0.115,0.024,1,1
5,0,28,2,N,nb27,285,-1.476,-0.955,1,1
5,0,28,2,N,nb28,285,1.427,-0.696,1,1
5,0,28,2,N,nb29,285,-1.285,-1.205,1,1
5,0,28,2,A,aa0,285,1.353,-1.865,1,0
5,0,28,2,A,aa1,285,-0.919,1.027,0,0
5,0,28,2,N,nb0,290,0.693,0.646,1,1
5,0,28,2,N,nb1,290,-1.686,1.653,2,1
5,0,28,2,N,nb2,290,0.923,-0.993,1,1
5,0,28,2,N,nb3,290,-0.325,0.094,1,1
5,0,28,2,N,nb4,290,-1.413,0.012,2,1
5,0,28,2,N,nb5,290,0.647,0.416,1,1
5,0,28,2,N,nb6,290,1.866,-1.242,0,0
5,0,28,2,N,nb7,290,-1.712,-1.298,1,1
5,0,28,2,N,nb8,290,-1.684,-0.186,1,1
5,0,28,2,N,nb9,290,-1.699,1.847,3,1
5,0,28,2,N,nb10,290,1.867,-1.84,1,1
5,0,28,2,N,nb11,290,0.647,-1.816,0,0
5,0,28,2,N,nb12,290,1.698,-1.764,1,1
5,0,28,2,N,nb13,290,-1.449,-0.231,2,1
5,0,28,2,N,nb14,290,-1.24,0.184,1,1
5,0,28,2,N,nb15,290,1.865,-0.34,0,0
5,0,28,2,N,nb16,290,-0.712,-0.318,0,0
5,0,28,2,N,nb17,290,0.299,-1.773,0,0
5,0,28,2,N,nb18,290,-1.866,1.865,2,1
5,0,28,2,N,nb19,290,1.572,0.617,1,1
5,0,28,2,N,nb20,290,-1.863,1.696,3,1
5,0,28,2,N,nb21,290,0.801,-0.777,1,1
5,0,28,2,N,nb22,290,-1.524,-1.192,3,1
5,0,28,2,N,nb23,290,1.686,0.818,1,1
5,0,28,2,N,nb24,290,0.944,-1.43,0,0
5,0,28,2,N,nb25,290,1.395,-0.924,1,1
5,0,28,2,N,nb26,290,-0.115,0.024,1,1
5,0,28,2,N,nb27,290,-1.476,-0.955,1,1
5,0,28,2,N,nb28,290,1.427,-0.696,1,1
5,0,28,2,N,nb29,290,-1.285,-1.205,1,1
5,0,28,2,A,aa0,290,1.282,-1.865,1,0
5,0,28,2,A,aa1,290,-0.909,1.127,0,0
5,0,28,2,N,nb0,295,0.693,0.646,1,1
5,0,28,2,N,nb1,295,-1.686,1.653,2,1
5,0,28,2,N,nb2,295,0.923,-0.993,1,1
5,0,28,2,N,nb3,295,-0.325,0.094,1,1
5,0,28,2,N,nb4,295,-1.413,0.012,2,1
5,0,28,2,N,nb5,295,0.647,0.416,1,1
5,0,28,2,N,nb6,295,1.866,-1.193,0,0
5,0,28,2,N,nb7,295,-1.712,-1.298,1,1
5,0,28,2,N,nb8,295,-1.684,-0.186,1,0
5,0,28,2,N,nb9,295,-1.699,1.847,3,1
5,0,28,2,N,nb10,295,1.867,-1.84,1,1
5,0,28,2,N,nb11,295,0.559,-1.782,0,0
5,0,28,2,N,nb12,295,1.698,-1.764,1,1
5,0,28,2,N,nb13,295,-1.449,-0.231,2,1
5,0,28,2,N,nb14,295,-1.24,0.184,1,1
5,0,28,2,N,nb15,295,1.865,-0.249,0,0
5,0,28,2,N,nb16,295,-0.694,-0.417,0,0
5,0,28,2,N,nb17,295,0.21,-1.729,0,0
5,0,28,2,N,nb18,295,-1.866,1.865,2,1
5,0,28,2,N,nb19,295,1.572,0.617,1,1
5,0,28,2,N,nb20,295,-1.863,1.696,3,1
5,0,28,2,N,nb21,295,0.801,-0.777,1,1
5,0,28,2,N,nb22,295,-1.524,-1.192,3,1
5,0,28,2,N,nb23,295,1.686,0.818,1,1
5,0,28,2,N,nb24,295,0.89,-1.514,0,0
5,0,28,2,N,nb25,295,1.395,-0.924,1,1
5,0,28,2,N,nb26,295,-0.115,0.024,1,1
5,0,28,2,N,nb27,295,-1.476,-0.955,1,1
5,0,28,2,N,nb28,295,1.427,-0.696,1,1
5,0,28,2,N,nb29,295,-1.285,-1.205,1,1
5,0,28,2,A,aa0,295,1.202,-1.865,1,0
5,0,28,2,A,aa1,295,-0.899,1.226,0,0
5,0,28,2,N,nb0,300,0.693,0.646,1,1
5,0,28,2,N,nb1,300,-1.686,1.653,2,1
5,0,28,2,N,nb2,300,0.923,-0.993,1,1
5,0,28,2,N,nb3,300,-0.325,0.094,1,1
5,0,28,2,N,nb4,300,-1.413,0.012,2,1
5,0,28,2,N,nb5,300,0.647,0.416,1,1
5,0,28,2,N,nb6,300,1.866,-1.131,0,0
5,0,28,2,N,nb7,300,-1.712,-1.298,1,1
5,0,28,2,N,nb8,300,-1.684,-0.186,1,1
5,0,28,2,N,nb9,300,-1.699,1.847,3,1
5,0,28,2,N,nb10,300,1.867,-1.84,1,1
5,0,28,2,N,nb11,300,0.472,-1.741,0,0
5,0,28,2,N,nb12,300,1.698,-1.764,1,1
5,0,28,2,N,nb13,300,-1.449,-0.231,2,1
5,0,28,2,N,nb14,300,-1.24,0.184,1,1
5,0,28,2,N,nb15,300,1.862,-0.157,0,0
5,0,28,2,N,nb16,300,-0.675,-0.515,0,0
5,0,28,2,N,nb17,300,0.121,-1.685,0,0
5,0,28,2,N,nb18,300,-1.866,1.865,2,1
5,0,28,2,N,nb19,300,1.572,0.617,1,1
5,0,28,2,N,nb20,300,-1.863,1.696,3,1
5,0,28,2,N,nb21,300,0.801,-0.777,1,1
5,0,28,2,N,nb22,300,-1.524,-1.192,3,1
5,0,28,2,N,nb23,300,1.686,0.818,1,1
5,0,28,2,N,nb24,300,0.836,-1.598,0,0
5,0,28,2,N,nb25,300,1.395,-0.924,1,1
5,0,28,2,N,nb26,300,-0.115,0.024,1,1
5,0,28,2,N,nb27,300,-1.476,-0.955,1,1
5,0,28,2,N,nb28,300,1.427,-0.696,1,1
5,0,28,2,N,nb29,300,-1.285,-1.205,1,1
5,0,28,2,A,aa0,300,1.117,-1.865,1,0
5,0,28,2,A,aa1,300,-0.889,1.326,0,0
5,0,28,2,N,nb0,305,0.693,0.646,1,1
5,0,28,2,N,nb1,305,-1.686,1.653,2,1
5,0,28,2,N,nb2,305,0.923,-0.993,1,1
5,0,28,2,N,nb3,305,-0.325,0.094,1,1
5,0,28,2,N,nb4,305,-1.413,0.012,2,1
5,0,28,2,N,nb5,305,0.647,0.416,1,1
5,0,28,2,N,nb6,305,1.866,-1.059,0,0
5,0,28,2,N,nb7,305,-1.712,-1.298,1,1
5,0,28,2,N,nb8,305,-1.684,-0.186,1,1
5,0,28,2,N,nb9,305,-1.699,1.847,3,1
5,0,28,2,N,nb10,305,1.867,-1.84,1,1
5,0,28,2,N,nb11,305,0.383,-1.695,0,0
5,0,28,2,N,nb12,305,1.698,-1.764,1,1
5,0,28,2,N,nb13,305,-1.449,-0.231,2,1
5,0,28,2,N,nb14,305,-1.24,0.184,1,1
5,0,28,2,N,nb15,305,1.849,-0.065,0,0
5,0,28,2,N,nb16,305,-0.657,-0.613,0,0
5,0,28,2,N,nb17,305,0.031,-1.641,0,0
5,0,28,2,N,nb18,305,-1.866,1.865,2,1
5,0,28,2,N,nb19,305,1.572,0.617,1,1
5,0,28,2,N,nb20,305,-1.863,1.696,3,1
5,0,28,2,N,nb21,305,0.801,-0.777,1,1
5,0,28,2,N,nb22,305,-1.524,-1.192,3,1
5,0,28,2,N,nb23,305,1.686,0.818,1,1
5,0,28,2,N,nb24,305,0.782,-1.683,0,0
5,0,28,2,N,nb25,305,1.395,-0.924,1,1
5,0,28,2,N,nb26,305,-0.115,0.024,1,1
5,0,28,2,N,nb27,305,-1.476,-0.955,1,1
5,0,28,2,N,nb28,305,1.427,-0.696,1,1
5,0,28,2,N,nb29,305,-1.285,-1.205,1,1
5,0,28,2,A,aa0,305,1.028,-1.865,0,0
5,0,28,2,A,aa1,305,-0.887,1.349,0,0
5,0,28,2,N,nb0,310,0.693,0.646,1,1
5,0,28,2,N,nb1,310,-1.686,1.653,2,1
5,0,28,2,N,nb2,310,0.923,-0.993,1,1
5,0,28,2,N,nb3,310,-0.325,0.094,1,1
5,0,28,2,N,nb4,310,-1.413,0.012,2,1
5,0,28,2,N,nb5,310,0.647,0.416,1,1
5,0,28,2,N,nb6,310,1.866,-0.98,0,0
5,0,28,2,N,nb7,310,-1.712,-1.298,1,0
5,0,28,2,N,nb8,310,-1.684,-0.186,1,1
5,0,28,2,N,nb9,310,-1.699,1.847,3,1
5,0,28,2,N,nb10,310,1.867,-1.84,1,1
5,0,28,2,N,nb11,310,0.294,-1.65,0,0
5,0,28,2,N,nb12,310,1.698,-1.764,1,1
5,0,28,2,N,nb13,310,-1.449,-0.231,2,1
5,0,28,2,N,nb14,310,-1.24,0.184,1,1
5,0,28,2,N,nb15,310,1.826,0.026,0,0
5,0,28,2,N,nb16,310,-0.638,-0.711,0,0
5,0,28,2,N,nb17,310,-0.059,-1.597,0,0
5,0,28,2,N,nb18,310,-1.866,1.865,2,1
5,0,28,2,N,nb19,310,1.572,0.617,1,1
5,0,28,2,N,nb20,310,-1.863,1.696,3,1
5,0,28,2,N,nb21,310,0.801,-0.777,1,1
5,0,28,2,N,nb22,310,-1.524,-1.192,3,0
5,0,28,2,N,nb23,310,1.686,0.818,1,1
5,0,28,2,N,nb24,310,0.729,-1.764,0,0
5,0,28,2,N,nb25,310,1.395,-0.924,1,1
5,0,28,2,N,nb26,310,-0.115,0.024,1,1
5,0,28,2,N,nb27,310,-1.476,-0.955,1,1
5,0,28,2,N,nb28,310,1.427,-0.696,1,1
5,0,28,2,N,nb29,310,-1.285,-1.205,1,1
5,0,28,2,A,aa0,310,0.936,-1.865,0,0
5,0,28,2,A,aa1,310,-0.915,1.372,0,0
5,0,28,2,N,nb0,315,0.693,0.646,1,1
5,0,28,2,N,nb1,315,-1.686,1.653,2,0
5,0,28,2,N,nb2,315,0.923,-0.993,1,1
5,0,28,2,N,nb3,315,-0.325,0.094,1,1
5,0,28,2,N,nb4,315,-1.413,0.012,2,1
5,0,28,2,N,nb5,315,0.647,0.416,1,1
5,0,28,2,N,nb6,315,1.866,-0.894,0,0
5,0,28,2,N,nb7,315,-1.712,-1.298,1,1
5,0,28,2,N,nb8,315,-1.684,-0.186,1,1
5,0,28,2,N,nb9,315,-1.699,1.847,3,0
5,0,28,2,N,nb10,315,1.867,-1.84,1,1
5,0,28,2,N,nb11,315,0.205,-1.605,0,0
5,0,28,2,N,nb12,315,1.698,-1.764,1,1
5,0,28,2,N,nb13,315,-1.449,-0.231,2,1
5,0,28,2,N,nb14,315,-1.24,0.184,1,1
5,0,28,2,N,nb15,315,1.796,0.114,0,0
5,0,28,2,N,nb16,315,-0.62,-0.81,0,0
5,0,28,2,N,nb17,315,-0.148,-1.553,0,0
5,0,28,2,N,nb18,315,-1.866,1.865,2,1
5,0,28,2,N,nb19,315,1.572,0.617,1,1
5,0,28,2,N,nb20,315,-1.863,1.696,3,0
5,0,28,2,N,nb21,315,0.801,-0.777,1,1
5,0,28,2,N,nb22,315,-1.524,-1.192,3,1
5,0,28,2,N,nb23,315,1.686,0.818,1,1
5,0,28,2,N,nb24,315,0.673,-1.837,0,0
5,0,28,2,N,nb25,315,1.395,-0.924,1,1
5,0,28,2,N,nb26,315,-0.115,0.024,1,1
5,0,28,2,N,nb27,315,-1.476,-0.955,1,1
5,0,28,2,N,nb28,315,1.427,-0.696,1,0
5,0,28,2,N,nb29,315,-1.285,-1.205,1,1
5,0,28,2,A,aa0,315,0.845,-1.857,0,0
5,0,28,2,A,aa1,315,-0.994,1.434,0,0
5,0,28,2,N,nb0,320,0.693,0.646,1,1
5,0,28,2,N,nb1,320,-1.686,1.653,2,1
5,0,28,2,N,nb2,320,0.923,-0.993,1,1
5,0,28,2,N,nb3,320,-0.325,0.094,1,1
5,0,28,2,N,nb4,320,-1.413,0.012,2,1
5,0,28,2,N,nb5,320,0.647,0.416,1,1
5,0,28,2,N,nb6,320,1.866,-0.805,0,0
5,0,28,2,N,nb7,320,-1.712,-1.298,1,1
5,0,28,2,N,nb8,320,-1.684,-0.186,1,1
5,0,28,2,N,nb9,320,-1.699,1.847,3,1
5,0,28,2,N,nb10,320,1.867,-1.84,1,1
5,0,28,2,N,nb11,320,0.116,-1.559,0,0
5,0,28,2,N,nb12,320,1.698,-1.764,1,1
5,0,28,2,N,nb13,320,-1.449,-0.231,2,1
5,0,28,2,N,nb14,320,-1.24,0.184,1,1
5,0,28,2,N,nb15,320,1.757,0.2,0,0
5,0,28,2,N,nb16,320,-0.601,-0.908,0,0
5,0,28,2,N,nb17,320,-0.238,-1.508,0,0
5,0,28,2,N,nb18,320,-1.866,1.865,2,1
5,0,28,2,N,nb19,320,1.572,0.617,1,0
5,0,28,2,N,nb20,320,-1.863,1.696,3,1
5,0,28,2,N,nb21,320,0.801,-0.777,1,0
5,0,28,2,N,nb22,320,-1.524,-1.192,3,1
5,0,28,2,N,nb23,320,1.686,0.818,1,0
5,0,28,2,N,nb24,320,0.594,-1.866,0,0
5,0,28,2,N,nb25,320,1.395,-0.924,1,1
5,0,28,2,N,nb26,320,-0.115,0.024,1,1
5,0,28,2,N,nb27,320,-1.476,-0.955,1,1
5,0,28,2,N,nb28,320,1.427,-0.696,1,1
5,0,28,2,N,nb29,320,-1.285,-1.205,1,1
5,0,28,2,A,aa0,320,0.762,-1.841,0,0
5,0,28,2,A,aa1,320,-1.072,1.496,0,0
5,0,28,2,N,nb0,325,0.693,0.646,1,1
5,0,28,2,N,nb1,325,-1.686,1.653,2,1
5,0,28,2,N,nb2,325,0.923,-0.993,1,1
5,0,28,2,N,nb3,325,-0.325,0.094,1,1
5,0,28,2,N,nb4,325,-1.413,0.012,2,1
5,0,28,2,N,nb5,325,0.647,0.416,1,1
5,0,28,2,N,nb6,325,1.866,-0.714,0,0
5,0,28,2,N,nb7,325,-1.712,-1.298,1,1
5,0,28,2,N,nb8,325,-1.684,-0.186,1,1
5,0,28,2,N,nb9,325,-1.699,1.847,3,1
5,0,28,2,N,nb10,325,1.867,-1.84,1,1
5,0,28,2,N,nb11,325,0.026,-1.514,0,0
5,0,28,2,N,nb12,325,1.698,-1.764,1,1
5,0,28,2,N,nb13,325,-1.449,-0.231,2,1
5,0,28,2,N,nb14,325,-1.24,0.184,1,1
5,0,28,2,N,nb15,325,1.712,0.289,0,0
5,0,28,2,N,nb16,325,-0.583,-1.006,0,0
5,0,28,2,N,nb17,325,-0.328,-1.464,0,0
5,0,28,2,N,nb18,325,-1.866,1.865,2,1
5,0,28,2,N,nb19,325,1.572,0.617,1,1
5,0,28,2,N,nb20,325,-1.863,1.696,3,1
5,0,28,2,N,nb21,325,0.801,-0.777,1,1
5,0,28,2,N,nb22,325,-1.524,-1.192,3,1
5,0,28,2,N,nb23,325,1.686,0.818,1,1
5,0,28,2,N,nb24,325,0.519,-1.866,0,0
5,0,28,2,N,nb25,325,1.395,-0.924,1,1
5,0,28,2,N,nb26,325,-0.115,0.024,1,1
5,0,28,2,N,nb27,325,-1.476,-0.955,1,1
5,0,28,2,N,nb28,325,1.427,-0.696,1,1
5,0,28,2,N,nb29,325,-1.285,-1.205,1,1
5,0,28,2,A,aa0,325,0.679,-1.809,0,0
5,0,28,2,A,aa1,325,-1.151,1.558,1,0
5,0,28,2,N,nb0,330,0.693,0.646,1,0
5,0,28,2,N,nb1,330,-1.686,1.653,2,1
5,0,28,2,N,nb2,330,0.923,-0.993,1,1
5,0,28,2,N,nb3,330,-0.325,0.094,1,1
5,0,28,2,N,nb4,330,-1.413,0.012,2,1
5,0,28,2,N,nb5,330,0.647,0.416,1,0
5,0,28,2,N,nb6,330,1.859,-0.621,0,0
5,0,28,2,N,nb7,330,-1.712,-1.298,1,1
5,0,28,2,N,nb8,330,-1.684,-0.186,1,1
5,0,28,2,N,nb9,330,-1.699,1.847,3,1
5,0,28,2,N,nb10,330,1.867,-1.84,1,1
5,0,28,2,N,nb11,330,-0.063,-1.469,0,0
5,0,28,2,N,nb12,330,1.698,-1.764,1,1
5,0,28,2,N,nb13,330,-1.449,-0.231,2,1
5,0,28,2,N,nb14,330,-1.24,0.184,1,1
5,0,28,2,N,nb15,330,1.667,0.378,0,0
5,0,28,2,N,nb16,330,-0.564,-1.104,0,0
5,0,28,2,N,nb17,330,-0.418,-1.42,0,0
5,0,28,2,N,nb18,330,-1.866,1.865,2,1
5,0,28,2,N,nb19,330,1.572,0.617,1,1
5,0,28,2,N,nb20,330,-1.863,1.696,3,1
5,0,28,2,N,nb21,330,0.801,-0.777,1,1
5,0,28,2,N,nb22,330,-1.524,-1.192,3,1
5,0,28,2,N,nb23,330,1.686,0.818,1,1
5,0,28,2,N,nb24,330,0.444,-1.866,0,0
5,0,28,2,N,nb25,330,1.395,-0.924,1,1
5,0,28,2,N,nb26,330,-0.115,0.024,1,1
5,0,28,2,N,nb27,330,-1.476,-0.955,1,1
5,0,28,2,N,nb28,330,1.427,-0.696,1,1
5,0,28,2,N,nb29,330,-1.285,-1.205,1,1
5,0,28,2,A,aa0,330,0.601,-1.766,0,0
5,0,28,2,A,aa1,330,-1.229,1.62,2,0
5,0,28,2,N,nb0,335,0.693,0.646,1,1
5,0,28,2,N,nb1,335,-1.686,1.653,2,1
5,0,28,2,N,nb2,335,0.923,-0.993,1,1
5,0,28,2,N,nb3,335,-0.325,0.094,1,1
5,0,28,2,N,nb4,335,-1.413,0.012,2,1
5,0,28,2,N,nb5,335,0.647,0.416,1,1
5,0,28,2,N,nb6,335,1.842,-0.53,0,0
5,0,28,2,N,nb7,335,-1.712,-1.298,1,1
5,0,28,2,N,nb8,335,-1.684,-0.186,1,1
5,0,28,2,N,nb9,335,-1.699,1.847,3,1
5,0,28,2,N,nb10,335,1.867,-1.84,1,1
5,0,28,2,N,nb11,335,-0.152,-1.423,0,0
5,0,28,2,N,nb12,335,1.698,-1.764,1,1
5,0,28,2,N,nb13,335,-1.449,-0.231,2,1
5,0,28,2,N,nb14,335,-1.24,0.184,1,1
5,0,28,2,N,nb15,335,1.658,0.396,1,1
5,0,28,2,N,nb16,335,-0.552,-1.167,1,1
5,0,28,2,N,nb17,335,-0.474,-1.392,1,1
5,0,28,2,N,nb18,335,-1.866,1.865,2,1
5,0,28,2,N,nb19,335,1.572,0.617,2,1
5,0,28,2,N,nb20,335,-1.863,1.696,3,1
5,0,28,2,N,nb21,335,0.801,-0.777,1,1
5,0,28,2,N,nb22,335,-1.524,-1.192,3,1
5,0,28,2,N,nb23,335,1.686,0.818,1,1
5,0,28,2,N,nb24,335,0.366,-1.866,0,0
5,0,28,2,N,nb25,335,1.395,-0.924,1,1
5,0,28,2,N,nb26,335,-0.115,0.024,1,1
5,0,28,2,N,nb27,335,-1.476,-0.955,1,1
5,0,28,2,N,nb28,335,1.427,-0.696,1,1
5,0,28,2,N,nb29,335,-1.285,-1.205,1,1
5,0,28,2,A,aa0,335,0.528,-1.71,0,0
5,0,28,2,A,aa1,335,-1.307,1.682,2,0
5,0,28,2,N,nb0,340,0.693,0.646,1,1
5,0,28,2,N,nb1,340,-1.686,1.653,2,1
5,0,28,2,N,nb2,340,0.923,-0.993,1,1
5,0,28,2,N,nb3,340,-0.325,0.094,1,0
5,0,28,2,N,nb4,340,-1.413,0.012,2,1
5,0,28,2,N,nb5,340,0.647,0.416,1,1
5,0,28,2,N,nb6,340,1.816,-0.44,0,0
5,0,28,2,N,nb7,340,-1.712,-1.298,1,1
5,0,28,2,N,nb8,340,-1.684,-0.186,1,1
5,0,28,2,N,nb9,340,-1.699,1.847,3,1
5,0,28,2,N,nb10,340,1.867,-1.84,1,1
5,0,28,2,N,nb11,340,-0.239,-1.379,1,1
5,0,28,2,N,nb12,340,1.698,-1.764,1,1
5,0,28,2,N,nb13,340,-1.449,-0.231,2,1
5,0,28,2,N,nb14,340,-1.24,0.184,1,1
5,0,28,2,N,nb15,340,1.658,0.396,1,1
5,0,28,2,N,nb16,340,-0.552,-1.167,1,1
5,0,28,2,N,nb17,340,-0.474,-1.392,2,1
5,0,28,2,N,nb18,340,-1.866,1.865,2,1
5,0,28,2,N,nb19,340,1.572,0.617,2,1
5,0,28,2,N,nb20,340,-1.863,1.696,3,1
5,0,28,2,N,nb21,340,0.801,-0.777,1,1
5,0,28,2,N,nb22,340,-1.524,-1.192,3,1
5,0,28,2,N,nb23,340,1.686,0.818,1,1
5,0,28,2,N,nb24,340,0.282,-1.866,0,0
5,0,28,2,N,nb25,340,1.395,-0.924,1,1
5,0,28,2,N,nb26,340,-0.115,0.024,1,0
5,0,28,2,N,nb27,340,-1.476,-0.955,1,1
5,0,28,2,N,nb28,340,1.427,-0.696,1,1
5,0,28,2,N,nb29,340,-1.285,-1.205,1,1
5,0,28,2,A,aa0,340,0.499,-1.684,0,0
5,0,28,2,A,aa1,340,-1.326,1.697,2,0
5,0,28,2,N,nb0,345,0.693,0.646,1,1
5,0,28,2,N,nb1,345,-1.686,1.653,2,1
5,0,28,2,N,nb2,345,0.923,-0.993,1,1
5,0,28,2,N,nb3,345,-0.325,0.094,1,1
5,0,28,2,N,nb4,345,-1.413,0.012,2,1
5,0,28,2,N,nb5,345,0.647,0.416,1,1
5,0,28,2,N,nb6,345,1.782,-0.352,0,0
5,0,28,2,N,nb7,345,-1.712,-1.298,1,1
5,0,28,2,N,nb8,345,-1.684,-0.186,1,1
5,0,28,2,N,nb9,345,-1.699,1.847,3,1
5,0,28,2,N,nb10,345,1.867,-1.84,1,1
5,0,28,2,N,nb11,345,-0.241,-1.378,1,1
5,0,28,2,N,nb12,345,1.698,-1.764,1,1
5,0,28,2,N,nb13,345,-1.449,-0.231,2,1
5,0,28,2,N,nb14,345,-1.24,0.184,1,1
5,0,28,2,N,nb15,345,1.658,0.396,1,1
5,0,28,2,N,nb16,345,-0.552,-1.167,1,1
5,0,28,2,N,nb17,345,-0.474,-1.392,2,1
5,0,28,2,N,nb18,345,-1.866,1.865,2,1
5,0,28,2,N,nb19,345,1.572,0.617,2,1
5,0,28,2,N,nb20,345,-1.863,1.696,3,1
5,0,28,2,N,nb21,345,0.801,-0.777,1,1
5,0,28,2,N,nb22,345,-1.524,-1.192,3,1
5,0,28,2,N,nb23,345,1.686,0.818,1,1
5,0,28,2,N,nb24,345,0.195,-1.866,0,0
5,0,28,2,N,nb25,345,1.395,-0.924,1,1
5,0,28,2,N,nb26,345,-0.115,0.024,1,1
5,0,28,2,N,nb27,345,-1.476,-0.955,1,1
5,0,28,2,N,nb28,345,1.427,-0.696,1,1
5,0,28,2,N,nb29,345,-1.285,-1.205,1,1
5,0,28,2,A,aa0,345,0.499,-1.684,0,0
5,0,28,2,A,aa1,345,-1.402,1.694,2,0
5,0,28,2,N,nb0,350,0.693,0.646,1,1
5,0,28,2,N,nb1,350,-1.686,1.653,2,1
5,0,28,2,N,nb2,350,0.923,-0.993,1,1
5,0,28,2,N,nb3,350,-0.325,0.094,1,1
5,0,28,2,N,nb4,350,-1.413,0.012,2,1
5,0,28,2,N,nb5,350,0.647,0.416,1,1
5,0,28,2,N,nb6,350,1.74,-0.266,0,0
5,0,28,2,N,nb7,350,-1.712,-1.298,1,1
5,0,28,2,N,nb8,350,-1.684,-0.186,1,1
5,0,28,2,N,nb9,350,-1.699,1.847,3,1
5,0,28,2,N,nb10,350,1.867,-1.84,1,1
5,0,28,2,N,nb11,350,-0.241,-1.378,1,1
5,0,28,2,N,nb12,350,1.698,-1.764,1,1
5,0,28,2,N,nb13,350,-1.449,-0.231,2,1
5,0,28,2,N,nb14,350,-1.24,0.184,1,1
5,0,28,2,N,nb15,350,1.658,0.396,1,1
5,0,28,2,N,nb16,350,-0.552,-1.167,1,1
5,0,28,2,N,nb17,350,-0.474,-1.392,2,1
5,0,28,2,N,nb18,350,-1.866,1.865,2,1
5,0,28,2,N,nb19,350,1.572,0.617,2,1
5,0,28,2,N,nb20,350,-1.863,1.696,3,1
5,0,28,2,N,nb21,350,0.801,-0.777,1,1
5,0,28,2,N,nb22,350,-1.524,-1.192,3,1
5,0,28,2,N,nb23,350,1.686,0.818,1,1
5,0,28,2,N,nb24,350,0.104,-1.866,0,0
5,0,28,2,N,nb25,350,1.395,-0.924,1,1
5,0,28,2,N,nb26,350,-0.115,0.024,1,1
5,0,28,2,N,nb27,350,-1.476,-0.955,1,1
5,0,28,2,N,nb28,350,1.427,-0.696,1,1
5,0,28,2,N,nb29,350,-1.285,-1.205,1,1
5,0,28,2,A,aa0,350,0.409,-1.718,0,0
5,0,28,2,A,aa1,350,-1.491,1.693,2,0
5,0,28,2,N,nb0,355,0.693,0.646,1,1
5,0,28,2,N,nb1,355,-1.699,1.655,2,1
5,0,28,2,N,nb2,355,0.923,-0.993,1,1
5,0,28,2,N,nb3,355,-0.325,0.094,1,1
5,0,28,2,N,nb4,355,-1.413,0.012,2,1
5,0,28,2,N,nb5,355,0.647,0.416,1,1
5,0,28,2,N,nb6,355,1.695,-0.177,0,0
5,0,28,2,N,nb7,355,-1.712,-1.298,1,1
5,0,28,2,N,nb8,355,-1.684,-0.186,1,1
5,0,28,2,N,nb9,355,-1.699,1.847,3,1
5,0,28,2,N,nb10,355,1.867,-1.84,1,1
5,0,28,2,N,nb11,355,-0.241,-1.378,1,1
5,0,28,2,N,nb12,355,1.698,-1.764,1,1
5,0,28,2,N,nb13,355,-1.449,-0.231,2,1
5,0,28,2,N,nb14,355,-1.24,0.184,1,1
5,0,28,2,N,nb15,355,1.658,0.396,1,1
5,0,28,2,N,nb16,355,-0.552,-1.167,1,1
5,0,28,2,N,nb17,355,-0.474,-1.392,2,1
5,0,28,2,N,nb18,355,-1.866,1.865,2,1
5,0,28,2,N,nb19,355,1.572,0.617,2,1
5,0,28,2,N,nb20,355,-1.863,1.696,3,1
5,0,28,2,N,nb21,355,0.801,-0.777,1,1
5,0,28,2,N,nb22,355,-1.524,-1.192,3,1
5,0,28,2,N,nb23,355,1.686,0.818,1,1
5,0,28,2,N,nb24,355,0.012,-1.863,0,0
5,0,28,2,N,nb25,355,1.395,-0.924,1,1
5,0,28,2,N,nb26,355,-0.115,0.024,1,1
5,0,28,2,N,nb27,355,-1.476,-0.955,1,1
5,0,28,2,N,nb28,355,1.427,-0.696,1,1
5,0,28,2,N,nb29,355,-1.285,-1.205,1,0
5,0,28,2,A,aa0,355,0.315,-1.753,0,0
5,0,28,2,A,aa1,355,-1.536,1.703,2,0
5,0,28,2,N,nb0,360,0.693,0.646,1,1
5,0,28,2,N,nb1,360,-1.699,1.655,2,1
5,0,28,2,N,nb2,360,0.923,-0.993,1,0
5,0,28,2,N,nb3,360,-0.325,0.094,1,1
5,0,28,2,N,nb4,360,-1.413,0.012,2,1
5,0,28,2,N,nb5,360,0.647,0.416,1,1
5,0,28,2,N,nb6,360,1.649,-0.088,0,0
5,0,28,2,N,nb7,360,-1.712,-1.298,1,1
5,0,28,2,N,nb8,360,-1.684,-0.186,1,1
5,0,28,2,N,nb9,360,-1.699,1.847,3,1
5,0,28,2,N,nb10,360,1.867,-1.84,1,1
5,0,28,2,N,nb11,360,-0.241,-1.378,1,1
5,0,28,2,N,nb12,360,1.698,-1.764,1,1
5,0,28,2,N,nb13,360,-1.449,-0.231,2,1
5,0,28,2,N,nb14,360,-1.24,0.184,1,1
5,0,28,2,N,nb15,360,1.658,0.396,1,1
5,0,28,2,N,nb16,360,-0.552,-1.167,1,1
5,0,28,2,N,nb17,360,-0.474,-1.392,2,1
5,0,28,2,N,nb18,360,-1.866,1.865,2,1
5,0,28,2,N,nb19,360,1.572,0.617,2,1
5,0,28,2,N,nb20,360,-1.863,1.696,3,1
5,0,28,2,N,nb21,360,0.801,-0.777,1,1
5,0,28,2,N,nb22,360,-1.524,-1.192,3,1
5,0,28,2,N,nb23,360,1.686,0.818,1,1
5,0,28,2,N,nb24,360,-0.08,-1.849,0,0
5,0,28,2,N,nb25,360,1.395,-0.924,1,1
5,0,28,2,N,nb26,360,-0.115,0.024,1,1
5,0,28,2,N,nb27,360,-1.476,-0.955,1,1
5,0,28,2,N,nb28,360,1.427,-0.696,1,1
5,0,28,2,N,nb29,360,-1.285,-1.205,1,1
5,0,28,2,A,aa0,360,0.227,-1.785,0,0
5,0,28,2,A,aa1,360,-1.546,1.727,2,0
5,0,28,2,N,nb0,365,0.693,0.646,1,1
5,0,28,2,N,nb1,365,-1.699,1.655,2,1
5,0,28,2,N,nb2,365,0.923,-0.993,1,1
5,0,28,2,N,nb3,365,-0.325,0.094,1,1
5,0,28,2,N,nb4,365,-1.413,0.012,2,1
5,0,28,2,N,nb5,365,0.647,0.416,1,1
5,0,28,2,N,nb6,365,1.603,0.001,0,0
5,0,28,2,N,nb7,365,-1.712,-1.298,1,1
5,0,28,2,N,nb8,365,-1.684,-0.186,1,1
5,0,28,2,N,nb9,365,-1.699,1.847,3,1
5,0,28,2,N,nb10,365,1.867,-1.84,1,1
5,0,28,2,N,nb11,365,-0.241,-1.378,1,1
5,0,28,2,N,nb12,365,1.698,-1.764,1,1
5,0,28,2,N,nb13,365,-1.449,-0.231,2,1
5,0,28,2,N,nb14,365,-1.24,0.184,1,1
5,0,28,2,N,nb15,365,1.658,0.396,1,1
5,0,28,2,N,nb16,365,-0.552,-1.167,1,1
5,0,28,2,N,nb17,365,-0.474,-1.392,2,1
5,0,28,2,N,nb18,365,-1.866,1.865,2,1
5,0,28,2,N,nb19,365,1.572,0.617,2,1
5,0,28,2,N,nb20,365,-1.863,1.696,3,1
5,0,28,2,N,nb21,365,0.801,-0.777,1,1
5,0,28,2,N,nb22,365,-1.524,-1.192,3,1
5,0,28,2,N,nb23,365,1.686,0.818,1,1
5,0,28,2,N,nb24,365,-0.171,-1.827,0,0
5,0,28,2,N,nb25,365,1.395,-0.924,1,1
5,0,28,2,N,nb26,365,-0.115,0.024,1,1
5,0,28,2,N,nb27,365,-1.476,-0.955,1,1
5,0,28,2,N,nb28,365,1.427,-0.696,1,1
5,0,28,2,N,nb29,365,-1.285,-1.205,1,1
5,0,28,2,A,aa0,365,0.138,-1.806,1,0
5,0,28,2,A,aa1,365,-1.547,1.731,2,0
5,0,28,2,N,nb0,370,0.693,0.646,1,1
5,0,28,2,N,nb1,370,-1.699,1.655,2,1
5,0,28,2,N,nb2,370,0.923,-0.993,1,1
5,0,28,2,N,nb3,370,-0.325,0.094,1,1
5,0,28,2,N,nb4,370,-1.413,0.012,2,1
5,0,28,2,N,nb5,370,0.647,0.416,1,1
5,0,28,2,N,nb6,370,1.558,0.09,0,0
5,0,28,2,N,nb7,370,-1.712,-1.298,1,1
5,0,28,2,N,nb8,370,-1.684,-0.186,1,1
5,0,28,2,N,nb9,370,-1.699,1.847,3,1
5,0,28,2,N,nb10,370,1.867,-1.84,1,1
5,0,28,2,N,nb11,370,-0.241,-1.378,1,0
5,0,28,2,N,nb12,370,1.698,-1.764,1,1
5,0,28,2,N,nb13,370,-1.449,-0.231,2,1
5,0,28,2,N,nb14,370,-1.24,0.184,1,1
5,0,28,2,N,nb15,370,1.658,0.396,1,1
5,0,28,2,N,nb16,370,-0.552,-1.167,1,1
5,0,28,2,N,nb17,370,-0.474,-1.392,2,1
5,0,28,2,N,nb18,370,-1.866,1.865,2,1
5,0,28,2,N,nb19,370,1.572,0.617,2,1
5,0,28,2,N,nb20,370,-1.863,1.696,3,1
5,0,28,2,N,nb21,370,0.801,-0.777,1,1
5,0,28,2,N,nb22,370,-1.524,-1.192,3,1
5,0,28,2,N,nb23,370,1.686,0.818,1,1
5,0,28,2,N,nb24,370,-0.26,-1.797,0,0
5,0,28,2,N,nb25,370,1.395,-0.924,1,1
5,0,28,2,N,nb26,370,-0.115,0.024,1,1
5,0,28,2,N,nb27,370,-1.476,-0.955,1,1
5,0,28,2,N,nb28,370,1.427,-0.696,1,1
5,0,28,2,N,nb29,370,-1.285,-1.205,1,1
5,0,28,2,A,aa0,370,0.047,-1.816,1,0
5,0,28,2,A,aa1,370,-1.559,1.751,2,0
5,0,28,2,N,nb0,375,0.693,0.646,1,1
5,0,28,2,N,nb1,375,-1.699,1.655,2,1
5,0,28,2,N,nb2,375,0.923,-0.993,1,1
5,0,28,2,N,nb3,375,-0.325,0.094,1,1
5,0,28,2,N,nb4,375,-1.413,0.012,2,1
5,0,28,2,N,nb5,375,0.647,0.416,1,1
5,0,28,2,N,nb6,375,1.512,0.179,0,0
5,0,28,2,N,nb7,375,-1.712,-1.298,1,1
5,0,28,2,N,nb8,375,-1.684,-0.186,1,1
5,0,28,2,N,nb9,375,-1.699,1.847,3,1
5,0,28,2,N,nb10,375,1.867,-1.84,1,1
5,0,28,2,N,nb11,375,-0.241,-1.378,1,1
5,0,28,2,N,nb12,375,1.698,-1.764,1,1
5,0,28,2,N,nb13,375,-1.449,-0.231,2,1
5,0,28,2,N,nb14,375,-1.24,0.184,1,1
5,0,28,2,N,nb15,375,1.658,0.396,1,1
5,0,28,2,N,nb16,375,-0.552,-1.167,1,1
5,0,28,2,N,nb17,375,-0.474,-1.392,2,1
5,0,28,2,N,nb18,375,-1.866,1.865,2,1
5,0,28,2,N,nb19,375,1.572,0.617,2,1
5,0,28,2,N,nb20,375,-1.863,1.696,3,1
5,0,28,2,N,nb21,375,0.801,-0.777,1,1
5,0,28,2,N,nb22,375,-1.524,-1.192,3,1
5,0,28,2,N,nb23,375,1.686,0.818,1,1
5,0,28,2,N,nb24,375,-0.346,-1.758,0,0
5,0,28,2,N,nb25,375,1.395,-0.924,1,1
5,0,28,2,N,nb26,375,-0.115,0.024,1,1
5,0,28,2,N,nb27,375,-1.476,-0.955,1,1
5,0,28,2,N,nb28,375,1.427,-0.696,1,1
5,0,28,2,N,nb29,375,-1.285,-1.205,1,1
5,0,28,2,A,aa0,375,-0.045,-1.815,1,0
5,0,28,2,A,aa1,375,-1.559,1.751,2,0
5,0,28,2,N,nb0,380,0.693,0.646,1,1
5,0,28,2,N,nb1,380,-1.699,1.655,2,1
5,0,28,2,N,nb2,380,0.923,-0.993,1,1
5,0,28,2,N,nb3,380,-0.325,0.094,1,1
5,0,28,2,N,nb4,380,-1.413,0.012,2,1
5,0,28,2,N,nb5,380,0.647,0.416,1,1
5,0,28,2,N,nb6,380,1.494,0.214,1,1
5,0,28,2,N,nb7,380,-1.712,-1.298,1,1
5,0,28,2,N,nb8,380,-1.684,-0.186,1,1
5,0,28,2,N,nb9,380,-1.699,1.847,3,1
5,0,28,2,N,nb10,380,1.867,-1.84,1,1
5,0,28,2,N,nb11,380,-0.241,-1.378,1,1
5,0,28,2,N,nb12,380,1.698,-1.764,1,1
5,0,28,2,N,nb13,380,-1.449,-0.231,2,1
5,0,28,2,N,nb14,380,-1.24,0.184,1,1
5,0,28,2,N,nb15,380,1.658,0.396,2,1
5,0,28,2,N,nb16,380,-0.552,-1.167,1,1
5,0,28,2,N,nb17,380,-0.474,-1.392,2,1
5,0,28,2,N,nb18,380,-1.866,1.865,2,1
5,0,28,2,N,nb19,380,1.572,0.617,2,1
5,0,28,2,N,nb20,380,-1.863,1.696,3,1
5,0,28,2,N,nb21,380,0.801,-0.777,1,1
5,0,28,2,N,nb22,380,-1.524,-1.192,3,1
5,0,28,2,N,nb23,380,1.686,0.818,1,1
5,0,28,2,N,nb24,380,-0.435,-1.713,0,0
5,0,28,2,N,nb25,380,1.395,-0.924,1,1
5,0,28,2,N,nb26,380,-0.115,0.024,1,1
5,0,28,2,N,nb27,380,-1.476,-0.955,1,1
5,0,28,2,N,nb28,380,1.427,-0.696,1,1
5,0,28,2,N,nb29,380,-1.285,-1.205,1,1
5,0,28,2,A,aa0,380,-0.137,-1.804,2,0
5,0,28,2,A,aa1,380,-1.559,1.751,2,0
5,0,28,2,N,nb0,385,0.693,0.646,1,1
5,0,28,2,N,nb1,385,-1.699,1.655,2,1
5,0,28,2,N,nb2,385,0.923,-0.993,1,1
5,0,28,2,N,nb3,385,-0.325,0.094,1,1
5,0,28,2,N,nb4,385,-1.413,0.012,2,1
5,0,28,2,N,nb5,385,0.647,0.416,1,1
5,0,28,2,N,nb6,385,1.494,0.214,1,1
5,0,28,2,N,nb7,385,-1.712,-1.298,1,1
5,0,28,2,N,nb8,385,-1.684,-0.186,1,1
5,0,28,2,N,nb9,385,-1.699,1.847,3,1
5,0,28,2,N,nb10,385,1.867,-1.84,1,0
5,0,28,2,N,nb11,385,-0.241,-1.378,1,1
5,0,28,2,N,nb12,385,1.698,-1.764,1,0
5,0,28,2,N,nb13,385,-1.449,-0.231,2,1
5,0,28,2,N,nb14,385,-1.24,0.184,1,1
5,0,28,2,N,nb15,385,1.658,0.396,2,1
5,0,28,2,N,nb16,385,-0.552,-1.167,1,1
5,0,28,2,N,nb17,385,-0.474,-1.392,2,1
5,0,28,2,N,nb18,385,-1.866,1.865,2,1
5,0,28,2,N,nb19,385,1.572,0.617,2,1
5,0,28,2,N,nb20,385,-1.863,1.696,3,1
5,0,28,2,N,nb21,385,0.801,-0.777,1,1
5,0,28,2,N,nb22,385,-1.524,-1.192,3,1
5,0,28,2,N,nb23,385,1.686,0.818,1,1
5,0,28,2,N,nb24,385,-0.524,-1.668,0,0
5,0,28,2,N,nb25,385,1.395,-0.924,1,1
5,0,28,2,N,nb26,385,-0.115,0.024,1,1
5,0,28,2,N,nb27,385,-1.476,-0.955,1,1
5,0,28,2,N,nb28,385,1.427,-0.696,1,1
5,0,28,2,N,nb29,385,-1.285,-1.205,1,1
5,0,28,2,A,aa0,385,-0.228,-1.784,2,0
5,0,28,2,A,aa1,385,-1.559,1.751,2,0
5,0,28,2,N,nb0,390,0.693,0.646,1,1
5,0,28,2,N,nb1,390,-1.699,1.655,2,1
5,0,28,2,N,nb2,390,0.923,-0.993,1,1
5,0,28,2,N,nb3,390,-0.325,0.094,1,1
5,0,28,2,N,nb4,390,-1.413,0.012,2,1
5,0,28,2,N,nb5,390,0.647,0.416,1,1
5,0,28,2,N,nb6,390,1.494,0.214,1,1
5,0,28,2,N,nb7,390,-1.712,-1.298,1,1
5,0,28,2,N,nb8,390,-1.684,-0.186,1,1
5,0,28,2,N,nb9,390,-1.699,1.847,3,1
5,0,28,2,N,nb10,390,1.867,-1.84,1,1
5,0,28,2,N,nb11,390,-0.241,-1.378,1,1
5,0,28,2,N,nb12,390,1.698,-1.764,1,1
5,0,28,2,N,nb13,390,-1.449,-0.231,2,1
5,0,28,2,N,nb14,390,-1.24,0.184,1,1
5,0,28,2,N,nb15,390,1.658,0.396,2,1
5,0,28,2,N,nb16,390,-0.552,-1.167,1,1
5,0,28,2,N,nb17,390,-0.474,-1.392,2,1
5,0,28,2,N,nb18,390,-1.866,1.865,2,0
5,0,28,2,N,nb19,390,1.572,0.617,2,1
5,0,28,2,N,nb20,390,-1.863,1.696,3,1
5,0,28,2,N,nb21,390,0.801,-0.777,1,1
5,0,28,2,N,nb22,390,-1.524,-1.192,3,1
5,0,28,2,N,nb23,390,1.686,0.818,1,1
5,0,28,2,N,nb24,390,-0.611,-1.623,0,0
5,0,28,2,N,nb25,390,1.395,-0.924,1,1
5,0,28,2,N,nb26,390,-0.115,0.024,1,1
5,0,28,2,N,nb27,390,-1.476,-0.955,1,0
5,0,28,2,N,nb28,390,1.427,-0.696,1,1
5,0,28,2,N,nb29,390,-1.285,-1.205,1,1
5,0,28,2,A,aa0,390,-0.318,-1.754,2,0
5,0,28,2,A,aa1,390,-1.559,1.751,2,0
5,0,28,2,N,nb0,395,0.693,0.646,1,1
5,0,28,2,N,nb1,395,-1.699,1.655,2,1
5,0,28,2,N,nb2,395,0.923,-0.993,1,1
5,0,28,2,N,nb3,395,-0.325,0.094,1,1
5,0,28,2,N,nb4,395,-1.413,0.012,2,1
5,0,28,2,N,nb5,395,0.647,0.416,1,1
5,0,28,2,N,nb6,395,1.494,0.214,1,1
5,0,28,2,N,nb7,395,-1.712,-1.298,1,1
5,0,28,2,N,nb8,395,-1.684,-0.186,1,1
5,0,28,2,N,nb9,395,-1.699,1.847,3,1
5,0,28,2,N,nb10,395,1.867,-1.84,1,1
5,0,28,2,N,nb11,395,-0.241,-1.378,1,1
5,0,28,2,N,nb12,395,1.698,-1.764,1,1
5,0,28,2,N,nb13,395,-1.449,-0.231,2,1
5,0,28,2,N,nb14,395,-1.24,0.184,1,1
5,0,28,2,N,nb15,395,1.658,0.396,2,1
5,0,28,2,N,nb16,395,-0.552,-1.167,1,1
5,0,28,2,N,nb17,395,-0.474,-1.392,2,1
5,0,28,2,N,nb18,395,-1.866,1.865,2,1
5,0,28,2,N,nb19,395,1.572,0.617,2,1
5,0,28,2,N,nb20,395,-1.863,1.696,3,1
5,0,28,2,N,nb21,395,0.801,-0.777,1,1
5,0,28,2,N,nb22,395,-1.524,-1.192,3,1
5,0,28,2,N,nb23,395,1.686,0.818,1,1
5,0,28,2,N,nb24,395,-0.701,-1.582,0,0
5,0,28,2,N,nb25,395,1.395,-0.924,1,1
5,0,28,2,N,nb26,395,-0.115,0.024,1,1
5,0,28,2,N,nb27,395,-1.476,-0.955,1,1
5,0,28,2,N,nb28,395,1.427,-0.696,1,1
5,0,28,2,N,nb29,395,-1.285,-1.205,1,1
5,0,28,2,A,aa0,395,-0.412,-1.72,2,0
5,0,28,2,A,aa1,395,-1.555,1.757,2,0
5,0,28,2,N,nb0,400,0.693,0.646,1,1
5,0,28,2,N,nb1,400,-1.699,1.655,2,1
5,0,28,2,N,nb2,400,0.923,-0.993,1,1
5,0,28,2,N,nb3,400,-0.325,0.094,1,1
5,0,28,2,N,nb4,400,-1.413,0.012,2,1
5,0,28,2,N,nb5,400,0.647,0.416,1,1
5,0,28,2,N,nb6,400,1.494,0.214,1,1
5,0,28,2,N,nb7,400,-1.712,-1.298,1,1
5,0,28,2,N,nb8,400,-1.684,-0.186,1,1
5,0,28,2,N,nb9,400,-1.699,1.847,3,1
5,0,28,2,N,nb10,400,1.867,-1.84,1,1
5,0,28,2,N,nb11,400,-0.241,-1.378,1,1
5,0,28,2,N,nb12,400,1.698,-1.764,1,1
5,0,28,2,N,nb13,400,-1.449,-0.231,2,0
5,0,28,2,N,nb14,400,-1.24,0.184,1,1
5,0,28,2,N,nb15,400,1.658,0.396,2,1
5,0,28,2,N,nb16,400,-0.552,-1.167,1,1
5,0,28,2,N,nb17,400,-0.474,-1.392,2,1
5,0,28,2,N,nb18,400,-1.866,1.865,2,1
5,0,28,2,N,nb19,400,1.572,0.617,2,1
5,0,28,2,N,nb20,400,-1.863,1.696,3,1
5,0,28,2,N,nb21,400,0.801,-0.777,1,1
5,0,28,2,N,nb22,400,-1.524,-1.192,3,1
5,0,28,2,N,nb23,400,1.686,0.818,1,1
5,0,28,2,N,nb24,400,-0.792,-1.541,0,0
5,0,28,2,N,nb25,400,1.395,-0.924,1,1
5,0,28,2,N,nb26,400,-0.115,0.024,1,1
5,0,28,2,N,nb27,400,-1.476,-0.955,1,1
5,0,28,2,N,nb28,400,1.427,-0.696,1,1
5,0,28,2,N,nb29,400,-1.285,-1.205,1,1
5,0,28,2,A,aa0,400,-0.506,-1.685,2,0
5,0,28,2,A,aa1,400,-1.553,1.76,2,0
5,0,28,2,N,nb0,405,0.693,0.646,1,1
5,0,28,2,N,nb1,405,-1.699,1.655,2,1
5,0,28,2,N,nb2,405,0.923,-0.993,1,1
5,0,28,2,N,nb3,405,-0.325,0.094,1,1
5,0,28,2,N,nb4,405,-1.413,0.012,2,1
5,0,28,2,N,nb5,405,0.647,0.416,1,1
5,0,28,2,N,nb6,405,1.494,0.214,1,1
5,0,28,2,N,nb7,405,-1.712,-1.298,1,1
5,0,28,2,N,nb8,405,-1.684,-0.186,1,1
5,0,28,2,N,nb9,405,-1.699,1.847,3,1
5,0,28,2,N,nb10,405,1.867,-1.84,1,1
5,0,28,2,N,nb11,405,-0.241,-1.378,1,0
5,0,28,2,N,nb12,405,1.698,-1.764,1,1
5,0,28,2,N,nb13,405,-1.449,-0.231,2,1
5,0,28,2,N,nb14,405,-1.24,0.184,1,1
5,0,28,2,N,nb15,405,1.658,0.396,2,1
5,0,28,2,N,nb16,405,-0.552,-1.167,1,0
5,0,28,2,N,nb17,405,-0.474,-1.392,2,0
5,0,28,2,N,nb18,405,-1.866,1.865,2,1
5,0,28,2,N,nb19,405,1.572,0.617,2,1
5,0,28,2,N,nb20,405,-1.863,1.696,3,1
5,0,28,2,N,nb21,405,0.801,-0.777,1,1
5,0,28,2,N,nb22,405,-1.524,-1.192,3,1
5,0,28,2,N,nb23,405,1.686,0.818,1,1
5,0,28,2,N,nb24,405,-0.883,-1.499,0,0
5,0,28,2,N,nb25,405,1.395,-0.924,1,1
5,0,28,2,N,nb26,405,-0.115,0.024,1,1
5,0,28,2,N,nb27,405,-1.476,-0.955,1,1
5,0,28,2,N,nb28,405,1.427,-0.696,1,1
5,0,28,2,N,nb29,405,-1.285,-1.205,1,1
5,0,28,2,A,aa0,405,-0.6,-1.651,3,1
5,0,28,2,A,aa1,405,-1.554,1.757,2,0
5,0,28,2,N,nb0,410,0.693,0.646,1,1
5,0,28,2,N,nb1,410,-1.699,1.655,2,1
5,0,28,2,N,nb2,410,0.923,-0.993,1,1
5,0,28,2,N,nb3,410,-0.325,0.094,1,1
5,0,28,2,N,nb4,410,-1.413,0.012,2,1
5,0,28,2,N,nb5,410,0.647,0.416,1,1
5,0,28,2,N,nb6,410,1.494,0.214,1,1
5,0,28,2,N,nb7,410,-1.712,-1.298,1,1
5,0,28,2,N,nb8,410,-1.684,-0.186,1,1
5,0,28,2,N,nb9,410,-1.699,1.847,3,1
5,0,28,2,N,nb10,410,1.867,-1.84,1,1
5,0,28,2,N,nb11,410,-0.298,-1.342,1,0
5,0,28,2,N,nb12,410,1.698,-1.764,1,1
5,0,28,2,N,nb13,410,-1.449,-0.231,2,1
5,0,28,2,N,nb14,410,-1.24,0.184,1,1
5,0,28,2,N,nb15,410,1.658,0.396,2,1
5,0,28,2,N,nb16,410,-0.556,-1.215,1,0
5,0,28,2,N,nb17,410,-0.526,-1.38,2,0
5,0,28,2,N,nb18,410,-1.866,1.865,2,1
5,0,28,2,N,nb19,410,1.572,0.617,2,1
5,0,28,2,N,nb20,410,-1.863,1.696,3,1
5,0,28,2,N,nb21,410,0.801,-0.777,1,1
5,0,28,2,N,nb22,410,-1.524,-1.192,3,1
5,0,28,2,N,nb23,410,1.686,0.818,1,1
5,0,28,2,N,nb24,410,-0.974,-1.458,0,0
5,0,28,2,N,nb25,410,1.395,-0.924,1,1
5,0,28,2,N,nb26,410,-0.115,0.024,1,1
5,0,28,2,N,nb27,410,-1.476,-0.955,1,1
5,0,28,2,N,nb28,410,1.427,-0.696,1,1
5,0,28,2,N,nb29,410,-1.285,-1.205,1,1
5,0,28,2,A,aa0,410,-0.694,-1.617,0,0
5,0,28,2,A,aa1,410,-1.559,1.751,0,0
5,0,28,2,N,nb0,415,0.693,0.646,1,1
5,0,28,2,N,nb1,415,-1.699,1.655,2,1
5,0,28,2,N,nb2,415,0.923,-0.993,1,1
5,0,28,2,N,nb3,415,-0.325,0.094,1,1
5,0,28,2,N,nb4,415,-1.413,0.012,2,0
5,0,28,2,N,nb5,415,0.647,0.416,1,1
5,0,28,2,N,nb6,415,1.494,0.214,1,1
5,0,28,2,N,nb7,415,-1.712,-1.298,1,1
5,0,28,2,N,nb8,415,-1.684,-0.186,1,1
5,0,28,2,N,nb9,415,-1.699,1.847,3,1
5,0,28,2,N,nb10,415,1.867,-1.84,1,1
5,0,28,2,N,nb11,415,-0.365,-1.284,2,0
5,0,28,2,N,nb12,415,1.698,-1.764,1,1
5,0,28,2,N,nb13,415,-1.449,-0.231,2,1
5,0,28,2,N,nb14,415,-1.24,0.184,1,0
5,0,28,2,N,nb15,415,1.658,0.396,2,1
5,0,28,2,N,nb16,415,-0.598,-1.244,2,0
5,0,28,2,N,nb17,415,-0.574,-1.41,2,0
5,0,28,2,N,nb18,415,-1.866,1.865,2,1
5,0,28,2,N,nb19,415,1.572,0.617,2,1
5,0,28,2,N,nb20,415,-1.863,1.696,3,1
5,0,28,2,N,nb21,415,0.801,-0.777,1,1
5,0,28,2,N,nb22,415,-1.524,-1.192,3,1
5,0,28,2,N,nb23,415,1.686,0.818,1,1
5,0,28,2,N,nb24,415,-1.065,-1.417,0,0
5,0,28,2,N,nb25,415,1.395,-0.924,1,1
5,0,28,2,N,nb26,415,-0.115,0.024,1,1
5,0,28,2,N,nb27,415,-1.476,-0.955,1,1
5,0,28,2,N,nb28,415,1.427,-0.696,1,1
5,0,28,2,N,nb29,415,-1.285,-1.205,1,1
5,0,28,2,A,aa0,415,-0.788,-1.582,0,0
5,0,28,2,A,aa1,415,-1.559,1.751,2,0
5,0,28,2,N,nb0,420,0.693,0.646,1,1
5,0,28,2,N,nb1,420,-1.699,1.655,2,1
5,0,28,2,N,nb2,420,0.923,-0.993,1,1
5,0,28,2,N,nb3,420,-0.325,0.094,1,1
5,0,28,2,N,nb4,420,-1.413,0.012,2,1
5,0,28,2,N,nb5,420,0.647,0.416,1,1
5,0,28,2,N,nb6,420,1.494,0.214,1,1
5,0,28,2,N,nb7,420,-1.712,-1.298,1,1
5,0,28,2,N,nb8,420,-1.684,-0.186,1,1
5,0,28,2,N,nb9,420,-1.699,1.847,3,1
5,0,28,2,N,nb10,420,1.867,-1.84,1,1
5,0,28,2,N,nb11,420,-0.38,-1.27,1,1
5,0,28,2,N,nb12,420,1.698,-1.764,1,1
5,0,28,2,N,nb13,420,-1.449,-0.231,2,1
5,0,28,2,N,nb14,420,-1.24,0.184,1,1
5,0,28,2,N,nb15,420,1.658,0.396,2,1
5,0,28,2,N,nb16,420,-0.608,-1.251,2,1
5,0,28,2,N,nb17,420,-0.586,-1.418,1,1
5,0,28,2,N,nb18,420,-1.866,1.865,2,1
5,0,28,2,N,nb19,420,1.572,0.617,2,1
5,0,28,2,N,nb20,420,-1.863,1.696,3,1
5,0,28,2,N,nb21,420,0.801,-0.777,1,1
5,0,28,2,N,nb22,420,-1.524,-1.192,3,1
5,0,28,2,N,nb23,420,1.686,0.818,1,1
5,0,28,2,N,nb24,420,-1.136,-1.385,1,1
5,0,28,2,N,nb25,420,1.395,-0.924,1,1
5,0,28,2,N,nb26,420,-0.115,0.024,1,1
5,0,28,2,N,nb27,420,-1.476,-0.955,1,1
5,0,28,2,N,nb28,420,1.427,-0.696,1,1
5,0,28,2,N,nb29,420,-1.285,-1.205,2,1
5,0,28,2,A,aa0,420,-0.882,-1.548,2,0
5,0,28,2,A,aa1,420,-1.559,1.751,2,0
5,0,28,2,N,nb0,425,0.693,0.646,1,1
5,0,28,2,N,nb1,425,-1.699,1.655,2,1
5,0,28,2,N,nb2,425,0.923,-0.993,1,1
5,0,28,2,N,nb3,425,-0.325,0.094,1,1
5,0,28,2,N,nb4,425,-1.413,0.012,2,1
5,0,28,2,N,nb5,425,0.647,0.416,1,1
5,0,28,2,N,nb6,425,1.494,0.214,1,1
5,0,28,2,N,nb7,425,-1.712,-1.298,1,1
5,0,28,2,N,nb8,425,-1.684,-0.186,1,1
5,0,28,2,N,nb9,425,-1.699,1.847,3,1
5,0,28,2,N,nb10,425,1.867,-1.84,1,1
5,0,28,2,N,nb11,425,-0.38,-1.27,1,1
5,0,28,2,N,nb12,425,1.698,-1.764,1,1
5,0,28,2,N,nb13,425,-1.449,-0.231,2,1
5,0,28,2,N,nb14,425,-1.24,0.184,1,1
5,0,28,2,N,nb15,425,1.658,0.396,2,1
5,0,28,2,N,nb16,425,-0.627,-1.263,2,0
5,0,28,2,N,nb17,425,-0.607,-1.43,1,0
5,0,28,2,N,nb18,425,-1.866,1.865,2,1
5,0,28,2,N,nb19,425,1.572,0.617,2,1
5,0,28,2,N,nb20,425,-1.863,1.696,3,1
5,0,28,2,N,nb21,425,0.801,-0.777,1,1
5,0,28,2,N,nb22,425,-1.524,-1.192,3,1
5,0,28,2,N,nb23,425,1.686,0.818,1,1
5,0,28,2,N,nb24,425,-1.167,-1.374,1,0
5,0,28,2,N,nb25,425,1.395,-0.924,1,1
5,0,28,2,N,nb26,425,-0.115,0.024,1,1
5,0,28,2,N,nb27,425,-1.476,-0.955,1,1
5,0,28,2,N,nb28,425,1.427,-0.696,1,1
5,0,28,2,N,nb29,425,-1.285,-1.205,2,1
5,0,28,2,A,aa0,425,-0.941,-1.526,0,0
5,0,28,2,A,aa1,425,-1.558,1.75,2,0
5,0,28,2,N,nb0,430,0.693,0.646,1,1
5,0,28,2,N,nb1,430,-1.699,1.655,2,1
5,0,28,2,N,nb2,430,0.923,-0.993,1,1
5,0,28,2,N,nb3,430,-0.325,0.094,1,1
5,0,28,2,N,nb4,430,-1.413,0.012,2,1
5,0,28,2,N,nb5,430,0.647,0.416,1,1
5,0,28,2,N,nb6,430,1.494,0.214,1,1
5,0,28,2,N,nb7,430,-1.712,-1.298,1,1
5,0,28,2,N,nb8,430,-1.684,-0.186,1,1
5,0,28,2,N,nb9,430,-1.699,1.847,3,1
5,0,28,2,N,nb10,430,1.867,-1.84,1,1
5,0,28,2,N,nb11,430,-0.38,-1.27,0,1
5,0,28,2,N,nb12,430,1.698,-1.764,1,1
5,0,28,2,N,nb13,430,-1.449,-0.231,2,1
5,0,28,2,N,nb14,430,-1.24,0.184,1,1
5,0,28,2,N,nb15,430,1.658,0.396,2,1
5,0,28,2,N,nb16,430,-0.684,-1.3,1,0
5,0,28,2,N,nb17,430,-0.669,-1.467,1,0
5,0,28,2,N,nb18,430,-1.866,1.865,2,1
5,0,28,2,N,nb19,430,1.572,0.617,2,1
5,0,28,2,N,nb20,430,-1.863,1.696,3,1
5,0,28,2,N,nb21,430,0.801,-0.777,1,1
5,0,28,2,N,nb22,430,-1.524,-1.192,3,1
5,0,28,2,N,nb23,430,1.686,0.818,1,1
5,0,28,2,N,nb24,430,-1.246,-1.36,1,0
5,0,28,2,N,nb25,430,1.395,-0.924,1,1
5,0,28,2,N,nb26,430,-0.115,0.024,1,1
5,0,28,2,N,nb27,430,-1.476,-0.955,1,1
5,0,28,2,N,nb28,430,1.427,-0.696,1,1
5,0,28,2,N,nb29,430,-1.293,-1.198,2,1
5,0,28,2,A,aa0,430,-0.975,-1.539,0,0
5,0,28,2,A,aa1,430,-1.549,1.734,2,0
5,0,28,2,N,nb0,435,0.693,0.646,1,1
5,0,28,2,N,nb1,435,-1.699,1.655,2,1
5,0,28,2,N,nb2,435,0.923,-0.993,1,1
5,0,28,2,N,nb3,435,-0.325,0.094,1,1
5,0,28,2,N,nb4,435,-1.413,0.012,2,1
5,0,28,2,N,nb5,435,0.647,0.416,1,1
5,0,28,2,N,nb6,435,1.494,0.214,1,1
5,0,28,2,N,nb7,435,-1.712,-1.298,1,1
5,0,28,2,N,nb8,435,-1.684,-0.186,1,1
5,0,28,2,N,nb9,435,-1.699,1.847,3,1
5,0,28,2,N,nb10,435,1.867,-1.84,1,1
5,0,28,2,N,nb11,435,-0.38,-1.27,0,1
5,0,28,2,N,nb12,435,1.698,-1.764,1,1
5,0,28,2,N,nb13,435,-1.449,-0.231,2,1
5,0,28,2,N,nb14,435,-1.24,0.184,1,1
5,0,28,2,N,nb15,435,1.658,0.396,2,1
5,0,28,2,N,nb16,435,-0.724,-1.325,1,1
5,0,28,2,N,nb17,435,-0.712,-1.493,1,1
5,0,28,2,N,nb18,435,-1.866,1.865,2,1
5,0,28,2,N,nb19,435,1.572,0.617,2,1
5,0,28,2,N,nb20,435,-1.863,1.696,3,1
5,0,28,2,N,nb21,435,0.801,-0.777,1,1
5,0,28,2,N,nb22,435,-1.524,-1.192,3,1
5,0,28,2,N,nb23,435,1.686,0.818,1,1
5,0,28,2,N,nb24,435,-1.298,-1.359,1,1
5,0,28,2,N,nb25,435,1.395,-0.924,1,0
5,0,28,2,N,nb26,435,-0.115,0.024,1,1
5,0,28,2,N,nb27,435,-1.476,-0.955,1,1
5,0,28,2,N,nb28,435,1.427,-0.696,1,1
5,0,28,2,N,nb29,435,-1.298,-1.19,2,1
5,0,28,2,A,aa0,435,-1.069,-1.574,4,1
5,0,28,2,A,aa1,435,-1.533,1.688,2,0
5,0,28,2,N,nb0,440,0.693,0.646,1,1
5,0,28,2,N,nb1,440,-1.699,1.655,2,1
5,0,28,2,N,nb2,440,0.923,-0.993,1,1
5,0,28,2,N,nb3,440,-0.325,0.094,1,1
5,0,28,2,N,nb4,440,-1.413,0.012,2,1
5,0,28,2,N,nb5,440,0.647,0.416,1,1
5,0,28,2,N,nb6,440,1.494,0.214,1,1
5,0,28,2,N,nb7,440,-1.712,-1.298,1,1
5,0,28,2,N,nb8,440,-1.684,-0.186,1,1
5,0,28,2,N,nb9,440,-1.699,1.847,3,1
5,0,28,2,N,nb10,440,1.867,-1.84,1,1
5,0,28,2,N,nb11,440,-0.38,-1.27,0,1
5,0,28,2,N,nb12,440,1.698,-1.764,1,1
5,0,28,2,N,nb13,440,-1.449,-0.231,2,1
5,0,28,2,N,nb14,440,-1.24,0.184,1,1
5,0,28,2,N,nb15,440,1.658,0.396,2,1
5,0,28,2,N,nb16,440,-0.763,-1.347,1,0
5,0,28,2,N,nb17,440,-0.753,-1.515,1,0
5,0,28,2,N,nb18,440,-1.866,1.865,2,1
5,0,28,2,N,nb19,440,1.572,0.617,2,1
5,0,28,2,N,nb20,440,-1.863,1.696,3,1
5,0,28,2,N,nb21,440,0.801,-0.777,1,1
5,0,28,2,N,nb22,440,-1.524,-1.192,4,1
5,0,28,2,N,nb23,440,1.686,0.818,1,1
5,0,28,2,N,nb24,440,-1.351,-1.358,2,0
5,0,28,2,N,nb25,440,1.395,-0.924,1,1
5,0,28,2,N,nb26,440,-0.115,0.024,1,1
5,0,28,2,N,nb27,440,-1.476,-0.955,1,1
5,0,28,2,N,nb28,440,1.427,-0.696,1,1
5,0,28,2,N,nb29,440,-1.298,-1.19,2,1
5,0,28,2,A,aa0,440,-1.162,-1.609,1,0
5,0,28,2,A,aa1,440,-1.53,1.672,2,0
5,0,28,2,N,nb0,445,0.693,0.646,1,1
5,0,28,2,N,nb1,445,-1.699,1.655,2,1
5,0,28,2,N,nb2,445,0.923,-0.993,1,1
5,0,28,2,N,nb3,445,-0.325,0.094,1,1
5,0,28,2,N,nb4,445,-1.413,0.012,2,1
5,0,28,2,N,nb5,445,0.647,0.416,1,1
5,0,28,2,N,nb6,445,1.494,0.214,1,1
5,0,28,2,N,nb7,445,-1.712,-1.298,1,1
5,0,28,2,N,nb8,445,-1.684,-0.186,1,1
5,0,28,2,N,nb9,445,-1.699,1.847,3,1
5,0,28,2,N,nb10,445,1.867,-1.84,1,1
5,0,28,2,N,nb11,445,-0.38,-1.27,0,1
5,0,28,2,N,nb12,445,1.698,-1.764,1,1
5,0,28,2,N,nb13,445,-1.449,-0.231,2,1
5,0,28,2,N,nb14,445,-1.24,0.184,1,1
5,0,28,2,N,nb15,445,1.658,0.396,2,1
5,0,28,2,N,nb16,445,-0.835,-1.388,1,0
5,0,28,2,N,nb17,445,-0.831,-1.556,1,0
5,0,28,2,N,nb18,445,-1.866,1.865,2,1
5,0,28,2,N,nb19,445,1.572,0.617,2,1
5,0,28,2,N,nb20,445,-1.863,1.696,3,1
5,0,28,2,N,nb21,445,0.801,-0.777,1,1
5,0,28,2,N,nb22,445,-1.524,-1.192,4,1
5,0,28,2,N,nb23,445,1.686,0.818,1,1
5,0,28,2,N,nb24,445,-1.443,-1.362,2,0
5,0,28,2,N,nb25,445,1.395,-0.924,1,1
5,0,28,2,N,nb26,445,-0.115,0.024,1,1
5,0,28,2,N,nb27,445,-1.476,-0.955,1,1
5,0,28,2,N,nb28,445,1.427,-0.696,1,1
5,0,28,2,N,nb29,445,-1.298,-1.19,2,1
5,0,28,2,A,aa0,445,-1.256,-1.645,2,0
5,0,28,2,A,aa1,445,-1.493,1.632,2,0
5,0,28,2,N,nb0,450,0.693,0.646,1,1
5,0,28,2,N,nb1,450,-1.699,1.655,2,1
5,0,28,2,N,nb2,450,0.923,-0.993,1,1
5,0,28,2,N,nb3,450,-0.325,0.094,1,1
5,0,28,2,N,nb4,450,-1.413,0.012,2,1
5,0,28,2,N,nb5,450,0.647,0.416,1,1
5,0,28,2,N,nb6,450,1.494,0.214,1,1
5,0,28,2,N,nb7,450,-1.712,-1.298,2,0
5,0,28,2,N,nb8,450,-1.684,-0.186,1,0
5,0,28,2,N,nb9,450,-1.699,1.847,3,1
5,0,28,2,N,nb10,450,1.867,-1.84,1,1
5,0,28,2,N,nb11,450,-0.417,-1.227,0,0
5,0,28,2,N,nb12,450,1.698,-1.764,1,1
5,0,28,2,N,nb13,450,-1.449,-0.231,2,1
5,0,28,2,N,nb14,450,-1.24,0.184,1,1
5,0,28,2,N,nb15,450,1.658,0.396,2,1
5,0,28,2,N,nb16,450,-0.868,-1.407,1,0
5,0,28,2,N,nb17,450,-0.866,-1.575,1,0
5,0,28,2,N,nb18,450,-1.866,1.865,2,1
5,0,28,2,N,nb19,450,1.572,0.617,2,1
5,0,28,2,N,nb20,450,-1.863,1.696,3,1
5,0,28,2,N,nb21,450,0.801,-0.777,1,1
5,0,28,2,N,nb22,450,-1.524,-1.192,4,1
5,0,28,2,N,nb23,450,1.686,0.818,1,1
5,0,28,2,N,nb24,450,-1.483,-1.367,2,0
5,0,28,2,N,nb25,450,1.395,-0.924,1,1
5,0,28,2,N,nb26,450,-0.115,0.024,1,1
5,0,28,2,N,nb27,450,-1.476,-0.955,1,1
5,0,28,2,N,nb28,450,1.427,-0.696,1,1
5,0,28,2,N,nb29,450,-1.298,-1.19,1,0
5,0,28,2,A,aa0,450,-1.35,-1.68,4,1
5,0,28,2,A,aa1,450,-1.424,1.563,2,0
5,0,28,2,N,nb0,455,0.693,0.646,1,1
5,0,28,2,N,nb1,455,-1.699,1.655,2,1
5,0,28,2,N,nb2,455,0.923,-0.993,1,1
5,0,28,2,N,nb3,455,-0.325,0.094,1,1
5,0,28,2,N,nb4,455,-1.413,0.012,2,1
5,0,28,2,N,nb5,455,0.647,0.416,1,1
5,0,28,2,N,nb6,455,1.494,0.214,1,1
5,0,28,2,N,nb7,455,-1.687,-1.336,2,0
5,0,28,2,N,nb8,455,-1.684,-0.186,1,1
5,0,28,2,N,nb9,455,-1.699,1.847,3,1
5,0,28,2,N,nb10,455,1.867,-1.84,1,1
5,0,28,2,N,nb11,455,-0.484,-1.153,0,0
5,0,28,2,N,nb12,455,1.698,-1.764,1,1
5,0,28,2,N,nb13,455,-1.449,-0.231,2,1
5,0,28,2,N,nb14,455,-1.24,0.184,1,1
5,0,28,2,N,nb15,455,1.658,0.396,2,1
5,0,28,2,N,nb16,455,-0.928,-1.436,1,0
5,0,28,2,N,nb17,455,-0.93,-1.604,1,0
5,0,28,2,N,nb18,455,-1.866,1.865,2,1
5,0,28,2,N,nb19,455,1.572,0.617,2,1
5,0,28,2,N,nb20,455,-1.863,1.696,3,1
5,0,28,2,N,nb21,455,0.801,-0.777,1,1
5,0,28,2,N,nb22,455,-1.528,-1.194,4,1
5,0,28,2,N,nb23,455,1.686,0.818,1,1
5,0,28,2,N,nb24,455,-1.526,-1.388,2,0
5,0,28,2,N,nb25,455,1.395,-0.924,1,1
5,0,28,2,N,nb26,455,-0.115,0.024,1,1
5,0,28,2,N,nb27,455,-1.476,-0.955,1,1
5,0,28,2,N,nb28,455,1.427,-0.696,1,1
5,0,28,2,N,nb29,455,-1.359,-1.198,1,0
5,0,28,2,A,aa0,455,-1.443,-1.716,0,0
5,0,28,2,A,aa1,455,-1.352,1.494,2,0
5,0,28,2,N,nb0,460,0.693,0.646,1,1
5,0,28,2,N,nb1,460,-1.699,1.655,2,1
5,0,28,2,N,nb2,460,0.923,-0.993,1,1
5,0,28,2,N,nb3,460,-0.325,0.094,1,1
5,0,28,2,N,nb4,460,-1.413,0.012,2,1
5,0,28,2,N,nb5,460,0.647,0.416,1,1
5,0,28,2,N,nb6,460,1.494,0.214,1,1
5,0,28,2,N,nb7,460,-1.702,-1.384,2,0
5,0,28,2,N,nb8,460,-1.684,-0.186,1,1
5,0,28,2,N,nb9,460,-1.699,1.847,3,1
5,0,28,2,N,nb10,460,1.867,-1.84,1,1
5,0,28,2,N,nb11,460,-0.55,-1.078,0,0
5,0,28,2,N,nb12,460,1.698,-1.764,1,1
5,0,28,2,N,nb13,460,-1.449,-0.231,2,1
5,0,28,2,N,nb14,460,-1.24,0.184,1,1
5,0,28,2,N,nb15,460,1.658,0.396,2,1
5,0,28,2,N,nb16,460,-1.009,-1.474,1,0
5,0,28,2,N,nb17,460,-1.016,-1.643,1,0
5,0,28,2,N,nb18,460,-1.866,1.865,2,1
5,0,28,2,N,nb19,460,1.572,0.617,2,1
5,0,28,2,N,nb20,460,-1.863,1.696,3,1
5,0,28,2,N,nb21,460,0.801,-0.777,1,1
5,0,28,2,N,nb22,460,-1.568,-1.214,3,1
5,0,28,2,N,nb23,460,1.686,0.818,1,1
5,0,28,2,N,nb24,460,-1.54,-1.437,2,0
5,0,28,2,N,nb25,460,1.395,-0.924,1,1
5,0,28,2,N,nb26,460,-0.115,0.024,1,1
5,0,28,2,N,nb27,460,-1.476,-0.955,0,1
5,0,28,2,N,nb28,460,1.427,-0.696,1,1
5,0,28,2,N,nb29,460,-1.398,-1.203,1,0
5,0,28,2,A,aa0,460,-1.537,-1.751,0,0
5,0,28,2,A,aa1,460,-1.28,1.425,2,0
5,0,28,2,N,nb0,465,0.693,0.646,1,1
5,0,28,2,N,nb1,465,-1.699,1.655,2,1
5,0,28,2,N,nb2,465,0.923,-0.993,1,1
5,0,28,2,N,nb3,465,-0.325,0.094,1,1
5,0,28,2,N,nb4,465,-1.413,0.012,2,1
5,0,28,2,N,nb5,465,0.647,0.416,1,1
5,0,28,2,N,nb6,465,1.494,0.214,1,1
5,0,28,2,N,nb7,465,-1.705,-1.396,2,0
5,0,28,2,N,nb8,465,-1.684,-0.186,1,1
5,0,28,2,N,nb9,465,-1.699,1.847,3,1
5,0,28,2,N,nb10,465,1.867,-1.84,1,1
5,0,28,2,N,nb11,465,-0.616,-1.003,0,0
5,0,28,2,N,nb12,465,1.698,-1.764,1,1
5,0,28,2,N,nb13,465,-1.449,-0.231,2,1
5,0,28,2,N,nb14,465,-1.24,0.184,1,1
5,0,28,2,N,nb15,465,1.658,0.396,2,1
5,0,28,2,N,nb16,465,-1.028,-1.482,1,1
5,0,28,2,N,nb17,465,-1.036,-1.652,1,0
5,0,28,2,N,nb18,465,-1.866,1.865,2,1
5,0,28,2,N,nb19,465,1.572,0.617,2,1
5,0,28,2,N,nb20,465,-1.863,1.696,3,1
5,0,28,2,N,nb21,465,0.801,-0.777,1,1
5,0,28,2,N,nb22,465,-1.576,-1.219,3,0
5,0,28,2,N,nb23,465,1.686,0.818,1,1
5,0,28,2,N,nb24,465,-1.544,-1.449,2,0
5,0,28,2,N,nb25,465,1.395,-0.924,1,1
5,0,28,2,N,nb26,465,-0.115,0.024,1,1
5,0,28,2,N,nb27,465,-1.476,-0.955,0,1
5,0,28,2,N,nb28,465,1.427,-0.696,1,1
5,0,28,2,N,nb29,465,-1.407,-1.205,1,1
5,0,28,2,A,aa0,465,-1.625,-1.784,2,0
5,0,28,2,A,aa1,465,-1.22,1.367,1,0
5,0,28,2,N,nb0,470,0.693,0.646,1,1
5,0,28,2,N,nb1,470,-1.699,1.655,2,0
5,0,28,2,N,nb2,470,0.923,-0.993,1,1
5,0,28,2,N,nb3,470,-0.325,0.094,1,1
5,0,28,2,N,nb4,470,-1.413,0.012,2,1
5,0,28,2,N,nb5,470,0.647,0.416,1,1
5,0,28,2,N,nb6,470,1.494,0.214,1,1
5,0,28,2,N,nb7,470,-1.723,-1.455,1,0
5,0,28,2,N,nb8,470,-1.684,-0.186,1,1
5,0,28,2,N,nb9,470,-1.699,1.847,3,0
5,0,28,2,N,nb10,470,1.867,-1.84,1,1
5,0,28,2,N,nb11,470,-0.683,-0.928,0,0
5,0,28,2,N,nb12,470,1.698,-1.764,1,1
5,0,28,2,N,nb13,470,-1.449,-0.231,2,1
5,0,28,2,N,nb14,470,-1.24,0.184,1,1
5,0,28,2,N,nb15,470,1.658,0.396,2,1
5,0,28,2,N,nb16,470,-1.028,-1.482,1,1
5,0,28,2,N,nb17,470,-1.119,-1.694,1,0
5,0,28,2,N,nb18,470,-1.866,1.865,2,1
5,0,28,2,N,nb19,470,1.572,0.617,2,1
5,0,28,2,N,nb20,470,-1.863,1.696,3,0
5,0,28,2,N,nb21,470,0.801,-0.777,1,1
5,0,28,2,N,nb22,470,-1.576,-1.219,1,1
5,0,28,2,N,nb23,470,1.686,0.818,1,1
5,0,28,2,N,nb24,470,-1.562,-1.508,1,0
5,0,28,2,N,nb25,470,1.395,-0.924,1,1
5,0,28,2,N,nb26,470,-0.115,0.024,1,1
5,0,28,2,N,nb27,470,-1.476,-0.955,0,1
5,0,28,2,N,nb28,470,1.427,-0.696,1,0
5,0,28,2,N,nb29,470,-1.407,-1.205,1,1
5,0,28,2,A,aa0,470,-1.714,-1.805,0,0
5,0,28,2,A,aa1,470,-1.22,1.367,1,0
5,0,28,2,N,nb0,475,0.693,0.646,1,1
5,0,28,2,N,nb1,475,-1.699,1.655,2,1
5,0,28,2,N,nb2,475,0.923,-0.993,1,1
5,0,28,2,N,nb3,475,-0.325,0.094,1,1
5,0,28,2,N,nb4,475,-1.413,0.012,2,1
5,0,28,2,N,nb5,475,0.647,0.416,1,1
5,0,28,2,N,nb6,475,1.494,0.214,1,1
5,0,28,2,N,nb7,475,-1.744,-1.525,1,1
5,0,28,2,N,nb8,475,-1.684,-0.186,1,1
5,0,28,2,N,nb9,475,-1.699,1.847,3,1
5,0,28,2,N,nb10,475,1.867,-1.84,1,1
5,0,28,2,N,nb11,475,-0.749,-0.854,0,0
5,0,28,2,N,nb12,475,1.698,-1.764,1,1
5,0,28,2,N,nb13,475,-1.449,-0.231,2,1
5,0,28,2,N,nb14,475,-1.24,0.184,1,1
5,0,28,2,N,nb15,475,1.658,0.396,2,1
5,0,28,2,N,nb16,475,-1.028,-1.482,0,1
5,0,28,2,N,nb17,475,-1.204,-1.743,0,0
5,0,28,2,N,nb18,475,-1.866,1.865,2,1
5,0,28,2,N,nb19,475,1.572,0.617,2,0
5,0,28,2,N,nb20,475,-1.863,1.696,3,1
5,0,28,2,N,nb21,475,0.801,-0.777,1,0
5,0,28,2,N,nb22,475,-1.576,-1.219,1,1
5,0,28,2,N,nb23,475,1.686,0.818,1,0
5,0,28,2,N,nb24,475,-1.583,-1.578,1,1
5,0,28,2,N,nb25,475,1.395,-0.924,1,1
5,0,28,2,N,nb26,475,-0.115,0.024,1,1
5,0,28,2,N,nb27,475,-1.476,-0.955,0,1
5,0,28,2,N,nb28,475,1.427,-0.696,1,1
5,0,28,2,N,nb29,475,-1.407,-1.205,1,1
5,0,28,2,A,aa0,475,-1.804,-1.814,0,0
5,0,28,2,A,aa1,475,-1.123,1.376,0,0
5,0,28,2,N,nb0,480,0.693,0.646,1,1
5,0,28,2,N,nb1,480,-1.699,1.655,2,1
5,0,28,2,N,nb2,480,0.923,-0.993,1,1
5,0,28,2,N,nb3,480,-0.325,0.094,1,1
5,0,28,2,N,nb4,480,-1.413,0.012,2,1
5,0,28,2,N,nb5,480,0.647,0.416,1,1
5,0,28,2,N,nb6,480,1.494,0.214,1,1
5,0,28,2,N,nb7,480,-1.744,-1.527,1,1
5,0,28,2,N,nb8,480,-1.684,-0.186,1,1
5,0,28,2,N,nb9,480,-1.699,1.847,3,1
5,0,28,2,N,nb10,480,1.867,-1.84,1,1
5,0,28,2,N,nb11,480,-0.816,-0.779,0,0
5,0,28,2,N,nb12,480,1.698,-1.764,1,1
5,0,28,2,N,nb13,480,-1.449,-0.231,2,1
5,0,28,2,N,nb14,480,-1.24,0.184,1,1
5,0,28,2,N,nb15,480,1.658,0.396,2,1
5,0,28,2,N,nb16,480,-1.028,-1.482,0,1
5,0,28,2,N,nb17,480,-1.287,-1.791,0,0
5,0,28,2,N,nb18,480,-1.866,1.865,2,1
5,0,28,2,N,nb19,480,1.572,0.617,2,1
5,0,28,2,N,nb20,480,-1.863,1.696,3,1
5,0,28,2,N,nb21,480,0.801,-0.777,1,1
5,0,28,2,N,nb22,480,-1.576,-1.219,1,1
5,0,28,2,N,nb23,480,1.686,0.818,1,1
5,0,28,2,N,nb24,480,-1.583,-1.581,1,1
5,0,28,2,N,nb25,480,1.395,-0.924,1,1
5,0,28,2,N,nb26,480,-0.115,0.024,1,1
5,0,28,2,N,nb27,480,-1.476,-0.955,0,1
5,0,28,2,N,nb28,480,1.427,-0.696,1,1
5,0,28,2,N,nb29,480,-1.407,-1.205,1,1
5,0,28,2,A,aa0,480,-1.866,-1.813,2,0
5,0,28,2,A,aa1,480,-1.024,1.385,0,0
5,0,28,2,N,nb0,485,0.693,0.646,1,0
5,0,28,2,N,nb1,485,-1.699,1.655,2,1
5,0,28,2,N,nb2,485,0.923,-0.993,1,1
5,0,28,2,N,nb3,485,-0.325,0.094,1,1
5,0,28,2,N,nb4,485,-1.413,0.012,2,1
5,0,28,2,N,nb5,485,0.647,0.416,1,0
5,0,28,2,N,nb6,485,1.494,0.214,1,1
5,0,28,2,N,nb7,485,-1.744,-1.527,1,1
5,0,28,2,N,nb8,485,-1.684,-0.186,1,1
5,0,28,2,N,nb9,485,-1.699,1.847,3,1
5,0,28,2,N,nb10,485,1.867,-1.84,1,1
5,0,28,2,N,nb11,485,-0.882,-0.704,0,0
5,0,28,2,N,nb12,485,1.698,-1.764,1,1
5,0,28,2,N,nb13,485,-1.449,-0.231,2,1
5,0,28,2,N,nb14,485,-1.24,0.184,1,1
5,0,28,2,N,nb15,485,1.658,0.396,2,0
5,0,28,2,N,nb16,485,-1.028,-1.482,0,1
5,0,28,2,N,nb17,485,-1.369,-1.828,0,0
5,0,28,2,N,nb18,485,-1.866,1.865,2,1
5,0,28,2,N,nb19,485,1.572,0.617,2,1
5,0,28,2,N,nb20,485,-1.863,1.696,3,1
5,0,28,2,N,nb21,485,0.801,-0.777,1,1
5,0,28,2,N,nb22,485,-1.576,-1.219,1,1
5,0,28,2,N,nb23,485,1.686,0.818,1,1
5,0,28,2,N,nb24,485,-1.583,-1.581,1,1
5,0,28,2,N,nb25,485,1.395,-0.924,1,1
5,0,28,2,N,nb26,485,-0.115,0.024,1,1
5,0,28,2,N,nb27,485,-1.47,-0.968,1,1
5,0,28,2,N,nb28,485,1.427,-0.696,1,1
5,0,28,2,N,nb29,485,-1.407,-1.205,2,1
5,0,28,2,A,aa0,485,-1.866,-1.8,2,0
5,0,28,2,A,aa1,485,-0.924,1.394,0,0
5,0,28,2,N,nb0,490,0.693,0.646,1,1
5,0,28,2,N,nb1,490,-1.699,1.655,2,1
5,0,28,2,N,nb2,490,0.923,-0.993,1,1
5,0,28,2,N,nb3,490,-0.325,0.094,1,1
5,0,28,2,N,nb4,490,-1.413,0.012,2,1
5,0,28,2,N,nb5,490,0.647,0.416,1,1
5,0,28,2,N,nb6,490,1.494,0.214,1,1
5,0,28,2,N,nb7,490,-1.744,-1.527,1,1
5,0,28,2,N,nb8,490,-1.684,-0.186,1,1
5,0,28,2,N,nb9,490,-1.699,1.847,3,1
5,0,28,2,N,nb10,490,1.867,-1.84,1,1
5,0,28,2,N,nb11,490,-0.949,-0.629,0,0
5,0,28,2,N,nb12,490,1.698,-1.764,1,1
5,0,28,2,N,nb13,490,-1.449,-0.231,2,1
5,0,28,2,N,nb14,490,-1.24,0.184,1,1
5,0,28,2,N,nb15,490,1.658,0.396,2,1
5,0,28,2,N,nb16,490,-1.028,-1.482,0,1
5,0,28,2,N,nb17,490,-1.456,-1.853,0,0
5,0,28,2,N,nb18,490,-1.866,1.865,2,1
5,0,28,2,N,nb19,490,1.572,0.617,2,1
5,0,28,2,N,nb20,490,-1.863,1.696,3,1
5,0,28,2,N,nb21,490,0.801,-0.777,1,1
5,0,28,2,N,nb22,490,-1.576,-1.219,1,1
5,0,28,2,N,nb23,490,1.686,0.818,1,1
5,0,28,2,N,nb24,490,-1.583,-1.581,1,1
5,0,28,2,N,nb25,490,1.395,-0.924,1,1
5,0,28,2,N,nb26,490,-0.115,0.024,1,1
5,0,28,2,N,nb27,490,-1.469,-0.971,1,1
5,0,28,2,N,nb28,490,1.427,-0.696,1,1
5,0,28,2,N,nb29,490,-1.407,-1.205,2,1
5,0,28,2,A,aa0,490,-1.866,-1.77,2,0
5,0,28,2,A,aa1,490,-0.825,1.404,0,0
5,0,28,2,N,nb0,495,0.693,0.646,1,1
5,0,28,2,N,nb1,495,-1.699,1.655,2,1
5,0,28,2,N,nb2,495,0.923,-0.993,1,1
5,0,28,2,N,nb3,495,-0.325,0.094,1,0
5,0,28,2,N,nb4,495,-1.413,0.012,2,1
5,0,28,2,N,nb5,495,0.647,0.416,1,1
5,0,28,2,N,nb6,495,1.494,0.214,1,1
5,0,28,2,N,nb7,495,-1.744,-1.527,1,1
5,0,28,2,N,nb8,495,-1.684,-0.186,1,1
5,0,28,2,N,nb9,495,-1.699,1.847,3,1
5,0,28,2,N,nb10,495,1.867,-1.84,1,1
5,0,28,2,N,nb11,495,-1.015,-0.555,0,0
5,0,28,2,N,nb12,495,1.698,-1.764,1,1
5,0,28,2,N,nb13,495,-1.449,-0.231,2,1
5,0,28,2,N,nb14,495,-1.24,0.184,1,1
5,0,28,2,N,nb15,495,1.658,0.396,2,1
5,0,28,2,N,nb16,495,-1.082,-1.501,0,0
5,0,28,2,N,nb17,495,-1.546,-1.865,0,0
5,0,28,2,N,nb18,495,-1.866,1.865,2,1
5,0,28,2,N,nb19,495,1.572,0.617,2,1
5,0,28,2,N,nb20,495,-1.863,1.696,3,1
5,0,28,2,N,nb21,495,0.801,-0.777,1,1
5,0,28,2,N,nb22,495,-1.576,-1.219,1,1
5,0,28,2,N,nb23,495,1.686,0.818,1,1
5,0,28,2,N,nb24,495,-1.583,-1.581,1,1
5,0,28,2,N,nb25,495,1.395,-0.924,1,1
5,0,28,2,N,nb26,495,-0.115,0.024,1,0
5,0,28,2,N,nb27,495,-1.469,-0.971,1,1
5,0,28,2,N,nb28,495,1.427,-0.696,1,1
5,0,28,2,N,nb29,495,-1.407,-1.205,2,1
5,0,28,2,A,aa0,495,-1.866,-1.726,2,0
5,0,28,2,A,aa1,495,-0.725,1.413,0,0
5,0,28,2,N,nb0,500,0.693,0.646,1,1
5,0,28,2,N,nb1,500,-1.699,1.655,2,1
5,0,28,2,N,nb2,500,0.923,-0.993,1,1
5,0,28,2,N,nb3,500,-0.325,0.094,1,1
5,0,28,2,N,nb4,500,-1.413,0.012,2,1
5,0,28,2,N,nb5,500,0.647,0.416,1,1
5,0,28,2,N,nb6,500,1.494,0.214,1,0
5,0,28,2,N,nb7,500,-1.744,-1.527,1,1
5,0,28,2,N,nb8,500,-1.684,-0.186,1,1
5,0,28,2,N,nb9,500,-1.699,1.847,3,1
5,0,28,2,N,nb10,500,1.867,-1.84,1,1
5,0,28,2,N,nb11,500,-1.081,-0.48,0,0
5,0,28,2,N,nb12,500,1.698,-1.764,1,1
5,0,28,2,N,nb13,500,-1.449,-0.231,2,1
5,0,28,2,N,nb14,500,-1.24,0.184,1,1
5,0,28,2,N,nb15,500,1.658,0.396,2,1
5,0,28,2,N,nb16,500,-1.176,-1.534,0,0
5,0,28,2,N,nb17,500,-1.638,-1.865,0,0
5,0,28,2,N,nb18,500,-1.866,1.865,2,1
5,0,28,2,N,nb19,500,1.572,0.617,2,1
5,0,28,2,N,nb20,500,-1.863,1.696,3,1
5,0,28,2,N,nb21,500,0.801,-0.777,1,1
5,0,28,2,N,nb22,500,-1.576,-1.219,1,1
5,0,28,2,N,nb23,500,1.686,0.818,1,1
5,0,28,2,N,nb24,500,-1.583,-1.581,1,1
5,0,28,2,N,nb25,500,1.395,-0.924,1,1
5,0,28,2,N,nb26,500,-0.115,0.024,1,1
5,0,28,2,N,nb27,500,-1.469,-0.971,1,1
5,0,28,2,N,nb28,500,1.427,-0.696,1,1
5,0,28,2,N,nb29,500,-1.407,-1.205,2,1
5,0,28,2,A,aa0,500,-1.866,-1.668,2,0
5,0,28,2,A,aa1,500,-0.625,1.422,0,0
5,0,28,2,N,nb0,505,0.693,0.646,1,1
5,0,28,2,N,nb1,505,-1.699,1.655,2,1
5,0,28,2,N,nb2,505,0.923,-0.993,1,1
5,0,28,2,N,nb3,505,-0.325,0.094,1,1
5,0,28,2,N,nb4,505,-1.413,0.012,2,1
5,0,28,2,N,nb5,505,0.647,0.416,1,1
5,0,28,2,N,nb6,505,1.494,0.214,1,1
5,0,28,2,N,nb7,505,-1.738,-1.523,1,0
5,0,28,2,N,nb8,505,-1.684,-0.186,1,1
5,0,28,2,N,nb9,505,-1.699,1.847,3,1
5,0,28,2,N,nb10,505,1.867,-1.84,1,1
5,0,28,2,N,nb11,505,-1.148,-0.405,0,0
5,0,28,2,N,nb12,505,1.698,-1.764,1,1
5,0,28,2,N,nb13,505,-1.449,-0.231,2,1
5,0,28,2,N,nb14,505,-1.24,0.184,1,1
5,0,28,2,N,nb15,505,1.658,0.396,2,1
5,0,28,2,N,nb16,505,-1.271,-1.567,0,0
5,0,28,2,N,nb17,505,-1.73,-1.858,0,0
5,0,28,2,N,nb18,505,-1.866,1.865,2,1
5,0,28,2,N,nb19,505,1.572,0.617,2,1
5,0,28,2,N,nb20,505,-1.863,1.696,3,1
5,0,28,2,N,nb21,505,0.801,-0.777,1,1
5,0,28,2,N,nb22,505,-1.576,-1.219,1,1
5,0,28,2,N,nb23,505,1.686,0.818,1,1
5,0,28,2,N,nb24,505,-1.578,-1.58,1,0
5,0,28,2,N,nb25,505,1.395,-0.924,1,1
5,0,28,2,N,nb26,505,-0.115,0.024,1,1
5,0,28,2,N,nb27,505,-1.469,-0.971,1,1
5,0,28,2,N,nb28,505,1.427,-0.696,1,1
5,0,28,2,N,nb29,505,-1.407,-1.205,2,1
5,0,28,2,A,aa0,505,-1.865,-1.634,1,0
5,0,28,2,A,aa1,505,-0.526,1.431,0,0
5,0,28,2,N,nb0,510,0.693,0.646,1,1
5,0,28,2,N,nb1,510,-1.699,1.655,2,1
5,0,28,2,N,nb2,510,0.923,-0.993,1,1
5,0,28,2,N,nb3,510,-0.325,0.094,1,1
5,0,28,2,N,nb4,510,-1.413,0.012,2,1
5,0,28,2,N,nb5,510,0.647,0.416,1,1
5,0,28,2,N,nb6,510,1.494,0.214,1,1
5,0,28,2,N,nb7,510,-1.727,-1.515,1,1
5,0,28,2,N,nb8,510,-1.684,-0.186,1,1
5,0,28,2,N,nb9,510,-1.699,1.847,3,1
5,0,28,2,N,nb10,510,1.867,-1.84,1,1
5,0,28,2,N,nb11,510,-1.214,-0.33,0,0
5,0,28,2,N,nb12,510,1.698,-1.764,1,1
5,0,28,2,N,nb13,510,-1.449,-0.231,2,1
5,0,28,2,N,nb14,510,-1.24,0.184,1,1
5,0,28,2,N,nb15,510,1.658,0.396,2,1
5,0,28,2,N,nb16,510,-1.327,-1.586,1,1
5,0,28,2,N,nb17,510,-1.821,-1.841,0,0
5,0,28,2,N,nb18,510,-1.866,1.865,2,1
5,0,28,2,N,nb19,510,1.572,0.617,2,1
5,0,28,2,N,nb20,510,-1.863,1.696,3,1
5,0,28,2,N,nb21,510,0.801,-0.777,1,1
5,0,28,2,N,nb22,510,-1.576,-1.219,1,1
5,0,28,2,N,nb23,510,1.686,0.818,1,1
5,0,28,2,N,nb24,510,-1.57,-1.579,2,1
5,0,28,2,N,nb25,510,1.395,-0.924,1,1
5,0,28,2,N,nb26,510,-0.115,0.024,1,1
5,0,28,2,N,nb27,510,-1.469,-0.971,1,1
5,0,28,2,N,nb28,510,1.427,-0.696,1,1
5,0,28,2,N,nb29,510,-1.407,-1.205,2,1
5,0,28,2,A,aa0,510,-1.865,-1.613,1,0
5,0,28,2,A,aa1,510,-0.426,1.441,0,0
5,0,28,2,N,nb0,515,0.693,0.646,1,1
5,0,28,2,N,nb1,515,-1.699,1.655,2,1
5,0,28,2,N,nb2,515,0.923,-0.993,1,0
5,0,28,2,N,nb3,515,-0.325,0.094,1,1
5,0,28,2,N,nb4,515,-1.413,0.012,2,1
5,0,28,2,N,nb5,515,0.647,0.416,1,1
5,0,28,2,N,nb6,515,1.494,0.214,1,1
5,0,28,2,N,nb7,515,-1.72,-1.505,1,1
5,0,28,2,N,nb8,515,-1.684,-0.186,1,1
5,0,28,2,N,nb9,515,-1.699,1.847,3,1
5,0,28,2,N,nb10,515,1.867,-1.84,1,1
5,0,28,2,N,nb11,515,-1.228,-0.315,1,1
5,0,28,2,N,nb12,515,1.698,-1.764,1,1
5,0,28,2,N,nb13,515,-1.449,-0.231,3,1
5,0,28,2,N,nb14,515,-1.24,0.184,1,1
5,0,28,2,N,nb15,515,1.658,0.396,2,1
5,0,28,2,N,nb16,515,-1.327,-1.586,1,1
5,0,28,2,N,nb17,515,-1.865,-1.817,0,0
5,0,28,2,N,nb18,515,-1.866,1.865,2,1
5,0,28,2,N,nb19,515,1.572,0.617,2,1
5,0,28,2,N,nb20,515,-1.863,1.696,3,1
5,0,28,2,N,nb21,515,0.801,-0.777,1,1
5,0,28,2,N,nb22,515,-1.576,-1.219,1,1
5,0,28,2,N,nb23,515,1.686,0.818,1,1
5,0,28,2,N,nb24,515,-1.567,-1.579,2,1
5,0,28,2,N,nb25,515,1.395,-0.924,1,1
5,0,28,2,N,nb26,515,-0.115,0.024,1,1
5,0,28,2,N,nb27,515,-1.469,-0.971,1,0
5,0,28,2,N,nb28,515,1.427,-0.696,1,1
5,0,28,2,N,nb29,515,-1.407,-1.205,2,1
5,0,28,2,A,aa0,515,-1.865,-1.593,1,0
5,0,28,2,A,aa1,515,-0.327,1.45,0,0
5,0,28,2,N,nb0,520,0.693,0.646,1,1
5,0,28,2,N,nb1,520,-1.699,1.655,2,1
5,0,28,2,N,nb2,520,0.923,-0.993,1,1
5,0,28,2,N,nb3,520,-0.325,0.094,1,1
5,0,28,2,N,nb4,520,-1.413,0.012,2,1
5,0,28,2,N,nb5,520,0.647,0.416,1,1
5,0,28,2,N,nb6,520,1.494,0.214,1,1
5,0,28,2,N,nb7,520,-1.709,-1.486,1,1
5,0,28,2,N,nb8,520,-1.684,-0.186,1,1
5,0,28,2,N,nb9,520,-1.699,1.847,3,1
5,0,28,2,N,nb10,520,1.867,-1.84,1,1
5,0,28,2,N,nb11,520,-1.228,-0.315,1,1
5,0,28,2,N,nb12,520,1.698,-1.764,1,1
5,0,28,2,N,nb13,520,-1.449,-0.231,3,1
5,0,28,2,N,nb14,520,-1.24,0.184,1,1
5,0,28,2,N,nb15,520,1.658,0.396,2,1
5,0,28,2,N,nb16,520,-1.327,-1.586,1,1
5,0,28,2,N,nb17,520,-1.865,-1.781,0,0
5,0,28,2,N,nb18,520,-1.866,1.865,2,1
5,0,28,2,N,nb19,520,1.572,0.617,2,1
5,0,28,2,N,nb20,520,-1.863,1.696,3,1
5,0,28,2,N,nb21,520,0.801,-0.777,1,1
5,0,28,2,N,nb22,520,-1.576,-1.219,1,1
5,0,28,2,N,nb23,520,1.686,0.818,1,1
5,0,28,2,N,nb24,520,-1.567,-1.579,2,1
5,0,28,2,N,nb25,520,1.395,-0.924,1,1
5,0,28,2,N,nb26,520,-0.115,0.024,1,1
5,0,28,2,N,nb27,520,-1.469,-0.971,1,1
5,0,28,2,N,nb28,520,1.427,-0.696,1,1
5,0,28,2,N,nb29,520,-1.407,-1.205,2,1
5,0,28,2,A,aa0,520,-1.866,-1.552,1,0
5,0,28,2,A,aa1,520,-0.227,1.459,0,0
5,0,28,2,N,nb0,525,0.693,0.646,1,1
5,0,28,2,N,nb1,525,-1.699,1.655,2,1
5,0,28,2,N,nb2,525,0.923,-0.993,1,1
5,0,28,2,N,nb3,525,-0.325,0.094,1,1
5,0,28,2,N,nb4,525,-1.413,0.012,2,1
5,0,28,2,N,nb5,525,0.647,0.416,1,1
5,0,28,2,N,nb6,525,1.494,0.214,1,1
5,0,28,2,N,nb7,525,-1.696,-1.468,1,1
5,0,28,2,N,nb8,525,-1.684,-0.186,1,1
5,0,28,2,N,nb9,525,-1.699,1.847,3,1
5,0,28,2,N,nb10,525,1.867,-1.84,1,1
5,0,28,2,N,nb11,525,-1.228,-0.315,1,1
5,0,28,2,N,nb12,525,1.698,-1.764,1,1
5,0,28,2,N,nb13,525,-1.449,-0.231,3,1
5,0,28,2,N,nb14,525,-1.24,0.184,1,1
5,0,28,2,N,nb15,525,1.658,0.396,2,1
5,0,28,2,N,nb16,525,-1.327,-1.586,1,1
5,0,28,2,N,nb17,525,-1.865,-1.732,0,0
5,0,28,2,N,nb18,525,-1.866,1.865,2,1
5,0,28,2,N,nb19,525,1.572,0.617,2,1
5,0,28,2,N,nb20,525,-1.863,1.696,3,1
5,0,28,2,N,nb21,525,0.801,-0.777,1,1
5,0,28,2,N,nb22,525,-1.576,-1.219,1,1
5,0,28,2,N,nb23,525,1.686,0.818,1,1
5,0,28,2,N,nb24,525,-1.567,-1.579,2,1
5,0,28,2,N,nb25,525,1.395,-0.924,1,1
5,0,28,2,N,nb26,525,-0.115,0.024,1,1
5,0,28,2,N,nb27,525,-1.469,-0.971,1,1
5,0,28,2,N,nb28,525,1.427,-0.696,1,1
5,0,28,2,N,nb29,525,-1.407,-1.205,2,1
5,0,28,2,A,aa0,525,-1.865,-1.467,2,0
5,0,28,2,A,aa1,525,-0.128,1.469,0,0
5,0,28,2,N,nb0,530,0.693,0.646,1,1
5,0,28,2,N,nb1,530,-1.699,1.655,2,1
5,0,28,2,N,nb2,530,0.923,-0.993,1,1
5,0,28,2,N,nb3,530,-0.325,0.094,1,1
5,0,28,2,N,nb4,530,-1.413,0.012,2,1
5,0,28,2,N,nb5,530,0.647,0.416,1,1
5,0,28,2,N,nb6,530,1.494,0.214,1,1
5,0,28,2,N,nb7,530,-1.696,-1.468,1,1
5,0,28,2,N,nb8,530,-1.684,-0.186,1,1
5,0,28,2,N,nb9,530,-1.699,1.847,3,1
5,0,28,2,N,nb10,530,1.867,-1.84,1,1
5,0,28,2,N,nb11,530,-1.228,-0.315,1,1
5,0,28,2,N,nb12,530,1.698,-1.764,1,1
5,0,28,2,N,nb13,530,-1.449,-0.231,3,1
5,0,28,2,N,nb14,530,-1.24,0.184,1,1
5,0,28,2,N,nb15,530,1.658,0.396,2,1
5,0,28,2,N,nb16,530,-1.327,-1.586,1,1
5,0,28,2,N,nb17,530,-1.865,-1.669,0,0
5,0,28,2,N,nb18,530,-1.866,1.865,2,1
5,0,28,2,N,nb19,530,1.572,0.617,2,1
5,0,28,2,N,nb20,530,-1.863,1.696,3,1
5,0,28,2,N,nb21,530,0.801,-0.777,1,1
5,0,28,2,N,nb22,530,-1.576,-1.219,1,1
5,0,28,2,N,nb23,530,1.686,0.818,1,1
5,0,28,2,N,nb24,530,-1.567,-1.579,2,1
5,0,28,2,N,nb25,530,1.395,-0.924,1,1
5,0,28,2,N,nb26,530,-0.115,0.024,1,1
5,0,28,2,N,nb27,530,-1.469,-0.971,1,1
5,0,28,2,N,nb28,530,1.427,-0.696,1,1
5,0,28,2,N,nb29,530,-1.407,-1.205,2,1
5,0,28,2,A,aa0,530,-1.85,-1.375,3,1
5,0,28,2,A,aa1,530,-0.028,1.478,0,0
5,0,28,2,N,nb0,535,0.693,0.646,1,1
5,0,28,2,N,nb1,535,-1.699,1.655,2,1
5,0,28,2,N,nb2,535,0.923,-0.993,1,1
5,0,28,2,N,nb3,535,-0.325,0.094,1,1
5,0,28,2,N,nb4,535,-1.413,0.012,2,1
5,0,28,2,N,nb5,535,0.647,0.416,1,1
5,0,28,2,N,nb6,535,1.494,0.214,1,1
5,0,28,2,N,nb7,535,-1.702,-1.476,2,0
5,0,28,2,N,nb8,535,-1.684,-0.186,1,1
5,0,28,2,N,nb9,535,-1.699,1.847,3,1
5,0,28,2,N,nb10,535,1.867,-1.84,1,1
5,0,28,2,N,nb11,535,-1.228,-0.315,1,1
5,0,28,2,N,nb12,535,1.698,-1.764,1,1
5,0,28,2,N,nb13,535,-1.449,-0.231,3,1
5,0,28,2,N,nb14,535,-1.24,0.184,1,1
5,0,28,2,N,nb15,535,1.658,0.396,2,1
5,0,28,2,N,nb16,535,-1.327,-1.586,1,1
5,0,28,2,N,nb17,535,-1.865,-1.629,1,0
5,0,28,2,N,nb18,535,-1.866,1.865,2,1
5,0,28,2,N,nb19,535,1.572,0.617,2,1
5,0,28,2,N,nb20,535,-1.863,1.696,3,1
5,0,28,2,N,nb21,535,0.801,-0.777,1,1
5,0,28,2,N,nb22,535,-1.586,-1.167,2,0
5,0,28,2,N,nb23,535,1.686,0.818,1,1
5,0,28,2,N,nb24,535,-1.567,-1.579,2,1
5,0,28,2,N,nb25,535,1.395,-0.924,1,1
5,0,28,2,N,nb26,535,-0.115,0.024,1,1
5,0,28,2,N,nb27,535,-1.445,-1.014,2,0
5,0,28,2,N,nb28,535,1.427,-0.696,1,1
5,0,28,2,N,nb29,535,-1.407,-1.205,2,1
5,0,28,2,A,aa0,535,-1.85,-1.372,1,0
5,0,28,2,A,aa1,535,0.072,1.487,0,0
5,0,28,2,N,nb0,540,0.693,0.646,1,1
5,0,28,2,N,nb1,540,-1.699,1.655,2,1
5,0,28,2,N,nb2,540,0.923,-0.993,1,1
5,0,28,2,N,nb3,540,-0.325,0.094,1,1
5,0,28,2,N,nb4,540,-1.413,0.012,2,1
5,0,28,2,N,nb5,540,0.647,0.416,1,1
5,0,28,2,N,nb6,540,1.494,0.214,1,1
5,0,28,2,N,nb7,540,-1.711,-1.489,2,0
5,0,28,2,N,nb8,540,-1.684,-0.186,1,1
5,0,28,2,N,nb9,540,-1.699,1.847,3,1
5,0,28,2,N,nb10,540,1.867,-1.84,1,0
5,0,28,2,N,nb11,540,-1.228,-0.315,1,1
5,0,28,2,N,nb12,540,1.698,-1.764,1,0
5,0,28,2,N,nb13,540,-1.449,-0.231,3,1
5,0,28,2,N,nb14,540,-1.24,0.184,1,1
5,0,28,2,N,nb15,540,1.658,0.396,2,1
5,0,28,2,N,nb16,540,-1.327,-1.586,1,1
5,0,28,2,N,nb17,540,-1.865,-1.559,1,0
5,0,28,2,N,nb18,540,-1.866,1.865,2,1
5,0,28,2,N,nb19,540,1.572,0.617,2,1
5,0,28,2,N,nb20,540,-1.863,1.696,3,1
5,0,28,2,N,nb21,540,0.801,-0.777,1,1
5,0,28,2,N,nb22,540,-1.611,-1.077,1,0
5,0,28,2,N,nb23,540,1.686,0.818,1,1
5,0,28,2,N,nb24,540,-1.567,-1.579,2,1
5,0,28,2,N,nb25,540,1.395,-0.924,1,1
5,0,28,2,N,nb26,540,-0.115,0.024,1,1
5,0,28,2,N,nb27,540,-1.408,-1.061,2,0
5,0,28,2,N,nb28,540,1.427,-0.696,1,1
5,0,28,2,N,nb29,540,-1.391,-1.229,1,1
5,0,28,2,A,aa0,540,-1.865,-1.352,1,0
5,0,28,2,A,aa1,540,0.171,1.496,0,0
5,0,28,2,N,nb0,545,0.693,0.646,1,1
5,0,28,2,N,nb1,545,-1.699,1.655,2,1
5,0,28,2,N,nb2,545,0.923,-0.993,1,1
5,0,28,2,N,nb3,545,-0.325,0.094,1,1
5,0,28,2,N,nb4,545,-1.413,0.012,2,1
5,0,28,2,N,nb5,545,0.647,0.416,1,1
5,0,28,2,N,nb6,545,1.494,0.214,1,1
5,0,28,2,N,nb7,545,-1.705,-1.482,2,0
5,0,28,2,N,nb8,545,-1.684,-0.186,1,1
5,0,28,2,N,nb9,545,-1.699,1.847,3,1
5,0,28,2,N,nb10,545,1.867,-1.84,1,1
5,0,28,2,N,nb11,545,-1.228,-0.315,1,1
5,0,28,2,N,nb12,545,1.698,-1.764,1,1
5,0,28,2,N,nb13,545,-1.449,-0.231,3,1
5,0,28,2,N,nb14,545,-1.24,0.184,1,1
5,0,28,2,N,nb15,545,1.658,0.396,2,1
5,0,28,2,N,nb16,545,-1.327,-1.586,1,1
5,0,28,2,N,nb17,545,-1.865,-1.539,1,0
5,0,28,2,N,nb18,545,-1.866,1.865,2,0
5,0,28,2,N,nb19,545,1.572,0.617,2,1
5,0,28,2,N,nb20,545,-1.863,1.696,3,1
5,0,28,2,N,nb21,545,0.801,-0.777,1,1
5,0,28,2,N,nb22,545,-1.625,-1.039,1,0
5,0,28,2,N,nb23,545,1.686,0.818,1,1
5,0,28,2,N,nb24,545,-1.565,-1.579,2,1
5,0,28,2,N,nb25,545,1.395,-0.924,1,1
5,0,28,2,N,nb26,545,-0.115,0.024,1,1
5,0,28,2,N,nb27,545,-1.391,-1.074,2,0
5,0,28,2,N,nb28,545,1.427,-0.696,1,1
5,0,28,2,N,nb29,545,-1.383,-1.243,1,0
5,0,28,2,A,aa0,545,-1.865,-1.296,4,1
5,0,28,2,A,aa1,545,0.271,1.506,0,0
5,0,28,2,N,nb0,550,0.693,0.646,1,1
5,0,28,2,N,nb1,550,-1.699,1.655,2,1
5,0,28,2,N,nb2,550,0.923,-0.993,1,1
5,0,28,2,N,nb3,550,-0.325,0.094,1,1
5,0,28,2,N,nb4,550,-1.413,0.012,2,1
5,0,28,2,N,nb5,550,0.647,0.416,1,1
5,0,28,2,N,nb6,550,1.494,0.214,1,1
5,0,28,2,N,nb7,550,-1.692,-1.503,2,0
5,0,28,2,N,nb8,550,-1.684,-0.186,1,1
5,0,28,2,N,nb9,550,-1.699,1.847,3,1
5,0,28,2,N,nb10,550,1.867,-1.84,1,1
5,0,28,2,N,nb11,550,-1.228,-0.315,1,1
5,0,28,2,N,nb12,550,1.698,-1.764,1,1
5,0,28,2,N,nb13,550,-1.449,-0.231,3,1
5,0,28,2,N,nb14,550,-1.24,0.184,1,1
5,0,28,2,N,nb15,550,1.658,0.396,2,1
5,0,28,2,N,nb16,550,-1.327,-1.586,1,1
5,0,28,2,N,nb17,550,-1.865,-1.486,1,0
5,0,28,2,N,nb18,550,-1.866,1.865,2,1
5,0,28,2,N,nb19,550,1.572,0.617,2,1
5,0,28,2,N,nb20,550,-1.863,1.696,3,1
5,0,28,2,N,nb21,550,0.801,-0.777,1,1
5,0,28,2,N,nb22,550,-1.653,-0.97,0,0
5,0,28,2,N,nb23,550,1.686,0.818,1,1
5,0,28,2,N,nb24,550,-1.547,-1.592,2,1
5,0,28,2,N,nb25,550,1.395,-0.924,1,1
5,0,28,2,N,nb26,550,-0.115,0.024,1,1
5,0,28,2,N,nb27,550,-1.34,-1.117,1,0
5,0,28,2,N,nb28,550,1.427,-0.696,1,1
5,0,28,2,N,nb29,550,-1.447,-1.279,1,0
5,0,28,2,A,aa0,550,-1.865,-1.23,0,0
5,0,28,2,A,aa1,550,0.37,1.515,0,0
5,0,28,2,N,nb0,555,0.693,0.646,1,1
5,0,28,2,N,nb1,555,-1.699,1.655,2,1
5,0,28,2,N,nb2,555,0.923,-0.993,1,1
5,0,28,2,N,nb3,555,-0.325,0.094,1,1
5,0,28,2,N,nb4,555,-1.413,0.012,2,1
5,0,28,2,N,nb5,555,0.647,0.416,1,1
5,0,28,2,N,nb6,555,1.494,0.214,1,1
5,0,28,2,N,nb7,555,-1.671,-1.536,2,0
5,0,28,2,N,nb8,555,-1.684,-0.186,1,1
5,0,28,2,N,nb9,555,-1.699,1.847,3,1
5,0,28,2,N,nb10,555,1.867,-1.84,1,1
5,0,28,2,N,nb11,555,-1.228,-0.315,1,1
5,0,28,2,N,nb12,555,1.698,-1.764,1,1
5,0,28,2,N,nb13,555,-1.449,-0.231,3,0
5,0,28,2,N,nb14,555,-1.24,0.184,1,1
5,0,28,2,N,nb15,555,1.658,0.396,2,1
5,0,28,2,N,nb16,555,-1.327,-1.586,1,1
5,0,28,2,N,nb17,555,-1.865,-1.394,1,0
5,0,28,2,N,nb18,555,-1.866,1.865,2,1
5,0,28,2,N,nb19,555,1.572,0.617,2,1
5,0,28,2,N,nb20,555,-1.863,1.696,3,1
5,0,28,2,N,nb21,555,0.801,-0.777,1,1
5,0,28,2,N,nb22,555,-1.692,-0.878,0,0
5,0,28,2,N,nb23,555,1.686,0.818,1,1
5,0,28,2,N,nb24,555,-1.524,-1.621,2,1
5,0,28,2,N,nb25,555,1.395,-0.924,1,1
5,0,28,2,N,nb26,555,-0.115,0.024,1,1
5,0,28,2,N,nb27,555,-1.263,-1.171,0,0
5,0,28,2,N,nb28,555,1.427,-0.696,1,1
5,0,28,2,N,nb29,555,-1.53,-1.328,0,0
5,0,28,2,A,aa0,555,-1.865,-1.223,0,0
5,0,28,2,A,aa1,555,0.47,1.524,0,0
5,0,28,2,N,nb0,560,0.693,0.646,1,1
5,0,28,2,N,nb1,560,-1.699,1.655,2,1
5,0,28,2,N,nb2,560,0.923,-0.993,1,1
5,0,28,2,N,nb3,560,-0.325,0.094,1,1
5,0,28,2,N,nb4,560,-1.413,0.012,2,1
5,0,28,2,N,nb5,560,0.647,0.416,1,1
5,0,28,2,N,nb6,560,1.494,0.214,1,1
5,0,28,2,N,nb7,560,-1.667,-1.544,2,1
5,0,28,2,N,nb8,560,-1.684,-0.186,1,1
5,0,28,2,N,nb9,560,-1.699,1.847,3,1
5,0,28,2,N,nb10,560,1.867,-1.84,1,1
5,0,28,2,N,nb11,560,-1.228,-0.315,1,1
5,0,28,2,N,nb12,560,1.698,-1.764,1,1
5,0,28,2,N,nb13,560,-1.449,-0.231,3,1
5,0,28,2,N,nb14,560,-1.24,0.184,1,1
5,0,28,2,N,nb15,560,1.658,0.396,2,1
5,0,28,2,N,nb16,560,-1.327,-1.586,1,1
5,0,28,2,N,nb17,560,-1.858,-1.305,0,0
5,0,28,2,N,nb18,560,-1.866,1.865,2,1
5,0,28,2,N,nb19,560,1.572,0.617,2,1
5,0,28,2,N,nb20,560,-1.863,1.696,3,1
5,0,28,2,N,nb21,560,0.801,-0.777,1,1
5,0,28,2,N,nb22,560,-1.731,-0.786,0,0
5,0,28,2,N,nb23,560,1.686,0.818,1,1
5,0,28,2,N,nb24,560,-1.52,-1.628,2,1
5,0,28,2,N,nb25,560,1.395,-0.924,1,1
5,0,28,2,N,nb26,560,-0.115,0.024,1,1
5,0,28,2,N,nb27,560,-1.179,-1.224,0,0
5,0,28,2,N,nb28,560,1.427,-0.696,1,1
5,0,28,2,N,nb29,560,-1.547,-1.338,1,1
5,0,28,2,A,aa0,560,-1.865,-1.136,1,0
5,0,28,2,A,aa1,560,0.569,1.533,0,0
5,0,28,2,N,nb0,565,0.693,0.646,1,1
5,0,28,2,N,nb1,565,-1.699,1.655,2,1
5,0,28,2,N,nb2,565,0.923,-0.993,1,1
5,0,28,2,N,nb3,565,-0.325,0.094,1,1
5,0,28,2,N,nb4,565,-1.413,0.012,2,1
5,0,28,2,N,nb5,565,0.647,0.416,1,1
5,0,28,2,N,nb6,565,1.494,0.214,1,1
5,0,28,2,N,nb7,565,-1.667,-1.544,2,1
5,0,28,2,N,nb8,565,-1.684,-0.186,1,1
5,0,28,2,N,nb9,565,-1.699,1.847,3,1
5,0,28,2,N,nb10,565,1.867,-1.84,1,1
5,0,28,2,N,nb11,565,-1.228,-0.315,1,1
5,0,28,2,N,nb12,565,1.698,-1.764,1,1
5,0,28,2,N,nb13,565,-1.449,-0.231,3,1
5,0,28,2,N,nb14,565,-1.24,0.184,1,1
5,0,28,2,N,nb15,565,1.658,0.396,2,1
5,0,28,2,N,nb16,565,-1.327,-1.586,1,1
5,0,28,2,N,nb17,565,-1.838,-1.217,0,0
5,0,28,2,N,nb18,565,-1.866,1.865,2,1
5,0,28,2,N,nb19,565,1.572,0.617,2,1
5,0,28,2,N,nb20,565,-1.863,1.696,3,1
5,0,28,2,N,nb21,565,0.801,-0.777,1,1
5,0,28,2,N,nb22,565,-1.769,-0.693,0,0
5,0,28,2,N,nb23,565,1.686,0.818,1,1
5,0,28,2,N,nb24,565,-1.52,-1.628,2,1
5,0,28,2,N,nb25,565,1.395,-0.924,1,1
5,0,28,2,N,nb26,565,-0.115,0.024,1,1
5,0,28,2,N,nb27,565,-1.094,-1.278,0,0
5,0,28,2,N,nb28,565,1.427,-0.696,1,1
5,0,28,2,N,nb29,565,-1.547,-1.338,1,1
5,0,28,2,A,aa0,565,-1.865,-1.05,1,0
5,0,28,2,A,aa1,565,0.669,1.543,0,0
5,0,28,2,N,nb0,570,0.693,0.646,1,1
5,0,28,2,N,nb1,570,-1.699,1.655,2,1
5,0,28,2,N,nb2,570,0.923,-0.993,1,1
5,0,28,2,N,nb3,570,-0.325,0.094,1,1
5,0,28,2,N,nb4,570,-1.413,0.012,2,0
5,0,28,2,N,nb5,570,0.647,0.416,1,1
5,0,28,2,N,nb6,570,1.494,0.214,1,1
5,0,28,2,N,nb7,570,-1.667,-1.544,2,1
5,0,28,2,N,nb8,570,-1.684,-0.186,1,1
5,0,28,2,N,nb9,570,-1.699,1.847,3,1
5,0,28,2,N,nb10,570,1.867,-1.84,1,1
5,0,28,2,N,nb11,570,-1.228,-0.315,1,1
5,0,28,2,N,nb12,570,1.698,-1.764,1,1
5,0,28,2,N,nb13,570,-1.449,-0.231,3,1
5,0,28,2,N,nb14,570,-1.24,0.184,1,0
5,0,28,2,N,nb15,570,1.658,0.396,2,1
5,0,28,2,N,nb16,570,-1.327,-1.586,1,1
5,0,28,2,N,nb17,570,-1.806,-1.134,0,0
5,0,28,2,N,nb18,570,-1.866,1.865,2,1
5,0,28,2,N,nb19,570,1.572,0.617,2,1
5,0,28,2,N,nb20,570,-1.863,1.696,3,1
5,0,28,2,N,nb21,570,0.801,-0.777,1,1
5,0,28,2,N,nb22,570,-1.8,-0.608,0,0
5,0,28,2,N,nb23,570,1.686,0.818,1,1
5,0,28,2,N,nb24,570,-1.52,-1.628,2,1
5,0,28,2,N,nb25,570,1.395,-0.924,1,1
5,0,28,2,N,nb26,570,-0.115,0.024,1,1
5,0,28,2,N,nb27,570,-1.01,-1.332,0,0
5,0,28,2,N,nb28,570,1.427,-0.696,1,1
5,0,28,2,N,nb29,570,-1.547,-1.338,1,1
5,0,28,2,A,aa0,570,-1.865,-0.975,0,0
5,0,28,2,A,aa1,570,0.769,1.552,0,0
5,0,28,2,N,nb0,575,0.693,0.646,1,1
5,0,28,2,N,nb1,575,-1.699,1.655,2,1
5,0,28,2,N,nb2,575,0.923,-0.993,1,1
5,0,28,2,N,nb3,575,-0.325,0.094,1,1
5,0,28,2,N,nb4,575,-1.413,0.012,2,1
5,0,28,2,N,nb5,575,0.647,0.416,1,1
5,0,28,2,N,nb6,575,1.494,0.214,1,1
5,0,28,2,N,nb7,575,-1.667,-1.544,2,1
5,0,28,2,N,nb8,575,-1.684,-0.186,1,1
5,0,28,2,N,nb9,575,-1.699,1.847,3,1
5,0,28,2,N,nb10,575,1.867,-1.84,1,1
5,0,28,2,N,nb11,575,-1.228,-0.315,1,1
5,0,28,2,N,nb12,575,1.698,-1.764,1,1
5,0,28,2,N,nb13,575,-1.449,-0.231,3,1
5,0,28,2,N,nb14,575,-1.24,0.184,1,1
5,0,28,2,N,nb15,575,1.658,0.396,2,1
5,0,28,2,N,nb16,575,-1.327,-1.586,1,1
5,0,28,2,N,nb17,575,-1.762,-1.056,0,0
5,0,28,2,N,nb18,575,-1.866,1.865,2,1
5,0,28,2,N,nb19,575,1.572,0.617,2,1
5,0,28,2,N,nb20,575,-1.863,1.696,3,1
5,0,28,2,N,nb21,575,0.801,-0.777,1,1
5,0,28,2,N,nb22,575,-1.819,-0.519,0,0
5,0,28,2,N,nb23,575,1.686,0.818,1,1
5,0,28,2,N,nb24,575,-1.52,-1.628,2,1
5,0,28,2,N,nb25,575,1.395,-0.924,1,1
5,0,28,2,N,nb26,575,-0.115,0.024,1,1
5,0,28,2,N,nb27,575,-0.925,-1.385,0,0
5,0,28,2,N,nb28,575,1.427,-0.696,1,1
5,0,28,2,N,nb29,575,-1.547,-1.338,1,1
5,0,28,2,A,aa0,575,-1.865,-0.905,0,0
5,0,28,2,A,aa1,575,0.868,1.561,0,0
5,0,28,2,N,nb0,580,0.693,0.646,1,1
5,0,28,2,N,nb1,580,-1.699,1.655,2,1
5,0,28,2,N,nb2,580,0.923,-0.993,1,1
5,0,28,2,N,nb3,580,-0.325,0.094,1,1
5,0,28,2,N,nb4,580,-1.413,0.012,2,1
5,0,28,2,N,nb5,580,0.647,0.416,1,1
5,0,28,2,N,nb6,580,1.494,0.214,1,1
5,0,28,2,N,nb7,580,-1.667,-1.544,2,1
5,0,28,2,N,nb8,580,-1.684,-0.186,1,1
5,0,28,2,N,nb9,580,-1.699,1.847,3,1
5,0,28,2,N,nb10,580,1.867,-1.84,1,1
5,0,28,2,N,nb11,580,-1.228,-0.315,1,1
5,0,28,2,N,nb12,580,1.698,-1.764,1,1
5,0,28,2,N,nb13,580,-1.449,-0.231,3,1
5,0,28,2,N,nb14,580,-1.24,0.184,1,1
5,0,28,2,N,nb15,580,1.658,0.396,2,1
5,0,28,2,N,nb16,580,-1.327,-1.586,1,1
5,0,28,2,N,nb17,580,-1.707,-0.984,0,0
5,0,28,2,N,nb18,580,-1.866,1.865,2,1
5,0,28,2,N,nb19,580,1.572,0.617,2,1
5,0,28,2,N,nb20,580,-1.863,1.696,3,1
5,0,28,2,N,nb21,580,0.801,-0.777,1,1
5,0,28,2,N,nb22,580,-1.828,-0.428,0,0
5,0,28,2,N,nb23,580,1.686,0.818,1,1
5,0,28,2,N,nb24,580,-1.52,-1.628,2,1
5,0,28,2,N,nb25,580,1.395,-0.924,1,1
5,0,28,2,N,nb26,580,-0.115,0.024,1,1
5,0,28,2,N,nb27,580,-0.841,-1.439,0,0
5,0,28,2,N,nb28,580,1.427,-0.696,1,1
5,0,28,2,N,nb29,580,-1.547,-1.338,1,1
5,0,28,2,A,aa0,580,-1.865,-0.83,0,0
5,0,28,2,A,aa1,580,0.968,1.57,0,0
5,0,28,2,N,nb0,585,0.693,0.646,1,1
5,0,28,2,N,nb1,585,-1.699,1.655,2,1
5,0,28,2,N,nb2,585,0.923,-0.993,1,1
5,0,28,2,N,nb3,585,-0.325,0.094,1,1
5,0,28,2,N,nb4,585,-1.413,0.012,2,1
5,0,28,2,N,nb5,585,0.647,0.416,1,1
5,0,28,2,N,nb6,585,1.494,0.214,1,1
5,0,28,2,N,nb7,585,-1.667,-1.544,2,1
5,0,28,2,N,nb8,585,-1.684,-0.186,2,1
5,0,28,2,N,nb9,585,-1.699,1.847,3,1
5,0,28,2,N,nb10,585,1.867,-1.84,1,1
5,0,28,2,N,nb11,585,-1.228,-0.315,1,1
5,0,28,2,N,nb12,585,1.698,-1.764,1,1
5,0,28,2,N,nb13,585,-1.449,-0.231,3,1
5,0,28,2,N,nb14,585,-1.24,0.184,1,1
5,0,28,2,N,nb15,585,1.658,0.396,2,1
5,0,28,2,N,nb16,585,-1.327,-1.586,1,1
5,0,28,2,N,nb17,585,-1.642,-0.918,0,0
5,0,28,2,N,nb18,585,-1.866,1.865,2,1
5,0,28,2,N,nb19,585,1.572,0.617,2,1
5,0,28,2,N,nb20,585,-1.863,1.696,3,1
5,0,28,2,N,nb21,585,0.801,-0.777,1,1
5,0,28,2,N,nb22,585,-1.827,-0.37,1,1
5,0,28,2,N,nb23,585,1.686,0.818,1,1
5,0,28,2,N,nb24,585,-1.52,-1.628,2,1
5,0,28,2,N,nb25,585,1.395,-0.924,1,1
5,0,28,2,N,nb26,585,-0.115,0.024,1,1
5,0,28,2,N,nb27,585,-0.757,-1.492,0,0
5,0,28,2,N,nb28,585,1.427,-0.696,1,1
5,0,28,2,N,nb29,585,-1.547,-1.338,1,1
5,0,28,2,A,aa0,585,-1.865,-0.749,1,0
5,0,28,2,A,aa1,585,1.067,1.58,0,0
5,0,28,2,N,nb0,590,0.693,0.646,1,1
5,0,28,2,N,nb1,590,-1.699,1.655,2,1
5,0,28,2,N,nb2,590,0.923,-0.993,1,1
5,0,28,2,N,nb3,590,-0.325,0.094,1,1
5,0,28,2,N,nb4,590,-1.413,0.012,2,1
5,0,28,2,N,nb5,590,0.647,0.416,1,1
5,0,28,2,N,nb6,590,1.494,0.214,1,1
5,0,28,2,N,nb7,590,-1.667,-1.544,2,1
5,0,28,2,N,nb8,590,-1.684,-0.186,2,1
5,0,28,2,N,nb9,590,-1.699,1.847,3,1
5,0,28,2,N,nb10,590,1.867,-1.84,1,1
5,0,28,2,N,nb11,590,-1.228,-0.315,1,1
5,0,28,2,N,nb12,590,1.698,-1.764,1,1
5,0,28,2,N,nb13,590,-1.449,-0.231,3,1
5,0,28,2,N,nb14,590,-1.24,0.184,1,1
5,0,28,2,N,nb15,590,1.658,0.396,2,1
5,0,28,2,N,nb16,590,-1.327,-1.586,1,1
5,0,28,2,N,nb17,590,-1.567,-0.852,0,0
5,0,28,2,N,nb18,590,-1.866,1.865,2,1
5,0,28,2,N,nb19,590,1.572,0.617,2,1
5,0,28,2,N,nb20,590,-1.863,1.696,3,1
5,0,28,2,N,nb21,590,0.801,-0.777,1,1
5,0,28,2,N,nb22,590,-1.827,-0.37,1,1
5,0,28,2,N,nb23,590,1.686,0.818,1,1
5,0,28,2,N,nb24,590,-1.52,-1.628,2,1
5,0,28,2,N,nb25,590,1.395,-0.924,1,0
5,0,28,2,N,nb26,590,-0.115,0.024,1,1
5,0,28,2,N,nb27,590,-0.672,-1.546,0,0
5,0,28,2,N,nb28,590,1.427,-0.696,1,1
5,0,28,2,N,nb29,590,-1.547,-1.338,1,1
5,0,28,2,A,aa0,590,-1.865,-0.663,2,0
5,0,28,2,A,aa1,590,1.167,1.589,0,0
5,0,28,2,N,nb0,595,0.693,0.646,1,1
5,0,28,2,N,nb1,595,-1.699,1.655,2,1
5,0,28,2,N,nb2,595,0.923,-0.993,1,1
5,0,28,2,N,nb3,595,-0.325,0.094,1,1
5,0,28,2,N,nb4,595,-1.413,0.012,2,1
5,0,28,2,N,nb5,595,0.647,0.416,1,1
5,0,28,2,N,nb6,595,1.494,0.214,1,1
5,0,28,2,N,nb7,595,-1.667,-1.544,2,1
5,0,28,2,N,nb8,595,-1.684,-0.186,2,1
5,0,28,2,N,nb9,595,-1.699,1.847,3,1
5,0,28,2,N,nb10,595,1.867,-1.84,1,1
5,0,28,2,N,nb11,595,-1.228,-0.315,1,1
5,0,28,2,N,nb12,595,1.698,-1.764,1,1
5,0,28,2,N,nb13,595,-1.449,-0.231,3,1
5,0,28,2,N,nb14,595,-1.24,0.184,1,1
5,0,28,2,N,nb15,595,1.658,0.396,2,1
5,0,28,2,N,nb16,595,-1.327,-1.586,1,1
5,0,28,2,N,nb17,595,-1.492,-0.786,0,0
5,0,28,2,N,nb18,595,-1.866,1.865,2,1
5,0,28,2,N,nb19,595,1.572,0.617,2,1
5,0,28,2,N,nb20,595,-1.863,1.696,3,1
5,0,28,2,N,nb21,595,0.801,-0.777,1,1
5,0,28,2,N,nb22,595,-1.827,-0.37,1,1
5,0,28,2,N,nb23,595,1.686,0.818,1,1
5,0,28,2,N,nb24,595,-1.52,-1.628,2,1
5,0,28,2,N,nb25,595,1.395,-0.924,1,1
5,0,28,2,N,nb26,595,-0.115,0.024,1,1
5,0,28,2,N,nb27,595,-0.588,-1.599,0,0
5,0,28,2,N,nb28,595,1.427,-0.696,1,1
5,0,28,2,N,nb29,595,-1.547,-1.338,1,1
5,0,28,2,A,aa0,595,-1.865,-0.574,2,0
5,0,28,2,A,aa1,595,1.19,1.591,0,0
5,0,28,2,N,nb0,600,0.693,0.646,1,1
5,0,28,2,N,nb1,600,-1.699,1.655,2,1
5,0,28,2,N,nb2,600,0.923,-0.993,1,1
5,0,28,2,N,nb3,600,-0.325,0.094,1,1
5,0,28,2,N,nb4,600,-1.413,0.012,2,1
5,0,28,2,N,nb5,600,0.647,0.416,1,1
5,0,28,2,N,nb6,600,1.494,0.214,1,1
5,0,28,2,N,nb7,600,-1.667,-1.544,2,1
5,0,28,2,N,nb8,600,-1.684,-0.186,2,1
5,0,28,2,N,nb9,600,-1.699,1.847,3,1
5,0,28,2,N,nb10,600,1.867,-1.84,1,1
5,0,28,2,N,nb11,600,-1.228,-0.315,1,1
5,0,28,2,N,nb12,600,1.698,-1.764,1,1
5,0,28,2,N,nb13,600,-1.449,-0.231,3,1
5,0,28,2,N,nb14,600,-1.24,0.184,1,1
5,0,28,2,N,nb15,600,1.658,0.396,2,1
5,0,28,2,N,nb16,600,-1.327,-1.586,1,0
5,0,28,2,N,nb17,600,-1.417,-0.719,0,0
5,0,28,2,N,nb18,600,-1.866,1.865,2,1
5,0,28,2,N,nb19,600,1.572,0.617,2,1
5,0,28,2,N,nb20,600,-1.863,1.696,3,1
5,0,28,2,N,nb21,600,0.801,-0.777,1,1
5,0,28,2,N,nb22,600,-1.82,-0.342,1,1
5,0,28,2,N,nb23,600,1.686,0.818,1,1
5,0,28,2,N,nb24,600,-1.52,-1.628,2,1
5,0,28,2,N,nb25,600,1.395,-0.924,1,1
5,0,28,2,N,nb26,600,-0.115,0.024,1,1
5,0,28,2,N,nb27,600,-0.503,-1.653,0,0
5,0,28,2,N,nb28,600,1.427,-0.696,1,1
5,0,28,2,N,nb29,600,-1.547,-1.338,1,1
5,0,28,2,A,aa0,600,-1.865,-0.506,2,0
5,0,28,2,A,aa1,600,1.266,1.65,0,0
5,0,28,2,N,nb0,605,0.693,0.646,1,1
5,0,28,2,N,nb1,605,-1.699,1.655,2,1
5,0,28,2,N,nb2,605,0.923,-0.993,1,1
5,0,28,2,N,nb3,605,-0.325,0.094,1,1
5,0,28,2,N,nb4,605,-1.413,0.012,2,1
5,0,28,2,N,nb5,605,0.647,0.416,1,1
5,0,28,2,N,nb6,605,1.494,0.214,1,1
5,0,28,2,N,nb7,605,-1.667,-1.544,2,1
5,0,28,2,N,nb8,605,-1.684,-0.185,2,0
5,0,28,2,N,nb9,605,-1.699,1.847,3,1
5,0,28,2,N,nb10,605,1.867,-1.84,1,1
5,0,28,2,N,nb11,605,-1.228,-0.315,1,1
5,0,28,2,N,nb12,605,1.698,-1.764,1,1
5,0,28,2,N,nb13,605,-1.449,-0.231,3,1
5,0,28,2,N,nb14,605,-1.24,0.184,1,1
5,0,28,2,N,nb15,605,1.658,0.396,2,1
5,0,28,2,N,nb16,605,-1.327,-1.586,1,1
5,0,28,2,N,nb17,605,-1.342,-0.653,0,0
5,0,28,2,N,nb18,605,-1.866,1.865,2,1
5,0,28,2,N,nb19,605,1.572,0.617,2,1
5,0,28,2,N,nb20,605,-1.863,1.696,3,1
5,0,28,2,N,nb21,605,0.801,-0.777,1,1
5,0,28,2,N,nb22,605,-1.809,-0.3,1,1
5,0,28,2,N,nb23,605,1.686,0.818,1,1
5,0,28,2,N,nb24,605,-1.52,-1.628,2,1
5,0,28,2,N,nb25,605,1.395,-0.924,1,1
5,0,28,2,N,nb26,605,-0.115,0.024,1,1
5,0,28,2,N,nb27,605,-0.419,-1.706,0,0
5,0,28,2,N,nb28,605,1.427,-0.696,1,1
5,0,28,2,N,nb29,605,-1.547,-1.338,1,1
5,0,28,2,A,aa0,605,-1.865,-0.46,2,0
5,0,28,2,A,aa1,605,1.285,1.665,0,0
5,0,28,2,N,nb0,610,0.693,0.646,1,1
5,0,28,2,N,nb1,610,-1.699,1.655,2,1
5,0,28,2,N,nb2,610,0.923,-0.993,1,1
5,0,28,2,N,nb3,610,-0.325,0.094,1,1
5,0,28,2,N,nb4,610,-1.413,0.012,2,1
5,0,28,2,N,nb5,610,0.647,0.416,1,1
5,0,28,2,N,nb6,610,1.494,0.214,1,1
5,0,28,2,N,nb7,610,-1.667,-1.544,2,1
5,0,28,2,N,nb8,610,-1.684,-0.185,2,1
5,0,28,2,N,nb9,610,-1.699,1.847,3,1
5,0,28,2,N,nb10,610,1.867,-1.84,1,1
5,0,28,2,N,nb11,610,-1.228,-0.315,1,1
5,0,28,2,N,nb12,610,1.698,-1.764,1,1
5,0,28,2,N,nb13,610,-1.449,-0.231,3,1
5,0,28,2,N,nb14,610,-1.24,0.184,1,1
5,0,28,2,N,nb15,610,1.658,0.396,2,1
5,0,28,2,N,nb16,610,-1.327,-1.586,1,1
5,0,28,2,N,nb17,610,-1.267,-0.587,0,0
5,0,28,2,N,nb18,610,-1.866,1.865,2,1
5,0,28,2,N,nb19,610,1.572,0.617,2,1
5,0,28,2,N,nb20,610,-1.863,1.696,3,1
5,0,28,2,N,nb21,610,0.801,-0.777,1,1
5,0,28,2,N,nb22,610,-1.809,-0.3,1,1
5,0,28,2,N,nb23,610,1.686,0.818,1,1
5,0,28,2,N,nb24,610,-1.52,-1.628,2,1
5,0,28,2,N,nb25,610,1.395,-0.924,1,1
5,0,28,2,N,nb26,610,-0.115,0.024,1,1
5,0,28,2,N,nb27,610,-0.334,-1.76,0,0
5,0,28,2,N,nb28,610,1.427,-0.696,1,1
5,0,28,2,N,nb29,610,-1.547,-1.338,1,1
5,0,28,2,A,aa0,610,-1.865,-0.46,2,0
5,0,28,2,A,aa1,610,1.285,1.665,0,0
5,0,28,2,N,nb0,615,0.693,0.646,1,1
5,0,28,2,N,nb1,615,-1.699,1.655,2,1
5,0,28,2,N,nb2,615,0.923,-0.993,1,1
5,0,28,2,N,nb3,615,-0.325,0.094,1,1
5,0,28,2,N,nb4,615,-1.413,0.012,2,1
5,0,28,2,N,nb5,615,0.647,0.416,1,1
5,0,28,2,N,nb6,615,1.494,0.214,1,1
5,0,28,2,N,nb7,615,-1.667,-1.544,2,1
5,0,28,2,N,nb8,615,-1.684,-0.185,2,1
5,0,28,2,N,nb9,615,-1.699,1.847,3,1
5,0,28,2,N,nb10,615,1.867,-1.84,1,1
5,0,28,2,N,nb11,615,-1.228,-0.315,2,1
5,0,28,2,N,nb12,615,1.698,-1.764,1,1
5,0,28,2,N,nb13,615,-1.449,-0.231,3,1
5,0,28,2,N,nb14,615,-1.24,0.184,1,1
5,0,28,2,N,nb15,615,1.658,0.396,2,1
5,0,28,2,N,nb16,615,-1.327,-1.586,1,1
5,0,28,2,N,nb17,615,-1.237,-0.56,1,1
5,0,28,2,N,nb18,615,-1.866,1.865,2,1
5,0,28,2,N,nb19,615,1.572,0.617,2,1
5,0,28,2,N,nb20,615,-1.863,1.696,3,1
5,0,28,2,N,nb21,615,0.801,-0.777,1,1
5,0,28,2,N,nb22,615,-1.809,-0.3,1,1
5,0,28,2,N,nb23,615,1.686,0.818,1,1
5,0,28,2,N,nb24,615,-1.52,-1.628,2,1
5,0,28,2,N,nb25,615,1.395,-0.924,1,1
5,0,28,2,N,nb26,615,-0.115,0.024,1,1
5,0,28,2,N,nb27,615,-0.255,-1.807,0,0
5,0,28,2,N,nb28,615,1.427,-0.696,1,1
5,0,28,2,N,nb29,615,-1.547,-1.338,1,1
5,0,28,2,A,aa0,615,-1.865,-0.46,1,0
5,0,28,2,A,aa1,615,1.285,1.665,0,0
5,0,28,2,N,nb0,620,0.693,0.646,1,1
5,0,28,2,N,nb1,620,-1.699,1.655,2,1
5,0,28,2,N,nb2,620,0.923,-0.993,1,1
5,0,28,2,N,nb3,620,-0.325,0.094,1,1
5,0,28,2,N,nb4,620,-1.413,0.012,2,1
5,0,28,2,N,nb5,620,0.647,0.416,1,1
5,0,28,2,N,nb6,620,1.494,0.214,1,1
5,0,28,2,N,nb7,620,-1.667,-1.544,2,1
5,0,28,2,N,nb8,620,-1.684,-0.185,2,1
5,0,28,2,N,nb9,620,-1.699,1.847,3,1
5,0,28,2,N,nb10,620,1.867,-1.84,1,1
5,0,28,2,N,nb11,620,-1.228,-0.315,2,1
5,0,28,2,N,nb12,620,1.698,-1.764,1,1
5,0,28,2,N,nb13,620,-1.449,-0.231,3,1
5,0,28,2,N,nb14,620,-1.24,0.184,1,1
5,0,28,2,N,nb15,620,1.658,0.396,2,1
5,0,28,2,N,nb16,620,-1.327,-1.586,1,1
5,0,28,2,N,nb17,620,-1.237,-0.56,1,1
5,0,28,2,N,nb18,620,-1.866,1.865,2,1
5,0,28,2,N,nb19,620,1.572,0.617,2,1
5,0,28,2,N,nb20,620,-1.863,1.696,3,1
5,0,28,2,N,nb21,620,0.801,-0.777,1,1
5,0,28,2,N,nb22,620,-1.809,-0.3,1,1
5,0,28,2,N,nb23,620,1.686,0.818,1,1
5,0,28,2,N,nb24,620,-1.52,-1.628,2,1
5,0,28,2,N,nb25,620,1.395,-0.924,1,1
5,0,28,2,N,nb26,620,-0.115,0.024,1,1
5,0,28,2,N,nb27,620,-0.172,-1.842,0,0
5,0,28,2,N,nb28,620,1.427,-0.696,1,1
5,0,28,2,N,nb29,620,-1.547,-1.338,1,1
5,0,28,2,A,aa0,620,-1.865,-0.46,2,0
5,0,28,2,A,aa1,620,1.229,1.676,0,0
5,0,28,2,N,nb0,625,0.693,0.646,1,1
5,0,28,2,N,nb1,625,-1.699,1.655,2,0
5,0,28,2,N,nb2,625,0.923,-0.993,1,1
5,0,28,2,N,nb3,625,-0.325,0.094,1,1
5,0,28,2,N,nb4,625,-1.413,0.012,2,1
5,0,28,2,N,nb5,625,0.647,0.416,1,1
5,0,28,2,N,nb6,625,1.494,0.214,1,1
5,0,28,2,N,nb7,625,-1.667,-1.544,2,1
5,0,28,2,N,nb8,625,-1.684,-0.185,2,1
5,0,28,2,N,nb9,625,-1.699,1.847,3,0
5,0,28,2,N,nb10,625,1.867,-1.84,1,1
5,0,28,2,N,nb11,625,-1.228,-0.315,2,1
5,0,28,2,N,nb12,625,1.698,-1.764,1,1
5,0,28,2,N,nb13,625,-1.449,-0.231,3,1
5,0,28,2,N,nb14,625,-1.24,0.184,1,1
5,0,28,2,N,nb15,625,1.658,0.396,2,1
5,0,28,2,N,nb16,625,-1.327,-1.586,1,1
5,0,28,2,N,nb17,625,-1.237,-0.56,1,1
5,0,28,2,N,nb18,625,-1.866,1.865,2,1
5,0,28,2,N,nb19,625,1.572,0.617,2,1
5,0,28,2,N,nb20,625,-1.863,1.696,3,0
5,0,28,2,N,nb21,625,0.801,-0.777,1,1
5,0,28,2,N,nb22,625,-1.809,-0.3,1,1
5,0,28,2,N,nb23,625,1.686,0.818,1,1
5,0,28,2,N,nb24,625,-1.52,-1.628,2,1
5,0,28,2,N,nb25,625,1.395,-0.924,1,1
5,0,28,2,N,nb26,625,-0.115,0.024,1,1
5,0,28,2,N,nb27,625,-0.084,-1.865,0,0
5,0,28,2,N,nb28,625,1.427,-0.696,1,0
5,0,28,2,N,nb29,625,-1.547,-1.338,1,1
5,0,28,2,A,aa0,625,-1.865,-0.46,2,0
5,0,28,2,A,aa1,625,1.131,1.695,0,0
5,0,28,2,N,nb0,630,0.693,0.646,1,1
5,0,28,2,N,nb1,630,-1.699,1.655,2,1
5,0,28,2,N,nb2,630,0.923,-0.993,1,1
5,0,28,2,N,nb3,630,-0.325,0.094,1,1
5,0,28,2,N,nb4,630,-1.413,0.012,2,1
5,0,28,2,N,nb5,630,0.647,0.416,1,1
5,0,28,2,N,nb6,630,1.494,0.214,1,1
5,0,28,2,N,nb7,630,-1.667,-1.544,2,1
5,0,28,2,N,nb8,630,-1.684,-0.185,2,1
5,0,28,2,N,nb9,630,-1.699,1.847,3,1
5,0,28,2,N,nb10,630,1.867,-1.84,1,1
5,0,28,2,N,nb11,630,-1.228,-0.315,2,1
5,0,28,2,N,nb12,630,1.698,-1.764,1,1
5,0,28,2,N,nb13,630,-1.449,-0.231,3,1
5,0,28,2,N,nb14,630,-1.24,0.184,1,1
5,0,28,2,N,nb15,630,1.658,0.396,2,1
5,0,28,2,N,nb16,630,-1.327,-1.586,1,1
5,0,28,2,N,nb17,630,-1.237,-0.56,1,1
5,0,28,2,N,nb18,630,-1.866,1.865,2,1
5,0,28,2,N,nb19,630,1.572,0.617,2,0
5,0,28,2,N,nb20,630,-1.863,1.696,3,1
5,0,28,2,N,nb21,630,0.801,-0.777,1,0
5,0,28,2,N,nb22,630,-1.809,-0.3,1,1
5,0,28,2,N,nb23,630,1.686,0.818,1,0
5,0,28,2,N,nb24,630,-1.52,-1.628,2,1
5,0,28,2,N,nb25,630,1.395,-0.924,1,1
5,0,28,2,N,nb26,630,-0.115,0.024,1,1
5,0,28,2,N,nb27,630,0.006,-1.865,0,0
5,0,28,2,N,nb28,630,1.427,-0.696,1,1
5,0,28,2,N,nb29,630,-1.547,-1.338,1,1
5,0,28,2,A,aa0,630,-1.865,-0.46,2,0
5,0,28,2,A,aa1,630,1.033,1.714,0,0
5,0,28,2,N,nb0,635,0.693,0.646,1,1
5,0,28,2,N,nb1,635,-1.699,1.655,2,1
5,0,28,2,N,nb2,635,0.923,-0.993,1,1
5,0,28,2,N,nb3,635,-0.325,0.094,1,1
5,0,28,2,N,nb4,635,-1.413,0.012,2,1
5,0,28,2,N,nb5,635,0.647,0.416,1,1
5,0,28,2,N,nb6,635,1.494,0.214,1,1
5,0,28,2,N,nb7,635,-1.667,-1.544,2,1
5,0,28,2,N,nb8,635,-1.684,-0.185,2,1
5,0,28,2,N,nb9,635,-1.699,1.847,3,1
5,0,28,2,N,nb10,635,1.867,-1.84,1,1
5,0,28,2,N,nb11,635,-1.228,-0.315,2,1
5,0,28,2,N,nb12,635,1.698,-1.764,1,1
5,0,28,2,N,nb13,635,-1.449,-0.231,3,1
5,0,28,2,N,nb14,635,-1.24,0.184,1,1
5,0,28,2,N,nb15,635,1.658,0.396,2,1
5,0,28,2,N,nb16,635,-1.327,-1.586,1,1
5,0,28,2,N,nb17,635,-1.237,-0.56,1,1
5,0,28,2,N,nb18,635,-1.866,1.865,2,1
5,0,28,2,N,nb19,635,1.572,0.617,2,1
5,0,28,2,N,nb20,635,-1.863,1.696,3,1
5,0,28,2,N,nb21,635,0.801,-0.777,1,1
5,0,28,2,N,nb22,635,-1.809,-0.3,1,1
5,0,28,2,N,nb23,635,1.686,0.818,1,1
5,0,28,2,N,nb24,635,-1.52,-1.628,2,1
5,0,28,2,N,nb25,635,1.395,-0.924,1,1
5,0,28,2,N,nb26,635,-0.115,0.024,1,1
5,0,28,2,N,nb27,635,0.097,-1.864,0,0
5,0,28,2,N,nb28,635,1.427,-0.696,1,1
5,0,28,2,N,nb29,635,-1.547,-1.338,1,1
5,0,28,2,A,aa0,635,-1.865,-0.46,2,0
5,0,28,2,A,aa1,635,0.935,1.733,0,0
5,0,28,2,N,nb0,640,0.693,0.646,1,0
5,0,28,2,N,nb1,640,-1.699,1.655,2,1
5,0,28,2,N,nb2,640,0.923,-0.993,1,1
5,0,28,2,N,nb3,640,-0.325,0.094,1,1
5,0,28,2,N,nb4,640,-1.413,0.012,2,1
5,0,28,2,N,nb5,640,0.647,0.416,1,0
5,0,28,2,N,nb6,640,1.494,0.214,1,1
5,0,28,2,N,nb7,640,-1.667,-1.544,2,1
5,0,28,2,N,nb8,640,-1.684,-0.185,2,1
5,0,28,2,N,nb9,640,-1.699,1.847,3,1
5,0,28,2,N,nb10,640,1.867,-1.84,1,1
5,0,28,2,N,nb11,640,-1.228,-0.315,2,1
5,0,28,2,N,nb12,640,1.698,-1.764,1,1
5,0,28,2,N,nb13,640,-1.449,-0.231,3,1
5,0,28,2,N,nb14,640,-1.24,0.184,1,1
5,0,28,2,N,nb15,640,1.658,0.396,2,0
5,0,28,2,N,nb16,640,-1.327,-1.586,1,1
5,0,28,2,N,nb17,640,-1.237,-0.56,1,1
5,0,28,2,N,nb18,640,-1.866,1.865,2,1
5,0,28,2,N,nb19,640,1.572,0.617,2,1
5,0,28,2,N,nb20,640,-1.863,1.696,3,1
5,0,28,2,N,nb21,640,0.801,-0.777,1,1
5,0,28,2,N,nb22,640,-1.809,-0.3,1,1
5,0,28,2,N,nb23,640,1.686,0.818,1,1
5,0,28,2,N,nb24,640,-1.52,-1.628,2,1
5,0,28,2,N,nb25,640,1.395,-0.924,1,1
5,0,28,2,N,nb26,640,-0.115,0.024,1,1
5,0,28,2,N,nb27,640,0.19,-1.856,0,0
5,0,28,2,N,nb28,640,1.427,-0.696,1,1
5,0,28,2,N,nb29,640,-1.547,-1.338,1,1
5,0,28,2,A,aa0,640,-1.865,-0.46,2,0
5,0,28,2,A,aa1,640,0.931,1.734,0,0
5,0,28,2,N,nb0,645,0.693,0.646,1,1
5,0,28,2,N,nb1,645,-1.699,1.655,2,1
5,0,28,2,N,nb2,645,0.923,-0.993,1,1
5,0,28,2,N,nb3,645,-0.325,0.094,1,1
5,0,28,2,N,nb4,645,-1.413,0.012,2,1
5,0,28,2,N,nb5,645,0.647,0.416,1,1
5,0,28,2,N,nb6,645,1.494,0.214,1,1
5,0,28,2,N,nb7,645,-1.667,-1.544,2,1
5,0,28,2,N,nb8,645,-1.684,-0.185,2,1
5,0,28,2,N,nb9,645,-1.699,1.847,3,1
5,0,28,2,N,nb10,645,1.867,-1.84,1,1
5,0,28,2,N,nb11,645,-1.228,-0.315,2,1
5,0,28,2,N,nb12,645,1.698,-1.764,1,1
5,0,28,2,N,nb13,645,-1.449,-0.231,3,1
5,0,28,2,N,nb14,645,-1.24,0.184,1,1
5,0,28,2,N,nb15,645,1.658,0.396,2,1
5,0,28,2,N,nb16,645,-1.327,-1.586,1,1
5,0,28,2,N,nb17,645,-1.237,-0.56,1,1
5,0,28,2,N,nb18,645,-1.866,1.865,2,1
5,0,28,2,N,nb19,645,1.572,0.617,2,1
5,0,28,2,N,nb20,645,-1.863,1.696,3,1
5,0,28,2,N,nb21,645,0.801,-0.777,1,1
5,0,28,2,N,nb22,645,-1.809,-0.3,1,1
5,0,28,2,N,nb23,645,1.686,0.818,1,1
5,0,28,2,N,nb24,645,-1.52,-1.628,2,1
5,0,28,2,N,nb25,645,1.395,-0.924,1,1
5,0,28,2,N,nb26,645,-0.115,0.024,1,1
5,0,28,2,N,nb27,645,0.281,-1.837,0,0
5,0,28,2,N,nb28,645,1.427,-0.696,1,1
5,0,28,2,N,nb29,645,-1.547,-1.338,1,1
5,0,28,2,A,aa0,645,-1.865,-0.46,2,0
5,0,28,2,A,aa1,645,0.871,1.686,0,0
5,0,28,2,N,nb0,650,0.693,0.646,1,1
5,0,28,2,N,nb1,650,-1.699,1.655,2,1
5,0,28,2,N,nb2,650,0.923,-0.993,1,1
5,0,28,2,N,nb3,650,-0.325,0.094,1,0
5,0,28,2,N,nb4,650,-1.413,0.012,2,1
5,0,28,2,N,nb5,650,0.647,0.416,1,1
5,0,28,2,N,nb6,650,1.494,0.214,1,1
5,0,28,2,N,nb7,650,-1.667,-1.544,2,1
5,0,28,2,N,nb8,650,-1.684,-0.185,2,1
5,0,28,2,N,nb9,650,-1.699,1.847,3,1
5,0,28,2,N,nb10,650,1.867,-1.84,1,1
5,0,28,2,N,nb11,650,-1.228,-0.315,2,1
5,0,28,2,N,nb12,650,1.698,-1.764,1,1
5,0,28,2,N,nb13,650,-1.449,-0.231,3,1
5,0,28,2,N,nb14,650,-1.24,0.184,1,1
5,0,28,2,N,nb15,650,1.658,0.396,2,1
5,0,28,2,N,nb16,650,-1.327,-1.586,1,1
5,0,28,2,N,nb17,650,-1.237,-0.56,1,1
5,0,28,2,N,nb18,650,-1.866,1.865,2,1
5,0,28,2,N,nb19,650,1.572,0.617,2,1
5,0,28,2,N,nb20,650,-1.863,1.696,3,1
5,0,28,2,N,nb21,650,0.801,-0.777,1,1
5,0,28,2,N,nb22,650,-1.809,-0.3,1,1
5,0,28,2,N,nb23,650,1.686,0.818,1,1
5,0,28,2,N,nb24,650,-1.52,-1.628,2,1
5,0,28,2,N,nb25,650,1.395,-0.924,1,1
5,0,28,2,N,nb26,650,-0.115,0.024,1,0
5,0,28,2,N,nb27,650,0.37,-1.81,0,0
5,0,28,2,N,nb28,650,1.427,-0.696,1,1
5,0,28,2,N,nb29,650,-1.547,-1.338,1,1
5,0,28,2,A,aa0,650,-1.865,-0.46,1,0
5,0,28,2,A,aa1,650,0.792,1.625,0,0
5,0,28,2,N,nb0,655,0.693,0.646,1,1
5,0,28,2,N,nb1,655,-1.699,1.655,2,1
5,0,28,2,N,nb2,655,0.923,-0.993,1,1
5,0,28,2,N,nb3,655,-0.325,0.094,1,1
5,0,28,2,N,nb4,655,-1.413,0.012,2,1
5,0,28,2,N,nb5,655,0.647,0.416,1,1
5,0,28,2,N,nb6,655,1.494,0.214,1,0
5,0,28,2,N,nb7,655,-1.667,-1.544,2,1
5,0,28,2,N,nb8,655,-1.684,-0.185,2,1
5,0,28,2,N,nb9,655,-1.699,1.847,3,1
5,0,28,2,N,nb10,655,1.867,-1.84,1,1
5,0,28,2,N,nb11,655,-1.228,-0.315,2,1
5,0,28,2,N,nb12,655,1.698,-1.764,1,1
5,0,28,2,N,nb13,655,-1.449,-0.231,3,1
5,0,28,2,N,nb14,655,-1.24,0.184,1,1
5,0,28,2,N,nb15,655,1.658,0.396,2,1
5,0,28,2,N,nb16,655,-1.327,-1.586,1,1
5,0,28,2,N,nb17,655,-1.237,-0.56,1,1
5,0,28,2,N,nb18,655,-1.866,1.865,2,1
5,0,28,2,N,nb19,655,1.572,0.617,2,1
5,0,28,2,N,nb20,655,-1.863,1.696,3,1
5,0,28,2,N,nb21,655,0.801,-0.777,1,1
5,0,28,2,N,nb22,655,-1.809,-0.3,1,1
5,0,28,2,N,nb23,655,1.686,0.818,1,1
5,0,28,2,N,nb24,655,-1.52,-1.628,2,1
5,0,28,2,N,nb25,655,1.395,-0.924,1,1
5,0,28,2,N,nb26,655,-0.115,0.024,1,1
5,0,28,2,N,nb27,655,0.458,-1.775,0,0
5,0,28,2,N,nb28,655,1.427,-0.696,1,1
5,0,28,2,N,nb29,655,-1.547,-1.338,1,1
5,0,28,2,A,aa0,655,-1.865,-0.46,2,0
5,0,28,2,A,aa1,655,0.714,1.563,0,0
5,0,28,2,N,nb0,660,0.693,0.646,1,1
5,0,28,2,N,nb1,660,-1.699,1.655,2,1
5,0,28,2,N,nb2,660,0.923,-0.993,1,1
5,0,28,2,N,nb3,660,-0.325,0.094,1,1
5,0,28,2,N,nb4,660,-1.413,0.012,2,1
5,0,28,2,N,nb5,660,0.647,0.416,1,1
5,0,28,2,N,nb6,660,1.494,0.214,1,1
5,0,28,2,N,nb7,660,-1.667,-1.544,2,1
5,0,28,2,N,nb8,660,-1.684,-0.185,2,1
5,0,28,2,N,nb9,660,-1.699,1.847,3,1
5,0,28,2,N,nb10,660,1.867,-1.84,1,1
5,0,28,2,N,nb11,660,-1.228,-0.315,2,1
5,0,28,2,N,nb12,660,1.698,-1.764,1,1
5,0,28,2,N,nb13,660,-1.449,-0.231,3,1
5,0,28,2,N,nb14,660,-1.24,0.184,1,1
5,0,28,2,N,nb15,660,1.658,0.396,2,1
5,0,28,2,N,nb16,660,-1.327,-1.586,1,1
5,0,28,2,N,nb17,660,-1.237,-0.56,1,1
5,0,28,2,N,nb18,660,-1.866,1.865,2,1
5,0,28,2,N,nb19,660,1.572,0.617,2,1
5,0,28,2,N,nb20,660,-1.863,1.696,3,1
5,0,28,2,N,nb21,660,0.801,-0.777,1,1
5,0,28,2,N,nb22,660,-1.809,-0.3,1,1
5,0,28,2,N,nb23,660,1.686,0.818,1,1
5,0,28,2,N,nb24,660,-1.52,-1.628,2,0
5,0,28,2,N,nb25,660,1.395,-0.924,1,1
5,0,28,2,N,nb26,660,-0.115,0.024,1,1
5,0,28,2,N,nb27,660,0.545,-1.732,0,0
5,0,28,2,N,nb28,660,1.427,-0.696,1,1
5,0,28,2,N,nb29,660,-1.547,-1.338,1,1
5,0,28,2,A,aa0,660,-1.865,-0.46,2,0
5,0,28,2,A,aa1,660,0.635,1.501,0,0
5,0,28,2,N,nb0,665,0.693,0.646,1,1
5,0,28,2,N,nb1,665,-1.699,1.655,2,1
5,0,28,2,N,nb2,665,0.923,-0.993,1,1
5,0,28,2,N,nb3,665,-0.325,0.094,1,1
5,0,28,2,N,nb4,665,-1.413,0.012,2,1
5,0,28,2,N,nb5,665,0.647,0.416,1,1
5,0,28,2,N,nb6,665,1.494,0.214,1,1
5,0,28,2,N,nb7,665,-1.667,-1.544,2,1
5,0,28,2,N,nb8,665,-1.684,-0.185,2,1
5,0,28,2,N,nb9,665,-1.699,1.847,3,1
5,0,28,2,N,nb10,665,1.867,-1.84,1,1
5,0,28,2,N,nb11,665,-1.228,-0.315,2,0
5,0,28,2,N,nb12,665,1.698,-1.764,1,1
5,0,28,2,N,nb13,665,-1.449,-0.231,3,1
5,0,28,2,N,nb14,665,-1.24,0.184,1,1
5,0,28,2,N,nb15,665,1.658,0.396,2,1
5,0,28,2,N,nb16,665,-1.327,-1.586,1,1
5,0,28,2,N,nb17,665,-1.237,-0.56,1,1
5,0,28,2,N,nb18,665,-1.866,1.865,2,1
5,0,28,2,N,nb19,665,1.572,0.617,2,1
5,0,28,2,N,nb20,665,-1.863,1.696,3,1
5,0,28,2,N,nb21,665,0.801,-0.777,1,1
5,0,28,2,N,nb22,665,-1.809,-0.3,1,1
5,0,28,2,N,nb23,665,1.686,0.818,1,1
5,0,28,2,N,nb24,665,-1.52,-1.628,2,1
5,0,28,2,N,nb25,665,1.395,-0.924,1,1
5,0,28,2,N,nb26,665,-0.115,0.024,1,1
5,0,28,2,N,nb27,665,0.634,-1.686,0,0
5,0,28,2,N,nb28,665,1.427,-0.696,1,1
5,0,28,2,N,nb29,665,-1.547,-1.338,1,1
5,0,28,2,A,aa0,665,-1.865,-0.46,2,0
5,0,28,2,A,aa1,665,0.556,1.44,0,0
5,0,28,2,N,nb0,670,0.693,0.646,1,1
5,0,28,2,N,nb1,670,-1.699,1.655,2,1
5,0,28,2,N,nb2,670,0.923,-0.993,1,0
5,0,28,2,N,nb3,670,-0.325,0.094,1,1
5,0,28,2,N,nb4,670,-1.413,0.012,2,1
5,0,28,2,N,nb5,670,0.647,0.416,1,1
5,0,28,2,N,nb6,670,1.494,0.214,1,1
5,0,28,2,N,nb7,670,-1.667,-1.544,2,1
5,0,28,2,N,nb8,670,-1.684,-0.185,2,1
5,0,28,2,N,nb9,670,-1.699,1.847,3,1
5,0,28,2,N,nb10,670,1.867,-1.84,1,1
5,0,28,2,N,nb11,670,-1.228,-0.315,2,1
5,0,28,2,N,nb12,670,1.698,-1.764,1,1
5,0,28,2,N,nb13,670,-1.449,-0.231,3,1
5,0,28,2,N,nb14,670,-1.24,0.184,1,1
5,0,28,2,N,nb15,670,1.658,0.396,2,1
5,0,28,2,N,nb16,670,-1.327,-1.586,1,1
5,0,28,2,N,nb17,670,-1.237,-0.56,1,1
5,0,28,2,N,nb18,670,-1.866,1.865,2,1
5,0,28,2,N,nb19,670,1.572,0.617,2,1
5,0,28,2,N,nb20,670,-1.863,1.696,3,1
5,0,28,2,N,nb21,670,0.801,-0.777,1,1
5,0,28,2,N,nb22,670,-1.809,-0.3,1,1
5,0,28,2,N,nb23,670,1.686,0.818,1,1
5,0,28,2,N,nb24,670,-1.52,-1.628,2,1
5,0,28,2,N,nb25,670,1.395,-0.924,1,1
5,0,28,2,N,nb26,670,-0.115,0.024,1,1
5,0,28,2,N,nb27,670,0.723,-1.641,0,0
5,0,28,2,N,nb28,670,1.427,-0.696,1,1
5,0,28,2,N,nb29,670,-1.547,-1.338,1,1
5,0,28,2,A,aa0,670,-1.865,-0.46,2,0
5,0,28,2,A,aa1,670,0.477,1.378,0,0
5,0,28,2,N,nb0,675,0.693,0.646,1,1
5,0,28,2,N,nb1,675,-1.699,1.655,2,1
5,0,28,2,N,nb2,675,0.923,-0.993,1,1
5,0,28,2,N,nb3,675,-0.325,0.094,1,1
5,0,28,2,N,nb4,675,-1.413,0.012,2,1
5,0,28,2,N,nb5,675,0.647,0.416,1,1
5,0,28,2,N,nb6,675,1.494,0.214,1,1
5,0,28,2,N,nb7,675,-1.667,-1.544,2,1
5,0,28,2,N,nb8,675,-1.684,-0.185,2,1
5,0,28,2,N,nb9,675,-1.699,1.847,3,1
5,0,28,2,N,nb10,675,1.867,-1.84,1,1
5,0,28,2,N,nb11,675,-1.228,-0.315,2,1
5,0,28,2,N,nb12,675,1.698,-1.764,1,1
5,0,28,2,N,nb13,675,-1.449,-0.231,3,1
5,0,28,2,N,nb14,675,-1.24,0.184,1,1
5,0,28,2,N,nb15,675,1.658,0.396,2,1
5,0,28,2,N,nb16,675,-1.327,-1.586,1,1
5,0,28,2,N,nb17,675,-1.237,-0.56,1,1
5,0,28,2,N,nb18,675,-1.866,1.865,2,1
5,0,28,2,N,nb19,675,1.572,0.617,2,1
5,0,28,2,N,nb20,675,-1.863,1.696,3,1
5,0,28,2,N,nb21,675,0.801,-0.777,1,1
5,0,28,2,N,nb22,675,-1.809,-0.3,1,0
5,0,28,2,N,nb23,675,1.686,0.818,1,1
5,0,28,2,N,nb24,675,-1.52,-1.628,2,1
5,0,28,2,N,nb25,675,1.395,-0.924,1,1
5,0,28,2,N,nb26,675,-0.115,0.024,1,1
5,0,28,2,N,nb27,675,0.813,-1.596,0,0
5,0,28,2,N,nb28,675,1.427,-0.696,1,1
5,0,28,2,N,nb29,675,-1.547,-1.338,1,1
5,0,28,2,A,aa0,675,-1.865,-0.46,2,0
5,0,28,2,A,aa1,675,0.399,1.316,0,0
5,0,28,2,N,nb0,680,0.693,0.646,1,1
5,0,28,2,N,nb1,680,-1.699,1.655,2,1
5,0,28,2,N,nb2,680,0.923,-0.993,1,1
5,0,28,2,N,nb3,680,-0.325,0.094,1,1
5,0,28,2,N,nb4,680,-1.413,0.012,2,1
5,0,28,2,N,nb5,680,0.647,0.416,1,1
5,0,28,2,N,nb6,680,1.494,0.214,1,1
5,0,28,2,N,nb7,680,-1.667,-1.544,2,1
5,0,28,2,N,nb8,680,-1.684,-0.185,2,1
5,0,28,2,N,nb9,680,-1.699,1.847,3,1
5,0,28,2,N,nb10,680,1.867,-1.84,1,1
5,0,28,2,N,nb11,680,-1.228,-0.315,2,1
5,0,28,2,N,nb12,680,1.698,-1.764,1,1
5,0,28,2,N,nb13,680,-1.449,-0.231,3,1
5,0,28,2,N,nb14,680,-1.24,0.184,1,1
5,0,28,2,N,nb15,680,1.658,0.396,2,1
5,0,28,2,N,nb16,680,-1.327,-1.586,1,1
5,0,28,2,N,nb17,680,-1.237,-0.56,1,1
5,0,28,2,N,nb18,680,-1.866,1.865,2,1
5,0,28,2,N,nb19,680,1.572,0.617,2,1
5,0,28,2,N,nb20,680,-1.863,1.696,3,1
5,0,28,2,N,nb21,680,0.801,-0.777,1,1
5,0,28,2,N,nb22,680,-1.809,-0.3,1,1
5,0,28,2,N,nb23,680,1.686,0.818,1,1
5,0,28,2,N,nb24,680,-1.52,-1.628,2,1
5,0,28,2,N,nb25,680,1.395,-0.924,1,1
5,0,28,2,N,nb26,680,-0.115,0.024,1,1
5,0,28,2,N,nb27,680,0.902,-1.551,0,0
5,0,28,2,N,nb28,680,1.427,-0.696,1,1
5,0,28,2,N,nb29,680,-1.547,-1.338,1,1
5,0,28,2,A,aa0,680,-1.865,-0.46,2,0
5,0,28,2,A,aa1,680,0.349,1.277,0,0
5,0,28,2,N,nb0,685,0.693,0.646,1,1
5,0,28,2,N,nb1,685,-1.699,1.655,2,1
5,0,28,2,N,nb2,685,0.923,-0.993,1,1
5,0,28,2,N,nb3,685,-0.325,0.094,1,1
5,0,28,2,N,nb4,685,-1.413,0.012,2,1
5,0,28,2,N,nb5,685,0.647,0.416,1,1
5,0,28,2,N,nb6,685,1.494,0.214,1,1
5,0,28,2,N,nb7,685,-1.667,-1.544,2,1
5,0,28,2,N,nb8,685,-1.684,-0.185,2,1
5,0,28,2,N,nb9,685,-1.699,1.847,3,1
5,0,28,2,N,nb10,685,1.867,-1.84,1,1
5,0,28,2,N,nb11,685,-1.228,-0.315,2,1
5,0,28,2,N,nb12,685,1.698,-1.764,1,1
5,0,28,2,N,nb13,685,-1.449,-0.231,3,1
5,0,28,2,N,nb14,685,-1.24,0.184,1,1
5,0,28,2,N,nb15,685,1.658,0.396,2,1
5,0,28,2,N,nb16,685,-1.327,-1.586,1,1
5,0,28,2,N,nb17,685,-1.237,-0.56,1,1
5,0,28,2,N,nb18,685,-1.866,1.865,2,1
5,0,28,2,N,nb19,685,1.572,0.617,2,1
5,0,28,2,N,nb20,685,-1.863,1.696,3,1
5,0,28,2,N,nb21,685,0.801,-0.777,1,1
5,0,28,2,N,nb22,685,-1.809,-0.3,1,1
5,0,28,2,N,nb23,685,1.686,0.818,1,1
5,0,28,2,N,nb24,685,-1.52,-1.628,2,1
5,0,28,2,N,nb25,685,1.395,-0.924,1,1
5,0,28,2,N,nb26,685,-0.115,0.024,1,1
5,0,28,2,N,nb27,685,0.991,-1.505,0,0
5,0,28,2,N,nb28,685,1.427,-0.696,1,1
5,0,28,2,N,nb29,685,-1.547,-1.338,1,1
5,0,28,2,A,aa0,685,-1.865,-0.46,2,0
5,0,28,2,A,aa1,685,0.349,1.277,0,0
5,0,28,2,N,nb0,690,0.693,0.646,1,1
5,0,28,2,N,nb1,690,-1.699,1.655,2,1
5,0,28,2,N,nb2,690,0.923,-0.993,1,1
5,0,28,2,N,nb3,690,-0.325,0.094,1,1
5,0,28,2,N,nb4,690,-1.413,0.012,2,1
5,0,28,2,N,nb5,690,0.647,0.416,1,1
5,0,28,2,N,nb6,690,1.494,0.214,1,1
5,0,28,2,N,nb7,690,-1.667,-1.544,2,1
5,0,28,2,N,nb8,690,-1.684,-0.185,2,1
5,0,28,2,N,nb9,690,-1.699,1.847,3,1
5,0,28,2,N,nb10,690,1.867,-1.84,1,1
5,0,28,2,N,nb11,690,-1.228,-0.315,2,1
5,0,28,2,N,nb12,690,1.698,-1.764,1,1
5,0,28,2,N,nb13,690,-1.449,-0.231,3,1
5,0,28,2,N,nb14,690,-1.24,0.184,1,1
5,0,28,2,N,nb15,690,1.658,0.396,2,1
5,0,28,2,N,nb16,690,-1.327,-1.586,1,1
5,0,28,2,N,nb17,690,-1.237,-0.56,1,1
5,0,28,2,N,nb18,690,-1.866,1.865,2,1
5,0,28,2,N,nb19,690,1.572,0.617,2,1
5,0,28,2,N,nb20,690,-1.863,1.696,3,1
5,0,28,2,N,nb21,690,0.801,-0.777,1,1
5,0,28,2,N,nb22,690,-1.809,-0.3,1,1
5,0,28,2,N,nb23,690,1.686,0.818,1,1
5,0,28,2,N,nb24,690,-1.52,-1.628,2,1
5,0,28,2,N,nb25,690,1.395,-0.924,1,1
5,0,28,2,N,nb26,690,-0.115,0.024,1,1
5,0,28,2,N,nb27,690,1.08,-1.46,0,0
5,0,28,2,N,nb28,690,1.427,-0.696,1,1
5,0,28,2,N,nb29,690,-1.547,-1.338,1,1
5,0,28,2,A,aa0,690,-1.865,-0.46,2,0
5,0,28,2,A,aa1,690,0.358,1.181,0,0
5,0,28,2,N,nb0,695,0.693,0.646,1,1
5,0,28,2,N,nb1,695,-1.699,1.655,2,1
5,0,28,2,N,nb2,695,0.923,-0.993,1,1
5,0,28,2,N,nb3,695,-0.325,0.094,1,1
5,0,28,2,N,nb4,695,-1.413,0.012,2,1
5,0,28,2,N,nb5,695,0.647,0.416,1,1
5,0,28,2,N,nb6,695,1.494,0.214,1,1
5,0,28,2,N,nb7,695,-1.667,-1.544,2,1
5,0,28,2,N,nb8,695,-1.684,-0.185,2,1
5,0,28,2,N,nb9,695,-1.699,1.847,3,1
5,0,28,2,N,nb10,695,1.867,-1.84,1,0
5,0,28,2,N,nb11,695,-1.228,-0.315,2,1
5,0,28,2,N,nb12,695,1.698,-1.764,1,0
5,0,28,2,N,nb13,695,-1.449,-0.231,3,1
5,0,28,2,N,nb14,695,-1.24,0.184,1,1
5,0,28,2,N,nb15,695,1.658,0.396,2,1
5,0,28,2,N,nb16,695,-1.327,-1.586,1,1
5,0,28,2,N,nb17,695,-1.237,-0.56,1,1
5,0,28,2,N,nb18,695,-1.866,1.865,2,1
5,0,28,2,N,nb19,695,1.572,0.617,2,1
5,0,28,2,N,nb20,695,-1.863,1.696,3,1
5,0,28,2,N,nb21,695,0.801,-0.777,1,1
5,0,28,2,N,nb22,695,-1.809,-0.3,1,1
5,0,28,2,N,nb23,695,1.686,0.818,1,1
5,0,28,2,N,nb24,695,-1.52,-1.628,2,1
5,0,28,2,N,nb25,695,1.395,-0.924,1,1
5,0,28,2,N,nb26,695,-0.115,0.024,1,1
5,0,28,2,N,nb27,695,1.169,-1.415,0,0
5,0,28,2,N,nb28,695,1.427,-0.696,1,1
5,0,28,2,N,nb29,695,-1.547,-1.338,1,1
5,0,28,2,A,aa0,695,-1.855,-0.464,2,0
5,0,28,2,A,aa1,695,0.367,1.081,1,0
5,0,28,2,N,nb0,700,0.693,0.646,1,1
5,0,28,2,N,nb1,700,-1.699,1.655,2,1
5,0,28,2,N,nb2,700,0.923,-0.993,1,1
5,0,28,2,N,nb3,700,-0.325,0.094,1,1
5,0,28,2,N,nb4,700,-1.413,0.012,2,1
5,0,28,2,N,nb5,700,0.647,0.416,1,1
5,0,28,2,N,nb6,700,1.494,0.214,1,1
5,0,28,2,N,nb7,700,-1.667,-1.544,2,1
5,0,28,2,N,nb8,700,-1.684,-0.185,2,1
5,0,28,2,N,nb9,700,-1.699,1.847,3,1
5,0,28,2,N,nb10,700,1.867,-1.84,1,1
5,0,28,2,N,nb11,700,-1.228,-0.315,2,1
5,0,28,2,N,nb12,700,1.698,-1.764,1,1
5,0,28,2,N,nb13,700,-1.449,-0.231,3,1
5,0,28,2,N,nb14,700,-1.24,0.184,1,1
5,0,28,2,N,nb15,700,1.658,0.396,2,1
5,0,28,2,N,nb16,700,-1.327,-1.586,1,1
5,0,28,2,N,nb17,700,-1.237,-0.56,1,1
5,0,28,2,N,nb18,700,-1.866,1.865,2,0
5,0,28,2,N,nb19,700,1.572,0.617,2,1
5,0,28,2,N,nb20,700,-1.863,1.696,3,1
5,0,28,2,N,nb21,700,0.801,-0.777,1,1
5,0,28,2,N,nb22,700,-1.809,-0.3,1,1
5,0,28,2,N,nb23,700,1.686,0.818,1,1
5,0,28,2,N,nb24,700,-1.52,-1.628,2,1
5,0,28,2,N,nb25,700,1.395,-0.924,1,1
5,0,28,2,N,nb26,700,-0.115,0.024,1,1
5,0,28,2,N,nb27,700,1.258,-1.369,0,0
5,0,28,2,N,nb28,700,1.427,-0.696,1,1
5,0,28,2,N,nb29,700,-1.547,-1.338,1,1
5,0,28,2,A,aa0,700,-1.824,-0.469,3,1
5,0,28,2,A,aa1,700,0.377,0.982,1,0
5,0,28,2,N,nb0,705,0.693,0.646,1,1
5,0,28,2,N,nb1,705,-1.699,1.655,2,1
5,0,28,2,N,nb2,705,0.923,-0.993,1,1
5,0,28,2,N,nb3,705,-0.325,0.094,1,1
5,0,28,2,N,nb4,705,-1.413,0.012,2,1
5,0,28,2,N,nb5,705,0.647,0.416,1,1
5,0,28,2,N,nb6,705,1.494,0.214,1,1
5,0,28,2,N,nb7,705,-1.667,-1.544,2,1
5,0,28,2,N,nb8,705,-1.684,-0.185,2,1
5,0,28,2,N,nb9,705,-1.699,1.847,3,1
5,0,28,2,N,nb10,705,1.867,-1.84,1,1
5,0,28,2,N,nb11,705,-1.249,-0.288,1,0
5,0,28,2,N,nb12,705,1.698,-1.764,1,1
5,0,28,2,N,nb13,705,-1.493,-0.207,2,0
5,0,28,2,N,nb14,705,-1.24,0.184,1,1
5,0,28,2,N,nb15,705,1.658,0.396,2,1
5,0,28,2,N,nb16,705,-1.327,-1.586,1,1
5,0,28,2,N,nb17,705,-1.197,-0.529,1,0
5,0,28,2,N,nb18,705,-1.866,1.865,2,1
5,0,28,2,N,nb19,705,1.572,0.617,2,1
5,0,28,2,N,nb20,705,-1.863,1.696,3,1
5,0,28,2,N,nb21,705,0.801,-0.777,1,1
5,0,28,2,N,nb22,705,-1.822,-0.284,1,0
5,0,28,2,N,nb23,705,1.686,0.818,1,1
5,0,28,2,N,nb24,705,-1.52,-1.628,2,1
5,0,28,2,N,nb25,705,1.395,-0.924,1,1
5,0,28,2,N,nb26,705,-0.115,0.024,1,1
5,0,28,2,N,nb27,705,1.348,-1.324,0,0
5,0,28,2,N,nb28,705,1.427,-0.696,1,1
5,0,28,2,N,nb29,705,-1.547,-1.338,1,1
5,0,28,2,A,aa0,705,-1.8,-0.47,1,0
5,0,28,2,A,aa1,705,0.386,0.882,2,0
5,0,28,2,N,nb0,710,0.693,0.646,1,1
5,0,28,2,N,nb1,710,-1.699,1.655,2,1
5,0,28,2,N,nb2,710,0.923,-0.993,1,1
5,0,28,2,N,nb3,710,-0.325,0.094,1,1
5,0,28,2,N,nb4,710,-1.413,0.012,2,1
5,0,28,2,N,nb5,710,0.647,0.416,1,1
5,0,28,2,N,nb6,710,1.494,0.214,1,1
5,0,28,2,N,nb7,710,-1.667,-1.544,2,0
5,0,28,2,N,nb8,710,-1.702,-0.149,2,1
5,0,28,2,N,nb9,710,-1.699,1.847,3,1
5,0,28,2,N,nb10,710,1.867,-1.84,1,1
5,0,28,2,N,nb11,710,-1.301,-0.214,1,0
5,0,28,2,N,nb12,710,1.698,-1.764,1,1
5,0,28,2,N,nb13,710,-1.534,-0.173,3,0
5,0,28,2,N,nb14,710,-1.24,0.184,1,1
5,0,28,2,N,nb15,710,1.658,0.396,2,1
5,0,28,2,N,nb16,710,-1.327,-1.586,1,1
5,0,28,2,N,nb17,710,-1.116,-0.478,0,0
5,0,28,2,N,nb18,710,-1.866,1.865,2,1
5,0,28,2,N,nb19,710,1.572,0.617,2,1
5,0,28,2,N,nb20,710,-1.863,1.696,3,1
5,0,28,2,N,nb21,710,0.801,-0.777,1,1
5,0,28,2,N,nb22,710,-1.85,-0.232,1,0
5,0,28,2,N,nb23,710,1.686,0.818,1,1
5,0,28,2,N,nb24,710,-1.52,-1.628,2,1
5,0,28,2,N,nb25,710,1.395,-0.924,1,1
5,0,28,2,N,nb26,710,-0.115,0.024,1,1
5,0,28,2,N,nb27,710,1.437,-1.279,0,0
5,0,28,2,N,nb28,710,1.427,-0.696,1,1
5,0,28,2,N,nb29,710,-1.547,-1.338,1,0
5,0,28,2,A,aa0,710,-1.742,-0.404,1,0
5,0,28,2,A,aa1,710,0.396,0.782,2,0
5,0,28,2,N,nb0,715,0.693,0.646,1,1
5,0,28,2,N,nb1,715,-1.699,1.655,2,1
5,0,28,2,N,nb2,715,0.923,-0.993,1,1
5,0,28,2,N,nb3,715,-0.325,0.094,1,1
5,0,28,2,N,nb4,715,-1.413,0.012,3,1
5,0,28,2,N,nb5,715,0.647,0.416,1,1
5,0,28,2,N,nb6,715,1.494,0.214,1,1
5,0,28,2,N,nb7,715,-1.667,-1.544,2,1
5,0,28,2,N,nb8,715,-1.71,-0.126,2,0
5,0,28,2,N,nb9,715,-1.699,1.847,3,1
5,0,28,2,N,nb10,715,1.867,-1.84,1,1
5,0,28,2,N,nb11,715,-1.327,-0.166,2,0
5,0,28,2,N,nb12,715,1.698,-1.764,1,1
5,0,28,2,N,nb13,715,-1.543,-0.158,3,0
5,0,28,2,N,nb14,715,-1.24,0.184,1,1
5,0,28,2,N,nb15,715,1.658,0.396,2,1
5,0,28,2,N,nb16,715,-1.327,-1.586,1,1
5,0,28,2,N,nb17,715,-1.03,-0.426,0,0
5,0,28,2,N,nb18,715,-1.866,1.865,2,1
5,0,28,2,N,nb19,715,1.572,0.617,2,1
5,0,28,2,N,nb20,715,-1.863,1.696,3,1
5,0,28,2,N,nb21,715,0.801,-0.777,1,1
5,0,28,2,N,nb22,715,-1.861,-0.204,1,0
5,0,28,2,N,nb23,715,1.686,0.818,1,1
5,0,28,2,N,nb24,715,-1.52,-1.628,2,1
5,0,28,2,N,nb25,715,1.395,-0.924,1,1
5,0,28,2,N,nb26,715,-0.115,0.024,1,1
5,0,28,2,N,nb27,715,1.526,-1.234,0,0
5,0,28,2,N,nb28,715,1.427,-0.696,1,1
5,0,28,2,N,nb29,715,-1.547,-1.338,1,1
5,0,28,2,A,aa0,715,-1.674,-0.345,4,1
5,0,28,2,A,aa1,715,0.405,0.683,2,0
5,0,28,2,N,nb0,720,0.693,0.646,1,1
5,0,28,2,N,nb1,720,-1.699,1.655,2,1
5,0,28,2,N,nb2,720,0.923,-0.993,1,1
5,0,28,2,N,nb3,720,-0.325,0.094,1,1
5,0,28,2,N,nb4,720,-1.416,0.031,3,1
5,0,28,2,N,nb5,720,0.647,0.416,1,1
5,0,28,2,N,nb6,720,1.494,0.214,1,1
5,0,28,2,N,nb7,720,-1.667,-1.544,2,1
5,0,28,2,N,nb8,720,-1.706,-0.092,2,0
5,0,28,2,N,nb9,720,-1.699,1.847,3,1
5,0,28,2,N,nb10,720,1.867,-1.84,1,1
5,0,28,2,N,nb11,720,-1.347,-0.123,2,0
5,0,28,2,N,nb12,720,1.698,-1.764,1,1
5,0,28,2,N,nb13,720,-1.54,-0.128,3,0
5,0,28,2,N,nb14,720,-1.24,0.184,1,1
5,0,28,2,N,nb15,720,1.658,0.396,2,1
5,0,28,2,N,nb16,720,-1.327,-1.586,1,1
5,0,28,2,N,nb17,720,-0.944,-0.375,0,0
5,0,28,2,N,nb18,720,-1.866,1.865,2,1
5,0,28,2,N,nb19,720,1.572,0.617,2,1
5,0,28,2,N,nb20,720,-1.863,1.696,3,1
5,0,28,2,N,nb21,720,0.801,-0.777,1,1
5,0,28,2,N,nb22,720,-1.865,-0.152,1,0
5,0,28,2,N,nb23,720,1.686,0.818,1,1
5,0,28,2,N,nb24,720,-1.52,-1.628,2,1
5,0,28,2,N,nb25,720,1.395,-0.924,1,1
5,0,28,2,N,nb26,720,-0.115,0.024,1,1
5,0,28,2,N,nb27,720,1.615,-1.188,0,0
5,0,28,2,N,nb28,720,1.427,-0.696,1,1
5,0,28,2,N,nb29,720,-1.547,-1.338,1,1
5,0,28,2,A,aa0,720,-1.599,-0.298,0,0
5,0,28,2,A,aa1,720,0.415,0.583,2,0
5,0,28,2,N,nb0,725,0.693,0.646,1,1
5,0,28,2,N,nb1,725,-1.699,1.655,2,1
5,0,28,2,N,nb2,725,0.923,-0.993,1,1
5,0,28,2,N,nb3,725,-0.325,0.094,1,1
5,0,28,2,N,nb4,725,-1.417,0.072,3,0
5,0,28,2,N,nb5,725,0.647,0.416,1,1
5,0,28,2,N,nb6,725,1.494,0.214,1,1
5,0,28,2,N,nb7,725,-1.667,-1.544,2,1
5,0,28,2,N,nb8,725,-1.693,-0.053,2,0
5,0,28,2,N,nb9,725,-1.699,1.847,3,1
5,0,28,2,N,nb10,725,1.867,-1.84,1,1
5,0,28,2,N,nb11,725,-1.358,-0.087,2,0
5,0,28,2,N,nb12,725,1.698,-1.764,1,1
5,0,28,2,N,nb13,725,-1.528,-0.087,3,0
5,0,28,2,N,nb14,725,-1.24,0.184,1,0
5,0,28,2,N,nb15,725,1.658,0.396,2,1
5,0,28,2,N,nb16,725,-1.327,-1.586,1,1
5,0,28,2,N,nb17,725,-0.859,-0.323,0,0
5,0,28,2,N,nb18,725,-1.866,1.865,2,1
5,0,28,2,N,nb19,725,1.572,0.617,2,1
5,0,28,2,N,nb20,725,-1.863,1.696,3,1
5,0,28,2,N,nb21,725,0.801,-0.777,1,1
5,0,28,2,N,nb22,725,-1.862,-0.067,1,0
5,0,28,2,N,nb23,725,1.686,0.818,1,1
5,0,28,2,N,nb24,725,-1.52,-1.628,2,1
5,0,28,2,N,nb25,725,1.395,-0.924,1,1
5,0,28,2,N,nb26,725,-0.115,0.024,1,1
5,0,28,2,N,nb27,725,1.704,-1.143,0,0
5,0,28,2,N,nb28,725,1.427,-0.696,1,1
5,0,28,2,N,nb29,725,-1.547,-1.338,1,1
5,0,28,2,A,aa0,725,-1.517,-0.262,0,0
5,0,28,2,A,aa1,725,0.422,0.49,2,0
5,0,28,2,N,nb0,730,0.693,0.646,1,1
5,0,28,2,N,nb1,730,-1.699,1.655,2,1
5,0,28,2,N,nb2,730,0.923,-0.993,1,1
5,0,28,2,N,nb3,730,-0.325,0.094,1,1
5,0,28,2,N,nb4,730,-1.416,0.077,3,1
5,0,28,2,N,nb5,730,0.647,0.416,1,1
5,0,28,2,N,nb6,730,1.494,0.214,1,1
5,0,28,2,N,nb7,730,-1.667,-1.544,2,1
5,0,28,2,N,nb8,730,-1.692,-0.046,2,1
5,0,28,2,N,nb9,730,-1.699,1.847,3,1
5,0,28,2,N,nb10,730,1.867,-1.84,1,1
5,0,28,2,N,nb11,730,-1.357,-0.081,2,0
5,0,28,2,N,nb12,730,1.698,-1.764,1,1
5,0,28,2,N,nb13,730,-1.526,-0.078,3,0
5,0,28,2,N,nb14,730,-1.24,0.184,1,1
5,0,28,2,N,nb15,730,1.658,0.396,2,1
5,0,28,2,N,nb16,730,-1.327,-1.586,1,1
5,0,28,2,N,nb17,730,-0.773,-0.272,0,0
5,0,28,2,N,nb18,730,-1.866,1.865,2,1
5,0,28,2,N,nb19,730,1.572,0.617,2,1
5,0,28,2,N,nb20,730,-1.863,1.696,3,1
5,0,28,2,N,nb21,730,0.801,-0.777,1,1
5,0,28,2,N,nb22,730,-1.862,-0.048,1,1
5,0,28,2,N,nb23,730,1.686,0.818,1,1
5,0,28,2,N,nb24,730,-1.52,-1.628,2,1
5,0,28,2,N,nb25,730,1.395,-0.924,1,1
5,0,28,2,N,nb26,730,-0.115,0.024,1,1
5,0,28,2,N,nb27,730,1.791,-1.099,0,0
5,0,28,2,N,nb28,730,1.427,-0.696,1,1
5,0,28,2,N,nb29,730,-1.547,-1.338,1,1
5,0,28,2,A,aa0,730,-1.429,-0.238,2,0
5,0,28,2,A,aa1,730,0.418,0.398,2,0
5,0,28,2,N,nb0,735,0.693,0.646,1,1
5,0,28,2,N,nb1,735,-1.699,1.655,2,1
5,0,28,2,N,nb2,735,0.923,-0.993,1,1
5,0,28,2,N,nb3,735,-0.325,0.094,1,1
5,0,28,2,N,nb4,735,-1.413,0.11,3,1
5,0,28,2,N,nb5,735,0.647,0.416,1,1
5,0,28,2,N,nb6,735,1.494,0.214,1,1
5,0,28,2,N,nb7,735,-1.667,-1.544,2,1
5,0,28,2,N,nb8,735,-1.692,-0.046,2,1
5,0,28,2,N,nb9,735,-1.699,1.847,3,1
5,0,28,2,N,nb10,735,1.867,-1.84,1,1
5,0,28,2,N,nb11,735,-1.354,-0.048,2,0
5,0,28,2,N,nb12,735,1.698,-1.764,1,1
5,0,28,2,N,nb13,735,-1.523,-0.056,3,0
5,0,28,2,N,nb14,735,-1.24,0.184,1,1
5,0,28,2,N,nb15,735,1.658,0.396,2,1
5,0,28,2,N,nb16,735,-1.327,-1.586,1,1
5,0,28,2,N,nb17,735,-0.687,-0.22,0,0
5,0,28,2,N,nb18,735,-1.866,1.865,2,1
5,0,28,2,N,nb19,735,1.572,0.617,2,1
5,0,28,2,N,nb20,735,-1.863,1.696,3,1
5,0,28,2,N,nb21,735,0.801,-0.777,1,1
5,0,28,2,N,nb22,735,-1.862,-0.048,1,1
5,0,28,2,N,nb23,735,1.686,0.818,1,1
5,0,28,2,N,nb24,735,-1.52,-1.628,2,1
5,0,28,2,N,nb25,735,1.395,-0.924,1,1
5,0,28,2,N,nb26,735,-0.115,0.024,1,1
5,0,28,2,N,nb27,735,1.864,-1.051,0,0
5,0,28,2,N,nb28,735,1.427,-0.696,1,1
5,0,28,2,N,nb29,735,-1.547,-1.338,1,1
5,0,28,2,A,aa0,735,-1.34,-0.226,0,0
5,0,28,2,A,aa1,735,0.404,0.305,1,0
5,0,28,2,N,nb0,740,0.688,0.682,0,0
5,0,28,2,N,nb1,740,-1.699,1.655,2,1
5,0,28,2,N,nb2,740,0.923,-0.993,1,1
5,0,28,2,N,nb3,740,-0.325,0.094,1,1
5,0,28,2,N,nb4,740,-1.411,0.136,3,1
5,0,28,2,N,nb5,740,0.676,0.398,0,0
5,0,28,2,N,nb6,740,1.494,0.214,1,1
5,0,28,2,N,nb7,740,-1.667,-1.544,2,1
5,0,28,2,N,nb8,740,-1.692,-0.046,2,1
5,0,28,2,N,nb9,740,-1.699,1.847,3,1
5,0,28,2,N,nb10,740,1.867,-1.84,1,1
5,0,28,2,N,nb11,740,-1.35,-0.021,3,1
5,0,28,2,N,nb12,740,1.698,-1.764,1,1
5,0,28,2,N,nb13,740,-1.524,-0.025,3,1
5,0,28,2,N,nb14,740,-1.24,0.184,2,1
5,0,28,2,N,nb15,740,1.658,0.396,2,1
5,0,28,2,N,nb16,740,-1.327,-1.586,1,1
5,0,28,2,N,nb17,740,-0.601,-0.169,0,0
5,0,28,2,N,nb18,740,-1.866,1.865,2,1
5,0,28,2,N,nb19,740,1.572,0.617,2,1
5,0,28,2,N,nb20,740,-1.863,1.696,3,1
5,0,28,2,N,nb21,740,0.801,-0.777,1,1
5,0,28,2,N,nb22,740,-1.862,-0.048,1,1
5,0,28,2,N,nb23,740,1.686,0.818,1,1
5,0,28,2,N,nb24,740,-1.52,-1.628,2,1
5,0,28,2,N,nb25,740,1.395,-0.924,1,1
5,0,28,2,N,nb26,740,-0.133,0.051,1,0
5,0,28,2,N,nb27,740,1.866,-0.996,0,0
5,0,28,2,N,nb28,740,1.427,-0.696,1,1
5,0,28,2,N,nb29,740,-1.547,-1.338,1,1
5,0,28,2,A,aa0,740,-1.246,-0.223,1,0
5,0,28,2,A,aa1,740,0.384,0.209,0,0
5,0,28,2,N,nb0,745,0.676,0.781,0,0
5,0,28,2,N,nb1,745,-1.699,1.655,2,1
5,0,28,2,N,nb2,745,0.923,-0.993,1,1
5,0,28,2,N,nb3,745,-0.333,0.097,1,1
5,0,28,2,N,nb4,745,-1.414,0.138,3,1
5,0,28,2,N,nb5,745,0.76,0.344,0,0
5,0,28,2,N,nb6,745,1.494,0.214,1,1
5,0,28,2,N,nb7,745,-1.667,-1.544,2,1
5,0,28,2,N,nb8,745,-1.692,-0.046,2,1
5,0,28,2,N,nb9,745,-1.699,1.847,3,1
5,0,28,2,N,nb10,745,1.867,-1.84,1,1
5,0,28,2,N,nb11,745,-1.348,-0.018,3,0
5,0,28,2,N,nb12,745,1.698,-1.764,1,1
5,0,28,2,N,nb13,745,-1.525,-0.018,3,0
5,0,28,2,N,nb14,745,-1.251,0.182,2,0
5,0,28,2,N,nb15,745,1.658,0.396,2,1
5,0,28,2,N,nb16,745,-1.327,-1.586,1,1
5,0,28,2,N,nb17,745,-0.516,-0.117,0,0
5,0,28,2,N,nb18,745,-1.866,1.865,2,1
5,0,28,2,N,nb19,745,1.572,0.617,2,1
5,0,28,2,N,nb20,745,-1.863,1.696,3,1
5,0,28,2,N,nb21,745,0.801,-0.777,1,1
5,0,28,2,N,nb22,745,-1.862,-0.048,1,1
5,0,28,2,N,nb23,745,1.686,0.818,1,1
5,0,28,2,N,nb24,745,-1.52,-1.628,2,1
5,0,28,2,N,nb25,745,1.395,-0.924,1,0
5,0,28,2,N,nb26,745,-0.166,0.129,1,0
5,0,28,2,N,nb27,745,1.866,-0.929,0,0
5,0,28,2,N,nb28,745,1.427,-0.696,1,1
5,0,28,2,N,nb29,745,-1.547,-1.338,1,1
5,0,28,2,A,aa0,745,-1.167,-0.227,0,0
5,0,28,2,A,aa1,745,0.362,0.111,0,0
5,0,28,2,N,nb0,750,0.664,0.88,0,0
5,0,28,2,N,nb1,750,-1.699,1.655,2,1
5,0,28,2,N,nb2,750,0.923,-0.993,1,1
5,0,28,2,N,nb3,750,-0.335,0.097,2,1
5,0,28,2,N,nb4,750,-1.449,0.159,3,1
5,0,28,2,N,nb5,750,0.844,0.289,0,0
5,0,28,2,N,nb6,750,1.494,0.214,1,1
5,0,28,2,N,nb7,750,-1.667,-1.544,2,1
5,0,28,2,N,nb8,750,-1.692,-0.046,2,1
5,0,28,2,N,nb9,750,-1.699,1.847,3,1
5,0,28,2,N,nb10,750,1.867,-1.84,1,1
5,0,28,2,N,nb11,750,-1.333,0.036,3,0
5,0,28,2,N,nb12,750,1.698,-1.764,1,1
5,0,28,2,N,nb13,750,-1.533,0.012,3,0
5,0,28,2,N,nb14,750,-1.285,0.198,2,0
5,0,28,2,N,nb15,750,1.658,0.396,2,1
5,0,28,2,N,nb16,750,-1.327,-1.586,1,1
5,0,28,2,N,nb17,750,-0.481,-0.097,1,1
5,0,28,2,N,nb18,750,-1.866,1.865,2,1
5,0,28,2,N,nb19,750,1.572,0.617,2,1
5,0,28,2,N,nb20,750,-1.863,1.696,3,1
5,0,28,2,N,nb21,750,0.801,-0.777,1,1
5,0,28,2,N,nb22,750,-1.862,-0.048,1,1
5,0,28,2,N,nb23,750,1.686,0.818,1,1
5,0,28,2,N,nb24,750,-1.52,-1.628,2,1
5,0,28,2,N,nb25,750,1.395,-0.924,1,1
5,0,28,2,N,nb26,750,-0.185,0.183,1,1
5,0,28,2,N,nb27,750,1.866,-0.854,0,0
5,0,28,2,N,nb28,750,1.427,-0.696,1,1
5,0,28,2,N,nb29,750,-1.547,-1.338,1,1
5,0,28,2,A,aa0,750,-1.114,-0.209,0,0
5,0,28,2,A,aa1,750,0.341,0.013,1,0
5,0,28,2,N,nb0,755,0.652,0.979,0,0
5,0,28,2,N,nb1,755,-1.699,1.655,2,1
5,0,28,2,N,nb2,755,0.923,-0.993,1,1
5,0,28,2,N,nb3,755,-0.335,0.097,2,1
5,0,28,2,N,nb4,755,-1.454,0.169,3,1
5,0,28,2,N,nb5,755,0.928,0.235,0,0
5,0,28,2,N,nb6,755,1.494,0.214,1,1
5,0,28,2,N,nb7,755,-1.667,-1.544,2,1
5,0,28,2,N,nb8,755,-1.692,-0.046,2,1
5,0,28,2,N,nb9,755,-1.699,1.847,3,1
5,0,28,2,N,nb10,755,1.867,-1.84,1,1
5,0,28,2,N,nb11,755,-1.316,0.072,3,1
5,0,28,2,N,nb12,755,1.698,-1.764,1,1
5,0,28,2,N,nb13,755,-1.537,0.022,3,1
5,0,28,2,N,nb14,755,-1.301,0.24,2,1
5,0,28,2,N,nb15,755,1.658,0.396,2,1
5,0,28,2,N,nb16,755,-1.327,-1.586,1,0
5,0,28,2,N,nb17,755,-0.481,-0.097,1,1
5,0,28,2,N,nb18,755,-1.866,1.865,2,1
5,0,28,2,N,nb19,755,1.572,0.617,2,1
5,0,28,2,N,nb20,755,-1.863,1.696,3,1
5,0,28,2,N,nb21,755,0.801,-0.777,1,1
5,0,28,2,N,nb22,755,-1.862,-0.048,1,1
5,0,28,2,N,nb23,755,1.686,0.818,1,1
5,0,28,2,N,nb24,755,-1.52,-1.628,2,1
5,0,28,2,N,nb25,755,1.395,-0.924,1,1
5,0,28,2,N,nb26,755,-0.185,0.183,1,1
5,0,28,2,N,nb27,755,1.866,-0.771,0,0
5,0,28,2,N,nb28,755,1.427,-0.696,1,1
5,0,28,2,N,nb29,755,-1.547,-1.338,1,1
5,0,28,2,A,aa0,755,-1.019,-0.175,1,0
5,0,28,2,A,aa1,755,0.328,-0.049,1,0
5,0,28,2,N,nb0,760,0.639,1.079,0,0
5,0,28,2,N,nb1,760,-1.699,1.655,2,1
5,0,28,2,N,nb2,760,0.923,-0.993,1,1
5,0,28,2,N,nb3,760,-0.335,0.097,2,1
5,0,28,2,N,nb4,760,-1.455,0.172,3,1
5,0,28,2,N,nb5,760,1.012,0.181,0,0
5,0,28,2,N,nb6,760,1.494,0.214,1,1
5,0,28,2,N,nb7,760,-1.667,-1.544,2,1
5,0,28,2,N,nb8,760,-1.692,-0.046,2,1
5,0,28,2,N,nb9,760,-1.699,1.847,3,1
5,0,28,2,N,nb10,760,1.867,-1.84,1,1
5,0,28,2,N,nb11,760,-1.302,0.096,3,0
5,0,28,2,N,nb12,760,1.698,-1.764,1,1
5,0,28,2,N,nb13,760,-1.539,0.025,3,0
5,0,28,2,N,nb14,760,-1.313,0.265,2,0
5,0,28,2,N,nb15,760,1.658,0.396,2,1
5,0,28,2,N,nb16,760,-1.327,-1.586,1,1
5,0,28,2,N,nb17,760,-0.453,-0.082,1,0
5,0,28,2,N,nb18,760,-1.866,1.865,2,1
5,0,28,2,N,nb19,760,1.572,0.617,2,1
5,0,28,2,N,nb20,760,-1.863,1.696,3,1
5,0,28,2,N,nb21,760,0.801,-0.777,1,1
5,0,28,2,N,nb22,760,-1.862,-0.048,1,1
5,0,28,2,N,nb23,760,1.686,0.818,1,1
5,0,28,2,N,nb24,760,-1.52,-1.628,2,1
5,0,28,2,N,nb25,760,1.395,-0.924,1,1
5,0,28,2,N,nb26,760,-0.185,0.183,1,1
5,0,28,2,N,nb27,760,1.866,-0.684,0,0
5,0,28,2,N,nb28,760,1.427,-0.696,1,1
5,0,28,2,N,nb29,760,-1.547,-1.338,1,1
5,0,28,2,A,aa0,760,-0.925,-0.141,0,0
5,0,28,2,A,aa1,760,0.328,-0.049,1,0
5,0,28,2,N,nb0,765,0.627,1.178,0,0
5,0,28,2,N,nb1,765,-1.699,1.655,2,1
5,0,28,2,N,nb2,765,0.923,-0.993,1,1
5,0,28,2,N,nb3,765,-0.332,0.1,2,1
5,0,28,2,N,nb4,765,-1.467,0.186,3,1
5,0,28,2,N,nb5,765,1.096,0.126,0,0
5,0,28,2,N,nb6,765,1.494,0.214,1,1
5,0,28,2,N,nb7,765,-1.667,-1.544,2,1
5,0,28,2,N,nb8,765,-1.692,-0.046,2,1
5,0,28,2,N,nb9,765,-1.699,1.847,3,1
5,0,28,2,N,nb10,765,1.867,-1.84,1,1
5,0,28,2,N,nb11,765,-1.25,0.17,2,0
5,0,28,2,N,nb12,765,1.698,-1.764,1,1
5,0,28,2,N,nb13,765,-1.544,0.035,2,0
5,0,28,2,N,nb14,765,-1.356,0.314,2,0
5,0,28,2,N,nb15,765,1.658,0.396,2,1
5,0,28,2,N,nb16,765,-1.327,-1.586,1,1
5,0,28,2,N,nb17,765,-0.382,-0.062,1,0
5,0,28,2,N,nb18,765,-1.866,1.865,2,1
5,0,28,2,N,nb19,765,1.572,0.617,2,1
5,0,28,2,N,nb20,765,-1.863,1.696,3,1
5,0,28,2,N,nb21,765,0.801,-0.777,1,1
5,0,28,2,N,nb22,765,-1.862,-0.048,1,1
5,0,28,2,N,nb23,765,1.686,0.818,1,1
5,0,28,2,N,nb24,765,-1.52,-1.628,2,1
5,0,28,2,N,nb25,765,1.395,-0.924,1,1
5,0,28,2,N,nb26,765,-0.185,0.183,1,1
5,0,28,2,N,nb27,765,1.866,-0.593,0,0
5,0,28,2,N,nb28,765,1.427,-0.696,1,1
5,0,28,2,N,nb29,765,-1.547,-1.338,1,1
5,0,28,2,A,aa0,765,-0.831,-0.108,1,0
5,0,28,2,A,aa1,765,0.396,-0.117,0,0
5,0,28,2,N,nb0,770,0.615,1.277,0,0
5,0,28,2,N,nb1,770,-1.699,1.655,2,1
5,0,28,2,N,nb2,770,0.923,-0.993,1,1
5,0,28,2,N,nb3,770,-0.332,0.1,2,1
5,0,28,2,N,nb4,770,-1.475,0.194,2,1
5,0,28,2,N,nb5,770,1.18,0.072,0,0
5,0,28,2,N,nb6,770,1.494,0.214,1,1
5,0,28,2,N,nb7,770,-1.667,-1.544,2,1
5,0,28,2,N,nb8,770,-1.692,-0.046,2,1
5,0,28,2,N,nb9,770,-1.699,1.847,3,1
5,0,28,2,N,nb10,770,1.867,-1.84,1,1
5,0,28,2,N,nb11,770,-1.211,0.214,1,1
5,0,28,2,N,nb12,770,1.698,-1.764,1,1
5,0,28,2,N,nb13,770,-1.547,0.041,2,1
5,0,28,2,N,nb14,770,-1.392,0.342,2,1
5,0,28,2,N,nb15,770,1.658,0.396,2,1
5,0,28,2,N,nb16,770,-1.327,-1.586,1,1
5,0,28,2,N,nb17,770,-0.344,-0.069,1,1
5,0,28,2,N,nb18,770,-1.866,1.865,2,1
5,0,28,2,N,nb19,770,1.572,0.617,2,1
5,0,28,2,N,nb20,770,-1.863,1.696,3,1
5,0,28,2,N,nb21,770,0.801,-0.777,1,1
5,0,28,2,N,nb22,770,-1.862,-0.048,1,1
5,0,28,2,N,nb23,770,1.686,0.818,1,1
5,0,28,2,N,nb24,770,-1.52,-1.628,2,1
5,0,28,2,N,nb25,770,1.395,-0.924,1,1
5,0,28,2,N,nb26,770,-0.185,0.183,1,1
5,0,28,2,N,nb27,770,1.863,-0.501,0,0
5,0,28,2,N,nb28,770,1.427,-0.696,1,1
5,0,28,2,N,nb29,770,-1.547,-1.338,1,1
5,0,28,2,A,aa0,770,-0.809,-0.1,3,1
5,0,28,2,A,aa1,770,0.467,-0.188,0,0
5,0,28,2,N,nb0,775,0.603,1.376,0,0
5,0,28,2,N,nb1,775,-1.699,1.655,2,1
5,0,28,2,N,nb2,775,0.923,-0.993,1,1
5,0,28,2,N,nb3,775,-0.315,0.074,2,0
5,0,28,2,N,nb4,775,-1.475,0.194,2,1
5,0,28,2,N,nb5,775,1.263,0.017,0,0
5,0,28,2,N,nb6,775,1.494,0.214,1,1
5,0,28,2,N,nb7,775,-1.667,-1.544,2,1
5,0,28,2,N,nb8,775,-1.692,-0.046,2,1
5,0,28,2,N,nb9,775,-1.699,1.847,3,1
5,0,28,2,N,nb10,775,1.867,-1.84,1,1
5,0,28,2,N,nb11,775,-1.174,0.252,1,0
5,0,28,2,N,nb12,775,1.698,-1.764,1,1
5,0,28,2,N,nb13,775,-1.547,0.041,2,1
5,0,28,2,N,nb14,775,-1.392,0.342,2,1
5,0,28,2,N,nb15,775,1.658,0.396,2,1
5,0,28,2,N,nb16,775,-1.327,-1.586,1,1
5,0,28,2,N,nb17,775,-0.31,-0.095,1,0
5,0,28,2,N,nb18,775,-1.866,1.865,2,1
5,0,28,2,N,nb19,775,1.572,0.617,2,1
5,0,28,2,N,nb20,775,-1.863,1.696,3,1
5,0,28,2,N,nb21,775,0.801,-0.777,1,1
5,0,28,2,N,nb22,775,-1.862,-0.048,1,1
5,0,28,2,N,nb23,775,1.686,0.818,1,1
5,0,28,2,N,nb24,775,-1.52,-1.628,2,1
5,0,28,2,N,nb25,775,1.395,-0.924,1,1
5,0,28,2,N,nb26,775,-0.185,0.183,1,1
5,0,28,2,N,nb27,775,1.851,-0.409,0,0
5,0,28,2,N,nb28,775,1.427,-0.696,1,1
5,0,28,2,N,nb29,775,-1.547,-1.338,1,1
5,0,28,2,A,aa0,775,-0.8,-0.064,0,0
5,0,28,2,A,aa1,775,0.537,-0.258,1,0
5,0,28,2,N,nb0,780,0.59,1.475,0,0
5,0,28,2,N,nb1,780,-1.699,1.655,2,0
5,0,28,2,N,nb2,780,0.923,-0.993,1,1
5,0,28,2,N,nb3,780,-0.276,0.008,2,0
5,0,28,2,N,nb4,780,-1.475,0.194,2,1
5,0,28,2,N,nb5,780,1.347,-0.037,0,0
5,0,28,2,N,nb6,780,1.494,0.214,1,1
5,0,28,2,N,nb7,780,-1.667,-1.544,2,1
5,0,28,2,N,nb8,780,-1.692,-0.046,2,1
5,0,28,2,N,nb9,780,-1.699,1.847,3,0
5,0,28,2,N,nb10,780,1.867,-1.84,1,1
5,0,28,2,N,nb11,780,-1.102,0.315,0,0
5,0,28,2,N,nb12,780,1.698,-1.764,1,1
5,0,28,2,N,nb13,780,-1.547,0.041,2,1
5,0,28,2,N,nb14,780,-1.392,0.342,1,1
5,0,28,2,N,nb15,780,1.658,0.396,2,1
5,0,28,2,N,nb16,780,-1.327,-1.586,1,1
5,0,28,2,N,nb17,780,-0.245,-0.158,1,0
5,0,28,2,N,nb18,780,-1.866,1.865,2,1
5,0,28,2,N,nb19,780,1.572,0.617,2,1
5,0,28,2,N,nb20,780,-1.863,1.696,3,0
5,0,28,2,N,nb21,780,0.801,-0.777,1,1
5,0,28,2,N,nb22,780,-1.862,-0.048,1,1
5,0,28,2,N,nb23,780,1.686,0.818,1,1
5,0,28,2,N,nb24,780,-1.52,-1.628,2,1
5,0,28,2,N,nb25,780,1.395,-0.924,1,1
5,0,28,2,N,nb26,780,-0.185,0.183,1,1
5,0,28,2,N,nb27,780,1.83,-0.318,0,0
5,0,28,2,N,nb28,780,1.427,-0.696,1,0
5,0,28,2,N,nb29,780,-1.547,-1.338,1,1
5,0,28,2,A,aa0,780,-0.778,0.033,0,0
5,0,28,2,A,aa1,780,0.608,-0.329,1,0
5,0,28,2,N,nb0,785,0.578,1.575,0,0
5,0,28,2,N,nb1,785,-1.699,1.655,2,1
5,0,28,2,N,nb2,785,0.923,-0.993,1,1
5,0,28,2,N,nb3,785,-0.265,-0.023,2,1
5,0,28,2,N,nb4,785,-1.475,0.194,2,1
5,0,28,2,N,nb5,785,1.431,-0.091,0,0
5,0,28,2,N,nb6,785,1.494,0.214,1,1
5,0,28,2,N,nb7,785,-1.667,-1.544,2,1
5,0,28,2,N,nb8,785,-1.692,-0.046,2,1
5,0,28,2,N,nb9,785,-1.699,1.847,3,1
5,0,28,2,N,nb10,785,1.867,-1.84,1,1
5,0,28,2,N,nb11,785,-1.025,0.379,0,0
5,0,28,2,N,nb12,785,1.698,-1.764,1,1
5,0,28,2,N,nb13,785,-1.547,0.041,2,1
5,0,28,2,N,nb14,785,-1.392,0.342,1,1
5,0,28,2,N,nb15,785,1.658,0.396,2,1
5,0,28,2,N,nb16,785,-1.327,-1.586,1,1
5,0,28,2,N,nb17,785,-0.21,-0.183,1,1
5,0,28,2,N,nb18,785,-1.866,1.865,2,1
5,0,28,2,N,nb19,785,1.572,0.617,2,0
5,0,28,2,N,nb20,785,-1.863,1.696,3,1
5,0,28,2,N,nb21,785,0.801,-0.777,1,0
5,0,28,2,N,nb22,785,-1.862,-0.048,1,1
5,0,28,2,N,nb23,785,1.686,0.818,1,0
5,0,28,2,N,nb24,785,-1.52,-1.628,2,1
5,0,28,2,N,nb25,785,1.395,-0.924,1,1
5,0,28,2,N,nb26,785,-0.185,0.183,1,1
5,0,28,2,N,nb27,785,1.8,-0.229,0,0
5,0,28,2,N,nb28,785,1.427,-0.696,1,1
5,0,28,2,N,nb29,785,-1.547,-1.338,1,1
5,0,28,2,A,aa0,785,-0.755,0.13,2,0
5,0,28,2,A,aa1,785,0.679,-0.4,1,0
5,0,28,2,N,nb0,790,0.566,1.674,0,0
5,0,28,2,N,nb1,790,-1.699,1.655,2,1
5,0,28,2,N,nb2,790,0.923,-0.993,1,1
5,0,28,2,N,nb3,790,-0.265,-0.023,2,1
5,0,28,2,N,nb4,790,-1.475,0.194,2,1
5,0,28,2,N,nb5,790,1.515,-0.146,1,1
5,0,28,2,N,nb6,790,1.494,0.214,1,1
5,0,28,2,N,nb7,790,-1.667,-1.544,2,1
5,0,28,2,N,nb8,790,-1.692,-0.046,2,1
5,0,28,2,N,nb9,790,-1.699,1.847,3,1
5,0,28,2,N,nb10,790,1.867,-1.84,1,1
5,0,28,2,N,nb11,790,-0.948,0.442,0,0
5,0,28,2,N,nb12,790,1.698,-1.764,1,1
5,0,28,2,N,nb13,790,-1.547,0.041,2,1
5,0,28,2,N,nb14,790,-1.392,0.342,1,1
5,0,28,2,N,nb15,790,1.658,0.396,2,1
5,0,28,2,N,nb16,790,-1.327,-1.586,1,1
5,0,28,2,N,nb17,790,-0.21,-0.183,1,1
5,0,28,2,N,nb18,790,-1.866,1.865,2,1
5,0,28,2,N,nb19,790,1.572,0.617,2,1
5,0,28,2,N,nb20,790,-1.863,1.696,3,1
5,0,28,2,N,nb21,790,0.801,-0.777,1,1
5,0,28,2,N,nb22,790,-1.862,-0.048,1,1
5,0,28,2,N,nb23,790,1.686,0.818,1,1
5,0,28,2,N,nb24,790,-1.52,-1.628,2,1
5,0,28,2,N,nb25,790,1.395,-0.924,1,1
5,0,28,2,N,nb26,790,-0.185,0.183,1,1
5,0,28,2,N,nb27,790,1.763,-0.143,1,1
5,0,28,2,N,nb28,790,1.427,-0.696,1,1
5,0,28,2,N,nb29,790,-1.547,-1.338,1,1
5,0,28,2,A,aa0,790,-0.733,0.228,2,0
5,0,28,2,A,aa1,790,0.75,-0.47,1,0
5,0,28,2,N,nb0,795,0.554,1.773,0,0
5,0,28,2,N,nb1,795,-1.699,1.655,2,1
5,0,28,2,N,nb2,795,0.923,-0.993,1,1
5,0,28,2,N,nb3,795,-0.265,-0.023,2,1
5,0,28,2,N,nb4,795,-1.475,0.194,2,1
5,0,28,2,N,nb5,795,1.518,-0.148,1,1
5,0,28,2,N,nb6,795,1.494,0.214,1,1
5,0,28,2,N,nb7,795,-1.667,-1.544,2,1
5,0,28,2,N,nb8,795,-1.692,-0.046,2,1
5,0,28,2,N,nb9,795,-1.699,1.847,3,1
5,0,28,2,N,nb10,795,1.867,-1.84,1,1
5,0,28,2,N,nb11,795,-0.874,0.505,0,0
5,0,28,2,N,nb12,795,1.698,-1.764,1,1
5,0,28,2,N,nb13,795,-1.547,0.041,2,1
5,0,28,2,N,nb14,795,-1.392,0.342,1,1
5,0,28,2,N,nb15,795,1.658,0.396,2,0
5,0,28,2,N,nb16,795,-1.327,-1.586,1,1
5,0,28,2,N,nb17,795,-0.21,-0.183,1,1
5,0,28,2,N,nb18,795,-1.866,1.865,2,1
5,0,28,2,N,nb19,795,1.572,0.617,2,1
5,0,28,2,N,nb20,795,-1.863,1.696,3,1
5,0,28,2,N,nb21,795,0.801,-0.777,1,1
5,0,28,2,N,nb22,795,-1.862,-0.048,1,1
5,0,28,2,N,nb23,795,1.686,0.818,1,1
5,0,28,2,N,nb24,795,-1.52,-1.628,2,1
5,0,28,2,N,nb25,795,1.395,-0.924,1,1
5,0,28,2,N,nb26,795,-0.185,0.183,1,1
5,0,28,2,N,nb27,795,1.762,-0.14,1,1
5,0,28,2,N,nb28,795,1.427,-0.696,1,1
5,0,28,2,N,nb29,795,-1.547,-1.338,1,1
5,0,28,2,A,aa0,795,-0.711,0.321,2,0
5,0,28,2,A,aa1,795,0.817,-0.538,1,0
5,0,28,2,N,nb0,800,0.537,1.857,0,0
5,0,28,2,N,nb1,800,-1.699,1.655,2,1
5,0,28,2,N,nb2,800,0.923,-0.993,1,0
5,0,28,2,N,nb3,800,-0.265,-0.023,2,1
5,0,28,2,N,nb4,800,-1.475,0.194,2,1
5,0,28,2,N,nb5,800,1.518,-0.148,1,1
5,0,28,2,N,nb6,800,1.494,0.214,1,1
5,0,28,2,N,nb7,800,-1.667,-1.544,2,1
5,0,28,2,N,nb8,800,-1.692,-0.046,2,1
5,0,28,2,N,nb9,800,-1.699,1.847,3,1
5,0,28,2,N,nb10,800,1.867,-1.84,1,1
5,0,28,2,N,nb11,800,-0.808,0.569,0,0
5,0,28,2,N,nb12,800,1.698,-1.764,1,1
5,0,28,2,N,nb13,800,-1.547,0.041,2,1
5,0,28,2,N,nb14,800,-1.392,0.342,1,1
5,0,28,2,N,nb15,800,1.658,0.396,2,1
5,0,28,2,N,nb16,800,-1.327,-1.586,1,1
5,0,28,2,N,nb17,800,-0.21,-0.183,1,1
5,0,28,2,N,nb18,800,-1.866,1.865,2,1
5,0,28,2,N,nb19,800,1.572,0.617,2,1
5,0,28,2,N,nb20,800,-1.863,1.696,3,1
5,0,28,2,N,nb21,800,0.801,-0.777,1,0
5,0,28,2,N,nb22,800,-1.862,-0.048,1,1
5,0,28,2,N,nb23,800,1.686,0.818,1,1
5,0,28,2,N,nb24,800,-1.52,-1.628,2,1
5,0,28,2,N,nb25,800,1.395,-0.924,1,1
5,0,28,2,N,nb26,800,-0.185,0.183,1,1
5,0,28,2,N,nb27,800,1.762,-0.14,1,1
5,0,28,2,N,nb28,800,1.427,-0.696,1,0
5,0,28,2,N,nb29,800,-1.547,-1.338,1,1
5,0,28,2,A,aa0,800,-0.68,0.406,2,0
5,0,28,2,A,aa1,800,0.888,-0.593,3,1
5,0,28,2,N,nb0,805,0.508,1.865,0,0
5,0,28,2,N,nb1,805,-1.699,1.655,2,1
5,0,28,2,N,nb2,805,0.857,-0.942,1,0
5,0,28,2,N,nb3,805,-0.265,-0.023,2,1
5,0,28,2,N,nb4,805,-1.475,0.194,2,1
5,0,28,2,N,nb5,805,1.518,-0.148,1,1
5,0,28,2,N,nb6,805,1.494,0.214,1,1
5,0,28,2,N,nb7,805,-1.667,-1.544,2,1
5,0,28,2,N,nb8,805,-1.692,-0.046,2,1
5,0,28,2,N,nb9,805,-1.699,1.847,3,1
5,0,28,2,N,nb10,805,1.867,-1.84,1,1
5,0,28,2,N,nb11,805,-0.749,0.641,0,0
5,0,28,2,N,nb12,805,1.698,-1.764,1,1
5,0,28,2,N,nb13,805,-1.547,0.041,2,1
5,0,28,2,N,nb14,805,-1.392,0.342,1,1
5,0,28,2,N,nb15,805,1.658,0.396,2,1
5,0,28,2,N,nb16,805,-1.327,-1.586,1,1
5,0,28,2,N,nb17,805,-0.21,-0.183,1,1
5,0,28,2,N,nb18,805,-1.866,1.865,2,1
5,0,28,2,N,nb19,805,1.572,0.617,2,1
5,0,28,2,N,nb20,805,-1.863,1.696,3,1
5,0,28,2,N,nb21,805,0.727,-0.831,1,0
5,0,28,2,N,nb22,805,-1.862,-0.048,1,1
5,0,28,2,N,nb23,805,1.686,0.818,1,1
5,0,28,2,N,nb24,805,-1.52,-1.628,2,1
5,0,28,2,N,nb25,805,1.394,-0.898,1,0
5,0,28,2,N,nb26,805,-0.185,0.183,1,1
5,0,28,2,N,nb27,805,1.762,-0.14,1,1
5,0,28,2,N,nb28,805,1.469,-0.747,1,0
5,0,28,2,N,nb29,805,-1.547,-1.338,1,1
5,0,28,2,A,aa0,805,-0.638,0.485,1,0
5,0,28,2,A,aa1,805,0.969,-0.64,0,0
5,0,28,2,N,nb0,810,0.465,1.865,0,0
5,0,28,2,N,nb1,810,-1.699,1.655,2,1
5,0,28,2,N,nb2,810,0.792,-0.923,1,1
5,0,28,2,N,nb3,810,-0.265,-0.023,2,1
5,0,28,2,N,nb4,810,-1.475,0.194,2,1
5,0,28,2,N,nb5,810,1.518,-0.148,1,1
5,0,28,2,N,nb6,810,1.494,0.214,1,0
5,0,28,2,N,nb7,810,-1.667,-1.544,2,1
5,0,28,2,N,nb8,810,-1.692,-0.046,2,1
5,0,28,2,N,nb9,810,-1.699,1.847,3,1
5,0,28,2,N,nb10,810,1.867,-1.84,1,1
5,0,28,2,N,nb11,810,-0.696,0.719,0,0
5,0,28,2,N,nb12,810,1.698,-1.764,1,1
5,0,28,2,N,nb13,810,-1.547,0.041,2,1
5,0,28,2,N,nb14,810,-1.392,0.342,1,1
5,0,28,2,N,nb15,810,1.658,0.396,2,1
5,0,28,2,N,nb16,810,-1.327,-1.586,1,1
5,0,28,2,N,nb17,810,-0.21,-0.183,1,1
5,0,28,2,N,nb18,810,-1.866,1.865,2,1
5,0,28,2,N,nb19,810,1.572,0.617,2,1
5,0,28,2,N,nb20,810,-1.863,1.696,3,1
5,0,28,2,N,nb21,810,0.634,-0.861,1,1
5,0,28,2,N,nb22,810,-1.862,-0.048,1,1
5,0,28,2,N,nb23,810,1.686,0.818,1,1
5,0,28,2,N,nb24,810,-1.52,-1.628,2,1
5,0,28,2,N,nb25,810,1.371,-0.846,1,0
5,0,28,2,N,nb26,810,-0.185,0.183,1,1
5,0,28,2,N,nb27,810,1.762,-0.14,1,1
5,0,28,2,N,nb28,810,1.531,-0.786,1,1
5,0,28,2,N,nb29,810,-1.547,-1.338,1,1
5,0,28,2,A,aa0,810,-0.585,0.558,1,0
5,0,28,2,A,aa1,810,1.058,-0.687,0,0
5,0,28,2,N,nb0,815,0.409,1.865,0,0
5,0,28,2,N,nb1,815,-1.699,1.655,2,1
5,0,28,2,N,nb2,815,0.79,-0.923,1,0
5,0,28,2,N,nb3,815,-0.265,-0.023,2,1
5,0,28,2,N,nb4,815,-1.475,0.194,2,1
5,0,28,2,N,nb5,815,1.518,-0.148,1,1
5,0,28,2,N,nb6,815,1.494,0.214,1,1
5,0,28,2,N,nb7,815,-1.667,-1.544,2,1
5,0,28,2,N,nb8,815,-1.692,-0.046,2,1
5,0,28,2,N,nb9,815,-1.699,1.847,3,1
5,0,28,2,N,nb10,815,1.867,-1.84,1,1
5,0,28,2,N,nb11,815,-0.65,0.801,0,0
5,0,28,2,N,nb12,815,1.698,-1.764,1,1
5,0,28,2,N,nb13,815,-1.547,0.041,2,1
5,0,28,2,N,nb14,815,-1.392,0.342,1,1
5,0,28,2,N,nb15,815,1.658,0.396,2,1
5,0,28,2,N,nb16,815,-1.327,-1.586,1,1
5,0,28,2,N,nb17,815,-0.21,-0.183,1,1
5,0,28,2,N,nb18,815,-1.866,1.865,2,1
5,0,28,2,N,nb19,815,1.572,0.617,2,1
5,0,28,2,N,nb20,815,-1.863,1.696,3,1
5,0,28,2,N,nb21,815,0.631,-0.862,1,0
5,0,28,2,N,nb22,815,-1.862,-0.048,1,1
5,0,28,2,N,nb23,815,1.686,0.818,1,1
5,0,28,2,N,nb24,815,-1.52,-1.628,2,0
5,0,28,2,N,nb25,815,1.36,-0.808,1,0
5,0,28,2,N,nb26,815,-0.185,0.183,1,1
5,0,28,2,N,nb27,815,1.762,-0.14,1,1
5,0,28,2,N,nb28,815,1.533,-0.788,1,1
5,0,28,2,N,nb29,815,-1.547,-1.338,1,1
5,0,28,2,A,aa0,815,-0.522,0.624,1,0
5,0,28,2,A,aa1,815,1.141,-0.732,3,1
5,0,28,2,N,nb0,820,0.341,1.865,0,0
5,0,28,2,N,nb1,820,-1.699,1.655,2,1
5,0,28,2,N,nb2,820,0.735,-0.913,1,0
5,0,28,2,N,nb3,820,-0.265,-0.023,2,1
5,0,28,2,N,nb4,820,-1.475,0.194,2,1
5,0,28,2,N,nb5,820,1.518,-0.148,1,0
5,0,28,2,N,nb6,820,1.494,0.214,1,1
5,0,28,2,N,nb7,820,-1.667,-1.544,2,1
5,0,28,2,N,nb8,820,-1.692,-0.046,2,1
5,0,28,2,N,nb9,820,-1.699,1.847,3,1
5,0,28,2,N,nb10,820,1.867,-1.84,1,1
5,0,28,2,N,nb11,820,-0.61,0.887,0,0
5,0,28,2,N,nb12,820,1.698,-1.764,1,1
5,0,28,2,N,nb13,820,-1.547,0.041,2,1
5,0,28,2,N,nb14,820,-1.392,0.342,1,1
5,0,28,2,N,nb15,820,1.658,0.396,2,1
5,0,28,2,N,nb16,820,-1.327,-1.586,1,1
5,0,28,2,N,nb17,820,-0.21,-0.183,1,1
5,0,28,2,N,nb18,820,-1.866,1.865,2,1
5,0,28,2,N,nb19,820,1.572,0.617,2,1
5,0,28,2,N,nb20,820,-1.863,1.696,3,1
5,0,28,2,N,nb21,820,0.566,-0.896,1,0
5,0,28,2,N,nb22,820,-1.862,-0.048,1,1
5,0,28,2,N,nb23,820,1.686,0.818,1,1
5,0,28,2,N,nb24,820,-1.52,-1.628,2,1
5,0,28,2,N,nb25,820,1.356,-0.754,1,0
5,0,28,2,N,nb26,820,-0.185,0.183,1,1
5,0,28,2,N,nb27,820,1.762,-0.14,1,0
5,0,28,2,N,nb28,820,1.533,-0.788,1,1
5,0,28,2,N,nb29,820,-1.547,-1.338,1,1
5,0,28,2,A,aa0,820,-0.451,0.682,1,0
5,0,28,2,A,aa1,820,1.188,-0.772,0,0
5,0,28,2,N,nb0,825,0.265,1.865,0,0
5,0,28,2,N,nb1,825,-1.699,1.655,2,1
5,0,28,2,N,nb2,825,0.653,-0.887,1,0
5,0,28,2,N,nb3,825,-0.265,-0.023,2,1
5,0,28,2,N,nb4,825,-1.475,0.194,2,1
5,0,28,2,N,nb5,825,1.518,-0.148,1,1
5,0,28,2,N,nb6,825,1.494,0.214,1,1
5,0,28,2,N,nb7,825,-1.667,-1.544,2,1
5,0,28,2,N,nb8,825,-1.692,-0.046,2,1
5,0,28,2,N,nb9,825,-1.699,1.847,3,1
5,0,28,2,N,nb10,825,1.867,-1.84,1,1
5,0,28,2,N,nb11,825,-0.574,0.979,0,0
5,0,28,2,N,nb12,825,1.698,-1.764,1,1
5,0,28,2,N,nb13,825,-1.547,0.041,2,1
5,0,28,2,N,nb14,825,-1.392,0.342,1,1
5,0,28,2,N,nb15,825,1.658,0.396,2,1
5,0,28,2,N,nb16,825,-1.327,-1.586,1,1
5,0,28,2,N,nb17,825,-0.21,-0.183,1,1
5,0,28,2,N,nb18,825,-1.866,1.865,2,1
5,0,28,2,N,nb19,825,1.572,0.617,2,1
5,0,28,2,N,nb20,825,-1.863,1.696,3,1
5,0,28,2,N,nb21,825,0.477,-0.938,1,0
5,0,28,2,N,nb22,825,-1.862,-0.048,1,1
5,0,28,2,N,nb23,825,1.686,0.818,1,1
5,0,28,2,N,nb24,825,-1.52,-1.628,2,1
5,0,28,2,N,nb25,825,1.338,-0.665,1,0
5,0,28,2,N,nb26,825,-0.185,0.183,1,1
5,0,28,2,N,nb27,825,1.762,-0.14,1,1
5,0,28,2,N,nb28,825,1.533,-0.788,1,1
5,0,28,2,N,nb29,825,-1.547,-1.338,1,1
5,0,28,2,A,aa0,825,-0.37,0.738,1,0
5,0,28,2,A,aa1,825,1.239,-0.835,1,0
5,0,28,2,N,nb0,830,0.182,1.865,0,0
5,0,28,2,N,nb1,830,-1.699,1.655,2,1
5,0,28,2,N,nb2,830,0.635,-0.879,1,1
5,0,28,2,N,nb3,830,-0.265,-0.023,2,1
5,0,28,2,N,nb4,830,-1.475,0.194,2,1
5,0,28,2,N,nb5,830,1.518,-0.148,1,1
5,0,28,2,N,nb6,830,1.494,0.214,1,1
5,0,28,2,N,nb7,830,-1.667,-1.544,2,1
5,0,28,2,N,nb8,830,-1.692,-0.046,2,1
5,0,28,2,N,nb9,830,-1.699,1.847,3,1
5,0,28,2,N,nb10,830,1.867,-1.84,1,1
5,0,28,2,N,nb11,830,-0.538,1.072,0,0
5,0,28,2,N,nb12,830,1.698,-1.764,1,1
5,0,28,2,N,nb13,830,-1.547,0.041,2,1
5,0,28,2,N,nb14,830,-1.392,0.342,1,1
5,0,28,2,N,nb15,830,1.658,0.396,2,1
5,0,28,2,N,nb16,830,-1.327,-1.586,1,1
5,0,28,2,N,nb17,830,-0.21,-0.183,1,1
5,0,28,2,N,nb18,830,-1.866,1.865,2,1
5,0,28,2,N,nb19,830,1.572,0.617,2,1
5,0,28,2,N,nb20,830,-1.863,1.696,3,1
5,0,28,2,N,nb21,830,0.456,-0.948,1,1
5,0,28,2,N,nb22,830,-1.862,-0.048,1,1
5,0,28,2,N,nb23,830,1.686,0.818,1,1
5,0,28,2,N,nb24,830,-1.52,-1.628,2,1
5,0,28,2,N,nb25,830,1.332,-0.643,1,1
5,0,28,2,N,nb26,830,-0.185,0.183,1,1
5,0,28,2,N,nb27,830,1.762,-0.14,1,1
5,0,28,2,N,nb28,830,1.533,-0.788,1,1
5,0,28,2,N,nb29,830,-1.547,-1.338,1,1
5,0,28,2,A,aa0,830,-0.287,0.794,0,0
5,0,28,2,A,aa1,830,1.297,-0.911,2,0
5,0,28,2,N,nb0,835,0.094,1.865,0,0
5,0,28,2,N,nb1,835,-1.699,1.655,2,1
5,0,28,2,N,nb2,835,0.635,-0.879,1,1
5,0,28,2,N,nb3,835,-0.265,-0.023,2,1
5,0,28,2,N,nb4,835,-1.475,0.194,2,1
5,0,28,2,N,nb5,835,1.518,-0.148,1,1
5,0,28,2,N,nb6,835,1.494,0.214,1,1
5,0,28,2,N,nb7,835,-1.667,-1.544,2,1
5,0,28,2,N,nb8,835,-1.692,-0.046,2,1
5,0,28,2,N,nb9,835,-1.699,1.847,3,1
5,0,28,2,N,nb10,835,1.867,-1.84,1,1
5,0,28,2,N,nb11,835,-0.502,1.166,0,0
5,0,28,2,N,nb12,835,1.698,-1.764,1,1
5,0,28,2,N,nb13,835,-1.547,0.041,2,1
5,0,28,2,N,nb14,835,-1.392,0.342,1,1
5,0,28,2,N,nb15,835,1.658,0.396,2,1
5,0,28,2,N,nb16,835,-1.327,-1.586,1,1
5,0,28,2,N,nb17,835,-0.21,-0.183,1,1
5,0,28,2,N,nb18,835,-1.866,1.865,2,1
5,0,28,2,N,nb19,835,1.572,0.617,2,1
5,0,28,2,N,nb20,835,-1.863,1.696,3,1
5,0,28,2,N,nb21,835,0.456,-0.948,1,1
5,0,28,2,N,nb22,835,-1.862,-0.048,1,1
5,0,28,2,N,nb23,835,1.686,0.818,1,1
5,0,28,2,N,nb24,835,-1.52,-1.628,2,1
5,0,28,2,N,nb25,835,1.332,-0.643,1,1
5,0,28,2,N,nb26,835,-0.185,0.183,1,1
5,0,28,2,N,nb27,835,1.762,-0.14,1,1
5,0,28,2,N,nb28,835,1.533,-0.788,1,1
5,0,28,2,N,nb29,835,-1.547,-1.338,1,1
5,0,28,2,A,aa0,835,-0.204,0.849,0,0
5,0,28,2,A,aa1,835,1.347,-0.99,2,0
5,0,28,2,N,nb0,840,0.003,1.865,0,0
5,0,28,2,N,nb1,840,-1.699,1.655,2,1
5,0,28,2,N,nb2,840,0.635,-0.879,1,1
5,0,28,2,N,nb3,840,-0.265,-0.023,2,1
5,0,28,2,N,nb4,840,-1.475,0.194,2,1
5,0,28,2,N,nb5,840,1.518,-0.148,1,1
5,0,28,2,N,nb6,840,1.494,0.214,1,1
5,0,28,2,N,nb7,840,-1.667,-1.544,2,1
5,0,28,2,N,nb8,840,-1.692,-0.046,2,1
5,0,28,2,N,nb9,840,-1.699,1.847,3,1
5,0,28,2,N,nb10,840,1.867,-1.84,1,1
5,0,28,2,N,nb11,840,-0.467,1.259,0,0
5,0,28,2,N,nb12,840,1.698,-1.764,1,1
5,0,28,2,N,nb13,840,-1.547,0.041,2,1
5,0,28,2,N,nb14,840,-1.392,0.342,1,1
5,0,28,2,N,nb15,840,1.658,0.396,2,1
5,0,28,2,N,nb16,840,-1.327,-1.586,1,1
5,0,28,2,N,nb17,840,-0.21,-0.183,1,1
5,0,28,2,N,nb18,840,-1.866,1.865,2,1
5,0,28,2,N,nb19,840,1.572,0.617,2,1
5,0,28,2,N,nb20,840,-1.863,1.696,3,1
5,0,28,2,N,nb21,840,0.456,-0.948,1,1
5,0,28,2,N,nb22,840,-1.862,-0.048,1,1
5,0,28,2,N,nb23,840,1.686,0.818,1,1
5,0,28,2,N,nb24,840,-1.52,-1.628,2,1
5,0,28,2,N,nb25,840,1.332,-0.643,1,1
5,0,28,2,N,nb26,840,-0.185,0.183,1,0
5,0,28,2,N,nb27,840,1.762,-0.14,1,1
5,0,28,2,N,nb28,840,1.533,-0.788,1,0
5,0,28,2,N,nb29,840,-1.547,-1.338,1,1
5,0,28,2,A,aa0,840,-0.185,0.863,0,0
5,0,28,2,A,aa1,840,1.396,-1.076,2,0
5,0,28,2,N,nb0,845,-0.089,1.862,0,0
5,0,28,2,N,nb1,845,-1.699,1.655,2,1
5,0,28,2,N,nb2,845,0.635,-0.879,1,1
5,0,28,2,N,nb3,845,-0.265,-0.023,2,1
5,0,28,2,N,nb4,845,-1.475,0.194,2,1
5,0,28,2,N,nb5,845,1.518,-0.148,1,1
5,0,28,2,N,nb6,845,1.494,0.214,1,1
5,0,28,2,N,nb7,845,-1.667,-1.544,2,1
5,0,28,2,N,nb8,845,-1.692,-0.046,2,1
5,0,28,2,N,nb9,845,-1.699,1.847,3,1
5,0,28,2,N,nb10,845,1.867,-1.84,1,1
5,0,28,2,N,nb11,845,-0.431,1.352,0,0
5,0,28,2,N,nb12,845,1.698,-1.764,1,1
5,0,28,2,N,nb13,845,-1.547,0.041,2,1
5,0,28,2,N,nb14,845,-1.392,0.342,1,1
5,0,28,2,N,nb15,845,1.658,0.396,2,1
5,0,28,2,N,nb16,845,-1.327,-1.586,1,1
5,0,28,2,N,nb17,845,-0.21,-0.183,1,1
5,0,28,2,N,nb18,845,-1.866,1.865,2,1
5,0,28,2,N,nb19,845,1.572,0.617,2,1
5,0,28,2,N,nb20,845,-1.863,1.696,3,1
5,0,28,2,N,nb21,845,0.456,-0.948,1,1
5,0,28,2,N,nb22,845,-1.862,-0.048,1,1
5,0,28,2,N,nb23,845,1.686,0.818,1,1
5,0,28,2,N,nb24,845,-1.52,-1.628,2,1
5,0,28,2,N,nb25,845,1.332,-0.643,1,1
5,0,28,2,N,nb26,845,-0.185,0.183,1,1
5,0,28,2,N,nb27,845,1.762,-0.14,1,1
5,0,28,2,N,nb28,845,1.533,-0.788,1,1
5,0,28,2,N,nb29,845,-1.547,-1.338,1,1
5,0,28,2,A,aa0,845,-0.178,0.919,0,0
5,0,28,2,A,aa1,845,1.446,-1.163,2,0
5,0,28,2,N,nb0,850,-0.181,1.849,0,0
5,0,28,2,N,nb1,850,-1.699,1.655,2,1
5,0,28,2,N,nb2,850,0.635,-0.879,1,1
5,0,28,2,N,nb3,850,-0.265,-0.023,2,1
5,0,28,2,N,nb4,850,-1.475,0.194,2,1
5,0,28,2,N,nb5,850,1.518,-0.148,1,1
5,0,28,2,N,nb6,850,1.494,0.214,1,1
5,0,28,2,N,nb7,850,-1.667,-1.544,2,1
5,0,28,2,N,nb8,850,-1.692,-0.046,2,1
5,0,28,2,N,nb9,850,-1.699,1.847,3,1
5,0,28,2,N,nb10,850,1.867,-1.84,1,0
5,0,28,2,N,nb11,850,-0.395,1.446,0,0
5,0,28,2,N,nb12,850,1.698,-1.764,1,0
5,0,28,2,N,nb13,850,-1.547,0.041,2,1
5,0,28,2,N,nb14,850,-1.392,0.342,1,1
5,0,28,2,N,nb15,850,1.658,0.396,2,1
5,0,28,2,N,nb16,850,-1.327,-1.586,1,1
5,0,28,2,N,nb17,850,-0.21,-0.183,1,1
5,0,28,2,N,nb18,850,-1.866,1.865,2,1
5,0,28,2,N,nb19,850,1.572,0.617,2,1
5,0,28,2,N,nb20,850,-1.863,1.696,3,1
5,0,28,2,N,nb21,850,0.456,-0.948,1,1
5,0,28,2,N,nb22,850,-1.862,-0.048,1,1
5,0,28,2,N,nb23,850,1.686,0.818,1,1
5,0,28,2,N,nb24,850,-1.52,-1.628,2,1
5,0,28,2,N,nb25,850,1.332,-0.643,1,1
5,0,28,2,N,nb26,850,-0.185,0.183,1,1
5,0,28,2,N,nb27,850,1.762,-0.14,1,1
5,0,28,2,N,nb28,850,1.533,-0.788,1,0
5,0,28,2,N,nb29,850,-1.547,-1.338,1,1
5,0,28,2,A,aa0,850,-0.166,1.018,0,0
5,0,28,2,A,aa1,850,1.496,-1.25,2,0
5,0,28,2,N,nb0,855,-0.272,1.827,0,0
5,0,28,2,N,nb1,855,-1.699,1.655,2,1
5,0,28,2,N,nb2,855,0.635,-0.879,1,1
5,0,28,2,N,nb3,855,-0.265,-0.023,2,1
5,0,28,2,N,nb4,855,-1.475,0.194,2,1
5,0,28,2,N,nb5,855,1.518,-0.148,1,1
5,0,28,2,N,nb6,855,1.494,0.214,1,1
5,0,28,2,N,nb7,855,-1.667,-1.544,2,1
5,0,28,2,N,nb8,855,-1.692,-0.046,2,1
5,0,28,2,N,nb9,855,-1.699,1.847,3,1
5,0,28,2,N,nb10,855,1.867,-1.84,1,1
5,0,28,2,N,nb11,855,-0.359,1.539,0,0
5,0,28,2,N,nb12,855,1.619,-1.81,1,0
5,0,28,2,N,nb13,855,-1.547,0.041,2,1
5,0,28,2,N,nb14,855,-1.392,0.342,1,1
5,0,28,2,N,nb15,855,1.658,0.396,2,1
5,0,28,2,N,nb16,855,-1.327,-1.586,1,1
5,0,28,2,N,nb17,855,-0.21,-0.183,1,1
5,0,28,2,N,nb18,855,-1.866,1.865,2,0
5,0,28,2,N,nb19,855,1.572,0.617,2,1
5,0,28,2,N,nb20,855,-1.863,1.696,3,1
5,0,28,2,N,nb21,855,0.456,-0.948,1,1
5,0,28,2,N,nb22,855,-1.862,-0.048,1,1
5,0,28,2,N,nb23,855,1.686,0.818,1,1
5,0,28,2,N,nb24,855,-1.52,-1.628,2,1
5,0,28,2,N,nb25,855,1.332,-0.643,0,1
5,0,28,2,N,nb26,855,-0.185,0.183,1,1
5,0,28,2,N,nb27,855,1.762,-0.14,1,1
5,0,28,2,N,nb28,855,1.6,-0.858,0,0
5,0,28,2,N,nb29,855,-1.547,-1.338,1,1
5,0,28,2,A,aa0,855,-0.153,1.117,0,0
5,0,28,2,A,aa1,855,1.545,-1.337,1,0
5,0,28,2,N,nb0,860,-0.31,1.815,1,1
5,0,28,2,N,nb1,860,-1.699,1.655,2,1
5,0,28,2,N,nb2,860,0.635,-0.879,1,1
5,0,28,2,N,nb3,860,-0.265,-0.023,2,1
5,0,28,2,N,nb4,860,-1.475,0.194,2,1
5,0,28,2,N,nb5,860,1.518,-0.148,1,1
5,0,28,2,N,nb6,860,1.494,0.214,1,1
5,0,28,2,N,nb7,860,-1.667,-1.544,2,1
5,0,28,2,N,nb8,860,-1.692,-0.046,2,1
5,0,28,2,N,nb9,860,-1.699,1.847,3,1
5,0,28,2,N,nb10,860,1.867,-1.84,0,1
5,0,28,2,N,nb11,860,-0.343,1.58,1,1
5,0,28,2,N,nb12,860,1.537,-1.847,0,0
5,0,28,2,N,nb13,860,-1.547,0.041,2,0
5,0,28,2,N,nb14,860,-1.392,0.342,1,0
5,0,28,2,N,nb15,860,1.658,0.396,2,1
5,0,28,2,N,nb16,860,-1.327,-1.586,1,1
5,0,28,2,N,nb17,860,-0.21,-0.183,1,1
5,0,28,2,N,nb18,860,-1.866,1.865,2,1
5,0,28,2,N,nb19,860,1.572,0.617,2,1
5,0,28,2,N,nb20,860,-1.863,1.696,3,1
5,0,28,2,N,nb21,860,0.456,-0.948,1,1
5,0,28,2,N,nb22,860,-1.862,-0.048,1,1
5,0,28,2,N,nb23,860,1.686,0.818,1,1
5,0,28,2,N,nb24,860,-1.52,-1.628,2,1
5,0,28,2,N,nb25,860,1.317,-0.589,0,0
5,0,28,2,N,nb26,860,-0.185,0.183,1,1
5,0,28,2,N,nb27,860,1.762,-0.14,1,1
5,0,28,2,N,nb28,860,1.669,-0.93,0,0
5,0,28,2,N,nb29,860,-1.547,-1.338,1,1
5,0,28,2,A,aa0,860,-0.143,1.2,1,0
5,0,28,2,A,aa1,860,1.595,-1.424,1,0
5,0,28,2,N,nb0,865,-0.31,1.815,1,1
5,0,28,2,N,nb1,865,-1.699,1.655,2,1
5,0,28,2,N,nb2,865,0.635,-0.879,1,1
5,0,28,2,N,nb3,865,-0.265,-0.023,2,1
5,0,28,2,N,nb4,865,-1.475,0.194,2,1
5,0,28,2,N,nb5,865,1.518,-0.148,1,1
5,0,28,2,N,nb6,865,1.494,0.214,1,1
5,0,28,2,N,nb7,865,-1.667,-1.544,2,0
5,0,28,2,N,nb8,865,-1.692,-0.046,2,1
5,0,28,2,N,nb9,865,-1.699,1.847,3,1
5,0,28,2,N,nb10,865,1.867,-1.84,0,1
5,0,28,2,N,nb11,865,-0.343,1.58,1,1
5,0,28,2,N,nb12,865,1.45,-1.865,0,0
5,0,28,2,N,nb13,865,-1.547,0.041,2,1
5,0,28,2,N,nb14,865,-1.392,0.342,1,1
5,0,28,2,N,nb15,865,1.658,0.396,2,1
5,0,28,2,N,nb16,865,-1.327,-1.586,1,1
5,0,28,2,N,nb17,865,-0.21,-0.183,1,1
5,0,28,2,N,nb18,865,-1.866,1.865,2,1
5,0,28,2,N,nb19,865,1.572,0.617,2,1
5,0,28,2,N,nb20,865,-1.863,1.696,3,1
5,0,28,2,N,nb21,865,0.456,-0.948,1,1
5,0,28,2,N,nb22,865,-1.862,-0.048,1,1
5,0,28,2,N,nb23,865,1.686,0.818,1,1
5,0,28,2,N,nb24,865,-1.52,-1.628,2,1
5,0,28,2,N,nb25,865,1.29,-0.492,0,0
5,0,28,2,N,nb26,865,-0.185,0.183,1,1
5,0,28,2,N,nb27,865,1.762,-0.14,1,1
5,0,28,2,N,nb28,865,1.738,-1.002,0,0
5,0,28,2,N,nb29,865,-1.547,-1.338,1,0
5,0,28,2,A,aa0,865,-0.143,1.2,1,0
5,0,28,2,A,aa1,865,1.645,-1.51,1,0
5,0,28,2,N,nb0,870,-0.31,1.815,1,1
5,0,28,2,N,nb1,870,-1.699,1.655,2,1
5,0,28,2,N,nb2,870,0.635,-0.879,1,1
5,0,28,2,N,nb3,870,-0.265,-0.023,2,1
5,0,28,2,N,nb4,870,-1.475,0.194,2,1
5,0,28,2,N,nb5,870,1.518,-0.148,1,1
5,0,28,2,N,nb6,870,1.494,0.214,1,1
5,0,28,2,N,nb7,870,-1.667,-1.544,2,1
5,0,28,2,N,nb8,870,-1.692,-0.046,2,1
5,0,28,2,N,nb9,870,-1.699,1.847,3,1
5,0,28,2,N,nb10,870,1.867,-1.84,0,1
5,0,28,2,N,nb11,870,-0.343,1.58,1,1
5,0,28,2,N,nb12,870,1.361,-1.865,0,0
5,0,28,2,N,nb13,870,-1.547,0.041,2,1
5,0,28,2,N,nb14,870,-1.392,0.342,1,1
5,0,28,2,N,nb15,870,1.658,0.396,2,1
5,0,28,2,N,nb16,870,-1.327,-1.586,1,1
5,0,28,2,N,nb17,870,-0.21,-0.183,1,1
5,0,28,2,N,nb18,870,-1.866,1.865,2,1
5,0,28,2,N,nb19,870,1.572,0.617,2,1
5,0,28,2,N,nb20,870,-1.863,1.696,3,1
5,0,28,2,N,nb21,870,0.456,-0.948,1,1
5,0,28,2,N,nb22,870,-1.862,-0.048,1,1
5,0,28,2,N,nb23,870,1.686,0.818,1,1
5,0,28,2,N,nb24,870,-1.52,-1.628,2,1
5,0,28,2,N,nb25,870,1.264,-0.396,0,0
5,0,28,2,N,nb26,870,-0.185,0.183,1,1
5,0,28,2,N,nb27,870,1.762,-0.14,1,1
5,0,28,2,N,nb28,870,1.804,-1.072,0,0
5,0,28,2,N,nb29,870,-1.547,-1.338,1,1
5,0,28,2,A,aa0,870,-0.208,1.272,1,0
5,0,28,2,A,aa1,870,1.694,-1.597,1,0
5,0,28,2,N,nb0,875,-0.31,1.815,1,1
5,0,28,2,N,nb1,875,-1.699,1.655,2,1
5,0,28,2,N,nb2,875,0.635,-0.879,1,1
5,0,28,2,N,nb3,875,-0.265,-0.023,2,1
5,0,28,2,N,nb4,875,-1.475,0.194,2,1
5,0,28,2,N,nb5,875,1.518,-0.148,1,1
5,0,28,2,N,nb6,875,1.494,0.214,1,1
5,0,28,2,N,nb7,875,-1.667,-1.544,2,1
5,0,28,2,N,nb8,875,-1.692,-0.046,2,1
5,0,28,2,N,nb9,875,-1.699,1.847,3,1
5,0,28,2,N,nb10,875,1.867,-1.84,0,1
5,0,28,2,N,nb11,875,-0.343,1.58,1,1
5,0,28,2,N,nb12,875,1.269,-1.865,0,0
5,0,28,2,N,nb13,875,-1.547,0.041,2,1
5,0,28,2,N,nb14,875,-1.392,0.342,1,1
5,0,28,2,N,nb15,875,1.658,0.396,2,1
5,0,28,2,N,nb16,875,-1.327,-1.586,1,1
5,0,28,2,N,nb17,875,-0.21,-0.183,1,1
5,0,28,2,N,nb18,875,-1.866,1.865,2,1
5,0,28,2,N,nb19,875,1.572,0.617,2,1
5,0,28,2,N,nb20,875,-1.863,1.696,3,1
5,0,28,2,N,nb21,875,0.456,-0.948,1,1
5,0,28,2,N,nb22,875,-1.862,-0.048,1,1
5,0,28,2,N,nb23,875,1.686,0.818,1,1
5,0,28,2,N,nb24,875,-1.52,-1.628,2,1
5,0,28,2,N,nb25,875,1.237,-0.3,0,0
5,0,28,2,N,nb26,875,-0.185,0.183,1,1
5,0,28,2,N,nb27,875,1.762,-0.14,1,1
5,0,28,2,N,nb28,875,1.857,-1.143,0,0
5,0,28,2,N,nb29,875,-1.547,-1.338,1,1
5,0,28,2,A,aa0,875,-0.274,1.344,1,0
5,0,28,2,A,aa1,875,1.716,-1.635,1,0
5,0,28,2,N,nb0,880,-0.31,1.815,1,1
5,0,28,2,N,nb1,880,-1.699,1.655,2,1
5,0,28,2,N,nb2,880,0.635,-0.879,1,1
5,0,28,2,N,nb3,880,-0.265,-0.023,2,1
5,0,28,2,N,nb4,880,-1.475,0.194,2,0
5,0,28,2,N,nb5,880,1.518,-0.148,1,1
5,0,28,2,N,nb6,880,1.494,0.214,1,1
5,0,28,2,N,nb7,880,-1.667,-1.544,2,1
5,0,28,2,N,nb8,880,-1.692,-0.046,2,0
5,0,28,2,N,nb9,880,-1.699,1.847,3,1
5,0,28,2,N,nb10,880,1.867,-1.84,0,1
5,0,28,2,N,nb11,880,-0.343,1.58,1,1
5,0,28,2,N,nb12,880,1.177,-1.858,0,0
5,0,28,2,N,nb13,880,-1.547,0.041,2,1
5,0,28,2,N,nb14,880,-1.392,0.342,1,1
5,0,28,2,N,nb15,880,1.658,0.396,2,1
5,0,28,2,N,nb16,880,-1.327,-1.586,1,1
5,0,28,2,N,nb17,880,-0.21,-0.183,1,1
5,0,28,2,N,nb18,880,-1.866,1.865,2,1
5,0,28,2,N,nb19,880,1.572,0.617,2,1
5,0,28,2,N,nb20,880,-1.863,1.696,3,1
5,0,28,2,N,nb21,880,0.456,-0.948,1,1
5,0,28,2,N,nb22,880,-1.862,-0.048,1,0
5,0,28,2,N,nb23,880,1.686,0.818,1,1
5,0,28,2,N,nb24,880,-1.52,-1.628,2,1
5,0,28,2,N,nb25,880,1.21,-0.203,0,0
5,0,28,2,N,nb26,880,-0.185,0.183,1,1
5,0,28,2,N,nb27,880,1.762,-0.14,1,1
5,0,28,2,N,nb28,880,1.865,-1.22,0,0
5,0,28,2,N,nb29,880,-1.547,-1.338,1,1
5,0,28,2,A,aa0,880,-0.339,1.402,1,0
5,0,28,2,A,aa1,880,1.777,-1.663,1,0
5,0,28,2,N,nb0,885,-0.31,1.815,1,1
5,0,28,2,N,nb1,885,-1.699,1.655,2,1
5,0,28,2,N,nb2,885,0.635,-0.879,1,1
5,0,28,2,N,nb3,885,-0.265,-0.023,2,1
5,0,28,2,N,nb4,885,-1.475,0.194,2,1
5,0,28,2,N,nb5,885,1.518,-0.148,1,1
5,0,28,2,N,nb6,885,1.494,0.214,1,1
5,0,28,2,N,nb7,885,-1.667,-1.544,2,1
5,0,28,2,N,nb8,885,-1.692,-0.046,2,1
5,0,28,2,N,nb9,885,-1.699,1.847,3,1
5,0,28,2,N,nb10,885,1.867,-1.852,0,0
5,0,28,2,N,nb11,885,-0.348,1.595,1,1
5,0,28,2,N,nb12,885,1.086,-1.841,0,0
5,0,28,2,N,nb13,885,-1.547,0.041,2,1
5,0,28,2,N,nb14,885,-1.392,0.342,1,1
5,0,28,2,N,nb15,885,1.658,0.396,2,1
5,0,28,2,N,nb16,885,-1.327,-1.586,1,1
5,0,28,2,N,nb17,885,-0.21,-0.183,1,1
5,0,28,2,N,nb18,885,-1.866,1.865,2,1
5,0,28,2,N,nb19,885,1.572,0.617,2,1
5,0,28,2,N,nb20,885,-1.863,1.696,3,1
5,0,28,2,N,nb21,885,0.456,-0.948,1,1
5,0,28,2,N,nb22,885,-1.862,-0.048,1,1
5,0,28,2,N,nb23,885,1.686,0.818,1,1
5,0,28,2,N,nb24,885,-1.52,-1.628,2,1
5,0,28,2,N,nb25,885,1.184,-0.107,0,0
5,0,28,2,N,nb26,885,-0.185,0.183,1,1
5,0,28,2,N,nb27,885,1.762,-0.14,1,1
5,0,28,2,N,nb28,885,1.865,-1.302,0,0
5,0,28,2,N,nb29,885,-1.547,-1.338,1,1
5,0,28,2,A,aa0,885,-0.41,1.437,1,0
5,0,28,2,A,aa1,885,1.858,-1.683,0,0
5,0,28,2,N,nb0,890,-0.31,1.815,1,1
5,0,28,2,N,nb1,890,-1.699,1.655,2,1
5,0,28,2,N,nb2,890,0.635,-0.879,1,1
5,0,28,2,N,nb3,890,-0.265,-0.023,2,1
5,0,28,2,N,nb4,890,-1.475,0.194,2,1
5,0,28,2,N,nb5,890,1.518,-0.148,1,1
5,0,28,2,N,nb6,890,1.494,0.214,1,1
5,0,28,2,N,nb7,890,-1.667,-1.544,2,1
5,0,28,2,N,nb8,890,-1.692,-0.046,2,1
5,0,28,2,N,nb9,890,-1.699,1.847,3,1
5,0,28,2,N,nb10,890,1.867,-1.845,0,0
5,0,28,2,N,nb11,890,-0.348,1.596,1,1
5,0,28,2,N,nb12,890,0.996,-1.816,0,0
5,0,28,2,N,nb13,890,-1.547,0.041,2,1
5,0,28,2,N,nb14,890,-1.392,0.342,1,1
5,0,28,2,N,nb15,890,1.658,0.396,2,1
5,0,28,2,N,nb16,890,-1.327,-1.586,1,1
5,0,28,2,N,nb17,890,-0.21,-0.183,1,1
5,0,28,2,N,nb18,890,-1.866,1.865,2,1
5,0,28,2,N,nb19,890,1.572,0.617,2,1
5,0,28,2,N,nb20,890,-1.863,1.696,3,1
5,0,28,2,N,nb21,890,0.456,-0.948,1,1
5,0,28,2,N,nb22,890,-1.862,-0.048,1,1
5,0,28,2,N,nb23,890,1.686,0.818,1,1
5,0,28,2,N,nb24,890,-1.52,-1.628,2,1
5,0,28,2,N,nb25,890,1.157,-0.01,0,0
5,0,28,2,N,nb26,890,-0.185,0.183,1,1
5,0,28,2,N,nb27,890,1.762,-0.14,1,1
5,0,28,2,N,nb28,890,1.865,-1.39,0,0
5,0,28,2,N,nb29,890,-1.547,-1.338,1,1
5,0,28,2,A,aa0,890,-0.495,1.476,1,0
5,0,28,2,A,aa1,890,1.865,-1.676,0,0
5,0,28,2,N,nb0,895,-0.31,1.815,1,1
5,0,28,2,N,nb1,895,-1.699,1.655,2,1
5,0,28,2,N,nb2,895,0.635,-0.879,1,1
5,0,28,2,N,nb3,895,-0.265,-0.023,2,1
5,0,28,2,N,nb4,895,-1.475,0.194,2,1
5,0,28,2,N,nb5,895,1.518,-0.148,1,1
5,0,28,2,N,nb6,895,1.494,0.214,1,1
5,0,28,2,N,nb7,895,-1.667,-1.544,2,1
5,0,28,2,N,nb8,895,-1.692,-0.046,2,1
5,0,28,2,N,nb9,895,-1.699,1.847,3,1
5,0,28,2,N,nb10,895,1.867,-1.819,0,0
5,0,28,2,N,nb11,895,-0.348,1.596,1,1
5,0,28,2,N,nb12,895,0.908,-1.782,0,0
5,0,28,2,N,nb13,895,-1.547,0.041,2,1
5,0,28,2,N,nb14,895,-1.392,0.342,1,1
5,0,28,2,N,nb15,895,1.658,0.396,2,1
5,0,28,2,N,nb16,895,-1.327,-1.586,1,1
5,0,28,2,N,nb17,895,-0.21,-0.183,1,1
5,0,28,2,N,nb18,895,-1.866,1.865,2,1
5,0,28,2,N,nb19,895,1.572,0.617,2,1
5,0,28,2,N,nb20,895,-1.863,1.696,3,1
5,0,28,2,N,nb21,895,0.456,-0.948,1,1
5,0,28,2,N,nb22,895,-1.862,-0.048,1,1
5,0,28,2,N,nb23,895,1.686,0.818,1,1
5,0,28,2,N,nb24,895,-1.52,-1.628,2,1
5,0,28,2,N,nb25,895,1.13,0.086,0,0
5,0,28,2,N,nb26,895,-0.185,0.183,1,1
5,0,28,2,N,nb27,895,1.762,-0.14,1,1
5,0,28,2,N,nb28,895,1.865,-1.48,0,0
5,0,28,2,N,nb29,895,-1.547,-1.338,1,1
5,0,28,2,A,aa0,895,-0.533,1.491,2,0
5,0,28,2,A,aa1,895,1.865,-1.649,0,0
5,0,28,2,N,nb0,900,-0.31,1.815,1,1
5,0,28,2,N,nb1,900,-1.699,1.655,2,1
5,0,28,2,N,nb2,900,0.635,-0.879,1,1
5,0,28,2,N,nb3,900,-0.265,-0.023,2,1
5,0,28,2,N,nb4,900,-1.475,0.194,2,1
5,0,28,2,N,nb5,900,1.518,-0.148,1,1
5,0,28,2,N,nb6,900,1.494,0.214,1,1
5,0,28,2,N,nb7,900,-1.667,-1.544,2,1
5,0,28,2,N,nb8,900,-1.692,-0.046,2,1
5,0,28,2,N,nb9,900,-1.699,1.847,3,1
5,0,28,2,N,nb10,900,1.867,-1.824,0,0
5,0,28,2,N,nb11,900,-0.348,1.596,1,1
5,0,28,2,N,nb12,900,0.821,-1.74,0,0
5,0,28,2,N,nb13,900,-1.547,0.041,2,1
5,0,28,2,N,nb14,900,-1.392,0.342,1,1
5,0,28,2,N,nb15,900,1.658,0.396,2,1
5,0,28,2,N,nb16,900,-1.327,-1.586,1,1
5,0,28,2,N,nb17,900,-0.21,-0.183,1,1
5,0,28,2,N,nb18,900,-1.866,1.865,2,1
5,0,28,2,N,nb19,900,1.572,0.617,2,1
5,0,28,2,N,nb20,900,-1.863,1.696,3,1
5,0,28,2,N,nb21,900,0.456,-0.948,1,1
5,0,28,2,N,nb22,900,-1.862,-0.048,1,1
5,0,28,2,N,nb23,900,1.686,0.818,1,1
5,0,28,2,N,nb24,900,-1.52,-1.628,2,1
5,0,28,2,N,nb25,900,1.104,0.182,0,0
5,0,28,2,N,nb26,900,-0.185,0.183,1,1
5,0,28,2,N,nb27,900,1.762,-0.14,1,1
5,0,28,2,N,nb28,900,1.86,-1.486,0,0
5,0,28,2,N,nb29,900,-1.547,-1.338,1,1
5,0,28,2,A,aa0,900,-0.628,1.482,2,0
5,0,28,2,A,aa1,900,1.865,-1.655,0,0
5,0,28,2,N,nb0,905,-0.31,1.815,1,1
5,0,28,2,N,nb1,905,-1.699,1.655,2,1
5,0,28,2,N,nb2,905,0.635,-0.879,1,1
5,0,28,2,N,nb3,905,-0.265,-0.023,2,0
5,0,28,2,N,nb4,905,-1.475,0.194,2,1
5,0,28,2,N,nb5,905,1.518,-0.148,1,1
5,0,28,2,N,nb6,905,1.494,0.214,1,1
5,0,28,2,N,nb7,905,-1.667,-1.544,2,1
5,0,28,2,N,nb8,905,-1.692,-0.046,2,1
5,0,28,2,N,nb9,905,-1.699,1.847,3,1
5,0,28,2,N,nb10,905,1.867,-1.808,0,0
5,0,28,2,N,nb11,905,-0.348,1.596,1,1
5,0,28,2,N,nb12,905,0.732,-1.695,0,0
5,0,28,2,N,nb13,905,-1.547,0.041,2,1
5,0,28,2,N,nb14,905,-1.392,0.342,1,1
5,0,28,2,N,nb15,905,1.658,0.396,2,1
5,0,28,2,N,nb16,905,-1.327,-1.586,1,1
5,0,28,2,N,nb17,905,-0.21,-0.183,1,0
5,0,28,2,N,nb18,905,-1.866,1.865,2,1
5,0,28,2,N,nb19,905,1.572,0.617,2,1
5,0,28,2,N,nb20,905,-1.863,1.696,3,1
5,0,28,2,N,nb21,905,0.456,-0.948,1,1
5,0,28,2,N,nb22,905,-1.862,-0.048,1,1
5,0,28,2,N,nb23,905,1.686,0.818,1,1
5,0,28,2,N,nb24,905,-1.52,-1.628,2,1
5,0,28,2,N,nb25,905,1.077,0.279,0,0
5,0,28,2,N,nb26,905,-0.185,0.183,1,1
5,0,28,2,N,nb27,905,1.762,-0.14,1,1
5,0,28,2,N,nb28,905,1.857,-1.47,0,0
5,0,28,2,N,nb29,905,-1.547,-1.338,1,1
5,0,28,2,A,aa0,905,-0.727,1.471,2,0
5,0,28,2,A,aa1,905,1.865,-1.639,0,0
5,0,28,2,N,nb0,910,-0.31,1.815,1,1
5,0,28,2,N,nb1,910,-1.699,1.655,2,1
5,0,28,2,N,nb2,910,0.635,-0.879,1,1
5,0,28,2,N,nb3,910,-0.265,-0.023,2,1
5,0,28,2,N,nb4,910,-1.475,0.194,2,1
5,0,28,2,N,nb5,910,1.518,-0.148,1,1
5,0,28,2,N,nb6,910,1.494,0.214,1,1
5,0,28,2,N,nb7,910,-1.667,-1.544,2,1
5,0,28,2,N,nb8,910,-1.692,-0.046,2,1
5,0,28,2,N,nb9,910,-1.699,1.847,3,1
5,0,28,2,N,nb10,910,1.867,-1.773,0,0
5,0,28,2,N,nb11,910,-0.348,1.596,1,1
5,0,28,2,N,nb12,910,0.643,-1.65,0,0
5,0,28,2,N,nb13,910,-1.547,0.041,2,1
5,0,28,2,N,nb14,910,-1.392,0.342,1,1
5,0,28,2,N,nb15,910,1.658,0.396,2,1
5,0,28,2,N,nb16,910,-1.327,-1.586,1,0
5,0,28,2,N,nb17,910,-0.21,-0.183,1,1
5,0,28,2,N,nb18,910,-1.866,1.865,2,1
5,0,28,2,N,nb19,910,1.572,0.617,2,1
5,0,28,2,N,nb20,910,-1.863,1.696,3,1
5,0,28,2,N,nb21,910,0.456,-0.948,1,1
5,0,28,2,N,nb22,910,-1.862,-0.048,1,1
5,0,28,2,N,nb23,910,1.686,0.818,1,1
5,0,28,2,N,nb24,910,-1.52,-1.628,2,1
5,0,28,2,N,nb25,910,1.05,0.375,0,0
5,0,28,2,N,nb26,910,-0.185,0.183,1,1
5,0,28,2,N,nb27,910,1.762,-0.14,1,1
5,0,28,2,N,nb28,910,1.853,-1.435,0,0
5,0,28,2,N,nb29,910,-1.547,-1.338,1,1
5,0,28,2,A,aa0,910,-0.827,1.461,1,0
5,0,28,2,A,aa1,910,1.865,-1.603,0,0
5,0,28,2,N,nb0,915,-0.31,1.815,1,1
5,0,28,2,N,nb1,915,-1.699,1.655,2,1
5,0,28,2,N,nb2,915,0.635,-0.879,1,1
5,0,28,2,N,nb3,915,-0.265,-0.023,2,1
5,0,28,2,N,nb4,915,-1.475,0.194,2,1
5,0,28,2,N,nb5,915,1.518,-0.148,1,1
5,0,28,2,N,nb6,915,1.494,0.214,1,1
5,0,28,2,N,nb7,915,-1.667,-1.544,2,1
5,0,28,2,N,nb8,915,-1.692,-0.046,2,1
5,0,28,2,N,nb9,915,-1.699,1.847,3,1
5,0,28,2,N,nb10,915,1.867,-1.717,0,0
5,0,28,2,N,nb11,915,-0.348,1.596,1,1
5,0,28,2,N,nb12,915,0.554,-1.604,0,0
5,0,28,2,N,nb13,915,-1.547,0.041,2,1
5,0,28,2,N,nb14,915,-1.392,0.342,1,1
5,0,28,2,N,nb15,915,1.658,0.396,2,1
5,0,28,2,N,nb16,915,-1.327,-1.586,1,1
5,0,28,2,N,nb17,915,-0.21,-0.183,1,1
5,0,28,2,N,nb18,915,-1.866,1.865,2,1
5,0,28,2,N,nb19,915,1.572,0.617,2,1
5,0,28,2,N,nb20,915,-1.863,1.696,3,1
5,0,28,2,N,nb21,915,0.456,-0.948,1,1
5,0,28,2,N,nb22,915,-1.862,-0.048,1,1
5,0,28,2,N,nb23,915,1.686,0.818,1,1
5,0,28,2,N,nb24,915,-1.52,-1.628,2,1
5,0,28,2,N,nb25,915,1.024,0.471,0,0
5,0,28,2,N,nb26,915,-0.185,0.183,1,1
5,0,28,2,N,nb27,915,1.762,-0.14,1,1
5,0,28,2,N,nb28,915,1.85,-1.38,0,0
5,0,28,2,N,nb29,915,-1.547,-1.338,1,1
5,0,28,2,A,aa0,915,-0.926,1.45,1,0
5,0,28,2,A,aa1,915,1.865,-1.548,0,0
5,0,28,2,N,nb0,920,-0.31,1.815,1,1
5,0,28,2,N,nb1,920,-1.699,1.655,2,1
5,0,28,2,N,nb2,920,0.635,-0.879,1,1
5,0,28,2,N,nb3,920,-0.265,-0.023,2,1
5,0,28,2,N,nb4,920,-1.475,0.194,2,1
5,0,28,2,N,nb5,920,1.518,-0.148,1,1
5,0,28,2,N,nb6,920,1.494,0.214,1,1
5,0,28,2,N,nb7,920,-1.667,-1.544,2,1
5,0,28,2,N,nb8,920,-1.692,-0.046,2,1
5,0,28,2,N,nb9,920,-1.699,1.847,3,1
5,0,28,2,N,nb10,920,1.867,-1.645,0,0
5,0,28,2,N,nb11,920,-0.348,1.596,1,1
5,0,28,2,N,nb12,920,0.465,-1.559,0,0
5,0,28,2,N,nb13,920,-1.547,0.041,2,1
5,0,28,2,N,nb14,920,-1.392,0.342,1,1
5,0,28,2,N,nb15,920,1.658,0.396,2,1
5,0,28,2,N,nb16,920,-1.327,-1.586,1,1
5,0,28,2,N,nb17,920,-0.21,-0.183,1,1
5,0,28,2,N,nb18,920,-1.866,1.865,2,1
5,0,28,2,N,nb19,920,1.572,0.617,2,1
5,0,28,2,N,nb20,920,-1.863,1.696,3,1
5,0,28,2,N,nb21,920,0.456,-0.948,1,1
5,0,28,2,N,nb22,920,-1.862,-0.048,1,1
5,0,28,2,N,nb23,920,1.686,0.818,1,1
5,0,28,2,N,nb24,920,-1.52,-1.628,2,1
5,0,28,2,N,nb25,920,0.997,0.568,0,0
5,0,28,2,N,nb26,920,-0.185,0.183,1,1
5,0,28,2,N,nb27,920,1.762,-0.14,1,1
5,0,28,2,N,nb28,920,1.847,-1.307,0,0
5,0,28,2,N,nb29,920,-1.547,-1.338,1,1
5,0,28,2,A,aa0,920,-1.025,1.439,0,0
5,0,28,2,A,aa1,920,1.865,-1.475,0,0
5,0,28,2,N,nb0,925,-0.31,1.815,1,1
5,0,28,2,N,nb1,925,-1.699,1.655,2,1
5,0,28,2,N,nb2,925,0.635,-0.879,1,1
5,0,28,2,N,nb3,925,-0.265,-0.023,2,1
5,0,28,2,N,nb4,925,-1.475,0.194,2,1
5,0,28,2,N,nb5,925,1.518,-0.148,1,1
5,0,28,2,N,nb6,925,1.494,0.214,1,1
5,0,28,2,N,nb7,925,-1.667,-1.544,2,1
5,0,28,2,N,nb8,925,-1.692,-0.046,2,1
5,0,28,2,N,nb9,925,-1.699,1.847,3,1
5,0,28,2,N,nb10,925,1.859,-1.565,0,0
5,0,28,2,N,nb11,925,-0.348,1.596,1,1
5,0,28,2,N,nb12,925,0.376,-1.514,0,0
5,0,28,2,N,nb13,925,-1.547,0.041,2,1
5,0,28,2,N,nb14,925,-1.392,0.342,1,1
5,0,28,2,N,nb15,925,1.658,0.396,2,1
5,0,28,2,N,nb16,925,-1.327,-1.586,1,1
5,0,28,2,N,nb17,925,-0.21,-0.183,1,1
5,0,28,2,N,nb18,925,-1.866,1.865,2,1
5,0,28,2,N,nb19,925,1.572,0.617,2,1
5,0,28,2,N,nb20,925,-1.863,1.696,3,1
5,0,28,2,N,nb21,925,0.456,-0.948,1,1
5,0,28,2,N,nb22,925,-1.862,-0.048,1,1
5,0,28,2,N,nb23,925,1.686,0.818,1,1
5,0,28,2,N,nb24,925,-1.52,-1.628,2,1
5,0,28,2,N,nb25,925,0.97,0.664,0,0
5,0,28,2,N,nb26,925,-0.185,0.183,1,1
5,0,28,2,N,nb27,925,1.762,-0.14,1,1
5,0,28,2,N,nb28,925,1.842,-1.228,0,0
5,0,28,2,N,nb29,925,-1.547,-1.338,1,1
5,0,28,2,A,aa0,925,-1.125,1.428,0,0
5,0,28,2,A,aa1,925,1.865,-1.396,0,0
5,0,28,2,N,nb0,930,-0.31,1.815,1,1
5,0,28,2,N,nb1,930,-1.699,1.655,2,1
5,0,28,2,N,nb2,930,0.635,-0.879,1,1
5,0,28,2,N,nb3,930,-0.265,-0.023,2,1
5,0,28,2,N,nb4,930,-1.475,0.194,2,1
5,0,28,2,N,nb5,930,1.518,-0.148,1,1
5,0,28,2,N,nb6,930,1.494,0.214,1,1
5,0,28,2,N,nb7,930,-1.667,-1.544,2,1
5,0,28,2,N,nb8,930,-1.692,-0.046,2,1
5,0,28,2,N,nb9,930,-1.699,1.847,3,1
5,0,28,2,N,nb10,930,1.864,-1.542,0,0
5,0,28,2,N,nb11,930,-0.348,1.596,1,1
5,0,28,2,N,nb12,930,0.287,-1.468,0,0
5,0,28,2,N,nb13,930,-1.547,0.041,2,1
5,0,28,2,N,nb14,930,-1.392,0.342,1,1
5,0,28,2,N,nb15,930,1.658,0.396,2,1
5,0,28,2,N,nb16,930,-1.327,-1.586,1,1
5,0,28,2,N,nb17,930,-0.21,-0.183,1,1
5,0,28,2,N,nb18,930,-1.866,1.865,2,1
5,0,28,2,N,nb19,930,1.572,0.617,2,1
5,0,28,2,N,nb20,930,-1.863,1.696,3,1
5,0,28,2,N,nb21,930,0.456,-0.948,1,1
5,0,28,2,N,nb22,930,-1.862,-0.048,1,1
5,0,28,2,N,nb23,930,1.686,0.818,1,1
5,0,28,2,N,nb24,930,-1.52,-1.628,2,1
5,0,28,2,N,nb25,930,0.944,0.761,0,0
5,0,28,2,N,nb26,930,-0.185,0.183,1,1
5,0,28,2,N,nb27,930,1.762,-0.14,1,1
5,0,28,2,N,nb28,930,1.793,-1.22,0,0
5,0,28,2,N,nb29,930,-1.547,-1.338,1,1
5,0,28,2,A,aa0,930,-1.224,1.418,1,0
5,0,28,2,A,aa1,930,1.864,-1.373,0,0
5,0,28,2,N,nb0,935,-0.31,1.815,1,1
5,0,28,2,N,nb1,935,-1.699,1.655,2,0
5,0,28,2,N,nb2,935,0.635,-0.879,1,1
5,0,28,2,N,nb3,935,-0.265,-0.023,2,1
5,0,28,2,N,nb4,935,-1.475,0.194,2,1
5,0,28,2,N,nb5,935,1.518,-0.148,1,1
5,0,28,2,N,nb6,935,1.494,0.214,1,1
5,0,28,2,N,nb7,935,-1.667,-1.544,2,1
5,0,28,2,N,nb8,935,-1.692,-0.046,2,1
5,0,28,2,N,nb9,935,-1.699,1.847,3,0
5,0,28,2,N,nb10,935,1.839,-1.482,0,0
5,0,28,2,N,nb11,935,-0.348,1.596,1,1
5,0,28,2,N,nb12,935,0.197,-1.423,0,0
5,0,28,2,N,nb13,935,-1.547,0.041,2,1
5,0,28,2,N,nb14,935,-1.392,0.342,1,1
5,0,28,2,N,nb15,935,1.658,0.396,2,1
5,0,28,2,N,nb16,935,-1.327,-1.586,1,1
5,0,28,2,N,nb17,935,-0.21,-0.183,1,1
5,0,28,2,N,nb18,935,-1.866,1.865,2,1
5,0,28,2,N,nb19,935,1.572,0.617,2,1
5,0,28,2,N,nb20,935,-1.863,1.696,3,0
5,0,28,2,N,nb21,935,0.456,-0.948,1,1
5,0,28,2,N,nb22,935,-1.862,-0.048,1,1
5,0,28,2,N,nb23,935,1.686,0.818,1,1
5,0,28,2,N,nb24,935,-1.52,-1.628,2,1
5,0,28,2,N,nb25,935,0.917,0.857,0,0
5,0,28,2,N,nb26,935,-0.185,0.183,1,1
5,0,28,2,N,nb27,935,1.762,-0.14,1,1
5,0,28,2,N,nb28,935,1.704,-1.202,0,0
5,0,28,2,N,nb29,935,-1.547,-1.338,1,1
5,0,28,2,A,aa0,935,-1.324,1.407,2,0
5,0,28,2,A,aa1,935,1.833,-1.312,0,0
5,0,28,2,N,nb0,940,-0.31,1.815,1,1
5,0,28,2,N,nb1,940,-1.699,1.655,2,1
5,0,28,2,N,nb2,940,0.635,-0.879,1,1
5,0,28,2,N,nb3,940,-0.265,-0.023,2,1
5,0,28,2,N,nb4,940,-1.475,0.194,2,1
5,0,28,2,N,nb5,940,1.518,-0.148,1,1
5,0,28,2,N,nb6,940,1.494,0.214,1,1
5,0,28,2,N,nb7,940,-1.667,-1.544,2,1
5,0,28,2,N,nb8,940,-1.692,-0.046,2,1
5,0,28,2,N,nb9,940,-1.699,1.847,3,1
5,0,28,2,N,nb10,940,1.793,-1.406,0,0
5,0,28,2,N,nb11,940,-0.348,1.596,1,1
5,0,28,2,N,nb12,940,0.108,-1.378,0,0
5,0,28,2,N,nb13,940,-1.547,0.041,2,1
5,0,28,2,N,nb14,940,-1.392,0.342,1,1
5,0,28,2,N,nb15,940,1.658,0.396,2,1
5,0,28,2,N,nb16,940,-1.327,-1.586,1,1
5,0,28,2,N,nb17,940,-0.21,-0.183,1,1
5,0,28,2,N,nb18,940,-1.866,1.865,2,1
5,0,28,2,N,nb19,940,1.572,0.617,2,0
5,0,28,2,N,nb20,940,-1.863,1.696,3,1
5,0,28,2,N,nb21,940,0.456,-0.948,1,1
5,0,28,2,N,nb22,940,-1.862,-0.048,1,1
5,0,28,2,N,nb23,940,1.686,0.818,1,0
5,0,28,2,N,nb24,940,-1.52,-1.628,2,1
5,0,28,2,N,nb25,940,0.89,0.953,0,0
5,0,28,2,N,nb26,940,-0.185,0.183,1,1
5,0,28,2,N,nb27,940,1.762,-0.14,1,1
5,0,28,2,N,nb28,940,1.612,-1.231,0,0
5,0,28,2,N,nb29,940,-1.547,-1.338,1,1
5,0,28,2,A,aa0,940,-1.423,1.396,2,0
5,0,28,2,A,aa1,940,1.793,-1.226,0,0
5,0,28,2,N,nb0,945,-0.31,1.815,1,1
5,0,28,2,N,nb1,945,-1.699,1.655,2,1
5,0,28,2,N,nb2,945,0.635,-0.879,1,1
5,0,28,2,N,nb3,945,-0.265,-0.023,2,1
5,0,28,2,N,nb4,945,-1.475,0.194,2,1
5,0,28,2,N,nb5,945,1.518,-0.148,1,1
5,0,28,2,N,nb6,945,1.494,0.214,1,1
5,0,28,2,N,nb7,945,-1.667,-1.544,2,1
5,0,28,2,N,nb8,945,-1.692,-0.046,2,1
5,0,28,2,N,nb9,945,-1.699,1.847,3,1
5,0,28,2,N,nb10,945,1.781,-1.39,1,1
5,0,28,2,N,nb11,945,-0.348,1.596,1,1
5,0,28,2,N,nb12,945,0.019,-1.332,0,0
5,0,28,2,N,nb13,945,-1.547,0.041,2,1
5,0,28,2,N,nb14,945,-1.392,0.342,1,1
5,0,28,2,N,nb15,945,1.658,0.396,2,1
5,0,28,2,N,nb16,945,-1.327,-1.586,1,1
5,0,28,2,N,nb17,945,-0.21,-0.183,1,1
5,0,28,2,N,nb18,945,-1.866,1.865,2,1
5,0,28,2,N,nb19,945,1.572,0.617,2,1
5,0,28,2,N,nb20,945,-1.863,1.696,3,1
5,0,28,2,N,nb21,945,0.456,-0.948,1,1
5,0,28,2,N,nb22,945,-1.862,-0.048,1,1
5,0,28,2,N,nb23,945,1.686,0.818,1,1
5,0,28,2,N,nb24,945,-1.52,-1.628,2,1
5,0,28,2,N,nb25,945,0.864,1.05,0,0
5,0,28,2,N,nb26,945,-0.185,0.183,1,1
5,0,28,2,N,nb27,945,1.762,-0.14,1,1
5,0,28,2,N,nb28,945,1.592,-1.242,1,1
5,0,28,2,N,nb29,945,-1.547,-1.338,1,1
5,0,28,2,A,aa0,945,-1.523,1.385,1,0
5,0,28,2,A,aa1,945,1.76,-1.137,2,0
5,0,28,2,N,nb0,950,-0.31,1.815,1,1
5,0,28,2,N,nb1,950,-1.699,1.655,2,1
5,0,28,2,N,nb2,950,0.635,-0.879,1,1
5,0,28,2,N,nb3,950,-0.265,-0.023,2,1
5,0,28,2,N,nb4,950,-1.475,0.194,2,1
5,0,28,2,N,nb5,950,1.518,-0.148,1,1
5,0,28,2,N,nb6,950,1.494,0.214,1,1
5,0,28,2,N,nb7,950,-1.667,-1.544,2,1
5,0,28,2,N,nb8,950,-1.692,-0.046,2,1
5,0,28,2,N,nb9,950,-1.699,1.847,3,1
5,0,28,2,N,nb10,950,1.781,-1.39,1,1
5,0,28,2,N,nb11,950,-0.348,1.596,1,1
5,0,28,2,N,nb12,950,-0.07,-1.287,0,0
5,0,28,2,N,nb13,950,-1.547,0.041,2,1
5,0,28,2,N,nb14,950,-1.392,0.342,1,1
5,0,28,2,N,nb15,950,1.658,0.396,2,0
5,0,28,2,N,nb16,950,-1.327,-1.586,1,1
5,0,28,2,N,nb17,950,-0.21,-0.183,1,1
5,0,28,2,N,nb18,950,-1.866,1.865,2,1
5,0,28,2,N,nb19,950,1.572,0.617,2,1
5,0,28,2,N,nb20,950,-1.863,1.696,3,1
5,0,28,2,N,nb21,950,0.456,-0.948,1,1
5,0,28,2,N,nb22,950,-1.862,-0.048,1,1
5,0,28,2,N,nb23,950,1.686,0.818,1,1
5,0,28,2,N,nb24,950,-1.52,-1.628,2,1
5,0,28,2,N,nb25,950,0.837,1.146,0,0
5,0,28,2,N,nb26,950,-0.185,0.183,1,1
5,0,28,2,N,nb27,950,1.762,-0.14,1,1
5,0,28,2,N,nb28,950,1.592,-1.242,1,1
5,0,28,2,N,nb29,950,-1.547,-1.338,1,1
5,0,28,2,A,aa0,950,-1.622,1.375,2,0
5,0,28,2,A,aa1,950,1.733,-1.046,2,0
5,0,28,2,N,nb0,955,-0.31,1.815,1,1
5,0,28,2,N,nb1,955,-1.699,1.655,2,1
5,0,28,2,N,nb2,955,0.635,-0.879,1,1
5,0,28,2,N,nb3,955,-0.265,-0.023,2,1
5,0,28,2,N,nb4,955,-1.475,0.194,2,1
5,0,28,2,N,nb5,955,1.518,-0.148,1,1
5,0,28,2,N,nb6,955,1.494,0.214,1,1
5,0,28,2,N,nb7,955,-1.667,-1.544,2,1
5,0,28,2,N,nb8,955,-1.692,-0.046,2,1
5,0,28,2,N,nb9,955,-1.699,1.847,3,1
5,0,28,2,N,nb10,955,1.781,-1.39,1,1
5,0,28,2,N,nb11,955,-0.348,1.596,1,1
5,0,28,2,N,nb12,955,-0.159,-1.242,0,0
5,0,28,2,N,nb13,955,-1.547,0.041,2,1
5,0,28,2,N,nb14,955,-1.392,0.342,1,1
5,0,28,2,N,nb15,955,1.658,0.396,2,1
5,0,28,2,N,nb16,955,-1.327,-1.586,1,1
5,0,28,2,N,nb17,955,-0.21,-0.183,1,1
5,0,28,2,N,nb18,955,-1.866,1.865,2,1
5,0,28,2,N,nb19,955,1.572,0.617,2,1
5,0,28,2,N,nb20,955,-1.863,1.696,3,1
5,0,28,2,N,nb21,955,0.456,-0.948,1,1
5,0,28,2,N,nb22,955,-1.862,-0.048,1,1
5,0,28,2,N,nb23,955,1.686,0.818,1,1
5,0,28,2,N,nb24,955,-1.52,-1.628,2,1
5,0,28,2,N,nb25,955,0.81,1.242,0,0
5,0,28,2,N,nb26,955,-0.185,0.183,1,1
5,0,28,2,N,nb27,955,1.762,-0.14,1,1
5,0,28,2,N,nb28,955,1.592,-1.242,1,1
5,0,28,2,N,nb29,955,-1.547,-1.338,1,1
5,0,28,2,A,aa0,955,-1.721,1.364,2,0
5,0,28,2,A,aa1,955,1.712,-0.951,2,0
5,0,28,2,N,nb0,960,-0.31,1.815,1,1
5,0,28,2,N,nb1,960,-1.699,1.655,2,1
5,0,28,2,N,nb2,960,0.635,-0.879,1,1
5,0,28,2,N,nb3,960,-0.265,-0.023,2,1
5,0,28,2,N,nb4,960,-1.475,0.194,2,1
5,0,28,2,N,nb5,960,1.518,-0.148,1,1
5,0,28,2,N,nb6,960,1.494,0.214,1,1
5,0,28,2,N,nb7,960,-1.667,-1.544,2,1
5,0,28,2,N,nb8,960,-1.692,-0.046,2,1
5,0,28,2,N,nb9,960,-1.699,1.847,3,1
5,0,28,2,N,nb10,960,1.781,-1.39,1,1
5,0,28,2,N,nb11,960,-0.348,1.596,1,1
5,0,28,2,N,nb12,960,-0.248,-1.196,0,0
5,0,28,2,N,nb13,960,-1.547,0.041,2,1
5,0,28,2,N,nb14,960,-1.392,0.342,1,1
5,0,28,2,N,nb15,960,1.658,0.396,2,1
5,0,28,2,N,nb16,960,-1.327,-1.586,1,1
5,0,28,2,N,nb17,960,-0.21,-0.183,1,1
5,0,28,2,N,nb18,960,-1.866,1.865,2,1
5,0,28,2,N,nb19,960,1.572,0.617,2,1
5,0,28,2,N,nb20,960,-1.863,1.696,3,1
5,0,28,2,N,nb21,960,0.456,-0.948,1,1
5,0,28,2,N,nb22,960,-1.862,-0.048,1,1
5,0,28,2,N,nb23,960,1.686,0.818,1,1
5,0,28,2,N,nb24,960,-1.52,-1.628,2,1
5,0,28,2,N,nb25,960,0.784,1.339,0,0
5,0,28,2,N,nb26,960,-0.185,0.183,1,1
5,0,28,2,N,nb27,960,1.762,-0.14,1,1
5,0,28,2,N,nb28,960,1.592,-1.242,1,1
5,0,28,2,N,nb29,960,-1.547,-1.338,1,1
5,0,28,2,A,aa0,960,-1.815,1.353,2,0
5,0,28,2,A,aa1,960,1.691,-0.853,2,0
5,0,28,2,N,nb0,965,-0.31,1.815,1,1
5,0,28,2,N,nb1,965,-1.699,1.655,2,1
5,0,28,2,N,nb2,965,0.635,-0.879,1,1
5,0,28,2,N,nb3,965,-0.265,-0.023,2,1
5,0,28,2,N,nb4,965,-1.475,0.194,2,1
5,0,28,2,N,nb5,965,1.518,-0.148,1,1
5,0,28,2,N,nb6,965,1.494,0.214,1,0
5,0,28,2,N,nb7,965,-1.667,-1.544,2,1
5,0,28,2,N,nb8,965,-1.692,-0.046,2,1
5,0,28,2,N,nb9,965,-1.699,1.847,3,1
5,0,28,2,N,nb10,965,1.781,-1.39,1,1
5,0,28,2,N,nb11,965,-0.348,1.596,1,1
5,0,28,2,N,nb12,965,-0.337,-1.151,0,0
5,0,28,2,N,nb13,965,-1.547,0.041,2,1
5,0,28,2,N,nb14,965,-1.392,0.342,1,1
5,0,28,2,N,nb15,965,1.658,0.396,2,1
5,0,28,2,N,nb16,965,-1.327,-1.586,1,1
5,0,28,2,N,nb17,965,-0.21,-0.183,1,1
5,0,28,2,N,nb18,965,-1.866,1.865,2,1
5,0,28,2,N,nb19,965,1.572,0.617,2,1
5,0,28,2,N,nb20,965,-1.863,1.696,3,1
5,0,28,2,N,nb21,965,0.456,-0.948,1,1
5,0,28,2,N,nb22,965,-1.862,-0.048,1,1
5,0,28,2,N,nb23,965,1.686,0.818,1,1
5,0,28,2,N,nb24,965,-1.52,-1.628,2,1
5,0,28,2,N,nb25,965,0.757,1.435,0,0
5,0,28,2,N,nb26,965,-0.185,0.183,1,1
5,0,28,2,N,nb27,965,1.762,-0.14,1,1
5,0,28,2,N,nb28,965,1.592,-1.242,1,1
5,0,28,2,N,nb29,965,-1.547,-1.338,1,1
5,0,28,2,A,aa0,965,-1.865,1.333,2,0
5,0,28,2,A,aa1,965,1.671,-0.755,1,0
5,0,28,2,N,nb0,970,-0.31,1.815,1,1
5,0,28,2,N,nb1,970,-1.699,1.655,2,1
5,0,28,2,N,nb2,970,0.635,-0.879,1,1
5,0,28,2,N,nb3,970,-0.265,-0.023,2,1
5,0,28,2,N,nb4,970,-1.475,0.194,2,1
5,0,28,2,N,nb5,970,1.53,-0.156,1,0
5,0,28,2,N,nb6,970,1.494,0.214,1,1
5,0,28,2,N,nb7,970,-1.667,-1.544,2,1
5,0,28,2,N,nb8,970,-1.692,-0.046,2,1
5,0,28,2,N,nb9,970,-1.699,1.847,3,1
5,0,28,2,N,nb10,970,1.781,-1.39,1,1
5,0,28,2,N,nb11,970,-0.348,1.596,1,1
5,0,28,2,N,nb12,970,-0.427,-1.106,0,0
5,0,28,2,N,nb13,970,-1.547,0.041,2,1
5,0,28,2,N,nb14,970,-1.392,0.342,1,1
5,0,28,2,N,nb15,970,1.658,0.396,2,1
5,0,28,2,N,nb16,970,-1.327,-1.586,1,1
5,0,28,2,N,nb17,970,-0.21,-0.183,1,1
5,0,28,2,N,nb18,970,-1.866,1.865,2,1
5,0,28,2,N,nb19,970,1.572,0.617,2,1
5,0,28,2,N,nb20,970,-1.863,1.696,3,1
5,0,28,2,N,nb21,970,0.456,-0.948,1,1
5,0,28,2,N,nb22,970,-1.862,-0.048,1,1
5,0,28,2,N,nb23,970,1.686,0.818,1,1
5,0,28,2,N,nb24,970,-1.52,-1.628,2,0
5,0,28,2,N,nb25,970,0.73,1.532,0,0
5,0,28,2,N,nb26,970,-0.185,0.183,1,1
5,0,28,2,N,nb27,970,1.755,-0.127,1,0
5,0,28,2,N,nb28,970,1.578,-1.25,1,0
5,0,28,2,N,nb29,970,-1.547,-1.338,1,1
5,0,28,2,A,aa0,970,-1.865,1.3,2,0
5,0,28,2,A,aa1,970,1.65,-0.657,0,0
5,0,28,2,N,nb0,975,-0.31,1.815,1,1
5,0,28,2,N,nb1,975,-1.699,1.655,2,1
5,0,28,2,N,nb2,975,0.635,-0.879,1,1
5,0,28,2,N,nb3,975,-0.265,-0.023,2,1
5,0,28,2,N,nb4,975,-1.475,0.194,2,1
5,0,28,2,N,nb5,975,1.601,-0.211,1,0
5,0,28,2,N,nb6,975,1.494,0.214,1,1
5,0,28,2,N,nb7,975,-1.667,-1.544,2,1
5,0,28,2,N,nb8,975,-1.692,-0.046,2,1
5,0,28,2,N,nb9,975,-1.699,1.847,3,1
5,0,28,2,N,nb10,975,1.747,-1.35,0,0
5,0,28,2,N,nb11,975,-0.348,1.596,1,1
5,0,28,2,N,nb12,975,-0.516,-1.06,0,0
5,0,28,2,N,nb13,975,-1.547,0.041,2,1
5,0,28,2,N,nb14,975,-1.392,0.342,1,1
5,0,28,2,N,nb15,975,1.658,0.396,2,1
5,0,28,2,N,nb16,975,-1.327,-1.586,1,1
5,0,28,2,N,nb17,975,-0.21,-0.183,1,1
5,0,28,2,N,nb18,975,-1.866,1.865,2,1
5,0,28,2,N,nb19,975,1.572,0.617,2,1
5,0,28,2,N,nb20,975,-1.863,1.696,3,1
5,0,28,2,N,nb21,975,0.456,-0.948,1,1
5,0,28,2,N,nb22,975,-1.862,-0.048,1,1
5,0,28,2,N,nb23,975,1.686,0.818,1,1
5,0,28,2,N,nb24,975,-1.52,-1.628,2,1
5,0,28,2,N,nb25,975,0.704,1.628,0,0
5,0,28,2,N,nb26,975,-0.185,0.183,1,1
5,0,28,2,N,nb27,975,1.72,-0.041,1,0
5,0,28,2,N,nb28,975,1.493,-1.292,0,0
5,0,28,2,N,nb29,975,-1.547,-1.338,1,1
5,0,28,2,A,aa0,975,-1.865,1.252,2,0
5,0,28,2,A,aa1,975,1.646,-0.634,0,0
5,0,28,2,N,nb0,980,-0.31,1.815,1,0
5,0,28,2,N,nb1,980,-1.699,1.655,2,1
5,0,28,2,N,nb2,980,0.635,-0.879,1,0
5,0,28,2,N,nb3,980,-0.265,-0.023,2,1
5,0,28,2,N,nb4,980,-1.475,0.194,2,1
5,0,28,2,N,nb5,980,1.668,-0.28,0,0
5,0,28,2,N,nb6,980,1.494,0.214,1,1
5,0,28,2,N,nb7,980,-1.667,-1.544,2,1
5,0,28,2,N,nb8,980,-1.692,-0.046,2,1
5,0,28,2,N,nb9,980,-1.699,1.847,3,1
5,0,28,2,N,nb10,980,1.694,-1.274,0,0
5,0,28,2,N,nb11,980,-0.348,1.596,1,0
5,0,28,2,N,nb12,980,-0.605,-1.015,0,0
5,0,28,2,N,nb13,980,-1.547,0.041,2,1
5,0,28,2,N,nb14,980,-1.392,0.342,1,1
5,0,28,2,N,nb15,980,1.658,0.396,2,1
5,0,28,2,N,nb16,980,-1.327,-1.586,1,1
5,0,28,2,N,nb17,980,-0.21,-0.183,1,1
5,0,28,2,N,nb18,980,-1.866,1.865,2,1
5,0,28,2,N,nb19,980,1.572,0.617,2,1
5,0,28,2,N,nb20,980,-1.863,1.696,3,1
5,0,28,2,N,nb21,980,0.456,-0.948,1,0
5,0,28,2,N,nb22,980,-1.862,-0.048,1,1
5,0,28,2,N,nb23,980,1.686,0.818,1,1
5,0,28,2,N,nb24,980,-1.52,-1.628,2,1
5,0,28,2,N,nb25,980,0.677,1.724,0,0
5,0,28,2,N,nb26,980,-0.185,0.183,1,1
5,0,28,2,N,nb27,980,1.69,0.052,0,0
5,0,28,2,N,nb28,980,1.402,-1.331,0,0
5,0,28,2,N,nb29,980,-1.547,-1.338,1,1
5,0,28,2,A,aa0,980,-1.865,1.192,2,0
5,0,28,2,A,aa1,980,1.612,-0.621,0,0
5,0,28,2,N,nb0,985,-0.31,1.815,1,1
5,0,28,2,N,nb1,985,-1.699,1.655,2,1
5,0,28,2,N,nb2,985,0.635,-0.879,1,1
5,0,28,2,N,nb3,985,-0.265,-0.023,2,1
5,0,28,2,N,nb4,985,-1.475,0.194,2,1
5,0,28,2,N,nb5,985,1.737,-0.352,0,0
5,0,28,2,N,nb6,985,1.494,0.214,2,1
5,0,28,2,N,nb7,985,-1.667,-1.544,2,1
5,0,28,2,N,nb8,985,-1.692,-0.046,2,1
5,0,28,2,N,nb9,985,-1.699,1.847,3,1
5,0,28,2,N,nb10,985,1.64,-1.19,0,0
5,0,28,2,N,nb11,985,-0.348,1.596,1,1
5,0,28,2,N,nb12,985,-0.694,-0.97,0,0
5,0,28,2,N,nb13,985,-1.547,0.041,2,1
5,0,28,2,N,nb14,985,-1.392,0.342,1,1
5,0,28,2,N,nb15,985,1.658,0.396,2,1
5,0,28,2,N,nb16,985,-1.327,-1.586,1,1
5,0,28,2,N,nb17,985,-0.21,-0.183,1,1
5,0,28,2,N,nb18,985,-1.866,1.865,2,1
5,0,28,2,N,nb19,985,1.572,0.617,2,1
5,0,28,2,N,nb20,985,-1.863,1.696,3,1
5,0,28,2,N,nb21,985,0.456,-0.948,1,1
5,0,28,2,N,nb22,985,-1.862,-0.048,1,1
5,0,28,2,N,nb23,985,1.686,0.818,1,1
5,0,28,2,N,nb24,985,-1.52,-1.628,2,1
5,0,28,2,N,nb25,985,0.651,1.815,0,0
5,0,28,2,N,nb26,985,-0.185,0.183,1,1
5,0,28,2,N,nb27,985,1.685,0.071,1,1
5,0,28,2,N,nb28,985,1.31,-1.369,0,0
5,0,28,2,N,nb29,985,-1.547,-1.338,1,1
5,0,28,2,A,aa0,985,-1.865,1.121,2,0
5,0,28,2,A,aa1,985,1.518,-0.585,0,0
5,0,28,2,N,nb0,990,-0.31,1.815,1,1
5,0,28,2,N,nb1,990,-1.699,1.655,2,1
5,0,28,2,N,nb2,990,0.635,-0.879,1,1
5,0,28,2,N,nb3,990,-0.265,-0.023,2,1
5,0,28,2,N,nb4,990,-1.475,0.194,2,1
5,0,28,2,N,nb5,990,1.803,-0.422,0,0
5,0,28,2,N,nb6,990,1.494,0.214,2,1
5,0,28,2,N,nb7,990,-1.667,-1.544,2,1
5,0,28,2,N,nb8,990,-1.692,-0.046,2,1
5,0,28,2,N,nb9,990,-1.699,1.847,3,1
5,0,28,2,N,nb10,990,1.586,-1.106,0,0
5,0,28,2,N,nb11,990,-0.348,1.596,1,1
5,0,28,2,N,nb12,990,-0.783,-0.924,0,0
5,0,28,2,N,nb13,990,-1.547,0.041,2,1
5,0,28,2,N,nb14,990,-1.392,0.342,1,1
5,0,28,2,N,nb15,990,1.658,0.396,2,1
5,0,28,2,N,nb16,990,-1.327,-1.586,1,1
5,0,28,2,N,nb17,990,-0.21,-0.183,1,1
5,0,28,2,N,nb18,990,-1.866,1.865,2,1
5,0,28,2,N,nb19,990,1.572,0.617,2,1
5,0,28,2,N,nb20,990,-1.863,1.696,3,1
5,0,28,2,N,nb21,990,0.456,-0.948,1,1
5,0,28,2,N,nb22,990,-1.862,-0.048,1,1
5,0,28,2,N,nb23,990,1.686,0.818,1,1
5,0,28,2,N,nb24,990,-1.52,-1.628,2,1
5,0,28,2,N,nb25,990,0.618,1.866,0,0
5,0,28,2,N,nb26,990,-0.185,0.183,1,1
5,0,28,2,N,nb27,990,1.685,0.071,1,1
5,0,28,2,N,nb28,990,1.218,-1.408,0,0
5,0,28,2,N,nb29,990,-1.547,-1.338,1,1
5,0,28,2,A,aa0,990,-1.865,1.042,0,0
5,0,28,2,A,aa1,990,1.425,-0.55,0,0
5,0,28,2,N,nb0,995,-0.31,1.815,1,1
5,0,28,2,N,nb1,995,-1.699,1.655,2,1
5,0,28,2,N,nb2,995,0.635,-0.879,1,1
5,0,28,2,N,nb3,995,-0.265,-0.023,2,1
5,0,28,2,N,nb4,995,-1.475,0.194,2,1
5,0,28,2,N,nb5,995,1.856,-0.493,0,0
5,0,28,2,N,nb6,995,1.494,0.214,2,1
5,0,28,2,N,nb7,995,-1.667,-1.544,2,1
5,0,28,2,N,nb8,995,-1.692,-0.046,2,1
5,0,28,2,N,nb9,995,-1.699,1.847,3,1
5,0,28,2,N,nb10,995,1.532,-1.022,0,0
5,0,28,2,N,nb11,995,-0.348,1.596,1,1
5,0,28,2,N,nb12,995,-0.872,-0.879,0,0
5,0,28,2,N,nb13,995,-1.547,0.041,2,1
5,0,28,2,N,nb14,995,-1.392,0.342,1,1
5,0,28,2,N,nb15,995,1.658,0.396,2,1
5,0,28,2,N,nb16,995,-1.327,-1.586,1,1
5,0,28,2,N,nb17,995,-0.21,-0.183,1,1
5,0,28,2,N,nb18,995,-1.866,1.865,2,1
5,0,28,2,N,nb19,995,1.572,0.617,2,1
5,0,28,2,N,nb20,995,-1.863,1.696,3,1
5,0,28,2,N,nb21,995,0.456,-0.948,1,1
5,0,28,2,N,nb22,995,-1.862,-0.048,1,1
5,0,28,2,N,nb23,995,1.686,0.818,1,1
5,0,28,2,N,nb24,995,-1.52,-1.628,2,1
5,0,28,2,N,nb25,995,0.573,1.866,0,0
5,0,28,2,N,nb26,995,-0.185,0.183,1,0
5,0,28,2,N,nb27,995,1.685,0.071,1,1
5,0,28,2,N,nb28,995,1.125,-1.447,0,0
5,0,28,2,N,nb29,995,-1.547,-1.338,1,1
5,0,28,2,A,aa0,995,-1.865,0.957,0,0
5,0,28,2,A,aa1,995,1.331,-0.514,0,0
5,0,28,2,N,nb0,1000,-0.31,1.815,1,1
5,0,28,2,N,nb1,1000,-1.699,1.655,2,1
5,0,28,2,N,nb2,1000,0.635,-0.879,1,1
5,0,28,2,N,nb3,1000,-0.265,-0.023,2,1
5,0,28,2,N,nb4,1000,-1.475,0.194,2,1
5,0,28,2,N,nb5,1000,1.865,-0.57,0,0
5,0,28,2,N,nb6,1000,1.494,0.214,2,1
5,0,28,2,N,nb7,1000,-1.667,-1.544,2,1
5,0,28,2,N,nb8,1000,-1.692,-0.046,2,1
5,0,28,2,N,nb9,1000,-1.699,1.847,3,1
5,0,28,2,N,nb10,1000,1.477,-0.938,0,0
5,0,28,2,N,nb11,1000,-0.348,1.596,1,1
5,0,28,2,N,nb12,1000,-0.961,-0.834,0,0
5,0,28,2,N,nb13,1000,-1.547,0.041,2,1
5,0,28,2,N,nb14,1000,-1.392,0.342,1,1
5,0,28,2,N,nb15,1000,1.658,0.396,2,1
5,0,28,2,N,nb16,1000,-1.327,-1.586,1,1
5,0,28,2,N,nb17,1000,-0.21,-0.183,1,1
5,0,28,2,N,nb18,1000,-1.866,1.865,2,1
5,0,28,2,N,nb19,1000,1.572,0.617,2,1
5,0,28,2,N,nb20,1000,-1.863,1.696,3,1
5,0,28,2,N,nb21,1000,0.456,-0.948,1,1
5,0,28,2,N,nb22,1000,-1.862,-0.048,1,1
5,0,28,2,N,nb23,1000,1.686,0.818,1,1
5,0,28,2,N,nb24,1000,-1.52,-1.628,2,1
5,0,28,2,N,nb25,1000,0.515,1.866,0,0
5,0,28,2,N,nb26,1000,-0.185,0.183,1,1
5,0,28,2,N,nb27,1000,1.685,0.071,1,1
5,0,28,2,N,nb28,1000,1.033,-1.486,0,0
5,0,28,2,N,nb29,1000,-1.547,-1.338,1,1
5,0,28,2,A,aa0,1000,-1.865,0.869,0,0
5,0,28,2,A,aa1,1000,1.238,-0.478,0,0
5,0,28,2,N,nb0,1005,-0.31,1.815,1,1
5,0,28,2,N,nb1,1005,-1.699,1.655,2,1
5,0,28,2,N,nb2,1005,0.635,-0.879,1,1
5,0,28,2,N,nb3,1005,-0.265,-0.023,2,1
5,0,28,2,N,nb4,1005,-1.475,0.194,2,1
5,0,28,2,N,nb5,1005,1.865,-0.653,0,0
5,0,28,2,N,nb6,1005,1.494,0.214,2,1
5,0,28,2,N,nb7,1005,-1.667,-1.544,2,1
5,0,28,2,N,nb8,1005,-1.692,-0.046,2,1
5,0,28,2,N,nb9,1005,-1.699,1.847,3,1
5,0,28,2,N,nb10,1005,1.423,-0.854,0,0
5,0,28,2,N,nb11,1005,-0.348,1.596,1,1
5,0,28,2,N,nb12,1005,-1.05,-0.788,0,0
5,0,28,2,N,nb13,1005,-1.547,0.041,2,1
5,0,28,2,N,nb14,1005,-1.392,0.342,1,1
5,0,28,2,N,nb15,1005,1.658,0.396,2,1
5,0,28,2,N,nb16,1005,-1.327,-1.586,1,1
5,0,28,2,N,nb17,1005,-0.21,-0.183,1,1
5,0,28,2,N,nb18,1005,-1.866,1.865,2,1
5,0,28,2,N,nb19,1005,1.572,0.617,2,1
5,0,28,2,N,nb20,1005,-1.863,1.696,3,1
5,0,28,2,N,nb21,1005,0.456,-0.948,1,1
5,0,28,2,N,nb22,1005,-1.862,-0.048,1,1
5,0,28,2,N,nb23,1005,1.686,0.818,1,1
5,0,28,2,N,nb24,1005,-1.52,-1.628,2,1
5,0,28,2,N,nb25,1005,0.447,1.866,0,0
5,0,28,2,N,nb26,1005,-0.185,0.183,1,1
5,0,28,2,N,nb27,1005,1.685,0.071,1,1
5,0,28,2,N,nb28,1005,0.941,-1.525,0,0
5,0,28,2,N,nb29,1005,-1.547,-1.338,1,1
5,0,28,2,A,aa0,1005,-1.865,0.777,0,0
5,0,28,2,A,aa1,1005,1.144,-0.443,0,0
5,0,28,2,N,nb0,1010,-0.31,1.815,1,1
5,0,28,2,N,nb1,1010,-1.699,1.655,2,1
5,0,28,2,N,nb2,1010,0.635,-0.879,1,1
5,0,28,2,N,nb3,1010,-0.265,-0.023,2,1
5,0,28,2,N,nb4,1010,-1.475,0.194,2,1
5,0,28,2,N,nb5,1010,1.865,-0.741,0,0
5,0,28,2,N,nb6,1010,1.494,0.214,2,1
5,0,28,2,N,nb7,1010,-1.667,-1.544,2,1
5,0,28,2,N,nb8,1010,-1.692,-0.046,2,1
5,0,28,2,N,nb9,1010,-1.699,1.847,3,1
5,0,28,2,N,nb10,1010,1.369,-0.77,0,0
5,0,28,2,N,nb11,1010,-0.348,1.596,1,1
5,0,28,2,N,nb12,1010,-1.14,-0.743,0,0
5,0,28,2,N,nb13,1010,-1.547,0.041,2,1
5,0,28,2,N,nb14,1010,-1.392,0.342,1,1
5,0,28,2,N,nb15,1010,1.658,0.396,2,1
5,0,28,2,N,nb16,1010,-1.327,-1.586,1,1
5,0,28,2,N,nb17,1010,-0.21,-0.183,1,1
5,0,28,2,N,nb18,1010,-1.866,1.865,2,0
5,0,28,2,N,nb19,1010,1.572,0.617,2,1
5,0,28,2,N,nb20,1010,-1.863,1.696,3,1
5,0,28,2,N,nb21,1010,0.456,-0.948,1,1
5,0,28,2,N,nb22,1010,-1.862,-0.048,1,1
5,0,28,2,N,nb23,1010,1.686,0.818,1,1
5,0,28,2,N,nb24,1010,-1.52,-1.628,2,1
5,0,28,2,N,nb25,1010,0.37,1.866,0,0
5,0,28,2,N,nb26,1010,-0.185,0.183,1,1
5,0,28,2,N,nb27,1010,1.685,0.071,1,1
5,0,28,2,N,nb28,1010,0.849,-1.563,0,0
5,0,28,2,N,nb29,1010,-1.547,-1.338,1,1
5,0,28,2,A,aa0,1010,-1.859,0.685,1,0
5,0,28,2,A,aa1,1010,1.085,-0.42,0,0
5,0,28,2,N,nb0,1015,-0.31,1.815,1,1
5,0,28,2,N,nb1,1015,-1.699,1.655,2,1
5,0,28,2,N,nb2,1015,0.635,-0.879,1,1
5,0,28,2,N,nb3,1015,-0.265,-0.023,2,1
5,0,28,2,N,nb4,1015,-1.475,0.194,2,1
5,0,28,2,N,nb5,1015,1.865,-0.831,0,0
5,0,28,2,N,nb6,1015,1.494,0.214,2,1
5,0,28,2,N,nb7,1015,-1.667,-1.544,2,1
5,0,28,2,N,nb8,1015,-1.692,-0.046,2,1
5,0,28,2,N,nb9,1015,-1.699,1.847,3,1
5,0,28,2,N,nb10,1015,1.315,-0.686,0,0
5,0,28,2,N,nb11,1015,-0.348,1.596,1,1
5,0,28,2,N,nb12,1015,-1.229,-0.698,0,0
5,0,28,2,N,nb13,1015,-1.547,0.041,2,0
5,0,28,2,N,nb14,1015,-1.392,0.342,1,0
5,0,28,2,N,nb15,1015,1.658,0.396,2,1
5,0,28,2,N,nb16,1015,-1.327,-1.586,1,1
5,0,28,2,N,nb17,1015,-0.21,-0.183,1,1
5,0,28,2,N,nb18,1015,-1.866,1.865,2,1
5,0,28,2,N,nb19,1015,1.572,0.617,2,1
5,0,28,2,N,nb20,1015,-1.863,1.696,3,1
5,0,28,2,N,nb21,1015,0.456,-0.948,1,1
5,0,28,2,N,nb22,1015,-1.862,-0.048,1,1
5,0,28,2,N,nb23,1015,1.686,0.818,1,1
5,0,28,2,N,nb24,1015,-1.52,-1.628,2,1
5,0,28,2,N,nb25,1015,0.286,1.866,0,0
5,0,28,2,N,nb26,1015,-0.185,0.183,1,1
5,0,28,2,N,nb27,1015,1.685,0.071,1,1
5,0,28,2,N,nb28,1015,0.757,-1.602,0,0
5,0,28,2,N,nb29,1015,-1.547,-1.338,1,1
5,0,28,2,A,aa0,1015,-1.843,0.593,2,0
5,0,28,2,A,aa1,1015,1.009,-0.425,1,0
5,0,28,2,N,nb0,1020,-0.31,1.815,1,1
5,0,28,2,N,nb1,1020,-1.699,1.655,2,1
5,0,28,2,N,nb2,1020,0.635,-0.879,1,1
5,0,28,2,N,nb3,1020,-0.265,-0.023,2,1
5,0,28,2,N,nb4,1020,-1.475,0.194,2,0
5,0,28,2,N,nb5,1020,1.862,-0.924,0,0
5,0,28,2,N,nb6,1020,1.494,0.214,2,1
5,0,28,2,N,nb7,1020,-1.667,-1.544,2,0
5,0,28,2,N,nb8,1020,-1.692,-0.046,2,0
5,0,28,2,N,nb9,1020,-1.699,1.847,3,1
5,0,28,2,N,nb10,1020,1.261,-0.602,0,0
5,0,28,2,N,nb11,1020,-0.348,1.596,1,1
5,0,28,2,N,nb12,1020,-1.318,-0.652,0,0
5,0,28,2,N,nb13,1020,-1.547,0.041,2,0
5,0,28,2,N,nb14,1020,-1.392,0.342,1,0
5,0,28,2,N,nb15,1020,1.658,0.396,2,1
5,0,28,2,N,nb16,1020,-1.327,-1.586,1,1
5,0,28,2,N,nb17,1020,-0.21,-0.183,1,1
5,0,28,2,N,nb18,1020,-1.866,1.865,2,1
5,0,28,2,N,nb19,1020,1.572,0.617,2,1
5,0,28,2,N,nb20,1020,-1.863,1.696,3,1
5,0,28,2,N,nb21,1020,0.456,-0.948,1,1
5,0,28,2,N,nb22,1020,-1.862,-0.048,1,0
5,0,28,2,N,nb23,1020,1.686,0.818,1,1
5,0,28,2,N,nb24,1020,-1.52,-1.628,2,1
5,0,28,2,N,nb25,1020,0.198,1.866,0,0
5,0,28,2,N,nb26,1020,-0.185,0.183,1,1
5,0,28,2,N,nb27,1020,1.685,0.071,1,1
5,0,28,2,N,nb28,1020,0.665,-1.641,0,0
5,0,28,2,N,nb29,1020,-1.547,-1.338,1,0
5,0,28,2,A,aa0,1020,-1.818,0.503,5,1
5,0,28,2,A,aa1,1020,0.946,-0.429,1,0
5,0,28,2,N,nb0,1025,-0.31,1.815,1,1
5,0,28,2,N,nb1,1025,-1.699,1.655,2,1
5,0,28,2,N,nb2,1025,0.635,-0.879,1,1
5,0,28,2,N,nb3,1025,-0.265,-0.023,2,1
5,0,28,2,N,nb4,1025,-1.406,0.137,1,0
5,0,28,2,N,nb5,1025,1.85,-1.016,0,0
5,0,28,2,N,nb6,1025,1.494,0.214,2,1
5,0,28,2,N,nb7,1025,-1.667,-1.544,2,1
5,0,28,2,N,nb8,1025,-1.646,-0.123,1,0
5,0,28,2,N,nb9,1025,-1.699,1.847,3,1
5,0,28,2,N,nb10,1025,1.207,-0.518,0,0
5,0,28,2,N,nb11,1025,-0.348,1.596,1,1
5,0,28,2,N,nb12,1025,-1.407,-0.607,0,0
5,0,28,2,N,nb13,1025,-1.603,0.051,3,0
5,0,28,2,N,nb14,1025,-1.475,0.378,0,0
5,0,28,2,N,nb15,1025,1.658,0.396,2,1
5,0,28,2,N,nb16,1025,-1.327,-1.586,1,1
5,0,28,2,N,nb17,1025,-0.21,-0.183,1,1
5,0,28,2,N,nb18,1025,-1.866,1.865,2,1
5,0,28,2,N,nb19,1025,1.572,0.617,2,1
5,0,28,2,N,nb20,1025,-1.863,1.696,3,1
5,0,28,2,N,nb21,1025,0.456,-0.948,1,1
5,0,28,2,N,nb22,1025,-1.841,0.04,1,0
5,0,28,2,N,nb23,1025,1.686,0.818,1,1
5,0,28,2,N,nb24,1025,-1.52,-1.628,2,1
5,0,28,2,N,nb25,1025,0.107,1.866,0,0
5,0,28,2,N,nb26,1025,-0.185,0.183,1,1
5,0,28,2,N,nb27,1025,1.685,0.071,1,1
5,0,28,2,N,nb28,1025,0.572,-1.68,0,0
5,0,28,2,N,nb29,1025,-1.547,-1.338,1,1
5,0,28,2,A,aa0,1025,-1.798,0.447,0,0
5,0,28,2,A,aa1,1025,0.946,-0.429,1,0
5,0,28,2,N,nb0,1030,-0.31,1.815,1,1
5,0,28,2,N,nb1,1030,-1.699,1.655,2,1
5,0,28,2,N,nb2,1030,0.635,-0.879,1,1
5,0,28,2,N,nb3,1030,-0.265,-0.023,2,1
5,0,28,2,N,nb4,1030,-1.327,0.078,0,0
5,0,28,2,N,nb5,1030,1.828,-1.106,0,0
5,0,28,2,N,nb6,1030,1.494,0.214,2,1
5,0,28,2,N,nb7,1030,-1.667,-1.544,2,1
5,0,28,2,N,nb8,1030,-1.596,-0.206,0,0
5,0,28,2,N,nb9,1030,-1.699,1.847,3,1
5,0,28,2,N,nb10,1030,1.16,-0.439,0,0
5,0,28,2,N,nb11,1030,-0.348,1.596,1,1
5,0,28,2,N,nb12,1030,-1.496,-0.562,0,0
5,0,28,2,N,nb13,1030,-1.67,0.076,1,1
5,0,28,2,N,nb14,1030,-1.558,0.421,0,0
5,0,28,2,N,nb15,1030,1.658,0.396,2,1
5,0,28,2,N,nb16,1030,-1.327,-1.586,1,1
5,0,28,2,N,nb17,1030,-0.21,-0.183,1,1
5,0,28,2,N,nb18,1030,-1.866,1.865,2,1
5,0,28,2,N,nb19,1030,1.572,0.617,2,1
5,0,28,2,N,nb20,1030,-1.863,1.696,3,1
5,0,28,2,N,nb21,1030,0.456,-0.948,1,1
5,0,28,2,N,nb22,1030,-1.832,0.125,1,1
5,0,28,2,N,nb23,1030,1.686,0.818,1,1
5,0,28,2,N,nb24,1030,-1.52,-1.628,2,1
5,0,28,2,N,nb25,1030,0.015,1.862,0,0
5,0,28,2,N,nb26,1030,-0.185,0.183,1,1
5,0,28,2,N,nb27,1030,1.685,0.071,1,1
5,0,28,2,N,nb28,1030,0.48,-1.718,0,0
5,0,28,2,N,nb29,1030,-1.547,-1.338,1,1
5,0,28,2,A,aa0,1030,-1.747,0.399,0,0
5,0,28,2,A,aa1,1030,0.918,-0.495,1,0
5,0,28,2,N,nb0,1035,-0.31,1.815,2,1
5,0,28,2,N,nb1,1035,-1.699,1.655,2,1
5,0,28,2,N,nb2,1035,0.635,-0.879,1,1
5,0,28,2,N,nb3,1035,-0.265,-0.023,2,1
5,0,28,2,N,nb4,1035,-1.246,0.019,0,0
5,0,28,2,N,nb5,1035,1.797,-1.195,0,0
5,0,28,2,N,nb6,1035,1.494,0.214,2,1
5,0,28,2,N,nb7,1035,-1.667,-1.544,2,1
5,0,28,2,N,nb8,1035,-1.547,-0.291,1,1
5,0,28,2,N,nb9,1035,-1.699,1.847,3,1
5,0,28,2,N,nb10,1035,1.122,-0.351,0,0
5,0,28,2,N,nb11,1035,-0.348,1.596,1,1
5,0,28,2,N,nb12,1035,-1.584,-0.517,1,1
5,0,28,2,N,nb13,1035,-1.671,0.077,1,1
5,0,28,2,N,nb14,1035,-1.608,0.47,0,0
5,0,28,2,N,nb15,1035,1.658,0.396,2,1
5,0,28,2,N,nb16,1035,-1.327,-1.586,1,1
5,0,28,2,N,nb17,1035,-0.21,-0.183,1,1
5,0,28,2,N,nb18,1035,-1.866,1.865,2,1
5,0,28,2,N,nb19,1035,1.572,0.617,2,1
5,0,28,2,N,nb20,1035,-1.863,1.696,3,1
5,0,28,2,N,nb21,1035,0.456,-0.948,1,1
5,0,28,2,N,nb22,1035,-1.833,0.127,1,1
5,0,28,2,N,nb23,1035,1.686,0.818,1,1
5,0,28,2,N,nb24,1035,-1.52,-1.628,2,1
5,0,28,2,N,nb25,1035,-0.077,1.848,1,1
5,0,28,2,N,nb26,1035,-0.185,0.183,1,1
5,0,28,2,N,nb27,1035,1.685,0.071,1,1
5,0,28,2,N,nb28,1035,0.388,-1.757,0,0
5,0,28,2,N,nb29,1035,-1.547,-1.338,1,1
5,0,28,2,A,aa0,1035,-1.711,0.332,2,0
5,0,28,2,A,aa1,1035,0.875,-0.583,1,0
5,0,28,2,N,nb0,1040,-0.31,1.815,2,1
5,0,28,2,N,nb1,1040,-1.699,1.655,2,1
5,0,28,2,N,nb2,1040,0.635,-0.879,1,1
5,0,28,2,N,nb3,1040,-0.265,-0.023,2,1
5,0,28,2,N,nb4,1040,-1.166,-0.04,0,0
5,0,28,2,N,nb5,1040,1.759,-1.281,0,0
5,0,28,2,N,nb6,1040,1.494,0.214,2,1
5,0,28,2,N,nb7,1040,-1.667,-1.544,2,1
5,0,28,2,N,nb8,1040,-1.546,-0.293,1,1
5,0,28,2,N,nb9,1040,-1.699,1.847,3,1
5,0,28,2,N,nb10,1040,1.083,-0.259,0,0
5,0,28,2,N,nb11,1040,-0.348,1.596,1,1
5,0,28,2,N,nb12,1040,-1.586,-0.516,1,1
5,0,28,2,N,nb13,1040,-1.671,0.077,1,1
5,0,28,2,N,nb14,1040,-1.678,0.533,0,0
5,0,28,2,N,nb15,1040,1.658,0.396,2,1
5,0,28,2,N,nb16,1040,-1.327,-1.586,1,1
5,0,28,2,N,nb17,1040,-0.21,-0.183,1,1
5,0,28,2,N,nb18,1040,-1.866,1.865,2,1
5,0,28,2,N,nb19,1040,1.572,0.617,2,1
5,0,28,2,N,nb20,1040,-1.863,1.696,3,1
5,0,28,2,N,nb21,1040,0.456,-0.948,1,1
5,0,28,2,N,nb22,1040,-1.833,0.127,1,1
5,0,28,2,N,nb23,1040,1.686,0.818,1,1
5,0,28,2,N,nb24,1040,-1.52,-1.628,2,1
5,0,28,2,N,nb25,1040,-0.08,1.848,1,1
5,0,28,2,N,nb26,1040,-0.185,0.183,1,1
5,0,28,2,N,nb27,1040,1.685,0.071,1,1
5,0,28,2,N,nb28,1040,0.3,-1.793,0,0
5,0,28,2,N,nb29,1040,-1.547,-1.338,1,1
5,0,28,2,A,aa0,1040,-1.658,0.256,2,0
5,0,28,2,A,aa1,1040,0.831,-0.673,1,0
5,0,28,2,N,nb0,1045,-0.31,1.815,2,1
5,0,28,2,N,nb1,1045,-1.699,1.655,2,1
5,0,28,2,N,nb2,1045,0.635,-0.879,1,1
5,0,28,2,N,nb3,1045,-0.265,-0.023,2,1
5,0,28,2,N,nb4,1045,-1.085,-0.099,0,0
5,0,28,2,N,nb5,1045,1.714,-1.37,0,0
5,0,28,2,N,nb6,1045,1.494,0.214,2,1
5,0,28,2,N,nb7,1045,-1.667,-1.544,2,1
5,0,28,2,N,nb8,1045,-1.546,-0.293,1,1
5,0,28,2,N,nb9,1045,-1.699,1.847,3,1
5,0,28,2,N,nb10,1045,1.045,-0.166,0,0
5,0,28,2,N,nb11,1045,-0.348,1.596,1,1
5,0,28,2,N,nb12,1045,-1.586,-0.516,1,1
5,0,28,2,N,nb13,1045,-1.664,0.051,1,1
5,0,28,2,N,nb14,1045,-1.749,0.604,0,0
5,0,28,2,N,nb15,1045,1.658,0.396,2,1
5,0,28,2,N,nb16,1045,-1.327,-1.586,1,1
5,0,28,2,N,nb17,1045,-0.21,-0.183,1,1
5,0,28,2,N,nb18,1045,-1.866,1.865,2,1
5,0,28,2,N,nb19,1045,1.572,0.617,2,1
5,0,28,2,N,nb20,1045,-1.863,1.696,3,1
5,0,28,2,N,nb21,1045,0.456,-0.948,1,1
5,0,28,2,N,nb22,1045,-1.833,0.127,1,1
5,0,28,2,N,nb23,1045,1.686,0.818,1,1
5,0,28,2,N,nb24,1045,-1.52,-1.628,2,1
5,0,28,2,N,nb25,1045,-0.08,1.848,1,1
5,0,28,2,N,nb26,1045,-0.185,0.183,1,1
5,0,28,2,N,nb27,1045,1.685,0.071,1,1
5,0,28,2,N,nb28,1045,0.213,-1.817,0,0
5,0,28,2,N,nb29,1045,-1.547,-1.338,1,1
5,0,28,2,A,aa0,1045,-1.607,0.211,2,0
5,0,28,2,A,aa1,1045,0.794,-0.755,1,0
5,0,28,2,N,nb0,1050,-0.31,1.815,2,1
5,0,28,2,N,nb1,1050,-1.699,1.655,2,1
5,0,28,2,N,nb2,1050,0.632,-0.882,1,1
5,0,28,2,N,nb3,1050,-0.265,-0.023,2,1
5,0,28,2,N,nb4,1050,-1.004,-0.158,0,0
5,0,28,2,N,nb5,1050,1.669,-1.459,0,0
5,0,28,2,N,nb6,1050,1.494,0.214,2,1
5,0,28,2,N,nb7,1050,-1.667,-1.544,2,1
5,0,28,2,N,nb8,1050,-1.538,-0.306,1,0
5,0,28,2,N,nb9,1050,-1.699,1.847,3,1
5,0,28,2,N,nb10,1050,1.006,-0.074,0,0
5,0,28,2,N,nb11,1050,-0.348,1.596,1,1
5,0,28,2,N,nb12,1050,-1.586,-0.516,1,1
5,0,28,2,N,nb13,1050,-1.679,0.046,1,0
5,0,28,2,N,nb14,1050,-1.814,0.67,0,0
5,0,28,2,N,nb15,1050,1.658,0.396,2,1
5,0,28,2,N,nb16,1050,-1.327,-1.586,1,1
5,0,28,2,N,nb17,1050,-0.21,-0.183,1,1
5,0,28,2,N,nb18,1050,-1.866,1.865,2,1
5,0,28,2,N,nb19,1050,1.572,0.617,2,1
5,0,28,2,N,nb20,1050,-1.863,1.696,3,1
5,0,28,2,N,nb21,1050,0.456,-0.948,1,1
5,0,28,2,N,nb22,1050,-1.828,0.143,1,0
5,0,28,2,N,nb23,1050,1.686,0.818,1,1
5,0,28,2,N,nb24,1050,-1.52,-1.628,2,1
5,0,28,2,N,nb25,1050,-0.08,1.848,1,1
5,0,28,2,N,nb26,1050,-0.185,0.183,1,1
5,0,28,2,N,nb27,1050,1.685,0.071,1,1
5,0,28,2,N,nb28,1050,0.123,-1.829,0,0
5,0,28,2,N,nb29,1050,-1.547,-1.338,1,1
5,0,28,2,A,aa0,1050,-1.54,0.158,0,0
5,0,28,2,A,aa1,1050,0.782,-0.804,1,0
5,0,28,2,N,nb0,1055,-0.31,1.815,2,1
5,0,28,2,N,nb1,1055,-1.699,1.655,2,1
5,0,28,2,N,nb2,1055,0.632,-0.882,1,1
5,0,28,2,N,nb3,1055,-0.265,-0.023,2,1
5,0,28,2,N,nb4,1055,-0.924,-0.217,0,0
5,0,28,2,N,nb5,1055,1.624,-1.549,0,0
5,0,28,2,N,nb6,1055,1.494,0.214,2,1
5,0,28,2,N,nb7,1055,-1.667,-1.544,2,1
5,0,28,2,N,nb8,1055,-1.483,-0.377,1,0
5,0,28,2,N,nb9,1055,-1.699,1.847,3,1
5,0,28,2,N,nb10,1055,0.968,0.018,0,0
5,0,28,2,N,nb11,1055,-0.348,1.596,1,1
5,0,28,2,N,nb12,1055,-1.586,-0.516,1,1
5,0,28,2,N,nb13,1055,-1.758,0.069,1,0
5,0,28,2,N,nb14,1055,-1.866,0.742,0,0
5,0,28,2,N,nb15,1055,1.658,0.396,2,1
5,0,28,2,N,nb16,1055,-1.327,-1.586,1,1
5,0,28,2,N,nb17,1055,-0.21,-0.183,1,1
5,0,28,2,N,nb18,1055,-1.866,1.865,2,1
5,0,28,2,N,nb19,1055,1.572,0.617,2,1
5,0,28,2,N,nb20,1055,-1.863,1.696,3,1
5,0,28,2,N,nb21,1055,0.456,-0.948,1,1
5,0,28,2,N,nb22,1055,-1.811,0.239,1,0
5,0,28,2,N,nb23,1055,1.686,0.818,1,1
5,0,28,2,N,nb24,1055,-1.52,-1.628,2,1
5,0,28,2,N,nb25,1055,-0.08,1.848,1,1
5,0,28,2,N,nb26,1055,-0.185,0.183,1,1
5,0,28,2,N,nb27,1055,1.685,0.071,1,1
5,0,28,2,N,nb28,1055,0.031,-1.831,0,0
5,0,28,2,N,nb29,1055,-1.547,-1.338,1,1
5,0,28,2,A,aa0,1055,-1.462,0.102,0,0
5,0,28,2,A,aa1,1055,0.804,-0.866,1,0
5,0,28,2,N,nb0,1060,-0.31,1.815,2,1
5,0,28,2,N,nb1,1060,-1.699,1.655,2,1
5,0,28,2,N,nb2,1060,0.632,-0.882,1,1
5,0,28,2,N,nb3,1060,-0.265,-0.023,2,0
5,0,28,2,N,nb4,1060,-0.843,-0.276,0,0
5,0,28,2,N,nb5,1060,1.579,-1.638,0,0
5,0,28,2,N,nb6,1060,1.494,0.214,2,1
5,0,28,2,N,nb7,1060,-1.667,-1.544,2,1
5,0,28,2,N,nb8,1060,-1.429,-0.431,1,1
5,0,28,2,N,nb9,1060,-1.699,1.847,3,1
5,0,28,2,N,nb10,1060,0.929,0.111,0,0
5,0,28,2,N,nb11,1060,-0.348,1.596,1,1
5,0,28,2,N,nb12,1060,-1.586,-0.516,1,1
5,0,28,2,N,nb13,1060,-1.831,0.079,1,1
5,0,28,2,N,nb14,1060,-1.866,0.819,0,0
5,0,28,2,N,nb15,1060,1.658,0.396,2,1
5,0,28,2,N,nb16,1060,-1.327,-1.586,1,1
5,0,28,2,N,nb17,1060,-0.21,-0.183,1,0
5,0,28,2,N,nb18,1060,-1.866,1.865,2,1
5,0,28,2,N,nb19,1060,1.572,0.617,2,1
5,0,28,2,N,nb20,1060,-1.863,1.696,3,1
5,0,28,2,N,nb21,1060,0.456,-0.948,1,1
5,0,28,2,N,nb22,1060,-1.794,0.319,1,1
5,0,28,2,N,nb23,1060,1.686,0.818,1,1
5,0,28,2,N,nb24,1060,-1.52,-1.628,2,1
5,0,28,2,N,nb25,1060,-0.08,1.848,1,1
5,0,28,2,N,nb26,1060,-0.185,0.183,1,1
5,0,28,2,N,nb27,1060,1.685,0.071,1,1
5,0,28,2,N,nb28,1060,-0.062,-1.822,0,0
5,0,28,2,N,nb29,1060,-1.547,-1.338,1,1
5,0,28,2,A,aa0,1060,-1.379,0.047,1,0
5,0,28,2,A,aa1,1060,0.837,-0.954,1,0
5,0,28,2,N,nb0,1065,-0.31,1.815,2,1
5,0,28,2,N,nb1,1065,-1.699,1.655,2,1
5,0,28,2,N,nb2,1065,0.632,-0.882,1,1
5,0,28,2,N,nb3,1065,-0.265,-0.023,2,1
5,0,28,2,N,nb4,1065,-0.762,-0.336,0,0
5,0,28,2,N,nb5,1065,1.534,-1.727,0,0
5,0,28,2,N,nb6,1065,1.494,0.214,2,1
5,0,28,2,N,nb7,1065,-1.667,-1.544,2,1
5,0,28,2,N,nb8,1065,-1.404,-0.454,1,0
5,0,28,2,N,nb9,1065,-1.699,1.847,3,1
5,0,28,2,N,nb10,1065,0.891,0.203,0,0
5,0,28,2,N,nb11,1065,-0.348,1.596,1,1
5,0,28,2,N,nb12,1065,-1.618,-0.501,1,0
5,0,28,2,N,nb13,1065,-1.862,0.08,0,0
5,0,28,2,N,nb14,1065,-1.866,0.902,0,0
5,0,28,2,N,nb15,1065,1.658,0.396,2,1
5,0,28,2,N,nb16,1065,-1.327,-1.586,1,0
5,0,28,2,N,nb17,1065,-0.21,-0.183,1,1
5,0,28,2,N,nb18,1065,-1.866,1.865,2,1
5,0,28,2,N,nb19,1065,1.572,0.617,2,1
5,0,28,2,N,nb20,1065,-1.863,1.696,3,1
5,0,28,2,N,nb21,1065,0.456,-0.948,1,1
5,0,28,2,N,nb22,1065,-1.785,0.353,0,0
5,0,28,2,N,nb23,1065,1.686,0.818,1,1
5,0,28,2,N,nb24,1065,-1.52,-1.628,2,1
5,0,28,2,N,nb25,1065,-0.08,1.848,1,0
5,0,28,2,N,nb26,1065,-0.185,0.183,1,1
5,0,28,2,N,nb27,1065,1.685,0.071,1,1
5,0,28,2,N,nb28,1065,-0.153,-1.805,0,0
5,0,28,2,N,nb29,1065,-1.547,-1.338,1,1
5,0,28,2,A,aa0,1065,-1.296,-0.009,0,0
5,0,28,2,A,aa1,1065,0.838,-0.957,1,0
5,0,28,2,N,nb0,1070,-0.31,1.815,2,1
5,0,28,2,N,nb1,1070,-1.699,1.655,2,1
5,0,28,2,N,nb2,1070,0.632,-0.882,1,1
5,0,28,2,N,nb3,1070,-0.265,-0.023,2,1
5,0,28,2,N,nb4,1070,-0.682,-0.395,0,0
5,0,28,2,N,nb5,1070,1.49,-1.811,0,0
5,0,28,2,N,nb6,1070,1.494,0.214,2,1
5,0,28,2,N,nb7,1070,-1.667,-1.544,2,1
5,0,28,2,N,nb8,1070,-1.328,-0.516,0,0
5,0,28,2,N,nb9,1070,-1.699,1.847,3,1
5,0,28,2,N,nb10,1070,0.852,0.295,0,0
5,0,28,2,N,nb11,1070,-0.348,1.596,1,1
5,0,28,2,N,nb12,1070,-1.709,-0.462,0,0
5,0,28,2,N,nb13,1070,-1.865,0.076,0,0
5,0,28,2,N,nb14,1070,-1.866,0.99,0,0
5,0,28,2,N,nb15,1070,1.658,0.396,2,1
5,0,28,2,N,nb16,1070,-1.327,-1.586,1,1
5,0,28,2,N,nb17,1070,-0.21,-0.183,1,1
5,0,28,2,N,nb18,1070,-1.866,1.865,2,1
5,0,28,2,N,nb19,1070,1.572,0.617,2,1
5,0,28,2,N,nb20,1070,-1.863,1.696,3,1
5,0,28,2,N,nb21,1070,0.456,-0.948,1,1
5,0,28,2,N,nb22,1070,-1.758,0.444,0,0
5,0,28,2,N,nb23,1070,1.686,0.818,1,1
5,0,28,2,N,nb24,1070,-1.52,-1.628,2,1
5,0,28,2,N,nb25,1070,-0.08,1.848,1,1
5,0,28,2,N,nb26,1070,-0.185,0.183,1,1
5,0,28,2,N,nb27,1070,1.685,0.071,1,1
5,0,28,2,N,nb28,1070,-0.243,-1.778,0,0
5,0,28,2,N,nb29,1070,-1.547,-1.338,1,1
5,0,28,2,A,aa0,1070,-1.213,-0.065,0,0
5,0,28,2,A,aa1,1070,0.911,-0.98,1,0
5,0,28,2,N,nb0,1075,-0.31,1.815,2,1
5,0,28,2,N,nb1,1075,-1.699,1.655,2,1
5,0,28,2,N,nb2,1075,0.632,-0.882,1,1
5,0,28,2,N,nb3,1075,-0.265,-0.023,2,1
5,0,28,2,N,nb4,1075,-0.601,-0.454,0,0
5,0,28,2,N,nb5,1075,1.441,-1.865,0,0
5,0,28,2,N,nb6,1075,1.494,0.214,2,1
5,0,28,2,N,nb7,1075,-1.667,-1.544,2,1
5,0,28,2,N,nb8,1075,-1.25,-0.579,0,0
5,0,28,2,N,nb9,1075,-1.699,1.847,3,1
5,0,28,2,N,nb10,1075,0.814,0.388,0,0
5,0,28,2,N,nb11,1075,-0.348,1.596,1,1
5,0,28,2,N,nb12,1075,-1.798,-0.424,0,0
5,0,28,2,N,nb13,1075,-1.865,0.054,0,0
5,0,28,2,N,nb14,1075,-1.866,1.081,0,0
5,0,28,2,N,nb15,1075,1.658,0.396,2,1
5,0,28,2,N,nb16,1075,-1.327,-1.586,1,1
5,0,28,2,N,nb17,1075,-0.21,-0.183,1,1
5,0,28,2,N,nb18,1075,-1.866,1.865,2,1
5,0,28,2,N,nb19,1075,1.572,0.617,2,1
5,0,28,2,N,nb20,1075,-1.863,1.696,3,1
5,0,28,2,N,nb21,1075,0.456,-0.948,1,1
5,0,28,2,N,nb22,1075,-1.726,0.538,0,0
5,0,28,2,N,nb23,1075,1.686,0.818,1,1
5,0,28,2,N,nb24,1075,-1.52,-1.628,2,1
5,0,28,2,N,nb25,1075,-0.08,1.848,1,1
5,0,28,2,N,nb26,1075,-0.185,0.183,1,1
5,0,28,2,N,nb27,1075,1.685,0.071,1,1
5,0,28,2,N,nb28,1075,-0.332,-1.743,0,0
5,0,28,2,N,nb29,1075,-1.547,-1.338,1,1
5,0,28,2,A,aa0,1075,-1.13,-0.121,0,0
5,0,28,2,A,aa1,1075,1.007,-1.011,0,0
5,0,28,2,N,nb0,1080,-0.31,1.815,2,1
5,0,28,2,N,nb1,1080,-1.699,1.655,2,1
5,0,28,2,N,nb2,1080,0.632,-0.882,1,1
5,0,28,2,N,nb3,1080,-0.265,-0.023,2,1
5,0,28,2,N,nb4,1080,-0.52,-0.513,0,0
5,0,28,2,N,nb5,1080,1.384,-1.865,0,0
5,0,28,2,N,nb6,1080,1.494,0.214,2,1
5,0,28,2,N,nb7,1080,-1.667,-1.544,2,1
5,0,28,2,N,nb8,1080,-1.172,-0.642,0,0
5,0,28,2,N,nb9,1080,-1.699,1.847,3,1
5,0,28,2,N,nb10,1080,0.776,0.48,0,0
5,0,28,2,N,nb11,1080,-0.348,1.596,1,1
5,0,28,2,N,nb12,1080,-1.865,-0.382,0,0
5,0,28,2,N,nb13,1080,-1.865,0.016,0,0
5,0,28,2,N,nb14,1080,-1.862,1.173,0,0
5,0,28,2,N,nb15,1080,1.658,0.396,2,1
5,0,28,2,N,nb16,1080,-1.327,-1.586,1,1
5,0,28,2,N,nb17,1080,-0.21,-0.183,1,1
5,0,28,2,N,nb18,1080,-1.866,1.865,2,1
5,0,28,2,N,nb19,1080,1.572,0.617,2,1
5,0,28,2,N,nb20,1080,-1.863,1.696,3,1
5,0,28,2,N,nb21,1080,0.456,-0.948,1,1
5,0,28,2,N,nb22,1080,-1.693,0.633,0,0
5,0,28,2,N,nb23,1080,1.686,0.818,1,1
5,0,28,2,N,nb24,1080,-1.52,-1.628,2,1
5,0,28,2,N,nb25,1080,-0.08,1.848,1,1
5,0,28,2,N,nb26,1080,-0.185,0.183,1,1
5,0,28,2,N,nb27,1080,1.685,0.071,1,1
5,0,28,2,N,nb28,1080,-0.424,-1.704,0,0
5,0,28,2,N,nb29,1080,-1.547,-1.338,1,1
5,0,28,2,A,aa0,1080,-1.047,-0.177,0,0
5,0,28,2,A,aa1,1080,1.102,-1.041,1,0
5,0,28,2,N,nb0,1085,-0.31,1.815,2,1
5,0,28,2,N,nb1,1085,-1.699,1.655,2,1
5,0,28,2,N,nb2,1085,0.632,-0.882,1,1
5,0,28,2,N,nb3,1085,-0.265,-0.023,2,1
5,0,28,2,N,nb4,1085,-0.44,-0.572,0,0
5,0,28,2,N,nb5,1085,1.315,-1.865,0,0
5,0,28,2,N,nb6,1085,1.494,0.214,2,1
5,0,28,2,N,nb7,1085,-1.667,-1.544,2,1
5,0,28,2,N,nb8,1085,-1.094,-0.704,0,0
5,0,28,2,N,nb9,1085,-1.699,1.847,3,1
5,0,28,2,N,nb10,1085,0.737,0.572,0,0
5,0,28,2,N,nb11,1085,-0.348,1.596,1,1
5,0,28,2,N,nb12,1085,-1.865,-0.331,0,0
5,0,28,2,N,nb13,1085,-1.865,-0.036,0,0
5,0,28,2,N,nb14,1085,-1.849,1.265,0,0
5,0,28,2,N,nb15,1085,1.658,0.396,2,1
5,0,28,2,N,nb16,1085,-1.327,-1.586,1,1
5,0,28,2,N,nb17,1085,-0.21,-0.183,1,1
5,0,28,2,N,nb18,1085,-1.866,1.865,2,1
5,0,28,2,N,nb19,1085,1.572,0.617,2,1
5,0,28,2,N,nb20,1085,-1.863,1.696,3,1
5,0,28,2,N,nb21,1085,0.456,-0.948,1,1
5,0,28,2,N,nb22,1085,-1.66,0.727,0,0
5,0,28,2,N,nb23,1085,1.686,0.818,1,1
5,0,28,2,N,nb24,1085,-1.52,-1.628,2,1
5,0,28,2,N,nb25,1085,-0.08,1.848,1,1
5,0,28,2,N,nb26,1085,-0.185,0.183,1,1
5,0,28,2,N,nb27,1085,1.685,0.071,1,1
5,0,28,2,N,nb28,1085,-0.516,-1.665,0,0
5,0,28,2,N,nb29,1085,-1.547,-1.338,1,1
5,0,28,2,A,aa0,1085,-0.964,-0.233,0,0
5,0,28,2,A,aa1,1085,1.197,-1.071,1,0
5,0,28,2,N,nb0,1090,-0.31,1.815,2,1
5,0,28,2,N,nb1,1090,-1.699,1.655,2,0
5,0,28,2,N,nb2,1090,0.632,-0.882,1,1
5,0,28,2,N,nb3,1090,-0.265,-0.023,2,1
5,0,28,2,N,nb4,1090,-0.359,-0.631,0,0
5,0,28,2,N,nb5,1090,1.238,-1.865,0,0
5,0,28,2,N,nb6,1090,1.494,0.214,2,1
5,0,28,2,N,nb7,1090,-1.667,-1.544,2,1
5,0,28,2,N,nb8,1090,-1.016,-0.767,0,0
5,0,28,2,N,nb9,1090,-1.699,1.847,3,0
5,0,28,2,N,nb10,1090,0.699,0.664,0,0
5,0,28,2,N,nb11,1090,-0.348,1.596,1,1
5,0,28,2,N,nb12,1090,-1.865,-0.306,1,1
5,0,28,2,N,nb13,1090,-1.865,-0.062,1,1
5,0,28,2,N,nb14,1090,-1.827,1.355,0,0
5,0,28,2,N,nb15,1090,1.658,0.396,2,1
5,0,28,2,N,nb16,1090,-1.327,-1.586,1,1
5,0,28,2,N,nb17,1090,-0.21,-0.183,1,1
5,0,28,2,N,nb18,1090,-1.866,1.865,2,1
5,0,28,2,N,nb19,1090,1.572,0.617,2,1
5,0,28,2,N,nb20,1090,-1.863,1.696,3,0
5,0,28,2,N,nb21,1090,0.456,-0.948,1,1
5,0,28,2,N,nb22,1090,-1.628,0.822,0,0
5,0,28,2,N,nb23,1090,1.686,0.818,1,1
5,0,28,2,N,nb24,1090,-1.52,-1.628,2,1
5,0,28,2,N,nb25,1090,-0.08,1.848,1,1
5,0,28,2,N,nb26,1090,-0.185,0.183,1,1
5,0,28,2,N,nb27,1090,1.685,0.071,1,1
5,0,28,2,N,nb28,1090,-0.609,-1.626,0,0
5,0,28,2,N,nb29,1090,-1.547,-1.338,1,1
5,0,28,2,A,aa0,1090,-0.881,-0.288,0,0
5,0,28,2,A,aa1,1090,1.293,-1.101,0,0
5,0,28,2,N,nb0,1095,-0.31,1.815,2,1
5,0,28,2,N,nb1,1095,-1.699,1.655,3,1
5,0,28,2,N,nb2,1095,0.632,-0.882,1,1
5,0,28,2,N,nb3,1095,-0.265,-0.023,2,1
5,0,28,2,N,nb4,1095,-0.278,-0.69,0,0
5,0,28,2,N,nb5,1095,1.154,-1.865,0,0
5,0,28,2,N,nb6,1095,1.494,0.214,2,1
5,0,28,2,N,nb7,1095,-1.667,-1.544,2,1
5,0,28,2,N,nb8,1095,-0.938,-0.83,0,0
5,0,28,2,N,nb9,1095,-1.699,1.847,3,1
5,0,28,2,N,nb10,1095,0.66,0.757,0,0
5,0,28,2,N,nb11,1095,-0.348,1.596,1,1
5,0,28,2,N,nb12,1095,-1.865,-0.306,1,1
5,0,28,2,N,nb13,1095,-1.865,-0.062,1,1
5,0,28,2,N,nb14,1095,-1.796,1.444,1,1
5,0,28,2,N,nb15,1095,1.658,0.396,2,1
5,0,28,2,N,nb16,1095,-1.327,-1.586,1,1
5,0,28,2,N,nb17,1095,-0.21,-0.183,1,1
5,0,28,2,N,nb18,1095,-1.866,1.865,2,1
5,0,28,2,N,nb19,1095,1.572,0.617,2,0
5,0,28,2,N,nb20,1095,-1.863,1.696,3,1
5,0,28,2,N,nb21,1095,0.456,-0.948,1,1
5,0,28,2,N,nb22,1095,-1.595,0.916,0,0
5,0,28,2,N,nb23,1095,1.686,0.818,1,0
5,0,28,2,N,nb24,1095,-1.52,-1.628,2,1
5,0,28,2,N,nb25,1095,-0.08,1.848,1,1
5,0,28,2,N,nb26,1095,-0.185,0.183,1,1
5,0,28,2,N,nb27,1095,1.685,0.071,1,1
5,0,28,2,N,nb28,1095,-0.701,-1.587,0,0
5,0,28,2,N,nb29,1095,-1.547,-1.338,1,1
5,0,28,2,A,aa0,1095,-0.799,-0.344,0,0
5,0,28,2,A,aa1,1095,1.388,-1.131,0,0
5,0,28,2,N,nb0,1100,-0.31,1.815,2,1
5,0,28,2,N,nb1,1100,-1.699,1.655,3,1
5,0,28,2,N,nb2,1100,0.632,-0.882,1,1
5,0,28,2,N,nb3,1100,-0.265,-0.023,2,1
5,0,28,2,N,nb4,1100,-0.198,-0.749,0,0
5,0,28,2,N,nb5,1100,1.066,-1.865,0,0
5,0,28,2,N,nb6,1100,1.494,0.214,2,1
5,0,28,2,N,nb7,1100,-1.667,-1.544,2,1
5,0,28,2,N,nb8,1100,-0.86,-0.892,0,0
5,0,28,2,N,nb9,1100,-1.699,1.847,3,1
5,0,28,2,N,nb10,1100,0.622,0.849,0,0
5,0,28,2,N,nb11,1100,-0.348,1.596,1,1
5,0,28,2,N,nb12,1100,-1.865,-0.306,1,1
5,0,28,2,N,nb13,1100,-1.865,-0.062,1,1
5,0,28,2,N,nb14,1100,-1.795,1.446,1,1
5,0,28,2,N,nb15,1100,1.658,0.396,2,1
5,0,28,2,N,nb16,1100,-1.327,-1.586,1,1
5,0,28,2,N,nb17,1100,-0.21,-0.183,1,1
5,0,28,2,N,nb18,1100,-1.866,1.865,2,1
5,0,28,2,N,nb19,1100,1.572,0.617,2,1
5,0,28,2,N,nb20,1100,-1.863,1.696,3,1
5,0,28,2,N,nb21,1100,0.456,-0.948,1,1
5,0,28,2,N,nb22,1100,-1.563,1.011,0,0
5,0,28,2,N,nb23,1100,1.686,0.818,1,1
5,0,28,2,N,nb24,1100,-1.52,-1.628,2,1
5,0,28,2,N,nb25,1100,-0.08,1.848,1,1
5,0,28,2,N,nb26,1100,-0.185,0.183,1,1
5,0,28,2,N,nb27,1100,1.685,0.071,1,1
5,0,28,2,N,nb28,1100,-0.793,-1.548,0,0
5,0,28,2,N,nb29,1100,-1.547,-1.338,1,1
5,0,28,2,A,aa0,1100,-0.716,-0.4,2,0
5,0,28,2,A,aa1,1100,1.483,-1.161,0,0
5,0,28,2,N,nb0,1105,-0.31,1.815,2,1
5,0,28,2,N,nb1,1105,-1.699,1.655,3,1
5,0,28,2,N,nb2,1105,0.632,-0.882,1,1
5,0,28,2,N,nb3,1105,-0.265,-0.023,2,1
5,0,28,2,N,nb4,1105,-0.117,-0.808,0,0
5,0,28,2,N,nb5,1105,0.975,-1.865,0,0
5,0,28,2,N,nb6,1105,1.494,0.214,2,1
5,0,28,2,N,nb7,1105,-1.667,-1.544,2,1
5,0,28,2,N,nb8,1105,-0.782,-0.955,0,0
5,0,28,2,N,nb9,1105,-1.699,1.847,3,1
5,0,28,2,N,nb10,1105,0.583,0.941,0,0
5,0,28,2,N,nb11,1105,-0.348,1.596,1,1
5,0,28,2,N,nb12,1105,-1.865,-0.306,1,1
5,0,28,2,N,nb13,1105,-1.865,-0.062,1,1
5,0,28,2,N,nb14,1105,-1.795,1.446,1,1
5,0,28,2,N,nb15,1105,1.658,0.396,2,0
5,0,28,2,N,nb16,1105,-1.327,-1.586,1,1
5,0,28,2,N,nb17,1105,-0.21,-0.183,1,1
5,0,28,2,N,nb18,1105,-1.866,1.865,2,1
5,0,28,2,N,nb19,1105,1.572,0.617,2,1
5,0,28,2,N,nb20,1105,-1.863,1.696,3,1
5,0,28,2,N,nb21,1105,0.456,-0.948,1,1
5,0,28,2,N,nb22,1105,-1.53,1.105,0,0
5,0,28,2,N,nb23,1105,1.686,0.818,1,1
5,0,28,2,N,nb24,1105,-1.52,-1.628,2,1
5,0,28,2,N,nb25,1105,-0.08,1.848,1,1
5,0,28,2,N,nb26,1105,-0.185,0.183,1,1
5,0,28,2,N,nb27,1105,1.685,0.071,1,1
5,0,28,2,N,nb28,1105,-0.885,-1.51,0,0
5,0,28,2,N,nb29,1105,-1.547,-1.338,1,1
5,0,28,2,A,aa0,1105,-0.633,-0.456,2,0
5,0,28,2,A,aa1,1105,1.579,-1.192,0,0
5,0,28,2,N,nb0,1110,-0.31,1.815,2,1
5,0,28,2,N,nb1,1110,-1.699,1.655,3,1
5,0,28,2,N,nb2,1110,0.632,-0.882,1,1
5,0,28,2,N,nb3,1110,-0.265,-0.023,2,1
5,0,28,2,N,nb4,1110,-0.036,-0.867,0,0
5,0,28,2,N,nb5,1110,0.883,-1.861,0,0
5,0,28,2,N,nb6,1110,1.494,0.214,2,1
5,0,28,2,N,nb7,1110,-1.667,-1.544,2,1
5,0,28,2,N,nb8,1110,-0.704,-1.018,0,0
5,0,28,2,N,nb9,1110,-1.699,1.847,3,1
5,0,28,2,N,nb10,1110,0.545,1.034,0,0
5,0,28,2,N,nb11,1110,-0.348,1.596,1,1
5,0,28,2,N,nb12,1110,-1.865,-0.306,1,1
5,0,28,2,N,nb13,1110,-1.865,-0.062,1,1
5,0,28,2,N,nb14,1110,-1.795,1.446,1,1
5,0,28,2,N,nb15,1110,1.658,0.396,2,1
5,0,28,2,N,nb16,1110,-1.327,-1.586,1,1
5,0,28,2,N,nb17,1110,-0.21,-0.183,1,1
5,0,28,2,N,nb18,1110,-1.866,1.865,2,1
5,0,28,2,N,nb19,1110,1.572,0.617,2,1
5,0,28,2,N,nb20,1110,-1.863,1.696,3,1
5,0,28,2,N,nb21,1110,0.456,-0.948,1,1
5,0,28,2,N,nb22,1110,-1.498,1.2,0,0
5,0,28,2,N,nb23,1110,1.686,0.818,1,1
5,0,28,2,N,nb24,1110,-1.52,-1.628,2,1
5,0,28,2,N,nb25,1110,-0.08,1.848,1,1
5,0,28,2,N,nb26,1110,-0.185,0.183,1,1
5,0,28,2,N,nb27,1110,1.685,0.071,1,1
5,0,28,2,N,nb28,1110,-0.977,-1.471,0,0
5,0,28,2,N,nb29,1110,-1.547,-1.338,1,1
5,0,28,2,A,aa0,1110,-0.55,-0.512,2,0
5,0,28,2,A,aa1,1110,1.674,-1.222,0,0
5,0,28,2,N,nb0,1115,-0.31,1.815,2,1
5,0,28,2,N,nb1,1115,-1.699,1.655,3,1
5,0,28,2,N,nb2,1115,0.632,-0.882,1,1
5,0,28,2,N,nb3,1115,-0.265,-0.023,2,1
5,0,28,2,N,nb4,1115,0.044,-0.927,0,0
5,0,28,2,N,nb5,1115,0.791,-1.847,0,0
5,0,28,2,N,nb6,1115,1.494,0.214,2,1
5,0,28,2,N,nb7,1115,-1.667,-1.544,2,1
5,0,28,2,N,nb8,1115,-0.626,-1.081,0,0
5,0,28,2,N,nb9,1115,-1.699,1.847,3,1
5,0,28,2,N,nb10,1115,0.506,1.126,0,0
5,0,28,2,N,nb11,1115,-0.348,1.596,1,1
5,0,28,2,N,nb12,1115,-1.865,-0.306,1,1
5,0,28,2,N,nb13,1115,-1.865,-0.062,1,1
5,0,28,2,N,nb14,1115,-1.795,1.446,1,1
5,0,28,2,N,nb15,1115,1.658,0.396,2,1
5,0,28,2,N,nb16,1115,-1.327,-1.586,1,1
5,0,28,2,N,nb17,1115,-0.21,-0.183,1,1
5,0,28,2,N,nb18,1115,-1.866,1.865,2,1
5,0,28,2,N,nb19,1115,1.572,0.617,2,1
5,0,28,2,N,nb20,1115,-1.863,1.696,3,1
5,0,28,2,N,nb21,1115,0.456,-0.948,1,1
5,0,28,2,N,nb22,1115,-1.465,1.295,0,0
5,0,28,2,N,nb23,1115,1.686,0.818,1,1
5,0,28,2,N,nb24,1115,-1.52,-1.628,2,1
5,0,28,2,N,nb25,1115,-0.08,1.848,1,1
5,0,28,2,N,nb26,1115,-0.185,0.183,1,1
5,0,28,2,N,nb27,1115,1.685,0.071,1,1
5,0,28,2,N,nb28,1115,-1.069,-1.432,0,0
5,0,28,2,N,nb29,1115,-1.547,-1.338,1,1
5,0,28,2,A,aa0,1115,-0.467,-0.568,2,0
5,0,28,2,A,aa1,1115,1.769,-1.252,0,0
5,0,28,2,N,nb0,1120,-0.31,1.815,2,1
5,0,28,2,N,nb1,1120,-1.699,1.655,3,1
5,0,28,2,N,nb2,1120,0.632,-0.882,1,1
5,0,28,2,N,nb3,1120,-0.265,-0.023,2,1
5,0,28,2,N,nb4,1120,0.125,-0.986,0,0
5,0,28,2,N,nb5,1120,0.701,-1.824,0,0
5,0,28,2,N,nb6,1120,1.494,0.214,2,0
5,0,28,2,N,nb7,1120,-1.667,-1.544,2,1
5,0,28,2,N,nb8,1120,-0.548,-1.143,0,0
5,0,28,2,N,nb9,1120,-1.699,1.847,3,1
5,0,28,2,N,nb10,1120,0.468,1.218,0,0
5,0,28,2,N,nb11,1120,-0.348,1.596,1,1
5,0,28,2,N,nb12,1120,-1.865,-0.306,1,1
5,0,28,2,N,nb13,1120,-1.865,-0.062,1,1
5,0,28,2,N,nb14,1120,-1.795,1.446,1,1
5,0,28,2,N,nb15,1120,1.658,0.396,2,1
5,0,28,2,N,nb16,1120,-1.327,-1.586,1,1
5,0,28,2,N,nb17,1120,-0.21,-0.183,1,1
5,0,28,2,N,nb18,1120,-1.866,1.865,2,1
5,0,28,2,N,nb19,1120,1.572,0.617,2,1
5,0,28,2,N,nb20,1120,-1.863,1.696,3,1
5,0,28,2,N,nb21,1120,0.456,-0.948,1,1
5,0,28,2,N,nb22,1120,-1.433,1.389,0,0
5,0,28,2,N,nb23,1120,1.686,0.818,1,1
5,0,28,2,N,nb24,1120,-1.52,-1.628,2,1
5,0,28,2,N,nb25,1120,-0.08,1.848,1,1
5,0,28,2,N,nb26,1120,-0.185,0.183,1,1
5,0,28,2,N,nb27,1120,1.685,0.071,1,1
5,0,28,2,N,nb28,1120,-1.16,-1.394,0,0
5,0,28,2,N,nb29,1120,-1.547,-1.338,1,1
5,0,28,2,A,aa0,1120,-0.384,-0.623,1,0
5,0,28,2,A,aa1,1120,1.85,-1.284,0,0
5,0,28,2,N,nb0,1125,-0.31,1.815,2,1
5,0,28,2,N,nb1,1125,-1.699,1.655,3,1
5,0,28,2,N,nb2,1125,0.632,-0.882,1,1
5,0,28,2,N,nb3,1125,-0.265,-0.023,2,1
5,0,28,2,N,nb4,1125,0.206,-1.045,0,0
5,0,28,2,N,nb5,1125,0.612,-1.793,0,0
5,0,28,2,N,nb6,1125,1.494,0.214,2,1
5,0,28,2,N,nb7,1125,-1.667,-1.544,2,1
5,0,28,2,N,nb8,1125,-0.47,-1.206,0,0
5,0,28,2,N,nb9,1125,-1.699,1.847,3,1
5,0,28,2,N,nb10,1125,0.429,1.311,0,0
5,0,28,2,N,nb11,1125,-0.348,1.596,1,1
5,0,28,2,N,nb12,1125,-1.865,-0.306,1,1
5,0,28,2,N,nb13,1125,-1.865,-0.062,1,1
5,0,28,2,N,nb14,1125,-1.795,1.446,1,0
5,0,28,2,N,nb15,1125,1.658,0.396,2,1
5,0,28,2,N,nb16,1125,-1.327,-1.586,2,1
5,0,28,2,N,nb17,1125,-0.21,-0.183,1,1
5,0,28,2,N,nb18,1125,-1.866,1.865,2,1
5,0,28,2,N,nb19,1125,1.572,0.617,2,1
5,0,28,2,N,nb20,1125,-1.863,1.696,3,1
5,0,28,2,N,nb21,1125,0.456,-0.948,1,1
5,0,28,2,N,nb22,1125,-1.4,1.484,0,0
5,0,28,2,N,nb23,1125,1.686,0.818,1,1
5,0,28,2,N,nb24,1125,-1.52,-1.628,2,0
5,0,28,2,N,nb25,1125,-0.08,1.848,1,1
5,0,28,2,N,nb26,1125,-0.185,0.183,1,1
5,0,28,2,N,nb27,1125,1.685,0.071,1,1
5,0,28,2,N,nb28,1125,-1.195,-1.377,1,1
5,0,28,2,N,nb29,1125,-1.547,-1.338,1,1
5,0,28,2,A,aa0,1125,-0.364,-0.636,1,0
5,0,28,2,A,aa1,1125,1.866,-1.327,0,0
5,0,28,2,N,nb0,1130,-0.31,1.815,2,1
5,0,28,2,N,nb1,1130,-1.699,1.655,3,1
5,0,28,2,N,nb2,1130,0.632,-0.882,1,1
5,0,28,2,N,nb3,1130,-0.265,-0.023,2,1
5,0,28,2,N,nb4,1130,0.239,-1.069,1,1
5,0,28,2,N,nb5,1130,0.526,-1.754,0,0
5,0,28,2,N,nb6,1130,1.494,0.214,2,1
5,0,28,2,N,nb7,1130,-1.667,-1.544,2,1
5,0,28,2,N,nb8,1130,-0.393,-1.269,0,0
5,0,28,2,N,nb9,1130,-1.699,1.847,3,1
5,0,28,2,N,nb10,1130,0.391,1.403,0,0
5,0,28,2,N,nb11,1130,-0.348,1.596,1,1
5,0,28,2,N,nb12,1130,-1.865,-0.306,1,1
5,0,28,2,N,nb13,1130,-1.865,-0.062,1,1
5,0,28,2,N,nb14,1130,-1.795,1.446,1,1
5,0,28,2,N,nb15,1130,1.658,0.396,2,1
5,0,28,2,N,nb16,1130,-1.327,-1.586,2,1
5,0,28,2,N,nb17,1130,-0.21,-0.183,1,1
5,0,28,2,N,nb18,1130,-1.866,1.865,2,1
5,0,28,2,N,nb19,1130,1.572,0.617,2,1
5,0,28,2,N,nb20,1130,-1.863,1.696,3,1
5,0,28,2,N,nb21,1130,0.456,-0.948,2,1
5,0,28,2,N,nb22,1130,-1.367,1.578,0,0
5,0,28,2,N,nb23,1130,1.686,0.818,1,1
5,0,28,2,N,nb24,1130,-1.52,-1.628,2,1
5,0,28,2,N,nb25,1130,-0.08,1.848,1,1
5,0,28,2,N,nb26,1130,-0.185,0.183,1,1
5,0,28,2,N,nb27,1130,1.685,0.071,1,1
5,0,28,2,N,nb28,1130,-1.195,-1.377,1,1
5,0,28,2,N,nb29,1130,-1.547,-1.338,1,1
5,0,28,2,A,aa0,1130,-0.31,-0.622,1,0
5,0,28,2,A,aa1,1130,1.866,-1.382,0,0
5,0,28,2,N,nb0,1135,-0.31,1.815,2,0
5,0,28,2,N,nb1,1135,-1.699,1.655,3,1
5,0,28,2,N,nb2,1135,0.632,-0.882,1,0
5,0,28,2,N,nb3,1135,-0.265,-0.023,2,1
5,0,28,2,N,nb4,1135,0.239,-1.069,1,1
5,0,28,2,N,nb5,1135,0.436,-1.709,0,0
5,0,28,2,N,nb6,1135,1.494,0.214,2,1
5,0,28,2,N,nb7,1135,-1.667,-1.544,2,1
5,0,28,2,N,nb8,1135,-0.315,-1.331,0,0
5,0,28,2,N,nb9,1135,-1.699,1.847,3,1
5,0,28,2,N,nb10,1135,0.353,1.495,0,0
5,0,28,2,N,nb11,1135,-0.348,1.596,1,0
5,0,28,2,N,nb12,1135,-1.865,-0.306,1,1
5,0,28,2,N,nb13,1135,-1.865,-0.062,1,1
5,0,28,2,N,nb14,1135,-1.795,1.446,1,1
5,0,28,2,N,nb15,1135,1.658,0.396,2,1
5,0,28,2,N,nb16,1135,-1.327,-1.586,2,1
5,0,28,2,N,nb17,1135,-0.21,-0.183,1,1
5,0,28,2,N,nb18,1135,-1.866,1.865,2,1
5,0,28,2,N,nb19,1135,1.572,0.617,2,1
5,0,28,2,N,nb20,1135,-1.863,1.696,3,1
5,0,28,2,N,nb21,1135,0.456,-0.948,2,0
5,0,28,2,N,nb22,1135,-1.335,1.673,0,0
5,0,28,2,N,nb23,1135,1.686,0.818,1,1
5,0,28,2,N,nb24,1135,-1.52,-1.628,2,1
5,0,28,2,N,nb25,1135,-0.08,1.848,1,1
5,0,28,2,N,nb26,1135,-0.185,0.183,1,1
5,0,28,2,N,nb27,1135,1.685,0.071,1,0
5,0,28,2,N,nb28,1135,-1.195,-1.377,1,1
5,0,28,2,N,nb29,1135,-1.547,-1.338,1,1
5,0,28,2,A,aa0,1135,-0.213,-0.596,1,0
5,0,28,2,A,aa1,1135,1.866,-1.436,0,0
5,0,28,2,N,nb0,1140,-0.31,1.815,2,1
5,0,28,2,N,nb1,1140,-1.699,1.655,3,1
5,0,28,2,N,nb2,1140,0.632,-0.882,1,1
5,0,28,2,N,nb3,1140,-0.265,-0.023,2,1
5,0,28,2,N,nb4,1140,0.239,-1.069,1,1
5,0,28,2,N,nb5,1140,0.347,-1.664,0,0
5,0,28,2,N,nb6,1140,1.494,0.214,2,1
5,0,28,2,N,nb7,1140,-1.667,-1.544,2,1
5,0,28,2,N,nb8,1140,-0.237,-1.394,0,0
5,0,28,2,N,nb9,1140,-1.699,1.847,3,1
5,0,28,2,N,nb10,1140,0.314,1.588,0,0
5,0,28,2,N,nb11,1140,-0.348,1.596,1,1
5,0,28,2,N,nb12,1140,-1.865,-0.306,1,1
5,0,28,2,N,nb13,1140,-1.865,-0.062,1,1
5,0,28,2,N,nb14,1140,-1.795,1.446,1,1
5,0,28,2,N,nb15,1140,1.658,0.396,2,1
5,0,28,2,N,nb16,1140,-1.327,-1.586,2,1
5,0,28,2,N,nb17,1140,-0.21,-0.183,1,1
5,0,28,2,N,nb18,1140,-1.866,1.865,2,1
5,0,28,2,N,nb19,1140,1.572,0.617,2,1
5,0,28,2,N,nb20,1140,-1.863,1.696,3,1
5,0,28,2,N,nb21,1140,0.456,-0.948,2,1
5,0,28,2,N,nb22,1140,-1.302,1.767,0,0
5,0,28,2,N,nb23,1140,1.686,0.818,1,1
5,0,28,2,N,nb24,1140,-1.52,-1.628,2,1
5,0,28,2,N,nb25,1140,-0.08,1.848,1,1
5,0,28,2,N,nb26,1140,-0.185,0.183,1,1
5,0,28,2,N,nb27,1140,1.685,0.071,1,1
5,0,28,2,N,nb28,1140,-1.195,-1.377,1,1
5,0,28,2,N,nb29,1140,-1.547,-1.338,1,1
5,0,28,2,A,aa0,1140,-0.117,-0.57,1,0
5,0,28,2,A,aa1,1140,1.866,-1.46,0,0
5,0,28,2,N,nb0,1145,-0.31,1.815,2,1
5,0,28,2,N,nb1,1145,-1.699,1.655,3,1
5,0,28,2,N,nb2,1145,0.632,-0.882,1,1
5,0,28,2,N,nb3,1145,-0.265,-0.023,2,1
5,0,28,2,N,nb4,1145,0.239,-1.069,1,1
5,0,28,2,N,nb5,1145,0.257,-1.62,0,0
5,0,28,2,N,nb6,1145,1.494,0.214,2,1
5,0,28,2,N,nb7,1145,-1.667,-1.544,2,1
5,0,28,2,N,nb8,1145,-0.159,-1.457,0,0
5,0,28,2,N,nb9,1145,-1.699,1.847,3,1
5,0,28,2,N,nb10,1145,0.276,1.68,0,0
5,0,28,2,N,nb11,1145,-0.348,1.596,1,1
5,0,28,2,N,nb12,1145,-1.865,-0.306,1,1
5,0,28,2,N,nb13,1145,-1.865,-0.062,1,1
5,0,28,2,N,nb14,1145,-1.795,1.446,1,1
5,0,28,2,N,nb15,1145,1.658,0.396,2,1
5,0,28,2,N,nb16,1145,-1.327,-1.586,2,1
5,0,28,2,N,nb17,1145,-0.21,-0.183,1,1
5,0,28,2,N,nb18,1145,-1.866,1.865,2,1
5,0,28,2,N,nb19,1145,1.572,0.617,2,1
5,0,28,2,N,nb20,1145,-1.863,1.696,3,1
5,0,28,2,N,nb21,1145,0.456,-0.948,2,1
5,0,28,2,N,nb22,1145,-1.268,1.847,0,0
5,0,28,2,N,nb23,1145,1.686,0.818,1,1
5,0,28,2,N,nb24,1145,-1.52,-1.628,2,1
5,0,28,2,N,nb25,1145,-0.08,1.848,1,1
5,0,28,2,N,nb26,1145,-0.185,0.183,1,1
5,0,28,2,N,nb27,1145,1.685,0.071,1,1
5,0,28,2,N,nb28,1145,-1.195,-1.377,1,1
5,0,28,2,N,nb29,1145,-1.547,-1.338,1,1
5,0,28,2,A,aa0,1145,-0.02,-0.543,2,0
5,0,28,2,A,aa1,1145,1.866,-1.514,0,0
5,0,28,2,N,nb0,1150,-0.31,1.815,2,1
5,0,28,2,N,nb1,1150,-1.699,1.655,3,1
5,0,28,2,N,nb2,1150,0.632,-0.882,1,1
5,0,28,2,N,nb3,1150,-0.265,-0.023,2,1
5,0,28,2,N,nb4,1150,0.239,-1.069,1,0
5,0,28,2,N,nb5,1150,0.168,-1.575,0,0
5,0,28,2,N,nb6,1150,1.494,0.214,2,1
5,0,28,2,N,nb7,1150,-1.667,-1.544,2,1
5,0,28,2,N,nb8,1150,-0.081,-1.519,0,0
5,0,28,2,N,nb9,1150,-1.699,1.847,3,1
5,0,28,2,N,nb10,1150,0.237,1.772,0,0
5,0,28,2,N,nb11,1150,-0.348,1.596,1,1
5,0,28,2,N,nb12,1150,-1.865,-0.306,1,1
5,0,28,2,N,nb13,1150,-1.865,-0.062,1,1
5,0,28,2,N,nb14,1150,-1.795,1.446,1,1
5,0,28,2,N,nb15,1150,1.658,0.396,2,1
5,0,28,2,N,nb16,1150,-1.327,-1.586,2,1
5,0,28,2,N,nb17,1150,-0.21,-0.183,1,0
5,0,28,2,N,nb18,1150,-1.866,1.865,2,1
5,0,28,2,N,nb19,1150,1.572,0.617,2,1
5,0,28,2,N,nb20,1150,-1.863,1.696,3,1
5,0,28,2,N,nb21,1150,0.456,-0.948,2,0
5,0,28,2,N,nb22,1150,-1.224,1.865,0,0
5,0,28,2,N,nb23,1150,1.686,0.818,1,1
5,0,28,2,N,nb24,1150,-1.52,-1.628,2,1
5,0,28,2,N,nb25,1150,-0.08,1.848,1,1
5,0,28,2,N,nb26,1150,-0.185,0.183,1,0
5,0,28,2,N,nb27,1150,1.685,0.071,1,1
5,0,28,2,N,nb28,1150,-1.195,-1.377,1,1
5,0,28,2,N,nb29,1150,-1.547,-1.338,1,1
5,0,28,2,A,aa0,1150,0.076,-0.517,3,1
5,0,28,2,A,aa1,1150,1.866,-1.579,0,0
5,0,28,2,N,nb0,1155,-0.31,1.815,2,1
5,0,28,2,N,nb1,1155,-1.699,1.655,3,1
5,0,28,2,N,nb2,1155,0.632,-0.882,0,1
5,0,28,2,N,nb3,1155,-0.265,-0.023,2,1
5,0,28,2,N,nb4,1155,0.301,-1.13,1,0
5,0,28,2,N,nb5,1155,0.15,-1.566,1,1
5,0,28,2,N,nb6,1155,1.494,0.214,2,1
5,0,28,2,N,nb7,1155,-1.667,-1.544,2,1
5,0,28,2,N,nb8,1155,-0.065,-1.532,1,1
5,0,28,2,N,nb9,1155,-1.699,1.847,3,1
5,0,28,2,N,nb10,1155,0.198,1.85,0,0
5,0,28,2,N,nb11,1155,-0.348,1.596,1,1
5,0,28,2,N,nb12,1155,-1.865,-0.306,1,1
5,0,28,2,N,nb13,1155,-1.865,-0.062,1,1
5,0,28,2,N,nb14,1155,-1.795,1.446,1,1
5,0,28,2,N,nb15,1155,1.658,0.396,2,1
5,0,28,2,N,nb16,1155,-1.327,-1.586,2,1
5,0,28,2,N,nb17,1155,-0.119,-0.191,1,0
5,0,28,2,N,nb18,1155,-1.866,1.865,2,1
5,0,28,2,N,nb19,1155,1.572,0.617,2,1
5,0,28,2,N,nb20,1155,-1.863,1.696,3,1
5,0,28,2,N,nb21,1155,0.379,-0.98,1,0
5,0,28,2,N,nb22,1155,-1.167,1.865,0,0
5,0,28,2,N,nb23,1155,1.686,0.818,1,1
5,0,28,2,N,nb24,1155,-1.52,-1.628,2,1
5,0,28,2,N,nb25,1155,-0.08,1.848,1,1
5,0,28,2,N,nb26,1155,-0.185,0.183,1,1
5,0,28,2,N,nb27,1155,1.685,0.071,1,1
5,0,28,2,N,nb28,1155,-1.195,-1.377,1,1
5,0,28,2,N,nb29,1155,-1.547,-1.338,1,1
5,0,28,2,A,aa0,1155,0.173,-0.491,0,0
5,0,28,2,A,aa1,1155,1.866,-1.653,0,0
5,0,28,2,N,nb0,1160,-0.31,1.815,2,1
5,0,28,2,N,nb1,1160,-1.699,1.655,3,1
5,0,28,2,N,nb2,1160,0.632,-0.882,0,1
5,0,28,2,N,nb3,1160,-0.265,-0.023,1,1
5,0,28,2,N,nb4,1160,0.364,-1.201,1,1
5,0,28,2,N,nb5,1160,0.15,-1.566,1,1
5,0,28,2,N,nb6,1160,1.494,0.214,2,1
5,0,28,2,N,nb7,1160,-1.667,-1.544,2,1
5,0,28,2,N,nb8,1160,-0.065,-1.532,1,1
5,0,28,2,N,nb9,1160,-1.699,1.847,3,1
5,0,28,2,N,nb10,1160,0.159,1.866,1,1
5,0,28,2,N,nb11,1160,-0.348,1.596,1,1
5,0,28,2,N,nb12,1160,-1.865,-0.306,1,1
5,0,28,2,N,nb13,1160,-1.865,-0.062,1,1
5,0,28,2,N,nb14,1160,-1.795,1.446,1,1
5,0,28,2,N,nb15,1160,1.658,0.396,2,1
5,0,28,2,N,nb16,1160,-1.327,-1.586,2,1
5,0,28,2,N,nb17,1160,-0.022,-0.205,0,0
5,0,28,2,N,nb18,1160,-1.866,1.865,2,1
5,0,28,2,N,nb19,1160,1.572,0.617,2,1
5,0,28,2,N,nb20,1160,-1.863,1.696,3,1
5,0,28,2,N,nb21,1160,0.295,-1.001,1,1
5,0,28,2,N,nb22,1160,-1.1,1.865,0,0
5,0,28,2,N,nb23,1160,1.686,0.818,1,1
5,0,28,2,N,nb24,1160,-1.52,-1.628,2,1
5,0,28,2,N,nb25,1160,-0.08,1.848,2,1
5,0,28,2,N,nb26,1160,-0.185,0.183,1,1
5,0,28,2,N,nb27,1160,1.685,0.071,1,1
5,0,28,2,N,nb28,1160,-1.195,-1.377,1,1
5,0,28,2,N,nb29,1160,-1.547,-1.338,1,1
5,0,28,2,A,aa0,1160,0.215,-0.48,1,0
5,0,28,2,A,aa1,1160,1.866,-1.735,0,0
5,0,28,2,N,nb0,1165,-0.31,1.815,2,1
5,0,28,2,N,nb1,1165,-1.699,1.655,3,1
5,0,28,2,N,nb2,1165,0.632,-0.882,0,1
5,0,28,2,N,nb3,1165,-0.265,-0.023,1,1
5,0,28,2,N,nb4,1165,0.367,-1.203,1,1
5,0,28,2,N,nb5,1165,0.15,-1.566,1,1
5,0,28,2,N,nb6,1165,1.494,0.214,2,1
5,0,28,2,N,nb7,1165,-1.667,-1.544,2,1
5,0,28,2,N,nb8,1165,-0.065,-1.532,1,1
5,0,28,2,N,nb9,1165,-1.699,1.847,3,1
5,0,28,2,N,nb10,1165,0.159,1.866,1,1
5,0,28,2,N,nb11,1165,-0.348,1.596,1,1
5,0,28,2,N,nb12,1165,-1.865,-0.306,1,1
5,0,28,2,N,nb13,1165,-1.865,-0.062,1,1
5,0,28,2,N,nb14,1165,-1.795,1.446,1,1
5,0,28,2,N,nb15,1165,1.658,0.396,2,1
5,0,28,2,N,nb16,1165,-1.327,-1.586,2,1
5,0,28,2,N,nb17,1165,0.077,-0.221,0,0
5,0,28,2,N,nb18,1165,-1.866,1.865,2,0
5,0,28,2,N,nb19,1165,1.572,0.617,2,1
5,0,28,2,N,nb20,1165,-1.863,1.696,3,1
5,0,28,2,N,nb21,1165,0.292,-1.001,1,1
5,0,28,2,N,nb22,1165,-1.024,1.865,0,0
5,0,28,2,N,nb23,1165,1.686,0.818,1,1
5,0,28,2,N,nb24,1165,-1.52,-1.628,2,1
5,0,28,2,N,nb25,1165,-0.08,1.848,2,1
5,0,28,2,N,nb26,1165,-0.185,0.183,1,1
5,0,28,2,N,nb27,1165,1.685,0.071,1,1
5,0,28,2,N,nb28,1165,-1.195,-1.377,1,1
5,0,28,2,N,nb29,1165,-1.547,-1.338,1,1
5,0,28,2,A,aa0,1165,0.22,-0.464,2,0
5,0,28,2,A,aa1,1165,1.866,-1.822,0,0
5,0,28,2,N,nb0,1170,-0.31,1.815,2,1
5,0,28,2,N,nb1,1170,-1.699,1.655,3,1
5,0,28,2,N,nb2,1170,0.581,-0.857,0,0
5,0,28,2,N,nb3,1170,-0.265,-0.023,1,1
5,0,28,2,N,nb4,1170,0.367,-1.203,1,1
5,0,28,2,N,nb5,1170,0.15,-1.566,1,1
5,0,28,2,N,nb6,1170,1.494,0.214,2,1
5,0,28,2,N,nb7,1170,-1.667,-1.544,2,1
5,0,28,2,N,nb8,1170,-0.065,-1.532,1,1
5,0,28,2,N,nb9,1170,-1.699,1.847,3,1
5,0,28,2,N,nb10,1170,0.159,1.866,1,1
5,0,28,2,N,nb11,1170,-0.348,1.596,1,1
5,0,28,2,N,nb12,1170,-1.865,-0.306,1,1
5,0,28,2,N,nb13,1170,-1.865,-0.062,1,1
5,0,28,2,N,nb14,1170,-1.795,1.446,1,1
5,0,28,2,N,nb15,1170,1.658,0.396,2,1
5,0,28,2,N,nb16,1170,-1.327,-1.586,2,1
5,0,28,2,N,nb17,1170,0.167,-0.231,0,0
5,0,28,2,N,nb18,1170,-1.866,1.865,2,1
5,0,28,2,N,nb19,1170,1.572,0.617,2,1
5,0,28,2,N,nb20,1170,-1.863,1.696,3,1
5,0,28,2,N,nb21,1170,0.292,-1.001,1,1
5,0,28,2,N,nb22,1170,-0.941,1.865,0,0
5,0,28,2,N,nb23,1170,1.686,0.818,1,1
5,0,28,2,N,nb24,1170,-1.52,-1.628,2,1
5,0,28,2,N,nb25,1170,-0.08,1.848,2,1
5,0,28,2,N,nb26,1170,-0.185,0.183,1,1
5,0,28,2,N,nb27,1170,1.685,0.071,1,1
5,0,28,2,N,nb28,1170,-1.195,-1.377,1,1
5,0,28,2,N,nb29,1170,-1.547,-1.338,1,1
5,0,28,2,A,aa0,1170,0.251,-0.379,0,0
5,0,28,2,A,aa1,1170,1.866,-1.866,0,0
5,0,28,2,N,nb0,1175,-0.31,1.815,2,1
5,0,28,2,N,nb1,1175,-1.699,1.655,3,1
5,0,28,2,N,nb2,1175,0.492,-0.813,0,0
5,0,28,2,N,nb3,1175,-0.265,-0.023,1,1
5,0,28,2,N,nb4,1175,0.367,-1.203,1,1
5,0,28,2,N,nb5,1175,0.15,-1.566,1,1
5,0,28,2,N,nb6,1175,1.494,0.214,2,1
5,0,28,2,N,nb7,1175,-1.667,-1.544,2,0
5,0,28,2,N,nb8,1175,-0.065,-1.532,1,1
5,0,28,2,N,nb9,1175,-1.699,1.847,3,1
5,0,28,2,N,nb10,1175,0.159,1.866,1,1
5,0,28,2,N,nb11,1175,-0.348,1.596,1,1
5,0,28,2,N,nb12,1175,-1.865,-0.306,1,1
5,0,28,2,N,nb13,1175,-1.865,-0.062,1,1
5,0,28,2,N,nb14,1175,-1.795,1.446,1,1
5,0,28,2,N,nb15,1175,1.658,0.396,2,1
5,0,28,2,N,nb16,1175,-1.327,-1.586,2,1
5,0,28,2,N,nb17,1175,0.233,-0.191,0,0
5,0,28,2,N,nb18,1175,-1.866,1.865,2,1
5,0,28,2,N,nb19,1175,1.572,0.617,2,1
5,0,28,2,N,nb20,1175,-1.863,1.696,3,1
5,0,28,2,N,nb21,1175,0.292,-1.001,1,1
5,0,28,2,N,nb22,1175,-0.853,1.865,0,0
5,0,28,2,N,nb23,1175,1.686,0.818,1,1
5,0,28,2,N,nb24,1175,-1.52,-1.628,2,1
5,0,28,2,N,nb25,1175,-0.08,1.848,2,1
5,0,28,2,N,nb26,1175,-0.185,0.183,1,1
5,0,28,2,N,nb27,1175,1.685,0.071,1,1
5,0,28,2,N,nb28,1175,-1.195,-1.377,1,1
5,0,28,2,N,nb29,1175,-1.547,-1.338,1,0
5,0,28,2,A,aa0,1175,0.317,-0.339,0,0
5,0,28,2,A,aa1,1175,1.864,-1.866,0,0
5,0,28,2,N,nb0,1180,-0.31,1.815,2,1
5,0,28,2,N,nb1,1180,-1.699,1.655,3,1
5,0,28,2,N,nb2,1180,0.407,-0.769,0,0
5,0,28,2,N,nb3,1180,-0.265,-0.023,1,1
5,0,28,2,N,nb4,1180,0.367,-1.203,1,1
5,0,28,2,N,nb5,1180,0.15,-1.566,1,1
5,0,28,2,N,nb6,1180,1.494,0.214,2,1
5,0,28,2,N,nb7,1180,-1.667,-1.544,2,1
5,0,28,2,N,nb8,1180,-0.065,-1.532,1,1
5,0,28,2,N,nb9,1180,-1.699,1.847,3,1
5,0,28,2,N,nb10,1180,0.159,1.866,1,1
5,0,28,2,N,nb11,1180,-0.348,1.596,1,1
5,0,28,2,N,nb12,1180,-1.865,-0.306,1,1
5,0,28,2,N,nb13,1180,-1.865,-0.062,1,1
5,0,28,2,N,nb14,1180,-1.795,1.446,1,1
5,0,28,2,N,nb15,1180,1.658,0.396,2,1
5,0,28,2,N,nb16,1180,-1.327,-1.586,2,1
5,0,28,2,N,nb17,1180,0.305,-0.147,0,0
5,0,28,2,N,nb18,1180,-1.866,1.865,2,1
5,0,28,2,N,nb19,1180,1.572,0.617,2,1
5,0,28,2,N,nb20,1180,-1.863,1.696,3,1
5,0,28,2,N,nb21,1180,0.292,-1.001,1,1
5,0,28,2,N,nb22,1180,-0.762,1.865,0,0
5,0,28,2,N,nb23,1180,1.686,0.818,1,1
5,0,28,2,N,nb24,1180,-1.52,-1.628,2,1
5,0,28,2,N,nb25,1180,-0.08,1.848,2,1
5,0,28,2,N,nb26,1180,-0.185,0.183,1,1
5,0,28,2,N,nb27,1180,1.685,0.071,1,1
5,0,28,2,N,nb28,1180,-1.195,-1.377,1,1
5,0,28,2,N,nb29,1180,-1.547,-1.338,1,1
5,0,28,2,A,aa0,1180,0.388,-0.295,0,0
5,0,28,2,A,aa1,1180,1.85,-1.866,0,0
5,0,28,2,N,nb0,1185,-0.31,1.815,2,1
5,0,28,2,N,nb1,1185,-1.699,1.655,3,1
5,0,28,2,N,nb2,1185,0.327,-0.718,0,0
5,0,28,2,N,nb3,1185,-0.265,-0.023,1,1
5,0,28,2,N,nb4,1185,0.367,-1.203,1,1
5,0,28,2,N,nb5,1185,0.15,-1.566,1,1
5,0,28,2,N,nb6,1185,1.494,0.214,2,1
5,0,28,2,N,nb7,1185,-1.667,-1.544,2,1
5,0,28,2,N,nb8,1185,-0.065,-1.532,1,1
5,0,28,2,N,nb9,1185,-1.699,1.847,3,1
5,0,28,2,N,nb10,1185,0.159,1.866,1,1
5,0,28,2,N,nb11,1185,-0.348,1.596,1,1
5,0,28,2,N,nb12,1185,-1.865,-0.306,1,1
5,0,28,2,N,nb13,1185,-1.865,-0.062,1,1
5,0,28,2,N,nb14,1185,-1.795,1.446,1,1
5,0,28,2,N,nb15,1185,1.658,0.396,2,1
5,0,28,2,N,nb16,1185,-1.327,-1.586,2,1
5,0,28,2,N,nb17,1185,0.38,-0.101,0,0
5,0,28,2,N,nb18,1185,-1.866,1.865,2,1
5,0,28,2,N,nb19,1185,1.572,0.617,2,1
5,0,28,2,N,nb20,1185,-1.863,1.696,3,1
5,0,28,2,N,nb21,1185,0.292,-1.001,1,1
5,0,28,2,N,nb22,1185,-0.67,1.862,0,0
5,0,28,2,N,nb23,1185,1.686,0.818,1,1
5,0,28,2,N,nb24,1185,-1.52,-1.628,2,1
5,0,28,2,N,nb25,1185,-0.08,1.848,2,1
5,0,28,2,N,nb26,1185,-0.185,0.183,1,1
5,0,28,2,N,nb27,1185,1.685,0.071,1,1
5,0,28,2,N,nb28,1185,-1.195,-1.377,1,1
5,0,28,2,N,nb29,1185,-1.547,-1.338,1,1
5,0,28,2,A,aa0,1185,0.462,-0.249,0,0
5,0,28,2,A,aa1,1185,1.823,-1.866,0,0
5,0,28,2,N,nb0,1190,-0.31,1.815,2,1
5,0,28,2,N,nb1,1190,-1.699,1.655,3,1
5,0,28,2,N,nb2,1190,0.244,-0.662,0,0
5,0,28,2,N,nb3,1190,-0.265,-0.023,1,1
5,0,28,2,N,nb4,1190,0.367,-1.203,1,0
5,0,28,2,N,nb5,1190,0.15,-1.566,1,1
5,0,28,2,N,nb6,1190,1.494,0.214,2,1
5,0,28,2,N,nb7,1190,-1.667,-1.544,2,1
5,0,28,2,N,nb8,1190,-0.065,-1.532,1,1
5,0,28,2,N,nb9,1190,-1.699,1.847,3,1
5,0,28,2,N,nb10,1190,0.159,1.866,1,1
5,0,28,2,N,nb11,1190,-0.348,1.596,1,1
5,0,28,2,N,nb12,1190,-1.865,-0.306,1,1
5,0,28,2,N,nb13,1190,-1.865,-0.062,1,1
5,0,28,2,N,nb14,1190,-1.795,1.446,1,1
5,0,28,2,N,nb15,1190,1.658,0.396,2,1
5,0,28,2,N,nb16,1190,-1.327,-1.586,2,1
5,0,28,2,N,nb17,1190,0.458,-0.053,0,0
5,0,28,2,N,nb18,1190,-1.866,1.865,2,1
5,0,28,2,N,nb19,1190,1.572,0.617,2,1
5,0,28,2,N,nb20,1190,-1.863,1.696,3,1
5,0,28,2,N,nb21,1190,0.292,-1.001,1,0
5,0,28,2,N,nb22,1190,-0.578,1.849,0,0
5,0,28,2,N,nb23,1190,1.686,0.818,1,1
5,0,28,2,N,nb24,1190,-1.52,-1.628,2,1
5,0,28,2,N,nb25,1190,-0.08,1.848,2,1
5,0,28,2,N,nb26,1190,-0.185,0.183,1,1
5,0,28,2,N,nb27,1190,1.685,0.071,1,1
5,0,28,2,N,nb28,1190,-1.195,-1.377,1,1
5,0,28,2,N,nb29,1190,-1.547,-1.338,1,1
5,0,28,2,A,aa0,1190,0.54,-0.202,0,0
5,0,28,2,A,aa1,1190,1.782,-1.866,0,0
5,0,28,2,N,nb0,1195,-0.31,1.815,3,1
5,0,28,2,N,nb1,1195,-1.699,1.655,3,1
5,0,28,2,N,nb2,1195,0.161,-0.606,0,0
5,0,28,2,N,nb3,1195,-0.265,-0.023,1,1
5,0,28,2,N,nb4,1195,0.367,-1.203,1,1
5,0,28,2,N,nb5,1195,0.15,-1.566,1,1
5,0,28,2,N,nb6,1195,1.494,0.214,2,1
5,0,28,2,N,nb7,1195,-1.667,-1.544,2,1
5,0,28,2,N,nb8,1195,-0.065,-1.532,1,1
5,0,28,2,N,nb9,1195,-1.699,1.847,3,1
5,0,28,2,N,nb10,1195,0.159,1.866,1,1
5,0,28,2,N,nb11,1195,-0.348,1.596,1,1
5,0,28,2,N,nb12,1195,-1.865,-0.306,1,1
5,0,28,2,N,nb13,1195,-1.865,-0.062,1,1
5,0,28,2,N,nb14,1195,-1.795,1.446,1,1
5,0,28,2,N,nb15,1195,1.658,0.396,2,1
5,0,28,2,N,nb16,1195,-1.327,-1.586,2,1
5,0,28,2,N,nb17,1195,0.536,-0.004,0,0
5,0,28,2,N,nb18,1195,-1.866,1.865,2,1
5,0,28,2,N,nb19,1195,1.572,0.617,2,1
5,0,28,2,N,nb20,1195,-1.863,1.696,3,1
5,0,28,2,N,nb21,1195,0.292,-1.001,1,1
5,0,28,2,N,nb22,1195,-0.539,1.841,1,1
5,0,28,2,N,nb23,1195,1.686,0.818,1,1
5,0,28,2,N,nb24,1195,-1.52,-1.628,2,1
5,0,28,2,N,nb25,1195,-0.08,1.848,2,1
5,0,28,2,N,nb26,1195,-0.185,0.183,1,1
5,0,28,2,N,nb27,1195,1.685,0.071,1,1
5,0,28,2,N,nb28,1195,-1.195,-1.377,1,1
5,0,28,2,N,nb29,1195,-1.547,-1.338,1,1
5,0,28,2,A,aa0,1195,0.619,-0.155,0,0
5,0,28,2,A,aa1,1195,1.761,-1.866,0,0
5,0,28,2,N,nb0,1200,-0.31,1.815,3,1
5,0,28,2,N,nb1,1200,-1.699,1.655,3,1
5,0,28,2,N,nb2,1200,0.078,-0.55,0,0
5,0,28,2,N,nb3,1200,-0.265,-0.023,1,1
5,0,28,2,N,nb4,1200,0.367,-1.203,1,1
5,0,28,2,N,nb5,1200,0.15,-1.566,1,1
5,0,28,2,N,nb6,1200,1.494,0.214,2,1
5,0,28,2,N,nb7,1200,-1.667,-1.544,2,1
5,0,28,2,N,nb8,1200,-0.065,-1.532,1,1
5,0,28,2,N,nb9,1200,-1.699,1.847,3,1
5,0,28,2,N,nb10,1200,0.159,1.866,1,1
5,0,28,2,N,nb11,1200,-0.348,1.596,1,1
5,0,28,2,N,nb12,1200,-1.865,-0.306,1,1
5,0,28,2,N,nb13,1200,-1.865,-0.062,1,1
5,0,28,2,N,nb14,1200,-1.795,1.446,1,1
5,0,28,2,N,nb15,1200,1.658,0.396,2,1
5,0,28,2,N,nb16,1200,-1.327,-1.586,2,1
5,0,28,2,N,nb17,1200,0.61,0.052,0,0
5,0,28,2,N,nb18,1200,-1.866,1.865,2,1
5,0,28,2,N,nb19,1200,1.572,0.617,2,1
5,0,28,2,N,nb20,1200,-1.863,1.696,3,1
5,0,28,2,N,nb21,1200,0.292,-1.001,1,1
5,0,28,2,N,nb22,1200,-0.539,1.841,1,1
5,0,28,2,N,nb23,1200,1.686,0.818,1,1
5,0,28,2,N,nb24,1200,-1.52,-1.628,2,1
5,0,28,2,N,nb25,1200,-0.08,1.848,2,1
5,0,28,2,N,nb26,1200,-0.185,0.183,1,1
5,0,28,2,N,nb27,1200,1.685,0.071,1,1
5,0,28,2,N,nb28,1200,-1.195,-1.377,1,1
5,0,28,2,N,nb29,1200,-1.547,-1.338,1,1
5,0,28,2,A,aa0,1200,0.655,-0.137,0,0
5,0,28,2,A,aa1,1200,1.762,-1.866,0,0
5,0,28,2,N,nb0,1205,-0.31,1.815,3,1
5,0,28,2,N,nb1,1205,-1.699,1.655,3,1
5,0,28,2,N,nb2,1205,-0.005,-0.495,0,0
5,0,28,2,N,nb3,1205,-0.265,-0.023,1,1
5,0,28,2,N,nb4,1205,0.367,-1.203,1,1
5,0,28,2,N,nb5,1205,0.15,-1.566,1,1
5,0,28,2,N,nb6,1205,1.494,0.214,2,1
5,0,28,2,N,nb7,1205,-1.667,-1.544,2,1
5,0,28,2,N,nb8,1205,-0.065,-1.532,1,1
5,0,28,2,N,nb9,1205,-1.699,1.847,3,1
5,0,28,2,N,nb10,1205,0.159,1.866,1,1
5,0,28,2,N,nb11,1205,-0.348,1.596,1,1
5,0,28,2,N,nb12,1205,-1.865,-0.306,1,1
5,0,28,2,N,nb13,1205,-1.865,-0.062,1,1
5,0,28,2,N,nb14,1205,-1.795,1.446,1,1
5,0,28,2,N,nb15,1205,1.658,0.396,2,1
5,0,28,2,N,nb16,1205,-1.327,-1.586,2,1
5,0,28,2,N,nb17,1205,0.681,0.116,0,0
5,0,28,2,N,nb18,1205,-1.866,1.865,2,1
5,0,28,2,N,nb19,1205,1.572,0.617,2,1
5,0,28,2,N,nb20,1205,-1.863,1.696,3,1
5,0,28,2,N,nb21,1205,0.292,-1.001,1,1
5,0,28,2,N,nb22,1205,-0.539,1.841,1,1
5,0,28,2,N,nb23,1205,1.686,0.818,1,1
5,0,28,2,N,nb24,1205,-1.52,-1.628,2,1
5,0,28,2,N,nb25,1205,-0.08,1.848,2,1
5,0,28,2,N,nb26,1205,-0.185,0.183,1,1
5,0,28,2,N,nb27,1205,1.685,0.071,1,1
5,0,28,2,N,nb28,1205,-1.195,-1.377,1,1
5,0,28,2,N,nb29,1205,-1.547,-1.338,1,1
5,0,28,2,A,aa0,1205,0.664,-0.107,0,0
5,0,28,2,A,aa1,1205,1.78,-1.866,0,0
5,0,28,2,N,nb0,1210,-0.31,1.815,3,1
5,0,28,2,N,nb1,1210,-1.699,1.655,3,1
5,0,28,2,N,nb2,1210,-0.088,-0.439,0,0
5,0,28,2,N,nb3,1210,-0.265,-0.023,1,1
5,0,28,2,N,nb4,1210,0.367,-1.203,1,1
5,0,28,2,N,nb5,1210,0.15,-1.566,1,1
5,0,28,2,N,nb6,1210,1.494,0.214,2,1
5,0,28,2,N,nb7,1210,-1.667,-1.544,2,1
5,0,28,2,N,nb8,1210,-0.065,-1.532,1,1
5,0,28,2,N,nb9,1210,-1.699,1.847,3,1
5,0,28,2,N,nb10,1210,0.159,1.866,1,1
5,0,28,2,N,nb11,1210,-0.348,1.596,1,1
5,0,28,2,N,nb12,1210,-1.865,-0.306,1,0
5,0,28,2,N,nb13,1210,-1.865,-0.062,1,0
5,0,28,2,N,nb14,1210,-1.795,1.446,1,1
5,0,28,2,N,nb15,1210,1.658,0.396,2,1
5,0,28,2,N,nb16,1210,-1.327,-1.586,2,1
5,0,28,2,N,nb17,1210,0.749,0.185,0,0
5,0,28,2,N,nb18,1210,-1.866,1.865,2,1
5,0,28,2,N,nb19,1210,1.572,0.617,2,1
5,0,28,2,N,nb20,1210,-1.863,1.696,3,1
5,0,28,2,N,nb21,1210,0.292,-1.001,1,1
5,0,28,2,N,nb22,1210,-0.539,1.841,1,1
5,0,28,2,N,nb23,1210,1.686,0.818,1,1
5,0,28,2,N,nb24,1210,-1.52,-1.628,2,1
5,0,28,2,N,nb25,1210,-0.08,1.848,2,1
5,0,28,2,N,nb26,1210,-0.185,0.183,1,1
5,0,28,2,N,nb27,1210,1.685,0.071,1,1
5,0,28,2,N,nb28,1210,-1.195,-1.377,1,1
5,0,28,2,N,nb29,1210,-1.547,-1.338,1,1
5,0,28,2,A,aa0,1210,0.701,-0.029,0,0
5,0,28,2,A,aa1,1210,1.814,-1.866,0,0
5,0,28,2,N,nb0,1215,-0.31,1.815,3,1
5,0,28,2,N,nb1,1215,-1.699,1.655,3,1
5,0,28,2,N,nb2,1215,-0.171,-0.383,0,0
5,0,28,2,N,nb3,1215,-0.265,-0.023,1,0
5,0,28,2,N,nb4,1215,0.367,-1.203,1,1
5,0,28,2,N,nb5,1215,0.15,-1.566,1,1
5,0,28,2,N,nb6,1215,1.494,0.214,2,1
5,0,28,2,N,nb7,1215,-1.667,-1.544,2,1
5,0,28,2,N,nb8,1215,-0.065,-1.532,1,1
5,0,28,2,N,nb9,1215,-1.699,1.847,3,1
5,0,28,2,N,nb10,1215,0.159,1.866,1,1
5,0,28,2,N,nb11,1215,-0.348,1.596,1,1
5,0,28,2,N,nb12,1215,-1.865,-0.306,1,1
5,0,28,2,N,nb13,1215,-1.865,-0.062,1,1
5,0,28,2,N,nb14,1215,-1.795,1.446,1,1
5,0,28,2,N,nb15,1215,1.658,0.396,2,1
5,0,28,2,N,nb16,1215,-1.327,-1.586,2,1
5,0,28,2,N,nb17,1215,0.814,0.257,0,0
5,0,28,2,N,nb18,1215,-1.866,1.865,2,1
5,0,28,2,N,nb19,1215,1.572,0.617,2,1
5,0,28,2,N,nb20,1215,-1.863,1.696,3,1
5,0,28,2,N,nb21,1215,0.292,-1.001,1,1
5,0,28,2,N,nb22,1215,-0.539,1.841,1,1
5,0,28,2,N,nb23,1215,1.686,0.818,1,1
5,0,28,2,N,nb24,1215,-1.52,-1.628,2,1
5,0,28,2,N,nb25,1215,-0.08,1.848,2,1
5,0,28,2,N,nb26,1215,-0.185,0.183,1,1
5,0,28,2,N,nb27,1215,1.685,0.071,1,1
5,0,28,2,N,nb28,1215,-1.195,-1.377,1,1
5,0,28,2,N,nb29,1215,-1.547,-1.338,1,1
5,0,28,2,A,aa0,1215,0.752,0.04,0,0
5,0,28,2,A,aa1,1215,1.863,-1.866,0,0
5,0,28,2,N,nb0,1220,-0.31,1.815,3,1
5,0,28,2,N,nb1,1220,-1.699,1.655,3,1
5,0,28,2,N,nb2,1220,-0.254,-0.327,0,0
5,0,28,2,N,nb3,1220,-0.265,-0.023,1,1
5,0,28,2,N,nb4,1220,0.367,-1.203,1,1
5,0,28,2,N,nb5,1220,0.15,-1.566,1,1
5,0,28,2,N,nb6,1220,1.494,0.214,2,1
5,0,28,2,N,nb7,1220,-1.667,-1.544,2,1
5,0,28,2,N,nb8,1220,-0.065,-1.532,1,1
5,0,28,2,N,nb9,1220,-1.699,1.847,3,1
5,0,28,2,N,nb10,1220,0.159,1.866,1,0
5,0,28,2,N,nb11,1220,-0.348,1.596,1,1
5,0,28,2,N,nb12,1220,-1.865,-0.306,1,1
5,0,28,2,N,nb13,1220,-1.865,-0.062,1,1
5,0,28,2,N,nb14,1220,-1.795,1.446,1,1
5,0,28,2,N,nb15,1220,1.658,0.396,2,1
5,0,28,2,N,nb16,1220,-1.327,-1.586,2,0
5,0,28,2,N,nb17,1220,0.878,0.332,0,0
5,0,28,2,N,nb18,1220,-1.866,1.865,2,1
5,0,28,2,N,nb19,1220,1.572,0.617,2,1
5,0,28,2,N,nb20,1220,-1.863,1.696,3,1
5,0,28,2,N,nb21,1220,0.292,-1.001,1,1
5,0,28,2,N,nb22,1220,-0.539,1.841,1,1
5,0,28,2,N,nb23,1220,1.686,0.818,1,1
5,0,28,2,N,nb24,1220,-1.52,-1.628,2,1
5,0,28,2,N,nb25,1220,-0.08,1.848,2,0
5,0,28,2,N,nb26,1220,-0.185,0.183,1,1
5,0,28,2,N,nb27,1220,1.685,0.071,1,1
5,0,28,2,N,nb28,1220,-1.195,-1.377,1,1
5,0,28,2,N,nb29,1220,-1.547,-1.338,1,1
5,0,28,2,A,aa0,1220,0.817,0.098,0,0
5,0,28,2,A,aa1,1220,1.866,-1.866,0,0
5,0,28,2,N,nb0,1225,-0.31,1.815,3,1
5,0,28,2,N,nb1,1225,-1.699,1.655,3,1
5,0,28,2,N,nb2,1225,-0.335,-0.272,0,0
5,0,28,2,N,nb3,1225,-0.265,-0.023,1,1
5,0,28,2,N,nb4,1225,0.367,-1.203,1,1
5,0,28,2,N,nb5,1225,0.15,-1.566,1,1
5,0,28,2,N,nb6,1225,1.494,0.214,2,1
5,0,28,2,N,nb7,1225,-1.667,-1.544,2,1
5,0,28,2,N,nb8,1225,-0.065,-1.532,1,1
5,0,28,2,N,nb9,1225,-1.699,1.847,3,1
5,0,28,2,N,nb10,1225,0.159,1.866,1,1
5,0,28,2,N,nb11,1225,-0.348,1.596,1,1
5,0,28,2,N,nb12,1225,-1.865,-0.306,1,1
5,0,28,2,N,nb13,1225,-1.865,-0.062,1,1
5,0,28,2,N,nb14,1225,-1.795,1.446,1,1
5,0,28,2,N,nb15,1225,1.658,0.396,2,1
5,0,28,2,N,nb16,1225,-1.327,-1.586,2,1
5,0,28,2,N,nb17,1225,0.939,0.408,0,0
5,0,28,2,N,nb18,1225,-1.866,1.865,2,1
5,0,28,2,N,nb19,1225,1.572,0.617,2,1
5,0,28,2,N,nb20,1225,-1.863,1.696,3,1
5,0,28,2,N,nb21,1225,0.292,-1.001,1,1
5,0,28,2,N,nb22,1225,-0.539,1.841,1,1
5,0,28,2,N,nb23,1225,1.686,0.818,1,1
5,0,28,2,N,nb24,1225,-1.52,-1.628,2,1
5,0,28,2,N,nb25,1225,-0.08,1.848,2,1
5,0,28,2,N,nb26,1225,-0.185,0.183,1,1
5,0,28,2,N,nb27,1225,1.685,0.071,1,1
5,0,28,2,N,nb28,1225,-1.195,-1.377,1,1
5,0,28,2,N,nb29,1225,-1.547,-1.338,1,1
5,0,28,2,A,aa0,1225,0.891,0.145,0,0
5,0,28,2,A,aa1,1225,1.866,-1.866,0,0
5,0,28,2,N,nb0,1230,-0.31,1.815,3,1
5,0,28,2,N,nb1,1230,-1.699,1.655,3,1
5,0,28,2,N,nb2,1230,-0.415,-0.227,0,0
5,0,28,2,N,nb3,1230,-0.265,-0.023,1,1
5,0,28,2,N,nb4,1230,0.367,-1.203,1,1
5,0,28,2,N,nb5,1230,0.15,-1.566,1,1
5,0,28,2,N,nb6,1230,1.494,0.214,2,1
5,0,28,2,N,nb7,1230,-1.667,-1.544,2,1
5,0,28,2,N,nb8,1230,-0.065,-1.532,1,1
5,0,28,2,N,nb9,1230,-1.699,1.847,3,1
5,0,28,2,N,nb10,1230,0.159,1.866,1,1
5,0,28,2,N,nb11,1230,-0.348,1.596,1,1
5,0,28,2,N,nb12,1230,-1.865,-0.306,1,1
5,0,28,2,N,nb13,1230,-1.865,-0.062,1,1
5,0,28,2,N,nb14,1230,-1.795,1.446,1,1
5,0,28,2,N,nb15,1230,1.658,0.396,2,1
5,0,28,2,N,nb16,1230,-1.327,-1.586,2,1
5,0,28,2,N,nb17,1230,0.999,0.487,0,0
5,0,28,2,N,nb18,1230,-1.866,1.865,2,1
5,0,28,2,N,nb19,1230,1.572,0.617,2,1
5,0,28,2,N,nb20,1230,-1.863,1.696,3,1
5,0,28,2,N,nb21,1230,0.292,-1.001,1,1
5,0,28,2,N,nb22,1230,-0.539,1.841,1,1
5,0,28,2,N,nb23,1230,1.686,0.818,1,1
5,0,28,2,N,nb24,1230,-1.52,-1.628,2,1
5,0,28,2,N,nb25,1230,-0.08,1.848,2,1
5,0,28,2,N,nb26,1230,-0.185,0.183,1,1
5,0,28,2,N,nb27,1230,1.685,0.071,1,1
5,0,28,2,N,nb28,1230,-1.195,-1.377,1,1
5,0,28,2,N,nb29,1230,-1.547,-1.338,1,1
5,0,28,2,A,aa0,1230,0.98,0.186,1,0
5,0,28,2,A,aa1,1230,1.866,-1.866,0,0
5,0,28,2,N,nb0,1235,-0.31,1.815,3,1
5,0,28,2,N,nb1,1235,-1.699,1.655,3,1
5,0,28,2,N,nb2,1235,-0.503,-0.188,0,0
5,0,28,2,N,nb3,1235,-0.265,-0.023,1,1
5,0,28,2,N,nb4,1235,0.367,-1.203,1,1
5,0,28,2,N,nb5,1235,0.15,-1.566,1,1
5,0,28,2,N,nb6,1235,1.494,0.214,2,1
5,0,28,2,N,nb7,1235,-1.667,-1.544,2,1
5,0,28,2,N,nb8,1235,-0.065,-1.532,1,1
5,0,28,2,N,nb9,1235,-1.699,1.847,3,1
5,0,28,2,N,nb10,1235,0.159,1.866,1,1
5,0,28,2,N,nb11,1235,-0.348,1.596,1,1
5,0,28,2,N,nb12,1235,-1.865,-0.306,1,1
5,0,28,2,N,nb13,1235,-1.865,-0.062,1,1
5,0,28,2,N,nb14,1235,-1.795,1.446,1,1
5,0,28,2,N,nb15,1235,1.658,0.396,2,1
5,0,28,2,N,nb16,1235,-1.327,-1.586,2,1
5,0,28,2,N,nb17,1235,1.059,0.567,0,0
5,0,28,2,N,nb18,1235,-1.866,1.865,2,1
5,0,28,2,N,nb19,1235,1.572,0.617,2,1
5,0,28,2,N,nb20,1235,-1.863,1.696,3,1
5,0,28,2,N,nb21,1235,0.292,-1.001,1,1
5,0,28,2,N,nb22,1235,-0.539,1.841,1,1
5,0,28,2,N,nb23,1235,1.686,0.818,1,1
5,0,28,2,N,nb24,1235,-1.52,-1.628,2,1
5,0,28,2,N,nb25,1235,-0.08,1.848,2,1
5,0,28,2,N,nb26,1235,-0.185,0.183,1,1
5,0,28,2,N,nb27,1235,1.685,0.071,1,1
5,0,28,2,N,nb28,1235,-1.195,-1.377,1,1
5,0,28,2,N,nb29,1235,-1.547,-1.338,1,1
5,0,28,2,A,aa0,1235,1.071,0.226,1,0
5,0,28,2,A,aa1,1235,1.866,-1.866,0,0
5,0,28,2,N,nb0,1240,-0.31,1.815,3,1
5,0,28,2,N,nb1,1240,-1.699,1.655,3,1
5,0,28,2,N,nb2,1240,-0.595,-0.15,0,0
5,0,28,2,N,nb3,1240,-0.265,-0.023,1,1
5,0,28,2,N,nb4,1240,0.367,-1.203,1,1
5,0,28,2,N,nb5,1240,0.15,-1.566,1,1
5,0,28,2,N,nb6,1240,1.486,0.227,1,0
5,0,28,2,N,nb7,1240,-1.667,-1.544,2,1
5,0,28,2,N,nb8,1240,-0.065,-1.532,1,1
5,0,28,2,N,nb9,1240,-1.699,1.847,3,1
5,0,28,2,N,nb10,1240,0.159,1.866,1,1
5,0,28,2,N,nb11,1240,-0.348,1.596,1,1
5,0,28,2,N,nb12,1240,-1.865,-0.306,1,1
5,0,28,2,N,nb13,1240,-1.865,-0.062,1,1
5,0,28,2,N,nb14,1240,-1.795,1.446,1,1
5,0,28,2,N,nb15,1240,1.65,0.409,2,0
5,0,28,2,N,nb16,1240,-1.327,-1.586,2,1
5,0,28,2,N,nb17,1240,1.12,0.647,0,0
5,0,28,2,N,nb18,1240,-1.866,1.865,2,1
5,0,28,2,N,nb19,1240,1.585,0.623,2,0
5,0,28,2,N,nb20,1240,-1.863,1.696,3,1
5,0,28,2,N,nb21,1240,0.292,-1.001,1,1
5,0,28,2,N,nb22,1240,-0.539,1.841,1,1
5,0,28,2,N,nb23,1240,1.686,0.818,1,1
5,0,28,2,N,nb24,1240,-1.52,-1.628,2,1
5,0,28,2,N,nb25,1240,-0.08,1.848,2,1
5,0,28,2,N,nb26,1240,-0.185,0.183,1,1
5,0,28,2,N,nb27,1240,1.685,0.071,0,1
5,0,28,2,N,nb28,1240,-1.195,-1.377,1,1
5,0,28,2,N,nb29,1240,-1.547,-1.338,1,1
5,0,28,2,A,aa0,1240,1.162,0.267,0,0
5,0,28,2,A,aa1,1240,1.866,-1.866,0,0
5,0,28,2,N,nb0,1245,-0.31,1.815,3,1
5,0,28,2,N,nb1,1245,-1.699,1.655,3,0
5,0,28,2,N,nb2,1245,-0.688,-0.112,0,0
5,0,28,2,N,nb3,1245,-0.265,-0.023,1,1
5,0,28,2,N,nb4,1245,0.367,-1.203,1,1
5,0,28,2,N,nb5,1245,0.15,-1.566,1,1
5,0,28,2,N,nb6,1245,1.437,0.303,0,0
5,0,28,2,N,nb7,1245,-1.667,-1.544,2,1
5,0,28,2,N,nb8,1245,-0.065,-1.532,1,1
5,0,28,2,N,nb9,1245,-1.699,1.847,3,0
5,0,28,2,N,nb10,1245,0.159,1.866,1,1
5,0,28,2,N,nb11,1245,-0.348,1.596,1,1
5,0,28,2,N,nb12,1245,-1.865,-0.306,1,1
5,0,28,2,N,nb13,1245,-1.865,-0.062,1,1
5,0,28,2,N,nb14,1245,-1.795,1.446,1,1
5,0,28,2,N,nb15,1245,1.613,0.486,1,0
5,0,28,2,N,nb16,1245,-1.327,-1.586,2,1
5,0,28,2,N,nb17,1245,1.18,0.727,0,0
5,0,28,2,N,nb18,1245,-1.866,1.865,2,1
5,0,28,2,N,nb19,1245,1.651,0.661,2,0
5,0,28,2,N,nb20,1245,-1.863,1.696,3,0
5,0,28,2,N,nb21,1245,0.292,-1.001,1,1
5,0,28,2,N,nb22,1245,-0.539,1.841,1,1
5,0,28,2,N,nb23,1245,1.693,0.826,1,1
5,0,28,2,N,nb24,1245,-1.52,-1.628,2,1
5,0,28,2,N,nb25,1245,-0.08,1.848,2,1
5,0,28,2,N,nb26,1245,-0.185,0.183,1,1
5,0,28,2,N,nb27,1245,1.685,0.071,0,1
5,0,28,2,N,nb28,1245,-1.195,-1.377,1,0
5,0,28,2,N,nb29,1245,-1.547,-1.338,1,1
5,0,28,2,A,aa0,1245,1.249,0.307,1,0
5,0,28,2,A,aa1,1245,1.866,-1.866,0,0
5,0,28,2,N,nb0,1250,-0.31,1.815,3,1
5,0,28,2,N,nb1,1250,-1.699,1.655,3,1
5,0,28,2,N,nb2,1250,-0.78,-0.073,0,0
5,0,28,2,N,nb3,1250,-0.265,-0.023,1,1
5,0,28,2,N,nb4,1250,0.367,-1.203,1,1
5,0,28,2,N,nb5,1250,0.15,-1.566,1,1
5,0,28,2,N,nb6,1250,1.447,0.361,1,1
5,0,28,2,N,nb7,1250,-1.667,-1.544,2,1
5,0,28,2,N,nb8,1250,-0.065,-1.532,1,1
5,0,28,2,N,nb9,1250,-1.699,1.847,3,1
5,0,28,2,N,nb10,1250,0.159,1.866,1,1
5,0,28,2,N,nb11,1250,-0.348,1.596,1,1
5,0,28,2,N,nb12,1250,-1.865,-0.306,1,1
5,0,28,2,N,nb13,1250,-1.865,-0.062,1,1
5,0,28,2,N,nb14,1250,-1.795,1.446,1,1
5,0,28,2,N,nb15,1250,1.573,0.548,2,1
5,0,28,2,N,nb16,1250,-1.327,-1.586,2,1
5,0,28,2,N,nb17,1250,1.24,0.806,0,0
5,0,28,2,N,nb18,1250,-1.866,1.865,2,1
5,0,28,2,N,nb19,1250,1.703,0.676,2,1
5,0,28,2,N,nb20,1250,-1.863,1.696,3,1
5,0,28,2,N,nb21,1250,0.292,-1.001,1,1
5,0,28,2,N,nb22,1250,-0.539,1.841,1,1
5,0,28,2,N,nb23,1250,1.707,0.846,1,0
5,0,28,2,N,nb24,1250,-1.52,-1.628,2,1
5,0,28,2,N,nb25,1250,-0.08,1.848,2,1
5,0,28,2,N,nb26,1250,-0.185,0.183,1,1
5,0,28,2,N,nb27,1250,1.685,0.071,0,1
5,0,28,2,N,nb28,1250,-1.195,-1.377,1,1
5,0,28,2,N,nb29,1250,-1.547,-1.338,1,1
5,0,28,2,A,aa0,1250,1.278,0.361,1,0
5,0,28,2,A,aa1,1250,1.866,-1.866,0,0
5,0,28,2,N,nb0,1255,-0.31,1.815,3,1
5,0,28,2,N,nb1,1255,-1.699,1.655,3,1
5,0,28,2,N,nb2,1255,-0.872,-0.035,0,0
5,0,28,2,N,nb3,1255,-0.265,-0.023,1,1
5,0,28,2,N,nb4,1255,0.367,-1.203,1,1
5,0,28,2,N,nb5,1255,0.15,-1.566,1,1
5,0,28,2,N,nb6,1255,1.484,0.385,1,0
5,0,28,2,N,nb7,1255,-1.667,-1.544,2,1
5,0,28,2,N,nb8,1255,-0.065,-1.532,1,1
5,0,28,2,N,nb9,1255,-1.699,1.847,3,1
5,0,28,2,N,nb10,1255,0.159,1.866,1,1
5,0,28,2,N,nb11,1255,-0.348,1.596,1,1
5,0,28,2,N,nb12,1255,-1.865,-0.306,1,1
5,0,28,2,N,nb13,1255,-1.865,-0.062,1,1
5,0,28,2,N,nb14,1255,-1.795,1.446,1,1
5,0,28,2,N,nb15,1255,1.564,0.561,2,0
5,0,28,2,N,nb16,1255,-1.327,-1.586,2,1
5,0,28,2,N,nb17,1255,1.3,0.886,0,0
5,0,28,2,N,nb18,1255,-1.866,1.865,2,1
5,0,28,2,N,nb19,1255,1.703,0.676,2,1
5,0,28,2,N,nb20,1255,-1.863,1.696,3,1
5,0,28,2,N,nb21,1255,0.292,-1.001,1,1
5,0,28,2,N,nb22,1255,-0.539,1.841,1,1
5,0,28,2,N,nb23,1255,1.707,0.846,1,0
5,0,28,2,N,nb24,1255,-1.52,-1.628,2,1
5,0,28,2,N,nb25,1255,-0.08,1.848,2,1
5,0,28,2,N,nb26,1255,-0.185,0.183,1,1
5,0,28,2,N,nb27,1255,1.68,0.087,0,0
5,0,28,2,N,nb28,1255,-1.195,-1.377,1,1
5,0,28,2,N,nb29,1255,-1.547,-1.338,1,1
5,0,28,2,A,aa0,1255,1.317,0.411,0,0
5,0,28,2,A,aa1,1255,1.866,-1.866,0,0
5,0,28,2,N,nb0,1260,-0.31,1.815,3,1
5,0,28,2,N,nb1,1260,-1.699,1.655,3,1
5,0,28,2,N,nb2,1260,-0.965,0.003,0,0
5,0,28,2,N,nb3,1260,-0.265,-0.023,1,1
5,0,28,2,N,nb4,1260,0.367,-1.203,1,1
5,0,28,2,N,nb5,1260,0.15,-1.566,1,1
5,0,28,2,N,nb6,1260,1.523,0.455,1,0
5,0,28,2,N,nb7,1260,-1.667,-1.544,2,1
5,0,28,2,N,nb8,1260,-0.065,-1.532,1,1
5,0,28,2,N,nb9,1260,-1.699,1.847,3,1
5,0,28,2,N,nb10,1260,0.159,1.866,1,1
5,0,28,2,N,nb11,1260,-0.348,1.596,1,1
5,0,28,2,N,nb12,1260,-1.865,-0.306,1,1
5,0,28,2,N,nb13,1260,-1.865,-0.062,1,1
5,0,28,2,N,nb14,1260,-1.795,1.446,1,1
5,0,28,2,N,nb15,1260,1.502,0.636,2,0
5,0,28,2,N,nb16,1260,-1.327,-1.586,2,1
5,0,28,2,N,nb17,1260,1.361,0.966,0,0
5,0,28,2,N,nb18,1260,-1.866,1.865,2,1
5,0,28,2,N,nb19,1260,1.704,0.67,2,1
5,0,28,2,N,nb20,1260,-1.863,1.696,3,1
5,0,28,2,N,nb21,1260,0.292,-1.001,1,1
5,0,28,2,N,nb22,1260,-0.539,1.841,1,1
5,0,28,2,N,nb23,1260,1.757,0.831,1,0
5,0,28,2,N,nb24,1260,-1.52,-1.628,2,1
5,0,28,2,N,nb25,1260,-0.08,1.848,2,1
5,0,28,2,N,nb26,1260,-0.185,0.183,1,1
5,0,28,2,N,nb27,1260,1.655,0.184,0,0
5,0,28,2,N,nb28,1260,-1.195,-1.377,1,1
5,0,28,2,N,nb29,1260,-1.547,-1.338,1,1
5,0,28,2,A,aa0,1260,1.357,0.484,0,0
5,0,28,2,A,aa1,1260,1.866,-1.866,0,0
5,0,28,2,N,nb0,1265,-0.31,1.815,3,1
5,0,28,2,N,nb1,1265,-1.699,1.655,3,1
5,0,28,2,N,nb2,1265,-1.057,0.041,0,0
5,0,28,2,N,nb3,1265,-0.265,-0.023,1,1
5,0,28,2,N,nb4,1265,0.367,-1.203,1,1
5,0,28,2,N,nb5,1265,0.15,-1.566,1,1
5,0,28,2,N,nb6,1265,1.55,0.52,2,1
5,0,28,2,N,nb7,1265,-1.667,-1.544,2,1
5,0,28,2,N,nb8,1265,-0.065,-1.532,1,1
5,0,28,2,N,nb9,1265,-1.699,1.847,3,1
5,0,28,2,N,nb10,1265,0.159,1.866,1,1
5,0,28,2,N,nb11,1265,-0.348,1.596,1,1
5,0,28,2,N,nb12,1265,-1.865,-0.306,1,1
5,0,28,2,N,nb13,1265,-1.865,-0.062,1,1
5,0,28,2,N,nb14,1265,-1.795,1.446,1,1
5,0,28,2,N,nb15,1265,1.453,0.704,1,1
5,0,28,2,N,nb16,1265,-1.327,-1.586,2,1
5,0,28,2,N,nb17,1265,1.421,1.046,0,0
5,0,28,2,N,nb18,1265,-1.866,1.865,2,1
5,0,28,2,N,nb19,1265,1.704,0.666,2,1
5,0,28,2,N,nb20,1265,-1.863,1.696,3,1
5,0,28,2,N,nb21,1265,0.292,-1.001,1,1
5,0,28,2,N,nb22,1265,-0.539,1.841,1,1
5,0,28,2,N,nb23,1265,1.835,0.786,1,1
5,0,28,2,N,nb24,1265,-1.52,-1.628,2,1
5,0,28,2,N,nb25,1265,-0.08,1.848,2,1
5,0,28,2,N,nb26,1265,-0.185,0.183,1,1
5,0,28,2,N,nb27,1265,1.63,0.281,0,0
5,0,28,2,N,nb28,1265,-1.195,-1.377,1,1
5,0,28,2,N,nb29,1265,-1.547,-1.338,1,1
5,0,28,2,A,aa0,1265,1.384,0.55,0,0
5,0,28,2,A,aa1,1265,1.866,-1.866,0,0
5,0,28,2,N,nb0,1270,-0.31,1.815,3,1
5,0,28,2,N,nb1,1270,-1.699,1.655,3,1
5,0,28,2,N,nb2,1270,-1.15,0.079,0,0
5,0,28,2,N,nb3,1270,-0.265,-0.023,1,1
5,0,28,2,N,nb4,1270,0.367,-1.203,1,1
5,0,28,2,N,nb5,1270,0.15,-1.566,1,1
5,0,28,2,N,nb6,1270,1.55,0.52,3,0
5,0,28,2,N,nb7,1270,-1.667,-1.544,2,1
5,0,28,2,N,nb8,1270,-0.065,-1.532,1,1
5,0,28,2,N,nb9,1270,-1.699,1.847,3,1
5,0,28,2,N,nb10,1270,0.159,1.866,1,1
5,0,28,2,N,nb11,1270,-0.348,1.596,1,1
5,0,28,2,N,nb12,1270,-1.865,-0.306,1,1
5,0,28,2,N,nb13,1270,-1.865,-0.062,1,1
5,0,28,2,N,nb14,1270,-1.795,1.446,1,1
5,0,28,2,N,nb15,1270,1.453,0.704,1,0
5,0,28,2,N,nb16,1270,-1.327,-1.586,2,1
5,0,28,2,N,nb17,1270,1.481,1.125,0,0
5,0,28,2,N,nb18,1270,-1.866,1.865,2,1
5,0,28,2,N,nb19,1270,1.704,0.666,2,1
5,0,28,2,N,nb20,1270,-1.863,1.696,3,1
5,0,28,2,N,nb21,1270,0.292,-1.001,1,1
5,0,28,2,N,nb22,1270,-0.539,1.841,1,1
5,0,28,2,N,nb23,1270,1.837,0.785,1,1
5,0,28,2,N,nb24,1270,-1.52,-1.628,2,1
5,0,28,2,N,nb25,1270,-0.08,1.848,2,1
5,0,28,2,N,nb26,1270,-0.185,0.183,1,1
5,0,28,2,N,nb27,1270,1.625,0.3,1,0
5,0,28,2,N,nb28,1270,-1.195,-1.377,1,1
5,0,28,2,N,nb29,1270,-1.547,-1.338,1,1
5,0,28,2,A,aa0,1270,1.384,0.55,3,1
5,0,28,2,A,aa1,1270,1.866,-1.866,0,0
5,0,28,2,N,nb0,1275,-0.31,1.815,3,1
5,0,28,2,N,nb1,1275,-1.699,1.655,3,1
5,0,28,2,N,nb2,1275,-1.242,0.117,0,0
5,0,28,2,N,nb3,1275,-0.265,-0.023,1,1
5,0,28,2,N,nb4,1275,0.367,-1.203,1,1
5,0,28,2,N,nb5,1275,0.15,-1.566,1,1
5,0,28,2,N,nb6,1275,1.549,0.603,3,0
5,0,28,2,N,nb7,1275,-1.667,-1.544,2,1
5,0,28,2,N,nb8,1275,-0.065,-1.532,1,1
5,0,28,2,N,nb9,1275,-1.699,1.847,3,1
5,0,28,2,N,nb10,1275,0.159,1.866,1,1
5,0,28,2,N,nb11,1275,-0.348,1.596,1,1
5,0,28,2,N,nb12,1275,-1.865,-0.306,1,1
5,0,28,2,N,nb13,1275,-1.865,-0.062,1,1
5,0,28,2,N,nb14,1275,-1.795,1.446,1,1
5,0,28,2,N,nb15,1275,1.401,0.781,1,0
5,0,28,2,N,nb16,1275,-1.327,-1.586,2,1
5,0,28,2,N,nb17,1275,1.542,1.205,0,0
5,0,28,2,N,nb18,1275,-1.866,1.865,2,1
5,0,28,2,N,nb19,1275,1.706,0.668,2,1
5,0,28,2,N,nb20,1275,-1.863,1.696,3,1
5,0,28,2,N,nb21,1275,0.292,-1.001,1,1
5,0,28,2,N,nb22,1275,-0.539,1.841,1,1
5,0,28,2,N,nb23,1275,1.837,0.785,1,1
5,0,28,2,N,nb24,1275,-1.52,-1.628,2,1
5,0,28,2,N,nb25,1275,-0.08,1.848,2,1
5,0,28,2,N,nb26,1275,-0.185,0.183,1,1
5,0,28,2,N,nb27,1275,1.614,0.382,1,0
5,0,28,2,N,nb28,1275,-1.195,-1.377,1,1
5,0,28,2,N,nb29,1275,-1.547,-1.338,1,1
5,0,28,2,A,aa0,1275,1.377,0.613,0,0
5,0,28,2,A,aa1,1275,1.866,-1.866,0,0
5,0,28,2,N,nb0,1280,-0.31,1.815,3,1
5,0,28,2,N,nb1,1280,-1.699,1.655,3,1
5,0,28,2,N,nb2,1280,-1.335,0.155,0,0
5,0,28,2,N,nb3,1280,-0.265,-0.023,1,1
5,0,28,2,N,nb4,1280,0.367,-1.203,1,1
5,0,28,2,N,nb5,1280,0.15,-1.566,1,1
5,0,28,2,N,nb6,1280,1.54,0.665,2,1
5,0,28,2,N,nb7,1280,-1.667,-1.544,2,1
5,0,28,2,N,nb8,1280,-0.065,-1.532,1,1
5,0,28,2,N,nb9,1280,-1.699,1.847,3,1
5,0,28,2,N,nb10,1280,0.159,1.866,1,1
5,0,28,2,N,nb11,1280,-0.348,1.596,1,1
5,0,28,2,N,nb12,1280,-1.865,-0.306,1,1
5,0,28,2,N,nb13,1280,-1.865,-0.062,1,1
5,0,28,2,N,nb14,1280,-1.795,1.446,1,0
5,0,28,2,N,nb15,1280,1.348,0.863,0,0
5,0,28,2,N,nb16,1280,-1.327,-1.586,2,1
5,0,28,2,N,nb17,1280,1.602,1.285,0,0
5,0,28,2,N,nb18,1280,-1.866,1.865,2,1
5,0,28,2,N,nb19,1280,1.71,0.672,3,1
5,0,28,2,N,nb20,1280,-1.863,1.696,3,1
5,0,28,2,N,nb21,1280,0.292,-1.001,1,1
5,0,28,2,N,nb22,1280,-0.539,1.841,1,1
5,0,28,2,N,nb23,1280,1.837,0.785,1,1
5,0,28,2,N,nb24,1280,-1.52,-1.628,2,0
5,0,28,2,N,nb25,1280,-0.08,1.848,2,1
5,0,28,2,N,nb26,1280,-0.185,0.183,1,1
5,0,28,2,N,nb27,1280,1.621,0.467,2,1
5,0,28,2,N,nb28,1280,-1.195,-1.377,1,1
5,0,28,2,N,nb29,1280,-1.547,-1.338,1,1
5,0,28,2,A,aa0,1280,1.372,0.695,0,0
5,0,28,2,A,aa1,1280,1.866,-1.866,0,0
5,0,28,2,N,nb0,1285,-0.31,1.815,3,1
5,0,28,2,N,nb1,1285,-1.699,1.655,3,1
5,0,28,2,N,nb2,1285,-1.427,0.193,0,0
5,0,28,2,N,nb3,1285,-0.265,-0.023,1,1
5,0,28,2,N,nb4,1285,0.367,-1.203,1,1
5,0,28,2,N,nb5,1285,0.15,-1.566,1,1
5,0,28,2,N,nb6,1285,1.54,0.667,2,1
5,0,28,2,N,nb7,1285,-1.667,-1.544,2,1
5,0,28,2,N,nb8,1285,-0.065,-1.532,1,1
5,0,28,2,N,nb9,1285,-1.699,1.847,3,1
5,0,28,2,N,nb10,1285,0.159,1.866,1,1
5,0,28,2,N,nb11,1285,-0.348,1.596,1,1
5,0,28,2,N,nb12,1285,-1.865,-0.306,1,1
5,0,28,2,N,nb13,1285,-1.865,-0.062,1,1
5,0,28,2,N,nb14,1285,-1.795,1.446,1,1
5,0,28,2,N,nb15,1285,1.297,0.947,0,0
5,0,28,2,N,nb16,1285,-1.327,-1.586,2,1
5,0,28,2,N,nb17,1285,1.662,1.365,0,0
5,0,28,2,N,nb18,1285,-1.866,1.865,2,1
5,0,28,2,N,nb19,1285,1.71,0.672,3,1
5,0,28,2,N,nb20,1285,-1.863,1.696,3,1
5,0,28,2,N,nb21,1285,0.292,-1.001,1,1
5,0,28,2,N,nb22,1285,-0.539,1.841,1,1
5,0,28,2,N,nb23,1285,1.837,0.785,1,1
5,0,28,2,N,nb24,1285,-1.52,-1.628,2,1
5,0,28,2,N,nb25,1285,-0.08,1.848,2,1
5,0,28,2,N,nb26,1285,-0.185,0.183,1,1
5,0,28,2,N,nb27,1285,1.621,0.47,2,1
5,0,28,2,N,nb28,1285,-1.195,-1.377,1,1
5,0,28,2,N,nb29,1285,-1.547,-1.338,1,1
5,0,28,2,A,aa0,1285,1.368,0.733,1,0
5,0,28,2,A,aa1,1285,1.866,-1.866,0,0
5,0,28,2,N,nb0,1290,-0.31,1.815,3,0
5,0,28,2,N,nb1,1290,-1.699,1.655,3,1
5,0,28,2,N,nb2,1290,-1.52,0.232,0,0
5,0,28,2,N,nb3,1290,-0.265,-0.023,1,1
5,0,28,2,N,nb4,1290,0.367,-1.203,1,1
5,0,28,2,N,nb5,1290,0.15,-1.566,1,1
5,0,28,2,N,nb6,1290,1.54,0.667,2,1
5,0,28,2,N,nb7,1290,-1.667,-1.544,2,1
5,0,28,2,N,nb8,1290,-0.065,-1.532,1,1
5,0,28,2,N,nb9,1290,-1.699,1.847,3,1
5,0,28,2,N,nb10,1290,0.159,1.866,1,1
5,0,28,2,N,nb11,1290,-0.348,1.596,1,0
5,0,28,2,N,nb12,1290,-1.865,-0.306,1,1
5,0,28,2,N,nb13,1290,-1.865,-0.062,1,1
5,0,28,2,N,nb14,1290,-1.795,1.446,1,1
5,0,28,2,N,nb15,1290,1.248,1.033,0,0
5,0,28,2,N,nb16,1290,-1.327,-1.586,2,1
5,0,28,2,N,nb17,1290,1.723,1.445,0,0
5,0,28,2,N,nb18,1290,-1.866,1.865,2,1
5,0,28,2,N,nb19,1290,1.71,0.672,3,1
5,0,28,2,N,nb20,1290,-1.863,1.696,3,1
5,0,28,2,N,nb21,1290,0.292,-1.001,1,1
5,0,28,2,N,nb22,1290,-0.539,1.841,1,1
5,0,28,2,N,nb23,1290,1.837,0.785,1,1
5,0,28,2,N,nb24,1290,-1.52,-1.628,2,1
5,0,28,2,N,nb25,1290,-0.08,1.848,2,1
5,0,28,2,N,nb26,1290,-0.185,0.183,1,1
5,0,28,2,N,nb27,1290,1.621,0.47,2,1
5,0,28,2,N,nb28,1290,-1.195,-1.377,1,1
5,0,28,2,N,nb29,1290,-1.547,-1.338,1,1
5,0,28,2,A,aa0,1290,1.325,0.768,2,0
5,0,28,2,A,aa1,1290,1.866,-1.866,0,0
5,0,28,2,N,nb0,1295,-0.31,1.815,3,1
5,0,28,2,N,nb1,1295,-1.699,1.655,3,1
5,0,28,2,N,nb2,1295,-1.612,0.27,0,0
5,0,28,2,N,nb3,1295,-0.265,-0.023,1,1
5,0,28,2,N,nb4,1295,0.367,-1.203,1,1
5,0,28,2,N,nb5,1295,0.15,-1.566,1,1
5,0,28,2,N,nb6,1295,1.54,0.667,2,0
5,0,28,2,N,nb7,1295,-1.667,-1.544,2,1
5,0,28,2,N,nb8,1295,-0.065,-1.532,1,1
5,0,28,2,N,nb9,1295,-1.699,1.847,3,1
5,0,28,2,N,nb10,1295,0.159,1.866,1,1
5,0,28,2,N,nb11,1295,-0.348,1.596,1,1
5,0,28,2,N,nb12,1295,-1.865,-0.306,1,1
5,0,28,2,N,nb13,1295,-1.865,-0.062,1,1
5,0,28,2,N,nb14,1295,-1.795,1.446,1,1
5,0,28,2,N,nb15,1295,1.198,1.12,0,0
5,0,28,2,N,nb16,1295,-1.327,-1.586,2,1
5,0,28,2,N,nb17,1295,1.782,1.523,0,0
5,0,28,2,N,nb18,1295,-1.866,1.865,2,1
5,0,28,2,N,nb19,1295,1.71,0.672,3,1
5,0,28,2,N,nb20,1295,-1.863,1.696,3,1
5,0,28,2,N,nb21,1295,0.292,-1.001,1,1
5,0,28,2,N,nb22,1295,-0.539,1.841,1,1
5,0,28,2,N,nb23,1295,1.837,0.785,1,0
5,0,28,2,N,nb24,1295,-1.52,-1.628,2,1
5,0,28,2,N,nb25,1295,-0.08,1.848,2,1
5,0,28,2,N,nb26,1295,-0.185,0.183,1,1
5,0,28,2,N,nb27,1295,1.621,0.47,2,0
5,0,28,2,N,nb28,1295,-1.195,-1.377,1,1
5,0,28,2,N,nb29,1295,-1.547,-1.338,1,1
5,0,28,2,A,aa0,1295,1.248,0.83,3,1
5,0,28,2,A,aa1,1295,1.866,-1.866,0,0
5,0,28,2,N,nb0,1300,-0.31,1.815,3,1
5,0,28,2,N,nb1,1300,-1.699,1.655,3,1
5,0,28,2,N,nb2,1300,-1.705,0.308,0,0
5,0,28,2,N,nb3,1300,-0.265,-0.023,1,1
5,0,28,2,N,nb4,1300,0.367,-1.203,1,1
5,0,28,2,N,nb5,1300,0.15,-1.566,1,1
5,0,28,2,N,nb6,1300,1.549,0.732,2,0
5,0,28,2,N,nb7,1300,-1.667,-1.544,2,1
5,0,28,2,N,nb8,1300,-0.065,-1.532,1,1
5,0,28,2,N,nb9,1300,-1.699,1.847,3,1
5,0,28,2,N,nb10,1300,0.159,1.866,1,1
5,0,28,2,N,nb11,1300,-0.348,1.596,1,1
5,0,28,2,N,nb12,1300,-1.865,-0.306,1,1
5,0,28,2,N,nb13,1300,-1.865,-0.062,1,1
5,0,28,2,N,nb14,1300,-1.795,1.446,1,1
5,0,28,2,N,nb15,1300,1.148,1.207,0,0
5,0,28,2,N,nb16,1300,-1.327,-1.586,2,1
5,0,28,2,N,nb17,1300,1.829,1.598,0,0
5,0,28,2,N,nb18,1300,-1.866,1.865,2,1
5,0,28,2,N,nb19,1300,1.711,0.678,3,1
5,0,28,2,N,nb20,1300,-1.863,1.696,3,1
5,0,28,2,N,nb21,1300,0.292,-1.001,1,1
5,0,28,2,N,nb22,1300,-0.539,1.841,1,1
5,0,28,2,N,nb23,1300,1.866,0.758,1,0
5,0,28,2,N,nb24,1300,-1.52,-1.628,2,1
5,0,28,2,N,nb25,1300,-0.08,1.848,2,1
5,0,28,2,N,nb26,1300,-0.185,0.183,1,1
5,0,28,2,N,nb27,1300,1.637,0.527,2,0
5,0,28,2,N,nb28,1300,-1.195,-1.377,1,1
5,0,28,2,N,nb29,1300,-1.547,-1.338,1,1
5,0,28,2,A,aa0,1300,1.169,0.893,0,0
5,0,28,2,A,aa1,1300,1.866,-1.866,0,0
5,0,28,2,N,nb0,1305,-0.31,1.815,3,1
5,0,28,2,N,nb1,1305,-1.699,1.655,3,1
5,0,28,2,N,nb2,1305,-1.795,0.345,0,0
5,0,28,2,N,nb3,1305,-0.265,-0.023,1,1
5,0,28,2,N,nb4,1305,0.367,-1.203,1,1
5,0,28,2,N,nb5,1305,0.15,-1.566,1,0
5,0,28,2,N,nb6,1305,1.564,0.825,1,0
5,0,28,2,N,nb7,1305,-1.667,-1.544,2,1
5,0,28,2,N,nb8,1305,-0.065,-1.532,1,0
5,0,28,2,N,nb9,1305,-1.699,1.847,3,1
5,0,28,2,N,nb10,1305,0.159,1.866,1,1
5,0,28,2,N,nb11,1305,-0.348,1.596,1,1
5,0,28,2,N,nb12,1305,-1.865,-0.306,1,1
5,0,28,2,N,nb13,1305,-1.865,-0.062,1,1
5,0,28,2,N,nb14,1305,-1.795,1.446,1,1
5,0,28,2,N,nb15,1305,1.098,1.294,0,0
5,0,28,2,N,nb16,1305,-1.327,-1.586,2,1
5,0,28,2,N,nb17,1305,1.865,1.681,0,0
5,0,28,2,N,nb18,1305,-1.866,1.865,2,1
5,0,28,2,N,nb19,1305,1.71,0.687,3,1
5,0,28,2,N,nb20,1305,-1.863,1.696,3,1
5,0,28,2,N,nb21,1305,0.292,-1.001,1,1
5,0,28,2,N,nb22,1305,-0.539,1.841,1,1
5,0,28,2,N,nb23,1305,1.867,0.751,1,0
5,0,28,2,N,nb24,1305,-1.52,-1.628,2,1
5,0,28,2,N,nb25,1305,-0.08,1.848,2,1
5,0,28,2,N,nb26,1305,-0.185,0.183,1,0
5,0,28,2,N,nb27,1305,1.653,0.528,1,0
5,0,28,2,N,nb28,1305,-1.195,-1.377,1,1
5,0,28,2,N,nb29,1305,-1.547,-1.338,1,1
5,0,28,2,A,aa0,1305,1.091,0.955,0,0
5,0,28,2,A,aa1,1305,1.866,-1.866,0,0
5,0,28,2,N,nb0,1310,-0.31,1.815,3,1
5,0,28,2,N,nb1,1310,-1.699,1.655,3,1
5,0,28,2,N,nb2,1310,-1.866,0.386,0,0
5,0,28,2,N,nb3,1310,-0.265,-0.023,1,1
5,0,28,2,N,nb4,1310,0.367,-1.203,1,1
5,0,28,2,N,nb5,1310,0.15,-1.566,1,1
5,0,28,2,N,nb6,1310,1.567,0.847,1,1
5,0,28,2,N,nb7,1310,-1.667,-1.544,2,1
5,0,28,2,N,nb8,1310,-0.065,-1.532,1,1
5,0,28,2,N,nb9,1310,-1.699,1.847,3,1
5,0,28,2,N,nb10,1310,0.159,1.866,1,1
5,0,28,2,N,nb11,1310,-0.348,1.596,1,1
5,0,28,2,N,nb12,1310,-1.865,-0.306,1,1
5,0,28,2,N,nb13,1310,-1.865,-0.062,1,1
5,0,28,2,N,nb14,1310,-1.795,1.446,1,1
5,0,28,2,N,nb15,1310,1.049,1.38,0,0
5,0,28,2,N,nb16,1310,-1.327,-1.586,2,1
5,0,28,2,N,nb17,1310,1.865,1.766,0,0
5,0,28,2,N,nb18,1310,-1.866,1.865,2,1
5,0,28,2,N,nb19,1310,1.71,0.687,3,0
5,0,28,2,N,nb20,1310,-1.863,1.696,3,1
5,0,28,2,N,nb21,1310,0.292,-1.001,1,1
5,0,28,2,N,nb22,1310,-0.539,1.841,1,1
5,0,28,2,N,nb23,1310,1.867,0.751,1,1
5,0,28,2,N,nb24,1310,-1.52,-1.628,2,1
5,0,28,2,N,nb25,1310,-0.08,1.848,2,1
5,0,28,2,N,nb26,1310,-0.185,0.183,1,1
5,0,28,2,N,nb27,1310,1.656,0.527,1,1
5,0,28,2,N,nb28,1310,-1.195,-1.377,1,1
5,0,28,2,N,nb29,1310,-1.547,-1.338,1,1
5,0,28,2,A,aa0,1310,1.013,1.017,1,0
5,0,28,2,A,aa1,1310,1.866,-1.866,0,0
5,0,28,2,N,nb0,1315,-0.31,1.815,3,1
5,0,28,2,N,nb1,1315,-1.699,1.655,3,1
5,0,28,2,N,nb2,1315,-1.866,0.436,0,0
5,0,28,2,N,nb3,1315,-0.265,-0.023,1,1
5,0,28,2,N,nb4,1315,0.367,-1.203,1,1
5,0,28,2,N,nb5,1315,0.15,-1.566,1,1
5,0,28,2,N,nb6,1315,1.567,0.847,1,1
5,0,28,2,N,nb7,1315,-1.667,-1.544,2,1
5,0,28,2,N,nb8,1315,-0.065,-1.532,1,1
5,0,28,2,N,nb9,1315,-1.699,1.847,3,1
5,0,28,2,N,nb10,1315,0.159,1.866,1,1
5,0,28,2,N,nb11,1315,-0.348,1.596,1,1
5,0,28,2,N,nb12,1315,-1.865,-0.306,1,1
5,0,28,2,N,nb13,1315,-1.865,-0.062,1,1
5,0,28,2,N,nb14,1315,-1.795,1.446,1,1
5,0,28,2,N,nb15,1315,0.999,1.467,0,0
5,0,28,2,N,nb16,1315,-1.327,-1.586,2,1
5,0,28,2,N,nb17,1315,1.865,1.855,0,0
5,0,28,2,N,nb18,1315,-1.866,1.865,2,1
5,0,28,2,N,nb19,1315,1.71,0.687,3,1
5,0,28,2,N,nb20,1315,-1.863,1.696,3,1
5,0,28,2,N,nb21,1315,0.292,-1.001,1,1
5,0,28,2,N,nb22,1315,-0.539,1.841,1,0
5,0,28,2,N,nb23,1315,1.867,0.751,1,1
5,0,28,2,N,nb24,1315,-1.52,-1.628,2,1
5,0,28,2,N,nb25,1315,-0.08,1.848,2,1
5,0,28,2,N,nb26,1315,-0.185,0.183,1,1
5,0,28,2,N,nb27,1315,1.656,0.527,1,1
5,0,28,2,N,nb28,1315,-1.195,-1.377,1,1
5,0,28,2,N,nb29,1315,-1.547,-1.338,1,1
5,0,28,2,A,aa0,1315,0.935,1.079,0,0
5,0,28,2,A,aa1,1315,1.866,-1.866,0,0
5,0,28,2,N,nb0,1320,-0.31,1.815,3,1
5,0,28,2,N,nb1,1320,-1.699,1.655,3,1
5,0,28,2,N,nb2,1320,-1.866,0.499,0,0
5,0,28,2,N,nb3,1320,-0.265,-0.023,1,1
5,0,28,2,N,nb4,1320,0.367,-1.203,1,1
5,0,28,2,N,nb5,1320,0.15,-1.566,1,1
5,0,28,2,N,nb6,1320,1.567,0.847,1,1
5,0,28,2,N,nb7,1320,-1.667,-1.544,2,1
5,0,28,2,N,nb8,1320,-0.065,-1.532,1,1
5,0,28,2,N,nb9,1320,-1.699,1.847,3,1
5,0,28,2,N,nb10,1320,0.159,1.866,1,1
5,0,28,2,N,nb11,1320,-0.348,1.596,1,1
5,0,28,2,N,nb12,1320,-1.865,-0.306,1,1
5,0,28,2,N,nb13,1320,-1.865,-0.062,1,1
5,0,28,2,N,nb14,1320,-1.795,1.446,1,1
5,0,28,2,N,nb15,1320,0.949,1.554,0,0
5,0,28,2,N,nb16,1320,-1.327,-1.586,2,1
5,0,28,2,N,nb17,1320,1.865,1.866,0,0
5,0,28,2,N,nb18,1320,-1.866,1.865,2,0
5,0,28,2,N,nb19,1320,1.71,0.687,3,1
5,0,28,2,N,nb20,1320,-1.863,1.696,3,1
5,0,28,2,N,nb21,1320,0.292,-1.001,1,1
5,0,28,2,N,nb22,1320,-0.539,1.841,1,1
5,0,28,2,N,nb23,1320,1.867,0.751,1,1
5,0,28,2,N,nb24,1320,-1.52,-1.628,2,1
5,0,28,2,N,nb25,1320,-0.08,1.848,2,1
5,0,28,2,N,nb26,1320,-0.185,0.183,1,1
5,0,28,2,N,nb27,1320,1.656,0.527,1,1
5,0,28,2,N,nb28,1320,-1.195,-1.377,1,1
5,0,28,2,N,nb29,1320,-1.547,-1.338,1,1
5,0,28,2,A,aa0,1320,0.856,1.142,0,0
5,0,28,2,A,aa1,1320,1.866,-1.866,0,0
5,0,28,2,N,nb0,1325,-0.31,1.815,3,1
5,0,28,2,N,nb1,1325,-1.699,1.655,3,1
5,0,28,2,N,nb2,1325,-1.866,0.571,0,0
5,0,28,2,N,nb3,1325,-0.265,-0.023,1,1
5,0,28,2,N,nb4,1325,0.367,-1.203,1,1
5,0,28,2,N,nb5,1325,0.15,-1.566,1,1
5,0,28,2,N,nb6,1325,1.567,0.847,1,1
5,0,28,2,N,nb7,1325,-1.667,-1.544,2,1
5,0,28,2,N,nb8,1325,-0.065,-1.532,1,1
5,0,28,2,N,nb9,1325,-1.699,1.847,3,1
5,0,28,2,N,nb10,1325,0.159,1.866,1,1
5,0,28,2,N,nb11,1325,-0.348,1.596,1,1
5,0,28,2,N,nb12,1325,-1.865,-0.306,1,1
5,0,28,2,N,nb13,1325,-1.865,-0.062,1,1
5,0,28,2,N,nb14,1325,-1.795,1.446,1,1
5,0,28,2,N,nb15,1325,0.9,1.641,0,0
5,0,28,2,N,nb16,1325,-1.327,-1.586,2,1
5,0,28,2,N,nb17,1325,1.858,1.866,0,0
5,0,28,2,N,nb18,1325,-1.866,1.865,2,1
5,0,28,2,N,nb19,1325,1.71,0.687,3,1
5,0,28,2,N,nb20,1325,-1.863,1.696,3,1
5,0,28,2,N,nb21,1325,0.292,-1.001,1,1
5,0,28,2,N,nb22,1325,-0.539,1.841,1,1
5,0,28,2,N,nb23,1325,1.867,0.751,1,1
5,0,28,2,N,nb24,1325,-1.52,-1.628,2,1
5,0,28,2,N,nb25,1325,-0.08,1.848,2,1
5,0,28,2,N,nb26,1325,-0.185,0.183,1,1
5,0,28,2,N,nb27,1325,1.656,0.527,1,1
5,0,28,2,N,nb28,1325,-1.195,-1.377,1,1
5,0,28,2,N,nb29,1325,-1.547,-1.338,1,1
5,0,28,2,A,aa0,1325,0.778,1.204,0,0
5,0,28,2,A,aa1,1325,1.866,-1.866,0,0
5,0,28,2,N,nb0,1330,-0.31,1.815,3,1
5,0,28,2,N,nb1,1330,-1.699,1.655,3,1
5,0,28,2,N,nb2,1330,-1.866,0.651,0,0
5,0,28,2,N,nb3,1330,-0.265,-0.023,1,1
5,0,28,2,N,nb4,1330,0.367,-1.203,1,1
5,0,28,2,N,nb5,1330,0.15,-1.566,1,1
5,0,28,2,N,nb6,1330,1.567,0.847,1,1
5,0,28,2,N,nb7,1330,-1.667,-1.544,2,0
5,0,28,2,N,nb8,1330,-0.065,-1.532,1,1
5,0,28,2,N,nb9,1330,-1.699,1.847,3,1
5,0,28,2,N,nb10,1330,0.159,1.866,1,1
5,0,28,2,N,nb11,1330,-0.348,1.596,1,1
5,0,28,2,N,nb12,1330,-1.865,-0.306,1,1
5,0,28,2,N,nb13,1330,-1.865,-0.062,1,1
5,0,28,2,N,nb14,1330,-1.795,1.446,1,1
5,0,28,2,N,nb15,1330,0.85,1.727,0,0
5,0,28,2,N,nb16,1330,-1.327,-1.586,2,1
5,0,28,2,N,nb17,1330,1.837,1.866,0,0
5,0,28,2,N,nb18,1330,-1.866,1.865,2,1
5,0,28,2,N,nb19,1330,1.71,0.687,3,1
5,0,28,2,N,nb20,1330,-1.863,1.696,3,1
5,0,28,2,N,nb21,1330,0.292,-1.001,1,1
5,0,28,2,N,nb22,1330,-0.539,1.841,1,1
5,0,28,2,N,nb23,1330,1.867,0.751,1,1
5,0,28,2,N,nb24,1330,-1.52,-1.628,2,1
5,0,28,2,N,nb25,1330,-0.08,1.848,2,1
5,0,28,2,N,nb26,1330,-0.185,0.183,1,1
5,0,28,2,N,nb27,1330,1.656,0.527,1,1
5,0,28,2,N,nb28,1330,-1.195,-1.377,1,1
5,0,28,2,N,nb29,1330,-1.547,-1.338,1,0
5,0,28,2,A,aa0,1330,0.7,1.266,0,0
5,0,28,2,A,aa1,1330,1.866,-1.866,0,0
5,0,28,2,N,nb0,1335,-0.31,1.815,3,1
5,0,28,2,N,nb1,1335,-1.699,1.655,3,1
5,0,28,2,N,nb2,1335,-1.866,0.736,0,0
5,0,28,2,N,nb3,1335,-0.265,-0.023,1,1
5,0,28,2,N,nb4,1335,0.367,-1.203,1,1
5,0,28,2,N,nb5,1335,0.15,-1.566,1,1
5,0,28,2,N,nb6,1335,1.567,0.847,1,1
5,0,28,2,N,nb7,1335,-1.667,-1.544,2,1
5,0,28,2,N,nb8,1335,-0.065,-1.532,1,1
5,0,28,2,N,nb9,1335,-1.699,1.847,3,1
5,0,28,2,N,nb10,1335,0.159,1.866,1,1
5,0,28,2,N,nb11,1335,-0.348,1.596,1,1
5,0,28,2,N,nb12,1335,-1.865,-0.306,1,1
5,0,28,2,N,nb13,1335,-1.865,-0.062,1,1
5,0,28,2,N,nb14,1335,-1.795,1.446,1,1
5,0,28,2,N,nb15,1335,0.802,1.81,0,0
5,0,28,2,N,nb16,1335,-1.327,-1.586,2,1
5,0,28,2,N,nb17,1335,1.803,1.866,0,0
5,0,28,2,N,nb18,1335,-1.866,1.865,2,1
5,0,28,2,N,nb19,1335,1.71,0.687,3,1
5,0,28,2,N,nb20,1335,-1.863,1.696,3,1
5,0,28,2,N,nb21,1335,0.292,-1.001,1,1
5,0,28,2,N,nb22,1335,-0.539,1.841,1,1
5,0,28,2,N,nb23,1335,1.867,0.751,1,1
5,0,28,2,N,nb24,1335,-1.52,-1.628,2,1
5,0,28,2,N,nb25,1335,-0.08,1.848,2,1
5,0,28,2,N,nb26,1335,-0.185,0.183,1,1
5,0,28,2,N,nb27,1335,1.656,0.527,1,1
5,0,28,2,N,nb28,1335,-1.195,-1.377,1,1
5,0,28,2,N,nb29,1335,-1.547,-1.338,1,1
5,0,28,2,A,aa0,1335,0.621,1.328,0,0
5,0,28,2,A,aa1,1335,1.866,-1.866,0,0
5,0,28,2,N,nb0,1340,-0.31,1.815,3,1
5,0,28,2,N,nb1,1340,-1.699,1.655,3,1
5,0,28,2,N,nb2,1340,-1.866,0.826,0,0
5,0,28,2,N,nb3,1340,-0.265,-0.023,1,1
5,0,28,2,N,nb4,1340,0.367,-1.203,1,1
5,0,28,2,N,nb5,1340,0.15,-1.566,1,1
5,0,28,2,N,nb6,1340,1.567,0.847,1,1
5,0,28,2,N,nb7,1340,-1.667,-1.544,2,1
5,0,28,2,N,nb8,1340,-0.065,-1.532,1,1
5,0,28,2,N,nb9,1340,-1.699,1.847,3,1
5,0,28,2,N,nb10,1340,0.159,1.866,1,1
5,0,28,2,N,nb11,1340,-0.348,1.596,1,1
5,0,28,2,N,nb12,1340,-1.865,-0.306,1,1
5,0,28,2,N,nb13,1340,-1.865,-0.062,1,1
5,0,28,2,N,nb14,1340,-1.795,1.446,1,1
5,0,28,2,N,nb15,1340,0.75,1.866,0,0
5,0,28,2,N,nb16,1340,-1.327,-1.586,2,1
5,0,28,2,N,nb17,1340,1.755,1.866,0,0
5,0,28,2,N,nb18,1340,-1.866,1.865,2,1
5,0,28,2,N,nb19,1340,1.71,0.687,3,1
5,0,28,2,N,nb20,1340,-1.863,1.696,3,1
5,0,28,2,N,nb21,1340,0.292,-1.001,1,1
5,0,28,2,N,nb22,1340,-0.539,1.841,1,1
5,0,28,2,N,nb23,1340,1.867,0.751,1,1
5,0,28,2,N,nb24,1340,-1.52,-1.628,2,1
5,0,28,2,N,nb25,1340,-0.08,1.848,2,1
5,0,28,2,N,nb26,1340,-0.185,0.183,1,1
5,0,28,2,N,nb27,1340,1.656,0.527,1,1
5,0,28,2,N,nb28,1340,-1.195,-1.377,1,1
5,0,28,2,N,nb29,1340,-1.547,-1.338,1,1
5,0,28,2,A,aa0,1340,0.543,1.391,0,0
5,0,28,2,A,aa1,1340,1.866,-1.866,0,0
5,0,28,2,N,nb0,1345,-0.31,1.815,3,1
5,0,28,2,N,nb1,1345,-1.699,1.655,3,1
5,0,28,2,N,nb2,1345,-1.866,0.918,0,0
5,0,28,2,N,nb3,1345,-0.265,-0.023,1,1
5,0,28,2,N,nb4,1345,0.367,-1.203,1,0
5,0,28,2,N,nb5,1345,0.15,-1.566,1,1
5,0,28,2,N,nb6,1345,1.567,0.847,1,1
5,0,28,2,N,nb7,1345,-1.667,-1.544,2,1
5,0,28,2,N,nb8,1345,-0.065,-1.532,1,1
5,0,28,2,N,nb9,1345,-1.699,1.847,3,1
5,0,28,2,N,nb10,1345,0.159,1.866,1,1
5,0,28,2,N,nb11,1345,-0.348,1.596,1,1
5,0,28,2,N,nb12,1345,-1.865,-0.306,1,1
5,0,28,2,N,nb13,1345,-1.865,-0.062,1,1
5,0,28,2,N,nb14,1345,-1.795,1.446,1,1
5,0,28,2,N,nb15,1345,0.689,1.866,0,0
5,0,28,2,N,nb16,1345,-1.327,-1.586,2,1
5,0,28,2,N,nb17,1345,1.695,1.866,0,0
5,0,28,2,N,nb18,1345,-1.866,1.865,2,1
5,0,28,2,N,nb19,1345,1.71,0.687,3,1
5,0,28,2,N,nb20,1345,-1.863,1.696,3,1
5,0,28,2,N,nb21,1345,0.292,-1.001,1,0
5,0,28,2,N,nb22,1345,-0.539,1.841,1,1
5,0,28,2,N,nb23,1345,1.867,0.751,1,1
5,0,28,2,N,nb24,1345,-1.52,-1.628,2,1
5,0,28,2,N,nb25,1345,-0.08,1.848,2,1
5,0,28,2,N,nb26,1345,-0.185,0.183,1,1
5,0,28,2,N,nb27,1345,1.656,0.527,1,1
5,0,28,2,N,nb28,1345,-1.195,-1.377,1,1
5,0,28,2,N,nb29,1345,-1.547,-1.338,1,1
5,0,28,2,A,aa0,1345,0.465,1.453,1,0
5,0,28,2,A,aa1,1345,1.866,-1.866,0,0
5,0,28,2,N,nb0,1350,-0.31,1.815,3,1
5,0,28,2,N,nb1,1350,-1.699,1.655,3,1
5,0,28,2,N,nb2,1350,-1.858,1.01,0,0
5,0,28,2,N,nb3,1350,-0.265,-0.023,1,1
5,0,28,2,N,nb4,1350,0.367,-1.203,1,1
5,0,28,2,N,nb5,1350,0.15,-1.566,1,1
5,0,28,2,N,nb6,1350,1.567,0.847,1,1
5,0,28,2,N,nb7,1350,-1.667,-1.544,2,1
5,0,28,2,N,nb8,1350,-0.065,-1.532,1,1
5,0,28,2,N,nb9,1350,-1.699,1.847,3,1
5,0,28,2,N,nb10,1350,0.159,1.866,1,1
5,0,28,2,N,nb11,1350,-0.348,1.596,1,1
5,0,28,2,N,nb12,1350,-1.865,-0.306,1,1
5,0,28,2,N,nb13,1350,-1.865,-0.062,1,1
5,0,28,2,N,nb14,1350,-1.795,1.446,1,1
5,0,28,2,N,nb15,1350,0.618,1.866,0,0
5,0,28,2,N,nb16,1350,-1.327,-1.586,2,1
5,0,28,2,N,nb17,1350,1.625,1.866,0,0
5,0,28,2,N,nb18,1350,-1.866,1.865,2,1
5,0,28,2,N,nb19,1350,1.71,0.687,3,1
5,0,28,2,N,nb20,1350,-1.863,1.696,3,1
5,0,28,2,N,nb21,1350,0.292,-1.001,1,1
5,0,28,2,N,nb22,1350,-0.539,1.841,1,1
5,0,28,2,N,nb23,1350,1.867,0.751,1,1
5,0,28,2,N,nb24,1350,-1.52,-1.628,2,1
5,0,28,2,N,nb25,1350,-0.08,1.848,2,1
5,0,28,2,N,nb26,1350,-0.185,0.183,1,1
5,0,28,2,N,nb27,1350,1.656,0.527,1,1
5,0,28,2,N,nb28,1350,-1.195,-1.377,1,1
5,0,28,2,N,nb29,1350,-1.547,-1.338,1,1
5,0,28,2,A,aa0,1350,0.387,1.515,2,0
5,0,28,2,A,aa1,1350,1.866,-1.866,0,0
5,0,28,2,N,nb0,1355,-0.31,1.815,3,1
5,0,28,2,N,nb1,1355,-1.699,1.655,3,1
5,0,28,2,N,nb2,1355,-1.84,1.101,0,0
5,0,28,2,N,nb3,1355,-0.265,-0.023,1,1
5,0,28,2,N,nb4,1355,0.367,-1.203,1,1
5,0,28,2,N,nb5,1355,0.15,-1.566,1,1
5,0,28,2,N,nb6,1355,1.567,0.847,1,1
5,0,28,2,N,nb7,1355,-1.667,-1.544,2,1
5,0,28,2,N,nb8,1355,-0.065,-1.532,1,1
5,0,28,2,N,nb9,1355,-1.699,1.847,3,1
5,0,28,2,N,nb10,1355,0.159,1.866,1,1
5,0,28,2,N,nb11,1355,-0.348,1.596,1,1
5,0,28,2,N,nb12,1355,-1.865,-0.306,1,1
5,0,28,2,N,nb13,1355,-1.865,-0.062,1,1
5,0,28,2,N,nb14,1355,-1.795,1.446,1,1
5,0,28,2,N,nb15,1355,0.539,1.866,0,0
5,0,28,2,N,nb16,1355,-1.327,-1.586,2,1
5,0,28,2,N,nb17,1355,1.547,1.866,0,0
5,0,28,2,N,nb18,1355,-1.866,1.865,2,1
5,0,28,2,N,nb19,1355,1.71,0.687,3,1
5,0,28,2,N,nb20,1355,-1.863,1.696,3,1
5,0,28,2,N,nb21,1355,0.292,-1.001,1,1
5,0,28,2,N,nb22,1355,-0.539,1.841,1,1
5,0,28,2,N,nb23,1355,1.867,0.751,1,1
5,0,28,2,N,nb24,1355,-1.52,-1.628,2,1
5,0,28,2,N,nb25,1355,-0.08,1.848,2,1
5,0,28,2,N,nb26,1355,-0.185,0.183,1,1
5,0,28,2,N,nb27,1355,1.656,0.527,1,1
5,0,28,2,N,nb28,1355,-1.195,-1.377,1,1
5,0,28,2,N,nb29,1355,-1.547,-1.338,1,1
5,0,28,2,A,aa0,1355,0.308,1.577,2,0
5,0,28,2,A,aa1,1355,1.866,-1.866,0,0
5,0,28,2,N,nb0,1360,-0.31,1.815,3,0
5,0,28,2,N,nb1,1360,-1.699,1.655,3,1
5,0,28,2,N,nb2,1360,-1.814,1.191,0,0
5,0,28,2,N,nb3,1360,-0.265,-0.023,1,1
5,0,28,2,N,nb4,1360,0.367,-1.203,1,1
5,0,28,2,N,nb5,1360,0.15,-1.566,1,1
5,0,28,2,N,nb6,1360,1.567,0.847,1,1
5,0,28,2,N,nb7,1360,-1.667,-1.544,2,1
5,0,28,2,N,nb8,1360,-0.065,-1.532,1,1
5,0,28,2,N,nb9,1360,-1.699,1.847,3,1
5,0,28,2,N,nb10,1360,0.159,1.866,1,0
5,0,28,2,N,nb11,1360,-0.348,1.596,1,0
5,0,28,2,N,nb12,1360,-1.865,-0.306,1,1
5,0,28,2,N,nb13,1360,-1.865,-0.062,1,1
5,0,28,2,N,nb14,1360,-1.795,1.446,1,1
5,0,28,2,N,nb15,1360,0.454,1.866,0,0
5,0,28,2,N,nb16,1360,-1.327,-1.586,2,1
5,0,28,2,N,nb17,1360,1.462,1.866,0,0
5,0,28,2,N,nb18,1360,-1.866,1.865,2,1
5,0,28,2,N,nb19,1360,1.71,0.687,3,1
5,0,28,2,N,nb20,1360,-1.863,1.696,3,1
5,0,28,2,N,nb21,1360,0.292,-1.001,1,1
5,0,28,2,N,nb22,1360,-0.539,1.841,1,1
5,0,28,2,N,nb23,1360,1.867,0.751,1,1
5,0,28,2,N,nb24,1360,-1.52,-1.628,2,1
5,0,28,2,N,nb25,1360,-0.08,1.848,2,0
5,0,28,2,N,nb26,1360,-0.185,0.183,1,1
5,0,28,2,N,nb27,1360,1.656,0.527,1,1
5,0,28,2,N,nb28,1360,-1.195,-1.377,1,1
5,0,28,2,N,nb29,1360,-1.547,-1.338,1,1
5,0,28,2,A,aa0,1360,0.232,1.638,4,1
5,0,28,2,A,aa1,1360,1.866,-1.866,0,0
5,0,28,2,N,nb0,1365,-0.37,1.805,3,0
5,0,28,2,N,nb1,1365,-1.699,1.655,3,1
5,0,28,2,N,nb2,1365,-1.807,1.211,1,1
5,0,28,2,N,nb3,1365,-0.265,-0.023,1,1
5,0,28,2,N,nb4,1365,0.367,-1.203,1,1
5,0,28,2,N,nb5,1365,0.15,-1.566,1,1
5,0,28,2,N,nb6,1365,1.567,0.847,1,1
5,0,28,2,N,nb7,1365,-1.667,-1.544,2,1
5,0,28,2,N,nb8,1365,-0.065,-1.532,1,1
5,0,28,2,N,nb9,1365,-1.699,1.847,3,1
5,0,28,2,N,nb10,1365,0.116,1.866,1,0
5,0,28,2,N,nb11,1365,-0.325,1.642,1,0
5,0,28,2,N,nb12,1365,-1.865,-0.306,1,0
5,0,28,2,N,nb13,1365,-1.865,-0.062,1,0
5,0,28,2,N,nb14,1365,-1.795,1.446,2,1
5,0,28,2,N,nb15,1365,0.365,1.866,1,1
5,0,28,2,N,nb16,1365,-1.327,-1.586,2,1
5,0,28,2,N,nb17,1365,1.374,1.866,0,0
5,0,28,2,N,nb18,1365,-1.866,1.865,2,1
5,0,28,2,N,nb19,1365,1.71,0.687,3,1
5,0,28,2,N,nb20,1365,-1.863,1.696,3,1
5,0,28,2,N,nb21,1365,0.292,-1.001,1,1
5,0,28,2,N,nb22,1365,-0.539,1.841,1,1
5,0,28,2,N,nb23,1365,1.867,0.751,1,1
5,0,28,2,N,nb24,1365,-1.52,-1.628,2,1
5,0,28,2,N,nb25,1365,-0.149,1.831,1,0
5,0,28,2,N,nb26,1365,-0.185,0.183,1,1
5,0,28,2,N,nb27,1365,1.656,0.527,1,1
5,0,28,2,N,nb28,1365,-1.195,-1.377,1,1
5,0,28,2,N,nb29,1365,-1.547,-1.338,1,1
5,0,28,2,A,aa0,1365,0.158,1.686,0,0
5,0,28,2,A,aa1,1365,1.866,-1.866,0,0
5,0,28,2,N,nb0,1370,-0.41,1.803,3,0
5,0,28,2,N,nb1,1370,-1.699,1.655,3,1
5,0,28,2,N,nb2,1370,-1.807,1.211,1,1
5,0,28,2,N,nb3,1370,-0.265,-0.023,1,0
5,0,28,2,N,nb4,1370,0.367,-1.203,1,1
5,0,28,2,N,nb5,1370,0.15,-1.566,1,1
5,0,28,2,N,nb6,1370,1.567,0.847,1,1
5,0,28,2,N,nb7,1370,-1.667,-1.544,2,1
5,0,28,2,N,nb8,1370,-0.065,-1.532,1,1
5,0,28,2,N,nb9,1370,-1.699,1.847,3,1
5,0,28,2,N,nb10,1370,0.034,1.866,0,0
5,0,28,2,N,nb11,1370,-0.303,1.672,2,0
5,0,28,2,N,nb12,1370,-1.865,-0.306,1,1
5,0,28,2,N,nb13,1370,-1.865,-0.062,1,1
5,0,28,2,N,nb14,1370,-1.795,1.446,2,1
5,0,28,2,N,nb15,1370,0.362,1.866,0,1
5,0,28,2,N,nb16,1370,-1.327,-1.586,2,1
5,0,28,2,N,nb17,1370,1.282,1.866,0,0
5,0,28,2,N,nb18,1370,-1.866,1.865,2,1
5,0,28,2,N,nb19,1370,1.71,0.687,3,1
5,0,28,2,N,nb20,1370,-1.863,1.696,3,1
5,0,28,2,N,nb21,1370,0.292,-1.001,1,1
5,0,28,2,N,nb22,1370,-0.573,1.851,1,1
5,0,28,2,N,nb23,1370,1.867,0.751,1,1
5,0,28,2,N,nb24,1370,-1.52,-1.628,2,1
5,0,28,2,N,nb25,1370,-0.213,1.814,2,0
5,0,28,2,N,nb26,1370,-0.185,0.183,1,1
5,0,28,2,N,nb27,1370,1.656,0.527,1,1
5,0,28,2,N,nb28,1370,-1.195,-1.377,1,1
5,0,28,2,N,nb29,1370,-1.547,-1.338,1,1
5,0,28,2,A,aa0,1370,0.085,1.704,1,0
5,0,28,2,A,aa1,1370,1.866,-1.866,0,0
5,0,28,2,N,nb0,1375,-0.422,1.801,3,1
5,0,28,2,N,nb1,1375,-1.699,1.655,3,1
5,0,28,2,N,nb2,1375,-1.807,1.211,1,1
5,0,28,2,N,nb3,1375,-0.265,-0.023,1,1
5,0,28,2,N,nb4,1375,0.367,-1.203,1,1
5,0,28,2,N,nb5,1375,0.15,-1.566,1,1
5,0,28,2,N,nb6,1375,1.567,0.847,1,1
5,0,28,2,N,nb7,1375,-1.667,-1.544,2,1
5,0,28,2,N,nb8,1375,-0.065,-1.532,1,1
5,0,28,2,N,nb9,1375,-1.699,1.847,3,1
5,0,28,2,N,nb10,1375,0.007,1.866,1,0
5,0,28,2,N,nb11,1375,-0.31,1.673,2,0
5,0,28,2,N,nb12,1375,-1.865,-0.306,1,1
5,0,28,2,N,nb13,1375,-1.865,-0.062,1,1
5,0,28,2,N,nb14,1375,-1.795,1.446,2,1
5,0,28,2,N,nb15,1375,0.362,1.866,0,0
5,0,28,2,N,nb16,1375,-1.327,-1.586,2,0
5,0,28,2,N,nb17,1375,1.19,1.86,0,0
5,0,28,2,N,nb18,1375,-1.866,1.865,2,1
5,0,28,2,N,nb19,1375,1.71,0.687,3,1
5,0,28,2,N,nb20,1375,-1.863,1.696,3,1
5,0,28,2,N,nb21,1375,0.292,-1.001,1,1
5,0,28,2,N,nb22,1375,-0.583,1.85,1,1
5,0,28,2,N,nb23,1375,1.867,0.751,1,1
5,0,28,2,N,nb24,1375,-1.52,-1.628,2,1
5,0,28,2,N,nb25,1375,-0.219,1.815,3,0
5,0,28,2,N,nb26,1375,-0.185,0.183,1,1
5,0,28,2,N,nb27,1375,1.656,0.527,1,1
5,0,28,2,N,nb28,1375,-1.195,-1.377,1,1
5,0,28,2,N,nb29,1375,-1.547,-1.338,1,1
5,0,28,2,A,aa0,1375,0.023,1.697,4,1
5,0,28,2,A,aa1,1375,1.866,-1.866,0,0
5,0,28,2,N,nb0,1380,-0.422,1.801,3,1
5,0,28,2,N,nb1,1380,-1.699,1.655,3,1
5,0,28,2,N,nb2,1380,-1.807,1.211,1,1
5,0,28,2,N,nb3,1380,-0.265,-0.023,1,1
5,0,28,2,N,nb4,1380,0.367,-1.203,1,1
5,0,28,2,N,nb5,1380,0.15,-1.566,1,1
5,0,28,2,N,nb6,1380,1.567,0.847,1,1
5,0,28,2,N,nb7,1380,-1.667,-1.544,2,1
5,0,28,2,N,nb8,1380,-0.065,-1.532,1,1
5,0,28,2,N,nb9,1380,-1.699,1.847,3,1
5,0,28,2,N,nb10,1380,-0.084,1.866,1,0
5,0,28,2,N,nb11,1380,-0.314,1.669,2,0
5,0,28,2,N,nb12,1380,-1.865,-0.306,1,1
5,0,28,2,N,nb13,1380,-1.865,-0.062,1,1
5,0,28,2,N,nb14,1380,-1.795,1.446,2,1
5,0,28,2,N,nb15,1380,0.274,1.866,0,0
5,0,28,2,N,nb16,1380,-1.327,-1.586,2,1
5,0,28,2,N,nb17,1380,1.098,1.845,0,0
5,0,28,2,N,nb18,1380,-1.866,1.865,2,1
5,0,28,2,N,nb19,1380,1.71,0.687,3,1
5,0,28,2,N,nb20,1380,-1.863,1.696,3,1
5,0,28,2,N,nb21,1380,0.292,-1.001,1,1
5,0,28,2,N,nb22,1380,-0.583,1.85,1,1
5,0,28,2,N,nb23,1380,1.867,0.751,1,1
5,0,28,2,N,nb24,1380,-1.52,-1.628,2,1
5,0,28,2,N,nb25,1380,-0.255,1.827,3,0
5,0,28,2,N,nb26,1380,-0.185,0.183,1,1
5,0,28,2,N,nb27,1380,1.656,0.527,1,1
5,0,28,2,N,nb28,1380,-1.195,-1.377,1,1
5,0,28,2,N,nb29,1380,-1.547,-1.338,1,1
5,0,28,2,A,aa0,1380,-0.062,1.698,0,0
5,0,28,2,A,aa1,1380,1.866,-1.866,0,0
5,0,28,2,N,nb0,1385,-0.423,1.801,3,1
5,0,28,2,N,nb1,1385,-1.699,1.655,3,1
5,0,28,2,N,nb2,1385,-1.807,1.211,1,1
5,0,28,2,N,nb3,1385,-0.265,-0.023,1,1
5,0,28,2,N,nb4,1385,0.367,-1.203,1,1
5,0,28,2,N,nb5,1385,0.15,-1.566,1,1
5,0,28,2,N,nb6,1385,1.567,0.847,1,1
5,0,28,2,N,nb7,1385,-1.667,-1.544,2,1
5,0,28,2,N,nb8,1385,-0.065,-1.532,1,1
5,0,28,2,N,nb9,1385,-1.699,1.847,3,1
5,0,28,2,N,nb10,1385,-0.091,1.866,1,1
5,0,28,2,N,nb11,1385,-0.302,1.677,2,1
5,0,28,2,N,nb12,1385,-1.865,-0.306,1,1
5,0,28,2,N,nb13,1385,-1.865,-0.062,1,1
5,0,28,2,N,nb14,1385,-1.795,1.446,2,1
5,0,28,2,N,nb15,1385,0.182,1.859,0,0
5,0,28,2,N,nb16,1385,-1.327,-1.586,2,1
5,0,28,2,N,nb17,1385,1.008,1.82,0,0
5,0,28,2,N,nb18,1385,-1.866,1.865,2,1
5,0,28,2,N,nb19,1385,1.71,0.687,3,1
5,0,28,2,N,nb20,1385,-1.863,1.696,3,1
5,0,28,2,N,nb21,1385,0.292,-1.001,1,1
5,0,28,2,N,nb22,1385,-0.585,1.851,1,1
5,0,28,2,N,nb23,1385,1.867,0.751,1,1
5,0,28,2,N,nb24,1385,-1.52,-1.628,2,1
5,0,28,2,N,nb25,1385,-0.259,1.84,3,1
5,0,28,2,N,nb26,1385,-0.185,0.183,1,1
5,0,28,2,N,nb27,1385,1.656,0.527,1,1
5,0,28,2,N,nb28,1385,-1.195,-1.377,1,1
5,0,28,2,N,nb29,1385,-1.547,-1.338,1,1
5,0,28,2,A,aa0,1385,-0.134,1.697,0,0
5,0,28,2,A,aa1,1385,1.866,-1.866,0,0
5,0,28,2,N,nb0,1390,-0.423,1.801,3,1
5,0,28,2,N,nb1,1390,-1.699,1.655,3,1
5,0,28,2,N,nb2,1390,-1.807,1.211,1,1
5,0,28,2,N,nb3,1390,-0.265,-0.023,1,1
5,0,28,2,N,nb4,1390,0.367,-1.203,1,1
5,0,28,2,N,nb5,1390,0.15,-1.566,1,1
5,0,28,2,N,nb6,1390,1.567,0.847,1,1
5,0,28,2,N,nb7,1390,-1.667,-1.544,2,1
5,0,28,2,N,nb8,1390,-0.065,-1.532,1,1
5,0,28,2,N,nb9,1390,-1.699,1.847,3,1
5,0,28,2,N,nb10,1390,-0.091,1.866,2,0
5,0,28,2,N,nb11,1390,-0.309,1.675,2,0
5,0,28,2,N,nb12,1390,-1.865,-0.306,1,1
5,0,28,2,N,nb13,1390,-1.865,-0.062,1,1
5,0,28,2,N,nb14,1390,-1.795,1.446,2,1
5,0,28,2,N,nb15,1390,0.127,1.85,1,0
5,0,28,2,N,nb16,1390,-1.327,-1.586,2,1
5,0,28,2,N,nb17,1390,0.92,1.788,0,0
5,0,28,2,N,nb18,1390,-1.866,1.865,2,1
5,0,28,2,N,nb19,1390,1.71,0.687,3,1
5,0,28,2,N,nb20,1390,-1.863,1.696,3,1
5,0,28,2,N,nb21,1390,0.292,-1.001,1,1
5,0,28,2,N,nb22,1390,-0.585,1.851,1,1
5,0,28,2,N,nb23,1390,1.867,0.751,1,1
5,0,28,2,N,nb24,1390,-1.52,-1.628,2,1
5,0,28,2,N,nb25,1390,-0.258,1.838,3,0
5,0,28,2,N,nb26,1390,-0.185,0.183,1,1
5,0,28,2,N,nb27,1390,1.656,0.527,1,1
5,0,28,2,N,nb28,1390,-1.195,-1.377,1,1
5,0,28,2,N,nb29,1390,-1.547,-1.338,1,1
5,0,28,2,A,aa0,1390,-0.143,1.703,0,0
5,0,28,2,A,aa1,1390,1.866,-1.866,0,0
5,0,28,2,N,nb0,1395,-0.45,1.807,3,1
5,0,28,2,N,nb1,1395,-1.699,1.655,3,1
5,0,28,2,N,nb2,1395,-1.807,1.211,1,1
5,0,28,2,N,nb3,1395,-0.265,-0.023,1,1
5,0,28,2,N,nb4,1395,0.367,-1.203,1,1
5,0,28,2,N,nb5,1395,0.15,-1.566,1,1
5,0,28,2,N,nb6,1395,1.567,0.847,1,1
5,0,28,2,N,nb7,1395,-1.667,-1.544,2,1
5,0,28,2,N,nb8,1395,-0.065,-1.532,1,1
5,0,28,2,N,nb9,1395,-1.699,1.847,3,1
5,0,28,2,N,nb10,1395,-0.116,1.865,2,0
5,0,28,2,N,nb11,1395,-0.323,1.671,2,0
5,0,28,2,N,nb12,1395,-1.865,-0.306,1,1
5,0,28,2,N,nb13,1395,-1.865,-0.062,1,1
5,0,28,2,N,nb14,1395,-1.795,1.446,2,1
5,0,28,2,N,nb15,1395,0.049,1.831,1,0
5,0,28,2,N,nb16,1395,-1.327,-1.586,2,1
5,0,28,2,N,nb17,1395,0.833,1.747,0,0
5,0,28,2,N,nb18,1395,-1.866,1.865,2,1
5,0,28,2,N,nb19,1395,1.71,0.687,3,1
5,0,28,2,N,nb20,1395,-1.863,1.696,3,1
5,0,28,2,N,nb21,1395,0.292,-1.001,1,1
5,0,28,2,N,nb22,1395,-0.612,1.857,1,1
5,0,28,2,N,nb23,1395,1.867,0.751,1,1
5,0,28,2,N,nb24,1395,-1.52,-1.628,2,1
5,0,28,2,N,nb25,1395,-0.283,1.837,3,0
5,0,28,2,N,nb26,1395,-0.185,0.183,1,1
5,0,28,2,N,nb27,1395,1.656,0.527,1,1
5,0,28,2,N,nb28,1395,-1.195,-1.377,1,1
5,0,28,2,N,nb29,1395,-1.547,-1.338,1,1
5,0,28,2,A,aa0,1395,-0.156,1.697,0,0
5,0,28,2,A,aa1,1395,1.866,-1.866,0,0
5,0,28,2,N,nb0,1400,-0.506,1.816,3,1
5,0,28,2,N,nb1,1400,-1.699,1.655,3,0
5,0,28,2,N,nb2,1400,-1.807,1.211,1,1
5,0,28,2,N,nb3,1400,-0.265,-0.023,1,1
5,0,28,2,N,nb4,1400,0.367,-1.203,1,1
5,0,28,2,N,nb5,1400,0.15,-1.566,1,1
5,0,28,2,N,nb6,1400,1.567,0.847,1,1
5,0,28,2,N,nb7,1400,-1.667,-1.544,2,1
5,0,28,2,N,nb8,1400,-0.065,-1.532,1,1
5,0,28,2,N,nb9,1400,-1.699,1.847,3,0
5,0,28,2,N,nb10,1400,-0.171,1.865,2,1
5,0,28,2,N,nb11,1400,-0.338,1.661,2,1
5,0,28,2,N,nb12,1400,-1.865,-0.306,1,1
5,0,28,2,N,nb13,1400,-1.865,-0.062,1,1
5,0,28,2,N,nb14,1400,-1.795,1.446,2,1
5,0,28,2,N,nb15,1400,-0.013,1.805,1,1
5,0,28,2,N,nb16,1400,-1.327,-1.586,2,1
5,0,28,2,N,nb17,1400,0.743,1.703,0,0
5,0,28,2,N,nb18,1400,-1.866,1.865,2,1
5,0,28,2,N,nb19,1400,1.71,0.687,3,1
5,0,28,2,N,nb20,1400,-1.863,1.696,3,0
5,0,28,2,N,nb21,1400,0.292,-1.001,1,1
5,0,28,2,N,nb22,1400,-0.668,1.865,1,1
5,0,28,2,N,nb23,1400,1.867,0.751,1,1
5,0,28,2,N,nb24,1400,-1.52,-1.628,2,1
5,0,28,2,N,nb25,1400,-0.34,1.845,3,1
5,0,28,2,N,nb26,1400,-0.185,0.183,1,1
5,0,28,2,N,nb27,1400,1.656,0.527,1,1
5,0,28,2,N,nb28,1400,-1.195,-1.377,1,0
5,0,28,2,N,nb29,1400,-1.547,-1.338,1,1
5,0,28,2,A,aa0,1400,-0.171,1.686,0,0
5,0,28,2,A,aa1,1400,1.866,-1.866,0,0
5,0,28,2,N,nb0,1405,-0.526,1.812,3,0
5,0,28,2,N,nb1,1405,-1.699,1.655,3,1
5,0,28,2,N,nb2,1405,-1.807,1.211,1,1
5,0,28,2,N,nb3,1405,-0.265,-0.023,1,1
5,0,28,2,N,nb4,1405,0.367,-1.203,1,1
5,0,28,2,N,nb5,1405,0.15,-1.566,1,1
5,0,28,2,N,nb6,1405,1.567,0.847,1,1
5,0,28,2,N,nb7,1405,-1.667,-1.544,2,1
5,0,28,2,N,nb8,1405,-0.065,-1.532,1,1
5,0,28,2,N,nb9,1405,-1.699,1.847,3,1
5,0,28,2,N,nb10,1405,-0.187,1.865,2,0
5,0,28,2,N,nb11,1405,-0.354,1.647,2,0
5,0,28,2,N,nb12,1405,-1.865,-0.306,1,1
5,0,28,2,N,nb13,1405,-1.865,-0.062,1,1
5,0,28,2,N,nb14,1405,-1.795,1.446,2,1
5,0,28,2,N,nb15,1405,-0.035,1.791,1,0
5,0,28,2,N,nb16,1405,-1.327,-1.586,2,1
5,0,28,2,N,nb17,1405,0.653,1.659,0,0
5,0,28,2,N,nb18,1405,-1.866,1.865,2,1
5,0,28,2,N,nb19,1405,1.71,0.687,3,1
5,0,28,2,N,nb20,1405,-1.863,1.696,3,1
5,0,28,2,N,nb21,1405,0.292,-1.001,1,1
5,0,28,2,N,nb22,1405,-0.688,1.862,1,1
5,0,28,2,N,nb23,1405,1.867,0.751,1,1
5,0,28,2,N,nb24,1405,-1.52,-1.628,2,1
5,0,28,2,N,nb25,1405,-0.36,1.846,3,0
5,0,28,2,N,nb26,1405,-0.185,0.183,1,1
5,0,28,2,N,nb27,1405,1.656,0.527,1,1
5,0,28,2,N,nb28,1405,-1.195,-1.377,1,1
5,0,28,2,N,nb29,1405,-1.547,-1.338,1,1
5,0,28,2,A,aa0,1405,-0.187,1.674,0,0
5,0,28,2,A,aa1,1405,1.866,-1.866,0,0
5,0,28,2,N,nb0,1410,-0.618,1.794,2,0
5,0,28,2,N,nb1,1410,-1.699,1.655,3,1
5,0,28,2,N,nb2,1410,-1.807,1.211,1,1
5,0,28,2,N,nb3,1410,-0.265,-0.023,1,1
5,0,28,2,N,nb4,1410,0.367,-1.203,1,1
5,0,28,2,N,nb5,1410,0.15,-1.566,1,1
5,0,28,2,N,nb6,1410,1.567,0.847,1,1
5,0,28,2,N,nb7,1410,-1.667,-1.544,2,1
5,0,28,2,N,nb8,1410,-0.065,-1.532,1,1
5,0,28,2,N,nb9,1410,-1.699,1.847,3,1
5,0,28,2,N,nb10,1410,-0.255,1.865,2,0
5,0,28,2,N,nb11,1410,-0.4,1.609,0,0
5,0,28,2,N,nb12,1410,-1.865,-0.306,1,1
5,0,28,2,N,nb13,1410,-1.865,-0.062,1,1
5,0,28,2,N,nb14,1410,-1.795,1.446,2,1
5,0,28,2,N,nb15,1410,-0.107,1.742,1,0
5,0,28,2,N,nb16,1410,-1.327,-1.586,2,1
5,0,28,2,N,nb17,1410,0.564,1.614,0,0
5,0,28,2,N,nb18,1410,-1.866,1.865,2,1
5,0,28,2,N,nb19,1410,1.71,0.687,3,1
5,0,28,2,N,nb20,1410,-1.863,1.696,3,1
5,0,28,2,N,nb21,1410,0.292,-1.001,1,1
5,0,28,2,N,nb22,1410,-0.778,1.849,1,1
5,0,28,2,N,nb23,1410,1.867,0.751,1,1
5,0,28,2,N,nb24,1410,-1.52,-1.628,2,1
5,0,28,2,N,nb25,1410,-0.45,1.856,2,0
5,0,28,2,N,nb26,1410,-0.185,0.183,1,1
5,0,28,2,N,nb27,1410,1.656,0.527,1,1
5,0,28,2,N,nb28,1410,-1.195,-1.377,1,1
5,0,28,2,N,nb29,1410,-1.547,-1.338,1,1
5,0,28,2,A,aa0,1410,-0.232,1.625,0,0
5,0,28,2,A,aa1,1410,1.866,-1.866,0,0
5,0,28,2,N,nb0,1415,-0.692,1.773,2,1
5,0,28,2,N,nb1,1415,-1.699,1.655,3,1
5,0,28,2,N,nb2,1415,-1.807,1.211,1,1
5,0,28,2,N,nb3,1415,-0.265,-0.023,1,1
5,0,28,2,N,nb4,1415,0.367,-1.203,1,1
5,0,28,2,N,nb5,1415,0.15,-1.566,1,1
5,0,28,2,N,nb6,1415,1.567,0.847,1,1
5,0,28,2,N,nb7,1415,-1.667,-1.544,2,1
5,0,28,2,N,nb8,1415,-0.065,-1.532,1,1
5,0,28,2,N,nb9,1415,-1.699,1.847,3,1
5,0,28,2,N,nb10,1415,-0.301,1.865,2,1
5,0,28,2,N,nb11,1415,-0.468,1.557,0,0
5,0,28,2,N,nb12,1415,-1.865,-0.306,1,1
5,0,28,2,N,nb13,1415,-1.865,-0.062,1,1
5,0,28,2,N,nb14,1415,-1.795,1.446,2,1
5,0,28,2,N,nb15,1415,-0.146,1.705,1,1
5,0,28,2,N,nb16,1415,-1.327,-1.586,2,1
5,0,28,2,N,nb17,1415,0.474,1.57,0,0
5,0,28,2,N,nb18,1415,-1.866,1.865,2,1
5,0,28,2,N,nb19,1415,1.71,0.687,3,1
5,0,28,2,N,nb20,1415,-1.863,1.696,3,1
5,0,28,2,N,nb21,1415,0.292,-1.001,1,1
5,0,28,2,N,nb22,1415,-0.846,1.842,1,1
5,0,28,2,N,nb23,1415,1.867,0.751,1,1
5,0,28,2,N,nb24,1415,-1.52,-1.628,2,1
5,0,28,2,N,nb25,1415,-0.507,1.856,2,1
5,0,28,2,N,nb26,1415,-0.185,0.183,1,1
5,0,28,2,N,nb27,1415,1.656,0.527,1,1
5,0,28,2,N,nb28,1415,-1.195,-1.377,1,1
5,0,28,2,N,nb29,1415,-1.547,-1.338,1,1
5,0,28,2,A,aa0,1415,-0.299,1.562,3,1
5,0,28,2,A,aa1,1415,1.866,-1.866,0,0
5,0,28,2,N,nb0,1420,-0.701,1.756,2,0
5,0,28,2,N,nb1,1420,-1.699,1.655,3,1
5,0,28,2,N,nb2,1420,-1.807,1.211,1,1
5,0,28,2,N,nb3,1420,-0.265,-0.023,1,1
5,0,28,2,N,nb4,1420,0.367,-1.203,1,1
5,0,28,2,N,nb5,1420,0.15,-1.566,1,1
5,0,28,2,N,nb6,1420,1.567,0.847,1,1
5,0,28,2,N,nb7,1420,-1.667,-1.544,2,1
5,0,28,2,N,nb8,1420,-0.065,-1.532,1,1
5,0,28,2,N,nb9,1420,-1.699,1.847,3,1
5,0,28,2,N,nb10,1420,-0.345,1.865,1,0
5,0,28,2,N,nb11,1420,-0.527,1.494,0,0
5,0,28,2,N,nb12,1420,-1.865,-0.306,1,1
5,0,28,2,N,nb13,1420,-1.865,-0.062,1,1
5,0,28,2,N,nb14,1420,-1.795,1.446,2,1
5,0,28,2,N,nb15,1420,-0.179,1.667,0,0
5,0,28,2,N,nb16,1420,-1.327,-1.586,2,1
5,0,28,2,N,nb17,1420,0.384,1.526,0,0
5,0,28,2,N,nb18,1420,-1.866,1.865,2,1
5,0,28,2,N,nb19,1420,1.71,0.687,3,1
5,0,28,2,N,nb20,1420,-1.863,1.696,3,1
5,0,28,2,N,nb21,1420,0.292,-1.001,1,1
5,0,28,2,N,nb22,1420,-0.846,1.842,1,1
5,0,28,2,N,nb23,1420,1.867,0.751,1,1
5,0,28,2,N,nb24,1420,-1.52,-1.628,2,1
5,0,28,2,N,nb25,1420,-0.559,1.852,2,0
5,0,28,2,N,nb26,1420,-0.185,0.183,1,1
5,0,28,2,N,nb27,1420,1.656,0.527,1,1
5,0,28,2,N,nb28,1420,-1.195,-1.377,1,1
5,0,28,2,N,nb29,1420,-1.547,-1.338,1,1
5,0,28,2,A,aa0,1420,-0.358,1.496,0,0
5,0,28,2,A,aa1,1420,1.866,-1.864,0,0
5,0,28,2,N,nb0,1425,-0.772,1.713,2,0
5,0,28,2,N,nb1,1425,-1.699,1.655,3,1
5,0,28,2,N,nb2,1425,-1.807,1.211,1,1
5,0,28,2,N,nb3,1425,-0.265,-0.023,1,1
5,0,28,2,N,nb4,1425,0.367,-1.203,1,1
5,0,28,2,N,nb5,1425,0.15,-1.566,1,1
5,0,28,2,N,nb6,1425,1.567,0.847,1,1
5,0,28,2,N,nb7,1425,-1.667,-1.544,2,1
5,0,28,2,N,nb8,1425,-0.065,-1.532,1,1
5,0,28,2,N,nb9,1425,-1.699,1.847,3,1
5,0,28,2,N,nb10,1425,-0.428,1.865,1,0
5,0,28,2,N,nb11,1425,-0.575,1.422,0,0
5,0,28,2,N,nb12,1425,-1.865,-0.306,1,1
5,0,28,2,N,nb13,1425,-1.865,-0.062,1,1
5,0,28,2,N,nb14,1425,-1.795,1.446,2,1
5,0,28,2,N,nb15,1425,-0.226,1.594,0,0
5,0,28,2,N,nb16,1425,-1.327,-1.586,2,1
5,0,28,2,N,nb17,1425,0.295,1.482,0,0
5,0,28,2,N,nb18,1425,-1.866,1.865,2,1
5,0,28,2,N,nb19,1425,1.71,0.687,3,1
5,0,28,2,N,nb20,1425,-1.863,1.696,3,1
5,0,28,2,N,nb21,1425,0.292,-1.001,1,1
5,0,28,2,N,nb22,1425,-0.873,1.849,2,1
5,0,28,2,N,nb23,1425,1.867,0.751,1,1
5,0,28,2,N,nb24,1425,-1.52,-1.628,2,1
5,0,28,2,N,nb25,1425,-0.644,1.835,3,0
5,0,28,2,N,nb26,1425,-0.185,0.183,1,1
5,0,28,2,N,nb27,1425,1.656,0.527,1,1
5,0,28,2,N,nb28,1425,-1.195,-1.377,1,1
5,0,28,2,N,nb29,1425,-1.547,-1.338,1,1
5,0,28,2,A,aa0,1425,-0.406,1.42,0,0
5,0,28,2,A,aa1,1425,1.866,-1.851,0,0
5,0,28,2,N,nb0,1430,-0.808,1.695,2,0
5,0,28,2,N,nb1,1430,-1.699,1.655,3,1
5,0,28,2,N,nb2,1430,-1.807,1.211,1,1
5,0,28,2,N,nb3,1430,-0.265,-0.023,1,1
5,0,28,2,N,nb4,1430,0.367,-1.203,1,1
5,0,28,2,N,nb5,1430,0.15,-1.566,1,1
5,0,28,2,N,nb6,1430,1.567,0.847,1,1
5,0,28,2,N,nb7,1430,-1.667,-1.544,2,1
5,0,28,2,N,nb8,1430,-0.065,-1.532,1,1
5,0,28,2,N,nb9,1430,-1.699,1.847,3,1
5,0,28,2,N,nb10,1430,-0.465,1.865,1,0
5,0,28,2,N,nb11,1430,-0.612,1.343,0,0
5,0,28,2,N,nb12,1430,-1.865,-0.306,1,1
5,0,28,2,N,nb13,1430,-1.865,-0.062,1,1
5,0,28,2,N,nb14,1430,-1.795,1.446,2,1
5,0,28,2,N,nb15,1430,-0.258,1.514,0,0
5,0,28,2,N,nb16,1430,-1.327,-1.586,2,1
5,0,28,2,N,nb17,1430,0.205,1.437,0,0
5,0,28,2,N,nb18,1430,-1.866,1.865,2,1
5,0,28,2,N,nb19,1430,1.71,0.687,3,1
5,0,28,2,N,nb20,1430,-1.863,1.696,3,1
5,0,28,2,N,nb21,1430,0.292,-1.001,1,1
5,0,28,2,N,nb22,1430,-0.876,1.851,2,1
5,0,28,2,N,nb23,1430,1.867,0.751,1,1
5,0,28,2,N,nb24,1430,-1.52,-1.628,2,1
5,0,28,2,N,nb25,1430,-0.678,1.823,3,0
5,0,28,2,N,nb26,1430,-0.185,0.183,1,1
5,0,28,2,N,nb27,1430,1.656,0.527,1,1
5,0,28,2,N,nb28,1430,-1.195,-1.377,1,1
5,0,28,2,N,nb29,1430,-1.547,-1.338,1,1
5,0,28,2,A,aa0,1430,-0.443,1.338,3,1
5,0,28,2,A,aa1,1430,1.866,-1.826,0,0
5,0,28,2,N,nb0,1435,-0.872,1.658,2,0
5,0,28,2,N,nb1,1435,-1.699,1.655,3,1
5,0,28,2,N,nb2,1435,-1.807,1.211,1,1
5,0,28,2,N,nb3,1435,-0.265,-0.023,1,1
5,0,28,2,N,nb4,1435,0.367,-1.203,1,1
5,0,28,2,N,nb5,1435,0.15,-1.566,1,1
5,0,28,2,N,nb6,1435,1.567,0.847,1,1
5,0,28,2,N,nb7,1435,-1.667,-1.544,2,1
5,0,28,2,N,nb8,1435,-0.065,-1.532,1,1
5,0,28,2,N,nb9,1435,-1.699,1.847,3,1
5,0,28,2,N,nb10,1435,-0.533,1.865,1,0
5,0,28,2,N,nb11,1435,-0.638,1.258,0,0
5,0,28,2,N,nb12,1435,-1.865,-0.306,1,1
5,0,28,2,N,nb13,1435,-1.865,-0.062,1,1
5,0,28,2,N,nb14,1435,-1.795,1.446,2,0
5,0,28,2,N,nb15,1435,-0.274,1.428,0,0
5,0,28,2,N,nb16,1435,-1.327,-1.586,2,1
5,0,28,2,N,nb17,1435,0.115,1.393,0,0
5,0,28,2,N,nb18,1435,-1.866,1.865,2,1
5,0,28,2,N,nb19,1435,1.71,0.687,3,1
5,0,28,2,N,nb20,1435,-1.863,1.696,3,1
5,0,28,2,N,nb21,1435,0.292,-1.001,1,1
5,0,28,2,N,nb22,1435,-0.888,1.849,2,1
5,0,28,2,N,nb23,1435,1.867,0.751,1,1
5,0,28,2,N,nb24,1435,-1.52,-1.628,2,0
5,0,28,2,N,nb25,1435,-0.727,1.795,3,0
5,0,28,2,N,nb26,1435,-0.185,0.183,1,1
5,0,28,2,N,nb27,1435,1.656,0.527,1,1
5,0,28,2,N,nb28,1435,-1.195,-1.377,1,1
5,0,28,2,N,nb29,1435,-1.547,-1.338,1,1
5,0,28,2,A,aa0,1435,-0.469,1.251,0,0
5,0,28,2,A,aa1,1435,1.866,-1.786,0,0
5,0,28,2,N,nb0,1440,-0.954,1.606,2,0
5,0,28,2,N,nb1,1440,-1.699,1.655,3,1
5,0,28,2,N,nb2,1440,-1.807,1.211,1,1
5,0,28,2,N,nb3,1440,-0.265,-0.023,1,1
5,0,28,2,N,nb4,1440,0.367,-1.203,1,1
5,0,28,2,N,nb5,1440,0.15,-1.566,1,1
5,0,28,2,N,nb6,1440,1.567,0.847,1,1
5,0,28,2,N,nb7,1440,-1.667,-1.544,2,1
5,0,28,2,N,nb8,1440,-0.065,-1.532,1,1
5,0,28,2,N,nb9,1440,-1.699,1.847,3,1
5,0,28,2,N,nb10,1440,-0.624,1.865,1,0
5,0,28,2,N,nb11,1440,-0.653,1.171,0,0
5,0,28,2,N,nb12,1440,-1.865,-0.306,1,1
5,0,28,2,N,nb13,1440,-1.865,-0.062,1,1
5,0,28,2,N,nb14,1440,-1.795,1.446,2,1
5,0,28,2,N,nb15,1440,-0.276,1.336,0,0
5,0,28,2,N,nb16,1440,-1.327,-1.586,2,1
5,0,28,2,N,nb17,1440,0.025,1.349,0,0
5,0,28,2,N,nb18,1440,-1.866,1.865,2,1
5,0,28,2,N,nb19,1440,1.71,0.687,3,1
5,0,28,2,N,nb20,1440,-1.863,1.696,3,1
5,0,28,2,N,nb21,1440,0.292,-1.001,1,1
5,0,28,2,N,nb22,1440,-0.913,1.848,2,1
5,0,28,2,N,nb23,1440,1.867,0.751,1,1
5,0,28,2,N,nb24,1440,-1.52,-1.628,2,1
5,0,28,2,N,nb25,1440,-0.778,1.744,3,0
5,0,28,2,N,nb26,1440,-0.185,0.183,1,1
5,0,28,2,N,nb27,1440,1.656,0.527,1,1
5,0,28,2,N,nb28,1440,-1.195,-1.377,1,1
5,0,28,2,N,nb29,1440,-1.547,-1.338,1,1
5,0,28,2,A,aa0,1440,-0.485,1.161,0,0
5,0,28,2,A,aa1,1440,1.866,-1.733,0,0
5,0,28,2,N,nb0,1445,-0.973,1.593,1,1
5,0,28,2,N,nb1,1445,-1.699,1.655,3,1
5,0,28,2,N,nb2,1445,-1.807,1.211,1,1
5,0,28,2,N,nb3,1445,-0.265,-0.023,1,1
5,0,28,2,N,nb4,1445,0.367,-1.203,1,1
5,0,28,2,N,nb5,1445,0.15,-1.566,1,1
5,0,28,2,N,nb6,1445,1.567,0.847,1,1
5,0,28,2,N,nb7,1445,-1.667,-1.544,2,1
5,0,28,2,N,nb8,1445,-0.065,-1.532,1,1
5,0,28,2,N,nb9,1445,-1.699,1.847,3,1
5,0,28,2,N,nb10,1445,-0.645,1.864,1,1
5,0,28,2,N,nb11,1445,-0.658,1.082,0,0
5,0,28,2,N,nb12,1445,-1.865,-0.306,1,1
5,0,28,2,N,nb13,1445,-1.865,-0.062,1,1
5,0,28,2,N,nb14,1445,-1.795,1.446,2,1
5,0,28,2,N,nb15,1445,-0.274,1.255,1,1
5,0,28,2,N,nb16,1445,-1.327,-1.586,2,1
5,0,28,2,N,nb17,1445,-0.043,1.314,1,1
5,0,28,2,N,nb18,1445,-1.866,1.865,2,1
5,0,28,2,N,nb19,1445,1.71,0.687,3,1
5,0,28,2,N,nb20,1445,-1.863,1.696,3,1
5,0,28,2,N,nb21,1445,0.292,-1.001,1,1
5,0,28,2,N,nb22,1445,-0.914,1.849,1,1
5,0,28,2,N,nb23,1445,1.867,0.751,1,1
5,0,28,2,N,nb24,1445,-1.52,-1.628,2,1
5,0,28,2,N,nb25,1445,-0.793,1.73,3,1
5,0,28,2,N,nb26,1445,-0.185,0.183,1,1
5,0,28,2,N,nb27,1445,1.656,0.527,1,1
5,0,28,2,N,nb28,1445,-1.195,-1.377,1,1
5,0,28,2,N,nb29,1445,-1.547,-1.338,1,1
5,0,28,2,A,aa0,1445,-0.489,1.069,0,0
5,0,28,2,A,aa1,1445,1.866,-1.669,0,0
5,0,28,2,N,nb0,1450,-0.973,1.593,1,1
5,0,28,2,N,nb1,1450,-1.699,1.655,3,1
5,0,28,2,N,nb2,1450,-1.807,1.211,1,1
5,0,28,2,N,nb3,1450,-0.265,-0.023,1,1
5,0,28,2,N,nb4,1450,0.367,-1.203,1,1
5,0,28,2,N,nb5,1450,0.15,-1.566,1,1
5,0,28,2,N,nb6,1450,1.567,0.847,1,1
5,0,28,2,N,nb7,1450,-1.667,-1.544,2,1
5,0,28,2,N,nb8,1450,-0.065,-1.532,1,1
5,0,28,2,N,nb9,1450,-1.699,1.847,3,1
5,0,28,2,N,nb10,1450,-0.645,1.864,1,1
5,0,28,2,N,nb11,1450,-0.652,0.991,0,0
5,0,28,2,N,nb12,1450,-1.865,-0.306,1,1
5,0,28,2,N,nb13,1450,-1.865,-0.062,1,1
5,0,28,2,N,nb14,1450,-1.795,1.446,2,1
5,0,28,2,N,nb15,1450,-0.274,1.255,1,1
5,0,28,2,N,nb16,1450,-1.327,-1.586,2,1
5,0,28,2,N,nb17,1450,-0.043,1.314,1,1
5,0,28,2,N,nb18,1450,-1.866,1.865,2,1
5,0,28,2,N,nb19,1450,1.71,0.687,3,1
5,0,28,2,N,nb20,1450,-1.863,1.696,3,1
5,0,28,2,N,nb21,1450,0.292,-1.001,1,1
5,0,28,2,N,nb22,1450,-0.914,1.849,1,1
5,0,28,2,N,nb23,1450,1.867,0.751,1,1
5,0,28,2,N,nb24,1450,-1.52,-1.628,2,1
5,0,28,2,N,nb25,1450,-0.793,1.73,3,1
5,0,28,2,N,nb26,1450,-0.185,0.183,1,1
5,0,28,2,N,nb27,1450,1.656,0.527,1,1
5,0,28,2,N,nb28,1450,-1.195,-1.377,1,1
5,0,28,2,N,nb29,1450,-1.547,-1.338,1,1
5,0,28,2,A,aa0,1450,-0.484,0.976,2,0
5,0,28,2,A,aa1,1450,1.866,-1.596,0,0
5,0,28,2,N,nb0,1455,-0.973,1.593,1,1
5,0,28,2,N,nb1,1455,-1.699,1.655,3,1
5,0,28,2,N,nb2,1455,-1.807,1.211,1,1
5,0,28,2,N,nb3,1455,-0.265,-0.023,1,1
5,0,28,2,N,nb4,1455,0.367,-1.203,1,1
5,0,28,2,N,nb5,1455,0.15,-1.566,1,1
5,0,28,2,N,nb6,1455,1.567,0.847,1,1
5,0,28,2,N,nb7,1455,-1.667,-1.544,2,1
5,0,28,2,N,nb8,1455,-0.065,-1.532,1,1
5,0,28,2,N,nb9,1455,-1.699,1.847,3,1
5,0,28,2,N,nb10,1455,-0.645,1.864,1,1
5,0,28,2,N,nb11,1455,-0.644,0.901,0,0
5,0,28,2,N,nb12,1455,-1.865,-0.306,1,1
5,0,28,2,N,nb13,1455,-1.865,-0.062,1,1
5,0,28,2,N,nb14,1455,-1.795,1.446,2,1
5,0,28,2,N,nb15,1455,-0.274,1.255,1,1
5,0,28,2,N,nb16,1455,-1.327,-1.586,2,1
5,0,28,2,N,nb17,1455,-0.043,1.314,1,1
5,0,28,2,N,nb18,1455,-1.866,1.865,2,1
5,0,28,2,N,nb19,1455,1.71,0.687,3,1
5,0,28,2,N,nb20,1455,-1.863,1.696,3,1
5,0,28,2,N,nb21,1455,0.292,-1.001,1,1
5,0,28,2,N,nb22,1455,-0.914,1.849,1,1
5,0,28,2,N,nb23,1455,1.867,0.751,1,1
5,0,28,2,N,nb24,1455,-1.52,-1.628,2,1
5,0,28,2,N,nb25,1455,-0.793,1.73,3,1
5,0,28,2,N,nb26,1455,-0.185,0.183,1,1
5,0,28,2,N,nb27,1455,1.656,0.527,1,1
5,0,28,2,N,nb28,1455,-1.195,-1.377,1,1
5,0,28,2,N,nb29,1455,-1.547,-1.338,1,1
5,0,28,2,A,aa0,1455,-0.469,0.884,1,0
5,0,28,2,A,aa1,1455,1.866,-1.578,0,0
5,0,28,2,N,nb0,1460,-0.973,1.593,1,1
5,0,28,2,N,nb1,1460,-1.699,1.655,3,1
5,0,28,2,N,nb2,1460,-1.807,1.211,1,1
5,0,28,2,N,nb3,1460,-0.265,-0.023,1,1
5,0,28,2,N,nb4,1460,0.367,-1.203,1,1
5,0,28,2,N,nb5,1460,0.15,-1.566,1,0
5,0,28,2,N,nb6,1460,1.567,0.847,1,0
5,0,28,2,N,nb7,1460,-1.667,-1.544,2,1
5,0,28,2,N,nb8,1460,-0.065,-1.532,1,0
5,0,28,2,N,nb9,1460,-1.699,1.847,3,1
5,0,28,2,N,nb10,1460,-0.645,1.864,1,1
5,0,28,2,N,nb11,1460,-0.647,0.809,0,0
5,0,28,2,N,nb12,1460,-1.865,-0.306,1,1
5,0,28,2,N,nb13,1460,-1.865,-0.062,1,1
5,0,28,2,N,nb14,1460,-1.795,1.446,2,1
5,0,28,2,N,nb15,1460,-0.274,1.255,1,1
5,0,28,2,N,nb16,1460,-1.327,-1.586,2,1
5,0,28,2,N,nb17,1460,-0.043,1.314,1,1
5,0,28,2,N,nb18,1460,-1.866,1.865,2,1
5,0,28,2,N,nb19,1460,1.71,0.687,3,1
5,0,28,2,N,nb20,1460,-1.863,1.696,3,1
5,0,28,2,N,nb21,1460,0.292,-1.001,1,1
5,0,28,2,N,nb22,1460,-0.914,1.849,1,1
5,0,28,2,N,nb23,1460,1.867,0.751,1,0
5,0,28,2,N,nb24,1460,-1.52,-1.628,2,1
5,0,28,2,N,nb25,1460,-0.793,1.73,3,1
5,0,28,2,N,nb26,1460,-0.185,0.183,1,0
5,0,28,2,N,nb27,1460,1.656,0.527,1,0
5,0,28,2,N,nb28,1460,-1.195,-1.377,1,1
5,0,28,2,N,nb29,1460,-1.547,-1.338,1,1
5,0,28,2,A,aa0,1460,-0.446,0.793,1,0
5,0,28,2,A,aa1,1460,1.855,-1.566,0,0
5,0,28,2,N,nb0,1465,-0.973,1.593,1,1
5,0,28,2,N,nb1,1465,-1.699,1.655,3,1
5,0,28,2,N,nb2,1465,-1.807,1.211,1,1
5,0,28,2,N,nb3,1465,-0.265,-0.023,1,1
5,0,28,2,N,nb4,1465,0.367,-1.203,1,1
5,0,28,2,N,nb5,1465,0.15,-1.566,1,1
5,0,28,2,N,nb6,1465,1.567,0.847,1,1
5,0,28,2,N,nb7,1465,-1.667,-1.544,2,1
5,0,28,2,N,nb8,1465,-0.065,-1.532,1,1
5,0,28,2,N,nb9,1465,-1.699,1.847,3,1
5,0,28,2,N,nb10,1465,-0.645,1.864,1,1
5,0,28,2,N,nb11,1465,-0.66,0.717,0,0
5,0,28,2,N,nb12,1465,-1.865,-0.306,1,1
5,0,28,2,N,nb13,1465,-1.865,-0.062,1,1
5,0,28,2,N,nb14,1465,-1.795,1.446,2,1
5,0,28,2,N,nb15,1465,-0.274,1.255,1,1
5,0,28,2,N,nb16,1465,-1.327,-1.586,2,1
5,0,28,2,N,nb17,1465,-0.043,1.314,1,1
5,0,28,2,N,nb18,1465,-1.866,1.865,2,1
5,0,28,2,N,nb19,1465,1.71,0.687,3,0
5,0,28,2,N,nb20,1465,-1.863,1.696,3,1
5,0,28,2,N,nb21,1465,0.292,-1.001,1,1
5,0,28,2,N,nb22,1465,-0.914,1.849,1,1
5,0,28,2,N,nb23,1465,1.867,0.751,1,1
5,0,28,2,N,nb24,1465,-1.52,-1.628,2,1
5,0,28,2,N,nb25,1465,-0.793,1.73,3,1
5,0,28,2,N,nb26,1465,-0.185,0.183,1,1
5,0,28,2,N,nb27,1465,1.656,0.527,1,1
5,0,28,2,N,nb28,1465,-1.195,-1.377,1,1
5,0,28,2,N,nb29,1465,-1.547,-1.338,1,1
5,0,28,2,A,aa0,1465,-0.415,0.704,2,0
5,0,28,2,A,aa1,1465,1.789,-1.497,0,0
5,0,28,2,N,nb0,1470,-0.973,1.593,1,1
5,0,28,2,N,nb1,1470,-1.699,1.655,3,1
5,0,28,2,N,nb2,1470,-1.807,1.211,1,1
5,0,28,2,N,nb3,1470,-0.265,-0.023,1,1
5,0,28,2,N,nb4,1470,0.367,-1.203,1,1
5,0,28,2,N,nb5,1470,0.15,-1.566,1,1
5,0,28,2,N,nb6,1470,1.567,0.847,1,1
5,0,28,2,N,nb7,1470,-1.667,-1.544,2,1
5,0,28,2,N,nb8,1470,-0.065,-1.532,1,1
5,0,28,2,N,nb9,1470,-1.699,1.847,3,1
5,0,28,2,N,nb10,1470,-0.645,1.864,1,1
5,0,28,2,N,nb11,1470,-0.682,0.624,0,0
5,0,28,2,N,nb12,1470,-1.865,-0.306,1,1
5,0,28,2,N,nb13,1470,-1.865,-0.062,1,1
5,0,28,2,N,nb14,1470,-1.795,1.446,2,1
5,0,28,2,N,nb15,1470,-0.274,1.255,1,1
5,0,28,2,N,nb16,1470,-1.327,-1.586,2,1
5,0,28,2,N,nb17,1470,-0.043,1.314,1,1
5,0,28,2,N,nb18,1470,-1.866,1.865,2,1
5,0,28,2,N,nb19,1470,1.71,0.687,3,1
5,0,28,2,N,nb20,1470,-1.863,1.696,3,1
5,0,28,2,N,nb21,1470,0.292,-1.001,1,1
5,0,28,2,N,nb22,1470,-0.914,1.849,1,0
5,0,28,2,N,nb23,1470,1.867,0.751,1,1
5,0,28,2,N,nb24,1470,-1.52,-1.628,2,1
5,0,28,2,N,nb25,1470,-0.793,1.73,3,1
5,0,28,2,N,nb26,1470,-0.185,0.183,1,1
5,0,28,2,N,nb27,1470,1.656,0.527,1,1
5,0,28,2,N,nb28,1470,-1.195,-1.377,1,1
5,0,28,2,N,nb29,1470,-1.547,-1.338,1,1
5,0,28,2,A,aa0,1470,-0.376,0.616,1,0
5,0,28,2,A,aa1,1470,1.717,-1.429,0,0
5,0,28,2,N,nb0,1475,-0.973,1.593,1,1
5,0,28,2,N,nb1,1475,-1.699,1.655,3,1
5,0,28,2,N,nb2,1475,-1.807,1.211,1,1
5,0,28,2,N,nb3,1475,-0.265,-0.023,1,1
5,0,28,2,N,nb4,1475,0.367,-1.203,1,1
5,0,28,2,N,nb5,1475,0.15,-1.566,1,1
5,0,28,2,N,nb6,1475,1.567,0.847,1,1
5,0,28,2,N,nb7,1475,-1.667,-1.544,2,1
5,0,28,2,N,nb8,1475,-0.065,-1.532,1,1
5,0,28,2,N,nb9,1475,-1.699,1.847,3,1
5,0,28,2,N,nb10,1475,-0.645,1.864,1,1
5,0,28,2,N,nb11,1475,-0.709,0.528,0,0
5,0,28,2,N,nb12,1475,-1.865,-0.306,1,1
5,0,28,2,N,nb13,1475,-1.865,-0.062,1,1
5,0,28,2,N,nb14,1475,-1.795,1.446,2,1
5,0,28,2,N,nb15,1475,-0.274,1.255,1,1
5,0,28,2,N,nb16,1475,-1.327,-1.586,2,1
5,0,28,2,N,nb17,1475,-0.043,1.314,1,1
5,0,28,2,N,nb18,1475,-1.866,1.865,2,0
5,0,28,2,N,nb19,1475,1.71,0.687,3,1
5,0,28,2,N,nb20,1475,-1.863,1.696,3,1
5,0,28,2,N,nb21,1475,0.292,-1.001,1,1
5,0,28,2,N,nb22,1475,-0.914,1.849,1,1
5,0,28,2,N,nb23,1475,1.867,0.751,1,1
5,0,28,2,N,nb24,1475,-1.52,-1.628,2,1
5,0,28,2,N,nb25,1475,-0.793,1.73,3,1
5,0,28,2,N,nb26,1475,-0.185,0.183,1,1
5,0,28,2,N,nb27,1475,1.656,0.527,1,1
5,0,28,2,N,nb28,1475,-1.195,-1.377,1,1
5,0,28,2,N,nb29,1475,-1.547,-1.338,1,1
5,0,28,2,A,aa0,1475,-0.334,0.525,2,0
5,0,28,2,A,aa1,1475,1.643,-1.362,0,0
5,0,28,2,N,nb0,1480,-0.973,1.593,1,1
5,0,28,2,N,nb1,1480,-1.699,1.655,3,1
5,0,28,2,N,nb2,1480,-1.807,1.211,1,1
5,0,28,2,N,nb3,1480,-0.265,-0.023,1,1
5,0,28,2,N,nb4,1480,0.367,-1.203,1,1
5,0,28,2,N,nb5,1480,0.15,-1.566,1,1
5,0,28,2,N,nb6,1480,1.567,0.847,1,1
5,0,28,2,N,nb7,1480,-1.667,-1.544,2,1
5,0,28,2,N,nb8,1480,-0.065,-1.532,1,1
5,0,28,2,N,nb9,1480,-1.699,1.847,3,1
5,0,28,2,N,nb10,1480,-0.645,1.864,1,1
5,0,28,2,N,nb11,1480,-0.735,0.431,0,0
5,0,28,2,N,nb12,1480,-1.865,-0.306,1,1
5,0,28,2,N,nb13,1480,-1.865,-0.062,1,1
5,0,28,2,N,nb14,1480,-1.795,1.446,2,1
5,0,28,2,N,nb15,1480,-0.274,1.255,1,1
5,0,28,2,N,nb16,1480,-1.327,-1.586,2,1
5,0,28,2,N,nb17,1480,-0.043,1.314,1,1
5,0,28,2,N,nb18,1480,-1.866,1.865,2,1
5,0,28,2,N,nb19,1480,1.71,0.687,3,1
5,0,28,2,N,nb20,1480,-1.863,1.696,3,1
5,0,28,2,N,nb21,1480,0.292,-1.001,1,1
5,0,28,2,N,nb22,1480,-0.914,1.849,1,1
5,0,28,2,N,nb23,1480,1.867,0.751,1,1
5,0,28,2,N,nb24,1480,-1.52,-1.628,2,1
5,0,28,2,N,nb25,1480,-0.793,1.73,3,1
5,0,28,2,N,nb26,1480,-0.185,0.183,1,1
5,0,28,2,N,nb27,1480,1.656,0.527,1,1
5,0,28,2,N,nb28,1480,-1.195,-1.377,1,1
5,0,28,2,N,nb29,1480,-1.547,-1.338,1,1
5,0,28,2,A,aa0,1480,-0.291,0.435,2,0
5,0,28,2,A,aa1,1480,1.57,-1.294,0,0
5,0,28,2,N,nb0,1485,-0.973,1.593,1,1
5,0,28,2,N,nb1,1485,-1.699,1.655,3,1
5,0,28,2,N,nb2,1485,-1.807,1.211,1,1
5,0,28,2,N,nb3,1485,-0.265,-0.023,1,1
5,0,28,2,N,nb4,1485,0.367,-1.203,1,1
5,0,28,2,N,nb5,1485,0.15,-1.566,1,1
5,0,28,2,N,nb6,1485,1.567,0.847,1,1
5,0,28,2,N,nb7,1485,-1.667,-1.544,2,0
5,0,28,2,N,nb8,1485,-0.065,-1.532,1,1
5,0,28,2,N,nb9,1485,-1.699,1.847,3,1
5,0,28,2,N,nb10,1485,-0.645,1.864,1,1
5,0,28,2,N,nb11,1485,-0.761,0.335,0,0
5,0,28,2,N,nb12,1485,-1.865,-0.306,1,1
5,0,28,2,N,nb13,1485,-1.865,-0.062,1,1
5,0,28,2,N,nb14,1485,-1.795,1.446,2,1
5,0,28,2,N,nb15,1485,-0.274,1.255,1,1
5,0,28,2,N,nb16,1485,-1.327,-1.586,2,1
5,0,28,2,N,nb17,1485,-0.043,1.314,1,1
5,0,28,2,N,nb18,1485,-1.866,1.865,2,1
5,0,28,2,N,nb19,1485,1.71,0.687,3,1
5,0,28,2,N,nb20,1485,-1.863,1.696,3,1
5,0,28,2,N,nb21,1485,0.292,-1.001,1,1
5,0,28,2,N,nb22,1485,-0.914,1.849,1,1
5,0,28,2,N,nb23,1485,1.867,0.751,1,1
5,0,28,2,N,nb24,1485,-1.52,-1.628,2,1
5,0,28,2,N,nb25,1485,-0.793,1.73,3,1
5,0,28,2,N,nb26,1485,-0.185,0.183,1,1
5,0,28,2,N,nb27,1485,1.656,0.527,1,1
5,0,28,2,N,nb28,1485,-1.195,-1.377,1,1
5,0,28,2,N,nb29,1485,-1.547,-1.338,1,0
5,0,28,2,A,aa0,1485,-0.25,0.357,1,0
5,0,28,2,A,aa1,1485,1.496,-1.226,0,0
5,0,28,2,N,nb0,1490,-0.973,1.593,1,1
5,0,28,2,N,nb1,1490,-1.699,1.655,3,1
5,0,28,2,N,nb2,1490,-1.807,1.211,1,1
5,0,28,2,N,nb3,1490,-0.265,-0.023,1,1
5,0,28,2,N,nb4,1490,0.367,-1.203,1,1
5,0,28,2,N,nb5,1490,0.15,-1.566,1,1
5,0,28,2,N,nb6,1490,1.567,0.847,1,1
5,0,28,2,N,nb7,1490,-1.667,-1.544,2,1
5,0,28,2,N,nb8,1490,-0.065,-1.532,1,1
5,0,28,2,N,nb9,1490,-1.699,1.847,3,1
5,0,28,2,N,nb10,1490,-0.645,1.864,1,1
5,0,28,2,N,nb11,1490,-0.788,0.238,0,0
5,0,28,2,N,nb12,1490,-1.865,-0.306,1,1
5,0,28,2,N,nb13,1490,-1.865,-0.062,1,1
5,0,28,2,N,nb14,1490,-1.795,1.446,2,1
5,0,28,2,N,nb15,1490,-0.274,1.255,1,1
5,0,28,2,N,nb16,1490,-1.327,-1.586,2,1
5,0,28,2,N,nb17,1490,-0.043,1.314,1,1
5,0,28,2,N,nb18,1490,-1.866,1.865,2,1
5,0,28,2,N,nb19,1490,1.71,0.687,3,1
5,0,28,2,N,nb20,1490,-1.863,1.696,3,1
5,0,28,2,N,nb21,1490,0.292,-1.001,1,1
5,0,28,2,N,nb22,1490,-0.914,1.849,1,1
5,0,28,2,N,nb23,1490,1.867,0.751,1,1
5,0,28,2,N,nb24,1490,-1.52,-1.628,2,1
5,0,28,2,N,nb25,1490,-0.793,1.73,3,1
5,0,28,2,N,nb26,1490,-0.159,0.159,1,1
5,0,28,2,N,nb27,1490,1.656,0.527,1,1
5,0,28,2,N,nb28,1490,-1.195,-1.377,1,1
5,0,28,2,N,nb29,1490,-1.547,-1.338,1,1
5,0,28,2,A,aa0,1490,-0.224,0.315,1,0
5,0,28,2,A,aa1,1490,1.423,-1.158,0,0
5,0,28,2,N,nb0,1495,-0.973,1.593,1,1
5,0,28,2,N,nb1,1495,-1.699,1.655,3,1
5,0,28,2,N,nb2,1495,-1.807,1.211,1,1
5,0,28,2,N,nb3,1495,-0.265,-0.023,1,1
5,0,28,2,N,nb4,1495,0.367,-1.203,1,1
5,0,28,2,N,nb5,1495,0.15,-1.566,1,1
5,0,28,2,N,nb6,1495,1.567,0.847,1,1
5,0,28,2,N,nb7,1495,-1.667,-1.544,2,1
5,0,28,2,N,nb8,1495,-0.065,-1.532,1,1
5,0,28,2,N,nb9,1495,-1.699,1.847,3,1
5,0,28,2,N,nb10,1495,-0.645,1.864,1,1
5,0,28,2,N,nb11,1495,-0.814,0.142,0,0
5,0,28,2,N,nb12,1495,-1.865,-0.306,1,1
5,0,28,2,N,nb13,1495,-1.865,-0.062,1,1
5,0,28,2,N,nb14,1495,-1.795,1.446,2,1
5,0,28,2,N,nb15,1495,-0.274,1.255,1,1
5,0,28,2,N,nb16,1495,-1.327,-1.586,2,1
5,0,28,2,N,nb17,1495,-0.043,1.314,1,1
5,0,28,2,N,nb18,1495,-1.866,1.865,2,1
5,0,28,2,N,nb19,1495,1.71,0.687,3,1
5,0,28,2,N,nb20,1495,-1.863,1.696,3,1
5,0,28,2,N,nb21,1495,0.292,-1.001,1,1
5,0,28,2,N,nb22,1495,-0.914,1.849,1,1
5,0,28,2,N,nb23,1495,1.867,0.751,1,1
5,0,28,2,N,nb24,1495,-1.52,-1.628,2,1
5,0,28,2,N,nb25,1495,-0.793,1.73,3,1
5,0,28,2,N,nb26,1495,-0.128,0.132,1,1
5,0,28,2,N,nb27,1495,1.656,0.527,1,1
5,0,28,2,N,nb28,1495,-1.195,-1.377,1,1
5,0,28,2,N,nb29,1495,-1.547,-1.338,1,1
5,0,28,2,A,aa0,1495,-0.19,0.289,2,0
5,0,28,2,A,aa1,1495,1.349,-1.091,0,0
5,0,28,2,N,nb0,1500,-0.973,1.593,1,1
5,0,28,2,N,nb1,1500,-1.699,1.655,3,1
5,0,28,2,N,nb2,1500,-1.807,1.211,1,1
5,0,28,2,N,nb3,1500,-0.265,-0.023,1,1
5,0,28,2,N,nb4,1500,0.367,-1.203,1,0
5,0,28,2,N,nb5,1500,0.15,-1.566,1,1
5,0,28,2,N,nb6,1500,1.567,0.847,1,1
5,0,28,2,N,nb7,1500,-1.667,-1.544,2,1
5,0,28,2,N,nb8,1500,-0.065,-1.532,1,1
5,0,28,2,N,nb9,1500,-1.699,1.847,3,1
5,0,28,2,N,nb10,1500,-0.645,1.864,1,1
5,0,28,2,N,nb11,1500,-0.84,0.045,0,0
5,0,28,2,N,nb12,1500,-1.865,-0.306,1,1
5,0,28,2,N,nb13,1500,-1.865,-0.062,1,1
5,0,28,2,N,nb14,1500,-1.795,1.446,2,1
5,0,28,2,N,nb15,1500,-0.274,1.255,1,1
5,0,28,2,N,nb16,1500,-1.327,-1.586,2,1
5,0,28,2,N,nb17,1500,-0.043,1.314,1,1
5,0,28,2,N,nb18,1500,-1.866,1.865,2,1
5,0,28,2,N,nb19,1500,1.71,0.687,3,1
5,0,28,2,N,nb20,1500,-1.863,1.696,3,1
5,0,28,2,N,nb21,1500,0.292,-1.001,1,0
5,0,28,2,N,nb22,1500,-0.914,1.849,1,1
5,0,28,2,N,nb23,1500,1.867,0.751,1,1
5,0,28,2,N,nb24,1500,-1.52,-1.628,2,1
5,0,28,2,N,nb25,1500,-0.793,1.73,3,1
5,0,28,2,N,nb26,1500,-0.122,0.126,1,1
5,0,28,2,N,nb27,1500,1.656,0.527,1,1
5,0,28,2,N,nb28,1500,-1.195,-1.377,1,1
5,0,28,2,N,nb29,1500,-1.547,-1.338,1,1
5,0,28,2,A,aa0,1500,-0.181,0.285,2,0
5,0,28,2,A,aa1,1500,1.288,-1.034,0,0
5,0,28,2,N,nb0,1505,-0.973,1.593,1,1
5,0,28,2,N,nb1,1505,-1.699,1.655,3,1
5,0,28,2,N,nb2,1505,-1.807,1.211,1,1
5,0,28,2,N,nb3,1505,-0.265,-0.023,1,1
5,0,28,2,N,nb4,1505,0.367,-1.203,1,1
5,0,28,2,N,nb5,1505,0.15,-1.566,1,1
5,0,28,2,N,nb6,1505,1.567,0.847,1,1
5,0,28,2,N,nb7,1505,-1.667,-1.544,2,1
5,0,28,2,N,nb8,1505,-0.065,-1.532,1,1
5,0,28,2,N,nb9,1505,-1.699,1.847,3,1
5,0,28,2,N,nb10,1505,-0.645,1.864,1,1
5,0,28,2,N,nb11,1505,-0.867,-0.051,0,0
5,0,28,2,N,nb12,1505,-1.865,-0.306,1,1
5,0,28,2,N,nb13,1505,-1.865,-0.062,1,1
5,0,28,2,N,nb14,1505,-1.795,1.446,2,1
5,0,28,2,N,nb15,1505,-0.274,1.255,1,0
5,0,28,2,N,nb16,1505,-1.327,-1.586,2,1
5,0,28,2,N,nb17,1505,-0.043,1.314,1,0
5,0,28,2,N,nb18,1505,-1.866,1.865,2,1
5,0,28,2,N,nb19,1505,1.71,0.687,3,1
5,0,28,2,N,nb20,1505,-1.863,1.696,3,1
5,0,28,2,N,nb21,1505,0.292,-1.001,1,1
5,0,28,2,N,nb22,1505,-0.914,1.849,1,1
5,0,28,2,N,nb23,1505,1.867,0.751,1,1
5,0,28,2,N,nb24,1505,-1.52,-1.628,2,1
5,0,28,2,N,nb25,1505,-0.793,1.73,3,1
5,0,28,2,N,nb26,1505,-0.122,0.126,1,1
5,0,28,2,N,nb27,1505,1.656,0.527,1,1
5,0,28,2,N,nb28,1505,-1.195,-1.377,1,1
5,0,28,2,N,nb29,1505,-1.547,-1.338,1,1
5,0,28,2,A,aa0,1505,-0.115,0.302,1,0
5,0,28,2,A,aa1,1505,1.288,-1.034,0,0
5,0,28,2,N,nb0,1510,-0.973,1.593,1,1
5,0,28,2,N,nb1,1510,-1.699,1.655,3,1
5,0,28,2,N,nb2,1510,-1.807,1.211,1,1
5,0,28,2,N,nb3,1510,-0.265,-0.023,1,1
5,0,28,2,N,nb4,1510,0.367,-1.203,1,1
5,0,28,2,N,nb5,1510,0.15,-1.566,1,1
5,0,28,2,N,nb6,1510,1.567,0.847,1,1
5,0,28,2,N,nb7,1510,-1.667,-1.544,2,1
5,0,28,2,N,nb8,1510,-0.065,-1.532,1,1
5,0,28,2,N,nb9,1510,-1.699,1.847,3,1
5,0,28,2,N,nb10,1510,-0.645,1.864,1,1
5,0,28,2,N,nb11,1510,-0.893,-0.147,0,0
5,0,28,2,N,nb12,1510,-1.865,-0.306,1,1
5,0,28,2,N,nb13,1510,-1.865,-0.062,1,1
5,0,28,2,N,nb14,1510,-1.795,1.446,2,1
5,0,28,2,N,nb15,1510,-0.274,1.255,1,1
5,0,28,2,N,nb16,1510,-1.327,-1.586,2,1
5,0,28,2,N,nb17,1510,-0.043,1.314,1,1
5,0,28,2,N,nb18,1510,-1.866,1.865,2,1
5,0,28,2,N,nb19,1510,1.71,0.687,3,1
5,0,28,2,N,nb20,1510,-1.863,1.696,3,1
5,0,28,2,N,nb21,1510,0.292,-1.001,1,1
5,0,28,2,N,nb22,1510,-0.914,1.849,1,1
5,0,28,2,N,nb23,1510,1.867,0.751,1,1
5,0,28,2,N,nb24,1510,-1.52,-1.628,2,1
5,0,28,2,N,nb25,1510,-0.793,1.73,3,1
5,0,28,2,N,nb26,1510,-0.122,0.126,1,1
5,0,28,2,N,nb27,1510,1.656,0.527,1,1
5,0,28,2,N,nb28,1510,-1.195,-1.377,1,1
5,0,28,2,N,nb29,1510,-1.547,-1.338,1,1
5,0,28,2,A,aa0,1510,-0.024,0.33,1,0
5,0,28,2,A,aa1,1510,1.235,-1.056,0,0
5,0,28,2,N,nb0,1515,-0.973,1.593,1,1
5,0,28,2,N,nb1,1515,-1.699,1.655,3,1
5,0,28,2,N,nb2,1515,-1.807,1.211,1,0
5,0,28,2,N,nb3,1515,-0.265,-0.023,1,1
5,0,28,2,N,nb4,1515,0.367,-1.203,1,1
5,0,28,2,N,nb5,1515,0.15,-1.566,1,1
5,0,28,2,N,nb6,1515,1.567,0.847,1,1
5,0,28,2,N,nb7,1515,-1.667,-1.544,2,1
5,0,28,2,N,nb8,1515,-0.065,-1.532,1,1
5,0,28,2,N,nb9,1515,-1.699,1.847,3,1
5,0,28,2,N,nb10,1515,-0.645,1.864,1,1
5,0,28,2,N,nb11,1515,-0.919,-0.244,0,0
5,0,28,2,N,nb12,1515,-1.865,-0.306,1,1
5,0,28,2,N,nb13,1515,-1.865,-0.062,1,1
5,0,28,2,N,nb14,1515,-1.795,1.446,2,1
5,0,28,2,N,nb15,1515,-0.274,1.255,1,1
5,0,28,2,N,nb16,1515,-1.327,-1.586,2,1
5,0,28,2,N,nb17,1515,-0.043,1.314,1,1
5,0,28,2,N,nb18,1515,-1.866,1.865,2,1
5,0,28,2,N,nb19,1515,1.71,0.687,3,1
5,0,28,2,N,nb20,1515,-1.863,1.696,3,1
5,0,28,2,N,nb21,1515,0.292,-1.001,1,1
5,0,28,2,N,nb22,1515,-0.914,1.849,1,1
5,0,28,2,N,nb23,1515,1.867,0.751,1,1
5,0,28,2,N,nb24,1515,-1.52,-1.628,2,1
5,0,28,2,N,nb25,1515,-0.793,1.73,3,1
5,0,28,2,N,nb26,1515,-0.122,0.126,1,1
5,0,28,2,N,nb27,1515,1.656,0.527,1,1
5,0,28,2,N,nb28,1515,-1.195,-1.377,1,1
5,0,28,2,N,nb29,1515,-1.547,-1.338,1,1
5,0,28,2,A,aa0,1515,0.067,0.365,1,0
5,0,28,2,A,aa1,1515,1.143,-1.095,0,0
5,0,28,2,N,nb0,1520,-0.973,1.593,1,1
5,0,28,2,N,nb1,1520,-1.699,1.655,3,1
5,0,28,2,N,nb2,1520,-1.807,1.211,1,1
5,0,28,2,N,nb3,1520,-0.265,-0.023,1,1
5,0,28,2,N,nb4,1520,0.367,-1.203,1,1
5,0,28,2,N,nb5,1520,0.15,-1.566,1,1
5,0,28,2,N,nb6,1520,1.567,0.847,1,1
5,0,28,2,N,nb7,1520,-1.667,-1.544,2,1
5,0,28,2,N,nb8,1520,-0.065,-1.532,1,1
5,0,28,2,N,nb9,1520,-1.699,1.847,3,1
5,0,28,2,N,nb10,1520,-0.645,1.864,1,1
5,0,28,2,N,nb11,1520,-0.946,-0.34,0,0
5,0,28,2,N,nb12,1520,-1.865,-0.306,1,0
5,0,28,2,N,nb13,1520,-1.865,-0.062,1,0
5,0,28,2,N,nb14,1520,-1.795,1.446,2,1
5,0,28,2,N,nb15,1520,-0.274,1.255,1,1
5,0,28,2,N,nb16,1520,-1.327,-1.586,2,1
5,0,28,2,N,nb17,1520,-0.043,1.314,1,1
5,0,28,2,N,nb18,1520,-1.866,1.865,2,1
5,0,28,2,N,nb19,1520,1.71,0.687,3,1
5,0,28,2,N,nb20,1520,-1.863,1.696,3,1
5,0,28,2,N,nb21,1520,0.292,-1.001,1,1
5,0,28,2,N,nb22,1520,-0.914,1.849,1,1
5,0,28,2,N,nb23,1520,1.867,0.751,1,1
5,0,28,2,N,nb24,1520,-1.52,-1.628,2,1
5,0,28,2,N,nb25,1520,-0.793,1.73,3,1
5,0,28,2,N,nb26,1520,-0.122,0.126,1,1
5,0,28,2,N,nb27,1520,1.656,0.527,1,1
5,0,28,2,N,nb28,1520,-1.195,-1.377,1,1
5,0,28,2,N,nb29,1520,-1.547,-1.338,1,1
5,0,28,2,A,aa0,1520,0.16,0.402,1,0
5,0,28,2,A,aa1,1520,1.051,-1.133,0,0
5,0,28,2,N,nb0,1525,-0.973,1.593,1,1
5,0,28,2,N,nb1,1525,-1.699,1.655,3,1
5,0,28,2,N,nb2,1525,-1.807,1.211,1,1
5,0,28,2,N,nb3,1525,-0.265,-0.023,1,0
5,0,28,2,N,nb4,1525,0.367,-1.203,1,1
5,0,28,2,N,nb5,1525,0.15,-1.566,1,1
5,0,28,2,N,nb6,1525,1.567,0.847,1,1
5,0,28,2,N,nb7,1525,-1.667,-1.544,2,1
5,0,28,2,N,nb8,1525,-0.065,-1.532,1,1
5,0,28,2,N,nb9,1525,-1.699,1.847,3,1
5,0,28,2,N,nb10,1525,-0.645,1.864,1,1
5,0,28,2,N,nb11,1525,-0.972,-0.437,0,0
5,0,28,2,N,nb12,1525,-1.865,-0.306,1,1
5,0,28,2,N,nb13,1525,-1.865,-0.062,1,1
5,0,28,2,N,nb14,1525,-1.795,1.446,2,1
5,0,28,2,N,nb15,1525,-0.274,1.255,1,1
5,0,28,2,N,nb16,1525,-1.327,-1.586,2,1
5,0,28,2,N,nb17,1525,-0.043,1.314,1,1
5,0,28,2,N,nb18,1525,-1.866,1.865,2,1
5,0,28,2,N,nb19,1525,1.71,0.687,3,1
5,0,28,2,N,nb20,1525,-1.863,1.696,3,1
5,0,28,2,N,nb21,1525,0.292,-1.001,1,1
5,0,28,2,N,nb22,1525,-0.914,1.849,1,1
5,0,28,2,N,nb23,1525,1.867,0.751,1,1
5,0,28,2,N,nb24,1525,-1.52,-1.628,2,1
5,0,28,2,N,nb25,1525,-0.793,1.73,3,1
5,0,28,2,N,nb26,1525,-0.122,0.126,1,1
5,0,28,2,N,nb27,1525,1.656,0.527,1,1
5,0,28,2,N,nb28,1525,-1.195,-1.377,1,1
5,0,28,2,N,nb29,1525,-1.547,-1.338,1,1
5,0,28,2,A,aa0,1525,0.253,0.439,1,0
5,0,28,2,A,aa1,1525,0.959,-1.172,1,0
5,0,28,2,N,nb0,1530,-0.973,1.593,1,1
5,0,28,2,N,nb1,1530,-1.699,1.655,3,1
5,0,28,2,N,nb2,1530,-1.807,1.211,1,1
5,0,28,2,N,nb3,1530,-0.265,-0.023,1,1
5,0,28,2,N,nb4,1530,0.367,-1.203,1,1
5,0,28,2,N,nb5,1530,0.15,-1.566,1,1
5,0,28,2,N,nb6,1530,1.567,0.847,1,1
5,0,28,2,N,nb7,1530,-1.667,-1.544,2,1
5,0,28,2,N,nb8,1530,-0.065,-1.532,1,1
5,0,28,2,N,nb9,1530,-1.699,1.847,3,1
5,0,28,2,N,nb10,1530,-0.645,1.864,1,1
5,0,28,2,N,nb11,1530,-0.998,-0.533,0,0
5,0,28,2,N,nb12,1530,-1.865,-0.306,1,1
5,0,28,2,N,nb13,1530,-1.865,-0.062,1,1
5,0,28,2,N,nb14,1530,-1.795,1.446,2,1
5,0,28,2,N,nb15,1530,-0.274,1.255,1,1
5,0,28,2,N,nb16,1530,-1.327,-1.586,2,0
5,0,28,2,N,nb17,1530,-0.043,1.314,1,1
5,0,28,2,N,nb18,1530,-1.866,1.865,2,1
5,0,28,2,N,nb19,1530,1.71,0.687,3,1
5,0,28,2,N,nb20,1530,-1.863,1.696,3,1
5,0,28,2,N,nb21,1530,0.292,-1.001,1,1
5,0,28,2,N,nb22,1530,-0.914,1.849,1,1
5,0,28,2,N,nb23,1530,1.867,0.751,1,1
5,0,28,2,N,nb24,1530,-1.52,-1.628,2,1
5,0,28,2,N,nb25,1530,-0.793,1.73,3,1
5,0,28,2,N,nb26,1530,-0.122,0.126,1,1
5,0,28,2,N,nb27,1530,1.656,0.527,1,1
5,0,28,2,N,nb28,1530,-1.195,-1.377,1,1
5,0,28,2,N,nb29,1530,-1.547,-1.338,1,1
5,0,28,2,A,aa0,1530,0.346,0.475,1,0
5,0,28,2,A,aa1,1530,0.867,-1.211,1,0
5,0,28,2,N,nb0,1535,-0.973,1.593,1,1
5,0,28,2,N,nb1,1535,-1.699,1.655,3,1
5,0,28,2,N,nb2,1535,-1.807,1.211,1,1
5,0,28,2,N,nb3,1535,-0.265,-0.023,1,1
5,0,28,2,N,nb4,1535,0.367,-1.203,1,1
5,0,28,2,N,nb5,1535,0.15,-1.566,1,1
5,0,28,2,N,nb6,1535,1.567,0.847,1,1
5,0,28,2,N,nb7,1535,-1.667,-1.544,2,1
5,0,28,2,N,nb8,1535,-0.065,-1.532,1,1
5,0,28,2,N,nb9,1535,-1.699,1.847,3,1
5,0,28,2,N,nb10,1535,-0.645,1.864,1,1
5,0,28,2,N,nb11,1535,-1.025,-0.63,0,0
5,0,28,2,N,nb12,1535,-1.865,-0.306,1,1
5,0,28,2,N,nb13,1535,-1.865,-0.062,1,1
5,0,28,2,N,nb14,1535,-1.795,1.446,2,1
5,0,28,2,N,nb15,1535,-0.274,1.255,1,1
5,0,28,2,N,nb16,1535,-1.327,-1.586,2,1
5,0,28,2,N,nb17,1535,-0.043,1.314,1,1
5,0,28,2,N,nb18,1535,-1.866,1.865,2,1
5,0,28,2,N,nb19,1535,1.71,0.687,3,1
5,0,28,2,N,nb20,1535,-1.863,1.696,3,1
5,0,28,2,N,nb21,1535,0.292,-1.001,1,1
5,0,28,2,N,nb22,1535,-0.914,1.849,1,1
5,0,28,2,N,nb23,1535,1.867,0.751,1,1
5,0,28,2,N,nb24,1535,-1.52,-1.628,2,1
5,0,28,2,N,nb25,1535,-0.793,1.73,3,1
5,0,28,2,N,nb26,1535,-0.122,0.126,1,1
5,0,28,2,N,nb27,1535,1.656,0.527,1,1
5,0,28,2,N,nb28,1535,-1.195,-1.377,1,1
5,0,28,2,N,nb29,1535,-1.547,-1.338,1,1
5,0,28,2,A,aa0,1535,0.439,0.512,0,0
5,0,28,2,A,aa1,1535,0.808,-1.236,2,0
5,0,28,2,N,nb0,1540,-0.973,1.593,1,1
5,0,28,2,N,nb1,1540,-1.699,1.655,3,1
5,0,28,2,N,nb2,1540,-1.807,1.211,1,1
5,0,28,2,N,nb3,1540,-0.265,-0.023,1,1
5,0,28,2,N,nb4,1540,0.367,-1.203,1,1
5,0,28,2,N,nb5,1540,0.15,-1.566,1,1
5,0,28,2,N,nb6,1540,1.567,0.847,1,1
5,0,28,2,N,nb7,1540,-1.667,-1.544,2,1
5,0,28,2,N,nb8,1540,-0.065,-1.532,1,1
5,0,28,2,N,nb9,1540,-1.699,1.847,3,1
5,0,28,2,N,nb10,1540,-0.645,1.864,1,1
5,0,28,2,N,nb11,1540,-1.051,-0.726,0,0
5,0,28,2,N,nb12,1540,-1.865,-0.306,1,1
5,0,28,2,N,nb13,1540,-1.865,-0.062,1,1
5,0,28,2,N,nb14,1540,-1.795,1.446,2,1
5,0,28,2,N,nb15,1540,-0.274,1.255,1,1
5,0,28,2,N,nb16,1540,-1.327,-1.586,2,1
5,0,28,2,N,nb17,1540,-0.043,1.314,1,1
5,0,28,2,N,nb18,1540,-1.866,1.865,2,1
5,0,28,2,N,nb19,1540,1.71,0.687,3,1
5,0,28,2,N,nb20,1540,-1.863,1.696,3,1
5,0,28,2,N,nb21,1540,0.292,-1.001,1,1
5,0,28,2,N,nb22,1540,-0.914,1.849,1,1
5,0,28,2,N,nb23,1540,1.867,0.751,1,1
5,0,28,2,N,nb24,1540,-1.52,-1.628,2,1
5,0,28,2,N,nb25,1540,-0.793,1.73,3,1
5,0,28,2,N,nb26,1540,-0.122,0.126,1,1
5,0,28,2,N,nb27,1540,1.656,0.527,1,1
5,0,28,2,N,nb28,1540,-1.195,-1.377,1,1
5,0,28,2,N,nb29,1540,-1.547,-1.338,1,1
5,0,28,2,A,aa0,1540,0.442,0.513,0,0
5,0,28,2,A,aa1,1540,0.803,-1.251,2,0
5,0,28,2,N,nb0,1545,-0.973,1.593,1,1
5,0,28,2,N,nb1,1545,-1.699,1.655,3,1
5,0,28,2,N,nb2,1545,-1.807,1.211,1,1
5,0,28,2,N,nb3,1545,-0.265,-0.023,1,1
5,0,28,2,N,nb4,1545,0.367,-1.203,1,1
5,0,28,2,N,nb5,1545,0.15,-1.566,1,1
5,0,28,2,N,nb6,1545,1.567,0.847,1,1
5,0,28,2,N,nb7,1545,-1.667,-1.544,2,1
5,0,28,2,N,nb8,1545,-0.065,-1.532,1,1
5,0,28,2,N,nb9,1545,-1.699,1.847,3,1
5,0,28,2,N,nb10,1545,-0.645,1.864,1,1
5,0,28,2,N,nb11,1545,-1.077,-0.823,0,0
5,0,28,2,N,nb12,1545,-1.865,-0.306,1,1
5,0,28,2,N,nb13,1545,-1.865,-0.062,1,1
5,0,28,2,N,nb14,1545,-1.795,1.446,2,1
5,0,28,2,N,nb15,1545,-0.274,1.255,1,1
5,0,28,2,N,nb16,1545,-1.327,-1.586,2,1
5,0,28,2,N,nb17,1545,-0.043,1.314,1,1
5,0,28,2,N,nb18,1545,-1.866,1.865,2,1
5,0,28,2,N,nb19,1545,1.71,0.687,3,1
5,0,28,2,N,nb20,1545,-1.863,1.696,3,1
5,0,28,2,N,nb21,1545,0.292,-1.001,1,1
5,0,28,2,N,nb22,1545,-0.914,1.849,1,1
5,0,28,2,N,nb23,1545,1.867,0.751,1,1
5,0,28,2,N,nb24,1545,-1.52,-1.628,2,1
5,0,28,2,N,nb25,1545,-0.793,1.73,3,1
5,0,28,2,N,nb26,1545,-0.122,0.126,1,1
5,0,28,2,N,nb27,1545,1.656,0.527,1,1
5,0,28,2,N,nb28,1545,-1.195,-1.377,1,1
5,0,28,2,N,nb29,1545,-1.547,-1.338,1,1
5,0,28,2,A,aa0,1545,0.454,0.569,0,0
5,0,28,2,A,aa1,1545,0.772,-1.346,2,0
5,0,28,2,N,nb0,1550,-0.973,1.593,1,1
5,0,28,2,N,nb1,1550,-1.699,1.655,3,1
5,0,28,2,N,nb2,1550,-1.807,1.211,1,1
5,0,28,2,N,nb3,1550,-0.265,-0.023,1,1
5,0,28,2,N,nb4,1550,0.367,-1.203,1,1
5,0,28,2,N,nb5,1550,0.15,-1.566,1,1
5,0,28,2,N,nb6,1550,1.567,0.847,1,1
5,0,28,2,N,nb7,1550,-1.667,-1.544,2,1
5,0,28,2,N,nb8,1550,-0.065,-1.532,1,1
5,0,28,2,N,nb9,1550,-1.699,1.847,3,1
5,0,28,2,N,nb10,1550,-0.645,1.864,1,1
5,0,28,2,N,nb11,1550,-1.104,-0.919,0,0
5,0,28,2,N,nb12,1550,-1.865,-0.306,1,1
5,0,28,2,N,nb13,1550,-1.865,-0.062,1,1
5,0,28,2,N,nb14,1550,-1.795,1.446,2,1
5,0,28,2,N,nb15,1550,-0.274,1.255,1,1
5,0,28,2,N,nb16,1550,-1.327,-1.586,2,1
5,0,28,2,N,nb17,1550,-0.043,1.314,1,1
5,0,28,2,N,nb18,1550,-1.866,1.865,2,1
5,0,28,2,N,nb19,1550,1.71,0.687,3,1
5,0,28,2,N,nb20,1550,-1.863,1.696,3,1
5,0,28,2,N,nb21,1550,0.292,-1.001,1,1
5,0,28,2,N,nb22,1550,-0.914,1.849,1,1
5,0,28,2,N,nb23,1550,1.867,0.751,1,1
5,0,28,2,N,nb24,1550,-1.52,-1.628,2,1
5,0,28,2,N,nb25,1550,-0.793,1.73,3,1
5,0,28,2,N,nb26,1550,-0.122,0.126,1,1
5,0,28,2,N,nb27,1550,1.656,0.527,1,1
5,0,28,2,N,nb28,1550,-1.195,-1.377,1,1
5,0,28,2,N,nb29,1550,-1.547,-1.338,1,1
5,0,28,2,A,aa0,1550,0.473,0.667,0,0
5,0,28,2,A,aa1,1550,0.771,-1.35,2,0
5,0,28,2,N,nb0,1555,-0.973,1.593,1,1
5,0,28,2,N,nb1,1555,-1.699,1.655,3,0
5,0,28,2,N,nb2,1555,-1.807,1.211,1,1
5,0,28,2,N,nb3,1555,-0.265,-0.023,1,1
5,0,28,2,N,nb4,1555,0.367,-1.203,1,1
5,0,28,2,N,nb5,1555,0.15,-1.566,1,1
5,0,28,2,N,nb6,1555,1.567,0.847,1,1
5,0,28,2,N,nb7,1555,-1.667,-1.544,2,1
5,0,28,2,N,nb8,1555,-0.065,-1.532,1,1
5,0,28,2,N,nb9,1555,-1.699,1.847,3,0
5,0,28,2,N,nb10,1555,-0.645,1.864,1,1
5,0,28,2,N,nb11,1555,-1.13,-1.016,0,0
5,0,28,2,N,nb12,1555,-1.865,-0.306,1,1
5,0,28,2,N,nb13,1555,-1.865,-0.062,1,1
5,0,28,2,N,nb14,1555,-1.795,1.446,2,1
5,0,28,2,N,nb15,1555,-0.274,1.255,1,1
5,0,28,2,N,nb16,1555,-1.327,-1.586,2,1
5,0,28,2,N,nb17,1555,-0.043,1.314,1,1
5,0,28,2,N,nb18,1555,-1.866,1.865,2,1
5,0,28,2,N,nb19,1555,1.71,0.687,3,1
5,0,28,2,N,nb20,1555,-1.863,1.696,3,0
5,0,28,2,N,nb21,1555,0.292,-1.001,1,1
5,0,28,2,N,nb22,1555,-0.914,1.849,1,1
5,0,28,2,N,nb23,1555,1.867,0.751,1,1
5,0,28,2,N,nb24,1555,-1.52,-1.628,2,1
5,0,28,2,N,nb25,1555,-0.793,1.73,3,1
5,0,28,2,N,nb26,1555,-0.122,0.126,1,1
5,0,28,2,N,nb27,1555,1.656,0.527,1,1
5,0,28,2,N,nb28,1555,-1.195,-1.377,1,0
5,0,28,2,N,nb29,1555,-1.547,-1.338,1,1
5,0,28,2,A,aa0,1555,0.492,0.765,0,0
5,0,28,2,A,aa1,1555,0.798,-1.375,1,0
5,0,28,2,N,nb0,1560,-0.973,1.593,1,1
5,0,28,2,N,nb1,1560,-1.699,1.655,3,1
5,0,28,2,N,nb2,1560,-1.807,1.211,1,1
5,0,28,2,N,nb3,1560,-0.265,-0.023,1,1
5,0,28,2,N,nb4,1560,0.367,-1.203,1,1
5,0,28,2,N,nb5,1560,0.15,-1.566,1,1
5,0,28,2,N,nb6,1560,1.567,0.847,1,1
5,0,28,2,N,nb7,1560,-1.667,-1.544,2,1
5,0,28,2,N,nb8,1560,-0.065,-1.532,1,1
5,0,28,2,N,nb9,1560,-1.699,1.847,3,1
5,0,28,2,N,nb10,1560,-0.645,1.864,1,1
5,0,28,2,N,nb11,1560,-1.156,-1.112,0,0
5,0,28,2,N,nb12,1560,-1.865,-0.306,1,1
5,0,28,2,N,nb13,1560,-1.865,-0.062,1,1
5,0,28,2,N,nb14,1560,-1.795,1.446,2,1
5,0,28,2,N,nb15,1560,-0.274,1.255,1,1
5,0,28,2,N,nb16,1560,-1.327,-1.586,2,1
5,0,28,2,N,nb17,1560,-0.043,1.314,1,1
5,0,28,2,N,nb18,1560,-1.866,1.865,2,1
5,0,28,2,N,nb19,1560,1.71,0.687,3,1
5,0,28,2,N,nb20,1560,-1.863,1.696,3,1
5,0,28,2,N,nb21,1560,0.292,-1.001,1,1
5,0,28,2,N,nb22,1560,-0.914,1.849,1,1
5,0,28,2,N,nb23,1560,1.867,0.751,1,1
5,0,28,2,N,nb24,1560,-1.52,-1.628,2,1
5,0,28,2,N,nb25,1560,-0.793,1.73,3,1
5,0,28,2,N,nb26,1560,-0.122,0.126,1,1
5,0,28,2,N,nb27,1560,1.656,0.527,1,1
5,0,28,2,N,nb28,1560,-1.195,-1.377,1,1
5,0,28,2,N,nb29,1560,-1.547,-1.338,1,1
5,0,28,2,A,aa0,1560,0.511,0.863,0,0
5,0,28,2,A,aa1,1560,0.871,-1.442,1,0
5,0,28,2,N,nb0,1565,-0.973,1.593,1,1
5,0,28,2,N,nb1,1565,-1.699,1.655,3,1
5,0,28,2,N,nb2,1565,-1.807,1.211,1,1
5,0,28,2,N,nb3,1565,-0.265,-0.023,1,1
5,0,28,2,N,nb4,1565,0.367,-1.203,1,1
5,0,28,2,N,nb5,1565,0.15,-1.566,1,1
5,0,28,2,N,nb6,1565,1.567,0.847,1,1
5,0,28,2,N,nb7,1565,-1.667,-1.544,2,1
5,0,28,2,N,nb8,1565,-0.065,-1.532,1,1
5,0,28,2,N,nb9,1565,-1.699,1.847,3,1
5,0,28,2,N,nb10,1565,-0.645,1.864,1,1
5,0,28,2,N,nb11,1565,-1.167,-1.148,1,1
5,0,28,2,N,nb12,1565,-1.865,-0.306,1,1
5,0,28,2,N,nb13,1565,-1.865,-0.062,1,1
5,0,28,2,N,nb14,1565,-1.795,1.446,2,1
5,0,28,2,N,nb15,1565,-0.274,1.255,1,1
5,0,28,2,N,nb16,1565,-1.327,-1.586,2,1
5,0,28,2,N,nb17,1565,-0.043,1.314,1,1
5,0,28,2,N,nb18,1565,-1.866,1.865,2,1
5,0,28,2,N,nb19,1565,1.71,0.687,3,1
5,0,28,2,N,nb20,1565,-1.863,1.696,3,1
5,0,28,2,N,nb21,1565,0.292,-1.001,1,1
5,0,28,2,N,nb22,1565,-0.914,1.849,1,1
5,0,28,2,N,nb23,1565,1.867,0.751,1,1
5,0,28,2,N,nb24,1565,-1.52,-1.628,2,1
5,0,28,2,N,nb25,1565,-0.793,1.73,3,1
5,0,28,2,N,nb26,1565,-0.122,0.126,1,1
5,0,28,2,N,nb27,1565,1.656,0.527,1,1
5,0,28,2,N,nb28,1565,-1.195,-1.377,2,1
5,0,28,2,N,nb29,1565,-1.547,-1.338,1,1
5,0,28,2,A,aa0,1565,0.52,0.906,0,0
5,0,28,2,A,aa1,1565,0.945,-1.51,0,0
5,0,28,2,N,nb0,1570,-0.973,1.593,1,1
5,0,28,2,N,nb1,1570,-1.699,1.655,3,1
5,0,28,2,N,nb2,1570,-1.807,1.211,1,1
5,0,28,2,N,nb3,1570,-0.265,-0.023,1,1
5,0,28,2,N,nb4,1570,0.367,-1.203,1,1
5,0,28,2,N,nb5,1570,0.15,-1.566,1,1
5,0,28,2,N,nb6,1570,1.567,0.847,1,1
5,0,28,2,N,nb7,1570,-1.667,-1.544,2,1
5,0,28,2,N,nb8,1570,-0.065,-1.532,1,1
5,0,28,2,N,nb9,1570,-1.699,1.847,3,1
5,0,28,2,N,nb10,1570,-0.645,1.864,1,1
5,0,28,2,N,nb11,1570,-1.167,-1.148,1,1
5,0,28,2,N,nb12,1570,-1.865,-0.306,1,1
5,0,28,2,N,nb13,1570,-1.865,-0.062,1,1
5,0,28,2,N,nb14,1570,-1.795,1.446,2,1
5,0,28,2,N,nb15,1570,-0.274,1.255,1,1
5,0,28,2,N,nb16,1570,-1.327,-1.586,2,1
5,0,28,2,N,nb17,1570,-0.043,1.314,1,1
5,0,28,2,N,nb18,1570,-1.866,1.865,2,1
5,0,28,2,N,nb19,1570,1.71,0.687,3,1
5,0,28,2,N,nb20,1570,-1.863,1.696,3,1
5,0,28,2,N,nb21,1570,0.292,-1.001,1,1
5,0,28,2,N,nb22,1570,-0.914,1.849,1,1
5,0,28,2,N,nb23,1570,1.867,0.751,1,1
5,0,28,2,N,nb24,1570,-1.52,-1.628,2,1
5,0,28,2,N,nb25,1570,-0.793,1.73,3,1
5,0,28,2,N,nb26,1570,-0.122,0.126,1,1
5,0,28,2,N,nb27,1570,1.656,0.527,1,1
5,0,28,2,N,nb28,1570,-1.195,-1.377,2,1
5,0,28,2,N,nb29,1570,-1.547,-1.338,1,1
5,0,28,2,A,aa0,1570,0.497,0.935,0,0
5,0,28,2,A,aa1,1570,1.019,-1.578,0,0
5,0,28,2,N,nb0,1575,-0.973,1.593,1,1
5,0,28,2,N,nb1,1575,-1.699,1.655,3,1
5,0,28,2,N,nb2,1575,-1.807,1.211,1,1
5,0,28,2,N,nb3,1575,-0.265,-0.023,1,1
5,0,28,2,N,nb4,1575,0.367,-1.203,1,1
5,0,28,2,N,nb5,1575,0.15,-1.566,1,1
5,0,28,2,N,nb6,1575,1.567,0.847,1,1
5,0,28,2,N,nb7,1575,-1.667,-1.544,2,1
5,0,28,2,N,nb8,1575,-0.065,-1.532,1,1
5,0,28,2,N,nb9,1575,-1.699,1.847,3,1
5,0,28,2,N,nb10,1575,-0.645,1.864,1,1
5,0,28,2,N,nb11,1575,-1.167,-1.148,1,1
5,0,28,2,N,nb12,1575,-1.865,-0.306,1,1
5,0,28,2,N,nb13,1575,-1.865,-0.062,1,1
5,0,28,2,N,nb14,1575,-1.795,1.446,2,1
5,0,28,2,N,nb15,1575,-0.274,1.255,1,1
5,0,28,2,N,nb16,1575,-1.327,-1.586,2,1
5,0,28,2,N,nb17,1575,-0.043,1.314,1,1
5,0,28,2,N,nb18,1575,-1.866,1.865,2,1
5,0,28,2,N,nb19,1575,1.71,0.687,3,1
5,0,28,2,N,nb20,1575,-1.863,1.696,3,1
5,0,28,2,N,nb21,1575,0.292,-1.001,1,1
5,0,28,2,N,nb22,1575,-0.914,1.849,1,1
5,0,28,2,N,nb23,1575,1.867,0.751,1,1
5,0,28,2,N,nb24,1575,-1.52,-1.628,2,1
5,0,28,2,N,nb25,1575,-0.793,1.73,3,1
5,0,28,2,N,nb26,1575,-0.122,0.126,1,1
5,0,28,2,N,nb27,1575,1.656,0.527,1,1
5,0,28,2,N,nb28,1575,-1.195,-1.377,2,1
5,0,28,2,N,nb29,1575,-1.547,-1.338,1,1
5,0,28,2,A,aa0,1575,0.436,1.014,1,0
5,0,28,2,A,aa1,1575,1.092,-1.645,0,0
5,0,28,2,N,nb0,1580,-0.973,1.593,1,1
5,0,28,2,N,nb1,1580,-1.699,1.655,3,1
5,0,28,2,N,nb2,1580,-1.807,1.211,1,1
5,0,28,2,N,nb3,1580,-0.265,-0.023,1,1
5,0,28,2,N,nb4,1580,0.367,-1.203,1,1
5,0,28,2,N,nb5,1580,0.15,-1.566,1,1
5,0,28,2,N,nb6,1580,1.567,0.847,1,1
5,0,28,2,N,nb7,1580,-1.667,-1.544,2,1
5,0,28,2,N,nb8,1580,-0.065,-1.532,1,1
5,0,28,2,N,nb9,1580,-1.699,1.847,3,1
5,0,28,2,N,nb10,1580,-0.645,1.864,1,1
5,0,28,2,N,nb11,1580,-1.167,-1.148,1,1
5,0,28,2,N,nb12,1580,-1.865,-0.306,1,1
5,0,28,2,N,nb13,1580,-1.865,-0.062,1,1
5,0,28,2,N,nb14,1580,-1.795,1.446,2,1
5,0,28,2,N,nb15,1580,-0.274,1.255,1,1
5,0,28,2,N,nb16,1580,-1.327,-1.586,2,1
5,0,28,2,N,nb17,1580,-0.043,1.314,1,1
5,0,28,2,N,nb18,1580,-1.866,1.865,2,1
5,0,28,2,N,nb19,1580,1.71,0.687,3,1
5,0,28,2,N,nb20,1580,-1.863,1.696,3,1
5,0,28,2,N,nb21,1580,0.292,-1.001,1,1
5,0,28,2,N,nb22,1580,-0.914,1.849,1,1
5,0,28,2,N,nb23,1580,1.867,0.751,1,1
5,0,28,2,N,nb24,1580,-1.52,-1.628,2,1
5,0,28,2,N,nb25,1580,-0.793,1.73,3,1
5,0,28,2,N,nb26,1580,-0.122,0.126,1,1
5,0,28,2,N,nb27,1580,1.656,0.527,1,1
5,0,28,2,N,nb28,1580,-1.195,-1.377,2,1
5,0,28,2,N,nb29,1580,-1.547,-1.338,1,1
5,0,28,2,A,aa0,1580,0.374,1.093,1,0
5,0,28,2,A,aa1,1580,1.166,-1.713,0,0
5,0,28,2,N,nb0,1585,-0.973,1.593,1,1
5,0,28,2,N,nb1,1585,-1.699,1.655,3,1
5,0,28,2,N,nb2,1585,-1.807,1.211,1,1
5,0,28,2,N,nb3,1585,-0.265,-0.023,1,1
5,0,28,2,N,nb4,1585,0.367,-1.203,1,1
5,0,28,2,N,nb5,1585,0.15,-1.566,1,1
5,0,28,2,N,nb6,1585,1.567,0.847,1,1
5,0,28,2,N,nb7,1585,-1.667,-1.544,2,1
5,0,28,2,N,nb8,1585,-0.065,-1.532,1,1
5,0,28,2,N,nb9,1585,-1.699,1.847,3,1
5,0,28,2,N,nb10,1585,-0.645,1.864,1,1
5,0,28,2,N,nb11,1585,-1.167,-1.148,1,1
5,0,28,2,N,nb12,1585,-1.865,-0.306,1,1
5,0,28,2,N,nb13,1585,-1.865,-0.062,1,1
5,0,28,2,N,nb14,1585,-1.795,1.446,2,1
5,0,28,2,N,nb15,1585,-0.274,1.255,1,1
5,0,28,2,N,nb16,1585,-1.327,-1.586,2,1
5,0,28,2,N,nb17,1585,-0.043,1.314,1,1
5,0,28,2,N,nb18,1585,-1.866,1.865,2,1
5,0,28,2,N,nb19,1585,1.71,0.687,3,1
5,0,28,2,N,nb20,1585,-1.863,1.696,3,1
5,0,28,2,N,nb21,1585,0.292,-1.001,1,1
5,0,28,2,N,nb22,1585,-0.914,1.849,1,1
5,0,28,2,N,nb23,1585,1.867,0.751,1,1
5,0,28,2,N,nb24,1585,-1.52,-1.628,2,1
5,0,28,2,N,nb25,1585,-0.793,1.73,3,1
5,0,28,2,N,nb26,1585,-0.122,0.126,1,1
5,0,28,2,N,nb27,1585,1.656,0.527,1,1
5,0,28,2,N,nb28,1585,-1.195,-1.377,2,1
5,0,28,2,N,nb29,1585,-1.547,-1.338,1,1
5,0,28,2,A,aa0,1585,0.313,1.171,2,0
5,0,28,2,A,aa1,1585,1.238,-1.779,0,0
5,0,28,2,N,nb0,1590,-0.973,1.593,1,1
5,0,28,2,N,nb1,1590,-1.699,1.655,3,1
5,0,28,2,N,nb2,1590,-1.807,1.211,1,1
5,0,28,2,N,nb3,1590,-0.265,-0.023,1,1
5,0,28,2,N,nb4,1590,0.367,-1.203,1,1
5,0,28,2,N,nb5,1590,0.15,-1.566,1,1
5,0,28,2,N,nb6,1590,1.567,0.847,1,1
5,0,28,2,N,nb7,1590,-1.667,-1.544,2,1
5,0,28,2,N,nb8,1590,-0.065,-1.532,1,1
5,0,28,2,N,nb9,1590,-1.699,1.847,3,1
5,0,28,2,N,nb10,1590,-0.645,1.864,1,1
5,0,28,2,N,nb11,1590,-1.167,-1.148,1,1
5,0,28,2,N,nb12,1590,-1.865,-0.306,1,1
5,0,28,2,N,nb13,1590,-1.865,-0.062,1,1
5,0,28,2,N,nb14,1590,-1.795,1.446,2,0
5,0,28,2,N,nb15,1590,-0.274,1.255,1,1
5,0,28,2,N,nb16,1590,-1.327,-1.586,2,1
5,0,28,2,N,nb17,1590,-0.043,1.314,1,1
5,0,28,2,N,nb18,1590,-1.866,1.865,2,1
5,0,28,2,N,nb19,1590,1.71,0.687,3,1
5,0,28,2,N,nb20,1590,-1.863,1.696,3,1
5,0,28,2,N,nb21,1590,0.292,-1.001,1,1
5,0,28,2,N,nb22,1590,-0.914,1.849,1,1
5,0,28,2,N,nb23,1590,1.867,0.751,1,1
5,0,28,2,N,nb24,1590,-1.52,-1.628,2,0
5,0,28,2,N,nb25,1590,-0.793,1.73,3,1
5,0,28,2,N,nb26,1590,-0.122,0.126,1,1
5,0,28,2,N,nb27,1590,1.656,0.527,1,1
5,0,28,2,N,nb28,1590,-1.195,-1.377,2,1
5,0,28,2,N,nb29,1590,-1.547,-1.338,1,1
5,0,28,2,A,aa0,1590,0.251,1.25,1,0
5,0,28,2,A,aa1,1590,1.308,-1.833,0,0
5,0,28,2,N,nb0,1595,-0.973,1.593,1,0
5,0,28,2,N,nb1,1595,-1.699,1.655,3,1
5,0,28,2,N,nb2,1595,-1.807,1.211,1,1
5,0,28,2,N,nb3,1595,-0.265,-0.023,1,1
5,0,28,2,N,nb4,1595,0.367,-1.203,1,1
5,0,28,2,N,nb5,1595,0.15,-1.566,1,1
5,0,28,2,N,nb6,1595,1.567,0.847,1,1
5,0,28,2,N,nb7,1595,-1.667,-1.544,2,1
5,0,28,2,N,nb8,1595,-0.065,-1.532,1,1
5,0,28,2,N,nb9,1595,-1.699,1.847,3,1
5,0,28,2,N,nb10,1595,-0.645,1.864,1,0
5,0,28,2,N,nb11,1595,-1.167,-1.148,1,1
5,0,28,2,N,nb12,1595,-1.865,-0.306,1,1
5,0,28,2,N,nb13,1595,-1.865,-0.062,1,1
5,0,28,2,N,nb14,1595,-1.795,1.446,2,1
5,0,28,2,N,nb15,1595,-0.274,1.255,1,1
5,0,28,2,N,nb16,1595,-1.327,-1.586,2,1
5,0,28,2,N,nb17,1595,-0.043,1.314,1,1
5,0,28,2,N,nb18,1595,-1.866,1.865,2,1
5,0,28,2,N,nb19,1595,1.71,0.687,3,1
5,0,28,2,N,nb20,1595,-1.863,1.696,3,1
5,0,28,2,N,nb21,1595,0.292,-1.001,1,1
5,0,28,2,N,nb22,1595,-0.914,1.849,1,1
5,0,28,2,N,nb23,1595,1.867,0.751,1,1
5,0,28,2,N,nb24,1595,-1.52,-1.628,2,1
5,0,28,2,N,nb25,1595,-0.793,1.73,3,0
5,0,28,2,N,nb26,1595,-0.122,0.126,1,1
5,0,28,2,N,nb27,1595,1.656,0.527,1,1
5,0,28,2,N,nb28,1595,-1.195,-1.377,2,1
5,0,28,2,N,nb29,1595,-1.547,-1.338,1,1
5,0,28,2,A,aa0,1595,0.193,1.326,1,0
5,0,28,2,A,aa1,1595,1.386,-1.865,0,0
5,0,28,2,N,nb0,1600,-0.973,1.593,1,1
5,0,28,2,N,nb1,1600,-1.699,1.655,3,1
5,0,28,2,N,nb2,1600,-1.807,1.211,1,1
5,0,28,2,N,nb3,1600,-0.265,-0.023,1,1
5,0,28,2,N,nb4,1600,0.367,-1.203,1,1
5,0,28,2,N,nb5,1600,0.15,-1.566,1,1
5,0,28,2,N,nb6,1600,1.567,0.847,1,1
5,0,28,2,N,nb7,1600,-1.667,-1.544,2,1
5,0,28,2,N,nb8,1600,-0.065,-1.532,1,1
5,0,28,2,N,nb9,1600,-1.699,1.847,3,1
5,0,28,2,N,nb10,1600,-0.645,1.864,1,1
5,0,28,2,N,nb11,1600,-1.167,-1.148,1,1
5,0,28,2,N,nb12,1600,-1.865,-0.306,1,1
5,0,28,2,N,nb13,1600,-1.865,-0.062,1,1
5,0,28,2,N,nb14,1600,-1.795,1.446,2,1
5,0,28,2,N,nb15,1600,-0.274,1.255,1,1
5,0,28,2,N,nb16,1600,-1.327,-1.586,2,1
5,0,28,2,N,nb17,1600,-0.043,1.314,1,1
5,0,28,2,N,nb18,1600,-1.866,1.865,2,1
5,0,28,2,N,nb19,1600,1.71,0.687,3,1
5,0,28,2,N,nb20,1600,-1.863,1.696,3,1
5,0,28,2,N,nb21,1600,0.292,-1.001,1,1
5,0,28,2,N,nb22,1600,-0.914,1.849,1,1
5,0,28,2,N,nb23,1600,1.867,0.751,1,1
5,0,28,2,N,nb24,1600,-1.52,-1.628,2,1
5,0,28,2,N,nb25,1600,-0.793,1.73,3,1
5,0,28,2,N,nb26,1600,-0.122,0.126,1,1
5,0,28,2,N,nb27,1600,1.656,0.527,1,1
5,0,28,2,N,nb28,1600,-1.195,-1.377,2,1
5,0,28,2,N,nb29,1600,-1.547,-1.338,1,1
5,0,28,2,A,aa0,1600,0.146,1.403,0,0
5,0,28,2,A,aa1,1600,1.469,-1.865,0,0
5,0,28,2,N,nb0,1605,-0.973,1.593,1,1
5,0,28,2,N,nb1,1605,-1.699,1.655,3,1
5,0,28,2,N,nb2,1605,-1.807,1.211,1,1
5,0,28,2,N,nb3,1605,-0.265,-0.023,1,1
5,0,28,2,N,nb4,1605,0.367,-1.203,1,1
5,0,28,2,N,nb5,1605,0.15,-1.566,1,1
5,0,28,2,N,nb6,1605,1.567,0.847,1,1
5,0,28,2,N,nb7,1605,-1.667,-1.544,2,1
5,0,28,2,N,nb8,1605,-0.065,-1.532,1,1
5,0,28,2,N,nb9,1605,-1.699,1.847,3,1
5,0,28,2,N,nb10,1605,-0.645,1.864,1,1
5,0,28,2,N,nb11,1605,-1.167,-1.148,1,1
5,0,28,2,N,nb12,1605,-1.865,-0.306,1,1
5,0,28,2,N,nb13,1605,-1.865,-0.062,1,1
5,0,28,2,N,nb14,1605,-1.795,1.446,2,1
5,0,28,2,N,nb15,1605,-0.274,1.255,1,1
5,0,28,2,N,nb16,1605,-1.327,-1.586,2,1
5,0,28,2,N,nb17,1605,-0.043,1.314,1,1
5,0,28,2,N,nb18,1605,-1.866,1.865,2,1
5,0,28,2,N,nb19,1605,1.71,0.687,3,1
5,0,28,2,N,nb20,1605,-1.863,1.696,3,1
5,0,28,2,N,nb21,1605,0.292,-1.001,1,1
5,0,28,2,N,nb22,1605,-0.914,1.849,1,1
5,0,28,2,N,nb23,1605,1.867,0.751,1,1
5,0,28,2,N,nb24,1605,-1.52,-1.628,2,1
5,0,28,2,N,nb25,1605,-0.793,1.73,3,1
5,0,28,2,N,nb26,1605,-0.122,0.126,1,1
5,0,28,2,N,nb27,1605,1.656,0.527,1,1
5,0,28,2,N,nb28,1605,-1.195,-1.377,2,1
5,0,28,2,N,nb29,1605,-1.547,-1.338,1,1
5,0,28,2,A,aa0,1605,0.108,1.488,1,0
5,0,28,2,A,aa1,1605,1.556,-1.865,0,0
5,0,28,2,N,nb0,1610,-0.973,1.593,1,1
5,0,28,2,N,nb1,1610,-1.699,1.655,3,1
5,0,28,2,N,nb2,1610,-1.807,1.211,1,1
5,0,28,2,N,nb3,1610,-0.265,-0.023,1,1
5,0,28,2,N,nb4,1610,0.367,-1.203,1,1
5,0,28,2,N,nb5,1610,0.15,-1.566,1,1
5,0,28,2,N,nb6,1610,1.567,0.847,1,1
5,0,28,2,N,nb7,1610,-1.667,-1.544,2,1
5,0,28,2,N,nb8,1610,-0.065,-1.532,1,1
5,0,28,2,N,nb9,1610,-1.699,1.847,3,1
5,0,28,2,N,nb10,1610,-0.645,1.864,1,1
5,0,28,2,N,nb11,1610,-1.167,-1.148,1,1
5,0,28,2,N,nb12,1610,-1.865,-0.306,1,1
5,0,28,2,N,nb13,1610,-1.865,-0.062,1,1
5,0,28,2,N,nb14,1610,-1.795,1.446,2,1
5,0,28,2,N,nb15,1610,-0.274,1.255,1,1
5,0,28,2,N,nb16,1610,-1.327,-1.586,2,1
5,0,28,2,N,nb17,1610,-0.043,1.314,1,1
5,0,28,2,N,nb18,1610,-1.866,1.865,2,1
5,0,28,2,N,nb19,1610,1.71,0.687,3,1
5,0,28,2,N,nb20,1610,-1.863,1.696,3,1
5,0,28,2,N,nb21,1610,0.292,-1.001,1,1
5,0,28,2,N,nb22,1610,-0.914,1.849,1,1
5,0,28,2,N,nb23,1610,1.867,0.751,1,1
5,0,28,2,N,nb24,1610,-1.52,-1.628,2,1
5,0,28,2,N,nb25,1610,-0.793,1.73,3,1
5,0,28,2,N,nb26,1610,-0.122,0.126,1,1
5,0,28,2,N,nb27,1610,1.656,0.527,1,1
5,0,28,2,N,nb28,1610,-1.195,-1.377,2,1
5,0,28,2,N,nb29,1610,-1.547,-1.338,1,1
5,0,28,2,A,aa0,1610,0.076,1.578,2,0
5,0,28,2,A,aa1,1610,1.647,-1.865,0,0
5,0,28,2,N,nb0,1615,-0.973,1.593,1,1
5,0,28,2,N,nb1,1615,-1.699,1.655,3,1
5,0,28,2,N,nb2,1615,-1.807,1.211,1,1
5,0,28,2,N,nb3,1615,-0.265,-0.023,1,1
5,0,28,2,N,nb4,1615,0.367,-1.203,1,1
5,0,28,2,N,nb5,1615,0.15,-1.566,1,0
5,0,28,2,N,nb6,1615,1.567,0.847,1,0
5,0,28,2,N,nb7,1615,-1.667,-1.544,2,1
5,0,28,2,N,nb8,1615,-0.065,-1.532,1,0
5,0,28,2,N,nb9,1615,-1.699,1.847,3,1
5,0,28,2,N,nb10,1615,-0.645,1.864,1,1
5,0,28,2,N,nb11,1615,-1.167,-1.148,1,1
5,0,28,2,N,nb12,1615,-1.865,-0.306,1,1
5,0,28,2,N,nb13,1615,-1.865,-0.062,1,1
5,0,28,2,N,nb14,1615,-1.795,1.446,2,1
5,0,28,2,N,nb15,1615,-0.274,1.255,1,1
5,0,28,2,N,nb16,1615,-1.327,-1.586,2,1
5,0,28,2,N,nb17,1615,-0.043,1.314,1,1
5,0,28,2,N,nb18,1615,-1.866,1.865,2,1
5,0,28,2,N,nb19,1615,1.71,0.687,3,1
5,0,28,2,N,nb20,1615,-1.863,1.696,3,1
5,0,28,2,N,nb21,1615,0.292,-1.001,1,1
5,0,28,2,N,nb22,1615,-0.914,1.849,1,1
5,0,28,2,N,nb23,1615,1.867,0.751,1,0
5,0,28,2,N,nb24,1615,-1.52,-1.628,2,1
5,0,28,2,N,nb25,1615,-0.793,1.73,3,1
5,0,28,2,N,nb26,1615,-0.122,0.126,1,0
5,0,28,2,N,nb27,1615,1.656,0.527,1,0
5,0,28,2,N,nb28,1615,-1.195,-1.377,2,1
5,0,28,2,N,nb29,1615,-1.547,-1.338,1,1
5,0,28,2,A,aa0,1615,0.046,1.674,2,0
5,0,28,2,A,aa1,1615,1.65,-1.865,0,0
5,0,28,2,N,nb0,1620,-0.973,1.593,1,1
5,0,28,2,N,nb1,1620,-1.699,1.655,3,1
5,0,28,2,N,nb2,1620,-1.807,1.211,1,1
5,0,28,2,N,nb3,1620,-0.265,-0.023,1,1
5,0,28,2,N,nb4,1620,0.367,-1.203,1,1
5,0,28,2,N,nb5,1620,0.15,-1.566,1,1
5,0,28,2,N,nb6,1620,1.567,0.847,1,1
5,0,28,2,N,nb7,1620,-1.667,-1.544,2,1
5,0,28,2,N,nb8,1620,-0.065,-1.532,1,1
5,0,28,2,N,nb9,1620,-1.699,1.847,3,1
5,0,28,2,N,nb10,1620,-0.645,1.864,1,1
5,0,28,2,N,nb11,1620,-1.167,-1.148,1,1
5,0,28,2,N,nb12,1620,-1.865,-0.306,1,1
5,0,28,2,N,nb13,1620,-1.865,-0.062,1,1
5,0,28,2,N,nb14,1620,-1.795,1.446,2,1
5,0,28,2,N,nb15,1620,-0.274,1.255,1,1
5,0,28,2,N,nb16,1620,-1.327,-1.586,2,1
5,0,28,2,N,nb17,1620,-0.043,1.314,1,1
5,0,28,2,N,nb18,1620,-1.866,1.865,2,1
5,0,28,2,N,nb19,1620,1.71,0.687,3,0
5,0,28,2,N,nb20,1620,-1.863,1.696,3,1
5,0,28,2,N,nb21,1620,0.292,-1.001,1,1
5,0,28,2,N,nb22,1620,-0.914,1.849,1,1
5,0,28,2,N,nb23,1620,1.867,0.751,1,1
5,0,28,2,N,nb24,1620,-1.52,-1.628,2,1
5,0,28,2,N,nb25,1620,-0.793,1.73,3,1
5,0,28,2,N,nb26,1620,-0.122,0.126,1,1
5,0,28,2,N,nb27,1620,1.656,0.527,1,1
5,0,28,2,N,nb28,1620,-1.195,-1.377,2,1
5,0,28,2,N,nb29,1620,-1.547,-1.338,1,1
5,0,28,2,A,aa0,1620,0.015,1.769,2,0
5,0,28,2,A,aa1,1620,1.68,-1.819,0,0
5,0,28,2,N,nb0,1625,-0.973,1.593,1,1
5,0,28,2,N,nb1,1625,-1.699,1.655,3,1
5,0,28,2,N,nb2,1625,-1.807,1.211,1,1
5,0,28,2,N,nb3,1625,-0.265,-0.023,1,1
5,0,28,2,N,nb4,1625,0.367,-1.203,1,1
5,0,28,2,N,nb5,1625,0.15,-1.566,1,1
5,0,28,2,N,nb6,1625,1.567,0.847,1,1
5,0,28,2,N,nb7,1625,-1.667,-1.544,2,1
5,0,28,2,N,nb8,1625,-0.065,-1.532,1,1
5,0,28,2,N,nb9,1625,-1.699,1.847,3,1
5,0,28,2,N,nb10,1625,-0.645,1.864,1,1
5,0,28,2,N,nb11,1625,-1.167,-1.148,1,1
5,0,28,2,N,nb12,1625,-1.865,-0.306,1,1
5,0,28,2,N,nb13,1625,-1.865,-0.062,1,1
5,0,28,2,N,nb14,1625,-1.795,1.446,2,1
5,0,28,2,N,nb15,1625,-0.274,1.255,1,1
5,0,28,2,N,nb16,1625,-1.327,-1.586,2,1
5,0,28,2,N,nb17,1625,-0.043,1.314,1,1
5,0,28,2,N,nb18,1625,-1.866,1.865,2,1
5,0,28,2,N,nb19,1625,1.71,0.687,3,1
5,0,28,2,N,nb20,1625,-1.863,1.696,3,1
5,0,28,2,N,nb21,1625,0.292,-1.001,1,1
5,0,28,2,N,nb22,1625,-0.914,1.849,1,0
5,0,28,2,N,nb23,1625,1.867,0.751,1,1
5,0,28,2,N,nb24,1625,-1.52,-1.628,2,1
5,0,28,2,N,nb25,1625,-0.793,1.73,3,1
5,0,28,2,N,nb26,1625,-0.122,0.126,1,1
5,0,28,2,N,nb27,1625,1.656,0.527,1,1
5,0,28,2,N,nb28,1625,-1.195,-1.377,2,1
5,0,28,2,N,nb29,1625,-1.547,-1.338,1,1
5,0,28,2,A,aa0,1625,-0.017,1.849,1,0
5,0,28,2,A,aa1,1625,1.682,-1.817,0,0
5,0,28,2,N,nb0,1630,-0.973,1.593,1,1
5,0,28,2,N,nb1,1630,-1.699,1.655,3,1
5,0,28,2,N,nb2,1630,-1.807,1.211,1,1
5,0,28,2,N,nb3,1630,-0.265,-0.023,1,1
5,0,28,2,N,nb4,1630,0.367,-1.203,1,1
5,0,28,2,N,nb5,1630,0.15,-1.566,1,1
5,0,28,2,N,nb6,1630,1.567,0.847,1,1
5,0,28,2,N,nb7,1630,-1.667,-1.544,2,1
5,0,28,2,N,nb8,1630,-0.065,-1.532,1,1
5,0,28,2,N,nb9,1630,-1.699,1.847,3,1
5,0,28,2,N,nb10,1630,-0.645,1.864,1,1
5,0,28,2,N,nb11,1630,-1.167,-1.148,1,1
5,0,28,2,N,nb12,1630,-1.865,-0.306,1,1
5,0,28,2,N,nb13,1630,-1.865,-0.062,1,1
5,0,28,2,N,nb14,1630,-1.795,1.446,2,1
5,0,28,2,N,nb15,1630,-0.274,1.255,1,1
5,0,28,2,N,nb16,1630,-1.327,-1.586,2,1
5,0,28,2,N,nb17,1630,-0.043,1.314,1,1
5,0,28,2,N,nb18,1630,-1.866,1.865,2,0
5,0,28,2,N,nb19,1630,1.71,0.687,3,1
5,0,28,2,N,nb20,1630,-1.863,1.696,3,1
5,0,28,2,N,nb21,1630,0.292,-1.001,1,1
5,0,28,2,N,nb22,1630,-0.914,1.849,1,1
5,0,28,2,N,nb23,1630,1.867,0.751,1,1
5,0,28,2,N,nb24,1630,-1.52,-1.628,2,1
5,0,28,2,N,nb25,1630,-0.793,1.73,3,1
5,0,28,2,N,nb26,1630,-0.122,0.126,1,1
5,0,28,2,N,nb27,1630,1.656,0.527,1,1
5,0,28,2,N,nb28,1630,-1.195,-1.377,2,1
5,0,28,2,N,nb29,1630,-1.547,-1.338,1,1
5,0,28,2,A,aa0,1630,-0.06,1.866,2,0
5,0,28,2,A,aa1,1630,1.663,-1.787,0,0
5,0,28,2,N,nb0,1635,-0.973,1.593,1,1
5,0,28,2,N,nb1,1635,-1.699,1.655,3,1
5,0,28,2,N,nb2,1635,-1.807,1.211,1,1
5,0,28,2,N,nb3,1635,-0.265,-0.023,1,1
5,0,28,2,N,nb4,1635,0.367,-1.203,1,1
5,0,28,2,N,nb5,1635,0.15,-1.566,1,1
5,0,28,2,N,nb6,1635,1.567,0.847,1,1
5,0,28,2,N,nb7,1635,-1.667,-1.544,2,1
5,0,28,2,N,nb8,1635,-0.065,-1.532,1,1
5,0,28,2,N,nb9,1635,-1.699,1.847,3,1
5,0,28,2,N,nb10,1635,-0.645,1.864,1,1
5,0,28,2,N,nb11,1635,-1.167,-1.148,1,1
5,0,28,2,N,nb12,1635,-1.865,-0.306,1,1
5,0,28,2,N,nb13,1635,-1.865,-0.062,1,1
5,0,28,2,N,nb14,1635,-1.795,1.446,2,1
5,0,28,2,N,nb15,1635,-0.274,1.255,1,1
5,0,28,2,N,nb16,1635,-1.327,-1.586,2,1
5,0,28,2,N,nb17,1635,-0.043,1.314,1,1
5,0,28,2,N,nb18,1635,-1.866,1.865,2,1
5,0,28,2,N,nb19,1635,1.71,0.687,3,1
5,0,28,2,N,nb20,1635,-1.863,1.696,3,1
5,0,28,2,N,nb21,1635,0.292,-1.001,1,1
5,0,28,2,N,nb22,1635,-0.914,1.849,1,1
5,0,28,2,N,nb23,1635,1.867,0.751,1,1
5,0,28,2,N,nb24,1635,-1.52,-1.628,2,1
5,0,28,2,N,nb25,1635,-0.793,1.73,3,1
5,0,28,2,N,nb26,1635,-0.122,0.126,1,1
5,0,28,2,N,nb27,1635,1.656,0.527,1,1
5,0,28,2,N,nb28,1635,-1.195,-1.377,2,1
5,0,28,2,N,nb29,1635,-1.547,-1.338,1,1
5,0,28,2,A,aa0,1635,-0.115,1.866,2,0
5,0,28,2,A,aa1,1635,1.611,-1.702,0,0
5,0,28,2,N,nb0,1640,-0.973,1.593,1,1
5,0,28,2,N,nb1,1640,-1.699,1.655,3,1
5,0,28,2,N,nb2,1640,-1.807,1.211,1,1
5,0,28,2,N,nb3,1640,-0.265,-0.023,1,1
5,0,28,2,N,nb4,1640,0.367,-1.203,1,1
5,0,28,2,N,nb5,1640,0.15,-1.566,1,1
5,0,28,2,N,nb6,1640,1.567,0.847,1,1
5,0,28,2,N,nb7,1640,-1.667,-1.544,2,0
5,0,28,2,N,nb8,1640,-0.065,-1.532,1,1
5,0,28,2,N,nb9,1640,-1.699,1.847,3,1
5,0,28,2,N,nb10,1640,-0.645,1.864,1,1
5,0,28,2,N,nb11,1640,-1.167,-1.148,1,1
5,0,28,2,N,nb12,1640,-1.865,-0.306,1,1
5,0,28,2,N,nb13,1640,-1.865,-0.062,1,1
5,0,28,2,N,nb14,1640,-1.795,1.446,2,1
5,0,28,2,N,nb15,1640,-0.274,1.255,1,1
5,0,28,2,N,nb16,1640,-1.327,-1.586,2,1
5,0,28,2,N,nb17,1640,-0.043,1.314,1,1
5,0,28,2,N,nb18,1640,-1.866,1.865,2,1
5,0,28,2,N,nb19,1640,1.71,0.687,3,1
5,0,28,2,N,nb20,1640,-1.863,1.696,3,1
5,0,28,2,N,nb21,1640,0.292,-1.001,1,1
5,0,28,2,N,nb22,1640,-0.914,1.849,1,1
5,0,28,2,N,nb23,1640,1.867,0.751,1,1
5,0,28,2,N,nb24,1640,-1.52,-1.628,2,1
5,0,28,2,N,nb25,1640,-0.793,1.73,3,1
5,0,28,2,N,nb26,1640,-0.122,0.126,1,1
5,0,28,2,N,nb27,1640,1.656,0.527,1,1
5,0,28,2,N,nb28,1640,-1.195,-1.377,2,1
5,0,28,2,N,nb29,1640,-1.547,-1.338,1,0
5,0,28,2,A,aa0,1640,-0.169,1.866,2,0
5,0,28,2,A,aa1,1640,1.559,-1.617,0,0
5,0,28,2,N,nb0,1645,-0.973,1.593,1,1
5,0,28,2,N,nb1,1645,-1.699,1.655,3,1
5,0,28,2,N,nb2,1645,-1.807,1.211,1,1
5,0,28,2,N,nb3,1645,-0.265,-0.023,1,1
5,0,28,2,N,nb4,1645,0.367,-1.203,1,1
5,0,28,2,N,nb5,1645,0.15,-1.566,1,1
5,0,28,2,N,nb6,1645,1.567,0.847,1,1
5,0,28,2,N,nb7,1645,-1.667,-1.544,2,1
5,0,28,2,N,nb8,1645,-0.065,-1.532,1,1
5,0,28,2,N,nb9,1645,-1.699,1.847,3,1
5,0,28,2,N,nb10,1645,-0.645,1.864,1,1
5,0,28,2,N,nb11,1645,-1.167,-1.148,1,1
5,0,28,2,N,nb12,1645,-1.865,-0.306,1,1
5,0,28,2,N,nb13,1645,-1.865,-0.062,1,1
5,0,28,2,N,nb14,1645,-1.795,1.446,2,1
5,0,28,2,N,nb15,1645,-0.274,1.255,1,1
5,0,28,2,N,nb16,1645,-1.327,-1.586,2,1
5,0,28,2,N,nb17,1645,-0.043,1.314,1,1
5,0,28,2,N,nb18,1645,-1.866,1.865,2,1
5,0,28,2,N,nb19,1645,1.71,0.687,3,1
5,0,28,2,N,nb20,1645,-1.863,1.696,3,1
5,0,28,2,N,nb21,1645,0.292,-1.001,1,1
5,0,28,2,N,nb22,1645,-0.914,1.849,1,1
5,0,28,2,N,nb23,1645,1.867,0.751,1,1
5,0,28,2,N,nb24,1645,-1.52,-1.628,2,1
5,0,28,2,N,nb25,1645,-0.793,1.73,3,1
5,0,28,2,N,nb26,1645,-0.122,0.126,1,1
5,0,28,2,N,nb27,1645,1.656,0.527,1,1
5,0,28,2,N,nb28,1645,-1.195,-1.377,2,1
5,0,28,2,N,nb29,1645,-1.547,-1.338,1,1
5,0,28,2,A,aa0,1645,-0.169,1.866,2,0
5,0,28,2,A,aa1,1645,1.508,-1.531,0,0
5,0,28,2,N,nb0,1650,-0.973,1.593,1,1
5,0,28,2,N,nb1,1650,-1.699,1.655,3,1
5,0,28,2,N,nb2,1650,-1.807,1.211,1,1
5,0,28,2,N,nb3,1650,-0.265,-0.023,1,1
5,0,28,2,N,nb4,1650,0.367,-1.203,1,1
5,0,28,2,N,nb5,1650,0.15,-1.566,1,1
5,0,28,2,N,nb6,1650,1.567,0.847,1,1
5,0,28,2,N,nb7,1650,-1.667,-1.544,2,1
5,0,28,2,N,nb8,1650,-0.065,-1.532,1,1
5,0,28,2,N,nb9,1650,-1.699,1.847,3,1
5,0,28,2,N,nb10,1650,-0.645,1.864,1,0
5,0,28,2,N,nb11,1650,-1.167,-1.148,1,1
5,0,28,2,N,nb12,1650,-1.865,-0.306,1,1
5,0,28,2,N,nb13,1650,-1.865,-0.062,1,1
5,0,28,2,N,nb14,1650,-1.795,1.446,2,1
5,0,28,2,N,nb15,1650,-0.274,1.255,1,0
5,0,28,2,N,nb16,1650,-1.327,-1.586,2,1
5,0,28,2,N,nb17,1650,-0.043,1.314,1,0
5,0,28,2,N,nb18,1650,-1.866,1.865,2,1
5,0,28,2,N,nb19,1650,1.71,0.687,3,1
5,0,28,2,N,nb20,1650,-1.863,1.696,3,1
5,0,28,2,N,nb21,1650,0.292,-1.001,1,1
5,0,28,2,N,nb22,1650,-0.914,1.849,1,1
5,0,28,2,N,nb23,1650,1.867,0.751,1,1
5,0,28,2,N,nb24,1650,-1.52,-1.628,2,1
5,0,28,2,N,nb25,1650,-0.793,1.73,3,0
5,0,28,2,N,nb26,1650,-0.122,0.126,1,1
5,0,28,2,N,nb27,1650,1.656,0.527,1,1
5,0,28,2,N,nb28,1650,-1.195,-1.377,2,1
5,0,28,2,N,nb29,1650,-1.547,-1.338,1,1
5,0,28,2,A,aa0,1650,-0.255,1.839,4,1
5,0,28,2,A,aa1,1650,1.456,-1.445,0,0
5,0,28,2,N,nb0,1655,-0.982,1.581,1,1
5,0,28,2,N,nb1,1655,-1.699,1.655,3,1
5,0,28,2,N,nb2,1655,-1.807,1.211,1,1
5,0,28,2,N,nb3,1655,-0.265,-0.023,1,1
5,0,28,2,N,nb4,1655,0.367,-1.203,1,0
5,0,28,2,N,nb5,1655,0.15,-1.566,1,1
5,0,28,2,N,nb6,1655,1.567,0.847,1,1
5,0,28,2,N,nb7,1655,-1.667,-1.544,2,1
5,0,28,2,N,nb8,1655,-0.065,-1.532,1,1
5,0,28,2,N,nb9,1655,-1.699,1.847,3,1
5,0,28,2,N,nb10,1655,-0.733,1.853,2,0
5,0,28,2,N,nb11,1655,-1.167,-1.148,1,1
5,0,28,2,N,nb12,1655,-1.865,-0.306,1,1
5,0,28,2,N,nb13,1655,-1.865,-0.062,1,1
5,0,28,2,N,nb14,1655,-1.795,1.446,2,1
5,0,28,2,N,nb15,1655,-0.279,1.164,1,0
5,0,28,2,N,nb16,1655,-1.327,-1.586,2,1
5,0,28,2,N,nb17,1655,-0.111,1.266,1,0
5,0,28,2,N,nb18,1655,-1.866,1.865,2,1
5,0,28,2,N,nb19,1655,1.71,0.687,3,1
5,0,28,2,N,nb20,1655,-1.863,1.696,3,1
5,0,28,2,N,nb21,1655,0.292,-1.001,1,0
5,0,28,2,N,nb22,1655,-0.914,1.849,2,1
5,0,28,2,N,nb23,1655,1.867,0.751,1,1
5,0,28,2,N,nb24,1655,-1.52,-1.628,2,1
5,0,28,2,N,nb25,1655,-0.847,1.682,3,0
5,0,28,2,N,nb26,1655,-0.122,0.126,1,1
5,0,28,2,N,nb27,1655,1.656,0.527,1,1
5,0,28,2,N,nb28,1655,-1.195,-1.377,2,1
5,0,28,2,N,nb29,1655,-1.547,-1.338,1,1
5,0,28,2,A,aa0,1655,-0.342,1.802,0,0
5,0,28,2,A,aa1,1655,1.404,-1.36,0,0
5,0,28,2,N,nb0,1660,-1.007,1.542,1,1
5,0,28,2,N,nb1,1660,-1.699,1.655,3,1
5,0,28,2,N,nb2,1660,-1.807,1.211,1,1
5,0,28,2,N,nb3,1660,-0.265,-0.023,1,1
5,0,28,2,N,nb4,1660,0.367,-1.203,1,1
5,0,28,2,N,nb5,1660,0.15,-1.566,1,1
5,0,28,2,N,nb6,1660,1.567,0.847,1,1
5,0,28,2,N,nb7,1660,-1.667,-1.544,2,1
5,0,28,2,N,nb8,1660,-0.065,-1.532,1,1
5,0,28,2,N,nb9,1660,-1.699,1.847,3,1
5,0,28,2,N,nb10,1660,-0.782,1.846,2,1
5,0,28,2,N,nb11,1660,-1.167,-1.148,1,1
5,0,28,2,N,nb12,1660,-1.865,-0.306,1,1
5,0,28,2,N,nb13,1660,-1.865,-0.062,1,1
5,0,28,2,N,nb14,1660,-1.795,1.446,2,1
5,0,28,2,N,nb15,1660,-0.29,1.069,1,1
5,0,28,2,N,nb16,1660,-1.327,-1.586,2,1
5,0,28,2,N,nb17,1660,-0.169,1.204,1,1
5,0,28,2,N,nb18,1660,-1.866,1.865,2,1
5,0,28,2,N,nb19,1660,1.71,0.687,3,1
5,0,28,2,N,nb20,1660,-1.863,1.696,3,1
5,0,28,2,N,nb21,1660,0.292,-1.001,1,1
5,0,28,2,N,nb22,1660,-0.951,1.833,2,1
5,0,28,2,N,nb23,1660,1.867,0.751,1,1
5,0,28,2,N,nb24,1660,-1.52,-1.628,2,1
5,0,28,2,N,nb25,1660,-0.879,1.652,3,1
5,0,28,2,N,nb26,1660,-0.122,0.126,1,1
5,0,28,2,N,nb27,1660,1.656,0.527,1,1
5,0,28,2,N,nb28,1660,-1.195,-1.377,2,1
5,0,28,2,N,nb29,1660,-1.547,-1.338,1,1
5,0,28,2,A,aa0,1660,-0.426,1.759,0,0
5,0,28,2,A,aa1,1660,1.353,-1.274,0,0
5,0,28,2,N,nb0,1665,-1.008,1.542,1,1
5,0,28,2,N,nb1,1665,-1.699,1.655,3,1
5,0,28,2,N,nb2,1665,-1.807,1.211,1,1
5,0,28,2,N,nb3,1665,-0.265,-0.023,1,1
5,0,28,2,N,nb4,1665,0.367,-1.203,1,1
5,0,28,2,N,nb5,1665,0.15,-1.566,1,1
5,0,28,2,N,nb6,1665,1.567,0.847,1,1
5,0,28,2,N,nb7,1665,-1.667,-1.544,2,1
5,0,28,2,N,nb8,1665,-0.065,-1.532,1,1
5,0,28,2,N,nb9,1665,-1.699,1.847,3,1
5,0,28,2,N,nb10,1665,-0.783,1.846,2,1
5,0,28,2,N,nb11,1665,-1.167,-1.148,1,1
5,0,28,2,N,nb12,1665,-1.865,-0.306,1,1
5,0,28,2,N,nb13,1665,-1.865,-0.062,1,1
5,0,28,2,N,nb14,1665,-1.795,1.446,2,1
5,0,28,2,N,nb15,1665,-0.291,1.066,1,1
5,0,28,2,N,nb16,1665,-1.327,-1.586,2,1
5,0,28,2,N,nb17,1665,-0.17,1.202,1,1
5,0,28,2,N,nb18,1665,-1.866,1.865,2,1
5,0,28,2,N,nb19,1665,1.71,0.687,3,1
5,0,28,2,N,nb20,1665,-1.863,1.696,3,1
5,0,28,2,N,nb21,1665,0.292,-1.001,1,1
5,0,28,2,N,nb22,1665,-0.951,1.832,2,1
5,0,28,2,N,nb23,1665,1.867,0.751,1,1
5,0,28,2,N,nb24,1665,-1.52,-1.628,2,1
5,0,28,2,N,nb25,1665,-0.88,1.652,3,1
5,0,28,2,N,nb26,1665,-0.122,0.126,1,1
5,0,28,2,N,nb27,1665,1.656,0.527,1,1
5,0,28,2,N,nb28,1665,-1.195,-1.377,2,1
5,0,28,2,N,nb29,1665,-1.547,-1.338,1,1
5,0,28,2,A,aa0,1665,-0.513,1.709,2,0
5,0,28,2,A,aa1,1665,1.301,-1.189,0,0
5,0,28,2,N,nb0,1670,-1.008,1.542,1,1
5,0,28,2,N,nb1,1670,-1.699,1.655,3,1
5,0,28,2,N,nb2,1670,-1.807,1.211,1,0
5,0,28,2,N,nb3,1670,-0.265,-0.023,1,1
5,0,28,2,N,nb4,1670,0.367,-1.203,1,1
5,0,28,2,N,nb5,1670,0.15,-1.566,1,1
5,0,28,2,N,nb6,1670,1.567,0.847,1,1
5,0,28,2,N,nb7,1670,-1.667,-1.544,2,1
5,0,28,2,N,nb8,1670,-0.065,-1.532,1,1
5,0,28,2,N,nb9,1670,-1.699,1.847,3,1
5,0,28,2,N,nb10,1670,-0.783,1.846,2,1
5,0,28,2,N,nb11,1670,-1.167,-1.148,1,1
5,0,28,2,N,nb12,1670,-1.865,-0.306,1,1
5,0,28,2,N,nb13,1670,-1.865,-0.062,1,1
5,0,28,2,N,nb14,1670,-1.795,1.446,2,1
5,0,28,2,N,nb15,1670,-0.291,1.066,1,1
5,0,28,2,N,nb16,1670,-1.327,-1.586,2,1
5,0,28,2,N,nb17,1670,-0.17,1.202,1,1
5,0,28,2,N,nb18,1670,-1.866,1.865,2,1
5,0,28,2,N,nb19,1670,1.71,0.687,3,1
5,0,28,2,N,nb20,1670,-1.863,1.696,3,1
5,0,28,2,N,nb21,1670,0.292,-1.001,1,1
5,0,28,2,N,nb22,1670,-0.951,1.832,2,1
5,0,28,2,N,nb23,1670,1.867,0.751,1,1
5,0,28,2,N,nb24,1670,-1.52,-1.628,2,1
5,0,28,2,N,nb25,1670,-0.88,1.652,3,1
5,0,28,2,N,nb26,1670,-0.122,0.126,1,1
5,0,28,2,N,nb27,1670,1.656,0.527,1,1
5,0,28,2,N,nb28,1670,-1.195,-1.377,2,1
5,0,28,2,N,nb29,1670,-1.547,-1.338,1,1
5,0,28,2,A,aa0,1670,-0.598,1.659,3,1
5,0,28,2,A,aa1,1670,1.249,-1.103,0,0
5,0,28,2,N,nb0,1675,-1.008,1.54,1,1
5,0,28,2,N,nb1,1675,-1.699,1.655,3,1
5,0,28,2,N,nb2,1675,-1.807,1.211,1,1
5,0,28,2,N,nb3,1675,-0.265,-0.023,1,1
5,0,28,2,N,nb4,1675,0.367,-1.203,1,1
5,0,28,2,N,nb5,1675,0.15,-1.566,1,1
5,0,28,2,N,nb6,1675,1.567,0.847,1,1
5,0,28,2,N,nb7,1675,-1.667,-1.544,2,1
5,0,28,2,N,nb8,1675,-0.065,-1.532,1,1
5,0,28,2,N,nb9,1675,-1.699,1.847,3,1
5,0,28,2,N,nb10,1675,-0.782,1.83,2,0
5,0,28,2,N,nb11,1675,-1.167,-1.148,1,1
5,0,28,2,N,nb12,1675,-1.865,-0.306,1,0
5,0,28,2,N,nb13,1675,-1.865,-0.062,1,0
5,0,28,2,N,nb14,1675,-1.795,1.446,2,1
5,0,28,2,N,nb15,1675,-0.291,1.066,1,1
5,0,28,2,N,nb16,1675,-1.327,-1.586,2,1
5,0,28,2,N,nb17,1675,-0.17,1.202,1,1
5,0,28,2,N,nb18,1675,-1.866,1.865,2,1
5,0,28,2,N,nb19,1675,1.71,0.687,3,1
5,0,28,2,N,nb20,1675,-1.863,1.696,3,1
5,0,28,2,N,nb21,1675,0.292,-1.001,1,1
5,0,28,2,N,nb22,1675,-0.951,1.818,2,0
5,0,28,2,N,nb23,1675,1.867,0.751,1,1
5,0,28,2,N,nb24,1675,-1.52,-1.628,2,1
5,0,28,2,N,nb25,1675,-0.885,1.655,3,0
5,0,28,2,N,nb26,1675,-0.122,0.126,1,1
5,0,28,2,N,nb27,1675,1.656,0.527,1,1
5,0,28,2,N,nb28,1675,-1.195,-1.377,2,1
5,0,28,2,N,nb29,1675,-1.547,-1.338,1,1
5,0,28,2,A,aa0,1675,-0.672,1.608,1,0
5,0,28,2,A,aa1,1675,1.247,-1.1,0,0
5,0,28,2,N,nb0,1680,-1.026,1.493,1,1
5,0,28,2,N,nb1,1680,-1.699,1.655,3,1
5,0,28,2,N,nb2,1680,-1.807,1.211,1,1
5,0,28,2,N,nb3,1680,-0.265,-0.023,1,0
5,0,28,2,N,nb4,1680,0.367,-1.203,1,1
5,0,28,2,N,nb5,1680,0.15,-1.566,1,1
5,0,28,2,N,nb6,1680,1.567,0.847,1,1
5,0,28,2,N,nb7,1680,-1.667,-1.544,2,1
5,0,28,2,N,nb8,1680,-0.065,-1.532,1,1
5,0,28,2,N,nb9,1680,-1.699,1.847,3,1
5,0,28,2,N,nb10,1680,-0.826,1.8,2,0
5,0,28,2,N,nb11,1680,-1.167,-1.148,1,1
5,0,28,2,N,nb12,1680,-1.865,-0.306,1,1
5,0,28,2,N,nb13,1680,-1.865,-0.062,1,1
5,0,28,2,N,nb14,1680,-1.795,1.446,2,1
5,0,28,2,N,nb15,1680,-0.291,1.066,1,1
5,0,28,2,N,nb16,1680,-1.327,-1.586,2,1
5,0,28,2,N,nb17,1680,-0.17,1.202,1,1
5,0,28,2,N,nb18,1680,-1.866,1.865,2,1
5,0,28,2,N,nb19,1680,1.71,0.687,3,1
5,0,28,2,N,nb20,1680,-1.863,1.696,3,1
5,0,28,2,N,nb21,1680,0.292,-1.001,1,1
5,0,28,2,N,nb22,1680,-0.99,1.756,2,0
5,0,28,2,N,nb23,1680,1.867,0.751,1,1
5,0,28,2,N,nb24,1680,-1.52,-1.628,2,1
5,0,28,2,N,nb25,1680,-0.904,1.609,3,0
5,0,28,2,N,nb26,1680,-0.122,0.126,1,1
5,0,28,2,N,nb27,1680,1.656,0.527,1,1
5,0,28,2,N,nb28,1680,-1.195,-1.377,2,1
5,0,28,2,N,nb29,1680,-1.547,-1.338,1,1
5,0,28,2,A,aa0,1680,-0.738,1.547,1,0
5,0,28,2,A,aa1,1680,1.211,-1.104,0,0
5,0,28,2,N,nb0,1685,-1.043,1.461,1,0
5,0,28,2,N,nb1,1685,-1.699,1.655,3,1
5,0,28,2,N,nb2,1685,-1.807,1.211,1,1
5,0,28,2,N,nb3,1685,-0.265,-0.023,1,1
5,0,28,2,N,nb4,1685,0.367,-1.203,1,1
5,0,28,2,N,nb5,1685,0.15,-1.566,1,1
5,0,28,2,N,nb6,1685,1.567,0.847,1,1
5,0,28,2,N,nb7,1685,-1.667,-1.544,2,1
5,0,28,2,N,nb8,1685,-0.065,-1.532,1,1
5,0,28,2,N,nb9,1685,-1.699,1.847,3,1
5,0,28,2,N,nb10,1685,-0.853,1.778,2,0
5,0,28,2,N,nb11,1685,-1.167,-1.148,1,0
5,0,28,2,N,nb12,1685,-1.865,-0.306,1,1
5,0,28,2,N,nb13,1685,-1.865,-0.062,1,1
5,0,28,2,N,nb14,1685,-1.795,1.446,2,1
5,0,28,2,N,nb15,1685,-0.291,1.066,1,1
5,0,28,2,N,nb16,1685,-1.327,-1.586,2,0
5,0,28,2,N,nb17,1685,-0.17,1.202,1,1
5,0,28,2,N,nb18,1685,-1.866,1.865,2,1
5,0,28,2,N,nb19,1685,1.71,0.687,3,1
5,0,28,2,N,nb20,1685,-1.863,1.696,3,1
5,0,28,2,N,nb21,1685,0.292,-1.001,1,1
5,0,28,2,N,nb22,1685,-1.012,1.72,2,1
5,0,28,2,N,nb23,1685,1.867,0.751,1,1
5,0,28,2,N,nb24,1685,-1.52,-1.628,2,1
5,0,28,2,N,nb25,1685,-0.92,1.577,3,0
5,0,28,2,N,nb26,1685,-0.122,0.126,1,1
5,0,28,2,N,nb27,1685,1.656,0.527,1,1
5,0,28,2,N,nb28,1685,-1.195,-1.377,2,1
5,0,28,2,N,nb29,1685,-1.547,-1.338,1,1
5,0,28,2,A,aa0,1685,-0.783,1.477,3,1
5,0,28,2,A,aa1,1685,1.112,-1.116,0,0
5,0,28,2,N,nb0,1690,-1.106,1.418,1,0
5,0,28,2,N,nb1,1690,-1.699,1.655,3,1
5,0,28,2,N,nb2,1690,-1.807,1.211,1,1
5,0,28,2,N,nb3,1690,-0.265,-0.023,1,1
5,0,28,2,N,nb4,1690,0.367,-1.203,1,1
5,0,28,2,N,nb5,1690,0.15,-1.566,1,1
5,0,28,2,N,nb6,1690,1.567,0.847,1,1
5,0,28,2,N,nb7,1690,-1.667,-1.544,2,1
5,0,28,2,N,nb8,1690,-0.065,-1.532,1,1
5,0,28,2,N,nb9,1690,-1.699,1.847,3,1
5,0,28,2,N,nb10,1690,-0.854,1.779,1,0
5,0,28,2,N,nb11,1690,-1.167,-1.148,1,1
5,0,28,2,N,nb12,1690,-1.865,-0.306,1,1
5,0,28,2,N,nb13,1690,-1.865,-0.062,1,1
5,0,28,2,N,nb14,1690,-1.795,1.446,2,1
5,0,28,2,N,nb15,1690,-0.291,1.066,1,0
5,0,28,2,N,nb16,1690,-1.327,-1.586,2,1
5,0,28,2,N,nb17,1690,-0.17,1.202,1,0
5,0,28,2,N,nb18,1690,-1.866,1.865,2,1
5,0,28,2,N,nb19,1690,1.71,0.687,3,1
5,0,28,2,N,nb20,1690,-1.863,1.696,3,1
5,0,28,2,N,nb21,1690,0.292,-1.001,1,1
5,0,28,2,N,nb22,1690,-1.012,1.719,2,1
5,0,28,2,N,nb23,1690,1.867,0.751,1,1
5,0,28,2,N,nb24,1690,-1.52,-1.628,2,1
5,0,28,2,N,nb25,1690,-0.948,1.517,2,0
5,0,28,2,N,nb26,1690,-0.122,0.126,1,1
5,0,28,2,N,nb27,1690,1.656,0.527,1,1
5,0,28,2,N,nb28,1690,-1.195,-1.377,2,1
5,0,28,2,N,nb29,1690,-1.547,-1.338,1,1
5,0,28,2,A,aa0,1690,-0.808,1.421,0,0
5,0,28,2,A,aa1,1690,1.012,-1.127,0,0
5,0,28,2,N,nb0,1695,-1.188,1.362,1,0
5,0,28,2,N,nb1,1695,-1.699,1.655,3,1
5,0,28,2,N,nb2,1695,-1.807,1.211,1,1
5,0,28,2,N,nb3,1695,-0.265,-0.023,1,1
5,0,28,2,N,nb4,1695,0.367,-1.203,1,1
5,0,28,2,N,nb5,1695,0.15,-1.566,1,1
5,0,28,2,N,nb6,1695,1.567,0.847,1,1
5,0,28,2,N,nb7,1695,-1.667,-1.544,2,1
5,0,28,2,N,nb8,1695,-0.065,-1.532,1,1
5,0,28,2,N,nb9,1695,-1.699,1.847,3,1
5,0,28,2,N,nb10,1695,-0.849,1.763,1,0
5,0,28,2,N,nb11,1695,-1.167,-1.148,1,1
5,0,28,2,N,nb12,1695,-1.865,-0.306,1,1
5,0,28,2,N,nb13,1695,-1.865,-0.062,1,1
5,0,28,2,N,nb14,1695,-1.795,1.446,2,1
5,0,28,2,N,nb15,1695,-0.291,1.066,1,1
5,0,28,2,N,nb16,1695,-1.327,-1.586,2,1
5,0,28,2,N,nb17,1695,-0.17,1.202,1,1
5,0,28,2,N,nb18,1695,-1.866,1.865,2,1
5,0,28,2,N,nb19,1695,1.71,0.687,3,1
5,0,28,2,N,nb20,1695,-1.863,1.696,3,1
5,0,28,2,N,nb21,1695,0.292,-1.001,1,1
5,0,28,2,N,nb22,1695,-1.012,1.719,1,1
5,0,28,2,N,nb23,1695,1.867,0.751,1,1
5,0,28,2,N,nb24,1695,-1.52,-1.628,2,1
5,0,28,2,N,nb25,1695,-0.985,1.436,1,0
5,0,28,2,N,nb26,1695,-0.122,0.126,1,1
5,0,28,2,N,nb27,1695,1.656,0.527,1,1
5,0,28,2,N,nb28,1695,-1.195,-1.377,2,1
5,0,28,2,N,nb29,1695,-1.547,-1.338,1,1
5,0,28,2,A,aa0,1695,-0.801,1.403,1,0
5,0,28,2,A,aa1,1695,0.949,-1.135,1,0
5,0,28,2,N,nb0,1700,-1.207,1.349,1,1
5,0,28,2,N,nb1,1700,-1.699,1.655,3,1
5,0,28,2,N,nb2,1700,-1.807,1.211,1,1
5,0,28,2,N,nb3,1700,-0.265,-0.023,1,1
5,0,28,2,N,nb4,1700,0.367,-1.203,1,1
5,0,28,2,N,nb5,1700,0.15,-1.566,1,1
5,0,28,2,N,nb6,1700,1.567,0.847,1,1
5,0,28,2,N,nb7,1700,-1.667,-1.544,2,1
5,0,28,2,N,nb8,1700,-0.065,-1.532,1,1
5,0,28,2,N,nb9,1700,-1.699,1.847,3,1
5,0,28,2,N,nb10,1700,-0.847,1.756,1,0
5,0,28,2,N,nb11,1700,-1.167,-1.148,1,1
5,0,28,2,N,nb12,1700,-1.865,-0.306,1,1
5,0,28,2,N,nb13,1700,-1.865,-0.062,1,1
5,0,28,2,N,nb14,1700,-1.795,1.446,2,1
5,0,28,2,N,nb15,1700,-0.291,1.066,1,0
5,0,28,2,N,nb16,1700,-1.327,-1.586,2,1
5,0,28,2,N,nb17,1700,-0.17,1.202,1,1
5,0,28,2,N,nb18,1700,-1.866,1.865,2,1
5,0,28,2,N,nb19,1700,1.71,0.687,3,1
5,0,28,2,N,nb20,1700,-1.863,1.696,3,1
5,0,28,2,N,nb21,1700,0.292,-1.001,1,1
5,0,28,2,N,nb22,1700,-1.012,1.719,1,0
5,0,28,2,N,nb23,1700,1.867,0.751,1,1
5,0,28,2,N,nb24,1700,-1.52,-1.628,2,1
5,0,28,2,N,nb25,1700,-0.994,1.417,1,0
5,0,28,2,N,nb26,1700,-0.122,0.126,1,1
5,0,28,2,N,nb27,1700,1.656,0.527,1,1
5,0,28,2,N,nb28,1700,-1.195,-1.377,2,1
5,0,28,2,N,nb29,1700,-1.547,-1.338,1,1
5,0,28,2,A,aa0,1700,-0.768,1.313,4,1
5,0,28,2,A,aa1,1700,0.949,-1.135,1,0
5,0,28,2,N,nb0,1705,-1.207,1.349,1,1
5,0,28,2,N,nb1,1705,-1.699,1.655,3,1
5,0,28,2,N,nb2,1705,-1.807,1.211,1,1
5,0,28,2,N,nb3,1705,-0.265,-0.023,1,1
5,0,28,2,N,nb4,1705,0.367,-1.203,1,1
5,0,28,2,N,nb5,1705,0.15,-1.566,1,1
5,0,28,2,N,nb6,1705,1.567,0.847,1,1
5,0,28,2,N,nb7,1705,-1.667,-1.544,2,1
5,0,28,2,N,nb8,1705,-0.065,-1.532,1,1
5,0,28,2,N,nb9,1705,-1.699,1.847,3,1
5,0,28,2,N,nb10,1705,-0.822,1.71,1,0
5,0,28,2,N,nb11,1705,-1.167,-1.148,1,1
5,0,28,2,N,nb12,1705,-1.865,-0.306,1,1
5,0,28,2,N,nb13,1705,-1.865,-0.062,1,1
5,0,28,2,N,nb14,1705,-1.795,1.446,2,1
5,0,28,2,N,nb15,1705,-0.306,0.973,1,0
5,0,28,2,N,nb16,1705,-1.327,-1.586,2,1
5,0,28,2,N,nb17,1705,-0.196,1.161,1,0
5,0,28,2,N,nb18,1705,-1.866,1.865,2,1
5,0,28,2,N,nb19,1705,1.71,0.687,3,1
5,0,28,2,N,nb20,1705,-1.863,1.696,3,1
5,0,28,2,N,nb21,1705,0.292,-1.001,1,1
5,0,28,2,N,nb22,1705,-0.989,1.677,1,0
5,0,28,2,N,nb23,1705,1.867,0.751,1,1
5,0,28,2,N,nb24,1705,-1.52,-1.628,2,1
5,0,28,2,N,nb25,1705,-1.03,1.339,1,0
5,0,28,2,N,nb26,1705,-0.122,0.126,1,1
5,0,28,2,N,nb27,1705,1.656,0.527,1,1
5,0,28,2,N,nb28,1705,-1.195,-1.377,2,1
5,0,28,2,N,nb29,1705,-1.547,-1.338,1,1
5,0,28,2,A,aa0,1705,-0.729,1.223,0,0
5,0,28,2,A,aa1,1705,0.907,-1.221,1,0
5,0,28,2,N,nb0,1710,-1.207,1.349,1,1
5,0,28,2,N,nb1,1710,-1.699,1.655,3,0
5,0,28,2,N,nb2,1710,-1.807,1.211,1,1
5,0,28,2,N,nb3,1710,-0.265,-0.023,1,1
5,0,28,2,N,nb4,1710,0.367,-1.203,1,1
5,0,28,2,N,nb5,1710,0.15,-1.566,1,1
5,0,28,2,N,nb6,1710,1.567,0.847,1,1
5,0,28,2,N,nb7,1710,-1.667,-1.544,2,1
5,0,28,2,N,nb8,1710,-0.065,-1.532,1,1
5,0,28,2,N,nb9,1710,-1.699,1.847,3,0
5,0,28,2,N,nb10,1710,-0.791,1.652,1,1
5,0,28,2,N,nb11,1710,-1.167,-1.148,1,1
5,0,28,2,N,nb12,1710,-1.865,-0.306,1,1
5,0,28,2,N,nb13,1710,-1.865,-0.062,1,1
5,0,28,2,N,nb14,1710,-1.795,1.446,2,1
5,0,28,2,N,nb15,1710,-0.326,0.876,1,1
5,0,28,2,N,nb16,1710,-1.327,-1.586,2,1
5,0,28,2,N,nb17,1710,-0.229,1.083,1,0
5,0,28,2,N,nb18,1710,-1.866,1.865,2,1
5,0,28,2,N,nb19,1710,1.71,0.687,3,1
5,0,28,2,N,nb20,1710,-1.863,1.696,3,0
5,0,28,2,N,nb21,1710,0.292,-1.001,1,1
5,0,28,2,N,nb22,1710,-0.958,1.622,1,1
5,0,28,2,N,nb23,1710,1.867,0.751,1,1
5,0,28,2,N,nb24,1710,-1.52,-1.628,2,1
5,0,28,2,N,nb25,1710,-1.057,1.251,1,1
5,0,28,2,N,nb26,1710,-0.122,0.126,1,1
5,0,28,2,N,nb27,1710,1.656,0.527,1,1
5,0,28,2,N,nb28,1710,-1.195,-1.377,2,0
5,0,28,2,N,nb29,1710,-1.547,-1.338,1,1
5,0,28,2,A,aa0,1710,-0.688,1.132,0,0
5,0,28,2,A,aa1,1710,0.863,-1.311,1,0
5,0,28,2,N,nb0,1715,-1.207,1.349,1,1
5,0,28,2,N,nb1,1715,-1.699,1.655,3,1
5,0,28,2,N,nb2,1715,-1.807,1.211,1,1
5,0,28,2,N,nb3,1715,-0.265,-0.023,1,1
5,0,28,2,N,nb4,1715,0.367,-1.203,1,1
5,0,28,2,N,nb5,1715,0.15,-1.566,1,1
5,0,28,2,N,nb6,1715,1.567,0.847,1,1
5,0,28,2,N,nb7,1715,-1.667,-1.544,2,1
5,0,28,2,N,nb8,1715,-0.065,-1.532,1,1
5,0,28,2,N,nb9,1715,-1.699,1.847,3,1
5,0,28,2,N,nb10,1715,-0.788,1.639,1,0
5,0,28,2,N,nb11,1715,-1.167,-1.148,1,1
5,0,28,2,N,nb12,1715,-1.865,-0.306,1,1
5,0,28,2,N,nb13,1715,-1.865,-0.062,1,1
5,0,28,2,N,nb14,1715,-1.795,1.446,2,1
5,0,28,2,N,nb15,1715,-0.33,0.857,1,0
5,0,28,2,N,nb16,1715,-1.327,-1.586,2,1
5,0,28,2,N,nb17,1715,-0.241,1.034,1,0
5,0,28,2,N,nb18,1715,-1.866,1.865,2,1
5,0,28,2,N,nb19,1715,1.71,0.687,3,1
5,0,28,2,N,nb20,1715,-1.863,1.696,3,1
5,0,28,2,N,nb21,1715,0.292,-1.001,1,1
5,0,28,2,N,nb22,1715,-0.957,1.62,1,1
5,0,28,2,N,nb23,1715,1.867,0.751,1,1
5,0,28,2,N,nb24,1715,-1.52,-1.628,2,1
5,0,28,2,N,nb25,1715,-1.061,1.233,1,0
5,0,28,2,N,nb26,1715,-0.122,0.126,1,1
5,0,28,2,N,nb27,1715,1.656,0.527,1,1
5,0,28,2,N,nb28,1715,-1.195,-1.377,2,1
5,0,28,2,N,nb29,1715,-1.547,-1.338,1,1
5,0,28,2,A,aa0,1715,-0.648,1.04,0,0
5,0,28,2,A,aa1,1715,0.819,-1.401,1,0
5,0,28,2,N,nb0,1720,-1.207,1.349,1,1
5,0,28,2,N,nb1,1720,-1.699,1.655,3,1
5,0,28,2,N,nb2,1720,-1.807,1.211,1,1
5,0,28,2,N,nb3,1720,-0.265,-0.023,1,1
5,0,28,2,N,nb4,1720,0.367,-1.203,1,1
5,0,28,2,N,nb5,1720,0.15,-1.566,1,1
5,0,28,2,N,nb6,1720,1.567,0.847,1,1
5,0,28,2,N,nb7,1720,-1.667,-1.544,2,1
5,0,28,2,N,nb8,1720,-0.065,-1.532,1,1
5,0,28,2,N,nb9,1720,-1.699,1.847,3,1
5,0,28,2,N,nb10,1720,-0.792,1.55,1,0
5,0,28,2,N,nb11,1720,-1.167,-1.148,1,1
5,0,28,2,N,nb12,1720,-1.865,-0.306,1,1
5,0,28,2,N,nb13,1720,-1.865,-0.062,1,1
5,0,28,2,N,nb14,1720,-1.795,1.446,2,1
5,0,28,2,N,nb15,1720,-0.351,0.761,1,0
5,0,28,2,N,nb16,1720,-1.327,-1.586,2,1
5,0,28,2,N,nb17,1720,-0.246,0.947,1,0
5,0,28,2,N,nb18,1720,-1.866,1.865,2,1
5,0,28,2,N,nb19,1720,1.71,0.687,3,1
5,0,28,2,N,nb20,1720,-1.863,1.696,3,1
5,0,28,2,N,nb21,1720,0.292,-1.001,1,1
5,0,28,2,N,nb22,1720,-0.957,1.62,1,1
5,0,28,2,N,nb23,1720,1.867,0.751,1,1
5,0,28,2,N,nb24,1720,-1.52,-1.628,2,1
5,0,28,2,N,nb25,1720,-1.078,1.139,1,0
5,0,28,2,N,nb26,1720,-0.122,0.126,1,1
5,0,28,2,N,nb27,1720,1.656,0.527,1,1
5,0,28,2,N,nb28,1720,-1.195,-1.377,2,1
5,0,28,2,N,nb29,1720,-1.547,-1.338,1,1
5,0,28,2,A,aa0,1720,-0.607,0.949,0,0
5,0,28,2,A,aa1,1720,0.817,-1.404,1,0
5,0,28,2,N,nb0,1725,-1.207,1.349,0,1
5,0,28,2,N,nb1,1725,-1.699,1.655,3,1
5,0,28,2,N,nb2,1725,-1.807,1.211,1,1
5,0,28,2,N,nb3,1725,-0.265,-0.023,1,1
5,0,28,2,N,nb4,1725,0.367,-1.203,1,1
5,0,28,2,N,nb5,1725,0.15,-1.566,1,1
5,0,28,2,N,nb6,1725,1.567,0.847,1,1
5,0,28,2,N,nb7,1725,-1.667,-1.544,2,1
5,0,28,2,N,nb8,1725,-0.065,-1.532,1,1
5,0,28,2,N,nb9,1725,-1.699,1.847,3,1
5,0,28,2,N,nb10,1725,-0.792,1.471,1,1
5,0,28,2,N,nb11,1725,-1.167,-1.148,1,1
5,0,28,2,N,nb12,1725,-1.865,-0.306,1,1
5,0,28,2,N,nb13,1725,-1.865,-0.062,1,1
5,0,28,2,N,nb14,1725,-1.795,1.446,2,1
5,0,28,2,N,nb15,1725,-0.371,0.681,1,1
5,0,28,2,N,nb16,1725,-1.327,-1.586,2,1
5,0,28,2,N,nb17,1725,-0.239,0.875,1,1
5,0,28,2,N,nb18,1725,-1.866,1.865,2,1
5,0,28,2,N,nb19,1725,1.71,0.687,3,1
5,0,28,2,N,nb20,1725,-1.863,1.696,3,1
5,0,28,2,N,nb21,1725,0.292,-1.001,1,1
5,0,28,2,N,nb22,1725,-0.957,1.62,1,1
5,0,28,2,N,nb23,1725,1.867,0.751,1,1
5,0,28,2,N,nb24,1725,-1.52,-1.628,2,1
5,0,28,2,N,nb25,1725,-1.091,1.041,0,0
5,0,28,2,N,nb26,1725,-0.122,0.126,1,1
5,0,28,2,N,nb27,1725,1.656,0.527,1,1
5,0,28,2,N,nb28,1725,-1.195,-1.377,2,1
5,0,28,2,N,nb29,1725,-1.547,-1.338,1,1
5,0,28,2,A,aa0,1725,-0.566,0.857,0,0
5,0,28,2,A,aa1,1725,0.846,-1.453,1,0
5,0,28,2,N,nb0,1730,-1.254,1.318,0,0
5,0,28,2,N,nb1,1730,-1.699,1.655,3,1
5,0,28,2,N,nb2,1730,-1.807,1.211,1,1
5,0,28,2,N,nb3,1730,-0.265,-0.023,1,1
5,0,28,2,N,nb4,1730,0.367,-1.203,1,1
5,0,28,2,N,nb5,1730,0.15,-1.566,1,1
5,0,28,2,N,nb6,1730,1.567,0.847,1,1
5,0,28,2,N,nb7,1730,-1.667,-1.544,2,1
5,0,28,2,N,nb8,1730,-0.065,-1.532,1,1
5,0,28,2,N,nb9,1730,-1.699,1.847,3,1
5,0,28,2,N,nb10,1730,-0.792,1.471,1,1
5,0,28,2,N,nb11,1730,-1.167,-1.148,1,1
5,0,28,2,N,nb12,1730,-1.865,-0.306,1,1
5,0,28,2,N,nb13,1730,-1.865,-0.062,1,1
5,0,28,2,N,nb14,1730,-1.795,1.446,2,1
5,0,28,2,N,nb15,1730,-0.371,0.681,1,1
5,0,28,2,N,nb16,1730,-1.327,-1.586,2,1
5,0,28,2,N,nb17,1730,-0.239,0.875,1,1
5,0,28,2,N,nb18,1730,-1.866,1.865,2,1
5,0,28,2,N,nb19,1730,1.71,0.687,3,1
5,0,28,2,N,nb20,1730,-1.863,1.696,3,1
5,0,28,2,N,nb21,1730,0.292,-1.001,1,1
5,0,28,2,N,nb22,1730,-0.957,1.62,1,1
5,0,28,2,N,nb23,1730,1.867,0.751,1,1
5,0,28,2,N,nb24,1730,-1.52,-1.628,2,1
5,0,28,2,N,nb25,1730,-1.102,0.942,0,0
5,0,28,2,N,nb26,1730,-0.122,0.126,1,1
5,0,28,2,N,nb27,1730,1.656,0.527,1,1
5,0,28,2,N,nb28,1730,-1.195,-1.377,2,1
5,0,28,2,N,nb29,1730,-1.547,-1.338,1,1
5,0,28,2,A,aa0,1730,-0.552,0.823,2,0
5,0,28,2,A,aa1,1730,0.898,-1.538,0,0
5,0,28,2,N,nb0,1735,-1.337,1.262,0,0
5,0,28,2,N,nb1,1735,-1.699,1.655,3,1
5,0,28,2,N,nb2,1735,-1.807,1.211,1,1
5,0,28,2,N,nb3,1735,-0.265,-0.023,1,1
5,0,28,2,N,nb4,1735,0.367,-1.203,1,1
5,0,28,2,N,nb5,1735,0.15,-1.566,1,1
5,0,28,2,N,nb6,1735,1.567,0.847,1,1
5,0,28,2,N,nb7,1735,-1.667,-1.544,2,1
5,0,28,2,N,nb8,1735,-0.065,-1.532,1,1
5,0,28,2,N,nb9,1735,-1.699,1.847,3,1
5,0,28,2,N,nb10,1735,-0.792,1.471,1,1
5,0,28,2,N,nb11,1735,-1.167,-1.148,1,1
5,0,28,2,N,nb12,1735,-1.865,-0.306,1,1
5,0,28,2,N,nb13,1735,-1.865,-0.062,1,1
5,0,28,2,N,nb14,1735,-1.795,1.446,2,1
5,0,28,2,N,nb15,1735,-0.366,0.672,1,1
5,0,28,2,N,nb16,1735,-1.327,-1.586,2,1
5,0,28,2,N,nb17,1735,-0.239,0.875,1,1
5,0,28,2,N,nb18,1735,-1.866,1.865,2,1
5,0,28,2,N,nb19,1735,1.71,0.687,3,1
5,0,28,2,N,nb20,1735,-1.863,1.696,3,1
5,0,28,2,N,nb21,1735,0.292,-1.001,1,1
5,0,28,2,N,nb22,1735,-0.957,1.62,1,1
5,0,28,2,N,nb23,1735,1.867,0.751,1,1
5,0,28,2,N,nb24,1735,-1.52,-1.628,2,1
5,0,28,2,N,nb25,1735,-1.114,0.843,0,0
5,0,28,2,N,nb26,1735,-0.122,0.126,1,1
5,0,28,2,N,nb27,1735,1.656,0.527,1,1
5,0,28,2,N,nb28,1735,-1.195,-1.377,2,1
5,0,28,2,N,nb29,1735,-1.547,-1.338,1,1
5,0,28,2,A,aa0,1735,-0.505,0.768,2,0
5,0,28,2,A,aa1,1735,0.95,-1.624,0,0
5,0,28,2,N,nb0,1740,-1.421,1.207,0,0
5,0,28,2,N,nb1,1740,-1.699,1.655,3,1
5,0,28,2,N,nb2,1740,-1.807,1.211,1,1
5,0,28,2,N,nb3,1740,-0.265,-0.023,1,1
5,0,28,2,N,nb4,1740,0.367,-1.203,1,1
5,0,28,2,N,nb5,1740,0.15,-1.566,1,1
5,0,28,2,N,nb6,1740,1.567,0.847,1,1
5,0,28,2,N,nb7,1740,-1.667,-1.544,2,1
5,0,28,2,N,nb8,1740,-0.065,-1.532,1,1
5,0,28,2,N,nb9,1740,-1.699,1.847,3,1
5,0,28,2,N,nb10,1740,-0.792,1.471,1,1
5,0,28,2,N,nb11,1740,-1.167,-1.148,1,1
5,0,28,2,N,nb12,1740,-1.865,-0.306,1,1
5,0,28,2,N,nb13,1740,-1.865,-0.062,1,1
5,0,28,2,N,nb14,1740,-1.795,1.446,2,1
5,0,28,2,N,nb15,1740,-0.345,0.635,0,1
5,0,28,2,N,nb16,1740,-1.327,-1.586,2,1
5,0,28,2,N,nb17,1740,-0.239,0.875,0,1
5,0,28,2,N,nb18,1740,-1.866,1.865,2,1
5,0,28,2,N,nb19,1740,1.71,0.687,3,1
5,0,28,2,N,nb20,1740,-1.863,1.696,3,1
5,0,28,2,N,nb21,1740,0.292,-1.001,1,1
5,0,28,2,N,nb22,1740,-0.957,1.62,1,0
5,0,28,2,N,nb23,1740,1.867,0.751,1,1
5,0,28,2,N,nb24,1740,-1.52,-1.628,2,1
5,0,28,2,N,nb25,1740,-1.126,0.743,0,0
5,0,28,2,N,nb26,1740,-0.122,0.126,1,1
5,0,28,2,N,nb27,1740,1.656,0.527,1,1
5,0,28,2,N,nb28,1740,-1.195,-1.377,2,1
5,0,28,2,N,nb29,1740,-1.547,-1.338,1,1
5,0,28,2,A,aa0,1740,-0.485,0.731,2,0
5,0,28,2,A,aa1,1740,1.002,-1.709,0,0
5,0,28,2,N,nb0,1745,-1.504,1.151,0,0
5,0,28,2,N,nb1,1745,-1.699,1.655,3,1
5,0,28,2,N,nb2,1745,-1.807,1.211,1,1
5,0,28,2,N,nb3,1745,-0.265,-0.023,1,1
5,0,28,2,N,nb4,1745,0.367,-1.203,1,1
5,0,28,2,N,nb5,1745,0.15,-1.566,1,1
5,0,28,2,N,nb6,1745,1.567,0.847,1,1
5,0,28,2,N,nb7,1745,-1.667,-1.544,2,1
5,0,28,2,N,nb8,1745,-0.065,-1.532,1,1
5,0,28,2,N,nb9,1745,-1.699,1.847,3,1
5,0,28,2,N,nb10,1745,-0.792,1.471,1,1
5,0,28,2,N,nb11,1745,-1.167,-1.148,1,1
5,0,28,2,N,nb12,1745,-1.865,-0.306,1,1
5,0,28,2,N,nb13,1745,-1.865,-0.062,1,1
5,0,28,2,N,nb14,1745,-1.795,1.446,2,0
5,0,28,2,N,nb15,1745,-0.326,0.605,0,1
5,0,28,2,N,nb16,1745,-1.327,-1.586,2,1
5,0,28,2,N,nb17,1745,-0.239,0.875,0,1
5,0,28,2,N,nb18,1745,-1.866,1.865,2,1
5,0,28,2,N,nb19,1745,1.71,0.687,3,1
5,0,28,2,N,nb20,1745,-1.863,1.696,3,1
5,0,28,2,N,nb21,1745,0.292,-1.001,1,1
5,0,28,2,N,nb22,1745,-0.957,1.62,1,1
5,0,28,2,N,nb23,1745,1.867,0.751,1,1
5,0,28,2,N,nb24,1745,-1.52,-1.628,2,0
5,0,28,2,N,nb25,1745,-1.138,0.644,0,0
5,0,28,2,N,nb26,1745,-0.122,0.126,1,1
5,0,28,2,N,nb27,1745,1.656,0.527,1,1
5,0,28,2,N,nb28,1745,-1.195,-1.377,2,1
5,0,28,2,N,nb29,1745,-1.547,-1.338,1,1
5,0,28,2,A,aa0,1745,-0.478,0.679,2,0
5,0,28,2,A,aa1,1745,1.053,-1.793,0,0
5,0,28,2,N,nb0,1750,-1.583,1.098,0,0
5,0,28,2,N,nb1,1750,-1.699,1.655,3,1
5,0,28,2,N,nb2,1750,-1.807,1.211,1,1
5,0,28,2,N,nb3,1750,-0.265,-0.023,1,1
5,0,28,2,N,nb4,1750,0.367,-1.203,1,1
5,0,28,2,N,nb5,1750,0.15,-1.566,1,1
5,0,28,2,N,nb6,1750,1.567,0.847,1,1
5,0,28,2,N,nb7,1750,-1.667,-1.544,2,1
5,0,28,2,N,nb8,1750,-0.065,-1.532,1,1
5,0,28,2,N,nb9,1750,-1.699,1.847,3,1
5,0,28,2,N,nb10,1750,-0.792,1.471,1,1
5,0,28,2,N,nb11,1750,-1.167,-1.148,1,1
5,0,28,2,N,nb12,1750,-1.865,-0.306,1,1
5,0,28,2,N,nb13,1750,-1.865,-0.062,1,1
5,0,28,2,N,nb14,1750,-1.795,1.446,2,1
5,0,28,2,N,nb15,1750,-0.31,0.589,0,1
5,0,28,2,N,nb16,1750,-1.327,-1.586,2,1
5,0,28,2,N,nb17,1750,-0.239,0.875,0,1
5,0,28,2,N,nb18,1750,-1.866,1.865,2,1
5,0,28,2,N,nb19,1750,1.71,0.687,3,1
5,0,28,2,N,nb20,1750,-1.863,1.696,3,1
5,0,28,2,N,nb21,1750,0.292,-1.001,1,1
5,0,28,2,N,nb22,1750,-0.957,1.62,1,1
5,0,28,2,N,nb23,1750,1.867,0.751,1,1
5,0,28,2,N,nb24,1750,-1.52,-1.628,2,1
5,0,28,2,N,nb25,1750,-1.15,0.545,0,0
5,0,28,2,N,nb26,1750,-0.122,0.126,1,1
5,0,28,2,N,nb27,1750,1.656,0.527,1,1
5,0,28,2,N,nb28,1750,-1.195,-1.377,2,1
5,0,28,2,N,nb29,1750,-1.547,-1.338,1,1
5,0,28,2,A,aa0,1750,-0.479,0.603,3,1
5,0,28,2,A,aa1,1750,1.105,-1.862,0,0
5,0,28,2,N,nb0,1755,-1.6,1.085,1,1
5,0,28,2,N,nb1,1755,-1.699,1.655,3,1
5,0,28,2,N,nb2,1755,-1.807,1.211,2,1
5,0,28,2,N,nb3,1755,-0.265,-0.023,1,1
5,0,28,2,N,nb4,1755,0.367,-1.203,1,1
5,0,28,2,N,nb5,1755,0.15,-1.566,1,1
5,0,28,2,N,nb6,1755,1.567,0.847,1,1
5,0,28,2,N,nb7,1755,-1.667,-1.544,2,1
5,0,28,2,N,nb8,1755,-0.065,-1.532,1,1
5,0,28,2,N,nb9,1755,-1.699,1.847,3,1
5,0,28,2,N,nb10,1755,-0.792,1.471,1,1
5,0,28,2,N,nb11,1755,-1.167,-1.148,1,1
5,0,28,2,N,nb12,1755,-1.865,-0.306,1,1
5,0,28,2,N,nb13,1755,-1.865,-0.062,1,1
5,0,28,2,N,nb14,1755,-1.795,1.446,2,1
5,0,28,2,N,nb15,1755,-0.315,0.537,0,0
5,0,28,2,N,nb16,1755,-1.327,-1.586,2,1
5,0,28,2,N,nb17,1755,-0.227,0.82,0,0
5,0,28,2,N,nb18,1755,-1.866,1.865,2,1
5,0,28,2,N,nb19,1755,1.71,0.687,3,1
5,0,28,2,N,nb20,1755,-1.863,1.696,3,1
5,0,28,2,N,nb21,1755,0.292,-1.001,1,1
5,0,28,2,N,nb22,1755,-0.957,1.62,1,1
5,0,28,2,N,nb23,1755,1.867,0.751,1,1
5,0,28,2,N,nb24,1755,-1.52,-1.628,2,1
5,0,28,2,N,nb25,1755,-1.162,0.446,0,0
5,0,28,2,N,nb26,1755,-0.137,0.178,1,0
5,0,28,2,N,nb27,1755,1.656,0.527,1,1
5,0,28,2,N,nb28,1755,-1.195,-1.377,2,1
5,0,28,2,N,nb29,1755,-1.547,-1.338,1,1
5,0,28,2,A,aa0,1755,-0.483,0.512,1,0
5,0,28,2,A,aa1,1755,1.166,-1.866,0,0
5,0,28,2,N,nb0,1760,-1.6,1.085,1,1
5,0,28,2,N,nb1,1760,-1.699,1.655,3,1
5,0,28,2,N,nb2,1760,-1.807,1.211,2,1
5,0,28,2,N,nb3,1760,-0.265,-0.023,0,1
5,0,28,2,N,nb4,1760,0.367,-1.203,1,1
5,0,28,2,N,nb5,1760,0.15,-1.566,1,1
5,0,28,2,N,nb6,1760,1.567,0.847,1,1
5,0,28,2,N,nb7,1760,-1.667,-1.544,2,1
5,0,28,2,N,nb8,1760,-0.065,-1.532,1,1
5,0,28,2,N,nb9,1760,-1.699,1.847,3,1
5,0,28,2,N,nb10,1760,-0.792,1.471,1,1
5,0,28,2,N,nb11,1760,-1.167,-1.148,1,1
5,0,28,2,N,nb12,1760,-1.865,-0.306,1,1
5,0,28,2,N,nb13,1760,-1.865,-0.062,1,1
5,0,28,2,N,nb14,1760,-1.795,1.446,2,1
5,0,28,2,N,nb15,1760,-0.325,0.447,1,0
5,0,28,2,N,nb16,1760,-1.327,-1.586,2,1
5,0,28,2,N,nb17,1760,-0.207,0.722,0,0
5,0,28,2,N,nb18,1760,-1.866,1.865,2,1
5,0,28,2,N,nb19,1760,1.71,0.687,3,1
5,0,28,2,N,nb20,1760,-1.863,1.696,3,1
5,0,28,2,N,nb21,1760,0.292,-1.001,1,1
5,0,28,2,N,nb22,1760,-0.957,1.62,1,1
5,0,28,2,N,nb23,1760,1.867,0.751,1,1
5,0,28,2,N,nb24,1760,-1.52,-1.628,2,1
5,0,28,2,N,nb25,1760,-1.173,0.346,0,0
5,0,28,2,N,nb26,1760,-0.16,0.273,1,0
5,0,28,2,N,nb27,1760,1.656,0.527,1,1
5,0,28,2,N,nb28,1760,-1.195,-1.377,2,1
5,0,28,2,N,nb29,1760,-1.547,-1.338,1,1
5,0,28,2,A,aa0,1760,-0.494,0.467,1,0
5,0,28,2,A,aa1,1760,1.236,-1.866,0,0
5,0,28,2,N,nb0,1765,-1.6,1.085,1,1
5,0,28,2,N,nb1,1765,-1.699,1.655,3,1
5,0,28,2,N,nb2,1765,-1.807,1.211,2,1
5,0,28,2,N,nb3,1765,-0.265,-0.023,0,1
5,0,28,2,N,nb4,1765,0.367,-1.203,1,1
5,0,28,2,N,nb5,1765,0.15,-1.566,1,1
5,0,28,2,N,nb6,1765,1.567,0.847,1,1
5,0,28,2,N,nb7,1765,-1.667,-1.544,2,1
5,0,28,2,N,nb8,1765,-0.065,-1.532,1,1
5,0,28,2,N,nb9,1765,-1.699,1.847,3,1
5,0,28,2,N,nb10,1765,-0.792,1.471,1,1
5,0,28,2,N,nb11,1765,-1.167,-1.148,1,1
5,0,28,2,N,nb12,1765,-1.865,-0.306,1,1
5,0,28,2,N,nb13,1765,-1.865,-0.062,1,1
5,0,28,2,N,nb14,1765,-1.795,1.446,2,1
5,0,28,2,N,nb15,1765,-0.318,0.4,1,1
5,0,28,2,N,nb16,1765,-1.327,-1.586,2,1
5,0,28,2,N,nb17,1765,-0.188,0.624,0,0
5,0,28,2,N,nb18,1765,-1.866,1.865,2,1
5,0,28,2,N,nb19,1765,1.71,0.687,3,1
5,0,28,2,N,nb20,1765,-1.863,1.696,3,1
5,0,28,2,N,nb21,1765,0.292,-1.001,1,1
5,0,28,2,N,nb22,1765,-0.957,1.62,1,1
5,0,28,2,N,nb23,1765,1.867,0.751,1,1
5,0,28,2,N,nb24,1765,-1.52,-1.628,2,1
5,0,28,2,N,nb25,1765,-1.185,0.247,0,0
5,0,28,2,N,nb26,1765,-0.168,0.31,1,1
5,0,28,2,N,nb27,1765,1.656,0.527,1,1
5,0,28,2,N,nb28,1765,-1.195,-1.377,2,1
5,0,28,2,N,nb29,1765,-1.547,-1.338,1,1
5,0,28,2,A,aa0,1765,-0.48,0.451,2,0
5,0,28,2,A,aa1,1765,1.315,-1.866,0,0
5,0,28,2,N,nb0,1770,-1.6,1.085,1,1
5,0,28,2,N,nb1,1770,-1.699,1.655,3,1
5,0,28,2,N,nb2,1770,-1.807,1.211,2,1
5,0,28,2,N,nb3,1770,-0.265,-0.023,0,0
5,0,28,2,N,nb4,1770,0.367,-1.203,1,1
5,0,28,2,N,nb5,1770,0.15,-1.566,1,0
5,0,28,2,N,nb6,1770,1.567,0.847,1,0
5,0,28,2,N,nb7,1770,-1.667,-1.544,2,1
5,0,28,2,N,nb8,1770,-0.065,-1.532,1,0
5,0,28,2,N,nb9,1770,-1.699,1.847,3,1
5,0,28,2,N,nb10,1770,-0.792,1.471,1,1
5,0,28,2,N,nb11,1770,-1.167,-1.148,1,1
5,0,28,2,N,nb12,1770,-1.865,-0.306,1,1
5,0,28,2,N,nb13,1770,-1.865,-0.062,1,1
5,0,28,2,N,nb14,1770,-1.795,1.446,2,1
5,0,28,2,N,nb15,1770,-0.314,0.396,2,0
5,0,28,2,N,nb16,1770,-1.327,-1.586,2,1
5,0,28,2,N,nb17,1770,-0.183,0.604,1,0
5,0,28,2,N,nb18,1770,-1.866,1.865,2,1
5,0,28,2,N,nb19,1770,1.71,0.687,3,1
5,0,28,2,N,nb20,1770,-1.863,1.696,3,1
5,0,28,2,N,nb21,1770,0.292,-1.001,1,1
5,0,28,2,N,nb22,1770,-0.957,1.62,1,1
5,0,28,2,N,nb23,1770,1.867,0.751,1,0
5,0,28,2,N,nb24,1770,-1.52,-1.628,2,1
5,0,28,2,N,nb25,1770,-1.197,0.148,0,0
5,0,28,2,N,nb26,1770,-0.168,0.31,1,1
5,0,28,2,N,nb27,1770,1.656,0.527,1,0
5,0,28,2,N,nb28,1770,-1.195,-1.377,2,1
5,0,28,2,N,nb29,1770,-1.547,-1.338,1,1
5,0,28,2,A,aa0,1770,-0.481,0.426,3,1
5,0,28,2,A,aa1,1770,1.399,-1.866,0,0
5,0,28,2,N,nb0,1775,-1.6,1.085,1,1
5,0,28,2,N,nb1,1775,-1.699,1.655,3,1
5,0,28,2,N,nb2,1775,-1.807,1.211,2,1
5,0,28,2,N,nb3,1775,-0.247,-0.118,0,0
5,0,28,2,N,nb4,1775,0.367,-1.203,1,1
5,0,28,2,N,nb5,1775,0.15,-1.566,1,1
5,0,28,2,N,nb6,1775,1.567,0.847,1,1
5,0,28,2,N,nb7,1775,-1.667,-1.544,2,1
5,0,28,2,N,nb8,1775,-0.065,-1.532,1,1
5,0,28,2,N,nb9,1775,-1.699,1.847,3,1
5,0,28,2,N,nb10,1775,-0.792,1.471,1,1
5,0,28,2,N,nb11,1775,-1.167,-1.148,1,1
5,0,28,2,N,nb12,1775,-1.865,-0.306,1,1
5,0,28,2,N,nb13,1775,-1.865,-0.062,1,1
5,0,28,2,N,nb14,1775,-1.795,1.446,2,1
5,0,28,2,N,nb15,1775,-0.313,0.314,1,0
5,0,28,2,N,nb16,1775,-1.327,-1.586,2,1
5,0,28,2,N,nb17,1775,-0.158,0.522,1,0
5,0,28,2,N,nb18,1775,-1.866,1.865,2,1
5,0,28,2,N,nb19,1775,1.71,0.687,3,0
5,0,28,2,N,nb20,1775,-1.863,1.696,3,1
5,0,28,2,N,nb21,1775,0.292,-1.001,1,1
5,0,28,2,N,nb22,1775,-0.957,1.62,1,1
5,0,28,2,N,nb23,1775,1.867,0.751,1,1
5,0,28,2,N,nb24,1775,-1.52,-1.628,2,1
5,0,28,2,N,nb25,1775,-1.209,0.048,0,0
5,0,28,2,N,nb26,1775,-0.146,0.285,2,1
5,0,28,2,N,nb27,1775,1.656,0.527,1,1
5,0,28,2,N,nb28,1775,-1.195,-1.377,2,1
5,0,28,2,N,nb29,1775,-1.547,-1.338,1,1
5,0,28,2,A,aa0,1775,-0.481,0.38,0,0
5,0,28,2,A,aa1,1775,1.488,-1.866,0,0
5,0,28,2,N,nb0,1780,-1.6,1.085,1,1
5,0,28,2,N,nb1,1780,-1.699,1.655,3,1
5,0,28,2,N,nb2,1780,-1.807,1.211,2,1
5,0,28,2,N,nb3,1780,-0.228,-0.216,0,0
5,0,28,2,N,nb4,1780,0.367,-1.203,1,1
5,0,28,2,N,nb5,1780,0.15,-1.566,1,1
5,0,28,2,N,nb6,1780,1.567,0.847,1,1
5,0,28,2,N,nb7,1780,-1.667,-1.544,2,1
5,0,28,2,N,nb8,1780,-0.065,-1.532,1,1
5,0,28,2,N,nb9,1780,-1.699,1.847,3,1
5,0,28,2,N,nb10,1780,-0.792,1.471,1,1
5,0,28,2,N,nb11,1780,-1.167,-1.148,1,1
5,0,28,2,N,nb12,1780,-1.865,-0.306,1,1
5,0,28,2,N,nb13,1780,-1.865,-0.062,1,1
5,0,28,2,N,nb14,1780,-1.795,1.446,2,1
5,0,28,2,N,nb15,1780,-0.311,0.218,1,1
5,0,28,2,N,nb16,1780,-1.327,-1.586,2,1
5,0,28,2,N,nb17,1780,-0.12,0.448,1,1
5,0,28,2,N,nb18,1780,-1.866,1.865,2,1
5,0,28,2,N,nb19,1780,1.71,0.687,3,1
5,0,28,2,N,nb20,1780,-1.863,1.696,3,1
5,0,28,2,N,nb21,1780,0.292,-1.001,1,1
5,0,28,2,N,nb22,1780,-0.957,1.62,1,1
5,0,28,2,N,nb23,1780,1.867,0.751,1,1
5,0,28,2,N,nb24,1780,-1.52,-1.628,2,1
5,0,28,2,N,nb25,1780,-1.221,-0.051,0,0
5,0,28,2,N,nb26,1780,-0.141,0.279,2,1
5,0,28,2,N,nb27,1780,1.656,0.527,1,1
5,0,28,2,N,nb28,1780,-1.195,-1.377,2,1
5,0,28,2,N,nb29,1780,-1.547,-1.338,1,1
5,0,28,2,A,aa0,1780,-0.435,0.333,1,0
5,0,28,2,A,aa1,1780,1.58,-1.866,0,0
5,0,28,2,N,nb0,1785,-1.6,1.085,1,1
5,0,28,2,N,nb1,1785,-1.699,1.655,3,1
5,0,28,2,N,nb2,1785,-1.807,1.211,2,1
5,0,28,2,N,nb3,1785,-0.209,-0.314,0,0
5,0,28,2,N,nb4,1785,0.367,-1.203,1,1
5,0,28,2,N,nb5,1785,0.15,-1.566,1,1
5,0,28,2,N,nb6,1785,1.567,0.847,1,1
5,0,28,2,N,nb7,1785,-1.667,-1.544,2,1
5,0,28,2,N,nb8,1785,-0.065,-1.532,1,1
5,0,28,2,N,nb9,1785,-1.699,1.847,3,1
5,0,28,2,N,nb10,1785,-0.792,1.471,1,0
5,0,28,2,N,nb11,1785,-1.167,-1.148,1,1
5,0,28,2,N,nb12,1785,-1.865,-0.306,1,1
5,0,28,2,N,nb13,1785,-1.865,-0.062,1,1
5,0,28,2,N,nb14,1785,-1.795,1.446,2,1
5,0,28,2,N,nb15,1785,-0.282,0.138,1,0
5,0,28,2,N,nb16,1785,-1.327,-1.586,2,1
5,0,28,2,N,nb17,1785,-0.116,0.448,1,0
5,0,28,2,N,nb18,1785,-1.866,1.865,2,0
5,0,28,2,N,nb19,1785,1.71,0.687,3,1
5,0,28,2,N,nb20,1785,-1.863,1.696,3,1
5,0,28,2,N,nb21,1785,0.292,-1.001,1,1
5,0,28,2,N,nb22,1785,-0.957,1.62,1,1
5,0,28,2,N,nb23,1785,1.867,0.751,1,1
5,0,28,2,N,nb24,1785,-1.52,-1.628,2,1
5,0,28,2,N,nb25,1785,-1.233,-0.15,0,0
5,0,28,2,N,nb26,1785,-0.139,0.279,2,0
5,0,28,2,N,nb27,1785,1.656,0.527,1,1
5,0,28,2,N,nb28,1785,-1.195,-1.377,2,1
5,0,28,2,N,nb29,1785,-1.547,-1.338,1,1
5,0,28,2,A,aa0,1785,-0.39,0.269,0,0
5,0,28,2,A,aa1,1785,1.672,-1.86,0,0
5,0,28,2,N,nb0,1790,-1.6,1.085,1,1
5,0,28,2,N,nb1,1790,-1.699,1.655,3,1
5,0,28,2,N,nb2,1790,-1.807,1.211,2,1
5,0,28,2,N,nb3,1790,-0.19,-0.412,0,0
5,0,28,2,N,nb4,1790,0.367,-1.203,1,1
5,0,28,2,N,nb5,1790,0.15,-1.566,1,1
5,0,28,2,N,nb6,1790,1.567,0.847,1,1
5,0,28,2,N,nb7,1790,-1.667,-1.544,2,1
5,0,28,2,N,nb8,1790,-0.065,-1.532,1,1
5,0,28,2,N,nb9,1790,-1.699,1.847,3,1
5,0,28,2,N,nb10,1790,-0.792,1.471,1,1
5,0,28,2,N,nb11,1790,-1.167,-1.148,1,1
5,0,28,2,N,nb12,1790,-1.865,-0.306,1,1
5,0,28,2,N,nb13,1790,-1.865,-0.062,1,1
5,0,28,2,N,nb14,1790,-1.795,1.446,2,1
5,0,28,2,N,nb15,1790,-0.279,0.039,0,0
5,0,28,2,N,nb16,1790,-1.327,-1.586,2,1
5,0,28,2,N,nb17,1790,-0.082,0.453,1,0
5,0,28,2,N,nb18,1790,-1.866,1.865,2,1
5,0,28,2,N,nb19,1790,1.71,0.687,3,1
5,0,28,2,N,nb20,1790,-1.863,1.696,3,1
5,0,28,2,N,nb21,1790,0.292,-1.001,1,1
5,0,28,2,N,nb22,1790,-0.957,1.62,1,1
5,0,28,2,N,nb23,1790,1.867,0.751,1,1
5,0,28,2,N,nb24,1790,-1.52,-1.628,2,1
5,0,28,2,N,nb25,1790,-1.244,-0.249,0,0
5,0,28,2,N,nb26,1790,-0.128,0.29,1,0
5,0,28,2,N,nb27,1790,1.656,0.527,1,1
5,0,28,2,N,nb28,1790,-1.195,-1.377,2,1
5,0,28,2,N,nb29,1790,-1.547,-1.338,1,1
5,0,28,2,A,aa0,1790,-0.358,0.19,0,0
5,0,28,2,A,aa1,1790,1.764,-1.844,0,0
5,0,28,2,N,nb0,1795,-1.6,1.085,1,1
5,0,28,2,N,nb1,1795,-1.699,1.655,3,1
5,0,28,2,N,nb2,1795,-1.807,1.211,2,1
5,0,28,2,N,nb3,1795,-0.171,-0.51,0,0
5,0,28,2,N,nb4,1795,0.367,-1.203,1,1
5,0,28,2,N,nb5,1795,0.15,-1.566,1,1
5,0,28,2,N,nb6,1795,1.567,0.847,1,1
5,0,28,2,N,nb7,1795,-1.667,-1.544,2,0
5,0,28,2,N,nb8,1795,-0.065,-1.532,1,1
5,0,28,2,N,nb9,1795,-1.699,1.847,3,1
5,0,28,2,N,nb10,1795,-0.792,1.471,1,1
5,0,28,2,N,nb11,1795,-1.167,-1.148,1,1
5,0,28,2,N,nb12,1795,-1.865,-0.306,1,1
5,0,28,2,N,nb13,1795,-1.865,-0.062,1,1
5,0,28,2,N,nb14,1795,-1.795,1.446,2,1
5,0,28,2,N,nb15,1795,-0.275,-0.059,0,0
5,0,28,2,N,nb16,1795,-1.327,-1.586,2,1
5,0,28,2,N,nb17,1795,-0.028,0.439,1,1
5,0,28,2,N,nb18,1795,-1.866,1.865,2,1
5,0,28,2,N,nb19,1795,1.71,0.687,3,1
5,0,28,2,N,nb20,1795,-1.863,1.696,3,1
5,0,28,2,N,nb21,1795,0.292,-1.001,1,1
5,0,28,2,N,nb22,1795,-0.957,1.62,1,1
5,0,28,2,N,nb23,1795,1.867,0.751,1,1
5,0,28,2,N,nb24,1795,-1.52,-1.628,2,1
5,0,28,2,N,nb25,1795,-1.256,-0.349,0,0
5,0,28,2,N,nb26,1795,-0.147,0.318,1,1
5,0,28,2,N,nb27,1795,1.656,0.527,1,1
5,0,28,2,N,nb28,1795,-1.195,-1.377,2,1
5,0,28,2,N,nb29,1795,-1.547,-1.338,1,0
5,0,28,2,A,aa0,1795,-0.342,0.105,0,0
5,0,28,2,A,aa1,1795,1.852,-1.82,0,0
5,0,28,2,N,nb0,1800,-1.6,1.085,1,1
5,0,28,2,N,nb1,1800,-1.699,1.655,3,1
5,0,28,2,N,nb2,1800,-1.807,1.211,2,1
5,0,28,2,N,nb3,1800,-0.152,-0.609,0,0
5,0,28,2,N,nb4,1800,0.367,-1.203,1,1
5,0,28,2,N,nb5,1800,0.15,-1.566,1,1
5,0,28,2,N,nb6,1800,1.567,0.847,1,1
5,0,28,2,N,nb7,1800,-1.667,-1.544,2,1
5,0,28,2,N,nb8,1800,-0.065,-1.532,1,1
5,0,28,2,N,nb9,1800,-1.699,1.847,3,1
5,0,28,2,N,nb10,1800,-0.792,1.471,1,1
5,0,28,2,N,nb11,1800,-1.167,-1.148,1,1
5,0,28,2,N,nb12,1800,-1.865,-0.306,1,1
5,0,28,2,N,nb13,1800,-1.865,-0.062,1,1
5,0,28,2,N,nb14,1800,-1.795,1.446,2,1
5,0,28,2,N,nb15,1800,-0.268,-0.157,0,0
5,0,28,2,N,nb16,1800,-1.327,-1.586,2,1
5,0,28,2,N,nb17,1800,-0.028,0.439,1,1
5,0,28,2,N,nb18,1800,-1.866,1.865,2,1
5,0,28,2,N,nb19,1800,1.71,0.687,3,1
5,0,28,2,N,nb20,1800,-1.863,1.696,3,1
5,0,28,2,N,nb21,1800,0.292,-1.001,1,1
5,0,28,2,N,nb22,1800,-0.957,1.62,1,1
5,0,28,2,N,nb23,1800,1.867,0.751,1,1
5,0,28,2,N,nb24,1800,-1.52,-1.628,2,1
5,0,28,2,N,nb25,1800,-1.268,-0.448,0,0
5,0,28,2,N,nb26,1800,-0.147,0.318,1,1
5,0,28,2,N,nb27,1800,1.656,0.527,1,1
5,0,28,2,N,nb28,1800,-1.195,-1.377,2,1
5,0,28,2,N,nb29,1800,-1.547,-1.338,1,1
5,0,28,2,A,aa0,1800,-0.343,0.019,1,0
5,0,28,2,A,aa1,1800,1.866,-1.789,0,0
5,0,28,2,N,nb0,1805,-1.6,1.085,1,1
5,0,28,2,N,nb1,1805,-1.699,1.655,3,1
5,0,28,2,N,nb2,1805,-1.807,1.211,2,1
5,0,28,2,N,nb3,1805,-0.133,-0.707,0,0
5,0,28,2,N,nb4,1805,0.367,-1.203,1,1
5,0,28,2,N,nb5,1805,0.15,-1.566,1,1
5,0,28,2,N,nb6,1805,1.567,0.847,1,1
5,0,28,2,N,nb7,1805,-1.667,-1.544,2,1
5,0,28,2,N,nb8,1805,-0.065,-1.532,1,1
5,0,28,2,N,nb9,1805,-1.699,1.847,3,1
5,0,28,2,N,nb10,1805,-0.792,1.471,1,1
5,0,28,2,N,nb11,1805,-1.167,-1.148,1,1
5,0,28,2,N,nb12,1805,-1.865,-0.306,1,1
5,0,28,2,N,nb13,1805,-1.865,-0.062,1,1
5,0,28,2,N,nb14,1805,-1.795,1.446,2,1
5,0,28,2,N,nb15,1805,-0.259,-0.255,0,0
5,0,28,2,N,nb16,1805,-1.327,-1.586,2,1
5,0,28,2,N,nb17,1805,-0.028,0.439,1,1
5,0,28,2,N,nb18,1805,-1.866,1.865,2,1
5,0,28,2,N,nb19,1805,1.71,0.687,3,1
5,0,28,2,N,nb20,1805,-1.863,1.696,3,1
5,0,28,2,N,nb21,1805,0.292,-1.001,1,1
5,0,28,2,N,nb22,1805,-0.957,1.62,1,1
5,0,28,2,N,nb23,1805,1.867,0.751,1,1
5,0,28,2,N,nb24,1805,-1.52,-1.628,2,1
5,0,28,2,N,nb25,1805,-1.28,-0.547,0,0
5,0,28,2,N,nb26,1805,-0.147,0.318,1,1
5,0,28,2,N,nb27,1805,1.656,0.527,1,1
5,0,28,2,N,nb28,1805,-1.195,-1.377,2,1
5,0,28,2,N,nb29,1805,-1.547,-1.338,1,1
5,0,28,2,A,aa0,1805,-0.361,-0.066,1,0
5,0,28,2,A,aa1,1805,1.866,-1.745,0,0
5,0,28,2,N,nb0,1810,-1.6,1.085,1,1
5,0,28,2,N,nb1,1810,-1.699,1.655,3,1
5,0,28,2,N,nb2,1810,-1.807,1.211,2,1
5,0,28,2,N,nb3,1810,-0.114,-0.805,0,0
5,0,28,2,N,nb4,1810,0.367,-1.203,1,0
5,0,28,2,N,nb5,1810,0.15,-1.566,1,1
5,0,28,2,N,nb6,1810,1.567,0.847,1,1
5,0,28,2,N,nb7,1810,-1.667,-1.544,2,1
5,0,28,2,N,nb8,1810,-0.065,-1.532,1,1
5,0,28,2,N,nb9,1810,-1.699,1.847,3,1
5,0,28,2,N,nb10,1810,-0.792,1.471,1,1
5,0,28,2,N,nb11,1810,-1.167,-1.148,1,1
5,0,28,2,N,nb12,1810,-1.865,-0.306,1,1
5,0,28,2,N,nb13,1810,-1.865,-0.062,1,1
5,0,28,2,N,nb14,1810,-1.795,1.446,2,1
5,0,28,2,N,nb15,1810,-0.248,-0.352,0,0
5,0,28,2,N,nb16,1810,-1.327,-1.586,2,1
5,0,28,2,N,nb17,1810,-0.028,0.439,1,1
5,0,28,2,N,nb18,1810,-1.866,1.865,2,1
5,0,28,2,N,nb19,1810,1.71,0.687,3,1
5,0,28,2,N,nb20,1810,-1.863,1.696,3,1
5,0,28,2,N,nb21,1810,0.292,-1.001,1,0
5,0,28,2,N,nb22,1810,-0.957,1.62,1,1
5,0,28,2,N,nb23,1810,1.867,0.751,1,1
5,0,28,2,N,nb24,1810,-1.52,-1.628,2,1
5,0,28,2,N,nb25,1810,-1.292,-0.647,0,0
5,0,28,2,N,nb26,1810,-0.147,0.318,1,1
5,0,28,2,N,nb27,1810,1.656,0.527,1,1
5,0,28,2,N,nb28,1810,-1.195,-1.377,2,1
5,0,28,2,N,nb29,1810,-1.547,-1.338,1,1
5,0,28,2,A,aa0,1810,-0.38,-0.119,1,0
5,0,28,2,A,aa1,1810,1.866,-1.688,0,0
5,0,28,2,N,nb0,1815,-1.6,1.085,1,1
5,0,28,2,N,nb1,1815,-1.699,1.655,3,1
5,0,28,2,N,nb2,1815,-1.807,1.211,2,1
5,0,28,2,N,nb3,1815,-0.095,-0.903,0,0
5,0,28,2,N,nb4,1815,0.367,-1.203,1,1
5,0,28,2,N,nb5,1815,0.15,-1.566,1,1
5,0,28,2,N,nb6,1815,1.567,0.847,1,1
5,0,28,2,N,nb7,1815,-1.667,-1.544,2,1
5,0,28,2,N,nb8,1815,-0.065,-1.532,1,1
5,0,28,2,N,nb9,1815,-1.699,1.847,3,1
5,0,28,2,N,nb10,1815,-0.792,1.471,1,1
5,0,28,2,N,nb11,1815,-1.167,-1.148,1,1
5,0,28,2,N,nb12,1815,-1.865,-0.306,1,1
5,0,28,2,N,nb13,1815,-1.865,-0.062,1,1
5,0,28,2,N,nb14,1815,-1.795,1.446,2,1
5,0,28,2,N,nb15,1815,-0.234,-0.451,0,0
5,0,28,2,N,nb16,1815,-1.327,-1.586,2,1
5,0,28,2,N,nb17,1815,-0.028,0.439,1,1
5,0,28,2,N,nb18,1815,-1.866,1.865,2,1
5,0,28,2,N,nb19,1815,1.71,0.687,3,1
5,0,28,2,N,nb20,1815,-1.863,1.696,3,1
5,0,28,2,N,nb21,1815,0.292,-1.001,1,1
5,0,28,2,N,nb22,1815,-0.957,1.62,1,1
5,0,28,2,N,nb23,1815,1.867,0.751,1,1
5,0,28,2,N,nb24,1815,-1.52,-1.628,2,1
5,0,28,2,N,nb25,1815,-1.304,-0.746,0,0
5,0,28,2,N,nb26,1815,-0.147,0.318,1,1
5,0,28,2,N,nb27,1815,1.656,0.527,1,1
5,0,28,2,N,nb28,1815,-1.195,-1.377,2,1
5,0,28,2,N,nb29,1815,-1.547,-1.338,1,1
5,0,28,2,A,aa0,1815,-0.379,-0.195,1,0
5,0,28,2,A,aa1,1815,1.866,-1.621,0,0
5,0,28,2,N,nb0,1820,-1.6,1.085,1,1
5,0,28,2,N,nb1,1820,-1.699,1.655,3,1
5,0,28,2,N,nb2,1820,-1.807,1.211,2,1
5,0,28,2,N,nb3,1820,-0.076,-1.001,0,0
5,0,28,2,N,nb4,1820,0.367,-1.203,1,1
5,0,28,2,N,nb5,1820,0.15,-1.566,1,1
5,0,28,2,N,nb6,1820,1.567,0.847,1,1
5,0,28,2,N,nb7,1820,-1.667,-1.544,2,1
5,0,28,2,N,nb8,1820,-0.065,-1.532,1,1
5,0,28,2,N,nb9,1820,-1.699,1.847,3,1
5,0,28,2,N,nb10,1820,-0.792,1.471,1,1
5,0,28,2,N,nb11,1820,-1.167,-1.148,1,1
5,0,28,2,N,nb12,1820,-1.865,-0.306,1,1
5,0,28,2,N,nb13,1820,-1.865,-0.062,1,1
5,0,28,2,N,nb14,1820,-1.795,1.446,2,1
5,0,28,2,N,nb15,1820,-0.219,-0.55,0,0
5,0,28,2,N,nb16,1820,-1.327,-1.586,2,1
5,0,28,2,N,nb17,1820,-0.028,0.439,1,1
5,0,28,2,N,nb18,1820,-1.866,1.865,2,1
5,0,28,2,N,nb19,1820,1.71,0.687,3,1
5,0,28,2,N,nb20,1820,-1.863,1.696,3,1
5,0,28,2,N,nb21,1820,0.292,-1.001,1,1
5,0,28,2,N,nb22,1820,-0.957,1.62,1,1
5,0,28,2,N,nb23,1820,1.867,0.751,1,1
5,0,28,2,N,nb24,1820,-1.52,-1.628,2,1
5,0,28,2,N,nb25,1820,-1.315,-0.845,0,0
5,0,28,2,N,nb26,1820,-0.147,0.318,1,1
5,0,28,2,N,nb27,1820,1.656,0.527,1,1
5,0,28,2,N,nb28,1820,-1.195,-1.377,2,1
5,0,28,2,N,nb29,1820,-1.547,-1.338,1,1
5,0,28,2,A,aa0,1820,-0.377,-0.295,0,0
5,0,28,2,A,aa1,1820,1.866,-1.589,0,0
5,0,28,2,N,nb0,1825,-1.6,1.085,1,1
5,0,28,2,N,nb1,1825,-1.699,1.655,3,1
5,0,28,2,N,nb2,1825,-1.807,1.211,2,0
5,0,28,2,N,nb3,1825,-0.057,-1.099,0,0
5,0,28,2,N,nb4,1825,0.367,-1.203,1,1
5,0,28,2,N,nb5,1825,0.15,-1.566,1,1
5,0,28,2,N,nb6,1825,1.567,0.847,1,1
5,0,28,2,N,nb7,1825,-1.667,-1.544,2,1
5,0,28,2,N,nb8,1825,-0.065,-1.532,1,1
5,0,28,2,N,nb9,1825,-1.699,1.847,3,1
5,0,28,2,N,nb10,1825,-0.792,1.471,1,1
5,0,28,2,N,nb11,1825,-1.167,-1.148,1,1
5,0,28,2,N,nb12,1825,-1.865,-0.306,1,1
5,0,28,2,N,nb13,1825,-1.865,-0.062,1,1
5,0,28,2,N,nb14,1825,-1.795,1.446,2,1
5,0,28,2,N,nb15,1825,-0.205,-0.649,0,0
5,0,28,2,N,nb16,1825,-1.327,-1.586,2,1
5,0,28,2,N,nb17,1825,-0.028,0.439,1,1
5,0,28,2,N,nb18,1825,-1.866,1.865,2,1
5,0,28,2,N,nb19,1825,1.71,0.687,3,1
5,0,28,2,N,nb20,1825,-1.863,1.696,3,1
5,0,28,2,N,nb21,1825,0.292,-1.001,1,1
5,0,28,2,N,nb22,1825,-0.957,1.62,1,1
5,0,28,2,N,nb23,1825,1.867,0.751,1,1
5,0,28,2,N,nb24,1825,-1.52,-1.628,2,1
5,0,28,2,N,nb25,1825,-1.327,-0.945,0,0
5,0,28,2,N,nb26,1825,-0.147,0.318,1,1
5,0,28,2,N,nb27,1825,1.656,0.527,1,1
5,0,28,2,N,nb28,1825,-1.195,-1.377,2,1
5,0,28,2,N,nb29,1825,-1.547,-1.338,1,1
5,0,28,2,A,aa0,1825,-0.376,-0.395,0,0
5,0,28,2,A,aa1,1825,1.865,-1.5,0,0
5,0,28,2,N,nb0,1830,-1.6,1.085,1,1
5,0,28,2,N,nb1,1830,-1.699,1.655,3,1
5,0,28,2,N,nb2,1830,-1.807,1.211,2,1
5,0,28,2,N,nb3,1830,-0.038,-1.198,0,0
5,0,28,2,N,nb4,1830,0.367,-1.203,1,1
5,0,28,2,N,nb5,1830,0.15,-1.566,1,1
5,0,28,2,N,nb6,1830,1.567,0.847,1,1
5,0,28,2,N,nb7,1830,-1.667,-1.544,2,1
5,0,28,2,N,nb8,1830,-0.065,-1.532,1,1
5,0,28,2,N,nb9,1830,-1.699,1.847,3,1
5,0,28,2,N,nb10,1830,-0.792,1.471,1,1
5,0,28,2,N,nb11,1830,-1.167,-1.148,2,1
5,0,28,2,N,nb12,1830,-1.865,-0.306,1,0
5,0,28,2,N,nb13,1830,-1.865,-0.062,1,0
5,0,28,2,N,nb14,1830,-1.795,1.446,2,1
5,0,28,2,N,nb15,1830,-0.191,-0.748,0,0
5,0,28,2,N,nb16,1830,-1.327,-1.586,2,1
5,0,28,2,N,nb17,1830,-0.028,0.439,1,1
5,0,28,2,N,nb18,1830,-1.866,1.865,2,1
5,0,28,2,N,nb19,1830,1.71,0.687,3,1
5,0,28,2,N,nb20,1830,-1.863,1.696,3,1
5,0,28,2,N,nb21,1830,0.292,-1.001,1,1
5,0,28,2,N,nb22,1830,-0.957,1.62,1,1
5,0,28,2,N,nb23,1830,1.867,0.751,1,1
5,0,28,2,N,nb24,1830,-1.52,-1.628,2,1
5,0,28,2,N,nb25,1830,-1.33,-0.965,1,1
5,0,28,2,N,nb26,1830,-0.147,0.318,1,1
5,0,28,2,N,nb27,1830,1.656,0.527,1,1
5,0,28,2,N,nb28,1830,-1.195,-1.377,2,1
5,0,28,2,N,nb29,1830,-1.547,-1.338,1,1
5,0,28,2,A,aa0,1830,-0.375,-0.495,0,0
5,0,28,2,A,aa1,1830,1.855,-1.408,0,0
5,0,28,2,N,nb0,1835,-1.6,1.085,1,1
5,0,28,2,N,nb1,1835,-1.699,1.655,3,1
5,0,28,2,N,nb2,1835,-1.807,1.211,2,1
5,0,28,2,N,nb3,1835,-0.02,-1.293,1,1
5,0,28,2,N,nb4,1835,0.367,-1.203,1,1
5,0,28,2,N,nb5,1835,0.15,-1.566,1,1
5,0,28,2,N,nb6,1835,1.567,0.847,1,1
5,0,28,2,N,nb7,1835,-1.667,-1.544,2,1
5,0,28,2,N,nb8,1835,-0.065,-1.532,2,1
5,0,28,2,N,nb9,1835,-1.699,1.847,3,1
5,0,28,2,N,nb10,1835,-0.792,1.471,1,1
5,0,28,2,N,nb11,1835,-1.167,-1.148,2,1
5,0,28,2,N,nb12,1835,-1.865,-0.306,1,1
5,0,28,2,N,nb13,1835,-1.865,-0.062,1,1
5,0,28,2,N,nb14,1835,-1.795,1.446,2,1
5,0,28,2,N,nb15,1835,-0.176,-0.847,0,0
5,0,28,2,N,nb16,1835,-1.327,-1.586,2,1
5,0,28,2,N,nb17,1835,-0.028,0.439,1,1
5,0,28,2,N,nb18,1835,-1.866,1.865,2,1
5,0,28,2,N,nb19,1835,1.71,0.687,3,1
5,0,28,2,N,nb20,1835,-1.863,1.696,3,1
5,0,28,2,N,nb21,1835,0.292,-1.001,1,1
5,0,28,2,N,nb22,1835,-0.957,1.62,1,1
5,0,28,2,N,nb23,1835,1.867,0.751,1,1
5,0,28,2,N,nb24,1835,-1.52,-1.628,2,1
5,0,28,2,N,nb25,1835,-1.33,-0.965,1,1
5,0,28,2,N,nb26,1835,-0.147,0.318,1,1
5,0,28,2,N,nb27,1835,1.656,0.527,1,1
5,0,28,2,N,nb28,1835,-1.195,-1.377,2,1
5,0,28,2,N,nb29,1835,-1.547,-1.338,1,1
5,0,28,2,A,aa0,1835,-0.373,-0.595,0,0
5,0,28,2,A,aa1,1835,1.836,-1.317,0,0
5,0,28,2,N,nb0,1840,-1.6,1.085,1,1
5,0,28,2,N,nb1,1840,-1.699,1.655,3,1
5,0,28,2,N,nb2,1840,-1.807,1.211,2,1
5,0,28,2,N,nb3,1840,-0.019,-1.296,1,1
5,0,28,2,N,nb4,1840,0.367,-1.203,1,1
5,0,28,2,N,nb5,1840,0.15,-1.566,1,1
5,0,28,2,N,nb6,1840,1.567,0.847,1,1
5,0,28,2,N,nb7,1840,-1.667,-1.544,2,1
5,0,28,2,N,nb8,1840,-0.065,-1.532,2,1
5,0,28,2,N,nb9,1840,-1.699,1.847,3,1
5,0,28,2,N,nb10,1840,-0.792,1.471,1,1
5,0,28,2,N,nb11,1840,-1.167,-1.148,2,0
5,0,28,2,N,nb12,1840,-1.865,-0.306,1,1
5,0,28,2,N,nb13,1840,-1.865,-0.062,1,1
5,0,28,2,N,nb14,1840,-1.795,1.446,2,1
5,0,28,2,N,nb15,1840,-0.162,-0.946,0,0
5,0,28,2,N,nb16,1840,-1.327,-1.586,2,0
5,0,28,2,N,nb17,1840,-0.028,0.439,1,1
5,0,28,2,N,nb18,1840,-1.866,1.865,2,1
5,0,28,2,N,nb19,1840,1.71,0.687,3,1
5,0,28,2,N,nb20,1840,-1.863,1.696,3,1
5,0,28,2,N,nb21,1840,0.292,-1.001,1,1
5,0,28,2,N,nb22,1840,-0.957,1.62,1,1
5,0,28,2,N,nb23,1840,1.867,0.751,1,1
5,0,28,2,N,nb24,1840,-1.52,-1.628,2,1
5,0,28,2,N,nb25,1840,-1.33,-0.965,1,1
5,0,28,2,N,nb26,1840,-0.147,0.318,1,1
5,0,28,2,N,nb27,1840,1.656,0.527,1,1
5,0,28,2,N,nb28,1840,-1.195,-1.377,2,1
5,0,28,2,N,nb29,1840,-1.547,-1.338,1,1
5,0,28,2,A,aa0,1840,-0.372,-0.695,0,0
5,0,28,2,A,aa1,1840,1.808,-1.227,0,0
5,0,28,2,N,nb0,1845,-1.6,1.085,1,1
5,0,28,2,N,nb1,1845,-1.699,1.655,3,1
5,0,28,2,N,nb2,1845,-1.807,1.211,2,1
5,0,28,2,N,nb3,1845,-0.019,-1.296,1,1
5,0,28,2,N,nb4,1845,0.367,-1.203,1,1
5,0,28,2,N,nb5,1845,0.15,-1.566,1,1
5,0,28,2,N,nb6,1845,1.567,0.847,1,1
5,0,28,2,N,nb7,1845,-1.667,-1.544,2,1
5,0,28,2,N,nb8,1845,-0.065,-1.532,2,1
5,0,28,2,N,nb9,1845,-1.699,1.847,3,1
5,0,28,2,N,nb10,1845,-0.792,1.471,1,1
5,0,28,2,N,nb11,1845,-1.167,-1.148,2,1
5,0,28,2,N,nb12,1845,-1.865,-0.306,1,1
5,0,28,2,N,nb13,1845,-1.865,-0.062,1,1
5,0,28,2,N,nb14,1845,-1.795,1.446,2,1
5,0,28,2,N,nb15,1845,-0.148,-1.045,0,0
5,0,28,2,N,nb16,1845,-1.327,-1.586,2,1
5,0,28,2,N,nb17,1845,-0.028,0.439,1,1
5,0,28,2,N,nb18,1845,-1.866,1.865,2,1
5,0,28,2,N,nb19,1845,1.71,0.687,3,1
5,0,28,2,N,nb20,1845,-1.863,1.696,3,1
5,0,28,2,N,nb21,1845,0.292,-1.001,1,1
5,0,28,2,N,nb22,1845,-0.957,1.62,1,1
5,0,28,2,N,nb23,1845,1.867,0.751,1,1
5,0,28,2,N,nb24,1845,-1.52,-1.628,2,1
5,0,28,2,N,nb25,1845,-1.33,-0.965,1,1
5,0,28,2,N,nb26,1845,-0.147,0.318,1,1
5,0,28,2,N,nb27,1845,1.656,0.527,1,1
5,0,28,2,N,nb28,1845,-1.195,-1.377,2,1
5,0,28,2,N,nb29,1845,-1.547,-1.338,1,1
5,0,28,2,A,aa0,1845,-0.371,-0.795,0,0
5,0,28,2,A,aa1,1845,1.772,-1.141,0,0
5,0,28,2,N,nb0,1850,-1.6,1.085,1,1
5,0,28,2,N,nb1,1850,-1.699,1.655,3,1
5,0,28,2,N,nb2,1850,-1.807,1.211,2,1
5,0,28,2,N,nb3,1850,-0.019,-1.296,2,1
5,0,28,2,N,nb4,1850,0.367,-1.203,1,1
5,0,28,2,N,nb5,1850,0.15,-1.566,1,1
5,0,28,2,N,nb6,1850,1.567,0.847,1,1
5,0,28,2,N,nb7,1850,-1.667,-1.544,2,1
5,0,28,2,N,nb8,1850,-0.065,-1.532,2,1
5,0,28,2,N,nb9,1850,-1.699,1.847,3,1
5,0,28,2,N,nb10,1850,-0.792,1.471,1,1
5,0,28,2,N,nb11,1850,-1.167,-1.148,2,1
5,0,28,2,N,nb12,1850,-1.865,-0.306,1,1
5,0,28,2,N,nb13,1850,-1.865,-0.062,1,1
5,0,28,2,N,nb14,1850,-1.795,1.446,2,1
5,0,28,2,N,nb15,1850,-0.142,-1.084,1,1
5,0,28,2,N,nb16,1850,-1.327,-1.586,2,1
5,0,28,2,N,nb17,1850,-0.028,0.439,1,1
5,0,28,2,N,nb18,1850,-1.866,1.865,2,1
5,0,28,2,N,nb19,1850,1.71,0.687,3,1
5,0,28,2,N,nb20,1850,-1.863,1.696,3,1
5,0,28,2,N,nb21,1850,0.292,-1.001,1,1
5,0,28,2,N,nb22,1850,-0.957,1.62,1,1
5,0,28,2,N,nb23,1850,1.867,0.751,1,1
5,0,28,2,N,nb24,1850,-1.52,-1.628,2,1
5,0,28,2,N,nb25,1850,-1.33,-0.965,1,1
5,0,28,2,N,nb26,1850,-0.147,0.318,1,1
5,0,28,2,N,nb27,1850,1.656,0.527,1,1
5,0,28,2,N,nb28,1850,-1.195,-1.377,2,1
5,0,28,2,N,nb29,1850,-1.547,-1.338,1,1
5,0,28,2,A,aa0,1850,-0.369,-0.895,1,0
5,0,28,2,A,aa1,1850,1.728,-1.052,0,0
5,0,28,2,N,nb0,1855,-1.6,1.085,1,1
5,0,28,2,N,nb1,1855,-1.699,1.655,3,1
5,0,28,2,N,nb2,1855,-1.807,1.211,2,1
5,0,28,2,N,nb3,1855,-0.019,-1.296,2,1
5,0,28,2,N,nb4,1855,0.367,-1.203,1,1
5,0,28,2,N,nb5,1855,0.15,-1.566,1,1
5,0,28,2,N,nb6,1855,1.567,0.847,1,1
5,0,28,2,N,nb7,1855,-1.667,-1.544,2,1
5,0,28,2,N,nb8,1855,-0.065,-1.532,2,1
5,0,28,2,N,nb9,1855,-1.699,1.847,3,1
5,0,28,2,N,nb10,1855,-0.792,1.471,1,1
5,0,28,2,N,nb11,1855,-1.167,-1.148,2,1
5,0,28,2,N,nb12,1855,-1.865,-0.306,1,1
5,0,28,2,N,nb13,1855,-1.865,-0.062,1,1
5,0,28,2,N,nb14,1855,-1.795,1.446,2,1
5,0,28,2,N,nb15,1855,-0.142,-1.084,1,1
5,0,28,2,N,nb16,1855,-1.327,-1.586,2,1
5,0,28,2,N,nb17,1855,-0.028,0.439,1,0
5,0,28,2,N,nb18,1855,-1.866,1.865,2,1
5,0,28,2,N,nb19,1855,1.71,0.687,3,1
5,0,28,2,N,nb20,1855,-1.863,1.696,3,1
5,0,28,2,N,nb21,1855,0.292,-1.001,1,1
5,0,28,2,N,nb22,1855,-0.957,1.62,1,1
5,0,28,2,N,nb23,1855,1.867,0.751,1,1
5,0,28,2,N,nb24,1855,-1.52,-1.628,2,1
5,0,28,2,N,nb25,1855,-1.33,-0.965,1,1
5,0,28,2,N,nb26,1855,-0.147,0.318,1,0
5,0,28,2,N,nb27,1855,1.656,0.527,1,1
5,0,28,2,N,nb28,1855,-1.195,-1.377,2,1
5,0,28,2,N,nb29,1855,-1.547,-1.338,1,1
5,0,28,2,A,aa0,1855,-0.368,-0.991,1,0
5,0,28,2,A,aa1,1855,1.684,-0.962,0,0
5,0,28,2,N,nb0,1860,-1.6,1.085,1,1
5,0,28,2,N,nb1,1860,-1.699,1.655,3,1
5,0,28,2,N,nb2,1860,-1.807,1.211,2,1
5,0,28,2,N,nb3,1860,-0.016,-1.311,2,0
5,0,28,2,N,nb4,1860,0.367,-1.203,1,1
5,0,28,2,N,nb5,1860,0.15,-1.566,1,1
5,0,28,2,N,nb6,1860,1.567,0.847,1,1
5,0,28,2,N,nb7,1860,-1.667,-1.544,2,1
5,0,28,2,N,nb8,1860,-0.054,-1.542,2,0
5,0,28,2,N,nb9,1860,-1.699,1.847,3,1
5,0,28,2,N,nb10,1860,-0.792,1.471,1,1
5,0,28,2,N,nb11,1860,-1.167,-1.148,2,1
5,0,28,2,N,nb12,1860,-1.865,-0.306,1,1
5,0,28,2,N,nb13,1860,-1.865,-0.062,1,1
5,0,28,2,N,nb14,1860,-1.795,1.446,2,1
5,0,28,2,N,nb15,1860,-0.14,-1.1,1,0
5,0,28,2,N,nb16,1860,-1.327,-1.586,2,1
5,0,28,2,N,nb17,1860,-0.028,0.439,1,1
5,0,28,2,N,nb18,1860,-1.866,1.865,2,1
5,0,28,2,N,nb19,1860,1.71,0.687,3,1
5,0,28,2,N,nb20,1860,-1.863,1.696,3,1
5,0,28,2,N,nb21,1860,0.292,-1.001,1,1
5,0,28,2,N,nb22,1860,-0.957,1.62,1,1
5,0,28,2,N,nb23,1860,1.867,0.751,1,1
5,0,28,2,N,nb24,1860,-1.52,-1.628,2,1
5,0,28,2,N,nb25,1860,-1.33,-0.965,1,1
5,0,28,2,N,nb26,1860,-0.147,0.318,1,1
5,0,28,2,N,nb27,1860,1.656,0.527,1,1
5,0,28,2,N,nb28,1860,-1.195,-1.377,2,1
5,0,28,2,N,nb29,1860,-1.547,-1.338,1,1
5,0,28,2,A,aa0,1860,-0.377,-1.082,0,0
5,0,28,2,A,aa1,1860,1.639,-0.873,0,0
5,0,28,2,N,nb0,1865,-1.6,1.085,1,1
5,0,28,2,N,nb1,1865,-1.699,1.655,3,0
5,0,28,2,N,nb2,1865,-1.807,1.211,2,1
5,0,28,2,N,nb3,1865,0.012,-1.395,3,0
5,0,28,2,N,nb4,1865,0.367,-1.203,1,1
5,0,28,2,N,nb5,1865,0.163,-1.571,2,1
5,0,28,2,N,nb6,1865,1.567,0.847,1,1
5,0,28,2,N,nb7,1865,-1.667,-1.544,2,1
5,0,28,2,N,nb8,1865,-0.004,-1.601,2,0
5,0,28,2,N,nb9,1865,-1.699,1.847,3,0
5,0,28,2,N,nb10,1865,-0.792,1.471,1,1
5,0,28,2,N,nb11,1865,-1.167,-1.148,2,1
5,0,28,2,N,nb12,1865,-1.865,-0.306,1,1
5,0,28,2,N,nb13,1865,-1.865,-0.062,1,1
5,0,28,2,N,nb14,1865,-1.795,1.446,2,1
5,0,28,2,N,nb15,1865,-0.123,-1.185,1,0
5,0,28,2,N,nb16,1865,-1.327,-1.586,2,1
5,0,28,2,N,nb17,1865,-0.028,0.439,1,1
5,0,28,2,N,nb18,1865,-1.866,1.865,2,1
5,0,28,2,N,nb19,1865,1.71,0.687,3,1
5,0,28,2,N,nb20,1865,-1.863,1.696,3,0
5,0,28,2,N,nb21,1865,0.292,-1.001,1,1
5,0,28,2,N,nb22,1865,-0.957,1.62,1,1
5,0,28,2,N,nb23,1865,1.867,0.751,1,1
5,0,28,2,N,nb24,1865,-1.52,-1.628,2,1
5,0,28,2,N,nb25,1865,-1.33,-0.965,1,1
5,0,28,2,N,nb26,1865,-0.147,0.318,1,1
5,0,28,2,N,nb27,1865,1.656,0.527,1,1
5,0,28,2,N,nb28,1865,-1.195,-1.377,2,0
5,0,28,2,N,nb29,1865,-1.547,-1.338,1,1
5,0,28,2,A,aa0,1865,-0.396,-1.173,0,0
5,0,28,2,A,aa1,1865,1.595,-0.783,0,0
5,0,28,2,N,nb0,1870,-1.6,1.085,1,1
5,0,28,2,N,nb1,1870,-1.699,1.655,3,1
5,0,28,2,N,nb2,1870,-1.807,1.211,2,1
5,0,28,2,N,nb3,1870,0.044,-1.457,3,1
5,0,28,2,N,nb4,1870,0.367,-1.203,1,1
5,0,28,2,N,nb5,1870,0.176,-1.574,2,1
5,0,28,2,N,nb6,1870,1.567,0.847,1,1
5,0,28,2,N,nb7,1870,-1.667,-1.544,2,1
5,0,28,2,N,nb8,1870,0.03,-1.66,2,1
5,0,28,2,N,nb9,1870,-1.699,1.847,3,1
5,0,28,2,N,nb10,1870,-0.792,1.471,1,1
5,0,28,2,N,nb11,1870,-1.167,-1.148,2,1
5,0,28,2,N,nb12,1870,-1.865,-0.306,1,1
5,0,28,2,N,nb13,1870,-1.865,-0.062,1,1
5,0,28,2,N,nb14,1870,-1.795,1.446,2,1
5,0,28,2,N,nb15,1870,-0.103,-1.269,1,1
5,0,28,2,N,nb16,1870,-1.327,-1.586,2,1
5,0,28,2,N,nb17,1870,-0.028,0.439,1,1
5,0,28,2,N,nb18,1870,-1.866,1.865,2,1
5,0,28,2,N,nb19,1870,1.71,0.687,3,1
5,0,28,2,N,nb20,1870,-1.863,1.696,3,1
5,0,28,2,N,nb21,1870,0.292,-1.001,1,1
5,0,28,2,N,nb22,1870,-0.957,1.62,1,1
5,0,28,2,N,nb23,1870,1.867,0.751,1,1
5,0,28,2,N,nb24,1870,-1.52,-1.628,2,1
5,0,28,2,N,nb25,1870,-1.33,-0.965,1,1
5,0,28,2,N,nb26,1870,-0.147,0.318,1,1
5,0,28,2,N,nb27,1870,1.656,0.527,1,1
5,0,28,2,N,nb28,1870,-1.195,-1.377,2,1
5,0,28,2,N,nb29,1870,-1.547,-1.338,1,1
5,0,28,2,A,aa0,1870,-0.422,-1.27,0,0
5,0,28,2,A,aa1,1870,1.55,-0.694,0,0
5,0,28,2,N,nb0,1875,-1.6,1.085,1,1
5,0,28,2,N,nb1,1875,-1.699,1.655,3,1
5,0,28,2,N,nb2,1875,-1.807,1.211,2,1
5,0,28,2,N,nb3,1875,0.051,-1.466,3,0
5,0,28,2,N,nb4,1875,0.367,-1.203,1,1
5,0,28,2,N,nb5,1875,0.179,-1.578,2,1
5,0,28,2,N,nb6,1875,1.567,0.847,1,1
5,0,28,2,N,nb7,1875,-1.667,-1.544,2,1
5,0,28,2,N,nb8,1875,0.038,-1.673,2,0
5,0,28,2,N,nb9,1875,-1.699,1.847,3,1
5,0,28,2,N,nb10,1875,-0.792,1.471,1,1
5,0,28,2,N,nb11,1875,-1.167,-1.148,2,1
5,0,28,2,N,nb12,1875,-1.865,-0.306,1,1
5,0,28,2,N,nb13,1875,-1.865,-0.062,1,1
5,0,28,2,N,nb14,1875,-1.795,1.446,2,1
5,0,28,2,N,nb15,1875,-0.101,-1.286,1,0
5,0,28,2,N,nb16,1875,-1.327,-1.586,2,1
5,0,28,2,N,nb17,1875,-0.028,0.439,1,1
5,0,28,2,N,nb18,1875,-1.866,1.865,2,1
5,0,28,2,N,nb19,1875,1.71,0.687,3,1
5,0,28,2,N,nb20,1875,-1.863,1.696,3,1
5,0,28,2,N,nb21,1875,0.292,-1.001,1,1
5,0,28,2,N,nb22,1875,-0.957,1.62,1,1
5,0,28,2,N,nb23,1875,1.867,0.751,1,1
5,0,28,2,N,nb24,1875,-1.52,-1.628,2,1
5,0,28,2,N,nb25,1875,-1.33,-0.965,1,1
5,0,28,2,N,nb26,1875,-0.147,0.318,1,1
5,0,28,2,N,nb27,1875,1.656,0.527,1,1
5,0,28,2,N,nb28,1875,-1.195,-1.377,2,1
5,0,28,2,N,nb29,1875,-1.547,-1.338,1,1
5,0,28,2,A,aa0,1875,-0.448,-1.366,0,0
5,0,28,2,A,aa1,1875,1.506,-0.604,0,0
5,0,28,2,N,nb0,1880,-1.6,1.085,1,1
5,0,28,2,N,nb1,1880,-1.699,1.655,3,1
5,0,28,2,N,nb2,1880,-1.807,1.211,2,1
5,0,28,2,N,nb3,1880,0.083,-1.524,3,0
5,0,28,2,N,nb4,1880,0.367,-1.203,1,1
5,0,28,2,N,nb5,1880,0.209,-1.638,2,1
5,0,28,2,N,nb6,1880,1.567,0.847,1,1
5,0,28,2,N,nb7,1880,-1.667,-1.544,2,1
5,0,28,2,N,nb8,1880,0.085,-1.754,2,0
5,0,28,2,N,nb9,1880,-1.699,1.847,3,1
5,0,28,2,N,nb10,1880,-0.792,1.471,1,1
5,0,28,2,N,nb11,1880,-1.167,-1.148,2,1
5,0,28,2,N,nb12,1880,-1.865,-0.306,1,1
5,0,28,2,N,nb13,1880,-1.865,-0.062,1,1
5,0,28,2,N,nb14,1880,-1.795,1.446,2,1
5,0,28,2,N,nb15,1880,-0.1,-1.374,1,0
5,0,28,2,N,nb16,1880,-1.327,-1.586,2,1
5,0,28,2,N,nb17,1880,-0.028,0.439,1,1
5,0,28,2,N,nb18,1880,-1.866,1.865,2,1
5,0,28,2,N,nb19,1880,1.71,0.687,3,1
5,0,28,2,N,nb20,1880,-1.863,1.696,3,1
5,0,28,2,N,nb21,1880,0.292,-1.001,1,1
5,0,28,2,N,nb22,1880,-0.957,1.62,1,1
5,0,28,2,N,nb23,1880,1.867,0.751,1,1
5,0,28,2,N,nb24,1880,-1.52,-1.628,2,1
5,0,28,2,N,nb25,1880,-1.33,-0.965,1,1
5,0,28,2,N,nb26,1880,-0.147,0.318,1,1
5,0,28,2,N,nb27,1880,1.656,0.527,1,1
5,0,28,2,N,nb28,1880,-1.195,-1.377,2,1
5,0,28,2,N,nb29,1880,-1.547,-1.338,1,1
5,0,28,2,A,aa0,1880,-0.475,-1.463,0,0
5,0,28,2,A,aa1,1880,1.461,-0.515,0,0
5,0,28,2,N,nb0,1885,-1.6,1.085,1,1
5,0,28,2,N,nb1,1885,-1.699,1.655,3,1
5,0,28,2,N,nb2,1885,-1.807,1.211,2,1
5,0,28,2,N,nb3,1885,0.1,-1.584,3,1
5,0,28,2,N,nb4,1885,0.367,-1.203,1,1
5,0,28,2,N,nb5,1885,0.232,-1.691,2,1
5,0,28,2,N,nb6,1885,1.567,0.847,1,1
5,0,28,2,N,nb7,1885,-1.667,-1.544,2,1
5,0,28,2,N,nb8,1885,0.119,-1.824,2,1
5,0,28,2,N,nb9,1885,-1.699,1.847,3,1
5,0,28,2,N,nb10,1885,-0.792,1.471,1,1
5,0,28,2,N,nb11,1885,-1.167,-1.148,2,1
5,0,28,2,N,nb12,1885,-1.865,-0.306,1,1
5,0,28,2,N,nb13,1885,-1.865,-0.062,1,1
5,0,28,2,N,nb14,1885,-1.795,1.446,2,1
5,0,28,2,N,nb15,1885,-0.109,-1.448,1,1
5,0,28,2,N,nb16,1885,-1.327,-1.586,2,1
5,0,28,2,N,nb17,1885,-0.028,0.439,1,1
5,0,28,2,N,nb18,1885,-1.866,1.865,2,1
5,0,28,2,N,nb19,1885,1.71,0.687,3,1
5,0,28,2,N,nb20,1885,-1.863,1.696,3,1
5,0,28,2,N,nb21,1885,0.292,-1.001,1,1
5,0,28,2,N,nb22,1885,-0.957,1.62,1,1
5,0,28,2,N,nb23,1885,1.867,0.751,1,1
5,0,28,2,N,nb24,1885,-1.52,-1.628,2,1
5,0,28,2,N,nb25,1885,-1.33,-0.965,1,1
5,0,28,2,N,nb26,1885,-0.147,0.318,1,1
5,0,28,2,N,nb27,1885,1.656,0.527,1,1
5,0,28,2,N,nb28,1885,-1.195,-1.377,2,1
5,0,28,2,N,nb29,1885,-1.547,-1.338,1,1
5,0,28,2,A,aa0,1885,-0.501,-1.559,0,0
5,0,28,2,A,aa1,1885,1.416,-0.425,0,0
5,0,28,2,N,nb0,1890,-1.6,1.085,1,1
5,0,28,2,N,nb1,1890,-1.699,1.655,3,1
5,0,28,2,N,nb2,1890,-1.807,1.211,2,1
5,0,28,2,N,nb3,1890,0.1,-1.584,3,1
5,0,28,2,N,nb4,1890,0.367,-1.203,1,1
5,0,28,2,N,nb5,1890,0.232,-1.691,2,1
5,0,28,2,N,nb6,1890,1.567,0.847,1,1
5,0,28,2,N,nb7,1890,-1.667,-1.544,2,1
5,0,28,2,N,nb8,1890,0.119,-1.824,2,1
5,0,28,2,N,nb9,1890,-1.699,1.847,3,1
5,0,28,2,N,nb10,1890,-0.792,1.471,1,1
5,0,28,2,N,nb11,1890,-1.167,-1.148,2,1
5,0,28,2,N,nb12,1890,-1.865,-0.306,1,1
5,0,28,2,N,nb13,1890,-1.865,-0.062,1,1
5,0,28,2,N,nb14,1890,-1.795,1.446,2,1
5,0,28,2,N,nb15,1890,-0.109,-1.448,1,1
5,0,28,2,N,nb16,1890,-1.327,-1.586,2,1
5,0,28,2,N,nb17,1890,-0.028,0.439,1,1
5,0,28,2,N,nb18,1890,-1.866,1.865,2,1
5,0,28,2,N,nb19,1890,1.71,0.687,3,1
5,0,28,2,N,nb20,1890,-1.863,1.696,3,1
5,0,28,2,N,nb21,1890,0.292,-1.001,1,1
5,0,28,2,N,nb22,1890,-0.957,1.62,1,1
5,0,28,2,N,nb23,1890,1.867,0.751,1,1
5,0,28,2,N,nb24,1890,-1.52,-1.628,2,1
5,0,28,2,N,nb25,1890,-1.33,-0.965,1,1
5,0,28,2,N,nb26,1890,-0.147,0.318,1,1
5,0,28,2,N,nb27,1890,1.656,0.527,1,1
5,0,28,2,N,nb28,1890,-1.195,-1.377,2,1
5,0,28,2,N,nb29,1890,-1.547,-1.338,1,1
5,0,28,2,A,aa0,1890,-0.528,-1.655,1,0
5,0,28,2,A,aa1,1890,1.372,-0.336,0,0
5,0,28,2,N,nb0,1895,-1.6,1.085,1,1
5,0,28,2,N,nb1,1895,-1.699,1.655,3,1
5,0,28,2,N,nb2,1895,-1.807,1.211,2,1
5,0,28,2,N,nb3,1895,0.1,-1.584,3,1
5,0,28,2,N,nb4,1895,0.367,-1.203,1,1
5,0,28,2,N,nb5,1895,0.232,-1.691,2,1
5,0,28,2,N,nb6,1895,1.567,0.847,1,1
5,0,28,2,N,nb7,1895,-1.667,-1.544,2,1
5,0,28,2,N,nb8,1895,0.119,-1.824,2,1
5,0,28,2,N,nb9,1895,-1.699,1.847,3,1
5,0,28,2,N,nb10,1895,-0.792,1.471,1,1
5,0,28,2,N,nb11,1895,-1.167,-1.148,2,1
5,0,28,2,N,nb12,1895,-1.865,-0.306,1,1
5,0,28,2,N,nb13,1895,-1.865,-0.062,1,1
5,0,28,2,N,nb14,1895,-1.795,1.446,2,1
5,0,28,2,N,nb15,1895,-0.109,-1.448,1,1
5,0,28,2,N,nb16,1895,-1.327,-1.586,2,1
5,0,28,2,N,nb17,1895,-0.028,0.439,1,1
5,0,28,2,N,nb18,1895,-1.866,1.865,2,1
5,0,28,2,N,nb19,1895,1.71,0.687,3,1
5,0,28,2,N,nb20,1895,-1.863,1.696,3,1
5,0,28,2,N,nb21,1895,0.292,-1.001,1,1
5,0,28,2,N,nb22,1895,-0.957,1.62,1,0
5,0,28,2,N,nb23,1895,1.867,0.751,1,1
5,0,28,2,N,nb24,1895,-1.52,-1.628,2,1
5,0,28,2,N,nb25,1895,-1.33,-0.965,1,1
5,0,28,2,N,nb26,1895,-0.147,0.318,1,1
5,0,28,2,N,nb27,1895,1.656,0.527,1,1
5,0,28,2,N,nb28,1895,-1.195,-1.377,2,1
5,0,28,2,N,nb29,1895,-1.547,-1.338,1,1
5,0,28,2,A,aa0,1895,-0.554,-1.752,1,0
5,0,28,2,A,aa1,1895,1.327,-0.246,0,0
5,0,28,2,N,nb0,1900,-1.6,1.085,1,1
5,0,28,2,N,nb1,1900,-1.699,1.655,3,1
5,0,28,2,N,nb2,1900,-1.807,1.211,2,1
5,0,28,2,N,nb3,1900,0.1,-1.584,3,1
5,0,28,2,N,nb4,1900,0.367,-1.203,1,1
5,0,28,2,N,nb5,1900,0.232,-1.691,2,1
5,0,28,2,N,nb6,1900,1.567,0.847,1,1
5,0,28,2,N,nb7,1900,-1.667,-1.544,2,1
5,0,28,2,N,nb8,1900,0.119,-1.824,2,1
5,0,28,2,N,nb9,1900,-1.699,1.847,3,1
5,0,28,2,N,nb10,1900,-0.792,1.471,1,1
5,0,28,2,N,nb11,1900,-1.167,-1.148,2,1
5,0,28,2,N,nb12,1900,-1.865,-0.306,1,1
5,0,28,2,N,nb13,1900,-1.865,-0.062,1,1
5,0,28,2,N,nb14,1900,-1.795,1.446,2,0
5,0,28,2,N,nb15,1900,-0.109,-1.448,1,1
5,0,28,2,N,nb16,1900,-1.327,-1.586,2,1
5,0,28,2,N,nb17,1900,-0.028,0.439,1,1
5,0,28,2,N,nb18,1900,-1.866,1.865,2,1
5,0,28,2,N,nb19,1900,1.71,0.687,3,1
5,0,28,2,N,nb20,1900,-1.863,1.696,3,1
5,0,28,2,N,nb21,1900,0.292,-1.001,1,1
5,0,28,2,N,nb22,1900,-0.957,1.62,1,1
5,0,28,2,N,nb23,1900,1.867,0.751,1,1
5,0,28,2,N,nb24,1900,-1.52,-1.628,2,0
5,0,28,2,N,nb25,1900,-1.33,-0.965,1,1
5,0,28,2,N,nb26,1900,-0.147,0.318,1,1
5,0,28,2,N,nb27,1900,1.656,0.527,1,1
5,0,28,2,N,nb28,1900,-1.195,-1.377,2,1
5,0,28,2,N,nb29,1900,-1.547,-1.338,1,1
5,0,28,2,A,aa0,1900,-0.581,-1.836,0,0
5,0,28,2,A,aa1,1900,1.283,-0.157,0,0
5,0,28,2,N,nb0,1905,-1.6,1.085,1,0
5,0,28,2,N,nb1,1905,-1.699,1.655,3,1
5,0,28,2,N,nb2,1905,-1.807,1.211,2,1
5,0,28,2,N,nb3,1905,0.1,-1.584,3,1
5,0,28,2,N,nb4,1905,0.367,-1.203,1,1
5,0,28,2,N,nb5,1905,0.232,-1.691,2,1
5,0,28,2,N,nb6,1905,1.567,0.847,1,1
5,0,28,2,N,nb7,1905,-1.667,-1.544,2,1
5,0,28,2,N,nb8,1905,0.119,-1.824,2,1
5,0,28,2,N,nb9,1905,-1.699,1.847,3,1
5,0,28,2,N,nb10,1905,-0.792,1.471,1,1
5,0,28,2,N,nb11,1905,-1.167,-1.148,2,1
5,0,28,2,N,nb12,1905,-1.865,-0.306,1,1
5,0,28,2,N,nb13,1905,-1.865,-0.062,1,1
5,0,28,2,N,nb14,1905,-1.795,1.446,2,1
5,0,28,2,N,nb15,1905,-0.109,-1.448,1,1
5,0,28,2,N,nb16,1905,-1.327,-1.586,2,1
5,0,28,2,N,nb17,1905,-0.028,0.439,1,1
5,0,28,2,N,nb18,1905,-1.866,1.865,2,1
5,0,28,2,N,nb19,1905,1.71,0.687,3,1
5,0,28,2,N,nb20,1905,-1.863,1.696,3,1
5,0,28,2,N,nb21,1905,0.292,-1.001,1,1
5,0,28,2,N,nb22,1905,-0.957,1.62,1,1
5,0,28,2,N,nb23,1905,1.867,0.751,1,1
5,0,28,2,N,nb24,1905,-1.52,-1.628,2,1
5,0,28,2,N,nb25,1905,-1.33,-0.965,1,1
5,0,28,2,N,nb26,1905,-0.147,0.318,1,1
5,0,28,2,N,nb27,1905,1.656,0.527,1,1
5,0,28,2,N,nb28,1905,-1.195,-1.377,2,1
5,0,28,2,N,nb29,1905,-1.547,-1.338,1,1
5,0,28,2,A,aa0,1905,-0.619,-1.866,0,0
5,0,28,2,A,aa1,1905,1.238,-0.067,0,0
5,0,28,2,N,nb0,1910,-1.6,1.085,1,1
5,0,28,2,N,nb1,1910,-1.699,1.655,3,1
5,0,28,2,N,nb2,1910,-1.807,1.211,2,1
5,0,28,2,N,nb3,1910,0.1,-1.584,3,1
5,0,28,2,N,nb4,1910,0.367,-1.203,1,1
5,0,28,2,N,nb5,1910,0.232,-1.691,2,1
5,0,28,2,N,nb6,1910,1.567,0.847,1,1
5,0,28,2,N,nb7,1910,-1.667,-1.544,2,1
5,0,28,2,N,nb8,1910,0.119,-1.824,2,1
5,0,28,2,N,nb9,1910,-1.699,1.847,3,1
5,0,28,2,N,nb10,1910,-0.792,1.471,1,1
5,0,28,2,N,nb11,1910,-1.167,-1.148,2,1
5,0,28,2,N,nb12,1910,-1.865,-0.306,1,1
5,0,28,2,N,nb13,1910,-1.865,-0.062,1,1
5,0,28,2,N,nb14,1910,-1.795,1.446,2,1
5,0,28,2,N,nb15,1910,-0.109,-1.448,1,1
5,0,28,2,N,nb16,1910,-1.327,-1.586,2,1
5,0,28,2,N,nb17,1910,-0.028,0.439,1,1
5,0,28,2,N,nb18,1910,-1.866,1.865,2,1
5,0,28,2,N,nb19,1910,1.71,0.687,3,1
5,0,28,2,N,nb20,1910,-1.863,1.696,3,1
5,0,28,2,N,nb21,1910,0.292,-1.001,1,1
5,0,28,2,N,nb22,1910,-0.957,1.62,1,1
5,0,28,2,N,nb23,1910,1.867,0.751,1,1
5,0,28,2,N,nb24,1910,-1.52,-1.628,2,1
5,0,28,2,N,nb25,1910,-1.33,-0.965,1,1
5,0,28,2,N,nb26,1910,-0.147,0.318,1,1
5,0,28,2,N,nb27,1910,1.656,0.527,1,1
5,0,28,2,N,nb28,1910,-1.195,-1.377,2,1
5,0,28,2,N,nb29,1910,-1.547,-1.338,1,1
5,0,28,2,A,aa0,1910,-0.669,-1.866,0,0
5,0,28,2,A,aa1,1910,1.194,0.022,0,0
5,0,28,2,N,nb0,1915,-1.6,1.085,1,1
5,0,28,2,N,nb1,1915,-1.699,1.655,3,1
5,0,28,2,N,nb2,1915,-1.807,1.211,2,1
5,0,28,2,N,nb3,1915,0.1,-1.584,3,1
5,0,28,2,N,nb4,1915,0.367,-1.203,1,1
5,0,28,2,N,nb5,1915,0.232,-1.691,2,1
5,0,28,2,N,nb6,1915,1.567,0.847,1,1
5,0,28,2,N,nb7,1915,-1.667,-1.544,2,1
5,0,28,2,N,nb8,1915,0.119,-1.824,2,1
5,0,28,2,N,nb9,1915,-1.699,1.847,3,1
5,0,28,2,N,nb10,1915,-0.792,1.471,1,1
5,0,28,2,N,nb11,1915,-1.167,-1.148,2,1
5,0,28,2,N,nb12,1915,-1.865,-0.306,1,1
5,0,28,2,N,nb13,1915,-1.865,-0.062,1,1
5,0,28,2,N,nb14,1915,-1.795,1.446,2,1
5,0,28,2,N,nb15,1915,-0.109,-1.448,1,1
5,0,28,2,N,nb16,1915,-1.327,-1.586,2,1
5,0,28,2,N,nb17,1915,-0.028,0.439,1,1
5,0,28,2,N,nb18,1915,-1.866,1.865,2,1
5,0,28,2,N,nb19,1915,1.71,0.687,3,1
5,0,28,2,N,nb20,1915,-1.863,1.696,3,1
5,0,28,2,N,nb21,1915,0.292,-1.001,1,1
5,0,28,2,N,nb22,1915,-0.957,1.62,1,1
5,0,28,2,N,nb23,1915,1.867,0.751,1,1
5,0,28,2,N,nb24,1915,-1.52,-1.628,2,1
5,0,28,2,N,nb25,1915,-1.33,-0.965,1,1
5,0,28,2,N,nb26,1915,-0.147,0.318,1,1
5,0,28,2,N,nb27,1915,1.656,0.527,1,1
5,0,28,2,N,nb28,1915,-1.195,-1.377,2,1
5,0,28,2,N,nb29,1915,-1.547,-1.338,1,1
5,0,28,2,A,aa0,1915,-0.732,-1.866,0,0
5,0,28,2,A,aa1,1915,1.149,0.112,0,0
5,0,28,2,N,nb0,1920,-1.6,1.085,1,1
5,0,28,2,N,nb1,1920,-1.699,1.655,3,1
5,0,28,2,N,nb2,1920,-1.807,1.211,2,1
5,0,28,2,N,nb3,1920,0.1,-1.584,3,1
5,0,28,2,N,nb4,1920,0.367,-1.203,1,1
5,0,28,2,N,nb5,1920,0.232,-1.691,2,1
5,0,28,2,N,nb6,1920,1.567,0.847,1,1
5,0,28,2,N,nb7,1920,-1.667,-1.544,2,1
5,0,28,2,N,nb8,1920,0.119,-1.824,2,1
5,0,28,2,N,nb9,1920,-1.699,1.847,3,1
5,0,28,2,N,nb10,1920,-0.792,1.471,1,1
5,0,28,2,N,nb11,1920,-1.167,-1.148,2,1
5,0,28,2,N,nb12,1920,-1.865,-0.306,1,1
5,0,28,2,N,nb13,1920,-1.865,-0.062,1,1
5,0,28,2,N,nb14,1920,-1.795,1.446,2,1
5,0,28,2,N,nb15,1920,-0.109,-1.448,1,1
5,0,28,2,N,nb16,1920,-1.327,-1.586,2,1
5,0,28,2,N,nb17,1920,-0.028,0.439,1,1
5,0,28,2,N,nb18,1920,-1.866,1.865,2,1
5,0,28,2,N,nb19,1920,1.71,0.687,3,1
5,0,28,2,N,nb20,1920,-1.863,1.696,3,1
5,0,28,2,N,nb21,1920,0.292,-1.001,1,1
5,0,28,2,N,nb22,1920,-0.957,1.62,1,1
5,0,28,2,N,nb23,1920,1.867,0.751,1,1
5,0,28,2,N,nb24,1920,-1.52,-1.628,2,1
5,0,28,2,N,nb25,1920,-1.33,-0.965,1,1
5,0,28,2,N,nb26,1920,-0.147,0.318,1,1
5,0,28,2,N,nb27,1920,1.656,0.527,1,1
5,0,28,2,N,nb28,1920,-1.195,-1.377,2,1
5,0,28,2,N,nb29,1920,-1.547,-1.338,1,1
5,0,28,2,A,aa0,1920,-0.804,-1.866,1,0
5,0,28,2,A,aa1,1920,1.105,0.201,0,0
5,0,28,2,N,nb0,1925,-1.6,1.085,1,1
5,0,28,2,N,nb1,1925,-1.699,1.655,3,1
5,0,28,2,N,nb2,1925,-1.807,1.211,2,1
5,0,28,2,N,nb3,1925,0.1,-1.584,3,1
5,0,28,2,N,nb4,1925,0.367,-1.203,1,1
5,0,28,2,N,nb5,1925,0.232,-1.691,2,0
5,0,28,2,N,nb6,1925,1.567,0.847,1,0
5,0,28,2,N,nb7,1925,-1.667,-1.544,2,1
5,0,28,2,N,nb8,1925,0.119,-1.824,2,1
5,0,28,2,N,nb9,1925,-1.699,1.847,3,1
5,0,28,2,N,nb10,1925,-0.792,1.471,1,1
5,0,28,2,N,nb11,1925,-1.167,-1.148,2,1
5,0,28,2,N,nb12,1925,-1.865,-0.306,1,1
5,0,28,2,N,nb13,1925,-1.865,-0.062,1,1
5,0,28,2,N,nb14,1925,-1.795,1.446,2,1
5,0,28,2,N,nb15,1925,-0.109,-1.448,1,1
5,0,28,2,N,nb16,1925,-1.327,-1.586,2,1
5,0,28,2,N,nb17,1925,-0.028,0.439,1,1
5,0,28,2,N,nb18,1925,-1.866,1.865,2,1
5,0,28,2,N,nb19,1925,1.71,0.687,3,1
5,0,28,2,N,nb20,1925,-1.863,1.696,3,1
5,0,28,2,N,nb21,1925,0.292,-1.001,1,1
5,0,28,2,N,nb22,1925,-0.957,1.62,1,1
5,0,28,2,N,nb23,1925,1.867,0.751,1,0
5,0,28,2,N,nb24,1925,-1.52,-1.628,2,1
5,0,28,2,N,nb25,1925,-1.33,-0.965,1,1
5,0,28,2,N,nb26,1925,-0.147,0.318,1,1
5,0,28,2,N,nb27,1925,1.656,0.527,1,0
5,0,28,2,N,nb28,1925,-1.195,-1.377,2,1
5,0,28,2,N,nb29,1925,-1.547,-1.338,1,1
5,0,28,2,A,aa0,1925,-0.884,-1.866,2,0
5,0,28,2,A,aa1,1925,1.06,0.291,0,0
5,0,28,2,N,nb0,1930,-1.6,1.085,1,1
5,0,28,2,N,nb1,1930,-1.699,1.655,3,1
5,0,28,2,N,nb2,1930,-1.807,1.211,2,1
5,0,28,2,N,nb3,1930,0.1,-1.584,3,1
5,0,28,2,N,nb4,1930,0.367,-1.203,1,1
5,0,28,2,N,nb5,1930,0.232,-1.691,2,1
5,0,28,2,N,nb6,1930,1.567,0.847,1,1
5,0,28,2,N,nb7,1930,-1.667,-1.544,2,1
5,0,28,2,N,nb8,1930,0.119,-1.824,2,1
5,0,28,2,N,nb9,1930,-1.699,1.847,3,1
5,0,28,2,N,nb10,1930,-0.792,1.471,1,1
5,0,28,2,N,nb11,1930,-1.167,-1.148,2,1
5,0,28,2,N,nb12,1930,-1.865,-0.306,1,1
5,0,28,2,N,nb13,1930,-1.865,-0.062,1,1
5,0,28,2,N,nb14,1930,-1.795,1.446,2,1
5,0,28,2,N,nb15,1930,-0.109,-1.448,1,1
5,0,28,2,N,nb16,1930,-1.327,-1.586,2,1
5,0,28,2,N,nb17,1930,-0.028,0.439,1,1
5,0,28,2,N,nb18,1930,-1.866,1.865,2,1
5,0,28,2,N,nb19,1930,1.71,0.687,3,0
5,0,28,2,N,nb20,1930,-1.863,1.696,3,1
5,0,28,2,N,nb21,1930,0.292,-1.001,1,1
5,0,28,2,N,nb22,1930,-0.957,1.62,1,1
5,0,28,2,N,nb23,1930,1.867,0.751,1,1
5,0,28,2,N,nb24,1930,-1.52,-1.628,2,1
5,0,28,2,N,nb25,1930,-1.33,-0.965,1,1
5,0,28,2,N,nb26,1930,-0.147,0.318,1,1
5,0,28,2,N,nb27,1930,1.656,0.527,1,1
5,0,28,2,N,nb28,1930,-1.195,-1.377,2,1
5,0,28,2,N,nb29,1930,-1.547,-1.338,1,1
5,0,28,2,A,aa0,1930,-0.969,-1.866,3,1
5,0,28,2,A,aa1,1930,1.015,0.381,0,0
5,0,28,2,N,nb0,1935,-1.6,1.085,1,1
5,0,28,2,N,nb1,1935,-1.699,1.655,3,1
5,0,28,2,N,nb2,1935,-1.807,1.211,2,1
5,0,28,2,N,nb3,1935,0.1,-1.584,3,1
5,0,28,2,N,nb4,1935,0.367,-1.203,1,1
5,0,28,2,N,nb5,1935,0.232,-1.691,2,1
5,0,28,2,N,nb6,1935,1.567,0.847,1,1
5,0,28,2,N,nb7,1935,-1.668,-1.544,2,1
5,0,28,2,N,nb8,1935,0.119,-1.824,2,1
5,0,28,2,N,nb9,1935,-1.699,1.847,3,1
5,0,28,2,N,nb10,1935,-0.792,1.471,1,1
5,0,28,2,N,nb11,1935,-1.167,-1.148,2,1
5,0,28,2,N,nb12,1935,-1.865,-0.306,1,1
5,0,28,2,N,nb13,1935,-1.865,-0.062,1,1
5,0,28,2,N,nb14,1935,-1.795,1.446,2,1
5,0,28,2,N,nb15,1935,-0.109,-1.448,1,1
5,0,28,2,N,nb16,1935,-1.372,-1.606,1,0
5,0,28,2,N,nb17,1935,-0.028,0.439,1,1
5,0,28,2,N,nb18,1935,-1.866,1.865,2,1
5,0,28,2,N,nb19,1935,1.71,0.687,3,1
5,0,28,2,N,nb20,1935,-1.863,1.696,3,1
5,0,28,2,N,nb21,1935,0.292,-1.001,1,1
5,0,28,2,N,nb22,1935,-0.957,1.62,1,1
5,0,28,2,N,nb23,1935,1.867,0.751,1,1
5,0,28,2,N,nb24,1935,-1.55,-1.666,2,0
5,0,28,2,N,nb25,1935,-1.33,-0.965,1,1
5,0,28,2,N,nb26,1935,-0.147,0.318,1,1
5,0,28,2,N,nb27,1935,1.656,0.527,1,1
5,0,28,2,N,nb28,1935,-1.241,-1.355,1,0
5,0,28,2,N,nb29,1935,-1.547,-1.338,1,1
5,0,28,2,A,aa0,1935,-1.059,-1.866,0,0
5,0,28,2,A,aa1,1935,0.971,0.47,0,0
5,0,28,2,N,nb0,1940,-1.6,1.085,1,1
5,0,28,2,N,nb1,1940,-1.699,1.655,3,1
5,0,28,2,N,nb2,1940,-1.807,1.211,2,1
5,0,28,2,N,nb3,1940,0.1,-1.584,3,1
5,0,28,2,N,nb4,1940,0.367,-1.203,1,1
5,0,28,2,N,nb5,1940,0.232,-1.691,2,1
5,0,28,2,N,nb6,1940,1.567,0.847,1,1
5,0,28,2,N,nb7,1940,-1.668,-1.544,3,1
5,0,28,2,N,nb8,1940,0.119,-1.824,2,1
5,0,28,2,N,nb9,1940,-1.699,1.847,3,1
5,0,28,2,N,nb10,1940,-0.792,1.471,1,0
5,0,28,2,N,nb11,1940,-1.167,-1.148,2,1
5,0,28,2,N,nb12,1940,-1.865,-0.306,1,1
5,0,28,2,N,nb13,1940,-1.865,-0.062,1,1
5,0,28,2,N,nb14,1940,-1.795,1.446,2,1
5,0,28,2,N,nb15,1940,-0.109,-1.448,1,1
5,0,28,2,N,nb16,1940,-1.443,-1.652,2,0
5,0,28,2,N,nb17,1940,-0.028,0.439,1,1
5,0,28,2,N,nb18,1940,-1.866,1.865,2,0
5,0,28,2,N,nb19,1940,1.71,0.687,3,1
5,0,28,2,N,nb20,1940,-1.863,1.696,3,1
5,0,28,2,N,nb21,1940,0.292,-1.001,1,1
5,0,28,2,N,nb22,1940,-0.957,1.62,1,1
5,0,28,2,N,nb23,1940,1.867,0.751,1,1
5,0,28,2,N,nb24,1940,-1.614,-1.739,2,0
5,0,28,2,N,nb25,1940,-1.33,-0.965,1,1
5,0,28,2,N,nb26,1940,-0.147,0.318,1,1
5,0,28,2,N,nb27,1940,1.656,0.527,1,1
5,0,28,2,N,nb28,1940,-1.327,-1.323,2,0
5,0,28,2,N,nb29,1940,-1.547,-1.338,2,1
5,0,28,2,A,aa0,1940,-1.061,-1.866,0,0
5,0,28,2,A,aa1,1940,0.926,0.56,0,0
5,0,28,2,N,nb0,1945,-1.6,1.085,1,1
5,0,28,2,N,nb1,1945,-1.699,1.655,3,1
5,0,28,2,N,nb2,1945,-1.807,1.211,2,1
5,0,28,2,N,nb3,1945,0.1,-1.584,3,0
5,0,28,2,N,nb4,1945,0.367,-1.203,1,1
5,0,28,2,N,nb5,1945,0.232,-1.691,2,1
5,0,28,2,N,nb6,1945,1.567,0.847,1,1
5,0,28,2,N,nb7,1945,-1.668,-1.544,3,1
5,0,28,2,N,nb8,1945,0.119,-1.824,2,0
5,0,28,2,N,nb9,1945,-1.699,1.847,3,1
5,0,28,2,N,nb10,1945,-0.792,1.471,1,1
5,0,28,2,N,nb11,1945,-1.167,-1.148,1,1
5,0,28,2,N,nb12,1945,-1.865,-0.306,1,1
5,0,28,2,N,nb13,1945,-1.865,-0.062,1,1
5,0,28,2,N,nb14,1945,-1.795,1.446,2,1
5,0,28,2,N,nb15,1945,-0.109,-1.448,1,0
5,0,28,2,N,nb16,1945,-1.471,-1.677,2,1
5,0,28,2,N,nb17,1945,-0.028,0.439,1,1
5,0,28,2,N,nb18,1945,-1.866,1.865,2,1
5,0,28,2,N,nb19,1945,1.71,0.687,3,1
5,0,28,2,N,nb20,1945,-1.863,1.696,3,1
5,0,28,2,N,nb21,1945,0.292,-1.001,1,1
5,0,28,2,N,nb22,1945,-0.957,1.62,1,1
5,0,28,2,N,nb23,1945,1.867,0.751,1,1
5,0,28,2,N,nb24,1945,-1.641,-1.772,2,1
5,0,28,2,N,nb25,1945,-1.33,-0.965,1,1
5,0,28,2,N,nb26,1945,-0.147,0.318,1,1
5,0,28,2,N,nb27,1945,1.656,0.527,1,1
5,0,28,2,N,nb28,1945,-1.362,-1.314,1,1
5,0,28,2,N,nb29,1945,-1.547,-1.338,2,1
5,0,28,2,A,aa0,1945,-1.071,-1.866,2,0
5,0,28,2,A,aa1,1945,0.882,0.649,0,0
5,0,28,2,N,nb0,1950,-1.6,1.085,1,1
5,0,28,2,N,nb1,1950,-1.699,1.655,3,1
5,0,28,2,N,nb2,1950,-1.807,1.211,2,1
5,0,28,2,N,nb3,1950,0.1,-1.584,3,1
5,0,28,2,N,nb4,1950,0.367,-1.203,1,1
5,0,28,2,N,nb5,1950,0.232,-1.691,2,1
5,0,28,2,N,nb6,1950,1.567,0.847,1,1
5,0,28,2,N,nb7,1950,-1.668,-1.544,3,0
5,0,28,2,N,nb8,1950,0.119,-1.824,2,1
5,0,28,2,N,nb9,1950,-1.699,1.847,3,1
5,0,28,2,N,nb10,1950,-0.792,1.471,1,1
5,0,28,2,N,nb11,1950,-1.167,-1.148,1,1
5,0,28,2,N,nb12,1950,-1.865,-0.306,1,1
5,0,28,2,N,nb13,1950,-1.865,-0.062,1,1
5,0,28,2,N,nb14,1950,-1.795,1.446,2,1
5,0,28,2,N,nb15,1950,-0.109,-1.448,1,1
5,0,28,2,N,nb16,1950,-1.471,-1.677,2,1
5,0,28,2,N,nb17,1950,-0.028,0.439,1,1
5,0,28,2,N,nb18,1950,-1.866,1.865,2,1
5,0,28,2,N,nb19,1950,1.71,0.687,3,1
5,0,28,2,N,nb20,1950,-1.863,1.696,3,1
5,0,28,2,N,nb21,1950,0.292,-1.001,1,1
5,0,28,2,N,nb22,1950,-0.957,1.62,1,1
5,0,28,2,N,nb23,1950,1.867,0.751,1,1
5,0,28,2,N,nb24,1950,-1.641,-1.772,2,1
5,0,28,2,N,nb25,1950,-1.33,-0.965,1,1
5,0,28,2,N,nb26,1950,-0.147,0.318,1,1
5,0,28,2,N,nb27,1950,1.656,0.527,1,1
5,0,28,2,N,nb28,1950,-1.362,-1.314,1,1
5,0,28,2,N,nb29,1950,-1.547,-1.338,2,0
5,0,28,2,A,aa0,1950,-1.107,-1.866,2,0
5,0,28,2,A,aa1,1950,0.837,0.739,0,0
5,0,28,2,N,nb0,1955,-1.6,1.085,1,1
5,0,28,2,N,nb1,1955,-1.699,1.655,3,1
5,0,28,2,N,nb2,1955,-1.807,1.211,2,1
5,0,28,2,N,nb3,1955,0.1,-1.584,3,1
5,0,28,2,N,nb4,1955,0.367,-1.203,1,1
5,0,28,2,N,nb5,1955,0.232,-1.691,2,1
5,0,28,2,N,nb6,1955,1.567,0.847,1,1
5,0,28,2,N,nb7,1955,-1.668,-1.544,3,1
5,0,28,2,N,nb8,1955,0.119,-1.824,2,1
5,0,28,2,N,nb9,1955,-1.699,1.847,3,1
5,0,28,2,N,nb10,1955,-0.792,1.471,1,1
5,0,28,2,N,nb11,1955,-1.167,-1.148,1,1
5,0,28,2,N,nb12,1955,-1.865,-0.306,1,1
5,0,28,2,N,nb13,1955,-1.865,-0.062,1,1
5,0,28,2,N,nb14,1955,-1.795,1.446,2,1
5,0,28,2,N,nb15,1955,-0.109,-1.448,1,1
5,0,28,2,N,nb16,1955,-1.471,-1.677,2,0
5,0,28,2,N,nb17,1955,-0.028,0.439,1,1
5,0,28,2,N,nb18,1955,-1.866,1.865,2,1
5,0,28,2,N,nb19,1955,1.71,0.687,3,1
5,0,28,2,N,nb20,1955,-1.863,1.696,3,1
5,0,28,2,N,nb21,1955,0.292,-1.001,1,1
5,0,28,2,N,nb22,1955,-0.957,1.62,1,1
5,0,28,2,N,nb23,1955,1.867,0.751,1,1
5,0,28,2,N,nb24,1955,-1.641,-1.772,2,0
5,0,28,2,N,nb25,1955,-1.33,-0.965,1,1
5,0,28,2,N,nb26,1955,-0.147,0.318,1,1
5,0,28,2,N,nb27,1955,1.656,0.527,1,1
5,0,28,2,N,nb28,1955,-1.362,-1.314,1,0
5,0,28,2,N,nb29,1955,-1.547,-1.338,2,1
5,0,28,2,A,aa0,1955,-1.158,-1.866,3,1
5,0,28,2,A,aa1,1955,0.793,0.828,0,0
5,0,28,2,N,nb0,1960,-1.6,1.085,1,1
5,0,28,2,N,nb1,1960,-1.699,1.655,3,1
5,0,28,2,N,nb2,1960,-1.807,1.211,2,1
5,0,28,2,N,nb3,1960,0.1,-1.584,3,1
5,0,28,2,N,nb4,1960,0.367,-1.203,1,1
5,0,28,2,N,nb5,1960,0.232,-1.691,2,1
5,0,28,2,N,nb6,1960,1.567,0.847,1,1
5,0,28,2,N,nb7,1960,-1.668,-1.544,2,1
5,0,28,2,N,nb8,1960,0.119,-1.824,2,1
5,0,28,2,N,nb9,1960,-1.699,1.847,3,1
5,0,28,2,N,nb10,1960,-0.792,1.471,1,1
5,0,28,2,N,nb11,1960,-1.167,-1.148,1,1
5,0,28,2,N,nb12,1960,-1.865,-0.306,1,1
5,0,28,2,N,nb13,1960,-1.865,-0.062,1,1
5,0,28,2,N,nb14,1960,-1.795,1.446,2,1
5,0,28,2,N,nb15,1960,-0.109,-1.448,1,1
5,0,28,2,N,nb16,1960,-1.527,-1.741,2,0
5,0,28,2,N,nb17,1960,-0.028,0.439,1,1
5,0,28,2,N,nb18,1960,-1.866,1.865,2,1
5,0,28,2,N,nb19,1960,1.71,0.687,3,1
5,0,28,2,N,nb20,1960,-1.863,1.696,3,1
5,0,28,2,N,nb21,1960,0.292,-1.001,1,1
5,0,28,2,N,nb22,1960,-0.957,1.62,1,1
5,0,28,2,N,nb23,1960,1.867,0.751,1,1
5,0,28,2,N,nb24,1960,-1.701,-1.842,1,0
5,0,28,2,N,nb25,1960,-1.33,-0.965,1,1
5,0,28,2,N,nb26,1960,-0.147,0.318,1,1
5,0,28,2,N,nb27,1960,1.656,0.527,1,1
5,0,28,2,N,nb28,1960,-1.411,-1.295,1,0
5,0,28,2,N,nb29,1960,-1.577,-1.329,2,1
5,0,28,2,A,aa0,1960,-1.221,-1.866,0,0
5,0,28,2,A,aa1,1960,0.748,0.918,0,0
5,0,28,2,N,nb0,1965,-1.6,1.085,1,1
5,0,28,2,N,nb1,1965,-1.699,1.655,3,1
5,0,28,2,N,nb2,1965,-1.807,1.211,2,1
5,0,28,2,N,nb3,1965,0.1,-1.584,3,1
5,0,28,2,N,nb4,1965,0.367,-1.203,1,0
5,0,28,2,N,nb5,1965,0.232,-1.691,2,1
5,0,28,2,N,nb6,1965,1.567,0.847,1,1
5,0,28,2,N,nb7,1965,-1.668,-1.544,1,1
5,0,28,2,N,nb8,1965,0.119,-1.824,2,1
5,0,28,2,N,nb9,1965,-1.699,1.847,3,1
5,0,28,2,N,nb10,1965,-0.792,1.471,1,1
5,0,28,2,N,nb11,1965,-1.167,-1.148,1,1
5,0,28,2,N,nb12,1965,-1.865,-0.306,1,1
5,0,28,2,N,nb13,1965,-1.865,-0.062,1,1
5,0,28,2,N,nb14,1965,-1.795,1.446,2,1
5,0,28,2,N,nb15,1965,-0.109,-1.448,1,1
5,0,28,2,N,nb16,1965,-1.572,-1.816,1,1
5,0,28,2,N,nb17,1965,-0.028,0.439,1,1
5,0,28,2,N,nb18,1965,-1.866,1.865,2,1
5,0,28,2,N,nb19,1965,1.71,0.687,3,1
5,0,28,2,N,nb20,1965,-1.863,1.696,3,1
5,0,28,2,N,nb21,1965,0.292,-1.001,1,0
5,0,28,2,N,nb22,1965,-0.957,1.62,1,1
5,0,28,2,N,nb23,1965,1.867,0.751,1,1
5,0,28,2,N,nb24,1965,-1.763,-1.866,1,1
5,0,28,2,N,nb25,1965,-1.33,-0.965,1,1
5,0,28,2,N,nb26,1965,-0.147,0.318,1,1
5,0,28,2,N,nb27,1965,1.656,0.527,1,1
5,0,28,2,N,nb28,1965,-1.455,-1.257,1,1
5,0,28,2,N,nb29,1965,-1.611,-1.323,2,1
5,0,28,2,A,aa0,1965,-1.293,-1.866,1,0
5,0,28,2,A,aa1,1965,0.704,1.007,0,0
5,0,28,2,N,nb0,1970,-1.6,1.085,1,1
5,0,28,2,N,nb1,1970,-1.699,1.655,3,1
5,0,28,2,N,nb2,1970,-1.807,1.211,2,1
5,0,28,2,N,nb3,1970,0.1,-1.584,3,1
5,0,28,2,N,nb4,1970,0.367,-1.203,1,1
5,0,28,2,N,nb5,1970,0.232,-1.691,2,1
5,0,28,2,N,nb6,1970,1.567,0.847,1,1
5,0,28,2,N,nb7,1970,-1.668,-1.544,1,1
5,0,28,2,N,nb8,1970,0.119,-1.824,2,1
5,0,28,2,N,nb9,1970,-1.699,1.847,3,1
5,0,28,2,N,nb10,1970,-0.792,1.471,1,1
5,0,28,2,N,nb11,1970,-1.167,-1.148,1,1
5,0,28,2,N,nb12,1970,-1.865,-0.306,1,1
5,0,28,2,N,nb13,1970,-1.865,-0.062,1,1
5,0,28,2,N,nb14,1970,-1.795,1.446,2,1
5,0,28,2,N,nb15,1970,-0.109,-1.448,1,1
5,0,28,2,N,nb16,1970,-1.573,-1.818,1,1
5,0,28,2,N,nb17,1970,-0.028,0.439,1,1
5,0,28,2,N,nb18,1970,-1.866,1.865,2,1
5,0,28,2,N,nb19,1970,1.71,0.687,3,1
5,0,28,2,N,nb20,1970,-1.863,1.696,3,1
5,0,28,2,N,nb21,1970,0.292,-1.001,1,1
5,0,28,2,N,nb22,1970,-0.957,1.62,1,1
5,0,28,2,N,nb23,1970,1.867,0.751,1,1
5,0,28,2,N,nb24,1970,-1.765,-1.866,1,1
5,0,28,2,N,nb25,1970,-1.33,-0.965,1,1
5,0,28,2,N,nb26,1970,-0.147,0.318,1,1
5,0,28,2,N,nb27,1970,1.656,0.527,1,1
5,0,28,2,N,nb28,1970,-1.456,-1.256,1,1
5,0,28,2,N,nb29,1970,-1.612,-1.323,2,1
5,0,28,2,A,aa0,1970,-1.327,-1.866,2,0
5,0,28,2,A,aa1,1970,0.659,1.097,0,0
5,0,28,2,N,nb0,1975,-1.6,1.085,1,1
5,0,28,2,N,nb1,1975,-1.699,1.655,3,1
5,0,28,2,N,nb2,1975,-1.807,1.211,2,1
5,0,28,2,N,nb3,1975,0.1,-1.584,3,1
5,0,28,2,N,nb4,1975,0.367,-1.203,1,1
5,0,28,2,N,nb5,1975,0.232,-1.691,2,1
5,0,28,2,N,nb6,1975,1.567,0.847,1,1
5,0,28,2,N,nb7,1975,-1.668,-1.544,1,1
5,0,28,2,N,nb8,1975,0.119,-1.824,2,1
5,0,28,2,N,nb9,1975,-1.699,1.847,3,1
5,0,28,2,N,nb10,1975,-0.792,1.471,1,1
5,0,28,2,N,nb11,1975,-1.167,-1.148,1,1
5,0,28,2,N,nb12,1975,-1.865,-0.306,1,1
5,0,28,2,N,nb13,1975,-1.865,-0.062,1,1
5,0,28,2,N,nb14,1975,-1.795,1.446,2,1
5,0,28,2,N,nb15,1975,-0.109,-1.448,1,1
5,0,28,2,N,nb16,1975,-1.573,-1.818,1,1
5,0,28,2,N,nb17,1975,-0.028,0.439,1,1
5,0,28,2,N,nb18,1975,-1.866,1.865,2,1
5,0,28,2,N,nb19,1975,1.71,0.687,3,1
5,0,28,2,N,nb20,1975,-1.863,1.696,3,1
5,0,28,2,N,nb21,1975,0.292,-1.001,1,1
5,0,28,2,N,nb22,1975,-0.957,1.62,1,1
5,0,28,2,N,nb23,1975,1.867,0.751,1,1
5,0,28,2,N,nb24,1975,-1.765,-1.866,1,1
5,0,28,2,N,nb25,1975,-1.33,-0.965,1,1
5,0,28,2,N,nb26,1975,-0.147,0.318,1,1
5,0,28,2,N,nb27,1975,1.656,0.527,1,1
5,0,28,2,N,nb28,1975,-1.456,-1.256,1,1
5,0,28,2,N,nb29,1975,-1.612,-1.323,2,1
5,0,28,2,A,aa0,1975,-1.335,-1.866,2,0
5,0,28,2,A,aa1,1975,0.614,1.186,0,0
5,0,28,2,N,nb0,1980,-1.6,1.085,1,1
5,0,28,2,N,nb1,1980,-1.699,1.655,3,1
5,0,28,2,N,nb2,1980,-1.807,1.211,2,0
5,0,28,2,N,nb3,1980,0.1,-1.584,3,1
5,0,28,2,N,nb4,1980,0.367,-1.203,1,1
5,0,28,2,N,nb5,1980,0.232,-1.691,2,1
5,0,28,2,N,nb6,1980,1.567,0.847,1,1
5,0,28,2,N,nb7,1980,-1.668,-1.544,1,0
5,0,28,2,N,nb8,1980,0.119,-1.824,2,1
5,0,28,2,N,nb9,1980,-1.699,1.847,3,1
5,0,28,2,N,nb10,1980,-0.792,1.471,1,1
5,0,28,2,N,nb11,1980,-1.167,-1.148,1,1
5,0,28,2,N,nb12,1980,-1.865,-0.306,1,1
5,0,28,2,N,nb13,1980,-1.865,-0.062,1,1
5,0,28,2,N,nb14,1980,-1.795,1.446,2,1
5,0,28,2,N,nb15,1980,-0.109,-1.448,1,1
5,0,28,2,N,nb16,1980,-1.573,-1.818,1,0
5,0,28,2,N,nb17,1980,-0.028,0.439,1,1
5,0,28,2,N,nb18,1980,-1.866,1.865,2,1
5,0,28,2,N,nb19,1980,1.71,0.687,3,1
5,0,28,2,N,nb20,1980,-1.863,1.696,3,1
5,0,28,2,N,nb21,1980,0.292,-1.001,1,1
5,0,28,2,N,nb22,1980,-0.957,1.62,1,1
5,0,28,2,N,nb23,1980,1.867,0.751,1,1
5,0,28,2,N,nb24,1980,-1.765,-1.866,1,1
5,0,28,2,N,nb25,1980,-1.33,-0.965,1,0
5,0,28,2,N,nb26,1980,-0.147,0.318,1,1
5,0,28,2,N,nb27,1980,1.656,0.527,1,1
5,0,28,2,N,nb28,1980,-1.456,-1.256,1,1
5,0,28,2,N,nb29,1980,-1.612,-1.323,2,0
5,0,28,2,A,aa0,1980,-1.368,-1.866,3,1
5,0,28,2,A,aa1,1980,0.57,1.276,0,0
5,0,28,2,N,nb0,1985,-1.6,1.085,1,1
5,0,28,2,N,nb1,1985,-1.699,1.655,3,1
5,0,28,2,N,nb2,1985,-1.807,1.211,2,1
5,0,28,2,N,nb3,1985,0.1,-1.584,3,1
5,0,28,2,N,nb4,1985,0.367,-1.203,1,1
5,0,28,2,N,nb5,1985,0.232,-1.691,2,1
5,0,28,2,N,nb6,1985,1.567,0.847,1,1
5,0,28,2,N,nb7,1985,-1.632,-1.609,0,0
5,0,28,2,N,nb8,1985,0.119,-1.824,2,1
5,0,28,2,N,nb9,1985,-1.699,1.847,3,1
5,0,28,2,N,nb10,1985,-0.792,1.471,1,1
5,0,28,2,N,nb11,1985,-1.167,-1.148,1,1
5,0,28,2,N,nb12,1985,-1.865,-0.306,1,0
5,0,28,2,N,nb13,1985,-1.865,-0.062,1,0
5,0,28,2,N,nb14,1985,-1.795,1.446,2,1
5,0,28,2,N,nb15,1985,-0.109,-1.448,1,1
5,0,28,2,N,nb16,1985,-1.596,-1.865,1,0
5,0,28,2,N,nb17,1985,-0.028,0.439,1,1
5,0,28,2,N,nb18,1985,-1.866,1.865,2,1
5,0,28,2,N,nb19,1985,1.71,0.687,3,1
5,0,28,2,N,nb20,1985,-1.863,1.696,3,1
5,0,28,2,N,nb21,1985,0.292,-1.001,1,1
5,0,28,2,N,nb22,1985,-0.957,1.62,1,1
5,0,28,2,N,nb23,1985,1.867,0.751,1,1
5,0,28,2,N,nb24,1985,-1.766,-1.866,1,1
5,0,28,2,N,nb25,1985,-1.33,-0.965,1,1
5,0,28,2,N,nb26,1985,-0.147,0.318,1,1
5,0,28,2,N,nb27,1985,1.656,0.527,1,1
5,0,28,2,N,nb28,1985,-1.456,-1.256,1,1
5,0,28,2,N,nb29,1985,-1.679,-1.356,1,0
5,0,28,2,A,aa0,1985,-1.416,-1.866,0,0
5,0,28,2,A,aa1,1985,0.525,1.365,0,0
5,0,28,2,N,nb0,1990,-1.6,1.085,1,1
5,0,28,2,N,nb1,1990,-1.699,1.655,3,1
5,0,28,2,N,nb2,1990,-1.807,1.211,2,1
5,0,28,2,N,nb3,1990,0.1,-1.584,3,1
5,0,28,2,N,nb4,1990,0.367,-1.203,1,1
5,0,28,2,N,nb5,1990,0.232,-1.691,2,1
5,0,28,2,N,nb6,1990,1.567,0.847,1,1
5,0,28,2,N,nb7,1990,-1.588,-1.687,1,0
5,0,28,2,N,nb8,1990,0.119,-1.824,2,1
5,0,28,2,N,nb9,1990,-1.699,1.847,3,1
5,0,28,2,N,nb10,1990,-0.792,1.471,1,1
5,0,28,2,N,nb11,1990,-1.167,-1.148,1,1
5,0,28,2,N,nb12,1990,-1.865,-0.306,1,1
5,0,28,2,N,nb13,1990,-1.865,-0.062,1,1
5,0,28,2,N,nb14,1990,-1.795,1.446,2,1
5,0,28,2,N,nb15,1990,-0.109,-1.448,1,1
5,0,28,2,N,nb16,1990,-1.614,-1.865,2,0
5,0,28,2,N,nb17,1990,-0.028,0.439,1,1
5,0,28,2,N,nb18,1990,-1.866,1.865,2,1
5,0,28,2,N,nb19,1990,1.71,0.687,3,1
5,0,28,2,N,nb20,1990,-1.863,1.696,3,1
5,0,28,2,N,nb21,1990,0.292,-1.001,1,1
5,0,28,2,N,nb22,1990,-0.957,1.62,1,1
5,0,28,2,N,nb23,1990,1.867,0.751,1,1
5,0,28,2,N,nb24,1990,-1.784,-1.856,1,1
5,0,28,2,N,nb25,1990,-1.33,-0.965,1,1
5,0,28,2,N,nb26,1990,-0.147,0.318,1,1
5,0,28,2,N,nb27,1990,1.656,0.527,1,1
5,0,28,2,N,nb28,1990,-1.456,-1.256,0,1
5,0,28,2,N,nb29,1990,-1.769,-1.398,0,0
5,0,28,2,A,aa0,1990,-1.445,-1.866,0,0
5,0,28,2,A,aa1,1990,0.481,1.455,0,0
5,0,28,2,N,nb0,1995,-1.6,1.085,1,1
5,0,28,2,N,nb1,1995,-1.699,1.655,3,1
5,0,28,2,N,nb2,1995,-1.807,1.211,2,1
5,0,28,2,N,nb3,1995,0.1,-1.584,3,1
5,0,28,2,N,nb4,1995,0.367,-1.203,1,1
5,0,28,2,N,nb5,1995,0.232,-1.691,2,1
5,0,28,2,N,nb6,1995,1.567,0.847,1,1
5,0,28,2,N,nb7,1995,-1.577,-1.701,1,1
5,0,28,2,N,nb8,1995,0.119,-1.824,2,1
5,0,28,2,N,nb9,1995,-1.699,1.847,3,1
5,0,28,2,N,nb10,1995,-0.792,1.471,1,1
5,0,28,2,N,nb11,1995,-1.167,-1.148,1,0
5,0,28,2,N,nb12,1995,-1.865,-0.306,1,1
5,0,28,2,N,nb13,1995,-1.865,-0.062,1,1
5,0,28,2,N,nb14,1995,-1.795,1.446,2,1
5,0,28,2,N,nb15,1995,-0.109,-1.448,1,1
5,0,28,2,N,nb16,1995,-1.621,-1.865,2,1
5,0,28,2,N,nb17,1995,-0.028,0.439,1,1
5,0,28,2,N,nb18,1995,-1.866,1.865,2,1
5,0,28,2,N,nb19,1995,1.71,0.687,3,1
5,0,28,2,N,nb20,1995,-1.863,1.696,3,1
5,0,28,2,N,nb21,1995,0.292,-1.001,1,1
5,0,28,2,N,nb22,1995,-0.957,1.62,1,1
5,0,28,2,N,nb23,1995,1.867,0.751,1,1
5,0,28,2,N,nb24,1995,-1.79,-1.853,1,0
5,0,28,2,N,nb25,1995,-1.33,-0.965,1,1
5,0,28,2,N,nb26,1995,-0.147,0.318,1,1
5,0,28,2,N,nb27,1995,1.656,0.527,1,1
5,0,28,2,N,nb28,1995,-1.456,-1.256,0,0
5,0,28,2,N,nb29,1995,-1.845,-1.44,0,0
5,0,28,2,A,aa0,1995,-1.451,-1.866,2,0
5,0,28,2,A,aa1,1995,0.436,1.544,0,0
5,0,28,2,N,nb0,2000,-1.6,1.085,1,1
5,0,28,2,N,nb1,2000,-1.699,1.655,3,1
5,0,28,2,N,nb2,2000,-1.807,1.211,2,1
5,0,28,2,N,nb3,2000,0.1,-1.584,3,1
5,0,28,2,N,nb4,2000,0.367,-1.203,1,1
5,0,28,2,N,nb5,2000,0.232,-1.691,2,1
5,0,28,2,N,nb6,2000,1.567,0.847,1,1
5,0,28,2,N,nb7,2000,-1.577,-1.701,1,1
5,0,28,2,N,nb8,2000,0.119,-1.824,2,1
5,0,28,2,N,nb9,2000,-1.699,1.847,3,1
5,0,28,2,N,nb10,2000,-0.792,1.471,1,1
5,0,28,2,N,nb11,2000,-1.167,-1.148,1,1
5,0,28,2,N,nb12,2000,-1.865,-0.306,1,1
5,0,28,2,N,nb13,2000,-1.865,-0.062,1,1
5,0,28,2,N,nb14,2000,-1.795,1.446,2,1
5,0,28,2,N,nb15,2000,-0.109,-1.448,1,1
5,0,28,2,N,nb16,2000,-1.621,-1.865,2,1
5,0,28,2,N,nb17,2000,-0.028,0.439,1,1
5,0,28,2,N,nb18,2000,-1.866,1.865,2,1
5,0,28,2,N,nb19,2000,1.71,0.687,3,1
5,0,28,2,N,nb20,2000,-1.863,1.696,3,1
5,0,28,2,N,nb21,2000,0.292,-1.001,1,1
5,0,28,2,N,nb22,2000,-0.957,1.62,1,1
5,0,28,2,N,nb23,2000,1.867,0.751,1,1
5,0,28,2,N,nb24,2000,-1.79,-1.853,1,1
5,0,28,2,N,nb25,2000,-1.33,-0.965,1,1
5,0,28,2,N,nb26,2000,-0.147,0.318,1,1
5,0,28,2,N,nb27,2000,1.656,0.527,1,1
5,0,28,2,N,nb28,2000,-1.518,-1.211,0,0
5,0,28,2,N,nb29,2000,-1.865,-1.492,0,0
5,0,28,2,A,aa0,2000,-1.451,-1.866,2,0
5,0,28,2,A,aa1,2000,0.392,1.634,0,0
