anti_pct,rep,n_normal,n_anti,role,robot_id,tick,x,y,metric_c,metric_f
30,4,21,9,N,nb0,5,-0.114,-1.576,0,0
30,4,21,9,N,nb1,5,-0.61,0.24,0,1
30,4,21,9,N,nb2,5,1.116,1.245,1,1
30,4,21,9,N,nb3,5,0.882,-0.544,0,0
30,4,21,9,N,nb4,5,0.123,-0.86,0,0
30,4,21,9,N,nb5,5,1.213,1.017,1,1
30,4,21,9,N,nb6,5,-0.547,1.425,0,0
30,4,21,9,N,nb7,5,1.186,1.678,1,1
30,4,21,9,N,nb8,5,0.684,0.137,0,0
30,4,21,9,N,nb9,5,-1.461,-0.96,1,1
30,4,21,9,N,nb10,5,1.289,1.505,1,1
30,4,21,9,N,nb11,5,0.53,0.605,0,0
30,4,21,9,N,nb12,5,-1.498,-1.827,0,0
30,4,21,9,N,nb13,5,1.216,0.108,0,0
30,4,21,9,N,nb14,5,1.832,1.795,0,0
30,4,21,9,N,nb15,5,1.187,-1.032,1,1
30,4,21,9,N,nb16,5,-0.965,-1.453,0,0
30,4,21,9,N,nb17,5,1.578,-1.517,0,0
30,4,21,9,N,nb18,5,1.722,-0.117,0,0
30,4,21,9,N,nb19,5,0.346,-1.173,0,0
30,4,21,9,N,nb20,5,1.45,-0.802,0,0
30,4,21,9,N,nb21,5,-1.195,0.651,0,0
30,4,21,9,N,nb22,5,-1.283,-1.129,1,1
30,4,21,9,N,nb23,5,-1.469,1.061,1,1
30,4,21,9,N,nb24,5,-1.674,1.036,1,1
30,4,21,9,N,nb25,5,1.657,0.511,0,0
30,4,21,9,N,nb26,5,1.066,-1.192,1,1
30,4,21,9,N,nb27,5,1.203,-0.682,0,0
30,4,21,9,N,nb28,5,-0.844,-0.683,0,0
30,4,21,9,N,nb29,5,0.368,1.093,0,0
30,4,21,9,A,aa0,5,-1.305,1.309,2,0
30,4,21,9,A,aa1,5,-1.696,1.404,2,0
30,4,21,9,A,aa2,5,0.957,0.432,0,0
30,4,21,9,A,aa3,5,-0.399,0.698,0,0
30,4,21,9,A,aa4,5,-0.317,-0.859,0,0
30,4,21,9,A,aa5,5,1.349,-1.182,2,0
30,4,21,9,A,aa6,5,-1.62,-0.751,1,0
30,4,21,9,A,aa7,5,0.924,-1.46,1,0
30,4,21,9,A,aa8,5,-0.428,0.493,1,0
30,4,21,9,N,nb0,10,-0.213,-1.559,0,0
30,4,21,9,N,nb1,10,-0.61,0.24,0,1
30,4,21,9,N,nb2,10,1.116,1.245,1,1
30,4,21,9,N,nb3,10,0.898,-0.642,0,0
30,4,21,9,N,nb4,10,0.054,-0.932,0,0
30,4,21,9,N,nb5,10,1.213,1.017,1,1
30,4,21,9,N,nb6,10,-0.541,1.525,0,0
30,4,21,9,N,nb7,10,1.186,1.678,1,1
30,4,21,9,N,nb8,10,0.744,0.216,0,0
30,4,21,9,N,nb9,10,-1.461,-0.96,1,1
30,4,21,9,N,nb10,10,1.289,1.505,1,1
30,4,21,9,N,nb11,10,0.494,0.698,0,0
30,4,21,9,N,nb12,10,-1.449,-1.866,0,0
30,4,21,9,N,nb13,10,1.215,0.008,0,0
30,4,21,9,N,nb14,10,1.865,1.865,0,0
30,4,21,9,N,nb15,10,1.187,-1.032,1,1
30,4,21,9,N,nb16,10,-1.028,-1.375,0,0
30,4,21,9,N,nb17,10,1.673,-1.485,0,0
30,4,21,9,N,nb18,10,1.625,-0.092,0,0
30,4,21,9,N,nb19,10,0.247,-1.189,0,0
30,4,21,9,N,nb20,10,1.545,-0.834,0,0
30,4,21,9,N,nb21,10,-1.115,0.591,0,0
30,4,21,9,N,nb22,10,-1.283,-1.129,1,1
30,4,21,9,N,nb23,10,-1.469,1.061,1,1
30,4,21,9,N,nb24,10,-1.674,1.036,1,1
30,4,21,9,N,nb25,10,1.694,0.604,0,0
30,4,21,9,N,nb26,10,1.066,-1.192,1,1
30,4,21,9,N,nb27,10,1.301,-0.702,0,0
30,4,21,9,N,nb28,10,-0.87,-0.78,0,0
30,4,21,9,N,nb29,10,0.272,1.065,0,0
30,4,21,9,A,aa0,10,-1.298,1.217,1,0
30,4,21,9,A,aa1,10,-1.604,1.366,2,0
30,4,21,9,A,aa2,10,0.921,0.438,0,0
30,4,21,9,A,aa3,10,-0.484,0.741,1,0
30,4,21,9,A,aa4,10,-0.338,-0.957,0,0
30,4,21,9,A,aa5,10,1.275,-1.234,2,0
30,4,21,9,A,aa6,10,-1.572,-0.665,1,0
30,4,21,9,A,aa7,10,0.866,-1.378,1,0
30,4,21,9,A,aa8,10,-0.356,0.546,1,0
30,4,21,9,N,nb0,15,-0.312,-1.543,0,0
30,4,21,9,N,nb1,15,-0.61,0.24,0,1
30,4,21,9,N,nb2,15,1.116,1.245,1,1
30,4,21,9,N,nb3,15,0.915,-0.741,0,0
30,4,21,9,N,nb4,15,-0.015,-1.005,0,0
30,4,21,9,N,nb5,15,1.213,1.017,1,1
30,4,21,9,N,nb6,15,-0.534,1.625,0,0
30,4,21,9,N,nb7,15,1.186,1.678,1,1
30,4,21,9,N,nb8,15,0.801,0.284,0,0
30,4,21,9,N,nb9,15,-1.461,-0.96,1,1
30,4,21,9,N,nb10,15,1.289,1.505,1,1
30,4,21,9,N,nb11,15,0.458,0.792,0,0
30,4,21,9,N,nb12,15,-1.39,-1.866,0,0
30,4,21,9,N,nb13,15,1.214,-0.092,0,0
30,4,21,9,N,nb14,15,1.865,1.865,0,0
30,4,21,9,N,nb15,15,1.187,-1.032,1,1
30,4,21,9,N,nb16,15,-1.09,-1.297,0,0
30,4,21,9,N,nb17,15,1.767,-1.453,0,0
30,4,21,9,N,nb18,15,1.528,-0.066,0,0
30,4,21,9,N,nb19,15,0.148,-1.204,0,0
30,4,21,9,N,nb20,15,1.64,-0.865,0,0
30,4,21,9,N,nb21,15,-1.035,0.531,0,0
30,4,21,9,N,nb22,15,-1.283,-1.129,1,1
30,4,21,9,N,nb23,15,-1.469,1.061,1,1
30,4,21,9,N,nb24,15,-1.674,1.036,1,1
30,4,21,9,N,nb25,15,1.73,0.697,0,0
30,4,21,9,N,nb26,15,1.066,-1.192,1,1
30,4,21,9,N,nb27,15,1.399,-0.723,0,0
30,4,21,9,N,nb28,15,-0.896,-0.877,0,0
30,4,21,9,N,nb29,15,0.176,1.037,0,0
30,4,21,9,A,aa0,15,-1.279,1.128,1,0
30,4,21,9,A,aa1,15,-1.511,1.327,2,0
30,4,21,9,A,aa2,15,0.83,0.457,0,0
30,4,21,9,A,aa3,15,-0.571,0.789,1,0
30,4,21,9,A,aa4,15,-0.358,-1.055,0,0
30,4,21,9,A,aa5,15,1.208,-1.296,2,0
30,4,21,9,A,aa6,15,-1.523,-0.578,1,0
30,4,21,9,A,aa7,15,0.808,-1.3,1,0
30,4,21,9,A,aa8,15,-0.271,0.594,1,0
30,4,21,9,N,nb0,20,-0.41,-1.526,0,0
30,4,21,9,N,nb1,20,-0.61,0.24,0,1
30,4,21,9,N,nb2,20,1.116,1.245,1,1
30,4,21,9,N,nb3,20,0.931,-0.84,0,0
30,4,21,9,N,nb4,20,-0.03,-1.02,1,1
30,4,21,9,N,nb5,20,1.213,1.017,1,1
30,4,21,9,N,nb6,20,-0.528,1.724,0,0
30,4,21,9,N,nb7,20,1.186,1.678,1,1
30,4,21,9,N,nb8,20,0.868,0.337,0,0
30,4,21,9,N,nb9,20,-1.461,-0.96,1,1
30,4,21,9,N,nb10,20,1.289,1.505,1,1
30,4,21,9,N,nb11,20,0.422,0.885,0,0
30,4,21,9,N,nb12,20,-1.321,-1.866,0,0
30,4,21,9,N,nb13,20,1.214,-0.192,0,0
30,4,21,9,N,nb14,20,1.865,1.865,0,0
30,4,21,9,N,nb15,20,1.187,-1.032,1,1
30,4,21,9,N,nb16,20,-1.103,-1.281,1,1
30,4,21,9,N,nb17,20,1.847,-1.419,0,0
30,4,21,9,N,nb18,20,1.432,-0.04,0,0
30,4,21,9,N,nb19,20,0.128,-1.207,1,1
30,4,21,9,N,nb20,20,1.735,-0.896,0,0
30,4,21,9,N,nb21,20,-0.955,0.471,0,0
30,4,21,9,N,nb22,20,-1.283,-1.129,2,1
30,4,21,9,N,nb23,20,-1.469,1.061,1,1
30,4,21,9,N,nb24,20,-1.674,1.036,1,1
30,4,21,9,N,nb25,20,1.767,0.79,0,0
30,4,21,9,N,nb26,20,1.066,-1.192,1,1
30,4,21,9,N,nb27,20,1.496,-0.743,0,0
30,4,21,9,N,nb28,20,-0.922,-0.973,0,0
30,4,21,9,N,nb29,20,0.08,1.009,0,0
30,4,21,9,A,aa0,20,-1.248,1.041,1,0
30,4,21,9,A,aa1,20,-1.425,1.294,2,0
30,4,21,9,A,aa2,20,0.742,0.49,0,0
30,4,21,9,A,aa3,20,-0.658,0.838,0,0
30,4,21,9,A,aa4,20,-0.379,-1.152,2,0
30,4,21,9,A,aa5,20,1.148,-1.367,2,0
30,4,21,9,A,aa6,20,-1.474,-0.49,1,0
30,4,21,9,A,aa7,20,0.747,-1.221,2,0
30,4,21,9,A,aa8,20,-0.184,0.642,1,0
30,4,21,9,N,nb0,25,-0.509,-1.509,0,0
30,4,21,9,N,nb1,25,-0.61,0.24,0,1
30,4,21,9,N,nb2,25,1.116,1.245,1,1
30,4,21,9,N,nb3,25,0.947,-0.936,1,1
30,4,21,9,N,nb4,25,-0.03,-1.02,1,1
30,4,21,9,N,nb5,25,1.213,1.017,1,1
30,4,21,9,N,nb6,25,-0.521,1.818,0,0
30,4,21,9,N,nb7,25,1.186,1.678,1,1
30,4,21,9,N,nb8,25,0.949,0.389,0,0
30,4,21,9,N,nb9,25,-1.461,-0.96,1,1
30,4,21,9,N,nb10,25,1.289,1.505,1,1
30,4,21,9,N,nb11,25,0.386,0.978,0,0
30,4,21,9,N,nb12,25,-1.244,-1.866,0,0
30,4,21,9,N,nb13,25,1.211,-0.29,0,0
30,4,21,9,N,nb14,25,1.865,1.865,0,0
30,4,21,9,N,nb15,25,1.176,-1.02,2,0
30,4,21,9,N,nb16,25,-1.103,-1.281,1,1
30,4,21,9,N,nb17,25,1.865,-1.375,0,0
30,4,21,9,N,nb18,25,1.341,-0.012,0,0
30,4,21,9,N,nb19,25,0.113,-1.21,1,0
30,4,21,9,N,nb20,25,1.822,-0.926,0,0
30,4,21,9,N,nb21,25,-0.875,0.411,0,0
30,4,21,9,N,nb22,25,-1.283,-1.129,2,1
30,4,21,9,N,nb23,25,-1.469,1.061,1,1
30,4,21,9,N,nb24,25,-1.674,1.036,1,1
30,4,21,9,N,nb25,25,1.796,0.876,0,0
30,4,21,9,N,nb26,25,1.054,-1.204,1,0
30,4,21,9,N,nb27,25,1.594,-0.764,0,0
30,4,21,9,N,nb28,25,-0.947,-1.07,0,0
30,4,21,9,N,nb29,25,-0.016,0.982,0,0
30,4,21,9,A,aa0,25,-1.208,0.953,1,0
30,4,21,9,A,aa1,25,-1.335,1.272,2,0
30,4,21,9,A,aa2,25,0.65,0.525,0,0
30,4,21,9,A,aa3,25,-0.745,0.887,0,0
30,4,21,9,A,aa4,25,-0.384,-1.175,1,0
30,4,21,9,A,aa5,25,1.094,-1.445,0,0
30,4,21,9,A,aa6,25,-1.426,-0.403,1,0
30,4,21,9,A,aa7,25,0.686,-1.142,0,0
30,4,21,9,A,aa8,25,-0.096,0.69,0,0
30,4,21,9,N,nb0,30,-0.607,-1.493,0,0
30,4,21,9,N,nb1,30,-0.61,0.24,1,1
30,4,21,9,N,nb2,30,1.116,1.245,1,1
30,4,21,9,N,nb3,30,0.948,-0.939,1,1
30,4,21,9,N,nb4,30,-0.03,-1.02,1,1
30,4,21,9,N,nb5,30,1.213,1.017,1,1
30,4,21,9,N,nb6,30,-0.505,1.865,0,0
30,4,21,9,N,nb7,30,1.186,1.678,1,1
30,4,21,9,N,nb8,30,1.034,0.441,0,0
30,4,21,9,N,nb9,30,-1.461,-0.96,1,1
30,4,21,9,N,nb10,30,1.289,1.505,1,1
30,4,21,9,N,nb11,30,0.35,1.072,0,0
30,4,21,9,N,nb12,30,-1.16,-1.866,0,0
30,4,21,9,N,nb13,30,1.208,-0.39,0,0
30,4,21,9,N,nb14,30,1.861,1.865,0,0
30,4,21,9,N,nb15,30,1.122,-0.95,1,0
30,4,21,9,N,nb16,30,-1.103,-1.281,2,1
30,4,21,9,N,nb17,30,1.865,-1.319,0,0
30,4,21,9,N,nb18,30,1.246,0.02,0,0
30,4,21,9,N,nb19,30,0.025,-1.234,1,0
30,4,21,9,N,nb20,30,1.865,-0.966,0,0
30,4,21,9,N,nb21,30,-0.812,0.363,1,1
30,4,21,9,N,nb22,30,-1.283,-1.129,2,1
30,4,21,9,N,nb23,30,-1.469,1.061,1,1
30,4,21,9,N,nb24,30,-1.674,1.036,1,1
30,4,21,9,N,nb25,30,1.813,0.965,0,0
30,4,21,9,N,nb26,30,0.987,-1.268,0,0
30,4,21,9,N,nb27,30,1.69,-0.784,0,0
30,4,21,9,N,nb28,30,-0.953,-1.089,1,1
30,4,21,9,N,nb29,30,-0.107,0.956,0,0
30,4,21,9,A,aa0,30,-1.165,0.863,2,0
30,4,21,9,A,aa1,30,-1.255,1.259,1,0
30,4,21,9,A,aa2,30,0.557,0.562,0,0
30,4,21,9,A,aa3,30,-0.832,0.937,0,0
30,4,21,9,A,aa4,30,-0.371,-1.185,2,0
30,4,21,9,A,aa5,30,1.043,-1.526,0,0
30,4,21,9,A,aa6,30,-1.377,-0.316,0,0
30,4,21,9,A,aa7,30,0.625,-1.063,1,0
30,4,21,9,A,aa8,30,-0.012,0.734,0,0
30,4,21,9,N,nb0,35,-0.706,-1.476,0,0
30,4,21,9,N,nb1,35,-0.61,0.24,1,1
30,4,21,9,N,nb2,35,1.116,1.245,1,1
30,4,21,9,N,nb3,35,0.934,-0.934,1,1
30,4,21,9,N,nb4,35,-0.03,-1.02,1,1
30,4,21,9,N,nb5,35,1.213,1.017,1,1
30,4,21,9,N,nb6,35,-0.475,1.865,0,0
30,4,21,9,N,nb7,35,1.186,1.678,1,1
30,4,21,9,N,nb8,35,1.12,0.493,0,0
30,4,21,9,N,nb9,35,-1.461,-0.96,1,1
30,4,21,9,N,nb10,35,1.289,1.505,1,1
30,4,21,9,N,nb11,35,0.314,1.165,0,0
30,4,21,9,N,nb12,35,-1.071,-1.866,0,0
30,4,21,9,N,nb13,35,1.205,-0.49,0,0
30,4,21,9,N,nb14,35,1.845,1.865,0,0
30,4,21,9,N,nb15,35,1.098,-0.89,1,1
30,4,21,9,N,nb16,35,-1.103,-1.281,2,1
30,4,21,9,N,nb17,35,1.865,-1.251,0,0
30,4,21,9,N,nb18,35,1.151,0.052,0,0
30,4,21,9,N,nb19,35,-0.047,-1.262,1,1
30,4,21,9,N,nb20,35,1.865,-0.976,1,1
30,4,21,9,N,nb21,35,-0.788,0.343,1,0
30,4,21,9,N,nb22,35,-1.283,-1.129,2,1
30,4,21,9,N,nb23,35,-1.483,1.059,1,0
30,4,21,9,N,nb24,35,-1.69,1.036,1,0
30,4,21,9,N,nb25,35,1.82,1.057,0,0
30,4,21,9,N,nb26,35,0.91,-1.328,0,0
30,4,21,9,N,nb27,35,1.71,-0.787,1,1
30,4,21,9,N,nb28,35,-0.953,-1.089,1,1
30,4,21,9,N,nb29,35,-0.202,0.94,0,0
30,4,21,9,A,aa0,35,-1.121,0.773,0,0
30,4,21,9,A,aa1,35,-1.241,1.268,0,0
30,4,21,9,A,aa2,35,0.464,0.598,0,0
30,4,21,9,A,aa3,35,-0.919,0.986,0,0
30,4,21,9,A,aa4,35,-0.292,-1.243,1,0
30,4,21,9,A,aa5,35,0.994,-1.613,0,0
30,4,21,9,A,aa6,35,-1.328,-0.228,0,0
30,4,21,9,A,aa7,35,0.574,-0.997,1,0
30,4,21,9,A,aa8,35,0.076,0.77,0,0
30,4,21,9,N,nb0,40,-0.805,-1.459,0,0
30,4,21,9,N,nb1,40,-0.596,0.22,1,1
30,4,21,9,N,nb2,40,1.116,1.245,1,1
30,4,21,9,N,nb3,40,0.934,-0.934,1,1
30,4,21,9,N,nb4,40,-0.03,-1.02,1,1
30,4,21,9,N,nb5,40,1.213,1.017,1,1
30,4,21,9,N,nb6,40,-0.43,1.865,0,0
30,4,21,9,N,nb7,40,1.186,1.678,1,1
30,4,21,9,N,nb8,40,1.205,0.545,0,0
30,4,21,9,N,nb9,40,-1.461,-0.96,1,1
30,4,21,9,N,nb10,40,1.289,1.505,1,1
30,4,21,9,N,nb11,40,0.278,1.258,0,0
30,4,21,9,N,nb12,40,-0.98,-1.866,0,0
30,4,21,9,N,nb13,40,1.201,-0.59,0,0
30,4,21,9,N,nb14,40,1.814,1.865,0,0
30,4,21,9,N,nb15,40,1.098,-0.89,1,1
30,4,21,9,N,nb16,40,-1.103,-1.281,2,1
30,4,21,9,N,nb17,40,1.865,-1.22,1,1
30,4,21,9,N,nb18,40,1.056,0.083,0,0
30,4,21,9,N,nb19,40,-0.047,-1.262,1,1
30,4,21,9,N,nb20,40,1.865,-0.976,2,1
30,4,21,9,N,nb21,40,-0.745,0.299,1,0
30,4,21,9,N,nb22,40,-1.283,-1.129,2,1
30,4,21,9,N,nb23,40,-1.568,1.062,1,0
30,4,21,9,N,nb24,40,-1.789,1.038,1,0
30,4,21,9,N,nb25,40,1.816,1.149,0,0
30,4,21,9,N,nb26,40,0.831,-1.388,0,0
30,4,21,9,N,nb27,40,1.71,-0.787,1,1
30,4,21,9,N,nb28,40,-0.953,-1.089,1,1
30,4,21,9,N,nb29,40,-0.301,0.924,0,0
30,4,21,9,A,aa0,40,-1.077,0.684,0,0
30,4,21,9,A,aa1,40,-1.156,1.322,0,0
30,4,21,9,A,aa2,40,0.371,0.635,0,0
30,4,21,9,A,aa3,40,-1.006,1.035,0,0
30,4,21,9,A,aa4,40,-0.227,-1.303,2,0
30,4,21,9,A,aa5,40,0.946,-1.7,0,0
30,4,21,9,A,aa6,40,-1.28,-0.141,0,0
30,4,21,9,A,aa7,40,0.574,-0.997,1,0
30,4,21,9,A,aa8,40,0.17,0.805,0,0
30,4,21,9,N,nb0,45,-0.903,-1.442,0,0
30,4,21,9,N,nb1,45,-0.58,0.2,1,1
30,4,21,9,N,nb2,45,1.116,1.245,1,1
30,4,21,9,N,nb3,45,0.934,-0.934,1,1
30,4,21,9,N,nb4,45,-0.03,-1.02,1,1
30,4,21,9,N,nb5,45,1.213,1.017,1,1
30,4,21,9,N,nb6,45,-0.371,1.865,0,0
30,4,21,9,N,nb7,45,1.186,1.678,1,1
30,4,21,9,N,nb8,45,1.291,0.596,0,0
30,4,21,9,N,nb9,45,-1.461,-0.96,1,1
30,4,21,9,N,nb10,45,1.289,1.505,1,1
30,4,21,9,N,nb11,45,0.242,1.352,0,0
30,4,21,9,N,nb12,45,-0.888,-1.861,0,0
30,4,21,9,N,nb13,45,1.199,-0.67,1,1
30,4,21,9,N,nb14,45,1.77,1.865,0,0
30,4,21,9,N,nb15,45,1.098,-0.89,2,1
30,4,21,9,N,nb16,45,-1.103,-1.281,2,1
30,4,21,9,N,nb17,45,1.865,-1.22,1,1
30,4,21,9,N,nb18,45,0.961,0.115,0,0
30,4,21,9,N,nb19,45,-0.044,-1.262,1,1
30,4,21,9,N,nb20,45,1.865,-0.976,2,1
30,4,21,9,N,nb21,45,-0.732,0.274,1,1
30,4,21,9,N,nb22,45,-1.283,-1.129,2,1
30,4,21,9,N,nb23,45,-1.638,1.078,1,1
30,4,21,9,N,nb24,45,-1.862,1.035,1,1
30,4,21,9,N,nb25,45,1.803,1.241,0,0
30,4,21,9,N,nb26,45,0.751,-1.449,0,0
30,4,21,9,N,nb27,45,1.71,-0.787,1,1
30,4,21,9,N,nb28,45,-0.953,-1.089,1,1
30,4,21,9,N,nb29,45,-0.399,0.909,0,0
30,4,21,9,A,aa0,45,-1.033,0.594,1,0
30,4,21,9,A,aa1,45,-1.072,1.376,0,0
30,4,21,9,A,aa2,45,0.287,0.661,0,0
30,4,21,9,A,aa3,45,-1.093,1.084,0,0
30,4,21,9,A,aa4,45,-0.173,-1.373,1,0
30,4,21,9,A,aa5,45,0.898,-1.786,0,0
30,4,21,9,A,aa6,45,-1.231,-0.053,1,0
30,4,21,9,A,aa7,45,0.498,-1.003,2,0
30,4,21,9,A,aa8,45,0.253,0.841,0,0
30,4,21,9,N,nb0,50,-0.923,-1.439,1,1
30,4,21,9,N,nb1,50,-0.58,0.2,1,1
30,4,21,9,N,nb2,50,1.116,1.245,1,1
30,4,21,9,N,nb3,50,0.938,-0.968,1,0
30,4,21,9,N,nb4,50,-0.041,-1.031,1,0
30,4,21,9,N,nb5,50,1.213,1.017,1,1
30,4,21,9,N,nb6,50,-0.302,1.865,0,0
30,4,21,9,N,nb7,50,1.186,1.678,1,1
30,4,21,9,N,nb8,50,1.376,0.648,0,0
30,4,21,9,N,nb9,50,-1.461,-0.96,1,1
30,4,21,9,N,nb10,50,1.289,1.505,1,1
30,4,21,9,N,nb11,50,0.206,1.445,0,0
30,4,21,9,N,nb12,50,-0.796,-1.847,0,0
30,4,21,9,N,nb13,50,1.199,-0.67,1,1
30,4,21,9,N,nb14,50,1.714,1.865,0,0
30,4,21,9,N,nb15,50,1.098,-0.89,2,1
30,4,21,9,N,nb16,50,-1.103,-1.281,3,1
30,4,21,9,N,nb17,50,1.865,-1.22,1,1
30,4,21,9,N,nb18,50,0.866,0.147,0,0
30,4,21,9,N,nb19,50,-0.073,-1.275,1,0
30,4,21,9,N,nb20,50,1.865,-0.976,2,1
30,4,21,9,N,nb21,50,-0.732,0.274,1,1
30,4,21,9,N,nb22,50,-1.283,-1.129,2,1
30,4,21,9,N,nb23,50,-1.638,1.078,1,1
30,4,21,9,N,nb24,50,-1.862,1.035,1,1
30,4,21,9,N,nb25,50,1.78,1.331,0,0
30,4,21,9,N,nb26,50,0.672,-1.51,0,0
30,4,21,9,N,nb27,50,1.71,-0.787,1,1
30,4,21,9,N,nb28,50,-0.953,-1.089,1,1
30,4,21,9,N,nb29,50,-0.498,0.894,0,0
30,4,21,9,A,aa0,50,-0.99,0.504,1,0
30,4,21,9,A,aa1,50,-0.988,1.429,0,0
30,4,21,9,A,aa2,50,0.196,0.675,0,0
30,4,21,9,A,aa3,50,-1.18,1.133,1,0
30,4,21,9,A,aa4,50,-0.123,-1.453,0,0
30,4,21,9,A,aa5,50,0.848,-1.857,0,0
30,4,21,9,A,aa6,50,-1.229,-0.051,1,0
30,4,21,9,A,aa7,50,0.398,-1.012,0,0
30,4,21,9,A,aa8,50,0.337,0.888,0,0
30,4,21,9,N,nb0,55,-0.923,-1.439,1,1
30,4,21,9,N,nb1,55,-0.58,0.2,1,1
30,4,21,9,N,nb2,55,1.116,1.245,1,1
30,4,21,9,N,nb3,55,0.944,-1.062,1,0
30,4,21,9,N,nb4,55,-0.108,-1.086,1,0
30,4,21,9,N,nb5,55,1.213,1.017,1,1
30,4,21,9,N,nb6,55,-0.225,1.865,0,0
30,4,21,9,N,nb7,55,1.186,1.678,1,1
30,4,21,9,N,nb8,55,1.462,0.7,0,0
30,4,21,9,N,nb9,55,-1.461,-0.96,1,1
30,4,21,9,N,nb10,55,1.289,1.505,1,1
30,4,21,9,N,nb11,55,0.17,1.538,0,0
30,4,21,9,N,nb12,55,-0.706,-1.823,0,0
30,4,21,9,N,nb13,55,1.199,-0.67,1,1
30,4,21,9,N,nb14,55,1.646,1.865,0,0
30,4,21,9,N,nb15,55,1.098,-0.89,2,1
30,4,21,9,N,nb16,55,-1.103,-1.281,3,1
30,4,21,9,N,nb17,55,1.865,-1.22,1,1
30,4,21,9,N,nb18,55,0.772,0.179,0,0
30,4,21,9,N,nb19,55,-0.161,-1.302,1,0
30,4,21,9,N,nb20,55,1.865,-0.976,2,1
30,4,21,9,N,nb21,55,-0.732,0.274,1,1
30,4,21,9,N,nb22,55,-1.283,-1.129,2,1
30,4,21,9,N,nb23,55,-1.638,1.078,1,1
30,4,21,9,N,nb24,55,-1.862,1.035,1,1
30,4,21,9,N,nb25,55,1.748,1.422,0,0
30,4,21,9,N,nb26,55,0.592,-1.571,0,0
30,4,21,9,N,nb27,55,1.71,-0.787,1,1
30,4,21,9,N,nb28,55,-0.953,-1.089,1,1
30,4,21,9,N,nb29,55,-0.597,0.878,0,0
30,4,21,9,A,aa0,55,-0.946,0.414,1,0
30,4,21,9,A,aa1,55,-0.904,1.483,0,0
30,4,21,9,A,aa2,55,0.098,0.683,0,0
30,4,21,9,A,aa3,55,-1.267,1.183,1,0
30,4,21,9,A,aa4,55,-0.077,-1.539,0,0
30,4,21,9,A,aa5,55,0.789,-1.866,0,0
30,4,21,9,A,aa6,55,-1.256,-0.001,1,0
30,4,21,9,A,aa7,55,0.298,-1.021,0,0
30,4,21,9,A,aa8,55,0.421,0.94,0,0
30,4,21,9,N,nb0,60,-0.923,-1.439,1,1
30,4,21,9,N,nb1,60,-0.58,0.2,1,1
30,4,21,9,N,nb2,60,1.116,1.245,1,1
30,4,21,9,N,nb3,60,0.945,-1.16,0,0
30,4,21,9,N,nb4,60,-0.171,-1.123,1,1
30,4,21,9,N,nb5,60,1.213,1.017,1,1
30,4,21,9,N,nb6,60,-0.141,1.865,0,0
30,4,21,9,N,nb7,60,1.186,1.678,1,1
30,4,21,9,N,nb8,60,1.547,0.752,0,0
30,4,21,9,N,nb9,60,-1.461,-0.96,1,1
30,4,21,9,N,nb10,60,1.289,1.505,1,1
30,4,21,9,N,nb11,60,0.134,1.632,0,0
30,4,21,9,N,nb12,60,-0.617,-1.792,0,0
30,4,21,9,N,nb13,60,1.199,-0.67,1,1
30,4,21,9,N,nb14,60,1.57,1.865,0,0
30,4,21,9,N,nb15,60,1.098,-0.89,1,1
30,4,21,9,N,nb16,60,-1.103,-1.281,3,1
30,4,21,9,N,nb17,60,1.865,-1.22,1,1
30,4,21,9,N,nb18,60,0.677,0.21,0,0
30,4,21,9,N,nb19,60,-0.22,-1.317,1,1
30,4,21,9,N,nb20,60,1.865,-0.976,2,1
30,4,21,9,N,nb21,60,-0.732,0.274,1,1
30,4,21,9,N,nb22,60,-1.283,-1.129,2,1
30,4,21,9,N,nb23,60,-1.638,1.078,1,1
30,4,21,9,N,nb24,60,-1.862,1.035,1,1
30,4,21,9,N,nb25,60,1.712,1.516,0,0
30,4,21,9,N,nb26,60,0.513,-1.632,0,0
30,4,21,9,N,nb27,60,1.71,-0.787,1,1
30,4,21,9,N,nb28,60,-0.953,-1.089,1,1
30,4,21,9,N,nb29,60,-0.696,0.863,0,0
30,4,21,9,A,aa0,60,-0.944,0.411,1,0
30,4,21,9,A,aa1,60,-0.833,1.528,0,0
30,4,21,9,A,aa2,60,-0.002,0.69,0,0
30,4,21,9,A,aa3,60,-1.355,1.232,1,0
30,4,21,9,A,aa4,60,-0.032,-1.628,1,0
30,4,21,9,A,aa5,60,0.775,-1.866,0,0
30,4,21,9,A,aa6,60,-1.303,0.088,0,0
30,4,21,9,A,aa7,60,0.199,-1.029,1,0
30,4,21,9,A,aa8,60,0.506,0.993,0,0
30,4,21,9,N,nb0,65,-0.923,-1.439,1,1
30,4,21,9,N,nb1,65,-0.58,0.2,1,1
30,4,21,9,N,nb2,65,1.116,1.245,1,1
30,4,21,9,N,nb3,65,0.944,-1.26,0,0
30,4,21,9,N,nb4,65,-0.171,-1.123,1,1
30,4,21,9,N,nb5,65,1.213,1.017,1,1
30,4,21,9,N,nb6,65,-0.068,1.865,1,1
30,4,21,9,N,nb7,65,1.186,1.678,1,1
30,4,21,9,N,nb8,65,1.633,0.804,0,0
30,4,21,9,N,nb9,65,-1.461,-0.96,1,1
30,4,21,9,N,nb10,65,1.289,1.505,1,1
30,4,21,9,N,nb11,65,0.105,1.709,1,1
30,4,21,9,N,nb12,65,-0.531,-1.752,0,0
30,4,21,9,N,nb13,65,1.199,-0.67,1,1
30,4,21,9,N,nb14,65,1.487,1.865,0,0
30,4,21,9,N,nb15,65,1.098,-0.89,1,1
30,4,21,9,N,nb16,65,-1.103,-1.281,3,1
30,4,21,9,N,nb17,65,1.865,-1.22,1,1
30,4,21,9,N,nb18,65,0.582,0.242,0,0
30,4,21,9,N,nb19,65,-0.22,-1.317,1,1
30,4,21,9,N,nb20,65,1.865,-0.976,2,1
30,4,21,9,N,nb21,65,-0.732,0.274,1,1
30,4,21,9,N,nb22,65,-1.283,-1.129,2,1
30,4,21,9,N,nb23,65,-1.638,1.078,1,1
30,4,21,9,N,nb24,65,-1.862,1.035,1,1
30,4,21,9,N,nb25,65,1.677,1.609,0,0
30,4,21,9,N,nb26,65,0.433,-1.692,0,0
30,4,21,9,N,nb27,65,1.71,-0.787,1,1
30,4,21,9,N,nb28,65,-0.953,-1.089,1,1
30,4,21,9,N,nb29,65,-0.795,0.848,0,0
30,4,21,9,A,aa0,65,-0.866,0.384,1,0
30,4,21,9,A,aa1,65,-0.802,1.575,0,0
30,4,21,9,A,aa2,65,-0.102,0.697,0,0
30,4,21,9,A,aa3,65,-1.442,1.281,1,0
30,4,21,9,A,aa4,65,0.013,-1.717,1,0
30,4,21,9,A,aa5,65,0.773,-1.866,0,0
30,4,21,9,A,aa6,65,-1.35,0.176,0,0
30,4,21,9,A,aa7,65,0.099,-1.038,2,0
30,4,21,9,A,aa8,65,0.591,1.046,1,0
30,4,21,9,N,nb0,70,-0.923,-1.439,1,1
30,4,21,9,N,nb1,70,-0.58,0.199,1,1
30,4,21,9,N,nb2,70,1.116,1.245,1,1
30,4,21,9,N,nb3,70,0.943,-1.36,0,0
30,4,21,9,N,nb4,70,-0.171,-1.123,1,1
30,4,21,9,N,nb5,70,1.213,1.017,1,1
30,4,21,9,N,nb6,70,-0.068,1.865,1,1
30,4,21,9,N,nb7,70,1.186,1.678,1,1
30,4,21,9,N,nb8,70,1.718,0.856,0,0
30,4,21,9,N,nb9,70,-1.461,-0.96,1,1
30,4,21,9,N,nb10,70,1.289,1.505,1,1
30,4,21,9,N,nb11,70,0.105,1.709,1,1
30,4,21,9,N,nb12,70,-0.442,-1.707,0,0
30,4,21,9,N,nb13,70,1.199,-0.67,1,1
30,4,21,9,N,nb14,70,1.399,1.865,0,0
30,4,21,9,N,nb15,70,1.098,-0.89,1,1
30,4,21,9,N,nb16,70,-1.103,-1.281,3,1
30,4,21,9,N,nb17,70,1.865,-1.22,1,1
30,4,21,9,N,nb18,70,0.487,0.274,0,0
30,4,21,9,N,nb19,70,-0.22,-1.317,1,1
30,4,21,9,N,nb20,70,1.865,-0.976,2,1
30,4,21,9,N,nb21,70,-0.732,0.274,1,1
30,4,21,9,N,nb22,70,-1.283,-1.129,2,1
30,4,21,9,N,nb23,70,-1.638,1.078,1,1
30,4,21,9,N,nb24,70,-1.862,1.035,1,1
30,4,21,9,N,nb25,70,1.642,1.703,0,0
30,4,21,9,N,nb26,70,0.354,-1.753,0,0
30,4,21,9,N,nb27,70,1.71,-0.787,1,1
30,4,21,9,N,nb28,70,-0.953,-1.089,1,1
30,4,21,9,N,nb29,70,-0.894,0.833,0,0
30,4,21,9,A,aa0,70,-0.854,0.392,1,0
30,4,21,9,A,aa1,70,-0.748,1.659,0,0
30,4,21,9,A,aa2,70,-0.202,0.704,0,0
30,4,21,9,A,aa3,70,-1.529,1.33,2,0
30,4,21,9,A,aa4,70,0.057,-1.801,1,0
30,4,21,9,A,aa5,70,0.764,-1.866,0,0
30,4,21,9,A,aa6,70,-1.398,0.264,0,0
30,4,21,9,A,aa7,70,0.01,-1.042,2,0
30,4,21,9,A,aa8,70,0.676,1.099,2,0
30,4,21,9,N,nb0,75,-0.923,-1.439,1,1
30,4,21,9,N,nb1,75,-0.58,0.199,1,1
30,4,21,9,N,nb2,75,1.116,1.245,1,1
30,4,21,9,N,nb3,75,0.942,-1.46,0,0
30,4,21,9,N,nb4,75,-0.193,-1.125,1,1
30,4,21,9,N,nb5,75,1.213,1.017,1,1
30,4,21,9,N,nb6,75,-0.068,1.865,1,1
30,4,21,9,N,nb7,75,1.186,1.678,2,1
30,4,21,9,N,nb8,75,1.799,0.906,0,0
30,4,21,9,N,nb9,75,-1.461,-0.96,1,1
30,4,21,9,N,nb10,75,1.289,1.505,1,1
30,4,21,9,N,nb11,75,0.105,1.709,1,1
30,4,21,9,N,nb12,75,-0.352,-1.661,0,0
30,4,21,9,N,nb13,75,1.199,-0.67,1,1
30,4,21,9,N,nb14,75,1.342,1.865,1,1
30,4,21,9,N,nb15,75,1.098,-0.89,1,1
30,4,21,9,N,nb16,75,-1.103,-1.281,3,1
30,4,21,9,N,nb17,75,1.865,-1.22,1,1
30,4,21,9,N,nb18,75,0.392,0.306,0,0
30,4,21,9,N,nb19,75,-0.22,-1.317,1,1
30,4,21,9,N,nb20,75,1.865,-0.976,2,1
30,4,21,9,N,nb21,75,-0.732,0.274,1,1
30,4,21,9,N,nb22,75,-1.283,-1.129,2,1
30,4,21,9,N,nb23,75,-1.638,1.078,1,1
30,4,21,9,N,nb24,75,-1.862,1.035,1,1
30,4,21,9,N,nb25,75,1.607,1.794,0,0
30,4,21,9,N,nb26,75,0.281,-1.805,0,0
30,4,21,9,N,nb27,75,1.71,-0.787,1,1
30,4,21,9,N,nb28,75,-0.953,-1.089,1,1
30,4,21,9,N,nb29,75,-0.992,0.817,0,0
30,4,21,9,A,aa0,75,-0.82,0.419,0,0
30,4,21,9,A,aa1,75,-0.694,1.743,0,0
30,4,21,9,A,aa2,75,-0.301,0.711,1,0
30,4,21,9,A,aa3,75,-1.616,1.379,2,0
30,4,21,9,A,aa4,75,0.107,-1.866,0,0
30,4,21,9,A,aa5,75,0.764,-1.866,0,0
30,4,21,9,A,aa6,75,-1.445,0.352,0,0
30,4,21,9,A,aa7,75,-0.055,-1.027,1,0
30,4,21,9,A,aa8,75,0.761,1.152,2,0
30,4,21,9,N,nb0,80,-0.923,-1.439,1,1
30,4,21,9,N,nb1,80,-0.58,0.199,1,1
30,4,21,9,N,nb2,80,1.1,1.244,0,0
30,4,21,9,N,nb3,80,0.941,-1.56,0,0
30,4,21,9,N,nb4,80,-0.218,-1.133,1,1
30,4,21,9,N,nb5,80,1.202,1.007,0,0
30,4,21,9,N,nb6,80,-0.068,1.865,1,1
30,4,21,9,N,nb7,80,1.186,1.678,2,0
30,4,21,9,N,nb8,80,1.866,0.961,0,0
30,4,21,9,N,nb9,80,-1.461,-0.96,1,1
30,4,21,9,N,nb10,80,1.274,1.502,1,0
30,4,21,9,N,nb11,80,0.105,1.709,1,1
30,4,21,9,N,nb12,80,-0.263,-1.616,0,0
30,4,21,9,N,nb13,80,1.199,-0.67,1,1
30,4,21,9,N,nb14,80,1.342,1.865,2,1
30,4,21,9,N,nb15,80,1.098,-0.89,1,1
30,4,21,9,N,nb16,80,-1.103,-1.281,3,1
30,4,21,9,N,nb17,80,1.865,-1.22,1,1
30,4,21,9,N,nb18,80,0.298,0.338,0,0
30,4,21,9,N,nb19,80,-0.22,-1.317,1,1
30,4,21,9,N,nb20,80,1.865,-0.976,2,1
30,4,21,9,N,nb21,80,-0.732,0.274,1,1
30,4,21,9,N,nb22,80,-1.283,-1.129,2,1
30,4,21,9,N,nb23,80,-1.638,1.078,1,1
30,4,21,9,N,nb24,80,-1.862,1.035,1,1
30,4,21,9,N,nb25,80,1.584,1.843,1,1
30,4,21,9,N,nb26,80,0.258,-1.784,0,0
30,4,21,9,N,nb27,80,1.71,-0.787,1,1
30,4,21,9,N,nb28,80,-0.953,-1.089,1,1
30,4,21,9,N,nb29,80,-1.091,0.802,0,0
30,4,21,9,A,aa0,80,-0.744,0.446,1,0
30,4,21,9,A,aa1,80,-0.642,1.82,1,0
30,4,21,9,A,aa2,80,-0.401,0.718,2,0
30,4,21,9,A,aa3,80,-1.636,1.391,2,0
30,4,21,9,A,aa4,80,0.111,-1.866,0,0
30,4,21,9,A,aa5,80,0.816,-1.866,0,0
30,4,21,9,A,aa6,80,-1.492,0.44,0,0
30,4,21,9,A,aa7,80,-0.119,-0.994,1,0
30,4,21,9,A,aa8,80,0.846,1.204,1,0
30,4,21,9,N,nb0,85,-0.923,-1.439,1,1
30,4,21,9,N,nb1,85,-0.58,0.199,1,1
30,4,21,9,N,nb2,85,1.049,1.257,0,0
30,4,21,9,N,nb3,85,0.94,-1.655,0,0
30,4,21,9,N,nb4,85,-0.221,-1.134,1,1
30,4,21,9,N,nb5,85,1.131,0.938,0,0
30,4,21,9,N,nb6,85,-0.068,1.865,1,1
30,4,21,9,N,nb7,85,1.213,1.743,1,0
30,4,21,9,N,nb8,85,1.866,1.023,0,0
30,4,21,9,N,nb9,85,-1.461,-0.96,1,1
30,4,21,9,N,nb10,85,1.185,1.481,0,0
30,4,21,9,N,nb11,85,0.105,1.709,1,1
30,4,21,9,N,nb12,85,-0.176,-1.572,0,0
30,4,21,9,N,nb13,85,1.199,-0.67,1,1
30,4,21,9,N,nb14,85,1.342,1.865,2,1
30,4,21,9,N,nb15,85,1.098,-0.89,1,1
30,4,21,9,N,nb16,85,-1.103,-1.281,3,1
30,4,21,9,N,nb17,85,1.865,-1.22,1,1
30,4,21,9,N,nb18,85,0.203,0.369,0,0
30,4,21,9,N,nb19,85,-0.22,-1.317,1,1
30,4,21,9,N,nb20,85,1.865,-0.976,2,1
30,4,21,9,N,nb21,85,-0.732,0.274,1,1
30,4,21,9,N,nb22,85,-1.283,-1.129,2,1
30,4,21,9,N,nb23,85,-1.638,1.078,1,1
30,4,21,9,N,nb24,85,-1.862,1.035,1,1
30,4,21,9,N,nb25,85,1.584,1.843,1,1
30,4,21,9,N,nb26,85,0.235,-1.752,0,0
30,4,21,9,N,nb27,85,1.71,-0.787,1,1
30,4,21,9,N,nb28,85,-0.953,-1.089,1,1
30,4,21,9,N,nb29,85,-1.19,0.787,0,0
30,4,21,9,A,aa0,85,-0.654,0.474,2,0
30,4,21,9,A,aa1,85,-0.625,1.85,1,0
30,4,21,9,A,aa2,85,-0.501,0.725,1,0
30,4,21,9,A,aa3,85,-1.711,1.376,2,0
30,4,21,9,A,aa4,85,0.11,-1.865,0,0
30,4,21,9,A,aa5,85,0.881,-1.866,0,0
30,4,21,9,A,aa6,85,-1.539,0.528,1,0
30,4,21,9,A,aa7,85,-0.201,-0.954,1,0
30,4,21,9,A,aa8,85,0.881,1.245,0,0
30,4,21,9,N,nb0,90,-0.923,-1.439,1,1
30,4,21,9,N,nb1,90,-0.58,0.199,1,1
30,4,21,9,N,nb2,90,1.041,1.289,1,1
30,4,21,9,N,nb3,90,0.96,-1.697,0,0
30,4,21,9,N,nb4,90,-0.221,-1.134,1,1
30,4,21,9,N,nb5,90,1.06,0.867,0,0
30,4,21,9,N,nb6,90,-0.068,1.865,1,1
30,4,21,9,N,nb7,90,1.208,1.763,1,0
30,4,21,9,N,nb8,90,1.866,1.096,0,0
30,4,21,9,N,nb9,90,-1.461,-0.96,1,1
30,4,21,9,N,nb10,90,1.115,1.458,1,1
30,4,21,9,N,nb11,90,0.105,1.709,1,1
30,4,21,9,N,nb12,90,-0.091,-1.537,0,0
30,4,21,9,N,nb13,90,1.199,-0.67,1,1
30,4,21,9,N,nb14,90,1.342,1.865,2,1
30,4,21,9,N,nb15,90,1.098,-0.89,1,1
30,4,21,9,N,nb16,90,-1.103,-1.281,3,1
30,4,21,9,N,nb17,90,1.865,-1.22,1,1
30,4,21,9,N,nb18,90,0.108,0.401,0,0
30,4,21,9,N,nb19,90,-0.22,-1.317,1,1
30,4,21,9,N,nb20,90,1.865,-0.976,2,1
30,4,21,9,N,nb21,90,-0.732,0.274,1,1
30,4,21,9,N,nb22,90,-1.283,-1.129,2,1
30,4,21,9,N,nb23,90,-1.638,1.078,1,1
30,4,21,9,N,nb24,90,-1.862,1.035,1,1
30,4,21,9,N,nb25,90,1.584,1.843,1,1
30,4,21,9,N,nb26,90,0.217,-1.734,0,0
30,4,21,9,N,nb27,90,1.71,-0.787,1,1
30,4,21,9,N,nb28,90,-0.953,-1.089,1,1
30,4,21,9,N,nb29,90,-1.289,0.771,0,0
30,4,21,9,A,aa0,90,-0.565,0.508,2,0
30,4,21,9,A,aa1,90,-0.596,1.866,1,0
30,4,21,9,A,aa2,90,-0.596,0.733,1,0
30,4,21,9,A,aa3,90,-1.804,1.356,2,0
30,4,21,9,A,aa4,90,0.103,-1.858,0,0
30,4,21,9,A,aa5,90,0.95,-1.866,0,0
30,4,21,9,A,aa6,90,-1.579,0.602,2,0
30,4,21,9,A,aa7,90,-0.283,-0.905,1,0
30,4,21,9,A,aa8,90,0.873,1.287,0,0
30,4,21,9,N,nb0,95,-0.923,-1.439,1,1
30,4,21,9,N,nb1,95,-0.58,0.199,1,1
30,4,21,9,N,nb2,95,1.044,1.29,1,0
30,4,21,9,N,nb3,95,0.964,-1.697,0,0
30,4,21,9,N,nb4,95,-0.221,-1.134,1,1
30,4,21,9,N,nb5,95,0.989,0.797,0,0
30,4,21,9,N,nb6,95,-0.068,1.865,1,1
30,4,21,9,N,nb7,95,1.204,1.768,1,0
30,4,21,9,N,nb8,95,1.866,1.176,0,0
30,4,21,9,N,nb9,95,-1.461,-0.96,1,1
30,4,21,9,N,nb10,95,1.115,1.458,1,0
30,4,21,9,N,nb11,95,0.105,1.709,1,1
30,4,21,9,N,nb12,95,0.001,-1.509,0,0
30,4,21,9,N,nb13,95,1.199,-0.67,1,1
30,4,21,9,N,nb14,95,1.342,1.865,2,1
30,4,21,9,N,nb15,95,1.098,-0.89,1,0
30,4,21,9,N,nb16,95,-1.103,-1.281,3,1
30,4,21,9,N,nb17,95,1.865,-1.22,1,1
30,4,21,9,N,nb18,95,0.013,0.433,0,0
30,4,21,9,N,nb19,95,-0.22,-1.317,1,1
30,4,21,9,N,nb20,95,1.865,-0.976,2,1
30,4,21,9,N,nb21,95,-0.732,0.274,1,1
30,4,21,9,N,nb22,95,-1.283,-1.129,2,1
30,4,21,9,N,nb23,95,-1.638,1.078,1,1
30,4,21,9,N,nb24,95,-1.862,1.035,1,1
30,4,21,9,N,nb25,95,1.584,1.843,1,1
30,4,21,9,N,nb26,95,0.176,-1.699,0,0
30,4,21,9,N,nb27,95,1.71,-0.787,1,1
30,4,21,9,N,nb28,95,-0.953,-1.089,1,1
30,4,21,9,N,nb29,95,-1.385,0.757,0,0
30,4,21,9,A,aa0,95,-0.475,0.533,1,0
30,4,21,9,A,aa1,95,-0.553,1.866,1,0
30,4,21,9,A,aa2,95,-0.69,0.749,1,0
30,4,21,9,A,aa3,95,-1.866,1.328,2,0
30,4,21,9,A,aa4,95,0.105,-1.852,0,0
30,4,21,9,A,aa5,95,0.966,-1.866,0,0
30,4,21,9,A,aa6,95,-1.579,0.602,2,0
30,4,21,9,A,aa7,95,-0.363,-0.85,1,0
30,4,21,9,A,aa8,95,0.885,1.347,3,1
30,4,21,9,N,nb0,100,-0.923,-1.439,1,1
30,4,21,9,N,nb1,100,-0.58,0.199,1,1
30,4,21,9,N,nb2,100,0.984,1.297,1,0
30,4,21,9,N,nb3,100,0.977,-1.697,0,0
30,4,21,9,N,nb4,100,-0.221,-1.134,1,1
30,4,21,9,N,nb5,100,0.917,0.727,0,0
30,4,21,9,N,nb6,100,-0.068,1.865,1,1
30,4,21,9,N,nb7,100,1.181,1.814,1,0
30,4,21,9,N,nb8,100,1.866,1.261,0,0
30,4,21,9,N,nb9,100,-1.461,-0.96,1,1
30,4,21,9,N,nb10,100,1.043,1.457,1,0
30,4,21,9,N,nb11,100,0.105,1.709,1,1
30,4,21,9,N,nb12,100,0.021,-1.503,1,1
30,4,21,9,N,nb13,100,1.199,-0.67,1,1
30,4,21,9,N,nb14,100,1.342,1.865,2,1
30,4,21,9,N,nb15,100,1.098,-0.89,1,1
30,4,21,9,N,nb16,100,-1.103,-1.281,3,1
30,4,21,9,N,nb17,100,1.865,-1.22,1,1
30,4,21,9,N,nb18,100,-0.082,0.465,0,0
30,4,21,9,N,nb19,100,-0.22,-1.317,1,1
30,4,21,9,N,nb20,100,1.865,-0.976,2,1
30,4,21,9,N,nb21,100,-0.732,0.274,1,1
30,4,21,9,N,nb22,100,-1.283,-1.129,2,1
30,4,21,9,N,nb23,100,-1.638,1.078,1,1
30,4,21,9,N,nb24,100,-1.862,1.035,1,1
30,4,21,9,N,nb25,100,1.584,1.843,1,1
30,4,21,9,N,nb26,100,0.159,-1.691,1,1
30,4,21,9,N,nb27,100,1.71,-0.787,1,1
30,4,21,9,N,nb28,100,-0.953,-1.089,1,1
30,4,21,9,N,nb29,100,-1.473,0.752,0,0
30,4,21,9,A,aa0,100,-0.378,0.557,2,0
30,4,21,9,A,aa1,100,-0.519,1.866,1,0
30,4,21,9,A,aa2,100,-0.788,0.77,1,0
30,4,21,9,A,aa3,100,-1.866,1.288,2,0
30,4,21,9,A,aa4,100,0.106,-1.852,2,0
30,4,21,9,A,aa5,100,0.975,-1.866,0,0
30,4,21,9,A,aa6,100,-1.633,0.598,2,0
30,4,21,9,A,aa7,100,-0.445,-0.792,2,0
30,4,21,9,A,aa8,100,0.877,1.428,0,0
30,4,21,9,N,nb0,105,-0.923,-1.439,1,1
30,4,21,9,N,nb1,105,-0.58,0.199,1,1
30,4,21,9,N,nb2,105,0.894,1.309,1,1
30,4,21,9,N,nb3,105,1.03,-1.697,0,0
30,4,21,9,N,nb4,105,-0.221,-1.134,1,1
30,4,21,9,N,nb5,105,0.846,0.657,0,0
30,4,21,9,N,nb6,105,-0.068,1.865,1,1
30,4,21,9,N,nb7,105,1.169,1.865,1,1
30,4,21,9,N,nb8,105,1.866,1.351,0,0
30,4,21,9,N,nb9,105,-1.461,-0.96,1,1
30,4,21,9,N,nb10,105,0.968,1.464,1,1
30,4,21,9,N,nb11,105,0.105,1.709,1,1
30,4,21,9,N,nb12,105,0.021,-1.503,1,1
30,4,21,9,N,nb13,105,1.199,-0.67,1,0
30,4,21,9,N,nb14,105,1.342,1.865,2,1
30,4,21,9,N,nb15,105,1.098,-0.89,1,1
30,4,21,9,N,nb16,105,-1.103,-1.281,3,1
30,4,21,9,N,nb17,105,1.865,-1.22,1,1
30,4,21,9,N,nb18,105,-0.157,0.491,0,0
30,4,21,9,N,nb19,105,-0.22,-1.317,1,1
30,4,21,9,N,nb20,105,1.865,-0.976,2,1
30,4,21,9,N,nb21,105,-0.732,0.274,1,1
30,4,21,9,N,nb22,105,-1.283,-1.129,2,1
30,4,21,9,N,nb23,105,-1.638,1.078,1,0
30,4,21,9,N,nb24,105,-1.862,1.035,1,0
30,4,21,9,N,nb25,105,1.584,1.843,1,1
30,4,21,9,N,nb26,105,0.159,-1.691,1,1
30,4,21,9,N,nb27,105,1.71,-0.787,1,1
30,4,21,9,N,nb28,105,-0.953,-1.089,1,1
30,4,21,9,N,nb29,105,-1.561,0.763,0,0
30,4,21,9,A,aa0,105,-0.301,0.581,2,0
30,4,21,9,A,aa1,105,-0.519,1.866,1,0
30,4,21,9,A,aa2,105,-0.886,0.79,1,0
30,4,21,9,A,aa3,105,-1.866,1.235,2,0
30,4,21,9,A,aa4,105,0.112,-1.853,2,0
30,4,21,9,A,aa5,105,1.048,-1.865,0,0
30,4,21,9,A,aa6,105,-1.729,0.588,2,0
30,4,21,9,A,aa7,105,-0.513,-0.744,2,0
30,4,21,9,A,aa8,105,0.8,1.452,0,0
30,4,21,9,N,nb0,110,-0.923,-1.439,1,1
30,4,21,9,N,nb1,110,-0.58,0.199,1,1
30,4,21,9,N,nb2,110,0.875,1.31,1,0
30,4,21,9,N,nb3,110,1.09,-1.698,0,0
30,4,21,9,N,nb4,110,-0.221,-1.134,1,1
30,4,21,9,N,nb5,110,0.775,0.587,0,0
30,4,21,9,N,nb6,110,-0.068,1.865,1,1
30,4,21,9,N,nb7,110,1.167,1.865,1,0
30,4,21,9,N,nb8,110,1.865,1.443,0,0
30,4,21,9,N,nb9,110,-1.461,-0.96,1,1
30,4,21,9,N,nb10,110,0.96,1.467,1,0
30,4,21,9,N,nb11,110,0.105,1.709,1,1
30,4,21,9,N,nb12,110,0.021,-1.503,1,1
30,4,21,9,N,nb13,110,1.199,-0.67,1,1
30,4,21,9,N,nb14,110,1.342,1.865,2,1
30,4,21,9,N,nb15,110,1.098,-0.89,1,1
30,4,21,9,N,nb16,110,-1.103,-1.281,3,1
30,4,21,9,N,nb17,110,1.865,-1.22,1,1
30,4,21,9,N,nb18,110,-0.181,0.488,0,0
30,4,21,9,N,nb19,110,-0.22,-1.317,1,1
30,4,21,9,N,nb20,110,1.865,-0.976,2,1
30,4,21,9,N,nb21,110,-0.732,0.274,1,1
30,4,21,9,N,nb22,110,-1.283,-1.129,2,1
30,4,21,9,N,nb23,110,-1.638,1.078,1,1
30,4,21,9,N,nb24,110,-1.861,1.034,1,1
30,4,21,9,N,nb25,110,1.584,1.843,1,1
30,4,21,9,N,nb26,110,0.159,-1.69,1,1
30,4,21,9,N,nb27,110,1.71,-0.787,1,1
30,4,21,9,N,nb28,110,-0.953,-1.089,1,1
30,4,21,9,N,nb29,110,-1.647,0.787,0,0
30,4,21,9,A,aa0,110,-0.275,0.628,2,0
30,4,21,9,A,aa1,110,-0.527,1.866,1,0
30,4,21,9,A,aa2,110,-0.984,0.81,1,0
30,4,21,9,A,aa3,110,-1.866,1.203,2,0
30,4,21,9,A,aa4,110,0.116,-1.853,1,0
30,4,21,9,A,aa5,110,1.126,-1.863,0,0
30,4,21,9,A,aa6,110,-1.82,0.572,1,0
30,4,21,9,A,aa7,110,-0.513,-0.744,2,0
30,4,21,9,A,aa8,110,0.805,1.534,0,0
30,4,21,9,N,nb0,115,-0.923,-1.439,1,1
30,4,21,9,N,nb1,115,-0.58,0.199,1,1
30,4,21,9,N,nb2,115,0.781,1.31,1,0
30,4,21,9,N,nb3,115,1.155,-1.698,0,0
30,4,21,9,N,nb4,115,-0.221,-1.134,1,1
30,4,21,9,N,nb5,115,0.704,0.516,0,0
30,4,21,9,N,nb6,115,-0.068,1.865,1,1
30,4,21,9,N,nb7,115,1.146,1.865,1,0
30,4,21,9,N,nb8,115,1.857,1.535,0,0
30,4,21,9,N,nb9,115,-1.461,-0.96,1,1
30,4,21,9,N,nb10,115,0.904,1.48,1,0
30,4,21,9,N,nb11,115,0.105,1.709,1,1
30,4,21,9,N,nb12,115,0.021,-1.503,1,1
30,4,21,9,N,nb13,115,1.199,-0.67,1,1
30,4,21,9,N,nb14,115,1.342,1.865,2,1
30,4,21,9,N,nb15,115,1.098,-0.89,1,1
30,4,21,9,N,nb16,115,-1.103,-1.281,3,1
30,4,21,9,N,nb17,115,1.865,-1.22,1,1
30,4,21,9,N,nb18,115,-0.265,0.48,0,0
30,4,21,9,N,nb19,115,-0.22,-1.317,1,1
30,4,21,9,N,nb20,115,1.865,-0.976,2,1
30,4,21,9,N,nb21,115,-0.732,0.274,1,1
30,4,21,9,N,nb22,115,-1.283,-1.129,2,1
30,4,21,9,N,nb23,115,-1.638,1.078,1,1
30,4,21,9,N,nb24,115,-1.861,1.034,2,1
30,4,21,9,N,nb25,115,1.584,1.843,1,1
30,4,21,9,N,nb26,115,0.159,-1.689,1,1
30,4,21,9,N,nb27,115,1.71,-0.787,1,1
30,4,21,9,N,nb28,115,-0.953,-1.089,1,1
30,4,21,9,N,nb29,115,-1.738,0.822,1,1
30,4,21,9,A,aa0,115,-0.199,0.678,0,0
30,4,21,9,A,aa1,115,-0.552,1.866,1,0
30,4,21,9,A,aa2,115,-1.082,0.83,0,0
30,4,21,9,A,aa3,115,-1.866,1.203,2,0
30,4,21,9,A,aa4,115,0.12,-1.854,1,0
30,4,21,9,A,aa5,115,1.208,-1.859,0,0
30,4,21,9,A,aa6,115,-1.866,0.547,1,0
30,4,21,9,A,aa7,115,-0.607,-0.768,2,0
30,4,21,9,A,aa8,115,0.816,1.628,0,0
30,4,21,9,N,nb0,120,-0.923,-1.439,1,1
30,4,21,9,N,nb1,120,-0.58,0.199,1,1
30,4,21,9,N,nb2,120,0.701,1.306,1,1
30,4,21,9,N,nb3,120,1.228,-1.697,0,0
30,4,21,9,N,nb4,120,-0.221,-1.134,1,0
30,4,21,9,N,nb5,120,0.632,0.446,0,0
30,4,21,9,N,nb6,120,-0.068,1.865,1,1
30,4,21,9,N,nb7,120,1.119,1.865,1,1
30,4,21,9,N,nb8,120,1.84,1.626,0,0
30,4,21,9,N,nb9,120,-1.461,-0.96,1,1
30,4,21,9,N,nb10,120,0.831,1.49,1,1
30,4,21,9,N,nb11,120,0.105,1.709,1,1
30,4,21,9,N,nb12,120,0.021,-1.503,1,1
30,4,21,9,N,nb13,120,1.199,-0.67,1,1
30,4,21,9,N,nb14,120,1.342,1.865,2,1
30,4,21,9,N,nb15,120,1.098,-0.89,1,1
30,4,21,9,N,nb16,120,-1.103,-1.281,3,1
30,4,21,9,N,nb17,120,1.865,-1.22,1,1
30,4,21,9,N,nb18,120,-0.361,0.466,0,0
30,4,21,9,N,nb19,120,-0.22,-1.317,1,1
30,4,21,9,N,nb20,120,1.865,-0.976,2,1
30,4,21,9,N,nb21,120,-0.732,0.274,1,1
30,4,21,9,N,nb22,120,-1.283,-1.129,2,1
30,4,21,9,N,nb23,120,-1.638,1.078,1,1
30,4,21,9,N,nb24,120,-1.859,1.031,2,1
30,4,21,9,N,nb25,120,1.584,1.843,1,1
30,4,21,9,N,nb26,120,0.159,-1.689,1,1
30,4,21,9,N,nb27,120,1.71,-0.787,1,1
30,4,21,9,N,nb28,120,-0.953,-1.089,1,1
30,4,21,9,N,nb29,120,-1.741,0.823,1,1
30,4,21,9,A,aa0,120,-0.117,0.733,0,0
30,4,21,9,A,aa1,120,-0.593,1.866,1,0
30,4,21,9,A,aa2,120,-1.18,0.85,2,0
30,4,21,9,A,aa3,120,-1.866,1.2,2,0
30,4,21,9,A,aa4,120,0.123,-1.854,1,0
30,4,21,9,A,aa5,120,1.294,-1.853,0,0
30,4,21,9,A,aa6,120,-1.866,0.509,2,0
30,4,21,9,A,aa7,120,-0.704,-0.792,1,0
30,4,21,9,A,aa8,120,0.825,1.726,0,0
30,4,21,9,N,nb0,125,-0.923,-1.439,1,1
30,4,21,9,N,nb1,125,-0.58,0.199,1,1
30,4,21,9,N,nb2,125,0.701,1.306,1,1
30,4,21,9,N,nb3,125,1.308,-1.693,0,0
30,4,21,9,N,nb4,125,-0.221,-1.134,1,1
30,4,21,9,N,nb5,125,0.561,0.376,0,0
30,4,21,9,N,nb6,125,-0.068,1.865,1,0
30,4,21,9,N,nb7,125,1.119,1.865,1,1
30,4,21,9,N,nb8,125,1.813,1.716,0,0
30,4,21,9,N,nb9,125,-1.461,-0.96,1,1
30,4,21,9,N,nb10,125,0.831,1.49,1,1
30,4,21,9,N,nb11,125,0.105,1.709,1,0
30,4,21,9,N,nb12,125,0.021,-1.503,1,1
30,4,21,9,N,nb13,125,1.199,-0.67,1,1
30,4,21,9,N,nb14,125,1.342,1.865,2,1
30,4,21,9,N,nb15,125,1.098,-0.89,1,1
30,4,21,9,N,nb16,125,-1.103,-1.281,3,1
30,4,21,9,N,nb17,125,1.865,-1.22,1,1
30,4,21,9,N,nb18,125,-0.46,0.45,0,0
30,4,21,9,N,nb19,125,-0.22,-1.317,1,1
30,4,21,9,N,nb20,125,1.865,-0.976,2,1
30,4,21,9,N,nb21,125,-0.732,0.274,1,1
30,4,21,9,N,nb22,125,-1.283,-1.129,2,1
30,4,21,9,N,nb23,125,-1.638,1.078,1,1
30,4,21,9,N,nb24,125,-1.859,1.031,2,1
30,4,21,9,N,nb25,125,1.584,1.843,1,1
30,4,21,9,N,nb26,125,0.159,-1.689,1,1
30,4,21,9,N,nb27,125,1.71,-0.787,1,1
30,4,21,9,N,nb28,125,-0.953,-1.089,1,1
30,4,21,9,N,nb29,125,-1.741,0.823,1,1
30,4,21,9,A,aa0,125,-0.034,0.789,0,0
30,4,21,9,A,aa1,125,-0.648,1.866,1,0
30,4,21,9,A,aa2,125,-1.242,0.863,2,0
30,4,21,9,A,aa3,125,-1.866,1.2,2,0
30,4,21,9,A,aa4,125,0.125,-1.854,1,0
30,4,21,9,A,aa5,125,1.383,-1.845,0,0
30,4,21,9,A,aa6,125,-1.866,0.456,2,0
30,4,21,9,A,aa7,125,-0.801,-0.816,2,0
30,4,21,9,A,aa8,125,0.834,1.816,2,0
30,4,21,9,N,nb0,130,-0.923,-1.439,1,1
30,4,21,9,N,nb1,130,-0.58,0.199,2,1
30,4,21,9,N,nb2,130,0.701,1.306,1,1
30,4,21,9,N,nb3,130,1.394,-1.687,0,0
30,4,21,9,N,nb4,130,-0.221,-1.134,1,1
30,4,21,9,N,nb5,130,0.49,0.306,0,0
30,4,21,9,N,nb6,130,-0.068,1.865,1,1
30,4,21,9,N,nb7,130,1.119,1.865,1,1
30,4,21,9,N,nb8,130,1.806,1.736,1,1
30,4,21,9,N,nb9,130,-1.461,-0.96,1,0
30,4,21,9,N,nb10,130,0.831,1.49,1,1
30,4,21,9,N,nb11,130,0.105,1.709,1,1
30,4,21,9,N,nb12,130,0.021,-1.503,1,1
30,4,21,9,N,nb13,130,1.199,-0.67,1,1
30,4,21,9,N,nb14,130,1.342,1.865,2,1
30,4,21,9,N,nb15,130,1.098,-0.89,1,1
30,4,21,9,N,nb16,130,-1.103,-1.281,3,1
30,4,21,9,N,nb17,130,1.865,-1.22,1,1
30,4,21,9,N,nb18,130,-0.52,0.441,1,1
30,4,21,9,N,nb19,130,-0.22,-1.317,1,1
30,4,21,9,N,nb20,130,1.865,-0.976,2,1
30,4,21,9,N,nb21,130,-0.732,0.274,1,1
30,4,21,9,N,nb22,130,-1.283,-1.129,2,0
30,4,21,9,N,nb23,130,-1.638,1.078,1,1
30,4,21,9,N,nb24,130,-1.859,1.031,2,1
30,4,21,9,N,nb25,130,1.584,1.843,2,1
30,4,21,9,N,nb26,130,0.159,-1.688,1,1
30,4,21,9,N,nb27,130,1.71,-0.787,1,1
30,4,21,9,N,nb28,130,-0.953,-1.089,1,0
30,4,21,9,N,nb29,130,-1.741,0.823,1,1
30,4,21,9,A,aa0,130,0.049,0.845,0,0
30,4,21,9,A,aa1,130,-0.714,1.866,0,0
30,4,21,9,A,aa2,130,-1.295,0.843,3,1
30,4,21,9,A,aa3,130,-1.837,1.198,2,0
30,4,21,9,A,aa4,130,0.128,-1.854,1,0
30,4,21,9,A,aa5,130,1.475,-1.836,0,0
30,4,21,9,A,aa6,130,-1.866,0.392,1,0
30,4,21,9,A,aa7,130,-0.897,-0.84,3,1
30,4,21,9,A,aa8,130,0.855,1.866,2,0
30,4,21,9,N,nb0,135,-0.923,-1.439,1,1
30,4,21,9,N,nb1,135,-0.58,0.199,2,1
30,4,21,9,N,nb2,135,0.701,1.306,1,1
30,4,21,9,N,nb3,135,1.483,-1.676,0,0
30,4,21,9,N,nb4,135,-0.221,-1.134,1,1
30,4,21,9,N,nb5,135,0.419,0.236,0,0
30,4,21,9,N,nb6,135,-0.068,1.865,1,1
30,4,21,9,N,nb7,135,1.119,1.865,1,1
30,4,21,9,N,nb8,135,1.806,1.736,1,1
30,4,21,9,N,nb9,135,-1.435,-1.021,0,0
30,4,21,9,N,nb10,135,0.831,1.49,1,1
30,4,21,9,N,nb11,135,0.105,1.709,1,1
30,4,21,9,N,nb12,135,0.021,-1.503,1,1
30,4,21,9,N,nb13,135,1.199,-0.67,1,1
30,4,21,9,N,nb14,135,1.342,1.865,2,1
30,4,21,9,N,nb15,135,1.098,-0.89,1,1
30,4,21,9,N,nb16,135,-1.103,-1.281,3,1
30,4,21,9,N,nb17,135,1.865,-1.22,1,1
30,4,21,9,N,nb18,135,-0.52,0.441,1,1
30,4,21,9,N,nb19,135,-0.22,-1.317,1,1
30,4,21,9,N,nb20,135,1.865,-0.976,2,1
30,4,21,9,N,nb21,135,-0.732,0.274,1,0
30,4,21,9,N,nb22,135,-1.228,-1.164,1,0
30,4,21,9,N,nb23,135,-1.655,1.087,1,0
30,4,21,9,N,nb24,135,-1.865,1.021,2,0
30,4,21,9,N,nb25,135,1.584,1.843,2,1
30,4,21,9,N,nb26,135,0.159,-1.688,1,1
30,4,21,9,N,nb27,135,1.71,-0.787,1,1
30,4,21,9,N,nb28,135,-0.965,-1.156,1,0
30,4,21,9,N,nb29,135,-1.789,0.838,1,0
30,4,21,9,A,aa0,135,0.101,0.88,0,0
30,4,21,9,A,aa1,135,-0.789,1.866,0,0
30,4,21,9,A,aa2,135,-1.388,0.807,0,0
30,4,21,9,A,aa3,135,-1.798,1.177,0,0
30,4,21,9,A,aa4,135,0.13,-1.854,1,0
30,4,21,9,A,aa5,135,1.567,-1.823,0,0
30,4,21,9,A,aa6,135,-1.866,0.318,0,0
30,4,21,9,A,aa7,135,-0.989,-0.855,1,0
30,4,21,9,A,aa8,135,0.882,1.866,2,0
30,4,21,9,N,nb0,140,-0.923,-1.439,2,1
30,4,21,9,N,nb1,140,-0.58,0.199,2,1
30,4,21,9,N,nb2,140,0.701,1.306,1,1
30,4,21,9,N,nb3,140,1.572,-1.653,0,0
30,4,21,9,N,nb4,140,-0.221,-1.134,1,1
30,4,21,9,N,nb5,140,0.348,0.165,0,0
30,4,21,9,N,nb6,140,-0.068,1.865,1,1
30,4,21,9,N,nb7,140,1.119,1.865,1,1
30,4,21,9,N,nb8,140,1.806,1.736,1,1
30,4,21,9,N,nb9,140,-1.414,-1.107,0,0
30,4,21,9,N,nb10,140,0.831,1.49,1,1
30,4,21,9,N,nb11,140,0.105,1.709,1,1
30,4,21,9,N,nb12,140,0.021,-1.503,1,1
30,4,21,9,N,nb13,140,1.199,-0.67,1,1
30,4,21,9,N,nb14,140,1.342,1.865,2,1
30,4,21,9,N,nb15,140,1.098,-0.89,1,1
30,4,21,9,N,nb16,140,-1.09,-1.349,3,1
30,4,21,9,N,nb17,140,1.865,-1.22,1,1
30,4,21,9,N,nb18,140,-0.52,0.441,1,1
30,4,21,9,N,nb19,140,-0.22,-1.317,1,1
30,4,21,9,N,nb20,140,1.865,-0.976,2,1
30,4,21,9,N,nb21,140,-0.732,0.274,1,1
30,4,21,9,N,nb22,140,-1.16,-1.194,2,0
30,4,21,9,N,nb23,140,-1.693,1.095,1,0
30,4,21,9,N,nb24,140,-1.865,1.018,2,0
30,4,21,9,N,nb25,140,1.584,1.843,2,1
30,4,21,9,N,nb26,140,0.159,-1.688,1,1
30,4,21,9,N,nb27,140,1.71,-0.787,1,1
30,4,21,9,N,nb28,140,-0.963,-1.238,3,0
30,4,21,9,N,nb29,140,-1.866,0.848,1,0
30,4,21,9,A,aa0,140,0.123,0.933,0,0
30,4,21,9,A,aa1,140,-0.872,1.866,0,0
30,4,21,9,A,aa2,140,-1.481,0.771,0,0
30,4,21,9,A,aa3,140,-1.836,1.185,0,0
30,4,21,9,A,aa4,140,0.132,-1.854,1,0
30,4,21,9,A,aa5,140,1.595,-1.823,0,0
30,4,21,9,A,aa6,140,-1.866,0.237,0,0
30,4,21,9,A,aa7,140,-1.088,-0.869,0,0
30,4,21,9,A,aa8,140,0.882,1.866,2,0
30,4,21,9,N,nb0,145,-0.923,-1.439,2,1
30,4,21,9,N,nb1,145,-0.58,0.199,2,1
30,4,21,9,N,nb2,145,0.701,1.306,1,1
30,4,21,9,N,nb3,145,1.66,-1.62,0,0
30,4,21,9,N,nb4,145,-0.221,-1.134,1,1
30,4,21,9,N,nb5,145,0.276,0.095,0,0
30,4,21,9,N,nb6,145,-0.068,1.865,1,1
30,4,21,9,N,nb7,145,1.119,1.865,1,1
30,4,21,9,N,nb8,145,1.806,1.736,1,1
30,4,21,9,N,nb9,145,-1.4,-1.204,0,0
30,4,21,9,N,nb10,145,0.831,1.49,1,1
30,4,21,9,N,nb11,145,0.105,1.709,1,1
30,4,21,9,N,nb12,145,0.021,-1.503,1,1
30,4,21,9,N,nb13,145,1.199,-0.67,1,1
30,4,21,9,N,nb14,145,1.342,1.865,2,1
30,4,21,9,N,nb15,145,1.098,-0.89,1,1
30,4,21,9,N,nb16,145,-1.094,-1.363,3,1
30,4,21,9,N,nb17,145,1.865,-1.22,1,1
30,4,21,9,N,nb18,145,-0.52,0.441,1,1
30,4,21,9,N,nb19,145,-0.22,-1.317,1,1
30,4,21,9,N,nb20,145,1.865,-0.976,2,1
30,4,21,9,N,nb21,145,-0.732,0.274,1,1
30,4,21,9,N,nb22,145,-1.14,-1.2,2,1
30,4,21,9,N,nb23,145,-1.718,1.095,1,0
30,4,21,9,N,nb24,145,-1.865,1.013,2,0
30,4,21,9,N,nb25,145,1.584,1.843,2,1
30,4,21,9,N,nb26,145,0.159,-1.687,1,1
30,4,21,9,N,nb27,145,1.71,-0.787,1,1
30,4,21,9,N,nb28,145,-0.962,-1.258,3,1
30,4,21,9,N,nb29,145,-1.866,0.843,1,0
30,4,21,9,A,aa0,145,0.163,1.025,0,0
30,4,21,9,A,aa1,145,-0.909,1.866,0,0
30,4,21,9,A,aa2,145,-1.574,0.735,3,1
30,4,21,9,A,aa3,145,-1.843,1.209,2,0
30,4,21,9,A,aa4,145,0.134,-1.854,1,0
30,4,21,9,A,aa5,145,1.592,-1.807,0,0
30,4,21,9,A,aa6,145,-1.866,0.151,0,0
30,4,21,9,A,aa7,145,-1.187,-0.882,2,0
30,4,21,9,A,aa8,145,0.857,1.866,2,0
30,4,21,9,N,nb0,150,-0.923,-1.439,2,1
30,4,21,9,N,nb1,150,-0.58,0.199,2,1
30,4,21,9,N,nb2,150,0.701,1.306,1,1
30,4,21,9,N,nb3,150,1.748,-1.579,0,0
30,4,21,9,N,nb4,150,-0.221,-1.134,1,1
30,4,21,9,N,nb5,150,0.205,0.025,0,0
30,4,21,9,N,nb6,150,-0.068,1.865,1,1
30,4,21,9,N,nb7,150,1.119,1.865,1,1
30,4,21,9,N,nb8,150,1.806,1.736,1,1
30,4,21,9,N,nb9,150,-1.392,-1.296,0,0
30,4,21,9,N,nb10,150,0.831,1.49,1,1
30,4,21,9,N,nb11,150,0.105,1.709,1,1
30,4,21,9,N,nb12,150,0.021,-1.503,1,1
30,4,21,9,N,nb13,150,1.199,-0.67,1,1
30,4,21,9,N,nb14,150,1.342,1.865,2,1
30,4,21,9,N,nb15,150,1.098,-0.89,1,1
30,4,21,9,N,nb16,150,-1.094,-1.363,3,1
30,4,21,9,N,nb17,150,1.865,-1.22,1,1
30,4,21,9,N,nb18,150,-0.52,0.441,1,1
30,4,21,9,N,nb19,150,-0.22,-1.317,1,0
30,4,21,9,N,nb20,150,1.865,-0.976,2,1
30,4,21,9,N,nb21,150,-0.732,0.274,1,1
30,4,21,9,N,nb22,150,-1.14,-1.2,2,1
30,4,21,9,N,nb23,150,-1.729,1.091,1,0
30,4,21,9,N,nb24,150,-1.865,0.99,2,0
30,4,21,9,N,nb25,150,1.584,1.843,2,1
30,4,21,9,N,nb26,150,0.159,-1.687,1,1
30,4,21,9,N,nb27,150,1.71,-0.787,1,1
30,4,21,9,N,nb28,150,-0.962,-1.258,3,1
30,4,21,9,N,nb29,150,-1.866,0.821,1,0
30,4,21,9,A,aa0,150,0.202,1.117,1,0
30,4,21,9,A,aa1,150,-0.937,1.845,0,0
30,4,21,9,A,aa2,150,-1.664,0.7,0,0
30,4,21,9,A,aa3,150,-1.77,1.265,0,0
30,4,21,9,A,aa4,150,0.136,-1.855,1,0
30,4,21,9,A,aa5,150,1.567,-1.72,0,0
30,4,21,9,A,aa6,150,-1.857,0.115,0,0
30,4,21,9,A,aa7,150,-1.287,-0.895,2,0
30,4,21,9,A,aa8,150,0.802,1.866,3,1
30,4,21,9,N,nb0,155,-0.923,-1.439,2,1
30,4,21,9,N,nb1,155,-0.58,0.199,2,0
30,4,21,9,N,nb2,155,0.648,1.3,1,0
30,4,21,9,N,nb3,155,1.83,-1.537,0,0
30,4,21,9,N,nb4,155,-0.221,-1.134,1,1
30,4,21,9,N,nb5,155,0.134,-0.045,0,0
30,4,21,9,N,nb6,155,-0.068,1.865,1,1
30,4,21,9,N,nb7,155,1.095,1.865,1,0
30,4,21,9,N,nb8,155,1.806,1.736,1,1
30,4,21,9,N,nb9,155,-1.391,-1.396,0,0
30,4,21,9,N,nb10,155,0.78,1.494,1,0
30,4,21,9,N,nb11,155,0.105,1.709,1,1
30,4,21,9,N,nb12,155,0.021,-1.503,1,1
30,4,21,9,N,nb13,155,1.199,-0.67,1,1
30,4,21,9,N,nb14,155,1.342,1.865,2,1
30,4,21,9,N,nb15,155,1.098,-0.89,1,1
30,4,21,9,N,nb16,155,-1.094,-1.363,3,1
30,4,21,9,N,nb17,155,1.865,-1.22,1,1
30,4,21,9,N,nb18,155,-0.52,0.441,1,1
30,4,21,9,N,nb19,155,-0.22,-1.317,1,1
30,4,21,9,N,nb20,155,1.865,-0.976,2,1
30,4,21,9,N,nb21,155,-0.732,0.274,1,1
30,4,21,9,N,nb22,155,-1.14,-1.2,2,1
30,4,21,9,N,nb23,155,-1.763,1.082,1,0
30,4,21,9,N,nb24,155,-1.865,0.947,2,0
30,4,21,9,N,nb25,155,1.584,1.843,2,1
30,4,21,9,N,nb26,155,0.159,-1.686,1,1
30,4,21,9,N,nb27,155,1.71,-0.787,1,1
30,4,21,9,N,nb28,155,-0.962,-1.258,3,1
30,4,21,9,N,nb29,155,-1.866,0.778,1,0
30,4,21,9,A,aa0,155,0.241,1.209,1,0
30,4,21,9,A,aa1,155,-1.011,1.785,0,0
30,4,21,9,A,aa2,155,-1.743,0.658,0,0
30,4,21,9,A,aa3,155,-1.738,1.291,0,0
30,4,21,9,A,aa4,155,0.141,-1.854,1,0
30,4,21,9,A,aa5,155,1.529,-1.633,1,0
30,4,21,9,A,aa6,155,-1.826,0.027,0,0
30,4,21,9,A,aa7,155,-1.386,-0.908,1,0
30,4,21,9,A,aa8,155,0.736,1.866,0,0
30,4,21,9,N,nb0,160,-0.923,-1.439,2,1
30,4,21,9,N,nb1,160,-0.58,0.199,2,1
30,4,21,9,N,nb2,160,0.553,1.285,0,0
30,4,21,9,N,nb3,160,1.866,-1.488,0,0
30,4,21,9,N,nb4,160,-0.221,-1.134,1,1
30,4,21,9,N,nb5,160,0.063,-0.115,0,0
30,4,21,9,N,nb6,160,-0.068,1.865,1,1
30,4,21,9,N,nb7,160,1.042,1.865,0,0
30,4,21,9,N,nb8,160,1.806,1.736,1,1
30,4,21,9,N,nb9,160,-1.39,-1.496,0,0
30,4,21,9,N,nb10,160,0.692,1.511,0,0
30,4,21,9,N,nb11,160,0.105,1.709,1,1
30,4,21,9,N,nb12,160,0.021,-1.503,1,1
30,4,21,9,N,nb13,160,1.199,-0.67,1,1
30,4,21,9,N,nb14,160,1.342,1.865,1,1
30,4,21,9,N,nb15,160,1.098,-0.89,1,1
30,4,21,9,N,nb16,160,-1.094,-1.363,3,1
30,4,21,9,N,nb17,160,1.865,-1.22,1,0
30,4,21,9,N,nb18,160,-0.52,0.441,1,1
30,4,21,9,N,nb19,160,-0.22,-1.317,1,1
30,4,21,9,N,nb20,160,1.865,-0.976,2,1
30,4,21,9,N,nb21,160,-0.732,0.274,1,1
30,4,21,9,N,nb22,160,-1.14,-1.2,2,1
30,4,21,9,N,nb23,160,-1.776,1.081,1,1
30,4,21,9,N,nb24,160,-1.865,0.937,2,1
30,4,21,9,N,nb25,160,1.584,1.843,2,1
30,4,21,9,N,nb26,160,0.159,-1.686,1,1
30,4,21,9,N,nb27,160,1.71,-0.787,1,1
30,4,21,9,N,nb28,160,-0.962,-1.258,3,1
30,4,21,9,N,nb29,160,-1.866,0.768,1,1
30,4,21,9,A,aa0,160,0.28,1.301,1,0
30,4,21,9,A,aa1,160,-1.083,1.718,0,0
30,4,21,9,A,aa2,160,-1.764,0.632,2,0
30,4,21,9,A,aa3,160,-1.74,1.307,1,0
30,4,21,9,A,aa4,160,0.14,-1.854,1,0
30,4,21,9,A,aa5,160,1.487,-1.543,1,0
30,4,21,9,A,aa6,160,-1.788,-0.06,0,0
30,4,21,9,A,aa7,160,-1.485,-0.922,1,0
30,4,21,9,A,aa8,160,0.661,1.866,1,0
30,4,21,9,N,nb0,165,-0.923,-1.439,2,1
30,4,21,9,N,nb1,165,-0.58,0.199,2,1
30,4,21,9,N,nb2,165,0.466,1.264,0,0
30,4,21,9,N,nb3,165,1.866,-1.465,1,1
30,4,21,9,N,nb4,165,-0.221,-1.134,1,1
30,4,21,9,N,nb5,165,-0.008,-0.186,0,0
30,4,21,9,N,nb6,165,-0.068,1.865,1,1
30,4,21,9,N,nb7,165,0.977,1.865,0,0
30,4,21,9,N,nb8,165,1.806,1.736,1,1
30,4,21,9,N,nb9,165,-1.389,-1.596,0,0
30,4,21,9,N,nb10,165,0.598,1.54,0,0
30,4,21,9,N,nb11,165,0.105,1.709,1,1
30,4,21,9,N,nb12,165,0.021,-1.503,1,1
30,4,21,9,N,nb13,165,1.199,-0.67,1,1
30,4,21,9,N,nb14,165,1.342,1.865,1,0
30,4,21,9,N,nb15,165,1.098,-0.89,1,1
30,4,21,9,N,nb16,165,-1.094,-1.363,3,1
30,4,21,9,N,nb17,165,1.865,-1.22,2,1
30,4,21,9,N,nb18,165,-0.52,0.441,1,1
30,4,21,9,N,nb19,165,-0.22,-1.317,1,1
30,4,21,9,N,nb20,165,1.865,-0.976,2,1
30,4,21,9,N,nb21,165,-0.732,0.274,1,1
30,4,21,9,N,nb22,165,-1.14,-1.2,2,1
30,4,21,9,N,nb23,165,-1.776,1.081,1,1
30,4,21,9,N,nb24,165,-1.865,0.937,2,1
30,4,21,9,N,nb25,165,1.584,1.843,2,1
30,4,21,9,N,nb26,165,0.159,-1.686,1,1
30,4,21,9,N,nb27,165,1.71,-0.787,1,1
30,4,21,9,N,nb28,165,-0.962,-1.258,3,1
30,4,21,9,N,nb29,165,-1.866,0.768,1,1
30,4,21,9,A,aa0,165,0.315,1.388,1,0
30,4,21,9,A,aa1,165,-1.156,1.65,0,0
30,4,21,9,A,aa2,165,-1.806,0.552,1,0
30,4,21,9,A,aa3,165,-1.752,1.406,1,0
30,4,21,9,A,aa4,165,0.141,-1.854,1,0
30,4,21,9,A,aa5,165,1.444,-1.453,2,0
30,4,21,9,A,aa6,165,-1.743,-0.145,0,0
30,4,21,9,A,aa7,165,-1.584,-0.935,1,0
30,4,21,9,A,aa8,165,0.579,1.866,1,0
30,4,21,9,N,nb0,170,-0.923,-1.439,2,1
30,4,21,9,N,nb1,170,-0.58,0.199,2,1
30,4,21,9,N,nb2,170,0.382,1.229,0,0
30,4,21,9,N,nb3,170,1.866,-1.465,1,0
30,4,21,9,N,nb4,170,-0.221,-1.134,1,1
30,4,21,9,N,nb5,170,-0.08,-0.256,0,0
30,4,21,9,N,nb6,170,-0.068,1.865,1,1
30,4,21,9,N,nb7,170,0.903,1.865,0,0
30,4,21,9,N,nb8,170,1.806,1.736,1,1
30,4,21,9,N,nb9,170,-1.387,-1.696,0,0
30,4,21,9,N,nb10,170,0.507,1.569,0,0
30,4,21,9,N,nb11,170,0.105,1.709,1,1
30,4,21,9,N,nb12,170,0.021,-1.503,1,1
30,4,21,9,N,nb13,170,1.199,-0.67,1,1
30,4,21,9,N,nb14,170,1.342,1.865,1,1
30,4,21,9,N,nb15,170,1.098,-0.89,1,0
30,4,21,9,N,nb16,170,-1.094,-1.363,3,0
30,4,21,9,N,nb17,170,1.865,-1.22,2,0
30,4,21,9,N,nb18,170,-0.52,0.441,1,1
30,4,21,9,N,nb19,170,-0.22,-1.317,1,1
30,4,21,9,N,nb20,170,1.865,-0.976,2,1
30,4,21,9,N,nb21,170,-0.732,0.274,1,1
30,4,21,9,N,nb22,170,-1.14,-1.2,2,1
30,4,21,9,N,nb23,170,-1.776,1.081,1,1
30,4,21,9,N,nb24,170,-1.865,0.937,2,1
30,4,21,9,N,nb25,170,1.584,1.843,2,0
30,4,21,9,N,nb26,170,0.159,-1.685,1,1
30,4,21,9,N,nb27,170,1.71,-0.787,1,1
30,4,21,9,N,nb28,170,-0.962,-1.258,3,1
30,4,21,9,N,nb29,170,-1.866,0.768,1,1
30,4,21,9,A,aa0,170,0.341,1.478,1,0
30,4,21,9,A,aa1,170,-1.229,1.582,0,0
30,4,21,9,A,aa2,170,-1.841,0.467,1,0
30,4,21,9,A,aa3,170,-1.763,1.505,1,0
30,4,21,9,A,aa4,170,0.14,-1.853,1,0
30,4,21,9,A,aa5,170,1.401,-1.362,3,1
30,4,21,9,A,aa6,170,-1.693,-0.232,0,0
30,4,21,9,A,aa7,170,-1.647,-0.943,1,0
30,4,21,9,A,aa8,170,0.544,1.864,1,0
30,4,21,9,N,nb0,175,-0.923,-1.439,2,1
30,4,21,9,N,nb1,175,-0.58,0.199,2,1
30,4,21,9,N,nb2,175,0.295,1.183,0,0
30,4,21,9,N,nb3,175,1.866,-1.417,0,0
30,4,21,9,N,nb4,175,-0.221,-1.134,1,1
30,4,21,9,N,nb5,175,-0.151,-0.326,0,0
30,4,21,9,N,nb6,175,-0.068,1.865,1,1
30,4,21,9,N,nb7,175,0.821,1.865,0,0
30,4,21,9,N,nb8,175,1.806,1.736,1,1
30,4,21,9,N,nb9,175,-1.386,-1.793,0,0
30,4,21,9,N,nb10,175,0.465,1.626,0,0
30,4,21,9,N,nb11,175,0.105,1.709,1,1
30,4,21,9,N,nb12,175,0.021,-1.503,1,1
30,4,21,9,N,nb13,175,1.199,-0.67,1,1
30,4,21,9,N,nb14,175,1.342,1.865,1,1
30,4,21,9,N,nb15,175,1.066,-0.829,1,0
30,4,21,9,N,nb16,175,-1.094,-1.363,3,1
30,4,21,9,N,nb17,175,1.865,-1.166,1,0
30,4,21,9,N,nb18,175,-0.52,0.441,1,1
30,4,21,9,N,nb19,175,-0.22,-1.317,1,1
30,4,21,9,N,nb20,175,1.865,-0.998,1,0
30,4,21,9,N,nb21,175,-0.732,0.274,1,1
30,4,21,9,N,nb22,175,-1.14,-1.2,2,1
30,4,21,9,N,nb23,175,-1.776,1.081,1,1
30,4,21,9,N,nb24,175,-1.865,0.937,2,1
30,4,21,9,N,nb25,175,1.584,1.843,2,1
30,4,21,9,N,nb26,175,0.159,-1.684,1,1
30,4,21,9,N,nb27,175,1.71,-0.787,0,1
30,4,21,9,N,nb28,175,-0.962,-1.258,3,1
30,4,21,9,N,nb29,175,-1.866,0.768,1,1
30,4,21,9,A,aa0,175,0.317,1.545,1,0
30,4,21,9,A,aa1,175,-1.302,1.513,0,0
30,4,21,9,A,aa2,175,-1.847,0.447,1,0
30,4,21,9,A,aa3,175,-1.772,1.598,1,0
30,4,21,9,A,aa4,175,0.141,-1.852,1,0
30,4,21,9,A,aa5,175,1.358,-1.272,1,0
30,4,21,9,A,aa6,175,-1.644,-0.319,0,0
30,4,21,9,A,aa7,175,-1.647,-0.943,1,0
30,4,21,9,A,aa8,175,0.453,1.842,2,0
30,4,21,9,N,nb0,180,-0.923,-1.439,2,1
30,4,21,9,N,nb1,180,-0.58,0.199,2,1
30,4,21,9,N,nb2,180,0.207,1.136,0,0
30,4,21,9,N,nb3,180,1.866,-1.346,1,0
30,4,21,9,N,nb4,180,-0.221,-1.134,1,1
30,4,21,9,N,nb5,180,-0.222,-0.396,0,0
30,4,21,9,N,nb6,180,-0.068,1.865,1,1
30,4,21,9,N,nb7,180,0.735,1.865,0,0
30,4,21,9,N,nb8,180,1.806,1.736,1,1
30,4,21,9,N,nb9,180,-1.375,-1.866,0,0
30,4,21,9,N,nb10,180,0.416,1.685,0,0
30,4,21,9,N,nb11,180,0.105,1.709,1,1
30,4,21,9,N,nb12,180,0.021,-1.503,1,1
30,4,21,9,N,nb13,180,1.199,-0.67,1,1
30,4,21,9,N,nb14,180,1.342,1.865,1,1
30,4,21,9,N,nb15,180,1.014,-0.754,1,0
30,4,21,9,N,nb16,180,-1.094,-1.363,3,1
30,4,21,9,N,nb17,180,1.863,-1.143,2,0
30,4,21,9,N,nb18,180,-0.52,0.441,1,1
30,4,21,9,N,nb19,180,-0.22,-1.317,1,1
30,4,21,9,N,nb20,180,1.865,-0.975,2,0
30,4,21,9,N,nb21,180,-0.732,0.274,1,1
30,4,21,9,N,nb22,180,-1.14,-1.2,2,1
30,4,21,9,N,nb23,180,-1.776,1.081,1,1
30,4,21,9,N,nb24,180,-1.865,0.937,2,1
30,4,21,9,N,nb25,180,1.584,1.843,2,1
30,4,21,9,N,nb26,180,0.159,-1.683,1,1
30,4,21,9,N,nb27,180,1.71,-0.787,1,1
30,4,21,9,N,nb28,180,-0.962,-1.258,3,1
30,4,21,9,N,nb29,180,-1.866,0.768,1,1
30,4,21,9,A,aa0,180,0.267,1.606,1,0
30,4,21,9,A,aa1,180,-1.375,1.445,1,0
30,4,21,9,A,aa2,180,-1.824,0.421,1,0
30,4,21,9,A,aa3,180,-1.771,1.69,0,0
30,4,21,9,A,aa4,180,0.141,-1.851,1,0
30,4,21,9,A,aa5,180,1.315,-1.182,2,0
30,4,21,9,A,aa6,180,-1.595,-0.406,0,0
30,4,21,9,A,aa7,180,-1.688,-1.031,1,0
30,4,21,9,A,aa8,180,0.371,1.848,2,0
30,4,21,9,N,nb0,185,-0.923,-1.439,2,1
30,4,21,9,N,nb1,185,-0.58,0.199,2,1
30,4,21,9,N,nb2,185,0.118,1.089,0,0
30,4,21,9,N,nb3,185,1.866,-1.329,1,1
30,4,21,9,N,nb4,185,-0.221,-1.134,1,1
30,4,21,9,N,nb5,185,-0.293,-0.467,0,0
30,4,21,9,N,nb6,185,-0.068,1.865,1,1
30,4,21,9,N,nb7,185,0.645,1.865,0,0
30,4,21,9,N,nb8,185,1.806,1.736,1,1
30,4,21,9,N,nb9,185,-1.353,-1.866,0,0
30,4,21,9,N,nb10,185,0.389,1.721,0,0
30,4,21,9,N,nb11,185,0.087,1.726,1,1
30,4,21,9,N,nb12,185,0.021,-1.503,1,1
30,4,21,9,N,nb13,185,1.199,-0.67,1,0
30,4,21,9,N,nb14,185,1.342,1.865,1,1
30,4,21,9,N,nb15,185,1.0,-0.737,1,0
30,4,21,9,N,nb16,185,-1.094,-1.363,3,1
30,4,21,9,N,nb17,185,1.862,-1.138,2,0
30,4,21,9,N,nb18,185,-0.52,0.441,1,1
30,4,21,9,N,nb19,185,-0.22,-1.317,1,1
30,4,21,9,N,nb20,185,1.865,-0.97,2,1
30,4,21,9,N,nb21,185,-0.732,0.274,1,1
30,4,21,9,N,nb22,185,-1.14,-1.2,2,1
30,4,21,9,N,nb23,185,-1.776,1.081,1,1
30,4,21,9,N,nb24,185,-1.865,0.937,2,1
30,4,21,9,N,nb25,185,1.584,1.843,2,1
30,4,21,9,N,nb26,185,0.158,-1.682,1,1
30,4,21,9,N,nb27,185,1.71,-0.787,1,0
30,4,21,9,N,nb28,185,-0.962,-1.258,3,1
30,4,21,9,N,nb29,185,-1.866,0.768,1,1
30,4,21,9,A,aa0,185,0.237,1.647,1,0
30,4,21,9,A,aa1,185,-1.448,1.377,1,0
30,4,21,9,A,aa2,185,-1.757,0.352,1,0
30,4,21,9,A,aa3,185,-1.759,1.782,0,0
30,4,21,9,A,aa4,185,0.141,-1.85,1,0
30,4,21,9,A,aa5,185,1.272,-1.091,4,1
30,4,21,9,A,aa6,185,-1.545,-0.493,0,0
30,4,21,9,A,aa7,185,-1.73,-1.121,1,0
30,4,21,9,A,aa8,185,0.284,1.854,2,0
30,4,21,9,N,nb0,190,-0.923,-1.439,2,1
30,4,21,9,N,nb1,190,-0.58,0.199,2,1
30,4,21,9,N,nb2,190,0.03,1.042,0,0
30,4,21,9,N,nb3,190,1.866,-1.329,1,1
30,4,21,9,N,nb4,190,-0.221,-1.134,1,1
30,4,21,9,N,nb5,190,-0.364,-0.537,0,0
30,4,21,9,N,nb6,190,-0.068,1.865,1,1
30,4,21,9,N,nb7,190,0.587,1.865,1,1
30,4,21,9,N,nb8,190,1.806,1.736,1,1
30,4,21,9,N,nb9,190,-1.314,-1.866,0,0
30,4,21,9,N,nb10,190,0.374,1.76,1,1
30,4,21,9,N,nb11,190,0.067,1.744,1,1
30,4,21,9,N,nb12,190,0.021,-1.503,1,1
30,4,21,9,N,nb13,190,1.203,-0.759,0,0
30,4,21,9,N,nb14,190,1.342,1.865,1,1
30,4,21,9,N,nb15,190,0.939,-0.668,0,0
30,4,21,9,N,nb16,190,-1.094,-1.363,3,1
30,4,21,9,N,nb17,190,1.865,-1.123,2,0
30,4,21,9,N,nb18,190,-0.52,0.441,1,1
30,4,21,9,N,nb19,190,-0.22,-1.317,1,1
30,4,21,9,N,nb20,190,1.859,-0.955,2,1
30,4,21,9,N,nb21,190,-0.732,0.274,1,1
30,4,21,9,N,nb22,190,-1.14,-1.2,2,1
30,4,21,9,N,nb23,190,-1.776,1.081,1,1
30,4,21,9,N,nb24,190,-1.865,0.937,2,1
30,4,21,9,N,nb25,190,1.584,1.843,2,1
30,4,21,9,N,nb26,190,0.158,-1.68,1,1
30,4,21,9,N,nb27,190,1.795,-0.794,1,0
30,4,21,9,N,nb28,190,-0.962,-1.258,3,1
30,4,21,9,N,nb29,190,-1.866,0.768,1,1
30,4,21,9,A,aa0,190,0.225,1.682,2,0
30,4,21,9,A,aa1,190,-1.521,1.309,1,0
30,4,21,9,A,aa2,190,-1.685,0.283,1,0
30,4,21,9,A,aa3,190,-1.752,1.818,0,0
30,4,21,9,A,aa4,190,0.141,-1.848,0,0
30,4,21,9,A,aa5,190,1.229,-1.001,0,0
30,4,21,9,A,aa6,190,-1.496,-0.58,0,0
30,4,21,9,A,aa7,190,-1.773,-1.212,0,0
30,4,21,9,A,aa8,190,0.2,1.849,4,1
30,4,21,9,N,nb0,195,-0.923,-1.439,2,1
30,4,21,9,N,nb1,195,-0.58,0.199,2,1
30,4,21,9,N,nb2,195,-0.058,0.995,0,0
30,4,21,9,N,nb3,195,1.866,-1.329,1,1
30,4,21,9,N,nb4,195,-0.221,-1.134,1,1
30,4,21,9,N,nb5,195,-0.436,-0.607,0,0
30,4,21,9,N,nb6,195,-0.075,1.865,1,0
30,4,21,9,N,nb7,195,0.534,1.863,1,0
30,4,21,9,N,nb8,195,1.806,1.736,1,1
30,4,21,9,N,nb9,195,-1.261,-1.866,0,0
30,4,21,9,N,nb10,195,0.35,1.805,1,0
30,4,21,9,N,nb11,195,0.038,1.741,1,0
30,4,21,9,N,nb12,195,0.021,-1.503,1,1
30,4,21,9,N,nb13,195,1.197,-0.8,0,0
30,4,21,9,N,nb14,195,1.342,1.865,1,1
30,4,21,9,N,nb15,195,0.87,-0.596,0,0
30,4,21,9,N,nb16,195,-1.094,-1.363,3,1
30,4,21,9,N,nb17,195,1.865,-1.116,2,1
30,4,21,9,N,nb18,195,-0.52,0.441,1,1
30,4,21,9,N,nb19,195,-0.22,-1.317,1,1
30,4,21,9,N,nb20,195,1.856,-0.949,2,1
30,4,21,9,N,nb21,195,-0.732,0.274,1,1
30,4,21,9,N,nb22,195,-1.14,-1.2,2,1
30,4,21,9,N,nb23,195,-1.776,1.081,1,1
30,4,21,9,N,nb24,195,-1.865,0.937,2,1
30,4,21,9,N,nb25,195,1.584,1.843,2,1
30,4,21,9,N,nb26,195,0.158,-1.679,1,1
30,4,21,9,N,nb27,195,1.866,-0.779,1,1
30,4,21,9,N,nb28,195,-0.962,-1.258,3,1
30,4,21,9,N,nb29,195,-1.866,0.768,1,1
30,4,21,9,A,aa0,195,0.205,1.705,0,0
30,4,21,9,A,aa1,195,-1.592,1.242,1,0
30,4,21,9,A,aa2,195,-1.654,0.253,1,0
30,4,21,9,A,aa3,195,-1.77,1.845,0,0
30,4,21,9,A,aa4,195,0.143,-1.847,1,0
30,4,21,9,A,aa5,195,1.209,-0.967,0,0
30,4,21,9,A,aa6,195,-1.447,-0.667,0,0
30,4,21,9,A,aa7,195,-1.807,-1.295,0,0
30,4,21,9,A,aa8,195,0.154,1.865,0,0
30,4,21,9,N,nb0,200,-0.923,-1.439,2,0
30,4,21,9,N,nb1,200,-0.58,0.199,2,1
30,4,21,9,N,nb2,200,-0.146,0.948,0,0
30,4,21,9,N,nb3,200,1.866,-1.329,1,1
30,4,21,9,N,nb4,200,-0.221,-1.134,1,1
30,4,21,9,N,nb5,200,-0.507,-0.677,0,0
30,4,21,9,N,nb6,200,-0.094,1.865,1,0
30,4,21,9,N,nb7,200,0.461,1.859,1,0
30,4,21,9,N,nb8,200,1.806,1.736,1,1
30,4,21,9,N,nb9,200,-1.196,-1.866,0,0
30,4,21,9,N,nb10,200,0.292,1.866,1,0
30,4,21,9,N,nb11,200,0.006,1.729,1,0
30,4,21,9,N,nb12,200,0.021,-1.503,1,1
30,4,21,9,N,nb13,200,1.184,-0.804,0,0
30,4,21,9,N,nb14,200,1.342,1.865,1,1
30,4,21,9,N,nb15,200,0.801,-0.523,0,0
30,4,21,9,N,nb16,200,-1.094,-1.363,3,1
30,4,21,9,N,nb17,200,1.865,-1.116,2,1
30,4,21,9,N,nb18,200,-0.52,0.441,1,1
30,4,21,9,N,nb19,200,-0.22,-1.317,1,1
30,4,21,9,N,nb20,200,1.856,-0.949,2,1
30,4,21,9,N,nb21,200,-0.732,0.274,1,1
30,4,21,9,N,nb22,200,-1.14,-1.2,2,1
30,4,21,9,N,nb23,200,-1.776,1.081,1,1
30,4,21,9,N,nb24,200,-1.865,0.937,2,1
30,4,21,9,N,nb25,200,1.584,1.843,2,1
30,4,21,9,N,nb26,200,0.157,-1.676,1,1
30,4,21,9,N,nb27,200,1.866,-0.779,1,1
30,4,21,9,N,nb28,200,-0.962,-1.258,3,1
30,4,21,9,N,nb29,200,-1.866,0.768,1,1
30,4,21,9,A,aa0,200,0.192,1.713,0,0
30,4,21,9,A,aa1,200,-1.643,1.185,1,0
30,4,21,9,A,aa2,200,-1.617,0.256,1,0
30,4,21,9,A,aa3,200,-1.823,1.866,0,0
30,4,21,9,A,aa4,200,0.152,-1.845,1,0
30,4,21,9,A,aa5,200,1.196,-0.971,0,0
30,4,21,9,A,aa6,200,-1.398,-0.754,1,0
30,4,21,9,A,aa7,200,-1.826,-1.368,0,0
30,4,21,9,A,aa8,200,0.107,1.865,0,0
30,4,21,9,N,nb0,205,-0.923,-1.439,2,1
30,4,21,9,N,nb1,205,-0.58,0.199,2,1
30,4,21,9,N,nb2,205,-0.235,0.901,0,0
30,4,21,9,N,nb3,205,1.866,-1.329,1,1
30,4,21,9,N,nb4,205,-0.221,-1.134,1,1
30,4,21,9,N,nb5,205,-0.578,-0.747,0,0
30,4,21,9,N,nb6,205,-0.112,1.863,1,0
30,4,21,9,N,nb7,205,0.423,1.849,1,0
30,4,21,9,N,nb8,205,1.806,1.736,1,1
30,4,21,9,N,nb9,205,-1.122,-1.866,0,0
30,4,21,9,N,nb10,205,0.255,1.866,1,0
30,4,21,9,N,nb11,205,-0.02,1.714,1,0
30,4,21,9,N,nb12,205,0.021,-1.503,1,1
30,4,21,9,N,nb13,205,1.204,-0.811,0,0
30,4,21,9,N,nb14,205,1.342,1.865,1,1
30,4,21,9,N,nb15,205,0.732,-0.451,0,0
30,4,21,9,N,nb16,205,-1.094,-1.363,3,1
30,4,21,9,N,nb17,205,1.865,-1.116,2,1
30,4,21,9,N,nb18,205,-0.52,0.441,1,1
30,4,21,9,N,nb19,205,-0.22,-1.317,1,1
30,4,21,9,N,nb20,205,1.856,-0.949,2,1
30,4,21,9,N,nb21,205,-0.732,0.274,1,1
30,4,21,9,N,nb22,205,-1.14,-1.2,2,1
30,4,21,9,N,nb23,205,-1.776,1.081,1,1
30,4,21,9,N,nb24,205,-1.865,0.937,2,1
30,4,21,9,N,nb25,205,1.584,1.843,2,1
30,4,21,9,N,nb26,205,0.156,-1.675,1,1
30,4,21,9,N,nb27,205,1.866,-0.779,1,1
30,4,21,9,N,nb28,205,-0.962,-1.258,3,1
30,4,21,9,N,nb29,205,-1.866,0.768,1,1
30,4,21,9,A,aa0,205,0.15,1.722,3,1
30,4,21,9,A,aa1,205,-1.647,1.191,1,0
30,4,21,9,A,aa2,205,-1.517,0.265,0,0
30,4,21,9,A,aa3,205,-1.865,1.866,0,0
30,4,21,9,A,aa4,205,0.154,-1.844,1,0
30,4,21,9,A,aa5,205,1.154,-0.971,0,0
30,4,21,9,A,aa6,205,-1.348,-0.841,2,0
30,4,21,9,A,aa7,205,-1.813,-1.42,0,0
30,4,21,9,A,aa8,205,0.058,1.865,3,1
30,4,21,9,N,nb0,210,-0.923,-1.439,2,1
30,4,21,9,N,nb1,210,-0.58,0.199,2,1
30,4,21,9,N,nb2,210,-0.323,0.854,0,0
30,4,21,9,N,nb3,210,1.866,-1.329,1,1
30,4,21,9,N,nb4,210,-0.221,-1.134,1,1
30,4,21,9,N,nb5,210,-0.649,-0.818,0,0
30,4,21,9,N,nb6,210,-0.172,1.865,1,0
30,4,21,9,N,nb7,210,0.36,1.828,1,0
30,4,21,9,N,nb8,210,1.806,1.736,1,1
30,4,21,9,N,nb9,210,-1.041,-1.866,0,0
30,4,21,9,N,nb10,210,0.195,1.866,1,0
30,4,21,9,N,nb11,210,-0.073,1.711,1,0
30,4,21,9,N,nb12,210,0.021,-1.503,1,1
30,4,21,9,N,nb13,210,1.266,-0.864,0,0
30,4,21,9,N,nb14,210,1.342,1.865,1,1
30,4,21,9,N,nb15,210,0.663,-0.378,0,0
30,4,21,9,N,nb16,210,-1.094,-1.363,3,1
30,4,21,9,N,nb17,210,1.865,-1.116,2,1
30,4,21,9,N,nb18,210,-0.52,0.441,1,1
30,4,21,9,N,nb19,210,-0.22,-1.317,1,1
30,4,21,9,N,nb20,210,1.856,-0.949,2,1
30,4,21,9,N,nb21,210,-0.732,0.274,1,1
30,4,21,9,N,nb22,210,-1.14,-1.2,2,1
30,4,21,9,N,nb23,210,-1.776,1.081,1,1
30,4,21,9,N,nb24,210,-1.865,0.937,2,1
30,4,21,9,N,nb25,210,1.584,1.843,2,1
30,4,21,9,N,nb26,210,0.156,-1.675,1,1
30,4,21,9,N,nb27,210,1.866,-0.779,1,1
30,4,21,9,N,nb28,210,-0.962,-1.258,3,1
30,4,21,9,N,nb29,210,-1.866,0.768,1,1
30,4,21,9,A,aa0,210,0.096,1.727,0,0
30,4,21,9,A,aa1,210,-1.64,1.181,1,0
30,4,21,9,A,aa2,210,-1.418,0.274,0,0
30,4,21,9,A,aa3,210,-1.865,1.866,0,0
30,4,21,9,A,aa4,210,0.149,-1.844,1,0
30,4,21,9,A,aa5,210,1.076,-0.93,0,0
30,4,21,9,A,aa6,210,-1.299,-0.928,1,0
30,4,21,9,A,aa7,210,-1.783,-1.508,0,0
30,4,21,9,A,aa8,210,-0.003,1.865,0,0
30,4,21,9,N,nb0,215,-0.923,-1.439,2,1
30,4,21,9,N,nb1,215,-0.58,0.199,2,1
30,4,21,9,N,nb2,215,-0.411,0.807,0,0
30,4,21,9,N,nb3,215,1.866,-1.329,1,1
30,4,21,9,N,nb4,215,-0.221,-1.134,1,1
30,4,21,9,N,nb5,215,-0.72,-0.888,0,0
30,4,21,9,N,nb6,215,-0.247,1.865,1,0
30,4,21,9,N,nb7,215,0.28,1.788,1,0
30,4,21,9,N,nb8,215,1.806,1.736,1,1
30,4,21,9,N,nb9,215,-0.954,-1.866,0,0
30,4,21,9,N,nb10,215,0.129,1.866,1,0
30,4,21,9,N,nb11,215,-0.148,1.71,1,0
30,4,21,9,N,nb12,215,0.021,-1.503,1,1
30,4,21,9,N,nb13,215,1.339,-0.928,0,0
30,4,21,9,N,nb14,215,1.342,1.865,1,1
30,4,21,9,N,nb15,215,0.594,-0.306,0,0
30,4,21,9,N,nb16,215,-1.094,-1.363,3,1
30,4,21,9,N,nb17,215,1.865,-1.116,2,1
30,4,21,9,N,nb18,215,-0.52,0.441,1,1
30,4,21,9,N,nb19,215,-0.22,-1.317,1,1
30,4,21,9,N,nb20,215,1.856,-0.949,2,1
30,4,21,9,N,nb21,215,-0.732,0.274,1,1
30,4,21,9,N,nb22,215,-1.14,-1.2,2,1
30,4,21,9,N,nb23,215,-1.776,1.081,1,1
30,4,21,9,N,nb24,215,-1.865,0.937,2,1
30,4,21,9,N,nb25,215,1.584,1.843,2,1
30,4,21,9,N,nb26,215,0.156,-1.675,1,1
30,4,21,9,N,nb27,215,1.866,-0.779,1,1
30,4,21,9,N,nb28,215,-0.962,-1.258,3,1
30,4,21,9,N,nb29,215,-1.866,0.768,1,1
30,4,21,9,A,aa0,215,0.021,1.727,0,0
30,4,21,9,A,aa1,215,-1.619,1.143,2,0
30,4,21,9,A,aa2,215,-1.318,0.283,1,0
30,4,21,9,A,aa3,215,-1.865,1.866,0,0
30,4,21,9,A,aa4,215,0.099,-1.836,2,0
30,4,21,9,A,aa5,215,0.989,-0.885,0,0
30,4,21,9,A,aa6,215,-1.253,-1.01,1,0
30,4,21,9,A,aa7,215,-1.744,-1.597,0,0
30,4,21,9,A,aa8,215,-0.078,1.865,0,0
30,4,21,9,N,nb0,220,-0.923,-1.439,2,1
30,4,21,9,N,nb1,220,-0.58,0.199,2,1
30,4,21,9,N,nb2,220,-0.499,0.76,0,0
30,4,21,9,N,nb3,220,1.866,-1.329,1,1
30,4,21,9,N,nb4,220,-0.221,-1.134,1,1
30,4,21,9,N,nb5,220,-0.792,-0.958,0,0
30,4,21,9,N,nb6,220,-0.313,1.851,1,0
30,4,21,9,N,nb7,220,0.262,1.777,1,0
30,4,21,9,N,nb8,220,1.806,1.736,1,1
30,4,21,9,N,nb9,220,-0.864,-1.866,0,0
30,4,21,9,N,nb10,220,0.114,1.866,1,0
30,4,21,9,N,nb11,220,-0.206,1.698,1,0
30,4,21,9,N,nb12,220,0.053,-1.493,1,0
30,4,21,9,N,nb13,220,1.416,-0.993,0,0
30,4,21,9,N,nb14,220,1.342,1.865,1,1
30,4,21,9,N,nb15,220,0.525,-0.234,0,0
30,4,21,9,N,nb16,220,-1.094,-1.364,3,1
30,4,21,9,N,nb17,220,1.865,-1.116,2,1
30,4,21,9,N,nb18,220,-0.52,0.441,1,0
30,4,21,9,N,nb19,220,-0.253,-1.328,1,0
30,4,21,9,N,nb20,220,1.856,-0.949,2,1
30,4,21,9,N,nb21,220,-0.732,0.274,1,1
30,4,21,9,N,nb22,220,-1.14,-1.2,2,1
30,4,21,9,N,nb23,220,-1.776,1.081,1,1
30,4,21,9,N,nb24,220,-1.865,0.937,2,1
30,4,21,9,N,nb25,220,1.584,1.843,2,1
30,4,21,9,N,nb26,220,0.124,-1.667,1,0
30,4,21,9,N,nb27,220,1.866,-0.779,1,1
30,4,21,9,N,nb28,220,-0.962,-1.258,3,1
30,4,21,9,N,nb29,220,-1.866,0.768,1,1
30,4,21,9,A,aa0,220,-0.038,1.724,3,1
30,4,21,9,A,aa1,220,-1.605,1.063,3,1
30,4,21,9,A,aa2,220,-1.219,0.293,1,0
30,4,21,9,A,aa3,220,-1.865,1.866,0,0
30,4,21,9,A,aa4,220,0.059,-1.829,0,0
30,4,21,9,A,aa5,220,0.9,-0.84,0,0
30,4,21,9,A,aa6,220,-1.228,-1.056,1,0
30,4,21,9,A,aa7,220,-1.702,-1.687,0,0
30,4,21,9,A,aa8,220,-0.144,1.857,3,1
30,4,21,9,N,nb0,225,-0.923,-1.439,2,1
30,4,21,9,N,nb1,225,-0.58,0.199,2,1
30,4,21,9,N,nb2,225,-0.588,0.713,0,0
30,4,21,9,N,nb3,225,1.866,-1.329,1,1
30,4,21,9,N,nb4,225,-0.221,-1.134,0,1
30,4,21,9,N,nb5,225,-0.861,-1.026,0,0
30,4,21,9,N,nb6,225,-0.39,1.854,1,0
30,4,21,9,N,nb7,225,0.191,1.725,1,0
30,4,21,9,N,nb8,225,1.806,1.736,1,1
30,4,21,9,N,nb9,225,-0.772,-1.864,0,0
30,4,21,9,N,nb10,225,0.056,1.866,1,0
30,4,21,9,N,nb11,225,-0.29,1.686,1,0
30,4,21,9,N,nb12,225,0.14,-1.458,1,0
30,4,21,9,N,nb13,225,1.492,-1.057,0,0
30,4,21,9,N,nb14,225,1.342,1.865,1,1
30,4,21,9,N,nb15,225,0.456,-0.161,0,0
30,4,21,9,N,nb16,225,-1.094,-1.364,3,1
30,4,21,9,N,nb17,225,1.865,-1.116,2,0
30,4,21,9,N,nb18,225,-0.52,0.441,1,1
30,4,21,9,N,nb19,225,-0.342,-1.361,0,0
30,4,21,9,N,nb20,225,1.856,-0.949,2,1
30,4,21,9,N,nb21,225,-0.732,0.274,1,1
30,4,21,9,N,nb22,225,-1.14,-1.2,2,1
30,4,21,9,N,nb23,225,-1.825,1.075,1,0
30,4,21,9,N,nb24,225,-1.865,0.907,2,0
30,4,21,9,N,nb25,225,1.584,1.843,2,1
30,4,21,9,N,nb26,225,0.039,-1.635,1,0
30,4,21,9,N,nb27,225,1.866,-0.779,1,0
30,4,21,9,N,nb28,225,-0.962,-1.258,3,1
30,4,21,9,N,nb29,225,-1.866,0.738,1,0
30,4,21,9,A,aa0,225,-0.121,1.703,0,0
30,4,21,9,A,aa1,225,-1.592,0.97,0,0
30,4,21,9,A,aa2,225,-1.119,0.302,1,0
30,4,21,9,A,aa3,225,-1.865,1.863,0,0
30,4,21,9,A,aa4,225,0.048,-1.841,0,0
30,4,21,9,A,aa5,225,0.81,-0.795,0,0
30,4,21,9,A,aa6,225,-1.22,-1.051,1,0
30,4,21,9,A,aa7,225,-1.66,-1.778,0,0
30,4,21,9,A,aa8,225,-0.221,1.841,0,0
30,4,21,9,N,nb0,230,-0.923,-1.439,2,1
30,4,21,9,N,nb1,230,-0.58,0.199,2,1
30,4,21,9,N,nb2,230,-0.676,0.666,0,0
30,4,21,9,N,nb3,230,1.866,-1.329,1,1
30,4,21,9,N,nb4,230,-0.221,-1.134,0,1
30,4,21,9,N,nb5,230,-0.876,-1.04,1,1
30,4,21,9,N,nb6,230,-0.463,1.865,1,1
30,4,21,9,N,nb7,230,0.124,1.661,1,1
30,4,21,9,N,nb8,230,1.806,1.736,1,1
30,4,21,9,N,nb9,230,-0.68,-1.854,0,0
30,4,21,9,N,nb10,230,-0.011,1.866,1,1
30,4,21,9,N,nb11,230,-0.374,1.682,1,1
30,4,21,9,N,nb12,230,0.229,-1.415,0,0
30,4,21,9,N,nb13,230,1.568,-1.122,0,0
30,4,21,9,N,nb14,230,1.342,1.865,1,1
30,4,21,9,N,nb15,230,0.387,-0.089,0,0
30,4,21,9,N,nb16,230,-1.094,-1.364,3,1
30,4,21,9,N,nb17,230,1.865,-1.116,2,1
30,4,21,9,N,nb18,230,-0.52,0.441,1,1
30,4,21,9,N,nb19,230,-0.433,-1.4,0,0
30,4,21,9,N,nb20,230,1.856,-0.949,2,1
30,4,21,9,N,nb21,230,-0.732,0.274,1,1
30,4,21,9,N,nb22,230,-1.14,-1.2,2,1
30,4,21,9,N,nb23,230,-1.865,1.07,1,0
30,4,21,9,N,nb24,230,-1.865,0.848,2,0
30,4,21,9,N,nb25,230,1.584,1.843,2,1
30,4,21,9,N,nb26,230,-0.052,-1.598,0,0
30,4,21,9,N,nb27,230,1.866,-0.779,1,1
30,4,21,9,N,nb28,230,-0.962,-1.258,4,1
30,4,21,9,N,nb29,230,-1.866,0.679,1,0
30,4,21,9,A,aa0,230,-0.203,1.668,0,0
30,4,21,9,A,aa1,230,-1.573,0.873,0,0
30,4,21,9,A,aa2,230,-1.02,0.311,1,0
30,4,21,9,A,aa3,230,-1.865,1.855,0,0
30,4,21,9,A,aa4,230,-0.01,-1.866,0,0
30,4,21,9,A,aa5,230,0.721,-0.75,0,0
30,4,21,9,A,aa6,230,-1.214,-1.048,2,0
30,4,21,9,A,aa7,230,-1.644,-1.812,0,0
30,4,21,9,A,aa8,230,-0.296,1.833,0,0
30,4,21,9,N,nb0,235,-0.923,-1.439,2,1
30,4,21,9,N,nb1,235,-0.58,0.199,2,1
30,4,21,9,N,nb2,235,-0.764,0.619,0,0
30,4,21,9,N,nb3,235,1.866,-1.329,1,1
30,4,21,9,N,nb4,235,-0.221,-1.134,0,1
30,4,21,9,N,nb5,235,-0.876,-1.04,1,1
30,4,21,9,N,nb6,235,-0.474,1.864,1,0
30,4,21,9,N,nb7,235,0.111,1.648,0,0
30,4,21,9,N,nb8,235,1.806,1.736,1,1
30,4,21,9,N,nb9,235,-0.589,-1.835,0,0
30,4,21,9,N,nb10,235,-0.025,1.866,0,0
30,4,21,9,N,nb11,235,-0.427,1.677,1,0
30,4,21,9,N,nb12,235,0.318,-1.371,0,0
30,4,21,9,N,nb13,235,1.63,-1.174,1,1
30,4,21,9,N,nb14,235,1.342,1.865,1,1
30,4,21,9,N,nb15,235,0.318,-0.017,0,0
30,4,21,9,N,nb16,235,-1.094,-1.364,3,1
30,4,21,9,N,nb17,235,1.865,-1.116,3,1
30,4,21,9,N,nb18,235,-0.52,0.441,1,1
30,4,21,9,N,nb19,235,-0.525,-1.44,0,0
30,4,21,9,N,nb20,235,1.856,-0.949,2,1
30,4,21,9,N,nb21,235,-0.732,0.274,1,1
30,4,21,9,N,nb22,235,-1.14,-1.2,2,1
30,4,21,9,N,nb23,235,-1.865,1.071,0,0
30,4,21,9,N,nb24,235,-1.865,0.82,1,0
30,4,21,9,N,nb25,235,1.584,1.843,2,1
30,4,21,9,N,nb26,235,-0.143,-1.558,0,0
30,4,21,9,N,nb27,235,1.866,-0.779,1,1
30,4,21,9,N,nb28,235,-0.962,-1.258,4,1
30,4,21,9,N,nb29,235,-1.866,0.651,1,0
30,4,21,9,A,aa0,235,-0.259,1.627,0,0
30,4,21,9,A,aa1,235,-1.553,0.775,3,1
30,4,21,9,A,aa2,235,-0.928,0.321,2,0
30,4,21,9,A,aa3,235,-1.865,1.824,0,0
30,4,21,9,A,aa4,235,-0.078,-1.866,0,0
30,4,21,9,A,aa5,235,0.632,-0.705,0,0
30,4,21,9,A,aa6,235,-1.197,-1.041,1,0
30,4,21,9,A,aa7,235,-1.644,-1.812,0,0
30,4,21,9,A,aa8,235,-0.312,1.815,0,0
30,4,21,9,N,nb0,240,-0.923,-1.439,2,1
30,4,21,9,N,nb1,240,-0.58,0.199,2,1
30,4,21,9,N,nb2,240,-0.851,0.573,0,0
30,4,21,9,N,nb3,240,1.866,-1.329,1,1
30,4,21,9,N,nb4,240,-0.221,-1.134,0,1
30,4,21,9,N,nb5,240,-0.876,-1.04,1,1
30,4,21,9,N,nb6,240,-0.521,1.865,1,0
30,4,21,9,N,nb7,240,0.047,1.573,0,0
30,4,21,9,N,nb8,240,1.806,1.736,1,1
30,4,21,9,N,nb9,240,-0.5,-1.807,0,0
30,4,21,9,N,nb10,240,-0.102,1.866,0,0
30,4,21,9,N,nb11,240,-0.507,1.697,1,0
30,4,21,9,N,nb12,240,0.408,-1.327,0,0
30,4,21,9,N,nb13,240,1.63,-1.174,1,1
30,4,21,9,N,nb14,240,1.342,1.865,1,1
30,4,21,9,N,nb15,240,0.249,0.056,0,0
30,4,21,9,N,nb16,240,-1.094,-1.364,3,1
30,4,21,9,N,nb17,240,1.865,-1.116,3,1
30,4,21,9,N,nb18,240,-0.52,0.441,1,1
30,4,21,9,N,nb19,240,-0.617,-1.479,0,0
30,4,21,9,N,nb20,240,1.856,-0.949,2,1
30,4,21,9,N,nb21,240,-0.731,0.274,1,1
30,4,21,9,N,nb22,240,-1.14,-1.2,2,1
30,4,21,9,N,nb23,240,-1.865,1.083,0,0
30,4,21,9,N,nb24,240,-1.865,0.766,1,0
30,4,21,9,N,nb25,240,1.584,1.843,2,1
30,4,21,9,N,nb26,240,-0.235,-1.518,0,0
30,4,21,9,N,nb27,240,1.866,-0.779,1,1
30,4,21,9,N,nb28,240,-0.962,-1.258,4,1
30,4,21,9,N,nb29,240,-1.866,0.597,1,0
30,4,21,9,A,aa0,240,-0.329,1.567,0,0
30,4,21,9,A,aa1,240,-1.544,0.732,0,0
30,4,21,9,A,aa2,240,-0.887,0.341,2,0
30,4,21,9,A,aa3,240,-1.865,1.777,0,0
30,4,21,9,A,aa4,240,-0.154,-1.866,0,0
30,4,21,9,A,aa5,240,0.543,-0.66,0,0
30,4,21,9,A,aa6,240,-1.181,-1.036,3,1
30,4,21,9,A,aa7,240,-1.555,-1.801,0,0
30,4,21,9,A,aa8,240,-0.362,1.807,0,0
30,4,21,9,N,nb0,245,-0.918,-1.447,3,1
30,4,21,9,N,nb1,245,-0.58,0.199,2,1
30,4,21,9,N,nb2,245,-0.934,0.538,0,0
30,4,21,9,N,nb3,245,1.866,-1.329,1,1
30,4,21,9,N,nb4,245,-0.221,-1.134,0,0
30,4,21,9,N,nb5,245,-0.915,-1.071,2,0
30,4,21,9,N,nb6,245,-0.595,1.865,1,1
30,4,21,9,N,nb7,245,-0.019,1.498,0,0
30,4,21,9,N,nb8,245,1.806,1.736,1,1
30,4,21,9,N,nb9,245,-0.414,-1.771,0,0
30,4,21,9,N,nb10,245,-0.186,1.866,0,0
30,4,21,9,N,nb11,245,-0.574,1.697,1,1
30,4,21,9,N,nb12,245,0.498,-1.283,0,0
30,4,21,9,N,nb13,245,1.63,-1.174,1,1
30,4,21,9,N,nb14,245,1.342,1.865,1,1
30,4,21,9,N,nb15,245,0.18,0.128,0,0
30,4,21,9,N,nb16,245,-1.092,-1.383,3,1
30,4,21,9,N,nb17,245,1.865,-1.116,3,1
30,4,21,9,N,nb18,245,-0.52,0.441,1,1
30,4,21,9,N,nb19,245,-0.69,-1.511,1,1
30,4,21,9,N,nb20,245,1.856,-0.949,2,1
30,4,21,9,N,nb21,245,-0.731,0.274,1,1
30,4,21,9,N,nb22,245,-1.11,-1.214,3,0
30,4,21,9,N,nb23,245,-1.865,1.112,0,0
30,4,21,9,N,nb24,245,-1.865,0.685,1,0
30,4,21,9,N,nb25,245,1.584,1.843,2,1
30,4,21,9,N,nb26,245,-0.326,-1.478,0,0
30,4,21,9,N,nb27,245,1.866,-0.779,1,1
30,4,21,9,N,nb28,245,-0.956,-1.282,4,0
30,4,21,9,N,nb29,245,-1.866,0.516,1,0
30,4,21,9,A,aa0,245,-0.393,1.5,0,0
30,4,21,9,A,aa1,245,-1.513,0.714,0,0
30,4,21,9,A,aa2,245,-0.862,0.382,2,0
30,4,21,9,A,aa3,245,-1.865,1.69,0,0
30,4,21,9,A,aa4,245,-0.237,-1.866,0,0
30,4,21,9,A,aa5,245,0.453,-0.615,0,0
30,4,21,9,A,aa6,245,-1.18,-1.06,0,0
30,4,21,9,A,aa7,245,-1.464,-1.78,1,0
30,4,21,9,A,aa8,245,-0.429,1.832,0,0
30,4,21,9,N,nb0,250,-0.887,-1.487,3,1
30,4,21,9,N,nb1,250,-0.58,0.199,2,1
30,4,21,9,N,nb2,250,-1.024,0.511,0,0
30,4,21,9,N,nb3,250,1.866,-1.329,1,1
30,4,21,9,N,nb4,250,-0.308,-1.175,0,0
30,4,21,9,N,nb5,250,-0.982,-1.11,2,0
30,4,21,9,N,nb6,250,-0.599,1.865,1,1
30,4,21,9,N,nb7,250,-0.084,1.422,0,0
30,4,21,9,N,nb8,250,1.806,1.736,1,1
30,4,21,9,N,nb9,250,-0.361,-1.717,0,0
30,4,21,9,N,nb10,250,-0.269,1.866,0,0
30,4,21,9,N,nb11,250,-0.574,1.697,1,1
30,4,21,9,N,nb12,250,0.588,-1.239,0,0
30,4,21,9,N,nb13,250,1.63,-1.174,1,1
30,4,21,9,N,nb14,250,1.342,1.865,1,1
30,4,21,9,N,nb15,250,0.111,0.201,0,0
30,4,21,9,N,nb16,250,-1.08,-1.414,3,1
30,4,21,9,N,nb17,250,1.865,-1.116,3,1
30,4,21,9,N,nb18,250,-0.52,0.441,1,1
30,4,21,9,N,nb19,250,-0.69,-1.511,1,1
30,4,21,9,N,nb20,250,1.856,-0.949,2,1
30,4,21,9,N,nb21,250,-0.731,0.274,1,1
30,4,21,9,N,nb22,250,-1.085,-1.244,3,0
30,4,21,9,N,nb23,250,-1.865,1.157,0,0
30,4,21,9,N,nb24,250,-1.865,0.666,1,1
30,4,21,9,N,nb25,250,1.584,1.843,2,1
30,4,21,9,N,nb26,250,-0.418,-1.437,0,0
30,4,21,9,N,nb27,250,1.866,-0.779,1,1
30,4,21,9,N,nb28,250,-0.936,-1.325,4,0
30,4,21,9,N,nb29,250,-1.866,0.496,1,1
30,4,21,9,A,aa0,250,-0.454,1.423,1,0
30,4,21,9,A,aa1,250,-1.426,0.665,2,0
30,4,21,9,A,aa2,250,-0.798,0.431,2,0
30,4,21,9,A,aa3,250,-1.865,1.6,0,0
30,4,21,9,A,aa4,250,-0.282,-1.866,0,0
30,4,21,9,A,aa5,250,0.364,-0.57,0,0
30,4,21,9,A,aa6,250,-1.208,-1.128,0,0
30,4,21,9,A,aa7,250,-1.373,-1.751,2,0
30,4,21,9,A,aa8,250,-0.434,1.83,2,0
30,4,21,9,N,nb0,255,-0.881,-1.493,3,1
30,4,21,9,N,nb1,255,-0.58,0.199,2,0
30,4,21,9,N,nb2,255,-1.121,0.488,0,0
30,4,21,9,N,nb3,255,1.866,-1.329,1,1
30,4,21,9,N,nb4,255,-0.361,-1.2,1,1
30,4,21,9,N,nb5,255,-0.982,-1.107,2,1
30,4,21,9,N,nb6,255,-0.66,1.865,1,1
30,4,21,9,N,nb7,255,-0.149,1.346,0,0
30,4,21,9,N,nb8,255,1.806,1.736,1,1
30,4,21,9,N,nb9,255,-0.286,-1.659,0,0
30,4,21,9,N,nb10,255,-0.325,1.866,0,0
30,4,21,9,N,nb11,255,-0.576,1.695,1,1
30,4,21,9,N,nb12,255,0.678,-1.196,0,0
30,4,21,9,N,nb13,255,1.63,-1.174,1,1
30,4,21,9,N,nb14,255,1.342,1.865,1,1
30,4,21,9,N,nb15,255,0.042,0.273,0,0
30,4,21,9,N,nb16,255,-1.08,-1.416,3,1
30,4,21,9,N,nb17,255,1.865,-1.116,3,1
30,4,21,9,N,nb18,255,-0.52,0.441,1,0
30,4,21,9,N,nb19,255,-0.69,-1.511,2,1
30,4,21,9,N,nb20,255,1.856,-0.949,2,1
30,4,21,9,N,nb21,255,-0.731,0.274,1,0
30,4,21,9,N,nb22,255,-1.079,-1.246,3,1
30,4,21,9,N,nb23,255,-1.865,1.215,0,0
30,4,21,9,N,nb24,255,-1.865,0.666,1,1
30,4,21,9,N,nb25,255,1.584,1.843,2,1
30,4,21,9,N,nb26,255,-0.47,-1.414,2,1
30,4,21,9,N,nb27,255,1.866,-0.779,1,1
30,4,21,9,N,nb28,255,-0.932,-1.333,4,1
30,4,21,9,N,nb29,255,-1.866,0.496,1,1
30,4,21,9,A,aa0,255,-0.516,1.345,1,0
30,4,21,9,A,aa1,255,-1.338,0.616,2,0
30,4,21,9,A,aa2,255,-0.748,0.46,3,1
30,4,21,9,A,aa3,255,-1.864,1.508,0,0
30,4,21,9,A,aa4,255,-0.369,-1.866,2,0
30,4,21,9,A,aa5,255,0.275,-0.525,0,0
30,4,21,9,A,aa6,255,-1.209,-1.13,2,0
30,4,21,9,A,aa7,255,-1.279,-1.717,2,0
30,4,21,9,A,aa8,255,-0.492,1.842,2,0
30,4,21,9,N,nb0,260,-0.881,-1.493,3,0
30,4,21,9,N,nb1,260,-0.56,0.244,2,0
30,4,21,9,N,nb2,260,-1.184,0.453,0,0
30,4,21,9,N,nb3,260,1.866,-1.329,1,1
30,4,21,9,N,nb4,260,-0.361,-1.2,1,1
30,4,21,9,N,nb5,260,-0.982,-1.107,2,1
30,4,21,9,N,nb6,260,-0.682,1.865,1,1
30,4,21,9,N,nb7,260,-0.215,1.27,0,0
30,4,21,9,N,nb8,260,1.806,1.736,1,1
30,4,21,9,N,nb9,260,-0.209,-1.597,0,0
30,4,21,9,N,nb10,260,-0.345,1.866,0,0
30,4,21,9,N,nb11,260,-0.577,1.695,1,1
30,4,21,9,N,nb12,260,0.768,-1.152,0,0
30,4,21,9,N,nb13,260,1.63,-1.174,1,1
30,4,21,9,N,nb14,260,1.342,1.865,1,1
30,4,21,9,N,nb15,260,-0.027,0.345,0,0
30,4,21,9,N,nb16,260,-1.08,-1.416,3,1
30,4,21,9,N,nb17,260,1.865,-1.116,3,1
30,4,21,9,N,nb18,260,-0.574,0.436,2,0
30,4,21,9,N,nb19,260,-0.69,-1.511,2,0
30,4,21,9,N,nb20,260,1.856,-0.949,2,1
30,4,21,9,N,nb21,260,-0.73,0.241,2,0
30,4,21,9,N,nb22,260,-1.079,-1.246,3,1
30,4,21,9,N,nb23,260,-1.865,1.263,0,0
30,4,21,9,N,nb24,260,-1.865,0.666,1,1
30,4,21,9,N,nb25,260,1.584,1.843,2,1
30,4,21,9,N,nb26,260,-0.47,-1.414,2,0
30,4,21,9,N,nb27,260,1.866,-0.779,1,1
30,4,21,9,N,nb28,260,-0.932,-1.333,4,1
30,4,21,9,N,nb29,260,-1.866,0.496,1,1
30,4,21,9,A,aa0,260,-0.578,1.266,1,0
30,4,21,9,A,aa1,260,-1.285,0.589,2,0
30,4,21,9,A,aa2,260,-0.721,0.521,0,0
30,4,21,9,A,aa3,260,-1.856,1.431,0,0
30,4,21,9,A,aa4,260,-0.461,-1.864,3,1
30,4,21,9,A,aa5,260,0.185,-0.48,0,0
30,4,21,9,A,aa6,260,-1.206,-1.136,2,0
30,4,21,9,A,aa7,260,-1.184,-1.684,2,0
30,4,21,9,A,aa8,260,-0.513,1.852,2,0
30,4,21,9,N,nb0,265,-0.944,-1.502,3,0
30,4,21,9,N,nb1,265,-0.555,0.321,2,0
30,4,21,9,N,nb2,265,-1.252,0.404,0,0
30,4,21,9,N,nb3,265,1.866,-1.329,1,1
30,4,21,9,N,nb4,265,-0.361,-1.2,0,1
30,4,21,9,N,nb5,265,-0.982,-1.107,2,1
30,4,21,9,N,nb6,265,-0.738,1.862,1,1
30,4,21,9,N,nb7,265,-0.28,1.195,0,0
30,4,21,9,N,nb8,265,1.806,1.736,1,1
30,4,21,9,N,nb9,265,-0.132,-1.534,0,0
30,4,21,9,N,nb10,265,-0.4,1.858,1,1
30,4,21,9,N,nb11,265,-0.577,1.695,2,1
30,4,21,9,N,nb12,265,0.857,-1.108,0,0
30,4,21,9,N,nb13,265,1.63,-1.174,1,1
30,4,21,9,N,nb14,265,1.342,1.865,1,1
30,4,21,9,N,nb15,265,-0.096,0.418,0,0
30,4,21,9,N,nb16,265,-1.089,-1.416,3,1
30,4,21,9,N,nb17,265,1.865,-1.116,3,1
30,4,21,9,N,nb18,265,-0.565,0.49,1,0
30,4,21,9,N,nb19,265,-0.765,-1.553,1,0
30,4,21,9,N,nb20,265,1.856,-0.949,2,1
30,4,21,9,N,nb21,265,-0.702,0.154,1,0
30,4,21,9,N,nb22,265,-1.079,-1.246,3,1
30,4,21,9,N,nb23,265,-1.863,1.227,0,0
30,4,21,9,N,nb24,265,-1.865,0.666,1,1
30,4,21,9,N,nb25,265,1.584,1.843,2,1
30,4,21,9,N,nb26,265,-0.552,-1.385,0,0
30,4,21,9,N,nb27,265,1.866,-0.779,1,1
30,4,21,9,N,nb28,265,-0.932,-1.333,4,1
30,4,21,9,N,nb29,265,-1.866,0.496,1,1
30,4,21,9,A,aa0,265,-0.64,1.188,1,0
30,4,21,9,A,aa1,265,-1.217,0.58,0,0
30,4,21,9,A,aa2,265,-0.689,0.606,0,0
30,4,21,9,A,aa3,265,-1.85,1.394,0,0
30,4,21,9,A,aa4,265,-0.553,-1.852,0,0
30,4,21,9,A,aa5,265,0.096,-0.435,0,0
30,4,21,9,A,aa6,265,-1.206,-1.136,2,0
30,4,21,9,A,aa7,265,-1.096,-1.654,0,0
30,4,21,9,A,aa8,265,-0.569,1.865,2,0
30,4,21,9,N,nb0,270,-0.961,-1.5,3,1
30,4,21,9,N,nb1,270,-0.552,0.339,1,1
30,4,21,9,N,nb2,270,-1.337,0.357,0,0
30,4,21,9,N,nb3,270,1.866,-1.329,1,1
30,4,21,9,N,nb4,270,-0.361,-1.2,0,1
30,4,21,9,N,nb5,270,-0.982,-1.107,2,1
30,4,21,9,N,nb6,270,-0.753,1.855,1,0
30,4,21,9,N,nb7,270,-0.345,1.119,0,0
30,4,21,9,N,nb8,270,1.806,1.736,1,1
30,4,21,9,N,nb9,270,-0.055,-1.471,0,0
30,4,21,9,N,nb10,270,-0.415,1.853,1,0
30,4,21,9,N,nb11,270,-0.59,1.696,2,0
30,4,21,9,N,nb12,270,0.947,-1.064,0,0
30,4,21,9,N,nb13,270,1.63,-1.174,1,1
30,4,21,9,N,nb14,270,1.342,1.865,1,1
30,4,21,9,N,nb15,270,-0.165,0.49,0,0
30,4,21,9,N,nb16,270,-1.107,-1.414,3,1
30,4,21,9,N,nb17,270,1.865,-1.116,3,1
30,4,21,9,N,nb18,270,-0.558,0.508,1,1
30,4,21,9,N,nb19,270,-0.831,-1.609,1,1
30,4,21,9,N,nb20,270,1.856,-0.949,2,1
30,4,21,9,N,nb21,270,-0.696,0.133,0,1
30,4,21,9,N,nb22,270,-1.079,-1.246,3,1
30,4,21,9,N,nb23,270,-1.849,1.192,0,0
30,4,21,9,N,nb24,270,-1.865,0.666,1,1
30,4,21,9,N,nb25,270,1.584,1.843,2,1
30,4,21,9,N,nb26,270,-0.648,-1.36,0,0
30,4,21,9,N,nb27,270,1.866,-0.779,1,1
30,4,21,9,N,nb28,270,-0.932,-1.333,4,1
30,4,21,9,N,nb29,270,-1.866,0.496,1,1
30,4,21,9,A,aa0,270,-0.702,1.109,0,0
30,4,21,9,A,aa1,270,-1.178,0.575,0,0
30,4,21,9,A,aa2,270,-0.655,0.694,2,0
30,4,21,9,A,aa3,270,-1.833,1.36,0,0
30,4,21,9,A,aa4,270,-0.644,-1.831,0,0
30,4,21,9,A,aa5,270,0.075,-0.424,0,0
30,4,21,9,A,aa6,270,-1.197,-1.126,2,0
30,4,21,9,A,aa7,270,-1.032,-1.654,1,0
30,4,21,9,A,aa8,270,-0.584,1.865,0,0
30,4,21,9,N,nb0,275,-0.976,-1.502,3,0
30,4,21,9,N,nb1,275,-0.552,0.339,1,1
30,4,21,9,N,nb2,275,-1.422,0.305,0,0
30,4,21,9,N,nb3,275,1.866,-1.329,1,1
30,4,21,9,N,nb4,275,-0.361,-1.2,0,1
30,4,21,9,N,nb5,275,-0.982,-1.107,2,1
30,4,21,9,N,nb6,275,-0.818,1.808,1,0
30,4,21,9,N,nb7,275,-0.41,1.043,0,0
30,4,21,9,N,nb8,275,1.806,1.736,1,1
30,4,21,9,N,nb9,275,0.023,-1.407,0,0
30,4,21,9,N,nb10,275,-0.497,1.815,1,0
30,4,21,9,N,nb11,275,-0.672,1.696,2,0
30,4,21,9,N,nb12,275,1.037,-1.02,0,0
30,4,21,9,N,nb13,275,1.63,-1.174,1,1
30,4,21,9,N,nb14,275,1.342,1.865,1,1
30,4,21,9,N,nb15,275,-0.234,0.563,0,0
30,4,21,9,N,nb16,275,-1.119,-1.411,3,0
30,4,21,9,N,nb17,275,1.865,-1.116,3,1
30,4,21,9,N,nb18,275,-0.558,0.508,1,1
30,4,21,9,N,nb19,275,-0.824,-1.616,1,0
30,4,21,9,N,nb20,275,1.856,-0.949,2,1
30,4,21,9,N,nb21,275,-0.696,0.133,0,1
30,4,21,9,N,nb22,275,-1.079,-1.246,3,1
30,4,21,9,N,nb23,275,-1.823,1.162,0,0
30,4,21,9,N,nb24,275,-1.865,0.666,1,1
30,4,21,9,N,nb25,275,1.584,1.843,2,1
30,4,21,9,N,nb26,275,-0.686,-1.35,1,1
30,4,21,9,N,nb27,275,1.866,-0.779,1,1
30,4,21,9,N,nb28,275,-0.932,-1.333,5,1
30,4,21,9,N,nb29,275,-1.866,0.496,1,1
30,4,21,9,A,aa0,275,-0.764,1.031,0,0
30,4,21,9,A,aa1,275,-1.151,0.599,1,0
30,4,21,9,A,aa2,275,-0.625,0.786,1,0
30,4,21,9,A,aa3,275,-1.803,1.329,0,0
30,4,21,9,A,aa4,275,-0.731,-1.801,1,0
30,4,21,9,A,aa5,275,0.023,-0.446,0,0
30,4,21,9,A,aa6,275,-1.161,-1.099,2,0
30,4,21,9,A,aa7,275,-0.983,-1.673,0,0
30,4,21,9,A,aa8,275,-0.659,1.865,0,0
30,4,21,9,N,nb0,280,-1.063,-1.513,2,0
30,4,21,9,N,nb1,280,-0.552,0.339,1,1
30,4,21,9,N,nb2,280,-1.508,0.254,0,0
30,4,21,9,N,nb3,280,1.866,-1.329,1,1
30,4,21,9,N,nb4,280,-0.361,-1.2,0,1
30,4,21,9,N,nb5,280,-0.981,-1.106,2,1
30,4,21,9,N,nb6,280,-0.88,1.792,1,1
30,4,21,9,N,nb7,280,-0.467,0.976,0,0
30,4,21,9,N,nb8,280,1.806,1.736,1,0
30,4,21,9,N,nb9,280,0.1,-1.344,0,0
30,4,21,9,N,nb10,280,-0.559,1.776,1,1
30,4,21,9,N,nb11,280,-0.739,1.693,2,1
30,4,21,9,N,nb12,280,1.127,-0.976,0,0
30,4,21,9,N,nb13,280,1.63,-1.174,1,1
30,4,21,9,N,nb14,280,1.342,1.865,1,1
30,4,21,9,N,nb15,280,-0.303,0.635,0,0
30,4,21,9,N,nb16,280,-1.182,-1.379,2,0
30,4,21,9,N,nb17,280,1.865,-1.116,3,1
30,4,21,9,N,nb18,280,-0.558,0.508,1,1
30,4,21,9,N,nb19,280,-0.835,-1.645,0,0
30,4,21,9,N,nb20,280,1.856,-0.949,2,1
30,4,21,9,N,nb21,280,-0.696,0.133,0,1
30,4,21,9,N,nb22,280,-1.079,-1.245,3,1
30,4,21,9,N,nb23,280,-1.784,1.135,0,0
30,4,21,9,N,nb24,280,-1.865,0.666,1,1
30,4,21,9,N,nb25,280,1.584,1.843,2,1
30,4,21,9,N,nb26,280,-0.686,-1.35,1,1
30,4,21,9,N,nb27,280,1.866,-0.779,1,1
30,4,21,9,N,nb28,280,-0.932,-1.333,4,1
30,4,21,9,N,nb29,280,-1.866,0.496,1,1
30,4,21,9,A,aa0,280,-0.824,0.959,1,0
30,4,21,9,A,aa1,280,-1.078,0.667,1,0
30,4,21,9,A,aa2,280,-0.598,0.868,1,0
30,4,21,9,A,aa3,280,-1.76,1.302,0,0
30,4,21,9,A,aa4,280,-0.786,-1.806,0,0
30,4,21,9,A,aa5,280,-0.07,-0.484,0,0
30,4,21,9,A,aa6,280,-1.15,-1.092,2,0
30,4,21,9,A,aa7,280,-0.997,-1.695,2,0
30,4,21,9,A,aa8,280,-0.727,1.865,0,0
30,4,21,9,N,nb0,285,-1.139,-1.531,1,1
30,4,21,9,N,nb1,285,-0.552,0.339,1,1
30,4,21,9,N,nb2,285,-1.593,0.202,0,0
30,4,21,9,N,nb3,285,1.866,-1.329,1,1
30,4,21,9,N,nb4,285,-0.376,-1.206,0,0
30,4,21,9,N,nb5,285,-0.981,-1.106,2,1
30,4,21,9,N,nb6,285,-0.896,1.778,1,0
30,4,21,9,N,nb7,285,-0.475,0.98,0,0
30,4,21,9,N,nb8,285,1.806,1.736,1,1
30,4,21,9,N,nb9,285,0.178,-1.281,0,0
30,4,21,9,N,nb10,285,-0.585,1.756,1,0
30,4,21,9,N,nb11,285,-0.757,1.682,2,0
30,4,21,9,N,nb12,285,1.217,-0.932,0,0
30,4,21,9,N,nb13,285,1.63,-1.174,1,1
30,4,21,9,N,nb14,285,1.342,1.865,1,1
30,4,21,9,N,nb15,285,-0.372,0.707,0,0
30,4,21,9,N,nb16,285,-1.237,-1.325,2,1
30,4,21,9,N,nb17,285,1.865,-1.116,3,1
30,4,21,9,N,nb18,285,-0.558,0.508,1,1
30,4,21,9,N,nb19,285,-0.876,-1.685,0,0
30,4,21,9,N,nb20,285,1.856,-0.949,2,1
30,4,21,9,N,nb21,285,-0.696,0.133,0,1
30,4,21,9,N,nb22,285,-1.079,-1.245,3,1
30,4,21,9,N,nb23,285,-1.732,1.112,0,0
30,4,21,9,N,nb24,285,-1.865,0.666,1,1
30,4,21,9,N,nb25,285,1.584,1.843,2,1
30,4,21,9,N,nb26,285,-0.686,-1.35,1,1
30,4,21,9,N,nb27,285,1.866,-0.779,1,1
30,4,21,9,N,nb28,285,-0.932,-1.333,3,1
30,4,21,9,N,nb29,285,-1.866,0.496,1,1
30,4,21,9,A,aa0,285,-0.89,0.893,1,0
30,4,21,9,A,aa1,285,-1.006,0.733,1,0
30,4,21,9,A,aa2,285,-0.607,0.873,1,0
30,4,21,9,A,aa3,285,-1.704,1.278,0,0
30,4,21,9,A,aa4,285,-0.834,-1.848,1,0
30,4,21,9,A,aa5,285,-0.162,-0.522,0,0
30,4,21,9,A,aa6,285,-1.15,-1.09,2,0
30,4,21,9,A,aa7,285,-1.041,-1.721,2,0
30,4,21,9,A,aa8,285,-0.751,1.865,0,0
30,4,21,9,N,nb0,290,-1.172,-1.54,0,0
30,4,21,9,N,nb1,290,-0.552,0.339,1,1
30,4,21,9,N,nb2,290,-1.679,0.15,0,0
30,4,21,9,N,nb3,290,1.866,-1.329,1,1
30,4,21,9,N,nb4,290,-0.47,-1.242,0,0
30,4,21,9,N,nb5,290,-0.967,-1.102,1,0
30,4,21,9,N,nb6,290,-0.948,1.742,1,0
30,4,21,9,N,nb7,290,-0.469,0.975,1,1
30,4,21,9,N,nb8,290,1.806,1.736,1,1
30,4,21,9,N,nb9,290,0.255,-1.217,0,0
30,4,21,9,N,nb10,290,-0.647,1.694,1,0
30,4,21,9,N,nb11,290,-0.81,1.645,2,0
30,4,21,9,N,nb12,290,1.307,-0.888,0,0
30,4,21,9,N,nb13,290,1.63,-1.174,1,1
30,4,21,9,N,nb14,290,1.342,1.865,1,1
30,4,21,9,N,nb15,290,-0.413,0.751,1,1
30,4,21,9,N,nb16,290,-1.262,-1.301,1,0
30,4,21,9,N,nb17,290,1.865,-1.116,3,1
30,4,21,9,N,nb18,290,-0.558,0.508,1,1
30,4,21,9,N,nb19,290,-0.92,-1.715,0,0
30,4,21,9,N,nb20,290,1.856,-0.949,2,1
30,4,21,9,N,nb21,290,-0.696,0.133,0,1
30,4,21,9,N,nb22,290,-1.047,-1.252,3,0
30,4,21,9,N,nb23,290,-1.67,1.092,0,0
30,4,21,9,N,nb24,290,-1.865,0.666,1,1
30,4,21,9,N,nb25,290,1.584,1.843,2,1
30,4,21,9,N,nb26,290,-0.717,-1.34,1,0
30,4,21,9,N,nb27,290,1.866,-0.779,1,1
30,4,21,9,N,nb28,290,-0.919,-1.366,2,0
30,4,21,9,N,nb29,290,-1.866,0.496,1,1
30,4,21,9,A,aa0,290,-0.891,0.875,2,0
30,4,21,9,A,aa1,290,-1.005,0.752,2,0
30,4,21,9,A,aa2,290,-0.626,0.912,3,1
30,4,21,9,A,aa3,290,-1.637,1.257,0,0
30,4,21,9,A,aa4,290,-0.842,-1.865,0,0
30,4,21,9,A,aa5,290,-0.255,-0.56,0,0
30,4,21,9,A,aa6,290,-1.132,-1.065,0,0
30,4,21,9,A,aa7,290,-1.086,-1.745,0,0
30,4,21,9,A,aa8,290,-0.812,1.865,0,0
30,4,21,9,N,nb0,295,-1.263,-1.559,0,0
30,4,21,9,N,nb1,295,-0.552,0.339,1,1
30,4,21,9,N,nb2,295,-1.764,0.099,0,0
30,4,21,9,N,nb3,295,1.866,-1.329,1,1
30,4,21,9,N,nb4,295,-0.538,-1.27,0,1
30,4,21,9,N,nb5,295,-0.934,-1.103,2,0
30,4,21,9,N,nb6,295,-0.985,1.719,1,1
30,4,21,9,N,nb7,295,-0.472,0.944,1,0
30,4,21,9,N,nb8,295,1.806,1.736,1,1
30,4,21,9,N,nb9,295,0.333,-1.154,0,0
30,4,21,9,N,nb10,295,-0.68,1.65,1,1
30,4,21,9,N,nb11,295,-0.848,1.619,2,1
30,4,21,9,N,nb12,295,1.396,-0.844,0,0
30,4,21,9,N,nb13,295,1.63,-1.174,1,0
30,4,21,9,N,nb14,295,1.342,1.865,1,1
30,4,21,9,N,nb15,295,-0.447,0.777,1,0
30,4,21,9,N,nb16,295,-1.335,-1.235,0,0
30,4,21,9,N,nb17,295,1.865,-1.116,3,1
30,4,21,9,N,nb18,295,-0.61,0.518,1,0
30,4,21,9,N,nb19,295,-0.951,-1.71,0,0
30,4,21,9,N,nb20,295,1.856,-0.949,2,1
30,4,21,9,N,nb21,295,-0.696,0.133,0,1
30,4,21,9,N,nb22,295,-0.963,-1.279,3,0
30,4,21,9,N,nb23,295,-1.597,1.074,0,0
30,4,21,9,N,nb24,295,-1.865,0.666,1,1
30,4,21,9,N,nb25,295,1.584,1.843,2,1
30,4,21,9,N,nb26,295,-0.795,-1.303,3,0
30,4,21,9,N,nb27,295,1.866,-0.779,1,1
30,4,21,9,N,nb28,295,-0.886,-1.457,2,0
30,4,21,9,N,nb29,295,-1.866,0.496,1,1
30,4,21,9,A,aa0,295,-0.881,0.864,0,0
30,4,21,9,A,aa1,295,-1.014,0.762,0,0
30,4,21,9,A,aa2,295,-0.635,0.998,0,0
30,4,21,9,A,aa3,295,-1.56,1.238,0,0
30,4,21,9,A,aa4,295,-0.886,-1.865,0,0
30,4,21,9,A,aa5,295,-0.347,-0.598,0,0
30,4,21,9,A,aa6,295,-1.076,-1.011,0,0
30,4,21,9,A,aa7,295,-1.107,-1.777,0,0
30,4,21,9,A,aa8,295,-0.879,1.865,3,1
30,4,21,9,N,nb0,300,-1.362,-1.573,0,0
30,4,21,9,N,nb1,300,-0.552,0.339,0,1
30,4,21,9,N,nb2,300,-1.84,0.049,0,0
30,4,21,9,N,nb3,300,1.866,-1.329,1,1
30,4,21,9,N,nb4,300,-0.538,-1.27,0,1
30,4,21,9,N,nb5,300,-0.94,-1.109,2,1
30,4,21,9,N,nb6,300,-1.015,1.689,1,0
30,4,21,9,N,nb7,300,-0.53,0.925,1,0
30,4,21,9,N,nb8,300,1.806,1.736,1,1
30,4,21,9,N,nb9,300,0.41,-1.091,0,0
30,4,21,9,N,nb10,300,-0.706,1.606,1,0
30,4,21,9,N,nb11,300,-0.877,1.59,2,0
30,4,21,9,N,nb12,300,1.486,-0.8,0,0
30,4,21,9,N,nb13,300,1.63,-1.174,1,1
30,4,21,9,N,nb14,300,1.342,1.865,1,1
30,4,21,9,N,nb15,300,-0.477,0.765,1,0
30,4,21,9,N,nb16,300,-1.409,-1.168,0,0
30,4,21,9,N,nb17,300,1.865,-1.116,3,1
30,4,21,9,N,nb18,300,-0.703,0.542,0,0
30,4,21,9,N,nb19,300,-0.961,-1.7,1,1
30,4,21,9,N,nb20,300,1.856,-0.949,2,1
30,4,21,9,N,nb21,300,-0.683,0.08,0,0
30,4,21,9,N,nb22,300,-0.964,-1.277,2,1
30,4,21,9,N,nb23,300,-1.517,1.057,0,0
30,4,21,9,N,nb24,300,-1.865,0.666,1,1
30,4,21,9,N,nb25,300,1.584,1.843,2,1
30,4,21,9,N,nb26,300,-0.8,-1.303,3,1
30,4,21,9,N,nb27,300,1.866,-0.779,1,1
30,4,21,9,N,nb28,300,-0.865,-1.515,2,1
30,4,21,9,N,nb29,300,-1.866,0.496,1,1
30,4,21,9,A,aa0,300,-0.876,0.857,0,0
30,4,21,9,A,aa1,300,-1.019,0.769,0,0
30,4,21,9,A,aa2,300,-0.647,1.093,0,0
30,4,21,9,A,aa3,300,-1.475,1.22,0,0
30,4,21,9,A,aa4,300,-0.927,-1.865,1,0
30,4,21,9,A,aa5,300,-0.44,-0.636,0,0
30,4,21,9,A,aa6,300,-1.014,-0.944,2,0
30,4,21,9,A,aa7,300,-1.089,-1.818,2,0
30,4,21,9,A,aa8,300,-0.947,1.865,0,0
30,4,21,9,N,nb0,305,-1.461,-1.587,0,0
30,4,21,9,N,nb1,305,-0.552,0.339,0,1
30,4,21,9,N,nb2,305,-1.865,-0.008,0,0
30,4,21,9,N,nb3,305,1.866,-1.329,1,1
30,4,21,9,N,nb4,305,-0.538,-1.27,0,1
30,4,21,9,N,nb5,305,-0.94,-1.109,2,1
30,4,21,9,N,nb6,305,-1.066,1.638,1,0
30,4,21,9,N,nb7,305,-0.549,0.918,1,1
30,4,21,9,N,nb8,305,1.806,1.736,1,1
30,4,21,9,N,nb9,305,0.487,-1.028,0,0
30,4,21,9,N,nb10,305,-0.743,1.525,1,0
30,4,21,9,N,nb11,305,-0.932,1.534,2,0
30,4,21,9,N,nb12,305,1.576,-0.756,0,0
30,4,21,9,N,nb13,305,1.63,-1.174,1,1
30,4,21,9,N,nb14,305,1.342,1.865,1,1
30,4,21,9,N,nb15,305,-0.496,0.758,1,1
30,4,21,9,N,nb16,305,-1.484,-1.102,0,0
30,4,21,9,N,nb17,305,1.865,-1.116,3,1
30,4,21,9,N,nb18,305,-0.797,0.571,0,0
30,4,21,9,N,nb19,305,-0.961,-1.698,1,1
30,4,21,9,N,nb20,305,1.856,-0.949,2,0
30,4,21,9,N,nb21,305,-0.66,-0.018,0,0
30,4,21,9,N,nb22,305,-0.964,-1.277,2,1
30,4,21,9,N,nb23,305,-1.432,1.042,0,0
30,4,21,9,N,nb24,305,-1.865,0.666,1,1
30,4,21,9,N,nb25,305,1.584,1.843,2,1
30,4,21,9,N,nb26,305,-0.8,-1.303,3,1
30,4,21,9,N,nb27,305,1.866,-0.779,1,1
30,4,21,9,N,nb28,305,-0.865,-1.515,2,1
30,4,21,9,N,nb29,305,-1.866,0.496,1,1
30,4,21,9,A,aa0,305,-0.879,0.861,2,0
30,4,21,9,A,aa1,305,-1.016,0.764,1,0
30,4,21,9,A,aa2,305,-0.665,1.19,1,0
30,4,21,9,A,aa3,305,-1.386,1.204,0,0
30,4,21,9,A,aa4,305,-0.943,-1.865,1,0
30,4,21,9,A,aa5,305,-0.532,-0.674,2,0
30,4,21,9,A,aa6,305,-0.955,-0.869,2,0
30,4,21,9,A,aa7,305,-1.107,-1.826,2,0
30,4,21,9,A,aa8,305,-1.031,1.865,0,0
30,4,21,9,N,nb0,310,-1.56,-1.601,0,0
30,4,21,9,N,nb1,310,-0.552,0.339,0,1
30,4,21,9,N,nb2,310,-1.865,-0.075,0,0
30,4,21,9,N,nb3,310,1.866,-1.329,1,1
30,4,21,9,N,nb4,310,-0.538,-1.27,0,0
30,4,21,9,N,nb5,310,-0.94,-1.109,2,0
30,4,21,9,N,nb6,310,-1.09,1.615,1,1
30,4,21,9,N,nb7,310,-0.549,0.918,1,0
30,4,21,9,N,nb8,310,1.806,1.736,1,1
30,4,21,9,N,nb9,310,0.565,-0.964,0,0
30,4,21,9,N,nb10,310,-0.756,1.488,1,0
30,4,21,9,N,nb11,310,-0.955,1.51,2,0
30,4,21,9,N,nb12,310,1.63,-0.73,1,1
30,4,21,9,N,nb13,310,1.63,-1.174,1,1
30,4,21,9,N,nb14,310,1.342,1.865,1,1
30,4,21,9,N,nb15,310,-0.496,0.758,1,1
30,4,21,9,N,nb16,310,-1.559,-1.035,0,0
30,4,21,9,N,nb17,310,1.865,-1.116,3,1
30,4,21,9,N,nb18,310,-0.884,0.594,0,0
30,4,21,9,N,nb19,310,-0.962,-1.697,1,1
30,4,21,9,N,nb20,310,1.856,-0.949,2,1
30,4,21,9,N,nb21,310,-0.637,-0.115,0,0
30,4,21,9,N,nb22,310,-0.964,-1.277,2,1
30,4,21,9,N,nb23,310,-1.344,1.033,0,0
30,4,21,9,N,nb24,310,-1.865,0.666,1,1
30,4,21,9,N,nb25,310,1.584,1.843,2,1
30,4,21,9,N,nb26,310,-0.8,-1.303,3,0
30,4,21,9,N,nb27,310,1.866,-0.779,2,1
30,4,21,9,N,nb28,310,-0.865,-1.515,2,1
30,4,21,9,N,nb29,310,-1.866,0.496,1,1
30,4,21,9,A,aa0,310,-0.915,0.89,2,0
30,4,21,9,A,aa1,310,-0.98,0.735,2,0
30,4,21,9,A,aa2,310,-0.681,1.283,3,1
30,4,21,9,A,aa3,310,-1.293,1.194,2,0
30,4,21,9,A,aa4,310,-0.957,-1.865,1,0
30,4,21,9,A,aa5,310,-0.625,-0.712,2,0
30,4,21,9,A,aa6,310,-0.898,-0.789,2,0
30,4,21,9,A,aa7,310,-1.126,-1.864,1,0
30,4,21,9,A,aa8,310,-1.12,1.865,2,0
30,4,21,9,N,nb0,315,-1.659,-1.615,0,0
30,4,21,9,N,nb1,315,-0.552,0.339,0,1
30,4,21,9,N,nb2,315,-1.865,-0.15,0,0
30,4,21,9,N,nb3,315,1.866,-1.329,1,1
30,4,21,9,N,nb4,315,-0.609,-1.316,1,0
30,4,21,9,N,nb5,315,-1.029,-1.097,1,0
30,4,21,9,N,nb6,315,-1.11,1.594,1,0
30,4,21,9,N,nb7,315,-0.549,0.918,1,0
30,4,21,9,N,nb8,315,1.806,1.736,1,1
30,4,21,9,N,nb9,315,0.642,-0.901,0,0
30,4,21,9,N,nb10,315,-0.776,1.466,1,0
30,4,21,9,N,nb11,315,-0.991,1.472,2,0
30,4,21,9,N,nb12,315,1.63,-0.73,1,1
30,4,21,9,N,nb13,315,1.63,-1.174,1,1
30,4,21,9,N,nb14,315,1.342,1.865,1,1
30,4,21,9,N,nb15,315,-0.496,0.758,1,1
30,4,21,9,N,nb16,315,-1.633,-0.968,0,0
30,4,21,9,N,nb17,315,1.865,-1.116,3,1
30,4,21,9,N,nb18,315,-0.96,0.596,0,0
30,4,21,9,N,nb19,315,-0.962,-1.696,1,1
30,4,21,9,N,nb20,315,1.856,-0.949,2,1
30,4,21,9,N,nb21,315,-0.614,-0.212,0,0
30,4,21,9,N,nb22,315,-0.982,-1.268,2,1
30,4,21,9,N,nb23,315,-1.255,1.034,0,0
30,4,21,9,N,nb24,315,-1.865,0.666,1,1
30,4,21,9,N,nb25,315,1.584,1.843,2,1
30,4,21,9,N,nb26,315,-0.816,-1.28,3,0
30,4,21,9,N,nb27,315,1.866,-0.779,2,1
30,4,21,9,N,nb28,315,-0.865,-1.515,2,1
30,4,21,9,N,nb29,315,-1.866,0.496,1,1
30,4,21,9,A,aa0,315,-1.003,0.916,1,0
30,4,21,9,A,aa1,315,-1.031,0.75,1,0
30,4,21,9,A,aa2,315,-0.682,1.326,0,0
30,4,21,9,A,aa3,315,-1.2,1.192,0,0
30,4,21,9,A,aa4,315,-0.965,-1.865,1,0
30,4,21,9,A,aa5,315,-0.693,-0.744,1,0
30,4,21,9,A,aa6,315,-0.86,-0.717,0,0
30,4,21,9,A,aa7,315,-1.134,-1.866,1,0
30,4,21,9,A,aa8,315,-1.212,1.865,0,0
30,4,21,9,N,nb0,320,-1.758,-1.629,0,0
30,4,21,9,N,nb1,320,-0.552,0.339,0,1
30,4,21,9,N,nb2,320,-1.865,-0.232,0,0
30,4,21,9,N,nb3,320,1.866,-1.329,1,1
30,4,21,9,N,nb4,320,-0.675,-1.376,2,1
30,4,21,9,N,nb5,320,-1.122,-1.077,1,1
30,4,21,9,N,nb6,320,-1.167,1.533,1,0
30,4,21,9,N,nb7,320,-0.569,0.91,1,0
30,4,21,9,N,nb8,320,1.806,1.736,1,1
30,4,21,9,N,nb9,320,0.72,-0.838,0,0
30,4,21,9,N,nb10,320,-0.821,1.419,1,0
30,4,21,9,N,nb11,320,-1.049,1.41,2,0
30,4,21,9,N,nb12,320,1.63,-0.73,1,1
30,4,21,9,N,nb13,320,1.63,-1.174,1,1
30,4,21,9,N,nb14,320,1.342,1.865,1,0
30,4,21,9,N,nb15,320,-0.496,0.758,1,1
30,4,21,9,N,nb16,320,-1.708,-0.902,0,0
30,4,21,9,N,nb17,320,1.865,-1.116,3,1
30,4,21,9,N,nb18,320,-1.05,0.589,0,0
30,4,21,9,N,nb19,320,-0.962,-1.696,1,1
30,4,21,9,N,nb20,320,1.856,-0.949,2,1
30,4,21,9,N,nb21,320,-0.59,-0.31,0,0
30,4,21,9,N,nb22,320,-0.995,-1.262,2,1
30,4,21,9,N,nb23,320,-1.193,1.047,0,0
30,4,21,9,N,nb24,320,-1.865,0.666,1,1
30,4,21,9,N,nb25,320,1.584,1.843,2,1
30,4,21,9,N,nb26,320,-0.831,-1.232,2,1
30,4,21,9,N,nb27,320,1.866,-0.779,2,1
30,4,21,9,N,nb28,320,-0.865,-1.515,2,1
30,4,21,9,N,nb29,320,-1.866,0.496,1,1
30,4,21,9,A,aa0,320,-1.063,0.94,1,0
30,4,21,9,A,aa1,320,-1.001,0.754,1,0
30,4,21,9,A,aa2,320,-0.657,1.376,0,0
30,4,21,9,A,aa3,320,-1.106,1.2,0,0
30,4,21,9,A,aa4,320,-0.999,-1.865,1,0
30,4,21,9,A,aa5,320,-0.745,-0.792,1,0
30,4,21,9,A,aa6,320,-0.841,-0.637,0,0
30,4,21,9,A,aa7,320,-1.168,-1.866,1,0
30,4,21,9,A,aa8,320,-1.304,1.858,0,0
30,4,21,9,N,nb0,325,-1.845,-1.646,0,0
30,4,21,9,N,nb1,325,-0.552,0.339,0,0
30,4,21,9,N,nb2,325,-1.865,-0.32,0,0
30,4,21,9,N,nb3,325,1.866,-1.329,1,1
30,4,21,9,N,nb4,325,-0.687,-1.39,2,0
30,4,21,9,N,nb5,325,-1.141,-1.072,1,0
30,4,21,9,N,nb6,325,-1.196,1.486,1,0
30,4,21,9,N,nb7,325,-0.577,0.906,1,0
30,4,21,9,N,nb8,325,1.806,1.736,1,1
30,4,21,9,N,nb9,325,0.797,-0.774,0,0
30,4,21,9,N,nb10,325,-0.832,1.4,1,0
30,4,21,9,N,nb11,325,-1.06,1.384,2,0
30,4,21,9,N,nb12,325,1.63,-0.73,1,1
30,4,21,9,N,nb13,325,1.63,-1.174,1,1
30,4,21,9,N,nb14,325,1.342,1.865,1,1
30,4,21,9,N,nb15,325,-0.496,0.758,1,0
30,4,21,9,N,nb16,325,-1.781,-0.837,0,0
30,4,21,9,N,nb17,325,1.865,-1.116,3,1
30,4,21,9,N,nb18,325,-1.144,0.575,0,0
30,4,21,9,N,nb19,325,-0.962,-1.696,1,1
30,4,21,9,N,nb20,325,1.856,-0.949,2,1
30,4,21,9,N,nb21,325,-0.567,-0.407,0,0
30,4,21,9,N,nb22,325,-0.992,-1.266,2,0
30,4,21,9,N,nb23,325,-1.189,1.066,0,0
30,4,21,9,N,nb24,325,-1.865,0.666,1,1
30,4,21,9,N,nb25,325,1.584,1.843,2,0
30,4,21,9,N,nb26,325,-0.831,-1.222,2,0
30,4,21,9,N,nb27,325,1.866,-0.779,2,1
30,4,21,9,N,nb28,325,-0.865,-1.515,2,1
30,4,21,9,N,nb29,325,-1.866,0.496,1,1
30,4,21,9,A,aa0,325,-1.064,0.953,2,0
30,4,21,9,A,aa1,325,-0.926,0.728,3,1
30,4,21,9,A,aa2,325,-0.631,1.466,2,0
30,4,21,9,A,aa3,325,-1.012,1.213,3,1
30,4,21,9,A,aa4,325,-1.082,-1.865,1,0
30,4,21,9,A,aa5,325,-0.816,-0.855,0,0
30,4,21,9,A,aa6,325,-0.807,-0.546,0,0
30,4,21,9,A,aa7,325,-1.251,-1.866,0,0
30,4,21,9,A,aa8,325,-1.396,1.841,1,0
30,4,21,9,N,nb0,330,-1.866,-1.673,0,0
30,4,21,9,N,nb1,330,-0.531,0.433,0,0
30,4,21,9,N,nb2,330,-1.865,-0.41,0,0
30,4,21,9,N,nb3,330,1.866,-1.329,1,1
30,4,21,9,N,nb4,330,-0.73,-1.444,2,0
30,4,21,9,N,nb5,330,-1.236,-1.045,0,0
30,4,21,9,N,nb6,330,-1.253,1.42,1,0
30,4,21,9,N,nb7,330,-0.638,0.884,1,0
30,4,21,9,N,nb8,330,1.806,1.736,1,1
30,4,21,9,N,nb9,330,0.875,-0.711,0,0
30,4,21,9,N,nb10,330,-0.847,1.341,0,0
30,4,21,9,N,nb11,330,-1.114,1.322,2,0
30,4,21,9,N,nb12,330,1.63,-0.73,1,1
30,4,21,9,N,nb13,330,1.63,-1.174,1,1
30,4,21,9,N,nb14,330,1.342,1.865,1,1
30,4,21,9,N,nb15,330,-0.555,0.736,1,0
30,4,21,9,N,nb16,330,-1.84,-0.772,0,0
30,4,21,9,N,nb17,330,1.865,-1.116,3,1
30,4,21,9,N,nb18,330,-1.242,0.556,0,0
30,4,21,9,N,nb19,330,-0.962,-1.696,1,1
30,4,21,9,N,nb20,330,1.856,-0.949,2,1
30,4,21,9,N,nb21,330,-0.544,-0.498,0,0
30,4,21,9,N,nb22,330,-0.938,-1.315,3,0
30,4,21,9,N,nb23,330,-1.173,1.094,1,1
30,4,21,9,N,nb24,330,-1.865,0.666,1,1
30,4,21,9,N,nb25,330,1.584,1.843,2,1
30,4,21,9,N,nb26,330,-0.865,-1.145,1,0
30,4,21,9,N,nb27,330,1.866,-0.779,2,1
30,4,21,9,N,nb28,330,-0.875,-1.53,3,1
30,4,21,9,N,nb29,330,-1.866,0.496,1,1
30,4,21,9,A,aa0,330,-1.078,0.954,0,0
30,4,21,9,A,aa1,330,-0.926,0.728,0,0
30,4,21,9,A,aa2,330,-0.597,1.558,0,0
30,4,21,9,A,aa3,330,-0.943,1.202,0,0
30,4,21,9,A,aa4,330,-1.172,-1.856,1,0
30,4,21,9,A,aa5,330,-0.887,-0.923,0,0
30,4,21,9,A,aa6,330,-0.78,-0.459,0,0
30,4,21,9,A,aa7,330,-1.341,-1.866,0,0
30,4,21,9,A,aa8,330,-1.486,1.816,0,0
30,4,21,9,N,nb0,335,-1.866,-1.715,0,0
30,4,21,9,N,nb1,335,-0.509,0.523,1,1
30,4,21,9,N,nb2,335,-1.864,-0.487,1,1
30,4,21,9,N,nb3,335,1.866,-1.329,1,0
30,4,21,9,N,nb4,335,-0.735,-1.466,2,1
30,4,21,9,N,nb5,335,-1.332,-1.017,0,0
30,4,21,9,N,nb6,335,-1.313,1.35,1,1
30,4,21,9,N,nb7,335,-0.71,0.857,1,1
30,4,21,9,N,nb8,335,1.806,1.736,1,1
30,4,21,9,N,nb9,335,0.952,-0.648,0,0
30,4,21,9,N,nb10,335,-0.816,1.299,0,0
30,4,21,9,N,nb11,335,-1.17,1.257,2,1
30,4,21,9,N,nb12,335,1.63,-0.73,1,1
30,4,21,9,N,nb13,335,1.63,-1.174,1,1
30,4,21,9,N,nb14,335,1.342,1.865,1,1
30,4,21,9,N,nb15,335,-0.626,0.71,2,1
30,4,21,9,N,nb16,335,-1.865,-0.712,1,1
30,4,21,9,N,nb17,335,1.865,-1.116,3,1
30,4,21,9,N,nb18,335,-1.341,0.538,0,0
30,4,21,9,N,nb19,335,-0.962,-1.697,1,1
30,4,21,9,N,nb20,335,1.856,-0.949,2,1
30,4,21,9,N,nb21,335,-0.511,-0.589,0,0
30,4,21,9,N,nb22,335,-0.884,-1.363,2,1
30,4,21,9,N,nb23,335,-1.182,1.088,1,1
30,4,21,9,N,nb24,335,-1.865,0.666,1,1
30,4,21,9,N,nb25,335,1.584,1.843,2,1
30,4,21,9,N,nb26,335,-0.915,-1.107,0,0
30,4,21,9,N,nb27,335,1.866,-0.779,2,1
30,4,21,9,N,nb28,335,-0.885,-1.545,3,1
30,4,21,9,N,nb29,335,-1.866,0.496,1,1
30,4,21,9,A,aa0,335,-1.112,0.934,1,0
30,4,21,9,A,aa1,335,-0.893,0.767,0,0
30,4,21,9,A,aa2,335,-0.561,1.651,0,0
30,4,21,9,A,aa3,335,-0.908,1.157,1,0
30,4,21,9,A,aa4,335,-1.245,-1.84,1,0
30,4,21,9,A,aa5,335,-0.948,-0.941,0,0
30,4,21,9,A,aa6,335,-0.762,-0.365,0,0
30,4,21,9,A,aa7,335,-1.419,-1.866,0,0
30,4,21,9,A,aa8,335,-1.574,1.782,0,0
30,4,21,9,N,nb0,340,-1.866,-1.77,0,0
30,4,21,9,N,nb1,340,-0.508,0.525,1,1
30,4,21,9,N,nb2,340,-1.864,-0.487,1,1
30,4,21,9,N,nb3,340,1.866,-1.329,1,1
30,4,21,9,N,nb4,340,-0.735,-1.466,2,1
30,4,21,9,N,nb5,340,-1.428,-0.989,0,0
30,4,21,9,N,nb6,340,-1.315,1.348,1,1
30,4,21,9,N,nb7,340,-0.696,0.872,1,0
30,4,21,9,N,nb8,340,1.806,1.736,1,1
30,4,21,9,N,nb9,340,1.029,-0.585,0,0
30,4,21,9,N,nb10,340,-0.779,1.248,0,0
30,4,21,9,N,nb11,340,-1.173,1.253,2,0
30,4,21,9,N,nb12,340,1.63,-0.73,1,1
30,4,21,9,N,nb13,340,1.63,-1.174,1,1
30,4,21,9,N,nb14,340,1.342,1.865,1,1
30,4,21,9,N,nb15,340,-0.643,0.711,2,0
30,4,21,9,N,nb16,340,-1.865,-0.712,1,1
30,4,21,9,N,nb17,340,1.865,-1.116,3,1
30,4,21,9,N,nb18,340,-1.439,0.519,0,0
30,4,21,9,N,nb19,340,-0.962,-1.697,1,1
30,4,21,9,N,nb20,340,1.856,-0.949,2,1
30,4,21,9,N,nb21,340,-0.476,-0.683,0,0
30,4,21,9,N,nb22,340,-0.884,-1.363,2,1
30,4,21,9,N,nb23,340,-1.178,1.084,1,0
30,4,21,9,N,nb24,340,-1.865,0.666,1,1
30,4,21,9,N,nb25,340,1.584,1.843,2,1
30,4,21,9,N,nb26,340,-0.977,-1.095,0,0
30,4,21,9,N,nb27,340,1.866,-0.779,2,1
30,4,21,9,N,nb28,340,-0.885,-1.545,3,1
30,4,21,9,N,nb29,340,-1.866,0.496,1,1
30,4,21,9,A,aa0,340,-1.124,0.924,0,0
30,4,21,9,A,aa1,340,-0.86,0.825,0,0
30,4,21,9,A,aa2,340,-0.525,1.744,0,0
30,4,21,9,A,aa3,340,-0.867,1.103,0,0
30,4,21,9,A,aa4,340,-1.245,-1.84,2,0
30,4,21,9,A,aa5,340,-1.015,-0.93,0,0
30,4,21,9,A,aa6,340,-0.747,-0.266,0,0
30,4,21,9,A,aa7,340,-1.463,-1.866,0,0
30,4,21,9,A,aa8,340,-1.66,1.74,1,0
30,4,21,9,N,nb0,345,-1.866,-1.836,0,0
30,4,21,9,N,nb1,345,-0.508,0.525,0,1
30,4,21,9,N,nb2,345,-1.864,-0.487,1,1
30,4,21,9,N,nb3,345,1.866,-1.329,1,1
30,4,21,9,N,nb4,345,-0.735,-1.466,2,1
30,4,21,9,N,nb5,345,-1.524,-0.961,0,0
30,4,21,9,N,nb6,345,-1.315,1.348,1,1
30,4,21,9,N,nb7,345,-0.679,0.882,1,0
30,4,21,9,N,nb8,345,1.806,1.736,1,1
30,4,21,9,N,nb9,345,1.107,-0.521,0,0
30,4,21,9,N,nb10,345,-0.736,1.195,0,0
30,4,21,9,N,nb11,345,-1.192,1.227,2,0
30,4,21,9,N,nb12,345,1.63,-0.73,1,1
30,4,21,9,N,nb13,345,1.63,-1.174,1,1
30,4,21,9,N,nb14,345,1.342,1.865,1,1
30,4,21,9,N,nb15,345,-0.735,0.712,1,0
30,4,21,9,N,nb16,345,-1.865,-0.712,1,1
30,4,21,9,N,nb17,345,1.865,-1.116,3,1
30,4,21,9,N,nb18,345,-1.537,0.501,0,0
30,4,21,9,N,nb19,345,-0.962,-1.697,1,1
30,4,21,9,N,nb20,345,1.856,-0.949,2,1
30,4,21,9,N,nb21,345,-0.44,-0.776,0,0
30,4,21,9,N,nb22,345,-0.884,-1.363,2,1
30,4,21,9,N,nb23,345,-1.09,1.09,1,0
30,4,21,9,N,nb24,345,-1.865,0.666,1,1
30,4,21,9,N,nb25,345,1.584,1.843,2,1
30,4,21,9,N,nb26,345,-1.036,-1.069,0,0
30,4,21,9,N,nb27,345,1.866,-0.779,2,1
30,4,21,9,N,nb28,345,-0.885,-1.545,3,1
30,4,21,9,N,nb29,345,-1.866,0.496,1,1
30,4,21,9,A,aa0,345,-1.196,0.861,1,0
30,4,21,9,A,aa1,345,-0.848,0.88,0,0
30,4,21,9,A,aa2,345,-0.509,1.784,0,0
30,4,21,9,A,aa3,345,-0.817,1.046,0,0
30,4,21,9,A,aa4,345,-1.279,-1.866,1,0
30,4,21,9,A,aa5,345,-1.066,-0.902,0,0
30,4,21,9,A,aa6,345,-0.732,-0.167,0,0
30,4,21,9,A,aa7,345,-1.496,-1.866,0,0
30,4,21,9,A,aa8,345,-1.75,1.695,1,0
30,4,21,9,N,nb0,350,-1.866,-1.866,0,0
30,4,21,9,N,nb1,350,-0.508,0.525,0,1
30,4,21,9,N,nb2,350,-1.864,-0.487,1,1
30,4,21,9,N,nb3,350,1.866,-1.329,1,1
30,4,21,9,N,nb4,350,-0.735,-1.466,2,1
30,4,21,9,N,nb5,350,-1.62,-0.933,0,0
30,4,21,9,N,nb6,350,-1.315,1.348,1,1
30,4,21,9,N,nb7,350,-0.723,0.85,1,1
30,4,21,9,N,nb8,350,1.806,1.736,1,1
30,4,21,9,N,nb9,350,1.184,-0.458,0,0
30,4,21,9,N,nb10,350,-0.675,1.181,0,0
30,4,21,9,N,nb11,350,-1.232,1.16,2,1
30,4,21,9,N,nb12,350,1.63,-0.73,1,1
30,4,21,9,N,nb13,350,1.63,-1.174,1,1
30,4,21,9,N,nb14,350,1.342,1.865,1,1
30,4,21,9,N,nb15,350,-0.812,0.705,1,1
30,4,21,9,N,nb16,350,-1.865,-0.712,1,1
30,4,21,9,N,nb17,350,1.865,-1.116,3,1
30,4,21,9,N,nb18,350,-1.633,0.482,1,1
30,4,21,9,N,nb19,350,-0.962,-1.697,1,1
30,4,21,9,N,nb20,350,1.856,-0.949,2,1
30,4,21,9,N,nb21,350,-0.405,-0.87,0,0
30,4,21,9,N,nb22,350,-0.884,-1.363,2,1
30,4,21,9,N,nb23,350,-1.01,1.097,1,1
30,4,21,9,N,nb24,350,-1.865,0.666,1,1
30,4,21,9,N,nb25,350,1.584,1.843,2,1
30,4,21,9,N,nb26,350,-1.103,-1.034,0,0
30,4,21,9,N,nb27,350,1.866,-0.779,2,1
30,4,21,9,N,nb28,350,-0.885,-1.545,3,1
30,4,21,9,N,nb29,350,-1.866,0.496,2,1
30,4,21,9,A,aa0,350,-1.269,0.794,0,0
30,4,21,9,A,aa1,350,-0.876,0.932,0,0
30,4,21,9,A,aa2,350,-0.524,1.813,0,0
30,4,21,9,A,aa3,350,-0.732,1.021,0,0
30,4,21,9,A,aa4,350,-1.328,-1.866,1,0
30,4,21,9,A,aa5,350,-1.096,-0.865,0,0
30,4,21,9,A,aa6,350,-0.717,-0.068,0,0
30,4,21,9,A,aa7,350,-1.498,-1.866,0,0
30,4,21,9,A,aa8,350,-1.788,1.675,1,0
30,4,21,9,N,nb0,355,-1.866,-1.866,0,0
30,4,21,9,N,nb1,355,-0.508,0.525,0,1
30,4,21,9,N,nb2,355,-1.864,-0.487,1,1
30,4,21,9,N,nb3,355,1.866,-1.329,1,1
30,4,21,9,N,nb4,355,-0.735,-1.466,2,1
30,4,21,9,N,nb5,355,-1.713,-0.906,1,1
30,4,21,9,N,nb6,355,-1.315,1.348,1,1
30,4,21,9,N,nb7,355,-0.744,0.834,1,0
30,4,21,9,N,nb8,355,1.806,1.736,1,1
30,4,21,9,N,nb9,355,1.262,-0.395,0,0
30,4,21,9,N,nb10,355,-0.606,1.171,0,0
30,4,21,9,N,nb11,355,-1.251,1.129,1,0
30,4,21,9,N,nb12,355,1.63,-0.73,1,1
30,4,21,9,N,nb13,355,1.63,-1.174,1,1
30,4,21,9,N,nb14,355,1.342,1.865,1,1
30,4,21,9,N,nb15,355,-0.847,0.699,1,0
30,4,21,9,N,nb16,355,-1.865,-0.712,2,1
30,4,21,9,N,nb17,355,1.865,-1.116,3,1
30,4,21,9,N,nb18,355,-1.666,0.474,1,0
30,4,21,9,N,nb19,355,-0.962,-1.697,1,1
30,4,21,9,N,nb20,355,1.856,-0.949,2,1
30,4,21,9,N,nb21,355,-0.37,-0.963,0,0
30,4,21,9,N,nb22,355,-0.884,-1.363,2,1
30,4,21,9,N,nb23,355,-0.989,1.111,0,0
30,4,21,9,N,nb24,355,-1.865,0.66,1,0
30,4,21,9,N,nb25,355,1.584,1.843,2,1
30,4,21,9,N,nb26,355,-1.181,-1.008,0,0
30,4,21,9,N,nb27,355,1.866,-0.779,2,1
30,4,21,9,N,nb28,355,-0.885,-1.545,3,1
30,4,21,9,N,nb29,355,-1.863,0.491,2,0
30,4,21,9,A,aa0,355,-1.342,0.725,1,0
30,4,21,9,A,aa1,355,-0.854,1.008,0,0
30,4,21,9,A,aa2,355,-0.574,1.866,0,0
30,4,21,9,A,aa3,355,-0.645,1.006,1,0
30,4,21,9,A,aa4,355,-1.355,-1.866,1,0
30,4,21,9,A,aa5,355,-1.165,-0.839,1,0
30,4,21,9,A,aa6,355,-0.702,0.031,1,0
30,4,21,9,A,aa7,355,-1.525,-1.866,0,0
30,4,21,9,A,aa8,355,-1.796,1.643,1,0
30,4,21,9,N,nb0,360,-1.866,-1.866,0,0
30,4,21,9,N,nb1,360,-0.508,0.525,0,1
30,4,21,9,N,nb2,360,-1.864,-0.487,1,1
30,4,21,9,N,nb3,360,1.866,-1.329,1,1
30,4,21,9,N,nb4,360,-0.735,-1.466,2,1
30,4,21,9,N,nb5,360,-1.716,-0.905,1,1
30,4,21,9,N,nb6,360,-1.315,1.348,0,1
30,4,21,9,N,nb7,360,-0.799,0.776,1,0
30,4,21,9,N,nb8,360,1.806,1.736,1,1
30,4,21,9,N,nb9,360,1.339,-0.332,0,0
30,4,21,9,N,nb10,360,-0.521,1.153,0,0
30,4,21,9,N,nb11,360,-1.3,1.045,0,0
30,4,21,9,N,nb12,360,1.63,-0.73,1,1
30,4,21,9,N,nb13,360,1.63,-1.174,1,1
30,4,21,9,N,nb14,360,1.342,1.865,1,1
30,4,21,9,N,nb15,360,-0.942,0.682,1,0
30,4,21,9,N,nb16,360,-1.865,-0.712,2,1
30,4,21,9,N,nb17,360,1.865,-1.116,3,1
30,4,21,9,N,nb18,360,-1.697,0.422,2,0
30,4,21,9,N,nb19,360,-0.962,-1.697,1,1
30,4,21,9,N,nb20,360,1.856,-0.949,2,1
30,4,21,9,N,nb21,360,-0.334,-1.057,0,0
30,4,21,9,N,nb22,360,-0.884,-1.363,2,1
30,4,21,9,N,nb23,360,-0.936,1.162,0,0
30,4,21,9,N,nb24,360,-1.86,0.573,2,0
30,4,21,9,N,nb25,360,1.584,1.843,2,1
30,4,21,9,N,nb26,360,-1.268,-0.984,0,0
30,4,21,9,N,nb27,360,1.866,-0.779,2,1
30,4,21,9,N,nb28,360,-0.885,-1.545,3,1
30,4,21,9,N,nb29,360,-1.865,0.404,2,0
30,4,21,9,A,aa0,360,-1.415,0.657,0,0
30,4,21,9,A,aa1,360,-0.8,1.059,0,0
30,4,21,9,A,aa2,360,-0.633,1.866,0,0
30,4,21,9,A,aa3,360,-0.554,0.987,1,0
30,4,21,9,A,aa4,360,-1.399,-1.866,1,0
30,4,21,9,A,aa5,360,-1.239,-0.817,1,0
30,4,21,9,A,aa6,360,-0.687,0.129,1,0
30,4,21,9,A,aa7,360,-1.57,-1.866,0,0
30,4,21,9,A,aa8,360,-1.81,1.552,1,0
30,4,21,9,N,nb0,365,-1.864,-1.866,0,0
30,4,21,9,N,nb1,365,-0.508,0.525,0,0
30,4,21,9,N,nb2,365,-1.864,-0.487,1,1
30,4,21,9,N,nb3,365,1.866,-1.329,1,1
30,4,21,9,N,nb4,365,-0.735,-1.466,2,1
30,4,21,9,N,nb5,365,-1.716,-0.905,1,1
30,4,21,9,N,nb6,365,-1.315,1.348,0,0
30,4,21,9,N,nb7,365,-0.828,0.73,1,1
30,4,21,9,N,nb8,365,1.806,1.736,1,1
30,4,21,9,N,nb9,365,1.417,-0.268,0,0
30,4,21,9,N,nb10,365,-0.437,1.127,0,0
30,4,21,9,N,nb11,365,-1.349,0.957,0,0
30,4,21,9,N,nb12,365,1.63,-0.73,1,1
30,4,21,9,N,nb13,365,1.63,-1.174,1,1
30,4,21,9,N,nb14,365,1.342,1.865,1,1
30,4,21,9,N,nb15,365,-1.003,0.669,1,1
30,4,21,9,N,nb16,365,-1.865,-0.712,2,1
30,4,21,9,N,nb17,365,1.865,-1.116,3,1
30,4,21,9,N,nb18,365,-1.699,0.382,2,1
30,4,21,9,N,nb19,365,-0.962,-1.697,1,1
30,4,21,9,N,nb20,365,1.856,-0.949,2,1
30,4,21,9,N,nb21,365,-0.299,-1.151,0,0
30,4,21,9,N,nb22,365,-0.884,-1.363,2,1
30,4,21,9,N,nb23,365,-0.877,1.217,0,0
30,4,21,9,N,nb24,365,-1.85,0.518,2,1
30,4,21,9,N,nb25,365,1.584,1.843,2,1
30,4,21,9,N,nb26,365,-1.359,-0.969,0,0
30,4,21,9,N,nb27,365,1.866,-0.779,2,1
30,4,21,9,N,nb28,365,-0.885,-1.545,3,1
30,4,21,9,N,nb29,365,-1.865,0.319,2,1
30,4,21,9,A,aa0,365,-1.432,0.641,3,1
30,4,21,9,A,aa1,365,-0.741,1.116,2,0
30,4,21,9,A,aa2,365,-0.703,1.866,0,0
30,4,21,9,A,aa3,365,-0.465,0.96,2,0
30,4,21,9,A,aa4,365,-1.399,-1.866,1,0
30,4,21,9,A,aa5,365,-1.313,-0.806,2,0
30,4,21,9,A,aa6,365,-0.672,0.228,3,1
30,4,21,9,A,aa7,365,-1.57,-1.866,0,0
30,4,21,9,A,aa8,365,-1.812,1.46,1,0
30,4,21,9,N,nb0,370,-1.85,-1.866,0,0
30,4,21,9,N,nb1,370,-0.483,0.598,0,0
30,4,21,9,N,nb2,370,-1.864,-0.487,1,0
30,4,21,9,N,nb3,370,1.866,-1.329,1,1
30,4,21,9,N,nb4,370,-0.735,-1.466,2,1
30,4,21,9,N,nb5,370,-1.716,-0.905,1,0
30,4,21,9,N,nb6,370,-1.365,1.29,0,0
30,4,21,9,N,nb7,370,-0.85,0.684,1,0
30,4,21,9,N,nb8,370,1.806,1.736,1,1
30,4,21,9,N,nb9,370,1.494,-0.205,0,0
30,4,21,9,N,nb10,370,-0.355,1.092,0,0
30,4,21,9,N,nb11,370,-1.397,0.872,0,0
30,4,21,9,N,nb12,370,1.63,-0.73,1,1
30,4,21,9,N,nb13,370,1.63,-1.174,1,1
30,4,21,9,N,nb14,370,1.342,1.865,1,1
30,4,21,9,N,nb15,370,-1.059,0.656,1,0
30,4,21,9,N,nb16,370,-1.865,-0.712,2,0
30,4,21,9,N,nb17,370,1.865,-1.116,3,1
30,4,21,9,N,nb18,370,-1.709,0.375,2,0
30,4,21,9,N,nb19,370,-0.962,-1.697,1,1
30,4,21,9,N,nb20,370,1.856,-0.949,2,1
30,4,21,9,N,nb21,370,-0.264,-1.244,0,0
30,4,21,9,N,nb22,370,-0.884,-1.363,2,1
30,4,21,9,N,nb23,370,-0.799,1.261,0,0
30,4,21,9,N,nb24,370,-1.844,0.477,2,0
30,4,21,9,N,nb25,370,1.584,1.843,2,1
30,4,21,9,N,nb26,370,-1.452,-0.964,0,0
30,4,21,9,N,nb27,370,1.866,-0.779,2,1
30,4,21,9,N,nb28,370,-0.885,-1.545,3,1
30,4,21,9,N,nb29,370,-1.865,0.309,2,1
30,4,21,9,A,aa0,370,-1.427,0.626,0,0
30,4,21,9,A,aa1,370,-0.717,1.112,0,0
30,4,21,9,A,aa2,370,-0.78,1.866,0,0
30,4,21,9,A,aa3,370,-0.379,0.925,0,0
30,4,21,9,A,aa4,370,-1.413,-1.866,1,0
30,4,21,9,A,aa5,370,-1.387,-0.807,3,1
30,4,21,9,A,aa6,370,-0.657,0.327,0,0
30,4,21,9,A,aa7,370,-1.584,-1.866,0,0
30,4,21,9,A,aa8,370,-1.804,1.368,0,0
30,4,21,9,N,nb0,375,-1.823,-1.866,0,0
30,4,21,9,N,nb1,375,-0.452,0.69,0,0
30,4,21,9,N,nb2,375,-1.859,-0.535,1,0
30,4,21,9,N,nb3,375,1.866,-1.329,1,1
30,4,21,9,N,nb4,375,-0.735,-1.466,2,1
30,4,21,9,N,nb5,375,-1.801,-0.889,1,0
30,4,21,9,N,nb6,375,-1.431,1.215,0,0
30,4,21,9,N,nb7,375,-0.879,0.599,0,0
30,4,21,9,N,nb8,375,1.806,1.736,1,1
30,4,21,9,N,nb9,375,1.571,-0.142,0,0
30,4,21,9,N,nb10,375,-0.274,1.051,0,0
30,4,21,9,N,nb11,375,-1.447,0.801,0,0
30,4,21,9,N,nb12,375,1.63,-0.73,1,1
30,4,21,9,N,nb13,375,1.63,-1.174,1,1
30,4,21,9,N,nb14,375,1.342,1.865,1,1
30,4,21,9,N,nb15,375,-1.155,0.635,0,0
30,4,21,9,N,nb16,375,-1.865,-0.703,2,0
30,4,21,9,N,nb17,375,1.865,-1.116,3,1
30,4,21,9,N,nb18,375,-1.712,0.336,2,0
30,4,21,9,N,nb19,375,-0.962,-1.697,1,1
30,4,21,9,N,nb20,375,1.856,-0.949,2,1
30,4,21,9,N,nb21,375,-0.228,-1.338,0,0
30,4,21,9,N,nb22,375,-0.884,-1.363,2,1
30,4,21,9,N,nb23,375,-0.733,1.327,0,0
30,4,21,9,N,nb24,375,-1.851,0.432,2,0
30,4,21,9,N,nb25,375,1.584,1.843,2,1
30,4,21,9,N,nb26,375,-1.546,-0.967,0,0
30,4,21,9,N,nb27,375,1.866,-0.779,2,1
30,4,21,9,N,nb28,375,-0.885,-1.545,3,1
30,4,21,9,N,nb29,375,-1.865,0.264,2,1
30,4,21,9,A,aa0,375,-1.398,0.532,0,0
30,4,21,9,A,aa1,375,-0.737,1.158,0,0
30,4,21,9,A,aa2,375,-0.864,1.866,0,0
30,4,21,9,A,aa3,375,-0.296,0.881,0,0
30,4,21,9,A,aa4,375,-1.423,-1.866,1,0
30,4,21,9,A,aa5,375,-1.464,-0.818,0,0
30,4,21,9,A,aa6,375,-0.642,0.426,0,0
30,4,21,9,A,aa7,375,-1.593,-1.866,0,0
30,4,21,9,A,aa8,375,-1.787,1.277,0,0
30,4,21,9,N,nb0,380,-1.783,-1.866,0,0
30,4,21,9,N,nb1,380,-0.432,0.775,0,0
30,4,21,9,N,nb2,380,-1.859,-0.545,1,1
30,4,21,9,N,nb3,380,1.866,-1.329,1,1
30,4,21,9,N,nb4,380,-0.735,-1.466,2,1
30,4,21,9,N,nb5,380,-1.866,-0.885,2,1
30,4,21,9,N,nb6,380,-1.497,1.139,0,0
30,4,21,9,N,nb7,380,-0.903,0.505,0,0
30,4,21,9,N,nb8,380,1.806,1.736,1,1
30,4,21,9,N,nb9,380,1.649,-0.078,0,0
30,4,21,9,N,nb10,380,-0.189,1.019,0,0
30,4,21,9,N,nb11,380,-1.514,0.727,0,0
30,4,21,9,N,nb12,380,1.63,-0.73,1,1
30,4,21,9,N,nb13,380,1.63,-1.174,1,1
30,4,21,9,N,nb14,380,1.342,1.865,1,1
30,4,21,9,N,nb15,380,-1.241,0.624,0,0
30,4,21,9,N,nb16,380,-1.865,-0.713,2,1
30,4,21,9,N,nb17,380,1.865,-1.116,3,0
30,4,21,9,N,nb18,380,-1.711,0.317,2,1
30,4,21,9,N,nb19,380,-0.962,-1.697,1,1
30,4,21,9,N,nb20,380,1.856,-0.949,2,1
30,4,21,9,N,nb21,380,-0.193,-1.431,0,0
30,4,21,9,N,nb22,380,-0.884,-1.363,2,1
30,4,21,9,N,nb23,380,-0.658,1.389,0,0
30,4,21,9,N,nb24,380,-1.85,0.415,2,1
30,4,21,9,N,nb25,380,1.584,1.843,2,1
30,4,21,9,N,nb26,380,-1.641,-0.977,1,1
30,4,21,9,N,nb27,380,1.866,-0.779,2,0
30,4,21,9,N,nb28,380,-0.885,-1.545,3,1
30,4,21,9,N,nb29,380,-1.865,0.246,2,1
30,4,21,9,A,aa0,380,-1.374,0.441,2,0
30,4,21,9,A,aa1,380,-0.747,1.174,0,0
30,4,21,9,A,aa2,380,-0.953,1.866,0,0
30,4,21,9,A,aa3,380,-0.216,0.83,0,0
30,4,21,9,A,aa4,380,-1.422,-1.866,1,0
30,4,21,9,A,aa5,380,-1.546,-0.836,0,0
30,4,21,9,A,aa6,380,-0.627,0.522,0,0
30,4,21,9,A,aa7,380,-1.593,-1.866,0,0
30,4,21,9,A,aa8,380,-1.782,1.256,0,0
30,4,21,9,N,nb0,385,-1.731,-1.866,0,0
30,4,21,9,N,nb1,385,-0.425,0.868,0,0
30,4,21,9,N,nb2,385,-1.858,-0.545,1,0
30,4,21,9,N,nb3,385,1.866,-1.329,1,1
30,4,21,9,N,nb4,385,-0.735,-1.466,2,1
30,4,21,9,N,nb5,385,-1.866,-0.885,2,0
30,4,21,9,N,nb6,385,-1.563,1.064,0,0
30,4,21,9,N,nb7,385,-0.931,0.409,0,0
30,4,21,9,N,nb8,385,1.806,1.736,1,1
30,4,21,9,N,nb9,385,1.726,-0.015,0,0
30,4,21,9,N,nb10,385,-0.1,0.998,0,0
30,4,21,9,N,nb11,385,-1.579,0.655,0,0
30,4,21,9,N,nb12,385,1.63,-0.73,1,1
30,4,21,9,N,nb13,385,1.63,-1.174,1,1
30,4,21,9,N,nb14,385,1.342,1.865,1,1
30,4,21,9,N,nb15,385,-1.33,0.628,0,0
30,4,21,9,N,nb16,385,-1.864,-0.713,2,0
30,4,21,9,N,nb17,385,1.865,-1.116,3,1
30,4,21,9,N,nb18,385,-1.711,0.317,2,1
30,4,21,9,N,nb19,385,-0.962,-1.697,1,1
30,4,21,9,N,nb20,385,1.856,-0.949,2,1
30,4,21,9,N,nb21,385,-0.158,-1.525,0,0
30,4,21,9,N,nb22,385,-0.884,-1.363,2,1
30,4,21,9,N,nb23,385,-0.584,1.455,0,0
30,4,21,9,N,nb24,385,-1.85,0.415,2,1
30,4,21,9,N,nb25,385,1.584,1.843,2,1
30,4,21,9,N,nb26,385,-1.683,-0.993,1,0
30,4,21,9,N,nb27,385,1.866,-0.779,2,1
30,4,21,9,N,nb28,385,-0.885,-1.545,3,1
30,4,21,9,N,nb29,385,-1.865,0.246,2,1
30,4,21,9,A,aa0,385,-1.356,0.346,1,0
30,4,21,9,A,aa1,385,-0.803,1.178,0,0
30,4,21,9,A,aa2,385,-1.044,1.866,0,0
30,4,21,9,A,aa3,385,-0.138,0.773,0,0
30,4,21,9,A,aa4,385,-1.388,-1.866,2,0
30,4,21,9,A,aa5,385,-1.583,-0.843,0,0
30,4,21,9,A,aa6,385,-0.607,0.62,0,0
30,4,21,9,A,aa7,385,-1.561,-1.866,0,0
30,4,21,9,A,aa8,385,-1.747,1.245,0,0
30,4,21,9,N,nb0,390,-1.693,-1.866,0,0
30,4,21,9,N,nb1,390,-0.423,0.968,0,0
30,4,21,9,N,nb2,390,-1.848,-0.542,1,0
30,4,21,9,N,nb3,390,1.866,-1.329,1,1
30,4,21,9,N,nb4,390,-0.735,-1.466,2,1
30,4,21,9,N,nb5,390,-1.866,-0.884,2,0
30,4,21,9,N,nb6,390,-1.622,0.991,0,0
30,4,21,9,N,nb7,390,-0.959,0.313,0,0
30,4,21,9,N,nb8,390,1.806,1.736,1,1
30,4,21,9,N,nb9,390,1.8,0.046,0,0
30,4,21,9,N,nb10,390,-0.009,0.987,0,0
30,4,21,9,N,nb11,390,-1.595,0.639,1,0
30,4,21,9,N,nb12,390,1.63,-0.73,1,1
30,4,21,9,N,nb13,390,1.63,-1.174,1,1
30,4,21,9,N,nb14,390,1.342,1.865,1,1
30,4,21,9,N,nb15,390,-1.349,0.631,1,0
30,4,21,9,N,nb16,390,-1.854,-0.71,2,0
30,4,21,9,N,nb17,390,1.865,-1.116,3,1
30,4,21,9,N,nb18,390,-1.711,0.317,2,0
30,4,21,9,N,nb19,390,-0.962,-1.697,1,1
30,4,21,9,N,nb20,390,1.856,-0.949,2,1
30,4,21,9,N,nb21,390,-0.122,-1.618,0,0
30,4,21,9,N,nb22,390,-0.884,-1.363,2,1
30,4,21,9,N,nb23,390,-0.51,1.522,0,0
30,4,21,9,N,nb24,390,-1.85,0.415,2,1
30,4,21,9,N,nb25,390,1.584,1.843,2,1
30,4,21,9,N,nb26,390,-1.76,-1.016,1,0
30,4,21,9,N,nb27,390,1.866,-0.779,2,1
30,4,21,9,N,nb28,390,-0.885,-1.545,3,0
30,4,21,9,N,nb29,390,-1.865,0.246,2,1
30,4,21,9,A,aa0,390,-1.339,0.247,3,1
30,4,21,9,A,aa1,390,-0.903,1.185,0,0
30,4,21,9,A,aa2,390,-1.136,1.861,0,0
30,4,21,9,A,aa3,390,-0.064,0.712,0,0
30,4,21,9,A,aa4,390,-1.345,-1.866,0,0
30,4,21,9,A,aa5,390,-1.589,-0.856,0,0
30,4,21,9,A,aa6,390,-0.588,0.718,0,0
30,4,21,9,A,aa7,390,-1.515,-1.865,0,0
30,4,21,9,A,aa8,390,-1.661,1.225,0,0
30,4,21,9,N,nb0,395,-1.616,-1.866,0,0
30,4,21,9,N,nb1,395,-0.421,1.068,0,0
30,4,21,9,N,nb2,395,-1.833,-0.537,1,1
30,4,21,9,N,nb3,395,1.866,-1.329,1,1
30,4,21,9,N,nb4,395,-0.735,-1.466,2,0
30,4,21,9,N,nb5,395,-1.866,-0.877,2,1
30,4,21,9,N,nb6,395,-1.678,0.911,0,0
30,4,21,9,N,nb7,395,-0.987,0.217,0,0
30,4,21,9,N,nb8,395,1.806,1.736,1,1
30,4,21,9,N,nb9,395,1.86,0.11,0,0
30,4,21,9,N,nb10,395,0.091,0.982,0,0
30,4,21,9,N,nb11,395,-1.662,0.575,2,0
30,4,21,9,N,nb12,395,1.63,-0.73,1,1
30,4,21,9,N,nb13,395,1.63,-1.174,1,1
30,4,21,9,N,nb14,395,1.342,1.865,1,1
30,4,21,9,N,nb15,395,-1.43,0.653,1,0
30,4,21,9,N,nb16,395,-1.836,-0.705,2,1
30,4,21,9,N,nb17,395,1.865,-1.116,3,1
30,4,21,9,N,nb18,395,-1.706,0.305,2,0
30,4,21,9,N,nb19,395,-0.962,-1.697,1,1
30,4,21,9,N,nb20,395,1.856,-0.949,2,1
30,4,21,9,N,nb21,395,-0.087,-1.712,0,0
30,4,21,9,N,nb22,395,-0.884,-1.363,2,0
30,4,21,9,N,nb23,395,-0.436,1.589,0,0
30,4,21,9,N,nb24,395,-1.85,0.415,3,1
30,4,21,9,N,nb25,395,1.584,1.843,2,1
30,4,21,9,N,nb26,395,-1.827,-1.043,1,1
30,4,21,9,N,nb27,395,1.866,-0.779,2,1
30,4,21,9,N,nb28,395,-0.885,-1.545,3,1
30,4,21,9,N,nb29,395,-1.865,0.246,2,0
30,4,21,9,A,aa0,395,-1.332,0.204,0,0
30,4,21,9,A,aa1,395,-1.002,1.191,0,0
30,4,21,9,A,aa2,395,-1.228,1.847,0,0
30,4,21,9,A,aa3,395,0.01,0.645,0,0
30,4,21,9,A,aa4,395,-1.262,-1.866,1,0
30,4,21,9,A,aa5,395,-1.617,-0.94,0,0
30,4,21,9,A,aa6,395,-0.568,0.816,0,0
30,4,21,9,A,aa7,395,-1.431,-1.865,0,0
30,4,21,9,A,aa8,395,-1.567,1.218,0,0
30,4,21,9,N,nb0,400,-1.532,-1.866,0,0
30,4,21,9,N,nb1,400,-0.419,1.168,0,0
30,4,21,9,N,nb2,400,-1.833,-0.537,1,1
30,4,21,9,N,nb3,400,1.866,-1.329,1,1
30,4,21,9,N,nb4,400,-0.735,-1.466,2,1
30,4,21,9,N,nb5,400,-1.866,-0.886,2,0
30,4,21,9,N,nb6,400,-1.735,0.829,0,0
30,4,21,9,N,nb7,400,-1.015,0.121,0,0
30,4,21,9,N,nb8,400,1.806,1.736,1,1
30,4,21,9,N,nb9,400,1.866,0.18,0,0
30,4,21,9,N,nb10,400,0.191,0.976,0,0
30,4,21,9,N,nb11,400,-1.722,0.524,1,1
30,4,21,9,N,nb12,400,1.63,-0.73,1,0
30,4,21,9,N,nb13,400,1.63,-1.174,1,1
30,4,21,9,N,nb14,400,1.342,1.865,1,1
30,4,21,9,N,nb15,400,-1.511,0.692,0,0
30,4,21,9,N,nb16,400,-1.838,-0.705,2,0
30,4,21,9,N,nb17,400,1.865,-1.116,3,1
30,4,21,9,N,nb18,400,-1.697,0.266,2,1
30,4,21,9,N,nb19,400,-0.962,-1.697,1,1
30,4,21,9,N,nb20,400,1.856,-0.949,2,1
30,4,21,9,N,nb21,400,-0.053,-1.8,0,0
30,4,21,9,N,nb22,400,-0.884,-1.363,2,1
30,4,21,9,N,nb23,400,-0.362,1.656,0,0
30,4,21,9,N,nb24,400,-1.851,0.414,3,1
30,4,21,9,N,nb25,400,1.584,1.843,2,1
30,4,21,9,N,nb26,400,-1.859,-1.056,1,0
30,4,21,9,N,nb27,400,1.866,-0.779,2,1
30,4,21,9,N,nb28,400,-0.885,-1.545,3,1
30,4,21,9,N,nb29,400,-1.865,0.246,2,1
30,4,21,9,A,aa0,400,-1.301,0.185,0,0
30,4,21,9,A,aa1,400,-1.102,1.198,0,0
30,4,21,9,A,aa2,400,-1.259,1.825,0,0
30,4,21,9,A,aa3,400,0.085,0.579,0,0
30,4,21,9,A,aa4,400,-1.171,-1.866,2,0
30,4,21,9,A,aa5,400,-1.632,-1.029,0,0
30,4,21,9,A,aa6,400,-0.549,0.914,0,0
30,4,21,9,A,aa7,400,-1.341,-1.863,0,0
30,4,21,9,A,aa8,400,-1.467,1.213,0,0
30,4,21,9,N,nb0,405,-1.442,-1.866,0,0
30,4,21,9,N,nb1,405,-0.417,1.268,0,0
30,4,21,9,N,nb2,405,-1.833,-0.537,1,1
30,4,21,9,N,nb3,405,1.866,-1.329,1,1
30,4,21,9,N,nb4,405,-0.735,-1.466,2,1
30,4,21,9,N,nb5,405,-1.866,-0.925,2,0
30,4,21,9,N,nb6,405,-1.747,0.811,1,1
30,4,21,9,N,nb7,405,-1.039,0.03,0,0
30,4,21,9,N,nb8,405,1.806,1.736,1,1
30,4,21,9,N,nb9,405,1.866,0.259,0,0
30,4,21,9,N,nb10,405,0.291,0.971,0,0
30,4,21,9,N,nb11,405,-1.722,0.523,1,1
30,4,21,9,N,nb12,405,1.63,-0.73,1,1
30,4,21,9,N,nb13,405,1.63,-1.174,1,1
30,4,21,9,N,nb14,405,1.342,1.865,1,1
30,4,21,9,N,nb15,405,-1.529,0.702,1,1
30,4,21,9,N,nb16,405,-1.849,-0.704,2,0
30,4,21,9,N,nb17,405,1.865,-1.116,3,1
30,4,21,9,N,nb18,405,-1.696,0.265,2,1
30,4,21,9,N,nb19,405,-0.962,-1.697,1,1
30,4,21,9,N,nb20,405,1.856,-0.949,2,1
30,4,21,9,N,nb21,405,-0.011,-1.866,0,0
30,4,21,9,N,nb22,405,-0.884,-1.363,2,1
30,4,21,9,N,nb23,405,-0.288,1.723,0,0
30,4,21,9,N,nb24,405,-1.851,0.414,3,1
30,4,21,9,N,nb25,405,1.584,1.843,2,1
30,4,21,9,N,nb26,405,-1.865,-1.096,1,0
30,4,21,9,N,nb27,405,1.866,-0.779,2,1
30,4,21,9,N,nb28,405,-0.885,-1.545,3,1
30,4,21,9,N,nb29,405,-1.865,0.246,2,1
30,4,21,9,A,aa0,405,-1.224,0.136,1,0
30,4,21,9,A,aa1,405,-1.196,1.205,0,0
30,4,21,9,A,aa2,405,-1.332,1.763,0,0
30,4,21,9,A,aa3,405,0.132,0.537,0,0
30,4,21,9,A,aa4,405,-1.082,-1.866,1,0
30,4,21,9,A,aa5,405,-1.635,-1.121,0,0
30,4,21,9,A,aa6,405,-0.529,1.012,0,0
30,4,21,9,A,aa7,405,-1.251,-1.85,1,0
30,4,21,9,A,aa8,405,-1.373,1.208,2,0
30,4,21,9,N,nb0,410,-1.352,-1.863,0,0
30,4,21,9,N,nb1,410,-0.415,1.368,0,0
30,4,21,9,N,nb2,410,-1.832,-0.537,1,1
30,4,21,9,N,nb3,410,1.866,-1.329,1,1
30,4,21,9,N,nb4,410,-0.735,-1.466,2,1
30,4,21,9,N,nb5,410,-1.866,-0.957,1,1
30,4,21,9,N,nb6,410,-1.747,0.811,1,1
30,4,21,9,N,nb7,410,-1.055,-0.063,0,0
30,4,21,9,N,nb8,410,1.806,1.736,1,1
30,4,21,9,N,nb9,410,1.866,0.343,0,0
30,4,21,9,N,nb10,410,0.391,0.966,0,0
30,4,21,9,N,nb11,410,-1.722,0.523,1,1
30,4,21,9,N,nb12,410,1.63,-0.73,1,1
30,4,21,9,N,nb13,410,1.63,-1.174,1,1
30,4,21,9,N,nb14,410,1.342,1.865,1,1
30,4,21,9,N,nb15,410,-1.529,0.702,1,1
30,4,21,9,N,nb16,410,-1.856,-0.703,1,1
30,4,21,9,N,nb17,410,1.865,-1.116,3,1
30,4,21,9,N,nb18,410,-1.696,0.265,2,1
30,4,21,9,N,nb19,410,-0.962,-1.697,1,1
30,4,21,9,N,nb20,410,1.856,-0.949,2,1
30,4,21,9,N,nb21,410,0.039,-1.866,0,0
30,4,21,9,N,nb22,410,-0.884,-1.363,2,1
30,4,21,9,N,nb23,410,-0.215,1.788,0,0
30,4,21,9,N,nb24,410,-1.851,0.414,3,1
30,4,21,9,N,nb25,410,1.584,1.843,2,1
30,4,21,9,N,nb26,410,-1.865,-1.127,1,1
30,4,21,9,N,nb27,410,1.866,-0.779,2,1
30,4,21,9,N,nb28,410,-0.885,-1.545,3,1
30,4,21,9,N,nb29,410,-1.865,0.246,2,1
30,4,21,9,A,aa0,410,-1.162,0.078,1,0
30,4,21,9,A,aa1,410,-1.203,1.19,1,0
30,4,21,9,A,aa2,410,-1.349,1.728,0,0
30,4,21,9,A,aa3,410,0.206,0.514,0,0
30,4,21,9,A,aa4,410,-0.998,-1.866,1,0
30,4,21,9,A,aa5,410,-1.628,-1.214,3,1
30,4,21,9,A,aa6,410,-0.51,1.11,0,0
30,4,21,9,A,aa7,410,-1.163,-1.826,2,0
30,4,21,9,A,aa8,410,-1.366,1.224,2,0
30,4,21,9,N,nb0,415,-1.262,-1.848,0,0
30,4,21,9,N,nb1,415,-0.411,1.466,0,0
30,4,21,9,N,nb2,415,-1.832,-0.536,1,1
30,4,21,9,N,nb3,415,1.866,-1.329,1,1
30,4,21,9,N,nb4,415,-0.735,-1.466,2,1
30,4,21,9,N,nb5,415,-1.866,-0.989,1,0
30,4,21,9,N,nb6,415,-1.747,0.811,1,1
30,4,21,9,N,nb7,415,-1.065,-0.16,0,0
30,4,21,9,N,nb8,415,1.806,1.736,1,1
30,4,21,9,N,nb9,415,1.866,0.432,0,0
30,4,21,9,N,nb10,415,0.491,0.961,0,0
30,4,21,9,N,nb11,415,-1.722,0.523,1,1
30,4,21,9,N,nb12,415,1.63,-0.73,1,1
30,4,21,9,N,nb13,415,1.63,-1.174,1,1
30,4,21,9,N,nb14,415,1.342,1.865,1,1
30,4,21,9,N,nb15,415,-1.529,0.702,1,1
30,4,21,9,N,nb16,415,-1.862,-0.701,1,0
30,4,21,9,N,nb17,415,1.865,-1.116,3,1
30,4,21,9,N,nb18,415,-1.696,0.265,2,1
30,4,21,9,N,nb19,415,-0.961,-1.696,1,1
30,4,21,9,N,nb20,415,1.856,-0.949,2,1
30,4,21,9,N,nb21,415,0.102,-1.866,0,0
30,4,21,9,N,nb22,415,-0.884,-1.363,2,1
30,4,21,9,N,nb23,415,-0.144,1.842,0,0
30,4,21,9,N,nb24,415,-1.851,0.414,3,1
30,4,21,9,N,nb25,415,1.584,1.843,2,1
30,4,21,9,N,nb26,415,-1.865,-1.159,1,0
30,4,21,9,N,nb27,415,1.866,-0.779,2,1
30,4,21,9,N,nb28,415,-0.885,-1.545,3,1
30,4,21,9,N,nb29,415,-1.865,0.246,2,1
30,4,21,9,A,aa0,415,-1.103,0.016,0,0
30,4,21,9,A,aa1,415,-1.208,1.174,1,0
30,4,21,9,A,aa2,415,-1.388,1.636,0,0
30,4,21,9,A,aa3,415,0.301,0.485,0,0
30,4,21,9,A,aa4,415,-0.935,-1.866,2,0
30,4,21,9,A,aa5,415,-1.614,-1.311,0,0
30,4,21,9,A,aa6,415,-0.49,1.208,0,0
30,4,21,9,A,aa7,415,-1.097,-1.797,1,0
30,4,21,9,A,aa8,415,-1.361,1.242,2,0
30,4,21,9,N,nb0,420,-1.25,-1.865,0,0
30,4,21,9,N,nb1,420,-0.407,1.566,0,0
30,4,21,9,N,nb2,420,-1.825,-0.523,1,1
30,4,21,9,N,nb3,420,1.866,-1.329,1,1
30,4,21,9,N,nb4,420,-0.735,-1.466,2,1
30,4,21,9,N,nb5,420,-1.866,-1.055,1,0
30,4,21,9,N,nb6,420,-1.747,0.811,1,1
30,4,21,9,N,nb7,420,-1.072,-0.259,0,0
30,4,21,9,N,nb8,420,1.806,1.736,1,1
30,4,21,9,N,nb9,420,1.866,0.523,0,0
30,4,21,9,N,nb10,420,0.59,0.956,0,0
30,4,21,9,N,nb11,420,-1.722,0.523,1,1
30,4,21,9,N,nb12,420,1.63,-0.73,1,1
30,4,21,9,N,nb13,420,1.63,-1.174,1,1
30,4,21,9,N,nb14,420,1.342,1.865,1,1
30,4,21,9,N,nb15,420,-1.529,0.702,1,1
30,4,21,9,N,nb16,420,-1.865,-0.686,1,0
30,4,21,9,N,nb17,420,1.865,-1.116,3,1
30,4,21,9,N,nb18,420,-1.696,0.265,2,1
30,4,21,9,N,nb19,420,-0.961,-1.696,1,1
30,4,21,9,N,nb20,420,1.856,-0.949,2,1
30,4,21,9,N,nb21,420,0.175,-1.866,0,0
30,4,21,9,N,nb22,420,-0.884,-1.363,2,1
30,4,21,9,N,nb23,420,-0.066,1.865,0,0
30,4,21,9,N,nb24,420,-1.851,0.414,3,1
30,4,21,9,N,nb25,420,1.584,1.843,2,1
30,4,21,9,N,nb26,420,-1.865,-1.225,1,0
30,4,21,9,N,nb27,420,1.866,-0.779,2,1
30,4,21,9,N,nb28,420,-0.885,-1.545,3,1
30,4,21,9,N,nb29,420,-1.865,0.246,2,1
30,4,21,9,A,aa0,420,-1.032,-0.036,0,0
30,4,21,9,A,aa1,420,-1.217,1.159,1,0
30,4,21,9,A,aa2,420,-1.428,1.544,0,0
30,4,21,9,A,aa3,420,0.397,0.455,0,0
30,4,21,9,A,aa4,420,-0.857,-1.866,3,1
30,4,21,9,A,aa5,420,-1.598,-1.41,0,0
30,4,21,9,A,aa6,420,-0.474,1.304,0,0
30,4,21,9,A,aa7,420,-1.092,-1.803,1,0
30,4,21,9,A,aa8,420,-1.352,1.257,2,0
30,4,21,9,N,nb0,425,-1.25,-1.865,0,0
30,4,21,9,N,nb1,425,-0.403,1.666,0,0
30,4,21,9,N,nb2,425,-1.82,-0.515,1,1
30,4,21,9,N,nb3,425,1.866,-1.329,1,1
30,4,21,9,N,nb4,425,-0.726,-1.488,2,0
30,4,21,9,N,nb5,425,-1.866,-1.087,1,1
30,4,21,9,N,nb6,425,-1.747,0.811,1,1
30,4,21,9,N,nb7,425,-1.08,-0.358,0,0
30,4,21,9,N,nb8,425,1.806,1.736,1,1
30,4,21,9,N,nb9,425,1.86,0.615,0,0
30,4,21,9,N,nb10,425,0.69,0.951,0,0
30,4,21,9,N,nb11,425,-1.722,0.523,1,1
30,4,21,9,N,nb12,425,1.63,-0.73,1,1
30,4,21,9,N,nb13,425,1.63,-1.174,1,1
30,4,21,9,N,nb14,425,1.342,1.865,1,1
30,4,21,9,N,nb15,425,-1.529,0.702,1,1
30,4,21,9,N,nb16,425,-1.864,-0.678,1,1
30,4,21,9,N,nb17,425,1.865,-1.116,3,1
30,4,21,9,N,nb18,425,-1.696,0.265,2,1
30,4,21,9,N,nb19,425,-0.956,-1.716,1,0
30,4,21,9,N,nb20,425,1.856,-0.949,2,1
30,4,21,9,N,nb21,425,0.255,-1.866,0,0
30,4,21,9,N,nb22,425,-0.884,-1.363,2,1
30,4,21,9,N,nb23,425,0.017,1.865,0,0
30,4,21,9,N,nb24,425,-1.851,0.414,3,1
30,4,21,9,N,nb25,425,1.584,1.843,2,1
30,4,21,9,N,nb26,425,-1.865,-1.257,1,1
30,4,21,9,N,nb27,425,1.866,-0.779,2,1
30,4,21,9,N,nb28,425,-0.876,-1.567,3,0
30,4,21,9,N,nb29,425,-1.865,0.246,2,1
30,4,21,9,A,aa0,425,-0.948,-0.08,0,0
30,4,21,9,A,aa1,425,-1.229,1.147,1,0
30,4,21,9,A,aa2,425,-1.466,1.459,0,0
30,4,21,9,A,aa3,425,0.492,0.426,0,0
30,4,21,9,A,aa4,425,-0.778,-1.866,0,0
30,4,21,9,A,aa5,425,-1.582,-1.508,2,0
30,4,21,9,A,aa6,425,-0.458,1.403,0,0
30,4,21,9,A,aa7,425,-1.086,-1.824,0,0
30,4,21,9,A,aa8,425,-1.34,1.271,1,0
30,4,21,9,N,nb0,430,-1.246,-1.855,0,0
30,4,21,9,N,nb1,430,-0.398,1.765,0,0
30,4,21,9,N,nb2,430,-1.82,-0.515,1,1
30,4,21,9,N,nb3,430,1.866,-1.329,1,1
30,4,21,9,N,nb4,430,-0.711,-1.538,2,0
30,4,21,9,N,nb5,430,-1.866,-1.087,1,1
30,4,21,9,N,nb6,430,-1.747,0.811,1,1
30,4,21,9,N,nb7,430,-1.088,-0.458,0,0
30,4,21,9,N,nb8,430,1.806,1.736,1,1
30,4,21,9,N,nb9,430,1.845,0.707,0,0
30,4,21,9,N,nb10,430,0.79,0.946,0,0
30,4,21,9,N,nb11,430,-1.722,0.523,1,0
30,4,21,9,N,nb12,430,1.63,-0.73,1,1
30,4,21,9,N,nb13,430,1.63,-1.174,1,1
30,4,21,9,N,nb14,430,1.342,1.865,1,1
30,4,21,9,N,nb15,430,-1.529,0.702,1,1
30,4,21,9,N,nb16,430,-1.864,-0.678,1,1
30,4,21,9,N,nb17,430,1.865,-1.116,3,1
30,4,21,9,N,nb18,430,-1.696,0.265,2,0
30,4,21,9,N,nb19,430,-0.953,-1.751,1,0
30,4,21,9,N,nb20,430,1.856,-0.949,2,1
30,4,21,9,N,nb21,430,0.341,-1.866,0,0
30,4,21,9,N,nb22,430,-0.884,-1.363,2,1
30,4,21,9,N,nb23,430,0.104,1.865,0,0
30,4,21,9,N,nb24,430,-1.851,0.414,3,1
30,4,21,9,N,nb25,430,1.584,1.843,2,1
30,4,21,9,N,nb26,430,-1.865,-1.257,1,1
30,4,21,9,N,nb27,430,1.866,-0.779,2,1
30,4,21,9,N,nb28,430,-0.866,-1.605,3,0
30,4,21,9,N,nb29,430,-1.865,0.246,2,1
30,4,21,9,A,aa0,430,-0.858,-0.123,0,0
30,4,21,9,A,aa1,430,-1.243,1.137,1,0
30,4,21,9,A,aa2,430,-1.514,1.381,0,0
30,4,21,9,A,aa3,430,0.588,0.396,0,0
30,4,21,9,A,aa4,430,-0.693,-1.866,0,0
30,4,21,9,A,aa5,430,-1.566,-1.607,1,0
30,4,21,9,A,aa6,430,-0.443,1.501,0,0
30,4,21,9,A,aa7,430,-1.077,-1.865,0,0
30,4,21,9,A,aa8,430,-1.326,1.282,0,0
30,4,21,9,N,nb0,435,-1.228,-1.813,0,0
30,4,21,9,N,nb1,435,-0.389,1.853,0,0
30,4,21,9,N,nb2,435,-1.82,-0.515,1,1
30,4,21,9,N,nb3,435,1.866,-1.329,1,1
30,4,21,9,N,nb4,435,-0.696,-1.554,1,0
30,4,21,9,N,nb5,435,-1.866,-1.087,1,1
30,4,21,9,N,nb6,435,-1.747,0.811,1,1
30,4,21,9,N,nb7,435,-1.096,-0.557,0,0
30,4,21,9,N,nb8,435,1.806,1.736,1,0
30,4,21,9,N,nb9,435,1.821,0.797,0,0
30,4,21,9,N,nb10,435,0.89,0.941,0,0
30,4,21,9,N,nb11,435,-1.722,0.523,1,1
30,4,21,9,N,nb12,435,1.63,-0.73,1,1
30,4,21,9,N,nb13,435,1.63,-1.174,1,1
30,4,21,9,N,nb14,435,1.342,1.865,1,1
30,4,21,9,N,nb15,435,-1.529,0.702,1,1
30,4,21,9,N,nb16,435,-1.864,-0.678,1,1
30,4,21,9,N,nb17,435,1.865,-1.116,3,1
30,4,21,9,N,nb18,435,-1.696,0.265,2,1
30,4,21,9,N,nb19,435,-0.948,-1.746,1,0
30,4,21,9,N,nb20,435,1.856,-0.949,2,1
30,4,21,9,N,nb21,435,0.431,-1.866,0,0
30,4,21,9,N,nb22,435,-0.884,-1.363,1,1
30,4,21,9,N,nb23,435,0.195,1.865,0,0
30,4,21,9,N,nb24,435,-1.851,0.414,3,1
30,4,21,9,N,nb25,435,1.584,1.843,2,1
30,4,21,9,N,nb26,435,-1.865,-1.257,1,1
30,4,21,9,N,nb27,435,1.866,-0.779,2,1
30,4,21,9,N,nb28,435,-0.858,-1.602,3,0
30,4,21,9,N,nb29,435,-1.865,0.246,2,1
30,4,21,9,A,aa0,435,-0.768,-0.167,0,0
30,4,21,9,A,aa1,435,-1.259,1.13,2,0
30,4,21,9,A,aa2,435,-1.571,1.307,1,0
30,4,21,9,A,aa3,435,0.683,0.367,0,0
30,4,21,9,A,aa4,435,-0.604,-1.866,3,1
30,4,21,9,A,aa5,435,-1.562,-1.63,1,0
30,4,21,9,A,aa6,435,-0.431,1.592,0,0
30,4,21,9,A,aa7,435,-1.067,-1.865,1,0
30,4,21,9,A,aa8,435,-1.309,1.29,0,0
30,4,21,9,N,nb0,440,-1.186,-1.748,1,1
30,4,21,9,N,nb1,440,-0.369,1.866,0,0
30,4,21,9,N,nb2,440,-1.82,-0.515,1,1
30,4,21,9,N,nb3,440,1.866,-1.329,1,1
30,4,21,9,N,nb4,440,-0.681,-1.608,1,0
30,4,21,9,N,nb5,440,-1.866,-1.087,1,1
30,4,21,9,N,nb6,440,-1.747,0.811,1,1
30,4,21,9,N,nb7,440,-1.104,-0.657,0,0
30,4,21,9,N,nb8,440,1.806,1.736,1,1
30,4,21,9,N,nb9,440,1.789,0.885,0,0
30,4,21,9,N,nb10,440,0.99,0.935,0,0
30,4,21,9,N,nb11,440,-1.722,0.523,1,1
30,4,21,9,N,nb12,440,1.63,-0.73,1,1
30,4,21,9,N,nb13,440,1.63,-1.174,1,1
30,4,21,9,N,nb14,440,1.342,1.865,1,1
30,4,21,9,N,nb15,440,-1.529,0.702,1,1
30,4,21,9,N,nb16,440,-1.864,-0.678,1,1
30,4,21,9,N,nb17,440,1.865,-1.116,3,1
30,4,21,9,N,nb18,440,-1.696,0.265,2,1
30,4,21,9,N,nb19,440,-0.948,-1.743,2,0
30,4,21,9,N,nb20,440,1.856,-0.949,2,1
30,4,21,9,N,nb21,440,0.522,-1.865,0,0
30,4,21,9,N,nb22,440,-0.884,-1.363,1,1
30,4,21,9,N,nb23,440,0.287,1.862,0,0
30,4,21,9,N,nb24,440,-1.851,0.414,3,1
30,4,21,9,N,nb25,440,1.584,1.843,2,1
30,4,21,9,N,nb26,440,-1.865,-1.257,1,1
30,4,21,9,N,nb27,440,1.866,-0.779,2,1
30,4,21,9,N,nb28,440,-0.851,-1.604,3,0
30,4,21,9,N,nb29,440,-1.865,0.246,2,1
30,4,21,9,A,aa0,440,-0.678,-0.21,0,0
30,4,21,9,A,aa1,440,-1.277,1.128,2,0
30,4,21,9,A,aa2,440,-1.637,1.233,2,0
30,4,21,9,A,aa3,440,0.779,0.337,0,0
30,4,21,9,A,aa4,440,-0.546,-1.866,0,0
30,4,21,9,A,aa5,440,-1.546,-1.635,1,0
30,4,21,9,A,aa6,440,-0.436,1.677,0,0
30,4,21,9,A,aa7,440,-1.064,-1.865,0,0
30,4,21,9,A,aa8,440,-1.292,1.294,0,0
30,4,21,9,N,nb0,445,-1.184,-1.745,1,1
30,4,21,9,N,nb1,445,-0.329,1.866,0,0
30,4,21,9,N,nb2,445,-1.82,-0.515,1,1
30,4,21,9,N,nb3,445,1.866,-1.329,1,1
30,4,21,9,N,nb4,445,-0.677,-1.701,1,0
30,4,21,9,N,nb5,445,-1.866,-1.087,1,1
30,4,21,9,N,nb6,445,-1.747,0.811,1,1
30,4,21,9,N,nb7,445,-1.112,-0.757,0,0
30,4,21,9,N,nb8,445,1.806,1.736,1,1
30,4,21,9,N,nb9,445,1.748,0.972,0,0
30,4,21,9,N,nb10,445,1.09,0.93,0,0
30,4,21,9,N,nb11,445,-1.722,0.523,1,1
30,4,21,9,N,nb12,445,1.63,-0.73,1,1
30,4,21,9,N,nb13,445,1.63,-1.174,1,1
30,4,21,9,N,nb14,445,1.342,1.865,1,1
30,4,21,9,N,nb15,445,-1.529,0.702,1,1
30,4,21,9,N,nb16,445,-1.864,-0.678,1,1
30,4,21,9,N,nb17,445,1.865,-1.116,3,1
30,4,21,9,N,nb18,445,-1.696,0.265,2,1
30,4,21,9,N,nb19,445,-0.957,-1.735,2,0
30,4,21,9,N,nb20,445,1.856,-0.949,2,1
30,4,21,9,N,nb21,445,0.615,-1.857,0,0
30,4,21,9,N,nb22,445,-0.884,-1.363,1,1
30,4,21,9,N,nb23,445,0.379,1.85,0,0
30,4,21,9,N,nb24,445,-1.851,0.414,3,1
30,4,21,9,N,nb25,445,1.584,1.843,2,1
30,4,21,9,N,nb26,445,-1.865,-1.257,1,1
30,4,21,9,N,nb27,445,1.866,-0.779,2,1
30,4,21,9,N,nb28,445,-0.85,-1.603,3,0
30,4,21,9,N,nb29,445,-1.865,0.246,2,1
30,4,21,9,A,aa0,445,-0.588,-0.254,0,0
30,4,21,9,A,aa1,445,-1.294,1.128,2,0
30,4,21,9,A,aa2,445,-1.704,1.158,2,0
30,4,21,9,A,aa3,445,0.874,0.308,0,0
30,4,21,9,A,aa4,445,-0.535,-1.854,0,0
30,4,21,9,A,aa5,445,-1.45,-1.661,2,0
30,4,21,9,A,aa6,445,-0.458,1.756,0,0
30,4,21,9,A,aa7,445,-1.064,-1.865,1,0
30,4,21,9,A,aa8,445,-1.274,1.295,0,0
30,4,21,9,N,nb0,450,-1.185,-1.745,1,0
30,4,21,9,N,nb1,450,-0.283,1.866,0,0
30,4,21,9,N,nb2,450,-1.82,-0.515,1,1
30,4,21,9,N,nb3,450,1.866,-1.329,1,1
30,4,21,9,N,nb4,450,-0.675,-1.722,1,0
30,4,21,9,N,nb5,450,-1.866,-1.087,1,1
30,4,21,9,N,nb6,450,-1.747,0.811,1,1
30,4,21,9,N,nb7,450,-1.12,-0.856,0,0
30,4,21,9,N,nb8,450,1.806,1.736,1,1
30,4,21,9,N,nb9,450,1.703,1.061,0,0
30,4,21,9,N,nb10,450,1.19,0.925,0,0
30,4,21,9,N,nb11,450,-1.722,0.523,1,1
30,4,21,9,N,nb12,450,1.63,-0.73,1,1
30,4,21,9,N,nb13,450,1.63,-1.174,1,0
30,4,21,9,N,nb14,450,1.342,1.865,1,1
30,4,21,9,N,nb15,450,-1.529,0.702,1,1
30,4,21,9,N,nb16,450,-1.864,-0.678,1,1
30,4,21,9,N,nb17,450,1.865,-1.116,3,1
30,4,21,9,N,nb18,450,-1.696,0.265,2,1
30,4,21,9,N,nb19,450,-0.958,-1.734,2,0
30,4,21,9,N,nb20,450,1.856,-0.949,2,1
30,4,21,9,N,nb21,450,0.706,-1.839,0,0
30,4,21,9,N,nb22,450,-0.884,-1.363,1,0
30,4,21,9,N,nb23,450,0.47,1.829,0,0
30,4,21,9,N,nb24,450,-1.851,0.414,3,1
30,4,21,9,N,nb25,450,1.584,1.843,2,1
30,4,21,9,N,nb26,450,-1.865,-1.257,1,1
30,4,21,9,N,nb27,450,1.866,-0.779,2,1
30,4,21,9,N,nb28,450,-0.852,-1.601,3,0
30,4,21,9,N,nb29,450,-1.865,0.246,2,1
30,4,21,9,A,aa0,450,-0.498,-0.297,0,0
30,4,21,9,A,aa1,450,-1.311,1.133,2,0
30,4,21,9,A,aa2,450,-1.77,1.084,2,0
30,4,21,9,A,aa3,450,0.97,0.278,0,0
30,4,21,9,A,aa4,450,-0.471,-1.78,2,0
30,4,21,9,A,aa5,450,-1.379,-1.679,3,1
30,4,21,9,A,aa6,450,-0.494,1.839,0,0
30,4,21,9,A,aa7,450,-1.063,-1.865,3,1
30,4,21,9,A,aa8,450,-1.257,1.291,0,0
30,4,21,9,N,nb0,455,-1.13,-1.673,1,0
30,4,21,9,N,nb1,455,-0.228,1.866,0,0
30,4,21,9,N,nb2,455,-1.82,-0.515,1,0
30,4,21,9,N,nb3,455,1.866,-1.329,1,1
30,4,21,9,N,nb4,455,-0.667,-1.811,0,0
30,4,21,9,N,nb5,455,-1.866,-1.087,1,1
30,4,21,9,N,nb6,455,-1.747,0.811,1,1
30,4,21,9,N,nb7,455,-1.128,-0.956,0,0
30,4,21,9,N,nb8,455,1.806,1.736,1,1
30,4,21,9,N,nb9,455,1.657,1.15,0,0
30,4,21,9,N,nb10,455,1.29,0.92,0,0
30,4,21,9,N,nb11,455,-1.722,0.523,1,1
30,4,21,9,N,nb12,455,1.63,-0.73,1,1
30,4,21,9,N,nb13,455,1.63,-1.174,1,1
30,4,21,9,N,nb14,455,1.342,1.865,1,1
30,4,21,9,N,nb15,455,-1.529,0.702,1,1
30,4,21,9,N,nb16,455,-1.864,-0.678,1,1
30,4,21,9,N,nb17,455,1.865,-1.116,3,1
30,4,21,9,N,nb18,455,-1.696,0.265,2,1
30,4,21,9,N,nb19,455,-0.965,-1.731,2,0
30,4,21,9,N,nb20,455,1.856,-0.949,2,1
30,4,21,9,N,nb21,455,0.796,-1.812,0,0
30,4,21,9,N,nb22,455,-0.831,-1.406,1,0
30,4,21,9,N,nb23,455,0.558,1.798,0,0
30,4,21,9,N,nb24,455,-1.851,0.414,3,1
30,4,21,9,N,nb25,455,1.584,1.843,2,1
30,4,21,9,N,nb26,455,-1.865,-1.257,1,1
30,4,21,9,N,nb27,455,1.866,-0.779,2,1
30,4,21,9,N,nb28,455,-0.853,-1.603,2,0
30,4,21,9,N,nb29,455,-1.865,0.246,2,1
30,4,21,9,A,aa0,455,-0.408,-0.34,0,0
30,4,21,9,A,aa1,455,-1.327,1.141,2,0
30,4,21,9,A,aa2,455,-1.824,1.015,1,0
30,4,21,9,A,aa3,455,1.066,0.249,0,0
30,4,21,9,A,aa4,455,-0.405,-1.71,0,0
30,4,21,9,A,aa5,455,-1.379,-1.679,0,0
30,4,21,9,A,aa6,455,-0.536,1.866,0,0
30,4,21,9,A,aa7,455,-1.067,-1.865,0,0
30,4,21,9,A,aa8,455,-1.241,1.284,0,0
30,4,21,9,N,nb0,460,-1.083,-1.594,2,1
30,4,21,9,N,nb1,460,-0.161,1.866,0,0
30,4,21,9,N,nb2,460,-1.82,-0.515,1,1
30,4,21,9,N,nb3,460,1.866,-1.329,1,1
30,4,21,9,N,nb4,460,-0.662,-1.866,0,0
30,4,21,9,N,nb5,460,-1.866,-1.087,1,1
30,4,21,9,N,nb6,460,-1.747,0.811,1,1
30,4,21,9,N,nb7,460,-1.136,-1.056,0,0
30,4,21,9,N,nb8,460,1.806,1.736,1,1
30,4,21,9,N,nb9,460,1.612,1.239,0,0
30,4,21,9,N,nb10,460,1.389,0.915,0,0
30,4,21,9,N,nb11,460,-1.722,0.523,1,1
30,4,21,9,N,nb12,460,1.63,-0.73,1,1
30,4,21,9,N,nb13,460,1.63,-1.174,1,1
30,4,21,9,N,nb14,460,1.342,1.865,1,1
30,4,21,9,N,nb15,460,-1.529,0.702,1,1
30,4,21,9,N,nb16,460,-1.864,-0.678,1,1
30,4,21,9,N,nb17,460,1.865,-1.116,3,1
30,4,21,9,N,nb18,460,-1.696,0.265,2,1
30,4,21,9,N,nb19,460,-0.969,-1.722,2,1
30,4,21,9,N,nb20,460,1.856,-0.949,2,0
30,4,21,9,N,nb21,460,0.883,-1.777,0,0
30,4,21,9,N,nb22,460,-0.754,-1.454,1,0
30,4,21,9,N,nb23,460,0.645,1.761,0,0
30,4,21,9,N,nb24,460,-1.851,0.414,3,1
30,4,21,9,N,nb25,460,1.584,1.843,2,1
30,4,21,9,N,nb26,460,-1.865,-1.257,1,1
30,4,21,9,N,nb27,460,1.866,-0.779,2,1
30,4,21,9,N,nb28,460,-0.836,-1.617,3,0
30,4,21,9,N,nb29,460,-1.865,0.246,2,1
30,4,21,9,A,aa0,460,-0.318,-0.384,0,0
30,4,21,9,A,aa1,460,-1.341,1.152,2,0
30,4,21,9,A,aa2,460,-1.864,0.938,2,0
30,4,21,9,A,aa3,460,1.145,0.225,0,0
30,4,21,9,A,aa4,460,-0.334,-1.639,0,0
30,4,21,9,A,aa5,460,-1.348,-1.631,0,0
30,4,21,9,A,aa6,460,-0.589,1.866,0,0
30,4,21,9,A,aa7,460,-1.059,-1.865,0,0
30,4,21,9,A,aa8,460,-1.227,1.274,0,0
30,4,21,9,N,nb0,465,-1.082,-1.591,1,1
30,4,21,9,N,nb1,465,-0.086,1.866,0,0
30,4,21,9,N,nb2,465,-1.82,-0.515,1,1
30,4,21,9,N,nb3,465,1.866,-1.329,1,1
30,4,21,9,N,nb4,465,-0.643,-1.866,0,0
30,4,21,9,N,nb5,465,-1.866,-1.087,1,1
30,4,21,9,N,nb6,465,-1.737,0.794,1,1
30,4,21,9,N,nb7,465,-1.144,-1.156,0,0
30,4,21,9,N,nb8,465,1.806,1.736,1,1
30,4,21,9,N,nb9,465,1.566,1.328,0,0
30,4,21,9,N,nb10,465,1.489,0.91,0,0
30,4,21,9,N,nb11,465,-1.722,0.523,1,1
30,4,21,9,N,nb12,465,1.63,-0.73,1,1
30,4,21,9,N,nb13,465,1.63,-1.174,1,1
30,4,21,9,N,nb14,465,1.342,1.865,1,1
30,4,21,9,N,nb15,465,-1.529,0.702,1,1
30,4,21,9,N,nb16,465,-1.864,-0.678,1,1
30,4,21,9,N,nb17,465,1.865,-1.116,3,1
30,4,21,9,N,nb18,465,-1.696,0.265,2,1
30,4,21,9,N,nb19,465,-0.969,-1.719,2,1
30,4,21,9,N,nb20,465,1.856,-0.949,2,1
30,4,21,9,N,nb21,465,0.971,-1.735,0,0
30,4,21,9,N,nb22,465,-0.736,-1.464,1,1
30,4,21,9,N,nb23,465,0.734,1.716,0,0
30,4,21,9,N,nb24,465,-1.851,0.414,3,1
30,4,21,9,N,nb25,465,1.584,1.843,2,1
30,4,21,9,N,nb26,465,-1.865,-1.257,1,1
30,4,21,9,N,nb27,465,1.866,-0.779,2,1
30,4,21,9,N,nb28,465,-0.829,-1.624,2,1
30,4,21,9,N,nb29,465,-1.865,0.246,2,1
30,4,21,9,A,aa0,465,-0.228,-0.427,0,0
30,4,21,9,A,aa1,465,-1.328,1.143,2,0
30,4,21,9,A,aa2,465,-1.865,0.906,2,0
30,4,21,9,A,aa3,465,1.181,0.234,0,0
30,4,21,9,A,aa4,465,-0.264,-1.568,2,0
30,4,21,9,A,aa5,465,-1.305,-1.553,1,0
30,4,21,9,A,aa6,465,-0.654,1.866,0,0
30,4,21,9,A,aa7,465,-1.053,-1.865,2,0
30,4,21,9,A,aa8,465,-1.22,1.271,0,0
30,4,21,9,N,nb0,470,-1.082,-1.589,1,1
30,4,21,9,N,nb1,470,-0.004,1.866,0,0
30,4,21,9,N,nb2,470,-1.82,-0.515,1,1
30,4,21,9,N,nb3,470,1.866,-1.329,1,1
30,4,21,9,N,nb4,470,-0.608,-1.866,0,0
30,4,21,9,N,nb5,470,-1.866,-1.087,1,1
30,4,21,9,N,nb6,470,-1.723,0.766,2,0
30,4,21,9,N,nb7,470,-1.152,-1.255,0,0
30,4,21,9,N,nb8,470,1.806,1.736,1,1
30,4,21,9,N,nb9,470,1.521,1.417,0,0
30,4,21,9,N,nb10,470,1.589,0.905,0,0
30,4,21,9,N,nb11,470,-1.722,0.523,2,0
30,4,21,9,N,nb12,470,1.63,-0.73,1,1
30,4,21,9,N,nb13,470,1.63,-1.174,1,1
30,4,21,9,N,nb14,470,1.342,1.865,1,1
30,4,21,9,N,nb15,470,-1.529,0.702,1,1
30,4,21,9,N,nb16,470,-1.864,-0.678,1,1
30,4,21,9,N,nb17,470,1.865,-1.116,3,1
30,4,21,9,N,nb18,470,-1.696,0.265,2,1
30,4,21,9,N,nb19,470,-0.969,-1.716,2,1
30,4,21,9,N,nb20,470,1.856,-0.949,2,1
30,4,21,9,N,nb21,470,1.06,-1.69,0,0
30,4,21,9,N,nb22,470,-0.736,-1.464,1,1
30,4,21,9,N,nb23,470,0.823,1.671,0,0
30,4,21,9,N,nb24,470,-1.851,0.414,3,0
30,4,21,9,N,nb25,470,1.584,1.843,2,1
30,4,21,9,N,nb26,470,-1.865,-1.257,1,1
30,4,21,9,N,nb27,470,1.866,-0.779,2,1
30,4,21,9,N,nb28,470,-0.828,-1.622,2,1
30,4,21,9,N,nb29,470,-1.865,0.246,2,1
30,4,21,9,A,aa0,470,-0.138,-0.471,0,0
30,4,21,9,A,aa1,470,-1.29,1.12,2,0
30,4,21,9,A,aa2,470,-1.865,0.858,3,1
30,4,21,9,A,aa3,470,1.277,0.261,0,0
30,4,21,9,A,aa4,470,-0.193,-1.496,1,0
30,4,21,9,A,aa5,470,-1.272,-1.467,2,0
30,4,21,9,A,aa6,470,-0.729,1.866,0,0
30,4,21,9,A,aa7,470,-1.046,-1.865,2,0
30,4,21,9,A,aa8,470,-1.219,1.272,0,0
30,4,21,9,N,nb0,475,-1.083,-1.588,1,1
30,4,21,9,N,nb1,475,0.083,1.866,0,0
30,4,21,9,N,nb2,475,-1.82,-0.515,1,1
30,4,21,9,N,nb3,475,1.866,-1.329,1,1
30,4,21,9,N,nb4,475,-0.558,-1.866,0,0
30,4,21,9,N,nb5,475,-1.866,-1.087,1,1
30,4,21,9,N,nb6,475,-1.717,0.686,2,0
30,4,21,9,N,nb7,475,-1.143,-1.302,0,0
30,4,21,9,N,nb8,475,1.806,1.736,1,1
30,4,21,9,N,nb9,475,1.475,1.506,0,0
30,4,21,9,N,nb10,475,1.689,0.9,0,0
30,4,21,9,N,nb11,475,-1.726,0.509,3,0
30,4,21,9,N,nb12,475,1.63,-0.73,1,1
30,4,21,9,N,nb13,475,1.63,-1.174,1,1
30,4,21,9,N,nb14,475,1.342,1.865,1,0
30,4,21,9,N,nb15,475,-1.529,0.702,1,1
30,4,21,9,N,nb16,475,-1.864,-0.678,1,1
30,4,21,9,N,nb17,475,1.865,-1.116,3,1
30,4,21,9,N,nb18,475,-1.696,0.265,3,1
30,4,21,9,N,nb19,475,-0.968,-1.713,2,1
30,4,21,9,N,nb20,475,1.856,-0.949,2,1
30,4,21,9,N,nb21,475,1.149,-1.645,0,0
30,4,21,9,N,nb22,475,-0.736,-1.464,1,1
30,4,21,9,N,nb23,475,0.912,1.626,0,0
30,4,21,9,N,nb24,475,-1.861,0.406,3,0
30,4,21,9,N,nb25,475,1.584,1.843,2,1
30,4,21,9,N,nb26,475,-1.865,-1.257,1,1
30,4,21,9,N,nb27,475,1.866,-0.779,2,1
30,4,21,9,N,nb28,475,-0.827,-1.62,2,1
30,4,21,9,N,nb29,475,-1.865,0.237,2,1
30,4,21,9,A,aa0,475,-0.047,-0.514,0,0
30,4,21,9,A,aa1,475,-1.236,1.09,1,0
30,4,21,9,A,aa2,475,-1.864,0.769,0,0
30,4,21,9,A,aa3,475,1.373,0.288,0,0
30,4,21,9,A,aa4,475,-0.123,-1.425,0,0
30,4,21,9,A,aa5,475,-1.262,-1.422,2,0
30,4,21,9,A,aa6,475,-0.81,1.866,0,0
30,4,21,9,A,aa7,475,-1.041,-1.865,2,0
30,4,21,9,A,aa8,475,-1.168,1.244,0,0
30,4,21,9,N,nb0,480,-1.083,-1.586,2,1
30,4,21,9,N,nb1,480,0.174,1.866,0,0
30,4,21,9,N,nb2,480,-1.82,-0.515,1,1
30,4,21,9,N,nb3,480,1.866,-1.329,1,1
30,4,21,9,N,nb4,480,-0.496,-1.866,0,0
30,4,21,9,N,nb5,480,-1.866,-1.087,1,1
30,4,21,9,N,nb6,480,-1.708,0.634,2,1
30,4,21,9,N,nb7,480,-1.109,-1.348,1,1
30,4,21,9,N,nb8,480,1.806,1.736,1,1
30,4,21,9,N,nb9,480,1.43,1.595,0,0
30,4,21,9,N,nb10,480,1.786,0.895,0,0
30,4,21,9,N,nb11,480,-1.713,0.464,3,1
30,4,21,9,N,nb12,480,1.63,-0.73,1,1
30,4,21,9,N,nb13,480,1.63,-1.174,1,1
30,4,21,9,N,nb14,480,1.342,1.865,1,1
30,4,21,9,N,nb15,480,-1.529,0.702,1,1
30,4,21,9,N,nb16,480,-1.864,-0.678,1,1
30,4,21,9,N,nb17,480,1.865,-1.116,3,1
30,4,21,9,N,nb18,480,-1.695,0.263,3,1
30,4,21,9,N,nb19,480,-0.968,-1.711,2,1
30,4,21,9,N,nb20,480,1.856,-0.949,2,1
30,4,21,9,N,nb21,480,1.239,-1.6,0,0
30,4,21,9,N,nb22,480,-0.736,-1.464,1,1
30,4,21,9,N,nb23,480,1.002,1.581,0,0
30,4,21,9,N,nb24,480,-1.84,0.352,3,1
30,4,21,9,N,nb25,480,1.584,1.843,2,0
30,4,21,9,N,nb26,480,-1.865,-1.257,1,1
30,4,21,9,N,nb27,480,1.866,-0.779,2,1
30,4,21,9,N,nb28,480,-0.826,-1.619,2,1
30,4,21,9,N,nb29,480,-1.847,0.183,2,1
30,4,21,9,A,aa0,480,0.043,-0.557,0,0
30,4,21,9,A,aa1,480,-1.173,1.054,1,0
30,4,21,9,A,aa2,480,-1.865,0.696,0,0
30,4,21,9,A,aa3,480,1.47,0.315,0,0
30,4,21,9,A,aa4,480,-0.093,-1.395,0,0
30,4,21,9,A,aa5,480,-1.262,-1.422,1,0
30,4,21,9,A,aa6,480,-0.897,1.866,0,0
30,4,21,9,A,aa7,480,-1.036,-1.865,2,0
30,4,21,9,A,aa8,480,-1.106,1.208,0,0
30,4,21,9,N,nb0,485,-1.084,-1.584,2,0
30,4,21,9,N,nb1,485,0.266,1.864,0,0
30,4,21,9,N,nb2,485,-1.82,-0.515,1,1
30,4,21,9,N,nb3,485,1.866,-1.329,1,1
30,4,21,9,N,nb4,485,-0.424,-1.866,0,0
30,4,21,9,N,nb5,485,-1.866,-1.087,1,1
30,4,21,9,N,nb6,485,-1.703,0.626,2,0
30,4,21,9,N,nb7,485,-1.108,-1.35,1,0
30,4,21,9,N,nb8,485,1.806,1.736,1,1
30,4,21,9,N,nb9,485,1.412,1.631,1,1
30,4,21,9,N,nb10,485,1.867,0.88,0,0
30,4,21,9,N,nb11,485,-1.714,0.457,3,0
30,4,21,9,N,nb12,485,1.63,-0.73,1,1
30,4,21,9,N,nb13,485,1.63,-1.174,1,1
30,4,21,9,N,nb14,485,1.342,1.865,2,1
30,4,21,9,N,nb15,485,-1.529,0.702,1,1
30,4,21,9,N,nb16,485,-1.864,-0.678,1,1
30,4,21,9,N,nb17,485,1.865,-1.116,3,1
30,4,21,9,N,nb18,485,-1.695,0.263,3,1
30,4,21,9,N,nb19,485,-0.968,-1.709,2,1
30,4,21,9,N,nb20,485,1.856,-0.949,2,1
30,4,21,9,N,nb21,485,1.328,-1.555,0,0
30,4,21,9,N,nb22,485,-0.736,-1.464,1,1
30,4,21,9,N,nb23,485,1.091,1.536,0,0
30,4,21,9,N,nb24,485,-1.843,0.347,3,0
30,4,21,9,N,nb25,485,1.584,1.843,2,1
30,4,21,9,N,nb26,485,-1.865,-1.257,1,0
30,4,21,9,N,nb27,485,1.866,-0.779,2,1
30,4,21,9,N,nb28,485,-0.826,-1.618,2,1
30,4,21,9,N,nb29,485,-1.846,0.178,2,1
30,4,21,9,A,aa0,485,0.133,-0.601,0,0
30,4,21,9,A,aa1,485,-1.128,1.016,1,0
30,4,21,9,A,aa2,485,-1.865,0.675,0,0
30,4,21,9,A,aa3,485,1.566,0.342,0,0
30,4,21,9,A,aa4,485,-0.095,-1.358,0,0
30,4,21,9,A,aa5,485,-1.304,-1.388,2,0
30,4,21,9,A,aa6,485,-0.987,1.866,0,0
30,4,21,9,A,aa7,485,-1.031,-1.865,2,0
30,4,21,9,A,aa8,485,-1.044,1.161,0,0
30,4,21,9,N,nb0,490,-1.049,-1.549,3,0
30,4,21,9,N,nb1,490,0.358,1.853,0,0
30,4,21,9,N,nb2,490,-1.82,-0.515,1,1
30,4,21,9,N,nb3,490,1.866,-1.329,1,0
30,4,21,9,N,nb4,490,-0.345,-1.866,0,0
30,4,21,9,N,nb5,490,-1.866,-1.117,1,0
30,4,21,9,N,nb6,490,-1.684,0.581,2,0
30,4,21,9,N,nb7,490,-1.094,-1.387,1,0
30,4,21,9,N,nb8,490,1.806,1.736,1,1
30,4,21,9,N,nb9,490,1.412,1.631,1,1
30,4,21,9,N,nb10,490,1.867,0.854,0,0
30,4,21,9,N,nb11,490,-1.696,0.412,3,0
30,4,21,9,N,nb12,490,1.63,-0.73,1,1
30,4,21,9,N,nb13,490,1.63,-1.174,1,1
30,4,21,9,N,nb14,490,1.342,1.865,2,1
30,4,21,9,N,nb15,490,-1.529,0.702,1,1
30,4,21,9,N,nb16,490,-1.864,-0.678,1,1
30,4,21,9,N,nb17,490,1.865,-1.116,3,1
30,4,21,9,N,nb18,490,-1.689,0.242,3,1
30,4,21,9,N,nb19,490,-0.968,-1.708,2,0
30,4,21,9,N,nb20,490,1.856,-0.949,2,1
30,4,21,9,N,nb21,490,1.418,-1.511,0,0
30,4,21,9,N,nb22,490,-0.736,-1.464,1,1
30,4,21,9,N,nb23,490,1.18,1.491,0,0
30,4,21,9,N,nb24,490,-1.843,0.328,3,0
30,4,21,9,N,nb25,490,1.584,1.843,2,1
30,4,21,9,N,nb26,490,-1.865,-1.309,1,0
30,4,21,9,N,nb27,490,1.866,-0.779,2,1
30,4,21,9,N,nb28,490,-0.825,-1.617,3,1
30,4,21,9,N,nb29,490,-1.851,0.159,2,1
30,4,21,9,A,aa0,490,0.223,-0.644,0,0
30,4,21,9,A,aa1,490,-1.13,1.002,1,0
30,4,21,9,A,aa2,490,-1.852,0.603,0,0
30,4,21,9,A,aa3,490,1.662,0.369,0,0
30,4,21,9,A,aa4,490,-0.103,-1.258,0,0
30,4,21,9,A,aa5,490,-1.382,-1.33,0,0
30,4,21,9,A,aa6,490,-1.079,1.864,0,0
30,4,21,9,A,aa7,490,-1.028,-1.865,1,0
30,4,21,9,A,aa8,490,-0.985,1.092,0,0
30,4,21,9,N,nb0,495,-1.003,-1.539,3,0
30,4,21,9,N,nb1,495,0.449,1.832,0,0
30,4,21,9,N,nb2,495,-1.82,-0.515,1,1
30,4,21,9,N,nb3,495,1.866,-1.329,1,1
30,4,21,9,N,nb4,495,-0.259,-1.866,0,0
30,4,21,9,N,nb5,495,-1.866,-1.203,1,0
30,4,21,9,N,nb6,495,-1.665,0.548,2,1
30,4,21,9,N,nb7,495,-1.072,-1.385,1,0
30,4,21,9,N,nb8,495,1.806,1.736,1,1
30,4,21,9,N,nb9,495,1.412,1.631,2,1
30,4,21,9,N,nb10,495,1.867,0.813,0,0
30,4,21,9,N,nb11,495,-1.682,0.379,3,1
30,4,21,9,N,nb12,495,1.63,-0.73,1,1
30,4,21,9,N,nb13,495,1.63,-1.174,1,1
30,4,21,9,N,nb14,495,1.342,1.865,2,1
30,4,21,9,N,nb15,495,-1.529,0.702,1,1
30,4,21,9,N,nb16,495,-1.864,-0.678,1,1
30,4,21,9,N,nb17,495,1.865,-1.116,3,1
30,4,21,9,N,nb18,495,-1.68,0.209,3,1
30,4,21,9,N,nb19,495,-0.968,-1.708,2,1
30,4,21,9,N,nb20,495,1.856,-0.949,2,1
30,4,21,9,N,nb21,495,1.507,-1.466,0,0
30,4,21,9,N,nb22,495,-0.736,-1.464,1,1
30,4,21,9,N,nb23,495,1.233,1.464,1,1
30,4,21,9,N,nb24,495,-1.834,0.304,3,1
30,4,21,9,N,nb25,495,1.584,1.843,2,1
30,4,21,9,N,nb26,495,-1.865,-1.385,1,0
30,4,21,9,N,nb27,495,1.866,-0.779,2,1
30,4,21,9,N,nb28,495,-0.825,-1.617,3,1
30,4,21,9,N,nb29,495,-1.851,0.136,2,1
30,4,21,9,A,aa0,495,0.28,-0.672,0,0
30,4,21,9,A,aa1,495,-1.088,1.064,0,0
30,4,21,9,A,aa2,495,-1.835,0.538,0,0
30,4,21,9,A,aa3,495,1.758,0.396,0,0
30,4,21,9,A,aa4,495,-0.11,-1.159,0,0
30,4,21,9,A,aa5,495,-1.463,-1.272,0,0
30,4,21,9,A,aa6,495,-1.171,1.854,0,0
30,4,21,9,A,aa7,495,-1.028,-1.865,1,0
30,4,21,9,A,aa8,495,-0.911,1.034,0,0
30,4,21,9,N,nb0,500,-0.993,-1.536,3,1
30,4,21,9,N,nb1,500,0.538,1.802,0,0
30,4,21,9,N,nb2,500,-1.82,-0.515,1,1
30,4,21,9,N,nb3,500,1.866,-1.329,1,1
30,4,21,9,N,nb4,500,-0.17,-1.866,0,0
30,4,21,9,N,nb5,500,-1.866,-1.246,1,0
30,4,21,9,N,nb6,500,-1.665,0.537,2,0
30,4,21,9,N,nb7,500,-1.066,-1.384,1,0
30,4,21,9,N,nb8,500,1.806,1.736,1,1
30,4,21,9,N,nb9,500,1.412,1.631,2,1
30,4,21,9,N,nb10,500,1.867,0.758,0,0
30,4,21,9,N,nb11,500,-1.678,0.368,3,0
30,4,21,9,N,nb12,500,1.63,-0.73,1,1
30,4,21,9,N,nb13,500,1.63,-1.174,1,1
30,4,21,9,N,nb14,500,1.342,1.865,2,1
30,4,21,9,N,nb15,500,-1.529,0.702,1,1
30,4,21,9,N,nb16,500,-1.864,-0.678,1,1
30,4,21,9,N,nb17,500,1.865,-1.116,3,1
30,4,21,9,N,nb18,500,-1.675,0.199,3,1
30,4,21,9,N,nb19,500,-0.968,-1.708,2,1
30,4,21,9,N,nb20,500,1.856,-0.949,2,1
30,4,21,9,N,nb21,500,1.595,-1.422,0,0
30,4,21,9,N,nb22,500,-0.736,-1.464,1,1
30,4,21,9,N,nb23,500,1.233,1.464,1,1
30,4,21,9,N,nb24,500,-1.83,0.294,3,0
30,4,21,9,N,nb25,500,1.584,1.843,2,1
30,4,21,9,N,nb26,500,-1.862,-1.415,1,0
30,4,21,9,N,nb27,500,1.866,-0.779,2,1
30,4,21,9,N,nb28,500,-0.825,-1.617,3,1
30,4,21,9,N,nb29,500,-1.852,0.126,2,1
30,4,21,9,A,aa0,500,0.357,-0.674,0,0
30,4,21,9,A,aa1,500,-1.047,1.146,0,0
30,4,21,9,A,aa2,500,-1.818,0.464,0,0
30,4,21,9,A,aa3,500,1.843,0.423,0,0
30,4,21,9,A,aa4,500,-0.118,-1.059,0,0
30,4,21,9,A,aa5,500,-1.545,-1.215,3,1
30,4,21,9,A,aa6,500,-1.211,1.846,0,0
30,4,21,9,A,aa7,500,-1.079,-1.835,1,0
30,4,21,9,A,aa8,500,-0.836,0.97,0,0
30,4,21,9,N,nb0,505,-0.991,-1.537,3,1
30,4,21,9,N,nb1,505,0.624,1.765,0,0
30,4,21,9,N,nb2,505,-1.82,-0.515,1,1
30,4,21,9,N,nb3,505,1.866,-1.329,1,1
30,4,21,9,N,nb4,505,-0.078,-1.866,0,0
30,4,21,9,N,nb5,505,-1.862,-1.333,1,0
30,4,21,9,N,nb6,505,-1.657,0.472,1,0
30,4,21,9,N,nb7,505,-1.078,-1.393,1,0
30,4,21,9,N,nb8,505,1.806,1.736,1,1
30,4,21,9,N,nb9,505,1.412,1.631,2,1
30,4,21,9,N,nb10,505,1.867,0.692,0,0
30,4,21,9,N,nb11,505,-1.665,0.303,3,0
30,4,21,9,N,nb12,505,1.63,-0.73,1,1
30,4,21,9,N,nb13,505,1.63,-1.174,2,1
30,4,21,9,N,nb14,505,1.342,1.865,2,1
30,4,21,9,N,nb15,505,-1.529,0.702,0,1
30,4,21,9,N,nb16,505,-1.864,-0.678,1,1
30,4,21,9,N,nb17,505,1.865,-1.116,3,1
30,4,21,9,N,nb18,505,-1.648,0.134,3,1
30,4,21,9,N,nb19,505,-0.968,-1.708,2,1
30,4,21,9,N,nb20,505,1.856,-0.949,2,1
30,4,21,9,N,nb21,505,1.613,-1.413,1,1
30,4,21,9,N,nb22,505,-0.736,-1.464,1,1
30,4,21,9,N,nb23,505,1.233,1.464,1,1
30,4,21,9,N,nb24,505,-1.816,0.224,3,0
30,4,21,9,N,nb25,505,1.584,1.843,2,1
30,4,21,9,N,nb26,505,-1.865,-1.501,1,0
30,4,21,9,N,nb27,505,1.866,-0.779,2,1
30,4,21,9,N,nb28,505,-0.825,-1.617,3,1
30,4,21,9,N,nb29,505,-1.848,0.058,2,1
30,4,21,9,A,aa0,505,0.456,-0.676,0,0
30,4,21,9,A,aa1,505,-1.009,1.238,0,0
30,4,21,9,A,aa2,505,-1.808,0.394,0,0
30,4,21,9,A,aa3,505,1.865,0.445,0,0
30,4,21,9,A,aa4,505,-0.123,-0.996,0,0
30,4,21,9,A,aa5,505,-1.627,-1.157,1,0
30,4,21,9,A,aa6,505,-1.234,1.815,0,0
30,4,21,9,A,aa7,505,-1.146,-1.769,2,0
30,4,21,9,A,aa8,505,-0.759,0.906,0,0
30,4,21,9,N,nb0,510,-0.99,-1.538,3,1
30,4,21,9,N,nb1,510,0.714,1.721,0,0
30,4,21,9,N,nb2,510,-1.82,-0.515,1,1
30,4,21,9,N,nb3,510,1.866,-1.329,1,1
30,4,21,9,N,nb4,510,0.014,-1.858,0,0
30,4,21,9,N,nb5,510,-1.846,-1.421,1,1
30,4,21,9,N,nb6,510,-1.645,0.426,1,1
30,4,21,9,N,nb7,510,-1.086,-1.399,1,1
30,4,21,9,N,nb8,510,1.806,1.736,1,1
30,4,21,9,N,nb9,510,1.412,1.631,2,1
30,4,21,9,N,nb10,510,1.867,0.617,0,0
30,4,21,9,N,nb11,510,-1.66,0.256,3,1
30,4,21,9,N,nb12,510,1.63,-0.73,1,1
30,4,21,9,N,nb13,510,1.63,-1.174,2,1
30,4,21,9,N,nb14,510,1.342,1.865,2,1
30,4,21,9,N,nb15,510,-1.529,0.702,0,1
30,4,21,9,N,nb16,510,-1.864,-0.678,1,1
30,4,21,9,N,nb17,510,1.865,-1.116,3,1
30,4,21,9,N,nb18,510,-1.635,0.089,3,1
30,4,21,9,N,nb19,510,-0.968,-1.708,2,1
30,4,21,9,N,nb20,510,1.856,-0.949,2,1
30,4,21,9,N,nb21,510,1.613,-1.413,1,1
30,4,21,9,N,nb22,510,-0.736,-1.464,1,1
30,4,21,9,N,nb23,510,1.233,1.464,1,1
30,4,21,9,N,nb24,510,-1.809,0.175,3,1
30,4,21,9,N,nb25,510,1.584,1.843,2,1
30,4,21,9,N,nb26,510,-1.865,-1.59,1,1
30,4,21,9,N,nb27,510,1.866,-0.779,2,1
30,4,21,9,N,nb28,510,-0.825,-1.617,3,1
30,4,21,9,N,nb29,510,-1.847,0.01,2,1
30,4,21,9,A,aa0,510,0.556,-0.678,0,0
30,4,21,9,A,aa1,510,-0.971,1.331,0,0
30,4,21,9,A,aa2,510,-1.805,0.345,3,1
30,4,21,9,A,aa3,510,1.865,0.445,0,0
30,4,21,9,A,aa4,510,-0.16,-0.929,0,0
30,4,21,9,A,aa5,510,-1.709,-1.099,1,0
30,4,21,9,A,aa6,510,-1.234,1.815,0,0
30,4,21,9,A,aa7,510,-1.149,-1.767,2,0
30,4,21,9,A,aa8,510,-0.682,0.842,0,0
30,4,21,9,N,nb0,515,-0.981,-1.533,3,0
30,4,21,9,N,nb1,515,0.804,1.677,0,0
30,4,21,9,N,nb2,515,-1.82,-0.515,1,1
30,4,21,9,N,nb3,515,1.866,-1.329,1,1
30,4,21,9,N,nb4,515,0.106,-1.841,0,0
30,4,21,9,N,nb5,515,-1.845,-1.424,1,1
30,4,21,9,N,nb6,515,-1.631,0.388,1,0
30,4,21,9,N,nb7,515,-1.081,-1.396,1,0
30,4,21,9,N,nb8,515,1.806,1.736,1,1
30,4,21,9,N,nb9,515,1.412,1.631,2,1
30,4,21,9,N,nb10,515,1.867,0.625,0,0
30,4,21,9,N,nb11,515,-1.664,0.222,3,0
30,4,21,9,N,nb12,515,1.63,-0.73,1,1
30,4,21,9,N,nb13,515,1.63,-1.174,2,1
30,4,21,9,N,nb14,515,1.342,1.865,2,1
30,4,21,9,N,nb15,515,-1.529,0.702,0,1
30,4,21,9,N,nb16,515,-1.864,-0.678,1,1
30,4,21,9,N,nb17,515,1.865,-1.116,3,1
30,4,21,9,N,nb18,515,-1.631,0.055,3,1
30,4,21,9,N,nb19,515,-0.978,-1.721,2,0
30,4,21,9,N,nb20,515,1.856,-0.949,2,1
30,4,21,9,N,nb21,515,1.613,-1.413,1,1
30,4,21,9,N,nb22,515,-0.736,-1.464,1,1
30,4,21,9,N,nb23,515,1.233,1.464,1,1
30,4,21,9,N,nb24,515,-1.81,0.135,3,0
30,4,21,9,N,nb25,515,1.584,1.843,2,1
30,4,21,9,N,nb26,515,-1.865,-1.593,1,1
30,4,21,9,N,nb27,515,1.866,-0.779,2,1
30,4,21,9,N,nb28,515,-0.825,-1.617,3,1
30,4,21,9,N,nb29,515,-1.852,-0.029,2,1
30,4,21,9,A,aa0,515,0.656,-0.68,0,0
30,4,21,9,A,aa1,515,-0.933,1.423,0,0
30,4,21,9,A,aa2,515,-1.811,0.305,1,0
30,4,21,9,A,aa3,515,1.862,0.455,0,0
30,4,21,9,A,aa4,515,-0.208,-0.841,0,0
30,4,21,9,A,aa5,515,-1.76,-1.063,2,0
30,4,21,9,A,aa6,515,-1.212,1.722,0,0
30,4,21,9,A,aa7,515,-1.203,-1.781,0,0
30,4,21,9,A,aa8,515,-0.606,0.778,0,0
30,4,21,9,N,nb0,520,-0.936,-1.479,3,0
30,4,21,9,N,nb1,520,0.894,1.633,0,0
30,4,21,9,N,nb2,520,-1.82,-0.515,1,1
30,4,21,9,N,nb3,520,1.866,-1.329,1,1
30,4,21,9,N,nb4,520,0.195,-1.815,0,0
30,4,21,9,N,nb5,520,-1.845,-1.424,1,1
30,4,21,9,N,nb6,520,-1.589,0.31,1,0
30,4,21,9,N,nb7,520,-1.055,-1.359,1,0
30,4,21,9,N,nb8,520,1.806,1.736,1,1
30,4,21,9,N,nb9,520,1.412,1.631,2,1
30,4,21,9,N,nb10,520,1.862,0.649,0,0
30,4,21,9,N,nb11,520,-1.677,0.164,3,0
30,4,21,9,N,nb12,520,1.63,-0.73,1,1
30,4,21,9,N,nb13,520,1.63,-1.174,2,1
30,4,21,9,N,nb14,520,1.342,1.865,2,1
30,4,21,9,N,nb15,520,-1.529,0.702,0,1
30,4,21,9,N,nb16,520,-1.864,-0.678,1,1
30,4,21,9,N,nb17,520,1.865,-1.116,3,1
30,4,21,9,N,nb18,520,-1.63,0.001,3,1
30,4,21,9,N,nb19,520,-1.031,-1.799,0,0
30,4,21,9,N,nb20,520,1.856,-0.949,2,1
30,4,21,9,N,nb21,520,1.613,-1.413,1,1
30,4,21,9,N,nb22,520,-0.736,-1.464,2,1
30,4,21,9,N,nb23,520,1.233,1.464,1,1
30,4,21,9,N,nb24,520,-1.806,0.054,3,0
30,4,21,9,N,nb25,520,1.584,1.843,2,1
30,4,21,9,N,nb26,520,-1.865,-1.593,1,1
30,4,21,9,N,nb27,520,1.866,-0.779,2,1
30,4,21,9,N,nb28,520,-0.825,-1.617,2,1
30,4,21,9,N,nb29,520,-1.855,-0.108,2,1
30,4,21,9,A,aa0,520,0.74,-0.681,0,0
30,4,21,9,A,aa1,520,-0.894,1.515,0,0
30,4,21,9,A,aa2,520,-1.837,0.221,1,0
30,4,21,9,A,aa3,520,1.856,0.479,0,0
30,4,21,9,A,aa4,520,-0.257,-0.754,0,0
30,4,21,9,A,aa5,520,-1.776,-1.067,2,0
30,4,21,9,A,aa6,520,-1.207,1.699,0,0
30,4,21,9,A,aa7,520,-1.294,-1.802,1,0
30,4,21,9,A,aa8,520,-0.529,0.714,0,0
30,4,21,9,N,nb0,525,-0.903,-1.428,3,1
30,4,21,9,N,nb1,525,0.983,1.588,0,0
30,4,21,9,N,nb2,525,-1.82,-0.515,1,1
30,4,21,9,N,nb3,525,1.866,-1.329,1,1
30,4,21,9,N,nb4,525,0.283,-1.781,0,0
30,4,21,9,N,nb5,525,-1.845,-1.424,1,1
30,4,21,9,N,nb6,525,-1.567,0.277,1,1
30,4,21,9,N,nb7,525,-1.036,-1.324,1,1
30,4,21,9,N,nb8,525,1.806,1.736,1,1
30,4,21,9,N,nb9,525,1.412,1.631,2,1
30,4,21,9,N,nb10,525,1.846,0.671,0,0
30,4,21,9,N,nb11,525,-1.686,0.151,3,1
30,4,21,9,N,nb12,525,1.63,-0.73,1,1
30,4,21,9,N,nb13,525,1.63,-1.174,2,1
30,4,21,9,N,nb14,525,1.342,1.865,2,1
30,4,21,9,N,nb15,525,-1.529,0.702,0,0
30,4,21,9,N,nb16,525,-1.864,-0.678,1,1
30,4,21,9,N,nb17,525,1.865,-1.116,3,1
30,4,21,9,N,nb18,525,-1.631,-0.009,2,1
30,4,21,9,N,nb19,525,-1.089,-1.865,0,0
30,4,21,9,N,nb20,525,1.856,-0.949,2,1
30,4,21,9,N,nb21,525,1.613,-1.413,1,1
30,4,21,9,N,nb22,525,-0.736,-1.464,2,1
30,4,21,9,N,nb23,525,1.233,1.464,1,1
30,4,21,9,N,nb24,525,-1.798,0.023,3,1
30,4,21,9,N,nb25,525,1.584,1.843,2,1
30,4,21,9,N,nb26,525,-1.865,-1.593,1,1
30,4,21,9,N,nb27,525,1.866,-0.779,2,1
30,4,21,9,N,nb28,525,-0.825,-1.617,2,1
30,4,21,9,N,nb29,525,-1.851,-0.138,1,1
30,4,21,9,A,aa0,525,0.753,-0.671,0,0
30,4,21,9,A,aa1,525,-0.856,1.608,0,0
30,4,21,9,A,aa2,525,-1.865,0.178,2,0
30,4,21,9,A,aa3,525,1.837,0.501,0,0
30,4,21,9,A,aa4,525,-0.305,-0.666,0,0
30,4,21,9,A,aa5,525,-1.858,-1.093,2,0
30,4,21,9,A,aa6,525,-1.158,1.664,0,0
30,4,21,9,A,aa7,525,-1.385,-1.813,2,0
30,4,21,9,A,aa8,525,-0.496,0.686,0,0
30,4,21,9,N,nb0,530,-0.903,-1.428,3,1
30,4,21,9,N,nb1,530,1.019,1.571,1,1
30,4,21,9,N,nb2,530,-1.82,-0.515,1,1
30,4,21,9,N,nb3,530,1.866,-1.329,1,1
30,4,21,9,N,nb4,530,0.371,-1.739,0,0
30,4,21,9,N,nb5,530,-1.845,-1.424,1,1
30,4,21,9,N,nb6,530,-1.567,0.277,1,1
30,4,21,9,N,nb7,530,-1.036,-1.324,1,1
30,4,21,9,N,nb8,530,1.806,1.736,1,1
30,4,21,9,N,nb9,530,1.412,1.631,2,1
30,4,21,9,N,nb10,530,1.816,0.691,0,0
30,4,21,9,N,nb11,530,-1.686,0.151,3,1
30,4,21,9,N,nb12,530,1.63,-0.73,1,1
30,4,21,9,N,nb13,530,1.63,-1.174,2,1
30,4,21,9,N,nb14,530,1.342,1.865,2,1
30,4,21,9,N,nb15,530,-1.611,0.754,0,0
30,4,21,9,N,nb16,530,-1.864,-0.678,1,1
30,4,21,9,N,nb17,530,1.865,-1.116,3,1
30,4,21,9,N,nb18,530,-1.631,-0.009,2,1
30,4,21,9,N,nb19,530,-1.154,-1.866,0,0
30,4,21,9,N,nb20,530,1.856,-0.949,2,1
30,4,21,9,N,nb21,530,1.613,-1.413,1,1
30,4,21,9,N,nb22,530,-0.736,-1.464,2,1
30,4,21,9,N,nb23,530,1.233,1.464,2,1
30,4,21,9,N,nb24,530,-1.798,0.023,3,1
30,4,21,9,N,nb25,530,1.584,1.843,2,1
30,4,21,9,N,nb26,530,-1.865,-1.593,1,1
30,4,21,9,N,nb27,530,1.866,-0.779,2,1
30,4,21,9,N,nb28,530,-0.825,-1.617,2,1
30,4,21,9,N,nb29,530,-1.851,-0.138,1,1
30,4,21,9,A,aa0,530,0.83,-0.607,0,0
30,4,21,9,A,aa1,530,-0.818,1.7,0,0
30,4,21,9,A,aa2,530,-1.865,0.178,2,0
30,4,21,9,A,aa3,530,1.806,0.522,0,0
30,4,21,9,A,aa4,530,-0.353,-0.579,0,0
30,4,21,9,A,aa5,530,-1.866,-1.131,2,0
30,4,21,9,A,aa6,530,-1.158,1.664,0,0
30,4,21,9,A,aa7,530,-1.477,-1.814,2,0
30,4,21,9,A,aa8,530,-0.403,0.66,0,0
30,4,21,9,N,nb0,535,-0.903,-1.428,3,1
30,4,21,9,N,nb1,535,1.019,1.571,1,1
30,4,21,9,N,nb2,535,-1.82,-0.515,1,1
30,4,21,9,N,nb3,535,1.866,-1.329,1,1
30,4,21,9,N,nb4,535,0.461,-1.695,0,0
30,4,21,9,N,nb5,535,-1.845,-1.424,1,1
30,4,21,9,N,nb6,535,-1.567,0.277,1,1
30,4,21,9,N,nb7,535,-1.036,-1.324,1,1
30,4,21,9,N,nb8,535,1.806,1.736,1,1
30,4,21,9,N,nb9,535,1.412,1.631,2,1
30,4,21,9,N,nb10,535,1.773,0.71,0,0
30,4,21,9,N,nb11,535,-1.686,0.151,3,1
30,4,21,9,N,nb12,535,1.63,-0.73,1,1
30,4,21,9,N,nb13,535,1.63,-1.174,2,1
30,4,21,9,N,nb14,535,1.342,1.865,2,1
30,4,21,9,N,nb15,535,-1.696,0.806,0,0
30,4,21,9,N,nb16,535,-1.864,-0.678,1,1
30,4,21,9,N,nb17,535,1.865,-1.116,3,0
30,4,21,9,N,nb18,535,-1.631,-0.009,2,1
30,4,21,9,N,nb19,535,-1.229,-1.866,0,0
30,4,21,9,N,nb20,535,1.856,-0.949,2,1
30,4,21,9,N,nb21,535,1.613,-1.413,1,1
30,4,21,9,N,nb22,535,-0.736,-1.464,2,1
30,4,21,9,N,nb23,535,1.233,1.464,2,1
30,4,21,9,N,nb24,535,-1.798,0.023,3,1
30,4,21,9,N,nb25,535,1.584,1.843,2,1
30,4,21,9,N,nb26,535,-1.865,-1.593,1,1
30,4,21,9,N,nb27,535,1.866,-0.779,2,0
30,4,21,9,N,nb28,535,-0.825,-1.617,2,1
30,4,21,9,N,nb29,535,-1.851,-0.138,1,1
30,4,21,9,A,aa0,535,0.907,-0.543,0,0
30,4,21,9,A,aa1,535,-0.781,1.79,0,0
30,4,21,9,A,aa2,535,-1.865,0.178,2,0
30,4,21,9,A,aa3,535,1.761,0.541,0,0
30,4,21,9,A,aa4,535,-0.402,-0.491,0,0
30,4,21,9,A,aa5,535,-1.866,-1.182,2,0
30,4,21,9,A,aa6,535,-1.109,1.691,0,0
30,4,21,9,A,aa7,535,-1.569,-1.804,2,0
30,4,21,9,A,aa8,535,-0.38,0.654,0,0
30,4,21,9,N,nb0,540,-0.903,-1.428,3,1
30,4,21,9,N,nb1,540,1.019,1.571,1,1
30,4,21,9,N,nb2,540,-1.82,-0.515,1,1
30,4,21,9,N,nb3,540,1.866,-1.329,1,1
30,4,21,9,N,nb4,540,0.55,-1.651,0,0
30,4,21,9,N,nb5,540,-1.845,-1.424,1,0
30,4,21,9,N,nb6,540,-1.567,0.277,1,1
30,4,21,9,N,nb7,540,-1.036,-1.324,1,1
30,4,21,9,N,nb8,540,1.806,1.736,1,1
30,4,21,9,N,nb9,540,1.412,1.631,2,1
30,4,21,9,N,nb10,540,1.717,0.727,0,0
30,4,21,9,N,nb11,540,-1.686,0.151,3,1
30,4,21,9,N,nb12,540,1.63,-0.73,1,1
30,4,21,9,N,nb13,540,1.63,-1.174,2,1
30,4,21,9,N,nb14,540,1.342,1.865,2,1
30,4,21,9,N,nb15,540,-1.781,0.859,0,0
30,4,21,9,N,nb16,540,-1.864,-0.678,1,1
30,4,21,9,N,nb17,540,1.865,-1.116,3,1
30,4,21,9,N,nb18,540,-1.631,-0.009,2,1
30,4,21,9,N,nb19,540,-1.31,-1.866,0,0
30,4,21,9,N,nb20,540,1.856,-0.949,2,1
30,4,21,9,N,nb21,540,1.613,-1.413,1,1
30,4,21,9,N,nb22,540,-0.736,-1.464,2,1
30,4,21,9,N,nb23,540,1.233,1.464,2,1
30,4,21,9,N,nb24,540,-1.798,0.023,3,1
30,4,21,9,N,nb25,540,1.584,1.843,2,1
30,4,21,9,N,nb26,540,-1.865,-1.593,1,0
30,4,21,9,N,nb27,540,1.866,-0.779,2,1
30,4,21,9,N,nb28,540,-0.825,-1.617,2,1
30,4,21,9,N,nb29,540,-1.851,-0.138,1,1
30,4,21,9,A,aa0,540,0.983,-0.479,0,0
30,4,21,9,A,aa1,540,-0.74,1.865,0,0
30,4,21,9,A,aa2,540,-1.865,0.179,2,0
30,4,21,9,A,aa3,540,1.703,0.558,0,0
30,4,21,9,A,aa4,540,-0.45,-0.404,0,0
30,4,21,9,A,aa5,540,-1.866,-1.244,2,0
30,4,21,9,A,aa6,540,-1.022,1.741,0,0
30,4,21,9,A,aa7,540,-1.66,-1.785,2,0
30,4,21,9,A,aa8,540,-0.369,0.667,0,0
30,4,21,9,N,nb0,545,-0.903,-1.428,3,1
30,4,21,9,N,nb1,545,1.019,1.571,1,1
30,4,21,9,N,nb2,545,-1.82,-0.515,1,1
30,4,21,9,N,nb3,545,1.866,-1.329,1,1
30,4,21,9,N,nb4,545,0.64,-1.606,0,0
30,4,21,9,N,nb5,545,-1.845,-1.425,1,1
30,4,21,9,N,nb6,545,-1.567,0.277,1,1
30,4,21,9,N,nb7,545,-1.036,-1.324,1,1
30,4,21,9,N,nb8,545,1.806,1.736,1,1
30,4,21,9,N,nb9,545,1.412,1.631,2,1
30,4,21,9,N,nb10,545,1.651,0.743,0,0
30,4,21,9,N,nb11,545,-1.686,0.151,3,1
30,4,21,9,N,nb12,545,1.63,-0.73,1,1
30,4,21,9,N,nb13,545,1.63,-1.174,2,1
30,4,21,9,N,nb14,545,1.342,1.865,2,1
30,4,21,9,N,nb15,545,-1.852,0.911,0,0
30,4,21,9,N,nb16,545,-1.864,-0.678,1,0
30,4,21,9,N,nb17,545,1.865,-1.116,3,1
30,4,21,9,N,nb18,545,-1.631,-0.009,2,1
30,4,21,9,N,nb19,545,-1.397,-1.866,0,0
30,4,21,9,N,nb20,545,1.856,-0.949,2,1
30,4,21,9,N,nb21,545,1.613,-1.413,1,1
30,4,21,9,N,nb22,545,-0.736,-1.464,2,1
30,4,21,9,N,nb23,545,1.233,1.464,2,1
30,4,21,9,N,nb24,545,-1.798,0.023,3,1
30,4,21,9,N,nb25,545,1.584,1.843,2,1
30,4,21,9,N,nb26,545,-1.865,-1.593,1,1
30,4,21,9,N,nb27,545,1.866,-0.779,2,1
30,4,21,9,N,nb28,545,-0.825,-1.617,2,1
30,4,21,9,N,nb29,545,-1.851,-0.138,1,1
30,4,21,9,A,aa0,545,1.06,-0.415,0,0
30,4,21,9,A,aa1,545,-0.689,1.865,0,0
30,4,21,9,A,aa2,545,-1.865,0.179,2,0
30,4,21,9,A,aa3,545,1.634,0.574,0,0
30,4,21,9,A,aa4,545,-0.499,-0.316,0,0
30,4,21,9,A,aa5,545,-1.866,-1.256,2,0
30,4,21,9,A,aa6,545,-0.938,1.788,0,0
30,4,21,9,A,aa7,545,-1.745,-1.758,1,0
30,4,21,9,A,aa8,545,-0.305,0.743,0,0
30,4,21,9,N,nb0,550,-0.903,-1.428,3,1
30,4,21,9,N,nb1,550,1.019,1.571,1,1
30,4,21,9,N,nb2,550,-1.82,-0.515,1,1
30,4,21,9,N,nb3,550,1.866,-1.329,1,1
30,4,21,9,N,nb4,550,0.73,-1.562,0,0
30,4,21,9,N,nb5,550,-1.845,-1.425,1,1
30,4,21,9,N,nb6,550,-1.567,0.277,1,1
30,4,21,9,N,nb7,550,-1.036,-1.324,1,1
30,4,21,9,N,nb8,550,1.806,1.736,1,1
30,4,21,9,N,nb9,550,1.412,1.631,2,1
30,4,21,9,N,nb10,550,1.575,0.758,0,0
30,4,21,9,N,nb11,550,-1.686,0.151,3,1
30,4,21,9,N,nb12,550,1.63,-0.73,1,1
30,4,21,9,N,nb13,550,1.63,-1.174,2,1
30,4,21,9,N,nb14,550,1.342,1.865,2,1
30,4,21,9,N,nb15,550,-1.866,0.97,0,0
30,4,21,9,N,nb16,550,-1.864,-0.678,1,1
30,4,21,9,N,nb17,550,1.865,-1.116,3,1
30,4,21,9,N,nb18,550,-1.631,-0.009,2,1
30,4,21,9,N,nb19,550,-1.487,-1.866,0,0
30,4,21,9,N,nb20,550,1.856,-0.949,2,1
30,4,21,9,N,nb21,550,1.613,-1.413,1,1
30,4,21,9,N,nb22,550,-0.736,-1.464,2,1
30,4,21,9,N,nb23,550,1.233,1.464,2,1
30,4,21,9,N,nb24,550,-1.798,0.023,3,1
30,4,21,9,N,nb25,550,1.584,1.843,2,1
30,4,21,9,N,nb26,550,-1.865,-1.593,1,1
30,4,21,9,N,nb27,550,1.866,-0.779,2,1
30,4,21,9,N,nb28,550,-0.825,-1.617,2,1
30,4,21,9,N,nb29,550,-1.851,-0.138,1,0
30,4,21,9,A,aa0,550,1.137,-0.351,0,0
30,4,21,9,A,aa1,550,-0.627,1.865,0,0
30,4,21,9,A,aa2,550,-1.865,0.179,2,0
30,4,21,9,A,aa3,550,1.556,0.589,0,0
30,4,21,9,A,aa4,550,-0.547,-0.229,0,0
30,4,21,9,A,aa5,550,-1.866,-1.256,2,0
30,4,21,9,A,aa6,550,-0.857,1.822,0,0
30,4,21,9,A,aa7,550,-1.805,-1.752,1,0
30,4,21,9,A,aa8,550,-0.241,0.82,0,0
30,4,21,9,N,nb0,555,-0.903,-1.428,3,1
30,4,21,9,N,nb1,555,1.019,1.571,1,1
30,4,21,9,N,nb2,555,-1.82,-0.515,1,1
30,4,21,9,N,nb3,555,1.866,-1.329,1,1
30,4,21,9,N,nb4,555,0.82,-1.518,0,0
30,4,21,9,N,nb5,555,-1.845,-1.425,1,1
30,4,21,9,N,nb6,555,-1.567,0.277,1,1
30,4,21,9,N,nb7,555,-1.036,-1.324,1,1
30,4,21,9,N,nb8,555,1.806,1.736,1,1
30,4,21,9,N,nb9,555,1.412,1.631,2,1
30,4,21,9,N,nb10,555,1.492,0.772,0,0
30,4,21,9,N,nb11,555,-1.686,0.151,3,1
30,4,21,9,N,nb12,555,1.63,-0.73,1,0
30,4,21,9,N,nb13,555,1.63,-1.174,2,1
30,4,21,9,N,nb14,555,1.342,1.865,2,1
30,4,21,9,N,nb15,555,-1.866,1.039,0,0
30,4,21,9,N,nb16,555,-1.864,-0.678,1,1
30,4,21,9,N,nb17,555,1.865,-1.116,3,1
30,4,21,9,N,nb18,555,-1.631,-0.009,2,1
30,4,21,9,N,nb19,555,-1.579,-1.864,0,0
30,4,21,9,N,nb20,555,1.856,-0.949,2,1
30,4,21,9,N,nb21,555,1.613,-1.413,1,1
30,4,21,9,N,nb22,555,-0.736,-1.464,2,1
30,4,21,9,N,nb23,555,1.233,1.464,2,1
30,4,21,9,N,nb24,555,-1.798,0.023,3,1
30,4,21,9,N,nb25,555,1.584,1.843,2,1
30,4,21,9,N,nb26,555,-1.865,-1.593,1,1
30,4,21,9,N,nb27,555,1.866,-0.779,2,1
30,4,21,9,N,nb28,555,-0.825,-1.617,2,1
30,4,21,9,N,nb29,555,-1.851,-0.138,1,1
30,4,21,9,A,aa0,555,1.214,-0.287,0,0
30,4,21,9,A,aa1,555,-0.555,1.865,0,0
30,4,21,9,A,aa2,555,-1.865,0.179,2,0
30,4,21,9,A,aa3,555,1.471,0.603,0,0
30,4,21,9,A,aa4,555,-0.595,-0.141,0,0
30,4,21,9,A,aa5,555,-1.866,-1.256,2,0
30,4,21,9,A,aa6,555,-0.77,1.843,0,0
30,4,21,9,A,aa7,555,-1.866,-1.763,1,0
30,4,21,9,A,aa8,555,-0.213,0.853,0,0
30,4,21,9,N,nb0,560,-0.903,-1.428,3,1
30,4,21,9,N,nb1,560,1.019,1.571,1,1
30,4,21,9,N,nb2,560,-1.82,-0.515,1,1
30,4,21,9,N,nb3,560,1.866,-1.329,1,1
30,4,21,9,N,nb4,560,0.909,-1.474,0,0
30,4,21,9,N,nb5,560,-1.845,-1.425,1,1
30,4,21,9,N,nb6,560,-1.567,0.277,1,1
30,4,21,9,N,nb7,560,-1.036,-1.324,1,1
30,4,21,9,N,nb8,560,1.806,1.736,1,1
30,4,21,9,N,nb9,560,1.412,1.631,2,1
30,4,21,9,N,nb10,560,1.405,0.786,0,0
30,4,21,9,N,nb11,560,-1.686,0.151,3,1
30,4,21,9,N,nb12,560,1.63,-0.73,1,1
30,4,21,9,N,nb13,560,1.63,-1.174,2,1
30,4,21,9,N,nb14,560,1.342,1.865,2,1
30,4,21,9,N,nb15,560,-1.866,1.117,0,0
30,4,21,9,N,nb16,560,-1.864,-0.678,1,1
30,4,21,9,N,nb17,560,1.865,-1.116,3,1
30,4,21,9,N,nb18,560,-1.631,-0.009,2,1
30,4,21,9,N,nb19,560,-1.671,-1.854,0,0
30,4,21,9,N,nb20,560,1.856,-0.949,2,1
30,4,21,9,N,nb21,560,1.613,-1.413,1,1
30,4,21,9,N,nb22,560,-0.736,-1.464,2,1
30,4,21,9,N,nb23,560,1.233,1.464,2,1
30,4,21,9,N,nb24,560,-1.798,0.023,3,1
30,4,21,9,N,nb25,560,1.584,1.843,2,1
30,4,21,9,N,nb26,560,-1.865,-1.593,1,1
30,4,21,9,N,nb27,560,1.866,-0.779,2,1
30,4,21,9,N,nb28,560,-0.825,-1.617,2,1
30,4,21,9,N,nb29,560,-1.851,-0.138,1,1
30,4,21,9,A,aa0,560,1.291,-0.223,0,0
30,4,21,9,A,aa1,560,-0.475,1.865,0,0
30,4,21,9,A,aa2,560,-1.865,0.179,2,0
30,4,21,9,A,aa3,560,1.382,0.618,0,0
30,4,21,9,A,aa4,560,-0.644,-0.053,0,0
30,4,21,9,A,aa5,560,-1.866,-1.256,2,0
30,4,21,9,A,aa6,560,-0.68,1.851,0,0
30,4,21,9,A,aa7,560,-1.866,-1.764,1,0
30,4,21,9,A,aa8,560,-0.213,0.853,0,0
30,4,21,9,N,nb0,565,-0.903,-1.428,3,1
30,4,21,9,N,nb1,565,1.019,1.571,1,1
30,4,21,9,N,nb2,565,-1.82,-0.515,1,1
30,4,21,9,N,nb3,565,1.866,-1.329,1,1
30,4,21,9,N,nb4,565,0.999,-1.43,0,0
30,4,21,9,N,nb5,565,-1.845,-1.425,1,1
30,4,21,9,N,nb6,565,-1.567,0.277,1,1
30,4,21,9,N,nb7,565,-1.036,-1.324,1,1
30,4,21,9,N,nb8,565,1.806,1.736,1,1
30,4,21,9,N,nb9,565,1.412,1.631,2,1
30,4,21,9,N,nb10,565,1.316,0.794,0,0
30,4,21,9,N,nb11,565,-1.686,0.151,3,1
30,4,21,9,N,nb12,565,1.63,-0.73,1,1
30,4,21,9,N,nb13,565,1.63,-1.174,2,1
30,4,21,9,N,nb14,565,1.342,1.865,2,1
30,4,21,9,N,nb15,565,-1.866,1.201,0,0
30,4,21,9,N,nb16,565,-1.864,-0.678,1,1
30,4,21,9,N,nb17,565,1.865,-1.116,3,1
30,4,21,9,N,nb18,565,-1.631,-0.009,2,1
30,4,21,9,N,nb19,565,-1.717,-1.842,0,0
30,4,21,9,N,nb20,565,1.856,-0.949,2,1
30,4,21,9,N,nb21,565,1.613,-1.413,1,1
30,4,21,9,N,nb22,565,-0.736,-1.464,2,1
30,4,21,9,N,nb23,565,1.233,1.464,2,1
30,4,21,9,N,nb24,565,-1.798,0.023,3,1
30,4,21,9,N,nb25,565,1.584,1.843,2,1
30,4,21,9,N,nb26,565,-1.865,-1.593,1,1
30,4,21,9,N,nb27,565,1.866,-0.779,2,1
30,4,21,9,N,nb28,565,-0.825,-1.617,2,1
30,4,21,9,N,nb29,565,-1.851,-0.138,1,1
30,4,21,9,A,aa0,565,1.368,-0.159,0,0
30,4,21,9,A,aa1,565,-0.389,1.865,0,0
30,4,21,9,A,aa2,565,-1.865,0.179,2,0
30,4,21,9,A,aa3,565,1.29,0.627,0,0
30,4,21,9,A,aa4,565,-0.692,0.034,0,0
30,4,21,9,A,aa5,565,-1.866,-1.256,2,0
30,4,21,9,A,aa6,565,-0.589,1.847,0,0
30,4,21,9,A,aa7,565,-1.866,-1.764,1,0
30,4,21,9,A,aa8,565,-0.255,0.941,0,0
30,4,21,9,N,nb0,570,-0.903,-1.428,3,1
30,4,21,9,N,nb1,570,1.019,1.571,1,1
30,4,21,9,N,nb2,570,-1.82,-0.515,1,1
30,4,21,9,N,nb3,570,1.866,-1.329,1,1
30,4,21,9,N,nb4,570,1.089,-1.386,0,0
30,4,21,9,N,nb5,570,-1.845,-1.425,1,1
30,4,21,9,N,nb6,570,-1.567,0.277,1,1
30,4,21,9,N,nb7,570,-1.036,-1.324,1,1
30,4,21,9,N,nb8,570,1.806,1.736,1,1
30,4,21,9,N,nb9,570,1.412,1.631,2,1
30,4,21,9,N,nb10,570,1.225,0.794,0,0
30,4,21,9,N,nb11,570,-1.686,0.151,3,1
30,4,21,9,N,nb12,570,1.63,-0.73,1,1
30,4,21,9,N,nb13,570,1.63,-1.174,2,1
30,4,21,9,N,nb14,570,1.342,1.865,2,1
30,4,21,9,N,nb15,570,-1.866,1.289,0,0
30,4,21,9,N,nb16,570,-1.864,-0.678,1,1
30,4,21,9,N,nb17,570,1.865,-1.116,3,1
30,4,21,9,N,nb18,570,-1.631,-0.009,2,1
30,4,21,9,N,nb19,570,-1.718,-1.844,0,0
30,4,21,9,N,nb20,570,1.856,-0.949,2,1
30,4,21,9,N,nb21,570,1.613,-1.413,1,1
30,4,21,9,N,nb22,570,-0.736,-1.464,2,1
30,4,21,9,N,nb23,570,1.233,1.464,2,1
30,4,21,9,N,nb24,570,-1.798,0.023,3,1
30,4,21,9,N,nb25,570,1.584,1.843,2,1
30,4,21,9,N,nb26,570,-1.865,-1.593,1,1
30,4,21,9,N,nb27,570,1.866,-0.779,2,1
30,4,21,9,N,nb28,570,-0.825,-1.617,2,1
30,4,21,9,N,nb29,570,-1.851,-0.138,1,1
30,4,21,9,A,aa0,570,1.445,-0.096,0,0
30,4,21,9,A,aa1,570,-0.3,1.865,0,0
30,4,21,9,A,aa2,570,-1.865,0.179,2,0
30,4,21,9,A,aa3,570,1.197,0.626,0,0
30,4,21,9,A,aa4,570,-0.741,0.122,0,0
30,4,21,9,A,aa5,570,-1.866,-1.256,2,0
30,4,21,9,A,aa6,570,-0.499,1.831,0,0
30,4,21,9,A,aa7,570,-1.866,-1.763,1,0
30,4,21,9,A,aa8,570,-0.298,1.031,0,0
30,4,21,9,N,nb0,575,-0.903,-1.428,3,1
30,4,21,9,N,nb1,575,1.019,1.571,1,1
30,4,21,9,N,nb2,575,-1.82,-0.515,1,1
30,4,21,9,N,nb3,575,1.866,-1.329,1,1
30,4,21,9,N,nb4,575,1.179,-1.341,0,0
30,4,21,9,N,nb5,575,-1.845,-1.425,1,1
30,4,21,9,N,nb6,575,-1.567,0.277,1,1
30,4,21,9,N,nb7,575,-1.036,-1.324,1,1
30,4,21,9,N,nb8,575,1.806,1.736,1,1
30,4,21,9,N,nb9,575,1.412,1.631,2,1
30,4,21,9,N,nb10,575,1.134,0.8,0,0
30,4,21,9,N,nb11,575,-1.686,0.151,3,1
30,4,21,9,N,nb12,575,1.63,-0.73,1,1
30,4,21,9,N,nb13,575,1.63,-1.174,2,1
30,4,21,9,N,nb14,575,1.342,1.865,2,1
30,4,21,9,N,nb15,575,-1.866,1.381,0,0
30,4,21,9,N,nb16,575,-1.864,-0.678,1,1
30,4,21,9,N,nb17,575,1.865,-1.116,3,1
30,4,21,9,N,nb18,575,-1.631,-0.009,2,1
30,4,21,9,N,nb19,575,-1.72,-1.847,0,0
30,4,21,9,N,nb20,575,1.856,-0.949,2,1
30,4,21,9,N,nb21,575,1.613,-1.413,1,1
30,4,21,9,N,nb22,575,-0.736,-1.464,2,1
30,4,21,9,N,nb23,575,1.233,1.464,2,1
30,4,21,9,N,nb24,575,-1.798,0.023,3,1
30,4,21,9,N,nb25,575,1.584,1.843,2,1
30,4,21,9,N,nb26,575,-1.865,-1.593,1,1
30,4,21,9,N,nb27,575,1.866,-0.779,2,1
30,4,21,9,N,nb28,575,-0.825,-1.617,2,1
30,4,21,9,N,nb29,575,-1.851,-0.138,1,1
30,4,21,9,A,aa0,575,1.509,-0.042,0,0
30,4,21,9,A,aa1,575,-0.208,1.865,0,0
30,4,21,9,A,aa2,575,-1.865,0.179,2,0
30,4,21,9,A,aa3,575,1.104,0.616,0,0
30,4,21,9,A,aa4,575,-0.789,0.209,0,0
30,4,21,9,A,aa5,575,-1.866,-1.256,2,0
30,4,21,9,A,aa6,575,-0.413,1.804,0,0
30,4,21,9,A,aa7,575,-1.866,-1.763,1,0
30,4,21,9,A,aa8,575,-0.341,1.121,0,0
30,4,21,9,N,nb0,580,-0.903,-1.428,3,1
30,4,21,9,N,nb1,580,1.019,1.571,1,1
30,4,21,9,N,nb2,580,-1.82,-0.515,1,1
30,4,21,9,N,nb3,580,1.866,-1.329,1,1
30,4,21,9,N,nb4,580,1.268,-1.297,0,0
30,4,21,9,N,nb5,580,-1.845,-1.425,1,1
30,4,21,9,N,nb6,580,-1.567,0.277,1,1
30,4,21,9,N,nb7,580,-1.036,-1.324,1,1
30,4,21,9,N,nb8,580,1.806,1.736,1,1
30,4,21,9,N,nb9,580,1.412,1.631,2,1
30,4,21,9,N,nb10,580,1.043,0.816,0,0
30,4,21,9,N,nb11,580,-1.686,0.151,3,1
30,4,21,9,N,nb12,580,1.63,-0.73,1,1
30,4,21,9,N,nb13,580,1.63,-1.174,2,1
30,4,21,9,N,nb14,580,1.342,1.865,2,1
30,4,21,9,N,nb15,580,-1.861,1.473,0,0
30,4,21,9,N,nb16,580,-1.864,-0.678,1,1
30,4,21,9,N,nb17,580,1.865,-1.116,3,1
30,4,21,9,N,nb18,580,-1.631,-0.009,2,1
30,4,21,9,N,nb19,580,-1.721,-1.848,0,0
30,4,21,9,N,nb20,580,1.856,-0.949,2,1
30,4,21,9,N,nb21,580,1.613,-1.413,1,1
30,4,21,9,N,nb22,580,-0.736,-1.464,2,1
30,4,21,9,N,nb23,580,1.233,1.464,2,1
30,4,21,9,N,nb24,580,-1.798,0.023,3,1
30,4,21,9,N,nb25,580,1.584,1.843,2,1
30,4,21,9,N,nb26,580,-1.865,-1.593,1,1
30,4,21,9,N,nb27,580,1.866,-0.779,2,1
30,4,21,9,N,nb28,580,-0.825,-1.617,2,1
30,4,21,9,N,nb29,580,-1.851,-0.138,1,1
30,4,21,9,A,aa0,580,1.512,-0.026,0,0
30,4,21,9,A,aa1,580,-0.115,1.862,0,0
30,4,21,9,A,aa2,580,-1.865,0.179,2,0
30,4,21,9,A,aa3,580,1.012,0.597,0,0
30,4,21,9,A,aa4,580,-0.837,0.297,0,0
30,4,21,9,A,aa5,580,-1.863,-1.256,2,0
30,4,21,9,A,aa6,580,-0.33,1.766,0,0
30,4,21,9,A,aa7,580,-1.866,-1.763,1,0
30,4,21,9,A,aa8,580,-0.384,1.211,0,0
30,4,21,9,N,nb0,585,-0.903,-1.428,3,0
30,4,21,9,N,nb1,585,1.019,1.571,1,1
30,4,21,9,N,nb2,585,-1.82,-0.515,1,1
30,4,21,9,N,nb3,585,1.866,-1.329,1,1
30,4,21,9,N,nb4,585,1.358,-1.253,0,0
30,4,21,9,N,nb5,585,-1.845,-1.425,1,1
30,4,21,9,N,nb6,585,-1.567,0.277,1,1
30,4,21,9,N,nb7,585,-1.036,-1.324,1,0
30,4,21,9,N,nb8,585,1.806,1.736,1,1
30,4,21,9,N,nb9,585,1.412,1.631,2,1
30,4,21,9,N,nb10,585,0.953,0.842,0,0
30,4,21,9,N,nb11,585,-1.686,0.151,3,1
30,4,21,9,N,nb12,585,1.63,-0.73,1,1
30,4,21,9,N,nb13,585,1.63,-1.174,2,1
30,4,21,9,N,nb14,585,1.342,1.865,2,1
30,4,21,9,N,nb15,585,-1.847,1.564,0,0
30,4,21,9,N,nb16,585,-1.864,-0.678,1,1
30,4,21,9,N,nb17,585,1.865,-1.116,3,1
30,4,21,9,N,nb18,585,-1.631,-0.009,2,0
30,4,21,9,N,nb19,585,-1.722,-1.849,0,0
30,4,21,9,N,nb20,585,1.856,-0.949,2,1
30,4,21,9,N,nb21,585,1.613,-1.413,1,1
30,4,21,9,N,nb22,585,-0.736,-1.464,2,1
30,4,21,9,N,nb23,585,1.233,1.464,2,0
30,4,21,9,N,nb24,585,-1.798,0.023,3,1
30,4,21,9,N,nb25,585,1.584,1.843,2,1
30,4,21,9,N,nb26,585,-1.865,-1.593,1,1
30,4,21,9,N,nb27,585,1.866,-0.779,2,1
30,4,21,9,N,nb28,585,-0.825,-1.617,2,1
30,4,21,9,N,nb29,585,-1.851,-0.138,1,1
30,4,21,9,A,aa0,585,1.528,0.073,0,0
30,4,21,9,A,aa1,585,-0.023,1.85,0,0
30,4,21,9,A,aa2,585,-1.865,0.179,0,0
30,4,21,9,A,aa3,585,0.922,0.571,0,0
30,4,21,9,A,aa4,585,-0.886,0.384,0,0
30,4,21,9,A,aa5,585,-1.844,-1.255,2,0
30,4,21,9,A,aa6,585,-0.254,1.718,0,0
30,4,21,9,A,aa7,585,-1.866,-1.763,1,0
30,4,21,9,A,aa8,585,-0.428,1.301,0,0
30,4,21,9,N,nb0,590,-0.903,-1.428,3,1
30,4,21,9,N,nb1,590,1.019,1.571,1,1
30,4,21,9,N,nb2,590,-1.82,-0.515,1,1
30,4,21,9,N,nb3,590,1.866,-1.329,1,1
30,4,21,9,N,nb4,590,1.394,-1.236,1,1
30,4,21,9,N,nb5,590,-1.845,-1.425,1,1
30,4,21,9,N,nb6,590,-1.567,0.277,1,1
30,4,21,9,N,nb7,590,-1.036,-1.324,1,1
30,4,21,9,N,nb8,590,1.806,1.736,1,0
30,4,21,9,N,nb9,590,1.412,1.631,2,1
30,4,21,9,N,nb10,590,0.859,0.875,0,0
30,4,21,9,N,nb11,590,-1.686,0.151,3,1
30,4,21,9,N,nb12,590,1.63,-0.73,1,1
30,4,21,9,N,nb13,590,1.63,-1.174,3,1
30,4,21,9,N,nb14,590,1.342,1.865,2,1
30,4,21,9,N,nb15,590,-1.823,1.655,0,0
30,4,21,9,N,nb16,590,-1.864,-0.678,1,1
30,4,21,9,N,nb17,590,1.865,-1.116,3,1
30,4,21,9,N,nb18,590,-1.631,-0.009,2,1
30,4,21,9,N,nb19,590,-1.723,-1.852,0,0
30,4,21,9,N,nb20,590,1.856,-0.949,2,1
30,4,21,9,N,nb21,590,1.613,-1.413,1,1
30,4,21,9,N,nb22,590,-0.736,-1.464,2,1
30,4,21,9,N,nb23,590,1.233,1.464,2,1
30,4,21,9,N,nb24,590,-1.798,0.023,3,1
30,4,21,9,N,nb25,590,1.584,1.843,2,1
30,4,21,9,N,nb26,590,-1.865,-1.593,1,1
30,4,21,9,N,nb27,590,1.866,-0.779,2,1
30,4,21,9,N,nb28,590,-0.825,-1.617,2,1
30,4,21,9,N,nb29,590,-1.851,-0.138,1,1
30,4,21,9,A,aa0,590,1.541,0.155,0,0
30,4,21,9,A,aa1,590,0.068,1.829,0,0
30,4,21,9,A,aa2,590,-1.865,0.179,2,0
30,4,21,9,A,aa3,590,0.827,0.538,0,0
30,4,21,9,A,aa4,590,-0.934,0.472,0,0
30,4,21,9,A,aa5,590,-1.843,-1.255,2,0
30,4,21,9,A,aa6,590,-0.178,1.657,0,0
30,4,21,9,A,aa7,590,-1.866,-1.763,1,0
30,4,21,9,A,aa8,590,-0.457,1.328,0,0
30,4,21,9,N,nb0,595,-0.903,-1.428,3,1
30,4,21,9,N,nb1,595,1.019,1.571,1,1
30,4,21,9,N,nb2,595,-1.82,-0.515,1,1
30,4,21,9,N,nb3,595,1.866,-1.329,1,1
30,4,21,9,N,nb4,595,1.394,-1.236,1,1
30,4,21,9,N,nb5,595,-1.845,-1.425,1,1
30,4,21,9,N,nb6,595,-1.567,0.277,1,1
30,4,21,9,N,nb7,595,-1.036,-1.324,1,1
30,4,21,9,N,nb8,595,1.806,1.736,1,1
30,4,21,9,N,nb9,595,1.412,1.631,2,1
30,4,21,9,N,nb10,595,0.765,0.909,0,0
30,4,21,9,N,nb11,595,-1.686,0.151,3,1
30,4,21,9,N,nb12,595,1.63,-0.73,1,1
30,4,21,9,N,nb13,595,1.63,-1.174,3,1
30,4,21,9,N,nb14,595,1.342,1.865,2,1
30,4,21,9,N,nb15,595,-1.791,1.743,0,0
30,4,21,9,N,nb16,595,-1.864,-0.678,1,1
30,4,21,9,N,nb17,595,1.865,-1.116,3,1
30,4,21,9,N,nb18,595,-1.631,-0.009,2,1
30,4,21,9,N,nb19,595,-1.72,-1.846,0,0
30,4,21,9,N,nb20,595,1.856,-0.949,2,1
30,4,21,9,N,nb21,595,1.613,-1.413,1,1
30,4,21,9,N,nb22,595,-0.736,-1.464,2,1
30,4,21,9,N,nb23,595,1.233,1.464,2,1
30,4,21,9,N,nb24,595,-1.798,0.023,3,1
30,4,21,9,N,nb25,595,1.584,1.843,2,1
30,4,21,9,N,nb26,595,-1.865,-1.593,1,1
30,4,21,9,N,nb27,595,1.866,-0.779,2,1
30,4,21,9,N,nb28,595,-0.825,-1.617,2,1
30,4,21,9,N,nb29,595,-1.851,-0.138,1,1
30,4,21,9,A,aa0,595,1.527,0.189,0,0
30,4,21,9,A,aa1,595,0.157,1.799,0,0
30,4,21,9,A,aa2,595,-1.865,0.179,2,0
30,4,21,9,A,aa3,595,0.733,0.505,0,0
30,4,21,9,A,aa4,595,-0.983,0.559,0,0
30,4,21,9,A,aa5,595,-1.81,-1.242,2,0
30,4,21,9,A,aa6,595,-0.101,1.593,0,0
30,4,21,9,A,aa7,595,-1.866,-1.763,1,0
30,4,21,9,A,aa8,595,-0.49,1.356,0,0
30,4,21,9,N,nb0,600,-0.903,-1.428,3,1
30,4,21,9,N,nb1,600,1.019,1.571,1,1
30,4,21,9,N,nb2,600,-1.82,-0.515,1,1
30,4,21,9,N,nb3,600,1.866,-1.329,1,1
30,4,21,9,N,nb4,600,1.394,-1.236,1,1
30,4,21,9,N,nb5,600,-1.845,-1.425,1,1
30,4,21,9,N,nb6,600,-1.567,0.277,1,1
30,4,21,9,N,nb7,600,-1.036,-1.324,1,1
30,4,21,9,N,nb8,600,1.806,1.736,1,1
30,4,21,9,N,nb9,600,1.412,1.631,2,1
30,4,21,9,N,nb10,600,0.671,0.943,0,0
30,4,21,9,N,nb11,600,-1.686,0.151,3,1
30,4,21,9,N,nb12,600,1.63,-0.73,1,1
30,4,21,9,N,nb13,600,1.63,-1.174,3,1
30,4,21,9,N,nb14,600,1.342,1.865,2,1
30,4,21,9,N,nb15,600,-1.753,1.825,0,0
30,4,21,9,N,nb16,600,-1.864,-0.678,1,1
30,4,21,9,N,nb17,600,1.865,-1.116,3,1
30,4,21,9,N,nb18,600,-1.631,-0.009,2,1
30,4,21,9,N,nb19,600,-1.709,-1.824,0,0
30,4,21,9,N,nb20,600,1.856,-0.949,2,1
30,4,21,9,N,nb21,600,1.613,-1.413,1,1
30,4,21,9,N,nb22,600,-0.736,-1.464,2,1
30,4,21,9,N,nb23,600,1.233,1.464,2,1
30,4,21,9,N,nb24,600,-1.798,0.023,3,1
30,4,21,9,N,nb25,600,1.584,1.843,2,1
30,4,21,9,N,nb26,600,-1.865,-1.593,1,1
30,4,21,9,N,nb27,600,1.866,-0.779,2,1
30,4,21,9,N,nb28,600,-0.825,-1.617,2,1
30,4,21,9,N,nb29,600,-1.851,-0.138,1,1
30,4,21,9,A,aa0,600,1.487,0.281,0,0
30,4,21,9,A,aa1,600,0.243,1.761,0,0
30,4,21,9,A,aa2,600,-1.865,0.179,2,0
30,4,21,9,A,aa3,600,0.692,0.491,0,0
30,4,21,9,A,aa4,600,-1.031,0.647,0,0
30,4,21,9,A,aa5,600,-1.72,-1.205,2,0
30,4,21,9,A,aa6,600,-0.083,1.578,0,0
30,4,21,9,A,aa7,600,-1.866,-1.764,1,0
30,4,21,9,A,aa8,600,-0.547,1.355,0,0
30,4,21,9,N,nb0,605,-0.903,-1.428,3,1
30,4,21,9,N,nb1,605,1.019,1.571,1,1
30,4,21,9,N,nb2,605,-1.82,-0.515,1,1
30,4,21,9,N,nb3,605,1.866,-1.329,1,1
30,4,21,9,N,nb4,605,1.394,-1.236,1,1
30,4,21,9,N,nb5,605,-1.845,-1.425,1,1
30,4,21,9,N,nb6,605,-1.567,0.277,1,1
30,4,21,9,N,nb7,605,-1.036,-1.324,1,1
30,4,21,9,N,nb8,605,1.806,1.736,1,1
30,4,21,9,N,nb9,605,1.412,1.631,2,0
30,4,21,9,N,nb10,605,0.577,0.977,0,0
30,4,21,9,N,nb11,605,-1.686,0.151,3,1
30,4,21,9,N,nb12,605,1.63,-0.73,1,1
30,4,21,9,N,nb13,605,1.63,-1.174,3,0
30,4,21,9,N,nb14,605,1.342,1.865,2,1
30,4,21,9,N,nb15,605,-1.706,1.865,0,0
30,4,21,9,N,nb16,605,-1.864,-0.678,1,1
30,4,21,9,N,nb17,605,1.865,-1.116,3,1
30,4,21,9,N,nb18,605,-1.631,-0.009,2,1
30,4,21,9,N,nb19,605,-1.7,-1.765,1,1
30,4,21,9,N,nb20,605,1.856,-0.949,2,1
30,4,21,9,N,nb21,605,1.613,-1.413,1,1
30,4,21,9,N,nb22,605,-0.736,-1.464,2,1
30,4,21,9,N,nb23,605,1.233,1.464,2,1
30,4,21,9,N,nb24,605,-1.798,0.023,3,1
30,4,21,9,N,nb25,605,1.584,1.843,2,1
30,4,21,9,N,nb26,605,-1.865,-1.593,2,1
30,4,21,9,N,nb27,605,1.866,-0.779,2,1
30,4,21,9,N,nb28,605,-0.825,-1.617,2,1
30,4,21,9,N,nb29,605,-1.851,-0.138,1,1
30,4,21,9,A,aa0,605,1.448,0.372,0,0
30,4,21,9,A,aa1,605,0.333,1.717,0,0
30,4,21,9,A,aa2,605,-1.865,0.179,2,0
30,4,21,9,A,aa3,605,0.678,0.457,0,0
30,4,21,9,A,aa4,605,-1.062,0.702,0,0
30,4,21,9,A,aa5,605,-1.63,-1.164,2,0
30,4,21,9,A,aa6,605,-0.027,1.588,0,0
30,4,21,9,A,aa7,605,-1.866,-1.799,1,0
30,4,21,9,A,aa8,605,-0.647,1.353,0,0
30,4,21,9,N,nb0,610,-0.903,-1.428,3,1
30,4,21,9,N,nb1,610,1.019,1.571,1,1
30,4,21,9,N,nb2,610,-1.82,-0.515,1,0
30,4,21,9,N,nb3,610,1.866,-1.329,1,1
30,4,21,9,N,nb4,610,1.394,-1.236,1,1
30,4,21,9,N,nb5,610,-1.846,-1.425,1,0
30,4,21,9,N,nb6,610,-1.567,0.277,1,1
30,4,21,9,N,nb7,610,-1.035,-1.323,1,0
30,4,21,9,N,nb8,610,1.806,1.736,1,1
30,4,21,9,N,nb9,610,1.412,1.631,2,1
30,4,21,9,N,nb10,610,0.483,1.011,0,0
30,4,21,9,N,nb11,610,-1.686,0.151,3,1
30,4,21,9,N,nb12,610,1.63,-0.73,1,1
30,4,21,9,N,nb13,610,1.63,-1.174,3,1
30,4,21,9,N,nb14,610,1.342,1.865,2,1
30,4,21,9,N,nb15,610,-1.649,1.865,0,0
30,4,21,9,N,nb16,610,-1.864,-0.678,1,0
30,4,21,9,N,nb17,610,1.865,-1.116,3,1
30,4,21,9,N,nb18,610,-1.631,-0.009,2,1
30,4,21,9,N,nb19,610,-1.701,-1.762,1,1
30,4,21,9,N,nb20,610,1.856,-0.949,2,1
30,4,21,9,N,nb21,610,1.613,-1.413,1,1
30,4,21,9,N,nb22,610,-0.736,-1.464,2,1
30,4,21,9,N,nb23,610,1.233,1.464,2,1
30,4,21,9,N,nb24,610,-1.798,0.023,3,1
30,4,21,9,N,nb25,610,1.584,1.843,2,1
30,4,21,9,N,nb26,610,-1.865,-1.593,2,1
30,4,21,9,N,nb27,610,1.866,-0.779,2,1
30,4,21,9,N,nb28,610,-0.825,-1.617,2,1
30,4,21,9,N,nb29,610,-1.851,-0.138,1,1
30,4,21,9,A,aa0,610,1.43,0.412,0,0
30,4,21,9,A,aa1,610,0.422,1.672,0,0
30,4,21,9,A,aa2,610,-1.865,0.179,2,0
30,4,21,9,A,aa3,610,0.641,0.364,0,0
30,4,21,9,A,aa4,610,-1.062,0.702,0,0
30,4,21,9,A,aa5,610,-1.539,-1.122,1,0
30,4,21,9,A,aa6,610,0.071,1.604,0,0
30,4,21,9,A,aa7,610,-1.866,-1.866,2,0
30,4,21,9,A,aa8,610,-0.69,1.352,0,0
30,4,21,9,N,nb0,615,-0.903,-1.428,3,1
30,4,21,9,N,nb1,615,1.019,1.571,1,1
30,4,21,9,N,nb2,615,-1.812,-0.505,1,1
30,4,21,9,N,nb3,615,1.866,-1.329,1,1
30,4,21,9,N,nb4,615,1.394,-1.236,1,1
30,4,21,9,N,nb5,615,-1.846,-1.425,1,0
30,4,21,9,N,nb6,615,-1.567,0.277,1,1
30,4,21,9,N,nb7,615,-1.02,-1.307,1,0
30,4,21,9,N,nb8,615,1.806,1.736,1,1
30,4,21,9,N,nb9,615,1.412,1.631,2,1
30,4,21,9,N,nb10,615,0.389,1.045,0,0
30,4,21,9,N,nb11,615,-1.686,0.151,3,1
30,4,21,9,N,nb12,615,1.63,-0.73,1,1
30,4,21,9,N,nb13,615,1.63,-1.174,3,1
30,4,21,9,N,nb14,615,1.342,1.865,2,1
30,4,21,9,N,nb15,615,-1.581,1.865,0,0
30,4,21,9,N,nb16,615,-1.864,-0.665,1,0
30,4,21,9,N,nb17,615,1.865,-1.116,3,1
30,4,21,9,N,nb18,615,-1.631,-0.009,2,1
30,4,21,9,N,nb19,615,-1.701,-1.762,1,1
30,4,21,9,N,nb20,615,1.856,-0.949,2,0
30,4,21,9,N,nb21,615,1.613,-1.413,1,1
30,4,21,9,N,nb22,615,-0.736,-1.464,2,0
30,4,21,9,N,nb23,615,1.233,1.464,2,1
30,4,21,9,N,nb24,615,-1.798,0.023,3,1
30,4,21,9,N,nb25,615,1.584,1.843,2,1
30,4,21,9,N,nb26,615,-1.865,-1.594,2,1
30,4,21,9,N,nb27,615,1.866,-0.779,2,1
30,4,21,9,N,nb28,615,-0.825,-1.617,2,0
30,4,21,9,N,nb29,615,-1.851,-0.138,1,1
30,4,21,9,A,aa0,615,1.359,0.477,0,0
30,4,21,9,A,aa1,615,0.512,1.628,1,0
30,4,21,9,A,aa2,615,-1.865,0.179,2,0
30,4,21,9,A,aa3,615,0.604,0.271,0,0
30,4,21,9,A,aa4,615,-1.158,0.709,1,0
30,4,21,9,A,aa5,615,-1.448,-1.08,0,0
30,4,21,9,A,aa6,615,0.17,1.621,0,0
30,4,21,9,A,aa7,615,-1.866,-1.866,2,0
30,4,21,9,A,aa8,615,-0.754,1.31,0,0
30,4,21,9,N,nb0,620,-0.903,-1.428,3,1
30,4,21,9,N,nb1,620,1.019,1.571,1,1
30,4,21,9,N,nb2,620,-1.802,-0.494,1,1
30,4,21,9,N,nb3,620,1.866,-1.329,1,1
30,4,21,9,N,nb4,620,1.394,-1.236,1,1
30,4,21,9,N,nb5,620,-1.834,-1.427,1,1
30,4,21,9,N,nb6,620,-1.567,0.277,1,1
30,4,21,9,N,nb7,620,-0.984,-1.28,1,1
30,4,21,9,N,nb8,620,1.806,1.736,1,1
30,4,21,9,N,nb9,620,1.412,1.631,2,1
30,4,21,9,N,nb10,620,0.295,1.079,0,0
30,4,21,9,N,nb11,620,-1.686,0.151,3,1
30,4,21,9,N,nb12,620,1.63,-0.73,1,1
30,4,21,9,N,nb13,620,1.63,-1.174,3,1
30,4,21,9,N,nb14,620,1.342,1.865,2,1
30,4,21,9,N,nb15,620,-1.505,1.865,0,0
30,4,21,9,N,nb16,620,-1.862,-0.651,1,1
30,4,21,9,N,nb17,620,1.865,-1.116,3,1
30,4,21,9,N,nb18,620,-1.631,-0.009,2,1
30,4,21,9,N,nb19,620,-1.701,-1.762,1,1
30,4,21,9,N,nb20,620,1.856,-0.949,2,1
30,4,21,9,N,nb21,620,1.613,-1.413,1,1
30,4,21,9,N,nb22,620,-0.736,-1.464,2,1
30,4,21,9,N,nb23,620,1.233,1.464,2,1
30,4,21,9,N,nb24,620,-1.798,0.023,3,1
30,4,21,9,N,nb25,620,1.584,1.843,2,1
30,4,21,9,N,nb26,620,-1.865,-1.594,2,1
30,4,21,9,N,nb27,620,1.866,-0.779,2,1
30,4,21,9,N,nb28,620,-0.825,-1.617,2,1
30,4,21,9,N,nb29,620,-1.851,-0.138,1,1
30,4,21,9,A,aa0,620,1.284,0.544,0,0
30,4,21,9,A,aa1,620,0.601,1.583,1,0
30,4,21,9,A,aa2,620,-1.865,0.179,2,0
30,4,21,9,A,aa3,620,0.567,0.178,0,0
30,4,21,9,A,aa4,620,-1.258,0.715,1,0
30,4,21,9,A,aa5,620,-1.357,-1.039,0,0
30,4,21,9,A,aa6,620,0.269,1.638,0,0
30,4,21,9,A,aa7,620,-1.856,-1.866,2,0
30,4,21,9,A,aa8,620,-0.837,1.254,0,0
30,4,21,9,N,nb0,625,-0.903,-1.428,3,1
30,4,21,9,N,nb1,625,1.019,1.571,1,1
30,4,21,9,N,nb2,625,-1.802,-0.494,1,1
30,4,21,9,N,nb3,625,1.866,-1.329,1,1
30,4,21,9,N,nb4,625,1.394,-1.236,1,1
30,4,21,9,N,nb5,625,-1.834,-1.427,1,1
30,4,21,9,N,nb6,625,-1.567,0.277,1,1
30,4,21,9,N,nb7,625,-0.984,-1.28,1,1
30,4,21,9,N,nb8,625,1.806,1.736,1,1
30,4,21,9,N,nb9,625,1.412,1.631,2,1
30,4,21,9,N,nb10,625,0.201,1.113,0,0
30,4,21,9,N,nb11,625,-1.686,0.151,3,1
30,4,21,9,N,nb12,625,1.63,-0.73,1,1
30,4,21,9,N,nb13,625,1.63,-1.174,3,1
30,4,21,9,N,nb14,625,1.342,1.865,2,1
30,4,21,9,N,nb15,625,-1.422,1.865,0,0
30,4,21,9,N,nb16,625,-1.862,-0.651,1,1
30,4,21,9,N,nb17,625,1.865,-1.116,3,1
30,4,21,9,N,nb18,625,-1.631,-0.009,2,1
30,4,21,9,N,nb19,625,-1.701,-1.762,1,1
30,4,21,9,N,nb20,625,1.856,-0.949,2,1
30,4,21,9,N,nb21,625,1.613,-1.413,1,1
30,4,21,9,N,nb22,625,-0.736,-1.464,2,1
30,4,21,9,N,nb23,625,1.233,1.464,2,1
30,4,21,9,N,nb24,625,-1.798,0.023,3,1
30,4,21,9,N,nb25,625,1.584,1.843,2,1
30,4,21,9,N,nb26,625,-1.865,-1.594,2,1
30,4,21,9,N,nb27,625,1.866,-0.779,2,1
30,4,21,9,N,nb28,625,-0.825,-1.617,2,1
30,4,21,9,N,nb29,625,-1.851,-0.138,1,1
30,4,21,9,A,aa0,625,1.21,0.611,0,0
30,4,21,9,A,aa1,625,0.691,1.539,1,0
30,4,21,9,A,aa2,625,-1.865,0.179,2,0
30,4,21,9,A,aa3,625,0.559,0.157,0,0
30,4,21,9,A,aa4,625,-1.358,0.722,1,0
30,4,21,9,A,aa5,625,-1.354,-1.037,1,0
30,4,21,9,A,aa6,625,0.367,1.655,0,0
30,4,21,9,A,aa7,625,-1.836,-1.866,2,0
30,4,21,9,A,aa8,625,-0.92,1.199,0,0
30,4,21,9,N,nb0,630,-0.903,-1.428,3,1
30,4,21,9,N,nb1,630,1.019,1.571,1,1
30,4,21,9,N,nb2,630,-1.802,-0.494,1,1
30,4,21,9,N,nb3,630,1.866,-1.329,1,1
30,4,21,9,N,nb4,630,1.394,-1.236,1,1
30,4,21,9,N,nb5,630,-1.834,-1.427,1,1
30,4,21,9,N,nb6,630,-1.567,0.277,1,1
30,4,21,9,N,nb7,630,-0.984,-1.28,1,1
30,4,21,9,N,nb8,630,1.806,1.736,1,1
30,4,21,9,N,nb9,630,1.412,1.631,2,1
30,4,21,9,N,nb10,630,0.107,1.147,0,0
30,4,21,9,N,nb11,630,-1.686,0.151,3,1
30,4,21,9,N,nb12,630,1.63,-0.73,1,1
30,4,21,9,N,nb13,630,1.63,-1.174,3,1
30,4,21,9,N,nb14,630,1.342,1.865,2,0
30,4,21,9,N,nb15,630,-1.334,1.865,0,0
30,4,21,9,N,nb16,630,-1.862,-0.651,1,1
30,4,21,9,N,nb17,630,1.865,-1.116,3,1
30,4,21,9,N,nb18,630,-1.631,-0.009,2,1
30,4,21,9,N,nb19,630,-1.701,-1.762,1,1
30,4,21,9,N,nb20,630,1.856,-0.949,2,1
30,4,21,9,N,nb21,630,1.613,-1.413,1,1
30,4,21,9,N,nb22,630,-0.736,-1.464,2,1
30,4,21,9,N,nb23,630,1.233,1.464,2,1
30,4,21,9,N,nb24,630,-1.798,0.023,3,1
30,4,21,9,N,nb25,630,1.584,1.843,2,1
30,4,21,9,N,nb26,630,-1.865,-1.594,2,1
30,4,21,9,N,nb27,630,1.866,-0.779,2,1
30,4,21,9,N,nb28,630,-0.825,-1.617,2,1
30,4,21,9,N,nb29,630,-1.851,-0.138,1,1
30,4,21,9,A,aa0,630,1.136,0.678,0,0
30,4,21,9,A,aa1,630,0.778,1.495,2,0
30,4,21,9,A,aa2,630,-1.865,0.179,2,0
30,4,21,9,A,aa3,630,0.57,0.144,0,0
30,4,21,9,A,aa4,630,-1.457,0.728,1,0
30,4,21,9,A,aa5,630,-1.346,-0.981,1,0
30,4,21,9,A,aa6,630,0.466,1.672,1,0
30,4,21,9,A,aa7,630,-1.836,-1.866,2,0
30,4,21,9,A,aa8,630,-1.003,1.143,0,0
30,4,21,9,N,nb0,635,-0.903,-1.428,3,1
30,4,21,9,N,nb1,635,1.019,1.571,1,1
30,4,21,9,N,nb2,635,-1.802,-0.494,1,1
30,4,21,9,N,nb3,635,1.866,-1.329,1,1
30,4,21,9,N,nb4,635,1.394,-1.236,1,1
30,4,21,9,N,nb5,635,-1.834,-1.427,1,1
30,4,21,9,N,nb6,635,-1.567,0.277,1,1
30,4,21,9,N,nb7,635,-0.984,-1.28,1,1
30,4,21,9,N,nb8,635,1.806,1.736,1,1
30,4,21,9,N,nb9,635,1.412,1.631,2,1
30,4,21,9,N,nb10,635,0.013,1.181,0,0
30,4,21,9,N,nb11,635,-1.686,0.151,3,1
30,4,21,9,N,nb12,635,1.63,-0.73,1,1
30,4,21,9,N,nb13,635,1.63,-1.174,3,1
30,4,21,9,N,nb14,635,1.342,1.865,2,1
30,4,21,9,N,nb15,635,-1.243,1.865,0,0
30,4,21,9,N,nb16,635,-1.862,-0.651,1,1
30,4,21,9,N,nb17,635,1.865,-1.116,3,1
30,4,21,9,N,nb18,635,-1.631,-0.009,2,1
30,4,21,9,N,nb19,635,-1.701,-1.762,1,0
30,4,21,9,N,nb20,635,1.856,-0.949,2,1
30,4,21,9,N,nb21,635,1.613,-1.413,1,1
30,4,21,9,N,nb22,635,-0.736,-1.464,2,1
30,4,21,9,N,nb23,635,1.233,1.464,2,1
30,4,21,9,N,nb24,635,-1.798,0.023,3,1
30,4,21,9,N,nb25,635,1.584,1.843,2,0
30,4,21,9,N,nb26,635,-1.865,-1.594,2,1
30,4,21,9,N,nb27,635,1.866,-0.779,2,1
30,4,21,9,N,nb28,635,-0.825,-1.617,2,1
30,4,21,9,N,nb29,635,-1.851,-0.138,1,1
30,4,21,9,A,aa0,635,1.062,0.745,0,0
30,4,21,9,A,aa1,635,0.811,1.477,2,0
30,4,21,9,A,aa2,635,-1.865,0.179,2,0
30,4,21,9,A,aa3,635,0.639,0.072,0,0
30,4,21,9,A,aa4,635,-1.557,0.735,2,0
30,4,21,9,A,aa5,635,-1.332,-0.882,2,0
30,4,21,9,A,aa6,635,0.564,1.688,1,0
30,4,21,9,A,aa7,635,-1.836,-1.866,1,0
30,4,21,9,A,aa8,635,-1.086,1.087,0,0
30,4,21,9,N,nb0,640,-0.903,-1.428,3,1
30,4,21,9,N,nb1,640,1.019,1.571,1,1
30,4,21,9,N,nb2,640,-1.784,-0.494,1,0
30,4,21,9,N,nb3,640,1.866,-1.329,1,1
30,4,21,9,N,nb4,640,1.394,-1.236,1,1
30,4,21,9,N,nb5,640,-1.834,-1.427,1,1
30,4,21,9,N,nb6,640,-1.567,0.277,1,1
30,4,21,9,N,nb7,640,-0.958,-1.269,1,0
30,4,21,9,N,nb8,640,1.806,1.736,1,1
30,4,21,9,N,nb9,640,1.412,1.631,2,1
30,4,21,9,N,nb10,640,-0.081,1.215,0,0
30,4,21,9,N,nb11,640,-1.686,0.151,3,1
30,4,21,9,N,nb12,640,1.63,-0.73,1,1
30,4,21,9,N,nb13,640,1.63,-1.174,3,1
30,4,21,9,N,nb14,640,1.342,1.865,2,1
30,4,21,9,N,nb15,640,-1.151,1.862,0,0
30,4,21,9,N,nb16,640,-1.843,-0.652,1,0
30,4,21,9,N,nb17,640,1.865,-1.116,3,1
30,4,21,9,N,nb18,640,-1.631,-0.009,2,1
30,4,21,9,N,nb19,640,-1.701,-1.762,1,1
30,4,21,9,N,nb20,640,1.856,-0.949,2,1
30,4,21,9,N,nb21,640,1.613,-1.413,1,1
30,4,21,9,N,nb22,640,-0.736,-1.464,2,1
30,4,21,9,N,nb23,640,1.233,1.464,2,1
30,4,21,9,N,nb24,640,-1.798,0.023,3,1
30,4,21,9,N,nb25,640,1.584,1.843,2,1
30,4,21,9,N,nb26,640,-1.865,-1.594,2,1
30,4,21,9,N,nb27,640,1.866,-0.779,2,1
30,4,21,9,N,nb28,640,-0.825,-1.617,2,1
30,4,21,9,N,nb29,640,-1.851,-0.138,1,1
30,4,21,9,A,aa0,640,0.987,0.812,0,0
30,4,21,9,A,aa1,640,0.824,1.483,2,0
30,4,21,9,A,aa2,640,-1.865,0.179,2,0
30,4,21,9,A,aa3,640,0.708,0.0,0,0
30,4,21,9,A,aa4,640,-1.657,0.741,2,0
30,4,21,9,A,aa5,640,-1.318,-0.783,0,0
30,4,21,9,A,aa6,640,0.663,1.705,1,0
30,4,21,9,A,aa7,640,-1.836,-1.866,2,0
30,4,21,9,A,aa8,640,-1.169,1.032,0,0
30,4,21,9,N,nb0,645,-0.903,-1.428,3,1
30,4,21,9,N,nb1,645,1.04,1.572,1,1
30,4,21,9,N,nb2,645,-1.724,-0.497,1,0
30,4,21,9,N,nb3,645,1.866,-1.329,1,0
30,4,21,9,N,nb4,645,1.394,-1.236,1,1
30,4,21,9,N,nb5,645,-1.834,-1.427,1,1
30,4,21,9,N,nb6,645,-1.567,0.277,1,0
30,4,21,9,N,nb7,645,-0.87,-1.241,1,0
30,4,21,9,N,nb8,645,1.806,1.736,1,1
30,4,21,9,N,nb9,645,1.412,1.631,2,1
30,4,21,9,N,nb10,645,-0.175,1.249,0,0
30,4,21,9,N,nb11,645,-1.686,0.151,3,0
30,4,21,9,N,nb12,645,1.63,-0.73,1,1
30,4,21,9,N,nb13,645,1.63,-1.174,3,1
30,4,21,9,N,nb14,645,1.342,1.865,2,1
30,4,21,9,N,nb15,645,-1.059,1.849,0,0
30,4,21,9,N,nb16,645,-1.783,-0.655,1,0
30,4,21,9,N,nb17,645,1.865,-1.116,3,1
30,4,21,9,N,nb18,645,-1.631,-0.009,2,1
30,4,21,9,N,nb19,645,-1.701,-1.762,1,1
30,4,21,9,N,nb20,645,1.856,-0.949,2,1
30,4,21,9,N,nb21,645,1.613,-1.413,1,1
30,4,21,9,N,nb22,645,-0.736,-1.464,2,1
30,4,21,9,N,nb23,645,1.233,1.464,2,1
30,4,21,9,N,nb24,645,-1.798,0.023,3,0
30,4,21,9,N,nb25,645,1.584,1.843,2,1
30,4,21,9,N,nb26,645,-1.865,-1.594,2,1
30,4,21,9,N,nb27,645,1.866,-0.779,2,1
30,4,21,9,N,nb28,645,-0.825,-1.617,2,1
30,4,21,9,N,nb29,645,-1.851,-0.138,1,1
30,4,21,9,A,aa0,645,0.913,0.879,0,0
30,4,21,9,A,aa1,645,0.884,1.507,1,0
30,4,21,9,A,aa2,645,-1.865,0.179,2,0
30,4,21,9,A,aa3,645,0.777,-0.072,0,0
30,4,21,9,A,aa4,645,-1.675,0.734,2,0
30,4,21,9,A,aa5,645,-1.304,-0.684,0,0
30,4,21,9,A,aa6,645,0.756,1.722,1,0
30,4,21,9,A,aa7,645,-1.836,-1.866,2,0
30,4,21,9,A,aa8,645,-1.253,0.976,0,0
30,4,21,9,N,nb0,650,-0.903,-1.428,3,1
30,4,21,9,N,nb1,650,1.083,1.569,1,0
30,4,21,9,N,nb2,650,-1.681,-0.5,1,1
30,4,21,9,N,nb3,650,1.866,-1.329,1,1
30,4,21,9,N,nb4,650,1.394,-1.236,1,1
30,4,21,9,N,nb5,650,-1.834,-1.427,1,1
30,4,21,9,N,nb6,650,-1.567,0.277,1,1
30,4,21,9,N,nb7,650,-0.815,-1.219,1,1
30,4,21,9,N,nb8,650,1.806,1.736,1,1
30,4,21,9,N,nb9,650,1.412,1.631,2,0
30,4,21,9,N,nb10,650,-0.269,1.282,0,0
30,4,21,9,N,nb11,650,-1.686,0.151,3,1
30,4,21,9,N,nb12,650,1.63,-0.73,1,1
30,4,21,9,N,nb13,650,1.63,-1.174,3,1
30,4,21,9,N,nb14,650,1.342,1.865,2,0
30,4,21,9,N,nb15,650,-0.968,1.827,0,0
30,4,21,9,N,nb16,650,-1.742,-0.656,1,1
30,4,21,9,N,nb17,650,1.865,-1.116,3,1
30,4,21,9,N,nb18,650,-1.631,-0.009,2,1
30,4,21,9,N,nb19,650,-1.701,-1.762,1,1
30,4,21,9,N,nb20,650,1.856,-0.949,2,1
30,4,21,9,N,nb21,650,1.613,-1.413,1,1
30,4,21,9,N,nb22,650,-0.736,-1.464,2,1
30,4,21,9,N,nb23,650,1.233,1.464,2,1
30,4,21,9,N,nb24,650,-1.798,0.023,3,1
30,4,21,9,N,nb25,650,1.584,1.843,2,1
30,4,21,9,N,nb26,650,-1.865,-1.594,2,1
30,4,21,9,N,nb27,650,1.866,-0.779,2,1
30,4,21,9,N,nb28,650,-0.825,-1.617,2,1
30,4,21,9,N,nb29,650,-1.851,-0.138,1,1
30,4,21,9,A,aa0,650,0.839,0.946,0,0
30,4,21,9,A,aa1,650,0.921,1.52,1,0
30,4,21,9,A,aa2,650,-1.865,0.179,2,0
30,4,21,9,A,aa3,650,0.847,-0.144,0,0
30,4,21,9,A,aa4,650,-1.762,0.685,2,0
30,4,21,9,A,aa5,650,-1.29,-0.585,2,0
30,4,21,9,A,aa6,650,0.843,1.749,3,1
30,4,21,9,A,aa7,650,-1.836,-1.866,2,0
30,4,21,9,A,aa8,650,-1.336,0.92,0,0
30,4,21,9,N,nb0,655,-0.903,-1.428,3,1
30,4,21,9,N,nb1,655,1.157,1.544,1,0
30,4,21,9,N,nb2,655,-1.681,-0.5,1,1
30,4,21,9,N,nb3,655,1.866,-1.329,1,1
30,4,21,9,N,nb4,655,1.394,-1.236,1,1
30,4,21,9,N,nb5,655,-1.834,-1.427,1,1
30,4,21,9,N,nb6,655,-1.567,0.277,1,1
30,4,21,9,N,nb7,655,-0.815,-1.219,1,1
30,4,21,9,N,nb8,655,1.806,1.736,1,1
30,4,21,9,N,nb9,655,1.382,1.69,1,0
30,4,21,9,N,nb10,655,-0.363,1.316,0,0
30,4,21,9,N,nb11,655,-1.686,0.151,3,1
30,4,21,9,N,nb12,655,1.63,-0.73,1,1
30,4,21,9,N,nb13,655,1.63,-1.174,3,1
30,4,21,9,N,nb14,655,1.272,1.865,1,0
30,4,21,9,N,nb15,655,-0.88,1.796,0,0
30,4,21,9,N,nb16,655,-1.742,-0.656,1,1
30,4,21,9,N,nb17,655,1.865,-1.116,3,1
30,4,21,9,N,nb18,655,-1.631,-0.009,2,1
30,4,21,9,N,nb19,655,-1.698,-1.76,1,1
30,4,21,9,N,nb20,655,1.856,-0.949,2,1
30,4,21,9,N,nb21,655,1.613,-1.413,1,0
30,4,21,9,N,nb22,655,-0.736,-1.464,2,1
30,4,21,9,N,nb23,655,1.297,1.449,1,1
30,4,21,9,N,nb24,655,-1.798,0.023,3,1
30,4,21,9,N,nb25,655,1.584,1.843,1,1
30,4,21,9,N,nb26,655,-1.865,-1.594,2,1
30,4,21,9,N,nb27,655,1.866,-0.779,2,1
30,4,21,9,N,nb28,655,-0.825,-1.617,2,1
30,4,21,9,N,nb29,655,-1.851,-0.138,1,1
30,4,21,9,A,aa0,655,0.821,0.961,0,0
30,4,21,9,A,aa1,655,0.991,1.511,0,0
30,4,21,9,A,aa2,655,-1.859,0.182,2,0
30,4,21,9,A,aa3,655,0.916,-0.217,0,0
30,4,21,9,A,aa4,655,-1.839,0.639,2,0
30,4,21,9,A,aa5,655,-1.276,-0.486,3,1
30,4,21,9,A,aa6,655,0.927,1.785,0,0
30,4,21,9,A,aa7,655,-1.832,-1.866,2,0
30,4,21,9,A,aa8,655,-1.419,0.865,0,0
30,4,21,9,N,nb0,660,-0.903,-1.428,3,1
30,4,21,9,N,nb1,660,1.247,1.519,1,0
30,4,21,9,N,nb2,660,-1.639,-0.503,1,0
30,4,21,9,N,nb3,660,1.866,-1.329,1,1
30,4,21,9,N,nb4,660,1.394,-1.236,1,1
30,4,21,9,N,nb5,660,-1.834,-1.427,1,1
30,4,21,9,N,nb6,660,-1.567,0.277,1,1
30,4,21,9,N,nb7,660,-0.815,-1.219,1,1
30,4,21,9,N,nb8,660,1.806,1.736,1,1
30,4,21,9,N,nb9,660,1.353,1.77,2,0
30,4,21,9,N,nb10,660,-0.457,1.35,0,0
30,4,21,9,N,nb11,660,-1.686,0.151,3,1
30,4,21,9,N,nb12,660,1.63,-0.73,1,1
30,4,21,9,N,nb13,660,1.63,-1.174,3,1
30,4,21,9,N,nb14,660,1.179,1.859,1,0
30,4,21,9,N,nb15,660,-0.794,1.758,0,0
30,4,21,9,N,nb16,660,-1.702,-0.659,1,0
30,4,21,9,N,nb17,660,1.865,-1.116,3,1
30,4,21,9,N,nb18,660,-1.646,-0.058,3,0
30,4,21,9,N,nb19,660,-1.694,-1.758,1,1
30,4,21,9,N,nb20,660,1.856,-0.949,2,1
30,4,21,9,N,nb21,660,1.613,-1.413,1,1
30,4,21,9,N,nb22,660,-0.736,-1.464,2,1
30,4,21,9,N,nb23,660,1.391,1.43,1,1
30,4,21,9,N,nb24,660,-1.798,0.023,3,1
30,4,21,9,N,nb25,660,1.584,1.843,2,1
30,4,21,9,N,nb26,660,-1.865,-1.594,2,1
30,4,21,9,N,nb27,660,1.866,-0.779,2,1
30,4,21,9,N,nb28,660,-0.825,-1.617,2,1
30,4,21,9,N,nb29,660,-1.851,-0.138,2,1
30,4,21,9,A,aa0,660,0.806,0.955,0,0
30,4,21,9,A,aa1,660,1.074,1.486,0,0
30,4,21,9,A,aa2,660,-1.853,0.184,2,0
30,4,21,9,A,aa3,660,0.985,-0.289,0,0
30,4,21,9,A,aa4,660,-1.841,0.637,2,0
30,4,21,9,A,aa5,660,-1.275,-0.483,0,0
30,4,21,9,A,aa6,660,1.012,1.813,0,0
30,4,21,9,A,aa7,660,-1.826,-1.866,2,0
30,4,21,9,A,aa8,660,-1.502,0.809,1,0
30,4,21,9,N,nb0,665,-0.903,-1.428,3,1
30,4,21,9,N,nb1,665,1.268,1.515,1,0
30,4,21,9,N,nb2,665,-1.559,-0.51,1,0
30,4,21,9,N,nb3,665,1.866,-1.329,1,1
30,4,21,9,N,nb4,665,1.394,-1.236,1,1
30,4,21,9,N,nb5,665,-1.834,-1.427,1,1
30,4,21,9,N,nb6,665,-1.567,0.277,1,1
30,4,21,9,N,nb7,665,-0.815,-1.219,1,1
30,4,21,9,N,nb8,665,1.806,1.736,1,1
30,4,21,9,N,nb9,665,1.348,1.79,2,0
30,4,21,9,N,nb10,665,-0.552,1.384,0,0
30,4,21,9,N,nb11,665,-1.686,0.151,2,1
30,4,21,9,N,nb12,665,1.63,-0.73,1,1
30,4,21,9,N,nb13,665,1.63,-1.174,3,1
30,4,21,9,N,nb14,665,1.176,1.859,1,0
30,4,21,9,N,nb15,665,-0.705,1.713,0,0
30,4,21,9,N,nb16,665,-1.625,-0.665,1,0
30,4,21,9,N,nb17,665,1.865,-1.116,3,1
30,4,21,9,N,nb18,665,-1.669,-0.148,2,0
30,4,21,9,N,nb19,665,-1.692,-1.755,1,1
30,4,21,9,N,nb20,665,1.856,-0.949,2,1
30,4,21,9,N,nb21,665,1.613,-1.413,1,1
30,4,21,9,N,nb22,665,-0.736,-1.464,2,1
30,4,21,9,N,nb23,665,1.413,1.427,1,1
30,4,21,9,N,nb24,665,-1.798,0.023,3,1
30,4,21,9,N,nb25,665,1.584,1.843,2,1
30,4,21,9,N,nb26,665,-1.865,-1.594,2,1
30,4,21,9,N,nb27,665,1.866,-0.779,2,1
30,4,21,9,N,nb28,665,-0.825,-1.617,2,1
30,4,21,9,N,nb29,665,-1.851,-0.138,2,1
30,4,21,9,A,aa0,665,0.714,0.915,0,0
30,4,21,9,A,aa1,665,1.109,1.454,3,1
30,4,21,9,A,aa2,665,-1.853,0.184,2,0
30,4,21,9,A,aa3,665,1.054,-0.361,0,0
30,4,21,9,A,aa4,665,-1.855,0.55,2,0
30,4,21,9,A,aa5,665,-1.325,-0.425,0,0
30,4,21,9,A,aa6,665,1.01,1.827,2,0
30,4,21,9,A,aa7,665,-1.822,-1.865,2,0
30,4,21,9,A,aa8,665,-1.585,0.753,1,0
30,4,21,9,N,nb0,670,-0.903,-1.428,3,1
30,4,21,9,N,nb1,670,1.326,1.503,1,0
30,4,21,9,N,nb2,670,-1.522,-0.513,1,1
30,4,21,9,N,nb3,670,1.866,-1.329,1,1
30,4,21,9,N,nb4,670,1.394,-1.236,1,1
30,4,21,9,N,nb5,670,-1.834,-1.427,1,1
30,4,21,9,N,nb6,670,-1.567,0.277,1,1
30,4,21,9,N,nb7,670,-0.815,-1.219,1,1
30,4,21,9,N,nb8,670,1.806,1.736,1,1
30,4,21,9,N,nb9,670,1.336,1.865,2,0
30,4,21,9,N,nb10,670,-0.644,1.418,0,0
30,4,21,9,N,nb11,670,-1.686,0.151,2,1
30,4,21,9,N,nb12,670,1.63,-0.73,1,1
30,4,21,9,N,nb13,670,1.63,-1.174,3,1
30,4,21,9,N,nb14,670,1.157,1.846,1,0
30,4,21,9,N,nb15,670,-0.617,1.668,0,0
30,4,21,9,N,nb16,670,-1.59,-0.667,1,1
30,4,21,9,N,nb17,670,1.865,-1.116,3,1
30,4,21,9,N,nb18,670,-1.677,-0.188,2,1
30,4,21,9,N,nb19,670,-1.686,-1.748,1,1
30,4,21,9,N,nb20,670,1.856,-0.949,2,1
30,4,21,9,N,nb21,670,1.613,-1.413,1,1
30,4,21,9,N,nb22,670,-0.736,-1.464,2,1
30,4,21,9,N,nb23,670,1.475,1.422,1,1
30,4,21,9,N,nb24,670,-1.798,0.023,3,1
30,4,21,9,N,nb25,670,1.584,1.843,2,1
30,4,21,9,N,nb26,670,-1.865,-1.594,2,1
30,4,21,9,N,nb27,670,1.866,-0.779,2,1
30,4,21,9,N,nb28,670,-0.825,-1.617,2,1
30,4,21,9,N,nb29,670,-1.851,-0.138,2,1
30,4,21,9,A,aa0,670,0.623,0.875,0,0
30,4,21,9,A,aa1,670,1.178,1.401,1,0
30,4,21,9,A,aa2,670,-1.853,0.184,2,0
30,4,21,9,A,aa3,670,1.123,-0.433,1,0
30,4,21,9,A,aa4,670,-1.858,0.458,2,0
30,4,21,9,A,aa5,670,-1.383,-0.353,3,1
30,4,21,9,A,aa6,670,0.989,1.821,0,0
30,4,21,9,A,aa7,670,-1.812,-1.863,2,0
30,4,21,9,A,aa8,670,-1.668,0.698,2,0
30,4,21,9,N,nb0,675,-0.903,-1.428,3,1
30,4,21,9,N,nb1,675,1.39,1.5,1,1
30,4,21,9,N,nb2,675,-1.475,-0.535,1,0
30,4,21,9,N,nb3,675,1.866,-1.329,1,1
30,4,21,9,N,nb4,675,1.394,-1.236,1,1
30,4,21,9,N,nb5,675,-1.834,-1.427,1,1
30,4,21,9,N,nb6,675,-1.567,0.277,1,1
30,4,21,9,N,nb7,675,-0.815,-1.219,1,1
30,4,21,9,N,nb8,675,1.806,1.736,1,1
30,4,21,9,N,nb9,675,1.333,1.865,1,1
30,4,21,9,N,nb10,675,-0.664,1.424,1,1
30,4,21,9,N,nb11,675,-1.669,0.132,2,0
30,4,21,9,N,nb12,675,1.63,-0.73,1,1
30,4,21,9,N,nb13,675,1.63,-1.174,3,1
30,4,21,9,N,nb14,675,1.126,1.821,1,1
30,4,21,9,N,nb15,675,-0.598,1.659,1,1
30,4,21,9,N,nb16,675,-1.59,-0.667,1,1
30,4,21,9,N,nb17,675,1.865,-1.116,3,1
30,4,21,9,N,nb18,675,-1.683,-0.241,1,0
30,4,21,9,N,nb19,675,-1.681,-1.741,1,1
30,4,21,9,N,nb20,675,1.856,-0.949,2,1
30,4,21,9,N,nb21,675,1.613,-1.413,1,1
30,4,21,9,N,nb22,675,-0.736,-1.464,2,1
30,4,21,9,N,nb23,675,1.539,1.42,1,1
30,4,21,9,N,nb24,675,-1.797,0.02,2,0
30,4,21,9,N,nb25,675,1.584,1.843,1,1
30,4,21,9,N,nb26,675,-1.865,-1.594,2,1
30,4,21,9,N,nb27,675,1.866,-0.779,2,1
30,4,21,9,N,nb28,675,-0.825,-1.617,2,1
30,4,21,9,N,nb29,675,-1.85,-0.141,2,1
30,4,21,9,A,aa0,675,0.531,0.835,0,0
30,4,21,9,A,aa1,675,1.244,1.337,1,0
30,4,21,9,A,aa2,675,-1.829,0.187,1,0
30,4,21,9,A,aa3,675,1.193,-0.505,1,0
30,4,21,9,A,aa4,675,-1.851,0.366,1,0
30,4,21,9,A,aa5,675,-1.433,-0.273,1,0
30,4,21,9,A,aa6,675,0.957,1.8,0,0
30,4,21,9,A,aa7,675,-1.802,-1.86,2,0
30,4,21,9,A,aa8,675,-1.751,0.642,1,0
30,4,21,9,N,nb0,680,-0.903,-1.428,3,1
30,4,21,9,N,nb1,680,1.407,1.501,1,0
30,4,21,9,N,nb2,680,-1.386,-0.567,1,0
30,4,21,9,N,nb3,680,1.866,-1.329,1,1
30,4,21,9,N,nb4,680,1.394,-1.236,1,1
30,4,21,9,N,nb5,680,-1.834,-1.427,1,0
30,4,21,9,N,nb6,680,-1.567,0.277,1,0
30,4,21,9,N,nb7,680,-0.815,-1.219,1,1
30,4,21,9,N,nb8,680,1.806,1.736,1,1
30,4,21,9,N,nb9,680,1.334,1.865,1,0
30,4,21,9,N,nb10,680,-0.664,1.424,1,1
30,4,21,9,N,nb11,680,-1.632,0.048,2,0
30,4,21,9,N,nb12,680,1.63,-0.73,1,1
30,4,21,9,N,nb13,680,1.63,-1.174,3,1
30,4,21,9,N,nb14,680,1.128,1.814,1,0
30,4,21,9,N,nb15,680,-0.598,1.659,1,1
30,4,21,9,N,nb16,680,-1.59,-0.667,1,0
30,4,21,9,N,nb17,680,1.865,-1.116,3,1
30,4,21,9,N,nb18,680,-1.69,-0.337,1,0
30,4,21,9,N,nb19,680,-1.677,-1.733,1,1
30,4,21,9,N,nb20,680,1.856,-0.949,2,1
30,4,21,9,N,nb21,680,1.613,-1.413,1,1
30,4,21,9,N,nb22,680,-0.736,-1.464,2,1
30,4,21,9,N,nb23,680,1.556,1.412,1,0
30,4,21,9,N,nb24,680,-1.777,-0.044,2,0
30,4,21,9,N,nb25,680,1.584,1.843,1,1
30,4,21,9,N,nb26,680,-1.865,-1.594,2,1
30,4,21,9,N,nb27,680,1.866,-0.779,2,1
30,4,21,9,N,nb28,680,-0.825,-1.617,2,1
30,4,21,9,N,nb29,680,-1.845,-0.2,2,0
30,4,21,9,A,aa0,680,0.439,0.796,0,0
30,4,21,9,A,aa1,680,1.304,1.265,0,0
30,4,21,9,A,aa2,680,-1.782,0.128,1,0
30,4,21,9,A,aa3,680,1.262,-0.578,1,0
30,4,21,9,A,aa4,680,-1.836,0.289,1,0
30,4,21,9,A,aa5,680,-1.475,-0.192,3,1
30,4,21,9,A,aa6,680,0.961,1.787,0,0
30,4,21,9,A,aa7,680,-1.793,-1.857,2,0
30,4,21,9,A,aa8,680,-1.824,0.589,1,0
30,4,21,9,N,nb0,685,-0.903,-1.428,3,1
30,4,21,9,N,nb1,685,1.494,1.515,1,0
30,4,21,9,N,nb2,685,-1.346,-0.579,1,0
30,4,21,9,N,nb3,685,1.866,-1.329,1,1
30,4,21,9,N,nb4,685,1.394,-1.236,1,1
30,4,21,9,N,nb5,685,-1.834,-1.427,1,1
30,4,21,9,N,nb6,685,-1.524,0.223,1,0
30,4,21,9,N,nb7,685,-0.815,-1.219,1,1
30,4,21,9,N,nb8,685,1.806,1.736,1,1
30,4,21,9,N,nb9,685,1.351,1.865,2,0
30,4,21,9,N,nb10,685,-0.664,1.424,1,1
30,4,21,9,N,nb11,685,-1.595,0.007,2,0
30,4,21,9,N,nb12,685,1.63,-0.73,1,1
30,4,21,9,N,nb13,685,1.63,-1.174,3,1
30,4,21,9,N,nb14,685,1.13,1.771,1,0
30,4,21,9,N,nb15,685,-0.598,1.659,1,1
30,4,21,9,N,nb16,685,-1.525,-0.656,1,0
30,4,21,9,N,nb17,685,1.865,-1.116,3,1
30,4,21,9,N,nb18,685,-1.692,-0.378,1,0
30,4,21,9,N,nb19,685,-1.673,-1.725,1,1
30,4,21,9,N,nb20,685,1.856,-0.949,2,1
30,4,21,9,N,nb21,685,1.613,-1.413,1,1
30,4,21,9,N,nb22,685,-0.736,-1.464,2,1
30,4,21,9,N,nb23,685,1.641,1.362,1,0
30,4,21,9,N,nb24,685,-1.763,-0.116,2,0
30,4,21,9,N,nb25,685,1.584,1.843,2,1
30,4,21,9,N,nb26,685,-1.865,-1.594,2,1
30,4,21,9,N,nb27,685,1.866,-0.779,2,1
30,4,21,9,N,nb28,685,-0.825,-1.617,2,1
30,4,21,9,N,nb29,685,-1.865,-0.28,2,0
30,4,21,9,A,aa0,685,0.347,0.756,0,0
30,4,21,9,A,aa1,685,1.362,1.185,0,0
30,4,21,9,A,aa2,685,-1.739,0.098,1,0
30,4,21,9,A,aa3,685,1.331,-0.65,2,0
30,4,21,9,A,aa4,685,-1.821,0.246,0,0
30,4,21,9,A,aa5,685,-1.493,-0.128,3,1
30,4,21,9,A,aa6,685,0.963,1.743,0,0
30,4,21,9,A,aa7,685,-1.783,-1.854,2,0
30,4,21,9,A,aa8,685,-1.866,0.528,0,0
30,4,21,9,N,nb0,690,-0.903,-1.428,3,1
30,4,21,9,N,nb1,690,1.58,1.542,0,0
30,4,21,9,N,nb2,690,-1.274,-0.599,1,0
30,4,21,9,N,nb3,690,1.866,-1.329,1,1
30,4,21,9,N,nb4,690,1.421,-1.22,1,0
30,4,21,9,N,nb5,690,-1.834,-1.427,1,1
30,4,21,9,N,nb6,690,-1.459,0.159,1,0
30,4,21,9,N,nb7,690,-0.815,-1.219,1,1
30,4,21,9,N,nb8,690,1.806,1.736,1,1
30,4,21,9,N,nb9,690,1.378,1.865,1,1
30,4,21,9,N,nb10,690,-0.664,1.424,1,1
30,4,21,9,N,nb11,690,-1.562,-0.012,1,0
30,4,21,9,N,nb12,690,1.659,-0.714,1,0
30,4,21,9,N,nb13,690,1.655,-1.195,3,0
30,4,21,9,N,nb14,690,1.131,1.716,0,0
30,4,21,9,N,nb15,690,-0.598,1.659,1,1
30,4,21,9,N,nb16,690,-1.439,-0.657,1,0
30,4,21,9,N,nb17,690,1.865,-1.116,3,0
30,4,21,9,N,nb18,690,-1.691,-0.451,1,0
30,4,21,9,N,nb19,690,-1.67,-1.717,1,1
30,4,21,9,N,nb20,690,1.858,-0.949,2,0
30,4,21,9,N,nb21,690,1.613,-1.413,1,1
30,4,21,9,N,nb22,690,-0.736,-1.464,2,1
30,4,21,9,N,nb23,690,1.726,1.311,0,0
30,4,21,9,N,nb24,690,-1.749,-0.185,1,0
30,4,21,9,N,nb25,690,1.584,1.843,2,1
30,4,21,9,N,nb26,690,-1.865,-1.594,2,1
30,4,21,9,N,nb27,690,1.866,-0.779,2,0
30,4,21,9,N,nb28,690,-0.825,-1.617,2,1
30,4,21,9,N,nb29,690,-1.865,-0.362,2,0
30,4,21,9,A,aa0,690,0.256,0.716,0,0
30,4,21,9,A,aa1,690,1.42,1.104,0,0
30,4,21,9,A,aa2,690,-1.701,0.086,0,0
30,4,21,9,A,aa3,690,1.397,-0.719,0,0
30,4,21,9,A,aa4,690,-1.791,0.229,0,0
30,4,21,9,A,aa5,690,-1.463,-0.151,0,0
30,4,21,9,A,aa6,690,0.964,1.685,0,0
30,4,21,9,A,aa7,690,-1.773,-1.852,2,0
30,4,21,9,A,aa8,690,-1.866,0.459,0,0
30,4,21,9,N,nb0,695,-0.903,-1.428,3,1
30,4,21,9,N,nb1,695,1.635,1.565,1,1
30,4,21,9,N,nb2,695,-1.179,-0.621,1,0
30,4,21,9,N,nb3,695,1.866,-1.329,2,1
30,4,21,9,N,nb4,695,1.492,-1.167,1,0
30,4,21,9,N,nb5,695,-1.834,-1.427,1,1
30,4,21,9,N,nb6,695,-1.442,0.145,1,1
30,4,21,9,N,nb7,695,-0.815,-1.219,1,1
30,4,21,9,N,nb8,695,1.806,1.736,2,1
30,4,21,9,N,nb9,695,1.378,1.865,1,1
30,4,21,9,N,nb10,695,-0.664,1.424,1,1
30,4,21,9,N,nb11,695,-1.567,-0.07,1,0
30,4,21,9,N,nb12,695,1.732,-0.662,1,0
30,4,21,9,N,nb13,695,1.72,-1.243,4,0
30,4,21,9,N,nb14,695,1.132,1.649,0,0
30,4,21,9,N,nb15,695,-0.598,1.659,1,1
30,4,21,9,N,nb16,695,-1.419,-0.66,1,1
30,4,21,9,N,nb17,695,1.865,-1.116,3,1
30,4,21,9,N,nb18,695,-1.685,-0.546,1,0
30,4,21,9,N,nb19,695,-1.668,-1.708,1,1
30,4,21,9,N,nb20,695,1.865,-0.949,2,0
30,4,21,9,N,nb21,695,1.613,-1.413,1,1
30,4,21,9,N,nb22,695,-0.736,-1.464,2,1
30,4,21,9,N,nb23,695,1.806,1.26,0,0
30,4,21,9,N,nb24,695,-1.722,-0.269,1,0
30,4,21,9,N,nb25,695,1.584,1.843,2,1
30,4,21,9,N,nb26,695,-1.865,-1.594,2,0
30,4,21,9,N,nb27,695,1.866,-0.779,2,1
30,4,21,9,N,nb28,695,-0.825,-1.617,2,1
30,4,21,9,N,nb29,695,-1.865,-0.382,2,1
30,4,21,9,A,aa0,695,0.164,0.676,0,0
30,4,21,9,A,aa1,695,1.478,1.023,1,0
30,4,21,9,A,aa2,695,-1.678,0.073,2,0
30,4,21,9,A,aa3,695,1.457,-0.795,2,0
30,4,21,9,A,aa4,695,-1.791,0.2,2,0
30,4,21,9,A,aa5,695,-1.432,-0.171,2,0
30,4,21,9,A,aa6,695,0.966,1.617,0,0
30,4,21,9,A,aa7,695,-1.763,-1.849,2,0
30,4,21,9,A,aa8,695,-1.866,0.442,1,0
30,4,21,9,N,nb0,700,-0.903,-1.428,3,1
30,4,21,9,N,nb1,700,1.635,1.565,1,1
30,4,21,9,N,nb2,700,-1.082,-0.641,0,0
30,4,21,9,N,nb3,700,1.866,-1.329,2,1
30,4,21,9,N,nb4,700,1.532,-1.127,1,1
30,4,21,9,N,nb5,700,-1.834,-1.427,1,1
30,4,21,9,N,nb6,700,-1.442,0.145,0,0
30,4,21,9,N,nb7,700,-0.815,-1.219,1,1
30,4,21,9,N,nb8,700,1.806,1.736,2,1
30,4,21,9,N,nb9,700,1.378,1.865,1,1
30,4,21,9,N,nb10,700,-0.664,1.424,1,1
30,4,21,9,N,nb11,700,-1.571,-0.087,1,0
30,4,21,9,N,nb12,700,1.776,-0.624,1,1
30,4,21,9,N,nb13,700,1.726,-1.234,4,1
30,4,21,9,N,nb14,700,1.134,1.574,0,0
30,4,21,9,N,nb15,700,-0.598,1.659,1,1
30,4,21,9,N,nb16,700,-1.419,-0.66,0,0
30,4,21,9,N,nb17,700,1.865,-1.117,3,1
30,4,21,9,N,nb18,700,-1.673,-0.64,0,0
30,4,21,9,N,nb19,700,-1.667,-1.7,1,1
30,4,21,9,N,nb20,700,1.865,-0.949,2,1
30,4,21,9,N,nb21,700,1.613,-1.413,1,1
30,4,21,9,N,nb22,700,-0.736,-1.464,2,1
30,4,21,9,N,nb23,700,1.865,1.204,0,0
30,4,21,9,N,nb24,700,-1.714,-0.289,2,0
30,4,21,9,N,nb25,700,1.584,1.843,2,1
30,4,21,9,N,nb26,700,-1.865,-1.594,2,1
30,4,21,9,N,nb27,700,1.866,-0.779,2,1
30,4,21,9,N,nb28,700,-0.825,-1.617,2,1
30,4,21,9,N,nb29,700,-1.865,-0.382,1,0
30,4,21,9,A,aa0,700,0.072,0.636,0,0
30,4,21,9,A,aa1,700,1.536,0.941,0,0
30,4,21,9,A,aa2,700,-1.646,0.072,4,1
30,4,21,9,A,aa3,700,1.519,-0.874,5,1
30,4,21,9,A,aa4,700,-1.771,0.185,3,1
30,4,21,9,A,aa5,700,-1.401,-0.104,4,1
30,4,21,9,A,aa6,700,0.968,1.539,0,0
30,4,21,9,A,aa7,700,-1.756,-1.845,2,0
30,4,21,9,A,aa8,700,-1.852,0.387,1,0
30,4,21,9,N,nb0,705,-0.903,-1.428,3,1
30,4,21,9,N,nb1,705,1.635,1.565,1,1
30,4,21,9,N,nb2,705,-0.984,-0.66,0,0
30,4,21,9,N,nb3,705,1.866,-1.329,2,1
30,4,21,9,N,nb4,705,1.564,-1.099,1,0
30,4,21,9,N,nb5,705,-1.834,-1.427,1,1
30,4,21,9,N,nb6,705,-1.381,0.122,0,0
30,4,21,9,N,nb7,705,-0.815,-1.219,1,1
30,4,21,9,N,nb8,705,1.806,1.736,2,1
30,4,21,9,N,nb9,705,1.378,1.865,1,1
30,4,21,9,N,nb10,705,-0.664,1.424,1,1
30,4,21,9,N,nb11,705,-1.578,-0.179,1,0
30,4,21,9,N,nb12,705,1.813,-0.586,1,0
30,4,21,9,N,nb13,705,1.731,-1.226,4,0
30,4,21,9,N,nb14,705,1.135,1.492,0,0
30,4,21,9,N,nb15,705,-0.598,1.659,1,1
30,4,21,9,N,nb16,705,-1.324,-0.676,0,0
30,4,21,9,N,nb17,705,1.865,-1.112,3,0
30,4,21,9,N,nb18,705,-1.669,-0.736,0,0
30,4,21,9,N,nb19,705,-1.667,-1.694,1,1
30,4,21,9,N,nb20,705,1.865,-0.945,2,0
30,4,21,9,N,nb21,705,1.613,-1.413,1,1
30,4,21,9,N,nb22,705,-0.736,-1.464,2,1
30,4,21,9,N,nb23,705,1.865,1.141,0,0
30,4,21,9,N,nb24,705,-1.673,-0.369,2,0
30,4,21,9,N,nb25,705,1.584,1.843,2,1
30,4,21,9,N,nb26,705,-1.865,-1.594,2,1
30,4,21,9,N,nb27,705,1.866,-0.772,2,0
30,4,21,9,N,nb28,705,-0.825,-1.617,2,1
30,4,21,9,N,nb29,705,-1.865,-0.467,1,0
30,4,21,9,A,aa0,705,-0.02,0.597,0,0
30,4,21,9,A,aa1,705,1.595,0.86,0,0
30,4,21,9,A,aa2,705,-1.582,0.086,0,0
30,4,21,9,A,aa3,705,1.577,-0.931,0,0
30,4,21,9,A,aa4,705,-1.713,0.193,0,0
30,4,21,9,A,aa5,705,-1.364,-0.047,0,0
30,4,21,9,A,aa6,705,0.97,1.455,1,0
30,4,21,9,A,aa7,705,-1.755,-1.839,2,0
30,4,21,9,A,aa8,705,-1.817,0.348,0,0
30,4,21,9,N,nb0,710,-0.903,-1.428,3,1
30,4,21,9,N,nb1,710,1.635,1.565,1,1
30,4,21,9,N,nb2,710,-0.886,-0.68,0,0
30,4,21,9,N,nb3,710,1.866,-1.33,2,1
30,4,21,9,N,nb4,710,1.628,-1.091,2,0
30,4,21,9,N,nb5,710,-1.834,-1.427,1,1
30,4,21,9,N,nb6,710,-1.321,0.141,0,0
30,4,21,9,N,nb7,710,-0.815,-1.219,1,1
30,4,21,9,N,nb8,710,1.806,1.736,2,1
30,4,21,9,N,nb9,710,1.378,1.865,1,1
30,4,21,9,N,nb10,710,-0.664,1.424,1,1
30,4,21,9,N,nb11,710,-1.582,-0.265,1,1
30,4,21,9,N,nb12,710,1.866,-0.517,1,0
30,4,21,9,N,nb13,710,1.739,-1.218,4,0
30,4,21,9,N,nb14,710,1.136,1.406,0,0
30,4,21,9,N,nb15,710,-0.598,1.659,1,1
30,4,21,9,N,nb16,710,-1.226,-0.693,0,0
30,4,21,9,N,nb17,710,1.861,-1.1,4,0
30,4,21,9,N,nb18,710,-1.666,-0.836,0,0
30,4,21,9,N,nb19,710,-1.667,-1.691,1,1
30,4,21,9,N,nb20,710,1.864,-0.932,2,0
30,4,21,9,N,nb21,710,1.613,-1.413,1,1
30,4,21,9,N,nb22,710,-0.736,-1.464,2,1
30,4,21,9,N,nb23,710,1.865,1.068,0,0
30,4,21,9,N,nb24,710,-1.624,-0.454,1,1
30,4,21,9,N,nb25,710,1.584,1.843,2,1
30,4,21,9,N,nb26,710,-1.865,-1.594,2,1
30,4,21,9,N,nb27,710,1.866,-0.749,2,0
30,4,21,9,N,nb28,710,-0.825,-1.617,2,1
30,4,21,9,N,nb29,710,-1.865,-0.557,0,0
30,4,21,9,A,aa0,710,-0.059,0.579,0,0
30,4,21,9,A,aa1,710,1.653,0.779,0,0
30,4,21,9,A,aa2,710,-1.502,0.069,0,0
30,4,21,9,A,aa3,710,1.634,-0.922,0,0
30,4,21,9,A,aa4,710,-1.632,0.177,0,0
30,4,21,9,A,aa5,710,-1.307,-0.028,0,0
30,4,21,9,A,aa6,710,0.972,1.366,0,0
30,4,21,9,A,aa7,710,-1.769,-1.827,2,0
30,4,21,9,A,aa8,710,-1.754,0.294,0,0
30,4,21,9,N,nb0,715,-0.903,-1.428,3,1
30,4,21,9,N,nb1,715,1.635,1.565,1,1
30,4,21,9,N,nb2,715,-0.788,-0.699,0,0
30,4,21,9,N,nb3,715,1.866,-1.33,2,1
30,4,21,9,N,nb4,715,1.654,-1.066,2,0
30,4,21,9,N,nb5,715,-1.834,-1.427,1,1
30,4,21,9,N,nb6,715,-1.251,0.163,0,0
30,4,21,9,N,nb7,715,-0.815,-1.219,1,1
30,4,21,9,N,nb8,715,1.806,1.736,2,1
30,4,21,9,N,nb9,715,1.378,1.865,1,1
30,4,21,9,N,nb10,715,-0.664,1.424,1,1
30,4,21,9,N,nb11,715,-1.582,-0.267,1,1
30,4,21,9,N,nb12,715,1.866,-0.487,1,0
30,4,21,9,N,nb13,715,1.741,-1.216,4,1
30,4,21,9,N,nb14,715,1.138,1.316,0,0
30,4,21,9,N,nb15,715,-0.598,1.659,1,1
30,4,21,9,N,nb16,715,-1.127,-0.709,0,0
30,4,21,9,N,nb17,715,1.857,-1.092,4,0
30,4,21,9,N,nb18,715,-1.663,-0.936,0,0
30,4,21,9,N,nb19,715,-1.667,-1.691,1,1
30,4,21,9,N,nb20,715,1.863,-0.924,2,0
30,4,21,9,N,nb21,715,1.613,-1.413,1,1
30,4,21,9,N,nb22,715,-0.736,-1.464,2,1
30,4,21,9,N,nb23,715,1.865,0.988,0,0
30,4,21,9,N,nb24,715,-1.622,-0.457,1,1
30,4,21,9,N,nb25,715,1.584,1.843,2,1
30,4,21,9,N,nb26,715,-1.865,-1.594,2,1
30,4,21,9,N,nb27,715,1.866,-0.735,2,0
30,4,21,9,N,nb28,715,-0.825,-1.617,2,1
30,4,21,9,N,nb29,715,-1.863,-0.65,0,0
30,4,21,9,A,aa0,715,-0.071,0.545,0,0
30,4,21,9,A,aa1,715,1.711,0.698,0,0
30,4,21,9,A,aa2,715,-1.409,0.049,1,0
30,4,21,9,A,aa3,715,1.684,-0.9,5,1
30,4,21,9,A,aa4,715,-1.549,0.144,1,0
30,4,21,9,A,aa5,715,-1.241,-0.007,2,0
30,4,21,9,A,aa6,715,0.974,1.274,0,0
30,4,21,9,A,aa7,715,-1.804,-1.792,2,0
30,4,21,9,A,aa8,715,-1.681,0.252,1,0
30,4,21,9,N,nb0,720,-0.903,-1.428,3,1
30,4,21,9,N,nb1,720,1.635,1.565,1,1
30,4,21,9,N,nb2,720,-0.69,-0.719,0,0
30,4,21,9,N,nb3,720,1.866,-1.33,1,1
30,4,21,9,N,nb4,720,1.676,-1.042,3,0
30,4,21,9,N,nb5,720,-1.834,-1.427,1,1
30,4,21,9,N,nb6,720,-1.166,0.163,0,0
30,4,21,9,N,nb7,720,-0.815,-1.219,1,1
30,4,21,9,N,nb8,720,1.806,1.736,2,1
30,4,21,9,N,nb9,720,1.378,1.865,1,1
30,4,21,9,N,nb10,720,-0.664,1.424,1,1
30,4,21,9,N,nb11,720,-1.582,-0.267,1,1
30,4,21,9,N,nb12,720,1.866,-0.43,0,0
30,4,21,9,N,nb13,720,1.741,-1.216,4,1
30,4,21,9,N,nb14,720,1.143,1.225,0,0
30,4,21,9,N,nb15,720,-0.598,1.659,1,1
30,4,21,9,N,nb16,720,-1.028,-0.726,0,0
30,4,21,9,N,nb17,720,1.85,-1.061,3,0
30,4,21,9,N,nb18,720,-1.66,-1.036,0,0
30,4,21,9,N,nb19,720,-1.666,-1.691,1,1
30,4,21,9,N,nb20,720,1.865,-0.893,3,0
30,4,21,9,N,nb21,720,1.613,-1.413,1,1
30,4,21,9,N,nb22,720,-0.736,-1.464,2,1
30,4,21,9,N,nb23,720,1.865,0.902,0,0
30,4,21,9,N,nb24,720,-1.622,-0.457,1,1
30,4,21,9,N,nb25,720,1.584,1.843,2,1
30,4,21,9,N,nb26,720,-1.865,-1.594,2,1
30,4,21,9,N,nb27,720,1.866,-0.704,1,0
30,4,21,9,N,nb28,720,-0.825,-1.617,2,1
30,4,21,9,N,nb29,720,-1.852,-0.742,0,0
30,4,21,9,A,aa0,720,-0.101,0.449,0,0
30,4,21,9,A,aa1,720,1.77,0.616,0,0
30,4,21,9,A,aa2,720,-1.319,0.038,1,0
30,4,21,9,A,aa3,720,1.698,-0.875,0,0
30,4,21,9,A,aa4,720,-1.469,0.117,1,0
30,4,21,9,A,aa5,720,-1.156,-0.007,1,0
30,4,21,9,A,aa6,720,0.977,1.181,0,0
30,4,21,9,A,aa7,720,-1.822,-1.757,2,0
30,4,21,9,A,aa8,720,-1.6,0.225,1,0
30,4,21,9,N,nb0,725,-0.903,-1.428,3,1
30,4,21,9,N,nb1,725,1.635,1.565,1,1
30,4,21,9,N,nb2,725,-0.592,-0.738,0,0
30,4,21,9,N,nb3,725,1.866,-1.33,1,1
30,4,21,9,N,nb4,725,1.679,-1.005,3,0
30,4,21,9,N,nb5,725,-1.834,-1.427,1,1
30,4,21,9,N,nb6,725,-1.075,0.153,0,0
30,4,21,9,N,nb7,725,-0.815,-1.219,1,1
30,4,21,9,N,nb8,725,1.806,1.736,2,1
30,4,21,9,N,nb9,725,1.378,1.865,1,1
30,4,21,9,N,nb10,725,-0.664,1.424,1,1
30,4,21,9,N,nb11,725,-1.582,-0.267,1,1
30,4,21,9,N,nb12,725,1.866,-0.349,0,0
30,4,21,9,N,nb13,725,1.741,-1.216,4,1
30,4,21,9,N,nb14,725,1.159,1.134,0,0
30,4,21,9,N,nb15,725,-0.598,1.659,1,1
30,4,21,9,N,nb16,725,-0.93,-0.743,0,0
30,4,21,9,N,nb17,725,1.848,-1.021,3,0
30,4,21,9,N,nb18,725,-1.658,-1.136,0,0
30,4,21,9,N,nb19,725,-1.666,-1.691,1,1
30,4,21,9,N,nb20,725,1.865,-0.855,3,0
30,4,21,9,N,nb21,725,1.613,-1.413,1,1
30,4,21,9,N,nb22,725,-0.736,-1.464,2,1
30,4,21,9,N,nb23,725,1.865,0.812,0,0
30,4,21,9,N,nb24,725,-1.622,-0.457,1,1
30,4,21,9,N,nb25,725,1.584,1.843,2,1
30,4,21,9,N,nb26,725,-1.865,-1.594,2,1
30,4,21,9,N,nb27,725,1.866,-0.652,1,0
30,4,21,9,N,nb28,725,-0.825,-1.617,2,1
30,4,21,9,N,nb29,725,-1.832,-0.833,0,0
30,4,21,9,A,aa0,725,-0.131,0.354,0,0
30,4,21,9,A,aa1,725,1.817,0.541,0,0
30,4,21,9,A,aa2,725,-1.224,0.054,1,0
30,4,21,9,A,aa3,725,1.698,-0.837,0,0
30,4,21,9,A,aa4,725,-1.391,0.079,1,0
30,4,21,9,A,aa5,725,-1.066,-0.016,1,0
30,4,21,9,A,aa6,725,0.977,1.141,0,0
30,4,21,9,A,aa7,725,-1.822,-1.757,2,0
30,4,21,9,A,aa8,725,-1.514,0.213,1,0
30,4,21,9,N,nb0,730,-0.903,-1.428,3,1
30,4,21,9,N,nb1,730,1.635,1.565,1,1
30,4,21,9,N,nb2,730,-0.494,-0.758,0,0
30,4,21,9,N,nb3,730,1.866,-1.33,1,1
30,4,21,9,N,nb4,730,1.677,-0.996,3,0
30,4,21,9,N,nb5,730,-1.834,-1.427,1,1
30,4,21,9,N,nb6,730,-0.98,0.149,0,0
30,4,21,9,N,nb7,730,-0.815,-1.219,1,1
30,4,21,9,N,nb8,730,1.806,1.736,2,1
30,4,21,9,N,nb9,730,1.378,1.865,1,1
30,4,21,9,N,nb10,730,-0.664,1.424,1,1
30,4,21,9,N,nb11,730,-1.582,-0.267,1,1
30,4,21,9,N,nb12,730,1.866,-0.262,0,0
30,4,21,9,N,nb13,730,1.741,-1.216,4,1
30,4,21,9,N,nb14,730,1.184,1.044,0,0
30,4,21,9,N,nb15,730,-0.598,1.659,1,1
30,4,21,9,N,nb16,730,-0.831,-0.76,0,0
30,4,21,9,N,nb17,730,1.845,-1.012,3,0
30,4,21,9,N,nb18,730,-1.655,-1.236,0,0
30,4,21,9,N,nb19,730,-1.666,-1.691,1,1
30,4,21,9,N,nb20,730,1.865,-0.846,3,0
30,4,21,9,N,nb21,730,1.613,-1.413,1,1
30,4,21,9,N,nb22,730,-0.736,-1.464,2,1
30,4,21,9,N,nb23,730,1.865,0.72,0,0
30,4,21,9,N,nb24,730,-1.622,-0.457,1,1
30,4,21,9,N,nb25,730,1.584,1.843,2,1
30,4,21,9,N,nb26,730,-1.865,-1.594,2,1
30,4,21,9,N,nb27,730,1.866,-0.638,1,0
30,4,21,9,N,nb28,730,-0.825,-1.617,2,1
30,4,21,9,N,nb29,730,-1.803,-0.922,0,0
30,4,21,9,A,aa0,730,-0.16,0.258,0,0
30,4,21,9,A,aa1,730,1.835,0.506,0,0
30,4,21,9,A,aa2,730,-1.169,0.128,0,0
30,4,21,9,A,aa3,730,1.698,-0.828,4,1
30,4,21,9,A,aa4,730,-1.316,0.029,1,0
30,4,21,9,A,aa5,730,-0.975,-0.021,0,0
30,4,21,9,A,aa6,730,0.977,1.141,0,0
30,4,21,9,A,aa7,730,-1.823,-1.758,1,0
30,4,21,9,A,aa8,730,-1.425,0.217,1,0
30,4,21,9,N,nb0,735,-0.903,-1.428,3,1
30,4,21,9,N,nb1,735,1.635,1.565,1,1
30,4,21,9,N,nb2,735,-0.396,-0.777,0,0
30,4,21,9,N,nb3,735,1.866,-1.33,1,1
30,4,21,9,N,nb4,735,1.668,-0.946,2,0
30,4,21,9,N,nb5,735,-1.834,-1.427,2,1
30,4,21,9,N,nb6,735,-0.887,0.152,0,0
30,4,21,9,N,nb7,735,-0.815,-1.219,1,1
30,4,21,9,N,nb8,735,1.806,1.736,2,1
30,4,21,9,N,nb9,735,1.378,1.865,1,1
30,4,21,9,N,nb10,735,-0.664,1.424,1,1
30,4,21,9,N,nb11,735,-1.582,-0.267,1,1
30,4,21,9,N,nb12,735,1.866,-0.172,0,0
30,4,21,9,N,nb13,735,1.741,-1.216,2,1
30,4,21,9,N,nb14,735,1.217,0.953,0,0
30,4,21,9,N,nb15,735,-0.598,1.659,1,1
30,4,21,9,N,nb16,735,-0.733,-0.777,0,0
30,4,21,9,N,nb17,735,1.836,-0.965,2,0
30,4,21,9,N,nb18,735,-1.654,-1.257,1,1
30,4,21,9,N,nb19,735,-1.666,-1.691,1,0
30,4,21,9,N,nb20,735,1.866,-0.8,3,0
30,4,21,9,N,nb21,735,1.613,-1.413,1,1
30,4,21,9,N,nb22,735,-0.736,-1.464,2,1
30,4,21,9,N,nb23,735,1.856,0.629,0,0
30,4,21,9,N,nb24,735,-1.622,-0.457,1,1
30,4,21,9,N,nb25,735,1.584,1.843,2,1
30,4,21,9,N,nb26,735,-1.865,-1.594,2,0
30,4,21,9,N,nb27,735,1.866,-0.577,1,0
30,4,21,9,N,nb28,735,-0.825,-1.617,2,1
30,4,21,9,N,nb29,735,-1.766,-1.008,0,0
30,4,21,9,A,aa0,735,-0.19,0.163,0,0
30,4,21,9,A,aa1,735,1.865,0.447,0,0
30,4,21,9,A,aa2,735,-1.143,0.222,0,0
30,4,21,9,A,aa3,735,1.698,-0.779,0,0
30,4,21,9,A,aa4,735,-1.246,-0.033,2,0
30,4,21,9,A,aa5,735,-0.886,-0.017,0,0
30,4,21,9,A,aa6,735,1.049,1.101,0,0
30,4,21,9,A,aa7,735,-1.841,-1.761,2,0
30,4,21,9,A,aa8,735,-1.338,0.234,1,0
30,4,21,9,N,nb0,740,-0.903,-1.428,3,0
30,4,21,9,N,nb1,740,1.635,1.565,1,1
30,4,21,9,N,nb2,740,-0.298,-0.797,0,0
30,4,21,9,N,nb3,740,1.866,-1.33,1,1
30,4,21,9,N,nb4,740,1.652,-0.876,1,1
30,4,21,9,N,nb5,740,-1.834,-1.427,3,1
30,4,21,9,N,nb6,740,-0.795,0.165,0,0
30,4,21,9,N,nb7,740,-0.815,-1.219,1,0
30,4,21,9,N,nb8,740,1.806,1.736,2,1
30,4,21,9,N,nb9,740,1.378,1.865,1,1
30,4,21,9,N,nb10,740,-0.664,1.424,1,1
30,4,21,9,N,nb11,740,-1.582,-0.267,1,0
30,4,21,9,N,nb12,740,1.865,-0.08,0,0
30,4,21,9,N,nb13,740,1.741,-1.216,2,1
30,4,21,9,N,nb14,740,1.253,0.861,0,0
30,4,21,9,N,nb15,740,-0.598,1.659,1,1
30,4,21,9,N,nb16,740,-0.634,-0.793,0,0
30,4,21,9,N,nb17,740,1.82,-0.899,2,1
30,4,21,9,N,nb18,740,-1.654,-1.257,2,1
30,4,21,9,N,nb19,740,-1.68,-1.603,2,0
30,4,21,9,N,nb20,740,1.865,-0.737,2,1
30,4,21,9,N,nb21,740,1.613,-1.413,1,1
30,4,21,9,N,nb22,740,-0.736,-1.464,2,1
30,4,21,9,N,nb23,740,1.835,0.542,0,0
30,4,21,9,N,nb24,740,-1.622,-0.457,1,0
30,4,21,9,N,nb25,740,1.584,1.843,2,1
30,4,21,9,N,nb26,740,-1.865,-1.63,2,0
30,4,21,9,N,nb27,740,1.866,-0.504,1,1
30,4,21,9,N,nb28,740,-0.825,-1.617,2,1
30,4,21,9,N,nb29,740,-1.749,-1.043,1,1
30,4,21,9,A,aa0,740,-0.22,0.068,0,0
30,4,21,9,A,aa1,740,1.865,0.375,0,0
30,4,21,9,A,aa2,740,-1.103,0.308,0,0
30,4,21,9,A,aa3,740,1.698,-0.714,0,0
30,4,21,9,A,aa4,740,-1.174,-0.102,2,0
30,4,21,9,A,aa5,740,-0.796,-0.005,0,0
30,4,21,9,A,aa6,740,1.131,1.072,0,0
30,4,21,9,A,aa7,740,-1.826,-1.795,0,0
30,4,21,9,A,aa8,740,-1.268,0.268,0,0
30,4,21,9,N,nb0,745,-0.903,-1.428,3,1
30,4,21,9,N,nb1,745,1.635,1.565,1,1
30,4,21,9,N,nb2,745,-0.199,-0.816,0,0
30,4,21,9,N,nb3,745,1.866,-1.33,1,1
30,4,21,9,N,nb4,745,1.648,-0.861,1,0
30,4,21,9,N,nb5,745,-1.834,-1.427,2,1
30,4,21,9,N,nb6,745,-0.705,0.187,0,0
30,4,21,9,N,nb7,745,-0.815,-1.219,1,1
30,4,21,9,N,nb8,745,1.806,1.736,2,0
30,4,21,9,N,nb9,745,1.378,1.865,1,1
30,4,21,9,N,nb10,745,-0.664,1.424,1,1
30,4,21,9,N,nb11,745,-1.582,-0.267,1,1
30,4,21,9,N,nb12,745,1.855,0.012,0,0
30,4,21,9,N,nb13,745,1.741,-1.216,2,1
30,4,21,9,N,nb14,745,1.292,0.769,0,0
30,4,21,9,N,nb15,745,-0.598,1.659,1,1
30,4,21,9,N,nb16,745,-0.536,-0.81,0,0
30,4,21,9,N,nb17,745,1.815,-0.889,2,0
30,4,21,9,N,nb18,745,-1.654,-1.257,2,1
30,4,21,9,N,nb19,745,-1.684,-1.512,1,1
30,4,21,9,N,nb20,745,1.865,-0.728,2,0
30,4,21,9,N,nb21,745,1.613,-1.413,1,1
30,4,21,9,N,nb22,745,-0.736,-1.464,2,1
30,4,21,9,N,nb23,745,1.802,0.459,0,0
30,4,21,9,N,nb24,745,-1.622,-0.457,1,1
30,4,21,9,N,nb25,745,1.584,1.843,2,1
30,4,21,9,N,nb26,745,-1.865,-1.698,0,0
30,4,21,9,N,nb27,745,1.866,-0.49,1,0
30,4,21,9,N,nb28,745,-0.825,-1.617,2,1
30,4,21,9,N,nb29,745,-1.749,-1.043,1,1
30,4,21,9,A,aa0,745,-0.25,-0.028,0,0
30,4,21,9,A,aa1,745,1.865,0.297,0,0
30,4,21,9,A,aa2,745,-1.055,0.395,0,0
30,4,21,9,A,aa3,745,1.699,-0.698,0,0
30,4,21,9,A,aa4,745,-1.102,-0.172,2,0
30,4,21,9,A,aa5,745,-0.706,0.009,0,0
30,4,21,9,A,aa6,745,1.222,1.055,0,0
30,4,21,9,A,aa7,745,-1.845,-1.866,0,0
30,4,21,9,A,aa8,745,-1.205,0.316,0,0
30,4,21,9,N,nb0,750,-0.903,-1.428,3,1
30,4,21,9,N,nb1,750,1.635,1.565,1,1
30,4,21,9,N,nb2,750,-0.101,-0.836,0,0
30,4,21,9,N,nb3,750,1.866,-1.33,1,1
30,4,21,9,N,nb4,750,1.627,-0.8,1,0
30,4,21,9,N,nb5,750,-1.834,-1.427,2,1
30,4,21,9,N,nb6,750,-0.616,0.217,0,0
30,4,21,9,N,nb7,750,-0.815,-1.219,1,1
30,4,21,9,N,nb8,750,1.806,1.736,2,1
30,4,21,9,N,nb9,750,1.378,1.865,1,0
30,4,21,9,N,nb10,750,-0.664,1.424,1,1
30,4,21,9,N,nb11,750,-1.582,-0.267,1,1
30,4,21,9,N,nb12,750,1.842,0.079,0,0
30,4,21,9,N,nb13,750,1.741,-1.216,2,1
30,4,21,9,N,nb14,750,1.33,0.677,0,0
30,4,21,9,N,nb15,750,-0.598,1.659,1,1
30,4,21,9,N,nb16,750,-0.437,-0.827,0,0
30,4,21,9,N,nb17,750,1.792,-0.842,2,0
30,4,21,9,N,nb18,750,-1.654,-1.257,2,1
30,4,21,9,N,nb19,750,-1.684,-1.509,1,1
30,4,21,9,N,nb20,750,1.865,-0.69,1,0
30,4,21,9,N,nb21,750,1.613,-1.413,1,1
30,4,21,9,N,nb22,750,-0.736,-1.464,2,1
30,4,21,9,N,nb23,750,1.756,0.382,0,0
30,4,21,9,N,nb24,750,-1.622,-0.457,1,1
30,4,21,9,N,nb25,750,1.584,1.843,2,1
30,4,21,9,N,nb26,750,-1.864,-1.697,0,0
30,4,21,9,N,nb27,750,1.866,-0.408,0,0
30,4,21,9,N,nb28,750,-0.825,-1.617,2,1
30,4,21,9,N,nb29,750,-1.749,-1.043,1,1
30,4,21,9,A,aa0,750,-0.28,-0.123,0,0
30,4,21,9,A,aa1,750,1.865,0.244,0,0
30,4,21,9,A,aa2,750,-1.012,0.483,0,0
30,4,21,9,A,aa3,750,1.702,-0.647,0,0
30,4,21,9,A,aa4,750,-1.03,-0.241,1,0
30,4,21,9,A,aa5,750,-0.614,0.013,0,0
30,4,21,9,A,aa6,750,1.321,1.042,0,0
30,4,21,9,A,aa7,750,-1.865,-1.866,0,0
30,4,21,9,A,aa8,750,-1.146,0.377,0,0
30,4,21,9,N,nb0,755,-0.903,-1.428,3,1
30,4,21,9,N,nb1,755,1.635,1.565,1,1
30,4,21,9,N,nb2,755,-0.003,-0.855,0,0
30,4,21,9,N,nb3,755,1.866,-1.33,1,1
30,4,21,9,N,nb4,755,1.612,-0.726,1,1
30,4,21,9,N,nb5,755,-1.834,-1.427,2,1
30,4,21,9,N,nb6,755,-0.53,0.255,0,0
30,4,21,9,N,nb7,755,-0.815,-1.219,1,1
30,4,21,9,N,nb8,755,1.806,1.736,2,1
30,4,21,9,N,nb9,755,1.378,1.865,1,1
30,4,21,9,N,nb10,755,-0.664,1.424,1,1
30,4,21,9,N,nb11,755,-1.582,-0.267,1,1
30,4,21,9,N,nb12,755,1.84,0.073,0,0
30,4,21,9,N,nb13,755,1.741,-1.216,2,1
30,4,21,9,N,nb14,755,1.368,0.584,0,0
30,4,21,9,N,nb15,755,-0.598,1.659,1,1
30,4,21,9,N,nb16,755,-0.338,-0.844,0,0
30,4,21,9,N,nb17,755,1.771,-0.802,2,1
30,4,21,9,N,nb18,755,-1.654,-1.257,2,1
30,4,21,9,N,nb19,755,-1.684,-1.509,1,1
30,4,21,9,N,nb20,755,1.865,-0.663,1,1
30,4,21,9,N,nb21,755,1.613,-1.413,1,1
30,4,21,9,N,nb22,755,-0.736,-1.464,2,1
30,4,21,9,N,nb23,755,1.699,0.31,0,0
30,4,21,9,N,nb24,755,-1.622,-0.457,1,1
30,4,21,9,N,nb25,755,1.584,1.843,2,1
30,4,21,9,N,nb26,755,-1.863,-1.697,0,0
30,4,21,9,N,nb27,755,1.866,-0.322,0,0
30,4,21,9,N,nb28,755,-0.825,-1.617,2,1
30,4,21,9,N,nb29,755,-1.749,-1.043,1,1
30,4,21,9,A,aa0,755,-0.31,-0.219,0,0
30,4,21,9,A,aa1,755,1.864,0.239,0,0
30,4,21,9,A,aa2,755,-0.966,0.57,0,0
30,4,21,9,A,aa3,755,1.725,-0.564,0,0
30,4,21,9,A,aa4,755,-0.958,-0.311,0,0
30,4,21,9,A,aa5,755,-0.556,0.009,0,0
30,4,21,9,A,aa6,755,1.325,1.042,0,0
30,4,21,9,A,aa7,755,-1.865,-1.866,0,0
30,4,21,9,A,aa8,755,-1.099,0.448,0,0
30,4,21,9,N,nb0,760,-0.903,-1.428,3,1
30,4,21,9,N,nb1,760,1.635,1.565,1,1
30,4,21,9,N,nb2,760,0.095,-0.875,0,0
30,4,21,9,N,nb3,760,1.866,-1.33,1,1
30,4,21,9,N,nb4,760,1.602,-0.692,1,0
30,4,21,9,N,nb5,760,-1.834,-1.427,2,1
30,4,21,9,N,nb6,760,-0.443,0.301,0,0
30,4,21,9,N,nb7,760,-0.815,-1.219,1,1
30,4,21,9,N,nb8,760,1.806,1.736,2,1
30,4,21,9,N,nb9,760,1.378,1.865,1,1
30,4,21,9,N,nb10,760,-0.664,1.424,1,1
30,4,21,9,N,nb11,760,-1.582,-0.267,1,1
30,4,21,9,N,nb12,760,1.826,0.062,0,0
30,4,21,9,N,nb13,760,1.741,-1.216,2,1
30,4,21,9,N,nb14,760,1.407,0.492,0,0
30,4,21,9,N,nb15,760,-0.598,1.659,1,1
30,4,21,9,N,nb16,760,-0.24,-0.861,0,0
30,4,21,9,N,nb17,760,1.759,-0.793,2,0
30,4,21,9,N,nb18,760,-1.654,-1.257,2,1
30,4,21,9,N,nb19,760,-1.684,-1.509,1,1
30,4,21,9,N,nb20,760,1.861,-0.66,1,0
30,4,21,9,N,nb21,760,1.613,-1.413,1,1
30,4,21,9,N,nb22,760,-0.736,-1.464,2,1
30,4,21,9,N,nb23,760,1.633,0.243,0,0
30,4,21,9,N,nb24,760,-1.622,-0.457,1,1
30,4,21,9,N,nb25,760,1.584,1.843,2,1
30,4,21,9,N,nb26,760,-1.861,-1.697,0,0
30,4,21,9,N,nb27,760,1.866,-0.232,0,0
30,4,21,9,N,nb28,760,-0.825,-1.617,2,1
30,4,21,9,N,nb29,760,-1.749,-1.043,1,1
30,4,21,9,A,aa0,760,-0.34,-0.314,0,0
30,4,21,9,A,aa1,760,1.854,0.227,0,0
30,4,21,9,A,aa2,760,-0.918,0.656,0,0
30,4,21,9,A,aa3,760,1.763,-0.476,0,0
30,4,21,9,A,aa4,760,-0.887,-0.381,0,0
30,4,21,9,A,aa5,760,-0.556,0.009,0,0
30,4,21,9,A,aa6,760,1.382,1.092,1,0
30,4,21,9,A,aa7,760,-1.865,-1.866,0,0
30,4,21,9,A,aa8,760,-1.068,0.529,0,0
30,4,21,9,N,nb0,765,-0.903,-1.428,3,1
30,4,21,9,N,nb1,765,1.635,1.565,1,1
30,4,21,9,N,nb2,765,0.193,-0.894,0,0
30,4,21,9,N,nb3,765,1.866,-1.33,1,1
30,4,21,9,N,nb4,765,1.573,-0.6,1,0
30,4,21,9,N,nb5,765,-1.834,-1.427,2,1
30,4,21,9,N,nb6,765,-0.355,0.349,0,0
30,4,21,9,N,nb7,765,-0.815,-1.219,1,1
30,4,21,9,N,nb8,765,1.806,1.736,2,1
30,4,21,9,N,nb9,765,1.378,1.865,1,1
30,4,21,9,N,nb10,765,-0.664,1.424,1,1
30,4,21,9,N,nb11,765,-1.582,-0.267,1,1
30,4,21,9,N,nb12,765,1.808,0.045,1,1
30,4,21,9,N,nb13,765,1.741,-1.216,2,1
30,4,21,9,N,nb14,765,1.444,0.402,0,0
30,4,21,9,N,nb15,765,-0.598,1.659,1,1
30,4,21,9,N,nb16,765,-0.141,-0.877,0,0
30,4,21,9,N,nb17,765,1.732,-0.773,2,0
30,4,21,9,N,nb18,765,-1.654,-1.257,2,1
30,4,21,9,N,nb19,765,-1.684,-1.509,1,1
30,4,21,9,N,nb20,765,1.843,-0.647,1,0
30,4,21,9,N,nb21,765,1.613,-1.413,1,1
30,4,21,9,N,nb22,765,-0.736,-1.464,2,1
30,4,21,9,N,nb23,765,1.561,0.179,0,0
30,4,21,9,N,nb24,765,-1.622,-0.457,1,1
30,4,21,9,N,nb25,765,1.584,1.843,2,1
30,4,21,9,N,nb26,765,-1.851,-1.697,0,0
30,4,21,9,N,nb27,765,1.866,-0.174,1,1
30,4,21,9,N,nb28,765,-0.825,-1.617,2,1
30,4,21,9,N,nb29,765,-1.749,-1.043,1,1
30,4,21,9,A,aa0,765,-0.37,-0.41,0,0
30,4,21,9,A,aa1,765,1.845,0.208,1,0
30,4,21,9,A,aa2,765,-0.887,0.709,0,0
30,4,21,9,A,aa3,765,1.793,-0.388,1,0
30,4,21,9,A,aa4,765,-0.815,-0.45,0,0
30,4,21,9,A,aa5,765,-0.535,0.044,0,0
30,4,21,9,A,aa6,765,1.457,1.158,1,0
30,4,21,9,A,aa7,765,-1.865,-1.866,0,0
30,4,21,9,A,aa8,765,-1.051,0.615,0,0
30,4,21,9,N,nb0,770,-0.903,-1.428,3,1
30,4,21,9,N,nb1,770,1.635,1.565,1,1
30,4,21,9,N,nb2,770,0.291,-0.913,0,0
30,4,21,9,N,nb3,770,1.866,-1.33,1,1
30,4,21,9,N,nb4,770,1.539,-0.507,0,0
30,4,21,9,N,nb5,770,-1.834,-1.427,2,1
30,4,21,9,N,nb6,770,-0.267,0.396,0,0
30,4,21,9,N,nb7,770,-0.815,-1.219,1,1
30,4,21,9,N,nb8,770,1.806,1.736,2,1
30,4,21,9,N,nb9,770,1.378,1.865,1,1
30,4,21,9,N,nb10,770,-0.664,1.424,1,1
30,4,21,9,N,nb11,770,-1.582,-0.267,1,1
30,4,21,9,N,nb12,770,1.8,0.023,1,0
30,4,21,9,N,nb13,770,1.741,-1.216,2,1
30,4,21,9,N,nb14,770,1.451,0.384,1,0
30,4,21,9,N,nb15,770,-0.598,1.659,1,1
30,4,21,9,N,nb16,770,-0.043,-0.894,0,0
30,4,21,9,N,nb17,770,1.717,-0.762,1,1
30,4,21,9,N,nb18,770,-1.654,-1.257,2,1
30,4,21,9,N,nb19,770,-1.684,-1.509,2,1
30,4,21,9,N,nb20,770,1.826,-0.634,1,1
30,4,21,9,N,nb21,770,1.613,-1.413,1,1
30,4,21,9,N,nb22,770,-0.736,-1.464,2,0
30,4,21,9,N,nb23,770,1.545,0.166,1,0
30,4,21,9,N,nb24,770,-1.622,-0.457,1,1
30,4,21,9,N,nb25,770,1.584,1.843,2,1
30,4,21,9,N,nb26,770,-1.846,-1.698,1,1
30,4,21,9,N,nb27,770,1.865,-0.158,1,1
30,4,21,9,N,nb28,770,-0.825,-1.617,2,0
30,4,21,9,N,nb29,770,-1.749,-1.043,1,1
30,4,21,9,A,aa0,770,-0.4,-0.505,0,0
30,4,21,9,A,aa1,770,1.85,0.183,3,1
30,4,21,9,A,aa2,770,-0.887,0.763,0,0
30,4,21,9,A,aa3,770,1.81,-0.318,3,1
30,4,21,9,A,aa4,770,-0.743,-0.52,0,0
30,4,21,9,A,aa5,770,-0.541,0.06,0,0
30,4,21,9,A,aa6,770,1.532,1.224,1,0
30,4,21,9,A,aa7,770,-1.865,-1.866,1,0
30,4,21,9,A,aa8,770,-1.048,0.705,0,0
30,4,21,9,N,nb0,775,-0.903,-1.428,3,1
30,4,21,9,N,nb1,775,1.635,1.565,1,1
30,4,21,9,N,nb2,775,0.389,-0.933,0,0
30,4,21,9,N,nb3,775,1.866,-1.33,1,1
30,4,21,9,N,nb4,775,1.505,-0.413,0,0
30,4,21,9,N,nb5,775,-1.834,-1.427,2,1
30,4,21,9,N,nb6,775,-0.179,0.444,0,0
30,4,21,9,N,nb7,775,-0.815,-1.219,1,1
30,4,21,9,N,nb8,775,1.806,1.736,2,1
30,4,21,9,N,nb9,775,1.378,1.865,1,1
30,4,21,9,N,nb10,775,-0.664,1.424,1,1
30,4,21,9,N,nb11,775,-1.582,-0.267,1,1
30,4,21,9,N,nb12,775,1.749,0.044,1,0
30,4,21,9,N,nb13,775,1.741,-1.216,2,1
30,4,21,9,N,nb14,775,1.47,0.304,1,0
30,4,21,9,N,nb15,775,-0.598,1.659,1,1
30,4,21,9,N,nb16,775,0.056,-0.911,0,0
30,4,21,9,N,nb17,775,1.717,-0.762,1,1
30,4,21,9,N,nb18,775,-1.654,-1.257,2,1
30,4,21,9,N,nb19,775,-1.684,-1.509,2,0
30,4,21,9,N,nb20,775,1.827,-0.635,1,0
30,4,21,9,N,nb21,775,1.613,-1.413,1,1
30,4,21,9,N,nb22,775,-0.736,-1.464,2,1
30,4,21,9,N,nb23,775,1.478,0.103,1,0
30,4,21,9,N,nb24,775,-1.622,-0.457,1,1
30,4,21,9,N,nb25,775,1.584,1.843,2,1
30,4,21,9,N,nb26,775,-1.846,-1.698,1,1
30,4,21,9,N,nb27,775,1.861,-0.086,1,0
30,4,21,9,N,nb28,775,-0.825,-1.617,2,1
30,4,21,9,N,nb29,775,-1.749,-1.043,1,1
30,4,21,9,A,aa0,775,-0.43,-0.599,0,0
30,4,21,9,A,aa1,775,1.809,0.2,0,0
30,4,21,9,A,aa2,775,-0.882,0.857,0,0
30,4,21,9,A,aa3,775,1.813,-0.252,0,0
30,4,21,9,A,aa4,775,-0.673,-0.588,0,0
30,4,21,9,A,aa5,775,-0.573,0.154,0,0
30,4,21,9,A,aa6,775,1.607,1.291,2,0
30,4,21,9,A,aa7,775,-1.865,-1.866,1,0
30,4,21,9,A,aa8,775,-1.058,0.795,0,0
30,4,21,9,N,nb0,780,-0.903,-1.428,3,1
30,4,21,9,N,nb1,780,1.635,1.565,1,1
30,4,21,9,N,nb2,780,0.487,-0.952,0,0
30,4,21,9,N,nb3,780,1.866,-1.33,1,1
30,4,21,9,N,nb4,780,1.47,-0.319,0,0
30,4,21,9,N,nb5,780,-1.834,-1.427,2,1
30,4,21,9,N,nb6,780,-0.091,0.491,0,0
30,4,21,9,N,nb7,780,-0.815,-1.219,1,1
30,4,21,9,N,nb8,780,1.806,1.736,2,1
30,4,21,9,N,nb9,780,1.378,1.865,1,1
30,4,21,9,N,nb10,780,-0.664,1.424,1,1
30,4,21,9,N,nb11,780,-1.582,-0.267,1,1
30,4,21,9,N,nb12,780,1.686,0.103,2,1
30,4,21,9,N,nb13,780,1.741,-1.216,2,1
30,4,21,9,N,nb14,780,1.491,0.221,2,1
30,4,21,9,N,nb15,780,-0.598,1.659,1,1
30,4,21,9,N,nb16,780,0.154,-0.928,0,0
30,4,21,9,N,nb17,780,1.717,-0.762,1,1
30,4,21,9,N,nb18,780,-1.654,-1.257,2,1
30,4,21,9,N,nb19,780,-1.684,-1.509,2,1
30,4,21,9,N,nb20,780,1.819,-0.629,1,0
30,4,21,9,N,nb21,780,1.613,-1.413,1,1
30,4,21,9,N,nb22,780,-0.736,-1.464,2,1
30,4,21,9,N,nb23,780,1.411,0.032,1,1
30,4,21,9,N,nb24,780,-1.622,-0.457,1,1
30,4,21,9,N,nb25,780,1.584,1.843,2,1
30,4,21,9,N,nb26,780,-1.846,-1.698,1,1
30,4,21,9,N,nb27,780,1.851,0.009,1,0
30,4,21,9,N,nb28,780,-0.825,-1.617,2,1
30,4,21,9,N,nb29,780,-1.749,-1.043,1,1
30,4,21,9,A,aa0,780,-0.45,-0.688,0,0
30,4,21,9,A,aa1,780,1.76,0.254,0,0
30,4,21,9,A,aa2,780,-0.869,0.95,1,0
30,4,21,9,A,aa3,780,1.797,-0.165,0,0
30,4,21,9,A,aa4,780,-0.616,-0.655,1,0
30,4,21,9,A,aa5,780,-0.605,0.249,0,0
30,4,21,9,A,aa6,780,1.678,1.349,2,0
30,4,21,9,A,aa7,780,-1.865,-1.866,1,0
30,4,21,9,A,aa8,780,-1.079,0.884,0,0
30,4,21,9,N,nb0,785,-0.903,-1.428,3,1
30,4,21,9,N,nb1,785,1.635,1.565,1,0
30,4,21,9,N,nb2,785,0.585,-0.972,0,0
30,4,21,9,N,nb3,785,1.866,-1.33,1,1
30,4,21,9,N,nb4,785,1.436,-0.225,0,0
30,4,21,9,N,nb5,785,-1.834,-1.427,2,1
30,4,21,9,N,nb6,785,-0.003,0.539,0,0
30,4,21,9,N,nb7,785,-0.815,-1.219,1,1
30,4,21,9,N,nb8,785,1.806,1.736,2,1
30,4,21,9,N,nb9,785,1.378,1.865,1,1
30,4,21,9,N,nb10,785,-0.664,1.424,1,1
30,4,21,9,N,nb11,785,-1.582,-0.267,1,1
30,4,21,9,N,nb12,785,1.668,0.093,2,0
30,4,21,9,N,nb13,785,1.741,-1.216,2,1
30,4,21,9,N,nb14,785,1.492,0.218,2,0
30,4,21,9,N,nb15,785,-0.598,1.659,1,1
30,4,21,9,N,nb16,785,0.253,-0.945,0,0
30,4,21,9,N,nb17,785,1.717,-0.762,1,1
30,4,21,9,N,nb18,785,-1.654,-1.257,2,1
30,4,21,9,N,nb19,785,-1.684,-1.509,2,1
30,4,21,9,N,nb20,785,1.81,-0.622,1,0
30,4,21,9,N,nb21,785,1.613,-1.413,1,1
30,4,21,9,N,nb22,785,-0.736,-1.464,2,1
30,4,21,9,N,nb23,785,1.409,0.03,1,0
30,4,21,9,N,nb24,785,-1.622,-0.457,1,1
30,4,21,9,N,nb25,785,1.584,1.843,2,1
30,4,21,9,N,nb26,785,-1.846,-1.698,1,1
30,4,21,9,N,nb27,785,1.844,0.06,1,0
30,4,21,9,N,nb28,785,-0.825,-1.617,2,1
30,4,21,9,N,nb29,785,-1.749,-1.043,1,1
30,4,21,9,A,aa0,785,-0.432,-0.773,1,0
30,4,21,9,A,aa1,785,1.755,0.235,3,1
30,4,21,9,A,aa2,785,-0.865,0.971,1,0
30,4,21,9,A,aa3,785,1.767,-0.091,4,1
30,4,21,9,A,aa4,785,-0.597,-0.736,1,0
30,4,21,9,A,aa5,785,-0.638,0.344,0,0
30,4,21,9,A,aa6,785,1.68,1.35,2,0
30,4,21,9,A,aa7,785,-1.865,-1.866,1,0
30,4,21,9,A,aa8,785,-1.111,0.971,0,0
30,4,21,9,N,nb0,790,-0.903,-1.428,3,1
30,4,21,9,N,nb1,790,1.636,1.57,1,1
30,4,21,9,N,nb2,790,0.683,-0.991,0,0
30,4,21,9,N,nb3,790,1.866,-1.33,1,1
30,4,21,9,N,nb4,790,1.416,-0.18,1,0
30,4,21,9,N,nb5,790,-1.834,-1.427,2,1
30,4,21,9,N,nb6,790,0.085,0.587,0,0
30,4,21,9,N,nb7,790,-0.815,-1.219,1,1
30,4,21,9,N,nb8,790,1.806,1.736,2,1
30,4,21,9,N,nb9,790,1.378,1.865,1,1
30,4,21,9,N,nb10,790,-0.664,1.424,1,1
30,4,21,9,N,nb11,790,-1.582,-0.267,1,1
30,4,21,9,N,nb12,790,1.615,0.105,2,0
30,4,21,9,N,nb13,790,1.741,-1.216,2,1
30,4,21,9,N,nb14,790,1.482,0.208,1,0
30,4,21,9,N,nb15,790,-0.598,1.659,1,1
30,4,21,9,N,nb16,790,0.352,-0.961,0,0
30,4,21,9,N,nb17,790,1.717,-0.762,1,1
30,4,21,9,N,nb18,790,-1.654,-1.257,2,1
30,4,21,9,N,nb19,790,-1.684,-1.509,2,1
30,4,21,9,N,nb20,790,1.779,-0.606,1,0
30,4,21,9,N,nb21,790,1.613,-1.413,1,1
30,4,21,9,N,nb22,790,-0.736,-1.464,2,1
30,4,21,9,N,nb23,790,1.36,-0.021,1,0
30,4,21,9,N,nb24,790,-1.622,-0.457,1,1
30,4,21,9,N,nb25,790,1.584,1.843,2,0
30,4,21,9,N,nb26,790,-1.846,-1.698,1,1
30,4,21,9,N,nb27,790,1.837,0.136,1,0
30,4,21,9,N,nb28,790,-0.825,-1.617,2,1
30,4,21,9,N,nb29,790,-1.749,-1.043,1,1
30,4,21,9,A,aa0,790,-0.414,-0.863,1,0
30,4,21,9,A,aa1,790,1.704,0.247,0,0
30,4,21,9,A,aa2,790,-0.865,0.971,1,0
30,4,21,9,A,aa3,790,1.725,-0.024,0,0
30,4,21,9,A,aa4,790,-0.578,-0.821,1,0
30,4,21,9,A,aa5,790,-0.67,0.438,0,0
30,4,21,9,A,aa6,790,1.691,1.411,2,0
30,4,21,9,A,aa7,790,-1.865,-1.866,1,0
30,4,21,9,A,aa8,790,-1.152,1.059,0,0
30,4,21,9,N,nb0,795,-0.903,-1.428,3,1
30,4,21,9,N,nb1,795,1.638,1.607,2,1
30,4,21,9,N,nb2,795,0.781,-1.011,0,0
30,4,21,9,N,nb3,795,1.866,-1.33,1,1
30,4,21,9,N,nb4,795,1.365,-0.172,1,0
30,4,21,9,N,nb5,795,-1.834,-1.427,2,1
30,4,21,9,N,nb6,795,0.173,0.634,0,0
30,4,21,9,N,nb7,795,-0.815,-1.219,1,1
30,4,21,9,N,nb8,795,1.806,1.736,2,1
30,4,21,9,N,nb9,795,1.378,1.865,1,1
30,4,21,9,N,nb10,795,-0.664,1.424,1,1
30,4,21,9,N,nb11,795,-1.582,-0.267,1,1
30,4,21,9,N,nb12,795,1.547,0.091,1,0
30,4,21,9,N,nb13,795,1.741,-1.216,2,1
30,4,21,9,N,nb14,795,1.417,0.198,2,0
30,4,21,9,N,nb15,795,-0.598,1.659,1,1
30,4,21,9,N,nb16,795,0.45,-0.978,0,0
30,4,21,9,N,nb17,795,1.717,-0.762,1,1
30,4,21,9,N,nb18,795,-1.654,-1.257,2,1
30,4,21,9,N,nb19,795,-1.684,-1.509,2,1
30,4,21,9,N,nb20,795,1.699,-0.593,1,0
30,4,21,9,N,nb21,795,1.613,-1.413,1,1
30,4,21,9,N,nb22,795,-0.736,-1.464,2,1
30,4,21,9,N,nb23,795,1.3,-0.016,2,0
30,4,21,9,N,nb24,795,-1.622,-0.457,1,1
30,4,21,9,N,nb25,795,1.584,1.843,3,1
30,4,21,9,N,nb26,795,-1.846,-1.698,1,1
30,4,21,9,N,nb27,795,1.837,0.226,0,0
30,4,21,9,N,nb28,795,-0.825,-1.617,2,1
30,4,21,9,N,nb29,795,-1.749,-1.043,1,1
30,4,21,9,A,aa0,795,-0.397,-0.956,1,0
30,4,21,9,A,aa1,795,1.635,0.234,0,0
30,4,21,9,A,aa2,795,-0.902,0.974,1,0
30,4,21,9,A,aa3,795,1.714,-0.008,0,0
30,4,21,9,A,aa4,795,-0.562,-0.894,2,0
30,4,21,9,A,aa5,795,-0.702,0.533,0,0
30,4,21,9,A,aa6,795,1.717,1.458,2,0
30,4,21,9,A,aa7,795,-1.865,-1.866,1,0
30,4,21,9,A,aa8,795,-1.196,1.149,1,0
30,4,21,9,N,nb0,800,-0.903,-1.428,3,1
30,4,21,9,N,nb1,800,1.634,1.629,2,1
30,4,21,9,N,nb2,800,0.88,-1.03,0,0
30,4,21,9,N,nb3,800,1.866,-1.33,1,0
30,4,21,9,N,nb4,800,1.34,-0.154,1,1
30,4,21,9,N,nb5,800,-1.834,-1.427,2,1
30,4,21,9,N,nb6,800,0.261,0.682,0,0
30,4,21,9,N,nb7,800,-0.815,-1.219,1,1
30,4,21,9,N,nb8,800,1.806,1.736,2,1
30,4,21,9,N,nb9,800,1.378,1.865,1,1
30,4,21,9,N,nb10,800,-0.664,1.424,1,1
30,4,21,9,N,nb11,800,-1.582,-0.267,1,1
30,4,21,9,N,nb12,800,1.521,0.069,1,1
30,4,21,9,N,nb13,800,1.741,-1.216,2,1
30,4,21,9,N,nb14,800,1.402,0.188,2,1
30,4,21,9,N,nb15,800,-0.598,1.659,1,1
30,4,21,9,N,nb16,800,0.549,-0.995,0,0
30,4,21,9,N,nb17,800,1.717,-0.762,1,1
30,4,21,9,N,nb18,800,-1.654,-1.257,2,1
30,4,21,9,N,nb19,800,-1.684,-1.509,2,1
30,4,21,9,N,nb20,800,1.678,-0.591,1,1
30,4,21,9,N,nb21,800,1.613,-1.413,1,1
30,4,21,9,N,nb22,800,-0.736,-1.464,2,1
30,4,21,9,N,nb23,800,1.267,-0.002,2,1
30,4,21,9,N,nb24,800,-1.622,-0.457,1,1
30,4,21,9,N,nb25,800,1.584,1.843,3,1
30,4,21,9,N,nb26,800,-1.846,-1.698,1,1
30,4,21,9,N,nb27,800,1.837,0.318,0,0
30,4,21,9,N,nb28,800,-0.825,-1.617,2,1
30,4,21,9,N,nb29,800,-1.749,-1.043,1,1
30,4,21,9,A,aa0,800,-0.381,-1.05,2,0
30,4,21,9,A,aa1,800,1.582,0.225,2,0
30,4,21,9,A,aa2,800,-1.002,0.98,1,0
30,4,21,9,A,aa3,800,1.714,-0.008,3,1
30,4,21,9,A,aa4,800,-0.562,-0.894,2,0
30,4,21,9,A,aa5,800,-0.735,0.627,0,0
30,4,21,9,A,aa6,800,1.763,1.519,2,0
30,4,21,9,A,aa7,800,-1.865,-1.866,1,0
30,4,21,9,A,aa8,800,-1.24,1.239,0,0
30,4,21,9,N,nb0,805,-0.903,-1.428,3,1
30,4,21,9,N,nb1,805,1.634,1.631,2,0
30,4,21,9,N,nb2,805,0.978,-1.05,0,0
30,4,21,9,N,nb3,805,1.866,-1.33,1,1
30,4,21,9,N,nb4,805,1.332,-0.152,1,0
30,4,21,9,N,nb5,805,-1.834,-1.427,2,1
30,4,21,9,N,nb6,805,0.349,0.729,0,0
30,4,21,9,N,nb7,805,-0.815,-1.219,1,1
30,4,21,9,N,nb8,805,1.813,1.748,2,0
30,4,21,9,N,nb9,805,1.378,1.865,1,1
30,4,21,9,N,nb10,805,-0.664,1.424,1,1
30,4,21,9,N,nb11,805,-1.582,-0.267,1,1
30,4,21,9,N,nb12,805,1.487,0.076,2,0
30,4,21,9,N,nb13,805,1.741,-1.216,2,1
30,4,21,9,N,nb14,805,1.368,0.196,2,1
30,4,21,9,N,nb15,805,-0.598,1.659,1,1
30,4,21,9,N,nb16,805,0.647,-1.012,0,0
30,4,21,9,N,nb17,805,1.717,-0.762,1,1
30,4,21,9,N,nb18,805,-1.654,-1.257,2,1
30,4,21,9,N,nb19,805,-1.684,-1.509,2,1
30,4,21,9,N,nb20,805,1.625,-0.585,1,0
30,4,21,9,N,nb21,805,1.613,-1.413,1,1
30,4,21,9,N,nb22,805,-0.736,-1.464,2,1
30,4,21,9,N,nb23,805,1.254,-0.002,3,0
30,4,21,9,N,nb24,805,-1.622,-0.457,1,1
30,4,21,9,N,nb25,805,1.584,1.843,3,0
30,4,21,9,N,nb26,805,-1.841,-1.69,1,1
30,4,21,9,N,nb27,805,1.827,0.41,0,0
30,4,21,9,N,nb28,805,-0.825,-1.617,2,1
30,4,21,9,N,nb29,805,-1.749,-1.043,1,1
30,4,21,9,A,aa0,805,-0.361,-1.145,2,0
30,4,21,9,A,aa1,805,1.532,0.237,1,0
30,4,21,9,A,aa2,805,-1.101,0.987,0,0
30,4,21,9,A,aa3,805,1.636,-0.046,0,0
30,4,21,9,A,aa4,805,-0.488,-0.932,2,0
30,4,21,9,A,aa5,805,-0.767,0.722,0,0
30,4,21,9,A,aa6,805,1.81,1.58,3,1
30,4,21,9,A,aa7,805,-1.865,-1.858,1,0
30,4,21,9,A,aa8,805,-1.285,1.328,0,0
30,4,21,9,N,nb0,810,-0.903,-1.428,3,0
30,4,21,9,N,nb1,810,1.694,1.657,1,0
30,4,21,9,N,nb2,810,1.076,-1.069,0,0
30,4,21,9,N,nb3,810,1.866,-1.33,1,1
30,4,21,9,N,nb4,810,1.262,-0.147,1,0
30,4,21,9,N,nb5,810,-1.834,-1.427,3,1
30,4,21,9,N,nb6,810,0.437,0.777,0,0
30,4,21,9,N,nb7,810,-0.815,-1.219,1,0
30,4,21,9,N,nb8,810,1.789,1.828,2,0
30,4,21,9,N,nb9,810,1.378,1.865,1,1
30,4,21,9,N,nb10,810,-0.664,1.424,1,1
30,4,21,9,N,nb11,810,-1.582,-0.267,1,1
30,4,21,9,N,nb12,810,1.412,0.092,1,0
30,4,21,9,N,nb13,810,1.741,-1.216,2,1
30,4,21,9,N,nb14,810,1.295,0.214,2,1
30,4,21,9,N,nb15,810,-0.598,1.659,1,1
30,4,21,9,N,nb16,810,0.746,-1.029,0,0
30,4,21,9,N,nb17,810,1.717,-0.762,0,1
30,4,21,9,N,nb18,810,-1.654,-1.257,2,1
30,4,21,9,N,nb19,810,-1.684,-1.509,2,1
30,4,21,9,N,nb20,810,1.53,-0.568,0,0
30,4,21,9,N,nb21,810,1.613,-1.413,1,0
30,4,21,9,N,nb22,810,-0.736,-1.464,2,0
30,4,21,9,N,nb23,810,1.173,-0.003,2,0
30,4,21,9,N,nb24,810,-1.622,-0.457,1,1
30,4,21,9,N,nb25,810,1.551,1.866,2,0
30,4,21,9,N,nb26,810,-1.831,-1.671,2,1
30,4,21,9,N,nb27,810,1.807,0.501,0,0
30,4,21,9,N,nb28,810,-0.825,-1.617,2,1
30,4,21,9,N,nb29,810,-1.749,-1.043,1,1
30,4,21,9,A,aa0,810,-0.337,-1.241,3,1
30,4,21,9,A,aa1,810,1.46,0.253,1,0
30,4,21,9,A,aa2,810,-1.201,0.993,0,0
30,4,21,9,A,aa3,810,1.56,-0.097,0,0
30,4,21,9,A,aa4,810,-0.401,-0.958,1,0
30,4,21,9,A,aa5,810,-0.781,0.763,0,0
30,4,21,9,A,aa6,810,1.866,1.635,0,0
30,4,21,9,A,aa7,810,-1.865,-1.837,1,0
30,4,21,9,A,aa8,810,-1.329,1.418,0,0
30,4,21,9,N,nb0,815,-0.901,-1.357,1,0
30,4,21,9,N,nb1,815,1.697,1.692,2,0
30,4,21,9,N,nb2,815,1.174,-1.089,0,0
30,4,21,9,N,nb3,815,1.866,-1.33,1,1
30,4,21,9,N,nb4,815,1.23,-0.145,1,1
30,4,21,9,N,nb5,815,-1.834,-1.427,3,1
30,4,21,9,N,nb6,815,0.525,0.824,0,0
30,4,21,9,N,nb7,815,-0.747,-1.188,1,0
30,4,21,9,N,nb8,815,1.759,1.866,2,0
30,4,21,9,N,nb9,815,1.378,1.865,1,1
30,4,21,9,N,nb10,815,-0.664,1.424,1,1
30,4,21,9,N,nb11,815,-1.582,-0.267,1,1
30,4,21,9,N,nb12,815,1.377,0.1,1,1
30,4,21,9,N,nb13,815,1.741,-1.216,2,1
30,4,21,9,N,nb14,815,1.231,0.229,1,1
30,4,21,9,N,nb15,815,-0.598,1.659,1,1
30,4,21,9,N,nb16,815,0.845,-1.045,0,0
30,4,21,9,N,nb17,815,1.717,-0.762,0,1
30,4,21,9,N,nb18,815,-1.654,-1.257,2,1
30,4,21,9,N,nb19,815,-1.684,-1.509,2,1
30,4,21,9,N,nb20,815,1.433,-0.548,0,0
30,4,21,9,N,nb21,815,1.613,-1.413,1,1
30,4,21,9,N,nb22,815,-0.669,-1.495,1,0
30,4,21,9,N,nb23,815,1.103,-0.021,1,1
30,4,21,9,N,nb24,815,-1.622,-0.457,1,1
30,4,21,9,N,nb25,815,1.547,1.866,3,0
30,4,21,9,N,nb26,815,-1.818,-1.639,2,1
30,4,21,9,N,nb27,815,1.779,0.591,0,0
30,4,21,9,N,nb28,815,-0.825,-1.617,1,1
30,4,21,9,N,nb29,815,-1.749,-1.043,1,1
30,4,21,9,A,aa0,815,-0.312,-1.338,0,0
30,4,21,9,A,aa1,815,1.396,0.268,2,0
30,4,21,9,A,aa2,815,-1.301,0.999,0,0
30,4,21,9,A,aa3,815,1.488,-0.159,2,0
30,4,21,9,A,aa4,815,-0.304,-0.981,0,0
30,4,21,9,A,aa5,815,-0.83,0.792,0,0
30,4,21,9,A,aa6,815,1.866,1.689,0,0
30,4,21,9,A,aa7,815,-1.865,-1.802,1,0
30,4,21,9,A,aa8,815,-1.373,1.508,0,0
30,4,21,9,N,nb0,820,-0.909,-1.268,0,0
30,4,21,9,N,nb1,820,1.697,1.7,2,1
30,4,21,9,N,nb2,820,1.272,-1.108,0,0
30,4,21,9,N,nb3,820,1.866,-1.33,1,1
30,4,21,9,N,nb4,820,1.23,-0.145,1,1
30,4,21,9,N,nb5,820,-1.834,-1.427,3,1
30,4,21,9,N,nb6,820,0.612,0.872,0,0
30,4,21,9,N,nb7,820,-0.658,-1.145,0,0
30,4,21,9,N,nb8,820,1.751,1.866,2,1
30,4,21,9,N,nb9,820,1.378,1.865,1,1
30,4,21,9,N,nb10,820,-0.664,1.424,1,1
30,4,21,9,N,nb11,820,-1.582,-0.267,1,1
30,4,21,9,N,nb12,820,1.345,0.108,1,0
30,4,21,9,N,nb13,820,1.741,-1.216,2,1
30,4,21,9,N,nb14,820,1.189,0.205,1,0
30,4,21,9,N,nb15,820,-0.598,1.659,1,1
30,4,21,9,N,nb16,820,0.943,-1.062,0,0
30,4,21,9,N,nb17,820,1.717,-0.762,0,1
30,4,21,9,N,nb18,820,-1.654,-1.257,2,1
30,4,21,9,N,nb19,820,-1.683,-1.508,2,1
30,4,21,9,N,nb20,820,1.335,-0.526,0,0
30,4,21,9,N,nb21,820,1.613,-1.413,1,1
30,4,21,9,N,nb22,820,-0.58,-1.53,0,0
30,4,21,9,N,nb23,820,1.071,-0.035,1,0
30,4,21,9,N,nb24,820,-1.622,-0.457,1,1
30,4,21,9,N,nb25,820,1.547,1.866,3,1
30,4,21,9,N,nb26,820,-1.812,-1.619,2,1
30,4,21,9,N,nb27,820,1.743,0.68,0,0
30,4,21,9,N,nb28,820,-0.825,-1.617,0,1
30,4,21,9,N,nb29,820,-1.749,-1.043,1,1
30,4,21,9,A,aa0,820,-0.287,-1.435,0,0
30,4,21,9,A,aa1,820,1.336,0.29,0,0
30,4,21,9,A,aa2,820,-1.401,1.006,0,0
30,4,21,9,A,aa3,820,1.426,-0.222,1,0
30,4,21,9,A,aa4,820,-0.206,-1.003,0,0
30,4,21,9,A,aa5,820,-0.916,0.842,0,0
30,4,21,9,A,aa6,820,1.866,1.741,2,0
30,4,21,9,A,aa7,820,-1.865,-1.78,1,0
30,4,21,9,A,aa8,820,-1.417,1.598,0,0
30,4,21,9,N,nb0,825,-0.927,-1.17,0,0
30,4,21,9,N,nb1,825,1.697,1.7,2,1
30,4,21,9,N,nb2,825,1.37,-1.128,0,0
30,4,21,9,N,nb3,825,1.866,-1.33,1,1
30,4,21,9,N,nb4,825,1.23,-0.145,1,1
30,4,21,9,N,nb5,825,-1.834,-1.427,3,1
30,4,21,9,N,nb6,825,0.7,0.92,0,0
30,4,21,9,N,nb7,825,-0.568,-1.101,0,0
30,4,21,9,N,nb8,825,1.751,1.866,2,1
30,4,21,9,N,nb9,825,1.378,1.865,1,1
30,4,21,9,N,nb10,825,-0.664,1.424,1,0
30,4,21,9,N,nb11,825,-1.582,-0.267,1,1
30,4,21,9,N,nb12,825,1.298,0.078,2,0
30,4,21,9,N,nb13,825,1.741,-1.216,2,1
30,4,21,9,N,nb14,825,1.149,0.156,1,0
30,4,21,9,N,nb15,825,-0.598,1.659,1,0
30,4,21,9,N,nb16,825,1.042,-1.079,0,0
30,4,21,9,N,nb17,825,1.717,-0.762,0,1
30,4,21,9,N,nb18,825,-1.654,-1.257,2,1
30,4,21,9,N,nb19,825,-1.683,-1.508,2,1
30,4,21,9,N,nb20,825,1.24,-0.506,0,0
30,4,21,9,N,nb21,825,1.613,-1.413,1,1
30,4,21,9,N,nb22,825,-0.491,-1.561,0,0
30,4,21,9,N,nb23,825,0.982,-0.069,0,0
30,4,21,9,N,nb24,825,-1.622,-0.457,1,1
30,4,21,9,N,nb25,825,1.547,1.866,3,1
30,4,21,9,N,nb26,825,-1.812,-1.619,2,1
30,4,21,9,N,nb27,825,1.703,0.771,0,0
30,4,21,9,N,nb28,825,-0.825,-1.617,0,1
30,4,21,9,N,nb29,825,-1.749,-1.043,1,1
30,4,21,9,A,aa0,825,-0.263,-1.529,0,0
30,4,21,9,A,aa1,825,1.253,0.33,0,0
30,4,21,9,A,aa2,825,-1.501,1.012,0,0
30,4,21,9,A,aa3,825,1.372,-0.296,2,0
30,4,21,9,A,aa4,825,-0.109,-1.025,0,0
30,4,21,9,A,aa5,825,-1.003,0.892,0,0
30,4,21,9,A,aa6,825,1.866,1.741,2,0
30,4,21,9,A,aa7,825,-1.865,-1.78,1,0
30,4,21,9,A,aa8,825,-1.461,1.687,0,0
30,4,21,9,N,nb0,830,-0.945,-1.072,0,0
30,4,21,9,N,nb1,830,1.697,1.7,2,1
30,4,21,9,N,nb2,830,1.468,-1.147,0,0
30,4,21,9,N,nb3,830,1.866,-1.33,1,1
30,4,21,9,N,nb4,830,1.23,-0.145,1,1
30,4,21,9,N,nb5,830,-1.834,-1.427,3,1
30,4,21,9,N,nb6,830,0.788,0.967,0,0
30,4,21,9,N,nb7,830,-0.479,-1.056,0,0
30,4,21,9,N,nb8,830,1.751,1.866,2,1
30,4,21,9,N,nb9,830,1.378,1.865,1,1
30,4,21,9,N,nb10,830,-0.664,1.424,1,1
30,4,21,9,N,nb11,830,-1.582,-0.267,1,1
30,4,21,9,N,nb12,830,1.269,0.052,2,1
30,4,21,9,N,nb13,830,1.741,-1.216,2,1
30,4,21,9,N,nb14,830,1.118,0.127,1,1
30,4,21,9,N,nb15,830,-0.598,1.659,1,1
30,4,21,9,N,nb16,830,1.14,-1.096,0,0
30,4,21,9,N,nb17,830,1.717,-0.762,0,0
30,4,21,9,N,nb18,830,-1.654,-1.257,2,1
30,4,21,9,N,nb19,830,-1.683,-1.508,2,1
30,4,21,9,N,nb20,830,1.146,-0.492,0,0
30,4,21,9,N,nb21,830,1.613,-1.413,1,1
30,4,21,9,N,nb22,830,-0.414,-1.6,0,0
30,4,21,9,N,nb23,830,0.888,-0.1,0,0
30,4,21,9,N,nb24,830,-1.622,-0.457,1,1
30,4,21,9,N,nb25,830,1.547,1.866,3,1
30,4,21,9,N,nb26,830,-1.812,-1.619,2,1
30,4,21,9,N,nb27,830,1.663,0.863,0,0
30,4,21,9,N,nb28,830,-0.825,-1.617,0,1
30,4,21,9,N,nb29,830,-1.749,-1.043,1,1
30,4,21,9,A,aa0,830,-0.233,-1.617,0,0
30,4,21,9,A,aa1,830,1.175,0.38,2,0
30,4,21,9,A,aa2,830,-1.6,1.018,0,0
30,4,21,9,A,aa3,830,1.328,-0.375,2,0
30,4,21,9,A,aa4,830,-0.011,-1.048,0,0
30,4,21,9,A,aa5,830,-1.089,0.943,0,0
30,4,21,9,A,aa6,830,1.866,1.741,2,0
30,4,21,9,A,aa7,830,-1.865,-1.78,1,0
30,4,21,9,A,aa8,830,-1.505,1.777,0,0
30,4,21,9,N,nb0,835,-0.963,-0.973,0,0
30,4,21,9,N,nb1,835,1.697,1.7,2,1
30,4,21,9,N,nb2,835,1.507,-1.155,1,1
30,4,21,9,N,nb3,835,1.866,-1.33,1,1
30,4,21,9,N,nb4,835,1.23,-0.145,1,1
30,4,21,9,N,nb5,835,-1.834,-1.427,3,0
30,4,21,9,N,nb6,835,0.876,1.015,0,0
30,4,21,9,N,nb7,835,-0.389,-1.012,0,0
30,4,21,9,N,nb8,835,1.751,1.866,2,1
30,4,21,9,N,nb9,835,1.378,1.865,1,1
30,4,21,9,N,nb10,835,-0.664,1.424,1,1
30,4,21,9,N,nb11,835,-1.582,-0.267,1,1
30,4,21,9,N,nb12,835,1.269,0.052,2,1
30,4,21,9,N,nb13,835,1.741,-1.216,3,0
30,4,21,9,N,nb14,835,1.118,0.127,1,1
30,4,21,9,N,nb15,835,-0.598,1.659,1,1
30,4,21,9,N,nb16,835,1.239,-1.113,0,0
30,4,21,9,N,nb17,835,1.735,-0.667,0,0
30,4,21,9,N,nb18,835,-1.654,-1.257,2,1
30,4,21,9,N,nb19,835,-1.683,-1.508,2,1
30,4,21,9,N,nb20,835,1.049,-0.484,0,0
30,4,21,9,N,nb21,835,1.613,-1.413,1,1
30,4,21,9,N,nb22,835,-0.351,-1.654,0,0
30,4,21,9,N,nb23,835,0.793,-0.132,0,0
30,4,21,9,N,nb24,835,-1.622,-0.457,1,1
30,4,21,9,N,nb25,835,1.547,1.866,3,1
30,4,21,9,N,nb26,835,-1.812,-1.619,2,1
30,4,21,9,N,nb27,835,1.623,0.954,0,0
30,4,21,9,N,nb28,835,-0.824,-1.654,0,0
30,4,21,9,N,nb29,835,-1.749,-1.043,1,1
30,4,21,9,A,aa0,835,-0.188,-1.703,0,0
30,4,21,9,A,aa1,835,1.097,0.439,2,0
30,4,21,9,A,aa2,835,-1.7,1.024,0,0
30,4,21,9,A,aa3,835,1.296,-0.458,1,0
30,4,21,9,A,aa4,835,0.086,-1.07,0,0
30,4,21,9,A,aa5,835,-1.176,0.993,0,0
30,4,21,9,A,aa6,835,1.866,1.741,2,0
30,4,21,9,A,aa7,835,-1.865,-1.78,1,0
30,4,21,9,A,aa8,835,-1.549,1.852,0,0
30,4,21,9,N,nb0,840,-0.981,-0.875,0,0
30,4,21,9,N,nb1,840,1.697,1.7,2,1
30,4,21,9,N,nb2,840,1.507,-1.155,2,1
30,4,21,9,N,nb3,840,1.866,-1.33,1,1
30,4,21,9,N,nb4,840,1.23,-0.145,1,1
30,4,21,9,N,nb5,840,-1.834,-1.427,3,1
30,4,21,9,N,nb6,840,0.964,1.062,0,0
30,4,21,9,N,nb7,840,-0.3,-0.968,0,0
30,4,21,9,N,nb8,840,1.751,1.866,2,1
30,4,21,9,N,nb9,840,1.378,1.865,1,1
30,4,21,9,N,nb10,840,-0.664,1.424,1,1
30,4,21,9,N,nb11,840,-1.582,-0.267,1,1
30,4,21,9,N,nb12,840,1.269,0.052,2,1
30,4,21,9,N,nb13,840,1.741,-1.216,3,1
30,4,21,9,N,nb14,840,1.118,0.127,1,1
30,4,21,9,N,nb15,840,-0.598,1.659,1,1
30,4,21,9,N,nb16,840,1.278,-1.119,1,1
30,4,21,9,N,nb17,840,1.754,-0.569,0,0
30,4,21,9,N,nb18,840,-1.654,-1.257,2,1
30,4,21,9,N,nb19,840,-1.683,-1.508,2,1
30,4,21,9,N,nb20,840,0.949,-0.478,0,0
30,4,21,9,N,nb21,840,1.613,-1.413,1,1
30,4,21,9,N,nb22,840,-0.294,-1.719,0,0
30,4,21,9,N,nb23,840,0.698,-0.163,0,0
30,4,21,9,N,nb24,840,-1.622,-0.457,1,1
30,4,21,9,N,nb25,840,1.547,1.866,3,1
30,4,21,9,N,nb26,840,-1.812,-1.619,2,1
30,4,21,9,N,nb27,840,1.582,1.046,0,0
30,4,21,9,N,nb28,840,-0.822,-1.754,0,0
30,4,21,9,N,nb29,840,-1.749,-1.043,1,1
30,4,21,9,A,aa0,840,-0.139,-1.787,0,0
30,4,21,9,A,aa1,840,1.018,0.5,2,0
30,4,21,9,A,aa2,840,-1.797,1.031,0,0
30,4,21,9,A,aa3,840,1.274,-0.552,2,0
30,4,21,9,A,aa4,840,0.184,-1.092,0,0
30,4,21,9,A,aa5,840,-1.262,1.043,0,0
30,4,21,9,A,aa6,840,1.866,1.741,2,0
30,4,21,9,A,aa7,840,-1.865,-1.78,1,0
30,4,21,9,A,aa8,840,-1.602,1.865,0,0
30,4,21,9,N,nb0,845,-1.0,-0.777,0,0
30,4,21,9,N,nb1,845,1.697,1.7,2,1
30,4,21,9,N,nb2,845,1.507,-1.155,2,0
30,4,21,9,N,nb3,845,1.866,-1.33,1,1
30,4,21,9,N,nb4,845,1.23,-0.145,1,0
30,4,21,9,N,nb5,845,-1.834,-1.427,3,1
30,4,21,9,N,nb6,845,1.052,1.11,0,0
30,4,21,9,N,nb7,845,-0.21,-0.923,0,0
30,4,21,9,N,nb8,845,1.751,1.866,2,1
30,4,21,9,N,nb9,845,1.378,1.865,1,1
30,4,21,9,N,nb10,845,-0.664,1.424,1,1
30,4,21,9,N,nb11,845,-1.582,-0.267,1,1
30,4,21,9,N,nb12,845,1.269,0.052,2,1
30,4,21,9,N,nb13,845,1.741,-1.216,3,1
30,4,21,9,N,nb14,845,1.118,0.127,1,1
30,4,21,9,N,nb15,845,-0.598,1.659,1,1
30,4,21,9,N,nb16,845,1.278,-1.119,1,0
30,4,21,9,N,nb17,845,1.772,-0.473,0,0
30,4,21,9,N,nb18,845,-1.654,-1.257,2,1
30,4,21,9,N,nb19,845,-1.683,-1.508,2,1
30,4,21,9,N,nb20,845,0.85,-0.471,0,0
30,4,21,9,N,nb21,845,1.613,-1.413,1,1
30,4,21,9,N,nb22,845,-0.263,-1.785,0,0
30,4,21,9,N,nb23,845,0.603,-0.194,0,0
30,4,21,9,N,nb24,845,-1.622,-0.457,1,1
30,4,21,9,N,nb25,845,1.547,1.866,3,1
30,4,21,9,N,nb26,845,-1.812,-1.619,2,1
30,4,21,9,N,nb27,845,1.542,1.138,0,0
30,4,21,9,N,nb28,845,-0.816,-1.842,0,0
30,4,21,9,N,nb29,845,-1.749,-1.043,1,1
30,4,21,9,A,aa0,845,-0.101,-1.833,0,0
30,4,21,9,A,aa1,845,0.939,0.561,1,0
30,4,21,9,A,aa2,845,-1.866,1.045,0,0
30,4,21,9,A,aa3,845,1.252,-0.65,3,1
30,4,21,9,A,aa4,845,0.281,-1.115,0,0
30,4,21,9,A,aa5,845,-1.349,1.094,0,0
30,4,21,9,A,aa6,845,1.866,1.741,2,0
30,4,21,9,A,aa7,845,-1.865,-1.78,1,0
30,4,21,9,A,aa8,845,-1.666,1.865,0,0
30,4,21,9,N,nb0,850,-1.018,-0.678,0,0
30,4,21,9,N,nb1,850,1.697,1.7,2,1
30,4,21,9,N,nb2,850,1.58,-1.163,2,0
30,4,21,9,N,nb3,850,1.866,-1.33,1,1
30,4,21,9,N,nb4,850,1.145,-0.116,2,0
30,4,21,9,N,nb5,850,-1.834,-1.427,3,1
30,4,21,9,N,nb6,850,1.14,1.157,0,0
30,4,21,9,N,nb7,850,-0.12,-0.879,0,0
30,4,21,9,N,nb8,850,1.751,1.866,2,1
30,4,21,9,N,nb9,850,1.378,1.865,1,1
30,4,21,9,N,nb10,850,-0.664,1.424,1,1
30,4,21,9,N,nb11,850,-1.582,-0.267,1,1
30,4,21,9,N,nb12,850,1.269,0.052,2,1
30,4,21,9,N,nb13,850,1.741,-1.216,3,1
30,4,21,9,N,nb14,850,1.118,0.127,2,1
30,4,21,9,N,nb15,850,-0.598,1.659,1,1
30,4,21,9,N,nb16,850,1.357,-1.143,1,0
30,4,21,9,N,nb17,850,1.783,-0.382,0,0
30,4,21,9,N,nb18,850,-1.654,-1.257,2,1
30,4,21,9,N,nb19,850,-1.683,-1.508,2,1
30,4,21,9,N,nb20,850,0.75,-0.465,0,0
30,4,21,9,N,nb21,850,1.613,-1.413,1,1
30,4,21,9,N,nb22,850,-0.24,-1.861,0,0
30,4,21,9,N,nb23,850,0.508,-0.226,0,0
30,4,21,9,N,nb24,850,-1.622,-0.457,1,1
30,4,21,9,N,nb25,850,1.547,1.866,3,1
30,4,21,9,N,nb26,850,-1.812,-1.619,2,1
30,4,21,9,N,nb27,850,1.502,1.229,0,0
30,4,21,9,N,nb28,850,-0.798,-1.867,0,0
30,4,21,9,N,nb29,850,-1.749,-1.043,1,1
30,4,21,9,A,aa0,850,-0.038,-1.858,0,0
30,4,21,9,A,aa1,850,0.86,0.622,1,0
30,4,21,9,A,aa2,850,-1.866,1.071,0,0
30,4,21,9,A,aa3,850,1.231,-0.747,0,0
30,4,21,9,A,aa4,850,0.379,-1.137,0,0
30,4,21,9,A,aa5,850,-1.386,1.115,0,0
30,4,21,9,A,aa6,850,1.866,1.741,2,0
30,4,21,9,A,aa7,850,-1.864,-1.781,1,0
30,4,21,9,A,aa8,850,-1.739,1.865,0,0
30,4,21,9,N,nb0,855,-1.036,-0.58,0,0
30,4,21,9,N,nb1,855,1.697,1.7,2,1
30,4,21,9,N,nb2,855,1.578,-1.171,3,1
30,4,21,9,N,nb3,855,1.866,-1.33,1,1
30,4,21,9,N,nb4,855,1.055,-0.095,1,1
30,4,21,9,N,nb5,855,-1.834,-1.427,3,1
30,4,21,9,N,nb6,855,1.228,1.205,0,0
30,4,21,9,N,nb7,855,-0.031,-0.834,0,0
30,4,21,9,N,nb8,855,1.751,1.866,2,1
30,4,21,9,N,nb9,855,1.378,1.865,1,1
30,4,21,9,N,nb10,855,-0.664,1.424,1,1
30,4,21,9,N,nb11,855,-1.582,-0.267,1,1
30,4,21,9,N,nb12,855,1.269,0.052,1,1
30,4,21,9,N,nb13,855,1.741,-1.216,3,1
30,4,21,9,N,nb14,855,1.118,0.127,2,1
30,4,21,9,N,nb15,855,-0.598,1.659,1,1
30,4,21,9,N,nb16,855,1.409,-1.173,1,1
30,4,21,9,N,nb17,855,1.783,-0.29,0,0
30,4,21,9,N,nb18,855,-1.654,-1.257,2,1
30,4,21,9,N,nb19,855,-1.683,-1.508,2,1
30,4,21,9,N,nb20,855,0.65,-0.459,0,0
30,4,21,9,N,nb21,855,1.613,-1.413,2,1
30,4,21,9,N,nb22,855,-0.219,-1.866,0,0
30,4,21,9,N,nb23,855,0.413,-0.257,0,0
30,4,21,9,N,nb24,855,-1.622,-0.457,1,1
30,4,21,9,N,nb25,855,1.547,1.866,3,1
30,4,21,9,N,nb26,855,-1.812,-1.619,2,1
30,4,21,9,N,nb27,855,1.462,1.321,0,0
30,4,21,9,N,nb28,855,-0.764,-1.867,0,0
30,4,21,9,N,nb29,855,-1.749,-1.043,1,1
30,4,21,9,A,aa0,855,0.051,-1.865,0,0
30,4,21,9,A,aa1,855,0.781,0.684,0,0
30,4,21,9,A,aa2,855,-1.866,1.114,0,0
30,4,21,9,A,aa3,855,1.21,-0.845,0,0
30,4,21,9,A,aa4,855,0.44,-1.151,0,0
30,4,21,9,A,aa5,855,-1.463,1.112,0,0
30,4,21,9,A,aa6,855,1.866,1.741,2,0
30,4,21,9,A,aa7,855,-1.849,-1.785,1,0
30,4,21,9,A,aa8,855,-1.82,1.865,0,0
30,4,21,9,N,nb0,860,-1.054,-0.482,0,0
30,4,21,9,N,nb1,860,1.697,1.7,2,0
30,4,21,9,N,nb2,860,1.578,-1.171,3,1
30,4,21,9,N,nb3,860,1.866,-1.33,1,1
30,4,21,9,N,nb4,860,1.052,-0.094,1,1
30,4,21,9,N,nb5,860,-1.834,-1.427,3,1
30,4,21,9,N,nb6,860,1.246,1.214,1,1
30,4,21,9,N,nb7,860,0.059,-0.79,0,0
30,4,21,9,N,nb8,860,1.751,1.866,2,0
30,4,21,9,N,nb9,860,1.378,1.865,1,1
30,4,21,9,N,nb10,860,-0.664,1.424,1,1
30,4,21,9,N,nb11,860,-1.582,-0.267,1,1
30,4,21,9,N,nb12,860,1.269,0.052,1,1
30,4,21,9,N,nb13,860,1.741,-1.216,3,1
30,4,21,9,N,nb14,860,1.118,0.127,2,1
30,4,21,9,N,nb15,860,-0.598,1.659,1,1
30,4,21,9,N,nb16,860,1.409,-1.173,1,1
30,4,21,9,N,nb17,860,1.773,-0.198,0,0
30,4,21,9,N,nb18,860,-1.654,-1.257,2,1
30,4,21,9,N,nb19,860,-1.683,-1.508,2,1
30,4,21,9,N,nb20,860,0.55,-0.452,0,0
30,4,21,9,N,nb21,860,1.613,-1.413,2,1
30,4,21,9,N,nb22,860,-0.181,-1.866,0,0
30,4,21,9,N,nb23,860,0.318,-0.288,0,0
30,4,21,9,N,nb24,860,-1.622,-0.457,1,1
30,4,21,9,N,nb25,860,1.547,1.866,3,1
30,4,21,9,N,nb26,860,-1.812,-1.619,2,1
30,4,21,9,N,nb27,860,1.454,1.341,1,0
30,4,21,9,N,nb28,860,-0.716,-1.867,0,0
30,4,21,9,N,nb29,860,-1.749,-1.043,1,0
30,4,21,9,A,aa0,860,0.141,-1.865,0,0
30,4,21,9,A,aa1,860,0.702,0.745,0,0
30,4,21,9,A,aa2,860,-1.866,1.169,0,0
30,4,21,9,A,aa3,860,1.189,-0.943,2,0
30,4,21,9,A,aa4,860,0.454,-1.142,0,0
30,4,21,9,A,aa5,860,-1.562,1.108,0,0
30,4,21,9,A,aa6,860,1.866,1.741,3,1
30,4,21,9,A,aa7,860,-1.811,-1.789,0,0
30,4,21,9,A,aa8,860,-1.865,1.865,0,0
30,4,21,9,N,nb0,865,-1.072,-0.383,0,0
30,4,21,9,N,nb1,865,1.701,1.704,2,0
30,4,21,9,N,nb2,865,1.578,-1.171,3,1
30,4,21,9,N,nb3,865,1.866,-1.33,1,1
30,4,21,9,N,nb4,865,1.052,-0.094,1,1
30,4,21,9,N,nb5,865,-1.834,-1.427,3,1
30,4,21,9,N,nb6,865,1.246,1.214,0,1
30,4,21,9,N,nb7,865,0.148,-0.745,0,0
30,4,21,9,N,nb8,865,1.749,1.866,2,0
30,4,21,9,N,nb9,865,1.378,1.865,1,1
30,4,21,9,N,nb10,865,-0.664,1.424,1,1
30,4,21,9,N,nb11,865,-1.582,-0.267,1,1
30,4,21,9,N,nb12,865,1.269,0.052,1,1
30,4,21,9,N,nb13,865,1.741,-1.216,3,1
30,4,21,9,N,nb14,865,1.118,0.127,2,1
30,4,21,9,N,nb15,865,-0.598,1.659,1,1
30,4,21,9,N,nb16,865,1.409,-1.173,1,1
30,4,21,9,N,nb17,865,1.753,-0.104,0,0
30,4,21,9,N,nb18,865,-1.654,-1.257,2,1
30,4,21,9,N,nb19,865,-1.683,-1.508,2,1
30,4,21,9,N,nb20,865,0.453,-0.446,0,0
30,4,21,9,N,nb21,865,1.613,-1.413,2,1
30,4,21,9,N,nb22,865,-0.13,-1.866,0,0
30,4,21,9,N,nb23,865,0.224,-0.319,0,0
30,4,21,9,N,nb24,865,-1.622,-0.457,1,1
30,4,21,9,N,nb25,865,1.547,1.866,3,1
30,4,21,9,N,nb26,865,-1.812,-1.619,2,1
30,4,21,9,N,nb27,865,1.422,1.426,0,0
30,4,21,9,N,nb28,865,-0.655,-1.867,0,0
30,4,21,9,N,nb29,865,-1.749,-1.043,1,1
30,4,21,9,A,aa0,865,0.233,-1.863,0,0
30,4,21,9,A,aa1,865,0.622,0.806,0,0
30,4,21,9,A,aa2,865,-1.866,1.236,0,0
30,4,21,9,A,aa3,865,1.168,-1.04,1,0
30,4,21,9,A,aa4,865,0.535,-1.083,0,0
30,4,21,9,A,aa5,865,-1.657,1.103,0,0
30,4,21,9,A,aa6,865,1.866,1.743,0,0
30,4,21,9,A,aa7,865,-1.738,-1.772,2,0
30,4,21,9,A,aa8,865,-1.865,1.865,0,0
30,4,21,9,N,nb0,870,-1.091,-0.285,0,0
30,4,21,9,N,nb1,870,1.701,1.704,2,1
30,4,21,9,N,nb2,870,1.578,-1.171,3,1
30,4,21,9,N,nb3,870,1.866,-1.33,1,1
30,4,21,9,N,nb4,870,1.052,-0.094,1,1
30,4,21,9,N,nb5,870,-1.834,-1.427,3,1
30,4,21,9,N,nb6,870,1.246,1.214,0,1
30,4,21,9,N,nb7,870,0.238,-0.701,0,0
30,4,21,9,N,nb8,870,1.748,1.866,2,1
30,4,21,9,N,nb9,870,1.378,1.865,1,1
30,4,21,9,N,nb10,870,-0.664,1.424,1,1
30,4,21,9,N,nb11,870,-1.582,-0.267,1,1
30,4,21,9,N,nb12,870,1.269,0.052,1,1
30,4,21,9,N,nb13,870,1.741,-1.216,3,1
30,4,21,9,N,nb14,870,1.118,0.127,2,1
30,4,21,9,N,nb15,870,-0.598,1.659,1,1
30,4,21,9,N,nb16,870,1.409,-1.173,1,1
30,4,21,9,N,nb17,870,1.73,-0.007,0,0
30,4,21,9,N,nb18,870,-1.654,-1.257,2,1
30,4,21,9,N,nb19,870,-1.683,-1.508,2,1
30,4,21,9,N,nb20,870,0.366,-0.45,0,0
30,4,21,9,N,nb21,870,1.613,-1.413,2,1
30,4,21,9,N,nb22,870,-0.066,-1.866,0,0
30,4,21,9,N,nb23,870,0.131,-0.347,0,0
30,4,21,9,N,nb24,870,-1.622,-0.457,1,1
30,4,21,9,N,nb25,870,1.547,1.866,3,1
30,4,21,9,N,nb26,870,-1.812,-1.619,2,1
30,4,21,9,N,nb27,870,1.392,1.521,0,0
30,4,21,9,N,nb28,870,-0.584,-1.867,0,0
30,4,21,9,N,nb29,870,-1.749,-1.043,1,1
30,4,21,9,A,aa0,870,0.325,-1.852,0,0
30,4,21,9,A,aa1,870,0.543,0.867,0,0
30,4,21,9,A,aa2,870,-1.866,1.312,0,0
30,4,21,9,A,aa3,870,1.159,-1.083,1,0
30,4,21,9,A,aa4,870,0.586,-1.045,0,0
30,4,21,9,A,aa5,870,-1.745,1.087,0,0
30,4,21,9,A,aa6,870,1.866,1.743,0,0
30,4,21,9,A,aa7,870,-1.651,-1.74,1,0
30,4,21,9,A,aa8,870,-1.865,1.862,0,0
30,4,21,9,N,nb0,875,-1.109,-0.187,0,0
30,4,21,9,N,nb1,875,1.701,1.704,2,1
30,4,21,9,N,nb2,875,1.578,-1.171,3,1
30,4,21,9,N,nb3,875,1.866,-1.33,1,1
30,4,21,9,N,nb4,875,1.052,-0.094,1,1
30,4,21,9,N,nb5,875,-1.834,-1.427,3,1
30,4,21,9,N,nb6,875,1.246,1.214,0,1
30,4,21,9,N,nb7,875,0.274,-0.683,1,1
30,4,21,9,N,nb8,875,1.748,1.866,2,1
30,4,21,9,N,nb9,875,1.378,1.865,1,1
30,4,21,9,N,nb10,875,-0.664,1.424,1,1
30,4,21,9,N,nb11,875,-1.582,-0.267,1,1
30,4,21,9,N,nb12,875,1.269,0.052,1,1
30,4,21,9,N,nb13,875,1.741,-1.216,3,1
30,4,21,9,N,nb14,875,1.118,0.127,2,1
30,4,21,9,N,nb15,875,-0.598,1.659,1,1
30,4,21,9,N,nb16,875,1.409,-1.173,1,1
30,4,21,9,N,nb17,875,1.707,0.091,0,0
30,4,21,9,N,nb18,875,-1.654,-1.257,2,1
30,4,21,9,N,nb19,875,-1.683,-1.508,2,1
30,4,21,9,N,nb20,875,0.33,-0.457,1,1
30,4,21,9,N,nb21,875,1.613,-1.413,2,1
30,4,21,9,N,nb22,875,0.007,-1.866,0,0
30,4,21,9,N,nb23,875,0.036,-0.369,0,0
30,4,21,9,N,nb24,875,-1.622,-0.457,1,1
30,4,21,9,N,nb25,875,1.547,1.866,3,1
30,4,21,9,N,nb26,875,-1.812,-1.619,2,1
30,4,21,9,N,nb27,875,1.363,1.614,0,0
30,4,21,9,N,nb28,875,-0.505,-1.867,0,0
30,4,21,9,N,nb29,875,-1.749,-1.043,1,1
30,4,21,9,A,aa0,875,0.416,-1.831,0,0
30,4,21,9,A,aa1,875,0.464,0.929,0,0
30,4,21,9,A,aa2,875,-1.866,1.395,0,0
30,4,21,9,A,aa3,875,1.181,-1.128,2,0
30,4,21,9,A,aa4,875,0.6,-1.008,1,0
30,4,21,9,A,aa5,875,-1.828,1.059,0,0
30,4,21,9,A,aa6,875,1.866,1.743,2,0
30,4,21,9,A,aa7,875,-1.56,-1.715,2,0
30,4,21,9,A,aa8,875,-1.865,1.847,0,0
30,4,21,9,N,nb0,880,-1.127,-0.088,0,0
30,4,21,9,N,nb1,880,1.701,1.704,2,1
30,4,21,9,N,nb2,880,1.578,-1.171,3,1
30,4,21,9,N,nb3,880,1.866,-1.33,1,1
30,4,21,9,N,nb4,880,1.052,-0.094,1,1
30,4,21,9,N,nb5,880,-1.838,-1.422,3,1
30,4,21,9,N,nb6,880,1.246,1.214,0,1
30,4,21,9,N,nb7,880,0.274,-0.683,1,1
30,4,21,9,N,nb8,880,1.748,1.866,2,1
30,4,21,9,N,nb9,880,1.378,1.865,2,1
30,4,21,9,N,nb10,880,-0.664,1.424,1,1
30,4,21,9,N,nb11,880,-1.582,-0.267,1,1
30,4,21,9,N,nb12,880,1.269,0.052,1,1
30,4,21,9,N,nb13,880,1.741,-1.216,3,1
30,4,21,9,N,nb14,880,1.118,0.127,2,1
30,4,21,9,N,nb15,880,-0.598,1.659,1,1
30,4,21,9,N,nb16,880,1.409,-1.173,1,1
30,4,21,9,N,nb17,880,1.684,0.188,0,0
30,4,21,9,N,nb18,880,-1.652,-1.29,2,0
30,4,21,9,N,nb19,880,-1.677,-1.479,3,0
30,4,21,9,N,nb20,880,0.33,-0.457,1,1
30,4,21,9,N,nb21,880,1.613,-1.413,2,1
30,4,21,9,N,nb22,880,0.088,-1.866,0,0
30,4,21,9,N,nb23,880,-0.061,-0.391,0,0
30,4,21,9,N,nb24,880,-1.622,-0.457,1,1
30,4,21,9,N,nb25,880,1.547,1.866,3,1
30,4,21,9,N,nb26,880,-1.793,-1.648,2,0
30,4,21,9,N,nb27,880,1.357,1.633,1,1
30,4,21,9,N,nb28,880,-0.42,-1.867,0,0
30,4,21,9,N,nb29,880,-1.749,-1.043,0,1
30,4,21,9,A,aa0,880,0.505,-1.802,0,0
30,4,21,9,A,aa1,880,0.385,0.99,0,0
30,4,21,9,A,aa2,880,-1.866,1.482,0,0
30,4,21,9,A,aa3,880,1.211,-1.212,2,0
30,4,21,9,A,aa4,880,0.595,-0.992,2,0
30,4,21,9,A,aa5,880,-1.865,1.019,0,0
30,4,21,9,A,aa6,880,1.866,1.743,2,0
30,4,21,9,A,aa7,880,-1.466,-1.697,0,0
30,4,21,9,A,aa8,880,-1.865,1.836,0,0
30,4,21,9,N,nb0,885,-1.145,0.01,0,0
30,4,21,9,N,nb1,885,1.701,1.704,2,1
30,4,21,9,N,nb2,885,1.578,-1.171,3,0
30,4,21,9,N,nb3,885,1.866,-1.33,1,1
30,4,21,9,N,nb4,885,1.052,-0.094,1,0
30,4,21,9,N,nb5,885,-1.839,-1.421,2,1
30,4,21,9,N,nb6,885,1.246,1.214,0,1
30,4,21,9,N,nb7,885,0.274,-0.683,1,1
30,4,21,9,N,nb8,885,1.748,1.866,2,1
30,4,21,9,N,nb9,885,1.378,1.865,2,1
30,4,21,9,N,nb10,885,-0.664,1.424,1,1
30,4,21,9,N,nb11,885,-1.582,-0.267,1,1
30,4,21,9,N,nb12,885,1.269,0.052,1,1
30,4,21,9,N,nb13,885,1.741,-1.216,3,1
30,4,21,9,N,nb14,885,1.118,0.127,2,1
30,4,21,9,N,nb15,885,-0.598,1.659,1,1
30,4,21,9,N,nb16,885,1.409,-1.173,1,0
30,4,21,9,N,nb17,885,1.661,0.285,0,0
30,4,21,9,N,nb18,885,-1.639,-1.303,2,0
30,4,21,9,N,nb19,885,-1.661,-1.469,2,0
30,4,21,9,N,nb20,885,0.33,-0.457,1,1
30,4,21,9,N,nb21,885,1.613,-1.413,2,1
30,4,21,9,N,nb22,885,0.174,-1.866,0,0
30,4,21,9,N,nb23,885,-0.159,-0.412,0,0
30,4,21,9,N,nb24,885,-1.622,-0.457,1,1
30,4,21,9,N,nb25,885,1.547,1.866,3,1
30,4,21,9,N,nb26,885,-1.74,-1.73,0,0
30,4,21,9,N,nb27,885,1.357,1.633,1,1
30,4,21,9,N,nb28,885,-0.331,-1.867,0,0
30,4,21,9,N,nb29,885,-1.749,-1.043,0,1
30,4,21,9,A,aa0,885,0.592,-1.765,0,0
30,4,21,9,A,aa1,885,0.306,1.051,0,0
30,4,21,9,A,aa2,885,-1.866,1.573,0,0
30,4,21,9,A,aa3,885,1.232,-1.303,2,0
30,4,21,9,A,aa4,885,0.561,-0.898,2,0
30,4,21,9,A,aa5,885,-1.865,0.968,0,0
30,4,21,9,A,aa6,885,1.866,1.742,2,0
30,4,21,9,A,aa7,885,-1.367,-1.682,0,0
30,4,21,9,A,aa8,885,-1.865,1.821,0,0
30,4,21,9,N,nb0,890,-1.163,0.108,0,0
30,4,21,9,N,nb1,890,1.7,1.704,2,1
30,4,21,9,N,nb2,890,1.578,-1.171,3,1
30,4,21,9,N,nb3,890,1.866,-1.33,1,1
30,4,21,9,N,nb4,890,1.052,-0.094,1,1
30,4,21,9,N,nb5,890,-1.839,-1.421,2,1
30,4,21,9,N,nb6,890,1.294,1.243,0,0
30,4,21,9,N,nb7,890,0.274,-0.683,1,1
30,4,21,9,N,nb8,890,1.748,1.866,2,1
30,4,21,9,N,nb9,890,1.378,1.865,2,1
30,4,21,9,N,nb10,890,-0.664,1.424,1,1
30,4,21,9,N,nb11,890,-1.582,-0.267,1,1
30,4,21,9,N,nb12,890,1.269,0.052,1,1
30,4,21,9,N,nb13,890,1.741,-1.216,3,1
30,4,21,9,N,nb14,890,1.118,0.127,2,1
30,4,21,9,N,nb15,890,-0.598,1.659,1,1
30,4,21,9,N,nb16,890,1.409,-1.173,1,1
30,4,21,9,N,nb17,890,1.638,0.383,0,0
30,4,21,9,N,nb18,890,-1.623,-1.303,2,1
30,4,21,9,N,nb19,890,-1.645,-1.469,2,1
30,4,21,9,N,nb20,890,0.33,-0.457,1,1
30,4,21,9,N,nb21,890,1.613,-1.413,2,1
30,4,21,9,N,nb22,890,0.264,-1.866,0,0
30,4,21,9,N,nb23,890,-0.256,-0.434,0,0
30,4,21,9,N,nb24,890,-1.622,-0.457,1,1
30,4,21,9,N,nb25,890,1.547,1.866,3,1
30,4,21,9,N,nb26,890,-1.691,-1.811,0,0
30,4,21,9,N,nb27,890,1.357,1.633,1,1
30,4,21,9,N,nb28,890,-0.24,-1.866,0,0
30,4,21,9,N,nb29,890,-1.749,-1.043,0,1
30,4,21,9,A,aa0,890,0.682,-1.721,0,0
30,4,21,9,A,aa1,890,0.227,1.112,0,0
30,4,21,9,A,aa2,890,-1.866,1.581,0,0
30,4,21,9,A,aa3,890,1.232,-1.306,2,0
30,4,21,9,A,aa4,890,0.527,-0.804,2,0
30,4,21,9,A,aa5,890,-1.865,0.905,0,0
30,4,21,9,A,aa6,890,1.866,1.738,2,0
30,4,21,9,A,aa7,890,-1.268,-1.666,2,0
30,4,21,9,A,aa8,890,-1.864,1.749,0,0
30,4,21,9,N,nb0,895,-1.182,0.207,0,0
30,4,21,9,N,nb1,895,1.699,1.704,2,1
30,4,21,9,N,nb2,895,1.578,-1.171,3,1
30,4,21,9,N,nb3,895,1.866,-1.33,1,1
30,4,21,9,N,nb4,895,1.052,-0.094,1,1
30,4,21,9,N,nb5,895,-1.839,-1.421,2,1
30,4,21,9,N,nb6,895,1.38,1.295,0,0
30,4,21,9,N,nb7,895,0.274,-0.683,1,1
30,4,21,9,N,nb8,895,1.748,1.866,2,1
30,4,21,9,N,nb9,895,1.378,1.865,2,1
30,4,21,9,N,nb10,895,-0.664,1.424,1,1
30,4,21,9,N,nb11,895,-1.582,-0.267,1,0
30,4,21,9,N,nb12,895,1.269,0.052,1,1
30,4,21,9,N,nb13,895,1.741,-1.216,3,1
30,4,21,9,N,nb14,895,1.118,0.127,2,1
30,4,21,9,N,nb15,895,-0.598,1.659,1,1
30,4,21,9,N,nb16,895,1.409,-1.173,1,1
30,4,21,9,N,nb17,895,1.615,0.48,0,0
30,4,21,9,N,nb18,895,-1.623,-1.303,3,1
30,4,21,9,N,nb19,895,-1.645,-1.469,2,1
30,4,21,9,N,nb20,895,0.33,-0.457,1,1
30,4,21,9,N,nb21,895,1.613,-1.413,2,1
30,4,21,9,N,nb22,895,0.356,-1.865,0,0
30,4,21,9,N,nb23,895,-0.354,-0.456,0,0
30,4,21,9,N,nb24,895,-1.622,-0.457,1,0
30,4,21,9,N,nb25,895,1.547,1.866,3,1
30,4,21,9,N,nb26,895,-1.638,-1.865,0,0
30,4,21,9,N,nb27,895,1.357,1.633,1,1
30,4,21,9,N,nb28,895,-0.148,-1.86,0,0
30,4,21,9,N,nb29,895,-1.723,-1.09,1,1
30,4,21,9,A,aa0,895,0.771,-1.677,0,0
30,4,21,9,A,aa1,895,0.148,1.174,0,0
30,4,21,9,A,aa2,895,-1.866,1.553,0,0
30,4,21,9,A,aa3,895,1.29,-1.345,3,1
30,4,21,9,A,aa4,895,0.499,-0.717,2,0
30,4,21,9,A,aa5,895,-1.865,0.832,0,0
30,4,21,9,A,aa6,895,1.866,1.733,2,0
30,4,21,9,A,aa7,895,-1.186,-1.653,2,0
30,4,21,9,A,aa8,895,-1.861,1.72,0,0
30,4,21,9,N,nb0,900,-1.2,0.305,0,0
30,4,21,9,N,nb1,900,1.698,1.704,2,0
30,4,21,9,N,nb2,900,1.578,-1.171,3,1
30,4,21,9,N,nb3,900,1.866,-1.33,2,1
30,4,21,9,N,nb4,900,1.052,-0.094,1,1
30,4,21,9,N,nb5,900,-1.839,-1.421,2,1
30,4,21,9,N,nb6,900,1.466,1.346,0,0
30,4,21,9,N,nb7,900,0.274,-0.683,1,1
30,4,21,9,N,nb8,900,1.748,1.866,2,0
30,4,21,9,N,nb9,900,1.378,1.865,2,1
30,4,21,9,N,nb10,900,-0.664,1.424,1,1
30,4,21,9,N,nb11,900,-1.582,-0.267,1,1
30,4,21,9,N,nb12,900,1.269,0.052,1,1
30,4,21,9,N,nb13,900,1.741,-1.216,3,0
30,4,21,9,N,nb14,900,1.118,0.127,2,1
30,4,21,9,N,nb15,900,-0.598,1.659,1,1
30,4,21,9,N,nb16,900,1.409,-1.185,1,0
30,4,21,9,N,nb17,900,1.592,0.577,0,0
30,4,21,9,N,nb18,900,-1.623,-1.303,3,1
30,4,21,9,N,nb19,900,-1.645,-1.469,2,1
30,4,21,9,N,nb20,900,0.33,-0.457,1,1
30,4,21,9,N,nb21,900,1.66,-1.395,3,0
30,4,21,9,N,nb22,900,0.448,-1.856,0,0
30,4,21,9,N,nb23,900,-0.452,-0.477,0,0
30,4,21,9,N,nb24,900,-1.622,-0.457,1,1
30,4,21,9,N,nb25,900,1.547,1.866,3,1
30,4,21,9,N,nb26,900,-1.576,-1.865,0,0
30,4,21,9,N,nb27,900,1.357,1.633,1,1
30,4,21,9,N,nb28,900,-0.056,-1.843,0,0
30,4,21,9,N,nb29,900,-1.721,-1.092,1,1
30,4,21,9,A,aa0,900,0.861,-1.633,0,0
30,4,21,9,A,aa1,900,0.069,1.235,0,0
30,4,21,9,A,aa2,900,-1.854,1.534,0,0
30,4,21,9,A,aa3,900,1.325,-1.355,0,0
30,4,21,9,A,aa4,900,0.488,-0.661,2,0
30,4,21,9,A,aa5,900,-1.865,0.751,0,0
30,4,21,9,A,aa6,900,1.866,1.728,2,0
30,4,21,9,A,aa7,900,-1.158,-1.629,2,0
30,4,21,9,A,aa8,900,-1.859,1.701,0,0
30,4,21,9,N,nb0,905,-1.218,0.403,0,0
30,4,21,9,N,nb1,905,1.697,1.704,2,1
30,4,21,9,N,nb2,905,1.578,-1.171,3,1
30,4,21,9,N,nb3,905,1.866,-1.33,2,1
30,4,21,9,N,nb4,905,1.052,-0.094,1,1
30,4,21,9,N,nb5,905,-1.839,-1.421,2,1
30,4,21,9,N,nb6,905,1.551,1.398,0,0
30,4,21,9,N,nb7,905,0.274,-0.683,1,1
30,4,21,9,N,nb8,905,1.748,1.866,2,1
30,4,21,9,N,nb9,905,1.378,1.865,2,0
30,4,21,9,N,nb10,905,-0.664,1.424,1,1
30,4,21,9,N,nb11,905,-1.582,-0.267,1,1
30,4,21,9,N,nb12,905,1.269,0.052,1,1
30,4,21,9,N,nb13,905,1.741,-1.216,3,0
30,4,21,9,N,nb14,905,1.118,0.127,2,1
30,4,21,9,N,nb15,905,-0.598,1.659,1,1
30,4,21,9,N,nb16,905,1.414,-1.212,1,0
30,4,21,9,N,nb17,905,1.569,0.675,0,0
30,4,21,9,N,nb18,905,-1.623,-1.303,3,1
30,4,21,9,N,nb19,905,-1.645,-1.469,2,1
30,4,21,9,N,nb20,905,0.33,-0.457,1,1
30,4,21,9,N,nb21,905,1.706,-1.382,3,0
30,4,21,9,N,nb22,905,0.54,-1.837,0,0
30,4,21,9,N,nb23,905,-0.549,-0.499,0,0
30,4,21,9,N,nb24,905,-1.622,-0.457,1,1
30,4,21,9,N,nb25,905,1.547,1.866,3,1
30,4,21,9,N,nb26,905,-1.504,-1.865,0,0
30,4,21,9,N,nb27,905,1.357,1.633,1,1
30,4,21,9,N,nb28,905,0.034,-1.818,0,0
30,4,21,9,N,nb29,905,-1.721,-1.092,1,1
30,4,21,9,A,aa0,905,0.936,-1.597,0,0
30,4,21,9,A,aa1,905,-0.01,1.296,0,0
30,4,21,9,A,aa2,905,-1.82,1.544,0,0
30,4,21,9,A,aa3,905,1.345,-1.368,0,0
30,4,21,9,A,aa4,905,0.454,-0.602,2,0
30,4,21,9,A,aa5,905,-1.865,0.665,0,0
30,4,21,9,A,aa6,905,1.866,1.72,2,0
30,4,21,9,A,aa7,905,-1.084,-1.563,2,0
30,4,21,9,A,aa8,905,-1.839,1.711,0,0
30,4,21,9,N,nb0,910,-1.236,0.502,0,0
30,4,21,9,N,nb1,910,1.696,1.704,2,1
30,4,21,9,N,nb2,910,1.578,-1.171,3,1
30,4,21,9,N,nb3,910,1.866,-1.33,2,1
30,4,21,9,N,nb4,910,1.052,-0.094,1,1
30,4,21,9,N,nb5,910,-1.839,-1.421,2,1
30,4,21,9,N,nb6,910,1.637,1.449,0,0
30,4,21,9,N,nb7,910,0.274,-0.683,0,1
30,4,21,9,N,nb8,910,1.748,1.866,2,1
30,4,21,9,N,nb9,910,1.378,1.865,2,1
30,4,21,9,N,nb10,910,-0.664,1.424,1,1
30,4,21,9,N,nb11,910,-1.582,-0.267,1,1
30,4,21,9,N,nb12,910,1.269,0.052,1,1
30,4,21,9,N,nb13,910,1.741,-1.216,3,0
30,4,21,9,N,nb14,910,1.118,0.127,2,1
30,4,21,9,N,nb15,910,-0.598,1.659,1,1
30,4,21,9,N,nb16,910,1.416,-1.219,1,0
30,4,21,9,N,nb17,910,1.546,0.772,0,0
30,4,21,9,N,nb18,910,-1.623,-1.303,3,1
30,4,21,9,N,nb19,910,-1.645,-1.469,2,1
30,4,21,9,N,nb20,910,0.321,-0.424,0,1
30,4,21,9,N,nb21,910,1.706,-1.382,3,0
30,4,21,9,N,nb22,910,0.629,-1.81,0,0
30,4,21,9,N,nb23,910,-0.647,-0.521,0,0
30,4,21,9,N,nb24,910,-1.622,-0.457,1,1
30,4,21,9,N,nb25,910,1.547,1.866,3,1
30,4,21,9,N,nb26,910,-1.425,-1.865,0,0
30,4,21,9,N,nb27,910,1.357,1.633,1,1
30,4,21,9,N,nb28,910,0.122,-1.785,0,0
30,4,21,9,N,nb29,910,-1.721,-1.092,1,1
30,4,21,9,A,aa0,910,0.943,-1.581,0,0
30,4,21,9,A,aa1,910,-0.089,1.357,2,0
30,4,21,9,A,aa2,910,-1.78,1.56,0,0
30,4,21,9,A,aa3,910,1.346,-1.374,3,1
30,4,21,9,A,aa4,910,0.43,-0.553,2,0
30,4,21,9,A,aa5,910,-1.865,0.575,0,0
30,4,21,9,A,aa6,910,1.866,1.708,2,0
30,4,21,9,A,aa7,910,-1.009,-1.496,0,0
30,4,21,9,A,aa8,910,-1.795,1.727,0,0
30,4,21,9,N,nb0,915,-1.254,0.6,0,0
30,4,21,9,N,nb1,915,1.696,1.704,3,0
30,4,21,9,N,nb2,915,1.581,-1.171,3,1
30,4,21,9,N,nb3,915,1.866,-1.33,2,1
30,4,21,9,N,nb4,915,1.052,-0.094,1,1
30,4,21,9,N,nb5,915,-1.839,-1.421,2,1
30,4,21,9,N,nb6,915,1.655,1.46,1,0
30,4,21,9,N,nb7,915,0.274,-0.683,0,1
30,4,21,9,N,nb8,915,1.748,1.866,2,0
30,4,21,9,N,nb9,915,1.378,1.865,2,1
30,4,21,9,N,nb10,915,-0.664,1.424,1,1
30,4,21,9,N,nb11,915,-1.582,-0.267,1,1
30,4,21,9,N,nb12,915,1.269,0.052,1,1
30,4,21,9,N,nb13,915,1.745,-1.211,3,0
30,4,21,9,N,nb14,915,1.118,0.127,2,1
30,4,21,9,N,nb15,915,-0.598,1.659,1,1
30,4,21,9,N,nb16,915,1.419,-1.22,1,0
30,4,21,9,N,nb17,915,1.522,0.869,0,0
30,4,21,9,N,nb18,915,-1.623,-1.303,3,1
30,4,21,9,N,nb19,915,-1.645,-1.469,2,1
30,4,21,9,N,nb20,915,0.31,-0.383,0,1
30,4,21,9,N,nb21,915,1.704,-1.376,3,0
30,4,21,9,N,nb22,915,0.716,-1.775,0,0
30,4,21,9,N,nb23,915,-0.745,-0.542,0,0
30,4,21,9,N,nb24,915,-1.622,-0.457,1,1
30,4,21,9,N,nb25,915,1.547,1.866,3,1
30,4,21,9,N,nb26,915,-1.339,-1.865,0,0
30,4,21,9,N,nb27,915,1.357,1.633,1,1
30,4,21,9,N,nb28,915,0.209,-1.743,0,0
30,4,21,9,N,nb29,915,-1.721,-1.092,1,1
30,4,21,9,A,aa0,915,0.982,-1.489,0,0
30,4,21,9,A,aa1,915,-0.092,1.359,2,0
30,4,21,9,A,aa2,915,-1.729,1.579,0,0
30,4,21,9,A,aa3,915,1.364,-1.38,0,0
30,4,21,9,A,aa4,915,0.422,-0.51,2,0
30,4,21,9,A,aa5,915,-1.865,0.484,0,0
30,4,21,9,A,aa6,915,1.866,1.701,3,1
30,4,21,9,A,aa7,915,-0.934,-1.43,0,0
30,4,21,9,A,aa8,915,-1.74,1.747,0,0
30,4,21,9,N,nb0,920,-1.273,0.698,0,0
30,4,21,9,N,nb1,920,1.698,1.699,3,0
30,4,21,9,N,nb2,920,1.59,-1.169,3,1
30,4,21,9,N,nb3,920,1.866,-1.33,2,1
30,4,21,9,N,nb4,920,1.052,-0.094,1,1
30,4,21,9,N,nb5,920,-1.839,-1.421,2,1
30,4,21,9,N,nb6,920,1.733,1.497,1,0
30,4,21,9,N,nb7,920,0.274,-0.683,0,1
30,4,21,9,N,nb8,920,1.73,1.866,2,0
30,4,21,9,N,nb9,920,1.378,1.865,2,1
30,4,21,9,N,nb10,920,-0.664,1.424,1,1
30,4,21,9,N,nb11,920,-1.582,-0.267,1,1
30,4,21,9,N,nb12,920,1.269,0.052,1,0
30,4,21,9,N,nb13,920,1.756,-1.202,3,0
30,4,21,9,N,nb14,920,1.118,0.127,2,0
30,4,21,9,N,nb15,920,-0.598,1.659,1,1
30,4,21,9,N,nb16,920,1.43,-1.226,1,0
30,4,21,9,N,nb17,920,1.499,0.966,0,0
30,4,21,9,N,nb18,920,-1.623,-1.303,3,1
30,4,21,9,N,nb19,920,-1.645,-1.469,2,1
30,4,21,9,N,nb20,920,0.299,-0.349,0,1
30,4,21,9,N,nb21,920,1.702,-1.368,3,0
30,4,21,9,N,nb22,920,0.804,-1.731,0,0
30,4,21,9,N,nb23,920,-0.842,-0.564,0,0
30,4,21,9,N,nb24,920,-1.622,-0.457,1,1
30,4,21,9,N,nb25,920,1.547,1.866,3,1
30,4,21,9,N,nb26,920,-1.25,-1.865,0,0
30,4,21,9,N,nb27,920,1.357,1.633,1,1
30,4,21,9,N,nb28,920,0.298,-1.698,0,0
30,4,21,9,N,nb29,920,-1.721,-1.092,1,1
30,4,21,9,A,aa0,920,1.021,-1.397,0,0
30,4,21,9,A,aa1,920,-0.145,1.341,0,0
30,4,21,9,A,aa2,920,-1.667,1.602,0,0
30,4,21,9,A,aa3,920,1.406,-1.394,0,0
30,4,21,9,A,aa4,920,0.43,-0.456,2,0
30,4,21,9,A,aa5,920,-1.856,0.391,0,0
30,4,21,9,A,aa6,920,1.866,1.675,0,0
30,4,21,9,A,aa7,920,-0.859,-1.363,0,0
30,4,21,9,A,aa8,920,-1.676,1.769,0,0
30,4,21,9,N,nb0,925,-1.291,0.797,0,0
30,4,21,9,N,nb1,925,1.701,1.694,3,1
30,4,21,9,N,nb2,925,1.593,-1.168,3,0
30,4,21,9,N,nb3,925,1.866,-1.33,2,1
30,4,21,9,N,nb4,925,1.052,-0.094,1,1
30,4,21,9,N,nb5,925,-1.839,-1.421,2,1
30,4,21,9,N,nb6,925,1.786,1.502,1,1
30,4,21,9,N,nb7,925,0.274,-0.683,0,1
30,4,21,9,N,nb8,925,1.717,1.866,2,1
30,4,21,9,N,nb9,925,1.378,1.865,2,1
30,4,21,9,N,nb10,925,-0.664,1.424,1,1
30,4,21,9,N,nb11,925,-1.582,-0.267,1,1
30,4,21,9,N,nb12,925,1.269,0.052,1,1
30,4,21,9,N,nb13,925,1.759,-1.199,3,0
30,4,21,9,N,nb14,925,1.118,0.127,2,1
30,4,21,9,N,nb15,925,-0.598,1.659,1,1
30,4,21,9,N,nb16,925,1.435,-1.228,1,0
30,4,21,9,N,nb17,925,1.476,1.064,0,0
30,4,21,9,N,nb18,925,-1.623,-1.303,3,1
30,4,21,9,N,nb19,925,-1.645,-1.469,2,1
30,4,21,9,N,nb20,925,0.287,-0.331,0,1
30,4,21,9,N,nb21,925,1.702,-1.368,3,0
30,4,21,9,N,nb22,925,0.893,-1.686,0,0
30,4,21,9,N,nb23,925,-0.94,-0.586,0,0
30,4,21,9,N,nb24,925,-1.622,-0.457,1,1
30,4,21,9,N,nb25,925,1.547,1.866,3,1
30,4,21,9,N,nb26,925,-1.158,-1.865,0,0
30,4,21,9,N,nb27,925,1.357,1.633,1,1
30,4,21,9,N,nb28,925,0.387,-1.653,0,0
30,4,21,9,N,nb29,925,-1.721,-1.092,1,0
30,4,21,9,A,aa0,925,1.06,-1.305,1,0
30,4,21,9,A,aa1,925,-0.239,1.307,2,0
30,4,21,9,A,aa2,925,-1.596,1.627,0,0
30,4,21,9,A,aa3,925,1.483,-1.393,4,1
30,4,21,9,A,aa4,925,0.449,-0.381,2,0
30,4,21,9,A,aa5,925,-1.838,0.3,0,0
30,4,21,9,A,aa6,925,1.866,1.652,0,0
30,4,21,9,A,aa7,925,-0.785,-1.297,0,0
30,4,21,9,A,aa8,925,-1.602,1.795,0,0
30,4,21,9,N,nb0,930,-1.309,0.895,0,0
30,4,21,9,N,nb1,930,1.702,1.693,3,0
30,4,21,9,N,nb2,930,1.662,-1.149,3,0
30,4,21,9,N,nb3,930,1.866,-1.346,2,1
30,4,21,9,N,nb4,930,1.052,-0.094,1,1
30,4,21,9,N,nb5,930,-1.839,-1.421,2,1
30,4,21,9,N,nb6,930,1.791,1.498,1,0
30,4,21,9,N,nb7,930,0.274,-0.683,0,1
30,4,21,9,N,nb8,930,1.717,1.866,2,0
30,4,21,9,N,nb9,930,1.378,1.865,2,1
30,4,21,9,N,nb10,930,-0.664,1.424,1,1
30,4,21,9,N,nb11,930,-1.582,-0.267,1,1
30,4,21,9,N,nb12,930,1.269,0.052,1,1
30,4,21,9,N,nb13,930,1.829,-1.181,3,0
30,4,21,9,N,nb14,930,1.118,0.127,2,1
30,4,21,9,N,nb15,930,-0.598,1.659,1,1
30,4,21,9,N,nb16,930,1.489,-1.228,1,0
30,4,21,9,N,nb17,930,1.453,1.161,0,0
30,4,21,9,N,nb18,930,-1.623,-1.303,3,1
30,4,21,9,N,nb19,930,-1.645,-1.469,2,1
30,4,21,9,N,nb20,930,0.286,-0.33,0,1
30,4,21,9,N,nb21,930,1.701,-1.381,3,0
30,4,21,9,N,nb22,930,0.982,-1.641,0,0
30,4,21,9,N,nb23,930,-1.037,-0.607,0,0
30,4,21,9,N,nb24,930,-1.622,-0.457,1,1
30,4,21,9,N,nb25,930,1.547,1.866,3,1
30,4,21,9,N,nb26,930,-1.066,-1.857,0,0
30,4,21,9,N,nb27,930,1.357,1.633,1,1
30,4,21,9,N,nb28,930,0.477,-1.608,0,0
30,4,21,9,N,nb29,930,-1.721,-1.092,1,1
30,4,21,9,A,aa0,930,1.099,-1.213,0,0
30,4,21,9,A,aa1,930,-0.334,1.274,2,0
30,4,21,9,A,aa2,930,-1.519,1.654,0,0
30,4,21,9,A,aa3,930,1.533,-1.392,0,0
30,4,21,9,A,aa4,930,0.471,-0.291,2,0
30,4,21,9,A,aa5,930,-1.811,0.211,1,0
30,4,21,9,A,aa6,930,1.866,1.651,0,0
30,4,21,9,A,aa7,930,-0.71,-1.231,0,0
30,4,21,9,A,aa8,930,-1.523,1.822,0,0
30,4,21,9,N,nb0,935,-1.327,0.993,0,0
30,4,21,9,N,nb1,935,1.702,1.693,2,0
30,4,21,9,N,nb2,935,1.712,-1.123,2,1
30,4,21,9,N,nb3,935,1.866,-1.362,2,1
30,4,21,9,N,nb4,935,1.036,-0.092,1,0
30,4,21,9,N,nb5,935,-1.839,-1.421,2,1
30,4,21,9,N,nb6,935,1.85,1.481,0,0
30,4,21,9,N,nb7,935,0.289,-0.676,0,0
30,4,21,9,N,nb8,935,1.717,1.866,2,0
30,4,21,9,N,nb9,935,1.378,1.865,2,1
30,4,21,9,N,nb10,935,-0.664,1.424,1,1
30,4,21,9,N,nb11,935,-1.582,-0.267,1,1
30,4,21,9,N,nb12,935,1.269,0.052,1,1
30,4,21,9,N,nb13,935,1.866,-1.192,2,1
30,4,21,9,N,nb14,935,1.118,0.127,2,1
30,4,21,9,N,nb15,935,-0.598,1.659,1,1
30,4,21,9,N,nb16,935,1.569,-1.237,2,1
30,4,21,9,N,nb17,935,1.43,1.258,0,0
30,4,21,9,N,nb18,935,-1.623,-1.303,3,1
30,4,21,9,N,nb19,935,-1.645,-1.469,2,1
30,4,21,9,N,nb20,935,0.27,-0.333,0,0
30,4,21,9,N,nb21,935,1.705,-1.413,2,1
30,4,21,9,N,nb22,935,1.071,-1.595,0,0
30,4,21,9,N,nb23,935,-1.135,-0.629,0,0
30,4,21,9,N,nb24,935,-1.622,-0.457,1,1
30,4,21,9,N,nb25,935,1.547,1.866,3,1
30,4,21,9,N,nb26,935,-0.974,-1.84,0,0
30,4,21,9,N,nb27,935,1.357,1.633,1,1
30,4,21,9,N,nb28,935,0.566,-1.564,0,0
30,4,21,9,N,nb29,935,-1.721,-1.092,1,1
30,4,21,9,A,aa0,935,1.138,-1.121,0,0
30,4,21,9,A,aa1,935,-0.428,1.24,2,0
30,4,21,9,A,aa2,935,-1.442,1.682,0,0
30,4,21,9,A,aa3,935,1.537,-1.405,0,0
30,4,21,9,A,aa4,935,0.502,-0.201,0,0
30,4,21,9,A,aa5,935,-1.776,0.123,2,0
30,4,21,9,A,aa6,935,1.866,1.65,0,0
30,4,21,9,A,aa7,935,-0.635,-1.164,0,0
30,4,21,9,A,aa8,935,-1.431,1.849,0,0
30,4,21,9,N,nb0,940,-1.345,1.092,0,0
30,4,21,9,N,nb1,940,1.702,1.688,2,1
30,4,21,9,N,nb2,940,1.712,-1.122,2,1
30,4,21,9,N,nb3,940,1.866,-1.362,2,1
30,4,21,9,N,nb4,940,0.943,-0.081,0,0
30,4,21,9,N,nb5,940,-1.839,-1.421,2,1
30,4,21,9,N,nb6,940,1.866,1.471,0,0
30,4,21,9,N,nb7,940,0.38,-0.635,0,0
30,4,21,9,N,nb8,940,1.718,1.866,2,1
30,4,21,9,N,nb9,940,1.378,1.865,2,1
30,4,21,9,N,nb10,940,-0.664,1.424,1,1
30,4,21,9,N,nb11,940,-1.582,-0.267,1,1
30,4,21,9,N,nb12,940,1.269,0.052,1,1
30,4,21,9,N,nb13,940,1.866,-1.192,2,0
30,4,21,9,N,nb14,940,1.118,0.127,1,1
30,4,21,9,N,nb15,940,-0.598,1.659,1,1
30,4,21,9,N,nb16,940,1.586,-1.239,2,0
30,4,21,9,N,nb17,940,1.407,1.356,0,0
30,4,21,9,N,nb18,940,-1.623,-1.303,3,1
30,4,21,9,N,nb19,940,-1.645,-1.469,2,1
30,4,21,9,N,nb20,940,0.172,-0.35,0,0
30,4,21,9,N,nb21,940,1.707,-1.419,2,0
30,4,21,9,N,nb22,940,1.16,-1.55,0,0
30,4,21,9,N,nb23,940,-1.233,-0.651,0,0
30,4,21,9,N,nb24,940,-1.622,-0.457,1,1
30,4,21,9,N,nb25,940,1.547,1.866,3,1
30,4,21,9,N,nb26,940,-0.885,-1.815,0,0
30,4,21,9,N,nb27,940,1.357,1.633,1,1
30,4,21,9,N,nb28,940,0.655,-1.519,0,0
30,4,21,9,N,nb29,940,-1.721,-1.092,1,1
30,4,21,9,A,aa0,940,1.177,-1.029,1,0
30,4,21,9,A,aa1,940,-0.52,1.208,2,0
30,4,21,9,A,aa2,940,-1.363,1.7,0,0
30,4,21,9,A,aa3,940,1.539,-1.406,0,0
30,4,21,9,A,aa4,940,0.539,-0.108,0,0
30,4,21,9,A,aa5,940,-1.733,0.036,1,0
30,4,21,9,A,aa6,940,1.866,1.64,0,0
30,4,21,9,A,aa7,940,-0.56,-1.098,0,0
30,4,21,9,A,aa8,940,-1.331,1.865,0,0
30,4,21,9,N,nb0,945,-1.363,1.19,0,0
30,4,21,9,N,nb1,945,1.702,1.688,2,0
30,4,21,9,N,nb2,945,1.712,-1.122,2,1
30,4,21,9,N,nb3,945,1.866,-1.362,2,1
30,4,21,9,N,nb4,945,0.843,-0.074,0,0
30,4,21,9,N,nb5,945,-1.839,-1.421,2,1
30,4,21,9,N,nb6,945,1.866,1.455,0,0
30,4,21,9,N,nb7,945,0.471,-0.593,0,0
30,4,21,9,N,nb8,945,1.718,1.866,2,0
30,4,21,9,N,nb9,945,1.378,1.865,2,1
30,4,21,9,N,nb10,945,-0.664,1.424,1,1
30,4,21,9,N,nb11,945,-1.582,-0.267,1,1
30,4,21,9,N,nb12,945,1.269,0.052,1,1
30,4,21,9,N,nb13,945,1.866,-1.192,2,0
30,4,21,9,N,nb14,945,1.118,0.127,1,1
30,4,21,9,N,nb15,945,-0.598,1.659,1,1
30,4,21,9,N,nb16,945,1.618,-1.264,2,0
30,4,21,9,N,nb17,945,1.398,1.394,1,0
30,4,21,9,N,nb18,945,-1.623,-1.303,3,1
30,4,21,9,N,nb19,945,-1.645,-1.469,2,1
30,4,21,9,N,nb20,945,0.074,-0.367,0,0
30,4,21,9,N,nb21,945,1.732,-1.465,2,0
30,4,21,9,N,nb22,945,1.249,-1.504,0,0
30,4,21,9,N,nb23,945,-1.33,-0.672,0,0
30,4,21,9,N,nb24,945,-1.622,-0.457,1,1
30,4,21,9,N,nb25,945,1.547,1.866,3,1
30,4,21,9,N,nb26,945,-0.797,-1.78,0,0
30,4,21,9,N,nb27,945,1.357,1.633,2,1
30,4,21,9,N,nb28,945,0.745,-1.474,0,0
30,4,21,9,N,nb29,945,-1.721,-1.092,1,1
30,4,21,9,A,aa0,945,1.216,-0.937,1,0
30,4,21,9,A,aa1,945,-0.605,1.171,1,0
30,4,21,9,A,aa2,945,-1.283,1.703,0,0
30,4,21,9,A,aa3,945,1.567,-1.434,0,0
30,4,21,9,A,aa4,945,0.576,-0.016,1,0
30,4,21,9,A,aa5,945,-1.689,-0.051,1,0
30,4,21,9,A,aa6,945,1.866,1.628,3,1
30,4,21,9,A,aa7,945,-0.486,-1.031,0,0
30,4,21,9,A,aa8,945,-1.232,1.863,0,0
30,4,21,9,N,nb0,950,-1.382,1.288,0,0
30,4,21,9,N,nb1,950,1.708,1.675,2,0
30,4,21,9,N,nb2,950,1.712,-1.122,2,1
30,4,21,9,N,nb3,950,1.866,-1.362,3,1
30,4,21,9,N,nb4,950,0.754,-0.072,0,0
30,4,21,9,N,nb5,950,-1.839,-1.421,2,1
30,4,21,9,N,nb6,950,1.866,1.429,0,0
30,4,21,9,N,nb7,950,0.562,-0.552,0,0
30,4,21,9,N,nb8,950,1.72,1.866,2,0
30,4,21,9,N,nb9,950,1.378,1.865,2,1
30,4,21,9,N,nb10,950,-0.664,1.424,1,1
30,4,21,9,N,nb11,950,-1.577,-0.271,1,1
30,4,21,9,N,nb12,950,1.269,0.052,1,1
30,4,21,9,N,nb13,950,1.866,-1.191,3,1
30,4,21,9,N,nb14,950,1.118,0.127,1,1
30,4,21,9,N,nb15,950,-0.598,1.659,1,1
30,4,21,9,N,nb16,950,1.651,-1.281,3,1
30,4,21,9,N,nb17,950,1.376,1.456,1,0
30,4,21,9,N,nb18,950,-1.623,-1.303,3,1
30,4,21,9,N,nb19,950,-1.645,-1.469,2,1
30,4,21,9,N,nb20,950,-0.025,-0.385,0,0
30,4,21,9,N,nb21,950,1.797,-1.52,1,1
30,4,21,9,N,nb22,950,1.338,-1.459,0,0
30,4,21,9,N,nb23,950,-1.428,-0.694,0,0
30,4,21,9,N,nb24,950,-1.622,-0.457,1,1
30,4,21,9,N,nb25,950,1.547,1.866,3,1
30,4,21,9,N,nb26,950,-0.709,-1.738,0,0
30,4,21,9,N,nb27,950,1.357,1.633,2,1
30,4,21,9,N,nb28,950,0.834,-1.429,0,0
30,4,21,9,N,nb29,950,-1.721,-1.092,1,1
30,4,21,9,A,aa0,950,1.217,-0.934,1,0
30,4,21,9,A,aa1,950,-0.69,1.123,1,0
30,4,21,9,A,aa2,950,-1.197,1.704,0,0
30,4,21,9,A,aa3,950,1.633,-1.476,1,0
30,4,21,9,A,aa4,950,0.607,0.072,1,0
30,4,21,9,A,aa5,950,-1.646,-0.117,1,0
30,4,21,9,A,aa6,950,1.866,1.615,0,0
30,4,21,9,A,aa7,950,-0.411,-0.965,0,0
30,4,21,9,A,aa8,950,-1.129,1.858,1,0
30,4,21,9,N,nb0,955,-1.4,1.387,0,0
30,4,21,9,N,nb1,955,1.707,1.657,1,0
30,4,21,9,N,nb2,955,1.71,-1.113,2,1
30,4,21,9,N,nb3,955,1.866,-1.348,3,0
30,4,21,9,N,nb4,955,0.664,-0.084,0,0
30,4,21,9,N,nb5,955,-1.839,-1.421,2,1
30,4,21,9,N,nb6,955,1.866,1.389,0,0
30,4,21,9,N,nb7,955,0.653,-0.51,0,0
30,4,21,9,N,nb8,955,1.735,1.866,2,0
30,4,21,9,N,nb9,955,1.378,1.865,2,1
30,4,21,9,N,nb10,955,-0.664,1.424,1,1
30,4,21,9,N,nb11,955,-1.542,-0.298,1,1
30,4,21,9,N,nb12,955,1.269,0.052,1,1
30,4,21,9,N,nb13,955,1.866,-1.178,3,0
30,4,21,9,N,nb14,955,1.118,0.127,1,1
30,4,21,9,N,nb15,955,-0.598,1.659,1,1
30,4,21,9,N,nb16,955,1.678,-1.28,3,0
30,4,21,9,N,nb17,955,1.355,1.497,1,0
30,4,21,9,N,nb18,955,-1.623,-1.303,3,1
30,4,21,9,N,nb19,955,-1.645,-1.469,2,1
30,4,21,9,N,nb20,955,-0.123,-0.402,0,0
30,4,21,9,N,nb21,955,1.861,-1.569,1,0
30,4,21,9,N,nb22,955,1.427,-1.413,0,0
30,4,21,9,N,nb23,955,-1.526,-0.716,0,0
30,4,21,9,N,nb24,955,-1.622,-0.457,1,1
30,4,21,9,N,nb25,955,1.547,1.866,2,1
30,4,21,9,N,nb26,955,-0.619,-1.694,0,0
30,4,21,9,N,nb27,955,1.336,1.666,2,1
30,4,21,9,N,nb28,955,0.923,-1.384,0,0
30,4,21,9,N,nb29,955,-1.721,-1.092,1,1
30,4,21,9,A,aa0,955,1.183,-0.865,1,0
30,4,21,9,A,aa1,955,-0.776,1.074,1,0
30,4,21,9,A,aa2,955,-1.107,1.698,2,0
30,4,21,9,A,aa3,955,1.692,-1.522,0,0
30,4,21,9,A,aa4,955,0.631,0.165,1,0
30,4,21,9,A,aa5,955,-1.621,-0.149,1,0
30,4,21,9,A,aa6,955,1.866,1.6,0,0
30,4,21,9,A,aa7,955,-0.336,-0.899,0,0
30,4,21,9,A,aa8,955,-1.073,1.863,1,0
30,4,21,9,N,nb0,960,-1.418,1.485,0,0
30,4,21,9,N,nb1,960,1.704,1.653,1,1
30,4,21,9,N,nb2,960,1.706,-1.102,2,1
30,4,21,9,N,nb3,960,1.866,-1.326,2,0
30,4,21,9,N,nb4,960,0.569,-0.108,0,0
30,4,21,9,N,nb5,960,-1.839,-1.421,2,1
30,4,21,9,N,nb6,960,1.866,1.337,0,0
30,4,21,9,N,nb7,960,0.745,-0.469,0,0
30,4,21,9,N,nb8,960,1.74,1.866,2,1
30,4,21,9,N,nb9,960,1.378,1.865,2,1
30,4,21,9,N,nb10,960,-0.664,1.424,1,1
30,4,21,9,N,nb11,960,-1.51,-0.322,1,1
30,4,21,9,N,nb12,960,1.269,0.052,1,1
30,4,21,9,N,nb13,960,1.866,-1.156,3,0
30,4,21,9,N,nb14,960,1.118,0.127,1,1
30,4,21,9,N,nb15,960,-0.598,1.659,1,1
30,4,21,9,N,nb16,960,1.705,-1.272,4,0
30,4,21,9,N,nb17,960,1.349,1.505,1,1
30,4,21,9,N,nb18,960,-1.623,-1.303,3,1
30,4,21,9,N,nb19,960,-1.645,-1.469,2,1
30,4,21,9,N,nb20,960,-0.222,-0.42,0,0
30,4,21,9,N,nb21,960,1.866,-1.637,0,0
30,4,21,9,N,nb22,960,1.498,-1.377,1,1
30,4,21,9,N,nb23,960,-1.622,-0.738,0,0
30,4,21,9,N,nb24,960,-1.622,-0.457,1,1
30,4,21,9,N,nb25,960,1.547,1.866,2,1
30,4,21,9,N,nb26,960,-0.529,-1.65,0,0
30,4,21,9,N,nb27,960,1.331,1.674,2,1
30,4,21,9,N,nb28,960,1.013,-1.339,0,0
30,4,21,9,N,nb29,960,-1.721,-1.092,1,1
30,4,21,9,A,aa0,960,1.139,-0.775,0,0
30,4,21,9,A,aa1,960,-0.863,1.024,1,0
30,4,21,9,A,aa2,960,-1.015,1.681,2,0
30,4,21,9,A,aa3,960,1.71,-1.57,0,0
30,4,21,9,A,aa4,960,0.64,0.207,1,0
30,4,21,9,A,aa5,960,-1.584,-0.17,2,0
30,4,21,9,A,aa6,960,1.866,1.605,2,0
30,4,21,9,A,aa7,960,-0.261,-0.832,0,0
30,4,21,9,A,aa8,960,-1.025,1.865,2,0
30,4,21,9,N,nb0,965,-1.436,1.583,0,0
30,4,21,9,N,nb1,965,1.702,1.654,1,1
30,4,21,9,N,nb2,965,1.704,-1.099,2,0
30,4,21,9,N,nb3,965,1.866,-1.317,2,1
30,4,21,9,N,nb4,965,0.472,-0.132,0,0
30,4,21,9,N,nb5,965,-1.839,-1.421,2,1
30,4,21,9,N,nb6,965,1.866,1.274,0,0
30,4,21,9,N,nb7,965,0.836,-0.428,0,0
30,4,21,9,N,nb8,965,1.74,1.866,2,1
30,4,21,9,N,nb9,965,1.378,1.865,2,1
30,4,21,9,N,nb10,965,-0.664,1.424,1,1
30,4,21,9,N,nb11,965,-1.485,-0.344,1,1
30,4,21,9,N,nb12,965,1.269,0.052,1,1
30,4,21,9,N,nb13,965,1.866,-1.147,3,1
30,4,21,9,N,nb14,965,1.118,0.127,1,1
30,4,21,9,N,nb15,965,-0.598,1.659,1,1
30,4,21,9,N,nb16,965,1.703,-1.269,4,1
30,4,21,9,N,nb17,965,1.349,1.505,1,1
30,4,21,9,N,nb18,965,-1.623,-1.303,3,1
30,4,21,9,N,nb19,965,-1.645,-1.469,2,1
30,4,21,9,N,nb20,965,-0.32,-0.437,0,0
30,4,21,9,N,nb21,965,1.866,-1.718,0,0
30,4,21,9,N,nb22,965,1.498,-1.377,1,1
30,4,21,9,N,nb23,965,-1.719,-0.761,0,0
30,4,21,9,N,nb24,965,-1.622,-0.457,1,1
30,4,21,9,N,nb25,965,1.547,1.866,2,1
30,4,21,9,N,nb26,965,-0.44,-1.606,0,0
30,4,21,9,N,nb27,965,1.331,1.674,2,1
30,4,21,9,N,nb28,965,1.102,-1.294,0,0
30,4,21,9,N,nb29,965,-1.721,-1.092,1,1
30,4,21,9,A,aa0,965,1.095,-0.685,0,0
30,4,21,9,A,aa1,965,-0.95,0.974,1,0
30,4,21,9,A,aa2,965,-0.925,1.655,2,0
30,4,21,9,A,aa3,965,1.721,-1.63,3,1
30,4,21,9,A,aa4,965,0.613,0.257,1,0
30,4,21,9,A,aa5,965,-1.529,-0.181,2,0
30,4,21,9,A,aa6,965,1.866,1.613,2,0
30,4,21,9,A,aa7,965,-0.186,-0.766,0,0
30,4,21,9,A,aa8,965,-0.938,1.865,2,0
30,4,21,9,N,nb0,970,-1.454,1.682,0,0
30,4,21,9,N,nb1,970,1.701,1.654,1,1
30,4,21,9,N,nb2,970,1.704,-1.099,2,1
30,4,21,9,N,nb3,970,1.866,-1.317,2,0
30,4,21,9,N,nb4,970,0.375,-0.156,0,0
30,4,21,9,N,nb5,970,-1.839,-1.421,2,1
30,4,21,9,N,nb6,970,1.866,1.201,0,0
30,4,21,9,N,nb7,970,0.925,-0.387,0,0
30,4,21,9,N,nb8,970,1.74,1.866,2,1
30,4,21,9,N,nb9,970,1.378,1.865,2,1
30,4,21,9,N,nb10,970,-0.664,1.424,1,1
30,4,21,9,N,nb11,970,-1.476,-0.358,1,1
30,4,21,9,N,nb12,970,1.269,0.052,1,1
30,4,21,9,N,nb13,970,1.866,-1.147,3,1
30,4,21,9,N,nb14,970,1.118,0.127,1,1
30,4,21,9,N,nb15,970,-0.598,1.659,1,1
30,4,21,9,N,nb16,970,1.703,-1.27,4,0
30,4,21,9,N,nb17,970,1.349,1.505,1,1
30,4,21,9,N,nb18,970,-1.623,-1.303,3,1
30,4,21,9,N,nb19,970,-1.645,-1.469,2,1
30,4,21,9,N,nb20,970,-0.419,-0.454,0,0
30,4,21,9,N,nb21,970,1.866,-1.81,0,0
30,4,21,9,N,nb22,970,1.539,-1.352,1,0
30,4,21,9,N,nb23,970,-1.81,-0.784,0,0
30,4,21,9,N,nb24,970,-1.622,-0.457,1,1
30,4,21,9,N,nb25,970,1.547,1.866,2,0
30,4,21,9,N,nb26,970,-0.35,-1.562,0,0
30,4,21,9,N,nb27,970,1.331,1.674,2,1
30,4,21,9,N,nb28,970,1.191,-1.249,0,0
30,4,21,9,N,nb29,970,-1.721,-1.092,1,1
30,4,21,9,A,aa0,970,1.052,-0.598,0,0
30,4,21,9,A,aa1,970,-1.037,0.925,0,0
30,4,21,9,A,aa2,970,-0.838,1.622,2,0
30,4,21,9,A,aa3,970,1.735,-1.703,0,0
30,4,21,9,A,aa4,970,0.565,0.344,1,0
30,4,21,9,A,aa5,970,-1.449,-0.191,1,0
30,4,21,9,A,aa6,970,1.866,1.62,2,0
30,4,21,9,A,aa7,970,-0.112,-0.699,0,0
30,4,21,9,A,aa8,970,-0.882,1.865,1,0
30,4,21,9,N,nb0,975,-1.473,1.78,0,0
30,4,21,9,N,nb1,975,1.699,1.655,1,1
30,4,21,9,N,nb2,975,1.707,-1.089,2,1
30,4,21,9,N,nb3,975,1.866,-1.317,2,0
30,4,21,9,N,nb4,975,0.278,-0.181,0,0
30,4,21,9,N,nb5,975,-1.839,-1.421,2,1
30,4,21,9,N,nb6,975,1.866,1.121,0,0
30,4,21,9,N,nb7,975,1.007,-0.343,0,0
30,4,21,9,N,nb8,975,1.74,1.866,2,1
30,4,21,9,N,nb9,975,1.378,1.865,2,1
30,4,21,9,N,nb10,975,-0.664,1.424,1,1
30,4,21,9,N,nb11,975,-1.476,-0.358,1,1
30,4,21,9,N,nb12,975,1.269,0.052,1,1
30,4,21,9,N,nb13,975,1.866,-1.147,3,1
30,4,21,9,N,nb14,975,1.118,0.127,1,1
30,4,21,9,N,nb15,975,-0.598,1.659,1,1
30,4,21,9,N,nb16,975,1.707,-1.259,4,0
30,4,21,9,N,nb17,975,1.349,1.505,1,1
30,4,21,9,N,nb18,975,-1.623,-1.303,3,1
30,4,21,9,N,nb19,975,-1.645,-1.469,2,1
30,4,21,9,N,nb20,975,-0.517,-0.472,0,0
30,4,21,9,N,nb21,975,1.866,-1.865,0,0
30,4,21,9,N,nb22,975,1.556,-1.335,1,0
30,4,21,9,N,nb23,975,-1.865,-0.815,0,0
30,4,21,9,N,nb24,975,-1.622,-0.457,1,1
30,4,21,9,N,nb25,975,1.547,1.866,2,1
30,4,21,9,N,nb26,975,-0.26,-1.518,0,0
30,4,21,9,N,nb27,975,1.331,1.674,2,1
30,4,21,9,N,nb28,975,1.281,-1.204,0,0
30,4,21,9,N,nb29,975,-1.721,-1.092,1,1
30,4,21,9,A,aa0,975,1.024,-0.518,0,0
30,4,21,9,A,aa1,975,-1.123,0.875,0,0
30,4,21,9,A,aa2,975,-0.761,1.581,2,0
30,4,21,9,A,aa3,975,1.736,-1.756,0,0
30,4,21,9,A,aa4,975,0.516,0.432,0,0
30,4,21,9,A,aa5,975,-1.357,-0.201,1,0
30,4,21,9,A,aa6,975,1.866,1.631,2,0
30,4,21,9,A,aa7,975,-0.037,-0.633,0,0
30,4,21,9,A,aa8,975,-0.861,1.865,1,0
30,4,21,9,N,nb0,980,-1.495,1.863,0,0
30,4,21,9,N,nb1,980,1.716,1.636,1,0
30,4,21,9,N,nb2,980,1.711,-1.079,2,1
30,4,21,9,N,nb3,980,1.866,-1.317,2,0
30,4,21,9,N,nb4,980,0.181,-0.205,0,0
30,4,21,9,N,nb5,980,-1.839,-1.421,2,1
30,4,21,9,N,nb6,980,1.866,1.035,0,0
30,4,21,9,N,nb7,980,1.086,-0.287,0,0
30,4,21,9,N,nb8,980,1.749,1.866,2,0
30,4,21,9,N,nb9,980,1.378,1.865,2,1
30,4,21,9,N,nb10,980,-0.66,1.419,1,0
30,4,21,9,N,nb11,980,-1.476,-0.358,1,1
30,4,21,9,N,nb12,980,1.269,0.052,1,1
30,4,21,9,N,nb13,980,1.866,-1.147,3,1
30,4,21,9,N,nb14,980,1.118,0.127,1,1
30,4,21,9,N,nb15,980,-0.598,1.659,1,0
30,4,21,9,N,nb16,980,1.711,-1.249,4,0
30,4,21,9,N,nb17,980,1.349,1.505,1,1
30,4,21,9,N,nb18,980,-1.623,-1.303,3,0
30,4,21,9,N,nb19,980,-1.645,-1.469,2,0
30,4,21,9,N,nb20,980,-0.616,-0.489,0,0
30,4,21,9,N,nb21,980,1.866,-1.865,0,0
30,4,21,9,N,nb22,980,1.561,-1.327,1,0
30,4,21,9,N,nb23,980,-1.865,-0.858,0,0
30,4,21,9,N,nb24,980,-1.622,-0.457,1,1
30,4,21,9,N,nb25,980,1.547,1.866,2,0
30,4,21,9,N,nb26,980,-0.171,-1.473,0,0
30,4,21,9,N,nb27,980,1.331,1.674,2,1
30,4,21,9,N,nb28,980,1.368,-1.16,0,0
30,4,21,9,N,nb29,980,-1.721,-1.092,1,1
30,4,21,9,A,aa0,980,0.996,-0.441,0,0
30,4,21,9,A,aa1,980,-1.21,0.825,0,0
30,4,21,9,A,aa2,980,-0.74,1.567,2,0
30,4,21,9,A,aa3,980,1.721,-1.777,3,1
30,4,21,9,A,aa4,980,0.468,0.519,0,0
30,4,21,9,A,aa5,980,-1.297,-0.204,1,0
30,4,21,9,A,aa6,980,1.862,1.723,0,0
30,4,21,9,A,aa7,980,0.038,-0.567,0,0
30,4,21,9,A,aa8,980,-0.795,1.865,1,0
30,4,21,9,N,nb0,985,-1.527,1.866,0,0
30,4,21,9,N,nb1,985,1.78,1.57,0,0
30,4,21,9,N,nb2,985,1.719,-1.062,2,1
30,4,21,9,N,nb3,985,1.866,-1.317,2,0
30,4,21,9,N,nb4,985,0.084,-0.229,0,0
30,4,21,9,N,nb5,985,-1.839,-1.421,2,1
30,4,21,9,N,nb6,985,1.866,0.945,0,0
30,4,21,9,N,nb7,985,1.166,-0.23,0,0
30,4,21,9,N,nb8,985,1.744,1.866,1,0
30,4,21,9,N,nb9,985,1.378,1.865,2,1
30,4,21,9,N,nb10,985,-0.66,1.419,1,1
30,4,21,9,N,nb11,985,-1.476,-0.358,1,1
30,4,21,9,N,nb12,985,1.269,0.052,1,1
30,4,21,9,N,nb13,985,1.866,-1.147,3,1
30,4,21,9,N,nb14,985,1.118,0.127,1,1
30,4,21,9,N,nb15,985,-0.598,1.659,1,1
30,4,21,9,N,nb16,985,1.719,-1.232,4,0
30,4,21,9,N,nb17,985,1.349,1.505,1,1
30,4,21,9,N,nb18,985,-1.623,-1.303,3,1
30,4,21,9,N,nb19,985,-1.645,-1.469,2,1
30,4,21,9,N,nb20,985,-0.714,-0.506,0,0
30,4,21,9,N,nb21,985,1.866,-1.865,0,0
30,4,21,9,N,nb22,985,1.569,-1.31,2,0
30,4,21,9,N,nb23,985,-1.865,-0.891,1,1
30,4,21,9,N,nb24,985,-1.622,-0.457,1,1
30,4,21,9,N,nb25,985,1.547,1.866,2,0
30,4,21,9,N,nb26,985,-0.081,-1.429,0,0
30,4,21,9,N,nb27,985,1.331,1.674,2,1
30,4,21,9,N,nb28,985,1.387,-1.15,1,1
30,4,21,9,N,nb29,985,-1.721,-1.092,2,1
30,4,21,9,A,aa0,985,0.951,-0.363,2,0
30,4,21,9,A,aa1,985,-1.297,0.775,0,0
30,4,21,9,A,aa2,985,-0.74,1.567,2,0
30,4,21,9,A,aa3,985,1.721,-1.777,0,0
30,4,21,9,A,aa4,985,0.42,0.607,0,0
30,4,21,9,A,aa5,985,-1.285,-0.192,1,0
30,4,21,9,A,aa6,985,1.865,1.749,2,0
30,4,21,9,A,aa7,985,0.113,-0.5,0,0
30,4,21,9,A,aa8,985,-0.72,1.865,1,0
30,4,21,9,N,nb0,990,-1.575,1.866,0,0
30,4,21,9,N,nb1,990,1.836,1.498,0,0
30,4,21,9,N,nb2,990,1.719,-1.062,2,1
30,4,21,9,N,nb3,990,1.866,-1.317,2,0
30,4,21,9,N,nb4,990,-0.008,-0.25,0,0
30,4,21,9,N,nb5,990,-1.839,-1.421,2,0
30,4,21,9,N,nb6,990,1.865,0.853,0,0
30,4,21,9,N,nb7,990,1.23,-0.185,1,1
30,4,21,9,N,nb8,990,1.73,1.865,1,1
30,4,21,9,N,nb9,990,1.378,1.865,2,1
30,4,21,9,N,nb10,990,-0.66,1.419,1,1
30,4,21,9,N,nb11,990,-1.476,-0.358,1,1
30,4,21,9,N,nb12,990,1.269,0.052,2,1
30,4,21,9,N,nb13,990,1.866,-1.147,3,1
30,4,21,9,N,nb14,990,1.118,0.127,1,1
30,4,21,9,N,nb15,990,-0.598,1.659,1,1
30,4,21,9,N,nb16,990,1.719,-1.232,4,0
30,4,21,9,N,nb17,990,1.349,1.505,1,1
30,4,21,9,N,nb18,990,-1.623,-1.303,3,1
30,4,21,9,N,nb19,990,-1.645,-1.469,2,1
30,4,21,9,N,nb20,990,-0.813,-0.524,0,0
30,4,21,9,N,nb21,990,1.866,-1.865,0,0
30,4,21,9,N,nb22,990,1.559,-1.287,2,0
30,4,21,9,N,nb23,990,-1.865,-0.891,1,1
30,4,21,9,N,nb24,990,-1.622,-0.457,1,1
30,4,21,9,N,nb25,990,1.547,1.866,2,1
30,4,21,9,N,nb26,990,0.009,-1.385,0,0
30,4,21,9,N,nb27,990,1.331,1.674,2,1
30,4,21,9,N,nb28,990,1.387,-1.15,1,1
30,4,21,9,N,nb29,990,-1.721,-1.092,2,1
30,4,21,9,A,aa0,990,0.894,-0.283,2,0
30,4,21,9,A,aa1,990,-1.384,0.726,0,0
30,4,21,9,A,aa2,990,-0.74,1.567,2,0
30,4,21,9,A,aa3,990,1.709,-1.8,0,0
30,4,21,9,A,aa4,990,0.372,0.695,0,0
30,4,21,9,A,aa5,990,-1.218,-0.118,0,0
30,4,21,9,A,aa6,990,1.865,1.765,3,1
30,4,21,9,A,aa7,990,0.184,-0.441,0,0
30,4,21,9,A,aa8,990,-0.638,1.865,1,0
30,4,21,9,N,nb0,995,-1.634,1.866,0,0
30,4,21,9,N,nb1,995,1.865,1.421,0,0
30,4,21,9,N,nb2,995,1.719,-1.062,2,1
30,4,21,9,N,nb3,995,1.866,-1.317,2,0
30,4,21,9,N,nb4,995,-0.107,-0.267,0,0
30,4,21,9,N,nb5,995,-1.839,-1.421,2,1
30,4,21,9,N,nb6,995,1.857,0.761,0,0
30,4,21,9,N,nb7,995,1.258,-0.168,1,0
30,4,21,9,N,nb8,995,1.718,1.865,1,0
30,4,21,9,N,nb9,995,1.378,1.865,2,1
30,4,21,9,N,nb10,995,-0.66,1.419,1,1
30,4,21,9,N,nb11,995,-1.476,-0.358,1,1
30,4,21,9,N,nb12,995,1.252,0.036,2,0
30,4,21,9,N,nb13,995,1.866,-1.147,3,1
30,4,21,9,N,nb14,995,1.101,0.109,1,0
30,4,21,9,N,nb15,995,-0.598,1.659,1,1
30,4,21,9,N,nb16,995,1.719,-1.232,4,0
30,4,21,9,N,nb17,995,1.317,1.541,1,0
30,4,21,9,N,nb18,995,-1.623,-1.303,3,1
30,4,21,9,N,nb19,995,-1.645,-1.469,2,1
30,4,21,9,N,nb20,995,-0.911,-0.541,0,0
30,4,21,9,N,nb21,995,1.866,-1.865,0,0
30,4,21,9,N,nb22,995,1.556,-1.277,2,0
30,4,21,9,N,nb23,995,-1.865,-0.891,1,1
30,4,21,9,N,nb24,995,-1.622,-0.457,1,1
30,4,21,9,N,nb25,995,1.547,1.866,2,1
30,4,21,9,N,nb26,995,0.099,-1.341,0,0
30,4,21,9,N,nb27,995,1.31,1.71,2,0
30,4,21,9,N,nb28,995,1.387,-1.15,1,1
30,4,21,9,N,nb29,995,-1.721,-1.092,2,1
30,4,21,9,A,aa0,995,0.835,-0.202,0,0
30,4,21,9,A,aa1,995,-1.47,0.676,0,0
30,4,21,9,A,aa2,995,-0.74,1.567,2,0
30,4,21,9,A,aa3,995,1.699,-1.831,3,1
30,4,21,9,A,aa4,995,0.324,0.782,0,0
30,4,21,9,A,aa5,995,-1.151,-0.043,1,0
30,4,21,9,A,aa6,995,1.864,1.782,0,0
30,4,21,9,A,aa7,995,0.265,-0.382,0,0
30,4,21,9,A,aa8,995,-0.551,1.865,1,0
30,4,21,9,N,nb0,1000,-1.705,1.866,0,0
30,4,21,9,N,nb1,1000,1.865,1.34,0,0
30,4,21,9,N,nb2,1000,1.719,-1.062,3,1
30,4,21,9,N,nb3,1000,1.866,-1.317,2,0
30,4,21,9,N,nb4,1000,-0.206,-0.284,0,0
30,4,21,9,N,nb5,1000,-1.839,-1.421,2,1
30,4,21,9,N,nb6,1000,1.838,0.669,0,0
30,4,21,9,N,nb7,1000,1.34,-0.128,1,0
30,4,21,9,N,nb8,1000,1.717,1.865,1,0
30,4,21,9,N,nb9,1000,1.378,1.865,2,1
30,4,21,9,N,nb10,1000,-0.66,1.419,1,1
30,4,21,9,N,nb11,1000,-1.476,-0.358,1,1
30,4,21,9,N,nb12,1000,1.197,-0.017,2,0
30,4,21,9,N,nb13,1000,1.866,-1.147,3,1
30,4,21,9,N,nb14,1000,1.048,0.06,1,0
30,4,21,9,N,nb15,1000,-0.598,1.659,1,1
30,4,21,9,N,nb16,1000,1.719,-1.232,4,0
30,4,21,9,N,nb17,1000,1.257,1.589,1,0
30,4,21,9,N,nb18,1000,-1.623,-1.303,3,1
30,4,21,9,N,nb19,1000,-1.645,-1.469,2,1
30,4,21,9,N,nb20,1000,-1.01,-0.558,0,0
30,4,21,9,N,nb21,1000,1.866,-1.865,0,0
30,4,21,9,N,nb22,1000,1.551,-1.211,3,0
30,4,21,9,N,nb23,1000,-1.865,-0.891,1,1
30,4,21,9,N,nb24,1000,-1.622,-0.457,1,1
30,4,21,9,N,nb25,1000,1.547,1.866,2,1
30,4,21,9,N,nb26,1000,0.188,-1.297,0,0
30,4,21,9,N,nb27,1000,1.246,1.759,2,0
30,4,21,9,N,nb28,1000,1.387,-1.15,1,1
30,4,21,9,N,nb29,1000,-1.721,-1.092,2,1
30,4,21,9,A,aa0,1000,0.776,-0.121,0,0
30,4,21,9,A,aa1,1000,-1.557,0.626,0,0
30,4,21,9,A,aa2,1000,-0.74,1.567,2,0
30,4,21,9,A,aa3,1000,1.696,-1.859,0,0
30,4,21,9,A,aa4,1000,0.276,0.87,0,0
30,4,21,9,A,aa5,1000,-1.084,0.031,1,0
30,4,21,9,A,aa6,1000,1.865,1.784,0,0
30,4,21,9,A,aa7,1000,0.346,-0.324,0,0
30,4,21,9,A,aa8,1000,-0.46,1.865,1,0
30,4,21,9,N,nb0,1005,-1.783,1.866,0,0
30,4,21,9,N,nb1,1005,1.865,1.253,0,0
30,4,21,9,N,nb2,1005,1.719,-1.062,3,1
30,4,21,9,N,nb3,1005,1.866,-1.344,2,1
30,4,21,9,N,nb4,1005,-0.304,-0.301,0,0
30,4,21,9,N,nb5,1005,-1.839,-1.421,2,1
30,4,21,9,N,nb6,1005,1.811,0.58,0,0
30,4,21,9,N,nb7,1005,1.397,-0.107,1,1
30,4,21,9,N,nb8,1005,1.716,1.865,1,1
30,4,21,9,N,nb9,1005,1.376,1.865,2,1
30,4,21,9,N,nb10,1005,-0.66,1.417,1,1
30,4,21,9,N,nb11,1005,-1.476,-0.358,1,1
30,4,21,9,N,nb12,1005,1.162,-0.046,2,1
30,4,21,9,N,nb13,1005,1.866,-1.147,3,1
30,4,21,9,N,nb14,1005,1.012,0.029,1,1
30,4,21,9,N,nb15,1005,-0.598,1.659,1,1
30,4,21,9,N,nb16,1005,1.728,-1.246,4,1
30,4,21,9,N,nb17,1005,1.226,1.611,1,1
30,4,21,9,N,nb18,1005,-1.623,-1.303,3,1
30,4,21,9,N,nb19,1005,-1.645,-1.469,2,1
30,4,21,9,N,nb20,1005,-1.108,-0.576,0,0
30,4,21,9,N,nb21,1005,1.866,-1.851,0,0
30,4,21,9,N,nb22,1005,1.556,-1.122,3,1
30,4,21,9,N,nb23,1005,-1.865,-0.891,1,1
30,4,21,9,N,nb24,1005,-1.622,-0.457,1,1
30,4,21,9,N,nb25,1005,1.546,1.866,2,1
30,4,21,9,N,nb26,1005,0.278,-1.253,0,0
30,4,21,9,N,nb27,1005,1.223,1.792,2,1
30,4,21,9,N,nb28,1005,1.386,-1.149,1,1
30,4,21,9,N,nb29,1005,-1.721,-1.092,2,1
30,4,21,9,A,aa0,1005,0.718,-0.04,1,0
30,4,21,9,A,aa1,1005,-1.644,0.577,0,0
30,4,21,9,A,aa2,1005,-0.74,1.566,2,0
30,4,21,9,A,aa3,1005,1.696,-1.865,0,0
30,4,21,9,A,aa4,1005,0.228,0.958,0,0
30,4,21,9,A,aa5,1005,-1.017,0.105,0,0
30,4,21,9,A,aa6,1005,1.865,1.789,1,0
30,4,21,9,A,aa7,1005,0.427,-0.265,0,0
30,4,21,9,A,aa8,1005,-0.368,1.863,1,0
30,4,21,9,N,nb0,1010,-1.865,1.866,0,0
30,4,21,9,N,nb1,1010,1.865,1.163,0,0
30,4,21,9,N,nb2,1010,1.719,-1.062,3,1
30,4,21,9,N,nb3,1010,1.866,-1.345,2,1
30,4,21,9,N,nb4,1010,-0.403,-0.317,0,0
30,4,21,9,N,nb5,1010,-1.839,-1.421,2,1
30,4,21,9,N,nb6,1010,1.776,0.493,0,0
30,4,21,9,N,nb7,1010,1.397,-0.107,1,1
30,4,21,9,N,nb8,1010,1.712,1.865,1,1
30,4,21,9,N,nb9,1010,1.372,1.865,2,1
30,4,21,9,N,nb10,1010,-0.66,1.417,1,1
30,4,21,9,N,nb11,1010,-1.476,-0.358,1,1
30,4,21,9,N,nb12,1010,1.162,-0.046,2,1
30,4,21,9,N,nb13,1010,1.866,-1.147,3,1
30,4,21,9,N,nb14,1010,1.012,0.029,1,1
30,4,21,9,N,nb15,1010,-0.598,1.659,1,1
30,4,21,9,N,nb16,1010,1.728,-1.247,4,1
30,4,21,9,N,nb17,1010,1.226,1.611,1,1
30,4,21,9,N,nb18,1010,-1.623,-1.303,3,1
30,4,21,9,N,nb19,1010,-1.645,-1.469,2,1
30,4,21,9,N,nb20,1010,-1.207,-0.593,0,0
30,4,21,9,N,nb21,1010,1.866,-1.828,0,0
30,4,21,9,N,nb22,1010,1.556,-1.119,3,1
30,4,21,9,N,nb23,1010,-1.865,-0.891,1,1
30,4,21,9,N,nb24,1010,-1.622,-0.457,1,1
30,4,21,9,N,nb25,1010,1.542,1.866,2,1
30,4,21,9,N,nb26,1010,0.368,-1.209,0,0
30,4,21,9,N,nb27,1010,1.219,1.792,2,1
30,4,21,9,N,nb28,1010,1.386,-1.149,1,1
30,4,21,9,N,nb29,1010,-1.721,-1.092,2,1
30,4,21,9,A,aa0,1010,0.659,0.041,1,0
30,4,21,9,A,aa1,1010,-1.731,0.527,0,0
30,4,21,9,A,aa2,1010,-0.748,1.561,2,0
30,4,21,9,A,aa3,1010,1.701,-1.865,1,0
30,4,21,9,A,aa4,1010,0.179,1.045,0,0
30,4,21,9,A,aa5,1010,-0.95,0.179,0,0
30,4,21,9,A,aa6,1010,1.865,1.796,1,0
30,4,21,9,A,aa7,1010,0.508,-0.207,1,0
30,4,21,9,A,aa8,1010,-0.291,1.854,2,0
30,4,21,9,N,nb0,1015,-1.865,1.866,0,0
30,4,21,9,N,nb1,1015,1.864,1.071,0,0
30,4,21,9,N,nb2,1015,1.719,-1.062,3,1
30,4,21,9,N,nb3,1015,1.866,-1.345,2,1
30,4,21,9,N,nb4,1015,-0.501,-0.334,0,0
30,4,21,9,N,nb5,1015,-1.839,-1.421,2,1
30,4,21,9,N,nb6,1015,1.733,0.405,0,0
30,4,21,9,N,nb7,1015,1.397,-0.107,1,1
30,4,21,9,N,nb8,1015,1.709,1.865,1,1
30,4,21,9,N,nb9,1015,1.369,1.865,2,1
30,4,21,9,N,nb10,1015,-0.66,1.417,1,1
30,4,21,9,N,nb11,1015,-1.476,-0.358,1,1
30,4,21,9,N,nb12,1015,1.162,-0.046,2,1
30,4,21,9,N,nb13,1015,1.866,-1.147,3,1
30,4,21,9,N,nb14,1015,1.012,0.029,1,1
30,4,21,9,N,nb15,1015,-0.598,1.659,1,1
30,4,21,9,N,nb16,1015,1.728,-1.247,4,1
30,4,21,9,N,nb17,1015,1.226,1.611,1,1
30,4,21,9,N,nb18,1015,-1.623,-1.303,3,1
30,4,21,9,N,nb19,1015,-1.645,-1.469,2,1
30,4,21,9,N,nb20,1015,-1.305,-0.611,0,0
30,4,21,9,N,nb21,1015,1.866,-1.802,0,0
30,4,21,9,N,nb22,1015,1.556,-1.119,3,1
30,4,21,9,N,nb23,1015,-1.865,-0.891,1,1
30,4,21,9,N,nb24,1015,-1.622,-0.457,1,1
30,4,21,9,N,nb25,1015,1.539,1.866,2,1
30,4,21,9,N,nb26,1015,0.458,-1.164,0,0
30,4,21,9,N,nb27,1015,1.216,1.792,2,1
30,4,21,9,N,nb28,1015,1.386,-1.149,1,1
30,4,21,9,N,nb29,1015,-1.721,-1.092,2,1
30,4,21,9,A,aa0,1015,0.601,0.122,1,0
30,4,21,9,A,aa1,1015,-1.813,0.479,0,0
30,4,21,9,A,aa2,1015,-0.774,1.541,2,0
30,4,21,9,A,aa3,1015,1.708,-1.864,1,0
30,4,21,9,A,aa4,1015,0.131,1.133,0,0
30,4,21,9,A,aa5,1015,-0.883,0.253,0,0
30,4,21,9,A,aa6,1015,1.865,1.804,1,0
30,4,21,9,A,aa7,1015,0.59,-0.149,2,0
30,4,21,9,A,aa8,1015,-0.291,1.854,2,0
30,4,21,9,N,nb0,1020,-1.865,1.865,0,0
30,4,21,9,N,nb1,1020,1.854,0.979,0,0
30,4,21,9,N,nb2,1020,1.719,-1.062,3,1
30,4,21,9,N,nb3,1020,1.866,-1.345,2,1
30,4,21,9,N,nb4,1020,-0.6,-0.351,0,0
30,4,21,9,N,nb5,1020,-1.839,-1.421,2,1
30,4,21,9,N,nb6,1020,1.688,0.316,0,0
30,4,21,9,N,nb7,1020,1.397,-0.107,1,1
30,4,21,9,N,nb8,1020,1.709,1.865,1,1
30,4,21,9,N,nb9,1020,1.369,1.865,2,1
30,4,21,9,N,nb10,1020,-0.66,1.417,1,1
30,4,21,9,N,nb11,1020,-1.476,-0.358,1,1
30,4,21,9,N,nb12,1020,1.162,-0.046,2,1
30,4,21,9,N,nb13,1020,1.866,-1.147,3,1
30,4,21,9,N,nb14,1020,1.012,0.029,1,1
30,4,21,9,N,nb15,1020,-0.598,1.659,1,1
30,4,21,9,N,nb16,1020,1.728,-1.247,4,1
30,4,21,9,N,nb17,1020,1.226,1.611,1,1
30,4,21,9,N,nb18,1020,-1.623,-1.303,3,1
30,4,21,9,N,nb19,1020,-1.645,-1.469,2,1
30,4,21,9,N,nb20,1020,-1.404,-0.628,0,0
30,4,21,9,N,nb21,1020,1.866,-1.765,0,0
30,4,21,9,N,nb22,1020,1.556,-1.119,3,1
30,4,21,9,N,nb23,1020,-1.865,-0.891,1,1
30,4,21,9,N,nb24,1020,-1.622,-0.457,1,1
30,4,21,9,N,nb25,1020,1.539,1.866,2,1
30,4,21,9,N,nb26,1020,0.547,-1.12,0,0
30,4,21,9,N,nb27,1020,1.216,1.792,2,1
30,4,21,9,N,nb28,1020,1.386,-1.149,1,1
30,4,21,9,N,nb29,1020,-1.721,-1.092,2,1
30,4,21,9,A,aa0,1020,0.542,0.203,1,0
30,4,21,9,A,aa1,1020,-1.866,0.427,0,0
30,4,21,9,A,aa2,1020,-0.814,1.486,2,0
30,4,21,9,A,aa3,1020,1.719,-1.85,1,0
30,4,21,9,A,aa4,1020,0.083,1.221,0,0
30,4,21,9,A,aa5,1020,-0.867,0.27,0,0
30,4,21,9,A,aa6,1020,1.865,1.804,1,0
30,4,21,9,A,aa7,1020,0.641,-0.112,2,0
30,4,21,9,A,aa8,1020,-0.246,1.865,1,0
30,4,21,9,N,nb0,1025,-1.865,1.853,0,0
30,4,21,9,N,nb1,1025,1.834,0.888,0,0
30,4,21,9,N,nb2,1025,1.719,-1.062,3,1
30,4,21,9,N,nb3,1025,1.866,-1.345,2,1
30,4,21,9,N,nb4,1025,-0.698,-0.368,0,0
30,4,21,9,N,nb5,1025,-1.839,-1.421,2,1
30,4,21,9,N,nb6,1025,1.642,0.227,0,0
30,4,21,9,N,nb7,1025,1.397,-0.107,1,1
30,4,21,9,N,nb8,1025,1.709,1.865,1,1
30,4,21,9,N,nb9,1025,1.369,1.865,2,1
30,4,21,9,N,nb10,1025,-0.66,1.417,1,1
30,4,21,9,N,nb11,1025,-1.476,-0.358,1,1
30,4,21,9,N,nb12,1025,1.162,-0.046,2,1
30,4,21,9,N,nb13,1025,1.866,-1.147,3,1
30,4,21,9,N,nb14,1025,1.012,0.029,1,1
30,4,21,9,N,nb15,1025,-0.598,1.659,1,1
30,4,21,9,N,nb16,1025,1.728,-1.247,4,1
30,4,21,9,N,nb17,1025,1.226,1.611,1,1
30,4,21,9,N,nb18,1025,-1.623,-1.303,3,1
30,4,21,9,N,nb19,1025,-1.645,-1.469,2,1
30,4,21,9,N,nb20,1025,-1.461,-0.639,1,1
30,4,21,9,N,nb21,1025,1.866,-1.715,0,0
30,4,21,9,N,nb22,1025,1.556,-1.119,3,1
30,4,21,9,N,nb23,1025,-1.865,-0.891,1,1
30,4,21,9,N,nb24,1025,-1.622,-0.457,2,1
30,4,21,9,N,nb25,1025,1.539,1.866,2,1
30,4,21,9,N,nb26,1025,0.637,-1.076,0,0
30,4,21,9,N,nb27,1025,1.216,1.792,2,1
30,4,21,9,N,nb28,1025,1.386,-1.149,1,1
30,4,21,9,N,nb29,1025,-1.721,-1.092,2,1
30,4,21,9,A,aa0,1025,0.483,0.284,1,0
30,4,21,9,A,aa1,1025,-1.866,0.366,0,0
30,4,21,9,A,aa2,1025,-0.852,1.401,2,0
30,4,21,9,A,aa3,1025,1.735,-1.823,2,0
30,4,21,9,A,aa4,1025,0.035,1.308,0,0
30,4,21,9,A,aa5,1025,-0.874,0.327,0,0
30,4,21,9,A,aa6,1025,1.864,1.8,1,0
30,4,21,9,A,aa7,1025,0.65,-0.076,1,0
30,4,21,9,A,aa8,1025,-0.244,1.865,1,0
30,4,21,9,N,nb0,1030,-1.865,1.827,0,0
30,4,21,9,N,nb1,1030,1.806,0.799,0,0
30,4,21,9,N,nb2,1030,1.719,-1.062,3,1
30,4,21,9,N,nb3,1030,1.866,-1.345,2,1
30,4,21,9,N,nb4,1030,-0.797,-0.385,0,0
30,4,21,9,N,nb5,1030,-1.839,-1.421,2,1
30,4,21,9,N,nb6,1030,1.597,0.138,0,0
30,4,21,9,N,nb7,1030,1.397,-0.107,1,1
30,4,21,9,N,nb8,1030,1.709,1.865,1,1
30,4,21,9,N,nb9,1030,1.369,1.865,2,1
30,4,21,9,N,nb10,1030,-0.66,1.417,1,1
30,4,21,9,N,nb11,1030,-1.476,-0.358,1,1
30,4,21,9,N,nb12,1030,1.162,-0.046,2,1
30,4,21,9,N,nb13,1030,1.866,-1.147,3,1
30,4,21,9,N,nb14,1030,1.012,0.029,1,1
30,4,21,9,N,nb15,1030,-0.598,1.659,1,1
30,4,21,9,N,nb16,1030,1.728,-1.247,4,1
30,4,21,9,N,nb17,1030,1.226,1.611,1,1
30,4,21,9,N,nb18,1030,-1.623,-1.303,3,1
30,4,21,9,N,nb19,1030,-1.645,-1.469,2,1
30,4,21,9,N,nb20,1030,-1.461,-0.639,1,1
30,4,21,9,N,nb21,1030,1.866,-1.65,0,0
30,4,21,9,N,nb22,1030,1.556,-1.119,3,1
30,4,21,9,N,nb23,1030,-1.865,-0.891,1,1
30,4,21,9,N,nb24,1030,-1.622,-0.457,2,1
30,4,21,9,N,nb25,1030,1.539,1.866,2,1
30,4,21,9,N,nb26,1030,0.727,-1.032,0,0
30,4,21,9,N,nb27,1030,1.216,1.792,2,1
30,4,21,9,N,nb28,1030,1.386,-1.149,1,1
30,4,21,9,N,nb29,1030,-1.721,-1.092,2,1
30,4,21,9,A,aa0,1030,0.425,0.365,0,0
30,4,21,9,A,aa1,1030,-1.866,0.364,0,0
30,4,21,9,A,aa2,1030,-0.898,1.317,2,0
30,4,21,9,A,aa3,1030,1.756,-1.779,1,0
30,4,21,9,A,aa4,1030,-0.013,1.396,0,0
30,4,21,9,A,aa5,1030,-0.886,0.426,0,0
30,4,21,9,A,aa6,1030,1.855,1.781,1,0
30,4,21,9,A,aa7,1030,0.673,0.021,1,0
30,4,21,9,A,aa8,1030,-0.231,1.865,1,0
30,4,21,9,N,nb0,1035,-1.865,1.787,0,0
30,4,21,9,N,nb1,1035,1.77,0.712,0,0
30,4,21,9,N,nb2,1035,1.719,-1.062,3,1
30,4,21,9,N,nb3,1035,1.866,-1.345,3,0
30,4,21,9,N,nb4,1035,-0.896,-0.402,0,0
30,4,21,9,N,nb5,1035,-1.839,-1.421,2,1
30,4,21,9,N,nb6,1035,1.561,0.066,1,1
30,4,21,9,N,nb7,1035,1.397,-0.107,2,1
30,4,21,9,N,nb8,1035,1.709,1.865,1,1
30,4,21,9,N,nb9,1035,1.369,1.865,2,1
30,4,21,9,N,nb10,1035,-0.66,1.417,1,1
30,4,21,9,N,nb11,1035,-1.476,-0.358,1,1
30,4,21,9,N,nb12,1035,1.162,-0.046,2,1
30,4,21,9,N,nb13,1035,1.866,-1.147,3,1
30,4,21,9,N,nb14,1035,1.012,0.029,1,1
30,4,21,9,N,nb15,1035,-0.598,1.659,1,1
30,4,21,9,N,nb16,1035,1.728,-1.247,4,0
30,4,21,9,N,nb17,1035,1.226,1.611,1,1
30,4,21,9,N,nb18,1035,-1.623,-1.303,3,1
30,4,21,9,N,nb19,1035,-1.645,-1.469,2,1
30,4,21,9,N,nb20,1035,-1.461,-0.639,1,1
30,4,21,9,N,nb21,1035,1.866,-1.573,1,1
30,4,21,9,N,nb22,1035,1.556,-1.119,3,0
30,4,21,9,N,nb23,1035,-1.865,-0.891,1,1
30,4,21,9,N,nb24,1035,-1.622,-0.457,2,1
30,4,21,9,N,nb25,1035,1.539,1.866,2,1
30,4,21,9,N,nb26,1035,0.817,-0.988,0,0
30,4,21,9,N,nb27,1035,1.216,1.792,2,1
30,4,21,9,N,nb28,1035,1.386,-1.149,1,1
30,4,21,9,N,nb29,1035,-1.721,-1.092,2,1
30,4,21,9,A,aa0,1035,0.366,0.446,0,0
30,4,21,9,A,aa1,1035,-1.856,0.275,0,0
30,4,21,9,A,aa2,1035,-0.93,1.263,2,0
30,4,21,9,A,aa3,1035,1.786,-1.722,1,0
30,4,21,9,A,aa4,1035,-0.061,1.484,1,0
30,4,21,9,A,aa5,1035,-0.898,0.525,0,0
30,4,21,9,A,aa6,1035,1.83,1.748,1,0
30,4,21,9,A,aa7,1035,0.696,0.119,0,0
30,4,21,9,A,aa8,1035,-0.2,1.865,1,0
30,4,21,9,N,nb0,1040,-1.865,1.734,0,0
30,4,21,9,N,nb1,1040,1.727,0.623,0,0
30,4,21,9,N,nb2,1040,1.719,-1.062,3,1
30,4,21,9,N,nb3,1040,1.866,-1.345,3,1
30,4,21,9,N,nb4,1040,-0.994,-0.418,0,0
30,4,21,9,N,nb5,1040,-1.839,-1.421,2,1
30,4,21,9,N,nb6,1040,1.561,0.066,1,1
30,4,21,9,N,nb7,1040,1.397,-0.107,2,1
30,4,21,9,N,nb8,1040,1.709,1.865,1,0
30,4,21,9,N,nb9,1040,1.369,1.865,2,1
30,4,21,9,N,nb10,1040,-0.66,1.417,1,1
30,4,21,9,N,nb11,1040,-1.476,-0.358,1,1
30,4,21,9,N,nb12,1040,1.162,-0.046,2,1
30,4,21,9,N,nb13,1040,1.866,-1.147,3,1
30,4,21,9,N,nb14,1040,1.012,0.029,1,1
30,4,21,9,N,nb15,1040,-0.598,1.659,1,1
30,4,21,9,N,nb16,1040,1.728,-1.247,4,1
30,4,21,9,N,nb17,1040,1.213,1.619,1,0
30,4,21,9,N,nb18,1040,-1.623,-1.303,3,1
30,4,21,9,N,nb19,1040,-1.645,-1.469,2,1
30,4,21,9,N,nb20,1040,-1.461,-0.639,1,1
30,4,21,9,N,nb21,1040,1.866,-1.566,1,1
30,4,21,9,N,nb22,1040,1.556,-1.119,3,1
30,4,21,9,N,nb23,1040,-1.865,-0.891,1,1
30,4,21,9,N,nb24,1040,-1.622,-0.457,2,1
30,4,21,9,N,nb25,1040,1.539,1.866,2,0
30,4,21,9,N,nb26,1040,0.906,-0.944,0,0
30,4,21,9,N,nb27,1040,1.209,1.806,2,0
30,4,21,9,N,nb28,1040,1.386,-1.149,1,1
30,4,21,9,N,nb29,1040,-1.721,-1.092,2,1
30,4,21,9,A,aa0,1040,0.308,0.527,0,0
30,4,21,9,A,aa1,1040,-1.835,0.184,0,0
30,4,21,9,A,aa2,1040,-0.93,1.263,2,0
30,4,21,9,A,aa3,1040,1.801,-1.723,2,0
30,4,21,9,A,aa4,1040,-0.082,1.522,2,0
30,4,21,9,A,aa5,1040,-0.904,0.568,0,0
30,4,21,9,A,aa6,1040,1.768,1.707,1,0
30,4,21,9,A,aa7,1040,0.719,0.216,1,0
30,4,21,9,A,aa8,1040,-0.154,1.865,1,0
30,4,21,9,N,nb0,1045,-1.865,1.67,0,0
30,4,21,9,N,nb1,1045,1.682,0.534,0,0
30,4,21,9,N,nb2,1045,1.719,-1.062,3,1
30,4,21,9,N,nb3,1045,1.866,-1.345,3,1
30,4,21,9,N,nb4,1045,-1.093,-0.435,0,0
30,4,21,9,N,nb5,1045,-1.839,-1.421,2,1
30,4,21,9,N,nb6,1045,1.561,0.066,1,1
30,4,21,9,N,nb7,1045,1.397,-0.107,2,1
30,4,21,9,N,nb8,1045,1.757,1.865,1,0
30,4,21,9,N,nb9,1045,1.359,1.86,2,1
30,4,21,9,N,nb10,1045,-0.66,1.417,1,1
30,4,21,9,N,nb11,1045,-1.476,-0.358,1,1
30,4,21,9,N,nb12,1045,1.162,-0.046,2,1
30,4,21,9,N,nb13,1045,1.866,-1.147,3,1
30,4,21,9,N,nb14,1045,1.012,0.029,1,1
30,4,21,9,N,nb15,1045,-0.598,1.659,1,1
30,4,21,9,N,nb16,1045,1.728,-1.247,4,1
30,4,21,9,N,nb17,1045,1.133,1.66,1,0
30,4,21,9,N,nb18,1045,-1.623,-1.303,3,1
30,4,21,9,N,nb19,1045,-1.645,-1.469,2,1
30,4,21,9,N,nb20,1045,-1.461,-0.639,1,1
30,4,21,9,N,nb21,1045,1.866,-1.566,1,1
30,4,21,9,N,nb22,1045,1.556,-1.119,3,1
30,4,21,9,N,nb23,1045,-1.865,-0.891,1,1
30,4,21,9,N,nb24,1045,-1.622,-0.457,2,1
30,4,21,9,N,nb25,1045,1.529,1.866,2,0
30,4,21,9,N,nb26,1045,0.996,-0.9,0,0
30,4,21,9,N,nb27,1045,1.165,1.866,2,0
30,4,21,9,N,nb28,1045,1.386,-1.149,1,1
30,4,21,9,N,nb29,1045,-1.721,-1.092,2,1
30,4,21,9,A,aa0,1045,0.249,0.608,0,0
30,4,21,9,A,aa1,1045,-1.806,0.095,2,0
30,4,21,9,A,aa2,1045,-0.888,1.2,1,0
30,4,21,9,A,aa3,1045,1.817,-1.728,1,0
30,4,21,9,A,aa4,1045,-0.135,1.541,2,0
30,4,21,9,A,aa5,1045,-0.934,0.589,0,0
30,4,21,9,A,aa6,1045,1.683,1.668,1,0
30,4,21,9,A,aa7,1045,0.742,0.313,1,0
30,4,21,9,A,aa8,1045,-0.096,1.865,1,0
30,4,21,9,N,nb0,1050,-1.865,1.596,0,0
30,4,21,9,N,nb1,1050,1.637,0.444,0,0
30,4,21,9,N,nb2,1050,1.719,-1.062,3,1
30,4,21,9,N,nb3,1050,1.866,-1.345,3,1
30,4,21,9,N,nb4,1050,-1.191,-0.452,0,0
30,4,21,9,N,nb5,1050,-1.839,-1.421,2,1
30,4,21,9,N,nb6,1050,1.561,0.066,1,1
30,4,21,9,N,nb7,1050,1.397,-0.107,2,1
30,4,21,9,N,nb8,1050,1.819,1.865,0,0
30,4,21,9,N,nb9,1050,1.323,1.847,2,1
30,4,21,9,N,nb10,1050,-0.66,1.417,1,1
30,4,21,9,N,nb11,1050,-1.476,-0.358,1,0
30,4,21,9,N,nb12,1050,1.162,-0.046,2,1
30,4,21,9,N,nb13,1050,1.866,-1.147,3,1
30,4,21,9,N,nb14,1050,1.012,0.029,1,1
30,4,21,9,N,nb15,1050,-0.598,1.659,1,1
30,4,21,9,N,nb16,1050,1.728,-1.247,4,1
30,4,21,9,N,nb17,1050,1.061,1.685,1,1
30,4,21,9,N,nb18,1050,-1.623,-1.303,3,1
30,4,21,9,N,nb19,1050,-1.645,-1.469,2,1
30,4,21,9,N,nb20,1050,-1.461,-0.639,1,1
30,4,21,9,N,nb21,1050,1.866,-1.566,1,1
30,4,21,9,N,nb22,1050,1.556,-1.119,3,1
30,4,21,9,N,nb23,1050,-1.865,-0.891,1,1
30,4,21,9,N,nb24,1050,-1.622,-0.457,2,0
30,4,21,9,N,nb25,1050,1.492,1.866,1,1
30,4,21,9,N,nb26,1050,1.086,-0.855,0,0
30,4,21,9,N,nb27,1050,1.126,1.866,2,1
30,4,21,9,N,nb28,1050,1.386,-1.149,1,1
30,4,21,9,N,nb29,1050,-1.721,-1.092,2,1
30,4,21,9,A,aa0,1050,0.212,0.66,0,0
30,4,21,9,A,aa1,1050,-1.769,0.008,2,0
30,4,21,9,A,aa2,1050,-0.831,1.117,1,0
30,4,21,9,A,aa3,1050,1.832,-1.732,1,0
30,4,21,9,A,aa4,1050,-0.229,1.576,2,0
30,4,21,9,A,aa5,1050,-0.97,0.613,0,0
30,4,21,9,A,aa6,1050,1.601,1.622,1,0
30,4,21,9,A,aa7,1050,0.765,0.41,1,0
30,4,21,9,A,aa8,1050,-0.026,1.865,0,0
30,4,21,9,N,nb0,1055,-1.865,1.515,0,0
30,4,21,9,N,nb1,1055,1.593,0.354,0,0
30,4,21,9,N,nb2,1055,1.719,-1.062,3,1
30,4,21,9,N,nb3,1055,1.866,-1.345,3,1
30,4,21,9,N,nb4,1055,-1.268,-0.466,1,1
30,4,21,9,N,nb5,1055,-1.839,-1.421,2,1
30,4,21,9,N,nb6,1055,1.561,0.066,1,1
30,4,21,9,N,nb7,1055,1.397,-0.107,2,1
30,4,21,9,N,nb8,1055,1.865,1.865,0,0
30,4,21,9,N,nb9,1055,1.318,1.851,2,0
30,4,21,9,N,nb10,1055,-0.66,1.417,1,1
30,4,21,9,N,nb11,1055,-1.476,-0.358,2,1
30,4,21,9,N,nb12,1055,1.162,-0.046,2,1
30,4,21,9,N,nb13,1055,1.866,-1.147,3,0
30,4,21,9,N,nb14,1055,1.012,0.029,1,1
30,4,21,9,N,nb15,1055,-0.598,1.659,1,1
30,4,21,9,N,nb16,1055,1.728,-1.247,4,1
30,4,21,9,N,nb17,1055,1.046,1.69,1,0
30,4,21,9,N,nb18,1055,-1.623,-1.303,3,1
30,4,21,9,N,nb19,1055,-1.645,-1.469,2,1
30,4,21,9,N,nb20,1055,-1.461,-0.639,1,1
30,4,21,9,N,nb21,1055,1.866,-1.566,1,1
30,4,21,9,N,nb22,1055,1.556,-1.119,3,1
30,4,21,9,N,nb23,1055,-1.865,-0.891,1,1
30,4,21,9,N,nb24,1055,-1.622,-0.457,2,1
30,4,21,9,N,nb25,1055,1.487,1.866,1,0
30,4,21,9,N,nb26,1055,1.175,-0.811,0,0
30,4,21,9,N,nb27,1055,1.118,1.866,2,0
30,4,21,9,N,nb28,1055,1.386,-1.149,1,1
30,4,21,9,N,nb29,1055,-1.721,-1.092,2,1
30,4,21,9,A,aa0,1055,0.195,0.661,0,0
30,4,21,9,A,aa1,1055,-1.725,-0.08,2,0
30,4,21,9,A,aa2,1055,-0.775,1.034,1,0
30,4,21,9,A,aa3,1055,1.841,-1.734,1,0
30,4,21,9,A,aa4,1055,-0.323,1.611,2,0
30,4,21,9,A,aa5,1055,-1.065,0.629,0,0
30,4,21,9,A,aa6,1055,1.519,1.567,0,0
30,4,21,9,A,aa7,1055,0.788,0.508,1,0
30,4,21,9,A,aa8,1055,0.051,1.865,0,0
30,4,21,9,N,nb0,1060,-1.865,1.429,0,0
30,4,21,9,N,nb1,1060,1.566,0.301,1,1
30,4,21,9,N,nb2,1060,1.719,-1.062,3,1
30,4,21,9,N,nb3,1060,1.866,-1.345,3,1
30,4,21,9,N,nb4,1060,-1.268,-0.466,1,1
30,4,21,9,N,nb5,1060,-1.839,-1.421,2,1
30,4,21,9,N,nb6,1060,1.561,0.066,2,1
30,4,21,9,N,nb7,1060,1.397,-0.107,2,1
30,4,21,9,N,nb8,1060,1.865,1.865,0,0
30,4,21,9,N,nb9,1060,1.253,1.856,2,0
30,4,21,9,N,nb10,1060,-0.66,1.417,1,1
30,4,21,9,N,nb11,1060,-1.476,-0.358,2,1
30,4,21,9,N,nb12,1060,1.162,-0.046,2,1
30,4,21,9,N,nb13,1060,1.866,-1.147,3,1
30,4,21,9,N,nb14,1060,1.012,0.029,1,1
30,4,21,9,N,nb15,1060,-0.598,1.659,1,1
30,4,21,9,N,nb16,1060,1.728,-1.247,4,1
30,4,21,9,N,nb17,1060,0.955,1.71,1,0
30,4,21,9,N,nb18,1060,-1.623,-1.303,3,1
30,4,21,9,N,nb19,1060,-1.645,-1.469,2,1
30,4,21,9,N,nb20,1060,-1.461,-0.639,1,1
30,4,21,9,N,nb21,1060,1.866,-1.566,1,1
30,4,21,9,N,nb22,1060,1.556,-1.119,3,1
30,4,21,9,N,nb23,1060,-1.865,-0.891,1,1
30,4,21,9,N,nb24,1060,-1.622,-0.457,2,1
30,4,21,9,N,nb25,1060,1.423,1.864,1,0
30,4,21,9,N,nb26,1060,1.265,-0.767,0,0
30,4,21,9,N,nb27,1060,1.057,1.866,2,0
30,4,21,9,N,nb28,1060,1.386,-1.149,1,1
30,4,21,9,N,nb29,1060,-1.721,-1.092,2,1
30,4,21,9,A,aa0,1060,0.096,0.67,0,0
30,4,21,9,A,aa1,1060,-1.68,-0.169,2,0
30,4,21,9,A,aa2,1060,-0.719,0.951,1,0
30,4,21,9,A,aa3,1060,1.838,-1.733,1,0
30,4,21,9,A,aa4,1060,-0.405,1.645,2,0
30,4,21,9,A,aa5,1060,-1.164,0.645,0,0
30,4,21,9,A,aa6,1060,1.435,1.512,0,0
30,4,21,9,A,aa7,1060,0.811,0.605,0,0
30,4,21,9,A,aa8,1060,0.135,1.865,0,0
30,4,21,9,N,nb0,1065,-1.865,1.338,0,0
30,4,21,9,N,nb1,1065,1.566,0.301,1,1
30,4,21,9,N,nb2,1065,1.719,-1.062,3,1
30,4,21,9,N,nb3,1065,1.866,-1.345,3,1
30,4,21,9,N,nb4,1065,-1.268,-0.466,1,1
30,4,21,9,N,nb5,1065,-1.839,-1.421,2,1
30,4,21,9,N,nb6,1065,1.561,0.066,2,1
30,4,21,9,N,nb7,1065,1.397,-0.107,2,1
30,4,21,9,N,nb8,1065,1.865,1.865,0,0
30,4,21,9,N,nb9,1065,1.198,1.851,2,1
30,4,21,9,N,nb10,1065,-0.66,1.417,0,1
30,4,21,9,N,nb11,1065,-1.476,-0.358,2,1
30,4,21,9,N,nb12,1065,1.162,-0.046,2,1
30,4,21,9,N,nb13,1065,1.866,-1.147,3,1
30,4,21,9,N,nb14,1065,1.012,0.029,1,1
30,4,21,9,N,nb15,1065,-0.622,1.67,0,1
30,4,21,9,N,nb16,1065,1.728,-1.247,4,1
30,4,21,9,N,nb17,1065,0.877,1.722,1,1
30,4,21,9,N,nb18,1065,-1.623,-1.303,3,1
30,4,21,9,N,nb19,1065,-1.645,-1.469,2,1
30,4,21,9,N,nb20,1065,-1.461,-0.639,1,1
30,4,21,9,N,nb21,1065,1.866,-1.566,1,1
30,4,21,9,N,nb22,1065,1.556,-1.119,3,1
30,4,21,9,N,nb23,1065,-1.865,-0.891,1,1
30,4,21,9,N,nb24,1065,-1.622,-0.457,2,1
30,4,21,9,N,nb25,1065,1.368,1.855,1,1
30,4,21,9,N,nb26,1065,1.355,-0.723,0,0
30,4,21,9,N,nb27,1065,1.0,1.866,2,1
30,4,21,9,N,nb28,1065,1.386,-1.149,1,1
30,4,21,9,N,nb29,1065,-1.721,-1.092,2,1
30,4,21,9,A,aa0,1065,0.013,0.677,0,0
30,4,21,9,A,aa1,1065,-1.643,-0.25,2,0
30,4,21,9,A,aa2,1065,-0.663,0.869,1,0
30,4,21,9,A,aa3,1065,1.814,-1.728,1,0
30,4,21,9,A,aa4,1065,-0.453,1.682,2,0
30,4,21,9,A,aa5,1065,-1.262,0.662,0,0
30,4,21,9,A,aa6,1065,1.352,1.456,0,0
30,4,21,9,A,aa7,1065,0.835,0.702,0,0
30,4,21,9,A,aa8,1065,0.19,1.865,0,0
30,4,21,9,N,nb0,1070,-1.864,1.246,0,0
30,4,21,9,N,nb1,1070,1.566,0.301,1,1
30,4,21,9,N,nb2,1070,1.719,-1.062,3,1
30,4,21,9,N,nb3,1070,1.866,-1.345,3,1
30,4,21,9,N,nb4,1070,-1.268,-0.466,1,1
30,4,21,9,N,nb5,1070,-1.839,-1.421,2,1
30,4,21,9,N,nb6,1070,1.561,0.066,2,1
30,4,21,9,N,nb7,1070,1.397,-0.107,2,1
30,4,21,9,N,nb8,1070,1.865,1.865,0,0
30,4,21,9,N,nb9,1070,1.197,1.855,2,0
30,4,21,9,N,nb10,1070,-0.66,1.417,0,1
30,4,21,9,N,nb11,1070,-1.475,-0.358,2,1
30,4,21,9,N,nb12,1070,1.162,-0.046,2,1
30,4,21,9,N,nb13,1070,1.866,-1.147,3,1
30,4,21,9,N,nb14,1070,1.012,0.029,1,1
30,4,21,9,N,nb15,1070,-0.651,1.679,0,1
30,4,21,9,N,nb16,1070,1.728,-1.247,4,1
30,4,21,9,N,nb17,1070,0.843,1.725,1,0
30,4,21,9,N,nb18,1070,-1.623,-1.303,3,1
30,4,21,9,N,nb19,1070,-1.645,-1.469,2,1
30,4,21,9,N,nb20,1070,-1.461,-0.639,1,1
30,4,21,9,N,nb21,1070,1.866,-1.566,1,1
30,4,21,9,N,nb22,1070,1.556,-1.119,3,1
30,4,21,9,N,nb23,1070,-1.865,-0.891,1,1
30,4,21,9,N,nb24,1070,-1.622,-0.459,2,1
30,4,21,9,N,nb25,1070,1.367,1.857,1,0
30,4,21,9,N,nb26,1070,1.445,-0.679,0,0
30,4,21,9,N,nb27,1070,0.973,1.866,2,0
30,4,21,9,N,nb28,1070,1.386,-1.149,1,1
30,4,21,9,N,nb29,1070,-1.721,-1.092,2,1
30,4,21,9,A,aa0,1070,-0.02,0.661,0,0
30,4,21,9,A,aa1,1070,-1.631,-0.29,2,0
30,4,21,9,A,aa2,1070,-0.607,0.786,0,0
30,4,21,9,A,aa3,1070,1.762,-1.7,2,0
30,4,21,9,A,aa4,1070,-0.492,1.735,2,0
30,4,21,9,A,aa5,1070,-1.361,0.678,0,0
30,4,21,9,A,aa6,1070,1.269,1.4,0,0
30,4,21,9,A,aa7,1070,0.837,0.741,0,0
30,4,21,9,A,aa8,1070,0.19,1.865,0,0
30,4,21,9,N,nb0,1075,-1.854,1.154,0,0
30,4,21,9,N,nb1,1075,1.566,0.301,1,1
30,4,21,9,N,nb2,1075,1.719,-1.062,3,1
30,4,21,9,N,nb3,1075,1.866,-1.35,3,0
30,4,21,9,N,nb4,1075,-1.268,-0.466,1,1
30,4,21,9,N,nb5,1075,-1.839,-1.421,2,1
30,4,21,9,N,nb6,1075,1.561,0.066,2,1
30,4,21,9,N,nb7,1075,1.397,-0.107,2,1
30,4,21,9,N,nb8,1075,1.865,1.858,0,0
30,4,21,9,N,nb9,1075,1.196,1.859,1,0
30,4,21,9,N,nb10,1075,-0.674,1.421,0,0
30,4,21,9,N,nb11,1075,-1.475,-0.358,2,1
30,4,21,9,N,nb12,1075,1.162,-0.046,2,1
30,4,21,9,N,nb13,1075,1.866,-1.147,3,1
30,4,21,9,N,nb14,1075,1.012,0.029,1,1
30,4,21,9,N,nb15,1075,-0.647,1.672,0,0
30,4,21,9,N,nb16,1075,1.73,-1.249,4,0
30,4,21,9,N,nb17,1075,0.747,1.73,1,0
30,4,21,9,N,nb18,1075,-1.623,-1.303,3,1
30,4,21,9,N,nb19,1075,-1.645,-1.469,2,1
30,4,21,9,N,nb20,1075,-1.461,-0.639,1,1
30,4,21,9,N,nb21,1075,1.866,-1.558,1,0
30,4,21,9,N,nb22,1075,1.555,-1.107,3,0
30,4,21,9,N,nb23,1075,-1.865,-0.891,1,0
30,4,21,9,N,nb24,1075,-1.622,-0.459,2,1
30,4,21,9,N,nb25,1075,1.366,1.856,1,0
30,4,21,9,N,nb26,1075,1.534,-0.635,0,0
30,4,21,9,N,nb27,1075,0.894,1.866,1,0
30,4,21,9,N,nb28,1075,1.386,-1.149,1,0
30,4,21,9,N,nb29,1075,-1.721,-1.092,2,1
30,4,21,9,A,aa0,1075,-0.108,0.614,0,0
30,4,21,9,A,aa1,1075,-1.631,-0.29,2,0
30,4,21,9,A,aa2,1075,-0.59,0.776,0,0
30,4,21,9,A,aa3,1075,1.697,-1.637,0,0
30,4,21,9,A,aa4,1075,-0.543,1.807,0,0
30,4,21,9,A,aa5,1075,-1.46,0.694,0,0
30,4,21,9,A,aa6,1075,1.186,1.345,0,0
30,4,21,9,A,aa7,1075,0.829,0.784,0,0
30,4,21,9,A,aa8,1075,0.224,1.865,0,0
30,4,21,9,N,nb0,1080,-1.835,1.063,0,0
30,4,21,9,N,nb1,1080,1.566,0.301,1,1
30,4,21,9,N,nb2,1080,1.723,-1.056,3,1
30,4,21,9,N,nb3,1080,1.866,-1.368,3,0
30,4,21,9,N,nb4,1080,-1.268,-0.466,1,1
30,4,21,9,N,nb5,1080,-1.839,-1.421,2,1
30,4,21,9,N,nb6,1080,1.561,0.066,2,1
30,4,21,9,N,nb7,1080,1.397,-0.107,2,1
30,4,21,9,N,nb8,1080,1.865,1.837,0,0
30,4,21,9,N,nb9,1080,1.198,1.855,1,1
30,4,21,9,N,nb10,1080,-0.694,1.427,1,1
30,4,21,9,N,nb11,1080,-1.475,-0.358,2,1
30,4,21,9,N,nb12,1080,1.162,-0.046,2,1
30,4,21,9,N,nb13,1080,1.866,-1.147,3,1
30,4,21,9,N,nb14,1080,1.012,0.029,1,1
30,4,21,9,N,nb15,1080,-0.628,1.663,1,1
30,4,21,9,N,nb16,1080,1.735,-1.259,3,0
30,4,21,9,N,nb17,1080,0.686,1.731,1,1
30,4,21,9,N,nb18,1080,-1.623,-1.303,3,1
30,4,21,9,N,nb19,1080,-1.645,-1.469,2,1
30,4,21,9,N,nb20,1080,-1.461,-0.639,1,1
30,4,21,9,N,nb21,1080,1.866,-1.537,1,0
30,4,21,9,N,nb22,1080,1.555,-1.019,2,0
30,4,21,9,N,nb23,1080,-1.865,-0.891,1,1
30,4,21,9,N,nb24,1080,-1.622,-0.459,2,1
30,4,21,9,N,nb25,1080,1.368,1.85,1,1
30,4,21,9,N,nb26,1080,1.624,-0.591,0,0
30,4,21,9,N,nb27,1080,0.841,1.866,1,1
30,4,21,9,N,nb28,1080,1.415,-1.114,1,0
30,4,21,9,N,nb29,1080,-1.721,-1.092,2,0
30,4,21,9,A,aa0,1080,-0.139,0.59,0,0
30,4,21,9,A,aa1,1080,-1.631,-0.29,2,0
30,4,21,9,A,aa2,1080,-0.498,0.737,0,0
30,4,21,9,A,aa3,1080,1.625,-1.575,0,0
30,4,21,9,A,aa4,1080,-0.589,1.866,1,0
30,4,21,9,A,aa5,1080,-1.558,0.71,0,0
30,4,21,9,A,aa6,1080,1.103,1.289,1,0
30,4,21,9,A,aa7,1080,0.813,0.79,0,0
30,4,21,9,A,aa8,1080,0.273,1.865,2,0
30,4,21,9,N,nb0,1085,-1.807,0.974,0,0
30,4,21,9,N,nb1,1085,1.566,0.301,1,1
30,4,21,9,N,nb2,1085,1.723,-1.056,3,1
30,4,21,9,N,nb3,1085,1.866,-1.357,3,1
30,4,21,9,N,nb4,1085,-1.268,-0.466,1,1
30,4,21,9,N,nb5,1085,-1.839,-1.421,2,1
30,4,21,9,N,nb6,1085,1.561,0.066,2,1
30,4,21,9,N,nb7,1085,1.397,-0.107,2,1
30,4,21,9,N,nb8,1085,1.865,1.803,0,0
30,4,21,9,N,nb9,1085,1.198,1.855,1,1
30,4,21,9,N,nb10,1085,-0.694,1.427,1,1
30,4,21,9,N,nb11,1085,-1.475,-0.358,2,1
30,4,21,9,N,nb12,1085,1.162,-0.046,2,1
30,4,21,9,N,nb13,1085,1.866,-1.147,3,1
30,4,21,9,N,nb14,1085,1.012,0.029,1,1
30,4,21,9,N,nb15,1085,-0.628,1.663,1,1
30,4,21,9,N,nb16,1085,1.73,-1.255,3,1
30,4,21,9,N,nb17,1085,0.686,1.731,1,1
30,4,21,9,N,nb18,1085,-1.623,-1.303,3,1
30,4,21,9,N,nb19,1085,-1.645,-1.469,2,1
30,4,21,9,N,nb20,1085,-1.461,-0.639,1,1
30,4,21,9,N,nb21,1085,1.866,-1.526,1,1
30,4,21,9,N,nb22,1085,1.569,-0.93,2,1
30,4,21,9,N,nb23,1085,-1.865,-0.891,1,1
30,4,21,9,N,nb24,1085,-1.622,-0.459,2,1
30,4,21,9,N,nb25,1085,1.368,1.85,1,1
30,4,21,9,N,nb26,1085,1.714,-0.546,0,0
30,4,21,9,N,nb27,1085,0.841,1.866,1,1
30,4,21,9,N,nb28,1085,1.46,-1.059,1,0
30,4,21,9,N,nb29,1085,-1.721,-1.092,2,1
30,4,21,9,A,aa0,1085,-0.201,0.511,0,0
30,4,21,9,A,aa1,1085,-1.631,-0.29,2,0
30,4,21,9,A,aa2,1085,-0.406,0.698,0,0
30,4,21,9,A,aa3,1085,1.547,-1.516,0,0
30,4,21,9,A,aa4,1085,-0.637,1.866,1,0
30,4,21,9,A,aa5,1085,-1.657,0.727,0,0
30,4,21,9,A,aa6,1085,1.051,1.254,0,0
30,4,21,9,A,aa7,1085,0.72,0.827,0,0
30,4,21,9,A,aa8,1085,0.335,1.865,2,0
30,4,21,9,N,nb0,1090,-1.778,0.898,0,0
30,4,21,9,N,nb1,1090,1.566,0.301,1,1
30,4,21,9,N,nb2,1090,1.734,-1.04,4,0
30,4,21,9,N,nb3,1090,1.866,-1.348,3,0
30,4,21,9,N,nb4,1090,-1.268,-0.466,1,1
30,4,21,9,N,nb5,1090,-1.839,-1.421,2,1
30,4,21,9,N,nb6,1090,1.561,0.066,2,1
30,4,21,9,N,nb7,1090,1.397,-0.107,2,1
30,4,21,9,N,nb8,1090,1.865,1.755,0,0
30,4,21,9,N,nb9,1090,1.198,1.855,1,1
30,4,21,9,N,nb10,1090,-0.694,1.427,1,1
30,4,21,9,N,nb11,1090,-1.475,-0.358,2,1
30,4,21,9,N,nb12,1090,1.162,-0.046,2,1
30,4,21,9,N,nb13,1090,1.866,-1.147,3,1
30,4,21,9,N,nb14,1090,1.012,0.029,1,1
30,4,21,9,N,nb15,1090,-0.628,1.663,1,1
30,4,21,9,N,nb16,1090,1.725,-1.253,3,0
30,4,21,9,N,nb17,1090,0.686,1.731,1,1
30,4,21,9,N,nb18,1090,-1.623,-1.303,3,1
30,4,21,9,N,nb19,1090,-1.645,-1.469,2,1
30,4,21,9,N,nb20,1090,-1.461,-0.639,1,1
30,4,21,9,N,nb21,1090,1.866,-1.517,1,0
30,4,21,9,N,nb22,1090,1.58,-0.88,2,0
30,4,21,9,N,nb23,1090,-1.865,-0.891,1,1
30,4,21,9,N,nb24,1090,-1.622,-0.459,2,1
30,4,21,9,N,nb25,1090,1.368,1.85,1,1
30,4,21,9,N,nb26,1090,1.799,-0.504,0,0
30,4,21,9,N,nb27,1090,0.841,1.866,1,1
30,4,21,9,N,nb28,1090,1.491,-1.024,2,0
30,4,21,9,N,nb29,1090,-1.721,-1.092,2,1
30,4,21,9,A,aa0,1090,-0.258,0.435,0,0
30,4,21,9,A,aa1,1090,-1.636,-0.29,2,0
30,4,21,9,A,aa2,1090,-0.322,0.666,0,0
30,4,21,9,A,aa3,1090,1.467,-1.456,0,0
30,4,21,9,A,aa4,1090,-0.698,1.866,1,0
30,4,21,9,A,aa5,1090,-1.743,0.732,0,0
30,4,21,9,A,aa6,1090,1.041,1.218,0,0
30,4,21,9,A,aa7,1090,0.627,0.864,0,0
30,4,21,9,A,aa8,1090,0.406,1.865,2,0
30,4,21,9,N,nb0,1095,-1.75,0.859,0,0
30,4,21,9,N,nb1,1095,1.566,0.301,1,1
30,4,21,9,N,nb2,1095,1.798,-0.989,1,0
30,4,21,9,N,nb3,1095,1.866,-1.316,3,0
30,4,21,9,N,nb4,1095,-1.268,-0.466,1,1
30,4,21,9,N,nb5,1095,-1.839,-1.421,2,1
30,4,21,9,N,nb6,1095,1.561,0.066,2,0
30,4,21,9,N,nb7,1095,1.397,-0.107,2,0
30,4,21,9,N,nb8,1095,1.865,1.695,0,0
30,4,21,9,N,nb9,1095,1.198,1.855,1,1
30,4,21,9,N,nb10,1095,-0.694,1.427,1,1
30,4,21,9,N,nb11,1095,-1.475,-0.358,2,1
30,4,21,9,N,nb12,1095,1.162,-0.046,2,0
30,4,21,9,N,nb13,1095,1.866,-1.146,3,1
30,4,21,9,N,nb14,1095,1.012,0.029,1,0
30,4,21,9,N,nb15,1095,-0.628,1.663,1,1
30,4,21,9,N,nb16,1095,1.701,-1.277,2,0
30,4,21,9,N,nb17,1095,0.686,1.731,1,1
30,4,21,9,N,nb18,1095,-1.623,-1.303,3,1
30,4,21,9,N,nb19,1095,-1.645,-1.469,2,1
30,4,21,9,N,nb20,1095,-1.461,-0.639,1,1
30,4,21,9,N,nb21,1095,1.865,-1.485,1,0
30,4,21,9,N,nb22,1095,1.586,-0.781,1,0
30,4,21,9,N,nb23,1095,-1.865,-0.891,1,1
30,4,21,9,N,nb24,1095,-1.623,-0.46,2,1
30,4,21,9,N,nb25,1095,1.368,1.85,1,1
30,4,21,9,N,nb26,1095,1.865,-0.455,0,0
30,4,21,9,N,nb27,1095,0.841,1.866,1,1
30,4,21,9,N,nb28,1095,1.541,-0.955,1,0
30,4,21,9,N,nb29,1095,-1.721,-1.092,2,1
30,4,21,9,A,aa0,1095,-0.311,0.352,0,0
30,4,21,9,A,aa1,1095,-1.631,-0.291,2,0
30,4,21,9,A,aa2,1095,-0.232,0.647,0,0
30,4,21,9,A,aa3,1095,1.387,-1.396,0,0
30,4,21,9,A,aa4,1095,-0.769,1.866,2,0
30,4,21,9,A,aa5,1095,-1.817,0.703,0,0
30,4,21,9,A,aa6,1095,1.015,1.122,0,0
30,4,21,9,A,aa7,1095,0.534,0.9,0,0
30,4,21,9,A,aa8,1095,0.486,1.865,2,0
30,4,21,9,N,nb0,1100,-1.689,0.791,0,0
30,4,21,9,N,nb1,1100,1.566,0.301,1,1
30,4,21,9,N,nb2,1100,1.846,-0.956,1,1
30,4,21,9,N,nb3,1100,1.866,-1.315,3,1
30,4,21,9,N,nb4,1100,-1.268,-0.466,1,1
30,4,21,9,N,nb5,1100,-1.839,-1.421,2,1
30,4,21,9,N,nb6,1100,1.561,0.066,2,1
30,4,21,9,N,nb7,1100,1.397,-0.107,2,1
30,4,21,9,N,nb8,1100,1.865,1.625,0,0
30,4,21,9,N,nb9,1100,1.198,1.855,1,1
30,4,21,9,N,nb10,1100,-0.694,1.427,1,1
30,4,21,9,N,nb11,1100,-1.475,-0.358,2,1
30,4,21,9,N,nb12,1100,1.162,-0.046,2,1
30,4,21,9,N,nb13,1100,1.865,-1.145,3,1
30,4,21,9,N,nb14,1100,1.012,0.029,1,1
30,4,21,9,N,nb15,1100,-0.628,1.663,1,1
30,4,21,9,N,nb16,1100,1.697,-1.324,3,1
30,4,21,9,N,nb17,1100,0.686,1.731,1,1
30,4,21,9,N,nb18,1100,-1.623,-1.303,3,1
30,4,21,9,N,nb19,1100,-1.645,-1.469,2,1
30,4,21,9,N,nb20,1100,-1.461,-0.639,1,1
30,4,21,9,N,nb21,1100,1.865,-1.484,2,1
30,4,21,9,N,nb22,1100,1.591,-0.719,1,1
30,4,21,9,N,nb23,1100,-1.865,-0.891,1,1
30,4,21,9,N,nb24,1100,-1.623,-0.46,2,1
30,4,21,9,N,nb25,1100,1.368,1.85,1,1
30,4,21,9,N,nb26,1100,1.865,-0.398,0,0
30,4,21,9,N,nb27,1100,0.841,1.866,1,1
30,4,21,9,N,nb28,1100,1.579,-0.916,1,1
30,4,21,9,N,nb29,1100,-1.721,-1.092,2,1
30,4,21,9,A,aa0,1100,-0.355,0.282,0,0
30,4,21,9,A,aa1,1100,-1.631,-0.291,2,0
30,4,21,9,A,aa2,1100,-0.133,0.631,0,0
30,4,21,9,A,aa3,1100,1.32,-1.346,4,1
30,4,21,9,A,aa4,1100,-0.848,1.866,2,0
30,4,21,9,A,aa5,1100,-1.865,0.695,0,0
30,4,21,9,A,aa6,1100,0.988,1.025,0,0
30,4,21,9,A,aa7,1100,0.441,0.937,0,0
30,4,21,9,A,aa8,1100,0.57,1.865,2,0
30,4,21,9,N,nb0,1105,-1.619,0.727,0,0
30,4,21,9,N,nb1,1105,1.566,0.301,1,1
30,4,21,9,N,nb2,1105,1.846,-0.956,2,1
30,4,21,9,N,nb3,1105,1.864,-1.31,3,1
30,4,21,9,N,nb4,1105,-1.268,-0.466,1,1
30,4,21,9,N,nb5,1105,-1.839,-1.421,2,1
30,4,21,9,N,nb6,1105,1.561,0.066,2,1
30,4,21,9,N,nb7,1105,1.397,-0.107,2,1
30,4,21,9,N,nb8,1105,1.865,1.546,0,0
30,4,21,9,N,nb9,1105,1.198,1.855,1,1
30,4,21,9,N,nb10,1105,-0.694,1.427,1,1
30,4,21,9,N,nb11,1105,-1.475,-0.358,2,1
30,4,21,9,N,nb12,1105,1.162,-0.046,2,1
30,4,21,9,N,nb13,1105,1.865,-1.127,2,0
30,4,21,9,N,nb14,1105,1.012,0.029,1,1
30,4,21,9,N,nb15,1105,-0.628,1.663,1,1
30,4,21,9,N,nb16,1105,1.701,-1.376,2,0
30,4,21,9,N,nb17,1105,0.713,1.715,1,1
30,4,21,9,N,nb18,1105,-1.623,-1.303,3,1
30,4,21,9,N,nb19,1105,-1.645,-1.469,2,1
30,4,21,9,N,nb20,1105,-1.461,-0.639,1,1
30,4,21,9,N,nb21,1105,1.865,-1.479,2,0
30,4,21,9,N,nb22,1105,1.592,-0.717,1,1
30,4,21,9,N,nb23,1105,-1.865,-0.891,1,1
30,4,21,9,N,nb24,1105,-1.623,-0.46,2,1
30,4,21,9,N,nb25,1105,1.368,1.85,1,1
30,4,21,9,N,nb26,1105,1.865,-0.33,0,0
30,4,21,9,N,nb27,1105,0.841,1.866,1,1
30,4,21,9,N,nb28,1105,1.617,-0.885,2,0
30,4,21,9,N,nb29,1105,-1.721,-1.092,2,1
30,4,21,9,A,aa0,1105,-0.363,0.226,0,0
30,4,21,9,A,aa1,1105,-1.633,-0.291,2,0
30,4,21,9,A,aa2,1105,-0.034,0.616,0,0
30,4,21,9,A,aa3,1105,1.265,-1.334,0,0
30,4,21,9,A,aa4,1105,-0.933,1.866,2,0
30,4,21,9,A,aa5,1105,-1.865,0.676,0,0
30,4,21,9,A,aa6,1105,0.962,0.929,0,0
30,4,21,9,A,aa7,1105,0.348,0.974,0,0
30,4,21,9,A,aa8,1105,0.633,1.865,2,0
30,4,21,9,N,nb0,1110,-1.542,0.666,0,0
30,4,21,9,N,nb1,1110,1.566,0.301,1,1
30,4,21,9,N,nb2,1110,1.845,-0.955,2,1
30,4,21,9,N,nb3,1110,1.857,-1.294,3,1
30,4,21,9,N,nb4,1110,-1.268,-0.466,1,1
30,4,21,9,N,nb5,1110,-1.839,-1.421,2,1
30,4,21,9,N,nb6,1110,1.561,0.066,2,1
30,4,21,9,N,nb7,1110,1.397,-0.107,2,1
30,4,21,9,N,nb8,1110,1.865,1.462,0,0
30,4,21,9,N,nb9,1110,1.198,1.855,1,1
30,4,21,9,N,nb10,1110,-0.694,1.427,1,1
30,4,21,9,N,nb11,1110,-1.475,-0.358,2,1
30,4,21,9,N,nb12,1110,1.162,-0.046,2,1
30,4,21,9,N,nb13,1110,1.865,-1.124,2,0
30,4,21,9,N,nb14,1110,1.012,0.029,1,1
30,4,21,9,N,nb15,1110,-0.628,1.663,1,1
30,4,21,9,N,nb16,1110,1.695,-1.462,2,0
30,4,21,9,N,nb17,1110,0.726,1.702,1,1
30,4,21,9,N,nb18,1110,-1.623,-1.303,3,1
30,4,21,9,N,nb19,1110,-1.645,-1.469,2,1
30,4,21,9,N,nb20,1110,-1.461,-0.639,1,1
30,4,21,9,N,nb21,1110,1.865,-1.463,2,0
30,4,21,9,N,nb22,1110,1.594,-0.706,1,1
30,4,21,9,N,nb23,1110,-1.865,-0.891,1,1
30,4,21,9,N,nb24,1110,-1.623,-0.46,2,1
30,4,21,9,N,nb25,1110,1.368,1.85,1,1
30,4,21,9,N,nb26,1110,1.865,-0.254,0,0
30,4,21,9,N,nb27,1110,0.85,1.863,1,1
30,4,21,9,N,nb28,1110,1.691,-0.846,2,0
30,4,21,9,N,nb29,1110,-1.721,-1.092,2,1
30,4,21,9,A,aa0,1110,-0.376,0.127,0,0
30,4,21,9,A,aa1,1110,-1.645,-0.292,2,0
30,4,21,9,A,aa2,1110,0.065,0.601,0,0
30,4,21,9,A,aa3,1110,1.242,-1.329,0,0
30,4,21,9,A,aa4,1110,-1.022,1.866,2,0
30,4,21,9,A,aa5,1110,-1.865,0.641,0,0
30,4,21,9,A,aa6,1110,0.936,0.832,0,0
30,4,21,9,A,aa7,1110,0.255,1.01,0,0
30,4,21,9,A,aa8,1110,0.681,1.865,0,0
30,4,21,9,N,nb0,1115,-1.464,0.604,0,0
30,4,21,9,N,nb1,1115,1.566,0.301,1,1
30,4,21,9,N,nb2,1115,1.845,-0.955,2,1
30,4,21,9,N,nb3,1115,1.857,-1.294,2,1
30,4,21,9,N,nb4,1115,-1.268,-0.466,1,0
30,4,21,9,N,nb5,1115,-1.839,-1.421,2,1
30,4,21,9,N,nb6,1115,1.561,0.066,2,1
30,4,21,9,N,nb7,1115,1.397,-0.107,2,1
30,4,21,9,N,nb8,1115,1.865,1.373,0,0
30,4,21,9,N,nb9,1115,1.198,1.855,1,1
30,4,21,9,N,nb10,1115,-0.694,1.427,1,1
30,4,21,9,N,nb11,1115,-1.475,-0.358,2,1
30,4,21,9,N,nb12,1115,1.162,-0.046,2,1
30,4,21,9,N,nb13,1115,1.865,-1.124,2,1
30,4,21,9,N,nb14,1115,1.012,0.029,1,1
30,4,21,9,N,nb15,1115,-0.628,1.663,1,1
30,4,21,9,N,nb16,1115,1.692,-1.502,1,1
30,4,21,9,N,nb17,1115,0.726,1.699,1,1
30,4,21,9,N,nb18,1115,-1.623,-1.303,3,1
30,4,21,9,N,nb19,1115,-1.645,-1.469,2,1
30,4,21,9,N,nb20,1115,-1.461,-0.639,1,0
30,4,21,9,N,nb21,1115,1.865,-1.463,2,1
30,4,21,9,N,nb22,1115,1.594,-0.706,1,1
30,4,21,9,N,nb23,1115,-1.865,-0.891,1,1
30,4,21,9,N,nb24,1115,-1.623,-0.46,2,1
30,4,21,9,N,nb25,1115,1.368,1.85,1,1
30,4,21,9,N,nb26,1115,1.865,-0.17,0,0
30,4,21,9,N,nb27,1115,0.863,1.856,1,1
30,4,21,9,N,nb28,1115,1.727,-0.828,2,1
30,4,21,9,N,nb29,1115,-1.721,-1.092,2,1
30,4,21,9,A,aa0,1115,-0.389,0.027,0,0
30,4,21,9,A,aa1,1115,-1.643,-0.292,2,0
30,4,21,9,A,aa2,1115,0.164,0.586,0,0
30,4,21,9,A,aa3,1115,1.196,-1.363,1,0
30,4,21,9,A,aa4,1115,-1.061,1.866,2,0
30,4,21,9,A,aa5,1115,-1.865,0.591,0,0
30,4,21,9,A,aa6,1115,0.91,0.736,0,0
30,4,21,9,A,aa7,1115,0.162,1.047,0,0
30,4,21,9,A,aa8,1115,0.695,1.865,2,0
30,4,21,9,N,nb0,1120,-1.385,0.542,0,0
30,4,21,9,N,nb1,1120,1.566,0.301,1,1
30,4,21,9,N,nb2,1120,1.845,-0.955,2,1
30,4,21,9,N,nb3,1120,1.857,-1.294,2,1
30,4,21,9,N,nb4,1120,-1.268,-0.466,1,1
30,4,21,9,N,nb5,1120,-1.839,-1.421,2,1
30,4,21,9,N,nb6,1120,1.561,0.066,2,1
30,4,21,9,N,nb7,1120,1.397,-0.107,2,1
30,4,21,9,N,nb8,1120,1.865,1.281,0,0
30,4,21,9,N,nb9,1120,1.198,1.855,1,1
30,4,21,9,N,nb10,1120,-0.694,1.427,1,1
30,4,21,9,N,nb11,1120,-1.475,-0.358,2,1
30,4,21,9,N,nb12,1120,1.162,-0.046,2,1
30,4,21,9,N,nb13,1120,1.865,-1.124,2,1
30,4,21,9,N,nb14,1120,1.012,0.029,1,1
30,4,21,9,N,nb15,1120,-0.628,1.663,1,1
30,4,21,9,N,nb16,1120,1.692,-1.502,1,1
30,4,21,9,N,nb17,1120,0.726,1.697,1,1
30,4,21,9,N,nb18,1120,-1.623,-1.303,3,1
30,4,21,9,N,nb19,1120,-1.645,-1.469,2,1
30,4,21,9,N,nb20,1120,-1.461,-0.639,1,1
30,4,21,9,N,nb21,1120,1.865,-1.463,2,1
30,4,21,9,N,nb22,1120,1.594,-0.706,1,1
30,4,21,9,N,nb23,1120,-1.865,-0.891,1,1
30,4,21,9,N,nb24,1120,-1.623,-0.461,2,1
30,4,21,9,N,nb25,1120,1.368,1.85,1,1
30,4,21,9,N,nb26,1120,1.865,-0.083,0,0
30,4,21,9,N,nb27,1120,0.875,1.849,1,1
30,4,21,9,N,nb28,1120,1.727,-0.828,2,1
30,4,21,9,N,nb29,1120,-1.721,-1.092,2,1
30,4,21,9,A,aa0,1120,-0.402,-0.072,0,0
30,4,21,9,A,aa1,1120,-1.632,-0.292,2,0
30,4,21,9,A,aa2,1120,0.263,0.57,0,0
30,4,21,9,A,aa3,1120,1.116,-1.423,1,0
30,4,21,9,A,aa4,1120,-1.07,1.853,2,0
30,4,21,9,A,aa5,1120,-1.865,0.529,0,0
30,4,21,9,A,aa6,1120,0.883,0.639,0,0
30,4,21,9,A,aa7,1120,0.159,1.048,0,0
30,4,21,9,A,aa8,1120,0.707,1.865,2,0
30,4,21,9,N,nb0,1125,-1.306,0.48,0,0
30,4,21,9,N,nb1,1125,1.566,0.301,1,1
30,4,21,9,N,nb2,1125,1.845,-0.955,2,1
30,4,21,9,N,nb3,1125,1.857,-1.294,2,1
30,4,21,9,N,nb4,1125,-1.268,-0.466,1,1
30,4,21,9,N,nb5,1125,-1.839,-1.421,2,1
30,4,21,9,N,nb6,1125,1.561,0.066,2,1
30,4,21,9,N,nb7,1125,1.397,-0.107,2,1
30,4,21,9,N,nb8,1125,1.86,1.189,0,0
30,4,21,9,N,nb9,1125,1.198,1.855,1,1
30,4,21,9,N,nb10,1125,-0.694,1.427,1,1
30,4,21,9,N,nb11,1125,-1.475,-0.358,2,1
30,4,21,9,N,nb12,1125,1.162,-0.046,2,1
30,4,21,9,N,nb13,1125,1.865,-1.124,2,1
30,4,21,9,N,nb14,1125,1.012,0.029,1,1
30,4,21,9,N,nb15,1125,-0.628,1.663,1,1
30,4,21,9,N,nb16,1125,1.692,-1.502,1,1
30,4,21,9,N,nb17,1125,0.726,1.697,1,1
30,4,21,9,N,nb18,1125,-1.623,-1.303,3,1
30,4,21,9,N,nb19,1125,-1.645,-1.469,2,1
30,4,21,9,N,nb20,1125,-1.461,-0.639,1,1
30,4,21,9,N,nb21,1125,1.865,-1.463,2,1
30,4,21,9,N,nb22,1125,1.594,-0.706,1,1
30,4,21,9,N,nb23,1125,-1.865,-0.891,1,1
30,4,21,9,N,nb24,1125,-1.623,-0.461,2,1
30,4,21,9,N,nb25,1125,1.368,1.85,1,1
30,4,21,9,N,nb26,1125,1.865,0.008,0,0
30,4,21,9,N,nb27,1125,0.875,1.849,1,1
30,4,21,9,N,nb28,1125,1.727,-0.828,2,1
30,4,21,9,N,nb29,1125,-1.721,-1.092,2,1
30,4,21,9,A,aa0,1125,-0.415,-0.171,0,0
30,4,21,9,A,aa1,1125,-1.632,-0.292,2,0
30,4,21,9,A,aa2,1125,0.361,0.555,0,0
30,4,21,9,A,aa3,1125,1.036,-1.483,0,0
30,4,21,9,A,aa4,1125,-1.105,1.802,2,0
30,4,21,9,A,aa5,1125,-1.865,0.456,0,0
30,4,21,9,A,aa6,1125,0.857,0.543,1,0
30,4,21,9,A,aa7,1125,0.159,1.048,0,0
30,4,21,9,A,aa8,1125,0.707,1.865,2,0
30,4,21,9,N,nb0,1130,-1.228,0.419,0,0
30,4,21,9,N,nb1,1130,1.566,0.301,1,1
30,4,21,9,N,nb2,1130,1.845,-0.955,2,1
30,4,21,9,N,nb3,1130,1.857,-1.294,2,1
30,4,21,9,N,nb4,1130,-1.268,-0.466,1,1
30,4,21,9,N,nb5,1130,-1.839,-1.421,2,1
30,4,21,9,N,nb6,1130,1.561,0.066,2,1
30,4,21,9,N,nb7,1130,1.397,-0.107,2,1
30,4,21,9,N,nb8,1130,1.844,1.098,0,0
30,4,21,9,N,nb9,1130,1.198,1.855,1,1
30,4,21,9,N,nb10,1130,-0.694,1.427,1,1
30,4,21,9,N,nb11,1130,-1.475,-0.358,2,1
30,4,21,9,N,nb12,1130,1.162,-0.046,2,1
30,4,21,9,N,nb13,1130,1.865,-1.124,2,1
30,4,21,9,N,nb14,1130,1.012,0.029,1,1
30,4,21,9,N,nb15,1130,-0.628,1.663,1,1
30,4,21,9,N,nb16,1130,1.692,-1.502,1,1
30,4,21,9,N,nb17,1130,0.726,1.696,1,1
30,4,21,9,N,nb18,1130,-1.623,-1.303,3,1
30,4,21,9,N,nb19,1130,-1.645,-1.469,2,1
30,4,21,9,N,nb20,1130,-1.461,-0.639,1,1
30,4,21,9,N,nb21,1130,1.865,-1.463,2,1
30,4,21,9,N,nb22,1130,1.594,-0.706,1,1
30,4,21,9,N,nb23,1130,-1.865,-0.891,1,1
30,4,21,9,N,nb24,1130,-1.623,-0.461,2,1
30,4,21,9,N,nb25,1130,1.368,1.85,1,1
30,4,21,9,N,nb26,1130,1.862,0.1,0,0
30,4,21,9,N,nb27,1130,0.885,1.843,1,1
30,4,21,9,N,nb28,1130,1.727,-0.828,2,1
30,4,21,9,N,nb29,1130,-1.721,-1.092,2,1
30,4,21,9,A,aa0,1130,-0.429,-0.27,0,0
30,4,21,9,A,aa1,1130,-1.632,-0.292,2,0
30,4,21,9,A,aa2,1130,0.46,0.54,0,0
30,4,21,9,A,aa3,1130,0.956,-1.543,0,0
30,4,21,9,A,aa4,1130,-1.105,1.802,2,0
30,4,21,9,A,aa5,1130,-1.865,0.376,0,0
30,4,21,9,A,aa6,1130,0.831,0.446,1,0
30,4,21,9,A,aa7,1130,0.145,0.993,0,0
30,4,21,9,A,aa8,1130,0.717,1.865,2,0
30,4,21,9,N,nb0,1135,-1.149,0.357,0,0
30,4,21,9,N,nb1,1135,1.566,0.301,1,1
30,4,21,9,N,nb2,1135,1.845,-0.955,2,1
30,4,21,9,N,nb3,1135,1.857,-1.294,2,1
30,4,21,9,N,nb4,1135,-1.268,-0.466,1,1
30,4,21,9,N,nb5,1135,-1.839,-1.421,2,1
30,4,21,9,N,nb6,1135,1.561,0.066,2,1
30,4,21,9,N,nb7,1135,1.397,-0.107,2,1
30,4,21,9,N,nb8,1135,1.82,1.007,0,0
30,4,21,9,N,nb9,1135,1.198,1.855,1,1
30,4,21,9,N,nb10,1135,-0.694,1.427,1,1
30,4,21,9,N,nb11,1135,-1.475,-0.358,2,1
30,4,21,9,N,nb12,1135,1.162,-0.046,2,1
30,4,21,9,N,nb13,1135,1.865,-1.124,2,1
30,4,21,9,N,nb14,1135,1.012,0.029,1,1
30,4,21,9,N,nb15,1135,-0.628,1.663,1,1
30,4,21,9,N,nb16,1135,1.692,-1.502,1,1
30,4,21,9,N,nb17,1135,0.726,1.696,1,1
30,4,21,9,N,nb18,1135,-1.623,-1.303,3,0
30,4,21,9,N,nb19,1135,-1.645,-1.469,2,0
30,4,21,9,N,nb20,1135,-1.461,-0.639,1,1
30,4,21,9,N,nb21,1135,1.865,-1.463,2,1
30,4,21,9,N,nb22,1135,1.594,-0.706,1,1
30,4,21,9,N,nb23,1135,-1.865,-0.891,1,1
30,4,21,9,N,nb24,1135,-1.623,-0.461,2,1
30,4,21,9,N,nb25,1135,1.368,1.85,1,1
30,4,21,9,N,nb26,1135,1.849,0.192,0,0
30,4,21,9,N,nb27,1135,0.894,1.836,1,1
30,4,21,9,N,nb28,1135,1.727,-0.828,2,1
30,4,21,9,N,nb29,1135,-1.721,-1.092,2,1
30,4,21,9,A,aa0,1135,-0.442,-0.369,0,0
30,4,21,9,A,aa1,1135,-1.64,-0.293,2,0
30,4,21,9,A,aa2,1135,0.559,0.525,0,0
30,4,21,9,A,aa3,1135,0.876,-1.603,0,0
30,4,21,9,A,aa4,1135,-1.066,1.739,2,0
30,4,21,9,A,aa5,1135,-1.865,0.291,0,0
30,4,21,9,A,aa6,1135,0.805,0.35,1,0
30,4,21,9,A,aa7,1135,0.126,0.912,0,0
30,4,21,9,A,aa8,1135,0.728,1.865,2,0
30,4,21,9,N,nb0,1140,-1.071,0.295,0,0
30,4,21,9,N,nb1,1140,1.566,0.301,1,1
30,4,21,9,N,nb2,1140,1.845,-0.955,2,1
30,4,21,9,N,nb3,1140,1.857,-1.294,2,1
30,4,21,9,N,nb4,1140,-1.268,-0.466,1,1
30,4,21,9,N,nb5,1140,-1.839,-1.421,2,1
30,4,21,9,N,nb6,1140,1.561,0.066,2,1
30,4,21,9,N,nb7,1140,1.397,-0.107,2,1
30,4,21,9,N,nb8,1140,1.787,0.919,0,0
30,4,21,9,N,nb9,1140,1.198,1.855,1,1
30,4,21,9,N,nb10,1140,-0.694,1.427,1,1
30,4,21,9,N,nb11,1140,-1.475,-0.358,2,1
30,4,21,9,N,nb12,1140,1.162,-0.046,2,1
30,4,21,9,N,nb13,1140,1.865,-1.124,2,1
30,4,21,9,N,nb14,1140,1.012,0.029,1,1
30,4,21,9,N,nb15,1140,-0.628,1.663,1,1
30,4,21,9,N,nb16,1140,1.692,-1.502,1,1
30,4,21,9,N,nb17,1140,0.726,1.696,1,1
30,4,21,9,N,nb18,1140,-1.623,-1.303,3,1
30,4,21,9,N,nb19,1140,-1.645,-1.469,2,1
30,4,21,9,N,nb20,1140,-1.461,-0.639,1,1
30,4,21,9,N,nb21,1140,1.865,-1.463,2,1
30,4,21,9,N,nb22,1140,1.594,-0.706,1,1
30,4,21,9,N,nb23,1140,-1.865,-0.891,1,1
30,4,21,9,N,nb24,1140,-1.623,-0.461,2,1
30,4,21,9,N,nb25,1140,1.368,1.85,1,1
30,4,21,9,N,nb26,1140,1.826,0.283,0,0
30,4,21,9,N,nb27,1140,0.894,1.836,1,1
30,4,21,9,N,nb28,1140,1.727,-0.828,2,1
30,4,21,9,N,nb29,1140,-1.721,-1.092,2,1
30,4,21,9,A,aa0,1140,-0.455,-0.468,0,0
30,4,21,9,A,aa1,1140,-1.671,-0.299,2,0
30,4,21,9,A,aa2,1140,0.658,0.51,0,0
30,4,21,9,A,aa3,1140,0.796,-1.663,0,0
30,4,21,9,A,aa4,1140,-1.049,1.728,2,0
30,4,21,9,A,aa5,1140,-1.865,0.253,0,0
30,4,21,9,A,aa6,1140,0.778,0.253,1,0
30,4,21,9,A,aa7,1140,0.138,0.877,0,0
30,4,21,9,A,aa8,1140,0.728,1.865,2,0
30,4,21,9,N,nb0,1145,-0.992,0.233,0,0
30,4,21,9,N,nb1,1145,1.566,0.301,2,1
30,4,21,9,N,nb2,1145,1.845,-0.955,2,1
30,4,21,9,N,nb3,1145,1.857,-1.294,2,1
30,4,21,9,N,nb4,1145,-1.268,-0.466,1,1
30,4,21,9,N,nb5,1145,-1.839,-1.421,2,0
30,4,21,9,N,nb6,1145,1.561,0.066,2,1
30,4,21,9,N,nb7,1145,1.397,-0.107,2,1
30,4,21,9,N,nb8,1145,1.746,0.832,0,0
30,4,21,9,N,nb9,1145,1.198,1.855,1,1
30,4,21,9,N,nb10,1145,-0.694,1.427,1,1
30,4,21,9,N,nb11,1145,-1.475,-0.358,2,0
30,4,21,9,N,nb12,1145,1.162,-0.046,2,1
30,4,21,9,N,nb13,1145,1.865,-1.124,2,1
30,4,21,9,N,nb14,1145,1.012,0.029,1,1
30,4,21,9,N,nb15,1145,-0.628,1.663,1,1
30,4,21,9,N,nb16,1145,1.692,-1.502,1,1
30,4,21,9,N,nb17,1145,0.726,1.696,1,1
30,4,21,9,N,nb18,1145,-1.623,-1.303,3,1
30,4,21,9,N,nb19,1145,-1.645,-1.469,2,1
30,4,21,9,N,nb20,1145,-1.461,-0.639,1,1
30,4,21,9,N,nb21,1145,1.865,-1.463,2,1
30,4,21,9,N,nb22,1145,1.594,-0.706,1,1
30,4,21,9,N,nb23,1145,-1.865,-0.891,1,0
30,4,21,9,N,nb24,1145,-1.623,-0.461,2,0
30,4,21,9,N,nb25,1145,1.368,1.85,1,1
30,4,21,9,N,nb26,1145,1.814,0.322,1,1
30,4,21,9,N,nb27,1145,0.894,1.836,1,1
30,4,21,9,N,nb28,1145,1.727,-0.828,2,1
30,4,21,9,N,nb29,1145,-1.721,-1.092,2,1
30,4,21,9,A,aa0,1145,-0.468,-0.567,0,0
30,4,21,9,A,aa1,1145,-1.731,-0.33,1,0
30,4,21,9,A,aa2,1145,0.757,0.494,1,0
30,4,21,9,A,aa3,1145,0.716,-1.723,0,0
30,4,21,9,A,aa4,1145,-0.96,1.683,2,0
30,4,21,9,A,aa5,1145,-1.853,0.242,0,0
30,4,21,9,A,aa6,1145,0.752,0.157,1,0
30,4,21,9,A,aa7,1145,0.172,0.783,0,0
30,4,21,9,A,aa8,1145,0.728,1.865,2,0
30,4,21,9,N,nb0,1150,-0.913,0.172,0,0
30,4,21,9,N,nb1,1150,1.566,0.301,2,0
30,4,21,9,N,nb2,1150,1.845,-0.955,2,1
30,4,21,9,N,nb3,1150,1.857,-1.294,2,1
30,4,21,9,N,nb4,1150,-1.268,-0.466,1,1
30,4,21,9,N,nb5,1150,-1.839,-1.421,2,1
30,4,21,9,N,nb6,1150,1.561,0.066,2,1
30,4,21,9,N,nb7,1150,1.397,-0.107,2,1
30,4,21,9,N,nb8,1150,1.702,0.742,0,0
30,4,21,9,N,nb9,1150,1.198,1.855,1,1
30,4,21,9,N,nb10,1150,-0.694,1.427,1,1
30,4,21,9,N,nb11,1150,-1.461,-0.424,3,0
30,4,21,9,N,nb12,1150,1.162,-0.046,2,1
30,4,21,9,N,nb13,1150,1.865,-1.124,2,1
30,4,21,9,N,nb14,1150,1.012,0.029,1,1
30,4,21,9,N,nb15,1150,-0.628,1.663,1,1
30,4,21,9,N,nb16,1150,1.692,-1.502,1,1
30,4,21,9,N,nb17,1150,0.726,1.696,1,1
30,4,21,9,N,nb18,1150,-1.623,-1.303,3,1
30,4,21,9,N,nb19,1150,-1.645,-1.469,2,1
30,4,21,9,N,nb20,1150,-1.461,-0.639,2,1
30,4,21,9,N,nb21,1150,1.865,-1.463,2,1
30,4,21,9,N,nb22,1150,1.594,-0.706,1,1
30,4,21,9,N,nb23,1150,-1.865,-0.938,1,0
30,4,21,9,N,nb24,1150,-1.596,-0.527,2,0
30,4,21,9,N,nb25,1150,1.368,1.85,1,1
30,4,21,9,N,nb26,1150,1.814,0.322,1,1
30,4,21,9,N,nb27,1150,0.894,1.836,1,1
30,4,21,9,N,nb28,1150,1.727,-0.828,2,1
30,4,21,9,N,nb29,1150,-1.721,-1.092,2,1
30,4,21,9,A,aa0,1150,-0.481,-0.666,0,0
30,4,21,9,A,aa1,1150,-1.801,-0.389,0,0
30,4,21,9,A,aa2,1150,0.856,0.479,1,0
30,4,21,9,A,aa3,1150,0.638,-1.781,0,0
30,4,21,9,A,aa4,1150,-0.873,1.64,2,0
30,4,21,9,A,aa5,1150,-1.778,0.181,0,0
30,4,21,9,A,aa6,1150,0.726,0.06,1,0
30,4,21,9,A,aa7,1150,0.205,0.689,0,0
30,4,21,9,A,aa8,1150,0.724,1.865,2,0
30,4,21,9,N,nb0,1155,-0.835,0.11,0,0
30,4,21,9,N,nb1,1155,1.566,0.301,2,1
30,4,21,9,N,nb2,1155,1.845,-0.955,2,1
30,4,21,9,N,nb3,1155,1.857,-1.294,2,1
30,4,21,9,N,nb4,1155,-1.268,-0.466,1,1
30,4,21,9,N,nb5,1155,-1.839,-1.421,2,1
30,4,21,9,N,nb6,1155,1.561,0.066,2,1
30,4,21,9,N,nb7,1155,1.397,-0.107,2,1
30,4,21,9,N,nb8,1155,1.658,0.653,0,0
30,4,21,9,N,nb9,1155,1.198,1.855,1,1
30,4,21,9,N,nb10,1155,-0.694,1.427,1,1
30,4,21,9,N,nb11,1155,-1.435,-0.505,3,0
30,4,21,9,N,nb12,1155,1.162,-0.046,2,1
30,4,21,9,N,nb13,1155,1.865,-1.124,2,1
30,4,21,9,N,nb14,1155,1.012,0.029,1,1
30,4,21,9,N,nb15,1155,-0.628,1.663,1,1
30,4,21,9,N,nb16,1155,1.692,-1.502,1,1
30,4,21,9,N,nb17,1155,0.726,1.696,1,1
30,4,21,9,N,nb18,1155,-1.623,-1.303,3,1
30,4,21,9,N,nb19,1155,-1.645,-1.469,2,1
30,4,21,9,N,nb20,1155,-1.427,-0.703,2,1
30,4,21,9,N,nb21,1155,1.865,-1.463,2,1
30,4,21,9,N,nb22,1155,1.594,-0.706,1,1
30,4,21,9,N,nb23,1155,-1.865,-1.004,1,0
30,4,21,9,N,nb24,1155,-1.569,-0.61,2,0
30,4,21,9,N,nb25,1155,1.368,1.85,1,1
30,4,21,9,N,nb26,1155,1.814,0.322,1,1
30,4,21,9,N,nb27,1155,0.894,1.836,1,1
30,4,21,9,N,nb28,1155,1.727,-0.828,2,1
30,4,21,9,N,nb29,1155,-1.721,-1.093,2,1
30,4,21,9,A,aa0,1155,-0.495,-0.766,0,0
30,4,21,9,A,aa1,1155,-1.865,-0.445,0,0
30,4,21,9,A,aa2,1155,0.954,0.464,2,0
30,4,21,9,A,aa3,1155,0.562,-1.828,0,0
30,4,21,9,A,aa4,1155,-0.8,1.593,2,0
30,4,21,9,A,aa5,1155,-1.699,0.122,0,0
30,4,21,9,A,aa6,1155,0.7,-0.036,1,0
30,4,21,9,A,aa7,1155,0.238,0.594,0,0
30,4,21,9,A,aa8,1155,0.722,1.865,2,0
30,4,21,9,N,nb0,1160,-0.756,0.048,0,0
30,4,21,9,N,nb1,1160,1.559,0.287,1,0
30,4,21,9,N,nb2,1160,1.845,-0.955,2,1
30,4,21,9,N,nb3,1160,1.857,-1.294,2,1
30,4,21,9,N,nb4,1160,-1.268,-0.466,1,1
30,4,21,9,N,nb5,1160,-1.839,-1.421,2,1
30,4,21,9,N,nb6,1160,1.561,0.066,2,1
30,4,21,9,N,nb7,1160,1.397,-0.107,2,1
30,4,21,9,N,nb8,1160,1.613,0.563,0,0
30,4,21,9,N,nb9,1160,1.198,1.855,1,1
30,4,21,9,N,nb10,1160,-0.689,1.418,0,1
30,4,21,9,N,nb11,1160,-1.428,-0.523,3,0
30,4,21,9,N,nb12,1160,1.162,-0.046,2,0
30,4,21,9,N,nb13,1160,1.865,-1.124,2,1
30,4,21,9,N,nb14,1160,1.012,0.029,1,0
30,4,21,9,N,nb15,1160,-0.628,1.663,0,1
30,4,21,9,N,nb16,1160,1.692,-1.502,1,1
30,4,21,9,N,nb17,1160,0.726,1.696,1,1
30,4,21,9,N,nb18,1160,-1.623,-1.303,3,1
30,4,21,9,N,nb19,1160,-1.645,-1.469,2,1
30,4,21,9,N,nb20,1160,-1.418,-0.718,2,1
30,4,21,9,N,nb21,1160,1.865,-1.463,2,1
30,4,21,9,N,nb22,1160,1.594,-0.706,1,1
30,4,21,9,N,nb23,1160,-1.865,-1.009,1,0
30,4,21,9,N,nb24,1160,-1.563,-0.63,2,0
30,4,21,9,N,nb25,1160,1.368,1.85,1,1
30,4,21,9,N,nb26,1160,1.814,0.322,0,1
30,4,21,9,N,nb27,1160,0.894,1.836,1,1
30,4,21,9,N,nb28,1160,1.727,-0.828,2,1
30,4,21,9,N,nb29,1160,-1.719,-1.095,2,1
30,4,21,9,A,aa0,1160,-0.508,-0.865,0,0
30,4,21,9,A,aa1,1160,-1.865,-0.508,3,1
30,4,21,9,A,aa2,1160,1.053,0.449,2,0
30,4,21,9,A,aa3,1160,0.479,-1.864,0,0
30,4,21,9,A,aa4,1160,-0.768,1.567,2,0
30,4,21,9,A,aa5,1160,-1.618,0.062,0,0
30,4,21,9,A,aa6,1160,0.673,-0.133,2,0
30,4,21,9,A,aa7,1160,0.266,0.516,0,0
30,4,21,9,A,aa8,1160,0.679,1.865,2,0
30,4,21,9,N,nb0,1165,-0.677,-0.014,0,0
30,4,21,9,N,nb1,1165,1.511,0.222,1,0
30,4,21,9,N,nb2,1165,1.845,-0.955,2,1
30,4,21,9,N,nb3,1165,1.857,-1.294,2,1
30,4,21,9,N,nb4,1165,-1.268,-0.466,1,1
30,4,21,9,N,nb5,1165,-1.839,-1.421,2,1
30,4,21,9,N,nb6,1165,1.559,0.059,2,1
30,4,21,9,N,nb7,1165,1.397,-0.107,1,1
30,4,21,9,N,nb8,1165,1.569,0.474,0,0
30,4,21,9,N,nb9,1165,1.198,1.855,1,1
30,4,21,9,N,nb10,1165,-0.689,1.418,0,1
30,4,21,9,N,nb11,1165,-1.391,-0.591,3,0
30,4,21,9,N,nb12,1165,1.103,-0.091,1,0
30,4,21,9,N,nb13,1165,1.865,-1.124,2,1
30,4,21,9,N,nb14,1165,0.951,-0.021,1,0
30,4,21,9,N,nb15,1165,-0.628,1.663,0,1
30,4,21,9,N,nb16,1165,1.692,-1.502,1,1
30,4,21,9,N,nb17,1165,0.726,1.696,1,1
30,4,21,9,N,nb18,1165,-1.623,-1.303,3,1
30,4,21,9,N,nb19,1165,-1.645,-1.469,2,1
30,4,21,9,N,nb20,1165,-1.401,-0.76,2,1
30,4,21,9,N,nb21,1165,1.865,-1.463,2,1
30,4,21,9,N,nb22,1165,1.594,-0.706,1,1
30,4,21,9,N,nb23,1165,-1.865,-1.064,1,0
30,4,21,9,N,nb24,1165,-1.558,-0.694,2,0
30,4,21,9,N,nb25,1165,1.368,1.85,1,1
30,4,21,9,N,nb26,1165,1.814,0.322,0,1
30,4,21,9,N,nb27,1165,0.894,1.836,1,1
30,4,21,9,N,nb28,1165,1.727,-0.828,2,1
30,4,21,9,N,nb29,1165,-1.686,-1.145,2,0
30,4,21,9,A,aa0,1165,-0.521,-0.964,0,0
30,4,21,9,A,aa1,1165,-1.865,-0.581,0,0
30,4,21,9,A,aa2,1165,1.152,0.433,1,0
30,4,21,9,A,aa3,1165,0.394,-1.865,0,0
30,4,21,9,A,aa4,1165,-0.768,1.567,2,0
30,4,21,9,A,aa5,1165,-1.538,0.002,1,0
30,4,21,9,A,aa6,1165,0.647,-0.229,0,0
30,4,21,9,A,aa7,1165,0.28,0.507,0,0
30,4,21,9,A,aa8,1165,0.625,1.865,2,0
30,4,21,9,N,nb0,1170,-0.599,-0.076,0,0
30,4,21,9,N,nb1,1170,1.462,0.182,1,1
30,4,21,9,N,nb2,1170,1.845,-0.955,2,1
30,4,21,9,N,nb3,1170,1.857,-1.294,2,1
30,4,21,9,N,nb4,1170,-1.268,-0.466,1,1
30,4,21,9,N,nb5,1170,-1.839,-1.421,2,1
30,4,21,9,N,nb6,1170,1.558,0.042,2,1
30,4,21,9,N,nb7,1170,1.397,-0.107,1,1
30,4,21,9,N,nb8,1170,1.552,0.441,0,1
30,4,21,9,N,nb9,1170,1.198,1.855,1,0
30,4,21,9,N,nb10,1170,-0.696,1.417,0,0
30,4,21,9,N,nb11,1170,-1.352,-0.664,3,1
30,4,21,9,N,nb12,1170,1.038,-0.141,1,1
30,4,21,9,N,nb13,1170,1.865,-1.124,2,1
30,4,21,9,N,nb14,1170,0.883,-0.076,1,1
30,4,21,9,N,nb15,1170,-0.614,1.656,0,0
30,4,21,9,N,nb16,1170,1.692,-1.502,1,1
30,4,21,9,N,nb17,1170,0.726,1.696,1,0
30,4,21,9,N,nb18,1170,-1.621,-1.304,3,1
30,4,21,9,N,nb19,1170,-1.645,-1.47,2,1
30,4,21,9,N,nb20,1170,-1.376,-0.832,2,1
30,4,21,9,N,nb21,1170,1.865,-1.463,2,1
30,4,21,9,N,nb22,1170,1.594,-0.706,1,1
30,4,21,9,N,nb23,1170,-1.865,-1.15,1,1
30,4,21,9,N,nb24,1170,-1.55,-0.784,2,1
30,4,21,9,N,nb25,1170,1.368,1.85,1,0
30,4,21,9,N,nb26,1170,1.814,0.322,0,1
30,4,21,9,N,nb27,1170,0.894,1.836,1,0
30,4,21,9,N,nb28,1170,1.727,-0.828,2,1
30,4,21,9,N,nb29,1170,-1.695,-1.152,2,0
30,4,21,9,A,aa0,1170,-0.534,-1.063,0,0
30,4,21,9,A,aa1,1170,-1.865,-0.661,0,0
30,4,21,9,A,aa2,1170,1.251,0.418,2,0
30,4,21,9,A,aa3,1170,0.338,-1.865,0,0
30,4,21,9,A,aa4,1170,-0.762,1.572,0,0
30,4,21,9,A,aa5,1170,-1.458,-0.058,1,0
30,4,21,9,A,aa6,1170,0.641,-0.252,0,0
30,4,21,9,A,aa7,1170,0.367,0.458,0,0
30,4,21,9,A,aa8,1170,0.561,1.865,2,0
30,4,21,9,N,nb0,1175,-0.52,-0.137,0,0
30,4,21,9,N,nb1,1175,1.437,0.161,1,0
30,4,21,9,N,nb2,1175,1.845,-0.955,2,1
30,4,21,9,N,nb3,1175,1.857,-1.294,2,1
30,4,21,9,N,nb4,1175,-1.268,-0.466,1,1
30,4,21,9,N,nb5,1175,-1.839,-1.421,2,1
30,4,21,9,N,nb6,1175,1.558,0.042,2,1
30,4,21,9,N,nb7,1175,1.427,-0.097,1,0
30,4,21,9,N,nb8,1175,1.535,0.412,0,0
30,4,21,9,N,nb9,1175,1.198,1.855,1,1
30,4,21,9,N,nb10,1175,-0.783,1.427,0,0
30,4,21,9,N,nb11,1175,-1.346,-0.667,3,0
30,4,21,9,N,nb12,1175,1.036,-0.143,1,1
30,4,21,9,N,nb13,1175,1.865,-1.124,2,1
30,4,21,9,N,nb14,1175,0.881,-0.078,1,1
30,4,21,9,N,nb15,1175,-0.526,1.617,0,0
30,4,21,9,N,nb16,1175,1.692,-1.502,1,1
30,4,21,9,N,nb17,1175,0.726,1.696,1,1
30,4,21,9,N,nb18,1175,-1.621,-1.304,3,1
30,4,21,9,N,nb19,1175,-1.645,-1.47,2,1
30,4,21,9,N,nb20,1175,-1.375,-0.834,2,1
30,4,21,9,N,nb21,1175,1.865,-1.463,2,1
30,4,21,9,N,nb22,1175,1.594,-0.706,1,1
30,4,21,9,N,nb23,1175,-1.865,-1.167,1,0
30,4,21,9,N,nb24,1175,-1.549,-0.802,2,0
30,4,21,9,N,nb25,1175,1.368,1.85,1,1
30,4,21,9,N,nb26,1175,1.802,0.354,0,0
30,4,21,9,N,nb27,1175,0.894,1.836,1,1
30,4,21,9,N,nb28,1175,1.727,-0.828,2,1
30,4,21,9,N,nb29,1175,-1.696,-1.152,2,0
30,4,21,9,A,aa0,1175,-0.547,-1.162,0,0
30,4,21,9,A,aa1,1175,-1.865,-0.747,0,0
30,4,21,9,A,aa2,1175,1.341,0.402,0,0
30,4,21,9,A,aa3,1175,0.28,-1.865,0,0
30,4,21,9,A,aa4,1175,-0.696,1.61,0,0
30,4,21,9,A,aa5,1175,-1.378,-0.118,1,0
30,4,21,9,A,aa6,1175,0.665,-0.279,2,0
30,4,21,9,A,aa7,1175,0.454,0.408,0,0
30,4,21,9,A,aa8,1175,0.487,1.865,2,0
30,4,21,9,N,nb0,1180,-0.442,-0.199,0,0
30,4,21,9,N,nb1,1180,1.364,0.103,2,0
30,4,21,9,N,nb2,1180,1.845,-0.955,2,1
30,4,21,9,N,nb3,1180,1.857,-1.294,2,1
30,4,21,9,N,nb4,1180,-1.268,-0.466,1,1
30,4,21,9,N,nb5,1180,-1.838,-1.424,3,1
30,4,21,9,N,nb6,1180,1.58,0.054,2,1
30,4,21,9,N,nb7,1180,1.492,-0.091,2,0
30,4,21,9,N,nb8,1180,1.545,0.349,1,0
30,4,21,9,N,nb9,1180,1.198,1.855,1,1
30,4,21,9,N,nb10,1180,-0.879,1.432,0,0
30,4,21,9,N,nb11,1180,-1.301,-0.681,2,0
30,4,21,9,N,nb12,1180,1.036,-0.143,1,1
30,4,21,9,N,nb13,1180,1.865,-1.124,2,1
30,4,21,9,N,nb14,1180,0.881,-0.078,1,1
30,4,21,9,N,nb15,1180,-0.434,1.579,0,0
30,4,21,9,N,nb16,1180,1.692,-1.502,1,1
30,4,21,9,N,nb17,1180,0.726,1.696,1,1
30,4,21,9,N,nb18,1180,-1.621,-1.304,4,1
30,4,21,9,N,nb19,1180,-1.645,-1.47,2,1
30,4,21,9,N,nb20,1180,-1.375,-0.834,2,1
30,4,21,9,N,nb21,1180,1.865,-1.463,2,1
30,4,21,9,N,nb22,1180,1.594,-0.706,1,1
30,4,21,9,N,nb23,1180,-1.865,-1.256,3,0
30,4,21,9,N,nb24,1180,-1.555,-0.895,1,0
30,4,21,9,N,nb25,1180,1.368,1.85,1,1
30,4,21,9,N,nb26,1180,1.78,0.409,1,1
30,4,21,9,N,nb27,1180,0.894,1.836,1,1
30,4,21,9,N,nb28,1180,1.727,-0.828,2,1
30,4,21,9,N,nb29,1180,-1.703,-1.156,2,0
30,4,21,9,A,aa0,1180,-0.56,-1.261,0,0
30,4,21,9,A,aa1,1180,-1.865,-0.821,0,0
30,4,21,9,A,aa2,1180,1.376,0.355,1,0
30,4,21,9,A,aa3,1180,0.199,-1.865,0,0
30,4,21,9,A,aa4,1180,-0.622,1.658,0,0
30,4,21,9,A,aa5,1180,-1.298,-0.177,1,0
30,4,21,9,A,aa6,1180,0.732,-0.353,2,0
30,4,21,9,A,aa7,1180,0.541,0.359,1,0
30,4,21,9,A,aa8,1180,0.407,1.865,2,0
30,4,21,9,N,nb0,1185,-0.363,-0.261,0,0
30,4,21,9,N,nb1,1185,1.284,0.048,0,0
30,4,21,9,N,nb2,1185,1.845,-0.955,2,1
30,4,21,9,N,nb3,1185,1.857,-1.294,2,1
30,4,21,9,N,nb4,1185,-1.268,-0.466,0,1
30,4,21,9,N,nb5,1185,-1.828,-1.465,2,1
30,4,21,9,N,nb6,1185,1.593,0.064,2,1
30,4,21,9,N,nb7,1185,1.537,-0.096,1,1
30,4,21,9,N,nb8,1185,1.578,0.297,2,1
30,4,21,9,N,nb9,1185,1.198,1.855,1,1
30,4,21,9,N,nb10,1185,-0.979,1.436,0,0
30,4,21,9,N,nb11,1185,-1.245,-0.722,1,1
30,4,21,9,N,nb12,1185,1.036,-0.143,1,1
30,4,21,9,N,nb13,1185,1.865,-1.124,2,1
30,4,21,9,N,nb14,1185,0.881,-0.078,1,1
30,4,21,9,N,nb15,1185,-0.343,1.541,0,0
30,4,21,9,N,nb16,1185,1.692,-1.502,1,1
30,4,21,9,N,nb17,1185,0.726,1.696,1,1
30,4,21,9,N,nb18,1185,-1.621,-1.304,3,1
30,4,21,9,N,nb19,1185,-1.645,-1.47,2,1
30,4,21,9,N,nb20,1185,-1.375,-0.834,2,1
30,4,21,9,N,nb21,1185,1.865,-1.463,2,1
30,4,21,9,N,nb22,1185,1.594,-0.706,1,1
30,4,21,9,N,nb23,1185,-1.865,-1.3,3,1
30,4,21,9,N,nb24,1185,-1.566,-0.972,2,1
30,4,21,9,N,nb25,1185,1.368,1.85,1,1
30,4,21,9,N,nb26,1185,1.78,0.409,1,1
30,4,21,9,N,nb27,1185,0.894,1.836,1,1
30,4,21,9,N,nb28,1185,1.727,-0.828,2,1
30,4,21,9,N,nb29,1185,-1.701,-1.155,3,1
30,4,21,9,A,aa0,1185,-0.574,-1.36,0,0
30,4,21,9,A,aa1,1185,-1.865,-0.821,1,0
30,4,21,9,A,aa2,1185,1.409,0.303,3,1
30,4,21,9,A,aa3,1185,0.112,-1.865,0,0
30,4,21,9,A,aa4,1185,-0.555,1.719,0,0
30,4,21,9,A,aa5,1185,-1.222,-0.232,1,0
30,4,21,9,A,aa6,1185,0.8,-0.427,2,0
30,4,21,9,A,aa7,1185,0.628,0.31,1,0
30,4,21,9,A,aa8,1185,0.321,1.865,2,0
30,4,21,9,N,nb0,1190,-0.284,-0.323,0,0
30,4,21,9,N,nb1,1190,1.219,0.003,1,1
30,4,21,9,N,nb2,1190,1.845,-0.955,2,0
30,4,21,9,N,nb3,1190,1.857,-1.294,2,0
30,4,21,9,N,nb4,1190,-1.268,-0.466,0,1
30,4,21,9,N,nb5,1190,-1.823,-1.474,2,1
30,4,21,9,N,nb6,1190,1.596,0.048,2,0
30,4,21,9,N,nb7,1190,1.566,-0.119,1,0
30,4,21,9,N,nb8,1190,1.625,0.248,2,0
30,4,21,9,N,nb9,1190,1.198,1.855,1,1
30,4,21,9,N,nb10,1190,-1.079,1.439,0,0
30,4,21,9,N,nb11,1190,-1.245,-0.722,1,1
30,4,21,9,N,nb12,1190,1.036,-0.143,2,1
30,4,21,9,N,nb13,1190,1.865,-1.124,2,1
30,4,21,9,N,nb14,1190,0.881,-0.078,1,1
30,4,21,9,N,nb15,1190,-0.25,1.503,0,0
30,4,21,9,N,nb16,1190,1.692,-1.502,1,1
30,4,21,9,N,nb17,1190,0.726,1.696,1,1
30,4,21,9,N,nb18,1190,-1.621,-1.304,3,1
30,4,21,9,N,nb19,1190,-1.645,-1.47,2,1
30,4,21,9,N,nb20,1190,-1.41,-0.842,2,0
30,4,21,9,N,nb21,1190,1.865,-1.463,2,1
30,4,21,9,N,nb22,1190,1.594,-0.706,1,0
30,4,21,9,N,nb23,1190,-1.865,-1.309,3,0
30,4,21,9,N,nb24,1190,-1.573,-1.003,2,0
30,4,21,9,N,nb25,1190,1.368,1.85,1,1
30,4,21,9,N,nb26,1190,1.78,0.409,1,1
30,4,21,9,N,nb27,1190,0.894,1.836,1,1
30,4,21,9,N,nb28,1190,1.727,-0.828,2,1
30,4,21,9,N,nb29,1190,-1.696,-1.152,3,0
30,4,21,9,A,aa0,1190,-0.587,-1.459,0,0
30,4,21,9,A,aa1,1190,-1.799,-0.886,0,0
30,4,21,9,A,aa2,1190,1.455,0.247,0,0
30,4,21,9,A,aa3,1190,0.021,-1.865,0,0
30,4,21,9,A,aa4,1190,-0.488,1.79,0,0
30,4,21,9,A,aa5,1190,-1.142,-0.276,1,0
30,4,21,9,A,aa6,1190,0.842,-0.474,2,0
30,4,21,9,A,aa7,1190,0.715,0.26,1,0
30,4,21,9,A,aa8,1190,0.231,1.865,1,0
30,4,21,9,N,nb0,1195,-0.206,-0.385,0,0
30,4,21,9,N,nb1,1195,1.206,-0.005,1,0
30,4,21,9,N,nb2,1195,1.845,-0.955,2,1
30,4,21,9,N,nb3,1195,1.857,-1.294,2,1
30,4,21,9,N,nb4,1195,-1.268,-0.466,0,1
30,4,21,9,N,nb5,1195,-1.812,-1.505,2,1
30,4,21,9,N,nb6,1195,1.557,0.002,2,0
30,4,21,9,N,nb7,1195,1.65,-0.145,1,0
30,4,21,9,N,nb8,1195,1.674,0.175,1,0
30,4,21,9,N,nb9,1195,1.198,1.855,1,1
30,4,21,9,N,nb10,1195,-1.179,1.442,0,0
30,4,21,9,N,nb11,1195,-1.245,-0.722,0,1
30,4,21,9,N,nb12,1195,1.025,-0.152,2,0
30,4,21,9,N,nb13,1195,1.865,-1.124,2,1
30,4,21,9,N,nb14,1195,0.87,-0.088,1,0
30,4,21,9,N,nb15,1195,-0.158,1.464,0,0
30,4,21,9,N,nb16,1195,1.692,-1.502,1,1
30,4,21,9,N,nb17,1195,0.726,1.696,1,1
30,4,21,9,N,nb18,1195,-1.621,-1.304,3,1
30,4,21,9,N,nb19,1195,-1.645,-1.47,2,1
30,4,21,9,N,nb20,1195,-1.5,-0.863,1,0
30,4,21,9,N,nb21,1195,1.865,-1.463,2,1
30,4,21,9,N,nb22,1195,1.594,-0.706,1,1
30,4,21,9,N,nb23,1195,-1.865,-1.344,2,0
30,4,21,9,N,nb24,1195,-1.565,-1.021,2,0
30,4,21,9,N,nb25,1195,1.368,1.85,1,1
30,4,21,9,N,nb26,1195,1.78,0.409,0,1
30,4,21,9,N,nb27,1195,0.894,1.836,1,1
30,4,21,9,N,nb28,1195,1.727,-0.828,2,1
30,4,21,9,N,nb29,1195,-1.68,-1.146,2,0
30,4,21,9,A,aa0,1195,-0.6,-1.559,0,0
30,4,21,9,A,aa1,1195,-1.731,-0.944,0,0
30,4,21,9,A,aa2,1195,1.504,0.176,1,0
30,4,21,9,A,aa3,1195,-0.071,-1.864,0,0
30,4,21,9,A,aa4,1195,-0.421,1.848,0,0
30,4,21,9,A,aa5,1195,-1.105,-0.293,2,0
30,4,21,9,A,aa6,1195,0.859,-0.474,0,0
30,4,21,9,A,aa7,1195,0.802,0.211,0,0
30,4,21,9,A,aa8,1195,0.155,1.865,1,0
30,4,21,9,N,nb0,1200,-0.127,-0.446,0,0
30,4,21,9,N,nb1,1200,1.129,-0.041,1,0
30,4,21,9,N,nb2,1200,1.845,-0.955,2,1
30,4,21,9,N,nb3,1200,1.857,-1.294,2,1
30,4,21,9,N,nb4,1200,-1.268,-0.466,0,1
30,4,21,9,N,nb5,1200,-1.808,-1.513,2,1
30,4,21,9,N,nb6,1200,1.529,-0.031,2,0
30,4,21,9,N,nb7,1200,1.691,-0.152,1,1
30,4,21,9,N,nb8,1200,1.697,0.137,1,0
30,4,21,9,N,nb9,1200,1.198,1.855,1,1
30,4,21,9,N,nb10,1200,-1.279,1.446,0,0
30,4,21,9,N,nb11,1200,-1.245,-0.722,0,1
30,4,21,9,N,nb12,1200,0.958,-0.21,2,0
30,4,21,9,N,nb13,1200,1.865,-1.124,2,1
30,4,21,9,N,nb14,1200,0.802,-0.15,1,0
30,4,21,9,N,nb15,1200,-0.066,1.425,0,0
30,4,21,9,N,nb16,1200,1.692,-1.502,1,1
30,4,21,9,N,nb17,1200,0.726,1.696,1,1
30,4,21,9,N,nb18,1200,-1.617,-1.313,2,1
30,4,21,9,N,nb19,1200,-1.642,-1.479,2,1
30,4,21,9,N,nb20,1200,-1.55,-0.864,1,1
30,4,21,9,N,nb21,1200,1.865,-1.463,2,1
30,4,21,9,N,nb22,1200,1.594,-0.706,1,1
30,4,21,9,N,nb23,1200,-1.865,-1.354,1,1
30,4,21,9,N,nb24,1200,-1.524,-1.061,2,1
30,4,21,9,N,nb25,1200,1.368,1.85,1,1
30,4,21,9,N,nb26,1200,1.78,0.409,0,0
30,4,21,9,N,nb27,1200,0.894,1.836,1,1
30,4,21,9,N,nb28,1200,1.727,-0.828,2,1
30,4,21,9,N,nb29,1200,-1.669,-1.152,2,1
30,4,21,9,A,aa0,1200,-0.613,-1.658,0,0
30,4,21,9,A,aa1,1200,-1.674,-0.982,3,1
30,4,21,9,A,aa2,1200,1.527,0.138,3,1
30,4,21,9,A,aa3,1200,-0.163,-1.853,0,0
30,4,21,9,A,aa4,1200,-0.348,1.866,0,0
30,4,21,9,A,aa5,1200,-1.073,-0.276,2,0
30,4,21,9,A,aa6,1200,0.959,-0.472,0,0
30,4,21,9,A,aa7,1200,0.889,0.161,0,0
30,4,21,9,A,aa8,1200,0.155,1.865,1,0
30,4,21,9,N,nb0,1205,-0.048,-0.508,0,0
30,4,21,9,N,nb1,1205,1.045,-0.065,1,1
30,4,21,9,N,nb2,1205,1.845,-0.955,2,1
30,4,21,9,N,nb3,1205,1.857,-1.294,2,1
30,4,21,9,N,nb4,1205,-1.268,-0.466,0,1
30,4,21,9,N,nb5,1205,-1.808,-1.513,2,1
30,4,21,9,N,nb6,1205,1.479,-0.088,0,0
30,4,21,9,N,nb7,1205,1.726,-0.159,1,0
30,4,21,9,N,nb8,1205,1.7,0.067,1,0
30,4,21,9,N,nb9,1205,1.198,1.855,1,1
30,4,21,9,N,nb10,1205,-1.379,1.449,0,0
30,4,21,9,N,nb11,1205,-1.245,-0.722,0,1
30,4,21,9,N,nb12,1205,0.902,-0.259,2,1
30,4,21,9,N,nb13,1205,1.865,-1.124,2,1
30,4,21,9,N,nb14,1205,0.744,-0.203,1,1
30,4,21,9,N,nb15,1205,0.026,1.387,0,0
30,4,21,9,N,nb16,1205,1.692,-1.502,1,1
30,4,21,9,N,nb17,1205,0.726,1.696,1,1
30,4,21,9,N,nb18,1205,-1.615,-1.328,2,1
30,4,21,9,N,nb19,1205,-1.639,-1.494,2,1
30,4,21,9,N,nb20,1205,-1.562,-0.852,1,0
30,4,21,9,N,nb21,1205,1.865,-1.463,2,1
30,4,21,9,N,nb22,1205,1.594,-0.706,1,1
30,4,21,9,N,nb23,1205,-1.865,-1.354,1,1
30,4,21,9,N,nb24,1205,-1.508,-1.09,2,0
30,4,21,9,N,nb25,1205,1.368,1.85,1,1
30,4,21,9,N,nb26,1205,1.748,0.475,0,0
30,4,21,9,N,nb27,1205,0.894,1.836,1,1
30,4,21,9,N,nb28,1205,1.727,-0.828,2,1
30,4,21,9,N,nb29,1205,-1.66,-1.165,2,0
30,4,21,9,A,aa0,1205,-0.626,-1.757,0,0
30,4,21,9,A,aa1,1205,-1.652,-0.996,0,0
30,4,21,9,A,aa2,1205,1.531,0.074,0,0
30,4,21,9,A,aa3,1205,-0.254,-1.833,0,0
30,4,21,9,A,aa4,1205,-0.268,1.866,0,0
30,4,21,9,A,aa5,1205,-0.985,-0.23,2,0
30,4,21,9,A,aa6,1205,1.036,-0.473,0,0
30,4,21,9,A,aa7,1205,0.97,0.117,0,0
30,4,21,9,A,aa8,1205,0.134,1.814,0,0
30,4,21,9,N,nb0,1210,0.03,-0.57,0,0
30,4,21,9,N,nb1,1210,1.048,-0.074,1,0
30,4,21,9,N,nb2,1210,1.845,-0.955,2,1
30,4,21,9,N,nb3,1210,1.857,-1.294,2,1
30,4,21,9,N,nb4,1210,-1.283,-0.469,0,0
30,4,21,9,N,nb5,1210,-1.808,-1.513,3,1
30,4,21,9,N,nb6,1210,1.415,-0.164,0,0
30,4,21,9,N,nb7,1210,1.818,-0.181,1,0
30,4,21,9,N,nb8,1210,1.714,-0.024,1,0
30,4,21,9,N,nb9,1210,1.198,1.855,1,1
30,4,21,9,N,nb10,1210,-1.479,1.452,0,0
30,4,21,9,N,nb11,1210,-1.245,-0.722,0,1
30,4,21,9,N,nb12,1210,0.902,-0.259,2,0
30,4,21,9,N,nb13,1210,1.865,-1.124,2,1
30,4,21,9,N,nb14,1210,0.744,-0.203,1,1
30,4,21,9,N,nb15,1210,0.119,1.348,0,0
30,4,21,9,N,nb16,1210,1.692,-1.502,1,1
30,4,21,9,N,nb17,1210,0.726,1.696,1,1
30,4,21,9,N,nb18,1210,-1.612,-1.378,3,1
30,4,21,9,N,nb19,1210,-1.636,-1.544,2,1
30,4,21,9,N,nb20,1210,-1.651,-0.842,0,0
30,4,21,9,N,nb21,1210,1.865,-1.463,2,1
30,4,21,9,N,nb22,1210,1.594,-0.706,1,0
30,4,21,9,N,nb23,1210,-1.865,-1.354,1,1
30,4,21,9,N,nb24,1210,-1.482,-1.163,1,0
30,4,21,9,N,nb25,1210,1.368,1.85,1,1
30,4,21,9,N,nb26,1210,1.703,0.564,0,0
30,4,21,9,N,nb27,1210,0.894,1.836,1,1
30,4,21,9,N,nb28,1210,1.727,-0.828,2,1
30,4,21,9,N,nb29,1210,-1.644,-1.212,2,0
30,4,21,9,A,aa0,1210,-0.629,-1.78,0,0
30,4,21,9,A,aa1,1210,-1.607,-1.047,1,0
30,4,21,9,A,aa2,1210,1.538,-0.012,1,0
30,4,21,9,A,aa3,1210,-0.29,-1.837,0,0
30,4,21,9,A,aa4,1210,-0.183,1.866,0,0
30,4,21,9,A,aa5,1210,-0.896,-0.184,0,0
30,4,21,9,A,aa6,1210,1.066,-0.457,3,1
30,4,21,9,A,aa7,1210,1.049,0.095,2,0
30,4,21,9,A,aa8,1210,0.098,1.721,0,0
30,4,21,9,N,nb0,1215,0.109,-0.632,0,0
30,4,21,9,N,nb1,1215,0.98,-0.103,1,0
30,4,21,9,N,nb2,1215,1.845,-0.955,2,1
30,4,21,9,N,nb3,1215,1.857,-1.294,2,1
30,4,21,9,N,nb4,1215,-1.374,-0.486,0,0
30,4,21,9,N,nb5,1215,-1.808,-1.513,3,1
30,4,21,9,N,nb6,1215,1.351,-0.24,0,0
30,4,21,9,N,nb7,1215,1.867,-0.197,1,1
30,4,21,9,N,nb8,1215,1.719,-0.044,1,1
30,4,21,9,N,nb9,1215,1.198,1.855,1,1
30,4,21,9,N,nb10,1215,-1.578,1.456,0,0
30,4,21,9,N,nb11,1215,-1.245,-0.722,0,0
30,4,21,9,N,nb12,1215,0.875,-0.308,2,0
30,4,21,9,N,nb13,1215,1.865,-1.124,2,1
30,4,21,9,N,nb14,1215,0.744,-0.203,1,1
30,4,21,9,N,nb15,1215,0.211,1.309,0,0
30,4,21,9,N,nb16,1215,1.692,-1.502,1,1
30,4,21,9,N,nb17,1215,0.726,1.696,1,1
30,4,21,9,N,nb18,1215,-1.614,-1.4,4,1
30,4,21,9,N,nb19,1215,-1.638,-1.566,2,1
30,4,21,9,N,nb20,1215,-1.745,-0.825,0,0
30,4,21,9,N,nb21,1215,1.865,-1.463,2,1
30,4,21,9,N,nb22,1215,1.598,-0.633,1,0
30,4,21,9,N,nb23,1215,-1.865,-1.354,1,1
30,4,21,9,N,nb24,1215,-1.474,-1.2,2,0
30,4,21,9,N,nb25,1215,1.368,1.85,1,1
30,4,21,9,N,nb26,1215,1.657,0.653,0,0
30,4,21,9,N,nb27,1215,0.894,1.836,1,1
30,4,21,9,N,nb28,1215,1.727,-0.828,2,1
30,4,21,9,N,nb29,1215,-1.641,-1.233,2,0
30,4,21,9,A,aa0,1215,-0.59,-1.834,0,0
30,4,21,9,A,aa1,1215,-1.585,-1.072,3,1
30,4,21,9,A,aa2,1215,1.532,-0.103,2,0
30,4,21,9,A,aa3,1215,-0.381,-1.842,0,0
30,4,21,9,A,aa4,1215,-0.093,1.866,0,0
30,4,21,9,A,aa5,1215,-0.807,-0.138,0,0
30,4,21,9,A,aa6,1215,1.153,-0.416,0,0
30,4,21,9,A,aa7,1215,1.138,0.078,1,0
30,4,21,9,A,aa8,1215,0.063,1.628,0,0
30,4,21,9,N,nb0,1220,0.187,-0.694,0,0
30,4,21,9,N,nb1,1220,0.899,-0.13,1,0
30,4,21,9,N,nb2,1220,1.845,-0.955,2,1
30,4,21,9,N,nb3,1220,1.857,-1.294,2,1
30,4,21,9,N,nb4,1220,-1.472,-0.496,0,0
30,4,21,9,N,nb5,1220,-1.808,-1.513,3,1
30,4,21,9,N,nb6,1220,1.321,-0.285,0,0
30,4,21,9,N,nb7,1220,1.867,-0.197,1,1
30,4,21,9,N,nb8,1220,1.719,-0.044,1,1
30,4,21,9,N,nb9,1220,1.198,1.855,1,1
30,4,21,9,N,nb10,1220,-1.678,1.459,0,0
30,4,21,9,N,nb11,1220,-1.172,-0.785,0,0
30,4,21,9,N,nb12,1220,0.817,-0.381,1,0
30,4,21,9,N,nb13,1220,1.865,-1.124,2,1
30,4,21,9,N,nb14,1220,0.744,-0.203,2,1
30,4,21,9,N,nb15,1220,0.303,1.271,0,0
30,4,21,9,N,nb16,1220,1.692,-1.502,1,1
30,4,21,9,N,nb17,1220,0.726,1.696,1,1
30,4,21,9,N,nb18,1220,-1.613,-1.431,4,1
30,4,21,9,N,nb19,1220,-1.637,-1.597,2,1
30,4,21,9,N,nb20,1220,-1.834,-0.803,0,0
30,4,21,9,N,nb21,1220,1.865,-1.463,2,1
30,4,21,9,N,nb22,1220,1.601,-0.534,0,0
30,4,21,9,N,nb23,1220,-1.865,-1.354,1,1
30,4,21,9,N,nb24,1220,-1.46,-1.269,2,0
30,4,21,9,N,nb25,1220,1.368,1.85,1,1
30,4,21,9,N,nb26,1220,1.612,0.743,0,0
30,4,21,9,N,nb27,1220,0.894,1.836,1,1
30,4,21,9,N,nb28,1220,1.727,-0.828,1,1
30,4,21,9,N,nb29,1220,-1.63,-1.263,2,0
30,4,21,9,A,aa0,1220,-0.592,-1.865,0,0
30,4,21,9,A,aa1,1220,-1.565,-1.106,0,0
30,4,21,9,A,aa2,1220,1.523,-0.161,2,0
30,4,21,9,A,aa3,1220,-0.425,-1.85,0,0
30,4,21,9,A,aa4,1220,-0.002,1.865,0,0
30,4,21,9,A,aa5,1220,-0.719,-0.091,0,0
30,4,21,9,A,aa6,1220,1.198,-0.402,1,0
30,4,21,9,A,aa7,1220,1.236,0.066,1,0
30,4,21,9,A,aa8,1220,0.027,1.534,0,0
30,4,21,9,N,nb0,1225,0.266,-0.755,0,0
30,4,21,9,N,nb1,1225,0.889,-0.134,1,0
30,4,21,9,N,nb2,1225,1.845,-0.955,2,1
30,4,21,9,N,nb3,1225,1.857,-1.294,2,1
30,4,21,9,N,nb4,1225,-1.572,-0.506,0,0
30,4,21,9,N,nb5,1225,-1.808,-1.513,3,1
30,4,21,9,N,nb6,1225,1.288,-0.275,0,0
30,4,21,9,N,nb7,1225,1.867,-0.197,1,1
30,4,21,9,N,nb8,1225,1.719,-0.044,1,1
30,4,21,9,N,nb9,1225,1.198,1.855,1,1
30,4,21,9,N,nb10,1225,-1.778,1.462,0,0
30,4,21,9,N,nb11,1225,-1.096,-0.85,0,0
30,4,21,9,N,nb12,1225,0.804,-0.399,1,0
30,4,21,9,N,nb13,1225,1.865,-1.124,2,1
30,4,21,9,N,nb14,1225,0.735,-0.203,2,0
30,4,21,9,N,nb15,1225,0.395,1.232,0,0
30,4,21,9,N,nb16,1225,1.692,-1.502,1,1
30,4,21,9,N,nb17,1225,0.726,1.696,1,1
30,4,21,9,N,nb18,1225,-1.606,-1.466,4,1
30,4,21,9,N,nb19,1225,-1.631,-1.632,2,1
30,4,21,9,N,nb20,1225,-1.866,-0.772,0,0
30,4,21,9,N,nb21,1225,1.865,-1.463,2,1
30,4,21,9,N,nb22,1225,1.602,-0.436,0,0
30,4,21,9,N,nb23,1225,-1.865,-1.354,1,1
30,4,21,9,N,nb24,1225,-1.439,-1.361,2,0
30,4,21,9,N,nb25,1225,1.368,1.85,1,1
30,4,21,9,N,nb26,1225,1.566,0.832,0,0
30,4,21,9,N,nb27,1225,0.894,1.836,1,1
30,4,21,9,N,nb28,1225,1.727,-0.828,1,1
30,4,21,9,N,nb29,1225,-1.61,-1.297,2,0
30,4,21,9,A,aa0,1225,-0.655,-1.865,0,0
30,4,21,9,A,aa1,1225,-1.519,-1.154,0,0
30,4,21,9,A,aa2,1225,1.539,-0.231,2,0
30,4,21,9,A,aa3,1225,-0.49,-1.838,0,0
30,4,21,9,A,aa4,1225,0.091,1.858,0,0
30,4,21,9,A,aa5,1225,-0.63,-0.045,0,0
30,4,21,9,A,aa6,1225,1.188,-0.412,3,1
30,4,21,9,A,aa7,1225,1.335,0.055,2,0
30,4,21,9,A,aa8,1225,0.02,1.496,0,0
30,4,21,9,N,nb0,1230,0.345,-0.817,0,0
30,4,21,9,N,nb1,1230,0.806,-0.14,1,0
30,4,21,9,N,nb2,1230,1.845,-0.955,2,1
30,4,21,9,N,nb3,1230,1.857,-1.294,2,1
30,4,21,9,N,nb4,1230,-1.671,-0.516,0,0
30,4,21,9,N,nb5,1230,-1.808,-1.513,3,1
30,4,21,9,N,nb6,1230,1.272,-0.278,0,0
30,4,21,9,N,nb7,1230,1.867,-0.197,1,1
30,4,21,9,N,nb8,1230,1.719,-0.044,1,1
30,4,21,9,N,nb9,1230,1.198,1.855,1,1
30,4,21,9,N,nb10,1230,-1.863,1.472,0,0
30,4,21,9,N,nb11,1230,-1.02,-0.915,0,0
30,4,21,9,N,nb12,1230,0.753,-0.476,1,0
30,4,21,9,N,nb13,1230,1.865,-1.124,2,1
30,4,21,9,N,nb14,1230,0.667,-0.269,2,0
30,4,21,9,N,nb15,1230,0.488,1.194,0,0
30,4,21,9,N,nb16,1230,1.692,-1.502,1,1
30,4,21,9,N,nb17,1230,0.726,1.696,1,1
30,4,21,9,N,nb18,1230,-1.606,-1.47,4,1
30,4,21,9,N,nb19,1230,-1.63,-1.636,2,1
30,4,21,9,N,nb20,1230,-1.866,-0.729,0,0
30,4,21,9,N,nb21,1230,1.865,-1.463,2,1
30,4,21,9,N,nb22,1230,1.604,-0.414,0,0
30,4,21,9,N,nb23,1230,-1.865,-1.354,1,1
30,4,21,9,N,nb24,1230,-1.433,-1.382,2,1
30,4,21,9,N,nb25,1230,1.368,1.85,1,1
30,4,21,9,N,nb26,1230,1.521,0.921,0,0
30,4,21,9,N,nb27,1230,0.894,1.836,1,1
30,4,21,9,N,nb28,1230,1.727,-0.828,1,1
30,4,21,9,N,nb29,1230,-1.607,-1.301,2,1
30,4,21,9,A,aa0,1230,-0.722,-1.865,0,0
30,4,21,9,A,aa1,1230,-1.459,-1.211,2,0
30,4,21,9,A,aa2,1230,1.564,-0.25,2,0
30,4,21,9,A,aa3,1230,-0.564,-1.807,0,0
30,4,21,9,A,aa4,1230,0.182,1.84,1,0
30,4,21,9,A,aa5,1230,-0.541,0.001,0,0
30,4,21,9,A,aa6,1230,1.156,-0.402,0,0
30,4,21,9,A,aa7,1230,1.434,0.043,1,0
30,4,21,9,A,aa8,1230,0.027,1.396,0,0
30,4,21,9,N,nb0,1235,0.423,-0.879,0,0
30,4,21,9,N,nb1,1235,0.717,-0.131,1,1
30,4,21,9,N,nb2,1235,1.845,-0.955,2,1
30,4,21,9,N,nb3,1235,1.857,-1.294,2,1
30,4,21,9,N,nb4,1235,-1.712,-0.52,1,1
30,4,21,9,N,nb5,1235,-1.808,-1.513,3,1
30,4,21,9,N,nb6,1235,1.228,-0.261,0,0
30,4,21,9,N,nb7,1235,1.867,-0.197,1,1
30,4,21,9,N,nb8,1235,1.719,-0.044,1,1
30,4,21,9,N,nb9,1235,1.198,1.855,1,1
30,4,21,9,N,nb10,1235,-1.866,1.493,0,0
30,4,21,9,N,nb11,1235,-0.944,-0.98,0,0
30,4,21,9,N,nb12,1235,0.706,-0.559,1,1
30,4,21,9,N,nb13,1235,1.865,-1.124,2,0
30,4,21,9,N,nb14,1235,0.595,-0.335,2,1
30,4,21,9,N,nb15,1235,0.58,1.155,0,0
30,4,21,9,N,nb16,1235,1.692,-1.502,1,0
30,4,21,9,N,nb17,1235,0.726,1.696,1,1
30,4,21,9,N,nb18,1235,-1.595,-1.497,4,0
30,4,21,9,N,nb19,1235,-1.624,-1.662,2,1
30,4,21,9,N,nb20,1235,-1.866,-0.706,1,1
30,4,21,9,N,nb21,1235,1.865,-1.463,2,0
30,4,21,9,N,nb22,1235,1.606,-0.415,0,0
30,4,21,9,N,nb23,1235,-1.865,-1.354,1,1
30,4,21,9,N,nb24,1235,-1.411,-1.436,2,0
30,4,21,9,N,nb25,1235,1.368,1.85,1,1
30,4,21,9,N,nb26,1235,1.475,1.01,0,0
30,4,21,9,N,nb27,1235,0.894,1.836,1,1
30,4,21,9,N,nb28,1235,1.727,-0.828,1,0
30,4,21,9,N,nb29,1235,-1.597,-1.328,2,0
30,4,21,9,A,aa0,1235,-0.775,-1.865,0,0
30,4,21,9,A,aa1,1235,-1.404,-1.254,0,0
30,4,21,9,A,aa2,1235,1.59,-0.246,2,0
30,4,21,9,A,aa3,1235,-0.642,-1.763,0,0
30,4,21,9,A,aa4,1235,0.221,1.83,1,0
30,4,21,9,A,aa5,1235,-0.453,0.047,0,0
30,4,21,9,A,aa6,1235,1.141,-0.407,0,0
30,4,21,9,A,aa7,1235,1.526,0.035,1,0
30,4,21,9,A,aa8,1235,0.033,1.296,0,0
30,4,21,9,N,nb0,1240,0.502,-0.941,0,0
30,4,21,9,N,nb1,1240,0.699,-0.128,1,0
30,4,21,9,N,nb2,1240,1.845,-0.955,2,1
30,4,21,9,N,nb3,1240,1.857,-1.294,2,1
30,4,21,9,N,nb4,1240,-1.712,-0.52,1,1
30,4,21,9,N,nb5,1240,-1.808,-1.513,2,1
30,4,21,9,N,nb6,1240,1.174,-0.234,0,0
30,4,21,9,N,nb7,1240,1.867,-0.197,1,1
30,4,21,9,N,nb8,1240,1.738,-0.045,1,1
30,4,21,9,N,nb9,1240,1.198,1.855,1,1
30,4,21,9,N,nb10,1240,-1.866,1.53,0,0
30,4,21,9,N,nb11,1240,-0.868,-1.045,0,0
30,4,21,9,N,nb12,1240,0.697,-0.575,0,0
30,4,21,9,N,nb13,1240,1.865,-1.124,2,1
30,4,21,9,N,nb14,1240,0.581,-0.348,1,0
30,4,21,9,N,nb15,1240,0.672,1.116,0,0
30,4,21,9,N,nb16,1240,1.692,-1.502,1,1
30,4,21,9,N,nb17,1240,0.726,1.696,1,1
30,4,21,9,N,nb18,1240,-1.561,-1.583,3,0
30,4,21,9,N,nb19,1240,-1.603,-1.745,1,1
30,4,21,9,N,nb20,1240,-1.866,-0.706,1,1
30,4,21,9,N,nb21,1240,1.865,-1.463,2,1
30,4,21,9,N,nb22,1240,1.616,-0.413,0,0
30,4,21,9,N,nb23,1240,-1.865,-1.354,1,1
30,4,21,9,N,nb24,1240,-1.382,-1.528,2,0
30,4,21,9,N,nb25,1240,1.368,1.85,1,1
30,4,21,9,N,nb26,1240,1.43,1.099,0,0
30,4,21,9,N,nb27,1240,0.894,1.836,1,1
30,4,21,9,N,nb28,1240,1.727,-0.828,1,1
30,4,21,9,N,nb29,1240,-1.582,-1.411,3,0
30,4,21,9,A,aa0,1240,-0.764,-1.865,0,0
30,4,21,9,A,aa1,1240,-1.33,-1.306,0,0
30,4,21,9,A,aa2,1240,1.607,-0.245,2,0
30,4,21,9,A,aa3,1240,-0.71,-1.705,0,0
30,4,21,9,A,aa4,1240,0.268,1.85,1,0
30,4,21,9,A,aa5,1240,-0.364,0.093,0,0
30,4,21,9,A,aa6,1240,1.089,-0.381,0,0
30,4,21,9,A,aa7,1240,1.593,0.042,1,0
30,4,21,9,A,aa8,1240,0.04,1.197,0,0
30,4,21,9,N,nb0,1245,0.58,-1.003,0,0
30,4,21,9,N,nb1,1245,0.606,-0.104,0,0
30,4,21,9,N,nb2,1245,1.845,-0.955,2,1
30,4,21,9,N,nb3,1245,1.857,-1.294,2,1
30,4,21,9,N,nb4,1245,-1.712,-0.52,1,1
30,4,21,9,N,nb5,1245,-1.808,-1.513,2,1
30,4,21,9,N,nb6,1245,1.112,-0.199,0,0
30,4,21,9,N,nb7,1245,1.867,-0.197,1,1
30,4,21,9,N,nb8,1245,1.746,-0.046,1,1
30,4,21,9,N,nb9,1245,1.198,1.855,1,1
30,4,21,9,N,nb10,1245,-1.866,1.582,0,0
30,4,21,9,N,nb11,1245,-0.792,-1.11,0,0
30,4,21,9,N,nb12,1245,0.655,-0.663,0,0
30,4,21,9,N,nb13,1245,1.865,-1.124,2,1
30,4,21,9,N,nb14,1245,0.505,-0.412,0,0
30,4,21,9,N,nb15,1245,0.764,1.078,0,0
30,4,21,9,N,nb16,1245,1.692,-1.502,1,1
30,4,21,9,N,nb17,1245,0.726,1.696,1,1
30,4,21,9,N,nb18,1245,-1.542,-1.637,3,1
30,4,21,9,N,nb19,1245,-1.594,-1.797,1,1
30,4,21,9,N,nb20,1245,-1.866,-0.706,1,1
30,4,21,9,N,nb21,1245,1.865,-1.463,2,1
30,4,21,9,N,nb22,1245,1.651,-0.408,0,0
30,4,21,9,N,nb23,1245,-1.865,-1.354,1,1
30,4,21,9,N,nb24,1245,-1.36,-1.583,1,1
30,4,21,9,N,nb25,1245,1.368,1.85,1,1
30,4,21,9,N,nb26,1245,1.384,1.188,0,0
30,4,21,9,N,nb27,1245,0.894,1.836,1,1
30,4,21,9,N,nb28,1245,1.727,-0.828,1,1
30,4,21,9,N,nb29,1245,-1.583,-1.465,2,1
30,4,21,9,A,aa0,1245,-0.673,-1.862,0,0
30,4,21,9,A,aa1,1245,-1.249,-1.348,3,1
30,4,21,9,A,aa2,1245,1.608,-0.244,1,0
30,4,21,9,A,aa3,1245,-0.723,-1.692,0,0
30,4,21,9,A,aa4,1245,0.354,1.865,2,0
30,4,21,9,A,aa5,1245,-0.275,0.14,0,0
30,4,21,9,A,aa6,1245,1.029,-0.348,0,0
30,4,21,9,A,aa7,1245,1.604,0.047,1,0
30,4,21,9,A,aa8,1245,0.047,1.097,0,0
30,4,21,9,N,nb0,1250,0.659,-1.064,0,0
30,4,21,9,N,nb1,1250,0.51,-0.077,0,0
30,4,21,9,N,nb2,1250,1.845,-0.955,2,1
30,4,21,9,N,nb3,1250,1.857,-1.294,2,1
30,4,21,9,N,nb4,1250,-1.712,-0.52,1,1
30,4,21,9,N,nb5,1250,-1.808,-1.513,2,1
30,4,21,9,N,nb6,1250,1.043,-0.159,0,0
30,4,21,9,N,nb7,1250,1.867,-0.197,2,1
30,4,21,9,N,nb8,1250,1.746,-0.046,1,1
30,4,21,9,N,nb9,1250,1.198,1.855,1,1
30,4,21,9,N,nb10,1250,-1.866,1.645,0,0
30,4,21,9,N,nb11,1250,-0.716,-1.175,0,0
30,4,21,9,N,nb12,1250,0.614,-0.754,0,0
30,4,21,9,N,nb13,1250,1.865,-1.124,2,1
30,4,21,9,N,nb14,1250,0.428,-0.476,0,0
30,4,21,9,N,nb15,1250,0.856,1.039,0,0
30,4,21,9,N,nb16,1250,1.692,-1.502,1,1
30,4,21,9,N,nb17,1250,0.726,1.696,1,1
30,4,21,9,N,nb18,1250,-1.542,-1.638,3,1
30,4,21,9,N,nb19,1250,-1.594,-1.797,1,1
30,4,21,9,N,nb20,1250,-1.866,-0.706,1,1
30,4,21,9,N,nb21,1250,1.865,-1.463,2,1
30,4,21,9,N,nb22,1250,1.715,-0.376,1,1
30,4,21,9,N,nb23,1250,-1.865,-1.354,1,1
30,4,21,9,N,nb24,1250,-1.339,-1.632,1,0
30,4,21,9,N,nb25,1250,1.368,1.85,1,1
30,4,21,9,N,nb26,1250,1.339,1.277,0,0
30,4,21,9,N,nb27,1250,0.894,1.836,1,1
30,4,21,9,N,nb28,1250,1.727,-0.828,1,1
30,4,21,9,N,nb29,1250,-1.58,-1.474,2,0
30,4,21,9,A,aa0,1250,-0.58,-1.85,0,0
30,4,21,9,A,aa1,1250,-1.16,-1.382,1,0
30,4,21,9,A,aa2,1250,1.608,-0.244,2,0
30,4,21,9,A,aa3,1250,-0.817,-1.674,0,0
30,4,21,9,A,aa4,1250,0.443,1.865,2,0
30,4,21,9,A,aa5,1250,-0.201,0.178,0,0
30,4,21,9,A,aa6,1250,0.962,-0.309,0,0
30,4,21,9,A,aa7,1250,1.659,0.113,1,0
30,4,21,9,A,aa8,1250,0.053,0.997,0,0
30,4,21,9,N,nb0,1255,0.738,-1.126,0,0
30,4,21,9,N,nb1,1255,0.413,-0.05,0,0
30,4,21,9,N,nb2,1255,1.845,-0.955,2,1
30,4,21,9,N,nb3,1255,1.857,-1.294,2,1
30,4,21,9,N,nb4,1255,-1.712,-0.52,1,1
30,4,21,9,N,nb5,1255,-1.808,-1.513,2,1
30,4,21,9,N,nb6,1255,0.969,-0.116,0,0
30,4,21,9,N,nb7,1255,1.867,-0.201,2,0
30,4,21,9,N,nb8,1255,1.75,-0.06,1,0
30,4,21,9,N,nb9,1255,1.198,1.855,1,1
30,4,21,9,N,nb10,1255,-1.866,1.718,0,0
30,4,21,9,N,nb11,1255,-0.64,-1.241,0,0
30,4,21,9,N,nb12,1255,0.573,-0.846,0,0
30,4,21,9,N,nb13,1255,1.865,-1.124,2,1
30,4,21,9,N,nb14,1255,0.352,-0.54,0,0
30,4,21,9,N,nb15,1255,0.949,1.0,0,0
30,4,21,9,N,nb16,1255,1.692,-1.502,1,1
30,4,21,9,N,nb17,1255,0.726,1.696,1,1
30,4,21,9,N,nb18,1255,-1.542,-1.638,2,1
30,4,21,9,N,nb19,1255,-1.594,-1.797,1,1
30,4,21,9,N,nb20,1255,-1.866,-0.706,1,1
30,4,21,9,N,nb21,1255,1.865,-1.463,2,1
30,4,21,9,N,nb22,1255,1.731,-0.373,1,0
30,4,21,9,N,nb23,1255,-1.865,-1.354,1,1
30,4,21,9,N,nb24,1255,-1.295,-1.716,0,0
30,4,21,9,N,nb25,1255,1.368,1.85,1,1
30,4,21,9,N,nb26,1255,1.293,1.366,0,0
30,4,21,9,N,nb27,1255,0.894,1.836,1,1
30,4,21,9,N,nb28,1255,1.727,-0.828,1,1
30,4,21,9,N,nb29,1255,-1.587,-1.475,2,0
30,4,21,9,A,aa0,1255,-0.489,-1.828,0,0
30,4,21,9,A,aa1,1255,-1.066,-1.416,1,0
30,4,21,9,A,aa2,1255,1.623,-0.242,0,0
30,4,21,9,A,aa3,1255,-0.915,-1.651,0,0
30,4,21,9,A,aa4,1255,0.535,1.865,2,0
30,4,21,9,A,aa5,1255,-0.201,0.178,0,0
30,4,21,9,A,aa6,1255,0.89,-0.266,0,0
30,4,21,9,A,aa7,1255,1.715,0.19,0,0
30,4,21,9,A,aa8,1255,0.06,0.897,0,0
30,4,21,9,N,nb0,1260,0.816,-1.188,0,0
30,4,21,9,N,nb1,1260,0.317,-0.024,0,0
30,4,21,9,N,nb2,1260,1.845,-0.955,2,1
30,4,21,9,N,nb3,1260,1.857,-1.294,2,1
30,4,21,9,N,nb4,1260,-1.712,-0.52,1,1
30,4,21,9,N,nb5,1260,-1.808,-1.513,2,1
30,4,21,9,N,nb6,1260,0.892,-0.069,0,0
30,4,21,9,N,nb7,1260,1.867,-0.267,2,0
30,4,21,9,N,nb8,1260,1.758,-0.136,1,0
30,4,21,9,N,nb9,1260,1.198,1.855,1,1
30,4,21,9,N,nb10,1260,-1.866,1.799,0,0
30,4,21,9,N,nb11,1260,-0.564,-1.306,0,0
30,4,21,9,N,nb12,1260,0.532,-0.937,0,0
30,4,21,9,N,nb13,1260,1.865,-1.124,2,1
30,4,21,9,N,nb14,1260,0.275,-0.604,0,0
30,4,21,9,N,nb15,1260,1.041,0.962,0,0
30,4,21,9,N,nb16,1260,1.692,-1.502,1,1
30,4,21,9,N,nb17,1260,0.726,1.696,1,1
30,4,21,9,N,nb18,1260,-1.542,-1.638,2,1
30,4,21,9,N,nb19,1260,-1.594,-1.797,1,1
30,4,21,9,N,nb20,1260,-1.866,-0.706,1,1
30,4,21,9,N,nb21,1260,1.865,-1.463,2,1
30,4,21,9,N,nb22,1260,1.78,-0.411,1,0
30,4,21,9,N,nb23,1260,-1.865,-1.354,1,1
30,4,21,9,N,nb24,1260,-1.246,-1.797,0,0
30,4,21,9,N,nb25,1260,1.368,1.85,1,1
30,4,21,9,N,nb26,1260,1.248,1.455,0,0
30,4,21,9,N,nb27,1260,0.894,1.836,1,1
30,4,21,9,N,nb28,1260,1.727,-0.828,1,1
30,4,21,9,N,nb29,1260,-1.597,-1.479,2,1
30,4,21,9,A,aa0,1260,-0.4,-1.799,0,0
30,4,21,9,A,aa1,1260,-0.978,-1.443,1,0
30,4,21,9,A,aa2,1260,1.654,-0.297,1,0
30,4,21,9,A,aa3,1260,-1.005,-1.634,1,0
30,4,21,9,A,aa4,1260,0.627,1.859,2,0
30,4,21,9,A,aa5,1260,-0.204,0.235,0,0
30,4,21,9,A,aa6,1260,0.815,-0.221,0,0
30,4,21,9,A,aa7,1260,1.77,0.273,0,0
30,4,21,9,A,aa8,1260,0.067,0.798,0,0
30,4,21,9,N,nb0,1265,0.895,-1.25,0,0
30,4,21,9,N,nb1,1265,0.22,0.003,0,0
30,4,21,9,N,nb2,1265,1.845,-0.955,2,1
30,4,21,9,N,nb3,1265,1.857,-1.294,2,1
30,4,21,9,N,nb4,1265,-1.712,-0.52,1,1
30,4,21,9,N,nb5,1265,-1.808,-1.513,2,1
30,4,21,9,N,nb6,1265,0.814,-0.021,0,0
30,4,21,9,N,nb7,1265,1.867,-0.334,2,1
30,4,21,9,N,nb8,1265,1.754,-0.206,1,1
30,4,21,9,N,nb9,1265,1.198,1.855,1,1
30,4,21,9,N,nb10,1265,-1.866,1.866,0,0
30,4,21,9,N,nb11,1265,-0.488,-1.371,0,0
30,4,21,9,N,nb12,1265,0.491,-1.028,0,0
30,4,21,9,N,nb13,1265,1.865,-1.124,2,1
30,4,21,9,N,nb14,1265,0.198,-0.668,0,0
30,4,21,9,N,nb15,1265,1.133,0.923,0,0
30,4,21,9,N,nb16,1265,1.692,-1.502,1,1
30,4,21,9,N,nb17,1265,0.736,1.685,1,1
30,4,21,9,N,nb18,1265,-1.539,-1.645,2,0
30,4,21,9,N,nb19,1265,-1.587,-1.806,1,0
30,4,21,9,N,nb20,1265,-1.866,-0.706,1,1
30,4,21,9,N,nb21,1265,1.865,-1.463,2,1
30,4,21,9,N,nb22,1265,1.803,-0.501,1,1
30,4,21,9,N,nb23,1265,-1.865,-1.354,1,1
30,4,21,9,N,nb24,1265,-1.192,-1.865,0,0
30,4,21,9,N,nb25,1265,1.368,1.85,1,1
30,4,21,9,N,nb26,1265,1.203,1.544,0,0
30,4,21,9,N,nb27,1265,0.894,1.836,1,1
30,4,21,9,N,nb28,1265,1.727,-0.828,1,1
30,4,21,9,N,nb29,1265,-1.604,-1.489,2,0
30,4,21,9,A,aa0,1265,-0.397,-1.798,0,0
30,4,21,9,A,aa1,1265,-0.886,-1.46,0,0
30,4,21,9,A,aa2,1265,1.681,-0.383,1,0
30,4,21,9,A,aa3,1265,-1.099,-1.627,0,0
30,4,21,9,A,aa4,1265,0.703,1.852,0,0
30,4,21,9,A,aa5,1265,-0.209,0.335,0,0
30,4,21,9,A,aa6,1265,0.739,-0.173,0,0
30,4,21,9,A,aa7,1265,1.783,0.292,0,0
30,4,21,9,A,aa8,1265,0.073,0.698,0,0
30,4,21,9,N,nb0,1270,0.974,-1.312,0,0
30,4,21,9,N,nb1,1270,0.124,0.03,0,0
30,4,21,9,N,nb2,1270,1.845,-0.955,2,1
30,4,21,9,N,nb3,1270,1.857,-1.294,2,1
30,4,21,9,N,nb4,1270,-1.712,-0.52,1,1
30,4,21,9,N,nb5,1270,-1.81,-1.514,2,1
30,4,21,9,N,nb6,1270,0.739,0.035,0,0
30,4,21,9,N,nb7,1270,1.867,-0.359,2,0
30,4,21,9,N,nb8,1270,1.749,-0.237,1,0
30,4,21,9,N,nb9,1270,1.198,1.855,2,1
30,4,21,9,N,nb10,1270,-1.866,1.866,0,0
30,4,21,9,N,nb11,1270,-0.412,-1.436,0,0
30,4,21,9,N,nb12,1270,0.45,-1.119,0,0
30,4,21,9,N,nb13,1270,1.865,-1.124,2,1
30,4,21,9,N,nb14,1270,0.121,-0.732,0,0
30,4,21,9,N,nb15,1270,1.225,0.884,0,0
30,4,21,9,N,nb16,1270,1.692,-1.502,1,1
30,4,21,9,N,nb17,1270,0.739,1.681,1,1
30,4,21,9,N,nb18,1270,-1.511,-1.701,2,0
30,4,21,9,N,nb19,1270,-1.542,-1.866,1,0
30,4,21,9,N,nb20,1270,-1.866,-0.706,1,1
30,4,21,9,N,nb21,1270,1.865,-1.463,2,1
30,4,21,9,N,nb22,1270,1.853,-0.54,1,0
30,4,21,9,N,nb23,1270,-1.865,-1.354,1,1
30,4,21,9,N,nb24,1270,-1.13,-1.865,0,0
30,4,21,9,N,nb25,1270,1.368,1.85,1,1
30,4,21,9,N,nb26,1270,1.166,1.616,1,1
30,4,21,9,N,nb27,1270,0.909,1.827,1,1
30,4,21,9,N,nb28,1270,1.741,-0.822,1,0
30,4,21,9,N,nb29,1270,-1.646,-1.56,2,0
30,4,21,9,A,aa0,1270,-0.395,-1.761,0,0
30,4,21,9,A,aa1,1270,-0.787,-1.472,0,0
30,4,21,9,A,aa2,1270,1.695,-0.471,0,0
30,4,21,9,A,aa3,1270,-1.191,-1.619,0,0
30,4,21,9,A,aa4,1270,0.742,1.85,2,0
30,4,21,9,A,aa5,1270,-0.215,0.435,0,0
30,4,21,9,A,aa6,1270,0.664,-0.121,0,0
30,4,21,9,A,aa7,1270,1.78,0.382,0,0
30,4,21,9,A,aa8,1270,0.08,0.598,0,0
30,4,21,9,N,nb0,1275,1.052,-1.373,0,0
30,4,21,9,N,nb1,1275,0.028,0.056,0,0
30,4,21,9,N,nb2,1275,1.845,-0.955,2,1
30,4,21,9,N,nb3,1275,1.857,-1.294,2,1
30,4,21,9,N,nb4,1275,-1.712,-0.52,1,1
30,4,21,9,N,nb5,1275,-1.81,-1.514,2,1
30,4,21,9,N,nb6,1275,0.67,0.098,0,0
30,4,21,9,N,nb7,1275,1.867,-0.408,2,0
30,4,21,9,N,nb8,1275,1.722,-0.318,1,0
30,4,21,9,N,nb9,1275,1.198,1.855,2,1
30,4,21,9,N,nb10,1275,-1.863,1.866,0,0
30,4,21,9,N,nb11,1275,-0.34,-1.496,0,0
30,4,21,9,N,nb12,1275,0.409,-1.21,0,0
30,4,21,9,N,nb13,1275,1.865,-1.124,2,1
30,4,21,9,N,nb14,1275,0.044,-0.796,0,0
30,4,21,9,N,nb15,1275,1.318,0.846,0,0
30,4,21,9,N,nb16,1275,1.692,-1.502,1,1
30,4,21,9,N,nb17,1275,0.739,1.681,1,1
30,4,21,9,N,nb18,1275,-1.492,-1.699,2,1
30,4,21,9,N,nb19,1275,-1.511,-1.865,1,1
30,4,21,9,N,nb20,1275,-1.866,-0.706,1,1
30,4,21,9,N,nb21,1275,1.865,-1.463,2,1
30,4,21,9,N,nb22,1275,1.865,-0.576,2,0
30,4,21,9,N,nb23,1275,-1.865,-1.354,1,1
30,4,21,9,N,nb24,1275,-1.058,-1.865,0,0
30,4,21,9,N,nb25,1275,1.368,1.85,1,1
30,4,21,9,N,nb26,1275,1.166,1.616,1,1
30,4,21,9,N,nb27,1275,0.922,1.818,1,1
30,4,21,9,N,nb28,1275,1.818,-0.776,2,0
30,4,21,9,N,nb29,1275,-1.676,-1.625,2,1
30,4,21,9,A,aa0,1275,-0.391,-1.67,0,0
30,4,21,9,A,aa1,1275,-0.688,-1.485,0,0
30,4,21,9,A,aa2,1275,1.696,-0.562,0,0
30,4,21,9,A,aa3,1275,-1.283,-1.603,1,0
30,4,21,9,A,aa4,1275,0.756,1.849,2,0
30,4,21,9,A,aa5,1275,-0.22,0.534,0,0
30,4,21,9,A,aa6,1275,0.584,-0.076,0,0
30,4,21,9,A,aa7,1275,1.768,0.474,0,0
30,4,21,9,A,aa8,1275,0.087,0.498,0,0
30,4,21,9,N,nb0,1280,1.131,-1.435,0,0
30,4,21,9,N,nb1,1280,-0.069,0.083,0,0
30,4,21,9,N,nb2,1280,1.845,-0.955,2,1
30,4,21,9,N,nb3,1280,1.857,-1.294,2,1
30,4,21,9,N,nb4,1280,-1.712,-0.52,1,1
30,4,21,9,N,nb5,1280,-1.793,-1.544,2,0
30,4,21,9,N,nb6,1280,0.606,0.167,0,0
30,4,21,9,N,nb7,1280,1.867,-0.413,2,1
30,4,21,9,N,nb8,1280,1.7,-0.371,1,1
30,4,21,9,N,nb9,1280,1.198,1.855,2,1
30,4,21,9,N,nb10,1280,-1.848,1.866,0,0
30,4,21,9,N,nb11,1280,-0.262,-1.516,0,0
30,4,21,9,N,nb12,1280,0.368,-1.302,0,0
30,4,21,9,N,nb13,1280,1.865,-1.124,2,1
30,4,21,9,N,nb14,1280,-0.032,-0.86,0,0
30,4,21,9,N,nb15,1280,1.41,0.807,0,0
30,4,21,9,N,nb16,1280,1.692,-1.502,1,1
30,4,21,9,N,nb17,1280,0.739,1.681,1,1
30,4,21,9,N,nb18,1280,-1.485,-1.7,2,0
30,4,21,9,N,nb19,1280,-1.511,-1.865,1,1
30,4,21,9,N,nb20,1280,-1.866,-0.706,1,1
30,4,21,9,N,nb21,1280,1.865,-1.463,2,1
30,4,21,9,N,nb22,1280,1.865,-0.582,2,1
30,4,21,9,N,nb23,1280,-1.851,-1.384,1,0
30,4,21,9,N,nb24,1280,-0.978,-1.865,0,0
30,4,21,9,N,nb25,1280,1.368,1.85,1,1
30,4,21,9,N,nb26,1280,1.166,1.616,1,1
30,4,21,9,N,nb27,1280,0.924,1.816,1,1
30,4,21,9,N,nb28,1280,1.865,-0.752,2,1
30,4,21,9,N,nb29,1280,-1.672,-1.662,2,0
30,4,21,9,A,aa0,1280,-0.398,-1.617,0,0
30,4,21,9,A,aa1,1280,-0.591,-1.497,0,0
30,4,21,9,A,aa2,1280,1.689,-0.654,4,1
30,4,21,9,A,aa3,1280,-1.368,-1.576,0,0
30,4,21,9,A,aa4,1280,0.758,1.849,2,0
30,4,21,9,A,aa5,1280,-0.225,0.634,0,0
30,4,21,9,A,aa6,1280,0.499,-0.04,0,0
30,4,21,9,A,aa7,1280,1.747,0.57,0,0
30,4,21,9,A,aa8,1280,0.093,0.398,0,0
30,4,21,9,N,nb0,1285,1.209,-1.497,0,0
30,4,21,9,N,nb1,1285,-0.165,0.11,0,0
30,4,21,9,N,nb2,1285,1.866,-0.925,2,0
30,4,21,9,N,nb3,1285,1.857,-1.294,2,1
30,4,21,9,N,nb4,1285,-1.712,-0.52,1,1
30,4,21,9,N,nb5,1285,-1.747,-1.628,2,0
30,4,21,9,N,nb6,1285,0.548,0.242,0,0
30,4,21,9,N,nb7,1285,1.867,-0.407,2,0
30,4,21,9,N,nb8,1285,1.676,-0.419,2,0
30,4,21,9,N,nb9,1285,1.198,1.855,2,1
30,4,21,9,N,nb10,1285,-1.82,1.866,0,0
30,4,21,9,N,nb11,1285,-0.177,-1.56,0,0
30,4,21,9,N,nb12,1285,0.327,-1.393,0,0
30,4,21,9,N,nb13,1285,1.865,-1.124,2,1
30,4,21,9,N,nb14,1285,-0.109,-0.924,0,0
30,4,21,9,N,nb15,1285,1.502,0.768,0,0
30,4,21,9,N,nb16,1285,1.692,-1.502,1,1
30,4,21,9,N,nb17,1285,0.739,1.681,1,1
30,4,21,9,N,nb18,1285,-1.473,-1.702,2,0
30,4,21,9,N,nb19,1285,-1.511,-1.865,2,1
30,4,21,9,N,nb20,1285,-1.866,-0.706,1,1
30,4,21,9,N,nb21,1285,1.865,-1.463,2,1
30,4,21,9,N,nb22,1285,1.865,-0.576,3,0
30,4,21,9,N,nb23,1285,-1.806,-1.46,1,0
30,4,21,9,N,nb24,1285,-0.893,-1.865,0,0
30,4,21,9,N,nb25,1285,1.368,1.85,1,1
30,4,21,9,N,nb26,1285,1.166,1.616,1,1
30,4,21,9,N,nb27,1285,0.924,1.816,1,1
30,4,21,9,N,nb28,1285,1.865,-0.746,2,0
30,4,21,9,N,nb29,1285,-1.662,-1.774,3,0
30,4,21,9,A,aa0,1285,-0.385,-1.556,0,0
30,4,21,9,A,aa1,1285,-0.535,-1.475,0,0
30,4,21,9,A,aa2,1285,1.672,-0.746,1,0
30,4,21,9,A,aa3,1285,-1.439,-1.531,0,0
30,4,21,9,A,aa4,1285,0.758,1.849,2,0
30,4,21,9,A,aa5,1285,-0.23,0.734,0,0
30,4,21,9,A,aa6,1285,0.461,-0.027,0,0
30,4,21,9,A,aa7,1285,1.725,0.667,0,0
30,4,21,9,A,aa8,1285,0.1,0.299,0,0
30,4,21,9,N,nb0,1290,1.288,-1.559,0,0
30,4,21,9,N,nb1,1290,-0.261,0.136,0,0
30,4,21,9,N,nb2,1290,1.866,-0.884,2,0
30,4,21,9,N,nb3,1290,1.857,-1.294,2,1
30,4,21,9,N,nb4,1290,-1.712,-0.52,1,1
30,4,21,9,N,nb5,1290,-1.733,-1.671,2,1
30,4,21,9,N,nb6,1290,0.489,0.323,0,0
30,4,21,9,N,nb7,1290,1.866,-0.375,1,0
30,4,21,9,N,nb8,1290,1.628,-0.501,1,0
30,4,21,9,N,nb9,1290,1.198,1.855,2,1
30,4,21,9,N,nb10,1290,-1.778,1.866,0,0
30,4,21,9,N,nb11,1290,-0.087,-1.602,0,0
30,4,21,9,N,nb12,1290,0.286,-1.484,0,0
30,4,21,9,N,nb13,1290,1.865,-1.124,2,1
30,4,21,9,N,nb14,1290,-0.186,-0.988,0,0
30,4,21,9,N,nb15,1290,1.561,0.747,0,0
30,4,21,9,N,nb16,1290,1.692,-1.502,1,1
30,4,21,9,N,nb17,1290,0.739,1.681,1,1
30,4,21,9,N,nb18,1290,-1.445,-1.711,1,1
30,4,21,9,N,nb19,1290,-1.511,-1.865,2,1
30,4,21,9,N,nb20,1290,-1.866,-0.706,1,1
30,4,21,9,N,nb21,1290,1.865,-1.463,2,1
30,4,21,9,N,nb22,1290,1.865,-0.544,3,0
30,4,21,9,N,nb23,1290,-1.771,-1.502,1,1
30,4,21,9,N,nb24,1290,-0.803,-1.865,0,0
30,4,21,9,N,nb25,1290,1.368,1.85,1,1
30,4,21,9,N,nb26,1290,1.166,1.616,1,1
30,4,21,9,N,nb27,1290,0.924,1.816,1,1
30,4,21,9,N,nb28,1290,1.865,-0.714,2,0
30,4,21,9,N,nb29,1290,-1.682,-1.833,2,1
30,4,21,9,A,aa0,1290,-0.344,-1.504,0,0
30,4,21,9,A,aa1,1290,-0.494,-1.425,0,0
30,4,21,9,A,aa2,1290,1.646,-0.836,1,0
30,4,21,9,A,aa3,1290,-1.52,-1.481,4,1
30,4,21,9,A,aa4,1290,0.758,1.849,2,0
30,4,21,9,A,aa5,1290,-0.236,0.834,0,0
30,4,21,9,A,aa6,1290,0.461,-0.027,0,0
30,4,21,9,A,aa7,1290,1.729,0.744,0,0
30,4,21,9,A,aa8,1290,0.107,0.199,0,0
30,4,21,9,N,nb0,1295,1.367,-1.621,0,0
30,4,21,9,N,nb1,1295,-0.358,0.163,0,0
30,4,21,9,N,nb2,1295,1.866,-0.864,1,0
30,4,21,9,N,nb3,1295,1.857,-1.294,2,0
30,4,21,9,N,nb4,1295,-1.712,-0.52,1,1
30,4,21,9,N,nb5,1295,-1.722,-1.699,2,0
30,4,21,9,N,nb6,1295,0.43,0.404,0,0
30,4,21,9,N,nb7,1295,1.866,-0.355,1,1
30,4,21,9,N,nb8,1295,1.573,-0.58,0,0
30,4,21,9,N,nb9,1295,1.198,1.855,2,1
30,4,21,9,N,nb10,1295,-1.723,1.866,0,0
30,4,21,9,N,nb11,1295,0.004,-1.643,0,0
30,4,21,9,N,nb12,1295,0.245,-1.575,0,0
30,4,21,9,N,nb13,1295,1.865,-1.124,1,0
30,4,21,9,N,nb14,1295,-0.263,-1.052,0,0
30,4,21,9,N,nb15,1295,1.614,0.706,0,0
30,4,21,9,N,nb16,1295,1.692,-1.502,1,0
30,4,21,9,N,nb17,1295,0.739,1.681,1,1
30,4,21,9,N,nb18,1295,-1.413,-1.728,1,0
30,4,21,9,N,nb19,1295,-1.511,-1.865,2,0
30,4,21,9,N,nb20,1295,-1.866,-0.706,1,1
30,4,21,9,N,nb21,1295,1.865,-1.463,2,1
30,4,21,9,N,nb22,1295,1.865,-0.524,2,0
30,4,21,9,N,nb23,1295,-1.741,-1.53,1,0
30,4,21,9,N,nb24,1295,-0.712,-1.865,0,0
30,4,21,9,N,nb25,1295,1.368,1.85,1,1
30,4,21,9,N,nb26,1295,1.166,1.616,1,1
30,4,21,9,N,nb27,1295,0.924,1.816,1,1
30,4,21,9,N,nb28,1295,1.865,-0.694,2,0
30,4,21,9,N,nb29,1295,-1.696,-1.866,2,0
30,4,21,9,A,aa0,1295,-0.297,-1.445,0,0
30,4,21,9,A,aa1,1295,-0.448,-1.368,0,0
30,4,21,9,A,aa2,1295,1.612,-0.924,6,1
30,4,21,9,A,aa3,1295,-1.593,-1.427,0,0
30,4,21,9,A,aa4,1295,0.758,1.849,2,0
30,4,21,9,A,aa5,1295,-0.241,0.934,0,0
30,4,21,9,A,aa6,1295,0.397,-0.099,0,0
30,4,21,9,A,aa7,1295,1.74,0.832,0,0
30,4,21,9,A,aa8,1295,0.113,0.099,0,0
30,4,21,9,N,nb0,1300,1.445,-1.682,0,0
30,4,21,9,N,nb1,1300,-0.454,0.19,0,0
30,4,21,9,N,nb2,1300,1.866,-0.83,2,0
30,4,21,9,N,nb3,1300,1.865,-1.26,2,0
30,4,21,9,N,nb4,1300,-1.712,-0.52,1,1
30,4,21,9,N,nb5,1300,-1.709,-1.697,3,0
30,4,21,9,N,nb6,1300,0.372,0.485,0,0
30,4,21,9,N,nb7,1300,1.856,-0.322,1,1
30,4,21,9,N,nb8,1300,1.515,-0.662,0,0
30,4,21,9,N,nb9,1300,1.198,1.855,2,1
30,4,21,9,N,nb10,1300,-1.657,1.866,0,0
30,4,21,9,N,nb11,1300,0.022,-1.651,1,1
30,4,21,9,N,nb12,1300,0.236,-1.594,1,1
30,4,21,9,N,nb13,1300,1.865,-1.077,2,0
30,4,21,9,N,nb14,1300,-0.336,-1.112,0,0
30,4,21,9,N,nb15,1300,1.684,0.644,0,0
30,4,21,9,N,nb16,1300,1.682,-1.574,1,0
30,4,21,9,N,nb17,1300,0.739,1.681,1,1
30,4,21,9,N,nb18,1300,-1.346,-1.786,1,0
30,4,21,9,N,nb19,1300,-1.513,-1.82,3,0
30,4,21,9,N,nb20,1300,-1.866,-0.706,1,1
30,4,21,9,N,nb21,1300,1.865,-1.463,2,1
30,4,21,9,N,nb22,1300,1.865,-0.49,2,0
30,4,21,9,N,nb23,1300,-1.706,-1.527,1,0
30,4,21,9,N,nb24,1300,-0.62,-1.858,0,0
30,4,21,9,N,nb25,1300,1.368,1.85,1,1
30,4,21,9,N,nb26,1300,1.166,1.616,1,1
30,4,21,9,N,nb27,1300,0.924,1.816,1,1
30,4,21,9,N,nb28,1300,1.865,-0.66,2,0
30,4,21,9,N,nb29,1300,-1.702,-1.866,2,0
30,4,21,9,A,aa0,1300,-0.249,-1.405,2,0
30,4,21,9,A,aa1,1300,-0.39,-1.311,0,0
30,4,21,9,A,aa2,1300,1.571,-1.014,1,0
30,4,21,9,A,aa3,1300,-1.652,-1.36,0,0
30,4,21,9,A,aa4,1300,0.758,1.849,2,0
30,4,21,9,A,aa5,1300,-0.246,1.034,0,0
30,4,21,9,A,aa6,1300,0.331,-0.174,0,0
30,4,21,9,A,aa7,1300,1.743,0.93,0,0
30,4,21,9,A,aa8,1300,0.12,-0.001,0,0
30,4,21,9,N,nb0,1305,1.462,-1.695,1,1
30,4,21,9,N,nb1,1305,-0.551,0.217,0,0
30,4,21,9,N,nb2,1305,1.866,-0.771,2,0
30,4,21,9,N,nb3,1305,1.865,-1.204,1,0
30,4,21,9,N,nb4,1305,-1.712,-0.52,1,1
30,4,21,9,N,nb5,1305,-1.701,-1.697,3,1
30,4,21,9,N,nb6,1305,0.313,0.566,0,0
30,4,21,9,N,nb7,1305,1.842,-0.264,1,1
30,4,21,9,N,nb8,1305,1.457,-0.743,0,0
30,4,21,9,N,nb9,1305,1.198,1.855,2,1
30,4,21,9,N,nb10,1305,-1.582,1.866,0,0
30,4,21,9,N,nb11,1305,0.022,-1.651,1,1
30,4,21,9,N,nb12,1305,0.236,-1.594,1,1
30,4,21,9,N,nb13,1305,1.865,-1.008,2,0
30,4,21,9,N,nb14,1305,-0.404,-1.143,0,0
30,4,21,9,N,nb15,1305,1.755,0.574,0,0
30,4,21,9,N,nb16,1305,1.667,-1.666,1,0
30,4,21,9,N,nb17,1305,0.739,1.681,1,1
30,4,21,9,N,nb18,1305,-1.315,-1.813,1,1
30,4,21,9,N,nb19,1305,-1.503,-1.741,3,1
30,4,21,9,N,nb20,1305,-1.866,-0.706,1,1
30,4,21,9,N,nb21,1305,1.865,-1.463,0,1
30,4,21,9,N,nb22,1305,1.865,-0.431,2,0
30,4,21,9,N,nb23,1305,-1.688,-1.527,1,1
30,4,21,9,N,nb24,1305,-0.528,-1.84,0,0
30,4,21,9,N,nb25,1305,1.368,1.85,1,1
30,4,21,9,N,nb26,1305,1.166,1.616,1,1
30,4,21,9,N,nb27,1305,0.924,1.816,1,1
30,4,21,9,N,nb28,1305,1.865,-0.601,2,0
30,4,21,9,N,nb29,1305,-1.706,-1.866,2,1
30,4,21,9,A,aa0,1305,-0.243,-1.402,2,0
30,4,21,9,A,aa1,1305,-0.386,-1.312,0,0
30,4,21,9,A,aa2,1305,1.529,-1.105,2,0
30,4,21,9,A,aa3,1305,-1.715,-1.287,1,0
30,4,21,9,A,aa4,1305,0.758,1.849,2,0
30,4,21,9,A,aa5,1305,-0.251,1.134,0,0
30,4,21,9,A,aa6,1305,0.271,-0.247,0,0
30,4,21,9,A,aa7,1305,1.748,1.029,0,0
30,4,21,9,A,aa8,1305,0.123,-0.091,0,0
30,4,21,9,N,nb0,1310,1.462,-1.695,1,0
30,4,21,9,N,nb1,1310,-0.647,0.243,0,0
30,4,21,9,N,nb2,1310,1.866,-0.755,2,0
30,4,21,9,N,nb3,1310,1.865,-1.189,1,0
30,4,21,9,N,nb4,1310,-1.712,-0.52,1,1
30,4,21,9,N,nb5,1310,-1.701,-1.697,3,1
30,4,21,9,N,nb6,1310,0.255,0.647,0,0
30,4,21,9,N,nb7,1310,1.839,-0.249,1,1
30,4,21,9,N,nb8,1310,1.398,-0.824,0,0
30,4,21,9,N,nb9,1310,1.198,1.855,2,1
30,4,21,9,N,nb10,1310,-1.5,1.866,0,0
30,4,21,9,N,nb11,1310,0.022,-1.651,1,1
30,4,21,9,N,nb12,1310,0.236,-1.594,1,1
30,4,21,9,N,nb13,1310,1.865,-0.991,2,0
30,4,21,9,N,nb14,1310,-0.47,-1.112,0,0
30,4,21,9,N,nb15,1310,1.817,0.508,0,0
30,4,21,9,N,nb16,1310,1.665,-1.687,1,0
30,4,21,9,N,nb17,1310,0.739,1.681,1,1
30,4,21,9,N,nb18,1310,-1.315,-1.813,1,1
30,4,21,9,N,nb19,1310,-1.503,-1.741,3,1
30,4,21,9,N,nb20,1310,-1.866,-0.706,1,1
30,4,21,9,N,nb21,1310,1.865,-1.463,0,0
30,4,21,9,N,nb22,1310,1.865,-0.416,2,1
30,4,21,9,N,nb23,1310,-1.688,-1.527,1,1
30,4,21,9,N,nb24,1310,-0.438,-1.815,0,0
30,4,21,9,N,nb25,1310,1.368,1.85,1,1
30,4,21,9,N,nb26,1310,1.166,1.616,1,1
30,4,21,9,N,nb27,1310,0.924,1.816,1,1
30,4,21,9,N,nb28,1310,1.865,-0.586,2,1
30,4,21,9,N,nb29,1310,-1.706,-1.866,2,1
30,4,21,9,A,aa0,1310,-0.254,-1.355,2,0
30,4,21,9,A,aa1,1310,-0.398,-1.266,0,0
30,4,21,9,A,aa2,1310,1.488,-1.196,6,1
30,4,21,9,A,aa3,1310,-1.776,-1.21,2,0
30,4,21,9,A,aa4,1310,0.758,1.849,2,0
30,4,21,9,A,aa5,1310,-0.257,1.233,0,0
30,4,21,9,A,aa6,1310,0.219,-0.324,0,0
30,4,21,9,A,aa7,1310,1.753,1.129,0,0
30,4,21,9,A,aa8,1310,0.112,-0.179,0,0
30,4,21,9,N,nb0,1315,1.508,-1.76,1,0
30,4,21,9,N,nb1,1315,-0.743,0.27,0,0
30,4,21,9,N,nb2,1315,1.866,-0.755,2,0
30,4,21,9,N,nb3,1315,1.865,-1.122,1,0
30,4,21,9,N,nb4,1315,-1.712,-0.52,1,1
30,4,21,9,N,nb5,1315,-1.701,-1.697,3,1
30,4,21,9,N,nb6,1315,0.196,0.728,0,0
30,4,21,9,N,nb7,1315,1.839,-0.249,1,1
30,4,21,9,N,nb8,1315,1.34,-0.906,0,0
30,4,21,9,N,nb9,1315,1.198,1.855,2,1
30,4,21,9,N,nb10,1315,-1.413,1.866,0,0
30,4,21,9,N,nb11,1315,0.022,-1.651,1,1
30,4,21,9,N,nb12,1315,0.236,-1.594,1,1
30,4,21,9,N,nb13,1315,1.865,-0.925,2,0
30,4,21,9,N,nb14,1315,-0.56,-1.134,0,0
30,4,21,9,N,nb15,1315,1.865,0.434,0,0
30,4,21,9,N,nb16,1315,1.678,-1.77,1,0
30,4,21,9,N,nb17,1315,0.739,1.681,1,1
30,4,21,9,N,nb18,1315,-1.315,-1.813,1,1
30,4,21,9,N,nb19,1315,-1.503,-1.741,3,1
30,4,21,9,N,nb20,1315,-1.866,-0.706,1,1
30,4,21,9,N,nb21,1315,1.841,-1.376,0,0
30,4,21,9,N,nb22,1315,1.865,-0.416,2,1
30,4,21,9,N,nb23,1315,-1.688,-1.527,1,1
30,4,21,9,N,nb24,1315,-0.351,-1.78,0,0
30,4,21,9,N,nb25,1315,1.368,1.85,1,1
30,4,21,9,N,nb26,1315,1.166,1.616,1,1
30,4,21,9,N,nb27,1315,0.924,1.816,1,1
30,4,21,9,N,nb28,1315,1.865,-0.586,2,1
30,4,21,9,N,nb29,1315,-1.706,-1.866,2,1
30,4,21,9,A,aa0,1315,-0.226,-1.285,2,0
30,4,21,9,A,aa1,1315,-0.371,-1.196,0,0
30,4,21,9,A,aa2,1315,1.446,-1.286,0,0
30,4,21,9,A,aa3,1315,-1.826,-1.136,2,0
30,4,21,9,A,aa4,1315,0.758,1.849,2,0
30,4,21,9,A,aa5,1315,-0.262,1.333,0,0
30,4,21,9,A,aa6,1315,0.175,-0.407,0,0
30,4,21,9,A,aa7,1315,1.758,1.229,0,0
30,4,21,9,A,aa8,1315,0.085,-0.263,0,0
30,4,21,9,N,nb0,1320,1.54,-1.837,1,1
30,4,21,9,N,nb1,1320,-0.84,0.297,0,0
30,4,21,9,N,nb2,1320,1.866,-0.747,2,1
30,4,21,9,N,nb3,1320,1.865,-1.086,2,1
30,4,21,9,N,nb4,1320,-1.727,-0.521,1,0
30,4,21,9,N,nb5,1320,-1.701,-1.697,3,1
30,4,21,9,N,nb6,1320,0.137,0.809,0,0
30,4,21,9,N,nb7,1320,1.835,-0.241,1,1
30,4,21,9,N,nb8,1320,1.282,-0.987,0,0
30,4,21,9,N,nb9,1320,1.198,1.855,2,1
30,4,21,9,N,nb10,1320,-1.323,1.866,0,0
30,4,21,9,N,nb11,1320,0.022,-1.651,1,1
30,4,21,9,N,nb12,1320,0.236,-1.594,1,1
30,4,21,9,N,nb13,1320,1.865,-0.917,2,1
30,4,21,9,N,nb14,1320,-0.655,-1.157,0,0
30,4,21,9,N,nb15,1320,1.865,0.356,0,0
30,4,21,9,N,nb16,1320,1.709,-1.852,1,1
30,4,21,9,N,nb17,1320,0.739,1.681,1,1
30,4,21,9,N,nb18,1320,-1.315,-1.813,1,1
30,4,21,9,N,nb19,1320,-1.503,-1.741,3,1
30,4,21,9,N,nb20,1320,-1.866,-0.697,1,0
30,4,21,9,N,nb21,1320,1.809,-1.289,1,1
30,4,21,9,N,nb22,1320,1.862,-0.408,2,1
30,4,21,9,N,nb23,1320,-1.683,-1.528,1,0
30,4,21,9,N,nb24,1320,-0.263,-1.738,0,0
30,4,21,9,N,nb25,1320,1.368,1.85,1,1
30,4,21,9,N,nb26,1320,1.166,1.616,1,1
30,4,21,9,N,nb27,1320,0.924,1.816,1,1
30,4,21,9,N,nb28,1320,1.86,-0.578,2,1
30,4,21,9,N,nb29,1320,-1.706,-1.866,2,1
30,4,21,9,A,aa0,1320,-0.221,-1.214,2,0
30,4,21,9,A,aa1,1320,-0.387,-1.175,0,0
30,4,21,9,A,aa2,1320,1.428,-1.326,0,0
30,4,21,9,A,aa3,1320,-1.865,-1.055,0,0
30,4,21,9,A,aa4,1320,0.758,1.849,2,0
30,4,21,9,A,aa5,1320,-0.267,1.433,0,0
30,4,21,9,A,aa6,1320,0.135,-0.494,0,0
30,4,21,9,A,aa7,1320,1.763,1.329,0,0
30,4,21,9,A,aa8,1320,0.046,-0.344,0,0
30,4,21,9,N,nb0,1325,1.546,-1.853,1,0
30,4,21,9,N,nb1,1325,-0.936,0.323,0,0
30,4,21,9,N,nb2,1325,1.866,-0.747,2,1
30,4,21,9,N,nb3,1325,1.865,-1.085,2,0
30,4,21,9,N,nb4,1325,-1.791,-0.503,1,0
30,4,21,9,N,nb5,1325,-1.701,-1.697,3,1
30,4,21,9,N,nb6,1325,0.079,0.89,0,0
30,4,21,9,N,nb7,1325,1.835,-0.241,1,1
30,4,21,9,N,nb8,1325,1.224,-1.068,0,0
30,4,21,9,N,nb9,1325,1.198,1.855,2,0
30,4,21,9,N,nb10,1325,-1.231,1.864,0,0
30,4,21,9,N,nb11,1325,0.022,-1.651,2,1
30,4,21,9,N,nb12,1325,0.236,-1.594,1,1
30,4,21,9,N,nb13,1325,1.865,-0.917,2,0
30,4,21,9,N,nb14,1325,-0.752,-1.18,0,0
30,4,21,9,N,nb15,1325,1.865,0.272,0,0
30,4,21,9,N,nb16,1325,1.716,-1.865,1,0
30,4,21,9,N,nb17,1325,0.739,1.681,1,0
30,4,21,9,N,nb18,1325,-1.315,-1.813,1,1
30,4,21,9,N,nb19,1325,-1.503,-1.741,4,1
30,4,21,9,N,nb20,1325,-1.866,-0.653,1,0
30,4,21,9,N,nb21,1325,1.801,-1.272,1,0
30,4,21,9,N,nb22,1325,1.861,-0.407,2,1
30,4,21,9,N,nb23,1325,-1.628,-1.543,2,0
30,4,21,9,N,nb24,1325,-0.209,-1.712,1,1
30,4,21,9,N,nb25,1325,1.368,1.85,1,0
30,4,21,9,N,nb26,1325,1.166,1.616,1,1
30,4,21,9,N,nb27,1325,0.924,1.816,1,0
30,4,21,9,N,nb28,1325,1.86,-0.577,2,1
30,4,21,9,N,nb29,1325,-1.706,-1.866,2,1
30,4,21,9,A,aa0,1325,-0.219,-1.125,2,0
30,4,21,9,A,aa1,1325,-0.42,-1.128,0,0
30,4,21,9,A,aa2,1325,1.436,-1.34,0,0
30,4,21,9,A,aa3,1325,-1.865,-0.971,0,0
30,4,21,9,A,aa4,1325,0.758,1.849,2,0
30,4,21,9,A,aa5,1325,-0.273,1.533,0,0
30,4,21,9,A,aa6,1325,0.101,-0.583,0,0
30,4,21,9,A,aa7,1325,1.768,1.426,1,0
30,4,21,9,A,aa8,1325,-0.004,-0.418,0,0
30,4,21,9,N,nb0,1330,1.573,-1.866,1,0
30,4,21,9,N,nb1,1330,-1.032,0.35,0,0
30,4,21,9,N,nb2,1330,1.866,-0.747,2,1
30,4,21,9,N,nb3,1330,1.865,-1.085,2,0
30,4,21,9,N,nb4,1330,-1.84,-0.468,1,1
30,4,21,9,N,nb5,1330,-1.701,-1.697,3,1
30,4,21,9,N,nb6,1330,0.02,0.971,0,0
30,4,21,9,N,nb7,1330,1.835,-0.241,1,1
30,4,21,9,N,nb8,1330,1.165,-1.149,0,0
30,4,21,9,N,nb9,1330,1.198,1.855,2,1
30,4,21,9,N,nb10,1330,-1.139,1.853,0,0
30,4,21,9,N,nb11,1330,0.022,-1.651,2,1
30,4,21,9,N,nb12,1330,0.236,-1.594,1,1
30,4,21,9,N,nb13,1330,1.866,-0.916,2,0
30,4,21,9,N,nb14,1330,-0.85,-1.202,0,0
30,4,21,9,N,nb15,1330,1.865,0.183,0,0
30,4,21,9,N,nb16,1330,1.743,-1.865,1,0
30,4,21,9,N,nb17,1330,0.739,1.681,1,1
30,4,21,9,N,nb18,1330,-1.315,-1.813,1,1
30,4,21,9,N,nb19,1330,-1.503,-1.741,4,1
30,4,21,9,N,nb20,1330,-1.866,-0.634,1,1
30,4,21,9,N,nb21,1330,1.755,-1.214,1,0
30,4,21,9,N,nb22,1330,1.861,-0.407,2,1
30,4,21,9,N,nb23,1330,-1.566,-1.582,2,1
30,4,21,9,N,nb24,1330,-0.209,-1.712,1,1
30,4,21,9,N,nb25,1330,1.368,1.85,1,1
30,4,21,9,N,nb26,1330,1.166,1.616,1,0
30,4,21,9,N,nb27,1330,0.924,1.816,1,1
30,4,21,9,N,nb28,1330,1.86,-0.577,2,1
30,4,21,9,N,nb29,1330,-1.706,-1.866,2,1
30,4,21,9,A,aa0,1330,-0.209,-1.032,0,0
30,4,21,9,A,aa1,1330,-0.478,-1.052,0,0
30,4,21,9,A,aa2,1330,1.49,-1.424,0,0
30,4,21,9,A,aa3,1330,-1.865,-0.882,0,0
30,4,21,9,A,aa4,1330,0.758,1.849,2,0
30,4,21,9,A,aa5,1330,-0.278,1.633,0,0
30,4,21,9,A,aa6,1330,0.073,-0.674,0,0
30,4,21,9,A,aa7,1330,1.764,1.518,1,0
30,4,21,9,A,aa8,1330,-0.065,-0.486,0,0
30,4,21,9,N,nb0,1335,1.587,-1.866,1,1
30,4,21,9,N,nb1,1335,-1.129,0.377,0,0
30,4,21,9,N,nb2,1335,1.866,-0.747,2,1
30,4,21,9,N,nb3,1335,1.865,-1.085,2,1
30,4,21,9,N,nb4,1335,-1.84,-0.467,1,1
30,4,21,9,N,nb5,1335,-1.701,-1.697,3,1
30,4,21,9,N,nb6,1335,-0.039,1.052,0,0
30,4,21,9,N,nb7,1335,1.835,-0.241,1,1
30,4,21,9,N,nb8,1335,1.107,-1.231,0,0
30,4,21,9,N,nb9,1335,1.198,1.855,2,1
30,4,21,9,N,nb10,1335,-1.048,1.832,0,0
30,4,21,9,N,nb11,1335,0.022,-1.651,2,1
30,4,21,9,N,nb12,1335,0.236,-1.594,1,1
30,4,21,9,N,nb13,1335,1.866,-0.916,2,1
30,4,21,9,N,nb14,1335,-0.947,-1.225,0,0
30,4,21,9,N,nb15,1335,1.865,0.092,0,0
30,4,21,9,N,nb16,1335,1.766,-1.865,1,1
30,4,21,9,N,nb17,1335,0.739,1.681,1,1
30,4,21,9,N,nb18,1335,-1.315,-1.813,1,1
30,4,21,9,N,nb19,1335,-1.503,-1.741,4,1
30,4,21,9,N,nb20,1335,-1.866,-0.634,1,1
30,4,21,9,N,nb21,1335,1.708,-1.16,1,1
30,4,21,9,N,nb22,1335,1.861,-0.407,2,1
30,4,21,9,N,nb23,1335,-1.566,-1.582,2,1
30,4,21,9,N,nb24,1335,-0.209,-1.712,1,1
30,4,21,9,N,nb25,1335,1.368,1.85,1,1
30,4,21,9,N,nb26,1335,1.166,1.616,1,1
30,4,21,9,N,nb27,1335,0.924,1.816,1,1
30,4,21,9,N,nb28,1335,1.86,-0.577,2,1
30,4,21,9,N,nb29,1335,-1.706,-1.866,2,1
30,4,21,9,A,aa0,1335,-0.192,-0.934,0,0
30,4,21,9,A,aa1,1335,-0.542,-0.975,0,0
30,4,21,9,A,aa2,1335,1.544,-1.508,0,0
30,4,21,9,A,aa3,1335,-1.865,-0.802,1,0
30,4,21,9,A,aa4,1335,0.758,1.849,2,0
30,4,21,9,A,aa5,1335,-0.283,1.733,0,0
30,4,21,9,A,aa6,1335,0.051,-0.768,0,0
30,4,21,9,A,aa7,1335,1.753,1.617,2,0
30,4,21,9,A,aa8,1335,-0.135,-0.547,0,0
30,4,21,9,N,nb0,1340,1.592,-1.866,1,0
30,4,21,9,N,nb1,1340,-1.225,0.403,0,0
30,4,21,9,N,nb2,1340,1.866,-0.747,2,1
30,4,21,9,N,nb3,1340,1.865,-1.085,2,0
30,4,21,9,N,nb4,1340,-1.84,-0.467,1,1
30,4,21,9,N,nb5,1340,-1.701,-1.697,3,1
30,4,21,9,N,nb6,1340,-0.097,1.133,0,0
30,4,21,9,N,nb7,1340,1.835,-0.241,2,1
30,4,21,9,N,nb8,1340,1.049,-1.312,0,0
30,4,21,9,N,nb9,1340,1.198,1.855,2,1
30,4,21,9,N,nb10,1340,-0.959,1.803,0,0
30,4,21,9,N,nb11,1340,0.022,-1.651,2,1
30,4,21,9,N,nb12,1340,0.236,-1.594,1,1
30,4,21,9,N,nb13,1340,1.866,-0.916,2,1
30,4,21,9,N,nb14,1340,-1.045,-1.247,0,0
30,4,21,9,N,nb15,1340,1.86,-0.0,1,1
30,4,21,9,N,nb16,1340,1.778,-1.865,1,0
30,4,21,9,N,nb17,1340,0.739,1.681,1,1
30,4,21,9,N,nb18,1340,-1.315,-1.813,1,1
30,4,21,9,N,nb19,1340,-1.503,-1.741,4,1
30,4,21,9,N,nb20,1340,-1.866,-0.634,1,1
30,4,21,9,N,nb21,1340,1.686,-1.133,1,0
30,4,21,9,N,nb22,1340,1.861,-0.407,2,1
30,4,21,9,N,nb23,1340,-1.566,-1.582,2,1
30,4,21,9,N,nb24,1340,-0.209,-1.712,1,1
30,4,21,9,N,nb25,1340,1.368,1.85,1,1
30,4,21,9,N,nb26,1340,1.166,1.616,1,1
30,4,21,9,N,nb27,1340,0.924,1.816,1,1
30,4,21,9,N,nb28,1340,1.86,-0.577,2,1
30,4,21,9,N,nb29,1340,-1.706,-1.866,2,1
30,4,21,9,A,aa0,1340,-0.179,-0.843,0,0
30,4,21,9,A,aa1,1340,-0.606,-0.898,0,0
30,4,21,9,A,aa2,1340,1.598,-1.593,0,0
30,4,21,9,A,aa3,1340,-1.865,-0.802,1,0
30,4,21,9,A,aa4,1340,0.758,1.849,2,0
30,4,21,9,A,aa5,1340,-0.285,1.776,0,0
30,4,21,9,A,aa6,1340,0.035,-0.859,0,0
30,4,21,9,A,aa7,1340,1.743,1.717,2,0
30,4,21,9,A,aa8,1340,-0.213,-0.607,0,0
30,4,21,9,N,nb0,1345,1.597,-1.866,1,0
30,4,21,9,N,nb1,1345,-1.322,0.43,0,0
30,4,21,9,N,nb2,1345,1.866,-0.747,2,1
30,4,21,9,N,nb3,1345,1.865,-1.085,2,0
30,4,21,9,N,nb4,1345,-1.84,-0.467,1,1
30,4,21,9,N,nb5,1345,-1.701,-1.697,3,1
30,4,21,9,N,nb6,1345,-0.156,1.214,0,0
30,4,21,9,N,nb7,1345,1.835,-0.241,2,1
30,4,21,9,N,nb8,1345,0.991,-1.393,0,0
30,4,21,9,N,nb9,1345,1.198,1.855,2,1
30,4,21,9,N,nb10,1345,-0.872,1.767,0,0
30,4,21,9,N,nb11,1345,0.022,-1.651,2,1
30,4,21,9,N,nb12,1345,0.236,-1.594,1,1
30,4,21,9,N,nb13,1345,1.866,-0.916,2,1
30,4,21,9,N,nb14,1345,-1.142,-1.269,0,0
30,4,21,9,N,nb15,1345,1.86,-0.003,1,1
30,4,21,9,N,nb16,1345,1.822,-1.865,1,0
30,4,21,9,N,nb17,1345,0.739,1.681,1,1
30,4,21,9,N,nb18,1345,-1.315,-1.813,1,1
30,4,21,9,N,nb19,1345,-1.503,-1.741,4,1
30,4,21,9,N,nb20,1345,-1.866,-0.634,1,1
30,4,21,9,N,nb21,1345,1.622,-1.063,1,0
30,4,21,9,N,nb22,1345,1.861,-0.407,2,1
30,4,21,9,N,nb23,1345,-1.566,-1.582,2,1
30,4,21,9,N,nb24,1345,-0.209,-1.712,1,1
30,4,21,9,N,nb25,1345,1.368,1.85,1,1
30,4,21,9,N,nb26,1345,1.166,1.616,1,1
30,4,21,9,N,nb27,1345,0.925,1.816,1,1
30,4,21,9,N,nb28,1345,1.86,-0.577,2,1
30,4,21,9,N,nb29,1345,-1.706,-1.866,2,1
30,4,21,9,A,aa0,1345,-0.177,-0.769,0,0
30,4,21,9,A,aa1,1345,-0.67,-0.822,0,0
30,4,21,9,A,aa2,1345,1.65,-1.667,0,0
30,4,21,9,A,aa3,1345,-1.865,-0.802,1,0
30,4,21,9,A,aa4,1345,0.76,1.851,2,0
30,4,21,9,A,aa5,1345,-0.33,1.848,0,0
30,4,21,9,A,aa6,1345,0.03,-0.952,0,0
30,4,21,9,A,aa7,1345,1.732,1.811,2,0
30,4,21,9,A,aa8,1345,-0.291,-0.644,0,0
30,4,21,9,N,nb0,1350,1.584,-1.866,0,0
30,4,21,9,N,nb1,1350,-1.418,0.457,0,0
30,4,21,9,N,nb2,1350,1.866,-0.747,2,0
30,4,21,9,N,nb3,1350,1.865,-1.085,1,1
30,4,21,9,N,nb4,1350,-1.84,-0.467,1,1
30,4,21,9,N,nb5,1350,-1.701,-1.697,3,1
30,4,21,9,N,nb6,1350,-0.215,1.295,0,0
30,4,21,9,N,nb7,1350,1.835,-0.241,2,1
30,4,21,9,N,nb8,1350,0.932,-1.474,0,0
30,4,21,9,N,nb9,1350,1.198,1.855,2,1
30,4,21,9,N,nb10,1350,-0.784,1.722,0,0
30,4,21,9,N,nb11,1350,0.022,-1.651,2,1
30,4,21,9,N,nb12,1350,0.236,-1.594,1,1
30,4,21,9,N,nb13,1350,1.866,-0.916,2,1
30,4,21,9,N,nb14,1350,-1.24,-1.292,0,0
30,4,21,9,N,nb15,1350,1.86,-0.003,1,1
30,4,21,9,N,nb16,1350,1.866,-1.865,0,0
30,4,21,9,N,nb17,1350,0.739,1.681,1,1
30,4,21,9,N,nb18,1350,-1.315,-1.813,1,1
30,4,21,9,N,nb19,1350,-1.503,-1.741,4,1
30,4,21,9,N,nb20,1350,-1.866,-0.634,1,1
30,4,21,9,N,nb21,1350,1.551,-0.995,0,0
30,4,21,9,N,nb22,1350,1.861,-0.407,2,1
30,4,21,9,N,nb23,1350,-1.566,-1.582,2,1
30,4,21,9,N,nb24,1350,-0.209,-1.712,1,1
30,4,21,9,N,nb25,1350,1.368,1.85,1,1
30,4,21,9,N,nb26,1350,1.166,1.616,1,1
30,4,21,9,N,nb27,1350,0.928,1.813,1,1
30,4,21,9,N,nb28,1350,1.86,-0.577,2,1
30,4,21,9,N,nb29,1350,-1.706,-1.866,2,1
30,4,21,9,A,aa0,1350,-0.169,-0.684,0,0
30,4,21,9,A,aa1,1350,-0.734,-0.745,0,0
30,4,21,9,A,aa2,1350,1.711,-1.732,0,0
30,4,21,9,A,aa3,1350,-1.865,-0.802,1,0
30,4,21,9,A,aa4,1350,0.766,1.861,2,0
30,4,21,9,A,aa5,1350,-0.385,1.866,0,0
30,4,21,9,A,aa6,1350,0.03,-1.052,2,0
30,4,21,9,A,aa7,1350,1.712,1.865,1,0
30,4,21,9,A,aa8,1350,-0.376,-0.683,0,0
30,4,21,9,N,nb0,1355,1.556,-1.866,0,0
30,4,21,9,N,nb1,1355,-1.514,0.484,0,0
30,4,21,9,N,nb2,1355,1.866,-0.747,2,1
30,4,21,9,N,nb3,1355,1.865,-1.085,1,1
30,4,21,9,N,nb4,1355,-1.84,-0.467,1,1
30,4,21,9,N,nb5,1355,-1.701,-1.697,3,1
30,4,21,9,N,nb6,1355,-0.273,1.376,0,0
30,4,21,9,N,nb7,1355,1.835,-0.241,2,1
30,4,21,9,N,nb8,1355,0.874,-1.556,0,0
30,4,21,9,N,nb9,1355,1.198,1.855,2,1
30,4,21,9,N,nb10,1355,-0.695,1.677,0,0
30,4,21,9,N,nb11,1355,0.022,-1.651,2,1
30,4,21,9,N,nb12,1355,0.236,-1.594,1,1
30,4,21,9,N,nb13,1355,1.866,-0.916,2,1
30,4,21,9,N,nb14,1355,-1.337,-1.314,0,0
30,4,21,9,N,nb15,1355,1.86,-0.003,1,1
30,4,21,9,N,nb16,1355,1.866,-1.865,0,0
30,4,21,9,N,nb17,1355,0.739,1.681,1,1
30,4,21,9,N,nb18,1355,-1.315,-1.813,1,1
30,4,21,9,N,nb19,1355,-1.503,-1.741,4,1
30,4,21,9,N,nb20,1355,-1.866,-0.634,1,1
30,4,21,9,N,nb21,1355,1.478,-0.926,0,0
30,4,21,9,N,nb22,1355,1.861,-0.407,2,1
30,4,21,9,N,nb23,1355,-1.566,-1.582,2,1
30,4,21,9,N,nb24,1355,-0.209,-1.712,1,1
30,4,21,9,N,nb25,1355,1.368,1.85,1,1
30,4,21,9,N,nb26,1355,1.166,1.616,1,1
30,4,21,9,N,nb27,1355,0.929,1.812,1,1
30,4,21,9,N,nb28,1355,1.86,-0.577,2,1
30,4,21,9,N,nb29,1355,-1.706,-1.866,2,1
30,4,21,9,A,aa0,1355,-0.15,-0.59,0,0
30,4,21,9,A,aa1,1355,-0.798,-0.668,0,0
30,4,21,9,A,aa2,1355,1.727,-1.77,0,0
30,4,21,9,A,aa3,1355,-1.863,-0.802,1,0
30,4,21,9,A,aa4,1355,0.769,1.865,2,0
30,4,21,9,A,aa5,1355,-0.386,1.866,0,0
30,4,21,9,A,aa6,1355,0.03,-1.152,2,0
30,4,21,9,A,aa7,1355,1.679,1.865,2,0
30,4,21,9,A,aa8,1355,-0.467,-0.724,0,0
30,4,21,9,N,nb0,1360,1.515,-1.866,0,0
30,4,21,9,N,nb1,1360,-1.611,0.51,0,0
30,4,21,9,N,nb2,1360,1.866,-0.747,2,1
30,4,21,9,N,nb3,1360,1.865,-1.085,1,1
30,4,21,9,N,nb4,1360,-1.84,-0.467,1,1
30,4,21,9,N,nb5,1360,-1.701,-1.697,3,1
30,4,21,9,N,nb6,1360,-0.332,1.457,0,0
30,4,21,9,N,nb7,1360,1.835,-0.241,2,1
30,4,21,9,N,nb8,1360,0.816,-1.637,0,0
30,4,21,9,N,nb9,1360,1.198,1.855,2,1
30,4,21,9,N,nb10,1360,-0.606,1.631,0,0
30,4,21,9,N,nb11,1360,0.051,-1.666,2,0
30,4,21,9,N,nb12,1360,0.224,-1.624,1,0
30,4,21,9,N,nb13,1360,1.866,-0.916,2,1
30,4,21,9,N,nb14,1360,-1.435,-1.336,0,0
30,4,21,9,N,nb15,1360,1.86,-0.003,1,1
30,4,21,9,N,nb16,1360,1.866,-1.865,0,0
30,4,21,9,N,nb17,1360,0.739,1.681,1,1
30,4,21,9,N,nb18,1360,-1.315,-1.813,1,1
30,4,21,9,N,nb19,1360,-1.503,-1.741,4,1
30,4,21,9,N,nb20,1360,-1.866,-0.634,1,1
30,4,21,9,N,nb21,1360,1.406,-0.857,0,0
30,4,21,9,N,nb22,1360,1.861,-0.407,2,1
30,4,21,9,N,nb23,1360,-1.566,-1.582,2,1
30,4,21,9,N,nb24,1360,-0.181,-1.696,1,0
30,4,21,9,N,nb25,1360,1.368,1.85,1,1
30,4,21,9,N,nb26,1360,1.166,1.616,1,1
30,4,21,9,N,nb27,1360,0.929,1.812,1,1
30,4,21,9,N,nb28,1360,1.86,-0.577,2,1
30,4,21,9,N,nb29,1360,-1.706,-1.866,2,1
30,4,21,9,A,aa0,1360,-0.129,-0.492,0,0
30,4,21,9,A,aa1,1360,-0.863,-0.591,0,0
30,4,21,9,A,aa2,1360,1.711,-1.797,0,0
30,4,21,9,A,aa3,1360,-1.846,-0.801,1,0
30,4,21,9,A,aa4,1360,0.767,1.86,2,0
30,4,21,9,A,aa5,1360,-0.437,1.851,0,0
30,4,21,9,A,aa6,1360,0.029,-1.235,0,0
30,4,21,9,A,aa7,1360,1.631,1.865,2,0
30,4,21,9,A,aa8,1360,-0.558,-0.765,0,0
30,4,21,9,N,nb0,1365,1.46,-1.866,0,0
30,4,21,9,N,nb1,1365,-1.707,0.537,0,0
30,4,21,9,N,nb2,1365,1.866,-0.747,2,1
30,4,21,9,N,nb3,1365,1.865,-1.085,1,1
30,4,21,9,N,nb4,1365,-1.84,-0.467,1,1
30,4,21,9,N,nb5,1365,-1.701,-1.697,3,1
30,4,21,9,N,nb6,1365,-0.357,1.493,1,1
30,4,21,9,N,nb7,1365,1.835,-0.241,2,1
30,4,21,9,N,nb8,1365,0.758,-1.718,0,0
30,4,21,9,N,nb9,1365,1.198,1.855,2,1
30,4,21,9,N,nb10,1365,-0.569,1.612,1,1
30,4,21,9,N,nb11,1365,0.08,-1.732,2,0
30,4,21,9,N,nb12,1365,0.245,-1.694,1,0
30,4,21,9,N,nb13,1365,1.866,-0.916,2,1
30,4,21,9,N,nb14,1365,-1.492,-1.349,1,1
30,4,21,9,N,nb15,1365,1.86,-0.003,1,1
30,4,21,9,N,nb16,1365,1.866,-1.865,0,0
30,4,21,9,N,nb17,1365,0.739,1.681,1,1
30,4,21,9,N,nb18,1365,-1.315,-1.813,1,1
30,4,21,9,N,nb19,1365,-1.503,-1.741,4,0
30,4,21,9,N,nb20,1365,-1.866,-0.634,1,1
30,4,21,9,N,nb21,1365,1.333,-0.788,0,0
30,4,21,9,N,nb22,1365,1.861,-0.407,2,1
30,4,21,9,N,nb23,1365,-1.566,-1.582,3,1
30,4,21,9,N,nb24,1365,-0.111,-1.643,1,0
30,4,21,9,N,nb25,1365,1.368,1.85,1,1
30,4,21,9,N,nb26,1365,1.166,1.616,1,1
30,4,21,9,N,nb27,1365,0.929,1.812,1,1
30,4,21,9,N,nb28,1365,1.86,-0.577,2,1
30,4,21,9,N,nb29,1365,-1.706,-1.866,2,1
30,4,21,9,A,aa0,1365,-0.107,-0.395,0,0
30,4,21,9,A,aa1,1365,-0.927,-0.515,0,0
30,4,21,9,A,aa2,1365,1.707,-1.808,0,0
30,4,21,9,A,aa3,1365,-1.803,-0.79,1,0
30,4,21,9,A,aa4,1365,0.765,1.848,2,0
30,4,21,9,A,aa5,1365,-0.525,1.819,2,0
30,4,21,9,A,aa6,1365,0.029,-1.235,0,0
30,4,21,9,A,aa7,1365,1.571,1.865,2,0
30,4,21,9,A,aa8,1365,-0.649,-0.806,0,0
30,4,21,9,N,nb0,1370,1.395,-1.866,0,0
30,4,21,9,N,nb1,1370,-1.801,0.563,0,0
30,4,21,9,N,nb2,1370,1.866,-0.747,2,1
30,4,21,9,N,nb3,1370,1.865,-1.085,1,1
30,4,21,9,N,nb4,1370,-1.84,-0.467,1,1
30,4,21,9,N,nb5,1370,-1.701,-1.697,3,1
30,4,21,9,N,nb6,1370,-0.357,1.493,1,1
30,4,21,9,N,nb7,1370,1.835,-0.241,2,1
30,4,21,9,N,nb8,1370,0.702,-1.795,0,0
30,4,21,9,N,nb9,1370,1.198,1.855,2,1
30,4,21,9,N,nb10,1370,-0.569,1.612,1,1
30,4,21,9,N,nb11,1370,0.097,-1.778,2,1
30,4,21,9,N,nb12,1370,0.262,-1.74,1,1
30,4,21,9,N,nb13,1370,1.866,-0.916,2,1
30,4,21,9,N,nb14,1370,-1.492,-1.349,1,1
30,4,21,9,N,nb15,1370,1.86,-0.003,1,0
30,4,21,9,N,nb16,1370,1.866,-1.865,0,0
30,4,21,9,N,nb17,1370,0.739,1.681,1,1
30,4,21,9,N,nb18,1370,-1.315,-1.813,1,1
30,4,21,9,N,nb19,1370,-1.503,-1.741,4,1
30,4,21,9,N,nb20,1370,-1.866,-0.634,1,1
30,4,21,9,N,nb21,1370,1.261,-0.719,0,0
30,4,21,9,N,nb22,1370,1.861,-0.407,2,1
30,4,21,9,N,nb23,1370,-1.566,-1.582,3,1
30,4,21,9,N,nb24,1370,-0.07,-1.603,1,1
30,4,21,9,N,nb25,1370,1.368,1.85,1,1
30,4,21,9,N,nb26,1370,1.166,1.616,1,1
30,4,21,9,N,nb27,1370,0.929,1.812,1,1
30,4,21,9,N,nb28,1370,1.86,-0.577,2,1
30,4,21,9,N,nb29,1370,-1.706,-1.866,2,1
30,4,21,9,A,aa0,1370,-0.086,-0.297,0,0
30,4,21,9,A,aa1,1370,-0.991,-0.438,0,0
30,4,21,9,A,aa2,1370,1.71,-1.8,0,0
30,4,21,9,A,aa3,1370,-1.736,-0.744,1,0
30,4,21,9,A,aa4,1370,0.765,1.848,2,0
30,4,21,9,A,aa5,1370,-0.608,1.784,1,0
30,4,21,9,A,aa6,1370,0.081,-1.259,3,1
30,4,21,9,A,aa7,1370,1.537,1.865,1,0
30,4,21,9,A,aa8,1370,-0.74,-0.847,0,0
30,4,21,9,N,nb0,1375,1.321,-1.866,0,0
30,4,21,9,N,nb1,1375,-1.865,0.594,0,0
30,4,21,9,N,nb2,1375,1.866,-0.747,2,1
30,4,21,9,N,nb3,1375,1.865,-1.085,1,1
30,4,21,9,N,nb4,1375,-1.84,-0.467,1,1
30,4,21,9,N,nb5,1375,-1.701,-1.697,3,1
30,4,21,9,N,nb6,1375,-0.357,1.493,1,1
30,4,21,9,N,nb7,1375,1.835,-0.241,2,1
30,4,21,9,N,nb8,1375,0.641,-1.859,0,0
30,4,21,9,N,nb9,1375,1.198,1.855,2,1
30,4,21,9,N,nb10,1375,-0.569,1.612,1,1
30,4,21,9,N,nb11,1375,0.113,-1.821,1,0
30,4,21,9,N,nb12,1375,0.278,-1.784,1,0
30,4,21,9,N,nb13,1375,1.866,-0.916,2,1
30,4,21,9,N,nb14,1375,-1.492,-1.349,1,1
30,4,21,9,N,nb15,1375,1.86,-0.003,1,1
30,4,21,9,N,nb16,1375,1.866,-1.865,0,0
30,4,21,9,N,nb17,1375,0.739,1.681,1,1
30,4,21,9,N,nb18,1375,-1.315,-1.813,1,1
30,4,21,9,N,nb19,1375,-1.503,-1.741,4,1
30,4,21,9,N,nb20,1375,-1.866,-0.634,1,1
30,4,21,9,N,nb21,1375,1.189,-0.65,0,0
30,4,21,9,N,nb22,1375,1.861,-0.407,2,1
30,4,21,9,N,nb23,1375,-1.566,-1.582,3,1
30,4,21,9,N,nb24,1375,-0.035,-1.562,0,0
30,4,21,9,N,nb25,1375,1.368,1.85,1,1
30,4,21,9,N,nb26,1375,1.166,1.616,1,1
30,4,21,9,N,nb27,1375,0.929,1.812,1,1
30,4,21,9,N,nb28,1375,1.86,-0.577,2,1
30,4,21,9,N,nb29,1375,-1.706,-1.866,2,1
30,4,21,9,A,aa0,1375,-0.064,-0.199,0,0
30,4,21,9,A,aa1,1375,-1.055,-0.361,0,0
30,4,21,9,A,aa2,1375,1.757,-1.734,0,0
30,4,21,9,A,aa3,1375,-1.661,-0.687,2,0
30,4,21,9,A,aa4,1375,0.765,1.848,2,0
30,4,21,9,A,aa5,1375,-0.698,1.759,1,0
30,4,21,9,A,aa6,1375,0.172,-1.301,0,0
30,4,21,9,A,aa7,1375,1.537,1.865,1,0
30,4,21,9,A,aa8,1375,-0.78,-0.864,0,0
30,4,21,9,N,nb0,1380,1.24,-1.866,0,0
30,4,21,9,N,nb1,1380,-1.865,0.636,0,0
30,4,21,9,N,nb2,1380,1.866,-0.747,2,1
30,4,21,9,N,nb3,1380,1.865,-1.085,1,1
30,4,21,9,N,nb4,1380,-1.84,-0.467,1,1
30,4,21,9,N,nb5,1380,-1.701,-1.697,3,1
30,4,21,9,N,nb6,1380,-0.357,1.493,1,1
30,4,21,9,N,nb7,1380,1.835,-0.241,2,1
30,4,21,9,N,nb8,1380,0.574,-1.865,0,0
30,4,21,9,N,nb9,1380,1.198,1.855,2,1
30,4,21,9,N,nb10,1380,-0.569,1.612,1,1
30,4,21,9,N,nb11,1380,0.131,-1.866,1,0
30,4,21,9,N,nb12,1380,0.3,-1.867,1,0
30,4,21,9,N,nb13,1380,1.866,-0.916,2,1
30,4,21,9,N,nb14,1380,-1.492,-1.349,1,1
30,4,21,9,N,nb15,1380,1.86,-0.003,1,1
30,4,21,9,N,nb16,1380,1.866,-1.853,0,0
30,4,21,9,N,nb17,1380,0.739,1.681,1,1
30,4,21,9,N,nb18,1380,-1.315,-1.813,1,1
30,4,21,9,N,nb19,1380,-1.503,-1.741,4,1
30,4,21,9,N,nb20,1380,-1.866,-0.634,1,1
30,4,21,9,N,nb21,1380,1.116,-0.581,0,0
30,4,21,9,N,nb22,1380,1.861,-0.407,2,1
30,4,21,9,N,nb23,1380,-1.566,-1.582,3,1
30,4,21,9,N,nb24,1380,0.029,-1.486,0,0
30,4,21,9,N,nb25,1380,1.368,1.85,1,1
30,4,21,9,N,nb26,1380,1.166,1.616,1,1
30,4,21,9,N,nb27,1380,0.929,1.812,1,1
30,4,21,9,N,nb28,1380,1.86,-0.577,2,1
30,4,21,9,N,nb29,1380,-1.706,-1.866,2,1
30,4,21,9,A,aa0,1380,-0.043,-0.102,0,0
30,4,21,9,A,aa1,1380,-1.119,-0.284,0,0
30,4,21,9,A,aa2,1380,1.814,-1.66,0,0
30,4,21,9,A,aa3,1380,-1.58,-0.634,2,0
30,4,21,9,A,aa4,1380,0.765,1.848,2,0
30,4,21,9,A,aa5,1380,-0.792,1.741,1,0
30,4,21,9,A,aa6,1380,0.263,-1.343,0,0
30,4,21,9,A,aa7,1380,1.537,1.865,1,0
30,4,21,9,A,aa8,1380,-0.783,-0.881,0,0
30,4,21,9,N,nb0,1385,1.153,-1.866,0,0
30,4,21,9,N,nb1,1385,-1.865,0.691,0,0
30,4,21,9,N,nb2,1385,1.866,-0.747,2,1
30,4,21,9,N,nb3,1385,1.865,-1.085,1,1
30,4,21,9,N,nb4,1385,-1.84,-0.467,1,1
30,4,21,9,N,nb5,1385,-1.701,-1.697,3,1
30,4,21,9,N,nb6,1385,-0.357,1.493,1,1
30,4,21,9,N,nb7,1385,1.835,-0.241,2,1
30,4,21,9,N,nb8,1385,0.543,-1.865,1,0
30,4,21,9,N,nb9,1385,1.198,1.855,2,1
30,4,21,9,N,nb10,1385,-0.569,1.612,1,1
30,4,21,9,N,nb11,1385,0.139,-1.866,1,0
30,4,21,9,N,nb12,1385,0.308,-1.867,2,0
30,4,21,9,N,nb13,1385,1.866,-0.916,2,1
30,4,21,9,N,nb14,1385,-1.492,-1.349,1,1
30,4,21,9,N,nb15,1385,1.86,-0.003,1,1
30,4,21,9,N,nb16,1385,1.866,-1.828,0,0
30,4,21,9,N,nb17,1385,0.739,1.681,1,1
30,4,21,9,N,nb18,1385,-1.315,-1.813,1,1
30,4,21,9,N,nb19,1385,-1.503,-1.741,4,1
30,4,21,9,N,nb20,1385,-1.866,-0.634,1,1
30,4,21,9,N,nb21,1385,1.044,-0.512,0,0
30,4,21,9,N,nb22,1385,1.861,-0.407,2,1
30,4,21,9,N,nb23,1385,-1.566,-1.582,3,1
30,4,21,9,N,nb24,1385,0.084,-1.414,0,0
30,4,21,9,N,nb25,1385,1.368,1.85,1,1
30,4,21,9,N,nb26,1385,1.166,1.616,1,1
30,4,21,9,N,nb27,1385,0.929,1.812,1,1
30,4,21,9,N,nb28,1385,1.86,-0.577,2,1
30,4,21,9,N,nb29,1385,-1.706,-1.866,2,1
30,4,21,9,A,aa0,1385,-0.05,-0.062,0,0
30,4,21,9,A,aa1,1385,-1.183,-0.207,0,0
30,4,21,9,A,aa2,1385,1.862,-1.583,1,0
30,4,21,9,A,aa3,1385,-1.543,-0.611,2,0
30,4,21,9,A,aa4,1385,0.765,1.848,2,0
30,4,21,9,A,aa5,1385,-0.89,1.727,1,0
30,4,21,9,A,aa6,1385,0.351,-1.382,3,1
30,4,21,9,A,aa7,1385,1.537,1.865,1,0
30,4,21,9,A,aa8,1385,-0.798,-0.98,0,0
30,4,21,9,N,nb0,1390,1.063,-1.866,0,0
30,4,21,9,N,nb1,1390,-1.865,0.758,0,0
30,4,21,9,N,nb2,1390,1.866,-0.747,2,1
30,4,21,9,N,nb3,1390,1.865,-1.085,1,1
30,4,21,9,N,nb4,1390,-1.84,-0.467,1,0
30,4,21,9,N,nb5,1390,-1.701,-1.697,3,1
30,4,21,9,N,nb6,1390,-0.357,1.493,1,1
30,4,21,9,N,nb7,1390,1.835,-0.241,2,1
30,4,21,9,N,nb8,1390,0.489,-1.865,1,0
30,4,21,9,N,nb9,1390,1.198,1.855,2,1
30,4,21,9,N,nb10,1390,-0.569,1.612,1,1
30,4,21,9,N,nb11,1390,0.152,-1.866,1,0
30,4,21,9,N,nb12,1390,0.321,-1.867,2,0
30,4,21,9,N,nb13,1390,1.866,-0.916,2,1
30,4,21,9,N,nb14,1390,-1.492,-1.349,1,1
30,4,21,9,N,nb15,1390,1.86,-0.003,1,1
30,4,21,9,N,nb16,1390,1.866,-1.788,0,0
30,4,21,9,N,nb17,1390,0.739,1.681,1,1
30,4,21,9,N,nb18,1390,-1.315,-1.813,1,1
30,4,21,9,N,nb19,1390,-1.503,-1.741,4,1
30,4,21,9,N,nb20,1390,-1.866,-0.634,1,0
30,4,21,9,N,nb21,1390,0.971,-0.443,0,0
30,4,21,9,N,nb22,1390,1.861,-0.407,2,1
30,4,21,9,N,nb23,1390,-1.566,-1.582,3,0
30,4,21,9,N,nb24,1390,0.133,-1.33,0,0
30,4,21,9,N,nb25,1390,1.368,1.85,1,1
30,4,21,9,N,nb26,1390,1.166,1.616,1,1
30,4,21,9,N,nb27,1390,0.929,1.812,1,1
30,4,21,9,N,nb28,1390,1.86,-0.577,2,1
30,4,21,9,N,nb29,1390,-1.706,-1.866,2,1
30,4,21,9,A,aa0,1390,-0.071,0.035,0,0
30,4,21,9,A,aa1,1390,-1.247,-0.131,0,0
30,4,21,9,A,aa2,1390,1.865,-1.503,1,0
30,4,21,9,A,aa3,1390,-1.537,-0.575,2,0
30,4,21,9,A,aa4,1390,0.765,1.848,2,0
30,4,21,9,A,aa5,1390,-0.989,1.713,1,0
30,4,21,9,A,aa6,1390,0.444,-1.42,0,0
30,4,21,9,A,aa7,1390,1.537,1.865,1,0
30,4,21,9,A,aa8,1390,-0.813,-1.078,0,0
30,4,21,9,N,nb0,1395,0.971,-1.865,0,0
30,4,21,9,N,nb1,1395,-1.865,0.833,0,0
30,4,21,9,N,nb2,1395,1.866,-0.747,2,1
30,4,21,9,N,nb3,1395,1.865,-1.085,1,1
30,4,21,9,N,nb4,1395,-1.84,-0.467,1,1
30,4,21,9,N,nb5,1395,-1.701,-1.697,3,1
30,4,21,9,N,nb6,1395,-0.357,1.493,1,1
30,4,21,9,N,nb7,1395,1.835,-0.241,2,1
30,4,21,9,N,nb8,1395,0.473,-1.863,1,0
30,4,21,9,N,nb9,1395,1.198,1.855,2,1
30,4,21,9,N,nb10,1395,-0.569,1.612,1,1
30,4,21,9,N,nb11,1395,0.136,-1.866,1,0
30,4,21,9,N,nb12,1395,0.305,-1.867,2,0
30,4,21,9,N,nb13,1395,1.866,-0.916,2,0
30,4,21,9,N,nb14,1395,-1.492,-1.349,1,1
30,4,21,9,N,nb15,1395,1.86,-0.003,1,1
30,4,21,9,N,nb16,1395,1.866,-1.736,0,0
30,4,21,9,N,nb17,1395,0.739,1.681,1,1
30,4,21,9,N,nb18,1395,-1.315,-1.813,1,1
30,4,21,9,N,nb19,1395,-1.503,-1.741,4,1
30,4,21,9,N,nb20,1395,-1.866,-0.634,1,1
30,4,21,9,N,nb21,1395,0.899,-0.374,0,0
30,4,21,9,N,nb22,1395,1.861,-0.407,2,1
30,4,21,9,N,nb23,1395,-1.566,-1.582,3,1
30,4,21,9,N,nb24,1395,0.183,-1.243,0,0
30,4,21,9,N,nb25,1395,1.368,1.85,1,1
30,4,21,9,N,nb26,1395,1.166,1.616,1,1
30,4,21,9,N,nb27,1395,0.932,1.811,1,1
30,4,21,9,N,nb28,1395,1.86,-0.577,2,1
30,4,21,9,N,nb29,1395,-1.706,-1.866,2,1
30,4,21,9,A,aa0,1395,-0.092,0.133,0,0
30,4,21,9,A,aa1,1395,-1.311,-0.054,0,0
30,4,21,9,A,aa2,1395,1.865,-1.418,1,0
30,4,21,9,A,aa3,1395,-1.522,-0.476,2,0
30,4,21,9,A,aa4,1395,0.767,1.848,2,0
30,4,21,9,A,aa5,1395,-1.088,1.699,1,0
30,4,21,9,A,aa6,1395,0.536,-1.457,0,0
30,4,21,9,A,aa7,1395,1.537,1.865,1,0
30,4,21,9,A,aa8,1395,-0.828,-1.177,0,0
30,4,21,9,N,nb0,1400,0.879,-1.855,0,0
30,4,21,9,N,nb1,1400,-1.865,0.916,0,0
30,4,21,9,N,nb2,1400,1.866,-0.747,2,1
30,4,21,9,N,nb3,1400,1.865,-1.085,1,1
30,4,21,9,N,nb4,1400,-1.84,-0.467,1,1
30,4,21,9,N,nb5,1400,-1.701,-1.697,3,1
30,4,21,9,N,nb6,1400,-0.357,1.493,1,1
30,4,21,9,N,nb7,1400,1.835,-0.241,2,1
30,4,21,9,N,nb8,1400,0.47,-1.863,1,1
30,4,21,9,N,nb9,1400,1.198,1.855,2,1
30,4,21,9,N,nb10,1400,-0.569,1.612,1,1
30,4,21,9,N,nb11,1400,0.133,-1.866,1,1
30,4,21,9,N,nb12,1400,0.302,-1.867,2,1
30,4,21,9,N,nb13,1400,1.866,-0.916,2,1
30,4,21,9,N,nb14,1400,-1.492,-1.349,1,1
30,4,21,9,N,nb15,1400,1.86,-0.003,1,1
30,4,21,9,N,nb16,1400,1.866,-1.672,0,0
30,4,21,9,N,nb17,1400,0.739,1.681,1,1
30,4,21,9,N,nb18,1400,-1.315,-1.813,1,1
30,4,21,9,N,nb19,1400,-1.503,-1.741,4,1
30,4,21,9,N,nb20,1400,-1.866,-0.634,1,1
30,4,21,9,N,nb21,1400,0.826,-0.306,0,0
30,4,21,9,N,nb22,1400,1.861,-0.407,2,1
30,4,21,9,N,nb23,1400,-1.566,-1.582,3,1
30,4,21,9,N,nb24,1400,0.232,-1.156,0,0
30,4,21,9,N,nb25,1400,1.368,1.85,1,1
30,4,21,9,N,nb26,1400,1.166,1.616,1,1
30,4,21,9,N,nb27,1400,0.935,1.81,1,1
30,4,21,9,N,nb28,1400,1.86,-0.577,2,1
30,4,21,9,N,nb29,1400,-1.706,-1.866,2,1
30,4,21,9,A,aa0,1400,-0.113,0.231,0,0
30,4,21,9,A,aa1,1400,-1.375,0.023,0,0
30,4,21,9,A,aa2,1400,1.865,-1.362,1,0
30,4,21,9,A,aa3,1400,-1.506,-0.377,2,0
30,4,21,9,A,aa4,1400,0.77,1.848,2,0
30,4,21,9,A,aa5,1400,-1.187,1.685,0,0
30,4,21,9,A,aa6,1400,0.629,-1.495,2,0
30,4,21,9,A,aa7,1400,1.537,1.865,1,0
30,4,21,9,A,aa8,1400,-0.843,-1.276,0,0
30,4,21,9,N,nb0,1405,0.788,-1.835,0,0
30,4,21,9,N,nb1,1405,-1.865,1.003,0,0
30,4,21,9,N,nb2,1405,1.866,-0.747,2,1
30,4,21,9,N,nb3,1405,1.865,-1.085,1,1
30,4,21,9,N,nb4,1405,-1.84,-0.467,1,1
30,4,21,9,N,nb5,1405,-1.701,-1.697,3,1
30,4,21,9,N,nb6,1405,-0.357,1.493,1,1
30,4,21,9,N,nb7,1405,1.835,-0.241,2,1
30,4,21,9,N,nb8,1405,0.47,-1.863,1,1
30,4,21,9,N,nb9,1405,1.198,1.855,2,1
30,4,21,9,N,nb10,1405,-0.569,1.612,1,1
30,4,21,9,N,nb11,1405,0.133,-1.866,1,1
30,4,21,9,N,nb12,1405,0.302,-1.867,2,1
30,4,21,9,N,nb13,1405,1.866,-0.916,2,1
30,4,21,9,N,nb14,1405,-1.492,-1.349,1,1
30,4,21,9,N,nb15,1405,1.86,-0.003,1,1
30,4,21,9,N,nb16,1405,1.866,-1.599,0,0
30,4,21,9,N,nb17,1405,0.739,1.681,1,1
30,4,21,9,N,nb18,1405,-1.315,-1.813,1,1
30,4,21,9,N,nb19,1405,-1.503,-1.741,4,1
30,4,21,9,N,nb20,1405,-1.866,-0.634,1,1
30,4,21,9,N,nb21,1405,0.754,-0.237,0,0
30,4,21,9,N,nb22,1405,1.861,-0.407,2,1
30,4,21,9,N,nb23,1405,-1.566,-1.582,3,1
30,4,21,9,N,nb24,1405,0.282,-1.069,0,0
30,4,21,9,N,nb25,1405,1.368,1.85,1,1
30,4,21,9,N,nb26,1405,1.166,1.616,1,1
30,4,21,9,N,nb27,1405,0.935,1.81,1,1
30,4,21,9,N,nb28,1405,1.86,-0.577,2,1
30,4,21,9,N,nb29,1405,-1.706,-1.866,2,1
30,4,21,9,A,aa0,1405,-0.13,0.312,0,0
30,4,21,9,A,aa1,1405,-1.439,0.1,0,0
30,4,21,9,A,aa2,1405,1.842,-1.294,1,0
30,4,21,9,A,aa3,1405,-1.505,-0.374,2,0
30,4,21,9,A,aa4,1405,0.77,1.848,2,0
30,4,21,9,A,aa5,1405,-1.286,1.671,0,0
30,4,21,9,A,aa6,1405,0.722,-1.533,2,0
30,4,21,9,A,aa7,1405,1.537,1.865,1,0
30,4,21,9,A,aa8,1405,-0.858,-1.375,0,0
30,4,21,9,N,nb0,1410,0.699,-1.807,1,1
30,4,21,9,N,nb1,1410,-1.865,1.094,0,0
30,4,21,9,N,nb2,1410,1.866,-0.747,2,1
30,4,21,9,N,nb3,1410,1.865,-1.085,1,1
30,4,21,9,N,nb4,1410,-1.84,-0.467,1,1
30,4,21,9,N,nb5,1410,-1.701,-1.697,3,1
30,4,21,9,N,nb6,1410,-0.357,1.493,1,1
30,4,21,9,N,nb7,1410,1.835,-0.241,2,1
30,4,21,9,N,nb8,1410,0.47,-1.863,2,1
30,4,21,9,N,nb9,1410,1.198,1.855,2,1
30,4,21,9,N,nb10,1410,-0.569,1.612,1,1
30,4,21,9,N,nb11,1410,0.133,-1.866,1,1
30,4,21,9,N,nb12,1410,0.302,-1.867,2,1
30,4,21,9,N,nb13,1410,1.866,-0.916,2,1
30,4,21,9,N,nb14,1410,-1.492,-1.349,1,1
30,4,21,9,N,nb15,1410,1.86,-0.003,1,1
30,4,21,9,N,nb16,1410,1.866,-1.518,0,0
30,4,21,9,N,nb17,1410,0.739,1.681,1,1
30,4,21,9,N,nb18,1410,-1.315,-1.813,1,1
30,4,21,9,N,nb19,1410,-1.503,-1.741,4,1
30,4,21,9,N,nb20,1410,-1.866,-0.634,1,1
30,4,21,9,N,nb21,1410,0.681,-0.168,0,0
30,4,21,9,N,nb22,1410,1.861,-0.407,2,1
30,4,21,9,N,nb23,1410,-1.566,-1.582,3,1
30,4,21,9,N,nb24,1410,0.331,-0.983,0,0
30,4,21,9,N,nb25,1410,1.368,1.85,1,1
30,4,21,9,N,nb26,1410,1.166,1.616,1,1
30,4,21,9,N,nb27,1410,0.935,1.81,1,1
30,4,21,9,N,nb28,1410,1.86,-0.577,2,1
30,4,21,9,N,nb29,1410,-1.706,-1.866,2,1
30,4,21,9,A,aa0,1410,-0.13,0.312,0,0
30,4,21,9,A,aa1,1410,-1.503,0.177,0,0
30,4,21,9,A,aa2,1410,1.817,-1.247,1,0
30,4,21,9,A,aa3,1410,-1.548,-0.336,2,0
30,4,21,9,A,aa4,1410,0.77,1.848,2,0
30,4,21,9,A,aa5,1410,-1.385,1.657,0,0
30,4,21,9,A,aa6,1410,0.811,-1.569,1,0
30,4,21,9,A,aa7,1410,1.537,1.853,2,0
30,4,21,9,A,aa8,1410,-0.873,-1.474,1,0
30,4,21,9,N,nb0,1415,0.696,-1.806,1,1
30,4,21,9,N,nb1,1415,-1.863,1.186,0,0
30,4,21,9,N,nb2,1415,1.866,-0.747,2,1
30,4,21,9,N,nb3,1415,1.865,-1.085,1,1
30,4,21,9,N,nb4,1415,-1.84,-0.467,1,1
30,4,21,9,N,nb5,1415,-1.701,-1.697,3,1
30,4,21,9,N,nb6,1415,-0.357,1.493,1,1
30,4,21,9,N,nb7,1415,1.835,-0.241,2,0
30,4,21,9,N,nb8,1415,0.47,-1.863,2,1
30,4,21,9,N,nb9,1415,1.198,1.855,2,1
30,4,21,9,N,nb10,1415,-0.569,1.612,1,1
30,4,21,9,N,nb11,1415,0.133,-1.866,1,1
30,4,21,9,N,nb12,1415,0.302,-1.867,2,1
30,4,21,9,N,nb13,1415,1.866,-0.916,2,1
30,4,21,9,N,nb14,1415,-1.492,-1.349,1,1
30,4,21,9,N,nb15,1415,1.86,-0.003,1,1
30,4,21,9,N,nb16,1415,1.866,-1.432,0,0
30,4,21,9,N,nb17,1415,0.739,1.681,1,1
30,4,21,9,N,nb18,1415,-1.315,-1.813,1,1
30,4,21,9,N,nb19,1415,-1.503,-1.741,4,1
30,4,21,9,N,nb20,1415,-1.866,-0.634,1,1
30,4,21,9,N,nb21,1415,0.609,-0.099,0,0
30,4,21,9,N,nb22,1415,1.861,-0.407,2,1
30,4,21,9,N,nb23,1415,-1.566,-1.582,3,1
30,4,21,9,N,nb24,1415,0.381,-0.896,0,0
30,4,21,9,N,nb25,1415,1.368,1.85,1,1
30,4,21,9,N,nb26,1415,1.166,1.616,1,1
30,4,21,9,N,nb27,1415,0.935,1.81,1,1
30,4,21,9,N,nb28,1415,1.86,-0.577,2,1
30,4,21,9,N,nb29,1415,-1.706,-1.866,2,1
30,4,21,9,A,aa0,1415,-0.186,0.325,0,0
30,4,21,9,A,aa1,1415,-1.567,0.253,0,0
30,4,21,9,A,aa2,1415,1.776,-1.229,1,0
30,4,21,9,A,aa3,1415,-1.622,-0.27,1,0
30,4,21,9,A,aa4,1415,0.77,1.848,2,0
30,4,21,9,A,aa5,1415,-1.484,1.643,0,0
30,4,21,9,A,aa6,1415,0.904,-1.599,1,0
30,4,21,9,A,aa7,1415,1.535,1.818,2,0
30,4,21,9,A,aa8,1415,-0.888,-1.573,1,0
30,4,21,9,N,nb0,1420,0.696,-1.806,1,1
30,4,21,9,N,nb1,1420,-1.851,1.278,0,0
30,4,21,9,N,nb2,1420,1.866,-0.747,2,1
30,4,21,9,N,nb3,1420,1.865,-1.085,1,1
30,4,21,9,N,nb4,1420,-1.84,-0.467,1,1
30,4,21,9,N,nb5,1420,-1.701,-1.697,3,1
30,4,21,9,N,nb6,1420,-0.357,1.493,1,1
30,4,21,9,N,nb7,1420,1.835,-0.241,2,1
30,4,21,9,N,nb8,1420,0.47,-1.863,2,1
30,4,21,9,N,nb9,1420,1.198,1.855,2,1
30,4,21,9,N,nb10,1420,-0.569,1.612,1,1
30,4,21,9,N,nb11,1420,0.133,-1.866,1,1
30,4,21,9,N,nb12,1420,0.302,-1.867,2,1
30,4,21,9,N,nb13,1420,1.866,-0.916,2,1
30,4,21,9,N,nb14,1420,-1.492,-1.349,1,1
30,4,21,9,N,nb15,1420,1.86,-0.003,1,1
30,4,21,9,N,nb16,1420,1.866,-1.342,0,0
30,4,21,9,N,nb17,1420,0.739,1.681,1,1
30,4,21,9,N,nb18,1420,-1.315,-1.813,1,1
30,4,21,9,N,nb19,1420,-1.503,-1.741,4,1
30,4,21,9,N,nb20,1420,-1.866,-0.634,1,1
30,4,21,9,N,nb21,1420,0.537,-0.03,0,0
30,4,21,9,N,nb22,1420,1.861,-0.407,2,1
30,4,21,9,N,nb23,1420,-1.566,-1.582,3,1
30,4,21,9,N,nb24,1420,0.43,-0.809,0,0
30,4,21,9,N,nb25,1420,1.368,1.85,1,1
30,4,21,9,N,nb26,1420,1.166,1.616,1,1
30,4,21,9,N,nb27,1420,0.935,1.81,1,1
30,4,21,9,N,nb28,1420,1.86,-0.577,2,1
30,4,21,9,N,nb29,1420,-1.706,-1.866,2,1
30,4,21,9,A,aa0,1420,-0.283,0.346,0,0
30,4,21,9,A,aa1,1420,-1.631,0.33,0,0
30,4,21,9,A,aa2,1420,1.697,-1.179,2,0
30,4,21,9,A,aa3,1420,-1.697,-0.203,1,0
30,4,21,9,A,aa4,1420,0.774,1.861,0,0
30,4,21,9,A,aa5,1420,-1.583,1.629,0,0
30,4,21,9,A,aa6,1420,0.999,-1.628,1,0
30,4,21,9,A,aa7,1420,1.506,1.751,1,0
30,4,21,9,A,aa8,1420,-0.903,-1.672,1,0
30,4,21,9,N,nb0,1425,0.696,-1.806,1,1
30,4,21,9,N,nb1,1425,-1.83,1.368,0,0
30,4,21,9,N,nb2,1425,1.866,-0.747,2,0
30,4,21,9,N,nb3,1425,1.865,-1.085,2,0
30,4,21,9,N,nb4,1425,-1.84,-0.467,1,1
30,4,21,9,N,nb5,1425,-1.701,-1.697,3,0
30,4,21,9,N,nb6,1425,-0.357,1.493,1,1
30,4,21,9,N,nb7,1425,1.835,-0.241,2,1
30,4,21,9,N,nb8,1425,0.47,-1.863,2,1
30,4,21,9,N,nb9,1425,1.198,1.855,2,1
30,4,21,9,N,nb10,1425,-0.569,1.612,1,1
30,4,21,9,N,nb11,1425,0.133,-1.866,1,1
30,4,21,9,N,nb12,1425,0.302,-1.867,2,1
30,4,21,9,N,nb13,1425,1.866,-0.916,2,0
30,4,21,9,N,nb14,1425,-1.492,-1.349,1,1
30,4,21,9,N,nb15,1425,1.86,-0.003,1,1
30,4,21,9,N,nb16,1425,1.866,-1.321,1,0
30,4,21,9,N,nb17,1425,0.739,1.681,1,1
30,4,21,9,N,nb18,1425,-1.315,-1.813,1,0
30,4,21,9,N,nb19,1425,-1.503,-1.741,4,1
30,4,21,9,N,nb20,1425,-1.866,-0.634,1,1
30,4,21,9,N,nb21,1425,0.464,0.039,0,0
30,4,21,9,N,nb22,1425,1.861,-0.407,2,1
30,4,21,9,N,nb23,1425,-1.566,-1.582,3,1
30,4,21,9,N,nb24,1425,0.479,-0.722,0,0
30,4,21,9,N,nb25,1425,1.367,1.848,1,0
30,4,21,9,N,nb26,1425,1.159,1.629,1,0
30,4,21,9,N,nb27,1425,0.951,1.802,1,0
30,4,21,9,N,nb28,1425,1.86,-0.577,2,1
30,4,21,9,N,nb29,1425,-1.706,-1.866,2,0
30,4,21,9,A,aa0,1425,-0.381,0.368,0,0
30,4,21,9,A,aa1,1425,-1.695,0.407,0,0
30,4,21,9,A,aa2,1425,1.612,-1.133,4,1
30,4,21,9,A,aa3,1425,-1.772,-0.137,1,0
30,4,21,9,A,aa4,1425,0.794,1.865,1,0
30,4,21,9,A,aa5,1425,-1.682,1.615,0,0
30,4,21,9,A,aa6,1425,1.095,-1.657,1,0
30,4,21,9,A,aa7,1425,1.463,1.687,0,0
30,4,21,9,A,aa8,1425,-0.918,-1.77,1,0
30,4,21,9,N,nb0,1430,0.696,-1.806,1,1
30,4,21,9,N,nb1,1430,-1.807,1.448,0,0
30,4,21,9,N,nb2,1430,1.864,-0.72,2,0
30,4,21,9,N,nb3,1430,1.864,-1.058,2,0
30,4,21,9,N,nb4,1430,-1.84,-0.467,1,1
30,4,21,9,N,nb5,1430,-1.701,-1.697,3,1
30,4,21,9,N,nb6,1430,-0.357,1.493,1,1
30,4,21,9,N,nb7,1430,1.825,-0.214,2,1
30,4,21,9,N,nb8,1430,0.47,-1.863,2,1
30,4,21,9,N,nb9,1430,1.193,1.854,3,1
30,4,21,9,N,nb10,1430,-0.569,1.612,1,1
30,4,21,9,N,nb11,1430,0.133,-1.866,1,1
30,4,21,9,N,nb12,1430,0.302,-1.867,2,1
30,4,21,9,N,nb13,1430,1.866,-0.889,2,0
30,4,21,9,N,nb14,1430,-1.492,-1.349,1,1
30,4,21,9,N,nb15,1430,1.86,-0.003,1,1
30,4,21,9,N,nb16,1430,1.863,-1.233,1,0
30,4,21,9,N,nb17,1430,0.739,1.681,1,1
30,4,21,9,N,nb18,1430,-1.315,-1.813,1,1
30,4,21,9,N,nb19,1430,-1.503,-1.741,4,1
30,4,21,9,N,nb20,1430,-1.866,-0.634,1,1
30,4,21,9,N,nb21,1430,0.392,0.108,0,0
30,4,21,9,N,nb22,1430,1.851,-0.381,2,1
30,4,21,9,N,nb23,1430,-1.566,-1.582,3,1
30,4,21,9,N,nb24,1430,0.529,-0.635,0,0
30,4,21,9,N,nb25,1430,1.359,1.821,1,0
30,4,21,9,N,nb26,1430,1.109,1.7,2,0
30,4,21,9,N,nb27,1430,0.948,1.804,3,0
30,4,21,9,N,nb28,1430,1.849,-0.551,2,1
30,4,21,9,N,nb29,1430,-1.706,-1.866,2,1
30,4,21,9,A,aa0,1430,-0.479,0.389,0,0
30,4,21,9,A,aa1,1430,-1.759,0.484,0,0
30,4,21,9,A,aa2,1430,1.575,-1.115,0,0
30,4,21,9,A,aa3,1430,-1.834,-0.074,1,0
30,4,21,9,A,aa4,1430,0.79,1.865,1,0
30,4,21,9,A,aa5,1430,-1.767,1.612,0,0
30,4,21,9,A,aa6,1430,1.191,-1.687,1,0
30,4,21,9,A,aa7,1430,1.464,1.687,0,0
30,4,21,9,A,aa8,1430,-0.938,-1.854,1,0
30,4,21,9,N,nb0,1435,0.696,-1.806,1,1
30,4,21,9,N,nb1,1435,-1.788,1.484,0,0
30,4,21,9,N,nb2,1435,1.844,-0.647,2,1
30,4,21,9,N,nb3,1435,1.833,-0.982,2,1
30,4,21,9,N,nb4,1435,-1.84,-0.467,1,1
30,4,21,9,N,nb5,1435,-1.701,-1.697,3,1
30,4,21,9,N,nb6,1435,-0.357,1.493,1,1
30,4,21,9,N,nb7,1435,1.798,-0.142,2,1
30,4,21,9,N,nb8,1435,0.47,-1.863,2,1
30,4,21,9,N,nb9,1435,1.174,1.865,2,1
30,4,21,9,N,nb10,1435,-0.569,1.612,1,1
30,4,21,9,N,nb11,1435,0.133,-1.866,1,1
30,4,21,9,N,nb12,1435,0.302,-1.867,2,1
30,4,21,9,N,nb13,1435,1.858,-0.816,2,1
30,4,21,9,N,nb14,1435,-1.492,-1.349,1,1
30,4,21,9,N,nb15,1435,1.857,0.016,1,1
30,4,21,9,N,nb16,1435,1.85,-1.151,1,1
30,4,21,9,N,nb17,1435,0.739,1.681,1,1
30,4,21,9,N,nb18,1435,-1.315,-1.813,1,1
30,4,21,9,N,nb19,1435,-1.503,-1.741,4,1
30,4,21,9,N,nb20,1435,-1.866,-0.634,1,1
30,4,21,9,N,nb21,1435,0.319,0.177,0,0
30,4,21,9,N,nb22,1435,1.824,-0.309,2,1
30,4,21,9,N,nb23,1435,-1.566,-1.582,3,1
30,4,21,9,N,nb24,1435,0.578,-0.548,0,0
30,4,21,9,N,nb25,1435,1.318,1.776,1,1
30,4,21,9,N,nb26,1435,1.06,1.74,2,1
30,4,21,9,N,nb27,1435,0.904,1.806,2,1
30,4,21,9,N,nb28,1435,1.822,-0.478,2,1
30,4,21,9,N,nb29,1435,-1.706,-1.866,2,1
30,4,21,9,A,aa0,1435,-0.576,0.411,0,0
30,4,21,9,A,aa1,1435,-1.815,0.556,0,0
30,4,21,9,A,aa2,1435,1.498,-1.124,0,0
30,4,21,9,A,aa3,1435,-1.865,-0.003,1,0
30,4,21,9,A,aa4,1435,0.746,1.865,1,0
30,4,21,9,A,aa5,1435,-1.824,1.65,0,0
30,4,21,9,A,aa6,1435,1.286,-1.716,1,0
30,4,21,9,A,aa7,1435,1.495,1.597,0,0
30,4,21,9,A,aa8,1435,-0.968,-1.865,1,0
30,4,21,9,N,nb0,1440,0.696,-1.806,1,0
30,4,21,9,N,nb1,1440,-1.735,1.54,0,0
30,4,21,9,N,nb2,1440,1.844,-0.645,2,1
30,4,21,9,N,nb3,1440,1.829,-0.98,2,0
30,4,21,9,N,nb4,1440,-1.84,-0.467,1,1
30,4,21,9,N,nb5,1440,-1.701,-1.697,3,1
30,4,21,9,N,nb6,1440,-0.357,1.493,1,1
30,4,21,9,N,nb7,1440,1.797,-0.14,2,1
30,4,21,9,N,nb8,1440,0.47,-1.863,2,1
30,4,21,9,N,nb9,1440,1.174,1.865,2,1
30,4,21,9,N,nb10,1440,-0.569,1.612,1,1
30,4,21,9,N,nb11,1440,0.133,-1.866,1,1
30,4,21,9,N,nb12,1440,0.302,-1.867,2,1
30,4,21,9,N,nb13,1440,1.859,-0.814,2,0
30,4,21,9,N,nb14,1440,-1.492,-1.349,1,1
30,4,21,9,N,nb15,1440,1.857,0.018,1,1
30,4,21,9,N,nb16,1440,1.85,-1.148,1,0
30,4,21,9,N,nb17,1440,0.739,1.681,1,1
30,4,21,9,N,nb18,1440,-1.315,-1.813,1,1
30,4,21,9,N,nb19,1440,-1.503,-1.741,4,1
30,4,21,9,N,nb20,1440,-1.866,-0.634,1,1
30,4,21,9,N,nb21,1440,0.247,0.246,0,0
30,4,21,9,N,nb22,1440,1.823,-0.307,2,1
30,4,21,9,N,nb23,1440,-1.566,-1.582,3,1
30,4,21,9,N,nb24,1440,0.628,-0.461,0,0
30,4,21,9,N,nb25,1440,1.318,1.776,1,1
30,4,21,9,N,nb26,1440,1.06,1.74,2,1
30,4,21,9,N,nb27,1440,0.904,1.806,2,1
30,4,21,9,N,nb28,1440,1.821,-0.476,2,1
30,4,21,9,N,nb29,1440,-1.706,-1.866,2,1
30,4,21,9,A,aa0,1440,-0.674,0.432,0,0
30,4,21,9,A,aa1,1440,-1.817,0.558,0,0
30,4,21,9,A,aa2,1440,1.399,-1.137,0,0
30,4,21,9,A,aa3,1440,-1.865,0.074,1,0
30,4,21,9,A,aa4,1440,0.746,1.865,2,0
30,4,21,9,A,aa5,1440,-1.85,1.666,0,0
30,4,21,9,A,aa6,1440,1.382,-1.745,0,0
30,4,21,9,A,aa7,1440,1.53,1.505,2,0
30,4,21,9,A,aa8,1440,-1.013,-1.865,1,0
30,4,21,9,N,nb0,1445,0.696,-1.806,1,1
30,4,21,9,N,nb1,1445,-1.669,1.606,0,0
30,4,21,9,N,nb2,1445,1.844,-0.645,2,1
30,4,21,9,N,nb3,1445,1.797,-0.967,2,0
30,4,21,9,N,nb4,1445,-1.84,-0.467,1,1
30,4,21,9,N,nb5,1445,-1.701,-1.697,3,1
30,4,21,9,N,nb6,1445,-0.357,1.493,1,1
30,4,21,9,N,nb7,1445,1.797,-0.14,2,1
30,4,21,9,N,nb8,1445,0.47,-1.863,2,1
30,4,21,9,N,nb9,1445,1.174,1.865,2,1
30,4,21,9,N,nb10,1445,-0.569,1.612,1,1
30,4,21,9,N,nb11,1445,0.133,-1.866,1,1
30,4,21,9,N,nb12,1445,0.302,-1.867,2,1
30,4,21,9,N,nb13,1445,1.865,-0.813,2,0
30,4,21,9,N,nb14,1445,-1.492,-1.349,1,1
30,4,21,9,N,nb15,1445,1.857,0.018,1,1
30,4,21,9,N,nb16,1445,1.836,-1.133,1,0
30,4,21,9,N,nb17,1445,0.739,1.681,1,1
30,4,21,9,N,nb18,1445,-1.315,-1.813,1,1
30,4,21,9,N,nb19,1445,-1.503,-1.741,4,1
30,4,21,9,N,nb20,1445,-1.866,-0.634,1,1
30,4,21,9,N,nb21,1445,0.174,0.315,0,0
30,4,21,9,N,nb22,1445,1.823,-0.307,2,1
30,4,21,9,N,nb23,1445,-1.566,-1.582,3,1
30,4,21,9,N,nb24,1445,0.677,-0.374,0,0
30,4,21,9,N,nb25,1445,1.318,1.776,1,1
30,4,21,9,N,nb26,1445,1.06,1.74,2,1
30,4,21,9,N,nb27,1445,0.904,1.806,2,1
30,4,21,9,N,nb28,1445,1.821,-0.476,2,1
30,4,21,9,N,nb29,1445,-1.706,-1.866,2,1
30,4,21,9,A,aa0,1445,-0.772,0.453,0,0
30,4,21,9,A,aa1,1445,-1.866,0.586,0,0
30,4,21,9,A,aa2,1445,1.3,-1.15,0,0
30,4,21,9,A,aa3,1445,-1.865,0.158,0,0
30,4,21,9,A,aa4,1445,0.746,1.865,2,0
30,4,21,9,A,aa5,1445,-1.866,1.639,0,0
30,4,21,9,A,aa6,1445,1.476,-1.774,0,0
30,4,21,9,A,aa7,1445,1.566,1.411,1,0
30,4,21,9,A,aa8,1445,-1.071,-1.865,1,0
30,4,21,9,N,nb0,1450,0.696,-1.806,1,1
30,4,21,9,N,nb1,1450,-1.596,1.668,0,0
30,4,21,9,N,nb2,1450,1.844,-0.645,2,1
30,4,21,9,N,nb3,1450,1.75,-0.937,2,1
30,4,21,9,N,nb4,1450,-1.84,-0.467,1,1
30,4,21,9,N,nb5,1450,-1.701,-1.697,3,1
30,4,21,9,N,nb6,1450,-0.357,1.493,1,1
30,4,21,9,N,nb7,1450,1.797,-0.14,2,1
30,4,21,9,N,nb8,1450,0.47,-1.863,2,1
30,4,21,9,N,nb9,1450,1.174,1.865,2,1
30,4,21,9,N,nb10,1450,-0.569,1.612,1,1
30,4,21,9,N,nb11,1450,0.133,-1.866,1,1
30,4,21,9,N,nb12,1450,0.302,-1.867,2,1
30,4,21,9,N,nb13,1450,1.865,-0.813,2,1
30,4,21,9,N,nb14,1450,-1.492,-1.349,1,1
30,4,21,9,N,nb15,1450,1.857,0.018,1,1
30,4,21,9,N,nb16,1450,1.804,-1.098,1,1
30,4,21,9,N,nb17,1450,0.739,1.681,1,1
30,4,21,9,N,nb18,1450,-1.315,-1.813,1,1
30,4,21,9,N,nb19,1450,-1.503,-1.741,4,1
30,4,21,9,N,nb20,1450,-1.866,-0.634,1,1
30,4,21,9,N,nb21,1450,0.102,0.384,0,0
30,4,21,9,N,nb22,1450,1.823,-0.307,2,1
30,4,21,9,N,nb23,1450,-1.566,-1.582,3,1
30,4,21,9,N,nb24,1450,0.727,-0.287,0,0
30,4,21,9,N,nb25,1450,1.318,1.776,1,1
30,4,21,9,N,nb26,1450,1.06,1.74,2,1
30,4,21,9,N,nb27,1450,0.904,1.806,2,1
30,4,21,9,N,nb28,1450,1.821,-0.476,2,1
30,4,21,9,N,nb29,1450,-1.706,-1.866,2,1
30,4,21,9,A,aa0,1450,-0.869,0.475,0,0
30,4,21,9,A,aa1,1450,-1.866,0.626,0,0
30,4,21,9,A,aa2,1450,1.201,-1.163,0,0
30,4,21,9,A,aa3,1450,-1.865,0.246,0,0
30,4,21,9,A,aa4,1450,0.746,1.865,2,0
30,4,21,9,A,aa5,1450,-1.866,1.613,0,0
30,4,21,9,A,aa6,1450,1.565,-1.794,0,0
30,4,21,9,A,aa7,1450,1.602,1.318,1,0
30,4,21,9,A,aa8,1450,-1.14,-1.865,1,0
30,4,21,9,N,nb0,1455,0.696,-1.806,1,1
30,4,21,9,N,nb1,1455,-1.519,1.731,0,0
30,4,21,9,N,nb2,1455,1.844,-0.645,2,1
30,4,21,9,N,nb3,1455,1.75,-0.937,2,1
30,4,21,9,N,nb4,1455,-1.84,-0.467,1,1
30,4,21,9,N,nb5,1455,-1.701,-1.697,3,1
30,4,21,9,N,nb6,1455,-0.357,1.493,1,1
30,4,21,9,N,nb7,1455,1.797,-0.14,2,1
30,4,21,9,N,nb8,1455,0.47,-1.863,2,1
30,4,21,9,N,nb9,1455,1.174,1.865,2,1
30,4,21,9,N,nb10,1455,-0.569,1.612,1,1
30,4,21,9,N,nb11,1455,0.133,-1.866,1,1
30,4,21,9,N,nb12,1455,0.302,-1.867,2,1
30,4,21,9,N,nb13,1455,1.865,-0.813,2,1
30,4,21,9,N,nb14,1455,-1.492,-1.349,1,0
30,4,21,9,N,nb15,1455,1.857,0.018,1,1
30,4,21,9,N,nb16,1455,1.804,-1.098,1,1
30,4,21,9,N,nb17,1455,0.739,1.681,1,1
30,4,21,9,N,nb18,1455,-1.33,-1.801,1,1
30,4,21,9,N,nb19,1455,-1.503,-1.741,4,1
30,4,21,9,N,nb20,1455,-1.866,-0.634,1,1
30,4,21,9,N,nb21,1455,0.029,0.453,0,0
30,4,21,9,N,nb22,1455,1.823,-0.307,2,1
30,4,21,9,N,nb23,1455,-1.566,-1.582,3,1
30,4,21,9,N,nb24,1455,0.776,-0.2,0,0
30,4,21,9,N,nb25,1455,1.318,1.776,1,1
30,4,21,9,N,nb26,1455,1.06,1.74,2,1
30,4,21,9,N,nb27,1455,0.904,1.806,2,1
30,4,21,9,N,nb28,1455,1.821,-0.476,2,1
30,4,21,9,N,nb29,1455,-1.706,-1.866,2,1
30,4,21,9,A,aa0,1455,-0.967,0.496,0,0
30,4,21,9,A,aa1,1455,-1.866,0.68,0,0
30,4,21,9,A,aa2,1455,1.102,-1.176,0,0
30,4,21,9,A,aa3,1455,-1.865,0.337,0,0
30,4,21,9,A,aa4,1455,0.746,1.865,2,0
30,4,21,9,A,aa5,1455,-1.866,1.57,0,0
30,4,21,9,A,aa6,1455,1.656,-1.803,0,0
30,4,21,9,A,aa7,1455,1.632,1.24,0,0
30,4,21,9,A,aa8,1455,-1.174,-1.865,1,0
30,4,21,9,N,nb0,1460,0.696,-1.806,1,1
30,4,21,9,N,nb1,1460,-1.444,1.791,0,0
30,4,21,9,N,nb2,1460,1.844,-0.645,2,1
30,4,21,9,N,nb3,1460,1.75,-0.937,2,1
30,4,21,9,N,nb4,1460,-1.84,-0.467,1,1
30,4,21,9,N,nb5,1460,-1.701,-1.697,3,1
30,4,21,9,N,nb6,1460,-0.357,1.493,1,1
30,4,21,9,N,nb7,1460,1.797,-0.14,2,1
30,4,21,9,N,nb8,1460,0.47,-1.863,2,1
30,4,21,9,N,nb9,1460,1.174,1.865,2,1
30,4,21,9,N,nb10,1460,-0.569,1.612,1,1
30,4,21,9,N,nb11,1460,0.133,-1.866,1,1
30,4,21,9,N,nb12,1460,0.302,-1.867,2,1
30,4,21,9,N,nb13,1460,1.865,-0.813,2,1
30,4,21,9,N,nb14,1460,-1.492,-1.349,1,1
30,4,21,9,N,nb15,1460,1.857,0.018,1,1
30,4,21,9,N,nb16,1460,1.804,-1.098,1,1
30,4,21,9,N,nb17,1460,0.739,1.681,1,1
30,4,21,9,N,nb18,1460,-1.342,-1.793,1,1
30,4,21,9,N,nb19,1460,-1.504,-1.741,4,1
30,4,21,9,N,nb20,1460,-1.866,-0.634,1,1
30,4,21,9,N,nb21,1460,-0.043,0.522,0,0
30,4,21,9,N,nb22,1460,1.823,-0.307,2,0
30,4,21,9,N,nb23,1460,-1.566,-1.582,3,1
30,4,21,9,N,nb24,1460,0.826,-0.114,0,0
30,4,21,9,N,nb25,1460,1.318,1.776,1,1
30,4,21,9,N,nb26,1460,1.06,1.74,2,1
30,4,21,9,N,nb27,1460,0.904,1.806,2,1
30,4,21,9,N,nb28,1460,1.821,-0.476,2,0
30,4,21,9,N,nb29,1460,-1.706,-1.866,2,1
30,4,21,9,A,aa0,1460,-1.065,0.518,0,0
30,4,21,9,A,aa1,1460,-1.866,0.746,0,0
30,4,21,9,A,aa2,1460,1.003,-1.189,0,0
30,4,21,9,A,aa3,1460,-1.861,0.429,0,0
30,4,21,9,A,aa4,1460,0.746,1.865,2,0
30,4,21,9,A,aa5,1460,-1.866,1.515,0,0
30,4,21,9,A,aa6,1460,1.748,-1.801,0,0
30,4,21,9,A,aa7,1460,1.647,1.232,0,0
30,4,21,9,A,aa8,1460,-1.189,-1.865,2,0
30,4,21,9,N,nb0,1465,0.696,-1.806,1,1
30,4,21,9,N,nb1,1465,-1.368,1.838,0,0
30,4,21,9,N,nb2,1465,1.844,-0.645,2,0
30,4,21,9,N,nb3,1465,1.75,-0.937,2,1
30,4,21,9,N,nb4,1465,-1.84,-0.467,1,1
30,4,21,9,N,nb5,1465,-1.701,-1.697,3,1
30,4,21,9,N,nb6,1465,-0.357,1.493,1,1
30,4,21,9,N,nb7,1465,1.797,-0.14,2,1
30,4,21,9,N,nb8,1465,0.47,-1.863,2,1
30,4,21,9,N,nb9,1465,1.174,1.865,2,1
30,4,21,9,N,nb10,1465,-0.569,1.612,1,1
30,4,21,9,N,nb11,1465,0.133,-1.866,1,1
30,4,21,9,N,nb12,1465,0.302,-1.867,2,1
30,4,21,9,N,nb13,1465,1.865,-0.813,2,1
30,4,21,9,N,nb14,1465,-1.492,-1.349,1,1
30,4,21,9,N,nb15,1465,1.857,0.018,1,1
30,4,21,9,N,nb16,1465,1.804,-1.098,1,1
30,4,21,9,N,nb17,1465,0.739,1.681,1,1
30,4,21,9,N,nb18,1465,-1.342,-1.793,1,1
30,4,21,9,N,nb19,1465,-1.504,-1.741,4,1
30,4,21,9,N,nb20,1465,-1.866,-0.634,1,1
30,4,21,9,N,nb21,1465,-0.115,0.591,0,0
30,4,21,9,N,nb22,1465,1.823,-0.307,2,1
30,4,21,9,N,nb23,1465,-1.566,-1.582,3,1
30,4,21,9,N,nb24,1465,0.875,-0.027,0,0
30,4,21,9,N,nb25,1465,1.318,1.776,1,1
30,4,21,9,N,nb26,1465,1.06,1.74,2,1
30,4,21,9,N,nb27,1465,0.904,1.806,2,1
30,4,21,9,N,nb28,1465,1.821,-0.476,2,1
30,4,21,9,N,nb29,1465,-1.706,-1.866,2,1
30,4,21,9,A,aa0,1465,-1.162,0.539,0,0
30,4,21,9,A,aa1,1465,-1.866,0.82,0,0
30,4,21,9,A,aa2,1465,0.904,-1.202,0,0
30,4,21,9,A,aa3,1465,-1.847,0.521,0,0
30,4,21,9,A,aa4,1465,0.746,1.865,2,0
30,4,21,9,A,aa5,1465,-1.866,1.447,0,0
30,4,21,9,A,aa6,1465,1.837,-1.79,0,0
30,4,21,9,A,aa7,1465,1.735,1.185,0,0
30,4,21,9,A,aa8,1465,-1.189,-1.865,2,0
30,4,21,9,N,nb0,1470,0.696,-1.806,1,1
30,4,21,9,N,nb1,1470,-1.286,1.866,0,0
30,4,21,9,N,nb2,1470,1.844,-0.645,2,1
30,4,21,9,N,nb3,1470,1.75,-0.937,2,1
30,4,21,9,N,nb4,1470,-1.84,-0.467,1,1
30,4,21,9,N,nb5,1470,-1.701,-1.697,3,1
30,4,21,9,N,nb6,1470,-0.357,1.493,1,1
30,4,21,9,N,nb7,1470,1.797,-0.14,2,1
30,4,21,9,N,nb8,1470,0.47,-1.863,2,1
30,4,21,9,N,nb9,1470,1.174,1.865,2,1
30,4,21,9,N,nb10,1470,-0.569,1.612,1,1
30,4,21,9,N,nb11,1470,0.133,-1.866,1,1
30,4,21,9,N,nb12,1470,0.302,-1.867,2,1
30,4,21,9,N,nb13,1470,1.865,-0.813,2,1
30,4,21,9,N,nb14,1470,-1.492,-1.349,1,1
30,4,21,9,N,nb15,1470,1.857,0.018,1,1
30,4,21,9,N,nb16,1470,1.804,-1.098,1,1
30,4,21,9,N,nb17,1470,0.739,1.681,1,1
30,4,21,9,N,nb18,1470,-1.342,-1.793,1,1
30,4,21,9,N,nb19,1470,-1.504,-1.741,4,1
30,4,21,9,N,nb20,1470,-1.866,-0.634,1,1
30,4,21,9,N,nb21,1470,-0.188,0.66,0,0
30,4,21,9,N,nb22,1470,1.823,-0.307,2,1
30,4,21,9,N,nb23,1470,-1.566,-1.582,3,1
30,4,21,9,N,nb24,1470,0.925,0.06,0,0
30,4,21,9,N,nb25,1470,1.318,1.776,1,1
30,4,21,9,N,nb26,1470,1.06,1.74,2,1
30,4,21,9,N,nb27,1470,0.904,1.806,2,1
30,4,21,9,N,nb28,1470,1.821,-0.476,2,1
30,4,21,9,N,nb29,1470,-1.706,-1.866,2,1
30,4,21,9,A,aa0,1470,-1.26,0.561,0,0
30,4,21,9,A,aa1,1470,-1.866,0.902,0,0
30,4,21,9,A,aa2,1470,0.804,-1.215,0,0
30,4,21,9,A,aa3,1470,-1.825,0.612,0,0
30,4,21,9,A,aa4,1470,0.745,1.865,2,0
30,4,21,9,A,aa5,1470,-1.866,1.372,0,0
30,4,21,9,A,aa6,1470,1.866,-1.769,0,0
30,4,21,9,A,aa7,1470,1.816,1.141,0,0
30,4,21,9,A,aa8,1470,-1.189,-1.865,2,0
30,4,21,9,N,nb0,1475,0.696,-1.806,1,1
30,4,21,9,N,nb1,1475,-1.201,1.866,0,0
30,4,21,9,N,nb2,1475,1.844,-0.645,2,1
30,4,21,9,N,nb3,1475,1.75,-0.937,2,1
30,4,21,9,N,nb4,1475,-1.84,-0.467,1,1
30,4,21,9,N,nb5,1475,-1.701,-1.697,3,1
30,4,21,9,N,nb6,1475,-0.357,1.493,1,1
30,4,21,9,N,nb7,1475,1.797,-0.14,2,1
30,4,21,9,N,nb8,1475,0.47,-1.863,2,1
30,4,21,9,N,nb9,1475,1.174,1.865,2,1
30,4,21,9,N,nb10,1475,-0.569,1.612,1,1
30,4,21,9,N,nb11,1475,0.133,-1.866,1,1
30,4,21,9,N,nb12,1475,0.302,-1.867,2,1
30,4,21,9,N,nb13,1475,1.865,-0.813,2,1
30,4,21,9,N,nb14,1475,-1.492,-1.349,1,1
30,4,21,9,N,nb15,1475,1.857,0.018,1,1
30,4,21,9,N,nb16,1475,1.804,-1.098,1,1
30,4,21,9,N,nb17,1475,0.739,1.681,1,1
30,4,21,9,N,nb18,1475,-1.342,-1.793,1,1
30,4,21,9,N,nb19,1475,-1.504,-1.741,4,1
30,4,21,9,N,nb20,1475,-1.866,-0.634,1,1
30,4,21,9,N,nb21,1475,-0.26,0.729,0,0
30,4,21,9,N,nb22,1475,1.823,-0.307,2,1
30,4,21,9,N,nb23,1475,-1.566,-1.582,3,1
30,4,21,9,N,nb24,1475,0.974,0.147,0,0
30,4,21,9,N,nb25,1475,1.318,1.776,1,1
30,4,21,9,N,nb26,1475,1.06,1.74,2,1
30,4,21,9,N,nb27,1475,0.904,1.806,2,1
30,4,21,9,N,nb28,1475,1.821,-0.476,2,1
30,4,21,9,N,nb29,1475,-1.706,-1.866,2,1
30,4,21,9,A,aa0,1475,-1.358,0.582,0,0
30,4,21,9,A,aa1,1475,-1.866,0.989,0,0
30,4,21,9,A,aa2,1475,0.705,-1.227,1,0
30,4,21,9,A,aa3,1475,-1.793,0.7,0,0
30,4,21,9,A,aa4,1475,0.745,1.865,2,0
30,4,21,9,A,aa5,1475,-1.866,1.289,0,0
30,4,21,9,A,aa6,1475,1.866,-1.734,0,0
30,4,21,9,A,aa7,1475,1.865,1.088,0,0
30,4,21,9,A,aa8,1475,-1.189,-1.865,2,0
30,4,21,9,N,nb0,1480,0.696,-1.806,1,1
30,4,21,9,N,nb1,1480,-1.111,1.866,0,0
30,4,21,9,N,nb2,1480,1.844,-0.645,2,1
30,4,21,9,N,nb3,1480,1.75,-0.937,2,1
30,4,21,9,N,nb4,1480,-1.84,-0.467,1,1
30,4,21,9,N,nb5,1480,-1.701,-1.697,3,1
30,4,21,9,N,nb6,1480,-0.357,1.493,1,1
30,4,21,9,N,nb7,1480,1.797,-0.14,2,1
30,4,21,9,N,nb8,1480,0.47,-1.863,2,1
30,4,21,9,N,nb9,1480,1.174,1.865,2,0
30,4,21,9,N,nb10,1480,-0.569,1.612,1,1
30,4,21,9,N,nb11,1480,0.133,-1.866,1,1
30,4,21,9,N,nb12,1480,0.302,-1.867,2,1
30,4,21,9,N,nb13,1480,1.865,-0.813,2,1
30,4,21,9,N,nb14,1480,-1.492,-1.349,1,1
30,4,21,9,N,nb15,1480,1.857,0.018,1,1
30,4,21,9,N,nb16,1480,1.804,-1.098,1,1
30,4,21,9,N,nb17,1480,0.739,1.681,1,0
30,4,21,9,N,nb18,1480,-1.342,-1.793,1,1
30,4,21,9,N,nb19,1480,-1.504,-1.741,4,1
30,4,21,9,N,nb20,1480,-1.866,-0.634,1,1
30,4,21,9,N,nb21,1480,-0.333,0.798,0,0
30,4,21,9,N,nb22,1480,1.823,-0.307,2,1
30,4,21,9,N,nb23,1480,-1.566,-1.582,3,1
30,4,21,9,N,nb24,1480,1.024,0.234,0,0
30,4,21,9,N,nb25,1480,1.318,1.776,1,1
30,4,21,9,N,nb26,1480,1.06,1.74,2,1
30,4,21,9,N,nb27,1480,0.904,1.806,2,1
30,4,21,9,N,nb28,1480,1.821,-0.476,2,1
30,4,21,9,N,nb29,1480,-1.706,-1.866,2,1
30,4,21,9,A,aa0,1480,-1.455,0.604,0,0
30,4,21,9,A,aa1,1480,-1.866,1.057,0,0
30,4,21,9,A,aa2,1480,0.606,-1.24,1,0
30,4,21,9,A,aa3,1480,-1.754,0.787,0,0
30,4,21,9,A,aa4,1480,0.745,1.865,2,0
30,4,21,9,A,aa5,1480,-1.866,1.226,0,0
30,4,21,9,A,aa6,1480,1.866,-1.684,1,0
30,4,21,9,A,aa7,1480,1.865,1.027,0,0
30,4,21,9,A,aa8,1480,-1.189,-1.865,2,0
30,4,21,9,N,nb0,1485,0.696,-1.806,1,1
30,4,21,9,N,nb1,1485,-1.019,1.865,0,0
30,4,21,9,N,nb2,1485,1.844,-0.645,2,1
30,4,21,9,N,nb3,1485,1.75,-0.937,2,1
30,4,21,9,N,nb4,1485,-1.84,-0.467,1,1
30,4,21,9,N,nb5,1485,-1.701,-1.697,3,1
30,4,21,9,N,nb6,1485,-0.357,1.493,1,0
30,4,21,9,N,nb7,1485,1.797,-0.14,2,1
30,4,21,9,N,nb8,1485,0.47,-1.863,2,1
30,4,21,9,N,nb9,1485,1.174,1.865,2,1
30,4,21,9,N,nb10,1485,-0.569,1.612,1,0
30,4,21,9,N,nb11,1485,0.133,-1.866,1,1
30,4,21,9,N,nb12,1485,0.302,-1.867,2,1
30,4,21,9,N,nb13,1485,1.865,-0.813,2,1
30,4,21,9,N,nb14,1485,-1.492,-1.349,1,1
30,4,21,9,N,nb15,1485,1.857,0.018,1,1
30,4,21,9,N,nb16,1485,1.804,-1.098,1,1
30,4,21,9,N,nb17,1485,0.739,1.681,1,1
30,4,21,9,N,nb18,1485,-1.342,-1.793,1,1
30,4,21,9,N,nb19,1485,-1.504,-1.741,4,1
30,4,21,9,N,nb20,1485,-1.866,-0.634,1,1
30,4,21,9,N,nb21,1485,-0.405,0.866,0,0
30,4,21,9,N,nb22,1485,1.823,-0.307,2,1
30,4,21,9,N,nb23,1485,-1.566,-1.582,3,1
30,4,21,9,N,nb24,1485,1.073,0.321,0,0
30,4,21,9,N,nb25,1485,1.318,1.776,1,1
30,4,21,9,N,nb26,1485,1.06,1.74,2,1
30,4,21,9,N,nb27,1485,0.904,1.806,2,1
30,4,21,9,N,nb28,1485,1.821,-0.476,2,1
30,4,21,9,N,nb29,1485,-1.706,-1.866,2,1
30,4,21,9,A,aa0,1485,-1.553,0.625,0,0
30,4,21,9,A,aa1,1485,-1.865,1.065,0,0
30,4,21,9,A,aa2,1485,0.507,-1.253,1,0
30,4,21,9,A,aa3,1485,-1.711,0.872,0,0
30,4,21,9,A,aa4,1485,0.745,1.865,2,0
30,4,21,9,A,aa5,1485,-1.864,1.235,0,0
30,4,21,9,A,aa6,1485,1.866,-1.622,1,0
30,4,21,9,A,aa7,1485,1.865,0.956,0,0
30,4,21,9,A,aa8,1485,-1.189,-1.865,2,0
30,4,21,9,N,nb0,1490,0.696,-1.806,1,1
30,4,21,9,N,nb1,1490,-0.927,1.858,0,0
30,4,21,9,N,nb2,1490,1.844,-0.645,2,1
30,4,21,9,N,nb3,1490,1.75,-0.937,2,1
30,4,21,9,N,nb4,1490,-1.84,-0.467,1,1
30,4,21,9,N,nb5,1490,-1.701,-1.697,3,1
30,4,21,9,N,nb6,1490,-0.357,1.493,1,1
30,4,21,9,N,nb7,1490,1.797,-0.14,2,1
30,4,21,9,N,nb8,1490,0.47,-1.863,2,1
30,4,21,9,N,nb9,1490,1.174,1.865,2,1
30,4,21,9,N,nb10,1490,-0.569,1.612,1,1
30,4,21,9,N,nb11,1490,0.133,-1.866,1,1
30,4,21,9,N,nb12,1490,0.302,-1.867,2,1
30,4,21,9,N,nb13,1490,1.865,-0.813,2,1
30,4,21,9,N,nb14,1490,-1.492,-1.349,1,1
30,4,21,9,N,nb15,1490,1.857,0.018,1,1
30,4,21,9,N,nb16,1490,1.804,-1.098,1,1
30,4,21,9,N,nb17,1490,0.739,1.681,1,1
30,4,21,9,N,nb18,1490,-1.342,-1.793,1,1
30,4,21,9,N,nb19,1490,-1.504,-1.741,4,1
30,4,21,9,N,nb20,1490,-1.866,-0.634,1,1
30,4,21,9,N,nb21,1490,-0.478,0.935,0,0
30,4,21,9,N,nb22,1490,1.823,-0.307,2,1
30,4,21,9,N,nb23,1490,-1.566,-1.582,3,1
30,4,21,9,N,nb24,1490,1.123,0.408,0,0
30,4,21,9,N,nb25,1490,1.318,1.776,1,1
30,4,21,9,N,nb26,1490,1.06,1.74,2,1
30,4,21,9,N,nb27,1490,0.904,1.806,2,1
30,4,21,9,N,nb28,1490,1.821,-0.476,2,1
30,4,21,9,N,nb29,1490,-1.706,-1.866,2,1
30,4,21,9,A,aa0,1490,-1.651,0.646,0,0
30,4,21,9,A,aa1,1490,-1.852,1.073,0,0
30,4,21,9,A,aa2,1490,0.408,-1.266,0,0
30,4,21,9,A,aa3,1490,-1.662,0.949,0,0
30,4,21,9,A,aa4,1490,0.745,1.865,2,0
30,4,21,9,A,aa5,1490,-1.852,1.243,0,0
30,4,21,9,A,aa6,1490,1.866,-1.551,1,0
30,4,21,9,A,aa7,1490,1.865,0.877,0,0
30,4,21,9,A,aa8,1490,-1.189,-1.865,2,0
30,4,21,9,N,nb0,1495,0.696,-1.806,1,1
30,4,21,9,N,nb1,1495,-0.836,1.84,0,0
30,4,21,9,N,nb2,1495,1.844,-0.645,2,1
30,4,21,9,N,nb3,1495,1.75,-0.937,2,1
30,4,21,9,N,nb4,1495,-1.84,-0.467,1,1
30,4,21,9,N,nb5,1495,-1.701,-1.697,3,1
30,4,21,9,N,nb6,1495,-0.357,1.493,1,1
30,4,21,9,N,nb7,1495,1.797,-0.14,2,1
30,4,21,9,N,nb8,1495,0.47,-1.863,2,1
30,4,21,9,N,nb9,1495,1.174,1.865,2,1
30,4,21,9,N,nb10,1495,-0.569,1.612,1,1
30,4,21,9,N,nb11,1495,0.133,-1.866,1,1
30,4,21,9,N,nb12,1495,0.302,-1.867,2,1
30,4,21,9,N,nb13,1495,1.865,-0.813,2,1
30,4,21,9,N,nb14,1495,-1.492,-1.349,1,1
30,4,21,9,N,nb15,1495,1.857,0.018,1,1
30,4,21,9,N,nb16,1495,1.804,-1.098,1,1
30,4,21,9,N,nb17,1495,0.739,1.681,1,1
30,4,21,9,N,nb18,1495,-1.342,-1.793,1,1
30,4,21,9,N,nb19,1495,-1.504,-1.741,4,1
30,4,21,9,N,nb20,1495,-1.866,-0.634,1,1
30,4,21,9,N,nb21,1495,-0.55,1.004,0,0
30,4,21,9,N,nb22,1495,1.823,-0.307,2,1
30,4,21,9,N,nb23,1495,-1.566,-1.582,3,1
30,4,21,9,N,nb24,1495,1.172,0.495,0,0
30,4,21,9,N,nb25,1495,1.318,1.776,1,0
30,4,21,9,N,nb26,1495,1.06,1.74,2,0
30,4,21,9,N,nb27,1495,0.904,1.806,2,0
30,4,21,9,N,nb28,1495,1.821,-0.476,2,1
30,4,21,9,N,nb29,1495,-1.706,-1.866,2,1
30,4,21,9,A,aa0,1495,-1.748,0.668,0,0
30,4,21,9,A,aa1,1495,-1.828,1.081,0,0
30,4,21,9,A,aa2,1495,0.309,-1.279,1,0
30,4,21,9,A,aa3,1495,-1.603,1.022,0,0
30,4,21,9,A,aa4,1495,0.739,1.865,2,0
30,4,21,9,A,aa5,1495,-1.828,1.25,0,0
30,4,21,9,A,aa6,1495,1.866,-1.471,1,0
30,4,21,9,A,aa7,1495,1.865,0.792,0,0
30,4,21,9,A,aa8,1495,-1.189,-1.865,2,0
30,4,21,9,N,nb0,1500,0.696,-1.806,1,1
30,4,21,9,N,nb1,1500,-0.746,1.814,0,0
30,4,21,9,N,nb2,1500,1.844,-0.645,2,1
30,4,21,9,N,nb3,1500,1.75,-0.937,2,1
30,4,21,9,N,nb4,1500,-1.84,-0.467,1,1
30,4,21,9,N,nb5,1500,-1.701,-1.697,3,1
30,4,21,9,N,nb6,1500,-0.357,1.493,1,1
30,4,21,9,N,nb7,1500,1.797,-0.14,2,1
30,4,21,9,N,nb8,1500,0.47,-1.863,2,1
30,4,21,9,N,nb9,1500,1.174,1.865,2,1
30,4,21,9,N,nb10,1500,-0.569,1.612,1,1
30,4,21,9,N,nb11,1500,0.133,-1.866,1,1
30,4,21,9,N,nb12,1500,0.302,-1.867,2,1
30,4,21,9,N,nb13,1500,1.865,-0.813,2,1
30,4,21,9,N,nb14,1500,-1.492,-1.349,1,1
30,4,21,9,N,nb15,1500,1.857,0.018,1,1
30,4,21,9,N,nb16,1500,1.804,-1.098,1,1
30,4,21,9,N,nb17,1500,0.739,1.681,1,1
30,4,21,9,N,nb18,1500,-1.342,-1.793,1,1
30,4,21,9,N,nb19,1500,-1.504,-1.741,4,1
30,4,21,9,N,nb20,1500,-1.866,-0.634,1,1
30,4,21,9,N,nb21,1500,-0.622,1.073,0,0
30,4,21,9,N,nb22,1500,1.823,-0.307,2,1
30,4,21,9,N,nb23,1500,-1.566,-1.582,3,1
30,4,21,9,N,nb24,1500,1.222,0.582,0,0
30,4,21,9,N,nb25,1500,1.318,1.776,1,1
30,4,21,9,N,nb26,1500,1.06,1.74,2,1
30,4,21,9,N,nb27,1500,0.904,1.806,2,1
30,4,21,9,N,nb28,1500,1.821,-0.476,2,1
30,4,21,9,N,nb29,1500,-1.706,-1.866,2,1
30,4,21,9,A,aa0,1500,-1.834,0.691,0,0
30,4,21,9,A,aa1,1500,-1.79,1.087,0,0
30,4,21,9,A,aa2,1500,0.305,-1.279,1,0
30,4,21,9,A,aa3,1500,-1.537,1.09,0,0
30,4,21,9,A,aa4,1500,0.721,1.865,2,0
30,4,21,9,A,aa5,1500,-1.791,1.257,0,0
30,4,21,9,A,aa6,1500,1.866,-1.386,1,0
30,4,21,9,A,aa7,1500,1.865,0.703,0,0
30,4,21,9,A,aa8,1500,-1.189,-1.865,2,0
30,4,21,9,N,nb0,1505,0.696,-1.806,1,1
30,4,21,9,N,nb1,1505,-0.708,1.801,1,1
30,4,21,9,N,nb2,1505,1.844,-0.645,2,1
30,4,21,9,N,nb3,1505,1.75,-0.937,2,1
30,4,21,9,N,nb4,1505,-1.84,-0.467,1,1
30,4,21,9,N,nb5,1505,-1.701,-1.697,3,1
30,4,21,9,N,nb6,1505,-0.357,1.493,1,1
30,4,21,9,N,nb7,1505,1.797,-0.14,2,1
30,4,21,9,N,nb8,1505,0.47,-1.863,2,0
30,4,21,9,N,nb9,1505,1.174,1.865,2,1
30,4,21,9,N,nb10,1505,-0.569,1.612,2,1
30,4,21,9,N,nb11,1505,0.133,-1.866,1,0
30,4,21,9,N,nb12,1505,0.302,-1.867,2,0
30,4,21,9,N,nb13,1505,1.865,-0.813,2,1
30,4,21,9,N,nb14,1505,-1.492,-1.349,1,1
30,4,21,9,N,nb15,1505,1.857,0.018,1,1
30,4,21,9,N,nb16,1505,1.804,-1.098,1,1
30,4,21,9,N,nb17,1505,0.739,1.681,1,1
30,4,21,9,N,nb18,1505,-1.342,-1.793,1,1
30,4,21,9,N,nb19,1505,-1.504,-1.741,4,1
30,4,21,9,N,nb20,1505,-1.866,-0.634,1,1
30,4,21,9,N,nb21,1505,-0.695,1.142,0,0
30,4,21,9,N,nb22,1505,1.823,-0.307,2,1
30,4,21,9,N,nb23,1505,-1.566,-1.582,3,1
30,4,21,9,N,nb24,1505,1.271,0.669,0,0
30,4,21,9,N,nb25,1505,1.318,1.776,1,1
30,4,21,9,N,nb26,1505,1.06,1.74,2,1
30,4,21,9,N,nb27,1505,0.904,1.806,2,1
30,4,21,9,N,nb28,1505,1.821,-0.476,2,1
30,4,21,9,N,nb29,1505,-1.706,-1.866,2,1
30,4,21,9,A,aa0,1505,-1.866,0.725,0,0
30,4,21,9,A,aa1,1505,-1.743,1.099,0,0
30,4,21,9,A,aa2,1505,0.281,-1.331,3,1
30,4,21,9,A,aa3,1505,-1.465,1.157,0,0
30,4,21,9,A,aa4,1505,0.69,1.865,2,0
30,4,21,9,A,aa5,1505,-1.769,1.266,0,0
30,4,21,9,A,aa6,1505,1.866,-1.297,1,0
30,4,21,9,A,aa7,1505,1.865,0.611,1,0
30,4,21,9,A,aa8,1505,-1.189,-1.865,2,0
30,4,21,9,N,nb0,1510,0.696,-1.806,1,1
30,4,21,9,N,nb1,1510,-0.708,1.801,1,1
30,4,21,9,N,nb2,1510,1.844,-0.645,2,1
30,4,21,9,N,nb3,1510,1.75,-0.937,2,0
30,4,21,9,N,nb4,1510,-1.84,-0.467,1,1
30,4,21,9,N,nb5,1510,-1.701,-1.697,3,1
30,4,21,9,N,nb6,1510,-0.357,1.493,1,1
30,4,21,9,N,nb7,1510,1.797,-0.14,2,1
30,4,21,9,N,nb8,1510,0.453,-1.86,2,0
30,4,21,9,N,nb9,1510,1.174,1.865,2,1
30,4,21,9,N,nb10,1510,-0.569,1.612,2,1
30,4,21,9,N,nb11,1510,0.116,-1.866,1,0
30,4,21,9,N,nb12,1510,0.285,-1.867,2,0
30,4,21,9,N,nb13,1510,1.865,-0.813,2,0
30,4,21,9,N,nb14,1510,-1.492,-1.349,1,1
30,4,21,9,N,nb15,1510,1.857,0.018,1,1
30,4,21,9,N,nb16,1510,1.803,-1.098,1,0
30,4,21,9,N,nb17,1510,0.739,1.681,1,1
30,4,21,9,N,nb18,1510,-1.342,-1.793,1,1
30,4,21,9,N,nb19,1510,-1.504,-1.741,4,1
30,4,21,9,N,nb20,1510,-1.866,-0.634,1,1
30,4,21,9,N,nb21,1510,-0.767,1.211,0,0
30,4,21,9,N,nb22,1510,1.823,-0.307,2,1
30,4,21,9,N,nb23,1510,-1.566,-1.582,3,1
30,4,21,9,N,nb24,1510,1.321,0.756,0,0
30,4,21,9,N,nb25,1510,1.318,1.776,1,1
30,4,21,9,N,nb26,1510,1.06,1.74,2,1
30,4,21,9,N,nb27,1510,0.904,1.806,2,1
30,4,21,9,N,nb28,1510,1.821,-0.476,2,1
30,4,21,9,N,nb29,1510,-1.706,-1.866,2,1
30,4,21,9,A,aa0,1510,-1.866,0.771,0,0
30,4,21,9,A,aa1,1510,-1.682,1.124,0,0
30,4,21,9,A,aa2,1510,0.238,-1.421,1,0
30,4,21,9,A,aa3,1510,-1.391,1.224,0,0
30,4,21,9,A,aa4,1510,0.645,1.865,2,0
30,4,21,9,A,aa5,1510,-1.769,1.27,0,0
30,4,21,9,A,aa6,1510,1.866,-1.255,1,0
30,4,21,9,A,aa7,1510,1.859,0.519,1,0
30,4,21,9,A,aa8,1510,-1.189,-1.865,2,0
30,4,21,9,N,nb0,1515,0.696,-1.806,0,1
30,4,21,9,N,nb1,1515,-0.708,1.801,1,1
30,4,21,9,N,nb2,1515,1.844,-0.645,2,1
30,4,21,9,N,nb3,1515,1.75,-0.937,2,1
30,4,21,9,N,nb4,1515,-1.84,-0.467,1,1
30,4,21,9,N,nb5,1515,-1.701,-1.697,3,1
30,4,21,9,N,nb6,1515,-0.357,1.493,1,1
30,4,21,9,N,nb7,1515,1.797,-0.14,2,1
30,4,21,9,N,nb8,1515,0.428,-1.859,1,1
30,4,21,9,N,nb9,1515,1.174,1.865,2,1
30,4,21,9,N,nb10,1515,-0.569,1.612,2,1
30,4,21,9,N,nb11,1515,0.091,-1.866,1,1
30,4,21,9,N,nb12,1515,0.26,-1.867,2,1
30,4,21,9,N,nb13,1515,1.865,-0.813,2,1
30,4,21,9,N,nb14,1515,-1.492,-1.349,1,1
30,4,21,9,N,nb15,1515,1.857,0.018,1,1
30,4,21,9,N,nb16,1515,1.803,-1.098,1,1
30,4,21,9,N,nb17,1515,0.739,1.681,1,1
30,4,21,9,N,nb18,1515,-1.342,-1.793,1,1
30,4,21,9,N,nb19,1515,-1.504,-1.741,4,1
30,4,21,9,N,nb20,1515,-1.866,-0.634,1,1
30,4,21,9,N,nb21,1515,-0.84,1.28,0,0
30,4,21,9,N,nb22,1515,1.823,-0.307,2,1
30,4,21,9,N,nb23,1515,-1.566,-1.582,3,1
30,4,21,9,N,nb24,1515,1.37,0.842,0,0
30,4,21,9,N,nb25,1515,1.318,1.776,1,1
30,4,21,9,N,nb26,1515,1.06,1.74,2,1
30,4,21,9,N,nb27,1515,0.904,1.806,2,1
30,4,21,9,N,nb28,1515,1.821,-0.476,2,1
30,4,21,9,N,nb29,1515,-1.706,-1.866,2,1
30,4,21,9,A,aa0,1515,-1.866,0.83,0,0
30,4,21,9,A,aa1,1515,-1.605,1.17,0,0
30,4,21,9,A,aa2,1515,0.195,-1.511,1,0
30,4,21,9,A,aa3,1515,-1.317,1.291,0,0
30,4,21,9,A,aa4,1515,0.588,1.865,2,0
30,4,21,9,A,aa5,1515,-1.694,1.314,0,0
30,4,21,9,A,aa6,1515,1.866,-1.255,1,0
30,4,21,9,A,aa7,1515,1.842,0.427,1,0
30,4,21,9,A,aa8,1515,-1.189,-1.865,2,0
30,4,21,9,N,nb0,1520,0.681,-1.8,0,0
30,4,21,9,N,nb1,1520,-0.708,1.801,1,1
30,4,21,9,N,nb2,1520,1.844,-0.645,2,1
30,4,21,9,N,nb3,1520,1.75,-0.937,2,1
30,4,21,9,N,nb4,1520,-1.84,-0.467,1,1
30,4,21,9,N,nb5,1520,-1.701,-1.697,3,1
30,4,21,9,N,nb6,1520,-0.357,1.493,1,1
30,4,21,9,N,nb7,1520,1.797,-0.14,2,1
30,4,21,9,N,nb8,1520,0.425,-1.858,1,0
30,4,21,9,N,nb9,1520,1.174,1.865,2,1
30,4,21,9,N,nb10,1520,-0.569,1.612,2,1
30,4,21,9,N,nb11,1520,0.087,-1.866,1,0
30,4,21,9,N,nb12,1520,0.256,-1.867,2,0
30,4,21,9,N,nb13,1520,1.865,-0.813,2,1
30,4,21,9,N,nb14,1520,-1.492,-1.349,1,1
30,4,21,9,N,nb15,1520,1.857,0.018,1,1
30,4,21,9,N,nb16,1520,1.803,-1.098,1,1
30,4,21,9,N,nb17,1520,0.739,1.681,1,1
30,4,21,9,N,nb18,1520,-1.342,-1.793,1,1
30,4,21,9,N,nb19,1520,-1.504,-1.741,4,0
30,4,21,9,N,nb20,1520,-1.866,-0.634,1,1
30,4,21,9,N,nb21,1520,-0.912,1.349,0,0
30,4,21,9,N,nb22,1520,1.823,-0.307,2,1
30,4,21,9,N,nb23,1520,-1.566,-1.582,3,1
30,4,21,9,N,nb24,1520,1.42,0.929,0,0
30,4,21,9,N,nb25,1520,1.318,1.776,1,1
30,4,21,9,N,nb26,1520,1.06,1.74,2,1
30,4,21,9,N,nb27,1520,0.904,1.806,2,1
30,4,21,9,N,nb28,1520,1.821,-0.476,2,1
30,4,21,9,N,nb29,1520,-1.706,-1.866,2,1
30,4,21,9,A,aa0,1520,-1.866,0.9,0,0
30,4,21,9,A,aa1,1520,-1.523,1.213,0,0
30,4,21,9,A,aa2,1520,0.153,-1.602,0,0
30,4,21,9,A,aa3,1520,-1.314,1.293,0,0
30,4,21,9,A,aa4,1520,0.555,1.865,2,0
30,4,21,9,A,aa5,1520,-1.615,1.356,0,0
30,4,21,9,A,aa6,1520,1.866,-1.255,1,0
30,4,21,9,A,aa7,1520,1.817,0.337,1,0
30,4,21,9,A,aa8,1520,-1.189,-1.865,1,0
30,4,21,9,N,nb0,1525,0.597,-1.762,1,0
30,4,21,9,N,nb1,1525,-0.708,1.801,1,1
30,4,21,9,N,nb2,1525,1.844,-0.645,2,1
30,4,21,9,N,nb3,1525,1.75,-0.937,2,1
30,4,21,9,N,nb4,1525,-1.84,-0.467,1,1
30,4,21,9,N,nb5,1525,-1.701,-1.697,3,1
30,4,21,9,N,nb6,1525,-0.357,1.493,1,1
30,4,21,9,N,nb7,1525,1.797,-0.14,2,1
30,4,21,9,N,nb8,1525,0.392,-1.857,2,0
30,4,21,9,N,nb9,1525,1.174,1.865,2,1
30,4,21,9,N,nb10,1525,-0.569,1.612,2,1
30,4,21,9,N,nb11,1525,0.054,-1.866,1,0
30,4,21,9,N,nb12,1525,0.224,-1.866,2,0
30,4,21,9,N,nb13,1525,1.865,-0.813,2,1
30,4,21,9,N,nb14,1525,-1.492,-1.349,1,1
30,4,21,9,N,nb15,1525,1.857,0.018,1,0
30,4,21,9,N,nb16,1525,1.803,-1.098,1,1
30,4,21,9,N,nb17,1525,0.739,1.681,1,1
30,4,21,9,N,nb18,1525,-1.342,-1.793,1,1
30,4,21,9,N,nb19,1525,-1.504,-1.741,4,1
30,4,21,9,N,nb20,1525,-1.866,-0.634,1,1
30,4,21,9,N,nb21,1525,-0.985,1.418,0,0
30,4,21,9,N,nb22,1525,1.823,-0.307,2,1
30,4,21,9,N,nb23,1525,-1.566,-1.582,3,1
30,4,21,9,N,nb24,1525,1.469,1.016,0,0
30,4,21,9,N,nb25,1525,1.318,1.776,1,1
30,4,21,9,N,nb26,1525,1.06,1.74,2,1
30,4,21,9,N,nb27,1525,0.904,1.806,2,1
30,4,21,9,N,nb28,1525,1.821,-0.476,2,1
30,4,21,9,N,nb29,1525,-1.706,-1.866,2,1
30,4,21,9,A,aa0,1525,-1.866,0.978,0,0
30,4,21,9,A,aa1,1525,-1.449,1.246,0,0
30,4,21,9,A,aa2,1525,0.111,-1.681,0,0
30,4,21,9,A,aa3,1525,-1.312,1.346,0,0
30,4,21,9,A,aa4,1525,0.517,1.865,2,0
30,4,21,9,A,aa5,1525,-1.533,1.397,0,0
30,4,21,9,A,aa6,1525,1.866,-1.255,1,0
30,4,21,9,A,aa7,1525,1.783,0.25,1,0
30,4,21,9,A,aa8,1525,-1.189,-1.865,2,0
30,4,21,9,N,nb0,1530,0.533,-1.724,1,1
30,4,21,9,N,nb1,1530,-0.708,1.801,1,1
30,4,21,9,N,nb2,1530,1.844,-0.645,2,1
30,4,21,9,N,nb3,1530,1.75,-0.937,2,1
30,4,21,9,N,nb4,1530,-1.84,-0.467,1,1
30,4,21,9,N,nb5,1530,-1.701,-1.697,3,1
30,4,21,9,N,nb6,1530,-0.357,1.493,1,1
30,4,21,9,N,nb7,1530,1.797,-0.14,2,1
30,4,21,9,N,nb8,1530,0.366,-1.853,2,1
30,4,21,9,N,nb9,1530,1.174,1.865,2,1
30,4,21,9,N,nb10,1530,-0.569,1.612,2,1
30,4,21,9,N,nb11,1530,0.01,-1.866,1,1
30,4,21,9,N,nb12,1530,0.198,-1.862,2,1
30,4,21,9,N,nb13,1530,1.865,-0.813,2,1
30,4,21,9,N,nb14,1530,-1.492,-1.349,1,1
30,4,21,9,N,nb15,1530,1.857,0.018,1,1
30,4,21,9,N,nb16,1530,1.803,-1.098,1,1
30,4,21,9,N,nb17,1530,0.739,1.681,1,1
30,4,21,9,N,nb18,1530,-1.342,-1.793,1,1
30,4,21,9,N,nb19,1530,-1.504,-1.741,4,1
30,4,21,9,N,nb20,1530,-1.866,-0.634,1,1
30,4,21,9,N,nb21,1530,-1.057,1.487,0,0
30,4,21,9,N,nb22,1530,1.823,-0.307,2,1
30,4,21,9,N,nb23,1530,-1.566,-1.582,3,1
30,4,21,9,N,nb24,1530,1.519,1.103,0,0
30,4,21,9,N,nb25,1530,1.318,1.776,1,1
30,4,21,9,N,nb26,1530,1.06,1.74,2,1
30,4,21,9,N,nb27,1530,0.904,1.806,2,1
30,4,21,9,N,nb28,1530,1.821,-0.476,2,1
30,4,21,9,N,nb29,1530,-1.706,-1.866,2,1
30,4,21,9,A,aa0,1530,-1.866,1.063,0,0
30,4,21,9,A,aa1,1530,-1.401,1.259,0,0
30,4,21,9,A,aa2,1530,0.076,-1.71,0,0
30,4,21,9,A,aa3,1530,-1.302,1.435,0,0
30,4,21,9,A,aa4,1530,0.517,1.865,2,0
30,4,21,9,A,aa5,1530,-1.47,1.453,0,0
30,4,21,9,A,aa6,1530,1.866,-1.255,1,0
30,4,21,9,A,aa7,1530,1.743,0.169,2,0
30,4,21,9,A,aa8,1530,-1.189,-1.865,2,0
30,4,21,9,N,nb0,1535,0.506,-1.704,1,0
30,4,21,9,N,nb1,1535,-0.708,1.801,1,1
30,4,21,9,N,nb2,1535,1.844,-0.645,2,1
30,4,21,9,N,nb3,1535,1.75,-0.937,2,1
30,4,21,9,N,nb4,1535,-1.84,-0.467,1,1
30,4,21,9,N,nb5,1535,-1.701,-1.697,3,1
30,4,21,9,N,nb6,1535,-0.357,1.493,1,1
30,4,21,9,N,nb7,1535,1.797,-0.14,2,1
30,4,21,9,N,nb8,1535,0.366,-1.853,2,1
30,4,21,9,N,nb9,1535,1.174,1.865,2,1
30,4,21,9,N,nb10,1535,-0.569,1.612,2,1
30,4,21,9,N,nb11,1535,-0.015,-1.866,1,0
30,4,21,9,N,nb12,1535,0.198,-1.865,2,0
30,4,21,9,N,nb13,1535,1.865,-0.813,2,1
30,4,21,9,N,nb14,1535,-1.492,-1.349,1,1
30,4,21,9,N,nb15,1535,1.857,0.018,1,1
30,4,21,9,N,nb16,1535,1.803,-1.098,1,1
30,4,21,9,N,nb17,1535,0.739,1.681,1,1
30,4,21,9,N,nb18,1535,-1.342,-1.793,1,1
30,4,21,9,N,nb19,1535,-1.504,-1.741,4,1
30,4,21,9,N,nb20,1535,-1.866,-0.634,1,1
30,4,21,9,N,nb21,1535,-1.109,1.556,0,0
30,4,21,9,N,nb22,1535,1.823,-0.307,2,1
30,4,21,9,N,nb23,1535,-1.566,-1.582,3,1
30,4,21,9,N,nb24,1535,1.568,1.19,0,0
30,4,21,9,N,nb25,1535,1.318,1.776,1,1
30,4,21,9,N,nb26,1535,1.06,1.74,2,1
30,4,21,9,N,nb27,1535,0.904,1.806,2,1
30,4,21,9,N,nb28,1535,1.821,-0.476,2,1
30,4,21,9,N,nb29,1535,-1.706,-1.866,2,1
30,4,21,9,A,aa0,1535,-1.866,1.151,0,0
30,4,21,9,A,aa1,1535,-1.364,1.293,0,0
30,4,21,9,A,aa2,1535,0.063,-1.716,0,0
30,4,21,9,A,aa3,1535,-1.272,1.514,0,0
30,4,21,9,A,aa4,1535,0.466,1.786,2,0
30,4,21,9,A,aa5,1535,-1.441,1.524,0,0
30,4,21,9,A,aa6,1535,1.866,-1.255,1,0
30,4,21,9,A,aa7,1535,1.69,0.094,2,0
30,4,21,9,A,aa8,1535,-1.189,-1.865,2,0
30,4,21,9,N,nb0,1540,0.436,-1.644,1,0
30,4,21,9,N,nb1,1540,-0.708,1.801,1,1
30,4,21,9,N,nb2,1540,1.844,-0.645,2,1
30,4,21,9,N,nb3,1540,1.75,-0.937,2,1
30,4,21,9,N,nb4,1540,-1.84,-0.467,1,1
30,4,21,9,N,nb5,1540,-1.701,-1.697,3,1
30,4,21,9,N,nb6,1540,-0.357,1.493,1,1
30,4,21,9,N,nb7,1540,1.797,-0.14,2,1
30,4,21,9,N,nb8,1540,0.382,-1.844,2,1
30,4,21,9,N,nb9,1540,1.174,1.865,2,1
30,4,21,9,N,nb10,1540,-0.569,1.612,2,1
30,4,21,9,N,nb11,1540,-0.095,-1.866,0,0
30,4,21,9,N,nb12,1540,0.214,-1.865,1,0
30,4,21,9,N,nb13,1540,1.865,-0.813,2,1
30,4,21,9,N,nb14,1540,-1.492,-1.349,1,1
30,4,21,9,N,nb15,1540,1.857,0.018,1,1
30,4,21,9,N,nb16,1540,1.803,-1.098,1,1
30,4,21,9,N,nb17,1540,0.739,1.681,1,1
30,4,21,9,N,nb18,1540,-1.342,-1.793,1,1
30,4,21,9,N,nb19,1540,-1.504,-1.741,4,1
30,4,21,9,N,nb20,1540,-1.866,-0.634,1,1
30,4,21,9,N,nb21,1540,-1.097,1.62,0,0
30,4,21,9,N,nb22,1540,1.823,-0.307,2,1
30,4,21,9,N,nb23,1540,-1.566,-1.582,3,1
30,4,21,9,N,nb24,1540,1.617,1.277,0,0
30,4,21,9,N,nb25,1540,1.318,1.776,1,1
30,4,21,9,N,nb26,1540,1.06,1.74,2,1
30,4,21,9,N,nb27,1540,0.904,1.806,2,1
30,4,21,9,N,nb28,1540,1.821,-0.476,2,1
30,4,21,9,N,nb29,1540,-1.706,-1.866,2,1
30,4,21,9,A,aa0,1540,-1.866,1.243,0,0
30,4,21,9,A,aa1,1540,-1.291,1.343,0,0
30,4,21,9,A,aa2,1540,0.005,-1.729,0,0
30,4,21,9,A,aa3,1540,-1.265,1.602,0,0
30,4,21,9,A,aa4,1540,0.415,1.702,2,0
30,4,21,9,A,aa5,1540,-1.433,1.612,0,0
30,4,21,9,A,aa6,1540,1.866,-1.255,1,0
30,4,21,9,A,aa7,1540,1.629,0.024,2,0
30,4,21,9,A,aa8,1540,-1.189,-1.865,2,0
30,4,21,9,N,nb0,1545,0.393,-1.601,1,1
30,4,21,9,N,nb1,1545,-0.708,1.801,1,1
30,4,21,9,N,nb2,1545,1.844,-0.645,2,1
30,4,21,9,N,nb3,1545,1.75,-0.937,2,1
30,4,21,9,N,nb4,1545,-1.84,-0.467,1,0
30,4,21,9,N,nb5,1545,-1.701,-1.697,3,1
30,4,21,9,N,nb6,1545,-0.357,1.493,1,1
30,4,21,9,N,nb7,1545,1.797,-0.14,2,0
30,4,21,9,N,nb8,1545,0.401,-1.835,2,1
30,4,21,9,N,nb9,1545,1.174,1.865,2,1
30,4,21,9,N,nb10,1545,-0.569,1.612,2,1
30,4,21,9,N,nb11,1545,-0.186,-1.866,0,0
30,4,21,9,N,nb12,1545,0.235,-1.865,1,1
30,4,21,9,N,nb13,1545,1.865,-0.813,2,1
30,4,21,9,N,nb14,1545,-1.492,-1.349,1,1
30,4,21,9,N,nb15,1545,1.857,0.018,1,0
30,4,21,9,N,nb16,1545,1.803,-1.098,1,1
30,4,21,9,N,nb17,1545,0.739,1.681,1,1
30,4,21,9,N,nb18,1545,-1.342,-1.793,1,1
30,4,21,9,N,nb19,1545,-1.504,-1.741,4,1
30,4,21,9,N,nb20,1545,-1.866,-0.634,1,0
30,4,21,9,N,nb21,1545,-1.073,1.686,0,0
30,4,21,9,N,nb22,1545,1.823,-0.307,2,0
30,4,21,9,N,nb23,1545,-1.566,-1.582,3,0
30,4,21,9,N,nb24,1545,1.667,1.364,0,0
30,4,21,9,N,nb25,1545,1.318,1.776,1,1
30,4,21,9,N,nb26,1545,1.06,1.74,2,1
30,4,21,9,N,nb27,1545,0.904,1.806,2,1
30,4,21,9,N,nb28,1545,1.821,-0.476,2,0
30,4,21,9,N,nb29,1545,-1.706,-1.866,2,1
30,4,21,9,A,aa0,1545,-1.861,1.335,0,0
30,4,21,9,A,aa1,1545,-1.205,1.388,0,0
30,4,21,9,A,aa2,1545,-0.066,-1.746,2,0
30,4,21,9,A,aa3,1545,-1.242,1.691,0,0
30,4,21,9,A,aa4,1545,0.364,1.616,1,0
30,4,21,9,A,aa5,1545,-1.411,1.698,0,0
30,4,21,9,A,aa6,1545,1.862,-1.257,1,0
30,4,21,9,A,aa7,1545,1.561,-0.041,4,1
30,4,21,9,A,aa8,1545,-1.186,-1.859,2,0
30,4,21,9,N,nb0,1550,0.393,-1.601,1,1
30,4,21,9,N,nb1,1550,-0.708,1.801,1,1
30,4,21,9,N,nb2,1550,1.844,-0.645,2,1
30,4,21,9,N,nb3,1550,1.75,-0.937,2,1
30,4,21,9,N,nb4,1550,-1.84,-0.467,1,1
30,4,21,9,N,nb5,1550,-1.701,-1.697,3,1
30,4,21,9,N,nb6,1550,-0.357,1.493,1,1
30,4,21,9,N,nb7,1550,1.817,-0.099,2,0
30,4,21,9,N,nb8,1550,0.401,-1.835,2,1
30,4,21,9,N,nb9,1550,1.174,1.865,2,1
30,4,21,9,N,nb10,1550,-0.569,1.612,2,1
30,4,21,9,N,nb11,1550,-0.284,-1.866,0,0
30,4,21,9,N,nb12,1550,0.235,-1.865,1,1
30,4,21,9,N,nb13,1550,1.865,-0.813,2,1
30,4,21,9,N,nb14,1550,-1.492,-1.349,1,1
30,4,21,9,N,nb15,1550,1.865,0.062,1,0
30,4,21,9,N,nb16,1550,1.803,-1.098,1,1
30,4,21,9,N,nb17,1550,0.739,1.681,1,1
30,4,21,9,N,nb18,1550,-1.342,-1.793,1,1
30,4,21,9,N,nb19,1550,-1.504,-1.741,4,1
30,4,21,9,N,nb20,1550,-1.866,-0.634,1,1
30,4,21,9,N,nb21,1550,-1.046,1.764,0,0
30,4,21,9,N,nb22,1550,1.865,-0.261,2,0
30,4,21,9,N,nb23,1550,-1.566,-1.582,3,1
30,4,21,9,N,nb24,1550,1.716,1.451,0,0
30,4,21,9,N,nb25,1550,1.318,1.776,1,1
30,4,21,9,N,nb26,1550,1.06,1.74,2,1
30,4,21,9,N,nb27,1550,0.904,1.806,2,1
30,4,21,9,N,nb28,1550,1.845,-0.429,2,0
30,4,21,9,N,nb29,1550,-1.706,-1.866,2,1
30,4,21,9,A,aa0,1550,-1.846,1.426,0,0
30,4,21,9,A,aa1,1550,-1.116,1.434,2,0
30,4,21,9,A,aa2,1550,-0.151,-1.761,2,0
30,4,21,9,A,aa3,1550,-1.215,1.779,0,0
30,4,21,9,A,aa4,1550,0.313,1.529,1,0
30,4,21,9,A,aa5,1550,-1.384,1.781,0,0
30,4,21,9,A,aa6,1550,1.841,-1.263,1,0
30,4,21,9,A,aa7,1550,1.515,-0.08,0,0
30,4,21,9,A,aa8,1550,-1.179,-1.836,1,0
30,4,21,9,N,nb0,1555,0.393,-1.601,1,1
30,4,21,9,N,nb1,1555,-0.708,1.801,1,1
30,4,21,9,N,nb2,1555,1.844,-0.645,1,1
30,4,21,9,N,nb3,1555,1.75,-0.937,2,1
30,4,21,9,N,nb4,1555,-1.84,-0.467,1,1
30,4,21,9,N,nb5,1555,-1.701,-1.697,3,1
30,4,21,9,N,nb6,1555,-0.357,1.493,1,1
30,4,21,9,N,nb7,1555,1.799,-0.051,2,0
30,4,21,9,N,nb8,1555,0.401,-1.835,2,1
30,4,21,9,N,nb9,1555,1.174,1.865,2,1
30,4,21,9,N,nb10,1555,-0.569,1.612,2,1
30,4,21,9,N,nb11,1555,-0.372,-1.866,0,0
30,4,21,9,N,nb12,1555,0.235,-1.865,1,1
30,4,21,9,N,nb13,1555,1.865,-0.813,2,1
30,4,21,9,N,nb14,1555,-1.492,-1.349,1,1
30,4,21,9,N,nb15,1555,1.848,0.11,1,0
30,4,21,9,N,nb16,1555,1.803,-1.098,1,1
30,4,21,9,N,nb17,1555,0.739,1.681,1,1
30,4,21,9,N,nb18,1555,-1.342,-1.793,1,1
30,4,21,9,N,nb19,1555,-1.504,-1.741,4,1
30,4,21,9,N,nb20,1555,-1.866,-0.634,1,1
30,4,21,9,N,nb21,1555,-1.022,1.825,0,0
30,4,21,9,N,nb22,1555,1.866,-0.206,2,0
30,4,21,9,N,nb23,1555,-1.566,-1.582,3,1
30,4,21,9,N,nb24,1555,1.766,1.538,0,0
30,4,21,9,N,nb25,1555,1.318,1.776,1,1
30,4,21,9,N,nb26,1555,1.06,1.74,2,1
30,4,21,9,N,nb27,1555,0.904,1.806,2,1
30,4,21,9,N,nb28,1555,1.865,-0.376,1,0
30,4,21,9,N,nb29,1555,-1.706,-1.866,2,1
30,4,21,9,A,aa0,1555,-1.822,1.517,0,0
30,4,21,9,A,aa1,1555,-1.026,1.479,2,0
30,4,21,9,A,aa2,1555,-0.238,-1.762,1,0
30,4,21,9,A,aa3,1555,-1.187,1.863,0,0
30,4,21,9,A,aa4,1555,0.262,1.443,1,0
30,4,21,9,A,aa5,1555,-1.362,1.866,0,0
30,4,21,9,A,aa6,1555,1.793,-1.267,1,0
30,4,21,9,A,aa7,1555,1.496,-0.134,0,0
30,4,21,9,A,aa8,1555,-1.173,-1.783,3,1
30,4,21,9,N,nb0,1560,0.393,-1.601,1,1
30,4,21,9,N,nb1,1560,-0.708,1.801,1,0
30,4,21,9,N,nb2,1560,1.844,-0.645,1,0
30,4,21,9,N,nb3,1560,1.75,-0.937,2,1
30,4,21,9,N,nb4,1560,-1.84,-0.467,1,1
30,4,21,9,N,nb5,1560,-1.701,-1.697,3,1
30,4,21,9,N,nb6,1560,-0.357,1.493,1,0
30,4,21,9,N,nb7,1560,1.793,-0.04,2,0
30,4,21,9,N,nb8,1560,0.401,-1.835,2,1
30,4,21,9,N,nb9,1560,1.174,1.865,2,1
30,4,21,9,N,nb10,1560,-0.569,1.612,2,0
30,4,21,9,N,nb11,1560,-0.454,-1.866,0,0
30,4,21,9,N,nb12,1560,0.235,-1.865,1,1
30,4,21,9,N,nb13,1560,1.865,-0.813,2,1
30,4,21,9,N,nb14,1560,-1.543,-1.356,1,0
30,4,21,9,N,nb15,1560,1.841,0.122,1,0
30,4,21,9,N,nb16,1560,1.803,-1.098,1,1
30,4,21,9,N,nb17,1560,0.739,1.681,1,1
30,4,21,9,N,nb18,1560,-1.313,-1.826,1,0
30,4,21,9,N,nb19,1560,-1.49,-1.755,4,1
30,4,21,9,N,nb20,1560,-1.866,-0.634,1,1
30,4,21,9,N,nb21,1560,-1.012,1.866,0,0
30,4,21,9,N,nb22,1560,1.865,-0.192,2,0
30,4,21,9,N,nb23,1560,-1.537,-1.592,3,0
30,4,21,9,N,nb24,1560,1.809,1.619,0,0
30,4,21,9,N,nb25,1560,1.318,1.776,1,1
30,4,21,9,N,nb26,1560,1.06,1.74,2,1
30,4,21,9,N,nb27,1560,0.904,1.806,2,1
30,4,21,9,N,nb28,1560,1.865,-0.362,1,0
30,4,21,9,N,nb29,1560,-1.706,-1.866,2,1
30,4,21,9,A,aa0,1560,-1.79,1.605,0,0
30,4,21,9,A,aa1,1560,-0.937,1.525,3,1
30,4,21,9,A,aa2,1560,-0.325,-1.748,1,0
30,4,21,9,A,aa3,1560,-1.181,1.866,0,0
30,4,21,9,A,aa4,1560,0.25,1.423,1,0
30,4,21,9,A,aa5,1560,-1.356,1.866,0,0
30,4,21,9,A,aa6,1560,1.711,-1.245,1,0
30,4,21,9,A,aa7,1560,1.464,-0.228,4,1
30,4,21,9,A,aa8,1560,-1.193,-1.698,1,0
30,4,21,9,N,nb0,1565,0.393,-1.601,1,1
30,4,21,9,N,nb1,1565,-0.644,1.773,1,0
30,4,21,9,N,nb2,1565,1.822,-0.574,1,0
30,4,21,9,N,nb3,1565,1.75,-0.937,2,1
30,4,21,9,N,nb4,1565,-1.84,-0.467,1,1
30,4,21,9,N,nb5,1565,-1.701,-1.697,3,1
30,4,21,9,N,nb6,1565,-0.376,1.527,1,0
30,4,21,9,N,nb7,1565,1.769,0.01,2,0
30,4,21,9,N,nb8,1565,0.401,-1.835,2,1
30,4,21,9,N,nb9,1565,1.174,1.865,2,1
30,4,21,9,N,nb10,1565,-0.528,1.6,2,0
30,4,21,9,N,nb11,1565,-0.538,-1.866,0,0
30,4,21,9,N,nb12,1565,0.235,-1.865,1,1
30,4,21,9,N,nb13,1565,1.865,-0.813,2,1
30,4,21,9,N,nb14,1565,-1.637,-1.36,0,0
30,4,21,9,N,nb15,1565,1.815,0.172,1,0
30,4,21,9,N,nb16,1565,1.803,-1.098,1,1
30,4,21,9,N,nb17,1565,0.739,1.681,1,1
30,4,21,9,N,nb18,1565,-1.246,-1.866,1,0
30,4,21,9,N,nb19,1565,-1.475,-1.776,4,1
30,4,21,9,N,nb20,1565,-1.866,-0.634,1,1
30,4,21,9,N,nb21,1565,-0.98,1.866,0,0
30,4,21,9,N,nb22,1565,1.865,-0.129,2,0
30,4,21,9,N,nb23,1565,-1.469,-1.607,2,0
30,4,21,9,N,nb24,1565,1.84,1.704,0,0
30,4,21,9,N,nb25,1565,1.318,1.776,1,1
30,4,21,9,N,nb26,1565,1.06,1.74,2,1
30,4,21,9,N,nb27,1565,0.904,1.806,2,1
30,4,21,9,N,nb28,1565,1.864,-0.299,1,0
30,4,21,9,N,nb29,1565,-1.706,-1.866,2,1
30,4,21,9,A,aa0,1565,-1.781,1.625,0,0
30,4,21,9,A,aa1,1565,-0.848,1.57,0,0
30,4,21,9,A,aa2,1565,-0.411,-1.72,0,0
30,4,21,9,A,aa3,1565,-1.149,1.866,0,0
30,4,21,9,A,aa4,1565,0.26,1.41,1,0
30,4,21,9,A,aa5,1565,-1.357,1.866,0,0
30,4,21,9,A,aa6,1565,1.62,-1.219,2,0
30,4,21,9,A,aa7,1565,1.432,-0.323,0,0
30,4,21,9,A,aa8,1565,-1.214,-1.604,1,0
30,4,21,9,N,nb0,1570,0.393,-1.601,1,1
30,4,21,9,N,nb1,1570,-0.566,1.739,1,0
30,4,21,9,N,nb2,1570,1.789,-0.485,0,0
30,4,21,9,N,nb3,1570,1.75,-0.937,2,1
30,4,21,9,N,nb4,1570,-1.84,-0.467,1,1
30,4,21,9,N,nb5,1570,-1.701,-1.697,2,1
30,4,21,9,N,nb6,1570,-0.338,1.51,1,0
30,4,21,9,N,nb7,1570,1.751,0.074,2,1
30,4,21,9,N,nb8,1570,0.401,-1.835,2,1
30,4,21,9,N,nb9,1570,1.174,1.865,2,1
30,4,21,9,N,nb10,1570,-0.489,1.585,2,0
30,4,21,9,N,nb11,1570,-0.625,-1.866,0,0
30,4,21,9,N,nb12,1570,0.235,-1.865,1,1
30,4,21,9,N,nb13,1570,1.865,-0.813,1,1
30,4,21,9,N,nb14,1570,-1.737,-1.36,0,0
30,4,21,9,N,nb15,1570,1.795,0.237,1,1
30,4,21,9,N,nb16,1570,1.803,-1.098,1,1
30,4,21,9,N,nb17,1570,0.739,1.681,1,1
30,4,21,9,N,nb18,1570,-1.174,-1.866,0,0
30,4,21,9,N,nb19,1570,-1.474,-1.78,3,1
30,4,21,9,N,nb20,1570,-1.866,-0.634,1,1
30,4,21,9,N,nb21,1570,-0.932,1.866,0,0
30,4,21,9,N,nb22,1570,1.865,-0.05,2,1
30,4,21,9,N,nb23,1570,-1.433,-1.616,1,1
30,4,21,9,N,nb24,1570,1.859,1.793,0,0
30,4,21,9,N,nb25,1570,1.318,1.776,1,1
30,4,21,9,N,nb26,1570,1.06,1.74,2,1
30,4,21,9,N,nb27,1570,0.904,1.806,2,1
30,4,21,9,N,nb28,1570,1.846,-0.219,1,1
30,4,21,9,N,nb29,1570,-1.706,-1.866,2,1
30,4,21,9,A,aa0,1570,-1.79,1.713,0,0
30,4,21,9,A,aa1,1570,-0.766,1.61,0,0
30,4,21,9,A,aa2,1570,-0.492,-1.68,0,0
30,4,21,9,A,aa3,1570,-1.102,1.866,0,0
30,4,21,9,A,aa4,1570,0.317,1.327,1,0
30,4,21,9,A,aa5,1570,-1.363,1.866,0,0
30,4,21,9,A,aa6,1570,1.525,-1.2,2,0
30,4,21,9,A,aa7,1570,1.399,-0.417,0,0
30,4,21,9,A,aa8,1570,-1.228,-1.512,1,0
30,4,21,9,N,nb0,1575,0.393,-1.601,1,1
30,4,21,9,N,nb1,1575,-0.546,1.733,1,1
30,4,21,9,N,nb2,1575,1.773,-0.448,1,0
30,4,21,9,N,nb3,1575,1.75,-0.937,2,0
30,4,21,9,N,nb4,1575,-1.84,-0.467,1,1
30,4,21,9,N,nb5,1575,-1.701,-1.697,2,1
30,4,21,9,N,nb6,1575,-0.322,1.501,1,1
30,4,21,9,N,nb7,1575,1.75,0.076,2,1
30,4,21,9,N,nb8,1575,0.401,-1.835,2,1
30,4,21,9,N,nb9,1575,1.174,1.865,2,1
30,4,21,9,N,nb10,1575,-0.475,1.573,2,1
30,4,21,9,N,nb11,1575,-0.714,-1.866,0,0
30,4,21,9,N,nb12,1575,0.235,-1.865,1,1
30,4,21,9,N,nb13,1575,1.865,-0.813,1,0
30,4,21,9,N,nb14,1575,-1.828,-1.362,0,0
30,4,21,9,N,nb15,1575,1.794,0.239,1,1
30,4,21,9,N,nb16,1575,1.803,-1.098,1,1
30,4,21,9,N,nb17,1575,0.739,1.681,1,1
30,4,21,9,N,nb18,1575,-1.095,-1.866,0,0
30,4,21,9,N,nb19,1575,-1.474,-1.78,3,1
30,4,21,9,N,nb20,1575,-1.866,-0.634,1,1
30,4,21,9,N,nb21,1575,-0.871,1.866,0,0
30,4,21,9,N,nb22,1575,1.865,-0.047,2,1
30,4,21,9,N,nb23,1575,-1.433,-1.616,1,1
30,4,21,9,N,nb24,1575,1.865,1.866,0,0
30,4,21,9,N,nb25,1575,1.318,1.776,1,1
30,4,21,9,N,nb26,1575,1.06,1.74,2,1
30,4,21,9,N,nb27,1575,0.904,1.806,2,1
30,4,21,9,N,nb28,1575,1.845,-0.216,2,0
30,4,21,9,N,nb29,1575,-1.706,-1.866,2,1
30,4,21,9,A,aa0,1575,-1.789,1.804,0,0
30,4,21,9,A,aa1,1575,-0.684,1.634,2,0
30,4,21,9,A,aa2,1575,-0.569,-1.629,0,0
30,4,21,9,A,aa3,1575,-1.04,1.866,0,0
30,4,21,9,A,aa4,1575,0.374,1.245,0,0
30,4,21,9,A,aa5,1575,-1.377,1.866,0,0
30,4,21,9,A,aa6,1575,1.427,-1.182,2,0
30,4,21,9,A,aa7,1575,1.367,-0.512,4,1
30,4,21,9,A,aa8,1575,-1.234,-1.418,1,0
30,4,21,9,N,nb0,1580,0.393,-1.601,1,1
30,4,21,9,N,nb1,1580,-0.507,1.74,1,1
30,4,21,9,N,nb2,1580,1.732,-0.372,1,0
30,4,21,9,N,nb3,1580,1.7,-0.862,1,0
30,4,21,9,N,nb4,1580,-1.84,-0.467,1,1
30,4,21,9,N,nb5,1580,-1.701,-1.697,2,0
30,4,21,9,N,nb6,1580,-0.322,1.501,1,1
30,4,21,9,N,nb7,1580,1.75,0.076,2,1
30,4,21,9,N,nb8,1580,0.401,-1.835,2,1
30,4,21,9,N,nb9,1580,1.174,1.865,2,1
30,4,21,9,N,nb10,1580,-0.475,1.573,2,1
30,4,21,9,N,nb11,1580,-0.791,-1.866,1,1
30,4,21,9,N,nb12,1580,0.235,-1.865,1,1
30,4,21,9,N,nb13,1580,1.824,-0.727,1,0
30,4,21,9,N,nb14,1580,-1.866,-1.376,0,0
30,4,21,9,N,nb15,1580,1.794,0.239,1,1
30,4,21,9,N,nb16,1580,1.803,-1.098,0,1
30,4,21,9,N,nb17,1580,0.739,1.681,1,1
30,4,21,9,N,nb18,1580,-1.024,-1.866,1,1
30,4,21,9,N,nb19,1580,-1.474,-1.78,3,1
30,4,21,9,N,nb20,1580,-1.866,-0.634,1,1
30,4,21,9,N,nb21,1580,-0.798,1.866,0,0
30,4,21,9,N,nb22,1580,1.865,-0.047,2,1
30,4,21,9,N,nb23,1580,-1.433,-1.616,1,1
30,4,21,9,N,nb24,1580,1.864,1.866,0,0
30,4,21,9,N,nb25,1580,1.318,1.776,1,1
30,4,21,9,N,nb26,1580,1.06,1.74,2,1
30,4,21,9,N,nb27,1580,0.904,1.806,2,1
30,4,21,9,N,nb28,1580,1.84,-0.215,2,0
30,4,21,9,N,nb29,1580,-1.706,-1.866,2,0
30,4,21,9,A,aa0,1580,-1.782,1.859,0,0
30,4,21,9,A,aa1,1580,-0.638,1.632,2,0
30,4,21,9,A,aa2,1580,-0.649,-1.569,0,0
30,4,21,9,A,aa3,1580,-0.967,1.866,0,0
30,4,21,9,A,aa4,1580,0.431,1.163,0,0
30,4,21,9,A,aa5,1580,-1.464,1.866,0,0
30,4,21,9,A,aa6,1580,1.328,-1.164,1,0
30,4,21,9,A,aa7,1580,1.334,-0.607,0,0
30,4,21,9,A,aa8,1580,-1.235,-1.318,1,0
30,4,21,9,N,nb0,1585,0.393,-1.601,1,1
30,4,21,9,N,nb1,1585,-0.504,1.741,2,1
30,4,21,9,N,nb2,1585,1.678,-0.299,1,1
30,4,21,9,N,nb3,1585,1.641,-0.792,1,1
30,4,21,9,N,nb4,1585,-1.84,-0.467,1,1
30,4,21,9,N,nb5,1585,-1.701,-1.697,2,1
30,4,21,9,N,nb6,1585,-0.322,1.501,1,1
30,4,21,9,N,nb7,1585,1.75,0.076,2,1
30,4,21,9,N,nb8,1585,0.401,-1.835,2,1
30,4,21,9,N,nb9,1585,1.174,1.865,2,1
30,4,21,9,N,nb10,1585,-0.475,1.573,2,1
30,4,21,9,N,nb11,1585,-0.791,-1.866,1,1
30,4,21,9,N,nb12,1585,0.235,-1.865,1,1
30,4,21,9,N,nb13,1585,1.784,-0.638,1,1
30,4,21,9,N,nb14,1585,-1.866,-1.405,0,0
30,4,21,9,N,nb15,1585,1.794,0.239,1,1
30,4,21,9,N,nb16,1585,1.803,-1.098,0,1
30,4,21,9,N,nb17,1585,0.739,1.681,1,1
30,4,21,9,N,nb18,1585,-1.024,-1.866,1,1
30,4,21,9,N,nb19,1585,-1.474,-1.78,3,1
30,4,21,9,N,nb20,1585,-1.866,-0.634,1,1
30,4,21,9,N,nb21,1585,-0.714,1.866,1,1
30,4,21,9,N,nb22,1585,1.865,-0.047,2,1
30,4,21,9,N,nb23,1585,-1.433,-1.616,1,1
30,4,21,9,N,nb24,1585,1.851,1.866,0,0
30,4,21,9,N,nb25,1585,1.318,1.776,1,1
30,4,21,9,N,nb26,1585,1.06,1.74,2,1
30,4,21,9,N,nb27,1585,0.904,1.806,2,1
30,4,21,9,N,nb28,1585,1.824,-0.212,2,1
30,4,21,9,N,nb29,1585,-1.706,-1.866,2,1
30,4,21,9,A,aa0,1585,-1.782,1.859,0,0
30,4,21,9,A,aa1,1585,-0.634,1.632,2,0
30,4,21,9,A,aa2,1585,-0.729,-1.508,2,0
30,4,21,9,A,aa3,1585,-0.884,1.866,0,0
30,4,21,9,A,aa4,1585,0.488,1.081,0,0
30,4,21,9,A,aa5,1585,-1.555,1.866,0,0
30,4,21,9,A,aa6,1585,1.23,-1.145,1,0
30,4,21,9,A,aa7,1585,1.302,-0.701,0,0
30,4,21,9,A,aa8,1585,-1.236,-1.218,1,0
30,4,21,9,N,nb0,1590,0.393,-1.601,1,1
30,4,21,9,N,nb1,1590,-0.488,1.737,2,0
30,4,21,9,N,nb2,1590,1.676,-0.297,1,1
30,4,21,9,N,nb3,1590,1.628,-0.778,1,0
30,4,21,9,N,nb4,1590,-1.84,-0.467,1,1
30,4,21,9,N,nb5,1590,-1.701,-1.697,2,1
30,4,21,9,N,nb6,1590,-0.314,1.492,1,1
30,4,21,9,N,nb7,1590,1.75,0.076,2,1
30,4,21,9,N,nb8,1590,0.401,-1.835,2,0
30,4,21,9,N,nb9,1590,1.174,1.865,2,1
30,4,21,9,N,nb10,1590,-0.466,1.565,2,0
30,4,21,9,N,nb11,1590,-0.791,-1.866,1,1
30,4,21,9,N,nb12,1590,0.235,-1.865,1,1
30,4,21,9,N,nb13,1590,1.777,-0.62,1,0
30,4,21,9,N,nb14,1590,-1.866,-1.449,0,0
30,4,21,9,N,nb15,1590,1.794,0.239,1,1
30,4,21,9,N,nb16,1590,1.803,-1.098,0,1
30,4,21,9,N,nb17,1590,0.739,1.681,1,1
30,4,21,9,N,nb18,1590,-1.024,-1.866,1,1
30,4,21,9,N,nb19,1590,-1.474,-1.78,3,1
30,4,21,9,N,nb20,1590,-1.866,-0.634,1,1
30,4,21,9,N,nb21,1590,-0.633,1.861,1,0
30,4,21,9,N,nb22,1590,1.865,-0.047,2,1
30,4,21,9,N,nb23,1590,-1.433,-1.616,1,1
30,4,21,9,N,nb24,1590,1.826,1.866,0,0
30,4,21,9,N,nb25,1590,1.318,1.776,1,1
30,4,21,9,N,nb26,1590,1.06,1.74,2,1
30,4,21,9,N,nb27,1590,0.904,1.806,2,1
30,4,21,9,N,nb28,1590,1.823,-0.212,2,1
30,4,21,9,N,nb29,1590,-1.706,-1.866,2,1
30,4,21,9,A,aa0,1590,-1.842,1.866,0,0
30,4,21,9,A,aa1,1590,-0.623,1.628,0,0
30,4,21,9,A,aa2,1590,-0.808,-1.448,2,0
30,4,21,9,A,aa3,1590,-0.802,1.863,0,0
30,4,21,9,A,aa4,1590,0.545,0.999,0,0
30,4,21,9,A,aa5,1590,-1.647,1.862,0,0
30,4,21,9,A,aa6,1590,1.132,-1.127,0,0
30,4,21,9,A,aa7,1590,1.269,-0.796,0,0
30,4,21,9,A,aa8,1590,-1.238,-1.118,1,0
30,4,21,9,N,nb0,1595,0.393,-1.601,1,1
30,4,21,9,N,nb1,1595,-0.396,1.715,2,0
30,4,21,9,N,nb2,1595,1.676,-0.297,2,1
30,4,21,9,N,nb3,1595,1.56,-0.717,0,0
30,4,21,9,N,nb4,1595,-1.84,-0.467,1,1
30,4,21,9,N,nb5,1595,-1.701,-1.697,2,1
30,4,21,9,N,nb6,1595,-0.248,1.421,1,1
30,4,21,9,N,nb7,1595,1.75,0.076,2,1
30,4,21,9,N,nb8,1595,0.401,-1.835,2,1
30,4,21,9,N,nb9,1595,1.174,1.865,2,1
30,4,21,9,N,nb10,1595,-0.398,1.497,2,0
30,4,21,9,N,nb11,1595,-0.791,-1.866,1,1
30,4,21,9,N,nb12,1595,0.235,-1.865,1,1
30,4,21,9,N,nb13,1595,1.742,-0.532,1,0
30,4,21,9,N,nb14,1595,-1.866,-1.506,0,0
30,4,21,9,N,nb15,1595,1.794,0.239,1,1
30,4,21,9,N,nb16,1595,1.803,-1.098,0,1
30,4,21,9,N,nb17,1595,0.739,1.681,1,1
30,4,21,9,N,nb18,1595,-1.024,-1.866,1,1
30,4,21,9,N,nb19,1595,-1.474,-1.78,3,1
30,4,21,9,N,nb20,1595,-1.866,-0.634,1,1
30,4,21,9,N,nb21,1595,-0.546,1.866,1,0
30,4,21,9,N,nb22,1595,1.865,-0.047,2,1
30,4,21,9,N,nb23,1595,-1.433,-1.616,1,1
30,4,21,9,N,nb24,1595,1.787,1.866,0,0
30,4,21,9,N,nb25,1595,1.318,1.776,1,1
30,4,21,9,N,nb26,1595,1.06,1.74,2,1
30,4,21,9,N,nb27,1595,0.904,1.806,2,1
30,4,21,9,N,nb28,1595,1.823,-0.212,2,1
30,4,21,9,N,nb29,1595,-1.706,-1.866,2,1
30,4,21,9,A,aa0,1595,-1.866,1.865,0,0
30,4,21,9,A,aa1,1595,-0.547,1.586,0,0
30,4,21,9,A,aa2,1595,-0.888,-1.387,3,1
30,4,21,9,A,aa3,1595,-0.714,1.845,0,0
30,4,21,9,A,aa4,1595,0.603,0.917,0,0
30,4,21,9,A,aa5,1595,-1.697,1.865,0,0
30,4,21,9,A,aa6,1595,1.033,-1.109,0,0
30,4,21,9,A,aa7,1595,1.237,-0.89,0,0
30,4,21,9,A,aa8,1595,-1.239,-1.018,0,0
30,4,21,9,N,nb0,1600,0.393,-1.601,1,1
30,4,21,9,N,nb1,1600,-0.316,1.702,1,1
30,4,21,9,N,nb2,1600,1.676,-0.297,2,1
30,4,21,9,N,nb3,1600,1.481,-0.658,0,0
30,4,21,9,N,nb4,1600,-1.84,-0.467,1,1
30,4,21,9,N,nb5,1600,-1.701,-1.697,3,1
30,4,21,9,N,nb6,1600,-0.195,1.36,1,1
30,4,21,9,N,nb7,1600,1.75,0.076,2,0
30,4,21,9,N,nb8,1600,0.401,-1.835,2,1
30,4,21,9,N,nb9,1600,1.174,1.865,2,1
30,4,21,9,N,nb10,1600,-0.344,1.438,1,1
30,4,21,9,N,nb11,1600,-0.825,-1.865,1,0
30,4,21,9,N,nb12,1600,0.235,-1.865,1,1
30,4,21,9,N,nb13,1600,1.719,-0.464,1,1
30,4,21,9,N,nb14,1600,-1.866,-1.521,1,1
30,4,21,9,N,nb15,1600,1.794,0.239,1,0
30,4,21,9,N,nb16,1600,1.803,-1.098,0,1
30,4,21,9,N,nb17,1600,0.739,1.681,1,1
30,4,21,9,N,nb18,1600,-0.993,-1.866,1,0
30,4,21,9,N,nb19,1600,-1.474,-1.78,3,1
30,4,21,9,N,nb20,1600,-1.866,-0.634,1,1
30,4,21,9,N,nb21,1600,-0.48,1.866,1,1
30,4,21,9,N,nb22,1600,1.865,-0.047,2,0
30,4,21,9,N,nb23,1600,-1.382,-1.628,1,0
30,4,21,9,N,nb24,1600,1.736,1.866,0,0
30,4,21,9,N,nb25,1600,1.318,1.776,1,1
30,4,21,9,N,nb26,1600,1.06,1.74,2,1
30,4,21,9,N,nb27,1600,0.904,1.806,2,1
30,4,21,9,N,nb28,1600,1.823,-0.212,2,1
30,4,21,9,N,nb29,1600,-1.706,-1.866,2,1
30,4,21,9,A,aa0,1600,-1.866,1.865,0,0
30,4,21,9,A,aa1,1600,-0.484,1.533,0,0
30,4,21,9,A,aa2,1600,-0.968,-1.327,0,0
30,4,21,9,A,aa3,1600,-0.677,1.834,0,0
30,4,21,9,A,aa4,1600,0.66,0.835,0,0
30,4,21,9,A,aa5,1600,-1.697,1.865,0,0
30,4,21,9,A,aa6,1600,0.935,-1.091,0,0
30,4,21,9,A,aa7,1600,1.204,-0.985,0,0
30,4,21,9,A,aa8,1600,-1.24,-0.918,0,0
30,4,21,9,N,nb0,1605,0.393,-1.601,1,1
30,4,21,9,N,nb1,1605,-0.28,1.697,1,0
30,4,21,9,N,nb2,1605,1.676,-0.297,2,1
30,4,21,9,N,nb3,1605,1.401,-0.598,0,0
30,4,21,9,N,nb4,1605,-1.84,-0.467,1,1
30,4,21,9,N,nb5,1605,-1.701,-1.697,3,1
30,4,21,9,N,nb6,1605,-0.178,1.336,1,1
30,4,21,9,N,nb7,1605,1.75,0.076,2,1
30,4,21,9,N,nb8,1605,0.401,-1.835,2,1
30,4,21,9,N,nb9,1605,1.174,1.865,2,1
30,4,21,9,N,nb10,1605,-0.325,1.417,1,0
30,4,21,9,N,nb11,1605,-0.833,-1.86,1,0
30,4,21,9,N,nb12,1605,0.235,-1.865,1,1
30,4,21,9,N,nb13,1605,1.719,-0.464,1,1
30,4,21,9,N,nb14,1605,-1.866,-1.521,1,1
30,4,21,9,N,nb15,1605,1.794,0.239,1,1
30,4,21,9,N,nb16,1605,1.795,-1.084,0,0
30,4,21,9,N,nb17,1605,0.739,1.681,1,1
30,4,21,9,N,nb18,1605,-1.001,-1.862,1,0
30,4,21,9,N,nb19,1605,-1.474,-1.78,3,1
30,4,21,9,N,nb20,1605,-1.866,-0.634,1,1
30,4,21,9,N,nb21,1605,-0.453,1.866,1,0
30,4,21,9,N,nb22,1605,1.865,-0.047,2,1
30,4,21,9,N,nb23,1605,-1.288,-1.645,1,0
30,4,21,9,N,nb24,1605,1.672,1.866,0,0
30,4,21,9,N,nb25,1605,1.318,1.776,1,1
30,4,21,9,N,nb26,1605,1.06,1.74,2,1
30,4,21,9,N,nb27,1605,0.904,1.806,2,1
30,4,21,9,N,nb28,1605,1.823,-0.212,2,1
30,4,21,9,N,nb29,1605,-1.706,-1.866,2,1
30,4,21,9,A,aa0,1605,-1.866,1.854,0,0
30,4,21,9,A,aa1,1605,-0.461,1.518,0,0
30,4,21,9,A,aa2,1605,-1.047,-1.266,0,0
30,4,21,9,A,aa3,1605,-0.63,1.85,0,0
30,4,21,9,A,aa4,1605,0.717,0.753,0,0
30,4,21,9,A,aa5,1605,-1.697,1.865,0,0
30,4,21,9,A,aa6,1605,0.837,-1.073,0,0
30,4,21,9,A,aa7,1605,1.172,-1.079,0,0
30,4,21,9,A,aa8,1605,-1.241,-0.874,0,0
30,4,21,9,N,nb0,1610,0.393,-1.601,1,1
30,4,21,9,N,nb1,1610,-0.184,1.682,0,0
30,4,21,9,N,nb2,1610,1.676,-0.297,2,1
30,4,21,9,N,nb3,1610,1.32,-0.539,0,0
30,4,21,9,N,nb4,1610,-1.84,-0.467,1,1
30,4,21,9,N,nb5,1610,-1.701,-1.697,3,1
30,4,21,9,N,nb6,1610,-0.124,1.267,1,1
30,4,21,9,N,nb7,1610,1.75,0.076,2,1
30,4,21,9,N,nb8,1610,0.401,-1.835,2,1
30,4,21,9,N,nb9,1610,1.174,1.865,2,1
30,4,21,9,N,nb10,1610,-0.271,1.349,1,0
30,4,21,9,N,nb11,1610,-0.836,-1.855,1,1
30,4,21,9,N,nb12,1610,0.235,-1.865,1,1
30,4,21,9,N,nb13,1610,1.719,-0.464,1,1
30,4,21,9,N,nb14,1610,-1.866,-1.521,1,1
30,4,21,9,N,nb15,1610,1.794,0.239,1,1
30,4,21,9,N,nb16,1610,1.74,-1.005,0,0
30,4,21,9,N,nb17,1610,0.739,1.681,1,1
30,4,21,9,N,nb18,1610,-1.004,-1.858,1,1
30,4,21,9,N,nb19,1610,-1.474,-1.78,2,1
30,4,21,9,N,nb20,1610,-1.866,-0.634,1,1
30,4,21,9,N,nb21,1610,-0.371,1.866,0,0
30,4,21,9,N,nb22,1610,1.865,-0.047,2,1
30,4,21,9,N,nb23,1610,-1.191,-1.656,0,0
30,4,21,9,N,nb24,1610,1.599,1.866,0,0
30,4,21,9,N,nb25,1610,1.318,1.776,1,1
30,4,21,9,N,nb26,1610,1.06,1.74,2,1
30,4,21,9,N,nb27,1610,0.904,1.806,2,1
30,4,21,9,N,nb28,1610,1.823,-0.212,2,1
30,4,21,9,N,nb29,1610,-1.706,-1.866,2,1
30,4,21,9,A,aa0,1610,-1.866,1.828,0,0
30,4,21,9,A,aa1,1610,-0.435,1.471,0,0
30,4,21,9,A,aa2,1610,-1.127,-1.206,0,0
30,4,21,9,A,aa3,1610,-0.544,1.865,0,0
30,4,21,9,A,aa4,1610,0.774,0.671,0,0
30,4,21,9,A,aa5,1610,-1.7,1.861,0,0
30,4,21,9,A,aa6,1610,0.738,-1.055,0,0
30,4,21,9,A,aa7,1610,1.14,-1.174,0,0
30,4,21,9,A,aa8,1610,-1.269,-0.851,0,0
30,4,21,9,N,nb0,1615,0.393,-1.601,1,1
30,4,21,9,N,nb1,1615,-0.087,1.664,0,0
30,4,21,9,N,nb2,1615,1.676,-0.297,2,0
30,4,21,9,N,nb3,1615,1.24,-0.479,0,0
30,4,21,9,N,nb4,1615,-1.84,-0.467,1,1
30,4,21,9,N,nb5,1615,-1.701,-1.697,3,1
30,4,21,9,N,nb6,1615,-0.093,1.222,1,1
30,4,21,9,N,nb7,1615,1.75,0.076,2,1
30,4,21,9,N,nb8,1615,0.401,-1.835,2,1
30,4,21,9,N,nb9,1615,1.174,1.865,2,1
30,4,21,9,N,nb10,1615,-0.24,1.304,1,1
30,4,21,9,N,nb11,1615,-0.836,-1.855,1,1
30,4,21,9,N,nb12,1615,0.235,-1.865,1,1
30,4,21,9,N,nb13,1615,1.719,-0.464,1,1
30,4,21,9,N,nb14,1615,-1.866,-1.521,1,1
30,4,21,9,N,nb15,1615,1.794,0.239,1,1
30,4,21,9,N,nb16,1615,1.682,-0.923,0,0
30,4,21,9,N,nb17,1615,0.739,1.681,1,1
30,4,21,9,N,nb18,1615,-1.004,-1.858,2,1
30,4,21,9,N,nb19,1615,-1.474,-1.78,2,1
30,4,21,9,N,nb20,1615,-1.866,-0.634,1,1
30,4,21,9,N,nb21,1615,-0.284,1.866,0,0
30,4,21,9,N,nb22,1615,1.865,-0.047,2,1
30,4,21,9,N,nb23,1615,-1.151,-1.659,1,1
30,4,21,9,N,nb24,1615,1.533,1.866,1,1
30,4,21,9,N,nb25,1615,1.318,1.776,2,1
30,4,21,9,N,nb26,1615,1.06,1.74,2,1
30,4,21,9,N,nb27,1615,0.904,1.806,2,1
30,4,21,9,N,nb28,1615,1.823,-0.212,2,0
30,4,21,9,N,nb29,1615,-1.706,-1.866,2,1
30,4,21,9,A,aa0,1615,-1.866,1.787,0,0
30,4,21,9,A,aa1,1615,-0.421,1.466,1,0
30,4,21,9,A,aa2,1615,-1.206,-1.145,1,0
30,4,21,9,A,aa3,1615,-0.455,1.865,0,0
30,4,21,9,A,aa4,1615,0.81,0.619,0,0
30,4,21,9,A,aa5,1615,-1.707,1.844,0,0
30,4,21,9,A,aa6,1615,0.64,-1.037,0,0
30,4,21,9,A,aa7,1615,1.107,-1.269,0,0
30,4,21,9,A,aa8,1615,-1.345,-0.786,2,0
30,4,21,9,N,nb0,1620,0.393,-1.601,1,1
30,4,21,9,N,nb1,1620,0.011,1.644,0,0
30,4,21,9,N,nb2,1620,1.676,-0.297,2,1
30,4,21,9,N,nb3,1620,1.16,-0.42,0,0
30,4,21,9,N,nb4,1620,-1.84,-0.467,1,1
30,4,21,9,N,nb5,1620,-1.701,-1.697,3,1
30,4,21,9,N,nb6,1620,-0.093,1.222,1,1
30,4,21,9,N,nb7,1620,1.75,0.076,2,1
30,4,21,9,N,nb8,1620,0.401,-1.835,2,1
30,4,21,9,N,nb9,1620,1.174,1.865,2,1
30,4,21,9,N,nb10,1620,-0.24,1.304,1,1
30,4,21,9,N,nb11,1620,-0.836,-1.855,1,1
30,4,21,9,N,nb12,1620,0.235,-1.865,1,1
30,4,21,9,N,nb13,1620,1.719,-0.464,1,1
30,4,21,9,N,nb14,1620,-1.866,-1.521,1,1
30,4,21,9,N,nb15,1620,1.794,0.239,1,1
30,4,21,9,N,nb16,1620,1.623,-0.842,0,0
30,4,21,9,N,nb17,1620,0.739,1.681,1,1
30,4,21,9,N,nb18,1620,-1.004,-1.858,2,1
30,4,21,9,N,nb19,1620,-1.474,-1.78,2,1
30,4,21,9,N,nb20,1620,-1.866,-0.634,1,1
30,4,21,9,N,nb21,1620,-0.194,1.866,0,0
30,4,21,9,N,nb22,1620,1.865,-0.047,2,1
30,4,21,9,N,nb23,1620,-1.151,-1.659,1,1
30,4,21,9,N,nb24,1620,1.533,1.866,1,1
30,4,21,9,N,nb25,1620,1.318,1.776,2,1
30,4,21,9,N,nb26,1620,1.06,1.74,2,1
30,4,21,9,N,nb27,1620,0.904,1.806,2,1
30,4,21,9,N,nb28,1620,1.823,-0.212,2,1
30,4,21,9,N,nb29,1620,-1.706,-1.866,2,1
30,4,21,9,A,aa0,1620,-1.866,1.732,0,0
30,4,21,9,A,aa1,1620,-0.335,1.45,1,0
30,4,21,9,A,aa2,1620,-1.286,-1.085,1,0
30,4,21,9,A,aa3,1620,-0.366,1.854,0,0
30,4,21,9,A,aa4,1620,0.81,0.619,0,0
30,4,21,9,A,aa5,1620,-1.718,1.813,0,0
30,4,21,9,A,aa6,1620,0.542,-1.019,0,0
30,4,21,9,A,aa7,1620,1.075,-1.363,0,0
30,4,21,9,A,aa8,1620,-1.422,-0.722,2,0
30,4,21,9,N,nb0,1625,0.393,-1.601,1,1
30,4,21,9,N,nb1,1625,0.109,1.625,0,0
30,4,21,9,N,nb2,1625,1.676,-0.297,2,1
30,4,21,9,N,nb3,1625,1.08,-0.36,0,0
30,4,21,9,N,nb4,1625,-1.84,-0.467,1,1
30,4,21,9,N,nb5,1625,-1.701,-1.697,3,1
30,4,21,9,N,nb6,1625,-0.093,1.222,1,1
30,4,21,9,N,nb7,1625,1.75,0.076,2,1
30,4,21,9,N,nb8,1625,0.401,-1.835,2,1
30,4,21,9,N,nb9,1625,1.174,1.865,2,1
30,4,21,9,N,nb10,1625,-0.24,1.304,1,1
30,4,21,9,N,nb11,1625,-0.836,-1.855,1,1
30,4,21,9,N,nb12,1625,0.235,-1.865,1,1
30,4,21,9,N,nb13,1625,1.719,-0.464,1,1
30,4,21,9,N,nb14,1625,-1.866,-1.521,1,1
30,4,21,9,N,nb15,1625,1.794,0.239,1,1
30,4,21,9,N,nb16,1625,1.565,-0.761,0,0
30,4,21,9,N,nb17,1625,0.739,1.681,1,1
30,4,21,9,N,nb18,1625,-1.004,-1.858,2,1
30,4,21,9,N,nb19,1625,-1.474,-1.78,2,1
30,4,21,9,N,nb20,1625,-1.866,-0.634,1,1
30,4,21,9,N,nb21,1625,-0.102,1.866,0,0
30,4,21,9,N,nb22,1625,1.865,-0.047,2,1
30,4,21,9,N,nb23,1625,-1.151,-1.659,1,1
30,4,21,9,N,nb24,1625,1.533,1.866,1,1
30,4,21,9,N,nb25,1625,1.318,1.776,2,1
30,4,21,9,N,nb26,1625,1.06,1.74,2,1
30,4,21,9,N,nb27,1625,0.904,1.806,2,1
30,4,21,9,N,nb28,1625,1.823,-0.212,2,1
30,4,21,9,N,nb29,1625,-1.706,-1.866,2,1
30,4,21,9,A,aa0,1625,-1.866,1.661,0,0
30,4,21,9,A,aa1,1625,-0.321,1.452,1,0
30,4,21,9,A,aa2,1625,-1.366,-1.024,0,0
30,4,21,9,A,aa3,1625,-0.28,1.831,0,0
30,4,21,9,A,aa4,1625,0.87,0.621,0,0
30,4,21,9,A,aa5,1625,-1.734,1.766,0,0
30,4,21,9,A,aa6,1625,0.443,-1.001,0,0
30,4,21,9,A,aa7,1625,1.042,-1.458,0,0
30,4,21,9,A,aa8,1625,-1.498,-0.657,2,0
30,4,21,9,N,nb0,1630,0.393,-1.601,1,1
30,4,21,9,N,nb1,1630,0.207,1.605,0,0
30,4,21,9,N,nb2,1630,1.676,-0.297,2,1
30,4,21,9,N,nb3,1630,0.999,-0.3,0,0
30,4,21,9,N,nb4,1630,-1.84,-0.467,1,1
30,4,21,9,N,nb5,1630,-1.701,-1.697,3,1
30,4,21,9,N,nb6,1630,-0.093,1.222,1,1
30,4,21,9,N,nb7,1630,1.75,0.076,2,1
30,4,21,9,N,nb8,1630,0.401,-1.835,2,1
30,4,21,9,N,nb9,1630,1.174,1.865,2,1
30,4,21,9,N,nb10,1630,-0.24,1.304,1,1
30,4,21,9,N,nb11,1630,-0.836,-1.855,1,1
30,4,21,9,N,nb12,1630,0.235,-1.865,1,1
30,4,21,9,N,nb13,1630,1.719,-0.464,1,1
30,4,21,9,N,nb14,1630,-1.866,-1.521,1,1
30,4,21,9,N,nb15,1630,1.794,0.239,1,1
30,4,21,9,N,nb16,1630,1.507,-0.68,0,0
30,4,21,9,N,nb17,1630,0.739,1.681,1,1
30,4,21,9,N,nb18,1630,-1.004,-1.858,2,1
30,4,21,9,N,nb19,1630,-1.474,-1.78,2,1
30,4,21,9,N,nb20,1630,-1.866,-0.634,1,1
30,4,21,9,N,nb21,1630,-0.009,1.866,0,0
30,4,21,9,N,nb22,1630,1.865,-0.047,2,1
30,4,21,9,N,nb23,1630,-1.151,-1.659,1,1
30,4,21,9,N,nb24,1630,1.533,1.866,1,1
30,4,21,9,N,nb25,1630,1.318,1.776,2,1
30,4,21,9,N,nb26,1630,1.06,1.74,2,1
30,4,21,9,N,nb27,1630,0.904,1.806,2,1
30,4,21,9,N,nb28,1630,1.823,-0.212,2,1
30,4,21,9,N,nb29,1630,-1.706,-1.866,2,1
30,4,21,9,A,aa0,1630,-1.866,1.575,0,0
30,4,21,9,A,aa1,1630,-0.301,1.481,1,0
30,4,21,9,A,aa2,1630,-1.445,-0.964,1,0
30,4,21,9,A,aa3,1630,-0.197,1.794,1,0
30,4,21,9,A,aa4,1630,0.939,0.655,0,0
30,4,21,9,A,aa5,1630,-1.753,1.701,0,0
30,4,21,9,A,aa6,1630,0.345,-0.983,0,0
30,4,21,9,A,aa7,1630,1.01,-1.552,0,0
30,4,21,9,A,aa8,1630,-1.575,-0.593,2,0
30,4,21,9,N,nb0,1635,0.393,-1.601,1,0
30,4,21,9,N,nb1,1635,0.305,1.586,0,0
30,4,21,9,N,nb2,1635,1.676,-0.297,2,1
30,4,21,9,N,nb3,1635,0.919,-0.241,0,0
30,4,21,9,N,nb4,1635,-1.84,-0.467,1,1
30,4,21,9,N,nb5,1635,-1.701,-1.697,3,1
30,4,21,9,N,nb6,1635,-0.093,1.222,1,1
30,4,21,9,N,nb7,1635,1.75,0.076,2,1
30,4,21,9,N,nb8,1635,0.401,-1.835,2,1
30,4,21,9,N,nb9,1635,1.174,1.865,2,0
30,4,21,9,N,nb10,1635,-0.24,1.304,1,1
30,4,21,9,N,nb11,1635,-0.836,-1.855,1,1
30,4,21,9,N,nb12,1635,0.235,-1.865,1,0
30,4,21,9,N,nb13,1635,1.719,-0.464,1,1
30,4,21,9,N,nb14,1635,-1.866,-1.521,1,1
30,4,21,9,N,nb15,1635,1.794,0.239,1,1
30,4,21,9,N,nb16,1635,1.448,-0.598,0,0
30,4,21,9,N,nb17,1635,0.739,1.681,1,0
30,4,21,9,N,nb18,1635,-1.004,-1.858,2,1
30,4,21,9,N,nb19,1635,-1.474,-1.78,2,1
30,4,21,9,N,nb20,1635,-1.866,-0.634,1,1
30,4,21,9,N,nb21,1635,0.084,1.864,0,0
30,4,21,9,N,nb22,1635,1.865,-0.047,2,1
30,4,21,9,N,nb23,1635,-1.151,-1.659,1,1
30,4,21,9,N,nb24,1635,1.533,1.866,1,1
30,4,21,9,N,nb25,1635,1.318,1.776,2,1
30,4,21,9,N,nb26,1635,1.06,1.74,2,1
30,4,21,9,N,nb27,1635,0.904,1.806,2,1
30,4,21,9,N,nb28,1635,1.823,-0.212,2,1
30,4,21,9,N,nb29,1635,-1.706,-1.866,2,1
30,4,21,9,A,aa0,1635,-1.866,1.478,0,0
30,4,21,9,A,aa1,1635,-0.251,1.562,2,0
30,4,21,9,A,aa2,1635,-1.525,-0.903,2,0
30,4,21,9,A,aa3,1635,-0.121,1.748,1,0
30,4,21,9,A,aa4,1635,1.028,0.7,0,0
30,4,21,9,A,aa5,1635,-1.773,1.62,0,0
30,4,21,9,A,aa6,1635,0.247,-0.964,0,0
30,4,21,9,A,aa7,1635,0.977,-1.647,1,0
30,4,21,9,A,aa8,1635,-1.644,-0.532,2,0
30,4,21,9,N,nb0,1640,0.393,-1.601,1,1
30,4,21,9,N,nb1,1640,0.403,1.567,0,0
30,4,21,9,N,nb2,1640,1.676,-0.297,2,1
30,4,21,9,N,nb3,1640,0.839,-0.181,0,0
30,4,21,9,N,nb4,1640,-1.855,-0.457,1,1
30,4,21,9,N,nb5,1640,-1.701,-1.697,3,1
30,4,21,9,N,nb6,1640,-0.093,1.222,1,1
30,4,21,9,N,nb7,1640,1.75,0.076,2,1
30,4,21,9,N,nb8,1640,0.401,-1.835,2,1
30,4,21,9,N,nb9,1640,1.174,1.865,2,1
30,4,21,9,N,nb10,1640,-0.24,1.304,1,1
30,4,21,9,N,nb11,1640,-0.836,-1.855,1,1
30,4,21,9,N,nb12,1640,0.235,-1.865,1,1
30,4,21,9,N,nb13,1640,1.719,-0.464,1,1
30,4,21,9,N,nb14,1640,-1.866,-1.521,1,1
30,4,21,9,N,nb15,1640,1.794,0.239,1,1
30,4,21,9,N,nb16,1640,1.39,-0.517,0,0
30,4,21,9,N,nb17,1640,0.739,1.681,1,1
30,4,21,9,N,nb18,1640,-1.004,-1.858,2,1
30,4,21,9,N,nb19,1640,-1.474,-1.78,2,1
30,4,21,9,N,nb20,1640,-1.866,-0.634,1,1
30,4,21,9,N,nb21,1640,0.176,1.854,0,0
30,4,21,9,N,nb22,1640,1.865,-0.047,2,1
30,4,21,9,N,nb23,1640,-1.151,-1.659,1,1
30,4,21,9,N,nb24,1640,1.533,1.866,1,1
30,4,21,9,N,nb25,1640,1.318,1.776,2,1
30,4,21,9,N,nb26,1640,1.06,1.74,2,1
30,4,21,9,N,nb27,1640,0.904,1.806,2,1
30,4,21,9,N,nb28,1640,1.823,-0.212,2,1
30,4,21,9,N,nb29,1640,-1.706,-1.866,2,1
30,4,21,9,A,aa0,1640,-1.866,1.388,0,0
30,4,21,9,A,aa1,1640,-0.214,1.64,2,0
30,4,21,9,A,aa2,1640,-1.605,-0.843,0,0
30,4,21,9,A,aa3,1640,-0.048,1.692,2,0
30,4,21,9,A,aa4,1640,1.118,0.745,0,0
30,4,21,9,A,aa5,1640,-1.779,1.533,0,0
30,4,21,9,A,aa6,1640,0.148,-0.946,0,0
30,4,21,9,A,aa7,1640,0.945,-1.742,2,0
30,4,21,9,A,aa8,1640,-1.687,-0.475,0,0
30,4,21,9,N,nb0,1645,0.393,-1.601,1,1
30,4,21,9,N,nb1,1645,0.501,1.547,0,0
30,4,21,9,N,nb2,1645,1.676,-0.297,2,1
30,4,21,9,N,nb3,1645,0.758,-0.122,0,0
30,4,21,9,N,nb4,1645,-1.865,-0.451,1,1
30,4,21,9,N,nb5,1645,-1.701,-1.697,3,1
30,4,21,9,N,nb6,1645,-0.093,1.222,1,1
30,4,21,9,N,nb7,1645,1.75,0.076,2,1
30,4,21,9,N,nb8,1645,0.401,-1.835,2,1
30,4,21,9,N,nb9,1645,1.174,1.865,2,1
30,4,21,9,N,nb10,1645,-0.24,1.304,1,1
30,4,21,9,N,nb11,1645,-0.836,-1.855,1,1
30,4,21,9,N,nb12,1645,0.235,-1.865,1,1
30,4,21,9,N,nb13,1645,1.719,-0.464,1,1
30,4,21,9,N,nb14,1645,-1.866,-1.521,1,1
30,4,21,9,N,nb15,1645,1.794,0.239,1,1
30,4,21,9,N,nb16,1645,1.332,-0.436,0,0
30,4,21,9,N,nb17,1645,0.739,1.681,1,1
30,4,21,9,N,nb18,1645,-1.004,-1.858,2,1
30,4,21,9,N,nb19,1645,-1.474,-1.78,2,1
30,4,21,9,N,nb20,1645,-1.866,-0.634,1,1
30,4,21,9,N,nb21,1645,0.267,1.835,0,0
30,4,21,9,N,nb22,1645,1.865,-0.047,2,1
30,4,21,9,N,nb23,1645,-1.151,-1.659,1,1
30,4,21,9,N,nb24,1645,1.533,1.866,1,1
30,4,21,9,N,nb25,1645,1.318,1.776,2,1
30,4,21,9,N,nb26,1645,1.06,1.74,2,1
30,4,21,9,N,nb27,1645,0.904,1.806,2,1
30,4,21,9,N,nb28,1645,1.823,-0.212,2,1
30,4,21,9,N,nb29,1645,-1.706,-1.866,2,1
30,4,21,9,A,aa0,1645,-1.866,1.308,0,0
30,4,21,9,A,aa1,1645,-0.203,1.677,1,0
30,4,21,9,A,aa2,1645,-1.682,-0.784,2,0
30,4,21,9,A,aa3,1645,0.002,1.658,1,0
30,4,21,9,A,aa4,1645,1.207,0.79,0,0
30,4,21,9,A,aa5,1645,-1.775,1.478,0,0
30,4,21,9,A,aa6,1645,0.05,-0.928,0,0
30,4,21,9,A,aa7,1645,0.913,-1.828,2,0
30,4,21,9,A,aa8,1645,-1.701,-0.412,2,0
30,4,21,9,N,nb0,1650,0.393,-1.601,1,1
30,4,21,9,N,nb1,1650,0.541,1.539,1,0
30,4,21,9,N,nb2,1650,1.676,-0.297,2,1
30,4,21,9,N,nb3,1650,0.678,-0.062,0,0
30,4,21,9,N,nb4,1650,-1.865,-0.451,1,1
30,4,21,9,N,nb5,1650,-1.701,-1.697,3,1
30,4,21,9,N,nb6,1650,-0.093,1.222,1,0
30,4,21,9,N,nb7,1650,1.75,0.076,2,1
30,4,21,9,N,nb8,1650,0.401,-1.835,2,1
30,4,21,9,N,nb9,1650,1.174,1.865,2,1
30,4,21,9,N,nb10,1650,-0.24,1.304,1,0
30,4,21,9,N,nb11,1650,-0.836,-1.855,1,1
30,4,21,9,N,nb12,1650,0.235,-1.865,1,1
30,4,21,9,N,nb13,1650,1.719,-0.464,1,1
30,4,21,9,N,nb14,1650,-1.866,-1.521,1,1
30,4,21,9,N,nb15,1650,1.794,0.239,1,1
30,4,21,9,N,nb16,1650,1.273,-0.355,0,0
30,4,21,9,N,nb17,1650,0.739,1.681,2,1
30,4,21,9,N,nb18,1650,-1.004,-1.858,2,1
30,4,21,9,N,nb19,1650,-1.474,-1.78,2,1
30,4,21,9,N,nb20,1650,-1.866,-0.634,1,1
30,4,21,9,N,nb21,1650,0.356,1.807,0,0
30,4,21,9,N,nb22,1650,1.865,-0.047,2,1
30,4,21,9,N,nb23,1650,-1.151,-1.659,1,1
30,4,21,9,N,nb24,1650,1.533,1.866,1,1
30,4,21,9,N,nb25,1650,1.318,1.776,2,0
30,4,21,9,N,nb26,1650,1.06,1.74,2,0
30,4,21,9,N,nb27,1650,0.904,1.806,2,0
30,4,21,9,N,nb28,1650,1.823,-0.212,2,1
30,4,21,9,N,nb29,1650,-1.706,-1.866,2,1
30,4,21,9,A,aa0,1650,-1.866,1.306,0,0
30,4,21,9,A,aa1,1650,-0.223,1.706,2,0
30,4,21,9,A,aa2,1650,-1.727,-0.755,1,0
30,4,21,9,A,aa3,1650,0.018,1.662,3,1
30,4,21,9,A,aa4,1650,1.296,0.835,0,0
30,4,21,9,A,aa5,1650,-1.735,1.421,0,0
30,4,21,9,A,aa6,1650,-0.048,-0.91,0,0
30,4,21,9,A,aa7,1650,0.873,-1.865,2,0
30,4,21,9,A,aa8,1650,-1.732,-0.328,1,0
30,4,21,9,N,nb0,1655,0.393,-1.601,1,1
30,4,21,9,N,nb1,1655,0.607,1.521,1,0
30,4,21,9,N,nb2,1655,1.676,-0.297,2,1
30,4,21,9,N,nb3,1655,0.598,-0.002,0,0
30,4,21,9,N,nb4,1655,-1.865,-0.451,1,1
30,4,21,9,N,nb5,1655,-1.701,-1.697,3,1
30,4,21,9,N,nb6,1655,-0.077,1.251,1,0
30,4,21,9,N,nb7,1655,1.75,0.076,2,1
30,4,21,9,N,nb8,1655,0.401,-1.835,2,1
30,4,21,9,N,nb9,1655,1.174,1.865,2,1
30,4,21,9,N,nb10,1655,-0.242,1.283,1,0
30,4,21,9,N,nb11,1655,-0.836,-1.855,1,1
30,4,21,9,N,nb12,1655,0.235,-1.865,1,1
30,4,21,9,N,nb13,1655,1.719,-0.464,1,1
30,4,21,9,N,nb14,1655,-1.866,-1.521,1,1
30,4,21,9,N,nb15,1655,1.794,0.239,1,1
30,4,21,9,N,nb16,1655,1.215,-0.273,0,0
30,4,21,9,N,nb17,1655,0.739,1.681,2,1
30,4,21,9,N,nb18,1655,-1.004,-1.858,2,1
30,4,21,9,N,nb19,1655,-1.474,-1.78,2,1
30,4,21,9,N,nb20,1655,-1.866,-0.634,1,1
30,4,21,9,N,nb21,1655,0.443,1.771,0,0
30,4,21,9,N,nb22,1655,1.865,-0.047,2,1
30,4,21,9,N,nb23,1655,-1.151,-1.659,1,1
30,4,21,9,N,nb24,1655,1.533,1.866,1,1
30,4,21,9,N,nb25,1655,1.318,1.776,2,1
30,4,21,9,N,nb26,1655,1.06,1.74,2,1
30,4,21,9,N,nb27,1655,0.904,1.806,2,1
30,4,21,9,N,nb28,1655,1.823,-0.212,2,1
30,4,21,9,N,nb29,1655,-1.706,-1.866,2,1
30,4,21,9,A,aa0,1655,-1.846,1.276,0,0
30,4,21,9,A,aa1,1655,-0.28,1.784,0,0
30,4,21,9,A,aa2,1655,-1.727,-0.755,1,0
30,4,21,9,A,aa3,1655,0.114,1.689,0,0
30,4,21,9,A,aa4,1655,1.335,0.854,0,0
30,4,21,9,A,aa5,1655,-1.673,1.351,0,0
30,4,21,9,A,aa6,1655,-0.147,-0.892,0,0
30,4,21,9,A,aa7,1655,0.822,-1.865,2,0
30,4,21,9,A,aa8,1655,-1.761,-0.237,1,0
30,4,21,9,N,nb0,1660,0.393,-1.601,1,1
30,4,21,9,N,nb1,1660,0.691,1.485,1,0
30,4,21,9,N,nb2,1660,1.676,-0.297,2,1
30,4,21,9,N,nb3,1660,0.517,0.057,0,0
30,4,21,9,N,nb4,1660,-1.865,-0.451,1,1
30,4,21,9,N,nb5,1660,-1.701,-1.697,3,1
30,4,21,9,N,nb6,1660,-0.077,1.337,1,0
30,4,21,9,N,nb7,1660,1.75,0.076,2,1
30,4,21,9,N,nb8,1660,0.401,-1.835,2,1
30,4,21,9,N,nb9,1660,1.174,1.865,2,1
30,4,21,9,N,nb10,1660,-0.223,1.203,1,0
30,4,21,9,N,nb11,1660,-0.836,-1.855,1,1
30,4,21,9,N,nb12,1660,0.235,-1.865,1,1
30,4,21,9,N,nb13,1660,1.719,-0.464,1,0
30,4,21,9,N,nb14,1660,-1.866,-1.521,1,1
30,4,21,9,N,nb15,1660,1.794,0.239,1,1
30,4,21,9,N,nb16,1660,1.157,-0.192,0,0
30,4,21,9,N,nb17,1660,0.739,1.681,3,1
30,4,21,9,N,nb18,1660,-1.004,-1.858,2,1
30,4,21,9,N,nb19,1660,-1.474,-1.78,2,1
30,4,21,9,N,nb20,1660,-1.866,-0.634,1,1
30,4,21,9,N,nb21,1660,0.514,1.737,1,1
30,4,21,9,N,nb22,1660,1.865,-0.047,2,1
30,4,21,9,N,nb23,1660,-1.151,-1.659,1,1
30,4,21,9,N,nb24,1660,1.533,1.866,1,1
30,4,21,9,N,nb25,1660,1.318,1.776,2,1
30,4,21,9,N,nb26,1660,1.06,1.74,2,1
30,4,21,9,N,nb27,1660,0.904,1.806,2,1
30,4,21,9,N,nb28,1660,1.823,-0.212,2,1
30,4,21,9,N,nb29,1660,-1.706,-1.866,2,1
30,4,21,9,A,aa0,1660,-1.789,1.196,0,0
30,4,21,9,A,aa1,1660,-0.34,1.849,0,0
30,4,21,9,A,aa2,1660,-1.802,-0.803,1,0
30,4,21,9,A,aa3,1660,0.21,1.715,0,0
30,4,21,9,A,aa4,1660,1.374,0.92,0,0
30,4,21,9,A,aa5,1660,-1.605,1.286,0,0
30,4,21,9,A,aa6,1660,-0.245,-0.874,0,0
30,4,21,9,A,aa7,1660,0.759,-1.865,2,0
30,4,21,9,A,aa8,1660,-1.784,-0.146,1,0
30,4,21,9,N,nb0,1665,0.393,-1.601,1,1
30,4,21,9,N,nb1,1665,0.711,1.475,1,0
30,4,21,9,N,nb2,1665,1.676,-0.297,2,1
30,4,21,9,N,nb3,1665,0.437,0.117,0,0
30,4,21,9,N,nb4,1665,-1.865,-0.451,1,1
30,4,21,9,N,nb5,1665,-1.701,-1.697,3,1
30,4,21,9,N,nb6,1665,-0.077,1.359,1,0
30,4,21,9,N,nb7,1665,1.75,0.076,2,1
30,4,21,9,N,nb8,1665,0.401,-1.835,2,1
30,4,21,9,N,nb9,1665,1.174,1.865,2,1
30,4,21,9,N,nb10,1665,-0.218,1.182,1,1
30,4,21,9,N,nb11,1665,-0.836,-1.855,1,1
30,4,21,9,N,nb12,1665,0.235,-1.865,1,1
30,4,21,9,N,nb13,1665,1.719,-0.464,1,1
30,4,21,9,N,nb14,1665,-1.866,-1.521,1,1
30,4,21,9,N,nb15,1665,1.794,0.239,1,1
30,4,21,9,N,nb16,1665,1.099,-0.111,0,0
30,4,21,9,N,nb17,1665,0.739,1.681,3,1
30,4,21,9,N,nb18,1665,-1.004,-1.858,2,1
30,4,21,9,N,nb19,1665,-1.474,-1.78,2,1
30,4,21,9,N,nb20,1665,-1.866,-0.634,1,1
30,4,21,9,N,nb21,1665,0.514,1.737,1,0
30,4,21,9,N,nb22,1665,1.865,-0.047,2,1
30,4,21,9,N,nb23,1665,-1.151,-1.659,1,1
30,4,21,9,N,nb24,1665,1.533,1.866,1,1
30,4,21,9,N,nb25,1665,1.318,1.776,2,1
30,4,21,9,N,nb26,1665,1.06,1.74,2,1
30,4,21,9,N,nb27,1665,0.904,1.806,2,1
30,4,21,9,N,nb28,1665,1.823,-0.212,2,1
30,4,21,9,N,nb29,1665,-1.706,-1.866,2,1
30,4,21,9,A,aa0,1665,-1.74,1.118,0,0
30,4,21,9,A,aa1,1665,-0.406,1.865,0,0
30,4,21,9,A,aa2,1665,-1.865,-0.86,1,0
30,4,21,9,A,aa3,1665,0.298,1.741,3,1
30,4,21,9,A,aa4,1665,1.425,1.006,0,0
30,4,21,9,A,aa5,1665,-1.531,1.228,0,0
30,4,21,9,A,aa6,1665,-0.344,-0.856,0,0
30,4,21,9,A,aa7,1665,0.728,-1.865,2,0
30,4,21,9,A,aa8,1665,-1.796,-0.055,1,0
30,4,21,9,N,nb0,1670,0.393,-1.601,1,1
30,4,21,9,N,nb1,1670,0.79,1.429,1,0
30,4,21,9,N,nb2,1670,1.676,-0.297,2,1
30,4,21,9,N,nb3,1670,0.357,0.176,0,0
30,4,21,9,N,nb4,1670,-1.865,-0.451,1,1
30,4,21,9,N,nb5,1670,-1.701,-1.697,3,1
30,4,21,9,N,nb6,1670,-0.078,1.454,0,0
30,4,21,9,N,nb7,1670,1.75,0.076,2,1
30,4,21,9,N,nb8,1670,0.401,-1.835,2,1
30,4,21,9,N,nb9,1670,1.174,1.865,2,1
30,4,21,9,N,nb10,1670,-0.218,1.182,0,1
30,4,21,9,N,nb11,1670,-0.836,-1.855,1,1
30,4,21,9,N,nb12,1670,0.235,-1.865,1,1
30,4,21,9,N,nb13,1670,1.719,-0.464,1,1
30,4,21,9,N,nb14,1670,-1.866,-1.521,1,1
30,4,21,9,N,nb15,1670,1.794,0.239,1,1
30,4,21,9,N,nb16,1670,1.04,-0.03,0,0
30,4,21,9,N,nb17,1670,0.748,1.674,3,1
30,4,21,9,N,nb18,1670,-1.004,-1.858,2,1
30,4,21,9,N,nb19,1670,-1.474,-1.78,2,1
30,4,21,9,N,nb20,1670,-1.866,-0.634,1,1
30,4,21,9,N,nb21,1670,0.581,1.7,1,0
30,4,21,9,N,nb22,1670,1.865,-0.047,2,1
30,4,21,9,N,nb23,1670,-1.151,-1.659,1,1
30,4,21,9,N,nb24,1670,1.533,1.866,1,1
30,4,21,9,N,nb25,1670,1.318,1.776,2,1
30,4,21,9,N,nb26,1670,1.06,1.74,2,1
30,4,21,9,N,nb27,1670,0.904,1.806,2,1
30,4,21,9,N,nb28,1670,1.823,-0.212,2,1
30,4,21,9,N,nb29,1670,-1.706,-1.866,2,1
30,4,21,9,A,aa0,1670,-1.699,1.034,0,0
30,4,21,9,A,aa1,1670,-0.481,1.865,0,0
30,4,21,9,A,aa2,1670,-1.865,-0.922,2,0
30,4,21,9,A,aa3,1670,0.376,1.78,1,0
30,4,21,9,A,aa4,1670,1.476,1.092,0,0
30,4,21,9,A,aa5,1670,-1.466,1.183,0,0
30,4,21,9,A,aa6,1670,-0.442,-0.838,0,0
30,4,21,9,A,aa7,1670,0.725,-1.865,2,0
30,4,21,9,A,aa8,1670,-1.797,0.037,1,0
30,4,21,9,N,nb0,1675,0.393,-1.601,1,1
30,4,21,9,N,nb1,1675,0.871,1.375,0,0
30,4,21,9,N,nb2,1675,1.676,-0.297,2,1
30,4,21,9,N,nb3,1675,0.277,0.236,0,0
30,4,21,9,N,nb4,1675,-1.865,-0.451,1,1
30,4,21,9,N,nb5,1675,-1.701,-1.697,3,1
30,4,21,9,N,nb6,1675,-0.078,1.554,0,0
30,4,21,9,N,nb7,1675,1.75,0.076,2,1
30,4,21,9,N,nb8,1675,0.401,-1.835,2,1
30,4,21,9,N,nb9,1675,1.174,1.865,2,1
30,4,21,9,N,nb10,1675,-0.218,1.182,0,1
30,4,21,9,N,nb11,1675,-0.836,-1.855,1,1
30,4,21,9,N,nb12,1675,0.235,-1.865,1,1
30,4,21,9,N,nb13,1675,1.719,-0.464,1,1
30,4,21,9,N,nb14,1675,-1.866,-1.521,1,1
30,4,21,9,N,nb15,1675,1.794,0.239,1,1
30,4,21,9,N,nb16,1675,0.982,0.052,0,0
30,4,21,9,N,nb17,1675,0.782,1.651,2,1
30,4,21,9,N,nb18,1675,-1.004,-1.858,2,1
30,4,21,9,N,nb19,1675,-1.474,-1.78,2,0
30,4,21,9,N,nb20,1675,-1.866,-0.634,1,1
30,4,21,9,N,nb21,1675,0.614,1.67,1,1
30,4,21,9,N,nb22,1675,1.865,-0.047,2,1
30,4,21,9,N,nb23,1675,-1.151,-1.659,1,1
30,4,21,9,N,nb24,1675,1.533,1.866,1,0
30,4,21,9,N,nb25,1675,1.318,1.776,2,1
30,4,21,9,N,nb26,1675,1.06,1.74,2,1
30,4,21,9,N,nb27,1675,0.904,1.806,2,1
30,4,21,9,N,nb28,1675,1.823,-0.212,2,1
30,4,21,9,N,nb29,1675,-1.706,-1.866,2,1
30,4,21,9,A,aa0,1675,-1.659,0.942,0,0
30,4,21,9,A,aa1,1675,-0.499,1.865,0,0
30,4,21,9,A,aa2,1675,-1.865,-0.993,2,0
30,4,21,9,A,aa3,1675,0.446,1.829,1,0
30,4,21,9,A,aa4,1675,1.527,1.179,0,0
30,4,21,9,A,aa5,1675,-1.449,1.186,0,0
30,4,21,9,A,aa6,1675,-0.54,-0.82,0,0
30,4,21,9,A,aa7,1675,0.703,-1.865,2,0
30,4,21,9,A,aa8,1675,-1.789,0.129,1,0
30,4,21,9,N,nb0,1680,0.393,-1.601,1,1
30,4,21,9,N,nb1,1680,0.954,1.319,0,0
30,4,21,9,N,nb2,1680,1.676,-0.297,2,1
30,4,21,9,N,nb3,1680,0.196,0.296,0,0
30,4,21,9,N,nb4,1680,-1.865,-0.451,1,1
30,4,21,9,N,nb5,1680,-1.701,-1.697,3,1
30,4,21,9,N,nb6,1680,-0.078,1.654,0,0
30,4,21,9,N,nb7,1680,1.75,0.076,2,1
30,4,21,9,N,nb8,1680,0.401,-1.835,2,1
30,4,21,9,N,nb9,1680,1.174,1.865,2,1
30,4,21,9,N,nb10,1680,-0.218,1.182,0,1
30,4,21,9,N,nb11,1680,-0.836,-1.855,1,1
30,4,21,9,N,nb12,1680,0.235,-1.865,1,1
30,4,21,9,N,nb13,1680,1.719,-0.464,1,1
30,4,21,9,N,nb14,1680,-1.866,-1.521,1,1
30,4,21,9,N,nb15,1680,1.794,0.239,1,1
30,4,21,9,N,nb16,1680,0.924,0.133,0,0
30,4,21,9,N,nb17,1680,0.783,1.651,2,0
30,4,21,9,N,nb18,1680,-1.004,-1.858,2,1
30,4,21,9,N,nb19,1680,-1.474,-1.78,2,1
30,4,21,9,N,nb20,1680,-1.866,-0.634,1,1
30,4,21,9,N,nb21,1680,0.615,1.669,1,0
30,4,21,9,N,nb22,1680,1.865,-0.047,2,1
30,4,21,9,N,nb23,1680,-1.151,-1.659,1,1
30,4,21,9,N,nb24,1680,1.533,1.866,1,1
30,4,21,9,N,nb25,1680,1.318,1.776,2,1
30,4,21,9,N,nb26,1680,1.06,1.74,2,1
30,4,21,9,N,nb27,1680,0.904,1.806,2,0
30,4,21,9,N,nb28,1680,1.823,-0.212,2,1
30,4,21,9,N,nb29,1680,-1.706,-1.866,2,1
30,4,21,9,A,aa0,1680,-1.62,0.85,0,0
30,4,21,9,A,aa1,1680,-0.588,1.846,0,0
30,4,21,9,A,aa2,1680,-1.865,-1.073,2,0
30,4,21,9,A,aa3,1680,0.524,1.865,3,1
30,4,21,9,A,aa4,1680,1.577,1.265,1,0
30,4,21,9,A,aa5,1680,-1.407,1.193,0,0
30,4,21,9,A,aa6,1680,-0.639,-0.802,0,0
30,4,21,9,A,aa7,1680,0.665,-1.865,2,0
30,4,21,9,A,aa8,1680,-1.771,0.22,0,0
30,4,21,9,N,nb0,1685,0.393,-1.601,1,1
30,4,21,9,N,nb1,1685,1.036,1.262,0,0
30,4,21,9,N,nb2,1685,1.676,-0.297,2,1
30,4,21,9,N,nb3,1685,0.116,0.355,0,0
30,4,21,9,N,nb4,1685,-1.865,-0.451,1,1
30,4,21,9,N,nb5,1685,-1.701,-1.697,3,0
30,4,21,9,N,nb6,1685,-0.078,1.754,0,0
30,4,21,9,N,nb7,1685,1.75,0.076,2,1
30,4,21,9,N,nb8,1685,0.401,-1.835,2,1
30,4,21,9,N,nb9,1685,1.174,1.865,2,1
30,4,21,9,N,nb10,1685,-0.218,1.182,0,1
30,4,21,9,N,nb11,1685,-0.836,-1.855,1,1
30,4,21,9,N,nb12,1685,0.235,-1.865,1,1
30,4,21,9,N,nb13,1685,1.719,-0.464,1,1
30,4,21,9,N,nb14,1685,-1.866,-1.521,1,0
30,4,21,9,N,nb15,1685,1.794,0.239,1,1
30,4,21,9,N,nb16,1685,0.865,0.214,0,0
30,4,21,9,N,nb17,1685,0.773,1.625,2,0
30,4,21,9,N,nb18,1685,-1.004,-1.858,2,1
30,4,21,9,N,nb19,1685,-1.474,-1.78,2,1
30,4,21,9,N,nb20,1685,-1.866,-0.634,1,0
30,4,21,9,N,nb21,1685,0.604,1.642,1,0
30,4,21,9,N,nb22,1685,1.865,-0.047,2,1
30,4,21,9,N,nb23,1685,-1.151,-1.659,1,1
30,4,21,9,N,nb24,1685,1.533,1.866,1,1
30,4,21,9,N,nb25,1685,1.318,1.776,2,1
30,4,21,9,N,nb26,1685,1.06,1.74,2,1
30,4,21,9,N,nb27,1685,0.832,1.799,2,0
30,4,21,9,N,nb28,1685,1.823,-0.212,2,1
30,4,21,9,N,nb29,1685,-1.706,-1.866,2,1
30,4,21,9,A,aa0,1685,-1.58,0.758,0,0
30,4,21,9,A,aa1,1685,-0.677,1.817,0,0
30,4,21,9,A,aa2,1685,-1.865,-1.158,3,1
30,4,21,9,A,aa3,1685,0.607,1.865,0,0
30,4,21,9,A,aa4,1685,1.628,1.351,2,0
30,4,21,9,A,aa5,1685,-1.407,1.193,0,0
30,4,21,9,A,aa6,1685,-0.737,-0.783,0,0
30,4,21,9,A,aa7,1685,0.613,-1.865,1,0
30,4,21,9,A,aa8,1685,-1.744,0.315,0,0
30,4,21,9,N,nb0,1690,0.393,-1.601,1,1
30,4,21,9,N,nb1,1690,1.119,1.206,0,0
30,4,21,9,N,nb2,1690,1.676,-0.297,2,1
30,4,21,9,N,nb3,1690,0.036,0.415,0,0
30,4,21,9,N,nb4,1690,-1.859,-0.439,1,1
30,4,21,9,N,nb5,1690,-1.713,-1.697,2,0
30,4,21,9,N,nb6,1690,-0.073,1.842,0,0
30,4,21,9,N,nb7,1690,1.75,0.076,2,1
30,4,21,9,N,nb8,1690,0.401,-1.835,2,1
30,4,21,9,N,nb9,1690,1.174,1.865,2,1
30,4,21,9,N,nb10,1690,-0.218,1.182,0,1
30,4,21,9,N,nb11,1690,-0.836,-1.855,1,1
30,4,21,9,N,nb12,1690,0.235,-1.865,1,1
30,4,21,9,N,nb13,1690,1.719,-0.464,1,1
30,4,21,9,N,nb14,1690,-1.866,-1.587,1,0
30,4,21,9,N,nb15,1690,1.794,0.239,1,1
30,4,21,9,N,nb16,1690,0.807,0.295,0,0
30,4,21,9,N,nb17,1690,0.755,1.58,2,0
30,4,21,9,N,nb18,1690,-1.004,-1.858,2,1
30,4,21,9,N,nb19,1690,-1.474,-1.78,1,1
30,4,21,9,N,nb20,1690,-1.866,-0.607,1,0
30,4,21,9,N,nb21,1690,0.586,1.595,1,0
30,4,21,9,N,nb22,1690,1.865,-0.047,2,1
30,4,21,9,N,nb23,1690,-1.151,-1.659,1,1
30,4,21,9,N,nb24,1690,1.533,1.866,1,1
30,4,21,9,N,nb25,1690,1.318,1.776,2,1
30,4,21,9,N,nb26,1690,1.06,1.74,1,1
30,4,21,9,N,nb27,1690,0.792,1.798,1,0
30,4,21,9,N,nb28,1690,1.823,-0.212,2,1
30,4,21,9,N,nb29,1690,-1.706,-1.866,2,1
30,4,21,9,A,aa0,1690,-1.541,0.666,0,0
30,4,21,9,A,aa1,1690,-0.763,1.78,0,0
30,4,21,9,A,aa2,1690,-1.865,-1.247,0,0
30,4,21,9,A,aa3,1690,0.637,1.865,0,0
30,4,21,9,A,aa4,1690,1.679,1.437,2,0
30,4,21,9,A,aa5,1690,-1.38,1.286,0,0
30,4,21,9,A,aa6,1690,-0.74,-0.783,0,0
30,4,21,9,A,aa7,1690,0.568,-1.865,2,0
30,4,21,9,A,aa8,1690,-1.717,0.412,0,0
30,4,21,9,N,nb0,1695,0.393,-1.601,1,1
30,4,21,9,N,nb1,1695,1.201,1.149,0,0
30,4,21,9,N,nb2,1695,1.676,-0.297,2,1
30,4,21,9,N,nb3,1695,-0.045,0.474,0,0
30,4,21,9,N,nb4,1695,-1.846,-0.411,1,1
30,4,21,9,N,nb5,1695,-1.705,-1.696,3,1
30,4,21,9,N,nb6,1695,-0.057,1.865,0,0
30,4,21,9,N,nb7,1695,1.75,0.076,2,1
30,4,21,9,N,nb8,1695,0.401,-1.835,2,1
30,4,21,9,N,nb9,1695,1.174,1.865,2,1
30,4,21,9,N,nb10,1695,-0.204,1.127,0,0
30,4,21,9,N,nb11,1695,-0.836,-1.855,1,1
30,4,21,9,N,nb12,1695,0.235,-1.865,1,1
30,4,21,9,N,nb13,1695,1.719,-0.464,1,1
30,4,21,9,N,nb14,1695,-1.866,-1.644,1,1
30,4,21,9,N,nb15,1695,1.794,0.239,1,1
30,4,21,9,N,nb16,1695,0.749,0.377,0,0
30,4,21,9,N,nb17,1695,0.75,1.568,2,0
30,4,21,9,N,nb18,1695,-1.004,-1.858,2,1
30,4,21,9,N,nb19,1695,-1.474,-1.78,2,1
30,4,21,9,N,nb20,1695,-1.866,-0.579,1,1
30,4,21,9,N,nb21,1695,0.581,1.583,1,0
30,4,21,9,N,nb22,1695,1.865,-0.047,2,1
30,4,21,9,N,nb23,1695,-1.151,-1.659,1,1
30,4,21,9,N,nb24,1695,1.533,1.866,1,1
30,4,21,9,N,nb25,1695,1.318,1.776,2,1
30,4,21,9,N,nb26,1695,1.06,1.74,1,1
30,4,21,9,N,nb27,1695,0.792,1.795,1,0
30,4,21,9,N,nb28,1695,1.823,-0.212,2,1
30,4,21,9,N,nb29,1695,-1.706,-1.866,2,1
30,4,21,9,A,aa0,1695,-1.502,0.58,0,0
30,4,21,9,A,aa1,1695,-0.85,1.735,0,0
30,4,21,9,A,aa2,1695,-1.865,-1.339,1,0
30,4,21,9,A,aa3,1695,0.638,1.865,3,1
30,4,21,9,A,aa4,1695,1.73,1.523,2,0
30,4,21,9,A,aa5,1695,-1.353,1.382,0,0
30,4,21,9,A,aa6,1695,-0.8,-0.831,0,0
30,4,21,9,A,aa7,1695,0.568,-1.865,2,0
30,4,21,9,A,aa8,1695,-1.693,0.501,0,0
30,4,21,9,N,nb0,1700,0.393,-1.601,1,1
30,4,21,9,N,nb1,1700,1.284,1.093,0,0
30,4,21,9,N,nb2,1700,1.676,-0.297,2,1
30,4,21,9,N,nb3,1700,-0.125,0.534,0,0
30,4,21,9,N,nb4,1700,-1.846,-0.41,1,0
30,4,21,9,N,nb5,1700,-1.701,-1.696,3,0
30,4,21,9,N,nb6,1700,-0.025,1.865,0,0
30,4,21,9,N,nb7,1700,1.75,0.076,2,1
30,4,21,9,N,nb8,1700,0.401,-1.835,2,1
30,4,21,9,N,nb9,1700,1.174,1.865,2,1
30,4,21,9,N,nb10,1700,-0.18,1.03,0,0
30,4,21,9,N,nb11,1700,-0.836,-1.855,1,1
30,4,21,9,N,nb12,1700,0.235,-1.865,1,1
30,4,21,9,N,nb13,1700,1.719,-0.464,1,1
30,4,21,9,N,nb14,1700,-1.866,-1.658,1,0
30,4,21,9,N,nb15,1700,1.794,0.239,1,1
30,4,21,9,N,nb16,1700,0.69,0.458,0,0
30,4,21,9,N,nb17,1700,0.73,1.513,1,0
30,4,21,9,N,nb18,1700,-1.004,-1.858,2,1
30,4,21,9,N,nb19,1700,-1.472,-1.764,1,0
30,4,21,9,N,nb20,1700,-1.866,-0.578,1,1
30,4,21,9,N,nb21,1700,0.561,1.526,1,0
30,4,21,9,N,nb22,1700,1.865,-0.047,2,1
30,4,21,9,N,nb23,1700,-1.151,-1.659,1,1
30,4,21,9,N,nb24,1700,1.533,1.866,1,1
30,4,21,9,N,nb25,1700,1.318,1.776,2,1
30,4,21,9,N,nb26,1700,1.06,1.74,1,1
30,4,21,9,N,nb27,1700,0.759,1.779,0,0
30,4,21,9,N,nb28,1700,1.823,-0.212,2,1
30,4,21,9,N,nb29,1700,-1.706,-1.866,1,1
30,4,21,9,A,aa0,1700,-1.456,0.498,0,0
30,4,21,9,A,aa1,1700,-0.939,1.689,0,0
30,4,21,9,A,aa2,1700,-1.858,-1.431,0,0
30,4,21,9,A,aa3,1700,0.613,1.865,1,0
30,4,21,9,A,aa4,1700,1.78,1.608,2,0
30,4,21,9,A,aa5,1700,-1.327,1.478,0,0
30,4,21,9,A,aa6,1700,-0.878,-0.893,0,0
30,4,21,9,A,aa7,1700,0.568,-1.865,2,0
30,4,21,9,A,aa8,1700,-1.682,0.592,0,0
30,4,21,9,N,nb0,1705,0.393,-1.601,1,1
30,4,21,9,N,nb1,1705,1.367,1.036,0,0
30,4,21,9,N,nb2,1705,1.676,-0.297,2,1
30,4,21,9,N,nb3,1705,-0.205,0.594,0,0
30,4,21,9,N,nb4,1705,-1.846,-0.41,1,1
30,4,21,9,N,nb5,1705,-1.674,-1.699,3,0
30,4,21,9,N,nb6,1705,0.022,1.865,0,0
30,4,21,9,N,nb7,1705,1.75,0.076,2,1
30,4,21,9,N,nb8,1705,0.401,-1.835,2,1
30,4,21,9,N,nb9,1705,1.174,1.865,2,1
30,4,21,9,N,nb10,1705,-0.156,0.933,0,0
30,4,21,9,N,nb11,1705,-0.836,-1.855,1,1
30,4,21,9,N,nb12,1705,0.235,-1.865,1,1
30,4,21,9,N,nb13,1705,1.719,-0.464,1,1
30,4,21,9,N,nb14,1705,-1.866,-1.742,2,0
30,4,21,9,N,nb15,1705,1.794,0.239,1,1
30,4,21,9,N,nb16,1705,0.632,0.539,0,0
30,4,21,9,N,nb17,1705,0.704,1.447,1,1
30,4,21,9,N,nb18,1705,-1.004,-1.858,2,1
30,4,21,9,N,nb19,1705,-1.457,-1.673,1,0
30,4,21,9,N,nb20,1705,-1.866,-0.578,1,1
30,4,21,9,N,nb21,1705,0.535,1.456,1,1
30,4,21,9,N,nb22,1705,1.865,-0.047,2,1
30,4,21,9,N,nb23,1705,-1.151,-1.659,1,1
30,4,21,9,N,nb24,1705,1.533,1.866,1,1
30,4,21,9,N,nb25,1705,1.318,1.776,2,1
30,4,21,9,N,nb26,1705,1.06,1.74,1,1
30,4,21,9,N,nb27,1705,0.697,1.744,0,0
30,4,21,9,N,nb28,1705,1.823,-0.212,2,1
30,4,21,9,N,nb29,1705,-1.706,-1.866,2,1
30,4,21,9,A,aa0,1705,-1.402,0.414,0,0
30,4,21,9,A,aa1,1705,-1.027,1.642,0,0
30,4,21,9,A,aa2,1705,-1.841,-1.521,1,0
30,4,21,9,A,aa3,1705,0.579,1.865,2,0
30,4,21,9,A,aa4,1705,1.806,1.658,2,0
30,4,21,9,A,aa5,1705,-1.3,1.575,0,0
30,4,21,9,A,aa6,1705,-0.956,-0.956,0,0
30,4,21,9,A,aa7,1705,0.568,-1.865,2,0
30,4,21,9,A,aa8,1705,-1.679,0.69,0,0
30,4,21,9,N,nb0,1710,0.393,-1.601,1,1
30,4,21,9,N,nb1,1710,1.449,0.98,0,0
30,4,21,9,N,nb2,1710,1.676,-0.297,2,1
30,4,21,9,N,nb3,1710,-0.284,0.652,1,1
30,4,21,9,N,nb4,1710,-1.846,-0.41,1,1
30,4,21,9,N,nb5,1710,-1.629,-1.714,2,1
30,4,21,9,N,nb6,1710,0.082,1.865,0,0
30,4,21,9,N,nb7,1710,1.75,0.076,2,1
30,4,21,9,N,nb8,1710,0.401,-1.835,2,1
30,4,21,9,N,nb9,1710,1.179,1.865,2,0
30,4,21,9,N,nb10,1710,-0.132,0.841,1,1
30,4,21,9,N,nb11,1710,-0.836,-1.855,1,1
30,4,21,9,N,nb12,1710,0.235,-1.865,1,1
30,4,21,9,N,nb13,1710,1.719,-0.464,1,1
30,4,21,9,N,nb14,1710,-1.866,-1.812,1,1
30,4,21,9,N,nb15,1710,1.794,0.239,1,1
30,4,21,9,N,nb16,1710,0.574,0.62,0,0
30,4,21,9,N,nb17,1710,0.704,1.445,1,1
30,4,21,9,N,nb18,1710,-1.004,-1.858,2,1
30,4,21,9,N,nb19,1710,-1.438,-1.596,1,1
30,4,21,9,N,nb20,1710,-1.866,-0.578,1,1
30,4,21,9,N,nb21,1710,0.534,1.441,1,0
30,4,21,9,N,nb22,1710,1.865,-0.047,2,1
30,4,21,9,N,nb23,1710,-1.151,-1.659,1,1
30,4,21,9,N,nb24,1710,1.533,1.866,1,1
30,4,21,9,N,nb25,1710,1.321,1.774,2,1
30,4,21,9,N,nb26,1710,1.048,1.75,1,0
30,4,21,9,N,nb27,1710,0.626,1.697,0,0
30,4,21,9,N,nb28,1710,1.823,-0.212,2,1
30,4,21,9,N,nb29,1710,-1.705,-1.866,2,1
30,4,21,9,A,aa0,1710,-1.348,0.329,0,0
30,4,21,9,A,aa1,1710,-1.105,1.597,0,0
30,4,21,9,A,aa2,1710,-1.814,-1.608,1,0
30,4,21,9,A,aa3,1710,0.582,1.865,0,0
30,4,21,9,A,aa4,1710,1.806,1.658,2,0
30,4,21,9,A,aa5,1710,-1.277,1.665,0,0
30,4,21,9,A,aa6,1710,-1.034,-1.018,0,0
30,4,21,9,A,aa7,1710,0.569,-1.865,2,0
30,4,21,9,A,aa8,1710,-1.677,0.79,0,0
30,4,21,9,N,nb0,1715,0.393,-1.601,1,1
30,4,21,9,N,nb1,1715,1.532,0.924,0,0
30,4,21,9,N,nb2,1715,1.676,-0.297,2,1
30,4,21,9,N,nb3,1715,-0.287,0.654,1,1
30,4,21,9,N,nb4,1715,-1.846,-0.41,1,1
30,4,21,9,N,nb5,1715,-1.603,-1.727,2,0
30,4,21,9,N,nb6,1715,0.152,1.865,0,0
30,4,21,9,N,nb7,1715,1.75,0.076,2,1
30,4,21,9,N,nb8,1715,0.401,-1.835,2,1
30,4,21,9,N,nb9,1715,1.218,1.865,1,0
30,4,21,9,N,nb10,1715,-0.131,0.838,1,1
30,4,21,9,N,nb11,1715,-0.836,-1.855,1,1
30,4,21,9,N,nb12,1715,0.235,-1.865,1,1
30,4,21,9,N,nb13,1715,1.719,-0.464,1,1
30,4,21,9,N,nb14,1715,-1.866,-1.831,1,0
30,4,21,9,N,nb15,1715,1.794,0.239,1,1
30,4,21,9,N,nb16,1715,0.516,0.702,0,0
30,4,21,9,N,nb17,1715,0.704,1.445,1,1
30,4,21,9,N,nb18,1715,-1.004,-1.858,2,1
30,4,21,9,N,nb19,1715,-1.428,-1.562,1,0
30,4,21,9,N,nb20,1715,-1.866,-0.578,1,1
30,4,21,9,N,nb21,1715,0.543,1.35,1,0
30,4,21,9,N,nb22,1715,1.865,-0.047,2,1
30,4,21,9,N,nb23,1715,-1.151,-1.659,1,1
30,4,21,9,N,nb24,1715,1.533,1.866,1,1
30,4,21,9,N,nb25,1715,1.352,1.762,2,1
30,4,21,9,N,nb26,1715,0.974,1.806,0,0
30,4,21,9,N,nb27,1715,0.547,1.643,0,0
30,4,21,9,N,nb28,1715,1.823,-0.212,2,1
30,4,21,9,N,nb29,1715,-1.701,-1.866,2,0
30,4,21,9,A,aa0,1715,-1.325,0.293,0,0
30,4,21,9,A,aa1,1715,-1.175,1.539,0,0
30,4,21,9,A,aa2,1715,-1.776,-1.686,0,0
30,4,21,9,A,aa3,1715,0.592,1.865,1,0
30,4,21,9,A,aa4,1715,1.753,1.734,2,0
30,4,21,9,A,aa5,1715,-1.264,1.759,0,0
30,4,21,9,A,aa6,1715,-1.112,-1.081,1,0
30,4,21,9,A,aa7,1715,0.582,-1.865,2,0
30,4,21,9,A,aa8,1715,-1.674,0.89,0,0
30,4,21,9,N,nb0,1720,0.393,-1.601,1,1
30,4,21,9,N,nb1,1720,1.614,0.867,0,0
30,4,21,9,N,nb2,1720,1.676,-0.297,2,1
30,4,21,9,N,nb3,1720,-0.287,0.654,1,1
30,4,21,9,N,nb4,1720,-1.846,-0.41,1,1
30,4,21,9,N,nb5,1720,-1.529,-1.783,1,0
30,4,21,9,N,nb6,1720,0.23,1.865,0,0
30,4,21,9,N,nb7,1720,1.75,0.076,2,1
30,4,21,9,N,nb8,1720,0.401,-1.835,2,1
30,4,21,9,N,nb9,1720,1.258,1.865,1,1
30,4,21,9,N,nb10,1720,-0.131,0.838,1,1
30,4,21,9,N,nb11,1720,-0.836,-1.855,1,1
30,4,21,9,N,nb12,1720,0.235,-1.865,1,1
30,4,21,9,N,nb13,1720,1.719,-0.464,1,1
30,4,21,9,N,nb14,1720,-1.866,-1.866,1,0
30,4,21,9,N,nb15,1720,1.794,0.239,1,1
30,4,21,9,N,nb16,1720,0.457,0.783,0,0
30,4,21,9,N,nb17,1720,0.704,1.445,1,1
30,4,21,9,N,nb18,1720,-1.004,-1.858,2,1
30,4,21,9,N,nb19,1720,-1.397,-1.468,0,0
30,4,21,9,N,nb20,1720,-1.866,-0.578,1,1
30,4,21,9,N,nb21,1720,0.545,1.271,1,1
30,4,21,9,N,nb22,1720,1.865,-0.047,2,1
30,4,21,9,N,nb23,1720,-1.151,-1.659,1,1
30,4,21,9,N,nb24,1720,1.533,1.866,1,1
30,4,21,9,N,nb25,1720,1.385,1.753,2,1
30,4,21,9,N,nb26,1720,0.896,1.85,0,0
30,4,21,9,N,nb27,1720,0.469,1.586,0,0
30,4,21,9,N,nb28,1720,1.823,-0.212,2,1
30,4,21,9,N,nb29,1720,-1.687,-1.866,2,0
30,4,21,9,A,aa0,1720,-1.271,0.277,0,0
30,4,21,9,A,aa1,1720,-1.245,1.471,0,0
30,4,21,9,A,aa2,1720,-1.766,-1.716,0,0
30,4,21,9,A,aa3,1720,0.61,1.865,1,0
30,4,21,9,A,aa4,1720,1.706,1.807,2,0
30,4,21,9,A,aa5,1720,-1.256,1.846,0,0
30,4,21,9,A,aa6,1720,-1.191,-1.143,1,0
30,4,21,9,A,aa7,1720,0.582,-1.865,2,0
30,4,21,9,A,aa8,1720,-1.671,0.99,0,0
30,4,21,9,N,nb0,1725,0.393,-1.601,1,1
30,4,21,9,N,nb1,1725,1.697,0.811,0,0
30,4,21,9,N,nb2,1725,1.676,-0.297,2,1
30,4,21,9,N,nb3,1725,-0.287,0.654,1,1
30,4,21,9,N,nb4,1725,-1.846,-0.41,1,1
30,4,21,9,N,nb5,1725,-1.481,-1.817,1,1
30,4,21,9,N,nb6,1725,0.315,1.865,0,0
30,4,21,9,N,nb7,1725,1.75,0.076,2,1
30,4,21,9,N,nb8,1725,0.401,-1.835,2,1
30,4,21,9,N,nb9,1725,1.258,1.865,1,1
30,4,21,9,N,nb10,1725,-0.131,0.838,1,1
30,4,21,9,N,nb11,1725,-0.836,-1.855,1,1
30,4,21,9,N,nb12,1725,0.235,-1.865,1,1
30,4,21,9,N,nb13,1725,1.719,-0.464,1,1
30,4,21,9,N,nb14,1725,-1.866,-1.866,1,1
30,4,21,9,N,nb15,1725,1.794,0.239,1,1
30,4,21,9,N,nb16,1725,0.399,0.864,0,0
30,4,21,9,N,nb17,1725,0.704,1.445,1,1
30,4,21,9,N,nb18,1725,-1.004,-1.858,2,1
30,4,21,9,N,nb19,1725,-1.367,-1.376,0,0
30,4,21,9,N,nb20,1725,-1.866,-0.578,1,0
30,4,21,9,N,nb21,1725,0.545,1.271,1,1
30,4,21,9,N,nb22,1725,1.865,-0.047,2,1
30,4,21,9,N,nb23,1725,-1.151,-1.659,1,1
30,4,21,9,N,nb24,1725,1.532,1.866,1,1
30,4,21,9,N,nb25,1725,1.385,1.753,2,1
30,4,21,9,N,nb26,1725,0.814,1.865,0,0
30,4,21,9,N,nb27,1725,0.386,1.53,0,0
30,4,21,9,N,nb28,1725,1.823,-0.212,2,1
30,4,21,9,N,nb29,1725,-1.669,-1.866,2,1
30,4,21,9,A,aa0,1725,-1.175,0.248,0,0
30,4,21,9,A,aa1,1725,-1.315,1.4,0,0
30,4,21,9,A,aa2,1725,-1.767,-1.727,3,1
30,4,21,9,A,aa3,1725,0.644,1.865,1,0
30,4,21,9,A,aa4,1725,1.702,1.866,1,0
30,4,21,9,A,aa5,1725,-1.24,1.866,0,0
30,4,21,9,A,aa6,1725,-1.267,-1.204,1,0
30,4,21,9,A,aa7,1725,0.631,-1.865,2,0
30,4,21,9,A,aa8,1725,-1.668,1.09,0,0
30,4,21,9,N,nb0,1730,0.393,-1.601,1,1
30,4,21,9,N,nb1,1730,1.779,0.754,0,0
30,4,21,9,N,nb2,1730,1.676,-0.297,2,1
30,4,21,9,N,nb3,1730,-0.287,0.654,1,1
30,4,21,9,N,nb4,1730,-1.846,-0.41,1,1
30,4,21,9,N,nb5,1730,-1.436,-1.844,1,0
30,4,21,9,N,nb6,1730,0.403,1.865,0,0
30,4,21,9,N,nb7,1730,1.75,0.076,2,1
30,4,21,9,N,nb8,1730,0.401,-1.835,2,1
30,4,21,9,N,nb9,1730,1.258,1.865,1,1
30,4,21,9,N,nb10,1730,-0.131,0.838,1,1
30,4,21,9,N,nb11,1730,-0.836,-1.855,1,0
30,4,21,9,N,nb12,1730,0.235,-1.865,1,1
30,4,21,9,N,nb13,1730,1.719,-0.464,1,1
30,4,21,9,N,nb14,1730,-1.866,-1.866,1,0
30,4,21,9,N,nb15,1730,1.794,0.239,1,1
30,4,21,9,N,nb16,1730,0.341,0.945,0,0
30,4,21,9,N,nb17,1730,0.704,1.445,1,1
30,4,21,9,N,nb18,1730,-1.004,-1.858,2,0
30,4,21,9,N,nb19,1730,-1.386,-1.345,0,0
30,4,21,9,N,nb20,1730,-1.866,-0.578,1,1
30,4,21,9,N,nb21,1730,0.545,1.271,1,1
30,4,21,9,N,nb22,1730,1.865,-0.047,2,1
30,4,21,9,N,nb23,1730,-1.151,-1.659,1,1
30,4,21,9,N,nb24,1730,1.532,1.866,1,1
30,4,21,9,N,nb25,1730,1.385,1.753,2,1
30,4,21,9,N,nb26,1730,0.767,1.865,0,0
30,4,21,9,N,nb27,1730,0.303,1.474,0,0
30,4,21,9,N,nb28,1730,1.823,-0.212,2,1
30,4,21,9,N,nb29,1730,-1.642,-1.866,2,0
30,4,21,9,A,aa0,1730,-1.095,0.225,0,0
30,4,21,9,A,aa1,1730,-1.385,1.329,0,0
30,4,21,9,A,aa2,1730,-1.752,-1.737,0,0
30,4,21,9,A,aa3,1730,0.597,1.865,2,0
30,4,21,9,A,aa4,1730,1.702,1.866,1,0
30,4,21,9,A,aa5,1730,-1.208,1.866,0,0
30,4,21,9,A,aa6,1730,-1.303,-1.197,1,0
30,4,21,9,A,aa7,1730,0.684,-1.859,1,0
30,4,21,9,A,aa8,1730,-1.666,1.19,0,0
30,4,21,9,N,nb0,1735,0.393,-1.601,1,1
30,4,21,9,N,nb1,1735,1.848,0.7,0,0
30,4,21,9,N,nb2,1735,1.676,-0.297,2,1
30,4,21,9,N,nb3,1735,-0.287,0.654,1,1
30,4,21,9,N,nb4,1735,-1.846,-0.41,1,1
30,4,21,9,N,nb5,1735,-1.356,-1.866,1,0
30,4,21,9,N,nb6,1735,0.44,1.865,0,0
30,4,21,9,N,nb7,1735,1.75,0.076,2,1
30,4,21,9,N,nb8,1735,0.401,-1.835,2,1
30,4,21,9,N,nb9,1735,1.258,1.865,1,1
30,4,21,9,N,nb10,1735,-0.131,0.838,1,1
30,4,21,9,N,nb11,1735,-0.836,-1.855,1,1
30,4,21,9,N,nb12,1735,0.235,-1.865,1,1
30,4,21,9,N,nb13,1735,1.719,-0.464,1,1
30,4,21,9,N,nb14,1735,-1.866,-1.866,0,0
30,4,21,9,N,nb15,1735,1.794,0.239,1,1
30,4,21,9,N,nb16,1735,0.282,1.027,0,0
30,4,21,9,N,nb17,1735,0.704,1.445,1,0
30,4,21,9,N,nb18,1735,-1.004,-1.858,2,1
30,4,21,9,N,nb19,1735,-1.425,-1.318,0,0
30,4,21,9,N,nb20,1735,-1.866,-0.578,1,1
30,4,21,9,N,nb21,1735,0.545,1.271,1,1
30,4,21,9,N,nb22,1735,1.865,-0.047,2,1
30,4,21,9,N,nb23,1735,-1.151,-1.659,1,0
30,4,21,9,N,nb24,1735,1.532,1.866,1,1
30,4,21,9,N,nb25,1735,1.385,1.753,2,1
30,4,21,9,N,nb26,1735,0.779,1.862,0,0
30,4,21,9,N,nb27,1735,0.221,1.418,0,0
30,4,21,9,N,nb28,1735,1.823,-0.212,2,1
30,4,21,9,N,nb29,1735,-1.571,-1.866,1,0
30,4,21,9,A,aa0,1735,-1.095,0.225,0,0
30,4,21,9,A,aa1,1735,-1.449,1.262,0,0
30,4,21,9,A,aa2,1735,-1.7,-1.755,1,0
30,4,21,9,A,aa3,1735,0.609,1.865,2,0
30,4,21,9,A,aa4,1735,1.702,1.866,1,0
30,4,21,9,A,aa5,1735,-1.18,1.866,0,0
30,4,21,9,A,aa6,1735,-1.344,-1.17,1,0
30,4,21,9,A,aa7,1735,0.775,-1.839,2,0
30,4,21,9,A,aa8,1735,-1.664,1.285,0,0
30,4,21,9,N,nb0,1740,0.393,-1.601,1,1
30,4,21,9,N,nb1,1740,1.866,0.637,0,0
30,4,21,9,N,nb2,1740,1.676,-0.297,2,1
30,4,21,9,N,nb3,1740,-0.287,0.654,1,0
30,4,21,9,N,nb4,1740,-1.846,-0.41,1,1
30,4,21,9,N,nb5,1740,-1.321,-1.866,1,1
30,4,21,9,N,nb6,1740,0.487,1.865,0,0
30,4,21,9,N,nb7,1740,1.75,0.076,2,1
30,4,21,9,N,nb8,1740,0.401,-1.835,2,1
30,4,21,9,N,nb9,1740,1.258,1.865,1,1
30,4,21,9,N,nb10,1740,-0.131,0.838,1,0
30,4,21,9,N,nb11,1740,-0.836,-1.855,1,1
30,4,21,9,N,nb12,1740,0.235,-1.865,1,1
30,4,21,9,N,nb13,1740,1.719,-0.464,1,1
30,4,21,9,N,nb14,1740,-1.866,-1.866,0,0
30,4,21,9,N,nb15,1740,1.794,0.239,1,1
30,4,21,9,N,nb16,1740,0.224,1.108,0,0
30,4,21,9,N,nb17,1740,0.704,1.445,1,1
30,4,21,9,N,nb18,1740,-1.004,-1.858,2,1
30,4,21,9,N,nb19,1740,-1.475,-1.285,0,0
30,4,21,9,N,nb20,1740,-1.866,-0.578,1,1
30,4,21,9,N,nb21,1740,0.545,1.271,1,1
30,4,21,9,N,nb22,1740,1.865,-0.047,2,1
30,4,21,9,N,nb23,1740,-1.151,-1.659,1,1
30,4,21,9,N,nb24,1740,1.532,1.866,1,1
30,4,21,9,N,nb25,1740,1.385,1.753,2,1
30,4,21,9,N,nb26,1740,0.826,1.858,0,0
30,4,21,9,N,nb27,1740,0.138,1.362,0,0
30,4,21,9,N,nb28,1740,1.823,-0.212,2,1
30,4,21,9,N,nb29,1740,-1.498,-1.866,1,1
30,4,21,9,A,aa0,1740,-1.058,0.267,0,0
30,4,21,9,A,aa1,1740,-1.503,1.188,0,0
30,4,21,9,A,aa2,1740,-1.639,-1.772,2,0
30,4,21,9,A,aa3,1740,0.656,1.865,1,0
30,4,21,9,A,aa4,1740,1.712,1.866,1,0
30,4,21,9,A,aa5,1740,-1.18,1.866,0,0
30,4,21,9,A,aa6,1740,-1.395,-1.136,1,0
30,4,21,9,A,aa7,1740,0.864,-1.812,2,0
30,4,21,9,A,aa8,1740,-1.672,1.379,0,0
30,4,21,9,N,nb0,1745,0.393,-1.601,1,1
30,4,21,9,N,nb1,1745,1.866,0.566,0,0
30,4,21,9,N,nb2,1745,1.676,-0.297,2,1
30,4,21,9,N,nb3,1745,-0.287,0.654,1,1
30,4,21,9,N,nb4,1745,-1.846,-0.41,1,1
30,4,21,9,N,nb5,1745,-1.32,-1.866,1,1
30,4,21,9,N,nb6,1745,0.545,1.858,0,0
30,4,21,9,N,nb7,1745,1.75,0.076,2,1
30,4,21,9,N,nb8,1745,0.401,-1.835,2,0
30,4,21,9,N,nb9,1745,1.258,1.865,1,1
30,4,21,9,N,nb10,1745,-0.131,0.838,1,1
30,4,21,9,N,nb11,1745,-0.836,-1.855,1,1
30,4,21,9,N,nb12,1745,0.235,-1.865,1,1
30,4,21,9,N,nb13,1745,1.719,-0.464,1,1
30,4,21,9,N,nb14,1745,-1.866,-1.866,0,0
30,4,21,9,N,nb15,1745,1.794,0.239,1,1
30,4,21,9,N,nb16,1745,0.21,1.127,1,1
30,4,21,9,N,nb17,1745,0.704,1.445,1,1
30,4,21,9,N,nb18,1745,-1.004,-1.858,2,1
30,4,21,9,N,nb19,1745,-1.534,-1.245,0,0
30,4,21,9,N,nb20,1745,-1.866,-0.578,1,1
30,4,21,9,N,nb21,1745,0.545,1.271,1,1
30,4,21,9,N,nb22,1745,1.865,-0.047,2,1
30,4,21,9,N,nb23,1745,-1.151,-1.659,1,1
30,4,21,9,N,nb24,1745,1.532,1.866,1,1
30,4,21,9,N,nb25,1745,1.385,1.753,2,1
30,4,21,9,N,nb26,1745,0.883,1.855,0,0
30,4,21,9,N,nb27,1745,0.121,1.35,1,1
30,4,21,9,N,nb28,1745,1.823,-0.212,2,1
30,4,21,9,N,nb29,1745,-1.49,-1.866,1,1
30,4,21,9,A,aa0,1745,-0.992,0.343,0,0
30,4,21,9,A,aa1,1745,-1.553,1.103,0,0
30,4,21,9,A,aa2,1745,-1.631,-1.771,2,0
30,4,21,9,A,aa3,1745,0.713,1.865,1,0
30,4,21,9,A,aa4,1745,1.737,1.866,1,0
30,4,21,9,A,aa5,1745,-1.207,1.866,0,0
30,4,21,9,A,aa6,1745,-1.454,-1.096,0,0
30,4,21,9,A,aa7,1745,0.952,-1.776,2,0
30,4,21,9,A,aa8,1745,-1.684,1.478,0,0
30,4,21,9,N,nb0,1750,0.393,-1.601,1,1
30,4,21,9,N,nb1,1750,1.866,0.487,0,0
30,4,21,9,N,nb2,1750,1.676,-0.297,2,1
30,4,21,9,N,nb3,1750,-0.287,0.654,1,1
30,4,21,9,N,nb4,1750,-1.846,-0.41,1,1
30,4,21,9,N,nb5,1750,-1.32,-1.866,1,1
30,4,21,9,N,nb6,1750,0.619,1.83,0,0
30,4,21,9,N,nb7,1750,1.75,0.076,2,1
30,4,21,9,N,nb8,1750,0.401,-1.835,2,1
30,4,21,9,N,nb9,1750,1.258,1.865,1,1
30,4,21,9,N,nb10,1750,-0.131,0.838,1,1
30,4,21,9,N,nb11,1750,-0.836,-1.855,1,1
30,4,21,9,N,nb12,1750,0.235,-1.865,1,1
30,4,21,9,N,nb13,1750,1.719,-0.464,1,1
30,4,21,9,N,nb14,1750,-1.858,-1.866,0,0
30,4,21,9,N,nb15,1750,1.794,0.239,1,1
30,4,21,9,N,nb16,1750,0.21,1.127,1,1
30,4,21,9,N,nb17,1750,0.704,1.445,1,1
30,4,21,9,N,nb18,1750,-1.004,-1.858,2,1
30,4,21,9,N,nb19,1750,-1.6,-1.201,0,0
30,4,21,9,N,nb20,1750,-1.866,-0.578,1,1
30,4,21,9,N,nb21,1750,0.545,1.271,1,1
30,4,21,9,N,nb22,1750,1.865,-0.047,2,1
30,4,21,9,N,nb23,1750,-1.151,-1.659,1,1
30,4,21,9,N,nb24,1750,1.532,1.866,1,1
30,4,21,9,N,nb25,1750,1.385,1.753,2,1
30,4,21,9,N,nb26,1750,0.953,1.853,0,0
30,4,21,9,N,nb27,1750,0.121,1.35,1,1
30,4,21,9,N,nb28,1750,1.823,-0.212,2,1
30,4,21,9,N,nb29,1750,-1.49,-1.866,1,1
30,4,21,9,A,aa0,1750,-0.926,0.418,0,0
30,4,21,9,A,aa1,1750,-1.603,1.017,0,0
30,4,21,9,A,aa2,1750,-1.615,-1.75,2,0
30,4,21,9,A,aa3,1750,0.784,1.865,1,0
30,4,21,9,A,aa4,1750,1.775,1.866,1,0
30,4,21,9,A,aa5,1750,-1.257,1.866,0,0
30,4,21,9,A,aa6,1750,-1.521,-1.051,1,0
30,4,21,9,A,aa7,1750,1.039,-1.732,0,0
30,4,21,9,A,aa8,1750,-1.697,1.577,0,0
30,4,21,9,N,nb0,1755,0.393,-1.601,1,1
30,4,21,9,N,nb1,1755,1.866,0.468,1,1
30,4,21,9,N,nb2,1755,1.676,-0.297,2,1
30,4,21,9,N,nb3,1755,-0.287,0.654,1,1
30,4,21,9,N,nb4,1755,-1.846,-0.41,1,1
30,4,21,9,N,nb5,1755,-1.32,-1.866,1,1
30,4,21,9,N,nb6,1755,0.698,1.787,0,0
30,4,21,9,N,nb7,1755,1.75,0.076,2,0
30,4,21,9,N,nb8,1755,0.401,-1.835,2,1
30,4,21,9,N,nb9,1755,1.258,1.865,2,1
30,4,21,9,N,nb10,1755,-0.131,0.838,1,1
30,4,21,9,N,nb11,1755,-0.836,-1.855,1,1
30,4,21,9,N,nb12,1755,0.235,-1.865,1,1
30,4,21,9,N,nb13,1755,1.719,-0.464,1,1
30,4,21,9,N,nb14,1755,-1.836,-1.866,0,0
30,4,21,9,N,nb15,1755,1.794,0.239,2,0
30,4,21,9,N,nb16,1755,0.21,1.127,1,1
30,4,21,9,N,nb17,1755,0.704,1.445,1,1
30,4,21,9,N,nb18,1755,-1.004,-1.858,2,1
30,4,21,9,N,nb19,1755,-1.67,-1.154,0,0
30,4,21,9,N,nb20,1755,-1.866,-0.578,1,1
30,4,21,9,N,nb21,1755,0.545,1.271,1,1
30,4,21,9,N,nb22,1755,1.865,-0.047,2,0
30,4,21,9,N,nb23,1755,-1.151,-1.659,1,1
30,4,21,9,N,nb24,1755,1.532,1.866,1,1
30,4,21,9,N,nb25,1755,1.385,1.753,2,1
30,4,21,9,N,nb26,1755,1.016,1.85,1,1
30,4,21,9,N,nb27,1755,0.121,1.35,1,1
30,4,21,9,N,nb28,1755,1.823,-0.212,2,1
30,4,21,9,N,nb29,1755,-1.49,-1.866,1,1
30,4,21,9,A,aa0,1755,-0.861,0.494,1,0
30,4,21,9,A,aa1,1755,-1.654,0.93,0,0
30,4,21,9,A,aa2,1755,-1.563,-1.713,4,1
30,4,21,9,A,aa3,1755,0.847,1.865,1,0
30,4,21,9,A,aa4,1755,1.776,1.866,1,0
30,4,21,9,A,aa5,1755,-1.318,1.866,0,0
30,4,21,9,A,aa6,1755,-1.592,-1.003,1,0
30,4,21,9,A,aa7,1755,1.128,-1.686,0,0
30,4,21,9,A,aa8,1755,-1.71,1.676,0,0
30,4,21,9,N,nb0,1760,0.393,-1.601,1,1
30,4,21,9,N,nb1,1760,1.866,0.468,1,1
30,4,21,9,N,nb2,1760,1.676,-0.297,2,1
30,4,21,9,N,nb3,1760,-0.287,0.654,1,1
30,4,21,9,N,nb4,1760,-1.846,-0.41,1,1
30,4,21,9,N,nb5,1760,-1.272,-1.866,1,0
30,4,21,9,N,nb6,1760,0.77,1.732,0,0
30,4,21,9,N,nb7,1760,1.75,0.076,2,1
30,4,21,9,N,nb8,1760,0.401,-1.835,2,1
30,4,21,9,N,nb9,1760,1.258,1.865,2,1
30,4,21,9,N,nb10,1760,-0.131,0.838,1,1
30,4,21,9,N,nb11,1760,-0.835,-1.855,1,1
30,4,21,9,N,nb12,1760,0.235,-1.865,1,1
30,4,21,9,N,nb13,1760,1.719,-0.464,1,1
30,4,21,9,N,nb14,1760,-1.801,-1.866,0,0
30,4,21,9,N,nb15,1760,1.794,0.239,2,1
30,4,21,9,N,nb16,1760,0.21,1.127,1,1
30,4,21,9,N,nb17,1760,0.704,1.445,1,1
30,4,21,9,N,nb18,1760,-1.003,-1.864,2,0
30,4,21,9,N,nb19,1760,-1.744,-1.105,0,0
30,4,21,9,N,nb20,1760,-1.866,-0.578,1,1
30,4,21,9,N,nb21,1760,0.545,1.271,1,1
30,4,21,9,N,nb22,1760,1.865,-0.047,2,1
30,4,21,9,N,nb23,1760,-1.099,-1.661,1,0
30,4,21,9,N,nb24,1760,1.532,1.866,1,1
30,4,21,9,N,nb25,1760,1.385,1.753,2,1
30,4,21,9,N,nb26,1760,1.05,1.837,1,1
30,4,21,9,N,nb27,1760,0.121,1.35,1,1
30,4,21,9,N,nb28,1760,1.823,-0.212,2,1
30,4,21,9,N,nb29,1760,-1.492,-1.866,1,0
30,4,21,9,A,aa0,1760,-0.795,0.569,1,0
30,4,21,9,A,aa1,1760,-1.704,0.844,0,0
30,4,21,9,A,aa2,1760,-1.478,-1.678,0,0
30,4,21,9,A,aa3,1760,0.883,1.865,1,0
30,4,21,9,A,aa4,1760,1.762,1.866,1,0
30,4,21,9,A,aa5,1760,-1.39,1.866,0,0
30,4,21,9,A,aa6,1760,-1.667,-0.954,1,0
30,4,21,9,A,aa7,1760,1.216,-1.641,0,0
30,4,21,9,A,aa8,1760,-1.723,1.775,0,0
30,4,21,9,N,nb0,1765,0.393,-1.601,1,1
30,4,21,9,N,nb1,1765,1.866,0.468,1,1
30,4,21,9,N,nb2,1765,1.676,-0.297,2,1
30,4,21,9,N,nb3,1765,-0.287,0.654,1,1
30,4,21,9,N,nb4,1765,-1.846,-0.41,1,1
30,4,21,9,N,nb5,1765,-1.185,-1.866,1,0
30,4,21,9,N,nb6,1765,0.838,1.668,0,0
30,4,21,9,N,nb7,1765,1.75,0.076,2,1
30,4,21,9,N,nb8,1765,0.401,-1.835,2,1
30,4,21,9,N,nb9,1765,1.258,1.865,2,1
30,4,21,9,N,nb10,1765,-0.131,0.838,1,1
30,4,21,9,N,nb11,1765,-0.812,-1.845,1,1
30,4,21,9,N,nb12,1765,0.235,-1.865,1,1
30,4,21,9,N,nb13,1765,1.719,-0.464,1,1
30,4,21,9,N,nb14,1765,-1.753,-1.866,1,1
30,4,21,9,N,nb15,1765,1.794,0.239,2,1
30,4,21,9,N,nb16,1765,0.21,1.127,1,1
30,4,21,9,N,nb17,1765,0.704,1.445,1,1
30,4,21,9,N,nb18,1765,-0.979,-1.865,3,0
30,4,21,9,N,nb19,1765,-1.819,-1.055,0,0
30,4,21,9,N,nb20,1765,-1.866,-0.578,1,1
30,4,21,9,N,nb21,1765,0.545,1.271,1,1
30,4,21,9,N,nb22,1765,1.865,-0.047,2,1
30,4,21,9,N,nb23,1765,-1.009,-1.656,1,0
30,4,21,9,N,nb24,1765,1.532,1.866,1,1
30,4,21,9,N,nb25,1765,1.385,1.753,2,1
30,4,21,9,N,nb26,1765,1.089,1.824,1,1
30,4,21,9,N,nb27,1765,0.121,1.35,1,1
30,4,21,9,N,nb28,1765,1.823,-0.212,2,1
30,4,21,9,N,nb29,1765,-1.506,-1.866,1,0
30,4,21,9,A,aa0,1765,-0.73,0.645,1,0
30,4,21,9,A,aa1,1765,-1.755,0.758,0,0
30,4,21,9,A,aa2,1765,-1.392,-1.636,0,0
30,4,21,9,A,aa3,1765,0.924,1.865,1,0
30,4,21,9,A,aa4,1765,1.723,1.866,1,0
30,4,21,9,A,aa5,1765,-1.47,1.866,0,0
30,4,21,9,A,aa6,1765,-1.744,-0.903,1,0
30,4,21,9,A,aa7,1765,1.305,-1.595,0,0
30,4,21,9,A,aa8,1765,-1.741,1.859,0,0
30,4,21,9,N,nb0,1770,0.393,-1.601,1,1
30,4,21,9,N,nb1,1770,1.866,0.468,1,1
30,4,21,9,N,nb2,1770,1.676,-0.297,2,0
30,4,21,9,N,nb3,1770,-0.287,0.654,1,1
30,4,21,9,N,nb4,1770,-1.846,-0.41,1,1
30,4,21,9,N,nb5,1770,-1.146,-1.866,1,0
30,4,21,9,N,nb6,1770,0.878,1.623,1,1
30,4,21,9,N,nb7,1770,1.75,0.076,2,1
30,4,21,9,N,nb8,1770,0.401,-1.835,2,1
30,4,21,9,N,nb9,1770,1.258,1.865,2,1
30,4,21,9,N,nb10,1770,-0.131,0.838,1,1
30,4,21,9,N,nb11,1770,-0.8,-1.84,1,0
30,4,21,9,N,nb12,1770,0.235,-1.865,1,1
30,4,21,9,N,nb13,1770,1.719,-0.464,1,1
30,4,21,9,N,nb14,1770,-1.752,-1.866,1,0
30,4,21,9,N,nb15,1770,1.794,0.239,2,1
30,4,21,9,N,nb16,1770,0.21,1.127,1,1
30,4,21,9,N,nb17,1770,0.704,1.445,2,1
30,4,21,9,N,nb18,1770,-0.966,-1.864,3,0
30,4,21,9,N,nb19,1770,-1.865,-1.016,0,0
30,4,21,9,N,nb20,1770,-1.866,-0.578,1,1
30,4,21,9,N,nb21,1770,0.545,1.271,1,1
30,4,21,9,N,nb22,1770,1.865,-0.047,2,1
30,4,21,9,N,nb23,1770,-0.969,-1.649,1,0
30,4,21,9,N,nb24,1770,1.532,1.866,1,1
30,4,21,9,N,nb25,1770,1.385,1.753,2,1
30,4,21,9,N,nb26,1770,1.094,1.822,1,1
30,4,21,9,N,nb27,1770,0.121,1.35,1,1
30,4,21,9,N,nb28,1770,1.823,-0.212,2,0
30,4,21,9,N,nb29,1770,-1.517,-1.866,1,0
30,4,21,9,A,aa0,1770,-0.664,0.72,2,0
30,4,21,9,A,aa1,1770,-1.801,0.676,0,0
30,4,21,9,A,aa2,1770,-1.305,-1.588,6,1
30,4,21,9,A,aa3,1770,0.93,1.865,2,0
30,4,21,9,A,aa4,1770,1.701,1.866,0,0
30,4,21,9,A,aa5,1770,-1.555,1.866,0,0
30,4,21,9,A,aa6,1770,-1.821,-0.851,1,0
30,4,21,9,A,aa7,1770,1.394,-1.549,0,0
30,4,21,9,A,aa8,1770,-1.77,1.866,0,0
30,4,21,9,N,nb0,1775,0.393,-1.601,1,1
30,4,21,9,N,nb1,1775,1.866,0.468,1,1
30,4,21,9,N,nb2,1775,1.676,-0.297,2,1
30,4,21,9,N,nb3,1775,-0.287,0.654,1,1
30,4,21,9,N,nb4,1775,-1.846,-0.41,1,1
30,4,21,9,N,nb5,1775,-1.08,-1.865,1,0
30,4,21,9,N,nb6,1775,0.878,1.623,1,1
30,4,21,9,N,nb7,1775,1.75,0.076,2,1
30,4,21,9,N,nb8,1775,0.401,-1.835,2,1
30,4,21,9,N,nb9,1775,1.258,1.865,2,1
30,4,21,9,N,nb10,1775,-0.131,0.838,1,1
30,4,21,9,N,nb11,1775,-0.745,-1.821,2,0
30,4,21,9,N,nb12,1775,0.235,-1.865,1,1
30,4,21,9,N,nb13,1775,1.719,-0.464,1,1
30,4,21,9,N,nb14,1775,-1.71,-1.866,1,0
30,4,21,9,N,nb15,1775,1.794,0.239,2,1
30,4,21,9,N,nb16,1775,0.21,1.127,1,1
30,4,21,9,N,nb17,1775,0.704,1.445,2,1
30,4,21,9,N,nb18,1775,-0.912,-1.84,3,0
30,4,21,9,N,nb19,1775,-1.865,-0.994,0,0
30,4,21,9,N,nb20,1775,-1.866,-0.578,1,1
30,4,21,9,N,nb21,1775,0.545,1.271,1,1
30,4,21,9,N,nb22,1775,1.865,-0.047,2,1
30,4,21,9,N,nb23,1775,-0.9,-1.634,2,0
30,4,21,9,N,nb24,1775,1.532,1.866,1,1
30,4,21,9,N,nb25,1775,1.385,1.753,2,1
30,4,21,9,N,nb26,1775,1.094,1.822,1,1
30,4,21,9,N,nb27,1775,0.121,1.35,1,1
30,4,21,9,N,nb28,1775,1.823,-0.212,2,1
30,4,21,9,N,nb29,1775,-1.541,-1.866,1,0
30,4,21,9,A,aa0,1775,-0.598,0.795,2,0
30,4,21,9,A,aa1,1775,-1.835,0.592,0,0
30,4,21,9,A,aa2,1775,-1.218,-1.539,0,0
30,4,21,9,A,aa3,1775,0.93,1.865,2,0
30,4,21,9,A,aa4,1775,1.701,1.866,1,0
30,4,21,9,A,aa5,1775,-1.61,1.866,0,0
30,4,21,9,A,aa6,1775,-1.865,-0.795,1,0
30,4,21,9,A,aa7,1775,1.483,-1.503,0,0
30,4,21,9,A,aa8,1775,-1.813,1.866,0,0
30,4,21,9,N,nb0,1780,0.393,-1.601,1,1
30,4,21,9,N,nb1,1780,1.866,0.468,1,1
30,4,21,9,N,nb2,1780,1.676,-0.297,2,1
30,4,21,9,N,nb3,1780,-0.287,0.654,1,1
30,4,21,9,N,nb4,1780,-1.846,-0.41,1,1
30,4,21,9,N,nb5,1780,-0.991,-1.857,1,0
30,4,21,9,N,nb6,1780,0.878,1.623,1,1
30,4,21,9,N,nb7,1780,1.75,0.076,2,1
30,4,21,9,N,nb8,1780,0.401,-1.835,2,1
30,4,21,9,N,nb9,1780,1.258,1.865,2,0
30,4,21,9,N,nb10,1780,-0.131,0.838,1,1
30,4,21,9,N,nb11,1780,-0.657,-1.794,2,0
30,4,21,9,N,nb12,1780,0.235,-1.865,1,1
30,4,21,9,N,nb13,1780,1.719,-0.464,1,1
30,4,21,9,N,nb14,1780,-1.693,-1.866,1,0
30,4,21,9,N,nb15,1780,1.794,0.239,2,1
30,4,21,9,N,nb16,1780,0.21,1.127,1,1
30,4,21,9,N,nb17,1780,0.704,1.445,2,1
30,4,21,9,N,nb18,1780,-0.825,-1.801,3,0
30,4,21,9,N,nb19,1780,-1.865,-0.981,0,0
30,4,21,9,N,nb20,1780,-1.866,-0.578,1,1
30,4,21,9,N,nb21,1780,0.545,1.271,1,0
30,4,21,9,N,nb22,1780,1.865,-0.047,2,1
30,4,21,9,N,nb23,1780,-0.812,-1.605,2,0
30,4,21,9,N,nb24,1780,1.532,1.866,1,1
30,4,21,9,N,nb25,1780,1.385,1.753,2,1
30,4,21,9,N,nb26,1780,1.094,1.822,1,1
30,4,21,9,N,nb27,1780,0.121,1.35,1,1
30,4,21,9,N,nb28,1780,1.823,-0.212,2,1
30,4,21,9,N,nb29,1780,-1.524,-1.866,1,0
30,4,21,9,A,aa0,1780,-0.533,0.871,2,0
30,4,21,9,A,aa1,1780,-1.858,0.505,0,0
30,4,21,9,A,aa2,1780,-1.13,-1.491,0,0
30,4,21,9,A,aa3,1780,0.93,1.865,2,0
30,4,21,9,A,aa4,1780,1.701,1.866,1,0
30,4,21,9,A,aa5,1780,-1.61,1.866,0,0
30,4,21,9,A,aa6,1780,-1.865,-0.747,1,0
30,4,21,9,A,aa7,1780,1.572,-1.457,0,0
30,4,21,9,A,aa8,1780,-1.866,1.866,0,0
30,4,21,9,N,nb0,1785,0.393,-1.601,1,1
30,4,21,9,N,nb1,1785,1.866,0.468,1,1
30,4,21,9,N,nb2,1785,1.676,-0.297,2,1
30,4,21,9,N,nb3,1785,-0.287,0.654,1,1
30,4,21,9,N,nb4,1785,-1.846,-0.41,1,1
30,4,21,9,N,nb5,1785,-0.971,-1.853,1,0
30,4,21,9,N,nb6,1785,0.878,1.623,1,1
30,4,21,9,N,nb7,1785,1.75,0.076,2,1
30,4,21,9,N,nb8,1785,0.401,-1.835,2,1
30,4,21,9,N,nb9,1785,1.258,1.865,2,1
30,4,21,9,N,nb10,1785,-0.131,0.838,1,1
30,4,21,9,N,nb11,1785,-0.637,-1.787,2,1
30,4,21,9,N,nb12,1785,0.235,-1.865,1,1
30,4,21,9,N,nb13,1785,1.719,-0.464,1,1
30,4,21,9,N,nb14,1785,-1.69,-1.866,1,1
30,4,21,9,N,nb15,1785,1.794,0.239,2,1
30,4,21,9,N,nb16,1785,0.21,1.127,1,1
30,4,21,9,N,nb17,1785,0.704,1.445,2,1
30,4,21,9,N,nb18,1785,-0.805,-1.792,3,0
30,4,21,9,N,nb19,1785,-1.865,-0.986,0,0
30,4,21,9,N,nb20,1785,-1.866,-0.578,1,1
30,4,21,9,N,nb21,1785,0.545,1.271,1,1
30,4,21,9,N,nb22,1785,1.865,-0.047,2,1
30,4,21,9,N,nb23,1785,-0.791,-1.597,2,0
30,4,21,9,N,nb24,1785,1.526,1.863,1,1
30,4,21,9,N,nb25,1785,1.385,1.753,2,1
30,4,21,9,N,nb26,1785,1.094,1.822,1,0
30,4,21,9,N,nb27,1785,0.121,1.35,1,1
30,4,21,9,N,nb28,1785,1.823,-0.212,2,1
30,4,21,9,N,nb29,1785,-1.521,-1.866,1,1
30,4,21,9,A,aa0,1785,-0.467,0.946,2,0
30,4,21,9,A,aa1,1785,-1.865,0.414,0,0
30,4,21,9,A,aa2,1785,-1.043,-1.442,3,1
30,4,21,9,A,aa3,1785,0.93,1.865,2,0
30,4,21,9,A,aa4,1785,1.696,1.866,1,0
30,4,21,9,A,aa5,1785,-1.667,1.793,0,0
30,4,21,9,A,aa6,1785,-1.865,-0.747,1,0
30,4,21,9,A,aa7,1785,1.661,-1.412,0,0
30,4,21,9,A,aa8,1785,-1.866,1.866,0,0
30,4,21,9,N,nb0,1790,0.393,-1.601,1,0
30,4,21,9,N,nb1,1790,1.866,0.468,1,1
30,4,21,9,N,nb2,1790,1.676,-0.297,2,1
30,4,21,9,N,nb3,1790,-0.287,0.654,1,1
30,4,21,9,N,nb4,1790,-1.846,-0.41,1,1
30,4,21,9,N,nb5,1790,-0.89,-1.83,1,0
30,4,21,9,N,nb6,1790,0.878,1.623,1,1
30,4,21,9,N,nb7,1790,1.75,0.076,2,1
30,4,21,9,N,nb8,1790,0.401,-1.835,2,1
30,4,21,9,N,nb9,1790,1.258,1.865,2,1
30,4,21,9,N,nb10,1790,-0.131,0.838,1,1
30,4,21,9,N,nb11,1790,-0.569,-1.751,2,1
30,4,21,9,N,nb12,1790,0.235,-1.865,1,0
30,4,21,9,N,nb13,1790,1.719,-0.464,1,1
30,4,21,9,N,nb14,1790,-1.69,-1.866,1,1
30,4,21,9,N,nb15,1790,1.794,0.239,2,1
30,4,21,9,N,nb16,1790,0.21,1.127,1,1
30,4,21,9,N,nb17,1790,0.704,1.445,2,1
30,4,21,9,N,nb18,1790,-0.737,-1.756,3,0
30,4,21,9,N,nb19,1790,-1.865,-1.008,0,0
30,4,21,9,N,nb20,1790,-1.866,-0.578,1,1
30,4,21,9,N,nb21,1790,0.545,1.271,1,1
30,4,21,9,N,nb22,1790,1.865,-0.047,2,1
30,4,21,9,N,nb23,1790,-0.709,-1.559,2,0
30,4,21,9,N,nb24,1790,1.518,1.859,1,1
30,4,21,9,N,nb25,1790,1.385,1.753,2,1
30,4,21,9,N,nb26,1790,1.094,1.822,1,1
30,4,21,9,N,nb27,1790,0.121,1.35,1,1
30,4,21,9,N,nb28,1790,1.823,-0.212,2,1
30,4,21,9,N,nb29,1790,-1.521,-1.866,1,1
30,4,21,9,A,aa0,1790,-0.401,1.022,2,0
30,4,21,9,A,aa1,1790,-1.864,0.322,0,0
30,4,21,9,A,aa2,1790,-0.956,-1.394,0,0
30,4,21,9,A,aa3,1790,0.93,1.865,2,0
30,4,21,9,A,aa4,1790,1.687,1.866,1,0
30,4,21,9,A,aa5,1790,-1.718,1.715,0,0
30,4,21,9,A,aa6,1790,-1.865,-0.747,1,0
30,4,21,9,A,aa7,1790,1.75,-1.366,0,0
30,4,21,9,A,aa8,1790,-1.866,1.866,0,0
30,4,21,9,N,nb0,1795,0.393,-1.601,1,1
30,4,21,9,N,nb1,1795,1.866,0.468,1,1
30,4,21,9,N,nb2,1795,1.676,-0.297,2,1
30,4,21,9,N,nb3,1795,-0.315,0.674,1,0
30,4,21,9,N,nb4,1795,-1.846,-0.41,1,1
30,4,21,9,N,nb5,1795,-0.813,-1.792,1,1
30,4,21,9,N,nb6,1795,0.878,1.623,1,1
30,4,21,9,N,nb7,1795,1.75,0.076,2,1
30,4,21,9,N,nb8,1795,0.401,-1.835,2,1
30,4,21,9,N,nb9,1795,1.258,1.865,2,1
30,4,21,9,N,nb10,1795,-0.121,0.807,1,0
30,4,21,9,N,nb11,1795,-0.491,-1.711,2,1
30,4,21,9,N,nb12,1795,0.235,-1.865,1,1
30,4,21,9,N,nb13,1795,1.719,-0.464,1,1
30,4,21,9,N,nb14,1795,-1.69,-1.866,1,1
30,4,21,9,N,nb15,1795,1.794,0.239,2,1
30,4,21,9,N,nb16,1795,0.192,1.152,1,0
30,4,21,9,N,nb17,1795,0.704,1.445,2,1
30,4,21,9,N,nb18,1795,-0.659,-1.71,3,1
30,4,21,9,N,nb19,1795,-1.865,-1.045,0,0
30,4,21,9,N,nb20,1795,-1.866,-0.578,1,1
30,4,21,9,N,nb21,1795,0.545,1.271,1,1
30,4,21,9,N,nb22,1795,1.865,-0.047,2,1
30,4,21,9,N,nb23,1795,-0.627,-1.513,2,1
30,4,21,9,N,nb24,1795,1.518,1.859,1,1
30,4,21,9,N,nb25,1795,1.385,1.753,2,1
30,4,21,9,N,nb26,1795,1.094,1.822,1,1
30,4,21,9,N,nb27,1795,0.092,1.332,1,0
30,4,21,9,N,nb28,1795,1.823,-0.212,2,1
30,4,21,9,N,nb29,1795,-1.521,-1.866,1,1
30,4,21,9,A,aa0,1795,-0.336,1.097,0,0
30,4,21,9,A,aa1,1795,-1.855,0.23,0,0
30,4,21,9,A,aa2,1795,-0.868,-1.345,0,0
30,4,21,9,A,aa3,1795,0.93,1.865,2,0
30,4,21,9,A,aa4,1795,1.687,1.866,1,0
30,4,21,9,A,aa5,1795,-1.761,1.632,0,0
30,4,21,9,A,aa6,1795,-1.865,-0.747,1,0
30,4,21,9,A,aa7,1795,1.828,-1.322,0,0
30,4,21,9,A,aa8,1795,-1.866,1.866,0,0
30,4,21,9,N,nb0,1800,0.393,-1.601,1,1
30,4,21,9,N,nb1,1800,1.866,0.468,1,1
30,4,21,9,N,nb2,1800,1.676,-0.297,2,1
30,4,21,9,N,nb3,1800,-0.397,0.724,0,0
30,4,21,9,N,nb4,1800,-1.846,-0.41,1,1
30,4,21,9,N,nb5,1800,-0.8,-1.784,1,0
30,4,21,9,N,nb6,1800,0.878,1.623,1,1
30,4,21,9,N,nb7,1800,1.75,0.076,2,1
30,4,21,9,N,nb8,1800,0.401,-1.835,2,1
30,4,21,9,N,nb9,1800,1.258,1.865,2,1
30,4,21,9,N,nb10,1800,-0.083,0.72,0,0
30,4,21,9,N,nb11,1800,-0.483,-1.707,2,1
30,4,21,9,N,nb12,1800,0.235,-1.865,1,1
30,4,21,9,N,nb13,1800,1.719,-0.464,1,1
30,4,21,9,N,nb14,1800,-1.69,-1.866,1,1
30,4,21,9,N,nb15,1800,1.794,0.239,2,1
30,4,21,9,N,nb16,1800,0.137,1.198,1,0
30,4,21,9,N,nb17,1800,0.704,1.445,2,1
30,4,21,9,N,nb18,1800,-0.651,-1.703,3,0
30,4,21,9,N,nb19,1800,-1.865,-1.097,0,0
30,4,21,9,N,nb20,1800,-1.866,-0.578,1,1
30,4,21,9,N,nb21,1800,0.545,1.271,1,1
30,4,21,9,N,nb22,1800,1.865,-0.047,2,1
30,4,21,9,N,nb23,1800,-0.611,-1.503,2,0
30,4,21,9,N,nb24,1800,1.518,1.859,1,1
30,4,21,9,N,nb25,1800,1.385,1.753,2,1
30,4,21,9,N,nb26,1800,1.094,1.822,1,1
30,4,21,9,N,nb27,1800,0.004,1.304,1,0
30,4,21,9,N,nb28,1800,1.823,-0.212,2,1
30,4,21,9,N,nb29,1800,-1.521,-1.866,1,1
30,4,21,9,A,aa0,1800,-0.27,1.173,0,0
30,4,21,9,A,aa1,1800,-1.836,0.139,1,0
30,4,21,9,A,aa2,1800,-0.781,-1.296,0,0
30,4,21,9,A,aa3,1800,0.93,1.865,1,0
30,4,21,9,A,aa4,1800,1.687,1.866,1,0
30,4,21,9,A,aa5,1800,-1.796,1.547,0,0
30,4,21,9,A,aa6,1800,-1.865,-0.747,1,0
30,4,21,9,A,aa7,1800,1.865,-1.268,0,0
30,4,21,9,A,aa8,1800,-1.866,1.866,0,0
30,4,21,9,N,nb0,1805,0.393,-1.601,1,1
30,4,21,9,N,nb1,1805,1.866,0.468,1,1
30,4,21,9,N,nb2,1805,1.676,-0.297,2,1
30,4,21,9,N,nb3,1805,-0.484,0.775,0,0
30,4,21,9,N,nb4,1805,-1.846,-0.41,1,1
30,4,21,9,N,nb5,1805,-0.735,-1.728,1,0
30,4,21,9,N,nb6,1805,0.878,1.623,1,1
30,4,21,9,N,nb7,1805,1.75,0.076,2,1
30,4,21,9,N,nb8,1805,0.401,-1.835,2,1
30,4,21,9,N,nb9,1805,1.258,1.865,2,1
30,4,21,9,N,nb10,1805,-0.04,0.629,0,0
30,4,21,9,N,nb11,1805,-0.411,-1.677,1,1
30,4,21,9,N,nb12,1805,0.235,-1.865,1,1
30,4,21,9,N,nb13,1805,1.719,-0.464,1,1
30,4,21,9,N,nb14,1805,-1.69,-1.866,1,1
30,4,21,9,N,nb15,1805,1.794,0.239,2,1
30,4,21,9,N,nb16,1805,0.1,1.22,1,1
30,4,21,9,N,nb17,1805,0.704,1.445,2,1
30,4,21,9,N,nb18,1805,-0.577,-1.654,3,0
30,4,21,9,N,nb19,1805,-1.865,-1.161,0,0
30,4,21,9,N,nb20,1805,-1.866,-0.578,1,1
30,4,21,9,N,nb21,1805,0.545,1.271,1,1
30,4,21,9,N,nb22,1805,1.865,-0.047,2,1
30,4,21,9,N,nb23,1805,-0.532,-1.449,1,0
30,4,21,9,N,nb24,1805,1.518,1.859,1,1
30,4,21,9,N,nb25,1805,1.385,1.753,2,0
30,4,21,9,N,nb26,1805,1.094,1.822,1,1
30,4,21,9,N,nb27,1805,-0.055,1.29,1,1
30,4,21,9,N,nb28,1805,1.823,-0.212,2,1
30,4,21,9,N,nb29,1805,-1.521,-1.866,1,1
30,4,21,9,A,aa0,1805,-0.217,1.24,1,0
30,4,21,9,A,aa1,1805,-1.808,0.049,1,0
30,4,21,9,A,aa2,1805,-0.778,-1.295,0,0
30,4,21,9,A,aa3,1805,0.93,1.865,2,0
30,4,21,9,A,aa4,1805,1.687,1.866,1,0
30,4,21,9,A,aa5,1805,-1.82,1.46,0,0
30,4,21,9,A,aa6,1805,-1.865,-0.747,1,0
30,4,21,9,A,aa7,1805,1.865,-1.205,0,0
30,4,21,9,A,aa8,1805,-1.866,1.861,0,0
30,4,21,9,N,nb0,1810,0.393,-1.601,1,1
30,4,21,9,N,nb1,1810,1.866,0.468,1,1
30,4,21,9,N,nb2,1810,1.676,-0.297,2,1
30,4,21,9,N,nb3,1810,-0.57,0.826,0,0
30,4,21,9,N,nb4,1810,-1.846,-0.41,1,1
30,4,21,9,N,nb5,1810,-0.689,-1.672,1,1
30,4,21,9,N,nb6,1810,0.878,1.623,1,1
30,4,21,9,N,nb7,1810,1.75,0.076,2,1
30,4,21,9,N,nb8,1810,0.401,-1.835,2,1
30,4,21,9,N,nb9,1810,1.258,1.865,2,1
30,4,21,9,N,nb10,1810,0.003,0.539,0,0
30,4,21,9,N,nb11,1810,-0.357,-1.664,1,1
30,4,21,9,N,nb12,1810,0.235,-1.865,1,1
30,4,21,9,N,nb13,1810,1.719,-0.464,1,1
30,4,21,9,N,nb14,1810,-1.69,-1.866,1,1
30,4,21,9,N,nb15,1810,1.794,0.239,2,1
30,4,21,9,N,nb16,1810,0.1,1.22,1,1
30,4,21,9,N,nb17,1810,0.704,1.445,2,1
30,4,21,9,N,nb18,1810,-0.515,-1.607,3,1
30,4,21,9,N,nb19,1810,-1.865,-1.235,0,0
30,4,21,9,N,nb20,1810,-1.866,-0.578,1,1
30,4,21,9,N,nb21,1810,0.545,1.271,1,1
30,4,21,9,N,nb22,1810,1.865,-0.047,2,1
30,4,21,9,N,nb23,1810,-0.468,-1.4,1,1
30,4,21,9,N,nb24,1810,1.518,1.859,1,1
30,4,21,9,N,nb25,1810,1.385,1.753,2,1
30,4,21,9,N,nb26,1810,1.094,1.822,1,1
30,4,21,9,N,nb27,1810,-0.055,1.29,1,1
30,4,21,9,N,nb28,1810,1.823,-0.212,2,1
30,4,21,9,N,nb29,1810,-1.521,-1.866,1,1
30,4,21,9,A,aa0,1810,-0.224,1.277,1,0
30,4,21,9,A,aa1,1810,-1.773,-0.038,1,0
30,4,21,9,A,aa2,1810,-0.762,-1.22,0,0
30,4,21,9,A,aa3,1810,0.93,1.865,2,0
30,4,21,9,A,aa4,1810,1.687,1.865,1,0
30,4,21,9,A,aa5,1810,-1.832,1.369,0,0
30,4,21,9,A,aa6,1810,-1.865,-0.747,1,0
30,4,21,9,A,aa7,1810,1.865,-1.133,0,0
30,4,21,9,A,aa8,1810,-1.866,1.842,0,0
30,4,21,9,N,nb0,1815,0.393,-1.601,1,1
30,4,21,9,N,nb1,1815,1.866,0.468,1,1
30,4,21,9,N,nb2,1815,1.676,-0.297,2,1
30,4,21,9,N,nb3,1815,-0.656,0.876,0,0
30,4,21,9,N,nb4,1815,-1.846,-0.41,1,1
30,4,21,9,N,nb5,1815,-0.672,-1.645,1,0
30,4,21,9,N,nb6,1815,0.878,1.623,1,1
30,4,21,9,N,nb7,1815,1.75,0.076,2,1
30,4,21,9,N,nb8,1815,0.401,-1.835,2,1
30,4,21,9,N,nb9,1815,1.258,1.865,2,1
30,4,21,9,N,nb10,1815,0.046,0.449,0,0
30,4,21,9,N,nb11,1815,-0.357,-1.664,1,1
30,4,21,9,N,nb12,1815,0.235,-1.865,1,1
30,4,21,9,N,nb13,1815,1.719,-0.464,1,0
30,4,21,9,N,nb14,1815,-1.69,-1.866,1,1
30,4,21,9,N,nb15,1815,1.794,0.239,2,1
30,4,21,9,N,nb16,1815,0.1,1.22,1,1
30,4,21,9,N,nb17,1815,0.704,1.445,2,1
30,4,21,9,N,nb18,1815,-0.506,-1.587,3,0
30,4,21,9,N,nb19,1815,-1.865,-1.316,0,0
30,4,21,9,N,nb20,1815,-1.866,-0.578,1,1
30,4,21,9,N,nb21,1815,0.545,1.271,1,1
30,4,21,9,N,nb22,1815,1.865,-0.047,2,1
30,4,21,9,N,nb23,1815,-0.441,-1.378,1,0
30,4,21,9,N,nb24,1815,1.518,1.859,1,1
30,4,21,9,N,nb25,1815,1.385,1.753,2,1
30,4,21,9,N,nb26,1815,1.094,1.822,1,1
30,4,21,9,N,nb27,1815,-0.055,1.29,1,1
30,4,21,9,N,nb28,1815,1.823,-0.212,2,1
30,4,21,9,N,nb29,1815,-1.521,-1.866,1,1
30,4,21,9,A,aa0,1815,-0.224,1.278,1,0
30,4,21,9,A,aa1,1815,-1.755,-0.075,1,0
30,4,21,9,A,aa2,1815,-0.741,-1.122,0,0
30,4,21,9,A,aa3,1815,0.93,1.865,2,0
30,4,21,9,A,aa4,1815,1.687,1.855,1,0
30,4,21,9,A,aa5,1815,-1.833,1.277,0,0
30,4,21,9,A,aa6,1815,-1.865,-0.747,1,0
30,4,21,9,A,aa7,1815,1.865,-1.052,0,0
30,4,21,9,A,aa8,1815,-1.866,1.811,0,0
30,4,21,9,N,nb0,1820,0.393,-1.601,1,1
30,4,21,9,N,nb1,1820,1.866,0.468,1,1
30,4,21,9,N,nb2,1820,1.676,-0.297,2,1
30,4,21,9,N,nb3,1820,-0.742,0.927,0,0
30,4,21,9,N,nb4,1820,-1.846,-0.41,1,1
30,4,21,9,N,nb5,1820,-0.633,-1.566,1,0
30,4,21,9,N,nb6,1820,0.878,1.623,1,1
30,4,21,9,N,nb7,1820,1.75,0.076,2,1
30,4,21,9,N,nb8,1820,0.401,-1.835,2,1
30,4,21,9,N,nb9,1820,1.258,1.865,2,1
30,4,21,9,N,nb10,1820,0.089,0.358,0,0
30,4,21,9,N,nb11,1820,-0.357,-1.664,1,1
30,4,21,9,N,nb12,1820,0.235,-1.865,1,1
30,4,21,9,N,nb13,1820,1.719,-0.464,1,1
30,4,21,9,N,nb14,1820,-1.69,-1.866,1,1
30,4,21,9,N,nb15,1820,1.794,0.239,2,1
30,4,21,9,N,nb16,1820,0.1,1.22,1,1
30,4,21,9,N,nb17,1820,0.704,1.445,2,1
30,4,21,9,N,nb18,1820,-0.449,-1.52,3,0
30,4,21,9,N,nb19,1820,-1.865,-1.402,0,0
30,4,21,9,N,nb20,1820,-1.866,-0.578,1,1
30,4,21,9,N,nb21,1820,0.545,1.271,1,1
30,4,21,9,N,nb22,1820,1.865,-0.047,2,1
30,4,21,9,N,nb23,1820,-0.368,-1.313,1,0
30,4,21,9,N,nb24,1820,1.518,1.859,1,1
30,4,21,9,N,nb25,1820,1.385,1.753,2,1
30,4,21,9,N,nb26,1820,1.094,1.822,1,1
30,4,21,9,N,nb27,1820,-0.055,1.29,1,1
30,4,21,9,N,nb28,1820,1.823,-0.212,2,1
30,4,21,9,N,nb29,1820,-1.521,-1.866,1,1
30,4,21,9,A,aa0,1820,-0.255,1.322,1,0
30,4,21,9,A,aa1,1820,-1.68,-0.135,1,0
30,4,21,9,A,aa2,1820,-0.721,-1.024,0,0
30,4,21,9,A,aa3,1820,0.93,1.864,2,0
30,4,21,9,A,aa4,1820,1.687,1.851,1,0
30,4,21,9,A,aa5,1820,-1.824,1.185,0,0
30,4,21,9,A,aa6,1820,-1.858,-0.747,0,0
30,4,21,9,A,aa7,1820,1.865,-0.966,1,0
30,4,21,9,A,aa8,1820,-1.866,1.766,0,0
30,4,21,9,N,nb0,1825,0.393,-1.601,1,1
30,4,21,9,N,nb1,1825,1.866,0.468,1,1
30,4,21,9,N,nb2,1825,1.676,-0.297,2,1
30,4,21,9,N,nb3,1825,-0.828,0.978,0,0
30,4,21,9,N,nb4,1825,-1.846,-0.41,1,1
30,4,21,9,N,nb5,1825,-0.615,-1.512,1,1
30,4,21,9,N,nb6,1825,0.878,1.623,1,1
30,4,21,9,N,nb7,1825,1.75,0.076,2,1
30,4,21,9,N,nb8,1825,0.401,-1.835,2,1
30,4,21,9,N,nb9,1825,1.258,1.865,2,1
30,4,21,9,N,nb10,1825,0.132,0.268,0,0
30,4,21,9,N,nb11,1825,-0.357,-1.664,1,1
30,4,21,9,N,nb12,1825,0.235,-1.865,1,1
30,4,21,9,N,nb13,1825,1.719,-0.464,1,1
30,4,21,9,N,nb14,1825,-1.69,-1.866,1,1
30,4,21,9,N,nb15,1825,1.794,0.239,2,1
30,4,21,9,N,nb16,1825,0.1,1.22,1,1
30,4,21,9,N,nb17,1825,0.704,1.445,2,1
30,4,21,9,N,nb18,1825,-0.405,-1.478,3,1
30,4,21,9,N,nb19,1825,-1.865,-1.492,0,0
30,4,21,9,N,nb20,1825,-1.866,-0.578,1,1
30,4,21,9,N,nb21,1825,0.545,1.271,1,1
30,4,21,9,N,nb22,1825,1.865,-0.047,2,1
30,4,21,9,N,nb23,1825,-0.322,-1.271,1,1
30,4,21,9,N,nb24,1825,1.518,1.859,1,1
30,4,21,9,N,nb25,1825,1.385,1.753,2,1
30,4,21,9,N,nb26,1825,1.094,1.822,1,1
30,4,21,9,N,nb27,1825,-0.055,1.29,1,1
30,4,21,9,N,nb28,1825,1.823,-0.212,2,1
30,4,21,9,N,nb29,1825,-1.521,-1.866,1,1
30,4,21,9,A,aa0,1825,-0.315,1.399,1,0
30,4,21,9,A,aa1,1825,-1.601,-0.197,1,0
30,4,21,9,A,aa2,1825,-0.728,-0.985,3,1
30,4,21,9,A,aa3,1825,0.927,1.852,2,0
30,4,21,9,A,aa4,1825,1.676,1.78,2,0
30,4,21,9,A,aa5,1825,-1.806,1.093,0,0
30,4,21,9,A,aa6,1825,-1.831,-0.744,1,0
30,4,21,9,A,aa7,1825,1.865,-0.877,1,0
30,4,21,9,A,aa8,1825,-1.866,1.708,0,0
30,4,21,9,N,nb0,1830,0.393,-1.601,1,1
30,4,21,9,N,nb1,1830,1.866,0.468,1,1
30,4,21,9,N,nb2,1830,1.676,-0.297,2,1
30,4,21,9,N,nb3,1830,-0.915,1.028,0,0
30,4,21,9,N,nb4,1830,-1.846,-0.41,1,1
30,4,21,9,N,nb5,1830,-0.604,-1.462,1,0
30,4,21,9,N,nb6,1830,0.878,1.623,1,1
30,4,21,9,N,nb7,1830,1.75,0.076,2,1
30,4,21,9,N,nb8,1830,0.401,-1.835,2,1
30,4,21,9,N,nb9,1830,1.258,1.865,2,1
30,4,21,9,N,nb10,1830,0.174,0.178,0,0
30,4,21,9,N,nb11,1830,-0.357,-1.664,1,1
30,4,21,9,N,nb12,1830,0.235,-1.865,1,1
30,4,21,9,N,nb13,1830,1.719,-0.464,1,1
30,4,21,9,N,nb14,1830,-1.69,-1.866,1,1
30,4,21,9,N,nb15,1830,1.794,0.239,2,1
30,4,21,9,N,nb16,1830,0.1,1.22,1,1
30,4,21,9,N,nb17,1830,0.704,1.445,2,1
30,4,21,9,N,nb18,1830,-0.405,-1.478,2,1
30,4,21,9,N,nb19,1830,-1.865,-1.584,0,0
30,4,21,9,N,nb20,1830,-1.866,-0.578,1,1
30,4,21,9,N,nb21,1830,0.545,1.271,1,1
30,4,21,9,N,nb22,1830,1.865,-0.047,2,1
30,4,21,9,N,nb23,1830,-0.282,-1.233,0,0
30,4,21,9,N,nb24,1830,1.518,1.859,1,0
30,4,21,9,N,nb25,1830,1.385,1.753,2,1
30,4,21,9,N,nb26,1830,1.094,1.822,1,1
30,4,21,9,N,nb27,1830,-0.055,1.29,1,1
30,4,21,9,N,nb28,1830,1.823,-0.212,2,1
30,4,21,9,N,nb29,1830,-1.521,-1.866,1,1
30,4,21,9,A,aa0,1830,-0.378,1.476,1,0
30,4,21,9,A,aa1,1830,-1.567,-0.224,2,0
30,4,21,9,A,aa2,1830,-0.75,-0.887,0,0
30,4,21,9,A,aa3,1830,0.925,1.816,2,0
30,4,21,9,A,aa4,1830,1.667,1.686,2,0
30,4,21,9,A,aa5,1830,-1.779,1.004,0,0
30,4,21,9,A,aa6,1830,-1.775,-0.721,1,0
30,4,21,9,A,aa7,1830,1.865,-0.874,1,0
30,4,21,9,A,aa8,1830,-1.866,1.64,0,0
30,4,21,9,N,nb0,1835,0.393,-1.601,1,1
30,4,21,9,N,nb1,1835,1.866,0.468,1,1
30,4,21,9,N,nb2,1835,1.676,-0.297,2,1
30,4,21,9,N,nb3,1835,-1.001,1.079,0,0
30,4,21,9,N,nb4,1835,-1.846,-0.41,1,1
30,4,21,9,N,nb5,1835,-0.591,-1.37,1,0
30,4,21,9,N,nb6,1835,0.877,1.621,1,1
30,4,21,9,N,nb7,1835,1.75,0.076,2,1
30,4,21,9,N,nb8,1835,0.401,-1.835,2,1
30,4,21,9,N,nb9,1835,1.258,1.865,2,1
30,4,21,9,N,nb10,1835,0.217,0.087,0,0
30,4,21,9,N,nb11,1835,-0.357,-1.664,1,1
30,4,21,9,N,nb12,1835,0.235,-1.865,1,1
30,4,21,9,N,nb13,1835,1.719,-0.464,1,1
30,4,21,9,N,nb14,1835,-1.69,-1.866,1,1
30,4,21,9,N,nb15,1835,1.794,0.239,2,1
30,4,21,9,N,nb16,1835,0.1,1.22,1,1
30,4,21,9,N,nb17,1835,0.704,1.445,2,1
30,4,21,9,N,nb18,1835,-0.405,-1.478,2,1
30,4,21,9,N,nb19,1835,-1.855,-1.676,0,0
30,4,21,9,N,nb20,1835,-1.866,-0.578,1,1
30,4,21,9,N,nb21,1835,0.545,1.271,1,1
30,4,21,9,N,nb22,1835,1.865,-0.047,2,1
30,4,21,9,N,nb23,1835,-0.21,-1.163,0,0
30,4,21,9,N,nb24,1835,1.518,1.859,1,1
30,4,21,9,N,nb25,1835,1.385,1.753,2,1
30,4,21,9,N,nb26,1835,1.094,1.822,1,1
30,4,21,9,N,nb27,1835,-0.055,1.29,1,1
30,4,21,9,N,nb28,1835,1.823,-0.212,2,1
30,4,21,9,N,nb29,1835,-1.521,-1.866,1,1
30,4,21,9,A,aa0,1835,-0.405,1.51,0,0
30,4,21,9,A,aa1,1835,-1.511,-0.222,2,0
30,4,21,9,A,aa2,1835,-0.772,-0.79,0,0
30,4,21,9,A,aa3,1835,0.929,1.783,2,0
30,4,21,9,A,aa4,1835,1.663,1.588,2,0
30,4,21,9,A,aa5,1835,-1.744,0.915,0,0
30,4,21,9,A,aa6,1835,-1.704,-0.665,2,0
30,4,21,9,A,aa7,1835,1.834,-0.857,1,0
30,4,21,9,A,aa8,1835,-1.866,1.563,0,0
30,4,21,9,N,nb0,1840,0.393,-1.601,1,1
30,4,21,9,N,nb1,1840,1.866,0.468,1,1
30,4,21,9,N,nb2,1840,1.676,-0.297,2,1
30,4,21,9,N,nb3,1840,-1.087,1.13,0,0
30,4,21,9,N,nb4,1840,-1.846,-0.41,1,1
30,4,21,9,N,nb5,1840,-0.588,-1.329,1,1
30,4,21,9,N,nb6,1840,0.874,1.618,1,1
30,4,21,9,N,nb7,1840,1.75,0.076,2,1
30,4,21,9,N,nb8,1840,0.401,-1.835,2,1
30,4,21,9,N,nb9,1840,1.258,1.865,2,1
30,4,21,9,N,nb10,1840,0.26,-0.003,0,0
30,4,21,9,N,nb11,1840,-0.357,-1.664,1,1
30,4,21,9,N,nb12,1840,0.235,-1.865,1,1
30,4,21,9,N,nb13,1840,1.719,-0.464,1,1
30,4,21,9,N,nb14,1840,-1.69,-1.866,2,1
30,4,21,9,N,nb15,1840,1.794,0.239,2,1
30,4,21,9,N,nb16,1840,0.1,1.22,1,1
30,4,21,9,N,nb17,1840,0.704,1.445,2,1
30,4,21,9,N,nb18,1840,-0.405,-1.478,2,1
30,4,21,9,N,nb19,1840,-1.852,-1.697,1,1
30,4,21,9,N,nb20,1840,-1.866,-0.578,1,1
30,4,21,9,N,nb21,1840,0.545,1.271,1,1
30,4,21,9,N,nb22,1840,1.865,-0.047,2,1
30,4,21,9,N,nb23,1840,-0.139,-1.093,0,0
30,4,21,9,N,nb24,1840,1.518,1.859,1,1
30,4,21,9,N,nb25,1840,1.385,1.753,2,1
30,4,21,9,N,nb26,1840,1.094,1.822,1,1
30,4,21,9,N,nb27,1840,-0.055,1.29,1,1
30,4,21,9,N,nb28,1840,1.823,-0.212,2,1
30,4,21,9,N,nb29,1840,-1.521,-1.866,1,1
30,4,21,9,A,aa0,1840,-0.405,1.51,1,0
30,4,21,9,A,aa1,1840,-1.411,-0.217,2,0
30,4,21,9,A,aa2,1840,-0.794,-0.692,0,0
30,4,21,9,A,aa3,1840,0.931,1.778,2,0
30,4,21,9,A,aa4,1840,1.66,1.488,2,0
30,4,21,9,A,aa5,1840,-1.704,0.822,0,0
30,4,21,9,A,aa6,1840,-1.626,-0.61,2,0
30,4,21,9,A,aa7,1840,1.746,-0.813,1,0
30,4,21,9,A,aa8,1840,-1.866,1.48,0,0
30,4,21,9,N,nb0,1845,0.393,-1.601,1,1
30,4,21,9,N,nb1,1845,1.866,0.468,1,1
30,4,21,9,N,nb2,1845,1.676,-0.297,2,1
30,4,21,9,N,nb3,1845,-1.173,1.18,0,0
30,4,21,9,N,nb4,1845,-1.846,-0.41,1,1
30,4,21,9,N,nb5,1845,-0.588,-1.329,1,1
30,4,21,9,N,nb6,1845,0.869,1.606,1,1
30,4,21,9,N,nb7,1845,1.75,0.076,2,1
30,4,21,9,N,nb8,1845,0.401,-1.835,2,1
30,4,21,9,N,nb9,1845,1.258,1.865,2,1
30,4,21,9,N,nb10,1845,0.303,-0.094,0,0
30,4,21,9,N,nb11,1845,-0.357,-1.664,1,1
30,4,21,9,N,nb12,1845,0.235,-1.865,1,1
30,4,21,9,N,nb13,1845,1.719,-0.464,1,1
30,4,21,9,N,nb14,1845,-1.69,-1.866,2,1
30,4,21,9,N,nb15,1845,1.794,0.239,2,1
30,4,21,9,N,nb16,1845,0.1,1.22,1,1
30,4,21,9,N,nb17,1845,0.704,1.445,2,1
30,4,21,9,N,nb18,1845,-0.405,-1.478,2,1
30,4,21,9,N,nb19,1845,-1.852,-1.697,1,1
30,4,21,9,N,nb20,1845,-1.866,-0.578,1,1
30,4,21,9,N,nb21,1845,0.545,1.271,1,1
30,4,21,9,N,nb22,1845,1.865,-0.047,2,1
30,4,21,9,N,nb23,1845,-0.067,-1.024,0,0
30,4,21,9,N,nb24,1845,1.518,1.859,1,1
30,4,21,9,N,nb25,1845,1.385,1.753,2,1
30,4,21,9,N,nb26,1845,1.094,1.822,1,1
30,4,21,9,N,nb27,1845,-0.055,1.29,1,1
30,4,21,9,N,nb28,1845,1.823,-0.212,2,1
30,4,21,9,N,nb29,1845,-1.521,-1.866,1,1
30,4,21,9,A,aa0,1845,-0.499,1.485,1,0
30,4,21,9,A,aa1,1845,-1.311,-0.213,1,0
30,4,21,9,A,aa2,1845,-0.809,-0.656,0,0
30,4,21,9,A,aa3,1845,0.936,1.763,2,0
30,4,21,9,A,aa4,1845,1.659,1.445,2,0
30,4,21,9,A,aa5,1845,-1.665,0.73,0,0
30,4,21,9,A,aa6,1845,-1.542,-0.559,2,0
30,4,21,9,A,aa7,1845,1.656,-0.77,1,0
30,4,21,9,A,aa8,1845,-1.866,1.477,0,0
30,4,21,9,N,nb0,1850,0.393,-1.601,1,1
30,4,21,9,N,nb1,1850,1.866,0.468,1,1
30,4,21,9,N,nb2,1850,1.676,-0.297,2,1
30,4,21,9,N,nb3,1850,-1.259,1.231,0,0
30,4,21,9,N,nb4,1850,-1.846,-0.41,1,1
30,4,21,9,N,nb5,1850,-0.588,-1.329,1,1
30,4,21,9,N,nb6,1850,0.869,1.606,1,1
30,4,21,9,N,nb7,1850,1.75,0.076,2,1
30,4,21,9,N,nb8,1850,0.401,-1.835,2,1
30,4,21,9,N,nb9,1850,1.258,1.865,2,1
30,4,21,9,N,nb10,1850,0.346,-0.184,0,0
30,4,21,9,N,nb11,1850,-0.357,-1.664,1,1
30,4,21,9,N,nb12,1850,0.235,-1.865,1,1
30,4,21,9,N,nb13,1850,1.719,-0.464,1,1
30,4,21,9,N,nb14,1850,-1.69,-1.866,2,1
30,4,21,9,N,nb15,1850,1.794,0.239,2,1
30,4,21,9,N,nb16,1850,0.1,1.22,1,1
30,4,21,9,N,nb17,1850,0.704,1.445,2,1
30,4,21,9,N,nb18,1850,-0.405,-1.478,2,1
30,4,21,9,N,nb19,1850,-1.852,-1.697,1,1
30,4,21,9,N,nb20,1850,-1.866,-0.578,1,1
30,4,21,9,N,nb21,1850,0.545,1.271,1,1
30,4,21,9,N,nb22,1850,1.865,-0.047,2,1
30,4,21,9,N,nb23,1850,0.004,-0.954,0,0
30,4,21,9,N,nb24,1850,1.518,1.859,1,1
30,4,21,9,N,nb25,1850,1.385,1.753,2,1
30,4,21,9,N,nb26,1850,1.094,1.822,1,1
30,4,21,9,N,nb27,1850,-0.055,1.29,1,1
30,4,21,9,N,nb28,1850,1.823,-0.212,2,1
30,4,21,9,N,nb29,1850,-1.521,-1.866,1,1
30,4,21,9,A,aa0,1850,-0.596,1.459,1,0
30,4,21,9,A,aa1,1850,-1.211,-0.209,0,0
30,4,21,9,A,aa2,1850,-0.87,-0.577,0,0
30,4,21,9,A,aa3,1850,0.936,1.763,2,0
30,4,21,9,A,aa4,1850,1.659,1.445,2,0
30,4,21,9,A,aa5,1850,-1.626,0.638,0,0
30,4,21,9,A,aa6,1850,-1.457,-0.507,2,0
30,4,21,9,A,aa7,1850,1.566,-0.727,1,0
30,4,21,9,A,aa8,1850,-1.84,1.427,0,0
30,4,21,9,N,nb0,1855,0.393,-1.601,1,1
30,4,21,9,N,nb1,1855,1.866,0.468,1,1
30,4,21,9,N,nb2,1855,1.676,-0.297,2,1
30,4,21,9,N,nb3,1855,-1.346,1.282,0,0
30,4,21,9,N,nb4,1855,-1.846,-0.41,1,0
30,4,21,9,N,nb5,1855,-0.588,-1.329,1,1
30,4,21,9,N,nb6,1855,0.869,1.595,1,1
30,4,21,9,N,nb7,1855,1.75,0.076,2,1
30,4,21,9,N,nb8,1855,0.401,-1.835,2,1
30,4,21,9,N,nb9,1855,1.258,1.865,2,1
30,4,21,9,N,nb10,1855,0.389,-0.274,0,0
30,4,21,9,N,nb11,1855,-0.357,-1.664,1,1
30,4,21,9,N,nb12,1855,0.235,-1.865,1,1
30,4,21,9,N,nb13,1855,1.719,-0.464,1,1
30,4,21,9,N,nb14,1855,-1.69,-1.866,2,1
30,4,21,9,N,nb15,1855,1.794,0.239,2,1
30,4,21,9,N,nb16,1855,0.1,1.22,1,1
30,4,21,9,N,nb17,1855,0.704,1.445,2,1
30,4,21,9,N,nb18,1855,-0.405,-1.478,2,1
30,4,21,9,N,nb19,1855,-1.852,-1.697,1,1
30,4,21,9,N,nb20,1855,-1.866,-0.578,1,1
30,4,21,9,N,nb21,1855,0.545,1.271,1,1
30,4,21,9,N,nb22,1855,1.865,-0.047,2,1
30,4,21,9,N,nb23,1855,0.076,-0.884,0,0
30,4,21,9,N,nb24,1855,1.518,1.859,1,1
30,4,21,9,N,nb25,1855,1.385,1.753,2,1
30,4,21,9,N,nb26,1855,1.094,1.822,1,1
30,4,21,9,N,nb27,1855,-0.055,1.29,1,1
30,4,21,9,N,nb28,1855,1.823,-0.212,2,1
30,4,21,9,N,nb29,1855,-1.521,-1.866,1,1
30,4,21,9,A,aa0,1855,-0.692,1.434,0,0
30,4,21,9,A,aa1,1855,-1.111,-0.204,0,0
30,4,21,9,A,aa2,1855,-0.93,-0.497,0,0
30,4,21,9,A,aa3,1855,0.942,1.748,2,0
30,4,21,9,A,aa4,1855,1.659,1.445,2,0
30,4,21,9,A,aa5,1855,-1.587,0.546,0,0
30,4,21,9,A,aa6,1855,-1.371,-0.455,2,0
30,4,21,9,A,aa7,1855,1.476,-0.683,2,0
30,4,21,9,A,aa8,1855,-1.84,1.427,0,0
30,4,21,9,N,nb0,1860,0.393,-1.601,1,1
30,4,21,9,N,nb1,1860,1.866,0.468,1,1
30,4,21,9,N,nb2,1860,1.676,-0.297,2,1
30,4,21,9,N,nb3,1860,-1.432,1.333,0,0
30,4,21,9,N,nb4,1860,-1.846,-0.41,1,1
30,4,21,9,N,nb5,1860,-0.588,-1.329,1,1
30,4,21,9,N,nb6,1860,0.869,1.591,1,0
30,4,21,9,N,nb7,1860,1.75,0.076,2,1
30,4,21,9,N,nb8,1860,0.401,-1.835,2,1
30,4,21,9,N,nb9,1860,1.258,1.865,2,1
30,4,21,9,N,nb10,1860,0.432,-0.365,0,0
30,4,21,9,N,nb11,1860,-0.357,-1.664,1,1
30,4,21,9,N,nb12,1860,0.235,-1.865,1,1
30,4,21,9,N,nb13,1860,1.719,-0.464,1,1
30,4,21,9,N,nb14,1860,-1.69,-1.866,2,1
30,4,21,9,N,nb15,1860,1.794,0.239,2,1
30,4,21,9,N,nb16,1860,0.1,1.22,1,1
30,4,21,9,N,nb17,1860,0.704,1.445,2,1
30,4,21,9,N,nb18,1860,-0.405,-1.478,2,1
30,4,21,9,N,nb19,1860,-1.852,-1.697,1,1
30,4,21,9,N,nb20,1860,-1.866,-0.578,1,1
30,4,21,9,N,nb21,1860,0.545,1.271,1,1
30,4,21,9,N,nb22,1860,1.865,-0.047,2,1
30,4,21,9,N,nb23,1860,0.147,-0.814,0,0
30,4,21,9,N,nb24,1860,1.518,1.859,1,1
30,4,21,9,N,nb25,1860,1.385,1.753,2,1
30,4,21,9,N,nb26,1860,1.094,1.822,1,1
30,4,21,9,N,nb27,1860,-0.055,1.29,1,1
30,4,21,9,N,nb28,1860,1.823,-0.212,2,1
30,4,21,9,N,nb29,1860,-1.521,-1.866,1,1
30,4,21,9,A,aa0,1860,-0.789,1.408,0,0
30,4,21,9,A,aa1,1860,-1.015,-0.2,0,0
30,4,21,9,A,aa2,1860,-0.988,-0.422,0,0
30,4,21,9,A,aa3,1860,0.944,1.743,2,0
30,4,21,9,A,aa4,1860,1.752,1.47,2,0
30,4,21,9,A,aa5,1860,-1.548,0.454,0,0
30,4,21,9,A,aa6,1860,-1.286,-0.403,1,0
30,4,21,9,A,aa7,1860,1.386,-0.64,2,0
30,4,21,9,A,aa8,1860,-1.764,1.433,0,0
30,4,21,9,N,nb0,1865,0.393,-1.601,1,1
30,4,21,9,N,nb1,1865,1.866,0.468,1,1
30,4,21,9,N,nb2,1865,1.676,-0.297,2,1
30,4,21,9,N,nb3,1865,-1.513,1.381,0,0
30,4,21,9,N,nb4,1865,-1.846,-0.41,1,1
30,4,21,9,N,nb5,1865,-0.588,-1.329,1,1
30,4,21,9,N,nb6,1865,0.869,1.582,1,1
30,4,21,9,N,nb7,1865,1.75,0.076,2,1
30,4,21,9,N,nb8,1865,0.401,-1.835,2,1
30,4,21,9,N,nb9,1865,1.258,1.865,2,1
30,4,21,9,N,nb10,1865,0.474,-0.455,0,0
30,4,21,9,N,nb11,1865,-0.357,-1.664,1,1
30,4,21,9,N,nb12,1865,0.235,-1.865,1,1
30,4,21,9,N,nb13,1865,1.719,-0.464,1,1
30,4,21,9,N,nb14,1865,-1.69,-1.866,2,1
30,4,21,9,N,nb15,1865,1.794,0.239,2,1
30,4,21,9,N,nb16,1865,0.1,1.22,1,1
30,4,21,9,N,nb17,1865,0.704,1.445,2,1
30,4,21,9,N,nb18,1865,-0.405,-1.478,2,1
30,4,21,9,N,nb19,1865,-1.852,-1.697,1,1
30,4,21,9,N,nb20,1865,-1.866,-0.578,1,1
30,4,21,9,N,nb21,1865,0.545,1.271,1,1
30,4,21,9,N,nb22,1865,1.865,-0.047,2,1
30,4,21,9,N,nb23,1865,0.219,-0.744,0,0
30,4,21,9,N,nb24,1865,1.518,1.859,1,1
30,4,21,9,N,nb25,1865,1.385,1.753,2,1
30,4,21,9,N,nb26,1865,1.094,1.822,1,1
30,4,21,9,N,nb27,1865,-0.055,1.29,1,1
30,4,21,9,N,nb28,1865,1.823,-0.212,2,1
30,4,21,9,N,nb29,1865,-1.521,-1.866,1,1
30,4,21,9,A,aa0,1865,-0.886,1.383,0,0
30,4,21,9,A,aa1,1865,-0.975,-0.196,0,0
30,4,21,9,A,aa2,1865,-1.044,-0.36,0,0
30,4,21,9,A,aa3,1865,0.952,1.73,2,0
30,4,21,9,A,aa4,1865,1.756,1.471,2,0
30,4,21,9,A,aa5,1865,-1.509,0.362,0,0
30,4,21,9,A,aa6,1865,-1.213,-0.354,0,0
30,4,21,9,A,aa7,1865,1.347,-0.621,1,0
30,4,21,9,A,aa8,1865,-1.669,1.441,0,0
30,4,21,9,N,nb0,1870,0.393,-1.601,1,1
30,4,21,9,N,nb1,1870,1.866,0.468,1,1
30,4,21,9,N,nb2,1870,1.676,-0.297,2,1
30,4,21,9,N,nb3,1870,-1.504,1.417,0,0
30,4,21,9,N,nb4,1870,-1.846,-0.41,1,1
30,4,21,9,N,nb5,1870,-0.588,-1.329,1,1
30,4,21,9,N,nb6,1870,0.892,1.552,1,0
30,4,21,9,N,nb7,1870,1.75,0.076,2,1
30,4,21,9,N,nb8,1870,0.401,-1.835,2,1
30,4,21,9,N,nb9,1870,1.258,1.865,2,1
30,4,21,9,N,nb10,1870,0.517,-0.545,0,0
30,4,21,9,N,nb11,1870,-0.357,-1.664,1,1
30,4,21,9,N,nb12,1870,0.235,-1.865,1,1
30,4,21,9,N,nb13,1870,1.719,-0.464,1,1
30,4,21,9,N,nb14,1870,-1.69,-1.866,2,1
30,4,21,9,N,nb15,1870,1.794,0.239,2,1
30,4,21,9,N,nb16,1870,0.1,1.22,1,1
30,4,21,9,N,nb17,1870,0.704,1.445,2,1
30,4,21,9,N,nb18,1870,-0.405,-1.478,2,1
30,4,21,9,N,nb19,1870,-1.852,-1.697,1,1
30,4,21,9,N,nb20,1870,-1.866,-0.578,1,1
30,4,21,9,N,nb21,1870,0.545,1.271,1,1
30,4,21,9,N,nb22,1870,1.865,-0.047,2,1
30,4,21,9,N,nb23,1870,0.291,-0.674,0,0
30,4,21,9,N,nb24,1870,1.518,1.859,1,1
30,4,21,9,N,nb25,1870,1.361,1.729,2,0
30,4,21,9,N,nb26,1870,1.095,1.811,1,0
30,4,21,9,N,nb27,1870,-0.055,1.29,1,1
30,4,21,9,N,nb28,1870,1.823,-0.212,2,1
30,4,21,9,N,nb29,1870,-1.521,-1.866,1,1
30,4,21,9,A,aa0,1870,-0.982,1.357,0,0
30,4,21,9,A,aa1,1870,-0.896,-0.144,0,0
30,4,21,9,A,aa2,1870,-1.042,-0.297,0,0
30,4,21,9,A,aa3,1870,0.958,1.712,0,0
30,4,21,9,A,aa4,1870,1.787,1.536,1,0
30,4,21,9,A,aa5,1870,-1.47,0.27,0,0
30,4,21,9,A,aa6,1870,-1.21,-0.31,0,0
30,4,21,9,A,aa7,1870,1.25,-0.619,2,0
30,4,21,9,A,aa8,1870,-1.66,1.479,0,0
30,4,21,9,N,nb0,1875,0.393,-1.601,1,1
30,4,21,9,N,nb1,1875,1.866,0.468,1,1
30,4,21,9,N,nb2,1875,1.676,-0.297,2,1
30,4,21,9,N,nb3,1875,-1.492,1.467,0,0
30,4,21,9,N,nb4,1875,-1.846,-0.41,1,1
30,4,21,9,N,nb5,1875,-0.588,-1.329,1,1
30,4,21,9,N,nb6,1875,0.951,1.476,1,0
30,4,21,9,N,nb7,1875,1.75,0.076,2,1
30,4,21,9,N,nb8,1875,0.401,-1.835,2,1
30,4,21,9,N,nb9,1875,1.258,1.865,2,1
30,4,21,9,N,nb10,1875,0.526,-0.565,1,1
30,4,21,9,N,nb11,1875,-0.357,-1.664,1,1
30,4,21,9,N,nb12,1875,0.235,-1.865,1,1
30,4,21,9,N,nb13,1875,1.719,-0.464,1,1
30,4,21,9,N,nb14,1875,-1.69,-1.866,2,1
30,4,21,9,N,nb15,1875,1.794,0.239,2,1
30,4,21,9,N,nb16,1875,0.1,1.22,1,1
30,4,21,9,N,nb17,1875,0.704,1.445,2,1
30,4,21,9,N,nb18,1875,-0.405,-1.478,2,1
30,4,21,9,N,nb19,1875,-1.852,-1.697,1,1
30,4,21,9,N,nb20,1875,-1.866,-0.578,1,1
30,4,21,9,N,nb21,1875,0.545,1.271,1,1
30,4,21,9,N,nb22,1875,1.865,-0.047,2,1
30,4,21,9,N,nb23,1875,0.305,-0.66,1,1
30,4,21,9,N,nb24,1875,1.518,1.859,0,1
30,4,21,9,N,nb25,1875,1.295,1.661,2,0
30,4,21,9,N,nb26,1875,1.098,1.781,2,0
30,4,21,9,N,nb27,1875,-0.055,1.29,1,1
30,4,21,9,N,nb28,1875,1.823,-0.212,2,1
30,4,21,9,N,nb29,1875,-1.521,-1.866,1,1
30,4,21,9,A,aa0,1875,-0.997,1.344,0,0
30,4,21,9,A,aa1,1875,-0.814,-0.087,0,0
30,4,21,9,A,aa2,1875,-1.024,-0.275,0,0
30,4,21,9,A,aa3,1875,0.962,1.679,1,0
30,4,21,9,A,aa4,1875,1.818,1.621,1,0
30,4,21,9,A,aa5,1875,-1.43,0.178,0,0
30,4,21,9,A,aa6,1875,-1.192,-0.254,0,0
30,4,21,9,A,aa7,1875,1.15,-0.617,1,0
30,4,21,9,A,aa8,1875,-1.647,1.53,0,0
30,4,21,9,N,nb0,1880,0.393,-1.601,1,1
30,4,21,9,N,nb1,1880,1.866,0.468,1,1
30,4,21,9,N,nb2,1880,1.676,-0.297,2,1
30,4,21,9,N,nb3,1880,-1.476,1.528,0,0
30,4,21,9,N,nb4,1880,-1.846,-0.41,1,1
30,4,21,9,N,nb5,1880,-0.588,-1.329,1,1
30,4,21,9,N,nb6,1880,1.007,1.396,0,0
30,4,21,9,N,nb7,1880,1.75,0.076,2,1
30,4,21,9,N,nb8,1880,0.401,-1.835,2,1
30,4,21,9,N,nb9,1880,1.258,1.865,2,1
30,4,21,9,N,nb10,1880,0.526,-0.565,1,1
30,4,21,9,N,nb11,1880,-0.357,-1.664,1,1
30,4,21,9,N,nb12,1880,0.235,-1.865,1,1
30,4,21,9,N,nb13,1880,1.719,-0.464,1,1
30,4,21,9,N,nb14,1880,-1.69,-1.866,2,1
30,4,21,9,N,nb15,1880,1.794,0.239,2,1
30,4,21,9,N,nb16,1880,0.1,1.22,1,1
30,4,21,9,N,nb17,1880,0.704,1.445,1,1
30,4,21,9,N,nb18,1880,-0.405,-1.478,2,1
30,4,21,9,N,nb19,1880,-1.852,-1.697,1,1
30,4,21,9,N,nb20,1880,-1.866,-0.578,1,0
30,4,21,9,N,nb21,1880,0.545,1.271,1,1
30,4,21,9,N,nb22,1880,1.865,-0.047,2,1
30,4,21,9,N,nb23,1880,0.305,-0.66,1,1
30,4,21,9,N,nb24,1880,1.518,1.859,0,1
30,4,21,9,N,nb25,1880,1.257,1.616,2,1
30,4,21,9,N,nb26,1880,1.1,1.761,2,1
30,4,21,9,N,nb27,1880,-0.055,1.29,1,1
30,4,21,9,N,nb28,1880,1.823,-0.212,2,1
30,4,21,9,N,nb29,1880,-1.521,-1.866,1,1
30,4,21,9,A,aa0,1880,-1.064,1.27,0,0
30,4,21,9,A,aa1,1880,-0.733,-0.03,0,0
30,4,21,9,A,aa2,1880,-1.023,-0.28,0,0
30,4,21,9,A,aa3,1880,0.973,1.648,3,1
30,4,21,9,A,aa4,1880,1.837,1.71,2,0
30,4,21,9,A,aa5,1880,-1.391,0.086,0,0
30,4,21,9,A,aa6,1880,-1.158,-0.178,0,0
30,4,21,9,A,aa7,1880,1.05,-0.615,1,0
30,4,21,9,A,aa8,1880,-1.631,1.594,0,0
30,4,21,9,N,nb0,1885,0.393,-1.601,1,1
30,4,21,9,N,nb1,1885,1.866,0.468,1,1
30,4,21,9,N,nb2,1885,1.676,-0.297,2,1
30,4,21,9,N,nb3,1885,-1.459,1.6,0,0
30,4,21,9,N,nb4,1885,-1.846,-0.41,1,1
30,4,21,9,N,nb5,1885,-0.588,-1.329,1,1
30,4,21,9,N,nb6,1885,1.062,1.314,0,0
30,4,21,9,N,nb7,1885,1.75,0.076,2,1
30,4,21,9,N,nb8,1885,0.401,-1.835,2,1
30,4,21,9,N,nb9,1885,1.258,1.865,1,1
30,4,21,9,N,nb10,1885,0.526,-0.565,1,1
30,4,21,9,N,nb11,1885,-0.357,-1.664,1,1
30,4,21,9,N,nb12,1885,0.235,-1.865,1,1
30,4,21,9,N,nb13,1885,1.719,-0.464,1,1
30,4,21,9,N,nb14,1885,-1.69,-1.866,2,1
30,4,21,9,N,nb15,1885,1.794,0.239,2,1
30,4,21,9,N,nb16,1885,0.1,1.22,1,1
30,4,21,9,N,nb17,1885,0.666,1.414,1,0
30,4,21,9,N,nb18,1885,-0.405,-1.478,2,1
30,4,21,9,N,nb19,1885,-1.852,-1.697,1,1
30,4,21,9,N,nb20,1885,-1.866,-0.578,1,1
30,4,21,9,N,nb21,1885,0.545,1.271,1,1
30,4,21,9,N,nb22,1885,1.865,-0.047,2,1
30,4,21,9,N,nb23,1885,0.305,-0.66,1,1
30,4,21,9,N,nb24,1885,1.518,1.859,0,1
30,4,21,9,N,nb25,1885,1.226,1.574,1,0
30,4,21,9,N,nb26,1885,1.092,1.762,2,0
30,4,21,9,N,nb27,1885,-0.055,1.29,1,1
30,4,21,9,N,nb28,1885,1.823,-0.212,2,1
30,4,21,9,N,nb29,1885,-1.521,-1.866,1,1
30,4,21,9,A,aa0,1885,-1.12,1.208,0,0
30,4,21,9,A,aa1,1885,-0.651,0.028,0,0
30,4,21,9,A,aa2,1885,-1.099,-0.329,0,0
30,4,21,9,A,aa3,1885,1.028,1.604,1,0
30,4,21,9,A,aa4,1885,1.845,1.801,1,0
30,4,21,9,A,aa5,1885,-1.353,-0.004,0,0
30,4,21,9,A,aa6,1885,-1.119,-0.091,0,0
30,4,21,9,A,aa7,1885,0.95,-0.613,1,0
30,4,21,9,A,aa8,1885,-1.612,1.666,0,0
30,4,21,9,N,nb0,1890,0.393,-1.601,1,1
30,4,21,9,N,nb1,1890,1.866,0.468,1,1
30,4,21,9,N,nb2,1890,1.676,-0.297,2,1
30,4,21,9,N,nb3,1890,-1.439,1.678,0,0
30,4,21,9,N,nb4,1890,-1.846,-0.41,1,1
30,4,21,9,N,nb5,1890,-0.588,-1.329,1,1
30,4,21,9,N,nb6,1890,1.118,1.231,0,0
30,4,21,9,N,nb7,1890,1.75,0.076,2,1
30,4,21,9,N,nb8,1890,0.401,-1.835,2,1
30,4,21,9,N,nb9,1890,1.258,1.865,0,1
30,4,21,9,N,nb10,1890,0.526,-0.565,1,1
30,4,21,9,N,nb11,1890,-0.357,-1.664,1,1
30,4,21,9,N,nb12,1890,0.235,-1.865,1,1
30,4,21,9,N,nb13,1890,1.719,-0.464,1,1
30,4,21,9,N,nb14,1890,-1.69,-1.866,2,1
30,4,21,9,N,nb15,1890,1.794,0.239,2,1
30,4,21,9,N,nb16,1890,0.1,1.22,1,1
30,4,21,9,N,nb17,1890,0.624,1.386,1,0
30,4,21,9,N,nb18,1890,-0.405,-1.478,2,1
30,4,21,9,N,nb19,1890,-1.852,-1.697,1,1
30,4,21,9,N,nb20,1890,-1.866,-0.578,1,1
30,4,21,9,N,nb21,1890,0.514,1.256,1,1
30,4,21,9,N,nb22,1890,1.865,-0.047,2,1
30,4,21,9,N,nb23,1890,0.305,-0.66,1,1
30,4,21,9,N,nb24,1890,1.518,1.859,0,1
30,4,21,9,N,nb25,1890,1.225,1.507,0,0
30,4,21,9,N,nb26,1890,1.015,1.74,0,0
30,4,21,9,N,nb27,1890,-0.055,1.29,1,1
30,4,21,9,N,nb28,1890,1.823,-0.212,2,1
30,4,21,9,N,nb29,1890,-1.521,-1.866,1,1
30,4,21,9,A,aa0,1890,-1.138,1.155,0,0
30,4,21,9,A,aa1,1890,-0.569,0.085,0,0
30,4,21,9,A,aa2,1890,-1.178,-0.388,0,0
30,4,21,9,A,aa3,1890,1.061,1.552,2,0
30,4,21,9,A,aa4,1890,1.843,1.866,1,0
30,4,21,9,A,aa5,1890,-1.326,-0.089,0,0
30,4,21,9,A,aa6,1890,-1.081,-0.003,0,0
30,4,21,9,A,aa7,1890,0.887,-0.611,1,0
30,4,21,9,A,aa8,1890,-1.592,1.746,0,0
30,4,21,9,N,nb0,1895,0.393,-1.601,1,1
30,4,21,9,N,nb1,1895,1.866,0.468,1,1
30,4,21,9,N,nb2,1895,1.676,-0.297,2,1
30,4,21,9,N,nb3,1895,-1.418,1.761,0,0
30,4,21,9,N,nb4,1895,-1.846,-0.41,1,1
30,4,21,9,N,nb5,1895,-0.588,-1.329,1,1
30,4,21,9,N,nb6,1895,1.173,1.147,0,0
30,4,21,9,N,nb7,1895,1.75,0.076,2,1
30,4,21,9,N,nb8,1895,0.401,-1.835,2,1
30,4,21,9,N,nb9,1895,1.258,1.865,1,1
30,4,21,9,N,nb10,1895,0.526,-0.565,1,1
30,4,21,9,N,nb11,1895,-0.357,-1.664,1,1
30,4,21,9,N,nb12,1895,0.235,-1.865,1,1
30,4,21,9,N,nb13,1895,1.719,-0.464,1,1
30,4,21,9,N,nb14,1895,-1.69,-1.866,2,1
30,4,21,9,N,nb15,1895,1.794,0.239,2,1
30,4,21,9,N,nb16,1895,0.1,1.22,1,0
30,4,21,9,N,nb17,1895,0.608,1.379,1,1
30,4,21,9,N,nb18,1895,-0.405,-1.478,2,1
30,4,21,9,N,nb19,1895,-1.852,-1.697,1,1
30,4,21,9,N,nb20,1895,-1.866,-0.578,1,1
30,4,21,9,N,nb21,1895,0.498,1.25,1,1
30,4,21,9,N,nb22,1895,1.865,-0.047,2,1
30,4,21,9,N,nb23,1895,0.305,-0.66,1,1
30,4,21,9,N,nb24,1895,1.501,1.865,1,1
30,4,21,9,N,nb25,1895,1.24,1.431,0,0
30,4,21,9,N,nb26,1895,0.924,1.721,0,0
30,4,21,9,N,nb27,1895,-0.055,1.29,1,0
30,4,21,9,N,nb28,1895,1.823,-0.212,2,1
30,4,21,9,N,nb29,1895,-1.521,-1.866,1,1
30,4,21,9,A,aa0,1895,-1.169,1.059,0,0
30,4,21,9,A,aa1,1895,-0.487,0.142,0,0
30,4,21,9,A,aa2,1895,-1.257,-0.448,1,0
30,4,21,9,A,aa3,1895,1.081,1.492,2,0
30,4,21,9,A,aa4,1895,1.831,1.866,0,0
30,4,21,9,A,aa5,1895,-1.305,-0.186,1,0
30,4,21,9,A,aa6,1895,-1.037,0.085,0,0
30,4,21,9,A,aa7,1895,0.816,-0.642,2,0
30,4,21,9,A,aa8,1895,-1.57,1.83,0,0
30,4,21,9,N,nb0,1900,0.393,-1.601,1,1
30,4,21,9,N,nb1,1900,1.866,0.468,1,1
30,4,21,9,N,nb2,1900,1.676,-0.297,2,1
30,4,21,9,N,nb3,1900,-1.399,1.847,0,0
30,4,21,9,N,nb4,1900,-1.846,-0.41,1,1
30,4,21,9,N,nb5,1900,-0.588,-1.329,1,1
30,4,21,9,N,nb6,1900,1.228,1.064,0,0
30,4,21,9,N,nb7,1900,1.75,0.076,2,1
30,4,21,9,N,nb8,1900,0.401,-1.835,2,0
30,4,21,9,N,nb9,1900,1.292,1.861,1,0
30,4,21,9,N,nb10,1900,0.526,-0.565,1,1
30,4,21,9,N,nb11,1900,-0.357,-1.664,1,1
30,4,21,9,N,nb12,1900,0.235,-1.865,1,1
30,4,21,9,N,nb13,1900,1.719,-0.464,1,1
30,4,21,9,N,nb14,1900,-1.69,-1.866,2,1
30,4,21,9,N,nb15,1900,1.794,0.239,2,1
30,4,21,9,N,nb16,1900,0.1,1.22,1,1
30,4,21,9,N,nb17,1900,0.605,1.382,1,0
30,4,21,9,N,nb18,1900,-0.405,-1.478,2,1
30,4,21,9,N,nb19,1900,-1.852,-1.697,1,1
30,4,21,9,N,nb20,1900,-1.866,-0.578,1,1
30,4,21,9,N,nb21,1900,0.498,1.25,1,1
30,4,21,9,N,nb22,1900,1.865,-0.047,2,1
30,4,21,9,N,nb23,1900,0.305,-0.66,1,1
30,4,21,9,N,nb24,1900,1.47,1.865,1,0
30,4,21,9,N,nb25,1900,1.253,1.345,0,0
30,4,21,9,N,nb26,1900,0.825,1.705,0,0
30,4,21,9,N,nb27,1900,-0.055,1.29,1,1
30,4,21,9,N,nb28,1900,1.823,-0.212,2,1
30,4,21,9,N,nb29,1900,-1.521,-1.866,1,1
30,4,21,9,A,aa0,1900,-1.199,0.964,0,0
30,4,21,9,A,aa1,1900,-0.405,0.2,0,0
30,4,21,9,A,aa2,1900,-1.33,-0.509,2,0
30,4,21,9,A,aa3,1900,1.104,1.426,0,0
30,4,21,9,A,aa4,1900,1.803,1.866,0,0
30,4,21,9,A,aa5,1900,-1.281,-0.268,1,0
30,4,21,9,A,aa6,1900,-1.018,0.124,0,0
30,4,21,9,A,aa7,1900,0.729,-0.68,2,0
30,4,21,9,A,aa8,1900,-1.566,1.867,0,0
30,4,21,9,N,nb0,1905,0.393,-1.601,1,1
30,4,21,9,N,nb1,1905,1.866,0.468,1,0
30,4,21,9,N,nb2,1905,1.676,-0.297,2,1
30,4,21,9,N,nb3,1905,-1.377,1.866,0,0
30,4,21,9,N,nb4,1905,-1.846,-0.41,1,1
30,4,21,9,N,nb5,1905,-0.588,-1.329,1,1
30,4,21,9,N,nb6,1905,1.283,0.98,0,0
30,4,21,9,N,nb7,1905,1.75,0.076,2,1
30,4,21,9,N,nb8,1905,0.401,-1.835,2,1
30,4,21,9,N,nb9,1905,1.304,1.857,1,0
30,4,21,9,N,nb10,1905,0.526,-0.565,1,1
30,4,21,9,N,nb11,1905,-0.357,-1.664,1,1
30,4,21,9,N,nb12,1905,0.235,-1.865,1,1
30,4,21,9,N,nb13,1905,1.719,-0.464,1,1
30,4,21,9,N,nb14,1905,-1.69,-1.866,2,1
30,4,21,9,N,nb15,1905,1.794,0.239,2,1
30,4,21,9,N,nb16,1905,0.1,1.22,1,1
30,4,21,9,N,nb17,1905,0.58,1.398,1,0
30,4,21,9,N,nb18,1905,-0.405,-1.478,2,1
30,4,21,9,N,nb19,1905,-1.852,-1.697,1,1
30,4,21,9,N,nb20,1905,-1.866,-0.578,1,1
30,4,21,9,N,nb21,1905,0.498,1.25,1,1
30,4,21,9,N,nb22,1905,1.865,-0.047,2,1
30,4,21,9,N,nb23,1905,0.305,-0.66,1,1
30,4,21,9,N,nb24,1905,1.472,1.863,1,0
30,4,21,9,N,nb25,1905,1.263,1.249,0,0
30,4,21,9,N,nb26,1905,0.726,1.69,0,0
30,4,21,9,N,nb27,1905,-0.055,1.29,1,1
30,4,21,9,N,nb28,1905,1.823,-0.212,2,1
30,4,21,9,N,nb29,1905,-1.521,-1.866,1,1
30,4,21,9,A,aa0,1905,-1.23,0.869,0,0
30,4,21,9,A,aa1,1905,-0.323,0.257,0,0
30,4,21,9,A,aa2,1905,-1.401,-0.575,2,0
30,4,21,9,A,aa3,1905,1.129,1.354,0,0
30,4,21,9,A,aa4,1905,1.761,1.866,0,0
30,4,21,9,A,aa5,1905,-1.24,-0.348,0,0
30,4,21,9,A,aa6,1905,-1.014,0.221,0,0
30,4,21,9,A,aa7,1905,0.651,-0.725,2,0
30,4,21,9,A,aa8,1905,-1.546,1.867,0,0
30,4,21,9,N,nb0,1910,0.393,-1.601,1,1
30,4,21,9,N,nb1,1910,1.866,0.468,1,1
30,4,21,9,N,nb2,1910,1.676,-0.297,2,1
30,4,21,9,N,nb3,1910,-1.344,1.866,0,0
30,4,21,9,N,nb4,1910,-1.846,-0.41,1,1
30,4,21,9,N,nb5,1910,-0.588,-1.329,1,1
30,4,21,9,N,nb6,1910,1.336,0.898,0,0
30,4,21,9,N,nb7,1910,1.75,0.076,2,0
30,4,21,9,N,nb8,1910,0.401,-1.835,2,1
30,4,21,9,N,nb9,1910,1.308,1.849,1,1
30,4,21,9,N,nb10,1910,0.526,-0.565,1,1
30,4,21,9,N,nb11,1910,-0.357,-1.664,1,1
30,4,21,9,N,nb12,1910,0.235,-1.865,1,1
30,4,21,9,N,nb13,1910,1.719,-0.464,1,1
30,4,21,9,N,nb14,1910,-1.69,-1.866,2,1
30,4,21,9,N,nb15,1910,1.794,0.239,2,0
30,4,21,9,N,nb16,1910,0.1,1.22,1,1
30,4,21,9,N,nb17,1910,0.546,1.413,1,1
30,4,21,9,N,nb18,1910,-0.405,-1.478,2,1
30,4,21,9,N,nb19,1910,-1.852,-1.697,1,1
30,4,21,9,N,nb20,1910,-1.866,-0.578,1,1
30,4,21,9,N,nb21,1910,0.498,1.25,1,1
30,4,21,9,N,nb22,1910,1.865,-0.047,2,0
30,4,21,9,N,nb23,1910,0.305,-0.66,1,1
30,4,21,9,N,nb24,1910,1.476,1.857,1,1
30,4,21,9,N,nb25,1910,1.271,1.15,0,0
30,4,21,9,N,nb26,1910,0.628,1.675,0,0
30,4,21,9,N,nb27,1910,-0.055,1.29,1,1
30,4,21,9,N,nb28,1910,1.823,-0.212,2,1
30,4,21,9,N,nb29,1910,-1.521,-1.866,1,1
30,4,21,9,A,aa0,1910,-1.261,0.774,0,0
30,4,21,9,A,aa1,1910,-0.241,0.315,0,0
30,4,21,9,A,aa2,1910,-1.474,-0.644,2,0
30,4,21,9,A,aa3,1910,1.154,1.273,1,0
30,4,21,9,A,aa4,1910,1.706,1.866,1,0
30,4,21,9,A,aa5,1910,-1.187,-0.433,0,0
30,4,21,9,A,aa6,1910,-1.011,0.321,0,0
30,4,21,9,A,aa7,1910,0.577,-0.782,2,0
30,4,21,9,A,aa8,1910,-1.53,1.867,0,0
30,4,21,9,N,nb0,1915,0.393,-1.601,1,1
30,4,21,9,N,nb1,1915,1.866,0.468,1,1
30,4,21,9,N,nb2,1915,1.676,-0.297,2,1
30,4,21,9,N,nb3,1915,-1.3,1.866,0,0
30,4,21,9,N,nb4,1915,-1.846,-0.41,1,1
30,4,21,9,N,nb5,1915,-0.588,-1.329,1,1
30,4,21,9,N,nb6,1915,1.388,0.814,0,0
30,4,21,9,N,nb7,1915,1.75,0.076,2,1
30,4,21,9,N,nb8,1915,0.401,-1.835,2,1
30,4,21,9,N,nb9,1915,1.308,1.849,1,1
30,4,21,9,N,nb10,1915,0.526,-0.565,1,1
30,4,21,9,N,nb11,1915,-0.357,-1.664,1,1
30,4,21,9,N,nb12,1915,0.235,-1.865,1,1
30,4,21,9,N,nb13,1915,1.719,-0.464,1,1
30,4,21,9,N,nb14,1915,-1.69,-1.866,2,1
30,4,21,9,N,nb15,1915,1.794,0.239,2,1
30,4,21,9,N,nb16,1915,0.1,1.22,1,1
30,4,21,9,N,nb17,1915,0.546,1.413,1,1
30,4,21,9,N,nb18,1915,-0.405,-1.478,2,0
30,4,21,9,N,nb19,1915,-1.852,-1.697,1,1
30,4,21,9,N,nb20,1915,-1.866,-0.578,1,1
30,4,21,9,N,nb21,1915,0.498,1.25,1,1
30,4,21,9,N,nb22,1915,1.865,-0.047,2,1
30,4,21,9,N,nb23,1915,0.305,-0.66,1,1
30,4,21,9,N,nb24,1915,1.476,1.857,1,1
30,4,21,9,N,nb25,1915,1.27,1.052,0,0
30,4,21,9,N,nb26,1915,0.535,1.663,0,0
30,4,21,9,N,nb27,1915,-0.055,1.29,1,1
30,4,21,9,N,nb28,1915,1.823,-0.212,2,1
30,4,21,9,N,nb29,1915,-1.521,-1.866,1,1
30,4,21,9,A,aa0,1915,-1.291,0.679,0,0
30,4,21,9,A,aa1,1915,-0.159,0.372,0,0
30,4,21,9,A,aa2,1915,-1.546,-0.714,2,0
30,4,21,9,A,aa3,1915,1.167,1.187,0,0
30,4,21,9,A,aa4,1915,1.644,1.866,1,0
30,4,21,9,A,aa5,1915,-1.135,-0.519,0,0
30,4,21,9,A,aa6,1915,-1.007,0.421,0,0
30,4,21,9,A,aa7,1915,0.554,-0.811,2,0
30,4,21,9,A,aa8,1915,-1.524,1.867,0,0
30,4,21,9,N,nb0,1920,0.393,-1.601,1,1
30,4,21,9,N,nb1,1920,1.866,0.468,1,1
30,4,21,9,N,nb2,1920,1.676,-0.297,2,1
30,4,21,9,N,nb3,1920,-1.243,1.866,0,0
30,4,21,9,N,nb4,1920,-1.846,-0.41,1,1
30,4,21,9,N,nb5,1920,-0.588,-1.329,1,1
30,4,21,9,N,nb6,1920,1.44,0.728,0,0
30,4,21,9,N,nb7,1920,1.75,0.076,2,1
30,4,21,9,N,nb8,1920,0.401,-1.835,2,1
30,4,21,9,N,nb9,1920,1.308,1.849,1,1
30,4,21,9,N,nb10,1920,0.526,-0.565,1,1
30,4,21,9,N,nb11,1920,-0.357,-1.664,1,1
30,4,21,9,N,nb12,1920,0.235,-1.865,1,1
30,4,21,9,N,nb13,1920,1.719,-0.464,1,1
30,4,21,9,N,nb14,1920,-1.69,-1.866,2,1
30,4,21,9,N,nb15,1920,1.794,0.239,2,1
30,4,21,9,N,nb16,1920,0.1,1.22,1,1
30,4,21,9,N,nb17,1920,0.546,1.413,1,1
30,4,21,9,N,nb18,1920,-0.405,-1.478,2,1
30,4,21,9,N,nb19,1920,-1.852,-1.697,1,1
30,4,21,9,N,nb20,1920,-1.866,-0.578,1,1
30,4,21,9,N,nb21,1920,0.498,1.25,1,1
30,4,21,9,N,nb22,1920,1.865,-0.047,2,1
30,4,21,9,N,nb23,1920,0.305,-0.66,1,1
30,4,21,9,N,nb24,1920,1.476,1.857,1,1
30,4,21,9,N,nb25,1920,1.27,0.955,0,0
30,4,21,9,N,nb26,1920,0.442,1.662,0,0
30,4,21,9,N,nb27,1920,-0.055,1.29,1,1
30,4,21,9,N,nb28,1920,1.823,-0.212,2,1
30,4,21,9,N,nb29,1920,-1.521,-1.866,1,1
30,4,21,9,A,aa0,1920,-1.322,0.583,0,0
30,4,21,9,A,aa1,1920,-0.14,0.385,0,0
30,4,21,9,A,aa2,1920,-1.606,-0.771,2,0
30,4,21,9,A,aa3,1920,1.165,1.1,0,0
30,4,21,9,A,aa4,1920,1.644,1.866,1,0
30,4,21,9,A,aa5,1920,-1.083,-0.604,0,0
30,4,21,9,A,aa6,1920,-1.004,0.521,0,0
30,4,21,9,A,aa7,1920,0.515,-0.902,2,0
30,4,21,9,A,aa8,1920,-1.536,1.867,0,0
30,4,21,9,N,nb0,1925,0.393,-1.601,1,1
30,4,21,9,N,nb1,1925,1.866,0.468,1,1
30,4,21,9,N,nb2,1925,1.676,-0.297,2,0
30,4,21,9,N,nb3,1925,-1.176,1.866,0,0
30,4,21,9,N,nb4,1925,-1.846,-0.41,1,1
30,4,21,9,N,nb5,1925,-0.588,-1.329,1,1
30,4,21,9,N,nb6,1925,1.491,0.642,0,0
30,4,21,9,N,nb7,1925,1.75,0.076,2,1
30,4,21,9,N,nb8,1925,0.401,-1.835,2,1
30,4,21,9,N,nb9,1925,1.308,1.849,1,1
30,4,21,9,N,nb10,1925,0.526,-0.565,1,1
30,4,21,9,N,nb11,1925,-0.357,-1.664,1,1
30,4,21,9,N,nb12,1925,0.235,-1.865,1,1
30,4,21,9,N,nb13,1925,1.719,-0.464,1,1
30,4,21,9,N,nb14,1925,-1.69,-1.866,2,1
30,4,21,9,N,nb15,1925,1.794,0.239,2,1
30,4,21,9,N,nb16,1925,0.1,1.22,1,1
30,4,21,9,N,nb17,1925,0.546,1.413,1,1
30,4,21,9,N,nb18,1925,-0.405,-1.478,2,1
30,4,21,9,N,nb19,1925,-1.852,-1.697,1,1
30,4,21,9,N,nb20,1925,-1.866,-0.578,1,1
30,4,21,9,N,nb21,1925,0.498,1.25,1,1
30,4,21,9,N,nb22,1925,1.865,-0.047,2,1
30,4,21,9,N,nb23,1925,0.305,-0.66,1,1
30,4,21,9,N,nb24,1925,1.476,1.857,1,1
30,4,21,9,N,nb25,1925,1.274,0.858,0,0
30,4,21,9,N,nb26,1925,0.343,1.667,0,0
30,4,21,9,N,nb27,1925,-0.055,1.29,1,1
30,4,21,9,N,nb28,1925,1.823,-0.212,2,0
30,4,21,9,N,nb29,1925,-1.521,-1.866,1,1
30,4,21,9,A,aa0,1925,-1.353,0.488,0,0
30,4,21,9,A,aa1,1925,-0.103,0.475,0,0
30,4,21,9,A,aa2,1925,-1.627,-0.824,2,0
30,4,21,9,A,aa3,1925,1.148,1.013,0,0
30,4,21,9,A,aa4,1925,1.644,1.866,1,0
30,4,21,9,A,aa5,1925,-1.031,-0.689,0,0
30,4,21,9,A,aa6,1925,-1.0,0.62,0,0
30,4,21,9,A,aa7,1925,0.477,-0.995,2,0
30,4,21,9,A,aa8,1925,-1.559,1.867,0,0
30,4,21,9,N,nb0,1930,0.369,-1.575,0,0
30,4,21,9,N,nb1,1930,1.866,0.468,1,1
30,4,21,9,N,nb2,1930,1.676,-0.297,2,1
30,4,21,9,N,nb3,1930,-1.1,1.866,0,0
30,4,21,9,N,nb4,1930,-1.846,-0.41,1,1
30,4,21,9,N,nb5,1930,-0.588,-1.329,1,1
30,4,21,9,N,nb6,1930,1.543,0.557,0,0
30,4,21,9,N,nb7,1930,1.75,0.076,2,1
30,4,21,9,N,nb8,1930,0.401,-1.835,1,1
30,4,21,9,N,nb9,1930,1.308,1.849,1,1
30,4,21,9,N,nb10,1930,0.542,-0.595,1,0
30,4,21,9,N,nb11,1930,-0.357,-1.664,1,1
30,4,21,9,N,nb12,1930,0.235,-1.865,1,1
30,4,21,9,N,nb13,1930,1.719,-0.464,1,1
30,4,21,9,N,nb14,1930,-1.69,-1.866,2,1
30,4,21,9,N,nb15,1930,1.794,0.239,2,1
30,4,21,9,N,nb16,1930,0.1,1.22,1,1
30,4,21,9,N,nb17,1930,0.546,1.413,1,1
30,4,21,9,N,nb18,1930,-0.405,-1.478,2,1
30,4,21,9,N,nb19,1930,-1.852,-1.697,1,1
30,4,21,9,N,nb20,1930,-1.866,-0.578,1,1
30,4,21,9,N,nb21,1930,0.498,1.25,1,1
30,4,21,9,N,nb22,1930,1.865,-0.047,2,1
30,4,21,9,N,nb23,1930,0.326,-0.636,1,0
30,4,21,9,N,nb24,1930,1.476,1.857,1,1
30,4,21,9,N,nb25,1930,1.283,0.762,0,0
30,4,21,9,N,nb26,1930,0.243,1.672,0,0
30,4,21,9,N,nb27,1930,-0.055,1.29,1,1
30,4,21,9,N,nb28,1930,1.823,-0.212,2,1
30,4,21,9,N,nb29,1930,-1.521,-1.866,1,1
30,4,21,9,A,aa0,1930,-1.383,0.393,0,0
30,4,21,9,A,aa1,1930,-0.065,0.567,0,0
30,4,21,9,A,aa2,1930,-1.664,-0.917,1,0
30,4,21,9,A,aa3,1930,1.117,0.929,0,0
30,4,21,9,A,aa4,1930,1.644,1.866,1,0
30,4,21,9,A,aa5,1930,-0.979,-0.775,0,0
30,4,21,9,A,aa6,1930,-0.997,0.72,0,0
30,4,21,9,A,aa7,1930,0.439,-1.087,0,0
30,4,21,9,A,aa8,1930,-1.586,1.867,0,0
30,4,21,9,N,nb0,1935,0.303,-1.501,0,0
30,4,21,9,N,nb1,1935,1.866,0.468,1,1
30,4,21,9,N,nb2,1935,1.676,-0.297,2,1
30,4,21,9,N,nb3,1935,-1.018,1.866,0,0
30,4,21,9,N,nb4,1935,-1.846,-0.41,1,1
30,4,21,9,N,nb5,1935,-0.588,-1.329,1,1
30,4,21,9,N,nb6,1935,1.594,0.471,0,0
30,4,21,9,N,nb7,1935,1.75,0.076,2,1
30,4,21,9,N,nb8,1935,0.401,-1.835,1,1
30,4,21,9,N,nb9,1935,1.308,1.849,1,1
30,4,21,9,N,nb10,1935,0.591,-0.677,1,0
30,4,21,9,N,nb11,1935,-0.357,-1.664,1,0
30,4,21,9,N,nb12,1935,0.235,-1.865,1,1
30,4,21,9,N,nb13,1935,1.719,-0.464,1,1
30,4,21,9,N,nb14,1935,-1.69,-1.866,2,0
30,4,21,9,N,nb15,1935,1.794,0.239,2,1
30,4,21,9,N,nb16,1935,0.1,1.22,1,1
30,4,21,9,N,nb17,1935,0.546,1.413,1,1
30,4,21,9,N,nb18,1935,-0.405,-1.478,2,1
30,4,21,9,N,nb19,1935,-1.852,-1.697,1,1
30,4,21,9,N,nb20,1935,-1.866,-0.578,1,1
30,4,21,9,N,nb21,1935,0.498,1.25,1,0
30,4,21,9,N,nb22,1935,1.865,-0.047,2,1
30,4,21,9,N,nb23,1935,0.378,-0.564,1,0
30,4,21,9,N,nb24,1935,1.476,1.857,1,1
30,4,21,9,N,nb25,1935,1.296,0.666,0,0
30,4,21,9,N,nb26,1935,0.143,1.677,0,0
30,4,21,9,N,nb27,1935,-0.055,1.29,1,1
30,4,21,9,N,nb28,1935,1.823,-0.212,2,1
30,4,21,9,N,nb29,1935,-1.521,-1.866,1,0
30,4,21,9,A,aa0,1935,-1.414,0.298,0,0
30,4,21,9,A,aa1,1935,-0.028,0.66,1,0
30,4,21,9,A,aa2,1935,-1.701,-1.01,1,0
30,4,21,9,A,aa3,1935,1.073,0.848,0,0
30,4,21,9,A,aa4,1935,1.644,1.866,1,0
30,4,21,9,A,aa5,1935,-0.927,-0.86,1,0
30,4,21,9,A,aa6,1935,-0.993,0.82,0,0
30,4,21,9,A,aa7,1935,0.401,-1.179,0,0
30,4,21,9,A,aa8,1935,-1.588,1.867,0,0
30,4,21,9,N,nb0,1940,0.239,-1.429,0,0
30,4,21,9,N,nb1,1940,1.866,0.468,2,1
30,4,21,9,N,nb2,1940,1.676,-0.297,2,1
30,4,21,9,N,nb3,1940,-0.93,1.866,0,0
30,4,21,9,N,nb4,1940,-1.846,-0.41,1,1
30,4,21,9,N,nb5,1940,-0.588,-1.329,1,1
30,4,21,9,N,nb6,1940,1.624,0.42,2,1
30,4,21,9,N,nb7,1940,1.75,0.076,2,1
30,4,21,9,N,nb8,1940,0.401,-1.835,1,1
30,4,21,9,N,nb9,1940,1.308,1.849,1,1
30,4,21,9,N,nb10,1940,0.645,-0.759,0,0
30,4,21,9,N,nb11,1940,-0.357,-1.664,1,1
30,4,21,9,N,nb12,1940,0.235,-1.865,1,1
30,4,21,9,N,nb13,1940,1.719,-0.464,1,1
30,4,21,9,N,nb14,1940,-1.69,-1.866,2,1
30,4,21,9,N,nb15,1940,1.794,0.239,3,1
30,4,21,9,N,nb16,1940,0.1,1.22,1,1
30,4,21,9,N,nb17,1940,0.546,1.413,1,1
30,4,21,9,N,nb18,1940,-0.405,-1.478,2,1
30,4,21,9,N,nb19,1940,-1.852,-1.697,1,1
30,4,21,9,N,nb20,1940,-1.866,-0.578,1,1
30,4,21,9,N,nb21,1940,0.498,1.25,1,1
30,4,21,9,N,nb22,1940,1.865,-0.047,2,1
30,4,21,9,N,nb23,1940,0.425,-0.479,0,0
30,4,21,9,N,nb24,1940,1.476,1.857,1,1
30,4,21,9,N,nb25,1940,1.311,0.567,0,0
30,4,21,9,N,nb26,1940,0.043,1.682,0,0
30,4,21,9,N,nb27,1940,-0.055,1.29,1,1
30,4,21,9,N,nb28,1940,1.823,-0.212,2,1
30,4,21,9,N,nb29,1940,-1.521,-1.866,1,1
30,4,21,9,A,aa0,1940,-1.444,0.203,0,0
30,4,21,9,A,aa1,1940,0.01,0.752,2,0
30,4,21,9,A,aa2,1940,-1.738,-1.103,1,0
30,4,21,9,A,aa3,1940,1.06,0.828,0,0
30,4,21,9,A,aa4,1940,1.644,1.866,0,0
30,4,21,9,A,aa5,1940,-0.875,-0.946,1,0
30,4,21,9,A,aa6,1940,-0.99,0.92,0,0
30,4,21,9,A,aa7,1940,0.366,-1.267,1,0
30,4,21,9,A,aa8,1940,-1.634,1.837,0,0
30,4,21,9,N,nb0,1945,0.17,-1.366,0,0
30,4,21,9,N,nb1,1945,1.866,0.468,2,1
30,4,21,9,N,nb2,1945,1.676,-0.297,2,1
30,4,21,9,N,nb3,1945,-0.839,1.866,0,0
30,4,21,9,N,nb4,1945,-1.846,-0.41,1,1
30,4,21,9,N,nb5,1945,-0.588,-1.329,1,1
30,4,21,9,N,nb6,1945,1.624,0.42,2,1
30,4,21,9,N,nb7,1945,1.75,0.076,2,1
30,4,21,9,N,nb8,1945,0.401,-1.835,1,1
30,4,21,9,N,nb9,1945,1.308,1.849,1,1
30,4,21,9,N,nb10,1945,0.701,-0.843,0,0
30,4,21,9,N,nb11,1945,-0.357,-1.664,1,1
30,4,21,9,N,nb12,1945,0.235,-1.865,1,0
30,4,21,9,N,nb13,1945,1.719,-0.464,1,1
30,4,21,9,N,nb14,1945,-1.69,-1.866,2,1
30,4,21,9,N,nb15,1945,1.794,0.239,3,1
30,4,21,9,N,nb16,1945,0.1,1.22,1,1
30,4,21,9,N,nb17,1945,0.546,1.413,1,1
30,4,21,9,N,nb18,1945,-0.405,-1.478,2,1
30,4,21,9,N,nb19,1945,-1.852,-1.697,1,1
30,4,21,9,N,nb20,1945,-1.866,-0.578,1,1
30,4,21,9,N,nb21,1945,0.498,1.25,1,1
30,4,21,9,N,nb22,1945,1.865,-0.047,2,1
30,4,21,9,N,nb23,1945,0.472,-0.391,0,0
30,4,21,9,N,nb24,1945,1.476,1.857,1,1
30,4,21,9,N,nb25,1945,1.326,0.468,0,0
30,4,21,9,N,nb26,1945,-0.057,1.687,0,0
30,4,21,9,N,nb27,1945,-0.055,1.29,1,1
30,4,21,9,N,nb28,1945,1.823,-0.212,2,1
30,4,21,9,N,nb29,1945,-1.521,-1.866,1,1
30,4,21,9,A,aa0,1945,-1.475,0.107,0,0
30,4,21,9,A,aa1,1945,0.048,0.845,2,0
30,4,21,9,A,aa2,1945,-1.774,-1.194,1,0
30,4,21,9,A,aa3,1945,1.062,0.731,0,0
30,4,21,9,A,aa4,1945,1.635,1.799,1,0
30,4,21,9,A,aa5,1945,-0.823,-1.031,1,0
30,4,21,9,A,aa6,1945,-0.986,1.02,0,0
30,4,21,9,A,aa7,1945,0.346,-1.351,2,0
30,4,21,9,A,aa8,1945,-1.71,1.781,0,0
30,4,21,9,N,nb0,1950,0.094,-1.305,0,0
30,4,21,9,N,nb1,1950,1.866,0.468,2,1
30,4,21,9,N,nb2,1950,1.676,-0.297,2,1
30,4,21,9,N,nb3,1950,-0.747,1.863,0,0
30,4,21,9,N,nb4,1950,-1.846,-0.41,1,1
30,4,21,9,N,nb5,1950,-0.588,-1.329,1,1
30,4,21,9,N,nb6,1950,1.624,0.42,2,1
30,4,21,9,N,nb7,1950,1.75,0.076,2,1
30,4,21,9,N,nb8,1950,0.401,-1.835,1,1
30,4,21,9,N,nb9,1950,1.308,1.849,1,1
30,4,21,9,N,nb10,1950,0.756,-0.926,0,0
30,4,21,9,N,nb11,1950,-0.357,-1.664,1,1
30,4,21,9,N,nb12,1950,0.235,-1.865,1,1
30,4,21,9,N,nb13,1950,1.719,-0.464,1,1
30,4,21,9,N,nb14,1950,-1.69,-1.866,2,1
30,4,21,9,N,nb15,1950,1.794,0.239,3,1
30,4,21,9,N,nb16,1950,0.077,1.239,1,0
30,4,21,9,N,nb17,1950,0.546,1.413,1,1
30,4,21,9,N,nb18,1950,-0.405,-1.478,2,1
30,4,21,9,N,nb19,1950,-1.852,-1.697,1,1
30,4,21,9,N,nb20,1950,-1.866,-0.578,1,1
30,4,21,9,N,nb21,1950,0.498,1.213,1,0
30,4,21,9,N,nb22,1950,1.865,-0.047,2,1
30,4,21,9,N,nb23,1950,0.518,-0.302,0,0
30,4,21,9,N,nb24,1950,1.476,1.857,1,1
30,4,21,9,N,nb25,1950,1.341,0.369,0,0
30,4,21,9,N,nb26,1950,-0.157,1.692,0,0
30,4,21,9,N,nb27,1950,-0.088,1.278,1,0
30,4,21,9,N,nb28,1950,1.823,-0.212,2,1
30,4,21,9,N,nb29,1950,-1.521,-1.866,1,1
30,4,21,9,A,aa0,1950,-1.506,0.012,0,0
30,4,21,9,A,aa1,1950,0.086,0.937,0,0
30,4,21,9,A,aa2,1950,-1.801,-1.28,2,0
30,4,21,9,A,aa3,1950,1.064,0.631,1,0
30,4,21,9,A,aa4,1950,1.601,1.712,1,0
30,4,21,9,A,aa5,1950,-0.771,-1.116,1,0
30,4,21,9,A,aa6,1950,-0.983,1.12,0,0
30,4,21,9,A,aa7,1950,0.348,-1.387,2,0
30,4,21,9,A,aa8,1950,-1.784,1.72,0,0
30,4,21,9,N,nb0,1955,0.015,-1.245,0,0
30,4,21,9,N,nb1,1955,1.866,0.468,2,1
30,4,21,9,N,nb2,1955,1.676,-0.297,2,1
30,4,21,9,N,nb3,1955,-0.655,1.851,0,0
30,4,21,9,N,nb4,1955,-1.846,-0.41,1,1
30,4,21,9,N,nb5,1955,-0.588,-1.329,1,1
30,4,21,9,N,nb6,1955,1.624,0.42,2,1
30,4,21,9,N,nb7,1955,1.75,0.076,2,1
30,4,21,9,N,nb8,1955,0.401,-1.835,1,1
30,4,21,9,N,nb9,1955,1.308,1.849,1,1
30,4,21,9,N,nb10,1955,0.812,-1.009,0,0
30,4,21,9,N,nb11,1955,-0.357,-1.664,1,1
30,4,21,9,N,nb12,1955,0.235,-1.865,1,1
30,4,21,9,N,nb13,1955,1.719,-0.464,1,1
30,4,21,9,N,nb14,1955,-1.69,-1.866,2,0
30,4,21,9,N,nb15,1955,1.794,0.239,3,1
30,4,21,9,N,nb16,1955,0.018,1.304,1,0
30,4,21,9,N,nb17,1955,0.546,1.413,0,1
30,4,21,9,N,nb18,1955,-0.405,-1.478,2,1
30,4,21,9,N,nb19,1955,-1.852,-1.697,1,0
30,4,21,9,N,nb20,1955,-1.866,-0.578,1,1
30,4,21,9,N,nb21,1955,0.496,1.114,0,0
30,4,21,9,N,nb22,1955,1.865,-0.047,2,1
30,4,21,9,N,nb23,1955,0.565,-0.214,0,0
30,4,21,9,N,nb24,1955,1.476,1.857,1,1
30,4,21,9,N,nb25,1955,1.357,0.27,0,0
30,4,21,9,N,nb26,1955,-0.257,1.697,0,0
30,4,21,9,N,nb27,1955,-0.181,1.245,1,0
30,4,21,9,N,nb28,1955,1.823,-0.212,2,1
30,4,21,9,N,nb29,1955,-1.521,-1.866,1,0
30,4,21,9,A,aa0,1955,-1.536,-0.083,1,0
30,4,21,9,A,aa1,1955,0.124,1.03,1,0
30,4,21,9,A,aa2,1955,-1.816,-1.37,3,1
30,4,21,9,A,aa3,1955,1.066,0.531,1,0
30,4,21,9,A,aa4,1955,1.574,1.62,2,0
30,4,21,9,A,aa5,1955,-0.728,-1.194,1,0
30,4,21,9,A,aa6,1955,-0.979,1.22,0,0
30,4,21,9,A,aa7,1955,0.381,-1.48,2,0
30,4,21,9,A,aa8,1955,-1.846,1.657,0,0
30,4,21,9,N,nb0,1960,-0.064,-1.184,0,0
30,4,21,9,N,nb1,1960,1.866,0.468,2,1
30,4,21,9,N,nb2,1960,1.676,-0.297,2,1
30,4,21,9,N,nb3,1960,-0.565,1.829,1,1
30,4,21,9,N,nb4,1960,-1.846,-0.41,1,1
30,4,21,9,N,nb5,1960,-0.577,-1.354,1,0
30,4,21,9,N,nb6,1960,1.624,0.42,2,1
30,4,21,9,N,nb7,1960,1.75,0.076,2,1
30,4,21,9,N,nb8,1960,0.401,-1.835,1,1
30,4,21,9,N,nb9,1960,1.308,1.849,1,1
30,4,21,9,N,nb10,1960,0.868,-1.092,0,0
30,4,21,9,N,nb11,1960,-0.357,-1.664,1,1
30,4,21,9,N,nb12,1960,0.235,-1.865,1,1
30,4,21,9,N,nb13,1960,1.719,-0.464,1,1
30,4,21,9,N,nb14,1960,-1.675,-1.866,2,0
30,4,21,9,N,nb15,1960,1.794,0.239,3,1
30,4,21,9,N,nb16,1960,-0.033,1.382,0,0
30,4,21,9,N,nb17,1960,0.546,1.413,0,1
30,4,21,9,N,nb18,1960,-0.405,-1.478,2,1
30,4,21,9,N,nb19,1960,-1.836,-1.766,1,0
30,4,21,9,N,nb20,1960,-1.866,-0.578,1,1
30,4,21,9,N,nb21,1960,0.494,1.014,0,0
30,4,21,9,N,nb22,1960,1.865,-0.047,2,1
30,4,21,9,N,nb23,1960,0.612,-0.125,0,0
30,4,21,9,N,nb24,1960,1.476,1.857,1,1
30,4,21,9,N,nb25,1960,1.372,0.171,0,0
30,4,21,9,N,nb26,1960,-0.357,1.701,1,1
30,4,21,9,N,nb27,1960,-0.275,1.213,0,0
30,4,21,9,N,nb28,1960,1.823,-0.212,2,1
30,4,21,9,N,nb29,1960,-1.506,-1.866,1,0
30,4,21,9,A,aa0,1960,-1.567,-0.178,1,0
30,4,21,9,A,aa1,1960,0.162,1.123,1,0
30,4,21,9,A,aa2,1960,-1.821,-1.462,0,0
30,4,21,9,A,aa3,1960,1.068,0.431,1,0
30,4,21,9,A,aa4,1960,1.55,1.524,2,0
30,4,21,9,A,aa5,1960,-0.712,-1.252,1,0
30,4,21,9,A,aa6,1960,-0.976,1.32,0,0
30,4,21,9,A,aa7,1960,0.416,-1.574,2,0
30,4,21,9,A,aa8,1960,-1.866,1.587,0,0
30,4,21,9,N,nb0,1965,-0.144,-1.124,0,0
30,4,21,9,N,nb1,1965,1.866,0.468,2,1
30,4,21,9,N,nb2,1965,1.676,-0.297,2,1
30,4,21,9,N,nb3,1965,-0.562,1.828,1,1
30,4,21,9,N,nb4,1965,-1.846,-0.41,1,1
30,4,21,9,N,nb5,1965,-0.56,-1.381,1,1
30,4,21,9,N,nb6,1965,1.624,0.42,2,1
30,4,21,9,N,nb7,1965,1.75,0.076,2,1
30,4,21,9,N,nb8,1965,0.401,-1.835,1,1
30,4,21,9,N,nb9,1965,1.308,1.849,1,1
30,4,21,9,N,nb10,1965,0.923,-1.175,0,0
30,4,21,9,N,nb11,1965,-0.357,-1.664,1,1
30,4,21,9,N,nb12,1965,0.235,-1.865,1,1
30,4,21,9,N,nb13,1965,1.719,-0.464,1,1
30,4,21,9,N,nb14,1965,-1.639,-1.865,2,0
30,4,21,9,N,nb15,1965,1.794,0.239,3,1
30,4,21,9,N,nb16,1965,-0.084,1.468,0,0
30,4,21,9,N,nb17,1965,0.546,1.413,0,1
30,4,21,9,N,nb18,1965,-0.405,-1.478,2,1
30,4,21,9,N,nb19,1965,-1.814,-1.85,1,0
30,4,21,9,N,nb20,1965,-1.866,-0.578,1,1
30,4,21,9,N,nb21,1965,0.491,0.914,0,0
30,4,21,9,N,nb22,1965,1.865,-0.047,2,1
30,4,21,9,N,nb23,1965,0.659,-0.037,0,0
30,4,21,9,N,nb24,1965,1.476,1.857,1,1
30,4,21,9,N,nb25,1965,1.387,0.073,0,0
30,4,21,9,N,nb26,1965,-0.36,1.702,1,1
30,4,21,9,N,nb27,1965,-0.37,1.18,0,0
30,4,21,9,N,nb28,1965,1.823,-0.212,2,1
30,4,21,9,N,nb29,1965,-1.47,-1.866,1,0
30,4,21,9,A,aa0,1965,-1.598,-0.273,2,0
30,4,21,9,A,aa1,1965,0.2,1.215,1,0
30,4,21,9,A,aa2,1965,-1.815,-1.554,0,0
30,4,21,9,A,aa3,1965,1.07,0.331,1,0
30,4,21,9,A,aa4,1965,1.526,1.427,2,0
30,4,21,9,A,aa5,1965,-0.716,-1.314,1,0
30,4,21,9,A,aa6,1965,-0.972,1.42,1,0
30,4,21,9,A,aa7,1965,0.429,-1.609,2,0
30,4,21,9,A,aa8,1965,-1.866,1.509,0,0
30,4,21,9,N,nb0,1970,-0.223,-1.063,0,0
30,4,21,9,N,nb1,1970,1.866,0.468,2,1
30,4,21,9,N,nb2,1970,1.676,-0.297,2,1
30,4,21,9,N,nb3,1970,-0.562,1.828,1,1
30,4,21,9,N,nb4,1970,-1.846,-0.41,1,1
30,4,21,9,N,nb5,1970,-0.551,-1.389,1,1
30,4,21,9,N,nb6,1970,1.624,0.42,2,1
30,4,21,9,N,nb7,1970,1.75,0.076,2,1
30,4,21,9,N,nb8,1970,0.401,-1.835,1,1
30,4,21,9,N,nb9,1970,1.308,1.849,1,1
30,4,21,9,N,nb10,1970,0.979,-1.258,0,0
30,4,21,9,N,nb11,1970,-0.357,-1.664,1,1
30,4,21,9,N,nb12,1970,0.235,-1.865,1,1
30,4,21,9,N,nb13,1970,1.719,-0.464,1,0
30,4,21,9,N,nb14,1970,-1.63,-1.864,2,0
30,4,21,9,N,nb15,1970,1.794,0.239,3,1
30,4,21,9,N,nb16,1970,-0.135,1.554,0,0
30,4,21,9,N,nb17,1970,0.546,1.413,0,0
30,4,21,9,N,nb18,1970,-0.405,-1.478,2,1
30,4,21,9,N,nb19,1970,-1.811,-1.866,1,0
30,4,21,9,N,nb20,1970,-1.866,-0.578,1,1
30,4,21,9,N,nb21,1970,0.489,0.814,0,0
30,4,21,9,N,nb22,1970,1.865,-0.047,2,1
30,4,21,9,N,nb23,1970,0.705,0.051,0,0
30,4,21,9,N,nb24,1970,1.476,1.857,1,1
30,4,21,9,N,nb25,1970,1.403,-0.026,0,0
30,4,21,9,N,nb26,1970,-0.36,1.702,1,1
30,4,21,9,N,nb27,1970,-0.464,1.147,0,0
30,4,21,9,N,nb28,1970,1.823,-0.212,2,1
30,4,21,9,N,nb29,1970,-1.46,-1.866,1,0
30,4,21,9,A,aa0,1970,-1.625,-0.363,2,0
30,4,21,9,A,aa1,1970,0.237,1.308,1,0
30,4,21,9,A,aa2,1970,-1.8,-1.645,3,1
30,4,21,9,A,aa3,1970,1.072,0.231,0,0
30,4,21,9,A,aa4,1970,1.502,1.33,2,0
30,4,21,9,A,aa5,1970,-0.722,-1.399,2,0
30,4,21,9,A,aa6,1970,-0.969,1.52,1,0
30,4,21,9,A,aa7,1970,0.499,-1.662,1,0
30,4,21,9,A,aa8,1970,-1.866,1.425,0,0
30,4,21,9,N,nb0,1975,-0.303,-1.003,0,0
30,4,21,9,N,nb1,1975,1.866,0.468,2,1
30,4,21,9,N,nb2,1975,1.676,-0.297,2,1
30,4,21,9,N,nb3,1975,-0.562,1.828,1,1
30,4,21,9,N,nb4,1975,-1.846,-0.41,1,1
30,4,21,9,N,nb5,1975,-0.551,-1.389,1,0
30,4,21,9,N,nb6,1975,1.624,0.42,2,1
30,4,21,9,N,nb7,1975,1.75,0.076,2,1
30,4,21,9,N,nb8,1975,0.401,-1.835,1,1
30,4,21,9,N,nb9,1975,1.308,1.849,1,1
30,4,21,9,N,nb10,1975,1.034,-1.341,0,0
30,4,21,9,N,nb11,1975,-0.357,-1.664,1,0
30,4,21,9,N,nb12,1975,0.235,-1.865,1,1
30,4,21,9,N,nb13,1975,1.719,-0.464,1,1
30,4,21,9,N,nb14,1975,-1.586,-1.865,2,0
30,4,21,9,N,nb15,1975,1.794,0.239,3,1
30,4,21,9,N,nb16,1975,-0.155,1.588,1,1
30,4,21,9,N,nb17,1975,0.457,1.415,0,0
30,4,21,9,N,nb18,1975,-0.405,-1.478,2,0
30,4,21,9,N,nb19,1975,-1.798,-1.866,1,0
30,4,21,9,N,nb20,1975,-1.866,-0.578,1,1
30,4,21,9,N,nb21,1975,0.487,0.714,0,0
30,4,21,9,N,nb22,1975,1.865,-0.047,2,1
30,4,21,9,N,nb23,1975,0.752,0.14,0,0
30,4,21,9,N,nb24,1975,1.476,1.857,1,1
30,4,21,9,N,nb25,1975,1.418,-0.125,0,0
30,4,21,9,N,nb26,1975,-0.36,1.702,2,1
30,4,21,9,N,nb27,1975,-0.559,1.115,0,0
30,4,21,9,N,nb28,1975,1.823,-0.212,2,1
30,4,21,9,N,nb29,1975,-1.417,-1.866,1,0
30,4,21,9,A,aa0,1975,-1.64,-0.453,1,0
30,4,21,9,A,aa1,1975,0.272,1.395,1,0
30,4,21,9,A,aa2,1975,-1.778,-1.698,0,0
30,4,21,9,A,aa3,1975,1.074,0.131,0,0
30,4,21,9,A,aa4,1975,1.487,1.268,1,0
30,4,21,9,A,aa5,1975,-0.734,-1.493,3,1
30,4,21,9,A,aa6,1975,-0.965,1.62,1,0
30,4,21,9,A,aa7,1975,0.579,-1.709,1,0
30,4,21,9,A,aa8,1975,-1.866,1.337,0,0
30,4,21,9,N,nb0,1980,-0.383,-0.942,0,0
30,4,21,9,N,nb1,1980,1.866,0.468,2,1
30,4,21,9,N,nb2,1980,1.676,-0.297,2,1
30,4,21,9,N,nb3,1980,-0.562,1.828,1,1
30,4,21,9,N,nb4,1980,-1.846,-0.41,1,1
30,4,21,9,N,nb5,1980,-0.549,-1.316,1,0
30,4,21,9,N,nb6,1980,1.624,0.42,2,1
30,4,21,9,N,nb7,1980,1.75,0.076,2,1
30,4,21,9,N,nb8,1980,0.401,-1.835,1,1
30,4,21,9,N,nb9,1980,1.308,1.849,1,1
30,4,21,9,N,nb10,1980,1.09,-1.425,0,0
30,4,21,9,N,nb11,1980,-0.415,-1.628,1,0
30,4,21,9,N,nb12,1980,0.235,-1.865,1,1
30,4,21,9,N,nb13,1980,1.719,-0.464,1,1
30,4,21,9,N,nb14,1980,-1.507,-1.859,1,1
30,4,21,9,N,nb15,1980,1.794,0.239,3,1
30,4,21,9,N,nb16,1980,-0.155,1.588,1,1
30,4,21,9,N,nb17,1980,0.417,1.455,0,0
30,4,21,9,N,nb18,1980,-0.352,-1.426,2,0
30,4,21,9,N,nb19,1980,-1.781,-1.866,0,0
30,4,21,9,N,nb20,1980,-1.866,-0.578,1,1
30,4,21,9,N,nb21,1980,0.485,0.614,0,0
30,4,21,9,N,nb22,1980,1.865,-0.047,2,1
30,4,21,9,N,nb23,1980,0.799,0.228,0,0
30,4,21,9,N,nb24,1980,1.476,1.857,1,1
30,4,21,9,N,nb25,1980,1.433,-0.222,0,0
30,4,21,9,N,nb26,1980,-0.36,1.702,2,1
30,4,21,9,N,nb27,1980,-0.653,1.082,0,0
30,4,21,9,N,nb28,1980,1.823,-0.212,2,1
30,4,21,9,N,nb29,1980,-1.338,-1.865,1,1
30,4,21,9,A,aa0,1980,-1.645,-0.545,2,0
30,4,21,9,A,aa1,1980,0.249,1.46,1,0
30,4,21,9,A,aa2,1980,-1.759,-1.699,0,0
30,4,21,9,A,aa3,1980,1.076,0.032,0,0
30,4,21,9,A,aa4,1980,1.497,1.255,0,0
30,4,21,9,A,aa5,1980,-0.752,-1.588,0,0
30,4,21,9,A,aa6,1980,-0.962,1.72,1,0
30,4,21,9,A,aa7,1980,0.665,-1.75,1,0
30,4,21,9,A,aa8,1980,-1.866,1.246,0,0
30,4,21,9,N,nb0,1985,-0.462,-0.882,0,0
30,4,21,9,N,nb1,1985,1.866,0.468,2,1
30,4,21,9,N,nb2,1985,1.676,-0.297,3,1
30,4,21,9,N,nb3,1985,-0.562,1.828,1,1
30,4,21,9,N,nb4,1985,-1.846,-0.41,1,1
30,4,21,9,N,nb5,1985,-0.553,-1.22,0,0
30,4,21,9,N,nb6,1985,1.624,0.42,2,1
30,4,21,9,N,nb7,1985,1.75,0.076,2,1
30,4,21,9,N,nb8,1985,0.401,-1.835,1,1
30,4,21,9,N,nb9,1985,1.308,1.849,1,1
30,4,21,9,N,nb10,1985,1.145,-1.508,0,0
30,4,21,9,N,nb11,1985,-0.499,-1.588,0,0
30,4,21,9,N,nb12,1985,0.235,-1.865,1,1
30,4,21,9,N,nb13,1985,1.719,-0.464,1,1
30,4,21,9,N,nb14,1985,-1.504,-1.859,1,1
30,4,21,9,N,nb15,1985,1.794,0.239,3,1
30,4,21,9,N,nb16,1985,-0.155,1.588,1,1
30,4,21,9,N,nb17,1985,0.381,1.505,0,0
30,4,21,9,N,nb18,1985,-0.281,-1.357,0,0
30,4,21,9,N,nb19,1985,-1.774,-1.866,0,0
30,4,21,9,N,nb20,1985,-1.866,-0.578,1,1
30,4,21,9,N,nb21,1985,0.482,0.514,0,0
30,4,21,9,N,nb22,1985,1.865,-0.047,2,1
30,4,21,9,N,nb23,1985,0.846,0.317,0,0
30,4,21,9,N,nb24,1985,1.476,1.857,1,1
30,4,21,9,N,nb25,1985,1.436,-0.243,1,1
30,4,21,9,N,nb26,1985,-0.36,1.702,2,1
30,4,21,9,N,nb27,1985,-0.748,1.049,0,0
30,4,21,9,N,nb28,1985,1.823,-0.212,2,1
30,4,21,9,N,nb29,1985,-1.335,-1.865,1,1
30,4,21,9,A,aa0,1985,-1.639,-0.638,2,0
30,4,21,9,A,aa1,1985,0.215,1.534,1,0
30,4,21,9,A,aa2,1985,-1.725,-1.704,1,0
30,4,21,9,A,aa3,1985,1.078,-0.068,1,0
30,4,21,9,A,aa4,1985,1.554,1.173,0,0
30,4,21,9,A,aa5,1985,-0.773,-1.686,1,0
30,4,21,9,A,aa6,1985,-0.958,1.814,1,0
30,4,21,9,A,aa7,1985,0.752,-1.786,1,0
30,4,21,9,A,aa8,1985,-1.862,1.154,0,0
30,4,21,9,N,nb0,1990,-0.542,-0.821,0,0
30,4,21,9,N,nb1,1990,1.866,0.468,2,1
30,4,21,9,N,nb2,1990,1.676,-0.297,3,1
30,4,21,9,N,nb3,1990,-0.562,1.828,1,0
30,4,21,9,N,nb4,1990,-1.846,-0.41,1,1
30,4,21,9,N,nb5,1990,-0.559,-1.12,0,0
30,4,21,9,N,nb6,1990,1.624,0.42,2,1
30,4,21,9,N,nb7,1990,1.75,0.076,2,1
30,4,21,9,N,nb8,1990,0.401,-1.835,1,1
30,4,21,9,N,nb9,1990,1.308,1.849,1,1
30,4,21,9,N,nb10,1990,1.201,-1.591,0,0
30,4,21,9,N,nb11,1990,-0.592,-1.55,0,0
30,4,21,9,N,nb12,1990,0.235,-1.865,1,1
30,4,21,9,N,nb13,1990,1.719,-0.464,1,1
30,4,21,9,N,nb14,1990,-1.504,-1.859,1,1
30,4,21,9,N,nb15,1990,1.794,0.239,3,1
30,4,21,9,N,nb16,1990,-0.155,1.588,1,1
30,4,21,9,N,nb17,1990,0.338,1.56,0,0
30,4,21,9,N,nb18,1990,-0.208,-1.289,0,0
30,4,21,9,N,nb19,1990,-1.809,-1.866,0,0
30,4,21,9,N,nb20,1990,-1.866,-0.578,1,1
30,4,21,9,N,nb21,1990,0.48,0.414,0,0
30,4,21,9,N,nb22,1990,1.865,-0.047,2,1
30,4,21,9,N,nb23,1990,0.892,0.405,0,0
30,4,21,9,N,nb24,1990,1.476,1.857,1,1
30,4,21,9,N,nb25,1990,1.436,-0.243,1,1
30,4,21,9,N,nb26,1990,-0.36,1.702,2,0
30,4,21,9,N,nb27,1990,-0.842,1.017,0,0
30,4,21,9,N,nb28,1990,1.823,-0.212,2,1
30,4,21,9,N,nb29,1990,-1.335,-1.865,1,1
30,4,21,9,A,aa0,1990,-1.625,-0.732,2,0
30,4,21,9,A,aa1,1990,0.181,1.619,1,0
30,4,21,9,A,aa2,1990,-1.661,-1.755,1,0
30,4,21,9,A,aa3,1990,1.08,-0.168,1,0
30,4,21,9,A,aa4,1990,1.612,1.091,0,0
30,4,21,9,A,aa5,1990,-0.794,-1.784,1,0
30,4,21,9,A,aa6,1990,-0.943,1.866,1,0
30,4,21,9,A,aa7,1990,0.839,-1.811,1,0
30,4,21,9,A,aa8,1990,-1.848,1.062,0,0
30,4,21,9,N,nb0,1995,-0.621,-0.76,0,0
30,4,21,9,N,nb1,1995,1.866,0.468,2,1
30,4,21,9,N,nb2,1995,1.676,-0.297,3,1
30,4,21,9,N,nb3,1995,-0.562,1.828,1,1
30,4,21,9,N,nb4,1995,-1.846,-0.41,1,1
30,4,21,9,N,nb5,1995,-0.564,-1.02,0,0
30,4,21,9,N,nb6,1995,1.624,0.42,2,1
30,4,21,9,N,nb7,1995,1.75,0.076,2,1
30,4,21,9,N,nb8,1995,0.401,-1.835,1,1
30,4,21,9,N,nb9,1995,1.308,1.849,1,1
30,4,21,9,N,nb10,1995,1.256,-1.674,0,0
30,4,21,9,N,nb11,1995,-0.684,-1.512,0,0
30,4,21,9,N,nb12,1995,0.235,-1.865,1,1
30,4,21,9,N,nb13,1995,1.719,-0.464,1,1
30,4,21,9,N,nb14,1995,-1.504,-1.859,1,1
30,4,21,9,N,nb15,1995,1.794,0.239,3,1
30,4,21,9,N,nb16,1995,-0.155,1.588,1,1
30,4,21,9,N,nb17,1995,0.292,1.623,0,0
30,4,21,9,N,nb18,1995,-0.135,-1.22,0,0
30,4,21,9,N,nb19,1995,-1.86,-1.866,0,0
30,4,21,9,N,nb20,1995,-1.866,-0.578,1,1
30,4,21,9,N,nb21,1995,0.478,0.314,0,0
30,4,21,9,N,nb22,1995,1.865,-0.047,2,1
30,4,21,9,N,nb23,1995,0.939,0.493,0,0
30,4,21,9,N,nb24,1995,1.476,1.857,1,1
30,4,21,9,N,nb25,1995,1.436,-0.243,1,1
30,4,21,9,N,nb26,1995,-0.36,1.702,2,1
30,4,21,9,N,nb27,1995,-0.937,0.984,0,0
30,4,21,9,N,nb28,1995,1.823,-0.212,2,1
30,4,21,9,N,nb29,1995,-1.335,-1.865,1,1
30,4,21,9,A,aa0,1995,-1.617,-0.775,2,0
30,4,21,9,A,aa1,1995,0.151,1.714,2,0
30,4,21,9,A,aa2,1995,-1.651,-1.776,1,0
30,4,21,9,A,aa3,1995,1.08,-0.192,1,0
30,4,21,9,A,aa4,1995,1.67,1.01,2,0
30,4,21,9,A,aa5,1995,-0.818,-1.866,1,0
30,4,21,9,A,aa6,1995,-0.916,1.866,1,0
30,4,21,9,A,aa7,1995,0.93,-1.825,0,0
30,4,21,9,A,aa8,1995,-1.824,0.972,0,0
30,4,21,9,N,nb0,2000,-0.698,-0.7,0,0
30,4,21,9,N,nb1,2000,1.866,0.468,2,1
30,4,21,9,N,nb2,2000,1.676,-0.297,3,1
30,4,21,9,N,nb3,2000,-0.562,1.828,1,1
30,4,21,9,N,nb4,2000,-1.846,-0.41,1,1
30,4,21,9,N,nb5,2000,-0.563,-0.934,0,0
30,4,21,9,N,nb6,2000,1.624,0.42,2,1
30,4,21,9,N,nb7,2000,1.75,0.076,2,1
30,4,21,9,N,nb8,2000,0.401,-1.835,1,1
30,4,21,9,N,nb9,2000,1.308,1.849,1,0
30,4,21,9,N,nb10,2000,1.312,-1.757,0,0
30,4,21,9,N,nb11,2000,-0.777,-1.474,0,0
30,4,21,9,N,nb12,2000,0.235,-1.865,1,1
30,4,21,9,N,nb13,2000,1.719,-0.464,1,1
30,4,21,9,N,nb14,2000,-1.504,-1.859,1,1
30,4,21,9,N,nb15,2000,1.794,0.239,3,1
30,4,21,9,N,nb16,2000,-0.155,1.588,1,1
30,4,21,9,N,nb17,2000,0.247,1.695,0,0
30,4,21,9,N,nb18,2000,-0.063,-1.151,0,0
30,4,21,9,N,nb19,2000,-1.866,-1.866,0,0
30,4,21,9,N,nb20,2000,-1.866,-0.578,1,1
30,4,21,9,N,nb21,2000,0.475,0.214,0,0
30,4,21,9,N,nb22,2000,1.865,-0.047,2,1
30,4,21,9,N,nb23,2000,0.986,0.582,0,0
30,4,21,9,N,nb24,2000,1.476,1.857,1,0
30,4,21,9,N,nb25,2000,1.436,-0.243,1,1
30,4,21,9,N,nb26,2000,-0.36,1.702,2,1
30,4,21,9,N,nb27,2000,-1.031,0.951,0,0
30,4,21,9,N,nb28,2000,1.823,-0.212,2,1
30,4,21,9,N,nb29,2000,-1.335,-1.865,1,1
30,4,21,9,A,aa0,2000,-1.602,-0.781,2,0
30,4,21,9,A,aa1,2000,0.125,1.811,2,0
30,4,21,9,A,aa2,2000,-1.651,-1.776,1,0
30,4,21,9,A,aa3,2000,1.096,-0.199,1,0
30,4,21,9,A,aa4,2000,1.728,0.928,1,0
30,4,21,9,A,aa5,2000,-0.852,-1.866,1,0
30,4,21,9,A,aa6,2000,-0.873,1.866,1,0
30,4,21,9,A,aa7,2000,1.022,-1.827,0,0
30,4,21,9,A,aa8,2000,-1.793,0.883,0,0
