anti_pct,rep,n_normal,n_anti,role,robot_id,tick,x,y,metric_c,metric_f
20,0,24,6,N,nb0,5,0.065,-1.363,0,0
20,0,24,6,N,nb1,5,0.653,-0.649,0,0
20,0,24,6,N,nb2,5,-0.192,1.514,0,0
20,0,24,6,N,nb3,5,0.971,-0.686,0,0
20,0,24,6,N,nb4,5,0.655,0.647,2,1
20,0,24,6,N,nb5,5,0.225,1.329,1,1
20,0,24,6,N,nb6,5,-1.457,1.551,0,0
20,0,24,6,N,nb7,5,-1.074,1.238,0,0
20,0,24,6,N,nb8,5,1.163,1.595,0,1
20,0,24,6,N,nb9,5,-0.348,-0.009,1,1
20,0,24,6,N,nb10,5,0.74,0.427,1,1
20,0,24,6,N,nb11,5,-0.978,-1.493,0,0
20,0,24,6,N,nb12,5,-0.866,0.725,0,0
20,0,24,6,N,nb13,5,-1.016,-0.184,1,1
20,0,24,6,N,nb14,5,-0.151,-0.033,2,1
20,0,24,6,N,nb15,5,0.402,1.468,1,1
20,0,24,6,N,nb16,5,-0.942,-0.407,2,1
20,0,24,6,N,nb17,5,-0.407,0.584,0,0
20,0,24,6,N,nb18,5,1.623,-1.393,0,0
20,0,24,6,N,nb19,5,-0.579,-1.385,0,0
20,0,24,6,N,nb20,5,0.48,0.657,1,1
20,0,24,6,N,nb21,5,-0.817,-0.59,1,1
20,0,24,6,N,nb22,5,0.07,-0.107,1,1
20,0,24,6,N,nb23,5,-1.845,1.7,0,0
20,0,24,6,N,nb24,5,0.394,-1.534,0,0
20,0,24,6,N,nb25,5,-1.62,1.009,1,1
20,0,24,6,N,nb26,5,0.77,0.123,0,0
20,0,24,6,N,nb27,5,0.093,-0.409,0,0
20,0,24,6,N,nb28,5,-1.777,1.079,1,1
20,0,24,6,N,nb29,5,1.682,-0.652,0,0
20,0,24,6,A,aa0,5,-1.74,0.426,1,0
20,0,24,6,A,aa1,5,-0.83,-0.98,2,0
20,0,24,6,A,aa2,5,-1.215,-1.033,1,0
20,0,24,6,A,aa3,5,-1.303,-1.396,0,0
20,0,24,6,A,aa4,5,1.322,1.656,1,0
20,0,24,6,A,aa5,5,1.363,1.076,1,0
20,0,24,6,N,nb0,10,0.144,-1.302,0,0
20,0,24,6,N,nb1,10,0.741,-0.691,0,0
20,0,24,6,N,nb2,10,-0.13,1.592,0,0
20,0,24,6,N,nb3,10,0.985,-0.784,0,0
20,0,24,6,N,nb4,10,0.655,0.647,2,1
20,0,24,6,N,nb5,10,0.225,1.329,1,1
20,0,24,6,N,nb6,10,-1.422,1.458,0,0
20,0,24,6,N,nb7,10,-0.977,1.259,0,0
20,0,24,6,N,nb8,10,1.163,1.595,0,1
20,0,24,6,N,nb9,10,-0.348,-0.009,1,1
20,0,24,6,N,nb10,10,0.74,0.427,2,1
20,0,24,6,N,nb11,10,-0.949,-1.589,0,0
20,0,24,6,N,nb12,10,-0.874,0.825,0,0
20,0,24,6,N,nb13,10,-1.016,-0.184,1,1
20,0,24,6,N,nb14,10,-0.151,-0.033,2,1
20,0,24,6,N,nb15,10,0.402,1.468,1,1
20,0,24,6,N,nb16,10,-0.942,-0.407,2,1
20,0,24,6,N,nb17,10,-0.316,0.542,0,0
20,0,24,6,N,nb18,10,1.721,-1.369,0,0
20,0,24,6,N,nb19,10,-0.656,-1.321,0,0
20,0,24,6,N,nb20,10,0.48,0.657,1,1
20,0,24,6,N,nb21,10,-0.817,-0.59,1,1
20,0,24,6,N,nb22,10,0.07,-0.107,1,1
20,0,24,6,N,nb23,10,-1.866,1.667,0,0
20,0,24,6,N,nb24,10,0.475,-1.475,0,0
20,0,24,6,N,nb25,10,-1.62,1.009,1,1
20,0,24,6,N,nb26,10,0.799,0.198,1,1
20,0,24,6,N,nb27,10,0.167,-0.344,0,0
20,0,24,6,N,nb28,10,-1.777,1.079,1,1
20,0,24,6,N,nb29,10,1.587,-0.682,0,0
20,0,24,6,A,aa0,10,-1.831,0.431,0,0
20,0,24,6,A,aa1,10,-0.742,-0.932,1,0
20,0,24,6,A,aa2,10,-1.231,-1.023,1,0
20,0,24,6,A,aa3,10,-1.228,-1.33,0,0
20,0,24,6,A,aa4,10,1.293,1.745,1,0
20,0,24,6,A,aa5,10,1.264,1.088,1,0
20,0,24,6,N,nb0,15,0.223,-1.241,0,0
20,0,24,6,N,nb1,15,0.773,-0.709,1,1
20,0,24,6,N,nb2,15,-0.068,1.671,0,0
20,0,24,6,N,nb3,15,0.992,-0.824,1,1
20,0,24,6,N,nb4,15,0.655,0.647,2,1
20,0,24,6,N,nb5,15,0.225,1.329,1,1
20,0,24,6,N,nb6,15,-1.387,1.364,0,0
20,0,24,6,N,nb7,15,-0.879,1.281,0,0
20,0,24,6,N,nb8,15,1.163,1.595,0,1
20,0,24,6,N,nb9,15,-0.348,-0.009,1,1
20,0,24,6,N,nb10,15,0.74,0.427,2,1
20,0,24,6,N,nb11,15,-0.92,-1.684,0,0
20,0,24,6,N,nb12,15,-0.882,0.925,0,0
20,0,24,6,N,nb13,15,-1.016,-0.184,1,1
20,0,24,6,N,nb14,15,-0.151,-0.033,2,1
20,0,24,6,N,nb15,15,0.402,1.468,1,1
20,0,24,6,N,nb16,15,-0.942,-0.407,2,1
20,0,24,6,N,nb17,15,-0.225,0.5,0,0
20,0,24,6,N,nb18,15,1.812,-1.346,0,0
20,0,24,6,N,nb19,15,-0.732,-1.256,0,0
20,0,24,6,N,nb20,15,0.48,0.657,1,1
20,0,24,6,N,nb21,15,-0.817,-0.59,1,1
20,0,24,6,N,nb22,15,0.07,-0.107,2,1
20,0,24,6,N,nb23,15,-1.866,1.62,0,0
20,0,24,6,N,nb24,15,0.556,-1.417,0,0
20,0,24,6,N,nb25,15,-1.62,1.009,1,1
20,0,24,6,N,nb26,15,0.799,0.198,1,1
20,0,24,6,N,nb27,15,0.197,-0.319,1,1
20,0,24,6,N,nb28,15,-1.777,1.079,1,1
20,0,24,6,N,nb29,15,1.491,-0.712,0,0
20,0,24,6,A,aa0,15,-1.866,0.447,0,0
20,0,24,6,A,aa1,15,-0.654,-0.883,1,0
20,0,24,6,A,aa2,15,-1.321,-0.978,0,0
20,0,24,6,A,aa3,15,-1.153,-1.264,0,0
20,0,24,6,A,aa4,15,1.273,1.834,1,0
20,0,24,6,A,aa5,15,1.164,1.1,1,0
20,0,24,6,N,nb0,20,0.302,-1.179,0,0
20,0,24,6,N,nb1,20,0.773,-0.709,1,1
20,0,24,6,N,nb2,20,-0.006,1.749,0,0
20,0,24,6,N,nb3,20,0.992,-0.824,1,1
20,0,24,6,N,nb4,20,0.655,0.647,2,1
20,0,24,6,N,nb5,20,0.225,1.329,1,1
20,0,24,6,N,nb6,20,-1.352,1.27,0,0
20,0,24,6,N,nb7,20,-0.781,1.302,0,0
20,0,24,6,N,nb8,20,1.163,1.595,0,1
20,0,24,6,N,nb9,20,-0.348,-0.009,1,1
20,0,24,6,N,nb10,20,0.74,0.427,2,1
20,0,24,6,N,nb11,20,-0.891,-1.78,0,0
20,0,24,6,N,nb12,20,-0.891,1.024,0,0
20,0,24,6,N,nb13,20,-1.016,-0.184,1,1
20,0,24,6,N,nb14,20,-0.151,-0.033,2,1
20,0,24,6,N,nb15,20,0.402,1.468,1,1
20,0,24,6,N,nb16,20,-0.942,-0.407,2,1
20,0,24,6,N,nb17,20,-0.135,0.458,0,0
20,0,24,6,N,nb18,20,1.865,-1.314,0,0
20,0,24,6,N,nb19,20,-0.809,-1.192,0,0
20,0,24,6,N,nb20,20,0.48,0.657,1,1
20,0,24,6,N,nb21,20,-0.817,-0.59,1,1
20,0,24,6,N,nb22,20,0.07,-0.107,2,1
20,0,24,6,N,nb23,20,-1.866,1.561,0,0
20,0,24,6,N,nb24,20,0.637,-1.359,0,0
20,0,24,6,N,nb25,20,-1.62,1.009,1,1
20,0,24,6,N,nb26,20,0.799,0.198,1,1
20,0,24,6,N,nb27,20,0.197,-0.319,1,1
20,0,24,6,N,nb28,20,-1.777,1.079,1,1
20,0,24,6,N,nb29,20,1.396,-0.742,0,0
20,0,24,6,A,aa0,20,-1.866,0.479,1,0
20,0,24,6,A,aa1,20,-0.567,-0.835,1,0
20,0,24,6,A,aa2,20,-1.41,-0.934,0,0
20,0,24,6,A,aa3,20,-1.077,-1.198,0,0
20,0,24,6,A,aa4,20,1.253,1.865,1,0
20,0,24,6,A,aa5,20,1.065,1.113,1,0
20,0,24,6,N,nb0,25,0.381,-1.118,0,0
20,0,24,6,N,nb1,25,0.773,-0.709,1,1
20,0,24,6,N,nb2,25,0.053,1.818,0,0
20,0,24,6,N,nb3,25,0.992,-0.824,1,1
20,0,24,6,N,nb4,25,0.655,0.647,2,1
20,0,24,6,N,nb5,25,0.225,1.329,1,1
20,0,24,6,N,nb6,25,-1.316,1.177,0,0
20,0,24,6,N,nb7,25,-0.684,1.324,0,0
20,0,24,6,N,nb8,25,1.163,1.595,0,1
20,0,24,6,N,nb9,25,-0.348,-0.009,1,1
20,0,24,6,N,nb10,25,0.74,0.427,2,1
20,0,24,6,N,nb11,25,-0.86,-1.861,0,0
20,0,24,6,N,nb12,25,-0.899,1.124,0,0
20,0,24,6,N,nb13,25,-1.016,-0.184,1,1
20,0,24,6,N,nb14,25,-0.151,-0.033,2,1
20,0,24,6,N,nb15,25,0.402,1.468,1,1
20,0,24,6,N,nb16,25,-0.942,-0.407,2,1
20,0,24,6,N,nb17,25,-0.044,0.417,0,0
20,0,24,6,N,nb18,25,1.865,-1.272,0,0
20,0,24,6,N,nb19,25,-0.86,-1.131,0,0
20,0,24,6,N,nb20,25,0.48,0.657,1,1
20,0,24,6,N,nb21,25,-0.817,-0.59,1,1
20,0,24,6,N,nb22,25,0.07,-0.107,2,1
20,0,24,6,N,nb23,25,-1.866,1.49,0,0
20,0,24,6,N,nb24,25,0.719,-1.3,0,0
20,0,24,6,N,nb25,25,-1.62,1.009,1,1
20,0,24,6,N,nb26,25,0.799,0.198,1,1
20,0,24,6,N,nb27,25,0.197,-0.319,1,1
20,0,24,6,N,nb28,25,-1.777,1.079,1,1
20,0,24,6,N,nb29,25,1.3,-0.772,0,0
20,0,24,6,A,aa0,25,-1.866,0.525,2,0
20,0,24,6,A,aa1,25,-0.479,-0.787,1,0
20,0,24,6,A,aa2,25,-1.5,-0.889,0,0
20,0,24,6,A,aa3,25,-1.028,-1.136,1,0
20,0,24,6,A,aa4,25,1.219,1.865,1,0
20,0,24,6,A,aa5,25,0.966,1.125,2,0
20,0,24,6,N,nb0,30,0.46,-1.057,0,0
20,0,24,6,N,nb1,30,0.773,-0.709,1,1
20,0,24,6,N,nb2,30,0.119,1.865,0,0
20,0,24,6,N,nb3,30,0.992,-0.824,2,1
20,0,24,6,N,nb4,30,0.655,0.647,2,0
20,0,24,6,N,nb5,30,0.225,1.329,1,1
20,0,24,6,N,nb6,30,-1.281,1.083,0,0
20,0,24,6,N,nb7,30,-0.586,1.345,0,0
20,0,24,6,N,nb8,30,1.163,1.595,0,0
20,0,24,6,N,nb9,30,-0.348,-0.009,1,1
20,0,24,6,N,nb10,30,0.74,0.427,2,1
20,0,24,6,N,nb11,30,-0.82,-1.865,0,0
20,0,24,6,N,nb12,30,-0.908,1.224,0,0
20,0,24,6,N,nb13,30,-1.016,-0.184,1,1
20,0,24,6,N,nb14,30,-0.151,-0.033,2,1
20,0,24,6,N,nb15,30,0.402,1.468,1,0
20,0,24,6,N,nb16,30,-0.942,-0.407,2,1
20,0,24,6,N,nb17,30,0.047,0.375,0,0
20,0,24,6,N,nb18,30,1.865,-1.215,0,0
20,0,24,6,N,nb19,30,-0.861,-1.06,0,0
20,0,24,6,N,nb20,30,0.48,0.657,1,1
20,0,24,6,N,nb21,30,-0.817,-0.59,1,1
20,0,24,6,N,nb22,30,0.07,-0.107,2,1
20,0,24,6,N,nb23,30,-1.866,1.412,0,0
20,0,24,6,N,nb24,30,0.8,-1.242,0,0
20,0,24,6,N,nb25,30,-1.62,1.009,1,1
20,0,24,6,N,nb26,30,0.799,0.198,1,1
20,0,24,6,N,nb27,30,0.197,-0.319,1,1
20,0,24,6,N,nb28,30,-1.777,1.079,1,1
20,0,24,6,N,nb29,30,1.224,-0.796,1,1
20,0,24,6,A,aa0,30,-1.866,0.584,2,0
20,0,24,6,A,aa1,30,-0.392,-0.739,1,0
20,0,24,6,A,aa2,30,-1.589,-0.845,0,0
20,0,24,6,A,aa3,30,-1.029,-1.065,1,0
20,0,24,6,A,aa4,30,1.17,1.865,1,0
20,0,24,6,A,aa5,30,0.867,1.137,3,1
20,0,24,6,N,nb0,35,0.539,-0.996,0,0
20,0,24,6,N,nb1,35,0.773,-0.709,1,1
20,0,24,6,N,nb2,35,0.192,1.865,0,0
20,0,24,6,N,nb3,35,0.992,-0.824,2,1
20,0,24,6,N,nb4,35,0.625,0.674,1,0
20,0,24,6,N,nb5,35,0.221,1.328,1,1
20,0,24,6,N,nb6,35,-1.246,0.989,0,0
20,0,24,6,N,nb7,35,-0.488,1.366,0,0
20,0,24,6,N,nb8,35,1.22,1.635,0,0
20,0,24,6,N,nb9,35,-0.348,-0.009,1,1
20,0,24,6,N,nb10,35,0.74,0.427,1,1
20,0,24,6,N,nb11,35,-0.765,-1.865,0,0
20,0,24,6,N,nb12,35,-0.916,1.323,0,0
20,0,24,6,N,nb13,35,-1.016,-0.184,1,1
20,0,24,6,N,nb14,35,-0.151,-0.033,2,1
20,0,24,6,N,nb15,35,0.348,1.439,1,0
20,0,24,6,N,nb16,35,-0.942,-0.407,2,1
20,0,24,6,N,nb17,35,0.138,0.333,0,0
20,0,24,6,N,nb18,35,1.865,-1.148,0,0
20,0,24,6,N,nb19,35,-0.862,-0.98,0,0
20,0,24,6,N,nb20,35,0.455,0.67,1,1
20,0,24,6,N,nb21,35,-0.817,-0.59,1,1
20,0,24,6,N,nb22,35,0.07,-0.107,2,1
20,0,24,6,N,nb23,35,-1.866,1.328,0,0
20,0,24,6,N,nb24,35,0.881,-1.184,0,0
20,0,24,6,N,nb25,35,-1.62,1.009,1,1
20,0,24,6,N,nb26,35,0.799,0.198,1,1
20,0,24,6,N,nb27,35,0.197,-0.319,1,1
20,0,24,6,N,nb28,35,-1.777,1.079,1,1
20,0,24,6,N,nb29,35,1.224,-0.796,1,1
20,0,24,6,A,aa0,35,-1.866,0.653,2,0
20,0,24,6,A,aa1,35,-0.371,-0.727,1,0
20,0,24,6,A,aa2,35,-1.679,-0.8,0,0
20,0,24,6,A,aa3,35,-1.03,-0.985,2,0
20,0,24,6,A,aa4,35,1.109,1.865,0,0
20,0,24,6,A,aa5,35,0.767,1.15,2,0
20,0,24,6,N,nb0,40,0.618,-0.935,0,0
20,0,24,6,N,nb1,40,0.773,-0.709,1,1
20,0,24,6,N,nb2,40,0.273,1.865,0,0
20,0,24,6,N,nb3,40,0.992,-0.824,2,1
20,0,24,6,N,nb4,40,0.588,0.727,1,0
20,0,24,6,N,nb5,40,0.178,1.318,1,1
20,0,24,6,N,nb6,40,-1.211,0.896,0,0
20,0,24,6,N,nb7,40,-0.391,1.388,0,0
20,0,24,6,N,nb8,40,1.304,1.683,0,0
20,0,24,6,N,nb9,40,-0.348,-0.009,1,1
20,0,24,6,N,nb10,40,0.74,0.427,1,1
20,0,24,6,N,nb11,40,-0.7,-1.865,0,0
20,0,24,6,N,nb12,40,-0.924,1.423,0,0
20,0,24,6,N,nb13,40,-1.016,-0.184,1,1
20,0,24,6,N,nb14,40,-0.151,-0.033,2,1
20,0,24,6,N,nb15,40,0.31,1.424,1,0
20,0,24,6,N,nb16,40,-0.942,-0.407,2,1
20,0,24,6,N,nb17,40,0.229,0.292,0,0
20,0,24,6,N,nb18,40,1.865,-1.072,0,0
20,0,24,6,N,nb19,40,-0.863,-0.895,0,0
20,0,24,6,N,nb20,40,0.426,0.681,1,1
20,0,24,6,N,nb21,40,-0.817,-0.59,1,1
20,0,24,6,N,nb22,40,0.07,-0.107,2,1
20,0,24,6,N,nb23,40,-1.866,1.308,1,0
20,0,24,6,N,nb24,40,0.962,-1.125,0,0
20,0,24,6,N,nb25,40,-1.62,1.009,1,0
20,0,24,6,N,nb26,40,0.799,0.198,1,1
20,0,24,6,N,nb27,40,0.197,-0.319,1,1
20,0,24,6,N,nb28,40,-1.777,1.079,2,0
20,0,24,6,N,nb29,40,1.224,-0.796,1,1
20,0,24,6,A,aa0,40,-1.866,0.731,3,1
20,0,24,6,A,aa1,40,-0.372,-0.711,1,0
20,0,24,6,A,aa2,40,-1.769,-0.756,0,0
20,0,24,6,A,aa3,40,-1.031,-0.9,2,0
20,0,24,6,A,aa4,40,1.037,1.865,0,0
20,0,24,6,A,aa5,40,0.668,1.162,2,0
20,0,24,6,N,nb0,45,0.65,-0.91,1,1
20,0,24,6,N,nb1,45,0.773,-0.709,2,1
20,0,24,6,N,nb2,45,0.359,1.865,0,0
20,0,24,6,N,nb3,45,0.992,-0.824,2,1
20,0,24,6,N,nb4,45,0.579,0.743,1,0
20,0,24,6,N,nb5,45,0.169,1.316,1,0
20,0,24,6,N,nb6,45,-1.176,0.802,0,0
20,0,24,6,N,nb7,45,-0.293,1.409,0,0
20,0,24,6,N,nb8,45,1.391,1.731,0,0
20,0,24,6,N,nb9,45,-0.348,-0.009,1,1
20,0,24,6,N,nb10,45,0.74,0.427,1,1
20,0,24,6,N,nb11,45,-0.625,-1.865,0,0
20,0,24,6,N,nb12,45,-0.933,1.523,0,0
20,0,24,6,N,nb13,45,-1.016,-0.184,1,1
20,0,24,6,N,nb14,45,-0.151,-0.033,2,1
20,0,24,6,N,nb15,45,0.301,1.422,1,0
20,0,24,6,N,nb16,45,-0.942,-0.407,2,1
20,0,24,6,N,nb17,45,0.32,0.25,0,0
20,0,24,6,N,nb18,45,1.865,-0.989,0,0
20,0,24,6,N,nb19,45,-0.862,-0.819,1,1
20,0,24,6,N,nb20,45,0.421,0.681,1,0
20,0,24,6,N,nb21,45,-0.817,-0.59,2,1
20,0,24,6,N,nb22,45,0.07,-0.107,2,1
20,0,24,6,N,nb23,45,-1.866,1.24,1,0
20,0,24,6,N,nb24,45,1.04,-1.07,0,0
20,0,24,6,N,nb25,45,-1.564,1.056,0,0
20,0,24,6,N,nb26,45,0.799,0.198,1,1
20,0,24,6,N,nb27,45,0.197,-0.319,1,1
20,0,24,6,N,nb28,45,-1.815,1.017,1,0
20,0,24,6,N,nb29,45,1.224,-0.796,1,1
20,0,24,6,A,aa0,45,-1.866,0.815,0,0
20,0,24,6,A,aa1,45,-0.38,-0.611,2,0
20,0,24,6,A,aa2,45,-1.844,-0.712,0,0
20,0,24,6,A,aa3,45,-1.03,-0.811,2,0
20,0,24,6,A,aa4,45,0.958,1.865,0,0
20,0,24,6,A,aa5,45,0.625,1.167,4,1
20,0,24,6,N,nb0,50,0.65,-0.91,1,1
20,0,24,6,N,nb1,50,0.773,-0.709,2,1
20,0,24,6,N,nb2,50,0.448,1.865,0,0
20,0,24,6,N,nb3,50,0.992,-0.824,3,1
20,0,24,6,N,nb4,50,0.528,0.816,0,0
20,0,24,6,N,nb5,50,0.111,1.355,1,0
20,0,24,6,N,nb6,50,-1.141,0.709,0,0
20,0,24,6,N,nb7,50,-0.195,1.431,0,0
20,0,24,6,N,nb8,50,1.477,1.778,0,0
20,0,24,6,N,nb9,50,-0.352,0.025,1,0
20,0,24,6,N,nb10,50,0.74,0.427,1,1
20,0,24,6,N,nb11,50,-0.543,-1.865,0,0
20,0,24,6,N,nb12,50,-0.941,1.622,0,0
20,0,24,6,N,nb13,50,-1.016,-0.184,0,1
20,0,24,6,N,nb14,50,-0.17,-0.007,1,0
20,0,24,6,N,nb15,50,0.245,1.457,1,0
20,0,24,6,N,nb16,50,-0.947,-0.44,1,0
20,0,24,6,N,nb17,50,0.411,0.208,0,0
20,0,24,6,N,nb18,50,1.865,-0.902,0,0
20,0,24,6,N,nb19,50,-0.866,-0.787,1,0
20,0,24,6,N,nb20,50,0.356,0.611,0,0
20,0,24,6,N,nb21,50,-0.846,-0.578,2,0
20,0,24,6,N,nb22,50,0.07,-0.107,1,1
20,0,24,6,N,nb23,50,-1.866,1.156,1,0
20,0,24,6,N,nb24,50,1.058,-1.058,1,1
20,0,24,6,N,nb25,50,-1.486,1.117,0,0
20,0,24,6,N,nb26,50,0.799,0.198,1,1
20,0,24,6,N,nb27,50,0.197,-0.319,1,1
20,0,24,6,N,nb28,50,-1.826,0.991,1,0
20,0,24,6,N,nb29,50,1.224,-0.796,1,1
20,0,24,6,A,aa0,50,-1.866,0.827,0,0
20,0,24,6,A,aa1,50,-0.387,-0.511,0,0
20,0,24,6,A,aa2,50,-1.866,-0.658,0,0
20,0,24,6,A,aa3,50,-1.024,-0.718,0,0
20,0,24,6,A,aa4,50,0.873,1.865,0,0
20,0,24,6,A,aa5,50,0.578,1.136,0,0
20,0,24,6,N,nb0,55,0.65,-0.91,1,1
20,0,24,6,N,nb1,55,0.773,-0.709,2,1
20,0,24,6,N,nb2,55,0.54,1.864,0,0
20,0,24,6,N,nb3,55,0.992,-0.824,3,1
20,0,24,6,N,nb4,55,0.48,0.894,0,0
20,0,24,6,N,nb5,55,0.044,1.399,2,1
20,0,24,6,N,nb6,55,-1.106,0.615,0,0
20,0,24,6,N,nb7,55,-0.136,1.443,1,1
20,0,24,6,N,nb8,55,1.56,1.815,0,0
20,0,24,6,N,nb9,55,-0.374,0.117,1,0
20,0,24,6,N,nb10,55,0.74,0.427,1,1
20,0,24,6,N,nb11,55,-0.456,-1.865,0,0
20,0,24,6,N,nb12,55,-0.949,1.722,0,0
20,0,24,6,N,nb13,55,-1.016,-0.184,1,1
20,0,24,6,N,nb14,55,-0.21,0.07,1,0
20,0,24,6,N,nb15,55,0.18,1.499,1,1
20,0,24,6,N,nb16,55,-0.993,-0.421,2,0
20,0,24,6,N,nb17,55,0.502,0.166,0,0
20,0,24,6,N,nb18,55,1.865,-0.811,0,0
20,0,24,6,N,nb19,55,-0.878,-0.717,1,0
20,0,24,6,N,nb20,55,0.289,0.537,0,0
20,0,24,6,N,nb21,55,-0.882,-0.548,2,0
20,0,24,6,N,nb22,55,0.07,-0.107,1,1
20,0,24,6,N,nb23,55,-1.866,1.137,1,1
20,0,24,6,N,nb24,55,1.058,-1.058,1,1
20,0,24,6,N,nb25,55,-1.407,1.179,0,0
20,0,24,6,N,nb26,55,0.799,0.198,1,1
20,0,24,6,N,nb27,55,0.197,-0.319,1,1
20,0,24,6,N,nb28,55,-1.825,0.972,1,1
20,0,24,6,N,nb29,55,1.224,-0.796,1,1
20,0,24,6,A,aa0,55,-1.866,0.809,1,0
20,0,24,6,A,aa1,55,-0.389,-0.488,1,0
20,0,24,6,A,aa2,55,-1.866,-0.594,0,0
20,0,24,6,A,aa3,55,-1.03,-0.628,0,0
20,0,24,6,A,aa4,55,0.784,1.865,0,0
20,0,24,6,A,aa5,55,0.499,1.085,0,0
20,0,24,6,N,nb0,60,0.65,-0.91,1,1
20,0,24,6,N,nb1,60,0.773,-0.709,2,1
20,0,24,6,N,nb2,60,0.579,1.859,0,0
20,0,24,6,N,nb3,60,0.992,-0.824,3,1
20,0,24,6,N,nb4,60,0.414,0.92,0,0
20,0,24,6,N,nb5,60,0.042,1.4,2,1
20,0,24,6,N,nb6,60,-1.07,0.521,0,0
20,0,24,6,N,nb7,60,-0.136,1.443,1,1
20,0,24,6,N,nb8,60,1.647,1.84,0,0
20,0,24,6,N,nb9,60,-0.392,0.174,1,1
20,0,24,6,N,nb10,60,0.74,0.427,1,1
20,0,24,6,N,nb11,60,-0.366,-1.865,0,0
20,0,24,6,N,nb12,60,-0.958,1.816,0,0
20,0,24,6,N,nb13,60,-1.016,-0.184,1,1
20,0,24,6,N,nb14,60,-0.23,0.122,1,1
20,0,24,6,N,nb15,60,0.178,1.5,1,1
20,0,24,6,N,nb16,60,-1.028,-0.399,2,1
20,0,24,6,N,nb17,60,0.572,0.133,1,1
20,0,24,6,N,nb18,60,1.862,-0.719,0,0
20,0,24,6,N,nb19,60,-0.877,-0.673,1,1
20,0,24,6,N,nb20,60,0.221,0.464,0,0
20,0,24,6,N,nb21,60,-0.886,-0.502,2,1
20,0,24,6,N,nb22,60,0.07,-0.107,1,1
20,0,24,6,N,nb23,60,-1.866,1.137,1,1
20,0,24,6,N,nb24,60,1.058,-1.058,1,1
20,0,24,6,N,nb25,60,-1.328,1.24,0,0
20,0,24,6,N,nb26,60,0.799,0.198,2,1
20,0,24,6,N,nb27,60,0.197,-0.319,1,1
20,0,24,6,N,nb28,60,-1.825,0.972,1,1
20,0,24,6,N,nb29,60,1.224,-0.796,1,1
20,0,24,6,A,aa0,60,-1.866,0.809,1,0
20,0,24,6,A,aa1,60,-0.421,-0.47,2,0
20,0,24,6,A,aa2,60,-1.866,-0.521,0,0
20,0,24,6,A,aa3,60,-1.042,-0.567,3,1
20,0,24,6,A,aa4,60,0.746,1.862,0,0
20,0,24,6,A,aa5,60,0.428,1.089,2,0
20,0,24,6,N,nb0,65,0.65,-0.91,1,1
20,0,24,6,N,nb1,65,0.773,-0.709,2,1
20,0,24,6,N,nb2,65,0.578,1.844,0,0
20,0,24,6,N,nb3,65,0.992,-0.824,3,1
20,0,24,6,N,nb4,65,0.339,0.937,0,0
20,0,24,6,N,nb5,65,0.042,1.4,2,1
20,0,24,6,N,nb6,65,-1.035,0.428,0,0
20,0,24,6,N,nb7,65,-0.136,1.443,1,1
20,0,24,6,N,nb8,65,1.737,1.854,0,0
20,0,24,6,N,nb9,65,-0.392,0.174,1,1
20,0,24,6,N,nb10,65,0.74,0.427,1,1
20,0,24,6,N,nb11,65,-0.274,-1.864,0,0
20,0,24,6,N,nb12,65,-0.976,1.866,0,0
20,0,24,6,N,nb13,65,-1.016,-0.184,1,0
20,0,24,6,N,nb14,65,-0.23,0.122,1,1
20,0,24,6,N,nb15,65,0.178,1.5,1,1
20,0,24,6,N,nb16,65,-1.051,-0.367,2,0
20,0,24,6,N,nb17,65,0.572,0.133,1,1
20,0,24,6,N,nb18,65,1.85,-0.627,0,0
20,0,24,6,N,nb19,65,-0.867,-0.628,1,0
20,0,24,6,N,nb20,65,0.153,0.39,0,0
20,0,24,6,N,nb21,65,-0.912,-0.464,2,0
20,0,24,6,N,nb22,65,0.07,-0.107,1,1
20,0,24,6,N,nb23,65,-1.866,1.137,1,1
20,0,24,6,N,nb24,65,1.058,-1.058,1,1
20,0,24,6,N,nb25,65,-1.249,1.302,0,0
20,0,24,6,N,nb26,65,0.799,0.198,2,1
20,0,24,6,N,nb27,65,0.197,-0.319,1,1
20,0,24,6,N,nb28,65,-1.825,0.972,1,1
20,0,24,6,N,nb29,65,1.224,-0.796,1,1
20,0,24,6,A,aa0,65,-1.866,0.809,1,0
20,0,24,6,A,aa1,65,-0.509,-0.423,1,0
20,0,24,6,A,aa2,65,-1.866,-0.44,0,0
20,0,24,6,A,aa3,65,-1.065,-0.536,0,0
20,0,24,6,A,aa4,65,0.746,1.848,0,0
20,0,24,6,A,aa5,65,0.35,1.106,2,0
20,0,24,6,N,nb0,70,0.65,-0.91,1,1
20,0,24,6,N,nb1,70,0.773,-0.709,2,1
20,0,24,6,N,nb2,70,0.577,1.817,0,0
20,0,24,6,N,nb3,70,0.992,-0.824,3,1
20,0,24,6,N,nb4,70,0.257,0.954,0,0
20,0,24,6,N,nb5,70,0.042,1.4,2,1
20,0,24,6,N,nb6,70,-1.0,0.334,0,0
20,0,24,6,N,nb7,70,-0.136,1.443,1,1
20,0,24,6,N,nb8,70,1.829,1.857,0,0
20,0,24,6,N,nb9,70,-0.392,0.174,1,1
20,0,24,6,N,nb10,70,0.74,0.427,1,1
20,0,24,6,N,nb11,70,-0.182,-1.853,0,0
20,0,24,6,N,nb12,70,-1.008,1.866,0,0
20,0,24,6,N,nb13,70,-1.016,-0.184,2,1
20,0,24,6,N,nb14,70,-0.23,0.122,1,1
20,0,24,6,N,nb15,70,0.178,1.5,1,1
20,0,24,6,N,nb16,70,-1.115,-0.343,2,0
20,0,24,6,N,nb17,70,0.572,0.133,1,1
20,0,24,6,N,nb18,70,1.828,-0.536,0,0
20,0,24,6,N,nb19,70,-0.836,-0.545,1,0
20,0,24,6,N,nb20,70,0.085,0.317,0,0
20,0,24,6,N,nb21,70,-0.96,-0.411,3,0
20,0,24,6,N,nb22,70,0.07,-0.107,1,1
20,0,24,6,N,nb23,70,-1.866,1.137,1,1
20,0,24,6,N,nb24,70,1.058,-1.058,1,1
20,0,24,6,N,nb25,70,-1.17,1.363,0,0
20,0,24,6,N,nb26,70,0.799,0.198,2,0
20,0,24,6,N,nb27,70,0.197,-0.319,1,1
20,0,24,6,N,nb28,70,-1.825,0.972,1,1
20,0,24,6,N,nb29,70,1.224,-0.796,1,1
20,0,24,6,A,aa0,70,-1.866,0.809,1,0
20,0,24,6,A,aa1,70,-0.597,-0.375,2,0
20,0,24,6,A,aa2,70,-1.866,-0.353,0,0
20,0,24,6,A,aa3,70,-1.096,-0.512,0,0
20,0,24,6,A,aa4,70,0.745,1.821,0,0
20,0,24,6,A,aa5,70,0.267,1.124,2,0
20,0,24,6,N,nb0,75,0.65,-0.91,1,1
20,0,24,6,N,nb1,75,0.773,-0.709,2,1
20,0,24,6,N,nb2,75,0.576,1.777,0,0
20,0,24,6,N,nb3,75,0.992,-0.824,3,1
20,0,24,6,N,nb4,75,0.171,0.973,0,0
20,0,24,6,N,nb5,75,0.042,1.4,2,0
20,0,24,6,N,nb6,75,-0.965,0.241,0,0
20,0,24,6,N,nb7,75,-0.136,1.443,1,0
20,0,24,6,N,nb8,75,1.867,1.852,0,0
20,0,24,6,N,nb9,75,-0.392,0.174,1,0
20,0,24,6,N,nb10,75,0.74,0.427,1,1
20,0,24,6,N,nb11,75,-0.091,-1.833,0,0
20,0,24,6,N,nb12,75,-1.054,1.866,0,0
20,0,24,6,N,nb13,75,-1.016,-0.184,2,0
20,0,24,6,N,nb14,75,-0.23,0.122,1,1
20,0,24,6,N,nb15,75,0.178,1.5,1,0
20,0,24,6,N,nb16,75,-1.15,-0.351,2,0
20,0,24,6,N,nb17,75,0.572,0.133,1,1
20,0,24,6,N,nb18,75,1.798,-0.447,0,0
20,0,24,6,N,nb19,75,-0.818,-0.51,1,0
20,0,24,6,N,nb20,75,0.017,0.243,0,0
20,0,24,6,N,nb21,75,-0.983,-0.383,3,0
20,0,24,6,N,nb22,75,0.07,-0.107,1,1
20,0,24,6,N,nb23,75,-1.866,1.137,1,1
20,0,24,6,N,nb24,75,1.058,-1.058,1,1
20,0,24,6,N,nb25,75,-1.091,1.425,0,0
20,0,24,6,N,nb26,75,0.799,0.198,2,1
20,0,24,6,N,nb27,75,0.197,-0.319,1,1
20,0,24,6,N,nb28,75,-1.825,0.972,1,1
20,0,24,6,N,nb29,75,1.224,-0.796,1,1
20,0,24,6,A,aa0,75,-1.866,0.809,1,0
20,0,24,6,A,aa1,75,-0.678,-0.329,4,1
20,0,24,6,A,aa2,75,-1.866,-0.264,0,0
20,0,24,6,A,aa3,75,-1.105,-0.515,3,1
20,0,24,6,A,aa4,75,0.743,1.783,0,0
20,0,24,6,A,aa5,75,0.179,1.142,3,1
20,0,24,6,N,nb0,80,0.65,-0.91,1,1
20,0,24,6,N,nb1,80,0.773,-0.709,2,1
20,0,24,6,N,nb2,80,0.574,1.724,0,0
20,0,24,6,N,nb3,80,0.992,-0.824,3,1
20,0,24,6,N,nb4,80,0.082,0.992,0,0
20,0,24,6,N,nb5,80,-0.008,1.46,2,0
20,0,24,6,N,nb6,80,-0.93,0.147,0,0
20,0,24,6,N,nb7,80,-0.175,1.474,1,0
20,0,24,6,N,nb8,80,1.867,1.837,0,0
20,0,24,6,N,nb9,80,-0.414,0.245,1,0
20,0,24,6,N,nb10,80,0.74,0.427,1,1
20,0,24,6,N,nb11,80,-0.002,-1.804,0,0
20,0,24,6,N,nb12,80,-1.113,1.866,0,0
20,0,24,6,N,nb13,80,-1.024,-0.206,2,0
20,0,24,6,N,nb14,80,-0.23,0.122,2,1
20,0,24,6,N,nb15,80,0.126,1.563,1,0
20,0,24,6,N,nb16,80,-1.217,-0.356,2,0
20,0,24,6,N,nb17,80,0.572,0.133,1,1
20,0,24,6,N,nb18,80,1.76,-0.361,0,0
20,0,24,6,N,nb19,80,-0.783,-0.453,0,0
20,0,24,6,N,nb20,80,-0.01,0.214,1,1
20,0,24,6,N,nb21,80,-1.021,-0.374,2,0
20,0,24,6,N,nb22,80,0.07,-0.107,1,1
20,0,24,6,N,nb23,80,-1.866,1.137,1,1
20,0,24,6,N,nb24,80,1.058,-1.058,1,1
20,0,24,6,N,nb25,80,-1.012,1.486,0,0
20,0,24,6,N,nb26,80,0.799,0.198,2,1
20,0,24,6,N,nb27,80,0.197,-0.319,1,1
20,0,24,6,N,nb28,80,-1.825,0.972,1,1
20,0,24,6,N,nb29,80,1.224,-0.796,1,1
20,0,24,6,A,aa0,80,-1.866,0.809,1,0
20,0,24,6,A,aa1,80,-0.752,-0.273,0,0
20,0,24,6,A,aa2,80,-1.865,-0.172,0,0
20,0,24,6,A,aa3,80,-1.188,-0.523,0,0
20,0,24,6,A,aa4,80,0.741,1.731,0,0
20,0,24,6,A,aa5,80,0.089,1.162,0,0
20,0,24,6,N,nb0,85,0.65,-0.91,1,1
20,0,24,6,N,nb1,85,0.773,-0.709,2,1
20,0,24,6,N,nb2,85,0.571,1.66,0,0
20,0,24,6,N,nb3,85,0.992,-0.824,3,1
20,0,24,6,N,nb4,85,-0.008,1.006,0,0
20,0,24,6,N,nb5,85,-0.072,1.518,2,1
20,0,24,6,N,nb6,85,-0.895,0.053,0,0
20,0,24,6,N,nb7,85,-0.24,1.501,1,1
20,0,24,6,N,nb8,85,1.867,1.807,0,0
20,0,24,6,N,nb9,85,-0.447,0.337,0,0
20,0,24,6,N,nb10,85,0.74,0.427,1,1
20,0,24,6,N,nb11,85,0.085,-1.767,0,0
20,0,24,6,N,nb12,85,-1.183,1.866,0,0
20,0,24,6,N,nb13,85,-1.059,-0.215,1,0
20,0,24,6,N,nb14,85,-0.23,0.122,1,1
20,0,24,6,N,nb15,85,0.059,1.623,1,1
20,0,24,6,N,nb16,85,-1.286,-0.387,1,0
20,0,24,6,N,nb17,85,0.572,0.133,1,1
20,0,24,6,N,nb18,85,1.715,-0.272,0,0
20,0,24,6,N,nb19,85,-0.725,-0.386,0,0
20,0,24,6,N,nb20,85,-0.01,0.214,1,1
20,0,24,6,N,nb21,85,-1.056,-0.383,2,0
20,0,24,6,N,nb22,85,0.07,-0.107,1,1
20,0,24,6,N,nb23,85,-1.866,1.137,1,1
20,0,24,6,N,nb24,85,1.058,-1.058,1,1
20,0,24,6,N,nb25,85,-0.933,1.547,0,0
20,0,24,6,N,nb26,85,0.799,0.198,2,1
20,0,24,6,N,nb27,85,0.197,-0.319,1,1
20,0,24,6,N,nb28,85,-1.825,0.972,1,1
20,0,24,6,N,nb29,85,1.224,-0.796,1,1
20,0,24,6,A,aa0,85,-1.862,0.808,1,0
20,0,24,6,A,aa1,85,-0.824,-0.21,0,0
20,0,24,6,A,aa2,85,-1.856,-0.079,0,0
20,0,24,6,A,aa3,85,-1.211,-0.539,0,0
20,0,24,6,A,aa4,85,0.738,1.667,0,0
20,0,24,6,A,aa5,85,-0.002,1.18,0,0
20,0,24,6,N,nb0,90,0.65,-0.91,1,1
20,0,24,6,N,nb1,90,0.773,-0.709,2,1
20,0,24,6,N,nb2,90,0.568,1.585,0,0
20,0,24,6,N,nb3,90,0.992,-0.824,3,1
20,0,24,6,N,nb4,90,-0.1,1.009,0,0
20,0,24,6,N,nb5,90,-0.085,1.528,2,0
20,0,24,6,N,nb6,90,-0.871,-0.008,0,0
20,0,24,6,N,nb7,90,-0.251,1.504,1,0
20,0,24,6,N,nb8,90,1.867,1.763,0,0
20,0,24,6,N,nb9,90,-0.481,0.431,0,0
20,0,24,6,N,nb10,90,0.74,0.427,1,1
20,0,24,6,N,nb11,90,0.173,-1.723,0,0
20,0,24,6,N,nb12,90,-1.261,1.866,0,0
20,0,24,6,N,nb13,90,-1.069,-0.217,1,1
20,0,24,6,N,nb14,90,-0.23,0.122,1,1
20,0,24,6,N,nb15,90,0.047,1.634,1,0
20,0,24,6,N,nb16,90,-1.303,-0.398,1,1
20,0,24,6,N,nb17,90,0.572,0.133,1,1
20,0,24,6,N,nb18,90,1.67,-0.183,0,0
20,0,24,6,N,nb19,90,-0.655,-0.326,0,0
20,0,24,6,N,nb20,90,-0.01,0.214,1,1
20,0,24,6,N,nb21,90,-1.066,-0.386,2,1
20,0,24,6,N,nb22,90,0.07,-0.107,1,1
20,0,24,6,N,nb23,90,-1.866,1.137,1,1
20,0,24,6,N,nb24,90,1.058,-1.058,1,1
20,0,24,6,N,nb25,90,-0.855,1.609,0,0
20,0,24,6,N,nb26,90,0.799,0.198,2,1
20,0,24,6,N,nb27,90,0.197,-0.319,1,1
20,0,24,6,N,nb28,90,-1.825,0.972,1,1
20,0,24,6,N,nb29,90,1.224,-0.796,1,0
20,0,24,6,A,aa0,90,-1.862,0.808,1,0
20,0,24,6,A,aa1,90,-0.862,-0.176,2,0
20,0,24,6,A,aa2,90,-1.837,0.012,0,0
20,0,24,6,A,aa3,90,-1.263,-0.591,2,0
20,0,24,6,A,aa4,90,0.735,1.594,0,0
20,0,24,6,A,aa5,90,-0.091,1.207,0,0
20,0,24,6,N,nb0,95,0.65,-0.91,1,1
20,0,24,6,N,nb1,95,0.773,-0.709,2,1
20,0,24,6,N,nb2,95,0.565,1.504,0,0
20,0,24,6,N,nb3,95,0.992,-0.824,3,1
20,0,24,6,N,nb4,95,-0.193,1.002,0,0
20,0,24,6,N,nb5,95,-0.159,1.571,2,0
20,0,24,6,N,nb6,95,-0.84,-0.043,0,0
20,0,24,6,N,nb7,95,-0.318,1.517,1,0
20,0,24,6,N,nb8,95,1.867,1.707,0,0
20,0,24,6,N,nb9,95,-0.516,0.525,0,0
20,0,24,6,N,nb10,95,0.74,0.427,1,0
20,0,24,6,N,nb11,95,0.262,-1.677,0,0
20,0,24,6,N,nb12,95,-1.345,1.866,0,0
20,0,24,6,N,nb13,95,-1.07,-0.217,1,1
20,0,24,6,N,nb14,95,-0.23,0.122,1,1
20,0,24,6,N,nb15,95,-0.028,1.685,1,0
20,0,24,6,N,nb16,95,-1.303,-0.398,1,1
20,0,24,6,N,nb17,95,0.572,0.133,1,1
20,0,24,6,N,nb18,95,1.624,-0.094,0,0
20,0,24,6,N,nb19,95,-0.576,-0.269,0,0
20,0,24,6,N,nb20,95,-0.01,0.214,1,1
20,0,24,6,N,nb21,95,-1.066,-0.386,2,1
20,0,24,6,N,nb22,95,0.07,-0.107,1,1
20,0,24,6,N,nb23,95,-1.866,1.137,1,1
20,0,24,6,N,nb24,95,1.058,-1.058,1,1
20,0,24,6,N,nb25,95,-0.776,1.67,0,0
20,0,24,6,N,nb26,95,0.799,0.198,2,1
20,0,24,6,N,nb27,95,0.197,-0.319,1,1
20,0,24,6,N,nb28,95,-1.825,0.972,1,1
20,0,24,6,N,nb29,95,1.224,-0.796,1,1
20,0,24,6,A,aa0,95,-1.865,0.809,1,0
20,0,24,6,A,aa1,95,-0.902,-0.201,2,0
20,0,24,6,A,aa2,95,-1.81,0.101,0,0
20,0,24,6,A,aa3,95,-1.328,-0.662,2,0
20,0,24,6,A,aa4,95,0.731,1.514,0,0
20,0,24,6,A,aa5,95,-0.178,1.242,0,0
20,0,24,6,N,nb0,100,0.65,-0.91,1,1
20,0,24,6,N,nb1,100,0.773,-0.709,2,1
20,0,24,6,N,nb2,100,0.561,1.417,0,0
20,0,24,6,N,nb3,100,0.992,-0.824,3,1
20,0,24,6,N,nb4,100,-0.287,0.986,0,0
20,0,24,6,N,nb5,100,-0.219,1.6,2,1
20,0,24,6,N,nb6,100,-0.779,-0.098,0,0
20,0,24,6,N,nb7,100,-0.372,1.53,1,1
20,0,24,6,N,nb8,100,1.867,1.64,0,0
20,0,24,6,N,nb9,100,-0.551,0.619,0,0
20,0,24,6,N,nb10,100,0.74,0.427,1,1
20,0,24,6,N,nb11,100,0.352,-1.632,0,0
20,0,24,6,N,nb12,100,-1.434,1.866,0,0
20,0,24,6,N,nb13,100,-1.07,-0.217,1,1
20,0,24,6,N,nb14,100,-0.23,0.122,1,1
20,0,24,6,N,nb15,100,-0.086,1.735,1,1
20,0,24,6,N,nb16,100,-1.303,-0.398,1,1
20,0,24,6,N,nb17,100,0.572,0.133,1,1
20,0,24,6,N,nb18,100,1.579,-0.004,0,0
20,0,24,6,N,nb19,100,-0.494,-0.212,0,0
20,0,24,6,N,nb20,100,-0.01,0.214,1,1
20,0,24,6,N,nb21,100,-1.066,-0.386,2,1
20,0,24,6,N,nb22,100,0.07,-0.107,1,1
20,0,24,6,N,nb23,100,-1.866,1.137,1,1
20,0,24,6,N,nb24,100,1.058,-1.058,1,1
20,0,24,6,N,nb25,100,-0.697,1.732,0,0
20,0,24,6,N,nb26,100,0.799,0.198,2,1
20,0,24,6,N,nb27,100,0.197,-0.319,1,1
20,0,24,6,N,nb28,100,-1.825,0.972,1,1
20,0,24,6,N,nb29,100,1.224,-0.796,1,1
20,0,24,6,A,aa0,100,-1.865,0.809,1,0
20,0,24,6,A,aa1,100,-0.901,-0.215,2,0
20,0,24,6,A,aa2,100,-1.774,0.188,0,0
20,0,24,6,A,aa3,100,-1.392,-0.738,2,0
20,0,24,6,A,aa4,100,0.728,1.428,0,0
20,0,24,6,A,aa5,100,-0.264,1.285,0,0
20,0,24,6,N,nb0,105,0.65,-0.91,1,1
20,0,24,6,N,nb1,105,0.773,-0.709,2,1
20,0,24,6,N,nb2,105,0.558,1.327,0,0
20,0,24,6,N,nb3,105,0.992,-0.824,3,1
20,0,24,6,N,nb4,105,-0.385,0.966,0,0
20,0,24,6,N,nb5,105,-0.219,1.6,2,1
20,0,24,6,N,nb6,105,-0.707,-0.159,0,0
20,0,24,6,N,nb7,105,-0.372,1.53,1,1
20,0,24,6,N,nb8,105,1.867,1.563,0,0
20,0,24,6,N,nb9,105,-0.585,0.712,0,0
20,0,24,6,N,nb10,105,0.74,0.427,1,1
20,0,24,6,N,nb11,105,0.441,-1.587,0,0
20,0,24,6,N,nb12,105,-1.525,1.866,0,0
20,0,24,6,N,nb13,105,-1.07,-0.217,1,1
20,0,24,6,N,nb14,105,-0.23,0.122,1,1
20,0,24,6,N,nb15,105,-0.086,1.735,1,1
20,0,24,6,N,nb16,105,-1.303,-0.398,1,1
20,0,24,6,N,nb17,105,0.572,0.133,1,1
20,0,24,6,N,nb18,105,1.534,0.085,0,0
20,0,24,6,N,nb19,105,-0.412,-0.155,0,0
20,0,24,6,N,nb20,105,-0.01,0.214,1,1
20,0,24,6,N,nb21,105,-1.066,-0.386,2,1
20,0,24,6,N,nb22,105,0.07,-0.107,1,1
20,0,24,6,N,nb23,105,-1.866,1.137,1,1
20,0,24,6,N,nb24,105,1.058,-1.058,1,1
20,0,24,6,N,nb25,105,-0.621,1.79,0,0
20,0,24,6,N,nb26,105,0.799,0.198,2,1
20,0,24,6,N,nb27,105,0.197,-0.319,1,1
20,0,24,6,N,nb28,105,-1.825,0.972,1,1
20,0,24,6,N,nb29,105,1.224,-0.796,1,1
20,0,24,6,A,aa0,105,-1.865,0.809,1,0
20,0,24,6,A,aa1,105,-0.902,-0.203,2,0
20,0,24,6,A,aa2,105,-1.731,0.276,0,0
20,0,24,6,A,aa3,105,-1.456,-0.815,2,0
20,0,24,6,A,aa4,105,0.725,1.338,0,0
20,0,24,6,A,aa5,105,-0.285,1.295,2,0
20,0,24,6,N,nb0,110,0.65,-0.91,1,1
20,0,24,6,N,nb1,110,0.773,-0.709,2,1
20,0,24,6,N,nb2,110,0.555,1.234,0,0
20,0,24,6,N,nb3,110,0.992,-0.824,3,1
20,0,24,6,N,nb4,110,-0.447,0.954,1,1
20,0,24,6,N,nb5,110,-0.219,1.6,2,1
20,0,24,6,N,nb6,110,-0.63,-0.215,0,0
20,0,24,6,N,nb7,110,-0.372,1.53,1,1
20,0,24,6,N,nb8,110,1.867,1.481,0,0
20,0,24,6,N,nb9,110,-0.607,0.772,1,1
20,0,24,6,N,nb10,110,0.74,0.427,1,1
20,0,24,6,N,nb11,110,0.53,-1.542,0,0
20,0,24,6,N,nb12,110,-1.617,1.861,0,0
20,0,24,6,N,nb13,110,-1.074,-0.216,1,1
20,0,24,6,N,nb14,110,-0.23,0.122,2,1
20,0,24,6,N,nb15,110,-0.086,1.735,1,1
20,0,24,6,N,nb16,110,-1.303,-0.398,1,1
20,0,24,6,N,nb17,110,0.572,0.133,1,1
20,0,24,6,N,nb18,110,1.489,0.174,0,0
20,0,24,6,N,nb19,110,-0.331,-0.099,1,1
20,0,24,6,N,nb20,110,-0.01,0.214,1,1
20,0,24,6,N,nb21,110,-1.066,-0.386,2,1
20,0,24,6,N,nb22,110,0.07,-0.107,1,1
20,0,24,6,N,nb23,110,-1.866,1.137,1,1
20,0,24,6,N,nb24,110,1.058,-1.058,1,1
20,0,24,6,N,nb25,110,-0.545,1.837,0,0
20,0,24,6,N,nb26,110,0.799,0.198,2,1
20,0,24,6,N,nb27,110,0.197,-0.319,1,1
20,0,24,6,N,nb28,110,-1.825,0.972,1,1
20,0,24,6,N,nb29,110,1.224,-0.796,1,1
20,0,24,6,A,aa0,110,-1.865,0.809,1,0
20,0,24,6,A,aa1,110,-0.905,-0.219,2,0
20,0,24,6,A,aa2,110,-1.685,0.365,0,0
20,0,24,6,A,aa3,110,-1.52,-0.891,1,0
20,0,24,6,A,aa4,110,0.722,1.247,0,0
20,0,24,6,A,aa5,110,-0.315,1.278,3,1
20,0,24,6,N,nb0,115,0.65,-0.91,1,1
20,0,24,6,N,nb1,115,0.773,-0.709,2,1
20,0,24,6,N,nb2,115,0.548,1.142,0,0
20,0,24,6,N,nb3,115,0.992,-0.824,3,1
20,0,24,6,N,nb4,115,-0.497,0.946,1,0
20,0,24,6,N,nb5,115,-0.237,1.633,2,0
20,0,24,6,N,nb6,115,-0.547,-0.271,0,0
20,0,24,6,N,nb7,115,-0.383,1.549,1,0
20,0,24,6,N,nb8,115,1.867,1.393,0,0
20,0,24,6,N,nb9,115,-0.607,0.772,1,1
20,0,24,6,N,nb10,115,0.74,0.427,1,1
20,0,24,6,N,nb11,115,0.619,-1.496,0,0
20,0,24,6,N,nb12,115,-1.709,1.846,0,0
20,0,24,6,N,nb13,115,-1.077,-0.215,1,0
20,0,24,6,N,nb14,115,-0.23,0.122,2,1
20,0,24,6,N,nb15,115,-0.086,1.735,1,1
20,0,24,6,N,nb16,115,-1.303,-0.398,1,1
20,0,24,6,N,nb17,115,0.572,0.133,1,1
20,0,24,6,N,nb18,115,1.444,0.263,0,0
20,0,24,6,N,nb19,115,-0.329,-0.098,1,0
20,0,24,6,N,nb20,115,-0.01,0.214,1,1
20,0,24,6,N,nb21,115,-1.066,-0.386,2,0
20,0,24,6,N,nb22,115,0.07,-0.107,1,1
20,0,24,6,N,nb23,115,-1.866,1.137,1,1
20,0,24,6,N,nb24,115,1.058,-1.058,1,1
20,0,24,6,N,nb25,115,-0.462,1.865,0,0
20,0,24,6,N,nb26,115,0.799,0.198,2,1
20,0,24,6,N,nb27,115,0.197,-0.319,1,1
20,0,24,6,N,nb28,115,-1.825,0.972,1,1
20,0,24,6,N,nb29,115,1.224,-0.796,1,1
20,0,24,6,A,aa0,115,-1.865,0.809,1,0
20,0,24,6,A,aa1,115,-0.91,-0.235,3,1
20,0,24,6,A,aa2,115,-1.64,0.454,1,0
20,0,24,6,A,aa3,115,-1.56,-0.94,0,0
20,0,24,6,A,aa4,115,0.724,1.189,0,0
20,0,24,6,A,aa5,115,-0.397,1.226,0,0
20,0,24,6,N,nb0,120,0.65,-0.91,1,1
20,0,24,6,N,nb1,120,0.773,-0.709,2,1
20,0,24,6,N,nb2,120,0.533,1.048,0,0
20,0,24,6,N,nb3,120,0.992,-0.824,3,1
20,0,24,6,N,nb4,120,-0.586,0.942,1,0
20,0,24,6,N,nb5,120,-0.269,1.688,3,0
20,0,24,6,N,nb6,120,-0.464,-0.327,0,0
20,0,24,6,N,nb7,120,-0.41,1.595,1,0
20,0,24,6,N,nb8,120,1.867,1.302,0,0
20,0,24,6,N,nb9,120,-0.607,0.772,1,1
20,0,24,6,N,nb10,120,0.74,0.427,1,1
20,0,24,6,N,nb11,120,0.708,-1.451,0,0
20,0,24,6,N,nb12,120,-1.799,1.822,0,0
20,0,24,6,N,nb13,120,-1.149,-0.166,1,0
20,0,24,6,N,nb14,120,-0.23,0.122,2,1
20,0,24,6,N,nb15,120,-0.086,1.735,1,1
20,0,24,6,N,nb16,120,-1.303,-0.398,1,1
20,0,24,6,N,nb17,120,0.572,0.133,1,0
20,0,24,6,N,nb18,120,1.398,0.352,0,0
20,0,24,6,N,nb19,120,-0.255,-0.057,1,0
20,0,24,6,N,nb20,120,-0.01,0.214,1,1
20,0,24,6,N,nb21,120,-1.13,-0.333,2,0
20,0,24,6,N,nb22,120,0.07,-0.107,1,1
20,0,24,6,N,nb23,120,-1.866,1.137,1,1
20,0,24,6,N,nb24,120,1.058,-1.058,1,1
20,0,24,6,N,nb25,120,-0.391,1.865,1,1
20,0,24,6,N,nb26,120,0.799,0.198,2,1
20,0,24,6,N,nb27,120,0.197,-0.319,1,1
20,0,24,6,N,nb28,120,-1.825,0.972,1,1
20,0,24,6,N,nb29,120,1.224,-0.796,1,1
20,0,24,6,A,aa0,120,-1.865,0.809,1,0
20,0,24,6,A,aa1,120,-0.984,-0.202,0,0
20,0,24,6,A,aa2,120,-1.594,0.543,1,0
20,0,24,6,A,aa3,120,-1.56,-0.977,0,0
20,0,24,6,A,aa4,120,0.724,1.189,0,0
20,0,24,6,A,aa5,120,-0.478,1.171,0,0
20,0,24,6,N,nb0,125,0.65,-0.91,1,1
20,0,24,6,N,nb1,125,0.773,-0.709,2,1
20,0,24,6,N,nb2,125,0.512,0.952,0,0
20,0,24,6,N,nb3,125,0.992,-0.824,3,1
20,0,24,6,N,nb4,125,-0.626,0.945,1,1
20,0,24,6,N,nb5,125,-0.282,1.712,3,1
20,0,24,6,N,nb6,125,-0.381,-0.383,0,0
20,0,24,6,N,nb7,125,-0.423,1.619,2,1
20,0,24,6,N,nb8,125,1.864,1.21,0,0
20,0,24,6,N,nb9,125,-0.607,0.772,1,1
20,0,24,6,N,nb10,125,0.74,0.427,1,1
20,0,24,6,N,nb11,125,0.797,-1.406,0,0
20,0,24,6,N,nb12,125,-1.866,1.79,0,0
20,0,24,6,N,nb13,125,-1.223,-0.13,1,1
20,0,24,6,N,nb14,125,-0.228,0.129,2,1
20,0,24,6,N,nb15,125,-0.086,1.735,1,1
20,0,24,6,N,nb16,125,-1.327,-0.401,1,1
20,0,24,6,N,nb17,125,0.572,0.133,1,1
20,0,24,6,N,nb18,125,1.353,0.442,0,0
20,0,24,6,N,nb19,125,-0.172,-0.032,1,1
20,0,24,6,N,nb20,125,-0.01,0.214,1,1
20,0,24,6,N,nb21,125,-1.194,-0.295,2,1
20,0,24,6,N,nb22,125,0.07,-0.107,1,1
20,0,24,6,N,nb23,125,-1.866,1.137,1,1
20,0,24,6,N,nb24,125,1.058,-1.058,1,1
20,0,24,6,N,nb25,125,-0.391,1.865,2,1
20,0,24,6,N,nb26,125,0.799,0.198,2,1
20,0,24,6,N,nb27,125,0.197,-0.319,1,1
20,0,24,6,N,nb28,125,-1.825,0.972,1,1
20,0,24,6,N,nb29,125,1.224,-0.796,1,1
20,0,24,6,A,aa0,125,-1.863,0.808,1,0
20,0,24,6,A,aa1,125,-1.056,-0.151,0,0
20,0,24,6,A,aa2,125,-1.582,0.58,1,0
20,0,24,6,A,aa3,125,-1.558,-1.077,0,0
20,0,24,6,A,aa4,125,0.795,1.164,0,0
20,0,24,6,A,aa5,125,-0.555,1.131,2,0
20,0,24,6,N,nb0,130,0.65,-0.91,1,1
20,0,24,6,N,nb1,130,0.773,-0.709,2,1
20,0,24,6,N,nb2,130,0.49,0.854,0,0
20,0,24,6,N,nb3,130,0.992,-0.824,3,1
20,0,24,6,N,nb4,130,-0.629,0.94,1,1
20,0,24,6,N,nb5,130,-0.282,1.712,3,1
20,0,24,6,N,nb6,130,-0.298,-0.439,0,0
20,0,24,6,N,nb7,130,-0.423,1.619,2,1
20,0,24,6,N,nb8,130,1.851,1.118,0,0
20,0,24,6,N,nb9,130,-0.607,0.772,1,1
20,0,24,6,N,nb10,130,0.74,0.427,1,1
20,0,24,6,N,nb11,130,0.887,-1.361,0,0
20,0,24,6,N,nb12,130,-1.866,1.751,0,0
20,0,24,6,N,nb13,130,-1.287,-0.094,1,1
20,0,24,6,N,nb14,130,-0.228,0.129,2,1
20,0,24,6,N,nb15,130,-0.086,1.735,1,1
20,0,24,6,N,nb16,130,-1.327,-0.401,1,1
20,0,24,6,N,nb17,130,0.572,0.133,1,1
20,0,24,6,N,nb18,130,1.308,0.531,0,0
20,0,24,6,N,nb19,130,-0.169,-0.031,1,1
20,0,24,6,N,nb20,130,-0.01,0.214,1,1
20,0,24,6,N,nb21,130,-1.196,-0.294,2,1
20,0,24,6,N,nb22,130,0.07,-0.107,1,1
20,0,24,6,N,nb23,130,-1.866,1.137,1,1
20,0,24,6,N,nb24,130,1.058,-1.058,1,1
20,0,24,6,N,nb25,130,-0.391,1.865,2,1
20,0,24,6,N,nb26,130,0.799,0.198,2,1
20,0,24,6,N,nb27,130,0.197,-0.319,1,1
20,0,24,6,N,nb28,130,-1.825,0.972,1,1
20,0,24,6,N,nb29,130,1.224,-0.796,1,1
20,0,24,6,A,aa0,130,-1.847,0.806,1,0
20,0,24,6,A,aa1,130,-1.118,-0.089,2,0
20,0,24,6,A,aa2,130,-1.578,0.68,1,0
20,0,24,6,A,aa3,130,-1.556,-1.177,0,0
20,0,24,6,A,aa4,130,0.89,1.132,0,0
20,0,24,6,A,aa5,130,-0.636,1.11,2,0
20,0,24,6,N,nb0,135,0.65,-0.91,1,1
20,0,24,6,N,nb1,135,0.773,-0.709,2,0
20,0,24,6,N,nb2,135,0.468,0.756,0,0
20,0,24,6,N,nb3,135,0.992,-0.824,3,0
20,0,24,6,N,nb4,135,-0.629,0.94,1,1
20,0,24,6,N,nb5,135,-0.282,1.712,3,1
20,0,24,6,N,nb6,135,-0.215,-0.495,0,0
20,0,24,6,N,nb7,135,-0.423,1.619,2,1
20,0,24,6,N,nb8,135,1.829,1.027,0,0
20,0,24,6,N,nb9,135,-0.607,0.772,1,1
20,0,24,6,N,nb10,135,0.74,0.427,1,1
20,0,24,6,N,nb11,135,0.976,-1.315,0,0
20,0,24,6,N,nb12,135,-1.866,1.697,0,0
20,0,24,6,N,nb13,135,-1.329,-0.08,0,1
20,0,24,6,N,nb14,135,-0.228,0.129,2,1
20,0,24,6,N,nb15,135,-0.086,1.735,1,1
20,0,24,6,N,nb16,135,-1.327,-0.401,1,1
20,0,24,6,N,nb17,135,0.572,0.133,1,1
20,0,24,6,N,nb18,135,1.263,0.62,0,0
20,0,24,6,N,nb19,135,-0.169,-0.031,1,1
20,0,24,6,N,nb20,135,-0.01,0.214,1,1
20,0,24,6,N,nb21,135,-1.196,-0.294,1,1
20,0,24,6,N,nb22,135,0.07,-0.107,1,1
20,0,24,6,N,nb23,135,-1.866,1.137,1,1
20,0,24,6,N,nb24,135,1.058,-1.058,1,1
20,0,24,6,N,nb25,135,-0.391,1.865,2,1
20,0,24,6,N,nb26,135,0.799,0.198,2,1
20,0,24,6,N,nb27,135,0.197,-0.319,1,0
20,0,24,6,N,nb28,135,-1.825,0.972,1,1
20,0,24,6,N,nb29,135,1.224,-0.796,1,1
20,0,24,6,A,aa0,135,-1.805,0.805,1,0
20,0,24,6,A,aa1,135,-1.172,-0.017,2,0
20,0,24,6,A,aa2,135,-1.573,0.777,1,0
20,0,24,6,A,aa3,135,-1.554,-1.24,0,0
20,0,24,6,A,aa4,135,0.985,1.1,0,0
20,0,24,6,A,aa5,135,-0.726,1.097,1,0
20,0,24,6,N,nb0,140,0.65,-0.91,1,1
20,0,24,6,N,nb1,140,0.773,-0.709,2,1
20,0,24,6,N,nb2,140,0.446,0.659,0,0
20,0,24,6,N,nb3,140,0.992,-0.824,3,1
20,0,24,6,N,nb4,140,-0.629,0.94,1,1
20,0,24,6,N,nb5,140,-0.282,1.712,3,1
20,0,24,6,N,nb6,140,-0.132,-0.551,0,0
20,0,24,6,N,nb7,140,-0.423,1.619,2,1
20,0,24,6,N,nb8,140,1.799,0.939,0,0
20,0,24,6,N,nb9,140,-0.607,0.772,1,1
20,0,24,6,N,nb10,140,0.74,0.427,1,1
20,0,24,6,N,nb11,140,1.012,-1.297,1,1
20,0,24,6,N,nb12,140,-1.866,1.633,0,0
20,0,24,6,N,nb13,140,-1.332,-0.08,0,0
20,0,24,6,N,nb14,140,-0.228,0.129,2,1
20,0,24,6,N,nb15,140,-0.086,1.735,1,1
20,0,24,6,N,nb16,140,-1.327,-0.401,1,0
20,0,24,6,N,nb17,140,0.572,0.133,1,1
20,0,24,6,N,nb18,140,1.218,0.709,0,0
20,0,24,6,N,nb19,140,-0.169,-0.031,1,1
20,0,24,6,N,nb20,140,-0.01,0.214,1,1
20,0,24,6,N,nb21,140,-1.196,-0.294,1,0
20,0,24,6,N,nb22,140,0.07,-0.107,1,1
20,0,24,6,N,nb23,140,-1.866,1.137,1,1
20,0,24,6,N,nb24,140,1.058,-1.058,2,1
20,0,24,6,N,nb25,140,-0.391,1.865,2,1
20,0,24,6,N,nb26,140,0.799,0.198,2,1
20,0,24,6,N,nb27,140,0.197,-0.319,1,1
20,0,24,6,N,nb28,140,-1.825,0.972,1,1
20,0,24,6,N,nb29,140,1.224,-0.796,1,1
20,0,24,6,A,aa0,140,-1.733,0.83,1,0
20,0,24,6,A,aa1,140,-1.217,0.064,2,0
20,0,24,6,A,aa2,140,-1.561,0.869,2,0
20,0,24,6,A,aa3,140,-1.554,-1.24,0,0
20,0,24,6,A,aa4,140,1.007,1.092,0,0
20,0,24,6,A,aa5,140,-0.821,1.088,1,0
20,0,24,6,N,nb0,145,0.65,-0.91,1,1
20,0,24,6,N,nb1,145,0.773,-0.709,2,1
20,0,24,6,N,nb2,145,0.424,0.561,0,0
20,0,24,6,N,nb3,145,0.992,-0.824,3,1
20,0,24,6,N,nb4,145,-0.629,0.94,1,1
20,0,24,6,N,nb5,145,-0.282,1.712,3,1
20,0,24,6,N,nb6,145,-0.05,-0.607,0,0
20,0,24,6,N,nb7,145,-0.423,1.619,2,1
20,0,24,6,N,nb8,145,1.761,0.852,0,0
20,0,24,6,N,nb9,145,-0.607,0.772,1,1
20,0,24,6,N,nb10,145,0.74,0.427,1,1
20,0,24,6,N,nb11,145,1.012,-1.297,1,1
20,0,24,6,N,nb12,145,-1.866,1.558,0,0
20,0,24,6,N,nb13,145,-1.393,-0.146,1,0
20,0,24,6,N,nb14,145,-0.228,0.129,2,1
20,0,24,6,N,nb15,145,-0.086,1.735,1,1
20,0,24,6,N,nb16,145,-1.404,-0.459,1,0
20,0,24,6,N,nb17,145,0.572,0.133,1,1
20,0,24,6,N,nb18,145,1.172,0.798,0,0
20,0,24,6,N,nb19,145,-0.169,-0.031,1,1
20,0,24,6,N,nb20,145,-0.01,0.214,1,1
20,0,24,6,N,nb21,145,-1.27,-0.261,2,0
20,0,24,6,N,nb22,145,0.07,-0.107,1,1
20,0,24,6,N,nb23,145,-1.866,1.137,1,1
20,0,24,6,N,nb24,145,1.058,-1.058,2,1
20,0,24,6,N,nb25,145,-0.391,1.865,2,1
20,0,24,6,N,nb26,145,0.799,0.198,2,1
20,0,24,6,N,nb27,145,0.197,-0.319,1,1
20,0,24,6,N,nb28,145,-1.825,0.972,1,1
20,0,24,6,N,nb29,145,1.224,-0.796,1,1
20,0,24,6,A,aa0,145,-1.669,0.865,0,0
20,0,24,6,A,aa1,145,-1.256,0.151,0,0
20,0,24,6,A,aa2,145,-1.528,0.96,0,0
20,0,24,6,A,aa3,145,-1.484,-1.271,0,0
20,0,24,6,A,aa4,145,1.018,1.104,0,0
20,0,24,6,A,aa5,145,-0.843,1.087,1,0
20,0,24,6,N,nb0,150,0.65,-0.91,1,1
20,0,24,6,N,nb1,150,0.773,-0.709,2,1
20,0,24,6,N,nb2,150,0.402,0.464,0,0
20,0,24,6,N,nb3,150,0.992,-0.824,3,1
20,0,24,6,N,nb4,150,-0.629,0.94,1,1
20,0,24,6,N,nb5,150,-0.282,1.712,3,1
20,0,24,6,N,nb6,150,0.033,-0.662,0,0
20,0,24,6,N,nb7,150,-0.423,1.619,2,1
20,0,24,6,N,nb8,150,1.716,0.763,0,0
20,0,24,6,N,nb9,150,-0.607,0.772,1,1
20,0,24,6,N,nb10,150,0.74,0.427,1,1
20,0,24,6,N,nb11,150,1.012,-1.297,1,1
20,0,24,6,N,nb12,150,-1.866,1.477,0,0
20,0,24,6,N,nb13,150,-1.477,-0.176,1,1
20,0,24,6,N,nb14,150,-0.228,0.129,2,0
20,0,24,6,N,nb15,150,-0.086,1.735,1,1
20,0,24,6,N,nb16,150,-1.482,-0.52,0,0
20,0,24,6,N,nb17,150,0.572,0.133,1,1
20,0,24,6,N,nb18,150,1.127,0.888,0,0
20,0,24,6,N,nb19,150,-0.169,-0.031,1,1
20,0,24,6,N,nb20,150,-0.01,0.214,1,1
20,0,24,6,N,nb21,150,-1.331,-0.26,1,1
20,0,24,6,N,nb22,150,0.07,-0.107,1,1
20,0,24,6,N,nb23,150,-1.866,1.137,1,1
20,0,24,6,N,nb24,150,1.058,-1.058,2,1
20,0,24,6,N,nb25,150,-0.391,1.865,2,1
20,0,24,6,N,nb26,150,0.799,0.198,2,1
20,0,24,6,N,nb27,150,0.197,-0.319,1,1
20,0,24,6,N,nb28,150,-1.825,0.972,1,1
20,0,24,6,N,nb29,150,1.224,-0.796,1,1
20,0,24,6,A,aa0,150,-1.584,0.884,2,0
20,0,24,6,A,aa1,150,-1.293,0.244,0,0
20,0,24,6,A,aa2,150,-1.501,1.054,2,0
20,0,24,6,A,aa3,150,-1.392,-1.31,0,0
20,0,24,6,A,aa4,150,1.034,1.121,0,0
20,0,24,6,A,aa5,150,-0.899,1.038,2,0
20,0,24,6,N,nb0,155,0.65,-0.91,1,1
20,0,24,6,N,nb1,155,0.773,-0.709,2,1
20,0,24,6,N,nb2,155,0.38,0.366,0,0
20,0,24,6,N,nb3,155,0.992,-0.824,3,1
20,0,24,6,N,nb4,155,-0.629,0.94,1,1
20,0,24,6,N,nb5,155,-0.282,1.712,3,1
20,0,24,6,N,nb6,155,0.116,-0.718,0,0
20,0,24,6,N,nb7,155,-0.423,1.619,2,1
20,0,24,6,N,nb8,155,1.671,0.674,0,0
20,0,24,6,N,nb9,155,-0.607,0.772,1,1
20,0,24,6,N,nb10,155,0.74,0.427,1,1
20,0,24,6,N,nb11,155,1.012,-1.297,1,1
20,0,24,6,N,nb12,155,-1.866,1.39,0,0
20,0,24,6,N,nb13,155,-1.479,-0.177,1,1
20,0,24,6,N,nb14,155,-0.228,0.129,2,1
20,0,24,6,N,nb15,155,-0.086,1.735,1,1
20,0,24,6,N,nb16,155,-1.56,-0.583,0,0
20,0,24,6,N,nb17,155,0.572,0.133,1,1
20,0,24,6,N,nb18,155,1.083,0.961,0,0
20,0,24,6,N,nb19,155,-0.169,-0.031,1,0
20,0,24,6,N,nb20,155,-0.01,0.214,1,1
20,0,24,6,N,nb21,155,-1.333,-0.26,1,1
20,0,24,6,N,nb22,155,0.07,-0.107,1,0
20,0,24,6,N,nb23,155,-1.866,1.137,1,1
20,0,24,6,N,nb24,155,1.058,-1.058,2,1
20,0,24,6,N,nb25,155,-0.391,1.865,2,1
20,0,24,6,N,nb26,155,0.799,0.198,2,1
20,0,24,6,N,nb27,155,0.197,-0.319,1,1
20,0,24,6,N,nb28,155,-1.825,0.972,1,1
20,0,24,6,N,nb29,155,1.224,-0.796,1,1
20,0,24,6,A,aa0,155,-1.494,0.889,2,0
20,0,24,6,A,aa1,155,-1.331,0.337,2,0
20,0,24,6,A,aa2,155,-1.471,1.149,2,0
20,0,24,6,A,aa3,155,-1.3,-1.35,0,0
20,0,24,6,A,aa4,155,1.029,1.177,0,0
20,0,24,6,A,aa5,155,-0.975,0.973,2,0
20,0,24,6,N,nb0,160,0.65,-0.91,1,1
20,0,24,6,N,nb1,160,0.773,-0.709,2,1
20,0,24,6,N,nb2,160,0.358,0.27,0,0
20,0,24,6,N,nb3,160,0.992,-0.824,3,1
20,0,24,6,N,nb4,160,-0.629,0.94,1,1
20,0,24,6,N,nb5,160,-0.282,1.712,3,1
20,0,24,6,N,nb6,160,0.199,-0.774,0,0
20,0,24,6,N,nb7,160,-0.423,1.619,2,1
20,0,24,6,N,nb8,160,1.626,0.585,0,0
20,0,24,6,N,nb9,160,-0.607,0.772,1,1
20,0,24,6,N,nb10,160,0.74,0.427,1,1
20,0,24,6,N,nb11,160,1.012,-1.297,1,1
20,0,24,6,N,nb12,160,-1.866,1.37,1,0
20,0,24,6,N,nb13,160,-1.479,-0.177,1,1
20,0,24,6,N,nb14,160,-0.228,0.129,2,1
20,0,24,6,N,nb15,160,-0.086,1.735,1,0
20,0,24,6,N,nb16,160,-1.638,-0.645,0,0
20,0,24,6,N,nb17,160,0.572,0.133,1,1
20,0,24,6,N,nb18,160,1.023,1.024,0,0
20,0,24,6,N,nb19,160,-0.169,-0.031,1,1
20,0,24,6,N,nb20,160,-0.01,0.214,1,1
20,0,24,6,N,nb21,160,-1.333,-0.26,1,1
20,0,24,6,N,nb22,160,0.07,-0.107,1,1
20,0,24,6,N,nb23,160,-1.866,1.137,2,0
20,0,24,6,N,nb24,160,1.058,-1.058,2,1
20,0,24,6,N,nb25,160,-0.391,1.865,2,1
20,0,24,6,N,nb26,160,0.799,0.198,2,1
20,0,24,6,N,nb27,160,0.197,-0.319,1,1
20,0,24,6,N,nb28,160,-1.825,0.972,1,0
20,0,24,6,N,nb29,160,1.224,-0.796,1,1
20,0,24,6,A,aa0,160,-1.396,0.886,2,0
20,0,24,6,A,aa1,160,-1.34,0.358,1,0
20,0,24,6,A,aa2,160,-1.442,1.244,3,1
20,0,24,6,A,aa3,160,-1.208,-1.39,0,0
20,0,24,6,A,aa4,160,1.018,1.276,0,0
20,0,24,6,A,aa5,160,-1.051,0.908,2,0
20,0,24,6,N,nb0,165,0.65,-0.91,1,0
20,0,24,6,N,nb1,165,0.773,-0.709,2,1
20,0,24,6,N,nb2,165,0.353,0.25,1,1
20,0,24,6,N,nb3,165,0.992,-0.824,3,1
20,0,24,6,N,nb4,165,-0.629,0.94,1,1
20,0,24,6,N,nb5,165,-0.282,1.712,3,1
20,0,24,6,N,nb6,165,0.282,-0.83,0,0
20,0,24,6,N,nb7,165,-0.423,1.619,2,1
20,0,24,6,N,nb8,165,1.581,0.496,0,0
20,0,24,6,N,nb9,165,-0.607,0.772,1,1
20,0,24,6,N,nb10,165,0.74,0.427,1,1
20,0,24,6,N,nb11,165,1.012,-1.297,1,1
20,0,24,6,N,nb12,165,-1.866,1.282,1,0
20,0,24,6,N,nb13,165,-1.479,-0.177,1,1
20,0,24,6,N,nb14,165,-0.228,0.129,2,1
20,0,24,6,N,nb15,165,-0.086,1.735,1,1
20,0,24,6,N,nb16,165,-1.716,-0.707,0,0
20,0,24,6,N,nb17,165,0.572,0.133,2,1
20,0,24,6,N,nb18,165,0.949,1.083,0,0
20,0,24,6,N,nb19,165,-0.169,-0.031,1,1
20,0,24,6,N,nb20,165,-0.01,0.214,1,1
20,0,24,6,N,nb21,165,-1.333,-0.26,1,1
20,0,24,6,N,nb22,165,0.07,-0.107,1,1
20,0,24,6,N,nb23,165,-1.857,1.054,2,0
20,0,24,6,N,nb24,165,1.058,-1.058,2,1
20,0,24,6,N,nb25,165,-0.391,1.865,2,1
20,0,24,6,N,nb26,165,0.799,0.198,2,1
20,0,24,6,N,nb27,165,0.197,-0.319,1,1
20,0,24,6,N,nb28,165,-1.852,0.884,1,0
20,0,24,6,N,nb29,165,1.224,-0.796,1,1
20,0,24,6,A,aa0,165,-1.302,0.882,0,0
20,0,24,6,A,aa1,165,-1.393,0.377,1,0
20,0,24,6,A,aa2,165,-1.413,1.34,0,0
20,0,24,6,A,aa3,165,-1.117,-1.429,0,0
20,0,24,6,A,aa4,165,1.007,1.375,0,0
20,0,24,6,A,aa5,165,-1.123,0.845,2,0
20,0,24,6,N,nb0,170,0.65,-0.91,1,1
20,0,24,6,N,nb1,170,0.773,-0.709,2,1
20,0,24,6,N,nb2,170,0.353,0.25,1,1
20,0,24,6,N,nb3,170,0.992,-0.824,3,1
20,0,24,6,N,nb4,170,-0.629,0.94,1,1
20,0,24,6,N,nb5,170,-0.282,1.712,3,1
20,0,24,6,N,nb6,170,0.365,-0.886,0,0
20,0,24,6,N,nb7,170,-0.423,1.619,2,1
20,0,24,6,N,nb8,170,1.535,0.406,0,0
20,0,24,6,N,nb9,170,-0.607,0.772,1,1
20,0,24,6,N,nb10,170,0.74,0.427,1,1
20,0,24,6,N,nb11,170,1.012,-1.297,1,1
20,0,24,6,N,nb12,170,-1.863,1.191,1,1
20,0,24,6,N,nb13,170,-1.479,-0.177,1,1
20,0,24,6,N,nb14,170,-0.228,0.129,2,1
20,0,24,6,N,nb15,170,-0.086,1.735,1,1
20,0,24,6,N,nb16,170,-1.793,-0.768,0,0
20,0,24,6,N,nb17,170,0.572,0.133,2,1
20,0,24,6,N,nb18,170,0.869,1.144,0,0
20,0,24,6,N,nb19,170,-0.169,-0.031,1,1
20,0,24,6,N,nb20,170,-0.01,0.214,1,1
20,0,24,6,N,nb21,170,-1.333,-0.26,1,1
20,0,24,6,N,nb22,170,0.07,-0.107,1,1
20,0,24,6,N,nb23,170,-1.833,0.967,2,1
20,0,24,6,N,nb24,170,1.058,-1.058,2,1
20,0,24,6,N,nb25,170,-0.391,1.865,2,1
20,0,24,6,N,nb26,170,0.799,0.198,2,1
20,0,24,6,N,nb27,170,0.197,-0.319,1,1
20,0,24,6,N,nb28,170,-1.865,0.793,1,1
20,0,24,6,N,nb29,170,1.224,-0.796,1,1
20,0,24,6,A,aa0,170,-1.268,0.889,0,0
20,0,24,6,A,aa1,170,-1.488,0.409,1,0
20,0,24,6,A,aa2,170,-1.384,1.436,0,0
20,0,24,6,A,aa3,170,-1.025,-1.469,0,0
20,0,24,6,A,aa4,170,0.996,1.475,0,0
20,0,24,6,A,aa5,170,-1.136,0.782,2,0
20,0,24,6,N,nb0,175,0.65,-0.91,2,1
20,0,24,6,N,nb1,175,0.773,-0.709,2,1
20,0,24,6,N,nb2,175,0.353,0.25,1,1
20,0,24,6,N,nb3,175,0.992,-0.824,3,1
20,0,24,6,N,nb4,175,-0.629,0.94,1,1
20,0,24,6,N,nb5,175,-0.282,1.712,3,1
20,0,24,6,N,nb6,175,0.415,-0.92,1,1
20,0,24,6,N,nb7,175,-0.423,1.619,2,1
20,0,24,6,N,nb8,175,1.49,0.317,0,0
20,0,24,6,N,nb9,175,-0.607,0.772,1,1
20,0,24,6,N,nb10,175,0.74,0.427,1,1
20,0,24,6,N,nb11,175,1.012,-1.297,1,1
20,0,24,6,N,nb12,175,-1.862,1.188,1,1
20,0,24,6,N,nb13,175,-1.479,-0.177,1,1
20,0,24,6,N,nb14,175,-0.228,0.129,2,1
20,0,24,6,N,nb15,175,-0.086,1.735,1,1
20,0,24,6,N,nb16,175,-1.856,-0.829,0,0
20,0,24,6,N,nb17,175,0.572,0.133,2,1
20,0,24,6,N,nb18,175,0.789,1.204,0,0
20,0,24,6,N,nb19,175,-0.169,-0.031,1,1
20,0,24,6,N,nb20,175,-0.01,0.214,1,1
20,0,24,6,N,nb21,175,-1.333,-0.26,1,1
20,0,24,6,N,nb22,175,0.07,-0.107,1,1
20,0,24,6,N,nb23,175,-1.832,0.964,2,1
20,0,24,6,N,nb24,175,1.058,-1.058,2,1
20,0,24,6,N,nb25,175,-0.391,1.865,2,1
20,0,24,6,N,nb26,175,0.799,0.198,2,1
20,0,24,6,N,nb27,175,0.197,-0.319,1,1
20,0,24,6,N,nb28,175,-1.865,0.79,1,1
20,0,24,6,N,nb29,175,1.224,-0.796,1,1
20,0,24,6,A,aa0,175,-1.187,0.916,2,0
20,0,24,6,A,aa1,175,-1.583,0.441,2,0
20,0,24,6,A,aa2,175,-1.355,1.531,0,0
20,0,24,6,A,aa3,175,-0.933,-1.509,0,0
20,0,24,6,A,aa4,175,0.985,1.574,0,0
20,0,24,6,A,aa5,175,-1.187,0.704,1,0
20,0,24,6,N,nb0,180,0.65,-0.91,2,1
20,0,24,6,N,nb1,180,0.773,-0.709,2,1
20,0,24,6,N,nb2,180,0.353,0.25,1,1
20,0,24,6,N,nb3,180,0.992,-0.824,3,1
20,0,24,6,N,nb4,180,-0.629,0.94,1,1
20,0,24,6,N,nb5,180,-0.282,1.712,3,1
20,0,24,6,N,nb6,180,0.415,-0.92,1,1
20,0,24,6,N,nb7,180,-0.423,1.619,2,1
20,0,24,6,N,nb8,180,1.445,0.228,0,0
20,0,24,6,N,nb9,180,-0.607,0.772,1,1
20,0,24,6,N,nb10,180,0.74,0.427,1,1
20,0,24,6,N,nb11,180,1.012,-1.297,1,1
20,0,24,6,N,nb12,180,-1.862,1.188,1,1
20,0,24,6,N,nb13,180,-1.479,-0.177,1,0
20,0,24,6,N,nb14,180,-0.228,0.129,2,1
20,0,24,6,N,nb15,180,-0.086,1.735,1,1
20,0,24,6,N,nb16,180,-1.865,-0.898,0,0
20,0,24,6,N,nb17,180,0.572,0.133,2,1
20,0,24,6,N,nb18,180,0.709,1.264,0,0
20,0,24,6,N,nb19,180,-0.169,-0.031,1,1
20,0,24,6,N,nb20,180,-0.01,0.214,1,1
20,0,24,6,N,nb21,180,-1.333,-0.26,1,0
20,0,24,6,N,nb22,180,0.07,-0.107,1,1
20,0,24,6,N,nb23,180,-1.832,0.964,2,1
20,0,24,6,N,nb24,180,1.058,-1.058,2,1
20,0,24,6,N,nb25,180,-0.391,1.865,2,0
20,0,24,6,N,nb26,180,0.799,0.198,2,1
20,0,24,6,N,nb27,180,0.197,-0.319,1,1
20,0,24,6,N,nb28,180,-1.865,0.79,1,1
20,0,24,6,N,nb29,180,1.224,-0.796,1,1
20,0,24,6,A,aa0,180,-1.131,0.938,2,0
20,0,24,6,A,aa1,180,-1.678,0.473,1,0
20,0,24,6,A,aa2,180,-1.326,1.627,0,0
20,0,24,6,A,aa3,180,-0.841,-1.548,0,0
20,0,24,6,A,aa4,180,0.974,1.673,0,0
20,0,24,6,A,aa5,180,-1.239,0.621,0,0
20,0,24,6,N,nb0,185,0.65,-0.91,2,1
20,0,24,6,N,nb1,185,0.773,-0.709,2,1
20,0,24,6,N,nb2,185,0.353,0.25,1,1
20,0,24,6,N,nb3,185,0.992,-0.824,3,1
20,0,24,6,N,nb4,185,-0.629,0.94,1,1
20,0,24,6,N,nb5,185,-0.282,1.712,3,1
20,0,24,6,N,nb6,185,0.415,-0.92,1,1
20,0,24,6,N,nb7,185,-0.423,1.619,2,1
20,0,24,6,N,nb8,185,1.4,0.138,0,0
20,0,24,6,N,nb9,185,-0.607,0.772,1,1
20,0,24,6,N,nb10,185,0.74,0.427,1,1
20,0,24,6,N,nb11,185,1.012,-1.297,1,1
20,0,24,6,N,nb12,185,-1.862,1.188,1,1
20,0,24,6,N,nb13,185,-1.479,-0.177,1,1
20,0,24,6,N,nb14,185,-0.228,0.129,2,1
20,0,24,6,N,nb15,185,-0.086,1.735,1,1
20,0,24,6,N,nb16,185,-1.865,-0.974,0,0
20,0,24,6,N,nb17,185,0.572,0.133,2,1
20,0,24,6,N,nb18,185,0.629,1.324,0,0
20,0,24,6,N,nb19,185,-0.169,-0.031,1,1
20,0,24,6,N,nb20,185,-0.01,0.214,1,1
20,0,24,6,N,nb21,185,-1.333,-0.26,1,1
20,0,24,6,N,nb22,185,0.07,-0.107,1,1
20,0,24,6,N,nb23,185,-1.832,0.964,2,1
20,0,24,6,N,nb24,185,1.058,-1.058,2,1
20,0,24,6,N,nb25,185,-0.391,1.865,2,1
20,0,24,6,N,nb26,185,0.799,0.198,2,1
20,0,24,6,N,nb27,185,0.197,-0.319,1,1
20,0,24,6,N,nb28,185,-1.865,0.79,1,1
20,0,24,6,N,nb29,185,1.224,-0.796,1,1
20,0,24,6,A,aa0,185,-1.131,0.938,1,0
20,0,24,6,A,aa1,185,-1.772,0.505,1,0
20,0,24,6,A,aa2,185,-1.301,1.707,0,0
20,0,24,6,A,aa3,185,-0.749,-1.588,0,0
20,0,24,6,A,aa4,185,0.963,1.773,0,0
20,0,24,6,A,aa5,185,-1.292,0.536,0,0
20,0,24,6,N,nb0,190,0.65,-0.91,2,1
20,0,24,6,N,nb1,190,0.773,-0.709,2,1
20,0,24,6,N,nb2,190,0.353,0.25,1,1
20,0,24,6,N,nb3,190,0.992,-0.824,3,1
20,0,24,6,N,nb4,190,-0.629,0.94,1,1
20,0,24,6,N,nb5,190,-0.282,1.712,3,1
20,0,24,6,N,nb6,190,0.415,-0.92,1,1
20,0,24,6,N,nb7,190,-0.423,1.619,2,1
20,0,24,6,N,nb8,190,1.355,0.049,0,0
20,0,24,6,N,nb9,190,-0.607,0.772,1,1
20,0,24,6,N,nb10,190,0.74,0.427,1,1
20,0,24,6,N,nb11,190,1.012,-1.297,1,1
20,0,24,6,N,nb12,190,-1.862,1.188,1,1
20,0,24,6,N,nb13,190,-1.479,-0.177,1,1
20,0,24,6,N,nb14,190,-0.228,0.129,2,1
20,0,24,6,N,nb15,190,-0.086,1.735,1,1
20,0,24,6,N,nb16,190,-1.865,-1.057,0,0
20,0,24,6,N,nb17,190,0.572,0.133,2,1
20,0,24,6,N,nb18,190,0.549,1.384,0,0
20,0,24,6,N,nb19,190,-0.169,-0.031,1,1
20,0,24,6,N,nb20,190,-0.01,0.214,1,1
20,0,24,6,N,nb21,190,-1.333,-0.26,1,1
20,0,24,6,N,nb22,190,0.07,-0.107,1,1
20,0,24,6,N,nb23,190,-1.832,0.964,2,1
20,0,24,6,N,nb24,190,1.058,-1.058,2,1
20,0,24,6,N,nb25,190,-0.391,1.865,2,1
20,0,24,6,N,nb26,190,0.799,0.198,2,1
20,0,24,6,N,nb27,190,0.197,-0.319,1,1
20,0,24,6,N,nb28,190,-1.865,0.79,1,1
20,0,24,6,N,nb29,190,1.224,-0.796,1,1
20,0,24,6,A,aa0,190,-1.13,1.015,2,0
20,0,24,6,A,aa1,190,-1.852,0.539,1,0
20,0,24,6,A,aa2,190,-1.311,1.742,0,0
20,0,24,6,A,aa3,190,-0.658,-1.627,0,0
20,0,24,6,A,aa4,190,0.947,1.857,0,0
20,0,24,6,A,aa5,190,-1.345,0.451,0,0
20,0,24,6,N,nb0,195,0.65,-0.91,2,1
20,0,24,6,N,nb1,195,0.773,-0.709,2,1
20,0,24,6,N,nb2,195,0.353,0.25,1,1
20,0,24,6,N,nb3,195,0.992,-0.824,3,1
20,0,24,6,N,nb4,195,-0.629,0.94,1,1
20,0,24,6,N,nb5,195,-0.282,1.712,3,1
20,0,24,6,N,nb6,195,0.415,-0.92,1,1
20,0,24,6,N,nb7,195,-0.423,1.619,2,1
20,0,24,6,N,nb8,195,1.31,-0.04,0,0
20,0,24,6,N,nb9,195,-0.607,0.772,1,1
20,0,24,6,N,nb10,195,0.74,0.427,1,1
20,0,24,6,N,nb11,195,1.012,-1.297,1,1
20,0,24,6,N,nb12,195,-1.862,1.188,1,1
20,0,24,6,N,nb13,195,-1.479,-0.177,1,1
20,0,24,6,N,nb14,195,-0.228,0.129,2,1
20,0,24,6,N,nb15,195,-0.086,1.735,1,1
20,0,24,6,N,nb16,195,-1.865,-1.145,0,0
20,0,24,6,N,nb17,195,0.572,0.133,2,1
20,0,24,6,N,nb18,195,0.469,1.444,0,0
20,0,24,6,N,nb19,195,-0.169,-0.031,1,1
20,0,24,6,N,nb20,195,-0.01,0.214,1,1
20,0,24,6,N,nb21,195,-1.333,-0.26,1,1
20,0,24,6,N,nb22,195,0.07,-0.107,1,1
20,0,24,6,N,nb23,195,-1.832,0.964,2,1
20,0,24,6,N,nb24,195,1.058,-1.058,2,1
20,0,24,6,N,nb25,195,-0.391,1.865,2,1
20,0,24,6,N,nb26,195,0.799,0.198,2,1
20,0,24,6,N,nb27,195,0.197,-0.319,1,1
20,0,24,6,N,nb28,195,-1.865,0.79,1,1
20,0,24,6,N,nb29,195,1.224,-0.796,1,1
20,0,24,6,A,aa0,195,-1.128,1.115,1,0
20,0,24,6,A,aa1,195,-1.865,0.583,1,0
20,0,24,6,A,aa2,195,-1.338,1.83,0,0
20,0,24,6,A,aa3,195,-0.566,-1.667,0,0
20,0,24,6,A,aa4,195,0.92,1.867,0,0
20,0,24,6,A,aa5,195,-1.397,0.366,1,0
20,0,24,6,N,nb0,200,0.65,-0.91,2,1
20,0,24,6,N,nb1,200,0.773,-0.709,2,1
20,0,24,6,N,nb2,200,0.353,0.25,1,1
20,0,24,6,N,nb3,200,0.992,-0.824,3,1
20,0,24,6,N,nb4,200,-0.629,0.94,1,1
20,0,24,6,N,nb5,200,-0.282,1.712,3,1
20,0,24,6,N,nb6,200,0.415,-0.92,1,1
20,0,24,6,N,nb7,200,-0.423,1.619,2,1
20,0,24,6,N,nb8,200,1.265,-0.129,0,0
20,0,24,6,N,nb9,200,-0.607,0.772,1,0
20,0,24,6,N,nb10,200,0.74,0.427,1,1
20,0,24,6,N,nb11,200,1.012,-1.297,1,1
20,0,24,6,N,nb12,200,-1.862,1.188,1,0
20,0,24,6,N,nb13,200,-1.479,-0.177,1,1
20,0,24,6,N,nb14,200,-0.228,0.129,2,1
20,0,24,6,N,nb15,200,-0.086,1.735,1,1
20,0,24,6,N,nb16,200,-1.865,-1.235,0,0
20,0,24,6,N,nb17,200,0.572,0.133,2,1
20,0,24,6,N,nb18,200,0.389,1.504,0,0
20,0,24,6,N,nb19,200,-0.169,-0.031,1,1
20,0,24,6,N,nb20,200,-0.01,0.214,1,0
20,0,24,6,N,nb21,200,-1.333,-0.26,1,1
20,0,24,6,N,nb22,200,0.07,-0.107,1,1
20,0,24,6,N,nb23,200,-1.832,0.964,2,0
20,0,24,6,N,nb24,200,1.058,-1.058,2,0
20,0,24,6,N,nb25,200,-0.391,1.865,2,1
20,0,24,6,N,nb26,200,0.799,0.198,2,1
20,0,24,6,N,nb27,200,0.197,-0.319,1,1
20,0,24,6,N,nb28,200,-1.865,0.791,1,0
20,0,24,6,N,nb29,200,1.224,-0.796,1,1
20,0,24,6,A,aa0,200,-1.127,1.215,1,0
20,0,24,6,A,aa1,200,-1.865,0.621,1,0
20,0,24,6,A,aa2,200,-1.374,1.866,0,0
20,0,24,6,A,aa3,200,-0.508,-1.692,0,0
20,0,24,6,A,aa4,200,0.878,1.867,0,0
20,0,24,6,A,aa5,200,-1.45,0.281,2,0
20,0,24,6,N,nb0,205,0.65,-0.91,2,1
20,0,24,6,N,nb1,205,0.773,-0.709,2,1
20,0,24,6,N,nb2,205,0.353,0.25,1,1
20,0,24,6,N,nb3,205,0.992,-0.824,3,1
20,0,24,6,N,nb4,205,-0.629,0.94,1,1
20,0,24,6,N,nb5,205,-0.282,1.712,3,1
20,0,24,6,N,nb6,205,0.415,-0.92,1,1
20,0,24,6,N,nb7,205,-0.423,1.619,2,1
20,0,24,6,N,nb8,205,1.22,-0.219,0,0
20,0,24,6,N,nb9,205,-0.607,0.772,1,1
20,0,24,6,N,nb10,205,0.74,0.427,1,1
20,0,24,6,N,nb11,205,1.012,-1.297,1,1
20,0,24,6,N,nb12,205,-1.862,1.188,1,1
20,0,24,6,N,nb13,205,-1.479,-0.177,1,1
20,0,24,6,N,nb14,205,-0.228,0.129,2,1
20,0,24,6,N,nb15,205,-0.086,1.735,1,1
20,0,24,6,N,nb16,205,-1.862,-1.328,0,0
20,0,24,6,N,nb17,205,0.572,0.133,2,1
20,0,24,6,N,nb18,205,0.31,1.564,0,0
20,0,24,6,N,nb19,205,-0.169,-0.031,1,1
20,0,24,6,N,nb20,205,-0.01,0.214,1,1
20,0,24,6,N,nb21,205,-1.333,-0.26,1,1
20,0,24,6,N,nb22,205,0.07,-0.107,1,1
20,0,24,6,N,nb23,205,-1.832,0.964,2,1
20,0,24,6,N,nb24,205,1.058,-1.058,2,1
20,0,24,6,N,nb25,205,-0.391,1.865,2,1
20,0,24,6,N,nb26,205,0.799,0.198,2,1
20,0,24,6,N,nb27,205,0.197,-0.319,1,1
20,0,24,6,N,nb28,205,-1.865,0.791,1,1
20,0,24,6,N,nb29,205,1.224,-0.796,1,1
20,0,24,6,A,aa0,205,-1.125,1.315,0,0
20,0,24,6,A,aa1,205,-1.865,0.621,1,0
20,0,24,6,A,aa2,205,-1.422,1.866,0,0
20,0,24,6,A,aa3,205,-0.452,-1.683,0,0
20,0,24,6,A,aa4,205,0.867,1.867,0,0
20,0,24,6,A,aa5,205,-1.483,0.227,2,0
20,0,24,6,N,nb0,210,0.65,-0.91,2,1
20,0,24,6,N,nb1,210,0.773,-0.709,2,1
20,0,24,6,N,nb2,210,0.353,0.25,1,1
20,0,24,6,N,nb3,210,0.992,-0.824,3,1
20,0,24,6,N,nb4,210,-0.629,0.94,1,1
20,0,24,6,N,nb5,210,-0.282,1.712,3,1
20,0,24,6,N,nb6,210,0.415,-0.92,1,1
20,0,24,6,N,nb7,210,-0.423,1.619,2,1
20,0,24,6,N,nb8,210,1.175,-0.308,0,0
20,0,24,6,N,nb9,210,-0.607,0.772,1,1
20,0,24,6,N,nb10,210,0.74,0.427,1,1
20,0,24,6,N,nb11,210,1.012,-1.297,1,1
20,0,24,6,N,nb12,210,-1.862,1.188,1,1
20,0,24,6,N,nb13,210,-1.479,-0.177,1,1
20,0,24,6,N,nb14,210,-0.228,0.129,2,1
20,0,24,6,N,nb15,210,-0.086,1.735,1,1
20,0,24,6,N,nb16,210,-1.849,-1.42,0,0
20,0,24,6,N,nb17,210,0.572,0.133,2,1
20,0,24,6,N,nb18,210,0.23,1.625,0,0
20,0,24,6,N,nb19,210,-0.169,-0.031,1,1
20,0,24,6,N,nb20,210,-0.01,0.214,1,1
20,0,24,6,N,nb21,210,-1.333,-0.26,1,1
20,0,24,6,N,nb22,210,0.07,-0.107,1,1
20,0,24,6,N,nb23,210,-1.832,0.964,2,1
20,0,24,6,N,nb24,210,1.058,-1.058,2,1
20,0,24,6,N,nb25,210,-0.391,1.865,2,1
20,0,24,6,N,nb26,210,0.799,0.198,2,1
20,0,24,6,N,nb27,210,0.197,-0.319,1,1
20,0,24,6,N,nb28,210,-1.865,0.791,1,1
20,0,24,6,N,nb29,210,1.224,-0.796,1,1
20,0,24,6,A,aa0,210,-1.123,1.415,0,0
20,0,24,6,A,aa1,210,-1.865,0.621,1,0
20,0,24,6,A,aa2,210,-1.482,1.866,0,0
20,0,24,6,A,aa3,210,-0.353,-1.667,0,0
20,0,24,6,A,aa4,210,0.851,1.862,0,0
20,0,24,6,A,aa5,210,-1.483,0.227,2,0
20,0,24,6,N,nb0,215,0.65,-0.91,2,1
20,0,24,6,N,nb1,215,0.773,-0.709,2,1
20,0,24,6,N,nb2,215,0.353,0.25,1,1
20,0,24,6,N,nb3,215,0.992,-0.824,3,1
20,0,24,6,N,nb4,215,-0.629,0.94,1,1
20,0,24,6,N,nb5,215,-0.282,1.712,3,1
20,0,24,6,N,nb6,215,0.415,-0.92,1,1
20,0,24,6,N,nb7,215,-0.423,1.619,2,1
20,0,24,6,N,nb8,215,1.13,-0.397,0,0
20,0,24,6,N,nb9,215,-0.607,0.772,1,1
20,0,24,6,N,nb10,215,0.74,0.427,1,1
20,0,24,6,N,nb11,215,1.012,-1.297,1,1
20,0,24,6,N,nb12,215,-1.862,1.188,1,1
20,0,24,6,N,nb13,215,-1.479,-0.177,1,1
20,0,24,6,N,nb14,215,-0.228,0.129,2,1
20,0,24,6,N,nb15,215,-0.086,1.735,2,1
20,0,24,6,N,nb16,215,-1.827,-1.51,0,0
20,0,24,6,N,nb17,215,0.572,0.133,2,1
20,0,24,6,N,nb18,215,0.152,1.683,1,1
20,0,24,6,N,nb19,215,-0.169,-0.031,1,1
20,0,24,6,N,nb20,215,-0.01,0.214,1,1
20,0,24,6,N,nb21,215,-1.333,-0.26,1,1
20,0,24,6,N,nb22,215,0.07,-0.107,1,1
20,0,24,6,N,nb23,215,-1.832,0.964,2,1
20,0,24,6,N,nb24,215,1.058,-1.058,2,1
20,0,24,6,N,nb25,215,-0.391,1.865,2,1
20,0,24,6,N,nb26,215,0.799,0.198,2,1
20,0,24,6,N,nb27,215,0.197,-0.319,1,1
20,0,24,6,N,nb28,215,-1.865,0.791,1,1
20,0,24,6,N,nb29,215,1.224,-0.796,1,1
20,0,24,6,A,aa0,215,-1.121,1.515,0,0
20,0,24,6,A,aa1,215,-1.865,0.621,1,0
20,0,24,6,A,aa2,215,-1.553,1.866,0,0
20,0,24,6,A,aa3,215,-0.254,-1.65,0,0
20,0,24,6,A,aa4,215,0.763,1.829,0,0
20,0,24,6,A,aa5,215,-1.442,0.14,2,0
20,0,24,6,N,nb0,220,0.65,-0.91,2,1
20,0,24,6,N,nb1,220,0.773,-0.709,2,1
20,0,24,6,N,nb2,220,0.353,0.25,1,1
20,0,24,6,N,nb3,220,0.992,-0.824,3,1
20,0,24,6,N,nb4,220,-0.629,0.94,1,1
20,0,24,6,N,nb5,220,-0.282,1.712,3,1
20,0,24,6,N,nb6,220,0.415,-0.92,1,1
20,0,24,6,N,nb7,220,-0.423,1.619,2,1
20,0,24,6,N,nb8,220,1.085,-0.486,0,0
20,0,24,6,N,nb9,220,-0.607,0.772,1,1
20,0,24,6,N,nb10,220,0.74,0.427,1,1
20,0,24,6,N,nb11,220,1.012,-1.297,1,1
20,0,24,6,N,nb12,220,-1.862,1.188,1,1
20,0,24,6,N,nb13,220,-1.479,-0.177,1,1
20,0,24,6,N,nb14,220,-0.228,0.129,2,1
20,0,24,6,N,nb15,220,-0.086,1.735,2,1
20,0,24,6,N,nb16,220,-1.797,-1.599,0,0
20,0,24,6,N,nb17,220,0.572,0.133,2,1
20,0,24,6,N,nb18,220,0.15,1.685,1,1
20,0,24,6,N,nb19,220,-0.169,-0.031,1,1
20,0,24,6,N,nb20,220,-0.01,0.214,1,1
20,0,24,6,N,nb21,220,-1.333,-0.26,1,1
20,0,24,6,N,nb22,220,0.07,-0.107,1,1
20,0,24,6,N,nb23,220,-1.832,0.964,2,1
20,0,24,6,N,nb24,220,1.058,-1.058,2,1
20,0,24,6,N,nb25,220,-0.391,1.865,2,1
20,0,24,6,N,nb26,220,0.799,0.198,2,1
20,0,24,6,N,nb27,220,0.197,-0.319,1,1
20,0,24,6,N,nb28,220,-1.865,0.791,1,1
20,0,24,6,N,nb29,220,1.224,-0.796,1,1
20,0,24,6,A,aa0,220,-1.12,1.615,0,0
20,0,24,6,A,aa1,220,-1.865,0.609,1,0
20,0,24,6,A,aa2,220,-1.632,1.866,0,0
20,0,24,6,A,aa3,220,-0.156,-1.634,0,0
20,0,24,6,A,aa4,220,0.726,1.813,1,0
20,0,24,6,A,aa5,220,-1.4,0.052,2,0
20,0,24,6,N,nb0,225,0.65,-0.91,2,1
20,0,24,6,N,nb1,225,0.773,-0.709,2,1
20,0,24,6,N,nb2,225,0.353,0.25,1,1
20,0,24,6,N,nb3,225,0.992,-0.824,3,1
20,0,24,6,N,nb4,225,-0.629,0.94,1,1
20,0,24,6,N,nb5,225,-0.282,1.712,3,1
20,0,24,6,N,nb6,225,0.415,-0.92,1,1
20,0,24,6,N,nb7,225,-0.423,1.619,2,1
20,0,24,6,N,nb8,225,1.04,-0.576,0,0
20,0,24,6,N,nb9,225,-0.607,0.772,1,1
20,0,24,6,N,nb10,225,0.74,0.427,1,1
20,0,24,6,N,nb11,225,1.012,-1.297,1,1
20,0,24,6,N,nb12,225,-1.862,1.188,1,1
20,0,24,6,N,nb13,225,-1.479,-0.177,1,1
20,0,24,6,N,nb14,225,-0.228,0.129,2,1
20,0,24,6,N,nb15,225,-0.086,1.735,2,1
20,0,24,6,N,nb16,225,-1.759,-1.685,0,0
20,0,24,6,N,nb17,225,0.572,0.133,2,1
20,0,24,6,N,nb18,225,0.15,1.685,1,1
20,0,24,6,N,nb19,225,-0.169,-0.031,1,1
20,0,24,6,N,nb20,225,-0.01,0.214,1,1
20,0,24,6,N,nb21,225,-1.333,-0.26,1,1
20,0,24,6,N,nb22,225,0.07,-0.107,1,1
20,0,24,6,N,nb23,225,-1.832,0.964,2,1
20,0,24,6,N,nb24,225,1.058,-1.058,2,1
20,0,24,6,N,nb25,225,-0.391,1.865,2,1
20,0,24,6,N,nb26,225,0.799,0.198,2,0
20,0,24,6,N,nb27,225,0.197,-0.319,1,1
20,0,24,6,N,nb28,225,-1.865,0.791,1,1
20,0,24,6,N,nb29,225,1.224,-0.796,1,1
20,0,24,6,A,aa0,225,-1.118,1.715,0,0
20,0,24,6,A,aa1,225,-1.865,0.529,1,0
20,0,24,6,A,aa2,225,-1.716,1.866,0,0
20,0,24,6,A,aa3,225,-0.057,-1.618,0,0
20,0,24,6,A,aa4,225,0.667,1.74,1,0
20,0,24,6,A,aa5,225,-1.354,-0.025,2,0
20,0,24,6,N,nb0,230,0.65,-0.91,2,1
20,0,24,6,N,nb1,230,0.773,-0.709,2,1
20,0,24,6,N,nb2,230,0.353,0.25,1,1
20,0,24,6,N,nb3,230,0.992,-0.824,4,1
20,0,24,6,N,nb4,230,-0.629,0.94,1,1
20,0,24,6,N,nb5,230,-0.282,1.712,3,1
20,0,24,6,N,nb6,230,0.415,-0.92,1,1
20,0,24,6,N,nb7,230,-0.423,1.619,2,1
20,0,24,6,N,nb8,230,1.031,-0.593,1,1
20,0,24,6,N,nb9,230,-0.607,0.772,1,1
20,0,24,6,N,nb10,230,0.74,0.427,1,1
20,0,24,6,N,nb11,230,1.012,-1.297,1,1
20,0,24,6,N,nb12,230,-1.862,1.188,1,1
20,0,24,6,N,nb13,230,-1.479,-0.177,1,1
20,0,24,6,N,nb14,230,-0.228,0.129,2,1
20,0,24,6,N,nb15,230,-0.086,1.735,2,1
20,0,24,6,N,nb16,230,-1.713,-1.774,0,0
20,0,24,6,N,nb17,230,0.572,0.133,2,1
20,0,24,6,N,nb18,230,0.15,1.685,1,1
20,0,24,6,N,nb19,230,-0.169,-0.031,1,1
20,0,24,6,N,nb20,230,-0.01,0.214,1,1
20,0,24,6,N,nb21,230,-1.333,-0.26,1,1
20,0,24,6,N,nb22,230,0.07,-0.107,1,1
20,0,24,6,N,nb23,230,-1.832,0.964,2,1
20,0,24,6,N,nb24,230,1.058,-1.058,2,1
20,0,24,6,N,nb25,230,-0.391,1.865,2,1
20,0,24,6,N,nb26,230,0.799,0.198,2,1
20,0,24,6,N,nb27,230,0.197,-0.319,1,1
20,0,24,6,N,nb28,230,-1.865,0.791,1,1
20,0,24,6,N,nb29,230,1.224,-0.796,1,1
20,0,24,6,A,aa0,230,-1.116,1.809,0,0
20,0,24,6,A,aa1,230,-1.865,0.444,1,0
20,0,24,6,A,aa2,230,-1.805,1.866,0,0
20,0,24,6,A,aa3,230,-0.014,-1.611,0,0
20,0,24,6,A,aa4,230,0.606,1.661,1,0
20,0,24,6,A,aa5,230,-1.297,-0.095,2,0
20,0,24,6,N,nb0,235,0.65,-0.91,2,1
20,0,24,6,N,nb1,235,0.773,-0.709,2,1
20,0,24,6,N,nb2,235,0.353,0.25,1,1
20,0,24,6,N,nb3,235,0.992,-0.824,4,1
20,0,24,6,N,nb4,235,-0.629,0.94,1,1
20,0,24,6,N,nb5,235,-0.282,1.712,3,1
20,0,24,6,N,nb6,235,0.415,-0.92,1,1
20,0,24,6,N,nb7,235,-0.423,1.619,2,1
20,0,24,6,N,nb8,235,1.031,-0.593,1,1
20,0,24,6,N,nb9,235,-0.607,0.772,1,1
20,0,24,6,N,nb10,235,0.74,0.427,1,1
20,0,24,6,N,nb11,235,1.012,-1.297,1,1
20,0,24,6,N,nb12,235,-1.862,1.188,1,1
20,0,24,6,N,nb13,235,-1.479,-0.177,1,1
20,0,24,6,N,nb14,235,-0.228,0.129,2,1
20,0,24,6,N,nb15,235,-0.086,1.735,2,1
20,0,24,6,N,nb16,235,-1.669,-1.849,0,0
20,0,24,6,N,nb17,235,0.572,0.133,2,1
20,0,24,6,N,nb18,235,0.15,1.685,1,1
20,0,24,6,N,nb19,235,-0.169,-0.031,1,1
20,0,24,6,N,nb20,235,-0.01,0.214,1,1
20,0,24,6,N,nb21,235,-1.33,-0.279,1,1
20,0,24,6,N,nb22,235,0.07,-0.107,1,1
20,0,24,6,N,nb23,235,-1.832,0.964,2,1
20,0,24,6,N,nb24,235,1.058,-1.058,2,1
20,0,24,6,N,nb25,235,-0.391,1.865,2,1
20,0,24,6,N,nb26,235,0.799,0.198,2,1
20,0,24,6,N,nb27,235,0.197,-0.319,1,1
20,0,24,6,N,nb28,235,-1.865,0.791,1,1
20,0,24,6,N,nb29,235,1.224,-0.796,1,1
20,0,24,6,A,aa0,235,-1.102,1.866,0,0
20,0,24,6,A,aa1,235,-1.865,0.355,1,0
20,0,24,6,A,aa2,235,-1.866,1.866,0,0
20,0,24,6,A,aa3,235,-0.008,-1.596,0,0
20,0,24,6,A,aa4,235,0.545,1.582,1,0
20,0,24,6,A,aa5,235,-1.233,-0.141,2,0
20,0,24,6,N,nb0,240,0.65,-0.91,2,1
20,0,24,6,N,nb1,240,0.773,-0.709,2,1
20,0,24,6,N,nb2,240,0.353,0.25,1,1
20,0,24,6,N,nb3,240,0.992,-0.824,4,1
20,0,24,6,N,nb4,240,-0.629,0.94,1,1
20,0,24,6,N,nb5,240,-0.282,1.712,3,1
20,0,24,6,N,nb6,240,0.415,-0.92,1,1
20,0,24,6,N,nb7,240,-0.423,1.619,2,1
20,0,24,6,N,nb8,240,1.031,-0.593,1,1
20,0,24,6,N,nb9,240,-0.607,0.772,1,1
20,0,24,6,N,nb10,240,0.74,0.427,1,1
20,0,24,6,N,nb11,240,1.012,-1.297,1,1
20,0,24,6,N,nb12,240,-1.862,1.188,1,1
20,0,24,6,N,nb13,240,-1.479,-0.177,1,1
20,0,24,6,N,nb14,240,-0.228,0.129,2,1
20,0,24,6,N,nb15,240,-0.086,1.735,2,1
20,0,24,6,N,nb16,240,-1.615,-1.866,0,0
20,0,24,6,N,nb17,240,0.572,0.133,2,1
20,0,24,6,N,nb18,240,0.15,1.685,1,1
20,0,24,6,N,nb19,240,-0.169,-0.031,1,1
20,0,24,6,N,nb20,240,-0.01,0.214,1,1
20,0,24,6,N,nb21,240,-1.331,-0.28,1,1
20,0,24,6,N,nb22,240,0.07,-0.107,1,1
20,0,24,6,N,nb23,240,-1.832,0.964,2,1
20,0,24,6,N,nb24,240,1.058,-1.058,2,1
20,0,24,6,N,nb25,240,-0.391,1.865,2,1
20,0,24,6,N,nb26,240,0.799,0.198,2,1
20,0,24,6,N,nb27,240,0.197,-0.319,1,1
20,0,24,6,N,nb28,240,-1.865,0.791,1,1
20,0,24,6,N,nb29,240,1.224,-0.796,1,1
20,0,24,6,A,aa0,240,-1.076,1.866,0,0
20,0,24,6,A,aa1,240,-1.865,0.264,2,0
20,0,24,6,A,aa2,240,-1.866,1.853,0,0
20,0,24,6,A,aa3,240,0.032,-1.504,0,0
20,0,24,6,A,aa4,240,0.483,1.503,1,0
20,0,24,6,A,aa5,240,-1.157,-0.195,2,0
20,0,24,6,N,nb0,245,0.65,-0.91,2,1
20,0,24,6,N,nb1,245,0.773,-0.709,2,1
20,0,24,6,N,nb2,245,0.353,0.25,1,1
20,0,24,6,N,nb3,245,0.992,-0.824,4,1
20,0,24,6,N,nb4,245,-0.629,0.94,1,0
20,0,24,6,N,nb5,245,-0.282,1.712,3,0
20,0,24,6,N,nb6,245,0.415,-0.92,1,1
20,0,24,6,N,nb7,245,-0.423,1.619,2,0
20,0,24,6,N,nb8,245,1.031,-0.593,1,1
20,0,24,6,N,nb9,245,-0.607,0.772,1,1
20,0,24,6,N,nb10,245,0.74,0.427,1,1
20,0,24,6,N,nb11,245,1.012,-1.297,1,1
20,0,24,6,N,nb12,245,-1.862,1.188,1,1
20,0,24,6,N,nb13,245,-1.479,-0.177,1,1
20,0,24,6,N,nb14,245,-0.228,0.129,2,1
20,0,24,6,N,nb15,245,-0.086,1.735,2,1
20,0,24,6,N,nb16,245,-1.55,-1.866,0,0
20,0,24,6,N,nb17,245,0.572,0.133,2,1
20,0,24,6,N,nb18,245,0.15,1.685,1,0
20,0,24,6,N,nb19,245,-0.169,-0.031,1,1
20,0,24,6,N,nb20,245,-0.01,0.214,1,1
20,0,24,6,N,nb21,245,-1.331,-0.28,1,1
20,0,24,6,N,nb22,245,0.07,-0.107,1,1
20,0,24,6,N,nb23,245,-1.832,0.964,2,1
20,0,24,6,N,nb24,245,1.058,-1.058,2,1
20,0,24,6,N,nb25,245,-0.391,1.865,2,1
20,0,24,6,N,nb26,245,0.799,0.198,2,1
20,0,24,6,N,nb27,245,0.197,-0.319,1,1
20,0,24,6,N,nb28,245,-1.865,0.791,1,1
20,0,24,6,N,nb29,245,1.224,-0.796,1,0
20,0,24,6,A,aa0,245,-1.034,1.866,0,0
20,0,24,6,A,aa1,245,-1.859,0.172,1,0
20,0,24,6,A,aa2,245,-1.866,1.808,0,0
20,0,24,6,A,aa3,245,0.072,-1.412,1,0
20,0,24,6,A,aa4,245,0.422,1.424,1,0
20,0,24,6,A,aa5,245,-1.076,-0.245,1,0
20,0,24,6,N,nb0,250,0.65,-0.91,2,1
20,0,24,6,N,nb1,250,0.773,-0.709,2,1
20,0,24,6,N,nb2,250,0.353,0.25,1,1
20,0,24,6,N,nb3,250,0.992,-0.824,4,1
20,0,24,6,N,nb4,250,-0.629,0.94,1,1
20,0,24,6,N,nb5,250,-0.282,1.712,3,1
20,0,24,6,N,nb6,250,0.415,-0.92,1,1
20,0,24,6,N,nb7,250,-0.423,1.619,2,1
20,0,24,6,N,nb8,250,1.031,-0.593,1,1
20,0,24,6,N,nb9,250,-0.607,0.772,1,1
20,0,24,6,N,nb10,250,0.74,0.427,1,0
20,0,24,6,N,nb11,250,1.012,-1.297,1,1
20,0,24,6,N,nb12,250,-1.862,1.188,1,1
20,0,24,6,N,nb13,250,-1.479,-0.177,1,1
20,0,24,6,N,nb14,250,-0.228,0.129,2,1
20,0,24,6,N,nb15,250,-0.086,1.735,2,1
20,0,24,6,N,nb16,250,-1.476,-1.866,0,0
20,0,24,6,N,nb17,250,0.572,0.133,2,1
20,0,24,6,N,nb18,250,0.15,1.685,1,1
20,0,24,6,N,nb19,250,-0.169,-0.031,1,1
20,0,24,6,N,nb20,250,-0.01,0.214,1,1
20,0,24,6,N,nb21,250,-1.331,-0.28,1,1
20,0,24,6,N,nb22,250,0.07,-0.107,1,1
20,0,24,6,N,nb23,250,-1.832,0.964,2,1
20,0,24,6,N,nb24,250,1.058,-1.058,2,1
20,0,24,6,N,nb25,250,-0.391,1.865,2,1
20,0,24,6,N,nb26,250,0.799,0.198,2,1
20,0,24,6,N,nb27,250,0.197,-0.319,1,1
20,0,24,6,N,nb28,250,-1.865,0.791,1,1
20,0,24,6,N,nb29,250,1.224,-0.796,1,1
20,0,24,6,A,aa0,250,-0.978,1.866,1,0
20,0,24,6,A,aa1,250,-1.844,0.08,1,0
20,0,24,6,A,aa2,250,-1.866,1.762,1,0
20,0,24,6,A,aa3,250,0.111,-1.32,1,0
20,0,24,6,A,aa4,250,0.361,1.345,2,0
20,0,24,6,A,aa5,250,-0.989,-0.292,1,0
20,0,24,6,N,nb0,255,0.65,-0.91,2,1
20,0,24,6,N,nb1,255,0.773,-0.709,2,1
20,0,24,6,N,nb2,255,0.353,0.25,1,1
20,0,24,6,N,nb3,255,0.992,-0.824,4,1
20,0,24,6,N,nb4,255,-0.629,0.94,1,1
20,0,24,6,N,nb5,255,-0.282,1.712,3,1
20,0,24,6,N,nb6,255,0.415,-0.92,1,1
20,0,24,6,N,nb7,255,-0.423,1.619,2,1
20,0,24,6,N,nb8,255,1.031,-0.593,1,1
20,0,24,6,N,nb9,255,-0.607,0.772,1,1
20,0,24,6,N,nb10,255,0.74,0.427,1,1
20,0,24,6,N,nb11,255,1.012,-1.297,1,1
20,0,24,6,N,nb12,255,-1.862,1.188,1,1
20,0,24,6,N,nb13,255,-1.479,-0.177,1,1
20,0,24,6,N,nb14,255,-0.228,0.129,2,1
20,0,24,6,N,nb15,255,-0.086,1.735,2,1
20,0,24,6,N,nb16,255,-1.395,-1.866,0,0
20,0,24,6,N,nb17,255,0.572,0.133,2,1
20,0,24,6,N,nb18,255,0.15,1.685,1,1
20,0,24,6,N,nb19,255,-0.169,-0.031,1,1
20,0,24,6,N,nb20,255,-0.01,0.214,1,1
20,0,24,6,N,nb21,255,-1.331,-0.28,1,1
20,0,24,6,N,nb22,255,0.07,-0.107,1,1
20,0,24,6,N,nb23,255,-1.832,0.964,2,1
20,0,24,6,N,nb24,255,1.058,-1.058,2,1
20,0,24,6,N,nb25,255,-0.391,1.865,2,1
20,0,24,6,N,nb26,255,0.799,0.198,2,1
20,0,24,6,N,nb27,255,0.197,-0.319,1,1
20,0,24,6,N,nb28,255,-1.865,0.791,1,1
20,0,24,6,N,nb29,255,1.224,-0.796,1,1
20,0,24,6,A,aa0,255,-0.911,1.866,2,0
20,0,24,6,A,aa1,255,-1.819,-0.01,1,0
20,0,24,6,A,aa2,255,-1.866,1.715,1,0
20,0,24,6,A,aa3,255,0.128,-1.28,1,0
20,0,24,6,A,aa4,255,0.3,1.265,1,0
20,0,24,6,A,aa5,255,-0.901,-0.34,1,0
20,0,24,6,N,nb0,260,0.65,-0.91,2,1
20,0,24,6,N,nb1,260,0.773,-0.709,2,1
20,0,24,6,N,nb2,260,0.353,0.25,1,1
20,0,24,6,N,nb3,260,0.992,-0.824,4,1
20,0,24,6,N,nb4,260,-0.629,0.94,1,1
20,0,24,6,N,nb5,260,-0.282,1.712,3,1
20,0,24,6,N,nb6,260,0.415,-0.92,1,1
20,0,24,6,N,nb7,260,-0.423,1.619,2,1
20,0,24,6,N,nb8,260,1.031,-0.593,1,1
20,0,24,6,N,nb9,260,-0.607,0.772,1,1
20,0,24,6,N,nb10,260,0.74,0.427,1,1
20,0,24,6,N,nb11,260,1.012,-1.297,1,0
20,0,24,6,N,nb12,260,-1.862,1.188,1,1
20,0,24,6,N,nb13,260,-1.479,-0.177,1,1
20,0,24,6,N,nb14,260,-0.228,0.129,2,1
20,0,24,6,N,nb15,260,-0.086,1.735,2,1
20,0,24,6,N,nb16,260,-1.309,-1.866,0,0
20,0,24,6,N,nb17,260,0.572,0.133,2,1
20,0,24,6,N,nb18,260,0.15,1.685,1,1
20,0,24,6,N,nb19,260,-0.169,-0.031,1,1
20,0,24,6,N,nb20,260,-0.01,0.214,1,1
20,0,24,6,N,nb21,260,-1.331,-0.28,1,1
20,0,24,6,N,nb22,260,0.07,-0.107,1,1
20,0,24,6,N,nb23,260,-1.832,0.964,2,1
20,0,24,6,N,nb24,260,1.058,-1.058,2,1
20,0,24,6,N,nb25,260,-0.391,1.865,2,1
20,0,24,6,N,nb26,260,0.799,0.198,2,1
20,0,24,6,N,nb27,260,0.197,-0.319,1,1
20,0,24,6,N,nb28,260,-1.865,0.791,1,1
20,0,24,6,N,nb29,260,1.224,-0.796,1,1
20,0,24,6,A,aa0,260,-0.894,1.866,2,0
20,0,24,6,A,aa1,260,-1.787,-0.098,1,0
20,0,24,6,A,aa2,260,-1.866,1.626,1,0
20,0,24,6,A,aa3,260,0.119,-1.266,1,0
20,0,24,6,A,aa4,260,0.239,1.186,1,0
20,0,24,6,A,aa5,260,-0.813,-0.388,1,0
20,0,24,6,N,nb0,265,0.65,-0.91,2,1
20,0,24,6,N,nb1,265,0.773,-0.709,2,1
20,0,24,6,N,nb2,265,0.353,0.25,1,1
20,0,24,6,N,nb3,265,0.992,-0.824,4,1
20,0,24,6,N,nb4,265,-0.629,0.94,1,1
20,0,24,6,N,nb5,265,-0.282,1.712,3,1
20,0,24,6,N,nb6,265,0.415,-0.92,1,0
20,0,24,6,N,nb7,265,-0.423,1.619,2,1
20,0,24,6,N,nb8,265,1.031,-0.593,1,1
20,0,24,6,N,nb9,265,-0.607,0.772,1,1
20,0,24,6,N,nb10,265,0.74,0.427,1,1
20,0,24,6,N,nb11,265,1.012,-1.297,1,1
20,0,24,6,N,nb12,265,-1.862,1.188,1,1
20,0,24,6,N,nb13,265,-1.479,-0.177,1,1
20,0,24,6,N,nb14,265,-0.228,0.129,2,1
20,0,24,6,N,nb15,265,-0.086,1.735,2,1
20,0,24,6,N,nb16,265,-1.219,-1.866,0,0
20,0,24,6,N,nb17,265,0.572,0.133,2,1
20,0,24,6,N,nb18,265,0.15,1.685,1,1
20,0,24,6,N,nb19,265,-0.169,-0.031,1,1
20,0,24,6,N,nb20,265,-0.01,0.214,1,1
20,0,24,6,N,nb21,265,-1.331,-0.28,1,1
20,0,24,6,N,nb22,265,0.07,-0.107,1,1
20,0,24,6,N,nb23,265,-1.832,0.964,2,1
20,0,24,6,N,nb24,265,1.058,-1.058,2,1
20,0,24,6,N,nb25,265,-0.391,1.865,2,1
20,0,24,6,N,nb26,265,0.799,0.198,2,1
20,0,24,6,N,nb27,265,0.197,-0.319,1,1
20,0,24,6,N,nb28,265,-1.865,0.791,1,1
20,0,24,6,N,nb29,265,1.224,-0.796,1,1
20,0,24,6,A,aa0,265,-0.894,1.866,2,0
20,0,24,6,A,aa1,265,-1.746,-0.186,1,0
20,0,24,6,A,aa2,265,-1.866,1.535,1,0
20,0,24,6,A,aa3,265,0.063,-1.183,1,0
20,0,24,6,A,aa4,265,0.178,1.107,1,0
20,0,24,6,A,aa5,265,-0.725,-0.436,0,0
20,0,24,6,N,nb0,270,0.65,-0.91,2,1
20,0,24,6,N,nb1,270,0.773,-0.709,2,1
20,0,24,6,N,nb2,270,0.353,0.25,1,1
20,0,24,6,N,nb3,270,0.992,-0.824,4,1
20,0,24,6,N,nb4,270,-0.629,0.94,1,1
20,0,24,6,N,nb5,270,-0.282,1.712,3,1
20,0,24,6,N,nb6,270,0.415,-0.92,1,1
20,0,24,6,N,nb7,270,-0.423,1.619,2,1
20,0,24,6,N,nb8,270,1.031,-0.593,1,1
20,0,24,6,N,nb9,270,-0.607,0.772,1,1
20,0,24,6,N,nb10,270,0.74,0.427,1,1
20,0,24,6,N,nb11,270,1.012,-1.297,1,1
20,0,24,6,N,nb12,270,-1.862,1.188,1,1
20,0,24,6,N,nb13,270,-1.479,-0.177,1,1
20,0,24,6,N,nb14,270,-0.228,0.129,2,1
20,0,24,6,N,nb15,270,-0.086,1.735,2,1
20,0,24,6,N,nb16,270,-1.127,-1.865,0,0
20,0,24,6,N,nb17,270,0.572,0.133,2,1
20,0,24,6,N,nb18,270,0.15,1.685,1,1
20,0,24,6,N,nb19,270,-0.169,-0.031,1,1
20,0,24,6,N,nb20,270,-0.01,0.214,1,1
20,0,24,6,N,nb21,270,-1.331,-0.28,1,1
20,0,24,6,N,nb22,270,0.07,-0.107,1,1
20,0,24,6,N,nb23,270,-1.832,0.964,2,1
20,0,24,6,N,nb24,270,1.058,-1.058,2,1
20,0,24,6,N,nb25,270,-0.391,1.865,2,1
20,0,24,6,N,nb26,270,0.799,0.198,2,1
20,0,24,6,N,nb27,270,0.197,-0.319,1,1
20,0,24,6,N,nb28,270,-1.865,0.791,1,1
20,0,24,6,N,nb29,270,1.224,-0.796,1,1
20,0,24,6,A,aa0,270,-0.882,1.866,2,0
20,0,24,6,A,aa1,270,-1.709,-0.269,2,0
20,0,24,6,A,aa2,270,-1.861,1.443,1,0
20,0,24,6,A,aa3,270,0.007,-1.1,1,0
20,0,24,6,A,aa4,270,0.116,1.028,0,0
20,0,24,6,A,aa5,270,-0.637,-0.483,0,0
20,0,24,6,N,nb0,275,0.65,-0.91,2,1
20,0,24,6,N,nb1,275,0.773,-0.709,2,1
20,0,24,6,N,nb2,275,0.353,0.25,1,1
20,0,24,6,N,nb3,275,0.992,-0.824,4,1
20,0,24,6,N,nb4,275,-0.629,0.94,1,1
20,0,24,6,N,nb5,275,-0.282,1.712,3,0
20,0,24,6,N,nb6,275,0.415,-0.92,1,1
20,0,24,6,N,nb7,275,-0.423,1.619,2,0
20,0,24,6,N,nb8,275,1.031,-0.593,1,1
20,0,24,6,N,nb9,275,-0.607,0.772,1,1
20,0,24,6,N,nb10,275,0.74,0.427,1,1
20,0,24,6,N,nb11,275,1.012,-1.297,1,1
20,0,24,6,N,nb12,275,-1.861,1.185,1,1
20,0,24,6,N,nb13,275,-1.479,-0.177,1,1
20,0,24,6,N,nb14,275,-0.228,0.129,2,1
20,0,24,6,N,nb15,275,-0.086,1.735,2,1
20,0,24,6,N,nb16,275,-1.035,-1.855,0,0
20,0,24,6,N,nb17,275,0.572,0.133,2,0
20,0,24,6,N,nb18,275,0.15,1.685,1,1
20,0,24,6,N,nb19,275,-0.169,-0.031,1,1
20,0,24,6,N,nb20,275,-0.01,0.214,1,1
20,0,24,6,N,nb21,275,-1.331,-0.28,1,1
20,0,24,6,N,nb22,275,0.07,-0.107,1,1
20,0,24,6,N,nb23,275,-1.832,0.964,2,1
20,0,24,6,N,nb24,275,1.058,-1.058,2,1
20,0,24,6,N,nb25,275,-0.391,1.865,2,0
20,0,24,6,N,nb26,275,0.799,0.198,2,1
20,0,24,6,N,nb27,275,0.197,-0.319,1,1
20,0,24,6,N,nb28,275,-1.865,0.791,1,1
20,0,24,6,N,nb29,275,1.224,-0.796,1,1
20,0,24,6,A,aa0,275,-0.853,1.866,2,0
20,0,24,6,A,aa1,275,-1.682,-0.358,0,0
20,0,24,6,A,aa2,275,-1.848,1.355,1,0
20,0,24,6,A,aa3,275,-0.048,-1.018,1,0
20,0,24,6,A,aa4,275,0.055,0.949,0,0
20,0,24,6,A,aa5,275,-0.549,-0.531,0,0
20,0,24,6,N,nb0,280,0.65,-0.91,2,1
20,0,24,6,N,nb1,280,0.773,-0.709,2,1
20,0,24,6,N,nb2,280,0.353,0.25,1,1
20,0,24,6,N,nb3,280,0.992,-0.824,4,1
20,0,24,6,N,nb4,280,-0.629,0.94,1,1
20,0,24,6,N,nb5,280,-0.258,1.717,3,0
20,0,24,6,N,nb6,280,0.415,-0.92,1,1
20,0,24,6,N,nb7,280,-0.423,1.679,2,0
20,0,24,6,N,nb8,280,1.031,-0.593,1,1
20,0,24,6,N,nb9,280,-0.607,0.772,1,1
20,0,24,6,N,nb10,280,0.74,0.427,1,1
20,0,24,6,N,nb11,280,1.012,-1.297,1,1
20,0,24,6,N,nb12,280,-1.843,1.142,1,1
20,0,24,6,N,nb13,280,-1.479,-0.177,1,1
20,0,24,6,N,nb14,280,-0.228,0.129,2,1
20,0,24,6,N,nb15,280,-0.086,1.735,2,1
20,0,24,6,N,nb16,280,-0.943,-1.836,0,0
20,0,24,6,N,nb17,280,0.572,0.133,2,1
20,0,24,6,N,nb18,280,0.15,1.685,1,1
20,0,24,6,N,nb19,280,-0.169,-0.031,1,1
20,0,24,6,N,nb20,280,-0.01,0.214,1,1
20,0,24,6,N,nb21,280,-1.331,-0.28,1,1
20,0,24,6,N,nb22,280,0.07,-0.107,1,1
20,0,24,6,N,nb23,280,-1.832,0.964,2,1
20,0,24,6,N,nb24,280,1.058,-1.058,2,1
20,0,24,6,N,nb25,280,-0.337,1.865,2,0
20,0,24,6,N,nb26,280,0.799,0.198,2,1
20,0,24,6,N,nb27,280,0.197,-0.319,1,1
20,0,24,6,N,nb28,280,-1.865,0.791,1,1
20,0,24,6,N,nb29,280,1.224,-0.796,1,1
20,0,24,6,A,aa0,280,-0.808,1.866,0,0
20,0,24,6,A,aa1,280,-1.659,-0.455,2,0
20,0,24,6,A,aa2,280,-1.841,1.312,1,0
20,0,24,6,A,aa3,280,-0.104,-0.935,1,0
20,0,24,6,A,aa4,280,-0.006,0.87,0,0
20,0,24,6,A,aa5,280,-0.461,-0.579,0,0
20,0,24,6,N,nb0,285,0.65,-0.91,2,1
20,0,24,6,N,nb1,285,0.773,-0.709,2,1
20,0,24,6,N,nb2,285,0.353,0.25,1,1
20,0,24,6,N,nb3,285,0.992,-0.824,4,1
20,0,24,6,N,nb4,285,-0.629,0.94,1,0
20,0,24,6,N,nb5,285,-0.268,1.696,3,0
20,0,24,6,N,nb6,285,0.415,-0.92,1,1
20,0,24,6,N,nb7,285,-0.421,1.769,2,0
20,0,24,6,N,nb8,285,1.031,-0.593,1,1
20,0,24,6,N,nb9,285,-0.607,0.772,1,0
20,0,24,6,N,nb10,285,0.74,0.427,1,1
20,0,24,6,N,nb11,285,1.012,-1.297,1,1
20,0,24,6,N,nb12,285,-1.838,1.133,1,1
20,0,24,6,N,nb13,285,-1.479,-0.177,1,1
20,0,24,6,N,nb14,285,-0.228,0.129,2,1
20,0,24,6,N,nb15,285,-0.084,1.735,3,1
20,0,24,6,N,nb16,285,-0.854,-1.808,0,0
20,0,24,6,N,nb17,285,0.572,0.133,2,1
20,0,24,6,N,nb18,285,0.15,1.685,1,1
20,0,24,6,N,nb19,285,-0.169,-0.031,1,1
20,0,24,6,N,nb20,285,-0.01,0.214,1,0
20,0,24,6,N,nb21,285,-1.331,-0.28,1,1
20,0,24,6,N,nb22,285,0.07,-0.107,1,1
20,0,24,6,N,nb23,285,-1.832,0.964,2,1
20,0,24,6,N,nb24,285,1.058,-1.058,2,1
20,0,24,6,N,nb25,285,-0.263,1.865,3,0
20,0,24,6,N,nb26,285,0.799,0.198,2,1
20,0,24,6,N,nb27,285,0.197,-0.319,1,1
20,0,24,6,N,nb28,285,-1.865,0.791,1,1
20,0,24,6,N,nb29,285,1.224,-0.796,1,1
20,0,24,6,A,aa0,285,-0.807,1.866,0,0
20,0,24,6,A,aa1,285,-1.636,-0.553,2,0
20,0,24,6,A,aa2,285,-1.838,1.303,1,0
20,0,24,6,A,aa3,285,-0.16,-0.852,1,0
20,0,24,6,A,aa4,285,-0.067,0.791,3,1
20,0,24,6,A,aa5,285,-0.373,-0.626,0,0
20,0,24,6,N,nb0,290,0.65,-0.91,2,1
20,0,24,6,N,nb1,290,0.773,-0.709,2,0
20,0,24,6,N,nb2,290,0.353,0.25,1,1
20,0,24,6,N,nb3,290,0.992,-0.824,4,0
20,0,24,6,N,nb4,290,-0.695,0.968,1,0
20,0,24,6,N,nb5,290,-0.28,1.698,3,1
20,0,24,6,N,nb6,290,0.415,-0.92,1,1
20,0,24,6,N,nb7,290,-0.422,1.79,2,1
20,0,24,6,N,nb8,290,1.031,-0.593,1,1
20,0,24,6,N,nb9,290,-0.639,0.808,1,0
20,0,24,6,N,nb10,290,0.74,0.427,1,1
20,0,24,6,N,nb11,290,1.012,-1.297,1,1
20,0,24,6,N,nb12,290,-1.838,1.133,1,1
20,0,24,6,N,nb13,290,-1.479,-0.177,1,1
20,0,24,6,N,nb14,290,-0.228,0.129,2,1
20,0,24,6,N,nb15,290,-0.084,1.735,3,1
20,0,24,6,N,nb16,290,-0.767,-1.772,0,0
20,0,24,6,N,nb17,290,0.572,0.133,2,1
20,0,24,6,N,nb18,290,0.15,1.685,1,1
20,0,24,6,N,nb19,290,-0.169,-0.031,2,1
20,0,24,6,N,nb20,290,-0.051,0.161,2,0
20,0,24,6,N,nb21,290,-1.331,-0.28,1,1
20,0,24,6,N,nb22,290,0.07,-0.107,1,1
20,0,24,6,N,nb23,290,-1.832,0.964,2,1
20,0,24,6,N,nb24,290,1.058,-1.058,2,1
20,0,24,6,N,nb25,290,-0.241,1.864,3,1
20,0,24,6,N,nb26,290,0.799,0.198,2,1
20,0,24,6,N,nb27,290,0.197,-0.319,1,0
20,0,24,6,N,nb28,290,-1.865,0.791,1,1
20,0,24,6,N,nb29,290,1.224,-0.796,1,1
20,0,24,6,A,aa0,290,-0.814,1.866,1,0
20,0,24,6,A,aa1,290,-1.613,-0.65,2,0
20,0,24,6,A,aa2,290,-1.821,1.302,1,0
20,0,24,6,A,aa3,290,-0.197,-0.787,0,0
20,0,24,6,A,aa4,290,-0.094,0.757,0,0
20,0,24,6,A,aa5,290,-0.305,-0.656,0,0
20,0,24,6,N,nb0,295,0.65,-0.91,2,1
20,0,24,6,N,nb1,295,0.773,-0.709,2,1
20,0,24,6,N,nb2,295,0.353,0.25,1,1
20,0,24,6,N,nb3,295,0.992,-0.824,4,1
20,0,24,6,N,nb4,295,-0.789,1.001,1,0
20,0,24,6,N,nb5,295,-0.28,1.698,3,1
20,0,24,6,N,nb6,295,0.415,-0.92,1,1
20,0,24,6,N,nb7,295,-0.422,1.79,2,1
20,0,24,6,N,nb8,295,1.031,-0.593,1,1
20,0,24,6,N,nb9,295,-0.686,0.866,1,0
20,0,24,6,N,nb10,295,0.74,0.427,1,1
20,0,24,6,N,nb11,295,1.012,-1.297,1,1
20,0,24,6,N,nb12,295,-1.838,1.133,1,1
20,0,24,6,N,nb13,295,-1.479,-0.177,1,1
20,0,24,6,N,nb14,295,-0.231,0.128,2,1
20,0,24,6,N,nb15,295,-0.084,1.735,3,1
20,0,24,6,N,nb16,295,-0.678,-1.728,0,0
20,0,24,6,N,nb17,295,0.572,0.133,2,1
20,0,24,6,N,nb18,295,0.15,1.685,1,1
20,0,24,6,N,nb19,295,-0.17,-0.032,2,1
20,0,24,6,N,nb20,295,-0.063,0.1,3,0
20,0,24,6,N,nb21,295,-1.331,-0.28,1,1
20,0,24,6,N,nb22,295,0.07,-0.107,2,1
20,0,24,6,N,nb23,295,-1.832,0.964,2,1
20,0,24,6,N,nb24,295,1.058,-1.058,2,1
20,0,24,6,N,nb25,295,-0.241,1.864,3,1
20,0,24,6,N,nb26,295,0.799,0.198,2,1
20,0,24,6,N,nb27,295,0.197,-0.319,1,1
20,0,24,6,N,nb28,295,-1.865,0.791,1,1
20,0,24,6,N,nb29,295,1.224,-0.796,1,1
20,0,24,6,A,aa0,295,-0.839,1.866,1,0
20,0,24,6,A,aa1,295,-1.59,-0.747,2,0
20,0,24,6,A,aa2,295,-1.775,1.29,0,0
20,0,24,6,A,aa3,295,-0.169,-0.758,1,0
20,0,24,6,A,aa4,295,-0.087,0.721,0,0
20,0,24,6,A,aa5,295,-0.301,-0.651,1,0
20,0,24,6,N,nb0,300,0.65,-0.91,2,1
20,0,24,6,N,nb1,300,0.773,-0.709,2,1
20,0,24,6,N,nb2,300,0.353,0.25,1,0
20,0,24,6,N,nb3,300,0.992,-0.824,4,1
20,0,24,6,N,nb4,300,-0.811,1.008,1,1
20,0,24,6,N,nb5,300,-0.28,1.698,3,1
20,0,24,6,N,nb6,300,0.415,-0.92,1,1
20,0,24,6,N,nb7,300,-0.422,1.79,2,1
20,0,24,6,N,nb8,300,1.031,-0.593,1,1
20,0,24,6,N,nb9,300,-0.699,0.88,1,1
20,0,24,6,N,nb10,300,0.74,0.427,1,1
20,0,24,6,N,nb11,300,1.012,-1.297,1,1
20,0,24,6,N,nb12,300,-1.838,1.133,1,1
20,0,24,6,N,nb13,300,-1.479,-0.177,1,1
20,0,24,6,N,nb14,300,-0.231,0.128,2,0
20,0,24,6,N,nb15,300,-0.084,1.735,3,1
20,0,24,6,N,nb16,300,-0.589,-1.684,0,0
20,0,24,6,N,nb17,300,0.572,0.133,2,1
20,0,24,6,N,nb18,300,0.15,1.685,1,1
20,0,24,6,N,nb19,300,-0.17,-0.034,2,1
20,0,24,6,N,nb20,300,-0.064,0.098,3,0
20,0,24,6,N,nb21,300,-1.331,-0.28,1,1
20,0,24,6,N,nb22,300,0.07,-0.107,2,1
20,0,24,6,N,nb23,300,-1.832,0.964,2,1
20,0,24,6,N,nb24,300,1.058,-1.058,2,1
20,0,24,6,N,nb25,300,-0.241,1.864,3,1
20,0,24,6,N,nb26,300,0.799,0.198,2,1
20,0,24,6,N,nb27,300,0.197,-0.319,1,1
20,0,24,6,N,nb28,300,-1.865,0.791,1,1
20,0,24,6,N,nb29,300,1.224,-0.796,1,1
20,0,24,6,A,aa0,300,-0.88,1.866,1,0
20,0,24,6,A,aa1,300,-1.567,-0.844,0,0
20,0,24,6,A,aa2,300,-1.705,1.244,1,0
20,0,24,6,A,aa3,300,-0.134,-0.706,2,0
20,0,24,6,A,aa4,300,-0.074,0.658,3,1
20,0,24,6,A,aa5,300,-0.266,-0.598,3,1
20,0,24,6,N,nb0,305,0.65,-0.91,2,1
20,0,24,6,N,nb1,305,0.773,-0.709,2,1
20,0,24,6,N,nb2,305,0.325,0.166,1,0
20,0,24,6,N,nb3,305,0.992,-0.824,4,1
20,0,24,6,N,nb4,305,-0.811,1.008,1,1
20,0,24,6,N,nb5,305,-0.28,1.698,3,1
20,0,24,6,N,nb6,305,0.415,-0.92,1,1
20,0,24,6,N,nb7,305,-0.422,1.79,2,1
20,0,24,6,N,nb8,305,1.031,-0.593,1,1
20,0,24,6,N,nb9,305,-0.699,0.88,1,1
20,0,24,6,N,nb10,305,0.74,0.427,1,1
20,0,24,6,N,nb11,305,1.012,-1.297,1,1
20,0,24,6,N,nb12,305,-1.838,1.133,1,1
20,0,24,6,N,nb13,305,-1.479,-0.177,1,1
20,0,24,6,N,nb14,305,-0.262,0.216,1,0
20,0,24,6,N,nb15,305,-0.084,1.735,3,1
20,0,24,6,N,nb16,305,-0.499,-1.64,0,0
20,0,24,6,N,nb17,305,0.572,0.133,2,1
20,0,24,6,N,nb18,305,0.15,1.685,1,1
20,0,24,6,N,nb19,305,-0.154,-0.053,1,0
20,0,24,6,N,nb20,305,-0.052,0.082,2,0
20,0,24,6,N,nb21,305,-1.331,-0.28,1,1
20,0,24,6,N,nb22,305,0.123,-0.115,1,0
20,0,24,6,N,nb23,305,-1.832,0.964,2,1
20,0,24,6,N,nb24,305,1.058,-1.058,2,1
20,0,24,6,N,nb25,305,-0.241,1.864,3,1
20,0,24,6,N,nb26,305,0.799,0.198,2,1
20,0,24,6,N,nb27,305,0.239,-0.288,1,0
20,0,24,6,N,nb28,305,-1.865,0.791,1,1
20,0,24,6,N,nb29,305,1.224,-0.796,1,1
20,0,24,6,A,aa0,305,-0.935,1.866,1,0
20,0,24,6,A,aa1,305,-1.543,-0.942,0,0
20,0,24,6,A,aa2,305,-1.626,1.191,2,0
20,0,24,6,A,aa3,305,-0.094,-0.644,1,0
20,0,24,6,A,aa4,305,-0.029,0.596,0,0
20,0,24,6,A,aa5,305,-0.224,-0.536,0,0
20,0,24,6,N,nb0,310,0.65,-0.91,2,1
20,0,24,6,N,nb1,310,0.773,-0.709,2,1
20,0,24,6,N,nb2,310,0.289,0.083,1,1
20,0,24,6,N,nb3,310,0.992,-0.824,4,1
20,0,24,6,N,nb4,310,-0.811,1.008,1,1
20,0,24,6,N,nb5,310,-0.28,1.698,3,1
20,0,24,6,N,nb6,310,0.415,-0.92,1,1
20,0,24,6,N,nb7,310,-0.422,1.79,2,1
20,0,24,6,N,nb8,310,1.031,-0.593,1,1
20,0,24,6,N,nb9,310,-0.699,0.88,1,1
20,0,24,6,N,nb10,310,0.74,0.427,1,1
20,0,24,6,N,nb11,310,1.012,-1.297,1,1
20,0,24,6,N,nb12,310,-1.838,1.133,1,0
20,0,24,6,N,nb13,310,-1.479,-0.177,1,1
20,0,24,6,N,nb14,310,-0.298,0.309,0,0
20,0,24,6,N,nb15,310,-0.084,1.735,3,1
20,0,24,6,N,nb16,310,-0.41,-1.595,0,0
20,0,24,6,N,nb17,310,0.572,0.133,1,1
20,0,24,6,N,nb18,310,0.15,1.685,1,1
20,0,24,6,N,nb19,310,-0.117,-0.094,1,0
20,0,24,6,N,nb20,310,-0.016,0.041,1,1
20,0,24,6,N,nb21,310,-1.331,-0.28,1,1
20,0,24,6,N,nb22,310,0.21,-0.116,2,0
20,0,24,6,N,nb23,310,-1.832,0.964,2,0
20,0,24,6,N,nb24,310,1.058,-1.058,2,1
20,0,24,6,N,nb25,310,-0.241,1.864,3,1
20,0,24,6,N,nb26,310,0.799,0.198,2,1
20,0,24,6,N,nb27,310,0.32,-0.245,1,0
20,0,24,6,N,nb28,310,-1.865,0.791,1,0
20,0,24,6,N,nb29,310,1.224,-0.796,1,1
20,0,24,6,A,aa0,310,-1.001,1.866,1,0
20,0,24,6,A,aa1,310,-1.52,-1.039,0,0
20,0,24,6,A,aa2,310,-1.543,1.143,3,1
20,0,24,6,A,aa3,310,-0.05,-0.577,1,0
20,0,24,6,A,aa4,310,0.029,0.515,0,0
20,0,24,6,A,aa5,310,-0.179,-0.467,0,0
20,0,24,6,N,nb0,315,0.65,-0.91,2,1
20,0,24,6,N,nb1,315,0.773,-0.709,2,1
20,0,24,6,N,nb2,315,0.288,0.081,1,0
20,0,24,6,N,nb3,315,0.992,-0.824,4,1
20,0,24,6,N,nb4,315,-0.811,1.008,1,1
20,0,24,6,N,nb5,315,-0.28,1.698,3,1
20,0,24,6,N,nb6,315,0.415,-0.92,1,0
20,0,24,6,N,nb7,315,-0.422,1.79,2,1
20,0,24,6,N,nb8,315,1.031,-0.593,1,1
20,0,24,6,N,nb9,315,-0.699,0.88,1,1
20,0,24,6,N,nb10,315,0.74,0.427,1,1
20,0,24,6,N,nb11,315,1.012,-1.297,1,1
20,0,24,6,N,nb12,315,-1.828,1.067,1,0
20,0,24,6,N,nb13,315,-1.479,-0.177,1,1
20,0,24,6,N,nb14,315,-0.334,0.402,0,0
20,0,24,6,N,nb15,315,-0.084,1.735,3,0
20,0,24,6,N,nb16,315,-0.32,-1.551,0,0
20,0,24,6,N,nb17,315,0.572,0.133,1,0
20,0,24,6,N,nb18,315,0.15,1.685,1,1
20,0,24,6,N,nb19,315,-0.094,-0.104,1,0
20,0,24,6,N,nb20,315,-0.01,0.043,1,0
20,0,24,6,N,nb21,315,-1.331,-0.28,1,1
20,0,24,6,N,nb22,315,0.246,-0.107,2,0
20,0,24,6,N,nb23,315,-1.805,0.896,2,0
20,0,24,6,N,nb24,315,1.058,-1.058,2,1
20,0,24,6,N,nb25,315,-0.241,1.864,3,1
20,0,24,6,N,nb26,315,0.799,0.198,2,1
20,0,24,6,N,nb27,315,0.358,-0.234,1,0
20,0,24,6,N,nb28,315,-1.865,0.72,1,0
20,0,24,6,N,nb29,315,1.224,-0.796,1,1
20,0,24,6,A,aa0,315,-1.076,1.866,0,0
20,0,24,6,A,aa1,315,-1.52,-1.042,0,0
20,0,24,6,A,aa2,315,-1.455,1.095,0,0
20,0,24,6,A,aa3,315,-0.002,-0.505,4,1
20,0,24,6,A,aa4,315,0.088,0.434,4,1
20,0,24,6,A,aa5,315,-0.131,-0.394,3,1
20,0,24,6,N,nb0,320,0.65,-0.91,2,0
20,0,24,6,N,nb1,320,0.773,-0.709,2,1
20,0,24,6,N,nb2,320,0.291,0.071,1,0
20,0,24,6,N,nb3,320,0.992,-0.824,4,1
20,0,24,6,N,nb4,320,-0.811,1.008,1,1
20,0,24,6,N,nb5,320,-0.28,1.698,3,1
20,0,24,6,N,nb6,320,0.468,-0.963,1,0
20,0,24,6,N,nb7,320,-0.422,1.79,2,1
20,0,24,6,N,nb8,320,1.031,-0.593,1,1
20,0,24,6,N,nb9,320,-0.699,0.88,1,1
20,0,24,6,N,nb10,320,0.74,0.427,1,1
20,0,24,6,N,nb11,320,1.012,-1.297,1,1
20,0,24,6,N,nb12,320,-1.8,0.984,1,0
20,0,24,6,N,nb13,320,-1.479,-0.177,1,1
20,0,24,6,N,nb14,320,-0.37,0.495,0,0
20,0,24,6,N,nb15,320,-0.084,1.735,3,1
20,0,24,6,N,nb16,320,-0.23,-1.506,0,0
20,0,24,6,N,nb17,320,0.631,0.098,1,0
20,0,24,6,N,nb18,320,0.15,1.685,1,1
20,0,24,6,N,nb19,320,-0.058,-0.141,1,0
20,0,24,6,N,nb20,320,0.024,0.007,1,0
20,0,24,6,N,nb21,320,-1.331,-0.28,1,1
20,0,24,6,N,nb22,320,0.305,-0.098,2,0
20,0,24,6,N,nb23,320,-1.765,0.806,2,0
20,0,24,6,N,nb24,320,1.058,-1.058,2,1
20,0,24,6,N,nb25,320,-0.241,1.864,3,1
20,0,24,6,N,nb26,320,0.799,0.198,2,1
20,0,24,6,N,nb27,320,0.427,-0.215,1,0
20,0,24,6,N,nb28,320,-1.865,0.627,1,0
20,0,24,6,N,nb29,320,1.224,-0.796,1,1
20,0,24,6,A,aa0,320,-1.158,1.866,0,0
20,0,24,6,A,aa1,320,-1.441,-1.099,0,0
20,0,24,6,A,aa2,320,-1.367,1.047,1,0
20,0,24,6,A,aa3,320,0.046,-0.43,0,0
20,0,24,6,A,aa4,320,0.147,0.353,1,0
20,0,24,6,A,aa5,320,-0.081,-0.318,0,0
20,0,24,6,N,nb0,325,0.651,-0.91,2,1
20,0,24,6,N,nb1,325,0.773,-0.709,2,1
20,0,24,6,N,nb2,325,0.249,0.02,2,0
20,0,24,6,N,nb3,325,0.992,-0.824,4,1
20,0,24,6,N,nb4,325,-0.811,1.008,1,0
20,0,24,6,N,nb5,325,-0.28,1.698,3,1
20,0,24,6,N,nb6,325,0.529,-1.029,1,0
20,0,24,6,N,nb7,325,-0.422,1.79,2,1
20,0,24,6,N,nb8,325,1.031,-0.593,1,1
20,0,24,6,N,nb9,325,-0.699,0.88,1,0
20,0,24,6,N,nb10,325,0.74,0.427,1,1
20,0,24,6,N,nb11,325,1.012,-1.297,1,1
20,0,24,6,N,nb12,325,-1.792,0.966,1,0
20,0,24,6,N,nb13,325,-1.479,-0.177,1,1
20,0,24,6,N,nb14,325,-0.406,0.589,0,0
20,0,24,6,N,nb15,325,-0.084,1.735,3,1
20,0,24,6,N,nb16,325,-0.141,-1.462,0,0
20,0,24,6,N,nb17,325,0.702,0.041,1,0
20,0,24,6,N,nb18,325,0.15,1.685,1,1
20,0,24,6,N,nb19,325,-0.014,-0.105,1,0
20,0,24,6,N,nb20,325,0.065,0.045,2,0
20,0,24,6,N,nb21,325,-1.331,-0.28,1,1
20,0,24,6,N,nb22,325,0.393,-0.097,2,0
20,0,24,6,N,nb23,325,-1.755,0.785,2,0
20,0,24,6,N,nb24,325,1.058,-1.058,2,1
20,0,24,6,N,nb25,325,-0.241,1.864,3,1
20,0,24,6,N,nb26,325,0.799,0.198,2,1
20,0,24,6,N,nb27,325,0.525,-0.204,1,0
20,0,24,6,N,nb28,325,-1.865,0.606,1,1
20,0,24,6,N,nb29,325,1.224,-0.796,1,1
20,0,24,6,A,aa0,325,-1.245,1.866,0,0
20,0,24,6,A,aa1,325,-1.36,-1.157,0,0
20,0,24,6,A,aa2,325,-1.28,0.999,4,1
20,0,24,6,A,aa3,325,0.104,-0.374,0,0
20,0,24,6,A,aa4,325,0.204,0.274,2,0
20,0,24,6,A,aa5,325,-0.031,-0.272,0,0
20,0,24,6,N,nb0,330,0.651,-0.91,2,1
20,0,24,6,N,nb1,330,0.773,-0.709,2,1
20,0,24,6,N,nb2,330,0.236,0.005,2,0
20,0,24,6,N,nb3,330,0.992,-0.824,4,1
20,0,24,6,N,nb4,330,-0.902,1.032,1,0
20,0,24,6,N,nb5,330,-0.28,1.698,3,1
20,0,24,6,N,nb6,330,0.542,-1.045,1,1
20,0,24,6,N,nb7,330,-0.422,1.79,2,1
20,0,24,6,N,nb8,330,1.031,-0.593,1,1
20,0,24,6,N,nb9,330,-0.745,0.926,1,0
20,0,24,6,N,nb10,330,0.74,0.427,1,0
20,0,24,6,N,nb11,330,1.012,-1.297,1,1
20,0,24,6,N,nb12,330,-1.748,0.894,1,0
20,0,24,6,N,nb13,330,-1.479,-0.177,1,1
20,0,24,6,N,nb14,330,-0.442,0.682,0,0
20,0,24,6,N,nb15,330,-0.084,1.735,3,1
20,0,24,6,N,nb16,330,-0.051,-1.418,0,0
20,0,24,6,N,nb17,330,0.718,0.026,1,0
20,0,24,6,N,nb18,330,0.15,1.685,1,1
20,0,24,6,N,nb19,330,-0.005,-0.089,1,0
20,0,24,6,N,nb20,330,0.074,0.061,2,0
20,0,24,6,N,nb21,330,-1.331,-0.28,1,1
20,0,24,6,N,nb22,330,0.413,-0.097,2,0
20,0,24,6,N,nb23,330,-1.715,0.7,2,0
20,0,24,6,N,nb24,330,1.058,-1.058,2,1
20,0,24,6,N,nb25,330,-0.241,1.864,3,1
20,0,24,6,N,nb26,330,0.799,0.198,2,0
20,0,24,6,N,nb27,330,0.547,-0.201,1,0
20,0,24,6,N,nb28,330,-1.865,0.606,1,1
20,0,24,6,N,nb29,330,1.224,-0.796,1,1
20,0,24,6,A,aa0,330,-1.335,1.866,0,0
20,0,24,6,A,aa1,330,-1.357,-1.159,0,0
20,0,24,6,A,aa2,330,-1.192,0.951,0,0
20,0,24,6,A,aa3,330,0.162,-0.301,5,1
20,0,24,6,A,aa4,330,0.263,0.208,6,1
20,0,24,6,A,aa5,330,-0.01,-0.257,3,1
20,0,24,6,N,nb0,335,0.651,-0.91,2,1
20,0,24,6,N,nb1,335,0.773,-0.709,2,1
20,0,24,6,N,nb2,335,0.255,-0.059,2,0
20,0,24,6,N,nb3,335,0.992,-0.824,4,1
20,0,24,6,N,nb4,335,-0.995,1.059,1,1
20,0,24,6,N,nb5,335,-0.28,1.698,3,1
20,0,24,6,N,nb6,335,0.542,-1.045,1,1
20,0,24,6,N,nb7,335,-0.422,1.79,2,1
20,0,24,6,N,nb8,335,1.031,-0.593,1,1
20,0,24,6,N,nb9,335,-0.796,0.997,1,0
20,0,24,6,N,nb10,335,0.655,0.467,0,0
20,0,24,6,N,nb11,335,1.012,-1.297,1,1
20,0,24,6,N,nb12,335,-1.69,0.83,1,1
20,0,24,6,N,nb13,335,-1.479,-0.177,1,0
20,0,24,6,N,nb14,335,-0.479,0.775,0,0
20,0,24,6,N,nb15,335,-0.084,1.735,3,1
20,0,24,6,N,nb16,335,0.038,-1.373,0,0
20,0,24,6,N,nb17,335,0.782,-0.039,1,0
20,0,24,6,N,nb18,335,0.15,1.685,1,1
20,0,24,6,N,nb19,335,-0.002,-0.115,1,0
20,0,24,6,N,nb20,335,0.104,0.017,2,0
20,0,24,6,N,nb21,335,-1.331,-0.28,1,0
20,0,24,6,N,nb22,335,0.493,-0.09,2,0
20,0,24,6,N,nb23,335,-1.669,0.617,2,1
20,0,24,6,N,nb24,335,1.058,-1.058,2,1
20,0,24,6,N,nb25,335,-0.241,1.864,3,1
20,0,24,6,N,nb26,335,0.837,0.282,0,0
20,0,24,6,N,nb27,335,0.637,-0.179,2,0
20,0,24,6,N,nb28,335,-1.865,0.606,1,1
20,0,24,6,N,nb29,335,1.224,-0.796,1,1
20,0,24,6,A,aa0,335,-1.427,1.864,0,0
20,0,24,6,A,aa1,335,-1.304,-1.139,0,0
20,0,24,6,A,aa2,335,-1.11,0.904,0,0
20,0,24,6,A,aa3,335,0.226,-0.233,0,0
20,0,24,6,A,aa4,335,0.332,0.149,0,0
20,0,24,6,A,aa5,335,-0.005,-0.283,0,0
20,0,24,6,N,nb0,340,0.651,-0.91,2,1
20,0,24,6,N,nb1,340,0.773,-0.709,2,1
20,0,24,6,N,nb2,340,0.271,-0.094,1,1
20,0,24,6,N,nb3,340,0.992,-0.824,4,1
20,0,24,6,N,nb4,340,-0.998,1.06,1,1
20,0,24,6,N,nb5,340,-0.28,1.698,3,1
20,0,24,6,N,nb6,340,0.542,-1.045,1,1
20,0,24,6,N,nb7,340,-0.422,1.79,2,1
20,0,24,6,N,nb8,340,1.031,-0.593,1,1
20,0,24,6,N,nb9,340,-0.805,1.014,1,1
20,0,24,6,N,nb10,340,0.567,0.513,0,0
20,0,24,6,N,nb11,340,1.012,-1.297,1,1
20,0,24,6,N,nb12,340,-1.688,0.828,1,1
20,0,24,6,N,nb13,340,-1.479,-0.177,1,1
20,0,24,6,N,nb14,340,-0.515,0.868,0,0
20,0,24,6,N,nb15,340,-0.084,1.735,3,1
20,0,24,6,N,nb16,340,0.128,-1.329,0,0
20,0,24,6,N,nb17,340,0.86,-0.083,1,1
20,0,24,6,N,nb18,340,0.15,1.685,1,1
20,0,24,6,N,nb19,340,-0.008,-0.124,1,1
20,0,24,6,N,nb20,340,0.122,-0.015,2,1
20,0,24,6,N,nb21,340,-1.331,-0.28,1,1
20,0,24,6,N,nb22,340,0.58,-0.074,1,1
20,0,24,6,N,nb23,340,-1.668,0.615,2,1
20,0,24,6,N,nb24,340,1.058,-1.058,2,1
20,0,24,6,N,nb25,340,-0.241,1.864,3,1
20,0,24,6,N,nb26,340,0.884,0.367,0,0
20,0,24,6,N,nb27,340,0.72,-0.18,2,1
20,0,24,6,N,nb28,340,-1.865,0.606,1,1
20,0,24,6,N,nb29,340,1.224,-0.796,1,1
20,0,24,6,A,aa0,340,-1.52,1.853,0,0
20,0,24,6,A,aa1,340,-1.211,-1.102,0,0
20,0,24,6,A,aa2,340,-1.034,0.85,2,0
20,0,24,6,A,aa3,340,0.25,-0.26,0,0
20,0,24,6,A,aa4,340,0.409,0.1,0,0
20,0,24,6,A,aa5,340,-0.009,-0.292,0,0
20,0,24,6,N,nb0,345,0.651,-0.91,2,1
20,0,24,6,N,nb1,345,0.773,-0.709,2,1
20,0,24,6,N,nb2,345,0.273,-0.099,1,0
20,0,24,6,N,nb3,345,0.992,-0.824,4,1
20,0,24,6,N,nb4,345,-0.998,1.06,1,1
20,0,24,6,N,nb5,345,-0.28,1.698,3,1
20,0,24,6,N,nb6,345,0.542,-1.045,1,1
20,0,24,6,N,nb7,345,-0.422,1.79,2,1
20,0,24,6,N,nb8,345,1.031,-0.593,1,1
20,0,24,6,N,nb9,345,-0.805,1.014,1,1
20,0,24,6,N,nb10,345,0.478,0.559,0,0
20,0,24,6,N,nb11,345,1.012,-1.297,1,1
20,0,24,6,N,nb12,345,-1.688,0.828,1,1
20,0,24,6,N,nb13,345,-1.479,-0.177,1,1
20,0,24,6,N,nb14,345,-0.551,0.962,0,0
20,0,24,6,N,nb15,345,-0.084,1.735,3,1
20,0,24,6,N,nb16,345,0.218,-1.285,0,0
20,0,24,6,N,nb17,345,0.877,-0.091,1,0
20,0,24,6,N,nb18,345,0.15,1.685,1,1
20,0,24,6,N,nb19,345,-0.011,-0.126,1,0
20,0,24,6,N,nb20,345,0.123,-0.022,2,0
20,0,24,6,N,nb21,345,-1.331,-0.28,1,1
20,0,24,6,N,nb22,345,0.597,-0.069,1,0
20,0,24,6,N,nb23,345,-1.668,0.615,2,1
20,0,24,6,N,nb24,345,1.058,-1.058,2,1
20,0,24,6,N,nb25,345,-0.241,1.864,3,1
20,0,24,6,N,nb26,345,0.933,0.454,0,0
20,0,24,6,N,nb27,345,0.735,-0.184,2,0
20,0,24,6,N,nb28,345,-1.865,0.606,1,1
20,0,24,6,N,nb29,345,1.224,-0.796,1,1
20,0,24,6,A,aa0,345,-1.61,1.832,0,0
20,0,24,6,A,aa1,345,-1.119,-1.065,0,0
20,0,24,6,A,aa2,345,-0.962,0.788,2,0
20,0,24,6,A,aa3,345,0.248,-0.265,0,0
20,0,24,6,A,aa4,345,0.443,0.089,0,0
20,0,24,6,A,aa5,345,-0.009,-0.294,0,0
20,0,24,6,N,nb0,350,0.651,-0.91,2,1
20,0,24,6,N,nb1,350,0.773,-0.709,2,1
20,0,24,6,N,nb2,350,0.272,-0.158,1,0
20,0,24,6,N,nb3,350,0.992,-0.824,4,1
20,0,24,6,N,nb4,350,-0.998,1.06,1,0
20,0,24,6,N,nb5,350,-0.28,1.698,3,1
20,0,24,6,N,nb6,350,0.542,-1.045,1,1
20,0,24,6,N,nb7,350,-0.422,1.79,2,1
20,0,24,6,N,nb8,350,1.031,-0.593,1,1
20,0,24,6,N,nb9,350,-0.805,1.014,2,0
20,0,24,6,N,nb10,350,0.389,0.605,0,0
20,0,24,6,N,nb11,350,1.012,-1.297,1,1
20,0,24,6,N,nb12,350,-1.688,0.828,1,1
20,0,24,6,N,nb13,350,-1.479,-0.177,1,1
20,0,24,6,N,nb14,350,-0.565,0.998,1,0
20,0,24,6,N,nb15,350,-0.084,1.735,3,1
20,0,24,6,N,nb16,350,0.307,-1.24,0,0
20,0,24,6,N,nb17,350,0.963,-0.132,1,0
20,0,24,6,N,nb18,350,0.15,1.685,1,1
20,0,24,6,N,nb19,350,-0.034,-0.164,1,0
20,0,24,6,N,nb20,350,0.118,-0.088,2,0
20,0,24,6,N,nb21,350,-1.331,-0.28,1,1
20,0,24,6,N,nb22,350,0.682,-0.036,1,0
20,0,24,6,N,nb23,350,-1.668,0.615,2,1
20,0,24,6,N,nb24,350,1.058,-1.058,2,1
20,0,24,6,N,nb25,350,-0.241,1.864,3,1
20,0,24,6,N,nb26,350,0.982,0.542,0,0
20,0,24,6,N,nb27,350,0.809,-0.204,2,0
20,0,24,6,N,nb28,350,-1.865,0.606,1,1
20,0,24,6,N,nb29,350,1.224,-0.796,1,1
20,0,24,6,A,aa0,350,-1.699,1.803,0,0
20,0,24,6,A,aa1,350,-1.026,-1.028,0,0
20,0,24,6,A,aa2,350,-0.889,0.72,3,1
20,0,24,6,A,aa3,350,0.246,-0.323,0,0
20,0,24,6,A,aa4,350,0.532,0.093,0,0
20,0,24,6,A,aa5,350,-0.01,-0.33,0,0
20,0,24,6,N,nb0,355,0.651,-0.91,2,1
20,0,24,6,N,nb1,355,0.773,-0.709,2,1
20,0,24,6,N,nb2,355,0.261,-0.228,1,1
20,0,24,6,N,nb3,355,0.992,-0.824,4,1
20,0,24,6,N,nb4,355,-1.071,1.084,1,0
20,0,24,6,N,nb5,355,-0.28,1.698,3,1
20,0,24,6,N,nb6,355,0.542,-1.045,2,1
20,0,24,6,N,nb7,355,-0.422,1.79,2,1
20,0,24,6,N,nb8,355,1.031,-0.593,1,1
20,0,24,6,N,nb9,355,-0.834,1.077,1,0
20,0,24,6,N,nb10,355,0.3,0.65,0,0
20,0,24,6,N,nb11,355,1.012,-1.297,1,1
20,0,24,6,N,nb12,355,-1.688,0.828,1,1
20,0,24,6,N,nb13,355,-1.479,-0.177,1,1
20,0,24,6,N,nb14,355,-0.583,1.065,0,0
20,0,24,6,N,nb15,355,-0.084,1.735,3,1
20,0,24,6,N,nb16,355,0.364,-1.212,1,1
20,0,24,6,N,nb17,355,1.035,-0.168,1,1
20,0,24,6,N,nb18,355,0.15,1.685,1,1
20,0,24,6,N,nb19,355,-0.061,-0.203,1,1
20,0,24,6,N,nb20,355,0.102,-0.154,2,1
20,0,24,6,N,nb21,355,-1.331,-0.28,1,1
20,0,24,6,N,nb22,355,0.754,-0.003,1,1
20,0,24,6,N,nb23,355,-1.668,0.615,2,1
20,0,24,6,N,nb24,355,1.058,-1.058,2,0
20,0,24,6,N,nb25,355,-0.241,1.864,3,1
20,0,24,6,N,nb26,355,1.031,0.629,0,0
20,0,24,6,N,nb27,355,0.874,-0.222,2,1
20,0,24,6,N,nb28,355,-1.865,0.606,1,1
20,0,24,6,N,nb29,355,1.224,-0.796,1,1
20,0,24,6,A,aa0,355,-1.786,1.766,0,0
20,0,24,6,A,aa1,355,-0.933,-0.991,0,0
20,0,24,6,A,aa2,355,-0.816,0.652,0,0
20,0,24,6,A,aa3,355,0.239,-0.395,0,0
20,0,24,6,A,aa4,355,0.618,0.111,0,0
20,0,24,6,A,aa5,355,-0.002,-0.361,0,0
20,0,24,6,N,nb0,360,0.651,-0.91,2,1
20,0,24,6,N,nb1,360,0.785,-0.717,2,0
20,0,24,6,N,nb2,360,0.269,-0.23,1,0
20,0,24,6,N,nb3,360,0.992,-0.824,4,1
20,0,24,6,N,nb4,360,-1.165,1.113,0,0
20,0,24,6,N,nb5,360,-0.28,1.698,3,1
20,0,24,6,N,nb6,360,0.542,-1.045,2,1
20,0,24,6,N,nb7,360,-0.422,1.79,2,1
20,0,24,6,N,nb8,360,1.031,-0.593,1,1
20,0,24,6,N,nb9,360,-0.863,1.166,0,0
20,0,24,6,N,nb10,360,0.211,0.696,0,0
20,0,24,6,N,nb11,360,1.012,-1.297,1,1
20,0,24,6,N,nb12,360,-1.688,0.828,1,1
20,0,24,6,N,nb13,360,-1.479,-0.177,1,1
20,0,24,6,N,nb14,360,-0.598,1.155,0,0
20,0,24,6,N,nb15,360,-0.084,1.735,3,1
20,0,24,6,N,nb16,360,0.364,-1.212,1,1
20,0,24,6,N,nb17,360,1.035,-0.168,1,1
20,0,24,6,N,nb18,360,0.15,1.685,1,1
20,0,24,6,N,nb19,360,-0.075,-0.215,1,0
20,0,24,6,N,nb20,360,0.092,-0.182,2,0
20,0,24,6,N,nb21,360,-1.331,-0.28,1,1
20,0,24,6,N,nb22,360,0.794,0.007,1,0
20,0,24,6,N,nb23,360,-1.668,0.615,2,1
20,0,24,6,N,nb24,360,1.058,-1.058,2,1
20,0,24,6,N,nb25,360,-0.241,1.864,3,1
20,0,24,6,N,nb26,360,1.08,0.716,0,0
20,0,24,6,N,nb27,360,0.874,-0.222,2,1
20,0,24,6,N,nb28,360,-1.865,0.606,1,1
20,0,24,6,N,nb29,360,1.224,-0.796,1,1
20,0,24,6,A,aa0,360,-1.861,1.722,0,0
20,0,24,6,A,aa1,360,-0.84,-0.954,0,0
20,0,24,6,A,aa2,360,-0.742,0.584,0,0
20,0,24,6,A,aa3,360,0.292,-0.397,0,0
20,0,24,6,A,aa4,360,0.696,0.145,0,0
20,0,24,6,A,aa5,360,-0.001,-0.366,0,0
20,0,24,6,N,nb0,365,0.651,-0.91,1,1
20,0,24,6,N,nb1,365,0.85,-0.755,2,0
20,0,24,6,N,nb2,365,0.282,-0.247,1,0
20,0,24,6,N,nb3,365,1.003,-0.826,4,1
20,0,24,6,N,nb4,365,-1.261,1.143,0,0
20,0,24,6,N,nb5,365,-0.28,1.698,3,1
20,0,24,6,N,nb6,365,0.542,-1.045,2,1
20,0,24,6,N,nb7,365,-0.422,1.79,2,1
20,0,24,6,N,nb8,365,1.031,-0.593,2,1
20,0,24,6,N,nb9,365,-0.896,1.258,0,0
20,0,24,6,N,nb10,365,0.122,0.742,0,0
20,0,24,6,N,nb11,365,1.012,-1.297,1,1
20,0,24,6,N,nb12,365,-1.688,0.828,1,0
20,0,24,6,N,nb13,365,-1.479,-0.177,1,1
20,0,24,6,N,nb14,365,-0.603,1.253,0,0
20,0,24,6,N,nb15,365,-0.084,1.735,3,1
20,0,24,6,N,nb16,365,0.364,-1.212,1,1
20,0,24,6,N,nb17,365,1.035,-0.168,1,1
20,0,24,6,N,nb18,365,0.15,1.685,1,1
20,0,24,6,N,nb19,365,-0.103,-0.296,1,0
20,0,24,6,N,nb20,365,0.063,-0.264,2,0
20,0,24,6,N,nb21,365,-1.331,-0.28,1,1
20,0,24,6,N,nb22,365,0.883,0.037,0,0
20,0,24,6,N,nb23,365,-1.668,0.615,2,0
20,0,24,6,N,nb24,365,1.058,-1.058,2,1
20,0,24,6,N,nb25,365,-0.241,1.864,3,1
20,0,24,6,N,nb26,365,1.129,0.803,0,0
20,0,24,6,N,nb27,365,0.874,-0.222,1,1
20,0,24,6,N,nb28,365,-1.865,0.606,1,1
20,0,24,6,N,nb29,365,1.224,-0.796,1,1
20,0,24,6,A,aa0,365,-1.865,1.67,0,0
20,0,24,6,A,aa1,365,-0.747,-0.917,0,0
20,0,24,6,A,aa2,365,-0.669,0.516,0,0
20,0,24,6,A,aa3,365,0.372,-0.389,2,0
20,0,24,6,A,aa4,365,0.776,0.188,0,0
20,0,24,6,A,aa5,365,-0.038,-0.453,0,0
20,0,24,6,N,nb0,370,0.651,-0.91,1,1
20,0,24,6,N,nb1,370,0.879,-0.772,2,1
20,0,24,6,N,nb2,370,0.281,-0.287,1,1
20,0,24,6,N,nb3,370,1.038,-0.829,4,1
20,0,24,6,N,nb4,370,-1.356,1.172,0,0
20,0,24,6,N,nb5,370,-0.28,1.698,3,1
20,0,24,6,N,nb6,370,0.542,-1.045,2,1
20,0,24,6,N,nb7,370,-0.422,1.79,2,1
20,0,24,6,N,nb8,370,1.031,-0.593,2,1
20,0,24,6,N,nb9,370,-0.931,1.351,0,0
20,0,24,6,N,nb10,370,0.034,0.788,0,0
20,0,24,6,N,nb11,370,1.012,-1.297,1,1
20,0,24,6,N,nb12,370,-1.688,0.828,1,1
20,0,24,6,N,nb13,370,-1.479,-0.177,1,1
20,0,24,6,N,nb14,370,-0.609,1.353,0,0
20,0,24,6,N,nb15,370,-0.084,1.735,3,1
20,0,24,6,N,nb16,370,0.364,-1.212,1,1
20,0,24,6,N,nb17,370,1.035,-0.168,2,1
20,0,24,6,N,nb18,370,0.15,1.685,1,1
20,0,24,6,N,nb19,370,-0.116,-0.349,1,1
20,0,24,6,N,nb20,370,0.051,-0.318,2,1
20,0,24,6,N,nb21,370,-1.331,-0.28,1,1
20,0,24,6,N,nb22,370,0.941,0.052,1,1
20,0,24,6,N,nb23,370,-1.668,0.615,2,1
20,0,24,6,N,nb24,370,1.058,-1.058,2,1
20,0,24,6,N,nb25,370,-0.241,1.864,3,1
20,0,24,6,N,nb26,370,1.178,0.89,0,0
20,0,24,6,N,nb27,370,0.874,-0.222,1,1
20,0,24,6,N,nb28,370,-1.865,0.606,1,1
20,0,24,6,N,nb29,370,1.224,-0.796,1,1
20,0,24,6,A,aa0,370,-1.865,1.606,0,0
20,0,24,6,A,aa1,370,-0.654,-0.881,0,0
20,0,24,6,A,aa2,370,-0.596,0.448,0,0
20,0,24,6,A,aa3,370,0.463,-0.363,3,1
20,0,24,6,A,aa4,370,0.852,0.241,1,0
20,0,24,6,A,aa5,370,-0.072,-0.544,3,1
20,0,24,6,N,nb0,375,0.696,-0.878,2,0
20,0,24,6,N,nb1,375,0.878,-0.781,3,0
20,0,24,6,N,nb2,375,0.28,-0.338,1,0
20,0,24,6,N,nb3,375,1.039,-0.829,4,1
20,0,24,6,N,nb4,375,-1.452,1.201,0,0
20,0,24,6,N,nb5,375,-0.28,1.698,3,1
20,0,24,6,N,nb6,375,0.542,-1.045,2,1
20,0,24,6,N,nb7,375,-0.422,1.79,2,1
20,0,24,6,N,nb8,375,1.005,-0.635,2,0
20,0,24,6,N,nb9,375,-0.967,1.445,0,0
20,0,24,6,N,nb10,375,-0.055,0.834,0,0
20,0,24,6,N,nb11,375,1.012,-1.297,1,1
20,0,24,6,N,nb12,375,-1.688,0.828,1,1
20,0,24,6,N,nb13,375,-1.479,-0.177,1,1
20,0,24,6,N,nb14,375,-0.614,1.453,0,0
20,0,24,6,N,nb15,375,-0.084,1.735,3,1
20,0,24,6,N,nb16,375,0.364,-1.212,1,1
20,0,24,6,N,nb17,375,1.035,-0.168,2,1
20,0,24,6,N,nb18,375,0.15,1.685,1,1
20,0,24,6,N,nb19,375,-0.114,-0.4,1,0
20,0,24,6,N,nb20,375,0.053,-0.368,2,0
20,0,24,6,N,nb21,375,-1.331,-0.28,1,1
20,0,24,6,N,nb22,375,0.972,0.06,1,0
20,0,24,6,N,nb23,375,-1.668,0.615,2,1
20,0,24,6,N,nb24,375,1.058,-1.058,2,1
20,0,24,6,N,nb25,375,-0.241,1.864,3,1
20,0,24,6,N,nb26,375,1.227,0.977,0,0
20,0,24,6,N,nb27,375,0.876,-0.228,1,0
20,0,24,6,N,nb28,375,-1.865,0.606,1,1
20,0,24,6,N,nb29,375,1.224,-0.796,1,1
20,0,24,6,A,aa0,375,-1.865,1.533,0,0
20,0,24,6,A,aa1,375,-0.561,-0.844,0,0
20,0,24,6,A,aa2,375,-0.522,0.379,0,0
20,0,24,6,A,aa3,375,0.557,-0.34,0,0
20,0,24,6,A,aa4,375,0.924,0.302,0,0
20,0,24,6,A,aa5,375,-0.103,-0.637,0,0
20,0,24,6,N,nb0,380,0.726,-0.864,1,0
20,0,24,6,N,nb1,380,0.878,-0.789,3,0
20,0,24,6,N,nb2,380,0.289,-0.429,1,0
20,0,24,6,N,nb3,380,1.043,-0.828,4,1
20,0,24,6,N,nb4,380,-1.548,1.231,0,0
20,0,24,6,N,nb5,380,-0.28,1.698,3,1
20,0,24,6,N,nb6,380,0.542,-1.045,1,1
20,0,24,6,N,nb7,380,-0.422,1.79,2,1
20,0,24,6,N,nb8,380,0.99,-0.663,2,0
20,0,24,6,N,nb9,380,-1.002,1.539,0,0
20,0,24,6,N,nb10,380,-0.144,0.88,0,0
20,0,24,6,N,nb11,380,1.012,-1.297,1,1
20,0,24,6,N,nb12,380,-1.688,0.828,1,1
20,0,24,6,N,nb13,380,-1.479,-0.177,1,1
20,0,24,6,N,nb14,380,-0.619,1.552,0,0
20,0,24,6,N,nb15,380,-0.084,1.735,3,1
20,0,24,6,N,nb16,380,0.364,-1.212,1,1
20,0,24,6,N,nb17,380,1.035,-0.168,1,1
20,0,24,6,N,nb18,380,0.15,1.685,1,1
20,0,24,6,N,nb19,380,-0.11,-0.491,1,0
20,0,24,6,N,nb20,380,0.056,-0.459,2,0
20,0,24,6,N,nb21,380,-1.331,-0.28,1,1
20,0,24,6,N,nb22,380,1.063,0.088,0,0
20,0,24,6,N,nb23,380,-1.668,0.615,2,1
20,0,24,6,N,nb24,380,1.058,-1.058,2,1
20,0,24,6,N,nb25,380,-0.241,1.864,3,1
20,0,24,6,N,nb26,380,1.276,1.065,0,0
20,0,24,6,N,nb27,380,0.894,-0.261,1,0
20,0,24,6,N,nb28,380,-1.865,0.606,1,1
20,0,24,6,N,nb29,380,1.224,-0.796,1,1
20,0,24,6,A,aa0,380,-1.865,1.531,0,0
20,0,24,6,A,aa1,380,-0.483,-0.813,0,0
20,0,24,6,A,aa2,380,-0.449,0.311,0,0
20,0,24,6,A,aa3,380,0.653,-0.32,0,0
20,0,24,6,A,aa4,380,0.992,0.37,0,0
20,0,24,6,A,aa5,380,-0.132,-0.731,0,0
20,0,24,6,N,nb0,385,0.728,-0.868,1,0
20,0,24,6,N,nb1,385,0.878,-0.789,3,0
20,0,24,6,N,nb2,385,0.295,-0.468,1,0
20,0,24,6,N,nb3,385,1.043,-0.828,4,1
20,0,24,6,N,nb4,385,-1.643,1.26,0,0
20,0,24,6,N,nb5,385,-0.28,1.698,3,1
20,0,24,6,N,nb6,385,0.542,-1.045,1,1
20,0,24,6,N,nb7,385,-0.422,1.79,3,1
20,0,24,6,N,nb8,385,0.989,-0.663,2,0
20,0,24,6,N,nb9,385,-1.037,1.632,0,0
20,0,24,6,N,nb10,385,-0.233,0.926,0,0
20,0,24,6,N,nb11,385,1.012,-1.297,1,1
20,0,24,6,N,nb12,385,-1.688,0.828,1,1
20,0,24,6,N,nb13,385,-1.479,-0.177,1,1
20,0,24,6,N,nb14,385,-0.625,1.648,1,1
20,0,24,6,N,nb15,385,-0.084,1.735,3,1
20,0,24,6,N,nb16,385,0.364,-1.212,1,1
20,0,24,6,N,nb17,385,1.042,-0.166,1,1
20,0,24,6,N,nb18,385,0.15,1.685,1,1
20,0,24,6,N,nb19,385,-0.109,-0.531,1,0
20,0,24,6,N,nb20,385,0.058,-0.498,2,0
20,0,24,6,N,nb21,385,-1.331,-0.28,1,1
20,0,24,6,N,nb22,385,1.154,0.124,0,0
20,0,24,6,N,nb23,385,-1.668,0.615,2,1
20,0,24,6,N,nb24,385,1.058,-1.058,2,1
20,0,24,6,N,nb25,385,-0.241,1.864,3,1
20,0,24,6,N,nb26,385,1.325,1.152,0,0
20,0,24,6,N,nb27,385,0.918,-0.281,1,0
20,0,24,6,N,nb28,385,-1.865,0.606,1,1
20,0,24,6,N,nb29,385,1.224,-0.796,1,1
20,0,24,6,A,aa0,385,-1.835,1.465,0,0
20,0,24,6,A,aa1,385,-0.444,-0.772,1,0
20,0,24,6,A,aa2,385,-0.376,0.243,0,0
20,0,24,6,A,aa3,385,0.737,-0.312,5,1
20,0,24,6,A,aa4,385,1.062,0.442,0,0
20,0,24,6,A,aa5,385,-0.159,-0.826,3,1
20,0,24,6,N,nb0,390,0.733,-0.859,1,0
20,0,24,6,N,nb1,390,0.882,-0.777,3,0
20,0,24,6,N,nb2,390,0.312,-0.537,1,0
20,0,24,6,N,nb3,390,1.043,-0.828,4,1
20,0,24,6,N,nb4,390,-1.73,1.283,0,0
20,0,24,6,N,nb5,390,-0.28,1.698,3,1
20,0,24,6,N,nb6,390,0.542,-1.045,1,1
20,0,24,6,N,nb7,390,-0.422,1.79,3,1
20,0,24,6,N,nb8,390,0.993,-0.651,2,0
20,0,24,6,N,nb9,390,-1.072,1.726,0,0
20,0,24,6,N,nb10,390,-0.322,0.971,0,0
20,0,24,6,N,nb11,390,1.012,-1.297,1,1
20,0,24,6,N,nb12,390,-1.688,0.828,1,1
20,0,24,6,N,nb13,390,-1.479,-0.177,1,1
20,0,24,6,N,nb14,390,-0.625,1.651,1,1
20,0,24,6,N,nb15,390,-0.084,1.735,3,1
20,0,24,6,N,nb16,390,0.364,-1.212,1,1
20,0,24,6,N,nb17,390,1.049,-0.164,1,1
20,0,24,6,N,nb18,390,0.15,1.685,1,1
20,0,24,6,N,nb19,390,-0.111,-0.603,1,0
20,0,24,6,N,nb20,390,0.068,-0.568,2,0
20,0,24,6,N,nb21,390,-1.331,-0.28,1,1
20,0,24,6,N,nb22,390,1.246,0.162,0,0
20,0,24,6,N,nb23,390,-1.668,0.615,2,1
20,0,24,6,N,nb24,390,1.058,-1.058,2,1
20,0,24,6,N,nb25,390,-0.241,1.864,3,1
20,0,24,6,N,nb26,390,1.374,1.239,0,0
20,0,24,6,N,nb27,390,0.98,-0.321,1,0
20,0,24,6,N,nb28,390,-1.865,0.606,1,1
20,0,24,6,N,nb29,390,1.224,-0.796,1,1
20,0,24,6,A,aa0,390,-1.816,1.429,0,0
20,0,24,6,A,aa1,390,-0.375,-0.7,0,0
20,0,24,6,A,aa2,390,-0.303,0.175,0,0
20,0,24,6,A,aa3,390,0.811,-0.325,1,0
20,0,24,6,A,aa4,390,1.132,0.514,0,0
20,0,24,6,A,aa5,390,-0.186,-0.923,0,0
20,0,24,6,N,nb0,395,0.745,-0.814,1,0
20,0,24,6,N,nb1,395,0.898,-0.74,3,0
20,0,24,6,N,nb2,395,0.342,-0.626,0,0
20,0,24,6,N,nb3,395,1.043,-0.828,4,1
20,0,24,6,N,nb4,395,-1.804,1.279,0,0
20,0,24,6,N,nb5,395,-0.28,1.698,3,1
20,0,24,6,N,nb6,395,0.542,-1.045,1,1
20,0,24,6,N,nb7,395,-0.422,1.79,3,1
20,0,24,6,N,nb8,395,1.011,-0.615,3,0
20,0,24,6,N,nb9,395,-1.106,1.814,0,0
20,0,24,6,N,nb10,395,-0.411,1.017,0,0
20,0,24,6,N,nb11,395,1.012,-1.297,1,1
20,0,24,6,N,nb12,395,-1.688,0.828,1,1
20,0,24,6,N,nb13,395,-1.479,-0.177,1,1
20,0,24,6,N,nb14,395,-0.625,1.651,1,1
20,0,24,6,N,nb15,395,-0.084,1.735,3,1
20,0,24,6,N,nb16,395,0.364,-1.212,1,1
20,0,24,6,N,nb17,395,1.049,-0.164,1,1
20,0,24,6,N,nb18,395,0.15,1.685,1,1
20,0,24,6,N,nb19,395,-0.122,-0.697,1,0
20,0,24,6,N,nb20,395,0.089,-0.658,1,0
20,0,24,6,N,nb21,395,-1.331,-0.28,1,1
20,0,24,6,N,nb22,395,1.339,0.2,0,0
20,0,24,6,N,nb23,395,-1.668,0.615,2,1
20,0,24,6,N,nb24,395,1.058,-1.058,2,1
20,0,24,6,N,nb25,395,-0.241,1.864,3,1
20,0,24,6,N,nb26,395,1.423,1.326,0,0
20,0,24,6,N,nb27,395,1.061,-0.377,2,0
20,0,24,6,N,nb28,395,-1.865,0.606,1,1
20,0,24,6,N,nb29,395,1.224,-0.796,1,1
20,0,24,6,A,aa0,395,-1.824,1.448,0,0
20,0,24,6,A,aa1,395,-0.314,-0.633,0,0
20,0,24,6,A,aa2,395,-0.229,0.107,0,0
20,0,24,6,A,aa3,395,0.892,-0.353,1,0
20,0,24,6,A,aa4,395,1.201,0.586,0,0
20,0,24,6,A,aa5,395,-0.213,-1.019,0,0
20,0,24,6,N,nb0,400,0.751,-0.797,1,0
20,0,24,6,N,nb1,400,0.906,-0.728,3,0
20,0,24,6,N,nb2,400,0.381,-0.712,0,0
20,0,24,6,N,nb3,400,1.043,-0.828,4,1
20,0,24,6,N,nb4,400,-1.865,1.277,0,0
20,0,24,6,N,nb5,400,-0.28,1.698,3,1
20,0,24,6,N,nb6,400,0.542,-1.045,1,1
20,0,24,6,N,nb7,400,-0.422,1.79,3,1
20,0,24,6,N,nb8,400,1.019,-0.603,3,0
20,0,24,6,N,nb9,400,-1.146,1.865,0,0
20,0,24,6,N,nb10,400,-0.5,1.063,0,0
20,0,24,6,N,nb11,400,1.012,-1.297,1,1
20,0,24,6,N,nb12,400,-1.688,0.828,1,1
20,0,24,6,N,nb13,400,-1.479,-0.177,1,1
20,0,24,6,N,nb14,400,-0.625,1.651,1,1
20,0,24,6,N,nb15,400,-0.084,1.735,3,1
20,0,24,6,N,nb16,400,0.364,-1.212,1,1
20,0,24,6,N,nb17,400,1.049,-0.164,0,0
20,0,24,6,N,nb18,400,0.15,1.685,1,0
20,0,24,6,N,nb19,400,-0.125,-0.719,1,1
20,0,24,6,N,nb20,400,0.095,-0.679,1,1
20,0,24,6,N,nb21,400,-1.331,-0.28,1,1
20,0,24,6,N,nb22,400,1.431,0.238,0,0
20,0,24,6,N,nb23,400,-1.668,0.615,2,1
20,0,24,6,N,nb24,400,1.058,-1.058,2,1
20,0,24,6,N,nb25,400,-0.241,1.864,3,1
20,0,24,6,N,nb26,400,1.472,1.413,0,0
20,0,24,6,N,nb27,400,1.106,-0.409,1,0
20,0,24,6,N,nb28,400,-1.865,0.606,1,1
20,0,24,6,N,nb29,400,1.224,-0.796,1,0
20,0,24,6,A,aa0,400,-1.731,1.449,0,0
20,0,24,6,A,aa1,400,-0.263,-0.556,2,0
20,0,24,6,A,aa2,400,-0.156,0.039,0,0
20,0,24,6,A,aa3,400,0.94,-0.378,5,1
20,0,24,6,A,aa4,400,1.259,0.645,0,0
20,0,24,6,A,aa5,400,-0.231,-1.08,2,0
20,0,24,6,N,nb0,405,0.769,-0.715,1,0
20,0,24,6,N,nb1,405,0.938,-0.699,3,0
20,0,24,6,N,nb2,405,0.425,-0.802,0,0
20,0,24,6,N,nb3,405,1.047,-0.83,3,1
20,0,24,6,N,nb4,405,-1.865,1.264,0,0
20,0,24,6,N,nb5,405,-0.28,1.698,3,1
20,0,24,6,N,nb6,405,0.542,-1.045,1,1
20,0,24,6,N,nb7,405,-0.422,1.79,3,1
20,0,24,6,N,nb8,405,1.044,-0.567,2,0
20,0,24,6,N,nb9,405,-1.197,1.865,0,0
20,0,24,6,N,nb10,405,-0.588,1.109,0,0
20,0,24,6,N,nb11,405,1.012,-1.297,1,1
20,0,24,6,N,nb12,405,-1.688,0.828,1,1
20,0,24,6,N,nb13,405,-1.479,-0.177,1,1
20,0,24,6,N,nb14,405,-0.625,1.651,1,1
20,0,24,6,N,nb15,405,-0.084,1.735,3,1
20,0,24,6,N,nb16,405,0.364,-1.212,1,1
20,0,24,6,N,nb17,405,1.128,-0.202,0,0
20,0,24,6,N,nb18,405,0.15,1.685,1,1
20,0,24,6,N,nb19,405,-0.125,-0.719,1,1
20,0,24,6,N,nb20,405,0.095,-0.679,1,1
20,0,24,6,N,nb21,405,-1.331,-0.28,1,1
20,0,24,6,N,nb22,405,1.524,0.276,0,0
20,0,24,6,N,nb23,405,-1.668,0.615,2,1
20,0,24,6,N,nb24,405,1.058,-1.058,2,1
20,0,24,6,N,nb25,405,-0.241,1.864,3,1
20,0,24,6,N,nb26,405,1.521,1.5,0,0
20,0,24,6,N,nb27,405,1.185,-0.461,1,0
20,0,24,6,N,nb28,405,-1.865,0.606,1,1
20,0,24,6,N,nb29,405,1.224,-0.796,1,1
20,0,24,6,A,aa0,405,-1.634,1.455,0,0
20,0,24,6,A,aa1,405,-0.219,-0.472,2,0
20,0,24,6,A,aa2,405,-0.083,-0.029,0,0
20,0,24,6,A,aa3,405,0.992,-0.406,0,0
20,0,24,6,A,aa4,405,1.259,0.645,0,0
20,0,24,6,A,aa5,405,-0.222,-1.094,3,1
20,0,24,6,N,nb0,410,0.779,-0.623,1,1
20,0,24,6,N,nb1,410,0.947,-0.692,3,1
20,0,24,6,N,nb2,410,0.436,-0.823,1,1
20,0,24,6,N,nb3,410,1.047,-0.83,3,1
20,0,24,6,N,nb4,410,-1.865,1.234,0,0
20,0,24,6,N,nb5,410,-0.28,1.698,3,1
20,0,24,6,N,nb6,410,0.542,-1.045,2,1
20,0,24,6,N,nb7,410,-0.422,1.79,3,1
20,0,24,6,N,nb8,410,1.056,-0.564,2,1
20,0,24,6,N,nb9,410,-1.26,1.865,0,0
20,0,24,6,N,nb10,410,-0.677,1.155,0,0
20,0,24,6,N,nb11,410,1.012,-1.297,1,1
20,0,24,6,N,nb12,410,-1.688,0.828,1,1
20,0,24,6,N,nb13,410,-1.479,-0.177,1,1
20,0,24,6,N,nb14,410,-0.625,1.651,1,1
20,0,24,6,N,nb15,410,-0.084,1.735,3,1
20,0,24,6,N,nb16,410,0.409,-1.192,1,0
20,0,24,6,N,nb17,410,1.217,-0.233,0,0
20,0,24,6,N,nb18,410,0.15,1.685,1,1
20,0,24,6,N,nb19,410,-0.133,-0.772,1,0
20,0,24,6,N,nb20,410,0.113,-0.729,1,0
20,0,24,6,N,nb21,410,-1.331,-0.28,1,1
20,0,24,6,N,nb22,410,1.617,0.314,0,0
20,0,24,6,N,nb23,410,-1.668,0.615,2,1
20,0,24,6,N,nb24,410,1.058,-1.058,2,1
20,0,24,6,N,nb25,410,-0.241,1.864,3,1
20,0,24,6,N,nb26,410,1.57,1.588,0,0
20,0,24,6,N,nb27,410,1.268,-0.509,1,1
20,0,24,6,N,nb28,410,-1.865,0.606,1,1
20,0,24,6,N,nb29,410,1.224,-0.796,1,1
20,0,24,6,A,aa0,410,-1.535,1.463,0,0
20,0,24,6,A,aa1,410,-0.177,-0.382,0,0
20,0,24,6,A,aa2,410,-0.01,-0.097,0,0
20,0,24,6,A,aa3,410,0.995,-0.406,0,0
20,0,24,6,A,aa4,410,1.251,0.742,0,0
20,0,24,6,A,aa5,410,-0.167,-1.177,0,0
20,0,24,6,N,nb0,415,0.779,-0.605,1,0
20,0,24,6,N,nb1,415,0.946,-0.693,3,0
20,0,24,6,N,nb2,415,0.436,-0.823,1,1
20,0,24,6,N,nb3,415,1.047,-0.83,3,1
20,0,24,6,N,nb4,415,-1.865,1.189,0,0
20,0,24,6,N,nb5,415,-0.28,1.698,3,1
20,0,24,6,N,nb6,415,0.562,-1.034,2,1
20,0,24,6,N,nb7,415,-0.422,1.79,3,1
20,0,24,6,N,nb8,415,1.062,-0.571,2,0
20,0,24,6,N,nb9,415,-1.332,1.865,0,0
20,0,24,6,N,nb10,415,-0.766,1.201,0,0
20,0,24,6,N,nb11,415,1.012,-1.297,1,0
20,0,24,6,N,nb12,415,-1.688,0.828,1,1
20,0,24,6,N,nb13,415,-1.479,-0.177,1,1
20,0,24,6,N,nb14,415,-0.625,1.651,1,0
20,0,24,6,N,nb15,415,-0.084,1.735,3,1
20,0,24,6,N,nb16,415,0.473,-1.179,1,0
20,0,24,6,N,nb17,415,1.308,-0.259,0,0
20,0,24,6,N,nb18,415,0.15,1.685,1,1
20,0,24,6,N,nb19,415,-0.154,-0.867,0,0
20,0,24,6,N,nb20,415,0.151,-0.818,0,0
20,0,24,6,N,nb21,415,-1.331,-0.28,1,1
20,0,24,6,N,nb22,415,1.709,0.352,0,0
20,0,24,6,N,nb23,415,-1.668,0.615,2,1
20,0,24,6,N,nb24,415,1.058,-1.058,2,1
20,0,24,6,N,nb25,415,-0.241,1.864,3,1
20,0,24,6,N,nb26,415,1.619,1.675,0,0
20,0,24,6,N,nb27,415,1.285,-0.518,1,0
20,0,24,6,N,nb28,415,-1.865,0.606,1,1
20,0,24,6,N,nb29,415,1.224,-0.796,1,1
20,0,24,6,A,aa0,415,-1.435,1.472,0,0
20,0,24,6,A,aa1,415,-0.138,-0.296,0,0
20,0,24,6,A,aa2,415,0.062,-0.163,0,0
20,0,24,6,A,aa3,415,1.019,-0.408,0,0
20,0,24,6,A,aa4,415,1.242,0.841,0,0
20,0,24,6,A,aa5,415,-0.112,-1.261,0,0
20,0,24,6,N,nb0,420,0.778,-0.509,1,0
20,0,24,6,N,nb1,420,0.935,-0.702,3,0
20,0,24,6,N,nb2,420,0.436,-0.823,1,1
20,0,24,6,N,nb3,420,1.047,-0.83,4,1
20,0,24,6,N,nb4,420,-1.865,1.131,0,0
20,0,24,6,N,nb5,420,-0.28,1.698,3,1
20,0,24,6,N,nb6,420,0.573,-1.027,2,1
20,0,24,6,N,nb7,420,-0.422,1.79,3,1
20,0,24,6,N,nb8,420,1.06,-0.59,2,0
20,0,24,6,N,nb9,420,-1.412,1.865,0,0
20,0,24,6,N,nb10,420,-0.855,1.247,0,0
20,0,24,6,N,nb11,420,1.012,-1.297,1,1
20,0,24,6,N,nb12,420,-1.688,0.828,1,1
20,0,24,6,N,nb13,420,-1.479,-0.177,1,1
20,0,24,6,N,nb14,420,-0.625,1.651,1,1
20,0,24,6,N,nb15,420,-0.084,1.735,3,1
20,0,24,6,N,nb16,420,0.5,-1.18,1,1
20,0,24,6,N,nb17,420,1.403,-0.277,0,0
20,0,24,6,N,nb18,420,0.15,1.685,1,1
20,0,24,6,N,nb19,420,-0.176,-0.965,0,0
20,0,24,6,N,nb20,420,0.19,-0.906,0,0
20,0,24,6,N,nb21,420,-1.331,-0.28,1,1
20,0,24,6,N,nb22,420,1.799,0.389,0,0
20,0,24,6,N,nb23,420,-1.668,0.615,2,1
20,0,24,6,N,nb24,420,1.058,-1.058,2,1
20,0,24,6,N,nb25,420,-0.241,1.864,3,1
20,0,24,6,N,nb26,420,1.668,1.762,0,0
20,0,24,6,N,nb27,420,1.373,-0.563,0,0
20,0,24,6,N,nb28,420,-1.865,0.606,1,1
20,0,24,6,N,nb29,420,1.224,-0.796,1,1
20,0,24,6,A,aa0,420,-1.335,1.48,0,0
20,0,24,6,A,aa1,420,-0.112,-0.211,0,0
20,0,24,6,A,aa2,420,0.136,-0.223,0,0
20,0,24,6,A,aa3,420,1.085,-0.422,0,0
20,0,24,6,A,aa4,420,1.234,0.941,0,0
20,0,24,6,A,aa5,420,-0.057,-1.344,1,0
20,0,24,6,N,nb0,425,0.773,-0.411,0,0
20,0,24,6,N,nb1,425,0.926,-0.711,2,1
20,0,24,6,N,nb2,425,0.436,-0.823,1,1
20,0,24,6,N,nb3,425,1.047,-0.83,4,1
20,0,24,6,N,nb4,425,-1.865,1.061,0,0
20,0,24,6,N,nb5,425,-0.28,1.698,3,1
20,0,24,6,N,nb6,425,0.573,-1.027,2,1
20,0,24,6,N,nb7,425,-0.422,1.79,3,1
20,0,24,6,N,nb8,425,1.04,-0.587,2,1
20,0,24,6,N,nb9,425,-1.498,1.865,0,0
20,0,24,6,N,nb10,425,-0.944,1.293,0,0
20,0,24,6,N,nb11,425,1.012,-1.297,1,1
20,0,24,6,N,nb12,425,-1.688,0.828,1,1
20,0,24,6,N,nb13,425,-1.479,-0.177,1,1
20,0,24,6,N,nb14,425,-0.625,1.651,1,1
20,0,24,6,N,nb15,425,-0.084,1.735,3,1
20,0,24,6,N,nb16,425,0.5,-1.18,1,1
20,0,24,6,N,nb17,425,1.502,-0.294,0,0
20,0,24,6,N,nb18,425,0.15,1.685,1,1
20,0,24,6,N,nb19,425,-0.198,-1.062,0,0
20,0,24,6,N,nb20,425,0.22,-0.995,0,0
20,0,24,6,N,nb21,425,-1.331,-0.28,1,1
20,0,24,6,N,nb22,425,1.865,0.429,0,0
20,0,24,6,N,nb23,425,-1.668,0.615,2,1
20,0,24,6,N,nb24,425,1.058,-1.058,2,1
20,0,24,6,N,nb25,425,-0.241,1.864,3,1
20,0,24,6,N,nb26,425,1.715,1.838,0,0
20,0,24,6,N,nb27,425,1.462,-0.607,0,0
20,0,24,6,N,nb28,425,-1.865,0.606,1,1
20,0,24,6,N,nb29,425,1.224,-0.796,1,1
20,0,24,6,A,aa0,425,-1.236,1.488,0,0
20,0,24,6,A,aa1,425,-0.097,-0.116,0,0
20,0,24,6,A,aa2,425,0.216,-0.281,1,0
20,0,24,6,A,aa3,425,1.174,-0.448,1,0
20,0,24,6,A,aa4,425,1.225,1.041,0,0
20,0,24,6,A,aa5,425,-0.002,-1.428,1,0
20,0,24,6,N,nb0,430,0.766,-0.311,0,0
20,0,24,6,N,nb1,430,0.925,-0.711,2,1
20,0,24,6,N,nb2,430,0.436,-0.823,1,1
20,0,24,6,N,nb3,430,1.044,-0.863,3,0
20,0,24,6,N,nb4,430,-1.865,0.998,1,1
20,0,24,6,N,nb5,430,-0.28,1.698,3,1
20,0,24,6,N,nb6,430,0.573,-1.027,2,1
20,0,24,6,N,nb7,430,-0.422,1.79,3,1
20,0,24,6,N,nb8,430,1.044,-0.592,1,0
20,0,24,6,N,nb9,430,-1.588,1.865,0,0
20,0,24,6,N,nb10,430,-1.028,1.335,0,0
20,0,24,6,N,nb11,430,1.012,-1.297,1,1
20,0,24,6,N,nb12,430,-1.688,0.828,2,1
20,0,24,6,N,nb13,430,-1.479,-0.177,1,1
20,0,24,6,N,nb14,430,-0.625,1.651,1,1
20,0,24,6,N,nb15,430,-0.084,1.735,3,1
20,0,24,6,N,nb16,430,0.5,-1.18,1,1
20,0,24,6,N,nb17,430,1.6,-0.31,0,0
20,0,24,6,N,nb18,430,0.15,1.685,1,1
20,0,24,6,N,nb19,430,-0.22,-1.16,0,0
20,0,24,6,N,nb20,430,0.248,-1.091,0,0
20,0,24,6,N,nb21,430,-1.331,-0.28,1,1
20,0,24,6,N,nb22,430,1.865,0.479,0,0
20,0,24,6,N,nb23,430,-1.668,0.615,2,1
20,0,24,6,N,nb24,430,1.058,-1.058,2,1
20,0,24,6,N,nb25,430,-0.241,1.864,3,1
20,0,24,6,N,nb26,430,1.77,1.866,0,0
20,0,24,6,N,nb27,430,1.552,-0.652,0,0
20,0,24,6,N,nb28,430,-1.865,0.606,1,1
20,0,24,6,N,nb29,430,1.205,-0.809,1,0
20,0,24,6,A,aa0,430,-1.14,1.497,1,0
20,0,24,6,A,aa1,430,-0.082,-0.017,0,0
20,0,24,6,A,aa2,430,0.297,-0.339,1,0
20,0,24,6,A,aa3,430,1.267,-0.467,0,0
20,0,24,6,A,aa4,430,1.219,1.104,0,0
20,0,24,6,A,aa5,430,0.054,-1.511,1,0
20,0,24,6,N,nb0,435,0.76,-0.211,0,0
20,0,24,6,N,nb1,435,0.923,-0.712,2,1
20,0,24,6,N,nb2,435,0.436,-0.823,1,1
20,0,24,6,N,nb3,435,1.014,-0.919,3,0
20,0,24,6,N,nb4,435,-1.865,0.998,1,1
20,0,24,6,N,nb5,435,-0.28,1.698,3,1
20,0,24,6,N,nb6,435,0.573,-1.027,2,1
20,0,24,6,N,nb7,435,-0.422,1.79,3,1
20,0,24,6,N,nb8,435,1.054,-0.606,1,0
20,0,24,6,N,nb9,435,-1.68,1.865,0,0
20,0,24,6,N,nb10,435,-1.104,1.355,0,0
20,0,24,6,N,nb11,435,1.012,-1.297,1,1
20,0,24,6,N,nb12,435,-1.688,0.828,2,1
20,0,24,6,N,nb13,435,-1.479,-0.177,1,1
20,0,24,6,N,nb14,435,-0.625,1.651,1,1
20,0,24,6,N,nb15,435,-0.084,1.735,3,1
20,0,24,6,N,nb16,435,0.5,-1.18,2,1
20,0,24,6,N,nb17,435,1.699,-0.327,0,0
20,0,24,6,N,nb18,435,0.15,1.685,1,1
20,0,24,6,N,nb19,435,-0.242,-1.258,0,0
20,0,24,6,N,nb20,435,0.258,-1.128,1,1
20,0,24,6,N,nb21,435,-1.331,-0.28,1,1
20,0,24,6,N,nb22,435,1.865,0.541,0,0
20,0,24,6,N,nb23,435,-1.668,0.615,2,1
20,0,24,6,N,nb24,435,1.05,-1.084,2,1
20,0,24,6,N,nb25,435,-0.241,1.864,3,1
20,0,24,6,N,nb26,435,1.835,1.866,0,0
20,0,24,6,N,nb27,435,1.642,-0.696,0,0
20,0,24,6,N,nb28,435,-1.865,0.606,1,1
20,0,24,6,N,nb29,435,1.168,-0.846,1,0
20,0,24,6,A,aa0,435,-1.059,1.524,1,0
20,0,24,6,A,aa1,435,-0.067,0.082,0,0
20,0,24,6,A,aa2,435,0.378,-0.397,1,0
20,0,24,6,A,aa3,435,1.366,-0.482,0,0
20,0,24,6,A,aa4,435,1.193,1.129,0,0
20,0,24,6,A,aa5,435,0.109,-1.595,2,0
20,0,24,6,N,nb0,440,0.754,-0.111,0,0
20,0,24,6,N,nb1,440,0.922,-0.712,2,0
20,0,24,6,N,nb2,440,0.436,-0.823,1,0
20,0,24,6,N,nb3,440,0.988,-0.952,3,1
20,0,24,6,N,nb4,440,-1.865,0.998,1,1
20,0,24,6,N,nb5,440,-0.28,1.698,3,0
20,0,24,6,N,nb6,440,0.573,-1.027,2,0
20,0,24,6,N,nb7,440,-0.422,1.79,3,0
20,0,24,6,N,nb8,440,1.06,-0.615,1,1
20,0,24,6,N,nb9,440,-1.772,1.856,0,0
20,0,24,6,N,nb10,440,-1.195,1.374,0,0
20,0,24,6,N,nb11,440,1.012,-1.297,1,1
20,0,24,6,N,nb12,440,-1.688,0.828,2,1
20,0,24,6,N,nb13,440,-1.479,-0.177,1,1
20,0,24,6,N,nb14,440,-0.625,1.651,1,1
20,0,24,6,N,nb15,440,-0.084,1.735,3,1
20,0,24,6,N,nb16,440,0.5,-1.18,2,1
20,0,24,6,N,nb17,440,1.795,-0.343,0,0
20,0,24,6,N,nb18,440,0.15,1.685,1,1
20,0,24,6,N,nb19,440,-0.264,-1.355,0,0
20,0,24,6,N,nb20,440,0.258,-1.128,1,1
20,0,24,6,N,nb21,440,-1.331,-0.28,1,1
20,0,24,6,N,nb22,440,1.865,0.614,0,0
20,0,24,6,N,nb23,440,-1.668,0.615,2,1
20,0,24,6,N,nb24,440,1.045,-1.111,2,1
20,0,24,6,N,nb25,440,-0.241,1.864,3,0
20,0,24,6,N,nb26,440,1.866,1.866,0,0
20,0,24,6,N,nb27,440,1.731,-0.741,0,0
20,0,24,6,N,nb28,440,-1.865,0.606,1,1
20,0,24,6,N,nb29,440,1.139,-0.875,1,1
20,0,24,6,A,aa0,440,-0.966,1.551,1,0
20,0,24,6,A,aa1,440,-0.052,0.181,0,0
20,0,24,6,A,aa2,440,0.46,-0.456,3,1
20,0,24,6,A,aa3,440,1.464,-0.497,2,0
20,0,24,6,A,aa4,440,1.121,1.199,0,0
20,0,24,6,A,aa5,440,0.164,-1.678,1,0
20,0,24,6,N,nb0,445,0.747,-0.011,0,0
20,0,24,6,N,nb1,445,0.919,-0.706,1,0
20,0,24,6,N,nb2,445,0.461,-0.884,1,0
20,0,24,6,N,nb3,445,0.988,-0.952,2,1
20,0,24,6,N,nb4,445,-1.865,0.998,1,1
20,0,24,6,N,nb5,445,-0.28,1.698,3,1
20,0,24,6,N,nb6,445,0.618,-1.065,2,0
20,0,24,6,N,nb7,445,-0.422,1.79,3,1
20,0,24,6,N,nb8,445,1.054,-0.606,1,0
20,0,24,6,N,nb9,445,-1.862,1.838,0,0
20,0,24,6,N,nb10,445,-1.294,1.389,0,0
20,0,24,6,N,nb11,445,1.012,-1.297,1,1
20,0,24,6,N,nb12,445,-1.688,0.828,2,1
20,0,24,6,N,nb13,445,-1.479,-0.177,1,1
20,0,24,6,N,nb14,445,-0.625,1.651,1,1
20,0,24,6,N,nb15,445,-0.084,1.735,3,1
20,0,24,6,N,nb16,445,0.499,-1.186,2,1
20,0,24,6,N,nb17,445,1.866,-0.367,0,0
20,0,24,6,N,nb18,445,0.15,1.685,1,1
20,0,24,6,N,nb19,445,-0.286,-1.453,0,0
20,0,24,6,N,nb20,445,0.258,-1.128,1,1
20,0,24,6,N,nb21,445,-1.331,-0.28,1,1
20,0,24,6,N,nb22,445,1.865,0.693,0,0
20,0,24,6,N,nb23,445,-1.668,0.615,2,1
20,0,24,6,N,nb24,445,1.045,-1.111,2,1
20,0,24,6,N,nb25,445,-0.241,1.864,3,1
20,0,24,6,N,nb26,445,1.866,1.866,0,0
20,0,24,6,N,nb27,445,1.813,-0.783,0,0
20,0,24,6,N,nb28,445,-1.865,0.606,1,1
20,0,24,6,N,nb29,445,1.139,-0.875,1,1
20,0,24,6,A,aa0,445,-0.871,1.582,1,0
20,0,24,6,A,aa1,445,-0.038,0.28,0,0
20,0,24,6,A,aa2,445,0.541,-0.514,0,0
20,0,24,6,A,aa3,445,1.563,-0.512,1,0
20,0,24,6,A,aa4,445,1.05,1.268,0,0
20,0,24,6,A,aa5,445,0.219,-1.762,0,0
20,0,24,6,N,nb0,450,0.741,0.088,0,0
20,0,24,6,N,nb1,450,0.895,-0.673,1,0
20,0,24,6,N,nb2,450,0.48,-0.968,1,0
20,0,24,6,N,nb3,450,0.988,-0.952,2,1
20,0,24,6,N,nb4,450,-1.865,0.998,1,1
20,0,24,6,N,nb5,450,-0.28,1.698,3,1
20,0,24,6,N,nb6,450,0.684,-1.13,1,0
20,0,24,6,N,nb7,450,-0.422,1.79,3,1
20,0,24,6,N,nb8,450,1.031,-0.573,1,0
20,0,24,6,N,nb9,450,-1.865,1.815,0,0
20,0,24,6,N,nb10,450,-1.393,1.405,0,0
20,0,24,6,N,nb11,450,1.012,-1.297,1,1
20,0,24,6,N,nb12,450,-1.688,0.828,2,1
20,0,24,6,N,nb13,450,-1.479,-0.177,1,1
20,0,24,6,N,nb14,450,-0.625,1.651,1,1
20,0,24,6,N,nb15,450,-0.084,1.735,3,1
20,0,24,6,N,nb16,450,0.499,-1.186,3,1
20,0,24,6,N,nb17,450,1.866,-0.401,0,0
20,0,24,6,N,nb18,450,0.15,1.685,1,1
20,0,24,6,N,nb19,450,-0.308,-1.55,0,0
20,0,24,6,N,nb20,450,0.258,-1.128,1,1
20,0,24,6,N,nb21,450,-1.331,-0.28,1,1
20,0,24,6,N,nb22,450,1.865,0.779,0,0
20,0,24,6,N,nb23,450,-1.668,0.615,2,1
20,0,24,6,N,nb24,450,1.045,-1.111,2,1
20,0,24,6,N,nb25,450,-0.241,1.864,3,1
20,0,24,6,N,nb26,450,1.866,1.866,0,0
20,0,24,6,N,nb27,450,1.866,-0.834,0,0
20,0,24,6,N,nb28,450,-1.865,0.606,1,1
20,0,24,6,N,nb29,450,1.139,-0.875,1,1
20,0,24,6,A,aa0,450,-0.793,1.615,1,0
20,0,24,6,A,aa1,450,-0.023,0.379,0,0
20,0,24,6,A,aa2,450,0.622,-0.572,1,0
20,0,24,6,A,aa3,450,1.66,-0.527,0,0
20,0,24,6,A,aa4,450,0.978,1.338,0,0
20,0,24,6,A,aa5,450,0.271,-1.835,0,0
20,0,24,6,N,nb0,455,0.734,0.188,0,0
20,0,24,6,N,nb1,455,0.88,-0.665,1,0
20,0,24,6,N,nb2,455,0.482,-0.987,1,0
20,0,24,6,N,nb3,455,0.988,-0.952,2,0
20,0,24,6,N,nb4,455,-1.865,0.998,1,1
20,0,24,6,N,nb5,455,-0.28,1.698,3,1
20,0,24,6,N,nb6,455,0.701,-1.145,1,0
20,0,24,6,N,nb7,455,-0.422,1.79,3,1
20,0,24,6,N,nb8,455,1.011,-0.559,1,1
20,0,24,6,N,nb9,455,-1.865,1.777,0,0
20,0,24,6,N,nb10,455,-1.492,1.42,0,0
20,0,24,6,N,nb11,455,1.012,-1.297,1,1
20,0,24,6,N,nb12,455,-1.688,0.828,2,1
20,0,24,6,N,nb13,455,-1.479,-0.177,1,1
20,0,24,6,N,nb14,455,-0.592,1.678,1,1
20,0,24,6,N,nb15,455,-0.084,1.735,3,1
20,0,24,6,N,nb16,455,0.499,-1.186,3,1
20,0,24,6,N,nb17,455,1.866,-0.447,0,0
20,0,24,6,N,nb18,455,0.15,1.685,1,1
20,0,24,6,N,nb19,455,-0.33,-1.648,0,0
20,0,24,6,N,nb20,455,0.258,-1.128,1,1
20,0,24,6,N,nb21,455,-1.331,-0.28,1,1
20,0,24,6,N,nb22,455,1.865,0.868,0,0
20,0,24,6,N,nb23,455,-1.668,0.615,2,1
20,0,24,6,N,nb24,455,1.045,-1.111,2,1
20,0,24,6,N,nb25,455,-0.241,1.864,3,1
20,0,24,6,N,nb26,455,1.866,1.865,0,0
20,0,24,6,N,nb27,455,1.866,-0.894,0,0
20,0,24,6,N,nb28,455,-1.865,0.606,1,1
20,0,24,6,N,nb29,455,1.139,-0.875,1,1
20,0,24,6,A,aa0,455,-0.755,1.636,1,0
20,0,24,6,A,aa1,455,-0.008,0.478,0,0
20,0,24,6,A,aa2,455,0.692,-0.627,4,1
20,0,24,6,A,aa3,455,1.733,-0.551,0,0
20,0,24,6,A,aa4,455,0.906,1.408,0,0
20,0,24,6,A,aa5,455,0.331,-1.865,0,0
20,0,24,6,N,nb0,460,0.728,0.288,0,0
20,0,24,6,N,nb1,460,0.896,-0.635,1,0
20,0,24,6,N,nb2,460,0.48,-1.044,2,0
20,0,24,6,N,nb3,460,0.988,-0.953,2,0
20,0,24,6,N,nb4,460,-1.865,0.998,1,1
20,0,24,6,N,nb5,460,-0.28,1.698,3,1
20,0,24,6,N,nb6,460,0.773,-1.204,0,0
20,0,24,6,N,nb7,460,-0.422,1.79,3,1
20,0,24,6,N,nb8,460,1.036,-0.54,1,1
20,0,24,6,N,nb9,460,-1.865,1.725,0,0
20,0,24,6,N,nb10,460,-1.591,1.435,0,0
20,0,24,6,N,nb11,460,1.012,-1.297,1,1
20,0,24,6,N,nb12,460,-1.688,0.828,2,1
20,0,24,6,N,nb13,460,-1.479,-0.177,1,1
20,0,24,6,N,nb14,460,-0.566,1.7,1,1
20,0,24,6,N,nb15,460,-0.084,1.735,3,1
20,0,24,6,N,nb16,460,0.506,-1.211,1,1
20,0,24,6,N,nb17,460,1.866,-0.481,0,0
20,0,24,6,N,nb18,460,0.15,1.685,1,1
20,0,24,6,N,nb19,460,-0.352,-1.745,0,0
20,0,24,6,N,nb20,460,0.258,-1.128,1,1
20,0,24,6,N,nb21,460,-1.331,-0.28,1,1
20,0,24,6,N,nb22,460,1.865,0.96,0,0
20,0,24,6,N,nb23,460,-1.668,0.615,2,1
20,0,24,6,N,nb24,460,1.045,-1.112,2,1
20,0,24,6,N,nb25,460,-0.241,1.864,3,1
20,0,24,6,N,nb26,460,1.866,1.853,0,0
20,0,24,6,N,nb27,460,1.866,-0.964,0,0
20,0,24,6,N,nb28,460,-1.865,0.606,1,1
20,0,24,6,N,nb29,460,1.139,-0.875,1,1
20,0,24,6,A,aa0,460,-0.731,1.667,1,0
20,0,24,6,A,aa1,460,0.007,0.577,0,0
20,0,24,6,A,aa2,460,0.733,-0.683,2,0
20,0,24,6,A,aa3,460,1.751,-0.604,0,0
20,0,24,6,A,aa4,460,0.834,1.477,0,0
20,0,24,6,A,aa5,460,0.4,-1.865,0,0
20,0,24,6,N,nb0,465,0.722,0.388,0,0
20,0,24,6,N,nb1,465,0.92,-0.574,1,1
20,0,24,6,N,nb2,465,0.481,-1.085,2,1
20,0,24,6,N,nb3,465,0.977,-0.958,2,1
20,0,24,6,N,nb4,465,-1.865,0.998,1,1
20,0,24,6,N,nb5,465,-0.28,1.698,3,1
20,0,24,6,N,nb6,465,0.841,-1.257,1,1
20,0,24,6,N,nb7,465,-0.422,1.79,3,1
20,0,24,6,N,nb8,465,1.066,-0.49,1,1
20,0,24,6,N,nb9,465,-1.865,1.662,0,0
20,0,24,6,N,nb10,465,-1.69,1.45,0,0
20,0,24,6,N,nb11,465,1.012,-1.297,2,1
20,0,24,6,N,nb12,465,-1.688,0.828,2,1
20,0,24,6,N,nb13,465,-1.479,-0.177,1,1
20,0,24,6,N,nb14,465,-0.566,1.7,1,1
20,0,24,6,N,nb15,465,-0.084,1.735,3,1
20,0,24,6,N,nb16,465,0.525,-1.248,1,1
20,0,24,6,N,nb17,465,1.866,-0.519,0,0
20,0,24,6,N,nb18,465,0.15,1.685,1,1
20,0,24,6,N,nb19,465,-0.374,-1.834,0,0
20,0,24,6,N,nb20,465,0.258,-1.128,1,1
20,0,24,6,N,nb21,465,-1.331,-0.28,1,1
20,0,24,6,N,nb22,465,1.857,1.052,0,0
20,0,24,6,N,nb23,465,-1.668,0.615,2,1
20,0,24,6,N,nb24,465,1.045,-1.113,2,1
20,0,24,6,N,nb25,465,-0.241,1.864,3,1
20,0,24,6,N,nb26,465,1.866,1.828,0,0
20,0,24,6,N,nb27,465,1.866,-1.042,0,0
20,0,24,6,N,nb28,465,-1.865,0.606,1,1
20,0,24,6,N,nb29,465,1.139,-0.875,1,1
20,0,24,6,A,aa0,465,-0.735,1.706,1,0
20,0,24,6,A,aa1,465,0.022,0.675,0,0
20,0,24,6,A,aa2,465,0.784,-0.76,3,1
20,0,24,6,A,aa3,465,1.791,-0.67,0,0
20,0,24,6,A,aa4,465,0.762,1.547,0,0
20,0,24,6,A,aa5,465,0.477,-1.865,0,0
20,0,24,6,N,nb0,470,0.715,0.488,0,0
20,0,24,6,N,nb1,470,0.913,-0.558,1,0
20,0,24,6,N,nb2,470,0.504,-1.105,2,0
20,0,24,6,N,nb3,470,0.951,-0.976,2,0
20,0,24,6,N,nb4,470,-1.865,0.998,1,1
20,0,24,6,N,nb5,470,-0.28,1.698,3,1
20,0,24,6,N,nb6,470,0.878,-1.294,2,0
20,0,24,6,N,nb7,470,-0.422,1.79,3,1
20,0,24,6,N,nb8,470,1.067,-0.488,1,1
20,0,24,6,N,nb9,470,-1.865,1.646,1,1
20,0,24,6,N,nb10,470,-1.713,1.454,1,1
20,0,24,6,N,nb11,470,1.055,-1.286,2,0
20,0,24,6,N,nb12,470,-1.688,0.828,2,1
20,0,24,6,N,nb13,470,-1.479,-0.177,1,1
20,0,24,6,N,nb14,470,-0.566,1.7,1,1
20,0,24,6,N,nb15,470,-0.084,1.735,3,0
20,0,24,6,N,nb16,470,0.575,-1.258,1,0
20,0,24,6,N,nb17,470,1.866,-0.561,0,0
20,0,24,6,N,nb18,470,0.15,1.685,1,1
20,0,24,6,N,nb19,470,-0.405,-1.866,0,0
20,0,24,6,N,nb20,470,0.258,-1.128,1,1
20,0,24,6,N,nb21,470,-1.331,-0.28,1,1
20,0,24,6,N,nb22,470,1.84,1.144,0,0
20,0,24,6,N,nb23,470,-1.668,0.615,2,1
20,0,24,6,N,nb24,470,1.046,-1.116,4,1
20,0,24,6,N,nb25,470,-0.241,1.864,3,1
20,0,24,6,N,nb26,470,1.866,1.789,0,0
20,0,24,6,N,nb27,470,1.866,-1.126,0,0
20,0,24,6,N,nb28,470,-1.865,0.606,1,1
20,0,24,6,N,nb29,470,1.107,-0.909,2,0
20,0,24,6,A,aa0,470,-0.715,1.781,1,0
20,0,24,6,A,aa1,470,0.034,0.758,0,0
20,0,24,6,A,aa2,470,0.824,-0.84,1,0
20,0,24,6,A,aa3,470,1.86,-0.73,0,0
20,0,24,6,A,aa4,470,0.69,1.616,1,0
20,0,24,6,A,aa5,470,0.56,-1.865,0,0
20,0,24,6,N,nb0,475,0.709,0.587,0,0
20,0,24,6,N,nb1,475,0.898,-0.501,1,0
20,0,24,6,N,nb2,475,0.548,-1.15,1,0
20,0,24,6,N,nb3,475,0.908,-1.054,2,0
20,0,24,6,N,nb4,475,-1.865,0.998,1,1
20,0,24,6,N,nb5,475,-0.28,1.698,3,1
20,0,24,6,N,nb6,475,0.932,-1.366,1,0
20,0,24,6,N,nb7,475,-0.422,1.79,3,1
20,0,24,6,N,nb8,475,1.067,-0.488,1,1
20,0,24,6,N,nb9,475,-1.865,1.646,1,1
20,0,24,6,N,nb10,475,-1.713,1.454,1,1
20,0,24,6,N,nb11,475,1.136,-1.284,2,0
20,0,24,6,N,nb12,475,-1.688,0.828,2,1
20,0,24,6,N,nb13,475,-1.479,-0.177,1,1
20,0,24,6,N,nb14,475,-0.566,1.7,1,1
20,0,24,6,N,nb15,475,-0.084,1.735,3,1
20,0,24,6,N,nb16,475,0.671,-1.265,1,0
20,0,24,6,N,nb17,475,1.866,-0.638,0,0
20,0,24,6,N,nb18,475,0.15,1.685,1,1
20,0,24,6,N,nb19,475,-0.449,-1.866,0,0
20,0,24,6,N,nb20,475,0.258,-1.128,0,1
20,0,24,6,N,nb21,475,-1.331,-0.28,1,1
20,0,24,6,N,nb22,475,1.814,1.234,0,0
20,0,24,6,N,nb23,475,-1.668,0.615,2,1
20,0,24,6,N,nb24,475,1.058,-1.133,3,1
20,0,24,6,N,nb25,475,-0.241,1.864,3,1
20,0,24,6,N,nb26,475,1.866,1.738,0,0
20,0,24,6,N,nb27,475,1.866,-1.215,0,0
20,0,24,6,N,nb28,475,-1.865,0.606,1,0
20,0,24,6,N,nb29,475,1.068,-0.964,2,0
20,0,24,6,A,aa0,475,-0.686,1.867,2,0
20,0,24,6,A,aa1,475,0.019,0.791,0,0
20,0,24,6,A,aa2,475,0.821,-0.908,1,0
20,0,24,6,A,aa3,475,1.865,-0.807,0,0
20,0,24,6,A,aa4,475,0.619,1.686,1,0
20,0,24,6,A,aa5,475,0.649,-1.865,0,0
20,0,24,6,N,nb0,480,0.702,0.687,0,0
20,0,24,6,N,nb1,480,0.899,-0.463,1,0
20,0,24,6,N,nb2,480,0.568,-1.177,1,0
20,0,24,6,N,nb3,480,0.89,-1.101,3,0
20,0,24,6,N,nb4,480,-1.865,0.998,1,1
20,0,24,6,N,nb5,480,-0.28,1.698,3,1
20,0,24,6,N,nb6,480,0.978,-1.446,0,0
20,0,24,6,N,nb7,480,-0.422,1.79,3,1
20,0,24,6,N,nb8,480,1.067,-0.488,1,0
20,0,24,6,N,nb9,480,-1.865,1.646,1,1
20,0,24,6,N,nb10,480,-1.713,1.454,1,1
20,0,24,6,N,nb11,480,1.174,-1.273,1,1
20,0,24,6,N,nb12,480,-1.688,0.828,2,1
20,0,24,6,N,nb13,480,-1.479,-0.177,1,1
20,0,24,6,N,nb14,480,-0.566,1.7,1,1
20,0,24,6,N,nb15,480,-0.084,1.735,3,1
20,0,24,6,N,nb16,480,0.713,-1.266,2,0
20,0,24,6,N,nb17,480,1.865,-0.725,0,0
20,0,24,6,N,nb18,480,0.15,1.685,1,1
20,0,24,6,N,nb19,480,-0.506,-1.866,0,0
20,0,24,6,N,nb20,480,0.258,-1.128,0,0
20,0,24,6,N,nb21,480,-1.331,-0.28,1,1
20,0,24,6,N,nb22,480,1.78,1.321,0,0
20,0,24,6,N,nb23,480,-1.668,0.615,2,1
20,0,24,6,N,nb24,480,1.055,-1.142,3,1
20,0,24,6,N,nb25,480,-0.241,1.864,3,1
20,0,24,6,N,nb26,480,1.866,1.674,0,0
20,0,24,6,N,nb27,480,1.866,-1.306,0,0
20,0,24,6,N,nb28,480,-1.865,0.606,1,1
20,0,24,6,N,nb29,480,1.062,-0.973,2,0
20,0,24,6,A,aa0,480,-0.666,1.867,2,0
20,0,24,6,A,aa1,480,-0.022,0.883,0,0
20,0,24,6,A,aa2,480,0.822,-0.945,7,1
20,0,24,6,A,aa3,480,1.865,-0.894,0,0
20,0,24,6,A,aa4,480,0.547,1.755,1,0
20,0,24,6,A,aa5,480,0.74,-1.865,1,0
20,0,24,6,N,nb0,485,0.696,0.787,0,0
20,0,24,6,N,nb1,485,0.888,-0.395,1,0
20,0,24,6,N,nb2,485,0.601,-1.236,1,0
20,0,24,6,N,nb3,485,0.872,-1.168,2,0
20,0,24,6,N,nb4,485,-1.865,0.998,1,1
20,0,24,6,N,nb5,485,-0.28,1.698,3,1
20,0,24,6,N,nb6,485,1.019,-1.534,0,0
20,0,24,6,N,nb7,485,-0.422,1.79,3,1
20,0,24,6,N,nb8,485,1.032,-0.484,1,0
20,0,24,6,N,nb9,485,-1.865,1.646,1,1
20,0,24,6,N,nb10,485,-1.713,1.454,1,1
20,0,24,6,N,nb11,485,1.175,-1.273,1,1
20,0,24,6,N,nb12,485,-1.688,0.828,2,1
20,0,24,6,N,nb13,485,-1.479,-0.177,1,1
20,0,24,6,N,nb14,485,-0.566,1.7,1,1
20,0,24,6,N,nb15,485,-0.084,1.735,3,1
20,0,24,6,N,nb16,485,0.76,-1.295,2,0
20,0,24,6,N,nb17,485,1.856,-0.815,0,0
20,0,24,6,N,nb18,485,0.15,1.685,1,1
20,0,24,6,N,nb19,485,-0.575,-1.866,0,0
20,0,24,6,N,nb20,485,0.275,-1.203,0,0
20,0,24,6,N,nb21,485,-1.331,-0.28,1,1
20,0,24,6,N,nb22,485,1.738,1.407,1,1
20,0,24,6,N,nb23,485,-1.668,0.615,2,1
20,0,24,6,N,nb24,485,1.066,-1.143,3,0
20,0,24,6,N,nb25,485,-0.241,1.864,3,1
20,0,24,6,N,nb26,485,1.866,1.601,1,1
20,0,24,6,N,nb27,485,1.86,-1.398,0,0
20,0,24,6,N,nb28,485,-1.865,0.606,1,1
20,0,24,6,N,nb29,485,1.058,-0.974,1,0
20,0,24,6,A,aa0,485,-0.631,1.867,2,0
20,0,24,6,A,aa1,485,-0.063,0.974,0,0
20,0,24,6,A,aa2,485,0.813,-1.009,0,0
20,0,24,6,A,aa3,485,1.865,-0.984,0,0
20,0,24,6,A,aa4,485,0.479,1.816,1,0
20,0,24,6,A,aa5,485,0.832,-1.861,0,0
20,0,24,6,N,nb0,490,0.69,0.887,0,0
20,0,24,6,N,nb1,490,0.883,-0.298,1,0
20,0,24,6,N,nb2,490,0.632,-1.318,2,0
20,0,24,6,N,nb3,490,0.865,-1.246,3,0
20,0,24,6,N,nb4,490,-1.865,0.998,1,0
20,0,24,6,N,nb5,490,-0.28,1.698,3,1
20,0,24,6,N,nb6,490,1.059,-1.626,0,0
20,0,24,6,N,nb7,490,-0.422,1.79,3,1
20,0,24,6,N,nb8,490,0.946,-0.498,1,0
20,0,24,6,N,nb9,490,-1.865,1.646,1,1
20,0,24,6,N,nb10,490,-1.713,1.454,1,1
20,0,24,6,N,nb11,490,1.175,-1.273,1,1
20,0,24,6,N,nb12,490,-1.688,0.828,2,1
20,0,24,6,N,nb13,490,-1.479,-0.177,1,0
20,0,24,6,N,nb14,490,-0.566,1.7,1,1
20,0,24,6,N,nb15,490,-0.084,1.735,3,1
20,0,24,6,N,nb16,490,0.783,-1.395,2,0
20,0,24,6,N,nb17,490,1.834,-0.902,0,0
20,0,24,6,N,nb18,490,0.15,1.685,1,1
20,0,24,6,N,nb19,490,-0.651,-1.866,0,0
20,0,24,6,N,nb20,490,0.297,-1.301,0,0
20,0,24,6,N,nb21,490,-1.331,-0.28,1,0
20,0,24,6,N,nb22,490,1.737,1.41,1,1
20,0,24,6,N,nb23,490,-1.668,0.615,2,1
20,0,24,6,N,nb24,490,1.06,-1.148,3,0
20,0,24,6,N,nb25,490,-0.241,1.864,3,1
20,0,24,6,N,nb26,490,1.866,1.599,1,1
20,0,24,6,N,nb27,490,1.845,-1.49,0,0
20,0,24,6,N,nb28,490,-1.865,0.606,1,1
20,0,24,6,N,nb29,490,1.024,-0.982,1,0
20,0,24,6,A,aa0,490,-0.599,1.867,2,0
20,0,24,6,A,aa1,490,-0.064,0.977,0,0
20,0,24,6,A,aa2,490,0.789,-1.094,0,0
20,0,24,6,A,aa3,490,1.865,-1.069,0,0
20,0,24,6,A,aa4,490,0.405,1.865,2,0
20,0,24,6,A,aa5,490,0.924,-1.847,0,0
20,0,24,6,N,nb0,495,0.683,0.987,0,0
20,0,24,6,N,nb1,495,0.881,-0.275,1,1
20,0,24,6,N,nb2,495,0.637,-1.338,2,0
20,0,24,6,N,nb3,495,0.86,-1.266,3,0
20,0,24,6,N,nb4,495,-1.865,0.998,1,1
20,0,24,6,N,nb5,495,-0.28,1.698,3,1
20,0,24,6,N,nb6,495,1.104,-1.695,0,0
20,0,24,6,N,nb7,495,-0.422,1.79,3,1
20,0,24,6,N,nb8,495,0.926,-0.504,1,1
20,0,24,6,N,nb9,495,-1.865,1.646,1,1
20,0,24,6,N,nb10,495,-1.713,1.454,1,1
20,0,24,6,N,nb11,495,1.175,-1.273,1,0
20,0,24,6,N,nb12,495,-1.688,0.828,2,1
20,0,24,6,N,nb13,495,-1.479,-0.177,1,1
20,0,24,6,N,nb14,495,-0.566,1.7,1,1
20,0,24,6,N,nb15,495,-0.084,1.735,3,0
20,0,24,6,N,nb16,495,0.787,-1.419,2,0
20,0,24,6,N,nb17,495,1.8,-0.984,0,0
20,0,24,6,N,nb18,495,0.15,1.685,1,0
20,0,24,6,N,nb19,495,-0.735,-1.866,0,0
20,0,24,6,N,nb20,495,0.319,-1.398,0,0
20,0,24,6,N,nb21,495,-1.331,-0.28,1,1
20,0,24,6,N,nb22,495,1.737,1.41,1,1
20,0,24,6,N,nb23,495,-1.668,0.615,2,1
20,0,24,6,N,nb24,495,1.062,-1.146,3,0
20,0,24,6,N,nb25,495,-0.241,1.864,3,0
20,0,24,6,N,nb26,495,1.866,1.599,1,1
20,0,24,6,N,nb27,495,1.821,-1.58,0,0
20,0,24,6,N,nb28,495,-1.865,0.606,1,1
20,0,24,6,N,nb29,495,1.012,-0.984,1,0
20,0,24,6,A,aa0,495,-0.598,1.867,2,0
20,0,24,6,A,aa1,495,-0.101,0.977,0,0
20,0,24,6,A,aa2,495,0.748,-1.139,6,1
20,0,24,6,A,aa3,495,1.865,-1.155,0,0
20,0,24,6,A,aa4,495,0.326,1.865,2,0
20,0,24,6,A,aa5,495,1.007,-1.835,2,0
20,0,24,6,N,nb0,500,0.677,1.086,0,0
20,0,24,6,N,nb1,500,0.881,-0.275,1,1
20,0,24,6,N,nb2,500,0.652,-1.424,1,0
20,0,24,6,N,nb3,500,0.883,-1.313,1,0
20,0,24,6,N,nb4,500,-1.865,0.998,1,1
20,0,24,6,N,nb5,500,-0.28,1.698,3,1
20,0,24,6,N,nb6,500,1.171,-1.723,0,0
20,0,24,6,N,nb7,500,-0.422,1.79,2,1
20,0,24,6,N,nb8,500,0.926,-0.504,1,1
20,0,24,6,N,nb9,500,-1.865,1.646,1,1
20,0,24,6,N,nb10,500,-1.713,1.454,1,1
20,0,24,6,N,nb11,500,1.245,-1.255,1,0
20,0,24,6,N,nb12,500,-1.688,0.828,2,1
20,0,24,6,N,nb13,500,-1.479,-0.177,1,1
20,0,24,6,N,nb14,500,-0.566,1.7,1,1
20,0,24,6,N,nb15,500,-0.065,1.741,3,0
20,0,24,6,N,nb16,500,0.834,-1.475,2,0
20,0,24,6,N,nb17,500,1.754,-1.061,0,0
20,0,24,6,N,nb18,500,0.103,1.721,1,0
20,0,24,6,N,nb19,500,-0.823,-1.866,0,0
20,0,24,6,N,nb20,500,0.341,-1.496,0,0
20,0,24,6,N,nb21,500,-1.331,-0.28,1,1
20,0,24,6,N,nb22,500,1.737,1.41,1,1
20,0,24,6,N,nb23,500,-1.668,0.615,2,1
20,0,24,6,N,nb24,500,1.126,-1.114,2,0
20,0,24,6,N,nb25,500,-0.181,1.865,2,0
20,0,24,6,N,nb26,500,1.866,1.599,1,1
20,0,24,6,N,nb27,500,1.788,-1.668,0,0
20,0,24,6,N,nb28,500,-1.865,0.606,1,1
20,0,24,6,N,nb29,500,0.946,-1.029,1,0
20,0,24,6,A,aa0,500,-0.598,1.867,2,0
20,0,24,6,A,aa1,500,-0.201,0.978,0,0
20,0,24,6,A,aa2,500,0.698,-1.214,0,0
20,0,24,6,A,aa3,500,1.865,-1.243,0,0
20,0,24,6,A,aa4,500,0.241,1.865,0,0
20,0,24,6,A,aa5,500,1.076,-1.864,0,0
20,0,24,6,N,nb0,505,0.67,1.186,0,0
20,0,24,6,N,nb1,505,0.881,-0.275,1,1
20,0,24,6,N,nb2,505,0.657,-1.518,1,1
20,0,24,6,N,nb3,505,0.904,-1.367,1,1
20,0,24,6,N,nb4,505,-1.865,0.998,1,1
20,0,24,6,N,nb5,505,-0.28,1.698,3,1
20,0,24,6,N,nb6,505,1.238,-1.713,0,0
20,0,24,6,N,nb7,505,-0.422,1.79,3,1
20,0,24,6,N,nb8,505,0.926,-0.504,1,1
20,0,24,6,N,nb9,505,-1.865,1.646,1,1
20,0,24,6,N,nb10,505,-1.713,1.454,1,1
20,0,24,6,N,nb11,505,1.338,-1.239,1,0
20,0,24,6,N,nb12,505,-1.688,0.828,2,1
20,0,24,6,N,nb13,505,-1.479,-0.177,1,1
20,0,24,6,N,nb14,505,-0.566,1.7,1,1
20,0,24,6,N,nb15,505,-0.105,1.743,3,1
20,0,24,6,N,nb16,505,0.897,-1.537,2,1
20,0,24,6,N,nb17,505,1.697,-1.132,0,0
20,0,24,6,N,nb18,505,0.063,1.761,1,0
20,0,24,6,N,nb19,505,-0.914,-1.866,0,0
20,0,24,6,N,nb20,505,0.363,-1.593,0,0
20,0,24,6,N,nb21,505,-1.331,-0.28,1,1
20,0,24,6,N,nb22,505,1.737,1.41,1,1
20,0,24,6,N,nb23,505,-1.668,0.615,2,1
20,0,24,6,N,nb24,505,1.205,-1.067,1,1
20,0,24,6,N,nb25,505,-0.223,1.865,3,1
20,0,24,6,N,nb26,505,1.866,1.599,1,1
20,0,24,6,N,nb27,505,1.748,-1.756,0,0
20,0,24,6,N,nb28,505,-1.865,0.606,1,1
20,0,24,6,N,nb29,505,0.865,-1.083,0,0
20,0,24,6,A,aa0,505,-0.598,1.867,2,0
20,0,24,6,A,aa1,505,-0.301,0.978,0,0
20,0,24,6,A,aa2,505,0.638,-1.281,0,0
20,0,24,6,A,aa3,505,1.865,-1.333,0,0
20,0,24,6,A,aa4,505,0.239,1.865,0,0
20,0,24,6,A,aa5,505,1.162,-1.865,0,0
20,0,24,6,N,nb0,510,0.664,1.286,0,0
20,0,24,6,N,nb1,510,0.881,-0.275,1,1
20,0,24,6,N,nb2,510,0.657,-1.538,0,0
20,0,24,6,N,nb3,510,0.908,-1.377,1,0
20,0,24,6,N,nb4,510,-1.865,0.998,1,1
20,0,24,6,N,nb5,510,-0.28,1.698,3,1
20,0,24,6,N,nb6,510,1.306,-1.703,0,0
20,0,24,6,N,nb7,510,-0.422,1.79,3,1
20,0,24,6,N,nb8,510,0.926,-0.504,1,1
20,0,24,6,N,nb9,510,-1.865,1.646,1,1
20,0,24,6,N,nb10,510,-1.713,1.454,1,1
20,0,24,6,N,nb11,510,1.36,-1.236,1,1
20,0,24,6,N,nb12,510,-1.688,0.828,2,1
20,0,24,6,N,nb13,510,-1.479,-0.177,1,1
20,0,24,6,N,nb14,510,-0.566,1.7,1,1
20,0,24,6,N,nb15,510,-0.107,1.744,3,1
20,0,24,6,N,nb16,510,0.913,-1.547,1,0
20,0,24,6,N,nb17,510,1.627,-1.201,0,0
20,0,24,6,N,nb18,510,0.06,1.771,1,1
20,0,24,6,N,nb19,510,-1.006,-1.863,0,0
20,0,24,6,N,nb20,510,0.385,-1.691,0,0
20,0,24,6,N,nb21,510,-1.331,-0.28,1,1
20,0,24,6,N,nb22,510,1.737,1.41,1,1
20,0,24,6,N,nb23,510,-1.668,0.615,2,1
20,0,24,6,N,nb24,510,1.207,-1.065,1,1
20,0,24,6,N,nb25,510,-0.225,1.865,3,1
20,0,24,6,N,nb26,510,1.866,1.599,1,1
20,0,24,6,N,nb27,510,1.705,-1.835,0,0
20,0,24,6,N,nb28,510,-1.865,0.606,1,1
20,0,24,6,N,nb29,510,0.783,-1.137,0,0
20,0,24,6,A,aa0,510,-0.649,1.867,1,0
20,0,24,6,A,aa1,510,-0.401,0.979,0,0
20,0,24,6,A,aa2,510,0.569,-1.338,0,0
20,0,24,6,A,aa3,510,1.865,-1.425,1,0
20,0,24,6,A,aa4,510,0.218,1.837,1,0
20,0,24,6,A,aa5,510,1.247,-1.863,0,0
20,0,24,6,N,nb0,515,0.658,1.386,0,0
20,0,24,6,N,nb1,515,0.881,-0.275,1,1
20,0,24,6,N,nb2,515,0.659,-1.637,0,0
20,0,24,6,N,nb3,515,0.932,-1.439,1,0
20,0,24,6,N,nb4,515,-1.865,0.998,1,1
20,0,24,6,N,nb5,515,-0.28,1.698,3,1
20,0,24,6,N,nb6,515,1.38,-1.723,0,0
20,0,24,6,N,nb7,515,-0.422,1.79,3,1
20,0,24,6,N,nb8,515,0.926,-0.504,1,1
20,0,24,6,N,nb9,515,-1.865,1.646,1,1
20,0,24,6,N,nb10,515,-1.713,1.454,1,1
20,0,24,6,N,nb11,515,1.36,-1.236,2,1
20,0,24,6,N,nb12,515,-1.688,0.828,2,1
20,0,24,6,N,nb13,515,-1.479,-0.177,1,1
20,0,24,6,N,nb14,515,-0.566,1.7,1,1
20,0,24,6,N,nb15,515,-0.107,1.743,3,1
20,0,24,6,N,nb16,515,0.997,-1.595,1,0
20,0,24,6,N,nb17,515,1.601,-1.228,1,1
20,0,24,6,N,nb18,515,0.059,1.771,1,1
20,0,24,6,N,nb19,515,-1.098,-1.849,0,0
20,0,24,6,N,nb20,515,0.407,-1.786,0,0
20,0,24,6,N,nb21,515,-1.331,-0.28,1,1
20,0,24,6,N,nb22,515,1.737,1.41,1,0
20,0,24,6,N,nb23,515,-1.668,0.615,2,1
20,0,24,6,N,nb24,515,1.207,-1.065,1,1
20,0,24,6,N,nb25,515,-0.225,1.865,3,1
20,0,24,6,N,nb26,515,1.866,1.599,1,0
20,0,24,6,N,nb27,515,1.653,-1.866,0,0
20,0,24,6,N,nb28,515,-1.865,0.606,1,1
20,0,24,6,N,nb29,515,0.698,-1.19,0,0
20,0,24,6,A,aa0,515,-0.709,1.867,2,0
20,0,24,6,A,aa1,515,-0.501,0.979,0,0
20,0,24,6,A,aa2,515,0.489,-1.389,0,0
20,0,24,6,A,aa3,515,1.863,-1.464,2,0
20,0,24,6,A,aa4,515,0.223,1.815,1,0
20,0,24,6,A,aa5,515,1.285,-1.864,0,0
20,0,24,6,N,nb0,520,0.651,1.486,0,0
20,0,24,6,N,nb1,520,0.881,-0.275,1,1
20,0,24,6,N,nb2,520,0.661,-1.737,0,0
20,0,24,6,N,nb3,520,0.947,-1.506,1,1
20,0,24,6,N,nb4,520,-1.865,0.998,1,1
20,0,24,6,N,nb5,520,-0.28,1.698,3,1
20,0,24,6,N,nb6,520,1.432,-1.749,1,1
20,0,24,6,N,nb7,520,-0.422,1.79,3,1
20,0,24,6,N,nb8,520,0.926,-0.504,1,1
20,0,24,6,N,nb9,520,-1.865,1.646,1,1
20,0,24,6,N,nb10,520,-1.713,1.454,1,1
20,0,24,6,N,nb11,520,1.36,-1.236,2,1
20,0,24,6,N,nb12,520,-1.688,0.828,2,0
20,0,24,6,N,nb13,520,-1.479,-0.177,1,1
20,0,24,6,N,nb14,520,-0.566,1.7,1,1
20,0,24,6,N,nb15,520,-0.107,1.743,3,1
20,0,24,6,N,nb16,520,1.07,-1.63,1,1
20,0,24,6,N,nb17,520,1.601,-1.228,1,1
20,0,24,6,N,nb18,520,0.059,1.771,1,1
20,0,24,6,N,nb19,520,-1.188,-1.827,0,0
20,0,24,6,N,nb20,520,0.435,-1.865,0,0
20,0,24,6,N,nb21,520,-1.331,-0.28,1,1
20,0,24,6,N,nb22,520,1.737,1.41,1,1
20,0,24,6,N,nb23,520,-1.668,0.615,2,0
20,0,24,6,N,nb24,520,1.207,-1.065,1,1
20,0,24,6,N,nb25,520,-0.225,1.865,3,1
20,0,24,6,N,nb26,520,1.866,1.599,1,1
20,0,24,6,N,nb27,520,1.616,-1.866,1,1
20,0,24,6,N,nb28,520,-1.865,0.606,1,1
20,0,24,6,N,nb29,520,0.613,-1.242,0,0
20,0,24,6,A,aa0,520,-0.711,1.867,2,0
20,0,24,6,A,aa1,520,-0.601,0.98,0,0
20,0,24,6,A,aa2,520,0.403,-1.44,0,0
20,0,24,6,A,aa3,520,1.866,-1.487,4,1
20,0,24,6,A,aa4,520,0.229,1.763,1,0
20,0,24,6,A,aa5,520,1.286,-1.848,2,0
20,0,24,6,N,nb0,525,0.645,1.585,0,0
20,0,24,6,N,nb1,525,0.881,-0.275,1,1
20,0,24,6,N,nb2,525,0.662,-1.757,1,0
20,0,24,6,N,nb3,525,0.947,-1.506,1,1
20,0,24,6,N,nb4,525,-1.865,0.998,1,1
20,0,24,6,N,nb5,525,-0.28,1.698,3,1
20,0,24,6,N,nb6,525,1.471,-1.755,1,0
20,0,24,6,N,nb7,525,-0.422,1.79,3,1
20,0,24,6,N,nb8,525,0.926,-0.504,1,1
20,0,24,6,N,nb9,525,-1.865,1.646,1,1
20,0,24,6,N,nb10,525,-1.713,1.454,1,1
20,0,24,6,N,nb11,525,1.406,-1.233,1,0
20,0,24,6,N,nb12,525,-1.688,0.828,2,1
20,0,24,6,N,nb13,525,-1.479,-0.177,1,1
20,0,24,6,N,nb14,525,-0.566,1.7,1,1
20,0,24,6,N,nb15,525,-0.107,1.743,3,1
20,0,24,6,N,nb16,525,1.103,-1.646,1,0
20,0,24,6,N,nb17,525,1.572,-1.266,1,0
20,0,24,6,N,nb18,525,0.059,1.771,1,1
20,0,24,6,N,nb19,525,-1.277,-1.796,0,0
20,0,24,6,N,nb20,525,0.442,-1.865,1,0
20,0,24,6,N,nb21,525,-1.331,-0.28,1,1
20,0,24,6,N,nb22,525,1.737,1.41,1,1
20,0,24,6,N,nb23,525,-1.668,0.615,2,1
20,0,24,6,N,nb24,525,1.207,-1.065,0,1
20,0,24,6,N,nb25,525,-0.225,1.865,3,1
20,0,24,6,N,nb26,525,1.866,1.599,1,1
20,0,24,6,N,nb27,525,1.598,-1.866,1,0
20,0,24,6,N,nb28,525,-1.865,0.606,1,1
20,0,24,6,N,nb29,525,0.528,-1.295,0,0
20,0,24,6,A,aa0,525,-0.742,1.851,2,0
20,0,24,6,A,aa1,525,-0.701,0.98,0,0
20,0,24,6,A,aa2,525,0.317,-1.49,2,0
20,0,24,6,A,aa3,525,1.866,-1.554,0,0
20,0,24,6,A,aa4,525,0.228,1.745,1,0
20,0,24,6,A,aa5,525,1.282,-1.761,0,0
20,0,24,6,N,nb0,530,0.639,1.685,0,0
20,0,24,6,N,nb1,530,0.881,-0.275,1,1
20,0,24,6,N,nb2,530,0.671,-1.843,1,0
20,0,24,6,N,nb3,530,0.947,-1.506,1,1
20,0,24,6,N,nb4,530,-1.865,0.998,1,1
20,0,24,6,N,nb5,530,-0.28,1.698,3,1
20,0,24,6,N,nb6,530,1.49,-1.756,1,0
20,0,24,6,N,nb7,530,-0.422,1.79,3,1
20,0,24,6,N,nb8,530,0.926,-0.504,1,1
20,0,24,6,N,nb9,530,-1.865,1.646,1,1
20,0,24,6,N,nb10,530,-1.713,1.454,1,1
20,0,24,6,N,nb11,530,1.442,-1.224,1,0
20,0,24,6,N,nb12,530,-1.688,0.828,2,1
20,0,24,6,N,nb13,530,-1.479,-0.177,1,1
20,0,24,6,N,nb14,530,-0.566,1.7,1,1
20,0,24,6,N,nb15,530,-0.107,1.743,3,1
20,0,24,6,N,nb16,530,1.147,-1.651,1,0
20,0,24,6,N,nb17,530,1.568,-1.337,1,0
20,0,24,6,N,nb18,530,0.059,1.771,1,1
20,0,24,6,N,nb19,530,-1.363,-1.757,0,0
20,0,24,6,N,nb20,530,0.481,-1.865,1,0
20,0,24,6,N,nb21,530,-1.331,-0.28,1,1
20,0,24,6,N,nb22,530,1.737,1.41,1,1
20,0,24,6,N,nb23,530,-1.668,0.615,2,1
20,0,24,6,N,nb24,530,1.207,-1.065,0,1
20,0,24,6,N,nb25,530,-0.225,1.865,3,1
20,0,24,6,N,nb26,530,1.866,1.599,1,1
20,0,24,6,N,nb27,530,1.618,-1.866,1,0
20,0,24,6,N,nb28,530,-1.865,0.606,1,1
20,0,24,6,N,nb29,530,0.443,-1.347,0,0
20,0,24,6,A,aa0,530,-0.825,1.803,2,0
20,0,24,6,A,aa1,530,-0.801,0.981,0,0
20,0,24,6,A,aa2,530,0.231,-1.541,0,0
20,0,24,6,A,aa3,530,1.866,-1.63,0,0
20,0,24,6,A,aa4,530,0.257,1.699,1,0
20,0,24,6,A,aa5,530,1.307,-1.709,0,0
20,0,24,6,N,nb0,535,0.632,1.785,0,0
20,0,24,6,N,nb1,535,0.881,-0.275,1,1
20,0,24,6,N,nb2,535,0.7,-1.867,1,1
20,0,24,6,N,nb3,535,0.947,-1.506,0,0
20,0,24,6,N,nb4,535,-1.865,0.998,1,1
20,0,24,6,N,nb5,535,-0.28,1.698,3,1
20,0,24,6,N,nb6,535,1.5,-1.755,1,0
20,0,24,6,N,nb7,535,-0.422,1.79,3,1
20,0,24,6,N,nb8,535,0.926,-0.504,1,1
20,0,24,6,N,nb9,535,-1.865,1.646,1,1
20,0,24,6,N,nb10,535,-1.713,1.454,1,1
20,0,24,6,N,nb11,535,1.478,-1.213,1,0
20,0,24,6,N,nb12,535,-1.688,0.828,2,1
20,0,24,6,N,nb13,535,-1.479,-0.177,1,1
20,0,24,6,N,nb14,535,-0.566,1.7,1,1
20,0,24,6,N,nb15,535,-0.107,1.743,3,0
20,0,24,6,N,nb16,535,1.178,-1.682,0,0
20,0,24,6,N,nb17,535,1.55,-1.374,1,0
20,0,24,6,N,nb18,535,0.059,1.771,1,1
20,0,24,6,N,nb19,535,-1.452,-1.712,0,0
20,0,24,6,N,nb20,535,0.53,-1.865,1,1
20,0,24,6,N,nb21,535,-1.331,-0.28,1,1
20,0,24,6,N,nb22,535,1.737,1.41,1,1
20,0,24,6,N,nb23,535,-1.668,0.615,2,1
20,0,24,6,N,nb24,535,1.207,-1.065,0,0
20,0,24,6,N,nb25,535,-0.225,1.865,3,0
20,0,24,6,N,nb26,535,1.866,1.599,1,1
20,0,24,6,N,nb27,535,1.627,-1.866,1,0
20,0,24,6,N,nb28,535,-1.865,0.606,1,1
20,0,24,6,N,nb29,535,0.358,-1.4,0,0
20,0,24,6,A,aa0,535,-0.905,1.75,1,0
20,0,24,6,A,aa1,535,-0.901,0.981,0,0
20,0,24,6,A,aa2,535,0.144,-1.592,0,0
20,0,24,6,A,aa3,535,1.866,-1.713,3,1
20,0,24,6,A,aa4,535,0.312,1.618,1,0
20,0,24,6,A,aa5,535,1.342,-1.637,5,1
20,0,24,6,N,nb0,540,0.62,1.866,0,0
20,0,24,6,N,nb1,540,0.881,-0.275,1,1
20,0,24,6,N,nb2,540,0.701,-1.867,1,1
20,0,24,6,N,nb3,540,0.955,-1.582,0,0
20,0,24,6,N,nb4,540,-1.865,0.998,1,1
20,0,24,6,N,nb5,540,-0.28,1.698,3,1
20,0,24,6,N,nb6,540,1.52,-1.747,1,0
20,0,24,6,N,nb7,540,-0.422,1.79,3,1
20,0,24,6,N,nb8,540,0.926,-0.504,1,1
20,0,24,6,N,nb9,540,-1.865,1.646,1,1
20,0,24,6,N,nb10,540,-1.713,1.454,1,1
20,0,24,6,N,nb11,540,1.544,-1.187,0,0
20,0,24,6,N,nb12,540,-1.688,0.828,2,1
20,0,24,6,N,nb13,540,-1.479,-0.177,1,1
20,0,24,6,N,nb14,540,-0.566,1.7,1,1
20,0,24,6,N,nb15,540,-0.107,1.743,3,1
20,0,24,6,N,nb16,540,1.237,-1.752,0,0
20,0,24,6,N,nb17,540,1.518,-1.439,0,0
20,0,24,6,N,nb18,540,0.059,1.771,1,1
20,0,24,6,N,nb19,540,-1.541,-1.666,0,0
20,0,24,6,N,nb20,540,0.531,-1.865,1,1
20,0,24,6,N,nb21,540,-1.331,-0.28,1,1
20,0,24,6,N,nb22,540,1.737,1.41,1,1
20,0,24,6,N,nb23,540,-1.668,0.615,2,1
20,0,24,6,N,nb24,540,1.27,-1.021,0,0
20,0,24,6,N,nb25,540,-0.225,1.865,3,1
20,0,24,6,N,nb26,540,1.866,1.599,1,1
20,0,24,6,N,nb27,540,1.64,-1.866,1,0
20,0,24,6,N,nb28,540,-1.865,0.606,1,1
20,0,24,6,N,nb29,540,0.273,-1.452,0,0
20,0,24,6,A,aa0,540,-0.987,1.693,1,0
20,0,24,6,A,aa1,540,-0.964,0.981,0,0
20,0,24,6,A,aa2,540,0.058,-1.642,1,0
20,0,24,6,A,aa3,540,1.866,-1.8,0,0
20,0,24,6,A,aa4,540,0.37,1.537,2,0
20,0,24,6,A,aa5,540,1.356,-1.541,0,0
20,0,24,6,N,nb0,545,0.597,1.866,0,0
20,0,24,6,N,nb1,545,0.881,-0.275,1,1
20,0,24,6,N,nb2,545,0.701,-1.867,1,1
20,0,24,6,N,nb3,545,0.965,-1.682,0,0
20,0,24,6,N,nb4,545,-1.865,0.998,1,1
20,0,24,6,N,nb5,545,-0.28,1.698,3,1
20,0,24,6,N,nb6,545,1.563,-1.72,2,0
20,0,24,6,N,nb7,545,-0.422,1.79,3,1
20,0,24,6,N,nb8,545,0.926,-0.504,1,1
20,0,24,6,N,nb9,545,-1.865,1.646,1,1
20,0,24,6,N,nb10,545,-1.713,1.454,1,1
20,0,24,6,N,nb11,545,1.634,-1.146,0,0
20,0,24,6,N,nb12,545,-1.688,0.828,2,1
20,0,24,6,N,nb13,545,-1.479,-0.177,1,1
20,0,24,6,N,nb14,545,-0.566,1.7,1,1
20,0,24,6,N,nb15,545,-0.107,1.743,3,1
20,0,24,6,N,nb16,545,1.291,-1.823,0,0
20,0,24,6,N,nb17,545,1.51,-1.502,1,0
20,0,24,6,N,nb18,545,0.059,1.771,1,1
20,0,24,6,N,nb19,545,-1.63,-1.62,0,0
20,0,24,6,N,nb20,545,0.531,-1.865,1,1
20,0,24,6,N,nb21,545,-1.331,-0.28,1,1
20,0,24,6,N,nb22,545,1.737,1.41,1,1
20,0,24,6,N,nb23,545,-1.668,0.615,2,1
20,0,24,6,N,nb24,545,1.352,-0.964,0,0
20,0,24,6,N,nb25,545,-0.225,1.865,3,1
20,0,24,6,N,nb26,545,1.866,1.599,1,1
20,0,24,6,N,nb27,545,1.648,-1.866,1,0
20,0,24,6,N,nb28,545,-1.865,0.606,1,1
20,0,24,6,N,nb29,545,0.188,-1.505,0,0
20,0,24,6,A,aa0,545,-1.068,1.635,1,0
20,0,24,6,A,aa1,545,-0.964,0.981,0,0
20,0,24,6,A,aa2,545,-0.028,-1.693,1,0
20,0,24,6,A,aa3,545,1.866,-1.866,0,0
20,0,24,6,A,aa4,545,0.372,1.534,2,0
20,0,24,6,A,aa5,545,1.344,-1.471,0,0
20,0,24,6,N,nb0,550,0.558,1.866,0,0
20,0,24,6,N,nb1,550,0.881,-0.275,1,1
20,0,24,6,N,nb2,550,0.701,-1.867,1,1
20,0,24,6,N,nb3,550,0.976,-1.781,0,0
20,0,24,6,N,nb4,550,-1.865,0.998,1,1
20,0,24,6,N,nb5,550,-0.28,1.698,3,1
20,0,24,6,N,nb6,550,1.574,-1.71,2,0
20,0,24,6,N,nb7,550,-0.422,1.79,3,1
20,0,24,6,N,nb8,550,0.926,-0.504,1,1
20,0,24,6,N,nb9,550,-1.865,1.646,1,1
20,0,24,6,N,nb10,550,-1.713,1.454,1,1
20,0,24,6,N,nb11,550,1.725,-1.104,0,0
20,0,24,6,N,nb12,550,-1.688,0.828,2,1
20,0,24,6,N,nb13,550,-1.479,-0.177,1,1
20,0,24,6,N,nb14,550,-0.566,1.7,1,1
20,0,24,6,N,nb15,550,-0.107,1.743,3,1
20,0,24,6,N,nb16,550,1.354,-1.865,0,0
20,0,24,6,N,nb17,550,1.505,-1.522,1,0
20,0,24,6,N,nb18,550,0.059,1.771,1,1
20,0,24,6,N,nb19,550,-1.719,-1.575,0,0
20,0,24,6,N,nb20,550,0.531,-1.865,1,1
20,0,24,6,N,nb21,550,-1.331,-0.28,1,1
20,0,24,6,N,nb22,550,1.737,1.41,1,1
20,0,24,6,N,nb23,550,-1.668,0.615,2,1
20,0,24,6,N,nb24,550,1.434,-0.906,0,0
20,0,24,6,N,nb25,550,-0.225,1.865,3,1
20,0,24,6,N,nb26,550,1.866,1.599,1,1
20,0,24,6,N,nb27,550,1.64,-1.866,1,0
20,0,24,6,N,nb28,550,-1.865,0.606,1,1
20,0,24,6,N,nb29,550,0.107,-1.554,0,0
20,0,24,6,A,aa0,550,-1.15,1.577,2,0
20,0,24,6,A,aa1,550,-1.017,0.9,0,0
20,0,24,6,A,aa2,550,-0.065,-1.715,0,0
20,0,24,6,A,aa3,550,1.864,-1.866,3,1
20,0,24,6,A,aa4,550,0.408,1.541,2,0
20,0,24,6,A,aa5,550,1.343,-1.377,1,0
20,0,24,6,N,nb0,555,0.504,1.866,0,0
20,0,24,6,N,nb1,555,0.881,-0.275,1,1
20,0,24,6,N,nb2,555,0.701,-1.867,1,1
20,0,24,6,N,nb3,555,0.991,-1.865,0,0
20,0,24,6,N,nb4,555,-1.865,0.998,1,1
20,0,24,6,N,nb5,555,-0.28,1.698,3,1
20,0,24,6,N,nb6,555,1.658,-1.683,2,0
20,0,24,6,N,nb7,555,-0.422,1.79,3,1
20,0,24,6,N,nb8,555,0.926,-0.504,1,1
20,0,24,6,N,nb9,555,-1.865,1.646,1,1
20,0,24,6,N,nb10,555,-1.713,1.454,1,1
20,0,24,6,N,nb11,555,1.811,-1.063,0,0
20,0,24,6,N,nb12,555,-1.688,0.828,2,1
20,0,24,6,N,nb13,555,-1.479,-0.177,1,1
20,0,24,6,N,nb14,555,-0.566,1.7,1,1
20,0,24,6,N,nb15,555,-0.107,1.743,3,1
20,0,24,6,N,nb16,555,1.382,-1.865,1,1
20,0,24,6,N,nb17,555,1.48,-1.604,1,0
20,0,24,6,N,nb18,555,0.059,1.771,1,1
20,0,24,6,N,nb19,555,-1.803,-1.531,0,0
20,0,24,6,N,nb20,555,0.531,-1.865,1,1
20,0,24,6,N,nb21,555,-1.331,-0.28,1,1
20,0,24,6,N,nb22,555,1.737,1.41,1,1
20,0,24,6,N,nb23,555,-1.668,0.615,2,1
20,0,24,6,N,nb24,555,1.515,-0.849,0,0
20,0,24,6,N,nb25,555,-0.225,1.865,3,1
20,0,24,6,N,nb26,555,1.866,1.599,1,1
20,0,24,6,N,nb27,555,1.562,-1.866,2,0
20,0,24,6,N,nb28,555,-1.865,0.606,1,1
20,0,24,6,N,nb29,555,0.027,-1.587,0,0
20,0,24,6,A,aa0,555,-1.231,1.519,1,0
20,0,24,6,A,aa1,555,-1.072,0.816,0,0
20,0,24,6,A,aa2,555,-0.072,-1.75,0,0
20,0,24,6,A,aa3,555,1.848,-1.866,0,0
20,0,24,6,A,aa4,555,0.506,1.56,1,0
20,0,24,6,A,aa5,555,1.335,-1.279,1,0
20,0,24,6,N,nb0,560,0.439,1.866,0,0
20,0,24,6,N,nb1,560,0.881,-0.275,1,1
20,0,24,6,N,nb2,560,0.701,-1.867,1,1
20,0,24,6,N,nb3,560,1.017,-1.865,0,0
20,0,24,6,N,nb4,560,-1.865,0.998,1,1
20,0,24,6,N,nb5,560,-0.28,1.698,3,1
20,0,24,6,N,nb6,560,1.751,-1.659,0,0
20,0,24,6,N,nb7,560,-0.422,1.79,3,1
20,0,24,6,N,nb8,560,0.926,-0.504,1,1
20,0,24,6,N,nb9,560,-1.865,1.646,1,1
20,0,24,6,N,nb10,560,-1.713,1.454,1,1
20,0,24,6,N,nb11,560,1.866,-1.017,0,0
20,0,24,6,N,nb12,560,-1.688,0.828,2,1
20,0,24,6,N,nb13,560,-1.479,-0.177,1,1
20,0,24,6,N,nb14,560,-0.566,1.7,1,1
20,0,24,6,N,nb15,560,-0.107,1.743,3,1
20,0,24,6,N,nb16,560,1.337,-1.853,2,1
20,0,24,6,N,nb17,560,1.443,-1.685,2,1
20,0,24,6,N,nb18,560,0.059,1.771,1,1
20,0,24,6,N,nb19,560,-1.866,-1.481,0,0
20,0,24,6,N,nb20,560,0.531,-1.865,1,1
20,0,24,6,N,nb21,560,-1.331,-0.28,1,1
20,0,24,6,N,nb22,560,1.737,1.41,1,1
20,0,24,6,N,nb23,560,-1.668,0.615,2,1
20,0,24,6,N,nb24,560,1.597,-0.791,0,0
20,0,24,6,N,nb25,560,-0.225,1.865,3,1
20,0,24,6,N,nb26,560,1.866,1.599,1,1
20,0,24,6,N,nb27,560,1.505,-1.866,2,1
20,0,24,6,N,nb28,560,-1.865,0.606,1,1
20,0,24,6,N,nb29,560,-0.06,-1.607,0,0
20,0,24,6,A,aa0,560,-1.313,1.461,0,0
20,0,24,6,A,aa1,560,-1.106,0.763,2,0
20,0,24,6,A,aa2,560,-0.092,-1.842,0,0
20,0,24,6,A,aa3,560,1.82,-1.866,0,0
20,0,24,6,A,aa4,560,0.604,1.579,1,0
20,0,24,6,A,aa5,560,1.326,-1.18,0,0
20,0,24,6,N,nb0,565,0.365,1.866,0,0
20,0,24,6,N,nb1,565,0.881,-0.275,1,1
20,0,24,6,N,nb2,565,0.701,-1.867,1,0
20,0,24,6,N,nb3,565,1.059,-1.865,0,0
20,0,24,6,N,nb4,565,-1.865,0.998,1,1
20,0,24,6,N,nb5,565,-0.28,1.698,3,1
20,0,24,6,N,nb6,565,1.836,-1.629,0,0
20,0,24,6,N,nb7,565,-0.422,1.79,3,1
20,0,24,6,N,nb8,565,0.926,-0.504,1,1
20,0,24,6,N,nb9,565,-1.865,1.646,1,1
20,0,24,6,N,nb10,565,-1.713,1.454,1,1
20,0,24,6,N,nb11,565,1.866,-0.962,0,0
20,0,24,6,N,nb12,565,-1.688,0.828,2,1
20,0,24,6,N,nb13,565,-1.479,-0.177,1,1
20,0,24,6,N,nb14,565,-0.566,1.7,1,1
20,0,24,6,N,nb15,565,-0.107,1.743,3,1
20,0,24,6,N,nb16,565,1.335,-1.852,2,1
20,0,24,6,N,nb17,565,1.441,-1.687,2,1
20,0,24,6,N,nb18,565,0.059,1.771,1,1
20,0,24,6,N,nb19,565,-1.866,-1.423,0,0
20,0,24,6,N,nb20,565,0.531,-1.865,1,0
20,0,24,6,N,nb21,565,-1.331,-0.28,1,1
20,0,24,6,N,nb22,565,1.737,1.41,1,1
20,0,24,6,N,nb23,565,-1.668,0.615,2,1
20,0,24,6,N,nb24,565,1.679,-0.734,0,0
20,0,24,6,N,nb25,565,-0.225,1.865,3,1
20,0,24,6,N,nb26,565,1.866,1.599,1,1
20,0,24,6,N,nb27,565,1.504,-1.866,2,1
20,0,24,6,N,nb28,565,-1.865,0.606,1,1
20,0,24,6,N,nb29,565,-0.151,-1.614,0,0
20,0,24,6,A,aa0,565,-1.394,1.403,2,0
20,0,24,6,A,aa1,565,-1.106,0.763,2,0
20,0,24,6,A,aa2,565,-0.118,-1.865,0,0
20,0,24,6,A,aa3,565,1.795,-1.866,2,0
20,0,24,6,A,aa4,565,0.703,1.599,0,0
20,0,24,6,A,aa5,565,1.319,-1.097,0,0
20,0,24,6,N,nb0,570,0.284,1.866,1,1
20,0,24,6,N,nb1,570,0.881,-0.275,1,1
20,0,24,6,N,nb2,570,0.701,-1.867,1,1
20,0,24,6,N,nb3,570,1.092,-1.865,1,1
20,0,24,6,N,nb4,570,-1.865,0.985,0,0
20,0,24,6,N,nb5,570,-0.28,1.698,3,1
20,0,24,6,N,nb6,570,1.866,-1.591,0,0
20,0,24,6,N,nb7,570,-0.422,1.79,3,1
20,0,24,6,N,nb8,570,0.926,-0.504,1,1
20,0,24,6,N,nb9,570,-1.865,1.646,1,1
20,0,24,6,N,nb10,570,-1.727,1.456,1,0
20,0,24,6,N,nb11,570,1.866,-0.895,1,1
20,0,24,6,N,nb12,570,-1.676,0.818,1,0
20,0,24,6,N,nb13,570,-1.479,-0.177,1,1
20,0,24,6,N,nb14,570,-0.566,1.7,1,0
20,0,24,6,N,nb15,570,-0.107,1.743,3,1
20,0,24,6,N,nb16,570,1.335,-1.852,3,1
20,0,24,6,N,nb17,570,1.441,-1.687,2,1
20,0,24,6,N,nb18,570,0.059,1.771,2,1
20,0,24,6,N,nb19,570,-1.866,-1.355,0,0
20,0,24,6,N,nb20,570,0.531,-1.865,1,1
20,0,24,6,N,nb21,570,-1.331,-0.28,1,1
20,0,24,6,N,nb22,570,1.737,1.41,1,1
20,0,24,6,N,nb23,570,-1.668,0.615,2,1
20,0,24,6,N,nb24,570,1.758,-0.678,1,1
20,0,24,6,N,nb25,570,-0.225,1.865,3,1
20,0,24,6,N,nb26,570,1.866,1.599,1,1
20,0,24,6,N,nb27,570,1.504,-1.866,2,1
20,0,24,6,N,nb28,570,-1.865,0.606,1,1
20,0,24,6,N,nb29,570,-0.244,-1.611,0,0
20,0,24,6,A,aa0,570,-1.476,1.346,0,0
20,0,24,6,A,aa1,570,-1.065,0.699,0,0
20,0,24,6,A,aa2,570,-0.158,-1.865,0,0
20,0,24,6,A,aa3,570,1.797,-1.866,2,0
20,0,24,6,A,aa4,570,0.801,1.618,0,0
20,0,24,6,A,aa5,570,1.319,-1.097,0,0
20,0,24,6,N,nb0,575,0.281,1.866,1,1
20,0,24,6,N,nb1,575,0.881,-0.275,1,1
20,0,24,6,N,nb2,575,0.701,-1.867,1,1
20,0,24,6,N,nb3,575,1.092,-1.865,1,1
20,0,24,6,N,nb4,575,-1.865,0.901,0,0
20,0,24,6,N,nb5,575,-0.28,1.698,3,1
20,0,24,6,N,nb6,575,1.866,-1.541,0,0
20,0,24,6,N,nb7,575,-0.422,1.79,3,1
20,0,24,6,N,nb8,575,0.926,-0.504,1,1
20,0,24,6,N,nb9,575,-1.865,1.646,1,1
20,0,24,6,N,nb10,575,-1.816,1.461,1,0
20,0,24,6,N,nb11,575,1.866,-0.893,1,1
20,0,24,6,N,nb12,575,-1.605,0.768,1,0
20,0,24,6,N,nb13,575,-1.479,-0.177,1,1
20,0,24,6,N,nb14,575,-0.566,1.7,1,1
20,0,24,6,N,nb15,575,-0.107,1.743,3,1
20,0,24,6,N,nb16,575,1.335,-1.852,3,1
20,0,24,6,N,nb17,575,1.441,-1.687,2,1
20,0,24,6,N,nb18,575,0.059,1.771,2,1
20,0,24,6,N,nb19,575,-1.866,-1.277,0,0
20,0,24,6,N,nb20,575,0.531,-1.865,1,1
20,0,24,6,N,nb21,575,-1.331,-0.28,1,1
20,0,24,6,N,nb22,575,1.737,1.41,1,1
20,0,24,6,N,nb23,575,-1.667,0.61,2,1
20,0,24,6,N,nb24,575,1.761,-0.676,1,1
20,0,24,6,N,nb25,575,-0.225,1.865,3,1
20,0,24,6,N,nb26,575,1.866,1.599,1,1
20,0,24,6,N,nb27,575,1.504,-1.866,2,1
20,0,24,6,N,nb28,575,-1.865,0.606,1,1
20,0,24,6,N,nb29,575,-0.343,-1.601,0,0
20,0,24,6,A,aa0,575,-1.558,1.288,0,0
20,0,24,6,A,aa1,575,-1.031,0.645,0,0
20,0,24,6,A,aa2,575,-0.212,-1.865,0,0
20,0,24,6,A,aa3,575,1.821,-1.866,2,0
20,0,24,6,A,aa4,575,0.899,1.637,0,0
20,0,24,6,A,aa5,575,1.251,-1.061,0,0
20,0,24,6,N,nb0,580,0.281,1.866,1,1
20,0,24,6,N,nb1,580,0.881,-0.275,1,1
20,0,24,6,N,nb2,580,0.701,-1.867,1,1
20,0,24,6,N,nb3,580,1.092,-1.865,1,1
20,0,24,6,N,nb4,580,-1.865,0.828,1,1
20,0,24,6,N,nb5,580,-0.28,1.698,3,1
20,0,24,6,N,nb6,580,1.866,-1.479,0,0
20,0,24,6,N,nb7,580,-0.422,1.79,3,1
20,0,24,6,N,nb8,580,0.926,-0.504,1,1
20,0,24,6,N,nb9,580,-1.865,1.646,1,1
20,0,24,6,N,nb10,580,-1.867,1.457,1,1
20,0,24,6,N,nb11,580,1.866,-0.893,1,1
20,0,24,6,N,nb12,580,-1.539,0.731,1,1
20,0,24,6,N,nb13,580,-1.479,-0.177,1,1
20,0,24,6,N,nb14,580,-0.566,1.7,1,1
20,0,24,6,N,nb15,580,-0.107,1.743,3,1
20,0,24,6,N,nb16,580,1.335,-1.852,3,1
20,0,24,6,N,nb17,580,1.441,-1.687,2,1
20,0,24,6,N,nb18,580,0.059,1.771,2,1
20,0,24,6,N,nb19,580,-1.866,-1.194,0,0
20,0,24,6,N,nb20,580,0.531,-1.865,1,1
20,0,24,6,N,nb21,580,-1.331,-0.28,1,1
20,0,24,6,N,nb22,580,1.737,1.41,1,1
20,0,24,6,N,nb23,580,-1.667,0.608,2,1
20,0,24,6,N,nb24,580,1.761,-0.676,1,1
20,0,24,6,N,nb25,580,-0.225,1.865,3,1
20,0,24,6,N,nb26,580,1.866,1.599,1,1
20,0,24,6,N,nb27,580,1.504,-1.866,2,1
20,0,24,6,N,nb28,580,-1.865,0.606,2,1
20,0,24,6,N,nb29,580,-0.442,-1.59,0,0
20,0,24,6,A,aa0,580,-1.639,1.23,1,0
20,0,24,6,A,aa1,580,-1.031,0.645,0,0
20,0,24,6,A,aa2,580,-0.23,-1.865,0,0
20,0,24,6,A,aa3,580,1.861,-1.866,2,0
20,0,24,6,A,aa4,580,0.997,1.656,0,0
20,0,24,6,A,aa5,580,1.163,-1.014,1,0
20,0,24,6,N,nb0,585,0.281,1.866,1,1
20,0,24,6,N,nb1,585,0.881,-0.275,1,1
20,0,24,6,N,nb2,585,0.701,-1.867,1,1
20,0,24,6,N,nb3,585,1.092,-1.865,1,1
20,0,24,6,N,nb4,585,-1.865,0.795,1,0
20,0,24,6,N,nb5,585,-0.28,1.698,3,1
20,0,24,6,N,nb6,585,1.866,-1.406,0,0
20,0,24,6,N,nb7,585,-0.422,1.79,3,1
20,0,24,6,N,nb8,585,0.926,-0.504,1,1
20,0,24,6,N,nb9,585,-1.865,1.646,1,1
20,0,24,6,N,nb10,585,-1.867,1.453,1,0
20,0,24,6,N,nb11,585,1.866,-0.893,1,1
20,0,24,6,N,nb12,585,-1.508,0.716,1,0
20,0,24,6,N,nb13,585,-1.479,-0.177,1,1
20,0,24,6,N,nb14,585,-0.566,1.7,1,1
20,0,24,6,N,nb15,585,-0.107,1.743,3,1
20,0,24,6,N,nb16,585,1.335,-1.852,3,1
20,0,24,6,N,nb17,585,1.441,-1.687,2,1
20,0,24,6,N,nb18,585,0.059,1.771,2,1
20,0,24,6,N,nb19,585,-1.866,-1.106,0,0
20,0,24,6,N,nb20,585,0.531,-1.865,1,1
20,0,24,6,N,nb21,585,-1.331,-0.28,1,1
20,0,24,6,N,nb22,585,1.737,1.41,1,1
20,0,24,6,N,nb23,585,-1.649,0.578,2,0
20,0,24,6,N,nb24,585,1.761,-0.676,1,1
20,0,24,6,N,nb25,585,-0.225,1.865,3,1
20,0,24,6,N,nb26,585,1.866,1.599,1,1
20,0,24,6,N,nb27,585,1.504,-1.866,2,1
20,0,24,6,N,nb28,585,-1.865,0.606,2,1
20,0,24,6,N,nb29,585,-0.541,-1.579,0,0
20,0,24,6,A,aa0,585,-1.721,1.172,0,0
20,0,24,6,A,aa1,585,-0.935,0.645,0,0
20,0,24,6,A,aa2,585,-0.27,-1.865,0,0
20,0,24,6,A,aa3,585,1.865,-1.866,2,0
20,0,24,6,A,aa4,585,1.095,1.675,0,0
20,0,24,6,A,aa5,585,1.074,-0.968,0,0
20,0,24,6,N,nb0,590,0.281,1.866,1,1
20,0,24,6,N,nb1,590,0.881,-0.275,1,1
20,0,24,6,N,nb2,590,0.701,-1.867,1,1
20,0,24,6,N,nb3,590,1.092,-1.865,1,1
20,0,24,6,N,nb4,590,-1.865,0.737,1,0
20,0,24,6,N,nb5,590,-0.28,1.698,3,1
20,0,24,6,N,nb6,590,1.866,-1.326,0,0
20,0,24,6,N,nb7,590,-0.422,1.79,3,1
20,0,24,6,N,nb8,590,0.926,-0.504,1,1
20,0,24,6,N,nb9,590,-1.865,1.646,1,1
20,0,24,6,N,nb10,590,-1.867,1.431,1,0
20,0,24,6,N,nb11,590,1.866,-0.893,1,1
20,0,24,6,N,nb12,590,-1.421,0.68,0,0
20,0,24,6,N,nb13,590,-1.479,-0.177,1,1
20,0,24,6,N,nb14,590,-0.566,1.7,1,1
20,0,24,6,N,nb15,590,-0.107,1.743,3,1
20,0,24,6,N,nb16,590,1.335,-1.852,3,1
20,0,24,6,N,nb17,590,1.441,-1.687,2,0
20,0,24,6,N,nb18,590,0.059,1.771,2,1
20,0,24,6,N,nb19,590,-1.866,-1.014,0,0
20,0,24,6,N,nb20,590,0.531,-1.865,1,1
20,0,24,6,N,nb21,590,-1.331,-0.28,1,1
20,0,24,6,N,nb22,590,1.737,1.41,1,1
20,0,24,6,N,nb23,590,-1.601,0.493,0,0
20,0,24,6,N,nb24,590,1.761,-0.676,1,1
20,0,24,6,N,nb25,590,-0.225,1.865,3,1
20,0,24,6,N,nb26,590,1.866,1.599,1,1
20,0,24,6,N,nb27,590,1.504,-1.866,2,0
20,0,24,6,N,nb28,590,-1.855,0.567,1,1
20,0,24,6,N,nb29,590,-0.641,-1.569,0,0
20,0,24,6,A,aa0,590,-1.756,1.147,0,0
20,0,24,6,A,aa1,590,-0.835,0.644,0,0
20,0,24,6,A,aa2,590,-0.324,-1.865,0,0
20,0,24,6,A,aa3,590,1.865,-1.866,2,0
20,0,24,6,A,aa4,590,1.193,1.695,0,0
20,0,24,6,A,aa5,590,0.986,-0.922,1,0
20,0,24,6,N,nb0,595,0.281,1.866,1,1
20,0,24,6,N,nb1,595,0.881,-0.275,1,1
20,0,24,6,N,nb2,595,0.701,-1.867,1,1
20,0,24,6,N,nb3,595,1.092,-1.865,1,1
20,0,24,6,N,nb4,595,-1.865,0.701,1,1
20,0,24,6,N,nb5,595,-0.28,1.698,3,0
20,0,24,6,N,nb6,595,1.866,-1.241,0,0
20,0,24,6,N,nb7,595,-0.422,1.79,3,0
20,0,24,6,N,nb8,595,0.926,-0.504,1,1
20,0,24,6,N,nb9,595,-1.865,1.646,1,1
20,0,24,6,N,nb10,595,-1.867,1.41,1,1
20,0,24,6,N,nb11,595,1.866,-0.893,1,1
20,0,24,6,N,nb12,595,-1.327,0.648,0,0
20,0,24,6,N,nb13,595,-1.479,-0.177,1,1
20,0,24,6,N,nb14,595,-0.566,1.7,1,1
20,0,24,6,N,nb15,595,-0.107,1.743,3,1
20,0,24,6,N,nb16,595,1.335,-1.852,3,1
20,0,24,6,N,nb17,595,1.441,-1.687,2,1
20,0,24,6,N,nb18,595,0.059,1.771,2,1
20,0,24,6,N,nb19,595,-1.862,-0.922,0,0
20,0,24,6,N,nb20,595,0.531,-1.865,1,1
20,0,24,6,N,nb21,595,-1.331,-0.28,1,1
20,0,24,6,N,nb22,595,1.737,1.41,1,1
20,0,24,6,N,nb23,595,-1.555,0.405,0,0
20,0,24,6,N,nb24,595,1.761,-0.676,1,1
20,0,24,6,N,nb25,595,-0.225,1.865,3,1
20,0,24,6,N,nb26,595,1.866,1.599,1,1
20,0,24,6,N,nb27,595,1.504,-1.866,2,1
20,0,24,6,N,nb28,595,-1.846,0.532,1,1
20,0,24,6,N,nb29,595,-0.74,-1.558,0,0
20,0,24,6,A,aa0,595,-1.76,1.11,2,0
20,0,24,6,A,aa1,595,-0.791,0.644,0,0
20,0,24,6,A,aa2,595,-0.39,-1.865,0,0
20,0,24,6,A,aa3,595,1.865,-1.866,2,0
20,0,24,6,A,aa4,595,1.291,1.714,2,0
20,0,24,6,A,aa5,595,0.897,-0.875,1,0
20,0,24,6,N,nb0,600,0.281,1.866,1,0
20,0,24,6,N,nb1,600,0.881,-0.275,1,1
20,0,24,6,N,nb2,600,0.701,-1.867,1,1
20,0,24,6,N,nb3,600,1.092,-1.865,1,1
20,0,24,6,N,nb4,600,-1.865,0.701,1,1
20,0,24,6,N,nb5,600,-0.28,1.698,3,1
20,0,24,6,N,nb6,600,1.866,-1.151,0,0
20,0,24,6,N,nb7,600,-0.422,1.79,3,1
20,0,24,6,N,nb8,600,0.926,-0.504,1,1
20,0,24,6,N,nb9,600,-1.865,1.646,1,1
20,0,24,6,N,nb10,600,-1.867,1.41,1,1
20,0,24,6,N,nb11,600,1.866,-0.893,1,0
20,0,24,6,N,nb12,600,-1.233,0.615,0,0
20,0,24,6,N,nb13,600,-1.479,-0.177,1,1
20,0,24,6,N,nb14,600,-0.566,1.7,1,1
20,0,24,6,N,nb15,600,-0.107,1.743,3,1
20,0,24,6,N,nb16,600,1.335,-1.852,3,1
20,0,24,6,N,nb17,600,1.441,-1.687,2,1
20,0,24,6,N,nb18,600,0.059,1.771,2,1
20,0,24,6,N,nb19,600,-1.848,-0.83,0,0
20,0,24,6,N,nb20,600,0.531,-1.865,1,1
20,0,24,6,N,nb21,600,-1.331,-0.28,1,1
20,0,24,6,N,nb22,600,1.737,1.41,1,1
20,0,24,6,N,nb23,600,-1.509,0.316,0,0
20,0,24,6,N,nb24,600,1.761,-0.676,1,0
20,0,24,6,N,nb25,600,-0.225,1.865,3,1
20,0,24,6,N,nb26,600,1.866,1.599,1,1
20,0,24,6,N,nb27,600,1.504,-1.866,2,1
20,0,24,6,N,nb28,600,-1.846,0.532,1,1
20,0,24,6,N,nb29,600,-0.84,-1.547,0,0
20,0,24,6,A,aa0,600,-1.769,1.014,2,0
20,0,24,6,A,aa1,600,-0.703,0.684,0,0
20,0,24,6,A,aa2,600,-0.464,-1.865,0,0
20,0,24,6,A,aa3,600,1.865,-1.866,2,0
20,0,24,6,A,aa4,600,1.39,1.733,2,0
20,0,24,6,A,aa5,600,0.809,-0.829,1,0
20,0,24,6,N,nb0,605,0.281,1.866,1,1
20,0,24,6,N,nb1,605,0.881,-0.275,1,1
20,0,24,6,N,nb2,605,0.701,-1.867,1,1
20,0,24,6,N,nb3,605,1.092,-1.865,1,1
20,0,24,6,N,nb4,605,-1.865,0.701,1,1
20,0,24,6,N,nb5,605,-0.28,1.698,3,1
20,0,24,6,N,nb6,605,1.866,-1.13,1,1
20,0,24,6,N,nb7,605,-0.422,1.79,3,1
20,0,24,6,N,nb8,605,0.926,-0.504,1,1
20,0,24,6,N,nb9,605,-1.865,1.646,1,1
20,0,24,6,N,nb10,605,-1.867,1.41,1,1
20,0,24,6,N,nb11,605,1.866,-0.893,2,1
20,0,24,6,N,nb12,605,-1.138,0.583,0,0
20,0,24,6,N,nb13,605,-1.479,-0.177,1,1
20,0,24,6,N,nb14,605,-0.566,1.7,1,1
20,0,24,6,N,nb15,605,-0.107,1.743,3,1
20,0,24,6,N,nb16,605,1.335,-1.852,3,1
20,0,24,6,N,nb17,605,1.441,-1.687,2,1
20,0,24,6,N,nb18,605,0.059,1.771,2,1
20,0,24,6,N,nb19,605,-1.825,-0.74,0,0
20,0,24,6,N,nb20,605,0.531,-1.865,1,1
20,0,24,6,N,nb21,605,-1.331,-0.28,1,1
20,0,24,6,N,nb22,605,1.737,1.41,1,1
20,0,24,6,N,nb23,605,-1.463,0.228,0,0
20,0,24,6,N,nb24,605,1.761,-0.676,1,1
20,0,24,6,N,nb25,605,-0.225,1.865,3,1
20,0,24,6,N,nb26,605,1.866,1.599,1,1
20,0,24,6,N,nb27,605,1.504,-1.866,2,1
20,0,24,6,N,nb28,605,-1.846,0.532,1,1
20,0,24,6,N,nb29,605,-0.939,-1.537,0,0
20,0,24,6,A,aa0,605,-1.77,0.938,2,0
20,0,24,6,A,aa1,605,-0.612,0.725,0,0
20,0,24,6,A,aa2,605,-0.546,-1.865,0,0
20,0,24,6,A,aa3,605,1.862,-1.866,2,0
20,0,24,6,A,aa4,605,1.488,1.752,2,0
20,0,24,6,A,aa5,605,0.72,-0.782,2,0
20,0,24,6,N,nb0,610,0.281,1.866,1,1
20,0,24,6,N,nb1,610,0.881,-0.275,1,1
20,0,24,6,N,nb2,610,0.701,-1.867,1,1
20,0,24,6,N,nb3,610,1.092,-1.865,1,1
20,0,24,6,N,nb4,610,-1.865,0.701,1,1
20,0,24,6,N,nb5,610,-0.28,1.698,3,1
20,0,24,6,N,nb6,610,1.866,-1.13,1,1
20,0,24,6,N,nb7,610,-0.422,1.79,3,1
20,0,24,6,N,nb8,610,0.926,-0.504,1,1
20,0,24,6,N,nb9,610,-1.865,1.646,1,1
20,0,24,6,N,nb10,610,-1.867,1.41,1,1
20,0,24,6,N,nb11,610,1.866,-0.893,2,1
20,0,24,6,N,nb12,610,-1.043,0.551,0,0
20,0,24,6,N,nb13,610,-1.479,-0.177,1,1
20,0,24,6,N,nb14,610,-0.566,1.7,1,1
20,0,24,6,N,nb15,610,-0.107,1.743,3,1
20,0,24,6,N,nb16,610,1.335,-1.852,3,1
20,0,24,6,N,nb17,610,1.441,-1.687,2,1
20,0,24,6,N,nb18,610,0.059,1.771,2,1
20,0,24,6,N,nb19,610,-1.794,-0.652,0,0
20,0,24,6,N,nb20,610,0.531,-1.865,1,1
20,0,24,6,N,nb21,610,-1.331,-0.28,1,1
20,0,24,6,N,nb22,610,1.737,1.41,1,1
20,0,24,6,N,nb23,610,-1.416,0.139,0,0
20,0,24,6,N,nb24,610,1.761,-0.676,1,1
20,0,24,6,N,nb25,610,-0.225,1.865,3,1
20,0,24,6,N,nb26,610,1.866,1.599,1,1
20,0,24,6,N,nb27,610,1.504,-1.866,2,1
20,0,24,6,N,nb28,610,-1.846,0.532,1,1
20,0,24,6,N,nb29,610,-1.039,-1.526,0,0
20,0,24,6,A,aa0,610,-1.746,0.892,2,0
20,0,24,6,A,aa1,610,-0.572,0.743,0,0
20,0,24,6,A,aa2,610,-0.633,-1.865,0,0
20,0,24,6,A,aa3,610,1.847,-1.866,2,0
20,0,24,6,A,aa4,610,1.584,1.771,0,0
20,0,24,6,A,aa5,610,0.632,-0.736,2,0
20,0,24,6,N,nb0,615,0.281,1.866,1,1
20,0,24,6,N,nb1,615,0.881,-0.275,1,1
20,0,24,6,N,nb2,615,0.701,-1.867,1,1
20,0,24,6,N,nb3,615,1.092,-1.865,1,1
20,0,24,6,N,nb4,615,-1.865,0.701,1,0
20,0,24,6,N,nb5,615,-0.28,1.698,3,1
20,0,24,6,N,nb6,615,1.866,-1.13,1,1
20,0,24,6,N,nb7,615,-0.422,1.79,3,1
20,0,24,6,N,nb8,615,0.926,-0.504,1,1
20,0,24,6,N,nb9,615,-1.865,1.646,1,1
20,0,24,6,N,nb10,615,-1.867,1.41,1,1
20,0,24,6,N,nb11,615,1.866,-0.893,2,1
20,0,24,6,N,nb12,615,-0.949,0.519,0,0
20,0,24,6,N,nb13,615,-1.479,-0.177,1,1
20,0,24,6,N,nb14,615,-0.566,1.7,1,1
20,0,24,6,N,nb15,615,-0.107,1.743,3,1
20,0,24,6,N,nb16,615,1.335,-1.852,3,1
20,0,24,6,N,nb17,615,1.441,-1.687,2,1
20,0,24,6,N,nb18,615,0.059,1.771,2,1
20,0,24,6,N,nb19,615,-1.754,-0.565,0,0
20,0,24,6,N,nb20,615,0.531,-1.865,1,1
20,0,24,6,N,nb21,615,-1.331,-0.28,1,1
20,0,24,6,N,nb22,615,1.737,1.41,1,1
20,0,24,6,N,nb23,615,-1.371,0.052,0,0
20,0,24,6,N,nb24,615,1.761,-0.676,1,1
20,0,24,6,N,nb25,615,-0.225,1.865,3,1
20,0,24,6,N,nb26,615,1.866,1.599,1,1
20,0,24,6,N,nb27,615,1.504,-1.866,2,1
20,0,24,6,N,nb28,615,-1.846,0.532,1,0
20,0,24,6,N,nb29,615,-1.138,-1.516,0,0
20,0,24,6,A,aa0,615,-1.694,0.818,2,0
20,0,24,6,A,aa1,615,-0.509,0.815,0,0
20,0,24,6,A,aa2,615,-0.723,-1.865,0,0
20,0,24,6,A,aa3,615,1.818,-1.866,2,0
20,0,24,6,A,aa4,615,1.675,1.782,2,0
20,0,24,6,A,aa5,615,0.543,-0.689,2,0
20,0,24,6,N,nb0,620,0.281,1.866,1,1
20,0,24,6,N,nb1,620,0.881,-0.275,1,1
20,0,24,6,N,nb2,620,0.701,-1.867,1,1
20,0,24,6,N,nb3,620,1.092,-1.865,1,1
20,0,24,6,N,nb4,620,-1.85,0.634,1,0
20,0,24,6,N,nb5,620,-0.28,1.698,3,1
20,0,24,6,N,nb6,620,1.866,-1.13,1,1
20,0,24,6,N,nb7,620,-0.422,1.79,3,1
20,0,24,6,N,nb8,620,0.926,-0.504,1,1
20,0,24,6,N,nb9,620,-1.865,1.646,1,0
20,0,24,6,N,nb10,620,-1.867,1.41,1,1
20,0,24,6,N,nb11,620,1.866,-0.893,2,1
20,0,24,6,N,nb12,620,-0.854,0.487,0,0
20,0,24,6,N,nb13,620,-1.479,-0.177,2,1
20,0,24,6,N,nb14,620,-0.566,1.7,1,1
20,0,24,6,N,nb15,620,-0.107,1.743,3,1
20,0,24,6,N,nb16,620,1.335,-1.852,3,1
20,0,24,6,N,nb17,620,1.441,-1.687,2,1
20,0,24,6,N,nb18,620,0.059,1.771,2,1
20,0,24,6,N,nb19,620,-1.71,-0.475,0,0
20,0,24,6,N,nb20,620,0.531,-1.865,1,1
20,0,24,6,N,nb21,620,-1.331,-0.28,1,1
20,0,24,6,N,nb22,620,1.737,1.41,1,1
20,0,24,6,N,nb23,620,-1.361,0.034,1,1
20,0,24,6,N,nb24,620,1.761,-0.676,1,1
20,0,24,6,N,nb25,620,-0.225,1.865,3,1
20,0,24,6,N,nb26,620,1.866,1.599,1,1
20,0,24,6,N,nb27,620,1.504,-1.866,2,1
20,0,24,6,N,nb28,620,-1.844,0.458,1,0
20,0,24,6,N,nb29,620,-1.237,-1.505,0,0
20,0,24,6,A,aa0,620,-1.633,0.748,0,0
20,0,24,6,A,aa1,620,-0.443,0.891,0,0
20,0,24,6,A,aa2,620,-0.815,-1.863,0,0
20,0,24,6,A,aa3,620,1.775,-1.866,2,0
20,0,24,6,A,aa4,620,1.763,1.782,2,0
20,0,24,6,A,aa5,620,0.455,-0.643,2,0
20,0,24,6,N,nb0,625,0.281,1.866,1,1
20,0,24,6,N,nb1,625,0.881,-0.275,1,1
20,0,24,6,N,nb2,625,0.701,-1.867,1,1
20,0,24,6,N,nb3,625,1.092,-1.865,1,1
20,0,24,6,N,nb4,625,-1.82,0.549,1,0
20,0,24,6,N,nb5,625,-0.28,1.698,3,1
20,0,24,6,N,nb6,625,1.866,-1.13,1,1
20,0,24,6,N,nb7,625,-0.422,1.79,3,1
20,0,24,6,N,nb8,625,0.926,-0.504,1,1
20,0,24,6,N,nb9,625,-1.865,1.646,1,1
20,0,24,6,N,nb10,625,-1.867,1.41,1,1
20,0,24,6,N,nb11,625,1.866,-0.893,2,1
20,0,24,6,N,nb12,625,-0.759,0.454,0,0
20,0,24,6,N,nb13,625,-1.479,-0.177,2,1
20,0,24,6,N,nb14,625,-0.566,1.7,1,1
20,0,24,6,N,nb15,625,-0.107,1.743,3,1
20,0,24,6,N,nb16,625,1.335,-1.852,3,1
20,0,24,6,N,nb17,625,1.441,-1.687,2,1
20,0,24,6,N,nb18,625,0.059,1.771,2,1
20,0,24,6,N,nb19,625,-1.665,-0.386,0,0
20,0,24,6,N,nb20,625,0.531,-1.865,1,1
20,0,24,6,N,nb21,625,-1.331,-0.28,1,1
20,0,24,6,N,nb22,625,1.737,1.41,1,1
20,0,24,6,N,nb23,625,-1.361,0.034,1,1
20,0,24,6,N,nb24,625,1.761,-0.676,1,1
20,0,24,6,N,nb25,625,-0.225,1.865,3,1
20,0,24,6,N,nb26,625,1.866,1.599,1,1
20,0,24,6,N,nb27,625,1.504,-1.866,2,1
20,0,24,6,N,nb28,625,-1.838,0.361,1,0
20,0,24,6,N,nb29,625,-1.337,-1.494,0,0
20,0,24,6,A,aa0,625,-1.563,0.682,0,0
20,0,24,6,A,aa1,625,-0.377,0.966,0,0
20,0,24,6,A,aa2,625,-0.907,-1.853,0,0
20,0,24,6,A,aa3,625,1.72,-1.866,2,0
20,0,24,6,A,aa4,625,1.85,1.784,1,0
20,0,24,6,A,aa5,625,0.366,-0.596,1,0
20,0,24,6,N,nb0,630,0.281,1.866,1,1
20,0,24,6,N,nb1,630,0.881,-0.275,1,1
20,0,24,6,N,nb2,630,0.701,-1.867,1,1
20,0,24,6,N,nb3,630,1.092,-1.865,1,1
20,0,24,6,N,nb4,630,-1.811,0.531,1,1
20,0,24,6,N,nb5,630,-0.28,1.698,3,1
20,0,24,6,N,nb6,630,1.866,-1.13,1,1
20,0,24,6,N,nb7,630,-0.422,1.79,3,1
20,0,24,6,N,nb8,630,0.926,-0.504,1,1
20,0,24,6,N,nb9,630,-1.865,1.646,1,1
20,0,24,6,N,nb10,630,-1.867,1.41,1,1
20,0,24,6,N,nb11,630,1.866,-0.893,2,1
20,0,24,6,N,nb12,630,-0.665,0.422,0,0
20,0,24,6,N,nb13,630,-1.479,-0.177,3,1
20,0,24,6,N,nb14,630,-0.566,1.7,1,1
20,0,24,6,N,nb15,630,-0.107,1.743,3,1
20,0,24,6,N,nb16,630,1.335,-1.852,3,1
20,0,24,6,N,nb17,630,1.441,-1.687,2,1
20,0,24,6,N,nb18,630,0.059,1.771,2,1
20,0,24,6,N,nb19,630,-1.647,-0.35,1,1
20,0,24,6,N,nb20,630,0.531,-1.865,1,1
20,0,24,6,N,nb21,630,-1.331,-0.28,1,1
20,0,24,6,N,nb22,630,1.737,1.41,1,1
20,0,24,6,N,nb23,630,-1.361,0.034,1,1
20,0,24,6,N,nb24,630,1.761,-0.676,1,1
20,0,24,6,N,nb25,630,-0.225,1.865,3,1
20,0,24,6,N,nb26,630,1.866,1.599,1,1
20,0,24,6,N,nb27,630,1.504,-1.866,2,1
20,0,24,6,N,nb28,630,-1.836,0.339,1,1
20,0,24,6,N,nb29,630,-1.436,-1.484,0,0
20,0,24,6,A,aa0,630,-1.489,0.615,3,1
20,0,24,6,A,aa1,630,-0.312,1.042,0,0
20,0,24,6,A,aa2,630,-0.998,-1.833,0,0
20,0,24,6,A,aa3,630,1.673,-1.866,2,0
20,0,24,6,A,aa4,630,1.866,1.797,1,0
20,0,24,6,A,aa5,630,0.277,-0.55,0,0
20,0,24,6,N,nb0,635,0.281,1.866,1,1
20,0,24,6,N,nb1,635,0.881,-0.275,1,1
20,0,24,6,N,nb2,635,0.701,-1.867,1,1
20,0,24,6,N,nb3,635,1.092,-1.865,1,1
20,0,24,6,N,nb4,635,-1.787,0.485,1,0
20,0,24,6,N,nb5,635,-0.28,1.698,3,1
20,0,24,6,N,nb6,635,1.866,-1.13,1,1
20,0,24,6,N,nb7,635,-0.422,1.79,3,1
20,0,24,6,N,nb8,635,0.926,-0.504,1,1
20,0,24,6,N,nb9,635,-1.865,1.646,1,1
20,0,24,6,N,nb10,635,-1.867,1.41,1,1
20,0,24,6,N,nb11,635,1.866,-0.893,2,1
20,0,24,6,N,nb12,635,-0.57,0.39,0,0
20,0,24,6,N,nb13,635,-1.479,-0.177,3,1
20,0,24,6,N,nb14,635,-0.566,1.7,1,1
20,0,24,6,N,nb15,635,-0.107,1.743,3,1
20,0,24,6,N,nb16,635,1.335,-1.852,3,1
20,0,24,6,N,nb17,635,1.441,-1.687,2,1
20,0,24,6,N,nb18,635,0.059,1.771,2,1
20,0,24,6,N,nb19,635,-1.647,-0.35,1,1
20,0,24,6,N,nb20,635,0.531,-1.865,1,1
20,0,24,6,N,nb21,635,-1.331,-0.28,1,1
20,0,24,6,N,nb22,635,1.737,1.41,1,1
20,0,24,6,N,nb23,635,-1.334,-0.009,1,0
20,0,24,6,N,nb24,635,1.761,-0.676,1,1
20,0,24,6,N,nb25,635,-0.225,1.865,3,1
20,0,24,6,N,nb26,635,1.866,1.599,1,1
20,0,24,6,N,nb27,635,1.504,-1.866,2,1
20,0,24,6,N,nb28,635,-1.829,0.284,1,0
20,0,24,6,N,nb29,635,-1.536,-1.473,0,0
20,0,24,6,A,aa0,635,-1.414,0.548,0,0
20,0,24,6,A,aa1,635,-0.246,1.117,1,0
20,0,24,6,A,aa2,635,-1.087,-1.804,0,0
20,0,24,6,A,aa3,635,1.673,-1.866,2,0
20,0,24,6,A,aa4,635,1.866,1.824,1,0
20,0,24,6,A,aa5,635,0.189,-0.503,0,0
20,0,24,6,N,nb0,640,0.281,1.866,1,1
20,0,24,6,N,nb1,640,0.881,-0.275,1,1
20,0,24,6,N,nb2,640,0.701,-1.867,1,1
20,0,24,6,N,nb3,640,1.092,-1.865,1,1
20,0,24,6,N,nb4,640,-1.737,0.411,1,0
20,0,24,6,N,nb5,640,-0.28,1.698,3,1
20,0,24,6,N,nb6,640,1.866,-1.13,1,1
20,0,24,6,N,nb7,640,-0.422,1.79,3,1
20,0,24,6,N,nb8,640,0.926,-0.504,1,1
20,0,24,6,N,nb9,640,-1.865,1.646,1,1
20,0,24,6,N,nb10,640,-1.867,1.41,1,1
20,0,24,6,N,nb11,640,1.866,-0.893,2,1
20,0,24,6,N,nb12,640,-0.475,0.358,0,0
20,0,24,6,N,nb13,640,-1.479,-0.177,3,1
20,0,24,6,N,nb14,640,-0.566,1.7,1,1
20,0,24,6,N,nb15,640,-0.107,1.743,3,1
20,0,24,6,N,nb16,640,1.335,-1.852,3,1
20,0,24,6,N,nb17,640,1.441,-1.687,2,1
20,0,24,6,N,nb18,640,0.059,1.771,2,1
20,0,24,6,N,nb19,640,-1.647,-0.35,1,1
20,0,24,6,N,nb20,640,0.531,-1.865,1,1
20,0,24,6,N,nb21,640,-1.331,-0.28,2,1
20,0,24,6,N,nb22,640,1.737,1.41,1,1
20,0,24,6,N,nb23,640,-1.277,-0.08,2,0
20,0,24,6,N,nb24,640,1.761,-0.676,1,1
20,0,24,6,N,nb25,640,-0.225,1.865,3,1
20,0,24,6,N,nb26,640,1.866,1.599,1,1
20,0,24,6,N,nb27,640,1.504,-1.866,2,1
20,0,24,6,N,nb28,640,-1.814,0.19,1,0
20,0,24,6,N,nb29,640,-1.635,-1.463,0,0
20,0,24,6,A,aa0,640,-1.34,0.482,0,0
20,0,24,6,A,aa1,640,-0.18,1.192,2,0
20,0,24,6,A,aa2,640,-1.174,-1.767,0,0
20,0,24,6,A,aa3,640,1.673,-1.866,2,0
20,0,24,6,A,aa4,640,1.866,1.866,1,0
20,0,24,6,A,aa5,640,0.1,-0.457,0,0
20,0,24,6,N,nb0,645,0.281,1.866,1,1
20,0,24,6,N,nb1,645,0.881,-0.275,1,0
20,0,24,6,N,nb2,645,0.701,-1.867,1,1
20,0,24,6,N,nb3,645,1.092,-1.865,1,1
20,0,24,6,N,nb4,645,-1.712,0.382,0,0
20,0,24,6,N,nb5,645,-0.279,1.699,3,0
20,0,24,6,N,nb6,645,1.866,-1.13,1,1
20,0,24,6,N,nb7,645,-0.422,1.79,3,1
20,0,24,6,N,nb8,645,0.926,-0.504,1,0
20,0,24,6,N,nb9,645,-1.865,1.646,1,1
20,0,24,6,N,nb10,645,-1.867,1.41,1,1
20,0,24,6,N,nb11,645,1.866,-0.893,2,1
20,0,24,6,N,nb12,645,-0.381,0.325,0,0
20,0,24,6,N,nb13,645,-1.479,-0.177,3,0
20,0,24,6,N,nb14,645,-0.566,1.7,1,1
20,0,24,6,N,nb15,645,-0.112,1.741,3,0
20,0,24,6,N,nb16,645,1.335,-1.852,3,1
20,0,24,6,N,nb17,645,1.441,-1.687,2,1
20,0,24,6,N,nb18,645,0.052,1.782,2,0
20,0,24,6,N,nb19,645,-1.647,-0.35,1,1
20,0,24,6,N,nb20,645,0.531,-1.865,1,1
20,0,24,6,N,nb21,645,-1.331,-0.28,2,0
20,0,24,6,N,nb22,645,1.737,1.41,1,1
20,0,24,6,N,nb23,645,-1.25,-0.108,2,0
20,0,24,6,N,nb24,645,1.761,-0.676,1,1
20,0,24,6,N,nb25,645,-0.228,1.865,3,1
20,0,24,6,N,nb26,645,1.866,1.599,1,1
20,0,24,6,N,nb27,645,1.504,-1.866,2,1
20,0,24,6,N,nb28,645,-1.806,0.15,0,1
20,0,24,6,N,nb29,645,-1.735,-1.452,0,0
20,0,24,6,A,aa0,645,-1.266,0.415,2,0
20,0,24,6,A,aa1,645,-0.114,1.268,0,0
20,0,24,6,A,aa2,645,-1.262,-1.723,0,0
20,0,24,6,A,aa3,645,1.673,-1.866,2,0
20,0,24,6,A,aa4,645,1.866,1.866,1,0
20,0,24,6,A,aa5,645,0.012,-0.41,0,0
20,0,24,6,N,nb0,650,0.281,1.866,0,1
20,0,24,6,N,nb1,650,0.881,-0.275,1,1
20,0,24,6,N,nb2,650,0.701,-1.867,1,1
20,0,24,6,N,nb3,650,1.092,-1.865,1,1
20,0,24,6,N,nb4,650,-1.662,0.333,1,0
20,0,24,6,N,nb5,650,-0.289,1.691,3,0
20,0,24,6,N,nb6,650,1.866,-1.13,1,1
20,0,24,6,N,nb7,650,-0.426,1.792,3,1
20,0,24,6,N,nb8,650,0.926,-0.504,1,1
20,0,24,6,N,nb9,650,-1.865,1.646,1,1
20,0,24,6,N,nb10,650,-1.867,1.41,1,1
20,0,24,6,N,nb11,650,1.866,-0.893,2,1
20,0,24,6,N,nb12,650,-0.286,0.293,0,0
20,0,24,6,N,nb13,650,-1.479,-0.177,2,1
20,0,24,6,N,nb14,650,-0.569,1.699,1,1
20,0,24,6,N,nb15,650,-0.122,1.739,3,0
20,0,24,6,N,nb16,650,1.335,-1.852,3,1
20,0,24,6,N,nb17,650,1.441,-1.687,2,1
20,0,24,6,N,nb18,650,0.004,1.853,2,0
20,0,24,6,N,nb19,650,-1.647,-0.35,1,1
20,0,24,6,N,nb20,650,0.531,-1.865,1,1
20,0,24,6,N,nb21,650,-1.331,-0.28,2,1
20,0,24,6,N,nb22,650,1.737,1.41,1,1
20,0,24,6,N,nb23,650,-1.197,-0.155,1,0
20,0,24,6,N,nb24,650,1.761,-0.676,1,1
20,0,24,6,N,nb25,650,-0.235,1.865,4,1
20,0,24,6,N,nb26,650,1.866,1.599,1,1
20,0,24,6,N,nb27,650,1.504,-1.866,2,1
20,0,24,6,N,nb28,650,-1.806,0.15,1,1
20,0,24,6,N,nb29,650,-1.825,-1.44,0,0
20,0,24,6,A,aa0,650,-1.191,0.348,1,0
20,0,24,6,A,aa1,650,-0.049,1.343,0,0
20,0,24,6,A,aa2,650,-1.283,-1.713,0,0
20,0,24,6,A,aa3,650,1.673,-1.866,2,0
20,0,24,6,A,aa4,650,1.866,1.866,1,0
20,0,24,6,A,aa5,650,-0.077,-0.364,0,0
20,0,24,6,N,nb0,655,0.281,1.866,0,1
20,0,24,6,N,nb1,655,0.881,-0.275,1,1
20,0,24,6,N,nb2,655,0.701,-1.867,1,1
20,0,24,6,N,nb3,655,1.092,-1.865,1,1
20,0,24,6,N,nb4,655,-1.589,0.275,0,0
20,0,24,6,N,nb5,655,-0.301,1.677,3,1
20,0,24,6,N,nb6,655,1.866,-1.13,1,1
20,0,24,6,N,nb7,655,-0.426,1.792,3,1
20,0,24,6,N,nb8,655,0.926,-0.504,1,1
20,0,24,6,N,nb9,655,-1.865,1.646,1,1
20,0,24,6,N,nb10,655,-1.867,1.41,1,1
20,0,24,6,N,nb11,655,1.866,-0.893,2,1
20,0,24,6,N,nb12,655,-0.191,0.261,0,0
20,0,24,6,N,nb13,655,-1.479,-0.177,2,1
20,0,24,6,N,nb14,655,-0.569,1.699,1,1
20,0,24,6,N,nb15,655,-0.128,1.742,3,1
20,0,24,6,N,nb16,655,1.335,-1.852,3,1
20,0,24,6,N,nb17,655,1.441,-1.687,2,1
20,0,24,6,N,nb18,655,-0.012,1.866,2,1
20,0,24,6,N,nb19,655,-1.647,-0.35,1,1
20,0,24,6,N,nb20,655,0.531,-1.865,1,1
20,0,24,6,N,nb21,655,-1.331,-0.28,2,1
20,0,24,6,N,nb22,655,1.737,1.41,1,1
20,0,24,6,N,nb23,655,-1.121,-0.211,1,0
20,0,24,6,N,nb24,655,1.761,-0.676,1,1
20,0,24,6,N,nb25,655,-0.244,1.865,4,1
20,0,24,6,N,nb26,655,1.866,1.599,1,1
20,0,24,6,N,nb27,655,1.504,-1.866,2,1
20,0,24,6,N,nb28,655,-1.806,0.15,0,1
20,0,24,6,N,nb29,655,-1.866,-1.417,0,0
20,0,24,6,A,aa0,655,-1.117,0.281,1,0
20,0,24,6,A,aa1,655,0.017,1.418,1,0
20,0,24,6,A,aa2,655,-1.296,-1.723,0,0
20,0,24,6,A,aa3,655,1.673,-1.866,2,0
20,0,24,6,A,aa4,655,1.866,1.866,1,0
20,0,24,6,A,aa5,655,-0.165,-0.317,0,0
20,0,24,6,N,nb0,660,0.25,1.866,0,0
20,0,24,6,N,nb1,660,0.881,-0.275,1,1
20,0,24,6,N,nb2,660,0.701,-1.867,1,1
20,0,24,6,N,nb3,660,1.092,-1.865,1,0
20,0,24,6,N,nb4,660,-1.508,0.222,0,0
20,0,24,6,N,nb5,660,-0.31,1.668,3,0
20,0,24,6,N,nb6,660,1.866,-1.13,1,1
20,0,24,6,N,nb7,660,-0.426,1.792,3,1
20,0,24,6,N,nb8,660,0.926,-0.504,1,1
20,0,24,6,N,nb9,660,-1.865,1.646,1,1
20,0,24,6,N,nb10,660,-1.867,1.41,1,1
20,0,24,6,N,nb11,660,1.866,-0.893,2,1
20,0,24,6,N,nb12,660,-0.097,0.229,0,0
20,0,24,6,N,nb13,660,-1.479,-0.177,2,0
20,0,24,6,N,nb14,660,-0.569,1.699,1,1
20,0,24,6,N,nb15,660,-0.132,1.741,3,0
20,0,24,6,N,nb16,660,1.335,-1.852,3,1
20,0,24,6,N,nb17,660,1.441,-1.687,2,1
20,0,24,6,N,nb18,660,-0.016,1.866,2,0
20,0,24,6,N,nb19,660,-1.647,-0.35,1,1
20,0,24,6,N,nb20,660,0.531,-1.865,1,1
20,0,24,6,N,nb21,660,-1.331,-0.28,2,0
20,0,24,6,N,nb22,660,1.737,1.41,1,1
20,0,24,6,N,nb23,660,-1.103,-0.223,1,0
20,0,24,6,N,nb24,660,1.761,-0.676,1,1
20,0,24,6,N,nb25,660,-0.248,1.865,4,1
20,0,24,6,N,nb26,660,1.866,1.599,1,1
20,0,24,6,N,nb27,660,1.504,-1.866,2,1
20,0,24,6,N,nb28,660,-1.806,0.15,0,1
20,0,24,6,N,nb29,660,-1.866,-1.381,0,0
20,0,24,6,A,aa0,660,-1.085,0.252,3,1
20,0,24,6,A,aa1,660,0.083,1.494,0,0
20,0,24,6,A,aa2,660,-1.373,-1.784,0,0
20,0,24,6,A,aa3,660,1.673,-1.866,2,0
20,0,24,6,A,aa4,660,1.866,1.866,1,0
20,0,24,6,A,aa5,660,-0.254,-0.271,0,0
20,0,24,6,N,nb0,665,0.162,1.866,1,0
20,0,24,6,N,nb1,665,0.881,-0.275,1,1
20,0,24,6,N,nb2,665,0.701,-1.867,1,1
20,0,24,6,N,nb3,665,1.092,-1.865,1,1
20,0,24,6,N,nb4,665,-1.424,0.168,0,0
20,0,24,6,N,nb5,665,-0.363,1.635,3,0
20,0,24,6,N,nb6,665,1.866,-1.13,1,1
20,0,24,6,N,nb7,665,-0.426,1.792,3,1
20,0,24,6,N,nb8,665,0.926,-0.504,1,1
20,0,24,6,N,nb9,665,-1.865,1.646,1,1
20,0,24,6,N,nb10,665,-1.867,1.41,1,1
20,0,24,6,N,nb11,665,1.866,-0.893,2,1
20,0,24,6,N,nb12,665,-0.002,0.197,0,0
20,0,24,6,N,nb13,665,-1.558,-0.214,2,0
20,0,24,6,N,nb14,665,-0.569,1.699,2,1
20,0,24,6,N,nb15,665,-0.144,1.743,3,0
20,0,24,6,N,nb16,665,1.335,-1.852,3,1
20,0,24,6,N,nb17,665,1.441,-1.687,2,1
20,0,24,6,N,nb18,665,-0.027,1.866,3,0
20,0,24,6,N,nb19,665,-1.653,-0.354,1,1
20,0,24,6,N,nb20,665,0.531,-1.865,1,1
20,0,24,6,N,nb21,665,-1.4,-0.276,1,0
20,0,24,6,N,nb22,665,1.737,1.41,1,1
20,0,24,6,N,nb23,665,-1.022,-0.273,0,0
20,0,24,6,N,nb24,665,1.761,-0.676,1,1
20,0,24,6,N,nb25,665,-0.262,1.865,3,1
20,0,24,6,N,nb26,665,1.866,1.599,1,1
20,0,24,6,N,nb27,665,1.504,-1.866,2,1
20,0,24,6,N,nb28,665,-1.806,0.15,0,1
20,0,24,6,N,nb29,665,-1.866,-1.331,0,0
20,0,24,6,A,aa0,665,-1.048,0.256,0,0
20,0,24,6,A,aa1,665,0.149,1.569,0,0
20,0,24,6,A,aa2,665,-1.447,-1.833,0,0
20,0,24,6,A,aa3,665,1.673,-1.863,2,0
20,0,24,6,A,aa4,665,1.866,1.866,1,0
20,0,24,6,A,aa5,665,-0.342,-0.224,0,0
20,0,24,6,N,nb0,670,0.122,1.865,1,1
20,0,24,6,N,nb1,670,0.881,-0.275,1,1
20,0,24,6,N,nb2,670,0.701,-1.867,1,1
20,0,24,6,N,nb3,670,1.092,-1.865,1,1
20,0,24,6,N,nb4,670,-1.339,0.115,0,0
20,0,24,6,N,nb5,670,-0.417,1.619,2,1
20,0,24,6,N,nb6,670,1.866,-1.13,1,1
20,0,24,6,N,nb7,670,-0.426,1.792,3,1
20,0,24,6,N,nb8,670,0.926,-0.504,1,1
20,0,24,6,N,nb9,670,-1.865,1.646,1,1
20,0,24,6,N,nb10,670,-1.867,1.41,1,1
20,0,24,6,N,nb11,670,1.866,-0.893,2,1
20,0,24,6,N,nb12,670,0.093,0.164,0,0
20,0,24,6,N,nb13,670,-1.639,-0.222,2,1
20,0,24,6,N,nb14,670,-0.569,1.699,2,1
20,0,24,6,N,nb15,670,-0.16,1.739,2,1
20,0,24,6,N,nb16,670,1.335,-1.852,3,1
20,0,24,6,N,nb17,670,1.441,-1.687,2,1
20,0,24,6,N,nb18,670,-0.047,1.866,3,1
20,0,24,6,N,nb19,670,-1.693,-0.383,2,1
20,0,24,6,N,nb20,670,0.531,-1.865,1,1
20,0,24,6,N,nb21,670,-1.479,-0.279,2,1
20,0,24,6,N,nb22,670,1.737,1.41,1,0
20,0,24,6,N,nb23,670,-0.936,-0.325,0,0
20,0,24,6,N,nb24,670,1.761,-0.676,1,1
20,0,24,6,N,nb25,670,-0.274,1.865,3,1
20,0,24,6,N,nb26,670,1.866,1.599,1,0
20,0,24,6,N,nb27,670,1.504,-1.866,2,1
20,0,24,6,N,nb28,670,-1.806,0.15,0,1
20,0,24,6,N,nb29,670,-1.866,-1.268,0,0
20,0,24,6,A,aa0,670,-0.949,0.269,0,0
20,0,24,6,A,aa1,670,0.212,1.641,3,1
20,0,24,6,A,aa2,670,-1.528,-1.865,0,0
20,0,24,6,A,aa3,670,1.672,-1.844,2,0
20,0,24,6,A,aa4,670,1.866,1.864,1,0
20,0,24,6,A,aa5,670,-0.431,-0.178,0,0
20,0,24,6,N,nb0,675,0.092,1.865,1,0
20,0,24,6,N,nb1,675,0.881,-0.275,1,1
20,0,24,6,N,nb2,675,0.701,-1.867,1,1
20,0,24,6,N,nb3,675,1.092,-1.865,1,1
20,0,24,6,N,nb4,675,-1.255,0.061,0,0
20,0,24,6,N,nb5,675,-0.417,1.619,2,1
20,0,24,6,N,nb6,675,1.866,-1.13,1,1
20,0,24,6,N,nb7,675,-0.426,1.792,3,1
20,0,24,6,N,nb8,675,0.926,-0.504,1,1
20,0,24,6,N,nb9,675,-1.865,1.646,1,1
20,0,24,6,N,nb10,675,-1.867,1.41,1,1
20,0,24,6,N,nb11,675,1.866,-0.893,2,1
20,0,24,6,N,nb12,675,0.187,0.132,0,0
20,0,24,6,N,nb13,675,-1.642,-0.222,2,1
20,0,24,6,N,nb14,675,-0.569,1.699,2,1
20,0,24,6,N,nb15,675,-0.175,1.727,2,0
20,0,24,6,N,nb16,675,1.335,-1.852,3,0
20,0,24,6,N,nb17,675,1.441,-1.687,2,1
20,0,24,6,N,nb18,675,-0.077,1.865,3,0
20,0,24,6,N,nb19,675,-1.694,-0.384,2,1
20,0,24,6,N,nb20,675,0.531,-1.865,1,1
20,0,24,6,N,nb21,675,-1.482,-0.279,2,1
20,0,24,6,N,nb22,675,1.737,1.41,1,1
20,0,24,6,N,nb23,675,-0.851,-0.377,0,0
20,0,24,6,N,nb24,675,1.761,-0.676,1,1
20,0,24,6,N,nb25,675,-0.274,1.865,3,1
20,0,24,6,N,nb26,675,1.866,1.599,1,1
20,0,24,6,N,nb27,675,1.504,-1.866,2,1
20,0,24,6,N,nb28,675,-1.798,0.117,0,0
20,0,24,6,N,nb29,675,-1.866,-1.195,0,0
20,0,24,6,A,aa0,675,-0.85,0.281,0,0
20,0,24,6,A,aa1,675,0.279,1.703,0,0
20,0,24,6,A,aa2,675,-1.581,-1.865,0,0
20,0,24,6,A,aa3,675,1.658,-1.797,2,0
20,0,24,6,A,aa4,675,1.866,1.851,1,0
20,0,24,6,A,aa5,675,-0.519,-0.131,0,0
20,0,24,6,N,nb0,680,0.065,1.862,1,0
20,0,24,6,N,nb1,680,0.881,-0.275,1,1
20,0,24,6,N,nb2,680,0.701,-1.867,1,1
20,0,24,6,N,nb3,680,1.092,-1.865,1,1
20,0,24,6,N,nb4,680,-1.171,0.008,0,0
20,0,24,6,N,nb5,680,-0.417,1.619,3,1
20,0,24,6,N,nb6,680,1.866,-1.13,1,1
20,0,24,6,N,nb7,680,-0.427,1.792,4,1
20,0,24,6,N,nb8,680,0.926,-0.504,1,1
20,0,24,6,N,nb9,680,-1.865,1.646,1,1
20,0,24,6,N,nb10,680,-1.867,1.41,1,1
20,0,24,6,N,nb11,680,1.866,-0.893,2,1
20,0,24,6,N,nb12,680,0.282,0.1,0,0
20,0,24,6,N,nb13,680,-1.642,-0.222,2,1
20,0,24,6,N,nb14,680,-0.569,1.699,2,1
20,0,24,6,N,nb15,680,-0.216,1.706,4,0
20,0,24,6,N,nb16,680,1.335,-1.852,3,1
20,0,24,6,N,nb17,680,1.441,-1.687,2,1
20,0,24,6,N,nb18,680,-0.104,1.865,3,0
20,0,24,6,N,nb19,680,-1.694,-0.384,2,1
20,0,24,6,N,nb20,680,0.531,-1.865,1,1
20,0,24,6,N,nb21,680,-1.482,-0.279,2,1
20,0,24,6,N,nb22,680,1.737,1.41,1,1
20,0,24,6,N,nb23,680,-0.765,-0.429,0,0
20,0,24,6,N,nb24,680,1.761,-0.676,1,1
20,0,24,6,N,nb25,680,-0.274,1.865,3,1
20,0,24,6,N,nb26,680,1.866,1.599,1,1
20,0,24,6,N,nb27,680,1.504,-1.866,2,1
20,0,24,6,N,nb28,680,-1.77,0.027,0,0
20,0,24,6,N,nb29,680,-1.866,-1.115,0,0
20,0,24,6,A,aa0,680,-0.75,0.294,0,0
20,0,24,6,A,aa1,680,0.357,1.761,0,0
20,0,24,6,A,aa2,680,-1.581,-1.865,0,0
20,0,24,6,A,aa3,680,1.61,-1.728,2,0
20,0,24,6,A,aa4,680,1.866,1.825,1,0
20,0,24,6,A,aa5,680,-0.608,-0.085,0,0
20,0,24,6,N,nb0,685,0.065,1.859,1,1
20,0,24,6,N,nb1,685,0.881,-0.275,1,1
20,0,24,6,N,nb2,685,0.701,-1.867,1,1
20,0,24,6,N,nb3,685,1.092,-1.865,1,1
20,0,24,6,N,nb4,685,-1.086,-0.046,0,0
20,0,24,6,N,nb5,685,-0.417,1.619,3,1
20,0,24,6,N,nb6,685,1.866,-1.13,1,1
20,0,24,6,N,nb7,685,-0.427,1.792,4,1
20,0,24,6,N,nb8,685,0.926,-0.504,1,1
20,0,24,6,N,nb9,685,-1.865,1.646,1,1
20,0,24,6,N,nb10,685,-1.867,1.41,1,0
20,0,24,6,N,nb11,685,1.866,-0.893,2,1
20,0,24,6,N,nb12,685,0.377,0.068,0,0
20,0,24,6,N,nb13,685,-1.642,-0.222,3,1
20,0,24,6,N,nb14,685,-0.569,1.699,2,1
20,0,24,6,N,nb15,685,-0.243,1.698,4,1
20,0,24,6,N,nb16,685,1.328,-1.852,3,0
20,0,24,6,N,nb17,685,1.406,-1.701,2,0
20,0,24,6,N,nb18,685,-0.104,1.865,3,1
20,0,24,6,N,nb19,685,-1.694,-0.384,2,1
20,0,24,6,N,nb20,685,0.531,-1.865,1,1
20,0,24,6,N,nb21,685,-1.482,-0.279,2,1
20,0,24,6,N,nb22,685,1.737,1.41,1,1
20,0,24,6,N,nb23,685,-0.68,-0.481,0,0
20,0,24,6,N,nb24,685,1.761,-0.676,1,1
20,0,24,6,N,nb25,685,-0.274,1.865,3,1
20,0,24,6,N,nb26,685,1.866,1.599,1,1
20,0,24,6,N,nb27,685,1.496,-1.866,2,0
20,0,24,6,N,nb28,685,-1.757,-0.009,1,1
20,0,24,6,N,nb29,685,-1.866,-1.029,0,0
20,0,24,6,A,aa0,685,-0.651,0.306,0,0
20,0,24,6,A,aa1,685,0.432,1.813,1,0
20,0,24,6,A,aa2,685,-1.591,-1.865,0,0
20,0,24,6,A,aa3,685,1.575,-1.665,0,0
20,0,24,6,A,aa4,685,1.866,1.784,1,0
20,0,24,6,A,aa5,685,-0.697,-0.039,0,0
20,0,24,6,N,nb0,690,0.065,1.859,1,1
20,0,24,6,N,nb1,690,0.881,-0.275,1,1
20,0,24,6,N,nb2,690,0.701,-1.867,1,1
20,0,24,6,N,nb3,690,1.092,-1.865,1,1
20,0,24,6,N,nb4,690,-1.003,-0.098,0,0
20,0,24,6,N,nb5,690,-0.417,1.619,3,1
20,0,24,6,N,nb6,690,1.866,-1.13,1,1
20,0,24,6,N,nb7,690,-0.427,1.792,4,1
20,0,24,6,N,nb8,690,0.926,-0.504,1,1
20,0,24,6,N,nb9,690,-1.865,1.646,1,1
20,0,24,6,N,nb10,690,-1.867,1.41,1,1
20,0,24,6,N,nb11,690,1.866,-0.893,2,1
20,0,24,6,N,nb12,690,0.471,0.035,0,0
20,0,24,6,N,nb13,690,-1.642,-0.222,3,1
20,0,24,6,N,nb14,690,-0.569,1.699,2,1
20,0,24,6,N,nb15,690,-0.243,1.698,4,1
20,0,24,6,N,nb16,690,1.274,-1.865,3,0
20,0,24,6,N,nb17,690,1.359,-1.718,2,0
20,0,24,6,N,nb18,690,-0.104,1.865,3,1
20,0,24,6,N,nb19,690,-1.694,-0.384,2,1
20,0,24,6,N,nb20,690,0.531,-1.865,1,1
20,0,24,6,N,nb21,690,-1.482,-0.279,2,1
20,0,24,6,N,nb22,690,1.737,1.41,1,1
20,0,24,6,N,nb23,690,-0.595,-0.533,0,0
20,0,24,6,N,nb24,690,1.761,-0.676,1,1
20,0,24,6,N,nb25,690,-0.274,1.865,3,0
20,0,24,6,N,nb26,690,1.866,1.599,1,1
20,0,24,6,N,nb27,690,1.443,-1.865,2,0
20,0,24,6,N,nb28,690,-1.757,-0.009,1,1
20,0,24,6,N,nb29,690,-1.866,-0.94,0,0
20,0,24,6,A,aa0,690,-0.588,0.314,0,0
20,0,24,6,A,aa1,690,0.513,1.852,1,0
20,0,24,6,A,aa2,690,-1.618,-1.865,0,0
20,0,24,6,A,aa3,690,1.533,-1.583,1,0
20,0,24,6,A,aa4,690,1.866,1.768,1,0
20,0,24,6,A,aa5,690,-0.783,0.007,0,0
20,0,24,6,N,nb0,695,0.065,1.859,1,1
20,0,24,6,N,nb1,695,0.881,-0.275,1,1
20,0,24,6,N,nb2,695,0.701,-1.867,1,1
20,0,24,6,N,nb3,695,1.089,-1.865,1,1
20,0,24,6,N,nb4,695,-0.931,-0.153,0,0
20,0,24,6,N,nb5,695,-0.417,1.619,3,1
20,0,24,6,N,nb6,695,1.866,-1.13,1,1
20,0,24,6,N,nb7,695,-0.427,1.792,4,1
20,0,24,6,N,nb8,695,0.926,-0.504,1,1
20,0,24,6,N,nb9,695,-1.865,1.646,1,1
20,0,24,6,N,nb10,695,-1.867,1.41,1,1
20,0,24,6,N,nb11,695,1.866,-0.893,2,1
20,0,24,6,N,nb12,695,0.566,0.003,0,0
20,0,24,6,N,nb13,695,-1.642,-0.222,3,1
20,0,24,6,N,nb14,695,-0.569,1.699,2,1
20,0,24,6,N,nb15,695,-0.243,1.698,4,1
20,0,24,6,N,nb16,695,1.259,-1.865,3,1
20,0,24,6,N,nb17,695,1.344,-1.718,2,1
20,0,24,6,N,nb18,695,-0.104,1.865,3,1
20,0,24,6,N,nb19,695,-1.694,-0.384,2,1
20,0,24,6,N,nb20,695,0.531,-1.865,1,1
20,0,24,6,N,nb21,695,-1.482,-0.279,2,1
20,0,24,6,N,nb22,695,1.737,1.41,1,1
20,0,24,6,N,nb23,695,-0.509,-0.585,0,0
20,0,24,6,N,nb24,695,1.761,-0.676,1,1
20,0,24,6,N,nb25,695,-0.274,1.865,3,1
20,0,24,6,N,nb26,695,1.866,1.599,1,1
20,0,24,6,N,nb27,695,1.428,-1.865,2,1
20,0,24,6,N,nb28,695,-1.757,-0.009,1,1
20,0,24,6,N,nb29,695,-1.866,-0.848,0,0
20,0,24,6,A,aa0,695,-0.545,0.35,0,0
20,0,24,6,A,aa1,695,0.598,1.865,1,0
20,0,24,6,A,aa2,695,-1.661,-1.865,0,0
20,0,24,6,A,aa3,695,1.511,-1.528,2,0
20,0,24,6,A,aa4,695,1.866,1.768,1,0
20,0,24,6,A,aa5,695,-0.86,0.056,0,0
20,0,24,6,N,nb0,700,0.065,1.859,1,1
20,0,24,6,N,nb1,700,0.881,-0.275,1,1
20,0,24,6,N,nb2,700,0.701,-1.867,1,1
20,0,24,6,N,nb3,700,1.089,-1.865,1,1
20,0,24,6,N,nb4,700,-0.86,-0.219,0,0
20,0,24,6,N,nb5,700,-0.417,1.619,3,1
20,0,24,6,N,nb6,700,1.866,-1.097,1,0
20,0,24,6,N,nb7,700,-0.427,1.792,4,1
20,0,24,6,N,nb8,700,0.926,-0.504,1,1
20,0,24,6,N,nb9,700,-1.865,1.646,1,1
20,0,24,6,N,nb10,700,-1.867,1.41,1,1
20,0,24,6,N,nb11,700,1.866,-0.893,2,1
20,0,24,6,N,nb12,700,0.661,-0.029,0,0
20,0,24,6,N,nb13,700,-1.642,-0.222,3,0
20,0,24,6,N,nb14,700,-0.569,1.699,2,1
20,0,24,6,N,nb15,700,-0.243,1.698,4,1
20,0,24,6,N,nb16,700,1.259,-1.865,3,1
20,0,24,6,N,nb17,700,1.344,-1.718,2,0
20,0,24,6,N,nb18,700,-0.104,1.865,3,1
20,0,24,6,N,nb19,700,-1.694,-0.384,2,1
20,0,24,6,N,nb20,700,0.531,-1.865,1,1
20,0,24,6,N,nb21,700,-1.482,-0.279,2,0
20,0,24,6,N,nb22,700,1.737,1.41,1,1
20,0,24,6,N,nb23,700,-0.424,-0.637,0,0
20,0,24,6,N,nb24,700,1.761,-0.676,1,1
20,0,24,6,N,nb25,700,-0.274,1.865,3,1
20,0,24,6,N,nb26,700,1.866,1.599,1,1
20,0,24,6,N,nb27,700,1.428,-1.865,2,0
20,0,24,6,N,nb28,700,-1.757,-0.009,1,1
20,0,24,6,N,nb29,700,-1.858,-0.756,0,0
20,0,24,6,A,aa0,700,-0.468,0.415,0,0
20,0,24,6,A,aa1,700,0.687,1.865,0,0
20,0,24,6,A,aa2,700,-1.717,-1.865,0,0
20,0,24,6,A,aa3,700,1.511,-1.528,0,0
20,0,24,6,A,aa4,700,1.866,1.768,1,0
20,0,24,6,A,aa5,700,-0.936,0.116,0,0
20,0,24,6,N,nb0,705,0.065,1.859,1,1
20,0,24,6,N,nb1,705,0.881,-0.275,1,1
20,0,24,6,N,nb2,705,0.701,-1.867,1,1
20,0,24,6,N,nb3,705,1.089,-1.865,1,1
20,0,24,6,N,nb4,705,-0.788,-0.288,0,0
20,0,24,6,N,nb5,705,-0.417,1.619,3,1
20,0,24,6,N,nb6,705,1.865,-1.032,1,0
20,0,24,6,N,nb7,705,-0.427,1.792,4,1
20,0,24,6,N,nb8,705,0.926,-0.504,1,1
20,0,24,6,N,nb9,705,-1.865,1.646,1,1
20,0,24,6,N,nb10,705,-1.867,1.41,1,1
20,0,24,6,N,nb11,705,1.858,-0.863,2,1
20,0,24,6,N,nb12,705,0.753,-0.06,0,0
20,0,24,6,N,nb13,705,-1.642,-0.222,3,1
20,0,24,6,N,nb14,705,-0.569,1.699,2,1
20,0,24,6,N,nb15,705,-0.243,1.698,4,1
20,0,24,6,N,nb16,705,1.259,-1.865,3,1
20,0,24,6,N,nb17,705,1.339,-1.715,2,0
20,0,24,6,N,nb18,705,-0.104,1.865,3,1
20,0,24,6,N,nb19,705,-1.694,-0.384,2,1
20,0,24,6,N,nb20,705,0.531,-1.865,1,1
20,0,24,6,N,nb21,705,-1.482,-0.279,2,1
20,0,24,6,N,nb22,705,1.737,1.41,1,1
20,0,24,6,N,nb23,705,-0.338,-0.689,0,0
20,0,24,6,N,nb24,705,1.761,-0.676,1,1
20,0,24,6,N,nb25,705,-0.274,1.865,3,1
20,0,24,6,N,nb26,705,1.863,1.593,1,1
20,0,24,6,N,nb27,705,1.428,-1.859,2,0
20,0,24,6,N,nb28,705,-1.757,-0.009,1,1
20,0,24,6,N,nb29,705,-1.84,-0.664,0,0
20,0,24,6,A,aa0,705,-0.391,0.479,0,0
20,0,24,6,A,aa1,705,0.778,1.865,0,0
20,0,24,6,A,aa2,705,-1.785,-1.865,0,0
20,0,24,6,A,aa3,705,1.443,-1.52,0,0
20,0,24,6,A,aa4,705,1.866,1.762,1,0
20,0,24,6,A,aa5,705,-1.013,0.179,0,0
20,0,24,6,N,nb0,710,0.065,1.859,1,1
20,0,24,6,N,nb1,710,0.881,-0.275,2,1
20,0,24,6,N,nb2,710,0.701,-1.867,1,1
20,0,24,6,N,nb3,710,1.089,-1.865,1,1
20,0,24,6,N,nb4,710,-0.716,-0.358,0,0
20,0,24,6,N,nb5,710,-0.417,1.619,3,1
20,0,24,6,N,nb6,710,1.863,-1.001,1,1
20,0,24,6,N,nb7,710,-0.427,1.792,4,1
20,0,24,6,N,nb8,710,0.926,-0.504,1,1
20,0,24,6,N,nb9,710,-1.865,1.646,1,1
20,0,24,6,N,nb10,710,-1.867,1.41,1,1
20,0,24,6,N,nb11,710,1.849,-0.832,2,1
20,0,24,6,N,nb12,710,0.772,-0.066,1,1
20,0,24,6,N,nb13,710,-1.642,-0.222,3,1
20,0,24,6,N,nb14,710,-0.569,1.699,2,1
20,0,24,6,N,nb15,710,-0.243,1.698,4,1
20,0,24,6,N,nb16,710,1.259,-1.865,3,1
20,0,24,6,N,nb17,710,1.326,-1.709,2,1
20,0,24,6,N,nb18,710,-0.104,1.865,3,1
20,0,24,6,N,nb19,710,-1.694,-0.384,3,1
20,0,24,6,N,nb20,710,0.531,-1.865,1,1
20,0,24,6,N,nb21,710,-1.482,-0.279,2,1
20,0,24,6,N,nb22,710,1.737,1.41,1,1
20,0,24,6,N,nb23,710,-0.253,-0.741,0,0
20,0,24,6,N,nb24,710,1.761,-0.676,1,1
20,0,24,6,N,nb25,710,-0.274,1.865,3,1
20,0,24,6,N,nb26,710,1.85,1.558,1,1
20,0,24,6,N,nb27,710,1.427,-1.845,2,1
20,0,24,6,N,nb28,710,-1.757,-0.009,1,1
20,0,24,6,N,nb29,710,-1.818,-0.59,1,1
20,0,24,6,A,aa0,710,-0.315,0.543,0,0
20,0,24,6,A,aa1,710,0.87,1.86,0,0
20,0,24,6,A,aa2,710,-1.86,-1.865,0,0
20,0,24,6,A,aa3,710,1.354,-1.498,2,0
20,0,24,6,A,aa4,710,1.866,1.727,1,0
20,0,24,6,A,aa5,710,-1.09,0.243,0,0
20,0,24,6,N,nb0,715,0.065,1.859,1,1
20,0,24,6,N,nb1,715,0.881,-0.275,2,1
20,0,24,6,N,nb2,715,0.701,-1.867,1,1
20,0,24,6,N,nb3,715,1.089,-1.865,1,1
20,0,24,6,N,nb4,715,-0.644,-0.427,0,0
20,0,24,6,N,nb5,715,-0.417,1.619,3,1
20,0,24,6,N,nb6,715,1.863,-1.001,1,1
20,0,24,6,N,nb7,715,-0.427,1.792,4,1
20,0,24,6,N,nb8,715,0.926,-0.504,1,1
20,0,24,6,N,nb9,715,-1.865,1.646,1,1
20,0,24,6,N,nb10,715,-1.867,1.41,1,1
20,0,24,6,N,nb11,715,1.849,-0.832,2,1
20,0,24,6,N,nb12,715,0.772,-0.066,1,1
20,0,24,6,N,nb13,715,-1.642,-0.222,3,1
20,0,24,6,N,nb14,715,-0.569,1.699,2,1
20,0,24,6,N,nb15,715,-0.243,1.698,4,1
20,0,24,6,N,nb16,715,1.259,-1.865,3,1
20,0,24,6,N,nb17,715,1.326,-1.709,2,1
20,0,24,6,N,nb18,715,-0.104,1.865,3,1
20,0,24,6,N,nb19,715,-1.694,-0.384,3,1
20,0,24,6,N,nb20,715,0.531,-1.865,1,1
20,0,24,6,N,nb21,715,-1.482,-0.279,2,1
20,0,24,6,N,nb22,715,1.737,1.409,1,1
20,0,24,6,N,nb23,715,-0.168,-0.793,0,0
20,0,24,6,N,nb24,715,1.761,-0.676,1,1
20,0,24,6,N,nb25,715,-0.274,1.865,3,1
20,0,24,6,N,nb26,715,1.845,1.54,1,1
20,0,24,6,N,nb27,715,1.427,-1.845,2,1
20,0,24,6,N,nb28,715,-1.757,-0.009,1,1
20,0,24,6,N,nb29,715,-1.818,-0.59,1,1
20,0,24,6,A,aa0,715,-0.238,0.607,0,0
20,0,24,6,A,aa1,715,0.962,1.845,0,0
20,0,24,6,A,aa2,715,-1.866,-1.865,0,0
20,0,24,6,A,aa3,715,1.266,-1.465,2,0
20,0,24,6,A,aa4,715,1.866,1.708,1,0
20,0,24,6,A,aa5,715,-1.167,0.307,0,0
20,0,24,6,N,nb0,720,0.065,1.859,1,1
20,0,24,6,N,nb1,720,0.881,-0.275,2,1
20,0,24,6,N,nb2,720,0.701,-1.867,1,0
20,0,24,6,N,nb3,720,1.089,-1.865,1,1
20,0,24,6,N,nb4,720,-0.572,-0.497,0,0
20,0,24,6,N,nb5,720,-0.417,1.619,3,1
20,0,24,6,N,nb6,720,1.863,-1.001,1,1
20,0,24,6,N,nb7,720,-0.427,1.792,4,1
20,0,24,6,N,nb8,720,0.926,-0.504,1,1
20,0,24,6,N,nb9,720,-1.865,1.646,1,1
20,0,24,6,N,nb10,720,-1.867,1.41,1,1
20,0,24,6,N,nb11,720,1.849,-0.832,2,1
20,0,24,6,N,nb12,720,0.772,-0.066,1,1
20,0,24,6,N,nb13,720,-1.642,-0.222,3,1
20,0,24,6,N,nb14,720,-0.569,1.699,2,1
20,0,24,6,N,nb15,720,-0.243,1.698,4,1
20,0,24,6,N,nb16,720,1.259,-1.865,3,1
20,0,24,6,N,nb17,720,1.326,-1.709,2,1
20,0,24,6,N,nb18,720,-0.104,1.865,3,1
20,0,24,6,N,nb19,720,-1.694,-0.384,3,1
20,0,24,6,N,nb20,720,0.531,-1.865,1,0
20,0,24,6,N,nb21,720,-1.482,-0.279,2,1
20,0,24,6,N,nb22,720,1.737,1.409,1,1
20,0,24,6,N,nb23,720,-0.082,-0.845,0,0
20,0,24,6,N,nb24,720,1.761,-0.676,1,1
20,0,24,6,N,nb25,720,-0.274,1.865,3,1
20,0,24,6,N,nb26,720,1.845,1.54,1,1
20,0,24,6,N,nb27,720,1.427,-1.845,2,1
20,0,24,6,N,nb28,720,-1.757,-0.009,1,1
20,0,24,6,N,nb29,720,-1.818,-0.59,1,1
20,0,24,6,A,aa0,720,-0.161,0.671,0,0
20,0,24,6,A,aa1,720,1.052,1.822,0,0
20,0,24,6,A,aa2,720,-1.866,-1.865,0,0
20,0,24,6,A,aa3,720,1.263,-1.464,2,0
20,0,24,6,A,aa4,720,1.866,1.708,1,0
20,0,24,6,A,aa5,720,-1.244,0.37,0,0
20,0,24,6,N,nb0,725,0.065,1.859,1,1
20,0,24,6,N,nb1,725,0.881,-0.275,2,1
20,0,24,6,N,nb2,725,0.701,-1.867,1,1
20,0,24,6,N,nb3,725,1.089,-1.865,1,1
20,0,24,6,N,nb4,725,-0.5,-0.566,0,0
20,0,24,6,N,nb5,725,-0.417,1.619,3,1
20,0,24,6,N,nb6,725,1.863,-1.001,1,1
20,0,24,6,N,nb7,725,-0.427,1.792,4,1
20,0,24,6,N,nb8,725,0.926,-0.504,1,1
20,0,24,6,N,nb9,725,-1.865,1.646,1,1
20,0,24,6,N,nb10,725,-1.867,1.41,1,1
20,0,24,6,N,nb11,725,1.849,-0.832,2,1
20,0,24,6,N,nb12,725,0.772,-0.066,1,1
20,0,24,6,N,nb13,725,-1.642,-0.222,3,1
20,0,24,6,N,nb14,725,-0.569,1.699,2,0
20,0,24,6,N,nb15,725,-0.243,1.698,4,1
20,0,24,6,N,nb16,725,1.259,-1.865,3,1
20,0,24,6,N,nb17,725,1.326,-1.709,2,1
20,0,24,6,N,nb18,725,-0.104,1.865,3,1
20,0,24,6,N,nb19,725,-1.694,-0.384,3,1
20,0,24,6,N,nb20,725,0.531,-1.865,1,1
20,0,24,6,N,nb21,725,-1.482,-0.279,2,1
20,0,24,6,N,nb22,725,1.737,1.409,1,1
20,0,24,6,N,nb23,725,0.003,-0.897,0,0
20,0,24,6,N,nb24,725,1.761,-0.676,1,1
20,0,24,6,N,nb25,725,-0.274,1.865,3,1
20,0,24,6,N,nb26,725,1.845,1.54,1,1
20,0,24,6,N,nb27,725,1.427,-1.845,2,1
20,0,24,6,N,nb28,725,-1.757,-0.009,1,1
20,0,24,6,N,nb29,725,-1.818,-0.59,1,1
20,0,24,6,A,aa0,725,-0.084,0.735,0,0
20,0,24,6,A,aa1,725,1.14,1.79,0,0
20,0,24,6,A,aa2,725,-1.866,-1.865,0,0
20,0,24,6,A,aa3,725,1.198,-1.493,2,0
20,0,24,6,A,aa4,725,1.866,1.708,1,0
20,0,24,6,A,aa5,725,-1.293,0.411,0,0
20,0,24,6,N,nb0,730,0.065,1.859,1,1
20,0,24,6,N,nb1,730,0.881,-0.275,2,1
20,0,24,6,N,nb2,730,0.71,-1.867,1,0
20,0,24,6,N,nb3,730,1.089,-1.866,1,0
20,0,24,6,N,nb4,730,-0.427,-0.635,0,0
20,0,24,6,N,nb5,730,-0.417,1.619,3,1
20,0,24,6,N,nb6,730,1.863,-1.001,1,1
20,0,24,6,N,nb7,730,-0.427,1.792,4,1
20,0,24,6,N,nb8,730,0.926,-0.504,1,1
20,0,24,6,N,nb9,730,-1.865,1.646,1,1
20,0,24,6,N,nb10,730,-1.867,1.41,1,1
20,0,24,6,N,nb11,730,1.849,-0.832,2,1
20,0,24,6,N,nb12,730,0.772,-0.066,1,1
20,0,24,6,N,nb13,730,-1.642,-0.222,3,1
20,0,24,6,N,nb14,730,-0.569,1.699,2,1
20,0,24,6,N,nb15,730,-0.243,1.698,4,1
20,0,24,6,N,nb16,730,1.259,-1.865,3,0
20,0,24,6,N,nb17,730,1.314,-1.705,2,0
20,0,24,6,N,nb18,730,-0.104,1.865,3,1
20,0,24,6,N,nb19,730,-1.694,-0.384,3,1
20,0,24,6,N,nb20,730,0.531,-1.865,1,1
20,0,24,6,N,nb21,730,-1.482,-0.279,2,1
20,0,24,6,N,nb22,730,1.737,1.409,1,1
20,0,24,6,N,nb23,730,0.089,-0.95,0,0
20,0,24,6,N,nb24,730,1.761,-0.676,1,1
20,0,24,6,N,nb25,730,-0.274,1.865,3,1
20,0,24,6,N,nb26,730,1.845,1.54,1,1
20,0,24,6,N,nb27,730,1.427,-1.845,2,1
20,0,24,6,N,nb28,730,-1.757,-0.009,1,1
20,0,24,6,N,nb29,730,-1.818,-0.59,1,1
20,0,24,6,A,aa0,730,-0.008,0.799,0,0
20,0,24,6,A,aa1,730,1.227,1.75,0,0
20,0,24,6,A,aa2,730,-1.866,-1.865,0,0
20,0,24,6,A,aa3,730,1.108,-1.523,0,0
20,0,24,6,A,aa4,730,1.866,1.708,1,0
20,0,24,6,A,aa5,730,-1.293,0.411,0,0
20,0,24,6,N,nb0,735,0.065,1.859,1,1
20,0,24,6,N,nb1,735,0.881,-0.275,2,1
20,0,24,6,N,nb2,735,0.747,-1.867,1,0
20,0,24,6,N,nb3,735,1.094,-1.866,2,0
20,0,24,6,N,nb4,735,-0.355,-0.705,0,0
20,0,24,6,N,nb5,735,-0.417,1.619,3,1
20,0,24,6,N,nb6,735,1.863,-1.001,1,1
20,0,24,6,N,nb7,735,-0.427,1.792,4,1
20,0,24,6,N,nb8,735,0.926,-0.504,1,1
20,0,24,6,N,nb9,735,-1.865,1.646,1,1
20,0,24,6,N,nb10,735,-1.867,1.41,1,1
20,0,24,6,N,nb11,735,1.849,-0.832,2,1
20,0,24,6,N,nb12,735,0.772,-0.066,1,1
20,0,24,6,N,nb13,735,-1.642,-0.222,3,1
20,0,24,6,N,nb14,735,-0.569,1.699,2,1
20,0,24,6,N,nb15,735,-0.243,1.698,4,1
20,0,24,6,N,nb16,735,1.264,-1.865,3,0
20,0,24,6,N,nb17,735,1.257,-1.696,3,0
20,0,24,6,N,nb18,735,-0.104,1.865,3,1
20,0,24,6,N,nb19,735,-1.694,-0.384,3,1
20,0,24,6,N,nb20,735,0.531,-1.865,1,1
20,0,24,6,N,nb21,735,-1.482,-0.279,2,1
20,0,24,6,N,nb22,735,1.737,1.409,1,1
20,0,24,6,N,nb23,735,0.174,-1.002,0,0
20,0,24,6,N,nb24,735,1.761,-0.676,1,1
20,0,24,6,N,nb25,735,-0.274,1.865,3,1
20,0,24,6,N,nb26,735,1.845,1.54,1,1
20,0,24,6,N,nb27,735,1.432,-1.844,2,1
20,0,24,6,N,nb28,735,-1.757,-0.009,1,1
20,0,24,6,N,nb29,735,-1.818,-0.59,1,1
20,0,24,6,A,aa0,735,0.069,0.864,0,0
20,0,24,6,A,aa1,735,1.316,1.704,2,0
20,0,24,6,A,aa2,735,-1.857,-1.865,0,0
20,0,24,6,A,aa3,735,1.067,-1.536,0,0
20,0,24,6,A,aa4,735,1.864,1.708,1,0
20,0,24,6,A,aa5,735,-1.385,0.381,1,0
20,0,24,6,N,nb0,740,0.065,1.859,1,1
20,0,24,6,N,nb1,740,0.881,-0.275,2,1
20,0,24,6,N,nb2,740,0.776,-1.867,1,1
20,0,24,6,N,nb3,740,1.116,-1.866,2,1
20,0,24,6,N,nb4,740,-0.283,-0.774,0,0
20,0,24,6,N,nb5,740,-0.417,1.619,3,1
20,0,24,6,N,nb6,740,1.863,-1.001,1,1
20,0,24,6,N,nb7,740,-0.427,1.792,4,1
20,0,24,6,N,nb8,740,0.926,-0.504,1,1
20,0,24,6,N,nb9,740,-1.865,1.646,1,1
20,0,24,6,N,nb10,740,-1.867,1.41,1,1
20,0,24,6,N,nb11,740,1.849,-0.832,2,1
20,0,24,6,N,nb12,740,0.772,-0.066,1,1
20,0,24,6,N,nb13,740,-1.642,-0.222,3,1
20,0,24,6,N,nb14,740,-0.569,1.699,2,1
20,0,24,6,N,nb15,740,-0.243,1.698,4,1
20,0,24,6,N,nb16,740,1.286,-1.865,3,1
20,0,24,6,N,nb17,740,1.202,-1.706,2,1
20,0,24,6,N,nb18,740,-0.104,1.865,3,1
20,0,24,6,N,nb19,740,-1.694,-0.384,3,1
20,0,24,6,N,nb20,740,0.531,-1.865,1,1
20,0,24,6,N,nb21,740,-1.482,-0.279,2,1
20,0,24,6,N,nb22,740,1.737,1.409,1,1
20,0,24,6,N,nb23,740,0.259,-1.054,0,0
20,0,24,6,N,nb24,740,1.761,-0.676,1,1
20,0,24,6,N,nb25,740,-0.274,1.865,3,1
20,0,24,6,N,nb26,740,1.845,1.54,1,1
20,0,24,6,N,nb27,740,1.453,-1.841,1,1
20,0,24,6,N,nb28,740,-1.757,-0.009,1,1
20,0,24,6,N,nb29,740,-1.818,-0.59,1,1
20,0,24,6,A,aa0,740,0.146,0.928,0,0
20,0,24,6,A,aa1,740,1.405,1.659,2,0
20,0,24,6,A,aa2,740,-1.835,-1.865,0,0
20,0,24,6,A,aa3,740,1.067,-1.536,3,1
20,0,24,6,A,aa4,740,1.848,1.709,1,0
20,0,24,6,A,aa5,740,-1.446,0.362,1,0
20,0,24,6,N,nb0,745,0.065,1.859,1,1
20,0,24,6,N,nb1,745,0.881,-0.275,2,1
20,0,24,6,N,nb2,745,0.806,-1.867,0,0
20,0,24,6,N,nb3,745,1.116,-1.865,2,0
20,0,24,6,N,nb4,745,-0.211,-0.843,0,0
20,0,24,6,N,nb5,745,-0.417,1.619,3,1
20,0,24,6,N,nb6,745,1.863,-1.001,1,1
20,0,24,6,N,nb7,745,-0.427,1.792,4,1
20,0,24,6,N,nb8,745,0.926,-0.504,1,1
20,0,24,6,N,nb9,745,-1.865,1.646,1,1
20,0,24,6,N,nb10,745,-1.867,1.41,1,1
20,0,24,6,N,nb11,745,1.849,-0.832,2,1
20,0,24,6,N,nb12,745,0.772,-0.066,1,1
20,0,24,6,N,nb13,745,-1.642,-0.222,3,1
20,0,24,6,N,nb14,745,-0.569,1.699,2,1
20,0,24,6,N,nb15,745,-0.243,1.698,4,1
20,0,24,6,N,nb16,745,1.286,-1.865,3,1
20,0,24,6,N,nb17,745,1.189,-1.712,2,0
20,0,24,6,N,nb18,745,-0.104,1.865,3,1
20,0,24,6,N,nb19,745,-1.694,-0.384,3,1
20,0,24,6,N,nb20,745,0.541,-1.865,0,0
20,0,24,6,N,nb21,745,-1.482,-0.279,2,1
20,0,24,6,N,nb22,745,1.737,1.409,1,1
20,0,24,6,N,nb23,745,0.345,-1.106,0,0
20,0,24,6,N,nb24,745,1.761,-0.676,1,1
20,0,24,6,N,nb25,745,-0.274,1.865,3,1
20,0,24,6,N,nb26,745,1.845,1.54,1,1
20,0,24,6,N,nb27,745,1.453,-1.841,1,1
20,0,24,6,N,nb28,745,-1.757,-0.009,1,1
20,0,24,6,N,nb29,745,-1.818,-0.59,1,1
20,0,24,6,A,aa0,745,0.222,0.992,0,0
20,0,24,6,A,aa1,745,1.494,1.614,2,0
20,0,24,6,A,aa2,745,-1.799,-1.865,0,0
20,0,24,6,A,aa3,745,1.048,-1.617,0,0
20,0,24,6,A,aa4,745,1.807,1.705,1,0
20,0,24,6,A,aa5,745,-1.502,0.31,2,0
20,0,24,6,N,nb0,750,0.065,1.859,1,1
20,0,24,6,N,nb1,750,0.881,-0.275,2,1
20,0,24,6,N,nb2,750,0.869,-1.867,1,0
20,0,24,6,N,nb3,750,1.116,-1.865,3,0
20,0,24,6,N,nb4,750,-0.139,-0.913,0,0
20,0,24,6,N,nb5,750,-0.417,1.619,3,1
20,0,24,6,N,nb6,750,1.863,-1.001,1,1
20,0,24,6,N,nb7,750,-0.427,1.792,4,0
20,0,24,6,N,nb8,750,0.926,-0.504,1,1
20,0,24,6,N,nb9,750,-1.865,1.646,1,1
20,0,24,6,N,nb10,750,-1.867,1.41,1,1
20,0,24,6,N,nb11,750,1.849,-0.832,2,1
20,0,24,6,N,nb12,750,0.772,-0.066,1,1
20,0,24,6,N,nb13,750,-1.671,-0.228,3,0
20,0,24,6,N,nb14,750,-0.569,1.699,2,1
20,0,24,6,N,nb15,750,-0.243,1.698,4,1
20,0,24,6,N,nb16,750,1.286,-1.865,3,1
20,0,24,6,N,nb17,750,1.19,-1.712,2,0
20,0,24,6,N,nb18,750,-0.104,1.865,3,1
20,0,24,6,N,nb19,750,-1.704,-0.395,3,0
20,0,24,6,N,nb20,750,0.611,-1.865,0,0
20,0,24,6,N,nb21,750,-1.511,-0.283,2,0
20,0,24,6,N,nb22,750,1.737,1.409,1,1
20,0,24,6,N,nb23,750,0.43,-1.158,0,0
20,0,24,6,N,nb24,750,1.761,-0.676,1,1
20,0,24,6,N,nb25,750,-0.274,1.865,3,1
20,0,24,6,N,nb26,750,1.845,1.54,1,1
20,0,24,6,N,nb27,750,1.453,-1.841,1,1
20,0,24,6,N,nb28,750,-1.747,-0.039,1,0
20,0,24,6,N,nb29,750,-1.818,-0.59,1,1
20,0,24,6,A,aa0,750,0.299,1.056,0,0
20,0,24,6,A,aa1,750,1.579,1.57,2,0
20,0,24,6,A,aa2,750,-1.749,-1.865,0,0
20,0,24,6,A,aa3,750,1.047,-1.62,0,0
20,0,24,6,A,aa4,750,1.738,1.672,2,0
20,0,24,6,A,aa5,750,-1.576,0.243,0,0
20,0,24,6,N,nb0,755,0.065,1.859,1,1
20,0,24,6,N,nb1,755,0.881,-0.275,2,1
20,0,24,6,N,nb2,755,0.899,-1.867,2,0
20,0,24,6,N,nb3,755,1.116,-1.865,3,0
20,0,24,6,N,nb4,755,-0.067,-0.982,0,0
20,0,24,6,N,nb5,755,-0.417,1.619,3,1
20,0,24,6,N,nb6,755,1.863,-1.001,1,1
20,0,24,6,N,nb7,755,-0.427,1.792,4,1
20,0,24,6,N,nb8,755,0.926,-0.504,1,1
20,0,24,6,N,nb9,755,-1.865,1.646,1,1
20,0,24,6,N,nb10,755,-1.867,1.41,1,1
20,0,24,6,N,nb11,755,1.849,-0.832,2,0
20,0,24,6,N,nb12,755,0.772,-0.066,1,1
20,0,24,6,N,nb13,755,-1.759,-0.26,3,0
20,0,24,6,N,nb14,755,-0.569,1.699,2,1
20,0,24,6,N,nb15,755,-0.243,1.698,4,1
20,0,24,6,N,nb16,755,1.286,-1.865,3,1
20,0,24,6,N,nb17,755,1.193,-1.714,2,0
20,0,24,6,N,nb18,755,-0.104,1.865,3,1
20,0,24,6,N,nb19,755,-1.72,-0.425,3,1
20,0,24,6,N,nb20,755,0.676,-1.865,1,0
20,0,24,6,N,nb21,755,-1.594,-0.306,2,0
20,0,24,6,N,nb22,755,1.737,1.409,1,1
20,0,24,6,N,nb23,755,0.516,-1.21,0,0
20,0,24,6,N,nb24,755,1.761,-0.676,1,0
20,0,24,6,N,nb25,755,-0.274,1.865,3,1
20,0,24,6,N,nb26,755,1.845,1.54,1,1
20,0,24,6,N,nb27,755,1.453,-1.841,1,1
20,0,24,6,N,nb28,755,-1.751,-0.09,1,0
20,0,24,6,N,nb29,755,-1.818,-0.59,1,1
20,0,24,6,A,aa0,755,0.363,1.109,0,0
20,0,24,6,A,aa1,755,1.599,1.513,2,0
20,0,24,6,A,aa2,755,-1.688,-1.865,0,0
20,0,24,6,A,aa3,755,1.039,-1.643,3,1
20,0,24,6,A,aa4,755,1.702,1.646,2,0
20,0,24,6,A,aa5,755,-1.65,0.176,0,0
20,0,24,6,N,nb0,760,0.065,1.859,1,1
20,0,24,6,N,nb1,760,0.881,-0.275,2,1
20,0,24,6,N,nb2,760,0.948,-1.867,2,0
20,0,24,6,N,nb3,760,1.116,-1.865,3,0
20,0,24,6,N,nb4,760,0.005,-1.052,0,0
20,0,24,6,N,nb5,760,-0.417,1.619,3,0
20,0,24,6,N,nb6,760,1.863,-1.001,1,1
20,0,24,6,N,nb7,760,-0.427,1.792,4,1
20,0,24,6,N,nb8,760,0.926,-0.504,1,1
20,0,24,6,N,nb9,760,-1.865,1.646,1,1
20,0,24,6,N,nb10,760,-1.867,1.41,1,1
20,0,24,6,N,nb11,760,1.849,-0.832,2,1
20,0,24,6,N,nb12,760,0.772,-0.066,1,1
20,0,24,6,N,nb13,760,-1.817,-0.284,3,1
20,0,24,6,N,nb14,760,-0.569,1.699,2,1
20,0,24,6,N,nb15,760,-0.243,1.698,4,1
20,0,24,6,N,nb16,760,1.286,-1.865,3,1
20,0,24,6,N,nb17,760,1.201,-1.718,2,0
20,0,24,6,N,nb18,760,-0.104,1.865,3,1
20,0,24,6,N,nb19,760,-1.739,-0.44,3,1
20,0,24,6,N,nb20,760,0.739,-1.865,1,0
20,0,24,6,N,nb21,760,-1.625,-0.315,3,1
20,0,24,6,N,nb22,760,1.737,1.409,1,1
20,0,24,6,N,nb23,760,0.601,-1.262,0,0
20,0,24,6,N,nb24,760,1.761,-0.676,1,1
20,0,24,6,N,nb25,760,-0.274,1.865,3,1
20,0,24,6,N,nb26,760,1.845,1.54,1,1
20,0,24,6,N,nb27,760,1.453,-1.84,1,1
20,0,24,6,N,nb28,760,-1.742,-0.131,2,1
20,0,24,6,N,nb29,760,-1.818,-0.59,1,1
20,0,24,6,A,aa0,760,0.363,1.109,0,0
20,0,24,6,A,aa1,760,1.576,1.482,2,0
20,0,24,6,A,aa2,760,-1.673,-1.865,0,0
20,0,24,6,A,aa3,760,1.031,-1.707,0,0
20,0,24,6,A,aa4,760,1.637,1.638,2,0
20,0,24,6,A,aa5,760,-1.721,0.112,1,0
20,0,24,6,N,nb0,765,0.065,1.859,1,1
20,0,24,6,N,nb1,765,0.881,-0.275,2,1
20,0,24,6,N,nb2,765,0.948,-1.867,2,0
20,0,24,6,N,nb3,765,1.117,-1.865,3,0
20,0,24,6,N,nb4,765,0.077,-1.121,0,0
20,0,24,6,N,nb5,765,-0.417,1.619,3,1
20,0,24,6,N,nb6,765,1.863,-1.001,1,1
20,0,24,6,N,nb7,765,-0.427,1.792,4,1
20,0,24,6,N,nb8,765,0.926,-0.504,1,1
20,0,24,6,N,nb9,765,-1.865,1.646,1,1
20,0,24,6,N,nb10,765,-1.867,1.41,1,1
20,0,24,6,N,nb11,765,1.849,-0.832,2,1
20,0,24,6,N,nb12,765,0.772,-0.066,1,1
20,0,24,6,N,nb13,765,-1.817,-0.284,3,1
20,0,24,6,N,nb14,765,-0.569,1.699,2,1
20,0,24,6,N,nb15,765,-0.243,1.698,4,1
20,0,24,6,N,nb16,765,1.287,-1.865,3,1
20,0,24,6,N,nb17,765,1.197,-1.715,2,0
20,0,24,6,N,nb18,765,-0.104,1.865,3,1
20,0,24,6,N,nb19,765,-1.739,-0.44,3,1
20,0,24,6,N,nb20,765,0.78,-1.864,1,0
20,0,24,6,N,nb21,765,-1.625,-0.315,3,1
20,0,24,6,N,nb22,765,1.737,1.409,1,1
20,0,24,6,N,nb23,765,0.686,-1.314,0,0
20,0,24,6,N,nb24,765,1.761,-0.676,1,1
20,0,24,6,N,nb25,765,-0.274,1.865,3,1
20,0,24,6,N,nb26,765,1.845,1.54,1,1
20,0,24,6,N,nb27,765,1.454,-1.84,1,1
20,0,24,6,N,nb28,765,-1.742,-0.131,2,1
20,0,24,6,N,nb29,765,-1.818,-0.59,1,1
20,0,24,6,A,aa0,765,0.354,1.186,0,0
20,0,24,6,A,aa1,765,1.558,1.459,0,0
20,0,24,6,A,aa2,765,-1.622,-1.851,0,0
20,0,24,6,A,aa3,765,1.028,-1.716,0,0
20,0,24,6,A,aa4,765,1.559,1.628,0,0
20,0,24,6,A,aa5,765,-1.794,0.061,1,0
20,0,24,6,N,nb0,770,0.065,1.859,1,1
20,0,24,6,N,nb1,770,0.881,-0.275,2,1
20,0,24,6,N,nb2,770,0.948,-1.867,2,0
20,0,24,6,N,nb3,770,1.117,-1.865,3,0
20,0,24,6,N,nb4,770,0.149,-1.19,0,0
20,0,24,6,N,nb5,770,-0.417,1.619,3,1
20,0,24,6,N,nb6,770,1.863,-1.001,1,1
20,0,24,6,N,nb7,770,-0.427,1.792,4,1
20,0,24,6,N,nb8,770,0.926,-0.504,1,1
20,0,24,6,N,nb9,770,-1.865,1.646,1,1
20,0,24,6,N,nb10,770,-1.867,1.41,1,1
20,0,24,6,N,nb11,770,1.849,-0.832,2,1
20,0,24,6,N,nb12,770,0.772,-0.066,1,1
20,0,24,6,N,nb13,770,-1.817,-0.284,3,1
20,0,24,6,N,nb14,770,-0.569,1.699,2,1
20,0,24,6,N,nb15,770,-0.243,1.698,4,1
20,0,24,6,N,nb16,770,1.287,-1.865,3,1
20,0,24,6,N,nb17,770,1.194,-1.713,2,0
20,0,24,6,N,nb18,770,-0.104,1.865,3,1
20,0,24,6,N,nb19,770,-1.739,-0.44,3,1
20,0,24,6,N,nb20,770,0.78,-1.865,1,0
20,0,24,6,N,nb21,770,-1.625,-0.315,3,1
20,0,24,6,N,nb22,770,1.737,1.409,1,1
20,0,24,6,N,nb23,770,0.772,-1.366,0,0
20,0,24,6,N,nb24,770,1.761,-0.676,1,1
20,0,24,6,N,nb25,770,-0.274,1.865,3,1
20,0,24,6,N,nb26,770,1.845,1.54,1,1
20,0,24,6,N,nb27,770,1.454,-1.84,1,1
20,0,24,6,N,nb28,770,-1.742,-0.131,2,1
20,0,24,6,N,nb29,770,-1.818,-0.59,1,0
20,0,24,6,A,aa0,770,0.341,1.285,0,0
20,0,24,6,A,aa1,770,1.59,1.494,2,0
20,0,24,6,A,aa2,770,-1.548,-1.825,0,0
20,0,24,6,A,aa3,770,1.025,-1.715,4,1
20,0,24,6,A,aa4,770,1.467,1.618,1,0
20,0,24,6,A,aa5,770,-1.865,0.024,2,0
20,0,24,6,N,nb0,775,0.065,1.859,1,1
20,0,24,6,N,nb1,775,0.881,-0.275,2,1
20,0,24,6,N,nb2,775,0.96,-1.866,2,0
20,0,24,6,N,nb3,775,1.129,-1.865,3,0
20,0,24,6,N,nb4,775,0.221,-1.26,0,0
20,0,24,6,N,nb5,775,-0.417,1.619,3,1
20,0,24,6,N,nb6,775,1.863,-1.001,1,1
20,0,24,6,N,nb7,775,-0.427,1.792,4,1
20,0,24,6,N,nb8,775,0.926,-0.504,1,1
20,0,24,6,N,nb9,775,-1.865,1.646,1,0
20,0,24,6,N,nb10,775,-1.867,1.41,1,1
20,0,24,6,N,nb11,775,1.849,-0.832,2,1
20,0,24,6,N,nb12,775,0.772,-0.066,1,1
20,0,24,6,N,nb13,775,-1.817,-0.284,3,1
20,0,24,6,N,nb14,775,-0.569,1.699,2,1
20,0,24,6,N,nb15,775,-0.243,1.698,4,1
20,0,24,6,N,nb16,775,1.299,-1.865,3,1
20,0,24,6,N,nb17,775,1.146,-1.686,2,0
20,0,24,6,N,nb18,775,-0.104,1.865,3,1
20,0,24,6,N,nb19,775,-1.739,-0.44,3,1
20,0,24,6,N,nb20,775,0.791,-1.865,1,0
20,0,24,6,N,nb21,775,-1.625,-0.315,3,1
20,0,24,6,N,nb22,775,1.737,1.409,1,1
20,0,24,6,N,nb23,775,0.857,-1.418,0,0
20,0,24,6,N,nb24,775,1.761,-0.676,1,1
20,0,24,6,N,nb25,775,-0.274,1.865,3,1
20,0,24,6,N,nb26,775,1.845,1.54,1,1
20,0,24,6,N,nb27,775,1.466,-1.839,1,1
20,0,24,6,N,nb28,775,-1.742,-0.131,2,1
20,0,24,6,N,nb29,775,-1.818,-0.59,1,1
20,0,24,6,A,aa0,775,0.329,1.384,1,0
20,0,24,6,A,aa1,775,1.627,1.56,2,0
20,0,24,6,A,aa2,775,-1.548,-1.825,0,0
20,0,24,6,A,aa3,775,0.977,-1.697,0,0
20,0,24,6,A,aa4,775,1.37,1.614,0,0
20,0,24,6,A,aa5,775,-1.865,-0.009,2,0
20,0,24,6,N,nb0,780,0.065,1.859,1,1
20,0,24,6,N,nb1,780,0.881,-0.275,2,1
20,0,24,6,N,nb2,780,1.011,-1.866,3,1
20,0,24,6,N,nb3,780,1.18,-1.865,2,1
20,0,24,6,N,nb4,780,0.293,-1.329,0,0
20,0,24,6,N,nb5,780,-0.417,1.619,3,1
20,0,24,6,N,nb6,780,1.863,-1.001,1,1
20,0,24,6,N,nb7,780,-0.427,1.792,4,1
20,0,24,6,N,nb8,780,0.926,-0.504,1,1
20,0,24,6,N,nb9,780,-1.865,1.646,1,1
20,0,24,6,N,nb10,780,-1.867,1.41,1,1
20,0,24,6,N,nb11,780,1.849,-0.832,2,1
20,0,24,6,N,nb12,780,0.772,-0.066,1,1
20,0,24,6,N,nb13,780,-1.817,-0.284,3,1
20,0,24,6,N,nb14,780,-0.569,1.699,2,1
20,0,24,6,N,nb15,780,-0.243,1.698,4,1
20,0,24,6,N,nb16,780,1.35,-1.853,2,1
20,0,24,6,N,nb17,780,1.072,-1.635,2,1
20,0,24,6,N,nb18,780,-0.104,1.865,3,1
20,0,24,6,N,nb19,780,-1.739,-0.44,3,1
20,0,24,6,N,nb20,780,0.839,-1.865,1,1
20,0,24,6,N,nb21,780,-1.625,-0.315,3,1
20,0,24,6,N,nb22,780,1.737,1.409,1,1
20,0,24,6,N,nb23,780,0.924,-1.458,1,1
20,0,24,6,N,nb24,780,1.761,-0.676,1,1
20,0,24,6,N,nb25,780,-0.274,1.865,3,1
20,0,24,6,N,nb26,780,1.845,1.54,1,1
20,0,24,6,N,nb27,780,1.516,-1.827,1,1
20,0,24,6,N,nb28,780,-1.742,-0.131,2,1
20,0,24,6,N,nb29,780,-1.818,-0.59,1,1
20,0,24,6,A,aa0,780,0.316,1.483,3,1
20,0,24,6,A,aa1,780,1.623,1.576,2,0
20,0,24,6,A,aa2,780,-1.518,-1.734,0,0
20,0,24,6,A,aa3,780,0.925,-1.719,0,0
20,0,24,6,A,aa4,780,1.27,1.613,1,0
20,0,24,6,A,aa5,780,-1.865,-0.015,2,0
20,0,24,6,N,nb0,785,0.065,1.857,1,0
20,0,24,6,N,nb1,785,0.881,-0.275,2,1
20,0,24,6,N,nb2,785,1.012,-1.866,3,0
20,0,24,6,N,nb3,785,1.181,-1.865,2,1
20,0,24,6,N,nb4,785,0.365,-1.398,0,0
20,0,24,6,N,nb5,785,-0.421,1.615,3,1
20,0,24,6,N,nb6,785,1.863,-1.001,1,1
20,0,24,6,N,nb7,785,-0.427,1.792,4,1
20,0,24,6,N,nb8,785,0.926,-0.504,1,1
20,0,24,6,N,nb9,785,-1.865,1.646,1,1
20,0,24,6,N,nb10,785,-1.867,1.41,1,1
20,0,24,6,N,nb11,785,1.849,-0.832,2,1
20,0,24,6,N,nb12,785,0.772,-0.066,1,1
20,0,24,6,N,nb13,785,-1.817,-0.284,3,1
20,0,24,6,N,nb14,785,-0.569,1.699,2,1
20,0,24,6,N,nb15,785,-0.272,1.695,4,0
20,0,24,6,N,nb16,785,1.35,-1.852,2,1
20,0,24,6,N,nb17,785,1.061,-1.624,2,0
20,0,24,6,N,nb18,785,-0.104,1.865,3,0
20,0,24,6,N,nb19,785,-1.739,-0.44,3,1
20,0,24,6,N,nb20,785,0.834,-1.865,1,0
20,0,24,6,N,nb21,785,-1.625,-0.315,3,1
20,0,24,6,N,nb22,785,1.737,1.409,1,1
20,0,24,6,N,nb23,785,0.938,-1.465,1,0
20,0,24,6,N,nb24,785,1.761,-0.676,1,1
20,0,24,6,N,nb25,785,-0.274,1.865,3,1
20,0,24,6,N,nb26,785,1.845,1.54,1,1
20,0,24,6,N,nb27,785,1.517,-1.826,1,1
20,0,24,6,N,nb28,785,-1.736,-0.134,2,1
20,0,24,6,N,nb29,785,-1.818,-0.59,1,1
20,0,24,6,A,aa0,785,0.304,1.582,0,0
20,0,24,6,A,aa1,785,1.596,1.669,2,0
20,0,24,6,A,aa2,785,-1.487,-1.639,0,0
20,0,24,6,A,aa3,785,0.921,-1.719,0,0
20,0,24,6,A,aa4,785,1.206,1.612,1,0
20,0,24,6,A,aa5,785,-1.865,-0.024,2,0
20,0,24,6,N,nb0,790,0.064,1.85,1,0
20,0,24,6,N,nb1,790,0.881,-0.275,2,1
20,0,24,6,N,nb2,790,1.012,-1.866,2,0
20,0,24,6,N,nb3,790,1.181,-1.865,2,1
20,0,24,6,N,nb4,790,0.437,-1.468,0,0
20,0,24,6,N,nb5,790,-0.428,1.604,3,1
20,0,24,6,N,nb6,790,1.863,-1.001,1,1
20,0,24,6,N,nb7,790,-0.427,1.792,4,1
20,0,24,6,N,nb8,790,0.926,-0.504,1,1
20,0,24,6,N,nb9,790,-1.865,1.646,1,1
20,0,24,6,N,nb10,790,-1.867,1.41,1,1
20,0,24,6,N,nb11,790,1.849,-0.832,2,1
20,0,24,6,N,nb12,790,0.772,-0.066,1,1
20,0,24,6,N,nb13,790,-1.817,-0.284,3,1
20,0,24,6,N,nb14,790,-0.569,1.699,2,1
20,0,24,6,N,nb15,790,-0.286,1.696,4,0
20,0,24,6,N,nb16,790,1.35,-1.852,2,1
20,0,24,6,N,nb17,790,1.06,-1.602,1,0
20,0,24,6,N,nb18,790,-0.104,1.865,3,0
20,0,24,6,N,nb19,790,-1.739,-0.44,3,1
20,0,24,6,N,nb20,790,0.842,-1.865,1,0
20,0,24,6,N,nb21,790,-1.625,-0.315,3,1
20,0,24,6,N,nb22,790,1.737,1.409,1,1
20,0,24,6,N,nb23,790,0.966,-1.463,1,0
20,0,24,6,N,nb24,790,1.761,-0.676,1,1
20,0,24,6,N,nb25,790,-0.274,1.865,3,1
20,0,24,6,N,nb26,790,1.845,1.54,1,1
20,0,24,6,N,nb27,790,1.517,-1.826,1,1
20,0,24,6,N,nb28,790,-1.727,-0.14,2,1
20,0,24,6,N,nb29,790,-1.818,-0.59,1,1
20,0,24,6,A,aa0,790,0.291,1.682,0,0
20,0,24,6,A,aa1,790,1.589,1.69,2,0
20,0,24,6,A,aa2,790,-1.457,-1.544,0,0
20,0,24,6,A,aa3,790,0.926,-1.718,1,0
20,0,24,6,A,aa4,790,1.137,1.58,0,0
20,0,24,6,A,aa5,790,-1.865,-0.042,0,0
20,0,24,6,N,nb0,795,0.063,1.845,1,1
20,0,24,6,N,nb1,795,0.881,-0.275,2,1
20,0,24,6,N,nb2,795,1.012,-1.866,2,1
20,0,24,6,N,nb3,795,1.181,-1.865,2,1
20,0,24,6,N,nb4,795,0.509,-1.537,0,0
20,0,24,6,N,nb5,795,-0.429,1.603,3,1
20,0,24,6,N,nb6,795,1.863,-1.001,1,1
20,0,24,6,N,nb7,795,-0.427,1.792,4,1
20,0,24,6,N,nb8,795,0.926,-0.504,1,1
20,0,24,6,N,nb9,795,-1.865,1.646,1,1
20,0,24,6,N,nb10,795,-1.867,1.41,1,1
20,0,24,6,N,nb11,795,1.849,-0.832,2,1
20,0,24,6,N,nb12,795,0.772,-0.066,1,1
20,0,24,6,N,nb13,795,-1.817,-0.284,3,1
20,0,24,6,N,nb14,795,-0.569,1.699,2,1
20,0,24,6,N,nb15,795,-0.287,1.696,4,1
20,0,24,6,N,nb16,795,1.35,-1.852,2,1
20,0,24,6,N,nb17,795,1.081,-1.587,1,1
20,0,24,6,N,nb18,795,-0.104,1.865,3,1
20,0,24,6,N,nb19,795,-1.739,-0.44,3,1
20,0,24,6,N,nb20,795,0.842,-1.865,1,1
20,0,24,6,N,nb21,795,-1.625,-0.315,3,1
20,0,24,6,N,nb22,795,1.737,1.409,1,1
20,0,24,6,N,nb23,795,0.987,-1.447,1,1
20,0,24,6,N,nb24,795,1.761,-0.676,1,1
20,0,24,6,N,nb25,795,-0.274,1.865,3,1
20,0,24,6,N,nb26,795,1.845,1.54,1,1
20,0,24,6,N,nb27,795,1.517,-1.826,1,1
20,0,24,6,N,nb28,795,-1.719,-0.145,2,1
20,0,24,6,N,nb29,795,-1.818,-0.59,1,1
20,0,24,6,A,aa0,795,0.283,1.773,2,0
20,0,24,6,A,aa1,795,1.572,1.692,2,0
20,0,24,6,A,aa2,795,-1.426,-1.449,0,0
20,0,24,6,A,aa3,795,0.925,-1.717,1,0
20,0,24,6,A,aa4,795,1.047,1.537,0,0
20,0,24,6,A,aa5,795,-1.865,-0.06,2,0
20,0,24,6,N,nb0,800,0.063,1.845,1,1
20,0,24,6,N,nb1,800,0.881,-0.275,2,0
20,0,24,6,N,nb2,800,1.015,-1.866,2,0
20,0,24,6,N,nb3,800,1.184,-1.865,2,0
20,0,24,6,N,nb4,800,0.581,-1.606,0,0
20,0,24,6,N,nb5,800,-0.429,1.603,3,1
20,0,24,6,N,nb6,800,1.863,-1.001,1,0
20,0,24,6,N,nb7,800,-0.427,1.792,4,1
20,0,24,6,N,nb8,800,0.926,-0.504,1,0
20,0,24,6,N,nb9,800,-1.865,1.646,1,1
20,0,24,6,N,nb10,800,-1.867,1.41,1,1
20,0,24,6,N,nb11,800,1.849,-0.832,2,1
20,0,24,6,N,nb12,800,0.772,-0.066,1,1
20,0,24,6,N,nb13,800,-1.817,-0.284,3,1
20,0,24,6,N,nb14,800,-0.569,1.699,2,1
20,0,24,6,N,nb15,800,-0.287,1.696,4,1
20,0,24,6,N,nb16,800,1.353,-1.85,2,1
20,0,24,6,N,nb17,800,1.088,-1.576,1,0
20,0,24,6,N,nb18,800,-0.104,1.865,3,1
20,0,24,6,N,nb19,800,-1.739,-0.44,3,1
20,0,24,6,N,nb20,800,0.844,-1.865,1,0
20,0,24,6,N,nb21,800,-1.625,-0.315,3,1
20,0,24,6,N,nb22,800,1.737,1.409,1,1
20,0,24,6,N,nb23,800,0.995,-1.436,1,0
20,0,24,6,N,nb24,800,1.761,-0.676,1,1
20,0,24,6,N,nb25,800,-0.274,1.865,3,1
20,0,24,6,N,nb26,800,1.845,1.54,1,1
20,0,24,6,N,nb27,800,1.52,-1.825,1,0
20,0,24,6,N,nb28,800,-1.712,-0.15,2,1
20,0,24,6,N,nb29,800,-1.818,-0.59,1,1
20,0,24,6,A,aa0,800,0.283,1.811,1,0
20,0,24,6,A,aa1,800,1.473,1.702,2,0
20,0,24,6,A,aa2,800,-1.396,-1.353,0,0
20,0,24,6,A,aa3,800,0.92,-1.713,0,0
20,0,24,6,A,aa4,800,0.956,1.494,0,0
20,0,24,6,A,aa5,800,-1.865,-0.077,2,0
20,0,24,6,N,nb0,805,0.063,1.845,1,1
20,0,24,6,N,nb1,805,0.881,-0.275,2,1
20,0,24,6,N,nb2,805,1.04,-1.866,2,0
20,0,24,6,N,nb3,805,1.209,-1.865,2,0
20,0,24,6,N,nb4,805,0.651,-1.674,0,0
20,0,24,6,N,nb5,805,-0.429,1.603,3,1
20,0,24,6,N,nb6,805,1.863,-1.001,1,1
20,0,24,6,N,nb7,805,-0.427,1.792,4,1
20,0,24,6,N,nb8,805,0.926,-0.504,1,1
20,0,24,6,N,nb9,805,-1.865,1.646,1,1
20,0,24,6,N,nb10,805,-1.867,1.41,1,1
20,0,24,6,N,nb11,805,1.849,-0.832,2,1
20,0,24,6,N,nb12,805,0.772,-0.066,1,1
20,0,24,6,N,nb13,805,-1.816,-0.285,3,1
20,0,24,6,N,nb14,805,-0.569,1.699,2,1
20,0,24,6,N,nb15,805,-0.287,1.696,4,1
20,0,24,6,N,nb16,805,1.377,-1.839,2,1
20,0,24,6,N,nb17,805,1.113,-1.538,1,0
20,0,24,6,N,nb18,805,-0.104,1.865,3,1
20,0,24,6,N,nb19,805,-1.739,-0.44,3,1
20,0,24,6,N,nb20,805,0.857,-1.861,1,0
20,0,24,6,N,nb21,805,-1.625,-0.315,3,1
20,0,24,6,N,nb22,805,1.737,1.409,1,1
20,0,24,6,N,nb23,805,1.023,-1.395,1,0
20,0,24,6,N,nb24,805,1.761,-0.676,1,1
20,0,24,6,N,nb25,805,-0.274,1.865,3,1
20,0,24,6,N,nb26,805,1.845,1.54,1,1
20,0,24,6,N,nb27,805,1.543,-1.813,1,1
20,0,24,6,N,nb28,805,-1.7,-0.16,2,1
20,0,24,6,N,nb29,805,-1.818,-0.59,1,1
20,0,24,6,A,aa0,805,0.283,1.811,1,0
20,0,24,6,A,aa1,805,1.373,1.712,2,0
20,0,24,6,A,aa2,805,-1.365,-1.258,0,0
20,0,24,6,A,aa3,805,0.896,-1.696,0,0
20,0,24,6,A,aa4,805,0.866,1.451,0,0
20,0,24,6,A,aa5,805,-1.865,-0.123,2,0
20,0,24,6,N,nb0,810,0.063,1.845,1,1
20,0,24,6,N,nb1,810,0.881,-0.275,2,1
20,0,24,6,N,nb2,810,1.057,-1.866,2,1
20,0,24,6,N,nb3,810,1.226,-1.865,2,1
20,0,24,6,N,nb4,810,0.672,-1.7,0,1
20,0,24,6,N,nb5,810,-0.429,1.603,3,1
20,0,24,6,N,nb6,810,1.863,-1.001,1,1
20,0,24,6,N,nb7,810,-0.427,1.792,4,1
20,0,24,6,N,nb8,810,0.926,-0.504,1,1
20,0,24,6,N,nb9,810,-1.865,1.646,1,1
20,0,24,6,N,nb10,810,-1.867,1.41,1,1
20,0,24,6,N,nb11,810,1.849,-0.832,2,1
20,0,24,6,N,nb12,810,0.772,-0.066,1,1
20,0,24,6,N,nb13,810,-1.814,-0.287,3,1
20,0,24,6,N,nb14,810,-0.569,1.699,2,1
20,0,24,6,N,nb15,810,-0.287,1.696,4,1
20,0,24,6,N,nb16,810,1.393,-1.832,2,1
20,0,24,6,N,nb17,810,1.132,-1.509,1,1
20,0,24,6,N,nb18,810,-0.104,1.865,3,1
20,0,24,6,N,nb19,810,-1.739,-0.44,3,1
20,0,24,6,N,nb20,810,0.875,-1.853,1,1
20,0,24,6,N,nb21,810,-1.625,-0.315,3,1
20,0,24,6,N,nb22,810,1.737,1.409,1,1
20,0,24,6,N,nb23,810,1.045,-1.364,1,1
20,0,24,6,N,nb24,810,1.761,-0.676,1,1
20,0,24,6,N,nb25,810,-0.274,1.865,3,1
20,0,24,6,N,nb26,810,1.845,1.54,1,1
20,0,24,6,N,nb27,810,1.56,-1.806,1,1
20,0,24,6,N,nb28,810,-1.699,-0.16,2,1
20,0,24,6,N,nb29,810,-1.818,-0.59,1,1
20,0,24,6,A,aa0,810,0.232,1.841,1,0
20,0,24,6,A,aa1,810,1.274,1.722,2,0
20,0,24,6,A,aa2,810,-1.335,-1.163,0,0
20,0,24,6,A,aa3,810,0.84,-1.687,5,1
20,0,24,6,A,aa4,810,0.775,1.409,0,0
20,0,24,6,A,aa5,810,-1.865,-0.126,2,0
20,0,24,6,N,nb0,815,0.063,1.845,1,1
20,0,24,6,N,nb1,815,0.881,-0.275,2,1
20,0,24,6,N,nb2,815,1.057,-1.866,2,0
20,0,24,6,N,nb3,815,1.226,-1.865,2,1
20,0,24,6,N,nb4,815,0.686,-1.734,1,0
20,0,24,6,N,nb5,815,-0.429,1.603,3,1
20,0,24,6,N,nb6,815,1.863,-1.001,1,1
20,0,24,6,N,nb7,815,-0.427,1.792,4,1
20,0,24,6,N,nb8,815,0.926,-0.504,1,1
20,0,24,6,N,nb9,815,-1.865,1.646,1,1
20,0,24,6,N,nb10,815,-1.867,1.41,1,1
20,0,24,6,N,nb11,815,1.849,-0.832,2,1
20,0,24,6,N,nb12,815,0.772,-0.066,1,1
20,0,24,6,N,nb13,815,-1.814,-0.287,3,1
20,0,24,6,N,nb14,815,-0.569,1.699,2,1
20,0,24,6,N,nb15,815,-0.287,1.696,4,1
20,0,24,6,N,nb16,815,1.393,-1.832,2,1
20,0,24,6,N,nb17,815,1.152,-1.481,1,0
20,0,24,6,N,nb18,815,-0.104,1.865,3,1
20,0,24,6,N,nb19,815,-1.739,-0.44,3,1
20,0,24,6,N,nb20,815,0.89,-1.833,2,0
20,0,24,6,N,nb21,815,-1.625,-0.315,3,1
20,0,24,6,N,nb22,815,1.737,1.409,1,1
20,0,24,6,N,nb23,815,1.068,-1.335,1,0
20,0,24,6,N,nb24,815,1.761,-0.676,1,1
20,0,24,6,N,nb25,815,-0.274,1.865,3,1
20,0,24,6,N,nb26,815,1.845,1.54,1,1
20,0,24,6,N,nb27,815,1.56,-1.806,1,1
20,0,24,6,N,nb28,815,-1.699,-0.16,2,1
20,0,24,6,N,nb29,815,-1.818,-0.59,1,1
20,0,24,6,A,aa0,815,0.232,1.857,1,0
20,0,24,6,A,aa1,815,1.174,1.732,0,0
20,0,24,6,A,aa2,815,-1.304,-1.068,0,0
20,0,24,6,A,aa3,815,0.843,-1.67,0,0
20,0,24,6,A,aa4,815,0.685,1.366,0,0
20,0,24,6,A,aa5,815,-1.865,-0.126,2,0
20,0,24,6,N,nb0,820,0.063,1.845,1,1
20,0,24,6,N,nb1,820,0.881,-0.275,2,1
20,0,24,6,N,nb2,820,1.057,-1.866,2,0
20,0,24,6,N,nb3,820,1.226,-1.865,2,1
20,0,24,6,N,nb4,820,0.735,-1.811,1,0
20,0,24,6,N,nb5,820,-0.429,1.603,3,1
20,0,24,6,N,nb6,820,1.863,-1.001,1,1
20,0,24,6,N,nb7,820,-0.427,1.792,4,1
20,0,24,6,N,nb8,820,0.926,-0.504,1,1
20,0,24,6,N,nb9,820,-1.865,1.646,1,1
20,0,24,6,N,nb10,820,-1.867,1.41,1,1
20,0,24,6,N,nb11,820,1.849,-0.832,2,1
20,0,24,6,N,nb12,820,0.772,-0.066,1,1
20,0,24,6,N,nb13,820,-1.814,-0.287,3,1
20,0,24,6,N,nb14,820,-0.569,1.699,2,1
20,0,24,6,N,nb15,820,-0.287,1.696,4,1
20,0,24,6,N,nb16,820,1.393,-1.832,2,1
20,0,24,6,N,nb17,820,1.194,-1.424,1,0
20,0,24,6,N,nb18,820,-0.104,1.865,3,1
20,0,24,6,N,nb19,820,-1.739,-0.44,3,1
20,0,24,6,N,nb20,820,0.914,-1.774,2,0
20,0,24,6,N,nb21,820,-1.625,-0.315,3,1
20,0,24,6,N,nb22,820,1.737,1.409,1,1
20,0,24,6,N,nb23,820,1.113,-1.276,1,0
20,0,24,6,N,nb24,820,1.761,-0.676,1,1
20,0,24,6,N,nb25,820,-0.274,1.865,3,1
20,0,24,6,N,nb26,820,1.845,1.54,1,1
20,0,24,6,N,nb27,820,1.56,-1.806,1,1
20,0,24,6,N,nb28,820,-1.699,-0.16,2,1
20,0,24,6,N,nb29,820,-1.818,-0.59,1,1
20,0,24,6,A,aa0,820,0.231,1.865,1,0
20,0,24,6,A,aa1,820,1.075,1.742,0,0
20,0,24,6,A,aa2,820,-1.274,-0.973,0,0
20,0,24,6,A,aa3,820,0.792,-1.646,0,0
20,0,24,6,A,aa4,820,0.595,1.323,0,0
20,0,24,6,A,aa5,820,-1.865,-0.126,2,0
20,0,24,6,N,nb0,825,0.063,1.845,1,1
20,0,24,6,N,nb1,825,0.881,-0.275,2,1
20,0,24,6,N,nb2,825,1.057,-1.866,2,1
20,0,24,6,N,nb3,825,1.226,-1.865,2,1
20,0,24,6,N,nb4,825,0.753,-1.847,1,0
20,0,24,6,N,nb5,825,-0.429,1.603,3,1
20,0,24,6,N,nb6,825,1.863,-1.001,1,1
20,0,24,6,N,nb7,825,-0.427,1.792,4,1
20,0,24,6,N,nb8,825,0.926,-0.504,1,1
20,0,24,6,N,nb9,825,-1.865,1.646,1,1
20,0,24,6,N,nb10,825,-1.867,1.41,1,1
20,0,24,6,N,nb11,825,1.849,-0.832,2,1
20,0,24,6,N,nb12,825,0.772,-0.066,1,1
20,0,24,6,N,nb13,825,-1.814,-0.287,3,1
20,0,24,6,N,nb14,825,-0.569,1.699,2,1
20,0,24,6,N,nb15,825,-0.287,1.696,4,1
20,0,24,6,N,nb16,825,1.393,-1.832,2,1
20,0,24,6,N,nb17,825,1.213,-1.397,1,0
20,0,24,6,N,nb18,825,-0.104,1.865,3,1
20,0,24,6,N,nb19,825,-1.739,-0.44,3,1
20,0,24,6,N,nb20,825,0.937,-1.74,2,0
20,0,24,6,N,nb21,825,-1.625,-0.315,3,1
20,0,24,6,N,nb22,825,1.737,1.409,1,0
20,0,24,6,N,nb23,825,1.134,-1.249,1,0
20,0,24,6,N,nb24,825,1.761,-0.676,1,1
20,0,24,6,N,nb25,825,-0.274,1.865,3,1
20,0,24,6,N,nb26,825,1.845,1.54,1,0
20,0,24,6,N,nb27,825,1.56,-1.806,1,1
20,0,24,6,N,nb28,825,-1.699,-0.16,2,1
20,0,24,6,N,nb29,825,-1.818,-0.59,1,1
20,0,24,6,A,aa0,825,0.231,1.865,1,0
20,0,24,6,A,aa1,825,0.975,1.752,0,0
20,0,24,6,A,aa2,825,-1.243,-0.877,0,0
20,0,24,6,A,aa3,825,0.698,-1.634,4,1
20,0,24,6,A,aa4,825,0.504,1.28,0,0
20,0,24,6,A,aa5,825,-1.865,-0.126,2,0
20,0,24,6,N,nb0,830,0.063,1.845,1,1
20,0,24,6,N,nb1,830,0.881,-0.275,2,1
20,0,24,6,N,nb2,830,1.057,-1.866,2,1
20,0,24,6,N,nb3,830,1.226,-1.865,2,1
20,0,24,6,N,nb4,830,0.782,-1.866,0,0
20,0,24,6,N,nb5,830,-0.429,1.603,3,1
20,0,24,6,N,nb6,830,1.863,-1.001,1,1
20,0,24,6,N,nb7,830,-0.427,1.792,4,1
20,0,24,6,N,nb8,830,0.926,-0.504,1,1
20,0,24,6,N,nb9,830,-1.865,1.646,1,1
20,0,24,6,N,nb10,830,-1.867,1.41,1,1
20,0,24,6,N,nb11,830,1.849,-0.832,2,1
20,0,24,6,N,nb12,830,0.772,-0.066,1,1
20,0,24,6,N,nb13,830,-1.814,-0.287,3,1
20,0,24,6,N,nb14,830,-0.569,1.699,2,1
20,0,24,6,N,nb15,830,-0.287,1.696,4,1
20,0,24,6,N,nb16,830,1.393,-1.832,2,0
20,0,24,6,N,nb17,830,1.251,-1.35,1,0
20,0,24,6,N,nb18,830,-0.104,1.865,3,1
20,0,24,6,N,nb19,830,-1.739,-0.44,3,1
20,0,24,6,N,nb20,830,0.976,-1.678,1,0
20,0,24,6,N,nb21,830,-1.625,-0.315,3,1
20,0,24,6,N,nb22,830,1.737,1.409,1,1
20,0,24,6,N,nb23,830,1.176,-1.2,1,0
20,0,24,6,N,nb24,830,1.761,-0.676,1,1
20,0,24,6,N,nb25,830,-0.274,1.865,3,1
20,0,24,6,N,nb26,830,1.845,1.54,1,1
20,0,24,6,N,nb27,830,1.56,-1.806,1,1
20,0,24,6,N,nb28,830,-1.699,-0.16,2,1
20,0,24,6,N,nb29,830,-1.818,-0.59,1,1
20,0,24,6,A,aa0,830,0.231,1.865,1,0
20,0,24,6,A,aa1,830,0.876,1.762,0,0
20,0,24,6,A,aa2,830,-1.224,-0.817,0,0
20,0,24,6,A,aa3,830,0.603,-1.614,1,0
20,0,24,6,A,aa4,830,0.414,1.238,0,0
20,0,24,6,A,aa5,830,-1.865,-0.126,2,0
20,0,24,6,N,nb0,835,0.063,1.845,1,1
20,0,24,6,N,nb1,835,0.881,-0.275,2,1
20,0,24,6,N,nb2,835,1.057,-1.866,2,1
20,0,24,6,N,nb3,835,1.226,-1.865,2,1
20,0,24,6,N,nb4,835,0.831,-1.866,1,0
20,0,24,6,N,nb5,835,-0.429,1.603,3,1
20,0,24,6,N,nb6,835,1.863,-1.001,1,1
20,0,24,6,N,nb7,835,-0.427,1.792,4,1
20,0,24,6,N,nb8,835,0.926,-0.504,1,1
20,0,24,6,N,nb9,835,-1.865,1.646,1,1
20,0,24,6,N,nb10,835,-1.867,1.41,1,1
20,0,24,6,N,nb11,835,1.849,-0.832,2,1
20,0,24,6,N,nb12,835,0.772,-0.066,1,1
20,0,24,6,N,nb13,835,-1.814,-0.287,3,1
20,0,24,6,N,nb14,835,-0.569,1.699,2,1
20,0,24,6,N,nb15,835,-0.287,1.696,4,1
20,0,24,6,N,nb16,835,1.393,-1.832,2,1
20,0,24,6,N,nb17,835,1.304,-1.285,1,0
20,0,24,6,N,nb18,835,-0.104,1.865,3,1
20,0,24,6,N,nb19,835,-1.739,-0.44,3,1
20,0,24,6,N,nb20,835,1.022,-1.593,0,0
20,0,24,6,N,nb21,835,-1.625,-0.315,3,1
20,0,24,6,N,nb22,835,1.737,1.409,1,1
20,0,24,6,N,nb23,835,1.233,-1.132,1,0
20,0,24,6,N,nb24,835,1.761,-0.676,1,1
20,0,24,6,N,nb25,835,-0.274,1.865,3,1
20,0,24,6,N,nb26,835,1.845,1.54,1,1
20,0,24,6,N,nb27,835,1.56,-1.806,1,1
20,0,24,6,N,nb28,835,-1.699,-0.16,2,1
20,0,24,6,N,nb29,835,-1.818,-0.59,1,1
20,0,24,6,A,aa0,835,0.231,1.865,1,0
20,0,24,6,A,aa1,835,0.781,1.77,0,0
20,0,24,6,A,aa2,835,-1.224,-0.817,0,0
20,0,24,6,A,aa3,835,0.506,-1.592,0,0
20,0,24,6,A,aa4,835,0.323,1.195,0,0
20,0,24,6,A,aa5,835,-1.865,-0.126,2,0
20,0,24,6,N,nb0,840,0.063,1.845,1,1
20,0,24,6,N,nb1,840,0.881,-0.275,2,1
20,0,24,6,N,nb2,840,1.057,-1.866,2,1
20,0,24,6,N,nb3,840,1.226,-1.865,2,1
20,0,24,6,N,nb4,840,0.844,-1.866,1,1
20,0,24,6,N,nb5,840,-0.429,1.603,3,1
20,0,24,6,N,nb6,840,1.863,-1.001,1,1
20,0,24,6,N,nb7,840,-0.427,1.792,4,1
20,0,24,6,N,nb8,840,0.926,-0.504,1,1
20,0,24,6,N,nb9,840,-1.865,1.646,1,1
20,0,24,6,N,nb10,840,-1.867,1.41,1,0
20,0,24,6,N,nb11,840,1.849,-0.832,2,1
20,0,24,6,N,nb12,840,0.772,-0.066,1,1
20,0,24,6,N,nb13,840,-1.814,-0.287,3,1
20,0,24,6,N,nb14,840,-0.569,1.699,2,1
20,0,24,6,N,nb15,840,-0.287,1.696,4,1
20,0,24,6,N,nb16,840,1.393,-1.832,2,1
20,0,24,6,N,nb17,840,1.317,-1.269,1,1
20,0,24,6,N,nb18,840,-0.104,1.865,3,1
20,0,24,6,N,nb19,840,-1.739,-0.44,3,0
20,0,24,6,N,nb20,840,1.067,-1.504,0,0
20,0,24,6,N,nb21,840,-1.625,-0.315,3,0
20,0,24,6,N,nb22,840,1.737,1.409,1,1
20,0,24,6,N,nb23,840,1.247,-1.116,1,1
20,0,24,6,N,nb24,840,1.761,-0.676,1,1
20,0,24,6,N,nb25,840,-0.274,1.865,3,1
20,0,24,6,N,nb26,840,1.845,1.54,1,1
20,0,24,6,N,nb27,840,1.56,-1.806,1,1
20,0,24,6,N,nb28,840,-1.699,-0.16,2,1
20,0,24,6,N,nb29,840,-1.818,-0.59,1,0
20,0,24,6,A,aa0,840,0.231,1.865,1,0
20,0,24,6,A,aa1,840,0.689,1.769,0,0
20,0,24,6,A,aa2,840,-1.281,-0.765,3,1
20,0,24,6,A,aa3,840,0.408,-1.57,1,0
20,0,24,6,A,aa4,840,0.233,1.152,0,0
20,0,24,6,A,aa5,840,-1.865,-0.126,2,0
20,0,24,6,N,nb0,845,0.063,1.845,1,1
20,0,24,6,N,nb1,845,0.881,-0.275,2,1
20,0,24,6,N,nb2,845,1.057,-1.866,2,1
20,0,24,6,N,nb3,845,1.226,-1.865,2,1
20,0,24,6,N,nb4,845,0.844,-1.866,1,1
20,0,24,6,N,nb5,845,-0.429,1.603,3,1
20,0,24,6,N,nb6,845,1.863,-1.001,1,1
20,0,24,6,N,nb7,845,-0.427,1.792,4,1
20,0,24,6,N,nb8,845,0.926,-0.504,1,1
20,0,24,6,N,nb9,845,-1.865,1.646,1,1
20,0,24,6,N,nb10,845,-1.867,1.41,1,1
20,0,24,6,N,nb11,845,1.849,-0.832,2,1
20,0,24,6,N,nb12,845,0.772,-0.066,1,1
20,0,24,6,N,nb13,845,-1.814,-0.287,3,1
20,0,24,6,N,nb14,845,-0.569,1.699,2,1
20,0,24,6,N,nb15,845,-0.287,1.696,4,1
20,0,24,6,N,nb16,845,1.393,-1.832,2,1
20,0,24,6,N,nb17,845,1.317,-1.269,1,1
20,0,24,6,N,nb18,845,-0.104,1.865,3,1
20,0,24,6,N,nb19,845,-1.723,-0.431,3,0
20,0,24,6,N,nb20,845,1.112,-1.415,0,0
20,0,24,6,N,nb21,845,-1.609,-0.305,3,0
20,0,24,6,N,nb22,845,1.737,1.409,1,1
20,0,24,6,N,nb23,845,1.247,-1.116,1,1
20,0,24,6,N,nb24,845,1.761,-0.676,1,1
20,0,24,6,N,nb25,845,-0.274,1.865,3,0
20,0,24,6,N,nb26,845,1.845,1.54,1,1
20,0,24,6,N,nb27,845,1.56,-1.806,1,1
20,0,24,6,N,nb28,845,-1.699,-0.16,2,1
20,0,24,6,N,nb29,845,-1.822,-0.568,1,0
20,0,24,6,A,aa0,845,0.232,1.862,1,0
20,0,24,6,A,aa1,845,0.594,1.758,0,0
20,0,24,6,A,aa2,845,-1.355,-0.698,0,0
20,0,24,6,A,aa3,845,0.31,-1.548,0,0
20,0,24,6,A,aa4,845,0.143,1.11,0,0
20,0,24,6,A,aa5,845,-1.865,-0.126,2,0
20,0,24,6,N,nb0,850,0.063,1.845,1,1
20,0,24,6,N,nb1,850,0.881,-0.275,2,1
20,0,24,6,N,nb2,850,1.057,-1.866,2,1
20,0,24,6,N,nb3,850,1.226,-1.865,2,1
20,0,24,6,N,nb4,850,0.844,-1.866,1,1
20,0,24,6,N,nb5,850,-0.429,1.603,3,1
20,0,24,6,N,nb6,850,1.863,-1.001,1,1
20,0,24,6,N,nb7,850,-0.427,1.792,4,1
20,0,24,6,N,nb8,850,0.926,-0.504,1,1
20,0,24,6,N,nb9,850,-1.865,1.646,1,1
20,0,24,6,N,nb10,850,-1.867,1.41,1,1
20,0,24,6,N,nb11,850,1.849,-0.832,2,1
20,0,24,6,N,nb12,850,0.772,-0.066,1,1
20,0,24,6,N,nb13,850,-1.814,-0.287,3,0
20,0,24,6,N,nb14,850,-0.569,1.699,2,1
20,0,24,6,N,nb15,850,-0.287,1.696,4,1
20,0,24,6,N,nb16,850,1.393,-1.832,2,1
20,0,24,6,N,nb17,850,1.317,-1.269,2,1
20,0,24,6,N,nb18,850,-0.104,1.865,3,1
20,0,24,6,N,nb19,850,-1.67,-0.382,4,0
20,0,24,6,N,nb20,850,1.121,-1.397,1,1
20,0,24,6,N,nb21,850,-1.558,-0.256,2,0
20,0,24,6,N,nb22,850,1.737,1.409,1,1
20,0,24,6,N,nb23,850,1.247,-1.116,1,1
20,0,24,6,N,nb24,850,1.761,-0.676,1,1
20,0,24,6,N,nb25,850,-0.274,1.865,3,1
20,0,24,6,N,nb26,850,1.845,1.54,1,1
20,0,24,6,N,nb27,850,1.56,-1.806,1,1
20,0,24,6,N,nb28,850,-1.699,-0.16,3,0
20,0,24,6,N,nb29,850,-1.786,-0.507,2,0
20,0,24,6,A,aa0,850,0.233,1.843,1,0
20,0,24,6,A,aa1,850,0.495,1.744,0,0
20,0,24,6,A,aa2,850,-1.429,-0.631,0,0
20,0,24,6,A,aa3,850,0.213,-1.525,0,0
20,0,24,6,A,aa4,850,0.052,1.067,0,0
20,0,24,6,A,aa5,850,-1.865,-0.126,2,0
20,0,24,6,N,nb0,855,0.063,1.845,1,1
20,0,24,6,N,nb1,855,0.881,-0.275,2,1
20,0,24,6,N,nb2,855,1.057,-1.866,2,1
20,0,24,6,N,nb3,855,1.226,-1.865,2,1
20,0,24,6,N,nb4,855,0.844,-1.866,1,1
20,0,24,6,N,nb5,855,-0.429,1.603,3,1
20,0,24,6,N,nb6,855,1.863,-1.001,1,1
20,0,24,6,N,nb7,855,-0.427,1.792,4,1
20,0,24,6,N,nb8,855,0.926,-0.504,1,1
20,0,24,6,N,nb9,855,-1.865,1.646,1,1
20,0,24,6,N,nb10,855,-1.867,1.41,1,1
20,0,24,6,N,nb11,855,1.849,-0.832,2,1
20,0,24,6,N,nb12,855,0.772,-0.066,1,1
20,0,24,6,N,nb13,855,-1.814,-0.287,3,1
20,0,24,6,N,nb14,855,-0.569,1.699,2,1
20,0,24,6,N,nb15,855,-0.287,1.696,4,1
20,0,24,6,N,nb16,855,1.393,-1.832,2,1
20,0,24,6,N,nb17,855,1.317,-1.269,2,1
20,0,24,6,N,nb18,855,-0.104,1.865,3,1
20,0,24,6,N,nb19,855,-1.658,-0.367,4,0
20,0,24,6,N,nb20,855,1.121,-1.397,1,1
20,0,24,6,N,nb21,855,-1.547,-0.239,2,0
20,0,24,6,N,nb22,855,1.737,1.409,1,1
20,0,24,6,N,nb23,855,1.247,-1.116,1,1
20,0,24,6,N,nb24,855,1.761,-0.676,1,1
20,0,24,6,N,nb25,855,-0.274,1.865,3,1
20,0,24,6,N,nb26,855,1.845,1.54,1,1
20,0,24,6,N,nb27,855,1.56,-1.806,1,1
20,0,24,6,N,nb28,855,-1.699,-0.16,3,1
20,0,24,6,N,nb29,855,-1.773,-0.492,2,0
20,0,24,6,A,aa0,855,0.226,1.797,0,0
20,0,24,6,A,aa1,855,0.407,1.727,0,0
20,0,24,6,A,aa2,855,-1.503,-0.563,3,1
20,0,24,6,A,aa3,855,0.115,-1.503,0,0
20,0,24,6,A,aa4,855,-0.038,1.024,0,0
20,0,24,6,A,aa5,855,-1.865,-0.126,2,0
20,0,24,6,N,nb0,860,0.063,1.845,1,1
20,0,24,6,N,nb1,860,0.881,-0.275,2,1
20,0,24,6,N,nb2,860,1.057,-1.866,2,1
20,0,24,6,N,nb3,860,1.226,-1.865,2,1
20,0,24,6,N,nb4,860,0.844,-1.866,1,1
20,0,24,6,N,nb5,860,-0.429,1.603,3,1
20,0,24,6,N,nb6,860,1.863,-1.001,1,1
20,0,24,6,N,nb7,860,-0.427,1.792,4,1
20,0,24,6,N,nb8,860,0.926,-0.504,1,1
20,0,24,6,N,nb9,860,-1.865,1.646,1,1
20,0,24,6,N,nb10,860,-1.867,1.41,1,1
20,0,24,6,N,nb11,860,1.849,-0.832,2,1
20,0,24,6,N,nb12,860,0.772,-0.066,1,0
20,0,24,6,N,nb13,860,-1.814,-0.287,3,1
20,0,24,6,N,nb14,860,-0.569,1.699,2,1
20,0,24,6,N,nb15,860,-0.287,1.696,4,1
20,0,24,6,N,nb16,860,1.393,-1.832,2,1
20,0,24,6,N,nb17,860,1.317,-1.269,2,1
20,0,24,6,N,nb18,860,-0.104,1.865,3,1
20,0,24,6,N,nb19,860,-1.603,-0.309,4,0
20,0,24,6,N,nb20,860,1.121,-1.397,1,1
20,0,24,6,N,nb21,860,-1.498,-0.176,2,0
20,0,24,6,N,nb22,860,1.737,1.409,1,1
20,0,24,6,N,nb23,860,1.247,-1.116,1,1
20,0,24,6,N,nb24,860,1.761,-0.676,1,1
20,0,24,6,N,nb25,860,-0.274,1.865,3,1
20,0,24,6,N,nb26,860,1.845,1.54,1,1
20,0,24,6,N,nb27,860,1.56,-1.806,1,1
20,0,24,6,N,nb28,860,-1.699,-0.16,3,1
20,0,24,6,N,nb29,860,-1.719,-0.437,2,0
20,0,24,6,A,aa0,860,0.186,1.726,2,0
20,0,24,6,A,aa1,860,0.349,1.681,0,0
20,0,24,6,A,aa2,860,-1.567,-0.511,0,0
20,0,24,6,A,aa3,860,0.018,-1.481,0,0
20,0,24,6,A,aa4,860,-0.129,0.981,0,0
20,0,24,6,A,aa5,860,-1.865,-0.126,2,0
20,0,24,6,N,nb0,865,0.063,1.845,1,1
20,0,24,6,N,nb1,865,0.881,-0.275,2,1
20,0,24,6,N,nb2,865,1.057,-1.866,2,1
20,0,24,6,N,nb3,865,1.226,-1.865,2,1
20,0,24,6,N,nb4,865,0.844,-1.866,1,1
20,0,24,6,N,nb5,865,-0.429,1.603,3,1
20,0,24,6,N,nb6,865,1.863,-1.001,1,1
20,0,24,6,N,nb7,865,-0.427,1.792,4,1
20,0,24,6,N,nb8,865,0.926,-0.504,1,1
20,0,24,6,N,nb9,865,-1.865,1.646,1,1
20,0,24,6,N,nb10,865,-1.867,1.41,1,1
20,0,24,6,N,nb11,865,1.849,-0.832,2,1
20,0,24,6,N,nb12,865,0.772,-0.066,1,1
20,0,24,6,N,nb13,865,-1.814,-0.286,2,1
20,0,24,6,N,nb14,865,-0.569,1.699,2,1
20,0,24,6,N,nb15,865,-0.287,1.696,4,1
20,0,24,6,N,nb16,865,1.393,-1.832,2,1
20,0,24,6,N,nb17,865,1.317,-1.269,2,1
20,0,24,6,N,nb18,865,-0.104,1.865,3,1
20,0,24,6,N,nb19,865,-1.537,-0.25,3,1
20,0,24,6,N,nb20,865,1.121,-1.397,1,1
20,0,24,6,N,nb21,865,-1.438,-0.113,1,1
20,0,24,6,N,nb22,865,1.737,1.409,1,1
20,0,24,6,N,nb23,865,1.247,-1.116,1,1
20,0,24,6,N,nb24,865,1.761,-0.676,1,1
20,0,24,6,N,nb25,865,-0.274,1.865,3,1
20,0,24,6,N,nb26,865,1.845,1.54,1,1
20,0,24,6,N,nb27,865,1.56,-1.806,1,1
20,0,24,6,N,nb28,865,-1.698,-0.16,2,1
20,0,24,6,N,nb29,865,-1.707,-0.418,2,1
20,0,24,6,A,aa0,865,0.177,1.719,2,0
20,0,24,6,A,aa1,865,0.328,1.642,0,0
20,0,24,6,A,aa2,865,-1.555,-0.492,1,0
20,0,24,6,A,aa3,865,-0.08,-1.459,0,0
20,0,24,6,A,aa4,865,-0.219,0.939,0,0
20,0,24,6,A,aa5,865,-1.865,-0.125,2,0
20,0,24,6,N,nb0,870,0.063,1.845,1,0
20,0,24,6,N,nb1,870,0.881,-0.275,2,1
20,0,24,6,N,nb2,870,1.057,-1.866,2,1
20,0,24,6,N,nb3,870,1.226,-1.865,2,1
20,0,24,6,N,nb4,870,0.844,-1.866,1,1
20,0,24,6,N,nb5,870,-0.429,1.603,3,1
20,0,24,6,N,nb6,870,1.863,-1.001,1,1
20,0,24,6,N,nb7,870,-0.427,1.792,4,1
20,0,24,6,N,nb8,870,0.926,-0.504,1,1
20,0,24,6,N,nb9,870,-1.865,1.646,1,1
20,0,24,6,N,nb10,870,-1.867,1.41,1,1
20,0,24,6,N,nb11,870,1.849,-0.832,2,1
20,0,24,6,N,nb12,870,0.772,-0.066,1,1
20,0,24,6,N,nb13,870,-1.814,-0.286,2,1
20,0,24,6,N,nb14,870,-0.569,1.699,2,1
20,0,24,6,N,nb15,870,-0.287,1.696,4,0
20,0,24,6,N,nb16,870,1.393,-1.832,2,1
20,0,24,6,N,nb17,870,1.317,-1.269,2,1
20,0,24,6,N,nb18,870,-0.104,1.865,3,0
20,0,24,6,N,nb19,870,-1.537,-0.247,3,0
20,0,24,6,N,nb20,870,1.121,-1.397,1,1
20,0,24,6,N,nb21,870,-1.436,-0.111,1,1
20,0,24,6,N,nb22,870,1.737,1.409,1,1
20,0,24,6,N,nb23,870,1.247,-1.116,1,1
20,0,24,6,N,nb24,870,1.761,-0.676,1,1
20,0,24,6,N,nb25,870,-0.274,1.865,3,1
20,0,24,6,N,nb26,870,1.845,1.54,1,1
20,0,24,6,N,nb27,870,1.56,-1.806,1,1
20,0,24,6,N,nb28,870,-1.689,-0.171,3,0
20,0,24,6,N,nb29,870,-1.705,-0.416,3,0
20,0,24,6,A,aa0,870,0.14,1.648,3,1
20,0,24,6,A,aa1,870,0.292,1.572,0,0
20,0,24,6,A,aa2,870,-1.547,-0.478,0,0
20,0,24,6,A,aa3,870,-0.177,-1.437,0,0
20,0,24,6,A,aa4,870,-0.31,0.896,0,0
20,0,24,6,A,aa5,870,-1.852,-0.121,1,0
20,0,24,6,N,nb0,875,0.074,1.83,1,0
20,0,24,6,N,nb1,875,0.881,-0.275,2,1
20,0,24,6,N,nb2,875,1.057,-1.866,2,1
20,0,24,6,N,nb3,875,1.226,-1.865,2,1
20,0,24,6,N,nb4,875,0.844,-1.866,1,1
20,0,24,6,N,nb5,875,-0.449,1.58,3,0
20,0,24,6,N,nb6,875,1.863,-1.001,1,1
20,0,24,6,N,nb7,875,-0.427,1.792,4,1
20,0,24,6,N,nb8,875,0.926,-0.504,1,1
20,0,24,6,N,nb9,875,-1.865,1.646,1,1
20,0,24,6,N,nb10,875,-1.867,1.41,1,1
20,0,24,6,N,nb11,875,1.849,-0.832,2,1
20,0,24,6,N,nb12,875,0.772,-0.066,1,1
20,0,24,6,N,nb13,875,-1.814,-0.286,2,1
20,0,24,6,N,nb14,875,-0.57,1.699,2,1
20,0,24,6,N,nb15,875,-0.305,1.674,3,0
20,0,24,6,N,nb16,875,1.393,-1.832,2,1
20,0,24,6,N,nb17,875,1.317,-1.269,2,1
20,0,24,6,N,nb18,875,-0.091,1.865,2,0
20,0,24,6,N,nb19,875,-1.484,-0.273,3,0
20,0,24,6,N,nb20,875,1.121,-1.397,1,1
20,0,24,6,N,nb21,875,-1.436,-0.111,2,1
20,0,24,6,N,nb22,875,1.737,1.409,1,1
20,0,24,6,N,nb23,875,1.247,-1.116,1,1
20,0,24,6,N,nb24,875,1.761,-0.676,1,1
20,0,24,6,N,nb25,875,-0.261,1.865,3,0
20,0,24,6,N,nb26,875,1.845,1.54,1,1
20,0,24,6,N,nb27,875,1.56,-1.806,1,1
20,0,24,6,N,nb28,875,-1.649,-0.237,4,0
20,0,24,6,N,nb29,875,-1.686,-0.401,3,0
20,0,24,6,A,aa0,875,0.101,1.571,0,0
20,0,24,6,A,aa1,875,0.253,1.496,0,0
20,0,24,6,A,aa2,875,-1.531,-0.469,0,0
20,0,24,6,A,aa3,875,-0.275,-1.415,0,0
20,0,24,6,A,aa4,875,-0.4,0.853,0,0
20,0,24,6,A,aa5,875,-1.767,-0.093,2,0
20,0,24,6,N,nb0,880,0.114,1.793,1,0
20,0,24,6,N,nb1,880,0.881,-0.275,2,1
20,0,24,6,N,nb2,880,1.057,-1.866,2,1
20,0,24,6,N,nb3,880,1.226,-1.865,2,1
20,0,24,6,N,nb4,880,0.844,-1.866,1,1
20,0,24,6,N,nb5,880,-0.527,1.54,2,0
20,0,24,6,N,nb6,880,1.863,-1.001,1,1
20,0,24,6,N,nb7,880,-0.429,1.793,3,1
20,0,24,6,N,nb8,880,0.926,-0.504,1,1
20,0,24,6,N,nb9,880,-1.865,1.646,1,1
20,0,24,6,N,nb10,880,-1.867,1.41,1,1
20,0,24,6,N,nb11,880,1.849,-0.832,2,1
20,0,24,6,N,nb12,880,0.772,-0.066,1,1
20,0,24,6,N,nb13,880,-1.814,-0.286,2,1
20,0,24,6,N,nb14,880,-0.578,1.703,3,0
20,0,24,6,N,nb15,880,-0.373,1.63,3,0
20,0,24,6,N,nb16,880,1.393,-1.832,2,1
20,0,24,6,N,nb17,880,1.317,-1.269,2,1
20,0,24,6,N,nb18,880,-0.039,1.865,2,0
20,0,24,6,N,nb19,880,-1.447,-0.279,2,1
20,0,24,6,N,nb20,880,1.121,-1.397,1,1
20,0,24,6,N,nb21,880,-1.435,-0.11,2,1
20,0,24,6,N,nb22,880,1.737,1.409,1,1
20,0,24,6,N,nb23,880,1.247,-1.116,1,1
20,0,24,6,N,nb24,880,1.761,-0.676,1,1
20,0,24,6,N,nb25,880,-0.208,1.851,2,0
20,0,24,6,N,nb26,880,1.845,1.54,1,1
20,0,24,6,N,nb27,880,1.56,-1.806,1,1
20,0,24,6,N,nb28,880,-1.617,-0.277,4,1
20,0,24,6,N,nb29,880,-1.671,-0.437,2,1
20,0,24,6,A,aa0,880,0.061,1.492,1,0
20,0,24,6,A,aa1,880,0.213,1.416,0,0
20,0,24,6,A,aa2,880,-1.509,-0.488,0,0
20,0,24,6,A,aa3,880,-0.372,-1.392,0,0
20,0,24,6,A,aa4,880,-0.49,0.81,0,0
20,0,24,6,A,aa5,880,-1.731,-0.077,2,0
20,0,24,6,N,nb0,885,0.121,1.778,1,0
20,0,24,6,N,nb1,885,0.881,-0.275,2,1
20,0,24,6,N,nb2,885,1.057,-1.866,2,1
20,0,24,6,N,nb3,885,1.226,-1.865,2,1
20,0,24,6,N,nb4,885,0.844,-1.866,1,1
20,0,24,6,N,nb5,885,-0.565,1.523,2,0
20,0,24,6,N,nb6,885,1.863,-1.001,1,1
20,0,24,6,N,nb7,885,-0.429,1.793,3,0
20,0,24,6,N,nb8,885,0.926,-0.504,1,1
20,0,24,6,N,nb9,885,-1.865,1.646,1,1
20,0,24,6,N,nb10,885,-1.867,1.41,1,1
20,0,24,6,N,nb11,885,1.849,-0.832,2,1
20,0,24,6,N,nb12,885,0.772,-0.066,1,1
20,0,24,6,N,nb13,885,-1.829,-0.291,2,0
20,0,24,6,N,nb14,885,-0.578,1.703,3,1
20,0,24,6,N,nb15,885,-0.391,1.619,3,0
20,0,24,6,N,nb16,885,1.393,-1.832,2,1
20,0,24,6,N,nb17,885,1.317,-1.269,2,1
20,0,24,6,N,nb18,885,-0.024,1.865,2,0
20,0,24,6,N,nb19,885,-1.428,-0.286,2,0
20,0,24,6,N,nb20,885,1.121,-1.397,1,1
20,0,24,6,N,nb21,885,-1.434,-0.117,2,0
20,0,24,6,N,nb22,885,1.737,1.409,1,1
20,0,24,6,N,nb23,885,1.247,-1.116,1,1
20,0,24,6,N,nb24,885,1.761,-0.676,1,1
20,0,24,6,N,nb25,885,-0.192,1.841,2,0
20,0,24,6,N,nb26,885,1.845,1.54,1,1
20,0,24,6,N,nb27,885,1.56,-1.806,1,1
20,0,24,6,N,nb28,885,-1.6,-0.301,4,0
20,0,24,6,N,nb29,885,-1.672,-0.454,2,0
20,0,24,6,A,aa0,885,0.02,1.411,6,1
20,0,24,6,A,aa1,885,0.171,1.334,2,0
20,0,24,6,A,aa2,885,-1.506,-0.489,0,0
20,0,24,6,A,aa3,885,-0.47,-1.37,0,0
20,0,24,6,A,aa4,885,-0.581,0.768,0,0
20,0,24,6,A,aa5,885,-1.706,-0.048,0,0
20,0,24,6,N,nb0,890,0.097,1.705,2,0
20,0,24,6,N,nb1,890,0.881,-0.275,2,1
20,0,24,6,N,nb2,890,1.057,-1.866,2,1
20,0,24,6,N,nb3,890,1.226,-1.865,2,1
20,0,24,6,N,nb4,890,0.844,-1.866,1,1
20,0,24,6,N,nb5,890,-0.633,1.49,2,0
20,0,24,6,N,nb6,890,1.863,-1.001,1,1
20,0,24,6,N,nb7,890,-0.436,1.866,1,0
20,0,24,6,N,nb8,890,0.926,-0.504,1,1
20,0,24,6,N,nb9,890,-1.865,1.646,1,1
20,0,24,6,N,nb10,890,-1.867,1.41,1,1
20,0,24,6,N,nb11,890,1.849,-0.832,2,1
20,0,24,6,N,nb12,890,0.772,-0.066,1,1
20,0,24,6,N,nb13,890,-1.865,-0.316,0,0
20,0,24,6,N,nb14,890,-0.578,1.703,3,1
20,0,24,6,N,nb15,890,-0.459,1.565,2,0
20,0,24,6,N,nb16,890,1.393,-1.832,2,1
20,0,24,6,N,nb17,890,1.317,-1.269,2,1
20,0,24,6,N,nb18,890,0.036,1.865,2,0
20,0,24,6,N,nb19,890,-1.35,-0.282,2,0
20,0,24,6,N,nb20,890,1.121,-1.397,1,1
20,0,24,6,N,nb21,890,-1.464,-0.157,2,0
20,0,24,6,N,nb22,890,1.737,1.409,1,1
20,0,24,6,N,nb23,890,1.247,-1.116,1,1
20,0,24,6,N,nb24,890,1.761,-0.676,1,1
20,0,24,6,N,nb25,890,-0.123,1.799,2,0
20,0,24,6,N,nb26,890,1.845,1.54,1,1
20,0,24,6,N,nb27,890,1.56,-1.806,1,1
20,0,24,6,N,nb28,890,-1.56,-0.377,3,0
20,0,24,6,N,nb29,890,-1.676,-0.499,1,0
20,0,24,6,A,aa0,890,-0.021,1.328,0,0
20,0,24,6,A,aa1,890,0.136,1.249,0,0
20,0,24,6,A,aa2,890,-1.525,-0.576,0,0
20,0,24,6,A,aa3,890,-0.567,-1.348,0,0
20,0,24,6,A,aa4,890,-0.638,0.741,0,0
20,0,24,6,A,aa5,890,-1.696,0.028,0,0
20,0,24,6,N,nb0,895,0.053,1.627,2,1
20,0,24,6,N,nb1,895,0.881,-0.275,2,1
20,0,24,6,N,nb2,895,1.057,-1.866,2,1
20,0,24,6,N,nb3,895,1.226,-1.865,2,1
20,0,24,6,N,nb4,895,0.844,-1.866,1,1
20,0,24,6,N,nb5,895,-0.722,1.445,1,0
20,0,24,6,N,nb6,895,1.863,-1.001,1,1
20,0,24,6,N,nb7,895,-0.432,1.866,1,1
20,0,24,6,N,nb8,895,0.926,-0.504,1,1
20,0,24,6,N,nb9,895,-1.865,1.646,1,1
20,0,24,6,N,nb10,895,-1.867,1.41,1,1
20,0,24,6,N,nb11,895,1.849,-0.832,2,1
20,0,24,6,N,nb12,895,0.772,-0.066,1,1
20,0,24,6,N,nb13,895,-1.865,-0.353,0,0
20,0,24,6,N,nb14,895,-0.578,1.703,2,1
20,0,24,6,N,nb15,895,-0.521,1.5,2,1
20,0,24,6,N,nb16,895,1.393,-1.832,2,1
20,0,24,6,N,nb17,895,1.317,-1.269,2,1
20,0,24,6,N,nb18,895,0.112,1.865,2,1
20,0,24,6,N,nb19,895,-1.293,-0.263,1,1
20,0,24,6,N,nb20,895,1.121,-1.397,1,1
20,0,24,6,N,nb21,895,-1.497,-0.203,2,1
20,0,24,6,N,nb22,895,1.737,1.409,1,1
20,0,24,6,N,nb23,895,1.247,-1.116,1,1
20,0,24,6,N,nb24,895,1.761,-0.676,1,1
20,0,24,6,N,nb25,895,-0.066,1.747,2,1
20,0,24,6,N,nb26,895,1.845,1.54,1,1
20,0,24,6,N,nb27,895,1.56,-1.806,1,1
20,0,24,6,N,nb28,895,-1.529,-0.425,2,1
20,0,24,6,N,nb29,895,-1.665,-0.524,1,1
20,0,24,6,A,aa0,895,-0.071,1.25,0,0
20,0,24,6,A,aa1,895,0.11,1.16,0,0
20,0,24,6,A,aa2,895,-1.54,-0.654,3,1
20,0,24,6,A,aa3,895,-0.665,-1.326,0,0
20,0,24,6,A,aa4,895,-0.653,0.707,0,0
20,0,24,6,A,aa5,895,-1.685,0.127,3,1
20,0,24,6,N,nb0,900,0.047,1.61,1,0
20,0,24,6,N,nb1,900,0.881,-0.275,2,1
20,0,24,6,N,nb2,900,1.057,-1.866,2,1
20,0,24,6,N,nb3,900,1.226,-1.865,2,0
20,0,24,6,N,nb4,900,0.844,-1.866,1,1
20,0,24,6,N,nb5,900,-0.742,1.434,1,1
20,0,24,6,N,nb6,900,1.863,-1.001,1,1
20,0,24,6,N,nb7,900,-0.432,1.866,1,1
20,0,24,6,N,nb8,900,0.926,-0.504,1,1
20,0,24,6,N,nb9,900,-1.865,1.646,1,1
20,0,24,6,N,nb10,900,-1.867,1.41,1,1
20,0,24,6,N,nb11,900,1.849,-0.832,2,1
20,0,24,6,N,nb12,900,0.772,-0.066,1,1
20,0,24,6,N,nb13,900,-1.865,-0.404,0,0
20,0,24,6,N,nb14,900,-0.578,1.703,2,1
20,0,24,6,N,nb15,900,-0.532,1.485,2,0
20,0,24,6,N,nb16,900,1.393,-1.832,2,1
20,0,24,6,N,nb17,900,1.317,-1.269,2,1
20,0,24,6,N,nb18,900,0.114,1.865,1,1
20,0,24,6,N,nb19,900,-1.24,-0.247,0,0
20,0,24,6,N,nb20,900,1.121,-1.397,1,1
20,0,24,6,N,nb21,900,-1.53,-0.243,1,0
20,0,24,6,N,nb22,900,1.737,1.409,1,1
20,0,24,6,N,nb23,900,1.247,-1.116,1,1
20,0,24,6,N,nb24,900,1.761,-0.676,1,1
20,0,24,6,N,nb25,900,-0.062,1.739,2,0
20,0,24,6,N,nb26,900,1.845,1.54,1,1
20,0,24,6,N,nb27,900,1.56,-1.806,1,1
20,0,24,6,N,nb28,900,-1.495,-0.463,2,0
20,0,24,6,N,nb29,900,-1.648,-0.537,1,0
20,0,24,6,A,aa0,900,-0.129,1.176,0,0
20,0,24,6,A,aa1,900,0.109,1.157,0,0
20,0,24,6,A,aa2,900,-1.529,-0.658,0,0
20,0,24,6,A,aa3,900,-0.762,-1.304,0,0
20,0,24,6,A,aa4,900,-0.693,0.616,0,0
20,0,24,6,A,aa5,900,-1.673,0.226,0,0
20,0,24,6,N,nb0,905,0.006,1.525,1,0
20,0,24,6,N,nb1,905,0.881,-0.275,2,1
20,0,24,6,N,nb2,905,1.057,-1.866,2,1
20,0,24,6,N,nb3,905,1.226,-1.865,2,1
20,0,24,6,N,nb4,905,0.844,-1.866,1,1
20,0,24,6,N,nb5,905,-0.747,1.433,1,1
20,0,24,6,N,nb6,905,1.863,-1.001,1,1
20,0,24,6,N,nb7,905,-0.432,1.866,1,1
20,0,24,6,N,nb8,905,0.926,-0.504,1,1
20,0,24,6,N,nb9,905,-1.865,1.646,1,1
20,0,24,6,N,nb10,905,-1.867,1.41,1,1
20,0,24,6,N,nb11,905,1.849,-0.832,2,1
20,0,24,6,N,nb12,905,0.772,-0.066,1,1
20,0,24,6,N,nb13,905,-1.865,-0.467,0,0
20,0,24,6,N,nb14,905,-0.578,1.703,1,1
20,0,24,6,N,nb15,905,-0.579,1.413,1,0
20,0,24,6,N,nb16,905,1.393,-1.832,2,1
20,0,24,6,N,nb17,905,1.317,-1.269,2,1
20,0,24,6,N,nb18,905,0.114,1.865,1,1
20,0,24,6,N,nb19,905,-1.144,-0.22,0,0
20,0,24,6,N,nb20,905,1.121,-1.397,1,1
20,0,24,6,N,nb21,905,-1.595,-0.305,0,0
20,0,24,6,N,nb22,905,1.737,1.409,1,1
20,0,24,6,N,nb23,905,1.247,-1.116,1,1
20,0,24,6,N,nb24,905,1.761,-0.676,1,1
20,0,24,6,N,nb25,905,-0.036,1.689,2,0
20,0,24,6,N,nb26,905,1.845,1.54,1,1
20,0,24,6,N,nb27,905,1.56,-1.806,1,1
20,0,24,6,N,nb28,905,-1.431,-0.531,1,0
20,0,24,6,N,nb29,905,-1.589,-0.595,1,0
20,0,24,6,A,aa0,905,-0.195,1.104,0,0
20,0,24,6,A,aa1,905,0.145,1.109,0,0
20,0,24,6,A,aa2,905,-1.466,-0.732,0,0
20,0,24,6,A,aa3,905,-0.86,-1.282,0,0
20,0,24,6,A,aa4,905,-0.734,0.524,0,0
20,0,24,6,A,aa5,905,-1.662,0.326,0,0
20,0,24,6,N,nb0,910,-0.031,1.453,1,1
20,0,24,6,N,nb1,910,0.881,-0.275,2,1
20,0,24,6,N,nb2,910,1.057,-1.866,2,1
20,0,24,6,N,nb3,910,1.226,-1.865,2,1
20,0,24,6,N,nb4,910,0.844,-1.866,1,1
20,0,24,6,N,nb5,910,-0.755,1.43,1,1
20,0,24,6,N,nb6,910,1.863,-1.001,1,1
20,0,24,6,N,nb7,910,-0.432,1.866,1,1
20,0,24,6,N,nb8,910,0.926,-0.504,1,1
20,0,24,6,N,nb9,910,-1.865,1.646,1,1
20,0,24,6,N,nb10,910,-1.867,1.41,1,1
20,0,24,6,N,nb11,910,1.849,-0.832,2,0
20,0,24,6,N,nb12,910,0.772,-0.066,1,1
20,0,24,6,N,nb13,910,-1.865,-0.54,0,0
20,0,24,6,N,nb14,910,-0.578,1.703,1,1
20,0,24,6,N,nb15,910,-0.607,1.347,1,1
20,0,24,6,N,nb16,910,1.393,-1.832,2,1
20,0,24,6,N,nb17,910,1.317,-1.269,2,1
20,0,24,6,N,nb18,910,0.114,1.865,0,1
20,0,24,6,N,nb19,910,-1.047,-0.192,0,0
20,0,24,6,N,nb20,910,1.121,-1.397,1,1
20,0,24,6,N,nb21,910,-1.673,-0.368,0,0
20,0,24,6,N,nb22,910,1.737,1.409,1,1
20,0,24,6,N,nb23,910,1.247,-1.116,1,1
20,0,24,6,N,nb24,910,1.761,-0.676,1,0
20,0,24,6,N,nb25,910,0.008,1.633,1,1
20,0,24,6,N,nb26,910,1.845,1.54,1,1
20,0,24,6,N,nb27,910,1.56,-1.806,1,1
20,0,24,6,N,nb28,910,-1.402,-0.558,1,1
20,0,24,6,N,nb29,910,-1.561,-0.62,1,1
20,0,24,6,A,aa0,910,-0.263,1.03,0,0
20,0,24,6,A,aa1,910,0.145,1.109,0,0
20,0,24,6,A,aa2,910,-1.403,-0.808,2,0
20,0,24,6,A,aa3,910,-0.957,-1.259,0,0
20,0,24,6,A,aa4,910,-0.774,0.433,0,0
20,0,24,6,A,aa5,910,-1.652,0.409,0,0
20,0,24,6,N,nb0,915,-0.031,1.453,1,1
20,0,24,6,N,nb1,915,0.881,-0.275,2,1
20,0,24,6,N,nb2,915,1.057,-1.866,2,1
20,0,24,6,N,nb3,915,1.226,-1.865,2,1
20,0,24,6,N,nb4,915,0.844,-1.866,1,1
20,0,24,6,N,nb5,915,-0.755,1.43,1,1
20,0,24,6,N,nb6,915,1.863,-1.001,1,1
20,0,24,6,N,nb7,915,-0.432,1.866,1,1
20,0,24,6,N,nb8,915,0.926,-0.504,1,1
20,0,24,6,N,nb9,915,-1.865,1.646,1,1
20,0,24,6,N,nb10,915,-1.867,1.41,1,1
20,0,24,6,N,nb11,915,1.849,-0.832,2,1
20,0,24,6,N,nb12,915,0.772,-0.066,1,1
20,0,24,6,N,nb13,915,-1.865,-0.574,1,1
20,0,24,6,N,nb14,915,-0.578,1.703,1,1
20,0,24,6,N,nb15,915,-0.607,1.347,1,1
20,0,24,6,N,nb16,915,1.393,-1.832,2,1
20,0,24,6,N,nb17,915,1.317,-1.269,2,1
20,0,24,6,N,nb18,915,0.114,1.865,0,1
20,0,24,6,N,nb19,915,-0.951,-0.165,0,0
20,0,24,6,N,nb20,915,1.121,-1.397,1,1
20,0,24,6,N,nb21,915,-1.702,-0.39,1,1
20,0,24,6,N,nb22,915,1.737,1.409,1,1
20,0,24,6,N,nb23,915,1.247,-1.116,1,1
20,0,24,6,N,nb24,915,1.761,-0.676,1,1
20,0,24,6,N,nb25,915,0.008,1.633,1,1
20,0,24,6,N,nb26,915,1.845,1.54,1,1
20,0,24,6,N,nb27,915,1.56,-1.806,1,1
20,0,24,6,N,nb28,915,-1.402,-0.558,1,0
20,0,24,6,N,nb29,915,-1.561,-0.62,1,0
20,0,24,6,A,aa0,915,-0.33,0.956,2,0
20,0,24,6,A,aa1,915,0.205,1.114,2,0
20,0,24,6,A,aa2,915,-1.341,-0.886,2,0
20,0,24,6,A,aa3,915,-0.98,-1.254,0,0
20,0,24,6,A,aa4,915,-0.814,0.341,0,0
20,0,24,6,A,aa5,915,-1.669,0.463,0,0
20,0,24,6,N,nb0,920,-0.031,1.453,1,1
20,0,24,6,N,nb1,920,0.881,-0.275,2,1
20,0,24,6,N,nb2,920,1.057,-1.866,2,1
20,0,24,6,N,nb3,920,1.226,-1.865,2,1
20,0,24,6,N,nb4,920,0.844,-1.866,1,1
20,0,24,6,N,nb5,920,-0.755,1.43,1,1
20,0,24,6,N,nb6,920,1.863,-1.001,1,1
20,0,24,6,N,nb7,920,-0.432,1.866,1,1
20,0,24,6,N,nb8,920,0.926,-0.504,1,1
20,0,24,6,N,nb9,920,-1.865,1.646,1,1
20,0,24,6,N,nb10,920,-1.867,1.41,1,1
20,0,24,6,N,nb11,920,1.849,-0.832,2,1
20,0,24,6,N,nb12,920,0.772,-0.066,1,1
20,0,24,6,N,nb13,920,-1.865,-0.574,1,1
20,0,24,6,N,nb14,920,-0.578,1.703,1,1
20,0,24,6,N,nb15,920,-0.607,1.347,1,1
20,0,24,6,N,nb16,920,1.393,-1.832,2,1
20,0,24,6,N,nb17,920,1.317,-1.269,2,1
20,0,24,6,N,nb18,920,0.114,1.865,0,1
20,0,24,6,N,nb19,920,-0.855,-0.137,0,0
20,0,24,6,N,nb20,920,1.121,-1.397,1,1
20,0,24,6,N,nb21,920,-1.702,-0.39,1,1
20,0,24,6,N,nb22,920,1.737,1.409,1,1
20,0,24,6,N,nb23,920,1.247,-1.116,1,1
20,0,24,6,N,nb24,920,1.761,-0.676,1,1
20,0,24,6,N,nb25,920,0.008,1.633,1,1
20,0,24,6,N,nb26,920,1.845,1.54,1,1
20,0,24,6,N,nb27,920,1.56,-1.806,1,1
20,0,24,6,N,nb28,920,-1.347,-0.606,1,0
20,0,24,6,N,nb29,920,-1.51,-0.666,1,0
20,0,24,6,A,aa0,920,-0.398,0.883,1,0
20,0,24,6,A,aa1,920,0.254,1.141,2,0
20,0,24,6,A,aa2,920,-1.279,-0.964,0,0
20,0,24,6,A,aa3,920,-1.071,-1.287,0,0
20,0,24,6,A,aa4,920,-0.855,0.25,0,0
20,0,24,6,A,aa5,920,-1.7,0.558,0,0
20,0,24,6,N,nb0,925,-0.031,1.453,1,1
20,0,24,6,N,nb1,925,0.881,-0.275,2,1
20,0,24,6,N,nb2,925,1.057,-1.866,2,1
20,0,24,6,N,nb3,925,1.226,-1.865,2,1
20,0,24,6,N,nb4,925,0.844,-1.866,1,1
20,0,24,6,N,nb5,925,-0.755,1.43,1,1
20,0,24,6,N,nb6,925,1.863,-1.001,1,1
20,0,24,6,N,nb7,925,-0.432,1.866,1,0
20,0,24,6,N,nb8,925,0.926,-0.504,1,1
20,0,24,6,N,nb9,925,-1.865,1.646,1,1
20,0,24,6,N,nb10,925,-1.867,1.41,1,1
20,0,24,6,N,nb11,925,1.849,-0.832,2,1
20,0,24,6,N,nb12,925,0.772,-0.066,1,1
20,0,24,6,N,nb13,925,-1.865,-0.574,1,1
20,0,24,6,N,nb14,925,-0.578,1.703,1,1
20,0,24,6,N,nb15,925,-0.607,1.347,1,1
20,0,24,6,N,nb16,925,1.393,-1.832,2,1
20,0,24,6,N,nb17,925,1.317,-1.269,2,1
20,0,24,6,N,nb18,925,0.114,1.865,0,0
20,0,24,6,N,nb19,925,-0.759,-0.11,0,0
20,0,24,6,N,nb20,925,1.121,-1.397,1,1
20,0,24,6,N,nb21,925,-1.702,-0.39,1,1
20,0,24,6,N,nb22,925,1.737,1.409,1,1
20,0,24,6,N,nb23,925,1.247,-1.116,1,1
20,0,24,6,N,nb24,925,1.761,-0.676,1,1
20,0,24,6,N,nb25,925,0.008,1.633,1,1
20,0,24,6,N,nb26,925,1.845,1.54,1,1
20,0,24,6,N,nb27,925,1.56,-1.806,1,1
20,0,24,6,N,nb28,925,-1.271,-0.663,1,0
20,0,24,6,N,nb29,925,-1.451,-0.735,1,0
20,0,24,6,A,aa0,925,-0.466,0.809,1,0
20,0,24,6,A,aa1,925,0.342,1.19,2,0
20,0,24,6,A,aa2,925,-1.217,-1.042,0,0
20,0,24,6,A,aa3,925,-1.165,-1.321,0,0
20,0,24,6,A,aa4,925,-0.895,0.158,0,0
20,0,24,6,A,aa5,925,-1.731,0.653,0,0
20,0,24,6,N,nb0,930,-0.031,1.453,1,1
20,0,24,6,N,nb1,930,0.881,-0.275,2,1
20,0,24,6,N,nb2,930,1.057,-1.866,2,1
20,0,24,6,N,nb3,930,1.226,-1.865,2,1
20,0,24,6,N,nb4,930,0.844,-1.866,1,1
20,0,24,6,N,nb5,930,-0.755,1.43,1,1
20,0,24,6,N,nb6,930,1.863,-1.001,1,1
20,0,24,6,N,nb7,930,-0.432,1.866,1,1
20,0,24,6,N,nb8,930,0.926,-0.504,1,1
20,0,24,6,N,nb9,930,-1.865,1.646,1,0
20,0,24,6,N,nb10,930,-1.867,1.41,1,1
20,0,24,6,N,nb11,930,1.849,-0.832,2,1
20,0,24,6,N,nb12,930,0.772,-0.066,1,1
20,0,24,6,N,nb13,930,-1.865,-0.574,1,1
20,0,24,6,N,nb14,930,-0.578,1.703,1,1
20,0,24,6,N,nb15,930,-0.607,1.347,1,1
20,0,24,6,N,nb16,930,1.393,-1.832,2,1
20,0,24,6,N,nb17,930,1.317,-1.269,2,1
20,0,24,6,N,nb18,930,0.173,1.865,0,0
20,0,24,6,N,nb19,930,-0.663,-0.083,0,0
20,0,24,6,N,nb20,930,1.121,-1.397,1,1
20,0,24,6,N,nb21,930,-1.702,-0.39,1,1
20,0,24,6,N,nb22,930,1.737,1.409,1,1
20,0,24,6,N,nb23,930,1.247,-1.116,1,1
20,0,24,6,N,nb24,930,1.761,-0.676,1,1
20,0,24,6,N,nb25,930,0.008,1.633,1,1
20,0,24,6,N,nb26,930,1.845,1.54,1,1
20,0,24,6,N,nb27,930,1.56,-1.806,1,1
20,0,24,6,N,nb28,930,-1.253,-0.676,1,1
20,0,24,6,N,nb29,930,-1.439,-0.752,1,1
20,0,24,6,A,aa0,930,-0.534,0.736,0,0
20,0,24,6,A,aa1,930,0.429,1.238,2,0
20,0,24,6,A,aa2,930,-1.158,-1.115,2,0
20,0,24,6,A,aa3,930,-1.256,-1.355,0,0
20,0,24,6,A,aa4,930,-0.935,0.067,0,0
20,0,24,6,A,aa5,930,-1.756,0.732,0,0
20,0,24,6,N,nb0,935,-0.031,1.453,1,1
20,0,24,6,N,nb1,935,0.881,-0.275,2,1
20,0,24,6,N,nb2,935,1.057,-1.866,2,1
20,0,24,6,N,nb3,935,1.226,-1.865,2,1
20,0,24,6,N,nb4,935,0.844,-1.866,1,1
20,0,24,6,N,nb5,935,-0.755,1.43,1,1
20,0,24,6,N,nb6,935,1.863,-1.001,1,1
20,0,24,6,N,nb7,935,-0.432,1.866,1,1
20,0,24,6,N,nb8,935,0.926,-0.504,1,1
20,0,24,6,N,nb9,935,-1.865,1.646,1,1
20,0,24,6,N,nb10,935,-1.867,1.41,1,1
20,0,24,6,N,nb11,935,1.849,-0.832,2,1
20,0,24,6,N,nb12,935,0.772,-0.066,1,1
20,0,24,6,N,nb13,935,-1.865,-0.574,1,1
20,0,24,6,N,nb14,935,-0.578,1.703,1,1
20,0,24,6,N,nb15,935,-0.607,1.347,1,1
20,0,24,6,N,nb16,935,1.393,-1.832,2,1
20,0,24,6,N,nb17,935,1.317,-1.269,2,1
20,0,24,6,N,nb18,935,0.256,1.865,0,0
20,0,24,6,N,nb19,935,-0.567,-0.055,0,0
20,0,24,6,N,nb20,935,1.121,-1.397,1,1
20,0,24,6,N,nb21,935,-1.702,-0.39,1,1
20,0,24,6,N,nb22,935,1.737,1.409,1,1
20,0,24,6,N,nb23,935,1.247,-1.116,1,1
20,0,24,6,N,nb24,935,1.761,-0.676,1,1
20,0,24,6,N,nb25,935,0.008,1.633,1,1
20,0,24,6,N,nb26,935,1.845,1.54,1,1
20,0,24,6,N,nb27,935,1.56,-1.806,1,1
20,0,24,6,N,nb28,935,-1.253,-0.676,1,1
20,0,24,6,N,nb29,935,-1.439,-0.752,1,1
20,0,24,6,A,aa0,935,-0.602,0.662,0,0
20,0,24,6,A,aa1,935,0.449,1.25,2,0
20,0,24,6,A,aa2,935,-1.088,-1.183,2,0
20,0,24,6,A,aa3,935,-1.346,-1.394,0,0
20,0,24,6,A,aa4,935,-0.976,-0.025,0,0
20,0,24,6,A,aa5,935,-1.756,0.732,0,0
20,0,24,6,N,nb0,940,-0.031,1.453,1,1
20,0,24,6,N,nb1,940,0.881,-0.275,2,1
20,0,24,6,N,nb2,940,1.057,-1.866,2,1
20,0,24,6,N,nb3,940,1.226,-1.865,2,1
20,0,24,6,N,nb4,940,0.844,-1.866,1,1
20,0,24,6,N,nb5,940,-0.755,1.43,1,1
20,0,24,6,N,nb6,940,1.863,-1.001,1,1
20,0,24,6,N,nb7,940,-0.432,1.866,1,1
20,0,24,6,N,nb8,940,0.926,-0.504,1,1
20,0,24,6,N,nb9,940,-1.865,1.646,1,1
20,0,24,6,N,nb10,940,-1.867,1.41,1,1
20,0,24,6,N,nb11,940,1.849,-0.832,2,1
20,0,24,6,N,nb12,940,0.772,-0.066,1,1
20,0,24,6,N,nb13,940,-1.865,-0.574,1,1
20,0,24,6,N,nb14,940,-0.578,1.703,1,1
20,0,24,6,N,nb15,940,-0.607,1.347,1,1
20,0,24,6,N,nb16,940,1.393,-1.832,2,1
20,0,24,6,N,nb17,940,1.317,-1.269,2,1
20,0,24,6,N,nb18,940,0.344,1.865,0,0
20,0,24,6,N,nb19,940,-0.47,-0.028,0,0
20,0,24,6,N,nb20,940,1.121,-1.397,1,1
20,0,24,6,N,nb21,940,-1.702,-0.39,1,1
20,0,24,6,N,nb22,940,1.737,1.409,1,1
20,0,24,6,N,nb23,940,1.247,-1.116,1,1
20,0,24,6,N,nb24,940,1.761,-0.676,1,1
20,0,24,6,N,nb25,940,0.008,1.633,1,1
20,0,24,6,N,nb26,940,1.845,1.54,1,1
20,0,24,6,N,nb27,940,1.56,-1.806,1,1
20,0,24,6,N,nb28,940,-1.253,-0.676,1,1
20,0,24,6,N,nb29,940,-1.439,-0.752,1,1
20,0,24,6,A,aa0,940,-0.669,0.589,0,0
20,0,24,6,A,aa1,940,0.448,1.266,2,0
20,0,24,6,A,aa2,940,-1.017,-1.253,0,0
20,0,24,6,A,aa3,940,-1.438,-1.434,0,0
20,0,24,6,A,aa4,940,-1.016,-0.116,0,0
20,0,24,6,A,aa5,940,-1.756,0.732,0,0
20,0,24,6,N,nb0,945,-0.031,1.453,1,1
20,0,24,6,N,nb1,945,0.881,-0.275,2,1
20,0,24,6,N,nb2,945,1.057,-1.866,2,0
20,0,24,6,N,nb3,945,1.226,-1.865,2,1
20,0,24,6,N,nb4,945,0.844,-1.866,1,1
20,0,24,6,N,nb5,945,-0.755,1.43,1,1
20,0,24,6,N,nb6,945,1.863,-1.001,1,1
20,0,24,6,N,nb7,945,-0.432,1.866,1,1
20,0,24,6,N,nb8,945,0.926,-0.504,1,1
20,0,24,6,N,nb9,945,-1.865,1.646,1,1
20,0,24,6,N,nb10,945,-1.867,1.41,1,1
20,0,24,6,N,nb11,945,1.849,-0.832,2,1
20,0,24,6,N,nb12,945,0.772,-0.066,1,1
20,0,24,6,N,nb13,945,-1.865,-0.574,1,1
20,0,24,6,N,nb14,945,-0.578,1.703,1,1
20,0,24,6,N,nb15,945,-0.607,1.347,1,1
20,0,24,6,N,nb16,945,1.393,-1.832,2,1
20,0,24,6,N,nb17,945,1.317,-1.269,2,1
20,0,24,6,N,nb18,945,0.435,1.865,0,0
20,0,24,6,N,nb19,945,-0.374,-0.0,0,0
20,0,24,6,N,nb20,945,1.121,-1.397,1,1
20,0,24,6,N,nb21,945,-1.702,-0.39,1,1
20,0,24,6,N,nb22,945,1.737,1.409,1,1
20,0,24,6,N,nb23,945,1.247,-1.116,1,1
20,0,24,6,N,nb24,945,1.761,-0.676,1,1
20,0,24,6,N,nb25,945,0.008,1.633,1,1
20,0,24,6,N,nb26,945,1.845,1.54,1,1
20,0,24,6,N,nb27,945,1.56,-1.806,1,1
20,0,24,6,N,nb28,945,-1.253,-0.676,1,1
20,0,24,6,N,nb29,945,-1.439,-0.752,1,1
20,0,24,6,A,aa0,945,-0.737,0.515,0,0
20,0,24,6,A,aa1,945,0.44,1.366,2,0
20,0,24,6,A,aa2,945,-0.945,-1.323,0,0
20,0,24,6,A,aa3,945,-1.529,-1.474,0,0
20,0,24,6,A,aa4,945,-1.056,-0.208,1,0
20,0,24,6,A,aa5,945,-1.782,0.709,0,0
20,0,24,6,N,nb0,950,-0.031,1.453,1,1
20,0,24,6,N,nb1,950,0.881,-0.275,2,1
20,0,24,6,N,nb2,950,1.057,-1.866,2,1
20,0,24,6,N,nb3,950,1.226,-1.865,2,1
20,0,24,6,N,nb4,950,0.844,-1.866,1,1
20,0,24,6,N,nb5,950,-0.755,1.43,1,1
20,0,24,6,N,nb6,950,1.863,-1.001,1,1
20,0,24,6,N,nb7,950,-0.432,1.866,1,1
20,0,24,6,N,nb8,950,0.926,-0.504,1,1
20,0,24,6,N,nb9,950,-1.865,1.646,1,1
20,0,24,6,N,nb10,950,-1.867,1.41,1,1
20,0,24,6,N,nb11,950,1.849,-0.832,2,1
20,0,24,6,N,nb12,950,0.772,-0.066,1,1
20,0,24,6,N,nb13,950,-1.865,-0.574,1,1
20,0,24,6,N,nb14,950,-0.578,1.703,1,1
20,0,24,6,N,nb15,950,-0.607,1.347,1,1
20,0,24,6,N,nb16,950,1.393,-1.832,2,1
20,0,24,6,N,nb17,950,1.317,-1.269,2,1
20,0,24,6,N,nb18,950,0.528,1.862,0,0
20,0,24,6,N,nb19,950,-0.278,0.027,0,0
20,0,24,6,N,nb20,950,1.121,-1.397,1,1
20,0,24,6,N,nb21,950,-1.702,-0.39,1,1
20,0,24,6,N,nb22,950,1.737,1.409,1,1
20,0,24,6,N,nb23,950,1.247,-1.116,1,1
20,0,24,6,N,nb24,950,1.761,-0.676,1,1
20,0,24,6,N,nb25,950,0.008,1.633,1,1
20,0,24,6,N,nb26,950,1.845,1.54,1,1
20,0,24,6,N,nb27,950,1.56,-1.806,1,1
20,0,24,6,N,nb28,950,-1.253,-0.676,1,1
20,0,24,6,N,nb29,950,-1.439,-0.752,1,1
20,0,24,6,A,aa0,950,-0.805,0.442,0,0
20,0,24,6,A,aa1,950,0.437,1.409,2,0
20,0,24,6,A,aa2,950,-0.874,-1.393,0,0
20,0,24,6,A,aa3,950,-1.621,-1.514,0,0
20,0,24,6,A,aa4,950,-1.097,-0.3,2,0
20,0,24,6,A,aa5,950,-1.841,0.644,0,0
20,0,24,6,N,nb0,955,-0.031,1.453,1,1
20,0,24,6,N,nb1,955,0.881,-0.275,2,0
20,0,24,6,N,nb2,955,1.057,-1.866,2,1
20,0,24,6,N,nb3,955,1.226,-1.865,2,1
20,0,24,6,N,nb4,955,0.844,-1.866,1,1
20,0,24,6,N,nb5,955,-0.755,1.43,1,1
20,0,24,6,N,nb6,955,1.863,-1.001,1,0
20,0,24,6,N,nb7,955,-0.432,1.866,1,1
20,0,24,6,N,nb8,955,0.926,-0.504,1,0
20,0,24,6,N,nb9,955,-1.865,1.646,1,1
20,0,24,6,N,nb10,955,-1.867,1.41,1,1
20,0,24,6,N,nb11,955,1.849,-0.832,2,1
20,0,24,6,N,nb12,955,0.772,-0.066,1,1
20,0,24,6,N,nb13,955,-1.865,-0.574,1,1
20,0,24,6,N,nb14,955,-0.578,1.703,1,1
20,0,24,6,N,nb15,955,-0.607,1.347,1,1
20,0,24,6,N,nb16,955,1.393,-1.832,2,1
20,0,24,6,N,nb17,955,1.317,-1.269,2,1
20,0,24,6,N,nb18,955,0.619,1.848,0,0
20,0,24,6,N,nb19,955,-0.182,0.055,0,0
20,0,24,6,N,nb20,955,1.121,-1.397,1,1
20,0,24,6,N,nb21,955,-1.714,-0.398,1,0
20,0,24,6,N,nb22,955,1.737,1.409,1,1
20,0,24,6,N,nb23,955,1.247,-1.116,1,1
20,0,24,6,N,nb24,955,1.761,-0.676,1,1
20,0,24,6,N,nb25,955,0.008,1.633,1,1
20,0,24,6,N,nb26,955,1.845,1.54,1,1
20,0,24,6,N,nb27,955,1.56,-1.806,1,0
20,0,24,6,N,nb28,955,-1.24,-0.685,1,0
20,0,24,6,N,nb29,955,-1.431,-0.765,1,0
20,0,24,6,A,aa0,955,-0.873,0.368,0,0
20,0,24,6,A,aa1,955,0.422,1.417,2,0
20,0,24,6,A,aa2,955,-0.802,-1.463,0,0
20,0,24,6,A,aa3,955,-1.713,-1.554,0,0
20,0,24,6,A,aa4,955,-1.137,-0.391,0,0
20,0,24,6,A,aa5,955,-1.866,0.57,0,0
20,0,24,6,N,nb0,960,-0.031,1.453,1,1
20,0,24,6,N,nb1,960,0.881,-0.275,2,1
20,0,24,6,N,nb2,960,1.057,-1.866,2,1
20,0,24,6,N,nb3,960,1.226,-1.865,2,1
20,0,24,6,N,nb4,960,0.844,-1.866,1,1
20,0,24,6,N,nb5,960,-0.755,1.43,1,1
20,0,24,6,N,nb6,960,1.863,-1.001,1,1
20,0,24,6,N,nb7,960,-0.432,1.866,1,1
20,0,24,6,N,nb8,960,0.926,-0.504,1,1
20,0,24,6,N,nb9,960,-1.865,1.646,1,1
20,0,24,6,N,nb10,960,-1.867,1.41,1,1
20,0,24,6,N,nb11,960,1.849,-0.832,2,1
20,0,24,6,N,nb12,960,0.772,-0.066,1,1
20,0,24,6,N,nb13,960,-1.865,-0.574,1,1
20,0,24,6,N,nb14,960,-0.578,1.703,1,1
20,0,24,6,N,nb15,960,-0.607,1.347,1,1
20,0,24,6,N,nb16,960,1.393,-1.832,2,1
20,0,24,6,N,nb17,960,1.317,-1.269,2,1
20,0,24,6,N,nb18,960,0.71,1.826,0,0
20,0,24,6,N,nb19,960,-0.086,0.082,0,0
20,0,24,6,N,nb20,960,1.121,-1.397,1,1
20,0,24,6,N,nb21,960,-1.777,-0.43,1,0
20,0,24,6,N,nb22,960,1.737,1.409,1,1
20,0,24,6,N,nb23,960,1.247,-1.116,1,1
20,0,24,6,N,nb24,960,1.761,-0.676,1,1
20,0,24,6,N,nb25,960,0.008,1.633,1,1
20,0,24,6,N,nb26,960,1.845,1.54,1,1
20,0,24,6,N,nb27,960,1.56,-1.806,1,1
20,0,24,6,N,nb28,960,-1.158,-0.735,0,0
20,0,24,6,N,nb29,960,-1.385,-0.844,0,0
20,0,24,6,A,aa0,960,-0.94,0.295,0,0
20,0,24,6,A,aa1,960,0.334,1.464,2,0
20,0,24,6,A,aa2,960,-0.731,-1.533,0,0
20,0,24,6,A,aa3,960,-1.799,-1.593,0,0
20,0,24,6,A,aa4,960,-1.17,-0.467,0,0
20,0,24,6,A,aa5,960,-1.866,0.491,0,0
20,0,24,6,N,nb0,965,-0.031,1.453,1,1
20,0,24,6,N,nb1,965,0.881,-0.275,2,1
20,0,24,6,N,nb2,965,1.057,-1.866,2,1
20,0,24,6,N,nb3,965,1.226,-1.865,2,1
20,0,24,6,N,nb4,965,0.844,-1.866,1,1
20,0,24,6,N,nb5,965,-0.755,1.43,1,1
20,0,24,6,N,nb6,965,1.863,-1.001,1,1
20,0,24,6,N,nb7,965,-0.432,1.866,1,1
20,0,24,6,N,nb8,965,0.926,-0.504,1,1
20,0,24,6,N,nb9,965,-1.865,1.646,1,1
20,0,24,6,N,nb10,965,-1.867,1.41,1,1
20,0,24,6,N,nb11,965,1.849,-0.832,2,1
20,0,24,6,N,nb12,965,0.772,-0.066,1,1
20,0,24,6,N,nb13,965,-1.865,-0.574,1,1
20,0,24,6,N,nb14,965,-0.578,1.703,1,1
20,0,24,6,N,nb15,965,-0.607,1.347,1,1
20,0,24,6,N,nb16,965,1.393,-1.832,2,1
20,0,24,6,N,nb17,965,1.317,-1.269,2,1
20,0,24,6,N,nb18,965,0.798,1.795,0,0
20,0,24,6,N,nb19,965,0.01,0.109,0,0
20,0,24,6,N,nb20,965,1.121,-1.397,1,1
20,0,24,6,N,nb21,965,-1.799,-0.418,1,1
20,0,24,6,N,nb22,965,1.737,1.409,1,1
20,0,24,6,N,nb23,965,1.247,-1.116,1,1
20,0,24,6,N,nb24,965,1.761,-0.676,1,1
20,0,24,6,N,nb25,965,0.008,1.633,1,1
20,0,24,6,N,nb26,965,1.845,1.54,1,1
20,0,24,6,N,nb27,965,1.56,-1.806,1,1
20,0,24,6,N,nb28,965,-1.072,-0.782,0,0
20,0,24,6,N,nb29,965,-1.345,-0.932,0,0
20,0,24,6,A,aa0,965,-1.008,0.221,0,0
20,0,24,6,A,aa1,965,0.246,1.512,2,0
20,0,24,6,A,aa2,965,-0.66,-1.603,0,0
20,0,24,6,A,aa3,965,-1.866,-1.639,0,0
20,0,24,6,A,aa4,965,-1.165,-0.504,0,0
20,0,24,6,A,aa5,965,-1.866,0.406,0,0
20,0,24,6,N,nb0,970,-0.031,1.453,1,0
20,0,24,6,N,nb1,970,0.881,-0.275,2,1
20,0,24,6,N,nb2,970,1.057,-1.866,2,1
20,0,24,6,N,nb3,970,1.226,-1.865,2,1
20,0,24,6,N,nb4,970,0.844,-1.866,1,1
20,0,24,6,N,nb5,970,-0.755,1.43,1,1
20,0,24,6,N,nb6,970,1.863,-1.001,1,1
20,0,24,6,N,nb7,970,-0.432,1.866,1,1
20,0,24,6,N,nb8,970,0.926,-0.504,1,1
20,0,24,6,N,nb9,970,-1.865,1.646,1,1
20,0,24,6,N,nb10,970,-1.867,1.41,1,1
20,0,24,6,N,nb11,970,1.849,-0.832,2,1
20,0,24,6,N,nb12,970,0.772,-0.066,1,1
20,0,24,6,N,nb13,970,-1.865,-0.574,1,1
20,0,24,6,N,nb14,970,-0.578,1.703,1,1
20,0,24,6,N,nb15,970,-0.607,1.347,1,0
20,0,24,6,N,nb16,970,1.393,-1.832,2,1
20,0,24,6,N,nb17,970,1.317,-1.269,2,1
20,0,24,6,N,nb18,970,0.885,1.756,0,0
20,0,24,6,N,nb19,970,0.107,0.137,0,0
20,0,24,6,N,nb20,970,1.121,-1.397,1,1
20,0,24,6,N,nb21,970,-1.799,-0.418,1,1
20,0,24,6,N,nb22,970,1.737,1.409,1,1
20,0,24,6,N,nb23,970,1.247,-1.116,1,1
20,0,24,6,N,nb24,970,1.761,-0.676,1,1
20,0,24,6,N,nb25,970,0.008,1.633,1,0
20,0,24,6,N,nb26,970,1.845,1.54,1,1
20,0,24,6,N,nb27,970,1.56,-1.806,1,1
20,0,24,6,N,nb28,970,-0.984,-0.83,0,0
20,0,24,6,N,nb29,970,-1.306,-1.024,0,0
20,0,24,6,A,aa0,970,-1.076,0.148,0,0
20,0,24,6,A,aa1,970,0.174,1.558,2,0
20,0,24,6,A,aa2,970,-0.588,-1.673,0,0
20,0,24,6,A,aa3,970,-1.866,-1.693,0,0
20,0,24,6,A,aa4,970,-1.149,-0.602,0,0
20,0,24,6,A,aa5,970,-1.866,0.317,0,0
20,0,24,6,N,nb0,975,-0.031,1.453,1,1
20,0,24,6,N,nb1,975,0.881,-0.275,2,1
20,0,24,6,N,nb2,975,1.057,-1.866,2,1
20,0,24,6,N,nb3,975,1.226,-1.865,2,1
20,0,24,6,N,nb4,975,0.844,-1.866,1,1
20,0,24,6,N,nb5,975,-0.755,1.43,1,1
20,0,24,6,N,nb6,975,1.863,-1.001,1,1
20,0,24,6,N,nb7,975,-0.432,1.866,1,1
20,0,24,6,N,nb8,975,0.926,-0.504,1,1
20,0,24,6,N,nb9,975,-1.865,1.646,1,1
20,0,24,6,N,nb10,975,-1.867,1.41,1,1
20,0,24,6,N,nb11,975,1.849,-0.832,2,1
20,0,24,6,N,nb12,975,0.772,-0.066,1,1
20,0,24,6,N,nb13,975,-1.865,-0.574,1,1
20,0,24,6,N,nb14,975,-0.578,1.703,1,1
20,0,24,6,N,nb15,975,-0.607,1.347,1,1
20,0,24,6,N,nb16,975,1.393,-1.832,2,1
20,0,24,6,N,nb17,975,1.317,-1.269,2,1
20,0,24,6,N,nb18,975,0.975,1.712,0,0
20,0,24,6,N,nb19,975,0.203,0.164,0,0
20,0,24,6,N,nb20,975,1.121,-1.397,1,1
20,0,24,6,N,nb21,975,-1.799,-0.418,1,1
20,0,24,6,N,nb22,975,1.737,1.409,1,1
20,0,24,6,N,nb23,975,1.247,-1.116,1,1
20,0,24,6,N,nb24,975,1.761,-0.676,1,1
20,0,24,6,N,nb25,975,-0.016,1.663,1,1
20,0,24,6,N,nb26,975,1.845,1.54,1,1
20,0,24,6,N,nb27,975,1.56,-1.806,1,1
20,0,24,6,N,nb28,975,-0.896,-0.877,0,0
20,0,24,6,N,nb29,975,-1.266,-1.116,0,0
20,0,24,6,A,aa0,975,-1.144,0.074,0,0
20,0,24,6,A,aa1,975,0.136,1.588,2,0
20,0,24,6,A,aa2,975,-0.517,-1.743,0,0
20,0,24,6,A,aa3,975,-1.866,-1.759,0,0
20,0,24,6,A,aa4,975,-1.149,-0.606,0,0
20,0,24,6,A,aa5,975,-1.866,0.225,0,0
20,0,24,6,N,nb0,980,-0.031,1.453,1,1
20,0,24,6,N,nb1,980,0.881,-0.275,2,1
20,0,24,6,N,nb2,980,1.057,-1.866,2,1
20,0,24,6,N,nb3,980,1.226,-1.865,2,1
20,0,24,6,N,nb4,980,0.844,-1.866,1,1
20,0,24,6,N,nb5,980,-0.755,1.43,1,1
20,0,24,6,N,nb6,980,1.863,-1.001,1,1
20,0,24,6,N,nb7,980,-0.432,1.866,1,1
20,0,24,6,N,nb8,980,0.926,-0.504,1,1
20,0,24,6,N,nb9,980,-1.865,1.646,1,1
20,0,24,6,N,nb10,980,-1.867,1.41,1,1
20,0,24,6,N,nb11,980,1.849,-0.832,2,1
20,0,24,6,N,nb12,980,0.772,-0.066,1,1
20,0,24,6,N,nb13,980,-1.865,-0.574,1,1
20,0,24,6,N,nb14,980,-0.578,1.703,1,1
20,0,24,6,N,nb15,980,-0.607,1.347,1,1
20,0,24,6,N,nb16,980,1.393,-1.832,2,1
20,0,24,6,N,nb17,980,1.317,-1.269,2,1
20,0,24,6,N,nb18,980,1.065,1.667,0,0
20,0,24,6,N,nb19,980,0.299,0.192,0,0
20,0,24,6,N,nb20,980,1.121,-1.397,1,1
20,0,24,6,N,nb21,980,-1.799,-0.418,1,1
20,0,24,6,N,nb22,980,1.737,1.409,1,0
20,0,24,6,N,nb23,980,1.247,-1.116,1,1
20,0,24,6,N,nb24,980,1.761,-0.676,1,1
20,0,24,6,N,nb25,980,-0.041,1.696,1,1
20,0,24,6,N,nb26,980,1.845,1.54,1,0
20,0,24,6,N,nb27,980,1.56,-1.806,1,1
20,0,24,6,N,nb28,980,-0.808,-0.925,0,0
20,0,24,6,N,nb29,980,-1.227,-1.208,0,0
20,0,24,6,A,aa0,980,-1.212,0.001,0,0
20,0,24,6,A,aa1,980,0.112,1.623,2,0
20,0,24,6,A,aa2,980,-0.449,-1.807,0,0
20,0,24,6,A,aa3,980,-1.866,-1.833,0,0
20,0,24,6,A,aa4,980,-1.097,-0.629,0,0
20,0,24,6,A,aa5,980,-1.866,0.222,0,0
20,0,24,6,N,nb0,985,-0.031,1.453,0,1
20,0,24,6,N,nb1,985,0.881,-0.275,2,1
20,0,24,6,N,nb2,985,1.057,-1.866,2,1
20,0,24,6,N,nb3,985,1.226,-1.865,2,1
20,0,24,6,N,nb4,985,0.844,-1.866,1,1
20,0,24,6,N,nb5,985,-0.755,1.43,1,1
20,0,24,6,N,nb6,985,1.863,-1.001,1,1
20,0,24,6,N,nb7,985,-0.432,1.866,1,1
20,0,24,6,N,nb8,985,0.926,-0.504,1,1
20,0,24,6,N,nb9,985,-1.865,1.646,1,1
20,0,24,6,N,nb10,985,-1.867,1.41,1,1
20,0,24,6,N,nb11,985,1.849,-0.832,2,1
20,0,24,6,N,nb12,985,0.772,-0.066,1,1
20,0,24,6,N,nb13,985,-1.865,-0.574,1,1
20,0,24,6,N,nb14,985,-0.578,1.703,1,1
20,0,24,6,N,nb15,985,-0.607,1.347,1,1
20,0,24,6,N,nb16,985,1.393,-1.832,2,0
20,0,24,6,N,nb17,985,1.317,-1.269,2,1
20,0,24,6,N,nb18,985,1.154,1.623,0,0
20,0,24,6,N,nb19,985,0.395,0.219,0,0
20,0,24,6,N,nb20,985,1.121,-1.397,1,1
20,0,24,6,N,nb21,985,-1.799,-0.418,1,1
20,0,24,6,N,nb22,985,1.737,1.409,1,1
20,0,24,6,N,nb23,985,1.247,-1.116,1,1
20,0,24,6,N,nb24,985,1.761,-0.676,1,1
20,0,24,6,N,nb25,985,-0.065,1.722,0,1
20,0,24,6,N,nb26,985,1.845,1.54,1,1
20,0,24,6,N,nb27,985,1.56,-1.806,1,1
20,0,24,6,N,nb28,985,-0.72,-0.972,0,0
20,0,24,6,N,nb29,985,-1.187,-1.3,0,0
20,0,24,6,A,aa0,985,-1.279,-0.073,0,0
20,0,24,6,A,aa1,985,0.098,1.675,2,0
20,0,24,6,A,aa2,985,-0.376,-1.859,0,0
20,0,24,6,A,aa3,985,-1.866,-1.866,0,0
20,0,24,6,A,aa4,985,-1.057,-0.646,0,0
20,0,24,6,A,aa5,985,-1.832,0.209,0,0
20,0,24,6,N,nb0,990,-0.031,1.453,0,1
20,0,24,6,N,nb1,990,0.881,-0.275,2,1
20,0,24,6,N,nb2,990,1.057,-1.866,2,1
20,0,24,6,N,nb3,990,1.226,-1.865,2,1
20,0,24,6,N,nb4,990,0.844,-1.866,1,0
20,0,24,6,N,nb5,990,-0.755,1.43,1,1
20,0,24,6,N,nb6,990,1.863,-1.001,1,1
20,0,24,6,N,nb7,990,-0.432,1.866,1,1
20,0,24,6,N,nb8,990,0.926,-0.504,1,1
20,0,24,6,N,nb9,990,-1.865,1.646,1,1
20,0,24,6,N,nb10,990,-1.867,1.41,1,1
20,0,24,6,N,nb11,990,1.849,-0.832,2,1
20,0,24,6,N,nb12,990,0.772,-0.066,1,1
20,0,24,6,N,nb13,990,-1.865,-0.574,1,1
20,0,24,6,N,nb14,990,-0.578,1.703,1,1
20,0,24,6,N,nb15,990,-0.607,1.347,1,1
20,0,24,6,N,nb16,990,1.393,-1.832,2,1
20,0,24,6,N,nb17,990,1.317,-1.269,2,0
20,0,24,6,N,nb18,990,1.244,1.579,0,0
20,0,24,6,N,nb19,990,0.491,0.247,0,0
20,0,24,6,N,nb20,990,1.121,-1.397,1,1
20,0,24,6,N,nb21,990,-1.799,-0.418,1,1
20,0,24,6,N,nb22,990,1.737,1.409,1,1
20,0,24,6,N,nb23,990,1.247,-1.116,1,0
20,0,24,6,N,nb24,990,1.761,-0.676,1,1
20,0,24,6,N,nb25,990,-0.082,1.734,0,1
20,0,24,6,N,nb26,990,1.845,1.54,1,1
20,0,24,6,N,nb27,990,1.56,-1.806,1,1
20,0,24,6,N,nb28,990,-0.632,-1.02,0,0
20,0,24,6,N,nb29,990,-1.148,-1.392,0,0
20,0,24,6,A,aa0,990,-1.282,-0.075,0,0
20,0,24,6,A,aa1,990,0.087,1.751,2,0
20,0,24,6,A,aa2,990,-0.299,-1.866,0,0
20,0,24,6,A,aa3,990,-1.85,-1.866,0,0
20,0,24,6,A,aa4,990,-1.024,-0.631,0,0
20,0,24,6,A,aa5,990,-1.741,0.173,1,0
20,0,24,6,N,nb0,995,-0.031,1.453,0,0
20,0,24,6,N,nb1,995,0.881,-0.275,2,1
20,0,24,6,N,nb2,995,1.057,-1.866,2,1
20,0,24,6,N,nb3,995,1.226,-1.865,2,1
20,0,24,6,N,nb4,995,0.844,-1.866,1,1
20,0,24,6,N,nb5,995,-0.755,1.43,1,1
20,0,24,6,N,nb6,995,1.863,-1.001,1,1
20,0,24,6,N,nb7,995,-0.432,1.866,1,0
20,0,24,6,N,nb8,995,0.926,-0.504,1,1
20,0,24,6,N,nb9,995,-1.865,1.646,1,1
20,0,24,6,N,nb10,995,-1.867,1.41,1,0
20,0,24,6,N,nb11,995,1.849,-0.832,2,1
20,0,24,6,N,nb12,995,0.772,-0.066,1,1
20,0,24,6,N,nb13,995,-1.865,-0.574,1,1
20,0,24,6,N,nb14,995,-0.578,1.703,1,1
20,0,24,6,N,nb15,995,-0.607,1.347,1,1
20,0,24,6,N,nb16,995,1.393,-1.832,2,1
20,0,24,6,N,nb17,995,1.317,-1.269,2,1
20,0,24,6,N,nb18,995,1.334,1.535,0,0
20,0,24,6,N,nb19,995,0.587,0.274,0,0
20,0,24,6,N,nb20,995,1.121,-1.397,1,1
20,0,24,6,N,nb21,995,-1.799,-0.418,1,1
20,0,24,6,N,nb22,995,1.737,1.409,1,1
20,0,24,6,N,nb23,995,1.247,-1.116,1,1
20,0,24,6,N,nb24,995,1.761,-0.676,1,1
20,0,24,6,N,nb25,995,-0.083,1.734,0,0
20,0,24,6,N,nb26,995,1.845,1.54,1,1
20,0,24,6,N,nb27,995,1.56,-1.806,1,1
20,0,24,6,N,nb28,995,-0.544,-1.067,0,0
20,0,24,6,N,nb29,995,-1.108,-1.484,0,0
20,0,24,6,A,aa0,995,-1.268,-0.13,0,0
20,0,24,6,A,aa1,995,0.071,1.841,3,1
20,0,24,6,A,aa2,995,-0.215,-1.866,0,0
20,0,24,6,A,aa3,995,-1.813,-1.866,0,0
20,0,24,6,A,aa4,995,-0.934,-0.588,0,0
20,0,24,6,A,aa5,995,-1.647,0.137,1,0
20,0,24,6,N,nb0,1000,-0.075,1.367,0,0
20,0,24,6,N,nb1,1000,0.881,-0.275,2,1
20,0,24,6,N,nb2,1000,1.057,-1.866,2,1
20,0,24,6,N,nb3,1000,1.226,-1.865,2,1
20,0,24,6,N,nb4,1000,0.844,-1.866,1,1
20,0,24,6,N,nb5,1000,-0.755,1.43,1,1
20,0,24,6,N,nb6,1000,1.863,-1.001,1,1
20,0,24,6,N,nb7,1000,-0.411,1.866,1,0
20,0,24,6,N,nb8,1000,0.926,-0.504,1,1
20,0,24,6,N,nb9,1000,-1.865,1.646,1,1
20,0,24,6,N,nb10,1000,-1.867,1.41,1,1
20,0,24,6,N,nb11,1000,1.849,-0.832,2,1
20,0,24,6,N,nb12,1000,0.772,-0.066,1,1
20,0,24,6,N,nb13,1000,-1.865,-0.574,1,1
20,0,24,6,N,nb14,1000,-0.578,1.703,1,1
20,0,24,6,N,nb15,1000,-0.607,1.347,1,1
20,0,24,6,N,nb16,1000,1.393,-1.832,2,1
20,0,24,6,N,nb17,1000,1.317,-1.269,2,1
20,0,24,6,N,nb18,1000,1.424,1.491,0,0
20,0,24,6,N,nb19,1000,0.684,0.301,0,0
20,0,24,6,N,nb20,1000,1.121,-1.397,1,0
20,0,24,6,N,nb21,1000,-1.799,-0.418,1,1
20,0,24,6,N,nb22,1000,1.737,1.409,1,1
20,0,24,6,N,nb23,1000,1.247,-1.116,1,1
20,0,24,6,N,nb24,1000,1.761,-0.676,1,1
20,0,24,6,N,nb25,1000,-0.024,1.666,0,0
20,0,24,6,N,nb26,1000,1.845,1.54,1,1
20,0,24,6,N,nb27,1000,1.56,-1.806,1,1
20,0,24,6,N,nb28,1000,-0.456,-1.115,0,0
20,0,24,6,N,nb29,1000,-1.069,-1.576,0,0
20,0,24,6,A,aa0,1000,-1.242,-0.227,1,0
20,0,24,6,A,aa1,1000,0.065,1.866,0,0
20,0,24,6,A,aa2,1000,-0.127,-1.866,0,0
20,0,24,6,A,aa3,1000,-1.763,-1.866,0,0
20,0,24,6,A,aa4,1000,-0.843,-0.545,0,0
20,0,24,6,A,aa5,1000,-1.554,0.102,1,0
20,0,24,6,N,nb0,1005,-0.12,1.278,0,0
20,0,24,6,N,nb1,1005,0.881,-0.275,2,1
20,0,24,6,N,nb2,1005,1.057,-1.866,2,1
20,0,24,6,N,nb3,1005,1.226,-1.865,2,1
20,0,24,6,N,nb4,1005,0.844,-1.866,1,1
20,0,24,6,N,nb5,1005,-0.755,1.43,1,1
20,0,24,6,N,nb6,1005,1.863,-1.001,1,1
20,0,24,6,N,nb7,1005,-0.374,1.866,0,0
20,0,24,6,N,nb8,1005,0.926,-0.504,1,1
20,0,24,6,N,nb9,1005,-1.865,1.646,1,1
20,0,24,6,N,nb10,1005,-1.867,1.41,1,1
20,0,24,6,N,nb11,1005,1.849,-0.832,2,1
20,0,24,6,N,nb12,1005,0.772,-0.066,1,1
20,0,24,6,N,nb13,1005,-1.865,-0.574,1,1
20,0,24,6,N,nb14,1005,-0.578,1.703,0,0
20,0,24,6,N,nb15,1005,-0.607,1.347,1,1
20,0,24,6,N,nb16,1005,1.393,-1.832,2,1
20,0,24,6,N,nb17,1005,1.317,-1.269,2,1
20,0,24,6,N,nb18,1005,1.495,1.455,1,1
20,0,24,6,N,nb19,1005,0.78,0.329,0,0
20,0,24,6,N,nb20,1005,1.121,-1.397,1,1
20,0,24,6,N,nb21,1005,-1.799,-0.418,1,1
20,0,24,6,N,nb22,1005,1.737,1.409,2,1
20,0,24,6,N,nb23,1005,1.247,-1.116,1,1
20,0,24,6,N,nb24,1005,1.761,-0.676,1,1
20,0,24,6,N,nb25,1005,0.032,1.589,0,0
20,0,24,6,N,nb26,1005,1.845,1.54,1,1
20,0,24,6,N,nb27,1005,1.56,-1.806,1,1
20,0,24,6,N,nb28,1005,-0.368,-1.162,0,0
20,0,24,6,N,nb29,1005,-1.029,-1.667,0,0
20,0,24,6,A,aa0,1005,-1.217,-0.324,1,0
20,0,24,6,A,aa1,1005,0.074,1.866,0,0
20,0,24,6,A,aa2,1005,-0.036,-1.866,0,0
20,0,24,6,A,aa3,1005,-1.702,-1.866,0,0
20,0,24,6,A,aa4,1005,-0.753,-0.502,0,0
20,0,24,6,A,aa5,1005,-1.46,0.067,1,0
20,0,24,6,N,nb0,1010,-0.165,1.189,0,0
20,0,24,6,N,nb1,1010,0.881,-0.275,2,1
20,0,24,6,N,nb2,1010,1.057,-1.866,2,1
20,0,24,6,N,nb3,1010,1.226,-1.865,2,1
20,0,24,6,N,nb4,1010,0.844,-1.866,1,1
20,0,24,6,N,nb5,1010,-0.755,1.43,1,1
20,0,24,6,N,nb6,1010,1.863,-1.001,1,1
20,0,24,6,N,nb7,1010,-0.323,1.866,0,0
20,0,24,6,N,nb8,1010,0.926,-0.504,1,1
20,0,24,6,N,nb9,1010,-1.865,1.646,1,1
20,0,24,6,N,nb10,1010,-1.867,1.41,1,1
20,0,24,6,N,nb11,1010,1.849,-0.832,2,1
20,0,24,6,N,nb12,1010,0.772,-0.066,1,1
20,0,24,6,N,nb13,1010,-1.865,-0.574,1,1
20,0,24,6,N,nb14,1010,-0.593,1.789,0,0
20,0,24,6,N,nb15,1010,-0.607,1.347,1,1
20,0,24,6,N,nb16,1010,1.393,-1.832,2,1
20,0,24,6,N,nb17,1010,1.317,-1.269,2,1
20,0,24,6,N,nb18,1010,1.495,1.455,1,1
20,0,24,6,N,nb19,1010,0.876,0.356,0,0
20,0,24,6,N,nb20,1010,1.121,-1.397,1,1
20,0,24,6,N,nb21,1010,-1.799,-0.418,1,1
20,0,24,6,N,nb22,1010,1.737,1.409,2,1
20,0,24,6,N,nb23,1010,1.247,-1.116,1,1
20,0,24,6,N,nb24,1010,1.761,-0.676,1,1
20,0,24,6,N,nb25,1010,0.088,1.506,0,0
20,0,24,6,N,nb26,1010,1.845,1.54,1,1
20,0,24,6,N,nb27,1010,1.56,-1.806,1,1
20,0,24,6,N,nb28,1010,-0.28,-1.21,0,0
20,0,24,6,N,nb29,1010,-0.99,-1.759,0,0
20,0,24,6,A,aa0,1010,-1.192,-0.42,0,0
20,0,24,6,A,aa1,1010,0.101,1.866,0,0
20,0,24,6,A,aa2,1010,0.056,-1.862,0,0
20,0,24,6,A,aa3,1010,-1.63,-1.866,0,0
20,0,24,6,A,aa4,1010,-0.663,-0.459,0,0
20,0,24,6,A,aa5,1010,-1.367,0.031,0,0
20,0,24,6,N,nb0,1015,-0.211,1.099,0,0
20,0,24,6,N,nb1,1015,0.881,-0.275,2,1
20,0,24,6,N,nb2,1015,1.057,-1.866,2,1
20,0,24,6,N,nb3,1015,1.226,-1.865,2,1
20,0,24,6,N,nb4,1015,0.844,-1.866,1,1
20,0,24,6,N,nb5,1015,-0.755,1.43,1,1
20,0,24,6,N,nb6,1015,1.863,-1.001,1,1
20,0,24,6,N,nb7,1015,-0.26,1.866,0,0
20,0,24,6,N,nb8,1015,0.926,-0.504,1,1
20,0,24,6,N,nb9,1015,-1.865,1.646,1,1
20,0,24,6,N,nb10,1015,-1.867,1.41,1,1
20,0,24,6,N,nb11,1015,1.849,-0.832,2,1
20,0,24,6,N,nb12,1015,0.772,-0.066,1,0
20,0,24,6,N,nb13,1015,-1.865,-0.574,1,1
20,0,24,6,N,nb14,1015,-0.621,1.865,0,0
20,0,24,6,N,nb15,1015,-0.607,1.347,1,1
20,0,24,6,N,nb16,1015,1.393,-1.832,2,1
20,0,24,6,N,nb17,1015,1.317,-1.269,2,1
20,0,24,6,N,nb18,1015,1.495,1.455,1,1
20,0,24,6,N,nb19,1015,0.972,0.384,0,0
20,0,24,6,N,nb20,1015,1.121,-1.397,1,1
20,0,24,6,N,nb21,1015,-1.799,-0.418,1,1
20,0,24,6,N,nb22,1015,1.737,1.409,2,1
20,0,24,6,N,nb23,1015,1.247,-1.116,1,1
20,0,24,6,N,nb24,1015,1.761,-0.676,1,1
20,0,24,6,N,nb25,1015,0.144,1.423,0,0
20,0,24,6,N,nb26,1015,1.845,1.54,1,1
20,0,24,6,N,nb27,1015,1.56,-1.806,1,1
20,0,24,6,N,nb28,1015,-0.192,-1.258,0,0
20,0,24,6,N,nb29,1015,-0.951,-1.84,0,0
20,0,24,6,A,aa0,1015,-1.167,-0.517,0,0
20,0,24,6,A,aa1,1015,0.144,1.866,0,0
20,0,24,6,A,aa2,1015,0.148,-1.848,0,0
20,0,24,6,A,aa3,1015,-1.551,-1.866,0,0
20,0,24,6,A,aa4,1015,-0.572,-0.416,0,0
20,0,24,6,A,aa5,1015,-1.273,-0.004,0,0
20,0,24,6,N,nb0,1020,-0.256,1.01,0,0
20,0,24,6,N,nb1,1020,0.881,-0.275,2,1
20,0,24,6,N,nb2,1020,1.057,-1.866,2,1
20,0,24,6,N,nb3,1020,1.226,-1.865,2,1
20,0,24,6,N,nb4,1020,0.844,-1.866,1,1
20,0,24,6,N,nb5,1020,-0.755,1.43,1,1
20,0,24,6,N,nb6,1020,1.863,-1.001,1,1
20,0,24,6,N,nb7,1020,-0.187,1.866,0,0
20,0,24,6,N,nb8,1020,0.926,-0.504,1,1
20,0,24,6,N,nb9,1020,-1.865,1.646,1,1
20,0,24,6,N,nb10,1020,-1.867,1.41,1,1
20,0,24,6,N,nb11,1020,1.849,-0.832,2,1
20,0,24,6,N,nb12,1020,0.772,-0.066,1,1
20,0,24,6,N,nb13,1020,-1.865,-0.574,1,1
20,0,24,6,N,nb14,1020,-0.659,1.865,0,0
20,0,24,6,N,nb15,1020,-0.607,1.347,1,1
20,0,24,6,N,nb16,1020,1.393,-1.832,2,1
20,0,24,6,N,nb17,1020,1.317,-1.269,2,1
20,0,24,6,N,nb18,1020,1.495,1.455,1,1
20,0,24,6,N,nb19,1020,1.068,0.411,0,0
20,0,24,6,N,nb20,1020,1.121,-1.397,1,1
20,0,24,6,N,nb21,1020,-1.799,-0.418,1,1
20,0,24,6,N,nb22,1020,1.737,1.409,2,1
20,0,24,6,N,nb23,1020,1.247,-1.116,1,1
20,0,24,6,N,nb24,1020,1.761,-0.676,1,1
20,0,24,6,N,nb25,1020,0.199,1.34,0,0
20,0,24,6,N,nb26,1020,1.845,1.54,1,1
20,0,24,6,N,nb27,1020,1.56,-1.806,1,1
20,0,24,6,N,nb28,1020,-0.104,-1.305,0,0
20,0,24,6,N,nb29,1020,-0.904,-1.865,0,0
20,0,24,6,A,aa0,1020,-1.141,-0.614,0,0
20,0,24,6,A,aa1,1020,0.2,1.866,0,0
20,0,24,6,A,aa2,1020,0.239,-1.825,0,0
20,0,24,6,A,aa3,1020,-1.466,-1.866,0,0
20,0,24,6,A,aa4,1020,-0.482,-0.374,0,0
20,0,24,6,A,aa5,1020,-1.179,-0.039,0,0
20,0,24,6,N,nb0,1025,-0.301,0.921,0,0
20,0,24,6,N,nb1,1025,0.881,-0.275,2,1
20,0,24,6,N,nb2,1025,1.057,-1.866,2,1
20,0,24,6,N,nb3,1025,1.226,-1.865,2,1
20,0,24,6,N,nb4,1025,0.844,-1.866,1,1
20,0,24,6,N,nb5,1025,-0.755,1.43,1,1
20,0,24,6,N,nb6,1025,1.863,-1.001,1,1
20,0,24,6,N,nb7,1025,-0.107,1.866,0,0
20,0,24,6,N,nb8,1025,0.926,-0.504,1,1
20,0,24,6,N,nb9,1025,-1.865,1.646,1,1
20,0,24,6,N,nb10,1025,-1.867,1.41,1,1
20,0,24,6,N,nb11,1025,1.849,-0.832,2,1
20,0,24,6,N,nb12,1025,0.772,-0.066,1,1
20,0,24,6,N,nb13,1025,-1.865,-0.574,1,1
20,0,24,6,N,nb14,1025,-0.712,1.865,0,0
20,0,24,6,N,nb15,1025,-0.607,1.347,1,1
20,0,24,6,N,nb16,1025,1.393,-1.832,2,1
20,0,24,6,N,nb17,1025,1.317,-1.269,2,1
20,0,24,6,N,nb18,1025,1.495,1.455,1,1
20,0,24,6,N,nb19,1025,1.164,0.439,0,0
20,0,24,6,N,nb20,1025,1.121,-1.397,1,1
20,0,24,6,N,nb21,1025,-1.799,-0.418,1,0
20,0,24,6,N,nb22,1025,1.737,1.409,2,1
20,0,24,6,N,nb23,1025,1.247,-1.116,1,1
20,0,24,6,N,nb24,1025,1.761,-0.676,1,1
20,0,24,6,N,nb25,1025,0.255,1.257,0,0
20,0,24,6,N,nb26,1025,1.845,1.54,1,1
20,0,24,6,N,nb27,1025,1.56,-1.806,1,1
20,0,24,6,N,nb28,1025,-0.016,-1.353,0,0
20,0,24,6,N,nb29,1025,-0.845,-1.865,0,0
20,0,24,6,A,aa0,1025,-1.116,-0.711,0,0
20,0,24,6,A,aa1,1025,0.267,1.866,0,0
20,0,24,6,A,aa2,1025,0.327,-1.793,1,0
20,0,24,6,A,aa3,1025,-1.377,-1.866,0,0
20,0,24,6,A,aa4,1025,-0.392,-0.331,0,0
20,0,24,6,A,aa5,1025,-1.086,-0.075,0,0
20,0,24,6,N,nb0,1030,-0.346,0.832,0,0
20,0,24,6,N,nb1,1030,0.881,-0.275,2,1
20,0,24,6,N,nb2,1030,1.057,-1.866,2,1
20,0,24,6,N,nb3,1030,1.226,-1.865,2,1
20,0,24,6,N,nb4,1030,0.844,-1.866,1,1
20,0,24,6,N,nb5,1030,-0.755,1.43,1,1
20,0,24,6,N,nb6,1030,1.863,-1.001,1,1
20,0,24,6,N,nb7,1030,-0.021,1.866,0,0
20,0,24,6,N,nb8,1030,0.926,-0.504,1,1
20,0,24,6,N,nb9,1030,-1.865,1.646,1,1
20,0,24,6,N,nb10,1030,-1.867,1.41,1,1
20,0,24,6,N,nb11,1030,1.849,-0.832,2,1
20,0,24,6,N,nb12,1030,0.772,-0.066,1,1
20,0,24,6,N,nb13,1030,-1.865,-0.574,1,1
20,0,24,6,N,nb14,1030,-0.776,1.865,0,0
20,0,24,6,N,nb15,1030,-0.607,1.347,1,1
20,0,24,6,N,nb16,1030,1.393,-1.832,2,1
20,0,24,6,N,nb17,1030,1.317,-1.269,2,1
20,0,24,6,N,nb18,1030,1.495,1.455,1,1
20,0,24,6,N,nb19,1030,1.261,0.466,0,0
20,0,24,6,N,nb20,1030,1.121,-1.397,1,1
20,0,24,6,N,nb21,1030,-1.799,-0.418,1,1
20,0,24,6,N,nb22,1030,1.737,1.409,2,1
20,0,24,6,N,nb23,1030,1.247,-1.116,1,1
20,0,24,6,N,nb24,1030,1.761,-0.676,1,1
20,0,24,6,N,nb25,1030,0.311,1.174,0,0
20,0,24,6,N,nb26,1030,1.845,1.54,1,1
20,0,24,6,N,nb27,1030,1.56,-1.806,1,1
20,0,24,6,N,nb28,1030,0.072,-1.4,0,0
20,0,24,6,N,nb29,1030,-0.776,-1.865,0,0
20,0,24,6,A,aa0,1030,-1.091,-0.807,0,0
20,0,24,6,A,aa1,1030,0.343,1.866,0,0
20,0,24,6,A,aa2,1030,0.414,-1.754,1,0
20,0,24,6,A,aa3,1030,-1.285,-1.866,0,0
20,0,24,6,A,aa4,1030,-0.301,-0.288,0,0
20,0,24,6,A,aa5,1030,-0.992,-0.11,0,0
20,0,24,6,N,nb0,1035,-0.391,0.742,0,0
20,0,24,6,N,nb1,1035,0.881,-0.275,2,1
20,0,24,6,N,nb2,1035,1.057,-1.866,2,1
20,0,24,6,N,nb3,1035,1.226,-1.865,2,1
20,0,24,6,N,nb4,1035,0.844,-1.866,1,1
20,0,24,6,N,nb5,1035,-0.755,1.43,1,1
20,0,24,6,N,nb6,1035,1.863,-1.001,1,1
20,0,24,6,N,nb7,1035,0.068,1.866,0,0
20,0,24,6,N,nb8,1035,0.926,-0.504,1,1
20,0,24,6,N,nb9,1035,-1.865,1.646,1,1
20,0,24,6,N,nb10,1035,-1.867,1.41,1,1
20,0,24,6,N,nb11,1035,1.849,-0.832,2,1
20,0,24,6,N,nb12,1035,0.772,-0.066,1,1
20,0,24,6,N,nb13,1035,-1.865,-0.574,1,0
20,0,24,6,N,nb14,1035,-0.85,1.865,0,0
20,0,24,6,N,nb15,1035,-0.607,1.347,1,1
20,0,24,6,N,nb16,1035,1.393,-1.832,2,1
20,0,24,6,N,nb17,1035,1.317,-1.269,2,1
20,0,24,6,N,nb18,1035,1.495,1.455,1,1
20,0,24,6,N,nb19,1035,1.357,0.494,0,0
20,0,24,6,N,nb20,1035,1.121,-1.397,1,1
20,0,24,6,N,nb21,1035,-1.799,-0.418,1,1
20,0,24,6,N,nb22,1035,1.737,1.409,2,1
20,0,24,6,N,nb23,1035,1.247,-1.116,1,1
20,0,24,6,N,nb24,1035,1.761,-0.676,1,1
20,0,24,6,N,nb25,1035,0.367,1.091,0,0
20,0,24,6,N,nb26,1035,1.845,1.54,1,1
20,0,24,6,N,nb27,1035,1.56,-1.806,1,1
20,0,24,6,N,nb28,1035,0.16,-1.448,0,0
20,0,24,6,N,nb29,1035,-0.698,-1.865,0,0
20,0,24,6,A,aa0,1035,-1.066,-0.904,0,0
20,0,24,6,A,aa1,1035,0.425,1.866,0,0
20,0,24,6,A,aa2,1035,0.488,-1.717,1,0
20,0,24,6,A,aa3,1035,-1.193,-1.859,0,0
20,0,24,6,A,aa4,1035,-0.211,-0.245,0,0
20,0,24,6,A,aa5,1035,-0.899,-0.145,0,0
20,0,24,6,N,nb0,1040,-0.436,0.653,0,0
20,0,24,6,N,nb1,1040,0.881,-0.275,2,1
20,0,24,6,N,nb2,1040,1.057,-1.866,2,1
20,0,24,6,N,nb3,1040,1.226,-1.865,2,1
20,0,24,6,N,nb4,1040,0.844,-1.866,1,1
20,0,24,6,N,nb5,1040,-0.755,1.43,1,1
20,0,24,6,N,nb6,1040,1.863,-1.001,1,1
20,0,24,6,N,nb7,1040,0.16,1.865,0,0
20,0,24,6,N,nb8,1040,0.926,-0.504,1,1
20,0,24,6,N,nb9,1040,-1.865,1.646,1,1
20,0,24,6,N,nb10,1040,-1.867,1.41,1,1
20,0,24,6,N,nb11,1040,1.849,-0.832,2,1
20,0,24,6,N,nb12,1040,0.772,-0.066,1,1
20,0,24,6,N,nb13,1040,-1.865,-0.574,1,1
20,0,24,6,N,nb14,1040,-0.931,1.865,0,0
20,0,24,6,N,nb15,1040,-0.607,1.347,1,1
20,0,24,6,N,nb16,1040,1.393,-1.832,2,1
20,0,24,6,N,nb17,1040,1.317,-1.269,2,1
20,0,24,6,N,nb18,1040,1.495,1.455,1,1
20,0,24,6,N,nb19,1040,1.453,0.521,0,0
20,0,24,6,N,nb20,1040,1.121,-1.397,1,1
20,0,24,6,N,nb21,1040,-1.799,-0.418,1,1
20,0,24,6,N,nb22,1040,1.737,1.409,2,1
20,0,24,6,N,nb23,1040,1.247,-1.116,1,1
20,0,24,6,N,nb24,1040,1.761,-0.676,1,1
20,0,24,6,N,nb25,1040,0.422,1.008,0,0
20,0,24,6,N,nb26,1040,1.845,1.54,1,1
20,0,24,6,N,nb27,1040,1.56,-1.806,1,1
20,0,24,6,N,nb28,1040,0.248,-1.495,0,0
20,0,24,6,N,nb29,1040,-0.614,-1.865,0,0
20,0,24,6,A,aa0,1040,-1.055,-0.946,0,0
20,0,24,6,A,aa1,1040,0.513,1.866,0,0
20,0,24,6,A,aa2,1040,0.488,-1.717,1,0
20,0,24,6,A,aa3,1040,-1.101,-1.842,0,0
20,0,24,6,A,aa4,1040,-0.121,-0.202,0,0
20,0,24,6,A,aa5,1040,-0.805,-0.181,0,0
20,0,24,6,N,nb0,1045,-0.482,0.564,0,0
20,0,24,6,N,nb1,1045,0.881,-0.275,2,1
20,0,24,6,N,nb2,1045,1.057,-1.866,2,1
20,0,24,6,N,nb3,1045,1.226,-1.865,2,1
20,0,24,6,N,nb4,1045,0.844,-1.866,1,1
20,0,24,6,N,nb5,1045,-0.755,1.43,1,1
20,0,24,6,N,nb6,1045,1.863,-1.001,1,1
20,0,24,6,N,nb7,1045,0.252,1.857,0,0
20,0,24,6,N,nb8,1045,0.926,-0.504,1,1
20,0,24,6,N,nb9,1045,-1.865,1.646,1,1
20,0,24,6,N,nb10,1045,-1.867,1.41,1,1
20,0,24,6,N,nb11,1045,1.849,-0.832,2,1
20,0,24,6,N,nb12,1045,0.772,-0.066,1,1
20,0,24,6,N,nb13,1045,-1.865,-0.574,1,1
20,0,24,6,N,nb14,1045,-1.017,1.865,0,0
20,0,24,6,N,nb15,1045,-0.607,1.347,1,1
20,0,24,6,N,nb16,1045,1.393,-1.832,2,1
20,0,24,6,N,nb17,1045,1.317,-1.269,2,1
20,0,24,6,N,nb18,1045,1.495,1.455,1,1
20,0,24,6,N,nb19,1045,1.549,0.548,0,0
20,0,24,6,N,nb20,1045,1.121,-1.397,1,1
20,0,24,6,N,nb21,1045,-1.799,-0.418,1,1
20,0,24,6,N,nb22,1045,1.737,1.409,2,1
20,0,24,6,N,nb23,1045,1.247,-1.116,1,1
20,0,24,6,N,nb24,1045,1.761,-0.676,1,1
20,0,24,6,N,nb25,1045,0.478,0.925,0,0
20,0,24,6,N,nb26,1045,1.845,1.54,1,1
20,0,24,6,N,nb27,1045,1.56,-1.806,1,1
20,0,24,6,N,nb28,1045,0.331,-1.54,0,0
20,0,24,6,N,nb29,1045,-0.526,-1.865,0,0
20,0,24,6,A,aa0,1045,-1.008,-0.978,0,0
20,0,24,6,A,aa1,1045,0.604,1.866,0,0
20,0,24,6,A,aa2,1045,0.487,-1.664,1,0
20,0,24,6,A,aa3,1045,-1.011,-1.817,0,0
20,0,24,6,A,aa4,1045,-0.03,-0.159,0,0
20,0,24,6,A,aa5,1045,-0.712,-0.216,0,0
20,0,24,6,N,nb0,1050,-0.527,0.475,0,0
20,0,24,6,N,nb1,1050,0.881,-0.275,2,1
20,0,24,6,N,nb2,1050,1.057,-1.866,2,1
20,0,24,6,N,nb3,1050,1.226,-1.865,2,1
20,0,24,6,N,nb4,1050,0.844,-1.866,1,1
20,0,24,6,N,nb5,1050,-0.755,1.43,1,0
20,0,24,6,N,nb6,1050,1.863,-1.001,1,1
20,0,24,6,N,nb7,1050,0.344,1.839,0,0
20,0,24,6,N,nb8,1050,0.926,-0.504,1,1
20,0,24,6,N,nb9,1050,-1.865,1.646,1,1
20,0,24,6,N,nb10,1050,-1.867,1.41,1,1
20,0,24,6,N,nb11,1050,1.849,-0.832,2,1
20,0,24,6,N,nb12,1050,0.772,-0.066,1,1
20,0,24,6,N,nb13,1050,-1.865,-0.574,1,1
20,0,24,6,N,nb14,1050,-1.107,1.865,0,0
20,0,24,6,N,nb15,1050,-0.607,1.347,1,1
20,0,24,6,N,nb16,1050,1.393,-1.832,2,1
20,0,24,6,N,nb17,1050,1.317,-1.269,2,1
20,0,24,6,N,nb18,1050,1.495,1.455,1,1
20,0,24,6,N,nb19,1050,1.645,0.576,0,0
20,0,24,6,N,nb20,1050,1.121,-1.397,1,1
20,0,24,6,N,nb21,1050,-1.799,-0.418,1,1
20,0,24,6,N,nb22,1050,1.737,1.409,2,1
20,0,24,6,N,nb23,1050,1.247,-1.116,1,1
20,0,24,6,N,nb24,1050,1.761,-0.676,1,1
20,0,24,6,N,nb25,1050,0.534,0.842,0,0
20,0,24,6,N,nb26,1050,1.845,1.54,1,1
20,0,24,6,N,nb27,1050,1.56,-1.806,1,1
20,0,24,6,N,nb28,1050,0.383,-1.526,0,0
20,0,24,6,N,nb29,1050,-0.435,-1.865,0,0
20,0,24,6,A,aa0,1050,-0.926,-1.035,0,0
20,0,24,6,A,aa1,1050,0.696,1.863,0,0
20,0,24,6,A,aa2,1050,0.523,-1.618,2,0
20,0,24,6,A,aa3,1050,-0.924,-1.783,0,0
20,0,24,6,A,aa4,1050,0.06,-0.116,0,0
20,0,24,6,A,aa5,1050,-0.652,-0.238,0,0
20,0,24,6,N,nb0,1055,-0.572,0.386,0,0
20,0,24,6,N,nb1,1055,0.881,-0.275,2,1
20,0,24,6,N,nb2,1055,1.057,-1.866,2,0
20,0,24,6,N,nb3,1055,1.226,-1.865,2,0
20,0,24,6,N,nb4,1055,0.844,-1.866,1,0
20,0,24,6,N,nb5,1055,-0.755,1.43,1,1
20,0,24,6,N,nb6,1055,1.863,-1.001,1,1
20,0,24,6,N,nb7,1055,0.433,1.812,0,0
20,0,24,6,N,nb8,1055,0.926,-0.504,1,1
20,0,24,6,N,nb9,1055,-1.865,1.646,1,1
20,0,24,6,N,nb10,1055,-1.867,1.41,1,1
20,0,24,6,N,nb11,1055,1.849,-0.832,2,1
20,0,24,6,N,nb12,1055,0.772,-0.066,1,1
20,0,24,6,N,nb13,1055,-1.865,-0.574,1,1
20,0,24,6,N,nb14,1055,-1.199,1.864,0,0
20,0,24,6,N,nb15,1055,-0.607,1.347,1,1
20,0,24,6,N,nb16,1055,1.393,-1.832,2,1
20,0,24,6,N,nb17,1055,1.317,-1.269,2,1
20,0,24,6,N,nb18,1055,1.495,1.455,1,1
20,0,24,6,N,nb19,1055,1.741,0.603,0,0
20,0,24,6,N,nb20,1055,1.121,-1.397,1,0
20,0,24,6,N,nb21,1055,-1.799,-0.418,1,1
20,0,24,6,N,nb22,1055,1.737,1.409,2,1
20,0,24,6,N,nb23,1055,1.247,-1.116,1,1
20,0,24,6,N,nb24,1055,1.761,-0.676,1,1
20,0,24,6,N,nb25,1055,0.589,0.759,0,0
20,0,24,6,N,nb26,1055,1.845,1.54,1,1
20,0,24,6,N,nb27,1055,1.56,-1.806,1,1
20,0,24,6,N,nb28,1055,0.436,-1.491,0,0
20,0,24,6,N,nb29,1055,-0.343,-1.861,0,0
20,0,24,6,A,aa0,1055,-0.843,-1.092,0,0
20,0,24,6,A,aa1,1055,0.788,1.851,0,0
20,0,24,6,A,aa2,1055,0.578,-1.58,3,1
20,0,24,6,A,aa3,1055,-0.837,-1.741,0,0
20,0,24,6,A,aa4,1055,0.15,-0.074,0,0
20,0,24,6,A,aa5,1055,-0.576,-0.233,0,0
20,0,24,6,N,nb0,1060,-0.617,0.296,0,0
20,0,24,6,N,nb1,1060,0.881,-0.275,2,1
20,0,24,6,N,nb2,1060,1.057,-1.866,2,0
20,0,24,6,N,nb3,1060,1.226,-1.865,2,1
20,0,24,6,N,nb4,1060,0.888,-1.866,1,0
20,0,24,6,N,nb5,1060,-0.755,1.43,1,1
20,0,24,6,N,nb6,1060,1.863,-1.001,1,1
20,0,24,6,N,nb7,1060,0.521,1.777,0,0
20,0,24,6,N,nb8,1060,0.926,-0.504,1,1
20,0,24,6,N,nb9,1060,-1.865,1.646,1,1
20,0,24,6,N,nb10,1060,-1.867,1.41,1,1
20,0,24,6,N,nb11,1060,1.849,-0.832,2,1
20,0,24,6,N,nb12,1060,0.772,-0.066,1,1
20,0,24,6,N,nb13,1060,-1.865,-0.574,1,1
20,0,24,6,N,nb14,1060,-1.291,1.854,0,0
20,0,24,6,N,nb15,1060,-0.607,1.347,1,1
20,0,24,6,N,nb16,1060,1.393,-1.832,2,1
20,0,24,6,N,nb17,1060,1.317,-1.269,2,1
20,0,24,6,N,nb18,1060,1.495,1.455,1,1
20,0,24,6,N,nb19,1060,1.829,0.63,0,0
20,0,24,6,N,nb20,1060,1.15,-1.317,2,0
20,0,24,6,N,nb21,1060,-1.799,-0.418,1,1
20,0,24,6,N,nb22,1060,1.737,1.409,2,1
20,0,24,6,N,nb23,1060,1.247,-1.116,2,1
20,0,24,6,N,nb24,1060,1.761,-0.676,1,1
20,0,24,6,N,nb25,1060,0.645,0.676,0,0
20,0,24,6,N,nb26,1060,1.845,1.54,1,1
20,0,24,6,N,nb27,1060,1.56,-1.806,1,1
20,0,24,6,N,nb28,1060,0.496,-1.451,0,0
20,0,24,6,N,nb29,1060,-0.251,-1.846,0,0
20,0,24,6,A,aa0,1060,-0.761,-1.148,0,0
20,0,24,6,A,aa1,1060,0.879,1.829,0,0
20,0,24,6,A,aa2,1060,0.641,-1.535,0,0
20,0,24,6,A,aa3,1060,-0.762,-1.703,0,0
20,0,24,6,A,aa4,1060,0.241,-0.031,1,0
20,0,24,6,A,aa5,1060,-0.476,-0.227,0,0
20,0,24,6,N,nb0,1065,-0.662,0.207,0,0
20,0,24,6,N,nb1,1065,0.881,-0.275,2,1
20,0,24,6,N,nb2,1065,1.057,-1.866,2,1
20,0,24,6,N,nb3,1065,1.226,-1.865,2,1
20,0,24,6,N,nb4,1065,0.888,-1.866,1,1
20,0,24,6,N,nb5,1065,-0.755,1.43,1,1
20,0,24,6,N,nb6,1065,1.863,-1.001,1,1
20,0,24,6,N,nb7,1065,0.608,1.734,0,0
20,0,24,6,N,nb8,1065,0.926,-0.504,1,1
20,0,24,6,N,nb9,1065,-1.865,1.646,1,1
20,0,24,6,N,nb10,1065,-1.867,1.41,1,1
20,0,24,6,N,nb11,1065,1.849,-0.832,2,0
20,0,24,6,N,nb12,1065,0.772,-0.066,1,1
20,0,24,6,N,nb13,1065,-1.865,-0.574,1,1
20,0,24,6,N,nb14,1065,-1.383,1.835,0,0
20,0,24,6,N,nb15,1065,-0.607,1.347,1,1
20,0,24,6,N,nb16,1065,1.393,-1.832,2,1
20,0,24,6,N,nb17,1065,1.318,-1.269,2,1
20,0,24,6,N,nb18,1065,1.495,1.455,1,0
20,0,24,6,N,nb19,1065,1.866,0.666,0,0
20,0,24,6,N,nb20,1065,1.149,-1.248,2,1
20,0,24,6,N,nb21,1065,-1.799,-0.418,1,1
20,0,24,6,N,nb22,1065,1.737,1.409,2,1
20,0,24,6,N,nb23,1065,1.248,-1.11,2,1
20,0,24,6,N,nb24,1065,1.761,-0.676,1,0
20,0,24,6,N,nb25,1065,0.701,0.593,0,0
20,0,24,6,N,nb26,1065,1.845,1.54,1,1
20,0,24,6,N,nb27,1065,1.56,-1.806,1,1
20,0,24,6,N,nb28,1065,0.562,-1.406,0,0
20,0,24,6,N,nb29,1065,-0.16,-1.823,0,0
20,0,24,6,A,aa0,1065,-0.678,-1.205,0,0
20,0,24,6,A,aa1,1065,0.967,1.799,0,0
20,0,24,6,A,aa2,1065,0.709,-1.487,0,0
20,0,24,6,A,aa3,1065,-0.762,-1.703,0,0
20,0,24,6,A,aa4,1065,0.331,0.012,1,0
20,0,24,6,A,aa5,1065,-0.376,-0.22,0,0
20,0,24,6,N,nb0,1070,-0.707,0.118,0,0
20,0,24,6,N,nb1,1070,0.881,-0.275,2,1
20,0,24,6,N,nb2,1070,1.057,-1.866,2,0
20,0,24,6,N,nb3,1070,1.226,-1.865,2,1
20,0,24,6,N,nb4,1070,0.888,-1.866,1,0
20,0,24,6,N,nb5,1070,-0.755,1.43,1,1
20,0,24,6,N,nb6,1070,1.863,-1.001,1,1
20,0,24,6,N,nb7,1070,0.698,1.689,0,0
20,0,24,6,N,nb8,1070,0.926,-0.504,1,1
20,0,24,6,N,nb9,1070,-1.865,1.646,1,1
20,0,24,6,N,nb10,1070,-1.867,1.41,1,1
20,0,24,6,N,nb11,1070,1.849,-0.832,2,1
20,0,24,6,N,nb12,1070,0.772,-0.066,1,1
20,0,24,6,N,nb13,1070,-1.865,-0.574,1,1
20,0,24,6,N,nb14,1070,-1.472,1.807,0,0
20,0,24,6,N,nb15,1070,-0.607,1.347,1,1
20,0,24,6,N,nb16,1070,1.393,-1.832,2,1
20,0,24,6,N,nb17,1070,1.318,-1.269,2,1
20,0,24,6,N,nb18,1070,1.495,1.455,1,1
20,0,24,6,N,nb19,1070,1.866,0.714,0,0
20,0,24,6,N,nb20,1070,1.148,-1.246,2,0
20,0,24,6,N,nb21,1070,-1.799,-0.418,1,1
20,0,24,6,N,nb22,1070,1.737,1.409,2,1
20,0,24,6,N,nb23,1070,1.248,-1.109,2,1
20,0,24,6,N,nb24,1070,1.761,-0.676,1,1
20,0,24,6,N,nb25,1070,0.757,0.51,0,0
20,0,24,6,N,nb26,1070,1.845,1.54,1,1
20,0,24,6,N,nb27,1070,1.56,-1.806,1,1
20,0,24,6,N,nb28,1070,0.633,-1.358,0,0
20,0,24,6,N,nb29,1070,-0.072,-1.791,0,0
20,0,24,6,A,aa0,1070,-0.596,-1.261,0,0
20,0,24,6,A,aa1,1070,1.054,1.761,1,0
20,0,24,6,A,aa2,1070,0.782,-1.435,0,0
20,0,24,6,A,aa3,1070,-0.739,-1.61,0,0
20,0,24,6,A,aa4,1070,0.421,0.055,2,0
20,0,24,6,A,aa5,1070,-0.277,-0.213,0,0
20,0,24,6,N,nb0,1075,-0.752,0.029,0,0
20,0,24,6,N,nb1,1075,0.881,-0.275,2,1
20,0,24,6,N,nb2,1075,1.058,-1.852,2,0
20,0,24,6,N,nb3,1075,1.226,-1.865,2,1
20,0,24,6,N,nb4,1075,0.889,-1.866,1,0
20,0,24,6,N,nb5,1075,-0.755,1.43,1,1
20,0,24,6,N,nb6,1075,1.863,-1.001,1,1
20,0,24,6,N,nb7,1075,0.787,1.644,0,0
20,0,24,6,N,nb8,1075,0.926,-0.504,1,1
20,0,24,6,N,nb9,1075,-1.865,1.646,1,1
20,0,24,6,N,nb10,1075,-1.867,1.41,1,1
20,0,24,6,N,nb11,1075,1.849,-0.832,2,1
20,0,24,6,N,nb12,1075,0.772,-0.066,1,1
20,0,24,6,N,nb13,1075,-1.865,-0.574,1,1
20,0,24,6,N,nb14,1075,-1.559,1.772,0,0
20,0,24,6,N,nb15,1075,-0.607,1.347,1,1
20,0,24,6,N,nb16,1075,1.393,-1.832,2,1
20,0,24,6,N,nb17,1075,1.318,-1.269,2,1
20,0,24,6,N,nb18,1075,1.495,1.455,1,1
20,0,24,6,N,nb19,1075,1.866,0.774,0,0
20,0,24,6,N,nb20,1075,1.134,-1.235,2,0
20,0,24,6,N,nb21,1075,-1.799,-0.418,1,1
20,0,24,6,N,nb22,1075,1.737,1.409,2,1
20,0,24,6,N,nb23,1075,1.248,-1.109,2,1
20,0,24,6,N,nb24,1075,1.761,-0.676,1,1
20,0,24,6,N,nb25,1075,0.812,0.427,0,0
20,0,24,6,N,nb26,1075,1.845,1.54,1,1
20,0,24,6,N,nb27,1075,1.56,-1.806,1,1
20,0,24,6,N,nb28,1075,0.705,-1.308,0,0
20,0,24,6,N,nb29,1075,0.014,-1.751,0,0
20,0,24,6,A,aa0,1075,-0.514,-1.318,0,0
20,0,24,6,A,aa1,1075,1.143,1.717,1,0
20,0,24,6,A,aa2,1075,0.857,-1.38,0,0
20,0,24,6,A,aa3,1075,-0.715,-1.513,0,0
20,0,24,6,A,aa4,1075,0.512,0.098,1,0
20,0,24,6,A,aa5,1075,-0.177,-0.206,0,0
20,0,24,6,N,nb0,1080,-0.798,-0.061,0,0
20,0,24,6,N,nb1,1080,0.881,-0.275,2,1
20,0,24,6,N,nb2,1080,1.06,-1.835,2,1
20,0,24,6,N,nb3,1080,1.226,-1.865,2,1
20,0,24,6,N,nb4,1080,0.894,-1.866,1,1
20,0,24,6,N,nb5,1080,-0.755,1.43,1,1
20,0,24,6,N,nb6,1080,1.863,-1.001,1,1
20,0,24,6,N,nb7,1080,0.876,1.6,0,0
20,0,24,6,N,nb8,1080,0.926,-0.504,1,1
20,0,24,6,N,nb9,1080,-1.865,1.646,2,1
20,0,24,6,N,nb10,1080,-1.867,1.41,1,1
20,0,24,6,N,nb11,1080,1.849,-0.832,2,1
20,0,24,6,N,nb12,1080,0.772,-0.066,1,1
20,0,24,6,N,nb13,1080,-1.865,-0.574,1,1
20,0,24,6,N,nb14,1080,-1.645,1.73,1,1
20,0,24,6,N,nb15,1080,-0.607,1.347,1,1
20,0,24,6,N,nb16,1080,1.393,-1.832,2,1
20,0,24,6,N,nb17,1080,1.318,-1.269,2,1
20,0,24,6,N,nb18,1080,1.495,1.455,1,1
20,0,24,6,N,nb19,1080,1.866,0.845,0,0
20,0,24,6,N,nb20,1080,1.109,-1.206,2,1
20,0,24,6,N,nb21,1080,-1.799,-0.418,1,1
20,0,24,6,N,nb22,1080,1.737,1.409,2,1
20,0,24,6,N,nb23,1080,1.248,-1.109,2,1
20,0,24,6,N,nb24,1080,1.761,-0.676,1,1
20,0,24,6,N,nb25,1080,0.868,0.344,0,0
20,0,24,6,N,nb26,1080,1.845,1.54,1,1
20,0,24,6,N,nb27,1080,1.56,-1.806,1,1
20,0,24,6,N,nb28,1080,0.774,-1.25,0,0
20,0,24,6,N,nb29,1080,0.103,-1.706,0,0
20,0,24,6,A,aa0,1080,-0.433,-1.372,0,0
20,0,24,6,A,aa1,1080,1.232,1.672,1,0
20,0,24,6,A,aa2,1080,0.928,-1.318,1,0
20,0,24,6,A,aa3,1080,-0.696,-1.423,0,0
20,0,24,6,A,aa4,1080,0.602,0.141,1,0
20,0,24,6,A,aa5,1080,-0.077,-0.199,0,0
20,0,24,6,N,nb0,1085,-0.843,-0.15,0,0
20,0,24,6,N,nb1,1085,0.881,-0.275,2,1
20,0,24,6,N,nb2,1085,1.061,-1.828,2,0
20,0,24,6,N,nb3,1085,1.226,-1.865,2,1
20,0,24,6,N,nb4,1085,0.896,-1.866,1,0
20,0,24,6,N,nb5,1085,-0.755,1.43,1,1
20,0,24,6,N,nb6,1085,1.863,-1.001,1,1
20,0,24,6,N,nb7,1085,0.966,1.555,0,0
20,0,24,6,N,nb8,1085,0.926,-0.504,1,1
20,0,24,6,N,nb9,1085,-1.865,1.646,2,0
20,0,24,6,N,nb10,1085,-1.867,1.41,1,1
20,0,24,6,N,nb11,1085,1.849,-0.832,2,1
20,0,24,6,N,nb12,1085,0.772,-0.066,1,1
20,0,24,6,N,nb13,1085,-1.865,-0.574,1,1
20,0,24,6,N,nb14,1085,-1.647,1.728,1,1
20,0,24,6,N,nb15,1085,-0.607,1.347,1,1
20,0,24,6,N,nb16,1085,1.393,-1.832,2,1
20,0,24,6,N,nb17,1085,1.318,-1.269,2,1
20,0,24,6,N,nb18,1085,1.495,1.455,1,1
20,0,24,6,N,nb19,1085,1.866,0.924,0,0
20,0,24,6,N,nb20,1085,1.124,-1.192,2,0
20,0,24,6,N,nb21,1085,-1.799,-0.418,1,1
20,0,24,6,N,nb22,1085,1.737,1.409,2,1
20,0,24,6,N,nb23,1085,1.261,-1.091,2,1
20,0,24,6,N,nb24,1085,1.761,-0.676,1,1
20,0,24,6,N,nb25,1085,0.923,0.262,0,0
20,0,24,6,N,nb26,1085,1.845,1.54,1,1
20,0,24,6,N,nb27,1085,1.56,-1.806,1,1
20,0,24,6,N,nb28,1085,0.833,-1.182,0,0
20,0,24,6,N,nb29,1085,0.193,-1.661,0,0
20,0,24,6,A,aa0,1085,-0.379,-1.406,0,0
20,0,24,6,A,aa1,1085,1.32,1.628,2,0
20,0,24,6,A,aa2,1085,0.976,-1.273,0,0
20,0,24,6,A,aa3,1085,-0.687,-1.326,0,0
20,0,24,6,A,aa4,1085,0.685,0.183,1,0
20,0,24,6,A,aa5,1085,0.023,-0.193,0,0
20,0,24,6,N,nb0,1090,-0.888,-0.239,0,0
20,0,24,6,N,nb1,1090,0.881,-0.275,2,1
20,0,24,6,N,nb2,1090,1.071,-1.797,2,0
20,0,24,6,N,nb3,1090,1.226,-1.865,2,1
20,0,24,6,N,nb4,1090,0.912,-1.853,1,0
20,0,24,6,N,nb5,1090,-0.755,1.43,1,1
20,0,24,6,N,nb6,1090,1.863,-1.001,1,1
20,0,24,6,N,nb7,1090,1.055,1.51,0,0
20,0,24,6,N,nb8,1090,0.926,-0.504,1,1
20,0,24,6,N,nb9,1090,-1.865,1.646,2,1
20,0,24,6,N,nb10,1090,-1.867,1.41,1,1
20,0,24,6,N,nb11,1090,1.849,-0.832,2,1
20,0,24,6,N,nb12,1090,0.772,-0.066,1,1
20,0,24,6,N,nb13,1090,-1.865,-0.574,1,1
20,0,24,6,N,nb14,1090,-1.647,1.728,1,1
20,0,24,6,N,nb15,1090,-0.607,1.347,1,1
20,0,24,6,N,nb16,1090,1.393,-1.832,2,1
20,0,24,6,N,nb17,1090,1.318,-1.269,2,1
20,0,24,6,N,nb18,1090,1.495,1.455,1,1
20,0,24,6,N,nb19,1090,1.866,1.009,0,0
20,0,24,6,N,nb20,1090,1.148,-1.151,2,0
20,0,24,6,N,nb21,1090,-1.799,-0.418,1,1
20,0,24,6,N,nb22,1090,1.737,1.409,2,1
20,0,24,6,N,nb23,1090,1.288,-1.054,2,1
20,0,24,6,N,nb24,1090,1.761,-0.676,1,1
20,0,24,6,N,nb25,1090,0.98,0.186,0,0
20,0,24,6,N,nb26,1090,1.845,1.54,1,1
20,0,24,6,N,nb27,1090,1.56,-1.806,1,1
20,0,24,6,N,nb28,1090,0.885,-1.106,0,0
20,0,24,6,N,nb29,1090,0.282,-1.615,0,0
20,0,24,6,A,aa0,1090,-0.379,-1.406,0,0
20,0,24,6,A,aa1,1090,1.401,1.598,2,0
20,0,24,6,A,aa2,1090,1.0,-1.232,1,0
20,0,24,6,A,aa3,1090,-0.678,-1.226,0,0
20,0,24,6,A,aa4,1090,0.756,0.233,1,0
20,0,24,6,A,aa5,1090,0.123,-0.186,0,0
20,0,24,6,N,nb0,1095,-0.933,-0.328,0,0
20,0,24,6,N,nb1,1095,0.881,-0.275,2,1
20,0,24,6,N,nb2,1095,1.096,-1.756,2,1
20,0,24,6,N,nb3,1095,1.226,-1.865,2,1
20,0,24,6,N,nb4,1095,0.95,-1.841,1,1
20,0,24,6,N,nb5,1095,-0.755,1.43,1,1
20,0,24,6,N,nb6,1095,1.863,-1.001,1,1
20,0,24,6,N,nb7,1095,1.144,1.465,0,0
20,0,24,6,N,nb8,1095,0.926,-0.504,1,1
20,0,24,6,N,nb9,1095,-1.865,1.646,2,1
20,0,24,6,N,nb10,1095,-1.867,1.41,1,1
20,0,24,6,N,nb11,1095,1.849,-0.832,2,1
20,0,24,6,N,nb12,1095,0.772,-0.066,1,1
20,0,24,6,N,nb13,1095,-1.865,-0.574,1,1
20,0,24,6,N,nb14,1095,-1.647,1.728,1,1
20,0,24,6,N,nb15,1095,-0.607,1.347,1,1
20,0,24,6,N,nb16,1095,1.393,-1.832,2,1
20,0,24,6,N,nb17,1095,1.318,-1.269,2,1
20,0,24,6,N,nb18,1095,1.495,1.455,1,1
20,0,24,6,N,nb19,1095,1.866,1.098,0,0
20,0,24,6,N,nb20,1095,1.143,-1.104,3,1
20,0,24,6,N,nb21,1095,-1.799,-0.418,1,1
20,0,24,6,N,nb22,1095,1.737,1.409,2,1
20,0,24,6,N,nb23,1095,1.299,-1.037,2,1
20,0,24,6,N,nb24,1095,1.761,-0.676,1,1
20,0,24,6,N,nb25,1095,1.043,0.112,0,0
20,0,24,6,N,nb26,1095,1.845,1.54,1,1
20,0,24,6,N,nb27,1095,1.56,-1.806,1,1
20,0,24,6,N,nb28,1095,0.905,-1.071,1,1
20,0,24,6,N,nb29,1095,0.371,-1.57,0,0
20,0,24,6,A,aa0,1095,-0.315,-1.363,0,0
20,0,24,6,A,aa1,1095,1.426,1.61,3,1
20,0,24,6,A,aa2,1095,1.012,-1.211,4,1
20,0,24,6,A,aa3,1095,-0.669,-1.127,0,0
20,0,24,6,A,aa4,1095,0.821,0.297,1,0
20,0,24,6,A,aa5,1095,0.222,-0.179,1,0
20,0,24,6,N,nb0,1100,-0.978,-0.417,0,0
20,0,24,6,N,nb1,1100,0.881,-0.275,2,1
20,0,24,6,N,nb2,1100,1.133,-1.718,2,0
20,0,24,6,N,nb3,1100,1.226,-1.865,2,1
20,0,24,6,N,nb4,1100,0.95,-1.841,1,1
20,0,24,6,N,nb5,1100,-0.755,1.43,1,1
20,0,24,6,N,nb6,1100,1.863,-1.001,1,1
20,0,24,6,N,nb7,1100,1.234,1.42,0,0
20,0,24,6,N,nb8,1100,0.926,-0.504,1,1
20,0,24,6,N,nb9,1100,-1.865,1.646,2,1
20,0,24,6,N,nb10,1100,-1.867,1.41,1,1
20,0,24,6,N,nb11,1100,1.849,-0.832,2,1
20,0,24,6,N,nb12,1100,0.772,-0.066,1,1
20,0,24,6,N,nb13,1100,-1.865,-0.574,1,1
20,0,24,6,N,nb14,1100,-1.647,1.728,1,1
20,0,24,6,N,nb15,1100,-0.607,1.347,1,1
20,0,24,6,N,nb16,1100,1.393,-1.832,2,1
20,0,24,6,N,nb17,1100,1.346,-1.227,1,0
20,0,24,6,N,nb18,1100,1.54,1.43,1,0
20,0,24,6,N,nb19,1100,1.865,1.19,0,0
20,0,24,6,N,nb20,1100,1.13,-1.053,2,0
20,0,24,6,N,nb21,1100,-1.799,-0.418,1,1
20,0,24,6,N,nb22,1100,1.709,1.442,2,0
20,0,24,6,N,nb23,1100,1.301,-1.035,2,1
20,0,24,6,N,nb24,1100,1.761,-0.676,1,1
20,0,24,6,N,nb25,1100,1.109,0.036,0,0
20,0,24,6,N,nb26,1100,1.866,1.509,1,0
20,0,24,6,N,nb27,1100,1.56,-1.806,1,1
20,0,24,6,N,nb28,1100,0.93,-1.024,1,0
20,0,24,6,N,nb29,1100,0.46,-1.525,0,0
20,0,24,6,A,aa0,1100,-0.232,-1.308,0,0
20,0,24,6,A,aa1,1100,1.512,1.639,0,0
20,0,24,6,A,aa2,1100,1.048,-1.203,0,0
20,0,24,6,A,aa3,1100,-0.66,-1.027,0,0
20,0,24,6,A,aa4,1100,0.888,0.372,1,0
20,0,24,6,A,aa5,1100,0.322,-0.172,2,0
20,0,24,6,N,nb0,1105,-1.023,-0.507,0,0
20,0,24,6,N,nb1,1105,0.881,-0.275,2,1
20,0,24,6,N,nb2,1105,1.197,-1.648,1,0
20,0,24,6,N,nb3,1105,1.226,-1.865,2,1
20,0,24,6,N,nb4,1105,0.95,-1.841,0,1
20,0,24,6,N,nb5,1105,-0.755,1.43,1,1
20,0,24,6,N,nb6,1105,1.863,-1.001,1,1
20,0,24,6,N,nb7,1105,1.29,1.392,1,1
20,0,24,6,N,nb8,1105,0.926,-0.504,1,1
20,0,24,6,N,nb9,1105,-1.865,1.646,2,1
20,0,24,6,N,nb10,1105,-1.867,1.41,1,1
20,0,24,6,N,nb11,1105,1.849,-0.832,2,1
20,0,24,6,N,nb12,1105,0.772,-0.066,1,1
20,0,24,6,N,nb13,1105,-1.865,-0.574,1,1
20,0,24,6,N,nb14,1105,-1.647,1.728,1,1
20,0,24,6,N,nb15,1105,-0.607,1.347,1,1
20,0,24,6,N,nb16,1105,1.393,-1.832,2,1
20,0,24,6,N,nb17,1105,1.405,-1.163,1,0
20,0,24,6,N,nb18,1105,1.528,1.409,2,0
20,0,24,6,N,nb19,1105,1.863,1.248,1,1
20,0,24,6,N,nb20,1105,1.12,-0.96,2,0
20,0,24,6,N,nb21,1105,-1.799,-0.418,1,1
20,0,24,6,N,nb22,1105,1.694,1.45,2,0
20,0,24,6,N,nb23,1105,1.3,-1.029,2,1
20,0,24,6,N,nb24,1105,1.761,-0.676,1,1
20,0,24,6,N,nb25,1105,1.174,-0.04,0,0
20,0,24,6,N,nb26,1105,1.866,1.456,2,0
20,0,24,6,N,nb27,1105,1.56,-1.806,1,1
20,0,24,6,N,nb28,1105,0.953,-0.939,1,0
20,0,24,6,N,nb29,1105,0.55,-1.48,0,0
20,0,24,6,A,aa0,1105,-0.149,-1.253,0,0
20,0,24,6,A,aa1,1105,1.584,1.668,1,0
20,0,24,6,A,aa2,1105,1.138,-1.195,1,0
20,0,24,6,A,aa3,1105,-0.652,-0.928,0,0
20,0,24,6,A,aa4,1105,0.954,0.447,1,0
20,0,24,6,A,aa5,1105,0.422,-0.166,2,0
20,0,24,6,N,nb0,1110,-1.069,-0.596,0,0
20,0,24,6,N,nb1,1110,0.879,-0.242,1,0
20,0,24,6,N,nb2,1110,1.223,-1.616,1,0
20,0,24,6,N,nb3,1110,1.226,-1.865,2,1
20,0,24,6,N,nb4,1110,0.95,-1.841,0,1
20,0,24,6,N,nb5,1110,-0.755,1.43,1,1
20,0,24,6,N,nb6,1110,1.863,-1.001,1,0
20,0,24,6,N,nb7,1110,1.29,1.392,1,0
20,0,24,6,N,nb8,1110,0.893,-0.514,0,0
20,0,24,6,N,nb9,1110,-1.865,1.646,2,1
20,0,24,6,N,nb10,1110,-1.867,1.41,1,1
20,0,24,6,N,nb11,1110,1.849,-0.832,2,1
20,0,24,6,N,nb12,1110,0.804,-0.074,1,0
20,0,24,6,N,nb13,1110,-1.865,-0.574,1,1
20,0,24,6,N,nb14,1110,-1.647,1.728,1,0
20,0,24,6,N,nb15,1110,-0.607,1.347,1,1
20,0,24,6,N,nb16,1110,1.393,-1.832,2,1
20,0,24,6,N,nb17,1110,1.433,-1.136,1,0
20,0,24,6,N,nb18,1110,1.537,1.386,2,0
20,0,24,6,N,nb19,1110,1.863,1.248,1,1
20,0,24,6,N,nb20,1110,1.123,-0.921,2,0
20,0,24,6,N,nb21,1110,-1.799,-0.418,1,1
20,0,24,6,N,nb22,1110,1.676,1.483,2,0
20,0,24,6,N,nb23,1110,1.3,-1.028,2,0
20,0,24,6,N,nb24,1110,1.761,-0.676,1,1
20,0,24,6,N,nb25,1110,1.24,-0.115,0,0
20,0,24,6,N,nb26,1110,1.866,1.421,2,0
20,0,24,6,N,nb27,1110,1.56,-1.806,1,0
20,0,24,6,N,nb28,1110,0.955,-0.901,1,0
20,0,24,6,N,nb29,1110,0.639,-1.435,0,0
20,0,24,6,A,aa0,1110,-0.066,-1.197,0,0
20,0,24,6,A,aa1,1110,1.602,1.698,4,1
20,0,24,6,A,aa2,1110,1.227,-1.2,5,1
20,0,24,6,A,aa3,1110,-0.643,-0.828,0,0
20,0,24,6,A,aa4,1110,1.021,0.521,0,0
20,0,24,6,A,aa5,1110,0.522,-0.159,0,0
20,0,24,6,N,nb0,1115,-1.114,-0.685,0,0
20,0,24,6,N,nb1,1115,0.918,-0.199,1,0
20,0,24,6,N,nb2,1115,1.269,-1.556,0,0
20,0,24,6,N,nb3,1115,1.226,-1.865,1,1
20,0,24,6,N,nb4,1115,0.95,-1.841,0,1
20,0,24,6,N,nb5,1115,-0.755,1.43,1,1
20,0,24,6,N,nb6,1115,1.863,-1.001,1,1
20,0,24,6,N,nb7,1115,1.348,1.358,1,0
20,0,24,6,N,nb8,1115,0.798,-0.545,0,0
20,0,24,6,N,nb9,1115,-1.865,1.646,2,1
20,0,24,6,N,nb10,1115,-1.867,1.41,1,1
20,0,24,6,N,nb11,1115,1.849,-0.832,2,1
20,0,24,6,N,nb12,1115,0.857,-0.043,1,0
20,0,24,6,N,nb13,1115,-1.865,-0.574,1,1
20,0,24,6,N,nb14,1115,-1.647,1.728,1,1
20,0,24,6,N,nb15,1115,-0.607,1.347,1,1
20,0,24,6,N,nb16,1115,1.393,-1.832,2,1
20,0,24,6,N,nb17,1115,1.489,-1.089,1,0
20,0,24,6,N,nb18,1115,1.586,1.334,2,0
20,0,24,6,N,nb19,1115,1.852,1.224,1,1
20,0,24,6,N,nb20,1115,1.127,-0.853,1,0
20,0,24,6,N,nb21,1115,-1.799,-0.418,1,1
20,0,24,6,N,nb22,1115,1.637,1.543,1,0
20,0,24,6,N,nb23,1115,1.355,-0.984,1,0
20,0,24,6,N,nb24,1115,1.761,-0.676,1,1
20,0,24,6,N,nb25,1115,1.305,-0.191,0,0
20,0,24,6,N,nb26,1115,1.866,1.393,1,0
20,0,24,6,N,nb27,1115,1.56,-1.806,1,1
20,0,24,6,N,nb28,1115,0.959,-0.833,1,0
20,0,24,6,N,nb29,1115,0.728,-1.39,0,0
20,0,24,6,A,aa0,1115,0.018,-1.142,0,0
20,0,24,6,A,aa1,1115,1.65,1.781,0,0
20,0,24,6,A,aa2,1115,1.315,-1.218,0,0
20,0,24,6,A,aa3,1115,-0.634,-0.728,0,0
20,0,24,6,A,aa4,1115,1.088,0.596,0,0
20,0,24,6,A,aa5,1115,0.619,-0.152,0,0
20,0,24,6,N,nb0,1120,-1.159,-0.774,0,0
20,0,24,6,N,nb1,1120,0.95,-0.172,1,1
20,0,24,6,N,nb2,1120,1.328,-1.478,0,0
20,0,24,6,N,nb3,1120,1.226,-1.865,1,1
20,0,24,6,N,nb4,1120,0.95,-1.841,0,1
20,0,24,6,N,nb5,1120,-0.755,1.43,1,1
20,0,24,6,N,nb6,1120,1.863,-1.001,1,1
20,0,24,6,N,nb7,1120,1.416,1.304,1,0
20,0,24,6,N,nb8,1120,0.703,-0.576,0,0
20,0,24,6,N,nb9,1120,-1.865,1.646,2,1
20,0,24,6,N,nb10,1120,-1.867,1.41,1,1
20,0,24,6,N,nb11,1120,1.849,-0.832,2,1
20,0,24,6,N,nb12,1120,0.891,-0.016,1,1
20,0,24,6,N,nb13,1120,-1.865,-0.574,1,1
20,0,24,6,N,nb14,1120,-1.647,1.728,1,1
20,0,24,6,N,nb15,1120,-0.607,1.347,1,1
20,0,24,6,N,nb16,1120,1.393,-1.832,2,1
20,0,24,6,N,nb17,1120,1.564,-1.034,1,0
20,0,24,6,N,nb18,1120,1.649,1.26,3,0
20,0,24,6,N,nb19,1120,1.839,1.183,2,1
20,0,24,6,N,nb20,1120,1.131,-0.762,1,0
20,0,24,6,N,nb21,1120,-1.799,-0.418,1,1
20,0,24,6,N,nb22,1120,1.59,1.622,0,0
20,0,24,6,N,nb23,1120,1.42,-0.919,1,0
20,0,24,6,N,nb24,1120,1.761,-0.676,1,1
20,0,24,6,N,nb25,1120,1.371,-0.266,0,0
20,0,24,6,N,nb26,1120,1.866,1.35,2,0
20,0,24,6,N,nb27,1120,1.56,-1.806,1,1
20,0,24,6,N,nb28,1120,0.963,-0.741,1,0
20,0,24,6,N,nb29,1120,0.817,-1.344,0,0
20,0,24,6,A,aa0,1120,0.101,-1.087,0,0
20,0,24,6,A,aa1,1120,1.695,1.859,0,0
20,0,24,6,A,aa2,1120,1.4,-1.248,2,0
20,0,24,6,A,aa3,1120,-0.641,-0.71,0,0
20,0,24,6,A,aa4,1120,1.154,0.671,0,0
20,0,24,6,A,aa5,1120,0.706,-0.156,2,0
20,0,24,6,N,nb0,1125,-1.204,-0.864,0,0
20,0,24,6,N,nb1,1125,0.955,-0.175,1,0
20,0,24,6,N,nb2,1125,1.386,-1.418,0,0
20,0,24,6,N,nb3,1125,1.226,-1.865,1,1
20,0,24,6,N,nb4,1125,0.966,-1.837,0,0
20,0,24,6,N,nb5,1125,-0.755,1.43,1,1
20,0,24,6,N,nb6,1125,1.863,-1.001,1,0
20,0,24,6,N,nb7,1125,1.43,1.289,1,1
20,0,24,6,N,nb8,1125,0.608,-0.608,0,0
20,0,24,6,N,nb9,1125,-1.865,1.646,2,1
20,0,24,6,N,nb10,1125,-1.867,1.41,1,1
20,0,24,6,N,nb11,1125,1.849,-0.832,2,0
20,0,24,6,N,nb12,1125,0.891,-0.016,1,0
20,0,24,6,N,nb13,1125,-1.865,-0.574,1,1
20,0,24,6,N,nb14,1125,-1.647,1.728,1,1
20,0,24,6,N,nb15,1125,-0.607,1.347,1,0
20,0,24,6,N,nb16,1125,1.393,-1.832,2,1
20,0,24,6,N,nb17,1125,1.583,-1.022,1,0
20,0,24,6,N,nb18,1125,1.662,1.245,3,1
20,0,24,6,N,nb19,1125,1.836,1.172,2,1
20,0,24,6,N,nb20,1125,1.132,-0.741,1,1
20,0,24,6,N,nb21,1125,-1.799,-0.418,1,1
20,0,24,6,N,nb22,1125,1.533,1.693,0,0
20,0,24,6,N,nb23,1125,1.434,-0.903,1,0
20,0,24,6,N,nb24,1125,1.761,-0.676,1,1
20,0,24,6,N,nb25,1125,1.436,-0.342,0,0
20,0,24,6,N,nb26,1125,1.866,1.338,2,1
20,0,24,6,N,nb27,1125,1.56,-1.806,1,0
20,0,24,6,N,nb28,1125,0.965,-0.72,1,0
20,0,24,6,N,nb29,1125,0.906,-1.299,0,0
20,0,24,6,A,aa0,1125,0.184,-1.031,0,0
20,0,24,6,A,aa1,1125,1.746,1.866,1,0
20,0,24,6,A,aa2,1125,1.485,-1.28,5,1
20,0,24,6,A,aa3,1125,-0.688,-0.622,0,0
20,0,24,6,A,aa4,1125,1.221,0.745,1,0
20,0,24,6,A,aa5,1125,0.785,-0.173,3,1
20,0,24,6,N,nb0,1130,-1.249,-0.953,0,0
20,0,24,6,N,nb1,1130,1.037,-0.158,1,0
20,0,24,6,N,nb2,1130,1.449,-1.391,0,0
20,0,24,6,N,nb3,1130,1.226,-1.865,2,1
20,0,24,6,N,nb4,1130,0.986,-1.831,1,1
20,0,24,6,N,nb5,1130,-0.755,1.43,1,1
20,0,24,6,N,nb6,1130,1.849,-0.942,2,0
20,0,24,6,N,nb7,1130,1.43,1.289,1,1
20,0,24,6,N,nb8,1130,0.514,-0.639,0,0
20,0,24,6,N,nb9,1130,-1.865,1.646,2,1
20,0,24,6,N,nb10,1130,-1.867,1.41,1,1
20,0,24,6,N,nb11,1130,1.865,-0.774,2,0
20,0,24,6,N,nb12,1130,0.974,-0.001,1,0
20,0,24,6,N,nb13,1130,-1.865,-0.574,1,1
20,0,24,6,N,nb14,1130,-1.647,1.728,1,1
20,0,24,6,N,nb15,1130,-0.607,1.347,1,1
20,0,24,6,N,nb16,1130,1.393,-1.832,2,1
20,0,24,6,N,nb17,1130,1.66,-0.977,2,0
20,0,24,6,N,nb18,1130,1.662,1.245,3,1
20,0,24,6,N,nb19,1130,1.836,1.172,2,1
20,0,24,6,N,nb20,1130,1.132,-0.741,1,1
20,0,24,6,N,nb21,1130,-1.799,-0.418,1,1
20,0,24,6,N,nb22,1130,1.465,1.766,0,0
20,0,24,6,N,nb23,1130,1.488,-0.832,1,0
20,0,24,6,N,nb24,1130,1.754,-0.646,1,1
20,0,24,6,N,nb25,1130,1.502,-0.417,0,0
20,0,24,6,N,nb26,1130,1.866,1.338,2,1
20,0,24,6,N,nb27,1130,1.542,-1.754,1,0
20,0,24,6,N,nb28,1130,0.965,-0.629,1,0
20,0,24,6,N,nb29,1130,0.996,-1.254,0,0
20,0,24,6,A,aa0,1130,0.187,-1.03,0,0
20,0,24,6,A,aa1,1130,1.809,1.866,1,0
20,0,24,6,A,aa2,1130,1.582,-1.285,1,0
20,0,24,6,A,aa3,1130,-0.734,-0.533,0,0
20,0,24,6,A,aa4,1130,1.276,0.807,2,0
20,0,24,6,A,aa5,1130,0.863,-0.206,1,0
20,0,24,6,N,nb0,1135,-1.294,-1.042,0,0
20,0,24,6,N,nb1,1135,1.125,-0.139,1,1
20,0,24,6,N,nb2,1135,1.524,-1.363,0,0
20,0,24,6,N,nb3,1135,1.226,-1.865,2,1
20,0,24,6,N,nb4,1135,0.986,-1.831,1,1
20,0,24,6,N,nb5,1135,-0.755,1.43,1,1
20,0,24,6,N,nb6,1135,1.858,-0.881,2,1
20,0,24,6,N,nb7,1135,1.43,1.289,1,1
20,0,24,6,N,nb8,1135,0.419,-0.671,0,0
20,0,24,6,N,nb9,1135,-1.865,1.646,2,1
20,0,24,6,N,nb10,1135,-1.867,1.41,1,1
20,0,24,6,N,nb11,1135,1.865,-0.712,2,0
20,0,24,6,N,nb12,1135,1.063,0.019,1,1
20,0,24,6,N,nb13,1135,-1.865,-0.574,1,1
20,0,24,6,N,nb14,1135,-1.647,1.728,1,1
20,0,24,6,N,nb15,1135,-0.607,1.347,1,1
20,0,24,6,N,nb16,1135,1.393,-1.832,2,1
20,0,24,6,N,nb17,1135,1.7,-0.94,2,1
20,0,24,6,N,nb18,1135,1.662,1.245,3,1
20,0,24,6,N,nb19,1135,1.836,1.172,2,1
20,0,24,6,N,nb20,1135,1.132,-0.741,0,1
20,0,24,6,N,nb21,1135,-1.799,-0.418,1,1
20,0,24,6,N,nb22,1135,1.4,1.83,0,0
20,0,24,6,N,nb23,1135,1.537,-0.753,1,1
20,0,24,6,N,nb24,1135,1.739,-0.599,2,1
20,0,24,6,N,nb25,1135,1.554,-0.477,1,1
20,0,24,6,N,nb26,1135,1.866,1.338,2,1
20,0,24,6,N,nb27,1135,1.491,-1.68,1,1
20,0,24,6,N,nb28,1135,0.958,-0.534,0,0
20,0,24,6,N,nb29,1135,1.085,-1.209,0,0
20,0,24,6,A,aa0,1135,0.197,-0.954,0,0
20,0,24,6,A,aa1,1135,1.865,1.866,1,0
20,0,24,6,A,aa2,1135,1.681,-1.298,0,0
20,0,24,6,A,aa3,1135,-0.781,-0.445,0,0
20,0,24,6,A,aa4,1135,1.276,0.807,2,0
20,0,24,6,A,aa5,1135,0.938,-0.255,1,0
20,0,24,6,N,nb0,1140,-1.34,-1.131,0,0
20,0,24,6,N,nb1,1140,1.138,-0.13,1,0
20,0,24,6,N,nb2,1140,1.607,-1.347,0,0
20,0,24,6,N,nb3,1140,1.226,-1.865,2,1
20,0,24,6,N,nb4,1140,0.986,-1.831,1,1
20,0,24,6,N,nb5,1140,-0.755,1.43,1,1
20,0,24,6,N,nb6,1140,1.859,-0.873,2,0
20,0,24,6,N,nb7,1140,1.43,1.289,1,1
20,0,24,6,N,nb8,1140,0.328,-0.7,0,0
20,0,24,6,N,nb9,1140,-1.865,1.646,2,1
20,0,24,6,N,nb10,1140,-1.867,1.41,1,1
20,0,24,6,N,nb11,1140,1.865,-0.704,2,1
20,0,24,6,N,nb12,1140,1.076,0.028,1,0
20,0,24,6,N,nb13,1140,-1.865,-0.574,1,1
20,0,24,6,N,nb14,1140,-1.647,1.728,1,1
20,0,24,6,N,nb15,1140,-0.607,1.347,1,1
20,0,24,6,N,nb16,1140,1.393,-1.832,2,0
20,0,24,6,N,nb17,1140,1.703,-0.936,1,0
20,0,24,6,N,nb18,1140,1.662,1.245,3,1
20,0,24,6,N,nb19,1140,1.836,1.172,2,1
20,0,24,6,N,nb20,1140,1.134,-0.724,0,0
20,0,24,6,N,nb21,1140,-1.799,-0.418,1,1
20,0,24,6,N,nb22,1140,1.329,1.865,0,0
20,0,24,6,N,nb23,1140,1.545,-0.737,1,0
20,0,24,6,N,nb24,1140,1.737,-0.594,3,1
20,0,24,6,N,nb25,1140,1.554,-0.477,1,0
20,0,24,6,N,nb26,1140,1.866,1.338,2,1
20,0,24,6,N,nb27,1140,1.48,-1.665,1,0
20,0,24,6,N,nb28,1140,0.946,-0.458,0,0
20,0,24,6,N,nb29,1140,1.174,-1.164,0,0
20,0,24,6,A,aa0,1140,0.209,-0.859,0,0
20,0,24,6,A,aa1,1140,1.865,1.866,1,0
20,0,24,6,A,aa2,1140,1.777,-1.315,0,0
20,0,24,6,A,aa3,1140,-0.827,-0.356,0,0
20,0,24,6,A,aa4,1140,1.253,0.859,2,0
20,0,24,6,A,aa5,1140,1.003,-0.3,1,0
20,0,24,6,N,nb0,1145,-1.385,-1.22,0,0
20,0,24,6,N,nb1,1145,1.206,-0.078,1,0
20,0,24,6,N,nb2,1145,1.692,-1.35,0,0
20,0,24,6,N,nb3,1145,1.226,-1.865,2,1
20,0,24,6,N,nb4,1145,0.986,-1.831,1,1
20,0,24,6,N,nb5,1145,-0.755,1.43,1,1
20,0,24,6,N,nb6,1145,1.865,-0.873,2,0
20,0,24,6,N,nb7,1145,1.43,1.289,1,1
20,0,24,6,N,nb8,1145,0.275,-0.677,0,0
20,0,24,6,N,nb9,1145,-1.865,1.646,2,1
20,0,24,6,N,nb10,1145,-1.867,1.41,1,1
20,0,24,6,N,nb11,1145,1.865,-0.704,2,1
20,0,24,6,N,nb12,1145,1.146,0.081,1,0
20,0,24,6,N,nb13,1145,-1.865,-0.574,1,1
20,0,24,6,N,nb14,1145,-1.647,1.728,1,1
20,0,24,6,N,nb15,1145,-0.607,1.347,1,1
20,0,24,6,N,nb16,1145,1.393,-1.832,1,1
20,0,24,6,N,nb17,1145,1.706,-0.929,1,0
20,0,24,6,N,nb18,1145,1.662,1.245,3,1
20,0,24,6,N,nb19,1145,1.836,1.172,2,1
20,0,24,6,N,nb20,1145,1.141,-0.625,0,0
20,0,24,6,N,nb21,1145,-1.799,-0.418,1,1
20,0,24,6,N,nb22,1145,1.252,1.865,0,0
20,0,24,6,N,nb23,1145,1.571,-0.681,2,0
20,0,24,6,N,nb24,1145,1.737,-0.594,3,1
20,0,24,6,N,nb25,1145,1.588,-0.514,2,0
20,0,24,6,N,nb26,1145,1.866,1.338,2,1
20,0,24,6,N,nb27,1145,1.431,-1.583,0,0
20,0,24,6,N,nb28,1145,0.915,-0.404,0,0
20,0,24,6,N,nb29,1145,1.263,-1.119,0,0
20,0,24,6,A,aa0,1145,0.176,-0.812,0,0
20,0,24,6,A,aa1,1145,1.865,1.866,1,0
20,0,24,6,A,aa2,1145,1.859,-1.326,0,0
20,0,24,6,A,aa3,1145,-0.874,-0.267,0,0
20,0,24,6,A,aa4,1145,1.213,0.951,2,0
20,0,24,6,A,aa5,1145,1.051,-0.304,0,0
20,0,24,6,N,nb0,1150,-1.43,-1.31,0,0
20,0,24,6,N,nb1,1150,1.263,-0.033,1,1
20,0,24,6,N,nb2,1150,1.71,-1.39,0,0
20,0,24,6,N,nb3,1150,1.226,-1.865,2,1
20,0,24,6,N,nb4,1150,0.986,-1.831,1,1
20,0,24,6,N,nb5,1150,-0.755,1.43,1,1
20,0,24,6,N,nb6,1150,1.865,-0.873,2,1
20,0,24,6,N,nb7,1150,1.43,1.289,1,1
20,0,24,6,N,nb8,1150,0.222,-0.634,0,0
20,0,24,6,N,nb9,1150,-1.865,1.646,2,1
20,0,24,6,N,nb10,1150,-1.867,1.41,1,0
20,0,24,6,N,nb11,1150,1.865,-0.704,2,1
20,0,24,6,N,nb12,1150,1.207,0.127,1,1
20,0,24,6,N,nb13,1150,-1.865,-0.574,1,1
20,0,24,6,N,nb14,1150,-1.647,1.728,1,1
20,0,24,6,N,nb15,1150,-0.607,1.347,1,1
20,0,24,6,N,nb16,1150,1.393,-1.832,1,1
20,0,24,6,N,nb17,1150,1.704,-0.922,1,1
20,0,24,6,N,nb18,1150,1.662,1.245,3,1
20,0,24,6,N,nb19,1150,1.836,1.172,2,1
20,0,24,6,N,nb20,1150,1.149,-0.527,0,0
20,0,24,6,N,nb21,1150,-1.799,-0.418,1,1
20,0,24,6,N,nb22,1150,1.169,1.865,0,0
20,0,24,6,N,nb23,1150,1.581,-0.661,2,1
20,0,24,6,N,nb24,1150,1.737,-0.593,3,1
20,0,24,6,N,nb25,1150,1.6,-0.494,2,1
20,0,24,6,N,nb26,1150,1.866,1.338,2,1
20,0,24,6,N,nb27,1150,1.384,-1.496,0,0
20,0,24,6,N,nb28,1150,0.873,-0.322,0,0
20,0,24,6,N,nb29,1150,1.352,-1.073,0,0
20,0,24,6,A,aa0,1150,0.124,-0.769,0,0
20,0,24,6,A,aa1,1150,1.865,1.866,1,0
20,0,24,6,A,aa2,1150,1.865,-1.324,0,0
20,0,24,6,A,aa3,1150,-0.92,-0.179,0,0
20,0,24,6,A,aa4,1150,1.173,1.042,2,0
20,0,24,6,A,aa5,1150,1.108,-0.303,0,0
20,0,24,6,N,nb0,1155,-1.475,-1.399,0,0
20,0,24,6,N,nb1,1155,1.273,-0.029,1,0
20,0,24,6,N,nb2,1155,1.775,-1.426,0,0
20,0,24,6,N,nb3,1155,1.226,-1.865,2,1
20,0,24,6,N,nb4,1155,0.986,-1.831,1,1
20,0,24,6,N,nb5,1155,-0.755,1.43,1,1
20,0,24,6,N,nb6,1155,1.865,-0.873,2,1
20,0,24,6,N,nb7,1155,1.43,1.289,1,1
20,0,24,6,N,nb8,1155,0.163,-0.585,0,0
20,0,24,6,N,nb9,1155,-1.865,1.646,2,1
20,0,24,6,N,nb10,1155,-1.867,1.41,1,1
20,0,24,6,N,nb11,1155,1.865,-0.704,2,1
20,0,24,6,N,nb12,1155,1.207,0.127,1,1
20,0,24,6,N,nb13,1155,-1.865,-0.574,1,1
20,0,24,6,N,nb14,1155,-1.647,1.728,1,1
20,0,24,6,N,nb15,1155,-0.607,1.347,1,1
20,0,24,6,N,nb16,1155,1.393,-1.832,1,1
20,0,24,6,N,nb17,1155,1.704,-0.922,1,1
20,0,24,6,N,nb18,1155,1.662,1.245,3,1
20,0,24,6,N,nb19,1155,1.836,1.172,2,1
20,0,24,6,N,nb20,1155,1.17,-0.456,0,0
20,0,24,6,N,nb21,1155,-1.799,-0.418,1,1
20,0,24,6,N,nb22,1155,1.081,1.865,0,0
20,0,24,6,N,nb23,1155,1.581,-0.66,2,0
20,0,24,6,N,nb24,1155,1.737,-0.593,3,1
20,0,24,6,N,nb25,1155,1.6,-0.494,2,0
20,0,24,6,N,nb26,1155,1.866,1.338,2,1
20,0,24,6,N,nb27,1155,1.337,-1.408,0,0
20,0,24,6,N,nb28,1155,0.821,-0.239,0,0
20,0,24,6,N,nb29,1155,1.442,-1.028,0,0
20,0,24,6,A,aa0,1155,0.065,-0.721,0,0
20,0,24,6,A,aa1,1155,1.865,1.856,1,0
20,0,24,6,A,aa2,1155,1.865,-1.268,2,0
20,0,24,6,A,aa3,1155,-0.967,-0.09,0,0
20,0,24,6,A,aa4,1155,1.133,1.134,2,0
20,0,24,6,A,aa5,1155,1.197,-0.29,0,0
20,0,24,6,N,nb0,1160,-1.52,-1.488,0,0
20,0,24,6,N,nb1,1160,1.345,0.018,1,0
20,0,24,6,N,nb2,1160,1.852,-1.473,0,0
20,0,24,6,N,nb3,1160,1.226,-1.865,2,1
20,0,24,6,N,nb4,1160,0.986,-1.831,1,1
20,0,24,6,N,nb5,1160,-0.755,1.43,1,1
20,0,24,6,N,nb6,1160,1.865,-0.873,2,0
20,0,24,6,N,nb7,1160,1.43,1.289,1,1
20,0,24,6,N,nb8,1160,0.099,-0.533,0,0
20,0,24,6,N,nb9,1160,-1.865,1.646,2,1
20,0,24,6,N,nb10,1160,-1.867,1.41,1,1
20,0,24,6,N,nb11,1160,1.865,-0.704,2,1
20,0,24,6,N,nb12,1160,1.207,0.127,1,1
20,0,24,6,N,nb13,1160,-1.865,-0.574,1,1
20,0,24,6,N,nb14,1160,-1.647,1.728,1,1
20,0,24,6,N,nb15,1160,-0.607,1.347,1,1
20,0,24,6,N,nb16,1160,1.393,-1.832,1,1
20,0,24,6,N,nb17,1160,1.704,-0.922,2,0
20,0,24,6,N,nb18,1160,1.662,1.245,3,1
20,0,24,6,N,nb19,1160,1.836,1.172,2,1
20,0,24,6,N,nb20,1160,1.207,-0.403,0,0
20,0,24,6,N,nb21,1160,-1.799,-0.418,1,1
20,0,24,6,N,nb22,1160,0.99,1.865,0,0
20,0,24,6,N,nb23,1160,1.579,-0.657,2,0
20,0,24,6,N,nb24,1160,1.737,-0.593,3,1
20,0,24,6,N,nb25,1160,1.602,-0.491,2,0
20,0,24,6,N,nb26,1160,1.866,1.338,2,1
20,0,24,6,N,nb27,1160,1.29,-1.32,0,0
20,0,24,6,N,nb28,1160,0.767,-0.155,0,0
20,0,24,6,N,nb29,1160,1.477,-1.01,1,0
20,0,24,6,A,aa0,1160,0.001,-0.669,0,0
20,0,24,6,A,aa1,1160,1.865,1.832,1,0
20,0,24,6,A,aa2,1160,1.865,-1.202,3,1
20,0,24,6,A,aa3,1160,-1.013,-0.002,0,0
20,0,24,6,A,aa4,1160,1.092,1.226,1,0
20,0,24,6,A,aa5,1160,1.286,-0.254,1,0
20,0,24,6,N,nb0,1165,-1.565,-1.577,0,0
20,0,24,6,N,nb1,1165,1.412,0.061,1,1
20,0,24,6,N,nb2,1165,1.866,-1.526,0,0
20,0,24,6,N,nb3,1165,1.226,-1.865,2,1
20,0,24,6,N,nb4,1165,0.986,-1.831,1,1
20,0,24,6,N,nb5,1165,-0.755,1.43,1,1
20,0,24,6,N,nb6,1165,1.865,-0.873,2,0
20,0,24,6,N,nb7,1165,1.43,1.289,1,1
20,0,24,6,N,nb8,1165,0.03,-0.477,0,0
20,0,24,6,N,nb9,1165,-1.865,1.646,2,1
20,0,24,6,N,nb10,1165,-1.867,1.41,1,1
20,0,24,6,N,nb11,1165,1.865,-0.704,2,1
20,0,24,6,N,nb12,1165,1.207,0.127,1,1
20,0,24,6,N,nb13,1165,-1.865,-0.574,1,1
20,0,24,6,N,nb14,1165,-1.647,1.728,1,1
20,0,24,6,N,nb15,1165,-0.607,1.347,1,1
20,0,24,6,N,nb16,1165,1.393,-1.832,1,1
20,0,24,6,N,nb17,1165,1.703,-0.921,2,0
20,0,24,6,N,nb18,1165,1.662,1.245,3,1
20,0,24,6,N,nb19,1165,1.836,1.172,2,1
20,0,24,6,N,nb20,1165,1.249,-0.336,0,0
20,0,24,6,N,nb21,1165,-1.799,-0.418,1,1
20,0,24,6,N,nb22,1165,0.898,1.861,0,0
20,0,24,6,N,nb23,1165,1.577,-0.655,2,1
20,0,24,6,N,nb24,1165,1.737,-0.593,3,1
20,0,24,6,N,nb25,1165,1.603,-0.489,2,1
20,0,24,6,N,nb26,1165,1.866,1.338,2,1
20,0,24,6,N,nb27,1165,1.243,-1.231,0,0
20,0,24,6,N,nb28,1165,0.714,-0.07,0,0
20,0,24,6,N,nb29,1165,1.532,-0.975,1,0
20,0,24,6,A,aa0,1165,-0.067,-0.613,0,0
20,0,24,6,A,aa1,1165,1.865,1.795,2,0
20,0,24,6,A,aa2,1165,1.865,-1.128,0,0
20,0,24,6,A,aa3,1165,-1.06,0.087,0,0
20,0,24,6,A,aa4,1165,1.052,1.317,1,0
20,0,24,6,A,aa5,1165,1.381,-0.229,1,0
20,0,24,6,N,nb0,1170,-1.611,-1.667,0,0
20,0,24,6,N,nb1,1170,1.442,0.078,1,0
20,0,24,6,N,nb2,1170,1.866,-1.59,0,0
20,0,24,6,N,nb3,1170,1.226,-1.865,2,1
20,0,24,6,N,nb4,1170,0.986,-1.831,1,1
20,0,24,6,N,nb5,1170,-0.755,1.43,1,1
20,0,24,6,N,nb6,1170,1.865,-0.873,2,0
20,0,24,6,N,nb7,1170,1.43,1.289,1,1
20,0,24,6,N,nb8,1170,-0.04,-0.42,0,0
20,0,24,6,N,nb9,1170,-1.865,1.646,2,1
20,0,24,6,N,nb10,1170,-1.867,1.41,1,1
20,0,24,6,N,nb11,1170,1.865,-0.704,2,1
20,0,24,6,N,nb12,1170,1.235,0.144,1,0
20,0,24,6,N,nb13,1170,-1.865,-0.574,1,1
20,0,24,6,N,nb14,1170,-1.647,1.728,1,1
20,0,24,6,N,nb15,1170,-0.607,1.347,1,1
20,0,24,6,N,nb16,1170,1.393,-1.832,1,1
20,0,24,6,N,nb17,1170,1.708,-0.935,2,0
20,0,24,6,N,nb18,1170,1.662,1.245,3,1
20,0,24,6,N,nb19,1170,1.836,1.172,2,1
20,0,24,6,N,nb20,1170,1.279,-0.254,0,0
20,0,24,6,N,nb21,1170,-1.799,-0.418,1,1
20,0,24,6,N,nb22,1170,0.806,1.848,0,0
20,0,24,6,N,nb23,1170,1.577,-0.655,2,1
20,0,24,6,N,nb24,1170,1.737,-0.593,3,1
20,0,24,6,N,nb25,1170,1.603,-0.489,2,0
20,0,24,6,N,nb26,1170,1.866,1.338,2,1
20,0,24,6,N,nb27,1170,1.197,-1.143,0,0
20,0,24,6,N,nb28,1170,0.66,0.014,0,0
20,0,24,6,N,nb29,1170,1.541,-0.962,1,0
20,0,24,6,A,aa0,1170,-0.137,-0.556,0,0
20,0,24,6,A,aa1,1170,1.865,1.744,2,0
20,0,24,6,A,aa2,1170,1.865,-1.047,0,0
20,0,24,6,A,aa3,1170,-1.106,0.175,0,0
20,0,24,6,A,aa4,1170,1.012,1.409,1,0
20,0,24,6,A,aa5,1170,1.477,-0.207,0,0
20,0,24,6,N,nb0,1175,-1.656,-1.756,0,0
20,0,24,6,N,nb1,1175,1.527,0.123,1,0
20,0,24,6,N,nb2,1175,1.866,-1.663,0,0
20,0,24,6,N,nb3,1175,1.226,-1.865,2,1
20,0,24,6,N,nb4,1175,0.986,-1.831,1,1
20,0,24,6,N,nb5,1175,-0.755,1.43,1,1
20,0,24,6,N,nb6,1175,1.865,-0.872,2,1
20,0,24,6,N,nb7,1175,1.43,1.289,1,0
20,0,24,6,N,nb8,1175,-0.114,-0.363,0,0
20,0,24,6,N,nb9,1175,-1.865,1.646,2,1
20,0,24,6,N,nb10,1175,-1.867,1.41,1,1
20,0,24,6,N,nb11,1175,1.865,-0.704,2,1
20,0,24,6,N,nb12,1175,1.307,0.196,1,0
20,0,24,6,N,nb13,1175,-1.865,-0.574,1,1
20,0,24,6,N,nb14,1175,-1.647,1.728,1,1
20,0,24,6,N,nb15,1175,-0.607,1.347,1,1
20,0,24,6,N,nb16,1175,1.393,-1.832,1,1
20,0,24,6,N,nb17,1175,1.709,-0.936,2,1
20,0,24,6,N,nb18,1175,1.662,1.245,3,0
20,0,24,6,N,nb19,1175,1.836,1.172,2,1
20,0,24,6,N,nb20,1175,1.297,-0.165,0,0
20,0,24,6,N,nb21,1175,-1.799,-0.418,1,1
20,0,24,6,N,nb22,1175,0.715,1.825,0,0
20,0,24,6,N,nb23,1175,1.577,-0.655,2,1
20,0,24,6,N,nb24,1175,1.737,-0.593,3,1
20,0,24,6,N,nb25,1175,1.603,-0.489,2,0
20,0,24,6,N,nb26,1175,1.866,1.338,2,0
20,0,24,6,N,nb27,1175,1.15,-1.055,0,0
20,0,24,6,N,nb28,1175,0.606,0.098,0,0
20,0,24,6,N,nb29,1175,1.54,-0.957,1,1
20,0,24,6,A,aa0,1175,-0.139,-0.555,0,0
20,0,24,6,A,aa1,1175,1.865,1.682,3,1
20,0,24,6,A,aa2,1175,1.865,-1.042,2,0
20,0,24,6,A,aa3,1175,-1.153,0.264,0,0
20,0,24,6,A,aa4,1175,0.971,1.5,1,0
20,0,24,6,A,aa5,1175,1.481,-0.207,0,0
20,0,24,6,N,nb0,1180,-1.699,-1.834,0,0
20,0,24,6,N,nb1,1180,1.582,0.148,1,1
20,0,24,6,N,nb2,1180,1.866,-1.744,0,0
20,0,24,6,N,nb3,1180,1.226,-1.865,2,1
20,0,24,6,N,nb4,1180,0.986,-1.831,1,1
20,0,24,6,N,nb5,1180,-0.755,1.43,1,1
20,0,24,6,N,nb6,1180,1.865,-0.872,2,1
20,0,24,6,N,nb7,1180,1.472,1.237,1,0
20,0,24,6,N,nb8,1180,-0.185,-0.299,0,0
20,0,24,6,N,nb9,1180,-1.865,1.646,2,1
20,0,24,6,N,nb10,1180,-1.867,1.41,1,1
20,0,24,6,N,nb11,1180,1.865,-0.704,2,1
20,0,24,6,N,nb12,1180,1.348,0.235,1,1
20,0,24,6,N,nb13,1180,-1.865,-0.574,1,1
20,0,24,6,N,nb14,1180,-1.647,1.728,1,1
20,0,24,6,N,nb15,1180,-0.607,1.347,1,1
20,0,24,6,N,nb16,1180,1.393,-1.832,1,1
20,0,24,6,N,nb17,1180,1.709,-0.936,2,1
20,0,24,6,N,nb18,1180,1.696,1.19,3,0
20,0,24,6,N,nb19,1180,1.851,1.123,2,1
20,0,24,6,N,nb20,1180,1.304,-0.072,0,0
20,0,24,6,N,nb21,1180,-1.799,-0.418,1,0
20,0,24,6,N,nb22,1180,0.627,1.794,0,0
20,0,24,6,N,nb23,1180,1.577,-0.655,2,1
20,0,24,6,N,nb24,1180,1.737,-0.593,3,1
20,0,24,6,N,nb25,1180,1.603,-0.489,2,1
20,0,24,6,N,nb26,1180,1.862,1.292,2,0
20,0,24,6,N,nb27,1180,1.103,-0.966,0,0
20,0,24,6,N,nb28,1180,0.552,0.183,0,0
20,0,24,6,N,nb29,1180,1.54,-0.957,1,1
20,0,24,6,A,aa0,1180,-0.21,-0.566,0,0
20,0,24,6,A,aa1,1180,1.865,1.609,0,0
20,0,24,6,A,aa2,1180,1.865,-1.042,2,0
20,0,24,6,A,aa3,1180,-1.199,0.352,0,0
20,0,24,6,A,aa4,1180,0.931,1.592,0,0
20,0,24,6,A,aa5,1180,1.516,-0.144,3,1
20,0,24,6,N,nb0,1185,-1.752,-1.865,0,0
20,0,24,6,N,nb1,1185,1.633,0.171,0,0
20,0,24,6,N,nb2,1185,1.866,-1.83,0,0
20,0,24,6,N,nb3,1185,1.226,-1.865,2,1
20,0,24,6,N,nb4,1185,0.986,-1.831,1,1
20,0,24,6,N,nb5,1185,-0.755,1.43,1,1
20,0,24,6,N,nb6,1185,1.865,-0.872,2,1
20,0,24,6,N,nb7,1185,1.517,1.161,1,0
20,0,24,6,N,nb8,1185,-0.255,-0.229,0,0
20,0,24,6,N,nb9,1185,-1.865,1.646,2,1
20,0,24,6,N,nb10,1185,-1.867,1.41,1,1
20,0,24,6,N,nb11,1185,1.865,-0.704,2,1
20,0,24,6,N,nb12,1185,1.383,0.274,0,0
20,0,24,6,N,nb13,1185,-1.865,-0.574,1,1
20,0,24,6,N,nb14,1185,-1.647,1.728,1,1
20,0,24,6,N,nb15,1185,-0.607,1.347,1,1
20,0,24,6,N,nb16,1185,1.393,-1.832,1,1
20,0,24,6,N,nb17,1185,1.709,-0.936,2,1
20,0,24,6,N,nb18,1185,1.711,1.117,3,0
20,0,24,6,N,nb19,1185,1.865,1.047,2,1
20,0,24,6,N,nb20,1185,1.303,0.021,0,0
20,0,24,6,N,nb21,1185,-1.799,-0.418,1,1
20,0,24,6,N,nb22,1185,0.54,1.755,0,0
20,0,24,6,N,nb23,1185,1.577,-0.655,2,1
20,0,24,6,N,nb24,1185,1.746,-0.583,3,0
20,0,24,6,N,nb25,1185,1.604,-0.49,2,0
20,0,24,6,N,nb26,1185,1.849,1.216,2,0
20,0,24,6,N,nb27,1185,1.056,-0.878,0,0
20,0,24,6,N,nb28,1185,0.498,0.267,0,0
20,0,24,6,N,nb29,1185,1.54,-0.957,1,1
20,0,24,6,A,aa0,1185,-0.307,-0.588,0,0
20,0,24,6,A,aa1,1185,1.865,1.529,0,0
20,0,24,6,A,aa2,1185,1.865,-1.042,2,0
20,0,24,6,A,aa3,1185,-1.246,0.441,0,0
20,0,24,6,A,aa4,1185,0.891,1.683,0,0
20,0,24,6,A,aa5,1185,1.567,-0.069,0,0
20,0,24,6,N,nb0,1190,-1.814,-1.865,0,0
20,0,24,6,N,nb1,1190,1.721,0.211,0,0
20,0,24,6,N,nb2,1190,1.866,-1.867,0,0
20,0,24,6,N,nb3,1190,1.226,-1.865,2,1
20,0,24,6,N,nb4,1190,0.986,-1.831,1,1
20,0,24,6,N,nb5,1190,-0.755,1.43,1,1
20,0,24,6,N,nb6,1190,1.865,-0.872,2,1
20,0,24,6,N,nb7,1190,1.526,1.142,1,0
20,0,24,6,N,nb8,1190,-0.326,-0.158,0,0
20,0,24,6,N,nb9,1190,-1.865,1.646,2,1
20,0,24,6,N,nb10,1190,-1.867,1.41,1,1
20,0,24,6,N,nb11,1190,1.865,-0.704,2,1
20,0,24,6,N,nb12,1190,1.445,0.351,0,0
20,0,24,6,N,nb13,1190,-1.865,-0.574,1,0
20,0,24,6,N,nb14,1190,-1.647,1.728,1,1
20,0,24,6,N,nb15,1190,-0.607,1.347,1,1
20,0,24,6,N,nb16,1190,1.393,-1.832,1,1
20,0,24,6,N,nb17,1190,1.709,-0.937,2,1
20,0,24,6,N,nb18,1190,1.71,1.102,3,0
20,0,24,6,N,nb19,1190,1.865,1.033,2,1
20,0,24,6,N,nb20,1190,1.291,0.117,0,0
20,0,24,6,N,nb21,1190,-1.799,-0.418,1,1
20,0,24,6,N,nb22,1190,0.45,1.711,0,0
20,0,24,6,N,nb23,1190,1.576,-0.656,1,1
20,0,24,6,N,nb24,1190,1.821,-0.524,2,0
20,0,24,6,N,nb25,1190,1.615,-0.493,2,0
20,0,24,6,N,nb26,1190,1.847,1.201,2,0
20,0,24,6,N,nb27,1190,1.009,-0.79,0,0
20,0,24,6,N,nb28,1190,0.445,0.351,0,0
20,0,24,6,N,nb29,1190,1.54,-0.957,1,1
20,0,24,6,A,aa0,1190,-0.405,-0.609,0,0
20,0,24,6,A,aa1,1190,1.865,1.501,3,1
20,0,24,6,A,aa2,1190,1.842,-1.041,2,0
20,0,24,6,A,aa3,1190,-1.292,0.529,0,0
20,0,24,6,A,aa4,1190,0.851,1.775,0,0
20,0,24,6,A,aa5,1190,1.626,-0.005,0,0
20,0,24,6,N,nb0,1195,-1.866,-1.865,0,0
20,0,24,6,N,nb1,1195,1.805,0.255,0,0
20,0,24,6,N,nb2,1195,1.865,-1.867,0,0
20,0,24,6,N,nb3,1195,1.226,-1.865,2,1
20,0,24,6,N,nb4,1195,0.986,-1.831,1,1
20,0,24,6,N,nb5,1195,-0.755,1.43,1,1
20,0,24,6,N,nb6,1195,1.865,-0.872,2,1
20,0,24,6,N,nb7,1195,1.539,1.07,1,0
20,0,24,6,N,nb8,1195,-0.396,-0.087,0,0
20,0,24,6,N,nb9,1195,-1.865,1.646,2,1
20,0,24,6,N,nb10,1195,-1.867,1.41,1,1
20,0,24,6,N,nb11,1195,1.865,-0.704,2,1
20,0,24,6,N,nb12,1195,1.508,0.429,0,0
20,0,24,6,N,nb13,1195,-1.865,-0.574,1,1
20,0,24,6,N,nb14,1195,-1.647,1.728,1,1
20,0,24,6,N,nb15,1195,-0.607,1.347,1,1
20,0,24,6,N,nb16,1195,1.393,-1.832,1,1
20,0,24,6,N,nb17,1195,1.709,-0.937,2,1
20,0,24,6,N,nb18,1195,1.703,1.028,3,0
20,0,24,6,N,nb19,1195,1.865,0.976,2,0
20,0,24,6,N,nb20,1195,1.278,0.216,0,0
20,0,24,6,N,nb21,1195,-1.799,-0.418,1,1
20,0,24,6,N,nb22,1195,0.361,1.667,0,0
20,0,24,6,N,nb23,1195,1.576,-0.656,1,1
20,0,24,6,N,nb24,1195,1.865,-0.476,2,1
20,0,24,6,N,nb25,1195,1.618,-0.494,2,1
20,0,24,6,N,nb26,1195,1.829,1.142,2,0
20,0,24,6,N,nb27,1195,0.962,-0.701,0,0
20,0,24,6,N,nb28,1195,0.391,0.436,0,0
20,0,24,6,N,nb29,1195,1.54,-0.957,1,1
20,0,24,6,A,aa0,1195,-0.503,-0.631,0,0
20,0,24,6,A,aa1,1195,1.865,1.473,0,0
20,0,24,6,A,aa2,1195,1.842,-1.041,2,0
20,0,24,6,A,aa3,1195,-1.338,0.618,0,0
20,0,24,6,A,aa4,1195,0.849,1.778,0,0
20,0,24,6,A,aa5,1195,1.696,0.046,1,0
20,0,24,6,N,nb0,1200,-1.866,-1.865,0,0
20,0,24,6,N,nb1,1200,1.865,0.304,0,0
20,0,24,6,N,nb2,1200,1.853,-1.867,0,0
20,0,24,6,N,nb3,1200,1.226,-1.865,2,1
20,0,24,6,N,nb4,1200,0.986,-1.831,1,1
20,0,24,6,N,nb5,1200,-0.755,1.43,1,1
20,0,24,6,N,nb6,1200,1.865,-0.872,2,1
20,0,24,6,N,nb7,1200,1.536,0.994,1,1
20,0,24,6,N,nb8,1200,-0.467,-0.017,0,0
20,0,24,6,N,nb9,1200,-1.865,1.646,2,1
20,0,24,6,N,nb10,1200,-1.867,1.41,1,1
20,0,24,6,N,nb11,1200,1.865,-0.704,2,1
20,0,24,6,N,nb12,1200,1.57,0.507,0,0
20,0,24,6,N,nb13,1200,-1.865,-0.574,1,1
20,0,24,6,N,nb14,1200,-1.647,1.728,1,1
20,0,24,6,N,nb15,1200,-0.607,1.347,1,1
20,0,24,6,N,nb16,1200,1.393,-1.832,1,1
20,0,24,6,N,nb17,1200,1.709,-0.937,2,1
20,0,24,6,N,nb18,1200,1.695,0.935,3,1
20,0,24,6,N,nb19,1200,1.865,0.93,2,1
20,0,24,6,N,nb20,1200,1.265,0.315,0,0
20,0,24,6,N,nb21,1200,-1.799,-0.418,1,1
20,0,24,6,N,nb22,1200,0.271,1.622,0,0
20,0,24,6,N,nb23,1200,1.576,-0.656,1,1
20,0,24,6,N,nb24,1200,1.865,-0.476,2,1
20,0,24,6,N,nb25,1200,1.618,-0.494,2,1
20,0,24,6,N,nb26,1200,1.784,1.079,2,1
20,0,24,6,N,nb27,1200,0.915,-0.613,0,0
20,0,24,6,N,nb28,1200,0.337,0.52,0,0
20,0,24,6,N,nb29,1200,1.54,-0.957,1,1
20,0,24,6,A,aa0,1200,-0.6,-0.652,0,0
20,0,24,6,A,aa1,1200,1.865,1.464,0,0
20,0,24,6,A,aa2,1200,1.842,-1.041,2,0
20,0,24,6,A,aa3,1200,-1.385,0.707,0,0
20,0,24,6,A,aa4,1200,0.782,1.796,0,0
20,0,24,6,A,aa5,1200,1.775,0.083,2,0
20,0,24,6,N,nb0,1205,-1.866,-1.865,0,0
20,0,24,6,N,nb1,1205,1.865,0.361,0,0
20,0,24,6,N,nb2,1205,1.828,-1.867,0,0
20,0,24,6,N,nb3,1205,1.226,-1.865,2,1
20,0,24,6,N,nb4,1205,0.986,-1.831,1,1
20,0,24,6,N,nb5,1205,-0.755,1.43,1,0
20,0,24,6,N,nb6,1205,1.865,-0.872,2,1
20,0,24,6,N,nb7,1205,1.536,0.991,1,1
20,0,24,6,N,nb8,1205,-0.538,0.054,0,0
20,0,24,6,N,nb9,1205,-1.865,1.646,2,1
20,0,24,6,N,nb10,1205,-1.867,1.41,1,1
20,0,24,6,N,nb11,1205,1.865,-0.704,2,1
20,0,24,6,N,nb12,1205,1.633,0.586,0,0
20,0,24,6,N,nb13,1205,-1.865,-0.574,1,1
20,0,24,6,N,nb14,1205,-1.647,1.728,1,1
20,0,24,6,N,nb15,1205,-0.607,1.347,1,1
20,0,24,6,N,nb16,1205,1.393,-1.832,1,1
20,0,24,6,N,nb17,1205,1.709,-0.937,2,1
20,0,24,6,N,nb18,1205,1.695,0.932,3,1
20,0,24,6,N,nb19,1205,1.865,0.929,2,1
20,0,24,6,N,nb20,1205,1.252,0.415,0,0
20,0,24,6,N,nb21,1205,-1.799,-0.418,1,1
20,0,24,6,N,nb22,1205,0.181,1.578,0,0
20,0,24,6,N,nb23,1205,1.576,-0.656,1,1
20,0,24,6,N,nb24,1205,1.865,-0.476,2,1
20,0,24,6,N,nb25,1205,1.618,-0.494,2,1
20,0,24,6,N,nb26,1205,1.783,1.078,2,1
20,0,24,6,N,nb27,1205,0.868,-0.525,0,0
20,0,24,6,N,nb28,1205,0.283,0.604,0,0
20,0,24,6,N,nb29,1205,1.54,-0.957,1,1
20,0,24,6,A,aa0,1205,-0.698,-0.674,0,0
20,0,24,6,A,aa1,1205,1.865,1.434,2,0
20,0,24,6,A,aa2,1205,1.842,-1.041,2,0
20,0,24,6,A,aa3,1205,-1.431,0.795,0,0
20,0,24,6,A,aa4,1205,0.692,1.809,0,0
20,0,24,6,A,aa5,1205,1.857,0.105,1,0
20,0,24,6,N,nb0,1210,-1.866,-1.865,0,0
20,0,24,6,N,nb1,1210,1.865,0.428,0,0
20,0,24,6,N,nb2,1210,1.789,-1.867,0,0
20,0,24,6,N,nb3,1210,1.226,-1.865,2,0
20,0,24,6,N,nb4,1210,0.986,-1.831,1,1
20,0,24,6,N,nb5,1210,-0.755,1.43,1,1
20,0,24,6,N,nb6,1210,1.865,-0.872,2,1
20,0,24,6,N,nb7,1210,1.536,0.991,1,1
20,0,24,6,N,nb8,1210,-0.608,0.125,0,0
20,0,24,6,N,nb9,1210,-1.865,1.646,2,1
20,0,24,6,N,nb10,1210,-1.867,1.41,1,1
20,0,24,6,N,nb11,1210,1.865,-0.704,2,1
20,0,24,6,N,nb12,1210,1.695,0.664,0,0
20,0,24,6,N,nb13,1210,-1.865,-0.574,1,1
20,0,24,6,N,nb14,1210,-1.647,1.728,1,1
20,0,24,6,N,nb15,1210,-0.607,1.347,1,1
20,0,24,6,N,nb16,1210,1.393,-1.832,1,1
20,0,24,6,N,nb17,1210,1.709,-0.937,2,1
20,0,24,6,N,nb18,1210,1.695,0.932,3,1
20,0,24,6,N,nb19,1210,1.865,0.929,2,1
20,0,24,6,N,nb20,1210,1.239,0.514,0,0
20,0,24,6,N,nb21,1210,-1.799,-0.418,1,1
20,0,24,6,N,nb22,1210,0.092,1.534,0,0
20,0,24,6,N,nb23,1210,1.576,-0.656,1,1
20,0,24,6,N,nb24,1210,1.865,-0.476,2,1
20,0,24,6,N,nb25,1210,1.618,-0.494,2,1
20,0,24,6,N,nb26,1210,1.783,1.078,2,1
20,0,24,6,N,nb27,1210,0.821,-0.436,0,0
20,0,24,6,N,nb28,1210,0.23,0.688,0,0
20,0,24,6,N,nb29,1210,1.54,-0.957,1,1
20,0,24,6,A,aa0,1210,-0.796,-0.695,0,0
20,0,24,6,A,aa1,1210,1.865,1.389,2,0
20,0,24,6,A,aa2,1210,1.84,-1.044,2,0
20,0,24,6,A,aa3,1210,-1.478,0.884,0,0
20,0,24,6,A,aa4,1210,0.6,1.812,0,0
20,0,24,6,A,aa5,1210,1.866,0.123,1,0
20,0,24,6,N,nb0,1215,-1.866,-1.858,0,0
20,0,24,6,N,nb1,1215,1.865,0.504,1,1
20,0,24,6,N,nb2,1215,1.738,-1.867,0,0
20,0,24,6,N,nb3,1215,1.226,-1.865,2,1
20,0,24,6,N,nb4,1215,0.986,-1.831,1,1
20,0,24,6,N,nb5,1215,-0.755,1.43,1,1
20,0,24,6,N,nb6,1215,1.865,-0.872,2,1
20,0,24,6,N,nb7,1215,1.536,0.991,1,1
20,0,24,6,N,nb8,1215,-0.679,0.196,0,0
20,0,24,6,N,nb9,1215,-1.865,1.646,2,1
20,0,24,6,N,nb10,1215,-1.867,1.41,1,1
20,0,24,6,N,nb11,1215,1.865,-0.704,2,1
20,0,24,6,N,nb12,1215,1.719,0.693,2,1
20,0,24,6,N,nb13,1215,-1.865,-0.574,1,1
20,0,24,6,N,nb14,1215,-1.647,1.728,1,1
20,0,24,6,N,nb15,1215,-0.607,1.347,1,1
20,0,24,6,N,nb16,1215,1.393,-1.832,1,1
20,0,24,6,N,nb17,1215,1.709,-0.937,2,1
20,0,24,6,N,nb18,1215,1.695,0.932,4,1
20,0,24,6,N,nb19,1215,1.865,0.929,2,1
20,0,24,6,N,nb20,1215,1.227,0.613,0,0
20,0,24,6,N,nb21,1215,-1.799,-0.418,1,1
20,0,24,6,N,nb22,1215,0.002,1.49,0,0
20,0,24,6,N,nb23,1215,1.576,-0.656,1,1
20,0,24,6,N,nb24,1215,1.865,-0.476,2,1
20,0,24,6,N,nb25,1215,1.618,-0.494,2,1
20,0,24,6,N,nb26,1215,1.783,1.078,2,1
20,0,24,6,N,nb27,1215,0.774,-0.348,0,0
20,0,24,6,N,nb28,1215,0.176,0.773,0,0
20,0,24,6,N,nb29,1215,1.54,-0.957,1,1
20,0,24,6,A,aa0,1215,-0.893,-0.716,0,0
20,0,24,6,A,aa1,1215,1.865,1.331,2,0
20,0,24,6,A,aa2,1215,1.84,-1.044,2,0
20,0,24,6,A,aa3,1215,-1.524,0.972,1,0
20,0,24,6,A,aa4,1215,0.507,1.804,0,0
20,0,24,6,A,aa5,1215,1.866,0.157,1,0
20,0,24,6,N,nb0,1220,-1.866,-1.837,0,0
20,0,24,6,N,nb1,1220,1.865,0.506,1,1
20,0,24,6,N,nb2,1220,1.675,-1.867,0,0
20,0,24,6,N,nb3,1220,1.226,-1.865,2,1
20,0,24,6,N,nb4,1220,0.986,-1.831,1,1
20,0,24,6,N,nb5,1220,-0.755,1.43,1,1
20,0,24,6,N,nb6,1220,1.865,-0.872,2,0
20,0,24,6,N,nb7,1220,1.536,0.991,1,1
20,0,24,6,N,nb8,1220,-0.749,0.267,0,0
20,0,24,6,N,nb9,1220,-1.865,1.646,2,1
20,0,24,6,N,nb10,1220,-1.867,1.41,1,1
20,0,24,6,N,nb11,1220,1.865,-0.704,2,1
20,0,24,6,N,nb12,1220,1.719,0.693,2,1
20,0,24,6,N,nb13,1220,-1.865,-0.574,1,1
20,0,24,6,N,nb14,1220,-1.647,1.728,1,1
20,0,24,6,N,nb15,1220,-0.607,1.347,1,1
20,0,24,6,N,nb16,1220,1.393,-1.832,1,1
20,0,24,6,N,nb17,1220,1.709,-0.937,2,0
20,0,24,6,N,nb18,1220,1.695,0.932,4,1
20,0,24,6,N,nb19,1220,1.865,0.929,2,1
20,0,24,6,N,nb20,1220,1.214,0.712,0,0
20,0,24,6,N,nb21,1220,-1.799,-0.418,1,1
20,0,24,6,N,nb22,1220,-0.088,1.445,0,0
20,0,24,6,N,nb23,1220,1.576,-0.656,1,1
20,0,24,6,N,nb24,1220,1.865,-0.476,2,1
20,0,24,6,N,nb25,1220,1.618,-0.494,2,1
20,0,24,6,N,nb26,1220,1.783,1.078,2,1
20,0,24,6,N,nb27,1220,0.728,-0.26,0,0
20,0,24,6,N,nb28,1220,0.122,0.857,0,0
20,0,24,6,N,nb29,1220,1.54,-0.957,1,0
20,0,24,6,A,aa0,1220,-0.991,-0.738,0,0
20,0,24,6,A,aa1,1220,1.865,1.262,2,0
20,0,24,6,A,aa2,1220,1.774,-1.101,3,1
20,0,24,6,A,aa3,1220,-1.571,1.061,1,0
20,0,24,6,A,aa4,1220,0.416,1.787,0,0
20,0,24,6,A,aa5,1220,1.866,0.206,2,0
20,0,24,6,N,nb0,1225,-1.866,-1.802,0,0
20,0,24,6,N,nb1,1225,1.865,0.506,1,1
20,0,24,6,N,nb2,1225,1.63,-1.867,1,1
20,0,24,6,N,nb3,1225,1.226,-1.865,2,1
20,0,24,6,N,nb4,1225,0.986,-1.831,1,1
20,0,24,6,N,nb5,1225,-0.755,1.43,1,1
20,0,24,6,N,nb6,1225,1.865,-0.867,2,0
20,0,24,6,N,nb7,1225,1.536,0.991,1,1
20,0,24,6,N,nb8,1225,-0.82,0.338,0,0
20,0,24,6,N,nb9,1225,-1.865,1.646,2,0
20,0,24,6,N,nb10,1225,-1.867,1.41,1,0
20,0,24,6,N,nb11,1225,1.863,-0.699,2,1
20,0,24,6,N,nb12,1225,1.719,0.693,2,1
20,0,24,6,N,nb13,1225,-1.865,-0.574,1,1
20,0,24,6,N,nb14,1225,-1.647,1.728,1,0
20,0,24,6,N,nb15,1225,-0.607,1.347,1,1
20,0,24,6,N,nb16,1225,1.393,-1.832,2,1
20,0,24,6,N,nb17,1225,1.714,-0.942,2,0
20,0,24,6,N,nb18,1225,1.695,0.932,4,1
20,0,24,6,N,nb19,1225,1.865,0.929,2,1
20,0,24,6,N,nb20,1225,1.201,0.811,0,0
20,0,24,6,N,nb21,1225,-1.799,-0.418,1,1
20,0,24,6,N,nb22,1225,-0.177,1.401,0,0
20,0,24,6,N,nb23,1225,1.576,-0.656,1,0
20,0,24,6,N,nb24,1225,1.865,-0.476,2,1
20,0,24,6,N,nb25,1225,1.618,-0.494,2,1
20,0,24,6,N,nb26,1225,1.783,1.078,2,1
20,0,24,6,N,nb27,1225,0.681,-0.171,0,0
20,0,24,6,N,nb28,1225,0.068,0.941,0,0
20,0,24,6,N,nb29,1225,1.547,-0.907,1,0
20,0,24,6,A,aa0,1225,-1.089,-0.759,0,0
20,0,24,6,A,aa1,1225,1.865,1.226,1,0
20,0,24,6,A,aa2,1225,1.703,-1.164,0,0
20,0,24,6,A,aa3,1225,-1.617,1.149,3,1
20,0,24,6,A,aa4,1225,0.326,1.761,0,0
20,0,24,6,A,aa5,1225,1.866,0.267,1,0
20,0,24,6,N,nb0,1230,-1.866,-1.754,0,0
20,0,24,6,N,nb1,1230,1.865,0.507,1,1
20,0,24,6,N,nb2,1230,1.63,-1.867,1,1
20,0,24,6,N,nb3,1230,1.226,-1.865,2,1
20,0,24,6,N,nb4,1230,0.986,-1.831,1,1
20,0,24,6,N,nb5,1230,-0.755,1.43,1,1
20,0,24,6,N,nb6,1230,1.865,-0.867,2,1
20,0,24,6,N,nb7,1230,1.536,0.991,1,0
20,0,24,6,N,nb8,1230,-0.89,0.408,0,0
20,0,24,6,N,nb9,1230,-1.865,1.59,2,0
20,0,24,6,N,nb10,1230,-1.867,1.377,1,0
20,0,24,6,N,nb11,1230,1.863,-0.699,2,1
20,0,24,6,N,nb12,1230,1.719,0.693,2,1
20,0,24,6,N,nb13,1230,-1.865,-0.574,1,1
20,0,24,6,N,nb14,1230,-1.703,1.693,1,0
20,0,24,6,N,nb15,1230,-0.607,1.347,1,1
20,0,24,6,N,nb16,1230,1.393,-1.832,2,1
20,0,24,6,N,nb17,1230,1.716,-0.947,2,1
20,0,24,6,N,nb18,1230,1.695,0.932,4,0
20,0,24,6,N,nb19,1230,1.865,0.929,2,1
20,0,24,6,N,nb20,1230,1.188,0.91,0,0
20,0,24,6,N,nb21,1230,-1.799,-0.418,1,1
20,0,24,6,N,nb22,1230,-0.267,1.357,0,0
20,0,24,6,N,nb23,1230,1.576,-0.656,2,1
20,0,24,6,N,nb24,1230,1.865,-0.476,2,1
20,0,24,6,N,nb25,1230,1.618,-0.494,2,1
20,0,24,6,N,nb26,1230,1.783,1.078,2,0
20,0,24,6,N,nb27,1230,0.634,-0.083,0,0
20,0,24,6,N,nb28,1230,0.014,1.026,0,0
20,0,24,6,N,nb29,1230,1.578,-0.828,2,1
20,0,24,6,A,aa0,1230,-1.186,-0.781,0,0
20,0,24,6,A,aa1,1230,1.865,1.226,1,0
20,0,24,6,A,aa2,1230,1.635,-1.233,0,0
20,0,24,6,A,aa3,1230,-1.663,1.236,0,0
20,0,24,6,A,aa4,1230,0.232,1.727,0,0
20,0,24,6,A,aa5,1230,1.866,0.337,1,0
20,0,24,6,N,nb0,1235,-1.866,-1.694,0,0
20,0,24,6,N,nb1,1235,1.864,0.51,1,1
20,0,24,6,N,nb2,1235,1.63,-1.867,1,0
20,0,24,6,N,nb3,1235,1.226,-1.865,2,1
20,0,24,6,N,nb4,1235,0.986,-1.831,1,1
20,0,24,6,N,nb5,1235,-0.755,1.43,1,1
20,0,24,6,N,nb6,1235,1.865,-0.867,2,1
20,0,24,6,N,nb7,1235,1.536,0.991,1,1
20,0,24,6,N,nb8,1235,-0.961,0.479,0,0
20,0,24,6,N,nb9,1235,-1.865,1.505,2,0
20,0,24,6,N,nb10,1235,-1.867,1.321,1,0
20,0,24,6,N,nb11,1235,1.863,-0.699,2,1
20,0,24,6,N,nb12,1235,1.719,0.693,2,1
20,0,24,6,N,nb13,1235,-1.865,-0.574,1,1
20,0,24,6,N,nb14,1235,-1.759,1.638,1,0
20,0,24,6,N,nb15,1235,-0.607,1.347,1,1
20,0,24,6,N,nb16,1235,1.393,-1.832,2,0
20,0,24,6,N,nb17,1235,1.716,-0.947,2,0
20,0,24,6,N,nb18,1235,1.695,0.932,4,1
20,0,24,6,N,nb19,1235,1.865,0.929,2,1
20,0,24,6,N,nb20,1235,1.175,1.01,0,0
20,0,24,6,N,nb21,1235,-1.799,-0.418,1,1
20,0,24,6,N,nb22,1235,-0.357,1.313,0,0
20,0,24,6,N,nb23,1235,1.576,-0.656,2,1
20,0,24,6,N,nb24,1235,1.865,-0.476,2,1
20,0,24,6,N,nb25,1235,1.618,-0.494,2,1
20,0,24,6,N,nb26,1235,1.783,1.078,2,1
20,0,24,6,N,nb27,1235,0.587,0.005,0,0
20,0,24,6,N,nb28,1235,-0.039,1.11,0,0
20,0,24,6,N,nb29,1235,1.579,-0.826,2,0
20,0,24,6,A,aa0,1235,-1.284,-0.802,0,0
20,0,24,6,A,aa1,1235,1.865,1.226,1,0
20,0,24,6,A,aa2,1235,1.566,-1.306,3,1
20,0,24,6,A,aa3,1235,-1.695,1.317,0,0
20,0,24,6,A,aa4,1235,0.138,1.694,0,0
20,0,24,6,A,aa5,1235,1.866,0.34,1,0
20,0,24,6,N,nb0,1240,-1.866,-1.624,0,0
20,0,24,6,N,nb1,1240,1.857,0.523,1,1
20,0,24,6,N,nb2,1240,1.589,-1.867,1,0
20,0,24,6,N,nb3,1240,1.226,-1.865,2,1
20,0,24,6,N,nb4,1240,0.986,-1.831,1,1
20,0,24,6,N,nb5,1240,-0.755,1.43,1,1
20,0,24,6,N,nb6,1240,1.865,-0.867,2,1
20,0,24,6,N,nb7,1240,1.536,0.991,1,1
20,0,24,6,N,nb8,1240,-1.032,0.55,0,0
20,0,24,6,N,nb9,1240,-1.865,1.482,2,0
20,0,24,6,N,nb10,1240,-1.867,1.311,1,0
20,0,24,6,N,nb11,1240,1.863,-0.699,2,1
20,0,24,6,N,nb12,1240,1.719,0.693,2,1
20,0,24,6,N,nb13,1240,-1.865,-0.574,1,1
20,0,24,6,N,nb14,1240,-1.769,1.624,1,0
20,0,24,6,N,nb15,1240,-0.607,1.347,2,1
20,0,24,6,N,nb16,1240,1.421,-1.855,2,0
20,0,24,6,N,nb17,1240,1.731,-0.971,2,0
20,0,24,6,N,nb18,1240,1.695,0.932,4,1
20,0,24,6,N,nb19,1240,1.865,0.929,2,1
20,0,24,6,N,nb20,1240,1.162,1.109,0,0
20,0,24,6,N,nb21,1240,-1.799,-0.418,1,1
20,0,24,6,N,nb22,1240,-0.375,1.304,1,1
20,0,24,6,N,nb23,1240,1.576,-0.656,2,1
20,0,24,6,N,nb24,1240,1.865,-0.476,2,1
20,0,24,6,N,nb25,1240,1.618,-0.494,2,1
20,0,24,6,N,nb26,1240,1.783,1.078,2,1
20,0,24,6,N,nb27,1240,0.54,0.094,0,0
20,0,24,6,N,nb28,1240,-0.093,1.194,0,0
20,0,24,6,N,nb29,1240,1.591,-0.826,2,0
20,0,24,6,A,aa0,1240,-1.382,-0.824,2,0
20,0,24,6,A,aa1,1240,1.865,1.226,1,0
20,0,24,6,A,aa2,1240,1.497,-1.378,1,0
20,0,24,6,A,aa3,1240,-1.712,1.405,3,1
20,0,24,6,A,aa4,1240,0.044,1.66,1,0
20,0,24,6,A,aa5,1240,1.866,0.353,1,0
20,0,24,6,N,nb0,1245,-1.866,-1.545,0,0
20,0,24,6,N,nb1,1245,1.844,0.563,1,0
20,0,24,6,N,nb2,1245,1.585,-1.867,1,1
20,0,24,6,N,nb3,1245,1.226,-1.865,2,1
20,0,24,6,N,nb4,1245,0.986,-1.831,1,1
20,0,24,6,N,nb5,1245,-0.755,1.43,1,1
20,0,24,6,N,nb6,1245,1.865,-0.867,2,1
20,0,24,6,N,nb7,1245,1.536,0.991,1,1
20,0,24,6,N,nb8,1245,-1.102,0.621,0,0
20,0,24,6,N,nb9,1245,-1.865,1.411,2,0
20,0,24,6,N,nb10,1245,-1.867,1.241,1,0
20,0,24,6,N,nb11,1245,1.863,-0.699,2,1
20,0,24,6,N,nb12,1245,1.719,0.693,2,1
20,0,24,6,N,nb13,1245,-1.865,-0.574,1,1
20,0,24,6,N,nb14,1245,-1.819,1.579,1,0
20,0,24,6,N,nb15,1245,-0.607,1.347,2,1
20,0,24,6,N,nb16,1245,1.417,-1.854,2,0
20,0,24,6,N,nb17,1245,1.779,-1.013,1,1
20,0,24,6,N,nb18,1245,1.695,0.932,4,1
20,0,24,6,N,nb19,1245,1.865,0.929,2,1
20,0,24,6,N,nb20,1245,1.149,1.208,0,0
20,0,24,6,N,nb21,1245,-1.799,-0.418,1,1
20,0,24,6,N,nb22,1245,-0.375,1.304,2,1
20,0,24,6,N,nb23,1245,1.576,-0.656,2,1
20,0,24,6,N,nb24,1245,1.865,-0.476,2,1
20,0,24,6,N,nb25,1245,1.618,-0.494,2,1
20,0,24,6,N,nb26,1245,1.783,1.078,2,1
20,0,24,6,N,nb27,1245,0.493,0.182,0,0
20,0,24,6,N,nb28,1245,-0.136,1.262,1,1
20,0,24,6,N,nb29,1245,1.585,-0.826,1,1
20,0,24,6,A,aa0,1245,-1.479,-0.845,2,0
20,0,24,6,A,aa1,1245,1.865,1.226,1,0
20,0,24,6,A,aa2,1245,1.428,-1.451,2,0
20,0,24,6,A,aa3,1245,-1.695,1.464,0,0
20,0,24,6,A,aa4,1245,-0.051,1.627,1,0
20,0,24,6,A,aa5,1245,1.865,0.394,1,0
20,0,24,6,N,nb0,1250,-1.866,-1.461,0,0
20,0,24,6,N,nb1,1250,1.841,0.575,1,1
20,0,24,6,N,nb2,1250,1.585,-1.867,1,0
20,0,24,6,N,nb3,1250,1.241,-1.865,2,0
20,0,24,6,N,nb4,1250,1.001,-1.827,1,0
20,0,24,6,N,nb5,1250,-0.755,1.43,1,1
20,0,24,6,N,nb6,1250,1.865,-0.867,2,1
20,0,24,6,N,nb7,1250,1.536,0.991,1,1
20,0,24,6,N,nb8,1250,-1.173,0.692,0,0
20,0,24,6,N,nb9,1250,-1.865,1.326,2,1
20,0,24,6,N,nb10,1250,-1.867,1.156,1,1
20,0,24,6,N,nb11,1250,1.863,-0.699,2,1
20,0,24,6,N,nb12,1250,1.719,0.694,2,1
20,0,24,6,N,nb13,1250,-1.865,-0.574,1,1
20,0,24,6,N,nb14,1250,-1.865,1.535,1,1
20,0,24,6,N,nb15,1250,-0.613,1.333,2,0
20,0,24,6,N,nb16,1250,1.417,-1.856,2,0
20,0,24,6,N,nb17,1250,1.781,-1.014,1,1
20,0,24,6,N,nb18,1250,1.695,0.932,4,1
20,0,24,6,N,nb19,1250,1.865,0.929,2,1
20,0,24,6,N,nb20,1250,1.136,1.307,0,0
20,0,24,6,N,nb21,1250,-1.799,-0.418,1,1
20,0,24,6,N,nb22,1250,-0.389,1.296,2,0
20,0,24,6,N,nb23,1250,1.576,-0.656,2,1
20,0,24,6,N,nb24,1250,1.865,-0.476,2,1
20,0,24,6,N,nb25,1250,1.618,-0.494,2,1
20,0,24,6,N,nb26,1250,1.783,1.078,2,1
20,0,24,6,N,nb27,1250,0.446,0.27,0,0
20,0,24,6,N,nb28,1250,-0.144,1.275,1,0
20,0,24,6,N,nb29,1250,1.585,-0.826,1,1
20,0,24,6,A,aa0,1250,-1.577,-0.867,2,0
20,0,24,6,A,aa1,1250,1.865,1.226,1,0
20,0,24,6,A,aa2,1250,1.359,-1.523,0,0
20,0,24,6,A,aa3,1250,-1.69,1.55,0,0
20,0,24,6,A,aa4,1250,-0.145,1.593,0,0
20,0,24,6,A,aa5,1250,1.866,0.408,1,0
20,0,24,6,N,nb0,1255,-1.866,-1.372,0,0
20,0,24,6,N,nb1,1255,1.841,0.575,1,1
20,0,24,6,N,nb2,1255,1.655,-1.866,1,0
20,0,24,6,N,nb3,1255,1.318,-1.865,2,0
20,0,24,6,N,nb4,1255,1.088,-1.794,1,0
20,0,24,6,N,nb5,1255,-0.755,1.43,1,1
20,0,24,6,N,nb6,1255,1.865,-0.867,2,1
20,0,24,6,N,nb7,1255,1.536,0.991,1,1
20,0,24,6,N,nb8,1255,-1.243,0.763,0,0
20,0,24,6,N,nb9,1255,-1.865,1.323,2,1
20,0,24,6,N,nb10,1255,-1.867,1.153,1,1
20,0,24,6,N,nb11,1255,1.863,-0.699,2,1
20,0,24,6,N,nb12,1255,1.719,0.694,2,1
20,0,24,6,N,nb13,1255,-1.865,-0.574,1,1
20,0,24,6,N,nb14,1255,-1.865,1.535,1,1
20,0,24,6,N,nb15,1255,-0.647,1.243,2,0
20,0,24,6,N,nb16,1255,1.487,-1.853,2,0
20,0,24,6,N,nb17,1255,1.781,-1.014,1,1
20,0,24,6,N,nb18,1255,1.695,0.932,4,1
20,0,24,6,N,nb19,1255,1.865,0.929,2,1
20,0,24,6,N,nb20,1255,1.123,1.406,0,0
20,0,24,6,N,nb21,1255,-1.799,-0.418,1,1
20,0,24,6,N,nb22,1255,-0.464,1.249,1,0
20,0,24,6,N,nb23,1255,1.576,-0.656,2,1
20,0,24,6,N,nb24,1255,1.865,-0.476,2,0
20,0,24,6,N,nb25,1255,1.618,-0.494,2,1
20,0,24,6,N,nb26,1255,1.783,1.078,2,1
20,0,24,6,N,nb27,1255,0.399,0.359,0,0
20,0,24,6,N,nb28,1255,-0.183,1.354,0,0
20,0,24,6,N,nb29,1255,1.585,-0.826,1,1
20,0,24,6,A,aa0,1255,-1.675,-0.888,2,0
20,0,24,6,A,aa1,1255,1.865,1.226,1,0
20,0,24,6,A,aa2,1255,1.29,-1.595,0,0
20,0,24,6,A,aa3,1255,-1.676,1.643,2,0
20,0,24,6,A,aa4,1255,-0.236,1.561,1,0
20,0,24,6,A,aa5,1255,1.866,0.408,1,0
20,0,24,6,N,nb0,1260,-1.866,-1.28,0,0
20,0,24,6,N,nb1,1260,1.841,0.575,1,1
20,0,24,6,N,nb2,1260,1.728,-1.866,1,1
20,0,24,6,N,nb3,1260,1.392,-1.863,1,1
20,0,24,6,N,nb4,1260,1.138,-1.767,0,0
20,0,24,6,N,nb5,1260,-0.755,1.43,0,1
20,0,24,6,N,nb6,1260,1.865,-0.867,2,0
20,0,24,6,N,nb7,1260,1.536,0.991,1,1
20,0,24,6,N,nb8,1260,-1.314,0.833,0,0
20,0,24,6,N,nb9,1260,-1.865,1.323,2,1
20,0,24,6,N,nb10,1260,-1.867,1.153,1,1
20,0,24,6,N,nb11,1260,1.863,-0.699,2,1
20,0,24,6,N,nb12,1260,1.719,0.694,2,1
20,0,24,6,N,nb13,1260,-1.865,-0.574,1,1
20,0,24,6,N,nb14,1260,-1.865,1.535,1,1
20,0,24,6,N,nb15,1260,-0.681,1.171,1,1
20,0,24,6,N,nb16,1260,1.561,-1.85,2,1
20,0,24,6,N,nb17,1260,1.781,-1.014,1,1
20,0,24,6,N,nb18,1260,1.695,0.932,4,1
20,0,24,6,N,nb19,1260,1.865,0.929,2,1
20,0,24,6,N,nb20,1260,1.11,1.505,0,0
20,0,24,6,N,nb21,1260,-1.799,-0.418,1,1
20,0,24,6,N,nb22,1260,-0.514,1.2,1,1
20,0,24,6,N,nb23,1260,1.576,-0.656,2,1
20,0,24,6,N,nb24,1260,1.865,-0.476,2,1
20,0,24,6,N,nb25,1260,1.618,-0.494,2,1
20,0,24,6,N,nb26,1260,1.783,1.078,2,1
20,0,24,6,N,nb27,1260,0.352,0.447,0,0
20,0,24,6,N,nb28,1260,-0.228,1.413,0,0
20,0,24,6,N,nb29,1260,1.585,-0.826,1,1
20,0,24,6,A,aa0,1260,-1.772,-0.909,1,0
20,0,24,6,A,aa1,1260,1.865,1.226,1,0
20,0,24,6,A,aa2,1260,1.255,-1.644,0,0
20,0,24,6,A,aa3,1260,-1.681,1.661,2,0
20,0,24,6,A,aa4,1260,-0.327,1.551,1,0
20,0,24,6,A,aa5,1260,1.866,0.408,1,0
20,0,24,6,N,nb0,1265,-1.86,-1.188,0,0
20,0,24,6,N,nb1,1265,1.841,0.575,1,1
20,0,24,6,N,nb2,1265,1.728,-1.866,1,1
20,0,24,6,N,nb3,1265,1.392,-1.863,1,1
20,0,24,6,N,nb4,1265,1.132,-1.761,0,0
20,0,24,6,N,nb5,1265,-0.788,1.414,0,0
20,0,24,6,N,nb6,1265,1.865,-0.867,2,1
20,0,24,6,N,nb7,1265,1.536,0.991,1,1
20,0,24,6,N,nb8,1265,-1.385,0.904,0,0
20,0,24,6,N,nb9,1265,-1.865,1.323,2,1
20,0,24,6,N,nb10,1265,-1.867,1.153,1,1
20,0,24,6,N,nb11,1265,1.863,-0.699,2,1
20,0,24,6,N,nb12,1265,1.719,0.694,2,1
20,0,24,6,N,nb13,1265,-1.865,-0.574,1,1
20,0,24,6,N,nb14,1265,-1.865,1.535,1,1
20,0,24,6,N,nb15,1265,-0.697,1.139,1,0
20,0,24,6,N,nb16,1265,1.561,-1.85,2,1
20,0,24,6,N,nb17,1265,1.781,-1.014,1,1
20,0,24,6,N,nb18,1265,1.695,0.932,4,1
20,0,24,6,N,nb19,1265,1.865,0.929,2,1
20,0,24,6,N,nb20,1265,1.097,1.604,0,0
20,0,24,6,N,nb21,1265,-1.799,-0.418,1,1
20,0,24,6,N,nb22,1265,-0.53,1.175,1,0
20,0,24,6,N,nb23,1265,1.576,-0.656,2,1
20,0,24,6,N,nb24,1265,1.865,-0.476,2,1
20,0,24,6,N,nb25,1265,1.618,-0.494,2,1
20,0,24,6,N,nb26,1265,1.783,1.078,2,1
20,0,24,6,N,nb27,1265,0.306,0.535,0,0
20,0,24,6,N,nb28,1265,-0.282,1.459,0,0
20,0,24,6,N,nb29,1265,1.585,-0.826,1,1
20,0,24,6,A,aa0,1265,-1.808,-0.918,1,0
20,0,24,6,A,aa1,1265,1.865,1.226,1,0
20,0,24,6,A,aa2,1265,1.271,-1.665,2,0
20,0,24,6,A,aa3,1265,-1.712,1.75,1,0
20,0,24,6,A,aa4,1265,-0.425,1.55,0,0
20,0,24,6,A,aa5,1265,1.866,0.408,1,0
20,0,24,6,N,nb0,1270,-1.853,-1.112,0,0
20,0,24,6,N,nb1,1270,1.841,0.575,1,1
20,0,24,6,N,nb2,1270,1.728,-1.866,1,1
20,0,24,6,N,nb3,1270,1.392,-1.863,1,1
20,0,24,6,N,nb4,1270,1.129,-1.755,0,0
20,0,24,6,N,nb5,1270,-0.877,1.369,0,0
20,0,24,6,N,nb6,1270,1.865,-0.867,2,1
20,0,24,6,N,nb7,1270,1.536,0.991,1,1
20,0,24,6,N,nb8,1270,-1.455,0.975,0,0
20,0,24,6,N,nb9,1270,-1.865,1.323,2,1
20,0,24,6,N,nb10,1270,-1.867,1.153,1,1
20,0,24,6,N,nb11,1270,1.863,-0.699,2,1
20,0,24,6,N,nb12,1270,1.719,0.694,2,1
20,0,24,6,N,nb13,1270,-1.865,-0.574,1,1
20,0,24,6,N,nb14,1270,-1.865,1.535,1,1
20,0,24,6,N,nb15,1270,-0.739,1.054,1,0
20,0,24,6,N,nb16,1270,1.561,-1.85,2,1
20,0,24,6,N,nb17,1270,1.781,-1.014,1,1
20,0,24,6,N,nb18,1270,1.695,0.932,4,1
20,0,24,6,N,nb19,1270,1.865,0.929,2,1
20,0,24,6,N,nb20,1270,1.085,1.704,0,0
20,0,24,6,N,nb21,1270,-1.799,-0.418,1,1
20,0,24,6,N,nb22,1270,-0.576,1.102,1,0
20,0,24,6,N,nb23,1270,1.576,-0.656,2,1
20,0,24,6,N,nb24,1270,1.865,-0.476,2,1
20,0,24,6,N,nb25,1270,1.618,-0.494,2,1
20,0,24,6,N,nb26,1270,1.783,1.078,2,1
20,0,24,6,N,nb27,1270,0.259,0.624,0,0
20,0,24,6,N,nb28,1270,-0.336,1.526,0,0
20,0,24,6,N,nb29,1270,1.585,-0.826,1,1
20,0,24,6,A,aa0,1270,-1.825,-0.946,1,0
20,0,24,6,A,aa1,1270,1.865,1.226,1,0
20,0,24,6,A,aa2,1270,1.285,-1.688,2,0
20,0,24,6,A,aa3,1270,-1.738,1.834,1,0
20,0,24,6,A,aa4,1270,-0.523,1.54,0,0
20,0,24,6,A,aa5,1270,1.863,0.407,1,0
20,0,24,6,N,nb0,1275,-1.856,-1.108,0,0
20,0,24,6,N,nb1,1275,1.841,0.575,1,1
20,0,24,6,N,nb2,1275,1.728,-1.866,1,1
20,0,24,6,N,nb3,1275,1.392,-1.863,1,1
20,0,24,6,N,nb4,1275,1.15,-1.789,0,0
20,0,24,6,N,nb5,1275,-0.967,1.324,0,0
20,0,24,6,N,nb6,1275,1.865,-0.867,2,1
20,0,24,6,N,nb7,1275,1.536,0.991,1,1
20,0,24,6,N,nb8,1275,-1.526,1.046,0,0
20,0,24,6,N,nb9,1275,-1.865,1.323,2,1
20,0,24,6,N,nb10,1275,-1.867,1.153,1,1
20,0,24,6,N,nb11,1275,1.863,-0.699,2,1
20,0,24,6,N,nb12,1275,1.719,0.694,2,1
20,0,24,6,N,nb13,1275,-1.865,-0.574,1,1
20,0,24,6,N,nb14,1275,-1.865,1.535,1,1
20,0,24,6,N,nb15,1275,-0.769,1.001,1,1
20,0,24,6,N,nb16,1275,1.561,-1.85,2,1
20,0,24,6,N,nb17,1275,1.781,-1.014,1,0
20,0,24,6,N,nb18,1275,1.695,0.932,4,1
20,0,24,6,N,nb19,1275,1.865,0.929,2,1
20,0,24,6,N,nb20,1275,1.072,1.8,0,0
20,0,24,6,N,nb21,1275,-1.799,-0.418,1,1
20,0,24,6,N,nb22,1275,-0.602,1.053,1,1
20,0,24,6,N,nb23,1275,1.576,-0.656,2,1
20,0,24,6,N,nb24,1275,1.865,-0.476,2,1
20,0,24,6,N,nb25,1275,1.618,-0.494,2,1
20,0,24,6,N,nb26,1275,1.783,1.078,2,1
20,0,24,6,N,nb27,1275,0.212,0.712,0,0
20,0,24,6,N,nb28,1275,-0.38,1.604,0,0
20,0,24,6,N,nb29,1275,1.585,-0.826,1,0
20,0,24,6,A,aa0,1275,-1.833,-0.941,1,0
20,0,24,6,A,aa1,1275,1.865,1.226,1,0
20,0,24,6,A,aa2,1275,1.29,-1.694,2,0
20,0,24,6,A,aa3,1275,-1.776,1.865,1,0
20,0,24,6,A,aa4,1275,-0.622,1.532,2,0
20,0,24,6,A,aa5,1275,1.843,0.406,1,0
20,0,24,6,N,nb0,1280,-1.844,-1.108,0,0
20,0,24,6,N,nb1,1280,1.841,0.575,1,1
20,0,24,6,N,nb2,1280,1.728,-1.866,1,1
20,0,24,6,N,nb3,1280,1.392,-1.863,1,0
20,0,24,6,N,nb4,1280,1.144,-1.798,0,0
20,0,24,6,N,nb5,1280,-1.056,1.279,0,0
20,0,24,6,N,nb6,1280,1.865,-0.867,2,1
20,0,24,6,N,nb7,1280,1.536,0.991,1,1
20,0,24,6,N,nb8,1280,-1.596,1.117,0,0
20,0,24,6,N,nb9,1280,-1.865,1.323,2,0
20,0,24,6,N,nb10,1280,-1.867,1.153,1,0
20,0,24,6,N,nb11,1280,1.863,-0.699,2,1
20,0,24,6,N,nb12,1280,1.719,0.694,2,1
20,0,24,6,N,nb13,1280,-1.865,-0.574,1,1
20,0,24,6,N,nb14,1280,-1.865,1.535,1,0
20,0,24,6,N,nb15,1280,-0.769,1.001,1,1
20,0,24,6,N,nb16,1280,1.561,-1.85,2,0
20,0,24,6,N,nb17,1280,1.781,-1.014,1,1
20,0,24,6,N,nb18,1280,1.695,0.932,4,1
20,0,24,6,N,nb19,1280,1.865,0.929,2,1
20,0,24,6,N,nb20,1280,1.052,1.865,0,0
20,0,24,6,N,nb21,1280,-1.799,-0.418,1,1
20,0,24,6,N,nb22,1280,-0.602,1.053,1,1
20,0,24,6,N,nb23,1280,1.576,-0.656,2,1
20,0,24,6,N,nb24,1280,1.865,-0.476,2,1
20,0,24,6,N,nb25,1280,1.618,-0.494,2,1
20,0,24,6,N,nb26,1280,1.783,1.078,2,1
20,0,24,6,N,nb27,1280,0.165,0.8,0,0
20,0,24,6,N,nb28,1280,-0.419,1.694,0,0
20,0,24,6,N,nb29,1280,1.585,-0.826,1,1
20,0,24,6,A,aa0,1280,-1.828,-0.941,1,0
20,0,24,6,A,aa1,1280,1.859,1.229,1,0
20,0,24,6,A,aa2,1280,1.295,-1.72,3,1
20,0,24,6,A,aa3,1280,-1.825,1.865,1,0
20,0,24,6,A,aa4,1280,-0.721,1.523,2,0
20,0,24,6,A,aa5,1280,1.796,0.411,2,0
20,0,24,6,N,nb0,1285,-1.82,-1.112,0,0
20,0,24,6,N,nb1,1285,1.841,0.575,1,1
20,0,24,6,N,nb2,1285,1.814,-1.863,1,1
20,0,24,6,N,nb3,1285,1.475,-1.85,1,0
20,0,24,6,N,nb4,1285,1.134,-1.817,0,0
20,0,24,6,N,nb5,1285,-1.145,1.234,0,0
20,0,24,6,N,nb6,1285,1.865,-0.867,2,1
20,0,24,6,N,nb7,1285,1.536,0.991,1,1
20,0,24,6,N,nb8,1285,-1.625,1.145,1,1
20,0,24,6,N,nb9,1285,-1.865,1.323,2,1
20,0,24,6,N,nb10,1285,-1.867,1.153,2,1
20,0,24,6,N,nb11,1285,1.863,-0.699,2,1
20,0,24,6,N,nb12,1285,1.719,0.694,2,1
20,0,24,6,N,nb13,1285,-1.865,-0.574,1,1
20,0,24,6,N,nb14,1285,-1.865,1.535,1,1
20,0,24,6,N,nb15,1285,-0.769,1.001,1,1
20,0,24,6,N,nb16,1285,1.646,-1.855,2,0
20,0,24,6,N,nb17,1285,1.781,-1.014,1,1
20,0,24,6,N,nb18,1285,1.695,0.932,4,1
20,0,24,6,N,nb19,1285,1.865,0.929,2,1
20,0,24,6,N,nb20,1285,1.021,1.865,0,0
20,0,24,6,N,nb21,1285,-1.799,-0.418,1,1
20,0,24,6,N,nb22,1285,-0.602,1.053,1,1
20,0,24,6,N,nb23,1285,1.576,-0.656,2,1
20,0,24,6,N,nb24,1285,1.865,-0.476,2,1
20,0,24,6,N,nb25,1285,1.618,-0.494,2,1
20,0,24,6,N,nb26,1285,1.783,1.078,2,1
20,0,24,6,N,nb27,1285,0.118,0.889,0,0
20,0,24,6,N,nb28,1285,-0.456,1.784,0,0
20,0,24,6,N,nb29,1285,1.585,-0.826,1,1
20,0,24,6,A,aa0,1285,-1.809,-0.945,0,0
20,0,24,6,A,aa1,1285,1.859,1.229,1,0
20,0,24,6,A,aa2,1285,1.296,-1.766,0,0
20,0,24,6,A,aa3,1285,-1.866,1.865,1,0
20,0,24,6,A,aa4,1285,-0.821,1.514,2,0
20,0,24,6,A,aa5,1285,1.722,0.449,2,0
20,0,24,6,N,nb0,1290,-1.784,-1.12,0,0
20,0,24,6,N,nb1,1290,1.848,0.587,1,0
20,0,24,6,N,nb2,1290,1.865,-1.858,1,1
20,0,24,6,N,nb3,1290,1.531,-1.835,1,1
20,0,24,6,N,nb4,1290,1.126,-1.834,0,0
20,0,24,6,N,nb5,1290,-1.235,1.189,0,0
20,0,24,6,N,nb6,1290,1.865,-0.867,2,1
20,0,24,6,N,nb7,1290,1.533,0.982,1,0
20,0,24,6,N,nb8,1290,-1.625,1.145,1,1
20,0,24,6,N,nb9,1290,-1.865,1.323,2,1
20,0,24,6,N,nb10,1290,-1.867,1.153,2,1
20,0,24,6,N,nb11,1290,1.863,-0.699,2,0
20,0,24,6,N,nb12,1290,1.727,0.706,2,0
20,0,24,6,N,nb13,1290,-1.865,-0.574,1,1
20,0,24,6,N,nb14,1290,-1.865,1.535,1,1
20,0,24,6,N,nb15,1290,-0.769,1.001,1,1
20,0,24,6,N,nb16,1290,1.698,-1.857,2,1
20,0,24,6,N,nb17,1290,1.781,-1.014,1,1
20,0,24,6,N,nb18,1290,1.695,0.932,4,1
20,0,24,6,N,nb19,1290,1.865,0.929,2,1
20,0,24,6,N,nb20,1290,0.974,1.865,0,0
20,0,24,6,N,nb21,1290,-1.799,-0.418,1,1
20,0,24,6,N,nb22,1290,-0.602,1.053,1,1
20,0,24,6,N,nb23,1290,1.576,-0.656,2,1
20,0,24,6,N,nb24,1290,1.865,-0.476,2,1
20,0,24,6,N,nb25,1290,1.618,-0.494,2,1
20,0,24,6,N,nb26,1290,1.783,1.078,2,1
20,0,24,6,N,nb27,1290,0.071,0.977,0,0
20,0,24,6,N,nb28,1290,-0.498,1.86,0,0
20,0,24,6,N,nb29,1290,1.585,-0.826,1,1
20,0,24,6,A,aa0,1290,-1.776,-0.952,1,0
20,0,24,6,A,aa1,1290,1.865,1.226,1,0
20,0,24,6,A,aa2,1290,1.295,-1.815,0,0
20,0,24,6,A,aa3,1290,-1.866,1.865,1,0
20,0,24,6,A,aa4,1290,-0.92,1.505,2,0
20,0,24,6,A,aa5,1290,1.639,0.493,0,0
20,0,24,6,N,nb0,1295,-1.735,-1.131,0,0
20,0,24,6,N,nb1,1295,1.865,0.647,1,0
20,0,24,6,N,nb2,1295,1.865,-1.858,1,1
20,0,24,6,N,nb3,1295,1.531,-1.835,1,1
20,0,24,6,N,nb4,1295,1.12,-1.859,0,0
20,0,24,6,N,nb5,1295,-1.324,1.144,0,0
20,0,24,6,N,nb6,1295,1.865,-0.867,2,1
20,0,24,6,N,nb7,1295,1.525,0.899,1,0
20,0,24,6,N,nb8,1295,-1.625,1.145,1,1
20,0,24,6,N,nb9,1295,-1.865,1.323,2,1
20,0,24,6,N,nb10,1295,-1.867,1.153,2,1
20,0,24,6,N,nb11,1295,1.863,-0.699,2,1
20,0,24,6,N,nb12,1295,1.756,0.777,3,0
20,0,24,6,N,nb13,1295,-1.865,-0.574,1,1
20,0,24,6,N,nb14,1295,-1.865,1.535,1,1
20,0,24,6,N,nb15,1295,-0.769,1.001,1,1
20,0,24,6,N,nb16,1295,1.698,-1.858,2,1
20,0,24,6,N,nb17,1295,1.781,-1.014,1,1
20,0,24,6,N,nb18,1295,1.691,0.934,4,1
20,0,24,6,N,nb19,1295,1.865,0.929,3,1
20,0,24,6,N,nb20,1295,0.915,1.865,0,0
20,0,24,6,N,nb21,1295,-1.799,-0.418,1,1
20,0,24,6,N,nb22,1295,-0.602,1.053,1,1
20,0,24,6,N,nb23,1295,1.576,-0.656,2,1
20,0,24,6,N,nb24,1295,1.865,-0.476,2,1
20,0,24,6,N,nb25,1295,1.618,-0.494,2,1
20,0,24,6,N,nb26,1295,1.781,1.078,2,1
20,0,24,6,N,nb27,1295,0.024,1.065,0,0
20,0,24,6,N,nb28,1295,-0.55,1.866,0,0
20,0,24,6,N,nb29,1295,1.585,-0.826,1,1
20,0,24,6,A,aa0,1295,-1.729,-0.963,1,0
20,0,24,6,A,aa1,1295,1.865,1.226,1,0
20,0,24,6,A,aa2,1295,1.29,-1.859,1,0
20,0,24,6,A,aa3,1295,-1.866,1.865,1,0
20,0,24,6,A,aa4,1295,-1.02,1.496,1,0
20,0,24,6,A,aa5,1295,1.55,0.53,1,0
20,0,24,6,N,nb0,1300,-1.674,-1.145,0,0
20,0,24,6,N,nb1,1300,1.865,0.684,2,1
20,0,24,6,N,nb2,1300,1.865,-1.858,1,1
20,0,24,6,N,nb3,1300,1.531,-1.835,1,1
20,0,24,6,N,nb4,1300,1.09,-1.865,0,0
20,0,24,6,N,nb5,1300,-1.393,1.108,1,1
20,0,24,6,N,nb6,1300,1.865,-0.867,2,1
20,0,24,6,N,nb7,1300,1.519,0.82,2,1
20,0,24,6,N,nb8,1300,-1.625,1.145,2,1
20,0,24,6,N,nb9,1300,-1.865,1.323,2,1
20,0,24,6,N,nb10,1300,-1.867,1.153,2,1
20,0,24,6,N,nb11,1300,1.863,-0.699,2,1
20,0,24,6,N,nb12,1300,1.739,0.798,4,1
20,0,24,6,N,nb13,1300,-1.865,-0.574,1,1
20,0,24,6,N,nb14,1300,-1.865,1.535,1,1
20,0,24,6,N,nb15,1300,-0.769,1.001,1,1
20,0,24,6,N,nb16,1300,1.698,-1.858,2,1
20,0,24,6,N,nb17,1300,1.781,-1.014,1,1
20,0,24,6,N,nb18,1300,1.663,0.95,4,1
20,0,24,6,N,nb19,1300,1.865,0.929,4,1
20,0,24,6,N,nb20,1300,0.845,1.865,0,0
20,0,24,6,N,nb21,1300,-1.799,-0.418,1,1
20,0,24,6,N,nb22,1300,-0.602,1.053,1,1
20,0,24,6,N,nb23,1300,1.576,-0.656,2,1
20,0,24,6,N,nb24,1300,1.865,-0.476,2,1
20,0,24,6,N,nb25,1300,1.618,-0.494,2,1
20,0,24,6,N,nb26,1300,1.774,1.078,2,1
20,0,24,6,N,nb27,1300,-0.023,1.153,0,0
20,0,24,6,N,nb28,1300,-0.612,1.866,0,0
20,0,24,6,N,nb29,1300,1.585,-0.826,1,1
20,0,24,6,A,aa0,1300,-1.671,-0.977,2,0
20,0,24,6,A,aa1,1300,1.865,1.222,2,0
20,0,24,6,A,aa2,1300,1.259,-1.862,1,0
20,0,24,6,A,aa3,1300,-1.866,1.865,1,0
20,0,24,6,A,aa4,1300,-1.119,1.487,1,0
20,0,24,6,A,aa5,1300,1.459,0.566,0,0
20,0,24,6,N,nb0,1305,-1.596,-1.127,0,0
20,0,24,6,N,nb1,1305,1.865,0.705,2,0
20,0,24,6,N,nb2,1305,1.865,-1.858,1,1
20,0,24,6,N,nb3,1305,1.531,-1.835,1,1
20,0,24,6,N,nb4,1305,1.032,-1.862,0,0
20,0,24,6,N,nb5,1305,-1.393,1.108,1,1
20,0,24,6,N,nb6,1305,1.865,-0.867,2,1
20,0,24,6,N,nb7,1305,1.514,0.786,2,0
20,0,24,6,N,nb8,1305,-1.625,1.145,2,1
20,0,24,6,N,nb9,1305,-1.865,1.323,2,1
20,0,24,6,N,nb10,1305,-1.867,1.153,2,1
20,0,24,6,N,nb11,1305,1.863,-0.699,2,1
20,0,24,6,N,nb12,1305,1.732,0.811,4,0
20,0,24,6,N,nb13,1305,-1.865,-0.574,1,1
20,0,24,6,N,nb14,1305,-1.865,1.535,1,1
20,0,24,6,N,nb15,1305,-0.769,1.001,1,1
20,0,24,6,N,nb16,1305,1.698,-1.858,2,1
20,0,24,6,N,nb17,1305,1.781,-1.014,1,1
20,0,24,6,N,nb18,1305,1.651,0.959,4,1
20,0,24,6,N,nb19,1305,1.865,0.929,4,1
20,0,24,6,N,nb20,1305,0.767,1.865,0,0
20,0,24,6,N,nb21,1305,-1.799,-0.418,1,1
20,0,24,6,N,nb22,1305,-0.602,1.053,1,1
20,0,24,6,N,nb23,1305,1.576,-0.656,2,1
20,0,24,6,N,nb24,1305,1.865,-0.476,2,1
20,0,24,6,N,nb25,1305,1.618,-0.494,2,1
20,0,24,6,N,nb26,1305,1.772,1.078,2,1
20,0,24,6,N,nb27,1305,-0.07,1.242,0,0
20,0,24,6,N,nb28,1305,-0.685,1.866,0,0
20,0,24,6,N,nb29,1305,1.585,-0.826,1,1
20,0,24,6,A,aa0,1305,-1.668,-0.974,2,0
20,0,24,6,A,aa1,1305,1.865,1.221,2,0
20,0,24,6,A,aa2,1305,1.201,-1.855,1,0
20,0,24,6,A,aa3,1305,-1.866,1.865,1,0
20,0,24,6,A,aa4,1305,-1.143,1.485,2,0
20,0,24,6,A,aa5,1305,1.371,0.594,0,0
20,0,24,6,N,nb0,1310,-1.507,-1.104,0,0
20,0,24,6,N,nb1,1310,1.865,0.766,2,0
20,0,24,6,N,nb2,1310,1.865,-1.858,1,1
20,0,24,6,N,nb3,1310,1.531,-1.835,1,1
20,0,24,6,N,nb4,1310,0.976,-1.846,0,0
20,0,24,6,N,nb5,1310,-1.393,1.108,1,1
20,0,24,6,N,nb6,1310,1.865,-0.867,2,1
20,0,24,6,N,nb7,1310,1.498,0.696,0,0
20,0,24,6,N,nb8,1310,-1.625,1.145,2,1
20,0,24,6,N,nb9,1310,-1.865,1.323,2,1
20,0,24,6,N,nb10,1310,-1.867,1.153,2,1
20,0,24,6,N,nb11,1310,1.863,-0.699,2,1
20,0,24,6,N,nb12,1310,1.717,0.849,4,0
20,0,24,6,N,nb13,1310,-1.865,-0.574,1,1
20,0,24,6,N,nb14,1310,-1.865,1.535,1,1
20,0,24,6,N,nb15,1310,-0.769,1.001,1,1
20,0,24,6,N,nb16,1310,1.698,-1.858,2,1
20,0,24,6,N,nb17,1310,1.781,-1.014,1,1
20,0,24,6,N,nb18,1310,1.624,0.991,3,1
20,0,24,6,N,nb19,1310,1.863,0.936,4,1
20,0,24,6,N,nb20,1310,0.683,1.865,0,0
20,0,24,6,N,nb21,1310,-1.799,-0.418,1,1
20,0,24,6,N,nb22,1310,-0.602,1.053,1,1
20,0,24,6,N,nb23,1310,1.576,-0.656,2,1
20,0,24,6,N,nb24,1310,1.865,-0.476,2,1
20,0,24,6,N,nb25,1310,1.618,-0.494,2,1
20,0,24,6,N,nb26,1310,1.77,1.078,3,1
20,0,24,6,N,nb27,1310,-0.117,1.33,0,0
20,0,24,6,N,nb28,1310,-0.765,1.866,0,0
20,0,24,6,N,nb29,1310,1.585,-0.826,1,1
20,0,24,6,A,aa0,1310,-1.585,-0.954,2,0
20,0,24,6,A,aa1,1310,1.865,1.218,2,0
20,0,24,6,A,aa2,1310,1.146,-1.836,1,0
20,0,24,6,A,aa3,1310,-1.866,1.854,1,0
20,0,24,6,A,aa4,1310,-1.219,1.426,2,0
20,0,24,6,A,aa5,1310,1.277,0.614,1,0
20,0,24,6,N,nb0,1315,-1.415,-1.087,0,0
20,0,24,6,N,nb1,1315,1.865,0.766,2,1
20,0,24,6,N,nb2,1315,1.865,-1.858,1,1
20,0,24,6,N,nb3,1315,1.531,-1.835,1,1
20,0,24,6,N,nb4,1315,0.925,-1.817,0,0
20,0,24,6,N,nb5,1315,-1.393,1.108,1,1
20,0,24,6,N,nb6,1315,1.865,-0.867,2,1
20,0,24,6,N,nb7,1315,1.483,0.604,0,0
20,0,24,6,N,nb8,1315,-1.625,1.145,2,1
20,0,24,6,N,nb9,1315,-1.865,1.323,2,1
20,0,24,6,N,nb10,1315,-1.867,1.153,2,1
20,0,24,6,N,nb11,1315,1.863,-0.699,2,1
20,0,24,6,N,nb12,1315,1.717,0.849,4,1
20,0,24,6,N,nb13,1315,-1.865,-0.574,1,1
20,0,24,6,N,nb14,1315,-1.865,1.535,1,1
20,0,24,6,N,nb15,1315,-0.769,1.001,1,1
20,0,24,6,N,nb16,1315,1.698,-1.858,2,1
20,0,24,6,N,nb17,1315,1.781,-1.014,1,1
20,0,24,6,N,nb18,1315,1.624,0.991,3,1
20,0,24,6,N,nb19,1315,1.863,0.936,4,1
20,0,24,6,N,nb20,1315,0.594,1.865,0,0
20,0,24,6,N,nb21,1315,-1.799,-0.418,1,1
20,0,24,6,N,nb22,1315,-0.602,1.053,1,1
20,0,24,6,N,nb23,1315,1.576,-0.656,2,1
20,0,24,6,N,nb24,1315,1.865,-0.476,2,1
20,0,24,6,N,nb25,1315,1.618,-0.494,2,0
20,0,24,6,N,nb26,1315,1.77,1.078,3,1
20,0,24,6,N,nb27,1315,-0.163,1.418,0,0
20,0,24,6,N,nb28,1315,-0.851,1.866,0,0
20,0,24,6,N,nb29,1315,1.585,-0.826,1,1
20,0,24,6,A,aa0,1315,-1.498,-0.939,1,0
20,0,24,6,A,aa1,1315,1.865,1.218,2,0
20,0,24,6,A,aa2,1315,1.094,-1.804,1,0
20,0,24,6,A,aa3,1315,-1.866,1.83,1,0
20,0,24,6,A,aa4,1315,-1.222,1.424,2,0
20,0,24,6,A,aa5,1315,1.18,0.631,2,0
20,0,24,6,N,nb0,1320,-1.321,-1.077,0,0
20,0,24,6,N,nb1,1320,1.865,0.766,2,1
20,0,24,6,N,nb2,1320,1.865,-1.858,1,0
20,0,24,6,N,nb3,1320,1.531,-1.835,1,0
20,0,24,6,N,nb4,1320,0.876,-1.775,0,0
20,0,24,6,N,nb5,1320,-1.393,1.108,1,0
20,0,24,6,N,nb6,1320,1.865,-0.867,2,1
20,0,24,6,N,nb7,1320,1.47,0.504,0,0
20,0,24,6,N,nb8,1320,-1.625,1.145,2,0
20,0,24,6,N,nb9,1320,-1.865,1.323,2,1
20,0,24,6,N,nb10,1320,-1.867,1.153,2,1
20,0,24,6,N,nb11,1320,1.863,-0.699,2,1
20,0,24,6,N,nb12,1320,1.717,0.849,4,1
20,0,24,6,N,nb13,1320,-1.865,-0.574,1,1
20,0,24,6,N,nb14,1320,-1.865,1.535,1,1
20,0,24,6,N,nb15,1320,-0.769,1.001,1,0
20,0,24,6,N,nb16,1320,1.698,-1.858,2,0
20,0,24,6,N,nb17,1320,1.781,-1.014,1,1
20,0,24,6,N,nb18,1320,1.624,0.991,3,1
20,0,24,6,N,nb19,1320,1.863,0.936,4,1
20,0,24,6,N,nb20,1320,0.503,1.865,0,0
20,0,24,6,N,nb21,1320,-1.799,-0.418,1,1
20,0,24,6,N,nb22,1320,-0.602,1.053,1,1
20,0,24,6,N,nb23,1320,1.576,-0.656,2,1
20,0,24,6,N,nb24,1320,1.865,-0.476,2,1
20,0,24,6,N,nb25,1320,1.618,-0.494,2,1
20,0,24,6,N,nb26,1320,1.77,1.078,3,1
20,0,24,6,N,nb27,1320,-0.21,1.507,0,0
20,0,24,6,N,nb28,1320,-0.94,1.866,0,0
20,0,24,6,N,nb29,1320,1.585,-0.826,1,1
20,0,24,6,A,aa0,1320,-1.409,-0.925,1,0
20,0,24,6,A,aa1,1320,1.865,1.218,2,0
20,0,24,6,A,aa2,1320,1.045,-1.759,1,0
20,0,24,6,A,aa3,1320,-1.866,1.792,1,0
20,0,24,6,A,aa4,1320,-1.241,1.329,3,1
20,0,24,6,A,aa5,1320,1.081,0.647,0,0
20,0,24,6,N,nb0,1325,-1.227,-1.076,0,0
20,0,24,6,N,nb1,1325,1.865,0.766,2,1
20,0,24,6,N,nb2,1325,1.865,-1.858,1,1
20,0,24,6,N,nb3,1325,1.531,-1.835,1,1
20,0,24,6,N,nb4,1325,0.83,-1.72,0,0
20,0,24,6,N,nb5,1325,-1.465,1.06,0,0
20,0,24,6,N,nb6,1325,1.865,-0.867,2,1
20,0,24,6,N,nb7,1325,1.457,0.405,0,0
20,0,24,6,N,nb8,1325,-1.683,1.212,2,0
20,0,24,6,N,nb9,1325,-1.865,1.323,3,1
20,0,24,6,N,nb10,1325,-1.867,1.153,2,1
20,0,24,6,N,nb11,1325,1.863,-0.699,2,1
20,0,24,6,N,nb12,1325,1.717,0.849,4,1
20,0,24,6,N,nb13,1325,-1.865,-0.574,1,1
20,0,24,6,N,nb14,1325,-1.865,1.535,1,1
20,0,24,6,N,nb15,1325,-0.818,0.921,0,0
20,0,24,6,N,nb16,1325,1.698,-1.858,2,1
20,0,24,6,N,nb17,1325,1.781,-1.014,1,1
20,0,24,6,N,nb18,1325,1.624,0.991,3,1
20,0,24,6,N,nb19,1325,1.863,0.936,4,1
20,0,24,6,N,nb20,1325,0.41,1.86,0,0
20,0,24,6,N,nb21,1325,-1.799,-0.418,1,1
20,0,24,6,N,nb22,1325,-0.602,1.053,0,1
20,0,24,6,N,nb23,1325,1.576,-0.656,2,1
20,0,24,6,N,nb24,1325,1.865,-0.476,2,1
20,0,24,6,N,nb25,1325,1.618,-0.494,2,1
20,0,24,6,N,nb26,1325,1.77,1.078,3,1
20,0,24,6,N,nb27,1325,-0.257,1.595,0,0
20,0,24,6,N,nb28,1325,-1.032,1.865,0,0
20,0,24,6,N,nb29,1325,1.585,-0.826,1,1
20,0,24,6,A,aa0,1325,-1.321,-0.9,0,0
20,0,24,6,A,aa1,1325,1.865,1.218,1,0
20,0,24,6,A,aa2,1325,0.999,-1.701,1,0
20,0,24,6,A,aa3,1325,-1.866,1.741,1,0
20,0,24,6,A,aa4,1325,-1.252,1.238,0,0
20,0,24,6,A,aa5,1325,0.983,0.663,0,0
20,0,24,6,N,nb0,1330,-1.132,-1.081,0,0
20,0,24,6,N,nb1,1330,1.865,0.766,2,1
20,0,24,6,N,nb2,1330,1.865,-1.858,1,1
20,0,24,6,N,nb3,1330,1.531,-1.835,1,1
20,0,24,6,N,nb4,1330,0.787,-1.654,0,0
20,0,24,6,N,nb5,1330,-1.539,0.996,0,0
20,0,24,6,N,nb6,1330,1.865,-0.867,2,1
20,0,24,6,N,nb7,1330,1.445,0.306,0,0
20,0,24,6,N,nb8,1330,-1.71,1.259,2,1
20,0,24,6,N,nb9,1330,-1.865,1.325,3,1
20,0,24,6,N,nb10,1330,-1.867,1.153,2,1
20,0,24,6,N,nb11,1330,1.863,-0.699,2,1
20,0,24,6,N,nb12,1330,1.717,0.849,4,1
20,0,24,6,N,nb13,1330,-1.865,-0.574,1,1
20,0,24,6,N,nb14,1330,-1.864,1.533,1,1
20,0,24,6,N,nb15,1330,-0.872,0.838,0,0
20,0,24,6,N,nb16,1330,1.698,-1.858,2,1
20,0,24,6,N,nb17,1330,1.781,-1.014,1,1
20,0,24,6,N,nb18,1330,1.624,0.991,3,1
20,0,24,6,N,nb19,1330,1.863,0.936,4,1
20,0,24,6,N,nb20,1330,0.319,1.845,0,0
20,0,24,6,N,nb21,1330,-1.799,-0.418,1,1
20,0,24,6,N,nb22,1330,-0.602,1.053,0,1
20,0,24,6,N,nb23,1330,1.576,-0.656,2,1
20,0,24,6,N,nb24,1330,1.865,-0.476,2,1
20,0,24,6,N,nb25,1330,1.618,-0.494,2,1
20,0,24,6,N,nb26,1330,1.77,1.078,3,1
20,0,24,6,N,nb27,1330,-0.304,1.683,0,0
20,0,24,6,N,nb28,1330,-1.124,1.857,0,0
20,0,24,6,N,nb29,1330,1.585,-0.826,1,1
20,0,24,6,A,aa0,1330,-1.285,-0.886,0,0
20,0,24,6,A,aa1,1330,1.865,1.218,2,0
20,0,24,6,A,aa2,1330,0.955,-1.631,0,0
20,0,24,6,A,aa3,1330,-1.866,1.703,1,0
20,0,24,6,A,aa4,1330,-1.26,1.138,0,0
20,0,24,6,A,aa5,1330,0.943,0.663,0,0
20,0,24,6,N,nb0,1335,-1.034,-1.092,0,0
20,0,24,6,N,nb1,1335,1.865,0.766,2,1
20,0,24,6,N,nb2,1335,1.865,-1.858,1,1
20,0,24,6,N,nb3,1335,1.531,-1.835,1,1
20,0,24,6,N,nb4,1335,0.746,-1.578,0,0
20,0,24,6,N,nb5,1335,-1.615,0.93,0,0
20,0,24,6,N,nb6,1335,1.865,-0.867,2,1
20,0,24,6,N,nb7,1335,1.432,0.207,0,0
20,0,24,6,N,nb8,1335,-1.71,1.259,2,1
20,0,24,6,N,nb9,1335,-1.865,1.325,3,1
20,0,24,6,N,nb10,1335,-1.867,1.153,2,1
20,0,24,6,N,nb11,1335,1.863,-0.699,2,1
20,0,24,6,N,nb12,1335,1.717,0.849,4,1
20,0,24,6,N,nb13,1335,-1.865,-0.574,1,1
20,0,24,6,N,nb14,1335,-1.864,1.533,1,1
20,0,24,6,N,nb15,1335,-0.928,0.754,0,0
20,0,24,6,N,nb16,1335,1.698,-1.858,2,1
20,0,24,6,N,nb17,1335,1.781,-1.014,1,1
20,0,24,6,N,nb18,1335,1.624,0.991,3,1
20,0,24,6,N,nb19,1335,1.863,0.936,4,1
20,0,24,6,N,nb20,1335,0.228,1.821,0,0
20,0,24,6,N,nb21,1335,-1.799,-0.418,1,0
20,0,24,6,N,nb22,1335,-0.602,1.053,0,0
20,0,24,6,N,nb23,1335,1.576,-0.656,2,1
20,0,24,6,N,nb24,1335,1.865,-0.476,2,1
20,0,24,6,N,nb25,1335,1.618,-0.494,2,1
20,0,24,6,N,nb26,1335,1.77,1.078,3,1
20,0,24,6,N,nb27,1335,-0.351,1.772,0,0
20,0,24,6,N,nb28,1335,-1.216,1.839,0,0
20,0,24,6,N,nb29,1335,1.585,-0.826,1,1
20,0,24,6,A,aa0,1335,-1.273,-0.851,0,0
20,0,24,6,A,aa1,1335,1.865,1.218,2,0
20,0,24,6,A,aa2,1335,0.913,-1.551,0,0
20,0,24,6,A,aa3,1335,-1.866,1.703,1,0
20,0,24,6,A,aa4,1335,-1.268,1.038,1,0
20,0,24,6,A,aa5,1335,0.847,0.636,0,0
20,0,24,6,N,nb0,1340,-0.935,-1.104,0,0
20,0,24,6,N,nb1,1340,1.865,0.766,2,1
20,0,24,6,N,nb2,1340,1.865,-1.858,1,1
20,0,24,6,N,nb3,1340,1.531,-1.835,1,1
20,0,24,6,N,nb4,1340,0.714,-1.496,0,0
20,0,24,6,N,nb5,1340,-1.69,0.864,0,0
20,0,24,6,N,nb6,1340,1.865,-0.867,2,1
20,0,24,6,N,nb7,1340,1.42,0.108,0,0
20,0,24,6,N,nb8,1340,-1.71,1.259,2,1
20,0,24,6,N,nb9,1340,-1.865,1.325,3,1
20,0,24,6,N,nb10,1340,-1.867,1.153,2,1
20,0,24,6,N,nb11,1340,1.863,-0.699,2,1
20,0,24,6,N,nb12,1340,1.717,0.849,4,1
20,0,24,6,N,nb13,1340,-1.865,-0.574,1,1
20,0,24,6,N,nb14,1340,-1.864,1.532,1,1
20,0,24,6,N,nb15,1340,-0.983,0.671,0,0
20,0,24,6,N,nb16,1340,1.698,-1.858,2,1
20,0,24,6,N,nb17,1340,1.781,-1.014,1,1
20,0,24,6,N,nb18,1340,1.624,0.991,3,1
20,0,24,6,N,nb19,1340,1.863,0.936,4,1
20,0,24,6,N,nb20,1340,0.14,1.788,0,0
20,0,24,6,N,nb21,1340,-1.799,-0.418,1,1
20,0,24,6,N,nb22,1340,-0.641,0.965,0,0
20,0,24,6,N,nb23,1340,1.576,-0.656,2,1
20,0,24,6,N,nb24,1340,1.865,-0.476,2,1
20,0,24,6,N,nb25,1340,1.618,-0.494,2,1
20,0,24,6,N,nb26,1340,1.77,1.078,3,1
20,0,24,6,N,nb27,1340,-0.397,1.846,0,0
20,0,24,6,N,nb28,1340,-1.305,1.812,0,0
20,0,24,6,N,nb29,1340,1.585,-0.826,1,1
20,0,24,6,A,aa0,1340,-1.244,-0.756,0,0
20,0,24,6,A,aa1,1340,1.865,1.218,2,0
20,0,24,6,A,aa2,1340,0.881,-1.466,0,0
20,0,24,6,A,aa3,1340,-1.866,1.701,1,0
20,0,24,6,A,aa4,1340,-1.276,0.938,1,0
20,0,24,6,A,aa5,1340,0.75,0.61,0,0
20,0,24,6,N,nb0,1345,-0.835,-1.116,0,0
20,0,24,6,N,nb1,1345,1.865,0.766,2,1
20,0,24,6,N,nb2,1345,1.865,-1.858,1,1
20,0,24,6,N,nb3,1345,1.531,-1.835,1,1
20,0,24,6,N,nb4,1345,0.694,-1.41,0,0
20,0,24,6,N,nb5,1345,-1.765,0.799,0,0
20,0,24,6,N,nb6,1345,1.865,-0.867,2,1
20,0,24,6,N,nb7,1345,1.407,0.008,0,0
20,0,24,6,N,nb8,1345,-1.71,1.259,2,1
20,0,24,6,N,nb9,1345,-1.865,1.325,3,1
20,0,24,6,N,nb10,1345,-1.867,1.153,2,1
20,0,24,6,N,nb11,1345,1.863,-0.699,2,1
20,0,24,6,N,nb12,1345,1.717,0.849,4,1
20,0,24,6,N,nb13,1345,-1.865,-0.574,1,0
20,0,24,6,N,nb14,1345,-1.852,1.506,1,1
20,0,24,6,N,nb15,1345,-1.038,0.588,0,0
20,0,24,6,N,nb16,1345,1.698,-1.858,2,1
20,0,24,6,N,nb17,1345,1.781,-1.014,1,1
20,0,24,6,N,nb18,1345,1.624,0.991,3,1
20,0,24,6,N,nb19,1345,1.863,0.936,4,1
20,0,24,6,N,nb20,1345,0.053,1.747,0,0
20,0,24,6,N,nb21,1345,-1.799,-0.418,1,1
20,0,24,6,N,nb22,1345,-0.681,0.873,0,0
20,0,24,6,N,nb23,1345,1.576,-0.656,2,1
20,0,24,6,N,nb24,1345,1.865,-0.476,2,1
20,0,24,6,N,nb25,1345,1.618,-0.494,2,1
20,0,24,6,N,nb26,1345,1.77,1.078,3,1
20,0,24,6,N,nb27,1345,-0.453,1.865,0,0
20,0,24,6,N,nb28,1345,-1.393,1.778,0,0
20,0,24,6,N,nb29,1345,1.585,-0.826,1,1
20,0,24,6,A,aa0,1345,-1.231,-0.714,0,0
20,0,24,6,A,aa1,1345,1.865,1.218,2,0
20,0,24,6,A,aa2,1345,0.86,-1.377,0,0
20,0,24,6,A,aa3,1345,-1.866,1.675,1,0
20,0,24,6,A,aa4,1345,-1.284,0.839,1,0
20,0,24,6,A,aa5,1345,0.654,0.583,0,0
20,0,24,6,N,nb0,1350,-0.736,-1.128,0,0
20,0,24,6,N,nb1,1350,1.865,0.766,2,1
20,0,24,6,N,nb2,1350,1.865,-1.858,1,1
20,0,24,6,N,nb3,1350,1.531,-1.835,1,1
20,0,24,6,N,nb4,1350,0.701,-1.324,0,0
20,0,24,6,N,nb5,1350,-1.831,0.737,0,0
20,0,24,6,N,nb6,1350,1.865,-0.867,2,1
20,0,24,6,N,nb7,1350,1.394,-0.091,0,0
20,0,24,6,N,nb8,1350,-1.71,1.259,2,1
20,0,24,6,N,nb9,1350,-1.865,1.325,3,1
20,0,24,6,N,nb10,1350,-1.867,1.153,2,1
20,0,24,6,N,nb11,1350,1.863,-0.699,2,1
20,0,24,6,N,nb12,1350,1.717,0.849,4,1
20,0,24,6,N,nb13,1350,-1.865,-0.574,1,1
20,0,24,6,N,nb14,1350,-1.849,1.494,1,1
20,0,24,6,N,nb15,1350,-1.093,0.504,0,0
20,0,24,6,N,nb16,1350,1.698,-1.858,2,1
20,0,24,6,N,nb17,1350,1.781,-1.014,1,1
20,0,24,6,N,nb18,1350,1.624,0.991,3,1
20,0,24,6,N,nb19,1350,1.863,0.936,4,0
20,0,24,6,N,nb20,1350,-0.037,1.703,0,0
20,0,24,6,N,nb21,1350,-1.799,-0.418,1,1
20,0,24,6,N,nb22,1350,-0.721,0.781,0,0
20,0,24,6,N,nb23,1350,1.576,-0.656,2,1
20,0,24,6,N,nb24,1350,1.865,-0.476,2,1
20,0,24,6,N,nb25,1350,1.618,-0.494,2,1
20,0,24,6,N,nb26,1350,1.77,1.078,3,1
20,0,24,6,N,nb27,1350,-0.518,1.865,0,0
20,0,24,6,N,nb28,1350,-1.481,1.735,0,0
20,0,24,6,N,nb29,1350,1.585,-0.826,1,1
20,0,24,6,A,aa0,1350,-1.243,-0.618,1,0
20,0,24,6,A,aa1,1350,1.865,1.218,2,0
20,0,24,6,A,aa2,1350,0.87,-1.326,0,0
20,0,24,6,A,aa3,1350,-1.866,1.662,1,0
20,0,24,6,A,aa4,1350,-1.292,0.739,0,0
20,0,24,6,A,aa5,1350,0.619,0.567,0,0
20,0,24,6,N,nb0,1355,-0.637,-1.14,0,0
20,0,24,6,N,nb1,1355,1.865,0.766,2,1
20,0,24,6,N,nb2,1355,1.865,-1.858,1,1
20,0,24,6,N,nb3,1355,1.531,-1.835,1,1
20,0,24,6,N,nb4,1355,0.714,-1.235,0,0
20,0,24,6,N,nb5,1355,-1.865,0.668,0,0
20,0,24,6,N,nb6,1355,1.865,-0.867,2,1
20,0,24,6,N,nb7,1355,1.382,-0.19,0,0
20,0,24,6,N,nb8,1355,-1.71,1.259,2,1
20,0,24,6,N,nb9,1355,-1.865,1.325,3,1
20,0,24,6,N,nb10,1355,-1.867,1.153,2,1
20,0,24,6,N,nb11,1355,1.863,-0.699,2,1
20,0,24,6,N,nb12,1355,1.717,0.849,4,1
20,0,24,6,N,nb13,1355,-1.865,-0.574,1,1
20,0,24,6,N,nb14,1355,-1.849,1.494,1,1
20,0,24,6,N,nb15,1355,-1.148,0.421,0,0
20,0,24,6,N,nb16,1355,1.698,-1.858,2,1
20,0,24,6,N,nb17,1355,1.781,-1.014,1,1
20,0,24,6,N,nb18,1355,1.624,0.991,3,1
20,0,24,6,N,nb19,1355,1.863,0.936,4,1
20,0,24,6,N,nb20,1355,-0.127,1.659,0,0
20,0,24,6,N,nb21,1355,-1.799,-0.418,1,1
20,0,24,6,N,nb22,1355,-0.761,0.69,0,0
20,0,24,6,N,nb23,1355,1.576,-0.656,2,1
20,0,24,6,N,nb24,1355,1.865,-0.476,2,1
20,0,24,6,N,nb25,1355,1.618,-0.494,2,1
20,0,24,6,N,nb26,1355,1.77,1.078,3,1
20,0,24,6,N,nb27,1355,-0.593,1.865,0,0
20,0,24,6,N,nb28,1355,-1.57,1.69,0,0
20,0,24,6,N,nb29,1355,1.585,-0.826,1,1
20,0,24,6,A,aa0,1355,-1.255,-0.519,1,0
20,0,24,6,A,aa1,1355,1.865,1.218,2,0
20,0,24,6,A,aa2,1355,0.882,-1.259,0,0
20,0,24,6,A,aa3,1355,-1.866,1.662,1,0
20,0,24,6,A,aa4,1355,-1.3,0.639,0,0
20,0,24,6,A,aa5,1355,0.542,0.503,0,0
20,0,24,6,N,nb0,1360,-0.537,-1.153,0,0
20,0,24,6,N,nb1,1360,1.865,0.766,2,1
20,0,24,6,N,nb2,1360,1.865,-1.858,1,1
20,0,24,6,N,nb3,1360,1.531,-1.835,1,1
20,0,24,6,N,nb4,1360,0.72,-1.143,0,0
20,0,24,6,N,nb5,1360,-1.865,0.593,0,0
20,0,24,6,N,nb6,1360,1.865,-0.867,2,1
20,0,24,6,N,nb7,1360,1.369,-0.289,0,0
20,0,24,6,N,nb8,1360,-1.71,1.259,2,0
20,0,24,6,N,nb9,1360,-1.865,1.325,3,1
20,0,24,6,N,nb10,1360,-1.867,1.153,2,1
20,0,24,6,N,nb11,1360,1.863,-0.699,2,1
20,0,24,6,N,nb12,1360,1.717,0.849,4,1
20,0,24,6,N,nb13,1360,-1.865,-0.574,1,1
20,0,24,6,N,nb14,1360,-1.849,1.494,2,1
20,0,24,6,N,nb15,1360,-1.198,0.34,0,0
20,0,24,6,N,nb16,1360,1.698,-1.858,2,1
20,0,24,6,N,nb17,1360,1.781,-1.014,1,1
20,0,24,6,N,nb18,1360,1.624,0.991,3,1
20,0,24,6,N,nb19,1360,1.863,0.936,4,1
20,0,24,6,N,nb20,1360,-0.217,1.615,0,0
20,0,24,6,N,nb21,1360,-1.799,-0.418,1,1
20,0,24,6,N,nb22,1360,-0.801,0.598,0,0
20,0,24,6,N,nb23,1360,1.576,-0.656,2,1
20,0,24,6,N,nb24,1360,1.865,-0.476,2,1
20,0,24,6,N,nb25,1360,1.618,-0.494,2,1
20,0,24,6,N,nb26,1360,1.77,1.078,3,1
20,0,24,6,N,nb27,1360,-0.675,1.865,0,0
20,0,24,6,N,nb28,1360,-1.652,1.648,1,1
20,0,24,6,N,nb29,1360,1.585,-0.826,1,1
20,0,24,6,A,aa0,1360,-1.268,-0.42,1,0
20,0,24,6,A,aa1,1360,1.865,1.218,2,0
20,0,24,6,A,aa2,1360,0.887,-1.171,0,0
20,0,24,6,A,aa3,1360,-1.844,1.663,1,0
20,0,24,6,A,aa4,1360,-1.313,0.552,0,0
20,0,24,6,A,aa5,1360,0.465,0.439,0,0
20,0,24,6,N,nb0,1365,-0.438,-1.165,0,0
20,0,24,6,N,nb1,1365,1.865,0.766,2,1
20,0,24,6,N,nb2,1365,1.865,-1.858,1,1
20,0,24,6,N,nb3,1365,1.531,-1.835,1,1
20,0,24,6,N,nb4,1365,0.716,-1.05,0,0
20,0,24,6,N,nb5,1365,-1.865,0.511,0,0
20,0,24,6,N,nb6,1365,1.865,-0.867,2,1
20,0,24,6,N,nb7,1365,1.357,-0.388,0,0
20,0,24,6,N,nb8,1365,-1.71,1.259,2,1
20,0,24,6,N,nb9,1365,-1.865,1.325,3,1
20,0,24,6,N,nb10,1365,-1.867,1.153,2,1
20,0,24,6,N,nb11,1365,1.863,-0.699,2,1
20,0,24,6,N,nb12,1365,1.717,0.849,4,1
20,0,24,6,N,nb13,1365,-1.865,-0.574,1,1
20,0,24,6,N,nb14,1365,-1.849,1.494,2,1
20,0,24,6,N,nb15,1365,-1.242,0.256,0,0
20,0,24,6,N,nb16,1365,1.698,-1.858,2,1
20,0,24,6,N,nb17,1365,1.781,-1.014,1,1
20,0,24,6,N,nb18,1365,1.624,0.991,3,1
20,0,24,6,N,nb19,1365,1.863,0.936,4,1
20,0,24,6,N,nb20,1365,-0.306,1.571,0,0
20,0,24,6,N,nb21,1365,-1.799,-0.418,1,1
20,0,24,6,N,nb22,1365,-0.841,0.506,0,0
20,0,24,6,N,nb23,1365,1.576,-0.656,2,1
20,0,24,6,N,nb24,1365,1.865,-0.476,2,1
20,0,24,6,N,nb25,1365,1.618,-0.494,2,1
20,0,24,6,N,nb26,1365,1.77,1.078,3,1
20,0,24,6,N,nb27,1365,-0.761,1.865,0,0
20,0,24,6,N,nb28,1365,-1.652,1.647,1,1
20,0,24,6,N,nb29,1365,1.585,-0.826,1,1
20,0,24,6,A,aa0,1365,-1.28,-0.321,1,0
20,0,24,6,A,aa1,1365,1.865,1.218,2,0
20,0,24,6,A,aa2,1365,0.883,-1.082,0,0
20,0,24,6,A,aa3,1365,-1.821,1.661,2,0
20,0,24,6,A,aa4,1365,-1.34,0.468,0,0
20,0,24,6,A,aa5,1365,0.388,0.374,0,0
20,0,24,6,N,nb0,1370,-0.339,-1.177,0,0
20,0,24,6,N,nb1,1370,1.865,0.766,2,1
20,0,24,6,N,nb2,1370,1.865,-1.858,1,1
20,0,24,6,N,nb3,1370,1.531,-1.835,1,1
20,0,24,6,N,nb4,1370,0.704,-0.957,0,0
20,0,24,6,N,nb5,1370,-1.865,0.424,0,0
20,0,24,6,N,nb6,1370,1.865,-0.867,2,1
20,0,24,6,N,nb7,1370,1.344,-0.488,0,0
20,0,24,6,N,nb8,1370,-1.71,1.259,2,1
20,0,24,6,N,nb9,1370,-1.865,1.325,3,1
20,0,24,6,N,nb10,1370,-1.867,1.153,2,1
20,0,24,6,N,nb11,1370,1.863,-0.699,2,1
20,0,24,6,N,nb12,1370,1.717,0.849,4,1
20,0,24,6,N,nb13,1370,-1.865,-0.574,1,1
20,0,24,6,N,nb14,1370,-1.849,1.494,2,1
20,0,24,6,N,nb15,1370,-1.281,0.168,0,0
20,0,24,6,N,nb16,1370,1.698,-1.858,2,1
20,0,24,6,N,nb17,1370,1.781,-1.014,1,1
20,0,24,6,N,nb18,1370,1.624,0.991,3,1
20,0,24,6,N,nb19,1370,1.863,0.936,4,1
20,0,24,6,N,nb20,1370,-0.396,1.527,0,0
20,0,24,6,N,nb21,1370,-1.799,-0.418,1,1
20,0,24,6,N,nb22,1370,-0.881,0.415,0,0
20,0,24,6,N,nb23,1370,1.576,-0.656,2,1
20,0,24,6,N,nb24,1370,1.865,-0.476,2,1
20,0,24,6,N,nb25,1370,1.618,-0.494,2,1
20,0,24,6,N,nb26,1370,1.77,1.078,3,1
20,0,24,6,N,nb27,1370,-0.852,1.865,0,0
20,0,24,6,N,nb28,1370,-1.652,1.647,1,1
20,0,24,6,N,nb29,1370,1.585,-0.826,1,1
20,0,24,6,A,aa0,1370,-1.293,-0.221,1,0
20,0,24,6,A,aa1,1370,1.865,1.218,2,0
20,0,24,6,A,aa2,1370,0.871,-0.994,0,0
20,0,24,6,A,aa3,1370,-1.821,1.661,2,0
20,0,24,6,A,aa4,1370,-1.381,0.39,0,0
20,0,24,6,A,aa5,1370,0.312,0.31,0,0
20,0,24,6,N,nb0,1375,-0.24,-1.189,0,0
20,0,24,6,N,nb1,1375,1.865,0.766,2,1
20,0,24,6,N,nb2,1375,1.865,-1.858,1,1
20,0,24,6,N,nb3,1375,1.531,-1.835,1,1
20,0,24,6,N,nb4,1375,0.683,-0.865,0,0
20,0,24,6,N,nb5,1375,-1.865,0.333,0,0
20,0,24,6,N,nb6,1375,1.865,-0.867,2,1
20,0,24,6,N,nb7,1375,1.331,-0.583,0,0
20,0,24,6,N,nb8,1375,-1.71,1.259,2,1
20,0,24,6,N,nb9,1375,-1.865,1.325,3,1
20,0,24,6,N,nb10,1375,-1.867,1.153,2,1
20,0,24,6,N,nb11,1375,1.863,-0.699,2,1
20,0,24,6,N,nb12,1375,1.717,0.849,4,1
20,0,24,6,N,nb13,1375,-1.865,-0.574,1,1
20,0,24,6,N,nb14,1375,-1.849,1.494,2,1
20,0,24,6,N,nb15,1375,-1.313,0.08,0,0
20,0,24,6,N,nb16,1375,1.698,-1.858,2,1
20,0,24,6,N,nb17,1375,1.781,-1.014,1,1
20,0,24,6,N,nb18,1375,1.624,0.991,3,1
20,0,24,6,N,nb19,1375,1.863,0.936,4,1
20,0,24,6,N,nb20,1375,-0.486,1.483,0,0
20,0,24,6,N,nb21,1375,-1.799,-0.418,1,1
20,0,24,6,N,nb22,1375,-0.921,0.323,0,0
20,0,24,6,N,nb23,1375,1.576,-0.656,2,1
20,0,24,6,N,nb24,1375,1.865,-0.476,2,1
20,0,24,6,N,nb25,1375,1.618,-0.494,2,1
20,0,24,6,N,nb26,1375,1.77,1.078,3,1
20,0,24,6,N,nb27,1375,-0.944,1.863,0,0
20,0,24,6,N,nb28,1375,-1.652,1.647,1,1
20,0,24,6,N,nb29,1375,1.585,-0.826,1,1
20,0,24,6,A,aa0,1375,-1.305,-0.125,1,0
20,0,24,6,A,aa1,1375,1.865,1.218,2,0
20,0,24,6,A,aa2,1375,0.865,-0.903,0,0
20,0,24,6,A,aa3,1375,-1.821,1.661,1,0
20,0,24,6,A,aa4,1375,-1.434,0.317,0,0
20,0,24,6,A,aa5,1375,0.235,0.246,0,0
20,0,24,6,N,nb0,1380,-0.14,-1.201,0,0
20,0,24,6,N,nb1,1380,1.865,0.766,2,1
20,0,24,6,N,nb2,1380,1.865,-1.858,1,1
20,0,24,6,N,nb3,1380,1.531,-1.835,1,1
20,0,24,6,N,nb4,1380,0.656,-0.774,0,0
20,0,24,6,N,nb5,1380,-1.863,0.241,0,0
20,0,24,6,N,nb6,1380,1.865,-0.867,2,1
20,0,24,6,N,nb7,1380,1.311,-0.673,0,0
20,0,24,6,N,nb8,1380,-1.71,1.259,2,1
20,0,24,6,N,nb9,1380,-1.865,1.325,3,1
20,0,24,6,N,nb10,1380,-1.867,1.153,2,1
20,0,24,6,N,nb11,1380,1.863,-0.699,2,1
20,0,24,6,N,nb12,1380,1.717,0.849,4,1
20,0,24,6,N,nb13,1380,-1.865,-0.574,1,1
20,0,24,6,N,nb14,1380,-1.849,1.494,2,1
20,0,24,6,N,nb15,1380,-1.34,0.063,0,0
20,0,24,6,N,nb16,1380,1.698,-1.858,2,1
20,0,24,6,N,nb17,1380,1.781,-1.014,1,1
20,0,24,6,N,nb18,1380,1.624,0.991,3,1
20,0,24,6,N,nb19,1380,1.863,0.936,4,1
20,0,24,6,N,nb20,1380,-0.576,1.439,0,0
20,0,24,6,N,nb21,1380,-1.799,-0.418,1,1
20,0,24,6,N,nb22,1380,-0.961,0.231,0,0
20,0,24,6,N,nb23,1380,1.576,-0.656,2,0
20,0,24,6,N,nb24,1380,1.865,-0.476,2,1
20,0,24,6,N,nb25,1380,1.618,-0.494,2,1
20,0,24,6,N,nb26,1380,1.77,1.078,3,1
20,0,24,6,N,nb27,1380,-1.036,1.853,0,0
20,0,24,6,N,nb28,1380,-1.652,1.647,1,1
20,0,24,6,N,nb29,1380,1.585,-0.826,1,1
20,0,24,6,A,aa0,1380,-1.329,-0.106,1,0
20,0,24,6,A,aa1,1380,1.865,1.218,2,0
20,0,24,6,A,aa2,1380,0.872,-0.812,0,0
20,0,24,6,A,aa3,1380,-1.821,1.661,2,0
20,0,24,6,A,aa4,1380,-1.498,0.25,0,0
20,0,24,6,A,aa5,1380,0.158,0.182,0,0
20,0,24,6,N,nb0,1385,-0.041,-1.213,0,0
20,0,24,6,N,nb1,1385,1.865,0.766,2,1
20,0,24,6,N,nb2,1385,1.865,-1.858,1,1
20,0,24,6,N,nb3,1385,1.531,-1.835,1,1
20,0,24,6,N,nb4,1385,0.621,-0.686,0,0
20,0,24,6,N,nb5,1385,-1.852,0.149,0,0
20,0,24,6,N,nb6,1385,1.865,-0.867,2,1
20,0,24,6,N,nb7,1385,1.282,-0.768,0,0
20,0,24,6,N,nb8,1385,-1.71,1.259,2,1
20,0,24,6,N,nb9,1385,-1.865,1.325,3,1
20,0,24,6,N,nb10,1385,-1.867,1.153,2,1
20,0,24,6,N,nb11,1385,1.863,-0.699,2,1
20,0,24,6,N,nb12,1385,1.717,0.849,4,1
20,0,24,6,N,nb13,1385,-1.865,-0.574,1,1
20,0,24,6,N,nb14,1385,-1.849,1.494,2,1
20,0,24,6,N,nb15,1385,-1.382,0.065,0,0
20,0,24,6,N,nb16,1385,1.698,-1.858,2,1
20,0,24,6,N,nb17,1385,1.781,-1.014,1,1
20,0,24,6,N,nb18,1385,1.624,0.991,3,0
20,0,24,6,N,nb19,1385,1.863,0.936,4,1
20,0,24,6,N,nb20,1385,-0.665,1.395,0,0
20,0,24,6,N,nb21,1385,-1.799,-0.418,1,1
20,0,24,6,N,nb22,1385,-1.001,0.14,0,0
20,0,24,6,N,nb23,1385,1.576,-0.656,2,1
20,0,24,6,N,nb24,1385,1.865,-0.476,2,1
20,0,24,6,N,nb25,1385,1.618,-0.494,2,1
20,0,24,6,N,nb26,1385,1.77,1.078,3,0
20,0,24,6,N,nb27,1385,-1.127,1.832,0,0
20,0,24,6,N,nb28,1385,-1.652,1.647,1,1
20,0,24,6,N,nb29,1385,1.585,-0.826,1,1
20,0,24,6,A,aa0,1385,-1.369,-0.104,1,0
20,0,24,6,A,aa1,1385,1.865,1.225,2,0
20,0,24,6,A,aa2,1385,0.889,-0.721,0,0
20,0,24,6,A,aa3,1385,-1.82,1.661,2,0
20,0,24,6,A,aa4,1385,-1.569,0.191,0,0
20,0,24,6,A,aa5,1385,0.081,0.118,0,0
20,0,24,6,N,nb0,1390,0.058,-1.225,0,0
20,0,24,6,N,nb1,1390,1.865,0.766,2,1
20,0,24,6,N,nb2,1390,1.865,-1.858,1,1
20,0,24,6,N,nb3,1390,1.531,-1.835,1,1
20,0,24,6,N,nb4,1390,0.58,-0.595,0,0
20,0,24,6,N,nb5,1390,-1.831,0.058,0,0
20,0,24,6,N,nb6,1390,1.865,-0.867,2,1
20,0,24,6,N,nb7,1390,1.252,-0.863,0,0
20,0,24,6,N,nb8,1390,-1.71,1.259,2,1
20,0,24,6,N,nb9,1390,-1.865,1.325,3,1
20,0,24,6,N,nb10,1390,-1.867,1.153,2,1
20,0,24,6,N,nb11,1390,1.863,-0.699,2,1
20,0,24,6,N,nb12,1390,1.717,0.849,4,1
20,0,24,6,N,nb13,1390,-1.865,-0.574,1,1
20,0,24,6,N,nb14,1390,-1.849,1.494,1,1
20,0,24,6,N,nb15,1390,-1.437,0.067,0,0
20,0,24,6,N,nb16,1390,1.698,-1.858,2,1
20,0,24,6,N,nb17,1390,1.781,-1.014,1,1
20,0,24,6,N,nb18,1390,1.624,0.991,3,1
20,0,24,6,N,nb19,1390,1.863,0.936,4,1
20,0,24,6,N,nb20,1390,-0.755,1.351,0,0
20,0,24,6,N,nb21,1390,-1.799,-0.418,1,1
20,0,24,6,N,nb22,1390,-1.041,0.048,0,0
20,0,24,6,N,nb23,1390,1.576,-0.656,2,1
20,0,24,6,N,nb24,1390,1.865,-0.476,2,1
20,0,24,6,N,nb25,1390,1.618,-0.494,2,1
20,0,24,6,N,nb26,1390,1.77,1.078,3,1
20,0,24,6,N,nb27,1390,-1.216,1.804,0,0
20,0,24,6,N,nb28,1390,-1.649,1.648,0,0
20,0,24,6,N,nb29,1390,1.585,-0.826,1,1
20,0,24,6,A,aa0,1390,-1.424,-0.101,1,0
20,0,24,6,A,aa1,1390,1.865,1.245,2,0
20,0,24,6,A,aa2,1390,0.914,-0.625,0,0
20,0,24,6,A,aa3,1390,-1.817,1.661,2,0
20,0,24,6,A,aa4,1390,-1.645,0.139,1,0
20,0,24,6,A,aa5,1390,0.005,0.054,0,0
20,0,24,6,N,nb0,1395,0.157,-1.237,0,0
20,0,24,6,N,nb1,1395,1.865,0.766,2,1
20,0,24,6,N,nb2,1395,1.865,-1.858,1,1
20,0,24,6,N,nb3,1395,1.531,-1.835,1,1
20,0,24,6,N,nb4,1395,0.539,-0.504,0,0
20,0,24,6,N,nb5,1395,-1.812,-0.037,0,0
20,0,24,6,N,nb6,1395,1.865,-0.867,2,1
20,0,24,6,N,nb7,1395,1.222,-0.958,0,0
20,0,24,6,N,nb8,1395,-1.71,1.259,2,1
20,0,24,6,N,nb9,1395,-1.865,1.325,3,1
20,0,24,6,N,nb10,1395,-1.867,1.153,2,1
20,0,24,6,N,nb11,1395,1.863,-0.699,2,1
20,0,24,6,N,nb12,1395,1.717,0.849,4,1
20,0,24,6,N,nb13,1395,-1.865,-0.574,1,1
20,0,24,6,N,nb14,1395,-1.849,1.494,2,1
20,0,24,6,N,nb15,1395,-1.504,0.07,0,0
20,0,24,6,N,nb16,1395,1.698,-1.858,2,1
20,0,24,6,N,nb17,1395,1.781,-1.014,1,1
20,0,24,6,N,nb18,1395,1.624,0.991,3,1
20,0,24,6,N,nb19,1395,1.863,0.936,4,1
20,0,24,6,N,nb20,1395,-0.845,1.307,0,0
20,0,24,6,N,nb21,1395,-1.799,-0.418,1,1
20,0,24,6,N,nb22,1395,-1.081,-0.044,0,0
20,0,24,6,N,nb23,1395,1.576,-0.656,2,1
20,0,24,6,N,nb24,1395,1.865,-0.476,2,1
20,0,24,6,N,nb25,1395,1.618,-0.494,2,1
20,0,24,6,N,nb26,1395,1.77,1.078,3,1
20,0,24,6,N,nb27,1395,-1.303,1.767,0,0
20,0,24,6,N,nb28,1395,-1.645,1.635,1,1
20,0,24,6,N,nb29,1395,1.585,-0.826,1,1
20,0,24,6,A,aa0,1395,-1.491,-0.099,1,0
20,0,24,6,A,aa1,1395,1.865,1.28,2,0
20,0,24,6,A,aa2,1395,0.94,-0.528,0,0
20,0,24,6,A,aa3,1395,-1.81,1.675,1,0
20,0,24,6,A,aa4,1395,-1.716,0.103,0,0
20,0,24,6,A,aa5,1395,-0.072,-0.01,0,0
20,0,24,6,N,nb0,1400,0.257,-1.249,0,0
20,0,24,6,N,nb1,1400,1.865,0.766,2,1
20,0,24,6,N,nb2,1400,1.865,-1.858,1,1
20,0,24,6,N,nb3,1400,1.531,-1.835,1,1
20,0,24,6,N,nb4,1400,0.498,-0.412,0,0
20,0,24,6,N,nb5,1400,-1.789,-0.132,0,0
20,0,24,6,N,nb6,1400,1.865,-0.867,2,1
20,0,24,6,N,nb7,1400,1.192,-1.054,0,0
20,0,24,6,N,nb8,1400,-1.71,1.259,2,0
20,0,24,6,N,nb9,1400,-1.865,1.325,3,1
20,0,24,6,N,nb10,1400,-1.867,1.153,2,1
20,0,24,6,N,nb11,1400,1.863,-0.699,2,1
20,0,24,6,N,nb12,1400,1.717,0.849,4,1
20,0,24,6,N,nb13,1400,-1.865,-0.574,1,1
20,0,24,6,N,nb14,1400,-1.849,1.494,2,0
20,0,24,6,N,nb15,1400,-1.581,0.073,0,0
20,0,24,6,N,nb16,1400,1.698,-1.858,2,1
20,0,24,6,N,nb17,1400,1.781,-1.014,1,1
20,0,24,6,N,nb18,1400,1.624,0.991,3,1
20,0,24,6,N,nb19,1400,1.863,0.936,4,1
20,0,24,6,N,nb20,1400,-0.935,1.263,0,0
20,0,24,6,N,nb21,1400,-1.799,-0.418,1,1
20,0,24,6,N,nb22,1400,-1.121,-0.135,0,0
20,0,24,6,N,nb23,1400,1.576,-0.656,2,1
20,0,24,6,N,nb24,1400,1.865,-0.476,2,1
20,0,24,6,N,nb25,1400,1.618,-0.494,2,1
20,0,24,6,N,nb26,1400,1.77,1.078,3,1
20,0,24,6,N,nb27,1400,-1.391,1.723,0,0
20,0,24,6,N,nb28,1400,-1.645,1.635,1,0
20,0,24,6,N,nb29,1400,1.585,-0.826,1,1
20,0,24,6,A,aa0,1400,-1.567,-0.095,1,0
20,0,24,6,A,aa1,1400,1.865,1.329,2,0
20,0,24,6,A,aa2,1400,0.965,-0.431,0,0
20,0,24,6,A,aa3,1400,-1.794,1.715,3,1
20,0,24,6,A,aa4,1400,-1.802,0.079,0,0
20,0,24,6,A,aa5,1400,-0.149,-0.074,0,0
20,0,24,6,N,nb0,1405,0.356,-1.261,0,0
20,0,24,6,N,nb1,1405,1.865,0.766,2,0
20,0,24,6,N,nb2,1405,1.865,-1.858,1,1
20,0,24,6,N,nb3,1405,1.531,-1.835,1,1
20,0,24,6,N,nb4,1405,0.457,-0.321,0,0
20,0,24,6,N,nb5,1405,-1.789,-0.176,1,1
20,0,24,6,N,nb6,1405,1.865,-0.867,2,1
20,0,24,6,N,nb7,1405,1.161,-1.149,0,0
20,0,24,6,N,nb8,1405,-1.7,1.291,2,0
20,0,24,6,N,nb9,1405,-1.865,1.325,3,1
20,0,24,6,N,nb10,1405,-1.867,1.153,2,1
20,0,24,6,N,nb11,1405,1.863,-0.699,2,1
20,0,24,6,N,nb12,1405,1.717,0.849,4,0
20,0,24,6,N,nb13,1405,-1.865,-0.574,1,1
20,0,24,6,N,nb14,1405,-1.865,1.495,2,0
20,0,24,6,N,nb15,1405,-1.663,0.076,0,0
20,0,24,6,N,nb16,1405,1.698,-1.858,2,1
20,0,24,6,N,nb17,1405,1.781,-1.014,1,1
20,0,24,6,N,nb18,1405,1.624,0.991,3,1
20,0,24,6,N,nb19,1405,1.863,0.936,4,1
20,0,24,6,N,nb20,1405,-1.025,1.219,0,0
20,0,24,6,N,nb21,1405,-1.799,-0.418,2,1
20,0,24,6,N,nb22,1405,-1.161,-0.227,0,0
20,0,24,6,N,nb23,1405,1.576,-0.656,2,1
20,0,24,6,N,nb24,1405,1.865,-0.476,2,1
20,0,24,6,N,nb25,1405,1.618,-0.494,2,1
20,0,24,6,N,nb26,1405,1.77,1.078,3,1
20,0,24,6,N,nb27,1405,-1.464,1.678,0,0
20,0,24,6,N,nb28,1405,-1.695,1.575,1,0
20,0,24,6,N,nb29,1405,1.585,-0.826,1,1
20,0,24,6,A,aa0,1405,-1.643,-0.092,2,0
20,0,24,6,A,aa1,1405,1.865,1.39,2,0
20,0,24,6,A,aa2,1405,0.991,-0.335,0,0
20,0,24,6,A,aa3,1405,-1.727,1.773,0,0
20,0,24,6,A,aa4,1405,-1.865,0.066,1,0
20,0,24,6,A,aa5,1405,-0.226,-0.139,0,0
20,0,24,6,N,nb0,1410,0.455,-1.273,0,0
20,0,24,6,N,nb1,1410,1.865,0.766,2,1
20,0,24,6,N,nb2,1410,1.865,-1.858,1,1
20,0,24,6,N,nb3,1410,1.531,-1.835,1,1
20,0,24,6,N,nb4,1410,0.416,-0.23,0,0
20,0,24,6,N,nb5,1410,-1.814,-0.181,1,1
20,0,24,6,N,nb6,1410,1.865,-0.867,2,1
20,0,24,6,N,nb7,1410,1.131,-1.244,0,0
20,0,24,6,N,nb8,1410,-1.7,1.363,3,1
20,0,24,6,N,nb9,1410,-1.865,1.325,3,1
20,0,24,6,N,nb10,1410,-1.867,1.153,1,1
20,0,24,6,N,nb11,1410,1.863,-0.699,2,1
20,0,24,6,N,nb12,1410,1.717,0.849,4,1
20,0,24,6,N,nb13,1410,-1.865,-0.574,1,1
20,0,24,6,N,nb14,1410,-1.865,1.495,3,1
20,0,24,6,N,nb15,1410,-1.696,0.076,0,0
20,0,24,6,N,nb16,1410,1.698,-1.858,2,1
20,0,24,6,N,nb17,1410,1.781,-1.014,1,1
20,0,24,6,N,nb18,1410,1.624,0.991,3,0
20,0,24,6,N,nb19,1410,1.863,0.936,4,0
20,0,24,6,N,nb20,1410,-1.114,1.175,0,0
20,0,24,6,N,nb21,1410,-1.799,-0.418,2,1
20,0,24,6,N,nb22,1410,-1.2,-0.319,0,0
20,0,24,6,N,nb23,1410,1.576,-0.656,2,1
20,0,24,6,N,nb24,1410,1.865,-0.476,2,0
20,0,24,6,N,nb25,1410,1.618,-0.494,2,1
20,0,24,6,N,nb26,1410,1.77,1.078,3,0
20,0,24,6,N,nb27,1410,-1.492,1.655,1,1
20,0,24,6,N,nb28,1410,-1.708,1.558,3,1
20,0,24,6,N,nb29,1410,1.585,-0.826,1,1
20,0,24,6,A,aa0,1410,-1.671,-0.091,2,0
20,0,24,6,A,aa1,1410,1.865,1.461,3,1
20,0,24,6,A,aa2,1410,1.017,-0.238,0,0
20,0,24,6,A,aa3,1410,-1.664,1.836,1,0
20,0,24,6,A,aa4,1410,-1.865,0.087,1,0
20,0,24,6,A,aa5,1410,-0.302,-0.203,0,0
20,0,24,6,N,nb0,1415,0.554,-1.285,0,0
20,0,24,6,N,nb1,1415,1.865,0.766,2,1
20,0,24,6,N,nb2,1415,1.865,-1.858,1,1
20,0,24,6,N,nb3,1415,1.531,-1.835,1,1
20,0,24,6,N,nb4,1415,0.375,-0.139,0,0
20,0,24,6,N,nb5,1415,-1.822,-0.183,1,1
20,0,24,6,N,nb6,1415,1.865,-0.867,2,0
20,0,24,6,N,nb7,1415,1.101,-1.34,0,0
20,0,24,6,N,nb8,1415,-1.701,1.365,3,1
20,0,24,6,N,nb9,1415,-1.865,1.324,3,1
20,0,24,6,N,nb10,1415,-1.867,1.153,1,1
20,0,24,6,N,nb11,1415,1.863,-0.699,2,1
20,0,24,6,N,nb12,1415,1.717,0.849,4,1
20,0,24,6,N,nb13,1415,-1.865,-0.574,1,1
20,0,24,6,N,nb14,1415,-1.865,1.494,3,0
20,0,24,6,N,nb15,1415,-1.701,0.088,0,0
20,0,24,6,N,nb16,1415,1.698,-1.858,2,1
20,0,24,6,N,nb17,1415,1.781,-1.014,1,1
20,0,24,6,N,nb18,1415,1.594,0.966,2,0
20,0,24,6,N,nb19,1415,1.86,0.997,3,0
20,0,24,6,N,nb20,1415,-1.204,1.131,0,0
20,0,24,6,N,nb21,1415,-1.799,-0.418,2,1
20,0,24,6,N,nb22,1415,-1.24,-0.41,0,0
20,0,24,6,N,nb23,1415,1.576,-0.656,2,1
20,0,24,6,N,nb24,1415,1.865,-0.476,2,1
20,0,24,6,N,nb25,1415,1.618,-0.494,2,1
20,0,24,6,N,nb26,1415,1.715,1.085,3,0
20,0,24,6,N,nb27,1415,-1.503,1.644,1,0
20,0,24,6,N,nb28,1415,-1.707,1.556,3,0
20,0,24,6,N,nb29,1415,1.585,-0.826,1,1
20,0,24,6,A,aa0,1415,-1.688,-0.08,2,0
20,0,24,6,A,aa1,1415,1.865,1.54,0,0
20,0,24,6,A,aa2,1415,1.042,-0.141,0,0
20,0,24,6,A,aa3,1415,-1.598,1.866,0,0
20,0,24,6,A,aa4,1415,-1.865,0.129,1,0
20,0,24,6,A,aa5,1415,-0.379,-0.267,0,0
20,0,24,6,N,nb0,1420,0.654,-1.297,0,0
20,0,24,6,N,nb1,1420,1.865,0.766,1,1
20,0,24,6,N,nb2,1420,1.865,-1.858,1,1
20,0,24,6,N,nb3,1420,1.531,-1.835,1,1
20,0,24,6,N,nb4,1420,0.334,-0.048,0,0
20,0,24,6,N,nb5,1420,-1.827,-0.184,1,1
20,0,24,6,N,nb6,1420,1.865,-0.867,2,1
20,0,24,6,N,nb7,1420,1.071,-1.435,0,0
20,0,24,6,N,nb8,1420,-1.701,1.365,3,1
20,0,24,6,N,nb9,1420,-1.865,1.323,3,1
20,0,24,6,N,nb10,1420,-1.867,1.153,1,1
20,0,24,6,N,nb11,1420,1.863,-0.699,2,1
20,0,24,6,N,nb12,1420,1.717,0.849,3,1
20,0,24,6,N,nb13,1420,-1.865,-0.574,1,1
20,0,24,6,N,nb14,1420,-1.865,1.493,3,0
20,0,24,6,N,nb15,1420,-1.71,0.104,0,0
20,0,24,6,N,nb16,1420,1.698,-1.858,2,1
20,0,24,6,N,nb17,1420,1.781,-1.014,1,1
20,0,24,6,N,nb18,1420,1.554,0.895,2,1
20,0,24,6,N,nb19,1420,1.842,1.087,1,1
20,0,24,6,N,nb20,1420,-1.294,1.087,0,0
20,0,24,6,N,nb21,1420,-1.799,-0.418,2,1
20,0,24,6,N,nb22,1420,-1.28,-0.502,0,0
20,0,24,6,N,nb23,1420,1.576,-0.656,2,1
20,0,24,6,N,nb24,1420,1.865,-0.476,2,1
20,0,24,6,N,nb25,1420,1.618,-0.494,2,1
20,0,24,6,N,nb26,1420,1.639,1.042,3,1
20,0,24,6,N,nb27,1420,-1.542,1.594,1,0
20,0,24,6,N,nb28,1420,-1.701,1.534,3,0
20,0,24,6,N,nb29,1420,1.585,-0.826,1,1
20,0,24,6,A,aa0,1420,-1.707,-0.065,2,0
20,0,24,6,A,aa1,1420,1.865,1.625,0,0
20,0,24,6,A,aa2,1420,1.068,-0.045,0,0
20,0,24,6,A,aa3,1420,-1.582,1.866,0,0
20,0,24,6,A,aa4,1420,-1.865,0.172,1,0
20,0,24,6,A,aa5,1420,-0.456,-0.331,0,0
20,0,24,6,N,nb0,1425,0.753,-1.309,0,0
20,0,24,6,N,nb1,1425,1.865,0.766,1,1
20,0,24,6,N,nb2,1425,1.865,-1.858,1,1
20,0,24,6,N,nb3,1425,1.531,-1.835,1,1
20,0,24,6,N,nb4,1425,0.293,0.044,0,0
20,0,24,6,N,nb5,1425,-1.827,-0.184,1,1
20,0,24,6,N,nb6,1425,1.865,-0.867,2,1
20,0,24,6,N,nb7,1425,1.041,-1.53,0,0
20,0,24,6,N,nb8,1425,-1.701,1.365,3,1
20,0,24,6,N,nb9,1425,-1.865,1.323,3,1
20,0,24,6,N,nb10,1425,-1.867,1.153,1,1
20,0,24,6,N,nb11,1425,1.863,-0.699,2,1
20,0,24,6,N,nb12,1425,1.717,0.849,3,1
20,0,24,6,N,nb13,1425,-1.865,-0.574,1,1
20,0,24,6,N,nb14,1425,-1.865,1.493,3,1
20,0,24,6,N,nb15,1425,-1.722,0.129,0,0
20,0,24,6,N,nb16,1425,1.698,-1.858,2,1
20,0,24,6,N,nb17,1425,1.781,-1.014,1,1
20,0,24,6,N,nb18,1425,1.553,0.893,2,1
20,0,24,6,N,nb19,1425,1.842,1.09,1,1
20,0,24,6,N,nb20,1425,-1.384,1.043,0,0
20,0,24,6,N,nb21,1425,-1.799,-0.418,2,1
20,0,24,6,N,nb22,1425,-1.32,-0.594,0,0
20,0,24,6,N,nb23,1425,1.576,-0.656,2,1
20,0,24,6,N,nb24,1425,1.865,-0.476,2,1
20,0,24,6,N,nb25,1425,1.618,-0.494,2,1
20,0,24,6,N,nb26,1425,1.637,1.04,3,1
20,0,24,6,N,nb27,1425,-1.537,1.576,1,1
20,0,24,6,N,nb28,1425,-1.701,1.534,3,1
20,0,24,6,N,nb29,1425,1.585,-0.826,1,1
20,0,24,6,A,aa0,1425,-1.737,-0.041,1,0
20,0,24,6,A,aa1,1425,1.865,1.714,0,0
20,0,24,6,A,aa2,1425,1.093,0.052,0,0
20,0,24,6,A,aa3,1425,-1.576,1.866,0,0
20,0,24,6,A,aa4,1425,-1.865,0.22,1,0
20,0,24,6,A,aa5,1425,-0.533,-0.395,0,0
20,0,24,6,N,nb0,1430,0.852,-1.321,0,0
20,0,24,6,N,nb1,1430,1.865,0.766,1,1
20,0,24,6,N,nb2,1430,1.865,-1.858,1,1
20,0,24,6,N,nb3,1430,1.531,-1.835,1,1
20,0,24,6,N,nb4,1430,0.252,0.135,0,0
20,0,24,6,N,nb5,1430,-1.827,-0.184,1,1
20,0,24,6,N,nb6,1430,1.865,-0.867,2,1
20,0,24,6,N,nb7,1430,1.011,-1.626,0,0
20,0,24,6,N,nb8,1430,-1.701,1.365,3,1
20,0,24,6,N,nb9,1430,-1.865,1.323,3,1
20,0,24,6,N,nb10,1430,-1.867,1.153,1,1
20,0,24,6,N,nb11,1430,1.863,-0.699,2,1
20,0,24,6,N,nb12,1430,1.717,0.849,3,1
20,0,24,6,N,nb13,1430,-1.865,-0.574,1,1
20,0,24,6,N,nb14,1430,-1.865,1.495,3,0
20,0,24,6,N,nb15,1430,-1.758,0.159,0,0
20,0,24,6,N,nb16,1430,1.698,-1.858,2,1
20,0,24,6,N,nb17,1430,1.781,-1.014,1,0
20,0,24,6,N,nb18,1430,1.553,0.893,2,1
20,0,24,6,N,nb19,1430,1.842,1.09,1,1
20,0,24,6,N,nb20,1430,-1.473,0.999,0,0
20,0,24,6,N,nb21,1430,-1.799,-0.418,2,1
20,0,24,6,N,nb22,1430,-1.36,-0.685,0,0
20,0,24,6,N,nb23,1430,1.576,-0.656,2,1
20,0,24,6,N,nb24,1430,1.865,-0.476,2,1
20,0,24,6,N,nb25,1430,1.618,-0.494,2,1
20,0,24,6,N,nb26,1430,1.637,1.04,3,1
20,0,24,6,N,nb27,1430,-1.533,1.562,1,0
20,0,24,6,N,nb28,1430,-1.7,1.534,3,0
20,0,24,6,N,nb29,1430,1.585,-0.826,1,0
20,0,24,6,A,aa0,1430,-1.782,-0.021,1,0
20,0,24,6,A,aa1,1430,1.865,1.805,0,0
20,0,24,6,A,aa2,1430,1.109,0.113,0,0
20,0,24,6,A,aa3,1430,-1.552,1.866,0,0
20,0,24,6,A,aa4,1430,-1.865,0.29,0,0
20,0,24,6,A,aa5,1430,-0.609,-0.459,0,0
20,0,24,6,N,nb0,1435,0.952,-1.333,0,0
20,0,24,6,N,nb1,1435,1.865,0.766,1,1
20,0,24,6,N,nb2,1435,1.865,-1.858,1,1
20,0,24,6,N,nb3,1435,1.531,-1.835,1,1
20,0,24,6,N,nb4,1435,0.211,0.226,0,0
20,0,24,6,N,nb5,1435,-1.827,-0.184,1,1
20,0,24,6,N,nb6,1435,1.865,-0.867,2,1
20,0,24,6,N,nb7,1435,0.981,-1.721,0,0
20,0,24,6,N,nb8,1435,-1.701,1.365,4,1
20,0,24,6,N,nb9,1435,-1.865,1.323,3,0
20,0,24,6,N,nb10,1435,-1.867,1.153,1,0
20,0,24,6,N,nb11,1435,1.863,-0.699,2,1
20,0,24,6,N,nb12,1435,1.717,0.849,3,1
20,0,24,6,N,nb13,1435,-1.865,-0.574,1,1
20,0,24,6,N,nb14,1435,-1.865,1.515,3,0
20,0,24,6,N,nb15,1435,-1.825,0.208,0,0
20,0,24,6,N,nb16,1435,1.698,-1.858,2,1
20,0,24,6,N,nb17,1435,1.781,-1.014,1,1
20,0,24,6,N,nb18,1435,1.553,0.893,2,1
20,0,24,6,N,nb19,1435,1.842,1.09,1,1
20,0,24,6,N,nb20,1435,-1.563,0.955,0,0
20,0,24,6,N,nb21,1435,-1.799,-0.418,2,1
20,0,24,6,N,nb22,1435,-1.4,-0.777,0,0
20,0,24,6,N,nb23,1435,1.576,-0.656,2,1
20,0,24,6,N,nb24,1435,1.865,-0.476,2,1
20,0,24,6,N,nb25,1435,1.618,-0.494,2,1
20,0,24,6,N,nb26,1435,1.637,1.04,3,1
20,0,24,6,N,nb27,1435,-1.532,1.496,2,0
20,0,24,6,N,nb28,1435,-1.697,1.534,3,0
20,0,24,6,N,nb29,1435,1.585,-0.826,1,1
20,0,24,6,A,aa0,1435,-1.855,-0.017,1,0
20,0,24,6,A,aa1,1435,1.86,1.865,0,0
20,0,24,6,A,aa2,1435,1.093,0.146,0,0
20,0,24,6,A,aa3,1435,-1.513,1.866,0,0
20,0,24,6,A,aa4,1435,-1.865,0.373,0,0
20,0,24,6,A,aa5,1435,-0.686,-0.523,0,0
20,0,24,6,N,nb0,1440,1.051,-1.345,0,0
20,0,24,6,N,nb1,1440,1.865,0.766,1,1
20,0,24,6,N,nb2,1440,1.865,-1.858,1,1
20,0,24,6,N,nb3,1440,1.531,-1.835,1,1
20,0,24,6,N,nb4,1440,0.17,0.317,0,0
20,0,24,6,N,nb5,1440,-1.827,-0.184,1,1
20,0,24,6,N,nb6,1440,1.865,-0.867,2,1
20,0,24,6,N,nb7,1440,0.952,-1.811,0,0
20,0,24,6,N,nb8,1440,-1.701,1.365,4,0
20,0,24,6,N,nb9,1440,-1.865,1.323,3,1
20,0,24,6,N,nb10,1440,-1.867,1.153,1,1
20,0,24,6,N,nb11,1440,1.863,-0.699,2,1
20,0,24,6,N,nb12,1440,1.717,0.849,3,1
20,0,24,6,N,nb13,1440,-1.865,-0.574,1,1
20,0,24,6,N,nb14,1440,-1.865,1.53,3,1
20,0,24,6,N,nb15,1440,-1.866,0.25,0,0
20,0,24,6,N,nb16,1440,1.698,-1.858,2,1
20,0,24,6,N,nb17,1440,1.781,-1.014,1,1
20,0,24,6,N,nb18,1440,1.553,0.893,2,1
20,0,24,6,N,nb19,1440,1.842,1.09,1,1
20,0,24,6,N,nb20,1440,-1.653,0.911,0,0
20,0,24,6,N,nb21,1440,-1.799,-0.418,2,1
20,0,24,6,N,nb22,1440,-1.44,-0.869,0,0
20,0,24,6,N,nb23,1440,1.576,-0.656,2,1
20,0,24,6,N,nb24,1440,1.865,-0.476,2,1
20,0,24,6,N,nb25,1440,1.618,-0.494,2,1
20,0,24,6,N,nb26,1440,1.637,1.04,3,1
20,0,24,6,N,nb27,1440,-1.545,1.44,2,1
20,0,24,6,N,nb28,1440,-1.696,1.534,3,1
20,0,24,6,N,nb29,1440,1.585,-0.826,1,1
20,0,24,6,A,aa0,1440,-1.866,-0.019,1,0
20,0,24,6,A,aa1,1440,1.847,1.865,0,0
20,0,24,6,A,aa2,1440,1.092,0.149,0,0
20,0,24,6,A,aa3,1440,-1.459,1.866,3,1
20,0,24,6,A,aa4,1440,-1.865,0.447,0,0
20,0,24,6,A,aa5,1440,-0.763,-0.587,0,0
20,0,24,6,N,nb0,1445,1.15,-1.358,0,0
20,0,24,6,N,nb1,1445,1.865,0.766,1,1
20,0,24,6,N,nb2,1445,1.865,-1.858,1,1
20,0,24,6,N,nb3,1445,1.531,-1.835,1,1
20,0,24,6,N,nb4,1445,0.129,0.408,0,0
20,0,24,6,N,nb5,1445,-1.827,-0.184,1,1
20,0,24,6,N,nb6,1445,1.865,-0.867,2,1
20,0,24,6,N,nb7,1445,0.916,-1.866,0,0
20,0,24,6,N,nb8,1445,-1.701,1.365,4,1
20,0,24,6,N,nb9,1445,-1.865,1.323,3,1
20,0,24,6,N,nb10,1445,-1.867,1.153,1,1
20,0,24,6,N,nb11,1445,1.863,-0.699,2,0
20,0,24,6,N,nb12,1445,1.717,0.849,3,1
20,0,24,6,N,nb13,1445,-1.865,-0.574,1,1
20,0,24,6,N,nb14,1445,-1.865,1.545,3,0
20,0,24,6,N,nb15,1445,-1.866,0.29,0,0
20,0,24,6,N,nb16,1445,1.698,-1.858,2,1
20,0,24,6,N,nb17,1445,1.781,-1.014,1,1
20,0,24,6,N,nb18,1445,1.553,0.893,2,1
20,0,24,6,N,nb19,1445,1.842,1.09,1,1
20,0,24,6,N,nb20,1445,-1.743,0.867,0,0
20,0,24,6,N,nb21,1445,-1.799,-0.418,2,1
20,0,24,6,N,nb22,1445,-1.48,-0.96,0,0
20,0,24,6,N,nb23,1445,1.576,-0.656,2,1
20,0,24,6,N,nb24,1445,1.865,-0.476,2,1
20,0,24,6,N,nb25,1445,1.618,-0.494,2,1
20,0,24,6,N,nb26,1445,1.637,1.04,3,1
20,0,24,6,N,nb27,1445,-1.536,1.406,2,0
20,0,24,6,N,nb28,1445,-1.696,1.534,3,0
20,0,24,6,N,nb29,1445,1.585,-0.826,1,1
20,0,24,6,A,aa0,1445,-1.866,-0.013,1,0
20,0,24,6,A,aa1,1445,1.819,1.865,0,0
20,0,24,6,A,aa2,1445,1.003,0.187,0,0
20,0,24,6,A,aa3,1445,-1.394,1.866,0,0
20,0,24,6,A,aa4,1445,-1.865,0.525,0,0
20,0,24,6,A,aa5,1445,-0.839,-0.652,0,0
20,0,24,6,N,nb0,1450,1.249,-1.37,0,0
20,0,24,6,N,nb1,1450,1.865,0.766,1,1
20,0,24,6,N,nb2,1450,1.865,-1.858,1,1
20,0,24,6,N,nb3,1450,1.531,-1.835,1,1
20,0,24,6,N,nb4,1450,0.088,0.5,0,0
20,0,24,6,N,nb5,1450,-1.827,-0.184,1,1
20,0,24,6,N,nb6,1450,1.865,-0.867,2,1
20,0,24,6,N,nb7,1450,0.869,-1.866,0,0
20,0,24,6,N,nb8,1450,-1.701,1.365,3,1
20,0,24,6,N,nb9,1450,-1.865,1.323,3,1
20,0,24,6,N,nb10,1450,-1.867,1.153,1,1
20,0,24,6,N,nb11,1450,1.863,-0.699,2,1
20,0,24,6,N,nb12,1450,1.717,0.849,3,1
20,0,24,6,N,nb13,1450,-1.865,-0.574,1,1
20,0,24,6,N,nb14,1450,-1.865,1.571,2,0
20,0,24,6,N,nb15,1450,-1.866,0.345,0,0
20,0,24,6,N,nb16,1450,1.698,-1.858,2,1
20,0,24,6,N,nb17,1450,1.781,-1.014,1,1
20,0,24,6,N,nb18,1450,1.553,0.893,2,0
20,0,24,6,N,nb19,1450,1.842,1.09,1,0
20,0,24,6,N,nb20,1450,-1.825,0.825,0,0
20,0,24,6,N,nb21,1450,-1.799,-0.418,2,1
20,0,24,6,N,nb22,1450,-1.52,-1.052,0,0
20,0,24,6,N,nb23,1450,1.576,-0.656,2,1
20,0,24,6,N,nb24,1450,1.865,-0.476,2,1
20,0,24,6,N,nb25,1450,1.618,-0.494,2,1
20,0,24,6,N,nb26,1450,1.637,1.04,3,0
20,0,24,6,N,nb27,1450,-1.532,1.322,1,0
20,0,24,6,N,nb28,1450,-1.7,1.534,2,0
20,0,24,6,N,nb29,1450,1.585,-0.826,1,1
20,0,24,6,A,aa0,1450,-1.866,0.006,1,0
20,0,24,6,A,aa1,1450,1.778,1.865,0,0
20,0,24,6,A,aa2,1450,0.911,0.226,0,0
20,0,24,6,A,aa3,1450,-1.319,1.866,0,0
20,0,24,6,A,aa4,1450,-1.865,0.609,0,0
20,0,24,6,A,aa5,1450,-0.916,-0.716,0,0
20,0,24,6,N,nb0,1455,1.349,-1.382,0,0
20,0,24,6,N,nb1,1455,1.865,0.766,1,1
20,0,24,6,N,nb2,1455,1.865,-1.858,1,1
20,0,24,6,N,nb3,1455,1.531,-1.835,1,1
20,0,24,6,N,nb4,1455,0.047,0.591,0,0
20,0,24,6,N,nb5,1455,-1.827,-0.184,1,1
20,0,24,6,N,nb6,1455,1.865,-0.867,2,1
20,0,24,6,N,nb7,1455,0.809,-1.866,0,0
20,0,24,6,N,nb8,1455,-1.701,1.365,3,1
20,0,24,6,N,nb9,1455,-1.865,1.323,2,1
20,0,24,6,N,nb10,1455,-1.867,1.153,1,1
20,0,24,6,N,nb11,1455,1.863,-0.699,2,1
20,0,24,6,N,nb12,1455,1.717,0.849,3,1
20,0,24,6,N,nb13,1455,-1.865,-0.574,1,1
20,0,24,6,N,nb14,1455,-1.865,1.582,1,1
20,0,24,6,N,nb15,1455,-1.866,0.411,0,0
20,0,24,6,N,nb16,1455,1.698,-1.858,2,1
20,0,24,6,N,nb17,1455,1.781,-1.014,1,1
20,0,24,6,N,nb18,1455,1.553,0.893,2,1
20,0,24,6,N,nb19,1455,1.842,1.09,1,1
20,0,24,6,N,nb20,1455,-1.863,0.83,0,0
20,0,24,6,N,nb21,1455,-1.799,-0.418,2,1
20,0,24,6,N,nb22,1455,-1.56,-1.143,0,0
20,0,24,6,N,nb23,1455,1.576,-0.656,2,1
20,0,24,6,N,nb24,1455,1.865,-0.476,2,1
20,0,24,6,N,nb25,1455,1.618,-0.494,2,1
20,0,24,6,N,nb26,1455,1.637,1.04,3,1
20,0,24,6,N,nb27,1455,-1.532,1.281,1,1
20,0,24,6,N,nb28,1455,-1.702,1.534,2,1
20,0,24,6,N,nb29,1455,1.585,-0.826,1,1
20,0,24,6,A,aa0,1455,-1.866,0.039,1,0
20,0,24,6,A,aa1,1455,1.724,1.865,0,0
20,0,24,6,A,aa2,1455,0.871,0.243,0,0
20,0,24,6,A,aa3,1455,-1.317,1.866,1,0
20,0,24,6,A,aa4,1455,-1.865,0.662,0,0
20,0,24,6,A,aa5,1455,-0.993,-0.78,0,0
20,0,24,6,N,nb0,1460,1.448,-1.394,0,0
20,0,24,6,N,nb1,1460,1.865,0.766,1,1
20,0,24,6,N,nb2,1460,1.865,-1.858,1,1
20,0,24,6,N,nb3,1460,1.531,-1.835,1,1
20,0,24,6,N,nb4,1460,0.006,0.682,0,0
20,0,24,6,N,nb5,1460,-1.827,-0.184,1,1
20,0,24,6,N,nb6,1460,1.865,-0.867,2,1
20,0,24,6,N,nb7,1460,0.739,-1.866,0,0
20,0,24,6,N,nb8,1460,-1.701,1.365,3,1
20,0,24,6,N,nb9,1460,-1.865,1.323,2,1
20,0,24,6,N,nb10,1460,-1.867,1.153,1,1
20,0,24,6,N,nb11,1460,1.863,-0.699,2,1
20,0,24,6,N,nb12,1460,1.717,0.849,3,1
20,0,24,6,N,nb13,1460,-1.865,-0.574,1,1
20,0,24,6,N,nb14,1460,-1.865,1.582,1,1
20,0,24,6,N,nb15,1460,-1.866,0.487,0,0
20,0,24,6,N,nb16,1460,1.698,-1.858,2,1
20,0,24,6,N,nb17,1460,1.781,-1.014,1,1
20,0,24,6,N,nb18,1460,1.553,0.893,2,1
20,0,24,6,N,nb19,1460,1.842,1.09,1,1
20,0,24,6,N,nb20,1460,-1.865,0.892,0,0
20,0,24,6,N,nb21,1460,-1.799,-0.418,2,1
20,0,24,6,N,nb22,1460,-1.6,-1.235,0,0
20,0,24,6,N,nb23,1460,1.576,-0.656,2,1
20,0,24,6,N,nb24,1460,1.865,-0.476,2,1
20,0,24,6,N,nb25,1460,1.618,-0.494,2,1
20,0,24,6,N,nb26,1460,1.637,1.04,3,1
20,0,24,6,N,nb27,1460,-1.532,1.281,1,1
20,0,24,6,N,nb28,1460,-1.702,1.534,2,1
20,0,24,6,N,nb29,1460,1.585,-0.826,1,1
20,0,24,6,A,aa0,1460,-1.866,0.086,1,0
20,0,24,6,A,aa1,1460,1.659,1.865,0,0
20,0,24,6,A,aa2,1460,0.817,0.226,0,0
20,0,24,6,A,aa3,1460,-1.311,1.866,1,0
20,0,24,6,A,aa4,1460,-1.861,0.724,0,0
20,0,24,6,A,aa5,1460,-1.07,-0.844,0,0
20,0,24,6,N,nb0,1465,1.547,-1.406,0,0
20,0,24,6,N,nb1,1465,1.865,0.766,1,1
20,0,24,6,N,nb2,1465,1.865,-1.858,1,1
20,0,24,6,N,nb3,1465,1.531,-1.835,1,1
20,0,24,6,N,nb4,1465,-0.035,0.773,0,0
20,0,24,6,N,nb5,1465,-1.827,-0.184,1,1
20,0,24,6,N,nb6,1465,1.865,-0.867,2,1
20,0,24,6,N,nb7,1465,0.66,-1.866,0,0
20,0,24,6,N,nb8,1465,-1.701,1.365,3,1
20,0,24,6,N,nb9,1465,-1.865,1.323,2,1
20,0,24,6,N,nb10,1465,-1.867,1.153,2,1
20,0,24,6,N,nb11,1465,1.863,-0.699,2,1
20,0,24,6,N,nb12,1465,1.717,0.849,3,1
20,0,24,6,N,nb13,1465,-1.865,-0.574,1,1
20,0,24,6,N,nb14,1465,-1.865,1.582,1,1
20,0,24,6,N,nb15,1465,-1.866,0.569,0,0
20,0,24,6,N,nb16,1465,1.698,-1.858,2,1
20,0,24,6,N,nb17,1465,1.781,-1.014,1,1
20,0,24,6,N,nb18,1465,1.553,0.893,2,1
20,0,24,6,N,nb19,1465,1.842,1.09,1,1
20,0,24,6,N,nb20,1465,-1.85,0.97,1,1
20,0,24,6,N,nb21,1465,-1.799,-0.418,2,1
20,0,24,6,N,nb22,1465,-1.64,-1.327,0,0
20,0,24,6,N,nb23,1465,1.576,-0.656,2,1
20,0,24,6,N,nb24,1465,1.865,-0.476,2,1
20,0,24,6,N,nb25,1465,1.618,-0.494,2,1
20,0,24,6,N,nb26,1465,1.637,1.04,3,1
20,0,24,6,N,nb27,1465,-1.532,1.281,1,1
20,0,24,6,N,nb28,1465,-1.702,1.534,2,1
20,0,24,6,N,nb29,1465,1.585,-0.826,1,1
20,0,24,6,A,aa0,1465,-1.866,0.145,0,0
20,0,24,6,A,aa1,1465,1.584,1.865,0,0
20,0,24,6,A,aa2,1465,0.722,0.195,0,0
20,0,24,6,A,aa3,1465,-1.288,1.866,1,0
20,0,24,6,A,aa4,1465,-1.854,0.802,2,0
20,0,24,6,A,aa5,1465,-1.146,-0.908,0,0
20,0,24,6,N,nb0,1470,1.646,-1.418,0,0
20,0,24,6,N,nb1,1470,1.865,0.766,1,1
20,0,24,6,N,nb2,1470,1.865,-1.858,1,1
20,0,24,6,N,nb3,1470,1.531,-1.835,1,1
20,0,24,6,N,nb4,1470,-0.076,0.864,0,0
20,0,24,6,N,nb5,1470,-1.827,-0.184,1,1
20,0,24,6,N,nb6,1470,1.865,-0.867,2,1
20,0,24,6,N,nb7,1470,0.576,-1.866,0,0
20,0,24,6,N,nb8,1470,-1.701,1.365,3,1
20,0,24,6,N,nb9,1470,-1.865,1.324,2,1
20,0,24,6,N,nb10,1470,-1.866,1.154,2,1
20,0,24,6,N,nb11,1470,1.863,-0.699,2,1
20,0,24,6,N,nb12,1470,1.717,0.849,3,1
20,0,24,6,N,nb13,1470,-1.865,-0.574,1,1
20,0,24,6,N,nb14,1470,-1.865,1.582,1,1
20,0,24,6,N,nb15,1470,-1.866,0.649,0,0
20,0,24,6,N,nb16,1470,1.698,-1.858,2,1
20,0,24,6,N,nb17,1470,1.781,-1.014,1,1
20,0,24,6,N,nb18,1470,1.553,0.893,2,1
20,0,24,6,N,nb19,1470,1.842,1.09,1,1
20,0,24,6,N,nb20,1470,-1.845,0.986,1,1
20,0,24,6,N,nb21,1470,-1.799,-0.418,2,1
20,0,24,6,N,nb22,1470,-1.68,-1.418,0,0
20,0,24,6,N,nb23,1470,1.576,-0.656,2,1
20,0,24,6,N,nb24,1470,1.865,-0.476,2,1
20,0,24,6,N,nb25,1470,1.618,-0.494,2,0
20,0,24,6,N,nb26,1470,1.637,1.04,3,1
20,0,24,6,N,nb27,1470,-1.532,1.281,1,1
20,0,24,6,N,nb28,1470,-1.702,1.534,2,1
20,0,24,6,N,nb29,1470,1.585,-0.826,1,1
20,0,24,6,A,aa0,1470,-1.866,0.215,1,0
20,0,24,6,A,aa1,1470,1.502,1.865,0,0
20,0,24,6,A,aa2,1470,0.627,0.164,0,0
20,0,24,6,A,aa3,1470,-1.281,1.866,1,0
20,0,24,6,A,aa4,1470,-1.86,0.818,1,0
20,0,24,6,A,aa5,1470,-1.164,-0.923,0,0
20,0,24,6,N,nb0,1475,1.746,-1.43,0,0
20,0,24,6,N,nb1,1475,1.865,0.766,1,1
20,0,24,6,N,nb2,1475,1.865,-1.858,1,0
20,0,24,6,N,nb3,1475,1.531,-1.835,1,0
20,0,24,6,N,nb4,1475,-0.117,0.956,0,0
20,0,24,6,N,nb5,1475,-1.827,-0.184,1,1
20,0,24,6,N,nb6,1475,1.865,-0.867,2,1
20,0,24,6,N,nb7,1475,0.487,-1.866,0,0
20,0,24,6,N,nb8,1475,-1.701,1.365,3,1
20,0,24,6,N,nb9,1475,-1.865,1.324,2,1
20,0,24,6,N,nb10,1475,-1.866,1.154,2,1
20,0,24,6,N,nb11,1475,1.863,-0.699,2,1
20,0,24,6,N,nb12,1475,1.717,0.849,3,1
20,0,24,6,N,nb13,1475,-1.865,-0.574,1,1
20,0,24,6,N,nb14,1475,-1.865,1.582,1,1
20,0,24,6,N,nb15,1475,-1.866,0.649,0,0
20,0,24,6,N,nb16,1475,1.698,-1.858,2,0
20,0,24,6,N,nb17,1475,1.781,-1.014,1,1
20,0,24,6,N,nb18,1475,1.553,0.893,2,1
20,0,24,6,N,nb19,1475,1.842,1.09,1,1
20,0,24,6,N,nb20,1475,-1.845,0.986,1,1
20,0,24,6,N,nb21,1475,-1.799,-0.418,2,1
20,0,24,6,N,nb22,1475,-1.72,-1.51,0,0
20,0,24,6,N,nb23,1475,1.576,-0.656,2,1
20,0,24,6,N,nb24,1475,1.865,-0.476,2,1
20,0,24,6,N,nb25,1475,1.618,-0.494,2,1
20,0,24,6,N,nb26,1475,1.637,1.04,3,1
20,0,24,6,N,nb27,1475,-1.532,1.281,1,1
20,0,24,6,N,nb28,1475,-1.702,1.534,2,1
20,0,24,6,N,nb29,1475,1.585,-0.826,1,1
20,0,24,6,A,aa0,1475,-1.866,0.293,1,0
20,0,24,6,A,aa1,1475,1.416,1.865,0,0
20,0,24,6,A,aa2,1475,0.532,0.133,0,0
20,0,24,6,A,aa3,1475,-1.294,1.866,1,0
20,0,24,6,A,aa4,1475,-1.865,0.819,1,0
20,0,24,6,A,aa5,1475,-1.166,-0.98,0,0
20,0,24,6,N,nb0,1480,1.833,-1.444,0,0
20,0,24,6,N,nb1,1480,1.865,0.766,1,1
20,0,24,6,N,nb2,1480,1.865,-1.858,1,1
20,0,24,6,N,nb3,1480,1.531,-1.835,1,1
20,0,24,6,N,nb4,1480,-0.158,1.047,0,0
20,0,24,6,N,nb5,1480,-1.827,-0.184,1,1
20,0,24,6,N,nb6,1480,1.865,-0.867,2,1
20,0,24,6,N,nb7,1480,0.396,-1.866,0,0
20,0,24,6,N,nb8,1480,-1.701,1.365,3,1
20,0,24,6,N,nb9,1480,-1.865,1.324,2,1
20,0,24,6,N,nb10,1480,-1.866,1.154,2,1
20,0,24,6,N,nb11,1480,1.863,-0.699,2,1
20,0,24,6,N,nb12,1480,1.717,0.849,3,1
20,0,24,6,N,nb13,1480,-1.865,-0.574,1,1
20,0,24,6,N,nb14,1480,-1.865,1.582,1,1
20,0,24,6,N,nb15,1480,-1.866,0.649,0,0
20,0,24,6,N,nb16,1480,1.698,-1.858,2,1
20,0,24,6,N,nb17,1480,1.781,-1.014,1,1
20,0,24,6,N,nb18,1480,1.553,0.893,2,1
20,0,24,6,N,nb19,1480,1.842,1.09,1,1
20,0,24,6,N,nb20,1480,-1.845,0.986,1,1
20,0,24,6,N,nb21,1480,-1.799,-0.418,2,1
20,0,24,6,N,nb22,1480,-1.76,-1.602,0,0
20,0,24,6,N,nb23,1480,1.576,-0.656,2,1
20,0,24,6,N,nb24,1480,1.865,-0.476,2,1
20,0,24,6,N,nb25,1480,1.618,-0.494,2,1
20,0,24,6,N,nb26,1480,1.637,1.04,3,1
20,0,24,6,N,nb27,1480,-1.532,1.281,1,1
20,0,24,6,N,nb28,1480,-1.702,1.534,2,1
20,0,24,6,N,nb29,1480,1.585,-0.826,1,1
20,0,24,6,A,aa0,1480,-1.866,0.378,1,0
20,0,24,6,A,aa1,1480,1.325,1.865,0,0
20,0,24,6,A,aa2,1480,0.437,0.103,0,0
20,0,24,6,A,aa3,1480,-1.339,1.866,2,0
20,0,24,6,A,aa4,1480,-1.865,0.819,1,0
20,0,24,6,A,aa5,1480,-1.167,-1.08,0,0
20,0,24,6,N,nb0,1485,1.866,-1.471,0,0
20,0,24,6,N,nb1,1485,1.865,0.766,1,1
20,0,24,6,N,nb2,1485,1.865,-1.858,1,1
20,0,24,6,N,nb3,1485,1.531,-1.835,1,1
20,0,24,6,N,nb4,1485,-0.199,1.138,0,0
20,0,24,6,N,nb5,1485,-1.827,-0.184,1,1
20,0,24,6,N,nb6,1485,1.865,-0.867,2,1
20,0,24,6,N,nb7,1485,0.304,-1.861,0,0
20,0,24,6,N,nb8,1485,-1.701,1.365,3,0
20,0,24,6,N,nb9,1485,-1.865,1.324,2,1
20,0,24,6,N,nb10,1485,-1.866,1.154,2,1
20,0,24,6,N,nb11,1485,1.863,-0.699,2,1
20,0,24,6,N,nb12,1485,1.717,0.849,3,1
20,0,24,6,N,nb13,1485,-1.865,-0.574,1,1
20,0,24,6,N,nb14,1485,-1.865,1.582,1,0
20,0,24,6,N,nb15,1485,-1.866,0.649,0,0
20,0,24,6,N,nb16,1485,1.698,-1.858,2,1
20,0,24,6,N,nb17,1485,1.781,-1.014,1,1
20,0,24,6,N,nb18,1485,1.553,0.893,2,1
20,0,24,6,N,nb19,1485,1.842,1.09,1,1
20,0,24,6,N,nb20,1485,-1.845,0.986,1,1
20,0,24,6,N,nb21,1485,-1.799,-0.418,2,1
20,0,24,6,N,nb22,1485,-1.795,-1.688,0,0
20,0,24,6,N,nb23,1485,1.576,-0.656,2,1
20,0,24,6,N,nb24,1485,1.865,-0.476,2,1
20,0,24,6,N,nb25,1485,1.618,-0.494,2,1
20,0,24,6,N,nb26,1485,1.637,1.04,3,1
20,0,24,6,N,nb27,1485,-1.532,1.281,1,1
20,0,24,6,N,nb28,1485,-1.702,1.534,2,0
20,0,24,6,N,nb29,1485,1.585,-0.826,1,1
20,0,24,6,A,aa0,1485,-1.866,0.466,0,0
20,0,24,6,A,aa1,1485,1.233,1.864,0,0
20,0,24,6,A,aa2,1485,0.342,0.072,0,0
20,0,24,6,A,aa3,1485,-1.398,1.866,3,1
20,0,24,6,A,aa4,1485,-1.865,0.819,1,0
20,0,24,6,A,aa5,1485,-1.169,-1.18,0,0
20,0,24,6,N,nb0,1490,1.866,-1.512,0,0
20,0,24,6,N,nb1,1490,1.865,0.766,1,1
20,0,24,6,N,nb2,1490,1.865,-1.858,1,1
20,0,24,6,N,nb3,1490,1.531,-1.835,1,1
20,0,24,6,N,nb4,1490,-0.24,1.229,0,0
20,0,24,6,N,nb5,1490,-1.827,-0.184,1,1
20,0,24,6,N,nb6,1490,1.865,-0.867,2,1
20,0,24,6,N,nb7,1490,0.212,-1.845,0,0
20,0,24,6,N,nb8,1490,-1.704,1.401,3,0
20,0,24,6,N,nb9,1490,-1.865,1.349,2,1
20,0,24,6,N,nb10,1490,-1.864,1.179,2,1
20,0,24,6,N,nb11,1490,1.863,-0.699,2,1
20,0,24,6,N,nb12,1490,1.717,0.849,3,1
20,0,24,6,N,nb13,1490,-1.865,-0.574,1,1
20,0,24,6,N,nb14,1490,-1.865,1.643,1,0
20,0,24,6,N,nb15,1490,-1.855,0.681,0,0
20,0,24,6,N,nb16,1490,1.698,-1.858,2,1
20,0,24,6,N,nb17,1490,1.781,-1.014,1,1
20,0,24,6,N,nb18,1490,1.553,0.893,2,1
20,0,24,6,N,nb19,1490,1.842,1.09,1,1
20,0,24,6,N,nb20,1490,-1.819,1.016,1,1
20,0,24,6,N,nb21,1490,-1.799,-0.418,2,0
20,0,24,6,N,nb22,1490,-1.818,-1.775,0,0
20,0,24,6,N,nb23,1490,1.576,-0.656,2,1
20,0,24,6,N,nb24,1490,1.865,-0.476,2,1
20,0,24,6,N,nb25,1490,1.618,-0.494,2,1
20,0,24,6,N,nb26,1490,1.637,1.04,3,1
20,0,24,6,N,nb27,1490,-1.529,1.227,1,0
20,0,24,6,N,nb28,1490,-1.712,1.57,2,0
20,0,24,6,N,nb29,1490,1.585,-0.826,1,1
20,0,24,6,A,aa0,1490,-1.866,0.512,0,0
20,0,24,6,A,aa1,1490,1.141,1.853,0,0
20,0,24,6,A,aa2,1490,0.246,0.041,0,0
20,0,24,6,A,aa3,1490,-1.468,1.866,0,0
20,0,24,6,A,aa4,1490,-1.843,0.85,1,0
20,0,24,6,A,aa5,1490,-1.171,-1.28,0,0
20,0,24,6,N,nb0,1495,1.866,-1.566,0,0
20,0,24,6,N,nb1,1495,1.865,0.766,1,1
20,0,24,6,N,nb2,1495,1.865,-1.858,1,1
20,0,24,6,N,nb3,1495,1.531,-1.835,1,1
20,0,24,6,N,nb4,1495,-0.281,1.32,0,0
20,0,24,6,N,nb5,1495,-1.827,-0.184,1,1
20,0,24,6,N,nb6,1495,1.865,-0.867,2,1
20,0,24,6,N,nb7,1495,0.122,-1.821,0,0
20,0,24,6,N,nb8,1495,-1.71,1.458,2,1
20,0,24,6,N,nb9,1495,-1.865,1.385,2,1
20,0,24,6,N,nb10,1495,-1.864,1.215,2,1
20,0,24,6,N,nb11,1495,1.863,-0.699,2,1
20,0,24,6,N,nb12,1495,1.717,0.849,3,1
20,0,24,6,N,nb13,1495,-1.865,-0.574,1,1
20,0,24,6,N,nb14,1495,-1.865,1.722,1,1
20,0,24,6,N,nb15,1495,-1.822,0.738,0,0
20,0,24,6,N,nb16,1495,1.698,-1.858,2,1
20,0,24,6,N,nb17,1495,1.781,-1.014,1,1
20,0,24,6,N,nb18,1495,1.553,0.893,2,1
20,0,24,6,N,nb19,1495,1.842,1.09,1,1
20,0,24,6,N,nb20,1495,-1.774,1.072,1,1
20,0,24,6,N,nb21,1495,-1.799,-0.418,2,1
20,0,24,6,N,nb22,1495,-1.828,-1.863,0,0
20,0,24,6,N,nb23,1495,1.576,-0.656,2,1
20,0,24,6,N,nb24,1495,1.865,-0.476,2,1
20,0,24,6,N,nb25,1495,1.618,-0.494,2,1
20,0,24,6,N,nb26,1495,1.637,1.04,3,1
20,0,24,6,N,nb27,1495,-1.52,1.129,0,0
20,0,24,6,N,nb28,1495,-1.724,1.627,2,1
20,0,24,6,N,nb29,1495,1.585,-0.826,1,1
20,0,24,6,A,aa0,1495,-1.852,0.572,0,0
20,0,24,6,A,aa1,1495,1.05,1.833,0,0
20,0,24,6,A,aa2,1495,0.151,0.01,0,0
20,0,24,6,A,aa3,1495,-1.546,1.866,0,0
20,0,24,6,A,aa4,1495,-1.801,0.906,1,0
20,0,24,6,A,aa5,1495,-1.173,-1.38,0,0
20,0,24,6,N,nb0,1500,1.866,-1.619,1,1
20,0,24,6,N,nb1,1500,1.865,0.766,1,1
20,0,24,6,N,nb2,1500,1.865,-1.858,2,1
20,0,24,6,N,nb3,1500,1.531,-1.835,1,1
20,0,24,6,N,nb4,1500,-0.322,1.412,0,0
20,0,24,6,N,nb5,1500,-1.827,-0.184,1,1
20,0,24,6,N,nb6,1500,1.865,-0.867,2,1
20,0,24,6,N,nb7,1500,0.034,-1.788,0,0
20,0,24,6,N,nb8,1500,-1.71,1.46,2,1
20,0,24,6,N,nb9,1500,-1.865,1.392,2,1
20,0,24,6,N,nb10,1500,-1.864,1.222,2,1
20,0,24,6,N,nb11,1500,1.863,-0.699,2,1
20,0,24,6,N,nb12,1500,1.717,0.849,3,1
20,0,24,6,N,nb13,1500,-1.865,-0.574,1,0
20,0,24,6,N,nb14,1500,-1.865,1.724,1,1
20,0,24,6,N,nb15,1500,-1.775,0.798,0,0
20,0,24,6,N,nb16,1500,1.698,-1.858,2,1
20,0,24,6,N,nb17,1500,1.781,-1.014,1,1
20,0,24,6,N,nb18,1500,1.553,0.893,2,1
20,0,24,6,N,nb19,1500,1.842,1.09,1,1
20,0,24,6,N,nb20,1500,-1.721,1.132,2,1
20,0,24,6,N,nb21,1500,-1.799,-0.418,2,1
20,0,24,6,N,nb22,1500,-1.828,-1.866,0,0
20,0,24,6,N,nb23,1500,1.576,-0.656,2,1
20,0,24,6,N,nb24,1500,1.865,-0.476,2,1
20,0,24,6,N,nb25,1500,1.618,-0.494,2,1
20,0,24,6,N,nb26,1500,1.637,1.04,3,1
20,0,24,6,N,nb27,1500,-1.515,1.089,1,1
20,0,24,6,N,nb28,1500,-1.725,1.628,2,1
20,0,24,6,N,nb29,1500,1.585,-0.826,1,1
20,0,24,6,A,aa0,1500,-1.826,0.637,0,0
20,0,24,6,A,aa1,1500,0.961,1.804,0,0
20,0,24,6,A,aa2,1500,0.056,-0.021,0,0
20,0,24,6,A,aa3,1500,-1.63,1.866,2,0
20,0,24,6,A,aa4,1500,-1.747,0.966,3,1
20,0,24,6,A,aa5,1500,-1.174,-1.48,0,0
20,0,24,6,N,nb0,1505,1.866,-1.619,1,1
20,0,24,6,N,nb1,1505,1.865,0.766,1,1
20,0,24,6,N,nb2,1505,1.865,-1.858,2,1
20,0,24,6,N,nb3,1505,1.531,-1.835,1,1
20,0,24,6,N,nb4,1505,-0.363,1.503,0,0
20,0,24,6,N,nb5,1505,-1.827,-0.184,1,1
20,0,24,6,N,nb6,1505,1.865,-0.867,2,1
20,0,24,6,N,nb7,1505,-0.054,-1.747,0,0
20,0,24,6,N,nb8,1505,-1.71,1.46,2,1
20,0,24,6,N,nb9,1505,-1.865,1.392,2,1
20,0,24,6,N,nb10,1505,-1.866,1.177,2,0
20,0,24,6,N,nb11,1505,1.863,-0.699,2,1
20,0,24,6,N,nb12,1505,1.717,0.849,3,1
20,0,24,6,N,nb13,1505,-1.865,-0.574,1,1
20,0,24,6,N,nb14,1505,-1.865,1.724,1,1
20,0,24,6,N,nb15,1505,-1.719,0.87,0,0
20,0,24,6,N,nb16,1505,1.698,-1.858,2,1
20,0,24,6,N,nb17,1505,1.781,-1.014,1,1
20,0,24,6,N,nb18,1505,1.553,0.893,2,1
20,0,24,6,N,nb19,1505,1.842,1.09,1,1
20,0,24,6,N,nb20,1505,-1.689,1.207,2,0
20,0,24,6,N,nb21,1505,-1.799,-0.418,2,1
20,0,24,6,N,nb22,1505,-1.811,-1.866,0,0
20,0,24,6,N,nb23,1505,1.576,-0.656,2,1
20,0,24,6,N,nb24,1505,1.865,-0.476,2,1
20,0,24,6,N,nb25,1505,1.618,-0.494,2,1
20,0,24,6,N,nb26,1505,1.637,1.04,3,1
20,0,24,6,N,nb27,1505,-1.507,1.037,1,0
20,0,24,6,N,nb28,1505,-1.725,1.628,2,1
20,0,24,6,N,nb29,1505,1.585,-0.826,1,1
20,0,24,6,A,aa0,1505,-1.789,0.715,0,0
20,0,24,6,A,aa1,1505,0.874,1.768,0,0
20,0,24,6,A,aa2,1505,-0.039,-0.052,0,0
20,0,24,6,A,aa3,1505,-1.718,1.866,2,0
20,0,24,6,A,aa4,1505,-1.697,1.038,0,0
20,0,24,6,A,aa5,1505,-1.176,-1.58,0,0
20,0,24,6,N,nb0,1510,1.866,-1.619,1,1
20,0,24,6,N,nb1,1510,1.865,0.766,1,1
20,0,24,6,N,nb2,1510,1.865,-1.858,2,1
20,0,24,6,N,nb3,1510,1.531,-1.835,1,1
20,0,24,6,N,nb4,1510,-0.404,1.594,0,0
20,0,24,6,N,nb5,1510,-1.827,-0.184,1,1
20,0,24,6,N,nb6,1510,1.865,-0.867,2,1
20,0,24,6,N,nb7,1510,-0.143,-1.703,0,0
20,0,24,6,N,nb8,1510,-1.709,1.459,3,1
20,0,24,6,N,nb9,1510,-1.865,1.392,2,1
20,0,24,6,N,nb10,1510,-1.866,1.097,0,0
20,0,24,6,N,nb11,1510,1.863,-0.699,2,1
20,0,24,6,N,nb12,1510,1.717,0.849,3,1
20,0,24,6,N,nb13,1510,-1.865,-0.574,1,1
20,0,24,6,N,nb14,1510,-1.865,1.722,1,1
20,0,24,6,N,nb15,1510,-1.681,0.908,1,1
20,0,24,6,N,nb16,1510,1.698,-1.858,2,1
20,0,24,6,N,nb17,1510,1.781,-1.014,1,1
20,0,24,6,N,nb18,1510,1.553,0.893,2,1
20,0,24,6,N,nb19,1510,1.842,1.09,1,1
20,0,24,6,N,nb20,1510,-1.67,1.276,2,0
20,0,24,6,N,nb21,1510,-1.799,-0.418,2,1
20,0,24,6,N,nb22,1510,-1.779,-1.866,0,0
20,0,24,6,N,nb23,1510,1.576,-0.656,2,1
20,0,24,6,N,nb24,1510,1.865,-0.476,2,1
20,0,24,6,N,nb25,1510,1.618,-0.494,2,1
20,0,24,6,N,nb26,1510,1.637,1.04,3,1
20,0,24,6,N,nb27,1510,-1.485,0.945,1,0
20,0,24,6,N,nb28,1510,-1.724,1.628,2,1
20,0,24,6,N,nb29,1510,1.585,-0.826,1,1
20,0,24,6,A,aa0,1510,-1.763,0.761,1,0
20,0,24,6,A,aa1,1510,0.786,1.723,0,0
20,0,24,6,A,aa2,1510,-0.134,-0.083,0,0
20,0,24,6,A,aa3,1510,-1.776,1.866,2,0
20,0,24,6,A,aa4,1510,-1.654,1.109,1,0
20,0,24,6,A,aa5,1510,-1.178,-1.68,0,0
20,0,24,6,N,nb0,1515,1.866,-1.619,1,1
20,0,24,6,N,nb1,1515,1.865,0.766,1,1
20,0,24,6,N,nb2,1515,1.865,-1.858,2,1
20,0,24,6,N,nb3,1515,1.531,-1.835,1,1
20,0,24,6,N,nb4,1515,-0.445,1.685,0,0
20,0,24,6,N,nb5,1515,-1.827,-0.184,1,1
20,0,24,6,N,nb6,1515,1.865,-0.867,2,1
20,0,24,6,N,nb7,1515,-0.233,-1.659,0,0
20,0,24,6,N,nb8,1515,-1.708,1.458,3,1
20,0,24,6,N,nb9,1515,-1.865,1.392,2,1
20,0,24,6,N,nb10,1515,-1.866,1.061,0,0
20,0,24,6,N,nb11,1515,1.863,-0.699,2,1
20,0,24,6,N,nb12,1515,1.717,0.849,3,1
20,0,24,6,N,nb13,1515,-1.865,-0.574,1,1
20,0,24,6,N,nb14,1515,-1.866,1.719,1,1
20,0,24,6,N,nb15,1515,-1.644,0.932,1,0
20,0,24,6,N,nb16,1515,1.698,-1.858,2,1
20,0,24,6,N,nb17,1515,1.781,-1.014,1,1
20,0,24,6,N,nb18,1515,1.553,0.893,2,1
20,0,24,6,N,nb19,1515,1.842,1.09,1,1
20,0,24,6,N,nb20,1515,-1.669,1.294,2,0
20,0,24,6,N,nb21,1515,-1.799,-0.418,2,1
20,0,24,6,N,nb22,1515,-1.733,-1.866,0,0
20,0,24,6,N,nb23,1515,1.576,-0.656,2,1
20,0,24,6,N,nb24,1515,1.865,-0.476,2,1
20,0,24,6,N,nb25,1515,1.618,-0.494,2,1
20,0,24,6,N,nb26,1515,1.637,1.04,3,1
20,0,24,6,N,nb27,1515,-1.473,0.907,1,0
20,0,24,6,N,nb28,1515,-1.723,1.627,2,1
20,0,24,6,N,nb29,1515,1.585,-0.826,1,1
20,0,24,6,A,aa0,1515,-1.739,0.792,3,1
20,0,24,6,A,aa1,1515,0.697,1.678,0,0
20,0,24,6,A,aa2,1515,-0.229,-0.113,0,0
20,0,24,6,A,aa3,1515,-1.783,1.866,2,0
20,0,24,6,A,aa4,1515,-1.609,1.136,4,1
20,0,24,6,A,aa5,1515,-1.179,-1.743,0,0
20,0,24,6,N,nb0,1520,1.866,-1.619,1,1
20,0,24,6,N,nb1,1520,1.865,0.766,1,1
20,0,24,6,N,nb2,1520,1.865,-1.858,2,1
20,0,24,6,N,nb3,1520,1.531,-1.835,1,1
20,0,24,6,N,nb4,1520,-0.486,1.777,0,0
20,0,24,6,N,nb5,1520,-1.827,-0.184,1,1
20,0,24,6,N,nb6,1520,1.865,-0.867,2,1
20,0,24,6,N,nb7,1520,-0.322,-1.614,0,0
20,0,24,6,N,nb8,1520,-1.706,1.455,3,1
20,0,24,6,N,nb9,1520,-1.865,1.392,2,1
20,0,24,6,N,nb10,1520,-1.866,0.995,0,0
20,0,24,6,N,nb11,1520,1.863,-0.699,2,1
20,0,24,6,N,nb12,1520,1.717,0.849,3,1
20,0,24,6,N,nb13,1520,-1.865,-0.574,1,1
20,0,24,6,N,nb14,1520,-1.865,1.713,1,1
20,0,24,6,N,nb15,1520,-1.599,0.995,1,0
20,0,24,6,N,nb16,1520,1.698,-1.858,2,1
20,0,24,6,N,nb17,1520,1.781,-1.014,1,1
20,0,24,6,N,nb18,1520,1.553,0.893,2,1
20,0,24,6,N,nb19,1520,1.842,1.09,1,1
20,0,24,6,N,nb20,1520,-1.708,1.25,2,0
20,0,24,6,N,nb21,1520,-1.799,-0.418,2,1
20,0,24,6,N,nb22,1520,-1.675,-1.866,0,0
20,0,24,6,N,nb23,1520,1.576,-0.656,2,1
20,0,24,6,N,nb24,1520,1.865,-0.476,2,1
20,0,24,6,N,nb25,1520,1.618,-0.494,2,1
20,0,24,6,N,nb26,1520,1.637,1.04,3,1
20,0,24,6,N,nb27,1520,-1.448,0.837,1,0
20,0,24,6,N,nb28,1520,-1.721,1.624,2,1
20,0,24,6,N,nb29,1520,1.585,-0.826,1,1
20,0,24,6,A,aa0,1520,-1.678,0.828,1,0
20,0,24,6,A,aa1,1520,0.608,1.633,0,0
20,0,24,6,A,aa2,1520,-0.324,-0.144,0,0
20,0,24,6,A,aa3,1520,-1.793,1.866,2,0
20,0,24,6,A,aa4,1520,-1.544,1.183,1,0
20,0,24,6,A,aa5,1520,-1.179,-1.743,0,0
20,0,24,6,N,nb0,1525,1.866,-1.619,1,1
20,0,24,6,N,nb1,1525,1.865,0.766,1,1
20,0,24,6,N,nb2,1525,1.865,-1.858,2,1
20,0,24,6,N,nb3,1525,1.531,-1.835,1,1
20,0,24,6,N,nb4,1525,-0.527,1.853,0,0
20,0,24,6,N,nb5,1525,-1.827,-0.184,1,0
20,0,24,6,N,nb6,1525,1.865,-0.867,2,1
20,0,24,6,N,nb7,1525,-0.412,-1.57,0,0
20,0,24,6,N,nb8,1525,-1.705,1.453,2,0
20,0,24,6,N,nb9,1525,-1.865,1.392,2,1
20,0,24,6,N,nb10,1525,-1.866,0.906,0,0
20,0,24,6,N,nb11,1525,1.863,-0.699,2,1
20,0,24,6,N,nb12,1525,1.717,0.849,3,1
20,0,24,6,N,nb13,1525,-1.865,-0.574,1,1
20,0,24,6,N,nb14,1525,-1.865,1.708,1,0
20,0,24,6,N,nb15,1525,-1.549,1.072,1,0
20,0,24,6,N,nb16,1525,1.698,-1.858,2,1
20,0,24,6,N,nb17,1525,1.781,-1.014,1,1
20,0,24,6,N,nb18,1525,1.553,0.893,2,1
20,0,24,6,N,nb19,1525,1.842,1.09,1,1
20,0,24,6,N,nb20,1525,-1.764,1.169,2,0
20,0,24,6,N,nb21,1525,-1.799,-0.418,2,1
20,0,24,6,N,nb22,1525,-1.605,-1.866,0,0
20,0,24,6,N,nb23,1525,1.576,-0.656,2,1
20,0,24,6,N,nb24,1525,1.865,-0.476,2,1
20,0,24,6,N,nb25,1525,1.618,-0.494,2,1
20,0,24,6,N,nb26,1525,1.637,1.04,3,1
20,0,24,6,N,nb27,1525,-1.412,0.749,0,0
20,0,24,6,N,nb28,1525,-1.72,1.621,2,0
20,0,24,6,N,nb29,1525,1.585,-0.826,1,1
20,0,24,6,A,aa0,1525,-1.596,0.857,0,0
20,0,24,6,A,aa1,1525,0.533,1.595,0,0
20,0,24,6,A,aa2,1525,-0.419,-0.175,0,0
20,0,24,6,A,aa3,1525,-1.804,1.866,2,0
20,0,24,6,A,aa4,1525,-1.47,1.247,2,0
20,0,24,6,A,aa5,1525,-1.146,-1.765,0,0
20,0,24,6,N,nb0,1530,1.866,-1.619,1,1
20,0,24,6,N,nb1,1530,1.865,0.766,1,1
20,0,24,6,N,nb2,1530,1.865,-1.858,2,1
20,0,24,6,N,nb3,1530,1.531,-1.835,1,1
20,0,24,6,N,nb4,1530,-0.578,1.866,0,0
20,0,24,6,N,nb5,1530,-1.827,-0.184,1,1
20,0,24,6,N,nb6,1530,1.865,-0.867,2,1
20,0,24,6,N,nb7,1530,-0.502,-1.526,0,0
20,0,24,6,N,nb8,1530,-1.711,1.456,2,0
20,0,24,6,N,nb9,1530,-1.865,1.357,2,0
20,0,24,6,N,nb10,1530,-1.865,0.814,0,0
20,0,24,6,N,nb11,1530,1.863,-0.699,2,1
20,0,24,6,N,nb12,1530,1.717,0.849,3,1
20,0,24,6,N,nb13,1530,-1.865,-0.574,1,1
20,0,24,6,N,nb14,1530,-1.865,1.706,1,1
20,0,24,6,N,nb15,1530,-1.513,1.116,0,0
20,0,24,6,N,nb16,1530,1.698,-1.858,2,1
20,0,24,6,N,nb17,1530,1.781,-1.014,1,1
20,0,24,6,N,nb18,1530,1.553,0.893,2,1
20,0,24,6,N,nb19,1530,1.842,1.09,1,1
20,0,24,6,N,nb20,1530,-1.796,1.123,1,0
20,0,24,6,N,nb21,1530,-1.799,-0.418,2,1
20,0,24,6,N,nb22,1530,-1.527,-1.866,0,0
20,0,24,6,N,nb23,1530,1.576,-0.656,2,1
20,0,24,6,N,nb24,1530,1.865,-0.476,2,1
20,0,24,6,N,nb25,1530,1.618,-0.494,2,1
20,0,24,6,N,nb26,1530,1.637,1.04,3,1
20,0,24,6,N,nb27,1530,-1.37,0.66,0,0
20,0,24,6,N,nb28,1530,-1.716,1.625,2,0
20,0,24,6,N,nb29,1530,1.585,-0.826,1,1
20,0,24,6,A,aa0,1530,-1.511,0.871,0,0
20,0,24,6,A,aa1,1530,0.533,1.595,0,0
20,0,24,6,A,aa2,1530,-0.515,-0.206,0,0
20,0,24,6,A,aa3,1530,-1.81,1.866,1,0
20,0,24,6,A,aa4,1530,-1.397,1.314,0,0
20,0,24,6,A,aa5,1530,-1.11,-1.756,0,0
20,0,24,6,N,nb0,1535,1.866,-1.619,1,1
20,0,24,6,N,nb1,1535,1.865,0.766,1,1
20,0,24,6,N,nb2,1535,1.865,-1.858,2,1
20,0,24,6,N,nb3,1535,1.531,-1.835,1,1
20,0,24,6,N,nb4,1535,-0.639,1.866,0,0
20,0,24,6,N,nb5,1535,-1.827,-0.184,1,1
20,0,24,6,N,nb6,1535,1.865,-0.867,2,1
20,0,24,6,N,nb7,1535,-0.591,-1.481,0,0
20,0,24,6,N,nb8,1535,-1.706,1.509,1,0
20,0,24,6,N,nb9,1535,-1.864,1.265,1,0
20,0,24,6,N,nb10,1535,-1.856,0.722,0,0
20,0,24,6,N,nb11,1535,1.863,-0.699,2,1
20,0,24,6,N,nb12,1535,1.717,0.849,3,1
20,0,24,6,N,nb13,1535,-1.865,-0.574,1,1
20,0,24,6,N,nb14,1535,-1.865,1.704,1,1
20,0,24,6,N,nb15,1535,-1.463,1.184,0,0
20,0,24,6,N,nb16,1535,1.698,-1.858,2,1
20,0,24,6,N,nb17,1535,1.781,-1.014,1,1
20,0,24,6,N,nb18,1535,1.553,0.893,2,1
20,0,24,6,N,nb19,1535,1.842,1.09,1,1
20,0,24,6,N,nb20,1535,-1.842,1.044,1,0
20,0,24,6,N,nb21,1535,-1.799,-0.418,2,1
20,0,24,6,N,nb22,1535,-1.443,-1.866,0,0
20,0,24,6,N,nb23,1535,1.576,-0.656,2,0
20,0,24,6,N,nb24,1535,1.865,-0.476,2,1
20,0,24,6,N,nb25,1535,1.618,-0.494,2,1
20,0,24,6,N,nb26,1535,1.637,1.04,3,1
20,0,24,6,N,nb27,1535,-1.326,0.571,0,0
20,0,24,6,N,nb28,1535,-1.697,1.678,2,0
20,0,24,6,N,nb29,1535,1.585,-0.826,1,1
20,0,24,6,A,aa0,1535,-1.491,0.874,0,0
20,0,24,6,A,aa1,1535,0.51,1.501,0,0
20,0,24,6,A,aa2,1535,-0.61,-0.237,0,0
20,0,24,6,A,aa3,1535,-1.816,1.866,1,0
20,0,24,6,A,aa4,1535,-1.326,1.382,0,0
20,0,24,6,A,aa5,1535,-1.014,-1.729,0,0
20,0,24,6,N,nb0,1540,1.866,-1.619,1,1
20,0,24,6,N,nb1,1540,1.865,0.766,1,1
20,0,24,6,N,nb2,1540,1.865,-1.858,2,1
20,0,24,6,N,nb3,1540,1.531,-1.835,1,1
20,0,24,6,N,nb4,1540,-0.711,1.866,0,0
20,0,24,6,N,nb5,1540,-1.827,-0.184,1,1
20,0,24,6,N,nb6,1540,1.865,-0.867,2,1
20,0,24,6,N,nb7,1540,-0.681,-1.437,0,0
20,0,24,6,N,nb8,1540,-1.686,1.559,2,1
20,0,24,6,N,nb9,1540,-1.859,1.207,1,1
20,0,24,6,N,nb10,1540,-1.838,0.63,0,0
20,0,24,6,N,nb11,1540,1.863,-0.699,2,1
20,0,24,6,N,nb12,1540,1.717,0.849,3,1
20,0,24,6,N,nb13,1540,-1.865,-0.574,1,1
20,0,24,6,N,nb14,1540,-1.865,1.703,2,1
20,0,24,6,N,nb15,1540,-1.406,1.247,0,0
20,0,24,6,N,nb16,1540,1.698,-1.858,2,1
20,0,24,6,N,nb17,1540,1.781,-1.014,1,1
20,0,24,6,N,nb18,1540,1.553,0.893,2,1
20,0,24,6,N,nb19,1540,1.842,1.09,1,1
20,0,24,6,N,nb20,1540,-1.865,0.992,1,1
20,0,24,6,N,nb21,1540,-1.799,-0.418,2,1
20,0,24,6,N,nb22,1540,-1.355,-1.866,0,0
20,0,24,6,N,nb23,1540,1.576,-0.656,2,1
20,0,24,6,N,nb24,1540,1.865,-0.476,2,1
20,0,24,6,N,nb25,1540,1.618,-0.494,2,1
20,0,24,6,N,nb26,1540,1.637,1.04,3,1
20,0,24,6,N,nb27,1540,-1.281,0.481,0,0
20,0,24,6,N,nb28,1540,-1.697,1.728,2,1
20,0,24,6,N,nb29,1540,1.585,-0.826,1,1
20,0,24,6,A,aa0,1540,-1.437,0.927,2,0
20,0,24,6,A,aa1,1540,0.486,1.404,0,0
20,0,24,6,A,aa2,1540,-0.705,-0.268,0,0
20,0,24,6,A,aa3,1540,-1.822,1.866,2,0
20,0,24,6,A,aa4,1540,-1.256,1.451,2,0
20,0,24,6,A,aa5,1540,-0.992,-1.723,0,0
20,0,24,6,N,nb0,1545,1.866,-1.619,1,1
20,0,24,6,N,nb1,1545,1.865,0.766,1,1
20,0,24,6,N,nb2,1545,1.865,-1.858,2,1
20,0,24,6,N,nb3,1545,1.531,-1.835,1,1
20,0,24,6,N,nb4,1545,-0.791,1.866,0,0
20,0,24,6,N,nb5,1545,-1.827,-0.184,1,1
20,0,24,6,N,nb6,1545,1.865,-0.867,2,1
20,0,24,6,N,nb7,1545,-0.771,-1.393,0,0
20,0,24,6,N,nb8,1545,-1.686,1.559,2,1
20,0,24,6,N,nb9,1545,-1.859,1.207,1,1
20,0,24,6,N,nb10,1545,-1.811,0.541,0,0
20,0,24,6,N,nb11,1545,1.863,-0.699,2,1
20,0,24,6,N,nb12,1545,1.717,0.849,3,1
20,0,24,6,N,nb13,1545,-1.865,-0.574,1,1
20,0,24,6,N,nb14,1545,-1.865,1.701,2,1
20,0,24,6,N,nb15,1545,-1.336,1.297,0,0
20,0,24,6,N,nb16,1545,1.698,-1.858,2,1
20,0,24,6,N,nb17,1545,1.781,-1.014,1,1
20,0,24,6,N,nb18,1545,1.553,0.893,2,1
20,0,24,6,N,nb19,1545,1.842,1.09,1,1
20,0,24,6,N,nb20,1545,-1.865,0.992,1,1
20,0,24,6,N,nb21,1545,-1.799,-0.418,2,1
20,0,24,6,N,nb22,1545,-1.264,-1.866,0,0
20,0,24,6,N,nb23,1545,1.576,-0.656,2,1
20,0,24,6,N,nb24,1545,1.865,-0.476,2,1
20,0,24,6,N,nb25,1545,1.618,-0.494,2,1
20,0,24,6,N,nb26,1545,1.637,1.04,3,1
20,0,24,6,N,nb27,1545,-1.237,0.392,0,0
20,0,24,6,N,nb28,1545,-1.697,1.728,2,1
20,0,24,6,N,nb29,1545,1.585,-0.826,1,1
20,0,24,6,A,aa0,1545,-1.366,0.998,2,0
20,0,24,6,A,aa1,1545,0.462,1.307,0,0
20,0,24,6,A,aa2,1545,-0.8,-0.298,0,0
20,0,24,6,A,aa3,1545,-1.828,1.866,2,0
20,0,24,6,A,aa4,1545,-1.187,1.522,2,0
20,0,24,6,A,aa5,1545,-0.949,-1.659,0,0
20,0,24,6,N,nb0,1550,1.866,-1.619,1,1
20,0,24,6,N,nb1,1550,1.865,0.766,1,1
20,0,24,6,N,nb2,1550,1.865,-1.858,2,1
20,0,24,6,N,nb3,1550,1.531,-1.835,1,1
20,0,24,6,N,nb4,1550,-0.876,1.866,0,0
20,0,24,6,N,nb5,1550,-1.827,-0.184,1,1
20,0,24,6,N,nb6,1550,1.865,-0.867,2,1
20,0,24,6,N,nb7,1550,-0.858,-1.349,0,0
20,0,24,6,N,nb8,1550,-1.686,1.559,2,1
20,0,24,6,N,nb9,1550,-1.859,1.207,1,1
20,0,24,6,N,nb10,1550,-1.776,0.454,0,0
20,0,24,6,N,nb11,1550,1.863,-0.699,2,1
20,0,24,6,N,nb12,1550,1.717,0.849,3,1
20,0,24,6,N,nb13,1550,-1.865,-0.574,1,1
20,0,24,6,N,nb14,1550,-1.865,1.699,2,1
20,0,24,6,N,nb15,1550,-1.248,1.345,0,0
20,0,24,6,N,nb16,1550,1.698,-1.858,2,1
20,0,24,6,N,nb17,1550,1.781,-1.014,1,1
20,0,24,6,N,nb18,1550,1.553,0.893,2,1
20,0,24,6,N,nb19,1550,1.842,1.09,1,1
20,0,24,6,N,nb20,1550,-1.865,0.992,1,1
20,0,24,6,N,nb21,1550,-1.799,-0.418,2,1
20,0,24,6,N,nb22,1550,-1.171,-1.861,0,0
20,0,24,6,N,nb23,1550,1.576,-0.656,2,1
20,0,24,6,N,nb24,1550,1.865,-0.476,2,1
20,0,24,6,N,nb25,1550,1.618,-0.494,2,1
20,0,24,6,N,nb26,1550,1.637,1.04,3,1
20,0,24,6,N,nb27,1550,-1.192,0.302,0,0
20,0,24,6,N,nb28,1550,-1.697,1.728,2,1
20,0,24,6,N,nb29,1550,1.585,-0.826,1,1
20,0,24,6,A,aa0,1550,-1.295,1.068,2,0
20,0,24,6,A,aa1,1550,0.437,1.21,0,0
20,0,24,6,A,aa2,1550,-0.895,-0.329,0,0
20,0,24,6,A,aa3,1550,-1.837,1.866,2,0
20,0,24,6,A,aa4,1550,-1.117,1.594,2,0
20,0,24,6,A,aa5,1550,-0.914,-1.607,0,0
20,0,24,6,N,nb0,1555,1.866,-1.619,1,1
20,0,24,6,N,nb1,1555,1.865,0.766,1,1
20,0,24,6,N,nb2,1555,1.865,-1.858,2,1
20,0,24,6,N,nb3,1555,1.531,-1.835,1,1
20,0,24,6,N,nb4,1555,-0.965,1.866,0,0
20,0,24,6,N,nb5,1555,-1.827,-0.184,1,1
20,0,24,6,N,nb6,1555,1.865,-0.867,2,1
20,0,24,6,N,nb7,1555,-0.941,-1.301,0,0
20,0,24,6,N,nb8,1555,-1.686,1.559,2,1
20,0,24,6,N,nb9,1555,-1.859,1.207,1,1
20,0,24,6,N,nb10,1555,-1.732,0.366,0,0
20,0,24,6,N,nb11,1555,1.863,-0.699,2,1
20,0,24,6,N,nb12,1555,1.717,0.849,3,1
20,0,24,6,N,nb13,1555,-1.865,-0.574,1,1
20,0,24,6,N,nb14,1555,-1.865,1.698,2,1
20,0,24,6,N,nb15,1555,-1.162,1.392,0,0
20,0,24,6,N,nb16,1555,1.698,-1.858,2,1
20,0,24,6,N,nb17,1555,1.781,-1.014,1,1
20,0,24,6,N,nb18,1555,1.553,0.893,2,1
20,0,24,6,N,nb19,1555,1.842,1.09,1,1
20,0,24,6,N,nb20,1555,-1.865,0.992,1,1
20,0,24,6,N,nb21,1555,-1.799,-0.418,2,1
20,0,24,6,N,nb22,1555,-1.08,-1.847,0,0
20,0,24,6,N,nb23,1555,1.576,-0.656,2,1
20,0,24,6,N,nb24,1555,1.865,-0.476,2,1
20,0,24,6,N,nb25,1555,1.618,-0.494,2,1
20,0,24,6,N,nb26,1555,1.637,1.04,3,1
20,0,24,6,N,nb27,1555,-1.148,0.212,0,0
20,0,24,6,N,nb28,1555,-1.697,1.728,2,1
20,0,24,6,N,nb29,1555,1.585,-0.826,1,1
20,0,24,6,A,aa0,1555,-1.225,1.137,0,0
20,0,24,6,A,aa1,1555,0.413,1.113,0,0
20,0,24,6,A,aa2,1555,-0.99,-0.36,0,0
20,0,24,6,A,aa3,1555,-1.845,1.866,2,0
20,0,24,6,A,aa4,1555,-1.048,1.666,0,0
20,0,24,6,A,aa5,1555,-0.914,-1.607,0,0
20,0,24,6,N,nb0,1560,1.866,-1.619,1,0
20,0,24,6,N,nb1,1560,1.865,0.766,1,0
20,0,24,6,N,nb2,1560,1.865,-1.858,2,1
20,0,24,6,N,nb3,1560,1.531,-1.835,1,1
20,0,24,6,N,nb4,1560,-1.057,1.866,0,0
20,0,24,6,N,nb5,1560,-1.827,-0.184,1,1
20,0,24,6,N,nb6,1560,1.865,-0.867,2,1
20,0,24,6,N,nb7,1560,-1.026,-1.248,0,0
20,0,24,6,N,nb8,1560,-1.686,1.559,2,1
20,0,24,6,N,nb9,1560,-1.859,1.207,1,1
20,0,24,6,N,nb10,1560,-1.687,0.277,0,0
20,0,24,6,N,nb11,1560,1.863,-0.699,2,1
20,0,24,6,N,nb12,1560,1.717,0.849,3,0
20,0,24,6,N,nb13,1560,-1.865,-0.574,1,1
20,0,24,6,N,nb14,1560,-1.865,1.698,2,1
20,0,24,6,N,nb15,1560,-1.08,1.44,0,0
20,0,24,6,N,nb16,1560,1.698,-1.858,2,1
20,0,24,6,N,nb17,1560,1.781,-1.014,1,1
20,0,24,6,N,nb18,1560,1.553,0.893,2,1
20,0,24,6,N,nb19,1560,1.842,1.09,1,1
20,0,24,6,N,nb20,1560,-1.865,0.992,1,1
20,0,24,6,N,nb21,1560,-1.799,-0.418,2,1
20,0,24,6,N,nb22,1560,-0.989,-1.823,0,0
20,0,24,6,N,nb23,1560,1.576,-0.656,2,1
20,0,24,6,N,nb24,1560,1.865,-0.476,2,1
20,0,24,6,N,nb25,1560,1.618,-0.494,2,1
20,0,24,6,N,nb26,1560,1.637,1.04,3,1
20,0,24,6,N,nb27,1560,-1.103,0.123,0,0
20,0,24,6,N,nb28,1560,-1.697,1.728,2,1
20,0,24,6,N,nb29,1560,1.585,-0.826,1,1
20,0,24,6,A,aa0,1560,-1.157,1.192,0,0
20,0,24,6,A,aa1,1560,0.389,1.016,0,0
20,0,24,6,A,aa2,1560,-1.085,-0.391,0,0
20,0,24,6,A,aa3,1560,-1.845,1.866,2,0
20,0,24,6,A,aa4,1560,-1.045,1.669,0,0
20,0,24,6,A,aa5,1560,-0.954,-1.541,0,0
20,0,24,6,N,nb0,1565,1.866,-1.619,1,1
20,0,24,6,N,nb1,1565,1.865,0.766,1,1
20,0,24,6,N,nb2,1565,1.865,-1.858,2,1
20,0,24,6,N,nb3,1565,1.531,-1.835,1,1
20,0,24,6,N,nb4,1565,-1.151,1.864,0,0
20,0,24,6,N,nb5,1565,-1.827,-0.184,1,1
20,0,24,6,N,nb6,1565,1.865,-0.867,2,1
20,0,24,6,N,nb7,1565,-1.111,-1.196,0,0
20,0,24,6,N,nb8,1565,-1.686,1.559,2,1
20,0,24,6,N,nb9,1565,-1.859,1.207,1,1
20,0,24,6,N,nb10,1565,-1.642,0.188,0,0
20,0,24,6,N,nb11,1565,1.863,-0.699,2,1
20,0,24,6,N,nb12,1565,1.717,0.849,3,1
20,0,24,6,N,nb13,1565,-1.865,-0.574,1,1
20,0,24,6,N,nb14,1565,-1.865,1.698,2,1
20,0,24,6,N,nb15,1565,-0.999,1.482,0,0
20,0,24,6,N,nb16,1565,1.698,-1.858,2,1
20,0,24,6,N,nb17,1565,1.781,-1.014,1,1
20,0,24,6,N,nb18,1565,1.553,0.893,2,1
20,0,24,6,N,nb19,1565,1.842,1.09,1,1
20,0,24,6,N,nb20,1565,-1.865,0.992,1,1
20,0,24,6,N,nb21,1565,-1.799,-0.418,2,1
20,0,24,6,N,nb22,1565,-0.901,-1.791,0,0
20,0,24,6,N,nb23,1565,1.576,-0.656,2,1
20,0,24,6,N,nb24,1565,1.865,-0.476,2,0
20,0,24,6,N,nb25,1565,1.618,-0.494,2,1
20,0,24,6,N,nb26,1565,1.637,1.04,3,1
20,0,24,6,N,nb27,1565,-1.059,0.033,0,0
20,0,24,6,N,nb28,1565,-1.697,1.728,2,1
20,0,24,6,N,nb29,1565,1.585,-0.826,1,1
20,0,24,6,A,aa0,1565,-1.081,1.235,0,0
20,0,24,6,A,aa1,1565,0.365,0.919,0,0
20,0,24,6,A,aa2,1565,-1.18,-0.422,0,0
20,0,24,6,A,aa3,1565,-1.81,1.858,2,0
20,0,24,6,A,aa4,1565,-1.047,1.73,0,0
20,0,24,6,A,aa5,1565,-1.007,-1.456,0,0
20,0,24,6,N,nb0,1570,1.866,-1.619,1,1
20,0,24,6,N,nb1,1570,1.865,0.766,1,1
20,0,24,6,N,nb2,1570,1.865,-1.858,2,1
20,0,24,6,N,nb3,1570,1.531,-1.835,1,1
20,0,24,6,N,nb4,1570,-1.246,1.85,0,0
20,0,24,6,N,nb5,1570,-1.827,-0.184,1,1
20,0,24,6,N,nb6,1570,1.865,-0.867,2,0
20,0,24,6,N,nb7,1570,-1.195,-1.144,0,0
20,0,24,6,N,nb8,1570,-1.686,1.559,2,1
20,0,24,6,N,nb9,1570,-1.859,1.207,1,1
20,0,24,6,N,nb10,1570,-1.597,0.099,0,0
20,0,24,6,N,nb11,1570,1.863,-0.699,2,1
20,0,24,6,N,nb12,1570,1.717,0.849,3,1
20,0,24,6,N,nb13,1570,-1.865,-0.574,1,1
20,0,24,6,N,nb14,1570,-1.865,1.698,2,1
20,0,24,6,N,nb15,1570,-0.91,1.519,0,0
20,0,24,6,N,nb16,1570,1.698,-1.858,2,1
20,0,24,6,N,nb17,1570,1.781,-1.014,1,1
20,0,24,6,N,nb18,1570,1.553,0.893,2,1
20,0,24,6,N,nb19,1570,1.842,1.09,1,1
20,0,24,6,N,nb20,1570,-1.865,0.992,1,1
20,0,24,6,N,nb21,1570,-1.799,-0.418,2,1
20,0,24,6,N,nb22,1570,-0.815,-1.751,0,0
20,0,24,6,N,nb23,1570,1.576,-0.656,2,1
20,0,24,6,N,nb24,1570,1.865,-0.476,2,1
20,0,24,6,N,nb25,1570,1.618,-0.494,2,1
20,0,24,6,N,nb26,1570,1.637,1.04,3,1
20,0,24,6,N,nb27,1570,-1.015,-0.056,0,0
20,0,24,6,N,nb28,1570,-1.697,1.728,2,1
20,0,24,6,N,nb29,1570,1.585,-0.826,1,1
20,0,24,6,A,aa0,1570,-0.997,1.264,0,0
20,0,24,6,A,aa1,1570,0.341,0.822,0,0
20,0,24,6,A,aa2,1570,-1.276,-0.453,1,0
20,0,24,6,A,aa3,1570,-1.807,1.858,1,0
20,0,24,6,A,aa4,1570,-1.036,1.817,0,0
20,0,24,6,A,aa5,1570,-1.058,-1.374,0,0
20,0,24,6,N,nb0,1575,1.866,-1.619,1,1
20,0,24,6,N,nb1,1575,1.865,0.766,1,1
20,0,24,6,N,nb2,1575,1.865,-1.858,2,1
20,0,24,6,N,nb3,1575,1.531,-1.835,1,1
20,0,24,6,N,nb4,1575,-1.337,1.829,0,0
20,0,24,6,N,nb5,1575,-1.827,-0.184,1,1
20,0,24,6,N,nb6,1575,1.865,-0.867,2,1
20,0,24,6,N,nb7,1575,-1.277,-1.09,0,0
20,0,24,6,N,nb8,1575,-1.686,1.559,2,1
20,0,24,6,N,nb9,1575,-1.859,1.207,1,1
20,0,24,6,N,nb10,1575,-1.552,0.01,0,0
20,0,24,6,N,nb11,1575,1.863,-0.699,2,1
20,0,24,6,N,nb12,1575,1.717,0.849,3,1
20,0,24,6,N,nb13,1575,-1.865,-0.574,1,1
20,0,24,6,N,nb14,1575,-1.865,1.698,2,1
20,0,24,6,N,nb15,1575,-0.819,1.559,0,0
20,0,24,6,N,nb16,1575,1.698,-1.858,2,1
20,0,24,6,N,nb17,1575,1.781,-1.014,1,1
20,0,24,6,N,nb18,1575,1.553,0.893,2,1
20,0,24,6,N,nb19,1575,1.842,1.09,1,1
20,0,24,6,N,nb20,1575,-1.865,0.992,1,1
20,0,24,6,N,nb21,1575,-1.799,-0.418,2,1
20,0,24,6,N,nb22,1575,-0.726,-1.706,0,0
20,0,24,6,N,nb23,1575,1.576,-0.656,2,1
20,0,24,6,N,nb24,1575,1.865,-0.476,2,1
20,0,24,6,N,nb25,1575,1.618,-0.494,2,1
20,0,24,6,N,nb26,1575,1.637,1.04,3,1
20,0,24,6,N,nb27,1575,-0.97,-0.146,0,0
20,0,24,6,N,nb28,1575,-1.697,1.728,2,1
20,0,24,6,N,nb29,1575,1.585,-0.826,1,1
20,0,24,6,A,aa0,1575,-0.977,1.269,0,0
20,0,24,6,A,aa1,1575,0.317,0.725,0,0
20,0,24,6,A,aa2,1575,-1.306,-0.478,3,1
20,0,24,6,A,aa3,1575,-1.807,1.858,2,0
20,0,24,6,A,aa4,1575,-1.014,1.866,0,0
20,0,24,6,A,aa5,1575,-1.112,-1.305,0,0
20,0,24,6,N,nb0,1580,1.866,-1.619,1,1
20,0,24,6,N,nb1,1580,1.865,0.766,1,1
20,0,24,6,N,nb2,1580,1.865,-1.858,2,1
20,0,24,6,N,nb3,1580,1.531,-1.835,1,1
20,0,24,6,N,nb4,1580,-1.426,1.8,0,0
20,0,24,6,N,nb5,1580,-1.815,-0.235,1,0
20,0,24,6,N,nb6,1580,1.865,-0.867,2,1
20,0,24,6,N,nb7,1580,-1.358,-1.034,0,0
20,0,24,6,N,nb8,1580,-1.686,1.559,2,1
20,0,24,6,N,nb9,1580,-1.859,1.207,1,1
20,0,24,6,N,nb10,1580,-1.506,-0.08,0,0
20,0,24,6,N,nb11,1580,1.863,-0.699,2,1
20,0,24,6,N,nb12,1580,1.717,0.849,3,1
20,0,24,6,N,nb13,1580,-1.865,-0.621,1,0
20,0,24,6,N,nb14,1580,-1.865,1.698,2,1
20,0,24,6,N,nb15,1580,-0.728,1.6,0,0
20,0,24,6,N,nb16,1580,1.698,-1.858,2,1
20,0,24,6,N,nb17,1580,1.781,-1.014,1,1
20,0,24,6,N,nb18,1580,1.553,0.893,2,1
20,0,24,6,N,nb19,1580,1.842,1.09,1,1
20,0,24,6,N,nb20,1580,-1.865,0.992,1,1
20,0,24,6,N,nb21,1580,-1.848,-0.427,2,0
20,0,24,6,N,nb22,1580,-0.637,-1.66,0,0
20,0,24,6,N,nb23,1580,1.576,-0.656,2,1
20,0,24,6,N,nb24,1580,1.865,-0.476,2,1
20,0,24,6,N,nb25,1580,1.618,-0.494,2,1
20,0,24,6,N,nb26,1580,1.637,1.04,3,1
20,0,24,6,N,nb27,1580,-0.926,-0.235,0,0
20,0,24,6,N,nb28,1580,-1.697,1.728,2,1
20,0,24,6,N,nb29,1580,1.585,-0.826,1,1
20,0,24,6,A,aa0,1580,-0.949,1.319,0,0
20,0,24,6,A,aa1,1580,0.293,0.628,0,0
20,0,24,6,A,aa2,1580,-1.38,-0.546,0,0
20,0,24,6,A,aa3,1580,-1.807,1.858,2,0
20,0,24,6,A,aa4,1580,-0.98,1.866,0,0
20,0,24,6,A,aa5,1580,-1.181,-1.237,0,0
20,0,24,6,N,nb0,1585,1.866,-1.619,1,1
20,0,24,6,N,nb1,1585,1.865,0.766,1,1
20,0,24,6,N,nb2,1585,1.865,-1.858,2,1
20,0,24,6,N,nb3,1585,1.531,-1.835,1,1
20,0,24,6,N,nb4,1585,-1.464,1.785,1,0
20,0,24,6,N,nb5,1585,-1.785,-0.318,1,0
20,0,24,6,N,nb6,1585,1.865,-0.867,2,1
20,0,24,6,N,nb7,1585,-1.441,-0.976,0,0
20,0,24,6,N,nb8,1585,-1.686,1.559,2,1
20,0,24,6,N,nb9,1585,-1.859,1.207,1,1
20,0,24,6,N,nb10,1585,-1.461,-0.169,0,0
20,0,24,6,N,nb11,1585,1.863,-0.699,2,1
20,0,24,6,N,nb12,1585,1.717,0.849,3,1
20,0,24,6,N,nb13,1585,-1.865,-0.706,1,0
20,0,24,6,N,nb14,1585,-1.865,1.698,2,0
20,0,24,6,N,nb15,1585,-0.636,1.64,0,0
20,0,24,6,N,nb16,1585,1.698,-1.858,2,1
20,0,24,6,N,nb17,1585,1.781,-1.014,1,0
20,0,24,6,N,nb18,1585,1.553,0.893,2,1
20,0,24,6,N,nb19,1585,1.842,1.09,1,1
20,0,24,6,N,nb20,1585,-1.865,0.992,1,1
20,0,24,6,N,nb21,1585,-1.865,-0.468,2,0
20,0,24,6,N,nb22,1585,-0.547,-1.615,0,0
20,0,24,6,N,nb23,1585,1.576,-0.656,2,1
20,0,24,6,N,nb24,1585,1.865,-0.476,2,1
20,0,24,6,N,nb25,1585,1.618,-0.494,2,1
20,0,24,6,N,nb26,1585,1.637,1.04,3,1
20,0,24,6,N,nb27,1585,-0.881,-0.325,0,0
20,0,24,6,N,nb28,1585,-1.697,1.728,3,0
20,0,24,6,N,nb29,1585,1.585,-0.826,1,0
20,0,24,6,A,aa0,1585,-0.901,1.406,0,0
20,0,24,6,A,aa1,1585,0.268,0.531,0,0
20,0,24,6,A,aa2,1585,-1.453,-0.613,0,0
20,0,24,6,A,aa3,1585,-1.807,1.858,3,1
20,0,24,6,A,aa4,1585,-0.932,1.866,1,0
20,0,24,6,A,aa5,1585,-1.253,-1.172,0,0
20,0,24,6,N,nb0,1590,1.866,-1.619,1,1
20,0,24,6,N,nb1,1590,1.865,0.766,1,1
20,0,24,6,N,nb2,1590,1.865,-1.858,2,1
20,0,24,6,N,nb3,1590,1.531,-1.835,1,1
20,0,24,6,N,nb4,1590,-1.524,1.756,1,0
20,0,24,6,N,nb5,1590,-1.768,-0.353,1,1
20,0,24,6,N,nb6,1590,1.865,-0.867,2,1
20,0,24,6,N,nb7,1590,-1.521,-0.92,0,0
20,0,24,6,N,nb8,1590,-1.686,1.559,2,1
20,0,24,6,N,nb9,1590,-1.859,1.207,1,1
20,0,24,6,N,nb10,1590,-1.416,-0.258,0,0
20,0,24,6,N,nb11,1590,1.863,-0.699,2,1
20,0,24,6,N,nb12,1590,1.717,0.849,3,1
20,0,24,6,N,nb13,1590,-1.865,-0.795,0,0
20,0,24,6,N,nb14,1590,-1.865,1.707,2,0
20,0,24,6,N,nb15,1590,-0.545,1.681,0,0
20,0,24,6,N,nb16,1590,1.698,-1.858,2,1
20,0,24,6,N,nb17,1590,1.781,-1.014,1,1
20,0,24,6,N,nb18,1590,1.553,0.893,2,1
20,0,24,6,N,nb19,1590,1.842,1.09,1,1
20,0,24,6,N,nb20,1590,-1.865,0.992,1,1
20,0,24,6,N,nb21,1590,-1.865,-0.492,1,1
20,0,24,6,N,nb22,1590,-0.458,-1.57,0,0
20,0,24,6,N,nb23,1590,1.576,-0.656,2,1
20,0,24,6,N,nb24,1590,1.865,-0.476,2,1
20,0,24,6,N,nb25,1590,1.618,-0.494,2,1
20,0,24,6,N,nb26,1590,1.637,1.04,3,1
20,0,24,6,N,nb27,1590,-0.837,-0.415,0,0
20,0,24,6,N,nb28,1590,-1.698,1.734,3,0
20,0,24,6,N,nb29,1590,1.585,-0.826,1,1
20,0,24,6,A,aa0,1590,-0.852,1.493,0,0
20,0,24,6,A,aa1,1590,0.244,0.434,0,0
20,0,24,6,A,aa2,1590,-1.526,-0.68,2,0
20,0,24,6,A,aa3,1590,-1.804,1.865,0,0
20,0,24,6,A,aa4,1590,-0.87,1.866,0,0
20,0,24,6,A,aa5,1590,-1.329,-1.107,0,0
20,0,24,6,N,nb0,1595,1.866,-1.619,1,1
20,0,24,6,N,nb1,1595,1.865,0.766,1,1
20,0,24,6,N,nb2,1595,1.865,-1.858,2,1
20,0,24,6,N,nb3,1595,1.531,-1.835,1,1
20,0,24,6,N,nb4,1595,-1.529,1.748,2,0
20,0,24,6,N,nb5,1595,-1.768,-0.353,1,1
20,0,24,6,N,nb6,1595,1.865,-0.867,2,1
20,0,24,6,N,nb7,1595,-1.598,-0.889,0,0
20,0,24,6,N,nb8,1595,-1.686,1.559,3,1
20,0,24,6,N,nb9,1595,-1.859,1.207,1,1
20,0,24,6,N,nb10,1595,-1.371,-0.347,0,0
20,0,24,6,N,nb11,1595,1.863,-0.699,2,1
20,0,24,6,N,nb12,1595,1.717,0.849,3,1
20,0,24,6,N,nb13,1595,-1.865,-0.887,0,0
20,0,24,6,N,nb14,1595,-1.865,1.705,2,0
20,0,24,6,N,nb15,1595,-0.453,1.722,0,0
20,0,24,6,N,nb16,1595,1.698,-1.858,2,1
20,0,24,6,N,nb17,1595,1.781,-1.014,1,1
20,0,24,6,N,nb18,1595,1.553,0.893,2,1
20,0,24,6,N,nb19,1595,1.842,1.09,1,1
20,0,24,6,N,nb20,1595,-1.865,0.992,1,1
20,0,24,6,N,nb21,1595,-1.865,-0.492,1,1
20,0,24,6,N,nb22,1595,-0.369,-1.524,0,0
20,0,24,6,N,nb23,1595,1.576,-0.656,2,1
20,0,24,6,N,nb24,1595,1.865,-0.476,2,1
20,0,24,6,N,nb25,1595,1.618,-0.494,2,1
20,0,24,6,N,nb26,1595,1.637,1.04,3,1
20,0,24,6,N,nb27,1595,-0.792,-0.504,0,0
20,0,24,6,N,nb28,1595,-1.698,1.733,3,0
20,0,24,6,N,nb29,1595,1.585,-0.826,1,1
20,0,24,6,A,aa0,1595,-0.803,1.581,0,0
20,0,24,6,A,aa1,1595,0.22,0.337,0,0
20,0,24,6,A,aa2,1595,-1.597,-0.72,2,0
20,0,24,6,A,aa3,1595,-1.804,1.865,0,0
20,0,24,6,A,aa4,1595,-0.799,1.866,0,0
20,0,24,6,A,aa5,1595,-1.385,-1.064,0,0
20,0,24,6,N,nb0,1600,1.866,-1.619,1,1
20,0,24,6,N,nb1,1600,1.865,0.766,1,1
20,0,24,6,N,nb2,1600,1.865,-1.858,2,1
20,0,24,6,N,nb3,1600,1.531,-1.835,1,1
20,0,24,6,N,nb4,1600,-1.528,1.744,2,1
20,0,24,6,N,nb5,1600,-1.768,-0.353,1,0
20,0,24,6,N,nb6,1600,1.865,-0.867,2,1
20,0,24,6,N,nb7,1600,-1.639,-0.906,1,0
20,0,24,6,N,nb8,1600,-1.686,1.559,3,1
20,0,24,6,N,nb9,1600,-1.859,1.207,1,1
20,0,24,6,N,nb10,1600,-1.325,-0.436,0,0
20,0,24,6,N,nb11,1600,1.863,-0.699,2,0
20,0,24,6,N,nb12,1600,1.717,0.849,3,1
20,0,24,6,N,nb13,1600,-1.864,-0.927,1,0
20,0,24,6,N,nb14,1600,-1.865,1.704,2,1
20,0,24,6,N,nb15,1600,-0.362,1.762,0,0
20,0,24,6,N,nb16,1600,1.698,-1.858,2,1
20,0,24,6,N,nb17,1600,1.781,-1.014,1,1
20,0,24,6,N,nb18,1600,1.553,0.893,2,1
20,0,24,6,N,nb19,1600,1.842,1.09,1,1
20,0,24,6,N,nb20,1600,-1.865,0.992,1,1
20,0,24,6,N,nb21,1600,-1.865,-0.492,1,0
20,0,24,6,N,nb22,1600,-0.28,-1.479,0,0
20,0,24,6,N,nb23,1600,1.576,-0.656,2,1
20,0,24,6,N,nb24,1600,1.865,-0.476,2,1
20,0,24,6,N,nb25,1600,1.618,-0.494,2,1
20,0,24,6,N,nb26,1600,1.637,1.04,3,1
20,0,24,6,N,nb27,1600,-0.748,-0.594,0,0
20,0,24,6,N,nb28,1600,-1.698,1.733,3,1
20,0,24,6,N,nb29,1600,1.585,-0.826,1,1
20,0,24,6,A,aa0,1600,-0.802,1.584,0,0
20,0,24,6,A,aa1,1600,0.196,0.24,0,0
20,0,24,6,A,aa2,1600,-1.675,-0.741,4,1
20,0,24,6,A,aa3,1600,-1.803,1.865,2,0
20,0,24,6,A,aa4,1600,-0.72,1.866,0,0
20,0,24,6,A,aa5,1600,-1.385,-1.064,1,0
20,0,24,6,N,nb0,1605,1.866,-1.619,1,1
20,0,24,6,N,nb1,1605,1.865,0.766,1,1
20,0,24,6,N,nb2,1605,1.865,-1.858,2,1
20,0,24,6,N,nb3,1605,1.531,-1.835,1,1
20,0,24,6,N,nb4,1605,-1.528,1.744,2,1
20,0,24,6,N,nb5,1605,-1.732,-0.412,1,0
20,0,24,6,N,nb6,1605,1.865,-0.867,2,1
20,0,24,6,N,nb7,1605,-1.701,-0.93,1,0
20,0,24,6,N,nb8,1605,-1.686,1.559,3,1
20,0,24,6,N,nb9,1605,-1.859,1.207,1,1
20,0,24,6,N,nb10,1605,-1.28,-0.526,0,0
20,0,24,6,N,nb11,1605,1.863,-0.699,2,1
20,0,24,6,N,nb12,1605,1.717,0.849,3,1
20,0,24,6,N,nb13,1605,-1.857,-0.998,1,0
20,0,24,6,N,nb14,1605,-1.865,1.704,2,1
20,0,24,6,N,nb15,1605,-0.277,1.797,0,0
20,0,24,6,N,nb16,1605,1.698,-1.858,2,1
20,0,24,6,N,nb17,1605,1.781,-1.014,1,1
20,0,24,6,N,nb18,1605,1.553,0.893,2,0
20,0,24,6,N,nb19,1605,1.842,1.09,1,0
20,0,24,6,N,nb20,1605,-1.865,0.992,1,1
20,0,24,6,N,nb21,1605,-1.865,-0.52,1,0
20,0,24,6,N,nb22,1605,-0.191,-1.433,0,0
20,0,24,6,N,nb23,1605,1.576,-0.656,2,1
20,0,24,6,N,nb24,1605,1.865,-0.476,2,1
20,0,24,6,N,nb25,1605,1.618,-0.494,2,1
20,0,24,6,N,nb26,1605,1.637,1.04,3,0
20,0,24,6,N,nb27,1605,-0.703,-0.683,0,0
20,0,24,6,N,nb28,1605,-1.698,1.732,3,1
20,0,24,6,N,nb29,1605,1.585,-0.826,1,1
20,0,24,6,A,aa0,1605,-0.823,1.613,0,0
20,0,24,6,A,aa1,1605,0.172,0.143,0,0
20,0,24,6,A,aa2,1605,-1.761,-0.772,0,0
20,0,24,6,A,aa3,1605,-1.803,1.865,2,0
20,0,24,6,A,aa4,1605,-0.635,1.866,0,0
20,0,24,6,A,aa5,1605,-1.454,-1.097,0,0
20,0,24,6,N,nb0,1610,1.866,-1.619,1,1
20,0,24,6,N,nb1,1610,1.865,0.766,1,1
20,0,24,6,N,nb2,1610,1.865,-1.858,2,1
20,0,24,6,N,nb3,1610,1.531,-1.835,1,1
20,0,24,6,N,nb4,1610,-1.528,1.744,2,1
20,0,24,6,N,nb5,1610,-1.676,-0.486,1,0
20,0,24,6,N,nb6,1610,1.865,-0.867,2,1
20,0,24,6,N,nb7,1610,-1.764,-0.93,1,0
20,0,24,6,N,nb8,1610,-1.686,1.559,3,1
20,0,24,6,N,nb9,1610,-1.859,1.207,1,1
20,0,24,6,N,nb10,1610,-1.235,-0.615,0,0
20,0,24,6,N,nb11,1610,1.863,-0.699,2,1
20,0,24,6,N,nb12,1610,1.717,0.849,3,1
20,0,24,6,N,nb13,1610,-1.844,-1.095,1,0
20,0,24,6,N,nb14,1610,-1.865,1.704,2,1
20,0,24,6,N,nb15,1610,-0.189,1.82,0,0
20,0,24,6,N,nb16,1610,1.698,-1.858,2,1
20,0,24,6,N,nb17,1610,1.781,-1.014,1,1
20,0,24,6,N,nb18,1610,1.553,0.893,2,1
20,0,24,6,N,nb19,1610,1.842,1.09,1,1
20,0,24,6,N,nb20,1610,-1.865,0.992,1,1
20,0,24,6,N,nb21,1610,-1.865,-0.558,1,0
20,0,24,6,N,nb22,1610,-0.102,-1.388,0,0
20,0,24,6,N,nb23,1610,1.576,-0.656,2,1
20,0,24,6,N,nb24,1610,1.865,-0.476,2,1
20,0,24,6,N,nb25,1610,1.618,-0.494,2,1
20,0,24,6,N,nb26,1610,1.637,1.04,3,1
20,0,24,6,N,nb27,1610,-0.659,-0.773,0,0
20,0,24,6,N,nb28,1610,-1.698,1.732,3,1
20,0,24,6,N,nb29,1610,1.585,-0.826,1,1
20,0,24,6,A,aa0,1610,-0.883,1.694,0,0
20,0,24,6,A,aa1,1610,0.148,0.046,0,0
20,0,24,6,A,aa2,1610,-1.834,-0.776,0,0
20,0,24,6,A,aa3,1610,-1.803,1.865,2,0
20,0,24,6,A,aa4,1610,-0.546,1.866,0,0
20,0,24,6,A,aa5,1610,-1.544,-1.141,0,0
20,0,24,6,N,nb0,1615,1.866,-1.619,1,1
20,0,24,6,N,nb1,1615,1.865,0.766,1,1
20,0,24,6,N,nb2,1615,1.865,-1.858,2,1
20,0,24,6,N,nb3,1615,1.531,-1.835,1,1
20,0,24,6,N,nb4,1615,-1.528,1.744,2,1
20,0,24,6,N,nb5,1615,-1.662,-0.502,1,0
20,0,24,6,N,nb6,1615,1.865,-0.867,2,1
20,0,24,6,N,nb7,1615,-1.781,-0.926,1,0
20,0,24,6,N,nb8,1615,-1.686,1.559,3,1
20,0,24,6,N,nb9,1615,-1.859,1.207,1,1
20,0,24,6,N,nb10,1615,-1.19,-0.704,0,0
20,0,24,6,N,nb11,1615,1.863,-0.699,2,1
20,0,24,6,N,nb12,1615,1.717,0.849,3,1
20,0,24,6,N,nb13,1615,-1.84,-1.118,1,1
20,0,24,6,N,nb14,1615,-1.865,1.704,2,1
20,0,24,6,N,nb15,1615,-0.098,1.832,0,0
20,0,24,6,N,nb16,1615,1.698,-1.858,2,1
20,0,24,6,N,nb17,1615,1.781,-1.014,1,1
20,0,24,6,N,nb18,1615,1.553,0.893,2,1
20,0,24,6,N,nb19,1615,1.842,1.09,1,1
20,0,24,6,N,nb20,1615,-1.865,0.992,1,1
20,0,24,6,N,nb21,1615,-1.865,-0.568,1,0
20,0,24,6,N,nb22,1615,-0.013,-1.343,0,0
20,0,24,6,N,nb23,1615,1.576,-0.656,2,1
20,0,24,6,N,nb24,1615,1.865,-0.476,2,1
20,0,24,6,N,nb25,1615,1.618,-0.494,2,1
20,0,24,6,N,nb26,1615,1.637,1.04,3,1
20,0,24,6,N,nb27,1615,-0.615,-0.863,0,0
20,0,24,6,N,nb28,1615,-1.697,1.731,3,1
20,0,24,6,N,nb29,1615,1.585,-0.826,1,1
20,0,24,6,A,aa0,1615,-0.942,1.774,1,0
20,0,24,6,A,aa1,1615,0.132,-0.016,0,0
20,0,24,6,A,aa2,1615,-1.843,-0.768,3,1
20,0,24,6,A,aa3,1615,-1.801,1.865,2,0
20,0,24,6,A,aa4,1615,-0.454,1.866,0,0
20,0,24,6,A,aa5,1615,-1.626,-1.184,2,0
20,0,24,6,N,nb0,1620,1.866,-1.619,1,1
20,0,24,6,N,nb1,1620,1.865,0.766,1,1
20,0,24,6,N,nb2,1620,1.865,-1.858,2,1
20,0,24,6,N,nb3,1620,1.531,-1.835,1,1
20,0,24,6,N,nb4,1620,-1.528,1.744,2,1
20,0,24,6,N,nb5,1620,-1.599,-0.568,0,0
20,0,24,6,N,nb6,1620,1.865,-0.867,2,1
20,0,24,6,N,nb7,1620,-1.794,-0.958,1,0
20,0,24,6,N,nb8,1620,-1.686,1.559,3,1
20,0,24,6,N,nb9,1620,-1.859,1.207,1,1
20,0,24,6,N,nb10,1620,-1.144,-0.793,0,0
20,0,24,6,N,nb11,1620,1.863,-0.699,2,1
20,0,24,6,N,nb12,1620,1.717,0.849,3,1
20,0,24,6,N,nb13,1620,-1.842,-1.12,1,1
20,0,24,6,N,nb14,1620,-1.865,1.704,2,1
20,0,24,6,N,nb15,1620,-0.006,1.833,0,0
20,0,24,6,N,nb16,1620,1.698,-1.858,2,1
20,0,24,6,N,nb17,1620,1.781,-1.014,1,1
20,0,24,6,N,nb18,1620,1.553,0.893,2,1
20,0,24,6,N,nb19,1620,1.842,1.09,1,1
20,0,24,6,N,nb20,1620,-1.865,0.992,1,1
20,0,24,6,N,nb21,1620,-1.865,-0.618,0,0
20,0,24,6,N,nb22,1620,0.076,-1.297,0,0
20,0,24,6,N,nb23,1620,1.576,-0.656,2,1
20,0,24,6,N,nb24,1620,1.865,-0.476,2,1
20,0,24,6,N,nb25,1620,1.618,-0.494,2,1
20,0,24,6,N,nb26,1620,1.637,1.04,3,1
20,0,24,6,N,nb27,1620,-0.57,-0.952,0,0
20,0,24,6,N,nb28,1620,-1.697,1.728,3,1
20,0,24,6,N,nb29,1620,1.585,-0.826,1,1
20,0,24,6,A,aa0,1620,-0.999,1.842,1,0
20,0,24,6,A,aa1,1620,0.146,-0.091,0,0
20,0,24,6,A,aa2,1620,-1.866,-0.804,0,0
20,0,24,6,A,aa3,1620,-1.797,1.865,2,0
20,0,24,6,A,aa4,1620,-0.362,1.859,0,0
20,0,24,6,A,aa5,1620,-1.699,-1.236,1,0
20,0,24,6,N,nb0,1625,1.866,-1.619,1,1
20,0,24,6,N,nb1,1625,1.865,0.766,1,1
20,0,24,6,N,nb2,1625,1.865,-1.858,2,1
20,0,24,6,N,nb3,1625,1.531,-1.835,1,1
20,0,24,6,N,nb4,1625,-1.528,1.744,2,0
20,0,24,6,N,nb5,1625,-1.527,-0.638,0,0
20,0,24,6,N,nb6,1625,1.865,-0.867,2,1
20,0,24,6,N,nb7,1625,-1.8,-0.983,1,1
20,0,24,6,N,nb8,1625,-1.686,1.557,3,1
20,0,24,6,N,nb9,1625,-1.859,1.207,1,1
20,0,24,6,N,nb10,1625,-1.099,-0.882,0,0
20,0,24,6,N,nb11,1625,1.863,-0.699,2,1
20,0,24,6,N,nb12,1625,1.717,0.849,3,1
20,0,24,6,N,nb13,1625,-1.858,-1.142,1,1
20,0,24,6,N,nb14,1625,-1.865,1.704,2,0
20,0,24,6,N,nb15,1625,0.086,1.824,0,0
20,0,24,6,N,nb16,1625,1.698,-1.858,2,1
20,0,24,6,N,nb17,1625,1.781,-1.014,1,1
20,0,24,6,N,nb18,1625,1.553,0.893,2,1
20,0,24,6,N,nb19,1625,1.842,1.09,1,1
20,0,24,6,N,nb20,1625,-1.865,0.992,1,1
20,0,24,6,N,nb21,1625,-1.865,-0.658,0,0
20,0,24,6,N,nb22,1625,0.166,-1.252,0,0
20,0,24,6,N,nb23,1625,1.576,-0.656,2,1
20,0,24,6,N,nb24,1625,1.865,-0.476,2,1
20,0,24,6,N,nb25,1625,1.618,-0.494,2,0
20,0,24,6,N,nb26,1625,1.637,1.04,3,1
20,0,24,6,N,nb27,1625,-0.526,-1.042,0,0
20,0,24,6,N,nb28,1625,-1.697,1.726,3,0
20,0,24,6,N,nb29,1625,1.585,-0.826,1,1
20,0,24,6,A,aa0,1625,-1.064,1.866,1,0
20,0,24,6,A,aa1,1625,0.165,-0.189,0,0
20,0,24,6,A,aa2,1625,-1.866,-0.827,0,0
20,0,24,6,A,aa3,1625,-1.794,1.865,3,1
20,0,24,6,A,aa4,1625,-0.27,1.842,0,0
20,0,24,6,A,aa5,1625,-1.767,-1.299,1,0
20,0,24,6,N,nb0,1630,1.866,-1.619,1,1
20,0,24,6,N,nb1,1630,1.865,0.766,1,1
20,0,24,6,N,nb2,1630,1.865,-1.858,2,0
20,0,24,6,N,nb3,1630,1.531,-1.835,1,0
20,0,24,6,N,nb4,1630,-1.527,1.712,2,0
20,0,24,6,N,nb5,1630,-1.454,-0.707,0,0
20,0,24,6,N,nb6,1630,1.865,-0.867,2,1
20,0,24,6,N,nb7,1630,-1.793,-0.994,1,1
20,0,24,6,N,nb8,1630,-1.686,1.557,3,0
20,0,24,6,N,nb9,1630,-1.859,1.207,1,0
20,0,24,6,N,nb10,1630,-1.054,-0.972,0,0
20,0,24,6,N,nb11,1630,1.863,-0.699,2,1
20,0,24,6,N,nb12,1630,1.717,0.849,3,1
20,0,24,6,N,nb13,1630,-1.858,-1.151,1,1
20,0,24,6,N,nb14,1630,-1.865,1.71,2,0
20,0,24,6,N,nb15,1630,0.177,1.805,0,0
20,0,24,6,N,nb16,1630,1.698,-1.858,2,0
20,0,24,6,N,nb17,1630,1.781,-1.014,1,1
20,0,24,6,N,nb18,1630,1.553,0.893,2,1
20,0,24,6,N,nb19,1630,1.842,1.09,1,1
20,0,24,6,N,nb20,1630,-1.865,0.992,1,0
20,0,24,6,N,nb21,1630,-1.865,-0.672,0,0
20,0,24,6,N,nb22,1630,0.255,-1.207,0,0
20,0,24,6,N,nb23,1630,1.576,-0.656,2,1
20,0,24,6,N,nb24,1630,1.865,-0.476,2,1
20,0,24,6,N,nb25,1630,1.618,-0.494,2,1
20,0,24,6,N,nb26,1630,1.637,1.04,3,1
20,0,24,6,N,nb27,1630,-0.481,-1.131,0,0
20,0,24,6,N,nb28,1630,-1.696,1.728,3,0
20,0,24,6,N,nb29,1630,1.585,-0.826,1,1
20,0,24,6,A,aa0,1630,-1.137,1.866,0,0
20,0,24,6,A,aa1,1630,0.183,-0.288,0,0
20,0,24,6,A,aa2,1630,-1.866,-0.842,1,0
20,0,24,6,A,aa3,1630,-1.795,1.865,0,0
20,0,24,6,A,aa4,1630,-0.18,1.817,0,0
20,0,24,6,A,aa5,1630,-1.828,-1.369,1,0
20,0,24,6,N,nb0,1635,1.866,-1.619,1,1
20,0,24,6,N,nb1,1635,1.865,0.766,1,1
20,0,24,6,N,nb2,1635,1.865,-1.858,2,1
20,0,24,6,N,nb3,1635,1.531,-1.835,1,1
20,0,24,6,N,nb4,1635,-1.545,1.647,2,1
20,0,24,6,N,nb5,1635,-1.382,-0.776,0,0
20,0,24,6,N,nb6,1635,1.865,-0.867,2,1
20,0,24,6,N,nb7,1635,-1.783,-1.01,1,1
20,0,24,6,N,nb8,1635,-1.687,1.554,3,1
20,0,24,6,N,nb9,1635,-1.859,1.207,1,1
20,0,24,6,N,nb10,1635,-1.009,-1.061,0,0
20,0,24,6,N,nb11,1635,1.863,-0.699,2,1
20,0,24,6,N,nb12,1635,1.717,0.849,3,1
20,0,24,6,N,nb13,1635,-1.858,-1.162,1,1
20,0,24,6,N,nb14,1635,-1.865,1.709,2,1
20,0,24,6,N,nb15,1635,0.267,1.778,0,0
20,0,24,6,N,nb16,1635,1.698,-1.858,2,1
20,0,24,6,N,nb17,1635,1.781,-1.014,1,1
20,0,24,6,N,nb18,1635,1.553,0.893,2,1
20,0,24,6,N,nb19,1635,1.842,1.09,1,1
20,0,24,6,N,nb20,1635,-1.865,0.992,1,1
20,0,24,6,N,nb21,1635,-1.865,-0.692,0,0
20,0,24,6,N,nb22,1635,0.344,-1.161,0,0
20,0,24,6,N,nb23,1635,1.576,-0.656,2,1
20,0,24,6,N,nb24,1635,1.865,-0.476,2,1
20,0,24,6,N,nb25,1635,1.618,-0.494,2,1
20,0,24,6,N,nb26,1635,1.637,1.04,3,1
20,0,24,6,N,nb27,1635,-0.437,-1.221,0,0
20,0,24,6,N,nb28,1635,-1.696,1.726,3,1
20,0,24,6,N,nb29,1635,1.585,-0.826,1,1
20,0,24,6,A,aa0,1635,-1.217,1.866,0,0
20,0,24,6,A,aa1,1635,0.198,-0.37,0,0
20,0,24,6,A,aa2,1635,-1.864,-0.861,1,0
20,0,24,6,A,aa3,1635,-1.792,1.865,0,0
20,0,24,6,A,aa4,1635,-0.093,1.783,0,0
20,0,24,6,A,aa5,1635,-1.865,-1.442,1,0
20,0,24,6,N,nb0,1640,1.866,-1.619,1,1
20,0,24,6,N,nb1,1640,1.865,0.766,1,1
20,0,24,6,N,nb2,1640,1.865,-1.858,2,1
20,0,24,6,N,nb3,1640,1.531,-1.835,1,1
20,0,24,6,N,nb4,1640,-1.545,1.646,2,1
20,0,24,6,N,nb5,1640,-1.31,-0.845,0,0
20,0,24,6,N,nb6,1640,1.865,-0.867,2,1
20,0,24,6,N,nb7,1640,-1.76,-1.052,1,1
20,0,24,6,N,nb8,1640,-1.687,1.553,3,1
20,0,24,6,N,nb9,1640,-1.859,1.207,1,1
20,0,24,6,N,nb10,1640,-0.964,-1.15,0,0
20,0,24,6,N,nb11,1640,1.863,-0.699,2,1
20,0,24,6,N,nb12,1640,1.717,0.849,3,1
20,0,24,6,N,nb13,1640,-1.86,-1.188,1,1
20,0,24,6,N,nb14,1640,-1.865,1.71,2,1
20,0,24,6,N,nb15,1640,0.357,1.742,0,0
20,0,24,6,N,nb16,1640,1.698,-1.858,2,1
20,0,24,6,N,nb17,1640,1.781,-1.014,1,1
20,0,24,6,N,nb18,1640,1.553,0.893,2,1
20,0,24,6,N,nb19,1640,1.842,1.09,1,1
20,0,24,6,N,nb20,1640,-1.865,0.992,1,1
20,0,24,6,N,nb21,1640,-1.865,-0.738,0,0
20,0,24,6,N,nb22,1640,0.433,-1.116,0,0
20,0,24,6,N,nb23,1640,1.576,-0.656,2,1
20,0,24,6,N,nb24,1640,1.865,-0.476,2,1
20,0,24,6,N,nb25,1640,1.618,-0.494,2,1
20,0,24,6,N,nb26,1640,1.637,1.04,3,1
20,0,24,6,N,nb27,1640,-0.392,-1.31,0,0
20,0,24,6,N,nb28,1640,-1.696,1.725,3,1
20,0,24,6,N,nb29,1640,1.585,-0.826,1,1
20,0,24,6,A,aa0,1640,-1.303,1.866,2,0
20,0,24,6,A,aa1,1640,0.231,-0.416,0,0
20,0,24,6,A,aa2,1640,-1.848,-0.907,2,0
20,0,24,6,A,aa3,1640,-1.791,1.865,2,0
20,0,24,6,A,aa4,1640,-0.006,1.742,0,0
20,0,24,6,A,aa5,1640,-1.865,-1.52,1,0
20,0,24,6,N,nb0,1645,1.866,-1.619,1,1
20,0,24,6,N,nb1,1645,1.865,0.766,1,1
20,0,24,6,N,nb2,1645,1.865,-1.858,2,1
20,0,24,6,N,nb3,1645,1.531,-1.835,1,1
20,0,24,6,N,nb4,1645,-1.545,1.646,2,1
20,0,24,6,N,nb5,1645,-1.238,-0.914,0,0
20,0,24,6,N,nb6,1645,1.865,-0.867,2,1
20,0,24,6,N,nb7,1645,-1.718,-1.122,1,1
20,0,24,6,N,nb8,1645,-1.687,1.553,3,1
20,0,24,6,N,nb9,1645,-1.859,1.207,1,1
20,0,24,6,N,nb10,1645,-0.918,-1.239,0,0
20,0,24,6,N,nb11,1645,1.863,-0.699,2,1
20,0,24,6,N,nb12,1645,1.717,0.849,3,1
20,0,24,6,N,nb13,1645,-1.865,-1.207,1,1
20,0,24,6,N,nb14,1645,-1.865,1.71,2,1
20,0,24,6,N,nb15,1645,0.45,1.704,0,0
20,0,24,6,N,nb16,1645,1.698,-1.858,2,1
20,0,24,6,N,nb17,1645,1.781,-1.014,1,1
20,0,24,6,N,nb18,1645,1.553,0.893,2,1
20,0,24,6,N,nb19,1645,1.842,1.09,1,1
20,0,24,6,N,nb20,1645,-1.865,0.992,1,1
20,0,24,6,N,nb21,1645,-1.862,-0.824,0,0
20,0,24,6,N,nb22,1645,0.522,-1.071,0,0
20,0,24,6,N,nb23,1645,1.576,-0.656,2,1
20,0,24,6,N,nb24,1645,1.865,-0.476,2,1
20,0,24,6,N,nb25,1645,1.618,-0.494,2,1
20,0,24,6,N,nb26,1645,1.637,1.04,3,1
20,0,24,6,N,nb27,1645,-0.348,-1.4,0,0
20,0,24,6,N,nb28,1645,-1.696,1.724,3,1
20,0,24,6,N,nb29,1645,1.585,-0.826,1,1
20,0,24,6,A,aa0,1645,-1.393,1.866,2,0
20,0,24,6,A,aa1,1645,0.288,-0.498,0,0
20,0,24,6,A,aa2,1645,-1.824,-0.989,2,0
20,0,24,6,A,aa3,1645,-1.789,1.865,2,0
20,0,24,6,A,aa4,1645,0.083,1.696,0,0
20,0,24,6,A,aa5,1645,-1.865,-1.604,2,0
20,0,24,6,N,nb0,1650,1.866,-1.619,1,1
20,0,24,6,N,nb1,1650,1.865,0.766,1,1
20,0,24,6,N,nb2,1650,1.865,-1.858,2,1
20,0,24,6,N,nb3,1650,1.531,-1.835,1,1
20,0,24,6,N,nb4,1650,-1.545,1.646,2,1
20,0,24,6,N,nb5,1650,-1.165,-0.983,0,0
20,0,24,6,N,nb6,1650,1.865,-0.867,2,1
20,0,24,6,N,nb7,1650,-1.677,-1.191,1,1
20,0,24,6,N,nb8,1650,-1.687,1.553,3,1
20,0,24,6,N,nb9,1650,-1.859,1.207,1,1
20,0,24,6,N,nb10,1650,-0.873,-1.328,0,0
20,0,24,6,N,nb11,1650,1.863,-0.699,2,1
20,0,24,6,N,nb12,1650,1.717,0.849,3,1
20,0,24,6,N,nb13,1650,-1.864,-1.219,1,1
20,0,24,6,N,nb14,1650,-1.865,1.71,2,1
20,0,24,6,N,nb15,1650,0.542,1.666,0,0
20,0,24,6,N,nb16,1650,1.698,-1.858,2,1
20,0,24,6,N,nb17,1650,1.781,-1.014,1,1
20,0,24,6,N,nb18,1650,1.553,0.893,2,1
20,0,24,6,N,nb19,1650,1.842,1.09,1,1
20,0,24,6,N,nb20,1650,-1.865,0.992,1,1
20,0,24,6,N,nb21,1650,-1.85,-0.907,0,0
20,0,24,6,N,nb22,1650,0.611,-1.025,0,0
20,0,24,6,N,nb23,1650,1.576,-0.656,2,1
20,0,24,6,N,nb24,1650,1.865,-0.476,2,1
20,0,24,6,N,nb25,1650,1.618,-0.494,2,1
20,0,24,6,N,nb26,1650,1.637,1.04,3,1
20,0,24,6,N,nb27,1650,-0.303,-1.49,0,0
20,0,24,6,N,nb28,1650,-1.696,1.724,3,1
20,0,24,6,N,nb29,1650,1.585,-0.826,1,1
20,0,24,6,A,aa0,1650,-1.451,1.866,2,0
20,0,24,6,A,aa1,1650,0.346,-0.58,0,0
20,0,24,6,A,aa2,1650,-1.791,-1.066,2,0
20,0,24,6,A,aa3,1650,-1.789,1.865,2,0
20,0,24,6,A,aa4,1650,0.172,1.651,0,0
20,0,24,6,A,aa5,1650,-1.865,-1.693,2,0
20,0,24,6,N,nb0,1655,1.866,-1.619,1,1
20,0,24,6,N,nb1,1655,1.865,0.766,1,1
20,0,24,6,N,nb2,1655,1.865,-1.858,2,1
20,0,24,6,N,nb3,1655,1.531,-1.835,1,1
20,0,24,6,N,nb4,1655,-1.545,1.646,2,1
20,0,24,6,N,nb5,1655,-1.093,-1.052,0,0
20,0,24,6,N,nb6,1655,1.865,-0.867,2,1
20,0,24,6,N,nb7,1655,-1.621,-1.246,1,0
20,0,24,6,N,nb8,1655,-1.687,1.553,3,1
20,0,24,6,N,nb9,1655,-1.859,1.207,1,1
20,0,24,6,N,nb10,1655,-0.828,-1.417,0,0
20,0,24,6,N,nb11,1655,1.863,-0.699,2,1
20,0,24,6,N,nb12,1655,1.717,0.849,3,1
20,0,24,6,N,nb13,1655,-1.865,-1.25,1,1
20,0,24,6,N,nb14,1655,-1.865,1.71,2,1
20,0,24,6,N,nb15,1655,0.635,1.628,0,0
20,0,24,6,N,nb16,1655,1.698,-1.858,2,1
20,0,24,6,N,nb17,1655,1.781,-1.014,1,1
20,0,24,6,N,nb18,1655,1.553,0.893,2,1
20,0,24,6,N,nb19,1655,1.842,1.09,1,1
20,0,24,6,N,nb20,1655,-1.865,0.992,1,1
20,0,24,6,N,nb21,1655,-1.829,-0.984,0,0
20,0,24,6,N,nb22,1655,0.7,-0.98,0,0
20,0,24,6,N,nb23,1655,1.576,-0.656,2,1
20,0,24,6,N,nb24,1655,1.865,-0.476,2,1
20,0,24,6,N,nb25,1655,1.618,-0.494,2,1
20,0,24,6,N,nb26,1655,1.637,1.04,3,1
20,0,24,6,N,nb27,1655,-0.259,-1.579,0,0
20,0,24,6,N,nb28,1655,-1.696,1.724,3,1
20,0,24,6,N,nb29,1655,1.585,-0.826,1,1
20,0,24,6,A,aa0,1655,-1.515,1.834,2,0
20,0,24,6,A,aa1,1655,0.403,-0.661,0,0
20,0,24,6,A,aa2,1655,-1.745,-1.131,2,0
20,0,24,6,A,aa3,1655,-1.789,1.865,2,0
20,0,24,6,A,aa4,1655,0.262,1.605,0,0
20,0,24,6,A,aa5,1655,-1.865,-1.784,2,0
20,0,24,6,N,nb0,1660,1.866,-1.619,1,1
20,0,24,6,N,nb1,1660,1.865,0.766,1,1
20,0,24,6,N,nb2,1660,1.865,-1.858,2,1
20,0,24,6,N,nb3,1660,1.531,-1.835,1,1
20,0,24,6,N,nb4,1660,-1.545,1.646,2,1
20,0,24,6,N,nb5,1660,-1.021,-1.122,0,0
20,0,24,6,N,nb6,1660,1.865,-0.867,2,1
20,0,24,6,N,nb7,1660,-1.552,-1.296,0,0
20,0,24,6,N,nb8,1660,-1.687,1.553,3,1
20,0,24,6,N,nb9,1660,-1.859,1.207,1,1
20,0,24,6,N,nb10,1660,-0.783,-1.507,0,0
20,0,24,6,N,nb11,1660,1.863,-0.699,2,1
20,0,24,6,N,nb12,1660,1.717,0.849,3,1
20,0,24,6,N,nb13,1660,-1.865,-1.251,1,1
20,0,24,6,N,nb14,1660,-1.865,1.71,2,1
20,0,24,6,N,nb15,1660,0.728,1.591,0,0
20,0,24,6,N,nb16,1660,1.698,-1.858,2,1
20,0,24,6,N,nb17,1660,1.781,-1.014,1,1
20,0,24,6,N,nb18,1660,1.553,0.893,2,1
20,0,24,6,N,nb19,1660,1.842,1.09,1,1
20,0,24,6,N,nb20,1660,-1.865,0.992,1,1
20,0,24,6,N,nb21,1660,-1.813,-1.017,1,1
20,0,24,6,N,nb22,1660,0.789,-0.934,0,0
20,0,24,6,N,nb23,1660,1.576,-0.656,2,1
20,0,24,6,N,nb24,1660,1.865,-0.476,2,1
20,0,24,6,N,nb25,1660,1.618,-0.494,2,1
20,0,24,6,N,nb26,1660,1.637,1.04,3,1
20,0,24,6,N,nb27,1660,-0.215,-1.669,0,0
20,0,24,6,N,nb28,1660,-1.696,1.724,3,1
20,0,24,6,N,nb29,1660,1.585,-0.826,1,1
20,0,24,6,A,aa0,1660,-1.553,1.815,2,0
20,0,24,6,A,aa1,1660,0.461,-0.743,0,0
20,0,24,6,A,aa2,1660,-1.69,-1.198,2,0
20,0,24,6,A,aa3,1660,-1.789,1.865,2,0
20,0,24,6,A,aa4,1660,0.351,1.56,0,0
20,0,24,6,A,aa5,1660,-1.86,-1.866,0,0
20,0,24,6,N,nb0,1665,1.866,-1.619,1,1
20,0,24,6,N,nb1,1665,1.865,0.766,1,1
20,0,24,6,N,nb2,1665,1.865,-1.858,2,1
20,0,24,6,N,nb3,1665,1.531,-1.835,1,1
20,0,24,6,N,nb4,1665,-1.545,1.646,2,0
20,0,24,6,N,nb5,1665,-0.949,-1.191,0,0
20,0,24,6,N,nb6,1665,1.865,-0.867,2,1
20,0,24,6,N,nb7,1665,-1.484,-1.336,0,0
20,0,24,6,N,nb8,1665,-1.687,1.553,3,1
20,0,24,6,N,nb9,1665,-1.859,1.207,1,1
20,0,24,6,N,nb10,1665,-0.737,-1.596,0,0
20,0,24,6,N,nb11,1665,1.863,-0.699,2,1
20,0,24,6,N,nb12,1665,1.717,0.849,3,1
20,0,24,6,N,nb13,1665,-1.865,-1.251,1,1
20,0,24,6,N,nb14,1665,-1.865,1.71,2,0
20,0,24,6,N,nb15,1665,0.82,1.553,0,0
20,0,24,6,N,nb16,1665,1.698,-1.858,2,1
20,0,24,6,N,nb17,1665,1.781,-1.014,1,1
20,0,24,6,N,nb18,1665,1.553,0.893,2,1
20,0,24,6,N,nb19,1665,1.842,1.09,1,1
20,0,24,6,N,nb20,1665,-1.865,0.992,1,1
20,0,24,6,N,nb21,1665,-1.813,-1.017,1,1
20,0,24,6,N,nb22,1665,0.878,-0.889,0,0
20,0,24,6,N,nb23,1665,1.576,-0.656,2,1
20,0,24,6,N,nb24,1665,1.865,-0.476,2,1
20,0,24,6,N,nb25,1665,1.618,-0.494,2,1
20,0,24,6,N,nb26,1665,1.637,1.04,3,1
20,0,24,6,N,nb27,1665,-0.17,-1.758,0,0
20,0,24,6,N,nb28,1665,-1.696,1.724,3,0
20,0,24,6,N,nb29,1665,1.585,-0.826,1,1
20,0,24,6,A,aa0,1665,-1.553,1.815,2,0
20,0,24,6,A,aa1,1665,0.519,-0.825,0,0
20,0,24,6,A,aa2,1665,-1.633,-1.256,2,0
20,0,24,6,A,aa3,1665,-1.792,1.865,2,0
20,0,24,6,A,aa4,1665,0.44,1.515,0,0
20,0,24,6,A,aa5,1665,-1.849,-1.866,0,0
20,0,24,6,N,nb0,1670,1.866,-1.619,1,1
20,0,24,6,N,nb1,1670,1.865,0.766,1,1
20,0,24,6,N,nb2,1670,1.865,-1.858,2,1
20,0,24,6,N,nb3,1670,1.531,-1.835,1,1
20,0,24,6,N,nb4,1670,-1.545,1.646,2,1
20,0,24,6,N,nb5,1670,-0.876,-1.26,0,0
20,0,24,6,N,nb6,1670,1.865,-0.867,2,1
20,0,24,6,N,nb7,1670,-1.431,-1.401,0,0
20,0,24,6,N,nb8,1670,-1.687,1.553,3,1
20,0,24,6,N,nb9,1670,-1.859,1.207,1,1
20,0,24,6,N,nb10,1670,-0.692,-1.685,0,0
20,0,24,6,N,nb11,1670,1.863,-0.699,2,1
20,0,24,6,N,nb12,1670,1.717,0.849,3,1
20,0,24,6,N,nb13,1670,-1.865,-1.251,1,1
20,0,24,6,N,nb14,1670,-1.865,1.708,2,1
20,0,24,6,N,nb15,1670,0.913,1.515,0,0
20,0,24,6,N,nb16,1670,1.698,-1.858,2,1
20,0,24,6,N,nb17,1670,1.781,-1.014,1,1
20,0,24,6,N,nb18,1670,1.553,0.893,2,1
20,0,24,6,N,nb19,1670,1.842,1.09,1,1
20,0,24,6,N,nb20,1670,-1.865,0.992,1,1
20,0,24,6,N,nb21,1670,-1.813,-1.017,1,1
20,0,24,6,N,nb22,1670,0.968,-0.844,0,0
20,0,24,6,N,nb23,1670,1.576,-0.656,2,1
20,0,24,6,N,nb24,1670,1.865,-0.476,2,1
20,0,24,6,N,nb25,1670,1.618,-0.494,2,1
20,0,24,6,N,nb26,1670,1.637,1.04,3,1
20,0,24,6,N,nb27,1670,-0.127,-1.837,0,0
20,0,24,6,N,nb28,1670,-1.696,1.724,3,1
20,0,24,6,N,nb29,1670,1.585,-0.826,1,1
20,0,24,6,A,aa0,1670,-1.553,1.815,2,0
20,0,24,6,A,aa1,1670,0.576,-0.907,0,0
20,0,24,6,A,aa2,1670,-1.58,-1.32,2,0
20,0,24,6,A,aa3,1670,-1.8,1.865,2,0
20,0,24,6,A,aa4,1670,0.529,1.469,0,0
20,0,24,6,A,aa5,1670,-1.841,-1.866,0,0
20,0,24,6,N,nb0,1675,1.866,-1.619,1,1
20,0,24,6,N,nb1,1675,1.865,0.766,1,1
20,0,24,6,N,nb2,1675,1.865,-1.858,2,1
20,0,24,6,N,nb3,1675,1.531,-1.835,1,1
20,0,24,6,N,nb4,1675,-1.545,1.646,2,1
20,0,24,6,N,nb5,1675,-0.804,-1.329,0,0
20,0,24,6,N,nb6,1675,1.865,-0.867,2,1
20,0,24,6,N,nb7,1675,-1.389,-1.478,0,0
20,0,24,6,N,nb8,1675,-1.687,1.553,3,1
20,0,24,6,N,nb9,1675,-1.859,1.207,1,1
20,0,24,6,N,nb10,1675,-0.647,-1.774,0,0
20,0,24,6,N,nb11,1675,1.863,-0.699,2,1
20,0,24,6,N,nb12,1675,1.717,0.849,3,1
20,0,24,6,N,nb13,1675,-1.865,-1.251,1,1
20,0,24,6,N,nb14,1675,-1.865,1.704,2,1
20,0,24,6,N,nb15,1675,1.005,1.477,0,0
20,0,24,6,N,nb16,1675,1.698,-1.858,2,1
20,0,24,6,N,nb17,1675,1.781,-1.014,1,1
20,0,24,6,N,nb18,1675,1.553,0.893,2,1
20,0,24,6,N,nb19,1675,1.842,1.09,1,1
20,0,24,6,N,nb20,1675,-1.865,0.992,1,1
20,0,24,6,N,nb21,1675,-1.813,-1.017,1,1
20,0,24,6,N,nb22,1675,1.057,-0.798,0,0
20,0,24,6,N,nb23,1675,1.576,-0.656,2,1
20,0,24,6,N,nb24,1675,1.865,-0.476,2,1
20,0,24,6,N,nb25,1675,1.618,-0.494,2,1
20,0,24,6,N,nb26,1675,1.637,1.04,3,1
20,0,24,6,N,nb27,1675,-0.075,-1.865,0,0
20,0,24,6,N,nb28,1675,-1.696,1.724,3,1
20,0,24,6,N,nb29,1675,1.585,-0.826,1,1
20,0,24,6,A,aa0,1675,-1.553,1.815,2,0
20,0,24,6,A,aa1,1675,0.634,-0.988,0,0
20,0,24,6,A,aa2,1675,-1.538,-1.396,2,0
20,0,24,6,A,aa3,1675,-1.81,1.865,2,0
20,0,24,6,A,aa4,1675,0.618,1.424,0,0
20,0,24,6,A,aa5,1675,-1.826,-1.866,0,0
20,0,24,6,N,nb0,1680,1.866,-1.619,1,1
20,0,24,6,N,nb1,1680,1.865,0.766,1,1
20,0,24,6,N,nb2,1680,1.865,-1.858,2,1
20,0,24,6,N,nb3,1680,1.531,-1.835,1,1
20,0,24,6,N,nb4,1680,-1.545,1.646,2,1
20,0,24,6,N,nb5,1680,-0.732,-1.398,0,0
20,0,24,6,N,nb6,1680,1.865,-0.867,2,1
20,0,24,6,N,nb7,1680,-1.361,-1.561,0,0
20,0,24,6,N,nb8,1680,-1.687,1.553,3,1
20,0,24,6,N,nb9,1680,-1.859,1.207,1,1
20,0,24,6,N,nb10,1680,-0.602,-1.849,0,0
20,0,24,6,N,nb11,1680,1.863,-0.699,2,1
20,0,24,6,N,nb12,1680,1.717,0.849,3,1
20,0,24,6,N,nb13,1680,-1.865,-1.251,1,1
20,0,24,6,N,nb14,1680,-1.865,1.704,2,1
20,0,24,6,N,nb15,1680,1.098,1.439,0,0
20,0,24,6,N,nb16,1680,1.698,-1.858,2,1
20,0,24,6,N,nb17,1680,1.781,-1.014,1,1
20,0,24,6,N,nb18,1680,1.553,0.893,2,1
20,0,24,6,N,nb19,1680,1.842,1.09,1,1
20,0,24,6,N,nb20,1680,-1.865,0.992,1,1
20,0,24,6,N,nb21,1680,-1.813,-1.017,1,1
20,0,24,6,N,nb22,1680,1.146,-0.753,0,0
20,0,24,6,N,nb23,1680,1.576,-0.656,2,1
20,0,24,6,N,nb24,1680,1.865,-0.476,2,1
20,0,24,6,N,nb25,1680,1.618,-0.494,2,1
20,0,24,6,N,nb26,1680,1.637,1.04,3,1
20,0,24,6,N,nb27,1680,-0.014,-1.865,0,0
20,0,24,6,N,nb28,1680,-1.696,1.724,3,1
20,0,24,6,N,nb29,1680,1.585,-0.826,1,1
20,0,24,6,A,aa0,1680,-1.553,1.815,2,0
20,0,24,6,A,aa1,1680,0.691,-1.07,0,0
20,0,24,6,A,aa2,1680,-1.509,-1.479,2,0
20,0,24,6,A,aa3,1680,-1.812,1.865,2,0
20,0,24,6,A,aa4,1680,0.674,1.395,0,0
20,0,24,6,A,aa5,1680,-1.77,-1.866,0,0
20,0,24,6,N,nb0,1685,1.866,-1.619,1,1
20,0,24,6,N,nb1,1685,1.865,0.766,1,1
20,0,24,6,N,nb2,1685,1.865,-1.858,2,1
20,0,24,6,N,nb3,1685,1.531,-1.835,1,1
20,0,24,6,N,nb4,1685,-1.545,1.646,2,1
20,0,24,6,N,nb5,1685,-0.66,-1.467,0,0
20,0,24,6,N,nb6,1685,1.865,-0.867,2,1
20,0,24,6,N,nb7,1685,-1.348,-1.649,0,0
20,0,24,6,N,nb8,1685,-1.687,1.553,3,1
20,0,24,6,N,nb9,1685,-1.859,1.207,1,1
20,0,24,6,N,nb10,1685,-0.548,-1.866,0,0
20,0,24,6,N,nb11,1685,1.863,-0.699,2,1
20,0,24,6,N,nb12,1685,1.717,0.849,3,1
20,0,24,6,N,nb13,1685,-1.865,-1.251,1,1
20,0,24,6,N,nb14,1685,-1.865,1.704,2,1
20,0,24,6,N,nb15,1685,1.19,1.401,0,0
20,0,24,6,N,nb16,1685,1.698,-1.858,2,1
20,0,24,6,N,nb17,1685,1.781,-1.014,1,1
20,0,24,6,N,nb18,1685,1.553,0.893,2,1
20,0,24,6,N,nb19,1685,1.842,1.09,1,1
20,0,24,6,N,nb20,1685,-1.865,0.992,1,1
20,0,24,6,N,nb21,1685,-1.813,-1.017,1,1
20,0,24,6,N,nb22,1685,1.235,-0.708,0,0
20,0,24,6,N,nb23,1685,1.576,-0.656,2,1
20,0,24,6,N,nb24,1685,1.865,-0.476,2,1
20,0,24,6,N,nb25,1685,1.618,-0.494,2,1
20,0,24,6,N,nb26,1685,1.637,1.04,3,1
20,0,24,6,N,nb27,1685,0.058,-1.865,0,0
20,0,24,6,N,nb28,1685,-1.696,1.724,3,1
20,0,24,6,N,nb29,1685,1.585,-0.826,1,1
20,0,24,6,A,aa0,1685,-1.553,1.815,2,0
20,0,24,6,A,aa1,1685,0.749,-1.152,0,0
20,0,24,6,A,aa2,1685,-1.495,-1.566,1,0
20,0,24,6,A,aa3,1685,-1.812,1.865,2,0
20,0,24,6,A,aa4,1685,0.674,1.395,0,0
20,0,24,6,A,aa5,1685,-1.77,-1.866,0,0
20,0,24,6,N,nb0,1690,1.866,-1.619,1,1
20,0,24,6,N,nb1,1690,1.865,0.766,1,1
20,0,24,6,N,nb2,1690,1.865,-1.858,2,1
20,0,24,6,N,nb3,1690,1.531,-1.835,1,1
20,0,24,6,N,nb4,1690,-1.545,1.646,2,1
20,0,24,6,N,nb5,1690,-0.587,-1.536,0,0
20,0,24,6,N,nb6,1690,1.865,-0.867,2,1
20,0,24,6,N,nb7,1690,-1.348,-1.739,0,0
20,0,24,6,N,nb8,1690,-1.687,1.553,3,1
20,0,24,6,N,nb9,1690,-1.859,1.207,1,1
20,0,24,6,N,nb10,1690,-0.484,-1.866,0,0
20,0,24,6,N,nb11,1690,1.863,-0.699,2,1
20,0,24,6,N,nb12,1690,1.717,0.849,3,1
20,0,24,6,N,nb13,1690,-1.865,-1.251,1,1
20,0,24,6,N,nb14,1690,-1.865,1.704,2,1
20,0,24,6,N,nb15,1690,1.283,1.363,0,0
20,0,24,6,N,nb16,1690,1.698,-1.858,2,1
20,0,24,6,N,nb17,1690,1.781,-1.014,1,1
20,0,24,6,N,nb18,1690,1.553,0.893,2,1
20,0,24,6,N,nb19,1690,1.842,1.09,1,1
20,0,24,6,N,nb20,1690,-1.865,0.992,1,1
20,0,24,6,N,nb21,1690,-1.813,-1.017,1,1
20,0,24,6,N,nb22,1690,1.324,-0.662,0,0
20,0,24,6,N,nb23,1690,1.576,-0.656,2,0
20,0,24,6,N,nb24,1690,1.865,-0.476,2,1
20,0,24,6,N,nb25,1690,1.618,-0.494,2,1
20,0,24,6,N,nb26,1690,1.637,1.04,3,1
20,0,24,6,N,nb27,1690,0.138,-1.865,0,0
20,0,24,6,N,nb28,1690,-1.696,1.724,3,1
20,0,24,6,N,nb29,1690,1.585,-0.826,1,1
20,0,24,6,A,aa0,1690,-1.553,1.815,2,0
20,0,24,6,A,aa1,1690,0.751,-1.155,0,0
20,0,24,6,A,aa2,1690,-1.495,-1.656,1,0
20,0,24,6,A,aa3,1690,-1.812,1.865,2,0
20,0,24,6,A,aa4,1690,0.735,1.443,0,0
20,0,24,6,A,aa5,1690,-1.711,-1.793,1,0
20,0,24,6,N,nb0,1695,1.866,-1.619,1,1
20,0,24,6,N,nb1,1695,1.865,0.766,1,1
20,0,24,6,N,nb2,1695,1.865,-1.858,2,1
20,0,24,6,N,nb3,1695,1.531,-1.835,1,1
20,0,24,6,N,nb4,1695,-1.545,1.646,2,1
20,0,24,6,N,nb5,1695,-0.515,-1.605,0,0
20,0,24,6,N,nb6,1695,1.865,-0.867,2,1
20,0,24,6,N,nb7,1695,-1.36,-1.825,0,0
20,0,24,6,N,nb8,1695,-1.687,1.553,3,1
20,0,24,6,N,nb9,1695,-1.859,1.207,1,1
20,0,24,6,N,nb10,1695,-0.41,-1.866,0,0
20,0,24,6,N,nb11,1695,1.863,-0.699,2,1
20,0,24,6,N,nb12,1695,1.717,0.849,3,1
20,0,24,6,N,nb13,1695,-1.865,-1.251,1,1
20,0,24,6,N,nb14,1695,-1.865,1.704,2,1
20,0,24,6,N,nb15,1695,1.375,1.325,0,0
20,0,24,6,N,nb16,1695,1.698,-1.858,2,1
20,0,24,6,N,nb17,1695,1.781,-1.014,1,1
20,0,24,6,N,nb18,1695,1.553,0.893,2,1
20,0,24,6,N,nb19,1695,1.842,1.09,1,1
20,0,24,6,N,nb20,1695,-1.865,0.992,1,1
20,0,24,6,N,nb21,1695,-1.813,-1.017,1,1
20,0,24,6,N,nb22,1695,1.342,-0.653,1,1
20,0,24,6,N,nb23,1695,1.576,-0.656,3,1
20,0,24,6,N,nb24,1695,1.865,-0.476,2,1
20,0,24,6,N,nb25,1695,1.618,-0.494,2,1
20,0,24,6,N,nb26,1695,1.637,1.04,3,1
20,0,24,6,N,nb27,1695,0.223,-1.865,0,0
20,0,24,6,N,nb28,1695,-1.696,1.724,3,1
20,0,24,6,N,nb29,1695,1.585,-0.826,1,1
20,0,24,6,A,aa0,1695,-1.545,1.815,2,0
20,0,24,6,A,aa1,1695,0.787,-1.148,0,0
20,0,24,6,A,aa2,1695,-1.508,-1.741,0,0
20,0,24,6,A,aa3,1695,-1.812,1.865,2,0
20,0,24,6,A,aa4,1695,0.813,1.505,0,0
20,0,24,6,A,aa5,1695,-1.677,-1.728,1,0
20,0,24,6,N,nb0,1700,1.866,-1.619,1,1
20,0,24,6,N,nb1,1700,1.865,0.766,1,1
20,0,24,6,N,nb2,1700,1.865,-1.858,2,1
20,0,24,6,N,nb3,1700,1.531,-1.835,1,1
20,0,24,6,N,nb4,1700,-1.545,1.646,2,1
20,0,24,6,N,nb5,1700,-0.46,-1.656,1,1
20,0,24,6,N,nb6,1700,1.865,-0.867,2,1
20,0,24,6,N,nb7,1700,-1.362,-1.865,0,0
20,0,24,6,N,nb8,1700,-1.687,1.553,3,1
20,0,24,6,N,nb9,1700,-1.859,1.207,1,1
20,0,24,6,N,nb10,1700,-0.343,-1.866,1,1
20,0,24,6,N,nb11,1700,1.863,-0.699,2,1
20,0,24,6,N,nb12,1700,1.717,0.849,3,1
20,0,24,6,N,nb13,1700,-1.865,-1.251,1,1
20,0,24,6,N,nb14,1700,-1.865,1.702,2,1
20,0,24,6,N,nb15,1700,1.468,1.288,0,0
20,0,24,6,N,nb16,1700,1.698,-1.858,2,1
20,0,24,6,N,nb17,1700,1.781,-1.014,1,1
20,0,24,6,N,nb18,1700,1.553,0.893,2,1
20,0,24,6,N,nb19,1700,1.842,1.09,1,1
20,0,24,6,N,nb20,1700,-1.865,0.992,1,1
20,0,24,6,N,nb21,1700,-1.813,-1.017,1,1
20,0,24,6,N,nb22,1700,1.342,-0.653,1,1
20,0,24,6,N,nb23,1700,1.576,-0.656,3,1
20,0,24,6,N,nb24,1700,1.865,-0.476,2,1
20,0,24,6,N,nb25,1700,1.618,-0.494,2,1
20,0,24,6,N,nb26,1700,1.637,1.04,3,1
20,0,24,6,N,nb27,1700,0.313,-1.865,0,0
20,0,24,6,N,nb28,1700,-1.696,1.724,3,1
20,0,24,6,N,nb29,1700,1.585,-0.826,1,1
20,0,24,6,A,aa0,1700,-1.513,1.812,2,0
20,0,24,6,A,aa1,1700,0.885,-1.13,0,0
20,0,24,6,A,aa2,1700,-1.526,-1.823,0,0
20,0,24,6,A,aa3,1700,-1.818,1.865,2,0
20,0,24,6,A,aa4,1700,0.891,1.567,0,0
20,0,24,6,A,aa5,1700,-1.65,-1.663,1,0
20,0,24,6,N,nb0,1705,1.866,-1.619,1,1
20,0,24,6,N,nb1,1705,1.865,0.766,1,1
20,0,24,6,N,nb2,1705,1.865,-1.858,2,1
20,0,24,6,N,nb3,1705,1.531,-1.835,1,1
20,0,24,6,N,nb4,1705,-1.545,1.645,2,1
20,0,24,6,N,nb5,1705,-0.46,-1.656,1,1
20,0,24,6,N,nb6,1705,1.865,-0.867,2,1
20,0,24,6,N,nb7,1705,-1.36,-1.865,0,0
20,0,24,6,N,nb8,1705,-1.687,1.553,3,1
20,0,24,6,N,nb9,1705,-1.859,1.207,1,1
20,0,24,6,N,nb10,1705,-0.343,-1.866,1,1
20,0,24,6,N,nb11,1705,1.863,-0.699,2,1
20,0,24,6,N,nb12,1705,1.717,0.849,3,1
20,0,24,6,N,nb13,1705,-1.865,-1.251,1,1
20,0,24,6,N,nb14,1705,-1.865,1.702,2,1
20,0,24,6,N,nb15,1705,1.54,1.259,1,1
20,0,24,6,N,nb16,1705,1.698,-1.858,2,1
20,0,24,6,N,nb17,1705,1.781,-1.014,1,1
20,0,24,6,N,nb18,1705,1.553,0.893,2,1
20,0,24,6,N,nb19,1705,1.842,1.09,1,1
20,0,24,6,N,nb20,1705,-1.865,0.992,1,1
20,0,24,6,N,nb21,1705,-1.813,-1.017,1,1
20,0,24,6,N,nb22,1705,1.342,-0.653,1,1
20,0,24,6,N,nb23,1705,1.576,-0.656,3,1
20,0,24,6,N,nb24,1705,1.865,-0.476,2,1
20,0,24,6,N,nb25,1705,1.618,-0.494,2,1
20,0,24,6,N,nb26,1705,1.637,1.04,4,1
20,0,24,6,N,nb27,1705,0.404,-1.865,0,0
20,0,24,6,N,nb28,1705,-1.696,1.724,3,1
20,0,24,6,N,nb29,1705,1.585,-0.826,1,1
20,0,24,6,A,aa0,1705,-1.449,1.785,2,0
20,0,24,6,A,aa1,1705,0.983,-1.111,1,0
20,0,24,6,A,aa2,1705,-1.529,-1.844,0,0
20,0,24,6,A,aa3,1705,-1.818,1.865,2,0
20,0,24,6,A,aa4,1705,0.969,1.629,0,0
20,0,24,6,A,aa5,1705,-1.655,-1.647,0,0
20,0,24,6,N,nb0,1710,1.866,-1.619,1,1
20,0,24,6,N,nb1,1710,1.865,0.766,1,1
20,0,24,6,N,nb2,1710,1.865,-1.858,2,1
20,0,24,6,N,nb3,1710,1.531,-1.835,1,1
20,0,24,6,N,nb4,1710,-1.545,1.645,2,1
20,0,24,6,N,nb5,1710,-0.46,-1.656,1,1
20,0,24,6,N,nb6,1710,1.865,-0.867,2,1
20,0,24,6,N,nb7,1710,-1.355,-1.865,0,0
20,0,24,6,N,nb8,1710,-1.687,1.553,3,1
20,0,24,6,N,nb9,1710,-1.859,1.207,1,1
20,0,24,6,N,nb10,1710,-0.343,-1.866,1,1
20,0,24,6,N,nb11,1710,1.863,-0.699,2,1
20,0,24,6,N,nb12,1710,1.717,0.849,3,1
20,0,24,6,N,nb13,1710,-1.865,-1.251,1,1
20,0,24,6,N,nb14,1710,-1.865,1.702,2,1
20,0,24,6,N,nb15,1710,1.54,1.259,1,1
20,0,24,6,N,nb16,1710,1.698,-1.858,2,1
20,0,24,6,N,nb17,1710,1.781,-1.014,1,1
20,0,24,6,N,nb18,1710,1.553,0.893,2,1
20,0,24,6,N,nb19,1710,1.842,1.09,1,1
20,0,24,6,N,nb20,1710,-1.865,0.992,1,1
20,0,24,6,N,nb21,1710,-1.813,-1.017,1,1
20,0,24,6,N,nb22,1710,1.342,-0.653,1,1
20,0,24,6,N,nb23,1710,1.576,-0.656,3,1
20,0,24,6,N,nb24,1710,1.865,-0.476,2,1
20,0,24,6,N,nb25,1710,1.618,-0.494,2,1
20,0,24,6,N,nb26,1710,1.637,1.04,4,1
20,0,24,6,N,nb27,1710,0.497,-1.858,0,0
20,0,24,6,N,nb28,1710,-1.696,1.724,3,1
20,0,24,6,N,nb29,1710,1.585,-0.826,1,1
20,0,24,6,A,aa0,1710,-1.373,1.732,1,0
20,0,24,6,A,aa1,1710,1.006,-1.107,1,0
20,0,24,6,A,aa2,1710,-1.525,-1.867,0,0
20,0,24,6,A,aa3,1710,-1.818,1.865,2,0
20,0,24,6,A,aa4,1710,1.048,1.692,0,0
20,0,24,6,A,aa5,1710,-1.686,-1.552,2,0
20,0,24,6,N,nb0,1715,1.866,-1.619,1,0
20,0,24,6,N,nb1,1715,1.865,0.766,1,0
20,0,24,6,N,nb2,1715,1.865,-1.858,2,1
20,0,24,6,N,nb3,1715,1.531,-1.835,1,1
20,0,24,6,N,nb4,1715,-1.545,1.645,2,1
20,0,24,6,N,nb5,1715,-0.46,-1.656,1,1
20,0,24,6,N,nb6,1715,1.865,-0.867,2,1
20,0,24,6,N,nb7,1715,-1.363,-1.865,0,0
20,0,24,6,N,nb8,1715,-1.687,1.553,3,1
20,0,24,6,N,nb9,1715,-1.859,1.207,1,1
20,0,24,6,N,nb10,1715,-0.343,-1.866,1,1
20,0,24,6,N,nb11,1715,1.863,-0.699,2,1
20,0,24,6,N,nb12,1715,1.717,0.849,3,0
20,0,24,6,N,nb13,1715,-1.865,-1.251,1,1
20,0,24,6,N,nb14,1715,-1.865,1.699,2,1
20,0,24,6,N,nb15,1715,1.54,1.259,1,1
20,0,24,6,N,nb16,1715,1.698,-1.858,2,1
20,0,24,6,N,nb17,1715,1.781,-1.014,1,1
20,0,24,6,N,nb18,1715,1.553,0.893,2,1
20,0,24,6,N,nb19,1715,1.842,1.09,1,1
20,0,24,6,N,nb20,1715,-1.865,0.992,1,1
20,0,24,6,N,nb21,1715,-1.813,-1.017,1,1
20,0,24,6,N,nb22,1715,1.342,-0.653,1,1
20,0,24,6,N,nb23,1715,1.576,-0.656,3,1
20,0,24,6,N,nb24,1715,1.865,-0.476,2,1
20,0,24,6,N,nb25,1715,1.618,-0.494,2,1
20,0,24,6,N,nb26,1715,1.637,1.04,4,1
20,0,24,6,N,nb27,1715,0.588,-1.841,0,0
20,0,24,6,N,nb28,1715,-1.696,1.724,3,1
20,0,24,6,N,nb29,1715,1.585,-0.826,1,1
20,0,24,6,A,aa0,1715,-1.29,1.684,1,0
20,0,24,6,A,aa1,1715,1.02,-1.073,1,0
20,0,24,6,A,aa2,1715,-1.532,-1.867,0,0
20,0,24,6,A,aa3,1715,-1.829,1.865,2,0
20,0,24,6,A,aa4,1715,1.126,1.754,0,0
20,0,24,6,A,aa5,1715,-1.718,-1.458,2,0
20,0,24,6,N,nb0,1720,1.866,-1.619,1,1
20,0,24,6,N,nb1,1720,1.865,0.766,1,1
20,0,24,6,N,nb2,1720,1.865,-1.858,2,1
20,0,24,6,N,nb3,1720,1.531,-1.835,1,1
20,0,24,6,N,nb4,1720,-1.545,1.645,2,1
20,0,24,6,N,nb5,1720,-0.46,-1.656,1,1
20,0,24,6,N,nb6,1720,1.865,-0.867,2,1
20,0,24,6,N,nb7,1720,-1.369,-1.865,0,0
20,0,24,6,N,nb8,1720,-1.687,1.553,3,1
20,0,24,6,N,nb9,1720,-1.859,1.207,1,1
20,0,24,6,N,nb10,1720,-0.343,-1.866,1,1
20,0,24,6,N,nb11,1720,1.863,-0.699,2,1
20,0,24,6,N,nb12,1720,1.717,0.849,3,1
20,0,24,6,N,nb13,1720,-1.865,-1.251,1,1
20,0,24,6,N,nb14,1720,-1.865,1.697,2,1
20,0,24,6,N,nb15,1720,1.54,1.259,1,1
20,0,24,6,N,nb16,1720,1.698,-1.858,2,1
20,0,24,6,N,nb17,1720,1.781,-1.014,1,1
20,0,24,6,N,nb18,1720,1.553,0.893,2,1
20,0,24,6,N,nb19,1720,1.842,1.09,1,1
20,0,24,6,N,nb20,1720,-1.865,0.992,1,1
20,0,24,6,N,nb21,1720,-1.813,-1.017,1,1
20,0,24,6,N,nb22,1720,1.342,-0.653,1,1
20,0,24,6,N,nb23,1720,1.576,-0.656,3,1
20,0,24,6,N,nb24,1720,1.865,-0.476,2,0
20,0,24,6,N,nb25,1720,1.618,-0.494,2,1
20,0,24,6,N,nb26,1720,1.637,1.04,4,1
20,0,24,6,N,nb27,1720,0.678,-1.815,0,0
20,0,24,6,N,nb28,1720,-1.696,1.724,3,1
20,0,24,6,N,nb29,1720,1.585,-0.826,1,1
20,0,24,6,A,aa0,1720,-1.202,1.638,1,0
20,0,24,6,A,aa1,1720,1.058,-0.981,2,0
20,0,24,6,A,aa2,1720,-1.539,-1.867,0,0
20,0,24,6,A,aa3,1720,-1.845,1.865,2,0
20,0,24,6,A,aa4,1720,1.199,1.808,0,0
20,0,24,6,A,aa5,1720,-1.739,-1.374,1,0
20,0,24,6,N,nb0,1725,1.866,-1.619,1,1
20,0,24,6,N,nb1,1725,1.865,0.766,1,1
20,0,24,6,N,nb2,1725,1.865,-1.858,2,1
20,0,24,6,N,nb3,1725,1.531,-1.835,1,1
20,0,24,6,N,nb4,1725,-1.545,1.645,2,1
20,0,24,6,N,nb5,1725,-0.46,-1.656,1,1
20,0,24,6,N,nb6,1725,1.865,-0.867,2,0
20,0,24,6,N,nb7,1725,-1.37,-1.865,0,0
20,0,24,6,N,nb8,1725,-1.687,1.553,3,1
20,0,24,6,N,nb9,1725,-1.859,1.207,1,1
20,0,24,6,N,nb10,1725,-0.343,-1.866,1,1
20,0,24,6,N,nb11,1725,1.863,-0.699,2,1
20,0,24,6,N,nb12,1725,1.717,0.849,3,1
20,0,24,6,N,nb13,1725,-1.865,-1.245,1,1
20,0,24,6,N,nb14,1725,-1.865,1.695,2,1
20,0,24,6,N,nb15,1725,1.54,1.259,1,1
20,0,24,6,N,nb16,1725,1.698,-1.858,2,1
20,0,24,6,N,nb17,1725,1.781,-1.014,1,1
20,0,24,6,N,nb18,1725,1.553,0.893,2,1
20,0,24,6,N,nb19,1725,1.842,1.09,1,1
20,0,24,6,N,nb20,1725,-1.865,0.992,1,1
20,0,24,6,N,nb21,1725,-1.813,-1.017,1,1
20,0,24,6,N,nb22,1725,1.355,-0.646,1,0
20,0,24,6,N,nb23,1725,1.576,-0.647,3,0
20,0,24,6,N,nb24,1725,1.865,-0.476,2,1
20,0,24,6,N,nb25,1725,1.617,-0.484,2,1
20,0,24,6,N,nb26,1725,1.637,1.04,4,1
20,0,24,6,N,nb27,1725,0.765,-1.781,0,0
20,0,24,6,N,nb28,1725,-1.696,1.724,3,1
20,0,24,6,N,nb29,1725,1.592,-0.816,1,0
20,0,24,6,A,aa0,1725,-1.114,1.592,1,0
20,0,24,6,A,aa1,1725,1.095,-0.888,0,0
20,0,24,6,A,aa2,1725,-1.55,-1.867,0,0
20,0,24,6,A,aa3,1725,-1.862,1.865,2,0
20,0,24,6,A,aa4,1725,1.278,1.851,0,0
20,0,24,6,A,aa5,1725,-1.731,-1.349,2,0
20,0,24,6,N,nb0,1730,1.866,-1.619,1,1
20,0,24,6,N,nb1,1730,1.865,0.766,1,1
20,0,24,6,N,nb2,1730,1.865,-1.858,2,1
20,0,24,6,N,nb3,1730,1.531,-1.835,1,1
20,0,24,6,N,nb4,1730,-1.545,1.645,2,1
20,0,24,6,N,nb5,1730,-0.46,-1.656,1,1
20,0,24,6,N,nb6,1730,1.865,-0.867,2,1
20,0,24,6,N,nb7,1730,-1.357,-1.865,0,0
20,0,24,6,N,nb8,1730,-1.687,1.553,3,1
20,0,24,6,N,nb9,1730,-1.859,1.207,1,1
20,0,24,6,N,nb10,1730,-0.343,-1.866,1,1
20,0,24,6,N,nb11,1730,1.863,-0.699,3,1
20,0,24,6,N,nb12,1730,1.717,0.849,3,1
20,0,24,6,N,nb13,1730,-1.865,-1.245,1,1
20,0,24,6,N,nb14,1730,-1.865,1.695,2,1
20,0,24,6,N,nb15,1730,1.54,1.259,1,1
20,0,24,6,N,nb16,1730,1.698,-1.858,2,1
20,0,24,6,N,nb17,1730,1.781,-1.014,1,1
20,0,24,6,N,nb18,1730,1.553,0.893,2,1
20,0,24,6,N,nb19,1730,1.842,1.09,1,1
20,0,24,6,N,nb20,1730,-1.865,0.992,1,1
20,0,24,6,N,nb21,1730,-1.813,-1.017,1,1
20,0,24,6,N,nb22,1730,1.406,-0.598,1,0
20,0,24,6,N,nb23,1730,1.573,-0.58,3,0
20,0,24,6,N,nb24,1730,1.865,-0.476,1,1
20,0,24,6,N,nb25,1730,1.617,-0.418,1,1
20,0,24,6,N,nb26,1730,1.637,1.04,4,1
20,0,24,6,N,nb27,1730,0.854,-1.739,0,0
20,0,24,6,N,nb28,1730,-1.696,1.724,3,1
20,0,24,6,N,nb29,1730,1.643,-0.744,2,0
20,0,24,6,A,aa0,1730,-1.025,1.545,1,0
20,0,24,6,A,aa1,1730,1.133,-0.795,0,0
20,0,24,6,A,aa2,1730,-1.574,-1.867,0,0
20,0,24,6,A,aa3,1730,-1.865,1.865,2,0
20,0,24,6,A,aa4,1730,1.362,1.865,0,0
20,0,24,6,A,aa5,1730,-1.735,-1.354,2,0
20,0,24,6,N,nb0,1735,1.866,-1.619,1,1
20,0,24,6,N,nb1,1735,1.865,0.766,1,1
20,0,24,6,N,nb2,1735,1.865,-1.858,2,1
20,0,24,6,N,nb3,1735,1.531,-1.835,1,1
20,0,24,6,N,nb4,1735,-1.545,1.645,2,1
20,0,24,6,N,nb5,1735,-0.46,-1.656,1,1
20,0,24,6,N,nb6,1735,1.865,-0.867,3,1
20,0,24,6,N,nb7,1735,-1.327,-1.865,0,0
20,0,24,6,N,nb8,1735,-1.687,1.553,3,1
20,0,24,6,N,nb9,1735,-1.859,1.207,1,1
20,0,24,6,N,nb10,1735,-0.343,-1.866,1,1
20,0,24,6,N,nb11,1735,1.863,-0.699,3,1
20,0,24,6,N,nb12,1735,1.717,0.849,3,1
20,0,24,6,N,nb13,1735,-1.865,-1.245,1,1
20,0,24,6,N,nb14,1735,-1.865,1.695,2,1
20,0,24,6,N,nb15,1735,1.54,1.259,1,1
20,0,24,6,N,nb16,1735,1.698,-1.858,2,1
20,0,24,6,N,nb17,1735,1.781,-1.014,1,1
20,0,24,6,N,nb18,1735,1.553,0.893,2,1
20,0,24,6,N,nb19,1735,1.842,1.09,1,1
20,0,24,6,N,nb20,1735,-1.865,0.992,1,1
20,0,24,6,N,nb21,1735,-1.813,-1.017,1,1
20,0,24,6,N,nb22,1735,1.418,-0.553,1,1
20,0,24,6,N,nb23,1735,1.585,-0.531,3,1
20,0,24,6,N,nb24,1735,1.865,-0.476,1,1
20,0,24,6,N,nb25,1735,1.636,-0.371,1,1
20,0,24,6,N,nb26,1735,1.637,1.04,4,1
20,0,24,6,N,nb27,1735,0.943,-1.695,0,0
20,0,24,6,N,nb28,1735,-1.696,1.724,3,1
20,0,24,6,N,nb29,1735,1.68,-0.703,3,1
20,0,24,6,A,aa0,1735,-0.936,1.499,0,0
20,0,24,6,A,aa1,1735,1.171,-0.703,1,0
20,0,24,6,A,aa2,1735,-1.613,-1.867,0,0
20,0,24,6,A,aa3,1735,-1.865,1.865,2,0
20,0,24,6,A,aa4,1735,1.449,1.865,0,0
20,0,24,6,A,aa5,1735,-1.747,-1.367,2,0
20,0,24,6,N,nb0,1740,1.866,-1.619,1,1
20,0,24,6,N,nb1,1740,1.865,0.766,1,1
20,0,24,6,N,nb2,1740,1.865,-1.858,2,1
20,0,24,6,N,nb3,1740,1.531,-1.835,1,1
20,0,24,6,N,nb4,1740,-1.545,1.645,2,1
20,0,24,6,N,nb5,1740,-0.46,-1.656,1,1
20,0,24,6,N,nb6,1740,1.865,-0.867,3,1
20,0,24,6,N,nb7,1740,-1.283,-1.865,0,0
20,0,24,6,N,nb8,1740,-1.687,1.553,3,1
20,0,24,6,N,nb9,1740,-1.859,1.207,1,1
20,0,24,6,N,nb10,1740,-0.343,-1.866,1,1
20,0,24,6,N,nb11,1740,1.863,-0.699,3,1
20,0,24,6,N,nb12,1740,1.717,0.849,3,1
20,0,24,6,N,nb13,1740,-1.865,-1.245,1,1
20,0,24,6,N,nb14,1740,-1.865,1.695,2,1
20,0,24,6,N,nb15,1740,1.54,1.259,1,1
20,0,24,6,N,nb16,1740,1.698,-1.858,2,1
20,0,24,6,N,nb17,1740,1.781,-1.014,1,0
20,0,24,6,N,nb18,1740,1.553,0.893,2,1
20,0,24,6,N,nb19,1740,1.842,1.09,1,1
20,0,24,6,N,nb20,1740,-1.865,0.992,1,1
20,0,24,6,N,nb21,1740,-1.813,-1.017,1,1
20,0,24,6,N,nb22,1740,1.418,-0.553,1,1
20,0,24,6,N,nb23,1740,1.585,-0.531,3,1
20,0,24,6,N,nb24,1740,1.865,-0.476,1,1
20,0,24,6,N,nb25,1740,1.636,-0.371,1,1
20,0,24,6,N,nb26,1740,1.637,1.04,4,1
20,0,24,6,N,nb27,1740,1.033,-1.651,0,0
20,0,24,6,N,nb28,1740,-1.696,1.724,3,1
20,0,24,6,N,nb29,1740,1.68,-0.703,3,1
20,0,24,6,A,aa0,1740,-0.848,1.453,0,0
20,0,24,6,A,aa1,1740,1.204,-0.616,2,0
20,0,24,6,A,aa2,1740,-1.666,-1.867,0,0
20,0,24,6,A,aa3,1740,-1.862,1.865,2,0
20,0,24,6,A,aa4,1740,1.506,1.865,0,0
20,0,24,6,A,aa5,1740,-1.754,-1.373,2,0
20,0,24,6,N,nb0,1745,1.866,-1.619,1,1
20,0,24,6,N,nb1,1745,1.865,0.766,1,1
20,0,24,6,N,nb2,1745,1.865,-1.858,2,1
20,0,24,6,N,nb3,1745,1.531,-1.835,1,1
20,0,24,6,N,nb4,1745,-1.545,1.645,2,1
20,0,24,6,N,nb5,1745,-0.46,-1.656,1,1
20,0,24,6,N,nb6,1745,1.865,-0.867,3,1
20,0,24,6,N,nb7,1745,-1.225,-1.865,0,0
20,0,24,6,N,nb8,1745,-1.687,1.553,3,1
20,0,24,6,N,nb9,1745,-1.859,1.207,1,1
20,0,24,6,N,nb10,1745,-0.343,-1.866,1,1
20,0,24,6,N,nb11,1745,1.863,-0.699,3,1
20,0,24,6,N,nb12,1745,1.717,0.849,3,1
20,0,24,6,N,nb13,1745,-1.865,-1.245,1,1
20,0,24,6,N,nb14,1745,-1.865,1.695,2,1
20,0,24,6,N,nb15,1745,1.54,1.259,1,1
20,0,24,6,N,nb16,1745,1.698,-1.858,2,1
20,0,24,6,N,nb17,1745,1.781,-1.014,1,1
20,0,24,6,N,nb18,1745,1.553,0.893,2,1
20,0,24,6,N,nb19,1745,1.842,1.09,1,1
20,0,24,6,N,nb20,1745,-1.865,0.992,1,1
20,0,24,6,N,nb21,1745,-1.813,-1.017,1,1
20,0,24,6,N,nb22,1745,1.418,-0.553,1,1
20,0,24,6,N,nb23,1745,1.585,-0.531,3,1
20,0,24,6,N,nb24,1745,1.865,-0.476,1,1
20,0,24,6,N,nb25,1745,1.636,-0.371,1,1
20,0,24,6,N,nb26,1745,1.637,1.04,4,1
20,0,24,6,N,nb27,1745,1.123,-1.606,0,0
20,0,24,6,N,nb28,1745,-1.696,1.724,3,1
20,0,24,6,N,nb29,1745,1.68,-0.703,3,1
20,0,24,6,A,aa0,1745,-0.759,1.407,0,0
20,0,24,6,A,aa1,1745,1.225,-0.528,2,0
20,0,24,6,A,aa2,1745,-1.73,-1.867,0,0
20,0,24,6,A,aa3,1745,-1.859,1.865,2,0
20,0,24,6,A,aa4,1745,1.527,1.865,0,0
20,0,24,6,A,aa5,1745,-1.754,-1.373,2,0
20,0,24,6,N,nb0,1750,1.866,-1.619,1,1
20,0,24,6,N,nb1,1750,1.865,0.766,1,1
20,0,24,6,N,nb2,1750,1.865,-1.858,2,1
20,0,24,6,N,nb3,1750,1.531,-1.835,1,1
20,0,24,6,N,nb4,1750,-1.545,1.645,2,1
20,0,24,6,N,nb5,1750,-0.46,-1.656,1,1
20,0,24,6,N,nb6,1750,1.865,-0.867,3,1
20,0,24,6,N,nb7,1750,-1.157,-1.865,0,0
20,0,24,6,N,nb8,1750,-1.687,1.553,3,1
20,0,24,6,N,nb9,1750,-1.859,1.207,1,1
20,0,24,6,N,nb10,1750,-0.343,-1.866,1,1
20,0,24,6,N,nb11,1750,1.863,-0.699,3,1
20,0,24,6,N,nb12,1750,1.717,0.849,3,1
20,0,24,6,N,nb13,1750,-1.865,-1.245,1,1
20,0,24,6,N,nb14,1750,-1.865,1.695,2,1
20,0,24,6,N,nb15,1750,1.54,1.259,1,1
20,0,24,6,N,nb16,1750,1.698,-1.858,2,1
20,0,24,6,N,nb17,1750,1.781,-1.014,1,1
20,0,24,6,N,nb18,1750,1.553,0.893,2,1
20,0,24,6,N,nb19,1750,1.842,1.09,1,1
20,0,24,6,N,nb20,1750,-1.865,0.992,1,1
20,0,24,6,N,nb21,1750,-1.813,-1.017,1,1
20,0,24,6,N,nb22,1750,1.418,-0.553,1,1
20,0,24,6,N,nb23,1750,1.585,-0.531,3,1
20,0,24,6,N,nb24,1750,1.865,-0.476,1,1
20,0,24,6,N,nb25,1750,1.636,-0.371,1,1
20,0,24,6,N,nb26,1750,1.637,1.04,4,1
20,0,24,6,N,nb27,1750,1.213,-1.562,0,0
20,0,24,6,N,nb28,1750,-1.696,1.724,3,1
20,0,24,6,N,nb29,1750,1.68,-0.703,3,1
20,0,24,6,A,aa0,1750,-0.67,1.36,0,0
20,0,24,6,A,aa1,1750,1.235,-0.435,2,0
20,0,24,6,A,aa2,1750,-1.791,-1.867,0,0
20,0,24,6,A,aa3,1750,-1.858,1.865,2,0
20,0,24,6,A,aa4,1750,1.594,1.865,0,0
20,0,24,6,A,aa5,1750,-1.767,-1.384,1,0
20,0,24,6,N,nb0,1755,1.866,-1.619,1,1
20,0,24,6,N,nb1,1755,1.865,0.766,1,1
20,0,24,6,N,nb2,1755,1.865,-1.858,2,1
20,0,24,6,N,nb3,1755,1.531,-1.835,1,1
20,0,24,6,N,nb4,1755,-1.545,1.645,2,1
20,0,24,6,N,nb5,1755,-0.46,-1.656,1,1
20,0,24,6,N,nb6,1755,1.865,-0.867,3,1
20,0,24,6,N,nb7,1755,-1.08,-1.865,0,0
20,0,24,6,N,nb8,1755,-1.687,1.553,3,1
20,0,24,6,N,nb9,1755,-1.859,1.207,1,1
20,0,24,6,N,nb10,1755,-0.343,-1.866,1,1
20,0,24,6,N,nb11,1755,1.863,-0.699,3,0
20,0,24,6,N,nb12,1755,1.717,0.849,3,1
20,0,24,6,N,nb13,1755,-1.865,-1.245,1,1
20,0,24,6,N,nb14,1755,-1.865,1.695,2,1
20,0,24,6,N,nb15,1755,1.54,1.259,1,1
20,0,24,6,N,nb16,1755,1.698,-1.858,2,1
20,0,24,6,N,nb17,1755,1.781,-1.014,1,1
20,0,24,6,N,nb18,1755,1.553,0.893,2,1
20,0,24,6,N,nb19,1755,1.842,1.09,1,1
20,0,24,6,N,nb20,1755,-1.865,0.992,1,1
20,0,24,6,N,nb21,1755,-1.813,-1.017,1,1
20,0,24,6,N,nb22,1755,1.418,-0.553,1,0
20,0,24,6,N,nb23,1755,1.585,-0.531,3,0
20,0,24,6,N,nb24,1755,1.865,-0.476,1,1
20,0,24,6,N,nb25,1755,1.636,-0.371,1,0
20,0,24,6,N,nb26,1755,1.637,1.04,4,1
20,0,24,6,N,nb27,1755,1.302,-1.518,0,0
20,0,24,6,N,nb28,1755,-1.696,1.724,3,1
20,0,24,6,N,nb29,1755,1.68,-0.703,3,1
20,0,24,6,A,aa0,1755,-0.582,1.314,0,0
20,0,24,6,A,aa1,1755,1.238,-0.34,3,1
20,0,24,6,A,aa2,1755,-1.791,-1.867,0,0
20,0,24,6,A,aa3,1755,-1.855,1.865,2,0
20,0,24,6,A,aa4,1755,1.669,1.865,0,0
20,0,24,6,A,aa5,1755,-1.787,-1.396,1,0
20,0,24,6,N,nb0,1760,1.866,-1.619,1,1
20,0,24,6,N,nb1,1760,1.865,0.766,1,1
20,0,24,6,N,nb2,1760,1.865,-1.858,2,1
20,0,24,6,N,nb3,1760,1.531,-1.835,1,1
20,0,24,6,N,nb4,1760,-1.545,1.645,2,1
20,0,24,6,N,nb5,1760,-0.46,-1.656,1,0
20,0,24,6,N,nb6,1760,1.865,-0.867,3,1
20,0,24,6,N,nb7,1760,-0.996,-1.865,0,0
20,0,24,6,N,nb8,1760,-1.687,1.553,3,1
20,0,24,6,N,nb9,1760,-1.859,1.207,1,1
20,0,24,6,N,nb10,1760,-0.343,-1.866,1,0
20,0,24,6,N,nb11,1760,1.863,-0.699,3,1
20,0,24,6,N,nb12,1760,1.717,0.849,3,1
20,0,24,6,N,nb13,1760,-1.865,-1.245,1,1
20,0,24,6,N,nb14,1760,-1.865,1.695,2,1
20,0,24,6,N,nb15,1760,1.54,1.259,1,1
20,0,24,6,N,nb16,1760,1.698,-1.858,2,1
20,0,24,6,N,nb17,1760,1.781,-1.014,1,1
20,0,24,6,N,nb18,1760,1.553,0.893,2,0
20,0,24,6,N,nb19,1760,1.842,1.09,1,0
20,0,24,6,N,nb20,1760,-1.865,0.992,1,1
20,0,24,6,N,nb21,1760,-1.813,-1.017,1,1
20,0,24,6,N,nb22,1760,1.422,-0.5,1,0
20,0,24,6,N,nb23,1760,1.589,-0.477,3,0
20,0,24,6,N,nb24,1760,1.865,-0.476,1,1
20,0,24,6,N,nb25,1760,1.662,-0.326,1,0
20,0,24,6,N,nb26,1760,1.637,1.04,4,0
20,0,24,6,N,nb27,1760,1.392,-1.474,0,0
20,0,24,6,N,nb28,1760,-1.696,1.724,3,1
20,0,24,6,N,nb29,1760,1.68,-0.703,3,1
20,0,24,6,A,aa0,1760,-0.493,1.268,0,0
20,0,24,6,A,aa1,1760,1.237,-0.24,0,0
20,0,24,6,A,aa2,1760,-1.798,-1.867,0,0
20,0,24,6,A,aa3,1760,-1.844,1.865,0,0
20,0,24,6,A,aa4,1760,1.752,1.865,0,0
20,0,24,6,A,aa5,1760,-1.866,-1.439,1,0
20,0,24,6,N,nb0,1765,1.866,-1.619,1,1
20,0,24,6,N,nb1,1765,1.865,0.766,1,1
20,0,24,6,N,nb2,1765,1.865,-1.858,2,1
20,0,24,6,N,nb3,1765,1.531,-1.835,1,1
20,0,24,6,N,nb4,1765,-1.545,1.645,2,1
20,0,24,6,N,nb5,1765,-0.46,-1.656,1,1
20,0,24,6,N,nb6,1765,1.865,-0.867,3,1
20,0,24,6,N,nb7,1765,-0.908,-1.865,0,0
20,0,24,6,N,nb8,1765,-1.687,1.553,3,1
20,0,24,6,N,nb9,1765,-1.859,1.207,1,1
20,0,24,6,N,nb10,1765,-0.343,-1.866,1,1
20,0,24,6,N,nb11,1765,1.863,-0.699,3,1
20,0,24,6,N,nb12,1765,1.717,0.849,3,1
20,0,24,6,N,nb13,1765,-1.865,-1.245,1,0
20,0,24,6,N,nb14,1765,-1.865,1.695,2,1
20,0,24,6,N,nb15,1765,1.54,1.259,1,0
20,0,24,6,N,nb16,1765,1.698,-1.858,2,1
20,0,24,6,N,nb17,1765,1.781,-1.014,1,1
20,0,24,6,N,nb18,1765,1.553,0.893,2,1
20,0,24,6,N,nb19,1765,1.842,1.09,1,1
20,0,24,6,N,nb20,1765,-1.865,0.992,1,1
20,0,24,6,N,nb21,1765,-1.813,-1.017,1,1
20,0,24,6,N,nb22,1765,1.437,-0.416,1,0
20,0,24,6,N,nb23,1765,1.604,-0.394,2,0
20,0,24,6,N,nb24,1765,1.865,-0.476,1,1
20,0,24,6,N,nb25,1765,1.702,-0.258,1,0
20,0,24,6,N,nb26,1765,1.637,1.04,4,1
20,0,24,6,N,nb27,1765,1.482,-1.43,0,0
20,0,24,6,N,nb28,1765,-1.696,1.724,3,1
20,0,24,6,N,nb29,1765,1.68,-0.703,2,1
20,0,24,6,A,aa0,1765,-0.404,1.222,0,0
20,0,24,6,A,aa1,1765,1.236,-0.14,0,0
20,0,24,6,A,aa2,1765,-1.793,-1.867,0,0
20,0,24,6,A,aa3,1765,-1.821,1.865,2,0
20,0,24,6,A,aa4,1765,1.839,1.865,0,0
20,0,24,6,A,aa5,1765,-1.866,-1.487,1,0
20,0,24,6,N,nb0,1770,1.866,-1.619,1,1
20,0,24,6,N,nb1,1770,1.865,0.766,1,1
20,0,24,6,N,nb2,1770,1.865,-1.858,2,1
20,0,24,6,N,nb3,1770,1.531,-1.835,1,1
20,0,24,6,N,nb4,1770,-1.545,1.645,2,1
20,0,24,6,N,nb5,1770,-0.46,-1.656,1,1
20,0,24,6,N,nb6,1770,1.865,-0.867,3,1
20,0,24,6,N,nb7,1770,-0.817,-1.865,0,0
20,0,24,6,N,nb8,1770,-1.687,1.553,3,1
20,0,24,6,N,nb9,1770,-1.859,1.207,1,1
20,0,24,6,N,nb10,1770,-0.343,-1.866,1,1
20,0,24,6,N,nb11,1770,1.863,-0.699,3,1
20,0,24,6,N,nb12,1770,1.717,0.849,3,1
20,0,24,6,N,nb13,1770,-1.865,-1.245,1,1
20,0,24,6,N,nb14,1770,-1.865,1.695,2,1
20,0,24,6,N,nb15,1770,1.54,1.259,1,1
20,0,24,6,N,nb16,1770,1.698,-1.858,2,1
20,0,24,6,N,nb17,1770,1.781,-1.014,1,1
20,0,24,6,N,nb18,1770,1.553,0.893,2,1
20,0,24,6,N,nb19,1770,1.842,1.09,1,1
20,0,24,6,N,nb20,1770,-1.865,0.992,1,1
20,0,24,6,N,nb21,1770,-1.813,-1.017,1,1
20,0,24,6,N,nb22,1770,1.442,-0.396,1,0
20,0,24,6,N,nb23,1770,1.609,-0.375,2,0
20,0,24,6,N,nb24,1770,1.865,-0.476,1,1
20,0,24,6,N,nb25,1770,1.713,-0.243,1,0
20,0,24,6,N,nb26,1770,1.637,1.04,4,1
20,0,24,6,N,nb27,1770,1.572,-1.386,0,0
20,0,24,6,N,nb28,1770,-1.696,1.724,3,1
20,0,24,6,N,nb29,1770,1.68,-0.703,2,1
20,0,24,6,A,aa0,1770,-0.316,1.175,0,0
20,0,24,6,A,aa1,1770,1.234,-0.04,3,1
20,0,24,6,A,aa2,1770,-1.77,-1.867,0,0
20,0,24,6,A,aa3,1770,-1.79,1.865,2,0
20,0,24,6,A,aa4,1770,1.865,1.865,0,0
20,0,24,6,A,aa5,1770,-1.866,-1.546,1,0
20,0,24,6,N,nb0,1775,1.866,-1.619,1,1
20,0,24,6,N,nb1,1775,1.865,0.766,1,1
20,0,24,6,N,nb2,1775,1.865,-1.858,2,1
20,0,24,6,N,nb3,1775,1.531,-1.835,1,1
20,0,24,6,N,nb4,1775,-1.545,1.645,2,1
20,0,24,6,N,nb5,1775,-0.46,-1.656,1,1
20,0,24,6,N,nb6,1775,1.865,-0.867,3,1
20,0,24,6,N,nb7,1775,-0.725,-1.862,0,0
20,0,24,6,N,nb8,1775,-1.687,1.553,3,1
20,0,24,6,N,nb9,1775,-1.859,1.207,1,1
20,0,24,6,N,nb10,1775,-0.343,-1.866,1,1
20,0,24,6,N,nb11,1775,1.863,-0.699,3,1
20,0,24,6,N,nb12,1775,1.717,0.849,3,1
20,0,24,6,N,nb13,1775,-1.865,-1.245,1,1
20,0,24,6,N,nb14,1775,-1.865,1.695,2,1
20,0,24,6,N,nb15,1775,1.54,1.259,1,1
20,0,24,6,N,nb16,1775,1.698,-1.858,2,1
20,0,24,6,N,nb17,1775,1.781,-1.014,1,1
20,0,24,6,N,nb18,1775,1.553,0.893,2,1
20,0,24,6,N,nb19,1775,1.842,1.09,1,1
20,0,24,6,N,nb20,1775,-1.865,0.992,1,1
20,0,24,6,N,nb21,1775,-1.813,-1.017,1,1
20,0,24,6,N,nb22,1775,1.465,-0.315,1,0
20,0,24,6,N,nb23,1775,1.636,-0.297,2,0
20,0,24,6,N,nb24,1775,1.865,-0.476,1,1
20,0,24,6,N,nb25,1775,1.761,-0.184,1,0
20,0,24,6,N,nb26,1775,1.637,1.04,4,1
20,0,24,6,N,nb27,1775,1.661,-1.342,0,0
20,0,24,6,N,nb28,1775,-1.696,1.724,3,1
20,0,24,6,N,nb29,1775,1.68,-0.703,2,1
20,0,24,6,A,aa0,1775,-0.227,1.129,0,0
20,0,24,6,A,aa1,1775,1.233,0.06,0,0
20,0,24,6,A,aa2,1775,-1.732,-1.867,0,0
20,0,24,6,A,aa3,1775,-1.79,1.865,2,0
20,0,24,6,A,aa4,1775,1.865,1.865,0,0
20,0,24,6,A,aa5,1775,-1.866,-1.615,1,0
20,0,24,6,N,nb0,1780,1.866,-1.619,1,1
20,0,24,6,N,nb1,1780,1.865,0.766,1,1
20,0,24,6,N,nb2,1780,1.865,-1.858,2,1
20,0,24,6,N,nb3,1780,1.531,-1.835,1,1
20,0,24,6,N,nb4,1780,-1.545,1.645,2,1
20,0,24,6,N,nb5,1780,-0.46,-1.656,1,1
20,0,24,6,N,nb6,1780,1.865,-0.867,3,1
20,0,24,6,N,nb7,1780,-0.633,-1.848,0,0
20,0,24,6,N,nb8,1780,-1.687,1.553,3,1
20,0,24,6,N,nb9,1780,-1.859,1.207,1,1
20,0,24,6,N,nb10,1780,-0.343,-1.866,1,1
20,0,24,6,N,nb11,1780,1.863,-0.699,3,1
20,0,24,6,N,nb12,1780,1.717,0.849,3,1
20,0,24,6,N,nb13,1780,-1.865,-1.245,1,1
20,0,24,6,N,nb14,1780,-1.865,1.695,2,1
20,0,24,6,N,nb15,1780,1.54,1.259,1,1
20,0,24,6,N,nb16,1780,1.698,-1.858,2,1
20,0,24,6,N,nb17,1780,1.781,-1.014,1,1
20,0,24,6,N,nb18,1780,1.553,0.893,2,1
20,0,24,6,N,nb19,1780,1.842,1.09,1,1
20,0,24,6,N,nb20,1780,-1.865,0.992,1,1
20,0,24,6,N,nb21,1780,-1.813,-1.017,1,0
20,0,24,6,N,nb22,1780,1.482,-0.226,1,1
20,0,24,6,N,nb23,1780,1.673,-0.221,2,1
20,0,24,6,N,nb24,1780,1.865,-0.476,1,1
20,0,24,6,N,nb25,1780,1.815,-0.131,1,1
20,0,24,6,N,nb26,1780,1.637,1.04,4,1
20,0,24,6,N,nb27,1780,1.751,-1.298,0,0
20,0,24,6,N,nb28,1780,-1.696,1.724,3,1
20,0,24,6,N,nb29,1780,1.68,-0.703,2,1
20,0,24,6,A,aa0,1780,-0.138,1.083,0,0
20,0,24,6,A,aa1,1780,1.232,0.16,0,0
20,0,24,6,A,aa2,1780,-1.68,-1.867,0,0
20,0,24,6,A,aa3,1780,-1.79,1.865,2,0
20,0,24,6,A,aa4,1780,1.865,1.865,0,0
20,0,24,6,A,aa5,1780,-1.866,-1.693,1,0
20,0,24,6,N,nb0,1785,1.866,-1.619,1,1
20,0,24,6,N,nb1,1785,1.865,0.766,1,1
20,0,24,6,N,nb2,1785,1.865,-1.858,2,0
20,0,24,6,N,nb3,1785,1.531,-1.835,1,0
20,0,24,6,N,nb4,1785,-1.545,1.645,2,1
20,0,24,6,N,nb5,1785,-0.46,-1.656,2,1
20,0,24,6,N,nb6,1785,1.865,-0.867,3,1
20,0,24,6,N,nb7,1785,-0.612,-1.843,1,1
20,0,24,6,N,nb8,1785,-1.687,1.553,3,0
20,0,24,6,N,nb9,1785,-1.859,1.207,1,0
20,0,24,6,N,nb10,1785,-0.343,-1.866,1,1
20,0,24,6,N,nb11,1785,1.863,-0.699,3,1
20,0,24,6,N,nb12,1785,1.717,0.849,3,1
20,0,24,6,N,nb13,1785,-1.865,-1.245,1,1
20,0,24,6,N,nb14,1785,-1.865,1.695,2,1
20,0,24,6,N,nb15,1785,1.54,1.259,1,1
20,0,24,6,N,nb16,1785,1.698,-1.858,2,0
20,0,24,6,N,nb17,1785,1.781,-1.014,2,1
20,0,24,6,N,nb18,1785,1.553,0.893,2,1
20,0,24,6,N,nb19,1785,1.842,1.09,1,1
20,0,24,6,N,nb20,1785,-1.865,0.992,1,0
20,0,24,6,N,nb21,1785,-1.813,-1.017,1,1
20,0,24,6,N,nb22,1785,1.482,-0.223,1,1
20,0,24,6,N,nb23,1785,1.674,-0.219,2,1
20,0,24,6,N,nb24,1785,1.865,-0.476,1,1
20,0,24,6,N,nb25,1785,1.817,-0.129,1,1
20,0,24,6,N,nb26,1785,1.637,1.04,4,1
20,0,24,6,N,nb27,1785,1.829,-1.255,1,1
20,0,24,6,N,nb28,1785,-1.696,1.724,3,1
20,0,24,6,N,nb29,1785,1.68,-0.703,2,1
20,0,24,6,A,aa0,1785,-0.1,1.063,0,0
20,0,24,6,A,aa1,1785,1.231,0.26,1,0
20,0,24,6,A,aa2,1785,-1.616,-1.867,0,0
20,0,24,6,A,aa3,1785,-1.79,1.865,2,0
20,0,24,6,A,aa4,1785,1.865,1.865,0,0
20,0,24,6,A,aa5,1785,-1.866,-1.777,1,0
20,0,24,6,N,nb0,1790,1.866,-1.619,1,1
20,0,24,6,N,nb1,1790,1.865,0.766,1,1
20,0,24,6,N,nb2,1790,1.865,-1.858,2,1
20,0,24,6,N,nb3,1790,1.531,-1.835,1,1
20,0,24,6,N,nb4,1790,-1.545,1.645,2,1
20,0,24,6,N,nb5,1790,-0.46,-1.656,2,1
20,0,24,6,N,nb6,1790,1.865,-0.867,3,1
20,0,24,6,N,nb7,1790,-0.612,-1.843,1,1
20,0,24,6,N,nb8,1790,-1.687,1.553,3,1
20,0,24,6,N,nb9,1790,-1.859,1.207,1,1
20,0,24,6,N,nb10,1790,-0.343,-1.866,1,1
20,0,24,6,N,nb11,1790,1.863,-0.699,3,1
20,0,24,6,N,nb12,1790,1.717,0.849,3,1
20,0,24,6,N,nb13,1790,-1.865,-1.245,1,1
20,0,24,6,N,nb14,1790,-1.865,1.695,2,1
20,0,24,6,N,nb15,1790,1.54,1.259,1,1
20,0,24,6,N,nb16,1790,1.698,-1.858,2,1
20,0,24,6,N,nb17,1790,1.781,-1.014,2,1
20,0,24,6,N,nb18,1790,1.553,0.893,2,1
20,0,24,6,N,nb19,1790,1.842,1.09,1,1
20,0,24,6,N,nb20,1790,-1.865,0.992,1,1
20,0,24,6,N,nb21,1790,-1.813,-1.017,1,1
20,0,24,6,N,nb22,1790,1.482,-0.223,1,1
20,0,24,6,N,nb23,1790,1.674,-0.219,2,1
20,0,24,6,N,nb24,1790,1.865,-0.476,1,1
20,0,24,6,N,nb25,1790,1.817,-0.129,1,1
20,0,24,6,N,nb26,1790,1.637,1.04,4,1
20,0,24,6,N,nb27,1790,1.832,-1.254,1,1
20,0,24,6,N,nb28,1790,-1.696,1.724,3,1
20,0,24,6,N,nb29,1790,1.68,-0.703,2,1
20,0,24,6,A,aa0,1790,-0.066,1.076,0,0
20,0,24,6,A,aa1,1790,1.23,0.36,0,0
20,0,24,6,A,aa2,1790,-1.571,-1.867,0,0
20,0,24,6,A,aa3,1790,-1.789,1.866,2,0
20,0,24,6,A,aa4,1790,1.865,1.865,0,0
20,0,24,6,A,aa5,1790,-1.866,-1.864,0,0
20,0,24,6,N,nb0,1795,1.866,-1.619,1,1
20,0,24,6,N,nb1,1795,1.865,0.766,1,1
20,0,24,6,N,nb2,1795,1.865,-1.858,2,1
20,0,24,6,N,nb3,1795,1.531,-1.835,1,1
20,0,24,6,N,nb4,1795,-1.545,1.645,2,1
20,0,24,6,N,nb5,1795,-0.46,-1.656,2,1
20,0,24,6,N,nb6,1795,1.865,-0.867,3,1
20,0,24,6,N,nb7,1795,-0.612,-1.843,1,1
20,0,24,6,N,nb8,1795,-1.687,1.553,3,1
20,0,24,6,N,nb9,1795,-1.859,1.207,1,1
20,0,24,6,N,nb10,1795,-0.343,-1.866,1,1
20,0,24,6,N,nb11,1795,1.863,-0.699,3,1
20,0,24,6,N,nb12,1795,1.717,0.849,3,1
20,0,24,6,N,nb13,1795,-1.865,-1.245,1,1
20,0,24,6,N,nb14,1795,-1.865,1.695,2,1
20,0,24,6,N,nb15,1795,1.54,1.259,1,1
20,0,24,6,N,nb16,1795,1.698,-1.858,2,1
20,0,24,6,N,nb17,1795,1.781,-1.014,2,1
20,0,24,6,N,nb18,1795,1.553,0.893,2,1
20,0,24,6,N,nb19,1795,1.842,1.09,1,1
20,0,24,6,N,nb20,1795,-1.865,0.992,1,1
20,0,24,6,N,nb21,1795,-1.813,-1.017,1,1
20,0,24,6,N,nb22,1795,1.482,-0.223,1,1
20,0,24,6,N,nb23,1795,1.674,-0.219,2,1
20,0,24,6,N,nb24,1795,1.865,-0.476,1,1
20,0,24,6,N,nb25,1795,1.817,-0.129,1,1
20,0,24,6,N,nb26,1795,1.637,1.04,4,1
20,0,24,6,N,nb27,1795,1.832,-1.254,1,1
20,0,24,6,N,nb28,1795,-1.696,1.724,3,1
20,0,24,6,N,nb29,1795,1.68,-0.703,2,1
20,0,24,6,A,aa0,1795,0.027,1.113,0,0
20,0,24,6,A,aa1,1795,1.229,0.46,1,0
20,0,24,6,A,aa2,1795,-1.556,-1.861,0,0
20,0,24,6,A,aa3,1795,-1.789,1.866,2,0
20,0,24,6,A,aa4,1795,1.863,1.865,0,0
20,0,24,6,A,aa5,1795,-1.866,-1.866,0,0
20,0,24,6,N,nb0,1800,1.866,-1.619,1,1
20,0,24,6,N,nb1,1800,1.865,0.766,1,1
20,0,24,6,N,nb2,1800,1.865,-1.858,2,1
20,0,24,6,N,nb3,1800,1.531,-1.835,1,1
20,0,24,6,N,nb4,1800,-1.545,1.645,2,1
20,0,24,6,N,nb5,1800,-0.46,-1.656,2,1
20,0,24,6,N,nb6,1800,1.865,-0.867,3,1
20,0,24,6,N,nb7,1800,-0.612,-1.843,1,1
20,0,24,6,N,nb8,1800,-1.687,1.553,3,1
20,0,24,6,N,nb9,1800,-1.859,1.207,1,1
20,0,24,6,N,nb10,1800,-0.343,-1.866,1,1
20,0,24,6,N,nb11,1800,1.863,-0.699,3,1
20,0,24,6,N,nb12,1800,1.717,0.849,3,1
20,0,24,6,N,nb13,1800,-1.865,-1.245,1,1
20,0,24,6,N,nb14,1800,-1.865,1.695,2,1
20,0,24,6,N,nb15,1800,1.54,1.259,1,1
20,0,24,6,N,nb16,1800,1.698,-1.858,2,1
20,0,24,6,N,nb17,1800,1.781,-1.014,2,1
20,0,24,6,N,nb18,1800,1.553,0.893,2,1
20,0,24,6,N,nb19,1800,1.842,1.09,1,1
20,0,24,6,N,nb20,1800,-1.865,0.992,1,1
20,0,24,6,N,nb21,1800,-1.813,-1.017,1,1
20,0,24,6,N,nb22,1800,1.482,-0.223,1,1
20,0,24,6,N,nb23,1800,1.674,-0.219,2,1
20,0,24,6,N,nb24,1800,1.865,-0.476,1,1
20,0,24,6,N,nb25,1800,1.817,-0.129,1,1
20,0,24,6,N,nb26,1800,1.637,1.04,4,1
20,0,24,6,N,nb27,1800,1.832,-1.254,1,1
20,0,24,6,N,nb28,1800,-1.696,1.724,3,1
20,0,24,6,N,nb29,1800,1.68,-0.703,2,1
20,0,24,6,A,aa0,1800,0.12,1.15,0,0
20,0,24,6,A,aa1,1800,1.228,0.56,2,0
20,0,24,6,A,aa2,1800,-1.469,-1.824,0,0
20,0,24,6,A,aa3,1800,-1.8,1.866,2,0
20,0,24,6,A,aa4,1800,1.85,1.865,0,0
20,0,24,6,A,aa5,1800,-1.86,-1.866,0,0
20,0,24,6,N,nb0,1805,1.866,-1.619,1,1
20,0,24,6,N,nb1,1805,1.865,0.766,1,1
20,0,24,6,N,nb2,1805,1.865,-1.858,2,1
20,0,24,6,N,nb3,1805,1.531,-1.835,1,1
20,0,24,6,N,nb4,1805,-1.545,1.645,2,1
20,0,24,6,N,nb5,1805,-0.46,-1.656,2,1
20,0,24,6,N,nb6,1805,1.865,-0.867,3,1
20,0,24,6,N,nb7,1805,-0.612,-1.843,1,1
20,0,24,6,N,nb8,1805,-1.687,1.553,3,1
20,0,24,6,N,nb9,1805,-1.859,1.207,1,1
20,0,24,6,N,nb10,1805,-0.343,-1.866,1,1
20,0,24,6,N,nb11,1805,1.863,-0.699,3,1
20,0,24,6,N,nb12,1805,1.717,0.849,3,1
20,0,24,6,N,nb13,1805,-1.865,-1.245,1,1
20,0,24,6,N,nb14,1805,-1.865,1.695,2,1
20,0,24,6,N,nb15,1805,1.54,1.259,1,1
20,0,24,6,N,nb16,1805,1.698,-1.858,2,1
20,0,24,6,N,nb17,1805,1.781,-1.014,2,1
20,0,24,6,N,nb18,1805,1.553,0.893,2,1
20,0,24,6,N,nb19,1805,1.842,1.09,1,1
20,0,24,6,N,nb20,1805,-1.865,0.992,1,1
20,0,24,6,N,nb21,1805,-1.813,-1.017,1,1
20,0,24,6,N,nb22,1805,1.482,-0.223,1,1
20,0,24,6,N,nb23,1805,1.674,-0.219,2,1
20,0,24,6,N,nb24,1805,1.865,-0.476,1,1
20,0,24,6,N,nb25,1805,1.817,-0.129,1,1
20,0,24,6,N,nb26,1805,1.637,1.04,4,1
20,0,24,6,N,nb27,1805,1.832,-1.254,1,1
20,0,24,6,N,nb28,1805,-1.696,1.724,3,1
20,0,24,6,N,nb29,1805,1.68,-0.703,2,1
20,0,24,6,A,aa0,1805,0.213,1.187,0,0
20,0,24,6,A,aa1,1805,1.226,0.66,2,0
20,0,24,6,A,aa2,1805,-1.386,-1.78,0,0
20,0,24,6,A,aa3,1805,-1.865,1.866,2,0
20,0,24,6,A,aa4,1805,1.823,1.865,0,0
20,0,24,6,A,aa5,1805,-1.841,-1.866,0,0
20,0,24,6,N,nb0,1810,1.866,-1.619,1,1
20,0,24,6,N,nb1,1810,1.865,0.766,1,1
20,0,24,6,N,nb2,1810,1.865,-1.858,2,1
20,0,24,6,N,nb3,1810,1.531,-1.835,1,1
20,0,24,6,N,nb4,1810,-1.545,1.645,2,1
20,0,24,6,N,nb5,1810,-0.46,-1.656,2,1
20,0,24,6,N,nb6,1810,1.865,-0.867,3,1
20,0,24,6,N,nb7,1810,-0.612,-1.843,1,1
20,0,24,6,N,nb8,1810,-1.687,1.553,3,1
20,0,24,6,N,nb9,1810,-1.859,1.207,1,1
20,0,24,6,N,nb10,1810,-0.343,-1.866,1,1
20,0,24,6,N,nb11,1810,1.863,-0.699,3,1
20,0,24,6,N,nb12,1810,1.717,0.849,3,1
20,0,24,6,N,nb13,1810,-1.865,-1.245,1,1
20,0,24,6,N,nb14,1810,-1.865,1.695,2,1
20,0,24,6,N,nb15,1810,1.54,1.259,1,1
20,0,24,6,N,nb16,1810,1.698,-1.858,2,1
20,0,24,6,N,nb17,1810,1.781,-1.014,2,1
20,0,24,6,N,nb18,1810,1.553,0.893,2,1
20,0,24,6,N,nb19,1810,1.842,1.09,1,1
20,0,24,6,N,nb20,1810,-1.865,0.992,1,1
20,0,24,6,N,nb21,1810,-1.813,-1.017,1,1
20,0,24,6,N,nb22,1810,1.482,-0.223,1,0
20,0,24,6,N,nb23,1810,1.674,-0.219,2,0
20,0,24,6,N,nb24,1810,1.865,-0.476,1,1
20,0,24,6,N,nb25,1810,1.817,-0.129,1,0
20,0,24,6,N,nb26,1810,1.637,1.04,4,1
20,0,24,6,N,nb27,1810,1.832,-1.254,1,1
20,0,24,6,N,nb28,1810,-1.696,1.724,3,1
20,0,24,6,N,nb29,1810,1.68,-0.703,2,1
20,0,24,6,A,aa0,1810,0.235,1.195,0,0
20,0,24,6,A,aa1,1810,1.226,0.703,1,0
20,0,24,6,A,aa2,1810,-1.335,-1.749,0,0
20,0,24,6,A,aa3,1810,-1.865,1.866,2,0
20,0,24,6,A,aa4,1810,1.782,1.865,0,0
20,0,24,6,A,aa5,1810,-1.809,-1.866,0,0
20,0,24,6,N,nb0,1815,1.866,-1.619,1,1
20,0,24,6,N,nb1,1815,1.865,0.766,1,1
20,0,24,6,N,nb2,1815,1.865,-1.858,2,1
20,0,24,6,N,nb3,1815,1.531,-1.835,1,1
20,0,24,6,N,nb4,1815,-1.545,1.645,2,1
20,0,24,6,N,nb5,1815,-0.46,-1.656,2,1
20,0,24,6,N,nb6,1815,1.865,-0.867,3,1
20,0,24,6,N,nb7,1815,-0.612,-1.843,1,1
20,0,24,6,N,nb8,1815,-1.687,1.553,3,1
20,0,24,6,N,nb9,1815,-1.859,1.207,1,1
20,0,24,6,N,nb10,1815,-0.343,-1.866,1,1
20,0,24,6,N,nb11,1815,1.863,-0.699,3,1
20,0,24,6,N,nb12,1815,1.717,0.849,3,1
20,0,24,6,N,nb13,1815,-1.865,-1.245,1,1
20,0,24,6,N,nb14,1815,-1.865,1.695,2,1
20,0,24,6,N,nb15,1815,1.54,1.259,1,1
20,0,24,6,N,nb16,1815,1.698,-1.858,2,1
20,0,24,6,N,nb17,1815,1.781,-1.014,2,1
20,0,24,6,N,nb18,1815,1.553,0.893,2,1
20,0,24,6,N,nb19,1815,1.842,1.09,1,1
20,0,24,6,N,nb20,1815,-1.865,0.992,1,1
20,0,24,6,N,nb21,1815,-1.813,-1.017,1,1
20,0,24,6,N,nb22,1815,1.482,-0.223,1,1
20,0,24,6,N,nb23,1815,1.674,-0.219,2,1
20,0,24,6,N,nb24,1815,1.865,-0.476,1,1
20,0,24,6,N,nb25,1815,1.817,-0.129,1,1
20,0,24,6,N,nb26,1815,1.637,1.04,4,1
20,0,24,6,N,nb27,1815,1.832,-1.254,1,0
20,0,24,6,N,nb28,1815,-1.696,1.724,3,1
20,0,24,6,N,nb29,1815,1.68,-0.703,2,1
20,0,24,6,A,aa0,1815,0.292,1.273,0,0
20,0,24,6,A,aa1,1815,1.185,0.791,3,1
20,0,24,6,A,aa2,1815,-1.324,-1.714,0,0
20,0,24,6,A,aa3,1815,-1.865,1.866,2,0
20,0,24,6,A,aa4,1815,1.728,1.865,0,0
20,0,24,6,A,aa5,1815,-1.763,-1.866,0,0
20,0,24,6,N,nb0,1820,1.866,-1.619,1,1
20,0,24,6,N,nb1,1820,1.865,0.766,1,1
20,0,24,6,N,nb2,1820,1.865,-1.858,2,1
20,0,24,6,N,nb3,1820,1.531,-1.835,1,1
20,0,24,6,N,nb4,1820,-1.545,1.645,2,0
20,0,24,6,N,nb5,1820,-0.46,-1.656,2,1
20,0,24,6,N,nb6,1820,1.865,-0.867,3,1
20,0,24,6,N,nb7,1820,-0.612,-1.843,1,1
20,0,24,6,N,nb8,1820,-1.687,1.553,3,1
20,0,24,6,N,nb9,1820,-1.859,1.207,1,1
20,0,24,6,N,nb10,1820,-0.343,-1.866,1,1
20,0,24,6,N,nb11,1820,1.863,-0.699,3,1
20,0,24,6,N,nb12,1820,1.717,0.849,3,1
20,0,24,6,N,nb13,1820,-1.865,-1.245,1,1
20,0,24,6,N,nb14,1820,-1.865,1.695,2,0
20,0,24,6,N,nb15,1820,1.589,1.244,1,0
20,0,24,6,N,nb16,1820,1.698,-1.858,2,1
20,0,24,6,N,nb17,1820,1.781,-1.014,2,1
20,0,24,6,N,nb18,1820,1.547,0.842,2,0
20,0,24,6,N,nb19,1820,1.842,1.09,0,1
20,0,24,6,N,nb20,1820,-1.865,0.992,1,1
20,0,24,6,N,nb21,1820,-1.813,-1.017,1,1
20,0,24,6,N,nb22,1820,1.482,-0.223,1,1
20,0,24,6,N,nb23,1820,1.674,-0.219,2,1
20,0,24,6,N,nb24,1820,1.865,-0.476,1,1
20,0,24,6,N,nb25,1820,1.817,-0.129,1,1
20,0,24,6,N,nb26,1820,1.591,1.019,3,0
20,0,24,6,N,nb27,1820,1.832,-1.254,1,1
20,0,24,6,N,nb28,1820,-1.696,1.724,3,0
20,0,24,6,N,nb29,1820,1.68,-0.703,2,1
20,0,24,6,A,aa0,1820,0.35,1.355,0,0
20,0,24,6,A,aa1,1820,1.142,0.882,0,0
20,0,24,6,A,aa2,1820,-1.297,-1.618,0,0
20,0,24,6,A,aa3,1820,-1.865,1.866,2,0
20,0,24,6,A,aa4,1820,1.662,1.865,0,0
20,0,24,6,A,aa5,1820,-1.705,-1.866,0,0
20,0,24,6,N,nb0,1825,1.866,-1.619,1,1
20,0,24,6,N,nb1,1825,1.865,0.766,1,1
20,0,24,6,N,nb2,1825,1.865,-1.858,2,1
20,0,24,6,N,nb3,1825,1.531,-1.835,1,1
20,0,24,6,N,nb4,1825,-1.545,1.645,2,1
20,0,24,6,N,nb5,1825,-0.46,-1.656,2,1
20,0,24,6,N,nb6,1825,1.865,-0.867,3,1
20,0,24,6,N,nb7,1825,-0.612,-1.843,1,1
20,0,24,6,N,nb8,1825,-1.687,1.553,3,1
20,0,24,6,N,nb9,1825,-1.859,1.207,1,1
20,0,24,6,N,nb10,1825,-0.343,-1.866,1,1
20,0,24,6,N,nb11,1825,1.863,-0.699,3,1
20,0,24,6,N,nb12,1825,1.717,0.849,2,1
20,0,24,6,N,nb13,1825,-1.865,-1.245,1,1
20,0,24,6,N,nb14,1825,-1.865,1.695,2,1
20,0,24,6,N,nb15,1825,1.678,1.228,1,0
20,0,24,6,N,nb16,1825,1.698,-1.858,2,1
20,0,24,6,N,nb17,1825,1.781,-1.014,2,1
20,0,24,6,N,nb18,1825,1.538,0.747,2,0
20,0,24,6,N,nb19,1825,1.842,1.09,1,1
20,0,24,6,N,nb20,1825,-1.865,0.992,1,1
20,0,24,6,N,nb21,1825,-1.813,-1.017,1,1
20,0,24,6,N,nb22,1825,1.482,-0.223,1,1
20,0,24,6,N,nb23,1825,1.674,-0.219,2,1
20,0,24,6,N,nb24,1825,1.865,-0.476,1,1
20,0,24,6,N,nb25,1825,1.817,-0.129,1,1
20,0,24,6,N,nb26,1825,1.504,0.988,1,0
20,0,24,6,N,nb27,1825,1.832,-1.254,1,1
20,0,24,6,N,nb28,1825,-1.696,1.724,3,1
20,0,24,6,N,nb29,1825,1.68,-0.703,2,0
20,0,24,6,A,aa0,1825,0.408,1.436,0,0
20,0,24,6,A,aa1,1825,1.1,0.972,0,0
20,0,24,6,A,aa2,1825,-1.269,-1.522,0,0
20,0,24,6,A,aa3,1825,-1.865,1.866,2,0
20,0,24,6,A,aa4,1825,1.588,1.865,0,0
20,0,24,6,A,aa5,1825,-1.637,-1.866,0,0
20,0,24,6,N,nb0,1830,1.866,-1.619,1,1
20,0,24,6,N,nb1,1830,1.865,0.766,1,1
20,0,24,6,N,nb2,1830,1.865,-1.858,2,1
20,0,24,6,N,nb3,1830,1.531,-1.835,1,1
20,0,24,6,N,nb4,1830,-1.545,1.645,2,1
20,0,24,6,N,nb5,1830,-0.46,-1.656,2,1
20,0,24,6,N,nb6,1830,1.865,-0.867,3,1
20,0,24,6,N,nb7,1830,-0.612,-1.843,1,1
20,0,24,6,N,nb8,1830,-1.687,1.553,3,1
20,0,24,6,N,nb9,1830,-1.859,1.207,1,1
20,0,24,6,N,nb10,1830,-0.343,-1.866,1,1
20,0,24,6,N,nb11,1830,1.863,-0.699,3,1
20,0,24,6,N,nb12,1830,1.717,0.849,2,1
20,0,24,6,N,nb13,1830,-1.865,-1.245,1,1
20,0,24,6,N,nb14,1830,-1.865,1.695,2,1
20,0,24,6,N,nb15,1830,1.715,1.225,1,1
20,0,24,6,N,nb16,1830,1.698,-1.858,2,1
20,0,24,6,N,nb17,1830,1.781,-1.014,2,1
20,0,24,6,N,nb18,1830,1.532,0.706,1,1
20,0,24,6,N,nb19,1830,1.842,1.09,1,1
20,0,24,6,N,nb20,1830,-1.865,0.992,1,1
20,0,24,6,N,nb21,1830,-1.813,-1.017,1,1
20,0,24,6,N,nb22,1830,1.482,-0.223,1,1
20,0,24,6,N,nb23,1830,1.674,-0.219,2,1
20,0,24,6,N,nb24,1830,1.865,-0.476,1,1
20,0,24,6,N,nb25,1830,1.817,-0.129,1,1
20,0,24,6,N,nb26,1830,1.411,0.965,0,0
20,0,24,6,N,nb27,1830,1.832,-1.254,1,1
20,0,24,6,N,nb28,1830,-1.696,1.724,3,1
20,0,24,6,N,nb29,1830,1.68,-0.703,2,1
20,0,24,6,A,aa0,1830,0.467,1.517,0,0
20,0,24,6,A,aa1,1830,1.057,1.062,1,0
20,0,24,6,A,aa2,1830,-1.265,-1.483,0,0
20,0,24,6,A,aa3,1830,-1.865,1.866,2,0
20,0,24,6,A,aa4,1830,1.537,1.865,0,0
20,0,24,6,A,aa5,1830,-1.56,-1.866,0,0
20,0,24,6,N,nb0,1835,1.866,-1.619,1,1
20,0,24,6,N,nb1,1835,1.865,0.766,1,1
20,0,24,6,N,nb2,1835,1.865,-1.858,2,1
20,0,24,6,N,nb3,1835,1.531,-1.835,1,1
20,0,24,6,N,nb4,1835,-1.545,1.645,2,1
20,0,24,6,N,nb5,1835,-0.46,-1.656,2,1
20,0,24,6,N,nb6,1835,1.865,-0.867,3,1
20,0,24,6,N,nb7,1835,-0.612,-1.843,1,1
20,0,24,6,N,nb8,1835,-1.687,1.553,3,1
20,0,24,6,N,nb9,1835,-1.859,1.207,1,1
20,0,24,6,N,nb10,1835,-0.343,-1.866,1,1
20,0,24,6,N,nb11,1835,1.863,-0.699,3,1
20,0,24,6,N,nb12,1835,1.717,0.849,2,1
20,0,24,6,N,nb13,1835,-1.865,-1.245,1,1
20,0,24,6,N,nb14,1835,-1.865,1.695,2,1
20,0,24,6,N,nb15,1835,1.715,1.225,1,1
20,0,24,6,N,nb16,1835,1.698,-1.858,2,1
20,0,24,6,N,nb17,1835,1.781,-1.014,2,1
20,0,24,6,N,nb18,1835,1.532,0.706,1,1
20,0,24,6,N,nb19,1835,1.842,1.09,1,1
20,0,24,6,N,nb20,1835,-1.865,0.992,1,1
20,0,24,6,N,nb21,1835,-1.813,-1.017,1,1
20,0,24,6,N,nb22,1835,1.482,-0.223,1,1
20,0,24,6,N,nb23,1835,1.674,-0.219,2,1
20,0,24,6,N,nb24,1835,1.865,-0.476,1,1
20,0,24,6,N,nb25,1835,1.817,-0.129,1,1
20,0,24,6,N,nb26,1835,1.313,0.943,0,0
20,0,24,6,N,nb27,1835,1.832,-1.254,1,1
20,0,24,6,N,nb28,1835,-1.696,1.724,3,1
20,0,24,6,N,nb29,1835,1.68,-0.703,2,1
20,0,24,6,A,aa0,1835,0.492,1.552,0,0
20,0,24,6,A,aa1,1835,1.015,1.153,0,0
20,0,24,6,A,aa2,1835,-1.28,-1.384,0,0
20,0,24,6,A,aa3,1835,-1.865,1.866,2,0
20,0,24,6,A,aa4,1835,1.505,1.852,0,0
20,0,24,6,A,aa5,1835,-1.476,-1.866,0,0
20,0,24,6,N,nb0,1840,1.866,-1.619,1,1
20,0,24,6,N,nb1,1840,1.865,0.766,1,1
20,0,24,6,N,nb2,1840,1.865,-1.858,2,1
20,0,24,6,N,nb3,1840,1.531,-1.835,1,1
20,0,24,6,N,nb4,1840,-1.545,1.645,2,1
20,0,24,6,N,nb5,1840,-0.46,-1.656,2,1
20,0,24,6,N,nb6,1840,1.865,-0.867,3,1
20,0,24,6,N,nb7,1840,-0.612,-1.843,1,1
20,0,24,6,N,nb8,1840,-1.687,1.553,3,1
20,0,24,6,N,nb9,1840,-1.859,1.207,1,1
20,0,24,6,N,nb10,1840,-0.343,-1.866,1,1
20,0,24,6,N,nb11,1840,1.863,-0.699,3,1
20,0,24,6,N,nb12,1840,1.717,0.849,2,1
20,0,24,6,N,nb13,1840,-1.865,-1.245,1,1
20,0,24,6,N,nb14,1840,-1.865,1.695,2,1
20,0,24,6,N,nb15,1840,1.715,1.225,1,1
20,0,24,6,N,nb16,1840,1.698,-1.858,2,1
20,0,24,6,N,nb17,1840,1.781,-1.014,2,1
20,0,24,6,N,nb18,1840,1.532,0.706,1,1
20,0,24,6,N,nb19,1840,1.842,1.09,1,1
20,0,24,6,N,nb20,1840,-1.865,0.992,1,1
20,0,24,6,N,nb21,1840,-1.813,-1.017,1,1
20,0,24,6,N,nb22,1840,1.482,-0.223,1,1
20,0,24,6,N,nb23,1840,1.674,-0.219,2,1
20,0,24,6,N,nb24,1840,1.865,-0.476,1,1
20,0,24,6,N,nb25,1840,1.817,-0.129,1,1
20,0,24,6,N,nb26,1840,1.216,0.92,0,0
20,0,24,6,N,nb27,1840,1.832,-1.254,1,1
20,0,24,6,N,nb28,1840,-1.696,1.724,3,1
20,0,24,6,N,nb29,1840,1.68,-0.703,2,1
20,0,24,6,A,aa0,1840,0.511,1.647,0,0
20,0,24,6,A,aa1,1840,0.972,1.243,0,0
20,0,24,6,A,aa2,1840,-1.295,-1.285,2,0
20,0,24,6,A,aa3,1840,-1.863,1.866,2,0
20,0,24,6,A,aa4,1840,1.42,1.812,0,0
20,0,24,6,A,aa5,1840,-1.388,-1.866,0,0
20,0,24,6,N,nb0,1845,1.866,-1.619,1,1
20,0,24,6,N,nb1,1845,1.865,0.766,1,1
20,0,24,6,N,nb2,1845,1.865,-1.858,2,1
20,0,24,6,N,nb3,1845,1.531,-1.835,1,1
20,0,24,6,N,nb4,1845,-1.545,1.645,2,1
20,0,24,6,N,nb5,1845,-0.46,-1.656,2,1
20,0,24,6,N,nb6,1845,1.865,-0.867,3,1
20,0,24,6,N,nb7,1845,-0.612,-1.843,1,1
20,0,24,6,N,nb8,1845,-1.687,1.553,3,1
20,0,24,6,N,nb9,1845,-1.859,1.207,1,1
20,0,24,6,N,nb10,1845,-0.343,-1.866,1,1
20,0,24,6,N,nb11,1845,1.863,-0.699,3,1
20,0,24,6,N,nb12,1845,1.717,0.849,2,1
20,0,24,6,N,nb13,1845,-1.865,-1.245,1,1
20,0,24,6,N,nb14,1845,-1.865,1.695,2,1
20,0,24,6,N,nb15,1845,1.715,1.225,1,1
20,0,24,6,N,nb16,1845,1.698,-1.858,2,1
20,0,24,6,N,nb17,1845,1.781,-1.014,2,1
20,0,24,6,N,nb18,1845,1.532,0.706,1,1
20,0,24,6,N,nb19,1845,1.842,1.09,1,1
20,0,24,6,N,nb20,1845,-1.865,0.992,1,1
20,0,24,6,N,nb21,1845,-1.813,-1.017,1,1
20,0,24,6,N,nb22,1845,1.482,-0.223,1,1
20,0,24,6,N,nb23,1845,1.674,-0.219,2,1
20,0,24,6,N,nb24,1845,1.865,-0.476,1,1
20,0,24,6,N,nb25,1845,1.817,-0.129,1,1
20,0,24,6,N,nb26,1845,1.118,0.898,0,0
20,0,24,6,N,nb27,1845,1.832,-1.254,1,1
20,0,24,6,N,nb28,1845,-1.696,1.724,3,1
20,0,24,6,N,nb29,1845,1.68,-0.703,2,1
20,0,24,6,A,aa0,1845,0.53,1.745,0,0
20,0,24,6,A,aa1,1845,0.929,1.334,0,0
20,0,24,6,A,aa2,1845,-1.31,-1.186,2,0
20,0,24,6,A,aa3,1845,-1.857,1.866,2,0
20,0,24,6,A,aa4,1845,1.338,1.765,0,0
20,0,24,6,A,aa5,1845,-1.297,-1.866,0,0
20,0,24,6,N,nb0,1850,1.866,-1.619,1,1
20,0,24,6,N,nb1,1850,1.865,0.766,1,1
20,0,24,6,N,nb2,1850,1.865,-1.858,2,1
20,0,24,6,N,nb3,1850,1.531,-1.835,1,1
20,0,24,6,N,nb4,1850,-1.545,1.645,2,1
20,0,24,6,N,nb5,1850,-0.46,-1.656,2,1
20,0,24,6,N,nb6,1850,1.865,-0.867,3,1
20,0,24,6,N,nb7,1850,-0.612,-1.843,1,1
20,0,24,6,N,nb8,1850,-1.687,1.553,3,1
20,0,24,6,N,nb9,1850,-1.859,1.207,1,1
20,0,24,6,N,nb10,1850,-0.343,-1.866,1,1
20,0,24,6,N,nb11,1850,1.863,-0.699,3,1
20,0,24,6,N,nb12,1850,1.717,0.849,2,1
20,0,24,6,N,nb13,1850,-1.865,-1.245,1,1
20,0,24,6,N,nb14,1850,-1.865,1.695,2,1
20,0,24,6,N,nb15,1850,1.715,1.225,1,1
20,0,24,6,N,nb16,1850,1.698,-1.858,2,1
20,0,24,6,N,nb17,1850,1.781,-1.014,2,1
20,0,24,6,N,nb18,1850,1.532,0.706,1,1
20,0,24,6,N,nb19,1850,1.842,1.09,1,1
20,0,24,6,N,nb20,1850,-1.865,0.992,1,1
20,0,24,6,N,nb21,1850,-1.813,-1.017,1,1
20,0,24,6,N,nb22,1850,1.482,-0.223,1,1
20,0,24,6,N,nb23,1850,1.674,-0.219,2,1
20,0,24,6,N,nb24,1850,1.865,-0.476,1,1
20,0,24,6,N,nb25,1850,1.817,-0.129,1,1
20,0,24,6,N,nb26,1850,1.021,0.875,0,0
20,0,24,6,N,nb27,1850,1.832,-1.254,1,1
20,0,24,6,N,nb28,1850,-1.696,1.724,3,1
20,0,24,6,N,nb29,1850,1.68,-0.703,2,1
20,0,24,6,A,aa0,1850,0.542,1.807,0,0
20,0,24,6,A,aa1,1850,0.887,1.424,0,0
20,0,24,6,A,aa2,1850,-1.325,-1.087,2,0
20,0,24,6,A,aa3,1850,-1.865,1.866,2,0
20,0,24,6,A,aa4,1850,1.253,1.711,0,0
20,0,24,6,A,aa5,1850,-1.204,-1.862,1,0
20,0,24,6,N,nb0,1855,1.866,-1.619,1,1
20,0,24,6,N,nb1,1855,1.865,0.766,1,1
20,0,24,6,N,nb2,1855,1.865,-1.858,2,1
20,0,24,6,N,nb3,1855,1.531,-1.835,1,1
20,0,24,6,N,nb4,1855,-1.545,1.645,2,1
20,0,24,6,N,nb5,1855,-0.46,-1.656,2,1
20,0,24,6,N,nb6,1855,1.865,-0.867,3,1
20,0,24,6,N,nb7,1855,-0.612,-1.843,1,1
20,0,24,6,N,nb8,1855,-1.687,1.553,3,1
20,0,24,6,N,nb9,1855,-1.859,1.207,1,1
20,0,24,6,N,nb10,1855,-0.343,-1.866,1,1
20,0,24,6,N,nb11,1855,1.863,-0.699,3,1
20,0,24,6,N,nb12,1855,1.717,0.849,2,1
20,0,24,6,N,nb13,1855,-1.865,-1.245,1,1
20,0,24,6,N,nb14,1855,-1.865,1.695,2,1
20,0,24,6,N,nb15,1855,1.715,1.225,1,1
20,0,24,6,N,nb16,1855,1.698,-1.858,2,1
20,0,24,6,N,nb17,1855,1.781,-1.014,2,1
20,0,24,6,N,nb18,1855,1.532,0.706,1,1
20,0,24,6,N,nb19,1855,1.842,1.09,1,1
20,0,24,6,N,nb20,1855,-1.865,0.992,1,1
20,0,24,6,N,nb21,1855,-1.813,-1.017,1,1
20,0,24,6,N,nb22,1855,1.482,-0.223,1,1
20,0,24,6,N,nb23,1855,1.674,-0.219,2,1
20,0,24,6,N,nb24,1855,1.865,-0.476,1,1
20,0,24,6,N,nb25,1855,1.817,-0.129,1,1
20,0,24,6,N,nb26,1855,0.923,0.853,0,0
20,0,24,6,N,nb27,1855,1.832,-1.254,1,1
20,0,24,6,N,nb28,1855,-1.696,1.724,3,1
20,0,24,6,N,nb29,1855,1.68,-0.703,2,1
20,0,24,6,A,aa0,1855,0.526,1.835,0,0
20,0,24,6,A,aa1,1855,0.844,1.515,0,0
20,0,24,6,A,aa2,1855,-1.34,-0.988,2,0
20,0,24,6,A,aa3,1855,-1.865,1.866,2,0
20,0,24,6,A,aa4,1855,1.169,1.657,0,0
20,0,24,6,A,aa5,1855,-1.113,-1.848,1,0
20,0,24,6,N,nb0,1860,1.866,-1.619,1,1
20,0,24,6,N,nb1,1860,1.865,0.766,1,1
20,0,24,6,N,nb2,1860,1.865,-1.858,2,1
20,0,24,6,N,nb3,1860,1.531,-1.835,1,1
20,0,24,6,N,nb4,1860,-1.545,1.645,2,1
20,0,24,6,N,nb5,1860,-0.46,-1.656,2,1
20,0,24,6,N,nb6,1860,1.865,-0.867,3,1
20,0,24,6,N,nb7,1860,-0.612,-1.843,1,1
20,0,24,6,N,nb8,1860,-1.687,1.553,3,1
20,0,24,6,N,nb9,1860,-1.859,1.207,1,1
20,0,24,6,N,nb10,1860,-0.343,-1.866,1,1
20,0,24,6,N,nb11,1860,1.863,-0.699,3,1
20,0,24,6,N,nb12,1860,1.717,0.849,2,1
20,0,24,6,N,nb13,1860,-1.865,-1.245,1,1
20,0,24,6,N,nb14,1860,-1.865,1.695,2,1
20,0,24,6,N,nb15,1860,1.715,1.225,1,1
20,0,24,6,N,nb16,1860,1.698,-1.858,2,1
20,0,24,6,N,nb17,1860,1.781,-1.014,2,1
20,0,24,6,N,nb18,1860,1.532,0.706,1,1
20,0,24,6,N,nb19,1860,1.842,1.09,1,1
20,0,24,6,N,nb20,1860,-1.865,0.992,1,1
20,0,24,6,N,nb21,1860,-1.813,-1.017,1,1
20,0,24,6,N,nb22,1860,1.482,-0.223,1,1
20,0,24,6,N,nb23,1860,1.674,-0.219,2,1
20,0,24,6,N,nb24,1860,1.865,-0.476,1,1
20,0,24,6,N,nb25,1860,1.817,-0.129,1,1
20,0,24,6,N,nb26,1860,0.826,0.83,0,0
20,0,24,6,N,nb27,1860,1.832,-1.254,1,1
20,0,24,6,N,nb28,1860,-1.696,1.724,3,1
20,0,24,6,N,nb29,1860,1.68,-0.703,2,1
20,0,24,6,A,aa0,1860,0.476,1.865,0,0
20,0,24,6,A,aa1,1860,0.802,1.605,0,0
20,0,24,6,A,aa2,1860,-1.355,-0.889,1,0
20,0,24,6,A,aa3,1860,-1.865,1.866,2,0
20,0,24,6,A,aa4,1860,1.085,1.603,0,0
20,0,24,6,A,aa5,1860,-1.022,-1.825,2,0
20,0,24,6,N,nb0,1865,1.866,-1.619,1,1
20,0,24,6,N,nb1,1865,1.865,0.766,1,1
20,0,24,6,N,nb2,1865,1.865,-1.858,2,1
20,0,24,6,N,nb3,1865,1.531,-1.835,1,1
20,0,24,6,N,nb4,1865,-1.545,1.645,2,1
20,0,24,6,N,nb5,1865,-0.46,-1.656,2,1
20,0,24,6,N,nb6,1865,1.865,-0.867,3,1
20,0,24,6,N,nb7,1865,-0.612,-1.843,1,1
20,0,24,6,N,nb8,1865,-1.687,1.553,3,1
20,0,24,6,N,nb9,1865,-1.859,1.207,1,1
20,0,24,6,N,nb10,1865,-0.343,-1.866,1,1
20,0,24,6,N,nb11,1865,1.863,-0.699,3,1
20,0,24,6,N,nb12,1865,1.717,0.849,2,1
20,0,24,6,N,nb13,1865,-1.865,-1.245,1,1
20,0,24,6,N,nb14,1865,-1.865,1.695,2,1
20,0,24,6,N,nb15,1865,1.715,1.225,1,1
20,0,24,6,N,nb16,1865,1.698,-1.858,2,1
20,0,24,6,N,nb17,1865,1.781,-1.014,2,1
20,0,24,6,N,nb18,1865,1.532,0.706,1,1
20,0,24,6,N,nb19,1865,1.842,1.09,1,1
20,0,24,6,N,nb20,1865,-1.865,0.992,1,1
20,0,24,6,N,nb21,1865,-1.813,-1.017,1,1
20,0,24,6,N,nb22,1865,1.482,-0.223,1,1
20,0,24,6,N,nb23,1865,1.674,-0.219,2,1
20,0,24,6,N,nb24,1865,1.865,-0.476,1,1
20,0,24,6,N,nb25,1865,1.817,-0.129,1,1
20,0,24,6,N,nb26,1865,0.728,0.808,0,0
20,0,24,6,N,nb27,1865,1.832,-1.254,1,1
20,0,24,6,N,nb28,1865,-1.696,1.724,3,1
20,0,24,6,N,nb29,1865,1.68,-0.703,2,1
20,0,24,6,A,aa0,1865,0.415,1.865,0,0
20,0,24,6,A,aa1,1865,0.759,1.696,0,0
20,0,24,6,A,aa2,1865,-1.368,-0.807,1,0
20,0,24,6,A,aa3,1865,-1.865,1.866,2,0
20,0,24,6,A,aa4,1865,1.001,1.549,0,0
20,0,24,6,A,aa5,1865,-1.001,-1.819,2,0
20,0,24,6,N,nb0,1870,1.866,-1.619,1,0
20,0,24,6,N,nb1,1870,1.865,0.766,1,0
20,0,24,6,N,nb2,1870,1.865,-1.858,2,1
20,0,24,6,N,nb3,1870,1.531,-1.835,1,1
20,0,24,6,N,nb4,1870,-1.545,1.645,2,1
20,0,24,6,N,nb5,1870,-0.46,-1.656,2,1
20,0,24,6,N,nb6,1870,1.865,-0.867,3,1
20,0,24,6,N,nb7,1870,-0.612,-1.843,1,1
20,0,24,6,N,nb8,1870,-1.687,1.553,3,1
20,0,24,6,N,nb9,1870,-1.859,1.207,1,1
20,0,24,6,N,nb10,1870,-0.343,-1.866,1,1
20,0,24,6,N,nb11,1870,1.863,-0.699,3,1
20,0,24,6,N,nb12,1870,1.717,0.849,2,0
20,0,24,6,N,nb13,1870,-1.865,-1.245,1,1
20,0,24,6,N,nb14,1870,-1.865,1.695,2,1
20,0,24,6,N,nb15,1870,1.715,1.225,1,1
20,0,24,6,N,nb16,1870,1.698,-1.858,2,1
20,0,24,6,N,nb17,1870,1.781,-1.014,2,1
20,0,24,6,N,nb18,1870,1.532,0.706,1,1
20,0,24,6,N,nb19,1870,1.842,1.09,1,1
20,0,24,6,N,nb20,1870,-1.865,0.992,1,1
20,0,24,6,N,nb21,1870,-1.813,-1.017,1,1
20,0,24,6,N,nb22,1870,1.482,-0.223,1,1
20,0,24,6,N,nb23,1870,1.674,-0.219,2,1
20,0,24,6,N,nb24,1870,1.865,-0.476,1,1
20,0,24,6,N,nb25,1870,1.817,-0.129,1,1
20,0,24,6,N,nb26,1870,0.631,0.785,0,0
20,0,24,6,N,nb27,1870,1.832,-1.254,1,1
20,0,24,6,N,nb28,1870,-1.696,1.724,3,1
20,0,24,6,N,nb29,1870,1.68,-0.703,2,1
20,0,24,6,A,aa0,1870,0.344,1.865,0,0
20,0,24,6,A,aa1,1870,0.717,1.784,0,0
20,0,24,6,A,aa2,1870,-1.368,-0.807,1,0
20,0,24,6,A,aa3,1870,-1.865,1.866,2,0
20,0,24,6,A,aa4,1870,0.917,1.495,0,0
20,0,24,6,A,aa5,1870,-0.944,-1.744,2,0
20,0,24,6,N,nb0,1875,1.866,-1.619,1,1
20,0,24,6,N,nb1,1875,1.865,0.766,1,1
20,0,24,6,N,nb2,1875,1.865,-1.858,2,1
20,0,24,6,N,nb3,1875,1.531,-1.835,1,1
20,0,24,6,N,nb4,1875,-1.545,1.645,2,1
20,0,24,6,N,nb5,1875,-0.46,-1.656,2,1
20,0,24,6,N,nb6,1875,1.865,-0.867,3,1
20,0,24,6,N,nb7,1875,-0.612,-1.843,1,1
20,0,24,6,N,nb8,1875,-1.687,1.553,3,1
20,0,24,6,N,nb9,1875,-1.859,1.207,1,1
20,0,24,6,N,nb10,1875,-0.343,-1.866,1,1
20,0,24,6,N,nb11,1875,1.863,-0.699,3,1
20,0,24,6,N,nb12,1875,1.717,0.849,2,1
20,0,24,6,N,nb13,1875,-1.865,-1.245,1,1
20,0,24,6,N,nb14,1875,-1.865,1.695,2,1
20,0,24,6,N,nb15,1875,1.715,1.225,1,1
20,0,24,6,N,nb16,1875,1.698,-1.858,2,1
20,0,24,6,N,nb17,1875,1.781,-1.014,2,1
20,0,24,6,N,nb18,1875,1.532,0.706,1,1
20,0,24,6,N,nb19,1875,1.842,1.09,1,1
20,0,24,6,N,nb20,1875,-1.865,0.992,1,1
20,0,24,6,N,nb21,1875,-1.813,-1.017,1,1
20,0,24,6,N,nb22,1875,1.482,-0.223,1,1
20,0,24,6,N,nb23,1875,1.674,-0.219,2,1
20,0,24,6,N,nb24,1875,1.865,-0.476,1,0
20,0,24,6,N,nb25,1875,1.817,-0.129,1,1
20,0,24,6,N,nb26,1875,0.533,0.763,0,0
20,0,24,6,N,nb27,1875,1.832,-1.254,1,1
20,0,24,6,N,nb28,1875,-1.696,1.724,3,1
20,0,24,6,N,nb29,1875,1.68,-0.703,2,1
20,0,24,6,A,aa0,1875,0.265,1.865,0,0
20,0,24,6,A,aa1,1875,0.672,1.858,0,0
20,0,24,6,A,aa2,1875,-1.422,-0.791,0,0
20,0,24,6,A,aa3,1875,-1.865,1.866,2,0
20,0,24,6,A,aa4,1875,0.864,1.46,0,0
20,0,24,6,A,aa5,1875,-0.885,-1.663,1,0
20,0,24,6,N,nb0,1880,1.866,-1.619,1,1
20,0,24,6,N,nb1,1880,1.865,0.766,1,1
20,0,24,6,N,nb2,1880,1.865,-1.858,2,1
20,0,24,6,N,nb3,1880,1.531,-1.835,1,1
20,0,24,6,N,nb4,1880,-1.545,1.645,2,1
20,0,24,6,N,nb5,1880,-0.448,-1.665,2,0
20,0,24,6,N,nb6,1880,1.865,-0.867,3,0
20,0,24,6,N,nb7,1880,-0.597,-1.84,1,0
20,0,24,6,N,nb8,1880,-1.687,1.553,3,1
20,0,24,6,N,nb9,1880,-1.859,1.207,1,1
20,0,24,6,N,nb10,1880,-0.329,-1.866,1,0
20,0,24,6,N,nb11,1880,1.863,-0.699,3,1
20,0,24,6,N,nb12,1880,1.717,0.849,2,1
20,0,24,6,N,nb13,1880,-1.865,-1.245,1,1
20,0,24,6,N,nb14,1880,-1.865,1.695,2,1
20,0,24,6,N,nb15,1880,1.715,1.225,1,1
20,0,24,6,N,nb16,1880,1.698,-1.858,2,1
20,0,24,6,N,nb17,1880,1.781,-1.014,2,1
20,0,24,6,N,nb18,1880,1.532,0.706,1,1
20,0,24,6,N,nb19,1880,1.842,1.09,1,1
20,0,24,6,N,nb20,1880,-1.865,0.992,1,1
20,0,24,6,N,nb21,1880,-1.813,-1.017,1,1
20,0,24,6,N,nb22,1880,1.482,-0.223,1,1
20,0,24,6,N,nb23,1880,1.674,-0.219,2,1
20,0,24,6,N,nb24,1880,1.865,-0.476,1,1
20,0,24,6,N,nb25,1880,1.817,-0.129,1,1
20,0,24,6,N,nb26,1880,0.436,0.741,0,0
20,0,24,6,N,nb27,1880,1.832,-1.254,1,1
20,0,24,6,N,nb28,1880,-1.696,1.724,3,1
20,0,24,6,N,nb29,1880,1.68,-0.703,2,1
20,0,24,6,A,aa0,1880,0.18,1.865,0,0
20,0,24,6,A,aa1,1880,0.618,1.865,0,0
20,0,24,6,A,aa2,1880,-1.519,-0.764,2,0
20,0,24,6,A,aa3,1880,-1.865,1.866,2,0
20,0,24,6,A,aa4,1880,0.864,1.46,0,0
20,0,24,6,A,aa5,1880,-0.826,-1.583,0,0
20,0,24,6,N,nb0,1885,1.866,-1.619,1,1
20,0,24,6,N,nb1,1885,1.865,0.766,1,1
20,0,24,6,N,nb2,1885,1.865,-1.858,2,1
20,0,24,6,N,nb3,1885,1.531,-1.835,1,1
20,0,24,6,N,nb4,1885,-1.545,1.645,2,1
20,0,24,6,N,nb5,1885,-0.371,-1.713,2,0
20,0,24,6,N,nb6,1885,1.865,-0.867,3,1
20,0,24,6,N,nb7,1885,-0.511,-1.814,1,0
20,0,24,6,N,nb8,1885,-1.687,1.553,3,1
20,0,24,6,N,nb9,1885,-1.859,1.207,1,1
20,0,24,6,N,nb10,1885,-0.243,-1.866,1,0
20,0,24,6,N,nb11,1885,1.863,-0.699,3,1
20,0,24,6,N,nb12,1885,1.717,0.849,2,1
20,0,24,6,N,nb13,1885,-1.865,-1.245,1,1
20,0,24,6,N,nb14,1885,-1.865,1.695,2,1
20,0,24,6,N,nb15,1885,1.715,1.225,1,1
20,0,24,6,N,nb16,1885,1.698,-1.858,2,1
20,0,24,6,N,nb17,1885,1.781,-1.014,2,1
20,0,24,6,N,nb18,1885,1.532,0.706,1,1
20,0,24,6,N,nb19,1885,1.842,1.09,1,1
20,0,24,6,N,nb20,1885,-1.865,0.992,1,1
20,0,24,6,N,nb21,1885,-1.813,-1.017,1,1
20,0,24,6,N,nb22,1885,1.482,-0.223,1,1
20,0,24,6,N,nb23,1885,1.674,-0.219,2,1
20,0,24,6,N,nb24,1885,1.865,-0.476,1,1
20,0,24,6,N,nb25,1885,1.817,-0.129,1,1
20,0,24,6,N,nb26,1885,0.339,0.718,0,0
20,0,24,6,N,nb27,1885,1.832,-1.254,1,1
20,0,24,6,N,nb28,1885,-1.696,1.724,3,1
20,0,24,6,N,nb29,1885,1.68,-0.703,2,1
20,0,24,6,A,aa0,1885,0.091,1.865,0,0
20,0,24,6,A,aa1,1885,0.553,1.865,0,0
20,0,24,6,A,aa2,1885,-1.615,-0.737,1,0
20,0,24,6,A,aa3,1885,-1.865,1.866,2,0
20,0,24,6,A,aa4,1885,0.874,1.384,0,0
20,0,24,6,A,aa5,1885,-0.766,-1.502,0,0
20,0,24,6,N,nb0,1890,1.866,-1.619,1,1
20,0,24,6,N,nb1,1890,1.865,0.766,1,1
20,0,24,6,N,nb2,1890,1.865,-1.858,2,1
20,0,24,6,N,nb3,1890,1.531,-1.835,1,1
20,0,24,6,N,nb4,1890,-1.545,1.645,2,1
20,0,24,6,N,nb5,1890,-0.296,-1.739,2,1
20,0,24,6,N,nb6,1890,1.865,-0.867,3,1
20,0,24,6,N,nb7,1890,-0.457,-1.794,1,1
20,0,24,6,N,nb8,1890,-1.687,1.553,3,1
20,0,24,6,N,nb9,1890,-1.859,1.207,1,1
20,0,24,6,N,nb10,1890,-0.167,-1.866,1,1
20,0,24,6,N,nb11,1890,1.863,-0.699,3,1
20,0,24,6,N,nb12,1890,1.717,0.849,2,1
20,0,24,6,N,nb13,1890,-1.865,-1.245,1,1
20,0,24,6,N,nb14,1890,-1.865,1.695,2,1
20,0,24,6,N,nb15,1890,1.715,1.225,1,1
20,0,24,6,N,nb16,1890,1.698,-1.858,2,1
20,0,24,6,N,nb17,1890,1.781,-1.014,2,1
20,0,24,6,N,nb18,1890,1.532,0.706,1,1
20,0,24,6,N,nb19,1890,1.842,1.09,1,1
20,0,24,6,N,nb20,1890,-1.865,0.992,1,1
20,0,24,6,N,nb21,1890,-1.813,-1.017,1,1
20,0,24,6,N,nb22,1890,1.482,-0.223,1,1
20,0,24,6,N,nb23,1890,1.674,-0.219,2,1
20,0,24,6,N,nb24,1890,1.865,-0.476,1,1
20,0,24,6,N,nb25,1890,1.817,-0.129,1,1
20,0,24,6,N,nb26,1890,0.241,0.696,0,0
20,0,24,6,N,nb27,1890,1.832,-1.254,1,1
20,0,24,6,N,nb28,1890,-1.696,1.724,3,1
20,0,24,6,N,nb29,1890,1.68,-0.703,2,1
20,0,24,6,A,aa0,1890,0.015,1.865,0,0
20,0,24,6,A,aa1,1890,0.479,1.865,0,0
20,0,24,6,A,aa2,1890,-1.711,-0.709,1,0
20,0,24,6,A,aa3,1890,-1.865,1.866,2,0
20,0,24,6,A,aa4,1890,0.888,1.285,0,0
20,0,24,6,A,aa5,1890,-0.707,-1.422,0,0
20,0,24,6,N,nb0,1895,1.866,-1.619,1,1
20,0,24,6,N,nb1,1895,1.865,0.766,1,1
20,0,24,6,N,nb2,1895,1.865,-1.858,2,1
20,0,24,6,N,nb3,1895,1.531,-1.835,1,1
20,0,24,6,N,nb4,1895,-1.545,1.645,2,1
20,0,24,6,N,nb5,1895,-0.296,-1.739,2,1
20,0,24,6,N,nb6,1895,1.865,-0.867,3,1
20,0,24,6,N,nb7,1895,-0.457,-1.794,1,1
20,0,24,6,N,nb8,1895,-1.687,1.553,3,1
20,0,24,6,N,nb9,1895,-1.859,1.207,1,1
20,0,24,6,N,nb10,1895,-0.167,-1.866,1,1
20,0,24,6,N,nb11,1895,1.863,-0.699,3,1
20,0,24,6,N,nb12,1895,1.717,0.849,2,1
20,0,24,6,N,nb13,1895,-1.865,-1.245,1,1
20,0,24,6,N,nb14,1895,-1.865,1.695,2,1
20,0,24,6,N,nb15,1895,1.715,1.225,1,1
20,0,24,6,N,nb16,1895,1.698,-1.858,2,1
20,0,24,6,N,nb17,1895,1.781,-1.014,2,0
20,0,24,6,N,nb18,1895,1.532,0.706,1,1
20,0,24,6,N,nb19,1895,1.842,1.09,1,1
20,0,24,6,N,nb20,1895,-1.865,0.992,1,1
20,0,24,6,N,nb21,1895,-1.813,-1.017,1,1
20,0,24,6,N,nb22,1895,1.482,-0.223,1,1
20,0,24,6,N,nb23,1895,1.674,-0.219,2,1
20,0,24,6,N,nb24,1895,1.865,-0.476,1,1
20,0,24,6,N,nb25,1895,1.817,-0.129,1,1
20,0,24,6,N,nb26,1895,0.144,0.673,0,0
20,0,24,6,N,nb27,1895,1.832,-1.254,1,1
20,0,24,6,N,nb28,1895,-1.696,1.724,3,1
20,0,24,6,N,nb29,1895,1.68,-0.703,2,1
20,0,24,6,A,aa0,1895,0.015,1.865,0,0
20,0,24,6,A,aa1,1895,0.397,1.865,0,0
20,0,24,6,A,aa2,1895,-1.802,-0.683,1,0
20,0,24,6,A,aa3,1895,-1.865,1.866,2,0
20,0,24,6,A,aa4,1895,0.903,1.186,0,0
20,0,24,6,A,aa5,1895,-0.693,-1.403,2,0
20,0,24,6,N,nb0,1900,1.866,-1.619,1,1
20,0,24,6,N,nb1,1900,1.865,0.766,1,1
20,0,24,6,N,nb2,1900,1.865,-1.858,2,1
20,0,24,6,N,nb3,1900,1.531,-1.835,1,1
20,0,24,6,N,nb4,1900,-1.545,1.645,2,1
20,0,24,6,N,nb5,1900,-0.296,-1.739,2,1
20,0,24,6,N,nb6,1900,1.865,-0.867,3,1
20,0,24,6,N,nb7,1900,-0.457,-1.794,1,1
20,0,24,6,N,nb8,1900,-1.687,1.553,3,1
20,0,24,6,N,nb9,1900,-1.859,1.207,1,1
20,0,24,6,N,nb10,1900,-0.167,-1.866,1,1
20,0,24,6,N,nb11,1900,1.863,-0.699,3,1
20,0,24,6,N,nb12,1900,1.717,0.849,2,1
20,0,24,6,N,nb13,1900,-1.865,-1.245,1,1
20,0,24,6,N,nb14,1900,-1.865,1.695,2,1
20,0,24,6,N,nb15,1900,1.715,1.225,1,1
20,0,24,6,N,nb16,1900,1.698,-1.858,2,1
20,0,24,6,N,nb17,1900,1.781,-1.014,2,1
20,0,24,6,N,nb18,1900,1.532,0.706,1,1
20,0,24,6,N,nb19,1900,1.842,1.09,1,1
20,0,24,6,N,nb20,1900,-1.865,0.992,1,1
20,0,24,6,N,nb21,1900,-1.813,-1.017,1,1
20,0,24,6,N,nb22,1900,1.482,-0.223,1,1
20,0,24,6,N,nb23,1900,1.674,-0.219,2,1
20,0,24,6,N,nb24,1900,1.865,-0.476,1,1
20,0,24,6,N,nb25,1900,1.817,-0.129,1,1
20,0,24,6,N,nb26,1900,0.046,0.651,0,0
20,0,24,6,N,nb27,1900,1.832,-1.254,1,1
20,0,24,6,N,nb28,1900,-1.696,1.724,3,1
20,0,24,6,N,nb29,1900,1.68,-0.703,2,1
20,0,24,6,A,aa0,1900,-0.008,1.815,0,0
20,0,24,6,A,aa1,1900,0.311,1.865,0,0
20,0,24,6,A,aa2,1900,-1.867,-0.648,1,0
20,0,24,6,A,aa3,1900,-1.857,1.866,2,0
20,0,24,6,A,aa4,1900,0.917,1.088,0,0
20,0,24,6,A,aa5,1900,-0.687,-1.306,2,0
20,0,24,6,N,nb0,1905,1.866,-1.619,1,1
20,0,24,6,N,nb1,1905,1.865,0.766,1,1
20,0,24,6,N,nb2,1905,1.865,-1.858,2,1
20,0,24,6,N,nb3,1905,1.531,-1.835,1,1
20,0,24,6,N,nb4,1905,-1.545,1.645,2,1
20,0,24,6,N,nb5,1905,-0.296,-1.739,2,1
20,0,24,6,N,nb6,1905,1.865,-0.867,3,1
20,0,24,6,N,nb7,1905,-0.457,-1.794,1,1
20,0,24,6,N,nb8,1905,-1.687,1.553,3,1
20,0,24,6,N,nb9,1905,-1.859,1.207,1,1
20,0,24,6,N,nb10,1905,-0.167,-1.866,1,1
20,0,24,6,N,nb11,1905,1.863,-0.699,3,1
20,0,24,6,N,nb12,1905,1.717,0.849,2,1
20,0,24,6,N,nb13,1905,-1.865,-1.245,1,1
20,0,24,6,N,nb14,1905,-1.865,1.695,2,1
20,0,24,6,N,nb15,1905,1.715,1.225,1,1
20,0,24,6,N,nb16,1905,1.698,-1.858,2,1
20,0,24,6,N,nb17,1905,1.781,-1.014,2,1
20,0,24,6,N,nb18,1905,1.532,0.706,1,1
20,0,24,6,N,nb19,1905,1.842,1.09,1,1
20,0,24,6,N,nb20,1905,-1.865,0.992,1,1
20,0,24,6,N,nb21,1905,-1.813,-1.017,1,1
20,0,24,6,N,nb22,1905,1.482,-0.223,1,1
20,0,24,6,N,nb23,1905,1.674,-0.219,2,1
20,0,24,6,N,nb24,1905,1.865,-0.476,1,1
20,0,24,6,N,nb25,1905,1.817,-0.129,1,1
20,0,24,6,N,nb26,1905,-0.051,0.628,0,0
20,0,24,6,N,nb27,1905,1.832,-1.254,1,1
20,0,24,6,N,nb28,1905,-1.696,1.724,3,1
20,0,24,6,N,nb29,1905,1.68,-0.703,2,1
20,0,24,6,A,aa0,1905,-0.045,1.723,0,0
20,0,24,6,A,aa1,1905,0.221,1.865,0,0
20,0,24,6,A,aa2,1905,-1.867,-0.603,1,0
20,0,24,6,A,aa3,1905,-1.839,1.866,2,0
20,0,24,6,A,aa4,1905,0.931,0.989,0,0
20,0,24,6,A,aa5,1905,-0.681,-1.207,0,0
20,0,24,6,N,nb0,1910,1.866,-1.619,1,1
20,0,24,6,N,nb1,1910,1.865,0.766,1,1
20,0,24,6,N,nb2,1910,1.865,-1.858,2,1
20,0,24,6,N,nb3,1910,1.531,-1.835,1,1
20,0,24,6,N,nb4,1910,-1.545,1.645,2,1
20,0,24,6,N,nb5,1910,-0.296,-1.739,2,1
20,0,24,6,N,nb6,1910,1.865,-0.867,3,1
20,0,24,6,N,nb7,1910,-0.457,-1.794,1,1
20,0,24,6,N,nb8,1910,-1.687,1.553,3,1
20,0,24,6,N,nb9,1910,-1.859,1.207,1,1
20,0,24,6,N,nb10,1910,-0.167,-1.866,1,1
20,0,24,6,N,nb11,1910,1.863,-0.699,3,0
20,0,24,6,N,nb12,1910,1.717,0.849,2,1
20,0,24,6,N,nb13,1910,-1.865,-1.245,1,1
20,0,24,6,N,nb14,1910,-1.865,1.695,2,1
20,0,24,6,N,nb15,1910,1.715,1.225,1,1
20,0,24,6,N,nb16,1910,1.698,-1.858,2,1
20,0,24,6,N,nb17,1910,1.781,-1.014,2,1
20,0,24,6,N,nb18,1910,1.532,0.706,1,1
20,0,24,6,N,nb19,1910,1.842,1.09,1,1
20,0,24,6,N,nb20,1910,-1.865,0.992,1,1
20,0,24,6,N,nb21,1910,-1.813,-1.017,1,1
20,0,24,6,N,nb22,1910,1.482,-0.223,1,1
20,0,24,6,N,nb23,1910,1.674,-0.219,2,1
20,0,24,6,N,nb24,1910,1.865,-0.476,1,1
20,0,24,6,N,nb25,1910,1.817,-0.129,1,1
20,0,24,6,N,nb26,1910,-0.149,0.606,0,0
20,0,24,6,N,nb27,1910,1.832,-1.254,1,1
20,0,24,6,N,nb28,1910,-1.696,1.724,3,1
20,0,24,6,N,nb29,1910,1.68,-0.703,2,1
20,0,24,6,A,aa0,1910,-0.083,1.63,0,0
20,0,24,6,A,aa1,1910,0.129,1.864,0,0
20,0,24,6,A,aa2,1910,-1.867,-0.544,1,0
20,0,24,6,A,aa3,1910,-1.813,1.866,2,0
20,0,24,6,A,aa4,1910,0.945,0.89,0,0
20,0,24,6,A,aa5,1910,-0.675,-1.107,0,0
20,0,24,6,N,nb0,1915,1.866,-1.619,1,1
20,0,24,6,N,nb1,1915,1.865,0.766,1,1
20,0,24,6,N,nb2,1915,1.865,-1.858,2,1
20,0,24,6,N,nb3,1915,1.531,-1.835,1,1
20,0,24,6,N,nb4,1915,-1.545,1.645,2,1
20,0,24,6,N,nb5,1915,-0.296,-1.739,2,1
20,0,24,6,N,nb6,1915,1.865,-0.867,3,1
20,0,24,6,N,nb7,1915,-0.457,-1.794,1,1
20,0,24,6,N,nb8,1915,-1.687,1.553,3,1
20,0,24,6,N,nb9,1915,-1.859,1.207,1,1
20,0,24,6,N,nb10,1915,-0.167,-1.866,1,1
20,0,24,6,N,nb11,1915,1.863,-0.699,3,1
20,0,24,6,N,nb12,1915,1.717,0.849,2,1
20,0,24,6,N,nb13,1915,-1.865,-1.245,1,1
20,0,24,6,N,nb14,1915,-1.865,1.695,2,1
20,0,24,6,N,nb15,1915,1.715,1.225,1,1
20,0,24,6,N,nb16,1915,1.698,-1.858,2,1
20,0,24,6,N,nb17,1915,1.781,-1.014,2,1
20,0,24,6,N,nb18,1915,1.532,0.706,1,1
20,0,24,6,N,nb19,1915,1.842,1.09,1,0
20,0,24,6,N,nb20,1915,-1.865,0.992,1,1
20,0,24,6,N,nb21,1915,-1.813,-1.017,1,1
20,0,24,6,N,nb22,1915,1.482,-0.223,1,1
20,0,24,6,N,nb23,1915,1.674,-0.219,2,1
20,0,24,6,N,nb24,1915,1.865,-0.476,1,1
20,0,24,6,N,nb25,1915,1.817,-0.129,1,1
20,0,24,6,N,nb26,1915,-0.246,0.583,0,0
20,0,24,6,N,nb27,1915,1.832,-1.254,1,1
20,0,24,6,N,nb28,1915,-1.696,1.724,3,1
20,0,24,6,N,nb29,1915,1.68,-0.703,2,1
20,0,24,6,A,aa0,1915,-0.12,1.538,0,0
20,0,24,6,A,aa1,1915,0.037,1.853,0,0
20,0,24,6,A,aa2,1915,-1.867,-0.476,1,0
20,0,24,6,A,aa3,1915,-1.789,1.866,0,0
20,0,24,6,A,aa4,1915,0.96,0.791,1,0
20,0,24,6,A,aa5,1915,-0.669,-1.007,0,0
20,0,24,6,N,nb0,1920,1.866,-1.619,1,1
20,0,24,6,N,nb1,1920,1.865,0.766,1,1
20,0,24,6,N,nb2,1920,1.865,-1.858,2,1
20,0,24,6,N,nb3,1920,1.531,-1.835,1,1
20,0,24,6,N,nb4,1920,-1.545,1.645,2,1
20,0,24,6,N,nb5,1920,-0.296,-1.739,2,1
20,0,24,6,N,nb6,1920,1.865,-0.867,3,1
20,0,24,6,N,nb7,1920,-0.457,-1.794,1,1
20,0,24,6,N,nb8,1920,-1.687,1.553,3,1
20,0,24,6,N,nb9,1920,-1.859,1.207,1,1
20,0,24,6,N,nb10,1920,-0.167,-1.866,1,1
20,0,24,6,N,nb11,1920,1.863,-0.699,3,1
20,0,24,6,N,nb12,1920,1.717,0.849,2,1
20,0,24,6,N,nb13,1920,-1.865,-1.245,1,0
20,0,24,6,N,nb14,1920,-1.865,1.695,2,1
20,0,24,6,N,nb15,1920,1.715,1.225,1,1
20,0,24,6,N,nb16,1920,1.698,-1.858,2,1
20,0,24,6,N,nb17,1920,1.781,-1.014,2,1
20,0,24,6,N,nb18,1920,1.532,0.706,1,1
20,0,24,6,N,nb19,1920,1.842,1.09,1,1
20,0,24,6,N,nb20,1920,-1.865,0.992,1,1
20,0,24,6,N,nb21,1920,-1.813,-1.017,1,1
20,0,24,6,N,nb22,1920,1.482,-0.223,1,1
20,0,24,6,N,nb23,1920,1.674,-0.219,2,1
20,0,24,6,N,nb24,1920,1.865,-0.476,1,1
20,0,24,6,N,nb25,1920,1.817,-0.129,1,1
20,0,24,6,N,nb26,1920,-0.344,0.561,0,0
20,0,24,6,N,nb27,1920,1.832,-1.254,1,1
20,0,24,6,N,nb28,1920,-1.696,1.724,3,1
20,0,24,6,N,nb29,1920,1.68,-0.703,2,1
20,0,24,6,A,aa0,1920,-0.158,1.445,0,0
20,0,24,6,A,aa1,1920,-0.055,1.834,0,0
20,0,24,6,A,aa2,1920,-1.867,-0.398,0,0
20,0,24,6,A,aa3,1920,-1.788,1.866,2,0
20,0,24,6,A,aa4,1920,0.974,0.692,1,0
20,0,24,6,A,aa5,1920,-0.662,-0.907,0,0
20,0,24,6,N,nb0,1925,1.866,-1.619,1,1
20,0,24,6,N,nb1,1925,1.865,0.766,1,1
20,0,24,6,N,nb2,1925,1.865,-1.858,2,1
20,0,24,6,N,nb3,1925,1.531,-1.835,1,1
20,0,24,6,N,nb4,1925,-1.545,1.645,2,1
20,0,24,6,N,nb5,1925,-0.296,-1.739,2,1
20,0,24,6,N,nb6,1925,1.865,-0.867,3,1
20,0,24,6,N,nb7,1925,-0.457,-1.794,1,1
20,0,24,6,N,nb8,1925,-1.687,1.553,3,1
20,0,24,6,N,nb9,1925,-1.859,1.207,1,1
20,0,24,6,N,nb10,1925,-0.167,-1.866,1,1
20,0,24,6,N,nb11,1925,1.863,-0.699,3,1
20,0,24,6,N,nb12,1925,1.717,0.849,2,1
20,0,24,6,N,nb13,1925,-1.865,-1.245,1,1
20,0,24,6,N,nb14,1925,-1.865,1.695,2,1
20,0,24,6,N,nb15,1925,1.715,1.225,1,1
20,0,24,6,N,nb16,1925,1.698,-1.858,2,1
20,0,24,6,N,nb17,1925,1.781,-1.014,2,1
20,0,24,6,N,nb18,1925,1.532,0.706,1,1
20,0,24,6,N,nb19,1925,1.842,1.09,1,1
20,0,24,6,N,nb20,1925,-1.865,0.992,1,1
20,0,24,6,N,nb21,1925,-1.813,-1.017,1,1
20,0,24,6,N,nb22,1925,1.482,-0.223,1,1
20,0,24,6,N,nb23,1925,1.674,-0.219,2,1
20,0,24,6,N,nb24,1925,1.865,-0.476,1,1
20,0,24,6,N,nb25,1925,1.817,-0.129,1,1
20,0,24,6,N,nb26,1925,-0.441,0.538,0,0
20,0,24,6,N,nb27,1925,1.832,-1.254,1,1
20,0,24,6,N,nb28,1925,-1.696,1.724,3,1
20,0,24,6,N,nb29,1925,1.68,-0.703,2,1
20,0,24,6,A,aa0,1925,-0.181,1.386,0,0
20,0,24,6,A,aa1,1925,-0.144,1.805,0,0
20,0,24,6,A,aa2,1925,-1.867,-0.314,0,0
20,0,24,6,A,aa3,1925,-1.789,1.866,2,0
20,0,24,6,A,aa4,1925,0.988,0.593,1,0
20,0,24,6,A,aa5,1925,-0.656,-0.807,0,0
20,0,24,6,N,nb0,1930,1.866,-1.619,1,1
20,0,24,6,N,nb1,1930,1.865,0.766,1,1
20,0,24,6,N,nb2,1930,1.865,-1.858,2,1
20,0,24,6,N,nb3,1930,1.531,-1.835,1,1
20,0,24,6,N,nb4,1930,-1.545,1.645,2,1
20,0,24,6,N,nb5,1930,-0.296,-1.739,2,1
20,0,24,6,N,nb6,1930,1.865,-0.867,3,1
20,0,24,6,N,nb7,1930,-0.457,-1.794,1,1
20,0,24,6,N,nb8,1930,-1.687,1.553,3,1
20,0,24,6,N,nb9,1930,-1.859,1.207,1,1
20,0,24,6,N,nb10,1930,-0.167,-1.866,1,1
20,0,24,6,N,nb11,1930,1.863,-0.699,3,1
20,0,24,6,N,nb12,1930,1.717,0.849,2,1
20,0,24,6,N,nb13,1930,-1.865,-1.245,1,1
20,0,24,6,N,nb14,1930,-1.865,1.695,2,1
20,0,24,6,N,nb15,1930,1.715,1.225,1,1
20,0,24,6,N,nb16,1930,1.698,-1.858,2,1
20,0,24,6,N,nb17,1930,1.781,-1.014,2,1
20,0,24,6,N,nb18,1930,1.532,0.706,1,1
20,0,24,6,N,nb19,1930,1.842,1.09,1,1
20,0,24,6,N,nb20,1930,-1.865,0.992,1,1
20,0,24,6,N,nb21,1930,-1.813,-1.017,1,1
20,0,24,6,N,nb22,1930,1.482,-0.223,1,1
20,0,24,6,N,nb23,1930,1.674,-0.219,2,1
20,0,24,6,N,nb24,1930,1.865,-0.476,1,1
20,0,24,6,N,nb25,1930,1.817,-0.129,1,1
20,0,24,6,N,nb26,1930,-0.538,0.516,0,0
20,0,24,6,N,nb27,1930,1.832,-1.254,1,1
20,0,24,6,N,nb28,1930,-1.696,1.724,3,1
20,0,24,6,N,nb29,1930,1.68,-0.703,2,1
20,0,24,6,A,aa0,1930,-0.181,1.386,0,0
20,0,24,6,A,aa1,1930,-0.231,1.769,0,0
20,0,24,6,A,aa2,1930,-1.867,-0.226,0,0
20,0,24,6,A,aa3,1930,-1.788,1.866,2,0
20,0,24,6,A,aa4,1930,1.002,0.494,1,0
20,0,24,6,A,aa5,1930,-0.65,-0.707,0,0
20,0,24,6,N,nb0,1935,1.866,-1.619,1,1
20,0,24,6,N,nb1,1935,1.865,0.766,1,1
20,0,24,6,N,nb2,1935,1.865,-1.858,2,1
20,0,24,6,N,nb3,1935,1.531,-1.835,1,1
20,0,24,6,N,nb4,1935,-1.545,1.645,2,1
20,0,24,6,N,nb5,1935,-0.296,-1.739,2,1
20,0,24,6,N,nb6,1935,1.865,-0.867,3,1
20,0,24,6,N,nb7,1935,-0.457,-1.794,1,1
20,0,24,6,N,nb8,1935,-1.687,1.553,3,1
20,0,24,6,N,nb9,1935,-1.859,1.207,1,1
20,0,24,6,N,nb10,1935,-0.167,-1.866,1,1
20,0,24,6,N,nb11,1935,1.863,-0.699,3,1
20,0,24,6,N,nb12,1935,1.717,0.849,2,1
20,0,24,6,N,nb13,1935,-1.865,-1.245,1,1
20,0,24,6,N,nb14,1935,-1.865,1.695,2,1
20,0,24,6,N,nb15,1935,1.715,1.225,1,1
20,0,24,6,N,nb16,1935,1.698,-1.858,2,1
20,0,24,6,N,nb17,1935,1.781,-1.014,2,1
20,0,24,6,N,nb18,1935,1.532,0.706,1,1
20,0,24,6,N,nb19,1935,1.842,1.09,1,1
20,0,24,6,N,nb20,1935,-1.865,0.992,1,1
20,0,24,6,N,nb21,1935,-1.813,-1.017,1,0
20,0,24,6,N,nb22,1935,1.482,-0.223,1,1
20,0,24,6,N,nb23,1935,1.674,-0.219,2,1
20,0,24,6,N,nb24,1935,1.865,-0.476,1,1
20,0,24,6,N,nb25,1935,1.817,-0.129,1,1
20,0,24,6,N,nb26,1935,-0.636,0.494,0,0
20,0,24,6,N,nb27,1935,1.832,-1.254,1,1
20,0,24,6,N,nb28,1935,-1.696,1.724,3,1
20,0,24,6,N,nb29,1935,1.68,-0.703,2,1
20,0,24,6,A,aa0,1935,-0.129,1.331,0,0
20,0,24,6,A,aa1,1935,-0.319,1.725,0,0
20,0,24,6,A,aa2,1935,-1.867,-0.135,0,0
20,0,24,6,A,aa3,1935,-1.789,1.866,2,0
20,0,24,6,A,aa4,1935,1.016,0.395,0,0
20,0,24,6,A,aa5,1935,-0.644,-0.608,0,0
20,0,24,6,N,nb0,1940,1.866,-1.619,1,1
20,0,24,6,N,nb1,1940,1.865,0.766,1,1
20,0,24,6,N,nb2,1940,1.865,-1.858,2,0
20,0,24,6,N,nb3,1940,1.531,-1.835,1,0
20,0,24,6,N,nb4,1940,-1.545,1.645,2,1
20,0,24,6,N,nb5,1940,-0.296,-1.739,2,1
20,0,24,6,N,nb6,1940,1.865,-0.867,3,1
20,0,24,6,N,nb7,1940,-0.457,-1.794,1,1
20,0,24,6,N,nb8,1940,-1.687,1.553,3,0
20,0,24,6,N,nb9,1940,-1.859,1.207,1,0
20,0,24,6,N,nb10,1940,-0.167,-1.866,1,1
20,0,24,6,N,nb11,1940,1.863,-0.699,3,1
20,0,24,6,N,nb12,1940,1.717,0.849,2,1
20,0,24,6,N,nb13,1940,-1.865,-1.245,1,1
20,0,24,6,N,nb14,1940,-1.865,1.695,2,1
20,0,24,6,N,nb15,1940,1.715,1.225,1,1
20,0,24,6,N,nb16,1940,1.698,-1.858,2,0
20,0,24,6,N,nb17,1940,1.781,-1.014,2,1
20,0,24,6,N,nb18,1940,1.532,0.706,1,1
20,0,24,6,N,nb19,1940,1.842,1.09,1,1
20,0,24,6,N,nb20,1940,-1.865,0.992,1,0
20,0,24,6,N,nb21,1940,-1.813,-1.017,1,1
20,0,24,6,N,nb22,1940,1.482,-0.223,1,1
20,0,24,6,N,nb23,1940,1.674,-0.219,2,1
20,0,24,6,N,nb24,1940,1.865,-0.476,1,1
20,0,24,6,N,nb25,1940,1.817,-0.129,1,1
20,0,24,6,N,nb26,1940,-0.733,0.471,0,0
20,0,24,6,N,nb27,1940,1.832,-1.254,1,1
20,0,24,6,N,nb28,1940,-1.696,1.724,3,1
20,0,24,6,N,nb29,1940,1.68,-0.703,2,1
20,0,24,6,A,aa0,1940,-0.06,1.258,0,0
20,0,24,6,A,aa1,1940,-0.408,1.68,0,0
20,0,24,6,A,aa2,1940,-1.862,-0.043,0,0
20,0,24,6,A,aa3,1940,-1.788,1.866,2,0
20,0,24,6,A,aa4,1940,1.031,0.296,0,0
20,0,24,6,A,aa5,1940,-0.638,-0.508,0,0
20,0,24,6,N,nb0,1945,1.866,-1.619,1,1
20,0,24,6,N,nb1,1945,1.865,0.766,1,1
20,0,24,6,N,nb2,1945,1.865,-1.858,2,1
20,0,24,6,N,nb3,1945,1.531,-1.835,1,1
20,0,24,6,N,nb4,1945,-1.545,1.645,2,1
20,0,24,6,N,nb5,1945,-0.296,-1.739,2,1
20,0,24,6,N,nb6,1945,1.865,-0.867,3,1
20,0,24,6,N,nb7,1945,-0.457,-1.794,1,1
20,0,24,6,N,nb8,1945,-1.687,1.553,3,1
20,0,24,6,N,nb9,1945,-1.859,1.207,1,1
20,0,24,6,N,nb10,1945,-0.167,-1.866,1,1
20,0,24,6,N,nb11,1945,1.863,-0.699,3,1
20,0,24,6,N,nb12,1945,1.717,0.849,2,1
20,0,24,6,N,nb13,1945,-1.865,-1.245,1,1
20,0,24,6,N,nb14,1945,-1.865,1.695,2,1
20,0,24,6,N,nb15,1945,1.715,1.225,1,1
20,0,24,6,N,nb16,1945,1.698,-1.858,2,1
20,0,24,6,N,nb17,1945,1.781,-1.014,2,1
20,0,24,6,N,nb18,1945,1.532,0.706,1,1
20,0,24,6,N,nb19,1945,1.842,1.09,1,1
20,0,24,6,N,nb20,1945,-1.865,0.992,1,1
20,0,24,6,N,nb21,1945,-1.813,-1.017,1,1
20,0,24,6,N,nb22,1945,1.482,-0.223,1,1
20,0,24,6,N,nb23,1945,1.674,-0.219,2,1
20,0,24,6,N,nb24,1945,1.865,-0.476,1,1
20,0,24,6,N,nb25,1945,1.817,-0.129,1,1
20,0,24,6,N,nb26,1945,-0.831,0.449,0,0
20,0,24,6,N,nb27,1945,1.832,-1.254,1,1
20,0,24,6,N,nb28,1945,-1.696,1.724,3,1
20,0,24,6,N,nb29,1945,1.68,-0.703,2,1
20,0,24,6,A,aa0,1945,0.009,1.185,0,0
20,0,24,6,A,aa1,1945,-0.498,1.635,0,0
20,0,24,6,A,aa2,1945,-1.848,0.049,0,0
20,0,24,6,A,aa3,1945,-1.789,1.866,2,0
20,0,24,6,A,aa4,1945,1.045,0.197,0,0
20,0,24,6,A,aa5,1945,-0.631,-0.408,0,0
20,0,24,6,N,nb0,1950,1.866,-1.619,1,1
20,0,24,6,N,nb1,1950,1.865,0.766,1,1
20,0,24,6,N,nb2,1950,1.865,-1.858,2,1
20,0,24,6,N,nb3,1950,1.531,-1.835,1,1
20,0,24,6,N,nb4,1950,-1.545,1.645,2,1
20,0,24,6,N,nb5,1950,-0.296,-1.739,2,0
20,0,24,6,N,nb6,1950,1.865,-0.867,3,1
20,0,24,6,N,nb7,1950,-0.457,-1.794,1,0
20,0,24,6,N,nb8,1950,-1.687,1.553,3,1
20,0,24,6,N,nb9,1950,-1.859,1.207,1,1
20,0,24,6,N,nb10,1950,-0.167,-1.866,1,0
20,0,24,6,N,nb11,1950,1.863,-0.699,3,1
20,0,24,6,N,nb12,1950,1.717,0.849,2,1
20,0,24,6,N,nb13,1950,-1.865,-1.245,1,1
20,0,24,6,N,nb14,1950,-1.865,1.695,2,1
20,0,24,6,N,nb15,1950,1.715,1.225,1,0
20,0,24,6,N,nb16,1950,1.698,-1.858,2,1
20,0,24,6,N,nb17,1950,1.781,-1.014,2,1
20,0,24,6,N,nb18,1950,1.532,0.706,1,0
20,0,24,6,N,nb19,1950,1.842,1.09,1,1
20,0,24,6,N,nb20,1950,-1.865,0.992,1,1
20,0,24,6,N,nb21,1950,-1.813,-1.017,1,1
20,0,24,6,N,nb22,1950,1.482,-0.223,1,1
20,0,24,6,N,nb23,1950,1.674,-0.219,2,1
20,0,24,6,N,nb24,1950,1.865,-0.476,1,1
20,0,24,6,N,nb25,1950,1.817,-0.129,1,1
20,0,24,6,N,nb26,1950,-0.928,0.426,0,0
20,0,24,6,N,nb27,1950,1.832,-1.254,1,1
20,0,24,6,N,nb28,1950,-1.696,1.724,3,1
20,0,24,6,N,nb29,1950,1.68,-0.703,2,1
20,0,24,6,A,aa0,1950,0.025,1.168,0,0
20,0,24,6,A,aa1,1950,-0.587,1.591,0,0
20,0,24,6,A,aa2,1950,-1.825,0.14,0,0
20,0,24,6,A,aa3,1950,-1.789,1.866,2,0
20,0,24,6,A,aa4,1950,1.059,0.098,1,0
20,0,24,6,A,aa5,1950,-0.625,-0.308,0,0
20,0,24,6,N,nb0,1955,1.866,-1.619,1,1
20,0,24,6,N,nb1,1955,1.865,0.766,1,1
20,0,24,6,N,nb2,1955,1.865,-1.858,2,1
20,0,24,6,N,nb3,1955,1.531,-1.835,1,1
20,0,24,6,N,nb4,1955,-1.545,1.645,2,1
20,0,24,6,N,nb5,1955,-0.296,-1.739,2,1
20,0,24,6,N,nb6,1955,1.865,-0.867,3,1
20,0,24,6,N,nb7,1955,-0.457,-1.794,1,1
20,0,24,6,N,nb8,1955,-1.687,1.553,3,1
20,0,24,6,N,nb9,1955,-1.859,1.207,1,1
20,0,24,6,N,nb10,1955,-0.167,-1.866,1,1
20,0,24,6,N,nb11,1955,1.863,-0.699,3,1
20,0,24,6,N,nb12,1955,1.717,0.849,2,1
20,0,24,6,N,nb13,1955,-1.865,-1.245,1,1
20,0,24,6,N,nb14,1955,-1.865,1.695,2,1
20,0,24,6,N,nb15,1955,1.715,1.225,1,1
20,0,24,6,N,nb16,1955,1.698,-1.858,2,1
20,0,24,6,N,nb17,1955,1.781,-1.014,2,1
20,0,24,6,N,nb18,1955,1.532,0.706,1,1
20,0,24,6,N,nb19,1955,1.842,1.09,1,1
20,0,24,6,N,nb20,1955,-1.865,0.992,1,1
20,0,24,6,N,nb21,1955,-1.813,-1.017,1,1
20,0,24,6,N,nb22,1955,1.482,-0.223,1,1
20,0,24,6,N,nb23,1955,1.674,-0.219,2,1
20,0,24,6,N,nb24,1955,1.865,-0.476,1,1
20,0,24,6,N,nb25,1955,1.817,-0.129,1,1
20,0,24,6,N,nb26,1955,-1.026,0.404,0,0
20,0,24,6,N,nb27,1955,1.832,-1.254,1,1
20,0,24,6,N,nb28,1955,-1.696,1.724,3,1
20,0,24,6,N,nb29,1955,1.68,-0.703,2,1
20,0,24,6,A,aa0,1955,0.081,1.171,0,0
20,0,24,6,A,aa1,1955,-0.677,1.546,0,0
20,0,24,6,A,aa2,1955,-1.793,0.228,0,0
20,0,24,6,A,aa3,1955,-1.789,1.866,2,0
20,0,24,6,A,aa4,1955,1.073,-0.001,1,0
20,0,24,6,A,aa5,1955,-0.619,-0.208,0,0
20,0,24,6,N,nb0,1960,1.866,-1.619,1,1
20,0,24,6,N,nb1,1960,1.865,0.766,1,1
20,0,24,6,N,nb2,1960,1.865,-1.858,2,1
20,0,24,6,N,nb3,1960,1.531,-1.835,1,1
20,0,24,6,N,nb4,1960,-1.545,1.645,2,1
20,0,24,6,N,nb5,1960,-0.296,-1.739,2,1
20,0,24,6,N,nb6,1960,1.865,-0.867,3,1
20,0,24,6,N,nb7,1960,-0.457,-1.794,1,1
20,0,24,6,N,nb8,1960,-1.687,1.553,3,1
20,0,24,6,N,nb9,1960,-1.859,1.207,1,1
20,0,24,6,N,nb10,1960,-0.167,-1.866,1,1
20,0,24,6,N,nb11,1960,1.863,-0.699,3,1
20,0,24,6,N,nb12,1960,1.717,0.849,2,1
20,0,24,6,N,nb13,1960,-1.865,-1.245,1,1
20,0,24,6,N,nb14,1960,-1.865,1.695,2,1
20,0,24,6,N,nb15,1960,1.715,1.225,1,1
20,0,24,6,N,nb16,1960,1.698,-1.858,2,1
20,0,24,6,N,nb17,1960,1.781,-1.014,2,1
20,0,24,6,N,nb18,1960,1.532,0.706,1,1
20,0,24,6,N,nb19,1960,1.842,1.09,1,1
20,0,24,6,N,nb20,1960,-1.865,0.992,1,1
20,0,24,6,N,nb21,1960,-1.813,-1.017,1,1
20,0,24,6,N,nb22,1960,1.482,-0.223,1,1
20,0,24,6,N,nb23,1960,1.674,-0.219,2,1
20,0,24,6,N,nb24,1960,1.865,-0.476,1,1
20,0,24,6,N,nb25,1960,1.817,-0.129,1,1
20,0,24,6,N,nb26,1960,-1.123,0.381,0,0
20,0,24,6,N,nb27,1960,1.832,-1.254,1,1
20,0,24,6,N,nb28,1960,-1.696,1.724,3,1
20,0,24,6,N,nb29,1960,1.68,-0.703,2,1
20,0,24,6,A,aa0,1960,0.181,1.175,0,0
20,0,24,6,A,aa1,1960,-0.766,1.501,0,0
20,0,24,6,A,aa2,1960,-1.753,0.315,0,0
20,0,24,6,A,aa3,1960,-1.789,1.866,2,0
20,0,24,6,A,aa4,1960,1.088,-0.1,1,0
20,0,24,6,A,aa5,1960,-0.613,-0.109,0,0
20,0,24,6,N,nb0,1965,1.866,-1.619,1,1
20,0,24,6,N,nb1,1965,1.865,0.766,1,1
20,0,24,6,N,nb2,1965,1.865,-1.858,2,1
20,0,24,6,N,nb3,1965,1.531,-1.835,1,1
20,0,24,6,N,nb4,1965,-1.545,1.645,2,1
20,0,24,6,N,nb5,1965,-0.296,-1.739,2,1
20,0,24,6,N,nb6,1965,1.865,-0.867,3,1
20,0,24,6,N,nb7,1965,-0.457,-1.794,1,1
20,0,24,6,N,nb8,1965,-1.687,1.553,3,1
20,0,24,6,N,nb9,1965,-1.859,1.207,1,1
20,0,24,6,N,nb10,1965,-0.167,-1.866,1,1
20,0,24,6,N,nb11,1965,1.863,-0.699,3,1
20,0,24,6,N,nb12,1965,1.717,0.849,2,1
20,0,24,6,N,nb13,1965,-1.865,-1.245,1,1
20,0,24,6,N,nb14,1965,-1.865,1.695,2,1
20,0,24,6,N,nb15,1965,1.715,1.225,1,1
20,0,24,6,N,nb16,1965,1.698,-1.858,2,1
20,0,24,6,N,nb17,1965,1.781,-1.014,2,1
20,0,24,6,N,nb18,1965,1.532,0.706,1,1
20,0,24,6,N,nb19,1965,1.842,1.09,1,1
20,0,24,6,N,nb20,1965,-1.865,0.992,1,1
20,0,24,6,N,nb21,1965,-1.813,-1.017,1,1
20,0,24,6,N,nb22,1965,1.482,-0.223,1,0
20,0,24,6,N,nb23,1965,1.674,-0.219,2,0
20,0,24,6,N,nb24,1965,1.865,-0.476,1,1
20,0,24,6,N,nb25,1965,1.817,-0.129,1,0
20,0,24,6,N,nb26,1965,-1.221,0.359,0,0
20,0,24,6,N,nb27,1965,1.832,-1.254,1,1
20,0,24,6,N,nb28,1965,-1.696,1.724,3,1
20,0,24,6,N,nb29,1965,1.68,-0.703,2,1
20,0,24,6,A,aa0,1965,0.281,1.18,0,0
20,0,24,6,A,aa1,1965,-0.855,1.456,0,0
20,0,24,6,A,aa2,1965,-1.708,0.404,0,0
20,0,24,6,A,aa3,1965,-1.789,1.865,2,0
20,0,24,6,A,aa4,1965,1.102,-0.199,1,0
20,0,24,6,A,aa5,1965,-0.607,-0.009,0,0
20,0,24,6,N,nb0,1970,1.866,-1.619,1,1
20,0,24,6,N,nb1,1970,1.865,0.766,1,1
20,0,24,6,N,nb2,1970,1.865,-1.858,2,1
20,0,24,6,N,nb3,1970,1.531,-1.835,1,1
20,0,24,6,N,nb4,1970,-1.545,1.645,2,1
20,0,24,6,N,nb5,1970,-0.296,-1.739,2,1
20,0,24,6,N,nb6,1970,1.865,-0.867,3,1
20,0,24,6,N,nb7,1970,-0.457,-1.794,1,1
20,0,24,6,N,nb8,1970,-1.687,1.553,3,1
20,0,24,6,N,nb9,1970,-1.859,1.207,1,1
20,0,24,6,N,nb10,1970,-0.167,-1.866,1,1
20,0,24,6,N,nb11,1970,1.863,-0.699,3,1
20,0,24,6,N,nb12,1970,1.717,0.849,2,1
20,0,24,6,N,nb13,1970,-1.865,-1.245,1,1
20,0,24,6,N,nb14,1970,-1.865,1.695,2,1
20,0,24,6,N,nb15,1970,1.715,1.225,1,1
20,0,24,6,N,nb16,1970,1.698,-1.858,2,1
20,0,24,6,N,nb17,1970,1.781,-1.014,2,1
20,0,24,6,N,nb18,1970,1.532,0.706,1,1
20,0,24,6,N,nb19,1970,1.842,1.09,1,1
20,0,24,6,N,nb20,1970,-1.865,0.992,1,1
20,0,24,6,N,nb21,1970,-1.813,-1.017,1,1
20,0,24,6,N,nb22,1970,1.482,-0.223,1,1
20,0,24,6,N,nb23,1970,1.674,-0.219,2,1
20,0,24,6,N,nb24,1970,1.865,-0.476,1,1
20,0,24,6,N,nb25,1970,1.817,-0.129,1,1
20,0,24,6,N,nb26,1970,-1.318,0.336,0,0
20,0,24,6,N,nb27,1970,1.832,-1.254,1,0
20,0,24,6,N,nb28,1970,-1.696,1.724,3,1
20,0,24,6,N,nb29,1970,1.68,-0.703,2,1
20,0,24,6,A,aa0,1970,0.381,1.184,0,0
20,0,24,6,A,aa1,1970,-0.945,1.411,0,0
20,0,24,6,A,aa2,1970,-1.664,0.493,1,0
20,0,24,6,A,aa3,1970,-1.789,1.865,2,0
20,0,24,6,A,aa4,1970,1.116,-0.298,1,0
20,0,24,6,A,aa5,1970,-0.601,0.091,0,0
20,0,24,6,N,nb0,1975,1.866,-1.619,1,1
20,0,24,6,N,nb1,1975,1.865,0.766,1,1
20,0,24,6,N,nb2,1975,1.865,-1.858,2,1
20,0,24,6,N,nb3,1975,1.531,-1.835,1,1
20,0,24,6,N,nb4,1975,-1.545,1.645,2,0
20,0,24,6,N,nb5,1975,-0.296,-1.739,2,1
20,0,24,6,N,nb6,1975,1.865,-0.867,3,1
20,0,24,6,N,nb7,1975,-0.457,-1.794,1,1
20,0,24,6,N,nb8,1975,-1.687,1.553,3,1
20,0,24,6,N,nb9,1975,-1.859,1.207,1,1
20,0,24,6,N,nb10,1975,-0.167,-1.866,1,1
20,0,24,6,N,nb11,1975,1.863,-0.699,3,1
20,0,24,6,N,nb12,1975,1.717,0.849,2,1
20,0,24,6,N,nb13,1975,-1.865,-1.245,1,1
20,0,24,6,N,nb14,1975,-1.865,1.695,2,0
20,0,24,6,N,nb15,1975,1.715,1.225,1,1
20,0,24,6,N,nb16,1975,1.698,-1.858,2,1
20,0,24,6,N,nb17,1975,1.781,-1.014,2,1
20,0,24,6,N,nb18,1975,1.532,0.706,1,1
20,0,24,6,N,nb19,1975,1.842,1.09,1,1
20,0,24,6,N,nb20,1975,-1.865,0.992,1,1
20,0,24,6,N,nb21,1975,-1.813,-1.017,1,1
20,0,24,6,N,nb22,1975,1.482,-0.223,1,1
20,0,24,6,N,nb23,1975,1.674,-0.219,2,1
20,0,24,6,N,nb24,1975,1.865,-0.476,1,1
20,0,24,6,N,nb25,1975,1.817,-0.129,1,1
20,0,24,6,N,nb26,1975,-1.415,0.314,0,0
20,0,24,6,N,nb27,1975,1.832,-1.254,1,1
20,0,24,6,N,nb28,1975,-1.696,1.724,3,0
20,0,24,6,N,nb29,1975,1.68,-0.703,2,1
20,0,24,6,A,aa0,1975,0.481,1.189,0,0
20,0,24,6,A,aa1,1975,-1.034,1.366,1,0
20,0,24,6,A,aa2,1975,-1.619,0.583,1,0
20,0,24,6,A,aa3,1975,-1.789,1.865,2,0
20,0,24,6,A,aa4,1975,1.119,-0.321,1,0
20,0,24,6,A,aa5,1975,-0.594,0.191,0,0
20,0,24,6,N,nb0,1980,1.866,-1.619,1,1
20,0,24,6,N,nb1,1980,1.865,0.766,1,1
20,0,24,6,N,nb2,1980,1.865,-1.858,2,1
20,0,24,6,N,nb3,1980,1.531,-1.835,1,1
20,0,24,6,N,nb4,1980,-1.545,1.645,2,1
20,0,24,6,N,nb5,1980,-0.296,-1.739,2,1
20,0,24,6,N,nb6,1980,1.865,-0.867,3,1
20,0,24,6,N,nb7,1980,-0.457,-1.794,1,1
20,0,24,6,N,nb8,1980,-1.687,1.553,3,1
20,0,24,6,N,nb9,1980,-1.859,1.207,1,1
20,0,24,6,N,nb10,1980,-0.167,-1.866,1,1
20,0,24,6,N,nb11,1980,1.863,-0.699,3,1
20,0,24,6,N,nb12,1980,1.717,0.849,2,1
20,0,24,6,N,nb13,1980,-1.865,-1.245,1,1
20,0,24,6,N,nb14,1980,-1.865,1.695,2,1
20,0,24,6,N,nb15,1980,1.715,1.225,1,1
20,0,24,6,N,nb16,1980,1.698,-1.858,2,1
20,0,24,6,N,nb17,1980,1.781,-1.014,2,1
20,0,24,6,N,nb18,1980,1.532,0.706,1,1
20,0,24,6,N,nb19,1980,1.842,1.09,1,1
20,0,24,6,N,nb20,1980,-1.865,0.992,1,1
20,0,24,6,N,nb21,1980,-1.813,-1.017,1,1
20,0,24,6,N,nb22,1980,1.482,-0.223,1,1
20,0,24,6,N,nb23,1980,1.674,-0.219,2,1
20,0,24,6,N,nb24,1980,1.865,-0.476,1,1
20,0,24,6,N,nb25,1980,1.817,-0.129,1,1
20,0,24,6,N,nb26,1980,-1.513,0.292,0,0
20,0,24,6,N,nb27,1980,1.832,-1.254,1,1
20,0,24,6,N,nb28,1980,-1.696,1.724,3,1
20,0,24,6,N,nb29,1980,1.68,-0.703,2,0
20,0,24,6,A,aa0,1980,0.484,1.189,0,0
20,0,24,6,A,aa1,1980,-1.123,1.322,1,0
20,0,24,6,A,aa2,1980,-1.617,0.586,1,0
20,0,24,6,A,aa3,1980,-1.789,1.865,2,0
20,0,24,6,A,aa4,1980,1.153,-0.337,1,0
20,0,24,6,A,aa5,1980,-0.588,0.291,0,0
20,0,24,6,N,nb0,1985,1.866,-1.619,1,1
20,0,24,6,N,nb1,1985,1.865,0.766,1,1
20,0,24,6,N,nb2,1985,1.865,-1.858,2,1
20,0,24,6,N,nb3,1985,1.531,-1.835,1,1
20,0,24,6,N,nb4,1985,-1.545,1.645,2,1
20,0,24,6,N,nb5,1985,-0.296,-1.739,2,1
20,0,24,6,N,nb6,1985,1.865,-0.867,3,1
20,0,24,6,N,nb7,1985,-0.457,-1.794,1,1
20,0,24,6,N,nb8,1985,-1.687,1.553,3,1
20,0,24,6,N,nb9,1985,-1.859,1.207,1,1
20,0,24,6,N,nb10,1985,-0.167,-1.866,1,1
20,0,24,6,N,nb11,1985,1.863,-0.699,3,1
20,0,24,6,N,nb12,1985,1.717,0.849,2,1
20,0,24,6,N,nb13,1985,-1.865,-1.245,1,1
20,0,24,6,N,nb14,1985,-1.865,1.695,2,1
20,0,24,6,N,nb15,1985,1.715,1.225,1,1
20,0,24,6,N,nb16,1985,1.698,-1.858,2,1
20,0,24,6,N,nb17,1985,1.781,-1.014,2,1
20,0,24,6,N,nb18,1985,1.532,0.706,1,1
20,0,24,6,N,nb19,1985,1.842,1.09,1,1
20,0,24,6,N,nb20,1985,-1.865,0.992,1,1
20,0,24,6,N,nb21,1985,-1.813,-1.017,1,1
20,0,24,6,N,nb22,1985,1.482,-0.223,1,1
20,0,24,6,N,nb23,1985,1.674,-0.219,2,1
20,0,24,6,N,nb24,1985,1.865,-0.476,1,1
20,0,24,6,N,nb25,1985,1.817,-0.129,1,1
20,0,24,6,N,nb26,1985,-1.61,0.269,0,0
20,0,24,6,N,nb27,1985,1.832,-1.254,1,1
20,0,24,6,N,nb28,1985,-1.696,1.724,3,1
20,0,24,6,N,nb29,1985,1.68,-0.703,2,1
20,0,24,6,A,aa0,1985,0.513,1.238,0,0
20,0,24,6,A,aa1,1985,-1.213,1.277,2,0
20,0,24,6,A,aa2,1985,-1.641,0.68,2,0
20,0,24,6,A,aa3,1985,-1.789,1.865,2,0
20,0,24,6,A,aa4,1985,1.244,-0.378,2,0
20,0,24,6,A,aa5,1985,-0.582,0.39,0,0
20,0,24,6,N,nb0,1990,1.866,-1.619,1,1
20,0,24,6,N,nb1,1990,1.865,0.766,1,1
20,0,24,6,N,nb2,1990,1.865,-1.858,2,1
20,0,24,6,N,nb3,1990,1.531,-1.835,1,1
20,0,24,6,N,nb4,1990,-1.545,1.645,2,0
20,0,24,6,N,nb5,1990,-0.296,-1.739,2,1
20,0,24,6,N,nb6,1990,1.865,-0.867,3,1
20,0,24,6,N,nb7,1990,-0.457,-1.794,1,1
20,0,24,6,N,nb8,1990,-1.687,1.553,3,0
20,0,24,6,N,nb9,1990,-1.859,1.207,1,0
20,0,24,6,N,nb10,1990,-0.167,-1.866,1,1
20,0,24,6,N,nb11,1990,1.863,-0.699,3,1
20,0,24,6,N,nb12,1990,1.717,0.849,2,1
20,0,24,6,N,nb13,1990,-1.865,-1.245,1,1
20,0,24,6,N,nb14,1990,-1.865,1.695,2,1
20,0,24,6,N,nb15,1990,1.715,1.225,1,1
20,0,24,6,N,nb16,1990,1.698,-1.858,2,1
20,0,24,6,N,nb17,1990,1.781,-1.014,2,1
20,0,24,6,N,nb18,1990,1.532,0.706,1,1
20,0,24,6,N,nb19,1990,1.842,1.09,1,1
20,0,24,6,N,nb20,1990,-1.865,0.992,1,1
20,0,24,6,N,nb21,1990,-1.813,-1.017,1,1
20,0,24,6,N,nb22,1990,1.484,-0.208,1,0
20,0,24,6,N,nb23,1990,1.674,-0.219,2,0
20,0,24,6,N,nb24,1990,1.865,-0.467,1,0
20,0,24,6,N,nb25,1990,1.817,-0.129,1,1
20,0,24,6,N,nb26,1990,-1.708,0.247,0,0
20,0,24,6,N,nb27,1990,1.832,-1.254,1,1
20,0,24,6,N,nb28,1990,-1.696,1.724,3,1
20,0,24,6,N,nb29,1990,1.691,-0.693,2,0
20,0,24,6,A,aa0,1990,0.563,1.325,0,0
20,0,24,6,A,aa1,1990,-1.302,1.232,3,1
20,0,24,6,A,aa2,1990,-1.666,0.776,2,0
20,0,24,6,A,aa3,1990,-1.789,1.865,2,0
20,0,24,6,A,aa4,1990,1.329,-0.419,1,0
20,0,24,6,A,aa5,1990,-0.576,0.49,0,0
20,0,24,6,N,nb0,1995,1.866,-1.619,1,1
20,0,24,6,N,nb1,1995,1.865,0.766,1,1
20,0,24,6,N,nb2,1995,1.865,-1.858,2,1
20,0,24,6,N,nb3,1995,1.531,-1.835,1,1
20,0,24,6,N,nb4,1995,-1.541,1.626,2,0
20,0,24,6,N,nb5,1995,-0.296,-1.739,2,1
20,0,24,6,N,nb6,1995,1.865,-0.867,2,1
20,0,24,6,N,nb7,1995,-0.457,-1.794,1,1
20,0,24,6,N,nb8,1995,-1.693,1.551,3,0
20,0,24,6,N,nb9,1995,-1.843,1.12,1,0
20,0,24,6,N,nb10,1995,-0.167,-1.866,1,1
20,0,24,6,N,nb11,1995,1.865,-0.698,2,1
20,0,24,6,N,nb12,1995,1.717,0.849,2,1
20,0,24,6,N,nb13,1995,-1.865,-1.245,1,1
20,0,24,6,N,nb14,1995,-1.865,1.695,2,1
20,0,24,6,N,nb15,1995,1.715,1.225,1,1
20,0,24,6,N,nb16,1995,1.698,-1.858,2,1
20,0,24,6,N,nb17,1995,1.781,-1.014,2,1
20,0,24,6,N,nb18,1995,1.532,0.706,1,1
20,0,24,6,N,nb19,1995,1.842,1.09,1,1
20,0,24,6,N,nb20,1995,-1.865,0.944,1,0
20,0,24,6,N,nb21,1995,-1.813,-1.017,1,1
20,0,24,6,N,nb22,1995,1.488,-0.115,1,0
20,0,24,6,N,nb23,1995,1.666,-0.204,2,0
20,0,24,6,N,nb24,1995,1.865,-0.403,0,0
20,0,24,6,N,nb25,1995,1.817,-0.129,1,1
20,0,24,6,N,nb26,1995,-1.8,0.225,0,0
20,0,24,6,N,nb27,1995,1.832,-1.254,1,1
20,0,24,6,N,nb28,1995,-1.696,1.722,3,1
20,0,24,6,N,nb29,1995,1.706,-0.64,1,0
20,0,24,6,A,aa0,1995,0.613,1.411,0,0
20,0,24,6,A,aa1,1995,-1.392,1.187,0,0
20,0,24,6,A,aa2,1995,-1.687,0.867,0,0
20,0,24,6,A,aa3,1995,-1.787,1.865,2,0
20,0,24,6,A,aa4,1995,1.414,-0.468,0,0
20,0,24,6,A,aa5,1995,-0.57,0.59,0,0
20,0,24,6,N,nb0,2000,1.866,-1.619,1,1
20,0,24,6,N,nb1,2000,1.865,0.766,1,1
20,0,24,6,N,nb2,2000,1.865,-1.858,2,1
20,0,24,6,N,nb3,2000,1.531,-1.835,1,1
20,0,24,6,N,nb4,2000,-1.529,1.578,2,1
20,0,24,6,N,nb5,2000,-0.296,-1.739,2,1
20,0,24,6,N,nb6,2000,1.865,-0.867,2,1
20,0,24,6,N,nb7,2000,-0.457,-1.794,1,1
20,0,24,6,N,nb8,2000,-1.696,1.548,3,1
20,0,24,6,N,nb9,2000,-1.82,1.05,1,1
20,0,24,6,N,nb10,2000,-0.167,-1.866,1,1
20,0,24,6,N,nb11,2000,1.865,-0.698,2,1
20,0,24,6,N,nb12,2000,1.717,0.849,2,1
20,0,24,6,N,nb13,2000,-1.865,-1.245,1,1
20,0,24,6,N,nb14,2000,-1.865,1.695,2,1
20,0,24,6,N,nb15,2000,1.715,1.225,1,1
20,0,24,6,N,nb16,2000,1.698,-1.858,2,1
20,0,24,6,N,nb17,2000,1.781,-1.014,2,1
20,0,24,6,N,nb18,2000,1.532,0.706,1,1
20,0,24,6,N,nb19,2000,1.842,1.09,1,1
20,0,24,6,N,nb20,2000,-1.865,0.855,1,0
20,0,24,6,N,nb21,2000,-1.813,-1.017,1,1
20,0,24,6,N,nb22,2000,1.485,-0.036,1,1
20,0,24,6,N,nb23,2000,1.665,-0.197,3,1
20,0,24,6,N,nb24,2000,1.865,-0.343,2,1
20,0,24,6,N,nb25,2000,1.818,-0.128,2,1
20,0,24,6,N,nb26,2000,-1.866,0.194,0,0
20,0,24,6,N,nb27,2000,1.832,-1.254,1,1
20,0,24,6,N,nb28,2000,-1.695,1.718,3,1
20,0,24,6,N,nb29,2000,1.741,-0.578,1,1
20,0,24,6,A,aa0,2000,0.663,1.498,0,0
20,0,24,6,A,aa1,2000,-1.481,1.142,0,0
20,0,24,6,A,aa2,2000,-1.69,0.944,0,0
20,0,24,6,A,aa3,2000,-1.78,1.865,2,0
20,0,24,6,A,aa4,2000,1.5,-0.519,2,0
20,0,24,6,A,aa5,2000,-0.563,0.69,0,0
