anti_pct,rep,n_normal,n_anti,role,robot_id,tick,x,y,metric_c,metric_f
10,2,27,3,N,nb0,5,0.866,-0.704,0,0
10,2,27,3,N,nb1,5,-0.013,-1.407,0,0
10,2,27,3,N,nb2,5,-1.044,-1.513,1,1
10,2,27,3,N,nb3,5,-1.726,-0.69,0,0
10,2,27,3,N,nb4,5,0.774,-1.448,2,1
10,2,27,3,N,nb5,5,-0.517,0.759,0,0
10,2,27,3,N,nb6,5,-1.325,1.524,0,0
10,2,27,3,N,nb7,5,0.41,-0.477,0,0
10,2,27,3,N,nb8,5,0.431,1.604,0,0
10,2,27,3,N,nb9,5,-0.076,0.273,0,0
10,2,27,3,N,nb10,5,-0.257,1.165,0,0
10,2,27,3,N,nb11,5,-0.669,-1.493,0,0
10,2,27,3,N,nb12,5,1.458,0.984,0,0
10,2,27,3,N,nb13,5,0.889,-1.29,2,1
10,2,27,3,N,nb14,5,0.885,-1.726,1,1
10,2,27,3,N,nb15,5,0.701,-1.059,0,0
10,2,27,3,N,nb16,5,0.454,0.859,1,1
10,2,27,3,N,nb17,5,1.665,-0.017,1,1
10,2,27,3,N,nb18,5,-0.619,-0.277,0,0
10,2,27,3,N,nb19,5,0.572,0.532,0,0
10,2,27,3,N,nb20,5,-0.346,-0.678,0,0
10,2,27,3,N,nb21,5,1.201,-0.525,0,0
10,2,27,3,N,nb22,5,1.473,0.069,1,1
10,2,27,3,N,nb23,5,0.312,0.717,2,1
10,2,27,3,N,nb24,5,-1.006,-1.271,1,1
10,2,27,3,N,nb25,5,0.946,-1.528,3,1
10,2,27,3,N,nb26,5,-1.238,0.452,0,0
10,2,27,3,N,nb27,5,-0.678,0.54,0,0
10,2,27,3,N,nb28,5,0.135,0.639,1,1
10,2,27,3,N,nb29,5,0.901,0.086,0,0
10,2,27,3,A,aa0,5,-1.513,0.843,0,0
10,2,27,3,A,aa1,5,-1.768,-0.268,0,0
10,2,27,3,A,aa2,5,1.713,1.75,0,0
10,2,27,3,N,nb0,10,0.804,-0.626,0,0
10,2,27,3,N,nb1,10,0.084,-1.43,0,0
10,2,27,3,N,nb2,10,-1.044,-1.513,1,1
10,2,27,3,N,nb3,10,-1.778,-0.606,0,0
10,2,27,3,N,nb4,10,0.774,-1.448,2,1
10,2,27,3,N,nb5,10,-0.536,0.746,1,1
10,2,27,3,N,nb6,10,-1.227,1.505,0,0
10,2,27,3,N,nb7,10,0.313,-0.502,0,0
10,2,27,3,N,nb8,10,0.485,1.52,0,0
10,2,27,3,N,nb9,10,0.001,0.21,0,0
10,2,27,3,N,nb10,10,-0.157,1.177,0,0
10,2,27,3,N,nb11,10,-0.769,-1.493,0,0
10,2,27,3,N,nb12,10,1.387,1.055,0,0
10,2,27,3,N,nb13,10,0.889,-1.29,3,1
10,2,27,3,N,nb14,10,0.885,-1.726,1,1
10,2,27,3,N,nb15,10,0.756,-1.084,1,1
10,2,27,3,N,nb16,10,0.454,0.859,1,1
10,2,27,3,N,nb17,10,1.665,-0.017,1,1
10,2,27,3,N,nb18,10,-0.551,-0.35,0,0
10,2,27,3,N,nb19,10,0.665,0.568,0,0
10,2,27,3,N,nb20,10,-0.266,-0.738,0,0
10,2,27,3,N,nb21,10,1.244,-0.434,0,0
10,2,27,3,N,nb22,10,1.473,0.069,1,1
10,2,27,3,N,nb23,10,0.312,0.717,2,1
10,2,27,3,N,nb24,10,-1.006,-1.271,1,1
10,2,27,3,N,nb25,10,0.946,-1.528,3,1
10,2,27,3,N,nb26,10,-1.321,0.509,0,0
10,2,27,3,N,nb27,10,-0.657,0.538,1,1
10,2,27,3,N,nb28,10,0.135,0.639,1,1
10,2,27,3,N,nb29,10,1.001,0.073,0,0
10,2,27,3,A,aa0,10,-1.55,0.75,0,0
10,2,27,3,A,aa1,10,-1.751,-0.171,0,0
10,2,27,3,A,aa2,10,1.676,1.794,0,0
10,2,27,3,N,nb0,15,0.742,-0.548,0,0
10,2,27,3,N,nb1,15,0.181,-1.453,0,0
10,2,27,3,N,nb2,15,-1.044,-1.513,2,1
10,2,27,3,N,nb3,15,-1.818,-0.526,0,0
10,2,27,3,N,nb4,15,0.774,-1.448,2,1
10,2,27,3,N,nb5,15,-0.536,0.746,1,1
10,2,27,3,N,nb6,15,-1.129,1.486,0,0
10,2,27,3,N,nb7,15,0.216,-0.526,0,0
10,2,27,3,N,nb8,15,0.54,1.436,0,0
10,2,27,3,N,nb9,15,0.079,0.146,0,0
10,2,27,3,N,nb10,15,-0.058,1.188,0,0
10,2,27,3,N,nb11,15,-0.808,-1.493,1,1
10,2,27,3,N,nb12,15,1.316,1.125,0,0
10,2,27,3,N,nb13,15,0.889,-1.29,3,1
10,2,27,3,N,nb14,15,0.885,-1.726,1,1
10,2,27,3,N,nb15,15,0.756,-1.084,1,1
10,2,27,3,N,nb16,15,0.454,0.859,1,1
10,2,27,3,N,nb17,15,1.665,-0.017,1,1
10,2,27,3,N,nb18,15,-0.483,-0.424,0,0
10,2,27,3,N,nb19,15,0.759,0.603,0,0
10,2,27,3,N,nb20,15,-0.187,-0.799,0,0
10,2,27,3,N,nb21,15,1.288,-0.344,0,0
10,2,27,3,N,nb22,15,1.473,0.069,1,1
10,2,27,3,N,nb23,15,0.312,0.717,2,1
10,2,27,3,N,nb24,15,-1.006,-1.271,1,1
10,2,27,3,N,nb25,15,0.946,-1.528,3,1
10,2,27,3,N,nb26,15,-1.398,0.562,0,0
10,2,27,3,N,nb27,15,-0.657,0.538,1,1
10,2,27,3,N,nb28,15,0.135,0.639,1,1
10,2,27,3,N,nb29,15,1.1,0.061,0,0
10,2,27,3,A,aa0,15,-1.585,0.662,0,0
10,2,27,3,A,aa1,15,-1.734,-0.073,0,0
10,2,27,3,A,aa2,15,1.625,1.806,0,0
10,2,27,3,N,nb0,20,0.679,-0.47,0,0
10,2,27,3,N,nb1,20,0.278,-1.477,0,0
10,2,27,3,N,nb2,20,-1.044,-1.513,2,1
10,2,27,3,N,nb3,20,-1.848,-0.441,0,0
10,2,27,3,N,nb4,20,0.774,-1.448,2,1
10,2,27,3,N,nb5,20,-0.536,0.746,1,1
10,2,27,3,N,nb6,20,-1.031,1.467,0,0
10,2,27,3,N,nb7,20,0.119,-0.551,0,0
10,2,27,3,N,nb8,20,0.595,1.353,0,0
10,2,27,3,N,nb9,20,0.156,0.083,0,0
10,2,27,3,N,nb10,20,0.041,1.2,0,0
10,2,27,3,N,nb11,20,-0.808,-1.493,1,1
10,2,27,3,N,nb12,20,1.245,1.196,0,0
10,2,27,3,N,nb13,20,0.889,-1.29,3,1
10,2,27,3,N,nb14,20,0.885,-1.726,1,1
10,2,27,3,N,nb15,20,0.756,-1.084,1,1
10,2,27,3,N,nb16,20,0.454,0.859,1,1
10,2,27,3,N,nb17,20,1.665,-0.017,1,1
10,2,27,3,N,nb18,20,-0.414,-0.497,0,0
10,2,27,3,N,nb19,20,0.852,0.639,0,0
10,2,27,3,N,nb20,20,-0.107,-0.859,0,0
10,2,27,3,N,nb21,20,1.331,-0.254,0,0
10,2,27,3,N,nb22,20,1.473,0.069,1,1
10,2,27,3,N,nb23,20,0.312,0.717,2,1
10,2,27,3,N,nb24,20,-1.006,-1.271,1,1
10,2,27,3,N,nb25,20,0.946,-1.528,3,1
10,2,27,3,N,nb26,20,-1.465,0.607,0,0
10,2,27,3,N,nb27,20,-0.657,0.538,1,1
10,2,27,3,N,nb28,20,0.135,0.639,1,1
10,2,27,3,N,nb29,20,1.199,0.049,0,0
10,2,27,3,A,aa0,20,-1.633,0.582,0,0
10,2,27,3,A,aa1,20,-1.716,0.026,0,0
10,2,27,3,A,aa2,20,1.534,1.817,0,0
10,2,27,3,N,nb0,25,0.617,-0.392,0,0
10,2,27,3,N,nb1,25,0.376,-1.5,0,0
10,2,27,3,N,nb2,25,-1.044,-1.513,2,1
10,2,27,3,N,nb3,25,-1.865,-0.351,0,0
10,2,27,3,N,nb4,25,0.774,-1.448,2,1
10,2,27,3,N,nb5,25,-0.536,0.746,1,1
10,2,27,3,N,nb6,25,-0.933,1.448,0,0
10,2,27,3,N,nb7,25,0.022,-0.575,0,0
10,2,27,3,N,nb8,25,0.649,1.269,0,0
10,2,27,3,N,nb9,25,0.233,0.02,0,0
10,2,27,3,N,nb10,25,0.141,1.211,0,0
10,2,27,3,N,nb11,25,-0.808,-1.493,1,1
10,2,27,3,N,nb12,25,1.175,1.267,0,0
10,2,27,3,N,nb13,25,0.889,-1.29,3,1
10,2,27,3,N,nb14,25,0.885,-1.726,1,1
10,2,27,3,N,nb15,25,0.756,-1.084,1,1
10,2,27,3,N,nb16,25,0.454,0.859,1,1
10,2,27,3,N,nb17,25,1.665,-0.017,1,1
10,2,27,3,N,nb18,25,-0.346,-0.57,0,0
10,2,27,3,N,nb19,25,0.945,0.675,0,0
10,2,27,3,N,nb20,25,-0.027,-0.92,0,0
10,2,27,3,N,nb21,25,1.373,-0.166,1,1
10,2,27,3,N,nb22,25,1.473,0.069,2,1
10,2,27,3,N,nb23,25,0.312,0.717,2,1
10,2,27,3,N,nb24,25,-1.006,-1.271,1,1
10,2,27,3,N,nb25,25,0.946,-1.528,3,1
10,2,27,3,N,nb26,25,-1.53,0.669,0,0
10,2,27,3,N,nb27,25,-0.657,0.538,1,1
10,2,27,3,N,nb28,25,0.135,0.639,1,1
10,2,27,3,N,nb29,25,1.239,0.044,2,1
10,2,27,3,A,aa0,25,-1.685,0.5,0,0
10,2,27,3,A,aa1,25,-1.699,0.124,0,0
10,2,27,3,A,aa2,25,1.442,1.817,0,0
10,2,27,3,N,nb0,30,0.554,-0.314,0,0
10,2,27,3,N,nb1,30,0.473,-1.523,0,0
10,2,27,3,N,nb2,30,-1.044,-1.513,2,1
10,2,27,3,N,nb3,30,-1.865,-0.26,0,0
10,2,27,3,N,nb4,30,0.774,-1.448,2,1
10,2,27,3,N,nb5,30,-0.536,0.746,1,1
10,2,27,3,N,nb6,30,-0.834,1.429,0,0
10,2,27,3,N,nb7,30,-0.059,-0.596,1,1
10,2,27,3,N,nb8,30,0.704,1.185,0,0
10,2,27,3,N,nb9,30,0.311,-0.043,0,0
10,2,27,3,N,nb10,30,0.24,1.223,0,0
10,2,27,3,N,nb11,30,-0.808,-1.493,1,1
10,2,27,3,N,nb12,30,1.104,1.337,0,0
10,2,27,3,N,nb13,30,0.889,-1.29,3,1
10,2,27,3,N,nb14,30,0.885,-1.726,1,1
10,2,27,3,N,nb15,30,0.756,-1.084,1,1
10,2,27,3,N,nb16,30,0.454,0.859,1,1
10,2,27,3,N,nb17,30,1.665,-0.017,1,1
10,2,27,3,N,nb18,30,-0.289,-0.631,1,1
10,2,27,3,N,nb19,30,1.039,0.711,0,0
10,2,27,3,N,nb20,30,0.052,-0.98,0,0
10,2,27,3,N,nb21,30,1.374,-0.163,1,1
10,2,27,3,N,nb22,30,1.473,0.069,2,1
10,2,27,3,N,nb23,30,0.312,0.717,2,1
10,2,27,3,N,nb24,30,-1.006,-1.271,1,1
10,2,27,3,N,nb25,30,0.946,-1.528,3,1
10,2,27,3,N,nb26,30,-1.592,0.744,0,0
10,2,27,3,N,nb27,30,-0.657,0.538,1,1
10,2,27,3,N,nb28,30,0.135,0.639,1,1
10,2,27,3,N,nb29,30,1.239,0.044,2,1
10,2,27,3,A,aa0,30,-1.738,0.421,0,0
10,2,27,3,A,aa1,30,-1.682,0.22,0,0
10,2,27,3,A,aa2,30,1.35,1.807,0,0
10,2,27,3,N,nb0,35,0.515,-0.264,1,1
10,2,27,3,N,nb1,35,0.551,-1.542,1,1
10,2,27,3,N,nb2,35,-1.044,-1.513,2,1
10,2,27,3,N,nb3,35,-1.861,-0.168,0,0
10,2,27,3,N,nb4,35,0.774,-1.448,3,1
10,2,27,3,N,nb5,35,-0.536,0.746,1,1
10,2,27,3,N,nb6,35,-0.736,1.41,0,0
10,2,27,3,N,nb7,35,-0.059,-0.596,1,1
10,2,27,3,N,nb8,35,0.759,1.101,0,0
10,2,27,3,N,nb9,35,0.36,-0.083,1,1
10,2,27,3,N,nb10,35,0.339,1.234,0,0
10,2,27,3,N,nb11,35,-0.808,-1.493,1,1
10,2,27,3,N,nb12,35,1.033,1.408,0,0
10,2,27,3,N,nb13,35,0.889,-1.29,3,1
10,2,27,3,N,nb14,35,0.885,-1.726,1,1
10,2,27,3,N,nb15,35,0.756,-1.084,1,1
10,2,27,3,N,nb16,35,0.454,0.859,1,1
10,2,27,3,N,nb17,35,1.665,-0.017,1,1
10,2,27,3,N,nb18,35,-0.289,-0.631,1,1
10,2,27,3,N,nb19,35,1.132,0.747,0,0
10,2,27,3,N,nb20,35,0.132,-1.041,0,0
10,2,27,3,N,nb21,35,1.374,-0.163,1,1
10,2,27,3,N,nb22,35,1.473,0.069,2,1
10,2,27,3,N,nb23,35,0.312,0.717,2,1
10,2,27,3,N,nb24,35,-1.006,-1.271,1,1
10,2,27,3,N,nb25,35,0.946,-1.528,3,1
10,2,27,3,N,nb26,35,-1.655,0.821,0,0
10,2,27,3,N,nb27,35,-0.657,0.538,1,1
10,2,27,3,N,nb28,35,0.135,0.639,1,1
10,2,27,3,N,nb29,35,1.239,0.044,2,1
10,2,27,3,A,aa0,35,-1.8,0.371,0,0
10,2,27,3,A,aa1,35,-1.654,0.285,0,0
10,2,27,3,A,aa2,35,1.259,1.787,0,0
10,2,27,3,N,nb0,40,0.515,-0.264,1,1
10,2,27,3,N,nb1,40,0.551,-1.542,1,1
10,2,27,3,N,nb2,40,-1.044,-1.513,2,1
10,2,27,3,N,nb3,40,-1.847,-0.076,0,0
10,2,27,3,N,nb4,40,0.774,-1.448,3,1
10,2,27,3,N,nb5,40,-0.536,0.746,1,1
10,2,27,3,N,nb6,40,-0.638,1.39,0,0
10,2,27,3,N,nb7,40,-0.059,-0.596,1,1
10,2,27,3,N,nb8,40,0.814,1.018,0,0
10,2,27,3,N,nb9,40,0.36,-0.083,1,1
10,2,27,3,N,nb10,40,0.439,1.246,0,0
10,2,27,3,N,nb11,40,-0.808,-1.493,1,1
10,2,27,3,N,nb12,40,0.962,1.479,0,0
10,2,27,3,N,nb13,40,0.889,-1.29,3,1
10,2,27,3,N,nb14,40,0.885,-1.726,1,1
10,2,27,3,N,nb15,40,0.756,-1.084,1,1
10,2,27,3,N,nb16,40,0.454,0.859,1,1
10,2,27,3,N,nb17,40,1.665,-0.017,1,1
10,2,27,3,N,nb18,40,-0.289,-0.631,1,1
10,2,27,3,N,nb19,40,1.225,0.782,0,0
10,2,27,3,N,nb20,40,0.212,-1.101,0,0
10,2,27,3,N,nb21,40,1.374,-0.163,1,1
10,2,27,3,N,nb22,40,1.473,0.069,2,1
10,2,27,3,N,nb23,40,0.312,0.717,2,1
10,2,27,3,N,nb24,40,-1.006,-1.271,1,1
10,2,27,3,N,nb25,40,0.946,-1.528,3,1
10,2,27,3,N,nb26,40,-1.719,0.899,0,0
10,2,27,3,N,nb27,40,-0.657,0.538,1,1
10,2,27,3,N,nb28,40,0.135,0.639,1,1
10,2,27,3,N,nb29,40,1.239,0.044,2,1
10,2,27,3,A,aa0,40,-1.865,0.31,0,0
10,2,27,3,A,aa1,40,-1.616,0.37,0,0
10,2,27,3,A,aa2,40,1.17,1.759,0,0
10,2,27,3,N,nb0,45,0.515,-0.264,1,1
10,2,27,3,N,nb1,45,0.551,-1.542,1,1
10,2,27,3,N,nb2,45,-1.044,-1.513,2,1
10,2,27,3,N,nb3,45,-1.825,0.014,0,0
10,2,27,3,N,nb4,45,0.774,-1.448,3,1
10,2,27,3,N,nb5,45,-0.536,0.746,1,1
10,2,27,3,N,nb6,45,-0.54,1.371,0,0
10,2,27,3,N,nb7,45,-0.059,-0.596,1,1
10,2,27,3,N,nb8,45,0.868,0.934,0,0
10,2,27,3,N,nb9,45,0.36,-0.083,1,1
10,2,27,3,N,nb10,45,0.538,1.257,0,0
10,2,27,3,N,nb11,45,-0.808,-1.493,1,1
10,2,27,3,N,nb12,45,0.892,1.549,0,0
10,2,27,3,N,nb13,45,0.889,-1.29,3,1
10,2,27,3,N,nb14,45,0.885,-1.726,1,1
10,2,27,3,N,nb15,45,0.756,-1.084,1,1
10,2,27,3,N,nb16,45,0.454,0.859,1,1
10,2,27,3,N,nb17,45,1.665,-0.017,1,1
10,2,27,3,N,nb18,45,-0.289,-0.631,1,1
10,2,27,3,N,nb19,45,1.319,0.818,0,0
10,2,27,3,N,nb20,45,0.291,-1.162,0,0
10,2,27,3,N,nb21,45,1.374,-0.163,1,1
10,2,27,3,N,nb22,45,1.473,0.069,2,1
10,2,27,3,N,nb23,45,0.312,0.717,2,1
10,2,27,3,N,nb24,45,-1.006,-1.271,1,1
10,2,27,3,N,nb25,45,0.946,-1.528,3,1
10,2,27,3,N,nb26,45,-1.78,0.975,0,0
10,2,27,3,N,nb27,45,-0.657,0.538,1,1
10,2,27,3,N,nb28,45,0.135,0.639,1,1
10,2,27,3,N,nb29,45,1.239,0.044,2,1
10,2,27,3,A,aa0,45,-1.865,0.248,0,0
10,2,27,3,A,aa1,45,-1.57,0.458,0,0
10,2,27,3,A,aa2,45,1.077,1.724,0,0
10,2,27,3,N,nb0,50,0.515,-0.264,1,1
10,2,27,3,N,nb1,50,0.551,-1.542,1,1
10,2,27,3,N,nb2,50,-1.044,-1.513,2,1
10,2,27,3,N,nb3,50,-1.796,0.075,0,0
10,2,27,3,N,nb4,50,0.774,-1.448,3,1
10,2,27,3,N,nb5,50,-0.536,0.746,1,1
10,2,27,3,N,nb6,50,-0.442,1.352,0,0
10,2,27,3,N,nb7,50,-0.059,-0.596,1,1
10,2,27,3,N,nb8,50,0.923,0.85,0,0
10,2,27,3,N,nb9,50,0.36,-0.083,1,1
10,2,27,3,N,nb10,50,0.637,1.269,0,0
10,2,27,3,N,nb11,50,-0.808,-1.493,1,1
10,2,27,3,N,nb12,50,0.823,1.613,0,0
10,2,27,3,N,nb13,50,0.889,-1.29,3,1
10,2,27,3,N,nb14,50,0.885,-1.726,1,1
10,2,27,3,N,nb15,50,0.756,-1.084,1,1
10,2,27,3,N,nb16,50,0.454,0.859,1,1
10,2,27,3,N,nb17,50,1.665,-0.017,1,1
10,2,27,3,N,nb18,50,-0.289,-0.631,1,1
10,2,27,3,N,nb19,50,1.412,0.854,0,0
10,2,27,3,N,nb20,50,0.371,-1.222,0,0
10,2,27,3,N,nb21,50,1.374,-0.163,1,1
10,2,27,3,N,nb22,50,1.473,0.069,2,1
10,2,27,3,N,nb23,50,0.312,0.717,2,1
10,2,27,3,N,nb24,50,-1.006,-1.271,1,1
10,2,27,3,N,nb25,50,0.946,-1.528,3,1
10,2,27,3,N,nb26,50,-1.83,1.049,0,0
10,2,27,3,N,nb27,50,-0.657,0.538,1,1
10,2,27,3,N,nb28,50,0.135,0.639,1,1
10,2,27,3,N,nb29,50,1.239,0.044,2,1
10,2,27,3,A,aa0,50,-1.865,0.228,0,0
10,2,27,3,A,aa1,50,-1.524,0.547,0,0
10,2,27,3,A,aa2,50,0.994,1.699,0,0
10,2,27,3,N,nb0,55,0.515,-0.264,1,1
10,2,27,3,N,nb1,55,0.551,-1.542,1,1
10,2,27,3,N,nb2,55,-1.044,-1.513,2,1
10,2,27,3,N,nb3,55,-1.752,0.141,0,0
10,2,27,3,N,nb4,55,0.774,-1.448,3,1
10,2,27,3,N,nb5,55,-0.536,0.746,1,1
10,2,27,3,N,nb6,55,-0.344,1.333,0,0
10,2,27,3,N,nb7,55,-0.059,-0.596,1,1
10,2,27,3,N,nb8,55,0.978,0.767,0,0
10,2,27,3,N,nb9,55,0.36,-0.083,1,1
10,2,27,3,N,nb10,55,0.737,1.28,0,0
10,2,27,3,N,nb11,55,-0.808,-1.493,1,1
10,2,27,3,N,nb12,55,0.744,1.668,0,0
10,2,27,3,N,nb13,55,0.889,-1.29,3,1
10,2,27,3,N,nb14,55,0.885,-1.726,1,1
10,2,27,3,N,nb15,55,0.756,-1.084,1,1
10,2,27,3,N,nb16,55,0.454,0.859,1,1
10,2,27,3,N,nb17,55,1.665,-0.017,1,1
10,2,27,3,N,nb18,55,-0.289,-0.631,1,1
10,2,27,3,N,nb19,55,1.506,0.89,0,0
10,2,27,3,N,nb20,55,0.451,-1.282,0,0
10,2,27,3,N,nb21,55,1.374,-0.163,1,0
10,2,27,3,N,nb22,55,1.473,0.069,2,1
10,2,27,3,N,nb23,55,0.312,0.717,2,1
10,2,27,3,N,nb24,55,-1.006,-1.271,1,1
10,2,27,3,N,nb25,55,0.946,-1.528,3,1
10,2,27,3,N,nb26,55,-1.865,1.129,0,0
10,2,27,3,N,nb27,55,-0.657,0.538,1,1
10,2,27,3,N,nb28,55,0.135,0.639,1,1
10,2,27,3,N,nb29,55,1.239,0.044,2,1
10,2,27,3,A,aa0,55,-1.865,0.265,0,0
10,2,27,3,A,aa1,55,-1.477,0.635,0,0
10,2,27,3,A,aa2,55,0.912,1.694,0,0
10,2,27,3,N,nb0,60,0.515,-0.264,1,1
10,2,27,3,N,nb1,60,0.551,-1.542,2,1
10,2,27,3,N,nb2,60,-1.044,-1.513,2,1
10,2,27,3,N,nb3,60,-1.696,0.212,0,0
10,2,27,3,N,nb4,60,0.774,-1.448,3,1
10,2,27,3,N,nb5,60,-0.536,0.746,1,1
10,2,27,3,N,nb6,60,-0.245,1.314,0,0
10,2,27,3,N,nb7,60,-0.059,-0.596,1,1
10,2,27,3,N,nb8,60,1.032,0.683,0,0
10,2,27,3,N,nb9,60,0.36,-0.083,1,1
10,2,27,3,N,nb10,60,0.836,1.292,0,0
10,2,27,3,N,nb11,60,-0.808,-1.493,1,1
10,2,27,3,N,nb12,60,0.66,1.72,0,0
10,2,27,3,N,nb13,60,0.889,-1.29,3,1
10,2,27,3,N,nb14,60,0.885,-1.726,1,1
10,2,27,3,N,nb15,60,0.756,-1.084,1,1
10,2,27,3,N,nb16,60,0.454,0.859,1,1
10,2,27,3,N,nb17,60,1.665,-0.017,1,1
10,2,27,3,N,nb18,60,-0.289,-0.631,1,1
10,2,27,3,N,nb19,60,1.599,0.926,0,0
10,2,27,3,N,nb20,60,0.483,-1.307,1,1
10,2,27,3,N,nb21,60,1.374,-0.163,1,1
10,2,27,3,N,nb22,60,1.473,0.069,2,1
10,2,27,3,N,nb23,60,0.312,0.717,2,1
10,2,27,3,N,nb24,60,-1.006,-1.271,1,1
10,2,27,3,N,nb25,60,0.946,-1.528,3,1
10,2,27,3,N,nb26,60,-1.865,1.214,0,0
10,2,27,3,N,nb27,60,-0.657,0.538,1,1
10,2,27,3,N,nb28,60,0.135,0.639,1,1
10,2,27,3,N,nb29,60,1.239,0.044,2,1
10,2,27,3,A,aa0,60,-1.865,0.241,0,0
10,2,27,3,A,aa1,60,-1.431,0.724,0,0
10,2,27,3,A,aa2,60,0.83,1.705,0,0
10,2,27,3,N,nb0,65,0.515,-0.264,1,1
10,2,27,3,N,nb1,65,0.551,-1.542,2,1
10,2,27,3,N,nb2,65,-1.044,-1.513,2,0
10,2,27,3,N,nb3,65,-1.633,0.285,0,0
10,2,27,3,N,nb4,65,0.774,-1.448,3,1
10,2,27,3,N,nb5,65,-0.536,0.746,1,1
10,2,27,3,N,nb6,65,-0.147,1.295,0,0
10,2,27,3,N,nb7,65,-0.059,-0.596,1,1
10,2,27,3,N,nb8,65,1.087,0.599,0,0
10,2,27,3,N,nb9,65,0.36,-0.083,1,1
10,2,27,3,N,nb10,65,0.935,1.303,0,0
10,2,27,3,N,nb11,65,-0.808,-1.493,1,1
10,2,27,3,N,nb12,65,0.577,1.771,0,0
10,2,27,3,N,nb13,65,0.889,-1.29,3,1
10,2,27,3,N,nb14,65,0.885,-1.726,1,1
10,2,27,3,N,nb15,65,0.756,-1.084,1,1
10,2,27,3,N,nb16,65,0.454,0.859,1,1
10,2,27,3,N,nb17,65,1.665,-0.017,1,1
10,2,27,3,N,nb18,65,-0.289,-0.631,1,1
10,2,27,3,N,nb19,65,1.692,0.961,0,0
10,2,27,3,N,nb20,65,0.483,-1.307,1,1
10,2,27,3,N,nb21,65,1.374,-0.163,1,1
10,2,27,3,N,nb22,65,1.473,0.069,2,1
10,2,27,3,N,nb23,65,0.312,0.717,2,1
10,2,27,3,N,nb24,65,-1.006,-1.271,1,0
10,2,27,3,N,nb25,65,0.946,-1.528,3,1
10,2,27,3,N,nb26,65,-1.865,1.302,0,0
10,2,27,3,N,nb27,65,-0.657,0.538,1,1
10,2,27,3,N,nb28,65,0.135,0.639,1,1
10,2,27,3,N,nb29,65,1.239,0.044,2,1
10,2,27,3,A,aa0,65,-1.865,0.15,0,0
10,2,27,3,A,aa1,65,-1.429,0.726,0,0
10,2,27,3,A,aa2,65,0.749,1.732,0,0
10,2,27,3,N,nb0,70,0.515,-0.264,1,1
10,2,27,3,N,nb1,70,0.551,-1.542,2,1
10,2,27,3,N,nb2,70,-1.044,-1.513,2,1
10,2,27,3,N,nb3,70,-1.565,0.358,0,0
10,2,27,3,N,nb4,70,0.774,-1.448,3,1
10,2,27,3,N,nb5,70,-0.536,0.746,1,1
10,2,27,3,N,nb6,70,-0.049,1.276,0,0
10,2,27,3,N,nb7,70,-0.059,-0.596,1,1
10,2,27,3,N,nb8,70,1.142,0.515,0,0
10,2,27,3,N,nb9,70,0.36,-0.083,1,1
10,2,27,3,N,nb10,70,1.035,1.315,0,0
10,2,27,3,N,nb11,70,-0.808,-1.493,1,1
10,2,27,3,N,nb12,70,0.493,1.82,0,0
10,2,27,3,N,nb13,70,0.889,-1.29,3,1
10,2,27,3,N,nb14,70,0.885,-1.726,1,1
10,2,27,3,N,nb15,70,0.756,-1.084,1,1
10,2,27,3,N,nb16,70,0.454,0.859,1,1
10,2,27,3,N,nb17,70,1.665,-0.017,1,1
10,2,27,3,N,nb18,70,-0.289,-0.631,1,1
10,2,27,3,N,nb19,70,1.783,0.996,0,0
10,2,27,3,N,nb20,70,0.483,-1.307,1,1
10,2,27,3,N,nb21,70,1.374,-0.163,1,1
10,2,27,3,N,nb22,70,1.473,0.069,2,1
10,2,27,3,N,nb23,70,0.312,0.717,2,1
10,2,27,3,N,nb24,70,-1.006,-1.271,1,1
10,2,27,3,N,nb25,70,0.946,-1.528,3,1
10,2,27,3,N,nb26,70,-1.865,1.394,0,0
10,2,27,3,N,nb27,70,-0.657,0.538,1,1
10,2,27,3,N,nb28,70,0.135,0.639,1,1
10,2,27,3,N,nb29,70,1.239,0.044,2,1
10,2,27,3,A,aa0,70,-1.86,0.058,0,0
10,2,27,3,A,aa1,70,-1.451,0.756,0,0
10,2,27,3,A,aa2,70,0.676,1.776,0,0
10,2,27,3,N,nb0,75,0.515,-0.264,1,1
10,2,27,3,N,nb1,75,0.551,-1.542,2,1
10,2,27,3,N,nb2,75,-1.044,-1.513,2,1
10,2,27,3,N,nb3,75,-1.497,0.432,0,0
10,2,27,3,N,nb4,75,0.774,-1.448,3,1
10,2,27,3,N,nb5,75,-0.536,0.746,1,1
10,2,27,3,N,nb6,75,0.049,1.257,0,0
10,2,27,3,N,nb7,75,-0.059,-0.596,1,1
10,2,27,3,N,nb8,75,1.196,0.432,0,0
10,2,27,3,N,nb9,75,0.36,-0.083,1,1
10,2,27,3,N,nb10,75,1.134,1.326,0,0
10,2,27,3,N,nb11,75,-0.808,-1.493,1,1
10,2,27,3,N,nb12,75,0.41,1.863,0,0
10,2,27,3,N,nb13,75,0.889,-1.29,3,1
10,2,27,3,N,nb14,75,0.885,-1.726,1,1
10,2,27,3,N,nb15,75,0.756,-1.084,1,1
10,2,27,3,N,nb16,75,0.454,0.859,1,1
10,2,27,3,N,nb17,75,1.665,-0.017,1,1
10,2,27,3,N,nb18,75,-0.289,-0.631,1,1
10,2,27,3,N,nb19,75,1.86,1.036,0,0
10,2,27,3,N,nb20,75,0.483,-1.307,1,1
10,2,27,3,N,nb21,75,1.374,-0.163,1,1
10,2,27,3,N,nb22,75,1.473,0.069,2,1
10,2,27,3,N,nb23,75,0.312,0.717,2,1
10,2,27,3,N,nb24,75,-1.006,-1.271,1,1
10,2,27,3,N,nb25,75,0.946,-1.528,3,1
10,2,27,3,N,nb26,75,-1.86,1.486,0,0
10,2,27,3,N,nb27,75,-0.657,0.538,1,1
10,2,27,3,N,nb28,75,0.135,0.639,1,1
10,2,27,3,N,nb29,75,1.239,0.044,2,1
10,2,27,3,A,aa0,75,-1.845,-0.034,0,0
10,2,27,3,A,aa1,75,-1.512,0.835,0,0
10,2,27,3,A,aa2,75,0.612,1.832,0,0
10,2,27,3,N,nb0,80,0.515,-0.264,1,1
10,2,27,3,N,nb1,80,0.551,-1.542,2,1
10,2,27,3,N,nb2,80,-1.044,-1.513,2,1
10,2,27,3,N,nb3,80,-1.429,0.505,0,0
10,2,27,3,N,nb4,80,0.774,-1.448,3,1
10,2,27,3,N,nb5,80,-0.536,0.746,1,1
10,2,27,3,N,nb6,80,0.147,1.238,0,0
10,2,27,3,N,nb7,80,-0.059,-0.596,1,1
10,2,27,3,N,nb8,80,1.251,0.348,0,0
10,2,27,3,N,nb9,80,0.36,-0.083,1,1
10,2,27,3,N,nb10,80,1.233,1.338,0,0
10,2,27,3,N,nb11,80,-0.808,-1.493,1,1
10,2,27,3,N,nb12,80,0.327,1.865,0,0
10,2,27,3,N,nb13,80,0.889,-1.29,3,1
10,2,27,3,N,nb14,80,0.885,-1.726,1,1
10,2,27,3,N,nb15,80,0.756,-1.084,1,1
10,2,27,3,N,nb16,80,0.454,0.859,1,1
10,2,27,3,N,nb17,80,1.665,-0.017,1,1
10,2,27,3,N,nb18,80,-0.289,-0.631,1,1
10,2,27,3,N,nb19,80,1.866,1.085,0,0
10,2,27,3,N,nb20,80,0.483,-1.307,1,1
10,2,27,3,N,nb21,80,1.374,-0.163,1,1
10,2,27,3,N,nb22,80,1.473,0.069,2,1
10,2,27,3,N,nb23,80,0.312,0.717,2,1
10,2,27,3,N,nb24,80,-1.006,-1.271,1,1
10,2,27,3,N,nb25,80,0.946,-1.528,3,1
10,2,27,3,N,nb26,80,-1.845,1.578,0,0
10,2,27,3,N,nb27,80,-0.657,0.538,1,1
10,2,27,3,N,nb28,80,0.135,0.639,1,1
10,2,27,3,N,nb29,80,1.239,0.044,2,1
10,2,27,3,A,aa0,80,-1.821,-0.124,0,0
10,2,27,3,A,aa1,80,-1.573,0.914,0,0
10,2,27,3,A,aa2,80,0.543,1.865,0,0
10,2,27,3,N,nb0,85,0.515,-0.264,1,1
10,2,27,3,N,nb1,85,0.551,-1.542,2,1
10,2,27,3,N,nb2,85,-1.044,-1.513,2,1
10,2,27,3,N,nb3,85,-1.361,0.578,0,0
10,2,27,3,N,nb4,85,0.774,-1.448,3,1
10,2,27,3,N,nb5,85,-0.536,0.746,1,1
10,2,27,3,N,nb6,85,0.245,1.219,0,0
10,2,27,3,N,nb7,85,-0.059,-0.596,1,1
10,2,27,3,N,nb8,85,1.295,0.281,1,1
10,2,27,3,N,nb9,85,0.36,-0.083,1,1
10,2,27,3,N,nb10,85,1.333,1.349,0,0
10,2,27,3,N,nb11,85,-0.808,-1.493,1,1
10,2,27,3,N,nb12,85,0.24,1.865,0,0
10,2,27,3,N,nb13,85,0.889,-1.29,3,1
10,2,27,3,N,nb14,85,0.885,-1.726,1,1
10,2,27,3,N,nb15,85,0.756,-1.084,1,1
10,2,27,3,N,nb16,85,0.454,0.859,1,1
10,2,27,3,N,nb17,85,1.665,-0.017,1,1
10,2,27,3,N,nb18,85,-0.289,-0.631,1,1
10,2,27,3,N,nb19,85,1.866,1.146,0,0
10,2,27,3,N,nb20,85,0.483,-1.307,1,1
10,2,27,3,N,nb21,85,1.374,-0.163,1,1
10,2,27,3,N,nb22,85,1.473,0.069,2,1
10,2,27,3,N,nb23,85,0.312,0.717,2,1
10,2,27,3,N,nb24,85,-1.006,-1.271,1,1
10,2,27,3,N,nb25,85,0.946,-1.528,3,1
10,2,27,3,N,nb26,85,-1.82,1.668,0,0
10,2,27,3,N,nb27,85,-0.657,0.538,1,1
10,2,27,3,N,nb28,85,0.135,0.639,1,1
10,2,27,3,N,nb29,85,1.239,0.044,3,1
10,2,27,3,A,aa0,85,-1.788,-0.212,0,0
10,2,27,3,A,aa1,85,-1.635,0.993,0,0
10,2,27,3,A,aa2,85,0.496,1.865,0,0
10,2,27,3,N,nb0,90,0.515,-0.264,1,1
10,2,27,3,N,nb1,90,0.551,-1.542,2,1
10,2,27,3,N,nb2,90,-1.044,-1.513,2,1
10,2,27,3,N,nb3,90,-1.293,0.652,0,0
10,2,27,3,N,nb4,90,0.774,-1.448,3,1
10,2,27,3,N,nb5,90,-0.536,0.746,1,1
10,2,27,3,N,nb6,90,0.344,1.2,0,0
10,2,27,3,N,nb7,90,-0.059,-0.596,1,0
10,2,27,3,N,nb8,90,1.295,0.281,1,1
10,2,27,3,N,nb9,90,0.36,-0.083,1,1
10,2,27,3,N,nb10,90,1.432,1.361,0,0
10,2,27,3,N,nb11,90,-0.808,-1.493,1,1
10,2,27,3,N,nb12,90,0.149,1.865,0,0
10,2,27,3,N,nb13,90,0.889,-1.29,3,1
10,2,27,3,N,nb14,90,0.885,-1.726,1,1
10,2,27,3,N,nb15,90,0.756,-1.084,1,1
10,2,27,3,N,nb16,90,0.454,0.859,1,1
10,2,27,3,N,nb17,90,1.665,-0.017,1,1
10,2,27,3,N,nb18,90,-0.289,-0.631,1,0
10,2,27,3,N,nb19,90,1.866,1.217,0,0
10,2,27,3,N,nb20,90,0.483,-1.307,1,1
10,2,27,3,N,nb21,90,1.374,-0.163,1,1
10,2,27,3,N,nb22,90,1.473,0.069,2,1
10,2,27,3,N,nb23,90,0.312,0.717,2,1
10,2,27,3,N,nb24,90,-1.006,-1.271,1,1
10,2,27,3,N,nb25,90,0.946,-1.528,3,1
10,2,27,3,N,nb26,90,-1.788,1.756,0,0
10,2,27,3,N,nb27,90,-0.657,0.538,1,1
10,2,27,3,N,nb28,90,0.135,0.639,1,1
10,2,27,3,N,nb29,90,1.239,0.044,3,1
10,2,27,3,A,aa0,90,-1.747,-0.3,0,0
10,2,27,3,A,aa1,90,-1.696,1.072,0,0
10,2,27,3,A,aa2,90,0.463,1.856,0,0
10,2,27,3,N,nb0,95,0.515,-0.264,1,1
10,2,27,3,N,nb1,95,0.551,-1.542,2,0
10,2,27,3,N,nb2,95,-1.044,-1.513,2,1
10,2,27,3,N,nb3,95,-1.226,0.725,0,0
10,2,27,3,N,nb4,95,0.774,-1.448,3,1
10,2,27,3,N,nb5,95,-0.536,0.746,1,1
10,2,27,3,N,nb6,95,0.442,1.181,0,0
10,2,27,3,N,nb7,95,-0.059,-0.596,1,1
10,2,27,3,N,nb8,95,1.295,0.281,1,1
10,2,27,3,N,nb9,95,0.36,-0.083,1,1
10,2,27,3,N,nb10,95,1.531,1.372,0,0
10,2,27,3,N,nb11,95,-0.808,-1.493,1,1
10,2,27,3,N,nb12,95,0.057,1.864,0,0
10,2,27,3,N,nb13,95,0.889,-1.29,3,1
10,2,27,3,N,nb14,95,0.885,-1.726,1,1
10,2,27,3,N,nb15,95,0.756,-1.084,1,1
10,2,27,3,N,nb16,95,0.454,0.859,1,1
10,2,27,3,N,nb17,95,1.665,-0.017,1,1
10,2,27,3,N,nb18,95,-0.289,-0.631,1,1
10,2,27,3,N,nb19,95,1.866,1.296,0,0
10,2,27,3,N,nb20,95,0.483,-1.307,1,1
10,2,27,3,N,nb21,95,1.374,-0.163,1,1
10,2,27,3,N,nb22,95,1.473,0.069,2,1
10,2,27,3,N,nb23,95,0.312,0.717,2,1
10,2,27,3,N,nb24,95,-1.006,-1.271,1,1
10,2,27,3,N,nb25,95,0.946,-1.528,3,1
10,2,27,3,N,nb26,95,-1.749,1.836,0,0
10,2,27,3,N,nb27,95,-0.657,0.538,1,1
10,2,27,3,N,nb28,95,0.135,0.639,1,1
10,2,27,3,N,nb29,95,1.239,0.044,3,1
10,2,27,3,A,aa0,95,-1.703,-0.389,0,0
10,2,27,3,A,aa1,95,-1.757,1.151,0,0
10,2,27,3,A,aa2,95,0.375,1.824,0,0
10,2,27,3,N,nb0,100,0.515,-0.264,1,1
10,2,27,3,N,nb1,100,0.551,-1.542,2,1
10,2,27,3,N,nb2,100,-1.044,-1.513,2,1
10,2,27,3,N,nb3,100,-1.158,0.799,0,0
10,2,27,3,N,nb4,100,0.774,-1.448,3,1
10,2,27,3,N,nb5,100,-0.536,0.746,1,1
10,2,27,3,N,nb6,100,0.54,1.162,0,0
10,2,27,3,N,nb7,100,-0.059,-0.596,1,1
10,2,27,3,N,nb8,100,1.295,0.281,1,1
10,2,27,3,N,nb9,100,0.36,-0.083,1,1
10,2,27,3,N,nb10,100,1.628,1.383,1,1
10,2,27,3,N,nb11,100,-0.808,-1.493,1,1
10,2,27,3,N,nb12,100,-0.035,1.854,0,0
10,2,27,3,N,nb13,100,0.889,-1.29,3,1
10,2,27,3,N,nb14,100,0.885,-1.726,1,1
10,2,27,3,N,nb15,100,0.756,-1.084,1,0
10,2,27,3,N,nb16,100,0.454,0.859,1,1
10,2,27,3,N,nb17,100,1.665,-0.017,1,1
10,2,27,3,N,nb18,100,-0.289,-0.631,1,1
10,2,27,3,N,nb19,100,1.866,1.381,1,1
10,2,27,3,N,nb20,100,0.483,-1.307,1,1
10,2,27,3,N,nb21,100,1.374,-0.163,1,1
10,2,27,3,N,nb22,100,1.473,0.069,2,1
10,2,27,3,N,nb23,100,0.312,0.717,2,1
10,2,27,3,N,nb24,100,-1.006,-1.271,1,1
10,2,27,3,N,nb25,100,0.946,-1.528,3,1
10,2,27,3,N,nb26,100,-1.701,1.866,0,0
10,2,27,3,N,nb27,100,-0.657,0.538,1,1
10,2,27,3,N,nb28,100,0.135,0.639,1,1
10,2,27,3,N,nb29,100,1.239,0.044,3,1
10,2,27,3,A,aa0,100,-1.659,-0.479,0,0
10,2,27,3,A,aa1,100,-1.81,1.226,0,0
10,2,27,3,A,aa2,100,0.289,1.785,0,0
10,2,27,3,N,nb0,105,0.515,-0.264,1,1
10,2,27,3,N,nb1,105,0.551,-1.542,2,1
10,2,27,3,N,nb2,105,-1.044,-1.513,2,1
10,2,27,3,N,nb3,105,-1.09,0.872,0,0
10,2,27,3,N,nb4,105,0.774,-1.448,3,1
10,2,27,3,N,nb5,105,-0.536,0.746,1,1
10,2,27,3,N,nb6,105,0.638,1.143,0,0
10,2,27,3,N,nb7,105,-0.059,-0.596,1,1
10,2,27,3,N,nb8,105,1.295,0.281,1,1
10,2,27,3,N,nb9,105,0.36,-0.083,1,1
10,2,27,3,N,nb10,105,1.631,1.384,1,1
10,2,27,3,N,nb11,105,-0.808,-1.493,1,1
10,2,27,3,N,nb12,105,-0.126,1.834,0,0
10,2,27,3,N,nb13,105,0.889,-1.29,3,1
10,2,27,3,N,nb14,105,0.885,-1.726,1,1
10,2,27,3,N,nb15,105,0.756,-1.084,1,1
10,2,27,3,N,nb16,105,0.454,0.859,1,1
10,2,27,3,N,nb17,105,1.665,-0.017,1,1
10,2,27,3,N,nb18,105,-0.289,-0.631,1,1
10,2,27,3,N,nb19,105,1.866,1.383,1,1
10,2,27,3,N,nb20,105,0.483,-1.307,1,1
10,2,27,3,N,nb21,105,1.374,-0.163,1,1
10,2,27,3,N,nb22,105,1.473,0.069,2,1
10,2,27,3,N,nb23,105,0.312,0.717,2,1
10,2,27,3,N,nb24,105,-1.006,-1.271,1,1
10,2,27,3,N,nb25,105,0.946,-1.528,3,1
10,2,27,3,N,nb26,105,-1.642,1.866,0,0
10,2,27,3,N,nb27,105,-0.657,0.538,1,1
10,2,27,3,N,nb28,105,0.135,0.639,1,1
10,2,27,3,N,nb29,105,1.239,0.044,3,1
10,2,27,3,A,aa0,105,-1.615,-0.569,0,0
10,2,27,3,A,aa1,105,-1.812,1.228,0,0
10,2,27,3,A,aa2,105,0.204,1.738,0,0
10,2,27,3,N,nb0,110,0.515,-0.264,1,1
10,2,27,3,N,nb1,110,0.551,-1.542,2,1
10,2,27,3,N,nb2,110,-1.044,-1.513,2,1
10,2,27,3,N,nb3,110,-1.022,0.946,0,0
10,2,27,3,N,nb4,110,0.774,-1.448,3,1
10,2,27,3,N,nb5,110,-0.536,0.746,1,1
10,2,27,3,N,nb6,110,0.736,1.123,0,0
10,2,27,3,N,nb7,110,-0.059,-0.596,1,1
10,2,27,3,N,nb8,110,1.295,0.281,1,1
10,2,27,3,N,nb9,110,0.36,-0.083,1,1
10,2,27,3,N,nb10,110,1.631,1.384,1,1
10,2,27,3,N,nb11,110,-0.808,-1.493,1,1
10,2,27,3,N,nb12,110,-0.215,1.806,0,0
10,2,27,3,N,nb13,110,0.889,-1.29,3,1
10,2,27,3,N,nb14,110,0.885,-1.726,1,1
10,2,27,3,N,nb15,110,0.756,-1.084,1,1
10,2,27,3,N,nb16,110,0.454,0.859,1,1
10,2,27,3,N,nb17,110,1.665,-0.017,1,1
10,2,27,3,N,nb18,110,-0.289,-0.631,1,1
10,2,27,3,N,nb19,110,1.866,1.383,1,1
10,2,27,3,N,nb20,110,0.483,-1.307,1,1
10,2,27,3,N,nb21,110,1.374,-0.163,1,1
10,2,27,3,N,nb22,110,1.473,0.069,2,1
10,2,27,3,N,nb23,110,0.312,0.717,2,1
10,2,27,3,N,nb24,110,-1.006,-1.271,1,1
10,2,27,3,N,nb25,110,0.946,-1.528,3,1
10,2,27,3,N,nb26,110,-1.573,1.866,0,0
10,2,27,3,N,nb27,110,-0.657,0.538,1,1
10,2,27,3,N,nb28,110,0.135,0.639,1,1
10,2,27,3,N,nb29,110,1.239,0.044,3,1
10,2,27,3,A,aa0,110,-1.571,-0.659,0,0
10,2,27,3,A,aa1,110,-1.86,1.232,0,0
10,2,27,3,A,aa2,110,0.118,1.688,0,0
10,2,27,3,N,nb0,115,0.515,-0.264,1,1
10,2,27,3,N,nb1,115,0.551,-1.542,2,1
10,2,27,3,N,nb2,115,-1.044,-1.513,2,1
10,2,27,3,N,nb3,115,-0.954,1.019,0,0
10,2,27,3,N,nb4,115,0.774,-1.448,3,1
10,2,27,3,N,nb5,115,-0.536,0.746,1,1
10,2,27,3,N,nb6,115,0.834,1.104,0,0
10,2,27,3,N,nb7,115,-0.059,-0.596,1,1
10,2,27,3,N,nb8,115,1.295,0.281,1,1
10,2,27,3,N,nb9,115,0.36,-0.083,1,1
10,2,27,3,N,nb10,115,1.631,1.384,1,1
10,2,27,3,N,nb11,115,-0.808,-1.493,1,1
10,2,27,3,N,nb12,115,-0.302,1.77,0,0
10,2,27,3,N,nb13,115,0.889,-1.29,3,1
10,2,27,3,N,nb14,115,0.885,-1.726,1,1
10,2,27,3,N,nb15,115,0.756,-1.084,1,1
10,2,27,3,N,nb16,115,0.454,0.859,1,1
10,2,27,3,N,nb17,115,1.665,-0.017,1,1
10,2,27,3,N,nb18,115,-0.289,-0.631,1,1
10,2,27,3,N,nb19,115,1.866,1.383,1,1
10,2,27,3,N,nb20,115,0.483,-1.307,1,1
10,2,27,3,N,nb21,115,1.374,-0.163,1,1
10,2,27,3,N,nb22,115,1.473,0.069,2,1
10,2,27,3,N,nb23,115,0.312,0.717,2,1
10,2,27,3,N,nb24,115,-1.006,-1.271,1,1
10,2,27,3,N,nb25,115,0.946,-1.528,3,1
10,2,27,3,N,nb26,115,-1.495,1.866,0,0
10,2,27,3,N,nb27,115,-0.657,0.538,1,1
10,2,27,3,N,nb28,115,0.135,0.639,1,1
10,2,27,3,N,nb29,115,1.239,0.044,3,1
10,2,27,3,A,aa0,115,-1.527,-0.748,0,0
10,2,27,3,A,aa1,115,-1.865,1.246,0,0
10,2,27,3,A,aa2,115,0.032,1.637,0,0
10,2,27,3,N,nb0,120,0.515,-0.264,1,1
10,2,27,3,N,nb1,120,0.551,-1.542,2,1
10,2,27,3,N,nb2,120,-1.044,-1.513,2,1
10,2,27,3,N,nb3,120,-0.886,1.093,0,0
10,2,27,3,N,nb4,120,0.774,-1.448,3,1
10,2,27,3,N,nb5,120,-0.536,0.746,1,1
10,2,27,3,N,nb6,120,0.933,1.085,0,0
10,2,27,3,N,nb7,120,-0.059,-0.596,1,1
10,2,27,3,N,nb8,120,1.295,0.281,1,1
10,2,27,3,N,nb9,120,0.36,-0.083,1,1
10,2,27,3,N,nb10,120,1.631,1.384,1,1
10,2,27,3,N,nb11,120,-0.808,-1.493,1,1
10,2,27,3,N,nb12,120,-0.391,1.726,0,0
10,2,27,3,N,nb13,120,0.889,-1.29,3,1
10,2,27,3,N,nb14,120,0.885,-1.726,1,1
10,2,27,3,N,nb15,120,0.756,-1.084,1,1
10,2,27,3,N,nb16,120,0.454,0.859,1,1
10,2,27,3,N,nb17,120,1.665,-0.017,1,1
10,2,27,3,N,nb18,120,-0.289,-0.631,1,1
10,2,27,3,N,nb19,120,1.866,1.383,1,1
10,2,27,3,N,nb20,120,0.483,-1.307,1,1
10,2,27,3,N,nb21,120,1.374,-0.163,1,1
10,2,27,3,N,nb22,120,1.473,0.069,2,1
10,2,27,3,N,nb23,120,0.312,0.717,2,1
10,2,27,3,N,nb24,120,-1.006,-1.271,1,1
10,2,27,3,N,nb25,120,0.946,-1.528,3,1
10,2,27,3,N,nb26,120,-1.411,1.866,0,0
10,2,27,3,N,nb27,120,-0.657,0.538,1,1
10,2,27,3,N,nb28,120,0.135,0.639,1,1
10,2,27,3,N,nb29,120,1.239,0.044,3,1
10,2,27,3,A,aa0,120,-1.483,-0.838,0,0
10,2,27,3,A,aa1,120,-1.865,1.278,0,0
10,2,27,3,A,aa2,120,-0.055,1.587,0,0
10,2,27,3,N,nb0,125,0.515,-0.264,1,0
10,2,27,3,N,nb1,125,0.551,-1.542,2,1
10,2,27,3,N,nb2,125,-1.044,-1.513,2,1
10,2,27,3,N,nb3,125,-0.819,1.166,0,0
10,2,27,3,N,nb4,125,0.774,-1.448,3,1
10,2,27,3,N,nb5,125,-0.536,0.746,1,1
10,2,27,3,N,nb6,125,1.031,1.066,0,0
10,2,27,3,N,nb7,125,-0.059,-0.596,1,1
10,2,27,3,N,nb8,125,1.295,0.281,1,1
10,2,27,3,N,nb9,125,0.36,-0.083,1,0
10,2,27,3,N,nb10,125,1.631,1.384,1,1
10,2,27,3,N,nb11,125,-0.808,-1.493,1,1
10,2,27,3,N,nb12,125,-0.48,1.681,0,0
10,2,27,3,N,nb13,125,0.889,-1.29,3,1
10,2,27,3,N,nb14,125,0.885,-1.726,1,1
10,2,27,3,N,nb15,125,0.756,-1.084,1,1
10,2,27,3,N,nb16,125,0.454,0.859,1,1
10,2,27,3,N,nb17,125,1.665,-0.017,1,1
10,2,27,3,N,nb18,125,-0.289,-0.631,1,1
10,2,27,3,N,nb19,125,1.866,1.383,1,1
10,2,27,3,N,nb20,125,0.483,-1.307,1,1
10,2,27,3,N,nb21,125,1.374,-0.163,1,1
10,2,27,3,N,nb22,125,1.473,0.069,2,1
10,2,27,3,N,nb23,125,0.312,0.717,2,1
10,2,27,3,N,nb24,125,-1.006,-1.271,1,1
10,2,27,3,N,nb25,125,0.946,-1.528,3,1
10,2,27,3,N,nb26,125,-1.323,1.866,0,0
10,2,27,3,N,nb27,125,-0.657,0.538,1,1
10,2,27,3,N,nb28,125,0.135,0.639,1,1
10,2,27,3,N,nb29,125,1.239,0.044,3,1
10,2,27,3,A,aa0,125,-1.439,-0.928,1,0
10,2,27,3,A,aa1,125,-1.865,1.324,0,0
10,2,27,3,A,aa2,125,-0.141,1.537,0,0
10,2,27,3,N,nb0,130,0.515,-0.264,1,1
10,2,27,3,N,nb1,130,0.551,-1.542,2,1
10,2,27,3,N,nb2,130,-1.044,-1.513,2,1
10,2,27,3,N,nb3,130,-0.751,1.24,0,0
10,2,27,3,N,nb4,130,0.774,-1.448,3,1
10,2,27,3,N,nb5,130,-0.536,0.746,1,1
10,2,27,3,N,nb6,130,1.129,1.047,0,0
10,2,27,3,N,nb7,130,-0.059,-0.596,1,1
10,2,27,3,N,nb8,130,1.295,0.281,1,1
10,2,27,3,N,nb9,130,0.36,-0.083,1,1
10,2,27,3,N,nb10,130,1.631,1.384,1,0
10,2,27,3,N,nb11,130,-0.808,-1.493,1,1
10,2,27,3,N,nb12,130,-0.569,1.636,0,0
10,2,27,3,N,nb13,130,0.889,-1.29,3,1
10,2,27,3,N,nb14,130,0.885,-1.726,1,1
10,2,27,3,N,nb15,130,0.756,-1.084,1,1
10,2,27,3,N,nb16,130,0.454,0.859,1,1
10,2,27,3,N,nb17,130,1.665,-0.017,1,1
10,2,27,3,N,nb18,130,-0.289,-0.631,1,1
10,2,27,3,N,nb19,130,1.866,1.383,1,0
10,2,27,3,N,nb20,130,0.483,-1.307,1,1
10,2,27,3,N,nb21,130,1.374,-0.163,1,1
10,2,27,3,N,nb22,130,1.473,0.069,2,1
10,2,27,3,N,nb23,130,0.312,0.717,2,1
10,2,27,3,N,nb24,130,-1.006,-1.271,1,1
10,2,27,3,N,nb25,130,0.946,-1.528,3,1
10,2,27,3,N,nb26,130,-1.232,1.866,0,0
10,2,27,3,N,nb27,130,-0.657,0.538,1,1
10,2,27,3,N,nb28,130,0.135,0.639,1,1
10,2,27,3,N,nb29,130,1.239,0.044,3,1
10,2,27,3,A,aa0,130,-1.395,-1.018,1,0
10,2,27,3,A,aa1,130,-1.865,1.383,0,0
10,2,27,3,A,aa2,130,-0.228,1.487,0,0
10,2,27,3,N,nb0,135,0.515,-0.264,1,1
10,2,27,3,N,nb1,135,0.551,-1.542,2,1
10,2,27,3,N,nb2,135,-1.044,-1.513,2,1
10,2,27,3,N,nb3,135,-0.683,1.313,0,0
10,2,27,3,N,nb4,135,0.774,-1.448,3,1
10,2,27,3,N,nb5,135,-0.536,0.746,1,1
10,2,27,3,N,nb6,135,1.227,1.028,0,0
10,2,27,3,N,nb7,135,-0.059,-0.596,1,1
10,2,27,3,N,nb8,135,1.295,0.281,1,1
10,2,27,3,N,nb9,135,0.36,-0.083,1,1
10,2,27,3,N,nb10,135,1.631,1.384,1,1
10,2,27,3,N,nb11,135,-0.808,-1.493,1,0
10,2,27,3,N,nb12,135,-0.659,1.592,0,0
10,2,27,3,N,nb13,135,0.889,-1.29,3,1
10,2,27,3,N,nb14,135,0.885,-1.726,1,1
10,2,27,3,N,nb15,135,0.756,-1.084,1,1
10,2,27,3,N,nb16,135,0.454,0.859,1,1
10,2,27,3,N,nb17,135,1.665,-0.017,1,1
10,2,27,3,N,nb18,135,-0.289,-0.631,1,1
10,2,27,3,N,nb19,135,1.866,1.383,1,1
10,2,27,3,N,nb20,135,0.483,-1.307,1,1
10,2,27,3,N,nb21,135,1.374,-0.163,1,1
10,2,27,3,N,nb22,135,1.473,0.069,2,1
10,2,27,3,N,nb23,135,0.312,0.717,2,1
10,2,27,3,N,nb24,135,-1.006,-1.271,1,1
10,2,27,3,N,nb25,135,0.946,-1.528,3,1
10,2,27,3,N,nb26,135,-1.14,1.861,0,0
10,2,27,3,N,nb27,135,-0.657,0.538,1,1
10,2,27,3,N,nb28,135,0.135,0.639,1,1
10,2,27,3,N,nb29,135,1.239,0.044,3,1
10,2,27,3,A,aa0,135,-1.367,-1.074,2,0
10,2,27,3,A,aa1,135,-1.865,1.453,0,0
10,2,27,3,A,aa2,135,-0.314,1.436,0,0
10,2,27,3,N,nb0,140,0.515,-0.264,1,1
10,2,27,3,N,nb1,140,0.551,-1.542,2,1
10,2,27,3,N,nb2,140,-1.044,-1.513,2,1
10,2,27,3,N,nb3,140,-0.655,1.343,1,1
10,2,27,3,N,nb4,140,0.774,-1.448,3,1
10,2,27,3,N,nb5,140,-0.536,0.746,1,1
10,2,27,3,N,nb6,140,1.325,1.009,0,0
10,2,27,3,N,nb7,140,-0.059,-0.596,1,1
10,2,27,3,N,nb8,140,1.295,0.281,1,1
10,2,27,3,N,nb9,140,0.36,-0.083,1,1
10,2,27,3,N,nb10,140,1.631,1.384,1,1
10,2,27,3,N,nb11,140,-0.808,-1.493,1,1
10,2,27,3,N,nb12,140,-0.695,1.573,1,1
10,2,27,3,N,nb13,140,0.889,-1.29,3,1
10,2,27,3,N,nb14,140,0.885,-1.726,1,1
10,2,27,3,N,nb15,140,0.756,-1.084,1,1
10,2,27,3,N,nb16,140,0.454,0.859,1,1
10,2,27,3,N,nb17,140,1.665,-0.017,1,1
10,2,27,3,N,nb18,140,-0.289,-0.631,1,1
10,2,27,3,N,nb19,140,1.866,1.383,1,1
10,2,27,3,N,nb20,140,0.483,-1.307,1,1
10,2,27,3,N,nb21,140,1.374,-0.163,1,1
10,2,27,3,N,nb22,140,1.473,0.069,2,1
10,2,27,3,N,nb23,140,0.312,0.717,2,1
10,2,27,3,N,nb24,140,-1.006,-1.271,1,1
10,2,27,3,N,nb25,140,0.946,-1.528,3,1
10,2,27,3,N,nb26,140,-1.048,1.847,0,0
10,2,27,3,N,nb27,140,-0.657,0.538,1,1
10,2,27,3,N,nb28,140,0.135,0.639,1,1
10,2,27,3,N,nb29,140,1.239,0.044,3,1
10,2,27,3,A,aa0,140,-1.367,-1.074,2,0
10,2,27,3,A,aa1,140,-1.865,1.531,0,0
10,2,27,3,A,aa2,140,-0.401,1.386,2,0
10,2,27,3,N,nb0,145,0.515,-0.264,1,1
10,2,27,3,N,nb1,145,0.551,-1.542,2,1
10,2,27,3,N,nb2,145,-1.044,-1.513,2,1
10,2,27,3,N,nb3,145,-0.655,1.343,1,1
10,2,27,3,N,nb4,145,0.774,-1.448,3,1
10,2,27,3,N,nb5,145,-0.536,0.746,1,1
10,2,27,3,N,nb6,145,1.423,0.99,0,0
10,2,27,3,N,nb7,145,-0.059,-0.596,1,1
10,2,27,3,N,nb8,145,1.295,0.281,1,0
10,2,27,3,N,nb9,145,0.36,-0.083,1,1
10,2,27,3,N,nb10,145,1.631,1.384,1,1
10,2,27,3,N,nb11,145,-0.808,-1.493,1,1
10,2,27,3,N,nb12,145,-0.695,1.573,1,1
10,2,27,3,N,nb13,145,0.889,-1.29,3,1
10,2,27,3,N,nb14,145,0.885,-1.726,1,1
10,2,27,3,N,nb15,145,0.756,-1.084,1,1
10,2,27,3,N,nb16,145,0.454,0.859,1,1
10,2,27,3,N,nb17,145,1.665,-0.017,1,1
10,2,27,3,N,nb18,145,-0.289,-0.631,1,1
10,2,27,3,N,nb19,145,1.866,1.383,1,1
10,2,27,3,N,nb20,145,0.483,-1.307,1,1
10,2,27,3,N,nb21,145,1.374,-0.163,1,1
10,2,27,3,N,nb22,145,1.473,0.069,2,1
10,2,27,3,N,nb23,145,0.312,0.717,2,1
10,2,27,3,N,nb24,145,-1.006,-1.271,1,1
10,2,27,3,N,nb25,145,0.946,-1.528,3,1
10,2,27,3,N,nb26,145,-0.957,1.823,0,0
10,2,27,3,N,nb27,145,-0.657,0.538,1,1
10,2,27,3,N,nb28,145,0.135,0.639,1,1
10,2,27,3,N,nb29,145,1.239,0.044,3,0
10,2,27,3,A,aa0,145,-1.271,-1.086,2,0
10,2,27,3,A,aa1,145,-1.865,1.615,0,0
10,2,27,3,A,aa2,145,-0.473,1.337,3,1
10,2,27,3,N,nb0,150,0.515,-0.264,1,1
10,2,27,3,N,nb1,150,0.551,-1.542,2,1
10,2,27,3,N,nb2,150,-1.044,-1.513,2,1
10,2,27,3,N,nb3,150,-0.67,1.368,1,0
10,2,27,3,N,nb4,150,0.774,-1.448,3,1
10,2,27,3,N,nb5,150,-0.578,0.719,1,0
10,2,27,3,N,nb6,150,1.522,0.971,0,0
10,2,27,3,N,nb7,150,-0.059,-0.596,1,1
10,2,27,3,N,nb8,150,1.295,0.281,1,1
10,2,27,3,N,nb9,150,0.36,-0.083,1,1
10,2,27,3,N,nb10,150,1.631,1.384,1,1
10,2,27,3,N,nb11,150,-0.808,-1.493,1,1
10,2,27,3,N,nb12,150,-0.743,1.553,1,0
10,2,27,3,N,nb13,150,0.889,-1.29,3,1
10,2,27,3,N,nb14,150,0.885,-1.726,1,1
10,2,27,3,N,nb15,150,0.756,-1.084,1,1
10,2,27,3,N,nb16,150,0.454,0.859,1,1
10,2,27,3,N,nb17,150,1.665,-0.017,1,1
10,2,27,3,N,nb18,150,-0.289,-0.631,1,1
10,2,27,3,N,nb19,150,1.866,1.383,1,1
10,2,27,3,N,nb20,150,0.483,-1.307,1,1
10,2,27,3,N,nb21,150,1.374,-0.163,1,1
10,2,27,3,N,nb22,150,1.473,0.069,2,1
10,2,27,3,N,nb23,150,0.312,0.717,2,1
10,2,27,3,N,nb24,150,-1.006,-1.271,1,1
10,2,27,3,N,nb25,150,0.946,-1.528,3,1
10,2,27,3,N,nb26,150,-0.869,1.792,0,0
10,2,27,3,N,nb27,150,-0.657,0.538,1,1
10,2,27,3,N,nb28,150,0.135,0.639,1,1
10,2,27,3,N,nb29,150,1.239,0.044,3,1
10,2,27,3,A,aa0,150,-1.174,-1.097,2,0
10,2,27,3,A,aa1,150,-1.865,1.704,0,0
10,2,27,3,A,aa2,150,-0.527,1.278,0,0
10,2,27,3,N,nb0,155,0.515,-0.264,1,1
10,2,27,3,N,nb1,155,0.551,-1.542,2,1
10,2,27,3,N,nb2,155,-1.044,-1.513,2,1
10,2,27,3,N,nb3,155,-0.616,1.444,1,0
10,2,27,3,N,nb4,155,0.774,-1.448,3,0
10,2,27,3,N,nb5,155,-0.648,0.694,1,0
10,2,27,3,N,nb6,155,1.62,0.952,0,0
10,2,27,3,N,nb7,155,-0.059,-0.596,1,1
10,2,27,3,N,nb8,155,1.295,0.281,1,1
10,2,27,3,N,nb9,155,0.36,-0.083,1,1
10,2,27,3,N,nb10,155,1.631,1.384,1,1
10,2,27,3,N,nb11,155,-0.808,-1.493,1,1
10,2,27,3,N,nb12,155,-0.833,1.522,1,0
10,2,27,3,N,nb13,155,0.889,-1.29,3,0
10,2,27,3,N,nb14,155,0.885,-1.726,1,0
10,2,27,3,N,nb15,155,0.756,-1.084,1,1
10,2,27,3,N,nb16,155,0.454,0.859,1,0
10,2,27,3,N,nb17,155,1.665,-0.017,1,0
10,2,27,3,N,nb18,155,-0.289,-0.631,1,1
10,2,27,3,N,nb19,155,1.866,1.383,1,1
10,2,27,3,N,nb20,155,0.483,-1.307,1,1
10,2,27,3,N,nb21,155,1.374,-0.163,1,1
10,2,27,3,N,nb22,155,1.473,0.069,2,0
10,2,27,3,N,nb23,155,0.312,0.717,2,0
10,2,27,3,N,nb24,155,-1.006,-1.271,1,1
10,2,27,3,N,nb25,155,0.946,-1.528,3,0
10,2,27,3,N,nb26,155,-0.832,1.776,0,1
10,2,27,3,N,nb27,155,-0.667,0.525,1,1
10,2,27,3,N,nb28,155,0.135,0.639,1,0
10,2,27,3,N,nb29,155,1.239,0.044,3,1
10,2,27,3,A,aa0,155,-1.085,-1.098,1,0
10,2,27,3,A,aa1,155,-1.865,1.795,0,0
10,2,27,3,A,aa2,155,-0.584,1.204,0,0
10,2,27,3,N,nb0,160,0.515,-0.264,1,1
10,2,27,3,N,nb1,160,0.551,-1.542,2,1
10,2,27,3,N,nb2,160,-1.044,-1.513,2,1
10,2,27,3,N,nb3,160,-0.558,1.524,0,0
10,2,27,3,N,nb4,160,0.774,-1.448,3,1
10,2,27,3,N,nb5,160,-0.682,0.687,1,1
10,2,27,3,N,nb6,160,1.718,0.933,0,0
10,2,27,3,N,nb7,160,-0.059,-0.596,1,1
10,2,27,3,N,nb8,160,1.295,0.281,1,1
10,2,27,3,N,nb9,160,0.36,-0.083,1,1
10,2,27,3,N,nb10,160,1.631,1.384,1,1
10,2,27,3,N,nb11,160,-0.808,-1.493,1,1
10,2,27,3,N,nb12,160,-0.927,1.494,0,0
10,2,27,3,N,nb13,160,0.889,-1.29,3,1
10,2,27,3,N,nb14,160,0.885,-1.726,1,1
10,2,27,3,N,nb15,160,0.756,-1.084,1,1
10,2,27,3,N,nb16,160,0.454,0.859,1,1
10,2,27,3,N,nb17,160,1.665,-0.017,1,1
10,2,27,3,N,nb18,160,-0.289,-0.631,1,1
10,2,27,3,N,nb19,160,1.866,1.383,1,1
10,2,27,3,N,nb20,160,0.483,-1.307,1,1
10,2,27,3,N,nb21,160,1.374,-0.163,1,1
10,2,27,3,N,nb22,160,1.473,0.069,2,1
10,2,27,3,N,nb23,160,0.312,0.717,2,1
10,2,27,3,N,nb24,160,-1.006,-1.271,1,1
10,2,27,3,N,nb25,160,0.946,-1.528,3,1
10,2,27,3,N,nb26,160,-0.832,1.776,0,1
10,2,27,3,N,nb27,160,-0.67,0.518,1,0
10,2,27,3,N,nb28,160,0.135,0.639,1,1
10,2,27,3,N,nb29,160,1.239,0.044,3,1
10,2,27,3,A,aa0,160,-0.994,-1.087,1,0
10,2,27,3,A,aa1,160,-1.861,1.866,0,0
10,2,27,3,A,aa2,160,-0.64,1.123,1,0
10,2,27,3,N,nb0,165,0.515,-0.264,1,1
10,2,27,3,N,nb1,165,0.551,-1.542,2,1
10,2,27,3,N,nb2,165,-1.044,-1.513,2,1
10,2,27,3,N,nb3,165,-0.498,1.604,0,0
10,2,27,3,N,nb4,165,0.774,-1.448,3,1
10,2,27,3,N,nb5,165,-0.682,0.687,1,1
10,2,27,3,N,nb6,165,1.81,0.914,0,0
10,2,27,3,N,nb7,165,-0.059,-0.596,1,1
10,2,27,3,N,nb8,165,1.295,0.281,1,1
10,2,27,3,N,nb9,165,0.36,-0.083,1,1
10,2,27,3,N,nb10,165,1.631,1.384,1,1
10,2,27,3,N,nb11,165,-0.808,-1.493,1,1
10,2,27,3,N,nb12,165,-1.023,1.464,0,0
10,2,27,3,N,nb13,165,0.889,-1.29,3,1
10,2,27,3,N,nb14,165,0.885,-1.726,1,1
10,2,27,3,N,nb15,165,0.756,-1.084,1,1
10,2,27,3,N,nb16,165,0.454,0.859,1,1
10,2,27,3,N,nb17,165,1.665,-0.017,1,1
10,2,27,3,N,nb18,165,-0.289,-0.631,1,1
10,2,27,3,N,nb19,165,1.866,1.383,1,1
10,2,27,3,N,nb20,165,0.483,-1.307,1,1
10,2,27,3,N,nb21,165,1.374,-0.163,1,1
10,2,27,3,N,nb22,165,1.473,0.069,2,1
10,2,27,3,N,nb23,165,0.312,0.717,2,1
10,2,27,3,N,nb24,165,-1.006,-1.271,1,1
10,2,27,3,N,nb25,165,0.946,-1.528,3,1
10,2,27,3,N,nb26,165,-0.832,1.776,0,1
10,2,27,3,N,nb27,165,-0.67,0.518,1,1
10,2,27,3,N,nb28,165,0.135,0.639,1,1
10,2,27,3,N,nb29,165,1.239,0.044,3,1
10,2,27,3,A,aa0,165,-0.973,-1.083,2,0
10,2,27,3,A,aa1,165,-1.85,1.866,0,0
10,2,27,3,A,aa2,165,-0.697,1.04,1,0
10,2,27,3,N,nb0,170,0.515,-0.264,1,1
10,2,27,3,N,nb1,170,0.551,-1.542,2,1
10,2,27,3,N,nb2,170,-1.044,-1.513,2,1
10,2,27,3,N,nb3,170,-0.438,1.684,0,0
10,2,27,3,N,nb4,170,0.774,-1.448,3,1
10,2,27,3,N,nb5,170,-0.682,0.687,1,1
10,2,27,3,N,nb6,170,1.866,0.887,0,0
10,2,27,3,N,nb7,170,-0.059,-0.596,1,1
10,2,27,3,N,nb8,170,1.295,0.281,1,1
10,2,27,3,N,nb9,170,0.36,-0.083,1,1
10,2,27,3,N,nb10,170,1.631,1.384,1,1
10,2,27,3,N,nb11,170,-0.808,-1.493,1,1
10,2,27,3,N,nb12,170,-1.118,1.434,0,0
10,2,27,3,N,nb13,170,0.889,-1.29,3,1
10,2,27,3,N,nb14,170,0.885,-1.726,1,1
10,2,27,3,N,nb15,170,0.756,-1.084,1,1
10,2,27,3,N,nb16,170,0.454,0.859,1,1
10,2,27,3,N,nb17,170,1.665,-0.017,1,1
10,2,27,3,N,nb18,170,-0.289,-0.631,1,1
10,2,27,3,N,nb19,170,1.866,1.383,1,1
10,2,27,3,N,nb20,170,0.483,-1.307,1,1
10,2,27,3,N,nb21,170,1.374,-0.163,1,1
10,2,27,3,N,nb22,170,1.473,0.069,2,1
10,2,27,3,N,nb23,170,0.312,0.717,2,1
10,2,27,3,N,nb24,170,-1.006,-1.271,1,1
10,2,27,3,N,nb25,170,0.946,-1.528,3,1
10,2,27,3,N,nb26,170,-0.832,1.776,0,1
10,2,27,3,N,nb27,170,-0.67,0.518,1,1
10,2,27,3,N,nb28,170,0.135,0.639,1,1
10,2,27,3,N,nb29,170,1.239,0.044,3,1
10,2,27,3,A,aa0,170,-0.973,-1.083,2,0
10,2,27,3,A,aa1,170,-1.825,1.866,0,0
10,2,27,3,A,aa2,170,-0.753,0.957,1,0
10,2,27,3,N,nb0,175,0.515,-0.264,1,1
10,2,27,3,N,nb1,175,0.551,-1.542,2,1
10,2,27,3,N,nb2,175,-1.044,-1.513,2,1
10,2,27,3,N,nb3,175,-0.378,1.764,0,0
10,2,27,3,N,nb4,175,0.774,-1.448,3,1
10,2,27,3,N,nb5,175,-0.682,0.687,1,1
10,2,27,3,N,nb6,175,1.866,0.847,0,0
10,2,27,3,N,nb7,175,-0.059,-0.596,1,1
10,2,27,3,N,nb8,175,1.295,0.281,1,1
10,2,27,3,N,nb9,175,0.36,-0.083,1,1
10,2,27,3,N,nb10,175,1.631,1.384,1,1
10,2,27,3,N,nb11,175,-0.808,-1.493,1,1
10,2,27,3,N,nb12,175,-1.214,1.404,0,0
10,2,27,3,N,nb13,175,0.889,-1.29,3,1
10,2,27,3,N,nb14,175,0.885,-1.726,1,1
10,2,27,3,N,nb15,175,0.756,-1.084,1,1
10,2,27,3,N,nb16,175,0.454,0.859,1,1
10,2,27,3,N,nb17,175,1.665,-0.017,1,1
10,2,27,3,N,nb18,175,-0.289,-0.631,1,1
10,2,27,3,N,nb19,175,1.866,1.383,1,1
10,2,27,3,N,nb20,175,0.483,-1.307,1,1
10,2,27,3,N,nb21,175,1.374,-0.163,1,1
10,2,27,3,N,nb22,175,1.473,0.069,2,1
10,2,27,3,N,nb23,175,0.312,0.717,2,1
10,2,27,3,N,nb24,175,-1.006,-1.271,1,1
10,2,27,3,N,nb25,175,0.946,-1.528,3,1
10,2,27,3,N,nb26,175,-0.832,1.776,0,1
10,2,27,3,N,nb27,175,-0.67,0.518,1,1
10,2,27,3,N,nb28,175,0.135,0.639,1,1
10,2,27,3,N,nb29,175,1.239,0.044,3,1
10,2,27,3,A,aa0,175,-0.986,-1.049,2,0
10,2,27,3,A,aa1,175,-1.786,1.866,0,0
10,2,27,3,A,aa2,175,-0.807,0.883,1,0
10,2,27,3,N,nb0,180,0.515,-0.264,1,1
10,2,27,3,N,nb1,180,0.551,-1.542,2,1
10,2,27,3,N,nb2,180,-1.044,-1.513,2,1
10,2,27,3,N,nb3,180,-0.322,1.834,0,0
10,2,27,3,N,nb4,180,0.774,-1.448,3,1
10,2,27,3,N,nb5,180,-0.682,0.687,1,1
10,2,27,3,N,nb6,180,1.866,0.794,0,0
10,2,27,3,N,nb7,180,-0.059,-0.596,1,1
10,2,27,3,N,nb8,180,1.295,0.281,1,1
10,2,27,3,N,nb9,180,0.36,-0.083,1,1
10,2,27,3,N,nb10,180,1.631,1.384,1,1
10,2,27,3,N,nb11,180,-0.808,-1.493,1,1
10,2,27,3,N,nb12,180,-1.309,1.374,0,0
10,2,27,3,N,nb13,180,0.889,-1.29,3,1
10,2,27,3,N,nb14,180,0.885,-1.726,1,1
10,2,27,3,N,nb15,180,0.756,-1.084,1,1
10,2,27,3,N,nb16,180,0.454,0.859,1,1
10,2,27,3,N,nb17,180,1.665,-0.017,1,1
10,2,27,3,N,nb18,180,-0.289,-0.631,1,1
10,2,27,3,N,nb19,180,1.866,1.383,1,1
10,2,27,3,N,nb20,180,0.483,-1.307,1,0
10,2,27,3,N,nb21,180,1.374,-0.163,1,1
10,2,27,3,N,nb22,180,1.473,0.069,2,1
10,2,27,3,N,nb23,180,0.312,0.717,2,1
10,2,27,3,N,nb24,180,-1.006,-1.271,1,1
10,2,27,3,N,nb25,180,0.946,-1.528,3,1
10,2,27,3,N,nb26,180,-0.832,1.776,0,1
10,2,27,3,N,nb27,180,-0.67,0.518,1,1
10,2,27,3,N,nb28,180,0.135,0.639,1,1
10,2,27,3,N,nb29,180,1.239,0.044,3,1
10,2,27,3,A,aa0,180,-1.011,-1.021,2,0
10,2,27,3,A,aa1,180,-1.734,1.866,0,0
10,2,27,3,A,aa2,180,-0.87,0.817,1,0
10,2,27,3,N,nb0,185,0.515,-0.264,1,1
10,2,27,3,N,nb1,185,0.551,-1.542,2,1
10,2,27,3,N,nb2,185,-1.044,-1.513,2,1
10,2,27,3,N,nb3,185,-0.258,1.865,0,0
10,2,27,3,N,nb4,185,0.774,-1.448,3,1
10,2,27,3,N,nb5,185,-0.682,0.687,1,1
10,2,27,3,N,nb6,185,1.866,0.729,0,0
10,2,27,3,N,nb7,185,-0.059,-0.596,1,1
10,2,27,3,N,nb8,185,1.295,0.281,1,1
10,2,27,3,N,nb9,185,0.36,-0.083,1,1
10,2,27,3,N,nb10,185,1.631,1.384,1,1
10,2,27,3,N,nb11,185,-0.808,-1.493,1,1
10,2,27,3,N,nb12,185,-1.405,1.344,0,0
10,2,27,3,N,nb13,185,0.889,-1.29,3,1
10,2,27,3,N,nb14,185,0.885,-1.726,1,1
10,2,27,3,N,nb15,185,0.756,-1.084,1,1
10,2,27,3,N,nb16,185,0.454,0.859,1,1
10,2,27,3,N,nb17,185,1.665,-0.017,1,1
10,2,27,3,N,nb18,185,-0.289,-0.631,1,1
10,2,27,3,N,nb19,185,1.866,1.383,1,1
10,2,27,3,N,nb20,185,0.483,-1.307,1,1
10,2,27,3,N,nb21,185,1.374,-0.163,1,1
10,2,27,3,N,nb22,185,1.473,0.069,2,1
10,2,27,3,N,nb23,185,0.312,0.717,2,1
10,2,27,3,N,nb24,185,-1.006,-1.271,1,1
10,2,27,3,N,nb25,185,0.946,-1.528,3,1
10,2,27,3,N,nb26,185,-0.801,1.761,0,0
10,2,27,3,N,nb27,185,-0.67,0.518,1,1
10,2,27,3,N,nb28,185,0.135,0.639,1,1
10,2,27,3,N,nb29,185,1.239,0.044,3,1
10,2,27,3,A,aa0,185,-1.078,-0.948,1,0
10,2,27,3,A,aa1,185,-1.671,1.866,0,0
10,2,27,3,A,aa2,185,-0.942,0.756,2,0
10,2,27,3,N,nb0,190,0.515,-0.264,1,1
10,2,27,3,N,nb1,190,0.551,-1.542,2,1
10,2,27,3,N,nb2,190,-1.044,-1.513,2,1
10,2,27,3,N,nb3,190,-0.186,1.865,0,0
10,2,27,3,N,nb4,190,0.774,-1.448,3,1
10,2,27,3,N,nb5,190,-0.682,0.687,1,1
10,2,27,3,N,nb6,190,1.866,0.655,0,0
10,2,27,3,N,nb7,190,-0.059,-0.596,1,1
10,2,27,3,N,nb8,190,1.295,0.281,1,1
10,2,27,3,N,nb9,190,0.36,-0.083,1,1
10,2,27,3,N,nb10,190,1.631,1.384,1,1
10,2,27,3,N,nb11,190,-0.808,-1.493,1,1
10,2,27,3,N,nb12,190,-1.5,1.315,0,0
10,2,27,3,N,nb13,190,0.889,-1.29,3,1
10,2,27,3,N,nb14,190,0.885,-1.726,1,1
10,2,27,3,N,nb15,190,0.756,-1.084,1,1
10,2,27,3,N,nb16,190,0.454,0.859,1,1
10,2,27,3,N,nb17,190,1.665,-0.017,1,1
10,2,27,3,N,nb18,190,-0.289,-0.631,1,1
10,2,27,3,N,nb19,190,1.866,1.383,1,1
10,2,27,3,N,nb20,190,0.483,-1.307,1,1
10,2,27,3,N,nb21,190,1.374,-0.163,1,1
10,2,27,3,N,nb22,190,1.473,0.069,2,1
10,2,27,3,N,nb23,190,0.312,0.717,2,1
10,2,27,3,N,nb24,190,-1.006,-1.271,1,1
10,2,27,3,N,nb25,190,0.946,-1.528,3,1
10,2,27,3,N,nb26,190,-0.712,1.715,0,0
10,2,27,3,N,nb27,190,-0.67,0.518,1,1
10,2,27,3,N,nb28,190,0.135,0.639,1,1
10,2,27,3,N,nb29,190,1.239,0.044,3,1
10,2,27,3,A,aa0,190,-1.145,-0.874,1,0
10,2,27,3,A,aa1,190,-1.598,1.866,0,0
10,2,27,3,A,aa2,190,-1.021,0.697,2,0
10,2,27,3,N,nb0,195,0.515,-0.264,1,1
10,2,27,3,N,nb1,195,0.551,-1.542,2,1
10,2,27,3,N,nb2,195,-1.044,-1.513,2,1
10,2,27,3,N,nb3,195,-0.107,1.865,0,0
10,2,27,3,N,nb4,195,0.774,-1.448,3,1
10,2,27,3,N,nb5,195,-0.682,0.687,1,1
10,2,27,3,N,nb6,195,1.866,0.574,0,0
10,2,27,3,N,nb7,195,-0.059,-0.596,1,1
10,2,27,3,N,nb8,195,1.295,0.281,1,1
10,2,27,3,N,nb9,195,0.36,-0.083,1,1
10,2,27,3,N,nb10,195,1.631,1.384,1,1
10,2,27,3,N,nb11,195,-0.808,-1.493,1,1
10,2,27,3,N,nb12,195,-1.595,1.285,0,0
10,2,27,3,N,nb13,195,0.889,-1.29,3,1
10,2,27,3,N,nb14,195,0.885,-1.726,1,1
10,2,27,3,N,nb15,195,0.756,-1.084,1,1
10,2,27,3,N,nb16,195,0.454,0.859,1,1
10,2,27,3,N,nb17,195,1.665,-0.017,1,1
10,2,27,3,N,nb18,195,-0.289,-0.631,1,1
10,2,27,3,N,nb19,195,1.866,1.383,1,1
10,2,27,3,N,nb20,195,0.483,-1.307,1,1
10,2,27,3,N,nb21,195,1.374,-0.163,1,1
10,2,27,3,N,nb22,195,1.473,0.069,2,1
10,2,27,3,N,nb23,195,0.312,0.717,2,1
10,2,27,3,N,nb24,195,-1.006,-1.271,1,1
10,2,27,3,N,nb25,195,0.946,-1.528,3,1
10,2,27,3,N,nb26,195,-0.623,1.669,0,0
10,2,27,3,N,nb27,195,-0.67,0.518,1,1
10,2,27,3,N,nb28,195,0.135,0.639,1,1
10,2,27,3,N,nb29,195,1.239,0.044,3,1
10,2,27,3,A,aa0,195,-1.212,-0.8,1,0
10,2,27,3,A,aa1,195,-1.517,1.866,0,0
10,2,27,3,A,aa2,195,-1.102,0.637,2,0
10,2,27,3,N,nb0,200,0.515,-0.264,1,1
10,2,27,3,N,nb1,200,0.551,-1.542,2,1
10,2,27,3,N,nb2,200,-1.044,-1.513,2,1
10,2,27,3,N,nb3,200,-0.022,1.865,0,0
10,2,27,3,N,nb4,200,0.774,-1.448,3,1
10,2,27,3,N,nb5,200,-0.682,0.687,1,1
10,2,27,3,N,nb6,200,1.866,0.487,0,0
10,2,27,3,N,nb7,200,-0.059,-0.596,1,1
10,2,27,3,N,nb8,200,1.295,0.281,1,1
10,2,27,3,N,nb9,200,0.36,-0.083,1,1
10,2,27,3,N,nb10,200,1.631,1.384,1,1
10,2,27,3,N,nb11,200,-0.808,-1.493,1,1
10,2,27,3,N,nb12,200,-1.691,1.255,0,0
10,2,27,3,N,nb13,200,0.889,-1.29,3,1
10,2,27,3,N,nb14,200,0.885,-1.726,1,1
10,2,27,3,N,nb15,200,0.756,-1.084,1,1
10,2,27,3,N,nb16,200,0.454,0.859,1,1
10,2,27,3,N,nb17,200,1.665,-0.017,1,1
10,2,27,3,N,nb18,200,-0.289,-0.631,1,1
10,2,27,3,N,nb19,200,1.866,1.383,1,1
10,2,27,3,N,nb20,200,0.483,-1.307,1,1
10,2,27,3,N,nb21,200,1.374,-0.163,1,1
10,2,27,3,N,nb22,200,1.473,0.069,2,1
10,2,27,3,N,nb23,200,0.312,0.717,2,1
10,2,27,3,N,nb24,200,-1.006,-1.271,1,1
10,2,27,3,N,nb25,200,0.946,-1.528,3,1
10,2,27,3,N,nb26,200,-0.534,1.624,0,0
10,2,27,3,N,nb27,200,-0.67,0.518,1,1
10,2,27,3,N,nb28,200,0.135,0.639,1,1
10,2,27,3,N,nb29,200,1.239,0.044,3,1
10,2,27,3,A,aa0,200,-1.278,-0.725,0,0
10,2,27,3,A,aa1,200,-1.431,1.866,0,0
10,2,27,3,A,aa2,200,-1.182,0.577,2,0
10,2,27,3,N,nb0,205,0.515,-0.264,1,1
10,2,27,3,N,nb1,205,0.551,-1.542,2,1
10,2,27,3,N,nb2,205,-1.044,-1.513,2,1
10,2,27,3,N,nb3,205,0.067,1.865,0,0
10,2,27,3,N,nb4,205,0.774,-1.448,3,1
10,2,27,3,N,nb5,205,-0.682,0.687,1,1
10,2,27,3,N,nb6,205,1.866,0.397,0,0
10,2,27,3,N,nb7,205,-0.059,-0.596,1,1
10,2,27,3,N,nb8,205,1.295,0.281,1,1
10,2,27,3,N,nb9,205,0.36,-0.083,1,1
10,2,27,3,N,nb10,205,1.631,1.384,1,1
10,2,27,3,N,nb11,205,-0.808,-1.493,1,1
10,2,27,3,N,nb12,205,-1.784,1.226,0,0
10,2,27,3,N,nb13,205,0.889,-1.29,3,1
10,2,27,3,N,nb14,205,0.885,-1.726,1,1
10,2,27,3,N,nb15,205,0.756,-1.084,1,1
10,2,27,3,N,nb16,205,0.454,0.859,1,1
10,2,27,3,N,nb17,205,1.665,-0.017,1,1
10,2,27,3,N,nb18,205,-0.289,-0.631,1,1
10,2,27,3,N,nb19,205,1.866,1.383,1,1
10,2,27,3,N,nb20,205,0.483,-1.307,1,1
10,2,27,3,N,nb21,205,1.374,-0.163,1,1
10,2,27,3,N,nb22,205,1.473,0.069,2,1
10,2,27,3,N,nb23,205,0.312,0.717,2,1
10,2,27,3,N,nb24,205,-1.006,-1.271,1,1
10,2,27,3,N,nb25,205,0.946,-1.528,3,1
10,2,27,3,N,nb26,205,-0.445,1.578,0,0
10,2,27,3,N,nb27,205,-0.67,0.518,1,1
10,2,27,3,N,nb28,205,0.135,0.639,1,1
10,2,27,3,N,nb29,205,1.239,0.044,3,1
10,2,27,3,A,aa0,205,-1.345,-0.651,0,0
10,2,27,3,A,aa1,205,-1.341,1.866,0,0
10,2,27,3,A,aa2,205,-1.201,0.564,2,0
10,2,27,3,N,nb0,210,0.515,-0.264,1,1
10,2,27,3,N,nb1,210,0.551,-1.542,2,1
10,2,27,3,N,nb2,210,-1.044,-1.513,2,1
10,2,27,3,N,nb3,210,0.159,1.865,0,0
10,2,27,3,N,nb4,210,0.774,-1.448,3,1
10,2,27,3,N,nb5,210,-0.682,0.687,1,1
10,2,27,3,N,nb6,210,1.865,0.305,0,0
10,2,27,3,N,nb7,210,-0.059,-0.596,1,1
10,2,27,3,N,nb8,210,1.295,0.281,1,1
10,2,27,3,N,nb9,210,0.36,-0.083,1,1
10,2,27,3,N,nb10,210,1.631,1.384,1,1
10,2,27,3,N,nb11,210,-0.808,-1.493,1,1
10,2,27,3,N,nb12,210,-1.863,1.191,0,0
10,2,27,3,N,nb13,210,0.889,-1.29,3,1
10,2,27,3,N,nb14,210,0.885,-1.726,1,1
10,2,27,3,N,nb15,210,0.756,-1.084,1,1
10,2,27,3,N,nb16,210,0.454,0.859,1,1
10,2,27,3,N,nb17,210,1.665,-0.017,1,1
10,2,27,3,N,nb18,210,-0.289,-0.631,1,1
10,2,27,3,N,nb19,210,1.866,1.383,1,1
10,2,27,3,N,nb20,210,0.483,-1.307,1,1
10,2,27,3,N,nb21,210,1.374,-0.163,1,0
10,2,27,3,N,nb22,210,1.473,0.069,2,1
10,2,27,3,N,nb23,210,0.312,0.717,2,1
10,2,27,3,N,nb24,210,-1.006,-1.271,1,1
10,2,27,3,N,nb25,210,0.946,-1.528,3,1
10,2,27,3,N,nb26,210,-0.356,1.533,0,0
10,2,27,3,N,nb27,210,-0.67,0.518,1,1
10,2,27,3,N,nb28,210,0.135,0.639,1,1
10,2,27,3,N,nb29,210,1.239,0.044,3,1
10,2,27,3,A,aa0,210,-1.412,-0.577,0,0
10,2,27,3,A,aa1,210,-1.249,1.865,0,0
10,2,27,3,A,aa2,210,-1.198,0.527,2,0
10,2,27,3,N,nb0,215,0.515,-0.264,1,1
10,2,27,3,N,nb1,215,0.551,-1.542,2,1
10,2,27,3,N,nb2,215,-1.044,-1.513,2,1
10,2,27,3,N,nb3,215,0.251,1.858,0,0
10,2,27,3,N,nb4,215,0.774,-1.448,3,1
10,2,27,3,N,nb5,215,-0.682,0.687,1,1
10,2,27,3,N,nb6,215,1.854,0.213,0,0
10,2,27,3,N,nb7,215,-0.059,-0.596,1,1
10,2,27,3,N,nb8,215,1.295,0.281,1,1
10,2,27,3,N,nb9,215,0.36,-0.083,1,1
10,2,27,3,N,nb10,215,1.631,1.384,1,1
10,2,27,3,N,nb11,215,-0.808,-1.493,1,1
10,2,27,3,N,nb12,215,-1.866,1.147,0,0
10,2,27,3,N,nb13,215,0.889,-1.29,3,1
10,2,27,3,N,nb14,215,0.885,-1.726,1,1
10,2,27,3,N,nb15,215,0.756,-1.084,1,1
10,2,27,3,N,nb16,215,0.454,0.859,1,1
10,2,27,3,N,nb17,215,1.665,-0.017,1,1
10,2,27,3,N,nb18,215,-0.289,-0.631,1,1
10,2,27,3,N,nb19,215,1.866,1.383,1,1
10,2,27,3,N,nb20,215,0.483,-1.307,1,1
10,2,27,3,N,nb21,215,1.374,-0.163,1,1
10,2,27,3,N,nb22,215,1.473,0.069,2,1
10,2,27,3,N,nb23,215,0.312,0.717,2,1
10,2,27,3,N,nb24,215,-1.006,-1.271,1,1
10,2,27,3,N,nb25,215,0.946,-1.528,3,1
10,2,27,3,N,nb26,215,-0.267,1.487,0,0
10,2,27,3,N,nb27,215,-0.67,0.518,1,1
10,2,27,3,N,nb28,215,0.135,0.639,1,1
10,2,27,3,N,nb29,215,1.239,0.044,3,1
10,2,27,3,A,aa0,215,-1.479,-0.503,0,0
10,2,27,3,A,aa1,215,-1.157,1.856,0,0
10,2,27,3,A,aa2,215,-1.191,0.427,2,0
10,2,27,3,N,nb0,220,0.515,-0.264,1,1
10,2,27,3,N,nb1,220,0.551,-1.542,2,1
10,2,27,3,N,nb2,220,-1.044,-1.513,2,0
10,2,27,3,N,nb3,220,0.343,1.841,0,0
10,2,27,3,N,nb4,220,0.774,-1.448,3,1
10,2,27,3,N,nb5,220,-0.682,0.687,1,1
10,2,27,3,N,nb6,220,1.843,0.155,1,1
10,2,27,3,N,nb7,220,-0.059,-0.596,1,1
10,2,27,3,N,nb8,220,1.295,0.281,1,1
10,2,27,3,N,nb9,220,0.36,-0.083,1,1
10,2,27,3,N,nb10,220,1.631,1.384,1,1
10,2,27,3,N,nb11,220,-0.808,-1.493,1,1
10,2,27,3,N,nb12,220,-1.866,1.09,0,0
10,2,27,3,N,nb13,220,0.889,-1.29,3,1
10,2,27,3,N,nb14,220,0.885,-1.726,1,1
10,2,27,3,N,nb15,220,0.756,-1.084,1,1
10,2,27,3,N,nb16,220,0.454,0.859,1,1
10,2,27,3,N,nb17,220,1.665,-0.017,2,1
10,2,27,3,N,nb18,220,-0.289,-0.631,1,1
10,2,27,3,N,nb19,220,1.866,1.383,1,1
10,2,27,3,N,nb20,220,0.483,-1.307,1,1
10,2,27,3,N,nb21,220,1.374,-0.163,1,1
10,2,27,3,N,nb22,220,1.473,0.069,2,1
10,2,27,3,N,nb23,220,0.312,0.717,2,1
10,2,27,3,N,nb24,220,-1.006,-1.271,1,0
10,2,27,3,N,nb25,220,0.946,-1.528,3,1
10,2,27,3,N,nb26,220,-0.178,1.441,0,0
10,2,27,3,N,nb27,220,-0.67,0.518,1,1
10,2,27,3,N,nb28,220,0.135,0.639,1,1
10,2,27,3,N,nb29,220,1.239,0.044,3,1
10,2,27,3,A,aa0,220,-1.546,-0.428,0,0
10,2,27,3,A,aa1,220,-1.066,1.838,0,0
10,2,27,3,A,aa2,220,-1.185,0.327,1,0
10,2,27,3,N,nb0,225,0.515,-0.264,1,1
10,2,27,3,N,nb1,225,0.551,-1.542,2,1
10,2,27,3,N,nb2,225,-1.044,-1.513,2,1
10,2,27,3,N,nb3,225,0.433,1.815,0,0
10,2,27,3,N,nb4,225,0.774,-1.448,3,1
10,2,27,3,N,nb5,225,-0.682,0.687,1,1
10,2,27,3,N,nb6,225,1.843,0.155,1,1
10,2,27,3,N,nb7,225,-0.059,-0.596,1,1
10,2,27,3,N,nb8,225,1.295,0.281,1,1
10,2,27,3,N,nb9,225,0.36,-0.083,1,1
10,2,27,3,N,nb10,225,1.631,1.384,1,1
10,2,27,3,N,nb11,225,-0.808,-1.493,1,1
10,2,27,3,N,nb12,225,-1.866,1.021,0,0
10,2,27,3,N,nb13,225,0.889,-1.29,3,1
10,2,27,3,N,nb14,225,0.885,-1.726,1,1
10,2,27,3,N,nb15,225,0.756,-1.084,1,1
10,2,27,3,N,nb16,225,0.454,0.859,1,1
10,2,27,3,N,nb17,225,1.665,-0.017,2,1
10,2,27,3,N,nb18,225,-0.289,-0.631,1,1
10,2,27,3,N,nb19,225,1.866,1.383,1,1
10,2,27,3,N,nb20,225,0.483,-1.307,1,1
10,2,27,3,N,nb21,225,1.374,-0.163,1,1
10,2,27,3,N,nb22,225,1.473,0.069,2,1
10,2,27,3,N,nb23,225,0.312,0.717,2,1
10,2,27,3,N,nb24,225,-1.006,-1.271,1,1
10,2,27,3,N,nb25,225,0.946,-1.528,3,1
10,2,27,3,N,nb26,225,-0.089,1.396,0,0
10,2,27,3,N,nb27,225,-0.67,0.518,1,1
10,2,27,3,N,nb28,225,0.135,0.639,1,1
10,2,27,3,N,nb29,225,1.239,0.044,3,1
10,2,27,3,A,aa0,225,-1.613,-0.354,0,0
10,2,27,3,A,aa1,225,-0.976,1.811,0,0
10,2,27,3,A,aa2,225,-1.178,0.228,1,0
10,2,27,3,N,nb0,230,0.515,-0.264,1,1
10,2,27,3,N,nb1,230,0.551,-1.542,2,1
10,2,27,3,N,nb2,230,-1.044,-1.513,2,1
10,2,27,3,N,nb3,230,0.521,1.781,0,0
10,2,27,3,N,nb4,230,0.774,-1.448,3,1
10,2,27,3,N,nb5,230,-0.682,0.687,1,1
10,2,27,3,N,nb6,230,1.843,0.155,1,1
10,2,27,3,N,nb7,230,-0.059,-0.596,1,1
10,2,27,3,N,nb8,230,1.295,0.281,1,1
10,2,27,3,N,nb9,230,0.36,-0.083,1,1
10,2,27,3,N,nb10,230,1.631,1.384,1,1
10,2,27,3,N,nb11,230,-0.808,-1.493,1,1
10,2,27,3,N,nb12,230,-1.866,0.945,0,0
10,2,27,3,N,nb13,230,0.889,-1.29,3,1
10,2,27,3,N,nb14,230,0.885,-1.726,1,1
10,2,27,3,N,nb15,230,0.756,-1.084,1,1
10,2,27,3,N,nb16,230,0.454,0.859,1,1
10,2,27,3,N,nb17,230,1.665,-0.017,2,1
10,2,27,3,N,nb18,230,-0.289,-0.631,1,1
10,2,27,3,N,nb19,230,1.866,1.383,1,1
10,2,27,3,N,nb20,230,0.483,-1.307,1,1
10,2,27,3,N,nb21,230,1.374,-0.163,1,1
10,2,27,3,N,nb22,230,1.473,0.069,2,1
10,2,27,3,N,nb23,230,0.312,0.717,2,1
10,2,27,3,N,nb24,230,-1.006,-1.271,1,1
10,2,27,3,N,nb25,230,0.946,-1.528,3,1
10,2,27,3,N,nb26,230,-0.0,1.35,0,0
10,2,27,3,N,nb27,230,-0.67,0.518,1,1
10,2,27,3,N,nb28,230,0.135,0.639,1,1
10,2,27,3,N,nb29,230,1.239,0.044,3,1
10,2,27,3,A,aa0,230,-1.616,-0.352,0,0
10,2,27,3,A,aa1,230,-0.974,1.81,0,0
10,2,27,3,A,aa2,230,-1.171,0.128,0,0
10,2,27,3,N,nb0,235,0.515,-0.264,1,1
10,2,27,3,N,nb1,235,0.551,-1.542,2,1
10,2,27,3,N,nb2,235,-1.044,-1.513,2,1
10,2,27,3,N,nb3,235,0.607,1.74,0,0
10,2,27,3,N,nb4,235,0.774,-1.448,3,1
10,2,27,3,N,nb5,235,-0.682,0.687,1,1
10,2,27,3,N,nb6,235,1.843,0.155,1,1
10,2,27,3,N,nb7,235,-0.059,-0.596,1,1
10,2,27,3,N,nb8,235,1.295,0.281,1,1
10,2,27,3,N,nb9,235,0.36,-0.083,1,1
10,2,27,3,N,nb10,235,1.631,1.384,1,1
10,2,27,3,N,nb11,235,-0.808,-1.493,1,1
10,2,27,3,N,nb12,235,-1.866,0.861,0,0
10,2,27,3,N,nb13,235,0.889,-1.29,3,1
10,2,27,3,N,nb14,235,0.885,-1.726,1,1
10,2,27,3,N,nb15,235,0.756,-1.084,1,1
10,2,27,3,N,nb16,235,0.454,0.859,1,1
10,2,27,3,N,nb17,235,1.665,-0.017,2,1
10,2,27,3,N,nb18,235,-0.289,-0.631,1,1
10,2,27,3,N,nb19,235,1.866,1.383,1,1
10,2,27,3,N,nb20,235,0.483,-1.307,1,1
10,2,27,3,N,nb21,235,1.374,-0.163,1,1
10,2,27,3,N,nb22,235,1.473,0.069,2,1
10,2,27,3,N,nb23,235,0.312,0.717,2,1
10,2,27,3,N,nb24,235,-1.006,-1.271,1,1
10,2,27,3,N,nb25,235,0.946,-1.528,3,1
10,2,27,3,N,nb26,235,0.089,1.304,0,0
10,2,27,3,N,nb27,235,-0.67,0.518,1,1
10,2,27,3,N,nb28,235,0.135,0.639,1,1
10,2,27,3,N,nb29,235,1.239,0.044,3,1
10,2,27,3,A,aa0,235,-1.712,-0.339,0,0
10,2,27,3,A,aa1,235,-0.95,1.832,0,0
10,2,27,3,A,aa2,235,-1.164,0.028,0,0
10,2,27,3,N,nb0,240,0.515,-0.264,1,1
10,2,27,3,N,nb1,240,0.551,-1.542,2,1
10,2,27,3,N,nb2,240,-1.044,-1.513,2,1
10,2,27,3,N,nb3,240,0.696,1.694,0,0
10,2,27,3,N,nb4,240,0.774,-1.448,3,1
10,2,27,3,N,nb5,240,-0.682,0.687,1,1
10,2,27,3,N,nb6,240,1.843,0.155,1,1
10,2,27,3,N,nb7,240,-0.059,-0.596,1,1
10,2,27,3,N,nb8,240,1.295,0.281,1,1
10,2,27,3,N,nb9,240,0.36,-0.083,1,1
10,2,27,3,N,nb10,240,1.631,1.384,1,1
10,2,27,3,N,nb11,240,-0.808,-1.493,1,1
10,2,27,3,N,nb12,240,-1.866,0.773,0,0
10,2,27,3,N,nb13,240,0.889,-1.29,3,1
10,2,27,3,N,nb14,240,0.885,-1.726,1,1
10,2,27,3,N,nb15,240,0.756,-1.084,1,1
10,2,27,3,N,nb16,240,0.454,0.859,1,1
10,2,27,3,N,nb17,240,1.665,-0.017,2,1
10,2,27,3,N,nb18,240,-0.289,-0.631,1,1
10,2,27,3,N,nb19,240,1.866,1.383,1,1
10,2,27,3,N,nb20,240,0.483,-1.307,1,1
10,2,27,3,N,nb21,240,1.374,-0.163,1,1
10,2,27,3,N,nb22,240,1.473,0.069,2,1
10,2,27,3,N,nb23,240,0.312,0.717,2,1
10,2,27,3,N,nb24,240,-1.006,-1.271,1,1
10,2,27,3,N,nb25,240,0.946,-1.528,3,1
10,2,27,3,N,nb26,240,0.178,1.259,0,0
10,2,27,3,N,nb27,240,-0.67,0.518,1,1
10,2,27,3,N,nb28,240,0.135,0.639,1,1
10,2,27,3,N,nb29,240,1.239,0.044,3,1
10,2,27,3,A,aa0,240,-1.805,-0.327,0,0
10,2,27,3,A,aa1,240,-0.882,1.865,0,0
10,2,27,3,A,aa2,240,-1.157,-0.072,0,0
10,2,27,3,N,nb0,245,0.515,-0.264,1,1
10,2,27,3,N,nb1,245,0.551,-1.542,2,1
10,2,27,3,N,nb2,245,-1.044,-1.513,2,1
10,2,27,3,N,nb3,245,0.785,1.649,0,0
10,2,27,3,N,nb4,245,0.774,-1.448,3,1
10,2,27,3,N,nb5,245,-0.682,0.687,1,1
10,2,27,3,N,nb6,245,1.843,0.155,1,1
10,2,27,3,N,nb7,245,-0.059,-0.596,1,0
10,2,27,3,N,nb8,245,1.295,0.281,1,1
10,2,27,3,N,nb9,245,0.36,-0.083,1,1
10,2,27,3,N,nb10,245,1.631,1.384,1,1
10,2,27,3,N,nb11,245,-0.808,-1.493,1,1
10,2,27,3,N,nb12,245,-1.866,0.682,0,0
10,2,27,3,N,nb13,245,0.889,-1.29,3,1
10,2,27,3,N,nb14,245,0.885,-1.726,1,1
10,2,27,3,N,nb15,245,0.756,-1.084,1,1
10,2,27,3,N,nb16,245,0.454,0.859,1,1
10,2,27,3,N,nb17,245,1.665,-0.017,2,1
10,2,27,3,N,nb18,245,-0.289,-0.631,1,0
10,2,27,3,N,nb19,245,1.866,1.383,1,1
10,2,27,3,N,nb20,245,0.483,-1.307,1,1
10,2,27,3,N,nb21,245,1.374,-0.163,1,1
10,2,27,3,N,nb22,245,1.473,0.069,2,1
10,2,27,3,N,nb23,245,0.312,0.717,2,1
10,2,27,3,N,nb24,245,-1.006,-1.271,1,1
10,2,27,3,N,nb25,245,0.946,-1.528,3,1
10,2,27,3,N,nb26,245,0.267,1.213,0,0
10,2,27,3,N,nb27,245,-0.67,0.518,1,1
10,2,27,3,N,nb28,245,0.135,0.639,1,1
10,2,27,3,N,nb29,245,1.239,0.044,3,1
10,2,27,3,A,aa0,245,-1.839,-0.326,0,0
10,2,27,3,A,aa1,245,-0.807,1.865,0,0
10,2,27,3,A,aa2,245,-1.15,-0.171,0,0
10,2,27,3,N,nb0,250,0.515,-0.264,1,1
10,2,27,3,N,nb1,250,0.551,-1.542,2,0
10,2,27,3,N,nb2,250,-1.044,-1.513,2,1
10,2,27,3,N,nb3,250,0.875,1.603,0,0
10,2,27,3,N,nb4,250,0.774,-1.448,3,1
10,2,27,3,N,nb5,250,-0.682,0.687,1,1
10,2,27,3,N,nb6,250,1.843,0.155,1,1
10,2,27,3,N,nb7,250,-0.059,-0.596,1,1
10,2,27,3,N,nb8,250,1.295,0.281,1,1
10,2,27,3,N,nb9,250,0.36,-0.083,1,1
10,2,27,3,N,nb10,250,1.631,1.384,1,1
10,2,27,3,N,nb11,250,-0.808,-1.493,1,1
10,2,27,3,N,nb12,250,-1.862,0.59,0,0
10,2,27,3,N,nb13,250,0.889,-1.29,3,1
10,2,27,3,N,nb14,250,0.885,-1.726,1,1
10,2,27,3,N,nb15,250,0.756,-1.084,1,1
10,2,27,3,N,nb16,250,0.454,0.859,1,1
10,2,27,3,N,nb17,250,1.665,-0.017,2,1
10,2,27,3,N,nb18,250,-0.289,-0.631,1,1
10,2,27,3,N,nb19,250,1.866,1.383,1,1
10,2,27,3,N,nb20,250,0.483,-1.307,1,1
10,2,27,3,N,nb21,250,1.374,-0.163,1,1
10,2,27,3,N,nb22,250,1.473,0.069,2,1
10,2,27,3,N,nb23,250,0.312,0.717,2,1
10,2,27,3,N,nb24,250,-1.006,-1.271,1,1
10,2,27,3,N,nb25,250,0.946,-1.528,3,1
10,2,27,3,N,nb26,250,0.356,1.167,0,0
10,2,27,3,N,nb27,250,-0.67,0.518,1,1
10,2,27,3,N,nb28,250,0.135,0.639,1,1
10,2,27,3,N,nb29,250,1.239,0.044,3,1
10,2,27,3,A,aa0,250,-1.865,-0.346,0,0
10,2,27,3,A,aa1,250,-0.725,1.865,0,0
10,2,27,3,A,aa2,250,-1.143,-0.271,0,0
10,2,27,3,N,nb0,255,0.515,-0.264,1,1
10,2,27,3,N,nb1,255,0.551,-1.542,2,1
10,2,27,3,N,nb2,255,-1.044,-1.513,2,1
10,2,27,3,N,nb3,255,0.964,1.558,0,0
10,2,27,3,N,nb4,255,0.774,-1.448,3,1
10,2,27,3,N,nb5,255,-0.682,0.687,1,1
10,2,27,3,N,nb6,255,1.843,0.155,1,1
10,2,27,3,N,nb7,255,-0.059,-0.596,1,1
10,2,27,3,N,nb8,255,1.295,0.281,1,1
10,2,27,3,N,nb9,255,0.36,-0.083,1,1
10,2,27,3,N,nb10,255,1.631,1.384,1,1
10,2,27,3,N,nb11,255,-0.808,-1.493,1,1
10,2,27,3,N,nb12,255,-1.849,0.498,0,0
10,2,27,3,N,nb13,255,0.889,-1.29,3,1
10,2,27,3,N,nb14,255,0.885,-1.726,1,1
10,2,27,3,N,nb15,255,0.756,-1.084,1,0
10,2,27,3,N,nb16,255,0.454,0.859,1,1
10,2,27,3,N,nb17,255,1.665,-0.017,2,1
10,2,27,3,N,nb18,255,-0.289,-0.631,1,1
10,2,27,3,N,nb19,255,1.866,1.383,1,1
10,2,27,3,N,nb20,255,0.483,-1.307,1,1
10,2,27,3,N,nb21,255,1.374,-0.163,1,1
10,2,27,3,N,nb22,255,1.473,0.069,2,1
10,2,27,3,N,nb23,255,0.312,0.717,2,1
10,2,27,3,N,nb24,255,-1.006,-1.271,1,1
10,2,27,3,N,nb25,255,0.946,-1.528,3,1
10,2,27,3,N,nb26,255,0.445,1.122,0,0
10,2,27,3,N,nb27,255,-0.67,0.518,1,1
10,2,27,3,N,nb28,255,0.135,0.639,1,1
10,2,27,3,N,nb29,255,1.239,0.044,3,1
10,2,27,3,A,aa0,255,-1.865,-0.382,0,0
10,2,27,3,A,aa1,255,-0.638,1.865,0,0
10,2,27,3,A,aa2,255,-1.137,-0.371,0,0
10,2,27,3,N,nb0,260,0.515,-0.264,1,1
10,2,27,3,N,nb1,260,0.551,-1.542,2,1
10,2,27,3,N,nb2,260,-1.044,-1.513,2,1
10,2,27,3,N,nb3,260,1.053,1.513,0,0
10,2,27,3,N,nb4,260,0.774,-1.448,3,1
10,2,27,3,N,nb5,260,-0.682,0.687,1,1
10,2,27,3,N,nb6,260,1.843,0.155,1,1
10,2,27,3,N,nb7,260,-0.059,-0.596,1,1
10,2,27,3,N,nb8,260,1.295,0.281,1,1
10,2,27,3,N,nb9,260,0.36,-0.083,1,1
10,2,27,3,N,nb10,260,1.631,1.384,1,1
10,2,27,3,N,nb11,260,-0.808,-1.493,1,1
10,2,27,3,N,nb12,260,-1.827,0.408,0,0
10,2,27,3,N,nb13,260,0.889,-1.29,3,1
10,2,27,3,N,nb14,260,0.885,-1.726,1,1
10,2,27,3,N,nb15,260,0.756,-1.084,1,1
10,2,27,3,N,nb16,260,0.454,0.859,2,1
10,2,27,3,N,nb17,260,1.665,-0.017,2,1
10,2,27,3,N,nb18,260,-0.289,-0.631,1,1
10,2,27,3,N,nb19,260,1.866,1.383,1,1
10,2,27,3,N,nb20,260,0.483,-1.307,1,1
10,2,27,3,N,nb21,260,1.374,-0.163,1,1
10,2,27,3,N,nb22,260,1.473,0.069,2,1
10,2,27,3,N,nb23,260,0.312,0.717,2,1
10,2,27,3,N,nb24,260,-1.006,-1.271,1,1
10,2,27,3,N,nb25,260,0.946,-1.528,3,1
10,2,27,3,N,nb26,260,0.479,1.104,1,1
10,2,27,3,N,nb27,260,-0.67,0.518,1,1
10,2,27,3,N,nb28,260,0.135,0.639,1,1
10,2,27,3,N,nb29,260,1.239,0.044,3,1
10,2,27,3,A,aa0,260,-1.865,-0.431,0,0
10,2,27,3,A,aa1,260,-0.547,1.865,0,0
10,2,27,3,A,aa2,260,-1.13,-0.471,0,0
10,2,27,3,N,nb0,265,0.515,-0.264,1,1
10,2,27,3,N,nb1,265,0.551,-1.542,2,1
10,2,27,3,N,nb2,265,-1.044,-1.513,2,1
10,2,27,3,N,nb3,265,1.142,1.467,0,0
10,2,27,3,N,nb4,265,0.774,-1.448,3,1
10,2,27,3,N,nb5,265,-0.682,0.687,1,1
10,2,27,3,N,nb6,265,1.843,0.155,1,1
10,2,27,3,N,nb7,265,-0.059,-0.596,1,1
10,2,27,3,N,nb8,265,1.295,0.281,1,1
10,2,27,3,N,nb9,265,0.36,-0.083,1,1
10,2,27,3,N,nb10,265,1.631,1.384,1,1
10,2,27,3,N,nb11,265,-0.808,-1.493,1,1
10,2,27,3,N,nb12,265,-1.796,0.319,0,0
10,2,27,3,N,nb13,265,0.889,-1.29,3,1
10,2,27,3,N,nb14,265,0.885,-1.726,1,1
10,2,27,3,N,nb15,265,0.756,-1.084,1,1
10,2,27,3,N,nb16,265,0.454,0.859,2,1
10,2,27,3,N,nb17,265,1.665,-0.017,2,1
10,2,27,3,N,nb18,265,-0.289,-0.631,1,1
10,2,27,3,N,nb19,265,1.866,1.383,1,1
10,2,27,3,N,nb20,265,0.483,-1.307,1,1
10,2,27,3,N,nb21,265,1.374,-0.163,1,1
10,2,27,3,N,nb22,265,1.473,0.069,2,1
10,2,27,3,N,nb23,265,0.312,0.717,2,1
10,2,27,3,N,nb24,265,-1.006,-1.271,1,1
10,2,27,3,N,nb25,265,0.946,-1.528,3,1
10,2,27,3,N,nb26,265,0.479,1.104,1,1
10,2,27,3,N,nb27,265,-0.67,0.518,1,1
10,2,27,3,N,nb28,265,0.135,0.639,1,1
10,2,27,3,N,nb29,265,1.239,0.044,3,1
10,2,27,3,A,aa0,265,-1.865,-0.493,0,0
10,2,27,3,A,aa1,265,-0.455,1.864,0,0
10,2,27,3,A,aa2,265,-1.123,-0.57,0,0
10,2,27,3,N,nb0,270,0.515,-0.264,1,1
10,2,27,3,N,nb1,270,0.551,-1.542,2,1
10,2,27,3,N,nb2,270,-1.044,-1.513,2,1
10,2,27,3,N,nb3,270,1.231,1.422,0,0
10,2,27,3,N,nb4,270,0.774,-1.448,3,1
10,2,27,3,N,nb5,270,-0.682,0.687,1,1
10,2,27,3,N,nb6,270,1.843,0.155,1,1
10,2,27,3,N,nb7,270,-0.059,-0.596,1,1
10,2,27,3,N,nb8,270,1.295,0.281,1,1
10,2,27,3,N,nb9,270,0.36,-0.083,1,1
10,2,27,3,N,nb10,270,1.631,1.384,1,1
10,2,27,3,N,nb11,270,-0.808,-1.493,1,1
10,2,27,3,N,nb12,270,-1.757,0.233,0,0
10,2,27,3,N,nb13,270,0.889,-1.29,3,1
10,2,27,3,N,nb14,270,0.885,-1.726,1,1
10,2,27,3,N,nb15,270,0.756,-1.084,1,1
10,2,27,3,N,nb16,270,0.454,0.859,2,1
10,2,27,3,N,nb17,270,1.665,-0.017,2,1
10,2,27,3,N,nb18,270,-0.289,-0.631,1,1
10,2,27,3,N,nb19,270,1.866,1.383,1,1
10,2,27,3,N,nb20,270,0.483,-1.307,1,1
10,2,27,3,N,nb21,270,1.374,-0.163,1,1
10,2,27,3,N,nb22,270,1.473,0.069,2,1
10,2,27,3,N,nb23,270,0.312,0.717,2,1
10,2,27,3,N,nb24,270,-1.006,-1.271,1,1
10,2,27,3,N,nb25,270,0.946,-1.528,3,1
10,2,27,3,N,nb26,270,0.479,1.104,1,1
10,2,27,3,N,nb27,270,-0.67,0.518,1,1
10,2,27,3,N,nb28,270,0.135,0.639,1,1
10,2,27,3,N,nb29,270,1.239,0.044,3,1
10,2,27,3,A,aa0,270,-1.865,-0.495,0,0
10,2,27,3,A,aa1,270,-0.363,1.853,0,0
10,2,27,3,A,aa2,270,-1.116,-0.67,0,0
10,2,27,3,N,nb0,275,0.515,-0.264,1,1
10,2,27,3,N,nb1,275,0.551,-1.542,2,1
10,2,27,3,N,nb2,275,-1.044,-1.513,2,1
10,2,27,3,N,nb3,275,1.32,1.376,0,0
10,2,27,3,N,nb4,275,0.774,-1.448,3,1
10,2,27,3,N,nb5,275,-0.682,0.687,1,1
10,2,27,3,N,nb6,275,1.843,0.155,1,1
10,2,27,3,N,nb7,275,-0.059,-0.596,1,1
10,2,27,3,N,nb8,275,1.295,0.281,1,1
10,2,27,3,N,nb9,275,0.36,-0.083,1,1
10,2,27,3,N,nb10,275,1.631,1.384,1,1
10,2,27,3,N,nb11,275,-0.808,-1.493,1,1
10,2,27,3,N,nb12,275,-1.712,0.144,0,0
10,2,27,3,N,nb13,275,0.889,-1.29,3,1
10,2,27,3,N,nb14,275,0.885,-1.726,1,1
10,2,27,3,N,nb15,275,0.756,-1.084,1,1
10,2,27,3,N,nb16,275,0.454,0.859,2,1
10,2,27,3,N,nb17,275,1.665,-0.017,2,1
10,2,27,3,N,nb18,275,-0.289,-0.631,1,1
10,2,27,3,N,nb19,275,1.866,1.383,1,1
10,2,27,3,N,nb20,275,0.483,-1.307,1,1
10,2,27,3,N,nb21,275,1.374,-0.163,1,1
10,2,27,3,N,nb22,275,1.473,0.069,2,1
10,2,27,3,N,nb23,275,0.312,0.717,2,1
10,2,27,3,N,nb24,275,-1.006,-1.271,1,1
10,2,27,3,N,nb25,275,0.946,-1.528,3,1
10,2,27,3,N,nb26,275,0.479,1.104,1,1
10,2,27,3,N,nb27,275,-0.67,0.518,1,1
10,2,27,3,N,nb28,275,0.135,0.639,1,1
10,2,27,3,N,nb29,275,1.239,0.044,3,1
10,2,27,3,A,aa0,275,-1.848,-0.525,0,0
10,2,27,3,A,aa1,275,-0.272,1.832,0,0
10,2,27,3,A,aa2,275,-1.113,-0.713,1,0
10,2,27,3,N,nb0,280,0.515,-0.264,1,0
10,2,27,3,N,nb1,280,0.551,-1.542,2,1
10,2,27,3,N,nb2,280,-1.044,-1.513,2,1
10,2,27,3,N,nb3,280,1.392,1.34,1,1
10,2,27,3,N,nb4,280,0.774,-1.448,3,1
10,2,27,3,N,nb5,280,-0.682,0.687,1,0
10,2,27,3,N,nb6,280,1.843,0.155,1,1
10,2,27,3,N,nb7,280,-0.059,-0.596,1,1
10,2,27,3,N,nb8,280,1.295,0.281,1,1
10,2,27,3,N,nb9,280,0.36,-0.083,1,0
10,2,27,3,N,nb10,280,1.631,1.384,2,1
10,2,27,3,N,nb11,280,-0.808,-1.493,1,1
10,2,27,3,N,nb12,280,-1.667,0.055,0,0
10,2,27,3,N,nb13,280,0.889,-1.29,3,1
10,2,27,3,N,nb14,280,0.885,-1.726,1,1
10,2,27,3,N,nb15,280,0.756,-1.084,1,1
10,2,27,3,N,nb16,280,0.454,0.859,2,1
10,2,27,3,N,nb17,280,1.665,-0.017,2,1
10,2,27,3,N,nb18,280,-0.289,-0.631,1,1
10,2,27,3,N,nb19,280,1.866,1.383,1,1
10,2,27,3,N,nb20,280,0.483,-1.307,1,1
10,2,27,3,N,nb21,280,1.374,-0.163,1,1
10,2,27,3,N,nb22,280,1.473,0.069,2,1
10,2,27,3,N,nb23,280,0.312,0.717,2,1
10,2,27,3,N,nb24,280,-1.006,-1.271,1,1
10,2,27,3,N,nb25,280,0.946,-1.528,3,1
10,2,27,3,N,nb26,280,0.479,1.104,1,1
10,2,27,3,N,nb27,280,-0.67,0.518,1,1
10,2,27,3,N,nb28,280,0.135,0.639,1,1
10,2,27,3,N,nb29,280,1.239,0.044,3,1
10,2,27,3,A,aa0,280,-1.795,-0.605,0,0
10,2,27,3,A,aa1,280,-0.183,1.803,0,0
10,2,27,3,A,aa2,280,-1.113,-0.713,1,0
10,2,27,3,N,nb0,285,0.515,-0.264,1,1
10,2,27,3,N,nb1,285,0.551,-1.542,2,1
10,2,27,3,N,nb2,285,-1.044,-1.513,2,1
10,2,27,3,N,nb3,285,1.392,1.34,1,1
10,2,27,3,N,nb4,285,0.774,-1.448,3,1
10,2,27,3,N,nb5,285,-0.682,0.687,1,1
10,2,27,3,N,nb6,285,1.843,0.155,1,1
10,2,27,3,N,nb7,285,-0.059,-0.596,1,1
10,2,27,3,N,nb8,285,1.295,0.281,1,1
10,2,27,3,N,nb9,285,0.36,-0.083,1,1
10,2,27,3,N,nb10,285,1.631,1.384,2,0
10,2,27,3,N,nb11,285,-0.808,-1.493,1,1
10,2,27,3,N,nb12,285,-1.621,-0.034,0,0
10,2,27,3,N,nb13,285,0.889,-1.29,3,1
10,2,27,3,N,nb14,285,0.885,-1.726,1,1
10,2,27,3,N,nb15,285,0.756,-1.084,1,1
10,2,27,3,N,nb16,285,0.454,0.859,2,1
10,2,27,3,N,nb17,285,1.665,-0.017,2,1
10,2,27,3,N,nb18,285,-0.289,-0.631,1,1
10,2,27,3,N,nb19,285,1.866,1.383,1,0
10,2,27,3,N,nb20,285,0.483,-1.307,1,1
10,2,27,3,N,nb21,285,1.374,-0.163,1,1
10,2,27,3,N,nb22,285,1.473,0.069,2,1
10,2,27,3,N,nb23,285,0.312,0.717,2,1
10,2,27,3,N,nb24,285,-1.006,-1.271,1,1
10,2,27,3,N,nb25,285,0.946,-1.528,3,1
10,2,27,3,N,nb26,285,0.479,1.104,1,1
10,2,27,3,N,nb27,285,-0.67,0.518,1,1
10,2,27,3,N,nb28,285,0.135,0.639,1,1
10,2,27,3,N,nb29,285,1.239,0.044,3,1
10,2,27,3,A,aa0,285,-1.737,-0.682,0,0
10,2,27,3,A,aa1,285,-0.097,1.767,0,0
10,2,27,3,A,aa2,285,-1.076,-0.728,1,0
10,2,27,3,N,nb0,290,0.515,-0.264,1,1
10,2,27,3,N,nb1,290,0.551,-1.542,2,1
10,2,27,3,N,nb2,290,-1.044,-1.513,2,1
10,2,27,3,N,nb3,290,1.392,1.34,1,1
10,2,27,3,N,nb4,290,0.774,-1.448,3,1
10,2,27,3,N,nb5,290,-0.682,0.687,1,1
10,2,27,3,N,nb6,290,1.843,0.155,1,1
10,2,27,3,N,nb7,290,-0.059,-0.596,1,1
10,2,27,3,N,nb8,290,1.295,0.281,1,1
10,2,27,3,N,nb9,290,0.36,-0.083,1,1
10,2,27,3,N,nb10,290,1.631,1.384,2,1
10,2,27,3,N,nb11,290,-0.808,-1.493,1,0
10,2,27,3,N,nb12,290,-1.576,-0.123,0,0
10,2,27,3,N,nb13,290,0.889,-1.29,3,1
10,2,27,3,N,nb14,290,0.885,-1.726,1,1
10,2,27,3,N,nb15,290,0.756,-1.084,1,1
10,2,27,3,N,nb16,290,0.454,0.859,2,1
10,2,27,3,N,nb17,290,1.665,-0.017,2,1
10,2,27,3,N,nb18,290,-0.289,-0.631,1,1
10,2,27,3,N,nb19,290,1.866,1.383,1,1
10,2,27,3,N,nb20,290,0.483,-1.307,1,1
10,2,27,3,N,nb21,290,1.374,-0.163,1,1
10,2,27,3,N,nb22,290,1.473,0.069,2,1
10,2,27,3,N,nb23,290,0.312,0.717,2,1
10,2,27,3,N,nb24,290,-1.006,-1.271,1,1
10,2,27,3,N,nb25,290,0.946,-1.528,3,1
10,2,27,3,N,nb26,290,0.479,1.104,1,1
10,2,27,3,N,nb27,290,-0.67,0.518,1,1
10,2,27,3,N,nb28,290,0.135,0.639,1,1
10,2,27,3,N,nb29,290,1.239,0.044,3,1
10,2,27,3,A,aa0,290,-1.675,-0.761,0,0
10,2,27,3,A,aa1,290,-0.008,1.722,0,0
10,2,27,3,A,aa2,290,-1.022,-0.708,1,0
10,2,27,3,N,nb0,295,0.515,-0.264,1,1
10,2,27,3,N,nb1,295,0.551,-1.542,2,1
10,2,27,3,N,nb2,295,-1.044,-1.513,2,1
10,2,27,3,N,nb3,295,1.392,1.34,1,1
10,2,27,3,N,nb4,295,0.774,-1.448,3,1
10,2,27,3,N,nb5,295,-0.682,0.687,1,1
10,2,27,3,N,nb6,295,1.843,0.155,1,1
10,2,27,3,N,nb7,295,-0.059,-0.596,1,1
10,2,27,3,N,nb8,295,1.295,0.281,1,1
10,2,27,3,N,nb9,295,0.36,-0.083,1,1
10,2,27,3,N,nb10,295,1.631,1.384,2,1
10,2,27,3,N,nb11,295,-0.808,-1.493,1,1
10,2,27,3,N,nb12,295,-1.53,-0.212,0,0
10,2,27,3,N,nb13,295,0.889,-1.29,3,1
10,2,27,3,N,nb14,295,0.885,-1.726,1,1
10,2,27,3,N,nb15,295,0.756,-1.084,1,1
10,2,27,3,N,nb16,295,0.454,0.859,2,1
10,2,27,3,N,nb17,295,1.665,-0.017,2,1
10,2,27,3,N,nb18,295,-0.289,-0.631,1,1
10,2,27,3,N,nb19,295,1.866,1.383,1,1
10,2,27,3,N,nb20,295,0.483,-1.307,1,1
10,2,27,3,N,nb21,295,1.374,-0.163,1,1
10,2,27,3,N,nb22,295,1.473,0.069,2,1
10,2,27,3,N,nb23,295,0.312,0.717,2,1
10,2,27,3,N,nb24,295,-1.006,-1.271,1,1
10,2,27,3,N,nb25,295,0.946,-1.528,3,1
10,2,27,3,N,nb26,295,0.479,1.104,1,1
10,2,27,3,N,nb27,295,-0.67,0.518,1,1
10,2,27,3,N,nb28,295,0.135,0.639,1,1
10,2,27,3,N,nb29,295,1.239,0.044,3,1
10,2,27,3,A,aa0,295,-1.613,-0.839,0,0
10,2,27,3,A,aa1,295,0.081,1.677,0,0
10,2,27,3,A,aa2,295,-1.001,-0.7,1,0
10,2,27,3,N,nb0,300,0.515,-0.264,1,1
10,2,27,3,N,nb1,300,0.551,-1.542,2,1
10,2,27,3,N,nb2,300,-1.044,-1.513,2,1
10,2,27,3,N,nb3,300,1.392,1.34,1,1
10,2,27,3,N,nb4,300,0.774,-1.448,3,1
10,2,27,3,N,nb5,300,-0.682,0.687,1,1
10,2,27,3,N,nb6,300,1.843,0.155,1,1
10,2,27,3,N,nb7,300,-0.059,-0.596,1,1
10,2,27,3,N,nb8,300,1.295,0.281,1,0
10,2,27,3,N,nb9,300,0.36,-0.083,1,1
10,2,27,3,N,nb10,300,1.631,1.384,2,1
10,2,27,3,N,nb11,300,-0.808,-1.493,1,1
10,2,27,3,N,nb12,300,-1.485,-0.301,0,0
10,2,27,3,N,nb13,300,0.889,-1.29,3,1
10,2,27,3,N,nb14,300,0.885,-1.726,1,1
10,2,27,3,N,nb15,300,0.756,-1.084,1,1
10,2,27,3,N,nb16,300,0.454,0.859,2,1
10,2,27,3,N,nb17,300,1.665,-0.017,2,1
10,2,27,3,N,nb18,300,-0.289,-0.631,1,1
10,2,27,3,N,nb19,300,1.866,1.383,1,1
10,2,27,3,N,nb20,300,0.483,-1.307,1,1
10,2,27,3,N,nb21,300,1.374,-0.163,1,1
10,2,27,3,N,nb22,300,1.473,0.069,2,1
10,2,27,3,N,nb23,300,0.312,0.717,2,1
10,2,27,3,N,nb24,300,-1.006,-1.271,1,1
10,2,27,3,N,nb25,300,0.946,-1.528,3,1
10,2,27,3,N,nb26,300,0.479,1.104,1,1
10,2,27,3,N,nb27,300,-0.67,0.518,1,1
10,2,27,3,N,nb28,300,0.135,0.639,1,1
10,2,27,3,N,nb29,300,1.239,0.044,3,0
10,2,27,3,A,aa0,300,-1.551,-0.918,0,0
10,2,27,3,A,aa1,300,0.17,1.632,0,0
10,2,27,3,A,aa2,300,-0.98,-0.647,0,0
10,2,27,3,N,nb0,305,0.515,-0.264,1,1
10,2,27,3,N,nb1,305,0.551,-1.542,2,1
10,2,27,3,N,nb2,305,-1.044,-1.513,2,1
10,2,27,3,N,nb3,305,1.392,1.34,1,1
10,2,27,3,N,nb4,305,0.774,-1.448,3,1
10,2,27,3,N,nb5,305,-0.682,0.687,1,1
10,2,27,3,N,nb6,305,1.843,0.155,1,1
10,2,27,3,N,nb7,305,-0.059,-0.596,1,1
10,2,27,3,N,nb8,305,1.295,0.281,1,1
10,2,27,3,N,nb9,305,0.36,-0.083,1,1
10,2,27,3,N,nb10,305,1.631,1.384,2,1
10,2,27,3,N,nb11,305,-0.808,-1.493,1,1
10,2,27,3,N,nb12,305,-1.439,-0.39,0,0
10,2,27,3,N,nb13,305,0.889,-1.29,3,1
10,2,27,3,N,nb14,305,0.885,-1.726,1,1
10,2,27,3,N,nb15,305,0.756,-1.084,1,1
10,2,27,3,N,nb16,305,0.454,0.859,2,1
10,2,27,3,N,nb17,305,1.665,-0.017,2,1
10,2,27,3,N,nb18,305,-0.289,-0.631,1,1
10,2,27,3,N,nb19,305,1.866,1.383,1,1
10,2,27,3,N,nb20,305,0.483,-1.307,1,1
10,2,27,3,N,nb21,305,1.374,-0.163,1,1
10,2,27,3,N,nb22,305,1.473,0.069,2,1
10,2,27,3,N,nb23,305,0.312,0.717,2,1
10,2,27,3,N,nb24,305,-1.006,-1.271,1,1
10,2,27,3,N,nb25,305,0.946,-1.528,3,1
10,2,27,3,N,nb26,305,0.479,1.104,1,1
10,2,27,3,N,nb27,305,-0.67,0.518,1,1
10,2,27,3,N,nb28,305,0.135,0.639,1,1
10,2,27,3,N,nb29,305,1.239,0.044,3,1
10,2,27,3,A,aa0,305,-1.49,-0.997,1,0
10,2,27,3,A,aa1,305,0.259,1.586,1,0
10,2,27,3,A,aa2,305,-0.945,-0.554,0,0
10,2,27,3,N,nb0,310,0.515,-0.264,1,1
10,2,27,3,N,nb1,310,0.551,-1.542,2,1
10,2,27,3,N,nb2,310,-1.044,-1.513,2,1
10,2,27,3,N,nb3,310,1.392,1.34,1,1
10,2,27,3,N,nb4,310,0.774,-1.448,3,0
10,2,27,3,N,nb5,310,-0.682,0.687,1,1
10,2,27,3,N,nb6,310,1.843,0.155,1,0
10,2,27,3,N,nb7,310,-0.059,-0.596,1,1
10,2,27,3,N,nb8,310,1.295,0.281,1,1
10,2,27,3,N,nb9,310,0.36,-0.083,1,1
10,2,27,3,N,nb10,310,1.631,1.384,2,1
10,2,27,3,N,nb11,310,-0.808,-1.493,1,1
10,2,27,3,N,nb12,310,-1.394,-0.479,0,0
10,2,27,3,N,nb13,310,0.889,-1.29,3,0
10,2,27,3,N,nb14,310,0.885,-1.726,1,0
10,2,27,3,N,nb15,310,0.756,-1.084,1,1
10,2,27,3,N,nb16,310,0.454,0.859,2,0
10,2,27,3,N,nb17,310,1.665,-0.017,2,0
10,2,27,3,N,nb18,310,-0.289,-0.631,1,1
10,2,27,3,N,nb19,310,1.866,1.383,1,1
10,2,27,3,N,nb20,310,0.483,-1.307,1,1
10,2,27,3,N,nb21,310,1.374,-0.163,1,1
10,2,27,3,N,nb22,310,1.473,0.069,2,0
10,2,27,3,N,nb23,310,0.312,0.717,2,0
10,2,27,3,N,nb24,310,-1.006,-1.271,1,1
10,2,27,3,N,nb25,310,0.946,-1.528,3,0
10,2,27,3,N,nb26,310,0.479,1.104,1,1
10,2,27,3,N,nb27,310,-0.67,0.518,1,1
10,2,27,3,N,nb28,310,0.135,0.639,1,0
10,2,27,3,N,nb29,310,1.239,0.044,3,1
10,2,27,3,A,aa0,310,-1.428,-1.075,2,0
10,2,27,3,A,aa1,310,0.348,1.541,1,0
10,2,27,3,A,aa2,310,-0.91,-0.46,0,0
10,2,27,3,N,nb0,315,0.515,-0.264,1,1
10,2,27,3,N,nb1,315,0.551,-1.542,2,1
10,2,27,3,N,nb2,315,-1.044,-1.513,2,1
10,2,27,3,N,nb3,315,1.392,1.34,1,1
10,2,27,3,N,nb4,315,0.774,-1.448,3,1
10,2,27,3,N,nb5,315,-0.682,0.687,1,1
10,2,27,3,N,nb6,315,1.843,0.155,1,1
10,2,27,3,N,nb7,315,-0.059,-0.596,1,1
10,2,27,3,N,nb8,315,1.295,0.281,1,1
10,2,27,3,N,nb9,315,0.36,-0.083,1,1
10,2,27,3,N,nb10,315,1.631,1.384,2,1
10,2,27,3,N,nb11,315,-0.808,-1.493,1,1
10,2,27,3,N,nb12,315,-1.348,-0.568,0,0
10,2,27,3,N,nb13,315,0.889,-1.29,3,1
10,2,27,3,N,nb14,315,0.885,-1.726,1,1
10,2,27,3,N,nb15,315,0.756,-1.084,1,1
10,2,27,3,N,nb16,315,0.454,0.859,2,1
10,2,27,3,N,nb17,315,1.665,-0.017,2,1
10,2,27,3,N,nb18,315,-0.289,-0.631,1,1
10,2,27,3,N,nb19,315,1.866,1.383,1,1
10,2,27,3,N,nb20,315,0.483,-1.307,1,1
10,2,27,3,N,nb21,315,1.374,-0.163,1,1
10,2,27,3,N,nb22,315,1.473,0.069,2,1
10,2,27,3,N,nb23,315,0.312,0.717,2,1
10,2,27,3,N,nb24,315,-1.006,-1.271,1,1
10,2,27,3,N,nb25,315,0.946,-1.528,3,1
10,2,27,3,N,nb26,315,0.479,1.104,1,1
10,2,27,3,N,nb27,315,-0.67,0.518,1,0
10,2,27,3,N,nb28,315,0.135,0.639,1,1
10,2,27,3,N,nb29,315,1.239,0.044,3,1
10,2,27,3,A,aa0,315,-1.366,-1.154,0,0
10,2,27,3,A,aa1,315,0.351,1.54,1,0
10,2,27,3,A,aa2,315,-0.875,-0.366,0,0
10,2,27,3,N,nb0,320,0.515,-0.264,1,1
10,2,27,3,N,nb1,320,0.551,-1.542,2,1
10,2,27,3,N,nb2,320,-1.044,-1.513,2,0
10,2,27,3,N,nb3,320,1.392,1.34,1,1
10,2,27,3,N,nb4,320,0.774,-1.448,3,1
10,2,27,3,N,nb5,320,-0.682,0.687,1,1
10,2,27,3,N,nb6,320,1.843,0.155,1,1
10,2,27,3,N,nb7,320,-0.059,-0.596,1,1
10,2,27,3,N,nb8,320,1.295,0.281,1,1
10,2,27,3,N,nb9,320,0.36,-0.083,1,1
10,2,27,3,N,nb10,320,1.631,1.384,2,1
10,2,27,3,N,nb11,320,-0.808,-1.493,1,0
10,2,27,3,N,nb12,320,-1.303,-0.657,0,0
10,2,27,3,N,nb13,320,0.889,-1.29,3,1
10,2,27,3,N,nb14,320,0.885,-1.726,1,1
10,2,27,3,N,nb15,320,0.756,-1.084,1,1
10,2,27,3,N,nb16,320,0.454,0.859,2,1
10,2,27,3,N,nb17,320,1.665,-0.017,2,1
10,2,27,3,N,nb18,320,-0.289,-0.631,1,1
10,2,27,3,N,nb19,320,1.866,1.383,1,1
10,2,27,3,N,nb20,320,0.483,-1.307,1,1
10,2,27,3,N,nb21,320,1.374,-0.163,1,1
10,2,27,3,N,nb22,320,1.473,0.069,2,1
10,2,27,3,N,nb23,320,0.312,0.717,2,1
10,2,27,3,N,nb24,320,-1.006,-1.271,1,0
10,2,27,3,N,nb25,320,0.946,-1.528,3,1
10,2,27,3,N,nb26,320,0.479,1.104,1,1
10,2,27,3,N,nb27,320,-0.67,0.518,1,1
10,2,27,3,N,nb28,320,0.135,0.639,1,1
10,2,27,3,N,nb29,320,1.239,0.044,3,1
10,2,27,3,A,aa0,320,-1.304,-1.233,3,1
10,2,27,3,A,aa1,320,0.422,1.568,0,0
10,2,27,3,A,aa2,320,-0.84,-0.273,0,0
10,2,27,3,N,nb0,325,0.515,-0.264,1,1
10,2,27,3,N,nb1,325,0.551,-1.542,2,1
10,2,27,3,N,nb2,325,-1.084,-1.434,2,0
10,2,27,3,N,nb3,325,1.392,1.34,1,1
10,2,27,3,N,nb4,325,0.774,-1.448,3,1
10,2,27,3,N,nb5,325,-0.682,0.687,1,1
10,2,27,3,N,nb6,325,1.843,0.155,1,1
10,2,27,3,N,nb7,325,-0.059,-0.596,1,1
10,2,27,3,N,nb8,325,1.295,0.281,1,1
10,2,27,3,N,nb9,325,0.36,-0.083,1,1
10,2,27,3,N,nb10,325,1.631,1.384,2,1
10,2,27,3,N,nb11,325,-0.891,-1.486,2,0
10,2,27,3,N,nb12,325,-1.257,-0.746,0,0
10,2,27,3,N,nb13,325,0.889,-1.29,3,1
10,2,27,3,N,nb14,325,0.885,-1.726,1,1
10,2,27,3,N,nb15,325,0.756,-1.084,1,1
10,2,27,3,N,nb16,325,0.454,0.859,2,1
10,2,27,3,N,nb17,325,1.665,-0.017,2,1
10,2,27,3,N,nb18,325,-0.289,-0.631,1,1
10,2,27,3,N,nb19,325,1.866,1.383,1,1
10,2,27,3,N,nb20,325,0.483,-1.307,1,1
10,2,27,3,N,nb21,325,1.374,-0.163,1,1
10,2,27,3,N,nb22,325,1.473,0.069,2,1
10,2,27,3,N,nb23,325,0.312,0.717,2,1
10,2,27,3,N,nb24,325,-0.92,-1.291,2,0
10,2,27,3,N,nb25,325,0.946,-1.528,3,1
10,2,27,3,N,nb26,325,0.479,1.104,1,1
10,2,27,3,N,nb27,325,-0.67,0.518,1,1
10,2,27,3,N,nb28,325,0.135,0.639,1,1
10,2,27,3,N,nb29,325,1.239,0.044,3,1
10,2,27,3,A,aa0,325,-1.244,-1.309,0,0
10,2,27,3,A,aa1,325,0.515,1.606,1,0
10,2,27,3,A,aa2,325,-0.805,-0.179,0,0
10,2,27,3,N,nb0,330,0.515,-0.264,1,1
10,2,27,3,N,nb1,330,0.551,-1.542,2,1
10,2,27,3,N,nb2,330,-1.118,-1.397,1,1
10,2,27,3,N,nb3,330,1.392,1.34,1,1
10,2,27,3,N,nb4,330,0.774,-1.448,3,1
10,2,27,3,N,nb5,330,-0.682,0.687,1,1
10,2,27,3,N,nb6,330,1.843,0.155,1,1
10,2,27,3,N,nb7,330,-0.059,-0.596,1,1
10,2,27,3,N,nb8,330,1.295,0.281,1,1
10,2,27,3,N,nb9,330,0.36,-0.083,1,1
10,2,27,3,N,nb10,330,1.631,1.384,2,1
10,2,27,3,N,nb11,330,-0.975,-1.49,2,1
10,2,27,3,N,nb12,330,-1.212,-0.835,0,0
10,2,27,3,N,nb13,330,0.889,-1.29,3,1
10,2,27,3,N,nb14,330,0.885,-1.726,1,1
10,2,27,3,N,nb15,330,0.756,-1.084,1,1
10,2,27,3,N,nb16,330,0.454,0.859,2,1
10,2,27,3,N,nb17,330,1.665,-0.017,2,1
10,2,27,3,N,nb18,330,-0.289,-0.631,1,1
10,2,27,3,N,nb19,330,1.866,1.383,1,1
10,2,27,3,N,nb20,330,0.483,-1.307,1,1
10,2,27,3,N,nb21,330,1.374,-0.163,1,1
10,2,27,3,N,nb22,330,1.473,0.069,2,1
10,2,27,3,N,nb23,330,0.312,0.717,2,1
10,2,27,3,N,nb24,330,-0.827,-1.303,1,1
10,2,27,3,N,nb25,330,0.946,-1.528,3,1
10,2,27,3,N,nb26,330,0.479,1.104,1,1
10,2,27,3,N,nb27,330,-0.67,0.518,1,1
10,2,27,3,N,nb28,330,0.135,0.639,1,1
10,2,27,3,N,nb29,330,1.239,0.044,3,1
10,2,27,3,A,aa0,330,-1.255,-1.297,0,0
10,2,27,3,A,aa1,330,0.608,1.644,1,0
10,2,27,3,A,aa2,330,-0.77,-0.085,0,0
10,2,27,3,N,nb0,335,0.515,-0.264,1,1
10,2,27,3,N,nb1,335,0.551,-1.542,2,1
10,2,27,3,N,nb2,335,-1.119,-1.395,1,1
10,2,27,3,N,nb3,335,1.392,1.34,1,1
10,2,27,3,N,nb4,335,0.774,-1.448,3,1
10,2,27,3,N,nb5,335,-0.682,0.687,1,1
10,2,27,3,N,nb6,335,1.843,0.155,1,1
10,2,27,3,N,nb7,335,-0.059,-0.596,1,1
10,2,27,3,N,nb8,335,1.295,0.281,1,1
10,2,27,3,N,nb9,335,0.36,-0.083,1,1
10,2,27,3,N,nb10,335,1.631,1.384,2,1
10,2,27,3,N,nb11,335,-0.978,-1.49,2,1
10,2,27,3,N,nb12,335,-1.166,-0.925,0,0
10,2,27,3,N,nb13,335,0.889,-1.29,3,1
10,2,27,3,N,nb14,335,0.885,-1.726,1,1
10,2,27,3,N,nb15,335,0.756,-1.084,1,1
10,2,27,3,N,nb16,335,0.454,0.859,2,1
10,2,27,3,N,nb17,335,1.665,-0.017,2,1
10,2,27,3,N,nb18,335,-0.289,-0.631,1,1
10,2,27,3,N,nb19,335,1.866,1.383,1,1
10,2,27,3,N,nb20,335,0.483,-1.307,1,0
10,2,27,3,N,nb21,335,1.374,-0.163,1,1
10,2,27,3,N,nb22,335,1.473,0.069,2,1
10,2,27,3,N,nb23,335,0.312,0.717,2,1
10,2,27,3,N,nb24,335,-0.824,-1.303,1,1
10,2,27,3,N,nb25,335,0.946,-1.528,3,1
10,2,27,3,N,nb26,335,0.479,1.104,1,1
10,2,27,3,N,nb27,335,-0.67,0.518,1,1
10,2,27,3,N,nb28,335,0.135,0.639,1,1
10,2,27,3,N,nb29,335,1.239,0.044,3,1
10,2,27,3,A,aa0,335,-1.263,-1.305,2,0
10,2,27,3,A,aa1,335,0.7,1.681,0,0
10,2,27,3,A,aa2,335,-0.735,0.008,1,0
10,2,27,3,N,nb0,340,0.515,-0.264,1,1
10,2,27,3,N,nb1,340,0.551,-1.542,2,1
10,2,27,3,N,nb2,340,-1.119,-1.395,1,1
10,2,27,3,N,nb3,340,1.392,1.34,1,0
10,2,27,3,N,nb4,340,0.774,-1.448,3,1
10,2,27,3,N,nb5,340,-0.682,0.687,1,1
10,2,27,3,N,nb6,340,1.843,0.155,1,1
10,2,27,3,N,nb7,340,-0.059,-0.596,1,1
10,2,27,3,N,nb8,340,1.295,0.281,1,1
10,2,27,3,N,nb9,340,0.36,-0.083,1,1
10,2,27,3,N,nb10,340,1.631,1.384,2,1
10,2,27,3,N,nb11,340,-0.978,-1.49,2,1
10,2,27,3,N,nb12,340,-1.121,-1.014,0,0
10,2,27,3,N,nb13,340,0.889,-1.29,3,1
10,2,27,3,N,nb14,340,0.885,-1.726,1,1
10,2,27,3,N,nb15,340,0.756,-1.084,1,1
10,2,27,3,N,nb16,340,0.454,0.859,2,1
10,2,27,3,N,nb17,340,1.665,-0.017,2,1
10,2,27,3,N,nb18,340,-0.289,-0.631,1,1
10,2,27,3,N,nb19,340,1.866,1.383,1,1
10,2,27,3,N,nb20,340,0.483,-1.307,1,1
10,2,27,3,N,nb21,340,1.374,-0.163,1,1
10,2,27,3,N,nb22,340,1.473,0.069,2,1
10,2,27,3,N,nb23,340,0.312,0.717,2,1
10,2,27,3,N,nb24,340,-0.824,-1.303,1,1
10,2,27,3,N,nb25,340,0.946,-1.528,3,1
10,2,27,3,N,nb26,340,0.479,1.104,1,1
10,2,27,3,N,nb27,340,-0.67,0.518,1,1
10,2,27,3,N,nb28,340,0.135,0.639,1,1
10,2,27,3,N,nb29,340,1.239,0.044,3,1
10,2,27,3,A,aa0,340,-1.282,-1.346,1,0
10,2,27,3,A,aa1,340,0.793,1.719,0,0
10,2,27,3,A,aa2,340,-0.7,0.102,1,0
10,2,27,3,N,nb0,345,0.515,-0.264,1,1
10,2,27,3,N,nb1,345,0.551,-1.542,2,1
10,2,27,3,N,nb2,345,-1.119,-1.395,1,1
10,2,27,3,N,nb3,345,1.392,1.34,1,1
10,2,27,3,N,nb4,345,0.774,-1.448,3,1
10,2,27,3,N,nb5,345,-0.682,0.687,1,1
10,2,27,3,N,nb6,345,1.843,0.155,1,1
10,2,27,3,N,nb7,345,-0.059,-0.596,1,1
10,2,27,3,N,nb8,345,1.295,0.281,1,1
10,2,27,3,N,nb9,345,0.36,-0.083,1,1
10,2,27,3,N,nb10,345,1.631,1.384,2,1
10,2,27,3,N,nb11,345,-0.978,-1.49,2,1
10,2,27,3,N,nb12,345,-1.075,-1.103,0,0
10,2,27,3,N,nb13,345,0.889,-1.29,3,1
10,2,27,3,N,nb14,345,0.885,-1.726,1,1
10,2,27,3,N,nb15,345,0.756,-1.084,1,1
10,2,27,3,N,nb16,345,0.454,0.859,2,1
10,2,27,3,N,nb17,345,1.665,-0.017,2,1
10,2,27,3,N,nb18,345,-0.289,-0.631,1,1
10,2,27,3,N,nb19,345,1.866,1.383,1,1
10,2,27,3,N,nb20,345,0.483,-1.307,1,1
10,2,27,3,N,nb21,345,1.374,-0.163,1,1
10,2,27,3,N,nb22,345,1.473,0.069,2,1
10,2,27,3,N,nb23,345,0.312,0.717,2,1
10,2,27,3,N,nb24,345,-0.824,-1.303,1,1
10,2,27,3,N,nb25,345,0.946,-1.528,3,1
10,2,27,3,N,nb26,345,0.479,1.104,1,1
10,2,27,3,N,nb27,345,-0.67,0.518,1,1
10,2,27,3,N,nb28,345,0.135,0.639,1,1
10,2,27,3,N,nb29,345,1.239,0.044,3,1
10,2,27,3,A,aa0,345,-1.289,-1.428,1,0
10,2,27,3,A,aa1,345,0.885,1.757,0,0
10,2,27,3,A,aa2,345,-0.664,0.195,1,0
10,2,27,3,N,nb0,350,0.515,-0.264,1,1
10,2,27,3,N,nb1,350,0.551,-1.542,2,1
10,2,27,3,N,nb2,350,-1.119,-1.395,2,1
10,2,27,3,N,nb3,350,1.392,1.34,1,1
10,2,27,3,N,nb4,350,0.774,-1.448,3,1
10,2,27,3,N,nb5,350,-0.682,0.687,1,1
10,2,27,3,N,nb6,350,1.843,0.155,1,1
10,2,27,3,N,nb7,350,-0.059,-0.596,1,1
10,2,27,3,N,nb8,350,1.295,0.281,1,1
10,2,27,3,N,nb9,350,0.36,-0.083,1,1
10,2,27,3,N,nb10,350,1.631,1.384,2,1
10,2,27,3,N,nb11,350,-0.978,-1.49,2,1
10,2,27,3,N,nb12,350,-1.039,-1.172,1,1
10,2,27,3,N,nb13,350,0.889,-1.29,3,1
10,2,27,3,N,nb14,350,0.885,-1.726,1,1
10,2,27,3,N,nb15,350,0.756,-1.084,1,1
10,2,27,3,N,nb16,350,0.454,0.859,2,1
10,2,27,3,N,nb17,350,1.665,-0.017,2,1
10,2,27,3,N,nb18,350,-0.289,-0.631,1,1
10,2,27,3,N,nb19,350,1.866,1.383,1,1
10,2,27,3,N,nb20,350,0.483,-1.307,1,1
10,2,27,3,N,nb21,350,1.374,-0.163,1,1
10,2,27,3,N,nb22,350,1.473,0.069,2,1
10,2,27,3,N,nb23,350,0.312,0.717,2,1
10,2,27,3,N,nb24,350,-0.824,-1.303,1,1
10,2,27,3,N,nb25,350,0.946,-1.528,3,1
10,2,27,3,N,nb26,350,0.479,1.104,1,1
10,2,27,3,N,nb27,350,-0.67,0.518,1,1
10,2,27,3,N,nb28,350,0.135,0.639,1,1
10,2,27,3,N,nb29,350,1.239,0.044,3,1
10,2,27,3,A,aa0,350,-1.295,-1.522,2,0
10,2,27,3,A,aa1,350,0.973,1.791,0,0
10,2,27,3,A,aa2,350,-0.631,0.284,1,0
10,2,27,3,N,nb0,355,0.515,-0.264,1,1
10,2,27,3,N,nb1,355,0.551,-1.542,2,1
10,2,27,3,N,nb2,355,-1.119,-1.395,2,1
10,2,27,3,N,nb3,355,1.392,1.34,1,1
10,2,27,3,N,nb4,355,0.774,-1.448,3,1
10,2,27,3,N,nb5,355,-0.682,0.687,1,1
10,2,27,3,N,nb6,355,1.843,0.155,1,1
10,2,27,3,N,nb7,355,-0.059,-0.596,1,1
10,2,27,3,N,nb8,355,1.295,0.281,1,1
10,2,27,3,N,nb9,355,0.36,-0.083,1,1
10,2,27,3,N,nb10,355,1.631,1.384,2,1
10,2,27,3,N,nb11,355,-0.978,-1.49,2,1
10,2,27,3,N,nb12,355,-1.039,-1.172,1,1
10,2,27,3,N,nb13,355,0.889,-1.29,3,1
10,2,27,3,N,nb14,355,0.885,-1.726,1,1
10,2,27,3,N,nb15,355,0.756,-1.084,1,1
10,2,27,3,N,nb16,355,0.454,0.859,2,1
10,2,27,3,N,nb17,355,1.665,-0.017,2,1
10,2,27,3,N,nb18,355,-0.289,-0.631,1,1
10,2,27,3,N,nb19,355,1.866,1.383,1,1
10,2,27,3,N,nb20,355,0.483,-1.307,1,1
10,2,27,3,N,nb21,355,1.374,-0.163,1,1
10,2,27,3,N,nb22,355,1.473,0.069,2,1
10,2,27,3,N,nb23,355,0.312,0.717,2,1
10,2,27,3,N,nb24,355,-0.824,-1.303,1,1
10,2,27,3,N,nb25,355,0.946,-1.528,3,1
10,2,27,3,N,nb26,355,0.479,1.104,1,1
10,2,27,3,N,nb27,355,-0.67,0.518,1,1
10,2,27,3,N,nb28,355,0.135,0.639,1,1
10,2,27,3,N,nb29,355,1.239,0.044,3,1
10,2,27,3,A,aa0,355,-1.305,-1.602,2,0
10,2,27,3,A,aa1,355,1.061,1.814,1,0
10,2,27,3,A,aa2,355,-0.589,0.361,1,0
10,2,27,3,N,nb0,360,0.515,-0.264,1,1
10,2,27,3,N,nb1,360,0.551,-1.542,2,1
10,2,27,3,N,nb2,360,-1.119,-1.395,2,0
10,2,27,3,N,nb3,360,1.392,1.34,1,1
10,2,27,3,N,nb4,360,0.774,-1.448,3,1
10,2,27,3,N,nb5,360,-0.682,0.687,1,1
10,2,27,3,N,nb6,360,1.843,0.155,1,1
10,2,27,3,N,nb7,360,-0.059,-0.596,1,1
10,2,27,3,N,nb8,360,1.295,0.281,1,1
10,2,27,3,N,nb9,360,0.36,-0.083,1,1
10,2,27,3,N,nb10,360,1.631,1.384,2,1
10,2,27,3,N,nb11,360,-0.978,-1.49,2,0
10,2,27,3,N,nb12,360,-1.039,-1.172,1,1
10,2,27,3,N,nb13,360,0.889,-1.29,3,1
10,2,27,3,N,nb14,360,0.885,-1.726,1,1
10,2,27,3,N,nb15,360,0.756,-1.084,1,1
10,2,27,3,N,nb16,360,0.454,0.859,2,1
10,2,27,3,N,nb17,360,1.665,-0.017,2,1
10,2,27,3,N,nb18,360,-0.289,-0.631,1,1
10,2,27,3,N,nb19,360,1.866,1.383,1,1
10,2,27,3,N,nb20,360,0.483,-1.307,1,1
10,2,27,3,N,nb21,360,1.374,-0.163,1,1
10,2,27,3,N,nb22,360,1.473,0.069,2,1
10,2,27,3,N,nb23,360,0.312,0.717,2,1
10,2,27,3,N,nb24,360,-0.824,-1.303,1,0
10,2,27,3,N,nb25,360,0.946,-1.528,3,1
10,2,27,3,N,nb26,360,0.479,1.104,1,1
10,2,27,3,N,nb27,360,-0.67,0.518,1,1
10,2,27,3,N,nb28,360,0.135,0.639,1,1
10,2,27,3,N,nb29,360,1.239,0.044,3,1
10,2,27,3,A,aa0,360,-1.305,-1.602,2,0
10,2,27,3,A,aa1,360,1.152,1.826,1,0
10,2,27,3,A,aa2,360,-0.531,0.42,1,0
10,2,27,3,N,nb0,365,0.515,-0.264,1,1
10,2,27,3,N,nb1,365,0.551,-1.542,2,1
10,2,27,3,N,nb2,365,-1.119,-1.395,2,1
10,2,27,3,N,nb3,365,1.392,1.34,1,1
10,2,27,3,N,nb4,365,0.774,-1.448,3,1
10,2,27,3,N,nb5,365,-0.682,0.687,1,1
10,2,27,3,N,nb6,365,1.843,0.155,1,1
10,2,27,3,N,nb7,365,-0.059,-0.596,1,1
10,2,27,3,N,nb8,365,1.295,0.281,1,1
10,2,27,3,N,nb9,365,0.36,-0.083,1,1
10,2,27,3,N,nb10,365,1.631,1.384,2,1
10,2,27,3,N,nb11,365,-0.978,-1.49,2,1
10,2,27,3,N,nb12,365,-1.039,-1.172,1,1
10,2,27,3,N,nb13,365,0.889,-1.29,3,1
10,2,27,3,N,nb14,365,0.885,-1.726,1,1
10,2,27,3,N,nb15,365,0.756,-1.084,1,1
10,2,27,3,N,nb16,365,0.454,0.859,2,1
10,2,27,3,N,nb17,365,1.665,-0.017,2,1
10,2,27,3,N,nb18,365,-0.289,-0.631,1,1
10,2,27,3,N,nb19,365,1.866,1.383,1,1
10,2,27,3,N,nb20,365,0.483,-1.307,1,1
10,2,27,3,N,nb21,365,1.374,-0.163,1,0
10,2,27,3,N,nb22,365,1.473,0.069,2,1
10,2,27,3,N,nb23,365,0.312,0.717,2,1
10,2,27,3,N,nb24,365,-0.824,-1.303,1,1
10,2,27,3,N,nb25,365,0.946,-1.528,3,1
10,2,27,3,N,nb26,365,0.479,1.104,1,1
10,2,27,3,N,nb27,365,-0.67,0.518,1,1
10,2,27,3,N,nb28,365,0.135,0.639,1,1
10,2,27,3,N,nb29,365,1.239,0.044,3,1
10,2,27,3,A,aa0,365,-1.258,-1.633,2,0
10,2,27,3,A,aa1,365,1.244,1.827,2,0
10,2,27,3,A,aa2,365,-0.465,0.487,2,0
10,2,27,3,N,nb0,370,0.515,-0.264,1,1
10,2,27,3,N,nb1,370,0.551,-1.542,2,1
10,2,27,3,N,nb2,370,-1.119,-1.395,2,1
10,2,27,3,N,nb3,370,1.392,1.34,1,1
10,2,27,3,N,nb4,370,0.774,-1.448,3,1
10,2,27,3,N,nb5,370,-0.697,0.683,1,0
10,2,27,3,N,nb6,370,1.843,0.155,1,1
10,2,27,3,N,nb7,370,-0.059,-0.596,1,1
10,2,27,3,N,nb8,370,1.295,0.281,1,1
10,2,27,3,N,nb9,370,0.36,-0.083,1,1
10,2,27,3,N,nb10,370,1.631,1.384,2,1
10,2,27,3,N,nb11,370,-0.978,-1.49,2,1
10,2,27,3,N,nb12,370,-1.039,-1.172,1,1
10,2,27,3,N,nb13,370,0.889,-1.29,3,1
10,2,27,3,N,nb14,370,0.885,-1.726,1,1
10,2,27,3,N,nb15,370,0.756,-1.084,1,1
10,2,27,3,N,nb16,370,0.454,0.859,2,1
10,2,27,3,N,nb17,370,1.665,-0.017,2,1
10,2,27,3,N,nb18,370,-0.289,-0.631,1,1
10,2,27,3,N,nb19,370,1.866,1.383,1,1
10,2,27,3,N,nb20,370,0.483,-1.307,1,1
10,2,27,3,N,nb21,370,1.374,-0.163,1,1
10,2,27,3,N,nb22,370,1.473,0.069,2,1
10,2,27,3,N,nb23,370,0.312,0.717,2,1
10,2,27,3,N,nb24,370,-0.824,-1.303,1,1
10,2,27,3,N,nb25,370,0.946,-1.528,3,1
10,2,27,3,N,nb26,370,0.479,1.104,1,1
10,2,27,3,N,nb27,370,-0.655,0.516,1,0
10,2,27,3,N,nb28,370,0.123,0.628,1,0
10,2,27,3,N,nb29,370,1.239,0.044,3,1
10,2,27,3,A,aa0,370,-1.175,-1.688,2,0
10,2,27,3,A,aa1,370,1.284,1.825,2,0
10,2,27,3,A,aa2,370,-0.394,0.551,0,0
10,2,27,3,N,nb0,375,0.515,-0.264,1,1
10,2,27,3,N,nb1,375,0.551,-1.542,2,1
10,2,27,3,N,nb2,375,-1.119,-1.395,2,1
10,2,27,3,N,nb3,375,1.392,1.34,1,1
10,2,27,3,N,nb4,375,0.774,-1.448,3,1
10,2,27,3,N,nb5,375,-0.788,0.663,0,0
10,2,27,3,N,nb6,375,1.843,0.155,1,1
10,2,27,3,N,nb7,375,-0.059,-0.596,1,1
10,2,27,3,N,nb8,375,1.295,0.281,1,1
10,2,27,3,N,nb9,375,0.36,-0.083,1,1
10,2,27,3,N,nb10,375,1.631,1.384,2,1
10,2,27,3,N,nb11,375,-0.978,-1.49,2,1
10,2,27,3,N,nb12,375,-1.039,-1.172,1,1
10,2,27,3,N,nb13,375,0.889,-1.29,3,1
10,2,27,3,N,nb14,375,0.885,-1.726,1,1
10,2,27,3,N,nb15,375,0.756,-1.084,1,1
10,2,27,3,N,nb16,375,0.454,0.859,2,1
10,2,27,3,N,nb17,375,1.665,-0.017,2,1
10,2,27,3,N,nb18,375,-0.289,-0.631,1,1
10,2,27,3,N,nb19,375,1.866,1.383,1,1
10,2,27,3,N,nb20,375,0.483,-1.307,1,1
10,2,27,3,N,nb21,375,1.374,-0.163,1,1
10,2,27,3,N,nb22,375,1.473,0.069,2,1
10,2,27,3,N,nb23,375,0.312,0.717,1,1
10,2,27,3,N,nb24,375,-0.824,-1.303,1,1
10,2,27,3,N,nb25,375,0.946,-1.528,3,1
10,2,27,3,N,nb26,375,0.479,1.104,1,1
10,2,27,3,N,nb27,375,-0.562,0.498,0,0
10,2,27,3,N,nb28,375,0.049,0.562,0,0
10,2,27,3,N,nb29,375,1.239,0.044,3,1
10,2,27,3,A,aa0,375,-1.091,-1.744,2,0
10,2,27,3,A,aa1,375,1.347,1.853,2,0
10,2,27,3,A,aa2,375,-0.317,0.612,0,0
10,2,27,3,N,nb0,380,0.515,-0.264,1,1
10,2,27,3,N,nb1,380,0.551,-1.542,2,1
10,2,27,3,N,nb2,380,-1.119,-1.395,2,1
10,2,27,3,N,nb3,380,1.392,1.34,1,1
10,2,27,3,N,nb4,380,0.774,-1.448,3,1
10,2,27,3,N,nb5,380,-0.887,0.646,0,0
10,2,27,3,N,nb6,380,1.843,0.155,1,1
10,2,27,3,N,nb7,380,-0.059,-0.596,1,1
10,2,27,3,N,nb8,380,1.295,0.281,1,1
10,2,27,3,N,nb9,380,0.36,-0.083,1,1
10,2,27,3,N,nb10,380,1.631,1.384,2,1
10,2,27,3,N,nb11,380,-0.978,-1.49,2,1
10,2,27,3,N,nb12,380,-1.039,-1.172,1,1
10,2,27,3,N,nb13,380,0.889,-1.29,3,1
10,2,27,3,N,nb14,380,0.885,-1.726,1,1
10,2,27,3,N,nb15,380,0.756,-1.084,1,1
10,2,27,3,N,nb16,380,0.454,0.859,2,1
10,2,27,3,N,nb17,380,1.665,-0.017,2,1
10,2,27,3,N,nb18,380,-0.289,-0.631,1,1
10,2,27,3,N,nb19,380,1.866,1.383,1,1
10,2,27,3,N,nb20,380,0.483,-1.307,1,1
10,2,27,3,N,nb21,380,1.374,-0.163,1,1
10,2,27,3,N,nb22,380,1.473,0.069,2,1
10,2,27,3,N,nb23,380,0.312,0.717,1,1
10,2,27,3,N,nb24,380,-0.824,-1.303,1,1
10,2,27,3,N,nb25,380,0.946,-1.528,3,1
10,2,27,3,N,nb26,380,0.479,1.104,1,0
10,2,27,3,N,nb27,380,-0.468,0.473,0,0
10,2,27,3,N,nb28,380,-0.026,0.496,0,0
10,2,27,3,N,nb29,380,1.239,0.044,3,1
10,2,27,3,A,aa0,380,-1.012,-1.794,2,0
10,2,27,3,A,aa1,380,1.432,1.866,1,0
10,2,27,3,A,aa2,380,-0.238,0.674,1,0
10,2,27,3,N,nb0,385,0.515,-0.264,1,1
10,2,27,3,N,nb1,385,0.551,-1.542,2,1
10,2,27,3,N,nb2,385,-1.128,-1.381,2,0
10,2,27,3,N,nb3,385,1.392,1.34,1,1
10,2,27,3,N,nb4,385,0.774,-1.448,3,1
10,2,27,3,N,nb5,385,-0.985,0.629,0,0
10,2,27,3,N,nb6,385,1.843,0.155,1,1
10,2,27,3,N,nb7,385,-0.059,-0.596,1,1
10,2,27,3,N,nb8,385,1.295,0.281,1,1
10,2,27,3,N,nb9,385,0.36,-0.083,1,1
10,2,27,3,N,nb10,385,1.631,1.384,2,1
10,2,27,3,N,nb11,385,-0.993,-1.493,1,0
10,2,27,3,N,nb12,385,-1.039,-1.172,1,1
10,2,27,3,N,nb13,385,0.889,-1.29,3,1
10,2,27,3,N,nb14,385,0.885,-1.726,1,1
10,2,27,3,N,nb15,385,0.756,-1.084,1,1
10,2,27,3,N,nb16,385,0.454,0.859,2,1
10,2,27,3,N,nb17,385,1.665,-0.017,2,1
10,2,27,3,N,nb18,385,-0.289,-0.631,1,1
10,2,27,3,N,nb19,385,1.866,1.383,1,1
10,2,27,3,N,nb20,385,0.483,-1.307,1,1
10,2,27,3,N,nb21,385,1.374,-0.163,1,1
10,2,27,3,N,nb22,385,1.473,0.069,2,1
10,2,27,3,N,nb23,385,0.312,0.717,1,1
10,2,27,3,N,nb24,385,-0.808,-1.304,0,0
10,2,27,3,N,nb25,385,0.946,-1.528,3,1
10,2,27,3,N,nb26,385,0.479,1.104,1,1
10,2,27,3,N,nb27,385,-0.371,0.447,0,0
10,2,27,3,N,nb28,385,-0.101,0.43,0,0
10,2,27,3,N,nb29,385,1.239,0.044,3,1
10,2,27,3,A,aa0,385,-0.931,-1.832,0,0
10,2,27,3,A,aa1,385,1.521,1.866,3,1
10,2,27,3,A,aa2,385,-0.16,0.735,1,0
10,2,27,3,N,nb0,390,0.515,-0.264,1,1
10,2,27,3,N,nb1,390,0.551,-1.542,2,1
10,2,27,3,N,nb2,390,-1.183,-1.302,2,0
10,2,27,3,N,nb3,390,1.435,1.314,0,0
10,2,27,3,N,nb4,390,0.774,-1.448,3,1
10,2,27,3,N,nb5,390,-1.084,0.612,0,0
10,2,27,3,N,nb6,390,1.843,0.155,1,1
10,2,27,3,N,nb7,390,-0.059,-0.596,1,1
10,2,27,3,N,nb8,390,1.295,0.281,1,1
10,2,27,3,N,nb9,390,0.36,-0.083,1,1
10,2,27,3,N,nb10,390,1.678,1.393,1,0
10,2,27,3,N,nb11,390,-1.08,-1.514,1,0
10,2,27,3,N,nb12,390,-1.039,-1.172,1,1
10,2,27,3,N,nb13,390,0.889,-1.29,3,1
10,2,27,3,N,nb14,390,0.885,-1.726,1,1
10,2,27,3,N,nb15,390,0.756,-1.084,1,1
10,2,27,3,N,nb16,390,0.454,0.859,2,0
10,2,27,3,N,nb17,390,1.665,-0.017,2,1
10,2,27,3,N,nb18,390,-0.289,-0.631,1,1
10,2,27,3,N,nb19,390,1.866,1.433,1,0
10,2,27,3,N,nb20,390,0.483,-1.307,1,1
10,2,27,3,N,nb21,390,1.374,-0.163,1,1
10,2,27,3,N,nb22,390,1.473,0.069,2,1
10,2,27,3,N,nb23,390,0.312,0.717,1,0
10,2,27,3,N,nb24,390,-0.708,-1.31,0,0
10,2,27,3,N,nb25,390,0.946,-1.528,3,1
10,2,27,3,N,nb26,390,0.479,1.104,1,1
10,2,27,3,N,nb27,390,-0.349,0.441,1,0
10,2,27,3,N,nb28,390,-0.116,0.417,1,0
10,2,27,3,N,nb29,390,1.239,0.044,3,1
10,2,27,3,A,aa0,390,-0.845,-1.859,0,0
10,2,27,3,A,aa1,390,1.612,1.866,0,0
10,2,27,3,A,aa2,390,-0.081,0.797,4,1
10,2,27,3,N,nb0,395,0.515,-0.264,1,1
10,2,27,3,N,nb1,395,0.551,-1.542,2,1
10,2,27,3,N,nb2,395,-1.231,-1.241,1,1
10,2,27,3,N,nb3,395,1.509,1.257,0,0
10,2,27,3,N,nb4,395,0.774,-1.448,3,1
10,2,27,3,N,nb5,395,-1.182,0.595,0,0
10,2,27,3,N,nb6,395,1.843,0.155,1,1
10,2,27,3,N,nb7,395,-0.059,-0.596,1,1
10,2,27,3,N,nb8,395,1.295,0.281,1,1
10,2,27,3,N,nb9,395,0.36,-0.083,1,1
10,2,27,3,N,nb10,395,1.736,1.418,1,0
10,2,27,3,N,nb11,395,-1.17,-1.548,0,0
10,2,27,3,N,nb12,395,-1.039,-1.172,1,1
10,2,27,3,N,nb13,395,0.889,-1.29,3,1
10,2,27,3,N,nb14,395,0.885,-1.726,1,1
10,2,27,3,N,nb15,395,0.756,-1.084,1,1
10,2,27,3,N,nb16,395,0.538,0.821,1,0
10,2,27,3,N,nb17,395,1.665,-0.017,2,1
10,2,27,3,N,nb18,395,-0.289,-0.631,1,1
10,2,27,3,N,nb19,395,1.866,1.526,1,0
10,2,27,3,N,nb20,395,0.483,-1.307,1,1
10,2,27,3,N,nb21,395,1.374,-0.163,1,1
10,2,27,3,N,nb22,395,1.473,0.069,2,1
10,2,27,3,N,nb23,395,0.351,0.792,1,0
10,2,27,3,N,nb24,395,-0.608,-1.316,0,0
10,2,27,3,N,nb25,395,0.946,-1.528,3,1
10,2,27,3,N,nb26,395,0.479,1.104,0,1
10,2,27,3,N,nb27,395,-0.305,0.406,1,0
10,2,27,3,N,nb28,395,-0.142,0.361,1,0
10,2,27,3,N,nb29,395,1.239,0.044,3,1
10,2,27,3,A,aa0,395,-0.755,-1.865,0,0
10,2,27,3,A,aa1,395,1.704,1.86,0,0
10,2,27,3,A,aa2,395,-0.002,0.858,1,0
10,2,27,3,N,nb0,400,0.515,-0.264,1,1
10,2,27,3,N,nb1,400,0.551,-1.542,2,1
10,2,27,3,N,nb2,400,-1.231,-1.241,1,1
10,2,27,3,N,nb3,400,1.585,1.193,0,0
10,2,27,3,N,nb4,400,0.774,-1.448,3,1
10,2,27,3,N,nb5,400,-1.281,0.578,0,0
10,2,27,3,N,nb6,400,1.843,0.155,1,1
10,2,27,3,N,nb7,400,-0.059,-0.596,1,0
10,2,27,3,N,nb8,400,1.295,0.281,1,1
10,2,27,3,N,nb9,400,0.36,-0.083,1,1
10,2,27,3,N,nb10,400,1.77,1.426,1,1
10,2,27,3,N,nb11,400,-1.263,-1.584,0,0
10,2,27,3,N,nb12,400,-1.039,-1.172,1,1
10,2,27,3,N,nb13,400,0.889,-1.29,3,1
10,2,27,3,N,nb14,400,0.885,-1.726,1,1
10,2,27,3,N,nb15,400,0.756,-1.084,1,1
10,2,27,3,N,nb16,400,0.63,0.785,0,0
10,2,27,3,N,nb17,400,1.665,-0.017,2,1
10,2,27,3,N,nb18,400,-0.289,-0.631,1,0
10,2,27,3,N,nb19,400,1.866,1.568,1,1
10,2,27,3,N,nb20,400,0.483,-1.307,1,1
10,2,27,3,N,nb21,400,1.374,-0.163,1,1
10,2,27,3,N,nb22,400,1.473,0.069,2,1
10,2,27,3,N,nb23,400,0.38,0.878,1,1
10,2,27,3,N,nb24,400,-0.509,-1.322,0,0
10,2,27,3,N,nb25,400,0.946,-1.528,3,1
10,2,27,3,N,nb26,400,0.479,1.104,1,1
10,2,27,3,N,nb27,400,-0.292,0.351,1,1
10,2,27,3,N,nb28,400,-0.132,0.297,1,1
10,2,27,3,N,nb29,400,1.239,0.044,3,1
10,2,27,3,A,aa0,400,-0.738,-1.858,0,0
10,2,27,3,A,aa1,400,1.796,1.845,2,0
10,2,27,3,A,aa2,400,0.077,0.92,1,0
10,2,27,3,N,nb0,405,0.515,-0.264,1,1
10,2,27,3,N,nb1,405,0.551,-1.542,2,0
10,2,27,3,N,nb2,405,-1.231,-1.241,1,1
10,2,27,3,N,nb3,405,1.661,1.128,0,0
10,2,27,3,N,nb4,405,0.774,-1.448,3,1
10,2,27,3,N,nb5,405,-1.38,0.561,0,0
10,2,27,3,N,nb6,405,1.843,0.155,1,1
10,2,27,3,N,nb7,405,-0.059,-0.596,1,1
10,2,27,3,N,nb8,405,1.295,0.281,1,1
10,2,27,3,N,nb9,405,0.36,-0.083,1,1
10,2,27,3,N,nb10,405,1.77,1.426,1,1
10,2,27,3,N,nb11,405,-1.357,-1.621,0,0
10,2,27,3,N,nb12,405,-1.039,-1.172,1,1
10,2,27,3,N,nb13,405,0.889,-1.29,3,1
10,2,27,3,N,nb14,405,0.885,-1.726,1,1
10,2,27,3,N,nb15,405,0.756,-1.084,1,1
10,2,27,3,N,nb16,405,0.723,0.749,0,0
10,2,27,3,N,nb17,405,1.665,-0.017,2,1
10,2,27,3,N,nb18,405,-0.289,-0.631,1,1
10,2,27,3,N,nb19,405,1.866,1.568,1,1
10,2,27,3,N,nb20,405,0.483,-1.307,1,1
10,2,27,3,N,nb21,405,1.374,-0.163,1,1
10,2,27,3,N,nb22,405,1.473,0.069,2,1
10,2,27,3,N,nb23,405,0.38,0.88,1,1
10,2,27,3,N,nb24,405,-0.409,-1.328,0,0
10,2,27,3,N,nb25,405,0.946,-1.528,3,1
10,2,27,3,N,nb26,405,0.479,1.104,1,1
10,2,27,3,N,nb27,405,-0.292,0.35,1,1
10,2,27,3,N,nb28,405,-0.131,0.295,1,1
10,2,27,3,N,nb29,405,1.239,0.044,3,1
10,2,27,3,A,aa0,405,-0.656,-1.811,0,0
10,2,27,3,A,aa1,405,1.866,1.822,1,0
10,2,27,3,A,aa2,405,0.095,0.934,2,0
10,2,27,3,N,nb0,410,0.515,-0.264,1,1
10,2,27,3,N,nb1,410,0.551,-1.542,2,1
10,2,27,3,N,nb2,410,-1.231,-1.241,1,1
10,2,27,3,N,nb3,410,1.738,1.064,0,0
10,2,27,3,N,nb4,410,0.774,-1.448,3,1
10,2,27,3,N,nb5,410,-1.478,0.544,0,0
10,2,27,3,N,nb6,410,1.843,0.155,1,1
10,2,27,3,N,nb7,410,-0.059,-0.596,1,1
10,2,27,3,N,nb8,410,1.295,0.281,1,1
10,2,27,3,N,nb9,410,0.36,-0.083,1,1
10,2,27,3,N,nb10,410,1.77,1.426,1,1
10,2,27,3,N,nb11,410,-1.45,-1.657,0,0
10,2,27,3,N,nb12,410,-1.039,-1.172,1,0
10,2,27,3,N,nb13,410,0.889,-1.29,3,1
10,2,27,3,N,nb14,410,0.885,-1.726,1,1
10,2,27,3,N,nb15,410,0.756,-1.084,1,0
10,2,27,3,N,nb16,410,0.816,0.713,0,0
10,2,27,3,N,nb17,410,1.665,-0.017,2,1
10,2,27,3,N,nb18,410,-0.289,-0.631,1,1
10,2,27,3,N,nb19,410,1.866,1.568,1,1
10,2,27,3,N,nb20,410,0.483,-1.307,1,1
10,2,27,3,N,nb21,410,1.374,-0.163,1,1
10,2,27,3,N,nb22,410,1.473,0.069,2,1
10,2,27,3,N,nb23,410,0.38,0.88,1,1
10,2,27,3,N,nb24,410,-0.309,-1.333,0,0
10,2,27,3,N,nb25,410,0.946,-1.528,3,1
10,2,27,3,N,nb26,410,0.479,1.104,1,1
10,2,27,3,N,nb27,410,-0.292,0.35,1,1
10,2,27,3,N,nb28,410,-0.131,0.295,1,1
10,2,27,3,N,nb29,410,1.239,0.044,3,1
10,2,27,3,A,aa0,410,-0.606,-1.777,0,0
10,2,27,3,A,aa1,410,1.866,1.816,1,0
10,2,27,3,A,aa2,410,0.092,0.95,2,0
10,2,27,3,N,nb0,415,0.515,-0.264,1,1
10,2,27,3,N,nb1,415,0.551,-1.542,2,1
10,2,27,3,N,nb2,415,-1.231,-1.241,1,1
10,2,27,3,N,nb3,415,1.808,1.003,0,0
10,2,27,3,N,nb4,415,0.774,-1.448,3,1
10,2,27,3,N,nb5,415,-1.577,0.527,0,0
10,2,27,3,N,nb6,415,1.843,0.155,1,1
10,2,27,3,N,nb7,415,-0.059,-0.596,1,1
10,2,27,3,N,nb8,415,1.295,0.281,1,1
10,2,27,3,N,nb9,415,0.36,-0.083,1,1
10,2,27,3,N,nb10,415,1.77,1.426,1,1
10,2,27,3,N,nb11,415,-1.543,-1.694,0,0
10,2,27,3,N,nb12,415,-1.039,-1.172,1,1
10,2,27,3,N,nb13,415,0.889,-1.29,3,1
10,2,27,3,N,nb14,415,0.885,-1.726,1,1
10,2,27,3,N,nb15,415,0.756,-1.084,1,1
10,2,27,3,N,nb16,415,0.91,0.678,0,0
10,2,27,3,N,nb17,415,1.665,-0.017,2,1
10,2,27,3,N,nb18,415,-0.289,-0.631,1,1
10,2,27,3,N,nb19,415,1.866,1.568,1,1
10,2,27,3,N,nb20,415,0.483,-1.307,1,1
10,2,27,3,N,nb21,415,1.374,-0.163,1,1
10,2,27,3,N,nb22,415,1.473,0.069,2,1
10,2,27,3,N,nb23,415,0.38,0.88,1,1
10,2,27,3,N,nb24,415,-0.209,-1.339,0,0
10,2,27,3,N,nb25,415,0.946,-1.528,3,1
10,2,27,3,N,nb26,415,0.479,1.104,1,1
10,2,27,3,N,nb27,415,-0.292,0.35,1,1
10,2,27,3,N,nb28,415,-0.131,0.295,1,1
10,2,27,3,N,nb29,415,1.239,0.044,3,1
10,2,27,3,A,aa0,415,-0.606,-1.777,0,0
10,2,27,3,A,aa1,415,1.866,1.831,1,0
10,2,27,3,A,aa2,415,0.069,1.048,2,0
10,2,27,3,N,nb0,420,0.515,-0.264,1,1
10,2,27,3,N,nb1,420,0.551,-1.542,2,1
10,2,27,3,N,nb2,420,-1.231,-1.241,1,1
10,2,27,3,N,nb3,420,1.865,0.935,0,0
10,2,27,3,N,nb4,420,0.774,-1.448,3,1
10,2,27,3,N,nb5,420,-1.675,0.511,0,0
10,2,27,3,N,nb6,420,1.843,0.155,1,1
10,2,27,3,N,nb7,420,-0.059,-0.596,1,1
10,2,27,3,N,nb8,420,1.295,0.281,1,1
10,2,27,3,N,nb9,420,0.36,-0.083,1,1
10,2,27,3,N,nb10,420,1.77,1.426,1,1
10,2,27,3,N,nb11,420,-1.636,-1.73,0,0
10,2,27,3,N,nb12,420,-1.039,-1.172,1,1
10,2,27,3,N,nb13,420,0.889,-1.29,3,1
10,2,27,3,N,nb14,420,0.885,-1.726,1,1
10,2,27,3,N,nb15,420,0.756,-1.084,1,1
10,2,27,3,N,nb16,420,1.003,0.642,0,0
10,2,27,3,N,nb17,420,1.665,-0.017,2,1
10,2,27,3,N,nb18,420,-0.289,-0.631,1,1
10,2,27,3,N,nb19,420,1.866,1.568,1,1
10,2,27,3,N,nb20,420,0.483,-1.307,1,1
10,2,27,3,N,nb21,420,1.374,-0.163,1,1
10,2,27,3,N,nb22,420,1.473,0.069,2,1
10,2,27,3,N,nb23,420,0.38,0.88,1,1
10,2,27,3,N,nb24,420,-0.109,-1.345,0,0
10,2,27,3,N,nb25,420,0.946,-1.528,3,1
10,2,27,3,N,nb26,420,0.479,1.104,1,1
10,2,27,3,N,nb27,420,-0.292,0.35,1,1
10,2,27,3,N,nb28,420,-0.131,0.295,1,1
10,2,27,3,N,nb29,420,1.239,0.044,3,1
10,2,27,3,A,aa0,420,-0.62,-1.702,0,0
10,2,27,3,A,aa1,420,1.866,1.866,1,0
10,2,27,3,A,aa2,420,0.045,1.145,2,0
10,2,27,3,N,nb0,425,0.515,-0.264,1,1
10,2,27,3,N,nb1,425,0.551,-1.542,2,1
10,2,27,3,N,nb2,425,-1.231,-1.241,1,1
10,2,27,3,N,nb3,425,1.865,0.862,0,0
10,2,27,3,N,nb4,425,0.774,-1.448,3,1
10,2,27,3,N,nb5,425,-1.774,0.494,0,0
10,2,27,3,N,nb6,425,1.843,0.155,1,1
10,2,27,3,N,nb7,425,-0.059,-0.596,1,1
10,2,27,3,N,nb8,425,1.295,0.281,1,1
10,2,27,3,N,nb9,425,0.36,-0.083,1,1
10,2,27,3,N,nb10,425,1.77,1.426,1,1
10,2,27,3,N,nb11,425,-1.729,-1.767,0,0
10,2,27,3,N,nb12,425,-1.039,-1.172,1,1
10,2,27,3,N,nb13,425,0.889,-1.29,3,1
10,2,27,3,N,nb14,425,0.885,-1.726,1,1
10,2,27,3,N,nb15,425,0.756,-1.084,1,1
10,2,27,3,N,nb16,425,1.096,0.606,0,0
10,2,27,3,N,nb17,425,1.665,-0.017,2,1
10,2,27,3,N,nb18,425,-0.289,-0.631,1,1
10,2,27,3,N,nb19,425,1.866,1.568,1,1
10,2,27,3,N,nb20,425,0.483,-1.307,1,1
10,2,27,3,N,nb21,425,1.374,-0.163,1,1
10,2,27,3,N,nb22,425,1.473,0.069,2,1
10,2,27,3,N,nb23,425,0.38,0.88,1,1
10,2,27,3,N,nb24,425,-0.009,-1.351,0,0
10,2,27,3,N,nb25,425,0.946,-1.528,3,1
10,2,27,3,N,nb26,425,0.479,1.104,1,1
10,2,27,3,N,nb27,425,-0.292,0.35,1,1
10,2,27,3,N,nb28,425,-0.131,0.295,1,1
10,2,27,3,N,nb29,425,1.239,0.044,3,1
10,2,27,3,A,aa0,425,-0.638,-1.604,1,0
10,2,27,3,A,aa1,425,1.866,1.866,1,0
10,2,27,3,A,aa2,425,0.022,1.242,2,0
10,2,27,3,N,nb0,430,0.515,-0.264,1,1
10,2,27,3,N,nb1,430,0.551,-1.542,2,1
10,2,27,3,N,nb2,430,-1.231,-1.241,1,1
10,2,27,3,N,nb3,430,1.865,0.782,0,0
10,2,27,3,N,nb4,430,0.774,-1.448,3,1
10,2,27,3,N,nb5,430,-1.857,0.473,0,0
10,2,27,3,N,nb6,430,1.843,0.155,1,1
10,2,27,3,N,nb7,430,-0.059,-0.596,1,1
10,2,27,3,N,nb8,430,1.295,0.281,1,1
10,2,27,3,N,nb9,430,0.36,-0.083,1,1
10,2,27,3,N,nb10,430,1.77,1.426,1,1
10,2,27,3,N,nb11,430,-1.814,-1.795,0,0
10,2,27,3,N,nb12,430,-1.039,-1.172,1,1
10,2,27,3,N,nb13,430,0.889,-1.29,3,1
10,2,27,3,N,nb14,430,0.885,-1.726,1,1
10,2,27,3,N,nb15,430,0.756,-1.084,1,1
10,2,27,3,N,nb16,430,1.19,0.57,0,0
10,2,27,3,N,nb17,430,1.665,-0.017,2,1
10,2,27,3,N,nb18,430,-0.289,-0.631,1,1
10,2,27,3,N,nb19,430,1.866,1.568,1,1
10,2,27,3,N,nb20,430,0.483,-1.307,1,1
10,2,27,3,N,nb21,430,1.374,-0.163,1,1
10,2,27,3,N,nb22,430,1.473,0.069,2,1
10,2,27,3,N,nb23,430,0.38,0.88,1,0
10,2,27,3,N,nb24,430,0.09,-1.356,0,0
10,2,27,3,N,nb25,430,0.946,-1.528,3,1
10,2,27,3,N,nb26,430,0.479,1.104,1,1
10,2,27,3,N,nb27,430,-0.292,0.35,1,0
10,2,27,3,N,nb28,430,-0.131,0.295,1,0
10,2,27,3,N,nb29,430,1.239,0.044,3,1
10,2,27,3,A,aa0,430,-0.656,-1.505,1,0
10,2,27,3,A,aa1,430,1.866,1.866,1,0
10,2,27,3,A,aa2,430,-0.001,1.339,2,0
10,2,27,3,N,nb0,435,0.515,-0.264,1,0
10,2,27,3,N,nb1,435,0.551,-1.542,2,1
10,2,27,3,N,nb2,435,-1.231,-1.241,1,1
10,2,27,3,N,nb3,435,1.865,0.696,0,0
10,2,27,3,N,nb4,435,0.774,-1.448,3,1
10,2,27,3,N,nb5,435,-1.865,0.441,0,0
10,2,27,3,N,nb6,435,1.843,0.155,1,1
10,2,27,3,N,nb7,435,-0.059,-0.596,1,1
10,2,27,3,N,nb8,435,1.295,0.281,1,1
10,2,27,3,N,nb9,435,0.36,-0.083,1,0
10,2,27,3,N,nb10,435,1.77,1.426,1,1
10,2,27,3,N,nb11,435,-1.866,-1.81,0,0
10,2,27,3,N,nb12,435,-1.039,-1.172,1,1
10,2,27,3,N,nb13,435,0.889,-1.29,3,1
10,2,27,3,N,nb14,435,0.885,-1.726,1,1
10,2,27,3,N,nb15,435,0.756,-1.084,1,1
10,2,27,3,N,nb16,435,1.282,0.535,0,0
10,2,27,3,N,nb17,435,1.665,-0.017,2,1
10,2,27,3,N,nb18,435,-0.289,-0.631,1,1
10,2,27,3,N,nb19,435,1.866,1.568,1,1
10,2,27,3,N,nb20,435,0.483,-1.307,1,1
10,2,27,3,N,nb21,435,1.374,-0.163,1,1
10,2,27,3,N,nb22,435,1.473,0.069,2,1
10,2,27,3,N,nb23,435,0.38,0.88,1,1
10,2,27,3,N,nb24,435,0.19,-1.362,0,0
10,2,27,3,N,nb25,435,0.946,-1.528,3,1
10,2,27,3,N,nb26,435,0.479,1.104,1,1
10,2,27,3,N,nb27,435,-0.292,0.35,1,1
10,2,27,3,N,nb28,435,-0.131,0.295,1,1
10,2,27,3,N,nb29,435,1.239,0.044,3,1
10,2,27,3,A,aa0,435,-0.671,-1.424,2,0
10,2,27,3,A,aa1,435,1.865,1.866,1,0
10,2,27,3,A,aa2,435,-0.024,1.437,0,0
10,2,27,3,N,nb0,440,0.515,-0.264,1,1
10,2,27,3,N,nb1,440,0.551,-1.542,2,1
10,2,27,3,N,nb2,440,-1.231,-1.241,1,1
10,2,27,3,N,nb3,440,1.865,0.606,0,0
10,2,27,3,N,nb4,440,0.774,-1.448,3,1
10,2,27,3,N,nb5,440,-1.865,0.394,0,0
10,2,27,3,N,nb6,440,1.843,0.155,1,1
10,2,27,3,N,nb7,440,-0.059,-0.596,1,1
10,2,27,3,N,nb8,440,1.295,0.281,2,1
10,2,27,3,N,nb9,440,0.36,-0.083,1,1
10,2,27,3,N,nb10,440,1.77,1.426,1,1
10,2,27,3,N,nb11,440,-1.866,-1.81,0,0
10,2,27,3,N,nb12,440,-1.039,-1.172,1,1
10,2,27,3,N,nb13,440,0.889,-1.29,3,1
10,2,27,3,N,nb14,440,0.885,-1.726,1,1
10,2,27,3,N,nb15,440,0.756,-1.084,1,1
10,2,27,3,N,nb16,440,1.301,0.528,1,1
10,2,27,3,N,nb17,440,1.665,-0.017,2,1
10,2,27,3,N,nb18,440,-0.289,-0.631,1,1
10,2,27,3,N,nb19,440,1.866,1.568,1,1
10,2,27,3,N,nb20,440,0.483,-1.307,2,1
10,2,27,3,N,nb21,440,1.374,-0.163,1,1
10,2,27,3,N,nb22,440,1.473,0.069,2,1
10,2,27,3,N,nb23,440,0.38,0.88,1,1
10,2,27,3,N,nb24,440,0.25,-1.366,1,1
10,2,27,3,N,nb25,440,0.946,-1.528,3,1
10,2,27,3,N,nb26,440,0.479,1.104,1,1
10,2,27,3,N,nb27,440,-0.292,0.35,1,1
10,2,27,3,N,nb28,440,-0.131,0.295,1,1
10,2,27,3,N,nb29,440,1.239,0.044,3,1
10,2,27,3,A,aa0,440,-0.704,-1.377,2,0
10,2,27,3,A,aa1,440,1.853,1.866,1,0
10,2,27,3,A,aa2,440,-0.047,1.534,0,0
10,2,27,3,N,nb0,445,0.515,-0.264,1,1
10,2,27,3,N,nb1,445,0.551,-1.542,2,1
10,2,27,3,N,nb2,445,-1.231,-1.241,1,1
10,2,27,3,N,nb3,445,1.865,0.514,0,0
10,2,27,3,N,nb4,445,0.774,-1.448,3,1
10,2,27,3,N,nb5,445,-1.865,0.335,0,0
10,2,27,3,N,nb6,445,1.843,0.155,1,1
10,2,27,3,N,nb7,445,-0.059,-0.596,1,1
10,2,27,3,N,nb8,445,1.295,0.281,2,1
10,2,27,3,N,nb9,445,0.36,-0.083,1,1
10,2,27,3,N,nb10,445,1.77,1.426,1,1
10,2,27,3,N,nb11,445,-1.866,-1.794,0,0
10,2,27,3,N,nb12,445,-1.039,-1.172,1,1
10,2,27,3,N,nb13,445,0.889,-1.29,3,1
10,2,27,3,N,nb14,445,0.885,-1.726,1,1
10,2,27,3,N,nb15,445,0.756,-1.084,1,1
10,2,27,3,N,nb16,445,1.301,0.528,1,1
10,2,27,3,N,nb17,445,1.665,-0.017,2,1
10,2,27,3,N,nb18,445,-0.289,-0.631,1,1
10,2,27,3,N,nb19,445,1.866,1.568,1,1
10,2,27,3,N,nb20,445,0.483,-1.307,2,1
10,2,27,3,N,nb21,445,1.374,-0.163,1,1
10,2,27,3,N,nb22,445,1.473,0.069,2,1
10,2,27,3,N,nb23,445,0.38,0.88,1,1
10,2,27,3,N,nb24,445,0.25,-1.366,1,1
10,2,27,3,N,nb25,445,0.946,-1.528,3,1
10,2,27,3,N,nb26,445,0.479,1.104,1,1
10,2,27,3,N,nb27,445,-0.292,0.35,1,1
10,2,27,3,N,nb28,445,-0.131,0.295,1,1
10,2,27,3,N,nb29,445,1.239,0.044,3,1
10,2,27,3,A,aa0,445,-0.761,-1.295,2,0
10,2,27,3,A,aa1,445,1.829,1.866,1,0
10,2,27,3,A,aa2,445,-0.071,1.631,0,0
10,2,27,3,N,nb0,450,0.515,-0.264,1,1
10,2,27,3,N,nb1,450,0.551,-1.542,2,1
10,2,27,3,N,nb2,450,-1.231,-1.241,1,1
10,2,27,3,N,nb3,450,1.856,0.422,0,0
10,2,27,3,N,nb4,450,0.774,-1.448,3,1
10,2,27,3,N,nb5,450,-1.865,0.265,0,0
10,2,27,3,N,nb6,450,1.843,0.155,1,1
10,2,27,3,N,nb7,450,-0.059,-0.596,1,1
10,2,27,3,N,nb8,450,1.295,0.281,2,1
10,2,27,3,N,nb9,450,0.36,-0.083,1,1
10,2,27,3,N,nb10,450,1.77,1.426,1,1
10,2,27,3,N,nb11,450,-1.866,-1.761,0,0
10,2,27,3,N,nb12,450,-1.039,-1.172,1,1
10,2,27,3,N,nb13,450,0.889,-1.29,3,1
10,2,27,3,N,nb14,450,0.885,-1.726,1,1
10,2,27,3,N,nb15,450,0.756,-1.084,1,1
10,2,27,3,N,nb16,450,1.301,0.528,1,1
10,2,27,3,N,nb17,450,1.665,-0.017,2,1
10,2,27,3,N,nb18,450,-0.289,-0.631,1,1
10,2,27,3,N,nb19,450,1.866,1.568,1,1
10,2,27,3,N,nb20,450,0.483,-1.307,2,1
10,2,27,3,N,nb21,450,1.374,-0.163,1,1
10,2,27,3,N,nb22,450,1.473,0.069,2,1
10,2,27,3,N,nb23,450,0.38,0.88,1,1
10,2,27,3,N,nb24,450,0.25,-1.366,1,1
10,2,27,3,N,nb25,450,0.946,-1.528,3,1
10,2,27,3,N,nb26,450,0.479,1.104,1,1
10,2,27,3,N,nb27,450,-0.292,0.35,1,1
10,2,27,3,N,nb28,450,-0.131,0.295,1,1
10,2,27,3,N,nb29,450,1.239,0.044,3,1
10,2,27,3,A,aa0,450,-0.815,-1.217,1,0
10,2,27,3,A,aa1,450,1.79,1.866,2,0
10,2,27,3,A,aa2,450,-0.094,1.728,0,0
10,2,27,3,N,nb0,455,0.515,-0.264,1,1
10,2,27,3,N,nb1,455,0.551,-1.542,2,1
10,2,27,3,N,nb2,455,-1.231,-1.241,1,0
10,2,27,3,N,nb3,455,1.853,0.401,1,1
10,2,27,3,N,nb4,455,0.774,-1.448,3,1
10,2,27,3,N,nb5,455,-1.865,0.187,0,0
10,2,27,3,N,nb6,455,1.843,0.155,2,1
10,2,27,3,N,nb7,455,-0.059,-0.596,1,1
10,2,27,3,N,nb8,455,1.295,0.281,2,0
10,2,27,3,N,nb9,455,0.36,-0.083,1,1
10,2,27,3,N,nb10,455,1.77,1.426,1,1
10,2,27,3,N,nb11,455,-1.866,-1.714,0,0
10,2,27,3,N,nb12,455,-1.039,-1.172,1,1
10,2,27,3,N,nb13,455,0.889,-1.29,3,1
10,2,27,3,N,nb14,455,0.885,-1.726,1,1
10,2,27,3,N,nb15,455,0.756,-1.084,1,1
10,2,27,3,N,nb16,455,1.301,0.528,1,1
10,2,27,3,N,nb17,455,1.665,-0.017,2,1
10,2,27,3,N,nb18,455,-0.289,-0.631,1,1
10,2,27,3,N,nb19,455,1.866,1.568,1,1
10,2,27,3,N,nb20,455,0.483,-1.307,2,1
10,2,27,3,N,nb21,455,1.374,-0.163,1,1
10,2,27,3,N,nb22,455,1.473,0.069,2,1
10,2,27,3,N,nb23,455,0.38,0.88,1,1
10,2,27,3,N,nb24,455,0.25,-1.366,1,1
10,2,27,3,N,nb25,455,0.946,-1.528,3,1
10,2,27,3,N,nb26,455,0.479,1.104,1,1
10,2,27,3,N,nb27,455,-0.292,0.35,1,1
10,2,27,3,N,nb28,455,-0.131,0.295,1,1
10,2,27,3,N,nb29,455,1.239,0.044,3,0
10,2,27,3,A,aa0,455,-0.843,-1.168,1,0
10,2,27,3,A,aa1,455,1.739,1.866,2,0
10,2,27,3,A,aa2,455,-0.117,1.817,0,0
10,2,27,3,N,nb0,460,0.515,-0.264,1,1
10,2,27,3,N,nb1,460,0.551,-1.542,2,1
10,2,27,3,N,nb2,460,-1.231,-1.241,1,1
10,2,27,3,N,nb3,460,1.853,0.401,1,1
10,2,27,3,N,nb4,460,0.774,-1.448,3,1
10,2,27,3,N,nb5,460,-1.865,0.103,0,0
10,2,27,3,N,nb6,460,1.843,0.155,2,1
10,2,27,3,N,nb7,460,-0.059,-0.596,1,1
10,2,27,3,N,nb8,460,1.295,0.281,2,1
10,2,27,3,N,nb9,460,0.36,-0.083,1,1
10,2,27,3,N,nb10,460,1.77,1.426,1,1
10,2,27,3,N,nb11,460,-1.866,-1.654,0,0
10,2,27,3,N,nb12,460,-1.039,-1.172,1,1
10,2,27,3,N,nb13,460,0.889,-1.29,3,1
10,2,27,3,N,nb14,460,0.885,-1.726,1,1
10,2,27,3,N,nb15,460,0.756,-1.084,1,1
10,2,27,3,N,nb16,460,1.301,0.528,1,1
10,2,27,3,N,nb17,460,1.665,-0.017,2,1
10,2,27,3,N,nb18,460,-0.289,-0.631,1,1
10,2,27,3,N,nb19,460,1.866,1.568,1,1
10,2,27,3,N,nb20,460,0.483,-1.307,2,1
10,2,27,3,N,nb21,460,1.374,-0.163,1,1
10,2,27,3,N,nb22,460,1.473,0.069,2,1
10,2,27,3,N,nb23,460,0.38,0.88,1,1
10,2,27,3,N,nb24,460,0.25,-1.366,1,1
10,2,27,3,N,nb25,460,0.946,-1.528,3,1
10,2,27,3,N,nb26,460,0.479,1.104,1,1
10,2,27,3,N,nb27,460,-0.292,0.35,1,1
10,2,27,3,N,nb28,460,-0.131,0.295,1,1
10,2,27,3,N,nb29,460,1.239,0.044,3,1
10,2,27,3,A,aa0,460,-0.843,-1.168,1,0
10,2,27,3,A,aa1,460,1.676,1.866,0,0
10,2,27,3,A,aa2,460,-0.15,1.865,0,0
10,2,27,3,N,nb0,465,0.515,-0.264,1,1
10,2,27,3,N,nb1,465,0.551,-1.542,2,1
10,2,27,3,N,nb2,465,-1.231,-1.241,1,1
10,2,27,3,N,nb3,465,1.853,0.401,1,1
10,2,27,3,N,nb4,465,0.774,-1.448,3,0
10,2,27,3,N,nb5,465,-1.865,0.015,0,0
10,2,27,3,N,nb6,465,1.843,0.155,2,0
10,2,27,3,N,nb7,465,-0.059,-0.596,1,1
10,2,27,3,N,nb8,465,1.295,0.281,2,1
10,2,27,3,N,nb9,465,0.36,-0.083,1,1
10,2,27,3,N,nb10,465,1.77,1.426,1,1
10,2,27,3,N,nb11,465,-1.866,-1.584,0,0
10,2,27,3,N,nb12,465,-1.065,-1.16,1,1
10,2,27,3,N,nb13,465,0.889,-1.29,3,0
10,2,27,3,N,nb14,465,0.885,-1.726,1,0
10,2,27,3,N,nb15,465,0.756,-1.084,1,1
10,2,27,3,N,nb16,465,1.301,0.528,1,1
10,2,27,3,N,nb17,465,1.665,-0.017,2,0
10,2,27,3,N,nb18,465,-0.289,-0.631,1,1
10,2,27,3,N,nb19,465,1.866,1.568,1,1
10,2,27,3,N,nb20,465,0.483,-1.307,2,1
10,2,27,3,N,nb21,465,1.374,-0.163,1,1
10,2,27,3,N,nb22,465,1.473,0.069,2,0
10,2,27,3,N,nb23,465,0.38,0.88,1,1
10,2,27,3,N,nb24,465,0.25,-1.366,1,1
10,2,27,3,N,nb25,465,0.946,-1.528,3,0
10,2,27,3,N,nb26,465,0.479,1.104,1,1
10,2,27,3,N,nb27,465,-0.292,0.35,1,1
10,2,27,3,N,nb28,465,-0.131,0.295,1,1
10,2,27,3,N,nb29,465,1.239,0.044,3,1
10,2,27,3,A,aa0,465,-0.897,-1.163,1,0
10,2,27,3,A,aa1,465,1.603,1.866,2,0
10,2,27,3,A,aa2,465,-0.195,1.865,0,0
10,2,27,3,N,nb0,470,0.515,-0.264,1,1
10,2,27,3,N,nb1,470,0.551,-1.542,2,1
10,2,27,3,N,nb2,470,-1.231,-1.241,1,1
10,2,27,3,N,nb3,470,1.853,0.401,1,1
10,2,27,3,N,nb4,470,0.774,-1.448,3,1
10,2,27,3,N,nb5,470,-1.865,-0.077,0,0
10,2,27,3,N,nb6,470,1.843,0.155,2,1
10,2,27,3,N,nb7,470,-0.059,-0.596,1,1
10,2,27,3,N,nb8,470,1.295,0.281,2,1
10,2,27,3,N,nb9,470,0.36,-0.083,1,1
10,2,27,3,N,nb10,470,1.77,1.426,1,1
10,2,27,3,N,nb11,470,-1.866,-1.505,0,0
10,2,27,3,N,nb12,470,-1.09,-1.147,1,1
10,2,27,3,N,nb13,470,0.889,-1.29,3,1
10,2,27,3,N,nb14,470,0.885,-1.726,1,1
10,2,27,3,N,nb15,470,0.756,-1.084,1,1
10,2,27,3,N,nb16,470,1.301,0.528,1,1
10,2,27,3,N,nb17,470,1.665,-0.017,2,1
10,2,27,3,N,nb18,470,-0.289,-0.631,1,1
10,2,27,3,N,nb19,470,1.866,1.568,1,1
10,2,27,3,N,nb20,470,0.483,-1.307,2,1
10,2,27,3,N,nb21,470,1.374,-0.163,1,1
10,2,27,3,N,nb22,470,1.473,0.069,2,1
10,2,27,3,N,nb23,470,0.38,0.88,1,1
10,2,27,3,N,nb24,470,0.25,-1.366,1,1
10,2,27,3,N,nb25,470,0.946,-1.528,3,1
10,2,27,3,N,nb26,470,0.479,1.104,1,1
10,2,27,3,N,nb27,470,-0.292,0.35,1,1
10,2,27,3,N,nb28,470,-0.131,0.295,1,1
10,2,27,3,N,nb29,470,1.239,0.044,3,1
10,2,27,3,A,aa0,470,-0.922,-1.16,1,0
10,2,27,3,A,aa1,470,1.523,1.866,2,0
10,2,27,3,A,aa2,470,-0.23,1.865,0,0
10,2,27,3,N,nb0,475,0.515,-0.264,1,1
10,2,27,3,N,nb1,475,0.551,-1.542,2,1
10,2,27,3,N,nb2,475,-1.231,-1.241,1,1
10,2,27,3,N,nb3,475,1.853,0.401,1,1
10,2,27,3,N,nb4,475,0.774,-1.448,3,1
10,2,27,3,N,nb5,475,-1.86,-0.169,0,0
10,2,27,3,N,nb6,475,1.843,0.155,2,1
10,2,27,3,N,nb7,475,-0.059,-0.596,1,1
10,2,27,3,N,nb8,475,1.295,0.281,2,1
10,2,27,3,N,nb9,475,0.36,-0.083,1,1
10,2,27,3,N,nb10,475,1.77,1.426,1,1
10,2,27,3,N,nb11,475,-1.866,-1.421,0,0
10,2,27,3,N,nb12,475,-1.09,-1.147,1,1
10,2,27,3,N,nb13,475,0.889,-1.29,3,1
10,2,27,3,N,nb14,475,0.885,-1.726,1,1
10,2,27,3,N,nb15,475,0.756,-1.084,1,1
10,2,27,3,N,nb16,475,1.301,0.528,1,1
10,2,27,3,N,nb17,475,1.665,-0.017,2,1
10,2,27,3,N,nb18,475,-0.289,-0.631,1,1
10,2,27,3,N,nb19,475,1.866,1.568,1,1
10,2,27,3,N,nb20,475,0.483,-1.307,2,1
10,2,27,3,N,nb21,475,1.374,-0.163,1,1
10,2,27,3,N,nb22,475,1.473,0.069,2,1
10,2,27,3,N,nb23,475,0.38,0.88,1,1
10,2,27,3,N,nb24,475,0.25,-1.366,1,1
10,2,27,3,N,nb25,475,0.946,-1.528,3,1
10,2,27,3,N,nb26,475,0.479,1.104,1,1
10,2,27,3,N,nb27,475,-0.292,0.35,1,1
10,2,27,3,N,nb28,475,-0.131,0.295,1,1
10,2,27,3,N,nb29,475,1.239,0.044,3,1
10,2,27,3,A,aa0,475,-0.922,-1.155,1,0
10,2,27,3,A,aa1,475,1.437,1.866,2,0
10,2,27,3,A,aa2,475,-0.295,1.865,0,0
10,2,27,3,N,nb0,480,0.515,-0.264,1,1
10,2,27,3,N,nb1,480,0.551,-1.542,2,1
10,2,27,3,N,nb2,480,-1.231,-1.241,1,1
10,2,27,3,N,nb3,480,1.853,0.401,1,1
10,2,27,3,N,nb4,480,0.774,-1.448,3,1
10,2,27,3,N,nb5,480,-1.845,-0.261,0,0
10,2,27,3,N,nb6,480,1.843,0.155,2,1
10,2,27,3,N,nb7,480,-0.059,-0.596,1,1
10,2,27,3,N,nb8,480,1.295,0.281,2,1
10,2,27,3,N,nb9,480,0.36,-0.083,1,1
10,2,27,3,N,nb10,480,1.77,1.426,1,1
10,2,27,3,N,nb11,480,-1.866,-1.332,0,0
10,2,27,3,N,nb12,480,-1.09,-1.147,1,1
10,2,27,3,N,nb13,480,0.889,-1.29,3,1
10,2,27,3,N,nb14,480,0.885,-1.726,1,1
10,2,27,3,N,nb15,480,0.756,-1.084,1,1
10,2,27,3,N,nb16,480,1.301,0.528,1,1
10,2,27,3,N,nb17,480,1.665,-0.017,2,1
10,2,27,3,N,nb18,480,-0.289,-0.631,1,1
10,2,27,3,N,nb19,480,1.866,1.568,1,1
10,2,27,3,N,nb20,480,0.483,-1.307,2,1
10,2,27,3,N,nb21,480,1.374,-0.163,1,1
10,2,27,3,N,nb22,480,1.473,0.069,2,1
10,2,27,3,N,nb23,480,0.38,0.88,1,1
10,2,27,3,N,nb24,480,0.25,-1.366,1,1
10,2,27,3,N,nb25,480,0.946,-1.528,3,1
10,2,27,3,N,nb26,480,0.479,1.104,1,1
10,2,27,3,N,nb27,480,-0.292,0.35,1,1
10,2,27,3,N,nb28,480,-0.131,0.295,1,1
10,2,27,3,N,nb29,480,1.239,0.044,3,1
10,2,27,3,A,aa0,480,-0.923,-1.122,1,0
10,2,27,3,A,aa1,480,1.347,1.866,1,0
10,2,27,3,A,aa2,480,-0.384,1.865,0,0
10,2,27,3,N,nb0,485,0.515,-0.264,1,1
10,2,27,3,N,nb1,485,0.551,-1.542,2,1
10,2,27,3,N,nb2,485,-1.231,-1.241,1,1
10,2,27,3,N,nb3,485,1.853,0.401,1,1
10,2,27,3,N,nb4,485,0.774,-1.448,3,1
10,2,27,3,N,nb5,485,-1.821,-0.351,0,0
10,2,27,3,N,nb6,485,1.843,0.155,2,1
10,2,27,3,N,nb7,485,-0.059,-0.596,1,1
10,2,27,3,N,nb8,485,1.295,0.281,2,1
10,2,27,3,N,nb9,485,0.36,-0.083,1,1
10,2,27,3,N,nb10,485,1.77,1.426,1,1
10,2,27,3,N,nb11,485,-1.866,-1.24,0,0
10,2,27,3,N,nb12,485,-1.09,-1.147,1,1
10,2,27,3,N,nb13,485,0.889,-1.29,3,1
10,2,27,3,N,nb14,485,0.885,-1.726,1,1
10,2,27,3,N,nb15,485,0.756,-1.084,1,1
10,2,27,3,N,nb16,485,1.301,0.528,1,1
10,2,27,3,N,nb17,485,1.665,-0.017,2,1
10,2,27,3,N,nb18,485,-0.289,-0.631,1,1
10,2,27,3,N,nb19,485,1.866,1.568,1,1
10,2,27,3,N,nb20,485,0.483,-1.307,2,1
10,2,27,3,N,nb21,485,1.374,-0.163,1,1
10,2,27,3,N,nb22,485,1.473,0.069,2,1
10,2,27,3,N,nb23,485,0.38,0.88,1,1
10,2,27,3,N,nb24,485,0.25,-1.366,1,1
10,2,27,3,N,nb25,485,0.946,-1.528,3,1
10,2,27,3,N,nb26,485,0.479,1.104,1,1
10,2,27,3,N,nb27,485,-0.292,0.35,1,1
10,2,27,3,N,nb28,485,-0.131,0.295,1,1
10,2,27,3,N,nb29,485,1.239,0.044,3,1
10,2,27,3,A,aa0,485,-0.948,-1.055,1,0
10,2,27,3,A,aa1,485,1.255,1.865,0,0
10,2,27,3,A,aa2,485,-0.476,1.865,0,0
10,2,27,3,N,nb0,490,0.515,-0.264,1,1
10,2,27,3,N,nb1,490,0.551,-1.542,2,1
10,2,27,3,N,nb2,490,-1.231,-1.241,1,1
10,2,27,3,N,nb3,490,1.853,0.401,1,1
10,2,27,3,N,nb4,490,0.774,-1.448,3,1
10,2,27,3,N,nb5,490,-1.789,-0.439,0,0
10,2,27,3,N,nb6,490,1.843,0.155,2,1
10,2,27,3,N,nb7,490,-0.059,-0.596,1,1
10,2,27,3,N,nb8,490,1.295,0.281,2,1
10,2,27,3,N,nb9,490,0.36,-0.083,1,1
10,2,27,3,N,nb10,490,1.77,1.426,1,1
10,2,27,3,N,nb11,490,-1.86,-1.148,0,0
10,2,27,3,N,nb12,490,-1.09,-1.147,1,1
10,2,27,3,N,nb13,490,0.889,-1.29,3,1
10,2,27,3,N,nb14,490,0.885,-1.726,1,1
10,2,27,3,N,nb15,490,0.756,-1.084,1,1
10,2,27,3,N,nb16,490,1.301,0.528,1,1
10,2,27,3,N,nb17,490,1.665,-0.017,2,1
10,2,27,3,N,nb18,490,-0.289,-0.631,1,1
10,2,27,3,N,nb19,490,1.866,1.568,1,1
10,2,27,3,N,nb20,490,0.483,-1.307,2,0
10,2,27,3,N,nb21,490,1.374,-0.163,1,1
10,2,27,3,N,nb22,490,1.473,0.069,2,1
10,2,27,3,N,nb23,490,0.38,0.88,1,1
10,2,27,3,N,nb24,490,0.25,-1.366,1,1
10,2,27,3,N,nb25,490,0.946,-1.528,3,1
10,2,27,3,N,nb26,490,0.479,1.104,1,1
10,2,27,3,N,nb27,490,-0.292,0.35,1,1
10,2,27,3,N,nb28,490,-0.131,0.295,1,1
10,2,27,3,N,nb29,490,1.239,0.044,3,1
10,2,27,3,A,aa0,490,-0.994,-0.974,1,0
10,2,27,3,A,aa1,490,1.163,1.857,0,0
10,2,27,3,A,aa2,490,-0.568,1.858,0,0
10,2,27,3,N,nb0,495,0.515,-0.264,1,1
10,2,27,3,N,nb1,495,0.551,-1.542,2,1
10,2,27,3,N,nb2,495,-1.231,-1.241,1,1
10,2,27,3,N,nb3,495,1.853,0.401,1,1
10,2,27,3,N,nb4,495,0.774,-1.448,3,1
10,2,27,3,N,nb5,495,-1.749,-0.525,0,0
10,2,27,3,N,nb6,495,1.843,0.155,2,1
10,2,27,3,N,nb7,495,-0.059,-0.596,1,1
10,2,27,3,N,nb8,495,1.295,0.281,2,1
10,2,27,3,N,nb9,495,0.36,-0.083,1,1
10,2,27,3,N,nb10,495,1.77,1.426,1,1
10,2,27,3,N,nb11,495,-1.845,-1.057,0,0
10,2,27,3,N,nb12,495,-1.09,-1.147,1,1
10,2,27,3,N,nb13,495,0.889,-1.29,3,1
10,2,27,3,N,nb14,495,0.885,-1.726,1,1
10,2,27,3,N,nb15,495,0.756,-1.084,1,1
10,2,27,3,N,nb16,495,1.301,0.528,1,1
10,2,27,3,N,nb17,495,1.665,-0.017,2,1
10,2,27,3,N,nb18,495,-0.289,-0.631,1,1
10,2,27,3,N,nb19,495,1.866,1.568,1,1
10,2,27,3,N,nb20,495,0.483,-1.307,2,1
10,2,27,3,N,nb21,495,1.374,-0.163,1,1
10,2,27,3,N,nb22,495,1.473,0.069,2,1
10,2,27,3,N,nb23,495,0.38,0.88,1,1
10,2,27,3,N,nb24,495,0.25,-1.366,1,1
10,2,27,3,N,nb25,495,0.946,-1.528,3,1
10,2,27,3,N,nb26,495,0.479,1.104,1,1
10,2,27,3,N,nb27,495,-0.292,0.35,1,1
10,2,27,3,N,nb28,495,-0.131,0.295,1,1
10,2,27,3,N,nb29,495,1.239,0.044,3,1
10,2,27,3,A,aa0,495,-1.034,-0.887,1,0
10,2,27,3,A,aa1,495,1.072,1.839,0,0
10,2,27,3,A,aa2,495,-0.66,1.842,0,0
10,2,27,3,N,nb0,500,0.515,-0.264,1,1
10,2,27,3,N,nb1,500,0.551,-1.542,2,1
10,2,27,3,N,nb2,500,-1.231,-1.241,1,1
10,2,27,3,N,nb3,500,1.853,0.401,1,1
10,2,27,3,N,nb4,500,0.774,-1.448,3,1
10,2,27,3,N,nb5,500,-1.703,-0.615,0,0
10,2,27,3,N,nb6,500,1.843,0.155,2,1
10,2,27,3,N,nb7,500,-0.059,-0.596,1,1
10,2,27,3,N,nb8,500,1.295,0.281,2,1
10,2,27,3,N,nb9,500,0.36,-0.083,1,1
10,2,27,3,N,nb10,500,1.77,1.426,1,1
10,2,27,3,N,nb11,500,-1.82,-0.966,0,0
10,2,27,3,N,nb12,500,-1.09,-1.147,1,1
10,2,27,3,N,nb13,500,0.889,-1.29,3,1
10,2,27,3,N,nb14,500,0.885,-1.726,1,1
10,2,27,3,N,nb15,500,0.756,-1.084,1,1
10,2,27,3,N,nb16,500,1.301,0.528,1,1
10,2,27,3,N,nb17,500,1.665,-0.017,2,1
10,2,27,3,N,nb18,500,-0.289,-0.631,1,1
10,2,27,3,N,nb19,500,1.866,1.568,1,1
10,2,27,3,N,nb20,500,0.483,-1.307,2,1
10,2,27,3,N,nb21,500,1.374,-0.163,1,1
10,2,27,3,N,nb22,500,1.473,0.069,2,1
10,2,27,3,N,nb23,500,0.38,0.88,1,1
10,2,27,3,N,nb24,500,0.25,-1.366,1,1
10,2,27,3,N,nb25,500,0.946,-1.528,3,1
10,2,27,3,N,nb26,500,0.479,1.104,1,1
10,2,27,3,N,nb27,500,-0.292,0.35,1,1
10,2,27,3,N,nb28,500,-0.131,0.295,1,1
10,2,27,3,N,nb29,500,1.239,0.044,3,1
10,2,27,3,A,aa0,500,-1.072,-0.796,2,0
10,2,27,3,A,aa1,500,0.982,1.812,0,0
10,2,27,3,A,aa2,500,-0.693,1.827,0,0
10,2,27,3,N,nb0,505,0.515,-0.264,1,1
10,2,27,3,N,nb1,505,0.551,-1.542,2,1
10,2,27,3,N,nb2,505,-1.231,-1.241,1,1
10,2,27,3,N,nb3,505,1.853,0.401,1,1
10,2,27,3,N,nb4,505,0.774,-1.448,3,1
10,2,27,3,N,nb5,505,-1.665,-0.689,1,1
10,2,27,3,N,nb6,505,1.843,0.155,2,1
10,2,27,3,N,nb7,505,-0.059,-0.596,1,1
10,2,27,3,N,nb8,505,1.295,0.281,2,1
10,2,27,3,N,nb9,505,0.36,-0.083,1,1
10,2,27,3,N,nb10,505,1.77,1.426,1,1
10,2,27,3,N,nb11,505,-1.794,-0.893,1,1
10,2,27,3,N,nb12,505,-1.09,-1.147,1,1
10,2,27,3,N,nb13,505,0.889,-1.29,3,1
10,2,27,3,N,nb14,505,0.885,-1.726,1,1
10,2,27,3,N,nb15,505,0.756,-1.084,1,1
10,2,27,3,N,nb16,505,1.301,0.528,1,1
10,2,27,3,N,nb17,505,1.665,-0.017,2,1
10,2,27,3,N,nb18,505,-0.289,-0.631,1,1
10,2,27,3,N,nb19,505,1.866,1.568,1,1
10,2,27,3,N,nb20,505,0.483,-1.307,2,1
10,2,27,3,N,nb21,505,1.374,-0.163,1,1
10,2,27,3,N,nb22,505,1.473,0.069,2,1
10,2,27,3,N,nb23,505,0.38,0.88,1,1
10,2,27,3,N,nb24,505,0.25,-1.366,1,1
10,2,27,3,N,nb25,505,0.946,-1.528,3,1
10,2,27,3,N,nb26,505,0.479,1.104,1,1
10,2,27,3,N,nb27,505,-0.292,0.35,1,1
10,2,27,3,N,nb28,505,-0.131,0.295,1,1
10,2,27,3,N,nb29,505,1.239,0.044,3,1
10,2,27,3,A,aa0,505,-1.096,-0.737,1,0
10,2,27,3,A,aa1,505,0.895,1.777,0,0
10,2,27,3,A,aa2,505,-0.765,1.763,0,0
10,2,27,3,N,nb0,510,0.515,-0.264,1,1
10,2,27,3,N,nb1,510,0.551,-1.542,2,1
10,2,27,3,N,nb2,510,-1.254,-1.216,1,0
10,2,27,3,N,nb3,510,1.853,0.401,1,1
10,2,27,3,N,nb4,510,0.774,-1.448,3,1
10,2,27,3,N,nb5,510,-1.65,-0.718,1,0
10,2,27,3,N,nb6,510,1.843,0.155,2,1
10,2,27,3,N,nb7,510,-0.059,-0.596,1,1
10,2,27,3,N,nb8,510,1.295,0.281,2,1
10,2,27,3,N,nb9,510,0.36,-0.083,1,1
10,2,27,3,N,nb10,510,1.77,1.426,1,1
10,2,27,3,N,nb11,510,-1.794,-0.893,1,1
10,2,27,3,N,nb12,510,-1.072,-1.176,1,0
10,2,27,3,N,nb13,510,0.889,-1.29,3,1
10,2,27,3,N,nb14,510,0.885,-1.726,1,1
10,2,27,3,N,nb15,510,0.756,-1.084,1,1
10,2,27,3,N,nb16,510,1.301,0.528,1,1
10,2,27,3,N,nb17,510,1.665,-0.017,2,1
10,2,27,3,N,nb18,510,-0.289,-0.631,1,1
10,2,27,3,N,nb19,510,1.866,1.568,1,1
10,2,27,3,N,nb20,510,0.483,-1.307,2,1
10,2,27,3,N,nb21,510,1.374,-0.163,1,1
10,2,27,3,N,nb22,510,1.473,0.069,2,1
10,2,27,3,N,nb23,510,0.38,0.88,1,1
10,2,27,3,N,nb24,510,0.25,-1.366,1,1
10,2,27,3,N,nb25,510,0.946,-1.528,3,1
10,2,27,3,N,nb26,510,0.479,1.104,1,1
10,2,27,3,N,nb27,510,-0.292,0.35,1,1
10,2,27,3,N,nb28,510,-0.131,0.295,1,1
10,2,27,3,N,nb29,510,1.239,0.044,3,1
10,2,27,3,A,aa0,510,-1.096,-0.737,0,0
10,2,27,3,A,aa1,510,0.807,1.734,0,0
10,2,27,3,A,aa2,510,-0.838,1.695,0,0
10,2,27,3,N,nb0,515,0.515,-0.264,1,1
10,2,27,3,N,nb1,515,0.551,-1.542,2,1
10,2,27,3,N,nb2,515,-1.322,-1.147,0,0
10,2,27,3,N,nb3,515,1.853,0.401,1,1
10,2,27,3,N,nb4,515,0.774,-1.448,3,1
10,2,27,3,N,nb5,515,-1.6,-0.795,1,0
10,2,27,3,N,nb6,515,1.843,0.155,2,1
10,2,27,3,N,nb7,515,-0.059,-0.596,1,1
10,2,27,3,N,nb8,515,1.295,0.281,2,1
10,2,27,3,N,nb9,515,0.36,-0.083,1,1
10,2,27,3,N,nb10,515,1.77,1.426,1,1
10,2,27,3,N,nb11,515,-1.794,-0.893,1,1
10,2,27,3,N,nb12,515,-1.017,-1.254,0,0
10,2,27,3,N,nb13,515,0.889,-1.29,3,1
10,2,27,3,N,nb14,515,0.885,-1.726,1,1
10,2,27,3,N,nb15,515,0.756,-1.084,1,1
10,2,27,3,N,nb16,515,1.301,0.528,1,1
10,2,27,3,N,nb17,515,1.665,-0.017,2,1
10,2,27,3,N,nb18,515,-0.289,-0.631,1,1
10,2,27,3,N,nb19,515,1.866,1.568,1,1
10,2,27,3,N,nb20,515,0.483,-1.307,2,1
10,2,27,3,N,nb21,515,1.374,-0.163,1,1
10,2,27,3,N,nb22,515,1.473,0.069,2,1
10,2,27,3,N,nb23,515,0.38,0.88,1,1
10,2,27,3,N,nb24,515,0.25,-1.366,1,1
10,2,27,3,N,nb25,515,0.946,-1.528,3,1
10,2,27,3,N,nb26,515,0.479,1.104,1,1
10,2,27,3,N,nb27,515,-0.292,0.35,1,1
10,2,27,3,N,nb28,515,-0.131,0.295,1,1
10,2,27,3,N,nb29,515,1.239,0.044,3,1
10,2,27,3,A,aa0,515,-1.191,-0.719,0,0
10,2,27,3,A,aa1,515,0.786,1.723,0,0
10,2,27,3,A,aa2,515,-0.91,1.626,0,0
10,2,27,3,N,nb0,520,0.515,-0.264,1,1
10,2,27,3,N,nb1,520,0.551,-1.542,2,1
10,2,27,3,N,nb2,520,-1.394,-1.077,0,0
10,2,27,3,N,nb3,520,1.853,0.401,1,1
10,2,27,3,N,nb4,520,0.774,-1.448,3,1
10,2,27,3,N,nb5,520,-1.563,-0.841,1,1
10,2,27,3,N,nb6,520,1.843,0.155,2,1
10,2,27,3,N,nb7,520,-0.059,-0.596,1,1
10,2,27,3,N,nb8,520,1.295,0.281,2,1
10,2,27,3,N,nb9,520,0.36,-0.083,1,1
10,2,27,3,N,nb10,520,1.77,1.426,1,0
10,2,27,3,N,nb11,520,-1.794,-0.893,1,1
10,2,27,3,N,nb12,520,-0.957,-1.334,0,0
10,2,27,3,N,nb13,520,0.889,-1.29,3,1
10,2,27,3,N,nb14,520,0.885,-1.726,1,1
10,2,27,3,N,nb15,520,0.756,-1.084,1,1
10,2,27,3,N,nb16,520,1.301,0.528,1,1
10,2,27,3,N,nb17,520,1.665,-0.017,2,1
10,2,27,3,N,nb18,520,-0.289,-0.631,1,1
10,2,27,3,N,nb19,520,1.866,1.568,1,0
10,2,27,3,N,nb20,520,0.483,-1.307,2,1
10,2,27,3,N,nb21,520,1.374,-0.163,1,0
10,2,27,3,N,nb22,520,1.473,0.069,2,1
10,2,27,3,N,nb23,520,0.38,0.88,1,1
10,2,27,3,N,nb24,520,0.25,-1.366,1,1
10,2,27,3,N,nb25,520,0.946,-1.528,3,1
10,2,27,3,N,nb26,520,0.479,1.104,1,1
10,2,27,3,N,nb27,520,-0.292,0.35,1,1
10,2,27,3,N,nb28,520,-0.131,0.295,1,1
10,2,27,3,N,nb29,520,1.239,0.044,3,1
10,2,27,3,A,aa0,520,-1.29,-0.701,1,0
10,2,27,3,A,aa1,520,0.782,1.687,0,0
10,2,27,3,A,aa2,520,-0.983,1.557,0,0
10,2,27,3,N,nb0,525,0.515,-0.264,1,1
10,2,27,3,N,nb1,525,0.551,-1.542,2,1
10,2,27,3,N,nb2,525,-1.437,-1.036,1,1
10,2,27,3,N,nb3,525,1.853,0.401,1,1
10,2,27,3,N,nb4,525,0.774,-1.448,3,1
10,2,27,3,N,nb5,525,-1.563,-0.841,2,1
10,2,27,3,N,nb6,525,1.843,0.155,2,1
10,2,27,3,N,nb7,525,-0.059,-0.596,1,1
10,2,27,3,N,nb8,525,1.295,0.281,2,1
10,2,27,3,N,nb9,525,0.36,-0.083,1,1
10,2,27,3,N,nb10,525,1.77,1.426,1,1
10,2,27,3,N,nb11,525,-1.794,-0.893,1,1
10,2,27,3,N,nb12,525,-0.897,-1.415,0,0
10,2,27,3,N,nb13,525,0.889,-1.29,3,1
10,2,27,3,N,nb14,525,0.885,-1.726,1,1
10,2,27,3,N,nb15,525,0.756,-1.084,1,1
10,2,27,3,N,nb16,525,1.301,0.528,1,1
10,2,27,3,N,nb17,525,1.665,-0.017,2,1
10,2,27,3,N,nb18,525,-0.289,-0.631,1,1
10,2,27,3,N,nb19,525,1.866,1.568,1,1
10,2,27,3,N,nb20,525,0.483,-1.307,2,1
10,2,27,3,N,nb21,525,1.374,-0.163,1,1
10,2,27,3,N,nb22,525,1.473,0.069,2,1
10,2,27,3,N,nb23,525,0.38,0.88,1,1
10,2,27,3,N,nb24,525,0.25,-1.366,1,1
10,2,27,3,N,nb25,525,0.946,-1.528,3,1
10,2,27,3,N,nb26,525,0.479,1.104,1,1
10,2,27,3,N,nb27,525,-0.292,0.35,1,1
10,2,27,3,N,nb28,525,-0.131,0.295,1,1
10,2,27,3,N,nb29,525,1.239,0.044,3,1
10,2,27,3,A,aa0,525,-1.384,-0.684,2,0
10,2,27,3,A,aa1,525,0.772,1.587,1,0
10,2,27,3,A,aa2,525,-1.055,1.488,0,0
10,2,27,3,N,nb0,530,0.515,-0.264,1,1
10,2,27,3,N,nb1,530,0.551,-1.542,2,1
10,2,27,3,N,nb2,530,-1.437,-1.036,1,0
10,2,27,3,N,nb3,530,1.853,0.401,1,1
10,2,27,3,N,nb4,530,0.774,-1.448,3,1
10,2,27,3,N,nb5,530,-1.563,-0.841,2,0
10,2,27,3,N,nb6,530,1.843,0.155,2,1
10,2,27,3,N,nb7,530,-0.059,-0.596,1,1
10,2,27,3,N,nb8,530,1.295,0.281,2,1
10,2,27,3,N,nb9,530,0.36,-0.083,1,1
10,2,27,3,N,nb10,530,1.77,1.426,1,1
10,2,27,3,N,nb11,530,-1.794,-0.893,1,0
10,2,27,3,N,nb12,530,-0.838,-1.495,0,0
10,2,27,3,N,nb13,530,0.889,-1.29,3,1
10,2,27,3,N,nb14,530,0.885,-1.726,1,1
10,2,27,3,N,nb15,530,0.756,-1.084,1,1
10,2,27,3,N,nb16,530,1.301,0.528,1,1
10,2,27,3,N,nb17,530,1.665,-0.017,2,1
10,2,27,3,N,nb18,530,-0.289,-0.631,1,1
10,2,27,3,N,nb19,530,1.866,1.568,1,1
10,2,27,3,N,nb20,530,0.483,-1.307,2,1
10,2,27,3,N,nb21,530,1.374,-0.163,1,1
10,2,27,3,N,nb22,530,1.473,0.069,2,1
10,2,27,3,N,nb23,530,0.38,0.88,1,1
10,2,27,3,N,nb24,530,0.25,-1.366,1,0
10,2,27,3,N,nb25,530,0.946,-1.528,3,1
10,2,27,3,N,nb26,530,0.479,1.104,1,1
10,2,27,3,N,nb27,530,-0.292,0.35,1,1
10,2,27,3,N,nb28,530,-0.131,0.295,1,1
10,2,27,3,N,nb29,530,1.239,0.044,3,1
10,2,27,3,A,aa0,530,-1.469,-0.657,3,1
10,2,27,3,A,aa1,530,0.761,1.488,1,0
10,2,27,3,A,aa2,530,-1.127,1.419,0,0
10,2,27,3,N,nb0,535,0.515,-0.264,1,1
10,2,27,3,N,nb1,535,0.551,-1.542,2,1
10,2,27,3,N,nb2,535,-1.46,-1.015,1,0
10,2,27,3,N,nb3,535,1.853,0.401,1,1
10,2,27,3,N,nb4,535,0.774,-1.448,3,1
10,2,27,3,N,nb5,535,-1.551,-0.872,2,0
10,2,27,3,N,nb6,535,1.843,0.155,2,1
10,2,27,3,N,nb7,535,-0.059,-0.596,1,1
10,2,27,3,N,nb8,535,1.295,0.281,2,1
10,2,27,3,N,nb9,535,0.36,-0.083,1,1
10,2,27,3,N,nb10,535,1.77,1.426,1,1
10,2,27,3,N,nb11,535,-1.764,-0.827,1,0
10,2,27,3,N,nb12,535,-0.778,-1.575,0,0
10,2,27,3,N,nb13,535,0.889,-1.29,3,1
10,2,27,3,N,nb14,535,0.885,-1.726,1,1
10,2,27,3,N,nb15,535,0.756,-1.084,1,1
10,2,27,3,N,nb16,535,1.301,0.528,1,1
10,2,27,3,N,nb17,535,1.665,-0.017,2,1
10,2,27,3,N,nb18,535,-0.289,-0.631,1,1
10,2,27,3,N,nb19,535,1.866,1.568,1,1
10,2,27,3,N,nb20,535,0.483,-1.307,2,1
10,2,27,3,N,nb21,535,1.374,-0.163,1,1
10,2,27,3,N,nb22,535,1.473,0.069,2,1
10,2,27,3,N,nb23,535,0.38,0.88,1,1
10,2,27,3,N,nb24,535,0.25,-1.366,1,1
10,2,27,3,N,nb25,535,0.946,-1.528,3,1
10,2,27,3,N,nb26,535,0.479,1.104,1,0
10,2,27,3,N,nb27,535,-0.292,0.35,1,1
10,2,27,3,N,nb28,535,-0.131,0.295,1,1
10,2,27,3,N,nb29,535,1.239,0.044,3,1
10,2,27,3,A,aa0,535,-1.554,-0.618,0,0
10,2,27,3,A,aa1,535,0.751,1.389,1,0
10,2,27,3,A,aa2,535,-1.2,1.35,0,0
10,2,27,3,N,nb0,540,0.515,-0.264,1,1
10,2,27,3,N,nb1,540,0.551,-1.542,2,1
10,2,27,3,N,nb2,540,-1.455,-1.014,1,0
10,2,27,3,N,nb3,540,1.853,0.401,1,1
10,2,27,3,N,nb4,540,0.774,-1.448,3,1
10,2,27,3,N,nb5,540,-1.572,-0.891,2,0
10,2,27,3,N,nb6,540,1.843,0.155,2,1
10,2,27,3,N,nb7,540,-0.059,-0.596,1,1
10,2,27,3,N,nb8,540,1.295,0.281,2,1
10,2,27,3,N,nb9,540,0.36,-0.083,1,1
10,2,27,3,N,nb10,540,1.77,1.426,1,1
10,2,27,3,N,nb11,540,-1.731,-0.743,1,0
10,2,27,3,N,nb12,540,-0.718,-1.655,0,0
10,2,27,3,N,nb13,540,0.889,-1.29,3,1
10,2,27,3,N,nb14,540,0.885,-1.726,1,1
10,2,27,3,N,nb15,540,0.756,-1.084,1,1
10,2,27,3,N,nb16,540,1.301,0.528,1,1
10,2,27,3,N,nb17,540,1.665,-0.017,2,1
10,2,27,3,N,nb18,540,-0.289,-0.631,1,1
10,2,27,3,N,nb19,540,1.866,1.568,1,1
10,2,27,3,N,nb20,540,0.483,-1.307,2,1
10,2,27,3,N,nb21,540,1.374,-0.163,1,1
10,2,27,3,N,nb22,540,1.473,0.069,2,1
10,2,27,3,N,nb23,540,0.38,0.88,1,1
10,2,27,3,N,nb24,540,0.25,-1.366,1,1
10,2,27,3,N,nb25,540,0.946,-1.528,3,1
10,2,27,3,N,nb26,540,0.479,1.104,1,1
10,2,27,3,N,nb27,540,-0.292,0.35,1,1
10,2,27,3,N,nb28,540,-0.131,0.295,1,1
10,2,27,3,N,nb29,540,1.239,0.044,3,1
10,2,27,3,A,aa0,540,-1.635,-0.572,0,0
10,2,27,3,A,aa1,540,0.74,1.289,1,0
10,2,27,3,A,aa2,540,-1.272,1.281,0,0
10,2,27,3,N,nb0,545,0.515,-0.264,1,1
10,2,27,3,N,nb1,545,0.551,-1.542,2,1
10,2,27,3,N,nb2,545,-1.455,-1.013,1,1
10,2,27,3,N,nb3,545,1.853,0.401,1,1
10,2,27,3,N,nb4,545,0.774,-1.448,3,1
10,2,27,3,N,nb5,545,-1.577,-0.896,2,1
10,2,27,3,N,nb6,545,1.843,0.155,2,1
10,2,27,3,N,nb7,545,-0.059,-0.596,1,1
10,2,27,3,N,nb8,545,1.295,0.281,2,1
10,2,27,3,N,nb9,545,0.36,-0.083,1,1
10,2,27,3,N,nb10,545,1.77,1.426,1,1
10,2,27,3,N,nb11,545,-1.725,-0.723,1,1
10,2,27,3,N,nb12,545,-0.658,-1.735,0,0
10,2,27,3,N,nb13,545,0.889,-1.29,3,1
10,2,27,3,N,nb14,545,0.885,-1.726,1,1
10,2,27,3,N,nb15,545,0.756,-1.084,1,1
10,2,27,3,N,nb16,545,1.301,0.528,1,1
10,2,27,3,N,nb17,545,1.665,-0.017,2,1
10,2,27,3,N,nb18,545,-0.289,-0.631,1,1
10,2,27,3,N,nb19,545,1.866,1.568,1,1
10,2,27,3,N,nb20,545,0.483,-1.307,2,1
10,2,27,3,N,nb21,545,1.374,-0.163,1,1
10,2,27,3,N,nb22,545,1.473,0.069,2,1
10,2,27,3,N,nb23,545,0.38,0.88,1,1
10,2,27,3,N,nb24,545,0.25,-1.366,1,1
10,2,27,3,N,nb25,545,0.946,-1.528,3,1
10,2,27,3,N,nb26,545,0.479,1.104,1,1
10,2,27,3,N,nb27,545,-0.292,0.35,1,1
10,2,27,3,N,nb28,545,-0.131,0.295,1,1
10,2,27,3,N,nb29,545,1.239,0.044,3,1
10,2,27,3,A,aa0,545,-1.71,-0.517,1,0
10,2,27,3,A,aa1,545,0.73,1.19,2,0
10,2,27,3,A,aa2,545,-1.345,1.212,0,0
10,2,27,3,N,nb0,550,0.515,-0.264,1,1
10,2,27,3,N,nb1,550,0.551,-1.542,2,1
10,2,27,3,N,nb2,550,-1.455,-1.013,1,1
10,2,27,3,N,nb3,550,1.853,0.401,1,1
10,2,27,3,N,nb4,550,0.774,-1.448,3,1
10,2,27,3,N,nb5,550,-1.577,-0.896,2,1
10,2,27,3,N,nb6,550,1.843,0.155,2,1
10,2,27,3,N,nb7,550,-0.059,-0.596,1,1
10,2,27,3,N,nb8,550,1.295,0.281,2,1
10,2,27,3,N,nb9,550,0.36,-0.083,1,1
10,2,27,3,N,nb10,550,1.77,1.426,1,1
10,2,27,3,N,nb11,550,-1.725,-0.723,1,1
10,2,27,3,N,nb12,550,-0.602,-1.809,0,0
10,2,27,3,N,nb13,550,0.889,-1.29,3,1
10,2,27,3,N,nb14,550,0.885,-1.726,1,1
10,2,27,3,N,nb15,550,0.756,-1.084,1,1
10,2,27,3,N,nb16,550,1.301,0.528,1,1
10,2,27,3,N,nb17,550,1.665,-0.017,2,1
10,2,27,3,N,nb18,550,-0.289,-0.631,1,1
10,2,27,3,N,nb19,550,1.866,1.568,1,1
10,2,27,3,N,nb20,550,0.483,-1.307,2,1
10,2,27,3,N,nb21,550,1.374,-0.163,1,1
10,2,27,3,N,nb22,550,1.473,0.069,2,1
10,2,27,3,N,nb23,550,0.38,0.88,1,1
10,2,27,3,N,nb24,550,0.25,-1.366,1,1
10,2,27,3,N,nb25,550,0.946,-1.528,3,1
10,2,27,3,N,nb26,550,0.479,1.104,1,1
10,2,27,3,N,nb27,550,-0.292,0.35,1,1
10,2,27,3,N,nb28,550,-0.131,0.295,1,1
10,2,27,3,N,nb29,550,1.239,0.044,3,1
10,2,27,3,A,aa0,550,-1.783,-0.456,1,0
10,2,27,3,A,aa1,550,0.725,1.099,2,0
10,2,27,3,A,aa2,550,-1.417,1.143,0,0
10,2,27,3,N,nb0,555,0.515,-0.264,1,1
10,2,27,3,N,nb1,555,0.551,-1.542,2,1
10,2,27,3,N,nb2,555,-1.455,-1.013,1,1
10,2,27,3,N,nb3,555,1.853,0.401,1,1
10,2,27,3,N,nb4,555,0.774,-1.448,3,1
10,2,27,3,N,nb5,555,-1.577,-0.896,2,1
10,2,27,3,N,nb6,555,1.843,0.155,2,1
10,2,27,3,N,nb7,555,-0.059,-0.596,1,0
10,2,27,3,N,nb8,555,1.295,0.281,2,1
10,2,27,3,N,nb9,555,0.36,-0.083,1,1
10,2,27,3,N,nb10,555,1.77,1.426,1,1
10,2,27,3,N,nb11,555,-1.725,-0.723,1,1
10,2,27,3,N,nb12,555,-0.538,-1.865,0,0
10,2,27,3,N,nb13,555,0.889,-1.29,3,1
10,2,27,3,N,nb14,555,0.885,-1.726,1,1
10,2,27,3,N,nb15,555,0.756,-1.084,1,1
10,2,27,3,N,nb16,555,1.301,0.528,1,1
10,2,27,3,N,nb17,555,1.665,-0.017,2,1
10,2,27,3,N,nb18,555,-0.289,-0.631,1,0
10,2,27,3,N,nb19,555,1.866,1.568,1,1
10,2,27,3,N,nb20,555,0.483,-1.307,2,1
10,2,27,3,N,nb21,555,1.374,-0.163,1,1
10,2,27,3,N,nb22,555,1.473,0.069,2,1
10,2,27,3,N,nb23,555,0.38,0.88,1,1
10,2,27,3,N,nb24,555,0.25,-1.366,1,1
10,2,27,3,N,nb25,555,0.946,-1.528,3,1
10,2,27,3,N,nb26,555,0.479,1.104,1,1
10,2,27,3,N,nb27,555,-0.292,0.35,1,1
10,2,27,3,N,nb28,555,-0.131,0.295,1,1
10,2,27,3,N,nb29,555,1.239,0.044,3,1
10,2,27,3,A,aa0,555,-1.843,-0.391,1,0
10,2,27,3,A,aa1,555,0.731,1.006,2,0
10,2,27,3,A,aa2,555,-1.49,1.075,0,0
10,2,27,3,N,nb0,560,0.515,-0.264,1,1
10,2,27,3,N,nb1,560,0.551,-1.542,2,0
10,2,27,3,N,nb2,560,-1.455,-1.013,1,1
10,2,27,3,N,nb3,560,1.853,0.401,1,1
10,2,27,3,N,nb4,560,0.774,-1.448,3,1
10,2,27,3,N,nb5,560,-1.577,-0.896,2,1
10,2,27,3,N,nb6,560,1.843,0.155,2,1
10,2,27,3,N,nb7,560,-0.059,-0.596,1,1
10,2,27,3,N,nb8,560,1.295,0.281,2,1
10,2,27,3,N,nb9,560,0.36,-0.083,1,1
10,2,27,3,N,nb10,560,1.77,1.426,1,1
10,2,27,3,N,nb11,560,-1.725,-0.723,1,1
10,2,27,3,N,nb12,560,-0.469,-1.865,0,0
10,2,27,3,N,nb13,560,0.889,-1.29,3,1
10,2,27,3,N,nb14,560,0.885,-1.726,1,1
10,2,27,3,N,nb15,560,0.756,-1.084,1,1
10,2,27,3,N,nb16,560,1.301,0.528,1,1
10,2,27,3,N,nb17,560,1.665,-0.017,2,1
10,2,27,3,N,nb18,560,-0.289,-0.631,1,1
10,2,27,3,N,nb19,560,1.866,1.568,1,1
10,2,27,3,N,nb20,560,0.483,-1.307,2,1
10,2,27,3,N,nb21,560,1.374,-0.163,1,1
10,2,27,3,N,nb22,560,1.473,0.069,2,1
10,2,27,3,N,nb23,560,0.38,0.88,1,1
10,2,27,3,N,nb24,560,0.25,-1.366,1,1
10,2,27,3,N,nb25,560,0.946,-1.528,3,1
10,2,27,3,N,nb26,560,0.479,1.104,1,1
10,2,27,3,N,nb27,560,-0.292,0.35,1,1
10,2,27,3,N,nb28,560,-0.131,0.295,1,1
10,2,27,3,N,nb29,560,1.239,0.044,3,1
10,2,27,3,A,aa0,560,-1.865,-0.347,1,0
10,2,27,3,A,aa1,560,0.743,0.907,2,0
10,2,27,3,A,aa2,560,-1.562,1.006,0,0
10,2,27,3,N,nb0,565,0.515,-0.264,1,1
10,2,27,3,N,nb1,565,0.551,-1.542,2,1
10,2,27,3,N,nb2,565,-1.455,-1.013,1,1
10,2,27,3,N,nb3,565,1.853,0.401,1,1
10,2,27,3,N,nb4,565,0.774,-1.448,3,1
10,2,27,3,N,nb5,565,-1.577,-0.896,2,1
10,2,27,3,N,nb6,565,1.843,0.155,2,1
10,2,27,3,N,nb7,565,-0.059,-0.596,1,1
10,2,27,3,N,nb8,565,1.295,0.281,2,1
10,2,27,3,N,nb9,565,0.36,-0.083,1,1
10,2,27,3,N,nb10,565,1.77,1.426,1,1
10,2,27,3,N,nb11,565,-1.725,-0.723,1,1
10,2,27,3,N,nb12,565,-0.391,-1.865,0,0
10,2,27,3,N,nb13,565,0.889,-1.29,3,1
10,2,27,3,N,nb14,565,0.885,-1.726,1,1
10,2,27,3,N,nb15,565,0.756,-1.084,1,0
10,2,27,3,N,nb16,565,1.301,0.528,1,1
10,2,27,3,N,nb17,565,1.665,-0.017,2,1
10,2,27,3,N,nb18,565,-0.289,-0.631,1,1
10,2,27,3,N,nb19,565,1.866,1.568,1,1
10,2,27,3,N,nb20,565,0.483,-1.307,2,1
10,2,27,3,N,nb21,565,1.374,-0.163,1,1
10,2,27,3,N,nb22,565,1.473,0.069,2,1
10,2,27,3,N,nb23,565,0.38,0.88,1,1
10,2,27,3,N,nb24,565,0.25,-1.366,1,1
10,2,27,3,N,nb25,565,0.946,-1.528,3,1
10,2,27,3,N,nb26,565,0.479,1.104,1,1
10,2,27,3,N,nb27,565,-0.292,0.35,1,1
10,2,27,3,N,nb28,565,-0.131,0.295,1,1
10,2,27,3,N,nb29,565,1.239,0.044,3,1
10,2,27,3,A,aa0,565,-1.865,-0.346,1,0
10,2,27,3,A,aa1,565,0.755,0.807,2,0
10,2,27,3,A,aa2,565,-1.635,0.937,0,0
10,2,27,3,N,nb0,570,0.515,-0.264,1,1
10,2,27,3,N,nb1,570,0.551,-1.542,2,1
10,2,27,3,N,nb2,570,-1.455,-1.013,1,1
10,2,27,3,N,nb3,570,1.853,0.401,1,1
10,2,27,3,N,nb4,570,0.774,-1.448,3,1
10,2,27,3,N,nb5,570,-1.577,-0.896,2,1
10,2,27,3,N,nb6,570,1.843,0.155,2,1
10,2,27,3,N,nb7,570,-0.059,-0.596,1,1
10,2,27,3,N,nb8,570,1.295,0.281,2,1
10,2,27,3,N,nb9,570,0.36,-0.083,1,1
10,2,27,3,N,nb10,570,1.77,1.426,1,1
10,2,27,3,N,nb11,570,-1.725,-0.723,1,1
10,2,27,3,N,nb12,570,-0.306,-1.865,0,0
10,2,27,3,N,nb13,570,0.889,-1.29,3,1
10,2,27,3,N,nb14,570,0.885,-1.726,1,1
10,2,27,3,N,nb15,570,0.756,-1.084,1,1
10,2,27,3,N,nb16,570,1.316,0.523,1,0
10,2,27,3,N,nb17,570,1.665,-0.017,2,1
10,2,27,3,N,nb18,570,-0.289,-0.631,1,1
10,2,27,3,N,nb19,570,1.866,1.568,1,1
10,2,27,3,N,nb20,570,0.483,-1.307,2,1
10,2,27,3,N,nb21,570,1.374,-0.163,1,1
10,2,27,3,N,nb22,570,1.473,0.069,2,1
10,2,27,3,N,nb23,570,0.384,0.894,1,0
10,2,27,3,N,nb24,570,0.25,-1.366,1,1
10,2,27,3,N,nb25,570,0.946,-1.528,3,1
10,2,27,3,N,nb26,570,0.494,1.098,1,0
10,2,27,3,N,nb27,570,-0.292,0.35,1,1
10,2,27,3,N,nb28,570,-0.131,0.295,1,1
10,2,27,3,N,nb29,570,1.239,0.044,3,1
10,2,27,3,A,aa0,570,-1.865,-0.329,1,0
10,2,27,3,A,aa1,570,0.767,0.708,0,0
10,2,27,3,A,aa2,570,-1.707,0.868,0,0
10,2,27,3,N,nb0,575,0.515,-0.264,1,1
10,2,27,3,N,nb1,575,0.551,-1.542,2,1
10,2,27,3,N,nb2,575,-1.455,-1.013,1,1
10,2,27,3,N,nb3,575,1.853,0.401,1,1
10,2,27,3,N,nb4,575,0.774,-1.448,3,1
10,2,27,3,N,nb5,575,-1.577,-0.896,2,1
10,2,27,3,N,nb6,575,1.843,0.155,2,1
10,2,27,3,N,nb7,575,-0.059,-0.596,1,1
10,2,27,3,N,nb8,575,1.295,0.281,2,1
10,2,27,3,N,nb9,575,0.36,-0.083,1,1
10,2,27,3,N,nb10,575,1.77,1.426,1,1
10,2,27,3,N,nb11,575,-1.725,-0.723,1,1
10,2,27,3,N,nb12,575,-0.218,-1.865,0,0
10,2,27,3,N,nb13,575,0.889,-1.29,3,1
10,2,27,3,N,nb14,575,0.885,-1.726,1,1
10,2,27,3,N,nb15,575,0.756,-1.084,1,1
10,2,27,3,N,nb16,575,1.405,0.501,1,0
10,2,27,3,N,nb17,575,1.665,-0.017,2,1
10,2,27,3,N,nb18,575,-0.289,-0.631,1,1
10,2,27,3,N,nb19,575,1.866,1.568,1,1
10,2,27,3,N,nb20,575,0.483,-1.307,2,1
10,2,27,3,N,nb21,575,1.374,-0.163,1,1
10,2,27,3,N,nb22,575,1.473,0.069,2,1
10,2,27,3,N,nb23,575,0.394,0.981,1,0
10,2,27,3,N,nb24,575,0.25,-1.366,1,1
10,2,27,3,N,nb25,575,0.946,-1.528,3,1
10,2,27,3,N,nb26,575,0.582,1.065,1,0
10,2,27,3,N,nb27,575,-0.292,0.35,1,1
10,2,27,3,N,nb28,575,-0.131,0.295,1,1
10,2,27,3,N,nb29,575,1.239,0.044,3,1
10,2,27,3,A,aa0,575,-1.865,-0.295,1,0
10,2,27,3,A,aa1,575,0.775,0.645,0,0
10,2,27,3,A,aa2,575,-1.78,0.799,0,0
10,2,27,3,N,nb0,580,0.515,-0.264,1,1
10,2,27,3,N,nb1,580,0.551,-1.542,2,1
10,2,27,3,N,nb2,580,-1.455,-1.013,1,1
10,2,27,3,N,nb3,580,1.853,0.401,1,1
10,2,27,3,N,nb4,580,0.774,-1.448,3,1
10,2,27,3,N,nb5,580,-1.577,-0.896,2,1
10,2,27,3,N,nb6,580,1.843,0.155,2,1
10,2,27,3,N,nb7,580,-0.059,-0.596,1,1
10,2,27,3,N,nb8,580,1.295,0.281,1,1
10,2,27,3,N,nb9,580,0.36,-0.083,1,1
10,2,27,3,N,nb10,580,1.77,1.426,1,1
10,2,27,3,N,nb11,580,-1.725,-0.723,1,1
10,2,27,3,N,nb12,580,-0.127,-1.865,0,0
10,2,27,3,N,nb13,580,0.889,-1.29,3,1
10,2,27,3,N,nb14,580,0.885,-1.726,1,1
10,2,27,3,N,nb15,580,0.756,-1.084,1,1
10,2,27,3,N,nb16,580,1.5,0.487,0,0
10,2,27,3,N,nb17,580,1.665,-0.017,2,1
10,2,27,3,N,nb18,580,-0.289,-0.631,1,1
10,2,27,3,N,nb19,580,1.866,1.568,1,1
10,2,27,3,N,nb20,580,0.483,-1.307,2,1
10,2,27,3,N,nb21,580,1.374,-0.163,1,1
10,2,27,3,N,nb22,580,1.473,0.069,2,1
10,2,27,3,N,nb23,580,0.391,1.072,0,0
10,2,27,3,N,nb24,580,0.25,-1.366,1,1
10,2,27,3,N,nb25,580,0.946,-1.528,3,1
10,2,27,3,N,nb26,580,0.675,1.037,0,0
10,2,27,3,N,nb27,580,-0.292,0.35,1,1
10,2,27,3,N,nb28,580,-0.131,0.295,1,1
10,2,27,3,N,nb29,580,1.239,0.044,3,1
10,2,27,3,A,aa0,580,-1.865,-0.246,1,0
10,2,27,3,A,aa1,580,0.788,0.636,0,0
10,2,27,3,A,aa2,580,-1.84,0.734,0,0
10,2,27,3,N,nb0,585,0.515,-0.264,1,1
10,2,27,3,N,nb1,585,0.551,-1.542,2,1
10,2,27,3,N,nb2,585,-1.455,-1.013,1,1
10,2,27,3,N,nb3,585,1.853,0.401,1,1
10,2,27,3,N,nb4,585,0.774,-1.448,3,1
10,2,27,3,N,nb5,585,-1.577,-0.896,2,1
10,2,27,3,N,nb6,585,1.843,0.155,2,1
10,2,27,3,N,nb7,585,-0.059,-0.596,1,1
10,2,27,3,N,nb8,585,1.295,0.281,1,1
10,2,27,3,N,nb9,585,0.36,-0.083,1,1
10,2,27,3,N,nb10,585,1.77,1.426,1,1
10,2,27,3,N,nb11,585,-1.725,-0.723,1,1
10,2,27,3,N,nb12,585,-0.034,-1.86,0,0
10,2,27,3,N,nb13,585,0.889,-1.29,3,1
10,2,27,3,N,nb14,585,0.885,-1.726,1,1
10,2,27,3,N,nb15,585,0.756,-1.084,1,1
10,2,27,3,N,nb16,585,1.6,0.475,0,0
10,2,27,3,N,nb17,585,1.665,-0.017,2,1
10,2,27,3,N,nb18,585,-0.289,-0.631,1,1
10,2,27,3,N,nb19,585,1.866,1.568,1,1
10,2,27,3,N,nb20,585,0.483,-1.307,2,1
10,2,27,3,N,nb21,585,1.374,-0.163,1,1
10,2,27,3,N,nb22,585,1.473,0.069,2,1
10,2,27,3,N,nb23,585,0.38,1.171,0,0
10,2,27,3,N,nb24,585,0.25,-1.366,1,1
10,2,27,3,N,nb25,585,0.946,-1.528,3,1
10,2,27,3,N,nb26,585,0.771,1.009,0,0
10,2,27,3,N,nb27,585,-0.292,0.35,1,0
10,2,27,3,N,nb28,585,-0.131,0.295,1,0
10,2,27,3,N,nb29,585,1.239,0.044,3,1
10,2,27,3,A,aa0,585,-1.865,-0.186,1,0
10,2,27,3,A,aa1,585,0.824,0.612,1,0
10,2,27,3,A,aa2,585,-1.865,0.662,0,0
10,2,27,3,N,nb0,590,0.515,-0.264,1,0
10,2,27,3,N,nb1,590,0.551,-1.542,2,1
10,2,27,3,N,nb2,590,-1.455,-1.013,1,1
10,2,27,3,N,nb3,590,1.853,0.401,2,1
10,2,27,3,N,nb4,590,0.774,-1.448,3,1
10,2,27,3,N,nb5,590,-1.577,-0.896,2,1
10,2,27,3,N,nb6,590,1.843,0.155,2,1
10,2,27,3,N,nb7,590,-0.059,-0.596,1,1
10,2,27,3,N,nb8,590,1.295,0.281,1,1
10,2,27,3,N,nb9,590,0.36,-0.083,1,0
10,2,27,3,N,nb10,590,1.77,1.426,1,1
10,2,27,3,N,nb11,590,-1.725,-0.723,1,1
10,2,27,3,N,nb12,590,0.057,-1.846,0,0
10,2,27,3,N,nb13,590,0.889,-1.29,3,1
10,2,27,3,N,nb14,590,0.885,-1.726,1,1
10,2,27,3,N,nb15,590,0.756,-1.084,1,1
10,2,27,3,N,nb16,590,1.619,0.473,1,1
10,2,27,3,N,nb17,590,1.665,-0.017,2,1
10,2,27,3,N,nb18,590,-0.289,-0.631,1,1
10,2,27,3,N,nb19,590,1.866,1.568,1,1
10,2,27,3,N,nb20,590,0.483,-1.307,2,1
10,2,27,3,N,nb21,590,1.374,-0.163,1,1
10,2,27,3,N,nb22,590,1.473,0.069,2,1
10,2,27,3,N,nb23,590,0.369,1.271,0,0
10,2,27,3,N,nb24,590,0.25,-1.366,1,1
10,2,27,3,N,nb25,590,0.946,-1.528,3,1
10,2,27,3,N,nb26,590,0.867,0.982,0,0
10,2,27,3,N,nb27,590,-0.292,0.35,1,1
10,2,27,3,N,nb28,590,-0.131,0.295,1,1
10,2,27,3,N,nb29,590,1.239,0.044,3,1
10,2,27,3,A,aa0,590,-1.865,-0.114,0,0
10,2,27,3,A,aa1,590,0.901,0.61,1,0
10,2,27,3,A,aa2,590,-1.865,0.583,0,0
10,2,27,3,N,nb0,595,0.515,-0.264,1,1
10,2,27,3,N,nb1,595,0.551,-1.542,2,1
10,2,27,3,N,nb2,595,-1.455,-1.013,1,1
10,2,27,3,N,nb3,595,1.853,0.401,2,1
10,2,27,3,N,nb4,595,0.774,-1.448,3,1
10,2,27,3,N,nb5,595,-1.577,-0.896,2,1
10,2,27,3,N,nb6,595,1.843,0.155,2,1
10,2,27,3,N,nb7,595,-0.059,-0.596,1,1
10,2,27,3,N,nb8,595,1.295,0.281,1,1
10,2,27,3,N,nb9,595,0.36,-0.083,1,1
10,2,27,3,N,nb10,595,1.77,1.426,1,1
10,2,27,3,N,nb11,595,-1.725,-0.723,1,1
10,2,27,3,N,nb12,595,0.148,-1.822,0,0
10,2,27,3,N,nb13,595,0.889,-1.29,3,1
10,2,27,3,N,nb14,595,0.885,-1.726,1,1
10,2,27,3,N,nb15,595,0.756,-1.084,1,1
10,2,27,3,N,nb16,595,1.619,0.473,1,1
10,2,27,3,N,nb17,595,1.665,-0.017,2,1
10,2,27,3,N,nb18,595,-0.289,-0.631,1,1
10,2,27,3,N,nb19,595,1.866,1.568,1,1
10,2,27,3,N,nb20,595,0.483,-1.307,2,1
10,2,27,3,N,nb21,595,1.374,-0.163,1,1
10,2,27,3,N,nb22,595,1.473,0.069,2,1
10,2,27,3,N,nb23,595,0.358,1.37,0,0
10,2,27,3,N,nb24,595,0.25,-1.366,1,1
10,2,27,3,N,nb25,595,0.946,-1.528,3,1
10,2,27,3,N,nb26,595,0.964,0.955,0,0
10,2,27,3,N,nb27,595,-0.292,0.35,1,1
10,2,27,3,N,nb28,595,-0.131,0.295,1,1
10,2,27,3,N,nb29,595,1.239,0.044,3,1
10,2,27,3,A,aa0,595,-1.865,-0.035,0,0
10,2,27,3,A,aa1,595,1.001,0.608,1,0
10,2,27,3,A,aa2,595,-1.865,0.498,0,0
10,2,27,3,N,nb0,600,0.515,-0.264,1,1
10,2,27,3,N,nb1,600,0.551,-1.542,2,1
10,2,27,3,N,nb2,600,-1.455,-1.013,1,1
10,2,27,3,N,nb3,600,1.853,0.401,2,1
10,2,27,3,N,nb4,600,0.774,-1.448,3,1
10,2,27,3,N,nb5,600,-1.577,-0.896,2,1
10,2,27,3,N,nb6,600,1.843,0.155,2,1
10,2,27,3,N,nb7,600,-0.059,-0.596,1,1
10,2,27,3,N,nb8,600,1.295,0.281,1,1
10,2,27,3,N,nb9,600,0.36,-0.083,1,1
10,2,27,3,N,nb10,600,1.77,1.426,1,1
10,2,27,3,N,nb11,600,-1.725,-0.723,1,1
10,2,27,3,N,nb12,600,0.236,-1.79,0,0
10,2,27,3,N,nb13,600,0.889,-1.29,3,1
10,2,27,3,N,nb14,600,0.885,-1.726,1,1
10,2,27,3,N,nb15,600,0.756,-1.084,1,1
10,2,27,3,N,nb16,600,1.619,0.473,1,1
10,2,27,3,N,nb17,600,1.665,-0.017,2,1
10,2,27,3,N,nb18,600,-0.289,-0.631,1,1
10,2,27,3,N,nb19,600,1.866,1.568,1,1
10,2,27,3,N,nb20,600,0.483,-1.307,2,1
10,2,27,3,N,nb21,600,1.374,-0.163,1,1
10,2,27,3,N,nb22,600,1.473,0.069,2,1
10,2,27,3,N,nb23,600,0.347,1.47,0,0
10,2,27,3,N,nb24,600,0.25,-1.366,1,1
10,2,27,3,N,nb25,600,0.946,-1.528,3,1
10,2,27,3,N,nb26,600,1.06,0.927,0,0
10,2,27,3,N,nb27,600,-0.292,0.35,1,1
10,2,27,3,N,nb28,600,-0.131,0.295,1,1
10,2,27,3,N,nb29,600,1.239,0.044,3,1
10,2,27,3,A,aa0,600,-1.865,0.05,0,0
10,2,27,3,A,aa1,600,1.038,0.622,2,0
10,2,27,3,A,aa2,600,-1.865,0.41,0,0
10,2,27,3,N,nb0,605,0.515,-0.264,1,1
10,2,27,3,N,nb1,605,0.551,-1.542,2,1
10,2,27,3,N,nb2,605,-1.455,-1.013,1,1
10,2,27,3,N,nb3,605,1.853,0.401,2,0
10,2,27,3,N,nb4,605,0.774,-1.448,3,1
10,2,27,3,N,nb5,605,-1.577,-0.896,2,1
10,2,27,3,N,nb6,605,1.843,0.155,2,1
10,2,27,3,N,nb7,605,-0.059,-0.596,1,1
10,2,27,3,N,nb8,605,1.295,0.281,1,1
10,2,27,3,N,nb9,605,0.36,-0.083,1,1
10,2,27,3,N,nb10,605,1.77,1.426,1,1
10,2,27,3,N,nb11,605,-1.725,-0.723,1,1
10,2,27,3,N,nb12,605,0.322,-1.749,0,0
10,2,27,3,N,nb13,605,0.889,-1.29,3,1
10,2,27,3,N,nb14,605,0.885,-1.726,1,1
10,2,27,3,N,nb15,605,0.756,-1.084,1,1
10,2,27,3,N,nb16,605,1.619,0.473,1,1
10,2,27,3,N,nb17,605,1.665,-0.017,2,1
10,2,27,3,N,nb18,605,-0.289,-0.631,1,1
10,2,27,3,N,nb19,605,1.866,1.568,1,1
10,2,27,3,N,nb20,605,0.483,-1.307,2,1
10,2,27,3,N,nb21,605,1.374,-0.163,1,1
10,2,27,3,N,nb22,605,1.473,0.069,2,1
10,2,27,3,N,nb23,605,0.336,1.569,0,0
10,2,27,3,N,nb24,605,0.25,-1.366,1,1
10,2,27,3,N,nb25,605,0.946,-1.528,3,1
10,2,27,3,N,nb26,605,1.153,0.901,0,0
10,2,27,3,N,nb27,605,-0.292,0.35,1,1
10,2,27,3,N,nb28,605,-0.131,0.295,1,1
10,2,27,3,N,nb29,605,1.239,0.044,3,1
10,2,27,3,A,aa0,605,-1.865,0.138,0,0
10,2,27,3,A,aa1,605,1.127,0.66,2,0
10,2,27,3,A,aa2,605,-1.865,0.318,0,0
10,2,27,3,N,nb0,610,0.515,-0.264,1,1
10,2,27,3,N,nb1,610,0.551,-1.542,3,1
10,2,27,3,N,nb2,610,-1.455,-1.013,1,1
10,2,27,3,N,nb3,610,1.853,0.401,2,1
10,2,27,3,N,nb4,610,0.774,-1.448,3,1
10,2,27,3,N,nb5,610,-1.577,-0.896,2,1
10,2,27,3,N,nb6,610,1.843,0.155,2,1
10,2,27,3,N,nb7,610,-0.059,-0.596,1,1
10,2,27,3,N,nb8,610,1.295,0.281,1,0
10,2,27,3,N,nb9,610,0.36,-0.083,1,1
10,2,27,3,N,nb10,610,1.77,1.426,1,1
10,2,27,3,N,nb11,610,-1.725,-0.723,1,1
10,2,27,3,N,nb12,610,0.393,-1.713,1,1
10,2,27,3,N,nb13,610,0.889,-1.29,3,1
10,2,27,3,N,nb14,610,0.885,-1.726,1,1
10,2,27,3,N,nb15,610,0.756,-1.084,1,1
10,2,27,3,N,nb16,610,1.619,0.473,1,1
10,2,27,3,N,nb17,610,1.665,-0.017,2,1
10,2,27,3,N,nb18,610,-0.289,-0.631,1,1
10,2,27,3,N,nb19,610,1.866,1.568,1,1
10,2,27,3,N,nb20,610,0.483,-1.307,2,1
10,2,27,3,N,nb21,610,1.374,-0.163,1,1
10,2,27,3,N,nb22,610,1.473,0.069,2,1
10,2,27,3,N,nb23,610,0.325,1.668,0,0
10,2,27,3,N,nb24,610,0.25,-1.366,1,1
10,2,27,3,N,nb25,610,0.946,-1.528,3,1
10,2,27,3,N,nb26,610,1.243,0.884,0,0
10,2,27,3,N,nb27,610,-0.292,0.35,1,1
10,2,27,3,N,nb28,610,-0.131,0.295,1,1
10,2,27,3,N,nb29,610,1.239,0.044,3,0
10,2,27,3,A,aa0,610,-1.863,0.142,0,0
10,2,27,3,A,aa1,610,1.213,0.686,2,0
10,2,27,3,A,aa2,610,-1.862,0.311,0,0
10,2,27,3,N,nb0,615,0.515,-0.264,1,1
10,2,27,3,N,nb1,615,0.551,-1.542,3,1
10,2,27,3,N,nb2,615,-1.455,-1.013,1,1
10,2,27,3,N,nb3,615,1.853,0.401,2,1
10,2,27,3,N,nb4,615,0.774,-1.448,3,1
10,2,27,3,N,nb5,615,-1.577,-0.896,2,1
10,2,27,3,N,nb6,615,1.843,0.155,2,1
10,2,27,3,N,nb7,615,-0.059,-0.596,1,1
10,2,27,3,N,nb8,615,1.295,0.281,1,1
10,2,27,3,N,nb9,615,0.36,-0.083,1,1
10,2,27,3,N,nb10,615,1.77,1.426,1,1
10,2,27,3,N,nb11,615,-1.725,-0.723,1,1
10,2,27,3,N,nb12,615,0.393,-1.713,1,1
10,2,27,3,N,nb13,615,0.889,-1.29,3,1
10,2,27,3,N,nb14,615,0.885,-1.726,1,1
10,2,27,3,N,nb15,615,0.756,-1.084,1,1
10,2,27,3,N,nb16,615,1.619,0.473,1,1
10,2,27,3,N,nb17,615,1.665,-0.017,2,1
10,2,27,3,N,nb18,615,-0.289,-0.631,1,1
10,2,27,3,N,nb19,615,1.866,1.568,1,1
10,2,27,3,N,nb20,615,0.483,-1.307,2,1
10,2,27,3,N,nb21,615,1.374,-0.163,1,1
10,2,27,3,N,nb22,615,1.473,0.069,2,1
10,2,27,3,N,nb23,615,0.314,1.768,0,0
10,2,27,3,N,nb24,615,0.25,-1.366,1,1
10,2,27,3,N,nb25,615,0.946,-1.528,3,1
10,2,27,3,N,nb26,615,1.335,0.877,0,0
10,2,27,3,N,nb27,615,-0.292,0.35,1,1
10,2,27,3,N,nb28,615,-0.131,0.295,1,1
10,2,27,3,N,nb29,615,1.239,0.044,3,1
10,2,27,3,A,aa0,615,-1.848,0.141,0,0
10,2,27,3,A,aa1,615,1.302,0.7,2,0
10,2,27,3,A,aa2,615,-1.847,0.31,0,0
10,2,27,3,N,nb0,620,0.515,-0.264,1,1
10,2,27,3,N,nb1,620,0.551,-1.542,3,1
10,2,27,3,N,nb2,620,-1.455,-1.013,1,1
10,2,27,3,N,nb3,620,1.853,0.401,2,1
10,2,27,3,N,nb4,620,0.774,-1.448,3,0
10,2,27,3,N,nb5,620,-1.577,-0.896,2,1
10,2,27,3,N,nb6,620,1.843,0.155,2,0
10,2,27,3,N,nb7,620,-0.059,-0.596,1,1
10,2,27,3,N,nb8,620,1.295,0.281,1,1
10,2,27,3,N,nb9,620,0.36,-0.083,1,1
10,2,27,3,N,nb10,620,1.77,1.426,1,1
10,2,27,3,N,nb11,620,-1.725,-0.723,1,1
10,2,27,3,N,nb12,620,0.393,-1.713,1,1
10,2,27,3,N,nb13,620,0.889,-1.29,3,0
10,2,27,3,N,nb14,620,0.885,-1.726,1,0
10,2,27,3,N,nb15,620,0.756,-1.084,1,1
10,2,27,3,N,nb16,620,1.619,0.473,1,1
10,2,27,3,N,nb17,620,1.665,-0.017,2,0
10,2,27,3,N,nb18,620,-0.289,-0.631,1,1
10,2,27,3,N,nb19,620,1.866,1.568,1,1
10,2,27,3,N,nb20,620,0.483,-1.307,2,1
10,2,27,3,N,nb21,620,1.374,-0.163,1,1
10,2,27,3,N,nb22,620,1.473,0.069,2,0
10,2,27,3,N,nb23,620,0.298,1.852,0,0
10,2,27,3,N,nb24,620,0.25,-1.366,1,1
10,2,27,3,N,nb25,620,0.946,-1.528,3,0
10,2,27,3,N,nb26,620,1.429,0.88,0,0
10,2,27,3,N,nb27,620,-0.292,0.35,1,1
10,2,27,3,N,nb28,620,-0.131,0.295,1,1
10,2,27,3,N,nb29,620,1.239,0.044,3,1
10,2,27,3,A,aa0,620,-1.822,0.14,0,0
10,2,27,3,A,aa1,620,1.359,0.703,2,0
10,2,27,3,A,aa2,620,-1.819,0.309,0,0
10,2,27,3,N,nb0,625,0.515,-0.264,1,1
10,2,27,3,N,nb1,625,0.551,-1.542,3,1
10,2,27,3,N,nb2,625,-1.455,-1.013,1,1
10,2,27,3,N,nb3,625,1.853,0.401,2,1
10,2,27,3,N,nb4,625,0.774,-1.448,3,1
10,2,27,3,N,nb5,625,-1.577,-0.896,2,1
10,2,27,3,N,nb6,625,1.843,0.155,2,1
10,2,27,3,N,nb7,625,-0.059,-0.596,1,1
10,2,27,3,N,nb8,625,1.295,0.281,1,1
10,2,27,3,N,nb9,625,0.36,-0.083,1,1
10,2,27,3,N,nb10,625,1.77,1.426,1,1
10,2,27,3,N,nb11,625,-1.725,-0.723,1,1
10,2,27,3,N,nb12,625,0.393,-1.713,1,1
10,2,27,3,N,nb13,625,0.889,-1.29,3,1
10,2,27,3,N,nb14,625,0.885,-1.726,1,1
10,2,27,3,N,nb15,625,0.756,-1.084,1,1
10,2,27,3,N,nb16,625,1.619,0.473,1,1
10,2,27,3,N,nb17,625,1.665,-0.017,2,1
10,2,27,3,N,nb18,625,-0.289,-0.631,1,1
10,2,27,3,N,nb19,625,1.866,1.568,1,1
10,2,27,3,N,nb20,625,0.483,-1.307,2,1
10,2,27,3,N,nb21,625,1.374,-0.163,1,1
10,2,27,3,N,nb22,625,1.473,0.069,2,1
10,2,27,3,N,nb23,625,0.271,1.866,0,0
10,2,27,3,N,nb24,625,0.25,-1.366,1,1
10,2,27,3,N,nb25,625,0.946,-1.528,3,1
10,2,27,3,N,nb26,625,1.523,0.891,0,0
10,2,27,3,N,nb27,625,-0.292,0.35,1,1
10,2,27,3,N,nb28,625,-0.131,0.295,1,1
10,2,27,3,N,nb29,625,1.239,0.044,3,1
10,2,27,3,A,aa0,625,-1.781,0.139,0,0
10,2,27,3,A,aa1,625,1.384,0.723,2,0
10,2,27,3,A,aa2,625,-1.779,0.308,0,0
10,2,27,3,N,nb0,630,0.515,-0.264,1,1
10,2,27,3,N,nb1,630,0.551,-1.542,3,1
10,2,27,3,N,nb2,630,-1.455,-1.013,1,1
10,2,27,3,N,nb3,630,1.85,0.386,2,0
10,2,27,3,N,nb4,630,0.774,-1.448,3,1
10,2,27,3,N,nb5,630,-1.577,-0.896,2,1
10,2,27,3,N,nb6,630,1.843,0.155,2,1
10,2,27,3,N,nb7,630,-0.059,-0.596,1,1
10,2,27,3,N,nb8,630,1.304,0.268,1,0
10,2,27,3,N,nb9,630,0.36,-0.083,1,1
10,2,27,3,N,nb10,630,1.77,1.426,1,1
10,2,27,3,N,nb11,630,-1.725,-0.723,1,1
10,2,27,3,N,nb12,630,0.393,-1.713,1,1
10,2,27,3,N,nb13,630,0.889,-1.29,3,1
10,2,27,3,N,nb14,630,0.885,-1.726,1,1
10,2,27,3,N,nb15,630,0.756,-1.084,1,1
10,2,27,3,N,nb16,630,1.634,0.472,1,0
10,2,27,3,N,nb17,630,1.665,-0.017,2,1
10,2,27,3,N,nb18,630,-0.289,-0.631,1,1
10,2,27,3,N,nb19,630,1.866,1.568,1,1
10,2,27,3,N,nb20,630,0.483,-1.307,2,1
10,2,27,3,N,nb21,630,1.374,-0.163,1,1
10,2,27,3,N,nb22,630,1.473,0.069,2,1
10,2,27,3,N,nb23,630,0.228,1.866,0,0
10,2,27,3,N,nb24,630,0.25,-1.366,1,1
10,2,27,3,N,nb25,630,0.946,-1.528,3,1
10,2,27,3,N,nb26,630,1.618,0.908,0,0
10,2,27,3,N,nb27,630,-0.292,0.35,1,1
10,2,27,3,N,nb28,630,-0.131,0.295,1,1
10,2,27,3,N,nb29,630,1.239,0.044,3,1
10,2,27,3,A,aa0,630,-1.729,0.139,0,0
10,2,27,3,A,aa1,630,1.456,0.768,0,0
10,2,27,3,A,aa2,630,-1.726,0.309,0,0
10,2,27,3,N,nb0,635,0.515,-0.264,1,1
10,2,27,3,N,nb1,635,0.551,-1.542,3,1
10,2,27,3,N,nb2,635,-1.455,-1.013,1,1
10,2,27,3,N,nb3,635,1.834,0.312,2,0
10,2,27,3,N,nb4,635,0.774,-1.448,3,1
10,2,27,3,N,nb5,635,-1.577,-0.896,2,1
10,2,27,3,N,nb6,635,1.837,0.142,2,1
10,2,27,3,N,nb7,635,-0.059,-0.596,1,1
10,2,27,3,N,nb8,635,1.361,0.202,2,0
10,2,27,3,N,nb9,635,0.36,-0.083,1,1
10,2,27,3,N,nb10,635,1.77,1.426,1,1
10,2,27,3,N,nb11,635,-1.725,-0.723,1,1
10,2,27,3,N,nb12,635,0.393,-1.713,1,1
10,2,27,3,N,nb13,635,0.889,-1.29,3,1
10,2,27,3,N,nb14,635,0.885,-1.726,1,1
10,2,27,3,N,nb15,635,0.756,-1.084,1,1
10,2,27,3,N,nb16,635,1.721,0.475,1,0
10,2,27,3,N,nb17,635,1.665,-0.017,2,1
10,2,27,3,N,nb18,635,-0.289,-0.631,1,1
10,2,27,3,N,nb19,635,1.866,1.568,1,1
10,2,27,3,N,nb20,635,0.483,-1.307,2,1
10,2,27,3,N,nb21,635,1.374,-0.163,1,1
10,2,27,3,N,nb22,635,1.473,0.069,3,1
10,2,27,3,N,nb23,635,0.172,1.866,0,0
10,2,27,3,N,nb24,635,0.25,-1.366,1,1
10,2,27,3,N,nb25,635,0.946,-1.528,3,1
10,2,27,3,N,nb26,635,1.714,0.929,0,0
10,2,27,3,N,nb27,635,-0.292,0.35,1,1
10,2,27,3,N,nb28,635,-0.131,0.295,1,1
10,2,27,3,N,nb29,635,1.239,0.044,3,1
10,2,27,3,A,aa0,635,-1.665,0.14,0,0
10,2,27,3,A,aa1,635,1.537,0.797,0,0
10,2,27,3,A,aa2,635,-1.661,0.309,0,0
10,2,27,3,N,nb0,640,0.515,-0.264,1,1
10,2,27,3,N,nb1,640,0.551,-1.542,3,1
10,2,27,3,N,nb2,640,-1.455,-1.013,1,1
10,2,27,3,N,nb3,640,1.825,0.278,2,1
10,2,27,3,N,nb4,640,0.774,-1.448,3,1
10,2,27,3,N,nb5,640,-1.577,-0.896,2,1
10,2,27,3,N,nb6,640,1.82,0.109,2,1
10,2,27,3,N,nb7,640,-0.059,-0.596,1,1
10,2,27,3,N,nb8,640,1.385,0.174,2,1
10,2,27,3,N,nb9,640,0.36,-0.083,1,1
10,2,27,3,N,nb10,640,1.77,1.426,1,1
10,2,27,3,N,nb11,640,-1.725,-0.723,1,1
10,2,27,3,N,nb12,640,0.393,-1.713,1,1
10,2,27,3,N,nb13,640,0.889,-1.29,3,1
10,2,27,3,N,nb14,640,0.885,-1.726,1,1
10,2,27,3,N,nb15,640,0.756,-1.084,1,1
10,2,27,3,N,nb16,640,1.795,0.488,1,1
10,2,27,3,N,nb17,640,1.665,-0.017,2,1
10,2,27,3,N,nb18,640,-0.289,-0.631,1,1
10,2,27,3,N,nb19,640,1.866,1.568,1,1
10,2,27,3,N,nb20,640,0.483,-1.307,2,1
10,2,27,3,N,nb21,640,1.374,-0.163,1,1
10,2,27,3,N,nb22,640,1.502,0.053,2,1
10,2,27,3,N,nb23,640,0.105,1.866,0,0
10,2,27,3,N,nb24,640,0.25,-1.366,1,1
10,2,27,3,N,nb25,640,0.946,-1.528,3,1
10,2,27,3,N,nb26,640,1.807,0.952,0,0
10,2,27,3,N,nb27,640,-0.292,0.35,1,1
10,2,27,3,N,nb28,640,-0.131,0.295,1,1
10,2,27,3,N,nb29,640,1.239,0.044,2,1
10,2,27,3,A,aa0,640,-1.591,0.141,0,0
10,2,27,3,A,aa1,640,1.623,0.81,0,0
10,2,27,3,A,aa2,640,-1.587,0.31,0,0
10,2,27,3,N,nb0,645,0.515,-0.264,1,1
10,2,27,3,N,nb1,645,0.551,-1.542,3,1
10,2,27,3,N,nb2,645,-1.455,-1.013,1,1
10,2,27,3,N,nb3,645,1.825,0.278,2,1
10,2,27,3,N,nb4,645,0.774,-1.448,3,1
10,2,27,3,N,nb5,645,-1.577,-0.896,2,1
10,2,27,3,N,nb6,645,1.82,0.109,2,1
10,2,27,3,N,nb7,645,-0.059,-0.596,1,1
10,2,27,3,N,nb8,645,1.385,0.174,2,1
10,2,27,3,N,nb9,645,0.36,-0.083,1,1
10,2,27,3,N,nb10,645,1.77,1.426,1,1
10,2,27,3,N,nb11,645,-1.725,-0.723,1,1
10,2,27,3,N,nb12,645,0.393,-1.713,1,1
10,2,27,3,N,nb13,645,0.889,-1.29,3,1
10,2,27,3,N,nb14,645,0.885,-1.726,1,1
10,2,27,3,N,nb15,645,0.756,-1.084,1,1
10,2,27,3,N,nb16,645,1.795,0.488,1,1
10,2,27,3,N,nb17,645,1.665,-0.017,2,1
10,2,27,3,N,nb18,645,-0.289,-0.631,1,1
10,2,27,3,N,nb19,645,1.866,1.568,1,1
10,2,27,3,N,nb20,645,0.483,-1.307,2,0
10,2,27,3,N,nb21,645,1.374,-0.163,1,1
10,2,27,3,N,nb22,645,1.502,0.053,2,1
10,2,27,3,N,nb23,645,0.029,1.866,0,0
10,2,27,3,N,nb24,645,0.25,-1.366,1,1
10,2,27,3,N,nb25,645,0.946,-1.528,3,1
10,2,27,3,N,nb26,645,1.865,0.981,0,0
10,2,27,3,N,nb27,645,-0.292,0.35,1,1
10,2,27,3,N,nb28,645,-0.131,0.295,1,1
10,2,27,3,N,nb29,645,1.239,0.044,2,1
10,2,27,3,A,aa0,645,-1.509,0.142,0,0
10,2,27,3,A,aa1,645,1.711,0.807,1,0
10,2,27,3,A,aa2,645,-1.505,0.311,0,0
10,2,27,3,N,nb0,650,0.515,-0.264,1,1
10,2,27,3,N,nb1,650,0.551,-1.542,3,1
10,2,27,3,N,nb2,650,-1.455,-1.013,1,1
10,2,27,3,N,nb3,650,1.825,0.278,2,1
10,2,27,3,N,nb4,650,0.774,-1.448,3,1
10,2,27,3,N,nb5,650,-1.577,-0.896,2,1
10,2,27,3,N,nb6,650,1.82,0.109,2,1
10,2,27,3,N,nb7,650,-0.059,-0.596,1,1
10,2,27,3,N,nb8,650,1.385,0.174,2,1
10,2,27,3,N,nb9,650,0.36,-0.083,1,1
10,2,27,3,N,nb10,650,1.77,1.426,1,1
10,2,27,3,N,nb11,650,-1.725,-0.723,1,1
10,2,27,3,N,nb12,650,0.393,-1.713,1,1
10,2,27,3,N,nb13,650,0.889,-1.29,3,1
10,2,27,3,N,nb14,650,0.885,-1.726,1,1
10,2,27,3,N,nb15,650,0.756,-1.084,1,1
10,2,27,3,N,nb16,650,1.795,0.488,1,1
10,2,27,3,N,nb17,650,1.665,-0.017,2,1
10,2,27,3,N,nb18,650,-0.289,-0.631,1,1
10,2,27,3,N,nb19,650,1.866,1.568,1,1
10,2,27,3,N,nb20,650,0.483,-1.307,2,1
10,2,27,3,N,nb21,650,1.374,-0.163,1,1
10,2,27,3,N,nb22,650,1.502,0.053,2,1
10,2,27,3,N,nb23,650,-0.054,1.866,0,0
10,2,27,3,N,nb24,650,0.25,-1.366,1,1
10,2,27,3,N,nb25,650,0.946,-1.528,3,1
10,2,27,3,N,nb26,650,1.865,1.02,0,0
10,2,27,3,N,nb27,650,-0.292,0.35,1,1
10,2,27,3,N,nb28,650,-0.131,0.295,1,1
10,2,27,3,N,nb29,650,1.239,0.044,2,1
10,2,27,3,A,aa0,650,-1.423,0.143,0,0
10,2,27,3,A,aa1,650,1.766,0.798,1,0
10,2,27,3,A,aa2,650,-1.418,0.312,0,0
10,2,27,3,N,nb0,655,0.515,-0.264,1,1
10,2,27,3,N,nb1,655,0.551,-1.542,3,1
10,2,27,3,N,nb2,655,-1.455,-1.013,1,1
10,2,27,3,N,nb3,655,1.825,0.278,2,1
10,2,27,3,N,nb4,655,0.774,-1.448,3,1
10,2,27,3,N,nb5,655,-1.577,-0.896,2,1
10,2,27,3,N,nb6,655,1.82,0.109,2,1
10,2,27,3,N,nb7,655,-0.059,-0.596,1,1
10,2,27,3,N,nb8,655,1.385,0.174,2,1
10,2,27,3,N,nb9,655,0.36,-0.083,1,1
10,2,27,3,N,nb10,655,1.77,1.426,1,1
10,2,27,3,N,nb11,655,-1.725,-0.723,1,1
10,2,27,3,N,nb12,655,0.393,-1.713,1,1
10,2,27,3,N,nb13,655,0.889,-1.29,3,1
10,2,27,3,N,nb14,655,0.885,-1.726,1,1
10,2,27,3,N,nb15,655,0.756,-1.084,1,1
10,2,27,3,N,nb16,655,1.795,0.488,1,1
10,2,27,3,N,nb17,655,1.665,-0.017,2,1
10,2,27,3,N,nb18,655,-0.289,-0.631,1,1
10,2,27,3,N,nb19,655,1.866,1.568,1,1
10,2,27,3,N,nb20,655,0.483,-1.307,2,1
10,2,27,3,N,nb21,655,1.374,-0.163,1,1
10,2,27,3,N,nb22,655,1.502,0.053,2,1
10,2,27,3,N,nb23,655,-0.141,1.866,0,0
10,2,27,3,N,nb24,655,0.25,-1.366,1,1
10,2,27,3,N,nb25,655,0.946,-1.528,3,1
10,2,27,3,N,nb26,655,1.865,1.072,0,0
10,2,27,3,N,nb27,655,-0.292,0.35,1,1
10,2,27,3,N,nb28,655,-0.131,0.295,1,1
10,2,27,3,N,nb29,655,1.239,0.044,2,1
10,2,27,3,A,aa0,655,-1.333,0.145,0,0
10,2,27,3,A,aa1,655,1.766,0.798,1,0
10,2,27,3,A,aa2,655,-1.327,0.314,0,0
10,2,27,3,N,nb0,660,0.515,-0.264,1,1
10,2,27,3,N,nb1,660,0.551,-1.542,3,1
10,2,27,3,N,nb2,660,-1.455,-1.013,1,1
10,2,27,3,N,nb3,660,1.825,0.278,2,1
10,2,27,3,N,nb4,660,0.774,-1.448,3,1
10,2,27,3,N,nb5,660,-1.577,-0.896,2,1
10,2,27,3,N,nb6,660,1.82,0.109,2,1
10,2,27,3,N,nb7,660,-0.059,-0.596,1,1
10,2,27,3,N,nb8,660,1.385,0.174,2,1
10,2,27,3,N,nb9,660,0.36,-0.083,1,1
10,2,27,3,N,nb10,660,1.77,1.426,1,1
10,2,27,3,N,nb11,660,-1.725,-0.723,1,1
10,2,27,3,N,nb12,660,0.393,-1.713,1,1
10,2,27,3,N,nb13,660,0.889,-1.29,3,1
10,2,27,3,N,nb14,660,0.885,-1.726,1,1
10,2,27,3,N,nb15,660,0.756,-1.084,1,1
10,2,27,3,N,nb16,660,1.795,0.488,1,1
10,2,27,3,N,nb17,660,1.665,-0.017,2,1
10,2,27,3,N,nb18,660,-0.289,-0.631,1,1
10,2,27,3,N,nb19,660,1.866,1.568,1,1
10,2,27,3,N,nb20,660,0.483,-1.307,2,1
10,2,27,3,N,nb21,660,1.374,-0.163,1,1
10,2,27,3,N,nb22,660,1.502,0.053,2,1
10,2,27,3,N,nb23,660,-0.232,1.866,0,0
10,2,27,3,N,nb24,660,0.25,-1.366,1,1
10,2,27,3,N,nb25,660,0.946,-1.528,3,1
10,2,27,3,N,nb26,660,1.865,1.136,0,0
10,2,27,3,N,nb27,660,-0.292,0.35,1,1
10,2,27,3,N,nb28,660,-0.131,0.295,1,1
10,2,27,3,N,nb29,660,1.239,0.044,2,1
10,2,27,3,A,aa0,660,-1.242,0.146,0,0
10,2,27,3,A,aa1,660,1.824,0.861,1,0
10,2,27,3,A,aa2,660,-1.235,0.315,0,0
10,2,27,3,N,nb0,665,0.515,-0.264,1,1
10,2,27,3,N,nb1,665,0.551,-1.542,3,1
10,2,27,3,N,nb2,665,-1.455,-1.013,1,1
10,2,27,3,N,nb3,665,1.825,0.278,2,1
10,2,27,3,N,nb4,665,0.774,-1.448,3,1
10,2,27,3,N,nb5,665,-1.577,-0.896,2,1
10,2,27,3,N,nb6,665,1.82,0.109,2,1
10,2,27,3,N,nb7,665,-0.059,-0.596,1,1
10,2,27,3,N,nb8,665,1.385,0.174,2,1
10,2,27,3,N,nb9,665,0.36,-0.083,1,1
10,2,27,3,N,nb10,665,1.77,1.426,2,1
10,2,27,3,N,nb11,665,-1.725,-0.723,1,1
10,2,27,3,N,nb12,665,0.393,-1.713,1,1
10,2,27,3,N,nb13,665,0.889,-1.29,3,1
10,2,27,3,N,nb14,665,0.885,-1.726,1,1
10,2,27,3,N,nb15,665,0.756,-1.084,1,1
10,2,27,3,N,nb16,665,1.795,0.488,1,1
10,2,27,3,N,nb17,665,1.665,-0.017,2,1
10,2,27,3,N,nb18,665,-0.289,-0.631,1,1
10,2,27,3,N,nb19,665,1.866,1.568,1,1
10,2,27,3,N,nb20,665,0.483,-1.307,2,1
10,2,27,3,N,nb21,665,1.374,-0.163,1,1
10,2,27,3,N,nb22,665,1.502,0.053,2,1
10,2,27,3,N,nb23,665,-0.324,1.864,0,0
10,2,27,3,N,nb24,665,0.25,-1.366,1,1
10,2,27,3,N,nb25,665,0.946,-1.528,3,1
10,2,27,3,N,nb26,665,1.865,1.197,1,1
10,2,27,3,N,nb27,665,-0.292,0.35,1,1
10,2,27,3,N,nb28,665,-0.131,0.295,1,1
10,2,27,3,N,nb29,665,1.239,0.044,2,1
10,2,27,3,A,aa0,665,-1.15,0.141,0,0
10,2,27,3,A,aa1,665,1.866,0.935,1,0
10,2,27,3,A,aa2,665,-1.143,0.323,0,0
10,2,27,3,N,nb0,670,0.515,-0.264,1,1
10,2,27,3,N,nb1,670,0.551,-1.542,3,1
10,2,27,3,N,nb2,670,-1.455,-1.013,1,1
10,2,27,3,N,nb3,670,1.825,0.278,2,1
10,2,27,3,N,nb4,670,0.774,-1.448,3,1
10,2,27,3,N,nb5,670,-1.577,-0.896,2,1
10,2,27,3,N,nb6,670,1.82,0.109,2,1
10,2,27,3,N,nb7,670,-0.059,-0.596,1,1
10,2,27,3,N,nb8,670,1.385,0.174,2,1
10,2,27,3,N,nb9,670,0.36,-0.083,1,1
10,2,27,3,N,nb10,670,1.77,1.426,2,1
10,2,27,3,N,nb11,670,-1.725,-0.723,1,1
10,2,27,3,N,nb12,670,0.393,-1.713,1,0
10,2,27,3,N,nb13,670,0.889,-1.29,3,1
10,2,27,3,N,nb14,670,0.885,-1.726,1,1
10,2,27,3,N,nb15,670,0.756,-1.084,1,1
10,2,27,3,N,nb16,670,1.795,0.488,1,1
10,2,27,3,N,nb17,670,1.665,-0.017,2,1
10,2,27,3,N,nb18,670,-0.289,-0.631,1,1
10,2,27,3,N,nb19,670,1.866,1.568,1,1
10,2,27,3,N,nb20,670,0.483,-1.307,2,1
10,2,27,3,N,nb21,670,1.374,-0.163,1,1
10,2,27,3,N,nb22,670,1.502,0.053,2,1
10,2,27,3,N,nb23,670,-0.416,1.851,0,0
10,2,27,3,N,nb24,670,0.25,-1.366,1,1
10,2,27,3,N,nb25,670,0.946,-1.528,3,1
10,2,27,3,N,nb26,670,1.865,1.197,1,1
10,2,27,3,N,nb27,670,-0.292,0.35,1,1
10,2,27,3,N,nb28,670,-0.131,0.295,1,1
10,2,27,3,N,nb29,670,1.239,0.044,2,1
10,2,27,3,A,aa0,670,-1.058,0.125,0,0
10,2,27,3,A,aa1,670,1.866,1.014,2,0
10,2,27,3,A,aa2,670,-1.051,0.34,0,0
10,2,27,3,N,nb0,675,0.515,-0.264,1,1
10,2,27,3,N,nb1,675,0.551,-1.542,3,1
10,2,27,3,N,nb2,675,-1.455,-1.013,1,1
10,2,27,3,N,nb3,675,1.825,0.278,2,1
10,2,27,3,N,nb4,675,0.774,-1.448,3,1
10,2,27,3,N,nb5,675,-1.577,-0.896,2,1
10,2,27,3,N,nb6,675,1.82,0.109,2,1
10,2,27,3,N,nb7,675,-0.059,-0.596,1,1
10,2,27,3,N,nb8,675,1.385,0.174,2,1
10,2,27,3,N,nb9,675,0.36,-0.083,1,1
10,2,27,3,N,nb10,675,1.77,1.426,2,0
10,2,27,3,N,nb11,675,-1.725,-0.723,1,1
10,2,27,3,N,nb12,675,0.393,-1.713,1,1
10,2,27,3,N,nb13,675,0.889,-1.29,3,1
10,2,27,3,N,nb14,675,0.885,-1.726,1,1
10,2,27,3,N,nb15,675,0.756,-1.084,1,1
10,2,27,3,N,nb16,675,1.795,0.488,1,1
10,2,27,3,N,nb17,675,1.665,-0.017,2,1
10,2,27,3,N,nb18,675,-0.289,-0.631,1,1
10,2,27,3,N,nb19,675,1.866,1.568,1,0
10,2,27,3,N,nb20,675,0.483,-1.307,2,1
10,2,27,3,N,nb21,675,1.374,-0.163,1,0
10,2,27,3,N,nb22,675,1.502,0.053,2,1
10,2,27,3,N,nb23,675,-0.507,1.83,0,0
10,2,27,3,N,nb24,675,0.25,-1.366,1,1
10,2,27,3,N,nb25,675,0.946,-1.528,3,1
10,2,27,3,N,nb26,675,1.854,1.218,1,1
10,2,27,3,N,nb27,675,-0.292,0.35,1,1
10,2,27,3,N,nb28,675,-0.131,0.295,1,1
10,2,27,3,N,nb29,675,1.239,0.044,2,1
10,2,27,3,A,aa0,675,-1.002,0.111,0,0
10,2,27,3,A,aa1,675,1.866,1.049,2,0
10,2,27,3,A,aa2,675,-0.961,0.366,0,0
10,2,27,3,N,nb0,680,0.515,-0.264,1,1
10,2,27,3,N,nb1,680,0.551,-1.542,3,1
10,2,27,3,N,nb2,680,-1.455,-1.013,1,1
10,2,27,3,N,nb3,680,1.825,0.278,2,1
10,2,27,3,N,nb4,680,0.774,-1.448,3,1
10,2,27,3,N,nb5,680,-1.577,-0.896,2,1
10,2,27,3,N,nb6,680,1.82,0.109,2,1
10,2,27,3,N,nb7,680,-0.059,-0.596,1,1
10,2,27,3,N,nb8,680,1.385,0.174,2,1
10,2,27,3,N,nb9,680,0.36,-0.083,1,1
10,2,27,3,N,nb10,680,1.77,1.426,2,1
10,2,27,3,N,nb11,680,-1.725,-0.723,1,1
10,2,27,3,N,nb12,680,0.393,-1.713,1,1
10,2,27,3,N,nb13,680,0.889,-1.29,3,1
10,2,27,3,N,nb14,680,0.885,-1.726,1,1
10,2,27,3,N,nb15,680,0.756,-1.084,1,1
10,2,27,3,N,nb16,680,1.795,0.488,1,1
10,2,27,3,N,nb17,680,1.665,-0.017,2,1
10,2,27,3,N,nb18,680,-0.289,-0.631,1,1
10,2,27,3,N,nb19,680,1.866,1.568,1,1
10,2,27,3,N,nb20,680,0.483,-1.307,2,1
10,2,27,3,N,nb21,680,1.374,-0.163,1,1
10,2,27,3,N,nb22,680,1.502,0.053,2,1
10,2,27,3,N,nb23,680,-0.596,1.8,0,0
10,2,27,3,N,nb24,680,0.25,-1.366,1,1
10,2,27,3,N,nb25,680,0.946,-1.528,3,1
10,2,27,3,N,nb26,680,1.841,1.256,1,1
10,2,27,3,N,nb27,680,-0.292,0.35,1,1
10,2,27,3,N,nb28,680,-0.131,0.295,1,1
10,2,27,3,N,nb29,680,1.239,0.044,2,1
10,2,27,3,A,aa0,680,-0.927,0.119,0,0
10,2,27,3,A,aa1,680,1.866,1.088,1,0
10,2,27,3,A,aa2,680,-0.884,0.394,0,0
10,2,27,3,N,nb0,685,0.515,-0.264,1,1
10,2,27,3,N,nb1,685,0.551,-1.542,3,1
10,2,27,3,N,nb2,685,-1.455,-1.013,1,1
10,2,27,3,N,nb3,685,1.825,0.278,2,1
10,2,27,3,N,nb4,685,0.774,-1.448,3,1
10,2,27,3,N,nb5,685,-1.577,-0.896,2,1
10,2,27,3,N,nb6,685,1.82,0.109,2,1
10,2,27,3,N,nb7,685,-0.059,-0.596,1,1
10,2,27,3,N,nb8,685,1.385,0.174,2,1
10,2,27,3,N,nb9,685,0.36,-0.083,1,1
10,2,27,3,N,nb10,685,1.77,1.426,2,1
10,2,27,3,N,nb11,685,-1.725,-0.723,1,1
10,2,27,3,N,nb12,685,0.393,-1.713,1,1
10,2,27,3,N,nb13,685,0.889,-1.29,3,1
10,2,27,3,N,nb14,685,0.885,-1.726,1,1
10,2,27,3,N,nb15,685,0.756,-1.084,1,1
10,2,27,3,N,nb16,685,1.795,0.488,1,1
10,2,27,3,N,nb17,685,1.665,-0.017,2,1
10,2,27,3,N,nb18,685,-0.289,-0.631,1,1
10,2,27,3,N,nb19,685,1.866,1.568,1,1
10,2,27,3,N,nb20,685,0.483,-1.307,2,1
10,2,27,3,N,nb21,685,1.374,-0.163,1,1
10,2,27,3,N,nb22,685,1.502,0.053,2,1
10,2,27,3,N,nb23,685,-0.682,1.762,0,0
10,2,27,3,N,nb24,685,0.25,-1.366,1,0
10,2,27,3,N,nb25,685,0.946,-1.528,3,1
10,2,27,3,N,nb26,685,1.837,1.27,1,1
10,2,27,3,N,nb27,685,-0.292,0.35,1,1
10,2,27,3,N,nb28,685,-0.131,0.295,1,1
10,2,27,3,N,nb29,685,1.239,0.044,2,1
10,2,27,3,A,aa0,685,-0.884,0.124,0,0
10,2,27,3,A,aa1,685,1.866,1.103,1,0
10,2,27,3,A,aa2,685,-0.884,0.394,1,0
10,2,27,3,N,nb0,690,0.515,-0.264,1,1
10,2,27,3,N,nb1,690,0.551,-1.542,3,1
10,2,27,3,N,nb2,690,-1.455,-1.013,1,1
10,2,27,3,N,nb3,690,1.825,0.278,2,1
10,2,27,3,N,nb4,690,0.774,-1.448,3,1
10,2,27,3,N,nb5,690,-1.577,-0.896,2,1
10,2,27,3,N,nb6,690,1.82,0.109,2,1
10,2,27,3,N,nb7,690,-0.059,-0.596,1,1
10,2,27,3,N,nb8,690,1.385,0.174,2,1
10,2,27,3,N,nb9,690,0.36,-0.083,1,1
10,2,27,3,N,nb10,690,1.77,1.426,2,1
10,2,27,3,N,nb11,690,-1.725,-0.723,1,1
10,2,27,3,N,nb12,690,0.393,-1.713,1,1
10,2,27,3,N,nb13,690,0.889,-1.29,3,1
10,2,27,3,N,nb14,690,0.885,-1.726,1,1
10,2,27,3,N,nb15,690,0.756,-1.084,1,1
10,2,27,3,N,nb16,690,1.795,0.488,1,1
10,2,27,3,N,nb17,690,1.665,-0.017,2,1
10,2,27,3,N,nb18,690,-0.289,-0.631,1,1
10,2,27,3,N,nb19,690,1.866,1.568,1,1
10,2,27,3,N,nb20,690,0.483,-1.307,2,1
10,2,27,3,N,nb21,690,1.374,-0.163,1,1
10,2,27,3,N,nb22,690,1.502,0.053,2,1
10,2,27,3,N,nb23,690,-0.771,1.717,0,0
10,2,27,3,N,nb24,690,0.25,-1.366,1,1
10,2,27,3,N,nb25,690,0.946,-1.528,3,1
10,2,27,3,N,nb26,690,1.837,1.27,1,1
10,2,27,3,N,nb27,690,-0.292,0.35,1,1
10,2,27,3,N,nb28,690,-0.131,0.295,1,1
10,2,27,3,N,nb29,690,1.239,0.044,2,1
10,2,27,3,A,aa0,690,-0.804,0.167,1,0
10,2,27,3,A,aa1,690,1.866,1.103,1,0
10,2,27,3,A,aa2,690,-0.88,0.45,1,0
10,2,27,3,N,nb0,695,0.515,-0.264,1,1
10,2,27,3,N,nb1,695,0.551,-1.542,3,1
10,2,27,3,N,nb2,695,-1.455,-1.013,1,0
10,2,27,3,N,nb3,695,1.825,0.278,2,1
10,2,27,3,N,nb4,695,0.774,-1.448,3,1
10,2,27,3,N,nb5,695,-1.577,-0.896,2,0
10,2,27,3,N,nb6,695,1.82,0.109,2,1
10,2,27,3,N,nb7,695,-0.059,-0.596,1,1
10,2,27,3,N,nb8,695,1.385,0.174,2,1
10,2,27,3,N,nb9,695,0.36,-0.083,1,1
10,2,27,3,N,nb10,695,1.77,1.426,2,1
10,2,27,3,N,nb11,695,-1.725,-0.723,1,0
10,2,27,3,N,nb12,695,0.393,-1.713,1,1
10,2,27,3,N,nb13,695,0.889,-1.29,3,1
10,2,27,3,N,nb14,695,0.885,-1.726,1,1
10,2,27,3,N,nb15,695,0.756,-1.084,1,1
10,2,27,3,N,nb16,695,1.795,0.488,1,1
10,2,27,3,N,nb17,695,1.665,-0.017,2,1
10,2,27,3,N,nb18,695,-0.289,-0.631,1,1
10,2,27,3,N,nb19,695,1.866,1.568,1,1
10,2,27,3,N,nb20,695,0.483,-1.307,2,1
10,2,27,3,N,nb21,695,1.374,-0.163,1,1
10,2,27,3,N,nb22,695,1.502,0.053,2,1
10,2,27,3,N,nb23,695,-0.861,1.672,0,0
10,2,27,3,N,nb24,695,0.25,-1.366,1,1
10,2,27,3,N,nb25,695,0.946,-1.528,3,1
10,2,27,3,N,nb26,695,1.837,1.27,1,1
10,2,27,3,N,nb27,695,-0.292,0.35,1,1
10,2,27,3,N,nb28,695,-0.131,0.295,1,1
10,2,27,3,N,nb29,695,1.239,0.044,2,1
10,2,27,3,A,aa0,695,-0.714,0.211,1,0
10,2,27,3,A,aa1,695,1.866,1.103,1,0
10,2,27,3,A,aa2,695,-0.874,0.55,0,0
10,2,27,3,N,nb0,700,0.515,-0.264,1,1
10,2,27,3,N,nb1,700,0.551,-1.542,3,1
10,2,27,3,N,nb2,700,-1.455,-1.013,1,1
10,2,27,3,N,nb3,700,1.825,0.278,2,0
10,2,27,3,N,nb4,700,0.774,-1.448,3,1
10,2,27,3,N,nb5,700,-1.577,-0.896,2,1
10,2,27,3,N,nb6,700,1.82,0.109,2,1
10,2,27,3,N,nb7,700,-0.059,-0.596,1,1
10,2,27,3,N,nb8,700,1.385,0.174,2,0
10,2,27,3,N,nb9,700,0.36,-0.083,1,1
10,2,27,3,N,nb10,700,1.77,1.426,2,1
10,2,27,3,N,nb11,700,-1.725,-0.723,1,1
10,2,27,3,N,nb12,700,0.393,-1.713,1,1
10,2,27,3,N,nb13,700,0.889,-1.29,3,1
10,2,27,3,N,nb14,700,0.885,-1.726,1,1
10,2,27,3,N,nb15,700,0.756,-1.084,1,1
10,2,27,3,N,nb16,700,1.795,0.488,1,0
10,2,27,3,N,nb17,700,1.665,-0.017,2,1
10,2,27,3,N,nb18,700,-0.289,-0.631,1,1
10,2,27,3,N,nb19,700,1.866,1.568,1,1
10,2,27,3,N,nb20,700,0.483,-1.307,2,1
10,2,27,3,N,nb21,700,1.374,-0.163,1,1
10,2,27,3,N,nb22,700,1.502,0.053,2,1
10,2,27,3,N,nb23,700,-0.95,1.627,0,0
10,2,27,3,N,nb24,700,0.25,-1.366,1,1
10,2,27,3,N,nb25,700,0.946,-1.528,3,1
10,2,27,3,N,nb26,700,1.837,1.27,1,1
10,2,27,3,N,nb27,700,-0.292,0.35,1,1
10,2,27,3,N,nb28,700,-0.131,0.295,1,1
10,2,27,3,N,nb29,700,1.239,0.044,2,1
10,2,27,3,A,aa0,700,-0.624,0.255,1,0
10,2,27,3,A,aa1,700,1.866,1.103,1,0
10,2,27,3,A,aa2,700,-0.869,0.633,0,0
10,2,27,3,N,nb0,705,0.515,-0.264,1,1
10,2,27,3,N,nb1,705,0.551,-1.542,3,1
10,2,27,3,N,nb2,705,-1.455,-1.013,1,1
10,2,27,3,N,nb3,705,1.825,0.278,2,1
10,2,27,3,N,nb4,705,0.774,-1.448,3,1
10,2,27,3,N,nb5,705,-1.577,-0.896,2,1
10,2,27,3,N,nb6,705,1.82,0.109,2,1
10,2,27,3,N,nb7,705,-0.059,-0.596,1,1
10,2,27,3,N,nb8,705,1.385,0.174,2,1
10,2,27,3,N,nb9,705,0.36,-0.083,1,1
10,2,27,3,N,nb10,705,1.77,1.426,2,1
10,2,27,3,N,nb11,705,-1.725,-0.723,1,1
10,2,27,3,N,nb12,705,0.393,-1.713,1,1
10,2,27,3,N,nb13,705,0.889,-1.29,3,1
10,2,27,3,N,nb14,705,0.885,-1.726,1,1
10,2,27,3,N,nb15,705,0.756,-1.084,1,1
10,2,27,3,N,nb16,705,1.795,0.488,1,1
10,2,27,3,N,nb17,705,1.665,-0.017,2,1
10,2,27,3,N,nb18,705,-0.289,-0.631,1,1
10,2,27,3,N,nb19,705,1.866,1.568,1,1
10,2,27,3,N,nb20,705,0.483,-1.307,2,1
10,2,27,3,N,nb21,705,1.374,-0.163,1,1
10,2,27,3,N,nb22,705,1.502,0.053,2,1
10,2,27,3,N,nb23,705,-1.039,1.583,0,0
10,2,27,3,N,nb24,705,0.25,-1.366,1,1
10,2,27,3,N,nb25,705,0.946,-1.528,3,1
10,2,27,3,N,nb26,705,1.837,1.27,1,1
10,2,27,3,N,nb27,705,-0.292,0.35,1,1
10,2,27,3,N,nb28,705,-0.131,0.295,1,1
10,2,27,3,N,nb29,705,1.239,0.044,2,1
10,2,27,3,A,aa0,705,-0.537,0.297,1,0
10,2,27,3,A,aa1,705,1.865,1.103,1,0
10,2,27,3,A,aa2,705,-0.889,0.686,0,0
10,2,27,3,N,nb0,710,0.515,-0.264,1,1
10,2,27,3,N,nb1,710,0.551,-1.542,3,1
10,2,27,3,N,nb2,710,-1.455,-1.013,1,1
10,2,27,3,N,nb3,710,1.825,0.278,2,1
10,2,27,3,N,nb4,710,0.774,-1.448,3,1
10,2,27,3,N,nb5,710,-1.577,-0.896,2,1
10,2,27,3,N,nb6,710,1.82,0.109,2,1
10,2,27,3,N,nb7,710,-0.059,-0.596,1,0
10,2,27,3,N,nb8,710,1.385,0.174,2,1
10,2,27,3,N,nb9,710,0.36,-0.083,1,1
10,2,27,3,N,nb10,710,1.77,1.426,2,1
10,2,27,3,N,nb11,710,-1.725,-0.723,1,1
10,2,27,3,N,nb12,710,0.393,-1.713,1,1
10,2,27,3,N,nb13,710,0.889,-1.29,3,1
10,2,27,3,N,nb14,710,0.885,-1.726,1,1
10,2,27,3,N,nb15,710,0.756,-1.084,1,1
10,2,27,3,N,nb16,710,1.795,0.488,1,1
10,2,27,3,N,nb17,710,1.665,-0.017,2,1
10,2,27,3,N,nb18,710,-0.289,-0.631,1,0
10,2,27,3,N,nb19,710,1.866,1.568,1,1
10,2,27,3,N,nb20,710,0.483,-1.307,2,1
10,2,27,3,N,nb21,710,1.374,-0.163,1,1
10,2,27,3,N,nb22,710,1.502,0.053,2,1
10,2,27,3,N,nb23,710,-1.129,1.538,0,0
10,2,27,3,N,nb24,710,0.25,-1.366,1,1
10,2,27,3,N,nb25,710,0.946,-1.528,3,1
10,2,27,3,N,nb26,710,1.837,1.27,1,1
10,2,27,3,N,nb27,710,-0.292,0.35,1,1
10,2,27,3,N,nb28,710,-0.131,0.295,1,1
10,2,27,3,N,nb29,710,1.239,0.044,2,1
10,2,27,3,A,aa0,710,-0.464,0.344,1,0
10,2,27,3,A,aa1,710,1.852,1.101,1,0
10,2,27,3,A,aa2,710,-0.905,0.726,0,0
10,2,27,3,N,nb0,715,0.515,-0.264,1,1
10,2,27,3,N,nb1,715,0.551,-1.542,3,0
10,2,27,3,N,nb2,715,-1.455,-1.013,1,1
10,2,27,3,N,nb3,715,1.825,0.278,2,1
10,2,27,3,N,nb4,715,0.774,-1.448,3,1
10,2,27,3,N,nb5,715,-1.577,-0.896,2,1
10,2,27,3,N,nb6,715,1.82,0.109,2,1
10,2,27,3,N,nb7,715,-0.059,-0.596,1,1
10,2,27,3,N,nb8,715,1.385,0.174,2,1
10,2,27,3,N,nb9,715,0.36,-0.083,1,1
10,2,27,3,N,nb10,715,1.77,1.426,2,1
10,2,27,3,N,nb11,715,-1.725,-0.723,1,1
10,2,27,3,N,nb12,715,0.393,-1.713,1,1
10,2,27,3,N,nb13,715,0.889,-1.29,3,1
10,2,27,3,N,nb14,715,0.885,-1.726,1,1
10,2,27,3,N,nb15,715,0.756,-1.084,1,1
10,2,27,3,N,nb16,715,1.795,0.488,1,1
10,2,27,3,N,nb17,715,1.665,-0.017,2,1
10,2,27,3,N,nb18,715,-0.289,-0.631,1,1
10,2,27,3,N,nb19,715,1.866,1.568,1,1
10,2,27,3,N,nb20,715,0.483,-1.307,2,1
10,2,27,3,N,nb21,715,1.374,-0.163,1,1
10,2,27,3,N,nb22,715,1.502,0.053,2,1
10,2,27,3,N,nb23,715,-1.218,1.493,0,0
10,2,27,3,N,nb24,715,0.25,-1.366,1,1
10,2,27,3,N,nb25,715,0.946,-1.528,3,1
10,2,27,3,N,nb26,715,1.837,1.27,1,1
10,2,27,3,N,nb27,715,-0.292,0.35,1,1
10,2,27,3,N,nb28,715,-0.131,0.295,1,1
10,2,27,3,N,nb29,715,1.239,0.044,2,1
10,2,27,3,A,aa0,715,-0.459,0.378,1,0
10,2,27,3,A,aa1,715,1.816,1.102,1,0
10,2,27,3,A,aa2,715,-0.939,0.739,0,0
10,2,27,3,N,nb0,720,0.515,-0.264,1,1
10,2,27,3,N,nb1,720,0.551,-1.542,3,1
10,2,27,3,N,nb2,720,-1.455,-1.013,1,1
10,2,27,3,N,nb3,720,1.825,0.278,2,1
10,2,27,3,N,nb4,720,0.774,-1.448,3,1
10,2,27,3,N,nb5,720,-1.577,-0.896,2,1
10,2,27,3,N,nb6,720,1.82,0.109,2,1
10,2,27,3,N,nb7,720,-0.059,-0.596,1,1
10,2,27,3,N,nb8,720,1.385,0.174,2,1
10,2,27,3,N,nb9,720,0.36,-0.083,1,1
10,2,27,3,N,nb10,720,1.77,1.426,2,1
10,2,27,3,N,nb11,720,-1.725,-0.723,1,1
10,2,27,3,N,nb12,720,0.393,-1.713,1,1
10,2,27,3,N,nb13,720,0.889,-1.29,3,1
10,2,27,3,N,nb14,720,0.885,-1.726,1,1
10,2,27,3,N,nb15,720,0.756,-1.084,1,0
10,2,27,3,N,nb16,720,1.795,0.488,1,1
10,2,27,3,N,nb17,720,1.665,-0.017,2,1
10,2,27,3,N,nb18,720,-0.289,-0.631,1,1
10,2,27,3,N,nb19,720,1.866,1.568,1,1
10,2,27,3,N,nb20,720,0.483,-1.307,2,1
10,2,27,3,N,nb21,720,1.374,-0.163,1,1
10,2,27,3,N,nb22,720,1.502,0.053,2,1
10,2,27,3,N,nb23,720,-1.307,1.448,0,0
10,2,27,3,N,nb24,720,0.25,-1.366,1,1
10,2,27,3,N,nb25,720,0.946,-1.528,3,1
10,2,27,3,N,nb26,720,1.837,1.27,1,1
10,2,27,3,N,nb27,720,-0.292,0.35,1,1
10,2,27,3,N,nb28,720,-0.131,0.295,1,1
10,2,27,3,N,nb29,720,1.239,0.044,2,1
10,2,27,3,A,aa0,720,-0.433,0.444,1,0
10,2,27,3,A,aa1,720,1.747,1.126,1,0
10,2,27,3,A,aa2,720,-1.033,0.773,0,0
10,2,27,3,N,nb0,725,0.515,-0.264,1,1
10,2,27,3,N,nb1,725,0.551,-1.542,3,1
10,2,27,3,N,nb2,725,-1.455,-1.013,1,1
10,2,27,3,N,nb3,725,1.825,0.278,2,1
10,2,27,3,N,nb4,725,0.774,-1.448,3,1
10,2,27,3,N,nb5,725,-1.577,-0.896,2,1
10,2,27,3,N,nb6,725,1.82,0.109,2,1
10,2,27,3,N,nb7,725,-0.059,-0.596,1,1
10,2,27,3,N,nb8,725,1.385,0.174,2,1
10,2,27,3,N,nb9,725,0.36,-0.083,1,1
10,2,27,3,N,nb10,725,1.77,1.426,2,1
10,2,27,3,N,nb11,725,-1.725,-0.723,1,1
10,2,27,3,N,nb12,725,0.393,-1.713,1,1
10,2,27,3,N,nb13,725,0.889,-1.29,3,1
10,2,27,3,N,nb14,725,0.885,-1.726,1,1
10,2,27,3,N,nb15,725,0.756,-1.084,1,1
10,2,27,3,N,nb16,725,1.795,0.488,1,1
10,2,27,3,N,nb17,725,1.665,-0.017,2,1
10,2,27,3,N,nb18,725,-0.289,-0.631,1,1
10,2,27,3,N,nb19,725,1.866,1.568,1,1
10,2,27,3,N,nb20,725,0.483,-1.307,2,1
10,2,27,3,N,nb21,725,1.374,-0.163,1,1
10,2,27,3,N,nb22,725,1.502,0.053,2,1
10,2,27,3,N,nb23,725,-1.397,1.403,0,0
10,2,27,3,N,nb24,725,0.25,-1.366,1,1
10,2,27,3,N,nb25,725,0.946,-1.528,3,1
10,2,27,3,N,nb26,725,1.837,1.27,1,0
10,2,27,3,N,nb27,725,-0.292,0.35,1,1
10,2,27,3,N,nb28,725,-0.131,0.295,1,1
10,2,27,3,N,nb29,725,1.239,0.044,2,1
10,2,27,3,A,aa0,725,-0.386,0.524,1,0
10,2,27,3,A,aa1,725,1.665,1.17,2,0
10,2,27,3,A,aa2,725,-1.127,0.807,0,0
10,2,27,3,N,nb0,730,0.515,-0.264,1,1
10,2,27,3,N,nb1,730,0.551,-1.542,3,1
10,2,27,3,N,nb2,730,-1.455,-1.013,1,1
10,2,27,3,N,nb3,730,1.825,0.278,2,1
10,2,27,3,N,nb4,730,0.774,-1.448,3,1
10,2,27,3,N,nb5,730,-1.577,-0.896,2,1
10,2,27,3,N,nb6,730,1.82,0.109,2,1
10,2,27,3,N,nb7,730,-0.059,-0.596,1,1
10,2,27,3,N,nb8,730,1.385,0.174,2,1
10,2,27,3,N,nb9,730,0.36,-0.083,1,1
10,2,27,3,N,nb10,730,1.77,1.426,2,1
10,2,27,3,N,nb11,730,-1.725,-0.723,1,1
10,2,27,3,N,nb12,730,0.393,-1.713,1,1
10,2,27,3,N,nb13,730,0.889,-1.29,3,1
10,2,27,3,N,nb14,730,0.885,-1.726,1,1
10,2,27,3,N,nb15,730,0.756,-1.084,1,1
10,2,27,3,N,nb16,730,1.795,0.488,1,1
10,2,27,3,N,nb17,730,1.665,-0.017,2,1
10,2,27,3,N,nb18,730,-0.289,-0.631,1,1
10,2,27,3,N,nb19,730,1.866,1.568,1,1
10,2,27,3,N,nb20,730,0.483,-1.307,2,1
10,2,27,3,N,nb21,730,1.374,-0.163,1,1
10,2,27,3,N,nb22,730,1.502,0.053,2,1
10,2,27,3,N,nb23,730,-1.486,1.358,0,0
10,2,27,3,N,nb24,730,0.25,-1.366,1,1
10,2,27,3,N,nb25,730,0.946,-1.528,3,1
10,2,27,3,N,nb26,730,1.837,1.27,1,1
10,2,27,3,N,nb27,730,-0.292,0.35,1,1
10,2,27,3,N,nb28,730,-0.131,0.295,1,1
10,2,27,3,N,nb29,730,1.239,0.044,2,1
10,2,27,3,A,aa0,730,-0.343,0.61,2,0
10,2,27,3,A,aa1,730,1.577,1.209,2,0
10,2,27,3,A,aa2,730,-1.221,0.841,0,0
10,2,27,3,N,nb0,735,0.515,-0.264,1,1
10,2,27,3,N,nb1,735,0.551,-1.542,3,1
10,2,27,3,N,nb2,735,-1.455,-1.013,1,1
10,2,27,3,N,nb3,735,1.825,0.278,2,1
10,2,27,3,N,nb4,735,0.774,-1.448,3,1
10,2,27,3,N,nb5,735,-1.577,-0.896,2,1
10,2,27,3,N,nb6,735,1.82,0.109,2,1
10,2,27,3,N,nb7,735,-0.059,-0.596,1,1
10,2,27,3,N,nb8,735,1.385,0.174,2,1
10,2,27,3,N,nb9,735,0.36,-0.083,1,1
10,2,27,3,N,nb10,735,1.77,1.426,2,1
10,2,27,3,N,nb11,735,-1.725,-0.723,1,1
10,2,27,3,N,nb12,735,0.393,-1.713,1,1
10,2,27,3,N,nb13,735,0.889,-1.29,3,1
10,2,27,3,N,nb14,735,0.885,-1.726,1,1
10,2,27,3,N,nb15,735,0.756,-1.084,1,1
10,2,27,3,N,nb16,735,1.795,0.488,1,1
10,2,27,3,N,nb17,735,1.665,-0.017,2,1
10,2,27,3,N,nb18,735,-0.289,-0.631,1,1
10,2,27,3,N,nb19,735,1.866,1.568,1,1
10,2,27,3,N,nb20,735,0.483,-1.307,2,1
10,2,27,3,N,nb21,735,1.374,-0.163,1,1
10,2,27,3,N,nb22,735,1.502,0.053,2,1
10,2,27,3,N,nb23,735,-1.576,1.314,0,0
10,2,27,3,N,nb24,735,0.25,-1.366,1,1
10,2,27,3,N,nb25,735,0.946,-1.528,3,1
10,2,27,3,N,nb26,735,1.837,1.27,1,1
10,2,27,3,N,nb27,735,-0.292,0.35,1,1
10,2,27,3,N,nb28,735,-0.131,0.295,1,1
10,2,27,3,N,nb29,735,1.239,0.044,2,1
10,2,27,3,A,aa0,735,-0.303,0.701,2,0
10,2,27,3,A,aa1,735,1.485,1.245,2,0
10,2,27,3,A,aa2,735,-1.315,0.875,0,0
10,2,27,3,N,nb0,740,0.515,-0.264,1,1
10,2,27,3,N,nb1,740,0.551,-1.542,3,1
10,2,27,3,N,nb2,740,-1.455,-1.013,1,1
10,2,27,3,N,nb3,740,1.825,0.278,2,1
10,2,27,3,N,nb4,740,0.774,-1.448,3,1
10,2,27,3,N,nb5,740,-1.577,-0.896,2,1
10,2,27,3,N,nb6,740,1.82,0.109,2,1
10,2,27,3,N,nb7,740,-0.059,-0.596,1,1
10,2,27,3,N,nb8,740,1.385,0.174,2,1
10,2,27,3,N,nb9,740,0.36,-0.083,1,1
10,2,27,3,N,nb10,740,1.77,1.426,2,1
10,2,27,3,N,nb11,740,-1.725,-0.723,1,1
10,2,27,3,N,nb12,740,0.393,-1.713,1,1
10,2,27,3,N,nb13,740,0.889,-1.29,3,1
10,2,27,3,N,nb14,740,0.885,-1.726,1,1
10,2,27,3,N,nb15,740,0.756,-1.084,1,1
10,2,27,3,N,nb16,740,1.795,0.488,1,1
10,2,27,3,N,nb17,740,1.665,-0.017,2,1
10,2,27,3,N,nb18,740,-0.289,-0.631,1,1
10,2,27,3,N,nb19,740,1.866,1.568,1,1
10,2,27,3,N,nb20,740,0.483,-1.307,2,1
10,2,27,3,N,nb21,740,1.374,-0.163,1,1
10,2,27,3,N,nb22,740,1.502,0.053,2,1
10,2,27,3,N,nb23,740,-1.665,1.269,0,0
10,2,27,3,N,nb24,740,0.25,-1.366,1,1
10,2,27,3,N,nb25,740,0.946,-1.528,3,1
10,2,27,3,N,nb26,740,1.837,1.27,1,1
10,2,27,3,N,nb27,740,-0.292,0.35,1,0
10,2,27,3,N,nb28,740,-0.131,0.295,1,0
10,2,27,3,N,nb29,740,1.239,0.044,2,1
10,2,27,3,A,aa0,740,-0.263,0.792,2,0
10,2,27,3,A,aa1,740,1.392,1.282,2,0
10,2,27,3,A,aa2,740,-1.409,0.909,0,0
10,2,27,3,N,nb0,745,0.515,-0.264,1,0
10,2,27,3,N,nb1,745,0.551,-1.542,3,1
10,2,27,3,N,nb2,745,-1.455,-1.013,1,1
10,2,27,3,N,nb3,745,1.825,0.278,2,1
10,2,27,3,N,nb4,745,0.774,-1.448,3,1
10,2,27,3,N,nb5,745,-1.577,-0.896,2,1
10,2,27,3,N,nb6,745,1.82,0.109,2,1
10,2,27,3,N,nb7,745,-0.059,-0.596,1,1
10,2,27,3,N,nb8,745,1.385,0.174,2,1
10,2,27,3,N,nb9,745,0.36,-0.083,1,0
10,2,27,3,N,nb10,745,1.77,1.426,2,1
10,2,27,3,N,nb11,745,-1.725,-0.723,1,1
10,2,27,3,N,nb12,745,0.393,-1.713,1,1
10,2,27,3,N,nb13,745,0.889,-1.29,3,1
10,2,27,3,N,nb14,745,0.885,-1.726,1,1
10,2,27,3,N,nb15,745,0.756,-1.084,1,1
10,2,27,3,N,nb16,745,1.795,0.488,1,1
10,2,27,3,N,nb17,745,1.665,-0.017,2,1
10,2,27,3,N,nb18,745,-0.289,-0.631,1,1
10,2,27,3,N,nb19,745,1.866,1.568,1,1
10,2,27,3,N,nb20,745,0.483,-1.307,2,1
10,2,27,3,N,nb21,745,1.374,-0.163,1,1
10,2,27,3,N,nb22,745,1.502,0.053,2,1
10,2,27,3,N,nb23,745,-1.754,1.224,0,0
10,2,27,3,N,nb24,745,0.25,-1.366,1,1
10,2,27,3,N,nb25,745,0.946,-1.528,3,1
10,2,27,3,N,nb26,745,1.837,1.27,1,1
10,2,27,3,N,nb27,745,-0.292,0.35,1,1
10,2,27,3,N,nb28,745,-0.131,0.295,1,1
10,2,27,3,N,nb29,745,1.239,0.044,2,1
10,2,27,3,A,aa0,745,-0.223,0.884,2,0
10,2,27,3,A,aa1,745,1.298,1.318,2,0
10,2,27,3,A,aa2,745,-1.503,0.943,0,0
10,2,27,3,N,nb0,750,0.515,-0.264,1,1
10,2,27,3,N,nb1,750,0.551,-1.542,3,1
10,2,27,3,N,nb2,750,-1.455,-1.013,1,1
10,2,27,3,N,nb3,750,1.825,0.278,2,1
10,2,27,3,N,nb4,750,0.774,-1.448,3,1
10,2,27,3,N,nb5,750,-1.577,-0.896,2,1
10,2,27,3,N,nb6,750,1.82,0.109,2,1
10,2,27,3,N,nb7,750,-0.059,-0.596,1,1
10,2,27,3,N,nb8,750,1.385,0.174,2,1
10,2,27,3,N,nb9,750,0.36,-0.083,1,1
10,2,27,3,N,nb10,750,1.77,1.426,2,1
10,2,27,3,N,nb11,750,-1.725,-0.723,1,1
10,2,27,3,N,nb12,750,0.393,-1.713,1,1
10,2,27,3,N,nb13,750,0.889,-1.29,3,1
10,2,27,3,N,nb14,750,0.885,-1.726,1,1
10,2,27,3,N,nb15,750,0.756,-1.084,1,1
10,2,27,3,N,nb16,750,1.795,0.488,1,1
10,2,27,3,N,nb17,750,1.665,-0.017,2,1
10,2,27,3,N,nb18,750,-0.289,-0.631,1,1
10,2,27,3,N,nb19,750,1.866,1.568,1,1
10,2,27,3,N,nb20,750,0.483,-1.307,2,1
10,2,27,3,N,nb21,750,1.374,-0.163,1,1
10,2,27,3,N,nb22,750,1.502,0.053,2,1
10,2,27,3,N,nb23,750,-1.833,1.18,0,0
10,2,27,3,N,nb24,750,0.25,-1.366,1,1
10,2,27,3,N,nb25,750,0.946,-1.528,3,1
10,2,27,3,N,nb26,750,1.837,1.27,1,1
10,2,27,3,N,nb27,750,-0.292,0.35,1,1
10,2,27,3,N,nb28,750,-0.131,0.295,1,1
10,2,27,3,N,nb29,750,1.239,0.044,2,1
10,2,27,3,A,aa0,750,-0.197,0.942,1,0
10,2,27,3,A,aa1,750,1.205,1.354,1,0
10,2,27,3,A,aa2,750,-1.597,0.977,0,0
10,2,27,3,N,nb0,755,0.515,-0.264,1,1
10,2,27,3,N,nb1,755,0.551,-1.542,3,1
10,2,27,3,N,nb2,755,-1.455,-1.013,1,1
10,2,27,3,N,nb3,755,1.825,0.278,2,1
10,2,27,3,N,nb4,755,0.774,-1.448,3,1
10,2,27,3,N,nb5,755,-1.577,-0.896,2,1
10,2,27,3,N,nb6,755,1.82,0.109,2,1
10,2,27,3,N,nb7,755,-0.059,-0.596,1,1
10,2,27,3,N,nb8,755,1.385,0.174,2,1
10,2,27,3,N,nb9,755,0.36,-0.083,1,1
10,2,27,3,N,nb10,755,1.77,1.426,2,1
10,2,27,3,N,nb11,755,-1.725,-0.723,1,1
10,2,27,3,N,nb12,755,0.393,-1.713,1,1
10,2,27,3,N,nb13,755,0.889,-1.29,3,1
10,2,27,3,N,nb14,755,0.885,-1.726,1,1
10,2,27,3,N,nb15,755,0.756,-1.084,1,1
10,2,27,3,N,nb16,755,1.795,0.488,1,1
10,2,27,3,N,nb17,755,1.665,-0.017,2,1
10,2,27,3,N,nb18,755,-0.289,-0.631,1,1
10,2,27,3,N,nb19,755,1.866,1.568,1,1
10,2,27,3,N,nb20,755,0.483,-1.307,2,1
10,2,27,3,N,nb21,755,1.374,-0.163,1,1
10,2,27,3,N,nb22,755,1.502,0.053,2,1
10,2,27,3,N,nb23,755,-1.866,1.128,0,0
10,2,27,3,N,nb24,755,0.25,-1.366,1,1
10,2,27,3,N,nb25,755,0.946,-1.528,3,1
10,2,27,3,N,nb26,755,1.837,1.27,1,1
10,2,27,3,N,nb27,755,-0.292,0.35,1,1
10,2,27,3,N,nb28,755,-0.131,0.295,1,1
10,2,27,3,N,nb29,755,1.239,0.044,2,1
10,2,27,3,A,aa0,755,-0.204,0.957,0,0
10,2,27,3,A,aa1,755,1.112,1.39,0,0
10,2,27,3,A,aa2,755,-1.686,1.009,0,0
10,2,27,3,N,nb0,760,0.515,-0.264,1,1
10,2,27,3,N,nb1,760,0.551,-1.542,3,1
10,2,27,3,N,nb2,760,-1.455,-1.013,1,1
10,2,27,3,N,nb3,760,1.825,0.278,2,1
10,2,27,3,N,nb4,760,0.774,-1.448,3,1
10,2,27,3,N,nb5,760,-1.577,-0.896,2,1
10,2,27,3,N,nb6,760,1.82,0.109,2,1
10,2,27,3,N,nb7,760,-0.059,-0.596,1,1
10,2,27,3,N,nb8,760,1.385,0.174,2,1
10,2,27,3,N,nb9,760,0.36,-0.083,1,1
10,2,27,3,N,nb10,760,1.77,1.426,2,1
10,2,27,3,N,nb11,760,-1.725,-0.723,1,1
10,2,27,3,N,nb12,760,0.393,-1.713,1,1
10,2,27,3,N,nb13,760,0.889,-1.29,3,1
10,2,27,3,N,nb14,760,0.885,-1.726,1,1
10,2,27,3,N,nb15,760,0.756,-1.084,1,1
10,2,27,3,N,nb16,760,1.795,0.488,1,1
10,2,27,3,N,nb17,760,1.665,-0.017,2,1
10,2,27,3,N,nb18,760,-0.289,-0.631,1,1
10,2,27,3,N,nb19,760,1.866,1.568,1,1
10,2,27,3,N,nb20,760,0.483,-1.307,2,1
10,2,27,3,N,nb21,760,1.374,-0.163,1,1
10,2,27,3,N,nb22,760,1.502,0.053,2,1
10,2,27,3,N,nb23,760,-1.866,1.084,0,0
10,2,27,3,N,nb24,760,0.25,-1.366,1,1
10,2,27,3,N,nb25,760,0.946,-1.528,3,1
10,2,27,3,N,nb26,760,1.837,1.27,1,1
10,2,27,3,N,nb27,760,-0.292,0.35,1,1
10,2,27,3,N,nb28,760,-0.131,0.295,1,1
10,2,27,3,N,nb29,760,1.239,0.044,2,1
10,2,27,3,A,aa0,760,-0.223,0.996,0,0
10,2,27,3,A,aa1,760,1.019,1.426,0,0
10,2,27,3,A,aa2,760,-1.716,1.008,0,0
10,2,27,3,N,nb0,765,0.515,-0.264,1,1
10,2,27,3,N,nb1,765,0.551,-1.542,3,1
10,2,27,3,N,nb2,765,-1.455,-1.013,1,1
10,2,27,3,N,nb3,765,1.825,0.278,2,1
10,2,27,3,N,nb4,765,0.774,-1.448,3,1
10,2,27,3,N,nb5,765,-1.577,-0.896,2,1
10,2,27,3,N,nb6,765,1.82,0.109,2,1
10,2,27,3,N,nb7,765,-0.059,-0.596,1,1
10,2,27,3,N,nb8,765,1.385,0.174,2,1
10,2,27,3,N,nb9,765,0.36,-0.083,1,1
10,2,27,3,N,nb10,765,1.77,1.426,2,1
10,2,27,3,N,nb11,765,-1.725,-0.723,1,1
10,2,27,3,N,nb12,765,0.393,-1.713,1,1
10,2,27,3,N,nb13,765,0.889,-1.29,3,1
10,2,27,3,N,nb14,765,0.885,-1.726,1,1
10,2,27,3,N,nb15,765,0.756,-1.084,1,1
10,2,27,3,N,nb16,765,1.795,0.488,1,1
10,2,27,3,N,nb17,765,1.665,-0.017,2,1
10,2,27,3,N,nb18,765,-0.289,-0.631,1,1
10,2,27,3,N,nb19,765,1.866,1.568,1,1
10,2,27,3,N,nb20,765,0.483,-1.307,2,1
10,2,27,3,N,nb21,765,1.374,-0.163,1,1
10,2,27,3,N,nb22,765,1.502,0.053,2,1
10,2,27,3,N,nb23,765,-1.866,1.031,0,0
10,2,27,3,N,nb24,765,0.25,-1.366,1,1
10,2,27,3,N,nb25,765,0.946,-1.528,3,1
10,2,27,3,N,nb26,765,1.837,1.27,1,1
10,2,27,3,N,nb27,765,-0.292,0.35,1,1
10,2,27,3,N,nb28,765,-0.131,0.295,1,1
10,2,27,3,N,nb29,765,1.239,0.044,2,0
10,2,27,3,A,aa0,765,-0.297,1.058,0,0
10,2,27,3,A,aa1,765,0.926,1.463,0,0
10,2,27,3,A,aa2,765,-1.704,0.986,0,0
10,2,27,3,N,nb0,770,0.515,-0.264,1,1
10,2,27,3,N,nb1,770,0.551,-1.542,3,1
10,2,27,3,N,nb2,770,-1.455,-1.013,1,1
10,2,27,3,N,nb3,770,1.825,0.278,2,1
10,2,27,3,N,nb4,770,0.774,-1.448,3,1
10,2,27,3,N,nb5,770,-1.577,-0.896,2,1
10,2,27,3,N,nb6,770,1.82,0.109,2,1
10,2,27,3,N,nb7,770,-0.059,-0.596,1,1
10,2,27,3,N,nb8,770,1.385,0.174,2,1
10,2,27,3,N,nb9,770,0.36,-0.083,1,1
10,2,27,3,N,nb10,770,1.77,1.426,2,1
10,2,27,3,N,nb11,770,-1.725,-0.723,1,1
10,2,27,3,N,nb12,770,0.393,-1.713,1,1
10,2,27,3,N,nb13,770,0.889,-1.29,3,1
10,2,27,3,N,nb14,770,0.885,-1.726,1,1
10,2,27,3,N,nb15,770,0.756,-1.084,1,1
10,2,27,3,N,nb16,770,1.795,0.488,1,1
10,2,27,3,N,nb17,770,1.665,-0.017,2,1
10,2,27,3,N,nb18,770,-0.289,-0.631,1,1
10,2,27,3,N,nb19,770,1.866,1.568,1,1
10,2,27,3,N,nb20,770,0.483,-1.307,2,1
10,2,27,3,N,nb21,770,1.374,-0.163,1,1
10,2,27,3,N,nb22,770,1.502,0.053,2,1
10,2,27,3,N,nb23,770,-1.866,0.965,0,0
10,2,27,3,N,nb24,770,0.25,-1.366,1,1
10,2,27,3,N,nb25,770,0.946,-1.528,3,1
10,2,27,3,N,nb26,770,1.837,1.27,1,1
10,2,27,3,N,nb27,770,-0.292,0.35,1,1
10,2,27,3,N,nb28,770,-0.131,0.295,1,1
10,2,27,3,N,nb29,770,1.239,0.044,2,1
10,2,27,3,A,aa0,770,-0.373,1.123,0,0
10,2,27,3,A,aa1,770,0.832,1.499,0,0
10,2,27,3,A,aa2,770,-1.698,0.949,0,0
10,2,27,3,N,nb0,775,0.515,-0.264,1,1
10,2,27,3,N,nb1,775,0.551,-1.542,3,1
10,2,27,3,N,nb2,775,-1.455,-1.013,1,1
10,2,27,3,N,nb3,775,1.825,0.278,2,1
10,2,27,3,N,nb4,775,0.774,-1.448,3,0
10,2,27,3,N,nb5,775,-1.577,-0.896,2,1
10,2,27,3,N,nb6,775,1.82,0.109,2,0
10,2,27,3,N,nb7,775,-0.059,-0.596,1,1
10,2,27,3,N,nb8,775,1.385,0.174,2,1
10,2,27,3,N,nb9,775,0.36,-0.083,1,1
10,2,27,3,N,nb10,775,1.77,1.426,2,1
10,2,27,3,N,nb11,775,-1.725,-0.723,1,1
10,2,27,3,N,nb12,775,0.393,-1.713,1,1
10,2,27,3,N,nb13,775,0.889,-1.29,3,0
10,2,27,3,N,nb14,775,0.885,-1.726,1,0
10,2,27,3,N,nb15,775,0.756,-1.084,1,1
10,2,27,3,N,nb16,775,1.795,0.488,1,1
10,2,27,3,N,nb17,775,1.665,-0.017,2,0
10,2,27,3,N,nb18,775,-0.289,-0.631,1,1
10,2,27,3,N,nb19,775,1.866,1.568,1,1
10,2,27,3,N,nb20,775,0.483,-1.307,2,1
10,2,27,3,N,nb21,775,1.374,-0.163,1,1
10,2,27,3,N,nb22,775,1.502,0.053,2,0
10,2,27,3,N,nb23,775,-1.866,0.887,0,0
10,2,27,3,N,nb24,775,0.25,-1.366,1,1
10,2,27,3,N,nb25,775,0.946,-1.528,3,0
10,2,27,3,N,nb26,775,1.837,1.27,1,1
10,2,27,3,N,nb27,775,-0.292,0.35,1,1
10,2,27,3,N,nb28,775,-0.131,0.295,1,1
10,2,27,3,N,nb29,775,1.239,0.044,2,1
10,2,27,3,A,aa0,775,-0.407,1.15,0,0
10,2,27,3,A,aa1,775,0.739,1.535,0,0
10,2,27,3,A,aa2,775,-1.698,0.898,0,0
10,2,27,3,N,nb0,780,0.515,-0.264,1,1
10,2,27,3,N,nb1,780,0.551,-1.542,3,1
10,2,27,3,N,nb2,780,-1.455,-1.013,1,1
10,2,27,3,N,nb3,780,1.825,0.278,2,1
10,2,27,3,N,nb4,780,0.774,-1.448,3,1
10,2,27,3,N,nb5,780,-1.577,-0.896,2,1
10,2,27,3,N,nb6,780,1.82,0.109,2,1
10,2,27,3,N,nb7,780,-0.059,-0.596,1,1
10,2,27,3,N,nb8,780,1.385,0.174,2,1
10,2,27,3,N,nb9,780,0.36,-0.083,1,1
10,2,27,3,N,nb10,780,1.77,1.426,2,1
10,2,27,3,N,nb11,780,-1.725,-0.723,1,1
10,2,27,3,N,nb12,780,0.393,-1.713,1,1
10,2,27,3,N,nb13,780,0.889,-1.29,3,1
10,2,27,3,N,nb14,780,0.885,-1.726,1,1
10,2,27,3,N,nb15,780,0.756,-1.084,1,1
10,2,27,3,N,nb16,780,1.795,0.488,1,1
10,2,27,3,N,nb17,780,1.665,-0.017,2,1
10,2,27,3,N,nb18,780,-0.289,-0.631,1,1
10,2,27,3,N,nb19,780,1.866,1.568,1,1
10,2,27,3,N,nb20,780,0.483,-1.307,2,1
10,2,27,3,N,nb21,780,1.374,-0.163,1,1
10,2,27,3,N,nb22,780,1.502,0.053,2,1
10,2,27,3,N,nb23,780,-1.866,0.801,0,0
10,2,27,3,N,nb24,780,0.25,-1.366,1,1
10,2,27,3,N,nb25,780,0.946,-1.528,3,1
10,2,27,3,N,nb26,780,1.837,1.27,1,1
10,2,27,3,N,nb27,780,-0.292,0.35,1,1
10,2,27,3,N,nb28,780,-0.131,0.295,1,1
10,2,27,3,N,nb29,780,1.239,0.044,2,1
10,2,27,3,A,aa0,780,-0.423,1.146,0,0
10,2,27,3,A,aa1,780,0.646,1.571,0,0
10,2,27,3,A,aa2,780,-1.701,0.838,0,0
10,2,27,3,N,nb0,785,0.515,-0.264,1,1
10,2,27,3,N,nb1,785,0.551,-1.542,3,1
10,2,27,3,N,nb2,785,-1.455,-1.013,1,1
10,2,27,3,N,nb3,785,1.825,0.278,2,1
10,2,27,3,N,nb4,785,0.774,-1.448,3,1
10,2,27,3,N,nb5,785,-1.577,-0.896,2,1
10,2,27,3,N,nb6,785,1.82,0.109,2,1
10,2,27,3,N,nb7,785,-0.059,-0.596,1,1
10,2,27,3,N,nb8,785,1.385,0.174,2,1
10,2,27,3,N,nb9,785,0.36,-0.083,1,1
10,2,27,3,N,nb10,785,1.77,1.426,2,1
10,2,27,3,N,nb11,785,-1.725,-0.723,1,1
10,2,27,3,N,nb12,785,0.393,-1.713,1,1
10,2,27,3,N,nb13,785,0.889,-1.29,3,1
10,2,27,3,N,nb14,785,0.885,-1.726,1,1
10,2,27,3,N,nb15,785,0.756,-1.084,1,1
10,2,27,3,N,nb16,785,1.795,0.488,1,1
10,2,27,3,N,nb17,785,1.665,-0.017,2,1
10,2,27,3,N,nb18,785,-0.289,-0.631,1,1
10,2,27,3,N,nb19,785,1.866,1.568,1,1
10,2,27,3,N,nb20,785,0.483,-1.307,2,1
10,2,27,3,N,nb21,785,1.374,-0.163,1,1
10,2,27,3,N,nb22,785,1.502,0.053,2,1
10,2,27,3,N,nb23,785,-1.866,0.708,0,0
10,2,27,3,N,nb24,785,0.25,-1.366,1,1
10,2,27,3,N,nb25,785,0.946,-1.528,3,1
10,2,27,3,N,nb26,785,1.837,1.27,1,1
10,2,27,3,N,nb27,785,-0.292,0.35,1,1
10,2,27,3,N,nb28,785,-0.131,0.295,1,1
10,2,27,3,N,nb29,785,1.239,0.044,2,1
10,2,27,3,A,aa0,785,-0.518,1.116,0,0
10,2,27,3,A,aa1,785,0.553,1.607,0,0
10,2,27,3,A,aa2,785,-1.709,0.768,0,0
10,2,27,3,N,nb0,790,0.515,-0.264,1,1
10,2,27,3,N,nb1,790,0.551,-1.542,3,1
10,2,27,3,N,nb2,790,-1.455,-1.013,1,1
10,2,27,3,N,nb3,790,1.825,0.278,2,1
10,2,27,3,N,nb4,790,0.774,-1.448,3,1
10,2,27,3,N,nb5,790,-1.577,-0.896,2,1
10,2,27,3,N,nb6,790,1.82,0.109,2,1
10,2,27,3,N,nb7,790,-0.059,-0.596,1,1
10,2,27,3,N,nb8,790,1.385,0.174,2,1
10,2,27,3,N,nb9,790,0.36,-0.083,1,1
10,2,27,3,N,nb10,790,1.77,1.426,2,1
10,2,27,3,N,nb11,790,-1.725,-0.723,1,1
10,2,27,3,N,nb12,790,0.393,-1.713,1,1
10,2,27,3,N,nb13,790,0.889,-1.29,3,1
10,2,27,3,N,nb14,790,0.885,-1.726,1,1
10,2,27,3,N,nb15,790,0.756,-1.084,1,1
10,2,27,3,N,nb16,790,1.795,0.488,1,1
10,2,27,3,N,nb17,790,1.665,-0.017,2,1
10,2,27,3,N,nb18,790,-0.289,-0.631,1,1
10,2,27,3,N,nb19,790,1.866,1.568,1,1
10,2,27,3,N,nb20,790,0.483,-1.307,2,1
10,2,27,3,N,nb21,790,1.374,-0.163,1,1
10,2,27,3,N,nb22,790,1.502,0.053,2,1
10,2,27,3,N,nb23,790,-1.865,0.614,0,0
10,2,27,3,N,nb24,790,0.25,-1.366,1,1
10,2,27,3,N,nb25,790,0.946,-1.528,3,1
10,2,27,3,N,nb26,790,1.837,1.27,1,1
10,2,27,3,N,nb27,790,-0.292,0.35,1,1
10,2,27,3,N,nb28,790,-0.131,0.295,1,1
10,2,27,3,N,nb29,790,1.239,0.044,2,1
10,2,27,3,A,aa0,790,-0.614,1.086,0,0
10,2,27,3,A,aa1,790,0.459,1.644,0,0
10,2,27,3,A,aa2,790,-1.718,0.696,0,0
10,2,27,3,N,nb0,795,0.515,-0.264,1,1
10,2,27,3,N,nb1,795,0.551,-1.542,3,1
10,2,27,3,N,nb2,795,-1.455,-1.013,1,1
10,2,27,3,N,nb3,795,1.825,0.278,2,1
10,2,27,3,N,nb4,795,0.774,-1.448,3,1
10,2,27,3,N,nb5,795,-1.577,-0.896,2,1
10,2,27,3,N,nb6,795,1.82,0.109,2,1
10,2,27,3,N,nb7,795,-0.059,-0.596,1,1
10,2,27,3,N,nb8,795,1.385,0.174,2,1
10,2,27,3,N,nb9,795,0.36,-0.083,1,1
10,2,27,3,N,nb10,795,1.77,1.426,2,1
10,2,27,3,N,nb11,795,-1.725,-0.723,1,1
10,2,27,3,N,nb12,795,0.393,-1.713,1,1
10,2,27,3,N,nb13,795,0.889,-1.29,3,1
10,2,27,3,N,nb14,795,0.885,-1.726,1,1
10,2,27,3,N,nb15,795,0.756,-1.084,1,1
10,2,27,3,N,nb16,795,1.795,0.488,1,1
10,2,27,3,N,nb17,795,1.665,-0.017,2,1
10,2,27,3,N,nb18,795,-0.289,-0.631,1,1
10,2,27,3,N,nb19,795,1.866,1.568,1,1
10,2,27,3,N,nb20,795,0.483,-1.307,2,1
10,2,27,3,N,nb21,795,1.374,-0.163,1,1
10,2,27,3,N,nb22,795,1.502,0.053,2,1
10,2,27,3,N,nb23,795,-1.862,0.519,0,0
10,2,27,3,N,nb24,795,0.25,-1.366,1,1
10,2,27,3,N,nb25,795,0.946,-1.528,3,1
10,2,27,3,N,nb26,795,1.837,1.27,1,1
10,2,27,3,N,nb27,795,-0.292,0.35,1,1
10,2,27,3,N,nb28,795,-0.131,0.295,1,1
10,2,27,3,N,nb29,795,1.239,0.044,2,1
10,2,27,3,A,aa0,795,-0.709,1.056,0,0
10,2,27,3,A,aa1,795,0.366,1.68,0,0
10,2,27,3,A,aa2,795,-1.729,0.62,0,0
10,2,27,3,N,nb0,800,0.515,-0.264,1,1
10,2,27,3,N,nb1,800,0.551,-1.542,3,1
10,2,27,3,N,nb2,800,-1.455,-1.013,1,1
10,2,27,3,N,nb3,800,1.825,0.278,2,1
10,2,27,3,N,nb4,800,0.774,-1.448,3,1
10,2,27,3,N,nb5,800,-1.577,-0.896,2,1
10,2,27,3,N,nb6,800,1.82,0.109,2,1
10,2,27,3,N,nb7,800,-0.059,-0.596,1,1
10,2,27,3,N,nb8,800,1.385,0.174,2,1
10,2,27,3,N,nb9,800,0.36,-0.083,1,1
10,2,27,3,N,nb10,800,1.77,1.426,2,1
10,2,27,3,N,nb11,800,-1.725,-0.723,1,1
10,2,27,3,N,nb12,800,0.393,-1.713,1,1
10,2,27,3,N,nb13,800,0.889,-1.29,3,1
10,2,27,3,N,nb14,800,0.885,-1.726,1,1
10,2,27,3,N,nb15,800,0.756,-1.084,1,1
10,2,27,3,N,nb16,800,1.795,0.488,1,1
10,2,27,3,N,nb17,800,1.665,-0.017,2,1
10,2,27,3,N,nb18,800,-0.289,-0.631,1,1
10,2,27,3,N,nb19,800,1.866,1.568,1,1
10,2,27,3,N,nb20,800,0.483,-1.307,2,0
10,2,27,3,N,nb21,800,1.374,-0.163,1,1
10,2,27,3,N,nb22,800,1.502,0.053,2,1
10,2,27,3,N,nb23,800,-1.844,0.425,0,0
10,2,27,3,N,nb24,800,0.25,-1.366,1,1
10,2,27,3,N,nb25,800,0.946,-1.528,3,1
10,2,27,3,N,nb26,800,1.837,1.27,1,1
10,2,27,3,N,nb27,800,-0.292,0.35,1,1
10,2,27,3,N,nb28,800,-0.131,0.295,1,1
10,2,27,3,N,nb29,800,1.239,0.044,2,1
10,2,27,3,A,aa0,800,-0.77,1.038,0,0
10,2,27,3,A,aa1,800,0.273,1.716,0,0
10,2,27,3,A,aa2,800,-1.729,0.618,0,0
10,2,27,3,N,nb0,805,0.515,-0.264,1,1
10,2,27,3,N,nb1,805,0.551,-1.542,3,1
10,2,27,3,N,nb2,805,-1.455,-1.013,1,1
10,2,27,3,N,nb3,805,1.825,0.278,2,1
10,2,27,3,N,nb4,805,0.774,-1.448,3,1
10,2,27,3,N,nb5,805,-1.577,-0.896,2,1
10,2,27,3,N,nb6,805,1.82,0.109,2,1
10,2,27,3,N,nb7,805,-0.059,-0.596,1,1
10,2,27,3,N,nb8,805,1.385,0.174,2,1
10,2,27,3,N,nb9,805,0.36,-0.083,1,1
10,2,27,3,N,nb10,805,1.77,1.426,2,1
10,2,27,3,N,nb11,805,-1.725,-0.723,1,1
10,2,27,3,N,nb12,805,0.393,-1.713,1,1
10,2,27,3,N,nb13,805,0.889,-1.29,3,1
10,2,27,3,N,nb14,805,0.885,-1.726,1,1
10,2,27,3,N,nb15,805,0.756,-1.084,1,1
10,2,27,3,N,nb16,805,1.795,0.488,1,1
10,2,27,3,N,nb17,805,1.665,-0.017,2,1
10,2,27,3,N,nb18,805,-0.289,-0.631,1,1
10,2,27,3,N,nb19,805,1.866,1.568,1,1
10,2,27,3,N,nb20,805,0.483,-1.307,2,1
10,2,27,3,N,nb21,805,1.374,-0.163,1,1
10,2,27,3,N,nb22,805,1.502,0.053,2,1
10,2,27,3,N,nb23,805,-1.82,0.334,0,0
10,2,27,3,N,nb24,805,0.25,-1.366,1,1
10,2,27,3,N,nb25,805,0.946,-1.528,3,1
10,2,27,3,N,nb26,805,1.837,1.27,1,1
10,2,27,3,N,nb27,805,-0.292,0.35,1,1
10,2,27,3,N,nb28,805,-0.131,0.295,1,1
10,2,27,3,N,nb29,805,1.239,0.044,2,1
10,2,27,3,A,aa0,805,-0.776,1.022,0,0
10,2,27,3,A,aa1,805,0.18,1.752,0,0
10,2,27,3,A,aa2,805,-1.691,0.561,0,0
10,2,27,3,N,nb0,810,0.515,-0.264,1,1
10,2,27,3,N,nb1,810,0.551,-1.542,3,1
10,2,27,3,N,nb2,810,-1.455,-1.013,1,1
10,2,27,3,N,nb3,810,1.825,0.278,2,1
10,2,27,3,N,nb4,810,0.774,-1.448,3,1
10,2,27,3,N,nb5,810,-1.577,-0.896,2,1
10,2,27,3,N,nb6,810,1.82,0.109,2,1
10,2,27,3,N,nb7,810,-0.059,-0.596,1,1
10,2,27,3,N,nb8,810,1.385,0.174,2,1
10,2,27,3,N,nb9,810,0.36,-0.083,1,1
10,2,27,3,N,nb10,810,1.77,1.426,2,1
10,2,27,3,N,nb11,810,-1.725,-0.723,1,1
10,2,27,3,N,nb12,810,0.393,-1.713,1,1
10,2,27,3,N,nb13,810,0.889,-1.29,3,1
10,2,27,3,N,nb14,810,0.885,-1.726,1,1
10,2,27,3,N,nb15,810,0.756,-1.084,1,1
10,2,27,3,N,nb16,810,1.795,0.488,1,1
10,2,27,3,N,nb17,810,1.665,-0.017,2,1
10,2,27,3,N,nb18,810,-0.289,-0.631,1,1
10,2,27,3,N,nb19,810,1.866,1.568,1,1
10,2,27,3,N,nb20,810,0.483,-1.307,2,1
10,2,27,3,N,nb21,810,1.374,-0.163,1,1
10,2,27,3,N,nb22,810,1.502,0.053,2,1
10,2,27,3,N,nb23,810,-1.787,0.246,0,0
10,2,27,3,N,nb24,810,0.25,-1.366,1,1
10,2,27,3,N,nb25,810,0.946,-1.528,3,1
10,2,27,3,N,nb26,810,1.837,1.27,1,1
10,2,27,3,N,nb27,810,-0.292,0.35,1,1
10,2,27,3,N,nb28,810,-0.131,0.295,1,1
10,2,27,3,N,nb29,810,1.239,0.044,2,1
10,2,27,3,A,aa0,810,-0.816,0.931,0,0
10,2,27,3,A,aa1,810,0.091,1.785,0,0
10,2,27,3,A,aa2,810,-1.629,0.488,0,0
10,2,27,3,N,nb0,815,0.515,-0.264,1,1
10,2,27,3,N,nb1,815,0.551,-1.542,3,1
10,2,27,3,N,nb2,815,-1.455,-1.013,1,1
10,2,27,3,N,nb3,815,1.825,0.278,2,1
10,2,27,3,N,nb4,815,0.774,-1.448,3,1
10,2,27,3,N,nb5,815,-1.577,-0.896,2,1
10,2,27,3,N,nb6,815,1.82,0.109,2,1
10,2,27,3,N,nb7,815,-0.059,-0.596,1,1
10,2,27,3,N,nb8,815,1.385,0.174,2,1
10,2,27,3,N,nb9,815,0.36,-0.083,1,1
10,2,27,3,N,nb10,815,1.77,1.426,2,1
10,2,27,3,N,nb11,815,-1.725,-0.723,1,1
10,2,27,3,N,nb12,815,0.393,-1.713,1,1
10,2,27,3,N,nb13,815,0.889,-1.29,3,1
10,2,27,3,N,nb14,815,0.885,-1.726,1,1
10,2,27,3,N,nb15,815,0.756,-1.084,1,1
10,2,27,3,N,nb16,815,1.795,0.488,1,1
10,2,27,3,N,nb17,815,1.665,-0.017,2,1
10,2,27,3,N,nb18,815,-0.289,-0.631,1,1
10,2,27,3,N,nb19,815,1.866,1.568,1,1
10,2,27,3,N,nb20,815,0.483,-1.307,2,1
10,2,27,3,N,nb21,815,1.374,-0.163,1,1
10,2,27,3,N,nb22,815,1.502,0.053,2,1
10,2,27,3,N,nb23,815,-1.747,0.158,0,0
10,2,27,3,N,nb24,815,0.25,-1.366,1,1
10,2,27,3,N,nb25,815,0.946,-1.528,3,1
10,2,27,3,N,nb26,815,1.837,1.27,1,1
10,2,27,3,N,nb27,815,-0.292,0.35,1,1
10,2,27,3,N,nb28,815,-0.131,0.295,1,1
10,2,27,3,N,nb29,815,1.239,0.044,2,1
10,2,27,3,A,aa0,815,-0.856,0.839,0,0
10,2,27,3,A,aa1,815,0.003,1.807,0,0
10,2,27,3,A,aa2,815,-1.563,0.412,0,0
10,2,27,3,N,nb0,820,0.515,-0.264,1,1
10,2,27,3,N,nb1,820,0.551,-1.542,3,1
10,2,27,3,N,nb2,820,-1.455,-1.013,1,1
10,2,27,3,N,nb3,820,1.825,0.278,2,1
10,2,27,3,N,nb4,820,0.774,-1.448,3,1
10,2,27,3,N,nb5,820,-1.577,-0.896,2,1
10,2,27,3,N,nb6,820,1.82,0.109,2,1
10,2,27,3,N,nb7,820,-0.059,-0.596,1,1
10,2,27,3,N,nb8,820,1.385,0.174,2,1
10,2,27,3,N,nb9,820,0.36,-0.083,1,1
10,2,27,3,N,nb10,820,1.77,1.426,2,1
10,2,27,3,N,nb11,820,-1.725,-0.723,1,1
10,2,27,3,N,nb12,820,0.393,-1.713,1,1
10,2,27,3,N,nb13,820,0.889,-1.29,3,1
10,2,27,3,N,nb14,820,0.885,-1.726,1,1
10,2,27,3,N,nb15,820,0.756,-1.084,1,1
10,2,27,3,N,nb16,820,1.795,0.488,1,1
10,2,27,3,N,nb17,820,1.665,-0.017,2,1
10,2,27,3,N,nb18,820,-0.289,-0.631,1,1
10,2,27,3,N,nb19,820,1.866,1.568,1,1
10,2,27,3,N,nb20,820,0.483,-1.307,2,1
10,2,27,3,N,nb21,820,1.374,-0.163,1,1
10,2,27,3,N,nb22,820,1.502,0.053,2,1
10,2,27,3,N,nb23,820,-1.703,0.068,0,0
10,2,27,3,N,nb24,820,0.25,-1.366,1,1
10,2,27,3,N,nb25,820,0.946,-1.528,3,1
10,2,27,3,N,nb26,820,1.837,1.27,1,1
10,2,27,3,N,nb27,820,-0.292,0.35,1,1
10,2,27,3,N,nb28,820,-0.131,0.295,1,1
10,2,27,3,N,nb29,820,1.239,0.044,2,1
10,2,27,3,A,aa0,820,-0.896,0.747,0,0
10,2,27,3,A,aa1,820,-0.088,1.818,0,0
10,2,27,3,A,aa2,820,-1.497,0.337,0,0
10,2,27,3,N,nb0,825,0.515,-0.264,1,1
10,2,27,3,N,nb1,825,0.551,-1.542,3,1
10,2,27,3,N,nb2,825,-1.455,-1.013,1,1
10,2,27,3,N,nb3,825,1.825,0.278,2,1
10,2,27,3,N,nb4,825,0.774,-1.448,3,1
10,2,27,3,N,nb5,825,-1.577,-0.896,2,1
10,2,27,3,N,nb6,825,1.82,0.109,2,1
10,2,27,3,N,nb7,825,-0.059,-0.596,1,1
10,2,27,3,N,nb8,825,1.385,0.174,2,1
10,2,27,3,N,nb9,825,0.36,-0.083,1,1
10,2,27,3,N,nb10,825,1.77,1.426,2,1
10,2,27,3,N,nb11,825,-1.725,-0.723,1,1
10,2,27,3,N,nb12,825,0.393,-1.713,1,0
10,2,27,3,N,nb13,825,0.889,-1.29,3,1
10,2,27,3,N,nb14,825,0.885,-1.726,1,1
10,2,27,3,N,nb15,825,0.756,-1.084,1,1
10,2,27,3,N,nb16,825,1.795,0.488,1,1
10,2,27,3,N,nb17,825,1.665,-0.017,2,1
10,2,27,3,N,nb18,825,-0.289,-0.631,1,1
10,2,27,3,N,nb19,825,1.866,1.568,1,1
10,2,27,3,N,nb20,825,0.483,-1.307,2,1
10,2,27,3,N,nb21,825,1.374,-0.163,1,1
10,2,27,3,N,nb22,825,1.502,0.053,2,1
10,2,27,3,N,nb23,825,-1.66,-0.022,0,0
10,2,27,3,N,nb24,825,0.25,-1.366,1,1
10,2,27,3,N,nb25,825,0.946,-1.528,3,1
10,2,27,3,N,nb26,825,1.837,1.27,1,1
10,2,27,3,N,nb27,825,-0.292,0.35,1,1
10,2,27,3,N,nb28,825,-0.131,0.295,1,1
10,2,27,3,N,nb29,825,1.239,0.044,2,1
10,2,27,3,A,aa0,825,-0.936,0.656,0,0
10,2,27,3,A,aa1,825,-0.18,1.818,0,0
10,2,27,3,A,aa2,825,-1.431,0.262,0,0
10,2,27,3,N,nb0,830,0.515,-0.264,1,1
10,2,27,3,N,nb1,830,0.551,-1.542,3,1
10,2,27,3,N,nb2,830,-1.455,-1.013,1,1
10,2,27,3,N,nb3,830,1.825,0.278,2,1
10,2,27,3,N,nb4,830,0.774,-1.448,3,1
10,2,27,3,N,nb5,830,-1.577,-0.896,2,1
10,2,27,3,N,nb6,830,1.82,0.109,2,1
10,2,27,3,N,nb7,830,-0.059,-0.596,1,1
10,2,27,3,N,nb8,830,1.385,0.174,2,1
10,2,27,3,N,nb9,830,0.36,-0.083,1,1
10,2,27,3,N,nb10,830,1.77,1.426,2,0
10,2,27,3,N,nb11,830,-1.725,-0.723,1,1
10,2,27,3,N,nb12,830,0.393,-1.713,1,1
10,2,27,3,N,nb13,830,0.889,-1.29,3,1
10,2,27,3,N,nb14,830,0.885,-1.726,1,1
10,2,27,3,N,nb15,830,0.756,-1.084,1,1
10,2,27,3,N,nb16,830,1.795,0.488,1,1
10,2,27,3,N,nb17,830,1.665,-0.017,2,1
10,2,27,3,N,nb18,830,-0.289,-0.631,1,1
10,2,27,3,N,nb19,830,1.866,1.568,1,0
10,2,27,3,N,nb20,830,0.483,-1.307,2,1
10,2,27,3,N,nb21,830,1.374,-0.163,1,0
10,2,27,3,N,nb22,830,1.502,0.053,2,1
10,2,27,3,N,nb23,830,-1.616,-0.112,0,0
10,2,27,3,N,nb24,830,0.25,-1.366,1,1
10,2,27,3,N,nb25,830,0.946,-1.528,3,1
10,2,27,3,N,nb26,830,1.837,1.27,1,1
10,2,27,3,N,nb27,830,-0.292,0.35,1,1
10,2,27,3,N,nb28,830,-0.131,0.295,1,1
10,2,27,3,N,nb29,830,1.239,0.044,2,1
10,2,27,3,A,aa0,830,-0.976,0.564,0,0
10,2,27,3,A,aa1,830,-0.272,1.808,0,0
10,2,27,3,A,aa2,830,-1.365,0.187,0,0
10,2,27,3,N,nb0,835,0.515,-0.264,1,1
10,2,27,3,N,nb1,835,0.551,-1.542,3,1
10,2,27,3,N,nb2,835,-1.455,-1.013,1,1
10,2,27,3,N,nb3,835,1.825,0.278,2,1
10,2,27,3,N,nb4,835,0.774,-1.448,3,1
10,2,27,3,N,nb5,835,-1.577,-0.896,2,1
10,2,27,3,N,nb6,835,1.82,0.109,2,1
10,2,27,3,N,nb7,835,-0.059,-0.596,1,1
10,2,27,3,N,nb8,835,1.385,0.174,2,1
10,2,27,3,N,nb9,835,0.36,-0.083,1,1
10,2,27,3,N,nb10,835,1.77,1.426,2,1
10,2,27,3,N,nb11,835,-1.725,-0.723,1,1
10,2,27,3,N,nb12,835,0.393,-1.713,1,1
10,2,27,3,N,nb13,835,0.889,-1.29,3,1
10,2,27,3,N,nb14,835,0.885,-1.726,1,1
10,2,27,3,N,nb15,835,0.756,-1.084,1,1
10,2,27,3,N,nb16,835,1.795,0.488,1,1
10,2,27,3,N,nb17,835,1.665,-0.017,2,1
10,2,27,3,N,nb18,835,-0.289,-0.631,1,1
10,2,27,3,N,nb19,835,1.866,1.568,1,1
10,2,27,3,N,nb20,835,0.483,-1.307,2,1
10,2,27,3,N,nb21,835,1.374,-0.163,1,1
10,2,27,3,N,nb22,835,1.502,0.053,2,1
10,2,27,3,N,nb23,835,-1.572,-0.202,0,0
10,2,27,3,N,nb24,835,0.25,-1.366,1,1
10,2,27,3,N,nb25,835,0.946,-1.528,3,1
10,2,27,3,N,nb26,835,1.837,1.27,1,1
10,2,27,3,N,nb27,835,-0.292,0.35,1,1
10,2,27,3,N,nb28,835,-0.131,0.295,1,1
10,2,27,3,N,nb29,835,1.239,0.044,2,1
10,2,27,3,A,aa0,835,-1.016,0.472,0,0
10,2,27,3,A,aa1,835,-0.363,1.788,0,0
10,2,27,3,A,aa2,835,-1.299,0.112,0,0
10,2,27,3,N,nb0,840,0.515,-0.264,1,1
10,2,27,3,N,nb1,840,0.551,-1.542,3,1
10,2,27,3,N,nb2,840,-1.455,-1.013,1,1
10,2,27,3,N,nb3,840,1.825,0.278,2,1
10,2,27,3,N,nb4,840,0.774,-1.448,3,1
10,2,27,3,N,nb5,840,-1.577,-0.896,2,1
10,2,27,3,N,nb6,840,1.82,0.109,2,1
10,2,27,3,N,nb7,840,-0.059,-0.596,1,1
10,2,27,3,N,nb8,840,1.385,0.174,2,1
10,2,27,3,N,nb9,840,0.36,-0.083,1,1
10,2,27,3,N,nb10,840,1.77,1.426,2,1
10,2,27,3,N,nb11,840,-1.725,-0.723,1,1
10,2,27,3,N,nb12,840,0.393,-1.713,1,1
10,2,27,3,N,nb13,840,0.889,-1.29,3,1
10,2,27,3,N,nb14,840,0.885,-1.726,1,1
10,2,27,3,N,nb15,840,0.756,-1.084,1,1
10,2,27,3,N,nb16,840,1.795,0.488,1,1
10,2,27,3,N,nb17,840,1.665,-0.017,2,1
10,2,27,3,N,nb18,840,-0.289,-0.631,1,1
10,2,27,3,N,nb19,840,1.866,1.568,1,1
10,2,27,3,N,nb20,840,0.483,-1.307,2,1
10,2,27,3,N,nb21,840,1.374,-0.163,1,1
10,2,27,3,N,nb22,840,1.502,0.053,2,1
10,2,27,3,N,nb23,840,-1.529,-0.292,0,0
10,2,27,3,N,nb24,840,0.25,-1.366,1,0
10,2,27,3,N,nb25,840,0.946,-1.528,3,1
10,2,27,3,N,nb26,840,1.837,1.27,1,1
10,2,27,3,N,nb27,840,-0.292,0.35,1,1
10,2,27,3,N,nb28,840,-0.131,0.295,1,1
10,2,27,3,N,nb29,840,1.239,0.044,2,1
10,2,27,3,A,aa0,840,-1.056,0.381,0,0
10,2,27,3,A,aa1,840,-0.452,1.76,0,0
10,2,27,3,A,aa2,840,-1.233,0.037,0,0
10,2,27,3,N,nb0,845,0.515,-0.264,1,1
10,2,27,3,N,nb1,845,0.551,-1.542,3,1
10,2,27,3,N,nb2,845,-1.455,-1.013,1,1
10,2,27,3,N,nb3,845,1.825,0.278,2,1
10,2,27,3,N,nb4,845,0.774,-1.448,3,1
10,2,27,3,N,nb5,845,-1.577,-0.896,2,1
10,2,27,3,N,nb6,845,1.82,0.109,2,1
10,2,27,3,N,nb7,845,-0.059,-0.596,1,1
10,2,27,3,N,nb8,845,1.385,0.174,2,1
10,2,27,3,N,nb9,845,0.36,-0.083,1,1
10,2,27,3,N,nb10,845,1.77,1.426,2,1
10,2,27,3,N,nb11,845,-1.725,-0.723,1,1
10,2,27,3,N,nb12,845,0.393,-1.713,1,1
10,2,27,3,N,nb13,845,0.889,-1.29,3,1
10,2,27,3,N,nb14,845,0.885,-1.726,1,1
10,2,27,3,N,nb15,845,0.756,-1.084,1,1
10,2,27,3,N,nb16,845,1.795,0.488,1,1
10,2,27,3,N,nb17,845,1.665,-0.017,2,1
10,2,27,3,N,nb18,845,-0.289,-0.631,1,1
10,2,27,3,N,nb19,845,1.866,1.568,1,1
10,2,27,3,N,nb20,845,0.483,-1.307,2,1
10,2,27,3,N,nb21,845,1.374,-0.163,1,1
10,2,27,3,N,nb22,845,1.502,0.053,2,1
10,2,27,3,N,nb23,845,-1.485,-0.382,0,0
10,2,27,3,N,nb24,845,0.25,-1.366,1,1
10,2,27,3,N,nb25,845,0.946,-1.528,3,1
10,2,27,3,N,nb26,845,1.837,1.27,1,1
10,2,27,3,N,nb27,845,-0.292,0.35,1,1
10,2,27,3,N,nb28,845,-0.131,0.295,1,1
10,2,27,3,N,nb29,845,1.239,0.044,2,1
10,2,27,3,A,aa0,845,-1.096,0.289,0,0
10,2,27,3,A,aa1,845,-0.546,1.724,0,0
10,2,27,3,A,aa2,845,-1.166,-0.038,0,0
10,2,27,3,N,nb0,850,0.515,-0.264,1,1
10,2,27,3,N,nb1,850,0.551,-1.542,3,1
10,2,27,3,N,nb2,850,-1.455,-1.013,1,0
10,2,27,3,N,nb3,850,1.825,0.278,2,1
10,2,27,3,N,nb4,850,0.774,-1.448,3,1
10,2,27,3,N,nb5,850,-1.577,-0.896,2,0
10,2,27,3,N,nb6,850,1.82,0.109,2,1
10,2,27,3,N,nb7,850,-0.059,-0.596,1,1
10,2,27,3,N,nb8,850,1.385,0.174,2,1
10,2,27,3,N,nb9,850,0.36,-0.083,1,1
10,2,27,3,N,nb10,850,1.77,1.426,2,1
10,2,27,3,N,nb11,850,-1.725,-0.723,1,0
10,2,27,3,N,nb12,850,0.393,-1.713,1,1
10,2,27,3,N,nb13,850,0.889,-1.29,3,1
10,2,27,3,N,nb14,850,0.885,-1.726,1,1
10,2,27,3,N,nb15,850,0.756,-1.084,1,1
10,2,27,3,N,nb16,850,1.795,0.488,1,1
10,2,27,3,N,nb17,850,1.665,-0.017,2,1
10,2,27,3,N,nb18,850,-0.289,-0.631,1,1
10,2,27,3,N,nb19,850,1.866,1.568,1,1
10,2,27,3,N,nb20,850,0.483,-1.307,2,1
10,2,27,3,N,nb21,850,1.374,-0.163,1,1
10,2,27,3,N,nb22,850,1.502,0.053,2,1
10,2,27,3,N,nb23,850,-1.441,-0.472,0,0
10,2,27,3,N,nb24,850,0.25,-1.366,1,1
10,2,27,3,N,nb25,850,0.946,-1.528,3,1
10,2,27,3,N,nb26,850,1.837,1.27,1,1
10,2,27,3,N,nb27,850,-0.292,0.35,1,1
10,2,27,3,N,nb28,850,-0.131,0.295,1,1
10,2,27,3,N,nb29,850,1.239,0.044,2,1
10,2,27,3,A,aa0,850,-1.136,0.198,0,0
10,2,27,3,A,aa1,850,-0.639,1.688,0,0
10,2,27,3,A,aa2,850,-1.1,-0.113,0,0
10,2,27,3,N,nb0,855,0.515,-0.264,1,1
10,2,27,3,N,nb1,855,0.551,-1.542,3,1
10,2,27,3,N,nb2,855,-1.455,-1.013,1,1
10,2,27,3,N,nb3,855,1.825,0.278,2,0
10,2,27,3,N,nb4,855,0.774,-1.448,3,1
10,2,27,3,N,nb5,855,-1.577,-0.896,2,1
10,2,27,3,N,nb6,855,1.82,0.109,2,1
10,2,27,3,N,nb7,855,-0.059,-0.596,1,1
10,2,27,3,N,nb8,855,1.385,0.174,2,0
10,2,27,3,N,nb9,855,0.36,-0.083,1,1
10,2,27,3,N,nb10,855,1.77,1.426,2,1
10,2,27,3,N,nb11,855,-1.725,-0.723,1,1
10,2,27,3,N,nb12,855,0.393,-1.713,1,1
10,2,27,3,N,nb13,855,0.889,-1.29,3,1
10,2,27,3,N,nb14,855,0.885,-1.726,1,1
10,2,27,3,N,nb15,855,0.756,-1.084,1,1
10,2,27,3,N,nb16,855,1.795,0.488,1,0
10,2,27,3,N,nb17,855,1.665,-0.017,2,1
10,2,27,3,N,nb18,855,-0.289,-0.631,1,1
10,2,27,3,N,nb19,855,1.866,1.568,1,1
10,2,27,3,N,nb20,855,0.483,-1.307,2,1
10,2,27,3,N,nb21,855,1.374,-0.163,1,1
10,2,27,3,N,nb22,855,1.502,0.053,2,1
10,2,27,3,N,nb23,855,-1.397,-0.562,0,0
10,2,27,3,N,nb24,855,0.25,-1.366,1,1
10,2,27,3,N,nb25,855,0.946,-1.528,3,1
10,2,27,3,N,nb26,855,1.837,1.27,1,1
10,2,27,3,N,nb27,855,-0.292,0.35,1,1
10,2,27,3,N,nb28,855,-0.131,0.295,1,1
10,2,27,3,N,nb29,855,1.239,0.044,2,1
10,2,27,3,A,aa0,855,-1.176,0.106,0,0
10,2,27,3,A,aa1,855,-0.733,1.653,0,0
10,2,27,3,A,aa2,855,-1.034,-0.188,0,0
10,2,27,3,N,nb0,860,0.515,-0.264,1,1
10,2,27,3,N,nb1,860,0.551,-1.542,3,1
10,2,27,3,N,nb2,860,-1.455,-1.013,1,1
10,2,27,3,N,nb3,860,1.825,0.278,2,1
10,2,27,3,N,nb4,860,0.774,-1.448,3,1
10,2,27,3,N,nb5,860,-1.577,-0.896,2,1
10,2,27,3,N,nb6,860,1.82,0.109,2,1
10,2,27,3,N,nb7,860,-0.059,-0.596,1,1
10,2,27,3,N,nb8,860,1.385,0.174,2,1
10,2,27,3,N,nb9,860,0.36,-0.083,1,1
10,2,27,3,N,nb10,860,1.77,1.426,2,1
10,2,27,3,N,nb11,860,-1.725,-0.723,1,1
10,2,27,3,N,nb12,860,0.393,-1.713,1,1
10,2,27,3,N,nb13,860,0.889,-1.29,3,1
10,2,27,3,N,nb14,860,0.885,-1.726,1,1
10,2,27,3,N,nb15,860,0.756,-1.084,1,1
10,2,27,3,N,nb16,860,1.795,0.488,1,1
10,2,27,3,N,nb17,860,1.665,-0.017,2,1
10,2,27,3,N,nb18,860,-0.289,-0.631,1,1
10,2,27,3,N,nb19,860,1.866,1.568,1,1
10,2,27,3,N,nb20,860,0.483,-1.307,2,1
10,2,27,3,N,nb21,860,1.374,-0.163,1,1
10,2,27,3,N,nb22,860,1.502,0.053,2,1
10,2,27,3,N,nb23,860,-1.354,-0.651,0,0
10,2,27,3,N,nb24,860,0.25,-1.366,1,1
10,2,27,3,N,nb25,860,0.946,-1.528,3,1
10,2,27,3,N,nb26,860,1.837,1.27,1,1
10,2,27,3,N,nb27,860,-0.292,0.35,1,1
10,2,27,3,N,nb28,860,-0.131,0.295,1,1
10,2,27,3,N,nb29,860,1.239,0.044,2,1
10,2,27,3,A,aa0,860,-1.216,0.014,0,0
10,2,27,3,A,aa1,860,-0.736,1.652,0,0
10,2,27,3,A,aa2,860,-0.968,-0.263,0,0
10,2,27,3,N,nb0,865,0.515,-0.264,1,1
10,2,27,3,N,nb1,865,0.551,-1.542,3,1
10,2,27,3,N,nb2,865,-1.455,-1.013,1,1
10,2,27,3,N,nb3,865,1.825,0.278,2,1
10,2,27,3,N,nb4,865,0.774,-1.448,3,1
10,2,27,3,N,nb5,865,-1.577,-0.896,2,1
10,2,27,3,N,nb6,865,1.82,0.109,2,1
10,2,27,3,N,nb7,865,-0.059,-0.596,1,0
10,2,27,3,N,nb8,865,1.385,0.174,2,1
10,2,27,3,N,nb9,865,0.36,-0.083,1,1
10,2,27,3,N,nb10,865,1.77,1.426,2,1
10,2,27,3,N,nb11,865,-1.725,-0.723,1,1
10,2,27,3,N,nb12,865,0.393,-1.713,1,1
10,2,27,3,N,nb13,865,0.889,-1.29,3,1
10,2,27,3,N,nb14,865,0.885,-1.726,1,1
10,2,27,3,N,nb15,865,0.756,-1.084,1,1
10,2,27,3,N,nb16,865,1.795,0.488,1,1
10,2,27,3,N,nb17,865,1.665,-0.017,2,1
10,2,27,3,N,nb18,865,-0.289,-0.631,1,0
10,2,27,3,N,nb19,865,1.866,1.568,1,1
10,2,27,3,N,nb20,865,0.483,-1.307,2,1
10,2,27,3,N,nb21,865,1.374,-0.163,1,1
10,2,27,3,N,nb22,865,1.502,0.053,2,1
10,2,27,3,N,nb23,865,-1.31,-0.741,0,0
10,2,27,3,N,nb24,865,0.25,-1.366,1,1
10,2,27,3,N,nb25,865,0.946,-1.528,3,1
10,2,27,3,N,nb26,865,1.837,1.27,1,1
10,2,27,3,N,nb27,865,-0.292,0.35,1,1
10,2,27,3,N,nb28,865,-0.131,0.295,1,1
10,2,27,3,N,nb29,865,1.239,0.044,2,1
10,2,27,3,A,aa0,865,-1.256,-0.077,0,0
10,2,27,3,A,aa1,865,-0.782,1.566,0,0
10,2,27,3,A,aa2,865,-0.902,-0.338,0,0
10,2,27,3,N,nb0,870,0.515,-0.264,1,1
10,2,27,3,N,nb1,870,0.551,-1.542,3,0
10,2,27,3,N,nb2,870,-1.455,-1.013,1,1
10,2,27,3,N,nb3,870,1.825,0.278,2,1
10,2,27,3,N,nb4,870,0.774,-1.448,3,1
10,2,27,3,N,nb5,870,-1.577,-0.896,2,1
10,2,27,3,N,nb6,870,1.82,0.109,2,1
10,2,27,3,N,nb7,870,-0.059,-0.596,1,1
10,2,27,3,N,nb8,870,1.385,0.174,2,1
10,2,27,3,N,nb9,870,0.36,-0.083,1,1
10,2,27,3,N,nb10,870,1.77,1.426,2,1
10,2,27,3,N,nb11,870,-1.725,-0.723,1,1
10,2,27,3,N,nb12,870,0.393,-1.713,1,1
10,2,27,3,N,nb13,870,0.889,-1.29,3,1
10,2,27,3,N,nb14,870,0.885,-1.726,1,1
10,2,27,3,N,nb15,870,0.756,-1.084,1,1
10,2,27,3,N,nb16,870,1.795,0.488,1,1
10,2,27,3,N,nb17,870,1.665,-0.017,2,1
10,2,27,3,N,nb18,870,-0.289,-0.631,1,1
10,2,27,3,N,nb19,870,1.866,1.568,1,1
10,2,27,3,N,nb20,870,0.483,-1.307,2,1
10,2,27,3,N,nb21,870,1.374,-0.163,1,1
10,2,27,3,N,nb22,870,1.502,0.053,2,1
10,2,27,3,N,nb23,870,-1.267,-0.83,0,0
10,2,27,3,N,nb24,870,0.25,-1.366,1,1
10,2,27,3,N,nb25,870,0.946,-1.528,3,1
10,2,27,3,N,nb26,870,1.837,1.27,1,1
10,2,27,3,N,nb27,870,-0.292,0.35,1,1
10,2,27,3,N,nb28,870,-0.131,0.295,1,1
10,2,27,3,N,nb29,870,1.239,0.044,2,1
10,2,27,3,A,aa0,870,-1.296,-0.169,0,0
10,2,27,3,A,aa1,870,-0.829,1.478,0,0
10,2,27,3,A,aa2,870,-0.836,-0.413,1,0
10,2,27,3,N,nb0,875,0.515,-0.264,1,1
10,2,27,3,N,nb1,875,0.551,-1.542,3,1
10,2,27,3,N,nb2,875,-1.455,-1.013,1,1
10,2,27,3,N,nb3,875,1.825,0.278,2,1
10,2,27,3,N,nb4,875,0.774,-1.448,3,1
10,2,27,3,N,nb5,875,-1.577,-0.896,2,1
10,2,27,3,N,nb6,875,1.82,0.109,2,1
10,2,27,3,N,nb7,875,-0.059,-0.596,1,1
10,2,27,3,N,nb8,875,1.385,0.174,2,1
10,2,27,3,N,nb9,875,0.36,-0.083,1,1
10,2,27,3,N,nb10,875,1.77,1.426,2,1
10,2,27,3,N,nb11,875,-1.725,-0.723,1,1
10,2,27,3,N,nb12,875,0.393,-1.713,1,1
10,2,27,3,N,nb13,875,0.889,-1.29,3,1
10,2,27,3,N,nb14,875,0.885,-1.726,1,1
10,2,27,3,N,nb15,875,0.756,-1.084,1,0
10,2,27,3,N,nb16,875,1.795,0.488,1,1
10,2,27,3,N,nb17,875,1.665,-0.017,2,1
10,2,27,3,N,nb18,875,-0.289,-0.631,1,1
10,2,27,3,N,nb19,875,1.866,1.568,1,1
10,2,27,3,N,nb20,875,0.483,-1.307,2,1
10,2,27,3,N,nb21,875,1.374,-0.163,1,1
10,2,27,3,N,nb22,875,1.502,0.053,2,1
10,2,27,3,N,nb23,875,-1.221,-0.909,0,0
10,2,27,3,N,nb24,875,0.25,-1.366,1,1
10,2,27,3,N,nb25,875,0.946,-1.528,3,1
10,2,27,3,N,nb26,875,1.837,1.27,1,1
10,2,27,3,N,nb27,875,-0.292,0.35,1,1
10,2,27,3,N,nb28,875,-0.131,0.295,1,1
10,2,27,3,N,nb29,875,1.239,0.044,2,1
10,2,27,3,A,aa0,875,-1.336,-0.261,0,0
10,2,27,3,A,aa1,875,-0.876,1.39,0,0
10,2,27,3,A,aa2,875,-0.77,-0.488,1,0
10,2,27,3,N,nb0,880,0.515,-0.264,1,1
10,2,27,3,N,nb1,880,0.551,-1.542,3,1
10,2,27,3,N,nb2,880,-1.455,-1.013,1,1
10,2,27,3,N,nb3,880,1.825,0.278,2,1
10,2,27,3,N,nb4,880,0.774,-1.448,3,1
10,2,27,3,N,nb5,880,-1.577,-0.896,2,1
10,2,27,3,N,nb6,880,1.82,0.109,2,1
10,2,27,3,N,nb7,880,-0.059,-0.596,1,1
10,2,27,3,N,nb8,880,1.385,0.174,2,1
10,2,27,3,N,nb9,880,0.36,-0.083,1,1
10,2,27,3,N,nb10,880,1.77,1.426,2,1
10,2,27,3,N,nb11,880,-1.725,-0.723,1,1
10,2,27,3,N,nb12,880,0.393,-1.713,1,1
10,2,27,3,N,nb13,880,0.889,-1.29,3,1
10,2,27,3,N,nb14,880,0.885,-1.726,1,1
10,2,27,3,N,nb15,880,0.756,-1.084,1,1
10,2,27,3,N,nb16,880,1.795,0.488,1,1
10,2,27,3,N,nb17,880,1.665,-0.017,2,1
10,2,27,3,N,nb18,880,-0.289,-0.631,1,1
10,2,27,3,N,nb19,880,1.866,1.568,1,1
10,2,27,3,N,nb20,880,0.483,-1.307,2,1
10,2,27,3,N,nb21,880,1.374,-0.163,1,1
10,2,27,3,N,nb22,880,1.502,0.053,2,1
10,2,27,3,N,nb23,880,-1.164,-0.986,0,0
10,2,27,3,N,nb24,880,0.25,-1.366,1,1
10,2,27,3,N,nb25,880,0.946,-1.528,3,1
10,2,27,3,N,nb26,880,1.837,1.27,1,0
10,2,27,3,N,nb27,880,-0.292,0.35,1,1
10,2,27,3,N,nb28,880,-0.131,0.295,1,1
10,2,27,3,N,nb29,880,1.239,0.044,2,1
10,2,27,3,A,aa0,880,-1.376,-0.352,2,0
10,2,27,3,A,aa1,880,-0.923,1.302,0,0
10,2,27,3,A,aa2,880,-0.704,-0.563,1,0
10,2,27,3,N,nb0,885,0.515,-0.264,1,1
10,2,27,3,N,nb1,885,0.551,-1.542,3,1
10,2,27,3,N,nb2,885,-1.455,-1.013,1,0
10,2,27,3,N,nb3,885,1.825,0.278,2,1
10,2,27,3,N,nb4,885,0.774,-1.448,3,1
10,2,27,3,N,nb5,885,-1.577,-0.896,2,0
10,2,27,3,N,nb6,885,1.82,0.109,2,1
10,2,27,3,N,nb7,885,-0.059,-0.596,1,1
10,2,27,3,N,nb8,885,1.385,0.174,2,1
10,2,27,3,N,nb9,885,0.36,-0.083,1,1
10,2,27,3,N,nb10,885,1.77,1.426,2,1
10,2,27,3,N,nb11,885,-1.725,-0.723,1,0
10,2,27,3,N,nb12,885,0.393,-1.713,1,1
10,2,27,3,N,nb13,885,0.889,-1.29,3,1
10,2,27,3,N,nb14,885,0.885,-1.726,1,1
10,2,27,3,N,nb15,885,0.756,-1.084,1,1
10,2,27,3,N,nb16,885,1.795,0.488,1,1
10,2,27,3,N,nb17,885,1.665,-0.017,2,1
10,2,27,3,N,nb18,885,-0.289,-0.631,1,1
10,2,27,3,N,nb19,885,1.866,1.568,1,1
10,2,27,3,N,nb20,885,0.483,-1.307,2,1
10,2,27,3,N,nb21,885,1.374,-0.163,1,1
10,2,27,3,N,nb22,885,1.502,0.053,2,1
10,2,27,3,N,nb23,885,-1.103,-1.065,0,0
10,2,27,3,N,nb24,885,0.25,-1.366,1,1
10,2,27,3,N,nb25,885,0.946,-1.528,3,1
10,2,27,3,N,nb26,885,1.837,1.27,1,1
10,2,27,3,N,nb27,885,-0.292,0.35,1,1
10,2,27,3,N,nb28,885,-0.131,0.295,1,1
10,2,27,3,N,nb29,885,1.239,0.044,2,1
10,2,27,3,A,aa0,885,-1.416,-0.444,3,1
10,2,27,3,A,aa1,885,-0.971,1.214,0,0
10,2,27,3,A,aa2,885,-0.638,-0.639,1,0
10,2,27,3,N,nb0,890,0.515,-0.264,1,1
10,2,27,3,N,nb1,890,0.551,-1.542,3,1
10,2,27,3,N,nb2,890,-1.45,-1.012,1,0
10,2,27,3,N,nb3,890,1.825,0.278,2,1
10,2,27,3,N,nb4,890,0.774,-1.448,3,1
10,2,27,3,N,nb5,890,-1.588,-0.912,1,0
10,2,27,3,N,nb6,890,1.82,0.109,2,1
10,2,27,3,N,nb7,890,-0.059,-0.596,1,1
10,2,27,3,N,nb8,890,1.385,0.174,2,1
10,2,27,3,N,nb9,890,0.36,-0.083,1,1
10,2,27,3,N,nb10,890,1.77,1.426,2,1
10,2,27,3,N,nb11,890,-1.708,-0.651,0,0
10,2,27,3,N,nb12,890,0.393,-1.713,1,1
10,2,27,3,N,nb13,890,0.889,-1.29,3,1
10,2,27,3,N,nb14,890,0.885,-1.726,1,1
10,2,27,3,N,nb15,890,0.756,-1.084,1,1
10,2,27,3,N,nb16,890,1.795,0.488,1,1
10,2,27,3,N,nb17,890,1.665,-0.017,2,1
10,2,27,3,N,nb18,890,-0.289,-0.631,1,1
10,2,27,3,N,nb19,890,1.866,1.568,1,1
10,2,27,3,N,nb20,890,0.483,-1.307,2,1
10,2,27,3,N,nb21,890,1.374,-0.163,1,1
10,2,27,3,N,nb22,890,1.502,0.053,2,1
10,2,27,3,N,nb23,890,-1.042,-1.144,0,0
10,2,27,3,N,nb24,890,0.25,-1.366,1,1
10,2,27,3,N,nb25,890,0.946,-1.528,3,1
10,2,27,3,N,nb26,890,1.837,1.27,1,1
10,2,27,3,N,nb27,890,-0.292,0.35,1,1
10,2,27,3,N,nb28,890,-0.131,0.295,1,1
10,2,27,3,N,nb29,890,1.239,0.044,2,1
10,2,27,3,A,aa0,890,-1.456,-0.536,0,0
10,2,27,3,A,aa1,890,-1.018,1.126,0,0
10,2,27,3,A,aa2,890,-0.572,-0.714,1,0
10,2,27,3,N,nb0,895,0.515,-0.264,1,1
10,2,27,3,N,nb1,895,0.551,-1.542,3,1
10,2,27,3,N,nb2,895,-1.446,-1.009,1,0
10,2,27,3,N,nb3,895,1.825,0.278,2,1
10,2,27,3,N,nb4,895,0.774,-1.448,3,1
10,2,27,3,N,nb5,895,-1.599,-0.935,1,0
10,2,27,3,N,nb6,895,1.82,0.109,2,1
10,2,27,3,N,nb7,895,-0.059,-0.596,1,1
10,2,27,3,N,nb8,895,1.385,0.174,2,1
10,2,27,3,N,nb9,895,0.36,-0.083,1,1
10,2,27,3,N,nb10,895,1.77,1.426,2,1
10,2,27,3,N,nb11,895,-1.692,-0.56,0,0
10,2,27,3,N,nb12,895,0.393,-1.713,1,1
10,2,27,3,N,nb13,895,0.889,-1.29,3,1
10,2,27,3,N,nb14,895,0.885,-1.726,1,1
10,2,27,3,N,nb15,895,0.756,-1.084,1,1
10,2,27,3,N,nb16,895,1.795,0.488,1,1
10,2,27,3,N,nb17,895,1.665,-0.017,2,1
10,2,27,3,N,nb18,895,-0.289,-0.631,1,1
10,2,27,3,N,nb19,895,1.866,1.568,1,1
10,2,27,3,N,nb20,895,0.483,-1.307,2,1
10,2,27,3,N,nb21,895,1.374,-0.163,1,1
10,2,27,3,N,nb22,895,1.502,0.053,2,1
10,2,27,3,N,nb23,895,-0.981,-1.223,0,0
10,2,27,3,N,nb24,895,0.25,-1.366,1,1
10,2,27,3,N,nb25,895,0.946,-1.528,3,1
10,2,27,3,N,nb26,895,1.837,1.27,1,1
10,2,27,3,N,nb27,895,-0.292,0.35,1,0
10,2,27,3,N,nb28,895,-0.131,0.295,1,0
10,2,27,3,N,nb29,895,1.239,0.044,2,1
10,2,27,3,A,aa0,895,-1.49,-0.621,0,0
10,2,27,3,A,aa1,895,-1.065,1.038,0,0
10,2,27,3,A,aa2,895,-0.506,-0.789,1,0
10,2,27,3,N,nb0,900,0.515,-0.264,1,0
10,2,27,3,N,nb1,900,0.551,-1.542,3,1
10,2,27,3,N,nb2,900,-1.446,-1.009,1,1
10,2,27,3,N,nb3,900,1.825,0.278,2,1
10,2,27,3,N,nb4,900,0.774,-1.448,3,1
10,2,27,3,N,nb5,900,-1.601,-0.94,1,1
10,2,27,3,N,nb6,900,1.82,0.109,2,1
10,2,27,3,N,nb7,900,-0.059,-0.596,1,1
10,2,27,3,N,nb8,900,1.385,0.174,2,1
10,2,27,3,N,nb9,900,0.36,-0.083,1,0
10,2,27,3,N,nb10,900,1.77,1.426,2,1
10,2,27,3,N,nb11,900,-1.684,-0.465,0,0
10,2,27,3,N,nb12,900,0.393,-1.713,1,1
10,2,27,3,N,nb13,900,0.889,-1.29,3,1
10,2,27,3,N,nb14,900,0.885,-1.726,1,1
10,2,27,3,N,nb15,900,0.756,-1.084,1,1
10,2,27,3,N,nb16,900,1.795,0.488,1,1
10,2,27,3,N,nb17,900,1.665,-0.017,2,1
10,2,27,3,N,nb18,900,-0.289,-0.631,1,1
10,2,27,3,N,nb19,900,1.866,1.568,1,1
10,2,27,3,N,nb20,900,0.483,-1.307,2,1
10,2,27,3,N,nb21,900,1.374,-0.163,1,1
10,2,27,3,N,nb22,900,1.502,0.053,2,1
10,2,27,3,N,nb23,900,-0.92,-1.302,0,0
10,2,27,3,N,nb24,900,0.25,-1.366,1,1
10,2,27,3,N,nb25,900,0.946,-1.528,3,1
10,2,27,3,N,nb26,900,1.837,1.27,1,1
10,2,27,3,N,nb27,900,-0.292,0.35,1,1
10,2,27,3,N,nb28,900,-0.131,0.295,1,1
10,2,27,3,N,nb29,900,1.239,0.044,2,1
10,2,27,3,A,aa0,900,-1.514,-0.71,2,0
10,2,27,3,A,aa1,900,-1.112,0.95,0,0
10,2,27,3,A,aa2,900,-0.445,-0.862,2,0
10,2,27,3,N,nb0,905,0.515,-0.264,1,1
10,2,27,3,N,nb1,905,0.551,-1.542,3,1
10,2,27,3,N,nb2,905,-1.446,-1.009,1,1
10,2,27,3,N,nb3,905,1.825,0.278,2,1
10,2,27,3,N,nb4,905,0.774,-1.448,3,1
10,2,27,3,N,nb5,905,-1.602,-0.941,1,1
10,2,27,3,N,nb6,905,1.82,0.109,2,1
10,2,27,3,N,nb7,905,-0.059,-0.596,1,1
10,2,27,3,N,nb8,905,1.385,0.174,2,1
10,2,27,3,N,nb9,905,0.36,-0.083,1,1
10,2,27,3,N,nb10,905,1.77,1.426,2,1
10,2,27,3,N,nb11,905,-1.68,-0.365,0,0
10,2,27,3,N,nb12,905,0.393,-1.713,1,1
10,2,27,3,N,nb13,905,0.889,-1.29,3,1
10,2,27,3,N,nb14,905,0.885,-1.726,1,1
10,2,27,3,N,nb15,905,0.756,-1.084,1,1
10,2,27,3,N,nb16,905,1.795,0.488,1,1
10,2,27,3,N,nb17,905,1.665,-0.017,2,1
10,2,27,3,N,nb18,905,-0.289,-0.631,1,1
10,2,27,3,N,nb19,905,1.866,1.568,1,1
10,2,27,3,N,nb20,905,0.483,-1.307,2,1
10,2,27,3,N,nb21,905,1.374,-0.163,1,1
10,2,27,3,N,nb22,905,1.502,0.053,2,1
10,2,27,3,N,nb23,905,-0.859,-1.382,0,0
10,2,27,3,N,nb24,905,0.25,-1.366,1,1
10,2,27,3,N,nb25,905,0.946,-1.528,3,1
10,2,27,3,N,nb26,905,1.837,1.27,1,1
10,2,27,3,N,nb27,905,-0.292,0.35,1,1
10,2,27,3,N,nb28,905,-0.131,0.295,1,1
10,2,27,3,N,nb29,905,1.239,0.044,2,1
10,2,27,3,A,aa0,905,-1.523,-0.792,2,0
10,2,27,3,A,aa1,905,-1.16,0.861,0,0
10,2,27,3,A,aa2,905,-0.384,-0.941,2,0
10,2,27,3,N,nb0,910,0.515,-0.264,1,1
10,2,27,3,N,nb1,910,0.551,-1.542,3,1
10,2,27,3,N,nb2,910,-1.446,-1.009,1,1
10,2,27,3,N,nb3,910,1.825,0.278,2,1
10,2,27,3,N,nb4,910,0.774,-1.448,3,1
10,2,27,3,N,nb5,910,-1.602,-0.942,1,1
10,2,27,3,N,nb6,910,1.82,0.109,2,1
10,2,27,3,N,nb7,910,-0.059,-0.596,1,1
10,2,27,3,N,nb8,910,1.385,0.174,2,1
10,2,27,3,N,nb9,910,0.36,-0.083,1,1
10,2,27,3,N,nb10,910,1.77,1.426,2,1
10,2,27,3,N,nb11,910,-1.676,-0.265,0,0
10,2,27,3,N,nb12,910,0.393,-1.713,1,1
10,2,27,3,N,nb13,910,0.889,-1.29,3,1
10,2,27,3,N,nb14,910,0.885,-1.726,1,1
10,2,27,3,N,nb15,910,0.756,-1.084,1,1
10,2,27,3,N,nb16,910,1.795,0.488,1,1
10,2,27,3,N,nb17,910,1.665,-0.017,2,1
10,2,27,3,N,nb18,910,-0.289,-0.631,1,1
10,2,27,3,N,nb19,910,1.866,1.568,1,1
10,2,27,3,N,nb20,910,0.483,-1.307,2,1
10,2,27,3,N,nb21,910,1.374,-0.163,1,1
10,2,27,3,N,nb22,910,1.502,0.053,2,1
10,2,27,3,N,nb23,910,-0.797,-1.461,0,0
10,2,27,3,N,nb24,910,0.25,-1.366,1,1
10,2,27,3,N,nb25,910,0.946,-1.528,3,1
10,2,27,3,N,nb26,910,1.837,1.27,1,1
10,2,27,3,N,nb27,910,-0.292,0.35,1,1
10,2,27,3,N,nb28,910,-0.131,0.295,1,1
10,2,27,3,N,nb29,910,1.239,0.044,2,1
10,2,27,3,A,aa0,910,-1.511,-0.799,2,0
10,2,27,3,A,aa1,910,-1.207,0.773,0,0
10,2,27,3,A,aa2,910,-0.323,-1.021,2,0
10,2,27,3,N,nb0,915,0.515,-0.264,1,1
10,2,27,3,N,nb1,915,0.551,-1.542,3,1
10,2,27,3,N,nb2,915,-1.446,-1.009,1,1
10,2,27,3,N,nb3,915,1.825,0.278,2,1
10,2,27,3,N,nb4,915,0.774,-1.448,3,1
10,2,27,3,N,nb5,915,-1.602,-0.942,1,1
10,2,27,3,N,nb6,915,1.82,0.109,2,1
10,2,27,3,N,nb7,915,-0.059,-0.596,1,0
10,2,27,3,N,nb8,915,1.385,0.174,2,1
10,2,27,3,N,nb9,915,0.36,-0.083,1,1
10,2,27,3,N,nb10,915,1.77,1.426,2,1
10,2,27,3,N,nb11,915,-1.671,-0.165,0,0
10,2,27,3,N,nb12,915,0.393,-1.713,1,1
10,2,27,3,N,nb13,915,0.889,-1.29,3,1
10,2,27,3,N,nb14,915,0.885,-1.726,1,1
10,2,27,3,N,nb15,915,0.756,-1.084,1,1
10,2,27,3,N,nb16,915,1.795,0.488,1,1
10,2,27,3,N,nb17,915,1.665,-0.017,2,1
10,2,27,3,N,nb18,915,-0.289,-0.631,1,0
10,2,27,3,N,nb19,915,1.866,1.568,1,1
10,2,27,3,N,nb20,915,0.483,-1.307,2,1
10,2,27,3,N,nb21,915,1.374,-0.163,1,1
10,2,27,3,N,nb22,915,1.502,0.053,2,1
10,2,27,3,N,nb23,915,-0.736,-1.54,0,0
10,2,27,3,N,nb24,915,0.25,-1.366,1,0
10,2,27,3,N,nb25,915,0.946,-1.528,3,1
10,2,27,3,N,nb26,915,1.837,1.27,1,1
10,2,27,3,N,nb27,915,-0.292,0.35,1,1
10,2,27,3,N,nb28,915,-0.131,0.295,1,1
10,2,27,3,N,nb29,915,1.239,0.044,2,1
10,2,27,3,A,aa0,915,-1.476,-0.828,2,0
10,2,27,3,A,aa1,915,-1.254,0.685,0,0
10,2,27,3,A,aa2,915,-0.262,-1.1,3,1
10,2,27,3,N,nb0,920,0.515,-0.264,1,1
10,2,27,3,N,nb1,920,0.551,-1.542,3,1
10,2,27,3,N,nb2,920,-1.444,-1.012,1,1
10,2,27,3,N,nb3,920,1.825,0.278,2,1
10,2,27,3,N,nb4,920,0.774,-1.448,3,1
10,2,27,3,N,nb5,920,-1.602,-0.942,1,1
10,2,27,3,N,nb6,920,1.82,0.109,2,1
10,2,27,3,N,nb7,920,-0.105,-0.617,1,0
10,2,27,3,N,nb8,920,1.385,0.174,2,1
10,2,27,3,N,nb9,920,0.36,-0.083,1,1
10,2,27,3,N,nb10,920,1.77,1.426,2,1
10,2,27,3,N,nb11,920,-1.667,-0.065,0,0
10,2,27,3,N,nb12,920,0.393,-1.713,1,1
10,2,27,3,N,nb13,920,0.889,-1.29,3,1
10,2,27,3,N,nb14,920,0.885,-1.726,1,1
10,2,27,3,N,nb15,920,0.756,-1.084,1,1
10,2,27,3,N,nb16,920,1.795,0.488,1,1
10,2,27,3,N,nb17,920,1.665,-0.017,2,1
10,2,27,3,N,nb18,920,-0.261,-0.682,1,0
10,2,27,3,N,nb19,920,1.866,1.568,1,1
10,2,27,3,N,nb20,920,0.483,-1.307,2,1
10,2,27,3,N,nb21,920,1.374,-0.163,1,1
10,2,27,3,N,nb22,920,1.502,0.053,2,1
10,2,27,3,N,nb23,920,-0.675,-1.619,0,0
10,2,27,3,N,nb24,920,0.316,-1.376,1,0
10,2,27,3,N,nb25,920,0.946,-1.528,3,1
10,2,27,3,N,nb26,920,1.837,1.27,1,1
10,2,27,3,N,nb27,920,-0.292,0.35,1,1
10,2,27,3,N,nb28,920,-0.131,0.295,1,1
10,2,27,3,N,nb29,920,1.239,0.044,2,0
10,2,27,3,A,aa0,920,-1.464,-0.843,2,0
10,2,27,3,A,aa1,920,-1.301,0.597,0,0
10,2,27,3,A,aa2,920,-0.201,-1.179,0,0
10,2,27,3,N,nb0,925,0.515,-0.264,1,1
10,2,27,3,N,nb1,925,0.551,-1.542,4,1
10,2,27,3,N,nb2,925,-1.444,-1.012,1,1
10,2,27,3,N,nb3,925,1.825,0.278,2,1
10,2,27,3,N,nb4,925,0.774,-1.448,3,1
10,2,27,3,N,nb5,925,-1.602,-0.942,1,1
10,2,27,3,N,nb6,925,1.82,0.109,2,1
10,2,27,3,N,nb7,925,-0.138,-0.635,1,0
10,2,27,3,N,nb8,925,1.385,0.174,2,1
10,2,27,3,N,nb9,925,0.36,-0.083,1,1
10,2,27,3,N,nb10,925,1.77,1.426,2,1
10,2,27,3,N,nb11,925,-1.662,0.035,0,0
10,2,27,3,N,nb12,925,0.393,-1.713,1,1
10,2,27,3,N,nb13,925,0.889,-1.29,3,1
10,2,27,3,N,nb14,925,0.885,-1.726,1,1
10,2,27,3,N,nb15,925,0.756,-1.084,1,1
10,2,27,3,N,nb16,925,1.795,0.488,1,1
10,2,27,3,N,nb17,925,1.665,-0.017,2,1
10,2,27,3,N,nb18,925,-0.251,-0.76,1,0
10,2,27,3,N,nb19,925,1.866,1.568,1,1
10,2,27,3,N,nb20,925,0.511,-1.305,2,1
10,2,27,3,N,nb21,925,1.374,-0.163,1,1
10,2,27,3,N,nb22,925,1.502,0.053,2,1
10,2,27,3,N,nb23,925,-0.614,-1.698,0,0
10,2,27,3,N,nb24,925,0.373,-1.404,2,0
10,2,27,3,N,nb25,925,0.946,-1.528,3,1
10,2,27,3,N,nb26,925,1.837,1.27,1,1
10,2,27,3,N,nb27,925,-0.292,0.35,1,1
10,2,27,3,N,nb28,925,-0.131,0.295,1,1
10,2,27,3,N,nb29,925,1.239,0.044,2,1
10,2,27,3,A,aa0,925,-1.46,-0.843,2,0
10,2,27,3,A,aa1,925,-1.349,0.509,0,0
10,2,27,3,A,aa2,925,-0.14,-1.258,0,0
10,2,27,3,N,nb0,930,0.515,-0.264,1,1
10,2,27,3,N,nb1,930,0.551,-1.542,4,1
10,2,27,3,N,nb2,930,-1.444,-1.012,1,1
10,2,27,3,N,nb3,930,1.825,0.278,2,1
10,2,27,3,N,nb4,930,0.774,-1.448,3,0
10,2,27,3,N,nb5,930,-1.602,-0.942,1,1
10,2,27,3,N,nb6,930,1.82,0.109,2,0
10,2,27,3,N,nb7,930,-0.153,-0.636,1,1
10,2,27,3,N,nb8,930,1.385,0.174,2,1
10,2,27,3,N,nb9,930,0.36,-0.083,1,1
10,2,27,3,N,nb10,930,1.77,1.426,2,1
10,2,27,3,N,nb11,930,-1.658,0.135,0,0
10,2,27,3,N,nb12,930,0.393,-1.713,1,1
10,2,27,3,N,nb13,930,0.889,-1.29,3,0
10,2,27,3,N,nb14,930,0.885,-1.726,1,0
10,2,27,3,N,nb15,930,0.756,-1.084,1,1
10,2,27,3,N,nb16,930,1.795,0.488,1,1
10,2,27,3,N,nb17,930,1.665,-0.017,2,0
10,2,27,3,N,nb18,930,-0.242,-0.78,1,1
10,2,27,3,N,nb19,930,1.866,1.568,1,1
10,2,27,3,N,nb20,930,0.516,-1.304,2,1
10,2,27,3,N,nb21,930,1.374,-0.163,1,1
10,2,27,3,N,nb22,930,1.502,0.053,2,0
10,2,27,3,N,nb23,930,-0.553,-1.777,0,0
10,2,27,3,N,nb24,930,0.386,-1.413,2,1
10,2,27,3,N,nb25,930,0.946,-1.528,3,0
10,2,27,3,N,nb26,930,1.837,1.27,1,1
10,2,27,3,N,nb27,930,-0.292,0.35,1,1
10,2,27,3,N,nb28,930,-0.131,0.295,1,1
10,2,27,3,N,nb29,930,1.239,0.044,2,1
10,2,27,3,A,aa0,930,-1.436,-0.842,2,0
10,2,27,3,A,aa1,930,-1.396,0.421,0,0
10,2,27,3,A,aa2,930,-0.079,-1.337,3,1
10,2,27,3,N,nb0,935,0.515,-0.264,1,1
10,2,27,3,N,nb1,935,0.555,-1.545,4,1
10,2,27,3,N,nb2,935,-1.444,-1.012,1,1
10,2,27,3,N,nb3,935,1.825,0.278,2,1
10,2,27,3,N,nb4,935,0.774,-1.448,4,1
10,2,27,3,N,nb5,935,-1.602,-0.942,1,1
10,2,27,3,N,nb6,935,1.82,0.109,2,1
10,2,27,3,N,nb7,935,-0.153,-0.636,1,1
10,2,27,3,N,nb8,935,1.385,0.174,2,1
10,2,27,3,N,nb9,935,0.36,-0.083,1,1
10,2,27,3,N,nb10,935,1.77,1.426,2,1
10,2,27,3,N,nb11,935,-1.654,0.233,0,0
10,2,27,3,N,nb12,935,0.439,-1.694,1,0
10,2,27,3,N,nb13,935,0.889,-1.29,3,1
10,2,27,3,N,nb14,935,0.885,-1.726,1,1
10,2,27,3,N,nb15,935,0.756,-1.084,1,1
10,2,27,3,N,nb16,935,1.795,0.488,1,1
10,2,27,3,N,nb17,935,1.665,-0.017,2,1
10,2,27,3,N,nb18,935,-0.216,-0.828,1,0
10,2,27,3,N,nb19,935,1.866,1.568,1,1
10,2,27,3,N,nb20,935,0.561,-1.332,3,0
10,2,27,3,N,nb21,935,1.374,-0.163,1,1
10,2,27,3,N,nb22,935,1.502,0.053,2,1
10,2,27,3,N,nb23,935,-0.495,-1.843,0,0
10,2,27,3,N,nb24,935,0.425,-1.435,2,0
10,2,27,3,N,nb25,935,0.946,-1.528,3,1
10,2,27,3,N,nb26,935,1.837,1.27,1,1
10,2,27,3,N,nb27,935,-0.292,0.35,1,1
10,2,27,3,N,nb28,935,-0.131,0.295,1,1
10,2,27,3,N,nb29,935,1.239,0.044,2,1
10,2,27,3,A,aa0,935,-1.379,-0.855,2,0
10,2,27,3,A,aa1,935,-1.442,0.335,0,0
10,2,27,3,A,aa2,935,-0.018,-1.417,0,0
10,2,27,3,N,nb0,940,0.515,-0.264,1,1
10,2,27,3,N,nb1,940,0.623,-1.558,4,1
10,2,27,3,N,nb2,940,-1.444,-1.012,1,1
10,2,27,3,N,nb3,940,1.825,0.278,2,1
10,2,27,3,N,nb4,940,0.783,-1.451,4,1
10,2,27,3,N,nb5,940,-1.602,-0.942,1,1
10,2,27,3,N,nb6,940,1.82,0.109,2,1
10,2,27,3,N,nb7,940,-0.153,-0.636,0,1
10,2,27,3,N,nb8,940,1.385,0.174,2,1
10,2,27,3,N,nb9,940,0.36,-0.083,1,1
10,2,27,3,N,nb10,940,1.77,1.426,2,1
10,2,27,3,N,nb11,940,-1.657,0.324,0,0
10,2,27,3,N,nb12,940,0.513,-1.686,2,0
10,2,27,3,N,nb13,940,0.889,-1.29,3,1
10,2,27,3,N,nb14,940,0.885,-1.726,1,1
10,2,27,3,N,nb15,940,0.756,-1.084,1,1
10,2,27,3,N,nb16,940,1.795,0.488,1,1
10,2,27,3,N,nb17,940,1.665,-0.017,2,1
10,2,27,3,N,nb18,940,-0.175,-0.915,0,0
10,2,27,3,N,nb19,940,1.866,1.568,1,1
10,2,27,3,N,nb20,940,0.631,-1.374,3,0
10,2,27,3,N,nb21,940,1.374,-0.163,1,1
10,2,27,3,N,nb22,940,1.502,0.053,2,1
10,2,27,3,N,nb23,940,-0.428,-1.866,0,0
10,2,27,3,N,nb24,940,0.481,-1.465,3,0
10,2,27,3,N,nb25,940,0.946,-1.528,3,1
10,2,27,3,N,nb26,940,1.837,1.27,1,1
10,2,27,3,N,nb27,940,-0.292,0.35,1,1
10,2,27,3,N,nb28,940,-0.131,0.295,1,1
10,2,27,3,N,nb29,940,1.239,0.044,2,1
10,2,27,3,A,aa0,940,-1.301,-0.9,2,0
10,2,27,3,A,aa1,940,-1.451,0.317,0,0
10,2,27,3,A,aa2,940,0.043,-1.496,0,0
10,2,27,3,N,nb0,945,0.515,-0.264,1,1
10,2,27,3,N,nb1,945,0.662,-1.558,4,1
10,2,27,3,N,nb2,945,-1.444,-1.012,1,1
10,2,27,3,N,nb3,945,1.825,0.278,2,1
10,2,27,3,N,nb4,945,0.795,-1.454,4,1
10,2,27,3,N,nb5,945,-1.602,-0.942,1,1
10,2,27,3,N,nb6,945,1.82,0.109,2,1
10,2,27,3,N,nb7,945,-0.153,-0.636,0,1
10,2,27,3,N,nb8,945,1.385,0.174,2,1
10,2,27,3,N,nb9,945,0.36,-0.083,1,1
10,2,27,3,N,nb10,945,1.77,1.426,2,1
10,2,27,3,N,nb11,945,-1.671,0.418,0,0
10,2,27,3,N,nb12,945,0.547,-1.683,2,1
10,2,27,3,N,nb13,945,0.889,-1.29,3,1
10,2,27,3,N,nb14,945,0.885,-1.726,1,1
10,2,27,3,N,nb15,945,0.756,-1.084,1,1
10,2,27,3,N,nb16,945,1.795,0.488,1,1
10,2,27,3,N,nb17,945,1.665,-0.017,2,1
10,2,27,3,N,nb18,945,-0.135,-1.007,0,0
10,2,27,3,N,nb19,945,1.866,1.568,1,1
10,2,27,3,N,nb20,945,0.64,-1.382,3,1
10,2,27,3,N,nb21,945,1.374,-0.163,1,1
10,2,27,3,N,nb22,945,1.502,0.053,2,1
10,2,27,3,N,nb23,945,-0.354,-1.866,0,0
10,2,27,3,N,nb24,945,0.507,-1.489,3,1
10,2,27,3,N,nb25,945,0.947,-1.528,3,1
10,2,27,3,N,nb26,945,1.837,1.27,1,1
10,2,27,3,N,nb27,945,-0.292,0.35,1,1
10,2,27,3,N,nb28,945,-0.131,0.295,1,1
10,2,27,3,N,nb29,945,1.239,0.044,2,1
10,2,27,3,A,aa0,945,-1.216,-0.942,1,0
10,2,27,3,A,aa1,945,-1.434,0.226,0,0
10,2,27,3,A,aa2,945,0.104,-1.575,2,0
10,2,27,3,N,nb0,950,0.515,-0.264,1,1
10,2,27,3,N,nb1,950,0.662,-1.558,4,0
10,2,27,3,N,nb2,950,-1.444,-1.012,1,1
10,2,27,3,N,nb3,950,1.825,0.278,2,1
10,2,27,3,N,nb4,950,0.795,-1.454,4,1
10,2,27,3,N,nb5,950,-1.602,-0.942,1,1
10,2,27,3,N,nb6,950,1.82,0.109,2,1
10,2,27,3,N,nb7,950,-0.153,-0.636,0,1
10,2,27,3,N,nb8,950,1.385,0.174,2,1
10,2,27,3,N,nb9,950,0.36,-0.083,1,1
10,2,27,3,N,nb10,950,1.77,1.426,2,1
10,2,27,3,N,nb11,950,-1.689,0.516,0,0
10,2,27,3,N,nb12,950,0.547,-1.683,2,0
10,2,27,3,N,nb13,950,0.889,-1.29,3,1
10,2,27,3,N,nb14,950,0.885,-1.726,1,1
10,2,27,3,N,nb15,950,0.756,-1.084,1,1
10,2,27,3,N,nb16,950,1.795,0.488,1,1
10,2,27,3,N,nb17,950,1.665,-0.017,2,1
10,2,27,3,N,nb18,950,-0.094,-1.098,0,0
10,2,27,3,N,nb19,950,1.866,1.568,1,1
10,2,27,3,N,nb20,950,0.64,-1.382,3,1
10,2,27,3,N,nb21,950,1.374,-0.163,1,1
10,2,27,3,N,nb22,950,1.502,0.053,2,1
10,2,27,3,N,nb23,950,-0.273,-1.866,0,0
10,2,27,3,N,nb24,950,0.507,-1.489,3,0
10,2,27,3,N,nb25,950,0.947,-1.528,3,1
10,2,27,3,N,nb26,950,1.837,1.27,1,1
10,2,27,3,N,nb27,950,-0.292,0.35,1,1
10,2,27,3,N,nb28,950,-0.131,0.295,1,1
10,2,27,3,N,nb29,950,1.239,0.044,2,1
10,2,27,3,A,aa0,950,-1.126,-0.981,1,0
10,2,27,3,A,aa1,950,-1.412,0.128,0,0
10,2,27,3,A,aa2,950,0.165,-1.654,3,1
10,2,27,3,N,nb0,955,0.515,-0.264,1,1
10,2,27,3,N,nb1,955,0.733,-1.592,6,0
10,2,27,3,N,nb2,955,-1.444,-1.012,1,1
10,2,27,3,N,nb3,955,1.825,0.278,2,1
10,2,27,3,N,nb4,955,0.808,-1.44,4,1
10,2,27,3,N,nb5,955,-1.602,-0.942,1,1
10,2,27,3,N,nb6,955,1.82,0.109,2,1
10,2,27,3,N,nb7,955,-0.153,-0.636,0,1
10,2,27,3,N,nb8,955,1.385,0.174,2,1
10,2,27,3,N,nb9,955,0.36,-0.083,1,1
10,2,27,3,N,nb10,955,1.77,1.426,2,1
10,2,27,3,N,nb11,955,-1.707,0.615,0,0
10,2,27,3,N,nb12,955,0.611,-1.709,2,0
10,2,27,3,N,nb13,955,0.889,-1.29,3,1
10,2,27,3,N,nb14,955,0.885,-1.726,2,1
10,2,27,3,N,nb15,955,0.756,-1.084,1,1
10,2,27,3,N,nb16,955,1.795,0.488,1,1
10,2,27,3,N,nb17,955,1.665,-0.017,2,1
10,2,27,3,N,nb18,955,-0.054,-1.19,0,0
10,2,27,3,N,nb19,955,1.866,1.568,1,1
10,2,27,3,N,nb20,955,0.64,-1.382,3,1
10,2,27,3,N,nb21,955,1.374,-0.163,1,1
10,2,27,3,N,nb22,955,1.502,0.053,2,1
10,2,27,3,N,nb23,955,-0.186,-1.866,0,0
10,2,27,3,N,nb24,955,0.56,-1.548,3,0
10,2,27,3,N,nb25,955,0.954,-1.528,4,1
10,2,27,3,N,nb26,955,1.837,1.27,1,1
10,2,27,3,N,nb27,955,-0.292,0.35,1,1
10,2,27,3,N,nb28,955,-0.131,0.295,1,1
10,2,27,3,N,nb29,955,1.239,0.044,2,1
10,2,27,3,A,aa0,955,-1.033,-1.019,1,0
10,2,27,3,A,aa1,955,-1.391,0.031,0,0
10,2,27,3,A,aa2,955,0.226,-1.734,0,0
10,2,27,3,N,nb0,960,0.515,-0.264,1,1
10,2,27,3,N,nb1,960,0.798,-1.61,5,1
10,2,27,3,N,nb2,960,-1.444,-1.012,1,1
10,2,27,3,N,nb3,960,1.825,0.278,2,1
10,2,27,3,N,nb4,960,0.808,-1.44,4,1
10,2,27,3,N,nb5,960,-1.602,-0.942,1,1
10,2,27,3,N,nb6,960,1.82,0.109,2,1
10,2,27,3,N,nb7,960,-0.209,-0.641,0,0
10,2,27,3,N,nb8,960,1.385,0.174,2,1
10,2,27,3,N,nb9,960,0.36,-0.083,1,1
10,2,27,3,N,nb10,960,1.77,1.426,2,1
10,2,27,3,N,nb11,960,-1.725,0.713,0,0
10,2,27,3,N,nb12,960,0.7,-1.75,3,1
10,2,27,3,N,nb13,960,0.889,-1.29,3,1
10,2,27,3,N,nb14,960,0.911,-1.736,3,1
10,2,27,3,N,nb15,960,0.756,-1.084,1,1
10,2,27,3,N,nb16,960,1.795,0.488,1,1
10,2,27,3,N,nb17,960,1.665,-0.017,2,1
10,2,27,3,N,nb18,960,-0.014,-1.281,0,0
10,2,27,3,N,nb19,960,1.866,1.568,1,1
10,2,27,3,N,nb20,960,0.64,-1.382,2,1
10,2,27,3,N,nb21,960,1.374,-0.163,1,1
10,2,27,3,N,nb22,960,1.502,0.053,2,1
10,2,27,3,N,nb23,960,-0.096,-1.866,0,0
10,2,27,3,N,nb24,960,0.603,-1.611,3,1
10,2,27,3,N,nb25,960,0.954,-1.528,4,1
10,2,27,3,N,nb26,960,1.837,1.27,1,1
10,2,27,3,N,nb27,960,-0.292,0.35,1,1
10,2,27,3,N,nb28,960,-0.131,0.295,1,1
10,2,27,3,N,nb29,960,1.239,0.044,2,1
10,2,27,3,A,aa0,960,-0.941,-1.057,1,0
10,2,27,3,A,aa1,960,-1.369,-0.067,0,0
10,2,27,3,A,aa2,960,0.284,-1.806,1,0
10,2,27,3,N,nb0,965,0.515,-0.264,1,1
10,2,27,3,N,nb1,965,0.799,-1.61,5,1
10,2,27,3,N,nb2,965,-1.444,-1.012,1,1
10,2,27,3,N,nb3,965,1.825,0.278,2,1
10,2,27,3,N,nb4,965,0.809,-1.44,4,1
10,2,27,3,N,nb5,965,-1.602,-0.942,1,1
10,2,27,3,N,nb6,965,1.82,0.109,2,1
10,2,27,3,N,nb7,965,-0.309,-0.651,0,0
10,2,27,3,N,nb8,965,1.385,0.174,2,1
10,2,27,3,N,nb9,965,0.36,-0.083,1,1
10,2,27,3,N,nb10,965,1.77,1.426,2,1
10,2,27,3,N,nb11,965,-1.742,0.811,0,0
10,2,27,3,N,nb12,965,0.716,-1.758,3,0
10,2,27,3,N,nb13,965,0.889,-1.29,3,1
10,2,27,3,N,nb14,965,0.912,-1.736,3,1
10,2,27,3,N,nb15,965,0.756,-1.084,1,1
10,2,27,3,N,nb16,965,1.795,0.488,1,1
10,2,27,3,N,nb17,965,1.665,-0.017,2,1
10,2,27,3,N,nb18,965,0.027,-1.373,0,0
10,2,27,3,N,nb19,965,1.866,1.568,1,1
10,2,27,3,N,nb20,965,0.648,-1.384,2,0
10,2,27,3,N,nb21,965,1.374,-0.163,1,1
10,2,27,3,N,nb22,965,1.502,0.053,2,1
10,2,27,3,N,nb23,965,-0.004,-1.865,0,0
10,2,27,3,N,nb24,965,0.61,-1.626,3,0
10,2,27,3,N,nb25,965,0.954,-1.528,4,1
10,2,27,3,N,nb26,965,1.837,1.27,1,1
10,2,27,3,N,nb27,965,-0.292,0.35,1,1
10,2,27,3,N,nb28,965,-0.131,0.295,1,1
10,2,27,3,N,nb29,965,1.239,0.044,2,1
10,2,27,3,A,aa0,965,-0.849,-1.096,0,0
10,2,27,3,A,aa1,965,-1.348,-0.165,0,0
10,2,27,3,A,aa2,965,0.349,-1.865,0,0
10,2,27,3,N,nb0,970,0.515,-0.264,1,1
10,2,27,3,N,nb1,970,0.799,-1.61,5,1
10,2,27,3,N,nb2,970,-1.444,-1.012,1,1
10,2,27,3,N,nb3,970,1.825,0.278,2,1
10,2,27,3,N,nb4,970,0.809,-1.44,4,1
10,2,27,3,N,nb5,970,-1.602,-0.942,1,1
10,2,27,3,N,nb6,970,1.82,0.109,2,1
10,2,27,3,N,nb7,970,-0.408,-0.66,0,0
10,2,27,3,N,nb8,970,1.385,0.174,2,1
10,2,27,3,N,nb9,970,0.36,-0.083,1,1
10,2,27,3,N,nb10,970,1.77,1.426,2,1
10,2,27,3,N,nb11,970,-1.76,0.91,0,0
10,2,27,3,N,nb12,970,0.793,-1.788,3,0
10,2,27,3,N,nb13,970,0.889,-1.29,4,1
10,2,27,3,N,nb14,970,0.957,-1.747,3,1
10,2,27,3,N,nb15,970,0.756,-1.084,1,1
10,2,27,3,N,nb16,970,1.795,0.488,1,1
10,2,27,3,N,nb17,970,1.665,-0.017,2,1
10,2,27,3,N,nb18,970,0.067,-1.464,0,0
10,2,27,3,N,nb19,970,1.866,1.568,1,1
10,2,27,3,N,nb20,970,0.655,-1.367,2,0
10,2,27,3,N,nb21,970,1.374,-0.163,1,1
10,2,27,3,N,nb22,970,1.502,0.053,2,1
10,2,27,3,N,nb23,970,0.088,-1.855,0,0
10,2,27,3,N,nb24,970,0.636,-1.71,2,0
10,2,27,3,N,nb25,970,0.954,-1.528,4,1
10,2,27,3,N,nb26,970,1.837,1.27,1,1
10,2,27,3,N,nb27,970,-0.292,0.35,1,1
10,2,27,3,N,nb28,970,-0.131,0.295,1,1
10,2,27,3,N,nb29,970,1.239,0.044,2,1
10,2,27,3,A,aa0,970,-0.756,-1.134,0,0
10,2,27,3,A,aa1,970,-1.334,-0.226,0,0
10,2,27,3,A,aa2,970,0.419,-1.865,0,0
10,2,27,3,N,nb0,975,0.515,-0.264,1,1
10,2,27,3,N,nb1,975,0.799,-1.61,4,1
10,2,27,3,N,nb2,975,-1.444,-1.012,1,1
10,2,27,3,N,nb3,975,1.825,0.278,2,1
10,2,27,3,N,nb4,975,0.809,-1.44,4,1
10,2,27,3,N,nb5,975,-1.602,-0.942,1,1
10,2,27,3,N,nb6,975,1.82,0.109,2,1
10,2,27,3,N,nb7,975,-0.508,-0.67,0,0
10,2,27,3,N,nb8,975,1.385,0.174,2,1
10,2,27,3,N,nb9,975,0.36,-0.083,1,1
10,2,27,3,N,nb10,975,1.77,1.426,2,1
10,2,27,3,N,nb11,975,-1.776,1.003,0,0
10,2,27,3,N,nb12,975,0.859,-1.813,3,1
10,2,27,3,N,nb13,975,0.889,-1.29,4,1
10,2,27,3,N,nb14,975,1.019,-1.757,2,1
10,2,27,3,N,nb15,975,0.756,-1.084,1,1
10,2,27,3,N,nb16,975,1.795,0.488,1,1
10,2,27,3,N,nb17,975,1.665,-0.017,2,1
10,2,27,3,N,nb18,975,0.107,-1.556,0,0
10,2,27,3,N,nb19,975,1.866,1.568,1,1
10,2,27,3,N,nb20,975,0.662,-1.354,2,1
10,2,27,3,N,nb21,975,1.374,-0.163,1,1
10,2,27,3,N,nb22,975,1.502,0.053,2,1
10,2,27,3,N,nb23,975,0.179,-1.835,0,0
10,2,27,3,N,nb24,975,0.649,-1.784,2,1
10,2,27,3,N,nb25,975,0.954,-1.528,4,1
10,2,27,3,N,nb26,975,1.837,1.27,1,1
10,2,27,3,N,nb27,975,-0.292,0.35,1,1
10,2,27,3,N,nb28,975,-0.131,0.295,1,1
10,2,27,3,N,nb29,975,1.239,0.044,2,1
10,2,27,3,A,aa0,975,-0.664,-1.172,0,0
10,2,27,3,A,aa1,975,-1.334,-0.226,0,0
10,2,27,3,A,aa2,975,0.497,-1.865,0,0
10,2,27,3,N,nb0,980,0.515,-0.264,1,1
10,2,27,3,N,nb1,980,0.799,-1.61,4,1
10,2,27,3,N,nb2,980,-1.444,-1.012,1,1
10,2,27,3,N,nb3,980,1.825,0.278,2,1
10,2,27,3,N,nb4,980,0.809,-1.44,4,1
10,2,27,3,N,nb5,980,-1.602,-0.942,1,1
10,2,27,3,N,nb6,980,1.82,0.109,2,1
10,2,27,3,N,nb7,980,-0.607,-0.679,0,0
10,2,27,3,N,nb8,980,1.385,0.174,2,1
10,2,27,3,N,nb9,980,0.36,-0.083,1,1
10,2,27,3,N,nb10,980,1.77,1.426,2,1
10,2,27,3,N,nb11,980,-1.782,1.095,0,0
10,2,27,3,N,nb12,980,0.859,-1.813,3,1
10,2,27,3,N,nb13,980,0.889,-1.29,4,1
10,2,27,3,N,nb14,980,1.019,-1.757,2,1
10,2,27,3,N,nb15,980,0.756,-1.084,1,1
10,2,27,3,N,nb16,980,1.795,0.488,1,1
10,2,27,3,N,nb17,980,1.665,-0.017,2,1
10,2,27,3,N,nb18,980,0.131,-1.607,1,1
10,2,27,3,N,nb19,980,1.866,1.568,1,1
10,2,27,3,N,nb20,980,0.662,-1.354,2,1
10,2,27,3,N,nb21,980,1.374,-0.163,1,1
10,2,27,3,N,nb22,980,1.502,0.053,2,1
10,2,27,3,N,nb23,980,0.236,-1.819,1,1
10,2,27,3,N,nb24,980,0.671,-1.771,2,1
10,2,27,3,N,nb25,980,0.954,-1.528,4,1
10,2,27,3,N,nb26,980,1.837,1.27,1,1
10,2,27,3,N,nb27,980,-0.292,0.35,1,1
10,2,27,3,N,nb28,980,-0.131,0.295,1,1
10,2,27,3,N,nb29,980,1.239,0.044,2,1
10,2,27,3,A,aa0,980,-0.571,-1.21,0,0
10,2,27,3,A,aa1,980,-1.259,-0.243,0,0
10,2,27,3,A,aa2,980,0.53,-1.865,4,1
10,2,27,3,N,nb0,985,0.515,-0.264,1,1
10,2,27,3,N,nb1,985,0.799,-1.61,4,1
10,2,27,3,N,nb2,985,-1.444,-1.012,1,1
10,2,27,3,N,nb3,985,1.825,0.278,2,1
10,2,27,3,N,nb4,985,0.809,-1.44,4,1
10,2,27,3,N,nb5,985,-1.602,-0.942,1,1
10,2,27,3,N,nb6,985,1.82,0.109,2,1
10,2,27,3,N,nb7,985,-0.707,-0.689,0,0
10,2,27,3,N,nb8,985,1.385,0.174,2,1
10,2,27,3,N,nb9,985,0.36,-0.083,1,1
10,2,27,3,N,nb10,985,1.77,1.426,2,0
10,2,27,3,N,nb11,985,-1.777,1.187,0,0
10,2,27,3,N,nb12,985,0.86,-1.814,3,1
10,2,27,3,N,nb13,985,0.889,-1.29,4,1
10,2,27,3,N,nb14,985,1.019,-1.758,2,1
10,2,27,3,N,nb15,985,0.756,-1.084,1,1
10,2,27,3,N,nb16,985,1.795,0.488,1,1
10,2,27,3,N,nb17,985,1.665,-0.017,2,1
10,2,27,3,N,nb18,985,0.155,-1.649,1,0
10,2,27,3,N,nb19,985,1.866,1.568,1,0
10,2,27,3,N,nb20,985,0.667,-1.348,2,0
10,2,27,3,N,nb21,985,1.374,-0.163,1,0
10,2,27,3,N,nb22,985,1.502,0.053,2,1
10,2,27,3,N,nb23,985,0.288,-1.8,1,0
10,2,27,3,N,nb24,985,0.7,-1.758,2,0
10,2,27,3,N,nb25,985,0.954,-1.528,4,1
10,2,27,3,N,nb26,985,1.837,1.27,1,1
10,2,27,3,N,nb27,985,-0.292,0.35,1,1
10,2,27,3,N,nb28,985,-0.131,0.295,1,1
10,2,27,3,N,nb29,985,1.239,0.044,2,1
10,2,27,3,A,aa0,985,-0.479,-1.249,0,0
10,2,27,3,A,aa1,985,-1.161,-0.264,0,0
10,2,27,3,A,aa2,985,0.569,-1.865,0,0
10,2,27,3,N,nb0,990,0.515,-0.264,1,1
10,2,27,3,N,nb1,990,0.799,-1.61,4,0
10,2,27,3,N,nb2,990,-1.444,-1.012,1,1
10,2,27,3,N,nb3,990,1.825,0.278,2,1
10,2,27,3,N,nb4,990,0.809,-1.44,4,1
10,2,27,3,N,nb5,990,-1.602,-0.942,1,1
10,2,27,3,N,nb6,990,1.82,0.109,2,1
10,2,27,3,N,nb7,990,-0.806,-0.698,0,0
10,2,27,3,N,nb8,990,1.385,0.174,2,1
10,2,27,3,N,nb9,990,0.36,-0.083,1,1
10,2,27,3,N,nb10,990,1.77,1.426,2,1
10,2,27,3,N,nb11,990,-1.762,1.279,0,0
10,2,27,3,N,nb12,990,0.86,-1.814,3,1
10,2,27,3,N,nb13,990,0.889,-1.29,4,1
10,2,27,3,N,nb14,990,1.019,-1.758,2,1
10,2,27,3,N,nb15,990,0.756,-1.084,1,1
10,2,27,3,N,nb16,990,1.795,0.488,1,1
10,2,27,3,N,nb17,990,1.665,-0.017,2,1
10,2,27,3,N,nb18,990,0.195,-1.726,1,0
10,2,27,3,N,nb19,990,1.866,1.568,1,1
10,2,27,3,N,nb20,990,0.672,-1.341,2,0
10,2,27,3,N,nb21,990,1.374,-0.163,1,1
10,2,27,3,N,nb22,990,1.502,0.053,2,1
10,2,27,3,N,nb23,990,0.379,-1.768,1,0
10,2,27,3,N,nb24,990,0.703,-1.75,2,0
10,2,27,3,N,nb25,990,0.954,-1.528,4,1
10,2,27,3,N,nb26,990,1.837,1.27,1,1
10,2,27,3,N,nb27,990,-0.292,0.35,1,1
10,2,27,3,N,nb28,990,-0.131,0.295,1,1
10,2,27,3,N,nb29,990,1.239,0.044,2,1
10,2,27,3,A,aa0,990,-0.387,-1.287,0,0
10,2,27,3,A,aa1,990,-1.063,-0.284,0,0
10,2,27,3,A,aa2,990,0.578,-1.865,0,0
10,2,27,3,N,nb0,995,0.515,-0.264,1,1
10,2,27,3,N,nb1,995,0.799,-1.61,4,1
10,2,27,3,N,nb2,995,-1.444,-1.012,1,1
10,2,27,3,N,nb3,995,1.825,0.278,2,1
10,2,27,3,N,nb4,995,0.809,-1.44,4,1
10,2,27,3,N,nb5,995,-1.602,-0.942,1,1
10,2,27,3,N,nb6,995,1.82,0.109,2,1
10,2,27,3,N,nb7,995,-0.906,-0.708,0,0
10,2,27,3,N,nb8,995,1.385,0.174,2,1
10,2,27,3,N,nb9,995,0.36,-0.083,1,1
10,2,27,3,N,nb10,995,1.77,1.426,2,1
10,2,27,3,N,nb11,995,-1.741,1.376,0,0
10,2,27,3,N,nb12,995,0.86,-1.814,3,1
10,2,27,3,N,nb13,995,0.889,-1.29,4,1
10,2,27,3,N,nb14,995,1.019,-1.758,2,1
10,2,27,3,N,nb15,995,0.756,-1.084,1,1
10,2,27,3,N,nb16,995,1.795,0.488,1,1
10,2,27,3,N,nb17,995,1.665,-0.017,2,1
10,2,27,3,N,nb18,995,0.208,-1.762,1,1
10,2,27,3,N,nb19,995,1.866,1.568,1,1
10,2,27,3,N,nb20,995,0.671,-1.342,2,0
10,2,27,3,N,nb21,995,1.374,-0.163,1,1
10,2,27,3,N,nb22,995,1.502,0.053,2,1
10,2,27,3,N,nb23,995,0.42,-1.755,1,0
10,2,27,3,N,nb24,995,0.703,-1.75,2,0
10,2,27,3,N,nb25,995,0.954,-1.528,4,1
10,2,27,3,N,nb26,995,1.837,1.27,1,1
10,2,27,3,N,nb27,995,-0.292,0.35,1,1
10,2,27,3,N,nb28,995,-0.131,0.295,1,1
10,2,27,3,N,nb29,995,1.239,0.044,2,1
10,2,27,3,A,aa0,995,-0.294,-1.325,0,0
10,2,27,3,A,aa1,995,-0.966,-0.305,0,0
10,2,27,3,A,aa2,995,0.579,-1.865,3,1
10,2,27,3,N,nb0,1000,0.515,-0.264,1,1
10,2,27,3,N,nb1,1000,0.8,-1.61,4,1
10,2,27,3,N,nb2,1000,-1.444,-1.012,1,1
10,2,27,3,N,nb3,1000,1.825,0.278,2,1
10,2,27,3,N,nb4,1000,0.809,-1.44,4,1
10,2,27,3,N,nb5,1000,-1.602,-0.942,1,1
10,2,27,3,N,nb6,1000,1.82,0.109,2,1
10,2,27,3,N,nb7,1000,-1.005,-0.717,0,0
10,2,27,3,N,nb8,1000,1.385,0.174,2,1
10,2,27,3,N,nb9,1000,0.36,-0.083,1,1
10,2,27,3,N,nb10,1000,1.77,1.426,2,1
10,2,27,3,N,nb11,1000,-1.719,1.474,0,0
10,2,27,3,N,nb12,1000,0.864,-1.825,3,0
10,2,27,3,N,nb13,1000,0.889,-1.29,4,1
10,2,27,3,N,nb14,1000,1.019,-1.758,2,1
10,2,27,3,N,nb15,1000,0.756,-1.084,1,1
10,2,27,3,N,nb16,1000,1.795,0.488,1,1
10,2,27,3,N,nb17,1000,1.665,-0.017,2,1
10,2,27,3,N,nb18,1000,0.208,-1.762,0,1
10,2,27,3,N,nb19,1000,1.866,1.568,1,1
10,2,27,3,N,nb20,1000,0.664,-1.352,2,0
10,2,27,3,N,nb21,1000,1.374,-0.163,1,1
10,2,27,3,N,nb22,1000,1.502,0.053,2,1
10,2,27,3,N,nb23,1000,0.479,-1.728,1,0
10,2,27,3,N,nb24,1000,0.701,-1.748,3,0
10,2,27,3,N,nb25,1000,0.954,-1.528,4,1
10,2,27,3,N,nb26,1000,1.837,1.27,1,1
10,2,27,3,N,nb27,1000,-0.292,0.35,1,1
10,2,27,3,N,nb28,1000,-0.131,0.295,1,1
10,2,27,3,N,nb29,1000,1.239,0.044,2,1
10,2,27,3,A,aa0,1000,-0.236,-1.349,0,0
10,2,27,3,A,aa1,1000,-0.868,-0.326,0,0
10,2,27,3,A,aa2,1000,0.579,-1.865,1,0
10,2,27,3,N,nb0,1005,0.515,-0.264,1,1
10,2,27,3,N,nb1,1005,0.8,-1.61,3,1
10,2,27,3,N,nb2,1005,-1.444,-1.012,1,1
10,2,27,3,N,nb3,1005,1.825,0.278,2,1
10,2,27,3,N,nb4,1005,0.809,-1.44,4,1
10,2,27,3,N,nb5,1005,-1.602,-0.942,1,1
10,2,27,3,N,nb6,1005,1.82,0.109,2,1
10,2,27,3,N,nb7,1005,-1.105,-0.727,0,0
10,2,27,3,N,nb8,1005,1.385,0.174,2,1
10,2,27,3,N,nb9,1005,0.36,-0.083,1,1
10,2,27,3,N,nb10,1005,1.77,1.426,2,1
10,2,27,3,N,nb11,1005,-1.697,1.572,0,0
10,2,27,3,N,nb12,1005,0.89,-1.865,2,0
10,2,27,3,N,nb13,1005,0.889,-1.29,3,1
10,2,27,3,N,nb14,1005,1.02,-1.757,2,1
10,2,27,3,N,nb15,1005,0.756,-1.084,1,1
10,2,27,3,N,nb16,1005,1.795,0.488,1,1
10,2,27,3,N,nb17,1005,1.665,-0.017,2,1
10,2,27,3,N,nb18,1005,0.208,-1.762,0,1
10,2,27,3,N,nb19,1005,1.866,1.568,1,1
10,2,27,3,N,nb20,1005,0.646,-1.394,1,0
10,2,27,3,N,nb21,1005,1.374,-0.163,1,1
10,2,27,3,N,nb22,1005,1.502,0.053,2,1
10,2,27,3,N,nb23,1005,0.556,-1.685,1,0
10,2,27,3,N,nb24,1005,0.709,-1.757,3,0
10,2,27,3,N,nb25,1005,0.954,-1.528,4,1
10,2,27,3,N,nb26,1005,1.837,1.27,1,1
10,2,27,3,N,nb27,1005,-0.292,0.35,1,1
10,2,27,3,N,nb28,1005,-0.131,0.295,1,1
10,2,27,3,N,nb29,1005,1.239,0.044,2,1
10,2,27,3,A,aa0,1005,-0.201,-1.338,1,0
10,2,27,3,A,aa1,1005,-0.77,-0.347,0,0
10,2,27,3,A,aa2,1005,0.578,-1.865,1,0
10,2,27,3,N,nb0,1010,0.515,-0.264,1,1
10,2,27,3,N,nb1,1010,0.8,-1.61,4,1
10,2,27,3,N,nb2,1010,-1.444,-1.012,1,1
10,2,27,3,N,nb3,1010,1.825,0.278,2,0
10,2,27,3,N,nb4,1010,0.809,-1.44,4,1
10,2,27,3,N,nb5,1010,-1.602,-0.942,1,1
10,2,27,3,N,nb6,1010,1.82,0.109,2,1
10,2,27,3,N,nb7,1010,-1.205,-0.737,0,0
10,2,27,3,N,nb8,1010,1.385,0.174,2,0
10,2,27,3,N,nb9,1010,0.36,-0.083,1,1
10,2,27,3,N,nb10,1010,1.77,1.426,2,1
10,2,27,3,N,nb11,1010,-1.675,1.669,0,0
10,2,27,3,N,nb12,1010,0.905,-1.865,2,1
10,2,27,3,N,nb13,1010,0.889,-1.29,3,1
10,2,27,3,N,nb14,1010,1.029,-1.75,2,1
10,2,27,3,N,nb15,1010,0.756,-1.084,1,1
10,2,27,3,N,nb16,1010,1.795,0.488,1,0
10,2,27,3,N,nb17,1010,1.665,-0.017,2,1
10,2,27,3,N,nb18,1010,0.208,-1.762,0,0
10,2,27,3,N,nb19,1010,1.866,1.568,1,1
10,2,27,3,N,nb20,1010,0.642,-1.409,1,1
10,2,27,3,N,nb21,1010,1.374,-0.163,1,1
10,2,27,3,N,nb22,1010,1.502,0.053,2,1
10,2,27,3,N,nb23,1010,0.573,-1.674,2,0
10,2,27,3,N,nb24,1010,0.716,-1.766,3,0
10,2,27,3,N,nb25,1010,0.954,-1.528,4,1
10,2,27,3,N,nb26,1010,1.837,1.27,1,1
10,2,27,3,N,nb27,1010,-0.292,0.35,1,1
10,2,27,3,N,nb28,1010,-0.131,0.295,1,1
10,2,27,3,N,nb29,1010,1.239,0.044,2,1
10,2,27,3,A,aa0,1010,-0.106,-1.306,1,0
10,2,27,3,A,aa1,1010,-0.672,-0.368,0,0
10,2,27,3,A,aa2,1010,0.565,-1.843,3,1
10,2,27,3,N,nb0,1015,0.515,-0.264,1,1
10,2,27,3,N,nb1,1015,0.8,-1.61,4,1
10,2,27,3,N,nb2,1015,-1.444,-1.012,1,1
10,2,27,3,N,nb3,1015,1.825,0.278,2,1
10,2,27,3,N,nb4,1015,0.809,-1.44,4,1
10,2,27,3,N,nb5,1015,-1.602,-0.942,1,1
10,2,27,3,N,nb6,1015,1.82,0.109,2,1
10,2,27,3,N,nb7,1015,-1.304,-0.746,0,0
10,2,27,3,N,nb8,1015,1.385,0.174,2,1
10,2,27,3,N,nb9,1015,0.36,-0.083,1,1
10,2,27,3,N,nb10,1015,1.77,1.426,2,1
10,2,27,3,N,nb11,1015,-1.654,1.767,0,0
10,2,27,3,N,nb12,1015,0.905,-1.865,2,1
10,2,27,3,N,nb13,1015,0.889,-1.29,3,1
10,2,27,3,N,nb14,1015,1.029,-1.75,2,1
10,2,27,3,N,nb15,1015,0.756,-1.084,1,1
10,2,27,3,N,nb16,1015,1.795,0.488,1,1
10,2,27,3,N,nb17,1015,1.665,-0.017,2,1
10,2,27,3,N,nb18,1015,0.237,-1.843,0,0
10,2,27,3,N,nb19,1015,1.866,1.568,1,1
10,2,27,3,N,nb20,1015,0.642,-1.409,2,1
10,2,27,3,N,nb21,1015,1.374,-0.163,1,1
10,2,27,3,N,nb22,1015,1.502,0.053,2,1
10,2,27,3,N,nb23,1015,0.631,-1.624,3,0
10,2,27,3,N,nb24,1015,0.718,-1.84,3,0
10,2,27,3,N,nb25,1015,0.954,-1.528,4,1
10,2,27,3,N,nb26,1015,1.837,1.27,1,1
10,2,27,3,N,nb27,1015,-0.292,0.35,1,1
10,2,27,3,N,nb28,1015,-0.131,0.295,1,1
10,2,27,3,N,nb29,1015,1.239,0.044,2,1
10,2,27,3,A,aa0,1015,-0.011,-1.275,0,0
10,2,27,3,A,aa1,1015,-0.574,-0.389,0,0
10,2,27,3,A,aa2,1015,0.548,-1.771,0,0
10,2,27,3,N,nb0,1020,0.515,-0.264,1,1
10,2,27,3,N,nb1,1020,0.801,-1.61,3,1
10,2,27,3,N,nb2,1020,-1.444,-1.012,1,1
10,2,27,3,N,nb3,1020,1.825,0.278,2,1
10,2,27,3,N,nb4,1020,0.809,-1.44,5,1
10,2,27,3,N,nb5,1020,-1.602,-0.942,1,1
10,2,27,3,N,nb6,1020,1.82,0.109,2,1
10,2,27,3,N,nb7,1020,-1.402,-0.755,0,0
10,2,27,3,N,nb8,1020,1.385,0.174,2,1
10,2,27,3,N,nb9,1020,0.36,-0.083,1,1
10,2,27,3,N,nb10,1020,1.77,1.426,2,1
10,2,27,3,N,nb11,1020,-1.628,1.849,0,0
10,2,27,3,N,nb12,1020,0.905,-1.865,2,1
10,2,27,3,N,nb13,1020,0.889,-1.29,3,1
10,2,27,3,N,nb14,1020,1.029,-1.75,2,1
10,2,27,3,N,nb15,1020,0.756,-1.084,1,1
10,2,27,3,N,nb16,1020,1.795,0.488,1,1
10,2,27,3,N,nb17,1020,1.665,-0.017,2,1
10,2,27,3,N,nb18,1020,0.277,-1.866,0,0
10,2,27,3,N,nb19,1020,1.866,1.568,1,1
10,2,27,3,N,nb20,1020,0.641,-1.392,2,1
10,2,27,3,N,nb21,1020,1.374,-0.163,1,1
10,2,27,3,N,nb22,1020,1.502,0.053,2,1
10,2,27,3,N,nb23,1020,0.638,-1.561,3,1
10,2,27,3,N,nb24,1020,0.715,-1.866,1,1
10,2,27,3,N,nb25,1020,0.954,-1.528,4,1
10,2,27,3,N,nb26,1020,1.837,1.27,1,1
10,2,27,3,N,nb27,1020,-0.292,0.35,1,1
10,2,27,3,N,nb28,1020,-0.131,0.295,1,1
10,2,27,3,N,nb29,1020,1.239,0.044,2,1
10,2,27,3,A,aa0,1020,0.084,-1.243,1,0
10,2,27,3,A,aa1,1020,-0.477,-0.41,0,0
10,2,27,3,A,aa2,1020,0.528,-1.689,2,0
10,2,27,3,N,nb0,1025,0.515,-0.264,1,1
10,2,27,3,N,nb1,1025,0.801,-1.61,3,1
10,2,27,3,N,nb2,1025,-1.444,-1.012,1,1
10,2,27,3,N,nb3,1025,1.825,0.278,2,1
10,2,27,3,N,nb4,1025,0.809,-1.44,5,1
10,2,27,3,N,nb5,1025,-1.602,-0.942,2,1
10,2,27,3,N,nb6,1025,1.82,0.109,2,1
10,2,27,3,N,nb7,1025,-1.441,-0.758,1,1
10,2,27,3,N,nb8,1025,1.385,0.174,2,1
10,2,27,3,N,nb9,1025,0.36,-0.083,1,1
10,2,27,3,N,nb10,1025,1.77,1.426,2,1
10,2,27,3,N,nb11,1025,-1.592,1.866,0,0
10,2,27,3,N,nb12,1025,0.909,-1.865,2,0
10,2,27,3,N,nb13,1025,0.889,-1.29,3,1
10,2,27,3,N,nb14,1025,1.03,-1.746,2,0
10,2,27,3,N,nb15,1025,0.756,-1.084,1,1
10,2,27,3,N,nb16,1025,1.795,0.488,1,1
10,2,27,3,N,nb17,1025,1.665,-0.017,2,1
10,2,27,3,N,nb18,1025,0.329,-1.866,0,0
10,2,27,3,N,nb19,1025,1.866,1.568,1,1
10,2,27,3,N,nb20,1025,0.641,-1.39,2,1
10,2,27,3,N,nb21,1025,1.374,-0.163,1,1
10,2,27,3,N,nb22,1025,1.502,0.053,2,1
10,2,27,3,N,nb23,1025,0.639,-1.559,3,0
10,2,27,3,N,nb24,1025,0.713,-1.866,1,0
10,2,27,3,N,nb25,1025,0.954,-1.528,4,1
10,2,27,3,N,nb26,1025,1.837,1.27,1,1
10,2,27,3,N,nb27,1025,-0.292,0.35,1,1
10,2,27,3,N,nb28,1025,-0.131,0.295,1,1
10,2,27,3,N,nb29,1025,1.239,0.044,2,1
10,2,27,3,A,aa0,1025,0.144,-1.223,1,0
10,2,27,3,A,aa1,1025,-0.379,-0.431,0,0
10,2,27,3,A,aa2,1025,0.501,-1.658,0,0
10,2,27,3,N,nb0,1030,0.515,-0.264,1,1
10,2,27,3,N,nb1,1030,0.801,-1.61,3,1
10,2,27,3,N,nb2,1030,-1.444,-1.012,1,1
10,2,27,3,N,nb3,1030,1.825,0.278,2,1
10,2,27,3,N,nb4,1030,0.809,-1.44,5,1
10,2,27,3,N,nb5,1030,-1.602,-0.942,2,1
10,2,27,3,N,nb6,1030,1.82,0.109,2,1
10,2,27,3,N,nb7,1030,-1.441,-0.758,1,1
10,2,27,3,N,nb8,1030,1.385,0.174,2,1
10,2,27,3,N,nb9,1030,0.36,-0.083,1,1
10,2,27,3,N,nb10,1030,1.77,1.426,2,1
10,2,27,3,N,nb11,1030,-1.542,1.866,0,0
10,2,27,3,N,nb12,1030,0.96,-1.865,1,0
10,2,27,3,N,nb13,1030,0.889,-1.29,3,1
10,2,27,3,N,nb14,1030,1.057,-1.726,2,0
10,2,27,3,N,nb15,1030,0.756,-1.084,1,0
10,2,27,3,N,nb16,1030,1.795,0.488,1,1
10,2,27,3,N,nb17,1030,1.665,-0.017,2,1
10,2,27,3,N,nb18,1030,0.393,-1.866,0,0
10,2,27,3,N,nb19,1030,1.866,1.568,1,1
10,2,27,3,N,nb20,1030,0.644,-1.383,2,1
10,2,27,3,N,nb21,1030,1.374,-0.163,1,1
10,2,27,3,N,nb22,1030,1.502,0.053,2,1
10,2,27,3,N,nb23,1030,0.641,-1.553,3,0
10,2,27,3,N,nb24,1030,0.694,-1.866,0,0
10,2,27,3,N,nb25,1030,0.954,-1.528,4,1
10,2,27,3,N,nb26,1030,1.837,1.27,1,1
10,2,27,3,N,nb27,1030,-0.292,0.35,1,1
10,2,27,3,N,nb28,1030,-0.131,0.295,1,1
10,2,27,3,N,nb29,1030,1.239,0.044,2,1
10,2,27,3,A,aa0,1030,0.15,-1.208,1,0
10,2,27,3,A,aa1,1030,-0.281,-0.451,0,0
10,2,27,3,A,aa2,1030,0.501,-1.658,0,0
10,2,27,3,N,nb0,1035,0.515,-0.264,1,1
10,2,27,3,N,nb1,1035,0.801,-1.61,3,1
10,2,27,3,N,nb2,1035,-1.444,-1.012,1,1
10,2,27,3,N,nb3,1035,1.825,0.278,2,1
10,2,27,3,N,nb4,1035,0.809,-1.44,5,1
10,2,27,3,N,nb5,1035,-1.602,-0.942,2,1
10,2,27,3,N,nb6,1035,1.82,0.109,2,1
10,2,27,3,N,nb7,1035,-1.441,-0.758,1,1
10,2,27,3,N,nb8,1035,1.385,0.174,2,1
10,2,27,3,N,nb9,1035,0.36,-0.083,1,1
10,2,27,3,N,nb10,1035,1.77,1.426,2,1
10,2,27,3,N,nb11,1035,-1.48,1.866,0,0
10,2,27,3,N,nb12,1035,1.021,-1.865,1,1
10,2,27,3,N,nb13,1035,0.889,-1.29,3,1
10,2,27,3,N,nb14,1035,1.095,-1.713,2,1
10,2,27,3,N,nb15,1035,0.756,-1.084,1,1
10,2,27,3,N,nb16,1035,1.795,0.488,1,1
10,2,27,3,N,nb17,1035,1.665,-0.017,2,1
10,2,27,3,N,nb18,1035,0.438,-1.866,1,1
10,2,27,3,N,nb19,1035,1.866,1.568,1,1
10,2,27,3,N,nb20,1035,0.645,-1.382,2,1
10,2,27,3,N,nb21,1035,1.374,-0.163,1,1
10,2,27,3,N,nb22,1035,1.502,0.053,2,1
10,2,27,3,N,nb23,1035,0.642,-1.551,3,1
10,2,27,3,N,nb24,1035,0.667,-1.866,1,1
10,2,27,3,N,nb25,1035,0.954,-1.528,4,1
10,2,27,3,N,nb26,1035,1.837,1.27,1,0
10,2,27,3,N,nb27,1035,-0.292,0.35,1,1
10,2,27,3,N,nb28,1035,-0.131,0.295,1,1
10,2,27,3,N,nb29,1035,1.239,0.044,2,1
10,2,27,3,A,aa0,1035,0.159,-1.186,1,0
10,2,27,3,A,aa1,1035,-0.183,-0.472,0,0
10,2,27,3,A,aa2,1035,0.408,-1.642,2,0
10,2,27,3,N,nb0,1040,0.515,-0.264,1,1
10,2,27,3,N,nb1,1040,0.801,-1.61,3,1
10,2,27,3,N,nb2,1040,-1.444,-1.012,1,1
10,2,27,3,N,nb3,1040,1.825,0.278,2,1
10,2,27,3,N,nb4,1040,0.809,-1.44,5,1
10,2,27,3,N,nb5,1040,-1.602,-0.942,2,1
10,2,27,3,N,nb6,1040,1.82,0.109,2,1
10,2,27,3,N,nb7,1040,-1.441,-0.758,1,1
10,2,27,3,N,nb8,1040,1.385,0.174,2,1
10,2,27,3,N,nb9,1040,0.36,-0.083,1,1
10,2,27,3,N,nb10,1040,1.77,1.426,2,1
10,2,27,3,N,nb11,1040,-1.408,1.866,0,0
10,2,27,3,N,nb12,1040,1.021,-1.865,1,1
10,2,27,3,N,nb13,1040,0.889,-1.29,3,1
10,2,27,3,N,nb14,1040,1.095,-1.713,2,1
10,2,27,3,N,nb15,1040,0.756,-1.084,1,1
10,2,27,3,N,nb16,1040,1.795,0.488,1,1
10,2,27,3,N,nb17,1040,1.665,-0.017,2,1
10,2,27,3,N,nb18,1040,0.465,-1.866,1,0
10,2,27,3,N,nb19,1040,1.866,1.568,1,1
10,2,27,3,N,nb20,1040,0.644,-1.384,2,0
10,2,27,3,N,nb21,1040,1.374,-0.163,1,1
10,2,27,3,N,nb22,1040,1.502,0.053,2,1
10,2,27,3,N,nb23,1040,0.641,-1.554,3,0
10,2,27,3,N,nb24,1040,0.652,-1.866,1,0
10,2,27,3,N,nb25,1040,0.954,-1.528,4,1
10,2,27,3,N,nb26,1040,1.837,1.27,1,1
10,2,27,3,N,nb27,1040,-0.292,0.35,1,1
10,2,27,3,N,nb28,1040,-0.131,0.295,1,1
10,2,27,3,N,nb29,1040,1.239,0.044,2,1
10,2,27,3,A,aa0,1040,0.148,-1.174,0,0
10,2,27,3,A,aa1,1040,-0.085,-0.493,0,0
10,2,27,3,A,aa2,1040,0.315,-1.624,0,0
10,2,27,3,N,nb0,1045,0.515,-0.264,1,1
10,2,27,3,N,nb1,1045,0.801,-1.61,3,1
10,2,27,3,N,nb2,1045,-1.444,-1.012,1,1
10,2,27,3,N,nb3,1045,1.825,0.278,2,1
10,2,27,3,N,nb4,1045,0.809,-1.44,5,1
10,2,27,3,N,nb5,1045,-1.602,-0.942,2,1
10,2,27,3,N,nb6,1045,1.82,0.109,2,1
10,2,27,3,N,nb7,1045,-1.441,-0.758,1,1
10,2,27,3,N,nb8,1045,1.385,0.174,2,1
10,2,27,3,N,nb9,1045,0.36,-0.083,1,1
10,2,27,3,N,nb10,1045,1.77,1.426,2,1
10,2,27,3,N,nb11,1045,-1.329,1.866,0,0
10,2,27,3,N,nb12,1045,1.021,-1.865,1,1
10,2,27,3,N,nb13,1045,0.889,-1.29,3,1
10,2,27,3,N,nb14,1045,1.095,-1.713,2,1
10,2,27,3,N,nb15,1045,0.756,-1.084,1,1
10,2,27,3,N,nb16,1045,1.795,0.488,1,1
10,2,27,3,N,nb17,1045,1.665,-0.017,2,1
10,2,27,3,N,nb18,1045,0.498,-1.865,1,0
10,2,27,3,N,nb19,1045,1.866,1.568,1,1
10,2,27,3,N,nb20,1045,0.638,-1.4,2,0
10,2,27,3,N,nb21,1045,1.374,-0.163,1,1
10,2,27,3,N,nb22,1045,1.502,0.053,2,1
10,2,27,3,N,nb23,1045,0.636,-1.569,3,0
10,2,27,3,N,nb24,1045,0.665,-1.866,1,0
10,2,27,3,N,nb25,1045,0.954,-1.528,4,1
10,2,27,3,N,nb26,1045,1.837,1.27,1,1
10,2,27,3,N,nb27,1045,-0.292,0.35,1,1
10,2,27,3,N,nb28,1045,-0.131,0.295,1,1
10,2,27,3,N,nb29,1045,1.239,0.044,2,1
10,2,27,3,A,aa0,1045,0.119,-1.142,0,0
10,2,27,3,A,aa1,1045,0.012,-0.514,2,0
10,2,27,3,A,aa2,1045,0.218,-1.6,0,0
10,2,27,3,N,nb0,1050,0.515,-0.264,1,1
10,2,27,3,N,nb1,1050,0.801,-1.61,3,1
10,2,27,3,N,nb2,1050,-1.444,-1.012,1,0
10,2,27,3,N,nb3,1050,1.825,0.278,2,1
10,2,27,3,N,nb4,1050,0.809,-1.44,5,1
10,2,27,3,N,nb5,1050,-1.602,-0.942,2,0
10,2,27,3,N,nb6,1050,1.82,0.109,2,1
10,2,27,3,N,nb7,1050,-1.441,-0.758,1,1
10,2,27,3,N,nb8,1050,1.385,0.174,2,1
10,2,27,3,N,nb9,1050,0.36,-0.083,1,1
10,2,27,3,N,nb10,1050,1.77,1.426,2,1
10,2,27,3,N,nb11,1050,-1.243,1.866,0,0
10,2,27,3,N,nb12,1050,1.021,-1.865,1,1
10,2,27,3,N,nb13,1050,0.889,-1.29,3,1
10,2,27,3,N,nb14,1050,1.095,-1.713,2,1
10,2,27,3,N,nb15,1050,0.756,-1.084,1,1
10,2,27,3,N,nb16,1050,1.795,0.488,1,1
10,2,27,3,N,nb17,1050,1.665,-0.017,2,1
10,2,27,3,N,nb18,1050,0.514,-1.863,1,1
10,2,27,3,N,nb19,1050,1.866,1.568,1,1
10,2,27,3,N,nb20,1050,0.635,-1.412,2,1
10,2,27,3,N,nb21,1050,1.374,-0.163,1,1
10,2,27,3,N,nb22,1050,1.502,0.053,2,1
10,2,27,3,N,nb23,1050,0.633,-1.582,3,1
10,2,27,3,N,nb24,1050,0.681,-1.866,1,1
10,2,27,3,N,nb25,1050,0.954,-1.528,4,1
10,2,27,3,N,nb26,1050,1.837,1.27,1,1
10,2,27,3,N,nb27,1050,-0.292,0.35,1,0
10,2,27,3,N,nb28,1050,-0.131,0.295,1,0
10,2,27,3,N,nb29,1050,1.239,0.044,2,1
10,2,27,3,A,aa0,1050,0.082,-1.143,0,0
10,2,27,3,A,aa1,1050,0.11,-0.535,2,0
10,2,27,3,A,aa2,1050,0.121,-1.576,2,0
10,2,27,3,N,nb0,1055,0.515,-0.264,1,0
10,2,27,3,N,nb1,1055,0.801,-1.61,3,1
10,2,27,3,N,nb2,1055,-1.444,-1.012,1,1
10,2,27,3,N,nb3,1055,1.825,0.278,2,1
10,2,27,3,N,nb4,1055,0.809,-1.44,5,1
10,2,27,3,N,nb5,1055,-1.602,-0.942,2,1
10,2,27,3,N,nb6,1055,1.82,0.109,2,1
10,2,27,3,N,nb7,1055,-1.441,-0.758,1,1
10,2,27,3,N,nb8,1055,1.385,0.174,2,1
10,2,27,3,N,nb9,1055,0.36,-0.083,1,0
10,2,27,3,N,nb10,1055,1.77,1.426,2,1
10,2,27,3,N,nb11,1055,-1.154,1.866,0,0
10,2,27,3,N,nb12,1055,1.021,-1.865,1,1
10,2,27,3,N,nb13,1055,0.889,-1.29,3,1
10,2,27,3,N,nb14,1055,1.095,-1.713,2,1
10,2,27,3,N,nb15,1055,0.756,-1.084,1,1
10,2,27,3,N,nb16,1055,1.795,0.488,1,1
10,2,27,3,N,nb17,1055,1.665,-0.017,2,1
10,2,27,3,N,nb18,1055,0.515,-1.865,1,0
10,2,27,3,N,nb19,1055,1.866,1.568,1,1
10,2,27,3,N,nb20,1055,0.635,-1.412,2,0
10,2,27,3,N,nb21,1055,1.374,-0.163,1,1
10,2,27,3,N,nb22,1055,1.502,0.053,2,1
10,2,27,3,N,nb23,1055,0.633,-1.582,3,0
10,2,27,3,N,nb24,1055,0.683,-1.866,1,1
10,2,27,3,N,nb25,1055,0.954,-1.528,4,1
10,2,27,3,N,nb26,1055,1.837,1.27,1,1
10,2,27,3,N,nb27,1055,-0.292,0.35,1,1
10,2,27,3,N,nb28,1055,-0.131,0.295,1,1
10,2,27,3,N,nb29,1055,1.239,0.044,2,1
10,2,27,3,A,aa0,1055,-0.018,-1.147,0,0
10,2,27,3,A,aa1,1055,0.208,-0.556,2,0
10,2,27,3,A,aa2,1055,0.024,-1.552,0,0
10,2,27,3,N,nb0,1060,0.515,-0.264,1,1
10,2,27,3,N,nb1,1060,0.801,-1.61,3,1
10,2,27,3,N,nb2,1060,-1.444,-1.012,1,1
10,2,27,3,N,nb3,1060,1.825,0.278,2,1
10,2,27,3,N,nb4,1060,0.809,-1.44,5,1
10,2,27,3,N,nb5,1060,-1.602,-0.942,2,1
10,2,27,3,N,nb6,1060,1.82,0.109,2,1
10,2,27,3,N,nb7,1060,-1.441,-0.758,1,1
10,2,27,3,N,nb8,1060,1.385,0.174,2,1
10,2,27,3,N,nb9,1060,0.36,-0.083,1,1
10,2,27,3,N,nb10,1060,1.77,1.426,2,1
10,2,27,3,N,nb11,1060,-1.062,1.866,0,0
10,2,27,3,N,nb12,1060,1.021,-1.865,1,1
10,2,27,3,N,nb13,1060,0.889,-1.29,3,1
10,2,27,3,N,nb14,1060,1.095,-1.713,2,1
10,2,27,3,N,nb15,1060,0.756,-1.084,1,1
10,2,27,3,N,nb16,1060,1.795,0.488,1,1
10,2,27,3,N,nb17,1060,1.665,-0.017,2,1
10,2,27,3,N,nb18,1060,0.548,-1.865,1,0
10,2,27,3,N,nb19,1060,1.866,1.568,1,1
10,2,27,3,N,nb20,1060,0.625,-1.41,2,0
10,2,27,3,N,nb21,1060,1.374,-0.163,1,1
10,2,27,3,N,nb22,1060,1.502,0.053,2,1
10,2,27,3,N,nb23,1060,0.625,-1.579,3,0
10,2,27,3,N,nb24,1060,0.716,-1.854,1,1
10,2,27,3,N,nb25,1060,0.954,-1.528,4,1
10,2,27,3,N,nb26,1060,1.837,1.27,1,1
10,2,27,3,N,nb27,1060,-0.292,0.35,1,1
10,2,27,3,N,nb28,1060,-0.131,0.295,1,1
10,2,27,3,N,nb29,1060,1.239,0.044,2,1
10,2,27,3,A,aa0,1060,-0.118,-1.151,0,0
10,2,27,3,A,aa1,1060,0.306,-0.577,2,0
10,2,27,3,A,aa2,1060,-0.073,-1.528,0,0
10,2,27,3,N,nb0,1065,0.515,-0.264,1,1
10,2,27,3,N,nb1,1065,0.801,-1.61,4,1
10,2,27,3,N,nb2,1065,-1.444,-1.012,1,1
10,2,27,3,N,nb3,1065,1.825,0.278,2,1
10,2,27,3,N,nb4,1065,0.809,-1.44,5,1
10,2,27,3,N,nb5,1065,-1.602,-0.942,2,1
10,2,27,3,N,nb6,1065,1.82,0.109,2,1
10,2,27,3,N,nb7,1065,-1.441,-0.758,1,1
10,2,27,3,N,nb8,1065,1.385,0.174,2,1
10,2,27,3,N,nb9,1065,0.36,-0.083,1,1
10,2,27,3,N,nb10,1065,1.77,1.426,2,1
10,2,27,3,N,nb11,1065,-0.97,1.858,0,0
10,2,27,3,N,nb12,1065,1.021,-1.865,1,1
10,2,27,3,N,nb13,1065,0.889,-1.29,3,1
10,2,27,3,N,nb14,1065,1.095,-1.713,2,1
10,2,27,3,N,nb15,1065,0.756,-1.084,1,1
10,2,27,3,N,nb16,1065,1.795,0.488,1,1
10,2,27,3,N,nb17,1065,1.665,-0.017,2,1
10,2,27,3,N,nb18,1065,0.58,-1.865,1,1
10,2,27,3,N,nb19,1065,1.866,1.568,1,1
10,2,27,3,N,nb20,1065,0.612,-1.407,2,1
10,2,27,3,N,nb21,1065,1.374,-0.163,1,1
10,2,27,3,N,nb22,1065,1.502,0.053,2,1
10,2,27,3,N,nb23,1065,0.614,-1.576,3,1
10,2,27,3,N,nb24,1065,0.746,-1.847,2,1
10,2,27,3,N,nb25,1065,0.954,-1.528,4,1
10,2,27,3,N,nb26,1065,1.837,1.27,1,1
10,2,27,3,N,nb27,1065,-0.292,0.35,1,1
10,2,27,3,N,nb28,1065,-0.131,0.295,1,1
10,2,27,3,N,nb29,1065,1.239,0.044,2,1
10,2,27,3,A,aa0,1065,-0.218,-1.154,0,0
10,2,27,3,A,aa1,1065,0.404,-0.598,2,0
10,2,27,3,A,aa2,1065,-0.17,-1.504,0,0
10,2,27,3,N,nb0,1070,0.496,-0.239,1,0
10,2,27,3,N,nb1,1070,0.801,-1.61,4,1
10,2,27,3,N,nb2,1070,-1.444,-1.012,1,1
10,2,27,3,N,nb3,1070,1.825,0.278,2,1
10,2,27,3,N,nb4,1070,0.809,-1.44,5,1
10,2,27,3,N,nb5,1070,-1.602,-0.942,2,1
10,2,27,3,N,nb6,1070,1.82,0.109,2,1
10,2,27,3,N,nb7,1070,-1.441,-0.758,1,1
10,2,27,3,N,nb8,1070,1.385,0.174,2,1
10,2,27,3,N,nb9,1070,0.385,-0.103,1,0
10,2,27,3,N,nb10,1070,1.77,1.426,2,1
10,2,27,3,N,nb11,1070,-0.878,1.841,0,0
10,2,27,3,N,nb12,1070,1.021,-1.865,1,1
10,2,27,3,N,nb13,1070,0.889,-1.29,3,1
10,2,27,3,N,nb14,1070,1.095,-1.713,2,1
10,2,27,3,N,nb15,1070,0.786,-1.095,1,0
10,2,27,3,N,nb16,1070,1.795,0.488,1,1
10,2,27,3,N,nb17,1070,1.665,-0.017,2,1
10,2,27,3,N,nb18,1070,0.58,-1.865,1,1
10,2,27,3,N,nb19,1070,1.866,1.568,1,1
10,2,27,3,N,nb20,1070,0.612,-1.407,2,1
10,2,27,3,N,nb21,1070,1.374,-0.163,1,1
10,2,27,3,N,nb22,1070,1.502,0.053,2,1
10,2,27,3,N,nb23,1070,0.614,-1.576,3,1
10,2,27,3,N,nb24,1070,0.746,-1.847,2,1
10,2,27,3,N,nb25,1070,0.954,-1.528,4,1
10,2,27,3,N,nb26,1070,1.837,1.27,1,1
10,2,27,3,N,nb27,1070,-0.292,0.35,1,1
10,2,27,3,N,nb28,1070,-0.131,0.295,1,1
10,2,27,3,N,nb29,1070,1.239,0.044,2,1
10,2,27,3,A,aa0,1070,-0.318,-1.158,0,0
10,2,27,3,A,aa1,1070,0.501,-0.618,0,0
10,2,27,3,A,aa2,1070,-0.268,-1.48,0,0
10,2,27,3,N,nb0,1075,0.509,-0.222,1,0
10,2,27,3,N,nb1,1075,0.801,-1.61,4,1
10,2,27,3,N,nb2,1075,-1.444,-1.012,1,1
10,2,27,3,N,nb3,1075,1.825,0.278,2,1
10,2,27,3,N,nb4,1075,0.809,-1.44,5,1
10,2,27,3,N,nb5,1075,-1.602,-0.942,2,1
10,2,27,3,N,nb6,1075,1.82,0.109,2,1
10,2,27,3,N,nb7,1075,-1.441,-0.758,1,1
10,2,27,3,N,nb8,1075,1.385,0.174,2,1
10,2,27,3,N,nb9,1075,0.404,-0.09,1,0
10,2,27,3,N,nb10,1075,1.77,1.426,2,1
10,2,27,3,N,nb11,1075,-0.789,1.815,0,0
10,2,27,3,N,nb12,1075,1.021,-1.865,1,1
10,2,27,3,N,nb13,1075,0.889,-1.29,3,1
10,2,27,3,N,nb14,1075,1.095,-1.713,2,1
10,2,27,3,N,nb15,1075,0.873,-1.117,1,0
10,2,27,3,N,nb16,1075,1.795,0.488,1,1
10,2,27,3,N,nb17,1075,1.665,-0.017,2,1
10,2,27,3,N,nb18,1075,0.58,-1.865,1,1
10,2,27,3,N,nb19,1075,1.866,1.568,1,1
10,2,27,3,N,nb20,1075,0.612,-1.407,2,1
10,2,27,3,N,nb21,1075,1.374,-0.163,1,1
10,2,27,3,N,nb22,1075,1.502,0.053,2,1
10,2,27,3,N,nb23,1075,0.614,-1.576,3,1
10,2,27,3,N,nb24,1075,0.746,-1.847,2,1
10,2,27,3,N,nb25,1075,0.954,-1.528,4,1
10,2,27,3,N,nb26,1075,1.837,1.27,1,1
10,2,27,3,N,nb27,1075,-0.292,0.35,1,1
10,2,27,3,N,nb28,1075,-0.131,0.295,1,1
10,2,27,3,N,nb29,1075,1.239,0.044,2,0
10,2,27,3,A,aa0,1075,-0.418,-1.162,0,0
10,2,27,3,A,aa1,1075,0.583,-0.636,0,0
10,2,27,3,A,aa2,1075,-0.365,-1.456,0,0
10,2,27,3,N,nb0,1080,0.524,-0.207,1,1
10,2,27,3,N,nb1,1080,0.801,-1.61,4,1
10,2,27,3,N,nb2,1080,-1.444,-1.012,1,1
10,2,27,3,N,nb3,1080,1.825,0.278,2,1
10,2,27,3,N,nb4,1080,0.809,-1.44,5,1
10,2,27,3,N,nb5,1080,-1.602,-0.942,2,1
10,2,27,3,N,nb6,1080,1.82,0.109,2,1
10,2,27,3,N,nb7,1080,-1.441,-0.758,1,1
10,2,27,3,N,nb8,1080,1.385,0.174,2,1
10,2,27,3,N,nb9,1080,0.42,-0.074,1,1
10,2,27,3,N,nb10,1080,1.77,1.426,2,1
10,2,27,3,N,nb11,1080,-0.701,1.781,0,0
10,2,27,3,N,nb12,1080,1.021,-1.865,1,1
10,2,27,3,N,nb13,1080,0.889,-1.29,3,1
10,2,27,3,N,nb14,1080,1.095,-1.713,2,1
10,2,27,3,N,nb15,1080,0.93,-1.124,1,1
10,2,27,3,N,nb16,1080,1.795,0.488,1,1
10,2,27,3,N,nb17,1080,1.665,-0.017,2,1
10,2,27,3,N,nb18,1080,0.58,-1.865,1,1
10,2,27,3,N,nb19,1080,1.866,1.568,1,1
10,2,27,3,N,nb20,1080,0.612,-1.407,2,1
10,2,27,3,N,nb21,1080,1.374,-0.163,1,1
10,2,27,3,N,nb22,1080,1.502,0.053,2,1
10,2,27,3,N,nb23,1080,0.614,-1.576,3,1
10,2,27,3,N,nb24,1080,0.746,-1.847,2,1
10,2,27,3,N,nb25,1080,0.954,-1.528,4,1
10,2,27,3,N,nb26,1080,1.837,1.27,1,1
10,2,27,3,N,nb27,1080,-0.292,0.35,1,1
10,2,27,3,N,nb28,1080,-0.131,0.295,1,1
10,2,27,3,N,nb29,1080,1.239,0.044,2,1
10,2,27,3,A,aa0,1080,-0.518,-1.166,0,0
10,2,27,3,A,aa1,1080,0.583,-0.636,2,0
10,2,27,3,A,aa2,1080,-0.462,-1.432,0,0
10,2,27,3,N,nb0,1085,0.524,-0.207,1,1
10,2,27,3,N,nb1,1085,0.801,-1.61,4,1
10,2,27,3,N,nb2,1085,-1.444,-1.012,1,1
10,2,27,3,N,nb3,1085,1.825,0.278,2,1
10,2,27,3,N,nb4,1085,0.809,-1.44,5,0
10,2,27,3,N,nb5,1085,-1.602,-0.942,2,1
10,2,27,3,N,nb6,1085,1.82,0.109,2,0
10,2,27,3,N,nb7,1085,-1.441,-0.758,1,1
10,2,27,3,N,nb8,1085,1.385,0.174,2,1
10,2,27,3,N,nb9,1085,0.42,-0.074,1,1
10,2,27,3,N,nb10,1085,1.77,1.426,2,1
10,2,27,3,N,nb11,1085,-0.613,1.739,0,0
10,2,27,3,N,nb12,1085,1.021,-1.865,1,1
10,2,27,3,N,nb13,1085,0.889,-1.29,3,0
10,2,27,3,N,nb14,1085,1.095,-1.713,2,1
10,2,27,3,N,nb15,1085,0.93,-1.124,1,1
10,2,27,3,N,nb16,1085,1.795,0.488,1,1
10,2,27,3,N,nb17,1085,1.665,-0.017,2,0
10,2,27,3,N,nb18,1085,0.58,-1.865,1,1
10,2,27,3,N,nb19,1085,1.866,1.568,1,1
10,2,27,3,N,nb20,1085,0.612,-1.407,2,1
10,2,27,3,N,nb21,1085,1.374,-0.163,1,1
10,2,27,3,N,nb22,1085,1.502,0.053,2,0
10,2,27,3,N,nb23,1085,0.614,-1.576,3,1
10,2,27,3,N,nb24,1085,0.746,-1.847,2,1
10,2,27,3,N,nb25,1085,0.954,-1.528,4,0
10,2,27,3,N,nb26,1085,1.837,1.27,1,1
10,2,27,3,N,nb27,1085,-0.292,0.35,1,1
10,2,27,3,N,nb28,1085,-0.131,0.295,1,1
10,2,27,3,N,nb29,1085,1.239,0.044,2,1
10,2,27,3,A,aa0,1085,-0.618,-1.169,0,0
10,2,27,3,A,aa1,1085,0.637,-0.582,1,0
10,2,27,3,A,aa2,1085,-0.465,-1.431,0,0
10,2,27,3,N,nb0,1090,0.524,-0.207,1,1
10,2,27,3,N,nb1,1090,0.801,-1.61,4,1
10,2,27,3,N,nb2,1090,-1.444,-1.012,1,1
10,2,27,3,N,nb3,1090,1.825,0.278,2,1
10,2,27,3,N,nb4,1090,0.809,-1.44,5,1
10,2,27,3,N,nb5,1090,-1.602,-0.942,2,1
10,2,27,3,N,nb6,1090,1.82,0.109,2,1
10,2,27,3,N,nb7,1090,-1.441,-0.758,1,1
10,2,27,3,N,nb8,1090,1.385,0.174,2,1
10,2,27,3,N,nb9,1090,0.42,-0.074,1,1
10,2,27,3,N,nb10,1090,1.77,1.426,2,1
10,2,27,3,N,nb11,1090,-0.523,1.695,0,0
10,2,27,3,N,nb12,1090,1.021,-1.865,1,1
10,2,27,3,N,nb13,1090,0.889,-1.29,3,1
10,2,27,3,N,nb14,1090,1.095,-1.713,2,1
10,2,27,3,N,nb15,1090,0.93,-1.124,1,1
10,2,27,3,N,nb16,1090,1.795,0.488,1,1
10,2,27,3,N,nb17,1090,1.665,-0.017,2,1
10,2,27,3,N,nb18,1090,0.58,-1.865,1,1
10,2,27,3,N,nb19,1090,1.866,1.568,1,1
10,2,27,3,N,nb20,1090,0.612,-1.407,2,1
10,2,27,3,N,nb21,1090,1.374,-0.163,1,1
10,2,27,3,N,nb22,1090,1.502,0.053,2,1
10,2,27,3,N,nb23,1090,0.614,-1.576,3,1
10,2,27,3,N,nb24,1090,0.746,-1.847,2,1
10,2,27,3,N,nb25,1090,0.954,-1.528,4,1
10,2,27,3,N,nb26,1090,1.837,1.27,1,1
10,2,27,3,N,nb27,1090,-0.292,0.35,1,1
10,2,27,3,N,nb28,1090,-0.131,0.295,1,1
10,2,27,3,N,nb29,1090,1.239,0.044,2,1
10,2,27,3,A,aa0,1090,-0.717,-1.173,0,0
10,2,27,3,A,aa1,1090,0.707,-0.511,1,0
10,2,27,3,A,aa2,1090,-0.488,-1.46,0,0
10,2,27,3,N,nb0,1095,0.524,-0.207,1,1
10,2,27,3,N,nb1,1095,0.801,-1.61,4,1
10,2,27,3,N,nb2,1095,-1.444,-1.012,1,1
10,2,27,3,N,nb3,1095,1.825,0.278,2,1
10,2,27,3,N,nb4,1095,0.809,-1.44,5,1
10,2,27,3,N,nb5,1095,-1.602,-0.942,2,1
10,2,27,3,N,nb6,1095,1.82,0.109,2,1
10,2,27,3,N,nb7,1095,-1.441,-0.758,1,1
10,2,27,3,N,nb8,1095,1.385,0.174,2,1
10,2,27,3,N,nb9,1095,0.42,-0.074,1,1
10,2,27,3,N,nb10,1095,1.77,1.426,2,1
10,2,27,3,N,nb11,1095,-0.434,1.65,0,0
10,2,27,3,N,nb12,1095,1.021,-1.865,1,0
10,2,27,3,N,nb13,1095,0.889,-1.29,3,1
10,2,27,3,N,nb14,1095,1.095,-1.713,2,0
10,2,27,3,N,nb15,1095,0.93,-1.124,1,1
10,2,27,3,N,nb16,1095,1.795,0.488,1,1
10,2,27,3,N,nb17,1095,1.665,-0.017,2,1
10,2,27,3,N,nb18,1095,0.58,-1.865,1,1
10,2,27,3,N,nb19,1095,1.866,1.568,1,1
10,2,27,3,N,nb20,1095,0.612,-1.407,2,1
10,2,27,3,N,nb21,1095,1.374,-0.163,1,1
10,2,27,3,N,nb22,1095,1.502,0.053,2,1
10,2,27,3,N,nb23,1095,0.614,-1.576,3,1
10,2,27,3,N,nb24,1095,0.746,-1.847,2,1
10,2,27,3,N,nb25,1095,0.954,-1.528,4,1
10,2,27,3,N,nb26,1095,1.837,1.27,1,1
10,2,27,3,N,nb27,1095,-0.292,0.35,1,1
10,2,27,3,N,nb28,1095,-0.131,0.295,1,1
10,2,27,3,N,nb29,1095,1.239,0.044,2,1
10,2,27,3,A,aa0,1095,-0.817,-1.177,0,0
10,2,27,3,A,aa1,1095,0.752,-0.466,1,0
10,2,27,3,A,aa2,1095,-0.55,-1.538,0,0
10,2,27,3,N,nb0,1100,0.524,-0.207,1,1
10,2,27,3,N,nb1,1100,0.801,-1.61,4,1
10,2,27,3,N,nb2,1100,-1.444,-1.012,1,1
10,2,27,3,N,nb3,1100,1.825,0.278,2,1
10,2,27,3,N,nb4,1100,0.809,-1.44,5,1
10,2,27,3,N,nb5,1100,-1.602,-0.942,2,1
10,2,27,3,N,nb6,1100,1.82,0.109,2,1
10,2,27,3,N,nb7,1100,-1.441,-0.758,1,1
10,2,27,3,N,nb8,1100,1.385,0.174,2,1
10,2,27,3,N,nb9,1100,0.42,-0.074,1,1
10,2,27,3,N,nb10,1100,1.77,1.426,2,1
10,2,27,3,N,nb11,1100,-0.344,1.606,0,0
10,2,27,3,N,nb12,1100,1.021,-1.865,1,1
10,2,27,3,N,nb13,1100,0.889,-1.29,3,1
10,2,27,3,N,nb14,1100,1.095,-1.713,2,1
10,2,27,3,N,nb15,1100,0.93,-1.124,1,1
10,2,27,3,N,nb16,1100,1.795,0.488,1,1
10,2,27,3,N,nb17,1100,1.665,-0.017,2,1
10,2,27,3,N,nb18,1100,0.58,-1.865,1,1
10,2,27,3,N,nb19,1100,1.866,1.568,1,1
10,2,27,3,N,nb20,1100,0.612,-1.407,2,1
10,2,27,3,N,nb21,1100,1.374,-0.163,1,1
10,2,27,3,N,nb22,1100,1.502,0.053,2,1
10,2,27,3,N,nb23,1100,0.614,-1.576,3,1
10,2,27,3,N,nb24,1100,0.746,-1.847,2,1
10,2,27,3,N,nb25,1100,0.954,-1.528,4,1
10,2,27,3,N,nb26,1100,1.837,1.27,1,1
10,2,27,3,N,nb27,1100,-0.292,0.35,1,1
10,2,27,3,N,nb28,1100,-0.131,0.295,1,1
10,2,27,3,N,nb29,1100,1.239,0.044,2,1
10,2,27,3,A,aa0,1100,-0.917,-1.18,1,0
10,2,27,3,A,aa1,1100,0.751,-0.449,1,0
10,2,27,3,A,aa2,1100,-0.612,-1.617,0,0
10,2,27,3,N,nb0,1105,0.524,-0.207,1,1
10,2,27,3,N,nb1,1105,0.801,-1.61,4,1
10,2,27,3,N,nb2,1105,-1.444,-1.012,1,1
10,2,27,3,N,nb3,1105,1.825,0.278,2,1
10,2,27,3,N,nb4,1105,0.809,-1.44,5,1
10,2,27,3,N,nb5,1105,-1.602,-0.942,2,1
10,2,27,3,N,nb6,1105,1.82,0.109,2,1
10,2,27,3,N,nb7,1105,-1.441,-0.758,1,1
10,2,27,3,N,nb8,1105,1.385,0.174,2,1
10,2,27,3,N,nb9,1105,0.42,-0.074,1,1
10,2,27,3,N,nb10,1105,1.77,1.426,2,1
10,2,27,3,N,nb11,1105,-0.254,1.562,0,0
10,2,27,3,N,nb12,1105,1.021,-1.865,1,1
10,2,27,3,N,nb13,1105,0.889,-1.29,3,1
10,2,27,3,N,nb14,1105,1.095,-1.713,2,1
10,2,27,3,N,nb15,1105,0.93,-1.124,1,1
10,2,27,3,N,nb16,1105,1.795,0.488,1,1
10,2,27,3,N,nb17,1105,1.665,-0.017,2,1
10,2,27,3,N,nb18,1105,0.58,-1.865,1,1
10,2,27,3,N,nb19,1105,1.866,1.568,1,1
10,2,27,3,N,nb20,1105,0.612,-1.407,2,1
10,2,27,3,N,nb21,1105,1.374,-0.163,1,1
10,2,27,3,N,nb22,1105,1.502,0.053,2,1
10,2,27,3,N,nb23,1105,0.614,-1.576,3,1
10,2,27,3,N,nb24,1105,0.746,-1.847,2,1
10,2,27,3,N,nb25,1105,0.954,-1.528,4,1
10,2,27,3,N,nb26,1105,1.837,1.27,1,1
10,2,27,3,N,nb27,1105,-0.292,0.35,1,1
10,2,27,3,N,nb28,1105,-0.131,0.295,1,1
10,2,27,3,N,nb29,1105,1.239,0.044,2,1
10,2,27,3,A,aa0,1105,-1.017,-1.184,1,0
10,2,27,3,A,aa1,1105,0.743,-0.349,1,0
10,2,27,3,A,aa2,1105,-0.674,-1.695,0,0
10,2,27,3,N,nb0,1110,0.524,-0.207,1,1
10,2,27,3,N,nb1,1110,0.801,-1.61,4,1
10,2,27,3,N,nb2,1110,-1.444,-1.012,1,1
10,2,27,3,N,nb3,1110,1.825,0.278,2,1
10,2,27,3,N,nb4,1110,0.809,-1.44,5,1
10,2,27,3,N,nb5,1110,-1.602,-0.942,2,1
10,2,27,3,N,nb6,1110,1.82,0.109,2,1
10,2,27,3,N,nb7,1110,-1.441,-0.758,1,1
10,2,27,3,N,nb8,1110,1.385,0.174,2,1
10,2,27,3,N,nb9,1110,0.42,-0.074,1,1
10,2,27,3,N,nb10,1110,1.77,1.426,2,1
10,2,27,3,N,nb11,1110,-0.164,1.518,0,0
10,2,27,3,N,nb12,1110,1.021,-1.865,1,1
10,2,27,3,N,nb13,1110,0.889,-1.29,3,1
10,2,27,3,N,nb14,1110,1.095,-1.713,2,1
10,2,27,3,N,nb15,1110,0.93,-1.124,1,1
10,2,27,3,N,nb16,1110,1.795,0.488,1,1
10,2,27,3,N,nb17,1110,1.665,-0.017,2,1
10,2,27,3,N,nb18,1110,0.58,-1.865,1,1
10,2,27,3,N,nb19,1110,1.866,1.568,1,1
10,2,27,3,N,nb20,1110,0.612,-1.407,2,1
10,2,27,3,N,nb21,1110,1.374,-0.163,1,1
10,2,27,3,N,nb22,1110,1.502,0.053,2,1
10,2,27,3,N,nb23,1110,0.614,-1.576,3,1
10,2,27,3,N,nb24,1110,0.746,-1.847,2,1
10,2,27,3,N,nb25,1110,0.954,-1.528,4,1
10,2,27,3,N,nb26,1110,1.837,1.27,1,1
10,2,27,3,N,nb27,1110,-0.292,0.35,1,1
10,2,27,3,N,nb28,1110,-0.131,0.295,1,1
10,2,27,3,N,nb29,1110,1.239,0.044,2,1
10,2,27,3,A,aa0,1110,-1.117,-1.188,2,0
10,2,27,3,A,aa1,1110,0.742,-0.259,1,0
10,2,27,3,A,aa2,1110,-0.736,-1.773,0,0
10,2,27,3,N,nb0,1115,0.524,-0.207,1,0
10,2,27,3,N,nb1,1115,0.801,-1.61,4,1
10,2,27,3,N,nb2,1115,-1.444,-1.012,1,1
10,2,27,3,N,nb3,1115,1.825,0.278,2,1
10,2,27,3,N,nb4,1115,0.809,-1.44,5,1
10,2,27,3,N,nb5,1115,-1.602,-0.942,2,1
10,2,27,3,N,nb6,1115,1.82,0.109,2,1
10,2,27,3,N,nb7,1115,-1.441,-0.758,1,1
10,2,27,3,N,nb8,1115,1.385,0.174,2,1
10,2,27,3,N,nb9,1115,0.42,-0.074,1,0
10,2,27,3,N,nb10,1115,1.77,1.426,2,1
10,2,27,3,N,nb11,1115,-0.075,1.474,0,0
10,2,27,3,N,nb12,1115,1.021,-1.865,1,1
10,2,27,3,N,nb13,1115,0.889,-1.29,3,1
10,2,27,3,N,nb14,1115,1.095,-1.713,2,1
10,2,27,3,N,nb15,1115,0.93,-1.124,1,1
10,2,27,3,N,nb16,1115,1.795,0.488,1,1
10,2,27,3,N,nb17,1115,1.665,-0.017,2,1
10,2,27,3,N,nb18,1115,0.58,-1.865,1,1
10,2,27,3,N,nb19,1115,1.866,1.568,1,1
10,2,27,3,N,nb20,1115,0.612,-1.407,2,1
10,2,27,3,N,nb21,1115,1.374,-0.163,1,1
10,2,27,3,N,nb22,1115,1.502,0.053,2,1
10,2,27,3,N,nb23,1115,0.614,-1.576,3,1
10,2,27,3,N,nb24,1115,0.746,-1.847,2,1
10,2,27,3,N,nb25,1115,0.954,-1.528,4,1
10,2,27,3,N,nb26,1115,1.837,1.27,1,1
10,2,27,3,N,nb27,1115,-0.292,0.35,1,1
10,2,27,3,N,nb28,1115,-0.131,0.295,1,1
10,2,27,3,N,nb29,1115,1.239,0.044,2,0
10,2,27,3,A,aa0,1115,-1.217,-1.192,2,0
10,2,27,3,A,aa1,1115,0.749,-0.183,3,1
10,2,27,3,A,aa2,1115,-0.795,-1.839,0,0
10,2,27,3,N,nb0,1120,0.549,-0.184,1,0
10,2,27,3,N,nb1,1120,0.801,-1.61,4,1
10,2,27,3,N,nb2,1120,-1.444,-1.012,1,1
10,2,27,3,N,nb3,1120,1.825,0.278,2,1
10,2,27,3,N,nb4,1120,0.809,-1.44,5,1
10,2,27,3,N,nb5,1120,-1.602,-0.942,2,1
10,2,27,3,N,nb6,1120,1.82,0.109,2,1
10,2,27,3,N,nb7,1120,-1.441,-0.758,1,1
10,2,27,3,N,nb8,1120,1.385,0.174,2,1
10,2,27,3,N,nb9,1120,0.446,-0.05,1,0
10,2,27,3,N,nb10,1120,1.77,1.426,2,1
10,2,27,3,N,nb11,1120,0.015,1.43,0,0
10,2,27,3,N,nb12,1120,1.021,-1.865,1,1
10,2,27,3,N,nb13,1120,0.889,-1.29,3,1
10,2,27,3,N,nb14,1120,1.095,-1.713,2,1
10,2,27,3,N,nb15,1120,0.93,-1.124,1,1
10,2,27,3,N,nb16,1120,1.795,0.488,1,1
10,2,27,3,N,nb17,1120,1.665,-0.017,2,1
10,2,27,3,N,nb18,1120,0.58,-1.865,1,1
10,2,27,3,N,nb19,1120,1.866,1.568,1,1
10,2,27,3,N,nb20,1120,0.612,-1.407,2,1
10,2,27,3,N,nb21,1120,1.374,-0.163,1,1
10,2,27,3,N,nb22,1120,1.502,0.053,3,1
10,2,27,3,N,nb23,1120,0.614,-1.576,3,1
10,2,27,3,N,nb24,1120,0.746,-1.847,2,1
10,2,27,3,N,nb25,1120,0.954,-1.528,4,1
10,2,27,3,N,nb26,1120,1.837,1.27,1,1
10,2,27,3,N,nb27,1120,-0.292,0.35,1,1
10,2,27,3,N,nb28,1120,-0.131,0.295,1,1
10,2,27,3,N,nb29,1120,1.3,0.027,3,0
10,2,27,3,A,aa0,1120,-1.31,-1.197,1,0
10,2,27,3,A,aa1,1120,0.749,-0.183,0,0
10,2,27,3,A,aa2,1120,-0.863,-1.866,0,0
10,2,27,3,N,nb0,1125,0.571,-0.127,1,0
10,2,27,3,N,nb1,1125,0.801,-1.61,4,1
10,2,27,3,N,nb2,1125,-1.444,-1.012,1,1
10,2,27,3,N,nb3,1125,1.825,0.278,2,1
10,2,27,3,N,nb4,1125,0.809,-1.44,5,1
10,2,27,3,N,nb5,1125,-1.602,-0.942,2,1
10,2,27,3,N,nb6,1125,1.82,0.109,2,1
10,2,27,3,N,nb7,1125,-1.441,-0.758,1,1
10,2,27,3,N,nb8,1125,1.385,0.174,2,1
10,2,27,3,N,nb9,1125,0.457,-0.002,1,0
10,2,27,3,N,nb10,1125,1.77,1.426,2,1
10,2,27,3,N,nb11,1125,0.105,1.386,0,0
10,2,27,3,N,nb12,1125,1.021,-1.865,1,1
10,2,27,3,N,nb13,1125,0.889,-1.29,3,1
10,2,27,3,N,nb14,1125,1.095,-1.713,2,1
10,2,27,3,N,nb15,1125,0.93,-1.124,1,1
10,2,27,3,N,nb16,1125,1.795,0.488,1,1
10,2,27,3,N,nb17,1125,1.665,-0.017,2,1
10,2,27,3,N,nb18,1125,0.58,-1.865,1,1
10,2,27,3,N,nb19,1125,1.866,1.568,1,1
10,2,27,3,N,nb20,1125,0.612,-1.407,2,1
10,2,27,3,N,nb21,1125,1.374,-0.163,1,1
10,2,27,3,N,nb22,1125,1.509,0.051,3,1
10,2,27,3,N,nb23,1125,0.614,-1.576,3,1
10,2,27,3,N,nb24,1125,0.746,-1.847,2,1
10,2,27,3,N,nb25,1125,0.954,-1.528,4,1
10,2,27,3,N,nb26,1125,1.837,1.27,1,1
10,2,27,3,N,nb27,1125,-0.292,0.35,1,1
10,2,27,3,N,nb28,1125,-0.131,0.295,1,1
10,2,27,3,N,nb29,1125,1.347,0.004,3,0
10,2,27,3,A,aa0,1125,-1.399,-1.213,1,0
10,2,27,3,A,aa1,1125,0.738,-0.145,0,0
10,2,27,3,A,aa2,1125,-0.937,-1.866,0,0
10,2,27,3,N,nb0,1130,0.568,-0.106,1,1
10,2,27,3,N,nb1,1130,0.801,-1.61,4,1
10,2,27,3,N,nb2,1130,-1.444,-1.012,1,1
10,2,27,3,N,nb3,1130,1.825,0.278,2,1
10,2,27,3,N,nb4,1130,0.809,-1.44,5,1
10,2,27,3,N,nb5,1130,-1.602,-0.942,2,1
10,2,27,3,N,nb6,1130,1.82,0.109,2,1
10,2,27,3,N,nb7,1130,-1.441,-0.758,1,1
10,2,27,3,N,nb8,1130,1.385,0.174,2,1
10,2,27,3,N,nb9,1130,0.449,0.015,1,1
10,2,27,3,N,nb10,1130,1.77,1.426,2,1
10,2,27,3,N,nb11,1130,0.195,1.342,0,0
10,2,27,3,N,nb12,1130,1.021,-1.865,1,1
10,2,27,3,N,nb13,1130,0.889,-1.29,3,1
10,2,27,3,N,nb14,1130,1.095,-1.713,2,1
10,2,27,3,N,nb15,1130,0.93,-1.124,1,1
10,2,27,3,N,nb16,1130,1.795,0.488,1,1
10,2,27,3,N,nb17,1130,1.665,-0.017,2,1
10,2,27,3,N,nb18,1130,0.58,-1.865,1,1
10,2,27,3,N,nb19,1130,1.866,1.568,1,1
10,2,27,3,N,nb20,1130,0.612,-1.407,2,1
10,2,27,3,N,nb21,1130,1.374,-0.163,1,1
10,2,27,3,N,nb22,1130,1.509,0.051,3,1
10,2,27,3,N,nb23,1130,0.614,-1.576,3,1
10,2,27,3,N,nb24,1130,0.746,-1.847,2,1
10,2,27,3,N,nb25,1130,0.954,-1.528,4,1
10,2,27,3,N,nb26,1130,1.837,1.27,1,1
10,2,27,3,N,nb27,1130,-0.292,0.35,1,1
10,2,27,3,N,nb28,1130,-0.131,0.295,1,1
10,2,27,3,N,nb29,1130,1.347,0.004,3,1
10,2,27,3,A,aa0,1130,-1.42,-1.219,2,0
10,2,27,3,A,aa1,1130,0.736,-0.108,1,0
10,2,27,3,A,aa2,1130,-0.988,-1.866,0,0
10,2,27,3,N,nb0,1135,0.568,-0.106,1,1
10,2,27,3,N,nb1,1135,0.801,-1.61,4,1
10,2,27,3,N,nb2,1135,-1.444,-1.012,1,1
10,2,27,3,N,nb3,1135,1.825,0.278,2,1
10,2,27,3,N,nb4,1135,0.809,-1.44,5,1
10,2,27,3,N,nb5,1135,-1.602,-0.942,2,1
10,2,27,3,N,nb6,1135,1.82,0.109,2,1
10,2,27,3,N,nb7,1135,-1.441,-0.758,1,1
10,2,27,3,N,nb8,1135,1.385,0.174,2,1
10,2,27,3,N,nb9,1135,0.449,0.015,1,1
10,2,27,3,N,nb10,1135,1.77,1.426,2,1
10,2,27,3,N,nb11,1135,0.284,1.297,0,0
10,2,27,3,N,nb12,1135,1.021,-1.865,1,1
10,2,27,3,N,nb13,1135,0.889,-1.29,3,1
10,2,27,3,N,nb14,1135,1.095,-1.713,2,1
10,2,27,3,N,nb15,1135,0.93,-1.124,1,1
10,2,27,3,N,nb16,1135,1.795,0.488,1,1
10,2,27,3,N,nb17,1135,1.665,-0.017,2,1
10,2,27,3,N,nb18,1135,0.58,-1.865,1,1
10,2,27,3,N,nb19,1135,1.866,1.568,1,1
10,2,27,3,N,nb20,1135,0.612,-1.407,2,1
10,2,27,3,N,nb21,1135,1.374,-0.163,1,1
10,2,27,3,N,nb22,1135,1.509,0.051,3,1
10,2,27,3,N,nb23,1135,0.614,-1.576,3,1
10,2,27,3,N,nb24,1135,0.746,-1.847,2,1
10,2,27,3,N,nb25,1135,0.954,-1.528,4,1
10,2,27,3,N,nb26,1135,1.837,1.27,1,1
10,2,27,3,N,nb27,1135,-0.292,0.35,1,1
10,2,27,3,N,nb28,1135,-0.131,0.295,1,1
10,2,27,3,N,nb29,1135,1.347,0.004,3,1
10,2,27,3,A,aa0,1135,-1.442,-1.269,2,0
10,2,27,3,A,aa1,1135,0.728,-0.053,2,0
10,2,27,3,A,aa2,1135,-0.988,-1.866,0,0
10,2,27,3,N,nb0,1140,0.568,-0.106,1,1
10,2,27,3,N,nb1,1140,0.801,-1.61,4,1
10,2,27,3,N,nb2,1140,-1.444,-1.012,1,1
10,2,27,3,N,nb3,1140,1.825,0.278,2,1
10,2,27,3,N,nb4,1140,0.809,-1.44,5,1
10,2,27,3,N,nb5,1140,-1.602,-0.942,2,1
10,2,27,3,N,nb6,1140,1.82,0.109,2,1
10,2,27,3,N,nb7,1140,-1.441,-0.758,1,1
10,2,27,3,N,nb8,1140,1.385,0.174,2,1
10,2,27,3,N,nb9,1140,0.449,0.015,1,1
10,2,27,3,N,nb10,1140,1.77,1.426,2,0
10,2,27,3,N,nb11,1140,0.374,1.253,0,0
10,2,27,3,N,nb12,1140,1.021,-1.865,1,1
10,2,27,3,N,nb13,1140,0.889,-1.29,3,1
10,2,27,3,N,nb14,1140,1.095,-1.713,2,1
10,2,27,3,N,nb15,1140,0.93,-1.124,1,1
10,2,27,3,N,nb16,1140,1.795,0.488,1,1
10,2,27,3,N,nb17,1140,1.665,-0.017,2,1
10,2,27,3,N,nb18,1140,0.58,-1.865,1,1
10,2,27,3,N,nb19,1140,1.866,1.568,1,0
10,2,27,3,N,nb20,1140,0.612,-1.407,2,1
10,2,27,3,N,nb21,1140,1.374,-0.163,1,0
10,2,27,3,N,nb22,1140,1.509,0.051,3,1
10,2,27,3,N,nb23,1140,0.614,-1.576,3,1
10,2,27,3,N,nb24,1140,0.746,-1.847,2,0
10,2,27,3,N,nb25,1140,0.954,-1.528,4,1
10,2,27,3,N,nb26,1140,1.837,1.27,1,1
10,2,27,3,N,nb27,1140,-0.292,0.35,1,1
10,2,27,3,N,nb28,1140,-0.131,0.295,1,1
10,2,27,3,N,nb29,1140,1.347,0.004,3,1
10,2,27,3,A,aa0,1140,-1.481,-1.361,2,0
10,2,27,3,A,aa1,1140,0.689,0.028,2,0
10,2,27,3,A,aa2,1140,-1.007,-1.866,0,0
10,2,27,3,N,nb0,1145,0.568,-0.106,1,1
10,2,27,3,N,nb1,1145,0.801,-1.61,4,0
10,2,27,3,N,nb2,1145,-1.444,-1.012,1,1
10,2,27,3,N,nb3,1145,1.825,0.278,2,1
10,2,27,3,N,nb4,1145,0.809,-1.44,5,1
10,2,27,3,N,nb5,1145,-1.602,-0.942,2,1
10,2,27,3,N,nb6,1145,1.82,0.109,2,1
10,2,27,3,N,nb7,1145,-1.441,-0.758,1,0
10,2,27,3,N,nb8,1145,1.385,0.174,2,1
10,2,27,3,N,nb9,1145,0.449,0.015,1,1
10,2,27,3,N,nb10,1145,1.77,1.426,2,1
10,2,27,3,N,nb11,1145,0.464,1.209,0,0
10,2,27,3,N,nb12,1145,1.021,-1.865,1,1
10,2,27,3,N,nb13,1145,0.889,-1.29,3,1
10,2,27,3,N,nb14,1145,1.095,-1.713,2,1
10,2,27,3,N,nb15,1145,0.93,-1.124,1,1
10,2,27,3,N,nb16,1145,1.795,0.488,1,1
10,2,27,3,N,nb17,1145,1.665,-0.017,2,1
10,2,27,3,N,nb18,1145,0.58,-1.865,1,1
10,2,27,3,N,nb19,1145,1.866,1.568,1,1
10,2,27,3,N,nb20,1145,0.612,-1.407,2,1
10,2,27,3,N,nb21,1145,1.374,-0.163,1,1
10,2,27,3,N,nb22,1145,1.509,0.051,3,1
10,2,27,3,N,nb23,1145,0.614,-1.576,3,1
10,2,27,3,N,nb24,1145,0.746,-1.847,2,1
10,2,27,3,N,nb25,1145,0.954,-1.528,4,1
10,2,27,3,N,nb26,1145,1.837,1.27,1,1
10,2,27,3,N,nb27,1145,-0.292,0.35,1,1
10,2,27,3,N,nb28,1145,-0.131,0.295,1,1
10,2,27,3,N,nb29,1145,1.347,0.004,3,1
10,2,27,3,A,aa0,1145,-1.519,-1.454,0,0
10,2,27,3,A,aa1,1145,0.658,0.099,2,0
10,2,27,3,A,aa2,1145,-1.043,-1.866,0,0
10,2,27,3,N,nb0,1150,0.568,-0.106,1,1
10,2,27,3,N,nb1,1150,0.801,-1.61,4,1
10,2,27,3,N,nb2,1150,-1.444,-1.012,1,1
10,2,27,3,N,nb3,1150,1.825,0.278,2,1
10,2,27,3,N,nb4,1150,0.809,-1.44,5,1
10,2,27,3,N,nb5,1150,-1.602,-0.942,2,1
10,2,27,3,N,nb6,1150,1.82,0.109,2,1
10,2,27,3,N,nb7,1150,-1.441,-0.758,1,1
10,2,27,3,N,nb8,1150,1.385,0.174,2,1
10,2,27,3,N,nb9,1150,0.449,0.015,1,1
10,2,27,3,N,nb10,1150,1.77,1.426,2,1
10,2,27,3,N,nb11,1150,0.554,1.165,0,0
10,2,27,3,N,nb12,1150,1.021,-1.865,1,1
10,2,27,3,N,nb13,1150,0.889,-1.29,3,1
10,2,27,3,N,nb14,1150,1.095,-1.713,2,1
10,2,27,3,N,nb15,1150,0.93,-1.124,1,1
10,2,27,3,N,nb16,1150,1.795,0.488,1,1
10,2,27,3,N,nb17,1150,1.665,-0.017,2,1
10,2,27,3,N,nb18,1150,0.58,-1.865,1,1
10,2,27,3,N,nb19,1150,1.866,1.568,1,1
10,2,27,3,N,nb20,1150,0.612,-1.407,2,1
10,2,27,3,N,nb21,1150,1.374,-0.163,1,1
10,2,27,3,N,nb22,1150,1.509,0.051,3,1
10,2,27,3,N,nb23,1150,0.614,-1.576,3,1
10,2,27,3,N,nb24,1150,0.746,-1.847,2,1
10,2,27,3,N,nb25,1150,0.954,-1.528,4,1
10,2,27,3,N,nb26,1150,1.837,1.27,1,1
10,2,27,3,N,nb27,1150,-0.292,0.35,1,1
10,2,27,3,N,nb28,1150,-0.131,0.295,1,1
10,2,27,3,N,nb29,1150,1.347,0.004,3,1
10,2,27,3,A,aa0,1150,-1.557,-1.546,1,0
10,2,27,3,A,aa1,1150,0.658,0.099,2,0
10,2,27,3,A,aa2,1150,-1.094,-1.866,0,0
10,2,27,3,N,nb0,1155,0.568,-0.106,1,1
10,2,27,3,N,nb1,1155,0.801,-1.61,4,1
10,2,27,3,N,nb2,1155,-1.444,-1.012,1,1
10,2,27,3,N,nb3,1155,1.825,0.278,2,1
10,2,27,3,N,nb4,1155,0.809,-1.44,5,1
10,2,27,3,N,nb5,1155,-1.602,-0.942,2,1
10,2,27,3,N,nb6,1155,1.82,0.109,2,1
10,2,27,3,N,nb7,1155,-1.441,-0.758,1,1
10,2,27,3,N,nb8,1155,1.385,0.174,2,1
10,2,27,3,N,nb9,1155,0.449,0.015,1,1
10,2,27,3,N,nb10,1155,1.77,1.426,2,1
10,2,27,3,N,nb11,1155,0.643,1.121,0,0
10,2,27,3,N,nb12,1155,1.021,-1.865,1,1
10,2,27,3,N,nb13,1155,0.889,-1.29,3,1
10,2,27,3,N,nb14,1155,1.095,-1.713,2,1
10,2,27,3,N,nb15,1155,0.93,-1.124,1,1
10,2,27,3,N,nb16,1155,1.795,0.488,1,1
10,2,27,3,N,nb17,1155,1.665,-0.017,2,1
10,2,27,3,N,nb18,1155,0.58,-1.865,1,0
10,2,27,3,N,nb19,1155,1.866,1.568,1,1
10,2,27,3,N,nb20,1155,0.612,-1.407,2,0
10,2,27,3,N,nb21,1155,1.374,-0.163,1,1
10,2,27,3,N,nb22,1155,1.509,0.051,3,1
10,2,27,3,N,nb23,1155,0.614,-1.576,3,0
10,2,27,3,N,nb24,1155,0.746,-1.847,2,1
10,2,27,3,N,nb25,1155,0.954,-1.528,4,1
10,2,27,3,N,nb26,1155,1.837,1.27,1,1
10,2,27,3,N,nb27,1155,-0.292,0.35,1,1
10,2,27,3,N,nb28,1155,-0.131,0.295,1,1
10,2,27,3,N,nb29,1155,1.347,0.004,3,1
10,2,27,3,A,aa0,1155,-1.574,-1.586,1,0
10,2,27,3,A,aa1,1155,0.591,0.117,2,0
10,2,27,3,A,aa2,1155,-1.157,-1.866,0,0
10,2,27,3,N,nb0,1160,0.568,-0.106,1,1
10,2,27,3,N,nb1,1160,0.801,-1.61,4,1
10,2,27,3,N,nb2,1160,-1.444,-1.012,1,1
10,2,27,3,N,nb3,1160,1.825,0.278,2,1
10,2,27,3,N,nb4,1160,0.809,-1.44,5,1
10,2,27,3,N,nb5,1160,-1.602,-0.942,2,1
10,2,27,3,N,nb6,1160,1.82,0.109,2,1
10,2,27,3,N,nb7,1160,-1.441,-0.758,1,1
10,2,27,3,N,nb8,1160,1.385,0.174,2,1
10,2,27,3,N,nb9,1160,0.433,0.009,1,1
10,2,27,3,N,nb10,1160,1.77,1.426,2,1
10,2,27,3,N,nb11,1160,0.733,1.077,0,0
10,2,27,3,N,nb12,1160,1.021,-1.865,1,1
10,2,27,3,N,nb13,1160,0.889,-1.29,3,1
10,2,27,3,N,nb14,1160,1.095,-1.713,2,1
10,2,27,3,N,nb15,1160,0.93,-1.124,1,1
10,2,27,3,N,nb16,1160,1.795,0.488,1,1
10,2,27,3,N,nb17,1160,1.665,-0.017,2,1
10,2,27,3,N,nb18,1160,0.58,-1.865,1,1
10,2,27,3,N,nb19,1160,1.866,1.568,1,1
10,2,27,3,N,nb20,1160,0.612,-1.407,2,1
10,2,27,3,N,nb21,1160,1.374,-0.163,1,1
10,2,27,3,N,nb22,1160,1.509,0.051,3,1
10,2,27,3,N,nb23,1160,0.614,-1.576,3,1
10,2,27,3,N,nb24,1160,0.746,-1.847,2,1
10,2,27,3,N,nb25,1160,0.954,-1.528,4,1
10,2,27,3,N,nb26,1160,1.837,1.27,1,1
10,2,27,3,N,nb27,1160,-0.292,0.35,1,1
10,2,27,3,N,nb28,1160,-0.131,0.295,1,1
10,2,27,3,N,nb29,1160,1.347,0.004,3,1
10,2,27,3,A,aa0,1160,-1.571,-1.683,0,0
10,2,27,3,A,aa1,1160,0.521,0.155,2,0
10,2,27,3,A,aa2,1160,-1.229,-1.866,0,0
10,2,27,3,N,nb0,1165,0.568,-0.106,1,1
10,2,27,3,N,nb1,1165,0.801,-1.61,4,1
10,2,27,3,N,nb2,1165,-1.444,-1.012,1,1
10,2,27,3,N,nb3,1165,1.825,0.278,2,0
10,2,27,3,N,nb4,1165,0.809,-1.44,5,1
10,2,27,3,N,nb5,1165,-1.602,-0.942,2,1
10,2,27,3,N,nb6,1165,1.82,0.109,2,1
10,2,27,3,N,nb7,1165,-1.441,-0.758,1,1
10,2,27,3,N,nb8,1165,1.385,0.174,2,0
10,2,27,3,N,nb9,1165,0.433,0.009,1,1
10,2,27,3,N,nb10,1165,1.77,1.426,2,1
10,2,27,3,N,nb11,1165,0.823,1.033,0,0
10,2,27,3,N,nb12,1165,1.021,-1.865,1,1
10,2,27,3,N,nb13,1165,0.889,-1.29,3,1
10,2,27,3,N,nb14,1165,1.095,-1.713,2,1
10,2,27,3,N,nb15,1165,0.93,-1.124,1,1
10,2,27,3,N,nb16,1165,1.795,0.488,1,0
10,2,27,3,N,nb17,1165,1.665,-0.017,2,1
10,2,27,3,N,nb18,1165,0.58,-1.865,1,1
10,2,27,3,N,nb19,1165,1.866,1.568,1,1
10,2,27,3,N,nb20,1165,0.612,-1.407,2,1
10,2,27,3,N,nb21,1165,1.374,-0.163,1,1
10,2,27,3,N,nb22,1165,1.509,0.051,3,1
10,2,27,3,N,nb23,1165,0.614,-1.576,3,1
10,2,27,3,N,nb24,1165,0.746,-1.847,2,1
10,2,27,3,N,nb25,1165,0.954,-1.528,4,1
10,2,27,3,N,nb26,1165,1.837,1.27,1,1
10,2,27,3,N,nb27,1165,-0.292,0.35,1,1
10,2,27,3,N,nb28,1165,-0.131,0.295,1,1
10,2,27,3,N,nb29,1165,1.347,0.004,3,1
10,2,27,3,A,aa0,1165,-1.567,-1.783,0,0
10,2,27,3,A,aa1,1165,0.439,0.2,2,0
10,2,27,3,A,aa2,1165,-1.309,-1.866,0,0
10,2,27,3,N,nb0,1170,0.568,-0.106,1,1
10,2,27,3,N,nb1,1170,0.801,-1.61,4,1
10,2,27,3,N,nb2,1170,-1.444,-1.012,1,1
10,2,27,3,N,nb3,1170,1.825,0.278,2,1
10,2,27,3,N,nb4,1170,0.809,-1.44,5,1
10,2,27,3,N,nb5,1170,-1.602,-0.942,2,1
10,2,27,3,N,nb6,1170,1.82,0.109,2,1
10,2,27,3,N,nb7,1170,-1.441,-0.758,1,1
10,2,27,3,N,nb8,1170,1.385,0.174,2,1
10,2,27,3,N,nb9,1170,0.433,0.009,1,1
10,2,27,3,N,nb10,1170,1.77,1.426,2,1
10,2,27,3,N,nb11,1170,0.912,0.988,0,0
10,2,27,3,N,nb12,1170,1.021,-1.865,1,1
10,2,27,3,N,nb13,1170,0.889,-1.29,3,1
10,2,27,3,N,nb14,1170,1.095,-1.713,2,1
10,2,27,3,N,nb15,1170,0.93,-1.124,1,0
10,2,27,3,N,nb16,1170,1.795,0.488,1,1
10,2,27,3,N,nb17,1170,1.665,-0.017,2,1
10,2,27,3,N,nb18,1170,0.58,-1.865,1,1
10,2,27,3,N,nb19,1170,1.866,1.568,1,1
10,2,27,3,N,nb20,1170,0.612,-1.407,2,1
10,2,27,3,N,nb21,1170,1.374,-0.163,1,1
10,2,27,3,N,nb22,1170,1.509,0.051,3,1
10,2,27,3,N,nb23,1170,0.614,-1.576,3,1
10,2,27,3,N,nb24,1170,0.746,-1.847,2,1
10,2,27,3,N,nb25,1170,0.954,-1.528,4,1
10,2,27,3,N,nb26,1170,1.837,1.27,1,1
10,2,27,3,N,nb27,1170,-0.292,0.35,1,1
10,2,27,3,N,nb28,1170,-0.131,0.295,1,1
10,2,27,3,N,nb29,1170,1.347,0.004,3,1
10,2,27,3,A,aa0,1170,-1.565,-1.865,0,0
10,2,27,3,A,aa1,1170,0.36,0.253,2,0
10,2,27,3,A,aa2,1170,-1.394,-1.866,0,0
10,2,27,3,N,nb0,1175,0.568,-0.106,1,1
10,2,27,3,N,nb1,1175,0.801,-1.61,4,1
10,2,27,3,N,nb2,1175,-1.444,-1.012,1,1
10,2,27,3,N,nb3,1175,1.825,0.278,2,1
10,2,27,3,N,nb4,1175,0.809,-1.44,5,1
10,2,27,3,N,nb5,1175,-1.602,-0.942,2,1
10,2,27,3,N,nb6,1175,1.82,0.109,2,1
10,2,27,3,N,nb7,1175,-1.441,-0.758,1,1
10,2,27,3,N,nb8,1175,1.385,0.174,2,1
10,2,27,3,N,nb9,1175,0.433,0.009,1,1
10,2,27,3,N,nb10,1175,1.77,1.426,2,1
10,2,27,3,N,nb11,1175,1.002,0.944,0,0
10,2,27,3,N,nb12,1175,1.021,-1.865,1,1
10,2,27,3,N,nb13,1175,0.889,-1.29,3,1
10,2,27,3,N,nb14,1175,1.095,-1.713,2,1
10,2,27,3,N,nb15,1175,0.93,-1.124,1,1
10,2,27,3,N,nb16,1175,1.795,0.488,1,1
10,2,27,3,N,nb17,1175,1.665,-0.017,2,1
10,2,27,3,N,nb18,1175,0.58,-1.865,1,1
10,2,27,3,N,nb19,1175,1.866,1.568,1,1
10,2,27,3,N,nb20,1175,0.612,-1.407,2,1
10,2,27,3,N,nb21,1175,1.374,-0.163,1,1
10,2,27,3,N,nb22,1175,1.509,0.051,3,1
10,2,27,3,N,nb23,1175,0.614,-1.576,3,1
10,2,27,3,N,nb24,1175,0.746,-1.847,2,1
10,2,27,3,N,nb25,1175,0.954,-1.528,4,1
10,2,27,3,N,nb26,1175,1.837,1.27,1,1
10,2,27,3,N,nb27,1175,-0.292,0.35,1,1
10,2,27,3,N,nb28,1175,-0.131,0.295,1,1
10,2,27,3,N,nb29,1175,1.347,0.004,3,1
10,2,27,3,A,aa0,1175,-1.619,-1.865,0,0
10,2,27,3,A,aa1,1175,0.28,0.312,2,0
10,2,27,3,A,aa2,1175,-1.45,-1.857,0,0
10,2,27,3,N,nb0,1180,0.568,-0.106,1,1
10,2,27,3,N,nb1,1180,0.801,-1.61,4,1
10,2,27,3,N,nb2,1180,-1.444,-1.012,1,1
10,2,27,3,N,nb3,1180,1.825,0.278,2,1
10,2,27,3,N,nb4,1180,0.809,-1.44,5,1
10,2,27,3,N,nb5,1180,-1.602,-0.942,2,1
10,2,27,3,N,nb6,1180,1.82,0.109,2,1
10,2,27,3,N,nb7,1180,-1.441,-0.758,1,1
10,2,27,3,N,nb8,1180,1.385,0.174,2,1
10,2,27,3,N,nb9,1180,0.433,0.009,1,1
10,2,27,3,N,nb10,1180,1.77,1.426,2,1
10,2,27,3,N,nb11,1180,1.092,0.9,0,0
10,2,27,3,N,nb12,1180,1.021,-1.865,1,1
10,2,27,3,N,nb13,1180,0.889,-1.29,3,1
10,2,27,3,N,nb14,1180,1.095,-1.713,2,1
10,2,27,3,N,nb15,1180,0.93,-1.124,1,1
10,2,27,3,N,nb16,1180,1.795,0.488,1,1
10,2,27,3,N,nb17,1180,1.665,-0.017,2,1
10,2,27,3,N,nb18,1180,0.58,-1.865,1,1
10,2,27,3,N,nb19,1180,1.866,1.568,1,1
10,2,27,3,N,nb20,1180,0.612,-1.407,2,1
10,2,27,3,N,nb21,1180,1.374,-0.163,1,1
10,2,27,3,N,nb22,1180,1.509,0.051,3,1
10,2,27,3,N,nb23,1180,0.614,-1.576,3,1
10,2,27,3,N,nb24,1180,0.746,-1.847,2,1
10,2,27,3,N,nb25,1180,0.954,-1.528,4,1
10,2,27,3,N,nb26,1180,1.837,1.27,1,1
10,2,27,3,N,nb27,1180,-0.292,0.35,1,1
10,2,27,3,N,nb28,1180,-0.131,0.295,1,1
10,2,27,3,N,nb29,1180,1.347,0.004,3,1
10,2,27,3,A,aa0,1180,-1.637,-1.865,0,0
10,2,27,3,A,aa1,1180,0.2,0.371,2,0
10,2,27,3,A,aa2,1180,-1.472,-1.827,0,0
10,2,27,3,N,nb0,1185,0.568,-0.106,1,1
10,2,27,3,N,nb1,1185,0.801,-1.61,4,1
10,2,27,3,N,nb2,1185,-1.444,-1.012,1,1
10,2,27,3,N,nb3,1185,1.825,0.278,2,1
10,2,27,3,N,nb4,1185,0.809,-1.44,5,1
10,2,27,3,N,nb5,1185,-1.602,-0.942,2,1
10,2,27,3,N,nb6,1185,1.82,0.109,2,1
10,2,27,3,N,nb7,1185,-1.441,-0.758,1,1
10,2,27,3,N,nb8,1185,1.385,0.174,2,1
10,2,27,3,N,nb9,1185,0.433,0.009,1,1
10,2,27,3,N,nb10,1185,1.77,1.426,2,1
10,2,27,3,N,nb11,1185,1.182,0.856,0,0
10,2,27,3,N,nb12,1185,1.021,-1.865,1,1
10,2,27,3,N,nb13,1185,0.889,-1.29,3,1
10,2,27,3,N,nb14,1185,1.095,-1.713,2,1
10,2,27,3,N,nb15,1185,0.93,-1.124,1,1
10,2,27,3,N,nb16,1185,1.795,0.488,1,1
10,2,27,3,N,nb17,1185,1.665,-0.017,2,1
10,2,27,3,N,nb18,1185,0.58,-1.865,1,1
10,2,27,3,N,nb19,1185,1.866,1.568,1,1
10,2,27,3,N,nb20,1185,0.612,-1.407,2,1
10,2,27,3,N,nb21,1185,1.374,-0.163,1,1
10,2,27,3,N,nb22,1185,1.509,0.051,3,1
10,2,27,3,N,nb23,1185,0.614,-1.576,3,1
10,2,27,3,N,nb24,1185,0.746,-1.847,2,1
10,2,27,3,N,nb25,1185,0.954,-1.528,4,1
10,2,27,3,N,nb26,1185,1.837,1.27,1,1
10,2,27,3,N,nb27,1185,-0.292,0.35,1,1
10,2,27,3,N,nb28,1185,-0.131,0.295,1,1
10,2,27,3,N,nb29,1185,1.347,0.004,3,1
10,2,27,3,A,aa0,1185,-1.669,-1.865,0,0
10,2,27,3,A,aa1,1185,0.119,0.43,2,0
10,2,27,3,A,aa2,1185,-1.506,-1.822,0,0
10,2,27,3,N,nb0,1190,0.575,-0.108,1,1
10,2,27,3,N,nb1,1190,0.801,-1.61,4,1
10,2,27,3,N,nb2,1190,-1.444,-1.012,1,1
10,2,27,3,N,nb3,1190,1.825,0.278,2,1
10,2,27,3,N,nb4,1190,0.809,-1.44,5,1
10,2,27,3,N,nb5,1190,-1.602,-0.942,2,1
10,2,27,3,N,nb6,1190,1.82,0.109,2,1
10,2,27,3,N,nb7,1190,-1.441,-0.758,1,1
10,2,27,3,N,nb8,1190,1.385,0.174,2,1
10,2,27,3,N,nb9,1190,0.458,0.013,1,0
10,2,27,3,N,nb10,1190,1.77,1.426,2,1
10,2,27,3,N,nb11,1190,1.271,0.812,0,0
10,2,27,3,N,nb12,1190,1.021,-1.865,1,1
10,2,27,3,N,nb13,1190,0.889,-1.29,3,1
10,2,27,3,N,nb14,1190,1.095,-1.713,2,1
10,2,27,3,N,nb15,1190,0.93,-1.124,1,1
10,2,27,3,N,nb16,1190,1.795,0.488,1,1
10,2,27,3,N,nb17,1190,1.665,-0.017,2,1
10,2,27,3,N,nb18,1190,0.58,-1.865,1,1
10,2,27,3,N,nb19,1190,1.866,1.568,1,1
10,2,27,3,N,nb20,1190,0.612,-1.407,2,1
10,2,27,3,N,nb21,1190,1.374,-0.163,1,1
10,2,27,3,N,nb22,1190,1.509,0.051,3,1
10,2,27,3,N,nb23,1190,0.614,-1.576,3,1
10,2,27,3,N,nb24,1190,0.746,-1.847,2,1
10,2,27,3,N,nb25,1190,0.954,-1.528,4,1
10,2,27,3,N,nb26,1190,1.837,1.27,1,0
10,2,27,3,N,nb27,1190,-0.287,0.328,1,0
10,2,27,3,N,nb28,1190,-0.128,0.269,1,0
10,2,27,3,N,nb29,1190,1.347,0.004,3,1
10,2,27,3,A,aa0,1190,-1.693,-1.865,0,0
10,2,27,3,A,aa1,1190,0.042,0.488,0,0
10,2,27,3,A,aa2,1190,-1.529,-1.823,0,0
10,2,27,3,N,nb0,1195,0.595,-0.119,1,1
10,2,27,3,N,nb1,1195,0.801,-1.61,4,1
10,2,27,3,N,nb2,1195,-1.444,-1.012,1,1
10,2,27,3,N,nb3,1195,1.825,0.278,2,1
10,2,27,3,N,nb4,1195,0.809,-1.44,5,1
10,2,27,3,N,nb5,1195,-1.602,-0.942,2,1
10,2,27,3,N,nb6,1195,1.82,0.109,2,1
10,2,27,3,N,nb7,1195,-1.441,-0.758,1,1
10,2,27,3,N,nb8,1195,1.385,0.174,2,1
10,2,27,3,N,nb9,1195,0.529,0.037,1,0
10,2,27,3,N,nb10,1195,1.77,1.426,2,1
10,2,27,3,N,nb11,1195,1.361,0.768,0,0
10,2,27,3,N,nb12,1195,1.021,-1.865,1,1
10,2,27,3,N,nb13,1195,0.889,-1.29,3,1
10,2,27,3,N,nb14,1195,1.095,-1.713,2,1
10,2,27,3,N,nb15,1195,0.93,-1.124,1,1
10,2,27,3,N,nb16,1195,1.795,0.488,1,1
10,2,27,3,N,nb17,1195,1.665,-0.017,2,1
10,2,27,3,N,nb18,1195,0.58,-1.865,1,1
10,2,27,3,N,nb19,1195,1.866,1.568,1,1
10,2,27,3,N,nb20,1195,0.612,-1.407,2,1
10,2,27,3,N,nb21,1195,1.374,-0.163,1,1
10,2,27,3,N,nb22,1195,1.509,0.051,3,1
10,2,27,3,N,nb23,1195,0.614,-1.576,3,1
10,2,27,3,N,nb24,1195,0.746,-1.847,2,1
10,2,27,3,N,nb25,1195,0.954,-1.528,4,1
10,2,27,3,N,nb26,1195,1.837,1.27,1,1
10,2,27,3,N,nb27,1195,-0.274,0.261,1,0
10,2,27,3,N,nb28,1195,-0.121,0.189,1,0
10,2,27,3,N,nb29,1195,1.347,0.004,3,1
10,2,27,3,A,aa0,1195,-1.732,-1.865,0,0
10,2,27,3,A,aa1,1195,-0.036,0.551,0,0
10,2,27,3,A,aa2,1195,-1.569,-1.823,0,0
10,2,27,3,N,nb0,1200,0.597,-0.12,1,1
10,2,27,3,N,nb1,1200,0.801,-1.61,4,1
10,2,27,3,N,nb2,1200,-1.444,-1.012,1,1
10,2,27,3,N,nb3,1200,1.825,0.278,2,1
10,2,27,3,N,nb4,1200,0.809,-1.44,5,1
10,2,27,3,N,nb5,1200,-1.602,-0.942,2,1
10,2,27,3,N,nb6,1200,1.82,0.109,2,1
10,2,27,3,N,nb7,1200,-1.441,-0.758,1,1
10,2,27,3,N,nb8,1200,1.385,0.174,2,1
10,2,27,3,N,nb9,1200,0.585,0.054,1,1
10,2,27,3,N,nb10,1200,1.77,1.426,2,1
10,2,27,3,N,nb11,1200,1.451,0.724,0,0
10,2,27,3,N,nb12,1200,1.021,-1.865,1,1
10,2,27,3,N,nb13,1200,0.889,-1.29,3,1
10,2,27,3,N,nb14,1200,1.095,-1.713,2,1
10,2,27,3,N,nb15,1200,0.93,-1.124,1,1
10,2,27,3,N,nb16,1200,1.795,0.488,1,1
10,2,27,3,N,nb17,1200,1.665,-0.017,2,1
10,2,27,3,N,nb18,1200,0.58,-1.865,1,1
10,2,27,3,N,nb19,1200,1.866,1.568,1,1
10,2,27,3,N,nb20,1200,0.612,-1.407,2,1
10,2,27,3,N,nb21,1200,1.374,-0.163,1,1
10,2,27,3,N,nb22,1200,1.509,0.051,3,1
10,2,27,3,N,nb23,1200,0.614,-1.576,3,1
10,2,27,3,N,nb24,1200,0.746,-1.847,2,1
10,2,27,3,N,nb25,1200,0.954,-1.528,4,1
10,2,27,3,N,nb26,1200,1.837,1.27,1,1
10,2,27,3,N,nb27,1200,-0.265,0.216,1,1
10,2,27,3,N,nb28,1200,-0.116,0.134,1,1
10,2,27,3,N,nb29,1200,1.347,0.004,3,1
10,2,27,3,A,aa0,1200,-1.773,-1.855,0,0
10,2,27,3,A,aa1,1200,-0.113,0.615,2,0
10,2,27,3,A,aa2,1200,-1.61,-1.813,0,0
10,2,27,3,N,nb0,1205,0.597,-0.12,1,1
10,2,27,3,N,nb1,1205,0.801,-1.61,4,1
10,2,27,3,N,nb2,1205,-1.444,-1.012,1,0
10,2,27,3,N,nb3,1205,1.825,0.278,2,1
10,2,27,3,N,nb4,1205,0.809,-1.44,5,1
10,2,27,3,N,nb5,1205,-1.602,-0.942,2,0
10,2,27,3,N,nb6,1205,1.82,0.109,2,1
10,2,27,3,N,nb7,1205,-1.441,-0.758,1,1
10,2,27,3,N,nb8,1205,1.385,0.174,2,1
10,2,27,3,N,nb9,1205,0.585,0.054,1,1
10,2,27,3,N,nb10,1205,1.77,1.426,2,1
10,2,27,3,N,nb11,1205,1.541,0.68,0,0
10,2,27,3,N,nb12,1205,1.021,-1.865,1,1
10,2,27,3,N,nb13,1205,0.889,-1.29,3,1
10,2,27,3,N,nb14,1205,1.095,-1.713,2,1
10,2,27,3,N,nb15,1205,0.93,-1.124,1,1
10,2,27,3,N,nb16,1205,1.795,0.488,1,1
10,2,27,3,N,nb17,1205,1.665,-0.017,2,1
10,2,27,3,N,nb18,1205,0.58,-1.865,1,1
10,2,27,3,N,nb19,1205,1.866,1.568,1,1
10,2,27,3,N,nb20,1205,0.612,-1.407,2,1
10,2,27,3,N,nb21,1205,1.374,-0.163,1,1
10,2,27,3,N,nb22,1205,1.509,0.051,3,1
10,2,27,3,N,nb23,1205,0.614,-1.576,3,1
10,2,27,3,N,nb24,1205,0.746,-1.847,2,1
10,2,27,3,N,nb25,1205,0.954,-1.528,4,1
10,2,27,3,N,nb26,1205,1.837,1.27,1,1
10,2,27,3,N,nb27,1205,-0.265,0.216,1,1
10,2,27,3,N,nb28,1205,-0.116,0.134,1,1
10,2,27,3,N,nb29,1205,1.347,0.004,3,1
10,2,27,3,A,aa0,1205,-1.811,-1.832,0,0
10,2,27,3,A,aa1,1205,-0.191,0.678,2,0
10,2,27,3,A,aa2,1205,-1.648,-1.789,0,0
10,2,27,3,N,nb0,1210,0.597,-0.12,1,1
10,2,27,3,N,nb1,1210,0.801,-1.61,4,1
10,2,27,3,N,nb2,1210,-1.444,-1.012,1,1
10,2,27,3,N,nb3,1210,1.825,0.278,2,1
10,2,27,3,N,nb4,1210,0.809,-1.44,5,1
10,2,27,3,N,nb5,1210,-1.602,-0.942,2,1
10,2,27,3,N,nb6,1210,1.82,0.109,2,1
10,2,27,3,N,nb7,1210,-1.441,-0.758,1,1
10,2,27,3,N,nb8,1210,1.385,0.174,2,1
10,2,27,3,N,nb9,1210,0.585,0.054,1,1
10,2,27,3,N,nb10,1210,1.77,1.426,2,1
10,2,27,3,N,nb11,1210,1.612,0.644,1,1
10,2,27,3,N,nb12,1210,1.021,-1.865,1,1
10,2,27,3,N,nb13,1210,0.889,-1.29,3,1
10,2,27,3,N,nb14,1210,1.095,-1.713,2,1
10,2,27,3,N,nb15,1210,0.93,-1.124,1,1
10,2,27,3,N,nb16,1210,1.795,0.488,2,1
10,2,27,3,N,nb17,1210,1.665,-0.017,2,1
10,2,27,3,N,nb18,1210,0.58,-1.865,1,1
10,2,27,3,N,nb19,1210,1.866,1.568,1,1
10,2,27,3,N,nb20,1210,0.612,-1.407,2,1
10,2,27,3,N,nb21,1210,1.374,-0.163,1,1
10,2,27,3,N,nb22,1210,1.509,0.051,3,1
10,2,27,3,N,nb23,1210,0.614,-1.576,3,1
10,2,27,3,N,nb24,1210,0.746,-1.847,2,1
10,2,27,3,N,nb25,1210,0.954,-1.528,4,1
10,2,27,3,N,nb26,1210,1.837,1.27,1,1
10,2,27,3,N,nb27,1210,-0.265,0.216,1,1
10,2,27,3,N,nb28,1210,-0.116,0.134,1,1
10,2,27,3,N,nb29,1210,1.347,0.004,3,1
10,2,27,3,A,aa0,1210,-1.843,-1.818,0,0
10,2,27,3,A,aa1,1210,-0.268,0.741,1,0
10,2,27,3,A,aa2,1210,-1.69,-1.746,0,0
10,2,27,3,N,nb0,1215,0.597,-0.12,1,1
10,2,27,3,N,nb1,1215,0.801,-1.61,4,1
10,2,27,3,N,nb2,1215,-1.444,-1.012,1,1
10,2,27,3,N,nb3,1215,1.825,0.278,2,1
10,2,27,3,N,nb4,1215,0.809,-1.44,5,1
10,2,27,3,N,nb5,1215,-1.602,-0.942,2,1
10,2,27,3,N,nb6,1215,1.82,0.109,2,1
10,2,27,3,N,nb7,1215,-1.441,-0.758,1,1
10,2,27,3,N,nb8,1215,1.385,0.174,2,1
10,2,27,3,N,nb9,1215,0.585,0.054,1,1
10,2,27,3,N,nb10,1215,1.77,1.426,2,1
10,2,27,3,N,nb11,1215,1.612,0.644,1,1
10,2,27,3,N,nb12,1215,1.021,-1.865,1,1
10,2,27,3,N,nb13,1215,0.889,-1.29,3,1
10,2,27,3,N,nb14,1215,1.095,-1.713,2,1
10,2,27,3,N,nb15,1215,0.93,-1.124,1,1
10,2,27,3,N,nb16,1215,1.795,0.488,2,1
10,2,27,3,N,nb17,1215,1.665,-0.017,2,1
10,2,27,3,N,nb18,1215,0.58,-1.865,1,1
10,2,27,3,N,nb19,1215,1.866,1.568,1,1
10,2,27,3,N,nb20,1215,0.612,-1.407,2,1
10,2,27,3,N,nb21,1215,1.374,-0.163,1,1
10,2,27,3,N,nb22,1215,1.509,0.051,3,1
10,2,27,3,N,nb23,1215,0.614,-1.576,3,1
10,2,27,3,N,nb24,1215,0.746,-1.847,2,1
10,2,27,3,N,nb25,1215,0.954,-1.528,4,1
10,2,27,3,N,nb26,1215,1.837,1.27,1,1
10,2,27,3,N,nb27,1215,-0.265,0.216,1,1
10,2,27,3,N,nb28,1215,-0.116,0.134,1,1
10,2,27,3,N,nb29,1215,1.347,0.004,3,1
10,2,27,3,A,aa0,1215,-1.865,-1.763,0,0
10,2,27,3,A,aa1,1215,-0.302,0.769,1,0
10,2,27,3,A,aa2,1215,-1.713,-1.69,0,0
10,2,27,3,N,nb0,1220,0.597,-0.12,1,1
10,2,27,3,N,nb1,1220,0.801,-1.61,4,1
10,2,27,3,N,nb2,1220,-1.444,-1.012,1,1
10,2,27,3,N,nb3,1220,1.825,0.278,2,1
10,2,27,3,N,nb4,1220,0.809,-1.44,5,1
10,2,27,3,N,nb5,1220,-1.602,-0.942,2,1
10,2,27,3,N,nb6,1220,1.82,0.109,2,1
10,2,27,3,N,nb7,1220,-1.441,-0.758,1,1
10,2,27,3,N,nb8,1220,1.385,0.174,2,1
10,2,27,3,N,nb9,1220,0.585,0.054,1,1
10,2,27,3,N,nb10,1220,1.77,1.426,2,1
10,2,27,3,N,nb11,1220,1.612,0.644,1,1
10,2,27,3,N,nb12,1220,1.021,-1.865,1,1
10,2,27,3,N,nb13,1220,0.889,-1.29,3,1
10,2,27,3,N,nb14,1220,1.095,-1.713,2,1
10,2,27,3,N,nb15,1220,0.93,-1.124,1,1
10,2,27,3,N,nb16,1220,1.795,0.488,2,1
10,2,27,3,N,nb17,1220,1.665,-0.017,2,1
10,2,27,3,N,nb18,1220,0.58,-1.865,1,1
10,2,27,3,N,nb19,1220,1.866,1.568,1,1
10,2,27,3,N,nb20,1220,0.612,-1.407,2,1
10,2,27,3,N,nb21,1220,1.374,-0.163,1,1
10,2,27,3,N,nb22,1220,1.509,0.051,3,1
10,2,27,3,N,nb23,1220,0.614,-1.576,3,1
10,2,27,3,N,nb24,1220,0.746,-1.847,2,1
10,2,27,3,N,nb25,1220,0.954,-1.528,4,1
10,2,27,3,N,nb26,1220,1.837,1.27,1,1
10,2,27,3,N,nb27,1220,-0.265,0.216,1,1
10,2,27,3,N,nb28,1220,-0.116,0.134,1,1
10,2,27,3,N,nb29,1220,1.347,0.004,3,1
10,2,27,3,A,aa0,1220,-1.86,-1.713,0,0
10,2,27,3,A,aa1,1220,-0.395,0.794,1,0
10,2,27,3,A,aa2,1220,-1.718,-1.622,0,0
10,2,27,3,N,nb0,1225,0.597,-0.12,1,1
10,2,27,3,N,nb1,1225,0.801,-1.61,4,1
10,2,27,3,N,nb2,1225,-1.444,-1.012,1,1
10,2,27,3,N,nb3,1225,1.825,0.278,2,1
10,2,27,3,N,nb4,1225,0.809,-1.44,5,1
10,2,27,3,N,nb5,1225,-1.602,-0.942,2,1
10,2,27,3,N,nb6,1225,1.82,0.109,2,1
10,2,27,3,N,nb7,1225,-1.441,-0.758,1,1
10,2,27,3,N,nb8,1225,1.385,0.174,2,1
10,2,27,3,N,nb9,1225,0.585,0.054,1,1
10,2,27,3,N,nb10,1225,1.77,1.426,2,1
10,2,27,3,N,nb11,1225,1.612,0.644,1,1
10,2,27,3,N,nb12,1225,1.021,-1.865,1,1
10,2,27,3,N,nb13,1225,0.889,-1.29,3,1
10,2,27,3,N,nb14,1225,1.095,-1.713,2,1
10,2,27,3,N,nb15,1225,0.93,-1.124,1,1
10,2,27,3,N,nb16,1225,1.795,0.488,2,1
10,2,27,3,N,nb17,1225,1.665,-0.017,2,1
10,2,27,3,N,nb18,1225,0.58,-1.865,1,1
10,2,27,3,N,nb19,1225,1.866,1.568,1,1
10,2,27,3,N,nb20,1225,0.612,-1.407,2,1
10,2,27,3,N,nb21,1225,1.374,-0.163,1,1
10,2,27,3,N,nb22,1225,1.509,0.051,3,1
10,2,27,3,N,nb23,1225,0.614,-1.576,3,1
10,2,27,3,N,nb24,1225,0.746,-1.847,2,1
10,2,27,3,N,nb25,1225,0.954,-1.528,4,1
10,2,27,3,N,nb26,1225,1.837,1.27,1,1
10,2,27,3,N,nb27,1225,-0.265,0.216,1,1
10,2,27,3,N,nb28,1225,-0.116,0.134,1,1
10,2,27,3,N,nb29,1225,1.347,0.004,3,1
10,2,27,3,A,aa0,1225,-1.834,-1.683,0,0
10,2,27,3,A,aa1,1225,-0.492,0.819,0,0
10,2,27,3,A,aa2,1225,-1.744,-1.539,0,0
10,2,27,3,N,nb0,1230,0.597,-0.12,1,1
10,2,27,3,N,nb1,1230,0.801,-1.61,4,1
10,2,27,3,N,nb2,1230,-1.444,-1.012,1,1
10,2,27,3,N,nb3,1230,1.825,0.278,2,1
10,2,27,3,N,nb4,1230,0.809,-1.44,5,1
10,2,27,3,N,nb5,1230,-1.602,-0.942,2,1
10,2,27,3,N,nb6,1230,1.82,0.109,2,1
10,2,27,3,N,nb7,1230,-1.441,-0.758,1,1
10,2,27,3,N,nb8,1230,1.385,0.174,2,1
10,2,27,3,N,nb9,1230,0.585,0.054,1,1
10,2,27,3,N,nb10,1230,1.77,1.426,2,1
10,2,27,3,N,nb11,1230,1.612,0.644,1,1
10,2,27,3,N,nb12,1230,1.021,-1.865,1,1
10,2,27,3,N,nb13,1230,0.889,-1.29,3,1
10,2,27,3,N,nb14,1230,1.095,-1.713,2,1
10,2,27,3,N,nb15,1230,0.93,-1.124,1,1
10,2,27,3,N,nb16,1230,1.795,0.488,2,1
10,2,27,3,N,nb17,1230,1.665,-0.017,2,1
10,2,27,3,N,nb18,1230,0.58,-1.865,1,1
10,2,27,3,N,nb19,1230,1.866,1.568,1,1
10,2,27,3,N,nb20,1230,0.612,-1.407,2,1
10,2,27,3,N,nb21,1230,1.374,-0.163,1,1
10,2,27,3,N,nb22,1230,1.509,0.051,3,1
10,2,27,3,N,nb23,1230,0.614,-1.576,3,1
10,2,27,3,N,nb24,1230,0.746,-1.847,2,1
10,2,27,3,N,nb25,1230,0.954,-1.528,4,1
10,2,27,3,N,nb26,1230,1.837,1.27,1,1
10,2,27,3,N,nb27,1230,-0.265,0.216,1,1
10,2,27,3,N,nb28,1230,-0.116,0.134,1,1
10,2,27,3,N,nb29,1230,1.347,0.004,3,1
10,2,27,3,A,aa0,1230,-1.756,-1.652,0,0
10,2,27,3,A,aa1,1230,-0.588,0.844,0,0
10,2,27,3,A,aa2,1230,-1.792,-1.457,2,0
10,2,27,3,N,nb0,1235,0.597,-0.12,1,1
10,2,27,3,N,nb1,1235,0.801,-1.61,4,1
10,2,27,3,N,nb2,1235,-1.444,-1.012,1,1
10,2,27,3,N,nb3,1235,1.825,0.278,2,1
10,2,27,3,N,nb4,1235,0.809,-1.44,5,1
10,2,27,3,N,nb5,1235,-1.602,-0.942,2,1
10,2,27,3,N,nb6,1235,1.82,0.109,2,1
10,2,27,3,N,nb7,1235,-1.441,-0.758,1,1
10,2,27,3,N,nb8,1235,1.385,0.174,2,1
10,2,27,3,N,nb9,1235,0.585,0.054,1,1
10,2,27,3,N,nb10,1235,1.77,1.426,2,1
10,2,27,3,N,nb11,1235,1.612,0.644,1,1
10,2,27,3,N,nb12,1235,1.021,-1.865,1,1
10,2,27,3,N,nb13,1235,0.889,-1.29,3,1
10,2,27,3,N,nb14,1235,1.095,-1.713,2,1
10,2,27,3,N,nb15,1235,0.93,-1.124,1,1
10,2,27,3,N,nb16,1235,1.795,0.488,2,1
10,2,27,3,N,nb17,1235,1.665,-0.017,2,1
10,2,27,3,N,nb18,1235,0.58,-1.865,1,1
10,2,27,3,N,nb19,1235,1.866,1.568,1,1
10,2,27,3,N,nb20,1235,0.612,-1.407,2,1
10,2,27,3,N,nb21,1235,1.374,-0.163,1,1
10,2,27,3,N,nb22,1235,1.509,0.051,3,1
10,2,27,3,N,nb23,1235,0.614,-1.576,3,1
10,2,27,3,N,nb24,1235,0.746,-1.847,2,1
10,2,27,3,N,nb25,1235,0.954,-1.528,4,1
10,2,27,3,N,nb26,1235,1.837,1.27,1,1
10,2,27,3,N,nb27,1235,-0.265,0.216,1,1
10,2,27,3,N,nb28,1235,-0.116,0.134,1,1
10,2,27,3,N,nb29,1235,1.347,0.004,3,1
10,2,27,3,A,aa0,1235,-1.665,-1.627,0,0
10,2,27,3,A,aa1,1235,-0.685,0.87,0,0
10,2,27,3,A,aa2,1235,-1.834,-1.374,2,0
10,2,27,3,N,nb0,1240,0.597,-0.12,1,1
10,2,27,3,N,nb1,1240,0.801,-1.61,4,1
10,2,27,3,N,nb2,1240,-1.444,-1.012,1,1
10,2,27,3,N,nb3,1240,1.825,0.278,2,1
10,2,27,3,N,nb4,1240,0.809,-1.44,5,0
10,2,27,3,N,nb5,1240,-1.602,-0.942,2,1
10,2,27,3,N,nb6,1240,1.82,0.109,2,0
10,2,27,3,N,nb7,1240,-1.441,-0.758,1,1
10,2,27,3,N,nb8,1240,1.385,0.174,2,1
10,2,27,3,N,nb9,1240,0.585,0.054,1,1
10,2,27,3,N,nb10,1240,1.77,1.426,2,1
10,2,27,3,N,nb11,1240,1.612,0.644,1,1
10,2,27,3,N,nb12,1240,1.021,-1.865,1,1
10,2,27,3,N,nb13,1240,0.889,-1.29,3,0
10,2,27,3,N,nb14,1240,1.095,-1.713,2,1
10,2,27,3,N,nb15,1240,0.93,-1.124,1,1
10,2,27,3,N,nb16,1240,1.795,0.488,2,1
10,2,27,3,N,nb17,1240,1.665,-0.017,2,0
10,2,27,3,N,nb18,1240,0.58,-1.865,1,1
10,2,27,3,N,nb19,1240,1.866,1.568,1,1
10,2,27,3,N,nb20,1240,0.612,-1.407,2,1
10,2,27,3,N,nb21,1240,1.374,-0.163,1,1
10,2,27,3,N,nb22,1240,1.509,0.051,3,0
10,2,27,3,N,nb23,1240,0.614,-1.576,3,1
10,2,27,3,N,nb24,1240,0.746,-1.847,2,1
10,2,27,3,N,nb25,1240,0.954,-1.528,4,0
10,2,27,3,N,nb26,1240,1.837,1.27,1,1
10,2,27,3,N,nb27,1240,-0.265,0.216,1,1
10,2,27,3,N,nb28,1240,-0.116,0.134,1,1
10,2,27,3,N,nb29,1240,1.347,0.004,3,1
10,2,27,3,A,aa0,1240,-1.568,-1.604,0,0
10,2,27,3,A,aa1,1240,-0.782,0.895,0,0
10,2,27,3,A,aa2,1240,-1.864,-1.289,2,0
10,2,27,3,N,nb0,1245,0.597,-0.12,1,1
10,2,27,3,N,nb1,1245,0.801,-1.61,4,1
10,2,27,3,N,nb2,1245,-1.444,-1.012,1,1
10,2,27,3,N,nb3,1245,1.825,0.278,2,1
10,2,27,3,N,nb4,1245,0.809,-1.44,5,1
10,2,27,3,N,nb5,1245,-1.602,-0.942,2,1
10,2,27,3,N,nb6,1245,1.82,0.109,2,1
10,2,27,3,N,nb7,1245,-1.441,-0.758,1,1
10,2,27,3,N,nb8,1245,1.385,0.174,2,1
10,2,27,3,N,nb9,1245,0.585,0.054,1,1
10,2,27,3,N,nb10,1245,1.77,1.426,2,1
10,2,27,3,N,nb11,1245,1.612,0.644,1,1
10,2,27,3,N,nb12,1245,1.021,-1.865,1,1
10,2,27,3,N,nb13,1245,0.889,-1.29,3,1
10,2,27,3,N,nb14,1245,1.095,-1.713,2,1
10,2,27,3,N,nb15,1245,0.93,-1.124,1,1
10,2,27,3,N,nb16,1245,1.795,0.488,2,1
10,2,27,3,N,nb17,1245,1.665,-0.017,2,1
10,2,27,3,N,nb18,1245,0.58,-1.865,1,1
10,2,27,3,N,nb19,1245,1.866,1.568,1,1
10,2,27,3,N,nb20,1245,0.612,-1.407,2,1
10,2,27,3,N,nb21,1245,1.374,-0.163,1,1
10,2,27,3,N,nb22,1245,1.509,0.051,3,1
10,2,27,3,N,nb23,1245,0.614,-1.576,3,1
10,2,27,3,N,nb24,1245,0.746,-1.847,2,1
10,2,27,3,N,nb25,1245,0.954,-1.528,4,1
10,2,27,3,N,nb26,1245,1.837,1.27,1,1
10,2,27,3,N,nb27,1245,-0.265,0.216,1,1
10,2,27,3,N,nb28,1245,-0.116,0.134,1,1
10,2,27,3,N,nb29,1245,1.347,0.004,3,1
10,2,27,3,A,aa0,1245,-1.47,-1.582,1,0
10,2,27,3,A,aa1,1245,-0.879,0.921,0,0
10,2,27,3,A,aa2,1245,-1.865,-1.202,2,0
10,2,27,3,N,nb0,1250,0.597,-0.12,1,1
10,2,27,3,N,nb1,1250,0.801,-1.61,4,1
10,2,27,3,N,nb2,1250,-1.444,-1.012,1,1
10,2,27,3,N,nb3,1250,1.825,0.278,2,1
10,2,27,3,N,nb4,1250,0.809,-1.44,5,1
10,2,27,3,N,nb5,1250,-1.602,-0.942,2,1
10,2,27,3,N,nb6,1250,1.82,0.109,2,1
10,2,27,3,N,nb7,1250,-1.441,-0.758,1,1
10,2,27,3,N,nb8,1250,1.385,0.174,2,1
10,2,27,3,N,nb9,1250,0.585,0.054,1,1
10,2,27,3,N,nb10,1250,1.77,1.426,2,1
10,2,27,3,N,nb11,1250,1.612,0.644,1,1
10,2,27,3,N,nb12,1250,1.021,-1.865,1,0
10,2,27,3,N,nb13,1250,0.889,-1.29,3,1
10,2,27,3,N,nb14,1250,1.095,-1.713,2,0
10,2,27,3,N,nb15,1250,0.93,-1.124,1,1
10,2,27,3,N,nb16,1250,1.795,0.488,2,1
10,2,27,3,N,nb17,1250,1.665,-0.017,2,1
10,2,27,3,N,nb18,1250,0.58,-1.865,1,1
10,2,27,3,N,nb19,1250,1.866,1.568,1,1
10,2,27,3,N,nb20,1250,0.612,-1.407,2,1
10,2,27,3,N,nb21,1250,1.374,-0.163,1,1
10,2,27,3,N,nb22,1250,1.509,0.051,3,1
10,2,27,3,N,nb23,1250,0.614,-1.576,3,1
10,2,27,3,N,nb24,1250,0.746,-1.847,2,1
10,2,27,3,N,nb25,1250,0.954,-1.528,4,1
10,2,27,3,N,nb26,1250,1.837,1.27,1,1
10,2,27,3,N,nb27,1250,-0.265,0.216,1,1
10,2,27,3,N,nb28,1250,-0.116,0.134,1,1
10,2,27,3,N,nb29,1250,1.347,0.004,3,1
10,2,27,3,A,aa0,1250,-1.373,-1.56,1,0
10,2,27,3,A,aa1,1250,-0.975,0.946,0,0
10,2,27,3,A,aa2,1250,-1.865,-1.111,2,0
10,2,27,3,N,nb0,1255,0.597,-0.12,1,1
10,2,27,3,N,nb1,1255,0.801,-1.61,4,1
10,2,27,3,N,nb2,1255,-1.444,-1.012,1,1
10,2,27,3,N,nb3,1255,1.825,0.278,2,1
10,2,27,3,N,nb4,1255,0.809,-1.44,5,1
10,2,27,3,N,nb5,1255,-1.602,-0.942,2,1
10,2,27,3,N,nb6,1255,1.82,0.109,2,1
10,2,27,3,N,nb7,1255,-1.441,-0.758,1,1
10,2,27,3,N,nb8,1255,1.385,0.174,2,1
10,2,27,3,N,nb9,1255,0.585,0.054,1,1
10,2,27,3,N,nb10,1255,1.77,1.426,2,1
10,2,27,3,N,nb11,1255,1.612,0.644,1,1
10,2,27,3,N,nb12,1255,1.021,-1.865,1,1
10,2,27,3,N,nb13,1255,0.889,-1.29,3,1
10,2,27,3,N,nb14,1255,1.095,-1.713,2,1
10,2,27,3,N,nb15,1255,0.93,-1.124,1,1
10,2,27,3,N,nb16,1255,1.795,0.488,2,1
10,2,27,3,N,nb17,1255,1.665,-0.017,2,1
10,2,27,3,N,nb18,1255,0.58,-1.865,1,1
10,2,27,3,N,nb19,1255,1.866,1.568,1,1
10,2,27,3,N,nb20,1255,0.612,-1.407,2,1
10,2,27,3,N,nb21,1255,1.374,-0.163,1,1
10,2,27,3,N,nb22,1255,1.509,0.051,3,1
10,2,27,3,N,nb23,1255,0.614,-1.576,3,1
10,2,27,3,N,nb24,1255,0.746,-1.847,2,1
10,2,27,3,N,nb25,1255,0.954,-1.528,4,1
10,2,27,3,N,nb26,1255,1.837,1.27,1,1
10,2,27,3,N,nb27,1255,-0.265,0.216,1,1
10,2,27,3,N,nb28,1255,-0.116,0.134,1,1
10,2,27,3,N,nb29,1255,1.347,0.004,3,1
10,2,27,3,A,aa0,1255,-1.275,-1.537,1,0
10,2,27,3,A,aa1,1255,-1.072,0.971,0,0
10,2,27,3,A,aa2,1255,-1.862,-1.018,1,0
10,2,27,3,N,nb0,1260,0.597,-0.12,1,1
10,2,27,3,N,nb1,1260,0.801,-1.61,4,1
10,2,27,3,N,nb2,1260,-1.444,-1.012,1,1
10,2,27,3,N,nb3,1260,1.825,0.278,2,1
10,2,27,3,N,nb4,1260,0.809,-1.44,5,1
10,2,27,3,N,nb5,1260,-1.602,-0.942,2,1
10,2,27,3,N,nb6,1260,1.82,0.109,2,1
10,2,27,3,N,nb7,1260,-1.441,-0.758,1,1
10,2,27,3,N,nb8,1260,1.385,0.174,2,1
10,2,27,3,N,nb9,1260,0.585,0.054,1,1
10,2,27,3,N,nb10,1260,1.77,1.426,2,1
10,2,27,3,N,nb11,1260,1.612,0.644,1,1
10,2,27,3,N,nb12,1260,1.021,-1.865,1,1
10,2,27,3,N,nb13,1260,0.889,-1.29,3,1
10,2,27,3,N,nb14,1260,1.095,-1.713,2,1
10,2,27,3,N,nb15,1260,0.93,-1.124,1,1
10,2,27,3,N,nb16,1260,1.795,0.488,2,1
10,2,27,3,N,nb17,1260,1.665,-0.017,2,1
10,2,27,3,N,nb18,1260,0.58,-1.865,1,1
10,2,27,3,N,nb19,1260,1.866,1.568,1,1
10,2,27,3,N,nb20,1260,0.612,-1.407,2,1
10,2,27,3,N,nb21,1260,1.374,-0.163,1,1
10,2,27,3,N,nb22,1260,1.509,0.051,3,1
10,2,27,3,N,nb23,1260,0.614,-1.576,3,1
10,2,27,3,N,nb24,1260,0.746,-1.847,2,1
10,2,27,3,N,nb25,1260,0.954,-1.528,4,1
10,2,27,3,N,nb26,1260,1.837,1.27,1,1
10,2,27,3,N,nb27,1260,-0.265,0.216,1,1
10,2,27,3,N,nb28,1260,-0.116,0.134,1,1
10,2,27,3,N,nb29,1260,1.347,0.004,3,1
10,2,27,3,A,aa0,1260,-1.178,-1.515,1,0
10,2,27,3,A,aa1,1260,-1.169,0.997,0,0
10,2,27,3,A,aa2,1260,-1.85,-0.927,2,0
10,2,27,3,N,nb0,1265,0.597,-0.12,1,1
10,2,27,3,N,nb1,1265,0.801,-1.61,4,1
10,2,27,3,N,nb2,1265,-1.444,-1.012,1,1
10,2,27,3,N,nb3,1265,1.825,0.278,2,1
10,2,27,3,N,nb4,1265,0.809,-1.44,5,1
10,2,27,3,N,nb5,1265,-1.602,-0.942,2,1
10,2,27,3,N,nb6,1265,1.82,0.109,2,1
10,2,27,3,N,nb7,1265,-1.441,-0.758,1,1
10,2,27,3,N,nb8,1265,1.385,0.174,2,1
10,2,27,3,N,nb9,1265,0.585,0.054,1,1
10,2,27,3,N,nb10,1265,1.77,1.426,2,1
10,2,27,3,N,nb11,1265,1.612,0.644,1,1
10,2,27,3,N,nb12,1265,1.021,-1.865,1,1
10,2,27,3,N,nb13,1265,0.889,-1.29,3,1
10,2,27,3,N,nb14,1265,1.095,-1.713,2,1
10,2,27,3,N,nb15,1265,0.93,-1.124,1,1
10,2,27,3,N,nb16,1265,1.795,0.488,2,1
10,2,27,3,N,nb17,1265,1.665,-0.017,2,1
10,2,27,3,N,nb18,1265,0.58,-1.865,1,1
10,2,27,3,N,nb19,1265,1.866,1.568,1,1
10,2,27,3,N,nb20,1265,0.612,-1.407,2,1
10,2,27,3,N,nb21,1265,1.374,-0.163,1,1
10,2,27,3,N,nb22,1265,1.509,0.051,3,1
10,2,27,3,N,nb23,1265,0.614,-1.576,3,1
10,2,27,3,N,nb24,1265,0.746,-1.847,2,1
10,2,27,3,N,nb25,1265,0.954,-1.528,4,1
10,2,27,3,N,nb26,1265,1.837,1.27,1,1
10,2,27,3,N,nb27,1265,-0.265,0.216,1,1
10,2,27,3,N,nb28,1265,-0.116,0.134,1,1
10,2,27,3,N,nb29,1265,1.347,0.004,3,1
10,2,27,3,A,aa0,1265,-1.08,-1.493,0,0
10,2,27,3,A,aa1,1265,-1.265,1.022,0,0
10,2,27,3,A,aa2,1265,-1.828,-0.836,2,0
10,2,27,3,N,nb0,1270,0.597,-0.12,1,1
10,2,27,3,N,nb1,1270,0.801,-1.61,4,1
10,2,27,3,N,nb2,1270,-1.444,-1.012,1,1
10,2,27,3,N,nb3,1270,1.825,0.278,2,1
10,2,27,3,N,nb4,1270,0.809,-1.44,5,1
10,2,27,3,N,nb5,1270,-1.602,-0.942,2,1
10,2,27,3,N,nb6,1270,1.82,0.109,2,1
10,2,27,3,N,nb7,1270,-1.441,-0.758,1,1
10,2,27,3,N,nb8,1270,1.385,0.174,2,1
10,2,27,3,N,nb9,1270,0.585,0.054,1,1
10,2,27,3,N,nb10,1270,1.77,1.426,2,1
10,2,27,3,N,nb11,1270,1.612,0.644,1,0
10,2,27,3,N,nb12,1270,1.021,-1.865,1,1
10,2,27,3,N,nb13,1270,0.889,-1.29,3,1
10,2,27,3,N,nb14,1270,1.095,-1.713,2,1
10,2,27,3,N,nb15,1270,0.93,-1.124,1,1
10,2,27,3,N,nb16,1270,1.795,0.488,2,1
10,2,27,3,N,nb17,1270,1.665,-0.017,2,1
10,2,27,3,N,nb18,1270,0.58,-1.865,1,1
10,2,27,3,N,nb19,1270,1.866,1.568,1,1
10,2,27,3,N,nb20,1270,0.612,-1.407,2,1
10,2,27,3,N,nb21,1270,1.374,-0.163,1,1
10,2,27,3,N,nb22,1270,1.509,0.051,3,1
10,2,27,3,N,nb23,1270,0.614,-1.576,3,1
10,2,27,3,N,nb24,1270,0.746,-1.847,2,1
10,2,27,3,N,nb25,1270,0.954,-1.528,4,1
10,2,27,3,N,nb26,1270,1.837,1.27,1,1
10,2,27,3,N,nb27,1270,-0.265,0.216,1,1
10,2,27,3,N,nb28,1270,-0.116,0.134,1,1
10,2,27,3,N,nb29,1270,1.347,0.004,3,1
10,2,27,3,A,aa0,1270,-0.983,-1.47,0,0
10,2,27,3,A,aa1,1270,-1.362,1.048,0,0
10,2,27,3,A,aa2,1270,-1.798,-0.746,2,0
10,2,27,3,N,nb0,1275,0.597,-0.12,1,1
10,2,27,3,N,nb1,1275,0.801,-1.61,4,1
10,2,27,3,N,nb2,1275,-1.444,-1.012,1,1
10,2,27,3,N,nb3,1275,1.825,0.278,2,1
10,2,27,3,N,nb4,1275,0.809,-1.44,5,1
10,2,27,3,N,nb5,1275,-1.602,-0.942,2,1
10,2,27,3,N,nb6,1275,1.82,0.109,2,1
10,2,27,3,N,nb7,1275,-1.441,-0.758,1,1
10,2,27,3,N,nb8,1275,1.385,0.174,2,1
10,2,27,3,N,nb9,1275,0.585,0.054,1,1
10,2,27,3,N,nb10,1275,1.77,1.426,2,1
10,2,27,3,N,nb11,1275,1.612,0.644,1,1
10,2,27,3,N,nb12,1275,1.021,-1.865,1,1
10,2,27,3,N,nb13,1275,0.889,-1.29,3,1
10,2,27,3,N,nb14,1275,1.095,-1.713,2,1
10,2,27,3,N,nb15,1275,0.93,-1.124,1,1
10,2,27,3,N,nb16,1275,1.795,0.488,2,1
10,2,27,3,N,nb17,1275,1.665,-0.017,2,1
10,2,27,3,N,nb18,1275,0.58,-1.865,1,1
10,2,27,3,N,nb19,1275,1.866,1.568,1,1
10,2,27,3,N,nb20,1275,0.612,-1.407,2,1
10,2,27,3,N,nb21,1275,1.374,-0.163,1,1
10,2,27,3,N,nb22,1275,1.509,0.051,3,1
10,2,27,3,N,nb23,1275,0.614,-1.576,3,1
10,2,27,3,N,nb24,1275,0.746,-1.847,2,1
10,2,27,3,N,nb25,1275,0.954,-1.528,4,1
10,2,27,3,N,nb26,1275,1.837,1.27,1,1
10,2,27,3,N,nb27,1275,-0.265,0.216,1,1
10,2,27,3,N,nb28,1275,-0.116,0.134,1,1
10,2,27,3,N,nb29,1275,1.347,0.004,3,1
10,2,27,3,A,aa0,1275,-0.886,-1.448,0,0
10,2,27,3,A,aa1,1275,-1.459,1.073,0,0
10,2,27,3,A,aa2,1275,-1.761,-0.66,2,0
10,2,27,3,N,nb0,1280,0.597,-0.12,1,0
10,2,27,3,N,nb1,1280,0.801,-1.61,4,1
10,2,27,3,N,nb2,1280,-1.444,-1.012,1,0
10,2,27,3,N,nb3,1280,1.825,0.278,2,1
10,2,27,3,N,nb4,1280,0.809,-1.44,5,1
10,2,27,3,N,nb5,1280,-1.602,-0.942,2,0
10,2,27,3,N,nb6,1280,1.82,0.109,2,1
10,2,27,3,N,nb7,1280,-1.441,-0.758,1,0
10,2,27,3,N,nb8,1280,1.385,0.174,2,1
10,2,27,3,N,nb9,1280,0.585,0.054,1,1
10,2,27,3,N,nb10,1280,1.77,1.426,2,1
10,2,27,3,N,nb11,1280,1.612,0.644,1,1
10,2,27,3,N,nb12,1280,1.021,-1.865,1,1
10,2,27,3,N,nb13,1280,0.889,-1.29,3,1
10,2,27,3,N,nb14,1280,1.095,-1.713,2,1
10,2,27,3,N,nb15,1280,0.93,-1.124,1,1
10,2,27,3,N,nb16,1280,1.795,0.488,2,1
10,2,27,3,N,nb17,1280,1.665,-0.017,2,1
10,2,27,3,N,nb18,1280,0.58,-1.865,1,1
10,2,27,3,N,nb19,1280,1.866,1.568,1,1
10,2,27,3,N,nb20,1280,0.612,-1.407,2,1
10,2,27,3,N,nb21,1280,1.374,-0.163,1,1
10,2,27,3,N,nb22,1280,1.509,0.051,3,1
10,2,27,3,N,nb23,1280,0.614,-1.576,3,1
10,2,27,3,N,nb24,1280,0.746,-1.847,2,1
10,2,27,3,N,nb25,1280,0.954,-1.528,4,1
10,2,27,3,N,nb26,1280,1.837,1.27,1,1
10,2,27,3,N,nb27,1280,-0.265,0.216,1,1
10,2,27,3,N,nb28,1280,-0.116,0.134,1,1
10,2,27,3,N,nb29,1280,1.347,0.004,3,0
10,2,27,3,A,aa0,1280,-0.788,-1.426,0,0
10,2,27,3,A,aa1,1280,-1.556,1.098,0,0
10,2,27,3,A,aa2,1280,-1.716,-0.57,3,1
10,2,27,3,N,nb0,1285,0.597,-0.12,1,1
10,2,27,3,N,nb1,1285,0.801,-1.61,4,1
10,2,27,3,N,nb2,1285,-1.446,-1.015,1,0
10,2,27,3,N,nb3,1285,1.825,0.278,2,1
10,2,27,3,N,nb4,1285,0.809,-1.44,5,1
10,2,27,3,N,nb5,1285,-1.603,-0.957,2,0
10,2,27,3,N,nb6,1285,1.82,0.109,2,1
10,2,27,3,N,nb7,1285,-1.528,-0.754,1,0
10,2,27,3,N,nb8,1285,1.385,0.174,2,1
10,2,27,3,N,nb9,1285,0.585,0.054,1,1
10,2,27,3,N,nb10,1285,1.77,1.426,2,1
10,2,27,3,N,nb11,1285,1.612,0.644,1,1
10,2,27,3,N,nb12,1285,1.021,-1.865,1,1
10,2,27,3,N,nb13,1285,0.889,-1.29,3,1
10,2,27,3,N,nb14,1285,1.095,-1.713,2,1
10,2,27,3,N,nb15,1285,0.93,-1.124,1,1
10,2,27,3,N,nb16,1285,1.795,0.488,2,1
10,2,27,3,N,nb17,1285,1.665,-0.017,2,1
10,2,27,3,N,nb18,1285,0.58,-1.865,1,1
10,2,27,3,N,nb19,1285,1.866,1.568,1,1
10,2,27,3,N,nb20,1285,0.612,-1.407,2,1
10,2,27,3,N,nb21,1285,1.374,-0.163,1,1
10,2,27,3,N,nb22,1285,1.509,0.051,3,1
10,2,27,3,N,nb23,1285,0.614,-1.576,3,1
10,2,27,3,N,nb24,1285,0.746,-1.847,2,1
10,2,27,3,N,nb25,1285,0.954,-1.528,4,1
10,2,27,3,N,nb26,1285,1.837,1.27,1,1
10,2,27,3,N,nb27,1285,-0.265,0.216,1,1
10,2,27,3,N,nb28,1285,-0.116,0.134,1,1
10,2,27,3,N,nb29,1285,1.347,0.004,3,1
10,2,27,3,A,aa0,1285,-0.691,-1.403,0,0
10,2,27,3,A,aa1,1285,-1.652,1.124,0,0
10,2,27,3,A,aa2,1285,-1.672,-0.481,0,0
10,2,27,3,N,nb0,1290,0.597,-0.12,1,1
10,2,27,3,N,nb1,1290,0.801,-1.61,4,1
10,2,27,3,N,nb2,1290,-1.452,-1.034,1,1
10,2,27,3,N,nb3,1290,1.825,0.278,2,1
10,2,27,3,N,nb4,1290,0.809,-1.44,5,1
10,2,27,3,N,nb5,1290,-1.6,-0.955,2,1
10,2,27,3,N,nb6,1290,1.82,0.109,2,1
10,2,27,3,N,nb7,1290,-1.619,-0.739,1,1
10,2,27,3,N,nb8,1290,1.385,0.174,2,1
10,2,27,3,N,nb9,1290,0.585,0.054,1,0
10,2,27,3,N,nb10,1290,1.77,1.426,2,1
10,2,27,3,N,nb11,1290,1.612,0.644,1,1
10,2,27,3,N,nb12,1290,1.021,-1.865,1,1
10,2,27,3,N,nb13,1290,0.889,-1.29,3,1
10,2,27,3,N,nb14,1290,1.095,-1.713,2,1
10,2,27,3,N,nb15,1290,0.93,-1.124,1,1
10,2,27,3,N,nb16,1290,1.795,0.488,2,1
10,2,27,3,N,nb17,1290,1.665,-0.017,2,1
10,2,27,3,N,nb18,1290,0.58,-1.865,1,1
10,2,27,3,N,nb19,1290,1.866,1.568,1,1
10,2,27,3,N,nb20,1290,0.612,-1.407,2,1
10,2,27,3,N,nb21,1290,1.374,-0.163,1,1
10,2,27,3,N,nb22,1290,1.509,0.051,3,1
10,2,27,3,N,nb23,1290,0.614,-1.576,3,1
10,2,27,3,N,nb24,1290,0.746,-1.847,2,1
10,2,27,3,N,nb25,1290,0.954,-1.528,4,1
10,2,27,3,N,nb26,1290,1.837,1.27,1,1
10,2,27,3,N,nb27,1290,-0.265,0.216,1,0
10,2,27,3,N,nb28,1290,-0.116,0.134,1,0
10,2,27,3,N,nb29,1290,1.347,0.004,3,1
10,2,27,3,A,aa0,1290,-0.593,-1.381,0,0
10,2,27,3,A,aa1,1290,-1.749,1.149,0,0
10,2,27,3,A,aa2,1290,-1.628,-0.391,0,0
10,2,27,3,N,nb0,1295,0.597,-0.12,1,1
10,2,27,3,N,nb1,1295,0.801,-1.61,4,1
10,2,27,3,N,nb2,1295,-1.452,-1.035,1,1
10,2,27,3,N,nb3,1295,1.825,0.278,2,1
10,2,27,3,N,nb4,1295,0.809,-1.44,5,1
10,2,27,3,N,nb5,1295,-1.6,-0.955,2,1
10,2,27,3,N,nb6,1295,1.82,0.109,2,1
10,2,27,3,N,nb7,1295,-1.622,-0.738,1,1
10,2,27,3,N,nb8,1295,1.385,0.174,2,1
10,2,27,3,N,nb9,1295,0.585,0.054,1,1
10,2,27,3,N,nb10,1295,1.77,1.426,2,0
10,2,27,3,N,nb11,1295,1.612,0.644,1,1
10,2,27,3,N,nb12,1295,1.021,-1.865,1,1
10,2,27,3,N,nb13,1295,0.889,-1.29,3,1
10,2,27,3,N,nb14,1295,1.095,-1.713,2,1
10,2,27,3,N,nb15,1295,0.93,-1.124,1,1
10,2,27,3,N,nb16,1295,1.795,0.488,2,1
10,2,27,3,N,nb17,1295,1.665,-0.017,2,1
10,2,27,3,N,nb18,1295,0.58,-1.865,1,1
10,2,27,3,N,nb19,1295,1.866,1.568,1,0
10,2,27,3,N,nb20,1295,0.612,-1.407,2,1
10,2,27,3,N,nb21,1295,1.374,-0.163,1,0
10,2,27,3,N,nb22,1295,1.509,0.051,3,1
10,2,27,3,N,nb23,1295,0.614,-1.576,3,1
10,2,27,3,N,nb24,1295,0.746,-1.847,2,0
10,2,27,3,N,nb25,1295,0.954,-1.528,4,1
10,2,27,3,N,nb26,1295,1.837,1.27,1,1
10,2,27,3,N,nb27,1295,-0.265,0.216,1,1
10,2,27,3,N,nb28,1295,-0.116,0.134,1,1
10,2,27,3,N,nb29,1295,1.347,0.004,3,1
10,2,27,3,A,aa0,1295,-0.496,-1.359,0,0
10,2,27,3,A,aa1,1295,-1.834,1.175,0,0
10,2,27,3,A,aa2,1295,-1.626,-0.388,1,0
10,2,27,3,N,nb0,1300,0.597,-0.12,1,1
10,2,27,3,N,nb1,1300,0.801,-1.61,4,0
10,2,27,3,N,nb2,1300,-1.452,-1.035,1,1
10,2,27,3,N,nb3,1300,1.825,0.278,2,1
10,2,27,3,N,nb4,1300,0.809,-1.44,5,1
10,2,27,3,N,nb5,1300,-1.6,-0.955,2,1
10,2,27,3,N,nb6,1300,1.82,0.109,2,1
10,2,27,3,N,nb7,1300,-1.622,-0.738,1,1
10,2,27,3,N,nb8,1300,1.385,0.174,2,1
10,2,27,3,N,nb9,1300,0.585,0.054,1,1
10,2,27,3,N,nb10,1300,1.77,1.426,2,1
10,2,27,3,N,nb11,1300,1.612,0.644,1,1
10,2,27,3,N,nb12,1300,1.021,-1.865,1,1
10,2,27,3,N,nb13,1300,0.889,-1.29,3,1
10,2,27,3,N,nb14,1300,1.095,-1.713,2,1
10,2,27,3,N,nb15,1300,0.93,-1.124,1,1
10,2,27,3,N,nb16,1300,1.795,0.488,2,1
10,2,27,3,N,nb17,1300,1.665,-0.017,2,1
10,2,27,3,N,nb18,1300,0.58,-1.865,1,1
10,2,27,3,N,nb19,1300,1.866,1.568,1,1
10,2,27,3,N,nb20,1300,0.612,-1.407,2,1
10,2,27,3,N,nb21,1300,1.374,-0.163,1,1
10,2,27,3,N,nb22,1300,1.509,0.051,3,1
10,2,27,3,N,nb23,1300,0.614,-1.576,3,1
10,2,27,3,N,nb24,1300,0.746,-1.847,2,1
10,2,27,3,N,nb25,1300,0.954,-1.528,4,1
10,2,27,3,N,nb26,1300,1.837,1.27,1,1
10,2,27,3,N,nb27,1300,-0.265,0.216,1,1
10,2,27,3,N,nb28,1300,-0.116,0.134,1,1
10,2,27,3,N,nb29,1300,1.347,0.004,3,1
10,2,27,3,A,aa0,1300,-0.398,-1.336,0,0
10,2,27,3,A,aa1,1300,-1.865,1.212,0,0
10,2,27,3,A,aa2,1300,-1.649,-0.359,1,0
10,2,27,3,N,nb0,1305,0.597,-0.12,1,1
10,2,27,3,N,nb1,1305,0.801,-1.61,4,1
10,2,27,3,N,nb2,1305,-1.452,-1.035,1,1
10,2,27,3,N,nb3,1305,1.825,0.278,2,1
10,2,27,3,N,nb4,1305,0.809,-1.44,5,1
10,2,27,3,N,nb5,1305,-1.6,-0.955,2,1
10,2,27,3,N,nb6,1305,1.82,0.109,2,1
10,2,27,3,N,nb7,1305,-1.622,-0.738,1,1
10,2,27,3,N,nb8,1305,1.385,0.174,2,1
10,2,27,3,N,nb9,1305,0.585,0.054,1,1
10,2,27,3,N,nb10,1305,1.77,1.426,2,1
10,2,27,3,N,nb11,1305,1.612,0.644,1,1
10,2,27,3,N,nb12,1305,1.021,-1.865,1,1
10,2,27,3,N,nb13,1305,0.889,-1.29,3,1
10,2,27,3,N,nb14,1305,1.095,-1.713,2,1
10,2,27,3,N,nb15,1305,0.93,-1.124,1,1
10,2,27,3,N,nb16,1305,1.795,0.488,2,1
10,2,27,3,N,nb17,1305,1.665,-0.017,2,1
10,2,27,3,N,nb18,1305,0.58,-1.865,1,1
10,2,27,3,N,nb19,1305,1.866,1.568,1,1
10,2,27,3,N,nb20,1305,0.612,-1.407,2,1
10,2,27,3,N,nb21,1305,1.374,-0.163,1,1
10,2,27,3,N,nb22,1305,1.509,0.051,3,1
10,2,27,3,N,nb23,1305,0.614,-1.576,3,1
10,2,27,3,N,nb24,1305,0.746,-1.847,2,1
10,2,27,3,N,nb25,1305,0.954,-1.528,4,1
10,2,27,3,N,nb26,1305,1.837,1.27,1,1
10,2,27,3,N,nb27,1305,-0.265,0.216,1,1
10,2,27,3,N,nb28,1305,-0.116,0.134,1,1
10,2,27,3,N,nb29,1305,1.347,0.004,3,1
10,2,27,3,A,aa0,1305,-0.301,-1.314,0,0
10,2,27,3,A,aa1,1305,-1.865,1.262,0,0
10,2,27,3,A,aa2,1305,-1.712,-0.282,1,0
10,2,27,3,N,nb0,1310,0.597,-0.12,1,1
10,2,27,3,N,nb1,1310,0.801,-1.61,4,1
10,2,27,3,N,nb2,1310,-1.452,-1.035,1,1
10,2,27,3,N,nb3,1310,1.825,0.278,2,1
10,2,27,3,N,nb4,1310,0.809,-1.44,5,1
10,2,27,3,N,nb5,1310,-1.6,-0.955,2,1
10,2,27,3,N,nb6,1310,1.82,0.109,2,1
10,2,27,3,N,nb7,1310,-1.622,-0.738,1,1
10,2,27,3,N,nb8,1310,1.385,0.174,2,1
10,2,27,3,N,nb9,1310,0.585,0.054,1,1
10,2,27,3,N,nb10,1310,1.77,1.426,2,1
10,2,27,3,N,nb11,1310,1.612,0.644,1,1
10,2,27,3,N,nb12,1310,1.021,-1.865,1,1
10,2,27,3,N,nb13,1310,0.889,-1.29,3,1
10,2,27,3,N,nb14,1310,1.095,-1.713,2,1
10,2,27,3,N,nb15,1310,0.93,-1.124,1,1
10,2,27,3,N,nb16,1310,1.795,0.488,2,1
10,2,27,3,N,nb17,1310,1.665,-0.017,2,1
10,2,27,3,N,nb18,1310,0.58,-1.865,1,0
10,2,27,3,N,nb19,1310,1.866,1.568,1,1
10,2,27,3,N,nb20,1310,0.612,-1.407,2,0
10,2,27,3,N,nb21,1310,1.374,-0.163,1,1
10,2,27,3,N,nb22,1310,1.509,0.051,3,1
10,2,27,3,N,nb23,1310,0.614,-1.576,3,0
10,2,27,3,N,nb24,1310,0.746,-1.847,2,1
10,2,27,3,N,nb25,1310,0.954,-1.528,4,1
10,2,27,3,N,nb26,1310,1.837,1.27,1,1
10,2,27,3,N,nb27,1310,-0.265,0.216,1,1
10,2,27,3,N,nb28,1310,-0.116,0.134,1,1
10,2,27,3,N,nb29,1310,1.347,0.004,3,1
10,2,27,3,A,aa0,1310,-0.203,-1.292,0,0
10,2,27,3,A,aa1,1310,-1.865,1.324,0,0
10,2,27,3,A,aa2,1310,-1.776,-0.204,1,0
10,2,27,3,N,nb0,1315,0.597,-0.12,1,1
10,2,27,3,N,nb1,1315,0.801,-1.61,4,1
10,2,27,3,N,nb2,1315,-1.452,-1.035,1,1
10,2,27,3,N,nb3,1315,1.825,0.278,2,1
10,2,27,3,N,nb4,1315,0.809,-1.44,5,1
10,2,27,3,N,nb5,1315,-1.6,-0.955,2,1
10,2,27,3,N,nb6,1315,1.82,0.109,2,1
10,2,27,3,N,nb7,1315,-1.622,-0.738,1,1
10,2,27,3,N,nb8,1315,1.385,0.174,2,1
10,2,27,3,N,nb9,1315,0.585,0.054,1,1
10,2,27,3,N,nb10,1315,1.77,1.426,2,1
10,2,27,3,N,nb11,1315,1.612,0.644,1,1
10,2,27,3,N,nb12,1315,1.021,-1.865,1,1
10,2,27,3,N,nb13,1315,0.889,-1.29,3,1
10,2,27,3,N,nb14,1315,1.095,-1.713,2,1
10,2,27,3,N,nb15,1315,0.93,-1.124,1,1
10,2,27,3,N,nb16,1315,1.795,0.488,2,1
10,2,27,3,N,nb17,1315,1.665,-0.017,2,1
10,2,27,3,N,nb18,1315,0.58,-1.865,1,1
10,2,27,3,N,nb19,1315,1.866,1.568,1,1
10,2,27,3,N,nb20,1315,0.612,-1.407,2,1
10,2,27,3,N,nb21,1315,1.374,-0.163,1,1
10,2,27,3,N,nb22,1315,1.509,0.051,3,1
10,2,27,3,N,nb23,1315,0.614,-1.576,3,1
10,2,27,3,N,nb24,1315,0.746,-1.847,2,1
10,2,27,3,N,nb25,1315,0.954,-1.528,4,1
10,2,27,3,N,nb26,1315,1.837,1.27,1,1
10,2,27,3,N,nb27,1315,-0.265,0.216,1,1
10,2,27,3,N,nb28,1315,-0.116,0.134,1,1
10,2,27,3,N,nb29,1315,1.347,0.004,3,1
10,2,27,3,A,aa0,1315,-0.161,-1.282,0,0
10,2,27,3,A,aa1,1315,-1.865,1.395,0,0
10,2,27,3,A,aa2,1315,-1.828,-0.132,0,0
10,2,27,3,N,nb0,1320,0.597,-0.12,1,1
10,2,27,3,N,nb1,1320,0.801,-1.61,4,1
10,2,27,3,N,nb2,1320,-1.452,-1.035,1,0
10,2,27,3,N,nb3,1320,1.825,0.278,2,0
10,2,27,3,N,nb4,1320,0.809,-1.44,5,1
10,2,27,3,N,nb5,1320,-1.6,-0.955,2,0
10,2,27,3,N,nb6,1320,1.82,0.109,2,1
10,2,27,3,N,nb7,1320,-1.622,-0.738,1,0
10,2,27,3,N,nb8,1320,1.385,0.174,2,0
10,2,27,3,N,nb9,1320,0.585,0.054,1,1
10,2,27,3,N,nb10,1320,1.77,1.426,2,1
10,2,27,3,N,nb11,1320,1.612,0.644,1,1
10,2,27,3,N,nb12,1320,1.021,-1.865,1,1
10,2,27,3,N,nb13,1320,0.889,-1.29,3,1
10,2,27,3,N,nb14,1320,1.095,-1.713,2,1
10,2,27,3,N,nb15,1320,0.93,-1.124,1,1
10,2,27,3,N,nb16,1320,1.795,0.488,2,0
10,2,27,3,N,nb17,1320,1.665,-0.017,2,1
10,2,27,3,N,nb18,1320,0.58,-1.865,1,1
10,2,27,3,N,nb19,1320,1.866,1.568,1,1
10,2,27,3,N,nb20,1320,0.612,-1.407,2,1
10,2,27,3,N,nb21,1320,1.374,-0.163,1,1
10,2,27,3,N,nb22,1320,1.509,0.051,3,1
10,2,27,3,N,nb23,1320,0.614,-1.576,3,1
10,2,27,3,N,nb24,1320,0.746,-1.847,2,1
10,2,27,3,N,nb25,1320,0.954,-1.528,4,1
10,2,27,3,N,nb26,1320,1.837,1.27,1,1
10,2,27,3,N,nb27,1320,-0.265,0.216,1,1
10,2,27,3,N,nb28,1320,-0.116,0.134,1,1
10,2,27,3,N,nb29,1320,1.347,0.004,3,1
10,2,27,3,A,aa0,1320,-0.144,-1.25,0,0
10,2,27,3,A,aa1,1320,-1.865,1.475,0,0
10,2,27,3,A,aa2,1320,-1.865,-0.052,0,0
10,2,27,3,N,nb0,1325,0.597,-0.12,1,1
10,2,27,3,N,nb1,1325,0.801,-1.61,4,1
10,2,27,3,N,nb2,1325,-1.452,-1.035,1,1
10,2,27,3,N,nb3,1325,1.825,0.278,2,1
10,2,27,3,N,nb4,1325,0.809,-1.44,5,1
10,2,27,3,N,nb5,1325,-1.6,-0.955,2,1
10,2,27,3,N,nb6,1325,1.82,0.109,2,1
10,2,27,3,N,nb7,1325,-1.622,-0.738,1,1
10,2,27,3,N,nb8,1325,1.385,0.174,2,1
10,2,27,3,N,nb9,1325,0.585,0.054,1,1
10,2,27,3,N,nb10,1325,1.77,1.426,2,1
10,2,27,3,N,nb11,1325,1.612,0.644,1,1
10,2,27,3,N,nb12,1325,1.021,-1.865,1,1
10,2,27,3,N,nb13,1325,0.889,-1.29,3,1
10,2,27,3,N,nb14,1325,1.095,-1.713,2,1
10,2,27,3,N,nb15,1325,0.93,-1.124,1,0
10,2,27,3,N,nb16,1325,1.795,0.488,2,1
10,2,27,3,N,nb17,1325,1.665,-0.017,2,1
10,2,27,3,N,nb18,1325,0.58,-1.865,1,1
10,2,27,3,N,nb19,1325,1.866,1.568,1,1
10,2,27,3,N,nb20,1325,0.612,-1.407,2,1
10,2,27,3,N,nb21,1325,1.374,-0.163,1,1
10,2,27,3,N,nb22,1325,1.509,0.051,3,1
10,2,27,3,N,nb23,1325,0.614,-1.576,3,1
10,2,27,3,N,nb24,1325,0.746,-1.847,2,1
10,2,27,3,N,nb25,1325,0.954,-1.528,4,1
10,2,27,3,N,nb26,1325,1.837,1.27,1,1
10,2,27,3,N,nb27,1325,-0.265,0.216,1,1
10,2,27,3,N,nb28,1325,-0.116,0.134,1,1
10,2,27,3,N,nb29,1325,1.347,0.004,3,1
10,2,27,3,A,aa0,1325,-0.097,-1.161,0,0
10,2,27,3,A,aa1,1325,-1.865,1.56,0,0
10,2,27,3,A,aa2,1325,-1.865,0.031,0,0
10,2,27,3,N,nb0,1330,0.597,-0.12,1,1
10,2,27,3,N,nb1,1330,0.801,-1.61,4,1
10,2,27,3,N,nb2,1330,-1.452,-1.035,1,1
10,2,27,3,N,nb3,1330,1.825,0.278,2,1
10,2,27,3,N,nb4,1330,0.809,-1.44,5,1
10,2,27,3,N,nb5,1330,-1.6,-0.955,2,1
10,2,27,3,N,nb6,1330,1.82,0.109,2,1
10,2,27,3,N,nb7,1330,-1.622,-0.738,1,1
10,2,27,3,N,nb8,1330,1.385,0.174,2,1
10,2,27,3,N,nb9,1330,0.585,0.054,1,1
10,2,27,3,N,nb10,1330,1.77,1.426,2,1
10,2,27,3,N,nb11,1330,1.612,0.644,1,1
10,2,27,3,N,nb12,1330,1.021,-1.865,1,1
10,2,27,3,N,nb13,1330,0.889,-1.29,3,1
10,2,27,3,N,nb14,1330,1.095,-1.713,2,1
10,2,27,3,N,nb15,1330,0.93,-1.124,1,1
10,2,27,3,N,nb16,1330,1.795,0.488,2,1
10,2,27,3,N,nb17,1330,1.665,-0.017,2,1
10,2,27,3,N,nb18,1330,0.58,-1.865,1,1
10,2,27,3,N,nb19,1330,1.866,1.568,1,1
10,2,27,3,N,nb20,1330,0.612,-1.407,2,1
10,2,27,3,N,nb21,1330,1.374,-0.163,1,1
10,2,27,3,N,nb22,1330,1.509,0.051,3,1
10,2,27,3,N,nb23,1330,0.614,-1.576,3,1
10,2,27,3,N,nb24,1330,0.746,-1.847,2,1
10,2,27,3,N,nb25,1330,0.954,-1.528,4,1
10,2,27,3,N,nb26,1330,1.837,1.27,1,1
10,2,27,3,N,nb27,1330,-0.265,0.216,1,1
10,2,27,3,N,nb28,1330,-0.116,0.134,1,1
10,2,27,3,N,nb29,1330,1.347,0.004,3,1
10,2,27,3,A,aa0,1330,-0.05,-1.073,0,0
10,2,27,3,A,aa1,1330,-1.865,1.649,0,0
10,2,27,3,A,aa2,1330,-1.865,0.119,0,0
10,2,27,3,N,nb0,1335,0.597,-0.12,1,1
10,2,27,3,N,nb1,1335,0.801,-1.61,4,1
10,2,27,3,N,nb2,1335,-1.452,-1.035,1,1
10,2,27,3,N,nb3,1335,1.825,0.278,2,1
10,2,27,3,N,nb4,1335,0.809,-1.44,5,1
10,2,27,3,N,nb5,1335,-1.6,-0.955,2,1
10,2,27,3,N,nb6,1335,1.82,0.109,2,1
10,2,27,3,N,nb7,1335,-1.622,-0.738,1,1
10,2,27,3,N,nb8,1335,1.385,0.174,2,1
10,2,27,3,N,nb9,1335,0.585,0.054,1,1
10,2,27,3,N,nb10,1335,1.77,1.426,2,1
10,2,27,3,N,nb11,1335,1.612,0.644,1,1
10,2,27,3,N,nb12,1335,1.021,-1.865,1,1
10,2,27,3,N,nb13,1335,0.889,-1.29,3,1
10,2,27,3,N,nb14,1335,1.095,-1.713,2,1
10,2,27,3,N,nb15,1335,0.93,-1.124,1,1
10,2,27,3,N,nb16,1335,1.795,0.488,2,1
10,2,27,3,N,nb17,1335,1.665,-0.017,2,1
10,2,27,3,N,nb18,1335,0.58,-1.865,1,1
10,2,27,3,N,nb19,1335,1.866,1.568,1,1
10,2,27,3,N,nb20,1335,0.612,-1.407,2,1
10,2,27,3,N,nb21,1335,1.374,-0.163,1,1
10,2,27,3,N,nb22,1335,1.509,0.051,3,1
10,2,27,3,N,nb23,1335,0.614,-1.576,3,1
10,2,27,3,N,nb24,1335,0.746,-1.847,2,1
10,2,27,3,N,nb25,1335,0.954,-1.528,4,1
10,2,27,3,N,nb26,1335,1.837,1.27,1,1
10,2,27,3,N,nb27,1335,-0.265,0.216,1,1
10,2,27,3,N,nb28,1335,-0.116,0.134,1,1
10,2,27,3,N,nb29,1335,1.347,0.004,3,1
10,2,27,3,A,aa0,1335,-0.003,-0.985,0,0
10,2,27,3,A,aa1,1335,-1.865,1.741,0,0
10,2,27,3,A,aa2,1335,-1.865,0.21,0,0
10,2,27,3,N,nb0,1340,0.597,-0.12,1,1
10,2,27,3,N,nb1,1340,0.801,-1.61,4,1
10,2,27,3,N,nb2,1340,-1.452,-1.035,1,1
10,2,27,3,N,nb3,1340,1.825,0.278,2,1
10,2,27,3,N,nb4,1340,0.809,-1.44,5,1
10,2,27,3,N,nb5,1340,-1.6,-0.955,2,1
10,2,27,3,N,nb6,1340,1.82,0.109,2,1
10,2,27,3,N,nb7,1340,-1.622,-0.738,1,1
10,2,27,3,N,nb8,1340,1.385,0.174,2,1
10,2,27,3,N,nb9,1340,0.585,0.054,1,1
10,2,27,3,N,nb10,1340,1.77,1.426,2,1
10,2,27,3,N,nb11,1340,1.612,0.644,1,1
10,2,27,3,N,nb12,1340,1.021,-1.865,1,1
10,2,27,3,N,nb13,1340,0.889,-1.29,3,1
10,2,27,3,N,nb14,1340,1.095,-1.713,2,1
10,2,27,3,N,nb15,1340,0.93,-1.124,1,1
10,2,27,3,N,nb16,1340,1.795,0.488,2,1
10,2,27,3,N,nb17,1340,1.665,-0.017,2,1
10,2,27,3,N,nb18,1340,0.58,-1.865,1,1
10,2,27,3,N,nb19,1340,1.866,1.568,1,1
10,2,27,3,N,nb20,1340,0.612,-1.407,2,1
10,2,27,3,N,nb21,1340,1.374,-0.163,1,1
10,2,27,3,N,nb22,1340,1.509,0.051,3,1
10,2,27,3,N,nb23,1340,0.614,-1.576,3,1
10,2,27,3,N,nb24,1340,0.746,-1.847,2,1
10,2,27,3,N,nb25,1340,0.954,-1.528,4,1
10,2,27,3,N,nb26,1340,1.837,1.27,1,1
10,2,27,3,N,nb27,1340,-0.265,0.216,1,1
10,2,27,3,N,nb28,1340,-0.116,0.134,1,1
10,2,27,3,N,nb29,1340,1.347,0.004,3,1
10,2,27,3,A,aa0,1340,0.044,-0.897,0,0
10,2,27,3,A,aa1,1340,-1.858,1.833,0,0
10,2,27,3,A,aa2,1340,-1.862,0.302,0,0
10,2,27,3,N,nb0,1345,0.597,-0.12,1,1
10,2,27,3,N,nb1,1345,0.801,-1.61,4,1
10,2,27,3,N,nb2,1345,-1.452,-1.035,1,1
10,2,27,3,N,nb3,1345,1.825,0.278,2,1
10,2,27,3,N,nb4,1345,0.809,-1.44,5,1
10,2,27,3,N,nb5,1345,-1.6,-0.955,2,1
10,2,27,3,N,nb6,1345,1.82,0.109,2,1
10,2,27,3,N,nb7,1345,-1.622,-0.738,1,1
10,2,27,3,N,nb8,1345,1.385,0.174,2,1
10,2,27,3,N,nb9,1345,0.585,0.054,1,1
10,2,27,3,N,nb10,1345,1.77,1.426,2,1
10,2,27,3,N,nb11,1345,1.612,0.644,1,1
10,2,27,3,N,nb12,1345,1.021,-1.865,1,1
10,2,27,3,N,nb13,1345,0.889,-1.29,3,1
10,2,27,3,N,nb14,1345,1.095,-1.713,2,1
10,2,27,3,N,nb15,1345,0.93,-1.124,1,1
10,2,27,3,N,nb16,1345,1.795,0.488,2,1
10,2,27,3,N,nb17,1345,1.665,-0.017,2,1
10,2,27,3,N,nb18,1345,0.58,-1.865,1,1
10,2,27,3,N,nb19,1345,1.866,1.568,1,1
10,2,27,3,N,nb20,1345,0.612,-1.407,2,1
10,2,27,3,N,nb21,1345,1.374,-0.163,1,1
10,2,27,3,N,nb22,1345,1.509,0.051,3,1
10,2,27,3,N,nb23,1345,0.614,-1.576,3,1
10,2,27,3,N,nb24,1345,0.746,-1.847,2,1
10,2,27,3,N,nb25,1345,0.954,-1.528,4,1
10,2,27,3,N,nb26,1345,1.837,1.27,1,0
10,2,27,3,N,nb27,1345,-0.265,0.216,1,1
10,2,27,3,N,nb28,1345,-0.116,0.134,1,1
10,2,27,3,N,nb29,1345,1.347,0.004,3,1
10,2,27,3,A,aa0,1345,0.091,-0.808,0,0
10,2,27,3,A,aa1,1345,-1.844,1.865,0,0
10,2,27,3,A,aa2,1345,-1.851,0.378,0,0
10,2,27,3,N,nb0,1350,0.597,-0.12,1,1
10,2,27,3,N,nb1,1350,0.801,-1.61,4,1
10,2,27,3,N,nb2,1350,-1.452,-1.035,1,1
10,2,27,3,N,nb3,1350,1.825,0.278,2,1
10,2,27,3,N,nb4,1350,0.809,-1.44,5,1
10,2,27,3,N,nb5,1350,-1.6,-0.955,2,1
10,2,27,3,N,nb6,1350,1.82,0.109,2,1
10,2,27,3,N,nb7,1350,-1.622,-0.738,1,1
10,2,27,3,N,nb8,1350,1.385,0.174,2,1
10,2,27,3,N,nb9,1350,0.585,0.054,1,1
10,2,27,3,N,nb10,1350,1.77,1.426,2,1
10,2,27,3,N,nb11,1350,1.612,0.644,1,1
10,2,27,3,N,nb12,1350,1.021,-1.865,1,1
10,2,27,3,N,nb13,1350,0.889,-1.29,3,1
10,2,27,3,N,nb14,1350,1.095,-1.713,2,1
10,2,27,3,N,nb15,1350,0.93,-1.124,1,1
10,2,27,3,N,nb16,1350,1.795,0.488,2,1
10,2,27,3,N,nb17,1350,1.665,-0.017,2,1
10,2,27,3,N,nb18,1350,0.58,-1.865,1,1
10,2,27,3,N,nb19,1350,1.866,1.568,1,1
10,2,27,3,N,nb20,1350,0.612,-1.407,2,1
10,2,27,3,N,nb21,1350,1.374,-0.163,1,1
10,2,27,3,N,nb22,1350,1.509,0.051,3,1
10,2,27,3,N,nb23,1350,0.614,-1.576,3,1
10,2,27,3,N,nb24,1350,0.746,-1.847,2,1
10,2,27,3,N,nb25,1350,0.954,-1.528,4,1
10,2,27,3,N,nb26,1350,1.837,1.27,1,1
10,2,27,3,N,nb27,1350,-0.265,0.216,1,1
10,2,27,3,N,nb28,1350,-0.116,0.134,1,1
10,2,27,3,N,nb29,1350,1.347,0.004,3,1
10,2,27,3,A,aa0,1350,0.138,-0.72,0,0
10,2,27,3,A,aa1,1350,-1.818,1.865,0,0
10,2,27,3,A,aa2,1350,-1.851,0.378,0,0
10,2,27,3,N,nb0,1355,0.597,-0.12,1,1
10,2,27,3,N,nb1,1355,0.801,-1.61,4,1
10,2,27,3,N,nb2,1355,-1.452,-1.035,1,1
10,2,27,3,N,nb3,1355,1.825,0.278,2,1
10,2,27,3,N,nb4,1355,0.809,-1.44,5,1
10,2,27,3,N,nb5,1355,-1.6,-0.955,2,1
10,2,27,3,N,nb6,1355,1.82,0.109,2,1
10,2,27,3,N,nb7,1355,-1.622,-0.738,1,1
10,2,27,3,N,nb8,1355,1.385,0.174,2,1
10,2,27,3,N,nb9,1355,0.585,0.054,1,1
10,2,27,3,N,nb10,1355,1.77,1.426,2,1
10,2,27,3,N,nb11,1355,1.612,0.644,1,1
10,2,27,3,N,nb12,1355,1.021,-1.865,1,1
10,2,27,3,N,nb13,1355,0.889,-1.29,3,1
10,2,27,3,N,nb14,1355,1.095,-1.713,2,1
10,2,27,3,N,nb15,1355,0.93,-1.124,1,1
10,2,27,3,N,nb16,1355,1.795,0.488,2,1
10,2,27,3,N,nb17,1355,1.665,-0.017,2,1
10,2,27,3,N,nb18,1355,0.58,-1.865,1,1
10,2,27,3,N,nb19,1355,1.866,1.568,1,1
10,2,27,3,N,nb20,1355,0.612,-1.407,2,1
10,2,27,3,N,nb21,1355,1.374,-0.163,1,1
10,2,27,3,N,nb22,1355,1.509,0.051,3,1
10,2,27,3,N,nb23,1355,0.614,-1.576,3,1
10,2,27,3,N,nb24,1355,0.746,-1.847,2,1
10,2,27,3,N,nb25,1355,0.954,-1.528,4,1
10,2,27,3,N,nb26,1355,1.837,1.27,1,1
10,2,27,3,N,nb27,1355,-0.265,0.216,1,1
10,2,27,3,N,nb28,1355,-0.116,0.134,1,1
10,2,27,3,N,nb29,1355,1.347,0.004,3,1
10,2,27,3,A,aa0,1355,0.185,-0.632,0,0
10,2,27,3,A,aa1,1355,-1.779,1.865,0,0
10,2,27,3,A,aa2,1355,-1.866,0.407,0,0
10,2,27,3,N,nb0,1360,0.597,-0.12,1,1
10,2,27,3,N,nb1,1360,0.801,-1.61,4,1
10,2,27,3,N,nb2,1360,-1.452,-1.035,1,1
10,2,27,3,N,nb3,1360,1.825,0.278,2,1
10,2,27,3,N,nb4,1360,0.809,-1.44,5,1
10,2,27,3,N,nb5,1360,-1.6,-0.955,2,1
10,2,27,3,N,nb6,1360,1.82,0.109,2,1
10,2,27,3,N,nb7,1360,-1.622,-0.738,1,1
10,2,27,3,N,nb8,1360,1.385,0.174,2,1
10,2,27,3,N,nb9,1360,0.585,0.054,1,1
10,2,27,3,N,nb10,1360,1.77,1.426,2,1
10,2,27,3,N,nb11,1360,1.612,0.644,1,1
10,2,27,3,N,nb12,1360,1.021,-1.865,1,1
10,2,27,3,N,nb13,1360,0.889,-1.29,3,1
10,2,27,3,N,nb14,1360,1.095,-1.713,2,1
10,2,27,3,N,nb15,1360,0.93,-1.124,1,1
10,2,27,3,N,nb16,1360,1.795,0.488,2,1
10,2,27,3,N,nb17,1360,1.665,-0.017,2,1
10,2,27,3,N,nb18,1360,0.58,-1.865,1,1
10,2,27,3,N,nb19,1360,1.866,1.568,1,1
10,2,27,3,N,nb20,1360,0.612,-1.407,2,1
10,2,27,3,N,nb21,1360,1.374,-0.163,1,1
10,2,27,3,N,nb22,1360,1.509,0.051,3,1
10,2,27,3,N,nb23,1360,0.614,-1.576,3,1
10,2,27,3,N,nb24,1360,0.746,-1.847,2,1
10,2,27,3,N,nb25,1360,0.954,-1.528,4,1
10,2,27,3,N,nb26,1360,1.837,1.27,1,1
10,2,27,3,N,nb27,1360,-0.265,0.216,1,1
10,2,27,3,N,nb28,1360,-0.116,0.134,1,1
10,2,27,3,N,nb29,1360,1.347,0.004,3,1
10,2,27,3,A,aa0,1360,0.232,-0.543,1,0
10,2,27,3,A,aa1,1360,-1.726,1.865,0,0
10,2,27,3,A,aa2,1360,-1.866,0.465,0,0
10,2,27,3,N,nb0,1365,0.597,-0.12,1,1
10,2,27,3,N,nb1,1365,0.801,-1.61,4,1
10,2,27,3,N,nb2,1365,-1.452,-1.035,1,1
10,2,27,3,N,nb3,1365,1.825,0.278,2,1
10,2,27,3,N,nb4,1365,0.809,-1.44,5,1
10,2,27,3,N,nb5,1365,-1.6,-0.955,2,1
10,2,27,3,N,nb6,1365,1.82,0.109,2,1
10,2,27,3,N,nb7,1365,-1.622,-0.738,1,1
10,2,27,3,N,nb8,1365,1.385,0.174,2,1
10,2,27,3,N,nb9,1365,0.585,0.054,1,1
10,2,27,3,N,nb10,1365,1.77,1.426,2,1
10,2,27,3,N,nb11,1365,1.612,0.644,1,1
10,2,27,3,N,nb12,1365,1.021,-1.865,1,1
10,2,27,3,N,nb13,1365,0.889,-1.29,3,1
10,2,27,3,N,nb14,1365,1.095,-1.713,2,1
10,2,27,3,N,nb15,1365,0.93,-1.124,1,1
10,2,27,3,N,nb16,1365,1.795,0.488,2,1
10,2,27,3,N,nb17,1365,1.665,-0.017,2,1
10,2,27,3,N,nb18,1365,0.58,-1.865,1,1
10,2,27,3,N,nb19,1365,1.866,1.568,1,1
10,2,27,3,N,nb20,1365,0.612,-1.407,2,1
10,2,27,3,N,nb21,1365,1.374,-0.163,1,1
10,2,27,3,N,nb22,1365,1.509,0.051,3,1
10,2,27,3,N,nb23,1365,0.614,-1.576,3,1
10,2,27,3,N,nb24,1365,0.746,-1.847,2,1
10,2,27,3,N,nb25,1365,0.954,-1.528,4,1
10,2,27,3,N,nb26,1365,1.837,1.27,1,1
10,2,27,3,N,nb27,1365,-0.265,0.216,1,1
10,2,27,3,N,nb28,1365,-0.116,0.134,1,1
10,2,27,3,N,nb29,1365,1.347,0.004,3,1
10,2,27,3,A,aa0,1365,0.279,-0.455,2,0
10,2,27,3,A,aa1,1365,-1.662,1.865,0,0
10,2,27,3,A,aa2,1365,-1.866,0.533,0,0
10,2,27,3,N,nb0,1370,0.597,-0.12,1,1
10,2,27,3,N,nb1,1370,0.801,-1.61,4,1
10,2,27,3,N,nb2,1370,-1.452,-1.035,1,1
10,2,27,3,N,nb3,1370,1.825,0.278,2,1
10,2,27,3,N,nb4,1370,0.809,-1.44,5,1
10,2,27,3,N,nb5,1370,-1.6,-0.955,2,1
10,2,27,3,N,nb6,1370,1.82,0.109,2,1
10,2,27,3,N,nb7,1370,-1.622,-0.738,1,1
10,2,27,3,N,nb8,1370,1.385,0.174,2,1
10,2,27,3,N,nb9,1370,0.585,0.054,1,1
10,2,27,3,N,nb10,1370,1.77,1.426,2,1
10,2,27,3,N,nb11,1370,1.612,0.644,1,1
10,2,27,3,N,nb12,1370,1.021,-1.865,1,1
10,2,27,3,N,nb13,1370,0.889,-1.29,3,1
10,2,27,3,N,nb14,1370,1.095,-1.713,2,1
10,2,27,3,N,nb15,1370,0.93,-1.124,1,1
10,2,27,3,N,nb16,1370,1.795,0.488,2,1
10,2,27,3,N,nb17,1370,1.665,-0.017,2,1
10,2,27,3,N,nb18,1370,0.58,-1.865,1,1
10,2,27,3,N,nb19,1370,1.866,1.568,1,1
10,2,27,3,N,nb20,1370,0.612,-1.407,2,1
10,2,27,3,N,nb21,1370,1.374,-0.163,1,1
10,2,27,3,N,nb22,1370,1.509,0.051,3,1
10,2,27,3,N,nb23,1370,0.614,-1.576,3,1
10,2,27,3,N,nb24,1370,0.746,-1.847,2,1
10,2,27,3,N,nb25,1370,0.954,-1.528,4,1
10,2,27,3,N,nb26,1370,1.837,1.27,1,1
10,2,27,3,N,nb27,1370,-0.265,0.216,1,1
10,2,27,3,N,nb28,1370,-0.116,0.134,1,1
10,2,27,3,N,nb29,1370,1.347,0.004,3,1
10,2,27,3,A,aa0,1370,0.326,-0.367,2,0
10,2,27,3,A,aa1,1370,-1.588,1.865,0,0
10,2,27,3,A,aa2,1370,-1.866,0.61,0,0
10,2,27,3,N,nb0,1375,0.597,-0.12,1,1
10,2,27,3,N,nb1,1375,0.801,-1.61,4,1
10,2,27,3,N,nb2,1375,-1.452,-1.035,1,1
10,2,27,3,N,nb3,1375,1.825,0.278,2,1
10,2,27,3,N,nb4,1375,0.809,-1.44,5,1
10,2,27,3,N,nb5,1375,-1.6,-0.955,2,1
10,2,27,3,N,nb6,1375,1.82,0.109,2,1
10,2,27,3,N,nb7,1375,-1.622,-0.738,1,1
10,2,27,3,N,nb8,1375,1.385,0.174,2,1
10,2,27,3,N,nb9,1375,0.585,0.054,1,1
10,2,27,3,N,nb10,1375,1.77,1.426,2,1
10,2,27,3,N,nb11,1375,1.612,0.644,1,1
10,2,27,3,N,nb12,1375,1.021,-1.865,1,1
10,2,27,3,N,nb13,1375,0.889,-1.29,3,1
10,2,27,3,N,nb14,1375,1.095,-1.713,2,1
10,2,27,3,N,nb15,1375,0.93,-1.124,1,1
10,2,27,3,N,nb16,1375,1.795,0.488,2,1
10,2,27,3,N,nb17,1375,1.665,-0.017,2,1
10,2,27,3,N,nb18,1375,0.58,-1.865,1,1
10,2,27,3,N,nb19,1375,1.866,1.568,1,1
10,2,27,3,N,nb20,1375,0.612,-1.407,2,1
10,2,27,3,N,nb21,1375,1.374,-0.163,1,1
10,2,27,3,N,nb22,1375,1.509,0.051,3,1
10,2,27,3,N,nb23,1375,0.614,-1.576,3,1
10,2,27,3,N,nb24,1375,0.746,-1.847,2,1
10,2,27,3,N,nb25,1375,0.954,-1.528,4,1
10,2,27,3,N,nb26,1375,1.837,1.27,1,1
10,2,27,3,N,nb27,1375,-0.265,0.216,1,1
10,2,27,3,N,nb28,1375,-0.116,0.134,1,1
10,2,27,3,N,nb29,1375,1.347,0.004,3,1
10,2,27,3,A,aa0,1375,0.365,-0.293,1,0
10,2,27,3,A,aa1,1375,-1.506,1.865,0,0
10,2,27,3,A,aa2,1375,-1.866,0.693,0,0
10,2,27,3,N,nb0,1380,0.597,-0.12,1,1
10,2,27,3,N,nb1,1380,0.801,-1.61,4,1
10,2,27,3,N,nb2,1380,-1.452,-1.035,1,1
10,2,27,3,N,nb3,1380,1.825,0.278,2,1
10,2,27,3,N,nb4,1380,0.809,-1.44,5,1
10,2,27,3,N,nb5,1380,-1.6,-0.955,2,1
10,2,27,3,N,nb6,1380,1.82,0.109,2,1
10,2,27,3,N,nb7,1380,-1.622,-0.738,1,1
10,2,27,3,N,nb8,1380,1.385,0.174,2,1
10,2,27,3,N,nb9,1380,0.585,0.054,1,1
10,2,27,3,N,nb10,1380,1.77,1.426,2,1
10,2,27,3,N,nb11,1380,1.612,0.644,1,1
10,2,27,3,N,nb12,1380,1.021,-1.865,1,1
10,2,27,3,N,nb13,1380,0.889,-1.29,3,1
10,2,27,3,N,nb14,1380,1.095,-1.713,2,1
10,2,27,3,N,nb15,1380,0.93,-1.124,1,1
10,2,27,3,N,nb16,1380,1.795,0.488,2,1
10,2,27,3,N,nb17,1380,1.665,-0.017,2,1
10,2,27,3,N,nb18,1380,0.58,-1.865,1,1
10,2,27,3,N,nb19,1380,1.866,1.568,1,1
10,2,27,3,N,nb20,1380,0.612,-1.407,2,1
10,2,27,3,N,nb21,1380,1.374,-0.163,1,1
10,2,27,3,N,nb22,1380,1.509,0.051,3,1
10,2,27,3,N,nb23,1380,0.614,-1.576,3,1
10,2,27,3,N,nb24,1380,0.746,-1.847,2,1
10,2,27,3,N,nb25,1380,0.954,-1.528,4,1
10,2,27,3,N,nb26,1380,1.837,1.27,1,1
10,2,27,3,N,nb27,1380,-0.265,0.216,1,1
10,2,27,3,N,nb28,1380,-0.116,0.134,1,1
10,2,27,3,N,nb29,1380,1.347,0.004,3,1
10,2,27,3,A,aa0,1380,0.362,-0.257,2,0
10,2,27,3,A,aa1,1380,-1.42,1.865,0,0
10,2,27,3,A,aa2,1380,-1.866,0.781,0,0
10,2,27,3,N,nb0,1385,0.596,-0.108,1,0
10,2,27,3,N,nb1,1385,0.801,-1.61,4,1
10,2,27,3,N,nb2,1385,-1.452,-1.035,1,1
10,2,27,3,N,nb3,1385,1.825,0.278,2,1
10,2,27,3,N,nb4,1385,0.809,-1.44,5,1
10,2,27,3,N,nb5,1385,-1.6,-0.955,2,1
10,2,27,3,N,nb6,1385,1.82,0.109,2,1
10,2,27,3,N,nb7,1385,-1.622,-0.738,1,1
10,2,27,3,N,nb8,1385,1.385,0.174,2,1
10,2,27,3,N,nb9,1385,0.598,0.062,1,0
10,2,27,3,N,nb10,1385,1.77,1.426,2,1
10,2,27,3,N,nb11,1385,1.612,0.644,1,1
10,2,27,3,N,nb12,1385,1.021,-1.865,1,1
10,2,27,3,N,nb13,1385,0.889,-1.29,3,1
10,2,27,3,N,nb14,1385,1.095,-1.713,2,1
10,2,27,3,N,nb15,1385,0.93,-1.124,1,1
10,2,27,3,N,nb16,1385,1.795,0.488,2,1
10,2,27,3,N,nb17,1385,1.665,-0.017,2,1
10,2,27,3,N,nb18,1385,0.58,-1.865,1,1
10,2,27,3,N,nb19,1385,1.866,1.568,1,1
10,2,27,3,N,nb20,1385,0.612,-1.407,2,1
10,2,27,3,N,nb21,1385,1.374,-0.163,1,1
10,2,27,3,N,nb22,1385,1.509,0.051,3,1
10,2,27,3,N,nb23,1385,0.614,-1.576,3,1
10,2,27,3,N,nb24,1385,0.746,-1.847,2,1
10,2,27,3,N,nb25,1385,0.954,-1.528,4,1
10,2,27,3,N,nb26,1385,1.837,1.27,1,1
10,2,27,3,N,nb27,1385,-0.265,0.216,1,1
10,2,27,3,N,nb28,1385,-0.121,0.119,1,0
10,2,27,3,N,nb29,1385,1.347,0.004,3,1
10,2,27,3,A,aa0,1385,0.352,-0.164,0,0
10,2,27,3,A,aa1,1385,-1.33,1.865,0,0
10,2,27,3,A,aa2,1385,-1.866,0.873,0,0
10,2,27,3,N,nb0,1390,0.59,-0.036,1,0
10,2,27,3,N,nb1,1390,0.801,-1.61,4,1
10,2,27,3,N,nb2,1390,-1.452,-1.035,1,1
10,2,27,3,N,nb3,1390,1.825,0.278,2,1
10,2,27,3,N,nb4,1390,0.809,-1.44,5,1
10,2,27,3,N,nb5,1390,-1.6,-0.955,2,1
10,2,27,3,N,nb6,1390,1.82,0.109,2,1
10,2,27,3,N,nb7,1390,-1.622,-0.738,1,1
10,2,27,3,N,nb8,1390,1.385,0.174,2,1
10,2,27,3,N,nb9,1390,0.683,0.108,1,0
10,2,27,3,N,nb10,1390,1.77,1.426,2,1
10,2,27,3,N,nb11,1390,1.612,0.644,1,1
10,2,27,3,N,nb12,1390,1.021,-1.865,1,1
10,2,27,3,N,nb13,1390,0.889,-1.29,3,1
10,2,27,3,N,nb14,1390,1.095,-1.713,2,1
10,2,27,3,N,nb15,1390,0.93,-1.124,1,1
10,2,27,3,N,nb16,1390,1.795,0.488,2,1
10,2,27,3,N,nb17,1390,1.665,-0.017,2,1
10,2,27,3,N,nb18,1390,0.58,-1.865,1,1
10,2,27,3,N,nb19,1390,1.866,1.568,1,1
10,2,27,3,N,nb20,1390,0.612,-1.407,2,1
10,2,27,3,N,nb21,1390,1.374,-0.163,1,1
10,2,27,3,N,nb22,1390,1.509,0.051,3,1
10,2,27,3,N,nb23,1390,0.614,-1.576,3,1
10,2,27,3,N,nb24,1390,0.746,-1.847,2,1
10,2,27,3,N,nb25,1390,0.954,-1.528,4,1
10,2,27,3,N,nb26,1390,1.837,1.27,1,1
10,2,27,3,N,nb27,1390,-0.265,0.216,1,1
10,2,27,3,N,nb28,1390,-0.144,0.028,1,0
10,2,27,3,N,nb29,1390,1.347,0.004,3,1
10,2,27,3,A,aa0,1390,0.351,-0.162,0,0
10,2,27,3,A,aa1,1390,-1.238,1.864,0,0
10,2,27,3,A,aa2,1390,-1.862,0.965,0,0
10,2,27,3,N,nb0,1395,0.571,0.036,1,1
10,2,27,3,N,nb1,1395,0.801,-1.61,4,1
10,2,27,3,N,nb2,1395,-1.452,-1.035,1,1
10,2,27,3,N,nb3,1395,1.825,0.278,2,1
10,2,27,3,N,nb4,1395,0.809,-1.44,5,0
10,2,27,3,N,nb5,1395,-1.6,-0.955,2,1
10,2,27,3,N,nb6,1395,1.82,0.109,2,0
10,2,27,3,N,nb7,1395,-1.622,-0.738,1,1
10,2,27,3,N,nb8,1395,1.385,0.174,2,1
10,2,27,3,N,nb9,1395,0.757,0.142,1,1
10,2,27,3,N,nb10,1395,1.77,1.426,2,1
10,2,27,3,N,nb11,1395,1.612,0.644,1,1
10,2,27,3,N,nb12,1395,1.021,-1.865,1,1
10,2,27,3,N,nb13,1395,0.889,-1.29,3,0
10,2,27,3,N,nb14,1395,1.095,-1.713,2,1
10,2,27,3,N,nb15,1395,0.93,-1.124,1,1
10,2,27,3,N,nb16,1395,1.795,0.488,2,1
10,2,27,3,N,nb17,1395,1.665,-0.017,2,0
10,2,27,3,N,nb18,1395,0.58,-1.865,1,1
10,2,27,3,N,nb19,1395,1.866,1.568,1,1
10,2,27,3,N,nb20,1395,0.612,-1.407,2,1
10,2,27,3,N,nb21,1395,1.374,-0.163,1,1
10,2,27,3,N,nb22,1395,1.509,0.051,3,0
10,2,27,3,N,nb23,1395,0.614,-1.576,3,1
10,2,27,3,N,nb24,1395,0.746,-1.847,2,1
10,2,27,3,N,nb25,1395,0.954,-1.528,4,0
10,2,27,3,N,nb26,1395,1.837,1.27,1,1
10,2,27,3,N,nb27,1395,-0.265,0.216,0,1
10,2,27,3,N,nb28,1395,-0.161,-0.068,0,0
10,2,27,3,N,nb29,1395,1.347,0.004,3,1
10,2,27,3,A,aa0,1395,0.316,-0.153,0,0
10,2,27,3,A,aa1,1395,-1.146,1.854,0,0
10,2,27,3,A,aa2,1395,-1.849,1.057,0,0
10,2,27,3,N,nb0,1400,0.571,0.036,1,1
10,2,27,3,N,nb1,1400,0.801,-1.61,4,1
10,2,27,3,N,nb2,1400,-1.452,-1.035,1,1
10,2,27,3,N,nb3,1400,1.825,0.278,2,1
10,2,27,3,N,nb4,1400,0.809,-1.44,5,1
10,2,27,3,N,nb5,1400,-1.6,-0.955,2,1
10,2,27,3,N,nb6,1400,1.82,0.109,2,1
10,2,27,3,N,nb7,1400,-1.622,-0.738,1,1
10,2,27,3,N,nb8,1400,1.385,0.174,2,1
10,2,27,3,N,nb9,1400,0.757,0.142,1,1
10,2,27,3,N,nb10,1400,1.77,1.426,2,1
10,2,27,3,N,nb11,1400,1.612,0.644,1,1
10,2,27,3,N,nb12,1400,1.021,-1.865,1,1
10,2,27,3,N,nb13,1400,0.889,-1.29,3,1
10,2,27,3,N,nb14,1400,1.095,-1.713,2,1
10,2,27,3,N,nb15,1400,0.93,-1.124,1,1
10,2,27,3,N,nb16,1400,1.795,0.488,2,1
10,2,27,3,N,nb17,1400,1.665,-0.017,2,1
10,2,27,3,N,nb18,1400,0.58,-1.865,1,1
10,2,27,3,N,nb19,1400,1.866,1.568,1,1
10,2,27,3,N,nb20,1400,0.612,-1.407,2,1
10,2,27,3,N,nb21,1400,1.374,-0.163,1,1
10,2,27,3,N,nb22,1400,1.509,0.051,3,1
10,2,27,3,N,nb23,1400,0.614,-1.576,3,1
10,2,27,3,N,nb24,1400,0.746,-1.847,2,1
10,2,27,3,N,nb25,1400,0.954,-1.528,4,1
10,2,27,3,N,nb26,1400,1.837,1.27,1,1
10,2,27,3,N,nb27,1400,-0.265,0.216,0,1
10,2,27,3,N,nb28,1400,-0.177,-0.167,0,0
10,2,27,3,N,nb29,1400,1.347,0.004,3,1
10,2,27,3,A,aa0,1400,0.218,-0.129,2,0
10,2,27,3,A,aa1,1400,-1.055,1.835,0,0
10,2,27,3,A,aa2,1400,-1.826,1.147,0,0
10,2,27,3,N,nb0,1405,0.571,0.036,1,1
10,2,27,3,N,nb1,1405,0.801,-1.61,4,1
10,2,27,3,N,nb2,1405,-1.452,-1.035,1,1
10,2,27,3,N,nb3,1405,1.825,0.278,2,1
10,2,27,3,N,nb4,1405,0.809,-1.44,5,1
10,2,27,3,N,nb5,1405,-1.6,-0.955,2,1
10,2,27,3,N,nb6,1405,1.82,0.109,2,1
10,2,27,3,N,nb7,1405,-1.622,-0.738,1,1
10,2,27,3,N,nb8,1405,1.385,0.174,2,1
10,2,27,3,N,nb9,1405,0.757,0.142,1,1
10,2,27,3,N,nb10,1405,1.77,1.426,2,1
10,2,27,3,N,nb11,1405,1.612,0.644,1,1
10,2,27,3,N,nb12,1405,1.021,-1.865,1,0
10,2,27,3,N,nb13,1405,0.889,-1.29,3,1
10,2,27,3,N,nb14,1405,1.095,-1.713,2,0
10,2,27,3,N,nb15,1405,0.93,-1.124,1,1
10,2,27,3,N,nb16,1405,1.795,0.488,2,1
10,2,27,3,N,nb17,1405,1.665,-0.017,2,1
10,2,27,3,N,nb18,1405,0.58,-1.865,1,1
10,2,27,3,N,nb19,1405,1.866,1.568,1,1
10,2,27,3,N,nb20,1405,0.612,-1.407,2,1
10,2,27,3,N,nb21,1405,1.374,-0.163,1,1
10,2,27,3,N,nb22,1405,1.509,0.051,3,1
10,2,27,3,N,nb23,1405,0.614,-1.576,3,1
10,2,27,3,N,nb24,1405,0.746,-1.847,2,1
10,2,27,3,N,nb25,1405,0.954,-1.528,4,1
10,2,27,3,N,nb26,1405,1.837,1.27,1,1
10,2,27,3,N,nb27,1405,-0.265,0.216,0,1
10,2,27,3,N,nb28,1405,-0.193,-0.265,0,0
10,2,27,3,N,nb29,1405,1.347,0.004,3,1
10,2,27,3,A,aa0,1405,0.121,-0.105,2,0
10,2,27,3,A,aa1,1405,-0.965,1.807,0,0
10,2,27,3,A,aa2,1405,-1.795,1.236,0,0
10,2,27,3,N,nb0,1410,0.571,0.036,1,1
10,2,27,3,N,nb1,1410,0.801,-1.61,4,1
10,2,27,3,N,nb2,1410,-1.452,-1.035,1,1
10,2,27,3,N,nb3,1410,1.825,0.278,2,1
10,2,27,3,N,nb4,1410,0.809,-1.44,5,1
10,2,27,3,N,nb5,1410,-1.6,-0.955,2,1
10,2,27,3,N,nb6,1410,1.82,0.109,2,1
10,2,27,3,N,nb7,1410,-1.622,-0.738,1,1
10,2,27,3,N,nb8,1410,1.385,0.174,2,1
10,2,27,3,N,nb9,1410,0.757,0.142,1,1
10,2,27,3,N,nb10,1410,1.77,1.426,2,1
10,2,27,3,N,nb11,1410,1.612,0.644,1,1
10,2,27,3,N,nb12,1410,1.021,-1.865,1,1
10,2,27,3,N,nb13,1410,0.889,-1.29,3,1
10,2,27,3,N,nb14,1410,1.095,-1.713,2,1
10,2,27,3,N,nb15,1410,0.93,-1.124,1,1
10,2,27,3,N,nb16,1410,1.795,0.488,2,1
10,2,27,3,N,nb17,1410,1.665,-0.017,2,1
10,2,27,3,N,nb18,1410,0.58,-1.865,1,1
10,2,27,3,N,nb19,1410,1.866,1.568,1,1
10,2,27,3,N,nb20,1410,0.612,-1.407,2,1
10,2,27,3,N,nb21,1410,1.374,-0.163,1,1
10,2,27,3,N,nb22,1410,1.509,0.051,3,1
10,2,27,3,N,nb23,1410,0.614,-1.576,3,1
10,2,27,3,N,nb24,1410,0.746,-1.847,2,1
10,2,27,3,N,nb25,1410,0.954,-1.528,4,1
10,2,27,3,N,nb26,1410,1.837,1.27,1,1
10,2,27,3,N,nb27,1410,-0.265,0.216,0,1
10,2,27,3,N,nb28,1410,-0.209,-0.364,0,0
10,2,27,3,N,nb29,1410,1.347,0.004,3,1
10,2,27,3,A,aa0,1410,0.024,-0.082,2,0
10,2,27,3,A,aa1,1410,-0.878,1.771,0,0
10,2,27,3,A,aa2,1410,-1.755,1.322,0,0
10,2,27,3,N,nb0,1415,0.571,0.036,1,1
10,2,27,3,N,nb1,1415,0.801,-1.61,4,1
10,2,27,3,N,nb2,1415,-1.452,-1.035,1,1
10,2,27,3,N,nb3,1415,1.825,0.278,2,1
10,2,27,3,N,nb4,1415,0.809,-1.44,5,1
10,2,27,3,N,nb5,1415,-1.6,-0.955,2,1
10,2,27,3,N,nb6,1415,1.82,0.109,2,1
10,2,27,3,N,nb7,1415,-1.622,-0.738,1,1
10,2,27,3,N,nb8,1415,1.385,0.174,2,1
10,2,27,3,N,nb9,1415,0.757,0.142,1,1
10,2,27,3,N,nb10,1415,1.77,1.426,2,1
10,2,27,3,N,nb11,1415,1.612,0.644,1,1
10,2,27,3,N,nb12,1415,1.021,-1.865,1,1
10,2,27,3,N,nb13,1415,0.889,-1.29,3,1
10,2,27,3,N,nb14,1415,1.095,-1.713,2,1
10,2,27,3,N,nb15,1415,0.93,-1.124,1,1
10,2,27,3,N,nb16,1415,1.795,0.488,2,1
10,2,27,3,N,nb17,1415,1.665,-0.017,2,1
10,2,27,3,N,nb18,1415,0.58,-1.865,1,1
10,2,27,3,N,nb19,1415,1.866,1.568,1,1
10,2,27,3,N,nb20,1415,0.612,-1.407,2,1
10,2,27,3,N,nb21,1415,1.374,-0.163,1,1
10,2,27,3,N,nb22,1415,1.509,0.051,3,1
10,2,27,3,N,nb23,1415,0.614,-1.576,3,1
10,2,27,3,N,nb24,1415,0.746,-1.847,2,1
10,2,27,3,N,nb25,1415,0.954,-1.528,4,1
10,2,27,3,N,nb26,1415,1.837,1.27,1,1
10,2,27,3,N,nb27,1415,-0.265,0.216,0,0
10,2,27,3,N,nb28,1415,-0.225,-0.463,0,0
10,2,27,3,N,nb29,1415,1.347,0.004,3,1
10,2,27,3,A,aa0,1415,-0.073,-0.058,1,0
10,2,27,3,A,aa1,1415,-0.79,1.728,0,0
10,2,27,3,A,aa2,1415,-1.711,1.412,0,0
10,2,27,3,N,nb0,1420,0.571,0.036,1,1
10,2,27,3,N,nb1,1420,0.801,-1.61,4,1
10,2,27,3,N,nb2,1420,-1.452,-1.035,1,1
10,2,27,3,N,nb3,1420,1.825,0.278,2,1
10,2,27,3,N,nb4,1420,0.809,-1.44,5,1
10,2,27,3,N,nb5,1420,-1.6,-0.955,2,1
10,2,27,3,N,nb6,1420,1.82,0.109,2,1
10,2,27,3,N,nb7,1420,-1.622,-0.738,1,1
10,2,27,3,N,nb8,1420,1.385,0.174,2,1
10,2,27,3,N,nb9,1420,0.757,0.142,1,1
10,2,27,3,N,nb10,1420,1.77,1.426,2,1
10,2,27,3,N,nb11,1420,1.612,0.644,1,1
10,2,27,3,N,nb12,1420,1.021,-1.865,1,1
10,2,27,3,N,nb13,1420,0.889,-1.29,3,1
10,2,27,3,N,nb14,1420,1.095,-1.713,2,1
10,2,27,3,N,nb15,1420,0.93,-1.124,1,1
10,2,27,3,N,nb16,1420,1.795,0.488,2,1
10,2,27,3,N,nb17,1420,1.665,-0.017,2,1
10,2,27,3,N,nb18,1420,0.58,-1.865,1,1
10,2,27,3,N,nb19,1420,1.866,1.568,1,1
10,2,27,3,N,nb20,1420,0.612,-1.407,2,1
10,2,27,3,N,nb21,1420,1.374,-0.163,1,1
10,2,27,3,N,nb22,1420,1.509,0.051,3,1
10,2,27,3,N,nb23,1420,0.614,-1.576,3,1
10,2,27,3,N,nb24,1420,0.746,-1.847,2,1
10,2,27,3,N,nb25,1420,0.954,-1.528,4,1
10,2,27,3,N,nb26,1420,1.837,1.27,1,1
10,2,27,3,N,nb27,1420,-0.221,0.136,0,0
10,2,27,3,N,nb28,1420,-0.241,-0.562,0,0
10,2,27,3,N,nb29,1420,1.347,0.004,3,1
10,2,27,3,A,aa0,1420,-0.166,-0.036,0,0
10,2,27,3,A,aa1,1420,-0.7,1.683,0,0
10,2,27,3,A,aa2,1420,-1.667,1.502,0,0
10,2,27,3,N,nb0,1425,0.571,0.036,1,1
10,2,27,3,N,nb1,1425,0.801,-1.61,4,1
10,2,27,3,N,nb2,1425,-1.452,-1.035,1,1
10,2,27,3,N,nb3,1425,1.825,0.278,2,1
10,2,27,3,N,nb4,1425,0.809,-1.44,5,1
10,2,27,3,N,nb5,1425,-1.6,-0.955,2,1
10,2,27,3,N,nb6,1425,1.82,0.109,2,1
10,2,27,3,N,nb7,1425,-1.622,-0.738,1,1
10,2,27,3,N,nb8,1425,1.385,0.174,2,1
10,2,27,3,N,nb9,1425,0.757,0.142,1,1
10,2,27,3,N,nb10,1425,1.77,1.426,2,1
10,2,27,3,N,nb11,1425,1.612,0.644,1,0
10,2,27,3,N,nb12,1425,1.021,-1.865,1,1
10,2,27,3,N,nb13,1425,0.889,-1.29,3,1
10,2,27,3,N,nb14,1425,1.095,-1.713,2,1
10,2,27,3,N,nb15,1425,0.93,-1.124,1,1
10,2,27,3,N,nb16,1425,1.795,0.488,2,1
10,2,27,3,N,nb17,1425,1.665,-0.017,2,1
10,2,27,3,N,nb18,1425,0.58,-1.865,1,1
10,2,27,3,N,nb19,1425,1.866,1.568,1,1
10,2,27,3,N,nb20,1425,0.612,-1.407,2,1
10,2,27,3,N,nb21,1425,1.374,-0.163,1,1
10,2,27,3,N,nb22,1425,1.509,0.051,3,1
10,2,27,3,N,nb23,1425,0.614,-1.576,3,1
10,2,27,3,N,nb24,1425,0.746,-1.847,2,1
10,2,27,3,N,nb25,1425,0.954,-1.528,4,1
10,2,27,3,N,nb26,1425,1.837,1.27,1,1
10,2,27,3,N,nb27,1425,-0.191,0.105,0,0
10,2,27,3,N,nb28,1425,-0.257,-0.66,0,0
10,2,27,3,N,nb29,1425,1.347,0.004,3,1
10,2,27,3,A,aa0,1425,-0.235,-0.059,0,0
10,2,27,3,A,aa1,1425,-0.611,1.639,0,0
10,2,27,3,A,aa2,1425,-1.647,1.54,0,0
10,2,27,3,N,nb0,1430,0.571,0.036,1,1
10,2,27,3,N,nb1,1430,0.801,-1.61,4,1
10,2,27,3,N,nb2,1430,-1.452,-1.035,1,1
10,2,27,3,N,nb3,1430,1.825,0.278,2,1
10,2,27,3,N,nb4,1430,0.809,-1.44,5,1
10,2,27,3,N,nb5,1430,-1.6,-0.955,2,1
10,2,27,3,N,nb6,1430,1.82,0.109,2,1
10,2,27,3,N,nb7,1430,-1.622,-0.738,1,1
10,2,27,3,N,nb8,1430,1.385,0.174,2,1
10,2,27,3,N,nb9,1430,0.757,0.142,1,1
10,2,27,3,N,nb10,1430,1.77,1.426,2,1
10,2,27,3,N,nb11,1430,1.612,0.644,1,1
10,2,27,3,N,nb12,1430,1.021,-1.865,1,1
10,2,27,3,N,nb13,1430,0.889,-1.29,3,1
10,2,27,3,N,nb14,1430,1.095,-1.713,2,1
10,2,27,3,N,nb15,1430,0.93,-1.124,1,1
10,2,27,3,N,nb16,1430,1.795,0.488,2,1
10,2,27,3,N,nb17,1430,1.665,-0.017,2,1
10,2,27,3,N,nb18,1430,0.58,-1.865,1,1
10,2,27,3,N,nb19,1430,1.866,1.568,1,1
10,2,27,3,N,nb20,1430,0.612,-1.407,2,1
10,2,27,3,N,nb21,1430,1.374,-0.163,1,1
10,2,27,3,N,nb22,1430,1.509,0.051,3,1
10,2,27,3,N,nb23,1430,0.614,-1.576,3,1
10,2,27,3,N,nb24,1430,0.746,-1.847,2,1
10,2,27,3,N,nb25,1430,0.954,-1.528,4,1
10,2,27,3,N,nb26,1430,1.837,1.27,1,1
10,2,27,3,N,nb27,1430,-0.124,0.044,0,0
10,2,27,3,N,nb28,1430,-0.273,-0.759,0,0
10,2,27,3,N,nb29,1430,1.347,0.004,3,1
10,2,27,3,A,aa0,1430,-0.33,-0.058,0,0
10,2,27,3,A,aa1,1430,-0.521,1.594,0,0
10,2,27,3,A,aa2,1430,-1.656,1.555,0,0
10,2,27,3,N,nb0,1435,0.571,0.036,1,1
10,2,27,3,N,nb1,1435,0.801,-1.61,4,1
10,2,27,3,N,nb2,1435,-1.452,-1.035,1,1
10,2,27,3,N,nb3,1435,1.825,0.278,2,1
10,2,27,3,N,nb4,1435,0.809,-1.44,5,1
10,2,27,3,N,nb5,1435,-1.6,-0.955,2,1
10,2,27,3,N,nb6,1435,1.82,0.109,2,1
10,2,27,3,N,nb7,1435,-1.622,-0.738,1,1
10,2,27,3,N,nb8,1435,1.385,0.174,2,1
10,2,27,3,N,nb9,1435,0.757,0.142,1,1
10,2,27,3,N,nb10,1435,1.77,1.426,2,1
10,2,27,3,N,nb11,1435,1.612,0.644,1,1
10,2,27,3,N,nb12,1435,1.021,-1.865,1,1
10,2,27,3,N,nb13,1435,0.889,-1.29,3,1
10,2,27,3,N,nb14,1435,1.095,-1.713,2,1
10,2,27,3,N,nb15,1435,0.93,-1.124,1,1
10,2,27,3,N,nb16,1435,1.795,0.488,2,1
10,2,27,3,N,nb17,1435,1.665,-0.017,2,1
10,2,27,3,N,nb18,1435,0.58,-1.865,1,1
10,2,27,3,N,nb19,1435,1.866,1.568,1,1
10,2,27,3,N,nb20,1435,0.612,-1.407,2,1
10,2,27,3,N,nb21,1435,1.374,-0.163,1,1
10,2,27,3,N,nb22,1435,1.509,0.051,3,1
10,2,27,3,N,nb23,1435,0.614,-1.576,3,1
10,2,27,3,N,nb24,1435,0.746,-1.847,2,1
10,2,27,3,N,nb25,1435,0.954,-1.528,4,1
10,2,27,3,N,nb26,1435,1.837,1.27,1,1
10,2,27,3,N,nb27,1435,-0.047,-0.015,0,0
10,2,27,3,N,nb28,1435,-0.289,-0.858,0,0
10,2,27,3,N,nb29,1435,1.347,0.004,3,0
10,2,27,3,A,aa0,1435,-0.429,-0.061,0,0
10,2,27,3,A,aa1,1435,-0.518,1.593,0,0
10,2,27,3,A,aa2,1435,-1.707,1.641,0,0
10,2,27,3,N,nb0,1440,0.571,0.036,1,1
10,2,27,3,N,nb1,1440,0.801,-1.61,4,1
10,2,27,3,N,nb2,1440,-1.452,-1.035,1,1
10,2,27,3,N,nb3,1440,1.825,0.278,2,1
10,2,27,3,N,nb4,1440,0.809,-1.44,5,1
10,2,27,3,N,nb5,1440,-1.6,-0.955,2,1
10,2,27,3,N,nb6,1440,1.82,0.109,2,1
10,2,27,3,N,nb7,1440,-1.622,-0.738,1,1
10,2,27,3,N,nb8,1440,1.385,0.174,2,1
10,2,27,3,N,nb9,1440,0.757,0.142,1,1
10,2,27,3,N,nb10,1440,1.77,1.426,2,1
10,2,27,3,N,nb11,1440,1.612,0.644,1,1
10,2,27,3,N,nb12,1440,1.021,-1.865,1,1
10,2,27,3,N,nb13,1440,0.889,-1.29,3,1
10,2,27,3,N,nb14,1440,1.095,-1.713,2,1
10,2,27,3,N,nb15,1440,0.93,-1.124,1,1
10,2,27,3,N,nb16,1440,1.795,0.488,2,1
10,2,27,3,N,nb17,1440,1.665,-0.017,2,1
10,2,27,3,N,nb18,1440,0.58,-1.865,1,1
10,2,27,3,N,nb19,1440,1.866,1.568,1,1
10,2,27,3,N,nb20,1440,0.612,-1.407,2,1
10,2,27,3,N,nb21,1440,1.374,-0.163,1,1
10,2,27,3,N,nb22,1440,1.509,0.051,3,1
10,2,27,3,N,nb23,1440,0.614,-1.576,3,1
10,2,27,3,N,nb24,1440,0.746,-1.847,2,1
10,2,27,3,N,nb25,1440,0.954,-1.528,4,1
10,2,27,3,N,nb26,1440,1.837,1.27,1,1
10,2,27,3,N,nb27,1440,0.033,-0.076,0,0
10,2,27,3,N,nb28,1440,-0.305,-0.956,0,0
10,2,27,3,N,nb29,1440,1.347,0.004,3,1
10,2,27,3,A,aa0,1440,-0.529,-0.064,0,0
10,2,27,3,A,aa1,1440,-0.447,1.622,0,0
10,2,27,3,A,aa2,1440,-1.759,1.726,0,0
10,2,27,3,N,nb0,1445,0.571,0.036,1,1
10,2,27,3,N,nb1,1445,0.801,-1.61,4,1
10,2,27,3,N,nb2,1445,-1.452,-1.035,1,1
10,2,27,3,N,nb3,1445,1.825,0.278,2,1
10,2,27,3,N,nb4,1445,0.809,-1.44,5,1
10,2,27,3,N,nb5,1445,-1.6,-0.955,2,1
10,2,27,3,N,nb6,1445,1.82,0.109,2,1
10,2,27,3,N,nb7,1445,-1.622,-0.738,1,1
10,2,27,3,N,nb8,1445,1.385,0.174,2,1
10,2,27,3,N,nb9,1445,0.757,0.142,1,1
10,2,27,3,N,nb10,1445,1.77,1.426,2,1
10,2,27,3,N,nb11,1445,1.612,0.644,1,1
10,2,27,3,N,nb12,1445,1.021,-1.865,1,1
10,2,27,3,N,nb13,1445,0.889,-1.29,3,1
10,2,27,3,N,nb14,1445,1.095,-1.713,2,1
10,2,27,3,N,nb15,1445,0.93,-1.124,1,1
10,2,27,3,N,nb16,1445,1.795,0.488,2,1
10,2,27,3,N,nb17,1445,1.665,-0.017,2,1
10,2,27,3,N,nb18,1445,0.58,-1.865,1,1
10,2,27,3,N,nb19,1445,1.866,1.568,1,1
10,2,27,3,N,nb20,1445,0.612,-1.407,2,1
10,2,27,3,N,nb21,1445,1.374,-0.163,1,1
10,2,27,3,N,nb22,1445,1.509,0.051,3,1
10,2,27,3,N,nb23,1445,0.614,-1.576,3,1
10,2,27,3,N,nb24,1445,0.746,-1.847,2,1
10,2,27,3,N,nb25,1445,0.954,-1.528,4,1
10,2,27,3,N,nb26,1445,1.837,1.27,1,1
10,2,27,3,N,nb27,1445,0.112,-0.136,0,0
10,2,27,3,N,nb28,1445,-0.321,-1.055,0,0
10,2,27,3,N,nb29,1445,1.347,0.004,3,1
10,2,27,3,A,aa0,1445,-0.629,-0.067,0,0
10,2,27,3,A,aa1,1445,-0.355,1.661,0,0
10,2,27,3,A,aa2,1445,-1.803,1.806,0,0
10,2,27,3,N,nb0,1450,0.571,0.036,1,1
10,2,27,3,N,nb1,1450,0.801,-1.61,4,1
10,2,27,3,N,nb2,1450,-1.452,-1.035,1,1
10,2,27,3,N,nb3,1450,1.825,0.278,2,1
10,2,27,3,N,nb4,1450,0.809,-1.44,5,1
10,2,27,3,N,nb5,1450,-1.6,-0.955,2,1
10,2,27,3,N,nb6,1450,1.82,0.109,2,1
10,2,27,3,N,nb7,1450,-1.622,-0.738,1,1
10,2,27,3,N,nb8,1450,1.385,0.174,2,1
10,2,27,3,N,nb9,1450,0.757,0.142,1,1
10,2,27,3,N,nb10,1450,1.77,1.426,2,0
10,2,27,3,N,nb11,1450,1.612,0.644,1,1
10,2,27,3,N,nb12,1450,1.021,-1.865,1,1
10,2,27,3,N,nb13,1450,0.889,-1.29,3,1
10,2,27,3,N,nb14,1450,1.095,-1.713,2,1
10,2,27,3,N,nb15,1450,0.93,-1.124,1,1
10,2,27,3,N,nb16,1450,1.795,0.488,2,1
10,2,27,3,N,nb17,1450,1.665,-0.017,2,1
10,2,27,3,N,nb18,1450,0.58,-1.865,1,1
10,2,27,3,N,nb19,1450,1.866,1.568,1,0
10,2,27,3,N,nb20,1450,0.612,-1.407,2,1
10,2,27,3,N,nb21,1450,1.374,-0.163,1,0
10,2,27,3,N,nb22,1450,1.509,0.051,3,1
10,2,27,3,N,nb23,1450,0.614,-1.576,3,1
10,2,27,3,N,nb24,1450,0.746,-1.847,2,0
10,2,27,3,N,nb25,1450,0.954,-1.528,4,1
10,2,27,3,N,nb26,1450,1.837,1.27,1,1
10,2,27,3,N,nb27,1450,0.192,-0.196,0,0
10,2,27,3,N,nb28,1450,-0.337,-1.154,0,0
10,2,27,3,N,nb29,1450,1.347,0.004,3,1
10,2,27,3,A,aa0,1450,-0.729,-0.07,0,0
10,2,27,3,A,aa1,1450,-0.263,1.699,0,0
10,2,27,3,A,aa2,1450,-1.804,1.808,0,0
10,2,27,3,N,nb0,1455,0.571,0.036,1,0
10,2,27,3,N,nb1,1455,0.801,-1.61,4,0
10,2,27,3,N,nb2,1455,-1.452,-1.035,1,1
10,2,27,3,N,nb3,1455,1.825,0.278,2,1
10,2,27,3,N,nb4,1455,0.809,-1.44,5,1
10,2,27,3,N,nb5,1455,-1.6,-0.955,2,1
10,2,27,3,N,nb6,1455,1.82,0.109,2,1
10,2,27,3,N,nb7,1455,-1.622,-0.738,1,1
10,2,27,3,N,nb8,1455,1.385,0.174,2,1
10,2,27,3,N,nb9,1455,0.757,0.142,1,0
10,2,27,3,N,nb10,1455,1.77,1.426,2,1
10,2,27,3,N,nb11,1455,1.612,0.644,1,1
10,2,27,3,N,nb12,1455,1.021,-1.865,1,1
10,2,27,3,N,nb13,1455,0.889,-1.29,3,1
10,2,27,3,N,nb14,1455,1.095,-1.713,2,1
10,2,27,3,N,nb15,1455,0.93,-1.124,1,1
10,2,27,3,N,nb16,1455,1.795,0.488,2,1
10,2,27,3,N,nb17,1455,1.665,-0.017,2,1
10,2,27,3,N,nb18,1455,0.58,-1.865,1,1
10,2,27,3,N,nb19,1455,1.866,1.568,1,1
10,2,27,3,N,nb20,1455,0.612,-1.407,2,1
10,2,27,3,N,nb21,1455,1.374,-0.163,1,1
10,2,27,3,N,nb22,1455,1.509,0.051,3,1
10,2,27,3,N,nb23,1455,0.614,-1.576,3,1
10,2,27,3,N,nb24,1455,0.746,-1.847,2,1
10,2,27,3,N,nb25,1455,0.954,-1.528,4,1
10,2,27,3,N,nb26,1455,1.837,1.27,1,1
10,2,27,3,N,nb27,1455,0.272,-0.257,0,0
10,2,27,3,N,nb28,1455,-0.353,-1.253,0,0
10,2,27,3,N,nb29,1455,1.347,0.004,3,1
10,2,27,3,A,aa0,1455,-0.829,-0.073,0,0
10,2,27,3,A,aa1,1455,-0.17,1.738,0,0
10,2,27,3,A,aa2,1455,-1.853,1.815,0,0
10,2,27,3,N,nb0,1460,0.571,0.036,1,1
10,2,27,3,N,nb1,1460,0.801,-1.61,4,1
10,2,27,3,N,nb2,1460,-1.452,-1.035,1,1
10,2,27,3,N,nb3,1460,1.825,0.278,2,1
10,2,27,3,N,nb4,1460,0.809,-1.44,5,1
10,2,27,3,N,nb5,1460,-1.6,-0.955,2,1
10,2,27,3,N,nb6,1460,1.82,0.109,2,1
10,2,27,3,N,nb7,1460,-1.622,-0.738,1,1
10,2,27,3,N,nb8,1460,1.385,0.174,2,1
10,2,27,3,N,nb9,1460,0.757,0.142,1,1
10,2,27,3,N,nb10,1460,1.77,1.426,2,1
10,2,27,3,N,nb11,1460,1.612,0.644,1,1
10,2,27,3,N,nb12,1460,1.021,-1.865,1,1
10,2,27,3,N,nb13,1460,0.889,-1.29,3,1
10,2,27,3,N,nb14,1460,1.095,-1.713,2,1
10,2,27,3,N,nb15,1460,0.93,-1.124,1,1
10,2,27,3,N,nb16,1460,1.795,0.488,2,1
10,2,27,3,N,nb17,1460,1.665,-0.017,2,1
10,2,27,3,N,nb18,1460,0.58,-1.865,1,1
10,2,27,3,N,nb19,1460,1.866,1.568,1,1
10,2,27,3,N,nb20,1460,0.612,-1.407,2,1
10,2,27,3,N,nb21,1460,1.374,-0.163,1,1
10,2,27,3,N,nb22,1460,1.509,0.051,3,1
10,2,27,3,N,nb23,1460,0.614,-1.576,3,1
10,2,27,3,N,nb24,1460,0.746,-1.847,2,1
10,2,27,3,N,nb25,1460,0.954,-1.528,4,1
10,2,27,3,N,nb26,1460,1.837,1.27,1,1
10,2,27,3,N,nb27,1460,0.351,-0.317,0,0
10,2,27,3,N,nb28,1460,-0.369,-1.351,0,0
10,2,27,3,N,nb29,1460,1.347,0.004,3,1
10,2,27,3,A,aa0,1460,-0.929,-0.076,0,0
10,2,27,3,A,aa1,1460,-0.08,1.776,0,0
10,2,27,3,A,aa2,1460,-1.865,1.818,0,0
10,2,27,3,N,nb0,1465,0.571,0.036,1,1
10,2,27,3,N,nb1,1465,0.801,-1.61,4,1
10,2,27,3,N,nb2,1465,-1.452,-1.035,1,1
10,2,27,3,N,nb3,1465,1.825,0.278,2,1
10,2,27,3,N,nb4,1465,0.809,-1.44,5,1
10,2,27,3,N,nb5,1465,-1.6,-0.955,2,1
10,2,27,3,N,nb6,1465,1.82,0.109,2,1
10,2,27,3,N,nb7,1465,-1.622,-0.738,1,1
10,2,27,3,N,nb8,1465,1.385,0.174,2,1
10,2,27,3,N,nb9,1465,0.757,0.142,1,1
10,2,27,3,N,nb10,1465,1.77,1.426,2,1
10,2,27,3,N,nb11,1465,1.612,0.644,1,1
10,2,27,3,N,nb12,1465,1.021,-1.865,1,1
10,2,27,3,N,nb13,1465,0.889,-1.29,3,1
10,2,27,3,N,nb14,1465,1.095,-1.713,2,1
10,2,27,3,N,nb15,1465,0.93,-1.124,1,1
10,2,27,3,N,nb16,1465,1.795,0.488,2,1
10,2,27,3,N,nb17,1465,1.665,-0.017,2,1
10,2,27,3,N,nb18,1465,0.58,-1.865,1,0
10,2,27,3,N,nb19,1465,1.866,1.568,1,1
10,2,27,3,N,nb20,1465,0.612,-1.407,2,0
10,2,27,3,N,nb21,1465,1.374,-0.163,1,1
10,2,27,3,N,nb22,1465,1.509,0.051,3,1
10,2,27,3,N,nb23,1465,0.614,-1.576,3,0
10,2,27,3,N,nb24,1465,0.746,-1.847,2,1
10,2,27,3,N,nb25,1465,0.954,-1.528,4,1
10,2,27,3,N,nb26,1465,1.837,1.27,1,1
10,2,27,3,N,nb27,1465,0.431,-0.377,0,0
10,2,27,3,N,nb28,1465,-0.385,-1.45,0,0
10,2,27,3,N,nb29,1465,1.347,0.004,3,1
10,2,27,3,A,aa0,1465,-0.992,-0.078,0,0
10,2,27,3,A,aa1,1465,0.006,1.804,0,0
10,2,27,3,A,aa2,1465,-1.865,1.805,0,0
10,2,27,3,N,nb0,1470,0.571,0.036,1,1
10,2,27,3,N,nb1,1470,0.801,-1.61,4,1
10,2,27,3,N,nb2,1470,-1.452,-1.035,1,1
10,2,27,3,N,nb3,1470,1.825,0.278,2,1
10,2,27,3,N,nb4,1470,0.809,-1.44,5,1
10,2,27,3,N,nb5,1470,-1.6,-0.955,2,1
10,2,27,3,N,nb6,1470,1.82,0.109,2,1
10,2,27,3,N,nb7,1470,-1.622,-0.738,1,1
10,2,27,3,N,nb8,1470,1.385,0.174,2,1
10,2,27,3,N,nb9,1470,0.757,0.142,1,1
10,2,27,3,N,nb10,1470,1.77,1.426,2,1
10,2,27,3,N,nb11,1470,1.612,0.644,1,1
10,2,27,3,N,nb12,1470,1.021,-1.865,1,1
10,2,27,3,N,nb13,1470,0.889,-1.29,3,1
10,2,27,3,N,nb14,1470,1.095,-1.713,2,1
10,2,27,3,N,nb15,1470,0.93,-1.124,1,1
10,2,27,3,N,nb16,1470,1.795,0.488,2,1
10,2,27,3,N,nb17,1470,1.665,-0.017,2,1
10,2,27,3,N,nb18,1470,0.58,-1.865,1,1
10,2,27,3,N,nb19,1470,1.866,1.568,1,1
10,2,27,3,N,nb20,1470,0.612,-1.407,2,1
10,2,27,3,N,nb21,1470,1.374,-0.163,1,1
10,2,27,3,N,nb22,1470,1.509,0.051,3,1
10,2,27,3,N,nb23,1470,0.614,-1.576,3,1
10,2,27,3,N,nb24,1470,0.746,-1.847,2,1
10,2,27,3,N,nb25,1470,0.954,-1.528,4,1
10,2,27,3,N,nb26,1470,1.837,1.27,1,1
10,2,27,3,N,nb27,1470,0.511,-0.438,0,0
10,2,27,3,N,nb28,1470,-0.401,-1.549,0,0
10,2,27,3,N,nb29,1470,1.347,0.004,3,1
10,2,27,3,A,aa0,1470,-0.992,-0.078,0,0
10,2,27,3,A,aa1,1470,0.096,1.821,0,0
10,2,27,3,A,aa2,1470,-1.865,1.776,0,0
10,2,27,3,N,nb0,1475,0.571,0.036,1,1
10,2,27,3,N,nb1,1475,0.801,-1.61,4,1
10,2,27,3,N,nb2,1475,-1.452,-1.035,1,0
10,2,27,3,N,nb3,1475,1.825,0.278,2,0
10,2,27,3,N,nb4,1475,0.809,-1.44,5,1
10,2,27,3,N,nb5,1475,-1.6,-0.955,2,0
10,2,27,3,N,nb6,1475,1.82,0.109,2,1
10,2,27,3,N,nb7,1475,-1.622,-0.738,1,0
10,2,27,3,N,nb8,1475,1.385,0.174,2,0
10,2,27,3,N,nb9,1475,0.757,0.142,1,1
10,2,27,3,N,nb10,1475,1.77,1.426,2,1
10,2,27,3,N,nb11,1475,1.612,0.644,1,1
10,2,27,3,N,nb12,1475,1.021,-1.865,1,1
10,2,27,3,N,nb13,1475,0.889,-1.29,3,1
10,2,27,3,N,nb14,1475,1.095,-1.713,2,1
10,2,27,3,N,nb15,1475,0.93,-1.124,1,1
10,2,27,3,N,nb16,1475,1.795,0.488,2,0
10,2,27,3,N,nb17,1475,1.665,-0.017,2,1
10,2,27,3,N,nb18,1475,0.58,-1.865,1,1
10,2,27,3,N,nb19,1475,1.866,1.568,1,1
10,2,27,3,N,nb20,1475,0.612,-1.407,2,1
10,2,27,3,N,nb21,1475,1.374,-0.163,1,1
10,2,27,3,N,nb22,1475,1.509,0.051,3,1
10,2,27,3,N,nb23,1475,0.614,-1.576,3,1
10,2,27,3,N,nb24,1475,0.746,-1.847,2,1
10,2,27,3,N,nb25,1475,0.954,-1.528,4,1
10,2,27,3,N,nb26,1475,1.837,1.27,1,1
10,2,27,3,N,nb27,1475,0.591,-0.498,0,0
10,2,27,3,N,nb28,1475,-0.417,-1.647,0,0
10,2,27,3,N,nb29,1475,1.347,0.004,3,1
10,2,27,3,A,aa0,1475,-1.022,-0.149,0,0
10,2,27,3,A,aa1,1475,0.187,1.828,0,0
10,2,27,3,A,aa2,1475,-1.865,1.732,0,0
10,2,27,3,N,nb0,1480,0.571,0.036,1,1
10,2,27,3,N,nb1,1480,0.801,-1.61,4,1
10,2,27,3,N,nb2,1480,-1.452,-1.035,1,1
10,2,27,3,N,nb3,1480,1.825,0.278,2,1
10,2,27,3,N,nb4,1480,0.809,-1.44,5,1
10,2,27,3,N,nb5,1480,-1.6,-0.955,2,1
10,2,27,3,N,nb6,1480,1.82,0.109,2,1
10,2,27,3,N,nb7,1480,-1.622,-0.738,1,1
10,2,27,3,N,nb8,1480,1.385,0.174,2,1
10,2,27,3,N,nb9,1480,0.757,0.142,1,1
10,2,27,3,N,nb10,1480,1.77,1.426,2,1
10,2,27,3,N,nb11,1480,1.612,0.644,1,1
10,2,27,3,N,nb12,1480,1.021,-1.865,1,1
10,2,27,3,N,nb13,1480,0.889,-1.29,3,1
10,2,27,3,N,nb14,1480,1.095,-1.713,2,1
10,2,27,3,N,nb15,1480,0.93,-1.124,1,0
10,2,27,3,N,nb16,1480,1.795,0.488,2,1
10,2,27,3,N,nb17,1480,1.665,-0.017,2,1
10,2,27,3,N,nb18,1480,0.58,-1.865,1,1
10,2,27,3,N,nb19,1480,1.866,1.568,1,1
10,2,27,3,N,nb20,1480,0.612,-1.407,2,1
10,2,27,3,N,nb21,1480,1.374,-0.163,1,1
10,2,27,3,N,nb22,1480,1.509,0.051,3,1
10,2,27,3,N,nb23,1480,0.614,-1.576,3,1
10,2,27,3,N,nb24,1480,0.746,-1.847,2,1
10,2,27,3,N,nb25,1480,0.954,-1.528,4,1
10,2,27,3,N,nb26,1480,1.837,1.27,1,1
10,2,27,3,N,nb27,1480,0.67,-0.558,0,0
10,2,27,3,N,nb28,1480,-0.433,-1.746,0,0
10,2,27,3,N,nb29,1480,1.347,0.004,3,1
10,2,27,3,A,aa0,1480,-1.061,-0.241,0,0
10,2,27,3,A,aa1,1480,0.223,1.833,0,0
10,2,27,3,A,aa2,1480,-1.865,1.675,0,0
10,2,27,3,N,nb0,1485,0.571,0.036,1,1
10,2,27,3,N,nb1,1485,0.801,-1.61,4,1
10,2,27,3,N,nb2,1485,-1.452,-1.035,1,1
10,2,27,3,N,nb3,1485,1.825,0.278,2,1
10,2,27,3,N,nb4,1485,0.809,-1.44,5,1
10,2,27,3,N,nb5,1485,-1.6,-0.955,2,1
10,2,27,3,N,nb6,1485,1.82,0.109,2,1
10,2,27,3,N,nb7,1485,-1.622,-0.738,1,1
10,2,27,3,N,nb8,1485,1.385,0.174,2,1
10,2,27,3,N,nb9,1485,0.757,0.142,1,1
10,2,27,3,N,nb10,1485,1.77,1.426,2,1
10,2,27,3,N,nb11,1485,1.612,0.644,1,1
10,2,27,3,N,nb12,1485,1.021,-1.865,1,1
10,2,27,3,N,nb13,1485,0.889,-1.29,3,1
10,2,27,3,N,nb14,1485,1.095,-1.713,2,1
10,2,27,3,N,nb15,1485,0.93,-1.124,1,1
10,2,27,3,N,nb16,1485,1.795,0.488,2,1
10,2,27,3,N,nb17,1485,1.665,-0.017,2,1
10,2,27,3,N,nb18,1485,0.58,-1.865,1,1
10,2,27,3,N,nb19,1485,1.866,1.568,1,1
10,2,27,3,N,nb20,1485,0.612,-1.407,2,1
10,2,27,3,N,nb21,1485,1.374,-0.163,1,1
10,2,27,3,N,nb22,1485,1.509,0.051,3,1
10,2,27,3,N,nb23,1485,0.614,-1.576,3,1
10,2,27,3,N,nb24,1485,0.746,-1.847,2,1
10,2,27,3,N,nb25,1485,0.954,-1.528,4,1
10,2,27,3,N,nb26,1485,1.837,1.27,1,1
10,2,27,3,N,nb27,1485,0.75,-0.619,0,0
10,2,27,3,N,nb28,1485,-0.451,-1.833,0,0
10,2,27,3,N,nb29,1485,1.347,0.004,3,1
10,2,27,3,A,aa0,1485,-1.1,-0.333,0,0
10,2,27,3,A,aa1,1485,0.309,1.862,0,0
10,2,27,3,A,aa2,1485,-1.865,1.607,0,0
10,2,27,3,N,nb0,1490,0.571,0.036,1,1
10,2,27,3,N,nb1,1490,0.801,-1.61,4,1
10,2,27,3,N,nb2,1490,-1.452,-1.035,1,1
10,2,27,3,N,nb3,1490,1.825,0.278,2,1
10,2,27,3,N,nb4,1490,0.809,-1.44,5,1
10,2,27,3,N,nb5,1490,-1.6,-0.955,2,1
10,2,27,3,N,nb6,1490,1.82,0.109,2,1
10,2,27,3,N,nb7,1490,-1.622,-0.738,1,1
10,2,27,3,N,nb8,1490,1.385,0.174,2,1
10,2,27,3,N,nb9,1490,0.757,0.142,1,1
10,2,27,3,N,nb10,1490,1.77,1.426,2,1
10,2,27,3,N,nb11,1490,1.612,0.644,1,1
10,2,27,3,N,nb12,1490,1.021,-1.865,1,1
10,2,27,3,N,nb13,1490,0.889,-1.29,3,1
10,2,27,3,N,nb14,1490,1.095,-1.713,2,1
10,2,27,3,N,nb15,1490,0.93,-1.124,1,1
10,2,27,3,N,nb16,1490,1.795,0.488,2,1
10,2,27,3,N,nb17,1490,1.665,-0.017,2,1
10,2,27,3,N,nb18,1490,0.58,-1.865,1,1
10,2,27,3,N,nb19,1490,1.866,1.568,1,1
10,2,27,3,N,nb20,1490,0.612,-1.407,2,1
10,2,27,3,N,nb21,1490,1.374,-0.163,1,1
10,2,27,3,N,nb22,1490,1.509,0.051,3,1
10,2,27,3,N,nb23,1490,0.614,-1.576,3,1
10,2,27,3,N,nb24,1490,0.746,-1.847,2,1
10,2,27,3,N,nb25,1490,0.954,-1.528,4,1
10,2,27,3,N,nb26,1490,1.837,1.27,1,1
10,2,27,3,N,nb27,1490,0.83,-0.679,0,0
10,2,27,3,N,nb28,1490,-0.48,-1.865,0,0
10,2,27,3,N,nb29,1490,1.347,0.004,3,1
10,2,27,3,A,aa0,1490,-1.132,-0.41,1,0
10,2,27,3,A,aa1,1490,0.397,1.865,0,0
10,2,27,3,A,aa2,1490,-1.865,1.53,0,0
10,2,27,3,N,nb0,1495,0.571,0.036,1,1
10,2,27,3,N,nb1,1495,0.801,-1.61,4,1
10,2,27,3,N,nb2,1495,-1.452,-1.035,1,1
10,2,27,3,N,nb3,1495,1.825,0.278,2,1
10,2,27,3,N,nb4,1495,0.809,-1.44,5,1
10,2,27,3,N,nb5,1495,-1.6,-0.955,2,1
10,2,27,3,N,nb6,1495,1.82,0.109,2,1
10,2,27,3,N,nb7,1495,-1.622,-0.738,1,1
10,2,27,3,N,nb8,1495,1.385,0.174,2,1
10,2,27,3,N,nb9,1495,0.757,0.142,1,1
10,2,27,3,N,nb10,1495,1.77,1.426,2,1
10,2,27,3,N,nb11,1495,1.612,0.644,1,1
10,2,27,3,N,nb12,1495,1.021,-1.865,1,1
10,2,27,3,N,nb13,1495,0.889,-1.29,3,1
10,2,27,3,N,nb14,1495,1.095,-1.713,2,1
10,2,27,3,N,nb15,1495,0.93,-1.124,1,1
10,2,27,3,N,nb16,1495,1.795,0.488,2,1
10,2,27,3,N,nb17,1495,1.665,-0.017,2,1
10,2,27,3,N,nb18,1495,0.58,-1.865,1,1
10,2,27,3,N,nb19,1495,1.866,1.568,1,1
10,2,27,3,N,nb20,1495,0.612,-1.407,2,1
10,2,27,3,N,nb21,1495,1.374,-0.163,1,1
10,2,27,3,N,nb22,1495,1.509,0.051,3,1
10,2,27,3,N,nb23,1495,0.614,-1.576,3,1
10,2,27,3,N,nb24,1495,0.746,-1.847,2,1
10,2,27,3,N,nb25,1495,0.954,-1.528,4,1
10,2,27,3,N,nb26,1495,1.837,1.27,1,1
10,2,27,3,N,nb27,1495,0.91,-0.74,0,0
10,2,27,3,N,nb28,1495,-0.523,-1.865,0,0
10,2,27,3,N,nb29,1495,1.347,0.004,3,1
10,2,27,3,A,aa0,1495,-1.127,-0.426,1,0
10,2,27,3,A,aa1,1495,0.488,1.865,0,0
10,2,27,3,A,aa2,1495,-1.865,1.447,0,0
10,2,27,3,N,nb0,1500,0.571,0.036,1,1
10,2,27,3,N,nb1,1500,0.801,-1.61,4,1
10,2,27,3,N,nb2,1500,-1.452,-1.035,1,1
10,2,27,3,N,nb3,1500,1.825,0.278,2,1
10,2,27,3,N,nb4,1500,0.809,-1.44,5,1
10,2,27,3,N,nb5,1500,-1.6,-0.955,2,1
10,2,27,3,N,nb6,1500,1.82,0.109,2,1
10,2,27,3,N,nb7,1500,-1.622,-0.738,1,1
10,2,27,3,N,nb8,1500,1.385,0.174,2,1
10,2,27,3,N,nb9,1500,0.757,0.142,1,1
10,2,27,3,N,nb10,1500,1.77,1.426,2,1
10,2,27,3,N,nb11,1500,1.612,0.644,1,1
10,2,27,3,N,nb12,1500,1.021,-1.865,1,1
10,2,27,3,N,nb13,1500,0.889,-1.29,3,1
10,2,27,3,N,nb14,1500,1.095,-1.713,2,1
10,2,27,3,N,nb15,1500,0.93,-1.124,1,1
10,2,27,3,N,nb16,1500,1.795,0.488,2,1
10,2,27,3,N,nb17,1500,1.665,-0.017,2,1
10,2,27,3,N,nb18,1500,0.58,-1.865,1,1
10,2,27,3,N,nb19,1500,1.866,1.568,1,1
10,2,27,3,N,nb20,1500,0.612,-1.407,2,1
10,2,27,3,N,nb21,1500,1.374,-0.163,1,1
10,2,27,3,N,nb22,1500,1.509,0.051,3,1
10,2,27,3,N,nb23,1500,0.614,-1.576,3,1
10,2,27,3,N,nb24,1500,0.746,-1.847,2,1
10,2,27,3,N,nb25,1500,0.954,-1.528,4,1
10,2,27,3,N,nb26,1500,1.837,1.27,1,0
10,2,27,3,N,nb27,1500,0.989,-0.8,0,0
10,2,27,3,N,nb28,1500,-0.58,-1.865,0,0
10,2,27,3,N,nb29,1500,1.347,0.004,3,1
10,2,27,3,A,aa0,1500,-1.096,-0.521,1,0
10,2,27,3,A,aa1,1500,0.58,1.861,0,0
10,2,27,3,A,aa2,1500,-1.865,1.359,0,0
10,2,27,3,N,nb0,1505,0.571,0.036,1,1
10,2,27,3,N,nb1,1505,0.801,-1.61,4,1
10,2,27,3,N,nb2,1505,-1.452,-1.035,1,1
10,2,27,3,N,nb3,1505,1.825,0.278,2,1
10,2,27,3,N,nb4,1505,0.809,-1.44,5,1
10,2,27,3,N,nb5,1505,-1.6,-0.955,2,1
10,2,27,3,N,nb6,1505,1.82,0.109,2,1
10,2,27,3,N,nb7,1505,-1.622,-0.738,1,1
10,2,27,3,N,nb8,1505,1.385,0.174,2,1
10,2,27,3,N,nb9,1505,0.757,0.142,1,1
10,2,27,3,N,nb10,1505,1.77,1.426,2,1
10,2,27,3,N,nb11,1505,1.612,0.644,1,1
10,2,27,3,N,nb12,1505,1.021,-1.865,1,1
10,2,27,3,N,nb13,1505,0.889,-1.29,3,1
10,2,27,3,N,nb14,1505,1.095,-1.713,2,1
10,2,27,3,N,nb15,1505,0.93,-1.124,1,1
10,2,27,3,N,nb16,1505,1.795,0.488,2,1
10,2,27,3,N,nb17,1505,1.665,-0.017,2,1
10,2,27,3,N,nb18,1505,0.58,-1.865,1,1
10,2,27,3,N,nb19,1505,1.866,1.568,1,1
10,2,27,3,N,nb20,1505,0.612,-1.407,2,1
10,2,27,3,N,nb21,1505,1.374,-0.163,1,1
10,2,27,3,N,nb22,1505,1.509,0.051,3,1
10,2,27,3,N,nb23,1505,0.614,-1.576,3,1
10,2,27,3,N,nb24,1505,0.746,-1.847,2,1
10,2,27,3,N,nb25,1505,0.954,-1.528,4,1
10,2,27,3,N,nb26,1505,1.837,1.27,1,1
10,2,27,3,N,nb27,1505,1.069,-0.86,0,0
10,2,27,3,N,nb28,1505,-0.647,-1.865,0,0
10,2,27,3,N,nb29,1505,1.347,0.004,3,1
10,2,27,3,A,aa0,1505,-1.064,-0.616,2,0
10,2,27,3,A,aa1,1505,0.672,1.847,0,0
10,2,27,3,A,aa2,1505,-1.865,1.268,0,0
10,2,27,3,N,nb0,1510,0.571,0.036,1,1
10,2,27,3,N,nb1,1510,0.801,-1.61,4,1
10,2,27,3,N,nb2,1510,-1.452,-1.035,1,1
10,2,27,3,N,nb3,1510,1.825,0.278,2,1
10,2,27,3,N,nb4,1510,0.809,-1.44,5,1
10,2,27,3,N,nb5,1510,-1.6,-0.955,2,1
10,2,27,3,N,nb6,1510,1.82,0.109,2,1
10,2,27,3,N,nb7,1510,-1.622,-0.738,1,1
10,2,27,3,N,nb8,1510,1.385,0.174,2,1
10,2,27,3,N,nb9,1510,0.757,0.142,1,1
10,2,27,3,N,nb10,1510,1.77,1.426,2,1
10,2,27,3,N,nb11,1510,1.612,0.644,1,1
10,2,27,3,N,nb12,1510,1.021,-1.865,1,1
10,2,27,3,N,nb13,1510,0.889,-1.29,3,1
10,2,27,3,N,nb14,1510,1.095,-1.713,2,1
10,2,27,3,N,nb15,1510,0.93,-1.124,1,1
10,2,27,3,N,nb16,1510,1.795,0.488,2,1
10,2,27,3,N,nb17,1510,1.665,-0.017,2,1
10,2,27,3,N,nb18,1510,0.58,-1.865,1,1
10,2,27,3,N,nb19,1510,1.866,1.568,1,1
10,2,27,3,N,nb20,1510,0.612,-1.407,2,1
10,2,27,3,N,nb21,1510,1.374,-0.163,1,1
10,2,27,3,N,nb22,1510,1.509,0.051,3,1
10,2,27,3,N,nb23,1510,0.614,-1.576,3,1
10,2,27,3,N,nb24,1510,0.746,-1.847,2,1
10,2,27,3,N,nb25,1510,0.954,-1.528,4,1
10,2,27,3,N,nb26,1510,1.837,1.27,1,1
10,2,27,3,N,nb27,1510,1.149,-0.921,0,0
10,2,27,3,N,nb28,1510,-0.723,-1.865,0,0
10,2,27,3,N,nb29,1510,1.347,0.004,3,1
10,2,27,3,A,aa0,1510,-1.057,-0.638,2,0
10,2,27,3,A,aa1,1510,0.709,1.845,0,0
10,2,27,3,A,aa2,1510,-1.862,1.176,0,0
10,2,27,3,N,nb0,1515,0.571,0.036,1,1
10,2,27,3,N,nb1,1515,0.801,-1.61,4,1
10,2,27,3,N,nb2,1515,-1.452,-1.035,1,1
10,2,27,3,N,nb3,1515,1.825,0.278,2,1
10,2,27,3,N,nb4,1515,0.809,-1.44,5,1
10,2,27,3,N,nb5,1515,-1.6,-0.955,2,1
10,2,27,3,N,nb6,1515,1.82,0.109,2,1
10,2,27,3,N,nb7,1515,-1.622,-0.738,1,1
10,2,27,3,N,nb8,1515,1.385,0.174,2,1
10,2,27,3,N,nb9,1515,0.757,0.142,1,1
10,2,27,3,N,nb10,1515,1.77,1.426,2,1
10,2,27,3,N,nb11,1515,1.612,0.644,1,1
10,2,27,3,N,nb12,1515,1.021,-1.865,1,1
10,2,27,3,N,nb13,1515,0.889,-1.29,3,1
10,2,27,3,N,nb14,1515,1.095,-1.713,2,1
10,2,27,3,N,nb15,1515,0.93,-1.124,1,1
10,2,27,3,N,nb16,1515,1.795,0.488,2,1
10,2,27,3,N,nb17,1515,1.665,-0.017,2,1
10,2,27,3,N,nb18,1515,0.58,-1.865,1,1
10,2,27,3,N,nb19,1515,1.866,1.568,1,1
10,2,27,3,N,nb20,1515,0.612,-1.407,2,1
10,2,27,3,N,nb21,1515,1.374,-0.163,1,1
10,2,27,3,N,nb22,1515,1.509,0.051,3,1
10,2,27,3,N,nb23,1515,0.614,-1.576,3,1
10,2,27,3,N,nb24,1515,0.746,-1.847,2,1
10,2,27,3,N,nb25,1515,0.954,-1.528,4,1
10,2,27,3,N,nb26,1515,1.837,1.27,1,1
10,2,27,3,N,nb27,1515,1.229,-0.981,0,0
10,2,27,3,N,nb28,1515,-0.806,-1.865,0,0
10,2,27,3,N,nb29,1515,1.347,0.004,3,1
10,2,27,3,A,aa0,1515,-1.022,-0.647,1,0
10,2,27,3,A,aa1,1515,0.747,1.851,0,0
10,2,27,3,A,aa2,1515,-1.848,1.084,0,0
10,2,27,3,N,nb0,1520,0.571,0.036,1,1
10,2,27,3,N,nb1,1520,0.801,-1.61,4,1
10,2,27,3,N,nb2,1520,-1.452,-1.035,1,1
10,2,27,3,N,nb3,1520,1.825,0.278,2,1
10,2,27,3,N,nb4,1520,0.809,-1.44,5,1
10,2,27,3,N,nb5,1520,-1.6,-0.955,2,1
10,2,27,3,N,nb6,1520,1.82,0.109,2,1
10,2,27,3,N,nb7,1520,-1.622,-0.738,1,1
10,2,27,3,N,nb8,1520,1.385,0.174,2,1
10,2,27,3,N,nb9,1520,0.757,0.142,1,1
10,2,27,3,N,nb10,1520,1.77,1.426,2,1
10,2,27,3,N,nb11,1520,1.612,0.644,1,1
10,2,27,3,N,nb12,1520,1.021,-1.865,1,1
10,2,27,3,N,nb13,1520,0.889,-1.29,3,1
10,2,27,3,N,nb14,1520,1.095,-1.713,2,1
10,2,27,3,N,nb15,1520,0.93,-1.124,1,1
10,2,27,3,N,nb16,1520,1.795,0.488,2,1
10,2,27,3,N,nb17,1520,1.665,-0.017,2,1
10,2,27,3,N,nb18,1520,0.58,-1.865,1,1
10,2,27,3,N,nb19,1520,1.866,1.568,1,1
10,2,27,3,N,nb20,1520,0.612,-1.407,2,1
10,2,27,3,N,nb21,1520,1.374,-0.163,1,1
10,2,27,3,N,nb22,1520,1.509,0.051,3,1
10,2,27,3,N,nb23,1520,0.614,-1.576,3,1
10,2,27,3,N,nb24,1520,0.746,-1.847,2,1
10,2,27,3,N,nb25,1520,0.954,-1.528,4,1
10,2,27,3,N,nb26,1520,1.837,1.27,1,1
10,2,27,3,N,nb27,1520,1.308,-1.041,0,0
10,2,27,3,N,nb28,1520,-0.894,-1.865,0,0
10,2,27,3,N,nb29,1520,1.347,0.004,3,1
10,2,27,3,A,aa0,1520,-0.999,-0.653,1,0
10,2,27,3,A,aa1,1520,0.765,1.865,0,0
10,2,27,3,A,aa2,1520,-1.826,0.993,0,0
10,2,27,3,N,nb0,1525,0.571,0.036,1,1
10,2,27,3,N,nb1,1525,0.801,-1.61,4,1
10,2,27,3,N,nb2,1525,-1.452,-1.035,1,1
10,2,27,3,N,nb3,1525,1.825,0.278,2,1
10,2,27,3,N,nb4,1525,0.809,-1.44,5,1
10,2,27,3,N,nb5,1525,-1.6,-0.955,2,1
10,2,27,3,N,nb6,1525,1.82,0.109,2,1
10,2,27,3,N,nb7,1525,-1.622,-0.738,1,1
10,2,27,3,N,nb8,1525,1.385,0.174,2,1
10,2,27,3,N,nb9,1525,0.757,0.142,1,1
10,2,27,3,N,nb10,1525,1.77,1.426,2,1
10,2,27,3,N,nb11,1525,1.612,0.644,1,1
10,2,27,3,N,nb12,1525,1.021,-1.865,1,1
10,2,27,3,N,nb13,1525,0.889,-1.29,3,1
10,2,27,3,N,nb14,1525,1.095,-1.713,2,1
10,2,27,3,N,nb15,1525,0.93,-1.124,1,1
10,2,27,3,N,nb16,1525,1.795,0.488,2,1
10,2,27,3,N,nb17,1525,1.665,-0.017,2,1
10,2,27,3,N,nb18,1525,0.58,-1.865,1,1
10,2,27,3,N,nb19,1525,1.866,1.568,1,1
10,2,27,3,N,nb20,1525,0.612,-1.407,2,1
10,2,27,3,N,nb21,1525,1.374,-0.163,1,1
10,2,27,3,N,nb22,1525,1.509,0.051,3,1
10,2,27,3,N,nb23,1525,0.614,-1.576,3,1
10,2,27,3,N,nb24,1525,0.746,-1.847,2,1
10,2,27,3,N,nb25,1525,0.954,-1.528,4,1
10,2,27,3,N,nb26,1525,1.837,1.27,1,1
10,2,27,3,N,nb27,1525,1.388,-1.102,0,0
10,2,27,3,N,nb28,1525,-0.985,-1.865,0,0
10,2,27,3,N,nb29,1525,1.347,0.004,3,1
10,2,27,3,A,aa0,1525,-0.972,-0.629,0,0
10,2,27,3,A,aa1,1525,0.819,1.865,0,0
10,2,27,3,A,aa2,1525,-1.795,0.905,0,0
10,2,27,3,N,nb0,1530,0.571,0.036,1,1
10,2,27,3,N,nb1,1530,0.801,-1.61,4,1
10,2,27,3,N,nb2,1530,-1.452,-1.035,1,1
10,2,27,3,N,nb3,1530,1.825,0.278,2,1
10,2,27,3,N,nb4,1530,0.809,-1.44,5,1
10,2,27,3,N,nb5,1530,-1.6,-0.955,2,1
10,2,27,3,N,nb6,1530,1.82,0.109,2,1
10,2,27,3,N,nb7,1530,-1.622,-0.738,1,1
10,2,27,3,N,nb8,1530,1.385,0.174,2,1
10,2,27,3,N,nb9,1530,0.757,0.142,1,1
10,2,27,3,N,nb10,1530,1.77,1.426,2,1
10,2,27,3,N,nb11,1530,1.612,0.644,1,1
10,2,27,3,N,nb12,1530,1.021,-1.865,1,1
10,2,27,3,N,nb13,1530,0.889,-1.29,3,1
10,2,27,3,N,nb14,1530,1.095,-1.713,2,1
10,2,27,3,N,nb15,1530,0.93,-1.124,1,1
10,2,27,3,N,nb16,1530,1.795,0.488,2,1
10,2,27,3,N,nb17,1530,1.665,-0.017,2,1
10,2,27,3,N,nb18,1530,0.58,-1.865,1,1
10,2,27,3,N,nb19,1530,1.866,1.568,1,1
10,2,27,3,N,nb20,1530,0.612,-1.407,2,1
10,2,27,3,N,nb21,1530,1.374,-0.163,1,1
10,2,27,3,N,nb22,1530,1.509,0.051,3,1
10,2,27,3,N,nb23,1530,0.614,-1.576,3,1
10,2,27,3,N,nb24,1530,0.746,-1.847,2,1
10,2,27,3,N,nb25,1530,0.954,-1.528,4,1
10,2,27,3,N,nb26,1530,1.837,1.27,1,1
10,2,27,3,N,nb27,1530,1.468,-1.162,0,0
10,2,27,3,N,nb28,1530,-1.077,-1.862,0,0
10,2,27,3,N,nb29,1530,1.347,0.004,3,1
10,2,27,3,A,aa0,1530,-0.899,-0.561,0,0
10,2,27,3,A,aa1,1530,0.884,1.865,0,0
10,2,27,3,A,aa2,1530,-1.756,0.818,0,0
10,2,27,3,N,nb0,1535,0.571,0.036,1,1
10,2,27,3,N,nb1,1535,0.801,-1.61,4,1
10,2,27,3,N,nb2,1535,-1.452,-1.035,1,1
10,2,27,3,N,nb3,1535,1.825,0.278,2,1
10,2,27,3,N,nb4,1535,0.809,-1.44,5,1
10,2,27,3,N,nb5,1535,-1.6,-0.955,2,1
10,2,27,3,N,nb6,1535,1.82,0.109,2,1
10,2,27,3,N,nb7,1535,-1.622,-0.738,1,1
10,2,27,3,N,nb8,1535,1.385,0.174,2,1
10,2,27,3,N,nb9,1535,0.757,0.142,1,1
10,2,27,3,N,nb10,1535,1.77,1.426,2,1
10,2,27,3,N,nb11,1535,1.612,0.644,1,1
10,2,27,3,N,nb12,1535,1.021,-1.865,1,1
10,2,27,3,N,nb13,1535,0.889,-1.29,3,1
10,2,27,3,N,nb14,1535,1.095,-1.713,2,1
10,2,27,3,N,nb15,1535,0.93,-1.124,1,1
10,2,27,3,N,nb16,1535,1.795,0.488,2,1
10,2,27,3,N,nb17,1535,1.665,-0.017,2,1
10,2,27,3,N,nb18,1535,0.58,-1.865,1,1
10,2,27,3,N,nb19,1535,1.866,1.568,1,1
10,2,27,3,N,nb20,1535,0.612,-1.407,2,1
10,2,27,3,N,nb21,1535,1.374,-0.163,1,1
10,2,27,3,N,nb22,1535,1.509,0.051,3,1
10,2,27,3,N,nb23,1535,0.614,-1.576,3,1
10,2,27,3,N,nb24,1535,0.746,-1.847,2,1
10,2,27,3,N,nb25,1535,0.954,-1.528,4,1
10,2,27,3,N,nb26,1535,1.837,1.27,1,1
10,2,27,3,N,nb27,1535,1.548,-1.222,0,0
10,2,27,3,N,nb28,1535,-1.169,-1.85,0,0
10,2,27,3,N,nb29,1535,1.347,0.004,3,1
10,2,27,3,A,aa0,1535,-0.825,-0.493,0,0
10,2,27,3,A,aa1,1535,0.958,1.865,0,0
10,2,27,3,A,aa2,1535,-1.712,0.728,0,0
10,2,27,3,N,nb0,1540,0.571,0.036,1,1
10,2,27,3,N,nb1,1540,0.801,-1.61,4,1
10,2,27,3,N,nb2,1540,-1.452,-1.035,1,1
10,2,27,3,N,nb3,1540,1.825,0.278,2,1
10,2,27,3,N,nb4,1540,0.809,-1.44,5,1
10,2,27,3,N,nb5,1540,-1.6,-0.955,2,1
10,2,27,3,N,nb6,1540,1.82,0.109,2,1
10,2,27,3,N,nb7,1540,-1.622,-0.738,1,1
10,2,27,3,N,nb8,1540,1.385,0.174,2,1
10,2,27,3,N,nb9,1540,0.757,0.142,1,1
10,2,27,3,N,nb10,1540,1.77,1.426,2,1
10,2,27,3,N,nb11,1540,1.612,0.644,1,1
10,2,27,3,N,nb12,1540,1.021,-1.865,1,1
10,2,27,3,N,nb13,1540,0.889,-1.29,3,1
10,2,27,3,N,nb14,1540,1.095,-1.713,2,1
10,2,27,3,N,nb15,1540,0.93,-1.124,1,1
10,2,27,3,N,nb16,1540,1.795,0.488,2,1
10,2,27,3,N,nb17,1540,1.665,-0.017,2,1
10,2,27,3,N,nb18,1540,0.58,-1.865,1,1
10,2,27,3,N,nb19,1540,1.866,1.568,1,1
10,2,27,3,N,nb20,1540,0.612,-1.407,2,1
10,2,27,3,N,nb21,1540,1.374,-0.163,1,1
10,2,27,3,N,nb22,1540,1.509,0.051,3,1
10,2,27,3,N,nb23,1540,0.614,-1.576,3,1
10,2,27,3,N,nb24,1540,0.746,-1.847,2,1
10,2,27,3,N,nb25,1540,0.954,-1.528,4,1
10,2,27,3,N,nb26,1540,1.837,1.27,1,1
10,2,27,3,N,nb27,1540,1.627,-1.283,0,0
10,2,27,3,N,nb28,1540,-1.259,-1.828,0,0
10,2,27,3,N,nb29,1540,1.347,0.004,3,1
10,2,27,3,A,aa0,1540,-0.752,-0.425,0,0
10,2,27,3,A,aa1,1540,1.04,1.865,0,0
10,2,27,3,A,aa2,1540,-1.701,0.707,0,0
10,2,27,3,N,nb0,1545,0.571,0.036,1,1
10,2,27,3,N,nb1,1545,0.801,-1.61,4,1
10,2,27,3,N,nb2,1545,-1.452,-1.035,1,1
10,2,27,3,N,nb3,1545,1.825,0.278,2,1
10,2,27,3,N,nb4,1545,0.809,-1.44,5,1
10,2,27,3,N,nb5,1545,-1.6,-0.955,2,1
10,2,27,3,N,nb6,1545,1.82,0.109,2,1
10,2,27,3,N,nb7,1545,-1.622,-0.738,1,1
10,2,27,3,N,nb8,1545,1.385,0.174,2,1
10,2,27,3,N,nb9,1545,0.757,0.142,1,1
10,2,27,3,N,nb10,1545,1.77,1.426,2,1
10,2,27,3,N,nb11,1545,1.612,0.644,1,1
10,2,27,3,N,nb12,1545,1.021,-1.865,1,1
10,2,27,3,N,nb13,1545,0.889,-1.29,3,1
10,2,27,3,N,nb14,1545,1.095,-1.713,2,1
10,2,27,3,N,nb15,1545,0.93,-1.124,1,1
10,2,27,3,N,nb16,1545,1.795,0.488,2,1
10,2,27,3,N,nb17,1545,1.665,-0.017,2,1
10,2,27,3,N,nb18,1545,0.58,-1.865,1,1
10,2,27,3,N,nb19,1545,1.866,1.568,1,1
10,2,27,3,N,nb20,1545,0.612,-1.407,2,1
10,2,27,3,N,nb21,1545,1.374,-0.163,1,1
10,2,27,3,N,nb22,1545,1.509,0.051,3,1
10,2,27,3,N,nb23,1545,0.614,-1.576,3,1
10,2,27,3,N,nb24,1545,0.746,-1.847,2,1
10,2,27,3,N,nb25,1545,0.954,-1.528,4,1
10,2,27,3,N,nb26,1545,1.837,1.27,1,1
10,2,27,3,N,nb27,1545,1.707,-1.343,0,0
10,2,27,3,N,nb28,1545,-1.348,-1.797,0,0
10,2,27,3,N,nb29,1545,1.347,0.004,3,1
10,2,27,3,A,aa0,1545,-0.678,-0.357,0,0
10,2,27,3,A,aa1,1545,1.127,1.865,0,0
10,2,27,3,A,aa2,1545,-1.647,0.692,0,0
10,2,27,3,N,nb0,1550,0.571,0.036,1,1
10,2,27,3,N,nb1,1550,0.801,-1.61,4,1
10,2,27,3,N,nb2,1550,-1.452,-1.035,1,1
10,2,27,3,N,nb3,1550,1.825,0.278,2,1
10,2,27,3,N,nb4,1550,0.809,-1.44,5,0
10,2,27,3,N,nb5,1550,-1.6,-0.955,2,1
10,2,27,3,N,nb6,1550,1.82,0.109,2,0
10,2,27,3,N,nb7,1550,-1.622,-0.738,1,1
10,2,27,3,N,nb8,1550,1.385,0.174,2,1
10,2,27,3,N,nb9,1550,0.757,0.142,1,1
10,2,27,3,N,nb10,1550,1.77,1.426,2,1
10,2,27,3,N,nb11,1550,1.612,0.644,1,1
10,2,27,3,N,nb12,1550,1.021,-1.865,1,1
10,2,27,3,N,nb13,1550,0.889,-1.29,3,0
10,2,27,3,N,nb14,1550,1.095,-1.713,2,1
10,2,27,3,N,nb15,1550,0.93,-1.124,1,1
10,2,27,3,N,nb16,1550,1.795,0.488,2,1
10,2,27,3,N,nb17,1550,1.665,-0.017,2,0
10,2,27,3,N,nb18,1550,0.58,-1.865,1,1
10,2,27,3,N,nb19,1550,1.866,1.568,1,1
10,2,27,3,N,nb20,1550,0.612,-1.407,2,1
10,2,27,3,N,nb21,1550,1.374,-0.163,1,1
10,2,27,3,N,nb22,1550,1.509,0.051,3,0
10,2,27,3,N,nb23,1550,0.614,-1.576,3,1
10,2,27,3,N,nb24,1550,0.746,-1.847,2,1
10,2,27,3,N,nb25,1550,0.954,-1.528,4,0
10,2,27,3,N,nb26,1550,1.837,1.27,1,1
10,2,27,3,N,nb27,1550,1.785,-1.402,0,0
10,2,27,3,N,nb28,1550,-1.434,-1.76,0,0
10,2,27,3,N,nb29,1550,1.347,0.004,3,1
10,2,27,3,A,aa0,1550,-0.647,-0.327,0,0
10,2,27,3,A,aa1,1550,1.217,1.865,0,0
10,2,27,3,A,aa2,1550,-1.55,0.667,0,0
10,2,27,3,N,nb0,1555,0.571,0.036,1,1
10,2,27,3,N,nb1,1555,0.801,-1.61,4,1
10,2,27,3,N,nb2,1555,-1.452,-1.035,1,1
10,2,27,3,N,nb3,1555,1.825,0.278,2,1
10,2,27,3,N,nb4,1555,0.809,-1.44,5,1
10,2,27,3,N,nb5,1555,-1.6,-0.955,2,1
10,2,27,3,N,nb6,1555,1.82,0.109,2,1
10,2,27,3,N,nb7,1555,-1.622,-0.738,1,1
10,2,27,3,N,nb8,1555,1.385,0.174,2,1
10,2,27,3,N,nb9,1555,0.757,0.142,1,1
10,2,27,3,N,nb10,1555,1.77,1.426,2,1
10,2,27,3,N,nb11,1555,1.612,0.644,1,1
10,2,27,3,N,nb12,1555,1.021,-1.865,1,1
10,2,27,3,N,nb13,1555,0.889,-1.29,3,1
10,2,27,3,N,nb14,1555,1.095,-1.713,2,1
10,2,27,3,N,nb15,1555,0.93,-1.124,1,1
10,2,27,3,N,nb16,1555,1.795,0.488,2,1
10,2,27,3,N,nb17,1555,1.665,-0.017,2,1
10,2,27,3,N,nb18,1555,0.58,-1.865,1,1
10,2,27,3,N,nb19,1555,1.866,1.568,1,1
10,2,27,3,N,nb20,1555,0.612,-1.407,2,1
10,2,27,3,N,nb21,1555,1.374,-0.163,1,1
10,2,27,3,N,nb22,1555,1.509,0.051,3,1
10,2,27,3,N,nb23,1555,0.614,-1.576,3,1
10,2,27,3,N,nb24,1555,0.746,-1.847,2,1
10,2,27,3,N,nb25,1555,0.954,-1.528,4,1
10,2,27,3,N,nb26,1555,1.837,1.27,1,1
10,2,27,3,N,nb27,1555,1.849,-1.462,0,0
10,2,27,3,N,nb28,1555,-1.523,-1.714,0,0
10,2,27,3,N,nb29,1555,1.347,0.004,3,1
10,2,27,3,A,aa0,1555,-0.64,-0.271,0,0
10,2,27,3,A,aa1,1555,1.294,1.864,0,0
10,2,27,3,A,aa2,1555,-1.453,0.642,0,0
10,2,27,3,N,nb0,1560,0.571,0.036,1,1
10,2,27,3,N,nb1,1560,0.801,-1.61,4,1
10,2,27,3,N,nb2,1560,-1.452,-1.035,1,1
10,2,27,3,N,nb3,1560,1.825,0.278,2,1
10,2,27,3,N,nb4,1560,0.809,-1.44,5,1
10,2,27,3,N,nb5,1560,-1.6,-0.955,2,1
10,2,27,3,N,nb6,1560,1.82,0.109,2,1
10,2,27,3,N,nb7,1560,-1.622,-0.738,1,1
10,2,27,3,N,nb8,1560,1.385,0.174,2,1
10,2,27,3,N,nb9,1560,0.757,0.142,1,1
10,2,27,3,N,nb10,1560,1.77,1.426,2,1
10,2,27,3,N,nb11,1560,1.612,0.644,1,1
10,2,27,3,N,nb12,1560,1.021,-1.865,1,0
10,2,27,3,N,nb13,1560,0.889,-1.29,3,1
10,2,27,3,N,nb14,1560,1.095,-1.713,2,0
10,2,27,3,N,nb15,1560,0.93,-1.124,1,1
10,2,27,3,N,nb16,1560,1.795,0.488,2,1
10,2,27,3,N,nb17,1560,1.665,-0.017,2,1
10,2,27,3,N,nb18,1560,0.58,-1.865,1,1
10,2,27,3,N,nb19,1560,1.866,1.568,1,1
10,2,27,3,N,nb20,1560,0.612,-1.407,2,1
10,2,27,3,N,nb21,1560,1.374,-0.163,1,1
10,2,27,3,N,nb22,1560,1.509,0.051,3,1
10,2,27,3,N,nb23,1560,0.614,-1.576,3,1
10,2,27,3,N,nb24,1560,0.746,-1.847,2,1
10,2,27,3,N,nb25,1560,0.954,-1.528,4,1
10,2,27,3,N,nb26,1560,1.837,1.27,1,1
10,2,27,3,N,nb27,1560,1.866,-1.529,0,0
10,2,27,3,N,nb28,1560,-1.613,-1.669,0,0
10,2,27,3,N,nb29,1560,1.347,0.004,3,1
10,2,27,3,A,aa0,1560,-0.629,-0.172,0,0
10,2,27,3,A,aa1,1560,1.305,1.866,0,0
10,2,27,3,A,aa2,1560,-1.356,0.616,0,0
10,2,27,3,N,nb0,1565,0.571,0.036,1,1
10,2,27,3,N,nb1,1565,0.801,-1.61,4,1
10,2,27,3,N,nb2,1565,-1.452,-1.035,1,1
10,2,27,3,N,nb3,1565,1.825,0.278,2,1
10,2,27,3,N,nb4,1565,0.809,-1.44,5,1
10,2,27,3,N,nb5,1565,-1.6,-0.955,2,1
10,2,27,3,N,nb6,1565,1.82,0.109,2,1
10,2,27,3,N,nb7,1565,-1.622,-0.738,1,1
10,2,27,3,N,nb8,1565,1.385,0.174,2,1
10,2,27,3,N,nb9,1565,0.757,0.142,1,1
10,2,27,3,N,nb10,1565,1.77,1.426,2,1
10,2,27,3,N,nb11,1565,1.612,0.644,1,1
10,2,27,3,N,nb12,1565,1.021,-1.865,1,1
10,2,27,3,N,nb13,1565,0.889,-1.29,3,1
10,2,27,3,N,nb14,1565,1.095,-1.713,2,1
10,2,27,3,N,nb15,1565,0.93,-1.124,1,1
10,2,27,3,N,nb16,1565,1.795,0.488,2,1
10,2,27,3,N,nb17,1565,1.665,-0.017,2,1
10,2,27,3,N,nb18,1565,0.58,-1.865,1,1
10,2,27,3,N,nb19,1565,1.866,1.568,1,1
10,2,27,3,N,nb20,1565,0.612,-1.407,2,1
10,2,27,3,N,nb21,1565,1.374,-0.163,1,1
10,2,27,3,N,nb22,1565,1.509,0.051,3,1
10,2,27,3,N,nb23,1565,0.614,-1.576,3,1
10,2,27,3,N,nb24,1565,0.746,-1.847,2,1
10,2,27,3,N,nb25,1565,0.954,-1.528,4,1
10,2,27,3,N,nb26,1565,1.837,1.27,1,1
10,2,27,3,N,nb27,1565,1.866,-1.604,0,0
10,2,27,3,N,nb28,1565,-1.702,-1.624,0,0
10,2,27,3,N,nb29,1565,1.347,0.004,3,1
10,2,27,3,A,aa0,1565,-0.618,-0.072,0,0
10,2,27,3,A,aa1,1565,1.377,1.866,2,0
10,2,27,3,A,aa2,1565,-1.26,0.591,0,0
10,2,27,3,N,nb0,1570,0.571,0.036,1,1
10,2,27,3,N,nb1,1570,0.801,-1.61,4,1
10,2,27,3,N,nb2,1570,-1.452,-1.035,1,1
10,2,27,3,N,nb3,1570,1.825,0.278,2,1
10,2,27,3,N,nb4,1570,0.809,-1.44,5,1
10,2,27,3,N,nb5,1570,-1.6,-0.955,2,1
10,2,27,3,N,nb6,1570,1.82,0.109,2,1
10,2,27,3,N,nb7,1570,-1.622,-0.738,1,1
10,2,27,3,N,nb8,1570,1.385,0.174,2,1
10,2,27,3,N,nb9,1570,0.757,0.142,1,1
10,2,27,3,N,nb10,1570,1.77,1.426,2,1
10,2,27,3,N,nb11,1570,1.612,0.644,1,1
10,2,27,3,N,nb12,1570,1.021,-1.865,1,1
10,2,27,3,N,nb13,1570,0.889,-1.29,3,1
10,2,27,3,N,nb14,1570,1.095,-1.713,2,1
10,2,27,3,N,nb15,1570,0.93,-1.124,1,1
10,2,27,3,N,nb16,1570,1.795,0.488,2,1
10,2,27,3,N,nb17,1570,1.665,-0.017,2,1
10,2,27,3,N,nb18,1570,0.58,-1.865,1,1
10,2,27,3,N,nb19,1570,1.866,1.568,1,1
10,2,27,3,N,nb20,1570,0.612,-1.407,2,1
10,2,27,3,N,nb21,1570,1.374,-0.163,1,1
10,2,27,3,N,nb22,1570,1.509,0.051,3,1
10,2,27,3,N,nb23,1570,0.614,-1.576,3,1
10,2,27,3,N,nb24,1570,0.746,-1.847,2,1
10,2,27,3,N,nb25,1570,0.954,-1.528,4,1
10,2,27,3,N,nb26,1570,1.837,1.27,1,1
10,2,27,3,N,nb27,1570,1.866,-1.687,0,0
10,2,27,3,N,nb28,1570,-1.789,-1.58,0,0
10,2,27,3,N,nb29,1570,1.347,0.004,3,1
10,2,27,3,A,aa0,1570,-0.607,0.027,0,0
10,2,27,3,A,aa1,1570,1.396,1.866,2,0
10,2,27,3,A,aa2,1570,-1.163,0.566,0,0
10,2,27,3,N,nb0,1575,0.571,0.036,1,1
10,2,27,3,N,nb1,1575,0.801,-1.61,4,1
10,2,27,3,N,nb2,1575,-1.452,-1.035,1,1
10,2,27,3,N,nb3,1575,1.825,0.278,2,1
10,2,27,3,N,nb4,1575,0.809,-1.44,5,1
10,2,27,3,N,nb5,1575,-1.6,-0.955,2,1
10,2,27,3,N,nb6,1575,1.82,0.109,2,1
10,2,27,3,N,nb7,1575,-1.622,-0.738,1,1
10,2,27,3,N,nb8,1575,1.385,0.174,2,1
10,2,27,3,N,nb9,1575,0.757,0.142,1,1
10,2,27,3,N,nb10,1575,1.77,1.426,2,1
10,2,27,3,N,nb11,1575,1.612,0.644,1,1
10,2,27,3,N,nb12,1575,1.021,-1.865,1,1
10,2,27,3,N,nb13,1575,0.889,-1.29,3,1
10,2,27,3,N,nb14,1575,1.095,-1.713,2,1
10,2,27,3,N,nb15,1575,0.93,-1.124,1,1
10,2,27,3,N,nb16,1575,1.795,0.488,2,1
10,2,27,3,N,nb17,1575,1.665,-0.017,2,1
10,2,27,3,N,nb18,1575,0.58,-1.865,1,1
10,2,27,3,N,nb19,1575,1.866,1.568,1,1
10,2,27,3,N,nb20,1575,0.612,-1.407,2,1
10,2,27,3,N,nb21,1575,1.374,-0.163,1,1
10,2,27,3,N,nb22,1575,1.509,0.051,3,1
10,2,27,3,N,nb23,1575,0.614,-1.576,3,1
10,2,27,3,N,nb24,1575,0.746,-1.847,2,1
10,2,27,3,N,nb25,1575,0.954,-1.528,4,1
10,2,27,3,N,nb26,1575,1.837,1.27,1,1
10,2,27,3,N,nb27,1575,1.866,-1.774,0,0
10,2,27,3,N,nb28,1575,-1.862,-1.533,0,0
10,2,27,3,N,nb29,1575,1.347,0.004,3,1
10,2,27,3,A,aa0,1575,-0.596,0.126,0,0
10,2,27,3,A,aa1,1575,1.455,1.866,2,0
10,2,27,3,A,aa2,1575,-1.16,0.565,0,0
10,2,27,3,N,nb0,1580,0.571,0.036,1,1
10,2,27,3,N,nb1,1580,0.801,-1.61,4,1
10,2,27,3,N,nb2,1580,-1.452,-1.035,1,1
10,2,27,3,N,nb3,1580,1.825,0.278,2,1
10,2,27,3,N,nb4,1580,0.809,-1.44,5,1
10,2,27,3,N,nb5,1580,-1.6,-0.955,2,1
10,2,27,3,N,nb6,1580,1.82,0.109,2,1
10,2,27,3,N,nb7,1580,-1.622,-0.738,1,1
10,2,27,3,N,nb8,1580,1.385,0.174,2,1
10,2,27,3,N,nb9,1580,0.757,0.142,1,1
10,2,27,3,N,nb10,1580,1.77,1.426,2,1
10,2,27,3,N,nb11,1580,1.612,0.644,1,0
10,2,27,3,N,nb12,1580,1.021,-1.865,1,1
10,2,27,3,N,nb13,1580,0.889,-1.29,3,1
10,2,27,3,N,nb14,1580,1.095,-1.713,2,1
10,2,27,3,N,nb15,1580,0.93,-1.124,1,1
10,2,27,3,N,nb16,1580,1.795,0.488,2,1
10,2,27,3,N,nb17,1580,1.665,-0.017,2,1
10,2,27,3,N,nb18,1580,0.58,-1.865,1,1
10,2,27,3,N,nb19,1580,1.866,1.568,1,1
10,2,27,3,N,nb20,1580,0.612,-1.407,2,1
10,2,27,3,N,nb21,1580,1.374,-0.163,1,1
10,2,27,3,N,nb22,1580,1.509,0.051,3,1
10,2,27,3,N,nb23,1580,0.614,-1.576,3,1
10,2,27,3,N,nb24,1580,0.746,-1.847,2,1
10,2,27,3,N,nb25,1580,0.954,-1.528,4,1
10,2,27,3,N,nb26,1580,1.837,1.27,1,1
10,2,27,3,N,nb27,1580,1.866,-1.863,0,0
10,2,27,3,N,nb28,1580,-1.865,-1.478,0,0
10,2,27,3,N,nb29,1580,1.347,0.004,3,1
10,2,27,3,A,aa0,1580,-0.585,0.226,0,0
10,2,27,3,A,aa1,1580,1.524,1.866,2,0
10,2,27,3,A,aa2,1580,-1.136,0.593,0,0
10,2,27,3,N,nb0,1585,0.571,0.036,1,1
10,2,27,3,N,nb1,1585,0.801,-1.61,4,1
10,2,27,3,N,nb2,1585,-1.452,-1.035,1,1
10,2,27,3,N,nb3,1585,1.825,0.278,2,1
10,2,27,3,N,nb4,1585,0.809,-1.44,5,1
10,2,27,3,N,nb5,1585,-1.6,-0.955,2,1
10,2,27,3,N,nb6,1585,1.82,0.109,2,1
10,2,27,3,N,nb7,1585,-1.622,-0.738,1,1
10,2,27,3,N,nb8,1585,1.385,0.174,2,1
10,2,27,3,N,nb9,1585,0.757,0.142,1,1
10,2,27,3,N,nb10,1585,1.77,1.426,2,1
10,2,27,3,N,nb11,1585,1.612,0.644,1,1
10,2,27,3,N,nb12,1585,1.021,-1.865,1,1
10,2,27,3,N,nb13,1585,0.889,-1.29,3,1
10,2,27,3,N,nb14,1585,1.095,-1.713,2,1
10,2,27,3,N,nb15,1585,0.93,-1.124,1,1
10,2,27,3,N,nb16,1585,1.795,0.488,2,1
10,2,27,3,N,nb17,1585,1.665,-0.017,2,1
10,2,27,3,N,nb18,1585,0.58,-1.865,1,1
10,2,27,3,N,nb19,1585,1.866,1.568,1,1
10,2,27,3,N,nb20,1585,0.612,-1.407,2,1
10,2,27,3,N,nb21,1585,1.374,-0.163,1,1
10,2,27,3,N,nb22,1585,1.509,0.051,3,1
10,2,27,3,N,nb23,1585,0.614,-1.576,3,1
10,2,27,3,N,nb24,1585,0.746,-1.847,2,1
10,2,27,3,N,nb25,1585,0.954,-1.528,4,1
10,2,27,3,N,nb26,1585,1.837,1.27,1,1
10,2,27,3,N,nb27,1585,1.865,-1.865,0,0
10,2,27,3,N,nb28,1585,-1.865,-1.411,0,0
10,2,27,3,N,nb29,1585,1.347,0.004,3,1
10,2,27,3,A,aa0,1585,-0.574,0.325,0,0
10,2,27,3,A,aa1,1585,1.601,1.866,2,0
10,2,27,3,A,aa2,1585,-1.073,0.671,0,0
10,2,27,3,N,nb0,1590,0.571,0.036,1,1
10,2,27,3,N,nb1,1590,0.801,-1.61,4,1
10,2,27,3,N,nb2,1590,-1.452,-1.035,1,1
10,2,27,3,N,nb3,1590,1.825,0.278,2,1
10,2,27,3,N,nb4,1590,0.809,-1.44,5,1
10,2,27,3,N,nb5,1590,-1.6,-0.955,2,1
10,2,27,3,N,nb6,1590,1.82,0.109,2,1
10,2,27,3,N,nb7,1590,-1.622,-0.738,1,1
10,2,27,3,N,nb8,1590,1.385,0.174,2,1
10,2,27,3,N,nb9,1590,0.757,0.142,1,1
10,2,27,3,N,nb10,1590,1.77,1.426,2,1
10,2,27,3,N,nb11,1590,1.612,0.644,1,1
10,2,27,3,N,nb12,1590,1.021,-1.865,1,1
10,2,27,3,N,nb13,1590,0.889,-1.29,3,1
10,2,27,3,N,nb14,1590,1.095,-1.713,2,1
10,2,27,3,N,nb15,1590,0.93,-1.124,1,1
10,2,27,3,N,nb16,1590,1.795,0.488,2,1
10,2,27,3,N,nb17,1590,1.665,-0.017,2,1
10,2,27,3,N,nb18,1590,0.58,-1.865,1,1
10,2,27,3,N,nb19,1590,1.866,1.568,1,1
10,2,27,3,N,nb20,1590,0.612,-1.407,2,1
10,2,27,3,N,nb21,1590,1.374,-0.163,1,1
10,2,27,3,N,nb22,1590,1.509,0.051,3,1
10,2,27,3,N,nb23,1590,0.614,-1.576,3,1
10,2,27,3,N,nb24,1590,0.746,-1.847,2,1
10,2,27,3,N,nb25,1590,0.954,-1.528,4,1
10,2,27,3,N,nb26,1590,1.837,1.27,1,1
10,2,27,3,N,nb27,1590,1.852,-1.865,0,0
10,2,27,3,N,nb28,1590,-1.865,-1.336,0,0
10,2,27,3,N,nb29,1590,1.347,0.004,3,0
10,2,27,3,A,aa0,1590,-0.563,0.425,0,0
10,2,27,3,A,aa1,1590,1.685,1.866,2,0
10,2,27,3,A,aa2,1590,-1.01,0.748,0,0
10,2,27,3,N,nb0,1595,0.571,0.036,1,1
10,2,27,3,N,nb1,1595,0.801,-1.61,4,1
10,2,27,3,N,nb2,1595,-1.452,-1.035,1,1
10,2,27,3,N,nb3,1595,1.825,0.278,2,1
10,2,27,3,N,nb4,1595,0.809,-1.44,5,1
10,2,27,3,N,nb5,1595,-1.6,-0.955,2,1
10,2,27,3,N,nb6,1595,1.82,0.109,2,1
10,2,27,3,N,nb7,1595,-1.622,-0.738,1,1
10,2,27,3,N,nb8,1595,1.385,0.174,2,1
10,2,27,3,N,nb9,1595,0.757,0.142,1,1
10,2,27,3,N,nb10,1595,1.77,1.426,2,1
10,2,27,3,N,nb11,1595,1.612,0.644,1,1
10,2,27,3,N,nb12,1595,1.021,-1.865,1,1
10,2,27,3,N,nb13,1595,0.889,-1.29,3,1
10,2,27,3,N,nb14,1595,1.095,-1.713,2,1
10,2,27,3,N,nb15,1595,0.93,-1.124,1,1
10,2,27,3,N,nb16,1595,1.795,0.488,2,1
10,2,27,3,N,nb17,1595,1.665,-0.017,2,1
10,2,27,3,N,nb18,1595,0.58,-1.865,1,1
10,2,27,3,N,nb19,1595,1.866,1.568,1,1
10,2,27,3,N,nb20,1595,0.612,-1.407,2,1
10,2,27,3,N,nb21,1595,1.374,-0.163,1,1
10,2,27,3,N,nb22,1595,1.509,0.051,3,1
10,2,27,3,N,nb23,1595,0.614,-1.576,3,1
10,2,27,3,N,nb24,1595,0.746,-1.847,2,1
10,2,27,3,N,nb25,1595,0.954,-1.528,4,1
10,2,27,3,N,nb26,1595,1.837,1.27,1,1
10,2,27,3,N,nb27,1595,1.826,-1.865,0,0
10,2,27,3,N,nb28,1595,-1.865,-1.254,0,0
10,2,27,3,N,nb29,1595,1.347,0.004,3,1
10,2,27,3,A,aa0,1595,-0.558,0.468,0,0
10,2,27,3,A,aa1,1595,1.774,1.866,2,0
10,2,27,3,A,aa2,1595,-0.947,0.826,0,0
10,2,27,3,N,nb0,1600,0.571,0.036,1,1
10,2,27,3,N,nb1,1600,0.801,-1.61,4,1
10,2,27,3,N,nb2,1600,-1.452,-1.035,1,1
10,2,27,3,N,nb3,1600,1.825,0.278,2,1
10,2,27,3,N,nb4,1600,0.809,-1.44,5,1
10,2,27,3,N,nb5,1600,-1.6,-0.955,2,1
10,2,27,3,N,nb6,1600,1.82,0.109,2,1
10,2,27,3,N,nb7,1600,-1.622,-0.738,1,1
10,2,27,3,N,nb8,1600,1.385,0.174,2,1
10,2,27,3,N,nb9,1600,0.757,0.142,1,1
10,2,27,3,N,nb10,1600,1.77,1.426,2,1
10,2,27,3,N,nb11,1600,1.612,0.644,1,1
10,2,27,3,N,nb12,1600,1.021,-1.865,1,1
10,2,27,3,N,nb13,1600,0.889,-1.29,3,1
10,2,27,3,N,nb14,1600,1.095,-1.713,2,1
10,2,27,3,N,nb15,1600,0.93,-1.124,1,1
10,2,27,3,N,nb16,1600,1.795,0.488,2,1
10,2,27,3,N,nb17,1600,1.665,-0.017,2,1
10,2,27,3,N,nb18,1600,0.58,-1.865,1,1
10,2,27,3,N,nb19,1600,1.866,1.568,1,1
10,2,27,3,N,nb20,1600,0.612,-1.407,2,1
10,2,27,3,N,nb21,1600,1.374,-0.163,1,1
10,2,27,3,N,nb22,1600,1.509,0.051,3,1
10,2,27,3,N,nb23,1600,0.614,-1.576,3,1
10,2,27,3,N,nb24,1600,0.746,-1.847,2,1
10,2,27,3,N,nb25,1600,0.954,-1.528,4,1
10,2,27,3,N,nb26,1600,1.837,1.27,1,1
10,2,27,3,N,nb27,1600,1.787,-1.865,0,0
10,2,27,3,N,nb28,1600,-1.865,-1.166,0,0
10,2,27,3,N,nb29,1600,1.347,0.004,3,1
10,2,27,3,A,aa0,1600,-0.558,0.468,0,0
10,2,27,3,A,aa1,1600,1.864,1.866,1,0
10,2,27,3,A,aa2,1600,-0.883,0.903,0,0
10,2,27,3,N,nb0,1605,0.571,0.036,1,1
10,2,27,3,N,nb1,1605,0.801,-1.61,4,1
10,2,27,3,N,nb2,1605,-1.452,-1.035,1,1
10,2,27,3,N,nb3,1605,1.825,0.278,2,1
10,2,27,3,N,nb4,1605,0.809,-1.44,5,1
10,2,27,3,N,nb5,1605,-1.6,-0.955,2,1
10,2,27,3,N,nb6,1605,1.82,0.109,2,1
10,2,27,3,N,nb7,1605,-1.622,-0.738,1,1
10,2,27,3,N,nb8,1605,1.385,0.174,2,1
10,2,27,3,N,nb9,1605,0.757,0.142,1,1
10,2,27,3,N,nb10,1605,1.77,1.426,2,0
10,2,27,3,N,nb11,1605,1.612,0.644,1,1
10,2,27,3,N,nb12,1605,1.021,-1.865,1,1
10,2,27,3,N,nb13,1605,0.889,-1.29,3,1
10,2,27,3,N,nb14,1605,1.095,-1.713,2,1
10,2,27,3,N,nb15,1605,0.93,-1.124,1,1
10,2,27,3,N,nb16,1605,1.795,0.488,2,1
10,2,27,3,N,nb17,1605,1.665,-0.017,2,1
10,2,27,3,N,nb18,1605,0.58,-1.865,1,1
10,2,27,3,N,nb19,1605,1.866,1.568,1,0
10,2,27,3,N,nb20,1605,0.612,-1.407,2,1
10,2,27,3,N,nb21,1605,1.374,-0.163,1,0
10,2,27,3,N,nb22,1605,1.509,0.051,3,1
10,2,27,3,N,nb23,1605,0.614,-1.576,3,1
10,2,27,3,N,nb24,1605,0.746,-1.847,2,0
10,2,27,3,N,nb25,1605,0.954,-1.528,4,1
10,2,27,3,N,nb26,1605,1.837,1.27,1,1
10,2,27,3,N,nb27,1605,1.734,-1.865,0,0
10,2,27,3,N,nb28,1605,-1.865,-1.076,0,0
10,2,27,3,N,nb29,1605,1.347,0.004,3,1
10,2,27,3,A,aa0,1605,-0.641,0.517,0,0
10,2,27,3,A,aa1,1605,1.865,1.863,1,0
10,2,27,3,A,aa2,1605,-0.82,0.981,0,0
10,2,27,3,N,nb0,1610,0.571,0.036,1,0
10,2,27,3,N,nb1,1610,0.801,-1.61,4,0
10,2,27,3,N,nb2,1610,-1.452,-1.035,1,1
10,2,27,3,N,nb3,1610,1.825,0.278,2,1
10,2,27,3,N,nb4,1610,0.809,-1.44,5,1
10,2,27,3,N,nb5,1610,-1.6,-0.955,2,1
10,2,27,3,N,nb6,1610,1.82,0.109,2,1
10,2,27,3,N,nb7,1610,-1.622,-0.738,1,1
10,2,27,3,N,nb8,1610,1.385,0.174,2,1
10,2,27,3,N,nb9,1610,0.757,0.142,1,0
10,2,27,3,N,nb10,1610,1.77,1.426,2,1
10,2,27,3,N,nb11,1610,1.612,0.644,1,1
10,2,27,3,N,nb12,1610,1.021,-1.865,1,1
10,2,27,3,N,nb13,1610,0.889,-1.29,3,1
10,2,27,3,N,nb14,1610,1.095,-1.713,2,1
10,2,27,3,N,nb15,1610,0.93,-1.124,1,1
10,2,27,3,N,nb16,1610,1.795,0.488,2,1
10,2,27,3,N,nb17,1610,1.665,-0.017,2,1
10,2,27,3,N,nb18,1610,0.58,-1.865,1,1
10,2,27,3,N,nb19,1610,1.866,1.568,1,1
10,2,27,3,N,nb20,1610,0.612,-1.407,2,1
10,2,27,3,N,nb21,1610,1.374,-0.163,1,1
10,2,27,3,N,nb22,1610,1.509,0.051,3,1
10,2,27,3,N,nb23,1610,0.614,-1.576,3,1
10,2,27,3,N,nb24,1610,0.746,-1.847,2,1
10,2,27,3,N,nb25,1610,0.954,-1.528,4,1
10,2,27,3,N,nb26,1610,1.837,1.27,1,1
10,2,27,3,N,nb27,1610,1.67,-1.865,0,0
10,2,27,3,N,nb28,1610,-1.863,-0.984,0,0
10,2,27,3,N,nb29,1610,1.347,0.004,3,1
10,2,27,3,A,aa0,1610,-0.727,0.569,0,0
10,2,27,3,A,aa1,1610,1.865,1.849,1,0
10,2,27,3,A,aa2,1610,-0.757,1.058,0,0
10,2,27,3,N,nb0,1615,0.571,0.036,1,1
10,2,27,3,N,nb1,1615,0.801,-1.61,4,1
10,2,27,3,N,nb2,1615,-1.452,-1.035,1,1
10,2,27,3,N,nb3,1615,1.825,0.278,2,1
10,2,27,3,N,nb4,1615,0.809,-1.44,5,1
10,2,27,3,N,nb5,1615,-1.6,-0.955,2,1
10,2,27,3,N,nb6,1615,1.82,0.109,2,1
10,2,27,3,N,nb7,1615,-1.622,-0.738,1,1
10,2,27,3,N,nb8,1615,1.385,0.174,2,1
10,2,27,3,N,nb9,1615,0.757,0.142,1,1
10,2,27,3,N,nb10,1615,1.77,1.426,2,1
10,2,27,3,N,nb11,1615,1.612,0.644,1,1
10,2,27,3,N,nb12,1615,1.021,-1.865,1,1
10,2,27,3,N,nb13,1615,0.889,-1.29,3,1
10,2,27,3,N,nb14,1615,1.095,-1.713,2,1
10,2,27,3,N,nb15,1615,0.93,-1.124,1,1
10,2,27,3,N,nb16,1615,1.795,0.488,2,1
10,2,27,3,N,nb17,1615,1.665,-0.017,2,1
10,2,27,3,N,nb18,1615,0.58,-1.865,1,1
10,2,27,3,N,nb19,1615,1.866,1.568,1,1
10,2,27,3,N,nb20,1615,0.612,-1.407,2,1
10,2,27,3,N,nb21,1615,1.374,-0.163,1,1
10,2,27,3,N,nb22,1615,1.509,0.051,3,1
10,2,27,3,N,nb23,1615,0.614,-1.576,3,1
10,2,27,3,N,nb24,1615,0.746,-1.847,2,1
10,2,27,3,N,nb25,1615,0.954,-1.528,4,1
10,2,27,3,N,nb26,1615,1.837,1.27,1,1
10,2,27,3,N,nb27,1615,1.596,-1.865,0,0
10,2,27,3,N,nb28,1615,-1.851,-0.892,0,0
10,2,27,3,N,nb29,1615,1.347,0.004,3,1
10,2,27,3,A,aa0,1615,-0.813,0.62,0,0
10,2,27,3,A,aa1,1615,1.865,1.82,1,0
10,2,27,3,A,aa2,1615,-0.694,1.136,0,0
10,2,27,3,N,nb0,1620,0.571,0.036,1,1
10,2,27,3,N,nb1,1620,0.801,-1.61,4,1
10,2,27,3,N,nb2,1620,-1.452,-1.035,1,1
10,2,27,3,N,nb3,1620,1.825,0.278,2,1
10,2,27,3,N,nb4,1620,0.809,-1.44,5,1
10,2,27,3,N,nb5,1620,-1.6,-0.955,2,1
10,2,27,3,N,nb6,1620,1.82,0.109,2,1
10,2,27,3,N,nb7,1620,-1.622,-0.738,2,1
10,2,27,3,N,nb8,1620,1.385,0.174,2,1
10,2,27,3,N,nb9,1620,0.757,0.142,1,1
10,2,27,3,N,nb10,1620,1.77,1.426,2,1
10,2,27,3,N,nb11,1620,1.612,0.644,1,1
10,2,27,3,N,nb12,1620,1.021,-1.865,1,1
10,2,27,3,N,nb13,1620,0.889,-1.29,3,1
10,2,27,3,N,nb14,1620,1.095,-1.713,2,1
10,2,27,3,N,nb15,1620,0.93,-1.124,1,1
10,2,27,3,N,nb16,1620,1.795,0.488,2,1
10,2,27,3,N,nb17,1620,1.665,-0.017,2,1
10,2,27,3,N,nb18,1620,0.58,-1.865,1,0
10,2,27,3,N,nb19,1620,1.866,1.568,1,1
10,2,27,3,N,nb20,1620,0.612,-1.407,2,0
10,2,27,3,N,nb21,1620,1.374,-0.163,1,1
10,2,27,3,N,nb22,1620,1.509,0.051,3,1
10,2,27,3,N,nb23,1620,0.614,-1.576,3,0
10,2,27,3,N,nb24,1620,0.746,-1.847,2,1
10,2,27,3,N,nb25,1620,0.954,-1.528,4,1
10,2,27,3,N,nb26,1620,1.837,1.27,1,1
10,2,27,3,N,nb27,1620,1.515,-1.865,0,0
10,2,27,3,N,nb28,1620,-1.839,-0.834,1,1
10,2,27,3,N,nb29,1620,1.347,0.004,3,1
10,2,27,3,A,aa0,1620,-0.899,0.671,0,0
10,2,27,3,A,aa1,1620,1.865,1.778,1,0
10,2,27,3,A,aa2,1620,-0.631,1.213,0,0
10,2,27,3,N,nb0,1625,0.571,0.036,1,1
10,2,27,3,N,nb1,1625,0.801,-1.61,4,1
10,2,27,3,N,nb2,1625,-1.452,-1.035,1,1
10,2,27,3,N,nb3,1625,1.825,0.278,2,1
10,2,27,3,N,nb4,1625,0.809,-1.44,5,1
10,2,27,3,N,nb5,1625,-1.6,-0.955,2,1
10,2,27,3,N,nb6,1625,1.82,0.109,2,1
10,2,27,3,N,nb7,1625,-1.622,-0.738,2,1
10,2,27,3,N,nb8,1625,1.385,0.174,2,1
10,2,27,3,N,nb9,1625,0.757,0.142,1,1
10,2,27,3,N,nb10,1625,1.77,1.426,2,1
10,2,27,3,N,nb11,1625,1.612,0.644,1,1
10,2,27,3,N,nb12,1625,1.021,-1.865,1,1
10,2,27,3,N,nb13,1625,0.889,-1.29,3,1
10,2,27,3,N,nb14,1625,1.095,-1.713,2,1
10,2,27,3,N,nb15,1625,0.93,-1.124,1,1
10,2,27,3,N,nb16,1625,1.795,0.488,2,1
10,2,27,3,N,nb17,1625,1.665,-0.017,2,1
10,2,27,3,N,nb18,1625,0.58,-1.865,1,1
10,2,27,3,N,nb19,1625,1.866,1.567,1,1
10,2,27,3,N,nb20,1625,0.612,-1.407,2,1
10,2,27,3,N,nb21,1625,1.374,-0.163,1,1
10,2,27,3,N,nb22,1625,1.509,0.051,3,1
10,2,27,3,N,nb23,1625,0.614,-1.576,3,1
10,2,27,3,N,nb24,1625,0.746,-1.847,2,1
10,2,27,3,N,nb25,1625,0.954,-1.528,4,1
10,2,27,3,N,nb26,1625,1.837,1.27,1,1
10,2,27,3,N,nb27,1625,1.428,-1.865,0,0
10,2,27,3,N,nb28,1625,-1.839,-0.834,1,1
10,2,27,3,N,nb29,1625,1.347,0.004,3,1
10,2,27,3,A,aa0,1625,-0.985,0.722,0,0
10,2,27,3,A,aa1,1625,1.865,1.736,1,0
10,2,27,3,A,aa2,1625,-0.567,1.29,0,0
10,2,27,3,N,nb0,1630,0.571,0.036,1,1
10,2,27,3,N,nb1,1630,0.801,-1.61,4,1
10,2,27,3,N,nb2,1630,-1.452,-1.035,1,0
10,2,27,3,N,nb3,1630,1.825,0.278,2,0
10,2,27,3,N,nb4,1630,0.809,-1.44,5,1
10,2,27,3,N,nb5,1630,-1.6,-0.955,2,0
10,2,27,3,N,nb6,1630,1.82,0.109,2,1
10,2,27,3,N,nb7,1630,-1.622,-0.738,2,0
10,2,27,3,N,nb8,1630,1.385,0.174,2,0
10,2,27,3,N,nb9,1630,0.757,0.142,1,1
10,2,27,3,N,nb10,1630,1.77,1.426,2,1
10,2,27,3,N,nb11,1630,1.612,0.644,1,1
10,2,27,3,N,nb12,1630,1.021,-1.865,1,1
10,2,27,3,N,nb13,1630,0.889,-1.29,3,1
10,2,27,3,N,nb14,1630,1.095,-1.713,2,1
10,2,27,3,N,nb15,1630,0.93,-1.124,1,1
10,2,27,3,N,nb16,1630,1.795,0.488,2,0
10,2,27,3,N,nb17,1630,1.665,-0.017,2,1
10,2,27,3,N,nb18,1630,0.58,-1.865,1,1
10,2,27,3,N,nb19,1630,1.866,1.567,1,1
10,2,27,3,N,nb20,1630,0.612,-1.407,2,1
10,2,27,3,N,nb21,1630,1.374,-0.163,1,1
10,2,27,3,N,nb22,1630,1.509,0.051,3,1
10,2,27,3,N,nb23,1630,0.614,-1.576,3,1
10,2,27,3,N,nb24,1630,0.746,-1.847,2,1
10,2,27,3,N,nb25,1630,0.954,-1.528,4,1
10,2,27,3,N,nb26,1630,1.837,1.27,1,1
10,2,27,3,N,nb27,1630,1.338,-1.865,0,0
10,2,27,3,N,nb28,1630,-1.839,-0.834,1,1
10,2,27,3,N,nb29,1630,1.347,0.004,3,1
10,2,27,3,A,aa0,1630,-1.071,0.774,0,0
10,2,27,3,A,aa1,1630,1.865,1.736,1,0
10,2,27,3,A,aa2,1630,-0.504,1.368,0,0
10,2,27,3,N,nb0,1635,0.571,0.036,1,1
10,2,27,3,N,nb1,1635,0.801,-1.61,4,1
10,2,27,3,N,nb2,1635,-1.452,-1.035,1,1
10,2,27,3,N,nb3,1635,1.825,0.278,2,1
10,2,27,3,N,nb4,1635,0.809,-1.44,5,1
10,2,27,3,N,nb5,1635,-1.6,-0.955,2,1
10,2,27,3,N,nb6,1635,1.82,0.109,2,1
10,2,27,3,N,nb7,1635,-1.622,-0.738,2,1
10,2,27,3,N,nb8,1635,1.385,0.174,2,1
10,2,27,3,N,nb9,1635,0.757,0.142,1,1
10,2,27,3,N,nb10,1635,1.77,1.426,2,1
10,2,27,3,N,nb11,1635,1.612,0.644,1,1
10,2,27,3,N,nb12,1635,1.021,-1.865,1,1
10,2,27,3,N,nb13,1635,0.889,-1.29,3,1
10,2,27,3,N,nb14,1635,1.095,-1.713,3,1
10,2,27,3,N,nb15,1635,0.93,-1.124,1,0
10,2,27,3,N,nb16,1635,1.795,0.488,2,1
10,2,27,3,N,nb17,1635,1.665,-0.017,2,1
10,2,27,3,N,nb18,1635,0.58,-1.865,1,1
10,2,27,3,N,nb19,1635,1.866,1.567,1,1
10,2,27,3,N,nb20,1635,0.612,-1.407,2,1
10,2,27,3,N,nb21,1635,1.374,-0.163,1,1
10,2,27,3,N,nb22,1635,1.509,0.051,3,1
10,2,27,3,N,nb23,1635,0.614,-1.576,3,1
10,2,27,3,N,nb24,1635,0.746,-1.847,2,1
10,2,27,3,N,nb25,1635,0.954,-1.528,4,1
10,2,27,3,N,nb26,1635,1.837,1.27,1,1
10,2,27,3,N,nb27,1635,1.28,-1.865,1,1
10,2,27,3,N,nb28,1635,-1.839,-0.834,1,1
10,2,27,3,N,nb29,1635,1.347,0.004,3,1
10,2,27,3,A,aa0,1635,-1.157,0.825,0,0
10,2,27,3,A,aa1,1635,1.865,1.736,1,0
10,2,27,3,A,aa2,1635,-0.441,1.445,0,0
10,2,27,3,N,nb0,1640,0.571,0.036,1,1
10,2,27,3,N,nb1,1640,0.801,-1.61,4,1
10,2,27,3,N,nb2,1640,-1.452,-1.035,1,1
10,2,27,3,N,nb3,1640,1.825,0.278,2,1
10,2,27,3,N,nb4,1640,0.809,-1.44,5,1
10,2,27,3,N,nb5,1640,-1.6,-0.955,2,1
10,2,27,3,N,nb6,1640,1.82,0.109,2,1
10,2,27,3,N,nb7,1640,-1.622,-0.738,2,1
10,2,27,3,N,nb8,1640,1.385,0.174,2,1
10,2,27,3,N,nb9,1640,0.757,0.142,1,1
10,2,27,3,N,nb10,1640,1.77,1.426,2,1
10,2,27,3,N,nb11,1640,1.612,0.644,1,1
10,2,27,3,N,nb12,1640,1.021,-1.865,1,1
10,2,27,3,N,nb13,1640,0.889,-1.29,3,1
10,2,27,3,N,nb14,1640,1.095,-1.713,3,1
10,2,27,3,N,nb15,1640,0.93,-1.124,1,1
10,2,27,3,N,nb16,1640,1.795,0.488,2,1
10,2,27,3,N,nb17,1640,1.665,-0.017,2,1
10,2,27,3,N,nb18,1640,0.58,-1.865,1,1
10,2,27,3,N,nb19,1640,1.866,1.567,1,1
10,2,27,3,N,nb20,1640,0.612,-1.407,2,1
10,2,27,3,N,nb21,1640,1.374,-0.163,1,1
10,2,27,3,N,nb22,1640,1.509,0.051,3,1
10,2,27,3,N,nb23,1640,0.614,-1.576,3,1
10,2,27,3,N,nb24,1640,0.746,-1.847,2,1
10,2,27,3,N,nb25,1640,0.954,-1.528,4,1
10,2,27,3,N,nb26,1640,1.837,1.27,1,1
10,2,27,3,N,nb27,1640,1.28,-1.865,1,1
10,2,27,3,N,nb28,1640,-1.839,-0.834,1,1
10,2,27,3,N,nb29,1640,1.347,0.004,3,1
10,2,27,3,A,aa0,1640,-1.242,0.876,0,0
10,2,27,3,A,aa1,1640,1.865,1.736,1,0
10,2,27,3,A,aa2,1640,-0.378,1.523,0,0
10,2,27,3,N,nb0,1645,0.571,0.036,1,1
10,2,27,3,N,nb1,1645,0.801,-1.61,4,1
10,2,27,3,N,nb2,1645,-1.452,-1.035,1,1
10,2,27,3,N,nb3,1645,1.825,0.278,2,1
10,2,27,3,N,nb4,1645,0.809,-1.44,5,1
10,2,27,3,N,nb5,1645,-1.6,-0.955,2,1
10,2,27,3,N,nb6,1645,1.82,0.109,2,1
10,2,27,3,N,nb7,1645,-1.622,-0.738,2,1
10,2,27,3,N,nb8,1645,1.385,0.174,2,1
10,2,27,3,N,nb9,1645,0.757,0.142,1,1
10,2,27,3,N,nb10,1645,1.77,1.426,2,1
10,2,27,3,N,nb11,1645,1.612,0.644,1,1
10,2,27,3,N,nb12,1645,1.021,-1.865,1,1
10,2,27,3,N,nb13,1645,0.889,-1.29,3,1
10,2,27,3,N,nb14,1645,1.095,-1.713,3,1
10,2,27,3,N,nb15,1645,0.93,-1.124,1,1
10,2,27,3,N,nb16,1645,1.795,0.488,2,1
10,2,27,3,N,nb17,1645,1.665,-0.017,2,1
10,2,27,3,N,nb18,1645,0.58,-1.865,1,1
10,2,27,3,N,nb19,1645,1.866,1.567,1,1
10,2,27,3,N,nb20,1645,0.612,-1.407,2,1
10,2,27,3,N,nb21,1645,1.374,-0.163,1,1
10,2,27,3,N,nb22,1645,1.509,0.051,3,1
10,2,27,3,N,nb23,1645,0.614,-1.576,3,1
10,2,27,3,N,nb24,1645,0.746,-1.847,2,1
10,2,27,3,N,nb25,1645,0.954,-1.528,4,1
10,2,27,3,N,nb26,1645,1.837,1.27,1,1
10,2,27,3,N,nb27,1645,1.28,-1.865,1,1
10,2,27,3,N,nb28,1645,-1.839,-0.834,1,1
10,2,27,3,N,nb29,1645,1.347,0.004,3,1
10,2,27,3,A,aa0,1645,-1.328,0.927,0,0
10,2,27,3,A,aa1,1645,1.865,1.736,1,0
10,2,27,3,A,aa2,1645,-0.315,1.6,0,0
10,2,27,3,N,nb0,1650,0.571,0.036,1,1
10,2,27,3,N,nb1,1650,0.801,-1.61,4,1
10,2,27,3,N,nb2,1650,-1.452,-1.035,1,1
10,2,27,3,N,nb3,1650,1.825,0.278,2,1
10,2,27,3,N,nb4,1650,0.809,-1.44,5,1
10,2,27,3,N,nb5,1650,-1.6,-0.955,2,1
10,2,27,3,N,nb6,1650,1.82,0.109,2,1
10,2,27,3,N,nb7,1650,-1.622,-0.738,2,1
10,2,27,3,N,nb8,1650,1.385,0.174,2,1
10,2,27,3,N,nb9,1650,0.757,0.142,1,1
10,2,27,3,N,nb10,1650,1.77,1.426,2,1
10,2,27,3,N,nb11,1650,1.612,0.644,1,1
10,2,27,3,N,nb12,1650,1.021,-1.865,1,1
10,2,27,3,N,nb13,1650,0.889,-1.29,3,1
10,2,27,3,N,nb14,1650,1.095,-1.713,3,1
10,2,27,3,N,nb15,1650,0.93,-1.124,1,1
10,2,27,3,N,nb16,1650,1.795,0.488,2,1
10,2,27,3,N,nb17,1650,1.665,-0.017,2,1
10,2,27,3,N,nb18,1650,0.58,-1.865,1,1
10,2,27,3,N,nb19,1650,1.866,1.567,1,1
10,2,27,3,N,nb20,1650,0.612,-1.407,2,1
10,2,27,3,N,nb21,1650,1.374,-0.163,1,1
10,2,27,3,N,nb22,1650,1.509,0.051,3,1
10,2,27,3,N,nb23,1650,0.614,-1.576,3,1
10,2,27,3,N,nb24,1650,0.746,-1.847,2,1
10,2,27,3,N,nb25,1650,0.954,-1.528,4,1
10,2,27,3,N,nb26,1650,1.837,1.27,1,1
10,2,27,3,N,nb27,1650,1.28,-1.865,1,1
10,2,27,3,N,nb28,1650,-1.839,-0.834,1,1
10,2,27,3,N,nb29,1650,1.347,0.004,3,1
10,2,27,3,A,aa0,1650,-1.414,0.979,0,0
10,2,27,3,A,aa1,1650,1.865,1.736,1,0
10,2,27,3,A,aa2,1650,-0.251,1.678,0,0
10,2,27,3,N,nb0,1655,0.571,0.036,1,1
10,2,27,3,N,nb1,1655,0.801,-1.61,4,1
10,2,27,3,N,nb2,1655,-1.452,-1.035,1,1
10,2,27,3,N,nb3,1655,1.825,0.278,2,1
10,2,27,3,N,nb4,1655,0.809,-1.44,5,1
10,2,27,3,N,nb5,1655,-1.6,-0.955,2,1
10,2,27,3,N,nb6,1655,1.82,0.109,2,1
10,2,27,3,N,nb7,1655,-1.622,-0.738,2,1
10,2,27,3,N,nb8,1655,1.385,0.174,2,1
10,2,27,3,N,nb9,1655,0.757,0.142,1,1
10,2,27,3,N,nb10,1655,1.77,1.426,2,1
10,2,27,3,N,nb11,1655,1.612,0.644,1,1
10,2,27,3,N,nb12,1655,1.021,-1.865,1,1
10,2,27,3,N,nb13,1655,0.889,-1.29,3,1
10,2,27,3,N,nb14,1655,1.095,-1.713,3,1
10,2,27,3,N,nb15,1655,0.93,-1.124,1,1
10,2,27,3,N,nb16,1655,1.795,0.488,2,1
10,2,27,3,N,nb17,1655,1.665,-0.017,2,1
10,2,27,3,N,nb18,1655,0.58,-1.865,1,1
10,2,27,3,N,nb19,1655,1.866,1.567,1,1
10,2,27,3,N,nb20,1655,0.612,-1.407,2,1
10,2,27,3,N,nb21,1655,1.374,-0.163,1,1
10,2,27,3,N,nb22,1655,1.509,0.051,3,1
10,2,27,3,N,nb23,1655,0.614,-1.576,3,1
10,2,27,3,N,nb24,1655,0.746,-1.847,2,1
10,2,27,3,N,nb25,1655,0.954,-1.528,4,1
10,2,27,3,N,nb26,1655,1.837,1.27,1,0
10,2,27,3,N,nb27,1655,1.28,-1.865,1,1
10,2,27,3,N,nb28,1655,-1.839,-0.834,1,1
10,2,27,3,N,nb29,1655,1.347,0.004,3,1
10,2,27,3,A,aa0,1655,-1.5,1.03,0,0
10,2,27,3,A,aa1,1655,1.865,1.736,1,0
10,2,27,3,A,aa2,1655,-0.199,1.743,0,0
10,2,27,3,N,nb0,1660,0.571,0.036,1,1
10,2,27,3,N,nb1,1660,0.801,-1.61,4,1
10,2,27,3,N,nb2,1660,-1.452,-1.035,1,1
10,2,27,3,N,nb3,1660,1.825,0.278,2,1
10,2,27,3,N,nb4,1660,0.809,-1.44,5,1
10,2,27,3,N,nb5,1660,-1.6,-0.955,2,1
10,2,27,3,N,nb6,1660,1.82,0.109,2,1
10,2,27,3,N,nb7,1660,-1.622,-0.738,2,1
10,2,27,3,N,nb8,1660,1.385,0.174,2,1
10,2,27,3,N,nb9,1660,0.757,0.142,1,1
10,2,27,3,N,nb10,1660,1.77,1.426,2,1
10,2,27,3,N,nb11,1660,1.612,0.644,1,1
10,2,27,3,N,nb12,1660,1.021,-1.865,1,1
10,2,27,3,N,nb13,1660,0.889,-1.29,3,1
10,2,27,3,N,nb14,1660,1.095,-1.713,3,1
10,2,27,3,N,nb15,1660,0.93,-1.124,1,1
10,2,27,3,N,nb16,1660,1.795,0.488,2,1
10,2,27,3,N,nb17,1660,1.665,-0.017,2,1
10,2,27,3,N,nb18,1660,0.58,-1.865,1,1
10,2,27,3,N,nb19,1660,1.866,1.567,1,1
10,2,27,3,N,nb20,1660,0.612,-1.407,2,1
10,2,27,3,N,nb21,1660,1.374,-0.163,1,1
10,2,27,3,N,nb22,1660,1.509,0.051,3,1
10,2,27,3,N,nb23,1660,0.614,-1.576,3,1
10,2,27,3,N,nb24,1660,0.746,-1.847,2,1
10,2,27,3,N,nb25,1660,0.954,-1.528,4,1
10,2,27,3,N,nb26,1660,1.837,1.27,1,1
10,2,27,3,N,nb27,1660,1.28,-1.865,1,1
10,2,27,3,N,nb28,1660,-1.839,-0.834,1,1
10,2,27,3,N,nb29,1660,1.347,0.004,3,1
10,2,27,3,A,aa0,1660,-1.586,1.081,0,0
10,2,27,3,A,aa1,1660,1.865,1.736,1,0
10,2,27,3,A,aa2,1660,-0.199,1.743,0,0
10,2,27,3,N,nb0,1665,0.571,0.036,1,1
10,2,27,3,N,nb1,1665,0.801,-1.61,4,1
10,2,27,3,N,nb2,1665,-1.452,-1.035,1,1
10,2,27,3,N,nb3,1665,1.825,0.278,2,1
10,2,27,3,N,nb4,1665,0.809,-1.44,5,1
10,2,27,3,N,nb5,1665,-1.6,-0.955,2,1
10,2,27,3,N,nb6,1665,1.82,0.109,2,1
10,2,27,3,N,nb7,1665,-1.622,-0.738,2,1
10,2,27,3,N,nb8,1665,1.385,0.174,2,1
10,2,27,3,N,nb9,1665,0.757,0.142,1,1
10,2,27,3,N,nb10,1665,1.77,1.426,2,1
10,2,27,3,N,nb11,1665,1.612,0.644,1,1
10,2,27,3,N,nb12,1665,1.021,-1.865,1,1
10,2,27,3,N,nb13,1665,0.889,-1.29,3,1
10,2,27,3,N,nb14,1665,1.095,-1.713,3,1
10,2,27,3,N,nb15,1665,0.93,-1.124,1,1
10,2,27,3,N,nb16,1665,1.795,0.488,2,1
10,2,27,3,N,nb17,1665,1.665,-0.017,2,1
10,2,27,3,N,nb18,1665,0.58,-1.865,1,1
10,2,27,3,N,nb19,1665,1.866,1.567,1,1
10,2,27,3,N,nb20,1665,0.612,-1.407,2,1
10,2,27,3,N,nb21,1665,1.374,-0.163,1,1
10,2,27,3,N,nb22,1665,1.509,0.051,3,1
10,2,27,3,N,nb23,1665,0.614,-1.576,3,1
10,2,27,3,N,nb24,1665,0.746,-1.847,2,1
10,2,27,3,N,nb25,1665,0.954,-1.528,4,1
10,2,27,3,N,nb26,1665,1.837,1.27,1,1
10,2,27,3,N,nb27,1665,1.28,-1.865,1,1
10,2,27,3,N,nb28,1665,-1.839,-0.834,1,1
10,2,27,3,N,nb29,1665,1.347,0.004,3,1
10,2,27,3,A,aa0,1665,-1.672,1.132,0,0
10,2,27,3,A,aa1,1665,1.864,1.736,1,0
10,2,27,3,A,aa2,1665,-0.222,1.791,0,0
10,2,27,3,N,nb0,1670,0.571,0.036,1,1
10,2,27,3,N,nb1,1670,0.801,-1.61,4,1
10,2,27,3,N,nb2,1670,-1.452,-1.035,1,1
10,2,27,3,N,nb3,1670,1.825,0.278,2,1
10,2,27,3,N,nb4,1670,0.809,-1.44,5,1
10,2,27,3,N,nb5,1670,-1.6,-0.955,2,1
10,2,27,3,N,nb6,1670,1.82,0.109,2,1
10,2,27,3,N,nb7,1670,-1.622,-0.738,2,1
10,2,27,3,N,nb8,1670,1.385,0.174,2,1
10,2,27,3,N,nb9,1670,0.757,0.142,1,1
10,2,27,3,N,nb10,1670,1.77,1.426,2,1
10,2,27,3,N,nb11,1670,1.612,0.644,1,1
10,2,27,3,N,nb12,1670,1.021,-1.865,1,1
10,2,27,3,N,nb13,1670,0.889,-1.29,3,1
10,2,27,3,N,nb14,1670,1.095,-1.713,3,1
10,2,27,3,N,nb15,1670,0.93,-1.124,1,1
10,2,27,3,N,nb16,1670,1.795,0.488,2,1
10,2,27,3,N,nb17,1670,1.665,-0.017,2,1
10,2,27,3,N,nb18,1670,0.58,-1.865,1,1
10,2,27,3,N,nb19,1670,1.866,1.567,1,1
10,2,27,3,N,nb20,1670,0.612,-1.407,2,1
10,2,27,3,N,nb21,1670,1.374,-0.163,1,1
10,2,27,3,N,nb22,1670,1.509,0.051,3,1
10,2,27,3,N,nb23,1670,0.614,-1.576,3,1
10,2,27,3,N,nb24,1670,0.746,-1.847,2,1
10,2,27,3,N,nb25,1670,0.954,-1.528,4,1
10,2,27,3,N,nb26,1670,1.837,1.27,1,1
10,2,27,3,N,nb27,1670,1.28,-1.865,1,1
10,2,27,3,N,nb28,1670,-1.839,-0.834,1,1
10,2,27,3,N,nb29,1670,1.347,0.004,3,1
10,2,27,3,A,aa0,1670,-1.758,1.184,0,0
10,2,27,3,A,aa1,1670,1.848,1.735,1,0
10,2,27,3,A,aa2,1670,-0.269,1.865,0,0
10,2,27,3,N,nb0,1675,0.571,0.036,1,1
10,2,27,3,N,nb1,1675,0.801,-1.61,4,1
10,2,27,3,N,nb2,1675,-1.452,-1.035,1,1
10,2,27,3,N,nb3,1675,1.825,0.278,2,1
10,2,27,3,N,nb4,1675,0.809,-1.44,5,1
10,2,27,3,N,nb5,1675,-1.6,-0.955,2,1
10,2,27,3,N,nb6,1675,1.82,0.109,2,1
10,2,27,3,N,nb7,1675,-1.622,-0.738,2,1
10,2,27,3,N,nb8,1675,1.385,0.174,2,1
10,2,27,3,N,nb9,1675,0.757,0.142,1,1
10,2,27,3,N,nb10,1675,1.77,1.426,2,1
10,2,27,3,N,nb11,1675,1.612,0.644,1,1
10,2,27,3,N,nb12,1675,1.021,-1.865,1,1
10,2,27,3,N,nb13,1675,0.889,-1.29,3,1
10,2,27,3,N,nb14,1675,1.095,-1.713,3,1
10,2,27,3,N,nb15,1675,0.93,-1.124,1,1
10,2,27,3,N,nb16,1675,1.795,0.488,2,1
10,2,27,3,N,nb17,1675,1.665,-0.017,2,1
10,2,27,3,N,nb18,1675,0.58,-1.865,1,1
10,2,27,3,N,nb19,1675,1.866,1.567,1,1
10,2,27,3,N,nb20,1675,0.612,-1.407,2,1
10,2,27,3,N,nb21,1675,1.374,-0.163,1,1
10,2,27,3,N,nb22,1675,1.509,0.051,3,1
10,2,27,3,N,nb23,1675,0.614,-1.576,3,1
10,2,27,3,N,nb24,1675,0.746,-1.847,2,1
10,2,27,3,N,nb25,1675,0.954,-1.528,4,1
10,2,27,3,N,nb26,1675,1.837,1.27,1,1
10,2,27,3,N,nb27,1675,1.28,-1.865,1,1
10,2,27,3,N,nb28,1675,-1.839,-0.834,1,1
10,2,27,3,N,nb29,1675,1.347,0.004,3,1
10,2,27,3,A,aa0,1675,-1.833,1.233,0,0
10,2,27,3,A,aa1,1675,1.808,1.726,1,0
10,2,27,3,A,aa2,1675,-0.324,1.866,0,0
10,2,27,3,N,nb0,1680,0.571,0.036,1,1
10,2,27,3,N,nb1,1680,0.801,-1.61,4,1
10,2,27,3,N,nb2,1680,-1.452,-1.035,1,1
10,2,27,3,N,nb3,1680,1.825,0.278,2,1
10,2,27,3,N,nb4,1680,0.809,-1.44,5,1
10,2,27,3,N,nb5,1680,-1.6,-0.955,2,1
10,2,27,3,N,nb6,1680,1.82,0.109,2,1
10,2,27,3,N,nb7,1680,-1.622,-0.738,2,1
10,2,27,3,N,nb8,1680,1.385,0.174,2,1
10,2,27,3,N,nb9,1680,0.757,0.142,1,1
10,2,27,3,N,nb10,1680,1.77,1.426,2,1
10,2,27,3,N,nb11,1680,1.612,0.644,1,1
10,2,27,3,N,nb12,1680,1.021,-1.865,1,1
10,2,27,3,N,nb13,1680,0.889,-1.29,3,1
10,2,27,3,N,nb14,1680,1.095,-1.713,3,1
10,2,27,3,N,nb15,1680,0.93,-1.124,1,1
10,2,27,3,N,nb16,1680,1.795,0.488,2,1
10,2,27,3,N,nb17,1680,1.665,-0.017,2,1
10,2,27,3,N,nb18,1680,0.58,-1.865,1,1
10,2,27,3,N,nb19,1680,1.866,1.567,1,1
10,2,27,3,N,nb20,1680,0.612,-1.407,2,1
10,2,27,3,N,nb21,1680,1.374,-0.163,1,1
10,2,27,3,N,nb22,1680,1.509,0.051,3,1
10,2,27,3,N,nb23,1680,0.614,-1.576,3,1
10,2,27,3,N,nb24,1680,0.746,-1.847,2,1
10,2,27,3,N,nb25,1680,0.954,-1.528,4,1
10,2,27,3,N,nb26,1680,1.837,1.27,1,1
10,2,27,3,N,nb27,1680,1.28,-1.865,1,1
10,2,27,3,N,nb28,1680,-1.839,-0.834,1,1
10,2,27,3,N,nb29,1680,1.347,0.004,3,1
10,2,27,3,A,aa0,1680,-1.865,1.29,0,0
10,2,27,3,A,aa1,1680,1.742,1.683,2,0
10,2,27,3,A,aa2,1680,-0.39,1.866,0,0
10,2,27,3,N,nb0,1685,0.571,0.036,1,1
10,2,27,3,N,nb1,1685,0.801,-1.61,4,1
10,2,27,3,N,nb2,1685,-1.452,-1.035,1,1
10,2,27,3,N,nb3,1685,1.825,0.278,2,1
10,2,27,3,N,nb4,1685,0.809,-1.44,5,1
10,2,27,3,N,nb5,1685,-1.6,-0.955,2,1
10,2,27,3,N,nb6,1685,1.82,0.109,2,1
10,2,27,3,N,nb7,1685,-1.622,-0.738,2,1
10,2,27,3,N,nb8,1685,1.385,0.174,2,1
10,2,27,3,N,nb9,1685,0.757,0.142,1,1
10,2,27,3,N,nb10,1685,1.77,1.426,2,1
10,2,27,3,N,nb11,1685,1.612,0.644,1,1
10,2,27,3,N,nb12,1685,1.021,-1.865,1,1
10,2,27,3,N,nb13,1685,0.889,-1.29,3,1
10,2,27,3,N,nb14,1685,1.095,-1.713,3,1
10,2,27,3,N,nb15,1685,0.93,-1.124,1,1
10,2,27,3,N,nb16,1685,1.795,0.488,2,1
10,2,27,3,N,nb17,1685,1.665,-0.017,2,1
10,2,27,3,N,nb18,1685,0.58,-1.865,1,1
10,2,27,3,N,nb19,1685,1.866,1.567,1,1
10,2,27,3,N,nb20,1685,0.612,-1.407,2,1
10,2,27,3,N,nb21,1685,1.374,-0.163,1,1
10,2,27,3,N,nb22,1685,1.509,0.051,3,1
10,2,27,3,N,nb23,1685,0.614,-1.576,3,1
10,2,27,3,N,nb24,1685,0.746,-1.847,2,1
10,2,27,3,N,nb25,1685,0.954,-1.528,4,1
10,2,27,3,N,nb26,1685,1.837,1.27,1,1
10,2,27,3,N,nb27,1685,1.28,-1.865,1,1
10,2,27,3,N,nb28,1685,-1.839,-0.834,1,1
10,2,27,3,N,nb29,1685,1.347,0.004,3,1
10,2,27,3,A,aa0,1685,-1.865,1.356,0,0
10,2,27,3,A,aa1,1685,1.667,1.627,2,0
10,2,27,3,A,aa2,1685,-0.465,1.866,0,0
10,2,27,3,N,nb0,1690,0.571,0.036,1,1
10,2,27,3,N,nb1,1690,0.801,-1.61,4,1
10,2,27,3,N,nb2,1690,-1.452,-1.035,1,1
10,2,27,3,N,nb3,1690,1.825,0.278,2,1
10,2,27,3,N,nb4,1690,0.809,-1.44,5,1
10,2,27,3,N,nb5,1690,-1.6,-0.955,2,1
10,2,27,3,N,nb6,1690,1.82,0.109,2,1
10,2,27,3,N,nb7,1690,-1.622,-0.738,2,1
10,2,27,3,N,nb8,1690,1.385,0.174,2,1
10,2,27,3,N,nb9,1690,0.757,0.142,1,1
10,2,27,3,N,nb10,1690,1.77,1.426,2,1
10,2,27,3,N,nb11,1690,1.612,0.644,1,1
10,2,27,3,N,nb12,1690,1.021,-1.865,1,1
10,2,27,3,N,nb13,1690,0.889,-1.29,3,1
10,2,27,3,N,nb14,1690,1.095,-1.713,3,1
10,2,27,3,N,nb15,1690,0.93,-1.124,1,1
10,2,27,3,N,nb16,1690,1.795,0.488,2,1
10,2,27,3,N,nb17,1690,1.665,-0.017,2,1
10,2,27,3,N,nb18,1690,0.58,-1.865,1,1
10,2,27,3,N,nb19,1690,1.866,1.567,1,1
10,2,27,3,N,nb20,1690,0.612,-1.407,2,1
10,2,27,3,N,nb21,1690,1.374,-0.163,1,1
10,2,27,3,N,nb22,1690,1.509,0.051,3,1
10,2,27,3,N,nb23,1690,0.614,-1.576,3,1
10,2,27,3,N,nb24,1690,0.746,-1.847,2,1
10,2,27,3,N,nb25,1690,0.954,-1.528,4,1
10,2,27,3,N,nb26,1690,1.837,1.27,1,1
10,2,27,3,N,nb27,1690,1.28,-1.865,1,1
10,2,27,3,N,nb28,1690,-1.839,-0.834,1,1
10,2,27,3,N,nb29,1690,1.347,0.004,3,1
10,2,27,3,A,aa0,1690,-1.865,1.432,0,0
10,2,27,3,A,aa1,1690,1.588,1.576,2,0
10,2,27,3,A,aa2,1690,-0.547,1.866,0,0
10,2,27,3,N,nb0,1695,0.571,0.036,1,1
10,2,27,3,N,nb1,1695,0.801,-1.61,4,1
10,2,27,3,N,nb2,1695,-1.452,-1.035,1,1
10,2,27,3,N,nb3,1695,1.825,0.278,2,1
10,2,27,3,N,nb4,1695,0.809,-1.44,5,1
10,2,27,3,N,nb5,1695,-1.6,-0.955,2,1
10,2,27,3,N,nb6,1695,1.82,0.109,2,1
10,2,27,3,N,nb7,1695,-1.622,-0.738,2,1
10,2,27,3,N,nb8,1695,1.385,0.174,2,1
10,2,27,3,N,nb9,1695,0.757,0.142,1,1
10,2,27,3,N,nb10,1695,1.77,1.426,2,1
10,2,27,3,N,nb11,1695,1.612,0.644,1,1
10,2,27,3,N,nb12,1695,1.021,-1.865,1,1
10,2,27,3,N,nb13,1695,0.889,-1.29,3,1
10,2,27,3,N,nb14,1695,1.095,-1.713,3,1
10,2,27,3,N,nb15,1695,0.93,-1.124,1,1
10,2,27,3,N,nb16,1695,1.795,0.488,2,1
10,2,27,3,N,nb17,1695,1.665,-0.017,2,1
10,2,27,3,N,nb18,1695,0.58,-1.865,1,1
10,2,27,3,N,nb19,1695,1.866,1.567,1,1
10,2,27,3,N,nb20,1695,0.612,-1.407,2,1
10,2,27,3,N,nb21,1695,1.374,-0.163,1,1
10,2,27,3,N,nb22,1695,1.509,0.051,3,1
10,2,27,3,N,nb23,1695,0.614,-1.576,3,1
10,2,27,3,N,nb24,1695,0.746,-1.847,2,1
10,2,27,3,N,nb25,1695,0.954,-1.528,4,1
10,2,27,3,N,nb26,1695,1.837,1.27,1,1
10,2,27,3,N,nb27,1695,1.28,-1.865,1,1
10,2,27,3,N,nb28,1695,-1.839,-0.834,1,1
10,2,27,3,N,nb29,1695,1.347,0.004,3,1
10,2,27,3,A,aa0,1695,-1.865,1.514,0,0
10,2,27,3,A,aa1,1695,1.503,1.532,2,0
10,2,27,3,A,aa2,1695,-0.634,1.866,0,0
10,2,27,3,N,nb0,1700,0.571,0.036,1,1
10,2,27,3,N,nb1,1700,0.801,-1.61,4,1
10,2,27,3,N,nb2,1700,-1.452,-1.035,1,1
10,2,27,3,N,nb3,1700,1.825,0.278,2,1
10,2,27,3,N,nb4,1700,0.809,-1.44,5,1
10,2,27,3,N,nb5,1700,-1.6,-0.955,2,1
10,2,27,3,N,nb6,1700,1.82,0.109,2,1
10,2,27,3,N,nb7,1700,-1.622,-0.738,2,1
10,2,27,3,N,nb8,1700,1.385,0.174,2,1
10,2,27,3,N,nb9,1700,0.757,0.142,1,1
10,2,27,3,N,nb10,1700,1.791,1.442,2,0
10,2,27,3,N,nb11,1700,1.612,0.644,1,1
10,2,27,3,N,nb12,1700,1.021,-1.865,1,1
10,2,27,3,N,nb13,1700,0.889,-1.29,3,1
10,2,27,3,N,nb14,1700,1.095,-1.713,3,1
10,2,27,3,N,nb15,1700,0.93,-1.124,1,1
10,2,27,3,N,nb16,1700,1.795,0.488,2,1
10,2,27,3,N,nb17,1700,1.665,-0.017,2,1
10,2,27,3,N,nb18,1700,0.58,-1.865,1,1
10,2,27,3,N,nb19,1700,1.866,1.602,1,0
10,2,27,3,N,nb20,1700,0.612,-1.407,2,1
10,2,27,3,N,nb21,1700,1.374,-0.163,1,1
10,2,27,3,N,nb22,1700,1.509,0.051,3,1
10,2,27,3,N,nb23,1700,0.614,-1.576,3,1
10,2,27,3,N,nb24,1700,0.746,-1.847,2,1
10,2,27,3,N,nb25,1700,0.954,-1.528,4,1
10,2,27,3,N,nb26,1700,1.86,1.287,1,0
10,2,27,3,N,nb27,1700,1.28,-1.865,1,1
10,2,27,3,N,nb28,1700,-1.839,-0.834,1,1
10,2,27,3,N,nb29,1700,1.347,0.004,3,1
10,2,27,3,A,aa0,1700,-1.865,1.601,0,0
10,2,27,3,A,aa1,1700,1.413,1.488,0,0
10,2,27,3,A,aa2,1700,-0.725,1.866,0,0
10,2,27,3,N,nb0,1705,0.571,0.036,1,1
10,2,27,3,N,nb1,1705,0.801,-1.61,4,1
10,2,27,3,N,nb2,1705,-1.452,-1.035,1,1
10,2,27,3,N,nb3,1705,1.825,0.278,2,1
10,2,27,3,N,nb4,1705,0.809,-1.44,5,0
10,2,27,3,N,nb5,1705,-1.6,-0.955,2,1
10,2,27,3,N,nb6,1705,1.82,0.109,2,0
10,2,27,3,N,nb7,1705,-1.622,-0.738,2,1
10,2,27,3,N,nb8,1705,1.385,0.174,2,1
10,2,27,3,N,nb9,1705,0.757,0.142,1,1
10,2,27,3,N,nb10,1705,1.851,1.492,2,0
10,2,27,3,N,nb11,1705,1.612,0.644,1,1
10,2,27,3,N,nb12,1705,1.021,-1.865,1,1
10,2,27,3,N,nb13,1705,0.889,-1.29,3,0
10,2,27,3,N,nb14,1705,1.095,-1.713,3,1
10,2,27,3,N,nb15,1705,0.93,-1.124,1,1
10,2,27,3,N,nb16,1705,1.795,0.488,2,1
10,2,27,3,N,nb17,1705,1.665,-0.017,2,0
10,2,27,3,N,nb18,1705,0.58,-1.865,1,1
10,2,27,3,N,nb19,1705,1.863,1.696,1,0
10,2,27,3,N,nb20,1705,0.612,-1.407,2,1
10,2,27,3,N,nb21,1705,1.374,-0.163,1,1
10,2,27,3,N,nb22,1705,1.509,0.051,3,0
10,2,27,3,N,nb23,1705,0.614,-1.576,3,1
10,2,27,3,N,nb24,1705,0.746,-1.847,2,1
10,2,27,3,N,nb25,1705,0.954,-1.528,4,0
10,2,27,3,N,nb26,1705,1.866,1.323,1,0
10,2,27,3,N,nb27,1705,1.28,-1.865,1,1
10,2,27,3,N,nb28,1705,-1.839,-0.834,1,1
10,2,27,3,N,nb29,1705,1.347,0.004,3,1
10,2,27,3,A,aa0,1705,-1.865,1.692,0,0
10,2,27,3,A,aa1,1705,1.323,1.444,0,0
10,2,27,3,A,aa2,1705,-0.817,1.864,0,0
10,2,27,3,N,nb0,1710,0.571,0.036,1,1
10,2,27,3,N,nb1,1710,0.801,-1.61,4,1
10,2,27,3,N,nb2,1710,-1.452,-1.035,1,1
10,2,27,3,N,nb3,1710,1.825,0.278,2,1
10,2,27,3,N,nb4,1710,0.809,-1.44,5,1
10,2,27,3,N,nb5,1710,-1.6,-0.955,2,1
10,2,27,3,N,nb6,1710,1.82,0.109,2,1
10,2,27,3,N,nb7,1710,-1.622,-0.738,2,1
10,2,27,3,N,nb8,1710,1.385,0.174,2,1
10,2,27,3,N,nb9,1710,0.757,0.142,1,1
10,2,27,3,N,nb10,1710,1.866,1.53,2,1
10,2,27,3,N,nb11,1710,1.612,0.644,1,1
10,2,27,3,N,nb12,1710,1.021,-1.865,1,1
10,2,27,3,N,nb13,1710,0.889,-1.29,3,1
10,2,27,3,N,nb14,1710,1.095,-1.713,3,1
10,2,27,3,N,nb15,1710,0.93,-1.124,1,1
10,2,27,3,N,nb16,1710,1.795,0.488,2,1
10,2,27,3,N,nb17,1710,1.665,-0.017,2,1
10,2,27,3,N,nb18,1710,0.58,-1.865,1,1
10,2,27,3,N,nb19,1710,1.858,1.755,1,1
10,2,27,3,N,nb20,1710,0.612,-1.407,2,1
10,2,27,3,N,nb21,1710,1.374,-0.163,1,1
10,2,27,3,N,nb22,1710,1.509,0.051,3,1
10,2,27,3,N,nb23,1710,0.614,-1.576,3,1
10,2,27,3,N,nb24,1710,0.746,-1.847,2,1
10,2,27,3,N,nb25,1710,0.954,-1.528,4,1
10,2,27,3,N,nb26,1710,1.866,1.36,1,1
10,2,27,3,N,nb27,1710,1.28,-1.865,1,1
10,2,27,3,N,nb28,1710,-1.839,-0.834,1,0
10,2,27,3,N,nb29,1710,1.347,0.004,3,1
10,2,27,3,A,aa0,1710,-1.863,1.784,0,0
10,2,27,3,A,aa1,1710,1.233,1.401,0,0
10,2,27,3,A,aa2,1710,-0.909,1.853,0,0
10,2,27,3,N,nb0,1715,0.571,0.036,1,1
10,2,27,3,N,nb1,1715,0.801,-1.61,4,1
10,2,27,3,N,nb2,1715,-1.452,-1.035,1,1
10,2,27,3,N,nb3,1715,1.825,0.278,2,1
10,2,27,3,N,nb4,1715,0.809,-1.44,5,1
10,2,27,3,N,nb5,1715,-1.6,-0.955,2,1
10,2,27,3,N,nb6,1715,1.82,0.109,2,1
10,2,27,3,N,nb7,1715,-1.622,-0.738,2,1
10,2,27,3,N,nb8,1715,1.385,0.174,2,1
10,2,27,3,N,nb9,1715,0.757,0.142,1,1
10,2,27,3,N,nb10,1715,1.866,1.53,2,1
10,2,27,3,N,nb11,1715,1.612,0.644,1,1
10,2,27,3,N,nb12,1715,1.021,-1.865,1,0
10,2,27,3,N,nb13,1715,0.889,-1.29,3,1
10,2,27,3,N,nb14,1715,1.095,-1.713,3,0
10,2,27,3,N,nb15,1715,0.93,-1.124,1,1
10,2,27,3,N,nb16,1715,1.795,0.488,2,1
10,2,27,3,N,nb17,1715,1.665,-0.017,2,1
10,2,27,3,N,nb18,1715,0.58,-1.865,1,1
10,2,27,3,N,nb19,1715,1.858,1.755,1,1
10,2,27,3,N,nb20,1715,0.612,-1.407,2,1
10,2,27,3,N,nb21,1715,1.374,-0.163,1,1
10,2,27,3,N,nb22,1715,1.509,0.051,3,1
10,2,27,3,N,nb23,1715,0.614,-1.576,3,1
10,2,27,3,N,nb24,1715,0.746,-1.847,2,1
10,2,27,3,N,nb25,1715,0.954,-1.528,4,1
10,2,27,3,N,nb26,1715,1.866,1.36,1,1
10,2,27,3,N,nb27,1715,1.28,-1.865,1,1
10,2,27,3,N,nb28,1715,-1.839,-0.834,1,1
10,2,27,3,N,nb29,1715,1.347,0.004,3,1
10,2,27,3,A,aa0,1715,-1.852,1.865,0,0
10,2,27,3,A,aa1,1715,1.143,1.357,0,0
10,2,27,3,A,aa2,1715,-1.0,1.832,0,0
10,2,27,3,N,nb0,1720,0.571,0.036,1,1
10,2,27,3,N,nb1,1720,0.801,-1.61,4,1
10,2,27,3,N,nb2,1720,-1.452,-1.035,1,1
10,2,27,3,N,nb3,1720,1.825,0.278,2,1
10,2,27,3,N,nb4,1720,0.809,-1.44,5,1
10,2,27,3,N,nb5,1720,-1.6,-0.955,2,1
10,2,27,3,N,nb6,1720,1.82,0.109,2,1
10,2,27,3,N,nb7,1720,-1.622,-0.738,2,1
10,2,27,3,N,nb8,1720,1.385,0.174,2,1
10,2,27,3,N,nb9,1720,0.757,0.142,1,1
10,2,27,3,N,nb10,1720,1.866,1.53,2,1
10,2,27,3,N,nb11,1720,1.612,0.644,1,1
10,2,27,3,N,nb12,1720,1.021,-1.865,1,1
10,2,27,3,N,nb13,1720,0.889,-1.29,3,1
10,2,27,3,N,nb14,1720,1.095,-1.713,3,1
10,2,27,3,N,nb15,1720,0.93,-1.124,1,1
10,2,27,3,N,nb16,1720,1.795,0.488,2,1
10,2,27,3,N,nb17,1720,1.665,-0.017,2,1
10,2,27,3,N,nb18,1720,0.58,-1.865,1,1
10,2,27,3,N,nb19,1720,1.858,1.755,1,1
10,2,27,3,N,nb20,1720,0.612,-1.407,2,1
10,2,27,3,N,nb21,1720,1.374,-0.163,1,1
10,2,27,3,N,nb22,1720,1.509,0.051,3,1
10,2,27,3,N,nb23,1720,0.614,-1.576,3,1
10,2,27,3,N,nb24,1720,0.746,-1.847,2,1
10,2,27,3,N,nb25,1720,0.954,-1.528,4,1
10,2,27,3,N,nb26,1720,1.866,1.36,1,1
10,2,27,3,N,nb27,1720,1.28,-1.865,1,1
10,2,27,3,N,nb28,1720,-1.839,-0.834,1,1
10,2,27,3,N,nb29,1720,1.347,0.004,3,1
10,2,27,3,A,aa0,1720,-1.843,1.865,0,0
10,2,27,3,A,aa1,1720,1.053,1.313,0,0
10,2,27,3,A,aa2,1720,-1.089,1.803,0,0
10,2,27,3,N,nb0,1725,0.571,0.036,1,1
10,2,27,3,N,nb1,1725,0.801,-1.61,4,1
10,2,27,3,N,nb2,1725,-1.452,-1.035,1,1
10,2,27,3,N,nb3,1725,1.825,0.278,2,1
10,2,27,3,N,nb4,1725,0.809,-1.44,5,1
10,2,27,3,N,nb5,1725,-1.6,-0.955,2,1
10,2,27,3,N,nb6,1725,1.82,0.109,2,1
10,2,27,3,N,nb7,1725,-1.622,-0.738,2,1
10,2,27,3,N,nb8,1725,1.385,0.174,2,1
10,2,27,3,N,nb9,1725,0.757,0.142,1,1
10,2,27,3,N,nb10,1725,1.866,1.53,2,1
10,2,27,3,N,nb11,1725,1.612,0.644,1,1
10,2,27,3,N,nb12,1725,1.021,-1.865,1,1
10,2,27,3,N,nb13,1725,0.889,-1.29,3,1
10,2,27,3,N,nb14,1725,1.095,-1.713,3,1
10,2,27,3,N,nb15,1725,0.93,-1.124,1,1
10,2,27,3,N,nb16,1725,1.795,0.488,2,1
10,2,27,3,N,nb17,1725,1.665,-0.017,2,1
10,2,27,3,N,nb18,1725,0.58,-1.865,1,1
10,2,27,3,N,nb19,1725,1.858,1.755,1,1
10,2,27,3,N,nb20,1725,0.612,-1.407,2,1
10,2,27,3,N,nb21,1725,1.374,-0.163,1,1
10,2,27,3,N,nb22,1725,1.509,0.051,3,1
10,2,27,3,N,nb23,1725,0.614,-1.576,3,1
10,2,27,3,N,nb24,1725,0.746,-1.847,2,1
10,2,27,3,N,nb25,1725,0.954,-1.528,4,1
10,2,27,3,N,nb26,1725,1.866,1.36,1,1
10,2,27,3,N,nb27,1725,1.28,-1.865,1,0
10,2,27,3,N,nb28,1725,-1.839,-0.834,1,1
10,2,27,3,N,nb29,1725,1.347,0.004,3,1
10,2,27,3,A,aa0,1725,-1.852,1.865,0,0
10,2,27,3,A,aa1,1725,0.963,1.27,0,0
10,2,27,3,A,aa2,1725,-1.175,1.766,0,0
10,2,27,3,N,nb0,1730,0.571,0.036,1,1
10,2,27,3,N,nb1,1730,0.801,-1.61,4,1
10,2,27,3,N,nb2,1730,-1.452,-1.035,1,1
10,2,27,3,N,nb3,1730,1.825,0.278,2,1
10,2,27,3,N,nb4,1730,0.809,-1.44,5,1
10,2,27,3,N,nb5,1730,-1.6,-0.955,2,1
10,2,27,3,N,nb6,1730,1.82,0.109,2,1
10,2,27,3,N,nb7,1730,-1.622,-0.738,2,1
10,2,27,3,N,nb8,1730,1.385,0.174,2,1
10,2,27,3,N,nb9,1730,0.757,0.142,1,1
10,2,27,3,N,nb10,1730,1.866,1.53,2,1
10,2,27,3,N,nb11,1730,1.612,0.644,1,1
10,2,27,3,N,nb12,1730,1.021,-1.865,1,1
10,2,27,3,N,nb13,1730,0.889,-1.29,3,1
10,2,27,3,N,nb14,1730,1.095,-1.713,3,1
10,2,27,3,N,nb15,1730,0.93,-1.124,1,1
10,2,27,3,N,nb16,1730,1.795,0.488,2,1
10,2,27,3,N,nb17,1730,1.665,-0.017,2,1
10,2,27,3,N,nb18,1730,0.58,-1.865,1,1
10,2,27,3,N,nb19,1730,1.858,1.755,1,1
10,2,27,3,N,nb20,1730,0.612,-1.407,2,1
10,2,27,3,N,nb21,1730,1.374,-0.163,1,1
10,2,27,3,N,nb22,1730,1.509,0.051,3,1
10,2,27,3,N,nb23,1730,0.614,-1.576,3,1
10,2,27,3,N,nb24,1730,0.746,-1.847,2,1
10,2,27,3,N,nb25,1730,0.954,-1.528,4,1
10,2,27,3,N,nb26,1730,1.866,1.36,1,1
10,2,27,3,N,nb27,1730,1.28,-1.865,1,1
10,2,27,3,N,nb28,1730,-1.839,-0.834,1,1
10,2,27,3,N,nb29,1730,1.347,0.004,3,1
10,2,27,3,A,aa0,1730,-1.865,1.865,0,0
10,2,27,3,A,aa1,1730,0.873,1.226,0,0
10,2,27,3,A,aa2,1730,-1.263,1.721,0,0
10,2,27,3,N,nb0,1735,0.571,0.036,1,1
10,2,27,3,N,nb1,1735,0.801,-1.61,4,1
10,2,27,3,N,nb2,1735,-1.452,-1.035,1,1
10,2,27,3,N,nb3,1735,1.825,0.278,2,1
10,2,27,3,N,nb4,1735,0.809,-1.44,5,1
10,2,27,3,N,nb5,1735,-1.6,-0.955,2,1
10,2,27,3,N,nb6,1735,1.82,0.109,2,1
10,2,27,3,N,nb7,1735,-1.622,-0.738,2,1
10,2,27,3,N,nb8,1735,1.385,0.174,2,1
10,2,27,3,N,nb9,1735,0.757,0.142,1,1
10,2,27,3,N,nb10,1735,1.866,1.53,2,1
10,2,27,3,N,nb11,1735,1.612,0.644,1,0
10,2,27,3,N,nb12,1735,1.021,-1.865,1,1
10,2,27,3,N,nb13,1735,0.889,-1.29,3,1
10,2,27,3,N,nb14,1735,1.095,-1.713,3,1
10,2,27,3,N,nb15,1735,0.93,-1.124,1,1
10,2,27,3,N,nb16,1735,1.795,0.488,2,1
10,2,27,3,N,nb17,1735,1.665,-0.017,2,1
10,2,27,3,N,nb18,1735,0.58,-1.865,1,1
10,2,27,3,N,nb19,1735,1.858,1.755,1,1
10,2,27,3,N,nb20,1735,0.612,-1.407,2,1
10,2,27,3,N,nb21,1735,1.374,-0.163,1,1
10,2,27,3,N,nb22,1735,1.509,0.051,3,1
10,2,27,3,N,nb23,1735,0.614,-1.576,3,1
10,2,27,3,N,nb24,1735,0.746,-1.847,2,1
10,2,27,3,N,nb25,1735,0.954,-1.528,4,1
10,2,27,3,N,nb26,1735,1.866,1.36,1,1
10,2,27,3,N,nb27,1735,1.28,-1.865,1,1
10,2,27,3,N,nb28,1735,-1.839,-0.834,1,1
10,2,27,3,N,nb29,1735,1.347,0.004,3,1
10,2,27,3,A,aa0,1735,-1.865,1.865,0,0
10,2,27,3,A,aa1,1735,0.783,1.182,0,0
10,2,27,3,A,aa2,1735,-1.352,1.676,0,0
10,2,27,3,N,nb0,1740,0.571,0.036,1,1
10,2,27,3,N,nb1,1740,0.801,-1.61,4,1
10,2,27,3,N,nb2,1740,-1.452,-1.035,1,1
10,2,27,3,N,nb3,1740,1.825,0.278,2,1
10,2,27,3,N,nb4,1740,0.809,-1.44,5,1
10,2,27,3,N,nb5,1740,-1.6,-0.955,2,1
10,2,27,3,N,nb6,1740,1.82,0.109,2,1
10,2,27,3,N,nb7,1740,-1.622,-0.738,2,1
10,2,27,3,N,nb8,1740,1.385,0.174,2,1
10,2,27,3,N,nb9,1740,0.757,0.142,1,1
10,2,27,3,N,nb10,1740,1.866,1.53,2,1
10,2,27,3,N,nb11,1740,1.612,0.644,1,1
10,2,27,3,N,nb12,1740,1.021,-1.865,1,1
10,2,27,3,N,nb13,1740,0.889,-1.29,3,1
10,2,27,3,N,nb14,1740,1.095,-1.713,3,1
10,2,27,3,N,nb15,1740,0.93,-1.124,1,1
10,2,27,3,N,nb16,1740,1.795,0.488,2,1
10,2,27,3,N,nb17,1740,1.665,-0.017,2,1
10,2,27,3,N,nb18,1740,0.58,-1.865,1,1
10,2,27,3,N,nb19,1740,1.858,1.755,1,1
10,2,27,3,N,nb20,1740,0.612,-1.407,2,1
10,2,27,3,N,nb21,1740,1.374,-0.163,1,1
10,2,27,3,N,nb22,1740,1.509,0.051,3,1
10,2,27,3,N,nb23,1740,0.614,-1.576,3,1
10,2,27,3,N,nb24,1740,0.746,-1.847,2,1
10,2,27,3,N,nb25,1740,0.954,-1.528,4,1
10,2,27,3,N,nb26,1740,1.866,1.36,1,1
10,2,27,3,N,nb27,1740,1.28,-1.865,1,1
10,2,27,3,N,nb28,1740,-1.839,-0.834,1,1
10,2,27,3,N,nb29,1740,1.347,0.004,3,1
10,2,27,3,A,aa0,1740,-1.862,1.865,0,0
10,2,27,3,A,aa1,1740,0.694,1.138,0,0
10,2,27,3,A,aa2,1740,-1.441,1.63,0,0
10,2,27,3,N,nb0,1745,0.571,0.036,1,1
10,2,27,3,N,nb1,1745,0.801,-1.61,4,1
10,2,27,3,N,nb2,1745,-1.452,-1.035,1,1
10,2,27,3,N,nb3,1745,1.825,0.278,2,1
10,2,27,3,N,nb4,1745,0.809,-1.44,5,1
10,2,27,3,N,nb5,1745,-1.6,-0.955,2,1
10,2,27,3,N,nb6,1745,1.82,0.109,2,1
10,2,27,3,N,nb7,1745,-1.622,-0.738,2,1
10,2,27,3,N,nb8,1745,1.385,0.174,2,1
10,2,27,3,N,nb9,1745,0.757,0.142,1,1
10,2,27,3,N,nb10,1745,1.866,1.53,2,1
10,2,27,3,N,nb11,1745,1.612,0.644,1,1
10,2,27,3,N,nb12,1745,1.021,-1.865,1,1
10,2,27,3,N,nb13,1745,0.889,-1.29,3,1
10,2,27,3,N,nb14,1745,1.095,-1.713,3,1
10,2,27,3,N,nb15,1745,0.93,-1.124,1,1
10,2,27,3,N,nb16,1745,1.795,0.488,2,1
10,2,27,3,N,nb17,1745,1.665,-0.017,2,1
10,2,27,3,N,nb18,1745,0.58,-1.865,1,1
10,2,27,3,N,nb19,1745,1.858,1.755,1,1
10,2,27,3,N,nb20,1745,0.612,-1.407,2,1
10,2,27,3,N,nb21,1745,1.374,-0.163,1,1
10,2,27,3,N,nb22,1745,1.509,0.051,3,1
10,2,27,3,N,nb23,1745,0.614,-1.576,3,1
10,2,27,3,N,nb24,1745,0.746,-1.847,2,1
10,2,27,3,N,nb25,1745,0.954,-1.528,4,1
10,2,27,3,N,nb26,1745,1.866,1.36,1,1
10,2,27,3,N,nb27,1745,1.28,-1.865,1,1
10,2,27,3,N,nb28,1745,-1.839,-0.834,1,1
10,2,27,3,N,nb29,1745,1.347,0.004,3,0
10,2,27,3,A,aa0,1745,-1.846,1.865,0,0
10,2,27,3,A,aa1,1745,0.604,1.095,0,0
10,2,27,3,A,aa2,1745,-1.53,1.585,0,0
10,2,27,3,N,nb0,1750,0.571,0.036,1,1
10,2,27,3,N,nb1,1750,0.801,-1.61,4,1
10,2,27,3,N,nb2,1750,-1.452,-1.035,1,1
10,2,27,3,N,nb3,1750,1.825,0.278,2,1
10,2,27,3,N,nb4,1750,0.809,-1.44,5,1
10,2,27,3,N,nb5,1750,-1.6,-0.955,2,1
10,2,27,3,N,nb6,1750,1.82,0.109,2,1
10,2,27,3,N,nb7,1750,-1.622,-0.738,2,1
10,2,27,3,N,nb8,1750,1.385,0.174,2,1
10,2,27,3,N,nb9,1750,0.757,0.142,1,1
10,2,27,3,N,nb10,1750,1.866,1.53,2,1
10,2,27,3,N,nb11,1750,1.612,0.644,1,1
10,2,27,3,N,nb12,1750,1.021,-1.865,1,1
10,2,27,3,N,nb13,1750,0.889,-1.29,3,1
10,2,27,3,N,nb14,1750,1.095,-1.713,3,1
10,2,27,3,N,nb15,1750,0.93,-1.124,1,1
10,2,27,3,N,nb16,1750,1.795,0.488,2,1
10,2,27,3,N,nb17,1750,1.665,-0.017,2,1
10,2,27,3,N,nb18,1750,0.58,-1.865,1,1
10,2,27,3,N,nb19,1750,1.858,1.755,1,1
10,2,27,3,N,nb20,1750,0.612,-1.407,2,1
10,2,27,3,N,nb21,1750,1.374,-0.163,1,1
10,2,27,3,N,nb22,1750,1.509,0.051,3,1
10,2,27,3,N,nb23,1750,0.614,-1.576,3,1
10,2,27,3,N,nb24,1750,0.746,-1.847,2,1
10,2,27,3,N,nb25,1750,0.954,-1.528,4,1
10,2,27,3,N,nb26,1750,1.866,1.36,1,1
10,2,27,3,N,nb27,1750,1.28,-1.865,1,1
10,2,27,3,N,nb28,1750,-1.839,-0.834,1,1
10,2,27,3,N,nb29,1750,1.347,0.004,3,1
10,2,27,3,A,aa0,1750,-1.816,1.865,0,0
10,2,27,3,A,aa1,1750,0.514,1.051,0,0
10,2,27,3,A,aa2,1750,-1.619,1.539,0,0
10,2,27,3,N,nb0,1755,0.571,0.036,1,1
10,2,27,3,N,nb1,1755,0.801,-1.61,4,1
10,2,27,3,N,nb2,1755,-1.452,-1.035,1,1
10,2,27,3,N,nb3,1755,1.825,0.278,2,1
10,2,27,3,N,nb4,1755,0.809,-1.44,5,1
10,2,27,3,N,nb5,1755,-1.6,-0.955,2,1
10,2,27,3,N,nb6,1755,1.82,0.109,2,1
10,2,27,3,N,nb7,1755,-1.622,-0.738,2,1
10,2,27,3,N,nb8,1755,1.385,0.174,2,1
10,2,27,3,N,nb9,1755,0.757,0.142,1,1
10,2,27,3,N,nb10,1755,1.866,1.53,2,1
10,2,27,3,N,nb11,1755,1.612,0.644,1,1
10,2,27,3,N,nb12,1755,1.021,-1.865,1,1
10,2,27,3,N,nb13,1755,0.889,-1.29,3,1
10,2,27,3,N,nb14,1755,1.095,-1.713,3,1
10,2,27,3,N,nb15,1755,0.93,-1.124,1,1
10,2,27,3,N,nb16,1755,1.795,0.488,2,1
10,2,27,3,N,nb17,1755,1.665,-0.017,2,1
10,2,27,3,N,nb18,1755,0.58,-1.865,1,1
10,2,27,3,N,nb19,1755,1.858,1.755,1,1
10,2,27,3,N,nb20,1755,0.612,-1.407,2,1
10,2,27,3,N,nb21,1755,1.374,-0.163,1,1
10,2,27,3,N,nb22,1755,1.509,0.051,3,1
10,2,27,3,N,nb23,1755,0.614,-1.576,3,1
10,2,27,3,N,nb24,1755,0.746,-1.847,2,1
10,2,27,3,N,nb25,1755,0.954,-1.528,4,1
10,2,27,3,N,nb26,1755,1.866,1.36,1,1
10,2,27,3,N,nb27,1755,1.28,-1.865,1,1
10,2,27,3,N,nb28,1755,-1.839,-0.834,1,1
10,2,27,3,N,nb29,1755,1.347,0.004,3,1
10,2,27,3,A,aa0,1755,-1.782,1.865,0,0
10,2,27,3,A,aa1,1755,0.424,1.007,0,0
10,2,27,3,A,aa2,1755,-1.658,1.519,0,0
10,2,27,3,N,nb0,1760,0.571,0.036,1,1
10,2,27,3,N,nb1,1760,0.801,-1.61,4,1
10,2,27,3,N,nb2,1760,-1.452,-1.035,1,1
10,2,27,3,N,nb3,1760,1.825,0.278,2,1
10,2,27,3,N,nb4,1760,0.809,-1.44,5,1
10,2,27,3,N,nb5,1760,-1.6,-0.955,2,1
10,2,27,3,N,nb6,1760,1.82,0.109,2,1
10,2,27,3,N,nb7,1760,-1.622,-0.738,2,1
10,2,27,3,N,nb8,1760,1.385,0.174,2,1
10,2,27,3,N,nb9,1760,0.757,0.142,1,1
10,2,27,3,N,nb10,1760,1.866,1.53,2,1
10,2,27,3,N,nb11,1760,1.612,0.644,1,1
10,2,27,3,N,nb12,1760,1.021,-1.865,1,1
10,2,27,3,N,nb13,1760,0.889,-1.29,3,1
10,2,27,3,N,nb14,1760,1.095,-1.713,3,1
10,2,27,3,N,nb15,1760,0.93,-1.124,1,1
10,2,27,3,N,nb16,1760,1.795,0.488,2,1
10,2,27,3,N,nb17,1760,1.665,-0.017,2,1
10,2,27,3,N,nb18,1760,0.58,-1.865,1,1
10,2,27,3,N,nb19,1760,1.858,1.755,1,1
10,2,27,3,N,nb20,1760,0.612,-1.407,2,1
10,2,27,3,N,nb21,1760,1.374,-0.163,1,0
10,2,27,3,N,nb22,1760,1.509,0.051,3,1
10,2,27,3,N,nb23,1760,0.614,-1.576,3,1
10,2,27,3,N,nb24,1760,0.746,-1.847,2,0
10,2,27,3,N,nb25,1760,0.954,-1.528,4,1
10,2,27,3,N,nb26,1760,1.866,1.36,1,1
10,2,27,3,N,nb27,1760,1.28,-1.865,1,1
10,2,27,3,N,nb28,1760,-1.839,-0.834,1,1
10,2,27,3,N,nb29,1760,1.347,0.004,3,1
10,2,27,3,A,aa0,1760,-1.772,1.865,0,0
10,2,27,3,A,aa1,1760,0.334,0.964,0,0
10,2,27,3,A,aa2,1760,-1.658,1.519,0,0
10,2,27,3,N,nb0,1765,0.571,0.036,1,0
10,2,27,3,N,nb1,1765,0.801,-1.61,4,0
10,2,27,3,N,nb2,1765,-1.452,-1.035,1,1
10,2,27,3,N,nb3,1765,1.825,0.278,2,1
10,2,27,3,N,nb4,1765,0.809,-1.44,5,1
10,2,27,3,N,nb5,1765,-1.6,-0.955,2,1
10,2,27,3,N,nb6,1765,1.82,0.109,2,1
10,2,27,3,N,nb7,1765,-1.622,-0.738,2,1
10,2,27,3,N,nb8,1765,1.385,0.174,2,1
10,2,27,3,N,nb9,1765,0.757,0.142,1,0
10,2,27,3,N,nb10,1765,1.866,1.53,2,1
10,2,27,3,N,nb11,1765,1.612,0.644,1,1
10,2,27,3,N,nb12,1765,1.021,-1.865,1,1
10,2,27,3,N,nb13,1765,0.889,-1.29,3,1
10,2,27,3,N,nb14,1765,1.095,-1.713,3,1
10,2,27,3,N,nb15,1765,0.93,-1.124,1,1
10,2,27,3,N,nb16,1765,1.795,0.488,2,1
10,2,27,3,N,nb17,1765,1.665,-0.017,2,1
10,2,27,3,N,nb18,1765,0.58,-1.865,1,1
10,2,27,3,N,nb19,1765,1.858,1.755,1,1
10,2,27,3,N,nb20,1765,0.612,-1.407,2,1
10,2,27,3,N,nb21,1765,1.374,-0.163,1,1
10,2,27,3,N,nb22,1765,1.509,0.051,3,1
10,2,27,3,N,nb23,1765,0.614,-1.576,3,1
10,2,27,3,N,nb24,1765,0.746,-1.847,2,1
10,2,27,3,N,nb25,1765,0.954,-1.528,4,1
10,2,27,3,N,nb26,1765,1.866,1.36,1,1
10,2,27,3,N,nb27,1765,1.28,-1.865,1,1
10,2,27,3,N,nb28,1765,-1.839,-0.834,1,1
10,2,27,3,N,nb29,1765,1.347,0.004,3,1
10,2,27,3,A,aa0,1765,-1.743,1.865,0,0
10,2,27,3,A,aa1,1765,0.244,0.92,0,0
10,2,27,3,A,aa2,1765,-1.654,1.439,0,0
10,2,27,3,N,nb0,1770,0.571,0.036,1,1
10,2,27,3,N,nb1,1770,0.801,-1.61,4,1
10,2,27,3,N,nb2,1770,-1.452,-1.035,1,1
10,2,27,3,N,nb3,1770,1.825,0.278,2,1
10,2,27,3,N,nb4,1770,0.809,-1.44,5,1
10,2,27,3,N,nb5,1770,-1.6,-0.955,2,1
10,2,27,3,N,nb6,1770,1.82,0.109,2,1
10,2,27,3,N,nb7,1770,-1.622,-0.738,2,1
10,2,27,3,N,nb8,1770,1.385,0.174,2,1
10,2,27,3,N,nb9,1770,0.757,0.142,1,1
10,2,27,3,N,nb10,1770,1.866,1.53,2,1
10,2,27,3,N,nb11,1770,1.612,0.644,1,1
10,2,27,3,N,nb12,1770,1.021,-1.865,1,1
10,2,27,3,N,nb13,1770,0.889,-1.29,3,1
10,2,27,3,N,nb14,1770,1.095,-1.713,3,1
10,2,27,3,N,nb15,1770,0.93,-1.124,1,1
10,2,27,3,N,nb16,1770,1.795,0.488,2,1
10,2,27,3,N,nb17,1770,1.665,-0.017,2,1
10,2,27,3,N,nb18,1770,0.58,-1.865,1,1
10,2,27,3,N,nb19,1770,1.858,1.755,1,1
10,2,27,3,N,nb20,1770,0.612,-1.407,2,1
10,2,27,3,N,nb21,1770,1.374,-0.163,1,1
10,2,27,3,N,nb22,1770,1.509,0.051,3,1
10,2,27,3,N,nb23,1770,0.614,-1.576,3,1
10,2,27,3,N,nb24,1770,0.746,-1.847,2,1
10,2,27,3,N,nb25,1770,0.954,-1.528,4,1
10,2,27,3,N,nb26,1770,1.866,1.36,1,1
10,2,27,3,N,nb27,1770,1.28,-1.865,1,1
10,2,27,3,N,nb28,1770,-1.839,-0.834,1,1
10,2,27,3,N,nb29,1770,1.347,0.004,3,1
10,2,27,3,A,aa0,1770,-1.698,1.865,0,0
10,2,27,3,A,aa1,1770,0.154,0.876,0,0
10,2,27,3,A,aa2,1770,-1.633,1.409,0,0
10,2,27,3,N,nb0,1775,0.571,0.036,1,1
10,2,27,3,N,nb1,1775,0.801,-1.61,4,1
10,2,27,3,N,nb2,1775,-1.452,-1.035,1,1
10,2,27,3,N,nb3,1775,1.825,0.278,2,1
10,2,27,3,N,nb4,1775,0.809,-1.44,5,1
10,2,27,3,N,nb5,1775,-1.6,-0.955,2,1
10,2,27,3,N,nb6,1775,1.82,0.109,2,1
10,2,27,3,N,nb7,1775,-1.622,-0.738,2,1
10,2,27,3,N,nb8,1775,1.385,0.174,2,1
10,2,27,3,N,nb9,1775,0.757,0.142,1,1
10,2,27,3,N,nb10,1775,1.866,1.53,2,1
10,2,27,3,N,nb11,1775,1.612,0.644,1,1
10,2,27,3,N,nb12,1775,1.021,-1.865,1,1
10,2,27,3,N,nb13,1775,0.889,-1.29,3,1
10,2,27,3,N,nb14,1775,1.095,-1.713,3,1
10,2,27,3,N,nb15,1775,0.93,-1.124,1,1
10,2,27,3,N,nb16,1775,1.795,0.488,2,1
10,2,27,3,N,nb17,1775,1.665,-0.017,2,1
10,2,27,3,N,nb18,1775,0.58,-1.865,1,0
10,2,27,3,N,nb19,1775,1.858,1.755,1,1
10,2,27,3,N,nb20,1775,0.612,-1.407,2,0
10,2,27,3,N,nb21,1775,1.374,-0.163,1,1
10,2,27,3,N,nb22,1775,1.509,0.051,3,1
10,2,27,3,N,nb23,1775,0.614,-1.576,3,0
10,2,27,3,N,nb24,1775,0.746,-1.847,2,1
10,2,27,3,N,nb25,1775,0.954,-1.528,4,1
10,2,27,3,N,nb26,1775,1.866,1.36,1,1
10,2,27,3,N,nb27,1775,1.28,-1.865,1,1
10,2,27,3,N,nb28,1775,-1.839,-0.834,1,1
10,2,27,3,N,nb29,1775,1.347,0.004,3,1
10,2,27,3,A,aa0,1775,-1.64,1.865,0,0
10,2,27,3,A,aa1,1775,0.064,0.833,0,0
10,2,27,3,A,aa2,1775,-1.576,1.328,0,0
10,2,27,3,N,nb0,1780,0.571,0.036,1,1
10,2,27,3,N,nb1,1780,0.801,-1.61,4,1
10,2,27,3,N,nb2,1780,-1.452,-1.035,1,1
10,2,27,3,N,nb3,1780,1.825,0.278,2,1
10,2,27,3,N,nb4,1780,0.809,-1.44,5,1
10,2,27,3,N,nb5,1780,-1.6,-0.955,2,1
10,2,27,3,N,nb6,1780,1.82,0.109,2,1
10,2,27,3,N,nb7,1780,-1.622,-0.738,2,1
10,2,27,3,N,nb8,1780,1.385,0.174,2,1
10,2,27,3,N,nb9,1780,0.757,0.142,1,1
10,2,27,3,N,nb10,1780,1.866,1.53,2,1
10,2,27,3,N,nb11,1780,1.612,0.644,1,1
10,2,27,3,N,nb12,1780,1.021,-1.865,1,1
10,2,27,3,N,nb13,1780,0.889,-1.29,3,1
10,2,27,3,N,nb14,1780,1.095,-1.713,3,1
10,2,27,3,N,nb15,1780,0.93,-1.124,1,1
10,2,27,3,N,nb16,1780,1.795,0.488,2,1
10,2,27,3,N,nb17,1780,1.665,-0.017,2,1
10,2,27,3,N,nb18,1780,0.58,-1.865,1,1
10,2,27,3,N,nb19,1780,1.858,1.755,1,1
10,2,27,3,N,nb20,1780,0.612,-1.407,2,1
10,2,27,3,N,nb21,1780,1.374,-0.163,1,1
10,2,27,3,N,nb22,1780,1.509,0.051,3,1
10,2,27,3,N,nb23,1780,0.614,-1.576,3,1
10,2,27,3,N,nb24,1780,0.746,-1.847,2,1
10,2,27,3,N,nb25,1780,0.954,-1.528,4,1
10,2,27,3,N,nb26,1780,1.866,1.36,1,1
10,2,27,3,N,nb27,1780,1.28,-1.865,1,1
10,2,27,3,N,nb28,1780,-1.839,-0.834,1,1
10,2,27,3,N,nb29,1780,1.347,0.004,3,1
10,2,27,3,A,aa0,1780,-1.571,1.865,0,0
10,2,27,3,A,aa1,1780,0.061,0.831,0,0
10,2,27,3,A,aa2,1780,-1.518,1.246,0,0
10,2,27,3,N,nb0,1785,0.571,0.036,1,1
10,2,27,3,N,nb1,1785,0.801,-1.61,4,1
10,2,27,3,N,nb2,1785,-1.452,-1.035,1,0
10,2,27,3,N,nb3,1785,1.825,0.278,2,0
10,2,27,3,N,nb4,1785,0.809,-1.44,5,1
10,2,27,3,N,nb5,1785,-1.6,-0.955,2,0
10,2,27,3,N,nb6,1785,1.82,0.109,2,1
10,2,27,3,N,nb7,1785,-1.622,-0.738,2,0
10,2,27,3,N,nb8,1785,1.385,0.174,2,0
10,2,27,3,N,nb9,1785,0.757,0.142,1,1
10,2,27,3,N,nb10,1785,1.866,1.53,2,1
10,2,27,3,N,nb11,1785,1.612,0.644,1,1
10,2,27,3,N,nb12,1785,1.021,-1.865,1,1
10,2,27,3,N,nb13,1785,0.889,-1.29,3,1
10,2,27,3,N,nb14,1785,1.095,-1.713,3,1
10,2,27,3,N,nb15,1785,0.93,-1.124,1,1
10,2,27,3,N,nb16,1785,1.795,0.488,2,0
10,2,27,3,N,nb17,1785,1.665,-0.017,2,1
10,2,27,3,N,nb18,1785,0.58,-1.865,1,1
10,2,27,3,N,nb19,1785,1.858,1.755,1,1
10,2,27,3,N,nb20,1785,0.612,-1.407,2,1
10,2,27,3,N,nb21,1785,1.374,-0.163,1,1
10,2,27,3,N,nb22,1785,1.509,0.051,3,1
10,2,27,3,N,nb23,1785,0.614,-1.576,3,1
10,2,27,3,N,nb24,1785,0.746,-1.847,2,1
10,2,27,3,N,nb25,1785,0.954,-1.528,4,1
10,2,27,3,N,nb26,1785,1.866,1.36,1,1
10,2,27,3,N,nb27,1785,1.28,-1.865,1,1
10,2,27,3,N,nb28,1785,-1.839,-0.834,1,1
10,2,27,3,N,nb29,1785,1.347,0.004,3,1
10,2,27,3,A,aa0,1785,-1.494,1.865,0,0
10,2,27,3,A,aa1,1785,0.023,0.742,0,0
10,2,27,3,A,aa2,1785,-1.46,1.165,0,0
10,2,27,3,N,nb0,1790,0.571,0.036,1,1
10,2,27,3,N,nb1,1790,0.801,-1.61,4,1
10,2,27,3,N,nb2,1790,-1.452,-1.035,1,1
10,2,27,3,N,nb3,1790,1.825,0.278,2,1
10,2,27,3,N,nb4,1790,0.809,-1.44,5,1
10,2,27,3,N,nb5,1790,-1.6,-0.955,2,1
10,2,27,3,N,nb6,1790,1.82,0.109,2,1
10,2,27,3,N,nb7,1790,-1.622,-0.738,2,1
10,2,27,3,N,nb8,1790,1.385,0.174,2,1
10,2,27,3,N,nb9,1790,0.757,0.142,1,1
10,2,27,3,N,nb10,1790,1.866,1.53,2,1
10,2,27,3,N,nb11,1790,1.612,0.644,1,1
10,2,27,3,N,nb12,1790,1.021,-1.865,1,1
10,2,27,3,N,nb13,1790,0.889,-1.29,3,1
10,2,27,3,N,nb14,1790,1.095,-1.713,3,1
10,2,27,3,N,nb15,1790,0.93,-1.124,1,0
10,2,27,3,N,nb16,1790,1.795,0.488,2,1
10,2,27,3,N,nb17,1790,1.665,-0.017,2,1
10,2,27,3,N,nb18,1790,0.58,-1.865,1,1
10,2,27,3,N,nb19,1790,1.858,1.755,1,1
10,2,27,3,N,nb20,1790,0.612,-1.407,2,1
10,2,27,3,N,nb21,1790,1.374,-0.163,1,1
10,2,27,3,N,nb22,1790,1.509,0.051,3,1
10,2,27,3,N,nb23,1790,0.614,-1.576,3,1
10,2,27,3,N,nb24,1790,0.746,-1.847,2,1
10,2,27,3,N,nb25,1790,0.954,-1.528,4,1
10,2,27,3,N,nb26,1790,1.866,1.36,1,1
10,2,27,3,N,nb27,1790,1.28,-1.865,1,1
10,2,27,3,N,nb28,1790,-1.839,-0.834,1,1
10,2,27,3,N,nb29,1790,1.347,0.004,3,1
10,2,27,3,A,aa0,1790,-1.425,1.865,0,0
10,2,27,3,A,aa1,1790,-0.017,0.65,0,0
10,2,27,3,A,aa2,1790,-1.446,1.146,0,0
10,2,27,3,N,nb0,1795,0.571,0.036,1,1
10,2,27,3,N,nb1,1795,0.801,-1.61,4,1
10,2,27,3,N,nb2,1795,-1.452,-1.035,1,1
10,2,27,3,N,nb3,1795,1.825,0.278,2,1
10,2,27,3,N,nb4,1795,0.809,-1.44,5,1
10,2,27,3,N,nb5,1795,-1.6,-0.955,2,1
10,2,27,3,N,nb6,1795,1.82,0.109,2,1
10,2,27,3,N,nb7,1795,-1.622,-0.738,2,1
10,2,27,3,N,nb8,1795,1.385,0.174,2,1
10,2,27,3,N,nb9,1795,0.757,0.142,1,1
10,2,27,3,N,nb10,1795,1.866,1.53,2,1
10,2,27,3,N,nb11,1795,1.612,0.644,1,1
10,2,27,3,N,nb12,1795,1.021,-1.865,1,1
10,2,27,3,N,nb13,1795,0.889,-1.29,3,1
10,2,27,3,N,nb14,1795,1.095,-1.713,3,1
10,2,27,3,N,nb15,1795,0.93,-1.124,1,1
10,2,27,3,N,nb16,1795,1.795,0.488,2,1
10,2,27,3,N,nb17,1795,1.665,-0.017,2,1
10,2,27,3,N,nb18,1795,0.58,-1.865,1,1
10,2,27,3,N,nb19,1795,1.858,1.755,1,1
10,2,27,3,N,nb20,1795,0.612,-1.407,2,1
10,2,27,3,N,nb21,1795,1.374,-0.163,1,1
10,2,27,3,N,nb22,1795,1.509,0.051,3,1
10,2,27,3,N,nb23,1795,0.614,-1.576,3,1
10,2,27,3,N,nb24,1795,0.746,-1.847,2,1
10,2,27,3,N,nb25,1795,0.954,-1.528,4,1
10,2,27,3,N,nb26,1795,1.866,1.36,1,1
10,2,27,3,N,nb27,1795,1.28,-1.865,1,1
10,2,27,3,N,nb28,1795,-1.839,-0.834,1,1
10,2,27,3,N,nb29,1795,1.347,0.004,3,1
10,2,27,3,A,aa0,1795,-1.425,1.865,0,0
10,2,27,3,A,aa1,1795,-0.056,0.559,0,0
10,2,27,3,A,aa2,1795,-1.39,1.14,0,0
10,2,27,3,N,nb0,1800,0.571,0.036,1,1
10,2,27,3,N,nb1,1800,0.801,-1.61,4,1
10,2,27,3,N,nb2,1800,-1.452,-1.035,1,1
10,2,27,3,N,nb3,1800,1.825,0.278,2,1
10,2,27,3,N,nb4,1800,0.809,-1.44,5,1
10,2,27,3,N,nb5,1800,-1.6,-0.955,2,1
10,2,27,3,N,nb6,1800,1.82,0.109,2,1
10,2,27,3,N,nb7,1800,-1.622,-0.738,2,1
10,2,27,3,N,nb8,1800,1.385,0.174,2,1
10,2,27,3,N,nb9,1800,0.757,0.142,1,1
10,2,27,3,N,nb10,1800,1.866,1.53,2,0
10,2,27,3,N,nb11,1800,1.612,0.644,1,1
10,2,27,3,N,nb12,1800,1.021,-1.865,1,1
10,2,27,3,N,nb13,1800,0.889,-1.29,3,1
10,2,27,3,N,nb14,1800,1.095,-1.713,3,1
10,2,27,3,N,nb15,1800,0.93,-1.124,1,1
10,2,27,3,N,nb16,1800,1.795,0.488,2,1
10,2,27,3,N,nb17,1800,1.665,-0.017,2,1
10,2,27,3,N,nb18,1800,0.58,-1.865,1,1
10,2,27,3,N,nb19,1800,1.858,1.755,1,0
10,2,27,3,N,nb20,1800,0.612,-1.407,2,1
10,2,27,3,N,nb21,1800,1.374,-0.163,1,1
10,2,27,3,N,nb22,1800,1.509,0.051,3,1
10,2,27,3,N,nb23,1800,0.614,-1.576,3,1
10,2,27,3,N,nb24,1800,0.746,-1.847,2,1
10,2,27,3,N,nb25,1800,0.954,-1.528,4,1
10,2,27,3,N,nb26,1800,1.866,1.36,1,0
10,2,27,3,N,nb27,1800,1.28,-1.865,1,1
10,2,27,3,N,nb28,1800,-1.839,-0.834,1,1
10,2,27,3,N,nb29,1800,1.347,0.004,3,1
10,2,27,3,A,aa0,1800,-1.389,1.865,0,0
10,2,27,3,A,aa1,1800,-0.095,0.467,0,0
10,2,27,3,A,aa2,1800,-1.291,1.13,0,0
10,2,27,3,N,nb0,1805,0.571,0.036,1,1
10,2,27,3,N,nb1,1805,0.801,-1.61,4,1
10,2,27,3,N,nb2,1805,-1.452,-1.035,1,1
10,2,27,3,N,nb3,1805,1.825,0.278,2,1
10,2,27,3,N,nb4,1805,0.809,-1.44,5,1
10,2,27,3,N,nb5,1805,-1.6,-0.955,2,1
10,2,27,3,N,nb6,1805,1.82,0.109,2,1
10,2,27,3,N,nb7,1805,-1.622,-0.738,2,1
10,2,27,3,N,nb8,1805,1.385,0.174,2,1
10,2,27,3,N,nb9,1805,0.757,0.142,1,1
10,2,27,3,N,nb10,1805,1.866,1.53,2,1
10,2,27,3,N,nb11,1805,1.612,0.644,1,1
10,2,27,3,N,nb12,1805,1.021,-1.865,1,1
10,2,27,3,N,nb13,1805,0.889,-1.29,3,1
10,2,27,3,N,nb14,1805,1.095,-1.713,3,1
10,2,27,3,N,nb15,1805,0.93,-1.124,1,1
10,2,27,3,N,nb16,1805,1.795,0.488,2,1
10,2,27,3,N,nb17,1805,1.665,-0.017,2,1
10,2,27,3,N,nb18,1805,0.58,-1.865,1,1
10,2,27,3,N,nb19,1805,1.858,1.755,1,1
10,2,27,3,N,nb20,1805,0.612,-1.407,2,1
10,2,27,3,N,nb21,1805,1.374,-0.163,1,1
10,2,27,3,N,nb22,1805,1.509,0.051,3,1
10,2,27,3,N,nb23,1805,0.614,-1.576,3,1
10,2,27,3,N,nb24,1805,0.746,-1.847,2,1
10,2,27,3,N,nb25,1805,0.954,-1.528,4,1
10,2,27,3,N,nb26,1805,1.866,1.36,1,1
10,2,27,3,N,nb27,1805,1.28,-1.865,1,1
10,2,27,3,N,nb28,1805,-1.839,-0.834,1,1
10,2,27,3,N,nb29,1805,1.347,0.004,3,1
10,2,27,3,A,aa0,1805,-1.338,1.865,0,0
10,2,27,3,A,aa1,1805,-0.135,0.375,0,0
10,2,27,3,A,aa2,1805,-1.191,1.121,0,0
10,2,27,3,N,nb0,1810,0.571,0.036,1,1
10,2,27,3,N,nb1,1810,0.801,-1.61,4,1
10,2,27,3,N,nb2,1810,-1.452,-1.035,1,1
10,2,27,3,N,nb3,1810,1.825,0.278,2,1
10,2,27,3,N,nb4,1810,0.809,-1.44,5,1
10,2,27,3,N,nb5,1810,-1.6,-0.955,2,1
10,2,27,3,N,nb6,1810,1.82,0.109,2,1
10,2,27,3,N,nb7,1810,-1.622,-0.738,2,1
10,2,27,3,N,nb8,1810,1.385,0.174,2,1
10,2,27,3,N,nb9,1810,0.757,0.142,1,1
10,2,27,3,N,nb10,1810,1.866,1.53,2,1
10,2,27,3,N,nb11,1810,1.612,0.644,1,1
10,2,27,3,N,nb12,1810,1.021,-1.865,1,1
10,2,27,3,N,nb13,1810,0.889,-1.29,3,1
10,2,27,3,N,nb14,1810,1.095,-1.713,3,1
10,2,27,3,N,nb15,1810,0.93,-1.124,1,1
10,2,27,3,N,nb16,1810,1.795,0.488,2,1
10,2,27,3,N,nb17,1810,1.665,-0.017,2,1
10,2,27,3,N,nb18,1810,0.58,-1.865,1,1
10,2,27,3,N,nb19,1810,1.858,1.755,1,1
10,2,27,3,N,nb20,1810,0.612,-1.407,2,1
10,2,27,3,N,nb21,1810,1.374,-0.163,1,1
10,2,27,3,N,nb22,1810,1.509,0.051,3,1
10,2,27,3,N,nb23,1810,0.614,-1.576,3,1
10,2,27,3,N,nb24,1810,0.746,-1.847,2,1
10,2,27,3,N,nb25,1810,0.954,-1.528,4,1
10,2,27,3,N,nb26,1810,1.866,1.36,1,1
10,2,27,3,N,nb27,1810,1.28,-1.865,1,1
10,2,27,3,N,nb28,1810,-1.839,-0.834,1,1
10,2,27,3,N,nb29,1810,1.347,0.004,3,1
10,2,27,3,A,aa0,1810,-1.275,1.865,0,0
10,2,27,3,A,aa1,1810,-0.144,0.353,0,0
10,2,27,3,A,aa2,1810,-1.091,1.111,0,0
10,2,27,3,N,nb0,1815,0.571,0.036,1,1
10,2,27,3,N,nb1,1815,0.801,-1.61,4,1
10,2,27,3,N,nb2,1815,-1.452,-1.035,1,1
10,2,27,3,N,nb3,1815,1.825,0.278,2,1
10,2,27,3,N,nb4,1815,0.809,-1.44,5,1
10,2,27,3,N,nb5,1815,-1.6,-0.955,2,1
10,2,27,3,N,nb6,1815,1.82,0.109,2,1
10,2,27,3,N,nb7,1815,-1.622,-0.738,2,1
10,2,27,3,N,nb8,1815,1.385,0.174,2,1
10,2,27,3,N,nb9,1815,0.757,0.142,1,1
10,2,27,3,N,nb10,1815,1.866,1.53,2,1
10,2,27,3,N,nb11,1815,1.612,0.644,1,1
10,2,27,3,N,nb12,1815,1.021,-1.865,1,1
10,2,27,3,N,nb13,1815,0.889,-1.29,3,1
10,2,27,3,N,nb14,1815,1.095,-1.713,3,1
10,2,27,3,N,nb15,1815,0.93,-1.124,1,1
10,2,27,3,N,nb16,1815,1.795,0.488,2,1
10,2,27,3,N,nb17,1815,1.665,-0.017,2,1
10,2,27,3,N,nb18,1815,0.58,-1.865,1,1
10,2,27,3,N,nb19,1815,1.858,1.755,1,1
10,2,27,3,N,nb20,1815,0.612,-1.407,2,1
10,2,27,3,N,nb21,1815,1.374,-0.163,1,1
10,2,27,3,N,nb22,1815,1.509,0.051,3,1
10,2,27,3,N,nb23,1815,0.614,-1.576,3,1
10,2,27,3,N,nb24,1815,0.746,-1.847,2,1
10,2,27,3,N,nb25,1815,0.954,-1.528,4,1
10,2,27,3,N,nb26,1815,1.866,1.36,1,1
10,2,27,3,N,nb27,1815,1.28,-1.865,1,1
10,2,27,3,N,nb28,1815,-1.839,-0.834,1,1
10,2,27,3,N,nb29,1815,1.347,0.004,3,1
10,2,27,3,A,aa0,1815,-1.202,1.865,0,0
10,2,27,3,A,aa1,1815,-0.124,0.323,0,0
10,2,27,3,A,aa2,1815,-0.992,1.101,0,0
10,2,27,3,N,nb0,1820,0.571,0.036,1,1
10,2,27,3,N,nb1,1820,0.801,-1.61,4,1
10,2,27,3,N,nb2,1820,-1.452,-1.035,1,1
10,2,27,3,N,nb3,1820,1.825,0.278,2,1
10,2,27,3,N,nb4,1820,0.809,-1.44,5,1
10,2,27,3,N,nb5,1820,-1.6,-0.955,2,1
10,2,27,3,N,nb6,1820,1.82,0.109,2,1
10,2,27,3,N,nb7,1820,-1.622,-0.738,2,1
10,2,27,3,N,nb8,1820,1.385,0.174,2,1
10,2,27,3,N,nb9,1820,0.757,0.142,1,1
10,2,27,3,N,nb10,1820,1.866,1.53,2,1
10,2,27,3,N,nb11,1820,1.612,0.644,1,1
10,2,27,3,N,nb12,1820,1.021,-1.865,1,1
10,2,27,3,N,nb13,1820,0.889,-1.29,3,1
10,2,27,3,N,nb14,1820,1.095,-1.713,3,1
10,2,27,3,N,nb15,1820,0.93,-1.124,1,1
10,2,27,3,N,nb16,1820,1.795,0.488,2,1
10,2,27,3,N,nb17,1820,1.665,-0.017,2,1
10,2,27,3,N,nb18,1820,0.58,-1.865,1,1
10,2,27,3,N,nb19,1820,1.858,1.755,1,1
10,2,27,3,N,nb20,1820,0.612,-1.407,2,1
10,2,27,3,N,nb21,1820,1.374,-0.163,1,1
10,2,27,3,N,nb22,1820,1.509,0.051,3,1
10,2,27,3,N,nb23,1820,0.614,-1.576,3,1
10,2,27,3,N,nb24,1820,0.746,-1.847,2,1
10,2,27,3,N,nb25,1820,0.954,-1.528,4,1
10,2,27,3,N,nb26,1820,1.866,1.36,1,1
10,2,27,3,N,nb27,1820,1.28,-1.865,1,1
10,2,27,3,N,nb28,1820,-1.839,-0.834,1,1
10,2,27,3,N,nb29,1820,1.347,0.004,3,1
10,2,27,3,A,aa0,1820,-1.121,1.865,0,0
10,2,27,3,A,aa1,1820,-0.088,0.27,0,0
10,2,27,3,A,aa2,1820,-0.892,1.092,0,0
10,2,27,3,N,nb0,1825,0.571,0.036,1,1
10,2,27,3,N,nb1,1825,0.801,-1.61,4,1
10,2,27,3,N,nb2,1825,-1.452,-1.035,1,1
10,2,27,3,N,nb3,1825,1.825,0.278,2,1
10,2,27,3,N,nb4,1825,0.809,-1.44,5,1
10,2,27,3,N,nb5,1825,-1.6,-0.955,2,1
10,2,27,3,N,nb6,1825,1.82,0.109,2,1
10,2,27,3,N,nb7,1825,-1.622,-0.738,2,1
10,2,27,3,N,nb8,1825,1.385,0.174,2,1
10,2,27,3,N,nb9,1825,0.757,0.142,1,1
10,2,27,3,N,nb10,1825,1.866,1.53,2,1
10,2,27,3,N,nb11,1825,1.612,0.644,1,1
10,2,27,3,N,nb12,1825,1.021,-1.865,1,1
10,2,27,3,N,nb13,1825,0.889,-1.29,3,1
10,2,27,3,N,nb14,1825,1.095,-1.713,3,1
10,2,27,3,N,nb15,1825,0.93,-1.124,1,1
10,2,27,3,N,nb16,1825,1.795,0.488,2,1
10,2,27,3,N,nb17,1825,1.665,-0.017,2,1
10,2,27,3,N,nb18,1825,0.58,-1.865,1,1
10,2,27,3,N,nb19,1825,1.858,1.755,1,1
10,2,27,3,N,nb20,1825,0.612,-1.407,2,1
10,2,27,3,N,nb21,1825,1.374,-0.163,1,1
10,2,27,3,N,nb22,1825,1.509,0.051,3,1
10,2,27,3,N,nb23,1825,0.614,-1.576,3,1
10,2,27,3,N,nb24,1825,0.746,-1.847,2,1
10,2,27,3,N,nb25,1825,0.954,-1.528,4,1
10,2,27,3,N,nb26,1825,1.866,1.36,1,1
10,2,27,3,N,nb27,1825,1.28,-1.865,1,1
10,2,27,3,N,nb28,1825,-1.839,-0.834,1,1
10,2,27,3,N,nb29,1825,1.347,0.004,3,1
10,2,27,3,A,aa0,1825,-1.035,1.865,0,0
10,2,27,3,A,aa1,1825,-0.023,0.23,0,0
10,2,27,3,A,aa2,1825,-0.869,1.089,0,0
10,2,27,3,N,nb0,1830,0.571,0.036,1,1
10,2,27,3,N,nb1,1830,0.801,-1.61,4,1
10,2,27,3,N,nb2,1830,-1.452,-1.035,1,1
10,2,27,3,N,nb3,1830,1.825,0.278,2,1
10,2,27,3,N,nb4,1830,0.809,-1.44,5,1
10,2,27,3,N,nb5,1830,-1.6,-0.955,2,1
10,2,27,3,N,nb6,1830,1.82,0.109,2,1
10,2,27,3,N,nb7,1830,-1.622,-0.738,2,1
10,2,27,3,N,nb8,1830,1.385,0.174,2,1
10,2,27,3,N,nb9,1830,0.757,0.142,1,1
10,2,27,3,N,nb10,1830,1.866,1.53,2,1
10,2,27,3,N,nb11,1830,1.612,0.644,1,1
10,2,27,3,N,nb12,1830,1.021,-1.865,1,1
10,2,27,3,N,nb13,1830,0.889,-1.29,3,1
10,2,27,3,N,nb14,1830,1.095,-1.713,3,1
10,2,27,3,N,nb15,1830,0.93,-1.124,1,1
10,2,27,3,N,nb16,1830,1.795,0.488,2,1
10,2,27,3,N,nb17,1830,1.665,-0.017,2,1
10,2,27,3,N,nb18,1830,0.58,-1.865,1,1
10,2,27,3,N,nb19,1830,1.858,1.755,1,1
10,2,27,3,N,nb20,1830,0.612,-1.407,2,1
10,2,27,3,N,nb21,1830,1.374,-0.163,1,1
10,2,27,3,N,nb22,1830,1.509,0.051,3,1
10,2,27,3,N,nb23,1830,0.614,-1.576,3,1
10,2,27,3,N,nb24,1830,0.746,-1.847,2,1
10,2,27,3,N,nb25,1830,0.954,-1.528,4,1
10,2,27,3,N,nb26,1830,1.866,1.36,1,1
10,2,27,3,N,nb27,1830,1.28,-1.865,1,1
10,2,27,3,N,nb28,1830,-1.839,-0.834,1,1
10,2,27,3,N,nb29,1830,1.347,0.004,3,1
10,2,27,3,A,aa0,1830,-0.997,1.865,0,0
10,2,27,3,A,aa1,1830,0.063,0.178,1,0
10,2,27,3,A,aa2,1830,-0.783,1.133,0,0
10,2,27,3,N,nb0,1835,0.571,0.036,1,1
10,2,27,3,N,nb1,1835,0.801,-1.61,4,1
10,2,27,3,N,nb2,1835,-1.452,-1.035,1,1
10,2,27,3,N,nb3,1835,1.825,0.278,2,1
10,2,27,3,N,nb4,1835,0.809,-1.44,5,1
10,2,27,3,N,nb5,1835,-1.6,-0.955,2,1
10,2,27,3,N,nb6,1835,1.82,0.109,2,1
10,2,27,3,N,nb7,1835,-1.622,-0.738,2,1
10,2,27,3,N,nb8,1835,1.385,0.174,2,1
10,2,27,3,N,nb9,1835,0.757,0.142,1,1
10,2,27,3,N,nb10,1835,1.866,1.53,2,1
10,2,27,3,N,nb11,1835,1.612,0.644,1,1
10,2,27,3,N,nb12,1835,1.021,-1.865,1,1
10,2,27,3,N,nb13,1835,0.889,-1.29,3,1
10,2,27,3,N,nb14,1835,1.095,-1.713,3,1
10,2,27,3,N,nb15,1835,0.93,-1.124,1,1
10,2,27,3,N,nb16,1835,1.795,0.488,2,1
10,2,27,3,N,nb17,1835,1.665,-0.017,2,1
10,2,27,3,N,nb18,1835,0.58,-1.865,1,1
10,2,27,3,N,nb19,1835,1.858,1.755,1,1
10,2,27,3,N,nb20,1835,0.612,-1.407,2,1
10,2,27,3,N,nb21,1835,1.374,-0.163,1,1
10,2,27,3,N,nb22,1835,1.509,0.051,3,1
10,2,27,3,N,nb23,1835,0.614,-1.576,3,1
10,2,27,3,N,nb24,1835,0.746,-1.847,2,1
10,2,27,3,N,nb25,1835,0.954,-1.528,4,1
10,2,27,3,N,nb26,1835,1.866,1.36,1,1
10,2,27,3,N,nb27,1835,1.28,-1.865,1,1
10,2,27,3,N,nb28,1835,-1.839,-0.834,1,1
10,2,27,3,N,nb29,1835,1.347,0.004,3,1
10,2,27,3,A,aa0,1835,-0.925,1.865,0,0
10,2,27,3,A,aa1,1835,0.148,0.126,1,0
10,2,27,3,A,aa2,1835,-0.694,1.179,0,0
10,2,27,3,N,nb0,1840,0.571,0.036,1,1
10,2,27,3,N,nb1,1840,0.801,-1.61,4,1
10,2,27,3,N,nb2,1840,-1.452,-1.035,1,1
10,2,27,3,N,nb3,1840,1.825,0.278,2,1
10,2,27,3,N,nb4,1840,0.809,-1.44,5,1
10,2,27,3,N,nb5,1840,-1.6,-0.955,2,1
10,2,27,3,N,nb6,1840,1.82,0.109,2,1
10,2,27,3,N,nb7,1840,-1.622,-0.738,2,1
10,2,27,3,N,nb8,1840,1.385,0.174,2,1
10,2,27,3,N,nb9,1840,0.757,0.142,1,1
10,2,27,3,N,nb10,1840,1.866,1.53,2,1
10,2,27,3,N,nb11,1840,1.612,0.644,1,1
10,2,27,3,N,nb12,1840,1.021,-1.865,1,1
10,2,27,3,N,nb13,1840,0.889,-1.29,3,1
10,2,27,3,N,nb14,1840,1.095,-1.713,3,1
10,2,27,3,N,nb15,1840,0.93,-1.124,1,1
10,2,27,3,N,nb16,1840,1.795,0.488,2,1
10,2,27,3,N,nb17,1840,1.665,-0.017,2,1
10,2,27,3,N,nb18,1840,0.58,-1.865,1,1
10,2,27,3,N,nb19,1840,1.858,1.755,1,1
10,2,27,3,N,nb20,1840,0.612,-1.407,2,1
10,2,27,3,N,nb21,1840,1.374,-0.163,1,1
10,2,27,3,N,nb22,1840,1.509,0.051,3,1
10,2,27,3,N,nb23,1840,0.614,-1.576,3,1
10,2,27,3,N,nb24,1840,0.746,-1.847,2,1
10,2,27,3,N,nb25,1840,0.954,-1.528,4,1
10,2,27,3,N,nb26,1840,1.866,1.36,1,1
10,2,27,3,N,nb27,1840,1.28,-1.865,1,1
10,2,27,3,N,nb28,1840,-1.839,-0.834,1,1
10,2,27,3,N,nb29,1840,1.347,0.004,3,1
10,2,27,3,A,aa0,1840,-0.842,1.865,0,0
10,2,27,3,A,aa1,1840,0.234,0.074,1,0
10,2,27,3,A,aa2,1840,-0.605,1.225,0,0
10,2,27,3,N,nb0,1845,0.571,0.036,1,1
10,2,27,3,N,nb1,1845,0.801,-1.61,4,1
10,2,27,3,N,nb2,1845,-1.452,-1.035,1,1
10,2,27,3,N,nb3,1845,1.825,0.278,2,1
10,2,27,3,N,nb4,1845,0.809,-1.44,5,1
10,2,27,3,N,nb5,1845,-1.6,-0.955,2,1
10,2,27,3,N,nb6,1845,1.82,0.109,2,1
10,2,27,3,N,nb7,1845,-1.622,-0.738,2,1
10,2,27,3,N,nb8,1845,1.385,0.174,2,1
10,2,27,3,N,nb9,1845,0.757,0.142,1,1
10,2,27,3,N,nb10,1845,1.866,1.53,2,1
10,2,27,3,N,nb11,1845,1.612,0.644,1,1
10,2,27,3,N,nb12,1845,1.021,-1.865,1,1
10,2,27,3,N,nb13,1845,0.889,-1.29,3,1
10,2,27,3,N,nb14,1845,1.095,-1.713,3,1
10,2,27,3,N,nb15,1845,0.93,-1.124,1,1
10,2,27,3,N,nb16,1845,1.795,0.488,2,1
10,2,27,3,N,nb17,1845,1.665,-0.017,2,1
10,2,27,3,N,nb18,1845,0.58,-1.865,1,1
10,2,27,3,N,nb19,1845,1.858,1.755,1,1
10,2,27,3,N,nb20,1845,0.612,-1.407,2,1
10,2,27,3,N,nb21,1845,1.374,-0.163,1,1
10,2,27,3,N,nb22,1845,1.509,0.051,3,1
10,2,27,3,N,nb23,1845,0.614,-1.576,3,1
10,2,27,3,N,nb24,1845,0.746,-1.847,2,1
10,2,27,3,N,nb25,1845,0.954,-1.528,4,1
10,2,27,3,N,nb26,1845,1.866,1.36,1,1
10,2,27,3,N,nb27,1845,1.28,-1.865,1,1
10,2,27,3,N,nb28,1845,-1.839,-0.834,1,1
10,2,27,3,N,nb29,1845,1.347,0.004,3,1
10,2,27,3,A,aa0,1845,-0.755,1.865,0,0
10,2,27,3,A,aa1,1845,0.319,0.022,1,0
10,2,27,3,A,aa2,1845,-0.516,1.27,0,0
10,2,27,3,N,nb0,1850,0.571,0.036,1,1
10,2,27,3,N,nb1,1850,0.801,-1.61,4,1
10,2,27,3,N,nb2,1850,-1.452,-1.035,1,1
10,2,27,3,N,nb3,1850,1.825,0.278,2,1
10,2,27,3,N,nb4,1850,0.809,-1.44,5,1
10,2,27,3,N,nb5,1850,-1.6,-0.955,2,1
10,2,27,3,N,nb6,1850,1.82,0.109,2,1
10,2,27,3,N,nb7,1850,-1.622,-0.738,2,1
10,2,27,3,N,nb8,1850,1.385,0.174,2,1
10,2,27,3,N,nb9,1850,0.757,0.142,1,1
10,2,27,3,N,nb10,1850,1.866,1.53,2,1
10,2,27,3,N,nb11,1850,1.612,0.644,1,1
10,2,27,3,N,nb12,1850,1.021,-1.865,1,1
10,2,27,3,N,nb13,1850,0.889,-1.29,3,1
10,2,27,3,N,nb14,1850,1.095,-1.713,3,1
10,2,27,3,N,nb15,1850,0.93,-1.124,1,1
10,2,27,3,N,nb16,1850,1.795,0.488,2,1
10,2,27,3,N,nb17,1850,1.665,-0.017,2,1
10,2,27,3,N,nb18,1850,0.58,-1.865,1,1
10,2,27,3,N,nb19,1850,1.858,1.755,1,1
10,2,27,3,N,nb20,1850,0.612,-1.407,2,1
10,2,27,3,N,nb21,1850,1.374,-0.163,1,1
10,2,27,3,N,nb22,1850,1.509,0.051,3,1
10,2,27,3,N,nb23,1850,0.614,-1.576,3,1
10,2,27,3,N,nb24,1850,0.746,-1.847,2,1
10,2,27,3,N,nb25,1850,0.954,-1.528,4,1
10,2,27,3,N,nb26,1850,1.866,1.36,1,1
10,2,27,3,N,nb27,1850,1.28,-1.865,1,1
10,2,27,3,N,nb28,1850,-1.839,-0.834,1,1
10,2,27,3,N,nb29,1850,1.347,0.004,3,1
10,2,27,3,A,aa0,1850,-0.664,1.865,0,0
10,2,27,3,A,aa1,1850,0.391,-0.028,1,0
10,2,27,3,A,aa2,1850,-0.427,1.316,0,0
10,2,27,3,N,nb0,1855,0.571,0.036,1,1
10,2,27,3,N,nb1,1855,0.801,-1.61,4,1
10,2,27,3,N,nb2,1855,-1.452,-1.035,1,1
10,2,27,3,N,nb3,1855,1.825,0.278,2,1
10,2,27,3,N,nb4,1855,0.809,-1.44,5,1
10,2,27,3,N,nb5,1855,-1.6,-0.955,2,1
10,2,27,3,N,nb6,1855,1.82,0.109,2,1
10,2,27,3,N,nb7,1855,-1.622,-0.738,2,1
10,2,27,3,N,nb8,1855,1.385,0.174,2,1
10,2,27,3,N,nb9,1855,0.757,0.142,1,1
10,2,27,3,N,nb10,1855,1.866,1.53,2,1
10,2,27,3,N,nb11,1855,1.612,0.644,1,1
10,2,27,3,N,nb12,1855,1.021,-1.865,1,1
10,2,27,3,N,nb13,1855,0.889,-1.29,3,1
10,2,27,3,N,nb14,1855,1.095,-1.713,3,1
10,2,27,3,N,nb15,1855,0.93,-1.124,1,1
10,2,27,3,N,nb16,1855,1.795,0.488,2,1
10,2,27,3,N,nb17,1855,1.665,-0.017,2,1
10,2,27,3,N,nb18,1855,0.58,-1.865,1,1
10,2,27,3,N,nb19,1855,1.858,1.755,1,1
10,2,27,3,N,nb20,1855,0.612,-1.407,2,1
10,2,27,3,N,nb21,1855,1.374,-0.163,1,1
10,2,27,3,N,nb22,1855,1.509,0.051,3,1
10,2,27,3,N,nb23,1855,0.614,-1.576,3,1
10,2,27,3,N,nb24,1855,0.746,-1.847,2,1
10,2,27,3,N,nb25,1855,0.954,-1.528,4,1
10,2,27,3,N,nb26,1855,1.866,1.36,1,1
10,2,27,3,N,nb27,1855,1.28,-1.865,1,1
10,2,27,3,N,nb28,1855,-1.839,-0.834,1,1
10,2,27,3,N,nb29,1855,1.347,0.004,3,1
10,2,27,3,A,aa0,1855,-0.572,1.863,0,0
10,2,27,3,A,aa1,1855,0.456,-0.091,1,0
10,2,27,3,A,aa2,1855,-0.338,1.362,0,0
10,2,27,3,N,nb0,1860,0.571,0.036,1,1
10,2,27,3,N,nb1,1860,0.801,-1.61,4,1
10,2,27,3,N,nb2,1860,-1.452,-1.035,1,1
10,2,27,3,N,nb3,1860,1.825,0.278,2,1
10,2,27,3,N,nb4,1860,0.809,-1.44,5,0
10,2,27,3,N,nb5,1860,-1.6,-0.955,2,1
10,2,27,3,N,nb6,1860,1.82,0.109,2,0
10,2,27,3,N,nb7,1860,-1.622,-0.738,2,1
10,2,27,3,N,nb8,1860,1.385,0.174,2,1
10,2,27,3,N,nb9,1860,0.757,0.142,1,1
10,2,27,3,N,nb10,1860,1.866,1.53,2,1
10,2,27,3,N,nb11,1860,1.612,0.644,1,1
10,2,27,3,N,nb12,1860,1.021,-1.865,1,1
10,2,27,3,N,nb13,1860,0.889,-1.29,3,0
10,2,27,3,N,nb14,1860,1.095,-1.713,3,1
10,2,27,3,N,nb15,1860,0.93,-1.124,1,1
10,2,27,3,N,nb16,1860,1.795,0.488,2,1
10,2,27,3,N,nb17,1860,1.665,-0.017,2,0
10,2,27,3,N,nb18,1860,0.58,-1.865,1,1
10,2,27,3,N,nb19,1860,1.858,1.755,1,1
10,2,27,3,N,nb20,1860,0.612,-1.407,2,1
10,2,27,3,N,nb21,1860,1.374,-0.163,1,1
10,2,27,3,N,nb22,1860,1.509,0.051,3,0
10,2,27,3,N,nb23,1860,0.614,-1.576,3,1
10,2,27,3,N,nb24,1860,0.746,-1.847,2,1
10,2,27,3,N,nb25,1860,0.954,-1.528,4,0
10,2,27,3,N,nb26,1860,1.866,1.36,1,1
10,2,27,3,N,nb27,1860,1.28,-1.865,1,1
10,2,27,3,N,nb28,1860,-1.839,-0.834,1,1
10,2,27,3,N,nb29,1860,1.347,0.004,3,1
10,2,27,3,A,aa0,1860,-0.48,1.852,0,0
10,2,27,3,A,aa1,1860,0.516,-0.164,0,0
10,2,27,3,A,aa2,1860,-0.3,1.381,0,0
10,2,27,3,N,nb0,1865,0.571,0.036,1,1
10,2,27,3,N,nb1,1865,0.801,-1.61,4,1
10,2,27,3,N,nb2,1865,-1.452,-1.035,1,1
10,2,27,3,N,nb3,1865,1.825,0.278,2,1
10,2,27,3,N,nb4,1865,0.809,-1.44,5,1
10,2,27,3,N,nb5,1865,-1.6,-0.955,2,1
10,2,27,3,N,nb6,1865,1.82,0.109,2,1
10,2,27,3,N,nb7,1865,-1.622,-0.738,2,1
10,2,27,3,N,nb8,1865,1.385,0.174,2,1
10,2,27,3,N,nb9,1865,0.757,0.142,1,1
10,2,27,3,N,nb10,1865,1.866,1.53,2,1
10,2,27,3,N,nb11,1865,1.612,0.644,1,1
10,2,27,3,N,nb12,1865,1.021,-1.865,1,1
10,2,27,3,N,nb13,1865,0.889,-1.29,3,1
10,2,27,3,N,nb14,1865,1.095,-1.713,3,1
10,2,27,3,N,nb15,1865,0.93,-1.124,1,1
10,2,27,3,N,nb16,1865,1.795,0.488,2,1
10,2,27,3,N,nb17,1865,1.665,-0.017,2,1
10,2,27,3,N,nb18,1865,0.58,-1.865,1,1
10,2,27,3,N,nb19,1865,1.858,1.755,1,1
10,2,27,3,N,nb20,1865,0.612,-1.407,2,1
10,2,27,3,N,nb21,1865,1.374,-0.163,1,1
10,2,27,3,N,nb22,1865,1.509,0.051,3,1
10,2,27,3,N,nb23,1865,0.614,-1.576,3,1
10,2,27,3,N,nb24,1865,0.746,-1.847,2,1
10,2,27,3,N,nb25,1865,0.954,-1.528,4,1
10,2,27,3,N,nb26,1865,1.866,1.36,1,1
10,2,27,3,N,nb27,1865,1.28,-1.865,1,1
10,2,27,3,N,nb28,1865,-1.839,-0.834,1,0
10,2,27,3,N,nb29,1865,1.347,0.004,3,1
10,2,27,3,A,aa0,1865,-0.459,1.848,0,0
10,2,27,3,A,aa1,1865,0.571,-0.242,2,0
10,2,27,3,A,aa2,1865,-0.298,1.398,0,0
10,2,27,3,N,nb0,1870,0.571,0.036,1,1
10,2,27,3,N,nb1,1870,0.801,-1.61,4,1
10,2,27,3,N,nb2,1870,-1.452,-1.035,1,1
10,2,27,3,N,nb3,1870,1.825,0.278,2,1
10,2,27,3,N,nb4,1870,0.809,-1.44,5,1
10,2,27,3,N,nb5,1870,-1.6,-0.955,2,1
10,2,27,3,N,nb6,1870,1.82,0.109,2,1
10,2,27,3,N,nb7,1870,-1.622,-0.738,2,1
10,2,27,3,N,nb8,1870,1.385,0.174,2,1
10,2,27,3,N,nb9,1870,0.757,0.142,1,1
10,2,27,3,N,nb10,1870,1.866,1.53,2,1
10,2,27,3,N,nb11,1870,1.612,0.644,1,1
10,2,27,3,N,nb12,1870,1.021,-1.865,1,0
10,2,27,3,N,nb13,1870,0.889,-1.29,3,1
10,2,27,3,N,nb14,1870,1.095,-1.713,3,0
10,2,27,3,N,nb15,1870,0.93,-1.124,1,1
10,2,27,3,N,nb16,1870,1.795,0.488,2,1
10,2,27,3,N,nb17,1870,1.665,-0.017,2,1
10,2,27,3,N,nb18,1870,0.58,-1.865,1,1
10,2,27,3,N,nb19,1870,1.858,1.755,1,1
10,2,27,3,N,nb20,1870,0.612,-1.407,2,1
10,2,27,3,N,nb21,1870,1.374,-0.163,1,1
10,2,27,3,N,nb22,1870,1.509,0.051,3,1
10,2,27,3,N,nb23,1870,0.614,-1.576,3,1
10,2,27,3,N,nb24,1870,0.746,-1.847,2,1
10,2,27,3,N,nb25,1870,0.954,-1.528,4,1
10,2,27,3,N,nb26,1870,1.866,1.36,1,1
10,2,27,3,N,nb27,1870,1.28,-1.865,1,1
10,2,27,3,N,nb28,1870,-1.839,-0.834,1,1
10,2,27,3,N,nb29,1870,1.347,0.004,3,1
10,2,27,3,A,aa0,1870,-0.45,1.86,0,0
10,2,27,3,A,aa1,1870,0.625,-0.326,2,0
10,2,27,3,A,aa2,1870,-0.288,1.498,0,0
10,2,27,3,N,nb0,1875,0.571,0.036,1,1
10,2,27,3,N,nb1,1875,0.801,-1.61,4,1
10,2,27,3,N,nb2,1875,-1.452,-1.035,1,1
10,2,27,3,N,nb3,1875,1.825,0.278,2,1
10,2,27,3,N,nb4,1875,0.809,-1.44,5,1
10,2,27,3,N,nb5,1875,-1.6,-0.955,2,1
10,2,27,3,N,nb6,1875,1.82,0.109,2,1
10,2,27,3,N,nb7,1875,-1.622,-0.738,2,1
10,2,27,3,N,nb8,1875,1.385,0.174,2,1
10,2,27,3,N,nb9,1875,0.757,0.142,1,1
10,2,27,3,N,nb10,1875,1.866,1.53,2,1
10,2,27,3,N,nb11,1875,1.612,0.644,1,1
10,2,27,3,N,nb12,1875,1.021,-1.865,1,1
10,2,27,3,N,nb13,1875,0.889,-1.29,3,1
10,2,27,3,N,nb14,1875,1.095,-1.713,3,1
10,2,27,3,N,nb15,1875,0.93,-1.124,1,1
10,2,27,3,N,nb16,1875,1.795,0.488,2,1
10,2,27,3,N,nb17,1875,1.665,-0.017,2,1
10,2,27,3,N,nb18,1875,0.58,-1.865,1,1
10,2,27,3,N,nb19,1875,1.858,1.755,1,1
10,2,27,3,N,nb20,1875,0.612,-1.407,2,1
10,2,27,3,N,nb21,1875,1.374,-0.163,1,1
10,2,27,3,N,nb22,1875,1.509,0.051,3,1
10,2,27,3,N,nb23,1875,0.614,-1.576,3,1
10,2,27,3,N,nb24,1875,0.746,-1.847,2,1
10,2,27,3,N,nb25,1875,0.954,-1.528,4,1
10,2,27,3,N,nb26,1875,1.866,1.36,1,1
10,2,27,3,N,nb27,1875,1.28,-1.865,1,1
10,2,27,3,N,nb28,1875,-1.839,-0.834,1,1
10,2,27,3,N,nb29,1875,1.347,0.004,3,1
10,2,27,3,A,aa0,1875,-0.395,1.865,0,0
10,2,27,3,A,aa1,1875,0.671,-0.396,2,0
10,2,27,3,A,aa2,1875,-0.279,1.597,0,0
10,2,27,3,N,nb0,1880,0.571,0.036,1,1
10,2,27,3,N,nb1,1880,0.801,-1.61,4,1
10,2,27,3,N,nb2,1880,-1.452,-1.035,1,1
10,2,27,3,N,nb3,1880,1.825,0.278,2,1
10,2,27,3,N,nb4,1880,0.809,-1.44,5,1
10,2,27,3,N,nb5,1880,-1.6,-0.955,2,1
10,2,27,3,N,nb6,1880,1.82,0.109,2,1
10,2,27,3,N,nb7,1880,-1.622,-0.738,2,1
10,2,27,3,N,nb8,1880,1.385,0.174,2,1
10,2,27,3,N,nb9,1880,0.757,0.142,1,1
10,2,27,3,N,nb10,1880,1.866,1.53,2,1
10,2,27,3,N,nb11,1880,1.612,0.644,1,1
10,2,27,3,N,nb12,1880,1.021,-1.865,1,1
10,2,27,3,N,nb13,1880,0.889,-1.29,3,1
10,2,27,3,N,nb14,1880,1.095,-1.713,3,1
10,2,27,3,N,nb15,1880,0.93,-1.124,1,1
10,2,27,3,N,nb16,1880,1.795,0.488,2,1
10,2,27,3,N,nb17,1880,1.665,-0.017,2,1
10,2,27,3,N,nb18,1880,0.58,-1.865,1,1
10,2,27,3,N,nb19,1880,1.858,1.755,1,1
10,2,27,3,N,nb20,1880,0.612,-1.407,2,1
10,2,27,3,N,nb21,1880,1.374,-0.163,1,1
10,2,27,3,N,nb22,1880,1.509,0.051,3,1
10,2,27,3,N,nb23,1880,0.614,-1.576,3,1
10,2,27,3,N,nb24,1880,0.746,-1.847,2,1
10,2,27,3,N,nb25,1880,0.954,-1.528,4,1
10,2,27,3,N,nb26,1880,1.866,1.36,1,1
10,2,27,3,N,nb27,1880,1.28,-1.865,1,0
10,2,27,3,N,nb28,1880,-1.839,-0.834,1,1
10,2,27,3,N,nb29,1880,1.347,0.004,3,1
10,2,27,3,A,aa0,1880,-0.33,1.865,0,0
10,2,27,3,A,aa1,1880,0.671,-0.396,2,0
10,2,27,3,A,aa2,1880,-0.268,1.689,0,0
10,2,27,3,N,nb0,1885,0.571,0.036,1,1
10,2,27,3,N,nb1,1885,0.801,-1.61,4,1
10,2,27,3,N,nb2,1885,-1.452,-1.035,1,1
10,2,27,3,N,nb3,1885,1.825,0.278,2,1
10,2,27,3,N,nb4,1885,0.809,-1.44,5,1
10,2,27,3,N,nb5,1885,-1.6,-0.955,2,1
10,2,27,3,N,nb6,1885,1.82,0.109,2,1
10,2,27,3,N,nb7,1885,-1.622,-0.738,2,1
10,2,27,3,N,nb8,1885,1.385,0.174,2,1
10,2,27,3,N,nb9,1885,0.757,0.142,1,1
10,2,27,3,N,nb10,1885,1.866,1.53,2,1
10,2,27,3,N,nb11,1885,1.612,0.644,1,1
10,2,27,3,N,nb12,1885,1.021,-1.865,1,1
10,2,27,3,N,nb13,1885,0.889,-1.29,3,1
10,2,27,3,N,nb14,1885,1.095,-1.713,3,1
10,2,27,3,N,nb15,1885,0.93,-1.124,1,1
10,2,27,3,N,nb16,1885,1.795,0.488,2,1
10,2,27,3,N,nb17,1885,1.665,-0.017,2,1
10,2,27,3,N,nb18,1885,0.58,-1.865,1,1
10,2,27,3,N,nb19,1885,1.858,1.755,1,1
10,2,27,3,N,nb20,1885,0.612,-1.407,2,1
10,2,27,3,N,nb21,1885,1.374,-0.163,1,1
10,2,27,3,N,nb22,1885,1.509,0.051,3,1
10,2,27,3,N,nb23,1885,0.614,-1.576,3,1
10,2,27,3,N,nb24,1885,0.746,-1.847,2,1
10,2,27,3,N,nb25,1885,0.954,-1.528,4,1
10,2,27,3,N,nb26,1885,1.866,1.36,1,1
10,2,27,3,N,nb27,1885,1.28,-1.865,1,1
10,2,27,3,N,nb28,1885,-1.839,-0.834,1,1
10,2,27,3,N,nb29,1885,1.347,0.004,3,1
10,2,27,3,A,aa0,1885,-0.263,1.865,0,0
10,2,27,3,A,aa1,1885,0.766,-0.41,2,0
10,2,27,3,A,aa2,1885,-0.235,1.698,0,0
10,2,27,3,N,nb0,1890,0.571,0.036,1,1
10,2,27,3,N,nb1,1890,0.801,-1.61,4,1
10,2,27,3,N,nb2,1890,-1.452,-1.035,1,1
10,2,27,3,N,nb3,1890,1.825,0.278,2,1
10,2,27,3,N,nb4,1890,0.809,-1.44,5,1
10,2,27,3,N,nb5,1890,-1.6,-0.955,2,1
10,2,27,3,N,nb6,1890,1.82,0.109,2,1
10,2,27,3,N,nb7,1890,-1.622,-0.738,2,1
10,2,27,3,N,nb8,1890,1.385,0.174,2,1
10,2,27,3,N,nb9,1890,0.757,0.142,1,1
10,2,27,3,N,nb10,1890,1.866,1.53,2,1
10,2,27,3,N,nb11,1890,1.612,0.644,1,0
10,2,27,3,N,nb12,1890,1.021,-1.865,1,1
10,2,27,3,N,nb13,1890,0.889,-1.29,3,1
10,2,27,3,N,nb14,1890,1.095,-1.713,3,1
10,2,27,3,N,nb15,1890,0.93,-1.124,1,1
10,2,27,3,N,nb16,1890,1.795,0.488,2,1
10,2,27,3,N,nb17,1890,1.665,-0.017,2,1
10,2,27,3,N,nb18,1890,0.58,-1.865,1,1
10,2,27,3,N,nb19,1890,1.858,1.755,1,1
10,2,27,3,N,nb20,1890,0.612,-1.407,2,1
10,2,27,3,N,nb21,1890,1.374,-0.163,1,0
10,2,27,3,N,nb22,1890,1.509,0.051,3,1
10,2,27,3,N,nb23,1890,0.614,-1.576,3,1
10,2,27,3,N,nb24,1890,0.746,-1.847,2,1
10,2,27,3,N,nb25,1890,0.954,-1.528,4,1
10,2,27,3,N,nb26,1890,1.866,1.36,1,1
10,2,27,3,N,nb27,1890,1.28,-1.865,1,1
10,2,27,3,N,nb28,1890,-1.839,-0.834,1,1
10,2,27,3,N,nb29,1890,1.347,0.004,3,1
10,2,27,3,A,aa0,1890,-0.187,1.865,0,0
10,2,27,3,A,aa1,1890,0.865,-0.423,3,1
10,2,27,3,A,aa2,1890,-0.187,1.696,0,0
10,2,27,3,N,nb0,1895,0.552,0.084,0,0
10,2,27,3,N,nb1,1895,0.801,-1.61,4,1
10,2,27,3,N,nb2,1895,-1.452,-1.035,1,1
10,2,27,3,N,nb3,1895,1.825,0.278,2,1
10,2,27,3,N,nb4,1895,0.809,-1.44,5,1
10,2,27,3,N,nb5,1895,-1.6,-0.955,2,1
10,2,27,3,N,nb6,1895,1.82,0.109,2,1
10,2,27,3,N,nb7,1895,-1.622,-0.738,2,1
10,2,27,3,N,nb8,1895,1.385,0.174,2,1
10,2,27,3,N,nb9,1895,0.808,0.167,0,0
10,2,27,3,N,nb10,1895,1.866,1.53,2,1
10,2,27,3,N,nb11,1895,1.612,0.644,1,1
10,2,27,3,N,nb12,1895,1.021,-1.865,1,1
10,2,27,3,N,nb13,1895,0.889,-1.29,3,1
10,2,27,3,N,nb14,1895,1.095,-1.713,3,1
10,2,27,3,N,nb15,1895,0.93,-1.124,1,1
10,2,27,3,N,nb16,1895,1.795,0.488,2,1
10,2,27,3,N,nb17,1895,1.665,-0.017,2,1
10,2,27,3,N,nb18,1895,0.58,-1.865,1,1
10,2,27,3,N,nb19,1895,1.858,1.755,1,1
10,2,27,3,N,nb20,1895,0.612,-1.407,2,1
10,2,27,3,N,nb21,1895,1.394,-0.159,2,0
10,2,27,3,N,nb22,1895,1.509,0.051,4,1
10,2,27,3,N,nb23,1895,0.614,-1.576,3,1
10,2,27,3,N,nb24,1895,0.746,-1.847,2,1
10,2,27,3,N,nb25,1895,0.954,-1.528,4,1
10,2,27,3,N,nb26,1895,1.866,1.36,1,1
10,2,27,3,N,nb27,1895,1.28,-1.865,1,1
10,2,27,3,N,nb28,1895,-1.839,-0.834,1,1
10,2,27,3,N,nb29,1895,1.347,0.005,3,1
10,2,27,3,A,aa0,1895,-0.103,1.865,0,0
10,2,27,3,A,aa1,1895,0.908,-0.429,0,0
10,2,27,3,A,aa2,1895,-0.127,1.698,0,0
10,2,27,3,N,nb0,1900,0.512,0.174,0,0
10,2,27,3,N,nb1,1900,0.801,-1.61,4,1
10,2,27,3,N,nb2,1900,-1.452,-1.035,1,1
10,2,27,3,N,nb3,1900,1.825,0.278,2,1
10,2,27,3,N,nb4,1900,0.809,-1.44,5,1
10,2,27,3,N,nb5,1900,-1.6,-0.955,2,1
10,2,27,3,N,nb6,1900,1.82,0.109,2,1
10,2,27,3,N,nb7,1900,-1.622,-0.738,2,1
10,2,27,3,N,nb8,1900,1.385,0.174,2,1
10,2,27,3,N,nb9,1900,0.898,0.21,0,0
10,2,27,3,N,nb10,1900,1.866,1.53,2,1
10,2,27,3,N,nb11,1900,1.612,0.644,1,1
10,2,27,3,N,nb12,1900,1.021,-1.865,1,1
10,2,27,3,N,nb13,1900,0.889,-1.29,3,1
10,2,27,3,N,nb14,1900,1.095,-1.713,3,1
10,2,27,3,N,nb15,1900,0.93,-1.124,1,1
10,2,27,3,N,nb16,1900,1.795,0.488,2,1
10,2,27,3,N,nb17,1900,1.665,-0.017,3,1
10,2,27,3,N,nb18,1900,0.58,-1.865,1,1
10,2,27,3,N,nb19,1900,1.858,1.755,1,1
10,2,27,3,N,nb20,1900,0.612,-1.407,2,1
10,2,27,3,N,nb21,1900,1.447,-0.132,3,0
10,2,27,3,N,nb22,1900,1.509,0.051,4,1
10,2,27,3,N,nb23,1900,0.614,-1.576,3,1
10,2,27,3,N,nb24,1900,0.746,-1.847,2,1
10,2,27,3,N,nb25,1900,0.954,-1.528,4,1
10,2,27,3,N,nb26,1900,1.866,1.36,1,1
10,2,27,3,N,nb27,1900,1.28,-1.865,1,1
10,2,27,3,N,nb28,1900,-1.839,-0.834,1,1
10,2,27,3,N,nb29,1900,1.347,0.005,3,0
10,2,27,3,A,aa0,1900,-0.012,1.865,0,0
10,2,27,3,A,aa1,1900,0.919,-0.417,0,0
10,2,27,3,A,aa2,1900,-0.06,1.703,0,0
10,2,27,3,N,nb0,1905,0.47,0.265,0,0
10,2,27,3,N,nb1,1905,0.801,-1.61,4,1
10,2,27,3,N,nb2,1905,-1.452,-1.035,1,1
10,2,27,3,N,nb3,1905,1.825,0.278,2,1
10,2,27,3,N,nb4,1905,0.809,-1.44,5,1
10,2,27,3,N,nb5,1905,-1.6,-0.955,2,1
10,2,27,3,N,nb6,1905,1.82,0.109,2,1
10,2,27,3,N,nb7,1905,-1.622,-0.738,2,1
10,2,27,3,N,nb8,1905,1.385,0.174,2,1
10,2,27,3,N,nb9,1905,0.988,0.253,0,0
10,2,27,3,N,nb10,1905,1.866,1.53,2,1
10,2,27,3,N,nb11,1905,1.612,0.644,1,1
10,2,27,3,N,nb12,1905,1.021,-1.865,1,1
10,2,27,3,N,nb13,1905,0.889,-1.29,3,1
10,2,27,3,N,nb14,1905,1.095,-1.713,3,1
10,2,27,3,N,nb15,1905,0.93,-1.124,1,1
10,2,27,3,N,nb16,1905,1.795,0.488,2,1
10,2,27,3,N,nb17,1905,1.665,-0.017,3,1
10,2,27,3,N,nb18,1905,0.58,-1.865,1,1
10,2,27,3,N,nb19,1905,1.858,1.755,1,1
10,2,27,3,N,nb20,1905,0.612,-1.407,2,1
10,2,27,3,N,nb21,1905,1.462,-0.12,3,1
10,2,27,3,N,nb22,1905,1.509,0.051,4,1
10,2,27,3,N,nb23,1905,0.614,-1.576,3,1
10,2,27,3,N,nb24,1905,0.746,-1.847,2,1
10,2,27,3,N,nb25,1905,0.954,-1.528,4,1
10,2,27,3,N,nb26,1905,1.866,1.36,1,1
10,2,27,3,N,nb27,1905,1.28,-1.865,1,1
10,2,27,3,N,nb28,1905,-1.839,-0.834,1,1
10,2,27,3,N,nb29,1905,1.347,0.005,3,1
10,2,27,3,A,aa0,1905,0.081,1.865,0,0
10,2,27,3,A,aa1,1905,0.984,-0.341,2,0
10,2,27,3,A,aa2,1905,0.012,1.71,0,0
10,2,27,3,N,nb0,1910,0.428,0.356,0,0
10,2,27,3,N,nb1,1910,0.801,-1.61,4,1
10,2,27,3,N,nb2,1910,-1.452,-1.035,1,1
10,2,27,3,N,nb3,1910,1.825,0.278,2,1
10,2,27,3,N,nb4,1910,0.809,-1.44,5,1
10,2,27,3,N,nb5,1910,-1.6,-0.955,2,1
10,2,27,3,N,nb6,1910,1.82,0.109,2,1
10,2,27,3,N,nb7,1910,-1.622,-0.738,2,1
10,2,27,3,N,nb8,1910,1.385,0.174,2,1
10,2,27,3,N,nb9,1910,1.079,0.296,0,0
10,2,27,3,N,nb10,1910,1.866,1.53,2,1
10,2,27,3,N,nb11,1910,1.612,0.644,1,1
10,2,27,3,N,nb12,1910,1.021,-1.865,1,1
10,2,27,3,N,nb13,1910,0.889,-1.29,3,1
10,2,27,3,N,nb14,1910,1.095,-1.713,3,1
10,2,27,3,N,nb15,1910,0.93,-1.124,1,1
10,2,27,3,N,nb16,1910,1.795,0.488,2,1
10,2,27,3,N,nb17,1910,1.665,-0.017,3,1
10,2,27,3,N,nb18,1910,0.58,-1.865,1,1
10,2,27,3,N,nb19,1910,1.858,1.755,1,1
10,2,27,3,N,nb20,1910,0.612,-1.407,2,1
10,2,27,3,N,nb21,1910,1.462,-0.12,3,1
10,2,27,3,N,nb22,1910,1.509,0.051,4,1
10,2,27,3,N,nb23,1910,0.614,-1.576,3,1
10,2,27,3,N,nb24,1910,0.746,-1.847,2,1
10,2,27,3,N,nb25,1910,0.954,-1.528,4,1
10,2,27,3,N,nb26,1910,1.866,1.36,1,1
10,2,27,3,N,nb27,1910,1.28,-1.865,1,1
10,2,27,3,N,nb28,1910,-1.839,-0.834,1,1
10,2,27,3,N,nb29,1910,1.347,0.005,3,1
10,2,27,3,A,aa0,1910,0.176,1.863,0,0
10,2,27,3,A,aa1,1910,1.049,-0.265,2,0
10,2,27,3,A,aa2,1910,0.088,1.718,0,0
10,2,27,3,N,nb0,1915,0.386,0.446,0,0
10,2,27,3,N,nb1,1915,0.801,-1.61,4,1
10,2,27,3,N,nb2,1915,-1.452,-1.035,1,1
10,2,27,3,N,nb3,1915,1.825,0.278,2,1
10,2,27,3,N,nb4,1915,0.809,-1.44,5,1
10,2,27,3,N,nb5,1915,-1.6,-0.955,2,1
10,2,27,3,N,nb6,1915,1.82,0.109,2,1
10,2,27,3,N,nb7,1915,-1.622,-0.738,2,1
10,2,27,3,N,nb8,1915,1.385,0.174,2,1
10,2,27,3,N,nb9,1915,1.169,0.339,0,0
10,2,27,3,N,nb10,1915,1.866,1.53,2,1
10,2,27,3,N,nb11,1915,1.612,0.644,1,1
10,2,27,3,N,nb12,1915,1.021,-1.865,1,1
10,2,27,3,N,nb13,1915,0.889,-1.29,3,1
10,2,27,3,N,nb14,1915,1.095,-1.713,3,1
10,2,27,3,N,nb15,1915,0.93,-1.124,1,1
10,2,27,3,N,nb16,1915,1.795,0.488,2,1
10,2,27,3,N,nb17,1915,1.665,-0.017,3,1
10,2,27,3,N,nb18,1915,0.58,-1.865,1,1
10,2,27,3,N,nb19,1915,1.858,1.755,1,1
10,2,27,3,N,nb20,1915,0.612,-1.407,2,1
10,2,27,3,N,nb21,1915,1.462,-0.12,3,1
10,2,27,3,N,nb22,1915,1.509,0.051,4,1
10,2,27,3,N,nb23,1915,0.614,-1.576,3,1
10,2,27,3,N,nb24,1915,0.746,-1.847,2,0
10,2,27,3,N,nb25,1915,0.954,-1.528,4,1
10,2,27,3,N,nb26,1915,1.866,1.36,1,1
10,2,27,3,N,nb27,1915,1.28,-1.865,1,1
10,2,27,3,N,nb28,1915,-1.839,-0.834,1,1
10,2,27,3,N,nb29,1915,1.347,0.005,3,1
10,2,27,3,A,aa0,1915,0.274,1.859,0,0
10,2,27,3,A,aa1,1915,1.115,-0.189,2,0
10,2,27,3,A,aa2,1915,0.17,1.726,0,0
10,2,27,3,N,nb0,1920,0.344,0.537,0,0
10,2,27,3,N,nb1,1920,0.801,-1.61,4,0
10,2,27,3,N,nb2,1920,-1.452,-1.035,1,1
10,2,27,3,N,nb3,1920,1.825,0.278,2,1
10,2,27,3,N,nb4,1920,0.809,-1.44,5,1
10,2,27,3,N,nb5,1920,-1.6,-0.955,2,1
10,2,27,3,N,nb6,1920,1.82,0.109,2,1
10,2,27,3,N,nb7,1920,-1.622,-0.738,2,1
10,2,27,3,N,nb8,1920,1.385,0.174,3,1
10,2,27,3,N,nb9,1920,1.238,0.373,1,1
10,2,27,3,N,nb10,1920,1.866,1.53,2,1
10,2,27,3,N,nb11,1920,1.612,0.644,1,1
10,2,27,3,N,nb12,1920,1.021,-1.865,1,1
10,2,27,3,N,nb13,1920,0.889,-1.29,3,1
10,2,27,3,N,nb14,1920,1.095,-1.713,3,1
10,2,27,3,N,nb15,1920,0.93,-1.124,1,1
10,2,27,3,N,nb16,1920,1.795,0.488,2,1
10,2,27,3,N,nb17,1920,1.665,-0.017,3,1
10,2,27,3,N,nb18,1920,0.58,-1.865,1,1
10,2,27,3,N,nb19,1920,1.858,1.755,1,1
10,2,27,3,N,nb20,1920,0.612,-1.407,2,1
10,2,27,3,N,nb21,1920,1.462,-0.12,3,1
10,2,27,3,N,nb22,1920,1.509,0.051,4,1
10,2,27,3,N,nb23,1920,0.614,-1.576,3,1
10,2,27,3,N,nb24,1920,0.746,-1.847,2,1
10,2,27,3,N,nb25,1920,0.954,-1.528,4,1
10,2,27,3,N,nb26,1920,1.866,1.36,1,1
10,2,27,3,N,nb27,1920,1.28,-1.865,1,1
10,2,27,3,N,nb28,1920,-1.839,-0.834,1,1
10,2,27,3,N,nb29,1920,1.347,0.005,3,1
10,2,27,3,A,aa0,1920,0.375,1.85,0,0
10,2,27,3,A,aa1,1920,1.143,-0.156,2,0
10,2,27,3,A,aa2,1920,0.258,1.729,0,0
10,2,27,3,N,nb0,1925,0.303,0.628,0,0
10,2,27,3,N,nb1,1925,0.801,-1.61,4,1
10,2,27,3,N,nb2,1925,-1.452,-1.035,1,1
10,2,27,3,N,nb3,1925,1.825,0.278,2,1
10,2,27,3,N,nb4,1925,0.809,-1.44,5,1
10,2,27,3,N,nb5,1925,-1.6,-0.955,2,1
10,2,27,3,N,nb6,1925,1.82,0.109,2,1
10,2,27,3,N,nb7,1925,-1.622,-0.738,2,1
10,2,27,3,N,nb8,1925,1.385,0.174,3,1
10,2,27,3,N,nb9,1925,1.267,0.391,1,0
10,2,27,3,N,nb10,1925,1.866,1.53,2,1
10,2,27,3,N,nb11,1925,1.612,0.644,1,1
10,2,27,3,N,nb12,1925,1.021,-1.865,1,1
10,2,27,3,N,nb13,1925,0.889,-1.29,3,1
10,2,27,3,N,nb14,1925,1.095,-1.713,3,1
10,2,27,3,N,nb15,1925,0.93,-1.124,1,1
10,2,27,3,N,nb16,1925,1.795,0.488,2,1
10,2,27,3,N,nb17,1925,1.665,-0.017,3,1
10,2,27,3,N,nb18,1925,0.58,-1.865,1,1
10,2,27,3,N,nb19,1925,1.858,1.755,1,1
10,2,27,3,N,nb20,1925,0.612,-1.407,2,1
10,2,27,3,N,nb21,1925,1.476,-0.114,3,0
10,2,27,3,N,nb22,1925,1.51,0.052,4,1
10,2,27,3,N,nb23,1925,0.614,-1.576,3,1
10,2,27,3,N,nb24,1925,0.746,-1.847,2,1
10,2,27,3,N,nb25,1925,0.954,-1.528,4,1
10,2,27,3,N,nb26,1925,1.866,1.36,1,1
10,2,27,3,N,nb27,1925,1.28,-1.865,1,1
10,2,27,3,N,nb28,1925,-1.839,-0.834,1,1
10,2,27,3,N,nb29,1925,1.349,-0.001,3,0
10,2,27,3,A,aa0,1925,0.473,1.831,0,0
10,2,27,3,A,aa1,1925,1.149,-0.088,1,0
10,2,27,3,A,aa2,1925,0.346,1.718,0,0
10,2,27,3,N,nb0,1930,0.261,0.719,0,0
10,2,27,3,N,nb1,1930,0.801,-1.61,4,1
10,2,27,3,N,nb2,1930,-1.452,-1.035,1,1
10,2,27,3,N,nb3,1930,1.825,0.278,2,1
10,2,27,3,N,nb4,1930,0.809,-1.44,5,1
10,2,27,3,N,nb5,1930,-1.6,-0.955,2,1
10,2,27,3,N,nb6,1930,1.82,0.109,2,1
10,2,27,3,N,nb7,1930,-1.622,-0.738,2,1
10,2,27,3,N,nb8,1930,1.385,0.174,2,1
10,2,27,3,N,nb9,1930,1.344,0.444,0,0
10,2,27,3,N,nb10,1930,1.866,1.53,2,1
10,2,27,3,N,nb11,1930,1.612,0.644,1,1
10,2,27,3,N,nb12,1930,1.021,-1.865,1,1
10,2,27,3,N,nb13,1930,0.889,-1.29,3,1
10,2,27,3,N,nb14,1930,1.095,-1.713,3,1
10,2,27,3,N,nb15,1930,0.93,-1.124,1,1
10,2,27,3,N,nb16,1930,1.795,0.488,2,1
10,2,27,3,N,nb17,1930,1.665,-0.017,3,1
10,2,27,3,N,nb18,1930,0.58,-1.865,1,0
10,2,27,3,N,nb19,1930,1.858,1.755,1,1
10,2,27,3,N,nb20,1930,0.612,-1.407,2,0
10,2,27,3,N,nb21,1930,1.523,-0.117,3,0
10,2,27,3,N,nb22,1930,1.51,0.052,4,1
10,2,27,3,N,nb23,1930,0.614,-1.576,3,0
10,2,27,3,N,nb24,1930,0.746,-1.847,2,1
10,2,27,3,N,nb25,1930,0.954,-1.528,4,1
10,2,27,3,N,nb26,1930,1.866,1.36,1,1
10,2,27,3,N,nb27,1930,1.28,-1.865,1,1
10,2,27,3,N,nb28,1930,-1.839,-0.834,1,1
10,2,27,3,N,nb29,1930,1.37,-0.043,3,0
10,2,27,3,A,aa0,1930,0.568,1.81,0,0
10,2,27,3,A,aa1,1930,1.145,0.003,1,0
10,2,27,3,A,aa2,1930,0.431,1.694,0,0
10,2,27,3,N,nb0,1935,0.219,0.81,0,0
10,2,27,3,N,nb1,1935,0.801,-1.61,4,1
10,2,27,3,N,nb2,1935,-1.452,-1.035,1,1
10,2,27,3,N,nb3,1935,1.825,0.278,2,1
10,2,27,3,N,nb4,1935,0.809,-1.44,5,1
10,2,27,3,N,nb5,1935,-1.6,-0.955,2,1
10,2,27,3,N,nb6,1935,1.82,0.109,2,1
10,2,27,3,N,nb7,1935,-1.622,-0.738,2,1
10,2,27,3,N,nb8,1935,1.385,0.174,2,1
10,2,27,3,N,nb9,1935,1.421,0.504,1,1
10,2,27,3,N,nb10,1935,1.866,1.53,2,1
10,2,27,3,N,nb11,1935,1.612,0.644,2,1
10,2,27,3,N,nb12,1935,1.021,-1.865,1,1
10,2,27,3,N,nb13,1935,0.889,-1.29,3,1
10,2,27,3,N,nb14,1935,1.095,-1.713,3,1
10,2,27,3,N,nb15,1935,0.93,-1.124,1,1
10,2,27,3,N,nb16,1935,1.795,0.488,2,1
10,2,27,3,N,nb17,1935,1.698,-0.011,3,1
10,2,27,3,N,nb18,1935,0.58,-1.865,1,1
10,2,27,3,N,nb19,1935,1.858,1.755,1,1
10,2,27,3,N,nb20,1935,0.612,-1.407,2,1
10,2,27,3,N,nb21,1935,1.561,-0.11,3,1
10,2,27,3,N,nb22,1935,1.51,0.052,4,1
10,2,27,3,N,nb23,1935,0.614,-1.576,3,1
10,2,27,3,N,nb24,1935,0.746,-1.847,2,1
10,2,27,3,N,nb25,1935,0.954,-1.528,4,1
10,2,27,3,N,nb26,1935,1.866,1.36,1,1
10,2,27,3,N,nb27,1935,1.28,-1.865,1,1
10,2,27,3,N,nb28,1935,-1.839,-0.834,1,1
10,2,27,3,N,nb29,1935,1.395,-0.073,3,1
10,2,27,3,A,aa0,1935,0.664,1.793,0,0
10,2,27,3,A,aa1,1935,1.132,0.097,3,1
10,2,27,3,A,aa2,1935,0.513,1.657,0,0
10,2,27,3,N,nb0,1940,0.177,0.901,0,0
10,2,27,3,N,nb1,1940,0.801,-1.61,4,1
10,2,27,3,N,nb2,1940,-1.452,-1.035,1,0
10,2,27,3,N,nb3,1940,1.825,0.278,2,0
10,2,27,3,N,nb4,1940,0.809,-1.44,5,1
10,2,27,3,N,nb5,1940,-1.6,-0.955,2,0
10,2,27,3,N,nb6,1940,1.82,0.109,2,1
10,2,27,3,N,nb7,1940,-1.622,-0.738,2,0
10,2,27,3,N,nb8,1940,1.405,0.181,1,0
10,2,27,3,N,nb9,1940,1.458,0.538,1,0
10,2,27,3,N,nb10,1940,1.866,1.53,2,1
10,2,27,3,N,nb11,1940,1.612,0.644,2,1
10,2,27,3,N,nb12,1940,1.021,-1.865,1,1
10,2,27,3,N,nb13,1940,0.889,-1.29,3,1
10,2,27,3,N,nb14,1940,1.095,-1.713,3,1
10,2,27,3,N,nb15,1940,0.93,-1.124,1,1
10,2,27,3,N,nb16,1940,1.795,0.488,2,0
10,2,27,3,N,nb17,1940,1.698,-0.011,3,1
10,2,27,3,N,nb18,1940,0.58,-1.865,1,1
10,2,27,3,N,nb19,1940,1.858,1.755,1,1
10,2,27,3,N,nb20,1940,0.612,-1.407,2,1
10,2,27,3,N,nb21,1940,1.561,-0.11,3,1
10,2,27,3,N,nb22,1940,1.532,0.071,4,0
10,2,27,3,N,nb23,1940,0.614,-1.576,3,1
10,2,27,3,N,nb24,1940,0.746,-1.847,2,1
10,2,27,3,N,nb25,1940,0.954,-1.528,4,1
10,2,27,3,N,nb26,1940,1.866,1.36,1,1
10,2,27,3,N,nb27,1940,1.28,-1.865,1,1
10,2,27,3,N,nb28,1940,-1.839,-0.834,1,1
10,2,27,3,N,nb29,1940,1.393,-0.084,2,0
10,2,27,3,A,aa0,1940,0.763,1.778,0,0
10,2,27,3,A,aa1,1940,1.115,0.172,0,0
10,2,27,3,A,aa2,1940,0.59,1.608,0,0
10,2,27,3,N,nb0,1945,0.135,0.991,0,0
10,2,27,3,N,nb1,1945,0.801,-1.61,4,1
10,2,27,3,N,nb2,1945,-1.452,-1.035,1,1
10,2,27,3,N,nb3,1945,1.825,0.278,2,1
10,2,27,3,N,nb4,1945,0.809,-1.44,5,1
10,2,27,3,N,nb5,1945,-1.6,-0.955,2,1
10,2,27,3,N,nb6,1945,1.82,0.109,3,1
10,2,27,3,N,nb7,1945,-1.622,-0.738,2,1
10,2,27,3,N,nb8,1945,1.437,0.204,1,0
10,2,27,3,N,nb9,1945,1.493,0.574,1,0
10,2,27,3,N,nb10,1945,1.866,1.53,2,1
10,2,27,3,N,nb11,1945,1.629,0.675,2,1
10,2,27,3,N,nb12,1945,1.021,-1.865,1,1
10,2,27,3,N,nb13,1945,0.889,-1.29,3,1
10,2,27,3,N,nb14,1945,1.095,-1.713,3,1
10,2,27,3,N,nb15,1945,0.93,-1.124,1,0
10,2,27,3,N,nb16,1945,1.795,0.488,2,1
10,2,27,3,N,nb17,1945,1.698,-0.011,3,1
10,2,27,3,N,nb18,1945,0.58,-1.865,1,1
10,2,27,3,N,nb19,1945,1.858,1.755,1,1
10,2,27,3,N,nb20,1945,0.612,-1.407,2,1
10,2,27,3,N,nb21,1945,1.561,-0.11,3,1
10,2,27,3,N,nb22,1945,1.575,0.108,4,0
10,2,27,3,N,nb23,1945,0.614,-1.576,3,1
10,2,27,3,N,nb24,1945,0.746,-1.847,2,1
10,2,27,3,N,nb25,1945,0.954,-1.528,4,1
10,2,27,3,N,nb26,1945,1.866,1.36,1,1
10,2,27,3,N,nb27,1945,1.28,-1.865,1,1
10,2,27,3,N,nb28,1945,-1.839,-0.834,1,1
10,2,27,3,N,nb29,1945,1.391,-0.128,1,0
10,2,27,3,A,aa0,1945,0.857,1.762,0,0
10,2,27,3,A,aa1,1945,1.115,0.172,1,0
10,2,27,3,A,aa2,1945,0.663,1.548,0,0
10,2,27,3,N,nb0,1950,0.093,1.082,0,0
10,2,27,3,N,nb1,1950,0.801,-1.61,4,1
10,2,27,3,N,nb2,1950,-1.452,-1.035,1,1
10,2,27,3,N,nb3,1950,1.825,0.278,2,1
10,2,27,3,N,nb4,1950,0.809,-1.44,5,1
10,2,27,3,N,nb5,1950,-1.6,-0.955,2,1
10,2,27,3,N,nb6,1950,1.82,0.109,3,1
10,2,27,3,N,nb7,1950,-1.622,-0.738,2,1
10,2,27,3,N,nb8,1950,1.449,0.219,1,0
10,2,27,3,N,nb9,1950,1.502,0.588,1,1
10,2,27,3,N,nb10,1950,1.866,1.53,2,1
10,2,27,3,N,nb11,1950,1.637,0.69,1,1
10,2,27,3,N,nb12,1950,1.021,-1.865,1,1
10,2,27,3,N,nb13,1950,0.889,-1.29,3,1
10,2,27,3,N,nb14,1950,1.095,-1.713,3,1
10,2,27,3,N,nb15,1950,0.93,-1.124,1,1
10,2,27,3,N,nb16,1950,1.795,0.488,1,1
10,2,27,3,N,nb17,1950,1.698,-0.011,3,1
10,2,27,3,N,nb18,1950,0.58,-1.865,1,1
10,2,27,3,N,nb19,1950,1.858,1.755,1,1
10,2,27,3,N,nb20,1950,0.612,-1.407,2,1
10,2,27,3,N,nb21,1950,1.561,-0.11,3,1
10,2,27,3,N,nb22,1950,1.592,0.13,4,1
10,2,27,3,N,nb23,1950,0.614,-1.576,3,1
10,2,27,3,N,nb24,1950,0.746,-1.847,2,1
10,2,27,3,N,nb25,1950,0.954,-1.528,4,1
10,2,27,3,N,nb26,1950,1.866,1.36,1,1
10,2,27,3,N,nb27,1950,1.28,-1.865,1,1
10,2,27,3,N,nb28,1950,-1.839,-0.834,1,1
10,2,27,3,N,nb29,1950,1.398,-0.158,1,0
10,2,27,3,A,aa0,1950,0.955,1.741,0,0
10,2,27,3,A,aa1,1950,1.042,0.195,2,0
10,2,27,3,A,aa2,1950,0.738,1.482,0,0
10,2,27,3,N,nb0,1955,0.052,1.173,0,0
10,2,27,3,N,nb1,1955,0.801,-1.61,4,1
10,2,27,3,N,nb2,1955,-1.452,-1.035,1,1
10,2,27,3,N,nb3,1955,1.825,0.278,2,1
10,2,27,3,N,nb4,1955,0.809,-1.44,5,1
10,2,27,3,N,nb5,1955,-1.6,-0.955,2,1
10,2,27,3,N,nb6,1955,1.82,0.109,3,1
10,2,27,3,N,nb7,1955,-1.622,-0.738,2,1
10,2,27,3,N,nb8,1955,1.448,0.216,1,0
10,2,27,3,N,nb9,1955,1.502,0.588,1,1
10,2,27,3,N,nb10,1955,1.866,1.53,2,0
10,2,27,3,N,nb11,1955,1.637,0.69,1,1
10,2,27,3,N,nb12,1955,1.021,-1.865,1,1
10,2,27,3,N,nb13,1955,0.889,-1.29,3,1
10,2,27,3,N,nb14,1955,1.095,-1.713,3,1
10,2,27,3,N,nb15,1955,0.93,-1.124,1,1
10,2,27,3,N,nb16,1955,1.795,0.488,1,1
10,2,27,3,N,nb17,1955,1.698,-0.011,3,1
10,2,27,3,N,nb18,1955,0.58,-1.865,1,1
10,2,27,3,N,nb19,1955,1.858,1.755,1,0
10,2,27,3,N,nb20,1955,0.612,-1.407,2,1
10,2,27,3,N,nb21,1955,1.561,-0.11,3,1
10,2,27,3,N,nb22,1955,1.593,0.13,4,1
10,2,27,3,N,nb23,1955,0.614,-1.576,3,1
10,2,27,3,N,nb24,1955,0.746,-1.847,2,1
10,2,27,3,N,nb25,1955,0.954,-1.528,4,1
10,2,27,3,N,nb26,1955,1.866,1.36,1,0
10,2,27,3,N,nb27,1955,1.28,-1.865,1,1
10,2,27,3,N,nb28,1955,-1.839,-0.834,1,1
10,2,27,3,N,nb29,1955,1.424,-0.223,1,0
10,2,27,3,A,aa0,1955,1.053,1.719,0,0
10,2,27,3,A,aa1,1955,1.039,0.196,0,0
10,2,27,3,A,aa2,1955,0.814,1.417,0,0
10,2,27,3,N,nb0,1960,0.01,1.264,0,0
10,2,27,3,N,nb1,1960,0.801,-1.61,4,1
10,2,27,3,N,nb2,1960,-1.452,-1.035,1,1
10,2,27,3,N,nb3,1960,1.825,0.278,2,1
10,2,27,3,N,nb4,1960,0.809,-1.44,5,1
10,2,27,3,N,nb5,1960,-1.6,-0.955,2,1
10,2,27,3,N,nb6,1960,1.82,0.109,3,1
10,2,27,3,N,nb7,1960,-1.622,-0.738,2,1
10,2,27,3,N,nb8,1960,1.455,0.227,1,0
10,2,27,3,N,nb9,1960,1.502,0.588,1,1
10,2,27,3,N,nb10,1960,1.866,1.53,2,1
10,2,27,3,N,nb11,1960,1.637,0.69,1,1
10,2,27,3,N,nb12,1960,1.021,-1.865,1,1
10,2,27,3,N,nb13,1960,0.889,-1.29,3,1
10,2,27,3,N,nb14,1960,1.095,-1.713,3,1
10,2,27,3,N,nb15,1960,0.93,-1.124,1,1
10,2,27,3,N,nb16,1960,1.795,0.488,1,1
10,2,27,3,N,nb17,1960,1.698,-0.011,3,1
10,2,27,3,N,nb18,1960,0.58,-1.865,1,1
10,2,27,3,N,nb19,1960,1.858,1.755,1,1
10,2,27,3,N,nb20,1960,0.612,-1.407,2,1
10,2,27,3,N,nb21,1960,1.561,-0.11,3,1
10,2,27,3,N,nb22,1960,1.593,0.13,4,1
10,2,27,3,N,nb23,1960,0.614,-1.576,3,1
10,2,27,3,N,nb24,1960,0.746,-1.847,2,1
10,2,27,3,N,nb25,1960,0.954,-1.528,4,1
10,2,27,3,N,nb26,1960,1.866,1.36,1,1
10,2,27,3,N,nb27,1960,1.28,-1.865,1,1
10,2,27,3,N,nb28,1960,-1.839,-0.834,1,1
10,2,27,3,N,nb29,1960,1.454,-0.313,1,0
10,2,27,3,A,aa0,1960,1.15,1.698,0,0
10,2,27,3,A,aa1,1960,1.014,0.168,1,0
10,2,27,3,A,aa2,1960,0.889,1.351,0,0
10,2,27,3,N,nb0,1965,-0.032,1.355,0,0
10,2,27,3,N,nb1,1965,0.801,-1.61,4,1
10,2,27,3,N,nb2,1965,-1.452,-1.035,1,1
10,2,27,3,N,nb3,1965,1.825,0.278,2,1
10,2,27,3,N,nb4,1965,0.809,-1.44,5,1
10,2,27,3,N,nb5,1965,-1.6,-0.955,2,1
10,2,27,3,N,nb6,1965,1.82,0.109,3,1
10,2,27,3,N,nb7,1965,-1.622,-0.738,2,1
10,2,27,3,N,nb8,1965,1.459,0.233,1,1
10,2,27,3,N,nb9,1965,1.502,0.588,1,1
10,2,27,3,N,nb10,1965,1.866,1.53,2,1
10,2,27,3,N,nb11,1965,1.637,0.69,1,1
10,2,27,3,N,nb12,1965,1.021,-1.865,1,1
10,2,27,3,N,nb13,1965,0.889,-1.29,3,1
10,2,27,3,N,nb14,1965,1.095,-1.713,3,1
10,2,27,3,N,nb15,1965,0.93,-1.124,1,1
10,2,27,3,N,nb16,1965,1.795,0.488,1,1
10,2,27,3,N,nb17,1965,1.698,-0.011,3,1
10,2,27,3,N,nb18,1965,0.58,-1.865,1,1
10,2,27,3,N,nb19,1965,1.858,1.755,1,1
10,2,27,3,N,nb20,1965,0.612,-1.407,2,1
10,2,27,3,N,nb21,1965,1.561,-0.11,3,1
10,2,27,3,N,nb22,1965,1.593,0.13,4,1
10,2,27,3,N,nb23,1965,0.614,-1.576,3,1
10,2,27,3,N,nb24,1965,0.746,-1.847,2,1
10,2,27,3,N,nb25,1965,0.954,-1.528,4,1
10,2,27,3,N,nb26,1965,1.866,1.36,1,1
10,2,27,3,N,nb27,1965,1.28,-1.865,1,1
10,2,27,3,N,nb28,1965,-1.839,-0.834,1,1
10,2,27,3,N,nb29,1965,1.46,-0.334,1,1
10,2,27,3,A,aa0,1965,1.232,1.68,0,0
10,2,27,3,A,aa1,1965,0.948,0.094,1,0
10,2,27,3,A,aa2,1965,0.937,1.309,0,0
10,2,27,3,N,nb0,1970,-0.074,1.446,0,0
10,2,27,3,N,nb1,1970,0.801,-1.61,4,1
10,2,27,3,N,nb2,1970,-1.452,-1.035,1,1
10,2,27,3,N,nb3,1970,1.825,0.278,2,1
10,2,27,3,N,nb4,1970,0.809,-1.44,5,1
10,2,27,3,N,nb5,1970,-1.6,-0.955,2,1
10,2,27,3,N,nb6,1970,1.82,0.109,3,1
10,2,27,3,N,nb7,1970,-1.622,-0.738,2,1
10,2,27,3,N,nb8,1970,1.459,0.233,1,1
10,2,27,3,N,nb9,1970,1.502,0.588,1,1
10,2,27,3,N,nb10,1970,1.866,1.53,2,1
10,2,27,3,N,nb11,1970,1.637,0.69,1,1
10,2,27,3,N,nb12,1970,1.021,-1.865,1,1
10,2,27,3,N,nb13,1970,0.889,-1.29,3,1
10,2,27,3,N,nb14,1970,1.095,-1.713,3,1
10,2,27,3,N,nb15,1970,0.93,-1.124,1,1
10,2,27,3,N,nb16,1970,1.795,0.488,1,1
10,2,27,3,N,nb17,1970,1.698,-0.011,3,1
10,2,27,3,N,nb18,1970,0.58,-1.865,1,1
10,2,27,3,N,nb19,1970,1.858,1.755,1,1
10,2,27,3,N,nb20,1970,0.612,-1.407,2,1
10,2,27,3,N,nb21,1970,1.561,-0.11,3,1
10,2,27,3,N,nb22,1970,1.593,0.13,4,1
10,2,27,3,N,nb23,1970,0.614,-1.576,3,1
10,2,27,3,N,nb24,1970,0.746,-1.847,2,1
10,2,27,3,N,nb25,1970,0.954,-1.528,4,1
10,2,27,3,N,nb26,1970,1.866,1.36,1,1
10,2,27,3,N,nb27,1970,1.28,-1.865,1,1
10,2,27,3,N,nb28,1970,-1.839,-0.834,1,1
10,2,27,3,N,nb29,1970,1.46,-0.334,1,1
10,2,27,3,A,aa0,1970,1.232,1.68,0,0
10,2,27,3,A,aa1,1970,0.882,0.019,0,0
10,2,27,3,A,aa2,1970,0.973,1.309,0,0
10,2,27,3,N,nb0,1975,-0.116,1.536,0,0
10,2,27,3,N,nb1,1975,0.801,-1.61,4,1
10,2,27,3,N,nb2,1975,-1.452,-1.035,1,1
10,2,27,3,N,nb3,1975,1.825,0.278,2,1
10,2,27,3,N,nb4,1975,0.809,-1.44,5,1
10,2,27,3,N,nb5,1975,-1.6,-0.955,2,1
10,2,27,3,N,nb6,1975,1.82,0.109,3,1
10,2,27,3,N,nb7,1975,-1.622,-0.738,2,1
10,2,27,3,N,nb8,1975,1.459,0.233,1,1
10,2,27,3,N,nb9,1975,1.502,0.588,1,1
10,2,27,3,N,nb10,1975,1.866,1.53,2,1
10,2,27,3,N,nb11,1975,1.637,0.69,1,1
10,2,27,3,N,nb12,1975,1.021,-1.865,1,1
10,2,27,3,N,nb13,1975,0.889,-1.29,3,1
10,2,27,3,N,nb14,1975,1.095,-1.713,3,1
10,2,27,3,N,nb15,1975,0.93,-1.124,1,1
10,2,27,3,N,nb16,1975,1.795,0.488,1,1
10,2,27,3,N,nb17,1975,1.698,-0.011,3,1
10,2,27,3,N,nb18,1975,0.58,-1.865,1,1
10,2,27,3,N,nb19,1975,1.858,1.755,1,1
10,2,27,3,N,nb20,1975,0.612,-1.407,2,1
10,2,27,3,N,nb21,1975,1.561,-0.11,3,1
10,2,27,3,N,nb22,1975,1.593,0.13,4,1
10,2,27,3,N,nb23,1975,0.614,-1.576,3,1
10,2,27,3,N,nb24,1975,0.746,-1.847,2,1
10,2,27,3,N,nb25,1975,0.954,-1.528,4,1
10,2,27,3,N,nb26,1975,1.866,1.36,1,1
10,2,27,3,N,nb27,1975,1.28,-1.865,1,1
10,2,27,3,N,nb28,1975,-1.839,-0.834,1,1
10,2,27,3,N,nb29,1975,1.46,-0.334,1,1
10,2,27,3,A,aa0,1975,1.309,1.738,2,0
10,2,27,3,A,aa1,1975,0.88,0.016,0,0
10,2,27,3,A,aa2,1975,1.073,1.308,0,0
10,2,27,3,N,nb0,1980,-0.157,1.627,0,0
10,2,27,3,N,nb1,1980,0.801,-1.61,4,1
10,2,27,3,N,nb2,1980,-1.452,-1.035,1,1
10,2,27,3,N,nb3,1980,1.825,0.278,2,1
10,2,27,3,N,nb4,1980,0.809,-1.44,5,1
10,2,27,3,N,nb5,1980,-1.6,-0.955,2,1
10,2,27,3,N,nb6,1980,1.82,0.109,3,1
10,2,27,3,N,nb7,1980,-1.622,-0.738,2,1
10,2,27,3,N,nb8,1980,1.459,0.233,1,1
10,2,27,3,N,nb9,1980,1.502,0.588,1,1
10,2,27,3,N,nb10,1980,1.866,1.53,2,1
10,2,27,3,N,nb11,1980,1.637,0.69,1,1
10,2,27,3,N,nb12,1980,1.021,-1.865,1,1
10,2,27,3,N,nb13,1980,0.889,-1.29,3,1
10,2,27,3,N,nb14,1980,1.095,-1.713,3,1
10,2,27,3,N,nb15,1980,0.93,-1.124,1,1
10,2,27,3,N,nb16,1980,1.795,0.488,1,1
10,2,27,3,N,nb17,1980,1.698,-0.011,3,1
10,2,27,3,N,nb18,1980,0.58,-1.865,1,1
10,2,27,3,N,nb19,1980,1.858,1.755,1,1
10,2,27,3,N,nb20,1980,0.612,-1.407,2,1
10,2,27,3,N,nb21,1980,1.561,-0.11,3,1
10,2,27,3,N,nb22,1980,1.593,0.13,4,1
10,2,27,3,N,nb23,1980,0.614,-1.576,3,1
10,2,27,3,N,nb24,1980,0.746,-1.847,2,1
10,2,27,3,N,nb25,1980,0.954,-1.528,4,1
10,2,27,3,N,nb26,1980,1.866,1.36,1,1
10,2,27,3,N,nb27,1980,1.28,-1.865,1,1
10,2,27,3,N,nb28,1980,-1.839,-0.834,1,1
10,2,27,3,N,nb29,1980,1.46,-0.334,1,1
10,2,27,3,A,aa0,1980,1.386,1.795,2,0
10,2,27,3,A,aa1,1980,0.895,-0.038,0,0
10,2,27,3,A,aa2,1980,1.173,1.308,0,0
10,2,27,3,N,nb0,1985,-0.199,1.718,0,0
10,2,27,3,N,nb1,1985,0.801,-1.61,4,1
10,2,27,3,N,nb2,1985,-1.452,-1.035,1,1
10,2,27,3,N,nb3,1985,1.825,0.278,2,1
10,2,27,3,N,nb4,1985,0.809,-1.44,5,1
10,2,27,3,N,nb5,1985,-1.6,-0.955,2,1
10,2,27,3,N,nb6,1985,1.82,0.109,3,1
10,2,27,3,N,nb7,1985,-1.622,-0.738,2,1
10,2,27,3,N,nb8,1985,1.459,0.233,1,1
10,2,27,3,N,nb9,1985,1.502,0.588,1,1
10,2,27,3,N,nb10,1985,1.866,1.53,2,1
10,2,27,3,N,nb11,1985,1.637,0.69,1,1
10,2,27,3,N,nb12,1985,1.021,-1.865,1,1
10,2,27,3,N,nb13,1985,0.889,-1.29,3,1
10,2,27,3,N,nb14,1985,1.095,-1.713,3,1
10,2,27,3,N,nb15,1985,0.93,-1.124,1,1
10,2,27,3,N,nb16,1985,1.795,0.488,1,1
10,2,27,3,N,nb17,1985,1.698,-0.011,3,1
10,2,27,3,N,nb18,1985,0.58,-1.865,1,1
10,2,27,3,N,nb19,1985,1.858,1.755,1,1
10,2,27,3,N,nb20,1985,0.612,-1.407,2,1
10,2,27,3,N,nb21,1985,1.561,-0.11,3,1
10,2,27,3,N,nb22,1985,1.593,0.13,4,1
10,2,27,3,N,nb23,1985,0.614,-1.576,3,1
10,2,27,3,N,nb24,1985,0.746,-1.847,2,1
10,2,27,3,N,nb25,1985,0.954,-1.528,4,1
10,2,27,3,N,nb26,1985,1.866,1.36,1,1
10,2,27,3,N,nb27,1985,1.28,-1.865,1,1
10,2,27,3,N,nb28,1985,-1.839,-0.834,1,1
10,2,27,3,N,nb29,1985,1.46,-0.334,1,1
10,2,27,3,A,aa0,1985,1.464,1.839,2,0
10,2,27,3,A,aa1,1985,0.922,-0.135,1,0
10,2,27,3,A,aa2,1985,1.273,1.307,1,0
10,2,27,3,N,nb0,1990,-0.239,1.804,0,0
10,2,27,3,N,nb1,1990,0.801,-1.61,4,1
10,2,27,3,N,nb2,1990,-1.452,-1.035,1,1
10,2,27,3,N,nb3,1990,1.825,0.278,2,1
10,2,27,3,N,nb4,1990,0.809,-1.44,5,1
10,2,27,3,N,nb5,1990,-1.6,-0.955,2,1
10,2,27,3,N,nb6,1990,1.82,0.109,3,1
10,2,27,3,N,nb7,1990,-1.622,-0.738,2,1
10,2,27,3,N,nb8,1990,1.459,0.233,1,1
10,2,27,3,N,nb9,1990,1.502,0.588,1,1
10,2,27,3,N,nb10,1990,1.866,1.53,2,1
10,2,27,3,N,nb11,1990,1.637,0.69,1,1
10,2,27,3,N,nb12,1990,1.021,-1.865,1,1
10,2,27,3,N,nb13,1990,0.889,-1.29,3,1
10,2,27,3,N,nb14,1990,1.095,-1.713,3,1
10,2,27,3,N,nb15,1990,0.93,-1.124,1,1
10,2,27,3,N,nb16,1990,1.795,0.488,1,1
10,2,27,3,N,nb17,1990,1.698,-0.011,3,1
10,2,27,3,N,nb18,1990,0.58,-1.865,1,1
10,2,27,3,N,nb19,1990,1.858,1.755,1,1
10,2,27,3,N,nb20,1990,0.612,-1.407,2,1
10,2,27,3,N,nb21,1990,1.561,-0.11,3,1
10,2,27,3,N,nb22,1990,1.593,0.13,4,1
10,2,27,3,N,nb23,1990,0.614,-1.576,3,1
10,2,27,3,N,nb24,1990,0.746,-1.847,2,1
10,2,27,3,N,nb25,1990,0.954,-1.528,4,1
10,2,27,3,N,nb26,1990,1.866,1.36,1,1
10,2,27,3,N,nb27,1990,1.28,-1.865,1,1
10,2,27,3,N,nb28,1990,-1.839,-0.834,1,1
10,2,27,3,N,nb29,1990,1.46,-0.334,1,1
10,2,27,3,A,aa0,1990,1.547,1.866,3,1
10,2,27,3,A,aa1,1990,0.949,-0.231,1,0
10,2,27,3,A,aa2,1990,1.373,1.307,2,0
10,2,27,3,N,nb0,1995,-0.286,1.866,0,0
10,2,27,3,N,nb1,1995,0.801,-1.61,4,1
10,2,27,3,N,nb2,1995,-1.452,-1.035,1,1
10,2,27,3,N,nb3,1995,1.825,0.278,2,1
10,2,27,3,N,nb4,1995,0.809,-1.44,5,1
10,2,27,3,N,nb5,1995,-1.6,-0.955,2,1
10,2,27,3,N,nb6,1995,1.82,0.109,3,1
10,2,27,3,N,nb7,1995,-1.622,-0.738,2,1
10,2,27,3,N,nb8,1995,1.459,0.233,1,1
10,2,27,3,N,nb9,1995,1.502,0.588,1,1
10,2,27,3,N,nb10,1995,1.866,1.574,2,0
10,2,27,3,N,nb11,1995,1.637,0.69,1,1
10,2,27,3,N,nb12,1995,1.021,-1.865,1,1
10,2,27,3,N,nb13,1995,0.889,-1.29,3,1
10,2,27,3,N,nb14,1995,1.095,-1.713,3,1
10,2,27,3,N,nb15,1995,0.93,-1.124,1,1
10,2,27,3,N,nb16,1995,1.795,0.488,1,1
10,2,27,3,N,nb17,1995,1.698,-0.011,3,1
10,2,27,3,N,nb18,1995,0.58,-1.865,1,1
10,2,27,3,N,nb19,1995,1.85,1.807,1,0
10,2,27,3,N,nb20,1995,0.612,-1.407,2,1
10,2,27,3,N,nb21,1995,1.561,-0.11,3,1
10,2,27,3,N,nb22,1995,1.593,0.13,4,1
10,2,27,3,N,nb23,1995,0.614,-1.576,3,1
10,2,27,3,N,nb24,1995,0.746,-1.847,2,1
10,2,27,3,N,nb25,1995,0.954,-1.528,4,1
10,2,27,3,N,nb26,1995,1.866,1.404,1,0
10,2,27,3,N,nb27,1995,1.28,-1.865,1,1
10,2,27,3,N,nb28,1995,-1.839,-0.834,1,1
10,2,27,3,N,nb29,1995,1.46,-0.334,1,1
10,2,27,3,A,aa0,1995,1.634,1.866,0,0
10,2,27,3,A,aa1,1995,0.977,-0.327,1,0
10,2,27,3,A,aa2,1995,1.473,1.306,0,0
10,2,27,3,N,nb0,2000,-0.341,1.866,0,0
10,2,27,3,N,nb1,2000,0.801,-1.61,4,1
10,2,27,3,N,nb2,2000,-1.452,-1.035,1,1
10,2,27,3,N,nb3,2000,1.825,0.278,2,1
10,2,27,3,N,nb4,2000,0.809,-1.44,5,1
10,2,27,3,N,nb5,2000,-1.6,-0.955,2,1
10,2,27,3,N,nb6,2000,1.82,0.109,3,1
10,2,27,3,N,nb7,2000,-1.622,-0.738,2,1
10,2,27,3,N,nb8,2000,1.459,0.233,1,1
10,2,27,3,N,nb9,2000,1.502,0.588,1,1
10,2,27,3,N,nb10,2000,1.866,1.661,2,0
10,2,27,3,N,nb11,2000,1.637,0.69,1,1
10,2,27,3,N,nb12,2000,1.021,-1.865,1,1
10,2,27,3,N,nb13,2000,0.889,-1.29,3,1
10,2,27,3,N,nb14,2000,1.095,-1.713,3,1
10,2,27,3,N,nb15,2000,0.93,-1.124,1,1
10,2,27,3,N,nb16,2000,1.795,0.488,1,1
10,2,27,3,N,nb17,2000,1.698,-0.011,3,1
10,2,27,3,N,nb18,2000,0.58,-1.865,1,1
10,2,27,3,N,nb19,2000,1.866,1.865,1,0
10,2,27,3,N,nb20,2000,0.612,-1.407,2,1
10,2,27,3,N,nb21,2000,1.561,-0.11,3,1
10,2,27,3,N,nb22,2000,1.593,0.13,4,1
10,2,27,3,N,nb23,2000,0.614,-1.576,3,1
10,2,27,3,N,nb24,2000,0.746,-1.847,2,1
10,2,27,3,N,nb25,2000,0.954,-1.528,4,1
10,2,27,3,N,nb26,2000,1.865,1.491,1,0
10,2,27,3,N,nb27,2000,1.28,-1.865,1,1
10,2,27,3,N,nb28,2000,-1.839,-0.834,1,1
10,2,27,3,N,nb29,2000,1.46,-0.334,1,1
10,2,27,3,A,aa0,2000,1.697,1.865,0,0
10,2,27,3,A,aa1,2000,1.004,-0.423,1,0
10,2,27,3,A,aa2,2000,1.573,1.306,0,0
