anti_pct,rep,n_normal,n_anti,role,robot_id,tick,x,y,metric_c,metric_f
10,3,27,3,N,nb0,5,0.12,1.535,1,1
10,3,27,3,N,nb1,5,0.916,-1.026,0,0
10,3,27,3,N,nb2,5,-0.552,0.77,0,0
10,3,27,3,N,nb3,5,0.387,-1.501,1,1
10,3,27,3,N,nb4,5,0.67,1.075,0,0
10,3,27,3,N,nb5,5,0.313,-1.738,1,1
10,3,27,3,N,nb6,5,-0.957,1.708,1,1
10,3,27,3,N,nb7,5,-1.29,-0.013,0,0
10,3,27,3,N,nb8,5,-1.147,1.774,1,1
10,3,27,3,N,nb9,5,-1.591,0.045,0,0
10,3,27,3,N,nb10,5,1.738,-1.402,0,0
10,3,27,3,N,nb11,5,1.444,1.576,0,0
10,3,27,3,N,nb12,5,-0.149,-1.772,1,1
10,3,27,3,N,nb13,5,-0.164,-1.595,2,1
10,3,27,3,N,nb14,5,1.304,-0.499,1,1
10,3,27,3,N,nb15,5,0.929,0.872,0,0
10,3,27,3,N,nb16,5,-0.488,0.194,1,1
10,3,27,3,N,nb17,5,1.121,-0.601,1,1
10,3,27,3,N,nb18,5,1.511,0.203,0,0
10,3,27,3,N,nb19,5,-0.885,0.169,0,0
10,3,27,3,N,nb20,5,-0.078,0.716,0,0
10,3,27,3,N,nb21,5,0.342,1.449,1,1
10,3,27,3,N,nb22,5,-1.461,-0.786,0,0
10,3,27,3,N,nb23,5,0.731,1.705,0,0
10,3,27,3,N,nb24,5,-0.404,0.021,1,1
10,3,27,3,N,nb25,5,0.152,-0.634,0,0
10,3,27,3,N,nb26,5,0.019,-1.501,1,1
10,3,27,3,N,nb27,5,1.315,0.767,0,0
10,3,27,3,N,nb28,5,-0.963,-0.575,0,0
10,3,27,3,N,nb29,5,-0.425,-0.629,0,0
10,3,27,3,A,aa0,5,-0.881,1.095,0,0
10,3,27,3,A,aa1,5,0.746,-0.95,1,0
10,3,27,3,A,aa2,5,1.394,-1.095,1,0
10,3,27,3,N,nb0,10,0.12,1.535,1,1
10,3,27,3,N,nb1,10,0.921,-1.0,0,0
10,3,27,3,N,nb2,10,-0.454,0.785,0,0
10,3,27,3,N,nb3,10,0.387,-1.501,1,1
10,3,27,3,N,nb4,10,0.727,0.993,0,0
10,3,27,3,N,nb5,10,0.313,-1.738,1,1
10,3,27,3,N,nb6,10,-0.957,1.708,1,1
10,3,27,3,N,nb7,10,-1.28,0.087,0,0
10,3,27,3,N,nb8,10,-1.147,1.774,1,1
10,3,27,3,N,nb9,10,-1.588,-0.055,0,0
10,3,27,3,N,nb10,10,1.796,-1.325,0,0
10,3,27,3,N,nb11,10,1.507,1.654,0,0
10,3,27,3,N,nb12,10,-0.149,-1.772,1,1
10,3,27,3,N,nb13,10,-0.164,-1.595,2,1
10,3,27,3,N,nb14,10,1.304,-0.499,1,1
10,3,27,3,N,nb15,10,0.909,0.774,0,0
10,3,27,3,N,nb16,10,-0.488,0.194,1,1
10,3,27,3,N,nb17,10,1.121,-0.601,1,1
10,3,27,3,N,nb18,10,1.46,0.117,0,0
10,3,27,3,N,nb19,10,-0.961,0.105,0,0
10,3,27,3,N,nb20,10,-0.143,0.791,0,0
10,3,27,3,N,nb21,10,0.342,1.449,1,1
10,3,27,3,N,nb22,10,-1.555,-0.75,0,0
10,3,27,3,N,nb23,10,0.658,1.774,0,0
10,3,27,3,N,nb24,10,-0.404,0.021,1,1
10,3,27,3,N,nb25,10,0.071,-0.575,0,0
10,3,27,3,N,nb26,10,0.019,-1.501,1,1
10,3,27,3,N,nb27,10,1.215,0.76,0,0
10,3,27,3,N,nb28,10,-1.059,-0.547,0,0
10,3,27,3,N,nb29,10,-0.369,-0.712,0,0
10,3,27,3,A,aa0,10,-0.971,1.138,1,0
10,3,27,3,A,aa1,10,0.757,-0.96,1,0
10,3,27,3,A,aa2,10,1.34,-1.127,1,0
10,3,27,3,N,nb0,15,0.12,1.535,1,1
10,3,27,3,N,nb1,15,0.923,-0.937,0,0
10,3,27,3,N,nb2,15,-0.411,0.792,1,1
10,3,27,3,N,nb3,15,0.387,-1.501,1,1
10,3,27,3,N,nb4,15,0.782,0.916,0,0
10,3,27,3,N,nb5,15,0.313,-1.738,1,1
10,3,27,3,N,nb6,15,-0.957,1.708,1,1
10,3,27,3,N,nb7,15,-1.27,0.186,0,0
10,3,27,3,N,nb8,15,-1.147,1.774,1,1
10,3,27,3,N,nb9,15,-1.584,-0.155,0,0
10,3,27,3,N,nb10,15,1.841,-1.248,0,0
10,3,27,3,N,nb11,15,1.57,1.732,0,0
10,3,27,3,N,nb12,15,-0.149,-1.772,1,1
10,3,27,3,N,nb13,15,-0.164,-1.595,2,1
10,3,27,3,N,nb14,15,1.304,-0.499,1,1
10,3,27,3,N,nb15,15,0.889,0.677,1,1
10,3,27,3,N,nb16,15,-0.488,0.194,1,1
10,3,27,3,N,nb17,15,1.121,-0.601,1,1
10,3,27,3,N,nb18,15,1.409,0.031,0,0
10,3,27,3,N,nb19,15,-1.038,0.04,0,0
10,3,27,3,N,nb20,15,-0.171,0.824,1,1
10,3,27,3,N,nb21,15,0.342,1.449,1,1
10,3,27,3,N,nb22,15,-1.648,-0.715,0,0
10,3,27,3,N,nb23,15,0.591,1.831,0,0
10,3,27,3,N,nb24,15,-0.404,0.021,1,1
10,3,27,3,N,nb25,15,-0.01,-0.516,0,0
10,3,27,3,N,nb26,15,0.019,-1.501,1,1
10,3,27,3,N,nb27,15,1.121,0.754,1,1
10,3,27,3,N,nb28,15,-1.156,-0.519,0,0
10,3,27,3,N,nb29,15,-0.314,-0.795,0,0
10,3,27,3,A,aa0,15,-1.061,1.181,2,0
10,3,27,3,A,aa1,15,0.77,-1.01,0,0
10,3,27,3,A,aa2,15,1.314,-1.178,0,0
10,3,27,3,N,nb0,20,0.12,1.535,1,1
10,3,27,3,N,nb1,20,0.899,-0.844,0,0
10,3,27,3,N,nb2,20,-0.411,0.792,1,1
10,3,27,3,N,nb3,20,0.387,-1.501,1,1
10,3,27,3,N,nb4,20,0.794,0.901,1,1
10,3,27,3,N,nb5,20,0.313,-1.738,1,1
10,3,27,3,N,nb6,20,-0.957,1.708,1,1
10,3,27,3,N,nb7,20,-1.259,0.286,0,0
10,3,27,3,N,nb8,20,-1.147,1.774,1,1
10,3,27,3,N,nb9,20,-1.581,-0.255,0,0
10,3,27,3,N,nb10,20,1.865,-1.165,0,0
10,3,27,3,N,nb11,20,1.631,1.806,0,0
10,3,27,3,N,nb12,20,-0.149,-1.772,1,1
10,3,27,3,N,nb13,20,-0.164,-1.595,2,1
10,3,27,3,N,nb14,20,1.304,-0.499,1,1
10,3,27,3,N,nb15,20,0.888,0.674,2,1
10,3,27,3,N,nb16,20,-0.488,0.194,1,1
10,3,27,3,N,nb17,20,1.121,-0.601,1,1
10,3,27,3,N,nb18,20,1.357,-0.055,0,0
10,3,27,3,N,nb19,20,-1.114,-0.025,0,0
10,3,27,3,N,nb20,20,-0.171,0.824,1,1
10,3,27,3,N,nb21,20,0.342,1.449,1,1
10,3,27,3,N,nb22,20,-1.742,-0.679,0,0
10,3,27,3,N,nb23,20,0.515,1.865,0,0
10,3,27,3,N,nb24,20,-0.404,0.021,1,1
10,3,27,3,N,nb25,20,-0.091,-0.457,0,0
10,3,27,3,N,nb26,20,0.019,-1.501,1,1
10,3,27,3,N,nb27,20,1.119,0.754,1,1
10,3,27,3,N,nb28,20,-1.252,-0.491,0,0
10,3,27,3,N,nb29,20,-0.258,-0.879,0,0
10,3,27,3,A,aa0,20,-1.152,1.224,2,0
10,3,27,3,A,aa1,20,0.813,-1.093,1,0
10,3,27,3,A,aa2,20,1.268,-1.267,0,0
10,3,27,3,N,nb0,25,0.12,1.535,1,1
10,3,27,3,N,nb1,25,0.879,-0.747,0,0
10,3,27,3,N,nb2,25,-0.411,0.792,1,1
10,3,27,3,N,nb3,25,0.387,-1.501,1,1
10,3,27,3,N,nb4,25,0.794,0.901,1,1
10,3,27,3,N,nb5,25,0.313,-1.738,1,1
10,3,27,3,N,nb6,25,-0.957,1.708,1,1
10,3,27,3,N,nb7,25,-1.249,0.385,0,0
10,3,27,3,N,nb8,25,-1.147,1.774,1,1
10,3,27,3,N,nb9,25,-1.577,-0.355,0,0
10,3,27,3,N,nb10,25,1.865,-1.079,0,0
10,3,27,3,N,nb11,25,1.694,1.865,0,0
10,3,27,3,N,nb12,25,-0.149,-1.772,1,1
10,3,27,3,N,nb13,25,-0.164,-1.595,2,1
10,3,27,3,N,nb14,25,1.304,-0.499,1,1
10,3,27,3,N,nb15,25,0.888,0.674,2,1
10,3,27,3,N,nb16,25,-0.488,0.194,1,1
10,3,27,3,N,nb17,25,1.121,-0.601,1,1
10,3,27,3,N,nb18,25,1.306,-0.141,0,0
10,3,27,3,N,nb19,25,-1.19,-0.09,0,0
10,3,27,3,N,nb20,25,-0.171,0.824,1,1
10,3,27,3,N,nb21,25,0.342,1.449,1,1
10,3,27,3,N,nb22,25,-1.827,-0.645,0,0
10,3,27,3,N,nb23,25,0.435,1.865,0,0
10,3,27,3,N,nb24,25,-0.404,0.021,1,1
10,3,27,3,N,nb25,25,-0.172,-0.399,0,0
10,3,27,3,N,nb26,25,0.019,-1.501,1,1
10,3,27,3,N,nb27,25,1.119,0.754,1,1
10,3,27,3,N,nb28,25,-1.348,-0.463,0,0
10,3,27,3,N,nb29,25,-0.203,-0.962,0,0
10,3,27,3,A,aa0,25,-1.242,1.267,2,0
10,3,27,3,A,aa1,25,0.853,-1.184,1,0
10,3,27,3,A,aa2,25,1.223,-1.356,0,0
10,3,27,3,N,nb0,30,0.12,1.535,1,1
10,3,27,3,N,nb1,30,0.86,-0.652,0,0
10,3,27,3,N,nb2,30,-0.411,0.792,1,1
10,3,27,3,N,nb3,30,0.387,-1.501,1,1
10,3,27,3,N,nb4,30,0.794,0.901,1,1
10,3,27,3,N,nb5,30,0.313,-1.738,1,1
10,3,27,3,N,nb6,30,-0.957,1.708,1,1
10,3,27,3,N,nb7,30,-1.239,0.485,0,0
10,3,27,3,N,nb8,30,-1.147,1.774,1,1
10,3,27,3,N,nb9,30,-1.576,-0.375,1,1
10,3,27,3,N,nb10,30,1.865,-0.989,0,0
10,3,27,3,N,nb11,30,1.764,1.865,0,0
10,3,27,3,N,nb12,30,-0.149,-1.772,1,1
10,3,27,3,N,nb13,30,-0.164,-1.595,2,1
10,3,27,3,N,nb14,30,1.304,-0.499,1,1
10,3,27,3,N,nb15,30,0.888,0.674,2,1
10,3,27,3,N,nb16,30,-0.488,0.194,1,1
10,3,27,3,N,nb17,30,1.121,-0.601,1,1
10,3,27,3,N,nb18,30,1.255,-0.227,0,0
10,3,27,3,N,nb19,30,-1.266,-0.154,0,0
10,3,27,3,N,nb20,30,-0.171,0.824,1,1
10,3,27,3,N,nb21,30,0.342,1.449,1,1
10,3,27,3,N,nb22,30,-1.865,-0.603,0,0
10,3,27,3,N,nb23,30,0.349,1.865,0,0
10,3,27,3,N,nb24,30,-0.404,0.021,1,1
10,3,27,3,N,nb25,30,-0.253,-0.34,0,0
10,3,27,3,N,nb26,30,0.019,-1.501,1,1
10,3,27,3,N,nb27,30,1.119,0.754,1,1
10,3,27,3,N,nb28,30,-1.367,-0.457,1,1
10,3,27,3,N,nb29,30,-0.147,-1.045,0,0
10,3,27,3,A,aa0,30,-1.332,1.31,2,0
10,3,27,3,A,aa1,30,0.894,-1.276,1,0
10,3,27,3,A,aa2,30,1.178,-1.445,0,0
10,3,27,3,N,nb0,35,0.12,1.535,1,1
10,3,27,3,N,nb1,35,0.834,-0.559,0,0
10,3,27,3,N,nb2,35,-0.411,0.792,1,1
10,3,27,3,N,nb3,35,0.387,-1.501,1,1
10,3,27,3,N,nb4,35,0.794,0.901,1,1
10,3,27,3,N,nb5,35,0.313,-1.738,1,1
10,3,27,3,N,nb6,35,-0.957,1.708,1,1
10,3,27,3,N,nb7,35,-1.229,0.584,0,0
10,3,27,3,N,nb8,35,-1.147,1.774,1,1
10,3,27,3,N,nb9,35,-1.576,-0.375,1,1
10,3,27,3,N,nb10,35,1.864,-0.897,0,0
10,3,27,3,N,nb11,35,1.842,1.865,0,0
10,3,27,3,N,nb12,35,-0.149,-1.772,1,1
10,3,27,3,N,nb13,35,-0.164,-1.595,2,1
10,3,27,3,N,nb14,35,1.304,-0.499,2,1
10,3,27,3,N,nb15,35,0.888,0.674,2,1
10,3,27,3,N,nb16,35,-0.488,0.194,1,1
10,3,27,3,N,nb17,35,1.121,-0.601,1,1
10,3,27,3,N,nb18,35,1.234,-0.262,1,1
10,3,27,3,N,nb19,35,-1.339,-0.216,1,1
10,3,27,3,N,nb20,35,-0.171,0.824,1,1
10,3,27,3,N,nb21,35,0.342,1.449,1,1
10,3,27,3,N,nb22,35,-1.865,-0.549,0,0
10,3,27,3,N,nb23,35,0.259,1.865,0,0
10,3,27,3,N,nb24,35,-0.404,0.021,1,1
10,3,27,3,N,nb25,35,-0.334,-0.281,0,0
10,3,27,3,N,nb26,35,0.019,-1.501,1,1
10,3,27,3,N,nb27,35,1.119,0.754,1,1
10,3,27,3,N,nb28,35,-1.367,-0.457,2,1
10,3,27,3,N,nb29,35,-0.092,-1.128,0,0
10,3,27,3,A,aa0,35,-1.423,1.353,2,0
10,3,27,3,A,aa1,35,0.934,-1.367,1,0
10,3,27,3,A,aa2,35,1.132,-1.534,0,0
10,3,27,3,N,nb0,40,0.12,1.535,1,1
10,3,27,3,N,nb1,40,0.805,-0.463,0,0
10,3,27,3,N,nb2,40,-0.411,0.792,1,1
10,3,27,3,N,nb3,40,0.387,-1.501,1,1
10,3,27,3,N,nb4,40,0.794,0.901,1,1
10,3,27,3,N,nb5,40,0.313,-1.738,1,1
10,3,27,3,N,nb6,40,-0.957,1.708,1,1
10,3,27,3,N,nb7,40,-1.219,0.684,0,0
10,3,27,3,N,nb8,40,-1.147,1.774,1,1
10,3,27,3,N,nb9,40,-1.576,-0.375,1,1
10,3,27,3,N,nb10,40,1.855,-0.804,0,0
10,3,27,3,N,nb11,40,1.866,1.865,0,0
10,3,27,3,N,nb12,40,-0.149,-1.772,1,1
10,3,27,3,N,nb13,40,-0.164,-1.595,2,1
10,3,27,3,N,nb14,40,1.304,-0.499,2,1
10,3,27,3,N,nb15,40,0.888,0.674,2,1
10,3,27,3,N,nb16,40,-0.488,0.194,1,1
10,3,27,3,N,nb17,40,1.121,-0.601,1,1
10,3,27,3,N,nb18,40,1.234,-0.262,1,1
10,3,27,3,N,nb19,40,-1.341,-0.217,1,1
10,3,27,3,N,nb20,40,-0.171,0.824,1,1
10,3,27,3,N,nb21,40,0.342,1.449,1,1
10,3,27,3,N,nb22,40,-1.865,-0.484,0,0
10,3,27,3,N,nb23,40,0.167,1.865,0,0
10,3,27,3,N,nb24,40,-0.404,0.021,2,1
10,3,27,3,N,nb25,40,-0.411,-0.225,1,1
10,3,27,3,N,nb26,40,0.019,-1.501,1,1
10,3,27,3,N,nb27,40,1.119,0.754,1,1
10,3,27,3,N,nb28,40,-1.367,-0.457,2,1
10,3,27,3,N,nb29,40,-0.037,-1.212,0,0
10,3,27,3,A,aa0,40,-1.513,1.396,1,0
10,3,27,3,A,aa1,40,0.964,-1.448,1,0
10,3,27,3,A,aa2,40,1.093,-1.619,0,0
10,3,27,3,N,nb0,45,0.12,1.535,1,1
10,3,27,3,N,nb1,45,0.777,-0.367,0,0
10,3,27,3,N,nb2,45,-0.411,0.792,1,1
10,3,27,3,N,nb3,45,0.387,-1.501,1,1
10,3,27,3,N,nb4,45,0.794,0.901,1,1
10,3,27,3,N,nb5,45,0.313,-1.738,1,1
10,3,27,3,N,nb6,45,-0.957,1.708,1,1
10,3,27,3,N,nb7,45,-1.209,0.783,0,0
10,3,27,3,N,nb8,45,-1.147,1.774,1,1
10,3,27,3,N,nb9,45,-1.576,-0.375,1,1
10,3,27,3,N,nb10,45,1.836,-0.713,0,0
10,3,27,3,N,nb11,45,1.866,1.865,0,0
10,3,27,3,N,nb12,45,-0.149,-1.772,1,1
10,3,27,3,N,nb13,45,-0.164,-1.595,2,1
10,3,27,3,N,nb14,45,1.304,-0.499,2,1
10,3,27,3,N,nb15,45,0.888,0.674,2,0
10,3,27,3,N,nb16,45,-0.488,0.194,1,1
10,3,27,3,N,nb17,45,1.121,-0.601,1,1
10,3,27,3,N,nb18,45,1.234,-0.262,1,1
10,3,27,3,N,nb19,45,-1.341,-0.217,1,1
10,3,27,3,N,nb20,45,-0.171,0.824,1,1
10,3,27,3,N,nb21,45,0.342,1.449,1,1
10,3,27,3,N,nb22,45,-1.865,-0.41,0,0
10,3,27,3,N,nb23,45,0.075,1.856,0,0
10,3,27,3,N,nb24,45,-0.404,0.021,2,1
10,3,27,3,N,nb25,45,-0.414,-0.223,1,1
10,3,27,3,N,nb26,45,0.019,-1.501,2,1
10,3,27,3,N,nb27,45,1.119,0.754,1,0
10,3,27,3,N,nb28,45,-1.367,-0.457,2,1
10,3,27,3,N,nb29,45,-0.003,-1.262,1,1
10,3,27,3,A,aa0,45,-1.603,1.439,1,0
10,3,27,3,A,aa1,45,0.977,-1.534,1,0
10,3,27,3,A,aa2,45,1.059,-1.709,0,0
10,3,27,3,N,nb0,50,0.12,1.535,1,1
10,3,27,3,N,nb1,50,0.748,-0.272,0,0
10,3,27,3,N,nb2,50,-0.411,0.792,1,1
10,3,27,3,N,nb3,50,0.387,-1.501,1,1
10,3,27,3,N,nb4,50,0.794,0.901,1,1
10,3,27,3,N,nb5,50,0.313,-1.738,1,1
10,3,27,3,N,nb6,50,-0.957,1.708,1,1
10,3,27,3,N,nb7,50,-1.199,0.883,0,0
10,3,27,3,N,nb8,50,-1.147,1.774,1,1
10,3,27,3,N,nb9,50,-1.576,-0.375,1,1
10,3,27,3,N,nb10,50,1.808,-0.624,0,0
10,3,27,3,N,nb11,50,1.866,1.864,0,0
10,3,27,3,N,nb12,50,-0.149,-1.772,1,1
10,3,27,3,N,nb13,50,-0.164,-1.595,2,1
10,3,27,3,N,nb14,50,1.304,-0.499,2,1
10,3,27,3,N,nb15,50,0.888,0.674,2,1
10,3,27,3,N,nb16,50,-0.488,0.194,1,1
10,3,27,3,N,nb17,50,1.121,-0.601,1,1
10,3,27,3,N,nb18,50,1.234,-0.262,1,1
10,3,27,3,N,nb19,50,-1.341,-0.217,1,1
10,3,27,3,N,nb20,50,-0.171,0.824,1,1
10,3,27,3,N,nb21,50,0.342,1.449,1,1
10,3,27,3,N,nb22,50,-1.865,-0.328,0,0
10,3,27,3,N,nb23,50,-0.016,1.838,0,0
10,3,27,3,N,nb24,50,-0.404,0.021,2,1
10,3,27,3,N,nb25,50,-0.414,-0.223,1,1
10,3,27,3,N,nb26,50,0.019,-1.501,2,1
10,3,27,3,N,nb27,50,1.119,0.754,1,1
10,3,27,3,N,nb28,50,-1.367,-0.457,2,1
10,3,27,3,N,nb29,50,-0.003,-1.262,1,1
10,3,27,3,A,aa0,50,-1.693,1.482,0,0
10,3,27,3,A,aa1,50,0.973,-1.62,1,0
10,3,27,3,A,aa2,50,1.031,-1.801,0,0
10,3,27,3,N,nb0,55,0.12,1.535,1,1
10,3,27,3,N,nb1,55,0.72,-0.176,0,0
10,3,27,3,N,nb2,55,-0.411,0.792,1,1
10,3,27,3,N,nb3,55,0.387,-1.501,1,1
10,3,27,3,N,nb4,55,0.794,0.901,1,1
10,3,27,3,N,nb5,55,0.313,-1.738,1,1
10,3,27,3,N,nb6,55,-0.957,1.708,1,1
10,3,27,3,N,nb7,55,-1.189,0.982,0,0
10,3,27,3,N,nb8,55,-1.147,1.774,1,1
10,3,27,3,N,nb9,55,-1.576,-0.375,1,1
10,3,27,3,N,nb10,55,1.772,-0.537,0,0
10,3,27,3,N,nb11,55,1.866,1.852,0,0
10,3,27,3,N,nb12,55,-0.149,-1.772,1,1
10,3,27,3,N,nb13,55,-0.164,-1.595,2,1
10,3,27,3,N,nb14,55,1.304,-0.499,2,1
10,3,27,3,N,nb15,55,0.888,0.674,2,1
10,3,27,3,N,nb16,55,-0.488,0.194,1,1
10,3,27,3,N,nb17,55,1.121,-0.601,1,1
10,3,27,3,N,nb18,55,1.234,-0.262,1,1
10,3,27,3,N,nb19,55,-1.341,-0.217,1,1
10,3,27,3,N,nb20,55,-0.171,0.824,1,1
10,3,27,3,N,nb21,55,0.342,1.449,1,1
10,3,27,3,N,nb22,55,-1.865,-0.242,0,0
10,3,27,3,N,nb23,55,-0.106,1.811,0,0
10,3,27,3,N,nb24,55,-0.404,0.021,2,1
10,3,27,3,N,nb25,55,-0.414,-0.223,1,1
10,3,27,3,N,nb26,55,0.019,-1.501,2,1
10,3,27,3,N,nb27,55,1.119,0.754,1,1
10,3,27,3,N,nb28,55,-1.367,-0.457,2,1
10,3,27,3,N,nb29,55,-0.003,-1.262,1,1
10,3,27,3,A,aa0,55,-1.782,1.523,0,0
10,3,27,3,A,aa1,55,0.952,-1.704,0,0
10,3,27,3,A,aa2,55,1.01,-1.866,0,0
10,3,27,3,N,nb0,60,0.12,1.535,1,1
10,3,27,3,N,nb1,60,0.691,-0.08,0,0
10,3,27,3,N,nb2,60,-0.411,0.792,1,1
10,3,27,3,N,nb3,60,0.387,-1.501,1,1
10,3,27,3,N,nb4,60,0.794,0.901,1,1
10,3,27,3,N,nb5,60,0.313,-1.738,1,1
10,3,27,3,N,nb6,60,-0.957,1.708,1,1
10,3,27,3,N,nb7,60,-1.179,1.082,0,0
10,3,27,3,N,nb8,60,-1.147,1.774,1,1
10,3,27,3,N,nb9,60,-1.576,-0.375,1,1
10,3,27,3,N,nb10,60,1.729,-0.448,0,0
10,3,27,3,N,nb11,60,1.866,1.827,0,0
10,3,27,3,N,nb12,60,-0.149,-1.772,1,1
10,3,27,3,N,nb13,60,-0.164,-1.595,2,1
10,3,27,3,N,nb14,60,1.304,-0.499,2,1
10,3,27,3,N,nb15,60,0.888,0.674,2,1
10,3,27,3,N,nb16,60,-0.488,0.194,1,1
10,3,27,3,N,nb17,60,1.121,-0.601,1,1
10,3,27,3,N,nb18,60,1.234,-0.262,1,1
10,3,27,3,N,nb19,60,-1.341,-0.217,1,1
10,3,27,3,N,nb20,60,-0.171,0.824,1,1
10,3,27,3,N,nb21,60,0.342,1.449,1,1
10,3,27,3,N,nb22,60,-1.865,-0.151,0,0
10,3,27,3,N,nb23,60,-0.193,1.776,0,0
10,3,27,3,N,nb24,60,-0.404,0.021,2,1
10,3,27,3,N,nb25,60,-0.414,-0.223,1,1
10,3,27,3,N,nb26,60,0.019,-1.501,2,1
10,3,27,3,N,nb27,60,1.119,0.754,1,1
10,3,27,3,N,nb28,60,-1.367,-0.457,2,1
10,3,27,3,N,nb29,60,-0.003,-1.262,1,1
10,3,27,3,A,aa0,60,-1.855,1.569,0,0
10,3,27,3,A,aa1,60,0.923,-1.713,1,0
10,3,27,3,A,aa2,60,0.993,-1.866,0,0
10,3,27,3,N,nb0,65,0.12,1.535,1,1
10,3,27,3,N,nb1,65,0.663,0.016,0,0
10,3,27,3,N,nb2,65,-0.411,0.792,1,1
10,3,27,3,N,nb3,65,0.387,-1.501,1,1
10,3,27,3,N,nb4,65,0.794,0.901,1,1
10,3,27,3,N,nb5,65,0.313,-1.738,1,1
10,3,27,3,N,nb6,65,-0.957,1.708,1,1
10,3,27,3,N,nb7,65,-1.168,1.181,0,0
10,3,27,3,N,nb8,65,-1.147,1.774,1,1
10,3,27,3,N,nb9,65,-1.576,-0.375,1,1
10,3,27,3,N,nb10,65,1.685,-0.358,0,0
10,3,27,3,N,nb11,65,1.866,1.787,0,0
10,3,27,3,N,nb12,65,-0.149,-1.772,1,1
10,3,27,3,N,nb13,65,-0.164,-1.595,2,1
10,3,27,3,N,nb14,65,1.304,-0.499,2,1
10,3,27,3,N,nb15,65,0.888,0.674,2,1
10,3,27,3,N,nb16,65,-0.488,0.194,1,1
10,3,27,3,N,nb17,65,1.121,-0.601,1,1
10,3,27,3,N,nb18,65,1.234,-0.262,1,1
10,3,27,3,N,nb19,65,-1.341,-0.217,1,0
10,3,27,3,N,nb20,65,-0.171,0.824,1,1
10,3,27,3,N,nb21,65,0.342,1.449,1,1
10,3,27,3,N,nb22,65,-1.864,-0.059,0,0
10,3,27,3,N,nb23,65,-0.281,1.733,0,0
10,3,27,3,N,nb24,65,-0.404,0.021,2,1
10,3,27,3,N,nb25,65,-0.414,-0.223,1,1
10,3,27,3,N,nb26,65,0.019,-1.501,2,1
10,3,27,3,N,nb27,65,1.119,0.754,1,1
10,3,27,3,N,nb28,65,-1.367,-0.457,2,1
10,3,27,3,N,nb29,65,-0.003,-1.262,1,1
10,3,27,3,A,aa0,65,-1.865,1.623,0,0
10,3,27,3,A,aa1,65,0.922,-1.713,1,0
10,3,27,3,A,aa2,65,0.994,-1.866,0,0
10,3,27,3,N,nb0,70,0.12,1.535,1,1
10,3,27,3,N,nb1,70,0.634,0.112,0,0
10,3,27,3,N,nb2,70,-0.411,0.792,1,1
10,3,27,3,N,nb3,70,0.387,-1.501,1,1
10,3,27,3,N,nb4,70,0.794,0.901,1,1
10,3,27,3,N,nb5,70,0.313,-1.738,1,1
10,3,27,3,N,nb6,70,-0.957,1.708,1,1
10,3,27,3,N,nb7,70,-1.158,1.281,0,0
10,3,27,3,N,nb8,70,-1.147,1.774,1,1
10,3,27,3,N,nb9,70,-1.576,-0.375,1,1
10,3,27,3,N,nb10,70,1.64,-0.269,0,0
10,3,27,3,N,nb11,70,1.866,1.735,0,0
10,3,27,3,N,nb12,70,-0.149,-1.772,1,1
10,3,27,3,N,nb13,70,-0.164,-1.595,2,1
10,3,27,3,N,nb14,70,1.304,-0.499,2,1
10,3,27,3,N,nb15,70,0.888,0.674,2,1
10,3,27,3,N,nb16,70,-0.488,0.194,1,1
10,3,27,3,N,nb17,70,1.121,-0.601,1,1
10,3,27,3,N,nb18,70,1.234,-0.262,1,1
10,3,27,3,N,nb19,70,-1.341,-0.217,1,1
10,3,27,3,N,nb20,70,-0.171,0.824,1,1
10,3,27,3,N,nb21,70,0.342,1.449,1,1
10,3,27,3,N,nb22,70,-1.853,0.033,0,0
10,3,27,3,N,nb23,70,-0.37,1.687,0,0
10,3,27,3,N,nb24,70,-0.404,0.021,2,1
10,3,27,3,N,nb25,70,-0.414,-0.223,1,0
10,3,27,3,N,nb26,70,0.019,-1.501,2,1
10,3,27,3,N,nb27,70,1.119,0.754,1,1
10,3,27,3,N,nb28,70,-1.367,-0.457,2,1
10,3,27,3,N,nb29,70,-0.003,-1.262,1,1
10,3,27,3,A,aa0,70,-1.865,1.689,0,0
10,3,27,3,A,aa1,70,0.932,-1.719,1,0
10,3,27,3,A,aa2,70,1.017,-1.866,0,0
10,3,27,3,N,nb0,75,0.12,1.535,1,1
10,3,27,3,N,nb1,75,0.606,0.208,0,0
10,3,27,3,N,nb2,75,-0.411,0.792,1,1
10,3,27,3,N,nb3,75,0.387,-1.501,1,1
10,3,27,3,N,nb4,75,0.794,0.901,1,1
10,3,27,3,N,nb5,75,0.313,-1.738,1,1
10,3,27,3,N,nb6,75,-0.957,1.708,1,1
10,3,27,3,N,nb7,75,-1.148,1.38,0,0
10,3,27,3,N,nb8,75,-1.147,1.774,1,1
10,3,27,3,N,nb9,75,-1.576,-0.375,1,1
10,3,27,3,N,nb10,75,1.596,-0.179,0,0
10,3,27,3,N,nb11,75,1.866,1.672,0,0
10,3,27,3,N,nb12,75,-0.149,-1.772,1,1
10,3,27,3,N,nb13,75,-0.164,-1.595,2,1
10,3,27,3,N,nb14,75,1.304,-0.499,2,1
10,3,27,3,N,nb15,75,0.888,0.674,2,1
10,3,27,3,N,nb16,75,-0.488,0.194,1,1
10,3,27,3,N,nb17,75,1.121,-0.601,1,1
10,3,27,3,N,nb18,75,1.234,-0.262,1,1
10,3,27,3,N,nb19,75,-1.341,-0.217,1,1
10,3,27,3,N,nb20,75,-0.171,0.824,1,1
10,3,27,3,N,nb21,75,0.342,1.449,1,1
10,3,27,3,N,nb22,75,-1.834,0.124,0,0
10,3,27,3,N,nb23,75,-0.459,1.642,0,0
10,3,27,3,N,nb24,75,-0.404,0.021,2,1
10,3,27,3,N,nb25,75,-0.414,-0.223,1,1
10,3,27,3,N,nb26,75,0.019,-1.501,2,1
10,3,27,3,N,nb27,75,1.119,0.754,1,1
10,3,27,3,N,nb28,75,-1.367,-0.457,2,1
10,3,27,3,N,nb29,75,-0.003,-1.262,1,1
10,3,27,3,A,aa0,75,-1.865,1.763,0,0
10,3,27,3,A,aa1,75,0.968,-1.736,0,0
10,3,27,3,A,aa2,75,1.077,-1.866,0,0
10,3,27,3,N,nb0,80,0.12,1.535,1,1
10,3,27,3,N,nb1,80,0.577,0.304,0,0
10,3,27,3,N,nb2,80,-0.411,0.792,1,1
10,3,27,3,N,nb3,80,0.387,-1.501,1,1
10,3,27,3,N,nb4,80,0.794,0.901,1,1
10,3,27,3,N,nb5,80,0.313,-1.738,1,1
10,3,27,3,N,nb6,80,-0.957,1.708,1,1
10,3,27,3,N,nb7,80,-1.138,1.48,0,0
10,3,27,3,N,nb8,80,-1.147,1.774,1,1
10,3,27,3,N,nb9,80,-1.576,-0.375,1,1
10,3,27,3,N,nb10,80,1.552,-0.089,0,0
10,3,27,3,N,nb11,80,1.866,1.599,0,0
10,3,27,3,N,nb12,80,-0.149,-1.772,1,1
10,3,27,3,N,nb13,80,-0.164,-1.595,2,1
10,3,27,3,N,nb14,80,1.304,-0.499,2,1
10,3,27,3,N,nb15,80,0.888,0.674,2,1
10,3,27,3,N,nb16,80,-0.488,0.194,1,1
10,3,27,3,N,nb17,80,1.121,-0.601,1,1
10,3,27,3,N,nb18,80,1.234,-0.262,1,1
10,3,27,3,N,nb19,80,-1.341,-0.217,1,1
10,3,27,3,N,nb20,80,-0.171,0.824,1,1
10,3,27,3,N,nb21,80,0.342,1.449,1,1
10,3,27,3,N,nb22,80,-1.805,0.213,0,0
10,3,27,3,N,nb23,80,-0.548,1.597,0,0
10,3,27,3,N,nb24,80,-0.404,0.021,2,1
10,3,27,3,N,nb25,80,-0.414,-0.223,1,1
10,3,27,3,N,nb26,80,0.019,-1.501,2,1
10,3,27,3,N,nb27,80,1.119,0.754,1,1
10,3,27,3,N,nb28,80,-1.367,-0.457,2,1
10,3,27,3,N,nb29,80,-0.003,-1.262,1,1
10,3,27,3,A,aa0,80,-1.865,1.845,0,0
10,3,27,3,A,aa1,80,1.023,-1.757,0,0
10,3,27,3,A,aa2,80,1.152,-1.866,0,0
10,3,27,3,N,nb0,85,0.12,1.535,1,1
10,3,27,3,N,nb1,85,0.549,0.399,0,0
10,3,27,3,N,nb2,85,-0.411,0.792,1,1
10,3,27,3,N,nb3,85,0.387,-1.501,1,1
10,3,27,3,N,nb4,85,0.794,0.901,1,1
10,3,27,3,N,nb5,85,0.313,-1.738,1,1
10,3,27,3,N,nb6,85,-0.957,1.708,2,1
10,3,27,3,N,nb7,85,-1.132,1.539,2,1
10,3,27,3,N,nb8,85,-1.147,1.774,2,1
10,3,27,3,N,nb9,85,-1.576,-0.375,1,1
10,3,27,3,N,nb10,85,1.508,0.0,0,0
10,3,27,3,N,nb11,85,1.866,1.518,0,0
10,3,27,3,N,nb12,85,-0.149,-1.772,1,1
10,3,27,3,N,nb13,85,-0.164,-1.595,2,1
10,3,27,3,N,nb14,85,1.304,-0.499,2,1
10,3,27,3,N,nb15,85,0.888,0.674,2,1
10,3,27,3,N,nb16,85,-0.488,0.194,1,1
10,3,27,3,N,nb17,85,1.121,-0.601,1,1
10,3,27,3,N,nb18,85,1.234,-0.262,1,1
10,3,27,3,N,nb19,85,-1.341,-0.217,1,1
10,3,27,3,N,nb20,85,-0.171,0.824,1,1
10,3,27,3,N,nb21,85,0.342,1.449,1,1
10,3,27,3,N,nb22,85,-1.769,0.3,0,0
10,3,27,3,N,nb23,85,-0.637,1.551,0,0
10,3,27,3,N,nb24,85,-0.404,0.021,2,1
10,3,27,3,N,nb25,85,-0.414,-0.223,1,1
10,3,27,3,N,nb26,85,0.019,-1.501,2,1
10,3,27,3,N,nb27,85,1.119,0.754,1,1
10,3,27,3,N,nb28,85,-1.367,-0.457,2,1
10,3,27,3,N,nb29,85,-0.003,-1.262,1,1
10,3,27,3,A,aa0,85,-1.865,1.866,0,0
10,3,27,3,A,aa1,85,1.093,-1.78,0,0
10,3,27,3,A,aa2,85,1.239,-1.866,0,0
10,3,27,3,N,nb0,90,0.12,1.535,1,1
10,3,27,3,N,nb1,90,0.52,0.495,0,0
10,3,27,3,N,nb2,90,-0.411,0.792,1,1
10,3,27,3,N,nb3,90,0.387,-1.501,1,1
10,3,27,3,N,nb4,90,0.794,0.901,1,1
10,3,27,3,N,nb5,90,0.313,-1.738,1,1
10,3,27,3,N,nb6,90,-0.957,1.708,2,1
10,3,27,3,N,nb7,90,-1.132,1.539,2,1
10,3,27,3,N,nb8,90,-1.147,1.774,2,1
10,3,27,3,N,nb9,90,-1.576,-0.375,1,1
10,3,27,3,N,nb10,90,1.463,0.09,0,0
10,3,27,3,N,nb11,90,1.866,1.432,0,0
10,3,27,3,N,nb12,90,-0.149,-1.772,1,1
10,3,27,3,N,nb13,90,-0.164,-1.595,2,1
10,3,27,3,N,nb14,90,1.304,-0.499,2,1
10,3,27,3,N,nb15,90,0.888,0.674,2,1
10,3,27,3,N,nb16,90,-0.488,0.194,1,1
10,3,27,3,N,nb17,90,1.121,-0.601,1,1
10,3,27,3,N,nb18,90,1.234,-0.262,1,1
10,3,27,3,N,nb19,90,-1.341,-0.217,1,1
10,3,27,3,N,nb20,90,-0.171,0.824,1,1
10,3,27,3,N,nb21,90,0.342,1.449,1,1
10,3,27,3,N,nb22,90,-1.725,0.388,0,0
10,3,27,3,N,nb23,90,-0.726,1.506,0,0
10,3,27,3,N,nb24,90,-0.404,0.021,2,1
10,3,27,3,N,nb25,90,-0.414,-0.223,1,1
10,3,27,3,N,nb26,90,0.019,-1.501,2,1
10,3,27,3,N,nb27,90,1.119,0.754,1,1
10,3,27,3,N,nb28,90,-1.367,-0.457,2,1
10,3,27,3,N,nb29,90,-0.003,-1.262,1,1
10,3,27,3,A,aa0,90,-1.865,1.866,0,0
10,3,27,3,A,aa1,90,1.168,-1.794,0,0
10,3,27,3,A,aa2,90,1.322,-1.866,0,0
10,3,27,3,N,nb0,95,0.12,1.535,1,1
10,3,27,3,N,nb1,95,0.492,0.591,0,0
10,3,27,3,N,nb2,95,-0.411,0.792,1,1
10,3,27,3,N,nb3,95,0.387,-1.501,1,1
10,3,27,3,N,nb4,95,0.794,0.901,1,1
10,3,27,3,N,nb5,95,0.313,-1.738,1,1
10,3,27,3,N,nb6,95,-0.957,1.708,2,1
10,3,27,3,N,nb7,95,-1.132,1.539,2,1
10,3,27,3,N,nb8,95,-1.147,1.774,2,1
10,3,27,3,N,nb9,95,-1.576,-0.375,1,1
10,3,27,3,N,nb10,95,1.419,0.18,0,0
10,3,27,3,N,nb11,95,1.866,1.342,0,0
10,3,27,3,N,nb12,95,-0.149,-1.772,1,1
10,3,27,3,N,nb13,95,-0.164,-1.595,2,1
10,3,27,3,N,nb14,95,1.304,-0.499,2,1
10,3,27,3,N,nb15,95,0.888,0.674,2,1
10,3,27,3,N,nb16,95,-0.488,0.194,1,1
10,3,27,3,N,nb17,95,1.121,-0.601,1,1
10,3,27,3,N,nb18,95,1.234,-0.262,1,1
10,3,27,3,N,nb19,95,-1.341,-0.217,1,1
10,3,27,3,N,nb20,95,-0.171,0.824,1,1
10,3,27,3,N,nb21,95,0.342,1.449,1,1
10,3,27,3,N,nb22,95,-1.68,0.477,0,0
10,3,27,3,N,nb23,95,-0.816,1.461,0,0
10,3,27,3,N,nb24,95,-0.404,0.021,2,1
10,3,27,3,N,nb25,95,-0.414,-0.223,1,1
10,3,27,3,N,nb26,95,0.019,-1.501,2,1
10,3,27,3,N,nb27,95,1.119,0.754,1,1
10,3,27,3,N,nb28,95,-1.367,-0.457,2,1
10,3,27,3,N,nb29,95,-0.003,-1.262,1,1
10,3,27,3,A,aa0,95,-1.861,1.866,0,0
10,3,27,3,A,aa1,95,1.256,-1.793,0,0
10,3,27,3,A,aa2,95,1.415,-1.866,0,0
10,3,27,3,N,nb0,100,0.12,1.535,1,1
10,3,27,3,N,nb1,100,0.463,0.687,0,0
10,3,27,3,N,nb2,100,-0.411,0.792,1,1
10,3,27,3,N,nb3,100,0.387,-1.501,1,1
10,3,27,3,N,nb4,100,0.794,0.901,1,1
10,3,27,3,N,nb5,100,0.313,-1.738,1,1
10,3,27,3,N,nb6,100,-0.957,1.708,2,1
10,3,27,3,N,nb7,100,-1.132,1.539,2,1
10,3,27,3,N,nb8,100,-1.147,1.774,2,1
10,3,27,3,N,nb9,100,-1.576,-0.375,1,1
10,3,27,3,N,nb10,100,1.375,0.269,0,0
10,3,27,3,N,nb11,100,1.865,1.25,0,0
10,3,27,3,N,nb12,100,-0.149,-1.772,1,1
10,3,27,3,N,nb13,100,-0.164,-1.595,2,1
10,3,27,3,N,nb14,100,1.304,-0.499,2,1
10,3,27,3,N,nb15,100,0.888,0.674,2,1
10,3,27,3,N,nb16,100,-0.488,0.194,1,1
10,3,27,3,N,nb17,100,1.121,-0.601,1,1
10,3,27,3,N,nb18,100,1.234,-0.262,1,1
10,3,27,3,N,nb19,100,-1.341,-0.217,1,1
10,3,27,3,N,nb20,100,-0.171,0.824,1,1
10,3,27,3,N,nb21,100,0.342,1.449,1,1
10,3,27,3,N,nb22,100,-1.635,0.567,0,0
10,3,27,3,N,nb23,100,-0.905,1.416,0,0
10,3,27,3,N,nb24,100,-0.404,0.021,2,1
10,3,27,3,N,nb25,100,-0.414,-0.223,1,1
10,3,27,3,N,nb26,100,0.019,-1.501,2,1
10,3,27,3,N,nb27,100,1.119,0.754,1,1
10,3,27,3,N,nb28,100,-1.367,-0.457,2,1
10,3,27,3,N,nb29,100,-0.003,-1.262,1,1
10,3,27,3,A,aa0,100,-1.844,1.866,0,0
10,3,27,3,A,aa1,100,1.342,-1.777,0,0
10,3,27,3,A,aa2,100,1.508,-1.866,0,0
10,3,27,3,N,nb0,105,0.12,1.535,1,1
10,3,27,3,N,nb1,105,0.435,0.783,0,0
10,3,27,3,N,nb2,105,-0.411,0.792,1,1
10,3,27,3,N,nb3,105,0.387,-1.501,1,1
10,3,27,3,N,nb4,105,0.794,0.901,1,1
10,3,27,3,N,nb5,105,0.313,-1.738,1,1
10,3,27,3,N,nb6,105,-0.957,1.708,2,1
10,3,27,3,N,nb7,105,-1.132,1.539,3,1
10,3,27,3,N,nb8,105,-1.147,1.774,2,1
10,3,27,3,N,nb9,105,-1.576,-0.375,1,1
10,3,27,3,N,nb10,105,1.331,0.359,0,0
10,3,27,3,N,nb11,105,1.856,1.158,0,0
10,3,27,3,N,nb12,105,-0.149,-1.772,1,1
10,3,27,3,N,nb13,105,-0.164,-1.595,2,1
10,3,27,3,N,nb14,105,1.304,-0.499,2,1
10,3,27,3,N,nb15,105,0.888,0.674,2,1
10,3,27,3,N,nb16,105,-0.488,0.194,1,1
10,3,27,3,N,nb17,105,1.121,-0.601,1,1
10,3,27,3,N,nb18,105,1.234,-0.262,1,1
10,3,27,3,N,nb19,105,-1.341,-0.217,1,1
10,3,27,3,N,nb20,105,-0.171,0.824,1,1
10,3,27,3,N,nb21,105,0.342,1.449,1,1
10,3,27,3,N,nb22,105,-1.589,0.656,0,0
10,3,27,3,N,nb23,105,-0.923,1.406,1,1
10,3,27,3,N,nb24,105,-0.404,0.021,2,1
10,3,27,3,N,nb25,105,-0.414,-0.223,1,1
10,3,27,3,N,nb26,105,0.019,-1.501,2,1
10,3,27,3,N,nb27,105,1.119,0.754,1,1
10,3,27,3,N,nb28,105,-1.367,-0.457,2,1
10,3,27,3,N,nb29,105,-0.003,-1.262,1,1
10,3,27,3,A,aa0,105,-1.814,1.866,0,0
10,3,27,3,A,aa1,105,1.345,-1.776,0,0
10,3,27,3,A,aa2,105,1.6,-1.866,0,0
10,3,27,3,N,nb0,110,0.12,1.535,1,1
10,3,27,3,N,nb1,110,0.406,0.879,0,0
10,3,27,3,N,nb2,110,-0.411,0.792,1,1
10,3,27,3,N,nb3,110,0.387,-1.501,1,1
10,3,27,3,N,nb4,110,0.794,0.901,1,1
10,3,27,3,N,nb5,110,0.313,-1.738,1,1
10,3,27,3,N,nb6,110,-0.957,1.708,2,1
10,3,27,3,N,nb7,110,-1.132,1.539,3,1
10,3,27,3,N,nb8,110,-1.147,1.774,2,1
10,3,27,3,N,nb9,110,-1.576,-0.375,1,1
10,3,27,3,N,nb10,110,1.286,0.449,0,0
10,3,27,3,N,nb11,110,1.838,1.067,0,0
10,3,27,3,N,nb12,110,-0.149,-1.772,1,1
10,3,27,3,N,nb13,110,-0.164,-1.595,2,1
10,3,27,3,N,nb14,110,1.304,-0.499,2,1
10,3,27,3,N,nb15,110,0.888,0.674,2,1
10,3,27,3,N,nb16,110,-0.488,0.194,1,1
10,3,27,3,N,nb17,110,1.121,-0.601,1,1
10,3,27,3,N,nb18,110,1.234,-0.262,1,1
10,3,27,3,N,nb19,110,-1.341,-0.217,1,1
10,3,27,3,N,nb20,110,-0.171,0.824,1,1
10,3,27,3,N,nb21,110,0.342,1.449,1,1
10,3,27,3,N,nb22,110,-1.544,0.745,0,0
10,3,27,3,N,nb23,110,-0.923,1.406,1,1
10,3,27,3,N,nb24,110,-0.404,0.021,2,1
10,3,27,3,N,nb25,110,-0.414,-0.223,1,1
10,3,27,3,N,nb26,110,0.019,-1.501,2,1
10,3,27,3,N,nb27,110,1.119,0.754,1,1
10,3,27,3,N,nb28,110,-1.367,-0.457,2,1
10,3,27,3,N,nb29,110,-0.003,-1.262,1,1
10,3,27,3,A,aa0,110,-1.77,1.866,0,0
10,3,27,3,A,aa1,110,1.36,-1.722,0,0
10,3,27,3,A,aa2,110,1.693,-1.86,0,0
10,3,27,3,N,nb0,115,0.12,1.535,1,1
10,3,27,3,N,nb1,115,0.378,0.974,0,0
10,3,27,3,N,nb2,115,-0.411,0.792,1,1
10,3,27,3,N,nb3,115,0.387,-1.501,1,1
10,3,27,3,N,nb4,115,0.794,0.901,1,1
10,3,27,3,N,nb5,115,0.313,-1.738,1,1
10,3,27,3,N,nb6,115,-0.957,1.708,2,1
10,3,27,3,N,nb7,115,-1.132,1.539,3,1
10,3,27,3,N,nb8,115,-1.147,1.774,2,1
10,3,27,3,N,nb9,115,-1.576,-0.375,1,1
10,3,27,3,N,nb10,115,1.243,0.536,0,0
10,3,27,3,N,nb11,115,1.81,0.977,0,0
10,3,27,3,N,nb12,115,-0.149,-1.772,1,1
10,3,27,3,N,nb13,115,-0.164,-1.595,2,1
10,3,27,3,N,nb14,115,1.304,-0.499,2,1
10,3,27,3,N,nb15,115,0.888,0.674,2,1
10,3,27,3,N,nb16,115,-0.488,0.194,1,1
10,3,27,3,N,nb17,115,1.121,-0.601,1,1
10,3,27,3,N,nb18,115,1.234,-0.262,1,1
10,3,27,3,N,nb19,115,-1.341,-0.217,1,1
10,3,27,3,N,nb20,115,-0.171,0.824,1,1
10,3,27,3,N,nb21,115,0.342,1.449,1,1
10,3,27,3,N,nb22,115,-1.499,0.834,0,0
10,3,27,3,N,nb23,115,-0.923,1.406,1,1
10,3,27,3,N,nb24,115,-0.404,0.021,2,1
10,3,27,3,N,nb25,115,-0.414,-0.223,1,1
10,3,27,3,N,nb26,115,0.019,-1.501,2,1
10,3,27,3,N,nb27,115,1.119,0.754,1,1
10,3,27,3,N,nb28,115,-1.367,-0.457,2,1
10,3,27,3,N,nb29,115,-0.003,-1.262,1,1
10,3,27,3,A,aa0,115,-1.714,1.866,1,0
10,3,27,3,A,aa1,115,1.387,-1.625,0,0
10,3,27,3,A,aa2,115,1.784,-1.844,0,0
10,3,27,3,N,nb0,120,0.12,1.535,1,1
10,3,27,3,N,nb1,120,0.349,1.07,0,0
10,3,27,3,N,nb2,120,-0.411,0.792,1,1
10,3,27,3,N,nb3,120,0.387,-1.501,1,1
10,3,27,3,N,nb4,120,0.794,0.901,1,1
10,3,27,3,N,nb5,120,0.313,-1.738,1,1
10,3,27,3,N,nb6,120,-0.957,1.708,2,1
10,3,27,3,N,nb7,120,-1.132,1.539,3,1
10,3,27,3,N,nb8,120,-1.147,1.774,2,1
10,3,27,3,N,nb9,120,-1.576,-0.375,1,1
10,3,27,3,N,nb10,120,1.235,0.554,1,1
10,3,27,3,N,nb11,120,1.775,0.89,0,0
10,3,27,3,N,nb12,120,-0.149,-1.772,1,1
10,3,27,3,N,nb13,120,-0.164,-1.595,2,1
10,3,27,3,N,nb14,120,1.304,-0.499,2,1
10,3,27,3,N,nb15,120,0.888,0.674,2,1
10,3,27,3,N,nb16,120,-0.488,0.194,1,1
10,3,27,3,N,nb17,120,1.121,-0.601,1,1
10,3,27,3,N,nb18,120,1.234,-0.262,1,1
10,3,27,3,N,nb19,120,-1.341,-0.217,1,1
10,3,27,3,N,nb20,120,-0.171,0.824,1,1
10,3,27,3,N,nb21,120,0.342,1.449,1,1
10,3,27,3,N,nb22,120,-1.454,0.924,0,0
10,3,27,3,N,nb23,120,-0.923,1.406,1,1
10,3,27,3,N,nb24,120,-0.404,0.021,2,1
10,3,27,3,N,nb25,120,-0.414,-0.223,1,1
10,3,27,3,N,nb26,120,0.019,-1.501,2,1
10,3,27,3,N,nb27,120,1.119,0.754,2,1
10,3,27,3,N,nb28,120,-1.367,-0.457,2,1
10,3,27,3,N,nb29,120,-0.003,-1.262,1,1
10,3,27,3,A,aa0,120,-1.647,1.866,1,0
10,3,27,3,A,aa1,120,1.414,-1.529,0,0
10,3,27,3,A,aa2,120,1.866,-1.819,0,0
10,3,27,3,N,nb0,125,0.12,1.535,1,1
10,3,27,3,N,nb1,125,0.321,1.166,0,0
10,3,27,3,N,nb2,125,-0.411,0.792,1,1
10,3,27,3,N,nb3,125,0.387,-1.501,1,1
10,3,27,3,N,nb4,125,0.794,0.901,1,1
10,3,27,3,N,nb5,125,0.313,-1.738,1,1
10,3,27,3,N,nb6,125,-0.957,1.708,2,1
10,3,27,3,N,nb7,125,-1.132,1.539,3,1
10,3,27,3,N,nb8,125,-1.147,1.774,2,1
10,3,27,3,N,nb9,125,-1.576,-0.375,1,1
10,3,27,3,N,nb10,125,1.235,0.554,1,1
10,3,27,3,N,nb11,125,1.732,0.803,0,0
10,3,27,3,N,nb12,125,-0.149,-1.772,1,1
10,3,27,3,N,nb13,125,-0.164,-1.595,2,1
10,3,27,3,N,nb14,125,1.304,-0.499,2,1
10,3,27,3,N,nb15,125,0.888,0.674,2,1
10,3,27,3,N,nb16,125,-0.488,0.194,1,1
10,3,27,3,N,nb17,125,1.121,-0.601,1,1
10,3,27,3,N,nb18,125,1.234,-0.262,1,1
10,3,27,3,N,nb19,125,-1.341,-0.217,1,1
10,3,27,3,N,nb20,125,-0.171,0.824,1,1
10,3,27,3,N,nb21,125,0.342,1.449,1,1
10,3,27,3,N,nb22,125,-1.409,1.013,0,0
10,3,27,3,N,nb23,125,-0.923,1.406,1,1
10,3,27,3,N,nb24,125,-0.404,0.021,2,1
10,3,27,3,N,nb25,125,-0.414,-0.223,1,1
10,3,27,3,N,nb26,125,0.019,-1.501,2,1
10,3,27,3,N,nb27,125,1.119,0.754,2,1
10,3,27,3,N,nb28,125,-1.367,-0.457,2,1
10,3,27,3,N,nb29,125,-0.003,-1.262,1,1
10,3,27,3,A,aa0,125,-1.571,1.866,2,0
10,3,27,3,A,aa1,125,1.441,-1.433,0,0
10,3,27,3,A,aa2,125,1.866,-1.788,0,0
10,3,27,3,N,nb0,130,0.12,1.535,1,1
10,3,27,3,N,nb1,130,0.309,1.205,1,1
10,3,27,3,N,nb2,130,-0.411,0.792,1,1
10,3,27,3,N,nb3,130,0.387,-1.501,1,1
10,3,27,3,N,nb4,130,0.794,0.901,1,1
10,3,27,3,N,nb5,130,0.313,-1.738,1,1
10,3,27,3,N,nb6,130,-0.957,1.708,2,1
10,3,27,3,N,nb7,130,-1.132,1.539,3,1
10,3,27,3,N,nb8,130,-1.147,1.774,2,1
10,3,27,3,N,nb9,130,-1.576,-0.375,1,1
10,3,27,3,N,nb10,130,1.235,0.554,1,1
10,3,27,3,N,nb11,130,1.686,0.713,0,0
10,3,27,3,N,nb12,130,-0.149,-1.772,1,1
10,3,27,3,N,nb13,130,-0.164,-1.595,2,1
10,3,27,3,N,nb14,130,1.304,-0.499,2,1
10,3,27,3,N,nb15,130,0.888,0.674,2,1
10,3,27,3,N,nb16,130,-0.488,0.194,1,1
10,3,27,3,N,nb17,130,1.121,-0.601,1,1
10,3,27,3,N,nb18,130,1.234,-0.262,1,1
10,3,27,3,N,nb19,130,-1.341,-0.217,1,1
10,3,27,3,N,nb20,130,-0.171,0.824,1,1
10,3,27,3,N,nb21,130,0.342,1.449,2,1
10,3,27,3,N,nb22,130,-1.364,1.102,0,0
10,3,27,3,N,nb23,130,-0.923,1.406,1,1
10,3,27,3,N,nb24,130,-0.404,0.021,2,1
10,3,27,3,N,nb25,130,-0.414,-0.223,1,1
10,3,27,3,N,nb26,130,0.019,-1.501,2,1
10,3,27,3,N,nb27,130,1.119,0.754,2,1
10,3,27,3,N,nb28,130,-1.367,-0.457,2,1
10,3,27,3,N,nb29,130,-0.003,-1.262,1,1
10,3,27,3,A,aa0,130,-1.488,1.866,2,0
10,3,27,3,A,aa1,130,1.468,-1.336,0,0
10,3,27,3,A,aa2,130,1.866,-1.742,0,0
10,3,27,3,N,nb0,135,0.12,1.535,1,1
10,3,27,3,N,nb1,135,0.309,1.205,1,1
10,3,27,3,N,nb2,135,-0.411,0.792,1,0
10,3,27,3,N,nb3,135,0.387,-1.501,1,1
10,3,27,3,N,nb4,135,0.794,0.901,1,1
10,3,27,3,N,nb5,135,0.313,-1.738,1,1
10,3,27,3,N,nb6,135,-0.957,1.708,2,1
10,3,27,3,N,nb7,135,-1.132,1.539,3,1
10,3,27,3,N,nb8,135,-1.147,1.774,2,1
10,3,27,3,N,nb9,135,-1.576,-0.375,1,1
10,3,27,3,N,nb10,135,1.235,0.554,1,1
10,3,27,3,N,nb11,135,1.641,0.624,0,0
10,3,27,3,N,nb12,135,-0.149,-1.772,1,1
10,3,27,3,N,nb13,135,-0.164,-1.595,2,1
10,3,27,3,N,nb14,135,1.304,-0.499,2,1
10,3,27,3,N,nb15,135,0.888,0.674,2,1
10,3,27,3,N,nb16,135,-0.488,0.194,1,1
10,3,27,3,N,nb17,135,1.121,-0.601,1,1
10,3,27,3,N,nb18,135,1.234,-0.262,1,1
10,3,27,3,N,nb19,135,-1.341,-0.217,1,1
10,3,27,3,N,nb20,135,-0.171,0.824,1,0
10,3,27,3,N,nb21,135,0.342,1.449,2,1
10,3,27,3,N,nb22,135,-1.319,1.191,0,0
10,3,27,3,N,nb23,135,-0.923,1.406,1,1
10,3,27,3,N,nb24,135,-0.404,0.021,2,1
10,3,27,3,N,nb25,135,-0.414,-0.223,1,1
10,3,27,3,N,nb26,135,0.019,-1.501,2,1
10,3,27,3,N,nb27,135,1.119,0.754,2,1
10,3,27,3,N,nb28,135,-1.367,-0.457,2,1
10,3,27,3,N,nb29,135,-0.003,-1.262,1,0
10,3,27,3,A,aa0,135,-1.433,1.866,2,0
10,3,27,3,A,aa1,135,1.495,-1.24,0,0
10,3,27,3,A,aa2,135,1.866,-1.684,0,0
10,3,27,3,N,nb0,140,0.12,1.535,1,1
10,3,27,3,N,nb1,140,0.309,1.205,1,1
10,3,27,3,N,nb2,140,-0.411,0.792,1,1
10,3,27,3,N,nb3,140,0.387,-1.501,1,1
10,3,27,3,N,nb4,140,0.794,0.901,1,1
10,3,27,3,N,nb5,140,0.313,-1.738,1,1
10,3,27,3,N,nb6,140,-0.957,1.708,2,1
10,3,27,3,N,nb7,140,-1.132,1.539,3,1
10,3,27,3,N,nb8,140,-1.147,1.774,2,1
10,3,27,3,N,nb9,140,-1.576,-0.375,1,1
10,3,27,3,N,nb10,140,1.235,0.554,1,1
10,3,27,3,N,nb11,140,1.596,0.535,0,0
10,3,27,3,N,nb12,140,-0.149,-1.772,1,1
10,3,27,3,N,nb13,140,-0.164,-1.595,2,1
10,3,27,3,N,nb14,140,1.304,-0.499,2,1
10,3,27,3,N,nb15,140,0.888,0.674,2,1
10,3,27,3,N,nb16,140,-0.488,0.194,1,1
10,3,27,3,N,nb17,140,1.121,-0.601,1,1
10,3,27,3,N,nb18,140,1.234,-0.262,1,1
10,3,27,3,N,nb19,140,-1.341,-0.217,1,1
10,3,27,3,N,nb20,140,-0.171,0.824,1,1
10,3,27,3,N,nb21,140,0.342,1.449,2,1
10,3,27,3,N,nb22,140,-1.274,1.281,0,0
10,3,27,3,N,nb23,140,-0.923,1.406,1,1
10,3,27,3,N,nb24,140,-0.404,0.021,2,1
10,3,27,3,N,nb25,140,-0.414,-0.223,1,1
10,3,27,3,N,nb26,140,0.019,-1.501,2,1
10,3,27,3,N,nb27,140,1.119,0.754,2,1
10,3,27,3,N,nb28,140,-1.367,-0.457,2,1
10,3,27,3,N,nb29,140,-0.003,-1.262,1,1
10,3,27,3,A,aa0,140,-1.433,1.866,2,0
10,3,27,3,A,aa1,140,1.521,-1.144,0,0
10,3,27,3,A,aa2,140,1.866,-1.615,0,0
10,3,27,3,N,nb0,145,0.12,1.535,1,1
10,3,27,3,N,nb1,145,0.309,1.205,1,1
10,3,27,3,N,nb2,145,-0.411,0.792,1,1
10,3,27,3,N,nb3,145,0.387,-1.501,1,1
10,3,27,3,N,nb4,145,0.794,0.901,1,1
10,3,27,3,N,nb5,145,0.313,-1.738,1,1
10,3,27,3,N,nb6,145,-0.957,1.708,2,1
10,3,27,3,N,nb7,145,-1.132,1.539,4,1
10,3,27,3,N,nb8,145,-1.147,1.774,2,1
10,3,27,3,N,nb9,145,-1.576,-0.375,1,1
10,3,27,3,N,nb10,145,1.235,0.554,1,1
10,3,27,3,N,nb11,145,1.55,0.446,0,0
10,3,27,3,N,nb12,145,-0.149,-1.772,1,1
10,3,27,3,N,nb13,145,-0.164,-1.595,2,1
10,3,27,3,N,nb14,145,1.304,-0.499,2,1
10,3,27,3,N,nb15,145,0.888,0.674,2,1
10,3,27,3,N,nb16,145,-0.488,0.194,1,1
10,3,27,3,N,nb17,145,1.121,-0.601,1,1
10,3,27,3,N,nb18,145,1.234,-0.262,1,1
10,3,27,3,N,nb19,145,-1.341,-0.217,1,1
10,3,27,3,N,nb20,145,-0.171,0.824,1,1
10,3,27,3,N,nb21,145,0.342,1.449,2,1
10,3,27,3,N,nb22,145,-1.247,1.334,1,1
10,3,27,3,N,nb23,145,-0.923,1.406,1,1
10,3,27,3,N,nb24,145,-0.404,0.021,2,1
10,3,27,3,N,nb25,145,-0.414,-0.223,1,1
10,3,27,3,N,nb26,145,0.019,-1.501,2,1
10,3,27,3,N,nb27,145,1.119,0.754,2,1
10,3,27,3,N,nb28,145,-1.367,-0.457,2,1
10,3,27,3,N,nb29,145,-0.003,-1.262,1,1
10,3,27,3,A,aa0,145,-1.402,1.866,3,1
10,3,27,3,A,aa1,145,1.548,-1.047,0,0
10,3,27,3,A,aa2,145,1.866,-1.538,0,0
10,3,27,3,N,nb0,150,0.12,1.535,1,1
10,3,27,3,N,nb1,150,0.309,1.205,1,1
10,3,27,3,N,nb2,150,-0.411,0.792,1,1
10,3,27,3,N,nb3,150,0.387,-1.501,1,1
10,3,27,3,N,nb4,150,0.794,0.901,1,1
10,3,27,3,N,nb5,150,0.313,-1.738,1,1
10,3,27,3,N,nb6,150,-0.957,1.708,1,1
10,3,27,3,N,nb7,150,-1.131,1.589,3,0
10,3,27,3,N,nb8,150,-1.201,1.769,1,0
10,3,27,3,N,nb9,150,-1.576,-0.375,1,1
10,3,27,3,N,nb10,150,1.235,0.554,1,1
10,3,27,3,N,nb11,150,1.505,0.357,0,0
10,3,27,3,N,nb12,150,-0.149,-1.772,1,1
10,3,27,3,N,nb13,150,-0.164,-1.595,2,1
10,3,27,3,N,nb14,150,1.304,-0.499,2,1
10,3,27,3,N,nb15,150,0.888,0.674,2,1
10,3,27,3,N,nb16,150,-0.488,0.194,1,1
10,3,27,3,N,nb17,150,1.121,-0.601,1,1
10,3,27,3,N,nb18,150,1.234,-0.262,1,1
10,3,27,3,N,nb19,150,-1.341,-0.217,1,1
10,3,27,3,N,nb20,150,-0.171,0.824,1,1
10,3,27,3,N,nb21,150,0.342,1.449,2,1
10,3,27,3,N,nb22,150,-1.229,1.379,1,0
10,3,27,3,N,nb23,150,-0.923,1.406,0,1
10,3,27,3,N,nb24,150,-0.404,0.021,2,1
10,3,27,3,N,nb25,150,-0.414,-0.223,1,1
10,3,27,3,N,nb26,150,0.019,-1.501,2,1
10,3,27,3,N,nb27,150,1.119,0.754,2,1
10,3,27,3,N,nb28,150,-1.367,-0.457,2,1
10,3,27,3,N,nb29,150,-0.003,-1.262,1,1
10,3,27,3,A,aa0,150,-1.355,1.866,0,0
10,3,27,3,A,aa1,150,1.575,-0.951,2,0
10,3,27,3,A,aa2,150,1.866,-1.454,0,0
10,3,27,3,N,nb0,155,0.12,1.535,1,0
10,3,27,3,N,nb1,155,0.309,1.205,1,1
10,3,27,3,N,nb2,155,-0.411,0.792,1,1
10,3,27,3,N,nb3,155,0.387,-1.501,1,0
10,3,27,3,N,nb4,155,0.794,0.901,1,1
10,3,27,3,N,nb5,155,0.313,-1.738,1,0
10,3,27,3,N,nb6,155,-0.957,1.708,1,0
10,3,27,3,N,nb7,155,-1.125,1.662,3,0
10,3,27,3,N,nb8,155,-1.266,1.761,1,0
10,3,27,3,N,nb9,155,-1.576,-0.375,1,1
10,3,27,3,N,nb10,155,1.235,0.554,1,1
10,3,27,3,N,nb11,155,1.459,0.268,0,0
10,3,27,3,N,nb12,155,-0.149,-1.772,1,0
10,3,27,3,N,nb13,155,-0.164,-1.595,2,0
10,3,27,3,N,nb14,155,1.304,-0.499,2,0
10,3,27,3,N,nb15,155,0.888,0.674,2,1
10,3,27,3,N,nb16,155,-0.488,0.194,1,0
10,3,27,3,N,nb17,155,1.121,-0.601,1,0
10,3,27,3,N,nb18,155,1.234,-0.262,1,0
10,3,27,3,N,nb19,155,-1.341,-0.217,1,1
10,3,27,3,N,nb20,155,-0.171,0.824,1,1
10,3,27,3,N,nb21,155,0.342,1.449,2,0
10,3,27,3,N,nb22,155,-1.211,1.462,1,0
10,3,27,3,N,nb23,155,-0.923,1.406,0,1
10,3,27,3,N,nb24,155,-0.404,0.021,2,0
10,3,27,3,N,nb25,155,-0.414,-0.223,1,1
10,3,27,3,N,nb26,155,0.019,-1.501,2,0
10,3,27,3,N,nb27,155,1.119,0.754,2,1
10,3,27,3,N,nb28,155,-1.367,-0.457,2,1
10,3,27,3,N,nb29,155,-0.003,-1.262,1,1
10,3,27,3,A,aa0,155,-1.398,1.866,0,0
10,3,27,3,A,aa1,155,1.602,-0.855,2,0
10,3,27,3,A,aa2,155,1.866,-1.366,0,0
10,3,27,3,N,nb0,160,0.12,1.535,1,1
10,3,27,3,N,nb1,160,0.309,1.205,1,1
10,3,27,3,N,nb2,160,-0.411,0.792,1,1
10,3,27,3,N,nb3,160,0.387,-1.501,1,1
10,3,27,3,N,nb4,160,0.794,0.901,1,1
10,3,27,3,N,nb5,160,0.313,-1.738,1,1
10,3,27,3,N,nb6,160,-0.954,1.71,1,1
10,3,27,3,N,nb7,160,-1.123,1.695,3,1
10,3,27,3,N,nb8,160,-1.294,1.755,1,1
10,3,27,3,N,nb9,160,-1.576,-0.375,1,1
10,3,27,3,N,nb10,160,1.235,0.554,1,1
10,3,27,3,N,nb11,160,1.414,0.179,0,0
10,3,27,3,N,nb12,160,-0.149,-1.772,1,1
10,3,27,3,N,nb13,160,-0.164,-1.595,2,1
10,3,27,3,N,nb14,160,1.304,-0.499,2,1
10,3,27,3,N,nb15,160,0.888,0.674,2,1
10,3,27,3,N,nb16,160,-0.488,0.194,1,1
10,3,27,3,N,nb17,160,1.121,-0.601,1,1
10,3,27,3,N,nb18,160,1.234,-0.262,1,1
10,3,27,3,N,nb19,160,-1.341,-0.217,1,1
10,3,27,3,N,nb20,160,-0.171,0.824,1,1
10,3,27,3,N,nb21,160,0.342,1.449,2,1
10,3,27,3,N,nb22,160,-1.208,1.499,1,1
10,3,27,3,N,nb23,160,-0.923,1.406,0,1
10,3,27,3,N,nb24,160,-0.404,0.021,2,1
10,3,27,3,N,nb25,160,-0.414,-0.223,1,1
10,3,27,3,N,nb26,160,0.019,-1.501,2,1
10,3,27,3,N,nb27,160,1.119,0.754,2,1
10,3,27,3,N,nb28,160,-1.367,-0.457,2,1
10,3,27,3,N,nb29,160,-0.003,-1.262,1,1
10,3,27,3,A,aa0,160,-1.421,1.866,1,0
10,3,27,3,A,aa1,160,1.629,-0.758,2,0
10,3,27,3,A,aa2,160,1.866,-1.275,0,0
10,3,27,3,N,nb0,165,0.12,1.535,1,1
10,3,27,3,N,nb1,165,0.309,1.205,1,1
10,3,27,3,N,nb2,165,-0.411,0.792,1,1
10,3,27,3,N,nb3,165,0.387,-1.501,1,1
10,3,27,3,N,nb4,165,0.794,0.901,1,1
10,3,27,3,N,nb5,165,0.313,-1.738,1,1
10,3,27,3,N,nb6,165,-0.954,1.71,1,1
10,3,27,3,N,nb7,165,-1.123,1.695,3,1
10,3,27,3,N,nb8,165,-1.294,1.755,1,1
10,3,27,3,N,nb9,165,-1.576,-0.375,1,1
10,3,27,3,N,nb10,165,1.235,0.554,1,1
10,3,27,3,N,nb11,165,1.369,0.09,0,0
10,3,27,3,N,nb12,165,-0.149,-1.772,1,1
10,3,27,3,N,nb13,165,-0.164,-1.595,2,1
10,3,27,3,N,nb14,165,1.304,-0.499,2,0
10,3,27,3,N,nb15,165,0.888,0.674,2,1
10,3,27,3,N,nb16,165,-0.488,0.194,1,1
10,3,27,3,N,nb17,165,1.121,-0.601,1,0
10,3,27,3,N,nb18,165,1.234,-0.262,1,0
10,3,27,3,N,nb19,165,-1.341,-0.217,1,1
10,3,27,3,N,nb20,165,-0.171,0.824,1,1
10,3,27,3,N,nb21,165,0.342,1.449,2,1
10,3,27,3,N,nb22,165,-1.208,1.499,1,1
10,3,27,3,N,nb23,165,-0.955,1.389,0,0
10,3,27,3,N,nb24,165,-0.404,0.021,2,1
10,3,27,3,N,nb25,165,-0.414,-0.223,1,1
10,3,27,3,N,nb26,165,0.019,-1.501,2,1
10,3,27,3,N,nb27,165,1.119,0.754,2,1
10,3,27,3,N,nb28,165,-1.367,-0.457,2,1
10,3,27,3,N,nb29,165,-0.003,-1.262,1,1
10,3,27,3,A,aa0,165,-1.421,1.866,1,0
10,3,27,3,A,aa1,165,1.656,-0.662,3,1
10,3,27,3,A,aa2,165,1.862,-1.183,0,0
10,3,27,3,N,nb0,170,0.12,1.535,1,1
10,3,27,3,N,nb1,170,0.309,1.205,1,1
10,3,27,3,N,nb2,170,-0.411,0.792,1,1
10,3,27,3,N,nb3,170,0.387,-1.501,1,1
10,3,27,3,N,nb4,170,0.794,0.901,1,0
10,3,27,3,N,nb5,170,0.313,-1.738,1,1
10,3,27,3,N,nb6,170,-0.954,1.71,1,1
10,3,27,3,N,nb7,170,-1.123,1.695,3,1
10,3,27,3,N,nb8,170,-1.294,1.755,1,1
10,3,27,3,N,nb9,170,-1.576,-0.375,1,1
10,3,27,3,N,nb10,170,1.235,0.554,1,1
10,3,27,3,N,nb11,170,1.323,0.001,0,0
10,3,27,3,N,nb12,170,-0.149,-1.772,1,1
10,3,27,3,N,nb13,170,-0.164,-1.595,2,1
10,3,27,3,N,nb14,170,1.323,-0.567,1,0
10,3,27,3,N,nb15,170,0.888,0.674,2,1
10,3,27,3,N,nb16,170,-0.488,0.194,1,1
10,3,27,3,N,nb17,170,1.117,-0.674,1,0
10,3,27,3,N,nb18,170,1.193,-0.319,0,0
10,3,27,3,N,nb19,170,-1.341,-0.217,1,1
10,3,27,3,N,nb20,170,-0.171,0.824,1,1
10,3,27,3,N,nb21,170,0.342,1.449,2,1
10,3,27,3,N,nb22,170,-1.208,1.499,2,1
10,3,27,3,N,nb23,170,-1.006,1.36,1,1
10,3,27,3,N,nb24,170,-0.404,0.021,2,1
10,3,27,3,N,nb25,170,-0.414,-0.223,1,1
10,3,27,3,N,nb26,170,0.019,-1.501,2,1
10,3,27,3,N,nb27,170,1.119,0.754,2,1
10,3,27,3,N,nb28,170,-1.367,-0.457,2,1
10,3,27,3,N,nb29,170,-0.003,-1.262,1,1
10,3,27,3,A,aa0,170,-1.421,1.866,1,0
10,3,27,3,A,aa1,170,1.682,-0.566,0,0
10,3,27,3,A,aa2,170,1.847,-1.091,0,0
10,3,27,3,N,nb0,175,0.12,1.535,1,1
10,3,27,3,N,nb1,175,0.309,1.205,1,1
10,3,27,3,N,nb2,175,-0.411,0.792,1,1
10,3,27,3,N,nb3,175,0.387,-1.501,1,1
10,3,27,3,N,nb4,175,0.794,0.901,1,1
10,3,27,3,N,nb5,175,0.313,-1.738,1,1
10,3,27,3,N,nb6,175,-0.954,1.71,1,1
10,3,27,3,N,nb7,175,-1.123,1.695,3,1
10,3,27,3,N,nb8,175,-1.294,1.755,1,1
10,3,27,3,N,nb9,175,-1.576,-0.375,1,1
10,3,27,3,N,nb10,175,1.235,0.554,1,1
10,3,27,3,N,nb11,175,1.278,-0.089,0,0
10,3,27,3,N,nb12,175,-0.149,-1.772,1,1
10,3,27,3,N,nb13,175,-0.164,-1.595,2,1
10,3,27,3,N,nb14,175,1.355,-0.653,0,0
10,3,27,3,N,nb15,175,0.888,0.674,2,1
10,3,27,3,N,nb16,175,-0.488,0.194,1,1
10,3,27,3,N,nb17,175,1.107,-0.768,0,0
10,3,27,3,N,nb18,175,1.131,-0.398,0,0
10,3,27,3,N,nb19,175,-1.341,-0.217,1,1
10,3,27,3,N,nb20,175,-0.171,0.824,1,1
10,3,27,3,N,nb21,175,0.342,1.449,2,1
10,3,27,3,N,nb22,175,-1.208,1.499,2,1
10,3,27,3,N,nb23,175,-1.006,1.36,1,1
10,3,27,3,N,nb24,175,-0.404,0.021,2,1
10,3,27,3,N,nb25,175,-0.414,-0.223,1,1
10,3,27,3,N,nb26,175,0.019,-1.501,2,1
10,3,27,3,N,nb27,175,1.119,0.754,2,1
10,3,27,3,N,nb28,175,-1.367,-0.457,2,1
10,3,27,3,N,nb29,175,-0.003,-1.262,1,1
10,3,27,3,A,aa0,175,-1.449,1.866,1,0
10,3,27,3,A,aa1,175,1.709,-0.469,0,0
10,3,27,3,A,aa2,175,1.824,-1.0,0,0
10,3,27,3,N,nb0,180,0.12,1.535,1,1
10,3,27,3,N,nb1,180,0.309,1.205,1,1
10,3,27,3,N,nb2,180,-0.411,0.792,1,1
10,3,27,3,N,nb3,180,0.387,-1.501,1,1
10,3,27,3,N,nb4,180,0.794,0.901,1,1
10,3,27,3,N,nb5,180,0.313,-1.738,1,1
10,3,27,3,N,nb6,180,-0.954,1.71,1,1
10,3,27,3,N,nb7,180,-1.123,1.695,3,1
10,3,27,3,N,nb8,180,-1.294,1.755,1,1
10,3,27,3,N,nb9,180,-1.576,-0.375,1,0
10,3,27,3,N,nb10,180,1.235,0.554,1,1
10,3,27,3,N,nb11,180,1.233,-0.178,0,0
10,3,27,3,N,nb12,180,-0.149,-1.772,1,1
10,3,27,3,N,nb13,180,-0.164,-1.595,2,1
10,3,27,3,N,nb14,180,1.397,-0.744,0,0
10,3,27,3,N,nb15,180,0.888,0.674,2,1
10,3,27,3,N,nb16,180,-0.488,0.194,1,1
10,3,27,3,N,nb17,180,1.092,-0.867,0,0
10,3,27,3,N,nb18,180,1.07,-0.476,0,0
10,3,27,3,N,nb19,180,-1.341,-0.217,1,1
10,3,27,3,N,nb20,180,-0.171,0.824,1,1
10,3,27,3,N,nb21,180,0.342,1.449,2,1
10,3,27,3,N,nb22,180,-1.208,1.499,2,1
10,3,27,3,N,nb23,180,-1.006,1.36,1,1
10,3,27,3,N,nb24,180,-0.404,0.021,2,1
10,3,27,3,N,nb25,180,-0.414,-0.223,1,1
10,3,27,3,N,nb26,180,0.019,-1.501,2,1
10,3,27,3,N,nb27,180,1.119,0.754,2,1
10,3,27,3,N,nb28,180,-1.367,-0.457,2,0
10,3,27,3,N,nb29,180,-0.003,-1.262,1,1
10,3,27,3,A,aa0,180,-1.485,1.866,2,0
10,3,27,3,A,aa1,180,1.736,-0.373,0,0
10,3,27,3,A,aa2,180,1.793,-0.912,0,0
10,3,27,3,N,nb0,185,0.12,1.535,1,1
10,3,27,3,N,nb1,185,0.309,1.205,1,1
10,3,27,3,N,nb2,185,-0.411,0.792,1,1
10,3,27,3,N,nb3,185,0.387,-1.501,1,1
10,3,27,3,N,nb4,185,0.794,0.901,1,1
10,3,27,3,N,nb5,185,0.313,-1.738,1,1
10,3,27,3,N,nb6,185,-0.954,1.71,1,1
10,3,27,3,N,nb7,185,-1.123,1.695,3,1
10,3,27,3,N,nb8,185,-1.294,1.755,1,1
10,3,27,3,N,nb9,185,-1.576,-0.375,1,1
10,3,27,3,N,nb10,185,1.235,0.554,1,1
10,3,27,3,N,nb11,185,1.187,-0.267,0,0
10,3,27,3,N,nb12,185,-0.149,-1.772,1,1
10,3,27,3,N,nb13,185,-0.164,-1.595,2,1
10,3,27,3,N,nb14,185,1.44,-0.834,0,0
10,3,27,3,N,nb15,185,0.888,0.674,2,1
10,3,27,3,N,nb16,185,-0.488,0.194,1,1
10,3,27,3,N,nb17,185,1.076,-0.965,0,0
10,3,27,3,N,nb18,185,1.008,-0.555,0,0
10,3,27,3,N,nb19,185,-1.341,-0.217,1,1
10,3,27,3,N,nb20,185,-0.171,0.824,1,1
10,3,27,3,N,nb21,185,0.342,1.449,2,1
10,3,27,3,N,nb22,185,-1.208,1.499,2,1
10,3,27,3,N,nb23,185,-1.006,1.36,1,1
10,3,27,3,N,nb24,185,-0.404,0.021,2,1
10,3,27,3,N,nb25,185,-0.414,-0.223,1,1
10,3,27,3,N,nb26,185,0.019,-1.501,2,1
10,3,27,3,N,nb27,185,1.119,0.754,2,1
10,3,27,3,N,nb28,185,-1.367,-0.457,2,1
10,3,27,3,N,nb29,185,-0.003,-1.262,1,1
10,3,27,3,A,aa0,185,-1.578,1.862,2,0
10,3,27,3,A,aa1,185,1.763,-0.277,0,0
10,3,27,3,A,aa2,185,1.753,-0.826,0,0
10,3,27,3,N,nb0,190,0.12,1.535,1,1
10,3,27,3,N,nb1,190,0.309,1.205,1,1
10,3,27,3,N,nb2,190,-0.411,0.792,1,1
10,3,27,3,N,nb3,190,0.387,-1.501,1,1
10,3,27,3,N,nb4,190,0.794,0.901,1,1
10,3,27,3,N,nb5,190,0.313,-1.738,1,1
10,3,27,3,N,nb6,190,-0.954,1.71,1,1
10,3,27,3,N,nb7,190,-1.123,1.695,3,1
10,3,27,3,N,nb8,190,-1.294,1.755,1,1
10,3,27,3,N,nb9,190,-1.576,-0.375,1,1
10,3,27,3,N,nb10,190,1.235,0.554,1,1
10,3,27,3,N,nb11,190,1.142,-0.356,0,0
10,3,27,3,N,nb12,190,-0.149,-1.772,1,1
10,3,27,3,N,nb13,190,-0.164,-1.595,2,1
10,3,27,3,N,nb14,190,1.482,-0.925,0,0
10,3,27,3,N,nb15,190,0.888,0.674,2,1
10,3,27,3,N,nb16,190,-0.488,0.194,1,1
10,3,27,3,N,nb17,190,1.061,-1.064,0,0
10,3,27,3,N,nb18,190,0.946,-0.633,0,0
10,3,27,3,N,nb19,190,-1.341,-0.217,1,1
10,3,27,3,N,nb20,190,-0.171,0.824,1,1
10,3,27,3,N,nb21,190,0.342,1.449,2,1
10,3,27,3,N,nb22,190,-1.208,1.499,2,1
10,3,27,3,N,nb23,190,-1.006,1.36,1,1
10,3,27,3,N,nb24,190,-0.404,0.021,2,1
10,3,27,3,N,nb25,190,-0.414,-0.223,1,1
10,3,27,3,N,nb26,190,0.019,-1.501,2,1
10,3,27,3,N,nb27,190,1.119,0.754,2,1
10,3,27,3,N,nb28,190,-1.367,-0.457,2,1
10,3,27,3,N,nb29,190,-0.003,-1.262,1,1
10,3,27,3,A,aa0,190,-1.67,1.849,2,0
10,3,27,3,A,aa1,190,1.786,-0.186,0,0
10,3,27,3,A,aa2,190,1.708,-0.736,0,0
10,3,27,3,N,nb0,195,0.12,1.535,1,1
10,3,27,3,N,nb1,195,0.309,1.205,1,1
10,3,27,3,N,nb2,195,-0.411,0.792,1,1
10,3,27,3,N,nb3,195,0.387,-1.501,1,1
10,3,27,3,N,nb4,195,0.794,0.901,1,1
10,3,27,3,N,nb5,195,0.313,-1.738,1,1
10,3,27,3,N,nb6,195,-0.954,1.71,1,1
10,3,27,3,N,nb7,195,-1.123,1.695,3,1
10,3,27,3,N,nb8,195,-1.294,1.755,1,1
10,3,27,3,N,nb9,195,-1.576,-0.375,1,1
10,3,27,3,N,nb10,195,1.235,0.554,1,1
10,3,27,3,N,nb11,195,1.096,-0.445,0,0
10,3,27,3,N,nb12,195,-0.149,-1.772,1,1
10,3,27,3,N,nb13,195,-0.164,-1.595,2,1
10,3,27,3,N,nb14,195,1.525,-1.015,0,0
10,3,27,3,N,nb15,195,0.888,0.674,2,1
10,3,27,3,N,nb16,195,-0.488,0.194,1,1
10,3,27,3,N,nb17,195,1.045,-1.163,0,0
10,3,27,3,N,nb18,195,0.884,-0.712,0,0
10,3,27,3,N,nb19,195,-1.341,-0.217,1,1
10,3,27,3,N,nb20,195,-0.171,0.824,1,1
10,3,27,3,N,nb21,195,0.342,1.449,2,1
10,3,27,3,N,nb22,195,-1.208,1.499,2,1
10,3,27,3,N,nb23,195,-1.006,1.36,1,1
10,3,27,3,N,nb24,195,-0.404,0.021,2,1
10,3,27,3,N,nb25,195,-0.414,-0.223,1,1
10,3,27,3,N,nb26,195,0.019,-1.501,2,1
10,3,27,3,N,nb27,195,1.119,0.754,2,1
10,3,27,3,N,nb28,195,-1.367,-0.457,2,1
10,3,27,3,N,nb29,195,-0.003,-1.262,1,1
10,3,27,3,A,aa0,195,-1.76,1.826,1,0
10,3,27,3,A,aa1,195,1.797,-0.096,0,0
10,3,27,3,A,aa2,195,1.663,-0.647,0,0
10,3,27,3,N,nb0,200,0.12,1.535,1,1
10,3,27,3,N,nb1,200,0.309,1.205,1,1
10,3,27,3,N,nb2,200,-0.411,0.792,1,1
10,3,27,3,N,nb3,200,0.387,-1.501,1,1
10,3,27,3,N,nb4,200,0.794,0.901,1,1
10,3,27,3,N,nb5,200,0.313,-1.738,1,1
10,3,27,3,N,nb6,200,-0.954,1.71,1,1
10,3,27,3,N,nb7,200,-1.123,1.695,3,1
10,3,27,3,N,nb8,200,-1.294,1.755,1,1
10,3,27,3,N,nb9,200,-1.576,-0.375,1,1
10,3,27,3,N,nb10,200,1.235,0.554,1,1
10,3,27,3,N,nb11,200,1.051,-0.534,0,0
10,3,27,3,N,nb12,200,-0.149,-1.772,1,1
10,3,27,3,N,nb13,200,-0.164,-1.595,2,1
10,3,27,3,N,nb14,200,1.567,-1.106,0,0
10,3,27,3,N,nb15,200,0.888,0.674,2,0
10,3,27,3,N,nb16,200,-0.488,0.194,1,1
10,3,27,3,N,nb17,200,1.03,-1.262,0,0
10,3,27,3,N,nb18,200,0.822,-0.79,0,0
10,3,27,3,N,nb19,200,-1.341,-0.217,1,1
10,3,27,3,N,nb20,200,-0.171,0.824,1,1
10,3,27,3,N,nb21,200,0.342,1.449,2,1
10,3,27,3,N,nb22,200,-1.208,1.499,2,1
10,3,27,3,N,nb23,200,-1.006,1.36,1,1
10,3,27,3,N,nb24,200,-0.404,0.021,2,1
10,3,27,3,N,nb25,200,-0.414,-0.223,1,1
10,3,27,3,N,nb26,200,0.019,-1.501,2,1
10,3,27,3,N,nb27,200,1.119,0.754,2,0
10,3,27,3,N,nb28,200,-1.367,-0.457,2,1
10,3,27,3,N,nb29,200,-0.003,-1.262,1,1
10,3,27,3,A,aa0,200,-1.846,1.795,1,0
10,3,27,3,A,aa1,200,1.798,-0.004,0,0
10,3,27,3,A,aa2,200,1.619,-0.557,0,0
10,3,27,3,N,nb0,205,0.12,1.535,1,1
10,3,27,3,N,nb1,205,0.309,1.205,1,1
10,3,27,3,N,nb2,205,-0.411,0.792,1,1
10,3,27,3,N,nb3,205,0.387,-1.501,1,1
10,3,27,3,N,nb4,205,0.794,0.901,1,1
10,3,27,3,N,nb5,205,0.313,-1.738,1,1
10,3,27,3,N,nb6,205,-0.954,1.71,1,1
10,3,27,3,N,nb7,205,-1.123,1.695,3,1
10,3,27,3,N,nb8,205,-1.294,1.755,1,1
10,3,27,3,N,nb9,205,-1.576,-0.375,1,1
10,3,27,3,N,nb10,205,1.235,0.554,1,1
10,3,27,3,N,nb11,205,1.006,-0.623,0,0
10,3,27,3,N,nb12,205,-0.149,-1.772,1,1
10,3,27,3,N,nb13,205,-0.164,-1.595,2,1
10,3,27,3,N,nb14,205,1.61,-1.196,0,0
10,3,27,3,N,nb15,205,0.888,0.674,2,1
10,3,27,3,N,nb16,205,-0.488,0.194,1,1
10,3,27,3,N,nb17,205,1.014,-1.361,0,0
10,3,27,3,N,nb18,205,0.76,-0.869,0,0
10,3,27,3,N,nb19,205,-1.341,-0.217,1,1
10,3,27,3,N,nb20,205,-0.171,0.824,1,1
10,3,27,3,N,nb21,205,0.342,1.449,2,1
10,3,27,3,N,nb22,205,-1.208,1.499,2,1
10,3,27,3,N,nb23,205,-1.006,1.36,1,1
10,3,27,3,N,nb24,205,-0.404,0.021,2,1
10,3,27,3,N,nb25,205,-0.414,-0.223,1,1
10,3,27,3,N,nb26,205,0.019,-1.501,2,1
10,3,27,3,N,nb27,205,1.119,0.754,2,1
10,3,27,3,N,nb28,205,-1.367,-0.457,2,1
10,3,27,3,N,nb29,205,-0.003,-1.262,1,1
10,3,27,3,A,aa0,205,-1.865,1.757,1,0
10,3,27,3,A,aa1,205,1.788,0.089,0,0
10,3,27,3,A,aa2,205,1.608,-0.536,0,0
10,3,27,3,N,nb0,210,0.12,1.535,1,1
10,3,27,3,N,nb1,210,0.309,1.205,1,1
10,3,27,3,N,nb2,210,-0.411,0.792,1,1
10,3,27,3,N,nb3,210,0.387,-1.501,1,1
10,3,27,3,N,nb4,210,0.794,0.901,1,1
10,3,27,3,N,nb5,210,0.313,-1.738,1,1
10,3,27,3,N,nb6,210,-0.954,1.71,1,1
10,3,27,3,N,nb7,210,-1.123,1.695,3,1
10,3,27,3,N,nb8,210,-1.294,1.755,1,1
10,3,27,3,N,nb9,210,-1.576,-0.375,1,1
10,3,27,3,N,nb10,210,1.235,0.554,1,1
10,3,27,3,N,nb11,210,0.96,-0.712,0,0
10,3,27,3,N,nb12,210,-0.149,-1.772,1,1
10,3,27,3,N,nb13,210,-0.164,-1.595,2,1
10,3,27,3,N,nb14,210,1.652,-1.287,0,0
10,3,27,3,N,nb15,210,0.888,0.674,2,1
10,3,27,3,N,nb16,210,-0.488,0.194,1,1
10,3,27,3,N,nb17,210,0.999,-1.459,0,0
10,3,27,3,N,nb18,210,0.698,-0.948,0,0
10,3,27,3,N,nb19,210,-1.341,-0.217,1,1
10,3,27,3,N,nb20,210,-0.171,0.824,1,1
10,3,27,3,N,nb21,210,0.342,1.449,2,1
10,3,27,3,N,nb22,210,-1.208,1.499,2,1
10,3,27,3,N,nb23,210,-1.006,1.36,1,1
10,3,27,3,N,nb24,210,-0.404,0.021,2,1
10,3,27,3,N,nb25,210,-0.414,-0.223,1,1
10,3,27,3,N,nb26,210,0.019,-1.501,2,1
10,3,27,3,N,nb27,210,1.119,0.754,2,1
10,3,27,3,N,nb28,210,-1.367,-0.457,2,1
10,3,27,3,N,nb29,210,-0.003,-1.262,1,1
10,3,27,3,A,aa0,210,-1.865,1.707,1,0
10,3,27,3,A,aa1,210,1.77,0.18,0,0
10,3,27,3,A,aa2,210,1.572,-0.532,0,0
10,3,27,3,N,nb0,215,0.12,1.535,1,1
10,3,27,3,N,nb1,215,0.309,1.205,1,1
10,3,27,3,N,nb2,215,-0.411,0.792,1,1
10,3,27,3,N,nb3,215,0.387,-1.501,1,1
10,3,27,3,N,nb4,215,0.794,0.901,1,1
10,3,27,3,N,nb5,215,0.313,-1.738,1,1
10,3,27,3,N,nb6,215,-0.954,1.71,1,1
10,3,27,3,N,nb7,215,-1.123,1.695,3,1
10,3,27,3,N,nb8,215,-1.294,1.755,1,1
10,3,27,3,N,nb9,215,-1.576,-0.375,1,1
10,3,27,3,N,nb10,215,1.235,0.554,1,1
10,3,27,3,N,nb11,215,0.915,-0.801,0,0
10,3,27,3,N,nb12,215,-0.149,-1.772,1,1
10,3,27,3,N,nb13,215,-0.164,-1.595,2,1
10,3,27,3,N,nb14,215,1.695,-1.377,0,0
10,3,27,3,N,nb15,215,0.888,0.674,2,1
10,3,27,3,N,nb16,215,-0.488,0.194,1,1
10,3,27,3,N,nb17,215,0.983,-1.558,0,0
10,3,27,3,N,nb18,215,0.637,-1.026,0,0
10,3,27,3,N,nb19,215,-1.341,-0.217,1,1
10,3,27,3,N,nb20,215,-0.171,0.824,1,1
10,3,27,3,N,nb21,215,0.342,1.449,2,1
10,3,27,3,N,nb22,215,-1.208,1.499,2,1
10,3,27,3,N,nb23,215,-1.006,1.36,1,1
10,3,27,3,N,nb24,215,-0.404,0.021,2,1
10,3,27,3,N,nb25,215,-0.414,-0.223,1,1
10,3,27,3,N,nb26,215,0.019,-1.501,2,1
10,3,27,3,N,nb27,215,1.119,0.754,2,1
10,3,27,3,N,nb28,215,-1.367,-0.457,2,1
10,3,27,3,N,nb29,215,-0.003,-1.262,1,1
10,3,27,3,A,aa0,215,-1.865,1.645,1,0
10,3,27,3,A,aa1,215,1.743,0.275,1,0
10,3,27,3,A,aa2,215,1.472,-0.522,0,0
10,3,27,3,N,nb0,220,0.12,1.535,1,1
10,3,27,3,N,nb1,220,0.309,1.205,1,1
10,3,27,3,N,nb2,220,-0.411,0.792,1,1
10,3,27,3,N,nb3,220,0.387,-1.501,1,1
10,3,27,3,N,nb4,220,0.794,0.901,1,1
10,3,27,3,N,nb5,220,0.313,-1.738,1,1
10,3,27,3,N,nb6,220,-0.954,1.71,1,1
10,3,27,3,N,nb7,220,-1.123,1.695,3,1
10,3,27,3,N,nb8,220,-1.294,1.755,1,1
10,3,27,3,N,nb9,220,-1.576,-0.375,1,1
10,3,27,3,N,nb10,220,1.235,0.554,1,1
10,3,27,3,N,nb11,220,0.869,-0.891,0,0
10,3,27,3,N,nb12,220,-0.149,-1.772,1,1
10,3,27,3,N,nb13,220,-0.164,-1.595,2,1
10,3,27,3,N,nb14,220,1.737,-1.468,0,0
10,3,27,3,N,nb15,220,0.888,0.674,2,1
10,3,27,3,N,nb16,220,-0.488,0.194,1,1
10,3,27,3,N,nb17,220,0.968,-1.657,0,0
10,3,27,3,N,nb18,220,0.575,-1.105,0,0
10,3,27,3,N,nb19,220,-1.341,-0.217,1,0
10,3,27,3,N,nb20,220,-0.171,0.824,1,1
10,3,27,3,N,nb21,220,0.342,1.449,2,1
10,3,27,3,N,nb22,220,-1.208,1.499,2,1
10,3,27,3,N,nb23,220,-1.006,1.36,1,1
10,3,27,3,N,nb24,220,-0.404,0.021,2,1
10,3,27,3,N,nb25,220,-0.414,-0.223,1,1
10,3,27,3,N,nb26,220,0.019,-1.501,2,1
10,3,27,3,N,nb27,220,1.119,0.754,2,1
10,3,27,3,N,nb28,220,-1.367,-0.457,2,1
10,3,27,3,N,nb29,220,-0.003,-1.262,1,1
10,3,27,3,A,aa0,220,-1.865,1.573,0,0
10,3,27,3,A,aa1,220,1.715,0.371,1,0
10,3,27,3,A,aa2,220,1.373,-0.511,0,0
10,3,27,3,N,nb0,225,0.12,1.535,1,1
10,3,27,3,N,nb1,225,0.309,1.205,1,1
10,3,27,3,N,nb2,225,-0.411,0.792,1,1
10,3,27,3,N,nb3,225,0.387,-1.501,1,1
10,3,27,3,N,nb4,225,0.794,0.901,1,1
10,3,27,3,N,nb5,225,0.313,-1.738,1,1
10,3,27,3,N,nb6,225,-0.954,1.71,1,1
10,3,27,3,N,nb7,225,-1.123,1.695,3,1
10,3,27,3,N,nb8,225,-1.294,1.755,1,1
10,3,27,3,N,nb9,225,-1.576,-0.375,1,1
10,3,27,3,N,nb10,225,1.235,0.554,1,1
10,3,27,3,N,nb11,225,0.824,-0.98,0,0
10,3,27,3,N,nb12,225,-0.149,-1.772,1,1
10,3,27,3,N,nb13,225,-0.164,-1.595,2,1
10,3,27,3,N,nb14,225,1.779,-1.557,0,0
10,3,27,3,N,nb15,225,0.888,0.674,2,1
10,3,27,3,N,nb16,225,-0.488,0.194,1,1
10,3,27,3,N,nb17,225,0.952,-1.756,0,0
10,3,27,3,N,nb18,225,0.513,-1.183,0,0
10,3,27,3,N,nb19,225,-1.341,-0.217,1,1
10,3,27,3,N,nb20,225,-0.171,0.824,1,1
10,3,27,3,N,nb21,225,0.342,1.449,2,1
10,3,27,3,N,nb22,225,-1.208,1.499,2,1
10,3,27,3,N,nb23,225,-1.006,1.36,1,1
10,3,27,3,N,nb24,225,-0.404,0.021,2,1
10,3,27,3,N,nb25,225,-0.414,-0.223,1,0
10,3,27,3,N,nb26,225,0.019,-1.501,2,1
10,3,27,3,N,nb27,225,1.119,0.754,2,1
10,3,27,3,N,nb28,225,-1.367,-0.457,2,1
10,3,27,3,N,nb29,225,-0.003,-1.262,1,1
10,3,27,3,A,aa0,225,-1.865,1.493,0,0
10,3,27,3,A,aa1,225,1.687,0.467,1,0
10,3,27,3,A,aa2,225,1.273,-0.5,0,0
10,3,27,3,N,nb0,230,0.12,1.535,1,1
10,3,27,3,N,nb1,230,0.309,1.205,1,1
10,3,27,3,N,nb2,230,-0.411,0.792,1,1
10,3,27,3,N,nb3,230,0.387,-1.501,1,1
10,3,27,3,N,nb4,230,0.794,0.901,1,1
10,3,27,3,N,nb5,230,0.313,-1.738,1,1
10,3,27,3,N,nb6,230,-0.954,1.71,1,1
10,3,27,3,N,nb7,230,-1.123,1.695,3,1
10,3,27,3,N,nb8,230,-1.294,1.755,1,1
10,3,27,3,N,nb9,230,-1.576,-0.375,1,1
10,3,27,3,N,nb10,230,1.235,0.554,1,1
10,3,27,3,N,nb11,230,0.779,-1.069,0,0
10,3,27,3,N,nb12,230,-0.149,-1.772,1,1
10,3,27,3,N,nb13,230,-0.164,-1.595,2,1
10,3,27,3,N,nb14,230,1.81,-1.641,0,0
10,3,27,3,N,nb15,230,0.888,0.674,2,1
10,3,27,3,N,nb16,230,-0.488,0.194,1,1
10,3,27,3,N,nb17,230,0.935,-1.842,0,0
10,3,27,3,N,nb18,230,0.453,-1.26,0,0
10,3,27,3,N,nb19,230,-1.341,-0.217,1,1
10,3,27,3,N,nb20,230,-0.171,0.824,1,1
10,3,27,3,N,nb21,230,0.342,1.449,2,1
10,3,27,3,N,nb22,230,-1.208,1.499,2,1
10,3,27,3,N,nb23,230,-1.006,1.36,1,1
10,3,27,3,N,nb24,230,-0.404,0.021,2,1
10,3,27,3,N,nb25,230,-0.414,-0.223,1,1
10,3,27,3,N,nb26,230,0.019,-1.501,2,1
10,3,27,3,N,nb27,230,1.119,0.754,2,1
10,3,27,3,N,nb28,230,-1.367,-0.457,2,1
10,3,27,3,N,nb29,230,-0.003,-1.262,1,1
10,3,27,3,A,aa0,230,-1.865,1.491,0,0
10,3,27,3,A,aa1,230,1.686,0.47,1,0
10,3,27,3,A,aa2,230,1.174,-0.49,0,0
10,3,27,3,N,nb0,235,0.12,1.535,1,1
10,3,27,3,N,nb1,235,0.309,1.205,1,1
10,3,27,3,N,nb2,235,-0.411,0.792,1,1
10,3,27,3,N,nb3,235,0.387,-1.501,2,1
10,3,27,3,N,nb4,235,0.794,0.901,1,1
10,3,27,3,N,nb5,235,0.313,-1.738,1,1
10,3,27,3,N,nb6,235,-0.954,1.71,1,1
10,3,27,3,N,nb7,235,-1.123,1.695,3,1
10,3,27,3,N,nb8,235,-1.294,1.755,1,1
10,3,27,3,N,nb9,235,-1.576,-0.375,1,1
10,3,27,3,N,nb10,235,1.235,0.554,1,1
10,3,27,3,N,nb11,235,0.733,-1.158,0,0
10,3,27,3,N,nb12,235,-0.149,-1.772,1,1
10,3,27,3,N,nb13,235,-0.164,-1.595,2,1
10,3,27,3,N,nb14,235,1.831,-1.73,0,0
10,3,27,3,N,nb15,235,0.888,0.674,2,1
10,3,27,3,N,nb16,235,-0.488,0.194,1,1
10,3,27,3,N,nb17,235,0.906,-1.865,0,0
10,3,27,3,N,nb18,235,0.44,-1.275,1,1
10,3,27,3,N,nb19,235,-1.341,-0.217,1,1
10,3,27,3,N,nb20,235,-0.171,0.824,1,1
10,3,27,3,N,nb21,235,0.342,1.449,2,1
10,3,27,3,N,nb22,235,-1.208,1.499,2,1
10,3,27,3,N,nb23,235,-1.006,1.36,1,1
10,3,27,3,N,nb24,235,-0.404,0.021,2,1
10,3,27,3,N,nb25,235,-0.414,-0.223,1,1
10,3,27,3,N,nb26,235,0.019,-1.501,2,1
10,3,27,3,N,nb27,235,1.119,0.754,2,1
10,3,27,3,N,nb28,235,-1.367,-0.457,2,1
10,3,27,3,N,nb29,235,-0.003,-1.262,1,1
10,3,27,3,A,aa0,235,-1.828,1.408,0,0
10,3,27,3,A,aa1,235,1.65,0.476,2,0
10,3,27,3,A,aa2,235,1.075,-0.479,0,0
10,3,27,3,N,nb0,240,0.12,1.535,1,1
10,3,27,3,N,nb1,240,0.309,1.205,1,1
10,3,27,3,N,nb2,240,-0.411,0.792,1,1
10,3,27,3,N,nb3,240,0.387,-1.501,2,1
10,3,27,3,N,nb4,240,0.794,0.901,1,1
10,3,27,3,N,nb5,240,0.313,-1.738,1,1
10,3,27,3,N,nb6,240,-0.954,1.71,1,1
10,3,27,3,N,nb7,240,-1.123,1.695,3,1
10,3,27,3,N,nb8,240,-1.294,1.755,1,1
10,3,27,3,N,nb9,240,-1.576,-0.375,1,1
10,3,27,3,N,nb10,240,1.235,0.554,1,1
10,3,27,3,N,nb11,240,0.689,-1.245,0,0
10,3,27,3,N,nb12,240,-0.149,-1.772,1,1
10,3,27,3,N,nb13,240,-0.164,-1.595,2,1
10,3,27,3,N,nb14,240,1.839,-1.82,0,0
10,3,27,3,N,nb15,240,0.888,0.674,2,1
10,3,27,3,N,nb16,240,-0.488,0.194,1,1
10,3,27,3,N,nb17,240,0.864,-1.865,0,0
10,3,27,3,N,nb18,240,0.44,-1.275,1,1
10,3,27,3,N,nb19,240,-1.341,-0.217,1,1
10,3,27,3,N,nb20,240,-0.171,0.824,1,1
10,3,27,3,N,nb21,240,0.342,1.449,2,1
10,3,27,3,N,nb22,240,-1.208,1.499,2,1
10,3,27,3,N,nb23,240,-1.006,1.36,1,1
10,3,27,3,N,nb24,240,-0.404,0.021,2,1
10,3,27,3,N,nb25,240,-0.414,-0.223,1,1
10,3,27,3,N,nb26,240,0.019,-1.501,2,1
10,3,27,3,N,nb27,240,1.119,0.754,2,1
10,3,27,3,N,nb28,240,-1.367,-0.457,2,1
10,3,27,3,N,nb29,240,-0.003,-1.262,1,1
10,3,27,3,A,aa0,240,-1.782,1.325,1,0
10,3,27,3,A,aa1,240,1.551,0.49,2,0
10,3,27,3,A,aa2,240,0.975,-0.469,0,0
10,3,27,3,N,nb0,245,0.12,1.535,1,1
10,3,27,3,N,nb1,245,0.309,1.205,1,1
10,3,27,3,N,nb2,245,-0.411,0.792,1,1
10,3,27,3,N,nb3,245,0.387,-1.501,2,1
10,3,27,3,N,nb4,245,0.794,0.901,1,1
10,3,27,3,N,nb5,245,0.313,-1.738,1,1
10,3,27,3,N,nb6,245,-0.954,1.71,1,1
10,3,27,3,N,nb7,245,-1.123,1.695,3,1
10,3,27,3,N,nb8,245,-1.294,1.755,1,1
10,3,27,3,N,nb9,245,-1.576,-0.375,1,1
10,3,27,3,N,nb10,245,1.235,0.554,1,1
10,3,27,3,N,nb11,245,0.68,-1.264,1,1
10,3,27,3,N,nb12,245,-0.149,-1.772,1,1
10,3,27,3,N,nb13,245,-0.164,-1.595,2,1
10,3,27,3,N,nb14,245,1.838,-1.866,0,0
10,3,27,3,N,nb15,245,0.888,0.674,2,1
10,3,27,3,N,nb16,245,-0.488,0.194,1,1
10,3,27,3,N,nb17,245,0.808,-1.865,0,0
10,3,27,3,N,nb18,245,0.44,-1.275,2,1
10,3,27,3,N,nb19,245,-1.341,-0.217,1,1
10,3,27,3,N,nb20,245,-0.171,0.824,1,1
10,3,27,3,N,nb21,245,0.342,1.449,2,1
10,3,27,3,N,nb22,245,-1.208,1.499,2,1
10,3,27,3,N,nb23,245,-1.006,1.36,1,1
10,3,27,3,N,nb24,245,-0.404,0.021,2,1
10,3,27,3,N,nb25,245,-0.414,-0.223,1,1
10,3,27,3,N,nb26,245,0.019,-1.501,2,1
10,3,27,3,N,nb27,245,1.119,0.754,2,1
10,3,27,3,N,nb28,245,-1.367,-0.457,2,1
10,3,27,3,N,nb29,245,-0.003,-1.262,1,1
10,3,27,3,A,aa0,245,-1.757,1.297,1,0
10,3,27,3,A,aa1,245,1.457,0.503,2,0
10,3,27,3,A,aa2,245,0.876,-0.458,0,0
10,3,27,3,N,nb0,250,0.12,1.535,1,1
10,3,27,3,N,nb1,250,0.309,1.205,1,0
10,3,27,3,N,nb2,250,-0.411,0.792,1,1
10,3,27,3,N,nb3,250,0.387,-1.501,2,1
10,3,27,3,N,nb4,250,0.794,0.901,1,1
10,3,27,3,N,nb5,250,0.313,-1.738,1,1
10,3,27,3,N,nb6,250,-0.954,1.71,1,1
10,3,27,3,N,nb7,250,-1.123,1.695,3,1
10,3,27,3,N,nb8,250,-1.294,1.755,1,1
10,3,27,3,N,nb9,250,-1.576,-0.375,1,1
10,3,27,3,N,nb10,250,1.222,0.551,1,1
10,3,27,3,N,nb11,250,0.68,-1.264,1,1
10,3,27,3,N,nb12,250,-0.149,-1.772,1,1
10,3,27,3,N,nb13,250,-0.164,-1.595,2,1
10,3,27,3,N,nb14,250,1.825,-1.866,0,0
10,3,27,3,N,nb15,250,0.888,0.674,2,1
10,3,27,3,N,nb16,250,-0.488,0.194,1,1
10,3,27,3,N,nb17,250,0.74,-1.865,0,0
10,3,27,3,N,nb18,250,0.44,-1.275,2,1
10,3,27,3,N,nb19,250,-1.341,-0.217,1,1
10,3,27,3,N,nb20,250,-0.171,0.824,1,1
10,3,27,3,N,nb21,250,0.342,1.449,2,1
10,3,27,3,N,nb22,250,-1.208,1.499,2,1
10,3,27,3,N,nb23,250,-1.006,1.36,1,1
10,3,27,3,N,nb24,250,-0.404,0.021,2,1
10,3,27,3,N,nb25,250,-0.414,-0.223,1,1
10,3,27,3,N,nb26,250,0.019,-1.501,2,1
10,3,27,3,N,nb27,250,1.119,0.754,2,1
10,3,27,3,N,nb28,250,-1.367,-0.457,2,1
10,3,27,3,N,nb29,250,-0.003,-1.262,1,1
10,3,27,3,A,aa0,250,-1.673,1.243,1,0
10,3,27,3,A,aa1,250,1.385,0.504,1,0
10,3,27,3,A,aa2,250,0.776,-0.447,0,0
10,3,27,3,N,nb0,255,0.12,1.535,1,1
10,3,27,3,N,nb1,255,0.309,1.205,1,1
10,3,27,3,N,nb2,255,-0.411,0.792,1,1
10,3,27,3,N,nb3,255,0.387,-1.501,2,1
10,3,27,3,N,nb4,255,0.794,0.901,1,1
10,3,27,3,N,nb5,255,0.313,-1.738,1,1
10,3,27,3,N,nb6,255,-0.954,1.71,1,1
10,3,27,3,N,nb7,255,-1.123,1.695,3,1
10,3,27,3,N,nb8,255,-1.294,1.755,1,1
10,3,27,3,N,nb9,255,-1.576,-0.375,1,1
10,3,27,3,N,nb10,255,1.181,0.544,1,1
10,3,27,3,N,nb11,255,0.68,-1.264,1,1
10,3,27,3,N,nb12,255,-0.149,-1.772,1,1
10,3,27,3,N,nb13,255,-0.164,-1.595,2,1
10,3,27,3,N,nb14,255,1.796,-1.866,0,0
10,3,27,3,N,nb15,255,0.888,0.674,2,1
10,3,27,3,N,nb16,255,-0.488,0.194,1,1
10,3,27,3,N,nb17,255,0.665,-1.865,0,0
10,3,27,3,N,nb18,255,0.44,-1.275,2,1
10,3,27,3,N,nb19,255,-1.341,-0.217,1,1
10,3,27,3,N,nb20,255,-0.171,0.824,1,1
10,3,27,3,N,nb21,255,0.342,1.449,2,1
10,3,27,3,N,nb22,255,-1.208,1.499,2,1
10,3,27,3,N,nb23,255,-1.006,1.36,1,1
10,3,27,3,N,nb24,255,-0.404,0.021,2,1
10,3,27,3,N,nb25,255,-0.414,-0.223,1,1
10,3,27,3,N,nb26,255,0.019,-1.501,2,1
10,3,27,3,N,nb27,255,1.119,0.754,2,1
10,3,27,3,N,nb28,255,-1.367,-0.457,2,1
10,3,27,3,N,nb29,255,-0.003,-1.262,1,1
10,3,27,3,A,aa0,255,-1.589,1.189,1,0
10,3,27,3,A,aa1,255,1.343,0.493,2,0
10,3,27,3,A,aa2,255,0.677,-0.437,0,0
10,3,27,3,N,nb0,260,0.12,1.535,1,1
10,3,27,3,N,nb1,260,0.309,1.205,1,1
10,3,27,3,N,nb2,260,-0.411,0.792,1,1
10,3,27,3,N,nb3,260,0.387,-1.501,2,1
10,3,27,3,N,nb4,260,0.794,0.901,1,1
10,3,27,3,N,nb5,260,0.313,-1.738,1,1
10,3,27,3,N,nb6,260,-0.954,1.71,1,1
10,3,27,3,N,nb7,260,-1.123,1.695,3,1
10,3,27,3,N,nb8,260,-1.294,1.755,1,1
10,3,27,3,N,nb9,260,-1.576,-0.375,1,1
10,3,27,3,N,nb10,260,1.146,0.541,1,1
10,3,27,3,N,nb11,260,0.68,-1.264,1,1
10,3,27,3,N,nb12,260,-0.149,-1.772,1,1
10,3,27,3,N,nb13,260,-0.164,-1.595,2,1
10,3,27,3,N,nb14,260,1.753,-1.866,0,0
10,3,27,3,N,nb15,260,0.888,0.674,2,1
10,3,27,3,N,nb16,260,-0.488,0.194,1,1
10,3,27,3,N,nb17,260,0.582,-1.865,0,0
10,3,27,3,N,nb18,260,0.44,-1.275,2,1
10,3,27,3,N,nb19,260,-1.341,-0.217,1,1
10,3,27,3,N,nb20,260,-0.171,0.824,1,1
10,3,27,3,N,nb21,260,0.342,1.449,2,1
10,3,27,3,N,nb22,260,-1.208,1.499,2,1
10,3,27,3,N,nb23,260,-1.006,1.36,1,0
10,3,27,3,N,nb24,260,-0.404,0.021,2,1
10,3,27,3,N,nb25,260,-0.414,-0.223,1,1
10,3,27,3,N,nb26,260,0.019,-1.501,2,1
10,3,27,3,N,nb27,260,1.119,0.754,2,1
10,3,27,3,N,nb28,260,-1.367,-0.457,2,1
10,3,27,3,N,nb29,260,-0.003,-1.262,1,1
10,3,27,3,A,aa0,260,-1.504,1.135,2,0
10,3,27,3,A,aa1,260,1.297,0.462,2,0
10,3,27,3,A,aa2,260,0.577,-0.426,0,0
10,3,27,3,N,nb0,265,0.12,1.535,1,1
10,3,27,3,N,nb1,265,0.309,1.205,1,1
10,3,27,3,N,nb2,265,-0.411,0.792,1,1
10,3,27,3,N,nb3,265,0.387,-1.501,2,1
10,3,27,3,N,nb4,265,0.794,0.901,1,1
10,3,27,3,N,nb5,265,0.313,-1.738,2,1
10,3,27,3,N,nb6,265,-0.954,1.71,1,1
10,3,27,3,N,nb7,265,-1.123,1.695,3,1
10,3,27,3,N,nb8,265,-1.294,1.755,1,1
10,3,27,3,N,nb9,265,-1.576,-0.375,1,1
10,3,27,3,N,nb10,265,1.127,0.544,1,1
10,3,27,3,N,nb11,265,0.68,-1.264,1,1
10,3,27,3,N,nb12,265,-0.149,-1.772,1,1
10,3,27,3,N,nb13,265,-0.164,-1.595,2,1
10,3,27,3,N,nb14,265,1.697,-1.866,0,0
10,3,27,3,N,nb15,265,0.888,0.674,2,1
10,3,27,3,N,nb16,265,-0.488,0.194,1,1
10,3,27,3,N,nb17,265,0.509,-1.865,1,1
10,3,27,3,N,nb18,265,0.44,-1.275,2,1
10,3,27,3,N,nb19,265,-1.341,-0.217,1,1
10,3,27,3,N,nb20,265,-0.171,0.824,1,1
10,3,27,3,N,nb21,265,0.342,1.449,2,1
10,3,27,3,N,nb22,265,-1.208,1.499,2,1
10,3,27,3,N,nb23,265,-1.006,1.36,1,1
10,3,27,3,N,nb24,265,-0.404,0.021,2,1
10,3,27,3,N,nb25,265,-0.414,-0.223,1,1
10,3,27,3,N,nb26,265,0.019,-1.501,2,1
10,3,27,3,N,nb27,265,1.119,0.754,2,1
10,3,27,3,N,nb28,265,-1.367,-0.457,2,1
10,3,27,3,N,nb29,265,-0.003,-1.262,1,1
10,3,27,3,A,aa0,265,-1.42,1.081,2,0
10,3,27,3,A,aa1,265,1.235,0.413,1,0
10,3,27,3,A,aa2,265,0.478,-0.415,0,0
10,3,27,3,N,nb0,270,0.12,1.535,1,1
10,3,27,3,N,nb1,270,0.309,1.205,1,1
10,3,27,3,N,nb2,270,-0.411,0.792,1,1
10,3,27,3,N,nb3,270,0.387,-1.501,2,1
10,3,27,3,N,nb4,270,0.794,0.901,1,1
10,3,27,3,N,nb5,270,0.313,-1.738,2,1
10,3,27,3,N,nb6,270,-0.954,1.71,1,1
10,3,27,3,N,nb7,270,-1.123,1.695,3,1
10,3,27,3,N,nb8,270,-1.294,1.755,1,1
10,3,27,3,N,nb9,270,-1.576,-0.375,1,1
10,3,27,3,N,nb10,270,1.127,0.545,1,0
10,3,27,3,N,nb11,270,0.68,-1.264,1,1
10,3,27,3,N,nb12,270,-0.149,-1.772,1,1
10,3,27,3,N,nb13,270,-0.164,-1.595,2,1
10,3,27,3,N,nb14,270,1.629,-1.866,0,0
10,3,27,3,N,nb15,270,0.888,0.674,2,1
10,3,27,3,N,nb16,270,-0.488,0.194,1,1
10,3,27,3,N,nb17,270,0.509,-1.865,1,1
10,3,27,3,N,nb18,270,0.44,-1.275,2,1
10,3,27,3,N,nb19,270,-1.341,-0.217,1,1
10,3,27,3,N,nb20,270,-0.171,0.824,1,1
10,3,27,3,N,nb21,270,0.342,1.449,2,1
10,3,27,3,N,nb22,270,-1.208,1.499,2,1
10,3,27,3,N,nb23,270,-1.006,1.36,1,1
10,3,27,3,N,nb24,270,-0.404,0.021,2,1
10,3,27,3,N,nb25,270,-0.414,-0.223,1,1
10,3,27,3,N,nb26,270,0.019,-1.501,2,1
10,3,27,3,N,nb27,270,1.119,0.754,2,1
10,3,27,3,N,nb28,270,-1.367,-0.457,2,1
10,3,27,3,N,nb29,270,-0.003,-1.262,1,1
10,3,27,3,A,aa0,270,-1.417,1.08,2,0
10,3,27,3,A,aa1,270,1.163,0.354,2,0
10,3,27,3,A,aa2,270,0.379,-0.405,0,0
10,3,27,3,N,nb0,275,0.12,1.535,1,1
10,3,27,3,N,nb1,275,0.309,1.205,1,1
10,3,27,3,N,nb2,275,-0.411,0.792,1,1
10,3,27,3,N,nb3,275,0.387,-1.501,2,1
10,3,27,3,N,nb4,275,0.794,0.901,1,1
10,3,27,3,N,nb5,275,0.313,-1.738,2,1
10,3,27,3,N,nb6,275,-0.954,1.71,1,1
10,3,27,3,N,nb7,275,-1.123,1.695,3,1
10,3,27,3,N,nb8,275,-1.294,1.755,1,1
10,3,27,3,N,nb9,275,-1.576,-0.375,1,1
10,3,27,3,N,nb10,275,1.127,0.545,1,1
10,3,27,3,N,nb11,275,0.68,-1.264,1,1
10,3,27,3,N,nb12,275,-0.149,-1.772,1,1
10,3,27,3,N,nb13,275,-0.164,-1.595,2,1
10,3,27,3,N,nb14,275,1.553,-1.866,0,0
10,3,27,3,N,nb15,275,0.888,0.674,2,1
10,3,27,3,N,nb16,275,-0.488,0.194,1,1
10,3,27,3,N,nb17,275,0.509,-1.865,1,1
10,3,27,3,N,nb18,275,0.44,-1.275,2,1
10,3,27,3,N,nb19,275,-1.341,-0.217,1,1
10,3,27,3,N,nb20,275,-0.171,0.824,1,1
10,3,27,3,N,nb21,275,0.342,1.449,2,1
10,3,27,3,N,nb22,275,-1.208,1.499,2,1
10,3,27,3,N,nb23,275,-1.006,1.36,1,1
10,3,27,3,N,nb24,275,-0.404,0.021,2,1
10,3,27,3,N,nb25,275,-0.414,-0.223,1,1
10,3,27,3,N,nb26,275,0.019,-1.501,2,1
10,3,27,3,N,nb27,275,1.119,0.754,2,1
10,3,27,3,N,nb28,275,-1.367,-0.457,2,1
10,3,27,3,N,nb29,275,-0.003,-1.262,1,1
10,3,27,3,A,aa0,275,-1.386,1.099,2,0
10,3,27,3,A,aa1,275,1.094,0.288,2,0
10,3,27,3,A,aa2,275,0.335,-0.4,0,0
10,3,27,3,N,nb0,280,0.12,1.535,1,1
10,3,27,3,N,nb1,280,0.309,1.205,1,1
10,3,27,3,N,nb2,280,-0.411,0.792,1,1
10,3,27,3,N,nb3,280,0.387,-1.501,2,1
10,3,27,3,N,nb4,280,0.794,0.901,1,1
10,3,27,3,N,nb5,280,0.313,-1.738,2,1
10,3,27,3,N,nb6,280,-0.954,1.71,1,1
10,3,27,3,N,nb7,280,-1.123,1.695,3,0
10,3,27,3,N,nb8,280,-1.294,1.755,1,0
10,3,27,3,N,nb9,280,-1.576,-0.375,1,1
10,3,27,3,N,nb10,280,1.127,0.545,1,1
10,3,27,3,N,nb11,280,0.68,-1.264,1,1
10,3,27,3,N,nb12,280,-0.149,-1.772,1,1
10,3,27,3,N,nb13,280,-0.164,-1.595,2,1
10,3,27,3,N,nb14,280,1.47,-1.866,0,0
10,3,27,3,N,nb15,280,0.888,0.674,2,1
10,3,27,3,N,nb16,280,-0.488,0.194,1,1
10,3,27,3,N,nb17,280,0.509,-1.865,1,1
10,3,27,3,N,nb18,280,0.44,-1.275,2,1
10,3,27,3,N,nb19,280,-1.341,-0.217,1,1
10,3,27,3,N,nb20,280,-0.171,0.824,1,1
10,3,27,3,N,nb21,280,0.342,1.449,2,1
10,3,27,3,N,nb22,280,-1.208,1.499,2,0
10,3,27,3,N,nb23,280,-1.006,1.36,1,1
10,3,27,3,N,nb24,280,-0.404,0.021,2,1
10,3,27,3,N,nb25,280,-0.414,-0.223,1,1
10,3,27,3,N,nb26,280,0.019,-1.501,2,1
10,3,27,3,N,nb27,280,1.119,0.754,2,1
10,3,27,3,N,nb28,280,-1.367,-0.457,2,1
10,3,27,3,N,nb29,280,-0.003,-1.262,1,1
10,3,27,3,A,aa0,280,-1.302,1.154,2,0
10,3,27,3,A,aa1,280,1.026,0.216,2,0
10,3,27,3,A,aa2,280,0.335,-0.4,0,0
10,3,27,3,N,nb0,285,0.12,1.535,1,1
10,3,27,3,N,nb1,285,0.309,1.205,1,1
10,3,27,3,N,nb2,285,-0.411,0.792,1,1
10,3,27,3,N,nb3,285,0.387,-1.501,2,1
10,3,27,3,N,nb4,285,0.794,0.901,1,1
10,3,27,3,N,nb5,285,0.313,-1.738,2,1
10,3,27,3,N,nb6,285,-0.954,1.71,1,0
10,3,27,3,N,nb7,285,-1.123,1.695,3,1
10,3,27,3,N,nb8,285,-1.294,1.755,1,1
10,3,27,3,N,nb9,285,-1.576,-0.375,1,1
10,3,27,3,N,nb10,285,1.127,0.545,1,1
10,3,27,3,N,nb11,285,0.68,-1.264,1,1
10,3,27,3,N,nb12,285,-0.149,-1.772,1,1
10,3,27,3,N,nb13,285,-0.164,-1.595,2,1
10,3,27,3,N,nb14,285,1.383,-1.866,0,0
10,3,27,3,N,nb15,285,0.888,0.674,2,1
10,3,27,3,N,nb16,285,-0.488,0.194,1,1
10,3,27,3,N,nb17,285,0.509,-1.865,1,1
10,3,27,3,N,nb18,285,0.44,-1.275,2,1
10,3,27,3,N,nb19,285,-1.341,-0.217,1,1
10,3,27,3,N,nb20,285,-0.171,0.824,1,1
10,3,27,3,N,nb21,285,0.342,1.449,2,1
10,3,27,3,N,nb22,285,-1.208,1.499,2,0
10,3,27,3,N,nb23,285,-1.006,1.36,1,0
10,3,27,3,N,nb24,285,-0.404,0.021,2,1
10,3,27,3,N,nb25,285,-0.414,-0.223,1,1
10,3,27,3,N,nb26,285,0.019,-1.501,2,1
10,3,27,3,N,nb27,285,1.119,0.754,2,1
10,3,27,3,N,nb28,285,-1.367,-0.457,2,1
10,3,27,3,N,nb29,285,-0.003,-1.262,1,1
10,3,27,3,A,aa0,285,-1.218,1.208,3,1
10,3,27,3,A,aa1,285,0.957,0.143,2,0
10,3,27,3,A,aa2,285,0.315,-0.435,0,0
10,3,27,3,N,nb0,290,0.12,1.535,1,1
10,3,27,3,N,nb1,290,0.309,1.205,1,1
10,3,27,3,N,nb2,290,-0.411,0.792,1,0
10,3,27,3,N,nb3,290,0.387,-1.501,2,1
10,3,27,3,N,nb4,290,0.794,0.901,1,1
10,3,27,3,N,nb5,290,0.313,-1.738,2,1
10,3,27,3,N,nb6,290,-0.945,1.782,1,0
10,3,27,3,N,nb7,290,-1.122,1.702,3,1
10,3,27,3,N,nb8,290,-1.294,1.755,2,1
10,3,27,3,N,nb9,290,-1.576,-0.375,1,1
10,3,27,3,N,nb10,290,1.127,0.545,1,1
10,3,27,3,N,nb11,290,0.68,-1.264,1,1
10,3,27,3,N,nb12,290,-0.149,-1.772,1,1
10,3,27,3,N,nb13,290,-0.164,-1.595,2,1
10,3,27,3,N,nb14,290,1.292,-1.866,0,0
10,3,27,3,N,nb15,290,0.888,0.674,2,1
10,3,27,3,N,nb16,290,-0.488,0.194,1,1
10,3,27,3,N,nb17,290,0.509,-1.865,1,1
10,3,27,3,N,nb18,290,0.44,-1.275,2,1
10,3,27,3,N,nb19,290,-1.341,-0.217,1,1
10,3,27,3,N,nb20,290,-0.171,0.824,1,0
10,3,27,3,N,nb21,290,0.342,1.449,2,1
10,3,27,3,N,nb22,290,-1.212,1.559,2,0
10,3,27,3,N,nb23,290,-1.036,1.337,0,0
10,3,27,3,N,nb24,290,-0.404,0.021,2,1
10,3,27,3,N,nb25,290,-0.414,-0.223,1,1
10,3,27,3,N,nb26,290,0.019,-1.501,2,1
10,3,27,3,N,nb27,290,1.119,0.754,2,1
10,3,27,3,N,nb28,290,-1.367,-0.457,2,1
10,3,27,3,N,nb29,290,-0.003,-1.262,1,0
10,3,27,3,A,aa0,290,-1.168,1.233,0,0
10,3,27,3,A,aa1,290,0.888,0.07,1,0
10,3,27,3,A,aa2,290,0.325,-0.49,0,0
10,3,27,3,N,nb0,295,0.12,1.535,1,1
10,3,27,3,N,nb1,295,0.309,1.205,1,1
10,3,27,3,N,nb2,295,-0.411,0.792,1,1
10,3,27,3,N,nb3,295,0.387,-1.501,2,1
10,3,27,3,N,nb4,295,0.794,0.901,1,1
10,3,27,3,N,nb5,295,0.313,-1.738,2,1
10,3,27,3,N,nb6,295,-0.927,1.866,1,0
10,3,27,3,N,nb7,295,-1.118,1.728,3,1
10,3,27,3,N,nb8,295,-1.295,1.755,2,1
10,3,27,3,N,nb9,295,-1.576,-0.375,1,1
10,3,27,3,N,nb10,295,1.127,0.545,1,1
10,3,27,3,N,nb11,295,0.68,-1.264,1,1
10,3,27,3,N,nb12,295,-0.149,-1.772,1,1
10,3,27,3,N,nb13,295,-0.164,-1.595,2,1
10,3,27,3,N,nb14,295,1.2,-1.863,0,0
10,3,27,3,N,nb15,295,0.888,0.674,2,1
10,3,27,3,N,nb16,295,-0.488,0.194,1,1
10,3,27,3,N,nb17,295,0.509,-1.865,1,1
10,3,27,3,N,nb18,295,0.44,-1.275,2,1
10,3,27,3,N,nb19,295,-1.341,-0.217,1,1
10,3,27,3,N,nb20,295,-0.171,0.824,1,1
10,3,27,3,N,nb21,295,0.342,1.449,2,1
10,3,27,3,N,nb22,295,-1.227,1.599,2,0
10,3,27,3,N,nb23,295,-1.025,1.319,0,0
10,3,27,3,N,nb24,295,-0.404,0.021,2,1
10,3,27,3,N,nb25,295,-0.414,-0.223,1,1
10,3,27,3,N,nb26,295,0.019,-1.501,2,1
10,3,27,3,N,nb27,295,1.119,0.754,2,1
10,3,27,3,N,nb28,295,-1.367,-0.457,2,1
10,3,27,3,N,nb29,295,-0.003,-1.262,1,1
10,3,27,3,A,aa0,295,-1.156,1.215,1,0
10,3,27,3,A,aa1,295,0.82,-0.003,0,0
10,3,27,3,A,aa2,295,0.329,-0.513,0,0
10,3,27,3,N,nb0,300,0.12,1.535,1,1
10,3,27,3,N,nb1,300,0.309,1.205,1,1
10,3,27,3,N,nb2,300,-0.411,0.792,1,1
10,3,27,3,N,nb3,300,0.387,-1.501,2,1
10,3,27,3,N,nb4,300,0.794,0.901,1,1
10,3,27,3,N,nb5,300,0.313,-1.738,2,1
10,3,27,3,N,nb6,300,-0.922,1.866,1,1
10,3,27,3,N,nb7,300,-1.118,1.728,3,1
10,3,27,3,N,nb8,300,-1.295,1.755,2,1
10,3,27,3,N,nb9,300,-1.576,-0.375,1,1
10,3,27,3,N,nb10,300,1.127,0.545,1,1
10,3,27,3,N,nb11,300,0.68,-1.264,1,1
10,3,27,3,N,nb12,300,-0.149,-1.772,1,1
10,3,27,3,N,nb13,300,-0.164,-1.595,2,1
10,3,27,3,N,nb14,300,1.108,-1.851,0,0
10,3,27,3,N,nb15,300,0.888,0.674,2,1
10,3,27,3,N,nb16,300,-0.488,0.194,1,1
10,3,27,3,N,nb17,300,0.509,-1.865,1,1
10,3,27,3,N,nb18,300,0.44,-1.275,2,1
10,3,27,3,N,nb19,300,-1.341,-0.217,1,1
10,3,27,3,N,nb20,300,-0.171,0.824,1,1
10,3,27,3,N,nb21,300,0.342,1.449,2,1
10,3,27,3,N,nb22,300,-1.227,1.599,2,1
10,3,27,3,N,nb23,300,-1.005,1.288,0,0
10,3,27,3,N,nb24,300,-0.404,0.021,2,1
10,3,27,3,N,nb25,300,-0.414,-0.223,1,1
10,3,27,3,N,nb26,300,0.019,-1.501,2,1
10,3,27,3,N,nb27,300,1.119,0.754,2,1
10,3,27,3,N,nb28,300,-1.367,-0.457,2,1
10,3,27,3,N,nb29,300,-0.003,-1.262,1,1
10,3,27,3,A,aa0,300,-1.135,1.182,2,0
10,3,27,3,A,aa1,300,0.751,-0.075,0,0
10,3,27,3,A,aa2,300,0.378,-0.542,0,0
10,3,27,3,N,nb0,305,0.12,1.535,1,1
10,3,27,3,N,nb1,305,0.309,1.205,1,1
10,3,27,3,N,nb2,305,-0.411,0.792,1,1
10,3,27,3,N,nb3,305,0.387,-1.501,2,1
10,3,27,3,N,nb4,305,0.794,0.901,1,1
10,3,27,3,N,nb5,305,0.313,-1.738,2,1
10,3,27,3,N,nb6,305,-0.922,1.866,1,1
10,3,27,3,N,nb7,305,-1.118,1.728,3,1
10,3,27,3,N,nb8,305,-1.295,1.755,2,1
10,3,27,3,N,nb9,305,-1.576,-0.375,1,1
10,3,27,3,N,nb10,305,1.127,0.545,1,1
10,3,27,3,N,nb11,305,0.68,-1.264,1,1
10,3,27,3,N,nb12,305,-0.149,-1.772,1,1
10,3,27,3,N,nb13,305,-0.164,-1.595,2,1
10,3,27,3,N,nb14,305,1.017,-1.829,0,0
10,3,27,3,N,nb15,305,0.888,0.674,2,1
10,3,27,3,N,nb16,305,-0.488,0.194,1,1
10,3,27,3,N,nb17,305,0.509,-1.865,1,1
10,3,27,3,N,nb18,305,0.44,-1.275,2,1
10,3,27,3,N,nb19,305,-1.341,-0.217,1,1
10,3,27,3,N,nb20,305,-0.171,0.824,1,1
10,3,27,3,N,nb21,305,0.342,1.449,2,1
10,3,27,3,N,nb22,305,-1.227,1.599,2,1
10,3,27,3,N,nb23,305,-0.977,1.244,0,0
10,3,27,3,N,nb24,305,-0.404,0.021,2,1
10,3,27,3,N,nb25,305,-0.414,-0.223,1,1
10,3,27,3,N,nb26,305,0.019,-1.501,2,1
10,3,27,3,N,nb27,305,1.119,0.754,2,1
10,3,27,3,N,nb28,305,-1.367,-0.457,2,1
10,3,27,3,N,nb29,305,-0.003,-1.262,1,1
10,3,27,3,A,aa0,305,-1.107,1.137,2,0
10,3,27,3,A,aa1,305,0.682,-0.148,0,0
10,3,27,3,A,aa2,305,0.464,-0.593,0,0
10,3,27,3,N,nb0,310,0.12,1.535,1,0
10,3,27,3,N,nb1,310,0.309,1.205,1,1
10,3,27,3,N,nb2,310,-0.411,0.792,1,1
10,3,27,3,N,nb3,310,0.387,-1.501,2,0
10,3,27,3,N,nb4,310,0.794,0.901,1,1
10,3,27,3,N,nb5,310,0.313,-1.738,2,0
10,3,27,3,N,nb6,310,-0.922,1.866,1,1
10,3,27,3,N,nb7,310,-1.118,1.728,3,1
10,3,27,3,N,nb8,310,-1.295,1.755,2,1
10,3,27,3,N,nb9,310,-1.576,-0.375,1,1
10,3,27,3,N,nb10,310,1.127,0.545,1,1
10,3,27,3,N,nb11,310,0.68,-1.264,1,1
10,3,27,3,N,nb12,310,-0.149,-1.772,1,0
10,3,27,3,N,nb13,310,-0.164,-1.595,2,0
10,3,27,3,N,nb14,310,0.928,-1.799,0,0
10,3,27,3,N,nb15,310,0.888,0.674,2,1
10,3,27,3,N,nb16,310,-0.488,0.194,1,0
10,3,27,3,N,nb17,310,0.509,-1.865,1,1
10,3,27,3,N,nb18,310,0.44,-1.275,2,1
10,3,27,3,N,nb19,310,-1.341,-0.217,1,1
10,3,27,3,N,nb20,310,-0.171,0.824,1,1
10,3,27,3,N,nb21,310,0.342,1.449,2,0
10,3,27,3,N,nb22,310,-1.227,1.599,2,1
10,3,27,3,N,nb23,310,-0.943,1.191,0,0
10,3,27,3,N,nb24,310,-0.404,0.021,2,0
10,3,27,3,N,nb25,310,-0.414,-0.223,1,1
10,3,27,3,N,nb26,310,0.019,-1.501,2,0
10,3,27,3,N,nb27,310,1.119,0.754,2,1
10,3,27,3,N,nb28,310,-1.367,-0.457,2,1
10,3,27,3,N,nb29,310,-0.003,-1.262,1,1
10,3,27,3,A,aa0,310,-1.072,1.083,1,0
10,3,27,3,A,aa1,310,0.614,-0.221,0,0
10,3,27,3,A,aa2,310,0.55,-0.644,0,0
10,3,27,3,N,nb0,315,0.12,1.535,1,1
10,3,27,3,N,nb1,315,0.309,1.205,1,1
10,3,27,3,N,nb2,315,-0.411,0.792,1,1
10,3,27,3,N,nb3,315,0.387,-1.501,2,1
10,3,27,3,N,nb4,315,0.794,0.901,1,1
10,3,27,3,N,nb5,315,0.313,-1.738,2,1
10,3,27,3,N,nb6,315,-0.922,1.866,1,1
10,3,27,3,N,nb7,315,-1.118,1.728,3,1
10,3,27,3,N,nb8,315,-1.295,1.755,2,1
10,3,27,3,N,nb9,315,-1.576,-0.375,1,1
10,3,27,3,N,nb10,315,1.127,0.545,1,1
10,3,27,3,N,nb11,315,0.68,-1.264,1,1
10,3,27,3,N,nb12,315,-0.149,-1.772,1,1
10,3,27,3,N,nb13,315,-0.164,-1.595,2,1
10,3,27,3,N,nb14,315,0.842,-1.761,0,0
10,3,27,3,N,nb15,315,0.888,0.674,2,1
10,3,27,3,N,nb16,315,-0.488,0.194,1,1
10,3,27,3,N,nb17,315,0.509,-1.865,1,1
10,3,27,3,N,nb18,315,0.44,-1.275,2,1
10,3,27,3,N,nb19,315,-1.341,-0.217,1,1
10,3,27,3,N,nb20,315,-0.171,0.824,1,1
10,3,27,3,N,nb21,315,0.342,1.449,2,1
10,3,27,3,N,nb22,315,-1.227,1.599,2,1
10,3,27,3,N,nb23,315,-0.903,1.129,0,0
10,3,27,3,N,nb24,315,-0.404,0.021,2,1
10,3,27,3,N,nb25,315,-0.414,-0.223,1,1
10,3,27,3,N,nb26,315,0.019,-1.501,2,1
10,3,27,3,N,nb27,315,1.119,0.754,2,1
10,3,27,3,N,nb28,315,-1.367,-0.457,2,1
10,3,27,3,N,nb29,315,-0.003,-1.262,1,1
10,3,27,3,A,aa0,315,-1.031,1.02,0,0
10,3,27,3,A,aa1,315,0.612,-0.223,0,0
10,3,27,3,A,aa2,315,0.636,-0.695,1,0
10,3,27,3,N,nb0,320,0.12,1.535,1,1
10,3,27,3,N,nb1,320,0.309,1.205,1,1
10,3,27,3,N,nb2,320,-0.411,0.792,1,1
10,3,27,3,N,nb3,320,0.387,-1.501,2,1
10,3,27,3,N,nb4,320,0.794,0.901,1,1
10,3,27,3,N,nb5,320,0.313,-1.738,2,1
10,3,27,3,N,nb6,320,-0.922,1.866,1,1
10,3,27,3,N,nb7,320,-1.118,1.728,3,1
10,3,27,3,N,nb8,320,-1.295,1.755,2,1
10,3,27,3,N,nb9,320,-1.576,-0.375,1,1
10,3,27,3,N,nb10,320,1.127,0.545,1,1
10,3,27,3,N,nb11,320,0.68,-1.264,1,1
10,3,27,3,N,nb12,320,-0.149,-1.772,1,1
10,3,27,3,N,nb13,320,-0.164,-1.595,2,1
10,3,27,3,N,nb14,320,0.753,-1.716,0,0
10,3,27,3,N,nb15,320,0.888,0.674,2,1
10,3,27,3,N,nb16,320,-0.488,0.194,1,1
10,3,27,3,N,nb17,320,0.509,-1.865,1,1
10,3,27,3,N,nb18,320,0.44,-1.275,2,1
10,3,27,3,N,nb19,320,-1.341,-0.217,1,1
10,3,27,3,N,nb20,320,-0.171,0.824,1,1
10,3,27,3,N,nb21,320,0.342,1.449,2,1
10,3,27,3,N,nb22,320,-1.227,1.599,2,1
10,3,27,3,N,nb23,320,-0.86,1.061,0,0
10,3,27,3,N,nb24,320,-0.404,0.021,2,1
10,3,27,3,N,nb25,320,-0.414,-0.223,1,1
10,3,27,3,N,nb26,320,0.019,-1.501,2,1
10,3,27,3,N,nb27,320,1.119,0.754,2,1
10,3,27,3,N,nb28,320,-1.367,-0.457,2,1
10,3,27,3,N,nb29,320,-0.003,-1.262,1,1
10,3,27,3,A,aa0,320,-0.987,0.951,1,0
10,3,27,3,A,aa1,320,0.619,-0.299,0,0
10,3,27,3,A,aa2,320,0.722,-0.746,2,0
10,3,27,3,N,nb0,325,0.12,1.535,1,1
10,3,27,3,N,nb1,325,0.309,1.205,1,1
10,3,27,3,N,nb2,325,-0.411,0.792,1,1
10,3,27,3,N,nb3,325,0.387,-1.501,2,1
10,3,27,3,N,nb4,325,0.794,0.901,1,0
10,3,27,3,N,nb5,325,0.313,-1.738,2,1
10,3,27,3,N,nb6,325,-0.922,1.866,1,1
10,3,27,3,N,nb7,325,-1.118,1.728,3,1
10,3,27,3,N,nb8,325,-1.295,1.755,2,1
10,3,27,3,N,nb9,325,-1.576,-0.375,1,1
10,3,27,3,N,nb10,325,1.127,0.545,1,1
10,3,27,3,N,nb11,325,0.68,-1.264,1,1
10,3,27,3,N,nb12,325,-0.149,-1.772,1,1
10,3,27,3,N,nb13,325,-0.164,-1.595,2,1
10,3,27,3,N,nb14,325,0.669,-1.672,0,0
10,3,27,3,N,nb15,325,0.888,0.674,2,1
10,3,27,3,N,nb16,325,-0.488,0.194,1,1
10,3,27,3,N,nb17,325,0.509,-1.865,1,0
10,3,27,3,N,nb18,325,0.44,-1.275,2,1
10,3,27,3,N,nb19,325,-1.341,-0.217,1,1
10,3,27,3,N,nb20,325,-0.171,0.824,1,1
10,3,27,3,N,nb21,325,0.342,1.449,2,1
10,3,27,3,N,nb22,325,-1.227,1.599,2,1
10,3,27,3,N,nb23,325,-0.813,0.989,0,0
10,3,27,3,N,nb24,325,-0.404,0.021,2,1
10,3,27,3,N,nb25,325,-0.414,-0.223,1,1
10,3,27,3,N,nb26,325,0.019,-1.501,2,1
10,3,27,3,N,nb27,325,1.119,0.754,2,1
10,3,27,3,N,nb28,325,-1.367,-0.457,2,1
10,3,27,3,N,nb29,325,-0.003,-1.262,1,1
10,3,27,3,A,aa0,325,-0.939,0.878,1,0
10,3,27,3,A,aa1,325,0.629,-0.399,0,0
10,3,27,3,A,aa2,325,0.808,-0.797,1,0
10,3,27,3,N,nb0,330,0.12,1.535,1,1
10,3,27,3,N,nb1,330,0.309,1.205,1,1
10,3,27,3,N,nb2,330,-0.411,0.792,1,1
10,3,27,3,N,nb3,330,0.387,-1.501,2,1
10,3,27,3,N,nb4,330,0.794,0.901,1,1
10,3,27,3,N,nb5,330,0.313,-1.738,2,1
10,3,27,3,N,nb6,330,-0.922,1.866,1,1
10,3,27,3,N,nb7,330,-1.118,1.728,3,1
10,3,27,3,N,nb8,330,-1.295,1.755,2,1
10,3,27,3,N,nb9,330,-1.576,-0.375,1,1
10,3,27,3,N,nb10,330,1.127,0.545,1,1
10,3,27,3,N,nb11,330,0.68,-1.264,1,1
10,3,27,3,N,nb12,330,-0.149,-1.772,1,1
10,3,27,3,N,nb13,330,-0.164,-1.595,2,1
10,3,27,3,N,nb14,330,0.651,-1.661,1,1
10,3,27,3,N,nb15,330,0.888,0.674,2,1
10,3,27,3,N,nb16,330,-0.488,0.194,1,1
10,3,27,3,N,nb17,330,0.509,-1.865,2,1
10,3,27,3,N,nb18,330,0.44,-1.275,2,1
10,3,27,3,N,nb19,330,-1.341,-0.217,1,1
10,3,27,3,N,nb20,330,-0.171,0.824,1,1
10,3,27,3,N,nb21,330,0.342,1.449,2,1
10,3,27,3,N,nb22,330,-1.227,1.599,2,1
10,3,27,3,N,nb23,330,-0.765,0.913,0,0
10,3,27,3,N,nb24,330,-0.404,0.021,2,1
10,3,27,3,N,nb25,330,-0.414,-0.223,1,1
10,3,27,3,N,nb26,330,0.019,-1.501,2,1
10,3,27,3,N,nb27,330,1.119,0.754,2,1
10,3,27,3,N,nb28,330,-1.367,-0.457,2,1
10,3,27,3,N,nb29,330,-0.003,-1.262,1,1
10,3,27,3,A,aa0,330,-0.89,0.801,1,0
10,3,27,3,A,aa1,330,0.639,-0.498,0,0
10,3,27,3,A,aa2,330,0.894,-0.848,1,0
10,3,27,3,N,nb0,335,0.12,1.535,1,1
10,3,27,3,N,nb1,335,0.309,1.205,1,1
10,3,27,3,N,nb2,335,-0.411,0.792,1,1
10,3,27,3,N,nb3,335,0.387,-1.501,2,1
10,3,27,3,N,nb4,335,0.794,0.901,1,1
10,3,27,3,N,nb5,335,0.313,-1.738,2,1
10,3,27,3,N,nb6,335,-0.922,1.866,1,1
10,3,27,3,N,nb7,335,-1.118,1.728,3,1
10,3,27,3,N,nb8,335,-1.295,1.755,2,1
10,3,27,3,N,nb9,335,-1.576,-0.375,1,0
10,3,27,3,N,nb10,335,1.127,0.545,1,1
10,3,27,3,N,nb11,335,0.68,-1.264,1,1
10,3,27,3,N,nb12,335,-0.149,-1.772,1,1
10,3,27,3,N,nb13,335,-0.164,-1.595,2,1
10,3,27,3,N,nb14,335,0.651,-1.661,1,1
10,3,27,3,N,nb15,335,0.888,0.674,2,1
10,3,27,3,N,nb16,335,-0.488,0.194,1,1
10,3,27,3,N,nb17,335,0.509,-1.865,2,1
10,3,27,3,N,nb18,335,0.44,-1.275,2,1
10,3,27,3,N,nb19,335,-1.341,-0.217,1,1
10,3,27,3,N,nb20,335,-0.171,0.824,1,1
10,3,27,3,N,nb21,335,0.342,1.449,2,1
10,3,27,3,N,nb22,335,-1.227,1.599,2,1
10,3,27,3,N,nb23,335,-0.714,0.838,0,0
10,3,27,3,N,nb24,335,-0.404,0.021,2,1
10,3,27,3,N,nb25,335,-0.414,-0.223,1,1
10,3,27,3,N,nb26,335,0.019,-1.501,2,1
10,3,27,3,N,nb27,335,1.119,0.754,2,1
10,3,27,3,N,nb28,335,-1.367,-0.457,2,0
10,3,27,3,N,nb29,335,-0.003,-1.262,1,1
10,3,27,3,A,aa0,335,-0.838,0.724,1,0
10,3,27,3,A,aa1,335,0.649,-0.598,0,0
10,3,27,3,A,aa2,335,0.98,-0.898,0,0
10,3,27,3,N,nb0,340,0.12,1.535,1,1
10,3,27,3,N,nb1,340,0.309,1.205,1,1
10,3,27,3,N,nb2,340,-0.411,0.792,2,1
10,3,27,3,N,nb3,340,0.387,-1.501,2,1
10,3,27,3,N,nb4,340,0.794,0.901,1,1
10,3,27,3,N,nb5,340,0.313,-1.738,2,1
10,3,27,3,N,nb6,340,-0.922,1.866,1,1
10,3,27,3,N,nb7,340,-1.118,1.728,3,1
10,3,27,3,N,nb8,340,-1.295,1.755,2,1
10,3,27,3,N,nb9,340,-1.576,-0.375,1,1
10,3,27,3,N,nb10,340,1.127,0.545,1,1
10,3,27,3,N,nb11,340,0.68,-1.264,1,1
10,3,27,3,N,nb12,340,-0.149,-1.772,1,1
10,3,27,3,N,nb13,340,-0.164,-1.595,2,1
10,3,27,3,N,nb14,340,0.651,-1.661,1,1
10,3,27,3,N,nb15,340,0.888,0.674,2,1
10,3,27,3,N,nb16,340,-0.488,0.194,1,1
10,3,27,3,N,nb17,340,0.509,-1.865,2,1
10,3,27,3,N,nb18,340,0.44,-1.275,2,1
10,3,27,3,N,nb19,340,-1.341,-0.217,1,1
10,3,27,3,N,nb20,340,-0.171,0.824,1,1
10,3,27,3,N,nb21,340,0.342,1.449,2,1
10,3,27,3,N,nb22,340,-1.227,1.599,2,1
10,3,27,3,N,nb23,340,-0.655,0.767,1,1
10,3,27,3,N,nb24,340,-0.404,0.021,2,1
10,3,27,3,N,nb25,340,-0.414,-0.223,1,1
10,3,27,3,N,nb26,340,0.019,-1.501,2,1
10,3,27,3,N,nb27,340,1.119,0.754,2,1
10,3,27,3,N,nb28,340,-1.367,-0.457,2,1
10,3,27,3,N,nb29,340,-0.003,-1.262,1,1
10,3,27,3,A,aa0,340,-0.789,0.645,1,0
10,3,27,3,A,aa1,340,0.659,-0.697,1,0
10,3,27,3,A,aa2,340,1.066,-0.949,1,0
10,3,27,3,N,nb0,345,0.12,1.535,1,1
10,3,27,3,N,nb1,345,0.309,1.205,1,1
10,3,27,3,N,nb2,345,-0.411,0.792,2,0
10,3,27,3,N,nb3,345,0.387,-1.501,2,1
10,3,27,3,N,nb4,345,0.794,0.901,1,1
10,3,27,3,N,nb5,345,0.313,-1.738,2,1
10,3,27,3,N,nb6,345,-0.922,1.866,1,1
10,3,27,3,N,nb7,345,-1.118,1.728,3,1
10,3,27,3,N,nb8,345,-1.295,1.755,2,1
10,3,27,3,N,nb9,345,-1.576,-0.375,1,1
10,3,27,3,N,nb10,345,1.127,0.545,1,1
10,3,27,3,N,nb11,345,0.68,-1.264,1,1
10,3,27,3,N,nb12,345,-0.149,-1.772,1,1
10,3,27,3,N,nb13,345,-0.164,-1.595,2,1
10,3,27,3,N,nb14,345,0.651,-1.661,1,1
10,3,27,3,N,nb15,345,0.888,0.674,2,1
10,3,27,3,N,nb16,345,-0.488,0.194,1,0
10,3,27,3,N,nb17,345,0.509,-1.865,2,1
10,3,27,3,N,nb18,345,0.44,-1.275,2,1
10,3,27,3,N,nb19,345,-1.341,-0.217,1,1
10,3,27,3,N,nb20,345,-0.171,0.824,1,1
10,3,27,3,N,nb21,345,0.342,1.449,2,1
10,3,27,3,N,nb22,345,-1.227,1.599,2,1
10,3,27,3,N,nb23,345,-0.653,0.765,1,0
10,3,27,3,N,nb24,345,-0.404,0.021,2,1
10,3,27,3,N,nb25,345,-0.414,-0.223,1,1
10,3,27,3,N,nb26,345,0.019,-1.501,2,1
10,3,27,3,N,nb27,345,1.119,0.754,2,1
10,3,27,3,N,nb28,345,-1.367,-0.457,2,1
10,3,27,3,N,nb29,345,-0.003,-1.262,1,1
10,3,27,3,A,aa0,345,-0.748,0.561,3,1
10,3,27,3,A,aa1,345,0.669,-0.797,2,0
10,3,27,3,A,aa2,345,1.152,-1.0,1,0
10,3,27,3,N,nb0,350,0.12,1.535,1,1
10,3,27,3,N,nb1,350,0.309,1.205,1,1
10,3,27,3,N,nb2,350,-0.344,0.801,1,0
10,3,27,3,N,nb3,350,0.387,-1.501,2,1
10,3,27,3,N,nb4,350,0.794,0.901,1,1
10,3,27,3,N,nb5,350,0.313,-1.738,2,1
10,3,27,3,N,nb6,350,-0.922,1.866,1,1
10,3,27,3,N,nb7,350,-1.118,1.728,3,1
10,3,27,3,N,nb8,350,-1.295,1.755,2,1
10,3,27,3,N,nb9,350,-1.576,-0.375,1,1
10,3,27,3,N,nb10,350,1.127,0.545,1,1
10,3,27,3,N,nb11,350,0.68,-1.264,1,1
10,3,27,3,N,nb12,350,-0.149,-1.772,1,1
10,3,27,3,N,nb13,350,-0.164,-1.595,2,1
10,3,27,3,N,nb14,350,0.651,-1.661,1,1
10,3,27,3,N,nb15,350,0.888,0.674,2,1
10,3,27,3,N,nb16,350,-0.556,0.173,1,0
10,3,27,3,N,nb17,350,0.509,-1.865,2,1
10,3,27,3,N,nb18,350,0.44,-1.275,2,1
10,3,27,3,N,nb19,350,-1.341,-0.217,1,1
10,3,27,3,N,nb20,350,-0.171,0.824,1,1
10,3,27,3,N,nb21,350,0.342,1.449,2,1
10,3,27,3,N,nb22,350,-1.227,1.599,2,1
10,3,27,3,N,nb23,350,-0.604,0.719,0,0
10,3,27,3,N,nb24,350,-0.404,0.021,2,1
10,3,27,3,N,nb25,350,-0.414,-0.223,1,1
10,3,27,3,N,nb26,350,0.019,-1.501,2,1
10,3,27,3,N,nb27,350,1.119,0.754,2,1
10,3,27,3,N,nb28,350,-1.367,-0.457,2,1
10,3,27,3,N,nb29,350,-0.003,-1.262,1,1
10,3,27,3,A,aa0,350,-0.711,0.472,0,0
10,3,27,3,A,aa1,350,0.679,-0.896,2,0
10,3,27,3,A,aa2,350,1.238,-1.051,1,0
10,3,27,3,N,nb0,355,0.12,1.535,1,1
10,3,27,3,N,nb1,355,0.309,1.205,1,1
10,3,27,3,N,nb2,355,-0.3,0.804,1,0
10,3,27,3,N,nb3,355,0.387,-1.501,2,1
10,3,27,3,N,nb4,355,0.794,0.901,1,1
10,3,27,3,N,nb5,355,0.313,-1.738,2,1
10,3,27,3,N,nb6,355,-0.922,1.866,1,1
10,3,27,3,N,nb7,355,-1.118,1.728,3,1
10,3,27,3,N,nb8,355,-1.295,1.755,2,1
10,3,27,3,N,nb9,355,-1.576,-0.375,1,1
10,3,27,3,N,nb10,355,1.127,0.545,1,1
10,3,27,3,N,nb11,355,0.68,-1.264,1,1
10,3,27,3,N,nb12,355,-0.149,-1.772,1,1
10,3,27,3,N,nb13,355,-0.164,-1.595,2,1
10,3,27,3,N,nb14,355,0.651,-1.661,1,1
10,3,27,3,N,nb15,355,0.888,0.674,2,0
10,3,27,3,N,nb16,355,-0.649,0.151,0,0
10,3,27,3,N,nb17,355,0.509,-1.865,2,1
10,3,27,3,N,nb18,355,0.44,-1.275,2,1
10,3,27,3,N,nb19,355,-1.341,-0.217,1,1
10,3,27,3,N,nb20,355,-0.135,0.843,1,1
10,3,27,3,N,nb21,355,0.342,1.449,2,1
10,3,27,3,N,nb22,355,-1.227,1.599,2,1
10,3,27,3,N,nb23,355,-0.527,0.659,0,0
10,3,27,3,N,nb24,355,-0.404,0.021,1,1
10,3,27,3,N,nb25,355,-0.414,-0.223,1,1
10,3,27,3,N,nb26,355,0.019,-1.501,2,1
10,3,27,3,N,nb27,355,1.119,0.754,2,0
10,3,27,3,N,nb28,355,-1.367,-0.457,2,1
10,3,27,3,N,nb29,355,-0.003,-1.262,1,1
10,3,27,3,A,aa0,355,-0.682,0.394,1,0
10,3,27,3,A,aa1,355,0.689,-0.996,2,0
10,3,27,3,A,aa2,355,1.325,-1.102,0,0
10,3,27,3,N,nb0,360,0.12,1.535,1,1
10,3,27,3,N,nb1,360,0.309,1.205,1,1
10,3,27,3,N,nb2,360,-0.291,0.806,1,1
10,3,27,3,N,nb3,360,0.387,-1.501,2,0
10,3,27,3,N,nb4,360,0.794,0.901,1,1
10,3,27,3,N,nb5,360,0.313,-1.738,2,1
10,3,27,3,N,nb6,360,-0.922,1.866,1,1
10,3,27,3,N,nb7,360,-1.118,1.728,3,1
10,3,27,3,N,nb8,360,-1.295,1.755,2,1
10,3,27,3,N,nb9,360,-1.576,-0.375,1,1
10,3,27,3,N,nb10,360,1.127,0.545,1,1
10,3,27,3,N,nb11,360,0.68,-1.264,1,0
10,3,27,3,N,nb12,360,-0.149,-1.772,1,1
10,3,27,3,N,nb13,360,-0.164,-1.595,2,1
10,3,27,3,N,nb14,360,0.651,-1.661,1,1
10,3,27,3,N,nb15,360,0.888,0.674,2,1
10,3,27,3,N,nb16,360,-0.74,0.128,0,0
10,3,27,3,N,nb17,360,0.509,-1.865,2,1
10,3,27,3,N,nb18,360,0.44,-1.275,2,0
10,3,27,3,N,nb19,360,-1.341,-0.217,1,1
10,3,27,3,N,nb20,360,-0.128,0.848,1,1
10,3,27,3,N,nb21,360,0.342,1.449,2,1
10,3,27,3,N,nb22,360,-1.227,1.599,2,1
10,3,27,3,N,nb23,360,-0.454,0.597,0,0
10,3,27,3,N,nb24,360,-0.404,0.021,1,1
10,3,27,3,N,nb25,360,-0.414,-0.223,1,1
10,3,27,3,N,nb26,360,0.019,-1.501,2,1
10,3,27,3,N,nb27,360,1.119,0.754,2,1
10,3,27,3,N,nb28,360,-1.367,-0.457,2,1
10,3,27,3,N,nb29,360,-0.003,-1.262,1,1
10,3,27,3,A,aa0,360,-0.682,0.394,1,0
10,3,27,3,A,aa1,360,0.705,-1.08,3,1
10,3,27,3,A,aa2,360,1.411,-1.153,0,0
10,3,27,3,N,nb0,365,0.12,1.535,1,1
10,3,27,3,N,nb1,365,0.309,1.205,1,1
10,3,27,3,N,nb2,365,-0.291,0.806,1,1
10,3,27,3,N,nb3,365,0.388,-1.572,2,0
10,3,27,3,N,nb4,365,0.794,0.901,1,1
10,3,27,3,N,nb5,365,0.313,-1.738,2,1
10,3,27,3,N,nb6,365,-0.922,1.866,1,1
10,3,27,3,N,nb7,365,-1.118,1.728,3,1
10,3,27,3,N,nb8,365,-1.295,1.755,2,1
10,3,27,3,N,nb9,365,-1.576,-0.375,1,1
10,3,27,3,N,nb10,365,1.127,0.545,1,1
10,3,27,3,N,nb11,365,0.65,-1.335,0,0
10,3,27,3,N,nb12,365,-0.149,-1.772,1,1
10,3,27,3,N,nb13,365,-0.164,-1.595,2,1
10,3,27,3,N,nb14,365,0.651,-1.661,1,1
10,3,27,3,N,nb15,365,0.888,0.674,2,1
10,3,27,3,N,nb16,365,-0.835,0.097,0,0
10,3,27,3,N,nb17,365,0.509,-1.865,2,1
10,3,27,3,N,nb18,365,0.39,-1.325,1,0
10,3,27,3,N,nb19,365,-1.341,-0.217,1,1
10,3,27,3,N,nb20,365,-0.128,0.848,1,1
10,3,27,3,N,nb21,365,0.342,1.449,2,1
10,3,27,3,N,nb22,365,-1.227,1.599,2,1
10,3,27,3,N,nb23,365,-0.386,0.529,0,0
10,3,27,3,N,nb24,365,-0.404,0.021,1,1
10,3,27,3,N,nb25,365,-0.414,-0.223,1,1
10,3,27,3,N,nb26,365,0.019,-1.501,2,1
10,3,27,3,N,nb27,365,1.119,0.754,2,1
10,3,27,3,N,nb28,365,-1.367,-0.457,2,1
10,3,27,3,N,nb29,365,-0.003,-1.262,1,1
10,3,27,3,A,aa0,365,-0.626,0.389,2,0
10,3,27,3,A,aa1,365,0.736,-1.161,0,0
10,3,27,3,A,aa2,365,1.497,-1.204,0,0
10,3,27,3,N,nb0,370,0.12,1.535,1,1
10,3,27,3,N,nb1,370,0.309,1.205,1,1
10,3,27,3,N,nb2,370,-0.291,0.806,1,1
10,3,27,3,N,nb3,370,0.401,-1.627,1,0
10,3,27,3,N,nb4,370,0.794,0.901,1,1
10,3,27,3,N,nb5,370,0.312,-1.77,2,1
10,3,27,3,N,nb6,370,-0.922,1.866,1,1
10,3,27,3,N,nb7,370,-1.118,1.728,3,1
10,3,27,3,N,nb8,370,-1.295,1.755,2,1
10,3,27,3,N,nb9,370,-1.576,-0.375,1,1
10,3,27,3,N,nb10,370,1.127,0.545,1,1
10,3,27,3,N,nb11,370,0.612,-1.426,1,0
10,3,27,3,N,nb12,370,-0.149,-1.772,1,1
10,3,27,3,N,nb13,370,-0.164,-1.595,2,1
10,3,27,3,N,nb14,370,0.651,-1.661,2,1
10,3,27,3,N,nb15,370,0.888,0.674,2,1
10,3,27,3,N,nb16,370,-0.93,0.066,0,0
10,3,27,3,N,nb17,370,0.509,-1.865,2,1
10,3,27,3,N,nb18,370,0.32,-1.382,0,0
10,3,27,3,N,nb19,370,-1.341,-0.217,1,1
10,3,27,3,N,nb20,370,-0.128,0.848,1,1
10,3,27,3,N,nb21,370,0.342,1.449,2,1
10,3,27,3,N,nb22,370,-1.227,1.599,2,1
10,3,27,3,N,nb23,370,-0.319,0.461,0,0
10,3,27,3,N,nb24,370,-0.404,0.021,1,1
10,3,27,3,N,nb25,370,-0.414,-0.223,1,1
10,3,27,3,N,nb26,370,0.019,-1.501,2,1
10,3,27,3,N,nb27,370,1.119,0.754,2,1
10,3,27,3,N,nb28,370,-1.367,-0.457,2,1
10,3,27,3,N,nb29,370,-0.003,-1.262,1,1
10,3,27,3,A,aa0,370,-0.536,0.379,2,0
10,3,27,3,A,aa1,370,0.754,-1.194,1,0
10,3,27,3,A,aa2,370,1.583,-1.255,0,0
10,3,27,3,N,nb0,375,0.12,1.535,1,1
10,3,27,3,N,nb1,375,0.309,1.205,1,1
10,3,27,3,N,nb2,375,-0.291,0.806,1,1
10,3,27,3,N,nb3,375,0.407,-1.639,3,1
10,3,27,3,N,nb4,375,0.794,0.901,1,1
10,3,27,3,N,nb5,375,0.311,-1.778,2,1
10,3,27,3,N,nb6,375,-0.922,1.866,1,1
10,3,27,3,N,nb7,375,-1.118,1.728,3,1
10,3,27,3,N,nb8,375,-1.295,1.755,2,1
10,3,27,3,N,nb9,375,-1.576,-0.375,1,1
10,3,27,3,N,nb10,375,1.127,0.545,1,1
10,3,27,3,N,nb11,375,0.604,-1.444,1,1
10,3,27,3,N,nb12,375,-0.149,-1.772,1,1
10,3,27,3,N,nb13,375,-0.164,-1.595,2,1
10,3,27,3,N,nb14,375,0.651,-1.661,3,1
10,3,27,3,N,nb15,375,0.888,0.674,2,1
10,3,27,3,N,nb16,375,-1.025,0.035,0,0
10,3,27,3,N,nb17,375,0.509,-1.865,3,1
10,3,27,3,N,nb18,375,0.243,-1.429,1,1
10,3,27,3,N,nb19,375,-1.341,-0.217,1,0
10,3,27,3,N,nb20,375,-0.128,0.848,1,1
10,3,27,3,N,nb21,375,0.342,1.449,2,1
10,3,27,3,N,nb22,375,-1.227,1.599,2,1
10,3,27,3,N,nb23,375,-0.246,0.4,0,0
10,3,27,3,N,nb24,375,-0.404,0.021,1,1
10,3,27,3,N,nb25,375,-0.414,-0.223,1,1
10,3,27,3,N,nb26,375,0.019,-1.501,3,1
10,3,27,3,N,nb27,375,1.119,0.754,2,1
10,3,27,3,N,nb28,375,-1.367,-0.457,2,1
10,3,27,3,N,nb29,375,-0.003,-1.262,1,1
10,3,27,3,A,aa0,375,-0.453,0.355,3,1
10,3,27,3,A,aa1,375,0.823,-1.228,2,0
10,3,27,3,A,aa2,375,1.669,-1.305,0,0
10,3,27,3,N,nb0,380,0.12,1.535,1,1
10,3,27,3,N,nb1,380,0.309,1.205,1,1
10,3,27,3,N,nb2,380,-0.285,0.834,1,0
10,3,27,3,N,nb3,380,0.407,-1.639,3,1
10,3,27,3,N,nb4,380,0.794,0.901,1,1
10,3,27,3,N,nb5,380,0.311,-1.778,2,1
10,3,27,3,N,nb6,380,-0.922,1.866,1,1
10,3,27,3,N,nb7,380,-1.118,1.728,3,1
10,3,27,3,N,nb8,380,-1.295,1.755,2,1
10,3,27,3,N,nb9,380,-1.576,-0.375,1,1
10,3,27,3,N,nb10,380,1.127,0.545,1,1
10,3,27,3,N,nb11,380,0.604,-1.444,1,1
10,3,27,3,N,nb12,380,-0.149,-1.772,1,1
10,3,27,3,N,nb13,380,-0.164,-1.595,2,1
10,3,27,3,N,nb14,380,0.651,-1.661,3,1
10,3,27,3,N,nb15,380,0.888,0.674,2,1
10,3,27,3,N,nb16,380,-1.12,0.004,0,0
10,3,27,3,N,nb17,380,0.509,-1.865,3,1
10,3,27,3,N,nb18,380,0.241,-1.43,1,1
10,3,27,3,N,nb19,380,-1.341,-0.217,1,1
10,3,27,3,N,nb20,380,-0.123,0.88,1,0
10,3,27,3,N,nb21,380,0.342,1.449,2,1
10,3,27,3,N,nb22,380,-1.227,1.599,2,1
10,3,27,3,N,nb23,380,-0.169,0.343,0,0
10,3,27,3,N,nb24,380,-0.365,-0.011,1,0
10,3,27,3,N,nb25,380,-0.414,-0.223,1,0
10,3,27,3,N,nb26,380,0.019,-1.501,3,1
10,3,27,3,N,nb27,380,1.119,0.754,2,1
10,3,27,3,N,nb28,380,-1.367,-0.457,2,1
10,3,27,3,N,nb29,380,-0.003,-1.262,1,1
10,3,27,3,A,aa0,380,-0.375,0.315,0,0
10,3,27,3,A,aa1,380,0.913,-1.272,2,0
10,3,27,3,A,aa2,380,1.755,-1.356,0,0
10,3,27,3,N,nb0,385,0.12,1.535,1,1
10,3,27,3,N,nb1,385,0.309,1.205,1,1
10,3,27,3,N,nb2,385,-0.273,0.895,1,0
10,3,27,3,N,nb3,385,0.407,-1.639,3,1
10,3,27,3,N,nb4,385,0.794,0.901,1,1
10,3,27,3,N,nb5,385,0.311,-1.778,2,1
10,3,27,3,N,nb6,385,-0.922,1.866,1,1
10,3,27,3,N,nb7,385,-1.118,1.728,3,1
10,3,27,3,N,nb8,385,-1.295,1.755,2,1
10,3,27,3,N,nb9,385,-1.576,-0.375,1,1
10,3,27,3,N,nb10,385,1.127,0.545,1,1
10,3,27,3,N,nb11,385,0.604,-1.444,1,1
10,3,27,3,N,nb12,385,-0.149,-1.772,1,1
10,3,27,3,N,nb13,385,-0.164,-1.595,2,1
10,3,27,3,N,nb14,385,0.651,-1.661,3,1
10,3,27,3,N,nb15,385,0.888,0.674,2,1
10,3,27,3,N,nb16,385,-1.196,-0.021,1,1
10,3,27,3,N,nb17,385,0.509,-1.865,3,1
10,3,27,3,N,nb18,385,0.241,-1.43,1,1
10,3,27,3,N,nb19,385,-1.341,-0.217,2,1
10,3,27,3,N,nb20,385,-0.112,0.946,1,0
10,3,27,3,N,nb21,385,0.342,1.449,2,1
10,3,27,3,N,nb22,385,-1.227,1.599,2,1
10,3,27,3,N,nb23,385,-0.089,0.289,0,0
10,3,27,3,N,nb24,385,-0.289,-0.06,1,0
10,3,27,3,N,nb25,385,-0.414,-0.223,1,1
10,3,27,3,N,nb26,385,0.019,-1.501,3,1
10,3,27,3,N,nb27,385,1.119,0.754,2,1
10,3,27,3,N,nb28,385,-1.367,-0.457,2,1
10,3,27,3,N,nb29,385,-0.003,-1.262,1,1
10,3,27,3,A,aa0,385,-0.304,0.263,1,0
10,3,27,3,A,aa1,385,1.003,-1.315,2,0
10,3,27,3,A,aa2,385,1.831,-1.405,0,0
10,3,27,3,N,nb0,390,0.12,1.535,1,1
10,3,27,3,N,nb1,390,0.309,1.205,1,1
10,3,27,3,N,nb2,390,-0.267,0.924,1,1
10,3,27,3,N,nb3,390,0.407,-1.639,3,1
10,3,27,3,N,nb4,390,0.794,0.901,1,1
10,3,27,3,N,nb5,390,0.311,-1.778,2,1
10,3,27,3,N,nb6,390,-0.922,1.866,1,1
10,3,27,3,N,nb7,390,-1.118,1.728,3,1
10,3,27,3,N,nb8,390,-1.295,1.755,2,1
10,3,27,3,N,nb9,390,-1.576,-0.375,1,1
10,3,27,3,N,nb10,390,1.127,0.545,1,1
10,3,27,3,N,nb11,390,0.604,-1.444,1,1
10,3,27,3,N,nb12,390,-0.149,-1.772,1,1
10,3,27,3,N,nb13,390,-0.164,-1.595,2,1
10,3,27,3,N,nb14,390,0.651,-1.661,3,1
10,3,27,3,N,nb15,390,0.888,0.674,2,1
10,3,27,3,N,nb16,390,-1.196,-0.021,1,1
10,3,27,3,N,nb17,390,0.509,-1.865,3,1
10,3,27,3,N,nb18,390,0.241,-1.43,1,1
10,3,27,3,N,nb19,390,-1.341,-0.217,2,1
10,3,27,3,N,nb20,390,-0.107,0.977,1,1
10,3,27,3,N,nb21,390,0.342,1.449,2,1
10,3,27,3,N,nb22,390,-1.227,1.599,2,1
10,3,27,3,N,nb23,390,-0.006,0.24,0,0
10,3,27,3,N,nb24,390,-0.253,-0.079,1,1
10,3,27,3,N,nb25,390,-0.414,-0.223,1,1
10,3,27,3,N,nb26,390,0.019,-1.501,3,1
10,3,27,3,N,nb27,390,1.119,0.754,2,1
10,3,27,3,N,nb28,390,-1.367,-0.457,2,1
10,3,27,3,N,nb29,390,-0.003,-1.262,1,1
10,3,27,3,A,aa0,390,-0.243,0.199,2,0
10,3,27,3,A,aa1,390,1.093,-1.359,2,0
10,3,27,3,A,aa2,390,1.865,-1.462,0,0
10,3,27,3,N,nb0,395,0.12,1.535,1,1
10,3,27,3,N,nb1,395,0.309,1.205,1,1
10,3,27,3,N,nb2,395,-0.267,0.924,1,1
10,3,27,3,N,nb3,395,0.407,-1.639,3,1
10,3,27,3,N,nb4,395,0.794,0.901,1,1
10,3,27,3,N,nb5,395,0.311,-1.778,2,1
10,3,27,3,N,nb6,395,-0.922,1.866,1,1
10,3,27,3,N,nb7,395,-1.118,1.728,3,1
10,3,27,3,N,nb8,395,-1.295,1.755,2,1
10,3,27,3,N,nb9,395,-1.576,-0.375,1,1
10,3,27,3,N,nb10,395,1.127,0.545,1,1
10,3,27,3,N,nb11,395,0.604,-1.444,1,1
10,3,27,3,N,nb12,395,-0.149,-1.772,1,1
10,3,27,3,N,nb13,395,-0.164,-1.595,2,1
10,3,27,3,N,nb14,395,0.651,-1.661,3,1
10,3,27,3,N,nb15,395,0.888,0.674,2,1
10,3,27,3,N,nb16,395,-1.196,-0.021,1,1
10,3,27,3,N,nb17,395,0.509,-1.865,3,1
10,3,27,3,N,nb18,395,0.241,-1.43,1,1
10,3,27,3,N,nb19,395,-1.341,-0.217,2,1
10,3,27,3,N,nb20,395,-0.107,0.977,1,1
10,3,27,3,N,nb21,395,0.342,1.449,2,1
10,3,27,3,N,nb22,395,-1.227,1.599,2,1
10,3,27,3,N,nb23,395,0.08,0.194,0,0
10,3,27,3,N,nb24,395,-0.253,-0.079,1,1
10,3,27,3,N,nb25,395,-0.414,-0.223,1,1
10,3,27,3,N,nb26,395,0.019,-1.501,3,1
10,3,27,3,N,nb27,395,1.119,0.754,2,1
10,3,27,3,N,nb28,395,-1.367,-0.457,2,1
10,3,27,3,N,nb29,395,-0.003,-1.262,1,1
10,3,27,3,A,aa0,395,-0.19,0.129,1,0
10,3,27,3,A,aa1,395,1.183,-1.402,2,0
10,3,27,3,A,aa2,395,1.865,-1.528,0,0
10,3,27,3,N,nb0,400,0.12,1.535,1,1
10,3,27,3,N,nb1,400,0.309,1.205,1,1
10,3,27,3,N,nb2,400,-0.267,0.924,1,1
10,3,27,3,N,nb3,400,0.407,-1.639,3,1
10,3,27,3,N,nb4,400,0.794,0.901,1,1
10,3,27,3,N,nb5,400,0.311,-1.778,2,1
10,3,27,3,N,nb6,400,-0.922,1.866,1,1
10,3,27,3,N,nb7,400,-1.118,1.728,3,1
10,3,27,3,N,nb8,400,-1.295,1.755,2,1
10,3,27,3,N,nb9,400,-1.576,-0.375,1,1
10,3,27,3,N,nb10,400,1.127,0.545,1,1
10,3,27,3,N,nb11,400,0.604,-1.444,1,1
10,3,27,3,N,nb12,400,-0.149,-1.772,1,1
10,3,27,3,N,nb13,400,-0.164,-1.595,2,1
10,3,27,3,N,nb14,400,0.651,-1.661,3,1
10,3,27,3,N,nb15,400,0.888,0.674,2,1
10,3,27,3,N,nb16,400,-1.196,-0.021,1,1
10,3,27,3,N,nb17,400,0.509,-1.865,3,1
10,3,27,3,N,nb18,400,0.241,-1.43,1,1
10,3,27,3,N,nb19,400,-1.341,-0.217,2,1
10,3,27,3,N,nb20,400,-0.107,0.977,1,1
10,3,27,3,N,nb21,400,0.342,1.449,2,1
10,3,27,3,N,nb22,400,-1.227,1.599,2,1
10,3,27,3,N,nb23,400,0.17,0.149,0,0
10,3,27,3,N,nb24,400,-0.253,-0.079,1,1
10,3,27,3,N,nb25,400,-0.414,-0.223,1,1
10,3,27,3,N,nb26,400,0.019,-1.501,3,1
10,3,27,3,N,nb27,400,1.119,0.754,2,1
10,3,27,3,N,nb28,400,-1.367,-0.457,2,1
10,3,27,3,N,nb29,400,-0.003,-1.262,1,1
10,3,27,3,A,aa0,400,-0.174,0.123,1,0
10,3,27,3,A,aa1,400,1.273,-1.446,0,0
10,3,27,3,A,aa2,400,1.865,-1.603,0,0
10,3,27,3,N,nb0,405,0.12,1.535,1,1
10,3,27,3,N,nb1,405,0.309,1.205,1,0
10,3,27,3,N,nb2,405,-0.267,0.924,1,1
10,3,27,3,N,nb3,405,0.407,-1.639,3,1
10,3,27,3,N,nb4,405,0.794,0.901,1,1
10,3,27,3,N,nb5,405,0.311,-1.778,2,1
10,3,27,3,N,nb6,405,-0.922,1.866,1,1
10,3,27,3,N,nb7,405,-1.118,1.728,3,1
10,3,27,3,N,nb8,405,-1.295,1.755,2,1
10,3,27,3,N,nb9,405,-1.576,-0.375,1,1
10,3,27,3,N,nb10,405,1.127,0.545,1,1
10,3,27,3,N,nb11,405,0.604,-1.444,1,1
10,3,27,3,N,nb12,405,-0.149,-1.772,1,1
10,3,27,3,N,nb13,405,-0.164,-1.595,2,1
10,3,27,3,N,nb14,405,0.651,-1.661,3,1
10,3,27,3,N,nb15,405,0.888,0.674,2,1
10,3,27,3,N,nb16,405,-1.196,-0.021,1,1
10,3,27,3,N,nb17,405,0.509,-1.865,3,1
10,3,27,3,N,nb18,405,0.241,-1.43,1,0
10,3,27,3,N,nb19,405,-1.341,-0.217,2,1
10,3,27,3,N,nb20,405,-0.107,0.977,1,1
10,3,27,3,N,nb21,405,0.342,1.449,2,1
10,3,27,3,N,nb22,405,-1.227,1.599,2,1
10,3,27,3,N,nb23,405,0.259,0.104,0,0
10,3,27,3,N,nb24,405,-0.253,-0.079,1,1
10,3,27,3,N,nb25,405,-0.414,-0.223,1,1
10,3,27,3,N,nb26,405,0.019,-1.501,3,1
10,3,27,3,N,nb27,405,1.119,0.754,2,1
10,3,27,3,N,nb28,405,-1.367,-0.457,2,1
10,3,27,3,N,nb29,405,-0.003,-1.262,1,1
10,3,27,3,A,aa0,405,-0.082,0.102,1,0
10,3,27,3,A,aa1,405,1.363,-1.489,0,0
10,3,27,3,A,aa2,405,1.865,-1.621,0,0
10,3,27,3,N,nb0,410,0.12,1.535,1,1
10,3,27,3,N,nb1,410,0.309,1.205,1,1
10,3,27,3,N,nb2,410,-0.267,0.924,1,1
10,3,27,3,N,nb3,410,0.407,-1.639,3,1
10,3,27,3,N,nb4,410,0.794,0.901,1,1
10,3,27,3,N,nb5,410,0.311,-1.778,2,1
10,3,27,3,N,nb6,410,-0.922,1.866,1,1
10,3,27,3,N,nb7,410,-1.118,1.728,3,1
10,3,27,3,N,nb8,410,-1.295,1.755,2,1
10,3,27,3,N,nb9,410,-1.576,-0.375,1,1
10,3,27,3,N,nb10,410,1.127,0.545,1,1
10,3,27,3,N,nb11,410,0.604,-1.444,1,1
10,3,27,3,N,nb12,410,-0.149,-1.772,1,1
10,3,27,3,N,nb13,410,-0.164,-1.595,2,1
10,3,27,3,N,nb14,410,0.651,-1.661,3,1
10,3,27,3,N,nb15,410,0.888,0.674,2,1
10,3,27,3,N,nb16,410,-1.196,-0.021,1,1
10,3,27,3,N,nb17,410,0.509,-1.865,3,1
10,3,27,3,N,nb18,410,0.241,-1.43,1,1
10,3,27,3,N,nb19,410,-1.341,-0.217,2,1
10,3,27,3,N,nb20,410,-0.107,0.977,1,1
10,3,27,3,N,nb21,410,0.342,1.449,2,1
10,3,27,3,N,nb22,410,-1.227,1.599,2,1
10,3,27,3,N,nb23,410,0.348,0.059,0,0
10,3,27,3,N,nb24,410,-0.253,-0.079,1,1
10,3,27,3,N,nb25,410,-0.414,-0.223,1,1
10,3,27,3,N,nb26,410,0.019,-1.501,3,1
10,3,27,3,N,nb27,410,1.119,0.754,2,1
10,3,27,3,N,nb28,410,-1.367,-0.457,2,1
10,3,27,3,N,nb29,410,-0.003,-1.262,1,1
10,3,27,3,A,aa0,410,-0.023,0.092,1,0
10,3,27,3,A,aa1,410,1.384,-1.499,0,0
10,3,27,3,A,aa2,410,1.865,-1.621,0,0
10,3,27,3,N,nb0,415,0.12,1.535,1,1
10,3,27,3,N,nb1,415,0.309,1.205,1,1
10,3,27,3,N,nb2,415,-0.267,0.924,1,1
10,3,27,3,N,nb3,415,0.407,-1.639,3,1
10,3,27,3,N,nb4,415,0.794,0.901,1,1
10,3,27,3,N,nb5,415,0.311,-1.778,2,1
10,3,27,3,N,nb6,415,-0.922,1.866,1,1
10,3,27,3,N,nb7,415,-1.118,1.728,3,1
10,3,27,3,N,nb8,415,-1.295,1.755,2,1
10,3,27,3,N,nb9,415,-1.576,-0.375,1,1
10,3,27,3,N,nb10,415,1.127,0.545,1,1
10,3,27,3,N,nb11,415,0.604,-1.444,1,1
10,3,27,3,N,nb12,415,-0.149,-1.772,1,1
10,3,27,3,N,nb13,415,-0.164,-1.595,2,1
10,3,27,3,N,nb14,415,0.651,-1.661,3,1
10,3,27,3,N,nb15,415,0.888,0.674,2,1
10,3,27,3,N,nb16,415,-1.196,-0.021,1,1
10,3,27,3,N,nb17,415,0.509,-1.865,3,1
10,3,27,3,N,nb18,415,0.241,-1.43,1,1
10,3,27,3,N,nb19,415,-1.341,-0.217,2,1
10,3,27,3,N,nb20,415,-0.107,0.977,1,1
10,3,27,3,N,nb21,415,0.342,1.449,2,1
10,3,27,3,N,nb22,415,-1.227,1.599,2,1
10,3,27,3,N,nb23,415,0.437,0.015,0,0
10,3,27,3,N,nb24,415,-0.253,-0.079,1,1
10,3,27,3,N,nb25,415,-0.414,-0.223,1,1
10,3,27,3,N,nb26,415,0.019,-1.501,3,1
10,3,27,3,N,nb27,415,1.119,0.754,2,1
10,3,27,3,N,nb28,415,-1.367,-0.457,2,1
10,3,27,3,N,nb29,415,-0.003,-1.262,1,1
10,3,27,3,A,aa0,415,-0.023,0.092,1,0
10,3,27,3,A,aa1,415,1.416,-1.48,0,0
10,3,27,3,A,aa2,415,1.865,-1.629,0,0
10,3,27,3,N,nb0,420,0.12,1.535,1,1
10,3,27,3,N,nb1,420,0.309,1.205,1,1
10,3,27,3,N,nb2,420,-0.267,0.924,1,1
10,3,27,3,N,nb3,420,0.407,-1.639,3,1
10,3,27,3,N,nb4,420,0.794,0.901,1,1
10,3,27,3,N,nb5,420,0.311,-1.778,2,1
10,3,27,3,N,nb6,420,-0.922,1.866,1,1
10,3,27,3,N,nb7,420,-1.118,1.728,3,1
10,3,27,3,N,nb8,420,-1.295,1.755,2,1
10,3,27,3,N,nb9,420,-1.576,-0.375,1,1
10,3,27,3,N,nb10,420,1.127,0.545,1,1
10,3,27,3,N,nb11,420,0.604,-1.444,1,1
10,3,27,3,N,nb12,420,-0.149,-1.772,1,1
10,3,27,3,N,nb13,420,-0.164,-1.595,2,1
10,3,27,3,N,nb14,420,0.651,-1.661,3,1
10,3,27,3,N,nb15,420,0.888,0.674,2,1
10,3,27,3,N,nb16,420,-1.196,-0.021,1,1
10,3,27,3,N,nb17,420,0.509,-1.865,3,1
10,3,27,3,N,nb18,420,0.241,-1.43,1,1
10,3,27,3,N,nb19,420,-1.341,-0.217,2,1
10,3,27,3,N,nb20,420,-0.107,0.977,1,1
10,3,27,3,N,nb21,420,0.342,1.449,2,1
10,3,27,3,N,nb22,420,-1.227,1.599,2,1
10,3,27,3,N,nb23,420,0.527,-0.03,0,0
10,3,27,3,N,nb24,420,-0.253,-0.079,1,1
10,3,27,3,N,nb25,420,-0.414,-0.223,1,1
10,3,27,3,N,nb26,420,0.019,-1.501,3,1
10,3,27,3,N,nb27,420,1.119,0.754,2,1
10,3,27,3,N,nb28,420,-1.367,-0.457,2,1
10,3,27,3,N,nb29,420,-0.003,-1.262,1,1
10,3,27,3,A,aa0,420,0.018,0.157,1,0
10,3,27,3,A,aa1,420,1.501,-1.428,0,0
10,3,27,3,A,aa2,420,1.865,-1.655,0,0
10,3,27,3,N,nb0,425,0.12,1.535,1,1
10,3,27,3,N,nb1,425,0.309,1.205,1,1
10,3,27,3,N,nb2,425,-0.267,0.924,1,1
10,3,27,3,N,nb3,425,0.407,-1.639,3,1
10,3,27,3,N,nb4,425,0.794,0.901,1,1
10,3,27,3,N,nb5,425,0.311,-1.778,2,1
10,3,27,3,N,nb6,425,-0.922,1.866,1,1
10,3,27,3,N,nb7,425,-1.118,1.728,3,1
10,3,27,3,N,nb8,425,-1.295,1.755,2,1
10,3,27,3,N,nb9,425,-1.576,-0.375,1,1
10,3,27,3,N,nb10,425,1.127,0.545,1,0
10,3,27,3,N,nb11,425,0.604,-1.444,1,1
10,3,27,3,N,nb12,425,-0.149,-1.772,1,1
10,3,27,3,N,nb13,425,-0.164,-1.595,2,1
10,3,27,3,N,nb14,425,0.651,-1.661,3,1
10,3,27,3,N,nb15,425,0.888,0.674,2,1
10,3,27,3,N,nb16,425,-1.196,-0.021,1,1
10,3,27,3,N,nb17,425,0.509,-1.865,3,1
10,3,27,3,N,nb18,425,0.241,-1.43,1,1
10,3,27,3,N,nb19,425,-1.341,-0.217,2,1
10,3,27,3,N,nb20,425,-0.107,0.977,1,1
10,3,27,3,N,nb21,425,0.342,1.449,2,1
10,3,27,3,N,nb22,425,-1.227,1.599,2,1
10,3,27,3,N,nb23,425,0.616,-0.075,0,0
10,3,27,3,N,nb24,425,-0.253,-0.079,1,1
10,3,27,3,N,nb25,425,-0.414,-0.223,1,1
10,3,27,3,N,nb26,425,0.019,-1.501,3,1
10,3,27,3,N,nb27,425,1.119,0.754,2,1
10,3,27,3,N,nb28,425,-1.367,-0.457,2,1
10,3,27,3,N,nb29,425,-0.003,-1.262,1,1
10,3,27,3,A,aa0,425,0.07,0.242,1,0
10,3,27,3,A,aa1,425,1.572,-1.385,0,0
10,3,27,3,A,aa2,425,1.865,-1.696,0,0
10,3,27,3,N,nb0,430,0.12,1.535,1,1
10,3,27,3,N,nb1,430,0.309,1.205,1,1
10,3,27,3,N,nb2,430,-0.267,0.924,1,1
10,3,27,3,N,nb3,430,0.407,-1.639,3,1
10,3,27,3,N,nb4,430,0.794,0.901,1,1
10,3,27,3,N,nb5,430,0.311,-1.778,2,1
10,3,27,3,N,nb6,430,-0.922,1.866,1,1
10,3,27,3,N,nb7,430,-1.118,1.728,3,1
10,3,27,3,N,nb8,430,-1.295,1.755,2,1
10,3,27,3,N,nb9,430,-1.576,-0.375,1,1
10,3,27,3,N,nb10,430,1.127,0.545,1,1
10,3,27,3,N,nb11,430,0.604,-1.444,1,1
10,3,27,3,N,nb12,430,-0.149,-1.772,1,1
10,3,27,3,N,nb13,430,-0.164,-1.595,2,1
10,3,27,3,N,nb14,430,0.651,-1.661,3,1
10,3,27,3,N,nb15,430,0.888,0.674,2,1
10,3,27,3,N,nb16,430,-1.196,-0.021,1,1
10,3,27,3,N,nb17,430,0.509,-1.865,3,1
10,3,27,3,N,nb18,430,0.241,-1.43,1,1
10,3,27,3,N,nb19,430,-1.341,-0.217,2,1
10,3,27,3,N,nb20,430,-0.107,0.977,1,1
10,3,27,3,N,nb21,430,0.342,1.449,2,1
10,3,27,3,N,nb22,430,-1.227,1.599,2,1
10,3,27,3,N,nb23,430,0.705,-0.12,0,0
10,3,27,3,N,nb24,430,-0.253,-0.079,1,1
10,3,27,3,N,nb25,430,-0.414,-0.223,1,1
10,3,27,3,N,nb26,430,0.019,-1.501,3,1
10,3,27,3,N,nb27,430,1.119,0.754,2,1
10,3,27,3,N,nb28,430,-1.367,-0.457,2,1
10,3,27,3,N,nb29,430,-0.003,-1.262,1,1
10,3,27,3,A,aa0,430,0.123,0.327,1,0
10,3,27,3,A,aa1,430,1.572,-1.385,0,0
10,3,27,3,A,aa2,430,1.865,-1.75,0,0
10,3,27,3,N,nb0,435,0.12,1.535,1,1
10,3,27,3,N,nb1,435,0.309,1.205,1,1
10,3,27,3,N,nb2,435,-0.267,0.924,1,1
10,3,27,3,N,nb3,435,0.407,-1.639,3,1
10,3,27,3,N,nb4,435,0.794,0.901,1,1
10,3,27,3,N,nb5,435,0.311,-1.778,2,1
10,3,27,3,N,nb6,435,-0.922,1.866,1,1
10,3,27,3,N,nb7,435,-1.118,1.728,3,0
10,3,27,3,N,nb8,435,-1.295,1.755,2,0
10,3,27,3,N,nb9,435,-1.576,-0.375,1,1
10,3,27,3,N,nb10,435,1.127,0.545,1,1
10,3,27,3,N,nb11,435,0.604,-1.444,1,1
10,3,27,3,N,nb12,435,-0.149,-1.772,1,1
10,3,27,3,N,nb13,435,-0.164,-1.595,2,1
10,3,27,3,N,nb14,435,0.651,-1.661,3,1
10,3,27,3,N,nb15,435,0.888,0.674,2,1
10,3,27,3,N,nb16,435,-1.196,-0.021,1,1
10,3,27,3,N,nb17,435,0.509,-1.865,3,1
10,3,27,3,N,nb18,435,0.241,-1.43,1,1
10,3,27,3,N,nb19,435,-1.341,-0.217,2,1
10,3,27,3,N,nb20,435,-0.107,0.977,1,1
10,3,27,3,N,nb21,435,0.342,1.449,2,1
10,3,27,3,N,nb22,435,-1.227,1.599,2,1
10,3,27,3,N,nb23,435,0.795,-0.165,0,0
10,3,27,3,N,nb24,435,-0.253,-0.079,1,1
10,3,27,3,N,nb25,435,-0.414,-0.223,1,1
10,3,27,3,N,nb26,435,0.019,-1.501,3,1
10,3,27,3,N,nb27,435,1.119,0.754,2,1
10,3,27,3,N,nb28,435,-1.367,-0.457,2,1
10,3,27,3,N,nb29,435,-0.003,-1.262,1,1
10,3,27,3,A,aa0,435,0.167,0.398,0,0
10,3,27,3,A,aa1,435,1.588,-1.289,0,0
10,3,27,3,A,aa2,435,1.865,-1.816,0,0
10,3,27,3,N,nb0,440,0.12,1.535,1,1
10,3,27,3,N,nb1,440,0.309,1.205,1,1
10,3,27,3,N,nb2,440,-0.267,0.924,1,1
10,3,27,3,N,nb3,440,0.407,-1.639,3,1
10,3,27,3,N,nb4,440,0.794,0.901,1,1
10,3,27,3,N,nb5,440,0.311,-1.778,2,1
10,3,27,3,N,nb6,440,-0.922,1.866,1,1
10,3,27,3,N,nb7,440,-1.118,1.728,3,1
10,3,27,3,N,nb8,440,-1.295,1.755,2,1
10,3,27,3,N,nb9,440,-1.576,-0.375,1,1
10,3,27,3,N,nb10,440,1.127,0.545,1,1
10,3,27,3,N,nb11,440,0.604,-1.444,1,1
10,3,27,3,N,nb12,440,-0.149,-1.772,1,1
10,3,27,3,N,nb13,440,-0.164,-1.595,2,1
10,3,27,3,N,nb14,440,0.651,-1.661,3,1
10,3,27,3,N,nb15,440,0.888,0.674,2,1
10,3,27,3,N,nb16,440,-1.196,-0.021,1,1
10,3,27,3,N,nb17,440,0.509,-1.865,3,1
10,3,27,3,N,nb18,440,0.241,-1.43,1,1
10,3,27,3,N,nb19,440,-1.341,-0.217,2,1
10,3,27,3,N,nb20,440,-0.107,0.977,1,1
10,3,27,3,N,nb21,440,0.342,1.449,2,1
10,3,27,3,N,nb22,440,-1.227,1.599,2,1
10,3,27,3,N,nb23,440,0.884,-0.21,0,0
10,3,27,3,N,nb24,440,-0.253,-0.079,1,1
10,3,27,3,N,nb25,440,-0.414,-0.223,1,1
10,3,27,3,N,nb26,440,0.019,-1.501,3,1
10,3,27,3,N,nb27,440,1.119,0.754,2,1
10,3,27,3,N,nb28,440,-1.367,-0.457,2,1
10,3,27,3,N,nb29,440,-0.003,-1.262,1,1
10,3,27,3,A,aa0,440,0.175,0.454,1,0
10,3,27,3,A,aa1,440,1.605,-1.191,0,0
10,3,27,3,A,aa2,440,1.865,-1.866,0,0
10,3,27,3,N,nb0,445,0.12,1.535,1,1
10,3,27,3,N,nb1,445,0.309,1.205,1,1
10,3,27,3,N,nb2,445,-0.267,0.924,1,1
10,3,27,3,N,nb3,445,0.407,-1.639,3,1
10,3,27,3,N,nb4,445,0.794,0.901,1,1
10,3,27,3,N,nb5,445,0.311,-1.778,2,1
10,3,27,3,N,nb6,445,-0.922,1.866,1,1
10,3,27,3,N,nb7,445,-1.118,1.728,3,1
10,3,27,3,N,nb8,445,-1.295,1.755,2,1
10,3,27,3,N,nb9,445,-1.576,-0.375,1,1
10,3,27,3,N,nb10,445,1.127,0.545,1,1
10,3,27,3,N,nb11,445,0.604,-1.444,1,1
10,3,27,3,N,nb12,445,-0.149,-1.772,1,1
10,3,27,3,N,nb13,445,-0.164,-1.595,2,1
10,3,27,3,N,nb14,445,0.651,-1.661,3,1
10,3,27,3,N,nb15,445,0.888,0.674,2,1
10,3,27,3,N,nb16,445,-1.196,-0.021,1,0
10,3,27,3,N,nb17,445,0.509,-1.865,3,1
10,3,27,3,N,nb18,445,0.241,-1.43,1,1
10,3,27,3,N,nb19,445,-1.341,-0.217,2,1
10,3,27,3,N,nb20,445,-0.107,0.977,1,1
10,3,27,3,N,nb21,445,0.342,1.449,2,1
10,3,27,3,N,nb22,445,-1.227,1.599,2,1
10,3,27,3,N,nb23,445,0.973,-0.255,0,0
10,3,27,3,N,nb24,445,-0.253,-0.079,1,1
10,3,27,3,N,nb25,445,-0.414,-0.223,1,1
10,3,27,3,N,nb26,445,0.019,-1.501,3,1
10,3,27,3,N,nb27,445,1.119,0.754,2,1
10,3,27,3,N,nb28,445,-1.367,-0.457,2,1
10,3,27,3,N,nb29,445,-0.003,-1.262,1,0
10,3,27,3,A,aa0,445,0.187,0.553,2,0
10,3,27,3,A,aa1,445,1.621,-1.092,0,0
10,3,27,3,A,aa2,445,1.865,-1.866,0,0
10,3,27,3,N,nb0,450,0.12,1.535,1,1
10,3,27,3,N,nb1,450,0.309,1.205,1,0
10,3,27,3,N,nb2,450,-0.267,0.924,1,0
10,3,27,3,N,nb3,450,0.407,-1.639,3,1
10,3,27,3,N,nb4,450,0.794,0.901,1,1
10,3,27,3,N,nb5,450,0.311,-1.778,2,1
10,3,27,3,N,nb6,450,-0.922,1.866,1,0
10,3,27,3,N,nb7,450,-1.118,1.728,3,1
10,3,27,3,N,nb8,450,-1.295,1.755,2,1
10,3,27,3,N,nb9,450,-1.576,-0.375,1,1
10,3,27,3,N,nb10,450,1.127,0.545,1,1
10,3,27,3,N,nb11,450,0.604,-1.444,1,1
10,3,27,3,N,nb12,450,-0.149,-1.772,1,1
10,3,27,3,N,nb13,450,-0.164,-1.595,2,1
10,3,27,3,N,nb14,450,0.651,-1.661,3,1
10,3,27,3,N,nb15,450,0.888,0.674,2,1
10,3,27,3,N,nb16,450,-1.196,-0.021,1,1
10,3,27,3,N,nb17,450,0.509,-1.865,3,1
10,3,27,3,N,nb18,450,0.241,-1.43,1,1
10,3,27,3,N,nb19,450,-1.341,-0.217,2,1
10,3,27,3,N,nb20,450,-0.107,0.977,1,0
10,3,27,3,N,nb21,450,0.342,1.449,2,1
10,3,27,3,N,nb22,450,-1.227,1.599,2,0
10,3,27,3,N,nb23,450,1.063,-0.3,0,0
10,3,27,3,N,nb24,450,-0.253,-0.079,1,1
10,3,27,3,N,nb25,450,-0.414,-0.223,1,1
10,3,27,3,N,nb26,450,0.019,-1.501,3,1
10,3,27,3,N,nb27,450,1.119,0.754,2,1
10,3,27,3,N,nb28,450,-1.367,-0.457,2,1
10,3,27,3,N,nb29,450,-0.003,-1.262,1,1
10,3,27,3,A,aa0,450,0.2,0.653,1,0
10,3,27,3,A,aa1,450,1.637,-0.993,0,0
10,3,27,3,A,aa2,450,1.865,-1.866,0,0
10,3,27,3,N,nb0,455,0.12,1.535,1,1
10,3,27,3,N,nb1,455,0.284,1.267,1,0
10,3,27,3,N,nb2,455,-0.259,0.979,1,0
10,3,27,3,N,nb3,455,0.407,-1.639,3,1
10,3,27,3,N,nb4,455,0.794,0.901,1,1
10,3,27,3,N,nb5,455,0.311,-1.778,2,1
10,3,27,3,N,nb6,455,-0.922,1.866,1,1
10,3,27,3,N,nb7,455,-1.118,1.728,3,1
10,3,27,3,N,nb8,455,-1.295,1.755,2,1
10,3,27,3,N,nb9,455,-1.576,-0.375,1,1
10,3,27,3,N,nb10,455,1.127,0.545,1,1
10,3,27,3,N,nb11,455,0.604,-1.444,1,1
10,3,27,3,N,nb12,455,-0.149,-1.772,1,1
10,3,27,3,N,nb13,455,-0.164,-1.595,2,1
10,3,27,3,N,nb14,455,0.651,-1.661,3,1
10,3,27,3,N,nb15,455,0.888,0.674,2,1
10,3,27,3,N,nb16,455,-1.196,-0.021,1,1
10,3,27,3,N,nb17,455,0.509,-1.865,3,1
10,3,27,3,N,nb18,455,0.241,-1.43,1,1
10,3,27,3,N,nb19,455,-1.341,-0.217,2,1
10,3,27,3,N,nb20,455,-0.1,1.037,1,0
10,3,27,3,N,nb21,455,0.342,1.449,2,1
10,3,27,3,N,nb22,455,-1.227,1.599,2,1
10,3,27,3,N,nb23,455,1.152,-0.345,0,0
10,3,27,3,N,nb24,455,-0.253,-0.079,1,1
10,3,27,3,N,nb25,455,-0.414,-0.223,1,1
10,3,27,3,N,nb26,455,0.019,-1.501,3,1
10,3,27,3,N,nb27,455,1.119,0.754,2,1
10,3,27,3,N,nb28,455,-1.367,-0.457,2,1
10,3,27,3,N,nb29,455,-0.003,-1.262,1,1
10,3,27,3,A,aa0,455,0.208,0.715,0,0
10,3,27,3,A,aa1,455,1.654,-0.895,0,0
10,3,27,3,A,aa2,455,1.865,-1.866,0,0
10,3,27,3,N,nb0,460,0.12,1.535,2,1
10,3,27,3,N,nb1,460,0.238,1.331,2,0
10,3,27,3,N,nb2,460,-0.248,1.059,1,0
10,3,27,3,N,nb3,460,0.407,-1.639,3,1
10,3,27,3,N,nb4,460,0.794,0.901,1,1
10,3,27,3,N,nb5,460,0.311,-1.778,2,1
10,3,27,3,N,nb6,460,-0.922,1.866,1,1
10,3,27,3,N,nb7,460,-1.118,1.728,3,1
10,3,27,3,N,nb8,460,-1.295,1.755,2,1
10,3,27,3,N,nb9,460,-1.576,-0.375,1,1
10,3,27,3,N,nb10,460,1.127,0.545,1,1
10,3,27,3,N,nb11,460,0.604,-1.444,1,1
10,3,27,3,N,nb12,460,-0.149,-1.772,1,1
10,3,27,3,N,nb13,460,-0.164,-1.595,2,1
10,3,27,3,N,nb14,460,0.651,-1.661,3,1
10,3,27,3,N,nb15,460,0.888,0.674,2,1
10,3,27,3,N,nb16,460,-1.196,-0.021,1,1
10,3,27,3,N,nb17,460,0.509,-1.865,3,1
10,3,27,3,N,nb18,460,0.241,-1.43,1,1
10,3,27,3,N,nb19,460,-1.341,-0.217,2,1
10,3,27,3,N,nb20,460,-0.091,1.121,1,0
10,3,27,3,N,nb21,460,0.343,1.464,2,1
10,3,27,3,N,nb22,460,-1.227,1.599,2,1
10,3,27,3,N,nb23,460,1.241,-0.39,0,0
10,3,27,3,N,nb24,460,-0.253,-0.079,1,1
10,3,27,3,N,nb25,460,-0.414,-0.223,1,1
10,3,27,3,N,nb26,460,0.019,-1.501,3,1
10,3,27,3,N,nb27,460,1.119,0.754,2,1
10,3,27,3,N,nb28,460,-1.367,-0.457,2,1
10,3,27,3,N,nb29,460,-0.003,-1.262,1,1
10,3,27,3,A,aa0,460,0.208,0.715,0,0
10,3,27,3,A,aa1,460,1.67,-0.796,0,0
10,3,27,3,A,aa2,460,1.853,-1.866,0,0
10,3,27,3,N,nb0,465,0.12,1.535,2,0
10,3,27,3,N,nb1,465,0.225,1.345,2,0
10,3,27,3,N,nb2,465,-0.246,1.078,1,0
10,3,27,3,N,nb3,465,0.407,-1.639,3,1
10,3,27,3,N,nb4,465,0.794,0.901,1,1
10,3,27,3,N,nb5,465,0.311,-1.778,2,0
10,3,27,3,N,nb6,465,-0.922,1.866,1,1
10,3,27,3,N,nb7,465,-1.118,1.728,3,1
10,3,27,3,N,nb8,465,-1.295,1.755,2,1
10,3,27,3,N,nb9,465,-1.576,-0.375,1,1
10,3,27,3,N,nb10,465,1.127,0.545,1,1
10,3,27,3,N,nb11,465,0.604,-1.444,1,1
10,3,27,3,N,nb12,465,-0.149,-1.772,1,0
10,3,27,3,N,nb13,465,-0.164,-1.595,2,0
10,3,27,3,N,nb14,465,0.651,-1.661,3,1
10,3,27,3,N,nb15,465,0.888,0.674,2,1
10,3,27,3,N,nb16,465,-1.196,-0.021,1,1
10,3,27,3,N,nb17,465,0.509,-1.865,3,1
10,3,27,3,N,nb18,465,0.241,-1.43,1,1
10,3,27,3,N,nb19,465,-1.341,-0.217,2,1
10,3,27,3,N,nb20,465,-0.089,1.141,1,0
10,3,27,3,N,nb21,465,0.344,1.467,2,0
10,3,27,3,N,nb22,465,-1.227,1.599,2,1
10,3,27,3,N,nb23,465,1.331,-0.435,0,0
10,3,27,3,N,nb24,465,-0.253,-0.079,1,1
10,3,27,3,N,nb25,465,-0.414,-0.223,1,1
10,3,27,3,N,nb26,465,0.019,-1.501,3,0
10,3,27,3,N,nb27,465,1.119,0.754,2,1
10,3,27,3,N,nb28,465,-1.367,-0.457,2,1
10,3,27,3,N,nb29,465,-0.003,-1.262,1,1
10,3,27,3,A,aa0,465,0.134,0.778,3,1
10,3,27,3,A,aa1,465,1.686,-0.697,0,0
10,3,27,3,A,aa2,465,1.829,-1.866,0,0
10,3,27,3,N,nb0,470,0.106,1.548,1,1
10,3,27,3,N,nb1,470,0.183,1.397,2,0
10,3,27,3,N,nb2,470,-0.239,1.16,1,0
10,3,27,3,N,nb3,470,0.407,-1.639,3,1
10,3,27,3,N,nb4,470,0.794,0.901,1,1
10,3,27,3,N,nb5,470,0.311,-1.778,2,1
10,3,27,3,N,nb6,470,-0.922,1.866,1,1
10,3,27,3,N,nb7,470,-1.118,1.728,3,1
10,3,27,3,N,nb8,470,-1.295,1.755,2,1
10,3,27,3,N,nb9,470,-1.576,-0.375,1,1
10,3,27,3,N,nb10,470,1.127,0.545,1,1
10,3,27,3,N,nb11,470,0.604,-1.444,1,1
10,3,27,3,N,nb12,470,-0.149,-1.772,1,1
10,3,27,3,N,nb13,470,-0.164,-1.595,2,1
10,3,27,3,N,nb14,470,0.651,-1.661,3,1
10,3,27,3,N,nb15,470,0.888,0.674,2,1
10,3,27,3,N,nb16,470,-1.196,-0.021,1,1
10,3,27,3,N,nb17,470,0.509,-1.865,3,1
10,3,27,3,N,nb18,470,0.241,-1.43,1,1
10,3,27,3,N,nb19,470,-1.341,-0.217,2,1
10,3,27,3,N,nb20,470,-0.085,1.229,1,0
10,3,27,3,N,nb21,470,0.344,1.467,1,1
10,3,27,3,N,nb22,470,-1.227,1.599,2,1
10,3,27,3,N,nb23,470,1.42,-0.48,0,0
10,3,27,3,N,nb24,470,-0.253,-0.079,1,1
10,3,27,3,N,nb25,470,-0.414,-0.223,1,1
10,3,27,3,N,nb26,470,0.019,-1.501,3,1
10,3,27,3,N,nb27,470,1.119,0.754,2,1
10,3,27,3,N,nb28,470,-1.367,-0.457,2,1
10,3,27,3,N,nb29,470,-0.003,-1.262,1,1
10,3,27,3,A,aa0,470,0.058,0.842,0,0
10,3,27,3,A,aa1,470,1.703,-0.599,0,0
10,3,27,3,A,aa2,470,1.807,-1.866,0,0
10,3,27,3,N,nb0,475,0.068,1.575,1,1
10,3,27,3,N,nb1,475,0.154,1.43,2,1
10,3,27,3,N,nb2,475,-0.232,1.249,1,1
10,3,27,3,N,nb3,475,0.407,-1.639,3,1
10,3,27,3,N,nb4,475,0.794,0.901,1,1
10,3,27,3,N,nb5,475,0.311,-1.778,2,1
10,3,27,3,N,nb6,475,-0.922,1.866,1,1
10,3,27,3,N,nb7,475,-1.118,1.728,3,1
10,3,27,3,N,nb8,475,-1.295,1.755,2,1
10,3,27,3,N,nb9,475,-1.576,-0.375,1,1
10,3,27,3,N,nb10,475,1.127,0.545,1,1
10,3,27,3,N,nb11,475,0.604,-1.444,1,1
10,3,27,3,N,nb12,475,-0.149,-1.772,1,1
10,3,27,3,N,nb13,475,-0.164,-1.595,2,1
10,3,27,3,N,nb14,475,0.651,-1.661,3,1
10,3,27,3,N,nb15,475,0.888,0.674,2,1
10,3,27,3,N,nb16,475,-1.196,-0.021,1,1
10,3,27,3,N,nb17,475,0.509,-1.865,3,1
10,3,27,3,N,nb18,475,0.241,-1.43,1,1
10,3,27,3,N,nb19,475,-1.341,-0.217,2,1
10,3,27,3,N,nb20,475,-0.08,1.322,1,1
10,3,27,3,N,nb21,475,0.344,1.467,1,1
10,3,27,3,N,nb22,475,-1.227,1.599,2,1
10,3,27,3,N,nb23,475,1.501,-0.523,0,0
10,3,27,3,N,nb24,475,-0.253,-0.079,1,1
10,3,27,3,N,nb25,475,-0.414,-0.223,1,1
10,3,27,3,N,nb26,475,0.019,-1.501,3,1
10,3,27,3,N,nb27,475,1.119,0.754,2,1
10,3,27,3,N,nb28,475,-1.367,-0.457,2,1
10,3,27,3,N,nb29,475,-0.003,-1.262,1,1
10,3,27,3,A,aa0,475,-0.019,0.906,0,0
10,3,27,3,A,aa1,475,1.719,-0.505,0,0
10,3,27,3,A,aa2,475,1.799,-1.866,0,0
10,3,27,3,N,nb0,480,0.067,1.575,1,1
10,3,27,3,N,nb1,480,0.154,1.431,2,0
10,3,27,3,N,nb2,480,-0.232,1.266,1,0
10,3,27,3,N,nb3,480,0.407,-1.639,3,1
10,3,27,3,N,nb4,480,0.794,0.901,1,0
10,3,27,3,N,nb5,480,0.311,-1.778,2,1
10,3,27,3,N,nb6,480,-0.922,1.866,1,1
10,3,27,3,N,nb7,480,-1.118,1.728,3,1
10,3,27,3,N,nb8,480,-1.295,1.755,2,1
10,3,27,3,N,nb9,480,-1.576,-0.375,1,1
10,3,27,3,N,nb10,480,1.127,0.545,1,1
10,3,27,3,N,nb11,480,0.604,-1.444,1,1
10,3,27,3,N,nb12,480,-0.149,-1.772,1,1
10,3,27,3,N,nb13,480,-0.164,-1.595,2,1
10,3,27,3,N,nb14,480,0.651,-1.661,3,0
10,3,27,3,N,nb15,480,0.888,0.674,2,1
10,3,27,3,N,nb16,480,-1.196,-0.021,1,1
10,3,27,3,N,nb17,480,0.509,-1.865,3,0
10,3,27,3,N,nb18,480,0.241,-1.43,1,1
10,3,27,3,N,nb19,480,-1.341,-0.217,2,1
10,3,27,3,N,nb20,480,-0.08,1.341,1,0
10,3,27,3,N,nb21,480,0.344,1.467,1,1
10,3,27,3,N,nb22,480,-1.227,1.599,2,1
10,3,27,3,N,nb23,480,1.572,-0.577,0,0
10,3,27,3,N,nb24,480,-0.253,-0.079,1,1
10,3,27,3,N,nb25,480,-0.414,-0.223,1,1
10,3,27,3,N,nb26,480,0.019,-1.501,3,1
10,3,27,3,N,nb27,480,1.119,0.754,2,1
10,3,27,3,N,nb28,480,-1.367,-0.457,2,1
10,3,27,3,N,nb29,480,-0.003,-1.262,1,1
10,3,27,3,A,aa0,480,-0.096,0.971,0,0
10,3,27,3,A,aa1,480,1.744,-0.413,0,0
10,3,27,3,A,aa2,480,1.775,-1.866,0,0
10,3,27,3,N,nb0,485,0.067,1.575,2,1
10,3,27,3,N,nb1,485,0.151,1.429,3,0
10,3,27,3,N,nb2,485,-0.235,1.356,1,0
10,3,27,3,N,nb3,485,0.407,-1.639,3,1
10,3,27,3,N,nb4,485,0.794,0.901,1,1
10,3,27,3,N,nb5,485,0.311,-1.778,2,1
10,3,27,3,N,nb6,485,-0.922,1.866,1,1
10,3,27,3,N,nb7,485,-1.118,1.728,3,1
10,3,27,3,N,nb8,485,-1.295,1.755,2,1
10,3,27,3,N,nb9,485,-1.576,-0.375,1,1
10,3,27,3,N,nb10,485,1.127,0.545,1,1
10,3,27,3,N,nb11,485,0.604,-1.444,1,1
10,3,27,3,N,nb12,485,-0.149,-1.772,1,1
10,3,27,3,N,nb13,485,-0.164,-1.595,2,1
10,3,27,3,N,nb14,485,0.651,-1.661,3,1
10,3,27,3,N,nb15,485,0.888,0.674,2,1
10,3,27,3,N,nb16,485,-1.196,-0.021,1,1
10,3,27,3,N,nb17,485,0.509,-1.865,3,1
10,3,27,3,N,nb18,485,0.241,-1.43,1,1
10,3,27,3,N,nb19,485,-1.341,-0.217,2,1
10,3,27,3,N,nb20,485,-0.079,1.435,3,0
10,3,27,3,N,nb21,485,0.344,1.467,1,1
10,3,27,3,N,nb22,485,-1.227,1.599,2,1
10,3,27,3,N,nb23,485,1.642,-0.644,0,0
10,3,27,3,N,nb24,485,-0.253,-0.079,1,1
10,3,27,3,N,nb25,485,-0.414,-0.223,1,1
10,3,27,3,N,nb26,485,0.019,-1.501,3,1
10,3,27,3,N,nb27,485,1.119,0.754,2,1
10,3,27,3,N,nb28,485,-1.367,-0.457,2,1
10,3,27,3,N,nb29,485,-0.003,-1.262,1,1
10,3,27,3,A,aa0,485,-0.172,1.035,0,0
10,3,27,3,A,aa1,485,1.773,-0.32,0,0
10,3,27,3,A,aa2,485,1.735,-1.866,0,0
10,3,27,3,N,nb0,490,0.071,1.595,2,1
10,3,27,3,N,nb1,490,0.119,1.433,3,1
10,3,27,3,N,nb2,490,-0.247,1.431,1,1
10,3,27,3,N,nb3,490,0.407,-1.639,3,1
10,3,27,3,N,nb4,490,0.794,0.901,1,1
10,3,27,3,N,nb5,490,0.311,-1.778,2,1
10,3,27,3,N,nb6,490,-0.922,1.866,1,1
10,3,27,3,N,nb7,490,-1.118,1.728,3,1
10,3,27,3,N,nb8,490,-1.295,1.755,2,1
10,3,27,3,N,nb9,490,-1.576,-0.375,1,0
10,3,27,3,N,nb10,490,1.127,0.545,1,1
10,3,27,3,N,nb11,490,0.604,-1.444,1,1
10,3,27,3,N,nb12,490,-0.149,-1.772,1,1
10,3,27,3,N,nb13,490,-0.164,-1.595,2,1
10,3,27,3,N,nb14,490,0.651,-1.661,3,1
10,3,27,3,N,nb15,490,0.888,0.674,2,1
10,3,27,3,N,nb16,490,-1.196,-0.021,1,1
10,3,27,3,N,nb17,490,0.509,-1.865,3,1
10,3,27,3,N,nb18,490,0.241,-1.43,1,1
10,3,27,3,N,nb19,490,-1.341,-0.217,2,1
10,3,27,3,N,nb20,490,-0.075,1.508,3,1
10,3,27,3,N,nb21,490,0.344,1.467,1,1
10,3,27,3,N,nb22,490,-1.227,1.599,2,1
10,3,27,3,N,nb23,490,1.713,-0.715,0,0
10,3,27,3,N,nb24,490,-0.253,-0.079,1,1
10,3,27,3,N,nb25,490,-0.414,-0.223,1,1
10,3,27,3,N,nb26,490,0.019,-1.501,3,1
10,3,27,3,N,nb27,490,1.119,0.754,2,1
10,3,27,3,N,nb28,490,-1.367,-0.457,2,0
10,3,27,3,N,nb29,490,-0.003,-1.262,1,1
10,3,27,3,A,aa0,490,-0.249,1.099,0,0
10,3,27,3,A,aa1,490,1.794,-0.232,0,0
10,3,27,3,A,aa2,490,1.682,-1.866,0,0
10,3,27,3,N,nb0,495,0.076,1.609,2,1
10,3,27,3,N,nb1,495,0.09,1.44,2,0
10,3,27,3,N,nb2,495,-0.255,1.463,1,0
10,3,27,3,N,nb3,495,0.407,-1.639,3,1
10,3,27,3,N,nb4,495,0.794,0.901,1,1
10,3,27,3,N,nb5,495,0.311,-1.778,2,1
10,3,27,3,N,nb6,495,-0.922,1.866,1,1
10,3,27,3,N,nb7,495,-1.118,1.728,3,1
10,3,27,3,N,nb8,495,-1.295,1.755,2,1
10,3,27,3,N,nb9,495,-1.576,-0.375,1,1
10,3,27,3,N,nb10,495,1.127,0.545,1,1
10,3,27,3,N,nb11,495,0.604,-1.444,1,1
10,3,27,3,N,nb12,495,-0.149,-1.772,1,1
10,3,27,3,N,nb13,495,-0.164,-1.595,2,1
10,3,27,3,N,nb14,495,0.651,-1.661,3,1
10,3,27,3,N,nb15,495,0.888,0.674,2,1
10,3,27,3,N,nb16,495,-1.196,-0.021,1,1
10,3,27,3,N,nb17,495,0.509,-1.865,3,1
10,3,27,3,N,nb18,495,0.241,-1.43,1,1
10,3,27,3,N,nb19,495,-1.341,-0.217,2,1
10,3,27,3,N,nb20,495,-0.077,1.536,3,0
10,3,27,3,N,nb21,495,0.344,1.467,0,1
10,3,27,3,N,nb22,495,-1.227,1.599,2,1
10,3,27,3,N,nb23,495,1.782,-0.784,0,0
10,3,27,3,N,nb24,495,-0.253,-0.079,1,1
10,3,27,3,N,nb25,495,-0.414,-0.223,1,1
10,3,27,3,N,nb26,495,0.019,-1.501,3,1
10,3,27,3,N,nb27,495,1.119,0.754,2,1
10,3,27,3,N,nb28,495,-1.367,-0.457,2,1
10,3,27,3,N,nb29,495,-0.003,-1.262,1,1
10,3,27,3,A,aa0,495,-0.326,1.163,0,0
10,3,27,3,A,aa1,495,1.804,-0.141,0,0
10,3,27,3,A,aa2,495,1.617,-1.866,0,0
10,3,27,3,N,nb0,500,0.09,1.622,2,1
10,3,27,3,N,nb1,500,0.001,1.457,2,0
10,3,27,3,N,nb2,500,-0.285,1.55,1,0
10,3,27,3,N,nb3,500,0.407,-1.639,3,1
10,3,27,3,N,nb4,500,0.794,0.901,1,1
10,3,27,3,N,nb5,500,0.311,-1.778,2,1
10,3,27,3,N,nb6,500,-0.922,1.866,1,1
10,3,27,3,N,nb7,500,-1.118,1.728,3,1
10,3,27,3,N,nb8,500,-1.295,1.755,2,1
10,3,27,3,N,nb9,500,-1.576,-0.375,1,1
10,3,27,3,N,nb10,500,1.127,0.545,1,1
10,3,27,3,N,nb11,500,0.604,-1.444,1,1
10,3,27,3,N,nb12,500,-0.149,-1.772,1,1
10,3,27,3,N,nb13,500,-0.164,-1.595,2,1
10,3,27,3,N,nb14,500,0.651,-1.661,3,1
10,3,27,3,N,nb15,500,0.888,0.674,2,1
10,3,27,3,N,nb16,500,-1.196,-0.021,1,1
10,3,27,3,N,nb17,500,0.509,-1.865,3,1
10,3,27,3,N,nb18,500,0.241,-1.43,1,1
10,3,27,3,N,nb19,500,-1.341,-0.217,2,1
10,3,27,3,N,nb20,500,-0.081,1.63,3,0
10,3,27,3,N,nb21,500,0.396,1.443,0,0
10,3,27,3,N,nb22,500,-1.227,1.599,2,1
10,3,27,3,N,nb23,500,1.839,-0.852,0,0
10,3,27,3,N,nb24,500,-0.253,-0.079,1,1
10,3,27,3,N,nb25,500,-0.414,-0.223,1,1
10,3,27,3,N,nb26,500,0.019,-1.501,3,1
10,3,27,3,N,nb27,500,1.119,0.754,2,1
10,3,27,3,N,nb28,500,-1.367,-0.457,2,1
10,3,27,3,N,nb29,500,-0.003,-1.262,1,1
10,3,27,3,A,aa0,500,-0.402,1.228,0,0
10,3,27,3,A,aa1,500,1.804,-0.049,0,0
10,3,27,3,A,aa2,500,1.594,-1.866,0,0
10,3,27,3,N,nb0,505,0.09,1.622,2,1
10,3,27,3,N,nb1,505,-0.057,1.462,2,1
10,3,27,3,N,nb2,505,-0.309,1.604,1,1
10,3,27,3,N,nb3,505,0.407,-1.639,3,1
10,3,27,3,N,nb4,505,0.794,0.901,1,1
10,3,27,3,N,nb5,505,0.311,-1.778,2,1
10,3,27,3,N,nb6,505,-0.922,1.866,1,1
10,3,27,3,N,nb7,505,-1.118,1.728,3,1
10,3,27,3,N,nb8,505,-1.295,1.755,2,1
10,3,27,3,N,nb9,505,-1.576,-0.375,1,1
10,3,27,3,N,nb10,505,1.127,0.545,1,1
10,3,27,3,N,nb11,505,0.604,-1.444,1,1
10,3,27,3,N,nb12,505,-0.149,-1.772,1,1
10,3,27,3,N,nb13,505,-0.164,-1.595,2,1
10,3,27,3,N,nb14,505,0.651,-1.661,3,1
10,3,27,3,N,nb15,505,0.888,0.674,2,1
10,3,27,3,N,nb16,505,-1.196,-0.021,1,1
10,3,27,3,N,nb17,505,0.509,-1.865,3,1
10,3,27,3,N,nb18,505,0.241,-1.43,1,1
10,3,27,3,N,nb19,505,-1.341,-0.217,2,1
10,3,27,3,N,nb20,505,-0.088,1.689,3,1
10,3,27,3,N,nb21,505,0.486,1.401,0,0
10,3,27,3,N,nb22,505,-1.227,1.599,2,1
10,3,27,3,N,nb23,505,1.866,-0.927,0,0
10,3,27,3,N,nb24,505,-0.253,-0.079,1,1
10,3,27,3,N,nb25,505,-0.414,-0.223,1,1
10,3,27,3,N,nb26,505,0.019,-1.501,3,1
10,3,27,3,N,nb27,505,1.119,0.754,2,1
10,3,27,3,N,nb28,505,-1.367,-0.457,2,1
10,3,27,3,N,nb29,505,-0.003,-1.262,1,1
10,3,27,3,A,aa0,505,-0.451,1.268,3,1
10,3,27,3,A,aa1,505,1.793,0.043,0,0
10,3,27,3,A,aa2,505,1.542,-1.866,0,0
10,3,27,3,N,nb0,510,0.09,1.622,1,1
10,3,27,3,N,nb1,510,-0.111,1.463,0,0
10,3,27,3,N,nb2,510,-0.333,1.65,0,0
10,3,27,3,N,nb3,510,0.407,-1.639,3,1
10,3,27,3,N,nb4,510,0.794,0.901,1,1
10,3,27,3,N,nb5,510,0.311,-1.778,2,1
10,3,27,3,N,nb6,510,-0.922,1.866,1,1
10,3,27,3,N,nb7,510,-1.118,1.728,3,1
10,3,27,3,N,nb8,510,-1.295,1.755,2,1
10,3,27,3,N,nb9,510,-1.576,-0.375,1,1
10,3,27,3,N,nb10,510,1.127,0.545,1,1
10,3,27,3,N,nb11,510,0.604,-1.444,1,1
10,3,27,3,N,nb12,510,-0.149,-1.772,1,1
10,3,27,3,N,nb13,510,-0.164,-1.595,2,1
10,3,27,3,N,nb14,510,0.651,-1.661,3,1
10,3,27,3,N,nb15,510,0.888,0.674,2,0
10,3,27,3,N,nb16,510,-1.196,-0.021,1,1
10,3,27,3,N,nb17,510,0.509,-1.865,3,1
10,3,27,3,N,nb18,510,0.241,-1.43,1,1
10,3,27,3,N,nb19,510,-1.341,-0.217,2,1
10,3,27,3,N,nb20,510,-0.097,1.744,1,0
10,3,27,3,N,nb21,510,0.577,1.359,0,0
10,3,27,3,N,nb22,510,-1.227,1.599,2,1
10,3,27,3,N,nb23,510,1.866,-1.008,0,0
10,3,27,3,N,nb24,510,-0.253,-0.079,1,0
10,3,27,3,N,nb25,510,-0.414,-0.223,1,1
10,3,27,3,N,nb26,510,0.019,-1.501,3,1
10,3,27,3,N,nb27,510,1.119,0.754,2,0
10,3,27,3,N,nb28,510,-1.367,-0.457,2,1
10,3,27,3,N,nb29,510,-0.003,-1.262,1,1
10,3,27,3,A,aa0,510,-0.451,1.268,0,0
10,3,27,3,A,aa1,510,1.773,0.135,0,0
10,3,27,3,A,aa2,510,1.479,-1.866,0,0
10,3,27,3,N,nb0,515,0.09,1.622,0,1
10,3,27,3,N,nb1,515,-0.21,1.461,0,0
10,3,27,3,N,nb2,515,-0.384,1.731,0,0
10,3,27,3,N,nb3,515,0.407,-1.639,3,1
10,3,27,3,N,nb4,515,0.794,0.901,1,1
10,3,27,3,N,nb5,515,0.311,-1.778,2,1
10,3,27,3,N,nb6,515,-0.922,1.866,1,1
10,3,27,3,N,nb7,515,-1.118,1.728,3,1
10,3,27,3,N,nb8,515,-1.295,1.755,2,1
10,3,27,3,N,nb9,515,-1.576,-0.375,1,1
10,3,27,3,N,nb10,515,1.127,0.545,1,1
10,3,27,3,N,nb11,515,0.604,-1.444,1,1
10,3,27,3,N,nb12,515,-0.149,-1.772,1,1
10,3,27,3,N,nb13,515,-0.164,-1.595,2,1
10,3,27,3,N,nb14,515,0.651,-1.661,3,1
10,3,27,3,N,nb15,515,0.888,0.674,2,1
10,3,27,3,N,nb16,515,-1.196,-0.021,1,1
10,3,27,3,N,nb17,515,0.509,-1.865,3,1
10,3,27,3,N,nb18,515,0.241,-1.43,1,1
10,3,27,3,N,nb19,515,-1.341,-0.217,2,1
10,3,27,3,N,nb20,515,-0.114,1.833,0,0
10,3,27,3,N,nb21,515,0.668,1.318,0,0
10,3,27,3,N,nb22,515,-1.227,1.599,2,1
10,3,27,3,N,nb23,515,1.866,-1.094,0,0
10,3,27,3,N,nb24,515,-0.253,-0.079,1,1
10,3,27,3,N,nb25,515,-0.414,-0.223,1,1
10,3,27,3,N,nb26,515,0.019,-1.501,3,1
10,3,27,3,N,nb27,515,1.119,0.754,2,1
10,3,27,3,N,nb28,515,-1.367,-0.457,2,1
10,3,27,3,N,nb29,515,-0.003,-1.262,1,1
10,3,27,3,A,aa0,515,-0.543,1.24,0,0
10,3,27,3,A,aa1,515,1.767,0.155,0,0
10,3,27,3,A,aa2,515,1.406,-1.866,0,0
10,3,27,3,N,nb0,520,0.09,1.622,0,1
10,3,27,3,N,nb1,520,-0.31,1.459,0,0
10,3,27,3,N,nb2,520,-0.437,1.81,0,0
10,3,27,3,N,nb3,520,0.407,-1.639,3,1
10,3,27,3,N,nb4,520,0.794,0.901,1,1
10,3,27,3,N,nb5,520,0.311,-1.778,2,1
10,3,27,3,N,nb6,520,-0.922,1.866,1,1
10,3,27,3,N,nb7,520,-1.118,1.728,3,1
10,3,27,3,N,nb8,520,-1.295,1.755,2,1
10,3,27,3,N,nb9,520,-1.576,-0.375,1,1
10,3,27,3,N,nb10,520,1.127,0.545,1,1
10,3,27,3,N,nb11,520,0.604,-1.444,1,1
10,3,27,3,N,nb12,520,-0.149,-1.772,1,1
10,3,27,3,N,nb13,520,-0.164,-1.595,2,1
10,3,27,3,N,nb14,520,0.651,-1.661,3,1
10,3,27,3,N,nb15,520,0.888,0.674,2,1
10,3,27,3,N,nb16,520,-1.196,-0.021,1,1
10,3,27,3,N,nb17,520,0.509,-1.865,3,1
10,3,27,3,N,nb18,520,0.241,-1.43,1,1
10,3,27,3,N,nb19,520,-1.341,-0.217,2,1
10,3,27,3,N,nb20,520,-0.142,1.866,0,0
10,3,27,3,N,nb21,520,0.759,1.276,0,0
10,3,27,3,N,nb22,520,-1.227,1.599,2,1
10,3,27,3,N,nb23,520,1.866,-1.184,0,0
10,3,27,3,N,nb24,520,-0.253,-0.079,1,1
10,3,27,3,N,nb25,520,-0.414,-0.223,1,1
10,3,27,3,N,nb26,520,0.019,-1.501,3,1
10,3,27,3,N,nb27,520,1.119,0.754,2,1
10,3,27,3,N,nb28,520,-1.367,-0.457,2,1
10,3,27,3,N,nb29,520,-0.003,-1.262,1,1
10,3,27,3,A,aa0,520,-0.639,1.21,0,0
10,3,27,3,A,aa1,520,1.732,0.165,0,0
10,3,27,3,A,aa2,520,1.326,-1.866,0,0
10,3,27,3,N,nb0,525,0.09,1.622,0,1
10,3,27,3,N,nb1,525,-0.41,1.457,0,0
10,3,27,3,N,nb2,525,-0.494,1.865,0,0
10,3,27,3,N,nb3,525,0.407,-1.639,3,0
10,3,27,3,N,nb4,525,0.794,0.901,1,1
10,3,27,3,N,nb5,525,0.311,-1.778,2,1
10,3,27,3,N,nb6,525,-0.922,1.866,1,1
10,3,27,3,N,nb7,525,-1.118,1.728,3,1
10,3,27,3,N,nb8,525,-1.295,1.755,2,1
10,3,27,3,N,nb9,525,-1.576,-0.375,1,1
10,3,27,3,N,nb10,525,1.127,0.545,1,1
10,3,27,3,N,nb11,525,0.604,-1.444,1,0
10,3,27,3,N,nb12,525,-0.149,-1.772,1,1
10,3,27,3,N,nb13,525,-0.164,-1.595,2,1
10,3,27,3,N,nb14,525,0.651,-1.661,3,1
10,3,27,3,N,nb15,525,0.888,0.674,2,1
10,3,27,3,N,nb16,525,-1.196,-0.021,1,1
10,3,27,3,N,nb17,525,0.509,-1.865,3,1
10,3,27,3,N,nb18,525,0.241,-1.43,1,1
10,3,27,3,N,nb19,525,-1.341,-0.217,2,1
10,3,27,3,N,nb20,525,-0.182,1.866,0,0
10,3,27,3,N,nb21,525,0.85,1.234,0,0
10,3,27,3,N,nb22,525,-1.227,1.599,2,1
10,3,27,3,N,nb23,525,1.865,-1.276,0,0
10,3,27,3,N,nb24,525,-0.253,-0.079,1,1
10,3,27,3,N,nb25,525,-0.414,-0.223,1,1
10,3,27,3,N,nb26,525,0.019,-1.501,3,1
10,3,27,3,N,nb27,525,1.119,0.754,2,1
10,3,27,3,N,nb28,525,-1.367,-0.457,2,1
10,3,27,3,N,nb29,525,-0.003,-1.262,1,1
10,3,27,3,A,aa0,525,-0.734,1.18,0,0
10,3,27,3,A,aa1,525,1.636,0.192,0,0
10,3,27,3,A,aa2,525,1.24,-1.866,0,0
10,3,27,3,N,nb0,530,0.065,1.595,0,0
10,3,27,3,N,nb1,530,-0.51,1.455,0,0
10,3,27,3,N,nb2,530,-0.559,1.865,0,0
10,3,27,3,N,nb3,530,0.407,-1.639,3,1
10,3,27,3,N,nb4,530,0.794,0.901,1,1
10,3,27,3,N,nb5,530,0.311,-1.778,2,1
10,3,27,3,N,nb6,530,-0.922,1.866,1,1
10,3,27,3,N,nb7,530,-1.118,1.728,3,1
10,3,27,3,N,nb8,530,-1.295,1.755,2,1
10,3,27,3,N,nb9,530,-1.576,-0.375,1,1
10,3,27,3,N,nb10,530,1.127,0.545,1,1
10,3,27,3,N,nb11,530,0.604,-1.444,1,1
10,3,27,3,N,nb12,530,-0.149,-1.772,1,1
10,3,27,3,N,nb13,530,-0.164,-1.595,2,1
10,3,27,3,N,nb14,530,0.651,-1.661,3,1
10,3,27,3,N,nb15,530,0.888,0.674,2,1
10,3,27,3,N,nb16,530,-1.196,-0.021,1,1
10,3,27,3,N,nb17,530,0.509,-1.865,3,1
10,3,27,3,N,nb18,530,0.241,-1.43,1,1
10,3,27,3,N,nb19,530,-1.341,-0.217,2,0
10,3,27,3,N,nb20,530,-0.237,1.866,0,0
10,3,27,3,N,nb21,530,0.941,1.193,0,0
10,3,27,3,N,nb22,530,-1.227,1.599,2,1
10,3,27,3,N,nb23,530,1.855,-1.368,0,0
10,3,27,3,N,nb24,530,-0.253,-0.079,1,1
10,3,27,3,N,nb25,530,-0.414,-0.223,1,1
10,3,27,3,N,nb26,530,0.019,-1.501,3,1
10,3,27,3,N,nb27,530,1.119,0.754,2,1
10,3,27,3,N,nb28,530,-1.367,-0.457,2,1
10,3,27,3,N,nb29,530,-0.003,-1.262,1,1
10,3,27,3,A,aa0,530,-0.829,1.151,1,0
10,3,27,3,A,aa1,530,1.539,0.219,1,0
10,3,27,3,A,aa2,530,1.15,-1.866,1,0
10,3,27,3,N,nb0,535,-0.003,1.522,0,0
10,3,27,3,N,nb1,535,-0.61,1.453,0,0
10,3,27,3,N,nb2,535,-0.633,1.865,0,0
10,3,27,3,N,nb3,535,0.407,-1.639,3,1
10,3,27,3,N,nb4,535,0.794,0.901,1,1
10,3,27,3,N,nb5,535,0.311,-1.778,2,1
10,3,27,3,N,nb6,535,-0.922,1.866,1,1
10,3,27,3,N,nb7,535,-1.118,1.728,3,1
10,3,27,3,N,nb8,535,-1.295,1.755,2,1
10,3,27,3,N,nb9,535,-1.576,-0.375,1,1
10,3,27,3,N,nb10,535,1.127,0.545,1,1
10,3,27,3,N,nb11,535,0.604,-1.444,1,1
10,3,27,3,N,nb12,535,-0.149,-1.772,1,1
10,3,27,3,N,nb13,535,-0.164,-1.595,2,1
10,3,27,3,N,nb14,535,0.651,-1.661,3,1
10,3,27,3,N,nb15,535,0.888,0.674,2,1
10,3,27,3,N,nb16,535,-1.196,-0.021,1,1
10,3,27,3,N,nb17,535,0.509,-1.865,3,1
10,3,27,3,N,nb18,535,0.241,-1.43,1,1
10,3,27,3,N,nb19,535,-1.341,-0.217,2,1
10,3,27,3,N,nb20,535,-0.302,1.866,0,0
10,3,27,3,N,nb21,535,1.032,1.151,0,0
10,3,27,3,N,nb22,535,-1.227,1.599,2,1
10,3,27,3,N,nb23,535,1.837,-1.46,0,0
10,3,27,3,N,nb24,535,-0.253,-0.079,1,1
10,3,27,3,N,nb25,535,-0.414,-0.223,1,0
10,3,27,3,N,nb26,535,0.019,-1.501,3,1
10,3,27,3,N,nb27,535,1.119,0.754,2,1
10,3,27,3,N,nb28,535,-1.367,-0.457,2,1
10,3,27,3,N,nb29,535,-0.003,-1.262,1,1
10,3,27,3,A,aa0,535,-0.925,1.121,1,0
10,3,27,3,A,aa1,535,1.443,0.246,1,0
10,3,27,3,A,aa2,535,1.058,-1.865,2,0
10,3,27,3,N,nb0,540,-0.07,1.448,0,0
10,3,27,3,N,nb1,540,-0.71,1.451,0,0
10,3,27,3,N,nb2,540,-0.683,1.865,1,1
10,3,27,3,N,nb3,540,0.407,-1.639,3,1
10,3,27,3,N,nb4,540,0.794,0.901,1,1
10,3,27,3,N,nb5,540,0.311,-1.778,2,1
10,3,27,3,N,nb6,540,-0.922,1.866,2,1
10,3,27,3,N,nb7,540,-1.118,1.728,3,1
10,3,27,3,N,nb8,540,-1.295,1.755,2,1
10,3,27,3,N,nb9,540,-1.576,-0.375,1,1
10,3,27,3,N,nb10,540,1.127,0.545,1,1
10,3,27,3,N,nb11,540,0.597,-1.458,1,0
10,3,27,3,N,nb12,540,-0.149,-1.772,1,1
10,3,27,3,N,nb13,540,-0.164,-1.595,2,1
10,3,27,3,N,nb14,540,0.639,-1.653,2,0
10,3,27,3,N,nb15,540,0.888,0.674,2,1
10,3,27,3,N,nb16,540,-1.196,-0.021,1,1
10,3,27,3,N,nb17,540,0.495,-1.865,2,0
10,3,27,3,N,nb18,540,0.241,-1.43,1,1
10,3,27,3,N,nb19,540,-1.341,-0.217,2,1
10,3,27,3,N,nb20,540,-0.377,1.866,0,0
10,3,27,3,N,nb21,540,1.123,1.109,0,0
10,3,27,3,N,nb22,540,-1.227,1.599,2,1
10,3,27,3,N,nb23,540,1.809,-1.549,0,0
10,3,27,3,N,nb24,540,-0.253,-0.079,1,1
10,3,27,3,N,nb25,540,-0.414,-0.223,1,1
10,3,27,3,N,nb26,540,0.019,-1.501,3,1
10,3,27,3,N,nb27,540,1.119,0.754,2,1
10,3,27,3,N,nb28,540,-1.367,-0.457,2,1
10,3,27,3,N,nb29,540,-0.003,-1.262,1,1
10,3,27,3,A,aa0,540,-1.02,1.091,1,0
10,3,27,3,A,aa1,540,1.347,0.272,1,0
10,3,27,3,A,aa2,540,0.966,-1.857,0,0
10,3,27,3,N,nb0,545,-0.138,1.374,0,0
10,3,27,3,N,nb1,545,-0.81,1.449,0,0
10,3,27,3,N,nb2,545,-0.683,1.865,2,1
10,3,27,3,N,nb3,545,0.407,-1.639,4,1
10,3,27,3,N,nb4,545,0.794,0.901,1,1
10,3,27,3,N,nb5,545,0.288,-1.771,2,1
10,3,27,3,N,nb6,545,-0.922,1.866,2,1
10,3,27,3,N,nb7,545,-1.118,1.728,3,1
10,3,27,3,N,nb8,545,-1.295,1.755,2,1
10,3,27,3,N,nb9,545,-1.576,-0.375,1,1
10,3,27,3,N,nb10,545,1.127,0.545,1,1
10,3,27,3,N,nb11,545,0.54,-1.487,2,0
10,3,27,3,N,nb12,545,-0.149,-1.772,1,1
10,3,27,3,N,nb13,545,-0.164,-1.595,2,1
10,3,27,3,N,nb14,545,0.576,-1.653,2,0
10,3,27,3,N,nb15,545,0.888,0.674,2,1
10,3,27,3,N,nb16,545,-1.196,-0.021,1,1
10,3,27,3,N,nb17,545,0.429,-1.865,2,0
10,3,27,3,N,nb18,545,0.241,-1.43,1,1
10,3,27,3,N,nb19,545,-1.341,-0.217,2,1
10,3,27,3,N,nb20,545,-0.445,1.866,1,1
10,3,27,3,N,nb21,545,1.214,1.068,0,0
10,3,27,3,N,nb22,545,-1.227,1.599,2,1
10,3,27,3,N,nb23,545,1.774,-1.636,0,0
10,3,27,3,N,nb24,545,-0.253,-0.079,1,1
10,3,27,3,N,nb25,545,-0.414,-0.223,1,1
10,3,27,3,N,nb26,545,0.019,-1.501,3,1
10,3,27,3,N,nb27,545,1.119,0.754,2,1
10,3,27,3,N,nb28,545,-1.367,-0.457,2,1
10,3,27,3,N,nb29,545,-0.003,-1.262,1,1
10,3,27,3,A,aa0,545,-1.116,1.061,0,0
10,3,27,3,A,aa1,545,1.25,0.299,1,0
10,3,27,3,A,aa2,545,0.874,-1.838,0,0
10,3,27,3,N,nb0,550,-0.205,1.3,0,0
10,3,27,3,N,nb1,550,-0.91,1.447,0,0
10,3,27,3,N,nb2,550,-0.683,1.865,2,1
10,3,27,3,N,nb3,550,0.374,-1.65,4,1
10,3,27,3,N,nb4,550,0.794,0.901,1,1
10,3,27,3,N,nb5,550,0.245,-1.761,2,1
10,3,27,3,N,nb6,550,-0.922,1.866,2,1
10,3,27,3,N,nb7,550,-1.118,1.728,3,1
10,3,27,3,N,nb8,550,-1.295,1.755,2,1
10,3,27,3,N,nb9,550,-1.576,-0.375,1,1
10,3,27,3,N,nb10,550,1.127,0.545,1,1
10,3,27,3,N,nb11,550,0.503,-1.486,2,1
10,3,27,3,N,nb12,550,-0.149,-1.772,1,1
10,3,27,3,N,nb13,550,-0.164,-1.595,2,1
10,3,27,3,N,nb14,550,0.544,-1.651,2,1
10,3,27,3,N,nb15,550,0.888,0.674,2,1
10,3,27,3,N,nb16,550,-1.196,-0.021,1,1
10,3,27,3,N,nb17,550,0.379,-1.865,2,1
10,3,27,3,N,nb18,550,0.241,-1.43,1,1
10,3,27,3,N,nb19,550,-1.341,-0.217,2,1
10,3,27,3,N,nb20,550,-0.445,1.866,1,1
10,3,27,3,N,nb21,550,1.304,1.026,0,0
10,3,27,3,N,nb22,550,-1.227,1.599,2,1
10,3,27,3,N,nb23,550,1.73,-1.724,0,0
10,3,27,3,N,nb24,550,-0.253,-0.079,1,1
10,3,27,3,N,nb25,550,-0.414,-0.223,1,1
10,3,27,3,N,nb26,550,0.019,-1.501,3,1
10,3,27,3,N,nb27,550,1.119,0.754,2,1
10,3,27,3,N,nb28,550,-1.367,-0.457,2,1
10,3,27,3,N,nb29,550,-0.003,-1.262,1,1
10,3,27,3,A,aa0,550,-1.211,1.032,1,0
10,3,27,3,A,aa1,550,1.161,0.321,2,0
10,3,27,3,A,aa2,550,0.785,-1.811,1,0
10,3,27,3,N,nb0,555,-0.273,1.227,0,0
10,3,27,3,N,nb1,555,-1.01,1.445,0,0
10,3,27,3,N,nb2,555,-0.683,1.865,2,1
10,3,27,3,N,nb3,555,0.374,-1.65,4,1
10,3,27,3,N,nb4,555,0.794,0.901,1,1
10,3,27,3,N,nb5,555,0.237,-1.75,2,0
10,3,27,3,N,nb6,555,-0.922,1.866,2,1
10,3,27,3,N,nb7,555,-1.118,1.728,3,1
10,3,27,3,N,nb8,555,-1.295,1.755,2,1
10,3,27,3,N,nb9,555,-1.576,-0.375,1,1
10,3,27,3,N,nb10,555,1.127,0.545,1,1
10,3,27,3,N,nb11,555,0.503,-1.486,2,1
10,3,27,3,N,nb12,555,-0.149,-1.772,1,1
10,3,27,3,N,nb13,555,-0.164,-1.595,2,1
10,3,27,3,N,nb14,555,0.544,-1.651,2,0
10,3,27,3,N,nb15,555,0.888,0.674,2,1
10,3,27,3,N,nb16,555,-1.196,-0.021,1,1
10,3,27,3,N,nb17,555,0.363,-1.863,2,0
10,3,27,3,N,nb18,555,0.241,-1.43,1,1
10,3,27,3,N,nb19,555,-1.341,-0.217,2,1
10,3,27,3,N,nb20,555,-0.445,1.866,1,1
10,3,27,3,N,nb21,555,1.395,0.984,0,0
10,3,27,3,N,nb22,555,-1.227,1.599,2,1
10,3,27,3,N,nb23,555,1.687,-1.808,0,0
10,3,27,3,N,nb24,555,-0.253,-0.079,1,1
10,3,27,3,N,nb25,555,-0.414,-0.223,1,1
10,3,27,3,N,nb26,555,0.019,-1.501,3,1
10,3,27,3,N,nb27,555,1.119,0.754,2,1
10,3,27,3,N,nb28,555,-1.367,-0.457,2,1
10,3,27,3,N,nb29,555,-0.003,-1.262,1,1
10,3,27,3,A,aa0,555,-1.307,1.002,0,0
10,3,27,3,A,aa1,555,1.07,0.33,2,0
10,3,27,3,A,aa2,555,0.7,-1.777,0,0
10,3,27,3,N,nb0,560,-0.341,1.153,0,0
10,3,27,3,N,nb1,560,-1.048,1.444,1,1
10,3,27,3,N,nb2,560,-0.683,1.865,2,1
10,3,27,3,N,nb3,560,0.353,-1.654,4,1
10,3,27,3,N,nb4,560,0.794,0.901,1,1
10,3,27,3,N,nb5,560,0.189,-1.698,2,0
10,3,27,3,N,nb6,560,-0.922,1.866,2,1
10,3,27,3,N,nb7,560,-1.118,1.728,3,1
10,3,27,3,N,nb8,560,-1.295,1.755,2,1
10,3,27,3,N,nb9,560,-1.576,-0.375,1,1
10,3,27,3,N,nb10,560,1.127,0.545,1,1
10,3,27,3,N,nb11,560,0.497,-1.478,2,1
10,3,27,3,N,nb12,560,-0.149,-1.772,1,1
10,3,27,3,N,nb13,560,-0.164,-1.595,2,1
10,3,27,3,N,nb14,560,0.522,-1.646,2,0
10,3,27,3,N,nb15,560,0.888,0.674,2,1
10,3,27,3,N,nb16,560,-1.196,-0.021,1,1
10,3,27,3,N,nb17,560,0.283,-1.839,2,0
10,3,27,3,N,nb18,560,0.241,-1.43,1,0
10,3,27,3,N,nb19,560,-1.341,-0.217,2,1
10,3,27,3,N,nb20,560,-0.445,1.866,1,1
10,3,27,3,N,nb21,560,1.486,0.943,0,0
10,3,27,3,N,nb22,560,-1.227,1.599,3,1
10,3,27,3,N,nb23,560,1.637,-1.866,0,0
10,3,27,3,N,nb24,560,-0.253,-0.079,1,1
10,3,27,3,N,nb25,560,-0.414,-0.223,1,1
10,3,27,3,N,nb26,560,0.019,-1.501,3,1
10,3,27,3,N,nb27,560,1.119,0.754,2,1
10,3,27,3,N,nb28,560,-1.367,-0.457,2,1
10,3,27,3,N,nb29,560,-0.003,-1.262,1,1
10,3,27,3,A,aa0,560,-1.367,0.983,1,0
10,3,27,3,A,aa1,560,0.976,0.33,2,0
10,3,27,3,A,aa2,560,0.657,-1.747,0,0
10,3,27,3,N,nb0,565,-0.408,1.079,0,0
10,3,27,3,N,nb1,565,-1.048,1.444,1,1
10,3,27,3,N,nb2,565,-0.683,1.865,2,1
10,3,27,3,N,nb3,565,0.33,-1.663,4,1
10,3,27,3,N,nb4,565,0.794,0.901,0,1
10,3,27,3,N,nb5,565,0.16,-1.668,3,1
10,3,27,3,N,nb6,565,-0.922,1.866,2,1
10,3,27,3,N,nb7,565,-1.118,1.728,3,1
10,3,27,3,N,nb8,565,-1.295,1.755,2,1
10,3,27,3,N,nb9,565,-1.576,-0.375,1,1
10,3,27,3,N,nb10,565,1.122,0.558,1,0
10,3,27,3,N,nb11,565,0.496,-1.476,1,1
10,3,27,3,N,nb12,565,-0.149,-1.772,1,1
10,3,27,3,N,nb13,565,-0.164,-1.595,2,1
10,3,27,3,N,nb14,565,0.499,-1.645,2,1
10,3,27,3,N,nb15,565,0.884,0.658,1,0
10,3,27,3,N,nb16,565,-1.196,-0.021,1,1
10,3,27,3,N,nb17,565,0.23,-1.823,2,1
10,3,27,3,N,nb18,565,0.241,-1.43,2,1
10,3,27,3,N,nb19,565,-1.341,-0.217,2,1
10,3,27,3,N,nb20,565,-0.445,1.866,1,1
10,3,27,3,N,nb21,565,1.577,0.901,0,0
10,3,27,3,N,nb22,565,-1.227,1.599,3,1
10,3,27,3,N,nb23,565,1.58,-1.866,0,0
10,3,27,3,N,nb24,565,-0.253,-0.079,1,1
10,3,27,3,N,nb25,565,-0.414,-0.223,1,1
10,3,27,3,N,nb26,565,0.019,-1.501,4,1
10,3,27,3,N,nb27,565,1.103,0.754,2,0
10,3,27,3,N,nb28,565,-1.367,-0.457,2,1
10,3,27,3,N,nb29,565,-0.003,-1.262,1,1
10,3,27,3,A,aa0,565,-1.374,0.968,1,0
10,3,27,3,A,aa1,565,0.877,0.324,0,0
10,3,27,3,A,aa2,565,0.643,-1.732,2,0
10,3,27,3,N,nb0,570,-0.476,1.006,0,0
10,3,27,3,N,nb1,570,-1.048,1.444,1,1
10,3,27,3,N,nb2,570,-0.683,1.865,2,1
10,3,27,3,N,nb3,570,0.33,-1.663,4,1
10,3,27,3,N,nb4,570,0.794,0.901,0,1
10,3,27,3,N,nb5,570,0.16,-1.668,3,1
10,3,27,3,N,nb6,570,-0.922,1.866,2,1
10,3,27,3,N,nb7,570,-1.118,1.728,3,1
10,3,27,3,N,nb8,570,-1.295,1.755,2,1
10,3,27,3,N,nb9,570,-1.576,-0.375,1,1
10,3,27,3,N,nb10,570,1.08,0.62,2,0
10,3,27,3,N,nb11,570,0.496,-1.476,1,1
10,3,27,3,N,nb12,570,-0.149,-1.772,1,1
10,3,27,3,N,nb13,570,-0.164,-1.595,2,1
10,3,27,3,N,nb14,570,0.499,-1.645,2,1
10,3,27,3,N,nb15,570,0.862,0.566,1,0
10,3,27,3,N,nb16,570,-1.196,-0.021,1,1
10,3,27,3,N,nb17,570,0.23,-1.823,2,1
10,3,27,3,N,nb18,570,0.241,-1.43,2,1
10,3,27,3,N,nb19,570,-1.341,-0.217,2,1
10,3,27,3,N,nb20,570,-0.445,1.866,1,1
10,3,27,3,N,nb21,570,1.668,0.859,0,0
10,3,27,3,N,nb22,570,-1.227,1.599,3,1
10,3,27,3,N,nb23,570,1.511,-1.866,0,0
10,3,27,3,N,nb24,570,-0.253,-0.079,1,1
10,3,27,3,N,nb25,570,-0.414,-0.223,1,1
10,3,27,3,N,nb26,570,0.019,-1.501,4,1
10,3,27,3,N,nb27,570,1.012,0.775,1,0
10,3,27,3,N,nb28,570,-1.367,-0.457,2,1
10,3,27,3,N,nb29,570,-0.003,-1.262,1,1
10,3,27,3,A,aa0,570,-1.414,0.876,0,0
10,3,27,3,A,aa1,570,0.777,0.318,0,0
10,3,27,3,A,aa2,570,0.643,-1.732,2,0
10,3,27,3,N,nb0,575,-0.543,0.932,0,0
10,3,27,3,N,nb1,575,-1.048,1.444,1,1
10,3,27,3,N,nb2,575,-0.683,1.865,2,1
10,3,27,3,N,nb3,575,0.33,-1.663,4,1
10,3,27,3,N,nb4,575,0.794,0.901,1,1
10,3,27,3,N,nb5,575,0.16,-1.668,3,1
10,3,27,3,N,nb6,575,-0.922,1.866,2,1
10,3,27,3,N,nb7,575,-1.118,1.728,3,1
10,3,27,3,N,nb8,575,-1.295,1.755,2,1
10,3,27,3,N,nb9,575,-1.576,-0.375,1,1
10,3,27,3,N,nb10,575,1.037,0.664,1,1
10,3,27,3,N,nb11,575,0.496,-1.476,1,1
10,3,27,3,N,nb12,575,-0.149,-1.772,1,1
10,3,27,3,N,nb13,575,-0.164,-1.595,2,1
10,3,27,3,N,nb14,575,0.499,-1.645,2,1
10,3,27,3,N,nb15,575,0.833,0.481,0,0
10,3,27,3,N,nb16,575,-1.196,-0.021,1,1
10,3,27,3,N,nb17,575,0.23,-1.823,2,1
10,3,27,3,N,nb18,575,0.241,-1.43,2,1
10,3,27,3,N,nb19,575,-1.341,-0.217,2,1
10,3,27,3,N,nb20,575,-0.445,1.866,1,1
10,3,27,3,N,nb21,575,1.759,0.817,0,0
10,3,27,3,N,nb22,575,-1.227,1.599,3,1
10,3,27,3,N,nb23,575,1.434,-1.866,0,0
10,3,27,3,N,nb24,575,-0.253,-0.079,1,1
10,3,27,3,N,nb25,575,-0.414,-0.223,1,1
10,3,27,3,N,nb26,575,0.019,-1.501,4,1
10,3,27,3,N,nb27,575,0.934,0.8,2,1
10,3,27,3,N,nb28,575,-1.367,-0.457,2,1
10,3,27,3,N,nb29,575,-0.003,-1.262,1,1
10,3,27,3,A,aa0,575,-1.454,0.785,0,0
10,3,27,3,A,aa1,575,0.718,0.313,0,0
10,3,27,3,A,aa2,575,0.63,-1.752,2,0
10,3,27,3,N,nb0,580,-0.611,0.858,0,0
10,3,27,3,N,nb1,580,-1.048,1.444,1,1
10,3,27,3,N,nb2,580,-0.683,1.865,2,1
10,3,27,3,N,nb3,580,0.33,-1.663,4,0
10,3,27,3,N,nb4,580,0.794,0.901,1,1
10,3,27,3,N,nb5,580,0.16,-1.668,3,1
10,3,27,3,N,nb6,580,-0.922,1.866,2,1
10,3,27,3,N,nb7,580,-1.118,1.728,3,1
10,3,27,3,N,nb8,580,-1.295,1.755,2,1
10,3,27,3,N,nb9,580,-1.576,-0.375,1,1
10,3,27,3,N,nb10,580,1.037,0.664,1,1
10,3,27,3,N,nb11,580,0.496,-1.476,1,1
10,3,27,3,N,nb12,580,-0.149,-1.772,1,1
10,3,27,3,N,nb13,580,-0.164,-1.595,2,1
10,3,27,3,N,nb14,580,0.499,-1.645,2,0
10,3,27,3,N,nb15,580,0.806,0.42,0,0
10,3,27,3,N,nb16,580,-1.196,-0.021,1,1
10,3,27,3,N,nb17,580,0.23,-1.823,2,0
10,3,27,3,N,nb18,580,0.241,-1.43,2,1
10,3,27,3,N,nb19,580,-1.341,-0.217,2,1
10,3,27,3,N,nb20,580,-0.445,1.866,1,1
10,3,27,3,N,nb21,580,1.839,0.777,0,0
10,3,27,3,N,nb22,580,-1.227,1.599,3,1
10,3,27,3,N,nb23,580,1.35,-1.866,0,0
10,3,27,3,N,nb24,580,-0.253,-0.079,1,1
10,3,27,3,N,nb25,580,-0.414,-0.223,1,1
10,3,27,3,N,nb26,580,0.019,-1.501,4,1
10,3,27,3,N,nb27,580,0.934,0.8,2,1
10,3,27,3,N,nb28,580,-1.367,-0.457,2,1
10,3,27,3,N,nb29,580,-0.003,-1.262,1,1
10,3,27,3,A,aa0,580,-1.494,0.693,0,0
10,3,27,3,A,aa1,580,0.704,0.28,0,0
10,3,27,3,A,aa2,580,0.585,-1.791,3,1
10,3,27,3,N,nb0,585,-0.678,0.784,0,0
10,3,27,3,N,nb1,585,-1.048,1.444,1,1
10,3,27,3,N,nb2,585,-0.683,1.865,2,1
10,3,27,3,N,nb3,585,0.302,-1.711,3,0
10,3,27,3,N,nb4,585,0.794,0.901,1,1
10,3,27,3,N,nb5,585,0.139,-1.651,4,1
10,3,27,3,N,nb6,585,-0.922,1.866,2,1
10,3,27,3,N,nb7,585,-1.118,1.728,3,1
10,3,27,3,N,nb8,585,-1.295,1.755,2,1
10,3,27,3,N,nb9,585,-1.576,-0.375,1,1
10,3,27,3,N,nb10,585,1.037,0.664,1,1
10,3,27,3,N,nb11,585,0.496,-1.476,1,1
10,3,27,3,N,nb12,585,-0.149,-1.772,1,1
10,3,27,3,N,nb13,585,-0.164,-1.595,2,1
10,3,27,3,N,nb14,585,0.465,-1.662,2,0
10,3,27,3,N,nb15,585,0.797,0.348,0,0
10,3,27,3,N,nb16,585,-1.196,-0.021,1,1
10,3,27,3,N,nb17,585,0.17,-1.818,2,0
10,3,27,3,N,nb18,585,0.241,-1.43,2,1
10,3,27,3,N,nb19,585,-1.341,-0.217,2,1
10,3,27,3,N,nb20,585,-0.445,1.866,1,1
10,3,27,3,N,nb21,585,1.866,0.727,0,0
10,3,27,3,N,nb22,585,-1.227,1.599,3,1
10,3,27,3,N,nb23,585,1.262,-1.866,0,0
10,3,27,3,N,nb24,585,-0.253,-0.079,1,1
10,3,27,3,N,nb25,585,-0.414,-0.223,1,1
10,3,27,3,N,nb26,585,0.019,-1.501,4,1
10,3,27,3,N,nb27,585,0.934,0.8,2,1
10,3,27,3,N,nb28,585,-1.367,-0.457,2,1
10,3,27,3,N,nb29,585,-0.003,-1.262,1,1
10,3,27,3,A,aa0,585,-1.534,0.601,0,0
10,3,27,3,A,aa1,585,0.675,0.231,0,0
10,3,27,3,A,aa2,585,0.504,-1.829,0,0
10,3,27,3,N,nb0,590,-0.746,0.711,0,0
10,3,27,3,N,nb1,590,-1.048,1.444,1,1
10,3,27,3,N,nb2,590,-0.683,1.865,2,1
10,3,27,3,N,nb3,590,0.281,-1.79,3,0
10,3,27,3,N,nb4,590,0.794,0.901,1,1
10,3,27,3,N,nb5,590,0.136,-1.645,4,1
10,3,27,3,N,nb6,590,-0.922,1.866,2,1
10,3,27,3,N,nb7,590,-1.118,1.728,3,0
10,3,27,3,N,nb8,590,-1.295,1.755,2,0
10,3,27,3,N,nb9,590,-1.576,-0.375,1,1
10,3,27,3,N,nb10,590,1.037,0.664,1,1
10,3,27,3,N,nb11,590,0.496,-1.476,1,1
10,3,27,3,N,nb12,590,-0.149,-1.772,2,1
10,3,27,3,N,nb13,590,-0.164,-1.595,2,1
10,3,27,3,N,nb14,590,0.405,-1.675,2,0
10,3,27,3,N,nb15,590,0.801,0.267,0,0
10,3,27,3,N,nb16,590,-1.196,-0.021,1,1
10,3,27,3,N,nb17,590,0.078,-1.811,3,0
10,3,27,3,N,nb18,590,0.241,-1.43,2,1
10,3,27,3,N,nb19,590,-1.341,-0.217,2,1
10,3,27,3,N,nb20,590,-0.445,1.866,1,1
10,3,27,3,N,nb21,590,1.866,0.667,0,0
10,3,27,3,N,nb22,590,-1.227,1.599,3,1
10,3,27,3,N,nb23,590,1.171,-1.866,0,0
10,3,27,3,N,nb24,590,-0.253,-0.079,1,1
10,3,27,3,N,nb25,590,-0.414,-0.223,1,1
10,3,27,3,N,nb26,590,0.019,-1.501,4,1
10,3,27,3,N,nb27,590,0.934,0.8,2,1
10,3,27,3,N,nb28,590,-1.367,-0.457,2,1
10,3,27,3,N,nb29,590,-0.003,-1.262,1,1
10,3,27,3,A,aa0,590,-1.574,0.51,0,0
10,3,27,3,A,aa1,590,0.669,0.149,0,0
10,3,27,3,A,aa2,590,0.431,-1.866,0,0
10,3,27,3,N,nb0,595,-0.814,0.637,0,0
10,3,27,3,N,nb1,595,-1.048,1.444,1,1
10,3,27,3,N,nb2,595,-0.683,1.865,2,1
10,3,27,3,N,nb3,595,0.251,-1.785,3,1
10,3,27,3,N,nb4,595,0.794,0.901,1,1
10,3,27,3,N,nb5,595,0.136,-1.645,4,1
10,3,27,3,N,nb6,595,-0.922,1.866,2,1
10,3,27,3,N,nb7,595,-1.118,1.728,3,1
10,3,27,3,N,nb8,595,-1.295,1.755,2,1
10,3,27,3,N,nb9,595,-1.576,-0.375,1,1
10,3,27,3,N,nb10,595,1.037,0.664,1,1
10,3,27,3,N,nb11,595,0.496,-1.476,1,1
10,3,27,3,N,nb12,595,-0.149,-1.772,2,1
10,3,27,3,N,nb13,595,-0.164,-1.595,2,1
10,3,27,3,N,nb14,595,0.385,-1.676,2,1
10,3,27,3,N,nb15,595,0.816,0.179,0,0
10,3,27,3,N,nb16,595,-1.196,-0.021,1,1
10,3,27,3,N,nb17,595,0.056,-1.809,3,1
10,3,27,3,N,nb18,595,0.241,-1.43,2,1
10,3,27,3,N,nb19,595,-1.341,-0.217,2,1
10,3,27,3,N,nb20,595,-0.445,1.866,1,1
10,3,27,3,N,nb21,595,1.866,0.597,0,0
10,3,27,3,N,nb22,595,-1.227,1.599,3,1
10,3,27,3,N,nb23,595,1.078,-1.862,0,0
10,3,27,3,N,nb24,595,-0.253,-0.079,1,1
10,3,27,3,N,nb25,595,-0.414,-0.223,1,1
10,3,27,3,N,nb26,595,0.019,-1.501,4,1
10,3,27,3,N,nb27,595,0.934,0.8,2,1
10,3,27,3,N,nb28,595,-1.367,-0.457,2,1
10,3,27,3,N,nb29,595,-0.003,-1.262,1,1
10,3,27,3,A,aa0,595,-1.614,0.418,0,0
10,3,27,3,A,aa1,595,0.659,0.053,0,0
10,3,27,3,A,aa2,595,0.399,-1.865,2,0
10,3,27,3,N,nb0,600,-0.881,0.563,0,0
10,3,27,3,N,nb1,600,-1.048,1.444,1,1
10,3,27,3,N,nb2,600,-0.683,1.865,2,1
10,3,27,3,N,nb3,600,0.24,-1.778,3,1
10,3,27,3,N,nb4,600,0.794,0.901,1,1
10,3,27,3,N,nb5,600,0.135,-1.645,4,1
10,3,27,3,N,nb6,600,-0.922,1.866,2,1
10,3,27,3,N,nb7,600,-1.118,1.728,3,1
10,3,27,3,N,nb8,600,-1.295,1.755,2,1
10,3,27,3,N,nb9,600,-1.576,-0.375,1,1
10,3,27,3,N,nb10,600,1.037,0.664,1,1
10,3,27,3,N,nb11,600,0.496,-1.476,1,1
10,3,27,3,N,nb12,600,-0.149,-1.772,2,1
10,3,27,3,N,nb13,600,-0.164,-1.595,2,1
10,3,27,3,N,nb14,600,0.385,-1.676,2,1
10,3,27,3,N,nb15,600,0.845,0.092,0,0
10,3,27,3,N,nb16,600,-1.196,-0.021,1,0
10,3,27,3,N,nb17,600,0.056,-1.809,3,1
10,3,27,3,N,nb18,600,0.241,-1.43,2,1
10,3,27,3,N,nb19,600,-1.341,-0.217,2,1
10,3,27,3,N,nb20,600,-0.445,1.866,1,1
10,3,27,3,N,nb21,600,1.866,0.518,0,0
10,3,27,3,N,nb22,600,-1.227,1.599,3,1
10,3,27,3,N,nb23,600,0.987,-1.848,0,0
10,3,27,3,N,nb24,600,-0.253,-0.079,1,1
10,3,27,3,N,nb25,600,-0.414,-0.223,1,1
10,3,27,3,N,nb26,600,0.019,-1.501,4,1
10,3,27,3,N,nb27,600,0.934,0.8,2,1
10,3,27,3,N,nb28,600,-1.367,-0.457,2,1
10,3,27,3,N,nb29,600,-0.003,-1.262,1,0
10,3,27,3,A,aa0,600,-1.654,0.326,1,0
10,3,27,3,A,aa1,600,0.668,0.017,0,0
10,3,27,3,A,aa2,600,0.384,-1.865,2,0
10,3,27,3,N,nb0,605,-0.949,0.489,0,0
10,3,27,3,N,nb1,605,-1.048,1.444,1,1
10,3,27,3,N,nb2,605,-0.683,1.865,2,1
10,3,27,3,N,nb3,605,0.24,-1.778,3,1
10,3,27,3,N,nb4,605,0.794,0.901,1,1
10,3,27,3,N,nb5,605,0.135,-1.645,4,1
10,3,27,3,N,nb6,605,-0.922,1.866,2,0
10,3,27,3,N,nb7,605,-1.118,1.728,3,1
10,3,27,3,N,nb8,605,-1.295,1.755,2,1
10,3,27,3,N,nb9,605,-1.576,-0.375,1,1
10,3,27,3,N,nb10,605,1.037,0.664,1,1
10,3,27,3,N,nb11,605,0.496,-1.476,1,1
10,3,27,3,N,nb12,605,-0.149,-1.772,2,1
10,3,27,3,N,nb13,605,-0.164,-1.595,2,1
10,3,27,3,N,nb14,605,0.385,-1.676,2,1
10,3,27,3,N,nb15,605,0.883,0.008,0,0
10,3,27,3,N,nb16,605,-1.196,-0.021,1,1
10,3,27,3,N,nb17,605,0.056,-1.809,3,1
10,3,27,3,N,nb18,605,0.241,-1.43,2,1
10,3,27,3,N,nb19,605,-1.341,-0.217,2,1
10,3,27,3,N,nb20,605,-0.445,1.866,1,0
10,3,27,3,N,nb21,605,1.866,0.434,0,0
10,3,27,3,N,nb22,605,-1.227,1.599,3,0
10,3,27,3,N,nb23,605,0.896,-1.825,0,0
10,3,27,3,N,nb24,605,-0.253,-0.079,1,1
10,3,27,3,N,nb25,605,-0.414,-0.223,1,1
10,3,27,3,N,nb26,605,0.019,-1.501,4,1
10,3,27,3,N,nb27,605,0.934,0.8,2,1
10,3,27,3,N,nb28,605,-1.367,-0.457,2,1
10,3,27,3,N,nb29,605,-0.003,-1.262,1,1
10,3,27,3,A,aa0,605,-1.694,0.235,2,0
10,3,27,3,A,aa1,605,0.688,-0.074,0,0
10,3,27,3,A,aa2,605,0.384,-1.865,2,0
10,3,27,3,N,nb0,610,-1.016,0.416,0,0
10,3,27,3,N,nb1,610,-1.048,1.444,1,1
10,3,27,3,N,nb2,610,-0.683,1.865,2,1
10,3,27,3,N,nb3,610,0.24,-1.778,3,1
10,3,27,3,N,nb4,610,0.794,0.901,1,1
10,3,27,3,N,nb5,610,0.135,-1.645,4,1
10,3,27,3,N,nb6,610,-0.922,1.866,2,1
10,3,27,3,N,nb7,610,-1.118,1.728,3,1
10,3,27,3,N,nb8,610,-1.295,1.755,2,1
10,3,27,3,N,nb9,610,-1.576,-0.391,1,0
10,3,27,3,N,nb10,610,1.037,0.664,1,1
10,3,27,3,N,nb11,610,0.496,-1.476,1,0
10,3,27,3,N,nb12,610,-0.149,-1.772,2,1
10,3,27,3,N,nb13,610,-0.164,-1.595,2,1
10,3,27,3,N,nb14,610,0.385,-1.676,2,1
10,3,27,3,N,nb15,610,0.931,-0.071,0,0
10,3,27,3,N,nb16,610,-1.211,-0.026,1,0
10,3,27,3,N,nb17,610,0.056,-1.809,3,1
10,3,27,3,N,nb18,610,0.241,-1.43,2,1
10,3,27,3,N,nb19,610,-1.354,-0.227,2,0
10,3,27,3,N,nb20,610,-0.445,1.866,1,1
10,3,27,3,N,nb21,610,1.866,0.345,0,0
10,3,27,3,N,nb22,610,-1.227,1.599,3,1
10,3,27,3,N,nb23,610,0.808,-1.793,0,0
10,3,27,3,N,nb24,610,-0.253,-0.079,1,1
10,3,27,3,N,nb25,610,-0.414,-0.223,1,1
10,3,27,3,N,nb26,610,0.019,-1.501,4,1
10,3,27,3,N,nb27,610,0.934,0.8,2,1
10,3,27,3,N,nb28,610,-1.367,-0.457,2,1
10,3,27,3,N,nb29,610,-0.003,-1.262,1,1
10,3,27,3,A,aa0,610,-1.734,0.143,0,0
10,3,27,3,A,aa1,610,0.699,-0.166,0,0
10,3,27,3,A,aa2,610,0.384,-1.865,2,0
10,3,27,3,N,nb0,615,-1.084,0.342,0,0
10,3,27,3,N,nb1,615,-1.048,1.444,1,1
10,3,27,3,N,nb2,615,-0.683,1.865,2,1
10,3,27,3,N,nb3,615,0.24,-1.778,3,1
10,3,27,3,N,nb4,615,0.794,0.901,1,1
10,3,27,3,N,nb5,615,0.135,-1.645,4,1
10,3,27,3,N,nb6,615,-0.922,1.866,2,1
10,3,27,3,N,nb7,615,-1.118,1.728,3,1
10,3,27,3,N,nb8,615,-1.295,1.755,2,1
10,3,27,3,N,nb9,615,-1.582,-0.483,1,0
10,3,27,3,N,nb10,615,1.037,0.664,1,1
10,3,27,3,N,nb11,615,0.496,-1.476,1,1
10,3,27,3,N,nb12,615,-0.149,-1.772,2,1
10,3,27,3,N,nb13,615,-0.164,-1.595,2,1
10,3,27,3,N,nb14,615,0.385,-1.676,2,1
10,3,27,3,N,nb15,615,0.988,-0.15,0,0
10,3,27,3,N,nb16,615,-1.297,-0.042,0,0
10,3,27,3,N,nb17,615,0.056,-1.809,3,1
10,3,27,3,N,nb18,615,0.241,-1.43,2,1
10,3,27,3,N,nb19,615,-1.431,-0.276,1,0
10,3,27,3,N,nb20,615,-0.445,1.866,1,1
10,3,27,3,N,nb21,615,1.866,0.254,0,0
10,3,27,3,N,nb22,615,-1.227,1.599,3,1
10,3,27,3,N,nb23,615,0.721,-1.754,0,0
10,3,27,3,N,nb24,615,-0.253,-0.079,1,1
10,3,27,3,N,nb25,615,-0.414,-0.223,1,1
10,3,27,3,N,nb26,615,0.019,-1.501,4,1
10,3,27,3,N,nb27,615,0.934,0.8,2,1
10,3,27,3,N,nb28,615,-1.367,-0.457,2,1
10,3,27,3,N,nb29,615,-0.003,-1.262,1,1
10,3,27,3,A,aa0,615,-1.774,0.053,0,0
10,3,27,3,A,aa1,615,0.703,-0.263,0,0
10,3,27,3,A,aa2,615,0.384,-1.865,2,0
10,3,27,3,N,nb0,620,-1.151,0.268,0,0
10,3,27,3,N,nb1,620,-1.048,1.444,1,1
10,3,27,3,N,nb2,620,-0.683,1.865,2,1
10,3,27,3,N,nb3,620,0.24,-1.778,3,1
10,3,27,3,N,nb4,620,0.794,0.901,1,1
10,3,27,3,N,nb5,620,0.135,-1.645,4,1
10,3,27,3,N,nb6,620,-0.922,1.866,2,1
10,3,27,3,N,nb7,620,-1.118,1.728,3,1
10,3,27,3,N,nb8,620,-1.295,1.755,2,1
10,3,27,3,N,nb9,620,-1.594,-0.561,0,1
10,3,27,3,N,nb10,620,1.037,0.664,1,1
10,3,27,3,N,nb11,620,0.496,-1.476,1,1
10,3,27,3,N,nb12,620,-0.149,-1.772,2,0
10,3,27,3,N,nb13,620,-0.164,-1.595,2,0
10,3,27,3,N,nb14,620,0.385,-1.676,3,1
10,3,27,3,N,nb15,620,1.048,-0.23,0,0
10,3,27,3,N,nb16,620,-1.397,-0.05,0,0
10,3,27,3,N,nb17,620,0.056,-1.809,3,1
10,3,27,3,N,nb18,620,0.241,-1.43,2,1
10,3,27,3,N,nb19,620,-1.499,-0.309,1,1
10,3,27,3,N,nb20,620,-0.445,1.866,1,1
10,3,27,3,N,nb21,620,1.86,0.161,0,0
10,3,27,3,N,nb22,620,-1.227,1.599,3,1
10,3,27,3,N,nb23,620,0.631,-1.709,1,1
10,3,27,3,N,nb24,620,-0.253,-0.079,1,1
10,3,27,3,N,nb25,620,-0.414,-0.223,1,1
10,3,27,3,N,nb26,620,0.019,-1.501,4,0
10,3,27,3,N,nb27,620,0.934,0.8,2,1
10,3,27,3,N,nb28,620,-1.367,-0.457,1,1
10,3,27,3,N,nb29,620,-0.003,-1.262,1,1
10,3,27,3,A,aa0,620,-1.803,-0.032,0,0
10,3,27,3,A,aa1,620,0.704,-0.327,0,0
10,3,27,3,A,aa2,620,0.384,-1.865,2,0
10,3,27,3,N,nb0,625,-1.219,0.195,0,0
10,3,27,3,N,nb1,625,-1.048,1.444,1,1
10,3,27,3,N,nb2,625,-0.683,1.865,2,1
10,3,27,3,N,nb3,625,0.237,-1.78,3,0
10,3,27,3,N,nb4,625,0.794,0.901,1,1
10,3,27,3,N,nb5,625,0.135,-1.645,5,1
10,3,27,3,N,nb6,625,-0.922,1.866,2,1
10,3,27,3,N,nb7,625,-1.118,1.728,3,1
10,3,27,3,N,nb8,625,-1.295,1.755,2,1
10,3,27,3,N,nb9,625,-1.594,-0.561,0,1
10,3,27,3,N,nb10,625,1.037,0.664,1,1
10,3,27,3,N,nb11,625,0.496,-1.476,1,1
10,3,27,3,N,nb12,625,-0.149,-1.772,2,1
10,3,27,3,N,nb13,625,-0.164,-1.595,2,1
10,3,27,3,N,nb14,625,0.371,-1.675,4,0
10,3,27,3,N,nb15,625,1.108,-0.31,0,0
10,3,27,3,N,nb16,625,-1.491,-0.056,0,0
10,3,27,3,N,nb17,625,0.056,-1.809,3,1
10,3,27,3,N,nb18,625,0.241,-1.43,2,1
10,3,27,3,N,nb19,625,-1.499,-0.309,1,1
10,3,27,3,N,nb20,625,-0.445,1.866,1,1
10,3,27,3,N,nb21,625,1.845,0.07,0,0
10,3,27,3,N,nb22,625,-1.227,1.599,3,1
10,3,27,3,N,nb23,625,0.616,-1.701,1,0
10,3,27,3,N,nb24,625,-0.253,-0.079,1,1
10,3,27,3,N,nb25,625,-0.414,-0.223,1,1
10,3,27,3,N,nb26,625,0.019,-1.501,4,1
10,3,27,3,N,nb27,625,0.934,0.8,2,1
10,3,27,3,N,nb28,625,-1.367,-0.457,1,1
10,3,27,3,N,nb29,625,-0.003,-1.262,1,1
10,3,27,3,A,aa0,625,-1.822,-0.121,2,0
10,3,27,3,A,aa1,625,0.729,-0.354,0,0
10,3,27,3,A,aa2,625,0.383,-1.865,0,0
10,3,27,3,N,nb0,630,-1.286,0.121,0,0
10,3,27,3,N,nb1,630,-1.048,1.444,1,1
10,3,27,3,N,nb2,630,-0.683,1.865,2,0
10,3,27,3,N,nb3,630,0.207,-1.799,3,0
10,3,27,3,N,nb4,630,0.794,0.901,1,1
10,3,27,3,N,nb5,630,0.135,-1.645,5,1
10,3,27,3,N,nb6,630,-0.922,1.866,2,1
10,3,27,3,N,nb7,630,-1.118,1.728,3,1
10,3,27,3,N,nb8,630,-1.295,1.755,2,1
10,3,27,3,N,nb9,630,-1.594,-0.561,0,1
10,3,27,3,N,nb10,630,1.037,0.664,1,1
10,3,27,3,N,nb11,630,0.496,-1.476,1,1
10,3,27,3,N,nb12,630,-0.149,-1.772,2,1
10,3,27,3,N,nb13,630,-0.164,-1.595,2,1
10,3,27,3,N,nb14,630,0.304,-1.66,4,0
10,3,27,3,N,nb15,630,1.168,-0.39,0,0
10,3,27,3,N,nb16,630,-1.584,-0.053,0,0
10,3,27,3,N,nb17,630,0.039,-1.818,3,1
10,3,27,3,N,nb18,630,0.241,-1.43,3,1
10,3,27,3,N,nb19,630,-1.499,-0.309,1,1
10,3,27,3,N,nb20,630,-0.445,1.866,1,1
10,3,27,3,N,nb21,630,1.82,-0.02,0,0
10,3,27,3,N,nb22,630,-1.227,1.599,3,1
10,3,27,3,N,nb23,630,0.54,-1.661,2,0
10,3,27,3,N,nb24,630,-0.253,-0.079,1,1
10,3,27,3,N,nb25,630,-0.414,-0.223,1,1
10,3,27,3,N,nb26,630,0.019,-1.501,4,1
10,3,27,3,N,nb27,630,0.934,0.8,2,1
10,3,27,3,N,nb28,630,-1.367,-0.457,1,1
10,3,27,3,N,nb29,630,-0.003,-1.262,1,1
10,3,27,3,A,aa0,630,-1.829,-0.213,2,0
10,3,27,3,A,aa1,630,0.796,-0.428,0,0
10,3,27,3,A,aa2,630,0.363,-1.864,1,0
10,3,27,3,N,nb0,635,-1.354,0.047,0,0
10,3,27,3,N,nb1,635,-1.048,1.444,1,1
10,3,27,3,N,nb2,635,-0.683,1.865,2,1
10,3,27,3,N,nb3,635,0.206,-1.8,3,1
10,3,27,3,N,nb4,635,0.794,0.901,1,0
10,3,27,3,N,nb5,635,0.134,-1.644,5,1
10,3,27,3,N,nb6,635,-0.922,1.866,2,1
10,3,27,3,N,nb7,635,-1.118,1.728,3,1
10,3,27,3,N,nb8,635,-1.295,1.755,2,1
10,3,27,3,N,nb9,635,-1.594,-0.561,0,0
10,3,27,3,N,nb10,635,1.037,0.664,1,0
10,3,27,3,N,nb11,635,0.494,-1.472,1,1
10,3,27,3,N,nb12,635,-0.149,-1.772,2,1
10,3,27,3,N,nb13,635,-0.164,-1.595,2,1
10,3,27,3,N,nb14,635,0.302,-1.659,4,1
10,3,27,3,N,nb15,635,1.227,-0.471,0,0
10,3,27,3,N,nb16,635,-1.683,-0.043,0,0
10,3,27,3,N,nb17,635,0.038,-1.819,3,1
10,3,27,3,N,nb18,635,0.241,-1.43,3,1
10,3,27,3,N,nb19,635,-1.499,-0.309,1,0
10,3,27,3,N,nb20,635,-0.445,1.866,1,1
10,3,27,3,N,nb21,635,1.787,-0.108,0,0
10,3,27,3,N,nb22,635,-1.227,1.599,3,1
10,3,27,3,N,nb23,635,0.473,-1.64,2,1
10,3,27,3,N,nb24,635,-0.253,-0.079,1,1
10,3,27,3,N,nb25,635,-0.414,-0.223,1,1
10,3,27,3,N,nb26,635,0.019,-1.501,4,1
10,3,27,3,N,nb27,635,0.934,0.8,2,0
10,3,27,3,N,nb28,635,-1.367,-0.457,1,0
10,3,27,3,N,nb29,635,-0.003,-1.262,1,1
10,3,27,3,A,aa0,635,-1.825,-0.305,3,1
10,3,27,3,A,aa1,635,0.863,-0.502,0,0
10,3,27,3,A,aa2,635,0.362,-1.865,0,0
10,3,27,3,N,nb0,640,-1.422,-0.027,0,0
10,3,27,3,N,nb1,640,-1.048,1.444,1,1
10,3,27,3,N,nb2,640,-0.683,1.865,2,1
10,3,27,3,N,nb3,640,0.203,-1.803,3,0
10,3,27,3,N,nb4,640,0.794,0.901,1,1
10,3,27,3,N,nb5,640,0.125,-1.64,5,1
10,3,27,3,N,nb6,640,-0.922,1.866,2,1
10,3,27,3,N,nb7,640,-1.118,1.728,3,1
10,3,27,3,N,nb8,640,-1.295,1.755,2,1
10,3,27,3,N,nb9,640,-1.613,-0.653,0,0
10,3,27,3,N,nb10,640,1.037,0.664,1,1
10,3,27,3,N,nb11,640,0.494,-1.472,1,1
10,3,27,3,N,nb12,640,-0.149,-1.772,2,1
10,3,27,3,N,nb13,640,-0.164,-1.595,2,1
10,3,27,3,N,nb14,640,0.293,-1.659,4,0
10,3,27,3,N,nb15,640,1.287,-0.551,0,0
10,3,27,3,N,nb16,640,-1.783,-0.033,0,0
10,3,27,3,N,nb17,640,0.034,-1.821,3,1
10,3,27,3,N,nb18,640,0.241,-1.43,3,1
10,3,27,3,N,nb19,640,-1.585,-0.341,1,0
10,3,27,3,N,nb20,640,-0.445,1.866,1,1
10,3,27,3,N,nb21,640,1.746,-0.196,0,0
10,3,27,3,N,nb22,640,-1.227,1.599,3,1
10,3,27,3,N,nb23,640,0.461,-1.638,2,0
10,3,27,3,N,nb24,640,-0.253,-0.079,1,1
10,3,27,3,N,nb25,640,-0.414,-0.223,1,1
10,3,27,3,N,nb26,640,0.019,-1.501,4,1
10,3,27,3,N,nb27,640,0.934,0.8,2,1
10,3,27,3,N,nb28,640,-1.449,-0.444,1,0
10,3,27,3,N,nb29,640,-0.003,-1.262,1,1
10,3,27,3,A,aa0,640,-1.812,-0.397,0,0
10,3,27,3,A,aa1,640,0.93,-0.576,0,0
10,3,27,3,A,aa2,640,0.363,-1.856,0,0
10,3,27,3,N,nb0,645,-1.489,-0.1,0,0
10,3,27,3,N,nb1,645,-1.048,1.444,1,1
10,3,27,3,N,nb2,645,-0.683,1.865,2,1
10,3,27,3,N,nb3,645,0.207,-1.853,3,0
10,3,27,3,N,nb4,645,0.794,0.901,1,1
10,3,27,3,N,nb5,645,0.106,-1.633,5,1
10,3,27,3,N,nb6,645,-0.922,1.866,2,1
10,3,27,3,N,nb7,645,-1.118,1.728,3,1
10,3,27,3,N,nb8,645,-1.295,1.755,2,1
10,3,27,3,N,nb9,645,-1.637,-0.749,0,0
10,3,27,3,N,nb10,645,1.037,0.664,1,1
10,3,27,3,N,nb11,645,0.494,-1.472,1,1
10,3,27,3,N,nb12,645,-0.149,-1.772,2,1
10,3,27,3,N,nb13,645,-0.164,-1.595,2,1
10,3,27,3,N,nb14,645,0.273,-1.662,4,0
10,3,27,3,N,nb15,645,1.347,-0.631,0,0
10,3,27,3,N,nb16,645,-1.865,-0.018,0,0
10,3,27,3,N,nb17,645,0.033,-1.822,3,1
10,3,27,3,N,nb18,645,0.241,-1.43,3,1
10,3,27,3,N,nb19,645,-1.679,-0.36,1,1
10,3,27,3,N,nb20,645,-0.445,1.866,1,1
10,3,27,3,N,nb21,645,1.702,-0.285,0,0
10,3,27,3,N,nb22,645,-1.227,1.599,3,1
10,3,27,3,N,nb23,645,0.44,-1.638,2,0
10,3,27,3,N,nb24,645,-0.253,-0.079,1,1
10,3,27,3,N,nb25,645,-0.414,-0.223,1,1
10,3,27,3,N,nb26,645,0.008,-1.495,4,1
10,3,27,3,N,nb27,645,0.934,0.8,2,1
10,3,27,3,N,nb28,645,-1.534,-0.449,1,1
10,3,27,3,N,nb29,645,-0.003,-1.262,1,1
10,3,27,3,A,aa0,645,-1.792,-0.491,0,0
10,3,27,3,A,aa1,645,0.997,-0.651,0,0
10,3,27,3,A,aa2,645,0.373,-1.822,0,0
10,3,27,3,N,nb0,650,-1.543,-0.159,1,1
10,3,27,3,N,nb1,650,-1.048,1.444,1,1
10,3,27,3,N,nb2,650,-0.683,1.865,2,1
10,3,27,3,N,nb3,650,0.211,-1.865,2,1
10,3,27,3,N,nb4,650,0.794,0.901,1,1
10,3,27,3,N,nb5,650,0.096,-1.629,4,1
10,3,27,3,N,nb6,650,-0.922,1.866,2,1
10,3,27,3,N,nb7,650,-1.118,1.728,3,1
10,3,27,3,N,nb8,650,-1.295,1.755,2,1
10,3,27,3,N,nb9,650,-1.661,-0.846,0,0
10,3,27,3,N,nb10,650,1.037,0.664,1,1
10,3,27,3,N,nb11,650,0.494,-1.472,1,1
10,3,27,3,N,nb12,650,-0.149,-1.772,2,1
10,3,27,3,N,nb13,650,-0.164,-1.595,2,1
10,3,27,3,N,nb14,650,0.262,-1.659,4,1
10,3,27,3,N,nb15,650,1.407,-0.711,0,0
10,3,27,3,N,nb16,650,-1.865,0.008,0,0
10,3,27,3,N,nb17,650,0.033,-1.822,3,1
10,3,27,3,N,nb18,650,0.241,-1.43,3,1
10,3,27,3,N,nb19,650,-1.681,-0.361,2,1
10,3,27,3,N,nb20,650,-0.445,1.866,1,1
10,3,27,3,N,nb21,650,1.657,-0.375,0,0
10,3,27,3,N,nb22,650,-1.227,1.599,3,1
10,3,27,3,N,nb23,650,0.428,-1.629,2,1
10,3,27,3,N,nb24,650,-0.253,-0.079,1,1
10,3,27,3,N,nb25,650,-0.414,-0.223,1,1
10,3,27,3,N,nb26,650,-0.001,-1.49,4,1
10,3,27,3,N,nb27,650,0.934,0.8,2,1
10,3,27,3,N,nb28,650,-1.537,-0.45,1,1
10,3,27,3,N,nb29,650,-0.003,-1.262,1,1
10,3,27,3,A,aa0,650,-1.774,-0.587,2,0
10,3,27,3,A,aa1,650,1.04,-0.697,0,0
10,3,27,3,A,aa2,650,0.364,-1.794,3,1
10,3,27,3,N,nb0,655,-1.543,-0.159,1,1
10,3,27,3,N,nb1,655,-1.048,1.444,1,1
10,3,27,3,N,nb2,655,-0.683,1.865,2,1
10,3,27,3,N,nb3,655,0.215,-1.865,2,0
10,3,27,3,N,nb4,655,0.794,0.901,1,1
10,3,27,3,N,nb5,655,0.087,-1.626,4,0
10,3,27,3,N,nb6,655,-0.922,1.866,2,1
10,3,27,3,N,nb7,655,-1.118,1.728,3,1
10,3,27,3,N,nb8,655,-1.295,1.755,2,1
10,3,27,3,N,nb9,655,-1.684,-0.942,0,0
10,3,27,3,N,nb10,655,1.037,0.664,1,1
10,3,27,3,N,nb11,655,0.494,-1.472,1,1
10,3,27,3,N,nb12,655,-0.149,-1.772,2,1
10,3,27,3,N,nb13,655,-0.164,-1.595,2,1
10,3,27,3,N,nb14,655,0.254,-1.657,4,0
10,3,27,3,N,nb15,655,1.467,-0.791,0,0
10,3,27,3,N,nb16,655,-1.865,0.05,0,0
10,3,27,3,N,nb17,655,0.033,-1.822,3,1
10,3,27,3,N,nb18,655,0.241,-1.43,2,1
10,3,27,3,N,nb19,655,-1.681,-0.361,2,1
10,3,27,3,N,nb20,655,-0.445,1.866,1,1
10,3,27,3,N,nb21,655,1.613,-0.464,0,0
10,3,27,3,N,nb22,655,-1.227,1.599,3,1
10,3,27,3,N,nb23,655,0.419,-1.625,2,0
10,3,27,3,N,nb24,655,-0.253,-0.079,1,1
10,3,27,3,N,nb25,655,-0.414,-0.223,1,1
10,3,27,3,N,nb26,655,-0.008,-1.486,3,1
10,3,27,3,N,nb27,655,0.934,0.8,2,1
10,3,27,3,N,nb28,655,-1.537,-0.45,1,1
10,3,27,3,N,nb29,655,-0.003,-1.262,1,1
10,3,27,3,A,aa0,655,-1.756,-0.683,2,0
10,3,27,3,A,aa1,655,1.04,-0.697,0,0
10,3,27,3,A,aa2,655,0.364,-1.785,0,0
10,3,27,3,N,nb0,660,-1.543,-0.159,1,1
10,3,27,3,N,nb1,660,-1.048,1.444,1,1
10,3,27,3,N,nb2,660,-0.683,1.865,2,1
10,3,27,3,N,nb3,660,0.212,-1.865,2,0
10,3,27,3,N,nb4,660,0.794,0.901,1,1
10,3,27,3,N,nb5,660,0.082,-1.622,5,1
10,3,27,3,N,nb6,660,-0.922,1.866,2,1
10,3,27,3,N,nb7,660,-1.118,1.728,3,1
10,3,27,3,N,nb8,660,-1.295,1.755,2,1
10,3,27,3,N,nb9,660,-1.705,-1.038,0,0
10,3,27,3,N,nb10,660,1.037,0.664,1,1
10,3,27,3,N,nb11,660,0.494,-1.471,1,1
10,3,27,3,N,nb12,660,-0.149,-1.772,2,1
10,3,27,3,N,nb13,660,-0.164,-1.595,3,1
10,3,27,3,N,nb14,660,0.249,-1.654,4,0
10,3,27,3,N,nb15,660,1.526,-0.871,0,0
10,3,27,3,N,nb16,660,-1.865,0.105,0,0
10,3,27,3,N,nb17,660,0.033,-1.822,3,1
10,3,27,3,N,nb18,660,0.241,-1.43,2,1
10,3,27,3,N,nb19,660,-1.681,-0.361,2,1
10,3,27,3,N,nb20,660,-0.445,1.866,1,1
10,3,27,3,N,nb21,660,1.568,-0.554,0,0
10,3,27,3,N,nb22,660,-1.227,1.599,3,1
10,3,27,3,N,nb23,660,0.414,-1.621,2,0
10,3,27,3,N,nb24,660,-0.253,-0.079,1,1
10,3,27,3,N,nb25,660,-0.414,-0.223,1,1
10,3,27,3,N,nb26,660,-0.013,-1.482,3,1
10,3,27,3,N,nb27,660,0.934,0.8,2,1
10,3,27,3,N,nb28,660,-1.537,-0.45,1,1
10,3,27,3,N,nb29,660,-0.003,-1.262,1,1
10,3,27,3,A,aa0,660,-1.742,-0.773,2,0
10,3,27,3,A,aa1,660,1.135,-0.682,0,0
10,3,27,3,A,aa2,660,0.359,-1.781,0,0
10,3,27,3,N,nb0,665,-1.543,-0.159,1,1
10,3,27,3,N,nb1,665,-1.048,1.444,1,1
10,3,27,3,N,nb2,665,-0.683,1.865,2,1
10,3,27,3,N,nb3,665,0.213,-1.865,2,0
10,3,27,3,N,nb4,665,0.794,0.901,1,1
10,3,27,3,N,nb5,665,0.082,-1.622,5,1
10,3,27,3,N,nb6,665,-0.922,1.866,2,1
10,3,27,3,N,nb7,665,-1.118,1.728,3,1
10,3,27,3,N,nb8,665,-1.295,1.755,2,1
10,3,27,3,N,nb9,665,-1.724,-1.136,0,0
10,3,27,3,N,nb10,665,1.037,0.664,1,1
10,3,27,3,N,nb11,665,0.494,-1.47,1,1
10,3,27,3,N,nb12,665,-0.149,-1.772,2,1
10,3,27,3,N,nb13,665,-0.164,-1.595,3,1
10,3,27,3,N,nb14,665,0.248,-1.653,4,0
10,3,27,3,N,nb15,665,1.586,-0.951,0,0
10,3,27,3,N,nb16,665,-1.865,0.172,0,0
10,3,27,3,N,nb17,665,0.033,-1.822,3,1
10,3,27,3,N,nb18,665,0.241,-1.43,2,1
10,3,27,3,N,nb19,665,-1.681,-0.361,2,1
10,3,27,3,N,nb20,665,-0.445,1.866,1,1
10,3,27,3,N,nb21,665,1.524,-0.643,0,0
10,3,27,3,N,nb22,665,-1.227,1.599,3,1
10,3,27,3,N,nb23,665,0.414,-1.62,2,0
10,3,27,3,N,nb24,665,-0.253,-0.079,1,0
10,3,27,3,N,nb25,665,-0.414,-0.223,1,1
10,3,27,3,N,nb26,665,-0.013,-1.482,3,1
10,3,27,3,N,nb27,665,0.934,0.8,2,1
10,3,27,3,N,nb28,665,-1.537,-0.45,1,1
10,3,27,3,N,nb29,665,-0.003,-1.262,1,1
10,3,27,3,A,aa0,665,-1.74,-0.867,2,0
10,3,27,3,A,aa1,665,1.234,-0.665,0,0
10,3,27,3,A,aa2,665,0.359,-1.781,3,1
10,3,27,3,N,nb0,670,-1.543,-0.159,1,1
10,3,27,3,N,nb1,670,-1.048,1.444,1,1
10,3,27,3,N,nb2,670,-0.683,1.865,2,1
10,3,27,3,N,nb3,670,0.212,-1.865,2,0
10,3,27,3,N,nb4,670,0.794,0.901,1,1
10,3,27,3,N,nb5,670,0.079,-1.62,5,1
10,3,27,3,N,nb6,670,-0.922,1.866,2,1
10,3,27,3,N,nb7,670,-1.118,1.728,3,1
10,3,27,3,N,nb8,670,-1.295,1.755,2,1
10,3,27,3,N,nb9,670,-1.743,-1.234,0,0
10,3,27,3,N,nb10,670,1.037,0.664,1,1
10,3,27,3,N,nb11,670,0.494,-1.469,1,1
10,3,27,3,N,nb12,670,-0.149,-1.772,2,1
10,3,27,3,N,nb13,670,-0.164,-1.595,3,1
10,3,27,3,N,nb14,670,0.245,-1.652,4,0
10,3,27,3,N,nb15,670,1.646,-1.032,0,0
10,3,27,3,N,nb16,670,-1.865,0.247,0,0
10,3,27,3,N,nb17,670,0.033,-1.822,3,1
10,3,27,3,N,nb18,670,0.241,-1.43,2,1
10,3,27,3,N,nb19,670,-1.681,-0.361,2,1
10,3,27,3,N,nb20,670,-0.445,1.866,1,1
10,3,27,3,N,nb21,670,1.485,-0.728,0,0
10,3,27,3,N,nb22,670,-1.227,1.599,3,1
10,3,27,3,N,nb23,670,0.41,-1.617,2,0
10,3,27,3,N,nb24,670,-0.253,-0.079,1,1
10,3,27,3,N,nb25,670,-0.414,-0.223,1,1
10,3,27,3,N,nb26,670,-0.016,-1.48,3,1
10,3,27,3,N,nb27,670,0.934,0.8,2,1
10,3,27,3,N,nb28,670,-1.537,-0.45,1,1
10,3,27,3,N,nb29,670,-0.003,-1.262,1,1
10,3,27,3,A,aa0,670,-1.742,-0.967,1,0
10,3,27,3,A,aa1,670,1.321,-0.647,0,0
10,3,27,3,A,aa2,670,0.357,-1.778,0,0
10,3,27,3,N,nb0,675,-1.543,-0.159,1,1
10,3,27,3,N,nb1,675,-1.048,1.444,1,1
10,3,27,3,N,nb2,675,-0.683,1.865,2,1
10,3,27,3,N,nb3,675,0.223,-1.865,2,0
10,3,27,3,N,nb4,675,0.794,0.901,1,1
10,3,27,3,N,nb5,675,0.079,-1.62,5,1
10,3,27,3,N,nb6,675,-0.922,1.866,2,1
10,3,27,3,N,nb7,675,-1.118,1.728,3,1
10,3,27,3,N,nb8,675,-1.295,1.755,2,1
10,3,27,3,N,nb9,675,-1.761,-1.332,0,0
10,3,27,3,N,nb10,675,1.037,0.664,1,1
10,3,27,3,N,nb11,675,0.497,-1.464,1,1
10,3,27,3,N,nb12,675,-0.149,-1.772,2,1
10,3,27,3,N,nb13,675,-0.164,-1.595,3,1
10,3,27,3,N,nb14,675,0.245,-1.651,4,0
10,3,27,3,N,nb15,675,1.706,-1.112,0,0
10,3,27,3,N,nb16,675,-1.865,0.33,0,0
10,3,27,3,N,nb17,675,0.033,-1.822,3,1
10,3,27,3,N,nb18,675,0.241,-1.43,3,1
10,3,27,3,N,nb19,675,-1.681,-0.361,2,0
10,3,27,3,N,nb20,675,-0.445,1.866,1,1
10,3,27,3,N,nb21,675,1.455,-0.817,0,0
10,3,27,3,N,nb22,675,-1.227,1.599,3,1
10,3,27,3,N,nb23,675,0.409,-1.609,3,0
10,3,27,3,N,nb24,675,-0.253,-0.079,1,1
10,3,27,3,N,nb25,675,-0.414,-0.223,1,1
10,3,27,3,N,nb26,675,-0.017,-1.48,3,1
10,3,27,3,N,nb27,675,0.934,0.8,2,1
10,3,27,3,N,nb28,675,-1.537,-0.45,1,0
10,3,27,3,N,nb29,675,-0.003,-1.262,1,1
10,3,27,3,A,aa0,675,-1.743,-1.03,0,0
10,3,27,3,A,aa1,675,1.405,-0.613,0,0
10,3,27,3,A,aa2,675,0.365,-1.773,0,0
10,3,27,3,N,nb0,680,-1.543,-0.159,1,1
10,3,27,3,N,nb1,680,-1.048,1.444,1,0
10,3,27,3,N,nb2,680,-0.683,1.865,2,1
10,3,27,3,N,nb3,680,0.228,-1.865,2,0
10,3,27,3,N,nb4,680,0.794,0.901,1,1
10,3,27,3,N,nb5,680,0.079,-1.62,5,1
10,3,27,3,N,nb6,680,-0.922,1.866,2,1
10,3,27,3,N,nb7,680,-1.118,1.728,3,1
10,3,27,3,N,nb8,680,-1.295,1.755,2,1
10,3,27,3,N,nb9,680,-1.777,-1.425,0,0
10,3,27,3,N,nb10,680,1.037,0.664,1,1
10,3,27,3,N,nb11,680,0.499,-1.463,1,1
10,3,27,3,N,nb12,680,-0.149,-1.772,2,1
10,3,27,3,N,nb13,680,-0.164,-1.595,3,1
10,3,27,3,N,nb14,680,0.245,-1.651,4,0
10,3,27,3,N,nb15,680,1.766,-1.192,0,0
10,3,27,3,N,nb16,680,-1.865,0.417,0,0
10,3,27,3,N,nb17,680,0.033,-1.822,3,1
10,3,27,3,N,nb18,680,0.241,-1.43,3,1
10,3,27,3,N,nb19,680,-1.681,-0.361,2,1
10,3,27,3,N,nb20,680,-0.445,1.866,1,1
10,3,27,3,N,nb21,680,1.429,-0.913,0,0
10,3,27,3,N,nb22,680,-1.227,1.599,3,1
10,3,27,3,N,nb23,680,0.408,-1.606,3,0
10,3,27,3,N,nb24,680,-0.253,-0.079,1,1
10,3,27,3,N,nb25,680,-0.414,-0.223,1,1
10,3,27,3,N,nb26,680,-0.017,-1.48,3,1
10,3,27,3,N,nb27,680,0.934,0.8,2,1
10,3,27,3,N,nb28,680,-1.537,-0.45,1,1
10,3,27,3,N,nb29,680,-0.003,-1.262,1,1
10,3,27,3,A,aa0,680,-1.712,-1.1,0,0
10,3,27,3,A,aa1,680,1.489,-0.568,0,0
10,3,27,3,A,aa2,680,0.37,-1.771,3,1
10,3,27,3,N,nb0,685,-1.543,-0.159,1,1
10,3,27,3,N,nb1,685,-1.048,1.444,1,1
10,3,27,3,N,nb2,685,-0.683,1.865,2,1
10,3,27,3,N,nb3,685,0.251,-1.865,2,0
10,3,27,3,N,nb4,685,0.794,0.901,1,1
10,3,27,3,N,nb5,685,0.056,-1.616,4,1
10,3,27,3,N,nb6,685,-0.922,1.866,2,1
10,3,27,3,N,nb7,685,-1.118,1.728,3,1
10,3,27,3,N,nb8,685,-1.295,1.755,2,1
10,3,27,3,N,nb9,685,-1.782,-1.517,0,0
10,3,27,3,N,nb10,685,1.037,0.664,1,1
10,3,27,3,N,nb11,685,0.499,-1.463,1,1
10,3,27,3,N,nb12,685,-0.149,-1.772,2,1
10,3,27,3,N,nb13,685,-0.164,-1.595,3,1
10,3,27,3,N,nb14,685,0.223,-1.644,4,0
10,3,27,3,N,nb15,685,1.815,-1.267,0,0
10,3,27,3,N,nb16,685,-1.865,0.508,0,0
10,3,27,3,N,nb17,685,0.033,-1.822,3,1
10,3,27,3,N,nb18,685,0.241,-1.43,2,1
10,3,27,3,N,nb19,685,-1.681,-0.361,2,1
10,3,27,3,N,nb20,685,-0.445,1.866,1,1
10,3,27,3,N,nb21,685,1.403,-1.009,0,0
10,3,27,3,N,nb22,685,-1.227,1.599,3,1
10,3,27,3,N,nb23,685,0.383,-1.588,3,0
10,3,27,3,N,nb24,685,-0.253,-0.079,1,1
10,3,27,3,N,nb25,685,-0.414,-0.223,1,1
10,3,27,3,N,nb26,685,-0.031,-1.471,3,1
10,3,27,3,N,nb27,685,0.934,0.8,2,1
10,3,27,3,N,nb28,685,-1.537,-0.45,1,1
10,3,27,3,N,nb29,685,-0.003,-1.262,1,1
10,3,27,3,A,aa0,685,-1.695,-1.14,0,0
10,3,27,3,A,aa1,685,1.576,-0.519,0,0
10,3,27,3,A,aa2,685,0.382,-1.758,0,0
10,3,27,3,N,nb0,690,-1.543,-0.159,1,1
10,3,27,3,N,nb1,690,-1.048,1.444,1,1
10,3,27,3,N,nb2,690,-0.683,1.865,2,1
10,3,27,3,N,nb3,690,0.29,-1.865,1,1
10,3,27,3,N,nb4,690,0.794,0.901,1,1
10,3,27,3,N,nb5,690,0.039,-1.618,5,1
10,3,27,3,N,nb6,690,-0.922,1.866,2,1
10,3,27,3,N,nb7,690,-1.118,1.728,3,1
10,3,27,3,N,nb8,690,-1.295,1.755,2,1
10,3,27,3,N,nb9,690,-1.777,-1.609,0,0
10,3,27,3,N,nb10,690,1.037,0.664,1,1
10,3,27,3,N,nb11,690,0.499,-1.462,1,1
10,3,27,3,N,nb12,690,-0.149,-1.772,3,1
10,3,27,3,N,nb13,690,-0.164,-1.595,3,1
10,3,27,3,N,nb14,690,0.208,-1.635,4,1
10,3,27,3,N,nb15,690,1.853,-1.348,0,0
10,3,27,3,N,nb16,690,-1.863,0.6,0,0
10,3,27,3,N,nb17,690,0.033,-1.822,2,1
10,3,27,3,N,nb18,690,0.238,-1.428,2,1
10,3,27,3,N,nb19,690,-1.681,-0.361,2,1
10,3,27,3,N,nb20,690,-0.445,1.866,1,1
10,3,27,3,N,nb21,690,1.377,-1.106,0,0
10,3,27,3,N,nb22,690,-1.227,1.599,3,1
10,3,27,3,N,nb23,690,0.355,-1.551,3,1
10,3,27,3,N,nb24,690,-0.253,-0.079,1,1
10,3,27,3,N,nb25,690,-0.414,-0.223,1,0
10,3,27,3,N,nb26,690,-0.038,-1.467,3,1
10,3,27,3,N,nb27,690,0.934,0.8,2,1
10,3,27,3,N,nb28,690,-1.537,-0.45,1,1
10,3,27,3,N,nb29,690,-0.003,-1.262,1,1
10,3,27,3,A,aa0,690,-1.623,-1.204,0,0
10,3,27,3,A,aa1,690,1.663,-0.469,0,0
10,3,27,3,A,aa2,690,0.377,-1.719,2,0
10,3,27,3,N,nb0,695,-1.543,-0.159,1,1
10,3,27,3,N,nb1,695,-1.048,1.444,1,1
10,3,27,3,N,nb2,695,-0.683,1.865,2,1
10,3,27,3,N,nb3,695,0.294,-1.865,1,0
10,3,27,3,N,nb4,695,0.794,0.901,1,1
10,3,27,3,N,nb5,695,0.037,-1.619,5,1
10,3,27,3,N,nb6,695,-0.922,1.866,2,1
10,3,27,3,N,nb7,695,-1.118,1.728,3,1
10,3,27,3,N,nb8,695,-1.295,1.755,2,1
10,3,27,3,N,nb9,695,-1.762,-1.701,0,0
10,3,27,3,N,nb10,695,1.037,0.664,1,1
10,3,27,3,N,nb11,695,0.497,-1.461,1,0
10,3,27,3,N,nb12,695,-0.149,-1.772,3,1
10,3,27,3,N,nb13,695,-0.164,-1.595,3,1
10,3,27,3,N,nb14,695,0.206,-1.634,4,0
10,3,27,3,N,nb15,695,1.865,-1.434,0,0
10,3,27,3,N,nb16,695,-1.851,0.692,0,0
10,3,27,3,N,nb17,695,0.018,-1.821,2,0
10,3,27,3,N,nb18,695,0.237,-1.426,2,1
10,3,27,3,N,nb19,695,-1.681,-0.361,2,1
10,3,27,3,N,nb20,695,-0.445,1.866,1,1
10,3,27,3,N,nb21,695,1.351,-1.202,0,0
10,3,27,3,N,nb22,695,-1.227,1.599,3,1
10,3,27,3,N,nb23,695,0.353,-1.549,3,0
10,3,27,3,N,nb24,695,-0.253,-0.079,1,1
10,3,27,3,N,nb25,695,-0.414,-0.223,1,1
10,3,27,3,N,nb26,695,-0.038,-1.467,3,1
10,3,27,3,N,nb27,695,0.934,0.8,2,1
10,3,27,3,N,nb28,695,-1.537,-0.45,1,1
10,3,27,3,N,nb29,695,-0.003,-1.262,1,1
10,3,27,3,A,aa0,695,-1.548,-1.271,0,0
10,3,27,3,A,aa1,695,1.75,-0.42,0,0
10,3,27,3,A,aa2,695,0.377,-1.717,0,0
10,3,27,3,N,nb0,700,-1.543,-0.159,1,1
10,3,27,3,N,nb1,700,-1.048,1.444,1,1
10,3,27,3,N,nb2,700,-0.683,1.865,2,1
10,3,27,3,N,nb3,700,0.366,-1.865,0,0
10,3,27,3,N,nb4,700,0.794,0.901,1,1
10,3,27,3,N,nb5,700,0.028,-1.623,4,1
10,3,27,3,N,nb6,700,-0.922,1.866,2,1
10,3,27,3,N,nb7,700,-1.118,1.728,3,1
10,3,27,3,N,nb8,700,-1.295,1.755,2,1
10,3,27,3,N,nb9,700,-1.741,-1.796,0,0
10,3,27,3,N,nb10,700,1.037,0.664,1,1
10,3,27,3,N,nb11,700,0.488,-1.46,1,0
10,3,27,3,N,nb12,700,-0.19,-1.78,2,1
10,3,27,3,N,nb13,700,-0.164,-1.595,3,1
10,3,27,3,N,nb14,700,0.197,-1.63,3,0
10,3,27,3,N,nb15,700,1.865,-1.523,0,0
10,3,27,3,N,nb16,700,-1.83,0.783,0,0
10,3,27,3,N,nb17,700,-0.025,-1.819,2,0
10,3,27,3,N,nb18,700,0.215,-1.405,2,1
10,3,27,3,N,nb19,700,-1.681,-0.361,2,1
10,3,27,3,N,nb20,700,-0.445,1.866,1,1
10,3,27,3,N,nb21,700,1.325,-1.299,0,0
10,3,27,3,N,nb22,700,-1.227,1.599,3,1
10,3,27,3,N,nb23,700,0.332,-1.528,3,0
10,3,27,3,N,nb24,700,-0.253,-0.079,1,1
10,3,27,3,N,nb25,700,-0.414,-0.223,1,1
10,3,27,3,N,nb26,700,-0.038,-1.467,3,1
10,3,27,3,N,nb27,700,0.934,0.8,2,1
10,3,27,3,N,nb28,700,-1.537,-0.45,1,1
10,3,27,3,N,nb29,700,-0.003,-1.262,1,1
10,3,27,3,A,aa0,700,-1.473,-1.337,0,0
10,3,27,3,A,aa1,700,1.827,-0.373,0,0
10,3,27,3,A,aa2,700,0.372,-1.695,0,0
10,3,27,3,N,nb0,705,-1.543,-0.159,1,1
10,3,27,3,N,nb1,705,-1.048,1.444,1,1
10,3,27,3,N,nb2,705,-0.683,1.865,2,1
10,3,27,3,N,nb3,705,0.458,-1.861,0,0
10,3,27,3,N,nb4,705,0.794,0.901,1,1
10,3,27,3,N,nb5,705,-0.007,-1.634,4,1
10,3,27,3,N,nb6,705,-0.922,1.866,2,1
10,3,27,3,N,nb7,705,-1.118,1.728,3,1
10,3,27,3,N,nb8,705,-1.295,1.755,2,1
10,3,27,3,N,nb9,705,-1.713,-1.865,0,0
10,3,27,3,N,nb10,705,1.037,0.664,1,1
10,3,27,3,N,nb11,705,0.461,-1.514,1,1
10,3,27,3,N,nb12,705,-0.223,-1.787,2,1
10,3,27,3,N,nb13,705,-0.173,-1.597,3,1
10,3,27,3,N,nb14,705,0.163,-1.633,3,1
10,3,27,3,N,nb15,705,1.865,-1.614,0,0
10,3,27,3,N,nb16,705,-1.8,0.872,0,0
10,3,27,3,N,nb17,705,-0.058,-1.829,2,1
10,3,27,3,N,nb18,705,0.187,-1.388,4,1
10,3,27,3,N,nb19,705,-1.681,-0.361,2,1
10,3,27,3,N,nb20,705,-0.445,1.866,1,1
10,3,27,3,N,nb21,705,1.299,-1.395,0,0
10,3,27,3,N,nb22,705,-1.227,1.599,3,1
10,3,27,3,N,nb23,705,0.291,-1.522,3,1
10,3,27,3,N,nb24,705,-0.253,-0.079,1,1
10,3,27,3,N,nb25,705,-0.414,-0.223,1,1
10,3,27,3,N,nb26,705,-0.038,-1.467,4,1
10,3,27,3,N,nb27,705,0.934,0.8,2,1
10,3,27,3,N,nb28,705,-1.537,-0.45,1,1
10,3,27,3,N,nb29,705,-0.003,-1.262,2,1
10,3,27,3,A,aa0,705,-1.399,-1.404,0,0
10,3,27,3,A,aa1,705,1.866,-0.317,0,0
10,3,27,3,A,aa2,705,0.358,-1.678,0,0
10,3,27,3,N,nb0,710,-1.543,-0.159,1,0
10,3,27,3,N,nb1,710,-1.048,1.444,1,1
10,3,27,3,N,nb2,710,-0.683,1.865,2,1
10,3,27,3,N,nb3,710,0.551,-1.849,0,0
10,3,27,3,N,nb4,710,0.794,0.901,1,1
10,3,27,3,N,nb5,710,-0.011,-1.636,4,1
10,3,27,3,N,nb6,710,-0.922,1.866,2,1
10,3,27,3,N,nb7,710,-1.118,1.728,3,1
10,3,27,3,N,nb8,710,-1.295,1.755,2,1
10,3,27,3,N,nb9,710,-1.675,-1.865,0,0
10,3,27,3,N,nb10,710,1.037,0.664,1,1
10,3,27,3,N,nb11,710,0.454,-1.534,1,0
10,3,27,3,N,nb12,710,-0.223,-1.787,2,1
10,3,27,3,N,nb13,710,-0.177,-1.598,3,1
10,3,27,3,N,nb14,710,0.158,-1.632,3,0
10,3,27,3,N,nb15,710,1.859,-1.706,0,0
10,3,27,3,N,nb16,710,-1.763,0.958,0,0
10,3,27,3,N,nb17,710,-0.06,-1.834,2,0
10,3,27,3,N,nb18,710,0.182,-1.384,4,1
10,3,27,3,N,nb19,710,-1.681,-0.361,2,1
10,3,27,3,N,nb20,710,-0.445,1.866,1,1
10,3,27,3,N,nb21,710,1.273,-1.492,0,0
10,3,27,3,N,nb22,710,-1.227,1.599,3,1
10,3,27,3,N,nb23,710,0.285,-1.519,3,0
10,3,27,3,N,nb24,710,-0.253,-0.079,1,1
10,3,27,3,N,nb25,710,-0.414,-0.223,1,1
10,3,27,3,N,nb26,710,-0.038,-1.467,4,1
10,3,27,3,N,nb27,710,0.934,0.8,2,1
10,3,27,3,N,nb28,710,-1.537,-0.45,1,1
10,3,27,3,N,nb29,710,-0.003,-1.262,2,1
10,3,27,3,A,aa0,710,-1.324,-1.47,0,0
10,3,27,3,A,aa1,710,1.866,-0.252,0,0
10,3,27,3,A,aa2,710,0.364,-1.679,0,0
10,3,27,3,N,nb0,715,-1.543,-0.159,1,1
10,3,27,3,N,nb1,715,-1.048,1.444,1,1
10,3,27,3,N,nb2,715,-0.683,1.865,2,1
10,3,27,3,N,nb3,715,0.641,-1.827,0,0
10,3,27,3,N,nb4,715,0.794,0.901,1,1
10,3,27,3,N,nb5,715,-0.017,-1.639,4,1
10,3,27,3,N,nb6,715,-0.922,1.866,2,1
10,3,27,3,N,nb7,715,-1.118,1.728,3,1
10,3,27,3,N,nb8,715,-1.295,1.755,2,1
10,3,27,3,N,nb9,715,-1.622,-1.865,0,0
10,3,27,3,N,nb10,715,1.037,0.664,1,1
10,3,27,3,N,nb11,715,0.442,-1.556,1,0
10,3,27,3,N,nb12,715,-0.224,-1.786,2,1
10,3,27,3,N,nb13,715,-0.182,-1.6,3,1
10,3,27,3,N,nb14,715,0.152,-1.626,3,0
10,3,27,3,N,nb15,715,1.843,-1.798,0,0
10,3,27,3,N,nb16,715,-1.718,1.048,0,0
10,3,27,3,N,nb17,715,-0.073,-1.866,2,0
10,3,27,3,N,nb18,715,0.179,-1.373,3,0
10,3,27,3,N,nb19,715,-1.681,-0.361,2,1
10,3,27,3,N,nb20,715,-0.445,1.866,1,1
10,3,27,3,N,nb21,715,1.247,-1.588,0,0
10,3,27,3,N,nb22,715,-1.227,1.599,3,1
10,3,27,3,N,nb23,715,0.277,-1.512,3,0
10,3,27,3,N,nb24,715,-0.253,-0.079,1,1
10,3,27,3,N,nb25,715,-0.414,-0.223,1,1
10,3,27,3,N,nb26,715,-0.038,-1.467,5,1
10,3,27,3,N,nb27,715,0.934,0.8,2,1
10,3,27,3,N,nb28,715,-1.537,-0.45,1,1
10,3,27,3,N,nb29,715,-0.003,-1.262,2,1
10,3,27,3,A,aa0,715,-1.249,-1.537,0,0
10,3,27,3,A,aa1,715,1.866,-0.178,0,0
10,3,27,3,A,aa2,715,0.33,-1.683,0,0
10,3,27,3,N,nb0,720,-1.543,-0.159,1,1
10,3,27,3,N,nb1,720,-1.048,1.444,1,1
10,3,27,3,N,nb2,720,-0.683,1.865,2,1
10,3,27,3,N,nb3,720,0.73,-1.797,0,0
10,3,27,3,N,nb4,720,0.794,0.901,1,1
10,3,27,3,N,nb5,720,-0.034,-1.641,5,1
10,3,27,3,N,nb6,720,-0.922,1.866,2,1
10,3,27,3,N,nb7,720,-1.118,1.728,3,1
10,3,27,3,N,nb8,720,-1.295,1.755,2,1
10,3,27,3,N,nb9,720,-1.558,-1.865,0,0
10,3,27,3,N,nb10,720,1.037,0.664,1,1
10,3,27,3,N,nb11,720,0.433,-1.61,1,1
10,3,27,3,N,nb12,720,-0.234,-1.777,3,1
10,3,27,3,N,nb13,720,-0.199,-1.6,3,1
10,3,27,3,N,nb14,720,0.135,-1.625,3,1
10,3,27,3,N,nb15,720,1.82,-1.866,0,0
10,3,27,3,N,nb16,720,-1.674,1.137,0,0
10,3,27,3,N,nb17,720,-0.088,-1.866,2,1
10,3,27,3,N,nb18,720,0.178,-1.372,3,1
10,3,27,3,N,nb19,720,-1.681,-0.361,2,1
10,3,27,3,N,nb20,720,-0.445,1.866,1,1
10,3,27,3,N,nb21,720,1.221,-1.685,0,0
10,3,27,3,N,nb22,720,-1.227,1.599,3,1
10,3,27,3,N,nb23,720,0.271,-1.514,3,1
10,3,27,3,N,nb24,720,-0.253,-0.079,1,1
10,3,27,3,N,nb25,720,-0.414,-0.223,1,1
10,3,27,3,N,nb26,720,-0.038,-1.467,5,1
10,3,27,3,N,nb27,720,0.934,0.8,2,1
10,3,27,3,N,nb28,720,-1.537,-0.45,1,1
10,3,27,3,N,nb29,720,-0.003,-1.262,2,1
10,3,27,3,A,aa0,720,-1.175,-1.604,0,0
10,3,27,3,A,aa1,720,1.866,-0.096,0,0
10,3,27,3,A,aa2,720,0.285,-1.703,5,1
10,3,27,3,N,nb0,725,-1.543,-0.159,1,1
10,3,27,3,N,nb1,725,-1.048,1.444,1,1
10,3,27,3,N,nb2,725,-0.683,1.865,2,1
10,3,27,3,N,nb3,725,0.816,-1.759,0,0
10,3,27,3,N,nb4,725,0.794,0.901,1,1
10,3,27,3,N,nb5,725,-0.06,-1.64,5,1
10,3,27,3,N,nb6,725,-0.922,1.866,2,1
10,3,27,3,N,nb7,725,-1.118,1.728,3,1
10,3,27,3,N,nb8,725,-1.295,1.755,2,1
10,3,27,3,N,nb9,725,-1.485,-1.865,0,0
10,3,27,3,N,nb10,725,1.037,0.664,1,1
10,3,27,3,N,nb11,725,0.429,-1.662,1,0
10,3,27,3,N,nb12,725,-0.256,-1.74,3,0
10,3,27,3,N,nb13,725,-0.217,-1.575,3,1
10,3,27,3,N,nb14,725,0.109,-1.624,3,0
10,3,27,3,N,nb15,725,1.787,-1.866,0,0
10,3,27,3,N,nb16,725,-1.629,1.227,0,0
10,3,27,3,N,nb17,725,-0.133,-1.866,2,0
10,3,27,3,N,nb18,725,0.178,-1.372,3,1
10,3,27,3,N,nb19,725,-1.681,-0.361,2,1
10,3,27,3,N,nb20,725,-0.445,1.866,1,1
10,3,27,3,N,nb21,725,1.195,-1.782,0,0
10,3,27,3,N,nb22,725,-1.227,1.599,3,1
10,3,27,3,N,nb23,725,0.263,-1.519,3,0
10,3,27,3,N,nb24,725,-0.253,-0.079,1,1
10,3,27,3,N,nb25,725,-0.414,-0.223,1,1
10,3,27,3,N,nb26,725,-0.038,-1.467,5,1
10,3,27,3,N,nb27,725,0.934,0.8,2,1
10,3,27,3,N,nb28,725,-1.537,-0.45,1,1
10,3,27,3,N,nb29,725,-0.003,-1.262,2,1
10,3,27,3,A,aa0,725,-1.1,-1.67,0,0
10,3,27,3,A,aa1,725,1.866,-0.01,0,0
10,3,27,3,A,aa2,725,0.245,-1.724,0,0
10,3,27,3,N,nb0,730,-1.543,-0.159,1,1
10,3,27,3,N,nb1,730,-1.048,1.444,1,1
10,3,27,3,N,nb2,730,-0.683,1.865,2,1
10,3,27,3,N,nb3,730,0.906,-1.714,0,0
10,3,27,3,N,nb4,730,0.794,0.901,1,1
10,3,27,3,N,nb5,730,-0.126,-1.633,4,1
10,3,27,3,N,nb6,730,-0.922,1.866,2,1
10,3,27,3,N,nb7,730,-1.118,1.728,3,1
10,3,27,3,N,nb8,730,-1.295,1.755,2,1
10,3,27,3,N,nb9,730,-1.403,-1.865,0,0
10,3,27,3,N,nb10,730,1.037,0.664,1,1
10,3,27,3,N,nb11,730,0.429,-1.754,0,0
10,3,27,3,N,nb12,730,-0.302,-1.66,3,0
10,3,27,3,N,nb13,730,-0.24,-1.503,3,1
10,3,27,3,N,nb14,730,0.043,-1.625,3,0
10,3,27,3,N,nb15,730,1.741,-1.866,0,0
10,3,27,3,N,nb16,730,-1.585,1.316,0,0
10,3,27,3,N,nb17,730,-0.218,-1.866,1,0
10,3,27,3,N,nb18,730,0.178,-1.371,3,1
10,3,27,3,N,nb19,730,-1.681,-0.361,2,1
10,3,27,3,N,nb20,730,-0.445,1.866,1,1
10,3,27,3,N,nb21,730,1.166,-1.863,0,0
10,3,27,3,N,nb22,730,-1.227,1.599,3,1
10,3,27,3,N,nb23,730,0.25,-1.525,2,0
10,3,27,3,N,nb24,730,-0.253,-0.079,1,1
10,3,27,3,N,nb25,730,-0.414,-0.223,1,1
10,3,27,3,N,nb26,730,-0.038,-1.467,5,1
10,3,27,3,N,nb27,730,0.934,0.8,2,1
10,3,27,3,N,nb28,730,-1.537,-0.45,1,1
10,3,27,3,N,nb29,730,-0.003,-1.262,2,1
10,3,27,3,A,aa0,730,-1.025,-1.737,0,0
10,3,27,3,A,aa1,730,1.866,0.081,0,0
10,3,27,3,A,aa2,730,0.158,-1.752,0,0
10,3,27,3,N,nb0,735,-1.543,-0.159,1,1
10,3,27,3,N,nb1,735,-1.048,1.444,1,1
10,3,27,3,N,nb2,735,-0.683,1.865,2,1
10,3,27,3,N,nb3,735,0.978,-1.678,1,1
10,3,27,3,N,nb4,735,0.794,0.901,1,1
10,3,27,3,N,nb5,735,-0.142,-1.636,4,0
10,3,27,3,N,nb6,735,-0.922,1.866,2,1
10,3,27,3,N,nb7,735,-1.118,1.728,3,1
10,3,27,3,N,nb8,735,-1.295,1.755,2,1
10,3,27,3,N,nb9,735,-1.317,-1.865,0,0
10,3,27,3,N,nb10,735,1.037,0.664,1,1
10,3,27,3,N,nb11,735,0.44,-1.842,0,0
10,3,27,3,N,nb12,735,-0.325,-1.628,3,1
10,3,27,3,N,nb13,735,-0.241,-1.481,3,1
10,3,27,3,N,nb14,735,0.027,-1.623,3,0
10,3,27,3,N,nb15,735,1.683,-1.866,0,0
10,3,27,3,N,nb16,735,-1.54,1.406,0,0
10,3,27,3,N,nb17,735,-0.256,-1.866,1,0
10,3,27,3,N,nb18,735,0.178,-1.371,3,0
10,3,27,3,N,nb19,735,-1.681,-0.361,2,1
10,3,27,3,N,nb20,735,-0.445,1.866,1,1
10,3,27,3,N,nb21,735,1.135,-1.866,1,1
10,3,27,3,N,nb22,735,-1.227,1.599,3,1
10,3,27,3,N,nb23,735,0.238,-1.53,2,0
10,3,27,3,N,nb24,735,-0.253,-0.079,1,1
10,3,27,3,N,nb25,735,-0.414,-0.223,1,1
10,3,27,3,N,nb26,735,-0.038,-1.467,5,1
10,3,27,3,N,nb27,735,0.934,0.8,2,1
10,3,27,3,N,nb28,735,-1.537,-0.45,1,1
10,3,27,3,N,nb29,735,-0.003,-1.262,2,1
10,3,27,3,A,aa0,735,-0.954,-1.8,0,0
10,3,27,3,A,aa1,735,1.865,0.173,0,0
10,3,27,3,A,aa2,735,0.075,-1.791,5,1
10,3,27,3,N,nb0,740,-1.543,-0.159,1,1
10,3,27,3,N,nb1,740,-1.048,1.444,1,1
10,3,27,3,N,nb2,740,-0.683,1.865,2,1
10,3,27,3,N,nb3,740,0.978,-1.678,1,1
10,3,27,3,N,nb4,740,0.794,0.901,1,1
10,3,27,3,N,nb5,740,-0.138,-1.616,4,0
10,3,27,3,N,nb6,740,-0.922,1.866,2,1
10,3,27,3,N,nb7,740,-1.118,1.728,3,1
10,3,27,3,N,nb8,740,-1.295,1.755,2,1
10,3,27,3,N,nb9,740,-1.227,-1.865,0,0
10,3,27,3,N,nb10,740,1.037,0.664,1,1
10,3,27,3,N,nb11,740,0.462,-1.867,0,0
10,3,27,3,N,nb12,740,-0.325,-1.628,3,1
10,3,27,3,N,nb13,740,-0.241,-1.481,3,1
10,3,27,3,N,nb14,740,0.032,-1.622,3,0
10,3,27,3,N,nb15,740,1.613,-1.866,0,0
10,3,27,3,N,nb16,740,-1.496,1.495,0,0
10,3,27,3,N,nb17,740,-0.326,-1.866,1,0
10,3,27,3,N,nb18,740,0.115,-1.377,3,0
10,3,27,3,N,nb19,740,-1.681,-0.361,2,1
10,3,27,3,N,nb20,740,-0.445,1.866,1,1
10,3,27,3,N,nb21,740,1.135,-1.866,1,1
10,3,27,3,N,nb22,740,-1.227,1.599,3,1
10,3,27,3,N,nb23,740,0.177,-1.536,3,0
10,3,27,3,N,nb24,740,-0.253,-0.079,1,1
10,3,27,3,N,nb25,740,-0.414,-0.223,1,1
10,3,27,3,N,nb26,740,-0.038,-1.467,6,1
10,3,27,3,N,nb27,740,0.934,0.8,2,1
10,3,27,3,N,nb28,740,-1.537,-0.45,1,1
10,3,27,3,N,nb29,740,-0.007,-1.26,2,1
10,3,27,3,A,aa0,740,-0.881,-1.851,1,0
10,3,27,3,A,aa1,740,1.854,0.265,0,0
10,3,27,3,A,aa2,740,-0.003,-1.839,1,0
10,3,27,3,N,nb0,745,-1.543,-0.159,1,1
10,3,27,3,N,nb1,745,-1.048,1.444,1,1
10,3,27,3,N,nb2,745,-0.683,1.865,2,1
10,3,27,3,N,nb3,745,0.978,-1.678,1,1
10,3,27,3,N,nb4,745,0.794,0.901,1,1
10,3,27,3,N,nb5,745,-0.156,-1.631,4,0
10,3,27,3,N,nb6,745,-0.922,1.866,2,1
10,3,27,3,N,nb7,745,-1.118,1.728,3,0
10,3,27,3,N,nb8,745,-1.295,1.755,2,0
10,3,27,3,N,nb9,745,-1.135,-1.864,0,0
10,3,27,3,N,nb10,745,1.037,0.664,1,1
10,3,27,3,N,nb11,745,0.499,-1.867,0,0
10,3,27,3,N,nb12,745,-0.326,-1.628,2,1
10,3,27,3,N,nb13,745,-0.241,-1.481,3,1
10,3,27,3,N,nb14,745,0.013,-1.642,3,0
10,3,27,3,N,nb15,745,1.535,-1.866,0,0
10,3,27,3,N,nb16,745,-1.469,1.55,1,1
10,3,27,3,N,nb17,745,-0.418,-1.863,0,0
10,3,27,3,N,nb18,745,0.093,-1.385,3,0
10,3,27,3,N,nb19,745,-1.681,-0.361,2,1
10,3,27,3,N,nb20,745,-0.445,1.866,1,1
10,3,27,3,N,nb21,745,1.135,-1.866,1,1
10,3,27,3,N,nb22,745,-1.227,1.599,4,1
10,3,27,3,N,nb23,745,0.151,-1.545,3,0
10,3,27,3,N,nb24,745,-0.253,-0.079,1,1
10,3,27,3,N,nb25,745,-0.414,-0.223,1,1
10,3,27,3,N,nb26,745,-0.055,-1.468,6,1
10,3,27,3,N,nb27,745,0.934,0.8,2,1
10,3,27,3,N,nb28,745,-1.537,-0.45,1,1
10,3,27,3,N,nb29,745,-0.017,-1.255,2,1
10,3,27,3,A,aa0,745,-0.802,-1.865,1,0
10,3,27,3,A,aa1,745,1.835,0.356,0,0
10,3,27,3,A,aa2,745,-0.081,-1.865,1,0
10,3,27,3,N,nb0,750,-1.543,-0.159,1,1
10,3,27,3,N,nb1,750,-1.048,1.444,1,1
10,3,27,3,N,nb2,750,-0.683,1.865,2,1
10,3,27,3,N,nb3,750,0.978,-1.678,1,1
10,3,27,3,N,nb4,750,0.794,0.901,1,1
10,3,27,3,N,nb5,750,-0.156,-1.633,4,0
10,3,27,3,N,nb6,750,-0.922,1.866,2,1
10,3,27,3,N,nb7,750,-1.118,1.728,3,1
10,3,27,3,N,nb8,750,-1.295,1.755,2,1
10,3,27,3,N,nb9,750,-1.043,-1.855,0,0
10,3,27,3,N,nb10,750,1.037,0.664,1,1
10,3,27,3,N,nb11,750,0.551,-1.867,0,0
10,3,27,3,N,nb12,750,-0.326,-1.628,2,0
10,3,27,3,N,nb13,750,-0.241,-1.481,3,1
10,3,27,3,N,nb14,750,0.013,-1.648,3,0
10,3,27,3,N,nb15,750,1.451,-1.866,0,0
10,3,27,3,N,nb16,750,-1.469,1.55,1,1
10,3,27,3,N,nb17,750,-0.51,-1.851,0,0
10,3,27,3,N,nb18,750,0.09,-1.387,3,1
10,3,27,3,N,nb19,750,-1.681,-0.361,2,1
10,3,27,3,N,nb20,750,-0.445,1.866,1,1
10,3,27,3,N,nb21,750,1.135,-1.866,1,1
10,3,27,3,N,nb22,750,-1.227,1.599,4,1
10,3,27,3,N,nb23,750,0.147,-1.547,3,1
10,3,27,3,N,nb24,750,-0.253,-0.079,1,1
10,3,27,3,N,nb25,750,-0.414,-0.223,1,1
10,3,27,3,N,nb26,750,-0.059,-1.468,6,1
10,3,27,3,N,nb27,750,0.934,0.8,2,1
10,3,27,3,N,nb28,750,-1.537,-0.45,1,1
10,3,27,3,N,nb29,750,-0.017,-1.255,2,1
10,3,27,3,A,aa0,750,-0.749,-1.865,1,0
10,3,27,3,A,aa1,750,1.806,0.445,0,0
10,3,27,3,A,aa2,750,-0.163,-1.865,3,1
10,3,27,3,N,nb0,755,-1.543,-0.159,1,1
10,3,27,3,N,nb1,755,-1.048,1.444,1,1
10,3,27,3,N,nb2,755,-0.683,1.865,2,1
10,3,27,3,N,nb3,755,0.978,-1.678,1,1
10,3,27,3,N,nb4,755,0.794,0.901,1,1
10,3,27,3,N,nb5,755,-0.164,-1.63,4,0
10,3,27,3,N,nb6,755,-0.922,1.866,2,1
10,3,27,3,N,nb7,755,-1.118,1.728,3,1
10,3,27,3,N,nb8,755,-1.295,1.755,2,1
10,3,27,3,N,nb9,755,-0.952,-1.836,0,0
10,3,27,3,N,nb10,755,1.037,0.664,1,1
10,3,27,3,N,nb11,755,0.614,-1.867,0,0
10,3,27,3,N,nb12,755,-0.383,-1.572,2,0
10,3,27,3,N,nb13,755,-0.24,-1.478,3,1
10,3,27,3,N,nb14,755,0.004,-1.65,3,0
10,3,27,3,N,nb15,755,1.378,-1.866,1,1
10,3,27,3,N,nb16,755,-1.469,1.55,1,1
10,3,27,3,N,nb17,755,-0.591,-1.829,0,0
10,3,27,3,N,nb18,755,0.09,-1.387,3,1
10,3,27,3,N,nb19,755,-1.681,-0.361,2,1
10,3,27,3,N,nb20,755,-0.445,1.866,1,1
10,3,27,3,N,nb21,755,1.135,-1.866,2,1
10,3,27,3,N,nb22,755,-1.227,1.599,4,1
10,3,27,3,N,nb23,755,0.147,-1.547,3,1
10,3,27,3,N,nb24,755,-0.253,-0.079,1,1
10,3,27,3,N,nb25,755,-0.414,-0.223,1,1
10,3,27,3,N,nb26,755,-0.059,-1.468,6,1
10,3,27,3,N,nb27,755,0.934,0.8,2,1
10,3,27,3,N,nb28,755,-1.537,-0.45,1,1
10,3,27,3,N,nb29,755,-0.017,-1.255,2,0
10,3,27,3,A,aa0,755,-0.757,-1.86,0,0
10,3,27,3,A,aa1,755,1.77,0.532,0,0
10,3,27,3,A,aa2,755,-0.25,-1.865,0,0
10,3,27,3,N,nb0,760,-1.543,-0.159,1,1
10,3,27,3,N,nb1,760,-1.048,1.444,1,1
10,3,27,3,N,nb2,760,-0.683,1.865,2,1
10,3,27,3,N,nb3,760,0.978,-1.678,1,1
10,3,27,3,N,nb4,760,0.794,0.901,1,1
10,3,27,3,N,nb5,760,-0.178,-1.639,3,1
10,3,27,3,N,nb6,760,-0.922,1.866,2,0
10,3,27,3,N,nb7,760,-1.118,1.728,3,1
10,3,27,3,N,nb8,760,-1.295,1.755,2,1
10,3,27,3,N,nb9,760,-0.918,-1.824,0,0
10,3,27,3,N,nb10,760,1.037,0.664,1,1
10,3,27,3,N,nb11,760,0.687,-1.867,0,0
10,3,27,3,N,nb12,760,-0.45,-1.505,1,1
10,3,27,3,N,nb13,760,-0.24,-1.478,3,1
10,3,27,3,N,nb14,760,-0.011,-1.665,3,1
10,3,27,3,N,nb15,760,1.378,-1.866,1,1
10,3,27,3,N,nb16,760,-1.469,1.55,1,1
10,3,27,3,N,nb17,760,-0.589,-1.786,0,0
10,3,27,3,N,nb18,760,0.09,-1.387,3,1
10,3,27,3,N,nb19,760,-1.681,-0.361,2,1
10,3,27,3,N,nb20,760,-0.445,1.866,1,0
10,3,27,3,N,nb21,760,1.135,-1.866,2,1
10,3,27,3,N,nb22,760,-1.227,1.599,4,0
10,3,27,3,N,nb23,760,0.147,-1.547,3,1
10,3,27,3,N,nb24,760,-0.253,-0.079,1,1
10,3,27,3,N,nb25,760,-0.414,-0.223,1,1
10,3,27,3,N,nb26,760,-0.059,-1.468,6,1
10,3,27,3,N,nb27,760,0.934,0.8,2,1
10,3,27,3,N,nb28,760,-1.537,-0.45,1,1
10,3,27,3,N,nb29,760,-0.017,-1.255,2,1
10,3,27,3,A,aa0,760,-0.749,-1.839,0,0
10,3,27,3,A,aa1,760,1.726,0.62,0,0
10,3,27,3,A,aa2,760,-0.341,-1.865,1,0
10,3,27,3,N,nb0,765,-1.543,-0.159,1,1
10,3,27,3,N,nb1,765,-1.048,1.444,1,1
10,3,27,3,N,nb2,765,-0.683,1.865,2,1
10,3,27,3,N,nb3,765,0.978,-1.678,1,1
10,3,27,3,N,nb4,765,0.794,0.901,1,1
10,3,27,3,N,nb5,765,-0.178,-1.641,3,0
10,3,27,3,N,nb6,765,-0.922,1.866,2,1
10,3,27,3,N,nb7,765,-1.118,1.728,3,1
10,3,27,3,N,nb8,765,-1.295,1.755,2,1
10,3,27,3,N,nb9,765,-0.878,-1.772,0,0
10,3,27,3,N,nb10,765,1.037,0.664,1,1
10,3,27,3,N,nb11,765,0.768,-1.867,0,0
10,3,27,3,N,nb12,765,-0.464,-1.492,2,0
10,3,27,3,N,nb13,765,-0.256,-1.475,3,0
10,3,27,3,N,nb14,765,-0.011,-1.668,3,0
10,3,27,3,N,nb15,765,1.378,-1.866,1,1
10,3,27,3,N,nb16,765,-1.469,1.55,1,1
10,3,27,3,N,nb17,765,-0.547,-1.716,1,0
10,3,27,3,N,nb18,765,0.09,-1.387,3,1
10,3,27,3,N,nb19,765,-1.681,-0.361,2,1
10,3,27,3,N,nb20,765,-0.445,1.866,1,1
10,3,27,3,N,nb21,765,1.135,-1.866,2,1
10,3,27,3,N,nb22,765,-1.227,1.599,4,1
10,3,27,3,N,nb23,765,0.147,-1.547,3,1
10,3,27,3,N,nb24,765,-0.253,-0.079,1,1
10,3,27,3,N,nb25,765,-0.414,-0.223,1,1
10,3,27,3,N,nb26,765,-0.059,-1.468,6,1
10,3,27,3,N,nb27,765,0.934,0.8,2,1
10,3,27,3,N,nb28,765,-1.537,-0.45,1,1
10,3,27,3,N,nb29,765,-0.017,-1.255,2,1
10,3,27,3,A,aa0,765,-0.709,-1.765,0,0
10,3,27,3,A,aa1,765,1.682,0.71,0,0
10,3,27,3,A,aa2,765,-0.433,-1.863,0,0
10,3,27,3,N,nb0,770,-1.543,-0.159,1,1
10,3,27,3,N,nb1,770,-1.048,1.444,1,1
10,3,27,3,N,nb2,770,-0.683,1.865,2,1
10,3,27,3,N,nb3,770,0.978,-1.678,2,1
10,3,27,3,N,nb4,770,0.794,0.901,1,1
10,3,27,3,N,nb5,770,-0.171,-1.656,2,0
10,3,27,3,N,nb6,770,-0.922,1.866,2,1
10,3,27,3,N,nb7,770,-1.118,1.728,3,1
10,3,27,3,N,nb8,770,-1.295,1.755,2,1
10,3,27,3,N,nb9,770,-0.833,-1.71,0,0
10,3,27,3,N,nb10,770,1.037,0.664,1,1
10,3,27,3,N,nb11,770,0.821,-1.867,1,1
10,3,27,3,N,nb12,770,-0.537,-1.426,2,0
10,3,27,3,N,nb13,770,-0.346,-1.457,1,0
10,3,27,3,N,nb14,770,-0.005,-1.693,3,0
10,3,27,3,N,nb15,770,1.378,-1.866,1,1
10,3,27,3,N,nb16,770,-1.469,1.55,1,1
10,3,27,3,N,nb17,770,-0.498,-1.66,1,0
10,3,27,3,N,nb18,770,0.09,-1.387,3,1
10,3,27,3,N,nb19,770,-1.681,-0.361,2,1
10,3,27,3,N,nb20,770,-0.445,1.866,1,1
10,3,27,3,N,nb21,770,1.135,-1.866,2,1
10,3,27,3,N,nb22,770,-1.227,1.599,4,1
10,3,27,3,N,nb23,770,0.147,-1.547,3,1
10,3,27,3,N,nb24,770,-0.253,-0.079,1,1
10,3,27,3,N,nb25,770,-0.414,-0.223,1,1
10,3,27,3,N,nb26,770,-0.059,-1.468,5,1
10,3,27,3,N,nb27,770,0.934,0.8,2,1
10,3,27,3,N,nb28,770,-1.537,-0.45,1,1
10,3,27,3,N,nb29,770,-0.017,-1.255,2,1
10,3,27,3,A,aa0,770,-0.664,-1.689,0,0
10,3,27,3,A,aa1,770,1.637,0.799,0,0
10,3,27,3,A,aa2,770,-0.522,-1.85,0,0
10,3,27,3,N,nb0,775,-1.543,-0.159,1,1
10,3,27,3,N,nb1,775,-1.048,1.444,1,1
10,3,27,3,N,nb2,775,-0.683,1.865,2,1
10,3,27,3,N,nb3,775,0.978,-1.678,2,1
10,3,27,3,N,nb4,775,0.794,0.901,1,1
10,3,27,3,N,nb5,775,-0.161,-1.676,2,1
10,3,27,3,N,nb6,775,-0.922,1.866,2,1
10,3,27,3,N,nb7,775,-1.118,1.728,3,1
10,3,27,3,N,nb8,775,-1.295,1.755,2,1
10,3,27,3,N,nb9,775,-0.81,-1.669,0,0
10,3,27,3,N,nb10,775,1.037,0.664,1,1
10,3,27,3,N,nb11,775,0.821,-1.867,1,1
10,3,27,3,N,nb12,775,-0.6,-1.373,1,1
10,3,27,3,N,nb13,775,-0.413,-1.432,2,1
10,3,27,3,N,nb14,775,0.001,-1.727,2,1
10,3,27,3,N,nb15,775,1.378,-1.866,1,1
10,3,27,3,N,nb16,775,-1.469,1.55,1,1
10,3,27,3,N,nb17,775,-0.481,-1.596,1,0
10,3,27,3,N,nb18,775,0.09,-1.387,3,1
10,3,27,3,N,nb19,775,-1.681,-0.361,2,1
10,3,27,3,N,nb20,775,-0.445,1.866,1,1
10,3,27,3,N,nb21,775,1.135,-1.866,2,1
10,3,27,3,N,nb22,775,-1.227,1.599,4,1
10,3,27,3,N,nb23,775,0.147,-1.547,3,1
10,3,27,3,N,nb24,775,-0.253,-0.079,1,1
10,3,27,3,N,nb25,775,-0.414,-0.223,1,1
10,3,27,3,N,nb26,775,-0.059,-1.468,4,0
10,3,27,3,N,nb27,775,0.934,0.8,2,1
10,3,27,3,N,nb28,775,-1.537,-0.45,1,1
10,3,27,3,N,nb29,775,-0.017,-1.255,2,1
10,3,27,3,A,aa0,775,-0.641,-1.653,0,0
10,3,27,3,A,aa1,775,1.592,0.889,1,0
10,3,27,3,A,aa2,775,-0.611,-1.826,0,0
10,3,27,3,N,nb0,780,-1.543,-0.159,1,1
10,3,27,3,N,nb1,780,-1.048,1.444,1,1
10,3,27,3,N,nb2,780,-0.683,1.865,2,1
10,3,27,3,N,nb3,780,0.978,-1.678,2,1
10,3,27,3,N,nb4,780,0.794,0.901,1,1
10,3,27,3,N,nb5,780,-0.161,-1.676,2,1
10,3,27,3,N,nb6,780,-0.922,1.866,2,1
10,3,27,3,N,nb7,780,-1.118,1.728,3,1
10,3,27,3,N,nb8,780,-1.295,1.755,2,1
10,3,27,3,N,nb9,780,-0.813,-1.615,0,0
10,3,27,3,N,nb10,780,1.037,0.664,1,1
10,3,27,3,N,nb11,780,0.821,-1.867,1,1
10,3,27,3,N,nb12,780,-0.6,-1.373,2,1
10,3,27,3,N,nb13,780,-0.413,-1.429,2,1
10,3,27,3,N,nb14,780,0.001,-1.727,2,1
10,3,27,3,N,nb15,780,1.378,-1.866,1,1
10,3,27,3,N,nb16,780,-1.469,1.55,1,1
10,3,27,3,N,nb17,780,-0.488,-1.581,2,1
10,3,27,3,N,nb18,780,0.09,-1.387,3,1
10,3,27,3,N,nb19,780,-1.681,-0.361,2,1
10,3,27,3,N,nb20,780,-0.445,1.866,1,1
10,3,27,3,N,nb21,780,1.135,-1.866,2,1
10,3,27,3,N,nb22,780,-1.227,1.599,4,1
10,3,27,3,N,nb23,780,0.147,-1.547,3,1
10,3,27,3,N,nb24,780,-0.253,-0.079,1,1
10,3,27,3,N,nb25,780,-0.414,-0.223,1,1
10,3,27,3,N,nb26,780,-0.059,-1.468,4,1
10,3,27,3,N,nb27,780,0.934,0.8,2,1
10,3,27,3,N,nb28,780,-1.537,-0.45,1,1
10,3,27,3,N,nb29,780,-0.017,-1.255,2,1
10,3,27,3,A,aa0,780,-0.645,-1.643,2,0
10,3,27,3,A,aa1,780,1.547,0.978,1,0
10,3,27,3,A,aa2,780,-0.694,-1.815,1,0
10,3,27,3,N,nb0,785,-1.543,-0.159,1,1
10,3,27,3,N,nb1,785,-1.048,1.444,1,1
10,3,27,3,N,nb2,785,-0.683,1.865,2,0
10,3,27,3,N,nb3,785,0.978,-1.678,2,1
10,3,27,3,N,nb4,785,0.794,0.901,1,1
10,3,27,3,N,nb5,785,-0.161,-1.676,2,1
10,3,27,3,N,nb6,785,-0.922,1.866,2,1
10,3,27,3,N,nb7,785,-1.118,1.728,3,1
10,3,27,3,N,nb8,785,-1.295,1.755,2,1
10,3,27,3,N,nb9,785,-0.847,-1.545,0,0
10,3,27,3,N,nb10,785,1.037,0.664,1,1
10,3,27,3,N,nb11,785,0.821,-1.867,1,1
10,3,27,3,N,nb12,785,-0.6,-1.373,2,0
10,3,27,3,N,nb13,785,-0.413,-1.429,2,0
10,3,27,3,N,nb14,785,0.001,-1.727,2,1
10,3,27,3,N,nb15,785,1.378,-1.866,1,1
10,3,27,3,N,nb16,785,-1.469,1.55,1,1
10,3,27,3,N,nb17,785,-0.488,-1.581,2,0
10,3,27,3,N,nb18,785,0.09,-1.387,3,1
10,3,27,3,N,nb19,785,-1.681,-0.361,2,1
10,3,27,3,N,nb20,785,-0.445,1.866,1,1
10,3,27,3,N,nb21,785,1.135,-1.866,2,1
10,3,27,3,N,nb22,785,-1.227,1.599,4,1
10,3,27,3,N,nb23,785,0.147,-1.547,3,1
10,3,27,3,N,nb24,785,-0.253,-0.079,1,1
10,3,27,3,N,nb25,785,-0.414,-0.223,1,1
10,3,27,3,N,nb26,785,-0.059,-1.468,4,1
10,3,27,3,N,nb27,785,0.934,0.8,2,1
10,3,27,3,N,nb28,785,-1.537,-0.45,1,1
10,3,27,3,N,nb29,785,-0.017,-1.255,2,1
10,3,27,3,A,aa0,785,-0.678,-1.562,3,1
10,3,27,3,A,aa1,785,1.503,1.068,0,0
10,3,27,3,A,aa2,785,-0.787,-1.804,1,0
10,3,27,3,N,nb0,790,-1.543,-0.159,1,1
10,3,27,3,N,nb1,790,-1.048,1.444,1,1
10,3,27,3,N,nb2,790,-0.683,1.865,2,1
10,3,27,3,N,nb3,790,0.978,-1.678,2,1
10,3,27,3,N,nb4,790,0.794,0.901,1,0
10,3,27,3,N,nb5,790,-0.161,-1.676,2,1
10,3,27,3,N,nb6,790,-0.922,1.866,2,1
10,3,27,3,N,nb7,790,-1.118,1.728,3,1
10,3,27,3,N,nb8,790,-1.295,1.755,2,1
10,3,27,3,N,nb9,790,-0.878,-1.462,0,0
10,3,27,3,N,nb10,790,1.037,0.664,1,0
10,3,27,3,N,nb11,790,0.821,-1.867,1,1
10,3,27,3,N,nb12,790,-0.653,-1.323,2,0
10,3,27,3,N,nb13,790,-0.469,-1.389,2,0
10,3,27,3,N,nb14,790,0.001,-1.727,2,1
10,3,27,3,N,nb15,790,1.378,-1.866,1,1
10,3,27,3,N,nb16,790,-1.469,1.55,1,1
10,3,27,3,N,nb17,790,-0.541,-1.542,2,0
10,3,27,3,N,nb18,790,0.09,-1.387,3,1
10,3,27,3,N,nb19,790,-1.681,-0.361,2,1
10,3,27,3,N,nb20,790,-0.445,1.866,1,1
10,3,27,3,N,nb21,790,1.135,-1.866,2,1
10,3,27,3,N,nb22,790,-1.227,1.599,4,1
10,3,27,3,N,nb23,790,0.147,-1.547,3,1
10,3,27,3,N,nb24,790,-0.253,-0.079,1,1
10,3,27,3,N,nb25,790,-0.414,-0.223,1,1
10,3,27,3,N,nb26,790,-0.059,-1.468,4,1
10,3,27,3,N,nb27,790,0.934,0.8,2,0
10,3,27,3,N,nb28,790,-1.537,-0.45,1,1
10,3,27,3,N,nb29,790,-0.017,-1.255,2,1
10,3,27,3,A,aa0,790,-0.709,-1.483,0,0
10,3,27,3,A,aa1,790,1.458,1.157,0,0
10,3,27,3,A,aa2,790,-0.879,-1.788,0,0
10,3,27,3,N,nb0,795,-1.543,-0.159,1,1
10,3,27,3,N,nb1,795,-1.048,1.444,1,1
10,3,27,3,N,nb2,795,-0.683,1.865,2,1
10,3,27,3,N,nb3,795,0.978,-1.678,2,0
10,3,27,3,N,nb4,795,0.794,0.901,1,1
10,3,27,3,N,nb5,795,-0.161,-1.676,2,1
10,3,27,3,N,nb6,795,-0.922,1.866,2,1
10,3,27,3,N,nb7,795,-1.118,1.728,3,1
10,3,27,3,N,nb8,795,-1.295,1.755,2,1
10,3,27,3,N,nb9,795,-0.923,-1.395,0,0
10,3,27,3,N,nb10,795,1.037,0.664,1,1
10,3,27,3,N,nb11,795,0.821,-1.867,1,1
10,3,27,3,N,nb12,795,-0.711,-1.243,1,0
10,3,27,3,N,nb13,795,-0.543,-1.335,2,0
10,3,27,3,N,nb14,795,0.001,-1.727,2,1
10,3,27,3,N,nb15,795,1.378,-1.866,1,1
10,3,27,3,N,nb16,795,-1.469,1.55,1,1
10,3,27,3,N,nb17,795,-0.607,-1.493,1,0
10,3,27,3,N,nb18,795,0.09,-1.387,3,1
10,3,27,3,N,nb19,795,-1.681,-0.361,2,1
10,3,27,3,N,nb20,795,-0.445,1.866,1,1
10,3,27,3,N,nb21,795,1.135,-1.866,2,0
10,3,27,3,N,nb22,795,-1.227,1.599,4,1
10,3,27,3,N,nb23,795,0.147,-1.547,3,1
10,3,27,3,N,nb24,795,-0.253,-0.079,1,1
10,3,27,3,N,nb25,795,-0.414,-0.223,1,1
10,3,27,3,N,nb26,795,-0.059,-1.468,4,1
10,3,27,3,N,nb27,795,0.934,0.8,2,1
10,3,27,3,N,nb28,795,-1.537,-0.45,1,1
10,3,27,3,N,nb29,795,-0.017,-1.255,2,1
10,3,27,3,A,aa0,795,-0.753,-1.408,0,0
10,3,27,3,A,aa1,795,1.413,1.246,0,0
10,3,27,3,A,aa2,795,-0.969,-1.763,0,0
10,3,27,3,N,nb0,800,-1.543,-0.159,1,1
10,3,27,3,N,nb1,800,-1.048,1.444,1,1
10,3,27,3,N,nb2,800,-0.683,1.865,2,1
10,3,27,3,N,nb3,800,0.978,-1.678,2,1
10,3,27,3,N,nb4,800,0.794,0.901,1,1
10,3,27,3,N,nb5,800,-0.161,-1.676,2,1
10,3,27,3,N,nb6,800,-0.922,1.866,2,1
10,3,27,3,N,nb7,800,-1.118,1.728,3,1
10,3,27,3,N,nb8,800,-1.295,1.755,2,1
10,3,27,3,N,nb9,800,-0.935,-1.326,1,0
10,3,27,3,N,nb10,800,1.037,0.664,1,1
10,3,27,3,N,nb11,800,0.821,-1.867,1,1
10,3,27,3,N,nb12,800,-0.729,-1.207,2,0
10,3,27,3,N,nb13,800,-0.559,-1.322,2,0
10,3,27,3,N,nb14,800,0.001,-1.727,2,1
10,3,27,3,N,nb15,800,1.378,-1.866,1,1
10,3,27,3,N,nb16,800,-1.469,1.55,1,1
10,3,27,3,N,nb17,800,-0.622,-1.483,1,0
10,3,27,3,N,nb18,800,0.09,-1.387,3,1
10,3,27,3,N,nb19,800,-1.681,-0.361,2,1
10,3,27,3,N,nb20,800,-0.445,1.866,1,1
10,3,27,3,N,nb21,800,1.135,-1.866,2,1
10,3,27,3,N,nb22,800,-1.227,1.599,4,1
10,3,27,3,N,nb23,800,0.147,-1.547,3,1
10,3,27,3,N,nb24,800,-0.253,-0.079,1,1
10,3,27,3,N,nb25,800,-0.414,-0.223,1,1
10,3,27,3,N,nb26,800,-0.059,-1.468,4,1
10,3,27,3,N,nb27,800,0.934,0.8,2,1
10,3,27,3,N,nb28,800,-1.537,-0.45,1,1
10,3,27,3,N,nb29,800,-0.017,-1.255,2,1
10,3,27,3,A,aa0,800,-0.768,-1.372,3,1
10,3,27,3,A,aa1,800,1.368,1.336,0,0
10,3,27,3,A,aa2,800,-0.972,-1.763,1,0
10,3,27,3,N,nb0,805,-1.543,-0.159,1,1
10,3,27,3,N,nb1,805,-1.048,1.444,1,1
10,3,27,3,N,nb2,805,-0.683,1.865,2,1
10,3,27,3,N,nb3,805,0.978,-1.678,2,1
10,3,27,3,N,nb4,805,0.794,0.901,1,1
10,3,27,3,N,nb5,805,-0.161,-1.676,2,1
10,3,27,3,N,nb6,805,-0.922,1.866,2,1
10,3,27,3,N,nb7,805,-1.118,1.728,3,1
10,3,27,3,N,nb8,805,-1.295,1.755,2,1
10,3,27,3,N,nb9,805,-0.936,-1.255,1,0
10,3,27,3,N,nb10,805,1.037,0.664,1,1
10,3,27,3,N,nb11,805,0.821,-1.867,1,1
10,3,27,3,N,nb12,805,-0.792,-1.139,2,0
10,3,27,3,N,nb13,805,-0.624,-1.261,2,0
10,3,27,3,N,nb14,805,0.001,-1.727,2,1
10,3,27,3,N,nb15,805,1.378,-1.866,1,1
10,3,27,3,N,nb16,805,-1.469,1.55,1,1
10,3,27,3,N,nb17,805,-0.661,-1.456,1,0
10,3,27,3,N,nb18,805,0.09,-1.387,3,1
10,3,27,3,N,nb19,805,-1.681,-0.361,2,1
10,3,27,3,N,nb20,805,-0.445,1.866,1,1
10,3,27,3,N,nb21,805,1.135,-1.866,2,1
10,3,27,3,N,nb22,805,-1.227,1.599,4,1
10,3,27,3,N,nb23,805,0.147,-1.547,3,1
10,3,27,3,N,nb24,805,-0.253,-0.079,1,1
10,3,27,3,N,nb25,805,-0.414,-0.223,1,1
10,3,27,3,N,nb26,805,-0.059,-1.468,4,1
10,3,27,3,N,nb27,805,0.934,0.8,2,1
10,3,27,3,N,nb28,805,-1.537,-0.45,1,1
10,3,27,3,N,nb29,805,-0.017,-1.255,2,1
10,3,27,3,A,aa0,805,-0.804,-1.367,0,0
10,3,27,3,A,aa1,805,1.323,1.425,0,0
10,3,27,3,A,aa2,805,-1.033,-1.797,0,0
10,3,27,3,N,nb0,810,-1.543,-0.159,1,1
10,3,27,3,N,nb1,810,-1.048,1.444,1,1
10,3,27,3,N,nb2,810,-0.683,1.865,2,1
10,3,27,3,N,nb3,810,0.978,-1.678,2,1
10,3,27,3,N,nb4,810,0.794,0.901,1,1
10,3,27,3,N,nb5,810,-0.161,-1.676,2,1
10,3,27,3,N,nb6,810,-0.922,1.866,2,1
10,3,27,3,N,nb7,810,-1.118,1.728,3,1
10,3,27,3,N,nb8,810,-1.295,1.755,2,1
10,3,27,3,N,nb9,810,-0.963,-1.169,1,0
10,3,27,3,N,nb10,810,1.037,0.664,1,1
10,3,27,3,N,nb11,810,0.821,-1.867,1,1
10,3,27,3,N,nb12,810,-0.834,-1.059,2,1
10,3,27,3,N,nb13,810,-0.682,-1.192,1,1
10,3,27,3,N,nb14,810,0.001,-1.727,2,1
10,3,27,3,N,nb15,810,1.378,-1.866,1,1
10,3,27,3,N,nb16,810,-1.469,1.55,1,1
10,3,27,3,N,nb17,810,-0.745,-1.435,0,0
10,3,27,3,N,nb18,810,0.09,-1.387,3,1
10,3,27,3,N,nb19,810,-1.681,-0.361,2,1
10,3,27,3,N,nb20,810,-0.445,1.866,1,1
10,3,27,3,N,nb21,810,1.135,-1.866,2,1
10,3,27,3,N,nb22,810,-1.227,1.599,4,1
10,3,27,3,N,nb23,810,0.147,-1.547,3,1
10,3,27,3,N,nb24,810,-0.253,-0.079,1,1
10,3,27,3,N,nb25,810,-0.414,-0.223,1,1
10,3,27,3,N,nb26,810,-0.059,-1.468,4,1
10,3,27,3,N,nb27,810,0.934,0.8,2,1
10,3,27,3,N,nb28,810,-1.537,-0.45,1,1
10,3,27,3,N,nb29,810,-0.017,-1.255,2,1
10,3,27,3,A,aa0,810,-0.9,-1.362,0,0
10,3,27,3,A,aa1,810,1.279,1.515,0,0
10,3,27,3,A,aa2,810,-1.117,-1.832,0,0
10,3,27,3,N,nb0,815,-1.543,-0.159,1,1
10,3,27,3,N,nb1,815,-1.048,1.444,1,1
10,3,27,3,N,nb2,815,-0.683,1.865,2,1
10,3,27,3,N,nb3,815,0.978,-1.678,2,1
10,3,27,3,N,nb4,815,0.794,0.901,1,1
10,3,27,3,N,nb5,815,-0.161,-1.676,2,1
10,3,27,3,N,nb6,815,-0.922,1.866,2,1
10,3,27,3,N,nb7,815,-1.118,1.728,3,1
10,3,27,3,N,nb8,815,-1.295,1.755,2,1
10,3,27,3,N,nb9,815,-0.966,-1.149,1,0
10,3,27,3,N,nb10,815,1.037,0.664,1,1
10,3,27,3,N,nb11,815,0.821,-1.867,1,1
10,3,27,3,N,nb12,815,-0.832,-1.046,2,1
10,3,27,3,N,nb13,815,-0.684,-1.19,1,0
10,3,27,3,N,nb14,815,0.001,-1.727,2,1
10,3,27,3,N,nb15,815,1.378,-1.866,1,0
10,3,27,3,N,nb16,815,-1.469,1.55,1,1
10,3,27,3,N,nb17,815,-0.831,-1.431,0,0
10,3,27,3,N,nb18,815,0.09,-1.387,3,1
10,3,27,3,N,nb19,815,-1.681,-0.361,2,1
10,3,27,3,N,nb20,815,-0.445,1.866,1,1
10,3,27,3,N,nb21,815,1.135,-1.866,2,1
10,3,27,3,N,nb22,815,-1.227,1.599,4,1
10,3,27,3,N,nb23,815,0.147,-1.547,3,1
10,3,27,3,N,nb24,815,-0.253,-0.079,1,1
10,3,27,3,N,nb25,815,-0.414,-0.223,1,1
10,3,27,3,N,nb26,815,-0.059,-1.468,4,1
10,3,27,3,N,nb27,815,0.934,0.8,2,1
10,3,27,3,N,nb28,815,-1.537,-0.45,1,1
10,3,27,3,N,nb29,815,-0.017,-1.255,2,1
10,3,27,3,A,aa0,815,-0.999,-1.36,2,0
10,3,27,3,A,aa1,815,1.234,1.604,0,0
10,3,27,3,A,aa2,815,-1.204,-1.855,0,0
10,3,27,3,N,nb0,820,-1.543,-0.159,1,1
10,3,27,3,N,nb1,820,-1.048,1.444,1,1
10,3,27,3,N,nb2,820,-0.683,1.865,2,1
10,3,27,3,N,nb3,820,0.978,-1.678,2,1
10,3,27,3,N,nb4,820,0.794,0.901,1,1
10,3,27,3,N,nb5,820,-0.161,-1.676,2,1
10,3,27,3,N,nb6,820,-0.922,1.866,2,1
10,3,27,3,N,nb7,820,-1.118,1.728,3,1
10,3,27,3,N,nb8,820,-1.295,1.755,2,1
10,3,27,3,N,nb9,820,-0.995,-1.078,1,0
10,3,27,3,N,nb10,820,1.037,0.664,1,1
10,3,27,3,N,nb11,820,0.821,-1.867,1,1
10,3,27,3,N,nb12,820,-0.844,-1.001,2,1
10,3,27,3,N,nb13,820,-0.724,-1.121,1,0
10,3,27,3,N,nb14,820,0.001,-1.727,2,1
10,3,27,3,N,nb15,820,1.378,-1.866,1,1
10,3,27,3,N,nb16,820,-1.469,1.55,1,1
10,3,27,3,N,nb17,820,-0.917,-1.443,0,0
10,3,27,3,N,nb18,820,0.09,-1.387,3,1
10,3,27,3,N,nb19,820,-1.681,-0.361,2,1
10,3,27,3,N,nb20,820,-0.445,1.866,1,1
10,3,27,3,N,nb21,820,1.135,-1.866,2,1
10,3,27,3,N,nb22,820,-1.227,1.599,4,1
10,3,27,3,N,nb23,820,0.147,-1.547,3,1
10,3,27,3,N,nb24,820,-0.253,-0.079,1,0
10,3,27,3,N,nb25,820,-0.414,-0.223,1,1
10,3,27,3,N,nb26,820,-0.059,-1.468,4,1
10,3,27,3,N,nb27,820,0.934,0.8,2,1
10,3,27,3,N,nb28,820,-1.537,-0.45,1,1
10,3,27,3,N,nb29,820,-0.017,-1.255,2,1
10,3,27,3,A,aa0,820,-1.098,-1.356,0,0
10,3,27,3,A,aa1,820,1.189,1.693,0,0
10,3,27,3,A,aa2,820,-1.295,-1.865,0,0
10,3,27,3,N,nb0,825,-1.543,-0.159,1,1
10,3,27,3,N,nb1,825,-1.048,1.444,1,1
10,3,27,3,N,nb2,825,-0.683,1.865,2,1
10,3,27,3,N,nb3,825,0.978,-1.678,2,1
10,3,27,3,N,nb4,825,0.794,0.901,1,1
10,3,27,3,N,nb5,825,-0.161,-1.676,2,1
10,3,27,3,N,nb6,825,-0.922,1.866,2,1
10,3,27,3,N,nb7,825,-1.118,1.728,3,1
10,3,27,3,N,nb8,825,-1.295,1.755,2,1
10,3,27,3,N,nb9,825,-1.028,-0.993,1,1
10,3,27,3,N,nb10,825,1.037,0.664,1,1
10,3,27,3,N,nb11,825,0.821,-1.867,1,1
10,3,27,3,N,nb12,825,-0.871,-0.919,2,1
10,3,27,3,N,nb13,825,-0.752,-1.039,1,1
10,3,27,3,N,nb14,825,0.001,-1.727,2,1
10,3,27,3,N,nb15,825,1.378,-1.866,1,1
10,3,27,3,N,nb16,825,-1.469,1.55,1,1
10,3,27,3,N,nb17,825,-1.001,-1.471,0,0
10,3,27,3,N,nb18,825,0.09,-1.387,3,1
10,3,27,3,N,nb19,825,-1.681,-0.361,2,1
10,3,27,3,N,nb20,825,-0.445,1.866,1,1
10,3,27,3,N,nb21,825,1.135,-1.866,2,1
10,3,27,3,N,nb22,825,-1.227,1.599,4,1
10,3,27,3,N,nb23,825,0.147,-1.547,3,1
10,3,27,3,N,nb24,825,-0.253,-0.079,1,1
10,3,27,3,N,nb25,825,-0.414,-0.223,1,1
10,3,27,3,N,nb26,825,-0.059,-1.468,4,1
10,3,27,3,N,nb27,825,0.934,0.8,2,1
10,3,27,3,N,nb28,825,-1.537,-0.45,1,1
10,3,27,3,N,nb29,825,-0.017,-1.255,2,1
10,3,27,3,A,aa0,825,-1.196,-1.351,0,0
10,3,27,3,A,aa1,825,1.144,1.783,0,0
10,3,27,3,A,aa2,825,-1.387,-1.864,0,0
10,3,27,3,N,nb0,830,-1.543,-0.159,1,1
10,3,27,3,N,nb1,830,-1.048,1.444,1,1
10,3,27,3,N,nb2,830,-0.683,1.865,2,1
10,3,27,3,N,nb3,830,0.978,-1.678,2,1
10,3,27,3,N,nb4,830,0.794,0.901,1,1
10,3,27,3,N,nb5,830,-0.161,-1.676,2,1
10,3,27,3,N,nb6,830,-0.922,1.866,2,1
10,3,27,3,N,nb7,830,-1.118,1.728,3,1
10,3,27,3,N,nb8,830,-1.295,1.755,2,1
10,3,27,3,N,nb9,830,-1.029,-0.99,1,1
10,3,27,3,N,nb10,830,1.037,0.664,1,1
10,3,27,3,N,nb11,830,0.821,-1.867,1,1
10,3,27,3,N,nb12,830,-0.872,-0.916,2,1
10,3,27,3,N,nb13,830,-0.752,-1.036,1,1
10,3,27,3,N,nb14,830,0.001,-1.727,2,1
10,3,27,3,N,nb15,830,1.378,-1.866,1,1
10,3,27,3,N,nb16,830,-1.469,1.55,1,1
10,3,27,3,N,nb17,830,-1.08,-1.512,0,0
10,3,27,3,N,nb18,830,0.09,-1.387,3,1
10,3,27,3,N,nb19,830,-1.681,-0.361,2,0
10,3,27,3,N,nb20,830,-0.445,1.866,1,1
10,3,27,3,N,nb21,830,1.135,-1.866,2,1
10,3,27,3,N,nb22,830,-1.227,1.599,4,1
10,3,27,3,N,nb23,830,0.147,-1.547,3,1
10,3,27,3,N,nb24,830,-0.253,-0.079,1,1
10,3,27,3,N,nb25,830,-0.414,-0.223,1,1
10,3,27,3,N,nb26,830,-0.059,-1.468,4,1
10,3,27,3,N,nb27,830,0.934,0.8,2,1
10,3,27,3,N,nb28,830,-1.537,-0.45,1,0
10,3,27,3,N,nb29,830,-0.017,-1.255,2,1
10,3,27,3,A,aa0,830,-1.293,-1.342,1,0
10,3,27,3,A,aa1,830,1.1,1.858,0,0
10,3,27,3,A,aa2,830,-1.479,-1.855,0,0
10,3,27,3,N,nb0,835,-1.543,-0.159,1,1
10,3,27,3,N,nb1,835,-1.048,1.444,1,0
10,3,27,3,N,nb2,835,-0.683,1.865,2,1
10,3,27,3,N,nb3,835,0.978,-1.678,2,1
10,3,27,3,N,nb4,835,0.794,0.901,1,1
10,3,27,3,N,nb5,835,-0.161,-1.676,2,0
10,3,27,3,N,nb6,835,-0.922,1.866,2,1
10,3,27,3,N,nb7,835,-1.118,1.728,3,1
10,3,27,3,N,nb8,835,-1.295,1.755,2,1
10,3,27,3,N,nb9,835,-1.029,-0.99,1,1
10,3,27,3,N,nb10,835,1.037,0.664,1,1
10,3,27,3,N,nb11,835,0.821,-1.867,1,1
10,3,27,3,N,nb12,835,-0.872,-0.916,2,1
10,3,27,3,N,nb13,835,-0.752,-1.036,1,1
10,3,27,3,N,nb14,835,0.001,-1.727,2,0
10,3,27,3,N,nb15,835,1.378,-1.866,1,1
10,3,27,3,N,nb16,835,-1.469,1.55,1,0
10,3,27,3,N,nb17,835,-1.164,-1.566,0,0
10,3,27,3,N,nb18,835,0.09,-1.387,3,1
10,3,27,3,N,nb19,835,-1.681,-0.361,2,1
10,3,27,3,N,nb20,835,-0.445,1.866,1,1
10,3,27,3,N,nb21,835,1.135,-1.866,2,1
10,3,27,3,N,nb22,835,-1.227,1.599,4,1
10,3,27,3,N,nb23,835,0.147,-1.547,3,1
10,3,27,3,N,nb24,835,-0.253,-0.079,1,1
10,3,27,3,N,nb25,835,-0.414,-0.223,1,1
10,3,27,3,N,nb26,835,-0.059,-1.468,4,1
10,3,27,3,N,nb27,835,0.934,0.8,2,1
10,3,27,3,N,nb28,835,-1.537,-0.45,1,1
10,3,27,3,N,nb29,835,-0.017,-1.255,2,1
10,3,27,3,A,aa0,835,-1.392,-1.331,1,0
10,3,27,3,A,aa1,835,1.047,1.866,0,0
10,3,27,3,A,aa2,835,-1.57,-1.836,0,0
10,3,27,3,N,nb0,840,-1.543,-0.159,1,1
10,3,27,3,N,nb1,840,-1.048,1.444,1,1
10,3,27,3,N,nb2,840,-0.683,1.865,2,1
10,3,27,3,N,nb3,840,0.978,-1.678,2,1
10,3,27,3,N,nb4,840,0.794,0.901,1,1
10,3,27,3,N,nb5,840,-0.161,-1.676,2,1
10,3,27,3,N,nb6,840,-0.922,1.866,2,1
10,3,27,3,N,nb7,840,-1.118,1.728,3,1
10,3,27,3,N,nb8,840,-1.295,1.755,2,1
10,3,27,3,N,nb9,840,-1.029,-0.99,1,1
10,3,27,3,N,nb10,840,1.037,0.664,1,1
10,3,27,3,N,nb11,840,0.821,-1.867,1,1
10,3,27,3,N,nb12,840,-0.872,-0.916,2,0
10,3,27,3,N,nb13,840,-0.752,-1.036,1,1
10,3,27,3,N,nb14,840,0.001,-1.727,2,1
10,3,27,3,N,nb15,840,1.378,-1.866,1,1
10,3,27,3,N,nb16,840,-1.469,1.55,1,1
10,3,27,3,N,nb17,840,-1.248,-1.621,0,0
10,3,27,3,N,nb18,840,0.09,-1.387,3,1
10,3,27,3,N,nb19,840,-1.681,-0.361,2,1
10,3,27,3,N,nb20,840,-0.445,1.866,1,1
10,3,27,3,N,nb21,840,1.135,-1.866,2,1
10,3,27,3,N,nb22,840,-1.227,1.599,4,1
10,3,27,3,N,nb23,840,0.147,-1.547,3,1
10,3,27,3,N,nb24,840,-0.253,-0.079,1,1
10,3,27,3,N,nb25,840,-0.414,-0.223,1,1
10,3,27,3,N,nb26,840,-0.059,-1.468,4,1
10,3,27,3,N,nb27,840,0.934,0.8,2,1
10,3,27,3,N,nb28,840,-1.537,-0.45,1,1
10,3,27,3,N,nb29,840,-0.017,-1.255,2,1
10,3,27,3,A,aa0,840,-1.491,-1.32,1,0
10,3,27,3,A,aa1,840,0.983,1.866,0,0
10,3,27,3,A,aa2,840,-1.66,-1.809,0,0
10,3,27,3,N,nb0,845,-1.543,-0.159,1,1
10,3,27,3,N,nb1,845,-1.048,1.444,1,1
10,3,27,3,N,nb2,845,-0.683,1.865,2,1
10,3,27,3,N,nb3,845,0.978,-1.678,2,1
10,3,27,3,N,nb4,845,0.794,0.901,1,1
10,3,27,3,N,nb5,845,-0.161,-1.676,2,1
10,3,27,3,N,nb6,845,-0.922,1.866,2,1
10,3,27,3,N,nb7,845,-1.118,1.728,3,1
10,3,27,3,N,nb8,845,-1.295,1.755,2,1
10,3,27,3,N,nb9,845,-1.029,-0.99,1,1
10,3,27,3,N,nb10,845,1.037,0.664,1,1
10,3,27,3,N,nb11,845,0.821,-1.867,1,1
10,3,27,3,N,nb12,845,-0.872,-0.916,2,1
10,3,27,3,N,nb13,845,-0.752,-1.036,1,1
10,3,27,3,N,nb14,845,0.001,-1.727,2,1
10,3,27,3,N,nb15,845,1.378,-1.866,1,1
10,3,27,3,N,nb16,845,-1.469,1.55,1,1
10,3,27,3,N,nb17,845,-1.332,-1.675,0,0
10,3,27,3,N,nb18,845,0.09,-1.387,3,1
10,3,27,3,N,nb19,845,-1.681,-0.361,2,1
10,3,27,3,N,nb20,845,-0.445,1.866,1,1
10,3,27,3,N,nb21,845,1.135,-1.866,2,1
10,3,27,3,N,nb22,845,-1.227,1.599,4,1
10,3,27,3,N,nb23,845,0.147,-1.547,3,1
10,3,27,3,N,nb24,845,-0.253,-0.079,1,1
10,3,27,3,N,nb25,845,-0.414,-0.223,1,0
10,3,27,3,N,nb26,845,-0.059,-1.468,4,1
10,3,27,3,N,nb27,845,0.934,0.8,2,1
10,3,27,3,N,nb28,845,-1.537,-0.45,1,1
10,3,27,3,N,nb29,845,-0.017,-1.255,2,1
10,3,27,3,A,aa0,845,-1.591,-1.309,0,0
10,3,27,3,A,aa1,845,0.909,1.866,0,0
10,3,27,3,A,aa2,845,-1.747,-1.774,0,0
10,3,27,3,N,nb0,850,-1.543,-0.159,1,1
10,3,27,3,N,nb1,850,-1.048,1.444,1,1
10,3,27,3,N,nb2,850,-0.683,1.865,2,1
10,3,27,3,N,nb3,850,0.978,-1.678,2,1
10,3,27,3,N,nb4,850,0.794,0.901,1,1
10,3,27,3,N,nb5,850,-0.161,-1.676,2,1
10,3,27,3,N,nb6,850,-0.922,1.866,2,1
10,3,27,3,N,nb7,850,-1.118,1.728,3,1
10,3,27,3,N,nb8,850,-1.295,1.755,2,1
10,3,27,3,N,nb9,850,-1.029,-0.99,1,1
10,3,27,3,N,nb10,850,1.037,0.664,1,1
10,3,27,3,N,nb11,850,0.821,-1.867,1,1
10,3,27,3,N,nb12,850,-0.872,-0.916,2,1
10,3,27,3,N,nb13,850,-0.752,-1.036,1,1
10,3,27,3,N,nb14,850,0.001,-1.727,2,1
10,3,27,3,N,nb15,850,1.378,-1.866,1,1
10,3,27,3,N,nb16,850,-1.469,1.55,1,1
10,3,27,3,N,nb17,850,-1.416,-1.729,0,0
10,3,27,3,N,nb18,850,0.09,-1.387,3,1
10,3,27,3,N,nb19,850,-1.681,-0.361,2,1
10,3,27,3,N,nb20,850,-0.445,1.866,1,1
10,3,27,3,N,nb21,850,1.135,-1.866,2,1
10,3,27,3,N,nb22,850,-1.227,1.599,4,1
10,3,27,3,N,nb23,850,0.147,-1.547,3,1
10,3,27,3,N,nb24,850,-0.253,-0.079,1,1
10,3,27,3,N,nb25,850,-0.414,-0.223,1,1
10,3,27,3,N,nb26,850,-0.059,-1.468,4,1
10,3,27,3,N,nb27,850,0.934,0.8,2,1
10,3,27,3,N,nb28,850,-1.537,-0.45,1,1
10,3,27,3,N,nb29,850,-0.017,-1.255,2,1
10,3,27,3,A,aa0,850,-1.69,-1.298,0,0
10,3,27,3,A,aa1,850,0.828,1.866,0,0
10,3,27,3,A,aa2,850,-1.827,-1.733,0,0
10,3,27,3,N,nb0,855,-1.543,-0.159,1,1
10,3,27,3,N,nb1,855,-1.048,1.444,1,1
10,3,27,3,N,nb2,855,-0.683,1.865,2,1
10,3,27,3,N,nb3,855,0.978,-1.678,2,1
10,3,27,3,N,nb4,855,0.794,0.901,1,1
10,3,27,3,N,nb5,855,-0.161,-1.676,2,1
10,3,27,3,N,nb6,855,-0.922,1.866,2,1
10,3,27,3,N,nb7,855,-1.118,1.728,3,1
10,3,27,3,N,nb8,855,-1.295,1.755,2,1
10,3,27,3,N,nb9,855,-1.029,-0.99,1,0
10,3,27,3,N,nb10,855,1.037,0.664,1,1
10,3,27,3,N,nb11,855,0.821,-1.867,1,1
10,3,27,3,N,nb12,855,-0.872,-0.916,2,1
10,3,27,3,N,nb13,855,-0.752,-1.036,1,0
10,3,27,3,N,nb14,855,0.001,-1.727,2,1
10,3,27,3,N,nb15,855,1.378,-1.866,1,1
10,3,27,3,N,nb16,855,-1.469,1.55,1,1
10,3,27,3,N,nb17,855,-1.498,-1.783,0,0
10,3,27,3,N,nb18,855,0.09,-1.387,3,1
10,3,27,3,N,nb19,855,-1.681,-0.361,2,1
10,3,27,3,N,nb20,855,-0.445,1.866,1,1
10,3,27,3,N,nb21,855,1.135,-1.866,2,1
10,3,27,3,N,nb22,855,-1.227,1.599,4,1
10,3,27,3,N,nb23,855,0.147,-1.547,3,1
10,3,27,3,N,nb24,855,-0.253,-0.079,1,1
10,3,27,3,N,nb25,855,-0.414,-0.223,1,1
10,3,27,3,N,nb26,855,-0.059,-1.468,4,1
10,3,27,3,N,nb27,855,0.934,0.8,2,1
10,3,27,3,N,nb28,855,-1.537,-0.45,1,1
10,3,27,3,N,nb29,855,-0.017,-1.255,2,1
10,3,27,3,A,aa0,855,-1.787,-1.287,0,0
10,3,27,3,A,aa1,855,0.741,1.866,0,0
10,3,27,3,A,aa2,855,-1.865,-1.682,0,0
10,3,27,3,N,nb0,860,-1.543,-0.159,1,1
10,3,27,3,N,nb1,860,-1.048,1.444,1,1
10,3,27,3,N,nb2,860,-0.683,1.865,2,1
10,3,27,3,N,nb3,860,0.978,-1.678,2,1
10,3,27,3,N,nb4,860,0.794,0.901,1,1
10,3,27,3,N,nb5,860,-0.161,-1.676,2,1
10,3,27,3,N,nb6,860,-0.922,1.866,2,1
10,3,27,3,N,nb7,860,-1.118,1.728,3,1
10,3,27,3,N,nb8,860,-1.295,1.755,2,1
10,3,27,3,N,nb9,860,-1.029,-0.99,1,1
10,3,27,3,N,nb10,860,1.037,0.664,1,1
10,3,27,3,N,nb11,860,0.821,-1.867,1,0
10,3,27,3,N,nb12,860,-0.872,-0.916,2,1
10,3,27,3,N,nb13,860,-0.752,-1.036,1,1
10,3,27,3,N,nb14,860,0.001,-1.727,2,1
10,3,27,3,N,nb15,860,1.378,-1.866,1,1
10,3,27,3,N,nb16,860,-1.469,1.55,1,1
10,3,27,3,N,nb17,860,-1.578,-1.825,0,0
10,3,27,3,N,nb18,860,0.09,-1.387,3,1
10,3,27,3,N,nb19,860,-1.681,-0.361,2,1
10,3,27,3,N,nb20,860,-0.445,1.866,1,1
10,3,27,3,N,nb21,860,1.135,-1.866,2,1
10,3,27,3,N,nb22,860,-1.227,1.599,4,1
10,3,27,3,N,nb23,860,0.147,-1.547,3,1
10,3,27,3,N,nb24,860,-0.253,-0.079,1,1
10,3,27,3,N,nb25,860,-0.414,-0.223,1,1
10,3,27,3,N,nb26,860,-0.059,-1.468,4,1
10,3,27,3,N,nb27,860,0.934,0.8,2,1
10,3,27,3,N,nb28,860,-1.537,-0.45,1,1
10,3,27,3,N,nb29,860,-0.017,-1.255,2,1
10,3,27,3,A,aa0,860,-1.865,-1.268,0,0
10,3,27,3,A,aa1,860,0.739,1.866,0,0
10,3,27,3,A,aa2,860,-1.865,-1.622,0,0
10,3,27,3,N,nb0,865,-1.543,-0.159,1,0
10,3,27,3,N,nb1,865,-1.048,1.444,1,1
10,3,27,3,N,nb2,865,-0.683,1.865,2,1
10,3,27,3,N,nb3,865,0.978,-1.678,2,1
10,3,27,3,N,nb4,865,0.794,0.901,1,1
10,3,27,3,N,nb5,865,-0.161,-1.676,2,1
10,3,27,3,N,nb6,865,-0.922,1.866,2,1
10,3,27,3,N,nb7,865,-1.118,1.728,3,1
10,3,27,3,N,nb8,865,-1.295,1.755,2,1
10,3,27,3,N,nb9,865,-1.029,-0.99,1,1
10,3,27,3,N,nb10,865,1.037,0.664,1,1
10,3,27,3,N,nb11,865,0.821,-1.867,1,1
10,3,27,3,N,nb12,865,-0.872,-0.916,2,1
10,3,27,3,N,nb13,865,-0.752,-1.036,1,1
10,3,27,3,N,nb14,865,0.001,-1.727,2,1
10,3,27,3,N,nb15,865,1.378,-1.866,1,1
10,3,27,3,N,nb16,865,-1.469,1.55,1,1
10,3,27,3,N,nb17,865,-1.662,-1.856,0,0
10,3,27,3,N,nb18,865,0.09,-1.387,3,1
10,3,27,3,N,nb19,865,-1.681,-0.361,2,1
10,3,27,3,N,nb20,865,-0.445,1.866,1,1
10,3,27,3,N,nb21,865,1.135,-1.866,2,1
10,3,27,3,N,nb22,865,-1.227,1.599,4,1
10,3,27,3,N,nb23,865,0.147,-1.547,3,1
10,3,27,3,N,nb24,865,-0.253,-0.079,1,1
10,3,27,3,N,nb25,865,-0.414,-0.223,1,1
10,3,27,3,N,nb26,865,-0.059,-1.468,4,1
10,3,27,3,N,nb27,865,0.934,0.8,2,1
10,3,27,3,N,nb28,865,-1.537,-0.45,1,1
10,3,27,3,N,nb29,865,-0.017,-1.255,2,1
10,3,27,3,A,aa0,865,-1.865,-1.238,0,0
10,3,27,3,A,aa1,865,0.661,1.816,0,0
10,3,27,3,A,aa2,865,-1.865,-1.551,0,0
10,3,27,3,N,nb0,870,-1.543,-0.159,1,1
10,3,27,3,N,nb1,870,-1.048,1.444,1,1
10,3,27,3,N,nb2,870,-0.683,1.865,2,1
10,3,27,3,N,nb3,870,0.978,-1.678,2,1
10,3,27,3,N,nb4,870,0.794,0.901,1,1
10,3,27,3,N,nb5,870,-0.161,-1.676,2,1
10,3,27,3,N,nb6,870,-0.922,1.866,2,1
10,3,27,3,N,nb7,870,-1.118,1.728,3,1
10,3,27,3,N,nb8,870,-1.295,1.755,2,1
10,3,27,3,N,nb9,870,-1.029,-0.99,1,1
10,3,27,3,N,nb10,870,1.037,0.664,1,1
10,3,27,3,N,nb11,870,0.821,-1.867,1,1
10,3,27,3,N,nb12,870,-0.872,-0.916,2,1
10,3,27,3,N,nb13,870,-0.752,-1.036,1,1
10,3,27,3,N,nb14,870,0.001,-1.727,2,1
10,3,27,3,N,nb15,870,1.378,-1.866,1,1
10,3,27,3,N,nb16,870,-1.469,1.55,1,1
10,3,27,3,N,nb17,870,-1.751,-1.865,0,0
10,3,27,3,N,nb18,870,0.09,-1.387,3,1
10,3,27,3,N,nb19,870,-1.681,-0.361,2,1
10,3,27,3,N,nb20,870,-0.445,1.866,1,1
10,3,27,3,N,nb21,870,1.135,-1.866,2,1
10,3,27,3,N,nb22,870,-1.227,1.599,4,1
10,3,27,3,N,nb23,870,0.147,-1.547,3,1
10,3,27,3,N,nb24,870,-0.253,-0.079,1,1
10,3,27,3,N,nb25,870,-0.414,-0.223,1,1
10,3,27,3,N,nb26,870,-0.059,-1.468,4,1
10,3,27,3,N,nb27,870,0.934,0.8,2,1
10,3,27,3,N,nb28,870,-1.537,-0.45,1,1
10,3,27,3,N,nb29,870,-0.017,-1.255,2,1
10,3,27,3,A,aa0,870,-1.865,-1.192,0,0
10,3,27,3,A,aa1,870,0.585,1.759,0,0
10,3,27,3,A,aa2,870,-1.865,-1.472,0,0
10,3,27,3,N,nb0,875,-1.543,-0.159,1,1
10,3,27,3,N,nb1,875,-1.048,1.444,1,1
10,3,27,3,N,nb2,875,-0.683,1.865,2,1
10,3,27,3,N,nb3,875,0.978,-1.678,2,1
10,3,27,3,N,nb4,875,0.794,0.901,1,1
10,3,27,3,N,nb5,875,-0.161,-1.676,2,1
10,3,27,3,N,nb6,875,-0.922,1.866,2,1
10,3,27,3,N,nb7,875,-1.118,1.728,3,1
10,3,27,3,N,nb8,875,-1.295,1.755,2,1
10,3,27,3,N,nb9,875,-1.029,-0.99,1,1
10,3,27,3,N,nb10,875,1.037,0.664,1,1
10,3,27,3,N,nb11,875,0.821,-1.867,1,1
10,3,27,3,N,nb12,875,-0.872,-0.916,2,1
10,3,27,3,N,nb13,875,-0.752,-1.036,1,1
10,3,27,3,N,nb14,875,0.001,-1.727,2,1
10,3,27,3,N,nb15,875,1.378,-1.866,1,1
10,3,27,3,N,nb16,875,-1.469,1.55,1,1
10,3,27,3,N,nb17,875,-1.841,-1.865,0,0
10,3,27,3,N,nb18,875,0.09,-1.387,3,1
10,3,27,3,N,nb19,875,-1.681,-0.361,2,1
10,3,27,3,N,nb20,875,-0.445,1.866,1,1
10,3,27,3,N,nb21,875,1.135,-1.866,2,1
10,3,27,3,N,nb22,875,-1.227,1.599,4,1
10,3,27,3,N,nb23,875,0.147,-1.547,3,1
10,3,27,3,N,nb24,875,-0.253,-0.079,1,1
10,3,27,3,N,nb25,875,-0.414,-0.223,1,1
10,3,27,3,N,nb26,875,-0.059,-1.468,4,1
10,3,27,3,N,nb27,875,0.934,0.8,2,1
10,3,27,3,N,nb28,875,-1.537,-0.45,1,1
10,3,27,3,N,nb29,875,-0.017,-1.255,2,1
10,3,27,3,A,aa0,875,-1.865,-1.134,0,0
10,3,27,3,A,aa1,875,0.508,1.696,0,0
10,3,27,3,A,aa2,875,-1.865,-1.388,0,0
10,3,27,3,N,nb0,880,-1.543,-0.159,1,1
10,3,27,3,N,nb1,880,-1.048,1.444,1,1
10,3,27,3,N,nb2,880,-0.683,1.865,2,1
10,3,27,3,N,nb3,880,0.978,-1.678,2,1
10,3,27,3,N,nb4,880,0.794,0.901,1,1
10,3,27,3,N,nb5,880,-0.161,-1.676,2,1
10,3,27,3,N,nb6,880,-0.922,1.866,2,1
10,3,27,3,N,nb7,880,-1.118,1.728,3,1
10,3,27,3,N,nb8,880,-1.295,1.755,2,1
10,3,27,3,N,nb9,880,-1.029,-0.99,1,1
10,3,27,3,N,nb10,880,1.037,0.664,1,1
10,3,27,3,N,nb11,880,0.821,-1.867,1,1
10,3,27,3,N,nb12,880,-0.872,-0.916,2,1
10,3,27,3,N,nb13,880,-0.752,-1.036,1,1
10,3,27,3,N,nb14,880,0.001,-1.727,2,1
10,3,27,3,N,nb15,880,1.378,-1.866,1,1
10,3,27,3,N,nb16,880,-1.469,1.55,1,1
10,3,27,3,N,nb17,880,-1.866,-1.864,0,0
10,3,27,3,N,nb18,880,0.09,-1.387,3,1
10,3,27,3,N,nb19,880,-1.681,-0.361,2,1
10,3,27,3,N,nb20,880,-0.445,1.866,1,1
10,3,27,3,N,nb21,880,1.135,-1.866,2,1
10,3,27,3,N,nb22,880,-1.227,1.599,4,1
10,3,27,3,N,nb23,880,0.147,-1.547,3,1
10,3,27,3,N,nb24,880,-0.253,-0.079,1,1
10,3,27,3,N,nb25,880,-0.414,-0.223,1,1
10,3,27,3,N,nb26,880,-0.059,-1.468,4,1
10,3,27,3,N,nb27,880,0.934,0.8,2,1
10,3,27,3,N,nb28,880,-1.537,-0.45,1,1
10,3,27,3,N,nb29,880,-0.017,-1.255,2,1
10,3,27,3,A,aa0,880,-1.865,-1.065,0,0
10,3,27,3,A,aa1,880,0.43,1.633,0,0
10,3,27,3,A,aa2,880,-1.865,-1.299,0,0
10,3,27,3,N,nb0,885,-1.543,-0.159,1,1
10,3,27,3,N,nb1,885,-1.048,1.444,1,1
10,3,27,3,N,nb2,885,-0.683,1.865,2,1
10,3,27,3,N,nb3,885,0.978,-1.678,2,1
10,3,27,3,N,nb4,885,0.794,0.901,1,1
10,3,27,3,N,nb5,885,-0.161,-1.676,2,1
10,3,27,3,N,nb6,885,-0.922,1.866,2,1
10,3,27,3,N,nb7,885,-1.118,1.728,3,1
10,3,27,3,N,nb8,885,-1.295,1.755,2,1
10,3,27,3,N,nb9,885,-1.029,-0.99,1,1
10,3,27,3,N,nb10,885,1.037,0.664,1,1
10,3,27,3,N,nb11,885,0.821,-1.867,1,1
10,3,27,3,N,nb12,885,-0.872,-0.916,2,1
10,3,27,3,N,nb13,885,-0.752,-1.036,1,1
10,3,27,3,N,nb14,885,0.001,-1.727,2,1
10,3,27,3,N,nb15,885,1.378,-1.866,1,1
10,3,27,3,N,nb16,885,-1.469,1.55,1,1
10,3,27,3,N,nb17,885,-1.866,-1.853,0,0
10,3,27,3,N,nb18,885,0.09,-1.387,3,1
10,3,27,3,N,nb19,885,-1.681,-0.361,2,1
10,3,27,3,N,nb20,885,-0.445,1.866,1,1
10,3,27,3,N,nb21,885,1.135,-1.866,2,1
10,3,27,3,N,nb22,885,-1.227,1.599,4,1
10,3,27,3,N,nb23,885,0.147,-1.547,3,1
10,3,27,3,N,nb24,885,-0.253,-0.079,1,1
10,3,27,3,N,nb25,885,-0.414,-0.223,1,1
10,3,27,3,N,nb26,885,-0.059,-1.468,4,1
10,3,27,3,N,nb27,885,0.934,0.8,2,1
10,3,27,3,N,nb28,885,-1.537,-0.45,1,1
10,3,27,3,N,nb29,885,-0.017,-1.255,2,1
10,3,27,3,A,aa0,885,-1.865,-0.987,0,0
10,3,27,3,A,aa1,885,0.353,1.57,0,0
10,3,27,3,A,aa2,885,-1.865,-1.208,0,0
10,3,27,3,N,nb0,890,-1.543,-0.159,1,1
10,3,27,3,N,nb1,890,-1.048,1.444,1,1
10,3,27,3,N,nb2,890,-0.683,1.865,2,1
10,3,27,3,N,nb3,890,0.978,-1.678,2,1
10,3,27,3,N,nb4,890,0.794,0.901,1,1
10,3,27,3,N,nb5,890,-0.161,-1.676,2,1
10,3,27,3,N,nb6,890,-0.922,1.866,2,1
10,3,27,3,N,nb7,890,-1.118,1.728,3,1
10,3,27,3,N,nb8,890,-1.295,1.755,2,1
10,3,27,3,N,nb9,890,-1.029,-0.99,1,1
10,3,27,3,N,nb10,890,1.037,0.664,1,1
10,3,27,3,N,nb11,890,0.821,-1.867,1,1
10,3,27,3,N,nb12,890,-0.872,-0.916,2,1
10,3,27,3,N,nb13,890,-0.752,-1.036,1,1
10,3,27,3,N,nb14,890,0.001,-1.727,2,1
10,3,27,3,N,nb15,890,1.378,-1.866,1,1
10,3,27,3,N,nb16,890,-1.469,1.55,1,1
10,3,27,3,N,nb17,890,-1.866,-1.829,0,0
10,3,27,3,N,nb18,890,0.09,-1.387,3,1
10,3,27,3,N,nb19,890,-1.681,-0.361,2,1
10,3,27,3,N,nb20,890,-0.445,1.866,1,1
10,3,27,3,N,nb21,890,1.135,-1.866,2,1
10,3,27,3,N,nb22,890,-1.227,1.599,4,1
10,3,27,3,N,nb23,890,0.147,-1.547,3,1
10,3,27,3,N,nb24,890,-0.253,-0.079,1,1
10,3,27,3,N,nb25,890,-0.414,-0.223,1,1
10,3,27,3,N,nb26,890,-0.059,-1.468,4,1
10,3,27,3,N,nb27,890,0.934,0.8,2,1
10,3,27,3,N,nb28,890,-1.537,-0.45,1,1
10,3,27,3,N,nb29,890,-0.017,-1.255,2,1
10,3,27,3,A,aa0,890,-1.865,-0.903,2,0
10,3,27,3,A,aa1,890,0.275,1.507,0,0
10,3,27,3,A,aa2,890,-1.858,-1.116,0,0
10,3,27,3,N,nb0,895,-1.543,-0.159,1,1
10,3,27,3,N,nb1,895,-1.048,1.444,1,1
10,3,27,3,N,nb2,895,-0.683,1.865,2,1
10,3,27,3,N,nb3,895,0.978,-1.678,2,1
10,3,27,3,N,nb4,895,0.794,0.901,1,1
10,3,27,3,N,nb5,895,-0.161,-1.676,2,1
10,3,27,3,N,nb6,895,-0.922,1.866,2,1
10,3,27,3,N,nb7,895,-1.118,1.728,3,1
10,3,27,3,N,nb8,895,-1.295,1.755,2,1
10,3,27,3,N,nb9,895,-1.029,-0.99,1,1
10,3,27,3,N,nb10,895,1.037,0.664,1,1
10,3,27,3,N,nb11,895,0.821,-1.867,1,1
10,3,27,3,N,nb12,895,-0.872,-0.916,2,1
10,3,27,3,N,nb13,895,-0.752,-1.036,1,1
10,3,27,3,N,nb14,895,0.001,-1.727,2,1
10,3,27,3,N,nb15,895,1.378,-1.866,1,1
10,3,27,3,N,nb16,895,-1.469,1.55,1,1
10,3,27,3,N,nb17,895,-1.866,-1.792,0,0
10,3,27,3,N,nb18,895,0.09,-1.387,3,1
10,3,27,3,N,nb19,895,-1.681,-0.361,2,1
10,3,27,3,N,nb20,895,-0.445,1.866,1,1
10,3,27,3,N,nb21,895,1.135,-1.866,2,1
10,3,27,3,N,nb22,895,-1.227,1.599,4,1
10,3,27,3,N,nb23,895,0.147,-1.547,3,1
10,3,27,3,N,nb24,895,-0.253,-0.079,1,1
10,3,27,3,N,nb25,895,-0.414,-0.223,1,1
10,3,27,3,N,nb26,895,-0.059,-1.468,4,1
10,3,27,3,N,nb27,895,0.934,0.8,2,1
10,3,27,3,N,nb28,895,-1.537,-0.45,1,1
10,3,27,3,N,nb29,895,-0.017,-1.255,2,1
10,3,27,3,A,aa0,895,-1.865,-0.815,2,0
10,3,27,3,A,aa1,895,0.197,1.443,0,0
10,3,27,3,A,aa2,895,-1.84,-1.026,0,0
10,3,27,3,N,nb0,900,-1.543,-0.159,1,1
10,3,27,3,N,nb1,900,-1.048,1.444,1,1
10,3,27,3,N,nb2,900,-0.683,1.865,2,1
10,3,27,3,N,nb3,900,0.978,-1.678,2,1
10,3,27,3,N,nb4,900,0.794,0.901,1,1
10,3,27,3,N,nb5,900,-0.161,-1.676,2,1
10,3,27,3,N,nb6,900,-0.922,1.866,2,1
10,3,27,3,N,nb7,900,-1.118,1.728,3,0
10,3,27,3,N,nb8,900,-1.295,1.755,2,0
10,3,27,3,N,nb9,900,-1.029,-0.99,1,1
10,3,27,3,N,nb10,900,1.037,0.664,1,1
10,3,27,3,N,nb11,900,0.821,-1.867,1,1
10,3,27,3,N,nb12,900,-0.872,-0.916,2,1
10,3,27,3,N,nb13,900,-0.752,-1.036,1,1
10,3,27,3,N,nb14,900,0.001,-1.727,2,1
10,3,27,3,N,nb15,900,1.378,-1.866,1,1
10,3,27,3,N,nb16,900,-1.469,1.55,1,1
10,3,27,3,N,nb17,900,-1.866,-1.741,0,0
10,3,27,3,N,nb18,900,0.09,-1.387,3,0
10,3,27,3,N,nb19,900,-1.681,-0.361,2,1
10,3,27,3,N,nb20,900,-0.445,1.866,1,1
10,3,27,3,N,nb21,900,1.135,-1.866,2,1
10,3,27,3,N,nb22,900,-1.227,1.599,4,1
10,3,27,3,N,nb23,900,0.147,-1.547,3,0
10,3,27,3,N,nb24,900,-0.253,-0.079,1,1
10,3,27,3,N,nb25,900,-0.414,-0.223,1,1
10,3,27,3,N,nb26,900,-0.059,-1.468,4,1
10,3,27,3,N,nb27,900,0.934,0.8,2,1
10,3,27,3,N,nb28,900,-1.537,-0.45,1,1
10,3,27,3,N,nb29,900,-0.017,-1.255,2,1
10,3,27,3,A,aa0,900,-1.865,-0.724,2,0
10,3,27,3,A,aa1,900,0.12,1.38,0,0
10,3,27,3,A,aa2,900,-1.812,-0.939,2,0
10,3,27,3,N,nb0,905,-1.543,-0.159,1,1
10,3,27,3,N,nb1,905,-1.048,1.444,1,1
10,3,27,3,N,nb2,905,-0.683,1.865,2,1
10,3,27,3,N,nb3,905,0.978,-1.678,2,1
10,3,27,3,N,nb4,905,0.794,0.901,1,1
10,3,27,3,N,nb5,905,-0.161,-1.676,2,1
10,3,27,3,N,nb6,905,-0.922,1.866,2,1
10,3,27,3,N,nb7,905,-1.118,1.728,3,1
10,3,27,3,N,nb8,905,-1.295,1.755,2,1
10,3,27,3,N,nb9,905,-1.029,-0.99,1,1
10,3,27,3,N,nb10,905,1.037,0.664,1,1
10,3,27,3,N,nb11,905,0.821,-1.867,1,1
10,3,27,3,N,nb12,905,-0.872,-0.916,2,1
10,3,27,3,N,nb13,905,-0.752,-1.036,1,1
10,3,27,3,N,nb14,905,0.001,-1.727,2,1
10,3,27,3,N,nb15,905,1.378,-1.866,1,1
10,3,27,3,N,nb16,905,-1.469,1.55,1,1
10,3,27,3,N,nb17,905,-1.866,-1.679,0,0
10,3,27,3,N,nb18,905,0.09,-1.387,3,1
10,3,27,3,N,nb19,905,-1.681,-0.361,2,1
10,3,27,3,N,nb20,905,-0.445,1.866,1,1
10,3,27,3,N,nb21,905,1.135,-1.866,2,1
10,3,27,3,N,nb22,905,-1.227,1.599,4,1
10,3,27,3,N,nb23,905,0.147,-1.547,3,1
10,3,27,3,N,nb24,905,-0.253,-0.079,1,1
10,3,27,3,N,nb25,905,-0.414,-0.223,1,1
10,3,27,3,N,nb26,905,-0.059,-1.468,4,1
10,3,27,3,N,nb27,905,0.934,0.8,2,1
10,3,27,3,N,nb28,905,-1.537,-0.45,1,1
10,3,27,3,N,nb29,905,-0.017,-1.255,2,1
10,3,27,3,A,aa0,905,-1.863,-0.631,2,0
10,3,27,3,A,aa1,905,0.042,1.317,0,0
10,3,27,3,A,aa2,905,-1.774,-0.855,2,0
10,3,27,3,N,nb0,910,-1.543,-0.159,1,1
10,3,27,3,N,nb1,910,-1.048,1.444,1,1
10,3,27,3,N,nb2,910,-0.683,1.865,2,1
10,3,27,3,N,nb3,910,0.978,-1.678,2,1
10,3,27,3,N,nb4,910,0.794,0.901,1,1
10,3,27,3,N,nb5,910,-0.161,-1.676,2,1
10,3,27,3,N,nb6,910,-0.922,1.866,2,1
10,3,27,3,N,nb7,910,-1.118,1.728,3,1
10,3,27,3,N,nb8,910,-1.295,1.755,2,1
10,3,27,3,N,nb9,910,-1.029,-0.99,1,1
10,3,27,3,N,nb10,910,1.037,0.664,1,1
10,3,27,3,N,nb11,910,0.821,-1.867,1,1
10,3,27,3,N,nb12,910,-0.872,-0.916,2,1
10,3,27,3,N,nb13,910,-0.752,-1.036,1,1
10,3,27,3,N,nb14,910,0.001,-1.727,2,1
10,3,27,3,N,nb15,910,1.378,-1.866,1,1
10,3,27,3,N,nb16,910,-1.469,1.55,1,1
10,3,27,3,N,nb17,910,-1.866,-1.607,0,0
10,3,27,3,N,nb18,910,0.09,-1.387,3,1
10,3,27,3,N,nb19,910,-1.681,-0.361,2,1
10,3,27,3,N,nb20,910,-0.445,1.866,1,1
10,3,27,3,N,nb21,910,1.135,-1.866,2,1
10,3,27,3,N,nb22,910,-1.227,1.599,4,1
10,3,27,3,N,nb23,910,0.147,-1.547,3,1
10,3,27,3,N,nb24,910,-0.253,-0.079,1,1
10,3,27,3,N,nb25,910,-0.414,-0.223,1,1
10,3,27,3,N,nb26,910,-0.059,-1.468,4,1
10,3,27,3,N,nb27,910,0.934,0.8,2,1
10,3,27,3,N,nb28,910,-1.537,-0.45,1,1
10,3,27,3,N,nb29,910,-0.017,-1.255,2,0
10,3,27,3,A,aa0,910,-1.852,-0.539,2,0
10,3,27,3,A,aa1,910,-0.035,1.254,0,0
10,3,27,3,A,aa2,910,-1.727,-0.779,2,0
10,3,27,3,N,nb0,915,-1.543,-0.159,1,1
10,3,27,3,N,nb1,915,-1.048,1.444,1,1
10,3,27,3,N,nb2,915,-0.683,1.865,2,1
10,3,27,3,N,nb3,915,0.978,-1.678,2,1
10,3,27,3,N,nb4,915,0.794,0.901,1,1
10,3,27,3,N,nb5,915,-0.161,-1.676,2,1
10,3,27,3,N,nb6,915,-0.922,1.866,2,0
10,3,27,3,N,nb7,915,-1.118,1.728,3,1
10,3,27,3,N,nb8,915,-1.295,1.755,2,1
10,3,27,3,N,nb9,915,-1.029,-0.99,1,1
10,3,27,3,N,nb10,915,1.037,0.664,1,1
10,3,27,3,N,nb11,915,0.821,-1.867,1,1
10,3,27,3,N,nb12,915,-0.872,-0.916,2,1
10,3,27,3,N,nb13,915,-0.752,-1.036,1,1
10,3,27,3,N,nb14,915,0.001,-1.727,2,1
10,3,27,3,N,nb15,915,1.378,-1.866,1,1
10,3,27,3,N,nb16,915,-1.469,1.55,1,1
10,3,27,3,N,nb17,915,-1.866,-1.527,0,0
10,3,27,3,N,nb18,915,0.09,-1.387,3,1
10,3,27,3,N,nb19,915,-1.681,-0.361,2,1
10,3,27,3,N,nb20,915,-0.445,1.866,1,0
10,3,27,3,N,nb21,915,1.135,-1.866,2,1
10,3,27,3,N,nb22,915,-1.227,1.599,4,0
10,3,27,3,N,nb23,915,0.147,-1.547,3,1
10,3,27,3,N,nb24,915,-0.253,-0.079,1,1
10,3,27,3,N,nb25,915,-0.414,-0.223,1,1
10,3,27,3,N,nb26,915,-0.059,-1.468,4,1
10,3,27,3,N,nb27,915,0.934,0.8,2,1
10,3,27,3,N,nb28,915,-1.537,-0.45,1,1
10,3,27,3,N,nb29,915,-0.017,-1.255,2,1
10,3,27,3,A,aa0,915,-1.833,-0.45,2,0
10,3,27,3,A,aa1,915,-0.113,1.191,0,0
10,3,27,3,A,aa2,915,-1.667,-0.699,2,0
10,3,27,3,N,nb0,920,-1.543,-0.159,1,1
10,3,27,3,N,nb1,920,-1.048,1.444,1,1
10,3,27,3,N,nb2,920,-0.683,1.865,2,1
10,3,27,3,N,nb3,920,0.978,-1.678,2,1
10,3,27,3,N,nb4,920,0.794,0.901,1,1
10,3,27,3,N,nb5,920,-0.161,-1.676,2,1
10,3,27,3,N,nb6,920,-0.922,1.866,2,1
10,3,27,3,N,nb7,920,-1.118,1.728,3,1
10,3,27,3,N,nb8,920,-1.295,1.755,2,1
10,3,27,3,N,nb9,920,-1.029,-0.99,1,1
10,3,27,3,N,nb10,920,1.037,0.664,1,1
10,3,27,3,N,nb11,920,0.821,-1.867,1,1
10,3,27,3,N,nb12,920,-0.872,-0.916,2,1
10,3,27,3,N,nb13,920,-0.752,-1.036,1,1
10,3,27,3,N,nb14,920,0.001,-1.727,2,1
10,3,27,3,N,nb15,920,1.378,-1.866,1,1
10,3,27,3,N,nb16,920,-1.469,1.55,1,1
10,3,27,3,N,nb17,920,-1.866,-1.441,0,0
10,3,27,3,N,nb18,920,0.09,-1.387,3,1
10,3,27,3,N,nb19,920,-1.675,-0.352,2,1
10,3,27,3,N,nb20,920,-0.445,1.866,1,1
10,3,27,3,N,nb21,920,1.135,-1.866,2,1
10,3,27,3,N,nb22,920,-1.227,1.599,4,1
10,3,27,3,N,nb23,920,0.147,-1.547,3,1
10,3,27,3,N,nb24,920,-0.253,-0.079,1,1
10,3,27,3,N,nb25,920,-0.414,-0.223,1,1
10,3,27,3,N,nb26,920,-0.059,-1.468,4,1
10,3,27,3,N,nb27,920,0.934,0.8,2,1
10,3,27,3,N,nb28,920,-1.537,-0.45,1,1
10,3,27,3,N,nb29,920,-0.017,-1.255,2,1
10,3,27,3,A,aa0,920,-1.839,-0.396,1,0
10,3,27,3,A,aa1,920,-0.19,1.128,0,0
10,3,27,3,A,aa2,920,-1.611,-0.631,2,0
10,3,27,3,N,nb0,925,-1.543,-0.159,1,1
10,3,27,3,N,nb1,925,-1.048,1.444,1,1
10,3,27,3,N,nb2,925,-0.683,1.865,2,1
10,3,27,3,N,nb3,925,0.978,-1.678,2,1
10,3,27,3,N,nb4,925,0.794,0.901,1,1
10,3,27,3,N,nb5,925,-0.161,-1.676,2,1
10,3,27,3,N,nb6,925,-0.922,1.866,2,1
10,3,27,3,N,nb7,925,-1.118,1.728,3,1
10,3,27,3,N,nb8,925,-1.295,1.755,2,1
10,3,27,3,N,nb9,925,-1.029,-0.99,1,1
10,3,27,3,N,nb10,925,1.037,0.664,1,1
10,3,27,3,N,nb11,925,0.821,-1.867,1,1
10,3,27,3,N,nb12,925,-0.872,-0.916,2,1
10,3,27,3,N,nb13,925,-0.752,-1.036,1,1
10,3,27,3,N,nb14,925,0.001,-1.727,2,1
10,3,27,3,N,nb15,925,1.378,-1.866,1,1
10,3,27,3,N,nb16,925,-1.469,1.55,1,1
10,3,27,3,N,nb17,925,-1.866,-1.352,0,0
10,3,27,3,N,nb18,925,0.09,-1.387,3,1
10,3,27,3,N,nb19,925,-1.675,-0.352,2,1
10,3,27,3,N,nb20,925,-0.445,1.866,1,1
10,3,27,3,N,nb21,925,1.135,-1.866,2,1
10,3,27,3,N,nb22,925,-1.227,1.599,4,1
10,3,27,3,N,nb23,925,0.147,-1.547,3,1
10,3,27,3,N,nb24,925,-0.253,-0.079,1,1
10,3,27,3,N,nb25,925,-0.414,-0.223,1,1
10,3,27,3,N,nb26,925,-0.059,-1.468,4,1
10,3,27,3,N,nb27,925,0.934,0.8,2,1
10,3,27,3,N,nb28,925,-1.519,-0.43,1,1
10,3,27,3,N,nb29,925,-0.017,-1.255,2,1
10,3,27,3,A,aa0,925,-1.845,-0.314,1,0
10,3,27,3,A,aa1,925,-0.268,1.064,0,0
10,3,27,3,A,aa2,925,-1.562,-0.594,0,0
10,3,27,3,N,nb0,930,-1.543,-0.159,2,1
10,3,27,3,N,nb1,930,-1.048,1.444,1,1
10,3,27,3,N,nb2,930,-0.683,1.865,2,1
10,3,27,3,N,nb3,930,0.978,-1.678,2,1
10,3,27,3,N,nb4,930,0.794,0.901,1,1
10,3,27,3,N,nb5,930,-0.161,-1.676,2,1
10,3,27,3,N,nb6,930,-0.922,1.866,2,1
10,3,27,3,N,nb7,930,-1.118,1.728,3,1
10,3,27,3,N,nb8,930,-1.295,1.755,2,1
10,3,27,3,N,nb9,930,-1.029,-0.99,1,1
10,3,27,3,N,nb10,930,1.037,0.664,1,1
10,3,27,3,N,nb11,930,0.821,-1.867,1,1
10,3,27,3,N,nb12,930,-0.872,-0.916,2,1
10,3,27,3,N,nb13,930,-0.752,-1.036,1,1
10,3,27,3,N,nb14,930,0.001,-1.727,2,1
10,3,27,3,N,nb15,930,1.378,-1.866,1,1
10,3,27,3,N,nb16,930,-1.469,1.55,1,1
10,3,27,3,N,nb17,930,-1.866,-1.26,0,0
10,3,27,3,N,nb18,930,0.09,-1.387,3,1
10,3,27,3,N,nb19,930,-1.675,-0.352,2,1
10,3,27,3,N,nb20,930,-0.445,1.866,1,1
10,3,27,3,N,nb21,930,1.135,-1.866,2,1
10,3,27,3,N,nb22,930,-1.227,1.599,4,1
10,3,27,3,N,nb23,930,0.147,-1.547,3,1
10,3,27,3,N,nb24,930,-0.253,-0.079,1,1
10,3,27,3,N,nb25,930,-0.414,-0.223,1,1
10,3,27,3,N,nb26,930,-0.059,-1.468,4,0
10,3,27,3,N,nb27,930,0.934,0.8,2,1
10,3,27,3,N,nb28,930,-1.501,-0.405,2,1
10,3,27,3,N,nb29,930,-0.017,-1.255,2,1
10,3,27,3,A,aa0,930,-1.848,-0.218,2,0
10,3,27,3,A,aa1,930,-0.345,1.001,0,0
10,3,27,3,A,aa2,930,-1.502,-0.574,2,0
10,3,27,3,N,nb0,935,-1.543,-0.159,2,1
10,3,27,3,N,nb1,935,-1.048,1.444,1,1
10,3,27,3,N,nb2,935,-0.683,1.865,2,1
10,3,27,3,N,nb3,935,0.978,-1.678,2,1
10,3,27,3,N,nb4,935,0.794,0.901,1,1
10,3,27,3,N,nb5,935,-0.161,-1.676,2,1
10,3,27,3,N,nb6,935,-0.922,1.866,2,1
10,3,27,3,N,nb7,935,-1.118,1.728,3,1
10,3,27,3,N,nb8,935,-1.295,1.755,2,1
10,3,27,3,N,nb9,935,-1.029,-0.99,1,1
10,3,27,3,N,nb10,935,1.037,0.664,1,1
10,3,27,3,N,nb11,935,0.821,-1.867,1,1
10,3,27,3,N,nb12,935,-0.872,-0.916,2,1
10,3,27,3,N,nb13,935,-0.752,-1.036,1,1
10,3,27,3,N,nb14,935,0.001,-1.727,2,1
10,3,27,3,N,nb15,935,1.378,-1.866,1,1
10,3,27,3,N,nb16,935,-1.469,1.55,1,1
10,3,27,3,N,nb17,935,-1.858,-1.168,0,0
10,3,27,3,N,nb18,935,0.09,-1.387,3,1
10,3,27,3,N,nb19,935,-1.675,-0.352,2,1
10,3,27,3,N,nb20,935,-0.445,1.866,1,1
10,3,27,3,N,nb21,935,1.135,-1.866,2,1
10,3,27,3,N,nb22,935,-1.227,1.599,4,1
10,3,27,3,N,nb23,935,0.147,-1.547,3,1
10,3,27,3,N,nb24,935,-0.253,-0.079,1,1
10,3,27,3,N,nb25,935,-0.414,-0.223,1,1
10,3,27,3,N,nb26,935,-0.059,-1.468,4,1
10,3,27,3,N,nb27,935,0.934,0.8,2,1
10,3,27,3,N,nb28,935,-1.497,-0.394,2,1
10,3,27,3,N,nb29,935,-0.017,-1.255,2,1
10,3,27,3,A,aa0,935,-1.844,-0.126,2,0
10,3,27,3,A,aa1,935,-0.423,0.938,0,0
10,3,27,3,A,aa2,935,-1.419,-0.547,2,0
10,3,27,3,N,nb0,940,-1.554,-0.17,2,0
10,3,27,3,N,nb1,940,-1.048,1.444,1,1
10,3,27,3,N,nb2,940,-0.683,1.865,2,0
10,3,27,3,N,nb3,940,0.978,-1.678,2,1
10,3,27,3,N,nb4,940,0.794,0.901,1,1
10,3,27,3,N,nb5,940,-0.161,-1.676,2,1
10,3,27,3,N,nb6,940,-0.922,1.866,2,1
10,3,27,3,N,nb7,940,-1.118,1.728,3,1
10,3,27,3,N,nb8,940,-1.295,1.755,2,1
10,3,27,3,N,nb9,940,-1.029,-0.99,1,1
10,3,27,3,N,nb10,940,1.037,0.664,1,1
10,3,27,3,N,nb11,940,0.821,-1.867,1,1
10,3,27,3,N,nb12,940,-0.872,-0.916,2,1
10,3,27,3,N,nb13,940,-0.752,-1.036,1,1
10,3,27,3,N,nb14,940,0.001,-1.727,2,1
10,3,27,3,N,nb15,940,1.378,-1.866,1,1
10,3,27,3,N,nb16,940,-1.469,1.55,1,1
10,3,27,3,N,nb17,940,-1.84,-1.076,0,0
10,3,27,3,N,nb18,940,0.09,-1.387,3,1
10,3,27,3,N,nb19,940,-1.692,-0.355,2,0
10,3,27,3,N,nb20,940,-0.445,1.866,1,1
10,3,27,3,N,nb21,940,1.135,-1.866,2,1
10,3,27,3,N,nb22,940,-1.227,1.599,4,1
10,3,27,3,N,nb23,940,0.147,-1.547,3,1
10,3,27,3,N,nb24,940,-0.253,-0.079,1,1
10,3,27,3,N,nb25,940,-0.414,-0.223,1,1
10,3,27,3,N,nb26,940,-0.059,-1.468,4,1
10,3,27,3,N,nb27,940,0.934,0.8,2,1
10,3,27,3,N,nb28,940,-1.511,-0.396,2,0
10,3,27,3,N,nb29,940,-0.017,-1.255,2,1
10,3,27,3,A,aa0,940,-1.831,-0.034,0,0
10,3,27,3,A,aa1,940,-0.441,0.923,0,0
10,3,27,3,A,aa2,940,-1.328,-0.523,1,0
10,3,27,3,N,nb0,945,-1.621,-0.225,2,0
10,3,27,3,N,nb1,945,-1.048,1.444,1,1
10,3,27,3,N,nb2,945,-0.683,1.865,2,1
10,3,27,3,N,nb3,945,0.978,-1.678,2,1
10,3,27,3,N,nb4,945,0.794,0.901,1,0
10,3,27,3,N,nb5,945,-0.161,-1.676,2,1
10,3,27,3,N,nb6,945,-0.922,1.866,2,1
10,3,27,3,N,nb7,945,-1.118,1.728,3,1
10,3,27,3,N,nb8,945,-1.295,1.755,2,1
10,3,27,3,N,nb9,945,-1.029,-0.99,1,1
10,3,27,3,N,nb10,945,1.037,0.664,1,0
10,3,27,3,N,nb11,945,0.821,-1.867,1,1
10,3,27,3,N,nb12,945,-0.872,-0.916,2,1
10,3,27,3,N,nb13,945,-0.752,-1.036,1,1
10,3,27,3,N,nb14,945,0.001,-1.727,2,1
10,3,27,3,N,nb15,945,1.378,-1.866,1,1
10,3,27,3,N,nb16,945,-1.469,1.55,1,1
10,3,27,3,N,nb17,945,-1.814,-0.987,0,0
10,3,27,3,N,nb18,945,0.09,-1.387,3,1
10,3,27,3,N,nb19,945,-1.789,-0.376,2,0
10,3,27,3,N,nb20,945,-0.445,1.866,1,1
10,3,27,3,N,nb21,945,1.135,-1.866,2,1
10,3,27,3,N,nb22,945,-1.227,1.599,4,1
10,3,27,3,N,nb23,945,0.147,-1.547,3,1
10,3,27,3,N,nb24,945,-0.253,-0.079,1,1
10,3,27,3,N,nb25,945,-0.414,-0.223,1,1
10,3,27,3,N,nb26,945,-0.059,-1.468,4,1
10,3,27,3,N,nb27,945,0.934,0.8,2,0
10,3,27,3,N,nb28,945,-1.597,-0.417,2,0
10,3,27,3,N,nb29,945,-0.017,-1.255,2,1
10,3,27,3,A,aa0,945,-1.808,0.057,0,0
10,3,27,3,A,aa1,945,-0.471,0.832,0,0
10,3,27,3,A,aa2,945,-1.232,-0.504,2,0
10,3,27,3,N,nb0,950,-1.685,-0.262,2,1
10,3,27,3,N,nb1,950,-1.048,1.444,1,1
10,3,27,3,N,nb2,950,-0.683,1.865,2,1
10,3,27,3,N,nb3,950,0.978,-1.678,2,0
10,3,27,3,N,nb4,950,0.794,0.901,1,1
10,3,27,3,N,nb5,950,-0.161,-1.676,2,1
10,3,27,3,N,nb6,950,-0.922,1.866,2,1
10,3,27,3,N,nb7,950,-1.118,1.728,3,1
10,3,27,3,N,nb8,950,-1.295,1.755,2,1
10,3,27,3,N,nb9,950,-1.029,-0.99,1,1
10,3,27,3,N,nb10,950,1.037,0.664,1,1
10,3,27,3,N,nb11,950,0.821,-1.867,1,1
10,3,27,3,N,nb12,950,-0.872,-0.916,2,1
10,3,27,3,N,nb13,950,-0.752,-1.036,1,1
10,3,27,3,N,nb14,950,0.001,-1.727,2,1
10,3,27,3,N,nb15,950,1.378,-1.866,1,1
10,3,27,3,N,nb16,950,-1.469,1.55,1,1
10,3,27,3,N,nb17,950,-1.78,-0.899,0,0
10,3,27,3,N,nb18,950,0.09,-1.387,3,1
10,3,27,3,N,nb19,950,-1.865,-0.392,2,1
10,3,27,3,N,nb20,950,-0.445,1.866,1,1
10,3,27,3,N,nb21,950,1.135,-1.866,2,0
10,3,27,3,N,nb22,950,-1.227,1.599,4,1
10,3,27,3,N,nb23,950,0.147,-1.547,3,1
10,3,27,3,N,nb24,950,-0.253,-0.079,1,1
10,3,27,3,N,nb25,950,-0.414,-0.223,1,1
10,3,27,3,N,nb26,950,-0.059,-1.468,4,1
10,3,27,3,N,nb27,950,0.934,0.8,2,1
10,3,27,3,N,nb28,950,-1.667,-0.445,2,1
10,3,27,3,N,nb29,950,-0.017,-1.255,2,1
10,3,27,3,A,aa0,950,-1.777,0.145,0,0
10,3,27,3,A,aa1,950,-0.502,0.737,0,0
10,3,27,3,A,aa2,950,-1.133,-0.486,1,0
10,3,27,3,N,nb0,955,-1.685,-0.262,2,1
10,3,27,3,N,nb1,955,-1.048,1.444,1,1
10,3,27,3,N,nb2,955,-0.683,1.865,2,1
10,3,27,3,N,nb3,955,0.978,-1.678,2,1
10,3,27,3,N,nb4,955,0.794,0.901,1,1
10,3,27,3,N,nb5,955,-0.161,-1.676,2,1
10,3,27,3,N,nb6,955,-0.922,1.866,2,1
10,3,27,3,N,nb7,955,-1.118,1.728,3,1
10,3,27,3,N,nb8,955,-1.295,1.755,2,1
10,3,27,3,N,nb9,955,-1.045,-0.96,1,0
10,3,27,3,N,nb10,955,1.037,0.664,1,1
10,3,27,3,N,nb11,955,0.821,-1.867,1,1
10,3,27,3,N,nb12,955,-0.891,-0.887,2,0
10,3,27,3,N,nb13,955,-0.752,-1.036,1,1
10,3,27,3,N,nb14,955,0.001,-1.727,2,1
10,3,27,3,N,nb15,955,1.378,-1.866,1,1
10,3,27,3,N,nb16,955,-1.469,1.55,1,1
10,3,27,3,N,nb17,955,-1.737,-0.811,0,0
10,3,27,3,N,nb18,955,0.09,-1.387,3,1
10,3,27,3,N,nb19,955,-1.865,-0.392,2,1
10,3,27,3,N,nb20,955,-0.445,1.866,1,1
10,3,27,3,N,nb21,955,1.135,-1.866,2,1
10,3,27,3,N,nb22,955,-1.227,1.599,4,1
10,3,27,3,N,nb23,955,0.147,-1.547,3,1
10,3,27,3,N,nb24,955,-0.253,-0.079,1,1
10,3,27,3,N,nb25,955,-0.414,-0.223,1,1
10,3,27,3,N,nb26,955,-0.059,-1.468,4,1
10,3,27,3,N,nb27,955,0.934,0.8,2,1
10,3,27,3,N,nb28,955,-1.698,-0.46,2,0
10,3,27,3,N,nb29,955,-0.017,-1.255,2,1
10,3,27,3,A,aa0,955,-1.738,0.234,1,0
10,3,27,3,A,aa1,955,-0.533,0.641,0,0
10,3,27,3,A,aa2,955,-1.035,-0.468,0,0
10,3,27,3,N,nb0,960,-1.685,-0.262,1,1
10,3,27,3,N,nb1,960,-1.048,1.444,1,1
10,3,27,3,N,nb2,960,-0.683,1.865,2,1
10,3,27,3,N,nb3,960,0.978,-1.678,2,1
10,3,27,3,N,nb4,960,0.794,0.901,1,1
10,3,27,3,N,nb5,960,-0.161,-1.676,2,1
10,3,27,3,N,nb6,960,-0.922,1.866,2,1
10,3,27,3,N,nb7,960,-1.118,1.728,3,1
10,3,27,3,N,nb8,960,-1.295,1.755,2,1
10,3,27,3,N,nb9,960,-1.093,-0.881,1,0
10,3,27,3,N,nb10,960,1.037,0.664,1,1
10,3,27,3,N,nb11,960,0.821,-1.867,1,1
10,3,27,3,N,nb12,960,-0.938,-0.808,1,0
10,3,27,3,N,nb13,960,-0.752,-1.036,0,1
10,3,27,3,N,nb14,960,0.001,-1.727,2,1
10,3,27,3,N,nb15,960,1.378,-1.866,1,1
10,3,27,3,N,nb16,960,-1.469,1.55,1,1
10,3,27,3,N,nb17,960,-1.7,-0.737,1,1
10,3,27,3,N,nb18,960,0.09,-1.387,3,1
10,3,27,3,N,nb19,960,-1.865,-0.392,2,1
10,3,27,3,N,nb20,960,-0.445,1.866,1,1
10,3,27,3,N,nb21,960,1.135,-1.866,2,1
10,3,27,3,N,nb22,960,-1.227,1.599,4,1
10,3,27,3,N,nb23,960,0.147,-1.547,3,1
10,3,27,3,N,nb24,960,-0.253,-0.079,1,1
10,3,27,3,N,nb25,960,-0.414,-0.223,1,1
10,3,27,3,N,nb26,960,-0.059,-1.468,4,1
10,3,27,3,N,nb27,960,0.934,0.8,2,1
10,3,27,3,N,nb28,960,-1.743,-0.51,2,0
10,3,27,3,N,nb29,960,-0.017,-1.255,2,1
10,3,27,3,A,aa0,960,-1.696,0.325,1,0
10,3,27,3,A,aa1,960,-0.564,0.546,0,0
10,3,27,3,A,aa2,960,-0.937,-0.45,1,0
10,3,27,3,N,nb0,965,-1.685,-0.262,1,1
10,3,27,3,N,nb1,965,-1.048,1.444,1,1
10,3,27,3,N,nb2,965,-0.683,1.865,2,1
10,3,27,3,N,nb3,965,0.978,-1.678,2,1
10,3,27,3,N,nb4,965,0.794,0.901,1,1
10,3,27,3,N,nb5,965,-0.161,-1.676,2,1
10,3,27,3,N,nb6,965,-0.922,1.866,2,1
10,3,27,3,N,nb7,965,-1.118,1.728,3,1
10,3,27,3,N,nb8,965,-1.295,1.755,2,1
10,3,27,3,N,nb9,965,-1.126,-0.833,1,1
10,3,27,3,N,nb10,965,1.037,0.664,1,1
10,3,27,3,N,nb11,965,0.821,-1.867,1,1
10,3,27,3,N,nb12,965,-0.964,-0.756,1,1
10,3,27,3,N,nb13,965,-0.752,-1.036,0,1
10,3,27,3,N,nb14,965,0.001,-1.727,2,1
10,3,27,3,N,nb15,965,1.378,-1.866,1,1
10,3,27,3,N,nb16,965,-1.469,1.55,1,1
10,3,27,3,N,nb17,965,-1.7,-0.737,1,1
10,3,27,3,N,nb18,965,0.09,-1.387,3,1
10,3,27,3,N,nb19,965,-1.865,-0.392,2,1
10,3,27,3,N,nb20,965,-0.445,1.866,1,1
10,3,27,3,N,nb21,965,1.135,-1.866,2,1
10,3,27,3,N,nb22,965,-1.227,1.599,4,1
10,3,27,3,N,nb23,965,0.147,-1.547,3,1
10,3,27,3,N,nb24,965,-0.253,-0.079,1,1
10,3,27,3,N,nb25,965,-0.414,-0.223,1,1
10,3,27,3,N,nb26,965,-0.059,-1.468,4,1
10,3,27,3,N,nb27,965,0.934,0.8,2,1
10,3,27,3,N,nb28,965,-1.786,-0.545,2,1
10,3,27,3,N,nb29,965,-0.017,-1.255,2,1
10,3,27,3,A,aa0,965,-1.655,0.416,0,0
10,3,27,3,A,aa1,965,-0.595,0.451,0,0
10,3,27,3,A,aa2,965,-0.838,-0.431,3,1
10,3,27,3,N,nb0,970,-1.685,-0.262,1,1
10,3,27,3,N,nb1,970,-1.048,1.444,1,1
10,3,27,3,N,nb2,970,-0.683,1.865,2,1
10,3,27,3,N,nb3,970,0.978,-1.678,2,1
10,3,27,3,N,nb4,970,0.794,0.901,1,1
10,3,27,3,N,nb5,970,-0.161,-1.676,2,1
10,3,27,3,N,nb6,970,-0.922,1.866,2,1
10,3,27,3,N,nb7,970,-1.118,1.728,3,1
10,3,27,3,N,nb8,970,-1.295,1.755,2,1
10,3,27,3,N,nb9,970,-1.126,-0.833,1,1
10,3,27,3,N,nb10,970,1.037,0.664,1,1
10,3,27,3,N,nb11,970,0.821,-1.867,1,1
10,3,27,3,N,nb12,970,-0.985,-0.707,1,0
10,3,27,3,N,nb13,970,-0.752,-1.036,0,1
10,3,27,3,N,nb14,970,0.001,-1.727,2,1
10,3,27,3,N,nb15,970,1.378,-1.866,1,0
10,3,27,3,N,nb16,970,-1.469,1.55,1,1
10,3,27,3,N,nb17,970,-1.7,-0.737,1,1
10,3,27,3,N,nb18,970,0.09,-1.387,3,1
10,3,27,3,N,nb19,970,-1.865,-0.392,2,1
10,3,27,3,N,nb20,970,-0.445,1.866,1,1
10,3,27,3,N,nb21,970,1.135,-1.866,2,1
10,3,27,3,N,nb22,970,-1.227,1.599,4,1
10,3,27,3,N,nb23,970,0.147,-1.547,3,1
10,3,27,3,N,nb24,970,-0.253,-0.079,1,1
10,3,27,3,N,nb25,970,-0.459,-0.196,1,0
10,3,27,3,N,nb26,970,-0.059,-1.468,4,1
10,3,27,3,N,nb27,970,0.934,0.8,2,1
10,3,27,3,N,nb28,970,-1.786,-0.545,2,1
10,3,27,3,N,nb29,970,-0.017,-1.255,2,1
10,3,27,3,A,aa0,970,-1.613,0.507,0,0
10,3,27,3,A,aa1,970,-0.615,0.391,1,0
10,3,27,3,A,aa2,970,-0.74,-0.413,0,0
10,3,27,3,N,nb0,975,-1.685,-0.262,1,1
10,3,27,3,N,nb1,975,-1.048,1.444,1,1
10,3,27,3,N,nb2,975,-0.683,1.865,2,1
10,3,27,3,N,nb3,975,0.978,-1.678,2,1
10,3,27,3,N,nb4,975,0.794,0.901,1,1
10,3,27,3,N,nb5,975,-0.161,-1.676,2,1
10,3,27,3,N,nb6,975,-0.922,1.866,2,1
10,3,27,3,N,nb7,975,-1.118,1.728,3,1
10,3,27,3,N,nb8,975,-1.295,1.755,2,1
10,3,27,3,N,nb9,975,-1.126,-0.833,1,1
10,3,27,3,N,nb10,975,1.037,0.664,1,1
10,3,27,3,N,nb11,975,0.821,-1.867,1,1
10,3,27,3,N,nb12,975,-1.015,-0.617,1,0
10,3,27,3,N,nb13,975,-0.752,-1.036,0,1
10,3,27,3,N,nb14,975,0.001,-1.727,2,1
10,3,27,3,N,nb15,975,1.378,-1.866,1,1
10,3,27,3,N,nb16,975,-1.469,1.55,1,1
10,3,27,3,N,nb17,975,-1.7,-0.737,1,1
10,3,27,3,N,nb18,975,0.09,-1.387,3,1
10,3,27,3,N,nb19,975,-1.865,-0.392,2,1
10,3,27,3,N,nb20,975,-0.445,1.866,1,1
10,3,27,3,N,nb21,975,1.135,-1.866,2,1
10,3,27,3,N,nb22,975,-1.227,1.599,4,1
10,3,27,3,N,nb23,975,0.147,-1.547,3,1
10,3,27,3,N,nb24,975,-0.253,-0.079,0,0
10,3,27,3,N,nb25,975,-0.545,-0.15,0,0
10,3,27,3,N,nb26,975,-0.059,-1.468,4,1
10,3,27,3,N,nb27,975,0.934,0.8,2,1
10,3,27,3,N,nb28,975,-1.786,-0.545,2,1
10,3,27,3,N,nb29,975,-0.017,-1.255,2,1
10,3,27,3,A,aa0,975,-1.572,0.598,0,0
10,3,27,3,A,aa1,975,-0.615,0.391,1,0
10,3,27,3,A,aa2,975,-0.642,-0.395,1,0
10,3,27,3,N,nb0,980,-1.685,-0.262,1,1
10,3,27,3,N,nb1,980,-1.048,1.444,1,1
10,3,27,3,N,nb2,980,-0.683,1.865,2,1
10,3,27,3,N,nb3,980,0.978,-1.678,2,1
10,3,27,3,N,nb4,980,0.794,0.901,1,1
10,3,27,3,N,nb5,980,-0.161,-1.676,2,1
10,3,27,3,N,nb6,980,-0.922,1.866,2,1
10,3,27,3,N,nb7,980,-1.118,1.728,3,1
10,3,27,3,N,nb8,980,-1.295,1.755,2,1
10,3,27,3,N,nb9,980,-1.126,-0.833,0,1
10,3,27,3,N,nb10,980,1.037,0.664,1,1
10,3,27,3,N,nb11,980,0.821,-1.867,1,1
10,3,27,3,N,nb12,980,-1.042,-0.523,0,0
10,3,27,3,N,nb13,980,-0.752,-1.036,0,0
10,3,27,3,N,nb14,980,0.001,-1.727,2,1
10,3,27,3,N,nb15,980,1.378,-1.866,1,1
10,3,27,3,N,nb16,980,-1.469,1.55,1,1
10,3,27,3,N,nb17,980,-1.7,-0.737,1,1
10,3,27,3,N,nb18,980,0.09,-1.387,3,1
10,3,27,3,N,nb19,980,-1.865,-0.392,2,1
10,3,27,3,N,nb20,980,-0.445,1.866,1,1
10,3,27,3,N,nb21,980,1.135,-1.866,2,1
10,3,27,3,N,nb22,980,-1.227,1.599,4,1
10,3,27,3,N,nb23,980,0.147,-1.547,3,1
10,3,27,3,N,nb24,980,-0.185,-0.113,0,0
10,3,27,3,N,nb25,980,-0.628,-0.104,0,0
10,3,27,3,N,nb26,980,-0.059,-1.468,4,1
10,3,27,3,N,nb27,980,0.934,0.8,2,1
10,3,27,3,N,nb28,980,-1.786,-0.545,2,1
10,3,27,3,N,nb29,980,-0.017,-1.255,2,1
10,3,27,3,A,aa0,980,-1.53,0.689,0,0
10,3,27,3,A,aa1,980,-0.559,0.339,0,0
10,3,27,3,A,aa2,980,-0.55,-0.383,0,0
10,3,27,3,N,nb0,985,-1.685,-0.262,1,1
10,3,27,3,N,nb1,985,-1.048,1.444,1,1
10,3,27,3,N,nb2,985,-0.683,1.865,2,1
10,3,27,3,N,nb3,985,0.978,-1.678,2,1
10,3,27,3,N,nb4,985,0.794,0.901,1,1
10,3,27,3,N,nb5,985,-0.161,-1.676,2,1
10,3,27,3,N,nb6,985,-0.922,1.866,2,1
10,3,27,3,N,nb7,985,-1.118,1.728,3,1
10,3,27,3,N,nb8,985,-1.295,1.755,2,1
10,3,27,3,N,nb9,985,-1.126,-0.833,0,1
10,3,27,3,N,nb10,985,1.037,0.664,1,1
10,3,27,3,N,nb11,985,0.821,-1.867,1,1
10,3,27,3,N,nb12,985,-1.068,-0.426,0,0
10,3,27,3,N,nb13,985,-0.772,-0.942,0,0
10,3,27,3,N,nb14,985,0.001,-1.727,2,1
10,3,27,3,N,nb15,985,1.378,-1.866,1,1
10,3,27,3,N,nb16,985,-1.469,1.55,1,1
10,3,27,3,N,nb17,985,-1.7,-0.737,1,1
10,3,27,3,N,nb18,985,0.09,-1.387,3,1
10,3,27,3,N,nb19,985,-1.865,-0.392,2,1
10,3,27,3,N,nb20,985,-0.445,1.866,1,1
10,3,27,3,N,nb21,985,1.135,-1.866,2,1
10,3,27,3,N,nb22,985,-1.227,1.599,4,1
10,3,27,3,N,nb23,985,0.147,-1.547,3,1
10,3,27,3,N,nb24,985,-0.095,-0.157,0,0
10,3,27,3,N,nb25,985,-0.714,-0.052,0,0
10,3,27,3,N,nb26,985,-0.059,-1.468,4,1
10,3,27,3,N,nb27,985,0.934,0.8,2,1
10,3,27,3,N,nb28,985,-1.786,-0.545,2,1
10,3,27,3,N,nb29,985,-0.017,-1.255,2,1
10,3,27,3,A,aa0,985,-1.489,0.78,0,0
10,3,27,3,A,aa1,985,-0.485,0.271,0,0
10,3,27,3,A,aa2,985,-0.451,-0.376,0,0
10,3,27,3,N,nb0,990,-1.685,-0.262,1,1
10,3,27,3,N,nb1,990,-1.048,1.444,1,0
10,3,27,3,N,nb2,990,-0.683,1.865,2,1
10,3,27,3,N,nb3,990,0.978,-1.678,2,1
10,3,27,3,N,nb4,990,0.794,0.901,1,1
10,3,27,3,N,nb5,990,-0.161,-1.676,2,0
10,3,27,3,N,nb6,990,-0.922,1.866,2,1
10,3,27,3,N,nb7,990,-1.118,1.728,3,1
10,3,27,3,N,nb8,990,-1.295,1.755,2,1
10,3,27,3,N,nb9,990,-1.126,-0.833,0,1
10,3,27,3,N,nb10,990,1.037,0.664,1,1
10,3,27,3,N,nb11,990,0.821,-1.867,1,1
10,3,27,3,N,nb12,990,-1.094,-0.329,0,0
10,3,27,3,N,nb13,990,-0.793,-0.844,0,0
10,3,27,3,N,nb14,990,0.001,-1.727,2,0
10,3,27,3,N,nb15,990,1.378,-1.866,1,1
10,3,27,3,N,nb16,990,-1.469,1.55,1,0
10,3,27,3,N,nb17,990,-1.7,-0.737,1,1
10,3,27,3,N,nb18,990,0.09,-1.387,3,1
10,3,27,3,N,nb19,990,-1.865,-0.392,2,1
10,3,27,3,N,nb20,990,-0.445,1.866,1,1
10,3,27,3,N,nb21,990,1.135,-1.866,2,1
10,3,27,3,N,nb22,990,-1.227,1.599,4,1
10,3,27,3,N,nb23,990,0.147,-1.547,3,1
10,3,27,3,N,nb24,990,-0.005,-0.202,0,0
10,3,27,3,N,nb25,990,-0.799,-0.001,0,0
10,3,27,3,N,nb26,990,-0.059,-1.468,4,1
10,3,27,3,N,nb27,990,0.934,0.8,2,1
10,3,27,3,N,nb28,990,-1.786,-0.545,2,1
10,3,27,3,N,nb29,990,-0.017,-1.255,2,1
10,3,27,3,A,aa0,990,-1.448,0.871,0,0
10,3,27,3,A,aa1,990,-0.412,0.204,0,0
10,3,27,3,A,aa2,990,-0.351,-0.369,0,0
10,3,27,3,N,nb0,995,-1.685,-0.262,1,1
10,3,27,3,N,nb1,995,-1.048,1.444,1,1
10,3,27,3,N,nb2,995,-0.683,1.865,2,1
10,3,27,3,N,nb3,995,0.978,-1.678,2,1
10,3,27,3,N,nb4,995,0.794,0.901,1,1
10,3,27,3,N,nb5,995,-0.161,-1.676,2,1
10,3,27,3,N,nb6,995,-0.922,1.866,2,1
10,3,27,3,N,nb7,995,-1.118,1.728,3,1
10,3,27,3,N,nb8,995,-1.295,1.755,2,1
10,3,27,3,N,nb9,995,-1.136,-0.82,0,0
10,3,27,3,N,nb10,995,1.037,0.664,1,1
10,3,27,3,N,nb11,995,0.821,-1.867,1,1
10,3,27,3,N,nb12,995,-1.12,-0.233,0,0
10,3,27,3,N,nb13,995,-0.814,-0.746,0,0
10,3,27,3,N,nb14,995,0.001,-1.727,2,1
10,3,27,3,N,nb15,995,1.378,-1.866,1,1
10,3,27,3,N,nb16,995,-1.469,1.55,1,1
10,3,27,3,N,nb17,995,-1.7,-0.737,1,1
10,3,27,3,N,nb18,995,0.09,-1.387,3,1
10,3,27,3,N,nb19,995,-1.865,-0.392,2,1
10,3,27,3,N,nb20,995,-0.445,1.866,1,1
10,3,27,3,N,nb21,995,1.135,-1.866,2,1
10,3,27,3,N,nb22,995,-1.227,1.599,4,1
10,3,27,3,N,nb23,995,0.147,-1.547,3,1
10,3,27,3,N,nb24,995,0.085,-0.246,0,0
10,3,27,3,N,nb25,995,-0.885,0.05,0,0
10,3,27,3,N,nb26,995,-0.059,-1.468,4,1
10,3,27,3,N,nb27,995,0.934,0.8,2,1
10,3,27,3,N,nb28,995,-1.786,-0.545,2,1
10,3,27,3,N,nb29,995,-0.017,-1.255,2,1
10,3,27,3,A,aa0,995,-1.406,0.962,1,0
10,3,27,3,A,aa1,995,-0.338,0.136,0,0
10,3,27,3,A,aa2,995,-0.251,-0.361,0,0
10,3,27,3,N,nb0,1000,-1.685,-0.262,1,1
10,3,27,3,N,nb1,1000,-1.048,1.444,1,0
10,3,27,3,N,nb2,1000,-0.683,1.865,2,1
10,3,27,3,N,nb3,1000,0.978,-1.678,2,1
10,3,27,3,N,nb4,1000,0.794,0.901,1,1
10,3,27,3,N,nb5,1000,-0.161,-1.676,2,1
10,3,27,3,N,nb6,1000,-0.922,1.866,2,1
10,3,27,3,N,nb7,1000,-1.118,1.728,3,1
10,3,27,3,N,nb8,1000,-1.295,1.755,2,1
10,3,27,3,N,nb9,1000,-1.197,-0.74,0,0
10,3,27,3,N,nb10,1000,1.037,0.664,1,1
10,3,27,3,N,nb11,1000,0.821,-1.867,1,1
10,3,27,3,N,nb12,1000,-1.146,-0.136,0,0
10,3,27,3,N,nb13,1000,-0.835,-0.648,0,0
10,3,27,3,N,nb14,1000,0.001,-1.727,2,1
10,3,27,3,N,nb15,1000,1.378,-1.866,1,1
10,3,27,3,N,nb16,1000,-1.469,1.55,1,0
10,3,27,3,N,nb17,1000,-1.7,-0.737,1,1
10,3,27,3,N,nb18,1000,0.09,-1.387,3,1
10,3,27,3,N,nb19,1000,-1.865,-0.392,2,1
10,3,27,3,N,nb20,1000,-0.445,1.866,1,1
10,3,27,3,N,nb21,1000,1.135,-1.866,2,1
10,3,27,3,N,nb22,1000,-1.227,1.599,4,0
10,3,27,3,N,nb23,1000,0.147,-1.547,3,1
10,3,27,3,N,nb24,1000,0.174,-0.29,0,0
10,3,27,3,N,nb25,1000,-0.971,0.102,0,0
10,3,27,3,N,nb26,1000,-0.059,-1.468,4,1
10,3,27,3,N,nb27,1000,0.934,0.8,2,1
10,3,27,3,N,nb28,1000,-1.786,-0.545,2,1
10,3,27,3,N,nb29,1000,-0.017,-1.255,2,1
10,3,27,3,A,aa0,1000,-1.38,1.02,3,1
10,3,27,3,A,aa1,1000,-0.264,0.068,0,0
10,3,27,3,A,aa2,1000,-0.168,-0.355,0,0
10,3,27,3,N,nb0,1005,-1.685,-0.262,1,1
10,3,27,3,N,nb1,1005,-1.116,1.435,1,0
10,3,27,3,N,nb2,1005,-0.683,1.865,2,1
10,3,27,3,N,nb3,1005,0.978,-1.678,2,1
10,3,27,3,N,nb4,1005,0.794,0.901,1,1
10,3,27,3,N,nb5,1005,-0.161,-1.676,2,1
10,3,27,3,N,nb6,1005,-0.922,1.866,2,1
10,3,27,3,N,nb7,1005,-1.118,1.728,3,1
10,3,27,3,N,nb8,1005,-1.295,1.755,3,1
10,3,27,3,N,nb9,1005,-1.257,-0.66,0,0
10,3,27,3,N,nb10,1005,1.037,0.664,1,1
10,3,27,3,N,nb11,1005,0.821,-1.867,1,1
10,3,27,3,N,nb12,1005,-1.167,-0.061,1,1
10,3,27,3,N,nb13,1005,-0.856,-0.551,0,0
10,3,27,3,N,nb14,1005,0.001,-1.727,2,1
10,3,27,3,N,nb15,1005,1.378,-1.866,1,1
10,3,27,3,N,nb16,1005,-1.443,1.613,2,0
10,3,27,3,N,nb17,1005,-1.7,-0.737,1,1
10,3,27,3,N,nb18,1005,0.09,-1.387,3,1
10,3,27,3,N,nb19,1005,-1.865,-0.392,2,1
10,3,27,3,N,nb20,1005,-0.445,1.866,1,1
10,3,27,3,N,nb21,1005,1.135,-1.866,2,1
10,3,27,3,N,nb22,1005,-1.227,1.599,4,0
10,3,27,3,N,nb23,1005,0.147,-1.547,3,1
10,3,27,3,N,nb24,1005,0.264,-0.334,0,0
10,3,27,3,N,nb25,1005,-1.039,0.143,1,1
10,3,27,3,N,nb26,1005,-0.059,-1.468,4,1
10,3,27,3,N,nb27,1005,0.934,0.8,2,1
10,3,27,3,N,nb28,1005,-1.786,-0.545,2,1
10,3,27,3,N,nb29,1005,-0.017,-1.255,2,1
10,3,27,3,A,aa0,1005,-1.39,1.055,0,0
10,3,27,3,A,aa1,1005,-0.191,0.001,0,0
10,3,27,3,A,aa2,1005,-0.168,-0.355,0,0
10,3,27,3,N,nb0,1010,-1.685,-0.262,1,0
10,3,27,3,N,nb1,1010,-1.204,1.411,1,0
10,3,27,3,N,nb2,1010,-0.683,1.865,2,1
10,3,27,3,N,nb3,1010,0.978,-1.678,2,1
10,3,27,3,N,nb4,1010,0.794,0.901,1,1
10,3,27,3,N,nb5,1010,-0.161,-1.676,2,1
10,3,27,3,N,nb6,1010,-0.922,1.866,2,1
10,3,27,3,N,nb7,1010,-1.118,1.728,3,1
10,3,27,3,N,nb8,1010,-1.286,1.79,3,1
10,3,27,3,N,nb9,1010,-1.318,-0.581,0,0
10,3,27,3,N,nb10,1010,1.037,0.664,1,1
10,3,27,3,N,nb11,1010,0.821,-1.867,1,1
10,3,27,3,N,nb12,1010,-1.167,-0.061,1,1
10,3,27,3,N,nb13,1010,-0.877,-0.453,0,0
10,3,27,3,N,nb14,1010,0.001,-1.727,2,1
10,3,27,3,N,nb15,1010,1.378,-1.866,1,1
10,3,27,3,N,nb16,1010,-1.425,1.694,2,0
10,3,27,3,N,nb17,1010,-1.7,-0.737,1,1
10,3,27,3,N,nb18,1010,0.09,-1.387,3,1
10,3,27,3,N,nb19,1010,-1.865,-0.392,2,0
10,3,27,3,N,nb20,1010,-0.445,1.866,1,1
10,3,27,3,N,nb21,1010,1.135,-1.866,2,1
10,3,27,3,N,nb22,1010,-1.252,1.624,4,0
10,3,27,3,N,nb23,1010,0.147,-1.547,3,1
10,3,27,3,N,nb24,1010,0.354,-0.379,0,0
10,3,27,3,N,nb25,1010,-1.039,0.143,1,1
10,3,27,3,N,nb26,1010,-0.059,-1.468,4,1
10,3,27,3,N,nb27,1010,0.934,0.8,2,1
10,3,27,3,N,nb28,1010,-1.786,-0.545,2,1
10,3,27,3,N,nb29,1010,-0.017,-1.255,2,1
10,3,27,3,A,aa0,1010,-1.418,1.151,0,0
10,3,27,3,A,aa1,1010,-0.119,-0.066,0,0
10,3,27,3,A,aa2,1010,-0.148,-0.302,0,0
10,3,27,3,N,nb0,1015,-1.685,-0.262,1,1
10,3,27,3,N,nb1,1015,-1.224,1.404,1,0
10,3,27,3,N,nb2,1015,-0.683,1.865,2,1
10,3,27,3,N,nb3,1015,0.978,-1.678,2,1
10,3,27,3,N,nb4,1015,0.794,0.901,1,1
10,3,27,3,N,nb5,1015,-0.161,-1.676,2,1
10,3,27,3,N,nb6,1015,-0.922,1.866,2,1
10,3,27,3,N,nb7,1015,-1.118,1.728,3,1
10,3,27,3,N,nb8,1015,-1.282,1.809,3,1
10,3,27,3,N,nb9,1015,-1.379,-0.501,0,0
10,3,27,3,N,nb10,1015,1.037,0.664,1,1
10,3,27,3,N,nb11,1015,0.821,-1.867,1,0
10,3,27,3,N,nb12,1015,-1.167,-0.061,1,1
10,3,27,3,N,nb13,1015,-0.897,-0.355,0,0
10,3,27,3,N,nb14,1015,0.001,-1.727,2,1
10,3,27,3,N,nb15,1015,1.378,-1.866,1,1
10,3,27,3,N,nb16,1015,-1.422,1.714,2,0
10,3,27,3,N,nb17,1015,-1.7,-0.737,1,1
10,3,27,3,N,nb18,1015,0.09,-1.387,3,1
10,3,27,3,N,nb19,1015,-1.865,-0.392,2,1
10,3,27,3,N,nb20,1015,-0.445,1.866,1,1
10,3,27,3,N,nb21,1015,1.135,-1.866,2,1
10,3,27,3,N,nb22,1015,-1.265,1.64,4,0
10,3,27,3,N,nb23,1015,0.147,-1.547,3,1
10,3,27,3,N,nb24,1015,0.443,-0.423,0,0
10,3,27,3,N,nb25,1015,-1.039,0.143,1,1
10,3,27,3,N,nb26,1015,-0.059,-1.468,4,1
10,3,27,3,N,nb27,1015,0.934,0.8,2,1
10,3,27,3,N,nb28,1015,-1.786,-0.545,2,1
10,3,27,3,N,nb29,1015,-0.017,-1.255,2,1
10,3,27,3,A,aa0,1015,-1.447,1.247,3,1
10,3,27,3,A,aa1,1015,-0.052,-0.092,0,0
10,3,27,3,A,aa2,1015,-0.108,-0.253,0,0
10,3,27,3,N,nb0,1020,-1.685,-0.262,1,1
10,3,27,3,N,nb1,1020,-1.301,1.37,0,0
10,3,27,3,N,nb2,1020,-0.683,1.865,2,1
10,3,27,3,N,nb3,1020,0.978,-1.678,2,1
10,3,27,3,N,nb4,1020,0.794,0.901,1,1
10,3,27,3,N,nb5,1020,-0.161,-1.676,2,1
10,3,27,3,N,nb6,1020,-0.922,1.866,2,1
10,3,27,3,N,nb7,1020,-1.118,1.728,3,1
10,3,27,3,N,nb8,1020,-1.278,1.851,3,1
10,3,27,3,N,nb9,1020,-1.439,-0.422,0,0
10,3,27,3,N,nb10,1020,1.037,0.664,1,1
10,3,27,3,N,nb11,1020,0.821,-1.867,1,1
10,3,27,3,N,nb12,1020,-1.167,-0.061,1,1
10,3,27,3,N,nb13,1020,-0.918,-0.257,0,0
10,3,27,3,N,nb14,1020,0.001,-1.727,2,1
10,3,27,3,N,nb15,1020,1.378,-1.866,1,1
10,3,27,3,N,nb16,1020,-1.436,1.79,2,0
10,3,27,3,N,nb17,1020,-1.7,-0.737,1,0
10,3,27,3,N,nb18,1020,0.09,-1.387,3,1
10,3,27,3,N,nb19,1020,-1.865,-0.392,2,1
10,3,27,3,N,nb20,1020,-0.445,1.866,1,1
10,3,27,3,N,nb21,1020,1.135,-1.866,2,1
10,3,27,3,N,nb22,1020,-1.304,1.684,3,0
10,3,27,3,N,nb23,1020,0.147,-1.547,3,1
10,3,27,3,N,nb24,1020,0.533,-0.467,0,0
10,3,27,3,N,nb25,1020,-1.039,0.143,1,1
10,3,27,3,N,nb26,1020,-0.059,-1.468,4,1
10,3,27,3,N,nb27,1020,0.934,0.8,2,1
10,3,27,3,N,nb28,1020,-1.786,-0.545,2,1
10,3,27,3,N,nb29,1020,-0.017,-1.255,2,1
10,3,27,3,A,aa0,1020,-1.475,1.336,1,0
10,3,27,3,A,aa1,1020,0.024,-0.085,0,0
10,3,27,3,A,aa2,1020,-0.055,-0.235,0,0
10,3,27,3,N,nb0,1025,-1.685,-0.262,2,1
10,3,27,3,N,nb1,1025,-1.365,1.323,0,0
10,3,27,3,N,nb2,1025,-0.683,1.865,2,1
10,3,27,3,N,nb3,1025,0.978,-1.678,2,1
10,3,27,3,N,nb4,1025,0.794,0.901,1,1
10,3,27,3,N,nb5,1025,-0.161,-1.676,2,1
10,3,27,3,N,nb6,1025,-0.922,1.866,2,1
10,3,27,3,N,nb7,1025,-1.118,1.728,3,1
10,3,27,3,N,nb8,1025,-1.274,1.865,3,1
10,3,27,3,N,nb9,1025,-1.475,-0.374,1,1
10,3,27,3,N,nb10,1025,1.037,0.664,1,1
10,3,27,3,N,nb11,1025,0.821,-1.867,1,1
10,3,27,3,N,nb12,1025,-1.167,-0.061,2,1
10,3,27,3,N,nb13,1025,-0.939,-0.161,1,1
10,3,27,3,N,nb14,1025,0.001,-1.727,2,1
10,3,27,3,N,nb15,1025,1.378,-1.866,1,1
10,3,27,3,N,nb16,1025,-1.452,1.865,2,1
10,3,27,3,N,nb17,1025,-1.7,-0.737,1,1
10,3,27,3,N,nb18,1025,0.09,-1.387,3,1
10,3,27,3,N,nb19,1025,-1.865,-0.392,2,1
10,3,27,3,N,nb20,1025,-0.445,1.866,1,1
10,3,27,3,N,nb21,1025,1.135,-1.866,2,1
10,3,27,3,N,nb22,1025,-1.365,1.72,3,1
10,3,27,3,N,nb23,1025,0.147,-1.547,3,1
10,3,27,3,N,nb24,1025,0.623,-0.511,0,0
10,3,27,3,N,nb25,1025,-1.039,0.143,1,1
10,3,27,3,N,nb26,1025,-0.059,-1.468,4,1
10,3,27,3,N,nb27,1025,0.934,0.8,2,1
10,3,27,3,N,nb28,1025,-1.786,-0.545,2,1
10,3,27,3,N,nb29,1025,-0.017,-1.255,2,1
10,3,27,3,A,aa0,1025,-1.523,1.386,1,0
10,3,27,3,A,aa1,1025,0.111,-0.096,0,0
10,3,27,3,A,aa2,1025,-0.018,-0.222,0,0
10,3,27,3,N,nb0,1030,-1.685,-0.262,2,1
10,3,27,3,N,nb1,1030,-1.43,1.261,0,0
10,3,27,3,N,nb2,1030,-0.683,1.865,2,1
10,3,27,3,N,nb3,1030,0.978,-1.678,2,1
10,3,27,3,N,nb4,1030,0.794,0.901,1,1
10,3,27,3,N,nb5,1030,-0.161,-1.676,2,1
10,3,27,3,N,nb6,1030,-0.922,1.866,2,1
10,3,27,3,N,nb7,1030,-1.114,1.743,2,0
10,3,27,3,N,nb8,1030,-1.274,1.865,3,1
10,3,27,3,N,nb9,1030,-1.475,-0.374,1,1
10,3,27,3,N,nb10,1030,1.037,0.664,1,1
10,3,27,3,N,nb11,1030,0.821,-1.867,1,1
10,3,27,3,N,nb12,1030,-1.167,-0.061,2,1
10,3,27,3,N,nb13,1030,-0.939,-0.159,1,1
10,3,27,3,N,nb14,1030,0.001,-1.727,2,1
10,3,27,3,N,nb15,1030,1.378,-1.866,1,1
10,3,27,3,N,nb16,1030,-1.463,1.865,2,0
10,3,27,3,N,nb17,1030,-1.7,-0.737,1,1
10,3,27,3,N,nb18,1030,0.09,-1.387,3,1
10,3,27,3,N,nb19,1030,-1.865,-0.392,2,1
10,3,27,3,N,nb20,1030,-0.445,1.866,1,1
10,3,27,3,N,nb21,1030,1.135,-1.866,2,1
10,3,27,3,N,nb22,1030,-1.372,1.723,2,0
10,3,27,3,N,nb23,1030,0.147,-1.547,3,1
10,3,27,3,N,nb24,1030,0.712,-0.555,0,0
10,3,27,3,N,nb25,1030,-1.039,0.143,1,1
10,3,27,3,N,nb26,1030,-0.059,-1.468,4,1
10,3,27,3,N,nb27,1030,0.934,0.8,2,1
10,3,27,3,N,nb28,1030,-1.786,-0.545,2,1
10,3,27,3,N,nb29,1030,-0.017,-1.255,2,1
10,3,27,3,A,aa0,1030,-1.561,1.391,0,0
10,3,27,3,A,aa1,1030,0.202,-0.126,0,0
10,3,27,3,A,aa2,1030,-0.018,-0.222,0,0
10,3,27,3,N,nb0,1035,-1.685,-0.262,2,1
10,3,27,3,N,nb1,1035,-1.489,1.188,0,0
10,3,27,3,N,nb2,1035,-0.683,1.865,2,1
10,3,27,3,N,nb3,1035,0.978,-1.678,2,1
10,3,27,3,N,nb4,1035,0.794,0.901,1,1
10,3,27,3,N,nb5,1035,-0.161,-1.676,2,1
10,3,27,3,N,nb6,1035,-0.922,1.866,2,1
10,3,27,3,N,nb7,1035,-1.087,1.825,2,0
10,3,27,3,N,nb8,1035,-1.274,1.865,2,1
10,3,27,3,N,nb9,1035,-1.475,-0.374,1,1
10,3,27,3,N,nb10,1035,1.037,0.664,1,1
10,3,27,3,N,nb11,1035,0.821,-1.867,1,1
10,3,27,3,N,nb12,1035,-1.167,-0.061,2,1
10,3,27,3,N,nb13,1035,-0.939,-0.159,1,1
10,3,27,3,N,nb14,1035,0.001,-1.727,2,1
10,3,27,3,N,nb15,1035,1.378,-1.866,1,1
10,3,27,3,N,nb16,1035,-1.544,1.865,1,0
10,3,27,3,N,nb17,1035,-1.7,-0.737,1,1
10,3,27,3,N,nb18,1035,0.09,-1.387,3,1
10,3,27,3,N,nb19,1035,-1.865,-0.392,2,1
10,3,27,3,N,nb20,1035,-0.445,1.866,1,1
10,3,27,3,N,nb21,1035,1.135,-1.866,2,1
10,3,27,3,N,nb22,1035,-1.432,1.739,2,0
10,3,27,3,N,nb23,1035,0.147,-1.547,3,1
10,3,27,3,N,nb24,1035,0.802,-0.6,0,0
10,3,27,3,N,nb25,1035,-1.039,0.143,1,1
10,3,27,3,N,nb26,1035,-0.059,-1.468,4,1
10,3,27,3,N,nb27,1035,0.934,0.8,2,1
10,3,27,3,N,nb28,1035,-1.786,-0.545,2,1
10,3,27,3,N,nb29,1035,-0.017,-1.255,2,1
10,3,27,3,A,aa0,1035,-1.583,1.398,0,0
10,3,27,3,A,aa1,1035,0.297,-0.152,0,0
10,3,27,3,A,aa2,1035,-0.032,-0.131,0,0
10,3,27,3,N,nb0,1040,-1.685,-0.262,2,1
10,3,27,3,N,nb1,1040,-1.544,1.109,0,0
10,3,27,3,N,nb2,1040,-0.683,1.865,2,1
10,3,27,3,N,nb3,1040,0.978,-1.678,2,1
10,3,27,3,N,nb4,1040,0.794,0.901,1,1
10,3,27,3,N,nb5,1040,-0.161,-1.676,2,1
10,3,27,3,N,nb6,1040,-0.922,1.866,2,1
10,3,27,3,N,nb7,1040,-1.092,1.866,2,1
10,3,27,3,N,nb8,1040,-1.274,1.865,2,1
10,3,27,3,N,nb9,1040,-1.475,-0.374,1,1
10,3,27,3,N,nb10,1040,1.037,0.664,1,1
10,3,27,3,N,nb11,1040,0.821,-1.867,1,1
10,3,27,3,N,nb12,1040,-1.167,-0.061,2,1
10,3,27,3,N,nb13,1040,-0.939,-0.159,1,1
10,3,27,3,N,nb14,1040,0.001,-1.727,2,1
10,3,27,3,N,nb15,1040,1.378,-1.866,1,1
10,3,27,3,N,nb16,1040,-1.627,1.865,1,1
10,3,27,3,N,nb17,1040,-1.7,-0.737,1,1
10,3,27,3,N,nb18,1040,0.09,-1.387,3,1
10,3,27,3,N,nb19,1040,-1.865,-0.392,2,1
10,3,27,3,N,nb20,1040,-0.445,1.866,1,1
10,3,27,3,N,nb21,1040,1.135,-1.866,2,1
10,3,27,3,N,nb22,1040,-1.497,1.755,2,1
10,3,27,3,N,nb23,1040,0.147,-1.547,3,1
10,3,27,3,N,nb24,1040,0.892,-0.644,0,0
10,3,27,3,N,nb25,1040,-1.039,0.143,1,1
10,3,27,3,N,nb26,1040,-0.059,-1.468,4,1
10,3,27,3,N,nb27,1040,0.934,0.8,2,1
10,3,27,3,N,nb28,1040,-1.786,-0.545,2,1
10,3,27,3,N,nb29,1040,-0.017,-1.255,2,1
10,3,27,3,A,aa0,1040,-1.594,1.385,1,0
10,3,27,3,A,aa1,1040,0.393,-0.178,0,0
10,3,27,3,A,aa2,1040,-0.05,-0.033,0,0
10,3,27,3,N,nb0,1045,-1.685,-0.262,2,1
10,3,27,3,N,nb1,1045,-1.598,1.025,0,0
10,3,27,3,N,nb2,1045,-0.683,1.865,2,1
10,3,27,3,N,nb3,1045,0.978,-1.678,2,1
10,3,27,3,N,nb4,1045,0.794,0.901,1,1
10,3,27,3,N,nb5,1045,-0.161,-1.676,2,1
10,3,27,3,N,nb6,1045,-0.922,1.866,2,1
10,3,27,3,N,nb7,1045,-1.092,1.866,2,1
10,3,27,3,N,nb8,1045,-1.274,1.865,1,1
10,3,27,3,N,nb9,1045,-1.475,-0.374,1,1
10,3,27,3,N,nb10,1045,1.037,0.664,1,1
10,3,27,3,N,nb11,1045,0.821,-1.867,1,1
10,3,27,3,N,nb12,1045,-1.167,-0.061,2,1
10,3,27,3,N,nb13,1045,-0.939,-0.159,1,1
10,3,27,3,N,nb14,1045,0.001,-1.727,2,1
10,3,27,3,N,nb15,1045,1.378,-1.866,1,1
10,3,27,3,N,nb16,1045,-1.66,1.865,1,0
10,3,27,3,N,nb17,1045,-1.7,-0.737,1,1
10,3,27,3,N,nb18,1045,0.09,-1.387,3,1
10,3,27,3,N,nb19,1045,-1.865,-0.392,2,1
10,3,27,3,N,nb20,1045,-0.445,1.866,1,1
10,3,27,3,N,nb21,1045,1.135,-1.866,2,1
10,3,27,3,N,nb22,1045,-1.526,1.76,1,0
10,3,27,3,N,nb23,1045,0.147,-1.547,3,1
10,3,27,3,N,nb24,1045,0.981,-0.688,0,0
10,3,27,3,N,nb25,1045,-1.039,0.143,1,1
10,3,27,3,N,nb26,1045,-0.059,-1.468,4,1
10,3,27,3,N,nb27,1045,0.934,0.8,2,1
10,3,27,3,N,nb28,1045,-1.786,-0.545,2,1
10,3,27,3,N,nb29,1045,-0.017,-1.255,2,1
10,3,27,3,A,aa0,1045,-1.622,1.353,0,0
10,3,27,3,A,aa1,1045,0.49,-0.203,0,0
10,3,27,3,A,aa2,1045,-0.068,0.065,0,0
10,3,27,3,N,nb0,1050,-1.685,-0.262,2,1
10,3,27,3,N,nb1,1050,-1.653,0.941,0,0
10,3,27,3,N,nb2,1050,-0.683,1.865,2,1
10,3,27,3,N,nb3,1050,0.978,-1.678,2,1
10,3,27,3,N,nb4,1050,0.794,0.901,1,1
10,3,27,3,N,nb5,1050,-0.161,-1.676,2,1
10,3,27,3,N,nb6,1050,-0.922,1.866,2,1
10,3,27,3,N,nb7,1050,-1.092,1.866,2,1
10,3,27,3,N,nb8,1050,-1.274,1.865,1,1
10,3,27,3,N,nb9,1050,-1.475,-0.374,1,1
10,3,27,3,N,nb10,1050,1.037,0.664,1,1
10,3,27,3,N,nb11,1050,0.821,-1.867,1,1
10,3,27,3,N,nb12,1050,-1.167,-0.061,2,1
10,3,27,3,N,nb13,1050,-0.939,-0.159,1,1
10,3,27,3,N,nb14,1050,0.001,-1.727,2,1
10,3,27,3,N,nb15,1050,1.378,-1.866,1,1
10,3,27,3,N,nb16,1050,-1.75,1.865,1,0
10,3,27,3,N,nb17,1050,-1.7,-0.737,1,1
10,3,27,3,N,nb18,1050,0.09,-1.387,3,1
10,3,27,3,N,nb19,1050,-1.865,-0.392,2,1
10,3,27,3,N,nb20,1050,-0.445,1.866,1,1
10,3,27,3,N,nb21,1050,1.135,-1.866,2,1
10,3,27,3,N,nb22,1050,-1.613,1.765,1,0
10,3,27,3,N,nb23,1050,0.147,-1.547,3,1
10,3,27,3,N,nb24,1050,1.071,-0.732,0,0
10,3,27,3,N,nb25,1050,-1.039,0.143,1,1
10,3,27,3,N,nb26,1050,-0.059,-1.468,4,1
10,3,27,3,N,nb27,1050,0.934,0.8,2,1
10,3,27,3,N,nb28,1050,-1.786,-0.545,2,1
10,3,27,3,N,nb29,1050,-0.017,-1.255,2,1
10,3,27,3,A,aa0,1050,-1.617,1.316,0,0
10,3,27,3,A,aa1,1050,0.587,-0.229,0,0
10,3,27,3,A,aa2,1050,-0.086,0.164,0,0
10,3,27,3,N,nb0,1055,-1.685,-0.262,2,1
10,3,27,3,N,nb1,1055,-1.707,0.858,0,0
10,3,27,3,N,nb2,1055,-0.683,1.865,2,1
10,3,27,3,N,nb3,1055,0.978,-1.678,2,1
10,3,27,3,N,nb4,1055,0.794,0.901,1,1
10,3,27,3,N,nb5,1055,-0.161,-1.676,2,1
10,3,27,3,N,nb6,1055,-0.922,1.866,2,1
10,3,27,3,N,nb7,1055,-1.092,1.866,2,1
10,3,27,3,N,nb8,1055,-1.274,1.865,1,0
10,3,27,3,N,nb9,1055,-1.475,-0.374,1,1
10,3,27,3,N,nb10,1055,1.037,0.664,1,1
10,3,27,3,N,nb11,1055,0.821,-1.867,1,1
10,3,27,3,N,nb12,1055,-1.167,-0.061,2,1
10,3,27,3,N,nb13,1055,-0.939,-0.159,1,0
10,3,27,3,N,nb14,1055,0.001,-1.727,2,1
10,3,27,3,N,nb15,1055,1.378,-1.866,1,1
10,3,27,3,N,nb16,1055,-1.801,1.865,1,1
10,3,27,3,N,nb17,1055,-1.7,-0.737,1,1
10,3,27,3,N,nb18,1055,0.09,-1.387,3,0
10,3,27,3,N,nb19,1055,-1.865,-0.392,2,1
10,3,27,3,N,nb20,1055,-0.445,1.866,1,1
10,3,27,3,N,nb21,1055,1.135,-1.866,2,1
10,3,27,3,N,nb22,1055,-1.668,1.76,1,1
10,3,27,3,N,nb23,1055,0.147,-1.547,3,0
10,3,27,3,N,nb24,1055,1.161,-0.777,0,0
10,3,27,3,N,nb25,1055,-1.039,0.143,1,1
10,3,27,3,N,nb26,1055,-0.059,-1.468,4,1
10,3,27,3,N,nb27,1055,0.934,0.8,2,1
10,3,27,3,N,nb28,1055,-1.786,-0.545,2,0
10,3,27,3,N,nb29,1055,-0.017,-1.255,2,1
10,3,27,3,A,aa0,1055,-1.603,1.217,1,0
10,3,27,3,A,aa1,1055,0.683,-0.255,0,0
10,3,27,3,A,aa2,1055,-0.105,0.262,0,0
10,3,27,3,N,nb0,1060,-1.685,-0.262,2,1
10,3,27,3,N,nb1,1060,-1.762,0.774,0,0
10,3,27,3,N,nb2,1060,-0.683,1.865,2,1
10,3,27,3,N,nb3,1060,0.978,-1.678,2,1
10,3,27,3,N,nb4,1060,0.794,0.901,1,1
10,3,27,3,N,nb5,1060,-0.161,-1.676,2,1
10,3,27,3,N,nb6,1060,-0.922,1.866,2,1
10,3,27,3,N,nb7,1060,-1.092,1.866,2,1
10,3,27,3,N,nb8,1060,-1.274,1.865,1,1
10,3,27,3,N,nb9,1060,-1.475,-0.374,1,1
10,3,27,3,N,nb10,1060,1.037,0.664,1,1
10,3,27,3,N,nb11,1060,0.821,-1.867,1,1
10,3,27,3,N,nb12,1060,-1.167,-0.061,2,1
10,3,27,3,N,nb13,1060,-0.939,-0.159,1,1
10,3,27,3,N,nb14,1060,0.001,-1.727,2,1
10,3,27,3,N,nb15,1060,1.378,-1.866,1,1
10,3,27,3,N,nb16,1060,-1.801,1.865,1,1
10,3,27,3,N,nb17,1060,-1.7,-0.737,1,1
10,3,27,3,N,nb18,1060,0.09,-1.387,3,1
10,3,27,3,N,nb19,1060,-1.865,-0.392,2,1
10,3,27,3,N,nb20,1060,-0.445,1.866,1,1
10,3,27,3,N,nb21,1060,1.135,-1.866,2,1
10,3,27,3,N,nb22,1060,-1.668,1.76,1,1
10,3,27,3,N,nb23,1060,0.147,-1.547,3,1
10,3,27,3,N,nb24,1060,1.25,-0.821,0,0
10,3,27,3,N,nb25,1060,-1.039,0.143,1,1
10,3,27,3,N,nb26,1060,-0.059,-1.468,4,1
10,3,27,3,N,nb27,1060,0.934,0.8,2,1
10,3,27,3,N,nb28,1060,-1.786,-0.545,2,1
10,3,27,3,N,nb29,1060,-0.017,-1.255,2,1
10,3,27,3,A,aa0,1060,-1.589,1.118,0,0
10,3,27,3,A,aa1,1060,0.78,-0.28,0,0
10,3,27,3,A,aa2,1060,-0.123,0.36,0,0
10,3,27,3,N,nb0,1065,-1.685,-0.262,2,1
10,3,27,3,N,nb1,1065,-1.809,0.695,0,0
10,3,27,3,N,nb2,1065,-0.683,1.865,2,1
10,3,27,3,N,nb3,1065,0.978,-1.678,2,1
10,3,27,3,N,nb4,1065,0.794,0.901,1,1
10,3,27,3,N,nb5,1065,-0.161,-1.676,2,1
10,3,27,3,N,nb6,1065,-0.922,1.866,2,1
10,3,27,3,N,nb7,1065,-1.092,1.866,2,1
10,3,27,3,N,nb8,1065,-1.274,1.865,1,1
10,3,27,3,N,nb9,1065,-1.475,-0.374,1,1
10,3,27,3,N,nb10,1065,1.037,0.664,1,1
10,3,27,3,N,nb11,1065,0.821,-1.867,1,1
10,3,27,3,N,nb12,1065,-1.167,-0.061,2,0
10,3,27,3,N,nb13,1065,-0.939,-0.159,1,1
10,3,27,3,N,nb14,1065,0.001,-1.727,2,1
10,3,27,3,N,nb15,1065,1.378,-1.866,1,1
10,3,27,3,N,nb16,1065,-1.801,1.865,1,1
10,3,27,3,N,nb17,1065,-1.7,-0.737,1,1
10,3,27,3,N,nb18,1065,0.09,-1.387,3,1
10,3,27,3,N,nb19,1065,-1.865,-0.392,2,1
10,3,27,3,N,nb20,1065,-0.445,1.866,1,1
10,3,27,3,N,nb21,1065,1.135,-1.866,2,1
10,3,27,3,N,nb22,1065,-1.668,1.76,1,1
10,3,27,3,N,nb23,1065,0.147,-1.547,3,1
10,3,27,3,N,nb24,1065,1.34,-0.865,0,0
10,3,27,3,N,nb25,1065,-1.039,0.143,1,0
10,3,27,3,N,nb26,1065,-0.059,-1.468,4,1
10,3,27,3,N,nb27,1065,0.934,0.8,2,1
10,3,27,3,N,nb28,1065,-1.786,-0.545,2,1
10,3,27,3,N,nb29,1065,-0.017,-1.255,2,0
10,3,27,3,A,aa0,1065,-1.575,1.019,0,0
10,3,27,3,A,aa1,1065,0.877,-0.306,0,0
10,3,27,3,A,aa2,1065,-0.141,0.459,0,0
10,3,27,3,N,nb0,1070,-1.685,-0.262,2,1
10,3,27,3,N,nb1,1070,-1.845,0.612,0,0
10,3,27,3,N,nb2,1070,-0.683,1.865,2,1
10,3,27,3,N,nb3,1070,0.978,-1.678,2,1
10,3,27,3,N,nb4,1070,0.794,0.901,1,1
10,3,27,3,N,nb5,1070,-0.161,-1.676,2,1
10,3,27,3,N,nb6,1070,-0.922,1.866,2,0
10,3,27,3,N,nb7,1070,-1.092,1.866,2,1
10,3,27,3,N,nb8,1070,-1.274,1.865,1,1
10,3,27,3,N,nb9,1070,-1.475,-0.374,1,1
10,3,27,3,N,nb10,1070,1.037,0.664,1,1
10,3,27,3,N,nb11,1070,0.821,-1.867,1,1
10,3,27,3,N,nb12,1070,-1.167,-0.061,2,1
10,3,27,3,N,nb13,1070,-0.939,-0.159,1,1
10,3,27,3,N,nb14,1070,0.001,-1.727,2,1
10,3,27,3,N,nb15,1070,1.378,-1.866,1,1
10,3,27,3,N,nb16,1070,-1.801,1.865,1,1
10,3,27,3,N,nb17,1070,-1.7,-0.737,1,1
10,3,27,3,N,nb18,1070,0.09,-1.387,3,1
10,3,27,3,N,nb19,1070,-1.865,-0.392,2,1
10,3,27,3,N,nb20,1070,-0.445,1.866,1,0
10,3,27,3,N,nb21,1070,1.135,-1.866,2,1
10,3,27,3,N,nb22,1070,-1.668,1.76,1,1
10,3,27,3,N,nb23,1070,0.147,-1.547,3,1
10,3,27,3,N,nb24,1070,1.43,-0.909,0,0
10,3,27,3,N,nb25,1070,-1.039,0.143,1,1
10,3,27,3,N,nb26,1070,-0.059,-1.468,4,1
10,3,27,3,N,nb27,1070,0.934,0.8,2,1
10,3,27,3,N,nb28,1070,-1.786,-0.545,2,1
10,3,27,3,N,nb29,1070,-0.017,-1.255,2,1
10,3,27,3,A,aa0,1070,-1.561,0.92,0,0
10,3,27,3,A,aa1,1070,0.973,-0.332,0,0
10,3,27,3,A,aa2,1070,-0.159,0.557,0,0
10,3,27,3,N,nb0,1075,-1.685,-0.262,2,1
10,3,27,3,N,nb1,1075,-1.865,0.525,0,0
10,3,27,3,N,nb2,1075,-0.683,1.865,2,1
10,3,27,3,N,nb3,1075,0.978,-1.678,2,1
10,3,27,3,N,nb4,1075,0.794,0.901,1,1
10,3,27,3,N,nb5,1075,-0.161,-1.676,2,1
10,3,27,3,N,nb6,1075,-0.922,1.866,2,1
10,3,27,3,N,nb7,1075,-1.092,1.866,2,1
10,3,27,3,N,nb8,1075,-1.274,1.865,1,1
10,3,27,3,N,nb9,1075,-1.475,-0.374,1,1
10,3,27,3,N,nb10,1075,1.037,0.664,1,1
10,3,27,3,N,nb11,1075,0.821,-1.867,1,1
10,3,27,3,N,nb12,1075,-1.167,-0.061,2,1
10,3,27,3,N,nb13,1075,-0.939,-0.159,1,1
10,3,27,3,N,nb14,1075,0.001,-1.727,2,1
10,3,27,3,N,nb15,1075,1.378,-1.866,1,1
10,3,27,3,N,nb16,1075,-1.801,1.865,1,1
10,3,27,3,N,nb17,1075,-1.7,-0.737,1,1
10,3,27,3,N,nb18,1075,0.09,-1.387,3,1
10,3,27,3,N,nb19,1075,-1.865,-0.392,2,1
10,3,27,3,N,nb20,1075,-0.445,1.866,1,1
10,3,27,3,N,nb21,1075,1.135,-1.866,2,1
10,3,27,3,N,nb22,1075,-1.668,1.76,1,1
10,3,27,3,N,nb23,1075,0.147,-1.547,3,1
10,3,27,3,N,nb24,1075,1.52,-0.954,0,0
10,3,27,3,N,nb25,1075,-1.039,0.143,1,1
10,3,27,3,N,nb26,1075,-0.059,-1.468,4,1
10,3,27,3,N,nb27,1075,0.934,0.8,2,1
10,3,27,3,N,nb28,1075,-1.786,-0.545,2,1
10,3,27,3,N,nb29,1075,-0.017,-1.255,2,1
10,3,27,3,A,aa0,1075,-1.547,0.821,0,0
10,3,27,3,A,aa1,1075,1.054,-0.353,0,0
10,3,27,3,A,aa2,1075,-0.177,0.655,0,0
10,3,27,3,N,nb0,1080,-1.685,-0.262,2,1
10,3,27,3,N,nb1,1080,-1.865,0.436,0,0
10,3,27,3,N,nb2,1080,-0.683,1.865,2,1
10,3,27,3,N,nb3,1080,0.978,-1.678,2,1
10,3,27,3,N,nb4,1080,0.794,0.901,1,1
10,3,27,3,N,nb5,1080,-0.161,-1.676,2,1
10,3,27,3,N,nb6,1080,-0.922,1.866,2,1
10,3,27,3,N,nb7,1080,-1.092,1.866,2,1
10,3,27,3,N,nb8,1080,-1.274,1.865,1,1
10,3,27,3,N,nb9,1080,-1.475,-0.374,1,1
10,3,27,3,N,nb10,1080,1.037,0.664,1,1
10,3,27,3,N,nb11,1080,0.821,-1.867,1,1
10,3,27,3,N,nb12,1080,-1.167,-0.061,2,1
10,3,27,3,N,nb13,1080,-0.939,-0.159,1,1
10,3,27,3,N,nb14,1080,0.001,-1.727,2,1
10,3,27,3,N,nb15,1080,1.378,-1.866,1,1
10,3,27,3,N,nb16,1080,-1.801,1.865,1,1
10,3,27,3,N,nb17,1080,-1.7,-0.737,1,1
10,3,27,3,N,nb18,1080,0.09,-1.387,3,1
10,3,27,3,N,nb19,1080,-1.865,-0.392,2,1
10,3,27,3,N,nb20,1080,-0.445,1.866,1,1
10,3,27,3,N,nb21,1080,1.135,-1.866,2,1
10,3,27,3,N,nb22,1080,-1.668,1.76,1,1
10,3,27,3,N,nb23,1080,0.147,-1.547,3,1
10,3,27,3,N,nb24,1080,1.609,-0.998,0,0
10,3,27,3,N,nb25,1080,-1.039,0.143,1,1
10,3,27,3,N,nb26,1080,-0.059,-1.468,4,1
10,3,27,3,N,nb27,1080,0.934,0.8,2,1
10,3,27,3,N,nb28,1080,-1.786,-0.545,2,1
10,3,27,3,N,nb29,1080,-0.017,-1.255,2,1
10,3,27,3,A,aa0,1080,-1.533,0.722,0,0
10,3,27,3,A,aa1,1080,1.054,-0.353,0,0
10,3,27,3,A,aa2,1080,-0.195,0.754,0,0
10,3,27,3,N,nb0,1085,-1.685,-0.262,2,1
10,3,27,3,N,nb1,1085,-1.865,0.344,0,0
10,3,27,3,N,nb2,1085,-0.683,1.865,2,1
10,3,27,3,N,nb3,1085,0.978,-1.678,2,1
10,3,27,3,N,nb4,1085,0.794,0.901,1,1
10,3,27,3,N,nb5,1085,-0.161,-1.676,2,1
10,3,27,3,N,nb6,1085,-0.922,1.866,2,1
10,3,27,3,N,nb7,1085,-1.092,1.866,2,1
10,3,27,3,N,nb8,1085,-1.274,1.865,1,1
10,3,27,3,N,nb9,1085,-1.475,-0.374,1,1
10,3,27,3,N,nb10,1085,1.037,0.664,1,1
10,3,27,3,N,nb11,1085,0.821,-1.867,1,1
10,3,27,3,N,nb12,1085,-1.167,-0.061,2,1
10,3,27,3,N,nb13,1085,-0.939,-0.159,1,1
10,3,27,3,N,nb14,1085,0.001,-1.727,2,1
10,3,27,3,N,nb15,1085,1.378,-1.866,1,1
10,3,27,3,N,nb16,1085,-1.801,1.865,1,1
10,3,27,3,N,nb17,1085,-1.7,-0.737,1,1
10,3,27,3,N,nb18,1085,0.09,-1.387,3,1
10,3,27,3,N,nb19,1085,-1.865,-0.392,2,1
10,3,27,3,N,nb20,1085,-0.445,1.866,1,1
10,3,27,3,N,nb21,1085,1.135,-1.866,2,1
10,3,27,3,N,nb22,1085,-1.668,1.76,1,1
10,3,27,3,N,nb23,1085,0.147,-1.547,3,1
10,3,27,3,N,nb24,1085,1.699,-1.042,0,0
10,3,27,3,N,nb25,1085,-1.039,0.143,1,1
10,3,27,3,N,nb26,1085,-0.059,-1.468,4,0
10,3,27,3,N,nb27,1085,0.934,0.8,2,1
10,3,27,3,N,nb28,1085,-1.786,-0.545,2,1
10,3,27,3,N,nb29,1085,-0.017,-1.255,2,1
10,3,27,3,A,aa0,1085,-1.519,0.623,0,0
10,3,27,3,A,aa1,1085,1.111,-0.301,0,0
10,3,27,3,A,aa2,1085,-0.196,0.757,0,0
10,3,27,3,N,nb0,1090,-1.685,-0.262,2,1
10,3,27,3,N,nb1,1090,-1.856,0.252,0,0
10,3,27,3,N,nb2,1090,-0.683,1.865,2,1
10,3,27,3,N,nb3,1090,0.978,-1.678,2,1
10,3,27,3,N,nb4,1090,0.794,0.901,1,1
10,3,27,3,N,nb5,1090,-0.161,-1.676,2,1
10,3,27,3,N,nb6,1090,-0.922,1.866,2,1
10,3,27,3,N,nb7,1090,-1.092,1.866,2,1
10,3,27,3,N,nb8,1090,-1.274,1.865,1,1
10,3,27,3,N,nb9,1090,-1.475,-0.374,1,1
10,3,27,3,N,nb10,1090,1.037,0.664,1,1
10,3,27,3,N,nb11,1090,0.821,-1.867,1,1
10,3,27,3,N,nb12,1090,-1.167,-0.061,2,1
10,3,27,3,N,nb13,1090,-0.939,-0.159,1,1
10,3,27,3,N,nb14,1090,0.001,-1.727,2,1
10,3,27,3,N,nb15,1090,1.378,-1.866,1,1
10,3,27,3,N,nb16,1090,-1.801,1.865,1,1
10,3,27,3,N,nb17,1090,-1.7,-0.737,1,1
10,3,27,3,N,nb18,1090,0.09,-1.387,3,1
10,3,27,3,N,nb19,1090,-1.865,-0.392,2,1
10,3,27,3,N,nb20,1090,-0.445,1.866,1,1
10,3,27,3,N,nb21,1090,1.135,-1.866,2,1
10,3,27,3,N,nb22,1090,-1.668,1.76,1,1
10,3,27,3,N,nb23,1090,0.147,-1.547,3,1
10,3,27,3,N,nb24,1090,1.786,-1.085,0,0
10,3,27,3,N,nb25,1090,-1.039,0.143,1,1
10,3,27,3,N,nb26,1090,-0.059,-1.468,4,1
10,3,27,3,N,nb27,1090,0.934,0.8,2,1
10,3,27,3,N,nb28,1090,-1.786,-0.545,2,1
10,3,27,3,N,nb29,1090,-0.017,-1.255,2,1
10,3,27,3,A,aa0,1090,-1.504,0.524,0,0
10,3,27,3,A,aa1,1090,1.184,-0.234,0,0
10,3,27,3,A,aa2,1090,-0.232,0.766,0,0
10,3,27,3,N,nb0,1095,-1.685,-0.262,2,1
10,3,27,3,N,nb1,1095,-1.838,0.16,0,0
10,3,27,3,N,nb2,1095,-0.683,1.865,2,0
10,3,27,3,N,nb3,1095,0.978,-1.678,2,1
10,3,27,3,N,nb4,1095,0.794,0.901,1,1
10,3,27,3,N,nb5,1095,-0.161,-1.676,2,1
10,3,27,3,N,nb6,1095,-0.922,1.866,2,1
10,3,27,3,N,nb7,1095,-1.092,1.866,2,1
10,3,27,3,N,nb8,1095,-1.274,1.865,1,1
10,3,27,3,N,nb9,1095,-1.475,-0.374,1,1
10,3,27,3,N,nb10,1095,1.037,0.664,1,1
10,3,27,3,N,nb11,1095,0.821,-1.867,1,1
10,3,27,3,N,nb12,1095,-1.167,-0.061,2,1
10,3,27,3,N,nb13,1095,-0.939,-0.159,1,1
10,3,27,3,N,nb14,1095,0.001,-1.727,2,1
10,3,27,3,N,nb15,1095,1.378,-1.866,1,1
10,3,27,3,N,nb16,1095,-1.801,1.865,1,1
10,3,27,3,N,nb17,1095,-1.7,-0.737,1,1
10,3,27,3,N,nb18,1095,0.09,-1.387,3,1
10,3,27,3,N,nb19,1095,-1.865,-0.392,2,1
10,3,27,3,N,nb20,1095,-0.445,1.866,1,1
10,3,27,3,N,nb21,1095,1.135,-1.866,2,1
10,3,27,3,N,nb22,1095,-1.668,1.76,1,1
10,3,27,3,N,nb23,1095,0.147,-1.547,3,1
10,3,27,3,N,nb24,1095,1.86,-1.132,0,0
10,3,27,3,N,nb25,1095,-1.039,0.143,1,1
10,3,27,3,N,nb26,1095,-0.059,-1.468,4,1
10,3,27,3,N,nb27,1095,0.934,0.8,2,1
10,3,27,3,N,nb28,1095,-1.786,-0.545,2,1
10,3,27,3,N,nb29,1095,-0.017,-1.255,2,1
10,3,27,3,A,aa0,1095,-1.49,0.425,2,0
10,3,27,3,A,aa1,1095,1.231,-0.191,0,0
10,3,27,3,A,aa2,1095,-0.329,0.79,0,0
10,3,27,3,N,nb0,1100,-1.685,-0.262,2,1
10,3,27,3,N,nb1,1100,-1.812,0.071,0,0
10,3,27,3,N,nb2,1100,-0.683,1.865,2,1
10,3,27,3,N,nb3,1100,0.978,-1.678,2,1
10,3,27,3,N,nb4,1100,0.794,0.901,1,0
10,3,27,3,N,nb5,1100,-0.161,-1.676,2,1
10,3,27,3,N,nb6,1100,-0.922,1.866,2,1
10,3,27,3,N,nb7,1100,-1.092,1.866,2,0
10,3,27,3,N,nb8,1100,-1.274,1.865,1,1
10,3,27,3,N,nb9,1100,-1.475,-0.374,1,1
10,3,27,3,N,nb10,1100,1.037,0.664,1,0
10,3,27,3,N,nb11,1100,0.821,-1.867,1,1
10,3,27,3,N,nb12,1100,-1.167,-0.061,2,1
10,3,27,3,N,nb13,1100,-0.939,-0.159,1,1
10,3,27,3,N,nb14,1100,0.001,-1.727,2,1
10,3,27,3,N,nb15,1100,1.378,-1.866,1,1
10,3,27,3,N,nb16,1100,-1.801,1.865,1,1
10,3,27,3,N,nb17,1100,-1.7,-0.737,1,1
10,3,27,3,N,nb18,1100,0.09,-1.387,3,1
10,3,27,3,N,nb19,1100,-1.865,-0.392,2,1
10,3,27,3,N,nb20,1100,-0.445,1.866,1,1
10,3,27,3,N,nb21,1100,1.135,-1.866,2,1
10,3,27,3,N,nb22,1100,-1.668,1.76,1,1
10,3,27,3,N,nb23,1100,0.147,-1.547,3,1
10,3,27,3,N,nb24,1100,1.866,-1.187,0,0
10,3,27,3,N,nb25,1100,-1.039,0.143,1,1
10,3,27,3,N,nb26,1100,-0.059,-1.468,4,1
10,3,27,3,N,nb27,1100,0.934,0.8,2,0
10,3,27,3,N,nb28,1100,-1.786,-0.545,2,1
10,3,27,3,N,nb29,1100,-0.017,-1.255,2,1
10,3,27,3,A,aa0,1100,-1.476,0.326,2,0
10,3,27,3,A,aa1,1100,1.231,-0.175,0,0
10,3,27,3,A,aa2,1100,-0.426,0.815,0,0
10,3,27,3,N,nb0,1105,-1.699,-0.268,2,0
10,3,27,3,N,nb1,1105,-1.777,-0.017,0,0
10,3,27,3,N,nb2,1105,-0.683,1.865,2,1
10,3,27,3,N,nb3,1105,0.978,-1.678,2,0
10,3,27,3,N,nb4,1105,0.794,0.901,1,1
10,3,27,3,N,nb5,1105,-0.161,-1.676,2,1
10,3,27,3,N,nb6,1105,-0.922,1.866,2,1
10,3,27,3,N,nb7,1105,-1.092,1.866,2,1
10,3,27,3,N,nb8,1105,-1.274,1.865,1,1
10,3,27,3,N,nb9,1105,-1.475,-0.374,1,1
10,3,27,3,N,nb10,1105,1.037,0.664,1,1
10,3,27,3,N,nb11,1105,0.821,-1.867,1,1
10,3,27,3,N,nb12,1105,-1.172,-0.046,1,0
10,3,27,3,N,nb13,1105,-0.939,-0.159,0,1
10,3,27,3,N,nb14,1105,0.001,-1.727,2,1
10,3,27,3,N,nb15,1105,1.378,-1.866,1,1
10,3,27,3,N,nb16,1105,-1.801,1.865,1,1
10,3,27,3,N,nb17,1105,-1.7,-0.737,1,1
10,3,27,3,N,nb18,1105,0.09,-1.387,3,1
10,3,27,3,N,nb19,1105,-1.865,-0.392,2,1
10,3,27,3,N,nb20,1105,-0.445,1.866,1,1
10,3,27,3,N,nb21,1105,1.135,-1.866,2,0
10,3,27,3,N,nb22,1105,-1.668,1.76,1,1
10,3,27,3,N,nb23,1105,0.147,-1.547,3,1
10,3,27,3,N,nb24,1105,1.866,-1.252,0,0
10,3,27,3,N,nb25,1105,-1.052,0.152,1,0
10,3,27,3,N,nb26,1105,-0.059,-1.468,4,1
10,3,27,3,N,nb27,1105,0.934,0.8,2,1
10,3,27,3,N,nb28,1105,-1.786,-0.545,2,1
10,3,27,3,N,nb29,1105,-0.017,-1.255,2,1
10,3,27,3,A,aa0,1105,-1.462,0.227,0,0
10,3,27,3,A,aa1,1105,1.228,-0.075,0,0
10,3,27,3,A,aa2,1105,-0.523,0.839,0,0
10,3,27,3,N,nb0,1110,-1.733,-0.287,1,0
10,3,27,3,N,nb1,1110,-1.768,-0.036,0,1
10,3,27,3,N,nb2,1110,-0.683,1.865,2,1
10,3,27,3,N,nb3,1110,0.978,-1.678,2,1
10,3,27,3,N,nb4,1110,0.794,0.901,1,1
10,3,27,3,N,nb5,1110,-0.161,-1.676,2,1
10,3,27,3,N,nb6,1110,-0.922,1.866,2,1
10,3,27,3,N,nb7,1110,-1.092,1.866,2,1
10,3,27,3,N,nb8,1110,-1.274,1.865,1,1
10,3,27,3,N,nb9,1110,-1.475,-0.374,0,1
10,3,27,3,N,nb10,1110,1.037,0.664,1,1
10,3,27,3,N,nb11,1110,0.821,-1.867,1,1
10,3,27,3,N,nb12,1110,-1.207,0.036,1,0
10,3,27,3,N,nb13,1110,-0.939,-0.159,0,1
10,3,27,3,N,nb14,1110,0.001,-1.727,2,1
10,3,27,3,N,nb15,1110,1.378,-1.866,1,1
10,3,27,3,N,nb16,1110,-1.801,1.865,1,1
10,3,27,3,N,nb17,1110,-1.7,-0.737,1,1
10,3,27,3,N,nb18,1110,0.09,-1.387,3,1
10,3,27,3,N,nb19,1110,-1.865,-0.392,2,1
10,3,27,3,N,nb20,1110,-0.445,1.866,1,1
10,3,27,3,N,nb21,1110,1.135,-1.866,2,1
10,3,27,3,N,nb22,1110,-1.668,1.76,1,1
10,3,27,3,N,nb23,1110,0.147,-1.547,3,1
10,3,27,3,N,nb24,1110,1.866,-1.327,0,0
10,3,27,3,N,nb25,1110,-1.126,0.208,1,0
10,3,27,3,N,nb26,1110,-0.059,-1.468,4,1
10,3,27,3,N,nb27,1110,0.934,0.8,2,1
10,3,27,3,N,nb28,1110,-1.786,-0.545,2,1
10,3,27,3,N,nb29,1110,-0.017,-1.255,2,1
10,3,27,3,A,aa0,1110,-1.448,0.128,2,0
10,3,27,3,A,aa1,1110,1.226,0.025,0,0
10,3,27,3,A,aa2,1110,-0.62,0.863,0,0
10,3,27,3,N,nb0,1115,-1.735,-0.283,2,0
10,3,27,3,N,nb1,1115,-1.768,-0.036,1,0
10,3,27,3,N,nb2,1115,-0.683,1.865,2,1
10,3,27,3,N,nb3,1115,0.978,-1.678,2,1
10,3,27,3,N,nb4,1115,0.794,0.901,1,1
10,3,27,3,N,nb5,1115,-0.161,-1.676,2,1
10,3,27,3,N,nb6,1115,-0.922,1.866,2,1
10,3,27,3,N,nb7,1115,-1.092,1.866,2,1
10,3,27,3,N,nb8,1115,-1.274,1.865,1,1
10,3,27,3,N,nb9,1115,-1.475,-0.374,0,0
10,3,27,3,N,nb10,1115,1.037,0.664,1,1
10,3,27,3,N,nb11,1115,0.821,-1.867,1,1
10,3,27,3,N,nb12,1115,-1.246,0.098,1,0
10,3,27,3,N,nb13,1115,-0.939,-0.159,0,0
10,3,27,3,N,nb14,1115,0.001,-1.727,2,1
10,3,27,3,N,nb15,1115,1.378,-1.866,1,1
10,3,27,3,N,nb16,1115,-1.801,1.865,1,1
10,3,27,3,N,nb17,1115,-1.7,-0.737,1,1
10,3,27,3,N,nb18,1115,0.09,-1.387,3,1
10,3,27,3,N,nb19,1115,-1.865,-0.392,2,1
10,3,27,3,N,nb20,1115,-0.445,1.866,1,1
10,3,27,3,N,nb21,1115,1.135,-1.866,2,1
10,3,27,3,N,nb22,1115,-1.668,1.76,1,1
10,3,27,3,N,nb23,1115,0.147,-1.547,3,1
10,3,27,3,N,nb24,1115,1.866,-1.41,0,0
10,3,27,3,N,nb25,1115,-1.184,0.26,1,1
10,3,27,3,N,nb26,1115,-0.059,-1.468,4,1
10,3,27,3,N,nb27,1115,0.934,0.8,2,1
10,3,27,3,N,nb28,1115,-1.786,-0.545,2,1
10,3,27,3,N,nb29,1115,-0.017,-1.255,2,1
10,3,27,3,A,aa0,1115,-1.44,0.037,3,1
10,3,27,3,A,aa1,1115,1.223,0.109,1,0
10,3,27,3,A,aa2,1115,-0.717,0.888,0,0
10,3,27,3,N,nb0,1120,-1.745,-0.273,3,0
10,3,27,3,N,nb1,1120,-1.728,-0.105,1,0
10,3,27,3,N,nb2,1120,-0.683,1.865,2,1
10,3,27,3,N,nb3,1120,0.978,-1.678,2,1
10,3,27,3,N,nb4,1120,0.794,0.901,1,1
10,3,27,3,N,nb5,1120,-0.161,-1.676,2,1
10,3,27,3,N,nb6,1120,-0.922,1.866,2,1
10,3,27,3,N,nb7,1120,-1.092,1.866,2,1
10,3,27,3,N,nb8,1120,-1.274,1.865,1,1
10,3,27,3,N,nb9,1120,-1.523,-0.3,1,0
10,3,27,3,N,nb10,1120,1.037,0.664,1,1
10,3,27,3,N,nb11,1120,0.821,-1.867,1,1
10,3,27,3,N,nb12,1120,-1.29,0.14,1,0
10,3,27,3,N,nb13,1120,-0.956,-0.064,0,0
10,3,27,3,N,nb14,1120,0.001,-1.727,2,1
10,3,27,3,N,nb15,1120,1.378,-1.866,1,1
10,3,27,3,N,nb16,1120,-1.801,1.865,1,1
10,3,27,3,N,nb17,1120,-1.7,-0.737,1,1
10,3,27,3,N,nb18,1120,0.09,-1.387,3,1
10,3,27,3,N,nb19,1120,-1.865,-0.392,2,1
10,3,27,3,N,nb20,1120,-0.445,1.866,1,1
10,3,27,3,N,nb21,1120,1.135,-1.866,2,1
10,3,27,3,N,nb22,1120,-1.668,1.76,1,1
10,3,27,3,N,nb23,1120,0.147,-1.547,3,1
10,3,27,3,N,nb24,1120,1.866,-1.497,0,0
10,3,27,3,N,nb25,1120,-1.183,0.272,1,1
10,3,27,3,N,nb26,1120,-0.059,-1.468,4,1
10,3,27,3,N,nb27,1120,0.934,0.8,2,1
10,3,27,3,N,nb28,1120,-1.786,-0.545,2,1
10,3,27,3,N,nb29,1120,-0.017,-1.255,2,1
10,3,27,3,A,aa0,1120,-1.441,-0.058,0,0
10,3,27,3,A,aa1,1120,1.223,0.109,1,0
10,3,27,3,A,aa2,1120,-0.814,0.912,0,0
10,3,27,3,N,nb0,1125,-1.75,-0.269,3,0
10,3,27,3,N,nb1,1125,-1.687,-0.112,2,1
10,3,27,3,N,nb2,1125,-0.683,1.865,2,1
10,3,27,3,N,nb3,1125,0.978,-1.678,2,1
10,3,27,3,N,nb4,1125,0.794,0.901,1,1
10,3,27,3,N,nb5,1125,-0.161,-1.676,2,1
10,3,27,3,N,nb6,1125,-0.922,1.866,2,1
10,3,27,3,N,nb7,1125,-1.092,1.866,2,1
10,3,27,3,N,nb8,1125,-1.274,1.865,1,1
10,3,27,3,N,nb9,1125,-1.562,-0.241,2,1
10,3,27,3,N,nb10,1125,1.037,0.664,1,1
10,3,27,3,N,nb11,1125,0.821,-1.867,1,1
10,3,27,3,N,nb12,1125,-1.357,0.204,1,0
10,3,27,3,N,nb13,1125,-0.974,0.035,0,0
10,3,27,3,N,nb14,1125,0.001,-1.727,2,1
10,3,27,3,N,nb15,1125,1.378,-1.866,1,0
10,3,27,3,N,nb16,1125,-1.801,1.865,1,1
10,3,27,3,N,nb17,1125,-1.7,-0.737,1,1
10,3,27,3,N,nb18,1125,0.09,-1.387,3,1
10,3,27,3,N,nb19,1125,-1.865,-0.393,2,1
10,3,27,3,N,nb20,1125,-0.445,1.866,1,1
10,3,27,3,N,nb21,1125,1.135,-1.866,2,1
10,3,27,3,N,nb22,1125,-1.668,1.76,1,1
10,3,27,3,N,nb23,1125,0.147,-1.547,3,1
10,3,27,3,N,nb24,1125,1.866,-1.587,0,0
10,3,27,3,N,nb25,1125,-1.183,0.274,1,1
10,3,27,3,N,nb26,1125,-0.059,-1.468,4,1
10,3,27,3,N,nb27,1125,0.934,0.8,2,1
10,3,27,3,N,nb28,1125,-1.786,-0.545,2,1
10,3,27,3,N,nb29,1125,-0.017,-1.255,2,1
10,3,27,3,A,aa0,1125,-1.439,-0.126,1,0
10,3,27,3,A,aa1,1125,1.171,0.131,1,0
10,3,27,3,A,aa2,1125,-0.911,0.936,0,0
10,3,27,3,N,nb0,1130,-1.751,-0.268,3,1
10,3,27,3,N,nb1,1130,-1.681,-0.114,2,0
10,3,27,3,N,nb2,1130,-0.683,1.865,2,1
10,3,27,3,N,nb3,1130,0.978,-1.678,2,1
10,3,27,3,N,nb4,1130,0.794,0.901,1,1
10,3,27,3,N,nb5,1130,-0.161,-1.676,2,1
10,3,27,3,N,nb6,1130,-0.922,1.866,2,1
10,3,27,3,N,nb7,1130,-1.092,1.866,2,1
10,3,27,3,N,nb8,1130,-1.274,1.865,1,1
10,3,27,3,N,nb9,1130,-1.567,-0.239,2,0
10,3,27,3,N,nb10,1130,1.037,0.664,1,1
10,3,27,3,N,nb11,1130,0.821,-1.867,1,1
10,3,27,3,N,nb12,1130,-1.386,0.229,1,0
10,3,27,3,N,nb13,1130,-0.99,0.129,0,0
10,3,27,3,N,nb14,1130,0.001,-1.727,2,1
10,3,27,3,N,nb15,1130,1.378,-1.866,1,1
10,3,27,3,N,nb16,1130,-1.801,1.865,1,1
10,3,27,3,N,nb17,1130,-1.7,-0.737,1,1
10,3,27,3,N,nb18,1130,0.09,-1.387,3,1
10,3,27,3,N,nb19,1130,-1.865,-0.393,2,1
10,3,27,3,N,nb20,1130,-0.445,1.866,1,1
10,3,27,3,N,nb21,1130,1.135,-1.866,2,1
10,3,27,3,N,nb22,1130,-1.668,1.76,1,1
10,3,27,3,N,nb23,1130,0.147,-1.547,3,1
10,3,27,3,N,nb24,1130,1.864,-1.679,0,0
10,3,27,3,N,nb25,1130,-1.194,0.284,1,0
10,3,27,3,N,nb26,1130,-0.059,-1.468,4,1
10,3,27,3,N,nb27,1130,0.934,0.8,2,1
10,3,27,3,N,nb28,1130,-1.786,-0.545,2,1
10,3,27,3,N,nb29,1130,-0.017,-1.255,2,1
10,3,27,3,A,aa0,1130,-1.433,-0.136,0,0
10,3,27,3,A,aa1,1130,1.079,0.17,1,0
10,3,27,3,A,aa2,1130,-0.972,0.951,0,0
10,3,27,3,N,nb0,1135,-1.751,-0.268,3,1
10,3,27,3,N,nb1,1135,-1.658,-0.117,2,0
10,3,27,3,N,nb2,1135,-0.683,1.865,2,1
10,3,27,3,N,nb3,1135,0.978,-1.678,2,1
10,3,27,3,N,nb4,1135,0.794,0.901,1,1
10,3,27,3,N,nb5,1135,-0.161,-1.676,2,1
10,3,27,3,N,nb6,1135,-0.922,1.866,2,1
10,3,27,3,N,nb7,1135,-1.092,1.866,2,1
10,3,27,3,N,nb8,1135,-1.274,1.865,1,1
10,3,27,3,N,nb9,1135,-1.544,-0.24,2,0
10,3,27,3,N,nb10,1135,1.037,0.664,1,1
10,3,27,3,N,nb11,1135,0.821,-1.867,1,1
10,3,27,3,N,nb12,1135,-1.461,0.286,1,0
10,3,27,3,N,nb13,1135,-0.995,0.221,0,0
10,3,27,3,N,nb14,1135,0.001,-1.727,2,1
10,3,27,3,N,nb15,1135,1.378,-1.866,1,1
10,3,27,3,N,nb16,1135,-1.801,1.865,1,1
10,3,27,3,N,nb17,1135,-1.7,-0.737,1,1
10,3,27,3,N,nb18,1135,0.09,-1.387,3,1
10,3,27,3,N,nb19,1135,-1.865,-0.393,2,1
10,3,27,3,N,nb20,1135,-0.445,1.866,1,1
10,3,27,3,N,nb21,1135,1.135,-1.866,2,1
10,3,27,3,N,nb22,1135,-1.668,1.76,1,1
10,3,27,3,N,nb23,1135,0.147,-1.547,3,1
10,3,27,3,N,nb24,1135,1.852,-1.771,0,0
10,3,27,3,N,nb25,1135,-1.253,0.353,1,0
10,3,27,3,N,nb26,1135,-0.059,-1.468,4,1
10,3,27,3,N,nb27,1135,0.934,0.8,2,1
10,3,27,3,N,nb28,1135,-1.786,-0.545,2,1
10,3,27,3,N,nb29,1135,-0.017,-1.255,2,1
10,3,27,3,A,aa0,1135,-1.389,-0.166,0,0
10,3,27,3,A,aa1,1135,0.987,0.209,2,0
10,3,27,3,A,aa2,1135,-0.972,0.951,0,0
10,3,27,3,N,nb0,1140,-1.751,-0.268,2,1
10,3,27,3,N,nb1,1140,-1.634,-0.119,2,1
10,3,27,3,N,nb2,1140,-0.683,1.865,2,1
10,3,27,3,N,nb3,1140,0.978,-1.678,2,1
10,3,27,3,N,nb4,1140,0.794,0.901,1,1
10,3,27,3,N,nb5,1140,-0.161,-1.676,2,1
10,3,27,3,N,nb6,1140,-0.922,1.866,2,1
10,3,27,3,N,nb7,1140,-1.092,1.866,2,1
10,3,27,3,N,nb8,1140,-1.274,1.865,1,1
10,3,27,3,N,nb9,1140,-1.502,-0.225,1,1
10,3,27,3,N,nb10,1140,1.037,0.664,1,1
10,3,27,3,N,nb11,1140,0.821,-1.867,1,1
10,3,27,3,N,nb12,1140,-1.527,0.331,1,1
10,3,27,3,N,nb13,1140,-0.997,0.321,0,0
10,3,27,3,N,nb14,1140,0.001,-1.727,2,1
10,3,27,3,N,nb15,1140,1.378,-1.866,1,1
10,3,27,3,N,nb16,1140,-1.801,1.865,1,1
10,3,27,3,N,nb17,1140,-1.7,-0.737,1,1
10,3,27,3,N,nb18,1140,0.09,-1.387,3,1
10,3,27,3,N,nb19,1140,-1.865,-0.393,2,1
10,3,27,3,N,nb20,1140,-0.445,1.866,1,1
10,3,27,3,N,nb21,1140,1.135,-1.866,2,1
10,3,27,3,N,nb22,1140,-1.668,1.76,1,1
10,3,27,3,N,nb23,1140,0.147,-1.547,3,1
10,3,27,3,N,nb24,1140,1.832,-1.86,0,0
10,3,27,3,N,nb25,1140,-1.294,0.416,1,1
10,3,27,3,N,nb26,1140,-0.059,-1.468,4,1
10,3,27,3,N,nb27,1140,0.934,0.8,2,1
10,3,27,3,N,nb28,1140,-1.786,-0.545,2,1
10,3,27,3,N,nb29,1140,-0.017,-1.255,2,1
10,3,27,3,A,aa0,1140,-1.307,-0.216,1,0
10,3,27,3,A,aa1,1140,0.895,0.248,2,0
10,3,27,3,A,aa2,1140,-1.043,0.885,0,0
10,3,27,3,N,nb0,1145,-1.751,-0.268,2,1
10,3,27,3,N,nb1,1145,-1.634,-0.119,2,1
10,3,27,3,N,nb2,1145,-0.683,1.865,2,1
10,3,27,3,N,nb3,1145,0.978,-1.678,2,1
10,3,27,3,N,nb4,1145,0.794,0.901,1,1
10,3,27,3,N,nb5,1145,-0.161,-1.676,2,0
10,3,27,3,N,nb6,1145,-0.922,1.866,2,1
10,3,27,3,N,nb7,1145,-1.092,1.866,2,1
10,3,27,3,N,nb8,1145,-1.274,1.865,1,1
10,3,27,3,N,nb9,1145,-1.502,-0.225,1,1
10,3,27,3,N,nb10,1145,1.037,0.664,1,1
10,3,27,3,N,nb11,1145,0.821,-1.867,1,1
10,3,27,3,N,nb12,1145,-1.527,0.331,1,1
10,3,27,3,N,nb13,1145,-0.998,0.421,0,0
10,3,27,3,N,nb14,1145,0.001,-1.727,2,0
10,3,27,3,N,nb15,1145,1.378,-1.866,1,1
10,3,27,3,N,nb16,1145,-1.801,1.865,1,0
10,3,27,3,N,nb17,1145,-1.7,-0.737,1,1
10,3,27,3,N,nb18,1145,0.09,-1.387,3,1
10,3,27,3,N,nb19,1145,-1.865,-0.393,2,1
10,3,27,3,N,nb20,1145,-0.445,1.866,1,1
10,3,27,3,N,nb21,1145,1.135,-1.866,2,1
10,3,27,3,N,nb22,1145,-1.668,1.76,1,0
10,3,27,3,N,nb23,1145,0.147,-1.547,3,1
10,3,27,3,N,nb24,1145,1.806,-1.865,0,0
10,3,27,3,N,nb25,1145,-1.294,0.416,1,1
10,3,27,3,N,nb26,1145,-0.059,-1.468,4,1
10,3,27,3,N,nb27,1145,0.934,0.8,2,1
10,3,27,3,N,nb28,1145,-1.786,-0.545,2,1
10,3,27,3,N,nb29,1145,-0.017,-1.255,2,1
10,3,27,3,A,aa0,1145,-1.221,-0.262,1,0
10,3,27,3,A,aa1,1145,0.818,0.281,2,0
10,3,27,3,A,aa2,1145,-1.115,0.817,1,0
10,3,27,3,N,nb0,1150,-1.751,-0.268,2,1
10,3,27,3,N,nb1,1150,-1.634,-0.119,2,1
10,3,27,3,N,nb2,1150,-0.683,1.865,2,1
10,3,27,3,N,nb3,1150,0.978,-1.678,2,1
10,3,27,3,N,nb4,1150,0.794,0.901,1,1
10,3,27,3,N,nb5,1150,-0.161,-1.676,2,1
10,3,27,3,N,nb6,1150,-0.922,1.866,2,1
10,3,27,3,N,nb7,1150,-1.092,1.866,2,1
10,3,27,3,N,nb8,1150,-1.274,1.865,1,1
10,3,27,3,N,nb9,1150,-1.502,-0.225,1,1
10,3,27,3,N,nb10,1150,1.037,0.664,1,1
10,3,27,3,N,nb11,1150,0.821,-1.867,1,1
10,3,27,3,N,nb12,1150,-1.527,0.331,1,1
10,3,27,3,N,nb13,1150,-0.999,0.521,0,0
10,3,27,3,N,nb14,1150,0.001,-1.727,2,1
10,3,27,3,N,nb15,1150,1.378,-1.866,1,1
10,3,27,3,N,nb16,1150,-1.801,1.865,1,1
10,3,27,3,N,nb17,1150,-1.7,-0.737,1,1
10,3,27,3,N,nb18,1150,0.09,-1.387,3,1
10,3,27,3,N,nb19,1150,-1.865,-0.393,2,1
10,3,27,3,N,nb20,1150,-0.445,1.866,1,1
10,3,27,3,N,nb21,1150,1.135,-1.866,2,1
10,3,27,3,N,nb22,1150,-1.668,1.76,1,1
10,3,27,3,N,nb23,1150,0.147,-1.547,3,1
10,3,27,3,N,nb24,1150,1.765,-1.865,0,0
10,3,27,3,N,nb25,1150,-1.294,0.416,1,1
10,3,27,3,N,nb26,1150,-0.059,-1.468,4,1
10,3,27,3,N,nb27,1150,0.934,0.8,2,1
10,3,27,3,N,nb28,1150,-1.786,-0.545,2,1
10,3,27,3,N,nb29,1150,-0.017,-1.255,2,1
10,3,27,3,A,aa0,1150,-1.132,-0.308,1,0
10,3,27,3,A,aa1,1150,0.818,0.281,2,0
10,3,27,3,A,aa2,1150,-1.188,0.748,2,0
10,3,27,3,N,nb0,1155,-1.751,-0.268,2,1
10,3,27,3,N,nb1,1155,-1.634,-0.119,2,1
10,3,27,3,N,nb2,1155,-0.683,1.865,2,1
10,3,27,3,N,nb3,1155,0.978,-1.678,2,1
10,3,27,3,N,nb4,1155,0.794,0.901,1,1
10,3,27,3,N,nb5,1155,-0.161,-1.676,2,1
10,3,27,3,N,nb6,1155,-0.922,1.866,2,1
10,3,27,3,N,nb7,1155,-1.092,1.866,2,1
10,3,27,3,N,nb8,1155,-1.274,1.865,1,1
10,3,27,3,N,nb9,1155,-1.502,-0.225,1,1
10,3,27,3,N,nb10,1155,1.037,0.664,1,1
10,3,27,3,N,nb11,1155,0.821,-1.867,1,1
10,3,27,3,N,nb12,1155,-1.527,0.331,1,1
10,3,27,3,N,nb13,1155,-1.0,0.618,0,0
10,3,27,3,N,nb14,1155,0.001,-1.727,2,1
10,3,27,3,N,nb15,1155,1.378,-1.866,1,1
10,3,27,3,N,nb16,1155,-1.801,1.865,1,1
10,3,27,3,N,nb17,1155,-1.7,-0.737,1,1
10,3,27,3,N,nb18,1155,0.09,-1.387,3,1
10,3,27,3,N,nb19,1155,-1.865,-0.393,2,1
10,3,27,3,N,nb20,1155,-0.445,1.866,1,1
10,3,27,3,N,nb21,1155,1.135,-1.866,2,1
10,3,27,3,N,nb22,1155,-1.668,1.76,1,1
10,3,27,3,N,nb23,1155,0.147,-1.547,3,1
10,3,27,3,N,nb24,1155,1.712,-1.865,0,0
10,3,27,3,N,nb25,1155,-1.294,0.416,1,1
10,3,27,3,N,nb26,1155,-0.059,-1.468,4,1
10,3,27,3,N,nb27,1155,0.934,0.8,2,1
10,3,27,3,N,nb28,1155,-1.786,-0.545,2,1
10,3,27,3,N,nb29,1155,-0.017,-1.255,2,1
10,3,27,3,A,aa0,1155,-1.094,-0.327,1,0
10,3,27,3,A,aa1,1155,0.755,0.238,2,0
10,3,27,3,A,aa2,1155,-1.26,0.682,2,0
10,3,27,3,N,nb0,1160,-1.751,-0.268,2,1
10,3,27,3,N,nb1,1160,-1.634,-0.119,2,1
10,3,27,3,N,nb2,1160,-0.683,1.865,2,1
10,3,27,3,N,nb3,1160,0.978,-1.678,2,1
10,3,27,3,N,nb4,1160,0.794,0.901,1,1
10,3,27,3,N,nb5,1160,-0.161,-1.676,2,1
10,3,27,3,N,nb6,1160,-0.922,1.866,2,1
10,3,27,3,N,nb7,1160,-1.092,1.866,2,1
10,3,27,3,N,nb8,1160,-1.274,1.865,1,1
10,3,27,3,N,nb9,1160,-1.502,-0.225,1,1
10,3,27,3,N,nb10,1160,1.037,0.664,1,1
10,3,27,3,N,nb11,1160,0.821,-1.867,1,1
10,3,27,3,N,nb12,1160,-1.527,0.331,1,1
10,3,27,3,N,nb13,1160,-0.993,0.716,0,0
10,3,27,3,N,nb14,1160,0.001,-1.727,2,1
10,3,27,3,N,nb15,1160,1.378,-1.866,1,1
10,3,27,3,N,nb16,1160,-1.801,1.865,1,1
10,3,27,3,N,nb17,1160,-1.7,-0.737,1,1
10,3,27,3,N,nb18,1160,0.09,-1.387,3,1
10,3,27,3,N,nb19,1160,-1.865,-0.393,2,1
10,3,27,3,N,nb20,1160,-0.445,1.866,1,1
10,3,27,3,N,nb21,1160,1.135,-1.866,2,1
10,3,27,3,N,nb22,1160,-1.668,1.76,1,1
10,3,27,3,N,nb23,1160,0.147,-1.547,3,1
10,3,27,3,N,nb24,1160,1.647,-1.865,0,0
10,3,27,3,N,nb25,1160,-1.294,0.416,1,1
10,3,27,3,N,nb26,1160,-0.059,-1.468,4,1
10,3,27,3,N,nb27,1160,0.934,0.8,2,1
10,3,27,3,N,nb28,1160,-1.786,-0.545,2,1
10,3,27,3,N,nb29,1160,-0.017,-1.255,2,1
10,3,27,3,A,aa0,1160,-0.997,-0.332,1,0
10,3,27,3,A,aa1,1160,0.672,0.181,0,0
10,3,27,3,A,aa2,1160,-1.33,0.626,2,0
10,3,27,3,N,nb0,1165,-1.751,-0.268,2,1
10,3,27,3,N,nb1,1165,-1.634,-0.119,2,1
10,3,27,3,N,nb2,1165,-0.683,1.865,2,1
10,3,27,3,N,nb3,1165,0.978,-1.678,2,1
10,3,27,3,N,nb4,1165,0.794,0.901,1,1
10,3,27,3,N,nb5,1165,-0.161,-1.676,2,1
10,3,27,3,N,nb6,1165,-0.922,1.866,2,1
10,3,27,3,N,nb7,1165,-1.092,1.866,2,1
10,3,27,3,N,nb8,1165,-1.274,1.865,1,1
10,3,27,3,N,nb9,1165,-1.502,-0.225,1,1
10,3,27,3,N,nb10,1165,1.037,0.664,1,1
10,3,27,3,N,nb11,1165,0.821,-1.867,1,1
10,3,27,3,N,nb12,1165,-1.527,0.331,1,1
10,3,27,3,N,nb13,1165,-0.987,0.815,0,0
10,3,27,3,N,nb14,1165,0.001,-1.727,2,1
10,3,27,3,N,nb15,1165,1.378,-1.866,2,1
10,3,27,3,N,nb16,1165,-1.801,1.865,1,1
10,3,27,3,N,nb17,1165,-1.7,-0.737,1,1
10,3,27,3,N,nb18,1165,0.09,-1.387,3,1
10,3,27,3,N,nb19,1165,-1.865,-0.393,2,0
10,3,27,3,N,nb20,1165,-0.445,1.866,1,1
10,3,27,3,N,nb21,1165,1.135,-1.866,2,1
10,3,27,3,N,nb22,1165,-1.668,1.76,1,1
10,3,27,3,N,nb23,1165,0.147,-1.547,3,1
10,3,27,3,N,nb24,1165,1.616,-1.865,1,1
10,3,27,3,N,nb25,1165,-1.294,0.416,1,1
10,3,27,3,N,nb26,1165,-0.059,-1.468,4,1
10,3,27,3,N,nb27,1165,0.934,0.8,2,1
10,3,27,3,N,nb28,1165,-1.786,-0.545,2,1
10,3,27,3,N,nb29,1165,-0.017,-1.255,2,1
10,3,27,3,A,aa0,1165,-0.897,-0.336,0,0
10,3,27,3,A,aa1,1165,0.59,0.125,0,0
10,3,27,3,A,aa2,1165,-1.409,0.581,2,0
10,3,27,3,N,nb0,1170,-1.751,-0.268,2,1
10,3,27,3,N,nb1,1170,-1.634,-0.119,2,1
10,3,27,3,N,nb2,1170,-0.683,1.865,2,1
10,3,27,3,N,nb3,1170,0.978,-1.678,2,1
10,3,27,3,N,nb4,1170,0.794,0.901,1,1
10,3,27,3,N,nb5,1170,-0.161,-1.676,2,1
10,3,27,3,N,nb6,1170,-0.922,1.866,2,1
10,3,27,3,N,nb7,1170,-1.092,1.866,2,1
10,3,27,3,N,nb8,1170,-1.274,1.865,1,1
10,3,27,3,N,nb9,1170,-1.502,-0.225,1,1
10,3,27,3,N,nb10,1170,1.037,0.664,1,1
10,3,27,3,N,nb11,1170,0.821,-1.867,1,0
10,3,27,3,N,nb12,1170,-1.527,0.331,1,1
10,3,27,3,N,nb13,1170,-0.98,0.915,0,0
10,3,27,3,N,nb14,1170,0.001,-1.727,2,1
10,3,27,3,N,nb15,1170,1.378,-1.866,2,1
10,3,27,3,N,nb16,1170,-1.801,1.865,1,1
10,3,27,3,N,nb17,1170,-1.7,-0.737,1,1
10,3,27,3,N,nb18,1170,0.09,-1.387,3,1
10,3,27,3,N,nb19,1170,-1.865,-0.393,2,1
10,3,27,3,N,nb20,1170,-0.445,1.866,1,1
10,3,27,3,N,nb21,1170,1.135,-1.866,2,1
10,3,27,3,N,nb22,1170,-1.668,1.76,1,1
10,3,27,3,N,nb23,1170,0.147,-1.547,3,1
10,3,27,3,N,nb24,1170,1.616,-1.865,1,1
10,3,27,3,N,nb25,1170,-1.294,0.416,1,1
10,3,27,3,N,nb26,1170,-0.059,-1.468,4,1
10,3,27,3,N,nb27,1170,0.934,0.8,2,1
10,3,27,3,N,nb28,1170,-1.786,-0.545,2,1
10,3,27,3,N,nb29,1170,-0.017,-1.255,2,1
10,3,27,3,A,aa0,1170,-0.797,-0.341,0,0
10,3,27,3,A,aa1,1170,0.507,0.069,0,0
10,3,27,3,A,aa2,1170,-1.494,0.545,2,0
10,3,27,3,N,nb0,1175,-1.751,-0.268,2,1
10,3,27,3,N,nb1,1175,-1.634,-0.119,2,1
10,3,27,3,N,nb2,1175,-0.683,1.865,2,1
10,3,27,3,N,nb3,1175,0.978,-1.678,2,1
10,3,27,3,N,nb4,1175,0.794,0.901,1,1
10,3,27,3,N,nb5,1175,-0.161,-1.676,2,1
10,3,27,3,N,nb6,1175,-0.922,1.866,2,1
10,3,27,3,N,nb7,1175,-1.092,1.866,2,1
10,3,27,3,N,nb8,1175,-1.274,1.865,1,1
10,3,27,3,N,nb9,1175,-1.502,-0.225,1,1
10,3,27,3,N,nb10,1175,1.037,0.664,1,1
10,3,27,3,N,nb11,1175,0.821,-1.867,1,1
10,3,27,3,N,nb12,1175,-1.527,0.331,1,1
10,3,27,3,N,nb13,1175,-0.973,1.015,0,0
10,3,27,3,N,nb14,1175,0.001,-1.727,2,1
10,3,27,3,N,nb15,1175,1.378,-1.866,2,1
10,3,27,3,N,nb16,1175,-1.801,1.865,1,1
10,3,27,3,N,nb17,1175,-1.7,-0.737,1,0
10,3,27,3,N,nb18,1175,0.09,-1.387,3,1
10,3,27,3,N,nb19,1175,-1.865,-0.393,2,1
10,3,27,3,N,nb20,1175,-0.445,1.866,1,1
10,3,27,3,N,nb21,1175,1.135,-1.866,2,1
10,3,27,3,N,nb22,1175,-1.668,1.76,1,1
10,3,27,3,N,nb23,1175,0.147,-1.547,3,1
10,3,27,3,N,nb24,1175,1.616,-1.865,1,1
10,3,27,3,N,nb25,1175,-1.294,0.416,1,1
10,3,27,3,N,nb26,1175,-0.059,-1.468,4,1
10,3,27,3,N,nb27,1175,0.934,0.8,2,1
10,3,27,3,N,nb28,1175,-1.786,-0.545,2,1
10,3,27,3,N,nb29,1175,-0.017,-1.255,2,1
10,3,27,3,A,aa0,1175,-0.754,-0.343,0,0
10,3,27,3,A,aa1,1175,0.425,0.012,0,0
10,3,27,3,A,aa2,1175,-1.582,0.518,2,0
10,3,27,3,N,nb0,1180,-1.751,-0.268,2,1
10,3,27,3,N,nb1,1180,-1.634,-0.119,2,1
10,3,27,3,N,nb2,1180,-0.683,1.865,2,1
10,3,27,3,N,nb3,1180,0.978,-1.678,2,1
10,3,27,3,N,nb4,1180,0.794,0.901,1,1
10,3,27,3,N,nb5,1180,-0.161,-1.676,2,1
10,3,27,3,N,nb6,1180,-0.922,1.866,2,1
10,3,27,3,N,nb7,1180,-1.092,1.866,2,1
10,3,27,3,N,nb8,1180,-1.274,1.865,1,1
10,3,27,3,N,nb9,1180,-1.502,-0.225,1,1
10,3,27,3,N,nb10,1180,1.037,0.664,1,1
10,3,27,3,N,nb11,1180,0.821,-1.867,1,1
10,3,27,3,N,nb12,1180,-1.527,0.331,1,1
10,3,27,3,N,nb13,1180,-0.966,1.115,0,0
10,3,27,3,N,nb14,1180,0.001,-1.727,2,1
10,3,27,3,N,nb15,1180,1.378,-1.866,2,1
10,3,27,3,N,nb16,1180,-1.801,1.865,1,1
10,3,27,3,N,nb17,1180,-1.7,-0.737,1,1
10,3,27,3,N,nb18,1180,0.09,-1.387,3,1
10,3,27,3,N,nb19,1180,-1.865,-0.393,2,1
10,3,27,3,N,nb20,1180,-0.445,1.866,1,1
10,3,27,3,N,nb21,1180,1.135,-1.866,2,1
10,3,27,3,N,nb22,1180,-1.668,1.76,1,1
10,3,27,3,N,nb23,1180,0.147,-1.547,3,1
10,3,27,3,N,nb24,1180,1.616,-1.865,1,1
10,3,27,3,N,nb25,1180,-1.294,0.416,1,1
10,3,27,3,N,nb26,1180,-0.059,-1.468,4,1
10,3,27,3,N,nb27,1180,0.934,0.8,2,1
10,3,27,3,N,nb28,1180,-1.786,-0.545,2,1
10,3,27,3,N,nb29,1180,-0.017,-1.255,2,1
10,3,27,3,A,aa0,1180,-0.728,-0.316,0,0
10,3,27,3,A,aa1,1180,0.342,-0.044,0,0
10,3,27,3,A,aa2,1180,-1.673,0.501,2,0
10,3,27,3,N,nb0,1185,-1.751,-0.268,2,1
10,3,27,3,N,nb1,1185,-1.634,-0.119,2,1
10,3,27,3,N,nb2,1185,-0.683,1.865,2,1
10,3,27,3,N,nb3,1185,0.978,-1.678,2,1
10,3,27,3,N,nb4,1185,0.794,0.901,1,1
10,3,27,3,N,nb5,1185,-0.161,-1.676,2,1
10,3,27,3,N,nb6,1185,-0.922,1.866,2,1
10,3,27,3,N,nb7,1185,-1.092,1.866,2,1
10,3,27,3,N,nb8,1185,-1.274,1.865,1,1
10,3,27,3,N,nb9,1185,-1.502,-0.225,1,1
10,3,27,3,N,nb10,1185,1.037,0.664,1,1
10,3,27,3,N,nb11,1185,0.821,-1.867,1,1
10,3,27,3,N,nb12,1185,-1.527,0.331,1,1
10,3,27,3,N,nb13,1185,-0.959,1.214,0,0
10,3,27,3,N,nb14,1185,0.001,-1.727,2,1
10,3,27,3,N,nb15,1185,1.378,-1.866,2,1
10,3,27,3,N,nb16,1185,-1.801,1.865,1,1
10,3,27,3,N,nb17,1185,-1.7,-0.737,1,1
10,3,27,3,N,nb18,1185,0.09,-1.387,3,1
10,3,27,3,N,nb19,1185,-1.865,-0.393,2,1
10,3,27,3,N,nb20,1185,-0.445,1.866,1,1
10,3,27,3,N,nb21,1185,1.135,-1.866,2,1
10,3,27,3,N,nb22,1185,-1.668,1.76,1,1
10,3,27,3,N,nb23,1185,0.147,-1.547,3,1
10,3,27,3,N,nb24,1185,1.616,-1.865,1,1
10,3,27,3,N,nb25,1185,-1.294,0.416,1,1
10,3,27,3,N,nb26,1185,-0.059,-1.468,4,1
10,3,27,3,N,nb27,1185,0.934,0.8,2,1
10,3,27,3,N,nb28,1185,-1.786,-0.545,2,1
10,3,27,3,N,nb29,1185,-0.017,-1.255,2,1
10,3,27,3,A,aa0,1185,-0.66,-0.244,0,0
10,3,27,3,A,aa1,1185,0.259,-0.101,0,0
10,3,27,3,A,aa2,1185,-1.714,0.496,2,0
10,3,27,3,N,nb0,1190,-1.751,-0.268,2,1
10,3,27,3,N,nb1,1190,-1.634,-0.119,2,0
10,3,27,3,N,nb2,1190,-0.683,1.865,2,1
10,3,27,3,N,nb3,1190,0.978,-1.678,2,1
10,3,27,3,N,nb4,1190,0.794,0.901,1,1
10,3,27,3,N,nb5,1190,-0.161,-1.676,2,1
10,3,27,3,N,nb6,1190,-0.922,1.866,2,1
10,3,27,3,N,nb7,1190,-1.092,1.866,2,1
10,3,27,3,N,nb8,1190,-1.274,1.865,1,1
10,3,27,3,N,nb9,1190,-1.502,-0.225,1,1
10,3,27,3,N,nb10,1190,1.037,0.664,1,1
10,3,27,3,N,nb11,1190,0.821,-1.867,1,1
10,3,27,3,N,nb12,1190,-1.527,0.331,1,0
10,3,27,3,N,nb13,1190,-0.952,1.314,0,0
10,3,27,3,N,nb14,1190,0.001,-1.727,2,1
10,3,27,3,N,nb15,1190,1.378,-1.866,2,1
10,3,27,3,N,nb16,1190,-1.801,1.865,1,1
10,3,27,3,N,nb17,1190,-1.7,-0.737,1,1
10,3,27,3,N,nb18,1190,0.09,-1.387,3,1
10,3,27,3,N,nb19,1190,-1.865,-0.393,2,1
10,3,27,3,N,nb20,1190,-0.445,1.866,1,1
10,3,27,3,N,nb21,1190,1.135,-1.866,2,1
10,3,27,3,N,nb22,1190,-1.668,1.76,1,1
10,3,27,3,N,nb23,1190,0.147,-1.547,3,1
10,3,27,3,N,nb24,1190,1.616,-1.865,1,1
10,3,27,3,N,nb25,1190,-1.294,0.416,1,0
10,3,27,3,N,nb26,1190,-0.059,-1.468,4,1
10,3,27,3,N,nb27,1190,0.934,0.8,2,1
10,3,27,3,N,nb28,1190,-1.786,-0.545,2,1
10,3,27,3,N,nb29,1190,-0.017,-1.255,2,1
10,3,27,3,A,aa0,1190,-0.591,-0.171,0,0
10,3,27,3,A,aa1,1190,0.177,-0.157,0,0
10,3,27,3,A,aa2,1190,-1.794,0.453,3,1
10,3,27,3,N,nb0,1195,-1.751,-0.268,2,1
10,3,27,3,N,nb1,1195,-1.639,-0.128,2,0
10,3,27,3,N,nb2,1195,-0.683,1.865,2,1
10,3,27,3,N,nb3,1195,0.978,-1.678,2,1
10,3,27,3,N,nb4,1195,0.794,0.901,1,1
10,3,27,3,N,nb5,1195,-0.161,-1.676,2,1
10,3,27,3,N,nb6,1195,-0.922,1.866,2,1
10,3,27,3,N,nb7,1195,-1.092,1.866,2,1
10,3,27,3,N,nb8,1195,-1.274,1.865,1,1
10,3,27,3,N,nb9,1195,-1.5,-0.225,1,1
10,3,27,3,N,nb10,1195,1.037,0.664,1,1
10,3,27,3,N,nb11,1195,0.821,-1.867,1,1
10,3,27,3,N,nb12,1195,-1.591,0.369,0,0
10,3,27,3,N,nb13,1195,-0.945,1.414,0,0
10,3,27,3,N,nb14,1195,0.001,-1.727,2,1
10,3,27,3,N,nb15,1195,1.378,-1.866,2,1
10,3,27,3,N,nb16,1195,-1.801,1.865,1,1
10,3,27,3,N,nb17,1195,-1.7,-0.737,1,1
10,3,27,3,N,nb18,1195,0.09,-1.387,3,1
10,3,27,3,N,nb19,1195,-1.865,-0.393,2,1
10,3,27,3,N,nb20,1195,-0.445,1.866,1,1
10,3,27,3,N,nb21,1195,1.135,-1.866,2,1
10,3,27,3,N,nb22,1195,-1.668,1.76,1,1
10,3,27,3,N,nb23,1195,0.147,-1.547,3,1
10,3,27,3,N,nb24,1195,1.616,-1.865,1,1
10,3,27,3,N,nb25,1195,-1.328,0.479,0,0
10,3,27,3,N,nb26,1195,-0.059,-1.468,4,1
10,3,27,3,N,nb27,1195,0.934,0.8,2,1
10,3,27,3,N,nb28,1195,-1.786,-0.545,2,1
10,3,27,3,N,nb29,1195,-0.017,-1.255,2,1
10,3,27,3,A,aa0,1195,-0.522,-0.099,0,0
10,3,27,3,A,aa1,1195,0.094,-0.213,0,0
10,3,27,3,A,aa2,1195,-1.866,0.406,0,0
10,3,27,3,N,nb0,1200,-1.751,-0.268,2,1
10,3,27,3,N,nb1,1200,-1.643,-0.137,2,0
10,3,27,3,N,nb2,1200,-0.683,1.865,2,1
10,3,27,3,N,nb3,1200,0.978,-1.678,2,1
10,3,27,3,N,nb4,1200,0.794,0.901,1,1
10,3,27,3,N,nb5,1200,-0.161,-1.676,2,1
10,3,27,3,N,nb6,1200,-0.922,1.866,2,1
10,3,27,3,N,nb7,1200,-1.092,1.866,2,1
10,3,27,3,N,nb8,1200,-1.274,1.865,1,1
10,3,27,3,N,nb9,1200,-1.499,-0.225,1,0
10,3,27,3,N,nb10,1200,1.037,0.664,1,1
10,3,27,3,N,nb11,1200,0.821,-1.867,1,1
10,3,27,3,N,nb12,1200,-1.667,0.416,0,0
10,3,27,3,N,nb13,1200,-0.938,1.514,0,0
10,3,27,3,N,nb14,1200,0.001,-1.727,2,1
10,3,27,3,N,nb15,1200,1.378,-1.866,2,1
10,3,27,3,N,nb16,1200,-1.801,1.865,1,1
10,3,27,3,N,nb17,1200,-1.7,-0.737,1,1
10,3,27,3,N,nb18,1200,0.09,-1.387,3,1
10,3,27,3,N,nb19,1200,-1.865,-0.393,2,1
10,3,27,3,N,nb20,1200,-0.445,1.866,1,1
10,3,27,3,N,nb21,1200,1.135,-1.866,2,1
10,3,27,3,N,nb22,1200,-1.668,1.76,1,1
10,3,27,3,N,nb23,1200,0.147,-1.547,3,1
10,3,27,3,N,nb24,1200,1.616,-1.865,1,1
10,3,27,3,N,nb25,1200,-1.37,0.57,0,0
10,3,27,3,N,nb26,1200,-0.059,-1.468,4,1
10,3,27,3,N,nb27,1200,0.934,0.8,2,1
10,3,27,3,N,nb28,1200,-1.786,-0.545,2,1
10,3,27,3,N,nb29,1200,-0.017,-1.255,2,1
10,3,27,3,A,aa0,1200,-0.453,-0.026,0,0
10,3,27,3,A,aa1,1200,0.012,-0.27,0,0
10,3,27,3,A,aa2,1200,-1.866,0.35,0,0
10,3,27,3,N,nb0,1205,-1.751,-0.268,2,1
10,3,27,3,N,nb1,1205,-1.642,-0.137,2,1
10,3,27,3,N,nb2,1205,-0.683,1.865,2,1
10,3,27,3,N,nb3,1205,0.978,-1.678,2,1
10,3,27,3,N,nb4,1205,0.794,0.901,1,1
10,3,27,3,N,nb5,1205,-0.161,-1.676,2,1
10,3,27,3,N,nb6,1205,-0.922,1.866,2,1
10,3,27,3,N,nb7,1205,-1.092,1.866,2,1
10,3,27,3,N,nb8,1205,-1.274,1.865,1,1
10,3,27,3,N,nb9,1205,-1.499,-0.225,1,1
10,3,27,3,N,nb10,1205,1.037,0.664,1,1
10,3,27,3,N,nb11,1205,0.821,-1.867,1,1
10,3,27,3,N,nb12,1205,-1.736,0.476,0,0
10,3,27,3,N,nb13,1205,-0.931,1.613,0,0
10,3,27,3,N,nb14,1205,0.001,-1.727,2,1
10,3,27,3,N,nb15,1205,1.378,-1.866,2,1
10,3,27,3,N,nb16,1205,-1.801,1.865,1,1
10,3,27,3,N,nb17,1205,-1.7,-0.737,1,1
10,3,27,3,N,nb18,1205,0.09,-1.387,3,1
10,3,27,3,N,nb19,1205,-1.865,-0.393,2,1
10,3,27,3,N,nb20,1205,-0.445,1.866,1,1
10,3,27,3,N,nb21,1205,1.135,-1.866,2,1
10,3,27,3,N,nb22,1205,-1.668,1.76,1,1
10,3,27,3,N,nb23,1205,0.147,-1.547,3,1
10,3,27,3,N,nb24,1205,1.616,-1.865,1,1
10,3,27,3,N,nb25,1205,-1.413,0.66,0,0
10,3,27,3,N,nb26,1205,-0.059,-1.468,4,1
10,3,27,3,N,nb27,1205,0.934,0.8,2,1
10,3,27,3,N,nb28,1205,-1.786,-0.545,2,1
10,3,27,3,N,nb29,1205,-0.017,-1.255,2,1
10,3,27,3,A,aa0,1205,-0.385,0.047,0,0
10,3,27,3,A,aa1,1205,-0.071,-0.326,0,0
10,3,27,3,A,aa2,1205,-1.866,0.283,2,0
10,3,27,3,N,nb0,1210,-1.751,-0.268,2,1
10,3,27,3,N,nb1,1210,-1.642,-0.137,2,1
10,3,27,3,N,nb2,1210,-0.683,1.865,2,1
10,3,27,3,N,nb3,1210,0.978,-1.678,2,1
10,3,27,3,N,nb4,1210,0.794,0.901,1,1
10,3,27,3,N,nb5,1210,-0.161,-1.676,2,1
10,3,27,3,N,nb6,1210,-0.922,1.866,3,1
10,3,27,3,N,nb7,1210,-1.092,1.866,2,1
10,3,27,3,N,nb8,1210,-1.274,1.865,1,0
10,3,27,3,N,nb9,1210,-1.499,-0.225,1,1
10,3,27,3,N,nb10,1210,1.037,0.664,1,1
10,3,27,3,N,nb11,1210,0.821,-1.867,1,1
10,3,27,3,N,nb12,1210,-1.798,0.543,0,0
10,3,27,3,N,nb13,1210,-0.93,1.633,1,1
10,3,27,3,N,nb14,1210,0.001,-1.727,2,1
10,3,27,3,N,nb15,1210,1.378,-1.866,2,1
10,3,27,3,N,nb16,1210,-1.801,1.865,1,1
10,3,27,3,N,nb17,1210,-1.7,-0.737,1,1
10,3,27,3,N,nb18,1210,0.09,-1.387,3,0
10,3,27,3,N,nb19,1210,-1.865,-0.393,2,1
10,3,27,3,N,nb20,1210,-0.445,1.866,1,1
10,3,27,3,N,nb21,1210,1.135,-1.866,2,1
10,3,27,3,N,nb22,1210,-1.668,1.76,1,1
10,3,27,3,N,nb23,1210,0.147,-1.547,3,0
10,3,27,3,N,nb24,1210,1.616,-1.865,1,1
10,3,27,3,N,nb25,1210,-1.456,0.75,0,0
10,3,27,3,N,nb26,1210,-0.059,-1.468,4,1
10,3,27,3,N,nb27,1210,0.934,0.8,2,1
10,3,27,3,N,nb28,1210,-1.786,-0.545,2,0
10,3,27,3,N,nb29,1210,-0.017,-1.255,2,1
10,3,27,3,A,aa0,1210,-0.363,0.079,0,0
10,3,27,3,A,aa1,1210,-0.154,-0.382,0,0
10,3,27,3,A,aa2,1210,-1.866,0.208,2,0
10,3,27,3,N,nb0,1215,-1.765,-0.259,2,0
10,3,27,3,N,nb1,1215,-1.643,-0.137,2,0
10,3,27,3,N,nb2,1215,-0.683,1.865,2,1
10,3,27,3,N,nb3,1215,0.978,-1.678,2,1
10,3,27,3,N,nb4,1215,0.794,0.901,1,1
10,3,27,3,N,nb5,1215,-0.161,-1.676,2,1
10,3,27,3,N,nb6,1215,-0.922,1.866,3,1
10,3,27,3,N,nb7,1215,-1.092,1.866,2,1
10,3,27,3,N,nb8,1215,-1.274,1.865,1,1
10,3,27,3,N,nb9,1215,-1.499,-0.225,1,1
10,3,27,3,N,nb10,1215,1.037,0.664,1,1
10,3,27,3,N,nb11,1215,0.821,-1.867,1,1
10,3,27,3,N,nb12,1215,-1.848,0.617,0,0
10,3,27,3,N,nb13,1215,-0.93,1.633,1,1
10,3,27,3,N,nb14,1215,0.001,-1.727,2,1
10,3,27,3,N,nb15,1215,1.378,-1.866,2,1
10,3,27,3,N,nb16,1215,-1.801,1.865,1,1
10,3,27,3,N,nb17,1215,-1.7,-0.737,1,1
10,3,27,3,N,nb18,1215,0.09,-1.387,3,1
10,3,27,3,N,nb19,1215,-1.865,-0.396,2,0
10,3,27,3,N,nb20,1215,-0.445,1.866,1,1
10,3,27,3,N,nb21,1215,1.135,-1.866,2,1
10,3,27,3,N,nb22,1215,-1.668,1.76,1,1
10,3,27,3,N,nb23,1215,0.147,-1.547,3,1
10,3,27,3,N,nb24,1215,1.616,-1.865,1,1
10,3,27,3,N,nb25,1215,-1.499,0.841,0,0
10,3,27,3,N,nb26,1215,-0.059,-1.468,4,1
10,3,27,3,N,nb27,1215,0.934,0.8,2,1
10,3,27,3,N,nb28,1215,-1.786,-0.546,2,1
10,3,27,3,N,nb29,1215,-0.017,-1.255,2,1
10,3,27,3,A,aa0,1215,-0.331,0.174,0,0
10,3,27,3,A,aa1,1215,-0.189,-0.407,0,0
10,3,27,3,A,aa2,1215,-1.866,0.126,0,0
10,3,27,3,N,nb0,1220,-1.823,-0.236,2,0
10,3,27,3,N,nb1,1220,-1.638,-0.13,2,0
10,3,27,3,N,nb2,1220,-0.683,1.865,2,1
10,3,27,3,N,nb3,1220,0.978,-1.678,2,1
10,3,27,3,N,nb4,1220,0.794,0.901,1,1
10,3,27,3,N,nb5,1220,-0.161,-1.676,2,1
10,3,27,3,N,nb6,1220,-0.922,1.866,3,1
10,3,27,3,N,nb7,1220,-1.092,1.866,2,1
10,3,27,3,N,nb8,1220,-1.274,1.865,1,1
10,3,27,3,N,nb9,1220,-1.499,-0.225,1,1
10,3,27,3,N,nb10,1220,1.037,0.664,1,1
10,3,27,3,N,nb11,1220,0.821,-1.867,1,1
10,3,27,3,N,nb12,1220,-1.866,0.696,0,0
10,3,27,3,N,nb13,1220,-0.93,1.633,1,1
10,3,27,3,N,nb14,1220,0.001,-1.727,2,1
10,3,27,3,N,nb15,1220,1.378,-1.866,2,1
10,3,27,3,N,nb16,1220,-1.801,1.865,1,1
10,3,27,3,N,nb17,1220,-1.7,-0.737,1,1
10,3,27,3,N,nb18,1220,0.09,-1.387,3,1
10,3,27,3,N,nb19,1220,-1.865,-0.4,2,0
10,3,27,3,N,nb20,1220,-0.445,1.866,1,1
10,3,27,3,N,nb21,1220,1.135,-1.866,2,1
10,3,27,3,N,nb22,1220,-1.668,1.76,1,1
10,3,27,3,N,nb23,1220,0.147,-1.547,3,1
10,3,27,3,N,nb24,1220,1.616,-1.865,1,1
10,3,27,3,N,nb25,1220,-1.541,0.931,0,0
10,3,27,3,N,nb26,1220,-0.059,-1.468,4,1
10,3,27,3,N,nb27,1220,0.934,0.8,2,1
10,3,27,3,N,nb28,1220,-1.783,-0.549,2,1
10,3,27,3,N,nb29,1220,-0.017,-1.255,2,0
10,3,27,3,A,aa0,1220,-0.298,0.269,0,0
10,3,27,3,A,aa1,1220,-0.24,-0.489,0,0
10,3,27,3,A,aa2,1220,-1.866,0.039,0,0
10,3,27,3,N,nb0,1225,-1.866,-0.232,1,1
10,3,27,3,N,nb1,1225,-1.629,-0.118,1,1
10,3,27,3,N,nb2,1225,-0.683,1.865,2,1
10,3,27,3,N,nb3,1225,0.978,-1.678,2,1
10,3,27,3,N,nb4,1225,0.794,0.901,1,1
10,3,27,3,N,nb5,1225,-0.161,-1.676,2,1
10,3,27,3,N,nb6,1225,-0.922,1.866,3,0
10,3,27,3,N,nb7,1225,-1.092,1.866,2,1
10,3,27,3,N,nb8,1225,-1.274,1.865,1,1
10,3,27,3,N,nb9,1225,-1.499,-0.225,1,1
10,3,27,3,N,nb10,1225,1.037,0.664,1,1
10,3,27,3,N,nb11,1225,0.821,-1.867,1,1
10,3,27,3,N,nb12,1225,-1.866,0.781,0,0
10,3,27,3,N,nb13,1225,-0.93,1.633,1,1
10,3,27,3,N,nb14,1225,0.001,-1.727,2,1
10,3,27,3,N,nb15,1225,1.378,-1.866,2,1
10,3,27,3,N,nb16,1225,-1.801,1.865,1,1
10,3,27,3,N,nb17,1225,-1.7,-0.737,1,1
10,3,27,3,N,nb18,1225,0.09,-1.387,3,1
10,3,27,3,N,nb19,1225,-1.865,-0.404,2,1
10,3,27,3,N,nb20,1225,-0.445,1.866,1,0
10,3,27,3,N,nb21,1225,1.135,-1.866,2,1
10,3,27,3,N,nb22,1225,-1.668,1.76,1,1
10,3,27,3,N,nb23,1225,0.147,-1.547,3,1
10,3,27,3,N,nb24,1225,1.616,-1.865,1,1
10,3,27,3,N,nb25,1225,-1.584,1.022,0,0
10,3,27,3,N,nb26,1225,-0.059,-1.468,4,1
10,3,27,3,N,nb27,1225,0.934,0.8,2,1
10,3,27,3,N,nb28,1225,-1.78,-0.551,2,1
10,3,27,3,N,nb29,1225,-0.017,-1.255,2,1
10,3,27,3,A,aa0,1225,-0.266,0.363,0,0
10,3,27,3,A,aa1,1225,-0.291,-0.575,0,0
10,3,27,3,A,aa2,1225,-1.866,-0.051,2,0
10,3,27,3,N,nb0,1230,-1.865,-0.234,1,1
10,3,27,3,N,nb1,1230,-1.629,-0.118,1,1
10,3,27,3,N,nb2,1230,-0.683,1.865,2,1
10,3,27,3,N,nb3,1230,0.978,-1.678,2,1
10,3,27,3,N,nb4,1230,0.794,0.901,1,1
10,3,27,3,N,nb5,1230,-0.161,-1.676,2,1
10,3,27,3,N,nb6,1230,-0.922,1.866,3,1
10,3,27,3,N,nb7,1230,-1.092,1.866,2,1
10,3,27,3,N,nb8,1230,-1.274,1.865,1,1
10,3,27,3,N,nb9,1230,-1.499,-0.225,1,1
10,3,27,3,N,nb10,1230,1.037,0.664,1,1
10,3,27,3,N,nb11,1230,0.821,-1.867,1,1
10,3,27,3,N,nb12,1230,-1.866,0.869,0,0
10,3,27,3,N,nb13,1230,-0.93,1.633,1,1
10,3,27,3,N,nb14,1230,0.001,-1.727,2,1
10,3,27,3,N,nb15,1230,1.378,-1.866,2,1
10,3,27,3,N,nb16,1230,-1.801,1.865,1,1
10,3,27,3,N,nb17,1230,-1.7,-0.737,1,1
10,3,27,3,N,nb18,1230,0.09,-1.387,3,1
10,3,27,3,N,nb19,1230,-1.865,-0.404,2,1
10,3,27,3,N,nb20,1230,-0.445,1.866,1,1
10,3,27,3,N,nb21,1230,1.135,-1.866,2,1
10,3,27,3,N,nb22,1230,-1.668,1.76,1,1
10,3,27,3,N,nb23,1230,0.147,-1.547,3,1
10,3,27,3,N,nb24,1230,1.616,-1.865,1,1
10,3,27,3,N,nb25,1230,-1.627,1.112,0,0
10,3,27,3,N,nb26,1230,-0.059,-1.468,4,1
10,3,27,3,N,nb27,1230,0.934,0.8,2,1
10,3,27,3,N,nb28,1230,-1.78,-0.551,2,1
10,3,27,3,N,nb29,1230,-0.017,-1.255,2,1
10,3,27,3,A,aa0,1230,-0.233,0.458,0,0
10,3,27,3,A,aa1,1230,-0.343,-0.661,0,0
10,3,27,3,A,aa2,1230,-1.866,-0.066,2,0
10,3,27,3,N,nb0,1235,-1.865,-0.234,1,1
10,3,27,3,N,nb1,1235,-1.629,-0.118,1,1
10,3,27,3,N,nb2,1235,-0.683,1.865,2,1
10,3,27,3,N,nb3,1235,0.978,-1.678,2,1
10,3,27,3,N,nb4,1235,0.794,0.901,1,1
10,3,27,3,N,nb5,1235,-0.161,-1.676,2,1
10,3,27,3,N,nb6,1235,-0.922,1.866,3,1
10,3,27,3,N,nb7,1235,-1.092,1.866,2,1
10,3,27,3,N,nb8,1235,-1.274,1.865,1,1
10,3,27,3,N,nb9,1235,-1.499,-0.225,1,1
10,3,27,3,N,nb10,1235,1.037,0.664,1,1
10,3,27,3,N,nb11,1235,0.821,-1.867,1,1
10,3,27,3,N,nb12,1235,-1.866,0.961,0,0
10,3,27,3,N,nb13,1235,-0.93,1.633,1,1
10,3,27,3,N,nb14,1235,0.001,-1.727,2,1
10,3,27,3,N,nb15,1235,1.378,-1.866,2,1
10,3,27,3,N,nb16,1235,-1.801,1.865,1,1
10,3,27,3,N,nb17,1235,-1.7,-0.737,1,1
10,3,27,3,N,nb18,1235,0.09,-1.387,3,1
10,3,27,3,N,nb19,1235,-1.865,-0.404,2,1
10,3,27,3,N,nb20,1235,-0.445,1.866,1,1
10,3,27,3,N,nb21,1235,1.135,-1.866,2,1
10,3,27,3,N,nb22,1235,-1.668,1.76,1,1
10,3,27,3,N,nb23,1235,0.147,-1.547,3,1
10,3,27,3,N,nb24,1235,1.616,-1.865,1,1
10,3,27,3,N,nb25,1235,-1.67,1.202,0,0
10,3,27,3,N,nb26,1235,-0.059,-1.468,4,1
10,3,27,3,N,nb27,1235,0.934,0.8,2,1
10,3,27,3,N,nb28,1235,-1.78,-0.551,2,1
10,3,27,3,N,nb29,1235,-0.017,-1.255,2,1
10,3,27,3,A,aa0,1235,-0.201,0.552,0,0
10,3,27,3,A,aa1,1235,-0.395,-0.746,0,0
10,3,27,3,A,aa2,1235,-1.866,-0.066,2,0
10,3,27,3,N,nb0,1240,-1.865,-0.234,1,1
10,3,27,3,N,nb1,1240,-1.629,-0.118,1,1
10,3,27,3,N,nb2,1240,-0.683,1.865,2,1
10,3,27,3,N,nb3,1240,0.978,-1.678,2,1
10,3,27,3,N,nb4,1240,0.794,0.901,1,1
10,3,27,3,N,nb5,1240,-0.161,-1.676,2,1
10,3,27,3,N,nb6,1240,-0.922,1.866,3,1
10,3,27,3,N,nb7,1240,-1.092,1.866,2,1
10,3,27,3,N,nb8,1240,-1.274,1.865,1,1
10,3,27,3,N,nb9,1240,-1.499,-0.225,1,1
10,3,27,3,N,nb10,1240,1.037,0.664,1,1
10,3,27,3,N,nb11,1240,0.821,-1.867,1,1
10,3,27,3,N,nb12,1240,-1.86,1.053,0,0
10,3,27,3,N,nb13,1240,-0.93,1.633,1,1
10,3,27,3,N,nb14,1240,0.001,-1.727,2,1
10,3,27,3,N,nb15,1240,1.378,-1.866,2,1
10,3,27,3,N,nb16,1240,-1.801,1.865,1,1
10,3,27,3,N,nb17,1240,-1.7,-0.737,1,1
10,3,27,3,N,nb18,1240,0.09,-1.387,3,1
10,3,27,3,N,nb19,1240,-1.865,-0.404,2,1
10,3,27,3,N,nb20,1240,-0.445,1.866,1,1
10,3,27,3,N,nb21,1240,1.135,-1.866,2,1
10,3,27,3,N,nb22,1240,-1.668,1.76,1,1
10,3,27,3,N,nb23,1240,0.147,-1.547,3,1
10,3,27,3,N,nb24,1240,1.616,-1.865,1,1
10,3,27,3,N,nb25,1240,-1.713,1.293,0,0
10,3,27,3,N,nb26,1240,-0.059,-1.468,4,0
10,3,27,3,N,nb27,1240,0.934,0.8,2,1
10,3,27,3,N,nb28,1240,-1.78,-0.551,2,1
10,3,27,3,N,nb29,1240,-0.017,-1.255,2,1
10,3,27,3,A,aa0,1240,-0.169,0.647,0,0
10,3,27,3,A,aa1,1240,-0.446,-0.832,0,0
10,3,27,3,A,aa2,1240,-1.866,-0.066,2,0
10,3,27,3,N,nb0,1245,-1.865,-0.234,1,1
10,3,27,3,N,nb1,1245,-1.629,-0.118,1,1
10,3,27,3,N,nb2,1245,-0.683,1.865,2,1
10,3,27,3,N,nb3,1245,0.978,-1.678,2,1
10,3,27,3,N,nb4,1245,0.794,0.901,1,1
10,3,27,3,N,nb5,1245,-0.161,-1.676,2,1
10,3,27,3,N,nb6,1245,-0.922,1.866,3,1
10,3,27,3,N,nb7,1245,-1.092,1.866,2,1
10,3,27,3,N,nb8,1245,-1.274,1.865,1,1
10,3,27,3,N,nb9,1245,-1.499,-0.225,1,1
10,3,27,3,N,nb10,1245,1.037,0.664,1,1
10,3,27,3,N,nb11,1245,0.821,-1.867,1,1
10,3,27,3,N,nb12,1245,-1.845,1.144,0,0
10,3,27,3,N,nb13,1245,-0.93,1.633,1,1
10,3,27,3,N,nb14,1245,0.001,-1.727,2,1
10,3,27,3,N,nb15,1245,1.378,-1.866,2,1
10,3,27,3,N,nb16,1245,-1.801,1.865,1,1
10,3,27,3,N,nb17,1245,-1.7,-0.737,1,1
10,3,27,3,N,nb18,1245,0.09,-1.387,3,1
10,3,27,3,N,nb19,1245,-1.865,-0.404,2,1
10,3,27,3,N,nb20,1245,-0.445,1.866,1,1
10,3,27,3,N,nb21,1245,1.135,-1.866,2,1
10,3,27,3,N,nb22,1245,-1.668,1.76,1,1
10,3,27,3,N,nb23,1245,0.147,-1.547,3,1
10,3,27,3,N,nb24,1245,1.616,-1.865,1,1
10,3,27,3,N,nb25,1245,-1.754,1.382,0,0
10,3,27,3,N,nb26,1245,-0.059,-1.468,4,1
10,3,27,3,N,nb27,1245,0.934,0.8,2,1
10,3,27,3,N,nb28,1245,-1.78,-0.551,2,1
10,3,27,3,N,nb29,1245,-0.017,-1.255,2,1
10,3,27,3,A,aa0,1245,-0.136,0.742,0,0
10,3,27,3,A,aa1,1245,-0.498,-0.917,1,0
10,3,27,3,A,aa2,1245,-1.865,-0.066,2,0
10,3,27,3,N,nb0,1250,-1.865,-0.234,1,1
10,3,27,3,N,nb1,1250,-1.629,-0.118,1,1
10,3,27,3,N,nb2,1250,-0.683,1.865,2,0
10,3,27,3,N,nb3,1250,0.978,-1.678,2,1
10,3,27,3,N,nb4,1250,0.794,0.901,1,1
10,3,27,3,N,nb5,1250,-0.161,-1.676,2,1
10,3,27,3,N,nb6,1250,-0.922,1.866,3,1
10,3,27,3,N,nb7,1250,-1.092,1.866,2,1
10,3,27,3,N,nb8,1250,-1.274,1.865,1,1
10,3,27,3,N,nb9,1250,-1.499,-0.225,1,1
10,3,27,3,N,nb10,1250,1.037,0.664,1,1
10,3,27,3,N,nb11,1250,0.821,-1.867,1,1
10,3,27,3,N,nb12,1250,-1.841,1.165,1,1
10,3,27,3,N,nb13,1250,-0.93,1.633,1,1
10,3,27,3,N,nb14,1250,0.001,-1.727,2,1
10,3,27,3,N,nb15,1250,1.378,-1.866,2,1
10,3,27,3,N,nb16,1250,-1.801,1.865,1,1
10,3,27,3,N,nb17,1250,-1.7,-0.737,1,1
10,3,27,3,N,nb18,1250,0.09,-1.387,3,1
10,3,27,3,N,nb19,1250,-1.865,-0.404,2,1
10,3,27,3,N,nb20,1250,-0.445,1.866,1,1
10,3,27,3,N,nb21,1250,1.135,-1.866,2,1
10,3,27,3,N,nb22,1250,-1.668,1.76,1,1
10,3,27,3,N,nb23,1250,0.147,-1.547,3,1
10,3,27,3,N,nb24,1250,1.616,-1.865,1,1
10,3,27,3,N,nb25,1250,-1.763,1.402,1,1
10,3,27,3,N,nb26,1250,-0.059,-1.468,4,1
10,3,27,3,N,nb27,1250,0.934,0.8,2,1
10,3,27,3,N,nb28,1250,-1.78,-0.551,2,1
10,3,27,3,N,nb29,1250,-0.017,-1.255,2,1
10,3,27,3,A,aa0,1250,-0.104,0.836,0,0
10,3,27,3,A,aa1,1250,-0.55,-1.003,1,0
10,3,27,3,A,aa2,1250,-1.852,-0.066,2,0
10,3,27,3,N,nb0,1255,-1.865,-0.234,1,1
10,3,27,3,N,nb1,1255,-1.629,-0.118,1,1
10,3,27,3,N,nb2,1255,-0.683,1.865,2,1
10,3,27,3,N,nb3,1255,0.978,-1.678,2,1
10,3,27,3,N,nb4,1255,0.794,0.901,1,0
10,3,27,3,N,nb5,1255,-0.161,-1.676,2,1
10,3,27,3,N,nb6,1255,-0.922,1.866,3,1
10,3,27,3,N,nb7,1255,-1.092,1.866,2,0
10,3,27,3,N,nb8,1255,-1.274,1.865,1,1
10,3,27,3,N,nb9,1255,-1.499,-0.225,1,1
10,3,27,3,N,nb10,1255,1.037,0.664,1,0
10,3,27,3,N,nb11,1255,0.821,-1.867,1,1
10,3,27,3,N,nb12,1255,-1.841,1.165,1,1
10,3,27,3,N,nb13,1255,-0.93,1.633,1,1
10,3,27,3,N,nb14,1255,0.001,-1.727,2,1
10,3,27,3,N,nb15,1255,1.378,-1.866,2,1
10,3,27,3,N,nb16,1255,-1.801,1.865,1,1
10,3,27,3,N,nb17,1255,-1.7,-0.737,1,1
10,3,27,3,N,nb18,1255,0.09,-1.387,3,1
10,3,27,3,N,nb19,1255,-1.865,-0.404,2,1
10,3,27,3,N,nb20,1255,-0.445,1.866,1,1
10,3,27,3,N,nb21,1255,1.135,-1.866,2,1
10,3,27,3,N,nb22,1255,-1.668,1.76,1,1
10,3,27,3,N,nb23,1255,0.147,-1.547,3,1
10,3,27,3,N,nb24,1255,1.616,-1.865,1,1
10,3,27,3,N,nb25,1255,-1.763,1.402,1,1
10,3,27,3,N,nb26,1255,-0.059,-1.468,4,1
10,3,27,3,N,nb27,1255,0.934,0.8,2,0
10,3,27,3,N,nb28,1255,-1.78,-0.551,2,1
10,3,27,3,N,nb29,1255,-0.017,-1.255,2,1
10,3,27,3,A,aa0,1255,-0.072,0.931,0,0
10,3,27,3,A,aa1,1255,-0.602,-1.089,0,0
10,3,27,3,A,aa2,1255,-1.816,-0.073,0,0
10,3,27,3,N,nb0,1260,-1.865,-0.234,1,1
10,3,27,3,N,nb1,1260,-1.629,-0.118,1,1
10,3,27,3,N,nb2,1260,-0.683,1.865,2,1
10,3,27,3,N,nb3,1260,0.978,-1.678,2,0
10,3,27,3,N,nb4,1260,0.794,0.901,1,1
10,3,27,3,N,nb5,1260,-0.161,-1.676,2,1
10,3,27,3,N,nb6,1260,-0.922,1.866,3,1
10,3,27,3,N,nb7,1260,-1.092,1.866,2,1
10,3,27,3,N,nb8,1260,-1.274,1.865,1,1
10,3,27,3,N,nb9,1260,-1.499,-0.225,1,1
10,3,27,3,N,nb10,1260,1.037,0.664,1,1
10,3,27,3,N,nb11,1260,0.821,-1.867,1,1
10,3,27,3,N,nb12,1260,-1.841,1.165,1,1
10,3,27,3,N,nb13,1260,-0.93,1.633,1,1
10,3,27,3,N,nb14,1260,0.001,-1.727,2,1
10,3,27,3,N,nb15,1260,1.378,-1.866,2,1
10,3,27,3,N,nb16,1260,-1.801,1.865,1,1
10,3,27,3,N,nb17,1260,-1.7,-0.737,1,1
10,3,27,3,N,nb18,1260,0.09,-1.387,3,1
10,3,27,3,N,nb19,1260,-1.865,-0.404,2,1
10,3,27,3,N,nb20,1260,-0.445,1.866,1,1
10,3,27,3,N,nb21,1260,1.135,-1.866,2,0
10,3,27,3,N,nb22,1260,-1.668,1.76,1,1
10,3,27,3,N,nb23,1260,0.147,-1.547,3,1
10,3,27,3,N,nb24,1260,1.616,-1.865,1,1
10,3,27,3,N,nb25,1260,-1.763,1.402,1,1
10,3,27,3,N,nb26,1260,-0.059,-1.468,4,1
10,3,27,3,N,nb27,1260,0.934,0.8,2,1
10,3,27,3,N,nb28,1260,-1.78,-0.551,2,1
10,3,27,3,N,nb29,1260,-0.017,-1.255,2,1
10,3,27,3,A,aa0,1260,-0.039,1.025,0,0
10,3,27,3,A,aa1,1260,-0.653,-1.174,0,0
10,3,27,3,A,aa2,1260,-1.794,-0.082,2,0
10,3,27,3,N,nb0,1265,-1.865,-0.234,1,1
10,3,27,3,N,nb1,1265,-1.629,-0.118,1,1
10,3,27,3,N,nb2,1265,-0.683,1.865,2,1
10,3,27,3,N,nb3,1265,0.978,-1.678,2,1
10,3,27,3,N,nb4,1265,0.794,0.901,1,1
10,3,27,3,N,nb5,1265,-0.161,-1.676,2,1
10,3,27,3,N,nb6,1265,-0.922,1.866,3,1
10,3,27,3,N,nb7,1265,-1.092,1.866,2,1
10,3,27,3,N,nb8,1265,-1.274,1.865,1,1
10,3,27,3,N,nb9,1265,-1.499,-0.225,1,1
10,3,27,3,N,nb10,1265,1.037,0.664,1,1
10,3,27,3,N,nb11,1265,0.821,-1.867,1,1
10,3,27,3,N,nb12,1265,-1.841,1.165,1,1
10,3,27,3,N,nb13,1265,-0.93,1.633,1,1
10,3,27,3,N,nb14,1265,0.001,-1.727,2,1
10,3,27,3,N,nb15,1265,1.378,-1.866,2,1
10,3,27,3,N,nb16,1265,-1.801,1.865,1,1
10,3,27,3,N,nb17,1265,-1.7,-0.737,1,1
10,3,27,3,N,nb18,1265,0.09,-1.387,3,1
10,3,27,3,N,nb19,1265,-1.865,-0.404,2,1
10,3,27,3,N,nb20,1265,-0.445,1.866,1,1
10,3,27,3,N,nb21,1265,1.135,-1.866,2,1
10,3,27,3,N,nb22,1265,-1.668,1.76,1,1
10,3,27,3,N,nb23,1265,0.147,-1.547,3,1
10,3,27,3,N,nb24,1265,1.616,-1.865,1,1
10,3,27,3,N,nb25,1265,-1.763,1.402,1,1
10,3,27,3,N,nb26,1265,-0.059,-1.468,4,1
10,3,27,3,N,nb27,1265,0.934,0.8,2,1
10,3,27,3,N,nb28,1265,-1.78,-0.551,2,1
10,3,27,3,N,nb29,1265,-0.017,-1.255,2,1
10,3,27,3,A,aa0,1265,-0.007,1.12,0,0
10,3,27,3,A,aa1,1265,-0.705,-1.26,0,0
10,3,27,3,A,aa2,1265,-1.794,-0.082,2,0
10,3,27,3,N,nb0,1270,-1.865,-0.234,1,1
10,3,27,3,N,nb1,1270,-1.629,-0.118,1,1
10,3,27,3,N,nb2,1270,-0.683,1.865,2,1
10,3,27,3,N,nb3,1270,0.978,-1.678,2,1
10,3,27,3,N,nb4,1270,0.794,0.901,1,1
10,3,27,3,N,nb5,1270,-0.161,-1.676,2,1
10,3,27,3,N,nb6,1270,-0.922,1.866,3,1
10,3,27,3,N,nb7,1270,-1.092,1.866,2,1
10,3,27,3,N,nb8,1270,-1.274,1.865,1,1
10,3,27,3,N,nb9,1270,-1.499,-0.225,1,1
10,3,27,3,N,nb10,1270,1.037,0.664,1,1
10,3,27,3,N,nb11,1270,0.821,-1.867,1,1
10,3,27,3,N,nb12,1270,-1.841,1.165,1,1
10,3,27,3,N,nb13,1270,-0.93,1.633,1,1
10,3,27,3,N,nb14,1270,0.001,-1.727,2,1
10,3,27,3,N,nb15,1270,1.378,-1.866,2,1
10,3,27,3,N,nb16,1270,-1.801,1.865,1,1
10,3,27,3,N,nb17,1270,-1.7,-0.737,1,1
10,3,27,3,N,nb18,1270,0.09,-1.387,3,1
10,3,27,3,N,nb19,1270,-1.865,-0.404,2,1
10,3,27,3,N,nb20,1270,-0.445,1.866,1,1
10,3,27,3,N,nb21,1270,1.135,-1.866,2,1
10,3,27,3,N,nb22,1270,-1.668,1.76,1,1
10,3,27,3,N,nb23,1270,0.147,-1.547,3,1
10,3,27,3,N,nb24,1270,1.616,-1.865,1,1
10,3,27,3,N,nb25,1270,-1.763,1.402,1,1
10,3,27,3,N,nb26,1270,-0.059,-1.468,4,1
10,3,27,3,N,nb27,1270,0.934,0.8,2,1
10,3,27,3,N,nb28,1270,-1.78,-0.551,2,1
10,3,27,3,N,nb29,1270,-0.017,-1.255,2,1
10,3,27,3,A,aa0,1270,0.026,1.215,0,0
10,3,27,3,A,aa1,1270,-0.757,-1.345,0,0
10,3,27,3,A,aa2,1270,-1.794,-0.082,2,0
10,3,27,3,N,nb0,1275,-1.865,-0.234,1,1
10,3,27,3,N,nb1,1275,-1.629,-0.118,1,1
10,3,27,3,N,nb2,1275,-0.683,1.865,2,1
10,3,27,3,N,nb3,1275,0.978,-1.678,2,1
10,3,27,3,N,nb4,1275,0.794,0.901,1,1
10,3,27,3,N,nb5,1275,-0.161,-1.676,2,1
10,3,27,3,N,nb6,1275,-0.922,1.866,3,1
10,3,27,3,N,nb7,1275,-1.092,1.866,2,1
10,3,27,3,N,nb8,1275,-1.274,1.865,1,1
10,3,27,3,N,nb9,1275,-1.499,-0.225,1,1
10,3,27,3,N,nb10,1275,1.037,0.664,1,1
10,3,27,3,N,nb11,1275,0.821,-1.867,1,1
10,3,27,3,N,nb12,1275,-1.841,1.165,1,1
10,3,27,3,N,nb13,1275,-0.93,1.633,1,1
10,3,27,3,N,nb14,1275,0.001,-1.727,2,1
10,3,27,3,N,nb15,1275,1.378,-1.866,2,1
10,3,27,3,N,nb16,1275,-1.801,1.865,1,1
10,3,27,3,N,nb17,1275,-1.7,-0.737,1,1
10,3,27,3,N,nb18,1275,0.09,-1.387,3,1
10,3,27,3,N,nb19,1275,-1.865,-0.404,2,1
10,3,27,3,N,nb20,1275,-0.445,1.866,1,1
10,3,27,3,N,nb21,1275,1.135,-1.866,2,1
10,3,27,3,N,nb22,1275,-1.668,1.76,1,1
10,3,27,3,N,nb23,1275,0.147,-1.547,3,1
10,3,27,3,N,nb24,1275,1.616,-1.865,1,1
10,3,27,3,N,nb25,1275,-1.763,1.402,1,1
10,3,27,3,N,nb26,1275,-0.059,-1.468,4,1
10,3,27,3,N,nb27,1275,0.934,0.8,2,1
10,3,27,3,N,nb28,1275,-1.78,-0.551,2,1
10,3,27,3,N,nb29,1275,-0.017,-1.255,2,1
10,3,27,3,A,aa0,1275,0.058,1.309,0,0
10,3,27,3,A,aa1,1275,-0.808,-1.431,0,0
10,3,27,3,A,aa2,1275,-1.794,-0.082,2,0
10,3,27,3,N,nb0,1280,-1.865,-0.234,1,1
10,3,27,3,N,nb1,1280,-1.629,-0.118,1,1
10,3,27,3,N,nb2,1280,-0.683,1.865,2,1
10,3,27,3,N,nb3,1280,0.978,-1.678,2,1
10,3,27,3,N,nb4,1280,0.794,0.901,1,1
10,3,27,3,N,nb5,1280,-0.161,-1.676,2,1
10,3,27,3,N,nb6,1280,-0.922,1.866,3,1
10,3,27,3,N,nb7,1280,-1.092,1.866,2,1
10,3,27,3,N,nb8,1280,-1.274,1.865,1,1
10,3,27,3,N,nb9,1280,-1.499,-0.225,1,1
10,3,27,3,N,nb10,1280,1.037,0.664,1,1
10,3,27,3,N,nb11,1280,0.821,-1.867,1,1
10,3,27,3,N,nb12,1280,-1.841,1.165,1,1
10,3,27,3,N,nb13,1280,-0.93,1.633,1,1
10,3,27,3,N,nb14,1280,0.001,-1.727,2,1
10,3,27,3,N,nb15,1280,1.378,-1.866,2,0
10,3,27,3,N,nb16,1280,-1.801,1.865,1,1
10,3,27,3,N,nb17,1280,-1.7,-0.737,1,1
10,3,27,3,N,nb18,1280,0.09,-1.387,3,1
10,3,27,3,N,nb19,1280,-1.865,-0.404,2,1
10,3,27,3,N,nb20,1280,-0.445,1.866,1,1
10,3,27,3,N,nb21,1280,1.135,-1.866,2,1
10,3,27,3,N,nb22,1280,-1.668,1.76,1,1
10,3,27,3,N,nb23,1280,0.147,-1.547,3,1
10,3,27,3,N,nb24,1280,1.616,-1.865,1,1
10,3,27,3,N,nb25,1280,-1.763,1.402,1,1
10,3,27,3,N,nb26,1280,-0.059,-1.468,4,1
10,3,27,3,N,nb27,1280,0.934,0.8,2,1
10,3,27,3,N,nb28,1280,-1.78,-0.551,2,1
10,3,27,3,N,nb29,1280,-0.017,-1.255,2,1
10,3,27,3,A,aa0,1280,0.09,1.404,0,0
10,3,27,3,A,aa1,1280,-0.86,-1.517,0,0
10,3,27,3,A,aa2,1280,-1.794,-0.082,2,0
10,3,27,3,N,nb0,1285,-1.865,-0.234,1,1
10,3,27,3,N,nb1,1285,-1.629,-0.118,1,1
10,3,27,3,N,nb2,1285,-0.683,1.865,2,1
10,3,27,3,N,nb3,1285,0.978,-1.678,2,1
10,3,27,3,N,nb4,1285,0.794,0.901,1,1
10,3,27,3,N,nb5,1285,-0.161,-1.676,2,1
10,3,27,3,N,nb6,1285,-0.922,1.866,3,1
10,3,27,3,N,nb7,1285,-1.092,1.866,2,1
10,3,27,3,N,nb8,1285,-1.274,1.865,1,1
10,3,27,3,N,nb9,1285,-1.499,-0.225,1,1
10,3,27,3,N,nb10,1285,1.037,0.664,1,1
10,3,27,3,N,nb11,1285,0.821,-1.867,1,1
10,3,27,3,N,nb12,1285,-1.841,1.165,1,1
10,3,27,3,N,nb13,1285,-0.93,1.633,1,1
10,3,27,3,N,nb14,1285,0.001,-1.727,2,1
10,3,27,3,N,nb15,1285,1.378,-1.866,2,1
10,3,27,3,N,nb16,1285,-1.801,1.865,1,1
10,3,27,3,N,nb17,1285,-1.7,-0.737,1,1
10,3,27,3,N,nb18,1285,0.09,-1.387,3,1
10,3,27,3,N,nb19,1285,-1.865,-0.404,2,1
10,3,27,3,N,nb20,1285,-0.445,1.866,1,1
10,3,27,3,N,nb21,1285,1.135,-1.866,2,1
10,3,27,3,N,nb22,1285,-1.668,1.76,1,1
10,3,27,3,N,nb23,1285,0.147,-1.547,3,1
10,3,27,3,N,nb24,1285,1.616,-1.865,1,0
10,3,27,3,N,nb25,1285,-1.763,1.402,1,1
10,3,27,3,N,nb26,1285,-0.059,-1.468,4,1
10,3,27,3,N,nb27,1285,0.934,0.8,2,1
10,3,27,3,N,nb28,1285,-1.78,-0.551,2,1
10,3,27,3,N,nb29,1285,-0.017,-1.255,2,1
10,3,27,3,A,aa0,1285,0.123,1.499,0,0
10,3,27,3,A,aa1,1285,-0.912,-1.602,0,0
10,3,27,3,A,aa2,1285,-1.794,-0.082,2,0
10,3,27,3,N,nb0,1290,-1.865,-0.234,1,1
10,3,27,3,N,nb1,1290,-1.629,-0.118,1,1
10,3,27,3,N,nb2,1290,-0.683,1.865,2,1
10,3,27,3,N,nb3,1290,0.978,-1.678,2,1
10,3,27,3,N,nb4,1290,0.794,0.901,1,1
10,3,27,3,N,nb5,1290,-0.161,-1.676,2,1
10,3,27,3,N,nb6,1290,-0.922,1.866,3,1
10,3,27,3,N,nb7,1290,-1.092,1.866,2,1
10,3,27,3,N,nb8,1290,-1.274,1.865,1,1
10,3,27,3,N,nb9,1290,-1.499,-0.225,1,1
10,3,27,3,N,nb10,1290,1.037,0.664,1,1
10,3,27,3,N,nb11,1290,0.821,-1.867,1,1
10,3,27,3,N,nb12,1290,-1.841,1.165,1,1
10,3,27,3,N,nb13,1290,-0.93,1.633,1,1
10,3,27,3,N,nb14,1290,0.001,-1.727,2,1
10,3,27,3,N,nb15,1290,1.378,-1.866,2,1
10,3,27,3,N,nb16,1290,-1.801,1.865,1,1
10,3,27,3,N,nb17,1290,-1.7,-0.737,1,1
10,3,27,3,N,nb18,1290,0.09,-1.387,3,1
10,3,27,3,N,nb19,1290,-1.865,-0.404,2,1
10,3,27,3,N,nb20,1290,-0.445,1.866,1,1
10,3,27,3,N,nb21,1290,1.135,-1.866,2,1
10,3,27,3,N,nb22,1290,-1.668,1.76,1,1
10,3,27,3,N,nb23,1290,0.147,-1.547,3,1
10,3,27,3,N,nb24,1290,1.616,-1.865,1,1
10,3,27,3,N,nb25,1290,-1.763,1.402,1,1
10,3,27,3,N,nb26,1290,-0.059,-1.468,4,1
10,3,27,3,N,nb27,1290,0.934,0.8,2,1
10,3,27,3,N,nb28,1290,-1.78,-0.551,2,1
10,3,27,3,N,nb29,1290,-0.017,-1.255,2,1
10,3,27,3,A,aa0,1290,0.155,1.593,0,0
10,3,27,3,A,aa1,1290,-0.964,-1.688,0,0
10,3,27,3,A,aa2,1290,-1.794,-0.082,2,0
10,3,27,3,N,nb0,1295,-1.865,-0.234,1,1
10,3,27,3,N,nb1,1295,-1.629,-0.118,1,1
10,3,27,3,N,nb2,1295,-0.683,1.865,2,1
10,3,27,3,N,nb3,1295,0.978,-1.678,2,1
10,3,27,3,N,nb4,1295,0.794,0.901,1,1
10,3,27,3,N,nb5,1295,-0.161,-1.676,2,1
10,3,27,3,N,nb6,1295,-0.922,1.866,3,1
10,3,27,3,N,nb7,1295,-1.092,1.866,2,1
10,3,27,3,N,nb8,1295,-1.274,1.865,1,1
10,3,27,3,N,nb9,1295,-1.499,-0.225,1,1
10,3,27,3,N,nb10,1295,1.037,0.664,1,1
10,3,27,3,N,nb11,1295,0.821,-1.867,1,1
10,3,27,3,N,nb12,1295,-1.841,1.165,1,1
10,3,27,3,N,nb13,1295,-0.93,1.633,1,1
10,3,27,3,N,nb14,1295,0.001,-1.727,2,1
10,3,27,3,N,nb15,1295,1.378,-1.866,2,1
10,3,27,3,N,nb16,1295,-1.801,1.865,1,1
10,3,27,3,N,nb17,1295,-1.7,-0.737,1,1
10,3,27,3,N,nb18,1295,0.09,-1.387,3,1
10,3,27,3,N,nb19,1295,-1.865,-0.404,2,1
10,3,27,3,N,nb20,1295,-0.445,1.866,1,1
10,3,27,3,N,nb21,1295,1.135,-1.866,2,1
10,3,27,3,N,nb22,1295,-1.668,1.76,1,1
10,3,27,3,N,nb23,1295,0.147,-1.547,3,1
10,3,27,3,N,nb24,1295,1.616,-1.865,1,1
10,3,27,3,N,nb25,1295,-1.763,1.402,1,1
10,3,27,3,N,nb26,1295,-0.059,-1.468,4,1
10,3,27,3,N,nb27,1295,0.934,0.8,2,1
10,3,27,3,N,nb28,1295,-1.78,-0.551,2,1
10,3,27,3,N,nb29,1295,-0.017,-1.255,2,1
10,3,27,3,A,aa0,1295,0.187,1.688,0,0
10,3,27,3,A,aa1,1295,-1.015,-1.773,0,0
10,3,27,3,A,aa2,1295,-1.794,-0.082,2,0
10,3,27,3,N,nb0,1300,-1.865,-0.234,1,1
10,3,27,3,N,nb1,1300,-1.629,-0.118,1,1
10,3,27,3,N,nb2,1300,-0.683,1.865,2,1
10,3,27,3,N,nb3,1300,0.978,-1.678,2,1
10,3,27,3,N,nb4,1300,0.794,0.901,1,1
10,3,27,3,N,nb5,1300,-0.161,-1.676,2,0
10,3,27,3,N,nb6,1300,-0.922,1.866,3,1
10,3,27,3,N,nb7,1300,-1.092,1.866,2,1
10,3,27,3,N,nb8,1300,-1.274,1.865,1,1
10,3,27,3,N,nb9,1300,-1.499,-0.225,1,1
10,3,27,3,N,nb10,1300,1.037,0.664,1,1
10,3,27,3,N,nb11,1300,0.821,-1.867,1,1
10,3,27,3,N,nb12,1300,-1.841,1.165,1,1
10,3,27,3,N,nb13,1300,-0.93,1.633,1,1
10,3,27,3,N,nb14,1300,0.001,-1.727,2,0
10,3,27,3,N,nb15,1300,1.378,-1.866,2,1
10,3,27,3,N,nb16,1300,-1.801,1.865,1,0
10,3,27,3,N,nb17,1300,-1.7,-0.737,1,1
10,3,27,3,N,nb18,1300,0.09,-1.387,3,1
10,3,27,3,N,nb19,1300,-1.865,-0.404,2,1
10,3,27,3,N,nb20,1300,-0.445,1.866,1,1
10,3,27,3,N,nb21,1300,1.135,-1.866,2,1
10,3,27,3,N,nb22,1300,-1.668,1.76,1,0
10,3,27,3,N,nb23,1300,0.147,-1.547,3,1
10,3,27,3,N,nb24,1300,1.616,-1.865,1,1
10,3,27,3,N,nb25,1300,-1.763,1.402,1,1
10,3,27,3,N,nb26,1300,-0.059,-1.468,4,1
10,3,27,3,N,nb27,1300,0.934,0.8,2,1
10,3,27,3,N,nb28,1300,-1.78,-0.551,2,1
10,3,27,3,N,nb29,1300,-0.017,-1.255,2,1
10,3,27,3,A,aa0,1300,0.22,1.782,0,0
10,3,27,3,A,aa1,1300,-1.065,-1.845,0,0
10,3,27,3,A,aa2,1300,-1.788,-0.047,2,0
10,3,27,3,N,nb0,1305,-1.865,-0.234,1,0
10,3,27,3,N,nb1,1305,-1.629,-0.118,1,0
10,3,27,3,N,nb2,1305,-0.683,1.865,2,1
10,3,27,3,N,nb3,1305,0.978,-1.678,2,1
10,3,27,3,N,nb4,1305,0.794,0.901,1,1
10,3,27,3,N,nb5,1305,-0.161,-1.676,2,1
10,3,27,3,N,nb6,1305,-0.922,1.866,3,1
10,3,27,3,N,nb7,1305,-1.092,1.866,2,1
10,3,27,3,N,nb8,1305,-1.274,1.865,1,1
10,3,27,3,N,nb9,1305,-1.499,-0.225,1,1
10,3,27,3,N,nb10,1305,1.037,0.664,1,1
10,3,27,3,N,nb11,1305,0.821,-1.867,1,1
10,3,27,3,N,nb12,1305,-1.841,1.165,1,1
10,3,27,3,N,nb13,1305,-0.93,1.633,1,1
10,3,27,3,N,nb14,1305,0.001,-1.727,2,1
10,3,27,3,N,nb15,1305,1.378,-1.866,2,1
10,3,27,3,N,nb16,1305,-1.801,1.865,1,1
10,3,27,3,N,nb17,1305,-1.7,-0.737,1,1
10,3,27,3,N,nb18,1305,0.09,-1.387,3,1
10,3,27,3,N,nb19,1305,-1.865,-0.404,2,1
10,3,27,3,N,nb20,1305,-0.445,1.866,1,1
10,3,27,3,N,nb21,1305,1.135,-1.866,2,1
10,3,27,3,N,nb22,1305,-1.668,1.76,1,1
10,3,27,3,N,nb23,1305,0.147,-1.547,3,1
10,3,27,3,N,nb24,1305,1.616,-1.865,1,1
10,3,27,3,N,nb25,1305,-1.763,1.402,1,1
10,3,27,3,N,nb26,1305,-0.059,-1.468,4,1
10,3,27,3,N,nb27,1305,0.934,0.8,2,1
10,3,27,3,N,nb28,1305,-1.78,-0.551,2,0
10,3,27,3,N,nb29,1305,-0.017,-1.255,2,1
10,3,27,3,A,aa0,1305,0.254,1.862,0,0
10,3,27,3,A,aa1,1305,-1.125,-1.866,0,0
10,3,27,3,A,aa2,1305,-1.775,0.049,2,0
10,3,27,3,N,nb0,1310,-1.865,-0.222,1,0
10,3,27,3,N,nb1,1310,-1.59,-0.083,1,0
10,3,27,3,N,nb2,1310,-0.683,1.865,2,1
10,3,27,3,N,nb3,1310,0.978,-1.678,2,1
10,3,27,3,N,nb4,1310,0.794,0.901,1,1
10,3,27,3,N,nb5,1310,-0.161,-1.676,2,1
10,3,27,3,N,nb6,1310,-0.922,1.866,3,1
10,3,27,3,N,nb7,1310,-1.092,1.866,2,1
10,3,27,3,N,nb8,1310,-1.274,1.865,1,1
10,3,27,3,N,nb9,1310,-1.499,-0.225,1,1
10,3,27,3,N,nb10,1310,1.037,0.664,1,1
10,3,27,3,N,nb11,1310,0.821,-1.867,1,1
10,3,27,3,N,nb12,1310,-1.841,1.165,1,1
10,3,27,3,N,nb13,1310,-0.93,1.633,1,1
10,3,27,3,N,nb14,1310,0.001,-1.727,2,1
10,3,27,3,N,nb15,1310,1.378,-1.866,2,1
10,3,27,3,N,nb16,1310,-1.801,1.865,1,1
10,3,27,3,N,nb17,1310,-1.7,-0.737,1,1
10,3,27,3,N,nb18,1310,0.09,-1.387,3,1
10,3,27,3,N,nb19,1310,-1.865,-0.404,2,1
10,3,27,3,N,nb20,1310,-0.445,1.866,1,1
10,3,27,3,N,nb21,1310,1.135,-1.866,2,1
10,3,27,3,N,nb22,1310,-1.668,1.76,1,1
10,3,27,3,N,nb23,1310,0.147,-1.547,3,1
10,3,27,3,N,nb24,1310,1.616,-1.865,1,1
10,3,27,3,N,nb25,1310,-1.763,1.402,1,1
10,3,27,3,N,nb26,1310,-0.059,-1.468,4,1
10,3,27,3,N,nb27,1310,0.934,0.8,2,1
10,3,27,3,N,nb28,1310,-1.833,-0.598,2,0
10,3,27,3,N,nb29,1310,-0.017,-1.255,2,1
10,3,27,3,A,aa0,1310,0.297,1.865,0,0
10,3,27,3,A,aa1,1310,-1.193,-1.866,0,0
10,3,27,3,A,aa2,1310,-1.765,0.146,0,0
10,3,27,3,N,nb0,1315,-1.865,-0.196,1,1
10,3,27,3,N,nb1,1315,-1.509,-0.047,1,1
10,3,27,3,N,nb2,1315,-0.683,1.865,2,1
10,3,27,3,N,nb3,1315,0.978,-1.678,2,1
10,3,27,3,N,nb4,1315,0.794,0.901,1,1
10,3,27,3,N,nb5,1315,-0.161,-1.676,2,1
10,3,27,3,N,nb6,1315,-0.922,1.866,3,1
10,3,27,3,N,nb7,1315,-1.092,1.866,2,1
10,3,27,3,N,nb8,1315,-1.274,1.865,1,1
10,3,27,3,N,nb9,1315,-1.499,-0.225,1,1
10,3,27,3,N,nb10,1315,1.037,0.664,1,1
10,3,27,3,N,nb11,1315,0.821,-1.867,1,1
10,3,27,3,N,nb12,1315,-1.841,1.165,1,1
10,3,27,3,N,nb13,1315,-0.93,1.633,1,1
10,3,27,3,N,nb14,1315,0.001,-1.727,2,1
10,3,27,3,N,nb15,1315,1.378,-1.866,2,1
10,3,27,3,N,nb16,1315,-1.801,1.865,1,1
10,3,27,3,N,nb17,1315,-1.7,-0.737,1,1
10,3,27,3,N,nb18,1315,0.09,-1.387,3,1
10,3,27,3,N,nb19,1315,-1.865,-0.404,1,0
10,3,27,3,N,nb20,1315,-0.445,1.866,1,1
10,3,27,3,N,nb21,1315,1.135,-1.866,2,1
10,3,27,3,N,nb22,1315,-1.668,1.76,1,1
10,3,27,3,N,nb23,1315,0.147,-1.547,3,1
10,3,27,3,N,nb24,1315,1.616,-1.865,1,1
10,3,27,3,N,nb25,1315,-1.763,1.402,1,1
10,3,27,3,N,nb26,1315,-0.059,-1.468,4,1
10,3,27,3,N,nb27,1315,0.934,0.8,2,1
10,3,27,3,N,nb28,1315,-1.865,-0.662,1,0
10,3,27,3,N,nb29,1315,-0.017,-1.255,2,1
10,3,27,3,A,aa0,1315,0.319,1.865,0,0
10,3,27,3,A,aa1,1315,-1.27,-1.866,0,0
10,3,27,3,A,aa2,1315,-1.752,0.244,0,0
10,3,27,3,N,nb0,1320,-1.865,-0.196,1,1
10,3,27,3,N,nb1,1320,-1.506,-0.046,1,1
10,3,27,3,N,nb2,1320,-0.683,1.865,2,1
10,3,27,3,N,nb3,1320,0.978,-1.678,2,1
10,3,27,3,N,nb4,1320,0.794,0.901,1,1
10,3,27,3,N,nb5,1320,-0.161,-1.676,2,1
10,3,27,3,N,nb6,1320,-0.922,1.866,3,1
10,3,27,3,N,nb7,1320,-1.092,1.866,2,1
10,3,27,3,N,nb8,1320,-1.274,1.865,1,1
10,3,27,3,N,nb9,1320,-1.499,-0.225,1,1
10,3,27,3,N,nb10,1320,1.037,0.664,1,1
10,3,27,3,N,nb11,1320,0.821,-1.867,1,1
10,3,27,3,N,nb12,1320,-1.841,1.165,1,1
10,3,27,3,N,nb13,1320,-0.93,1.633,1,1
10,3,27,3,N,nb14,1320,0.001,-1.727,2,1
10,3,27,3,N,nb15,1320,1.378,-1.866,2,1
10,3,27,3,N,nb16,1320,-1.801,1.865,1,1
10,3,27,3,N,nb17,1320,-1.7,-0.737,1,1
10,3,27,3,N,nb18,1320,0.09,-1.387,3,1
10,3,27,3,N,nb19,1320,-1.865,-0.404,1,1
10,3,27,3,N,nb20,1320,-0.445,1.866,1,1
10,3,27,3,N,nb21,1320,1.135,-1.866,2,1
10,3,27,3,N,nb22,1320,-1.668,1.76,1,1
10,3,27,3,N,nb23,1320,0.147,-1.547,3,1
10,3,27,3,N,nb24,1320,1.616,-1.865,1,1
10,3,27,3,N,nb25,1320,-1.763,1.402,1,1
10,3,27,3,N,nb26,1320,-0.059,-1.468,4,1
10,3,27,3,N,nb27,1320,0.934,0.8,2,1
10,3,27,3,N,nb28,1320,-1.865,-0.677,1,1
10,3,27,3,N,nb29,1320,-0.017,-1.255,2,1
10,3,27,3,A,aa0,1320,0.319,1.865,0,0
10,3,27,3,A,aa1,1320,-1.354,-1.866,0,0
10,3,27,3,A,aa2,1320,-1.737,0.342,2,0
10,3,27,3,N,nb0,1325,-1.865,-0.196,1,1
10,3,27,3,N,nb1,1325,-1.506,-0.046,1,1
10,3,27,3,N,nb2,1325,-0.683,1.865,2,1
10,3,27,3,N,nb3,1325,0.978,-1.678,2,1
10,3,27,3,N,nb4,1325,0.794,0.901,1,1
10,3,27,3,N,nb5,1325,-0.161,-1.676,2,1
10,3,27,3,N,nb6,1325,-0.922,1.866,3,1
10,3,27,3,N,nb7,1325,-1.092,1.866,2,1
10,3,27,3,N,nb8,1325,-1.274,1.865,1,1
10,3,27,3,N,nb9,1325,-1.499,-0.225,1,1
10,3,27,3,N,nb10,1325,1.037,0.664,1,1
10,3,27,3,N,nb11,1325,0.821,-1.867,1,0
10,3,27,3,N,nb12,1325,-1.841,1.165,1,1
10,3,27,3,N,nb13,1325,-0.93,1.633,1,1
10,3,27,3,N,nb14,1325,0.001,-1.727,2,1
10,3,27,3,N,nb15,1325,1.378,-1.866,2,1
10,3,27,3,N,nb16,1325,-1.801,1.865,1,1
10,3,27,3,N,nb17,1325,-1.7,-0.737,1,1
10,3,27,3,N,nb18,1325,0.09,-1.387,3,1
10,3,27,3,N,nb19,1325,-1.865,-0.404,1,1
10,3,27,3,N,nb20,1325,-0.445,1.866,1,1
10,3,27,3,N,nb21,1325,1.135,-1.866,2,1
10,3,27,3,N,nb22,1325,-1.668,1.76,1,1
10,3,27,3,N,nb23,1325,0.147,-1.547,3,1
10,3,27,3,N,nb24,1325,1.616,-1.865,1,1
10,3,27,3,N,nb25,1325,-1.763,1.402,1,1
10,3,27,3,N,nb26,1325,-0.059,-1.468,4,1
10,3,27,3,N,nb27,1325,0.934,0.8,2,1
10,3,27,3,N,nb28,1325,-1.865,-0.677,1,1
10,3,27,3,N,nb29,1325,-0.017,-1.255,2,1
10,3,27,3,A,aa0,1325,0.305,1.865,0,0
10,3,27,3,A,aa1,1325,-1.442,-1.866,0,0
10,3,27,3,A,aa2,1325,-1.723,0.441,1,0
10,3,27,3,N,nb0,1330,-1.865,-0.196,1,1
10,3,27,3,N,nb1,1330,-1.506,-0.046,1,1
10,3,27,3,N,nb2,1330,-0.683,1.865,2,1
10,3,27,3,N,nb3,1330,0.978,-1.678,2,1
10,3,27,3,N,nb4,1330,0.794,0.901,1,1
10,3,27,3,N,nb5,1330,-0.161,-1.676,2,1
10,3,27,3,N,nb6,1330,-0.922,1.866,3,1
10,3,27,3,N,nb7,1330,-1.092,1.866,2,1
10,3,27,3,N,nb8,1330,-1.274,1.865,1,1
10,3,27,3,N,nb9,1330,-1.499,-0.225,1,1
10,3,27,3,N,nb10,1330,1.037,0.664,1,1
10,3,27,3,N,nb11,1330,0.821,-1.867,1,1
10,3,27,3,N,nb12,1330,-1.841,1.165,1,1
10,3,27,3,N,nb13,1330,-0.93,1.633,1,1
10,3,27,3,N,nb14,1330,0.001,-1.727,2,1
10,3,27,3,N,nb15,1330,1.378,-1.866,2,1
10,3,27,3,N,nb16,1330,-1.801,1.865,1,1
10,3,27,3,N,nb17,1330,-1.7,-0.737,1,0
10,3,27,3,N,nb18,1330,0.09,-1.387,3,1
10,3,27,3,N,nb19,1330,-1.865,-0.404,1,1
10,3,27,3,N,nb20,1330,-0.445,1.866,1,1
10,3,27,3,N,nb21,1330,1.135,-1.866,2,1
10,3,27,3,N,nb22,1330,-1.668,1.76,1,1
10,3,27,3,N,nb23,1330,0.147,-1.547,3,1
10,3,27,3,N,nb24,1330,1.616,-1.865,1,1
10,3,27,3,N,nb25,1330,-1.763,1.402,1,1
10,3,27,3,N,nb26,1330,-0.059,-1.468,4,1
10,3,27,3,N,nb27,1330,0.934,0.8,2,1
10,3,27,3,N,nb28,1330,-1.865,-0.677,1,1
10,3,27,3,N,nb29,1330,-0.017,-1.255,2,1
10,3,27,3,A,aa0,1330,0.273,1.865,0,0
10,3,27,3,A,aa1,1330,-1.533,-1.866,0,0
10,3,27,3,A,aa2,1330,-1.709,0.54,0,0
10,3,27,3,N,nb0,1335,-1.865,-0.196,1,1
10,3,27,3,N,nb1,1335,-1.506,-0.046,1,1
10,3,27,3,N,nb2,1335,-0.683,1.865,2,1
10,3,27,3,N,nb3,1335,0.978,-1.678,2,1
10,3,27,3,N,nb4,1335,0.794,0.901,1,1
10,3,27,3,N,nb5,1335,-0.161,-1.676,2,1
10,3,27,3,N,nb6,1335,-0.922,1.866,3,1
10,3,27,3,N,nb7,1335,-1.092,1.866,2,1
10,3,27,3,N,nb8,1335,-1.274,1.865,1,1
10,3,27,3,N,nb9,1335,-1.499,-0.225,1,1
10,3,27,3,N,nb10,1335,1.037,0.664,1,1
10,3,27,3,N,nb11,1335,0.821,-1.867,1,1
10,3,27,3,N,nb12,1335,-1.841,1.165,1,1
10,3,27,3,N,nb13,1335,-0.93,1.633,1,1
10,3,27,3,N,nb14,1335,0.001,-1.727,2,1
10,3,27,3,N,nb15,1335,1.378,-1.866,2,1
10,3,27,3,N,nb16,1335,-1.801,1.865,1,1
10,3,27,3,N,nb17,1335,-1.7,-0.737,1,1
10,3,27,3,N,nb18,1335,0.09,-1.387,3,1
10,3,27,3,N,nb19,1335,-1.865,-0.404,1,1
10,3,27,3,N,nb20,1335,-0.445,1.866,1,1
10,3,27,3,N,nb21,1335,1.135,-1.866,2,1
10,3,27,3,N,nb22,1335,-1.668,1.76,1,1
10,3,27,3,N,nb23,1335,0.147,-1.547,3,1
10,3,27,3,N,nb24,1335,1.616,-1.865,1,1
10,3,27,3,N,nb25,1335,-1.763,1.402,1,1
10,3,27,3,N,nb26,1335,-0.059,-1.468,4,1
10,3,27,3,N,nb27,1335,0.934,0.8,2,1
10,3,27,3,N,nb28,1335,-1.865,-0.677,1,1
10,3,27,3,N,nb29,1335,-0.017,-1.255,2,1
10,3,27,3,A,aa0,1335,0.227,1.865,0,0
10,3,27,3,A,aa1,1335,-1.625,-1.862,0,0
10,3,27,3,A,aa2,1335,-1.694,0.639,1,0
10,3,27,3,N,nb0,1340,-1.865,-0.196,1,1
10,3,27,3,N,nb1,1340,-1.506,-0.046,1,1
10,3,27,3,N,nb2,1340,-0.683,1.865,2,1
10,3,27,3,N,nb3,1340,0.978,-1.678,2,1
10,3,27,3,N,nb4,1340,0.794,0.901,1,1
10,3,27,3,N,nb5,1340,-0.161,-1.676,2,1
10,3,27,3,N,nb6,1340,-0.922,1.866,3,1
10,3,27,3,N,nb7,1340,-1.092,1.866,2,1
10,3,27,3,N,nb8,1340,-1.274,1.865,1,1
10,3,27,3,N,nb9,1340,-1.499,-0.225,1,1
10,3,27,3,N,nb10,1340,1.037,0.664,1,1
10,3,27,3,N,nb11,1340,0.821,-1.867,1,1
10,3,27,3,N,nb12,1340,-1.841,1.165,1,1
10,3,27,3,N,nb13,1340,-0.93,1.633,1,1
10,3,27,3,N,nb14,1340,0.001,-1.727,2,1
10,3,27,3,N,nb15,1340,1.378,-1.866,2,1
10,3,27,3,N,nb16,1340,-1.801,1.865,1,1
10,3,27,3,N,nb17,1340,-1.7,-0.737,1,1
10,3,27,3,N,nb18,1340,0.09,-1.387,3,1
10,3,27,3,N,nb19,1340,-1.865,-0.404,1,1
10,3,27,3,N,nb20,1340,-0.445,1.866,1,1
10,3,27,3,N,nb21,1340,1.135,-1.866,2,1
10,3,27,3,N,nb22,1340,-1.668,1.76,1,1
10,3,27,3,N,nb23,1340,0.147,-1.547,3,1
10,3,27,3,N,nb24,1340,1.616,-1.865,1,1
10,3,27,3,N,nb25,1340,-1.763,1.402,1,1
10,3,27,3,N,nb26,1340,-0.059,-1.468,4,1
10,3,27,3,N,nb27,1340,0.934,0.8,2,1
10,3,27,3,N,nb28,1340,-1.865,-0.677,1,1
10,3,27,3,N,nb29,1340,-0.017,-1.255,2,1
10,3,27,3,A,aa0,1340,0.168,1.865,0,0
10,3,27,3,A,aa1,1340,-1.717,-1.848,0,0
10,3,27,3,A,aa2,1340,-1.68,0.738,0,0
10,3,27,3,N,nb0,1345,-1.865,-0.196,1,0
10,3,27,3,N,nb1,1345,-1.506,-0.046,1,0
10,3,27,3,N,nb2,1345,-0.683,1.865,2,1
10,3,27,3,N,nb3,1345,0.978,-1.678,2,1
10,3,27,3,N,nb4,1345,0.794,0.901,1,1
10,3,27,3,N,nb5,1345,-0.161,-1.676,2,1
10,3,27,3,N,nb6,1345,-0.922,1.866,3,1
10,3,27,3,N,nb7,1345,-1.092,1.866,2,1
10,3,27,3,N,nb8,1345,-1.274,1.865,1,1
10,3,27,3,N,nb9,1345,-1.499,-0.225,1,1
10,3,27,3,N,nb10,1345,1.037,0.664,1,1
10,3,27,3,N,nb11,1345,0.821,-1.867,1,1
10,3,27,3,N,nb12,1345,-1.841,1.165,1,1
10,3,27,3,N,nb13,1345,-0.93,1.633,1,1
10,3,27,3,N,nb14,1345,0.001,-1.727,2,1
10,3,27,3,N,nb15,1345,1.378,-1.866,2,1
10,3,27,3,N,nb16,1345,-1.801,1.865,1,1
10,3,27,3,N,nb17,1345,-1.7,-0.737,1,1
10,3,27,3,N,nb18,1345,0.09,-1.387,3,1
10,3,27,3,N,nb19,1345,-1.865,-0.404,1,1
10,3,27,3,N,nb20,1345,-0.445,1.866,1,1
10,3,27,3,N,nb21,1345,1.135,-1.866,2,1
10,3,27,3,N,nb22,1345,-1.668,1.76,1,1
10,3,27,3,N,nb23,1345,0.147,-1.547,3,1
10,3,27,3,N,nb24,1345,1.616,-1.865,1,1
10,3,27,3,N,nb25,1345,-1.763,1.402,1,1
10,3,27,3,N,nb26,1345,-0.059,-1.468,4,1
10,3,27,3,N,nb27,1345,0.934,0.8,2,1
10,3,27,3,N,nb28,1345,-1.865,-0.677,1,1
10,3,27,3,N,nb29,1345,-0.017,-1.255,2,1
10,3,27,3,A,aa0,1345,0.098,1.865,1,0
10,3,27,3,A,aa1,1345,-1.807,-1.825,0,0
10,3,27,3,A,aa2,1345,-1.668,0.821,2,0
10,3,27,3,N,nb0,1350,-1.865,-0.196,1,1
10,3,27,3,N,nb1,1350,-1.506,-0.046,1,1
10,3,27,3,N,nb2,1350,-0.683,1.865,2,1
10,3,27,3,N,nb3,1350,0.978,-1.678,2,1
10,3,27,3,N,nb4,1350,0.794,0.901,1,1
10,3,27,3,N,nb5,1350,-0.161,-1.676,2,1
10,3,27,3,N,nb6,1350,-0.922,1.866,3,1
10,3,27,3,N,nb7,1350,-1.092,1.866,2,1
10,3,27,3,N,nb8,1350,-1.274,1.865,1,1
10,3,27,3,N,nb9,1350,-1.499,-0.225,1,1
10,3,27,3,N,nb10,1350,1.037,0.664,1,1
10,3,27,3,N,nb11,1350,0.821,-1.867,1,1
10,3,27,3,N,nb12,1350,-1.841,1.165,1,1
10,3,27,3,N,nb13,1350,-0.93,1.633,1,1
10,3,27,3,N,nb14,1350,0.001,-1.727,2,1
10,3,27,3,N,nb15,1350,1.378,-1.866,2,1
10,3,27,3,N,nb16,1350,-1.801,1.865,1,1
10,3,27,3,N,nb17,1350,-1.7,-0.737,1,1
10,3,27,3,N,nb18,1350,0.09,-1.387,3,1
10,3,27,3,N,nb19,1350,-1.865,-0.404,1,1
10,3,27,3,N,nb20,1350,-0.445,1.866,1,1
10,3,27,3,N,nb21,1350,1.135,-1.866,2,1
10,3,27,3,N,nb22,1350,-1.668,1.76,1,1
10,3,27,3,N,nb23,1350,0.147,-1.547,3,1
10,3,27,3,N,nb24,1350,1.616,-1.865,1,1
10,3,27,3,N,nb25,1350,-1.763,1.402,1,1
10,3,27,3,N,nb26,1350,-0.059,-1.468,4,1
10,3,27,3,N,nb27,1350,0.934,0.8,2,1
10,3,27,3,N,nb28,1350,-1.865,-0.677,1,1
10,3,27,3,N,nb29,1350,-0.017,-1.255,2,1
10,3,27,3,A,aa0,1350,0.02,1.865,1,0
10,3,27,3,A,aa1,1350,-1.866,-1.795,0,0
10,3,27,3,A,aa2,1350,-1.668,0.821,2,0
10,3,27,3,N,nb0,1355,-1.865,-0.196,1,1
10,3,27,3,N,nb1,1355,-1.506,-0.046,1,1
10,3,27,3,N,nb2,1355,-0.683,1.865,2,1
10,3,27,3,N,nb3,1355,0.978,-1.678,2,1
10,3,27,3,N,nb4,1355,0.794,0.901,1,1
10,3,27,3,N,nb5,1355,-0.161,-1.676,2,1
10,3,27,3,N,nb6,1355,-0.922,1.866,3,1
10,3,27,3,N,nb7,1355,-1.092,1.866,2,1
10,3,27,3,N,nb8,1355,-1.274,1.865,1,1
10,3,27,3,N,nb9,1355,-1.499,-0.225,1,0
10,3,27,3,N,nb10,1355,1.037,0.664,1,1
10,3,27,3,N,nb11,1355,0.821,-1.867,1,1
10,3,27,3,N,nb12,1355,-1.841,1.165,1,1
10,3,27,3,N,nb13,1355,-0.93,1.633,1,1
10,3,27,3,N,nb14,1355,0.001,-1.727,2,1
10,3,27,3,N,nb15,1355,1.378,-1.866,2,1
10,3,27,3,N,nb16,1355,-1.801,1.865,1,1
10,3,27,3,N,nb17,1355,-1.7,-0.737,1,1
10,3,27,3,N,nb18,1355,0.09,-1.387,3,1
10,3,27,3,N,nb19,1355,-1.865,-0.404,1,1
10,3,27,3,N,nb20,1355,-0.445,1.866,1,1
10,3,27,3,N,nb21,1355,1.135,-1.866,2,1
10,3,27,3,N,nb22,1355,-1.668,1.76,1,1
10,3,27,3,N,nb23,1355,0.147,-1.547,3,1
10,3,27,3,N,nb24,1355,1.616,-1.865,1,1
10,3,27,3,N,nb25,1355,-1.763,1.402,1,1
10,3,27,3,N,nb26,1355,-0.059,-1.468,4,1
10,3,27,3,N,nb27,1355,0.934,0.8,2,1
10,3,27,3,N,nb28,1355,-1.865,-0.677,1,1
10,3,27,3,N,nb29,1355,-0.017,-1.255,2,1
10,3,27,3,A,aa0,1355,-0.064,1.865,1,0
10,3,27,3,A,aa1,1355,-1.866,-1.756,0,0
10,3,27,3,A,aa2,1355,-1.716,0.852,2,0
10,3,27,3,N,nb0,1360,-1.865,-0.196,1,1
10,3,27,3,N,nb1,1360,-1.506,-0.046,1,1
10,3,27,3,N,nb2,1360,-0.683,1.865,2,1
10,3,27,3,N,nb3,1360,0.978,-1.678,2,1
10,3,27,3,N,nb4,1360,0.794,0.901,1,1
10,3,27,3,N,nb5,1360,-0.161,-1.676,2,1
10,3,27,3,N,nb6,1360,-0.922,1.866,3,1
10,3,27,3,N,nb7,1360,-1.092,1.866,2,1
10,3,27,3,N,nb8,1360,-1.274,1.865,1,1
10,3,27,3,N,nb9,1360,-1.499,-0.225,1,1
10,3,27,3,N,nb10,1360,1.037,0.664,1,1
10,3,27,3,N,nb11,1360,0.821,-1.867,1,1
10,3,27,3,N,nb12,1360,-1.841,1.165,1,1
10,3,27,3,N,nb13,1360,-0.93,1.633,1,0
10,3,27,3,N,nb14,1360,0.001,-1.727,2,1
10,3,27,3,N,nb15,1360,1.378,-1.866,2,1
10,3,27,3,N,nb16,1360,-1.801,1.865,1,1
10,3,27,3,N,nb17,1360,-1.7,-0.737,1,1
10,3,27,3,N,nb18,1360,0.09,-1.387,3,1
10,3,27,3,N,nb19,1360,-1.865,-0.404,1,1
10,3,27,3,N,nb20,1360,-0.445,1.866,1,1
10,3,27,3,N,nb21,1360,1.135,-1.866,2,1
10,3,27,3,N,nb22,1360,-1.668,1.76,1,1
10,3,27,3,N,nb23,1360,0.147,-1.547,3,1
10,3,27,3,N,nb24,1360,1.616,-1.865,1,1
10,3,27,3,N,nb25,1360,-1.763,1.402,1,1
10,3,27,3,N,nb26,1360,-0.059,-1.468,4,1
10,3,27,3,N,nb27,1360,0.934,0.8,2,1
10,3,27,3,N,nb28,1360,-1.865,-0.677,1,1
10,3,27,3,N,nb29,1360,-0.017,-1.255,2,1
10,3,27,3,A,aa0,1360,-0.153,1.865,1,0
10,3,27,3,A,aa1,1360,-1.866,-1.703,0,0
10,3,27,3,A,aa2,1360,-1.795,0.904,1,0
10,3,27,3,N,nb0,1365,-1.865,-0.196,1,1
10,3,27,3,N,nb1,1365,-1.506,-0.046,1,1
10,3,27,3,N,nb2,1365,-0.683,1.865,2,1
10,3,27,3,N,nb3,1365,0.978,-1.678,2,1
10,3,27,3,N,nb4,1365,0.794,0.901,1,1
10,3,27,3,N,nb5,1365,-0.161,-1.676,2,1
10,3,27,3,N,nb6,1365,-0.922,1.866,3,1
10,3,27,3,N,nb7,1365,-1.092,1.866,2,1
10,3,27,3,N,nb8,1365,-1.274,1.865,1,0
10,3,27,3,N,nb9,1365,-1.499,-0.225,1,1
10,3,27,3,N,nb10,1365,1.037,0.664,1,1
10,3,27,3,N,nb11,1365,0.821,-1.867,1,1
10,3,27,3,N,nb12,1365,-1.841,1.165,1,1
10,3,27,3,N,nb13,1365,-0.93,1.633,1,1
10,3,27,3,N,nb14,1365,0.001,-1.727,2,1
10,3,27,3,N,nb15,1365,1.378,-1.866,2,1
10,3,27,3,N,nb16,1365,-1.801,1.865,1,1
10,3,27,3,N,nb17,1365,-1.7,-0.737,1,1
10,3,27,3,N,nb18,1365,0.09,-1.387,3,0
10,3,27,3,N,nb19,1365,-1.865,-0.404,1,1
10,3,27,3,N,nb20,1365,-0.445,1.866,1,1
10,3,27,3,N,nb21,1365,1.135,-1.866,2,1
10,3,27,3,N,nb22,1365,-1.668,1.76,1,1
10,3,27,3,N,nb23,1365,0.147,-1.547,3,0
10,3,27,3,N,nb24,1365,1.616,-1.865,1,1
10,3,27,3,N,nb25,1365,-1.763,1.402,1,1
10,3,27,3,N,nb26,1365,-0.059,-1.468,4,1
10,3,27,3,N,nb27,1365,0.934,0.8,2,1
10,3,27,3,N,nb28,1365,-1.865,-0.677,1,1
10,3,27,3,N,nb29,1365,-0.017,-1.255,2,1
10,3,27,3,A,aa0,1365,-0.244,1.865,1,0
10,3,27,3,A,aa1,1365,-1.866,-1.639,0,0
10,3,27,3,A,aa2,1365,-1.861,0.96,1,0
10,3,27,3,N,nb0,1370,-1.865,-0.196,1,1
10,3,27,3,N,nb1,1370,-1.506,-0.046,1,1
10,3,27,3,N,nb2,1370,-0.683,1.865,2,1
10,3,27,3,N,nb3,1370,0.978,-1.678,2,1
10,3,27,3,N,nb4,1370,0.794,0.901,1,1
10,3,27,3,N,nb5,1370,-0.161,-1.676,2,1
10,3,27,3,N,nb6,1370,-0.922,1.866,3,1
10,3,27,3,N,nb7,1370,-1.092,1.866,2,1
10,3,27,3,N,nb8,1370,-1.274,1.865,1,1
10,3,27,3,N,nb9,1370,-1.499,-0.225,1,1
10,3,27,3,N,nb10,1370,1.037,0.664,1,1
10,3,27,3,N,nb11,1370,0.821,-1.867,1,1
10,3,27,3,N,nb12,1370,-1.84,1.167,1,1
10,3,27,3,N,nb13,1370,-0.93,1.633,1,1
10,3,27,3,N,nb14,1370,0.001,-1.727,2,1
10,3,27,3,N,nb15,1370,1.378,-1.866,2,1
10,3,27,3,N,nb16,1370,-1.801,1.865,1,1
10,3,27,3,N,nb17,1370,-1.7,-0.737,1,1
10,3,27,3,N,nb18,1370,0.09,-1.387,3,1
10,3,27,3,N,nb19,1370,-1.865,-0.404,1,1
10,3,27,3,N,nb20,1370,-0.474,1.859,1,1
10,3,27,3,N,nb21,1370,1.135,-1.866,2,1
10,3,27,3,N,nb22,1370,-1.668,1.76,1,1
10,3,27,3,N,nb23,1370,0.147,-1.547,3,1
10,3,27,3,N,nb24,1370,1.616,-1.865,1,1
10,3,27,3,N,nb25,1370,-1.763,1.402,1,1
10,3,27,3,N,nb26,1370,-0.059,-1.468,4,1
10,3,27,3,N,nb27,1370,0.934,0.8,2,1
10,3,27,3,N,nb28,1370,-1.865,-0.677,1,1
10,3,27,3,N,nb29,1370,-0.017,-1.255,2,1
10,3,27,3,A,aa0,1370,-0.306,1.865,1,0
10,3,27,3,A,aa1,1370,-1.866,-1.565,0,0
10,3,27,3,A,aa2,1370,-1.866,1.0,1,0
10,3,27,3,N,nb0,1375,-1.865,-0.196,1,1
10,3,27,3,N,nb1,1375,-1.506,-0.046,1,1
10,3,27,3,N,nb2,1375,-0.683,1.865,2,1
10,3,27,3,N,nb3,1375,0.978,-1.678,2,1
10,3,27,3,N,nb4,1375,0.794,0.901,1,1
10,3,27,3,N,nb5,1375,-0.161,-1.676,2,1
10,3,27,3,N,nb6,1375,-0.922,1.866,3,1
10,3,27,3,N,nb7,1375,-1.092,1.866,2,1
10,3,27,3,N,nb8,1375,-1.274,1.865,1,1
10,3,27,3,N,nb9,1375,-1.499,-0.225,1,1
10,3,27,3,N,nb10,1375,1.037,0.664,1,1
10,3,27,3,N,nb11,1375,0.821,-1.867,1,1
10,3,27,3,N,nb12,1375,-1.839,1.168,1,1
10,3,27,3,N,nb13,1375,-0.93,1.633,1,1
10,3,27,3,N,nb14,1375,0.001,-1.727,2,1
10,3,27,3,N,nb15,1375,1.378,-1.866,2,1
10,3,27,3,N,nb16,1375,-1.801,1.865,1,1
10,3,27,3,N,nb17,1375,-1.7,-0.737,1,1
10,3,27,3,N,nb18,1375,0.09,-1.387,3,1
10,3,27,3,N,nb19,1375,-1.865,-0.404,1,1
10,3,27,3,N,nb20,1375,-0.512,1.848,1,1
10,3,27,3,N,nb21,1375,1.135,-1.866,2,1
10,3,27,3,N,nb22,1375,-1.668,1.76,1,1
10,3,27,3,N,nb23,1375,0.147,-1.547,3,1
10,3,27,3,N,nb24,1375,1.616,-1.865,1,1
10,3,27,3,N,nb25,1375,-1.763,1.402,1,1
10,3,27,3,N,nb26,1375,-0.059,-1.468,4,1
10,3,27,3,N,nb27,1375,0.934,0.8,2,1
10,3,27,3,N,nb28,1375,-1.865,-0.677,1,1
10,3,27,3,N,nb29,1375,-0.017,-1.255,2,0
10,3,27,3,A,aa0,1375,-0.344,1.862,1,0
10,3,27,3,A,aa1,1375,-1.866,-1.484,0,0
10,3,27,3,A,aa2,1375,-1.866,1.001,1,0
10,3,27,3,N,nb0,1380,-1.865,-0.196,1,1
10,3,27,3,N,nb1,1380,-1.506,-0.046,1,1
10,3,27,3,N,nb2,1380,-0.683,1.865,2,1
10,3,27,3,N,nb3,1380,0.978,-1.678,2,1
10,3,27,3,N,nb4,1380,0.794,0.901,1,1
10,3,27,3,N,nb5,1380,-0.161,-1.676,2,1
10,3,27,3,N,nb6,1380,-0.922,1.866,3,0
10,3,27,3,N,nb7,1380,-1.092,1.866,2,1
10,3,27,3,N,nb8,1380,-1.274,1.865,1,1
10,3,27,3,N,nb9,1380,-1.499,-0.225,1,1
10,3,27,3,N,nb10,1380,1.037,0.664,1,1
10,3,27,3,N,nb11,1380,0.821,-1.867,1,1
10,3,27,3,N,nb12,1380,-1.826,1.189,1,1
10,3,27,3,N,nb13,1380,-0.93,1.633,1,1
10,3,27,3,N,nb14,1380,0.001,-1.727,2,1
10,3,27,3,N,nb15,1380,1.378,-1.866,2,1
10,3,27,3,N,nb16,1380,-1.801,1.865,1,1
10,3,27,3,N,nb17,1380,-1.7,-0.737,1,1
10,3,27,3,N,nb18,1380,0.09,-1.387,3,1
10,3,27,3,N,nb19,1380,-1.865,-0.404,1,1
10,3,27,3,N,nb20,1380,-0.512,1.848,1,0
10,3,27,3,N,nb21,1380,1.135,-1.866,2,1
10,3,27,3,N,nb22,1380,-1.668,1.76,1,1
10,3,27,3,N,nb23,1380,0.147,-1.547,3,1
10,3,27,3,N,nb24,1380,1.616,-1.865,1,1
10,3,27,3,N,nb25,1380,-1.763,1.402,1,1
10,3,27,3,N,nb26,1380,-0.059,-1.468,4,1
10,3,27,3,N,nb27,1380,0.934,0.8,2,1
10,3,27,3,N,nb28,1380,-1.865,-0.677,1,1
10,3,27,3,N,nb29,1380,-0.017,-1.255,2,1
10,3,27,3,A,aa0,1380,-0.343,1.851,1,0
10,3,27,3,A,aa1,1380,-1.866,-1.397,0,0
10,3,27,3,A,aa2,1380,-1.866,1.024,1,0
10,3,27,3,N,nb0,1385,-1.865,-0.196,1,1
10,3,27,3,N,nb1,1385,-1.506,-0.046,1,1
10,3,27,3,N,nb2,1385,-0.683,1.865,2,1
10,3,27,3,N,nb3,1385,0.978,-1.678,2,1
10,3,27,3,N,nb4,1385,0.794,0.901,1,1
10,3,27,3,N,nb5,1385,-0.161,-1.676,2,1
10,3,27,3,N,nb6,1385,-0.922,1.866,3,1
10,3,27,3,N,nb7,1385,-1.092,1.866,2,1
10,3,27,3,N,nb8,1385,-1.274,1.865,1,1
10,3,27,3,N,nb9,1385,-1.499,-0.225,1,1
10,3,27,3,N,nb10,1385,1.037,0.664,1,1
10,3,27,3,N,nb11,1385,0.821,-1.867,1,1
10,3,27,3,N,nb12,1385,-1.813,1.222,1,1
10,3,27,3,N,nb13,1385,-0.93,1.633,1,1
10,3,27,3,N,nb14,1385,0.001,-1.727,2,1
10,3,27,3,N,nb15,1385,1.378,-1.866,2,1
10,3,27,3,N,nb16,1385,-1.801,1.865,1,1
10,3,27,3,N,nb17,1385,-1.7,-0.737,1,1
10,3,27,3,N,nb18,1385,0.09,-1.387,3,1
10,3,27,3,N,nb19,1385,-1.865,-0.404,1,1
10,3,27,3,N,nb20,1385,-0.512,1.848,1,1
10,3,27,3,N,nb21,1385,1.135,-1.866,2,1
10,3,27,3,N,nb22,1385,-1.668,1.76,1,1
10,3,27,3,N,nb23,1385,0.147,-1.547,3,1
10,3,27,3,N,nb24,1385,1.616,-1.865,1,1
10,3,27,3,N,nb25,1385,-1.763,1.402,1,1
10,3,27,3,N,nb26,1385,-0.059,-1.468,4,1
10,3,27,3,N,nb27,1385,0.934,0.8,2,1
10,3,27,3,N,nb28,1385,-1.865,-0.677,1,1
10,3,27,3,N,nb29,1385,-0.017,-1.255,2,1
10,3,27,3,A,aa0,1385,-0.35,1.798,1,0
10,3,27,3,A,aa1,1385,-1.866,-1.307,1,0
10,3,27,3,A,aa2,1385,-1.866,1.061,1,0
10,3,27,3,N,nb0,1390,-1.865,-0.196,1,1
10,3,27,3,N,nb1,1390,-1.506,-0.046,1,1
10,3,27,3,N,nb2,1390,-0.683,1.865,2,1
10,3,27,3,N,nb3,1390,0.978,-1.678,2,1
10,3,27,3,N,nb4,1390,0.794,0.901,1,1
10,3,27,3,N,nb5,1390,-0.161,-1.676,2,1
10,3,27,3,N,nb6,1390,-0.922,1.866,3,1
10,3,27,3,N,nb7,1390,-1.092,1.866,2,1
10,3,27,3,N,nb8,1390,-1.274,1.865,1,1
10,3,27,3,N,nb9,1390,-1.499,-0.225,1,1
10,3,27,3,N,nb10,1390,1.037,0.664,1,1
10,3,27,3,N,nb11,1390,0.821,-1.867,1,1
10,3,27,3,N,nb12,1390,-1.808,1.239,1,1
10,3,27,3,N,nb13,1390,-0.93,1.633,1,1
10,3,27,3,N,nb14,1390,0.001,-1.727,2,1
10,3,27,3,N,nb15,1390,1.378,-1.866,2,1
10,3,27,3,N,nb16,1390,-1.801,1.865,1,1
10,3,27,3,N,nb17,1390,-1.7,-0.737,1,1
10,3,27,3,N,nb18,1390,0.09,-1.387,3,1
10,3,27,3,N,nb19,1390,-1.865,-0.404,1,1
10,3,27,3,N,nb20,1390,-0.512,1.848,1,1
10,3,27,3,N,nb21,1390,1.135,-1.866,2,1
10,3,27,3,N,nb22,1390,-1.668,1.76,1,1
10,3,27,3,N,nb23,1390,0.147,-1.547,3,1
10,3,27,3,N,nb24,1390,1.616,-1.865,1,1
10,3,27,3,N,nb25,1390,-1.763,1.403,1,1
10,3,27,3,N,nb26,1390,-0.059,-1.468,4,1
10,3,27,3,N,nb27,1390,0.934,0.8,2,1
10,3,27,3,N,nb28,1390,-1.865,-0.677,1,1
10,3,27,3,N,nb29,1390,-0.017,-1.255,2,1
10,3,27,3,A,aa0,1390,-0.351,1.796,1,0
10,3,27,3,A,aa1,1390,-1.865,-1.215,2,0
10,3,27,3,A,aa2,1390,-1.866,1.08,1,0
10,3,27,3,N,nb0,1395,-1.865,-0.196,1,1
10,3,27,3,N,nb1,1395,-1.506,-0.046,1,1
10,3,27,3,N,nb2,1395,-0.683,1.865,2,1
10,3,27,3,N,nb3,1395,0.978,-1.678,2,1
10,3,27,3,N,nb4,1395,0.794,0.901,1,1
10,3,27,3,N,nb5,1395,-0.161,-1.676,2,1
10,3,27,3,N,nb6,1395,-0.922,1.866,3,1
10,3,27,3,N,nb7,1395,-1.092,1.866,2,1
10,3,27,3,N,nb8,1395,-1.274,1.865,1,1
10,3,27,3,N,nb9,1395,-1.499,-0.225,1,1
10,3,27,3,N,nb10,1395,1.037,0.664,1,1
10,3,27,3,N,nb11,1395,0.821,-1.867,1,1
10,3,27,3,N,nb12,1395,-1.808,1.239,1,1
10,3,27,3,N,nb13,1395,-0.93,1.633,1,1
10,3,27,3,N,nb14,1395,0.001,-1.727,2,1
10,3,27,3,N,nb15,1395,1.378,-1.866,2,1
10,3,27,3,N,nb16,1395,-1.801,1.865,1,1
10,3,27,3,N,nb17,1395,-1.7,-0.737,1,1
10,3,27,3,N,nb18,1395,0.09,-1.387,3,1
10,3,27,3,N,nb19,1395,-1.865,-0.404,1,1
10,3,27,3,N,nb20,1395,-0.512,1.848,1,1
10,3,27,3,N,nb21,1395,1.135,-1.866,2,1
10,3,27,3,N,nb22,1395,-1.668,1.76,1,1
10,3,27,3,N,nb23,1395,0.147,-1.547,3,1
10,3,27,3,N,nb24,1395,1.616,-1.865,1,1
10,3,27,3,N,nb25,1395,-1.763,1.403,1,1
10,3,27,3,N,nb26,1395,-0.059,-1.468,4,0
10,3,27,3,N,nb27,1395,0.934,0.8,2,1
10,3,27,3,N,nb28,1395,-1.865,-0.677,1,1
10,3,27,3,N,nb29,1395,-0.017,-1.255,2,1
10,3,27,3,A,aa0,1395,-0.332,1.766,1,0
10,3,27,3,A,aa1,1395,-1.855,-1.123,2,0
10,3,27,3,A,aa2,1395,-1.866,1.08,1,0
10,3,27,3,N,nb0,1400,-1.865,-0.196,1,1
10,3,27,3,N,nb1,1400,-1.506,-0.046,1,1
10,3,27,3,N,nb2,1400,-0.683,1.865,2,1
10,3,27,3,N,nb3,1400,0.978,-1.678,2,1
10,3,27,3,N,nb4,1400,0.794,0.901,1,1
10,3,27,3,N,nb5,1400,-0.161,-1.676,2,1
10,3,27,3,N,nb6,1400,-0.922,1.866,3,1
10,3,27,3,N,nb7,1400,-1.092,1.866,2,1
10,3,27,3,N,nb8,1400,-1.274,1.865,1,1
10,3,27,3,N,nb9,1400,-1.499,-0.225,1,1
10,3,27,3,N,nb10,1400,1.037,0.664,1,1
10,3,27,3,N,nb11,1400,0.821,-1.867,1,1
10,3,27,3,N,nb12,1400,-1.808,1.239,1,0
10,3,27,3,N,nb13,1400,-0.93,1.633,1,1
10,3,27,3,N,nb14,1400,0.001,-1.727,2,1
10,3,27,3,N,nb15,1400,1.378,-1.866,2,1
10,3,27,3,N,nb16,1400,-1.801,1.865,1,1
10,3,27,3,N,nb17,1400,-1.7,-0.737,1,1
10,3,27,3,N,nb18,1400,0.09,-1.387,3,1
10,3,27,3,N,nb19,1400,-1.865,-0.404,1,1
10,3,27,3,N,nb20,1400,-0.512,1.848,1,1
10,3,27,3,N,nb21,1400,1.135,-1.866,2,1
10,3,27,3,N,nb22,1400,-1.668,1.76,1,1
10,3,27,3,N,nb23,1400,0.147,-1.547,3,1
10,3,27,3,N,nb24,1400,1.616,-1.865,1,1
10,3,27,3,N,nb25,1400,-1.763,1.403,1,0
10,3,27,3,N,nb26,1400,-0.059,-1.468,4,1
10,3,27,3,N,nb27,1400,0.934,0.8,2,1
10,3,27,3,N,nb28,1400,-1.865,-0.677,1,1
10,3,27,3,N,nb29,1400,-0.017,-1.255,2,1
10,3,27,3,A,aa0,1400,-0.279,1.684,1,0
10,3,27,3,A,aa1,1400,-1.836,-1.032,2,0
10,3,27,3,A,aa2,1400,-1.866,1.08,1,0
10,3,27,3,N,nb0,1405,-1.865,-0.196,1,1
10,3,27,3,N,nb1,1405,-1.506,-0.046,1,1
10,3,27,3,N,nb2,1405,-0.683,1.865,2,0
10,3,27,3,N,nb3,1405,0.978,-1.678,2,1
10,3,27,3,N,nb4,1405,0.794,0.901,1,1
10,3,27,3,N,nb5,1405,-0.161,-1.676,2,1
10,3,27,3,N,nb6,1405,-0.922,1.866,3,1
10,3,27,3,N,nb7,1405,-1.092,1.866,2,1
10,3,27,3,N,nb8,1405,-1.274,1.865,1,1
10,3,27,3,N,nb9,1405,-1.499,-0.225,1,1
10,3,27,3,N,nb10,1405,1.037,0.664,1,1
10,3,27,3,N,nb11,1405,0.821,-1.867,1,1
10,3,27,3,N,nb12,1405,-1.808,1.239,1,1
10,3,27,3,N,nb13,1405,-0.93,1.633,1,1
10,3,27,3,N,nb14,1405,0.001,-1.727,2,1
10,3,27,3,N,nb15,1405,1.378,-1.866,2,1
10,3,27,3,N,nb16,1405,-1.801,1.865,1,1
10,3,27,3,N,nb17,1405,-1.7,-0.737,1,1
10,3,27,3,N,nb18,1405,0.09,-1.387,3,1
10,3,27,3,N,nb19,1405,-1.865,-0.404,1,1
10,3,27,3,N,nb20,1405,-0.512,1.848,1,1
10,3,27,3,N,nb21,1405,1.135,-1.866,2,1
10,3,27,3,N,nb22,1405,-1.668,1.76,1,1
10,3,27,3,N,nb23,1405,0.147,-1.547,3,1
10,3,27,3,N,nb24,1405,1.616,-1.865,1,1
10,3,27,3,N,nb25,1405,-1.763,1.403,1,1
10,3,27,3,N,nb26,1405,-0.059,-1.468,4,1
10,3,27,3,N,nb27,1405,0.934,0.8,2,1
10,3,27,3,N,nb28,1405,-1.865,-0.677,1,1
10,3,27,3,N,nb29,1405,-0.017,-1.255,2,1
10,3,27,3,A,aa0,1405,-0.223,1.601,1,0
10,3,27,3,A,aa1,1405,-1.808,-0.943,2,0
10,3,27,3,A,aa2,1405,-1.866,1.08,1,0
10,3,27,3,N,nb0,1410,-1.865,-0.196,1,1
10,3,27,3,N,nb1,1410,-1.506,-0.046,1,1
10,3,27,3,N,nb2,1410,-0.683,1.865,2,1
10,3,27,3,N,nb3,1410,0.978,-1.678,2,1
10,3,27,3,N,nb4,1410,0.794,0.901,1,0
10,3,27,3,N,nb5,1410,-0.161,-1.676,2,1
10,3,27,3,N,nb6,1410,-0.922,1.866,3,1
10,3,27,3,N,nb7,1410,-1.092,1.866,2,0
10,3,27,3,N,nb8,1410,-1.274,1.865,1,1
10,3,27,3,N,nb9,1410,-1.499,-0.225,1,1
10,3,27,3,N,nb10,1410,1.037,0.664,1,0
10,3,27,3,N,nb11,1410,0.821,-1.867,1,1
10,3,27,3,N,nb12,1410,-1.808,1.239,1,1
10,3,27,3,N,nb13,1410,-0.93,1.633,1,1
10,3,27,3,N,nb14,1410,0.001,-1.727,2,1
10,3,27,3,N,nb15,1410,1.378,-1.866,2,1
10,3,27,3,N,nb16,1410,-1.801,1.865,1,1
10,3,27,3,N,nb17,1410,-1.692,-0.728,1,1
10,3,27,3,N,nb18,1410,0.09,-1.387,3,1
10,3,27,3,N,nb19,1410,-1.865,-0.404,1,1
10,3,27,3,N,nb20,1410,-0.512,1.848,1,1
10,3,27,3,N,nb21,1410,1.135,-1.866,2,1
10,3,27,3,N,nb22,1410,-1.668,1.76,1,1
10,3,27,3,N,nb23,1410,0.147,-1.547,3,1
10,3,27,3,N,nb24,1410,1.616,-1.865,1,1
10,3,27,3,N,nb25,1410,-1.763,1.403,1,1
10,3,27,3,N,nb26,1410,-0.059,-1.468,4,1
10,3,27,3,N,nb27,1410,0.934,0.8,2,0
10,3,27,3,N,nb28,1410,-1.865,-0.677,1,1
10,3,27,3,N,nb29,1410,-0.017,-1.255,2,1
10,3,27,3,A,aa0,1410,-0.167,1.518,1,0
10,3,27,3,A,aa1,1410,-1.78,-0.872,1,0
10,3,27,3,A,aa2,1410,-1.866,1.08,1,0
10,3,27,3,N,nb0,1415,-1.865,-0.196,1,1
10,3,27,3,N,nb1,1415,-1.506,-0.046,1,1
10,3,27,3,N,nb2,1415,-0.683,1.865,2,1
10,3,27,3,N,nb3,1415,0.978,-1.678,2,0
10,3,27,3,N,nb4,1415,0.794,0.901,1,1
10,3,27,3,N,nb5,1415,-0.161,-1.676,2,1
10,3,27,3,N,nb6,1415,-0.922,1.866,3,1
10,3,27,3,N,nb7,1415,-1.092,1.866,2,1
10,3,27,3,N,nb8,1415,-1.274,1.865,1,1
10,3,27,3,N,nb9,1415,-1.499,-0.225,1,1
10,3,27,3,N,nb10,1415,1.037,0.664,1,1
10,3,27,3,N,nb11,1415,0.821,-1.867,1,1
10,3,27,3,N,nb12,1415,-1.808,1.239,1,1
10,3,27,3,N,nb13,1415,-0.93,1.633,1,1
10,3,27,3,N,nb14,1415,0.001,-1.727,2,1
10,3,27,3,N,nb15,1415,1.378,-1.866,2,1
10,3,27,3,N,nb16,1415,-1.801,1.865,1,1
10,3,27,3,N,nb17,1415,-1.662,-0.698,1,1
10,3,27,3,N,nb18,1415,0.09,-1.387,3,1
10,3,27,3,N,nb19,1415,-1.865,-0.404,1,1
10,3,27,3,N,nb20,1415,-0.512,1.848,1,1
10,3,27,3,N,nb21,1415,1.135,-1.866,2,0
10,3,27,3,N,nb22,1415,-1.668,1.76,1,1
10,3,27,3,N,nb23,1415,0.147,-1.547,3,1
10,3,27,3,N,nb24,1415,1.616,-1.865,1,1
10,3,27,3,N,nb25,1415,-1.763,1.403,1,1
10,3,27,3,N,nb26,1415,-0.059,-1.468,4,1
10,3,27,3,N,nb27,1415,0.934,0.8,2,1
10,3,27,3,N,nb28,1415,-1.865,-0.677,1,1
10,3,27,3,N,nb29,1415,-0.017,-1.255,2,1
10,3,27,3,A,aa0,1415,-0.111,1.436,1,0
10,3,27,3,A,aa1,1415,-1.763,-0.833,2,0
10,3,27,3,A,aa2,1415,-1.866,1.08,1,0
10,3,27,3,N,nb0,1420,-1.865,-0.196,1,1
10,3,27,3,N,nb1,1420,-1.506,-0.046,1,1
10,3,27,3,N,nb2,1420,-0.683,1.865,2,1
10,3,27,3,N,nb3,1420,0.978,-1.678,2,1
10,3,27,3,N,nb4,1420,0.794,0.901,1,1
10,3,27,3,N,nb5,1420,-0.161,-1.676,2,1
10,3,27,3,N,nb6,1420,-0.922,1.866,3,1
10,3,27,3,N,nb7,1420,-1.092,1.866,2,1
10,3,27,3,N,nb8,1420,-1.274,1.865,1,1
10,3,27,3,N,nb9,1420,-1.499,-0.225,1,1
10,3,27,3,N,nb10,1420,1.037,0.664,1,1
10,3,27,3,N,nb11,1420,0.821,-1.867,1,1
10,3,27,3,N,nb12,1420,-1.808,1.239,1,1
10,3,27,3,N,nb13,1420,-0.93,1.633,1,1
10,3,27,3,N,nb14,1420,0.001,-1.727,2,1
10,3,27,3,N,nb15,1420,1.378,-1.866,2,1
10,3,27,3,N,nb16,1420,-1.801,1.865,1,1
10,3,27,3,N,nb17,1420,-1.628,-0.674,1,1
10,3,27,3,N,nb18,1420,0.09,-1.387,3,1
10,3,27,3,N,nb19,1420,-1.865,-0.404,1,1
10,3,27,3,N,nb20,1420,-0.512,1.848,1,1
10,3,27,3,N,nb21,1420,1.135,-1.866,2,1
10,3,27,3,N,nb22,1420,-1.668,1.76,1,1
10,3,27,3,N,nb23,1420,0.147,-1.547,3,1
10,3,27,3,N,nb24,1420,1.616,-1.865,1,1
10,3,27,3,N,nb25,1420,-1.763,1.403,1,1
10,3,27,3,N,nb26,1420,-0.059,-1.468,4,1
10,3,27,3,N,nb27,1420,0.934,0.8,2,1
10,3,27,3,N,nb28,1420,-1.865,-0.677,1,1
10,3,27,3,N,nb29,1420,-0.017,-1.255,2,1
10,3,27,3,A,aa0,1420,-0.055,1.353,0,0
10,3,27,3,A,aa1,1420,-1.741,-0.801,2,0
10,3,27,3,A,aa2,1420,-1.864,1.079,1,0
10,3,27,3,N,nb0,1425,-1.865,-0.196,1,1
10,3,27,3,N,nb1,1425,-1.506,-0.046,1,1
10,3,27,3,N,nb2,1425,-0.683,1.865,2,1
10,3,27,3,N,nb3,1425,0.978,-1.678,2,1
10,3,27,3,N,nb4,1425,0.794,0.901,1,1
10,3,27,3,N,nb5,1425,-0.161,-1.676,2,1
10,3,27,3,N,nb6,1425,-0.922,1.866,3,1
10,3,27,3,N,nb7,1425,-1.092,1.866,2,1
10,3,27,3,N,nb8,1425,-1.274,1.865,1,1
10,3,27,3,N,nb9,1425,-1.499,-0.225,1,1
10,3,27,3,N,nb10,1425,1.037,0.664,1,1
10,3,27,3,N,nb11,1425,0.821,-1.867,1,1
10,3,27,3,N,nb12,1425,-1.808,1.239,1,1
10,3,27,3,N,nb13,1425,-0.93,1.633,1,1
10,3,27,3,N,nb14,1425,0.001,-1.727,2,1
10,3,27,3,N,nb15,1425,1.378,-1.866,2,1
10,3,27,3,N,nb16,1425,-1.801,1.865,1,1
10,3,27,3,N,nb17,1425,-1.59,-0.629,0,0
10,3,27,3,N,nb18,1425,0.09,-1.387,3,1
10,3,27,3,N,nb19,1425,-1.865,-0.414,1,0
10,3,27,3,N,nb20,1425,-0.512,1.848,1,1
10,3,27,3,N,nb21,1425,1.135,-1.866,2,1
10,3,27,3,N,nb22,1425,-1.668,1.76,1,1
10,3,27,3,N,nb23,1425,0.147,-1.547,3,1
10,3,27,3,N,nb24,1425,1.616,-1.865,1,1
10,3,27,3,N,nb25,1425,-1.763,1.403,1,1
10,3,27,3,N,nb26,1425,-0.059,-1.468,4,1
10,3,27,3,N,nb27,1425,0.934,0.8,2,1
10,3,27,3,N,nb28,1425,-1.865,-0.702,0,0
10,3,27,3,N,nb29,1425,-0.017,-1.255,2,1
10,3,27,3,A,aa0,1425,0.001,1.27,0,0
10,3,27,3,A,aa1,1425,-1.696,-0.765,0,0
10,3,27,3,A,aa2,1425,-1.86,1.078,1,0
10,3,27,3,N,nb0,1430,-1.865,-0.196,0,1
10,3,27,3,N,nb1,1430,-1.506,-0.046,1,1
10,3,27,3,N,nb2,1430,-0.683,1.865,2,1
10,3,27,3,N,nb3,1430,0.978,-1.678,2,1
10,3,27,3,N,nb4,1430,0.794,0.901,1,1
10,3,27,3,N,nb5,1430,-0.161,-1.676,2,1
10,3,27,3,N,nb6,1430,-0.922,1.866,3,1
10,3,27,3,N,nb7,1430,-1.092,1.866,2,1
10,3,27,3,N,nb8,1430,-1.274,1.865,1,1
10,3,27,3,N,nb9,1430,-1.499,-0.225,1,1
10,3,27,3,N,nb10,1430,1.037,0.664,1,1
10,3,27,3,N,nb11,1430,0.821,-1.867,1,1
10,3,27,3,N,nb12,1430,-1.808,1.239,1,1
10,3,27,3,N,nb13,1430,-0.93,1.633,1,1
10,3,27,3,N,nb14,1430,0.001,-1.727,2,1
10,3,27,3,N,nb15,1430,1.378,-1.866,2,1
10,3,27,3,N,nb16,1430,-1.801,1.865,1,1
10,3,27,3,N,nb17,1430,-1.544,-0.54,0,0
10,3,27,3,N,nb18,1430,0.09,-1.387,3,1
10,3,27,3,N,nb19,1430,-1.865,-0.454,0,0
10,3,27,3,N,nb20,1430,-0.512,1.848,1,1
10,3,27,3,N,nb21,1430,1.135,-1.866,2,1
10,3,27,3,N,nb22,1430,-1.668,1.76,1,1
10,3,27,3,N,nb23,1430,0.147,-1.547,3,1
10,3,27,3,N,nb24,1430,1.616,-1.865,1,1
10,3,27,3,N,nb25,1430,-1.763,1.403,1,1
10,3,27,3,N,nb26,1430,-0.059,-1.468,4,1
10,3,27,3,N,nb27,1430,0.934,0.8,2,1
10,3,27,3,N,nb28,1430,-1.865,-0.779,0,0
10,3,27,3,N,nb29,1430,-0.017,-1.255,2,1
10,3,27,3,A,aa0,1430,0.057,1.187,0,0
10,3,27,3,A,aa1,1430,-1.616,-0.725,1,0
10,3,27,3,A,aa2,1430,-1.862,1.078,1,0
10,3,27,3,N,nb0,1435,-1.865,-0.196,0,1
10,3,27,3,N,nb1,1435,-1.506,-0.046,1,1
10,3,27,3,N,nb2,1435,-0.683,1.865,2,1
10,3,27,3,N,nb3,1435,0.978,-1.678,2,1
10,3,27,3,N,nb4,1435,0.794,0.901,1,1
10,3,27,3,N,nb5,1435,-0.161,-1.676,2,1
10,3,27,3,N,nb6,1435,-0.922,1.866,3,1
10,3,27,3,N,nb7,1435,-1.092,1.866,2,1
10,3,27,3,N,nb8,1435,-1.274,1.865,1,1
10,3,27,3,N,nb9,1435,-1.499,-0.225,2,1
10,3,27,3,N,nb10,1435,1.037,0.664,1,1
10,3,27,3,N,nb11,1435,0.821,-1.867,1,1
10,3,27,3,N,nb12,1435,-1.808,1.239,1,1
10,3,27,3,N,nb13,1435,-0.93,1.633,1,1
10,3,27,3,N,nb14,1435,0.001,-1.727,2,1
10,3,27,3,N,nb15,1435,1.378,-1.866,2,0
10,3,27,3,N,nb16,1435,-1.801,1.865,1,1
10,3,27,3,N,nb17,1435,-1.507,-0.467,1,1
10,3,27,3,N,nb18,1435,0.09,-1.387,3,1
10,3,27,3,N,nb19,1435,-1.865,-0.508,0,0
10,3,27,3,N,nb20,1435,-0.512,1.848,1,1
10,3,27,3,N,nb21,1435,1.135,-1.866,2,1
10,3,27,3,N,nb22,1435,-1.668,1.76,1,1
10,3,27,3,N,nb23,1435,0.147,-1.547,3,1
10,3,27,3,N,nb24,1435,1.616,-1.865,1,1
10,3,27,3,N,nb25,1435,-1.763,1.403,1,1
10,3,27,3,N,nb26,1435,-0.059,-1.468,4,1
10,3,27,3,N,nb27,1435,0.934,0.8,2,1
10,3,27,3,N,nb28,1435,-1.865,-0.864,0,0
10,3,27,3,N,nb29,1435,-0.017,-1.255,2,1
10,3,27,3,A,aa0,1435,0.113,1.104,0,0
10,3,27,3,A,aa1,1435,-1.614,-0.724,1,0
10,3,27,3,A,aa2,1435,-1.865,1.08,1,0
10,3,27,3,N,nb0,1440,-1.865,-0.19,0,0
10,3,27,3,N,nb1,1440,-1.506,-0.046,1,1
10,3,27,3,N,nb2,1440,-0.683,1.865,2,1
10,3,27,3,N,nb3,1440,0.978,-1.678,2,1
10,3,27,3,N,nb4,1440,0.794,0.901,1,1
10,3,27,3,N,nb5,1440,-0.161,-1.676,2,1
10,3,27,3,N,nb6,1440,-0.922,1.866,3,1
10,3,27,3,N,nb7,1440,-1.092,1.866,2,1
10,3,27,3,N,nb8,1440,-1.274,1.865,1,1
10,3,27,3,N,nb9,1440,-1.499,-0.225,2,1
10,3,27,3,N,nb10,1440,1.037,0.664,1,1
10,3,27,3,N,nb11,1440,0.821,-1.867,1,1
10,3,27,3,N,nb12,1440,-1.808,1.239,1,1
10,3,27,3,N,nb13,1440,-0.93,1.633,1,1
10,3,27,3,N,nb14,1440,0.001,-1.727,2,1
10,3,27,3,N,nb15,1440,1.378,-1.866,2,1
10,3,27,3,N,nb16,1440,-1.801,1.865,1,1
10,3,27,3,N,nb17,1440,-1.507,-0.467,1,1
10,3,27,3,N,nb18,1440,0.09,-1.387,3,1
10,3,27,3,N,nb19,1440,-1.865,-0.573,0,0
10,3,27,3,N,nb20,1440,-0.512,1.848,1,1
10,3,27,3,N,nb21,1440,1.135,-1.866,2,1
10,3,27,3,N,nb22,1440,-1.668,1.76,1,1
10,3,27,3,N,nb23,1440,0.147,-1.547,3,1
10,3,27,3,N,nb24,1440,1.616,-1.865,1,0
10,3,27,3,N,nb25,1440,-1.763,1.403,1,1
10,3,27,3,N,nb26,1440,-0.059,-1.468,4,1
10,3,27,3,N,nb27,1440,0.934,0.8,2,1
10,3,27,3,N,nb28,1440,-1.865,-0.952,0,0
10,3,27,3,N,nb29,1440,-0.017,-1.255,2,1
10,3,27,3,A,aa0,1440,0.169,1.022,0,0
10,3,27,3,A,aa1,1440,-1.592,-0.66,1,0
10,3,27,3,A,aa2,1440,-1.865,1.08,1,0
10,3,27,3,N,nb0,1445,-1.865,-0.147,0,0
10,3,27,3,N,nb1,1445,-1.506,-0.046,1,1
10,3,27,3,N,nb2,1445,-0.683,1.865,2,1
10,3,27,3,N,nb3,1445,0.978,-1.678,2,1
10,3,27,3,N,nb4,1445,0.794,0.901,1,1
10,3,27,3,N,nb5,1445,-0.161,-1.676,2,1
10,3,27,3,N,nb6,1445,-0.922,1.866,3,1
10,3,27,3,N,nb7,1445,-1.092,1.866,2,1
10,3,27,3,N,nb8,1445,-1.274,1.865,1,1
10,3,27,3,N,nb9,1445,-1.499,-0.225,2,1
10,3,27,3,N,nb10,1445,1.037,0.664,1,1
10,3,27,3,N,nb11,1445,0.821,-1.867,1,1
10,3,27,3,N,nb12,1445,-1.808,1.239,1,1
10,3,27,3,N,nb13,1445,-0.93,1.633,1,1
10,3,27,3,N,nb14,1445,0.001,-1.727,2,1
10,3,27,3,N,nb15,1445,1.378,-1.866,2,1
10,3,27,3,N,nb16,1445,-1.801,1.865,1,1
10,3,27,3,N,nb17,1445,-1.507,-0.445,1,1
10,3,27,3,N,nb18,1445,0.09,-1.387,3,1
10,3,27,3,N,nb19,1445,-1.865,-0.648,0,0
10,3,27,3,N,nb20,1445,-0.512,1.848,1,1
10,3,27,3,N,nb21,1445,1.135,-1.866,2,1
10,3,27,3,N,nb22,1445,-1.668,1.76,1,1
10,3,27,3,N,nb23,1445,0.147,-1.547,3,1
10,3,27,3,N,nb24,1445,1.616,-1.865,1,1
10,3,27,3,N,nb25,1445,-1.763,1.403,1,1
10,3,27,3,N,nb26,1445,-0.059,-1.468,4,1
10,3,27,3,N,nb27,1445,0.934,0.8,2,1
10,3,27,3,N,nb28,1445,-1.865,-1.044,0,0
10,3,27,3,N,nb29,1445,-0.017,-1.255,2,1
10,3,27,3,A,aa0,1445,0.226,0.939,1,0
10,3,27,3,A,aa1,1445,-1.58,-0.597,1,0
10,3,27,3,A,aa2,1445,-1.865,1.08,1,0
10,3,27,3,N,nb0,1450,-1.865,-0.09,0,0
10,3,27,3,N,nb1,1450,-1.506,-0.046,1,1
10,3,27,3,N,nb2,1450,-0.683,1.865,2,1
10,3,27,3,N,nb3,1450,0.978,-1.678,2,1
10,3,27,3,N,nb4,1450,0.794,0.901,1,1
10,3,27,3,N,nb5,1450,-0.161,-1.676,2,1
10,3,27,3,N,nb6,1450,-0.922,1.866,3,1
10,3,27,3,N,nb7,1450,-1.092,1.866,2,1
10,3,27,3,N,nb8,1450,-1.274,1.865,1,1
10,3,27,3,N,nb9,1450,-1.499,-0.225,2,1
10,3,27,3,N,nb10,1450,1.037,0.664,1,1
10,3,27,3,N,nb11,1450,0.821,-1.867,1,1
10,3,27,3,N,nb12,1450,-1.808,1.239,1,1
10,3,27,3,N,nb13,1450,-0.93,1.633,1,1
10,3,27,3,N,nb14,1450,0.001,-1.727,2,1
10,3,27,3,N,nb15,1450,1.378,-1.866,2,1
10,3,27,3,N,nb16,1450,-1.801,1.865,1,1
10,3,27,3,N,nb17,1450,-1.507,-0.403,1,1
10,3,27,3,N,nb18,1450,0.09,-1.387,3,1
10,3,27,3,N,nb19,1450,-1.865,-0.73,0,0
10,3,27,3,N,nb20,1450,-0.512,1.848,1,1
10,3,27,3,N,nb21,1450,1.135,-1.866,2,1
10,3,27,3,N,nb22,1450,-1.668,1.76,1,1
10,3,27,3,N,nb23,1450,0.147,-1.547,3,1
10,3,27,3,N,nb24,1450,1.616,-1.865,1,1
10,3,27,3,N,nb25,1450,-1.763,1.403,1,1
10,3,27,3,N,nb26,1450,-0.059,-1.468,4,1
10,3,27,3,N,nb27,1450,0.934,0.8,2,1
10,3,27,3,N,nb28,1450,-1.86,-1.136,0,0
10,3,27,3,N,nb29,1450,-0.017,-1.255,2,1
10,3,27,3,A,aa0,1450,0.282,0.856,1,0
10,3,27,3,A,aa1,1450,-1.584,-0.554,1,0
10,3,27,3,A,aa2,1450,-1.865,1.08,1,0
10,3,27,3,N,nb0,1455,-1.865,-0.022,0,0
10,3,27,3,N,nb1,1455,-1.506,-0.046,1,1
10,3,27,3,N,nb2,1455,-0.683,1.865,2,1
10,3,27,3,N,nb3,1455,0.978,-1.678,2,1
10,3,27,3,N,nb4,1455,0.794,0.901,1,1
10,3,27,3,N,nb5,1455,-0.161,-1.676,2,0
10,3,27,3,N,nb6,1455,-0.922,1.866,3,1
10,3,27,3,N,nb7,1455,-1.092,1.866,2,1
10,3,27,3,N,nb8,1455,-1.274,1.865,1,1
10,3,27,3,N,nb9,1455,-1.499,-0.225,2,1
10,3,27,3,N,nb10,1455,1.037,0.664,1,1
10,3,27,3,N,nb11,1455,0.821,-1.867,1,1
10,3,27,3,N,nb12,1455,-1.808,1.239,1,1
10,3,27,3,N,nb13,1455,-0.93,1.633,1,1
10,3,27,3,N,nb14,1455,0.001,-1.727,2,0
10,3,27,3,N,nb15,1455,1.378,-1.866,2,1
10,3,27,3,N,nb16,1455,-1.801,1.865,1,0
10,3,27,3,N,nb17,1455,-1.507,-0.395,1,1
10,3,27,3,N,nb18,1455,0.09,-1.387,3,1
10,3,27,3,N,nb19,1455,-1.865,-0.816,0,0
10,3,27,3,N,nb20,1455,-0.512,1.848,1,1
10,3,27,3,N,nb21,1455,1.135,-1.866,2,1
10,3,27,3,N,nb22,1455,-1.668,1.76,1,0
10,3,27,3,N,nb23,1455,0.147,-1.547,3,1
10,3,27,3,N,nb24,1455,1.616,-1.865,1,1
10,3,27,3,N,nb25,1455,-1.763,1.403,1,1
10,3,27,3,N,nb26,1455,-0.059,-1.468,4,1
10,3,27,3,N,nb27,1455,0.934,0.8,2,1
10,3,27,3,N,nb28,1455,-1.845,-1.228,0,0
10,3,27,3,N,nb29,1455,-0.017,-1.255,2,1
10,3,27,3,A,aa0,1455,0.338,0.773,2,0
10,3,27,3,A,aa1,1455,-1.61,-0.529,1,0
10,3,27,3,A,aa2,1455,-1.865,1.08,1,0
10,3,27,3,N,nb0,1460,-1.865,0.054,0,0
10,3,27,3,N,nb1,1460,-1.506,-0.046,1,1
10,3,27,3,N,nb2,1460,-0.683,1.865,2,1
10,3,27,3,N,nb3,1460,0.978,-1.678,2,1
10,3,27,3,N,nb4,1460,0.794,0.901,1,1
10,3,27,3,N,nb5,1460,-0.161,-1.676,2,1
10,3,27,3,N,nb6,1460,-0.922,1.866,3,1
10,3,27,3,N,nb7,1460,-1.092,1.866,2,1
10,3,27,3,N,nb8,1460,-1.274,1.865,1,1
10,3,27,3,N,nb9,1460,-1.499,-0.225,2,1
10,3,27,3,N,nb10,1460,1.037,0.664,1,1
10,3,27,3,N,nb11,1460,0.821,-1.867,1,1
10,3,27,3,N,nb12,1460,-1.808,1.239,1,1
10,3,27,3,N,nb13,1460,-0.93,1.633,1,1
10,3,27,3,N,nb14,1460,0.001,-1.727,2,1
10,3,27,3,N,nb15,1460,1.378,-1.866,2,1
10,3,27,3,N,nb16,1460,-1.801,1.865,1,1
10,3,27,3,N,nb17,1460,-1.507,-0.395,1,1
10,3,27,3,N,nb18,1460,0.09,-1.387,3,1
10,3,27,3,N,nb19,1460,-1.865,-0.907,0,0
10,3,27,3,N,nb20,1460,-0.512,1.848,1,1
10,3,27,3,N,nb21,1460,1.135,-1.866,2,1
10,3,27,3,N,nb22,1460,-1.668,1.76,1,1
10,3,27,3,N,nb23,1460,0.147,-1.547,3,1
10,3,27,3,N,nb24,1460,1.616,-1.865,1,1
10,3,27,3,N,nb25,1460,-1.763,1.403,1,1
10,3,27,3,N,nb26,1460,-0.059,-1.468,4,1
10,3,27,3,N,nb27,1460,0.934,0.8,2,1
10,3,27,3,N,nb28,1460,-1.821,-1.318,0,0
10,3,27,3,N,nb29,1460,-0.017,-1.255,2,1
10,3,27,3,A,aa0,1460,0.394,0.69,2,0
10,3,27,3,A,aa1,1460,-1.655,-0.477,1,0
10,3,27,3,A,aa2,1460,-1.865,1.08,1,0
10,3,27,3,N,nb0,1465,-1.865,0.137,0,0
10,3,27,3,N,nb1,1465,-1.506,-0.046,1,0
10,3,27,3,N,nb2,1465,-0.683,1.865,2,1
10,3,27,3,N,nb3,1465,0.978,-1.678,2,1
10,3,27,3,N,nb4,1465,0.794,0.901,1,1
10,3,27,3,N,nb5,1465,-0.161,-1.676,2,1
10,3,27,3,N,nb6,1465,-0.922,1.866,3,1
10,3,27,3,N,nb7,1465,-1.092,1.866,2,1
10,3,27,3,N,nb8,1465,-1.274,1.865,1,1
10,3,27,3,N,nb9,1465,-1.499,-0.225,2,0
10,3,27,3,N,nb10,1465,1.037,0.664,1,1
10,3,27,3,N,nb11,1465,0.821,-1.867,1,1
10,3,27,3,N,nb12,1465,-1.808,1.239,1,1
10,3,27,3,N,nb13,1465,-0.93,1.633,1,1
10,3,27,3,N,nb14,1465,0.001,-1.727,2,1
10,3,27,3,N,nb15,1465,1.378,-1.866,2,1
10,3,27,3,N,nb16,1465,-1.801,1.865,1,1
10,3,27,3,N,nb17,1465,-1.507,-0.395,1,1
10,3,27,3,N,nb18,1465,0.09,-1.387,3,1
10,3,27,3,N,nb19,1465,-1.864,-0.999,0,0
10,3,27,3,N,nb20,1465,-0.512,1.848,1,1
10,3,27,3,N,nb21,1465,1.135,-1.866,2,1
10,3,27,3,N,nb22,1465,-1.668,1.76,1,1
10,3,27,3,N,nb23,1465,0.147,-1.547,3,1
10,3,27,3,N,nb24,1465,1.616,-1.865,1,1
10,3,27,3,N,nb25,1465,-1.763,1.403,1,1
10,3,27,3,N,nb26,1465,-0.059,-1.468,4,1
10,3,27,3,N,nb27,1465,0.934,0.8,2,1
10,3,27,3,N,nb28,1465,-1.789,-1.406,0,0
10,3,27,3,N,nb29,1465,-0.017,-1.255,2,1
10,3,27,3,A,aa0,1465,0.429,0.638,2,0
10,3,27,3,A,aa1,1465,-1.702,-0.397,3,1
10,3,27,3,A,aa2,1465,-1.865,1.08,1,0
10,3,27,3,N,nb0,1470,-1.865,0.225,0,0
10,3,27,3,N,nb1,1470,-1.441,-0.012,1,0
10,3,27,3,N,nb2,1470,-0.683,1.865,2,1
10,3,27,3,N,nb3,1470,0.978,-1.678,2,1
10,3,27,3,N,nb4,1470,0.794,0.901,1,1
10,3,27,3,N,nb5,1470,-0.161,-1.676,2,1
10,3,27,3,N,nb6,1470,-0.922,1.866,3,1
10,3,27,3,N,nb7,1470,-1.092,1.866,2,1
10,3,27,3,N,nb8,1470,-1.274,1.865,1,1
10,3,27,3,N,nb9,1470,-1.524,-0.164,2,0
10,3,27,3,N,nb10,1470,1.037,0.664,1,1
10,3,27,3,N,nb11,1470,0.821,-1.867,1,1
10,3,27,3,N,nb12,1470,-1.808,1.239,1,1
10,3,27,3,N,nb13,1470,-0.93,1.633,1,1
10,3,27,3,N,nb14,1470,0.001,-1.727,2,1
10,3,27,3,N,nb15,1470,1.378,-1.866,2,1
10,3,27,3,N,nb16,1470,-1.801,1.865,1,1
10,3,27,3,N,nb17,1470,-1.483,-0.351,1,0
10,3,27,3,N,nb18,1470,0.09,-1.387,3,1
10,3,27,3,N,nb19,1470,-1.853,-1.091,0,0
10,3,27,3,N,nb20,1470,-0.512,1.848,1,1
10,3,27,3,N,nb21,1470,1.135,-1.866,2,1
10,3,27,3,N,nb22,1470,-1.668,1.76,1,1
10,3,27,3,N,nb23,1470,0.147,-1.547,3,1
10,3,27,3,N,nb24,1470,1.616,-1.865,1,1
10,3,27,3,N,nb25,1470,-1.763,1.403,1,1
10,3,27,3,N,nb26,1470,-0.059,-1.468,4,1
10,3,27,3,N,nb27,1470,0.934,0.8,2,1
10,3,27,3,N,nb28,1470,-1.748,-1.493,0,0
10,3,27,3,N,nb29,1470,-0.017,-1.255,2,1
10,3,27,3,A,aa0,1470,0.429,0.638,2,0
10,3,27,3,A,aa1,1470,-1.756,-0.318,0,0
10,3,27,3,A,aa2,1470,-1.865,1.08,1,0
10,3,27,3,N,nb0,1475,-1.865,0.316,0,0
10,3,27,3,N,nb1,1475,-1.354,0.035,1,0
10,3,27,3,N,nb2,1475,-0.683,1.865,2,1
10,3,27,3,N,nb3,1475,0.978,-1.678,2,1
10,3,27,3,N,nb4,1475,0.794,0.901,1,0
10,3,27,3,N,nb5,1475,-0.161,-1.676,2,1
10,3,27,3,N,nb6,1475,-0.922,1.866,3,1
10,3,27,3,N,nb7,1475,-1.092,1.866,2,1
10,3,27,3,N,nb8,1475,-1.274,1.865,1,1
10,3,27,3,N,nb9,1475,-1.569,-0.082,2,0
10,3,27,3,N,nb10,1475,1.037,0.664,1,0
10,3,27,3,N,nb11,1475,0.821,-1.867,1,1
10,3,27,3,N,nb12,1475,-1.808,1.239,1,1
10,3,27,3,N,nb13,1475,-0.93,1.633,1,1
10,3,27,3,N,nb14,1475,0.001,-1.727,2,1
10,3,27,3,N,nb15,1475,1.378,-1.866,2,1
10,3,27,3,N,nb16,1475,-1.801,1.865,1,1
10,3,27,3,N,nb17,1475,-1.43,-0.279,1,0
10,3,27,3,N,nb18,1475,0.09,-1.387,3,1
10,3,27,3,N,nb19,1475,-1.833,-1.182,0,0
10,3,27,3,N,nb20,1475,-0.512,1.848,1,1
10,3,27,3,N,nb21,1475,1.135,-1.866,2,1
10,3,27,3,N,nb22,1475,-1.668,1.76,1,1
10,3,27,3,N,nb23,1475,0.147,-1.547,3,1
10,3,27,3,N,nb24,1475,1.616,-1.865,1,1
10,3,27,3,N,nb25,1475,-1.763,1.403,1,1
10,3,27,3,N,nb26,1475,-0.059,-1.468,4,1
10,3,27,3,N,nb27,1475,0.934,0.8,2,0
10,3,27,3,N,nb28,1475,-1.703,-1.582,0,0
10,3,27,3,N,nb29,1475,-0.017,-1.255,2,1
10,3,27,3,A,aa0,1475,0.505,0.651,3,1
10,3,27,3,A,aa1,1475,-1.808,-0.244,0,0
10,3,27,3,A,aa2,1475,-1.865,1.08,1,0
10,3,27,3,N,nb0,1480,-1.862,0.408,0,0
10,3,27,3,N,nb1,1480,-1.267,0.083,0,0
10,3,27,3,N,nb2,1480,-0.683,1.865,2,1
10,3,27,3,N,nb3,1480,0.978,-1.678,2,1
10,3,27,3,N,nb4,1480,0.728,0.938,1,0
10,3,27,3,N,nb5,1480,-0.161,-1.676,2,1
10,3,27,3,N,nb6,1480,-0.922,1.866,3,1
10,3,27,3,N,nb7,1480,-1.092,1.866,2,1
10,3,27,3,N,nb8,1480,-1.274,1.865,1,1
10,3,27,3,N,nb9,1480,-1.622,0.001,0,0
10,3,27,3,N,nb10,1480,0.976,0.708,1,0
10,3,27,3,N,nb11,1480,0.821,-1.867,1,0
10,3,27,3,N,nb12,1480,-1.808,1.239,1,1
10,3,27,3,N,nb13,1480,-0.93,1.633,1,1
10,3,27,3,N,nb14,1480,0.001,-1.727,2,1
10,3,27,3,N,nb15,1480,1.378,-1.866,2,1
10,3,27,3,N,nb16,1480,-1.801,1.865,1,1
10,3,27,3,N,nb17,1480,-1.363,-0.209,0,0
10,3,27,3,N,nb18,1480,0.09,-1.387,3,1
10,3,27,3,N,nb19,1480,-1.805,-1.271,0,0
10,3,27,3,N,nb20,1480,-0.512,1.848,1,1
10,3,27,3,N,nb21,1480,1.135,-1.866,2,1
10,3,27,3,N,nb22,1480,-1.668,1.76,1,1
10,3,27,3,N,nb23,1480,0.147,-1.547,3,1
10,3,27,3,N,nb24,1480,1.616,-1.865,1,1
10,3,27,3,N,nb25,1480,-1.763,1.403,1,1
10,3,27,3,N,nb26,1480,-0.059,-1.468,4,1
10,3,27,3,N,nb27,1480,0.849,0.821,2,0
10,3,27,3,N,nb28,1480,-1.657,-1.671,0,0
10,3,27,3,N,nb29,1480,-0.017,-1.255,2,1
10,3,27,3,A,aa0,1480,0.604,0.667,0,0
10,3,27,3,A,aa1,1480,-1.83,-0.216,0,0
10,3,27,3,A,aa2,1480,-1.865,1.08,1,0
10,3,27,3,N,nb0,1485,-1.849,0.5,0,0
10,3,27,3,N,nb1,1485,-1.179,0.131,0,0
10,3,27,3,N,nb2,1485,-0.683,1.865,2,1
10,3,27,3,N,nb3,1485,0.978,-1.678,2,1
10,3,27,3,N,nb4,1485,0.651,0.981,1,1
10,3,27,3,N,nb5,1485,-0.161,-1.676,2,1
10,3,27,3,N,nb6,1485,-0.922,1.866,3,1
10,3,27,3,N,nb7,1485,-1.092,1.866,2,1
10,3,27,3,N,nb8,1485,-1.274,1.865,1,1
10,3,27,3,N,nb9,1485,-1.676,0.085,0,0
10,3,27,3,N,nb10,1485,0.9,0.747,1,1
10,3,27,3,N,nb11,1485,0.821,-1.867,1,1
10,3,27,3,N,nb12,1485,-1.808,1.239,1,1
10,3,27,3,N,nb13,1485,-0.93,1.633,1,1
10,3,27,3,N,nb14,1485,0.001,-1.727,2,1
10,3,27,3,N,nb15,1485,1.378,-1.866,2,1
10,3,27,3,N,nb16,1485,-1.801,1.865,1,1
10,3,27,3,N,nb17,1485,-1.293,-0.138,0,0
10,3,27,3,N,nb18,1485,0.09,-1.387,3,1
10,3,27,3,N,nb19,1485,-1.768,-1.358,0,0
10,3,27,3,N,nb20,1485,-0.512,1.848,1,1
10,3,27,3,N,nb21,1485,1.135,-1.866,2,1
10,3,27,3,N,nb22,1485,-1.668,1.76,1,1
10,3,27,3,N,nb23,1485,0.147,-1.547,3,1
10,3,27,3,N,nb24,1485,1.616,-1.865,1,1
10,3,27,3,N,nb25,1485,-1.763,1.403,1,1
10,3,27,3,N,nb26,1485,-0.059,-1.468,4,1
10,3,27,3,N,nb27,1485,0.756,0.85,2,1
10,3,27,3,N,nb28,1485,-1.612,-1.76,0,0
10,3,27,3,N,nb29,1485,-0.017,-1.255,2,1
10,3,27,3,A,aa0,1485,0.693,0.679,0,0
10,3,27,3,A,aa1,1485,-1.865,-0.159,0,0
10,3,27,3,A,aa2,1485,-1.865,1.08,1,0
10,3,27,3,N,nb0,1490,-1.827,0.591,0,0
10,3,27,3,N,nb1,1490,-1.092,0.18,0,0
10,3,27,3,N,nb2,1490,-0.683,1.865,2,1
10,3,27,3,N,nb3,1490,0.978,-1.678,2,1
10,3,27,3,N,nb4,1490,0.649,0.982,1,1
10,3,27,3,N,nb5,1490,-0.161,-1.676,2,1
10,3,27,3,N,nb6,1490,-0.922,1.866,3,1
10,3,27,3,N,nb7,1490,-1.092,1.866,2,1
10,3,27,3,N,nb8,1490,-1.274,1.865,1,1
10,3,27,3,N,nb9,1490,-1.73,0.169,0,0
10,3,27,3,N,nb10,1490,0.909,0.748,1,1
10,3,27,3,N,nb11,1490,0.821,-1.867,1,1
10,3,27,3,N,nb12,1490,-1.808,1.239,1,1
10,3,27,3,N,nb13,1490,-0.93,1.633,1,1
10,3,27,3,N,nb14,1490,0.001,-1.727,2,1
10,3,27,3,N,nb15,1490,1.378,-1.866,2,1
10,3,27,3,N,nb16,1490,-1.801,1.865,1,1
10,3,27,3,N,nb17,1490,-1.223,-0.067,0,0
10,3,27,3,N,nb18,1490,0.09,-1.387,3,1
10,3,27,3,N,nb19,1490,-1.724,-1.446,0,0
10,3,27,3,N,nb20,1490,-0.512,1.848,1,1
10,3,27,3,N,nb21,1490,1.135,-1.866,2,1
10,3,27,3,N,nb22,1490,-1.668,1.76,1,1
10,3,27,3,N,nb23,1490,0.147,-1.547,3,1
10,3,27,3,N,nb24,1490,1.616,-1.865,1,1
10,3,27,3,N,nb25,1490,-1.763,1.403,1,1
10,3,27,3,N,nb26,1490,-0.059,-1.468,4,1
10,3,27,3,N,nb27,1490,0.753,0.851,2,1
10,3,27,3,N,nb28,1490,-1.568,-1.838,0,0
10,3,27,3,N,nb29,1490,-0.017,-1.255,2,1
10,3,27,3,A,aa0,1490,0.755,0.679,2,0
10,3,27,3,A,aa1,1490,-1.865,-0.093,0,0
10,3,27,3,A,aa2,1490,-1.865,1.08,1,0
10,3,27,3,N,nb0,1495,-1.797,0.679,0,0
10,3,27,3,N,nb1,1495,-1.006,0.228,0,0
10,3,27,3,N,nb2,1495,-0.683,1.865,2,1
10,3,27,3,N,nb3,1495,0.978,-1.678,2,1
10,3,27,3,N,nb4,1495,0.649,0.982,1,1
10,3,27,3,N,nb5,1495,-0.161,-1.676,2,1
10,3,27,3,N,nb6,1495,-0.922,1.866,3,1
10,3,27,3,N,nb7,1495,-1.092,1.866,2,1
10,3,27,3,N,nb8,1495,-1.274,1.865,1,1
10,3,27,3,N,nb9,1495,-1.784,0.251,0,0
10,3,27,3,N,nb10,1495,0.91,0.748,1,1
10,3,27,3,N,nb11,1495,0.821,-1.867,1,1
10,3,27,3,N,nb12,1495,-1.808,1.239,1,1
10,3,27,3,N,nb13,1495,-0.93,1.633,1,1
10,3,27,3,N,nb14,1495,0.001,-1.727,2,1
10,3,27,3,N,nb15,1495,1.378,-1.866,2,1
10,3,27,3,N,nb16,1495,-1.801,1.865,1,1
10,3,27,3,N,nb17,1495,-1.153,0.004,0,0
10,3,27,3,N,nb18,1495,0.09,-1.387,3,1
10,3,27,3,N,nb19,1495,-1.679,-1.535,0,0
10,3,27,3,N,nb20,1495,-0.512,1.848,1,1
10,3,27,3,N,nb21,1495,1.135,-1.866,2,1
10,3,27,3,N,nb22,1495,-1.668,1.76,1,1
10,3,27,3,N,nb23,1495,0.147,-1.547,3,1
10,3,27,3,N,nb24,1495,1.616,-1.865,1,1
10,3,27,3,N,nb25,1495,-1.763,1.403,1,1
10,3,27,3,N,nb26,1495,-0.059,-1.468,4,1
10,3,27,3,N,nb27,1495,0.753,0.851,2,1
10,3,27,3,N,nb28,1495,-1.515,-1.866,0,0
10,3,27,3,N,nb29,1495,-0.017,-1.255,2,1
10,3,27,3,A,aa0,1495,0.754,0.681,2,0
10,3,27,3,A,aa1,1495,-1.865,-0.017,0,0
10,3,27,3,A,aa2,1495,-1.865,1.08,0,0
10,3,27,3,N,nb0,1500,-1.758,0.765,0,0
10,3,27,3,N,nb1,1500,-0.921,0.278,0,0
10,3,27,3,N,nb2,1500,-0.683,1.865,2,1
10,3,27,3,N,nb3,1500,0.978,-1.678,2,1
10,3,27,3,N,nb4,1500,0.649,0.982,1,1
10,3,27,3,N,nb5,1500,-0.161,-1.676,2,1
10,3,27,3,N,nb6,1500,-0.922,1.866,3,1
10,3,27,3,N,nb7,1500,-1.092,1.866,2,1
10,3,27,3,N,nb8,1500,-1.274,1.865,1,1
10,3,27,3,N,nb9,1500,-1.826,0.33,0,0
10,3,27,3,N,nb10,1500,0.91,0.748,1,1
10,3,27,3,N,nb11,1500,0.821,-1.867,1,1
10,3,27,3,N,nb12,1500,-1.808,1.239,1,1
10,3,27,3,N,nb13,1500,-0.93,1.633,1,1
10,3,27,3,N,nb14,1500,0.001,-1.727,2,1
10,3,27,3,N,nb15,1500,1.378,-1.866,2,1
10,3,27,3,N,nb16,1500,-1.801,1.865,1,1
10,3,27,3,N,nb17,1500,-1.085,0.066,0,0
10,3,27,3,N,nb18,1500,0.09,-1.387,3,1
10,3,27,3,N,nb19,1500,-1.634,-1.624,0,0
10,3,27,3,N,nb20,1500,-0.512,1.848,1,1
10,3,27,3,N,nb21,1500,1.135,-1.866,2,1
10,3,27,3,N,nb22,1500,-1.668,1.76,1,1
10,3,27,3,N,nb23,1500,0.147,-1.547,3,1
10,3,27,3,N,nb24,1500,1.616,-1.865,1,1
10,3,27,3,N,nb25,1500,-1.763,1.403,1,1
10,3,27,3,N,nb26,1500,-0.059,-1.468,4,1
10,3,27,3,N,nb27,1500,0.753,0.851,2,1
10,3,27,3,N,nb28,1500,-1.453,-1.866,0,0
10,3,27,3,N,nb29,1500,-0.017,-1.255,2,1
10,3,27,3,A,aa0,1500,0.754,0.681,2,0
10,3,27,3,A,aa1,1500,-1.865,0.065,0,0
10,3,27,3,A,aa2,1500,-1.865,1.08,1,0
10,3,27,3,N,nb0,1505,-1.713,0.854,0,0
10,3,27,3,N,nb1,1505,-0.838,0.33,0,0
10,3,27,3,N,nb2,1505,-0.683,1.865,2,1
10,3,27,3,N,nb3,1505,0.978,-1.678,2,1
10,3,27,3,N,nb4,1505,0.649,0.982,1,1
10,3,27,3,N,nb5,1505,-0.161,-1.676,2,1
10,3,27,3,N,nb6,1505,-0.922,1.866,3,1
10,3,27,3,N,nb7,1505,-1.092,1.866,2,1
10,3,27,3,N,nb8,1505,-1.274,1.865,1,1
10,3,27,3,N,nb9,1505,-1.857,0.416,0,0
10,3,27,3,N,nb10,1505,0.91,0.748,1,1
10,3,27,3,N,nb11,1505,0.821,-1.867,1,1
10,3,27,3,N,nb12,1505,-1.808,1.239,1,1
10,3,27,3,N,nb13,1505,-0.93,1.633,1,1
10,3,27,3,N,nb14,1505,0.001,-1.727,2,1
10,3,27,3,N,nb15,1505,1.378,-1.866,2,1
10,3,27,3,N,nb16,1505,-1.801,1.865,1,1
10,3,27,3,N,nb17,1505,-1.008,0.124,0,0
10,3,27,3,N,nb18,1505,0.09,-1.387,3,1
10,3,27,3,N,nb19,1505,-1.59,-1.711,0,0
10,3,27,3,N,nb20,1505,-0.512,1.848,1,1
10,3,27,3,N,nb21,1505,1.135,-1.866,2,1
10,3,27,3,N,nb22,1505,-1.668,1.76,1,1
10,3,27,3,N,nb23,1505,0.147,-1.547,3,1
10,3,27,3,N,nb24,1505,1.616,-1.865,1,1
10,3,27,3,N,nb25,1505,-1.763,1.403,1,1
10,3,27,3,N,nb26,1505,-0.059,-1.468,4,1
10,3,27,3,N,nb27,1505,0.753,0.851,2,1
10,3,27,3,N,nb28,1505,-1.38,-1.866,0,0
10,3,27,3,N,nb29,1505,-0.017,-1.255,2,1
10,3,27,3,A,aa0,1505,0.754,0.681,2,0
10,3,27,3,A,aa1,1505,-1.865,0.152,0,0
10,3,27,3,A,aa2,1505,-1.863,1.079,1,0
10,3,27,3,N,nb0,1510,-1.669,0.936,0,0
10,3,27,3,N,nb1,1510,-0.757,0.384,0,0
10,3,27,3,N,nb2,1510,-0.683,1.865,2,1
10,3,27,3,N,nb3,1510,0.978,-1.678,2,1
10,3,27,3,N,nb4,1510,0.649,0.982,1,1
10,3,27,3,N,nb5,1510,-0.161,-1.676,2,1
10,3,27,3,N,nb6,1510,-0.922,1.866,3,1
10,3,27,3,N,nb7,1510,-1.092,1.866,2,1
10,3,27,3,N,nb8,1510,-1.274,1.865,1,1
10,3,27,3,N,nb9,1510,-1.865,0.504,0,0
10,3,27,3,N,nb10,1510,0.91,0.748,1,1
10,3,27,3,N,nb11,1510,0.821,-1.867,1,1
10,3,27,3,N,nb12,1510,-1.808,1.239,1,1
10,3,27,3,N,nb13,1510,-0.93,1.633,1,1
10,3,27,3,N,nb14,1510,0.001,-1.727,2,1
10,3,27,3,N,nb15,1510,1.378,-1.866,2,1
10,3,27,3,N,nb16,1510,-1.801,1.865,1,1
10,3,27,3,N,nb17,1510,-0.929,0.18,0,0
10,3,27,3,N,nb18,1510,0.09,-1.387,3,1
10,3,27,3,N,nb19,1510,-1.559,-1.793,0,0
10,3,27,3,N,nb20,1510,-0.512,1.848,1,1
10,3,27,3,N,nb21,1510,1.135,-1.866,2,1
10,3,27,3,N,nb22,1510,-1.668,1.76,1,1
10,3,27,3,N,nb23,1510,0.147,-1.547,3,1
10,3,27,3,N,nb24,1510,1.616,-1.865,1,1
10,3,27,3,N,nb25,1510,-1.763,1.403,1,1
10,3,27,3,N,nb26,1510,-0.059,-1.468,4,1
10,3,27,3,N,nb27,1510,0.753,0.851,2,1
10,3,27,3,N,nb28,1510,-1.3,-1.866,0,0
10,3,27,3,N,nb29,1510,-0.017,-1.255,2,1
10,3,27,3,A,aa0,1510,0.754,0.681,2,0
10,3,27,3,A,aa1,1510,-1.865,0.184,0,0
10,3,27,3,A,aa2,1510,-1.847,1.074,1,0
10,3,27,3,N,nb0,1515,-1.615,1.011,0,0
10,3,27,3,N,nb1,1515,-0.677,0.441,0,0
10,3,27,3,N,nb2,1515,-0.683,1.865,2,1
10,3,27,3,N,nb3,1515,0.978,-1.678,2,1
10,3,27,3,N,nb4,1515,0.649,0.982,1,0
10,3,27,3,N,nb5,1515,-0.161,-1.676,2,1
10,3,27,3,N,nb6,1515,-0.922,1.866,3,1
10,3,27,3,N,nb7,1515,-1.092,1.866,2,1
10,3,27,3,N,nb8,1515,-1.274,1.865,1,1
10,3,27,3,N,nb9,1515,-1.865,0.594,0,0
10,3,27,3,N,nb10,1515,0.91,0.748,1,0
10,3,27,3,N,nb11,1515,0.821,-1.867,1,1
10,3,27,3,N,nb12,1515,-1.808,1.239,1,1
10,3,27,3,N,nb13,1515,-0.93,1.633,1,0
10,3,27,3,N,nb14,1515,0.001,-1.727,2,1
10,3,27,3,N,nb15,1515,1.378,-1.866,2,1
10,3,27,3,N,nb16,1515,-1.801,1.865,1,1
10,3,27,3,N,nb17,1515,-0.846,0.23,0,0
10,3,27,3,N,nb18,1515,0.09,-1.387,3,1
10,3,27,3,N,nb19,1515,-1.532,-1.866,0,0
10,3,27,3,N,nb20,1515,-0.512,1.848,1,1
10,3,27,3,N,nb21,1515,1.135,-1.866,2,1
10,3,27,3,N,nb22,1515,-1.668,1.76,1,1
10,3,27,3,N,nb23,1515,0.147,-1.547,3,1
10,3,27,3,N,nb24,1515,1.616,-1.865,1,1
10,3,27,3,N,nb25,1515,-1.763,1.403,1,1
10,3,27,3,N,nb26,1515,-0.059,-1.468,4,1
10,3,27,3,N,nb27,1515,0.753,0.851,2,0
10,3,27,3,N,nb28,1515,-1.214,-1.866,0,0
10,3,27,3,N,nb29,1515,-0.017,-1.255,2,1
10,3,27,3,A,aa0,1515,0.754,0.681,2,0
10,3,27,3,A,aa1,1515,-1.865,0.217,0,0
10,3,27,3,A,aa2,1515,-1.806,1.069,1,0
10,3,27,3,N,nb0,1520,-1.554,1.083,0,0
10,3,27,3,N,nb1,1520,-0.597,0.5,0,0
10,3,27,3,N,nb2,1520,-0.683,1.865,2,1
10,3,27,3,N,nb3,1520,0.978,-1.678,2,1
10,3,27,3,N,nb4,1520,0.649,0.982,1,1
10,3,27,3,N,nb5,1520,-0.161,-1.676,2,1
10,3,27,3,N,nb6,1520,-0.922,1.866,3,1
10,3,27,3,N,nb7,1520,-1.092,1.866,2,1
10,3,27,3,N,nb8,1520,-1.274,1.865,1,0
10,3,27,3,N,nb9,1520,-1.863,0.686,0,0
10,3,27,3,N,nb10,1520,0.91,0.748,1,1
10,3,27,3,N,nb11,1520,0.821,-1.867,1,1
10,3,27,3,N,nb12,1520,-1.808,1.239,1,1
10,3,27,3,N,nb13,1520,-0.93,1.633,1,1
10,3,27,3,N,nb14,1520,0.001,-1.727,2,1
10,3,27,3,N,nb15,1520,1.378,-1.866,2,1
10,3,27,3,N,nb16,1520,-1.801,1.865,1,1
10,3,27,3,N,nb17,1520,-0.76,0.282,0,0
10,3,27,3,N,nb18,1520,0.09,-1.387,3,0
10,3,27,3,N,nb19,1520,-1.495,-1.866,0,0
10,3,27,3,N,nb20,1520,-0.512,1.848,1,1
10,3,27,3,N,nb21,1520,1.135,-1.866,2,1
10,3,27,3,N,nb22,1520,-1.668,1.76,1,1
10,3,27,3,N,nb23,1520,0.147,-1.547,3,0
10,3,27,3,N,nb24,1520,1.616,-1.865,1,1
10,3,27,3,N,nb25,1520,-1.763,1.403,1,1
10,3,27,3,N,nb26,1520,-0.059,-1.468,4,1
10,3,27,3,N,nb27,1520,0.753,0.851,2,1
10,3,27,3,N,nb28,1520,-1.125,-1.866,0,0
10,3,27,3,N,nb29,1520,-0.017,-1.255,2,1
10,3,27,3,A,aa0,1520,0.754,0.681,2,0
10,3,27,3,A,aa1,1520,-1.865,0.223,0,0
10,3,27,3,A,aa2,1520,-1.731,1.086,1,0
10,3,27,3,N,nb0,1525,-1.485,1.152,0,0
10,3,27,3,N,nb1,1525,-0.518,0.561,0,0
10,3,27,3,N,nb2,1525,-0.683,1.865,2,1
10,3,27,3,N,nb3,1525,0.978,-1.678,2,1
10,3,27,3,N,nb4,1525,0.649,0.982,1,1
10,3,27,3,N,nb5,1525,-0.161,-1.676,2,1
10,3,27,3,N,nb6,1525,-0.922,1.866,3,1
10,3,27,3,N,nb7,1525,-1.092,1.866,2,1
10,3,27,3,N,nb8,1525,-1.274,1.865,1,1
10,3,27,3,N,nb9,1525,-1.851,0.778,0,0
10,3,27,3,N,nb10,1525,0.91,0.748,1,1
10,3,27,3,N,nb11,1525,0.821,-1.867,1,1
10,3,27,3,N,nb12,1525,-1.808,1.239,1,1
10,3,27,3,N,nb13,1525,-0.93,1.633,1,1
10,3,27,3,N,nb14,1525,0.001,-1.727,2,1
10,3,27,3,N,nb15,1525,1.378,-1.866,2,1
10,3,27,3,N,nb16,1525,-1.801,1.865,1,1
10,3,27,3,N,nb17,1525,-0.674,0.333,0,0
10,3,27,3,N,nb18,1525,0.09,-1.387,3,1
10,3,27,3,N,nb19,1525,-1.444,-1.866,0,0
10,3,27,3,N,nb20,1525,-0.512,1.848,1,1
10,3,27,3,N,nb21,1525,1.135,-1.866,2,1
10,3,27,3,N,nb22,1525,-1.668,1.76,1,1
10,3,27,3,N,nb23,1525,0.147,-1.547,3,1
10,3,27,3,N,nb24,1525,1.616,-1.865,1,1
10,3,27,3,N,nb25,1525,-1.763,1.403,1,1
10,3,27,3,N,nb26,1525,-0.059,-1.468,4,1
10,3,27,3,N,nb27,1525,0.753,0.851,2,1
10,3,27,3,N,nb28,1525,-1.033,-1.866,0,0
10,3,27,3,N,nb29,1525,-0.017,-1.255,2,1
10,3,27,3,A,aa0,1525,0.743,0.681,2,0
10,3,27,3,A,aa1,1525,-1.865,0.251,0,0
10,3,27,3,A,aa2,1525,-1.649,1.108,2,0
10,3,27,3,N,nb0,1530,-1.413,1.219,0,0
10,3,27,3,N,nb1,1530,-0.438,0.621,0,0
10,3,27,3,N,nb2,1530,-0.683,1.865,2,1
10,3,27,3,N,nb3,1530,0.978,-1.678,2,1
10,3,27,3,N,nb4,1530,0.649,0.982,1,1
10,3,27,3,N,nb5,1530,-0.161,-1.676,2,1
10,3,27,3,N,nb6,1530,-0.922,1.866,3,1
10,3,27,3,N,nb7,1530,-1.092,1.866,2,1
10,3,27,3,N,nb8,1530,-1.274,1.865,1,1
10,3,27,3,N,nb9,1530,-1.83,0.869,0,0
10,3,27,3,N,nb10,1530,0.91,0.748,1,1
10,3,27,3,N,nb11,1530,0.821,-1.867,1,1
10,3,27,3,N,nb12,1530,-1.808,1.239,1,1
10,3,27,3,N,nb13,1530,-0.93,1.633,1,1
10,3,27,3,N,nb14,1530,0.001,-1.727,2,1
10,3,27,3,N,nb15,1530,1.378,-1.866,2,1
10,3,27,3,N,nb16,1530,-1.801,1.865,1,1
10,3,27,3,N,nb17,1530,-0.588,0.384,0,0
10,3,27,3,N,nb18,1530,0.09,-1.387,3,1
10,3,27,3,N,nb19,1530,-1.381,-1.866,0,0
10,3,27,3,N,nb20,1530,-0.512,1.848,1,1
10,3,27,3,N,nb21,1530,1.135,-1.866,2,1
10,3,27,3,N,nb22,1530,-1.668,1.76,1,1
10,3,27,3,N,nb23,1530,0.147,-1.547,3,1
10,3,27,3,N,nb24,1530,1.616,-1.865,1,1
10,3,27,3,N,nb25,1530,-1.763,1.403,1,1
10,3,27,3,N,nb26,1530,-0.059,-1.468,4,1
10,3,27,3,N,nb27,1530,0.753,0.851,2,1
10,3,27,3,N,nb28,1530,-0.941,-1.858,0,0
10,3,27,3,N,nb29,1530,-0.017,-1.255,2,0
10,3,27,3,A,aa0,1530,0.689,0.694,2,0
10,3,27,3,A,aa1,1530,-1.865,0.295,0,0
10,3,27,3,A,aa2,1530,-1.562,1.113,2,0
10,3,27,3,N,nb0,1535,-1.34,1.286,0,0
10,3,27,3,N,nb1,1535,-0.358,0.681,0,0
10,3,27,3,N,nb2,1535,-0.683,1.865,2,1
10,3,27,3,N,nb3,1535,0.978,-1.678,2,1
10,3,27,3,N,nb4,1535,0.634,0.997,1,0
10,3,27,3,N,nb5,1535,-0.161,-1.676,2,1
10,3,27,3,N,nb6,1535,-0.922,1.866,3,0
10,3,27,3,N,nb7,1535,-1.092,1.866,2,1
10,3,27,3,N,nb8,1535,-1.274,1.865,1,1
10,3,27,3,N,nb9,1535,-1.8,0.958,0,0
10,3,27,3,N,nb10,1535,0.88,0.758,1,0
10,3,27,3,N,nb11,1535,0.821,-1.867,1,1
10,3,27,3,N,nb12,1535,-1.808,1.239,1,1
10,3,27,3,N,nb13,1535,-0.93,1.633,1,1
10,3,27,3,N,nb14,1535,0.001,-1.727,2,1
10,3,27,3,N,nb15,1535,1.378,-1.866,2,1
10,3,27,3,N,nb16,1535,-1.801,1.865,1,1
10,3,27,3,N,nb17,1535,-0.502,0.436,0,0
10,3,27,3,N,nb18,1535,0.09,-1.387,3,1
10,3,27,3,N,nb19,1535,-1.308,-1.866,0,0
10,3,27,3,N,nb20,1535,-0.512,1.848,1,0
10,3,27,3,N,nb21,1535,1.135,-1.866,2,1
10,3,27,3,N,nb22,1535,-1.668,1.76,1,1
10,3,27,3,N,nb23,1535,0.147,-1.547,3,1
10,3,27,3,N,nb24,1535,1.616,-1.865,1,1
10,3,27,3,N,nb25,1535,-1.763,1.403,1,1
10,3,27,3,N,nb26,1535,-0.059,-1.468,4,1
10,3,27,3,N,nb27,1535,0.729,0.859,2,0
10,3,27,3,N,nb28,1535,-0.85,-1.84,0,0
10,3,27,3,N,nb29,1535,-0.017,-1.255,2,1
10,3,27,3,A,aa0,1535,0.611,0.736,0,0
10,3,27,3,A,aa1,1535,-1.865,0.352,0,0
10,3,27,3,A,aa2,1535,-1.475,1.101,2,0
10,3,27,3,N,nb0,1540,-1.267,1.354,0,0
10,3,27,3,N,nb1,1540,-0.278,0.741,0,0
10,3,27,3,N,nb2,1540,-0.683,1.865,2,1
10,3,27,3,N,nb3,1540,0.978,-1.678,2,1
10,3,27,3,N,nb4,1540,0.579,1.049,1,0
10,3,27,3,N,nb5,1540,-0.161,-1.676,2,1
10,3,27,3,N,nb6,1540,-0.922,1.866,3,1
10,3,27,3,N,nb7,1540,-1.092,1.866,2,1
10,3,27,3,N,nb8,1540,-1.274,1.865,1,1
10,3,27,3,N,nb9,1540,-1.785,0.996,1,0
10,3,27,3,N,nb10,1540,0.795,0.775,1,0
10,3,27,3,N,nb11,1540,0.821,-1.867,1,1
10,3,27,3,N,nb12,1540,-1.808,1.239,2,0
10,3,27,3,N,nb13,1540,-0.93,1.633,1,1
10,3,27,3,N,nb14,1540,0.001,-1.727,2,1
10,3,27,3,N,nb15,1540,1.378,-1.866,2,1
10,3,27,3,N,nb16,1540,-1.801,1.865,1,1
10,3,27,3,N,nb17,1540,-0.416,0.487,0,0
10,3,27,3,N,nb18,1540,0.09,-1.387,3,1
10,3,27,3,N,nb19,1540,-1.227,-1.866,0,0
10,3,27,3,N,nb20,1540,-0.512,1.848,1,1
10,3,27,3,N,nb21,1540,1.135,-1.866,2,1
10,3,27,3,N,nb22,1540,-1.668,1.76,1,1
10,3,27,3,N,nb23,1540,0.147,-1.547,3,1
10,3,27,3,N,nb24,1540,1.616,-1.865,1,1
10,3,27,3,N,nb25,1540,-1.763,1.403,1,0
10,3,27,3,N,nb26,1540,-0.059,-1.468,4,1
10,3,27,3,N,nb27,1540,0.648,0.897,2,0
10,3,27,3,N,nb28,1540,-0.76,-1.814,0,0
10,3,27,3,N,nb29,1540,-0.017,-1.255,2,1
10,3,27,3,A,aa0,1540,0.526,0.776,0,0
10,3,27,3,A,aa1,1540,-1.865,0.421,1,0
10,3,27,3,A,aa2,1540,-1.454,1.097,3,1
10,3,27,3,N,nb0,1545,-1.194,1.422,0,0
10,3,27,3,N,nb1,1545,-0.198,0.802,0,0
10,3,27,3,N,nb2,1545,-0.683,1.865,2,1
10,3,27,3,N,nb3,1545,0.978,-1.678,2,1
10,3,27,3,N,nb4,1545,0.551,1.084,1,1
10,3,27,3,N,nb5,1545,-0.161,-1.676,2,1
10,3,27,3,N,nb6,1545,-0.922,1.866,3,1
10,3,27,3,N,nb7,1545,-1.092,1.866,2,1
10,3,27,3,N,nb8,1545,-1.274,1.865,1,1
10,3,27,3,N,nb9,1545,-1.755,1.058,1,0
10,3,27,3,N,nb10,1545,0.74,0.777,1,1
10,3,27,3,N,nb11,1545,0.821,-1.867,1,1
10,3,27,3,N,nb12,1545,-1.789,1.3,2,0
10,3,27,3,N,nb13,1545,-0.93,1.633,1,1
10,3,27,3,N,nb14,1545,0.001,-1.727,2,1
10,3,27,3,N,nb15,1545,1.378,-1.866,2,1
10,3,27,3,N,nb16,1545,-1.801,1.865,1,1
10,3,27,3,N,nb17,1545,-0.331,0.538,0,0
10,3,27,3,N,nb18,1545,0.09,-1.387,3,1
10,3,27,3,N,nb19,1545,-1.141,-1.866,0,0
10,3,27,3,N,nb20,1545,-0.512,1.848,1,1
10,3,27,3,N,nb21,1545,1.135,-1.866,2,1
10,3,27,3,N,nb22,1545,-1.668,1.76,1,1
10,3,27,3,N,nb23,1545,0.147,-1.547,3,1
10,3,27,3,N,nb24,1545,1.616,-1.865,1,1
10,3,27,3,N,nb25,1545,-1.792,1.472,1,0
10,3,27,3,N,nb26,1545,-0.059,-1.468,4,1
10,3,27,3,N,nb27,1545,0.602,0.924,2,1
10,3,27,3,N,nb28,1545,-0.672,-1.78,0,0
10,3,27,3,N,nb29,1545,-0.017,-1.255,2,1
10,3,27,3,A,aa0,1545,0.44,0.813,3,1
10,3,27,3,A,aa1,1545,-1.865,0.497,0,0
10,3,27,3,A,aa2,1545,-1.407,1.129,0,0
10,3,27,3,N,nb0,1550,-1.123,1.489,1,1
10,3,27,3,N,nb1,1550,-0.118,0.862,0,0
10,3,27,3,N,nb2,1550,-0.683,1.865,2,1
10,3,27,3,N,nb3,1550,0.978,-1.678,2,1
10,3,27,3,N,nb4,1550,0.529,1.074,1,0
10,3,27,3,N,nb5,1550,-0.161,-1.676,2,1
10,3,27,3,N,nb6,1550,-0.922,1.866,3,1
10,3,27,3,N,nb7,1550,-1.092,1.866,2,1
10,3,27,3,N,nb8,1550,-1.274,1.865,1,1
10,3,27,3,N,nb9,1550,-1.706,1.131,0,0
10,3,27,3,N,nb10,1550,0.689,0.774,1,0
10,3,27,3,N,nb11,1550,0.821,-1.867,1,1
10,3,27,3,N,nb12,1550,-1.75,1.379,1,0
10,3,27,3,N,nb13,1550,-0.93,1.633,2,1
10,3,27,3,N,nb14,1550,0.001,-1.727,2,1
10,3,27,3,N,nb15,1550,1.378,-1.866,2,1
10,3,27,3,N,nb16,1550,-1.801,1.865,1,1
10,3,27,3,N,nb17,1550,-0.245,0.589,0,0
10,3,27,3,N,nb18,1550,0.09,-1.387,3,1
10,3,27,3,N,nb19,1550,-1.051,-1.866,0,0
10,3,27,3,N,nb20,1550,-0.512,1.848,1,1
10,3,27,3,N,nb21,1550,1.135,-1.866,2,1
10,3,27,3,N,nb22,1550,-1.668,1.76,1,1
10,3,27,3,N,nb23,1550,0.147,-1.547,3,1
10,3,27,3,N,nb24,1550,1.616,-1.865,1,1
10,3,27,3,N,nb25,1550,-1.826,1.563,1,0
10,3,27,3,N,nb26,1550,-0.059,-1.468,4,0
10,3,27,3,N,nb27,1550,0.58,0.914,2,0
10,3,27,3,N,nb28,1550,-0.584,-1.737,0,0
10,3,27,3,N,nb29,1550,-0.017,-1.255,2,1
10,3,27,3,A,aa0,1550,0.401,0.827,0,0
10,3,27,3,A,aa1,1550,-1.865,0.581,0,0
10,3,27,3,A,aa2,1550,-1.325,1.185,0,0
10,3,27,3,N,nb0,1555,-1.121,1.49,1,0
10,3,27,3,N,nb1,1555,-0.039,0.922,0,0
10,3,27,3,N,nb2,1555,-0.683,1.865,2,1
10,3,27,3,N,nb3,1555,0.978,-1.678,2,1
10,3,27,3,N,nb4,1555,0.488,1.072,1,0
10,3,27,3,N,nb5,1555,-0.161,-1.676,2,1
10,3,27,3,N,nb6,1555,-0.922,1.866,3,1
10,3,27,3,N,nb7,1555,-1.092,1.866,2,1
10,3,27,3,N,nb8,1555,-1.274,1.865,1,1
10,3,27,3,N,nb9,1555,-1.681,1.159,1,0
10,3,27,3,N,nb10,1555,0.601,0.757,1,0
10,3,27,3,N,nb11,1555,0.821,-1.867,1,1
10,3,27,3,N,nb12,1555,-1.739,1.396,2,0
10,3,27,3,N,nb13,1555,-0.93,1.633,2,1
10,3,27,3,N,nb14,1555,0.001,-1.727,2,1
10,3,27,3,N,nb15,1555,1.378,-1.866,2,1
10,3,27,3,N,nb16,1555,-1.801,1.865,1,1
10,3,27,3,N,nb17,1555,-0.159,0.641,0,0
10,3,27,3,N,nb18,1555,0.09,-1.387,3,1
10,3,27,3,N,nb19,1555,-0.96,-1.865,0,0
10,3,27,3,N,nb20,1555,-0.512,1.848,1,1
10,3,27,3,N,nb21,1555,1.135,-1.866,2,1
10,3,27,3,N,nb22,1555,-1.668,1.76,2,1
10,3,27,3,N,nb23,1555,0.147,-1.547,3,1
10,3,27,3,N,nb24,1555,1.616,-1.865,1,1
10,3,27,3,N,nb25,1555,-1.833,1.583,2,1
10,3,27,3,N,nb26,1555,-0.059,-1.468,4,1
10,3,27,3,N,nb27,1555,0.515,0.907,2,0
10,3,27,3,N,nb28,1555,-0.495,-1.693,0,0
10,3,27,3,N,nb29,1555,-0.017,-1.255,2,1
10,3,27,3,A,aa0,1555,0.349,0.806,0,0
10,3,27,3,A,aa1,1555,-1.865,0.653,1,0
10,3,27,3,A,aa2,1555,-1.243,1.242,3,1
10,3,27,3,N,nb0,1560,-1.077,1.54,1,0
10,3,27,3,N,nb1,1560,0.041,0.982,0,0
10,3,27,3,N,nb2,1560,-0.683,1.865,2,0
10,3,27,3,N,nb3,1560,0.978,-1.678,2,1
10,3,27,3,N,nb4,1560,0.468,1.074,1,0
10,3,27,3,N,nb5,1560,-0.161,-1.676,3,1
10,3,27,3,N,nb6,1560,-0.922,1.866,3,1
10,3,27,3,N,nb7,1560,-1.092,1.866,2,1
10,3,27,3,N,nb8,1560,-1.274,1.865,1,1
10,3,27,3,N,nb9,1560,-1.631,1.207,0,0
10,3,27,3,N,nb10,1560,0.564,0.746,1,0
10,3,27,3,N,nb11,1560,0.821,-1.867,1,1
10,3,27,3,N,nb12,1560,-1.697,1.452,1,0
10,3,27,3,N,nb13,1560,-0.93,1.633,2,1
10,3,27,3,N,nb14,1560,0.001,-1.727,2,1
10,3,27,3,N,nb15,1560,1.378,-1.866,2,1
10,3,27,3,N,nb16,1560,-1.801,1.865,1,1
10,3,27,3,N,nb17,1560,-0.073,0.692,0,0
10,3,27,3,N,nb18,1560,0.09,-1.387,3,1
10,3,27,3,N,nb19,1560,-0.867,-1.857,0,0
10,3,27,3,N,nb20,1560,-0.512,1.848,1,1
10,3,27,3,N,nb21,1560,1.135,-1.866,2,1
10,3,27,3,N,nb22,1560,-1.668,1.76,2,1
10,3,27,3,N,nb23,1560,0.147,-1.547,3,1
10,3,27,3,N,nb24,1560,1.616,-1.865,1,1
10,3,27,3,N,nb25,1560,-1.833,1.583,2,1
10,3,27,3,N,nb26,1560,-0.059,-1.468,4,1
10,3,27,3,N,nb27,1560,0.486,0.907,2,0
10,3,27,3,N,nb28,1560,-0.407,-1.649,1,1
10,3,27,3,N,nb29,1560,-0.017,-1.255,2,1
10,3,27,3,A,aa0,1560,0.257,0.768,3,1
10,3,27,3,A,aa1,1560,-1.865,0.661,0,0
10,3,27,3,A,aa2,1560,-1.166,1.29,1,0
10,3,27,3,N,nb0,1565,-1.054,1.579,1,0
10,3,27,3,N,nb1,1565,0.121,1.042,0,0
10,3,27,3,N,nb2,1565,-0.683,1.865,2,1
10,3,27,3,N,nb3,1565,0.978,-1.678,2,1
10,3,27,3,N,nb4,1565,0.428,1.067,1,0
10,3,27,3,N,nb5,1565,-0.161,-1.676,3,1
10,3,27,3,N,nb6,1565,-0.922,1.866,3,1
10,3,27,3,N,nb7,1565,-1.092,1.866,2,0
10,3,27,3,N,nb8,1565,-1.274,1.865,1,1
10,3,27,3,N,nb9,1565,-1.557,1.261,0,0
10,3,27,3,N,nb10,1565,0.498,0.721,1,0
10,3,27,3,N,nb11,1565,0.821,-1.867,1,1
10,3,27,3,N,nb12,1565,-1.634,1.521,2,0
10,3,27,3,N,nb13,1565,-0.909,1.667,2,1
10,3,27,3,N,nb14,1565,0.001,-1.727,2,1
10,3,27,3,N,nb15,1565,1.378,-1.866,2,1
10,3,27,3,N,nb16,1565,-1.801,1.865,1,1
10,3,27,3,N,nb17,1565,0.005,0.741,0,0
10,3,27,3,N,nb18,1565,0.09,-1.387,3,1
10,3,27,3,N,nb19,1565,-0.776,-1.838,0,0
10,3,27,3,N,nb20,1565,-0.512,1.848,1,1
10,3,27,3,N,nb21,1565,1.135,-1.866,2,1
10,3,27,3,N,nb22,1565,-1.668,1.76,3,1
10,3,27,3,N,nb23,1565,0.147,-1.547,3,1
10,3,27,3,N,nb24,1565,1.616,-1.865,1,1
10,3,27,3,N,nb25,1565,-1.833,1.583,2,1
10,3,27,3,N,nb26,1565,-0.059,-1.468,4,1
10,3,27,3,N,nb27,1565,0.438,0.9,2,0
10,3,27,3,N,nb28,1565,-0.405,-1.648,1,1
10,3,27,3,N,nb29,1565,-0.017,-1.255,2,1
10,3,27,3,A,aa0,1565,0.173,0.73,0,0
10,3,27,3,A,aa1,1565,-1.865,0.721,0,0
10,3,27,3,A,aa2,1565,-1.085,1.324,2,0
10,3,27,3,N,nb0,1570,-1.05,1.589,1,0
10,3,27,3,N,nb1,1570,0.169,1.079,1,1
10,3,27,3,N,nb2,1570,-0.683,1.865,2,1
10,3,27,3,N,nb3,1570,0.978,-1.678,2,0
10,3,27,3,N,nb4,1570,0.364,1.057,2,0
10,3,27,3,N,nb5,1570,-0.161,-1.676,3,1
10,3,27,3,N,nb6,1570,-0.922,1.866,3,1
10,3,27,3,N,nb7,1570,-1.092,1.866,2,1
10,3,27,3,N,nb8,1570,-1.274,1.865,1,1
10,3,27,3,N,nb9,1570,-1.475,1.313,0,0
10,3,27,3,N,nb10,1570,0.414,0.68,1,0
10,3,27,3,N,nb11,1570,0.821,-1.867,1,1
10,3,27,3,N,nb12,1570,-1.619,1.536,2,1
10,3,27,3,N,nb13,1570,-0.904,1.675,2,0
10,3,27,3,N,nb14,1570,0.001,-1.727,2,1
10,3,27,3,N,nb15,1570,1.378,-1.866,2,1
10,3,27,3,N,nb16,1570,-1.801,1.865,1,1
10,3,27,3,N,nb17,1570,0.014,0.783,0,0
10,3,27,3,N,nb18,1570,0.09,-1.387,3,1
10,3,27,3,N,nb19,1570,-0.687,-1.811,0,0
10,3,27,3,N,nb20,1570,-0.512,1.848,1,1
10,3,27,3,N,nb21,1570,1.135,-1.866,2,0
10,3,27,3,N,nb22,1570,-1.668,1.76,3,1
10,3,27,3,N,nb23,1570,0.147,-1.547,3,1
10,3,27,3,N,nb24,1570,1.616,-1.865,1,1
10,3,27,3,N,nb25,1570,-1.833,1.583,2,1
10,3,27,3,N,nb26,1570,-0.059,-1.468,4,1
10,3,27,3,N,nb27,1570,0.371,0.89,2,0
10,3,27,3,N,nb28,1570,-0.405,-1.648,1,1
10,3,27,3,N,nb29,1570,-0.017,-1.255,2,1
10,3,27,3,A,aa0,1570,0.16,0.698,1,0
10,3,27,3,A,aa1,1570,-1.865,0.735,0,0
10,3,27,3,A,aa2,1570,-0.997,1.347,2,0
10,3,27,3,N,nb0,1575,-1.047,1.64,2,0
10,3,27,3,N,nb1,1575,0.169,1.079,2,1
10,3,27,3,N,nb2,1575,-0.683,1.865,2,1
10,3,27,3,N,nb3,1575,0.978,-1.678,2,1
10,3,27,3,N,nb4,1575,0.349,1.055,2,1
10,3,27,3,N,nb5,1575,-0.161,-1.676,3,1
10,3,27,3,N,nb6,1575,-0.921,1.866,3,1
10,3,27,3,N,nb7,1575,-1.092,1.866,3,1
10,3,27,3,N,nb8,1575,-1.274,1.865,1,1
10,3,27,3,N,nb9,1575,-1.39,1.359,0,0
10,3,27,3,N,nb10,1575,0.396,0.67,1,0
10,3,27,3,N,nb11,1575,0.821,-1.867,1,1
10,3,27,3,N,nb12,1575,-1.619,1.536,2,1
10,3,27,3,N,nb13,1575,-0.889,1.701,2,0
10,3,27,3,N,nb14,1575,0.001,-1.727,2,1
10,3,27,3,N,nb15,1575,1.378,-1.866,2,1
10,3,27,3,N,nb16,1575,-1.801,1.865,1,1
10,3,27,3,N,nb17,1575,0.07,0.853,1,1
10,3,27,3,N,nb18,1575,0.09,-1.387,3,1
10,3,27,3,N,nb19,1575,-0.6,-1.776,1,1
10,3,27,3,N,nb20,1575,-0.512,1.848,1,1
10,3,27,3,N,nb21,1575,1.135,-1.866,2,1
10,3,27,3,N,nb22,1575,-1.668,1.76,3,1
10,3,27,3,N,nb23,1575,0.147,-1.547,3,1
10,3,27,3,N,nb24,1575,1.616,-1.865,1,1
10,3,27,3,N,nb25,1575,-1.833,1.583,2,1
10,3,27,3,N,nb26,1575,-0.059,-1.468,4,1
10,3,27,3,N,nb27,1575,0.355,0.887,2,0
10,3,27,3,N,nb28,1575,-0.405,-1.648,2,1
10,3,27,3,N,nb29,1575,-0.017,-1.255,2,1
10,3,27,3,A,aa0,1575,0.096,0.635,2,0
10,3,27,3,A,aa1,1575,-1.865,0.781,0,0
10,3,27,3,A,aa2,1575,-0.994,1.347,1,0
10,3,27,3,N,nb0,1580,-1.033,1.708,3,1
10,3,27,3,N,nb1,1580,0.169,1.079,3,1
10,3,27,3,N,nb2,1580,-0.683,1.865,3,1
10,3,27,3,N,nb3,1580,0.978,-1.678,2,1
10,3,27,3,N,nb4,1580,0.349,1.055,2,1
10,3,27,3,N,nb5,1580,-0.161,-1.676,3,1
10,3,27,3,N,nb6,1580,-0.921,1.866,4,1
10,3,27,3,N,nb7,1580,-1.092,1.866,3,1
10,3,27,3,N,nb8,1580,-1.274,1.865,1,1
10,3,27,3,N,nb9,1580,-1.301,1.405,0,0
10,3,27,3,N,nb10,1580,0.319,0.62,0,0
10,3,27,3,N,nb11,1580,0.821,-1.867,1,1
10,3,27,3,N,nb12,1580,-1.619,1.536,2,1
10,3,27,3,N,nb13,1580,-0.861,1.709,3,1
10,3,27,3,N,nb14,1580,0.001,-1.727,2,1
10,3,27,3,N,nb15,1580,1.378,-1.866,2,1
10,3,27,3,N,nb16,1580,-1.801,1.865,1,1
10,3,27,3,N,nb17,1580,0.072,0.855,2,1
10,3,27,3,N,nb18,1580,0.09,-1.387,3,1
10,3,27,3,N,nb19,1580,-0.597,-1.775,1,1
10,3,27,3,N,nb20,1580,-0.512,1.848,1,1
10,3,27,3,N,nb21,1580,1.135,-1.866,2,1
10,3,27,3,N,nb22,1580,-1.668,1.76,3,1
10,3,27,3,N,nb23,1580,0.147,-1.547,3,1
10,3,27,3,N,nb24,1580,1.616,-1.865,1,1
10,3,27,3,N,nb25,1580,-1.833,1.583,2,1
10,3,27,3,N,nb26,1580,-0.059,-1.468,4,1
10,3,27,3,N,nb27,1580,0.283,0.899,3,0
10,3,27,3,N,nb28,1580,-0.405,-1.648,2,1
10,3,27,3,N,nb29,1580,-0.017,-1.255,2,1
10,3,27,3,A,aa0,1580,0.03,0.565,1,0
10,3,27,3,A,aa1,1580,-1.865,0.84,0,0
10,3,27,3,A,aa2,1580,-0.984,1.383,1,0
10,3,27,3,N,nb0,1585,-1.03,1.709,3,0
10,3,27,3,N,nb1,1585,0.169,1.079,3,1
10,3,27,3,N,nb2,1585,-0.683,1.865,3,1
10,3,27,3,N,nb3,1585,0.978,-1.678,2,1
10,3,27,3,N,nb4,1585,0.349,1.055,2,1
10,3,27,3,N,nb5,1585,-0.161,-1.676,3,1
10,3,27,3,N,nb6,1585,-0.921,1.866,4,1
10,3,27,3,N,nb7,1585,-1.092,1.866,3,1
10,3,27,3,N,nb8,1585,-1.274,1.865,1,0
10,3,27,3,N,nb9,1585,-1.215,1.451,0,0
10,3,27,3,N,nb10,1585,0.238,0.562,0,0
10,3,27,3,N,nb11,1585,0.821,-1.867,1,1
10,3,27,3,N,nb12,1585,-1.619,1.536,2,1
10,3,27,3,N,nb13,1585,-0.857,1.711,3,0
10,3,27,3,N,nb14,1585,0.001,-1.727,2,1
10,3,27,3,N,nb15,1585,1.378,-1.866,2,1
10,3,27,3,N,nb16,1585,-1.801,1.865,1,1
10,3,27,3,N,nb17,1585,0.063,0.856,2,1
10,3,27,3,N,nb18,1585,0.09,-1.387,3,1
10,3,27,3,N,nb19,1585,-0.597,-1.775,1,1
10,3,27,3,N,nb20,1585,-0.512,1.848,1,0
10,3,27,3,N,nb21,1585,1.135,-1.866,2,1
10,3,27,3,N,nb22,1585,-1.668,1.76,3,1
10,3,27,3,N,nb23,1585,0.147,-1.547,3,1
10,3,27,3,N,nb24,1585,1.616,-1.865,1,1
10,3,27,3,N,nb25,1585,-1.833,1.583,2,1
10,3,27,3,N,nb26,1585,-0.059,-1.468,4,1
10,3,27,3,N,nb27,1585,0.221,0.918,3,1
10,3,27,3,N,nb28,1585,-0.405,-1.648,2,1
10,3,27,3,N,nb29,1585,-0.017,-1.255,2,1
10,3,27,3,A,aa0,1585,-0.037,0.491,1,0
10,3,27,3,A,aa1,1585,-1.865,0.909,0,0
10,3,27,3,A,aa2,1585,-0.959,1.477,2,0
10,3,27,3,N,nb0,1590,-1.017,1.715,3,0
10,3,27,3,N,nb1,1590,0.169,1.079,3,1
10,3,27,3,N,nb2,1590,-0.711,1.865,3,1
10,3,27,3,N,nb3,1590,0.978,-1.678,2,1
10,3,27,3,N,nb4,1590,0.349,1.055,2,1
10,3,27,3,N,nb5,1590,-0.161,-1.676,3,1
10,3,27,3,N,nb6,1590,-0.921,1.866,4,1
10,3,27,3,N,nb7,1590,-1.092,1.866,2,1
10,3,27,3,N,nb8,1590,-1.364,1.863,0,0
10,3,27,3,N,nb9,1590,-1.143,1.498,0,0
10,3,27,3,N,nb10,1590,0.157,0.503,0,0
10,3,27,3,N,nb11,1590,0.821,-1.867,1,1
10,3,27,3,N,nb12,1590,-1.619,1.536,2,1
10,3,27,3,N,nb13,1590,-0.817,1.734,3,0
10,3,27,3,N,nb14,1590,0.001,-1.727,2,1
10,3,27,3,N,nb15,1590,1.378,-1.866,2,0
10,3,27,3,N,nb16,1590,-1.801,1.865,1,1
10,3,27,3,N,nb17,1590,0.063,0.856,2,1
10,3,27,3,N,nb18,1590,0.09,-1.387,3,1
10,3,27,3,N,nb19,1590,-0.597,-1.775,1,1
10,3,27,3,N,nb20,1590,-0.541,1.862,1,0
10,3,27,3,N,nb21,1590,1.135,-1.866,2,1
10,3,27,3,N,nb22,1590,-1.668,1.76,3,1
10,3,27,3,N,nb23,1590,0.147,-1.547,3,1
10,3,27,3,N,nb24,1590,1.616,-1.865,1,1
10,3,27,3,N,nb25,1590,-1.833,1.583,2,1
10,3,27,3,N,nb26,1590,-0.059,-1.468,4,1
10,3,27,3,N,nb27,1590,0.221,0.918,3,1
10,3,27,3,N,nb28,1590,-0.405,-1.648,2,0
10,3,27,3,N,nb29,1590,-0.017,-1.255,2,1
10,3,27,3,A,aa0,1590,-0.104,0.417,2,0
10,3,27,3,A,aa1,1590,-1.865,0.987,1,0
10,3,27,3,A,aa2,1590,-0.928,1.56,1,0
10,3,27,3,N,nb0,1595,-1.008,1.719,4,1
10,3,27,3,N,nb1,1595,0.169,1.079,3,1
10,3,27,3,N,nb2,1595,-0.711,1.865,3,1
10,3,27,3,N,nb3,1595,0.978,-1.678,2,1
10,3,27,3,N,nb4,1595,0.349,1.055,2,1
10,3,27,3,N,nb5,1595,-0.161,-1.676,3,1
10,3,27,3,N,nb6,1595,-0.921,1.866,4,1
10,3,27,3,N,nb7,1595,-1.092,1.866,2,1
10,3,27,3,N,nb8,1595,-1.456,1.851,1,1
10,3,27,3,N,nb9,1595,-1.128,1.511,1,1
10,3,27,3,N,nb10,1595,0.081,0.447,0,0
10,3,27,3,N,nb11,1595,0.821,-1.867,1,1
10,3,27,3,N,nb12,1595,-1.619,1.536,2,1
10,3,27,3,N,nb13,1595,-0.817,1.734,3,1
10,3,27,3,N,nb14,1595,0.001,-1.727,2,1
10,3,27,3,N,nb15,1595,1.378,-1.866,2,1
10,3,27,3,N,nb16,1595,-1.801,1.865,1,1
10,3,27,3,N,nb17,1595,0.063,0.856,2,1
10,3,27,3,N,nb18,1595,0.09,-1.387,3,1
10,3,27,3,N,nb19,1595,-0.597,-1.775,1,1
10,3,27,3,N,nb20,1595,-0.541,1.865,1,1
10,3,27,3,N,nb21,1595,1.135,-1.866,2,1
10,3,27,3,N,nb22,1595,-1.668,1.76,4,1
10,3,27,3,N,nb23,1595,0.147,-1.547,3,1
10,3,27,3,N,nb24,1595,1.616,-1.865,1,0
10,3,27,3,N,nb25,1595,-1.833,1.583,2,1
10,3,27,3,N,nb26,1595,-0.059,-1.468,4,1
10,3,27,3,N,nb27,1595,0.221,0.918,3,1
10,3,27,3,N,nb28,1595,-0.405,-1.648,2,1
10,3,27,3,N,nb29,1595,-0.017,-1.255,2,1
10,3,27,3,A,aa0,1595,-0.133,0.384,1,0
10,3,27,3,A,aa1,1595,-1.865,1.071,2,0
10,3,27,3,A,aa2,1595,-0.902,1.587,2,0
10,3,27,3,N,nb0,1600,-1.006,1.721,4,0
10,3,27,3,N,nb1,1600,0.169,1.079,3,1
10,3,27,3,N,nb2,1600,-0.711,1.865,3,1
10,3,27,3,N,nb3,1600,0.978,-1.678,2,1
10,3,27,3,N,nb4,1600,0.349,1.055,2,1
10,3,27,3,N,nb5,1600,-0.161,-1.676,3,1
10,3,27,3,N,nb6,1600,-0.918,1.866,4,0
10,3,27,3,N,nb7,1600,-1.092,1.866,2,1
10,3,27,3,N,nb8,1600,-1.459,1.85,1,1
10,3,27,3,N,nb9,1600,-1.106,1.533,1,0
10,3,27,3,N,nb10,1600,0.027,0.392,0,0
10,3,27,3,N,nb11,1600,0.821,-1.867,1,1
10,3,27,3,N,nb12,1600,-1.619,1.536,2,1
10,3,27,3,N,nb13,1600,-0.815,1.733,3,0
10,3,27,3,N,nb14,1600,0.001,-1.727,2,1
10,3,27,3,N,nb15,1600,1.378,-1.866,2,1
10,3,27,3,N,nb16,1600,-1.801,1.865,1,1
10,3,27,3,N,nb17,1600,0.063,0.856,2,1
10,3,27,3,N,nb18,1600,0.09,-1.387,3,1
10,3,27,3,N,nb19,1600,-0.597,-1.775,1,1
10,3,27,3,N,nb20,1600,-0.541,1.865,1,1
10,3,27,3,N,nb21,1600,1.135,-1.866,2,1
10,3,27,3,N,nb22,1600,-1.668,1.76,4,1
10,3,27,3,N,nb23,1600,0.147,-1.547,3,1
10,3,27,3,N,nb24,1600,1.616,-1.865,1,1
10,3,27,3,N,nb25,1600,-1.833,1.583,2,1
10,3,27,3,N,nb26,1600,-0.059,-1.468,4,1
10,3,27,3,N,nb27,1600,0.221,0.918,3,1
10,3,27,3,N,nb28,1600,-0.405,-1.648,2,1
10,3,27,3,N,nb29,1600,-0.017,-1.255,2,1
10,3,27,3,A,aa0,1600,-0.142,0.379,1,0
10,3,27,3,A,aa1,1600,-1.865,1.159,2,0
10,3,27,3,A,aa2,1600,-0.901,1.587,0,0
10,3,27,3,N,nb0,1605,-1.0,1.724,4,0
10,3,27,3,N,nb1,1605,0.169,1.079,3,1
10,3,27,3,N,nb2,1605,-0.71,1.865,3,1
10,3,27,3,N,nb3,1605,0.978,-1.678,2,1
10,3,27,3,N,nb4,1605,0.349,1.055,2,1
10,3,27,3,N,nb5,1605,-0.161,-1.676,3,1
10,3,27,3,N,nb6,1605,-0.9,1.866,4,0
10,3,27,3,N,nb7,1605,-1.092,1.866,2,1
10,3,27,3,N,nb8,1605,-1.459,1.85,1,1
10,3,27,3,N,nb9,1605,-1.07,1.57,1,0
10,3,27,3,N,nb10,1605,-0.003,0.319,0,0
10,3,27,3,N,nb11,1605,0.821,-1.867,1,1
10,3,27,3,N,nb12,1605,-1.607,1.546,2,0
10,3,27,3,N,nb13,1605,-0.806,1.726,3,0
10,3,27,3,N,nb14,1605,0.001,-1.727,2,1
10,3,27,3,N,nb15,1605,1.378,-1.866,2,1
10,3,27,3,N,nb16,1605,-1.801,1.865,1,1
10,3,27,3,N,nb17,1605,0.063,0.856,2,0
10,3,27,3,N,nb18,1605,0.09,-1.387,3,1
10,3,27,3,N,nb19,1605,-0.597,-1.775,1,0
10,3,27,3,N,nb20,1605,-0.541,1.865,1,1
10,3,27,3,N,nb21,1605,1.135,-1.866,2,1
10,3,27,3,N,nb22,1605,-1.672,1.755,4,0
10,3,27,3,N,nb23,1605,0.147,-1.547,3,1
10,3,27,3,N,nb24,1605,1.616,-1.865,1,1
10,3,27,3,N,nb25,1605,-1.838,1.598,2,0
10,3,27,3,N,nb26,1605,-0.059,-1.468,4,1
10,3,27,3,N,nb27,1605,0.221,0.918,3,1
10,3,27,3,N,nb28,1605,-0.405,-1.648,2,1
10,3,27,3,N,nb29,1605,-0.017,-1.255,2,1
10,3,27,3,A,aa0,1605,-0.171,0.304,0,0
10,3,27,3,A,aa1,1605,-1.865,1.251,0,0
10,3,27,3,A,aa2,1605,-0.901,1.586,0,0
10,3,27,3,N,nb0,1610,-0.998,1.726,4,1
10,3,27,3,N,nb1,1610,0.169,1.079,3,1
10,3,27,3,N,nb2,1610,-0.705,1.865,3,1
10,3,27,3,N,nb3,1610,0.978,-1.678,2,1
10,3,27,3,N,nb4,1610,0.349,1.055,2,1
10,3,27,3,N,nb5,1610,-0.161,-1.676,3,0
10,3,27,3,N,nb6,1610,-0.89,1.866,4,1
10,3,27,3,N,nb7,1610,-1.092,1.866,2,1
10,3,27,3,N,nb8,1610,-1.459,1.85,0,1
10,3,27,3,N,nb9,1610,-1.067,1.571,1,1
10,3,27,3,N,nb10,1610,-0.033,0.238,0,0
10,3,27,3,N,nb11,1610,0.821,-1.867,1,1
10,3,27,3,N,nb12,1610,-1.536,1.605,1,0
10,3,27,3,N,nb13,1610,-0.798,1.725,3,1
10,3,27,3,N,nb14,1610,0.001,-1.727,2,0
10,3,27,3,N,nb15,1610,1.378,-1.866,2,1
10,3,27,3,N,nb16,1610,-1.801,1.865,2,0
10,3,27,3,N,nb17,1610,0.063,0.856,2,1
10,3,27,3,N,nb18,1610,0.09,-1.387,3,1
10,3,27,3,N,nb19,1610,-0.597,-1.775,1,1
10,3,27,3,N,nb20,1610,-0.535,1.865,1,1
10,3,27,3,N,nb21,1610,1.135,-1.866,2,1
10,3,27,3,N,nb22,1610,-1.697,1.731,3,0
10,3,27,3,N,nb23,1610,0.147,-1.547,3,1
10,3,27,3,N,nb24,1610,1.616,-1.865,1,1
10,3,27,3,N,nb25,1610,-1.859,1.681,2,0
10,3,27,3,N,nb26,1610,-0.059,-1.468,4,1
10,3,27,3,N,nb27,1610,0.221,0.918,3,1
10,3,27,3,N,nb28,1610,-0.405,-1.648,2,1
10,3,27,3,N,nb29,1610,-0.017,-1.255,2,1
10,3,27,3,A,aa0,1610,-0.202,0.22,0,0
10,3,27,3,A,aa1,1610,-1.86,1.343,0,0
10,3,27,3,A,aa2,1610,-0.898,1.588,4,1
10,3,27,3,N,nb0,1615,-0.996,1.727,4,0
10,3,27,3,N,nb1,1615,0.169,1.079,3,1
10,3,27,3,N,nb2,1615,-0.698,1.865,3,1
10,3,27,3,N,nb3,1615,0.978,-1.678,2,1
10,3,27,3,N,nb4,1615,0.349,1.055,2,1
10,3,27,3,N,nb5,1615,-0.161,-1.676,3,1
10,3,27,3,N,nb6,1615,-0.883,1.866,4,0
10,3,27,3,N,nb7,1615,-1.092,1.866,2,1
10,3,27,3,N,nb8,1615,-1.459,1.85,1,1
10,3,27,3,N,nb9,1615,-1.064,1.571,1,0
10,3,27,3,N,nb10,1615,-0.061,0.152,0,0
10,3,27,3,N,nb11,1615,0.821,-1.867,1,1
10,3,27,3,N,nb12,1615,-1.472,1.647,2,1
10,3,27,3,N,nb13,1615,-0.792,1.724,3,0
10,3,27,3,N,nb14,1615,0.001,-1.727,2,1
10,3,27,3,N,nb15,1615,1.378,-1.866,2,1
10,3,27,3,N,nb16,1615,-1.801,1.865,2,1
10,3,27,3,N,nb17,1615,0.063,0.856,2,1
10,3,27,3,N,nb18,1615,0.09,-1.387,3,1
10,3,27,3,N,nb19,1615,-0.597,-1.775,1,1
10,3,27,3,N,nb20,1615,-0.529,1.865,1,1
10,3,27,3,N,nb21,1615,1.135,-1.866,2,1
10,3,27,3,N,nb22,1615,-1.698,1.73,3,1
10,3,27,3,N,nb23,1615,0.147,-1.547,3,1
10,3,27,3,N,nb24,1615,1.616,-1.865,1,1
10,3,27,3,N,nb25,1615,-1.865,1.708,2,1
10,3,27,3,N,nb26,1615,-0.059,-1.468,4,1
10,3,27,3,N,nb27,1615,0.221,0.918,3,0
10,3,27,3,N,nb28,1615,-0.405,-1.648,2,1
10,3,27,3,N,nb29,1615,-0.017,-1.255,2,1
10,3,27,3,A,aa0,1615,-0.229,0.132,0,0
10,3,27,3,A,aa1,1615,-1.846,1.435,1,0
10,3,27,3,A,aa2,1615,-0.895,1.59,0,0
10,3,27,3,N,nb0,1620,-0.993,1.729,4,0
10,3,27,3,N,nb1,1620,0.169,1.079,3,1
10,3,27,3,N,nb2,1620,-0.696,1.865,3,1
10,3,27,3,N,nb3,1620,0.978,-1.678,2,1
10,3,27,3,N,nb4,1620,0.349,1.055,2,1
10,3,27,3,N,nb5,1620,-0.161,-1.676,3,1
10,3,27,3,N,nb6,1620,-0.87,1.866,4,0
10,3,27,3,N,nb7,1620,-1.092,1.866,2,1
10,3,27,3,N,nb8,1620,-1.459,1.85,1,1
10,3,27,3,N,nb9,1620,-1.061,1.573,1,0
10,3,27,3,N,nb10,1620,-0.077,0.063,0,0
10,3,27,3,N,nb11,1620,0.821,-1.867,1,1
10,3,27,3,N,nb12,1620,-1.443,1.663,1,0
10,3,27,3,N,nb13,1620,-0.784,1.721,3,0
10,3,27,3,N,nb14,1620,0.001,-1.727,2,1
10,3,27,3,N,nb15,1620,1.378,-1.866,2,1
10,3,27,3,N,nb16,1620,-1.801,1.865,2,1
10,3,27,3,N,nb17,1620,0.063,0.856,2,1
10,3,27,3,N,nb18,1620,0.09,-1.387,3,1
10,3,27,3,N,nb19,1620,-0.597,-1.775,1,1
10,3,27,3,N,nb20,1620,-0.526,1.865,1,1
10,3,27,3,N,nb21,1620,1.135,-1.866,2,1
10,3,27,3,N,nb22,1620,-1.697,1.728,2,0
10,3,27,3,N,nb23,1620,0.147,-1.547,3,1
10,3,27,3,N,nb24,1620,1.616,-1.865,1,1
10,3,27,3,N,nb25,1620,-1.865,1.708,2,0
10,3,27,3,N,nb26,1620,-0.059,-1.468,4,1
10,3,27,3,N,nb27,1620,0.221,0.918,3,1
10,3,27,3,N,nb28,1620,-0.405,-1.648,2,1
10,3,27,3,N,nb29,1620,-0.017,-1.255,2,1
10,3,27,3,A,aa0,1620,-0.245,0.041,0,0
10,3,27,3,A,aa1,1620,-1.822,1.524,0,0
10,3,27,3,A,aa2,1620,-0.892,1.591,0,0
10,3,27,3,N,nb0,1625,-0.992,1.729,4,0
10,3,27,3,N,nb1,1625,0.169,1.079,3,1
10,3,27,3,N,nb2,1625,-0.696,1.865,3,1
10,3,27,3,N,nb3,1625,0.978,-1.678,2,1
10,3,27,3,N,nb4,1625,0.349,1.055,2,1
10,3,27,3,N,nb5,1625,-0.161,-1.676,3,1
10,3,27,3,N,nb6,1625,-0.866,1.866,4,0
10,3,27,3,N,nb7,1625,-1.092,1.866,2,1
10,3,27,3,N,nb8,1625,-1.459,1.85,1,0
10,3,27,3,N,nb9,1625,-1.057,1.572,1,0
10,3,27,3,N,nb10,1625,-0.081,-0.028,0,0
10,3,27,3,N,nb11,1625,0.821,-1.867,1,1
10,3,27,3,N,nb12,1625,-1.359,1.701,1,0
10,3,27,3,N,nb13,1625,-0.778,1.718,3,0
10,3,27,3,N,nb14,1625,0.001,-1.727,2,1
10,3,27,3,N,nb15,1625,1.378,-1.866,2,1
10,3,27,3,N,nb16,1625,-1.798,1.865,2,1
10,3,27,3,N,nb17,1625,0.063,0.856,2,1
10,3,27,3,N,nb18,1625,0.09,-1.387,3,1
10,3,27,3,N,nb19,1625,-0.597,-1.775,1,1
10,3,27,3,N,nb20,1625,-0.526,1.865,1,0
10,3,27,3,N,nb21,1625,1.135,-1.866,2,1
10,3,27,3,N,nb22,1625,-1.697,1.723,2,0
10,3,27,3,N,nb23,1625,0.147,-1.547,3,1
10,3,27,3,N,nb24,1625,1.616,-1.865,1,1
10,3,27,3,N,nb25,1625,-1.865,1.71,2,0
10,3,27,3,N,nb26,1625,-0.059,-1.468,4,1
10,3,27,3,N,nb27,1625,0.221,0.918,3,1
10,3,27,3,N,nb28,1625,-0.405,-1.648,2,1
10,3,27,3,N,nb29,1625,-0.017,-1.255,2,1
10,3,27,3,A,aa0,1625,-0.254,-0.052,0,0
10,3,27,3,A,aa1,1625,-1.793,1.557,0,0
10,3,27,3,A,aa2,1625,-0.882,1.583,4,1
10,3,27,3,N,nb0,1630,-0.986,1.734,4,0
10,3,27,3,N,nb1,1630,0.169,1.079,3,1
10,3,27,3,N,nb2,1630,-0.696,1.865,3,1
10,3,27,3,N,nb3,1630,0.978,-1.678,2,1
10,3,27,3,N,nb4,1630,0.349,1.055,2,1
10,3,27,3,N,nb5,1630,-0.161,-1.676,3,1
10,3,27,3,N,nb6,1630,-0.866,1.866,4,0
10,3,27,3,N,nb7,1630,-1.092,1.866,2,1
10,3,27,3,N,nb8,1630,-1.459,1.85,1,1
10,3,27,3,N,nb9,1630,-1.052,1.578,1,0
10,3,27,3,N,nb10,1630,-0.074,-0.12,0,0
10,3,27,3,N,nb11,1630,0.821,-1.867,1,1
10,3,27,3,N,nb12,1630,-1.303,1.721,1,1
10,3,27,3,N,nb13,1630,-0.766,1.712,3,0
10,3,27,3,N,nb14,1630,0.001,-1.727,2,1
10,3,27,3,N,nb15,1630,1.378,-1.866,2,1
10,3,27,3,N,nb16,1630,-1.798,1.865,2,1
10,3,27,3,N,nb17,1630,0.063,0.856,2,1
10,3,27,3,N,nb18,1630,0.09,-1.387,3,1
10,3,27,3,N,nb19,1630,-0.597,-1.775,1,1
10,3,27,3,N,nb20,1630,-0.526,1.865,1,1
10,3,27,3,N,nb21,1630,1.135,-1.866,2,1
10,3,27,3,N,nb22,1630,-1.695,1.715,2,1
10,3,27,3,N,nb23,1630,0.147,-1.547,3,1
10,3,27,3,N,nb24,1630,1.616,-1.865,1,1
10,3,27,3,N,nb25,1630,-1.865,1.71,2,1
10,3,27,3,N,nb26,1630,-0.059,-1.468,4,1
10,3,27,3,N,nb27,1630,0.221,0.918,3,1
10,3,27,3,N,nb28,1630,-0.405,-1.648,2,1
10,3,27,3,N,nb29,1630,-0.017,-1.255,2,1
10,3,27,3,A,aa0,1630,-0.272,-0.144,0,0
10,3,27,3,A,aa1,1630,-1.776,1.566,3,1
10,3,27,3,A,aa2,1630,-0.855,1.567,0,0
10,3,27,3,N,nb0,1635,-0.996,1.727,3,0
10,3,27,3,N,nb1,1635,0.169,1.079,3,1
10,3,27,3,N,nb2,1635,-0.696,1.865,3,1
10,3,27,3,N,nb3,1635,0.978,-1.678,2,1
10,3,27,3,N,nb4,1635,0.349,1.055,2,1
10,3,27,3,N,nb5,1635,-0.161,-1.676,3,1
10,3,27,3,N,nb6,1635,-0.866,1.866,4,0
10,3,27,3,N,nb7,1635,-1.092,1.866,3,1
10,3,27,3,N,nb8,1635,-1.459,1.85,1,1
10,3,27,3,N,nb9,1635,-1.062,1.571,1,0
10,3,27,3,N,nb10,1635,-0.057,-0.211,0,0
10,3,27,3,N,nb11,1635,0.821,-1.867,1,0
10,3,27,3,N,nb12,1635,-1.253,1.735,2,0
10,3,27,3,N,nb13,1635,-0.719,1.698,2,0
10,3,27,3,N,nb14,1635,0.001,-1.727,2,1
10,3,27,3,N,nb15,1635,1.378,-1.866,2,1
10,3,27,3,N,nb16,1635,-1.798,1.865,2,1
10,3,27,3,N,nb17,1635,0.063,0.856,2,1
10,3,27,3,N,nb18,1635,0.09,-1.387,3,1
10,3,27,3,N,nb19,1635,-0.597,-1.775,1,1
10,3,27,3,N,nb20,1635,-0.526,1.865,1,1
10,3,27,3,N,nb21,1635,1.135,-1.866,2,1
10,3,27,3,N,nb22,1635,-1.694,1.714,2,0
10,3,27,3,N,nb23,1635,0.147,-1.547,3,1
10,3,27,3,N,nb24,1635,1.616,-1.865,1,1
10,3,27,3,N,nb25,1635,-1.864,1.709,2,0
10,3,27,3,N,nb26,1635,-0.059,-1.468,4,1
10,3,27,3,N,nb27,1635,0.221,0.918,3,1
10,3,27,3,N,nb28,1635,-0.405,-1.648,2,1
10,3,27,3,N,nb29,1635,-0.017,-1.255,2,1
10,3,27,3,A,aa0,1635,-0.298,-0.235,0,0
10,3,27,3,A,aa1,1635,-1.774,1.565,0,0
10,3,27,3,A,aa2,1635,-0.803,1.551,0,0
10,3,27,3,N,nb0,1640,-0.998,1.725,4,0
10,3,27,3,N,nb1,1640,0.169,1.079,3,1
10,3,27,3,N,nb2,1640,-0.696,1.865,3,1
10,3,27,3,N,nb3,1640,0.978,-1.678,2,1
10,3,27,3,N,nb4,1640,0.349,1.055,2,1
10,3,27,3,N,nb5,1640,-0.161,-1.676,3,1
10,3,27,3,N,nb6,1640,-0.866,1.866,4,0
10,3,27,3,N,nb7,1640,-1.092,1.866,3,1
10,3,27,3,N,nb8,1640,-1.459,1.85,0,1
10,3,27,3,N,nb9,1640,-1.065,1.57,2,0
10,3,27,3,N,nb10,1640,-0.03,-0.302,0,0
10,3,27,3,N,nb11,1640,0.821,-1.867,1,1
10,3,27,3,N,nb12,1640,-1.2,1.736,3,0
10,3,27,3,N,nb13,1640,-0.698,1.696,3,0
10,3,27,3,N,nb14,1640,0.001,-1.727,2,1
10,3,27,3,N,nb15,1640,1.378,-1.866,2,1
10,3,27,3,N,nb16,1640,-1.798,1.865,2,1
10,3,27,3,N,nb17,1640,0.063,0.856,2,1
10,3,27,3,N,nb18,1640,0.09,-1.387,3,1
10,3,27,3,N,nb19,1640,-0.597,-1.775,1,1
10,3,27,3,N,nb20,1640,-0.526,1.865,2,1
10,3,27,3,N,nb21,1640,1.135,-1.866,2,1
10,3,27,3,N,nb22,1640,-1.684,1.707,2,0
10,3,27,3,N,nb23,1640,0.147,-1.547,3,1
10,3,27,3,N,nb24,1640,1.616,-1.865,1,1
10,3,27,3,N,nb25,1640,-1.865,1.709,2,0
10,3,27,3,N,nb26,1640,-0.059,-1.468,4,1
10,3,27,3,N,nb27,1640,0.221,0.918,3,1
10,3,27,3,N,nb28,1640,-0.405,-1.648,2,1
10,3,27,3,N,nb29,1640,-0.017,-1.255,2,1
10,3,27,3,A,aa0,1640,-0.332,-0.325,0,0
10,3,27,3,A,aa1,1640,-1.763,1.557,0,0
10,3,27,3,A,aa2,1640,-0.734,1.53,4,1
10,3,27,3,N,nb0,1645,-1.007,1.72,4,0
10,3,27,3,N,nb1,1645,0.169,1.079,3,1
10,3,27,3,N,nb2,1645,-0.696,1.865,3,1
10,3,27,3,N,nb3,1645,0.978,-1.678,2,1
10,3,27,3,N,nb4,1645,0.349,1.055,2,1
10,3,27,3,N,nb5,1645,-0.161,-1.676,3,1
10,3,27,3,N,nb6,1645,-0.878,1.866,3,0
10,3,27,3,N,nb7,1645,-1.092,1.866,3,1
10,3,27,3,N,nb8,1645,-1.459,1.85,0,1
10,3,27,3,N,nb9,1645,-1.093,1.574,2,0
10,3,27,3,N,nb10,1645,0.001,-0.398,0,0
10,3,27,3,N,nb11,1645,0.821,-1.867,1,1
10,3,27,3,N,nb12,1645,-1.187,1.726,3,0
10,3,27,3,N,nb13,1645,-0.623,1.712,2,0
10,3,27,3,N,nb14,1645,0.001,-1.727,2,1
10,3,27,3,N,nb15,1645,1.378,-1.866,2,1
10,3,27,3,N,nb16,1645,-1.798,1.865,2,0
10,3,27,3,N,nb17,1645,0.063,0.856,2,1
10,3,27,3,N,nb18,1645,0.09,-1.387,3,1
10,3,27,3,N,nb19,1645,-0.597,-1.775,1,1
10,3,27,3,N,nb20,1645,-0.526,1.865,2,1
10,3,27,3,N,nb21,1645,1.135,-1.866,2,1
10,3,27,3,N,nb22,1645,-1.675,1.702,2,0
10,3,27,3,N,nb23,1645,0.147,-1.547,3,1
10,3,27,3,N,nb24,1645,1.616,-1.865,1,1
10,3,27,3,N,nb25,1645,-1.865,1.71,2,0
10,3,27,3,N,nb26,1645,-0.059,-1.468,4,1
10,3,27,3,N,nb27,1645,0.221,0.918,3,1
10,3,27,3,N,nb28,1645,-0.405,-1.648,2,1
10,3,27,3,N,nb29,1645,-0.017,-1.255,2,1
10,3,27,3,A,aa0,1645,-0.369,-0.418,0,0
10,3,27,3,A,aa1,1645,-1.744,1.548,4,1
10,3,27,3,A,aa2,1645,-0.643,1.514,0,0
10,3,27,3,N,nb0,1650,-1.001,1.723,4,1
10,3,27,3,N,nb1,1650,0.169,1.079,3,1
10,3,27,3,N,nb2,1650,-0.696,1.865,3,1
10,3,27,3,N,nb3,1650,0.978,-1.678,2,1
10,3,27,3,N,nb4,1650,0.349,1.055,2,1
10,3,27,3,N,nb5,1650,-0.161,-1.676,3,1
10,3,27,3,N,nb6,1650,-0.903,1.866,3,1
10,3,27,3,N,nb7,1650,-1.092,1.866,3,1
10,3,27,3,N,nb8,1650,-1.459,1.85,0,1
10,3,27,3,N,nb9,1650,-1.094,1.581,2,1
10,3,27,3,N,nb10,1650,0.032,-0.493,0,0
10,3,27,3,N,nb11,1650,0.821,-1.867,1,1
10,3,27,3,N,nb12,1650,-1.184,1.724,3,0
10,3,27,3,N,nb13,1650,-0.58,1.705,2,1
10,3,27,3,N,nb14,1650,0.001,-1.727,2,1
10,3,27,3,N,nb15,1650,1.378,-1.866,2,1
10,3,27,3,N,nb16,1650,-1.799,1.865,2,0
10,3,27,3,N,nb17,1650,0.063,0.856,2,1
10,3,27,3,N,nb18,1650,0.09,-1.387,3,1
10,3,27,3,N,nb19,1650,-0.597,-1.775,1,1
10,3,27,3,N,nb20,1650,-0.524,1.865,2,1
10,3,27,3,N,nb21,1650,1.135,-1.866,2,1
10,3,27,3,N,nb22,1650,-1.651,1.688,2,0
10,3,27,3,N,nb23,1650,0.147,-1.547,3,1
10,3,27,3,N,nb24,1650,1.616,-1.865,1,1
10,3,27,3,N,nb25,1650,-1.865,1.709,2,0
10,3,27,3,N,nb26,1650,-0.059,-1.468,4,1
10,3,27,3,N,nb27,1650,0.221,0.918,3,1
10,3,27,3,N,nb28,1650,-0.405,-1.648,2,1
10,3,27,3,N,nb29,1650,-0.017,-1.255,2,1
10,3,27,3,A,aa0,1650,-0.406,-0.511,0,0
10,3,27,3,A,aa1,1650,-1.713,1.53,0,0
10,3,27,3,A,aa2,1650,-0.554,1.489,0,0
10,3,27,3,N,nb0,1655,-1.0,1.724,4,0
10,3,27,3,N,nb1,1655,0.169,1.079,3,1
10,3,27,3,N,nb2,1655,-0.696,1.865,3,1
10,3,27,3,N,nb3,1655,0.978,-1.678,2,1
10,3,27,3,N,nb4,1655,0.349,1.055,2,1
10,3,27,3,N,nb5,1655,-0.161,-1.676,3,1
10,3,27,3,N,nb6,1655,-0.908,1.866,3,0
10,3,27,3,N,nb7,1655,-1.092,1.866,3,1
10,3,27,3,N,nb8,1655,-1.459,1.85,1,1
10,3,27,3,N,nb9,1655,-1.081,1.575,2,0
10,3,27,3,N,nb10,1655,0.063,-0.588,0,0
10,3,27,3,N,nb11,1655,0.821,-1.867,1,1
10,3,27,3,N,nb12,1655,-1.172,1.717,3,0
10,3,27,3,N,nb13,1655,-0.571,1.702,2,0
10,3,27,3,N,nb14,1655,0.001,-1.727,2,1
10,3,27,3,N,nb15,1655,1.378,-1.866,2,1
10,3,27,3,N,nb16,1655,-1.78,1.865,1,0
10,3,27,3,N,nb17,1655,0.063,0.856,2,1
10,3,27,3,N,nb18,1655,0.09,-1.387,3,1
10,3,27,3,N,nb19,1655,-0.597,-1.775,1,1
10,3,27,3,N,nb20,1655,-0.524,1.865,2,1
10,3,27,3,N,nb21,1655,1.135,-1.866,2,1
10,3,27,3,N,nb22,1655,-1.614,1.66,1,0
10,3,27,3,N,nb23,1655,0.147,-1.547,3,1
10,3,27,3,N,nb24,1655,1.616,-1.865,1,1
10,3,27,3,N,nb25,1655,-1.865,1.718,1,0
10,3,27,3,N,nb26,1655,-0.059,-1.468,4,1
10,3,27,3,N,nb27,1655,0.221,0.918,3,1
10,3,27,3,N,nb28,1655,-0.405,-1.648,2,1
10,3,27,3,N,nb29,1655,-0.017,-1.255,2,1
10,3,27,3,A,aa0,1655,-0.443,-0.604,0,0
10,3,27,3,A,aa1,1655,-1.671,1.501,0,0
10,3,27,3,A,aa2,1655,-0.48,1.462,0,0
10,3,27,3,N,nb0,1660,-1.004,1.722,4,0
10,3,27,3,N,nb1,1660,0.169,1.079,3,0
10,3,27,3,N,nb2,1660,-0.696,1.865,2,1
10,3,27,3,N,nb3,1660,0.978,-1.678,2,1
10,3,27,3,N,nb4,1660,0.349,1.055,2,1
10,3,27,3,N,nb5,1660,-0.161,-1.676,3,1
10,3,27,3,N,nb6,1660,-0.915,1.866,3,0
10,3,27,3,N,nb7,1660,-1.092,1.866,3,1
10,3,27,3,N,nb8,1660,-1.459,1.85,1,1
10,3,27,3,N,nb9,1660,-1.086,1.573,2,0
10,3,27,3,N,nb10,1660,0.094,-0.683,0,0
10,3,27,3,N,nb11,1660,0.821,-1.867,1,1
10,3,27,3,N,nb12,1660,-1.174,1.718,3,0
10,3,27,3,N,nb13,1660,-0.493,1.697,1,0
10,3,27,3,N,nb14,1660,0.001,-1.727,2,1
10,3,27,3,N,nb15,1660,1.378,-1.866,2,1
10,3,27,3,N,nb16,1660,-1.776,1.865,1,1
10,3,27,3,N,nb17,1660,0.063,0.856,2,1
10,3,27,3,N,nb18,1660,0.09,-1.387,3,1
10,3,27,3,N,nb19,1660,-0.597,-1.775,1,1
10,3,27,3,N,nb20,1660,-0.524,1.865,2,1
10,3,27,3,N,nb21,1660,1.135,-1.866,2,1
10,3,27,3,N,nb22,1660,-1.603,1.654,1,0
10,3,27,3,N,nb23,1660,0.147,-1.547,3,1
10,3,27,3,N,nb24,1660,1.616,-1.865,1,1
10,3,27,3,N,nb25,1660,-1.865,1.721,1,0
10,3,27,3,N,nb26,1660,-0.059,-1.468,4,1
10,3,27,3,N,nb27,1660,0.221,0.918,3,1
10,3,27,3,N,nb28,1660,-0.405,-1.648,2,1
10,3,27,3,N,nb29,1660,-0.017,-1.255,2,1
10,3,27,3,A,aa0,1660,-0.48,-0.696,0,0
10,3,27,3,A,aa1,1660,-1.601,1.484,3,1
10,3,27,3,A,aa2,1660,-0.48,1.462,1,0
10,3,27,3,N,nb0,1665,-1.004,1.721,4,1
10,3,27,3,N,nb1,1665,0.169,1.079,3,1
10,3,27,3,N,nb2,1665,-0.696,1.865,2,1
10,3,27,3,N,nb3,1665,0.978,-1.678,2,1
10,3,27,3,N,nb4,1665,0.349,1.055,2,1
10,3,27,3,N,nb5,1665,-0.161,-1.676,3,1
10,3,27,3,N,nb6,1665,-0.917,1.866,3,1
10,3,27,3,N,nb7,1665,-1.092,1.866,3,1
10,3,27,3,N,nb8,1665,-1.459,1.85,0,1
10,3,27,3,N,nb9,1665,-1.088,1.573,2,1
10,3,27,3,N,nb10,1665,0.125,-0.778,0,0
10,3,27,3,N,nb11,1665,0.821,-1.867,1,1
10,3,27,3,N,nb12,1665,-1.174,1.718,3,0
10,3,27,3,N,nb13,1665,-0.415,1.7,1,1
10,3,27,3,N,nb14,1665,0.001,-1.727,2,1
10,3,27,3,N,nb15,1665,1.378,-1.866,2,1
10,3,27,3,N,nb16,1665,-1.767,1.865,1,1
10,3,27,3,N,nb17,1665,0.063,0.856,2,1
10,3,27,3,N,nb18,1665,0.09,-1.387,3,1
10,3,27,3,N,nb19,1665,-0.597,-1.775,1,1
10,3,27,3,N,nb20,1665,-0.524,1.865,2,1
10,3,27,3,N,nb21,1665,1.135,-1.866,2,1
10,3,27,3,N,nb22,1665,-1.596,1.625,0,0
10,3,27,3,N,nb23,1665,0.147,-1.547,3,1
10,3,27,3,N,nb24,1665,1.616,-1.865,1,1
10,3,27,3,N,nb25,1665,-1.865,1.727,1,0
10,3,27,3,N,nb26,1665,-0.059,-1.468,4,1
10,3,27,3,N,nb27,1665,0.221,0.918,3,1
10,3,27,3,N,nb28,1665,-0.405,-1.648,2,1
10,3,27,3,N,nb29,1665,-0.017,-1.255,2,1
10,3,27,3,A,aa0,1665,-0.517,-0.789,0,0
10,3,27,3,A,aa1,1665,-1.508,1.479,1,0
10,3,27,3,A,aa2,1665,-0.442,1.495,1,0
10,3,27,3,N,nb0,1670,-1.004,1.721,4,1
10,3,27,3,N,nb1,1670,0.169,1.079,3,1
10,3,27,3,N,nb2,1670,-0.696,1.865,2,1
10,3,27,3,N,nb3,1670,0.978,-1.678,2,1
10,3,27,3,N,nb4,1670,0.349,1.055,2,1
10,3,27,3,N,nb5,1670,-0.161,-1.676,3,1
10,3,27,3,N,nb6,1670,-0.917,1.866,3,1
10,3,27,3,N,nb7,1670,-1.092,1.866,3,1
10,3,27,3,N,nb8,1670,-1.459,1.85,0,0
10,3,27,3,N,nb9,1670,-1.088,1.573,2,0
10,3,27,3,N,nb10,1670,0.156,-0.873,0,0
10,3,27,3,N,nb11,1670,0.821,-1.867,1,1
10,3,27,3,N,nb12,1670,-1.174,1.718,3,1
10,3,27,3,N,nb13,1670,-0.414,1.704,1,1
10,3,27,3,N,nb14,1670,0.001,-1.727,2,1
10,3,27,3,N,nb15,1670,1.378,-1.866,2,1
10,3,27,3,N,nb16,1670,-1.757,1.865,1,0
10,3,27,3,N,nb17,1670,0.063,0.856,2,1
10,3,27,3,N,nb18,1670,0.09,-1.387,3,1
10,3,27,3,N,nb19,1670,-0.597,-1.775,1,1
10,3,27,3,N,nb20,1670,-0.524,1.865,2,1
10,3,27,3,N,nb21,1670,1.135,-1.866,2,1
10,3,27,3,N,nb22,1670,-1.62,1.539,0,0
10,3,27,3,N,nb23,1670,0.147,-1.547,3,1
10,3,27,3,N,nb24,1670,1.616,-1.865,1,1
10,3,27,3,N,nb25,1670,-1.865,1.734,1,1
10,3,27,3,N,nb26,1670,-0.059,-1.468,4,1
10,3,27,3,N,nb27,1670,0.221,0.918,3,1
10,3,27,3,N,nb28,1670,-0.405,-1.648,2,1
10,3,27,3,N,nb29,1670,-0.017,-1.255,2,1
10,3,27,3,A,aa0,1670,-0.554,-0.882,0,0
10,3,27,3,A,aa1,1670,-1.412,1.467,3,1
10,3,27,3,A,aa2,1670,-0.369,1.541,1,0
10,3,27,3,N,nb0,1675,-1.004,1.721,4,1
10,3,27,3,N,nb1,1675,0.169,1.079,3,1
10,3,27,3,N,nb2,1675,-0.696,1.865,2,1
10,3,27,3,N,nb3,1675,0.978,-1.678,2,1
10,3,27,3,N,nb4,1675,0.349,1.055,2,1
10,3,27,3,N,nb5,1675,-0.161,-1.676,3,1
10,3,27,3,N,nb6,1675,-0.917,1.866,3,1
10,3,27,3,N,nb7,1675,-1.092,1.866,3,1
10,3,27,3,N,nb8,1675,-1.528,1.834,1,0
10,3,27,3,N,nb9,1675,-1.103,1.58,2,0
10,3,27,3,N,nb10,1675,0.187,-0.968,0,0
10,3,27,3,N,nb11,1675,0.821,-1.867,1,1
10,3,27,3,N,nb12,1675,-1.188,1.726,3,0
10,3,27,3,N,nb13,1675,-0.414,1.707,1,1
10,3,27,3,N,nb14,1675,0.001,-1.727,2,1
10,3,27,3,N,nb15,1675,1.378,-1.866,2,1
10,3,27,3,N,nb16,1675,-1.764,1.865,2,0
10,3,27,3,N,nb17,1675,0.063,0.856,2,1
10,3,27,3,N,nb18,1675,0.09,-1.387,3,0
10,3,27,3,N,nb19,1675,-0.597,-1.775,1,1
10,3,27,3,N,nb20,1675,-0.524,1.865,2,1
10,3,27,3,N,nb21,1675,1.135,-1.866,2,1
10,3,27,3,N,nb22,1675,-1.656,1.451,0,0
10,3,27,3,N,nb23,1675,0.147,-1.547,3,0
10,3,27,3,N,nb24,1675,1.616,-1.865,1,1
10,3,27,3,N,nb25,1675,-1.865,1.729,1,0
10,3,27,3,N,nb26,1675,-0.059,-1.468,4,1
10,3,27,3,N,nb27,1675,0.221,0.918,3,1
10,3,27,3,N,nb28,1675,-0.405,-1.648,2,1
10,3,27,3,N,nb29,1675,-0.017,-1.255,2,1
10,3,27,3,A,aa0,1675,-0.591,-0.975,0,0
10,3,27,3,A,aa1,1675,-1.316,1.452,0,0
10,3,27,3,A,aa2,1675,-0.286,1.579,1,0
10,3,27,3,N,nb0,1680,-1.004,1.721,4,1
10,3,27,3,N,nb1,1680,0.169,1.079,3,1
10,3,27,3,N,nb2,1680,-0.696,1.865,2,1
10,3,27,3,N,nb3,1680,0.978,-1.678,2,1
10,3,27,3,N,nb4,1680,0.349,1.055,2,1
10,3,27,3,N,nb5,1680,-0.161,-1.676,3,1
10,3,27,3,N,nb6,1680,-0.917,1.866,3,1
10,3,27,3,N,nb7,1680,-1.092,1.866,3,1
10,3,27,3,N,nb8,1680,-1.612,1.806,1,0
10,3,27,3,N,nb9,1680,-1.176,1.61,2,0
10,3,27,3,N,nb10,1680,0.218,-1.063,0,0
10,3,27,3,N,nb11,1680,0.821,-1.867,1,1
10,3,27,3,N,nb12,1680,-1.231,1.77,3,0
10,3,27,3,N,nb13,1680,-0.414,1.707,1,1
10,3,27,3,N,nb14,1680,0.001,-1.727,2,1
10,3,27,3,N,nb15,1680,1.378,-1.866,2,1
10,3,27,3,N,nb16,1680,-1.77,1.865,2,0
10,3,27,3,N,nb17,1680,0.063,0.856,2,1
10,3,27,3,N,nb18,1680,0.09,-1.387,3,1
10,3,27,3,N,nb19,1680,-0.597,-1.775,1,1
10,3,27,3,N,nb20,1680,-0.524,1.865,2,1
10,3,27,3,N,nb21,1680,1.135,-1.866,2,1
10,3,27,3,N,nb22,1680,-1.697,1.36,0,0
10,3,27,3,N,nb23,1680,0.147,-1.547,3,1
10,3,27,3,N,nb24,1680,1.616,-1.865,1,1
10,3,27,3,N,nb25,1680,-1.865,1.725,1,0
10,3,27,3,N,nb26,1680,-0.059,-1.468,4,1
10,3,27,3,N,nb27,1680,0.221,0.918,3,1
10,3,27,3,N,nb28,1680,-0.405,-1.648,2,1
10,3,27,3,N,nb29,1680,-0.017,-1.255,2,1
10,3,27,3,A,aa0,1680,-0.628,-1.068,0,0
10,3,27,3,A,aa1,1680,-1.229,1.43,0,0
10,3,27,3,A,aa2,1680,-0.197,1.612,1,0
10,3,27,3,N,nb0,1685,-1.004,1.721,4,0
10,3,27,3,N,nb1,1685,0.169,1.079,3,1
10,3,27,3,N,nb2,1685,-0.696,1.865,2,1
10,3,27,3,N,nb3,1685,0.978,-1.678,2,1
10,3,27,3,N,nb4,1685,0.349,1.055,2,1
10,3,27,3,N,nb5,1685,-0.161,-1.676,3,1
10,3,27,3,N,nb6,1685,-0.917,1.866,3,1
10,3,27,3,N,nb7,1685,-1.092,1.866,3,1
10,3,27,3,N,nb8,1685,-1.62,1.8,1,1
10,3,27,3,N,nb9,1685,-1.196,1.616,2,0
10,3,27,3,N,nb10,1685,0.249,-1.158,0,0
10,3,27,3,N,nb11,1685,0.821,-1.867,1,1
10,3,27,3,N,nb12,1685,-1.239,1.782,3,1
10,3,27,3,N,nb13,1685,-0.414,1.707,1,1
10,3,27,3,N,nb14,1685,0.001,-1.727,2,1
10,3,27,3,N,nb15,1685,1.378,-1.866,2,1
10,3,27,3,N,nb16,1685,-1.776,1.865,2,1
10,3,27,3,N,nb17,1685,0.063,0.856,2,1
10,3,27,3,N,nb18,1685,0.09,-1.387,3,1
10,3,27,3,N,nb19,1685,-0.597,-1.775,1,1
10,3,27,3,N,nb20,1685,-0.524,1.865,2,1
10,3,27,3,N,nb21,1685,1.135,-1.866,2,1
10,3,27,3,N,nb22,1685,-1.738,1.268,0,0
10,3,27,3,N,nb23,1685,0.147,-1.547,3,1
10,3,27,3,N,nb24,1685,1.616,-1.865,1,1
10,3,27,3,N,nb25,1685,-1.865,1.721,1,1
10,3,27,3,N,nb26,1685,-0.059,-1.468,4,1
10,3,27,3,N,nb27,1685,0.221,0.918,3,1
10,3,27,3,N,nb28,1685,-0.405,-1.648,2,1
10,3,27,3,N,nb29,1685,-0.017,-1.255,2,0
10,3,27,3,A,aa0,1685,-0.665,-1.161,0,0
10,3,27,3,A,aa1,1685,-1.142,1.396,2,0
10,3,27,3,A,aa2,1685,-0.103,1.641,2,0
10,3,27,3,N,nb0,1690,-1.004,1.721,2,0
10,3,27,3,N,nb1,1690,0.169,1.079,3,1
10,3,27,3,N,nb2,1690,-0.696,1.865,2,1
10,3,27,3,N,nb3,1690,0.978,-1.678,2,1
10,3,27,3,N,nb4,1690,0.349,1.055,2,1
10,3,27,3,N,nb5,1690,-0.161,-1.676,3,1
10,3,27,3,N,nb6,1690,-0.917,1.866,3,1
10,3,27,3,N,nb7,1690,-1.092,1.866,3,1
10,3,27,3,N,nb8,1690,-1.62,1.8,1,1
10,3,27,3,N,nb9,1690,-1.274,1.626,1,0
10,3,27,3,N,nb10,1690,0.267,-1.214,1,1
10,3,27,3,N,nb11,1690,0.821,-1.867,1,1
10,3,27,3,N,nb12,1690,-1.246,1.793,2,1
10,3,27,3,N,nb13,1690,-0.414,1.707,1,1
10,3,27,3,N,nb14,1690,0.001,-1.727,2,1
10,3,27,3,N,nb15,1690,1.378,-1.866,2,1
10,3,27,3,N,nb16,1690,-1.776,1.865,2,1
10,3,27,3,N,nb17,1690,0.063,0.856,2,1
10,3,27,3,N,nb18,1690,0.09,-1.387,4,1
10,3,27,3,N,nb19,1690,-0.597,-1.775,1,1
10,3,27,3,N,nb20,1690,-0.524,1.865,2,1
10,3,27,3,N,nb21,1690,1.135,-1.866,2,1
10,3,27,3,N,nb22,1690,-1.778,1.179,0,0
10,3,27,3,N,nb23,1690,0.147,-1.547,3,1
10,3,27,3,N,nb24,1690,1.616,-1.865,1,1
10,3,27,3,N,nb25,1690,-1.865,1.721,1,1
10,3,27,3,N,nb26,1690,-0.059,-1.468,4,1
10,3,27,3,N,nb27,1690,0.221,0.918,3,1
10,3,27,3,N,nb28,1690,-0.405,-1.648,2,1
10,3,27,3,N,nb29,1690,-0.017,-1.255,2,1
10,3,27,3,A,aa0,1690,-0.702,-1.254,2,0
10,3,27,3,A,aa1,1690,-1.054,1.354,1,0
10,3,27,3,A,aa2,1690,-0.007,1.669,2,0
10,3,27,3,N,nb0,1695,-1.004,1.721,2,1
10,3,27,3,N,nb1,1695,0.169,1.079,3,1
10,3,27,3,N,nb2,1695,-0.696,1.865,2,1
10,3,27,3,N,nb3,1695,0.978,-1.678,2,1
10,3,27,3,N,nb4,1695,0.349,1.055,2,1
10,3,27,3,N,nb5,1695,-0.161,-1.676,3,1
10,3,27,3,N,nb6,1695,-0.917,1.866,3,1
10,3,27,3,N,nb7,1695,-1.092,1.866,3,1
10,3,27,3,N,nb8,1695,-1.62,1.8,1,1
10,3,27,3,N,nb9,1695,-1.367,1.637,1,1
10,3,27,3,N,nb10,1695,0.267,-1.214,1,1
10,3,27,3,N,nb11,1695,0.821,-1.867,1,1
10,3,27,3,N,nb12,1695,-1.246,1.794,2,1
10,3,27,3,N,nb13,1695,-0.414,1.707,1,1
10,3,27,3,N,nb14,1695,0.001,-1.727,2,1
10,3,27,3,N,nb15,1695,1.378,-1.866,2,1
10,3,27,3,N,nb16,1695,-1.776,1.865,2,1
10,3,27,3,N,nb17,1695,0.063,0.856,2,1
10,3,27,3,N,nb18,1695,0.09,-1.387,4,1
10,3,27,3,N,nb19,1695,-0.597,-1.775,1,1
10,3,27,3,N,nb20,1695,-0.524,1.865,2,1
10,3,27,3,N,nb21,1695,1.135,-1.866,2,1
10,3,27,3,N,nb22,1695,-1.808,1.094,0,0
10,3,27,3,N,nb23,1695,0.147,-1.547,3,1
10,3,27,3,N,nb24,1695,1.616,-1.865,1,1
10,3,27,3,N,nb25,1695,-1.865,1.721,1,1
10,3,27,3,N,nb26,1695,-0.059,-1.468,4,1
10,3,27,3,N,nb27,1695,0.221,0.918,3,1
10,3,27,3,N,nb28,1695,-0.405,-1.648,2,1
10,3,27,3,N,nb29,1695,-0.017,-1.255,2,1
10,3,27,3,A,aa0,1695,-0.739,-1.347,2,0
10,3,27,3,A,aa1,1695,-0.964,1.31,1,0
10,3,27,3,A,aa2,1695,0.089,1.697,1,0
10,3,27,3,N,nb0,1700,-1.003,1.722,2,0
10,3,27,3,N,nb1,1700,0.169,1.079,3,1
10,3,27,3,N,nb2,1700,-0.696,1.865,2,1
10,3,27,3,N,nb3,1700,0.978,-1.678,2,1
10,3,27,3,N,nb4,1700,0.349,1.055,2,1
10,3,27,3,N,nb5,1700,-0.161,-1.676,3,1
10,3,27,3,N,nb6,1700,-0.913,1.866,3,0
10,3,27,3,N,nb7,1700,-1.092,1.866,3,1
10,3,27,3,N,nb8,1700,-1.62,1.8,1,1
10,3,27,3,N,nb9,1700,-1.386,1.638,1,0
10,3,27,3,N,nb10,1700,0.267,-1.214,1,1
10,3,27,3,N,nb11,1700,0.821,-1.867,1,1
10,3,27,3,N,nb12,1700,-1.246,1.794,2,1
10,3,27,3,N,nb13,1700,-0.414,1.707,1,1
10,3,27,3,N,nb14,1700,0.001,-1.727,2,1
10,3,27,3,N,nb15,1700,1.378,-1.866,2,1
10,3,27,3,N,nb16,1700,-1.776,1.865,2,1
10,3,27,3,N,nb17,1700,0.063,0.856,2,1
10,3,27,3,N,nb18,1700,0.09,-1.387,4,1
10,3,27,3,N,nb19,1700,-0.597,-1.775,1,1
10,3,27,3,N,nb20,1700,-0.524,1.865,2,1
10,3,27,3,N,nb21,1700,1.135,-1.866,2,1
10,3,27,3,N,nb22,1700,-1.827,1.005,0,0
10,3,27,3,N,nb23,1700,0.147,-1.547,3,1
10,3,27,3,N,nb24,1700,1.616,-1.865,1,1
10,3,27,3,N,nb25,1700,-1.865,1.721,1,1
10,3,27,3,N,nb26,1700,-0.059,-1.468,4,1
10,3,27,3,N,nb27,1700,0.221,0.918,3,1
10,3,27,3,N,nb28,1700,-0.405,-1.648,2,1
10,3,27,3,N,nb29,1700,-0.017,-1.255,2,1
10,3,27,3,A,aa0,1700,-0.776,-1.44,1,0
10,3,27,3,A,aa1,1700,-0.875,1.265,0,0
10,3,27,3,A,aa2,1700,0.185,1.725,1,0
10,3,27,3,N,nb0,1705,-0.982,1.738,2,0
10,3,27,3,N,nb1,1705,0.169,1.079,3,1
10,3,27,3,N,nb2,1705,-0.696,1.865,2,1
10,3,27,3,N,nb3,1705,0.978,-1.678,2,1
10,3,27,3,N,nb4,1705,0.349,1.055,2,1
10,3,27,3,N,nb5,1705,-0.161,-1.676,3,1
10,3,27,3,N,nb6,1705,-0.871,1.866,3,0
10,3,27,3,N,nb7,1705,-1.092,1.866,3,1
10,3,27,3,N,nb8,1705,-1.62,1.8,2,1
10,3,27,3,N,nb9,1705,-1.479,1.64,1,0
10,3,27,3,N,nb10,1705,0.267,-1.214,1,1
10,3,27,3,N,nb11,1705,0.821,-1.867,1,1
10,3,27,3,N,nb12,1705,-1.246,1.794,1,1
10,3,27,3,N,nb13,1705,-0.414,1.707,1,1
10,3,27,3,N,nb14,1705,0.001,-1.727,2,1
10,3,27,3,N,nb15,1705,1.378,-1.866,2,1
10,3,27,3,N,nb16,1705,-1.776,1.865,2,1
10,3,27,3,N,nb17,1705,0.063,0.856,2,1
10,3,27,3,N,nb18,1705,0.09,-1.387,4,1
10,3,27,3,N,nb19,1705,-0.597,-1.775,1,1
10,3,27,3,N,nb20,1705,-0.524,1.865,2,1
10,3,27,3,N,nb21,1705,1.135,-1.866,2,1
10,3,27,3,N,nb22,1705,-1.834,0.913,0,0
10,3,27,3,N,nb23,1705,0.147,-1.547,3,1
10,3,27,3,N,nb24,1705,1.616,-1.865,1,1
10,3,27,3,N,nb25,1705,-1.865,1.721,1,1
10,3,27,3,N,nb26,1705,-0.059,-1.468,4,0
10,3,27,3,N,nb27,1705,0.221,0.918,3,1
10,3,27,3,N,nb28,1705,-0.405,-1.648,2,1
10,3,27,3,N,nb29,1705,-0.017,-1.255,2,1
10,3,27,3,A,aa0,1705,-0.813,-1.532,2,0
10,3,27,3,A,aa1,1705,-0.785,1.221,0,0
10,3,27,3,A,aa2,1705,0.281,1.753,0,0
10,3,27,3,N,nb0,1710,-0.975,1.738,2,1
10,3,27,3,N,nb1,1710,0.169,1.079,3,1
10,3,27,3,N,nb2,1710,-0.695,1.865,2,1
10,3,27,3,N,nb3,1710,0.978,-1.678,2,1
10,3,27,3,N,nb4,1710,0.349,1.055,2,1
10,3,27,3,N,nb5,1710,-0.161,-1.676,3,1
10,3,27,3,N,nb6,1710,-0.865,1.866,3,1
10,3,27,3,N,nb7,1710,-1.092,1.866,3,1
10,3,27,3,N,nb8,1710,-1.62,1.8,2,1
10,3,27,3,N,nb9,1710,-1.553,1.634,1,1
10,3,27,3,N,nb10,1710,0.267,-1.214,1,1
10,3,27,3,N,nb11,1710,0.821,-1.867,1,1
10,3,27,3,N,nb12,1710,-1.246,1.794,1,1
10,3,27,3,N,nb13,1710,-0.414,1.707,1,1
10,3,27,3,N,nb14,1710,0.001,-1.727,2,1
10,3,27,3,N,nb15,1710,1.378,-1.866,2,1
10,3,27,3,N,nb16,1710,-1.776,1.865,2,1
10,3,27,3,N,nb17,1710,0.063,0.856,2,1
10,3,27,3,N,nb18,1710,0.09,-1.387,4,1
10,3,27,3,N,nb19,1710,-0.597,-1.775,1,1
10,3,27,3,N,nb20,1710,-0.524,1.865,2,1
10,3,27,3,N,nb21,1710,1.135,-1.866,2,1
10,3,27,3,N,nb22,1710,-1.831,0.821,0,0
10,3,27,3,N,nb23,1710,0.147,-1.547,3,1
10,3,27,3,N,nb24,1710,1.616,-1.865,1,1
10,3,27,3,N,nb25,1710,-1.865,1.721,1,1
10,3,27,3,N,nb26,1710,-0.059,-1.468,4,1
10,3,27,3,N,nb27,1710,0.221,0.918,3,1
10,3,27,3,N,nb28,1710,-0.405,-1.648,2,1
10,3,27,3,N,nb29,1710,-0.017,-1.255,2,1
10,3,27,3,A,aa0,1710,-0.851,-1.625,2,0
10,3,27,3,A,aa1,1710,-0.696,1.176,0,0
10,3,27,3,A,aa2,1710,0.373,1.78,0,0
10,3,27,3,N,nb0,1715,-0.975,1.738,2,1
10,3,27,3,N,nb1,1715,0.169,1.079,3,1
10,3,27,3,N,nb2,1715,-0.695,1.865,2,0
10,3,27,3,N,nb3,1715,0.978,-1.678,2,1
10,3,27,3,N,nb4,1715,0.349,1.055,2,1
10,3,27,3,N,nb5,1715,-0.161,-1.676,3,1
10,3,27,3,N,nb6,1715,-0.865,1.866,3,1
10,3,27,3,N,nb7,1715,-1.092,1.866,3,1
10,3,27,3,N,nb8,1715,-1.62,1.8,2,1
10,3,27,3,N,nb9,1715,-1.553,1.634,1,1
10,3,27,3,N,nb10,1715,0.267,-1.214,1,1
10,3,27,3,N,nb11,1715,0.821,-1.867,1,1
10,3,27,3,N,nb12,1715,-1.246,1.794,1,1
10,3,27,3,N,nb13,1715,-0.414,1.707,1,1
10,3,27,3,N,nb14,1715,0.001,-1.727,2,1
10,3,27,3,N,nb15,1715,1.378,-1.866,2,1
10,3,27,3,N,nb16,1715,-1.776,1.865,2,1
10,3,27,3,N,nb17,1715,0.063,0.856,2,1
10,3,27,3,N,nb18,1715,0.09,-1.387,4,1
10,3,27,3,N,nb19,1715,-0.597,-1.775,1,1
10,3,27,3,N,nb20,1715,-0.524,1.865,2,1
10,3,27,3,N,nb21,1715,1.135,-1.866,2,1
10,3,27,3,N,nb22,1715,-1.819,0.729,0,0
10,3,27,3,N,nb23,1715,0.147,-1.547,3,1
10,3,27,3,N,nb24,1715,1.616,-1.865,1,1
10,3,27,3,N,nb25,1715,-1.865,1.721,1,1
10,3,27,3,N,nb26,1715,-0.059,-1.468,4,1
10,3,27,3,N,nb27,1715,0.221,0.918,3,1
10,3,27,3,N,nb28,1715,-0.405,-1.648,2,1
10,3,27,3,N,nb29,1715,-0.017,-1.255,2,1
10,3,27,3,A,aa0,1715,-0.888,-1.718,2,0
10,3,27,3,A,aa1,1715,-0.606,1.132,0,0
10,3,27,3,A,aa2,1715,0.463,1.796,0,0
10,3,27,3,N,nb0,1720,-0.975,1.738,2,1
10,3,27,3,N,nb1,1720,0.169,1.079,3,1
10,3,27,3,N,nb2,1720,-0.695,1.865,2,1
10,3,27,3,N,nb3,1720,0.978,-1.678,2,1
10,3,27,3,N,nb4,1720,0.349,1.055,2,1
10,3,27,3,N,nb5,1720,-0.161,-1.676,3,1
10,3,27,3,N,nb6,1720,-0.865,1.866,3,1
10,3,27,3,N,nb7,1720,-1.092,1.866,3,0
10,3,27,3,N,nb8,1720,-1.62,1.8,2,1
10,3,27,3,N,nb9,1720,-1.553,1.634,1,1
10,3,27,3,N,nb10,1720,0.267,-1.214,1,1
10,3,27,3,N,nb11,1720,0.821,-1.867,1,1
10,3,27,3,N,nb12,1720,-1.246,1.794,1,1
10,3,27,3,N,nb13,1720,-0.414,1.707,1,1
10,3,27,3,N,nb14,1720,0.001,-1.727,2,1
10,3,27,3,N,nb15,1720,1.378,-1.866,2,1
10,3,27,3,N,nb16,1720,-1.776,1.865,2,1
10,3,27,3,N,nb17,1720,0.063,0.856,2,1
10,3,27,3,N,nb18,1720,0.09,-1.387,4,1
10,3,27,3,N,nb19,1720,-0.597,-1.775,1,1
10,3,27,3,N,nb20,1720,-0.524,1.865,2,1
10,3,27,3,N,nb21,1720,1.135,-1.866,2,1
10,3,27,3,N,nb22,1720,-1.797,0.638,0,0
10,3,27,3,N,nb23,1720,0.147,-1.547,3,1
10,3,27,3,N,nb24,1720,1.616,-1.865,1,1
10,3,27,3,N,nb25,1720,-1.865,1.721,1,1
10,3,27,3,N,nb26,1720,-0.059,-1.468,4,1
10,3,27,3,N,nb27,1720,0.221,0.918,3,1
10,3,27,3,N,nb28,1720,-0.405,-1.648,2,1
10,3,27,3,N,nb29,1720,-0.017,-1.255,2,1
10,3,27,3,A,aa0,1720,-0.911,-1.777,1,0
10,3,27,3,A,aa1,1720,-0.516,1.088,0,0
10,3,27,3,A,aa2,1720,0.554,1.802,0,0
10,3,27,3,N,nb0,1725,-0.975,1.738,2,1
10,3,27,3,N,nb1,1725,0.169,1.079,3,1
10,3,27,3,N,nb2,1725,-0.695,1.865,2,1
10,3,27,3,N,nb3,1725,0.978,-1.678,2,0
10,3,27,3,N,nb4,1725,0.349,1.055,2,0
10,3,27,3,N,nb5,1725,-0.161,-1.676,3,1
10,3,27,3,N,nb6,1725,-0.865,1.866,3,1
10,3,27,3,N,nb7,1725,-1.092,1.866,3,1
10,3,27,3,N,nb8,1725,-1.62,1.8,2,1
10,3,27,3,N,nb9,1725,-1.553,1.634,1,1
10,3,27,3,N,nb10,1725,0.267,-1.214,1,1
10,3,27,3,N,nb11,1725,0.821,-1.867,1,1
10,3,27,3,N,nb12,1725,-1.246,1.794,1,1
10,3,27,3,N,nb13,1725,-0.414,1.707,1,0
10,3,27,3,N,nb14,1725,0.001,-1.727,2,1
10,3,27,3,N,nb15,1725,1.378,-1.866,2,1
10,3,27,3,N,nb16,1725,-1.776,1.865,2,1
10,3,27,3,N,nb17,1725,0.063,0.856,2,1
10,3,27,3,N,nb18,1725,0.09,-1.387,4,1
10,3,27,3,N,nb19,1725,-0.597,-1.775,1,1
10,3,27,3,N,nb20,1725,-0.524,1.865,2,1
10,3,27,3,N,nb21,1725,1.135,-1.866,2,0
10,3,27,3,N,nb22,1725,-1.766,0.55,0,0
10,3,27,3,N,nb23,1725,0.147,-1.547,3,1
10,3,27,3,N,nb24,1725,1.616,-1.865,1,1
10,3,27,3,N,nb25,1725,-1.865,1.721,1,1
10,3,27,3,N,nb26,1725,-0.059,-1.468,4,1
10,3,27,3,N,nb27,1725,0.221,0.918,3,1
10,3,27,3,N,nb28,1725,-0.405,-1.648,2,1
10,3,27,3,N,nb29,1725,-0.017,-1.255,2,1
10,3,27,3,A,aa0,1725,-0.9,-1.807,1,0
10,3,27,3,A,aa1,1725,-0.427,1.043,2,0
10,3,27,3,A,aa2,1725,0.647,1.797,0,0
10,3,27,3,N,nb0,1730,-0.975,1.738,2,1
10,3,27,3,N,nb1,1730,0.169,1.079,3,0
10,3,27,3,N,nb2,1730,-0.695,1.865,2,1
10,3,27,3,N,nb3,1730,0.978,-1.678,2,1
10,3,27,3,N,nb4,1730,0.349,1.055,2,1
10,3,27,3,N,nb5,1730,-0.161,-1.676,3,1
10,3,27,3,N,nb6,1730,-0.865,1.866,3,1
10,3,27,3,N,nb7,1730,-1.092,1.866,3,1
10,3,27,3,N,nb8,1730,-1.62,1.8,2,1
10,3,27,3,N,nb9,1730,-1.553,1.634,1,1
10,3,27,3,N,nb10,1730,0.267,-1.214,1,1
10,3,27,3,N,nb11,1730,0.821,-1.867,1,1
10,3,27,3,N,nb12,1730,-1.246,1.794,1,1
10,3,27,3,N,nb13,1730,-0.414,1.707,1,1
10,3,27,3,N,nb14,1730,0.001,-1.727,2,1
10,3,27,3,N,nb15,1730,1.378,-1.866,2,1
10,3,27,3,N,nb16,1730,-1.776,1.865,2,1
10,3,27,3,N,nb17,1730,0.063,0.856,2,1
10,3,27,3,N,nb18,1730,0.09,-1.387,4,1
10,3,27,3,N,nb19,1730,-0.597,-1.775,1,1
10,3,27,3,N,nb20,1730,-0.524,1.865,2,1
10,3,27,3,N,nb21,1730,1.135,-1.866,2,1
10,3,27,3,N,nb22,1730,-1.728,0.459,0,0
10,3,27,3,N,nb23,1730,0.147,-1.547,3,1
10,3,27,3,N,nb24,1730,1.616,-1.865,1,1
10,3,27,3,N,nb25,1730,-1.865,1.721,1,1
10,3,27,3,N,nb26,1730,-0.059,-1.468,4,1
10,3,27,3,N,nb27,1730,0.221,0.918,3,1
10,3,27,3,N,nb28,1730,-0.405,-1.648,2,1
10,3,27,3,N,nb29,1730,-0.017,-1.255,2,1
10,3,27,3,A,aa0,1730,-0.861,-1.866,1,0
10,3,27,3,A,aa1,1730,-0.337,0.999,2,0
10,3,27,3,A,aa2,1730,0.739,1.783,0,0
10,3,27,3,N,nb0,1735,-0.975,1.738,2,1
10,3,27,3,N,nb1,1735,0.208,1.123,2,0
10,3,27,3,N,nb2,1735,-0.695,1.865,2,1
10,3,27,3,N,nb3,1735,0.978,-1.678,2,1
10,3,27,3,N,nb4,1735,0.364,1.057,2,1
10,3,27,3,N,nb5,1735,-0.161,-1.676,3,1
10,3,27,3,N,nb6,1735,-0.865,1.866,3,1
10,3,27,3,N,nb7,1735,-1.092,1.866,3,1
10,3,27,3,N,nb8,1735,-1.62,1.8,2,1
10,3,27,3,N,nb9,1735,-1.553,1.634,1,1
10,3,27,3,N,nb10,1735,0.267,-1.214,1,1
10,3,27,3,N,nb11,1735,0.821,-1.867,1,1
10,3,27,3,N,nb12,1735,-1.246,1.794,1,1
10,3,27,3,N,nb13,1735,-0.414,1.707,1,1
10,3,27,3,N,nb14,1735,0.001,-1.727,2,1
10,3,27,3,N,nb15,1735,1.378,-1.866,2,1
10,3,27,3,N,nb16,1735,-1.776,1.865,2,1
10,3,27,3,N,nb17,1735,0.063,0.856,1,1
10,3,27,3,N,nb18,1735,0.09,-1.387,4,1
10,3,27,3,N,nb19,1735,-0.597,-1.775,1,1
10,3,27,3,N,nb20,1735,-0.524,1.865,2,1
10,3,27,3,N,nb21,1735,1.135,-1.866,2,1
10,3,27,3,N,nb22,1735,-1.689,0.367,0,0
10,3,27,3,N,nb23,1735,0.147,-1.547,3,1
10,3,27,3,N,nb24,1735,1.616,-1.865,1,1
10,3,27,3,N,nb25,1735,-1.865,1.721,1,1
10,3,27,3,N,nb26,1735,-0.059,-1.468,4,1
10,3,27,3,N,nb27,1735,0.221,0.918,3,1
10,3,27,3,N,nb28,1735,-0.405,-1.648,2,1
10,3,27,3,N,nb29,1735,-0.017,-1.255,2,1
10,3,27,3,A,aa0,1735,-0.812,-1.866,1,0
10,3,27,3,A,aa1,1735,-0.247,0.955,1,0
10,3,27,3,A,aa2,1735,0.83,1.759,0,0
10,3,27,3,N,nb0,1740,-0.975,1.738,2,1
10,3,27,3,N,nb1,1740,0.264,1.191,1,0
10,3,27,3,N,nb2,1740,-0.695,1.865,2,1
10,3,27,3,N,nb3,1740,0.978,-1.678,2,1
10,3,27,3,N,nb4,1740,0.373,1.057,2,1
10,3,27,3,N,nb5,1740,-0.161,-1.676,3,1
10,3,27,3,N,nb6,1740,-0.865,1.866,3,1
10,3,27,3,N,nb7,1740,-1.092,1.866,3,1
10,3,27,3,N,nb8,1740,-1.62,1.8,2,1
10,3,27,3,N,nb9,1740,-1.553,1.634,1,1
10,3,27,3,N,nb10,1740,0.267,-1.214,1,1
10,3,27,3,N,nb11,1740,0.821,-1.867,1,1
10,3,27,3,N,nb12,1740,-1.246,1.794,1,1
10,3,27,3,N,nb13,1740,-0.414,1.707,1,1
10,3,27,3,N,nb14,1740,0.001,-1.727,2,1
10,3,27,3,N,nb15,1740,1.378,-1.866,2,1
10,3,27,3,N,nb16,1740,-1.776,1.865,2,1
10,3,27,3,N,nb17,1740,0.063,0.856,1,1
10,3,27,3,N,nb18,1740,0.09,-1.387,4,1
10,3,27,3,N,nb19,1740,-0.597,-1.775,1,1
10,3,27,3,N,nb20,1740,-0.524,1.865,2,1
10,3,27,3,N,nb21,1740,1.135,-1.866,2,1
10,3,27,3,N,nb22,1740,-1.65,0.275,0,0
10,3,27,3,N,nb23,1740,0.147,-1.547,3,1
10,3,27,3,N,nb24,1740,1.616,-1.865,1,1
10,3,27,3,N,nb25,1740,-1.865,1.721,1,1
10,3,27,3,N,nb26,1740,-0.059,-1.468,4,1
10,3,27,3,N,nb27,1740,0.221,0.918,2,1
10,3,27,3,N,nb28,1740,-0.405,-1.648,2,1
10,3,27,3,N,nb29,1740,-0.017,-1.255,2,1
10,3,27,3,A,aa0,1740,-0.751,-1.866,1,0
10,3,27,3,A,aa1,1740,-0.163,0.912,2,0
10,3,27,3,A,aa2,1740,0.926,1.73,0,0
10,3,27,3,N,nb0,1745,-0.975,1.738,2,1
10,3,27,3,N,nb1,1745,0.278,1.207,1,1
10,3,27,3,N,nb2,1745,-0.695,1.865,2,1
10,3,27,3,N,nb3,1745,0.978,-1.678,2,1
10,3,27,3,N,nb4,1745,0.373,1.057,2,1
10,3,27,3,N,nb5,1745,-0.161,-1.676,3,1
10,3,27,3,N,nb6,1745,-0.865,1.866,3,1
10,3,27,3,N,nb7,1745,-1.092,1.866,3,1
10,3,27,3,N,nb8,1745,-1.62,1.8,2,1
10,3,27,3,N,nb9,1745,-1.553,1.634,1,1
10,3,27,3,N,nb10,1745,0.267,-1.214,1,1
10,3,27,3,N,nb11,1745,0.821,-1.867,1,1
10,3,27,3,N,nb12,1745,-1.246,1.794,1,1
10,3,27,3,N,nb13,1745,-0.414,1.707,1,1
10,3,27,3,N,nb14,1745,0.001,-1.727,2,1
10,3,27,3,N,nb15,1745,1.378,-1.866,2,0
10,3,27,3,N,nb16,1745,-1.776,1.865,2,1
10,3,27,3,N,nb17,1745,0.064,0.855,1,1
10,3,27,3,N,nb18,1745,0.09,-1.387,4,1
10,3,27,3,N,nb19,1745,-0.587,-1.764,1,1
10,3,27,3,N,nb20,1745,-0.524,1.865,2,1
10,3,27,3,N,nb21,1745,1.135,-1.866,2,1
10,3,27,3,N,nb22,1745,-1.61,0.183,0,0
10,3,27,3,N,nb23,1745,0.147,-1.547,3,1
10,3,27,3,N,nb24,1745,1.616,-1.865,1,1
10,3,27,3,N,nb25,1745,-1.865,1.721,1,1
10,3,27,3,N,nb26,1745,-0.059,-1.468,4,1
10,3,27,3,N,nb27,1745,0.221,0.918,2,1
10,3,27,3,N,nb28,1745,-0.405,-1.648,2,0
10,3,27,3,N,nb29,1745,-0.017,-1.255,2,1
10,3,27,3,A,aa0,1745,-0.722,-1.866,1,0
10,3,27,3,A,aa1,1745,-0.105,0.87,2,0
10,3,27,3,A,aa2,1745,1.022,1.701,0,0
10,3,27,3,N,nb0,1750,-0.975,1.738,2,1
10,3,27,3,N,nb1,1750,0.278,1.207,1,1
10,3,27,3,N,nb2,1750,-0.695,1.865,2,1
10,3,27,3,N,nb3,1750,0.978,-1.678,2,1
10,3,27,3,N,nb4,1750,0.373,1.057,2,1
10,3,27,3,N,nb5,1750,-0.161,-1.676,3,1
10,3,27,3,N,nb6,1750,-0.865,1.866,3,1
10,3,27,3,N,nb7,1750,-1.092,1.866,3,1
10,3,27,3,N,nb8,1750,-1.62,1.8,2,1
10,3,27,3,N,nb9,1750,-1.553,1.634,1,1
10,3,27,3,N,nb10,1750,0.267,-1.214,1,1
10,3,27,3,N,nb11,1750,0.821,-1.867,1,1
10,3,27,3,N,nb12,1750,-1.246,1.794,1,1
10,3,27,3,N,nb13,1750,-0.414,1.707,1,1
10,3,27,3,N,nb14,1750,0.001,-1.727,2,1
10,3,27,3,N,nb15,1750,1.378,-1.866,2,1
10,3,27,3,N,nb16,1750,-1.776,1.865,2,1
10,3,27,3,N,nb17,1750,0.064,0.855,1,1
10,3,27,3,N,nb18,1750,0.09,-1.387,4,1
10,3,27,3,N,nb19,1750,-0.57,-1.751,1,1
10,3,27,3,N,nb20,1750,-0.524,1.865,2,1
10,3,27,3,N,nb21,1750,1.135,-1.866,2,1
10,3,27,3,N,nb22,1750,-1.571,0.091,0,0
10,3,27,3,N,nb23,1750,0.147,-1.547,3,1
10,3,27,3,N,nb24,1750,1.616,-1.865,1,0
10,3,27,3,N,nb25,1750,-1.865,1.721,1,1
10,3,27,3,N,nb26,1750,-0.059,-1.468,4,1
10,3,27,3,N,nb27,1750,0.221,0.918,2,1
10,3,27,3,N,nb28,1750,-0.405,-1.648,2,1
10,3,27,3,N,nb29,1750,-0.017,-1.255,2,1
10,3,27,3,A,aa0,1750,-0.694,-1.866,1,0
10,3,27,3,A,aa1,1750,-0.104,0.839,2,0
10,3,27,3,A,aa2,1750,1.117,1.673,0,0
10,3,27,3,N,nb0,1755,-0.975,1.738,2,1
10,3,27,3,N,nb1,1755,0.278,1.207,1,1
10,3,27,3,N,nb2,1755,-0.695,1.865,2,1
10,3,27,3,N,nb3,1755,0.978,-1.678,2,1
10,3,27,3,N,nb4,1755,0.373,1.057,2,1
10,3,27,3,N,nb5,1755,-0.161,-1.676,3,1
10,3,27,3,N,nb6,1755,-0.865,1.866,3,1
10,3,27,3,N,nb7,1755,-1.092,1.866,3,1
10,3,27,3,N,nb8,1755,-1.62,1.8,2,1
10,3,27,3,N,nb9,1755,-1.553,1.634,1,1
10,3,27,3,N,nb10,1755,0.267,-1.214,1,1
10,3,27,3,N,nb11,1755,0.821,-1.867,1,1
10,3,27,3,N,nb12,1755,-1.246,1.794,1,1
10,3,27,3,N,nb13,1755,-0.414,1.707,1,1
10,3,27,3,N,nb14,1755,0.001,-1.727,2,1
10,3,27,3,N,nb15,1755,1.378,-1.866,2,1
10,3,27,3,N,nb16,1755,-1.776,1.865,2,1
10,3,27,3,N,nb17,1755,0.064,0.855,1,1
10,3,27,3,N,nb18,1755,0.09,-1.387,4,1
10,3,27,3,N,nb19,1755,-0.551,-1.743,1,1
10,3,27,3,N,nb20,1755,-0.524,1.865,2,1
10,3,27,3,N,nb21,1755,1.135,-1.866,2,1
10,3,27,3,N,nb22,1755,-1.532,-0.001,0,0
10,3,27,3,N,nb23,1755,0.147,-1.547,3,1
10,3,27,3,N,nb24,1755,1.616,-1.865,1,1
10,3,27,3,N,nb25,1755,-1.865,1.721,1,1
10,3,27,3,N,nb26,1755,-0.059,-1.468,4,1
10,3,27,3,N,nb27,1755,0.221,0.918,2,1
10,3,27,3,N,nb28,1755,-0.405,-1.648,2,1
10,3,27,3,N,nb29,1755,-0.017,-1.255,2,1
10,3,27,3,A,aa0,1755,-0.668,-1.866,1,0
10,3,27,3,A,aa1,1755,-0.084,0.773,1,0
10,3,27,3,A,aa2,1755,1.159,1.66,0,0
10,3,27,3,N,nb0,1760,-0.975,1.738,2,1
10,3,27,3,N,nb1,1760,0.278,1.207,1,1
10,3,27,3,N,nb2,1760,-0.695,1.865,2,1
10,3,27,3,N,nb3,1760,0.978,-1.678,2,1
10,3,27,3,N,nb4,1760,0.373,1.057,2,1
10,3,27,3,N,nb5,1760,-0.161,-1.676,3,1
10,3,27,3,N,nb6,1760,-0.865,1.866,3,1
10,3,27,3,N,nb7,1760,-1.092,1.866,3,1
10,3,27,3,N,nb8,1760,-1.62,1.8,2,1
10,3,27,3,N,nb9,1760,-1.553,1.634,1,1
10,3,27,3,N,nb10,1760,0.267,-1.214,1,1
10,3,27,3,N,nb11,1760,0.821,-1.867,1,1
10,3,27,3,N,nb12,1760,-1.246,1.794,1,1
10,3,27,3,N,nb13,1760,-0.414,1.707,1,1
10,3,27,3,N,nb14,1760,0.001,-1.727,2,1
10,3,27,3,N,nb15,1760,1.378,-1.866,2,1
10,3,27,3,N,nb16,1760,-1.776,1.865,2,1
10,3,27,3,N,nb17,1760,0.064,0.855,1,0
10,3,27,3,N,nb18,1760,0.09,-1.387,4,1
10,3,27,3,N,nb19,1760,-0.547,-1.739,1,0
10,3,27,3,N,nb20,1760,-0.524,1.865,2,1
10,3,27,3,N,nb21,1760,1.135,-1.866,2,1
10,3,27,3,N,nb22,1760,-1.493,-0.093,0,0
10,3,27,3,N,nb23,1760,0.147,-1.547,3,1
10,3,27,3,N,nb24,1760,1.616,-1.865,1,1
10,3,27,3,N,nb25,1760,-1.865,1.721,1,1
10,3,27,3,N,nb26,1760,-0.059,-1.468,4,1
10,3,27,3,N,nb27,1760,0.221,0.918,2,1
10,3,27,3,N,nb28,1760,-0.404,-1.647,2,1
10,3,27,3,N,nb29,1760,-0.017,-1.255,2,1
10,3,27,3,A,aa0,1760,-0.659,-1.866,1,0
10,3,27,3,A,aa1,1760,-0.04,0.69,1,0
10,3,27,3,A,aa2,1760,1.159,1.66,0,0
10,3,27,3,N,nb0,1765,-0.975,1.738,2,1
10,3,27,3,N,nb1,1765,0.278,1.207,1,1
10,3,27,3,N,nb2,1765,-0.695,1.865,2,1
10,3,27,3,N,nb3,1765,0.978,-1.678,2,1
10,3,27,3,N,nb4,1765,0.373,1.057,2,1
10,3,27,3,N,nb5,1765,-0.161,-1.676,3,0
10,3,27,3,N,nb6,1765,-0.865,1.866,3,1
10,3,27,3,N,nb7,1765,-1.092,1.866,3,1
10,3,27,3,N,nb8,1765,-1.62,1.8,2,1
10,3,27,3,N,nb9,1765,-1.553,1.634,1,1
10,3,27,3,N,nb10,1765,0.267,-1.214,1,1
10,3,27,3,N,nb11,1765,0.821,-1.867,1,1
10,3,27,3,N,nb12,1765,-1.246,1.794,1,1
10,3,27,3,N,nb13,1765,-0.414,1.707,1,1
10,3,27,3,N,nb14,1765,0.001,-1.727,2,0
10,3,27,3,N,nb15,1765,1.378,-1.866,2,1
10,3,27,3,N,nb16,1765,-1.776,1.865,2,1
10,3,27,3,N,nb17,1765,0.064,0.855,1,1
10,3,27,3,N,nb18,1765,0.09,-1.387,4,1
10,3,27,3,N,nb19,1765,-0.545,-1.732,1,1
10,3,27,3,N,nb20,1765,-0.524,1.865,2,1
10,3,27,3,N,nb21,1765,1.135,-1.866,2,1
10,3,27,3,N,nb22,1765,-1.454,-0.186,0,0
10,3,27,3,N,nb23,1765,0.147,-1.547,3,1
10,3,27,3,N,nb24,1765,1.616,-1.865,1,1
10,3,27,3,N,nb25,1765,-1.865,1.721,1,1
10,3,27,3,N,nb26,1765,-0.059,-1.468,4,1
10,3,27,3,N,nb27,1765,0.221,0.918,2,1
10,3,27,3,N,nb28,1765,-0.402,-1.642,2,1
10,3,27,3,N,nb29,1765,-0.017,-1.255,2,1
10,3,27,3,A,aa0,1765,-0.649,-1.866,2,0
10,3,27,3,A,aa1,1765,-0.003,0.602,2,0
10,3,27,3,A,aa2,1765,1.212,1.72,0,0
10,3,27,3,N,nb0,1770,-0.975,1.738,2,0
10,3,27,3,N,nb1,1770,0.278,1.207,1,1
10,3,27,3,N,nb2,1770,-0.695,1.865,2,1
10,3,27,3,N,nb3,1770,0.978,-1.678,2,1
10,3,27,3,N,nb4,1770,0.373,1.057,2,1
10,3,27,3,N,nb5,1770,-0.161,-1.676,3,1
10,3,27,3,N,nb6,1770,-0.865,1.866,3,0
10,3,27,3,N,nb7,1770,-1.092,1.866,3,1
10,3,27,3,N,nb8,1770,-1.62,1.8,2,1
10,3,27,3,N,nb9,1770,-1.553,1.634,1,0
10,3,27,3,N,nb10,1770,0.267,-1.214,1,1
10,3,27,3,N,nb11,1770,0.821,-1.867,1,1
10,3,27,3,N,nb12,1770,-1.246,1.794,1,1
10,3,27,3,N,nb13,1770,-0.414,1.707,1,1
10,3,27,3,N,nb14,1770,0.001,-1.727,2,1
10,3,27,3,N,nb15,1770,1.378,-1.866,2,1
10,3,27,3,N,nb16,1770,-1.776,1.865,2,1
10,3,27,3,N,nb17,1770,0.064,0.855,1,1
10,3,27,3,N,nb18,1770,0.09,-1.387,4,1
10,3,27,3,N,nb19,1770,-0.544,-1.727,1,1
10,3,27,3,N,nb20,1770,-0.524,1.865,2,1
10,3,27,3,N,nb21,1770,1.135,-1.866,2,1
10,3,27,3,N,nb22,1770,-1.415,-0.278,0,0
10,3,27,3,N,nb23,1770,0.147,-1.547,3,1
10,3,27,3,N,nb24,1770,1.616,-1.865,1,1
10,3,27,3,N,nb25,1770,-1.865,1.721,1,1
10,3,27,3,N,nb26,1770,-0.059,-1.468,4,1
10,3,27,3,N,nb27,1770,0.221,0.918,2,0
10,3,27,3,N,nb28,1770,-0.399,-1.638,2,1
10,3,27,3,N,nb29,1770,-0.017,-1.255,2,1
10,3,27,3,A,aa0,1770,-0.641,-1.866,2,0
10,3,27,3,A,aa1,1770,0.032,0.509,2,0
10,3,27,3,A,aa2,1770,1.218,1.756,0,0
10,3,27,3,N,nb0,1775,-0.975,1.738,2,1
10,3,27,3,N,nb1,1775,0.278,1.207,1,1
10,3,27,3,N,nb2,1775,-0.695,1.865,2,1
10,3,27,3,N,nb3,1775,0.978,-1.678,2,1
10,3,27,3,N,nb4,1775,0.373,1.057,2,1
10,3,27,3,N,nb5,1775,-0.161,-1.676,3,1
10,3,27,3,N,nb6,1775,-0.865,1.866,3,1
10,3,27,3,N,nb7,1775,-1.092,1.866,3,1
10,3,27,3,N,nb8,1775,-1.62,1.8,2,1
10,3,27,3,N,nb9,1775,-1.553,1.634,1,1
10,3,27,3,N,nb10,1775,0.267,-1.214,1,1
10,3,27,3,N,nb11,1775,0.821,-1.867,1,1
10,3,27,3,N,nb12,1775,-1.246,1.794,1,1
10,3,27,3,N,nb13,1775,-0.414,1.707,1,1
10,3,27,3,N,nb14,1775,0.001,-1.727,2,1
10,3,27,3,N,nb15,1775,1.378,-1.866,2,1
10,3,27,3,N,nb16,1775,-1.776,1.865,2,1
10,3,27,3,N,nb17,1775,0.064,0.855,1,1
10,3,27,3,N,nb18,1775,0.09,-1.387,4,1
10,3,27,3,N,nb19,1775,-0.544,-1.722,1,1
10,3,27,3,N,nb20,1775,-0.524,1.865,2,1
10,3,27,3,N,nb21,1775,1.135,-1.866,2,1
10,3,27,3,N,nb22,1775,-1.375,-0.37,0,0
10,3,27,3,N,nb23,1775,0.147,-1.547,3,1
10,3,27,3,N,nb24,1775,1.616,-1.865,1,1
10,3,27,3,N,nb25,1775,-1.865,1.721,1,0
10,3,27,3,N,nb26,1775,-0.059,-1.468,4,1
10,3,27,3,N,nb27,1775,0.221,0.918,2,1
10,3,27,3,N,nb28,1775,-0.397,-1.635,2,1
10,3,27,3,N,nb29,1775,-0.017,-1.255,2,1
10,3,27,3,A,aa0,1775,-0.632,-1.866,2,0
10,3,27,3,A,aa1,1775,0.067,0.416,2,0
10,3,27,3,A,aa2,1775,1.235,1.843,0,0
10,3,27,3,N,nb0,1780,-0.975,1.738,2,1
10,3,27,3,N,nb1,1780,0.278,1.207,1,1
10,3,27,3,N,nb2,1780,-0.695,1.865,2,1
10,3,27,3,N,nb3,1780,0.978,-1.678,2,1
10,3,27,3,N,nb4,1780,0.373,1.057,2,1
10,3,27,3,N,nb5,1780,-0.161,-1.676,3,1
10,3,27,3,N,nb6,1780,-0.865,1.866,3,1
10,3,27,3,N,nb7,1780,-1.092,1.866,3,1
10,3,27,3,N,nb8,1780,-1.62,1.8,2,1
10,3,27,3,N,nb9,1780,-1.553,1.634,1,1
10,3,27,3,N,nb10,1780,0.267,-1.214,1,0
10,3,27,3,N,nb11,1780,0.821,-1.867,1,1
10,3,27,3,N,nb12,1780,-1.246,1.794,1,1
10,3,27,3,N,nb13,1780,-0.414,1.707,1,1
10,3,27,3,N,nb14,1780,0.001,-1.727,2,1
10,3,27,3,N,nb15,1780,1.378,-1.866,2,1
10,3,27,3,N,nb16,1780,-1.776,1.865,2,1
10,3,27,3,N,nb17,1780,0.064,0.855,1,1
10,3,27,3,N,nb18,1780,0.09,-1.387,4,1
10,3,27,3,N,nb19,1780,-0.544,-1.717,1,1
10,3,27,3,N,nb20,1780,-0.524,1.865,2,0
10,3,27,3,N,nb21,1780,1.135,-1.866,2,1
10,3,27,3,N,nb22,1780,-1.336,-0.462,0,0
10,3,27,3,N,nb23,1780,0.147,-1.547,3,1
10,3,27,3,N,nb24,1780,1.616,-1.865,1,1
10,3,27,3,N,nb25,1780,-1.865,1.721,1,1
10,3,27,3,N,nb26,1780,-0.059,-1.468,4,1
10,3,27,3,N,nb27,1780,0.221,0.918,2,1
10,3,27,3,N,nb28,1780,-0.396,-1.633,2,1
10,3,27,3,N,nb29,1780,-0.017,-1.255,2,1
10,3,27,3,A,aa0,1780,-0.623,-1.866,2,0
10,3,27,3,A,aa1,1780,0.069,0.413,2,0
10,3,27,3,A,aa2,1780,1.263,1.866,0,0
10,3,27,3,N,nb0,1785,-0.975,1.738,2,1
10,3,27,3,N,nb1,1785,0.278,1.207,1,1
10,3,27,3,N,nb2,1785,-0.695,1.865,2,1
10,3,27,3,N,nb3,1785,0.978,-1.678,2,1
10,3,27,3,N,nb4,1785,0.373,1.057,2,1
10,3,27,3,N,nb5,1785,-0.161,-1.676,3,1
10,3,27,3,N,nb6,1785,-0.865,1.866,3,1
10,3,27,3,N,nb7,1785,-1.092,1.866,3,1
10,3,27,3,N,nb8,1785,-1.62,1.8,2,1
10,3,27,3,N,nb9,1785,-1.553,1.634,1,1
10,3,27,3,N,nb10,1785,0.267,-1.214,1,1
10,3,27,3,N,nb11,1785,0.821,-1.867,1,1
10,3,27,3,N,nb12,1785,-1.246,1.794,1,1
10,3,27,3,N,nb13,1785,-0.414,1.707,1,1
10,3,27,3,N,nb14,1785,0.001,-1.727,2,1
10,3,27,3,N,nb15,1785,1.378,-1.866,2,1
10,3,27,3,N,nb16,1785,-1.776,1.865,2,1
10,3,27,3,N,nb17,1785,0.064,0.855,1,1
10,3,27,3,N,nb18,1785,0.09,-1.387,4,1
10,3,27,3,N,nb19,1785,-0.544,-1.713,1,1
10,3,27,3,N,nb20,1785,-0.524,1.865,2,1
10,3,27,3,N,nb21,1785,1.135,-1.866,2,1
10,3,27,3,N,nb22,1785,-1.297,-0.554,0,0
10,3,27,3,N,nb23,1785,0.147,-1.547,3,1
10,3,27,3,N,nb24,1785,1.616,-1.865,1,1
10,3,27,3,N,nb25,1785,-1.865,1.721,1,1
10,3,27,3,N,nb26,1785,-0.059,-1.468,4,1
10,3,27,3,N,nb27,1785,0.221,0.918,2,1
10,3,27,3,N,nb28,1785,-0.395,-1.632,2,1
10,3,27,3,N,nb29,1785,-0.017,-1.255,2,1
10,3,27,3,A,aa0,1785,-0.618,-1.866,2,0
10,3,27,3,A,aa1,1785,0.153,0.366,2,0
10,3,27,3,A,aa2,1785,1.305,1.866,0,0
10,3,27,3,N,nb0,1790,-0.975,1.738,2,1
10,3,27,3,N,nb1,1790,0.278,1.207,1,1
10,3,27,3,N,nb2,1790,-0.695,1.865,2,1
10,3,27,3,N,nb3,1790,0.978,-1.678,2,1
10,3,27,3,N,nb4,1790,0.373,1.057,2,1
10,3,27,3,N,nb5,1790,-0.161,-1.676,3,1
10,3,27,3,N,nb6,1790,-0.865,1.866,3,1
10,3,27,3,N,nb7,1790,-1.092,1.866,3,1
10,3,27,3,N,nb8,1790,-1.62,1.8,2,1
10,3,27,3,N,nb9,1790,-1.553,1.634,1,1
10,3,27,3,N,nb10,1790,0.267,-1.214,1,1
10,3,27,3,N,nb11,1790,0.821,-1.867,1,0
10,3,27,3,N,nb12,1790,-1.246,1.794,1,1
10,3,27,3,N,nb13,1790,-0.414,1.707,1,1
10,3,27,3,N,nb14,1790,0.001,-1.727,2,1
10,3,27,3,N,nb15,1790,1.378,-1.866,2,1
10,3,27,3,N,nb16,1790,-1.776,1.865,2,1
10,3,27,3,N,nb17,1790,0.064,0.855,1,1
10,3,27,3,N,nb18,1790,0.09,-1.387,4,1
10,3,27,3,N,nb19,1790,-0.544,-1.711,1,1
10,3,27,3,N,nb20,1790,-0.524,1.865,2,1
10,3,27,3,N,nb21,1790,1.135,-1.866,2,1
10,3,27,3,N,nb22,1790,-1.258,-0.646,0,0
10,3,27,3,N,nb23,1790,0.147,-1.547,3,1
10,3,27,3,N,nb24,1790,1.616,-1.865,1,1
10,3,27,3,N,nb25,1790,-1.865,1.721,1,1
10,3,27,3,N,nb26,1790,-0.059,-1.468,4,1
10,3,27,3,N,nb27,1790,0.221,0.918,2,1
10,3,27,3,N,nb28,1790,-0.394,-1.631,2,1
10,3,27,3,N,nb29,1790,-0.017,-1.255,2,1
10,3,27,3,A,aa0,1790,-0.614,-1.866,2,0
10,3,27,3,A,aa1,1790,0.241,0.318,2,0
10,3,27,3,A,aa2,1790,1.316,1.866,0,0
10,3,27,3,N,nb0,1795,-0.975,1.738,2,1
10,3,27,3,N,nb1,1795,0.278,1.207,1,1
10,3,27,3,N,nb2,1795,-0.695,1.865,2,1
10,3,27,3,N,nb3,1795,0.978,-1.678,2,1
10,3,27,3,N,nb4,1795,0.373,1.057,2,1
10,3,27,3,N,nb5,1795,-0.161,-1.676,3,1
10,3,27,3,N,nb6,1795,-0.865,1.866,3,1
10,3,27,3,N,nb7,1795,-1.092,1.866,3,1
10,3,27,3,N,nb8,1795,-1.62,1.8,2,1
10,3,27,3,N,nb9,1795,-1.553,1.634,1,1
10,3,27,3,N,nb10,1795,0.267,-1.214,1,1
10,3,27,3,N,nb11,1795,0.821,-1.867,1,1
10,3,27,3,N,nb12,1795,-1.246,1.794,1,1
10,3,27,3,N,nb13,1795,-0.414,1.707,1,1
10,3,27,3,N,nb14,1795,0.001,-1.727,2,1
10,3,27,3,N,nb15,1795,1.378,-1.866,2,1
10,3,27,3,N,nb16,1795,-1.776,1.865,2,1
10,3,27,3,N,nb17,1795,0.064,0.855,1,1
10,3,27,3,N,nb18,1795,0.09,-1.387,4,1
10,3,27,3,N,nb19,1795,-0.544,-1.711,1,1
10,3,27,3,N,nb20,1795,-0.524,1.865,2,1
10,3,27,3,N,nb21,1795,1.135,-1.866,2,1
10,3,27,3,N,nb22,1795,-1.219,-0.738,0,0
10,3,27,3,N,nb23,1795,0.147,-1.547,3,1
10,3,27,3,N,nb24,1795,1.616,-1.865,1,1
10,3,27,3,N,nb25,1795,-1.865,1.721,1,1
10,3,27,3,N,nb26,1795,-0.059,-1.468,4,1
10,3,27,3,N,nb27,1795,0.221,0.918,2,1
10,3,27,3,N,nb28,1795,-0.394,-1.631,2,1
10,3,27,3,N,nb29,1795,-0.017,-1.255,2,1
10,3,27,3,A,aa0,1795,-0.614,-1.866,2,0
10,3,27,3,A,aa1,1795,0.329,0.271,0,0
10,3,27,3,A,aa2,1795,1.312,1.866,0,0
10,3,27,3,N,nb0,1800,-0.975,1.738,2,1
10,3,27,3,N,nb1,1800,0.278,1.207,1,1
10,3,27,3,N,nb2,1800,-0.695,1.865,2,1
10,3,27,3,N,nb3,1800,0.978,-1.678,2,1
10,3,27,3,N,nb4,1800,0.373,1.057,2,1
10,3,27,3,N,nb5,1800,-0.161,-1.676,3,1
10,3,27,3,N,nb6,1800,-0.865,1.866,3,1
10,3,27,3,N,nb7,1800,-1.092,1.866,3,1
10,3,27,3,N,nb8,1800,-1.62,1.8,2,1
10,3,27,3,N,nb9,1800,-1.553,1.634,1,1
10,3,27,3,N,nb10,1800,0.267,-1.214,1,1
10,3,27,3,N,nb11,1800,0.821,-1.867,1,1
10,3,27,3,N,nb12,1800,-1.246,1.794,1,1
10,3,27,3,N,nb13,1800,-0.414,1.707,1,1
10,3,27,3,N,nb14,1800,0.001,-1.727,2,1
10,3,27,3,N,nb15,1800,1.378,-1.866,2,1
10,3,27,3,N,nb16,1800,-1.776,1.865,2,1
10,3,27,3,N,nb17,1800,0.064,0.855,1,1
10,3,27,3,N,nb18,1800,0.09,-1.387,4,1
10,3,27,3,N,nb19,1800,-0.544,-1.711,1,1
10,3,27,3,N,nb20,1800,-0.524,1.865,2,1
10,3,27,3,N,nb21,1800,1.135,-1.866,2,1
10,3,27,3,N,nb22,1800,-1.18,-0.83,0,0
10,3,27,3,N,nb23,1800,0.147,-1.547,3,1
10,3,27,3,N,nb24,1800,1.616,-1.865,1,1
10,3,27,3,N,nb25,1800,-1.865,1.721,1,1
10,3,27,3,N,nb26,1800,-0.059,-1.468,4,1
10,3,27,3,N,nb27,1800,0.221,0.918,2,1
10,3,27,3,N,nb28,1800,-0.394,-1.631,2,1
10,3,27,3,N,nb29,1800,-0.017,-1.255,2,1
10,3,27,3,A,aa0,1800,-0.645,-1.847,2,0
10,3,27,3,A,aa1,1800,0.417,0.223,0,0
10,3,27,3,A,aa2,1800,1.291,1.866,0,0
10,3,27,3,N,nb0,1805,-0.975,1.738,2,1
10,3,27,3,N,nb1,1805,0.278,1.207,1,1
10,3,27,3,N,nb2,1805,-0.695,1.865,2,1
10,3,27,3,N,nb3,1805,0.978,-1.678,2,1
10,3,27,3,N,nb4,1805,0.373,1.057,2,1
10,3,27,3,N,nb5,1805,-0.161,-1.676,3,1
10,3,27,3,N,nb6,1805,-0.865,1.866,3,1
10,3,27,3,N,nb7,1805,-1.092,1.866,3,1
10,3,27,3,N,nb8,1805,-1.62,1.8,2,1
10,3,27,3,N,nb9,1805,-1.553,1.634,1,1
10,3,27,3,N,nb10,1805,0.267,-1.214,1,1
10,3,27,3,N,nb11,1805,0.821,-1.867,1,1
10,3,27,3,N,nb12,1805,-1.246,1.794,1,0
10,3,27,3,N,nb13,1805,-0.414,1.707,1,1
10,3,27,3,N,nb14,1805,0.001,-1.727,2,1
10,3,27,3,N,nb15,1805,1.378,-1.866,2,1
10,3,27,3,N,nb16,1805,-1.776,1.865,2,1
10,3,27,3,N,nb17,1805,0.064,0.855,1,1
10,3,27,3,N,nb18,1805,0.09,-1.387,4,1
10,3,27,3,N,nb19,1805,-0.544,-1.711,1,1
10,3,27,3,N,nb20,1805,-0.524,1.865,2,1
10,3,27,3,N,nb21,1805,1.135,-1.866,2,1
10,3,27,3,N,nb22,1805,-1.14,-0.922,0,0
10,3,27,3,N,nb23,1805,0.147,-1.547,3,1
10,3,27,3,N,nb24,1805,1.616,-1.865,1,1
10,3,27,3,N,nb25,1805,-1.865,1.721,1,1
10,3,27,3,N,nb26,1805,-0.059,-1.468,4,1
10,3,27,3,N,nb27,1805,0.221,0.918,2,1
10,3,27,3,N,nb28,1805,-0.394,-1.631,2,1
10,3,27,3,N,nb29,1805,-0.017,-1.255,2,1
10,3,27,3,A,aa0,1805,-0.69,-1.798,1,0
10,3,27,3,A,aa1,1805,0.505,0.175,0,0
10,3,27,3,A,aa2,1805,1.254,1.866,0,0
10,3,27,3,N,nb0,1810,-0.975,1.738,2,1
10,3,27,3,N,nb1,1810,0.278,1.207,1,1
10,3,27,3,N,nb2,1810,-0.695,1.865,2,1
10,3,27,3,N,nb3,1810,0.978,-1.678,2,1
10,3,27,3,N,nb4,1810,0.373,1.057,2,1
10,3,27,3,N,nb5,1810,-0.161,-1.676,3,1
10,3,27,3,N,nb6,1810,-0.865,1.866,3,1
10,3,27,3,N,nb7,1810,-1.092,1.866,3,1
10,3,27,3,N,nb8,1810,-1.62,1.8,2,1
10,3,27,3,N,nb9,1810,-1.553,1.634,1,1
10,3,27,3,N,nb10,1810,0.267,-1.214,1,1
10,3,27,3,N,nb11,1810,0.821,-1.867,1,1
10,3,27,3,N,nb12,1810,-1.246,1.794,1,1
10,3,27,3,N,nb13,1810,-0.414,1.707,1,1
10,3,27,3,N,nb14,1810,0.001,-1.727,2,1
10,3,27,3,N,nb15,1810,1.378,-1.866,2,1
10,3,27,3,N,nb16,1810,-1.776,1.865,2,1
10,3,27,3,N,nb17,1810,0.064,0.855,1,1
10,3,27,3,N,nb18,1810,0.09,-1.387,4,1
10,3,27,3,N,nb19,1810,-0.544,-1.711,1,1
10,3,27,3,N,nb20,1810,-0.524,1.865,2,1
10,3,27,3,N,nb21,1810,1.135,-1.866,2,1
10,3,27,3,N,nb22,1810,-1.101,-1.014,0,0
10,3,27,3,N,nb23,1810,0.147,-1.547,3,1
10,3,27,3,N,nb24,1810,1.616,-1.865,1,1
10,3,27,3,N,nb25,1810,-1.865,1.721,1,1
10,3,27,3,N,nb26,1810,-0.059,-1.468,4,1
10,3,27,3,N,nb27,1810,0.221,0.918,2,1
10,3,27,3,N,nb28,1810,-0.394,-1.631,2,1
10,3,27,3,N,nb29,1810,-0.017,-1.255,2,1
10,3,27,3,A,aa0,1810,-0.732,-1.716,1,0
10,3,27,3,A,aa1,1810,0.525,0.164,0,0
10,3,27,3,A,aa2,1810,1.202,1.866,0,0
10,3,27,3,N,nb0,1815,-0.975,1.738,2,1
10,3,27,3,N,nb1,1815,0.278,1.207,1,1
10,3,27,3,N,nb2,1815,-0.695,1.865,2,1
10,3,27,3,N,nb3,1815,0.978,-1.678,2,1
10,3,27,3,N,nb4,1815,0.373,1.057,2,1
10,3,27,3,N,nb5,1815,-0.161,-1.676,3,1
10,3,27,3,N,nb6,1815,-0.865,1.866,3,1
10,3,27,3,N,nb7,1815,-1.092,1.866,3,1
10,3,27,3,N,nb8,1815,-1.62,1.8,2,1
10,3,27,3,N,nb9,1815,-1.553,1.634,1,1
10,3,27,3,N,nb10,1815,0.267,-1.214,1,1
10,3,27,3,N,nb11,1815,0.821,-1.867,1,1
10,3,27,3,N,nb12,1815,-1.246,1.794,1,1
10,3,27,3,N,nb13,1815,-0.414,1.707,1,1
10,3,27,3,N,nb14,1815,0.001,-1.727,2,1
10,3,27,3,N,nb15,1815,1.378,-1.866,2,1
10,3,27,3,N,nb16,1815,-1.776,1.865,2,1
10,3,27,3,N,nb17,1815,0.064,0.855,1,1
10,3,27,3,N,nb18,1815,0.09,-1.387,4,1
10,3,27,3,N,nb19,1815,-0.544,-1.711,1,1
10,3,27,3,N,nb20,1815,-0.524,1.865,2,1
10,3,27,3,N,nb21,1815,1.135,-1.866,2,1
10,3,27,3,N,nb22,1815,-1.062,-1.106,0,0
10,3,27,3,N,nb23,1815,0.147,-1.547,3,1
10,3,27,3,N,nb24,1815,1.616,-1.865,1,1
10,3,27,3,N,nb25,1815,-1.865,1.721,1,1
10,3,27,3,N,nb26,1815,-0.059,-1.468,4,1
10,3,27,3,N,nb27,1815,0.221,0.918,2,1
10,3,27,3,N,nb28,1815,-0.394,-1.631,2,1
10,3,27,3,N,nb29,1815,-0.017,-1.255,2,1
10,3,27,3,A,aa0,1815,-0.782,-1.634,1,0
10,3,27,3,A,aa1,1815,0.557,0.181,0,0
10,3,27,3,A,aa2,1815,1.138,1.866,0,0
10,3,27,3,N,nb0,1820,-0.975,1.738,2,1
10,3,27,3,N,nb1,1820,0.278,1.207,1,1
10,3,27,3,N,nb2,1820,-0.695,1.865,2,1
10,3,27,3,N,nb3,1820,0.978,-1.678,2,1
10,3,27,3,N,nb4,1820,0.373,1.057,2,1
10,3,27,3,N,nb5,1820,-0.161,-1.676,3,1
10,3,27,3,N,nb6,1820,-0.865,1.866,3,1
10,3,27,3,N,nb7,1820,-1.092,1.866,3,1
10,3,27,3,N,nb8,1820,-1.62,1.8,2,1
10,3,27,3,N,nb9,1820,-1.553,1.634,1,1
10,3,27,3,N,nb10,1820,0.267,-1.214,1,1
10,3,27,3,N,nb11,1820,0.821,-1.867,1,1
10,3,27,3,N,nb12,1820,-1.246,1.794,1,1
10,3,27,3,N,nb13,1820,-0.414,1.707,1,1
10,3,27,3,N,nb14,1820,0.001,-1.727,2,1
10,3,27,3,N,nb15,1820,1.378,-1.866,2,1
10,3,27,3,N,nb16,1820,-1.776,1.865,2,1
10,3,27,3,N,nb17,1820,0.064,0.855,1,1
10,3,27,3,N,nb18,1820,0.09,-1.387,4,1
10,3,27,3,N,nb19,1820,-0.544,-1.711,1,1
10,3,27,3,N,nb20,1820,-0.524,1.865,2,1
10,3,27,3,N,nb21,1820,1.135,-1.866,2,1
10,3,27,3,N,nb22,1820,-1.023,-1.198,0,0
10,3,27,3,N,nb23,1820,0.147,-1.547,3,1
10,3,27,3,N,nb24,1820,1.616,-1.865,1,1
10,3,27,3,N,nb25,1820,-1.865,1.721,1,1
10,3,27,3,N,nb26,1820,-0.059,-1.468,4,1
10,3,27,3,N,nb27,1820,0.221,0.918,2,1
10,3,27,3,N,nb28,1820,-0.394,-1.631,2,1
10,3,27,3,N,nb29,1820,-0.017,-1.255,2,1
10,3,27,3,A,aa0,1820,-0.837,-1.553,2,0
10,3,27,3,A,aa1,1820,0.613,0.212,0,0
10,3,27,3,A,aa2,1820,1.065,1.866,0,0
10,3,27,3,N,nb0,1825,-0.975,1.738,2,1
10,3,27,3,N,nb1,1825,0.278,1.207,1,1
10,3,27,3,N,nb2,1825,-0.695,1.865,2,1
10,3,27,3,N,nb3,1825,0.978,-1.678,2,1
10,3,27,3,N,nb4,1825,0.373,1.057,2,1
10,3,27,3,N,nb5,1825,-0.161,-1.676,3,1
10,3,27,3,N,nb6,1825,-0.865,1.866,3,1
10,3,27,3,N,nb7,1825,-1.092,1.866,3,1
10,3,27,3,N,nb8,1825,-1.62,1.8,2,1
10,3,27,3,N,nb9,1825,-1.553,1.634,1,1
10,3,27,3,N,nb10,1825,0.267,-1.214,1,1
10,3,27,3,N,nb11,1825,0.821,-1.867,1,1
10,3,27,3,N,nb12,1825,-1.246,1.794,1,1
10,3,27,3,N,nb13,1825,-0.414,1.707,1,1
10,3,27,3,N,nb14,1825,0.001,-1.727,2,1
10,3,27,3,N,nb15,1825,1.378,-1.866,2,1
10,3,27,3,N,nb16,1825,-1.776,1.865,2,1
10,3,27,3,N,nb17,1825,0.064,0.855,1,1
10,3,27,3,N,nb18,1825,0.09,-1.387,4,1
10,3,27,3,N,nb19,1825,-0.544,-1.711,1,1
10,3,27,3,N,nb20,1825,-0.524,1.865,2,1
10,3,27,3,N,nb21,1825,1.135,-1.866,2,1
10,3,27,3,N,nb22,1825,-0.985,-1.287,0,0
10,3,27,3,N,nb23,1825,0.147,-1.547,3,1
10,3,27,3,N,nb24,1825,1.616,-1.865,1,1
10,3,27,3,N,nb25,1825,-1.865,1.721,1,1
10,3,27,3,N,nb26,1825,-0.059,-1.468,4,1
10,3,27,3,N,nb27,1825,0.221,0.918,2,1
10,3,27,3,N,nb28,1825,-0.394,-1.631,2,1
10,3,27,3,N,nb29,1825,-0.017,-1.255,2,1
10,3,27,3,A,aa0,1825,-0.892,-1.473,2,0
10,3,27,3,A,aa1,1825,0.659,0.273,0,0
10,3,27,3,A,aa2,1825,1.047,1.866,0,0
10,3,27,3,N,nb0,1830,-0.975,1.738,2,1
10,3,27,3,N,nb1,1830,0.278,1.207,1,1
10,3,27,3,N,nb2,1830,-0.695,1.865,2,1
10,3,27,3,N,nb3,1830,0.978,-1.678,2,1
10,3,27,3,N,nb4,1830,0.373,1.057,2,1
10,3,27,3,N,nb5,1830,-0.161,-1.676,3,1
10,3,27,3,N,nb6,1830,-0.865,1.866,3,1
10,3,27,3,N,nb7,1830,-1.092,1.866,3,1
10,3,27,3,N,nb8,1830,-1.62,1.8,2,1
10,3,27,3,N,nb9,1830,-1.553,1.634,1,1
10,3,27,3,N,nb10,1830,0.267,-1.214,1,1
10,3,27,3,N,nb11,1830,0.821,-1.867,1,1
10,3,27,3,N,nb12,1830,-1.246,1.794,1,1
10,3,27,3,N,nb13,1830,-0.414,1.707,1,1
10,3,27,3,N,nb14,1830,0.001,-1.727,2,1
10,3,27,3,N,nb15,1830,1.378,-1.866,2,1
10,3,27,3,N,nb16,1830,-1.776,1.865,2,1
10,3,27,3,N,nb17,1830,0.064,0.855,1,1
10,3,27,3,N,nb18,1830,0.09,-1.387,4,0
10,3,27,3,N,nb19,1830,-0.544,-1.711,1,1
10,3,27,3,N,nb20,1830,-0.524,1.865,2,1
10,3,27,3,N,nb21,1830,1.135,-1.866,2,1
10,3,27,3,N,nb22,1830,-1.0,-1.32,0,0
10,3,27,3,N,nb23,1830,0.147,-1.547,3,0
10,3,27,3,N,nb24,1830,1.616,-1.865,1,1
10,3,27,3,N,nb25,1830,-1.865,1.721,1,1
10,3,27,3,N,nb26,1830,-0.059,-1.468,4,1
10,3,27,3,N,nb27,1830,0.221,0.918,2,1
10,3,27,3,N,nb28,1830,-0.394,-1.631,2,1
10,3,27,3,N,nb29,1830,-0.017,-1.255,2,1
10,3,27,3,A,aa0,1830,-0.907,-1.458,2,0
10,3,27,3,A,aa1,1830,0.719,0.353,0,0
10,3,27,3,A,aa2,1830,0.959,1.849,0,0
10,3,27,3,N,nb0,1835,-0.975,1.738,2,1
10,3,27,3,N,nb1,1835,0.278,1.207,1,1
10,3,27,3,N,nb2,1835,-0.695,1.865,2,1
10,3,27,3,N,nb3,1835,0.978,-1.678,2,1
10,3,27,3,N,nb4,1835,0.373,1.057,2,1
10,3,27,3,N,nb5,1835,-0.161,-1.676,3,1
10,3,27,3,N,nb6,1835,-0.865,1.866,3,1
10,3,27,3,N,nb7,1835,-1.092,1.866,3,1
10,3,27,3,N,nb8,1835,-1.62,1.8,2,0
10,3,27,3,N,nb9,1835,-1.553,1.634,1,1
10,3,27,3,N,nb10,1835,0.267,-1.214,1,1
10,3,27,3,N,nb11,1835,0.821,-1.867,1,1
10,3,27,3,N,nb12,1835,-1.246,1.794,1,1
10,3,27,3,N,nb13,1835,-0.414,1.707,1,1
10,3,27,3,N,nb14,1835,0.001,-1.727,2,1
10,3,27,3,N,nb15,1835,1.378,-1.866,2,1
10,3,27,3,N,nb16,1835,-1.776,1.865,2,0
10,3,27,3,N,nb17,1835,0.064,0.855,1,1
10,3,27,3,N,nb18,1835,0.09,-1.387,4,1
10,3,27,3,N,nb19,1835,-0.544,-1.711,1,1
10,3,27,3,N,nb20,1835,-0.524,1.865,2,1
10,3,27,3,N,nb21,1835,1.135,-1.866,2,1
10,3,27,3,N,nb22,1835,-1.038,-1.347,0,0
10,3,27,3,N,nb23,1835,0.147,-1.547,3,1
10,3,27,3,N,nb24,1835,1.616,-1.865,1,1
10,3,27,3,N,nb25,1835,-1.865,1.721,1,1
10,3,27,3,N,nb26,1835,-0.059,-1.468,4,1
10,3,27,3,N,nb27,1835,0.221,0.918,2,1
10,3,27,3,N,nb28,1835,-0.394,-1.631,2,1
10,3,27,3,N,nb29,1835,-0.017,-1.255,2,1
10,3,27,3,A,aa0,1835,-0.943,-1.485,2,0
10,3,27,3,A,aa1,1835,0.779,0.433,0,0
10,3,27,3,A,aa2,1835,0.869,1.822,0,0
10,3,27,3,N,nb0,1840,-0.975,1.738,2,1
10,3,27,3,N,nb1,1840,0.278,1.207,1,1
10,3,27,3,N,nb2,1840,-0.695,1.865,2,1
10,3,27,3,N,nb3,1840,0.978,-1.678,2,1
10,3,27,3,N,nb4,1840,0.373,1.057,2,1
10,3,27,3,N,nb5,1840,-0.161,-1.676,3,1
10,3,27,3,N,nb6,1840,-0.865,1.866,3,1
10,3,27,3,N,nb7,1840,-1.092,1.866,3,1
10,3,27,3,N,nb8,1840,-1.62,1.8,2,1
10,3,27,3,N,nb9,1840,-1.553,1.634,1,1
10,3,27,3,N,nb10,1840,0.267,-1.214,1,1
10,3,27,3,N,nb11,1840,0.821,-1.867,1,1
10,3,27,3,N,nb12,1840,-1.246,1.794,1,1
10,3,27,3,N,nb13,1840,-0.414,1.707,1,1
10,3,27,3,N,nb14,1840,0.001,-1.727,2,1
10,3,27,3,N,nb15,1840,1.378,-1.866,2,1
10,3,27,3,N,nb16,1840,-1.776,1.865,2,1
10,3,27,3,N,nb17,1840,0.064,0.855,1,1
10,3,27,3,N,nb18,1840,0.09,-1.387,4,1
10,3,27,3,N,nb19,1840,-0.544,-1.711,1,1
10,3,27,3,N,nb20,1840,-0.524,1.865,2,1
10,3,27,3,N,nb21,1840,1.135,-1.866,2,1
10,3,27,3,N,nb22,1840,-1.086,-1.382,0,0
10,3,27,3,N,nb23,1840,0.147,-1.547,3,1
10,3,27,3,N,nb24,1840,1.616,-1.865,1,1
10,3,27,3,N,nb25,1840,-1.865,1.721,1,1
10,3,27,3,N,nb26,1840,-0.059,-1.468,4,1
10,3,27,3,N,nb27,1840,0.221,0.918,2,1
10,3,27,3,N,nb28,1840,-0.394,-1.631,2,1
10,3,27,3,N,nb29,1840,-0.017,-1.255,2,0
10,3,27,3,A,aa0,1840,-0.992,-1.521,1,0
10,3,27,3,A,aa1,1840,0.838,0.514,0,0
10,3,27,3,A,aa2,1840,0.782,1.787,0,0
10,3,27,3,N,nb0,1845,-0.975,1.738,2,1
10,3,27,3,N,nb1,1845,0.278,1.207,1,1
10,3,27,3,N,nb2,1845,-0.695,1.865,2,1
10,3,27,3,N,nb3,1845,0.978,-1.678,2,1
10,3,27,3,N,nb4,1845,0.373,1.057,2,1
10,3,27,3,N,nb5,1845,-0.161,-1.676,3,1
10,3,27,3,N,nb6,1845,-0.865,1.866,3,1
10,3,27,3,N,nb7,1845,-1.092,1.866,3,1
10,3,27,3,N,nb8,1845,-1.62,1.8,2,1
10,3,27,3,N,nb9,1845,-1.553,1.634,1,1
10,3,27,3,N,nb10,1845,0.267,-1.214,1,1
10,3,27,3,N,nb11,1845,0.821,-1.867,1,1
10,3,27,3,N,nb12,1845,-1.246,1.794,1,1
10,3,27,3,N,nb13,1845,-0.414,1.707,1,1
10,3,27,3,N,nb14,1845,0.001,-1.727,2,1
10,3,27,3,N,nb15,1845,1.378,-1.866,2,1
10,3,27,3,N,nb16,1845,-1.776,1.865,2,1
10,3,27,3,N,nb17,1845,0.064,0.855,1,1
10,3,27,3,N,nb18,1845,0.09,-1.387,4,1
10,3,27,3,N,nb19,1845,-0.544,-1.711,1,1
10,3,27,3,N,nb20,1845,-0.524,1.865,2,1
10,3,27,3,N,nb21,1845,1.135,-1.866,2,1
10,3,27,3,N,nb22,1845,-1.143,-1.424,0,0
10,3,27,3,N,nb23,1845,0.147,-1.547,3,1
10,3,27,3,N,nb24,1845,1.616,-1.865,1,1
10,3,27,3,N,nb25,1845,-1.865,1.721,1,1
10,3,27,3,N,nb26,1845,-0.059,-1.468,4,1
10,3,27,3,N,nb27,1845,0.221,0.918,2,1
10,3,27,3,N,nb28,1845,-0.394,-1.631,2,1
10,3,27,3,N,nb29,1845,-0.017,-1.255,2,1
10,3,27,3,A,aa0,1845,-1.049,-1.563,1,0
10,3,27,3,A,aa1,1845,0.898,0.594,0,0
10,3,27,3,A,aa2,1845,0.695,1.745,0,0
10,3,27,3,N,nb0,1850,-0.975,1.738,2,1
10,3,27,3,N,nb1,1850,0.278,1.207,1,1
10,3,27,3,N,nb2,1850,-0.695,1.865,2,1
10,3,27,3,N,nb3,1850,0.978,-1.678,2,1
10,3,27,3,N,nb4,1850,0.373,1.057,2,1
10,3,27,3,N,nb5,1850,-0.161,-1.676,3,1
10,3,27,3,N,nb6,1850,-0.865,1.866,3,1
10,3,27,3,N,nb7,1850,-1.092,1.866,3,1
10,3,27,3,N,nb8,1850,-1.62,1.8,2,1
10,3,27,3,N,nb9,1850,-1.553,1.634,1,1
10,3,27,3,N,nb10,1850,0.267,-1.214,1,1
10,3,27,3,N,nb11,1850,0.821,-1.867,1,1
10,3,27,3,N,nb12,1850,-1.246,1.794,1,1
10,3,27,3,N,nb13,1850,-0.414,1.707,1,1
10,3,27,3,N,nb14,1850,0.001,-1.727,2,1
10,3,27,3,N,nb15,1850,1.378,-1.866,2,1
10,3,27,3,N,nb16,1850,-1.776,1.865,2,1
10,3,27,3,N,nb17,1850,0.064,0.855,1,1
10,3,27,3,N,nb18,1850,0.09,-1.387,4,1
10,3,27,3,N,nb19,1850,-0.544,-1.711,1,1
10,3,27,3,N,nb20,1850,-0.524,1.865,2,1
10,3,27,3,N,nb21,1850,1.135,-1.866,2,1
10,3,27,3,N,nb22,1850,-1.206,-1.471,0,0
10,3,27,3,N,nb23,1850,0.147,-1.547,3,1
10,3,27,3,N,nb24,1850,1.616,-1.865,1,1
10,3,27,3,N,nb25,1850,-1.865,1.721,1,1
10,3,27,3,N,nb26,1850,-0.059,-1.468,4,1
10,3,27,3,N,nb27,1850,0.221,0.918,2,1
10,3,27,3,N,nb28,1850,-0.394,-1.631,2,1
10,3,27,3,N,nb29,1850,-0.017,-1.255,2,1
10,3,27,3,A,aa0,1850,-1.113,-1.61,1,0
10,3,27,3,A,aa1,1850,0.958,0.674,0,0
10,3,27,3,A,aa2,1850,0.606,1.699,1,0
10,3,27,3,N,nb0,1855,-0.975,1.738,2,1
10,3,27,3,N,nb1,1855,0.278,1.207,1,1
10,3,27,3,N,nb2,1855,-0.695,1.865,2,1
10,3,27,3,N,nb3,1855,0.978,-1.678,2,1
10,3,27,3,N,nb4,1855,0.373,1.057,2,1
10,3,27,3,N,nb5,1855,-0.161,-1.676,3,1
10,3,27,3,N,nb6,1855,-0.865,1.866,3,1
10,3,27,3,N,nb7,1855,-1.092,1.866,3,1
10,3,27,3,N,nb8,1855,-1.62,1.8,2,1
10,3,27,3,N,nb9,1855,-1.553,1.634,1,1
10,3,27,3,N,nb10,1855,0.267,-1.214,1,1
10,3,27,3,N,nb11,1855,0.821,-1.867,1,1
10,3,27,3,N,nb12,1855,-1.246,1.794,1,1
10,3,27,3,N,nb13,1855,-0.414,1.707,1,1
10,3,27,3,N,nb14,1855,0.001,-1.727,2,1
10,3,27,3,N,nb15,1855,1.378,-1.866,2,1
10,3,27,3,N,nb16,1855,-1.776,1.865,2,1
10,3,27,3,N,nb17,1855,0.064,0.855,1,1
10,3,27,3,N,nb18,1855,0.09,-1.387,4,1
10,3,27,3,N,nb19,1855,-0.544,-1.711,1,1
10,3,27,3,N,nb20,1855,-0.524,1.865,2,1
10,3,27,3,N,nb21,1855,1.135,-1.866,2,1
10,3,27,3,N,nb22,1855,-1.274,-1.521,0,0
10,3,27,3,N,nb23,1855,0.147,-1.547,3,1
10,3,27,3,N,nb24,1855,1.616,-1.865,1,1
10,3,27,3,N,nb25,1855,-1.865,1.721,1,1
10,3,27,3,N,nb26,1855,-0.059,-1.468,4,1
10,3,27,3,N,nb27,1855,0.221,0.918,2,1
10,3,27,3,N,nb28,1855,-0.394,-1.631,2,1
10,3,27,3,N,nb29,1855,-0.017,-1.255,2,1
10,3,27,3,A,aa0,1855,-1.181,-1.66,0,0
10,3,27,3,A,aa1,1855,1.018,0.754,0,0
10,3,27,3,A,aa2,1855,0.518,1.652,1,0
10,3,27,3,N,nb0,1860,-0.975,1.738,2,1
10,3,27,3,N,nb1,1860,0.278,1.207,1,1
10,3,27,3,N,nb2,1860,-0.695,1.865,2,1
10,3,27,3,N,nb3,1860,0.978,-1.678,2,1
10,3,27,3,N,nb4,1860,0.373,1.057,2,1
10,3,27,3,N,nb5,1860,-0.161,-1.676,3,1
10,3,27,3,N,nb6,1860,-0.865,1.866,3,1
10,3,27,3,N,nb7,1860,-1.092,1.866,3,1
10,3,27,3,N,nb8,1860,-1.62,1.8,2,1
10,3,27,3,N,nb9,1860,-1.553,1.634,1,1
10,3,27,3,N,nb10,1860,0.267,-1.214,1,1
10,3,27,3,N,nb11,1860,0.821,-1.867,1,1
10,3,27,3,N,nb12,1860,-1.246,1.794,1,1
10,3,27,3,N,nb13,1860,-0.414,1.707,1,1
10,3,27,3,N,nb14,1860,0.001,-1.727,2,1
10,3,27,3,N,nb15,1860,1.378,-1.866,2,1
10,3,27,3,N,nb16,1860,-1.776,1.865,2,1
10,3,27,3,N,nb17,1860,0.064,0.855,1,1
10,3,27,3,N,nb18,1860,0.09,-1.387,4,1
10,3,27,3,N,nb19,1860,-0.544,-1.711,1,1
10,3,27,3,N,nb20,1860,-0.524,1.865,2,1
10,3,27,3,N,nb21,1860,1.135,-1.866,2,1
10,3,27,3,N,nb22,1860,-1.345,-1.573,0,0
10,3,27,3,N,nb23,1860,0.147,-1.547,3,1
10,3,27,3,N,nb24,1860,1.616,-1.865,1,1
10,3,27,3,N,nb25,1860,-1.865,1.721,1,1
10,3,27,3,N,nb26,1860,-0.059,-1.468,4,0
10,3,27,3,N,nb27,1860,0.221,0.918,2,1
10,3,27,3,N,nb28,1860,-0.394,-1.631,2,1
10,3,27,3,N,nb29,1860,-0.017,-1.255,2,1
10,3,27,3,A,aa0,1860,-1.253,-1.713,0,0
10,3,27,3,A,aa1,1860,1.077,0.834,0,0
10,3,27,3,A,aa2,1860,0.479,1.632,2,0
10,3,27,3,N,nb0,1865,-0.975,1.738,2,1
10,3,27,3,N,nb1,1865,0.278,1.207,1,1
10,3,27,3,N,nb2,1865,-0.695,1.865,2,1
10,3,27,3,N,nb3,1865,0.978,-1.678,2,1
10,3,27,3,N,nb4,1865,0.373,1.057,2,1
10,3,27,3,N,nb5,1865,-0.161,-1.676,3,1
10,3,27,3,N,nb6,1865,-0.865,1.866,3,1
10,3,27,3,N,nb7,1865,-1.092,1.866,3,1
10,3,27,3,N,nb8,1865,-1.62,1.8,2,1
10,3,27,3,N,nb9,1865,-1.553,1.634,1,1
10,3,27,3,N,nb10,1865,0.267,-1.214,1,1
10,3,27,3,N,nb11,1865,0.821,-1.867,1,1
10,3,27,3,N,nb12,1865,-1.246,1.794,1,1
10,3,27,3,N,nb13,1865,-0.414,1.707,1,1
10,3,27,3,N,nb14,1865,0.001,-1.727,2,1
10,3,27,3,N,nb15,1865,1.378,-1.866,2,1
10,3,27,3,N,nb16,1865,-1.776,1.865,2,1
10,3,27,3,N,nb17,1865,0.064,0.855,1,1
10,3,27,3,N,nb18,1865,0.09,-1.387,4,1
10,3,27,3,N,nb19,1865,-0.544,-1.711,1,1
10,3,27,3,N,nb20,1865,-0.524,1.865,2,1
10,3,27,3,N,nb21,1865,1.135,-1.866,2,1
10,3,27,3,N,nb22,1865,-1.415,-1.632,0,0
10,3,27,3,N,nb23,1865,0.147,-1.547,3,1
10,3,27,3,N,nb24,1865,1.616,-1.865,1,1
10,3,27,3,N,nb25,1865,-1.865,1.721,1,1
10,3,27,3,N,nb26,1865,-0.059,-1.468,4,1
10,3,27,3,N,nb27,1865,0.221,0.918,2,1
10,3,27,3,N,nb28,1865,-0.394,-1.631,2,1
10,3,27,3,N,nb29,1865,-0.017,-1.255,2,1
10,3,27,3,A,aa0,1865,-1.27,-1.728,0,0
10,3,27,3,A,aa1,1865,1.137,0.914,0,0
10,3,27,3,A,aa2,1865,0.477,1.616,2,0
10,3,27,3,N,nb0,1870,-0.975,1.738,2,1
10,3,27,3,N,nb1,1870,0.278,1.207,1,1
10,3,27,3,N,nb2,1870,-0.695,1.865,2,0
10,3,27,3,N,nb3,1870,0.978,-1.678,2,1
10,3,27,3,N,nb4,1870,0.373,1.057,2,1
10,3,27,3,N,nb5,1870,-0.161,-1.676,3,1
10,3,27,3,N,nb6,1870,-0.865,1.866,3,1
10,3,27,3,N,nb7,1870,-1.092,1.866,3,1
10,3,27,3,N,nb8,1870,-1.62,1.8,2,1
10,3,27,3,N,nb9,1870,-1.553,1.634,1,1
10,3,27,3,N,nb10,1870,0.267,-1.214,1,1
10,3,27,3,N,nb11,1870,0.821,-1.867,1,1
10,3,27,3,N,nb12,1870,-1.246,1.794,1,1
10,3,27,3,N,nb13,1870,-0.414,1.707,1,1
10,3,27,3,N,nb14,1870,0.001,-1.727,2,1
10,3,27,3,N,nb15,1870,1.378,-1.866,2,1
10,3,27,3,N,nb16,1870,-1.776,1.865,2,1
10,3,27,3,N,nb17,1870,0.064,0.855,1,1
10,3,27,3,N,nb18,1870,0.09,-1.387,4,1
10,3,27,3,N,nb19,1870,-0.544,-1.711,1,1
10,3,27,3,N,nb20,1870,-0.524,1.865,2,1
10,3,27,3,N,nb21,1870,1.135,-1.866,2,1
10,3,27,3,N,nb22,1870,-1.492,-1.687,0,0
10,3,27,3,N,nb23,1870,0.147,-1.547,3,1
10,3,27,3,N,nb24,1870,1.616,-1.865,1,1
10,3,27,3,N,nb25,1870,-1.865,1.721,1,1
10,3,27,3,N,nb26,1870,-0.059,-1.468,4,1
10,3,27,3,N,nb27,1870,0.221,0.918,2,1
10,3,27,3,N,nb28,1870,-0.394,-1.631,2,1
10,3,27,3,N,nb29,1870,-0.017,-1.255,2,1
10,3,27,3,A,aa0,1870,-1.268,-1.744,0,0
10,3,27,3,A,aa1,1870,1.197,0.995,0,0
10,3,27,3,A,aa2,1870,0.468,1.516,2,0
10,3,27,3,N,nb0,1875,-0.975,1.738,2,1
10,3,27,3,N,nb1,1875,0.278,1.207,1,1
10,3,27,3,N,nb2,1875,-0.695,1.865,2,1
10,3,27,3,N,nb3,1875,0.978,-1.678,2,1
10,3,27,3,N,nb4,1875,0.373,1.057,2,1
10,3,27,3,N,nb5,1875,-0.161,-1.676,3,1
10,3,27,3,N,nb6,1875,-0.865,1.866,3,1
10,3,27,3,N,nb7,1875,-1.092,1.866,3,0
10,3,27,3,N,nb8,1875,-1.62,1.8,2,1
10,3,27,3,N,nb9,1875,-1.553,1.634,1,1
10,3,27,3,N,nb10,1875,0.267,-1.214,1,1
10,3,27,3,N,nb11,1875,0.821,-1.867,1,1
10,3,27,3,N,nb12,1875,-1.246,1.794,1,1
10,3,27,3,N,nb13,1875,-0.414,1.707,1,1
10,3,27,3,N,nb14,1875,0.001,-1.727,2,1
10,3,27,3,N,nb15,1875,1.378,-1.866,2,1
10,3,27,3,N,nb16,1875,-1.776,1.865,2,1
10,3,27,3,N,nb17,1875,0.064,0.855,1,1
10,3,27,3,N,nb18,1875,0.09,-1.387,4,1
10,3,27,3,N,nb19,1875,-0.544,-1.711,1,1
10,3,27,3,N,nb20,1875,-0.524,1.865,2,1
10,3,27,3,N,nb21,1875,1.135,-1.866,2,1
10,3,27,3,N,nb22,1875,-1.575,-1.74,0,0
10,3,27,3,N,nb23,1875,0.147,-1.547,3,1
10,3,27,3,N,nb24,1875,1.616,-1.865,1,1
10,3,27,3,N,nb25,1875,-1.865,1.721,1,1
10,3,27,3,N,nb26,1875,-0.059,-1.468,4,1
10,3,27,3,N,nb27,1875,0.221,0.918,2,1
10,3,27,3,N,nb28,1875,-0.394,-1.631,2,1
10,3,27,3,N,nb29,1875,-0.017,-1.255,2,1
10,3,27,3,A,aa0,1875,-1.255,-1.832,0,0
10,3,27,3,A,aa1,1875,1.247,1.061,0,0
10,3,27,3,A,aa2,1875,0.459,1.417,2,0
10,3,27,3,N,nb0,1880,-0.975,1.738,2,1
10,3,27,3,N,nb1,1880,0.278,1.207,1,1
10,3,27,3,N,nb2,1880,-0.695,1.865,2,1
10,3,27,3,N,nb3,1880,0.978,-1.678,2,0
10,3,27,3,N,nb4,1880,0.373,1.057,2,0
10,3,27,3,N,nb5,1880,-0.161,-1.676,3,1
10,3,27,3,N,nb6,1880,-0.865,1.866,3,1
10,3,27,3,N,nb7,1880,-1.092,1.866,3,1
10,3,27,3,N,nb8,1880,-1.62,1.8,2,1
10,3,27,3,N,nb9,1880,-1.553,1.634,1,1
10,3,27,3,N,nb10,1880,0.267,-1.214,1,1
10,3,27,3,N,nb11,1880,0.821,-1.867,1,1
10,3,27,3,N,nb12,1880,-1.246,1.794,1,1
10,3,27,3,N,nb13,1880,-0.414,1.707,1,0
10,3,27,3,N,nb14,1880,0.001,-1.727,2,1
10,3,27,3,N,nb15,1880,1.378,-1.866,2,1
10,3,27,3,N,nb16,1880,-1.776,1.865,2,1
10,3,27,3,N,nb17,1880,0.064,0.855,1,1
10,3,27,3,N,nb18,1880,0.09,-1.387,4,1
10,3,27,3,N,nb19,1880,-0.544,-1.711,1,1
10,3,27,3,N,nb20,1880,-0.524,1.865,2,1
10,3,27,3,N,nb21,1880,1.135,-1.866,2,0
10,3,27,3,N,nb22,1880,-1.657,-1.79,0,0
10,3,27,3,N,nb23,1880,0.147,-1.547,3,1
10,3,27,3,N,nb24,1880,1.616,-1.865,1,1
10,3,27,3,N,nb25,1880,-1.865,1.721,1,1
10,3,27,3,N,nb26,1880,-0.059,-1.468,4,1
10,3,27,3,N,nb27,1880,0.221,0.918,2,1
10,3,27,3,N,nb28,1880,-0.394,-1.631,2,1
10,3,27,3,N,nb29,1880,-0.017,-1.255,2,1
10,3,27,3,A,aa0,1880,-1.229,-1.866,0,0
10,3,27,3,A,aa1,1880,1.247,1.061,0,0
10,3,27,3,A,aa2,1880,0.457,1.328,2,0
10,3,27,3,N,nb0,1885,-0.975,1.738,2,1
10,3,27,3,N,nb1,1885,0.278,1.207,1,1
10,3,27,3,N,nb2,1885,-0.695,1.865,2,1
10,3,27,3,N,nb3,1885,0.978,-1.678,2,1
10,3,27,3,N,nb4,1885,0.373,1.057,2,1
10,3,27,3,N,nb5,1885,-0.161,-1.676,3,1
10,3,27,3,N,nb6,1885,-0.865,1.866,3,1
10,3,27,3,N,nb7,1885,-1.092,1.866,3,1
10,3,27,3,N,nb8,1885,-1.62,1.8,2,1
10,3,27,3,N,nb9,1885,-1.553,1.634,1,1
10,3,27,3,N,nb10,1885,0.267,-1.214,1,1
10,3,27,3,N,nb11,1885,0.821,-1.867,1,1
10,3,27,3,N,nb12,1885,-1.246,1.794,1,1
10,3,27,3,N,nb13,1885,-0.414,1.707,1,1
10,3,27,3,N,nb14,1885,0.001,-1.727,2,1
10,3,27,3,N,nb15,1885,1.378,-1.866,2,1
10,3,27,3,N,nb16,1885,-1.776,1.865,2,1
10,3,27,3,N,nb17,1885,0.064,0.855,1,1
10,3,27,3,N,nb18,1885,0.09,-1.387,4,1
10,3,27,3,N,nb19,1885,-0.544,-1.711,1,1
10,3,27,3,N,nb20,1885,-0.524,1.865,2,1
10,3,27,3,N,nb21,1885,1.135,-1.866,2,1
10,3,27,3,N,nb22,1885,-1.738,-1.829,0,0
10,3,27,3,N,nb23,1885,0.147,-1.547,3,1
10,3,27,3,N,nb24,1885,1.616,-1.865,1,1
10,3,27,3,N,nb25,1885,-1.865,1.721,1,1
10,3,27,3,N,nb26,1885,-0.059,-1.468,4,1
10,3,27,3,N,nb27,1885,0.221,0.918,2,1
10,3,27,3,N,nb28,1885,-0.394,-1.631,2,1
10,3,27,3,N,nb29,1885,-0.017,-1.255,2,1
10,3,27,3,A,aa0,1885,-1.19,-1.866,0,0
10,3,27,3,A,aa1,1885,1.226,1.156,0,0
10,3,27,3,A,aa2,1885,0.468,1.239,2,0
10,3,27,3,N,nb0,1890,-0.975,1.738,2,1
10,3,27,3,N,nb1,1890,0.278,1.207,1,1
10,3,27,3,N,nb2,1890,-0.695,1.865,2,1
10,3,27,3,N,nb3,1890,0.978,-1.678,2,1
10,3,27,3,N,nb4,1890,0.37,1.047,2,1
10,3,27,3,N,nb5,1890,-0.161,-1.676,3,1
10,3,27,3,N,nb6,1890,-0.865,1.866,3,1
10,3,27,3,N,nb7,1890,-1.092,1.866,3,1
10,3,27,3,N,nb8,1890,-1.62,1.8,2,1
10,3,27,3,N,nb9,1890,-1.553,1.634,1,1
10,3,27,3,N,nb10,1890,0.267,-1.214,1,1
10,3,27,3,N,nb11,1890,0.821,-1.867,1,1
10,3,27,3,N,nb12,1890,-1.246,1.794,1,1
10,3,27,3,N,nb13,1890,-0.414,1.707,1,1
10,3,27,3,N,nb14,1890,0.001,-1.727,2,1
10,3,27,3,N,nb15,1890,1.378,-1.866,2,1
10,3,27,3,N,nb16,1890,-1.776,1.865,2,1
10,3,27,3,N,nb17,1890,0.064,0.855,1,1
10,3,27,3,N,nb18,1890,0.09,-1.387,4,1
10,3,27,3,N,nb19,1890,-0.544,-1.711,1,1
10,3,27,3,N,nb20,1890,-0.524,1.865,2,1
10,3,27,3,N,nb21,1890,1.135,-1.866,2,1
10,3,27,3,N,nb22,1890,-1.824,-1.856,0,0
10,3,27,3,N,nb23,1890,0.147,-1.547,3,1
10,3,27,3,N,nb24,1890,1.616,-1.865,1,1
10,3,27,3,N,nb25,1890,-1.865,1.721,1,1
10,3,27,3,N,nb26,1890,-0.059,-1.468,4,1
10,3,27,3,N,nb27,1890,0.221,0.918,2,1
10,3,27,3,N,nb28,1890,-0.394,-1.631,2,1
10,3,27,3,N,nb29,1890,-0.017,-1.255,2,1
10,3,27,3,A,aa0,1890,-1.137,-1.866,0,0
10,3,27,3,A,aa1,1890,1.205,1.254,0,0
10,3,27,3,A,aa2,1890,0.495,1.161,2,0
10,3,27,3,N,nb0,1895,-0.975,1.738,2,1
10,3,27,3,N,nb1,1895,0.278,1.207,1,0
10,3,27,3,N,nb2,1895,-0.695,1.865,2,1
10,3,27,3,N,nb3,1895,0.978,-1.678,2,1
10,3,27,3,N,nb4,1895,0.366,1.04,2,1
10,3,27,3,N,nb5,1895,-0.161,-1.676,3,1
10,3,27,3,N,nb6,1895,-0.865,1.866,3,1
10,3,27,3,N,nb7,1895,-1.092,1.866,3,1
10,3,27,3,N,nb8,1895,-1.62,1.8,2,1
10,3,27,3,N,nb9,1895,-1.553,1.634,1,1
10,3,27,3,N,nb10,1895,0.267,-1.214,1,1
10,3,27,3,N,nb11,1895,0.821,-1.867,1,1
10,3,27,3,N,nb12,1895,-1.246,1.794,1,1
10,3,27,3,N,nb13,1895,-0.414,1.707,1,1
10,3,27,3,N,nb14,1895,0.001,-1.727,2,1
10,3,27,3,N,nb15,1895,1.378,-1.866,2,1
10,3,27,3,N,nb16,1895,-1.776,1.865,2,1
10,3,27,3,N,nb17,1895,0.064,0.855,1,1
10,3,27,3,N,nb18,1895,0.09,-1.387,4,1
10,3,27,3,N,nb19,1895,-0.544,-1.711,1,1
10,3,27,3,N,nb20,1895,-0.524,1.865,2,1
10,3,27,3,N,nb21,1895,1.135,-1.866,2,1
10,3,27,3,N,nb22,1895,-1.866,-1.865,0,0
10,3,27,3,N,nb23,1895,0.147,-1.547,3,1
10,3,27,3,N,nb24,1895,1.616,-1.865,1,1
10,3,27,3,N,nb25,1895,-1.865,1.721,1,1
10,3,27,3,N,nb26,1895,-0.059,-1.468,4,1
10,3,27,3,N,nb27,1895,0.221,0.918,2,1
10,3,27,3,N,nb28,1895,-0.394,-1.631,2,1
10,3,27,3,N,nb29,1895,-0.017,-1.255,2,1
10,3,27,3,A,aa0,1895,-1.072,-1.866,1,0
10,3,27,3,A,aa1,1895,1.195,1.296,0,0
10,3,27,3,A,aa2,1895,0.533,1.083,2,0
10,3,27,3,N,nb0,1900,-0.975,1.738,2,1
10,3,27,3,N,nb1,1900,0.278,1.207,1,1
10,3,27,3,N,nb2,1900,-0.695,1.865,2,1
10,3,27,3,N,nb3,1900,0.978,-1.678,2,1
10,3,27,3,N,nb4,1900,0.366,1.04,2,1
10,3,27,3,N,nb5,1900,-0.161,-1.676,3,1
10,3,27,3,N,nb6,1900,-0.865,1.866,3,1
10,3,27,3,N,nb7,1900,-1.092,1.866,3,1
10,3,27,3,N,nb8,1900,-1.62,1.8,2,1
10,3,27,3,N,nb9,1900,-1.553,1.634,1,1
10,3,27,3,N,nb10,1900,0.267,-1.214,1,1
10,3,27,3,N,nb11,1900,0.821,-1.867,1,1
10,3,27,3,N,nb12,1900,-1.246,1.794,1,1
10,3,27,3,N,nb13,1900,-0.414,1.707,1,1
10,3,27,3,N,nb14,1900,0.001,-1.727,2,1
10,3,27,3,N,nb15,1900,1.378,-1.866,2,0
10,3,27,3,N,nb16,1900,-1.776,1.865,2,1
10,3,27,3,N,nb17,1900,0.064,0.855,1,1
10,3,27,3,N,nb18,1900,0.09,-1.387,4,1
10,3,27,3,N,nb19,1900,-0.544,-1.711,1,1
10,3,27,3,N,nb20,1900,-0.524,1.865,2,1
10,3,27,3,N,nb21,1900,1.135,-1.866,2,1
10,3,27,3,N,nb22,1900,-1.866,-1.865,0,0
10,3,27,3,N,nb23,1900,0.147,-1.547,3,1
10,3,27,3,N,nb24,1900,1.616,-1.865,1,1
10,3,27,3,N,nb25,1900,-1.865,1.721,1,1
10,3,27,3,N,nb26,1900,-0.059,-1.468,4,1
10,3,27,3,N,nb27,1900,0.221,0.918,2,1
10,3,27,3,N,nb28,1900,-0.394,-1.631,2,0
10,3,27,3,N,nb29,1900,-0.017,-1.255,2,1
10,3,27,3,A,aa0,1900,-0.998,-1.866,1,0
10,3,27,3,A,aa1,1900,1.18,1.302,0,0
10,3,27,3,A,aa2,1900,0.579,1.0,3,1
10,3,27,3,N,nb0,1905,-0.975,1.738,2,1
10,3,27,3,N,nb1,1905,0.278,1.207,1,1
10,3,27,3,N,nb2,1905,-0.695,1.865,2,1
10,3,27,3,N,nb3,1905,0.978,-1.678,2,1
10,3,27,3,N,nb4,1905,0.336,1.016,2,0
10,3,27,3,N,nb5,1905,-0.161,-1.676,3,1
10,3,27,3,N,nb6,1905,-0.865,1.866,3,1
10,3,27,3,N,nb7,1905,-1.092,1.866,3,1
10,3,27,3,N,nb8,1905,-1.62,1.8,2,1
10,3,27,3,N,nb9,1905,-1.553,1.634,1,1
10,3,27,3,N,nb10,1905,0.267,-1.214,1,1
10,3,27,3,N,nb11,1905,0.821,-1.867,1,1
10,3,27,3,N,nb12,1905,-1.246,1.794,1,1
10,3,27,3,N,nb13,1905,-0.414,1.707,1,1
10,3,27,3,N,nb14,1905,0.001,-1.727,2,1
10,3,27,3,N,nb15,1905,1.378,-1.866,2,1
10,3,27,3,N,nb16,1905,-1.776,1.865,2,1
10,3,27,3,N,nb17,1905,0.043,0.852,1,1
10,3,27,3,N,nb18,1905,0.09,-1.387,4,1
10,3,27,3,N,nb19,1905,-0.544,-1.711,1,1
10,3,27,3,N,nb20,1905,-0.524,1.865,2,1
10,3,27,3,N,nb21,1905,1.135,-1.866,2,1
10,3,27,3,N,nb22,1905,-1.866,-1.857,0,0
10,3,27,3,N,nb23,1905,0.147,-1.547,3,1
10,3,27,3,N,nb24,1905,1.616,-1.865,1,0
10,3,27,3,N,nb25,1905,-1.865,1.721,1,1
10,3,27,3,N,nb26,1905,-0.059,-1.468,4,1
10,3,27,3,N,nb27,1905,0.2,0.916,2,0
10,3,27,3,N,nb28,1905,-0.394,-1.631,2,1
10,3,27,3,N,nb29,1905,-0.017,-1.255,2,1
10,3,27,3,A,aa0,1905,-0.917,-1.866,1,0
10,3,27,3,A,aa1,1905,1.086,1.337,0,0
10,3,27,3,A,aa2,1905,0.632,0.919,1,0
10,3,27,3,N,nb0,1910,-0.975,1.738,2,1
10,3,27,3,N,nb1,1910,0.278,1.207,0,1
10,3,27,3,N,nb2,1910,-0.695,1.865,2,1
10,3,27,3,N,nb3,1910,0.978,-1.678,2,1
10,3,27,3,N,nb4,1910,0.287,0.957,1,0
10,3,27,3,N,nb5,1910,-0.161,-1.676,3,1
10,3,27,3,N,nb6,1910,-0.865,1.866,3,1
10,3,27,3,N,nb7,1910,-1.092,1.866,3,1
10,3,27,3,N,nb8,1910,-1.62,1.8,2,1
10,3,27,3,N,nb9,1910,-1.553,1.634,1,1
10,3,27,3,N,nb10,1910,0.267,-1.214,1,1
10,3,27,3,N,nb11,1910,0.821,-1.867,1,1
10,3,27,3,N,nb12,1910,-1.246,1.794,1,1
10,3,27,3,N,nb13,1910,-0.414,1.707,1,1
10,3,27,3,N,nb14,1910,0.001,-1.727,2,1
10,3,27,3,N,nb15,1910,1.378,-1.866,2,1
10,3,27,3,N,nb16,1910,-1.776,1.865,2,1
10,3,27,3,N,nb17,1910,-0.034,0.851,1,1
10,3,27,3,N,nb18,1910,0.09,-1.387,4,1
10,3,27,3,N,nb19,1910,-0.544,-1.711,1,1
10,3,27,3,N,nb20,1910,-0.524,1.865,2,1
10,3,27,3,N,nb21,1910,1.135,-1.866,2,1
10,3,27,3,N,nb22,1910,-1.866,-1.836,0,0
10,3,27,3,N,nb23,1910,0.147,-1.547,3,1
10,3,27,3,N,nb24,1910,1.616,-1.865,1,1
10,3,27,3,N,nb25,1910,-1.865,1.721,1,1
10,3,27,3,N,nb26,1910,-0.059,-1.468,4,1
10,3,27,3,N,nb27,1910,0.116,0.928,2,0
10,3,27,3,N,nb28,1910,-0.394,-1.631,2,1
10,3,27,3,N,nb29,1910,-0.017,-1.255,2,1
10,3,27,3,A,aa0,1910,-0.83,-1.866,1,0
10,3,27,3,A,aa1,1910,0.992,1.371,0,0
10,3,27,3,A,aa2,1910,0.688,0.836,1,0
10,3,27,3,N,nb0,1915,-0.975,1.738,2,1
10,3,27,3,N,nb1,1915,0.278,1.207,0,1
10,3,27,3,N,nb2,1915,-0.695,1.865,2,1
10,3,27,3,N,nb3,1915,0.978,-1.678,2,1
10,3,27,3,N,nb4,1915,0.267,0.924,1,1
10,3,27,3,N,nb5,1915,-0.161,-1.676,3,1
10,3,27,3,N,nb6,1915,-0.865,1.866,3,1
10,3,27,3,N,nb7,1915,-1.092,1.866,3,1
10,3,27,3,N,nb8,1915,-1.62,1.8,2,1
10,3,27,3,N,nb9,1915,-1.553,1.634,1,1
10,3,27,3,N,nb10,1915,0.267,-1.214,1,1
10,3,27,3,N,nb11,1915,0.821,-1.867,1,1
10,3,27,3,N,nb12,1915,-1.246,1.794,1,1
10,3,27,3,N,nb13,1915,-0.414,1.707,1,1
10,3,27,3,N,nb14,1915,0.001,-1.727,2,1
10,3,27,3,N,nb15,1915,1.378,-1.866,2,1
10,3,27,3,N,nb16,1915,-1.776,1.865,2,1
10,3,27,3,N,nb17,1915,-0.067,0.85,1,0
10,3,27,3,N,nb18,1915,0.09,-1.387,4,1
10,3,27,3,N,nb19,1915,-0.544,-1.711,1,0
10,3,27,3,N,nb20,1915,-0.524,1.865,2,1
10,3,27,3,N,nb21,1915,1.135,-1.866,2,1
10,3,27,3,N,nb22,1915,-1.866,-1.801,0,0
10,3,27,3,N,nb23,1915,0.147,-1.547,3,1
10,3,27,3,N,nb24,1915,1.616,-1.865,1,1
10,3,27,3,N,nb25,1915,-1.865,1.721,1,1
10,3,27,3,N,nb26,1915,-0.059,-1.468,4,1
10,3,27,3,N,nb27,1915,0.078,0.936,2,1
10,3,27,3,N,nb28,1915,-0.394,-1.631,2,1
10,3,27,3,N,nb29,1915,-0.017,-1.255,2,1
10,3,27,3,A,aa0,1915,-0.74,-1.866,1,0
10,3,27,3,A,aa1,1915,0.899,1.406,0,0
10,3,27,3,A,aa2,1915,0.744,0.754,1,0
10,3,27,3,N,nb0,1920,-0.975,1.738,2,1
10,3,27,3,N,nb1,1920,0.278,1.207,0,1
10,3,27,3,N,nb2,1920,-0.695,1.865,2,1
10,3,27,3,N,nb3,1920,0.978,-1.678,2,1
10,3,27,3,N,nb4,1920,0.267,0.924,1,1
10,3,27,3,N,nb5,1920,-0.161,-1.676,3,0
10,3,27,3,N,nb6,1920,-0.865,1.866,3,1
10,3,27,3,N,nb7,1920,-1.092,1.866,3,1
10,3,27,3,N,nb8,1920,-1.62,1.8,2,1
10,3,27,3,N,nb9,1920,-1.553,1.634,1,1
10,3,27,3,N,nb10,1920,0.267,-1.214,1,1
10,3,27,3,N,nb11,1920,0.821,-1.867,1,1
10,3,27,3,N,nb12,1920,-1.246,1.794,1,1
10,3,27,3,N,nb13,1920,-0.414,1.707,1,1
10,3,27,3,N,nb14,1920,0.001,-1.727,2,0
10,3,27,3,N,nb15,1920,1.378,-1.866,2,1
10,3,27,3,N,nb16,1920,-1.776,1.865,2,1
10,3,27,3,N,nb17,1920,-0.067,0.85,1,1
10,3,27,3,N,nb18,1920,0.09,-1.387,4,1
10,3,27,3,N,nb19,1920,-0.544,-1.711,1,1
10,3,27,3,N,nb20,1920,-0.524,1.865,2,1
10,3,27,3,N,nb21,1920,1.135,-1.866,2,1
10,3,27,3,N,nb22,1920,-1.866,-1.754,0,0
10,3,27,3,N,nb23,1920,0.147,-1.547,3,1
10,3,27,3,N,nb24,1920,1.616,-1.865,1,1
10,3,27,3,N,nb25,1920,-1.865,1.721,1,1
10,3,27,3,N,nb26,1920,-0.059,-1.468,4,1
10,3,27,3,N,nb27,1920,0.078,0.936,2,1
10,3,27,3,N,nb28,1920,-0.394,-1.631,2,1
10,3,27,3,N,nb29,1920,-0.017,-1.255,2,1
10,3,27,3,A,aa0,1920,-0.648,-1.865,2,0
10,3,27,3,A,aa1,1920,0.858,1.421,0,0
10,3,27,3,A,aa2,1920,0.801,0.671,1,0
10,3,27,3,N,nb0,1925,-0.975,1.738,2,0
10,3,27,3,N,nb1,1925,0.278,1.207,0,1
10,3,27,3,N,nb2,1925,-0.695,1.865,2,1
10,3,27,3,N,nb3,1925,0.978,-1.678,2,1
10,3,27,3,N,nb4,1925,0.267,0.924,1,1
10,3,27,3,N,nb5,1925,-0.161,-1.676,3,1
10,3,27,3,N,nb6,1925,-0.865,1.866,3,0
10,3,27,3,N,nb7,1925,-1.092,1.866,3,1
10,3,27,3,N,nb8,1925,-1.62,1.8,2,1
10,3,27,3,N,nb9,1925,-1.553,1.634,1,0
10,3,27,3,N,nb10,1925,0.267,-1.214,1,1
10,3,27,3,N,nb11,1925,0.821,-1.867,1,1
10,3,27,3,N,nb12,1925,-1.246,1.794,1,1
10,3,27,3,N,nb13,1925,-0.414,1.707,1,1
10,3,27,3,N,nb14,1925,0.001,-1.727,2,1
10,3,27,3,N,nb15,1925,1.378,-1.866,2,1
10,3,27,3,N,nb16,1925,-1.776,1.865,2,1
10,3,27,3,N,nb17,1925,-0.067,0.85,1,1
10,3,27,3,N,nb18,1925,0.09,-1.387,4,1
10,3,27,3,N,nb19,1925,-0.543,-1.709,1,1
10,3,27,3,N,nb20,1925,-0.524,1.865,2,1
10,3,27,3,N,nb21,1925,1.135,-1.866,2,1
10,3,27,3,N,nb22,1925,-1.866,-1.694,0,0
10,3,27,3,N,nb23,1925,0.147,-1.547,3,1
10,3,27,3,N,nb24,1925,1.616,-1.865,1,1
10,3,27,3,N,nb25,1925,-1.865,1.721,1,1
10,3,27,3,N,nb26,1925,-0.059,-1.468,4,1
10,3,27,3,N,nb27,1925,0.078,0.936,2,1
10,3,27,3,N,nb28,1925,-0.393,-1.629,2,1
10,3,27,3,N,nb29,1925,-0.017,-1.255,2,1
10,3,27,3,A,aa0,1925,-0.608,-1.865,2,0
10,3,27,3,A,aa1,1925,0.783,1.405,1,0
10,3,27,3,A,aa2,1925,0.857,0.588,0,0
10,3,27,3,N,nb0,1930,-0.975,1.738,2,1
10,3,27,3,N,nb1,1930,0.312,1.252,0,0
10,3,27,3,N,nb2,1930,-0.695,1.865,2,1
10,3,27,3,N,nb3,1930,0.978,-1.678,2,1
10,3,27,3,N,nb4,1930,0.267,0.924,1,1
10,3,27,3,N,nb5,1930,-0.161,-1.676,3,1
10,3,27,3,N,nb6,1930,-0.865,1.866,3,1
10,3,27,3,N,nb7,1930,-1.092,1.866,3,1
10,3,27,3,N,nb8,1930,-1.62,1.8,2,1
10,3,27,3,N,nb9,1930,-1.553,1.634,1,1
10,3,27,3,N,nb10,1930,0.267,-1.214,1,1
10,3,27,3,N,nb11,1930,0.821,-1.867,1,1
10,3,27,3,N,nb12,1930,-1.246,1.794,1,1
10,3,27,3,N,nb13,1930,-0.414,1.707,1,1
10,3,27,3,N,nb14,1930,0.001,-1.727,2,1
10,3,27,3,N,nb15,1930,1.378,-1.866,2,1
10,3,27,3,N,nb16,1930,-1.776,1.865,2,1
10,3,27,3,N,nb17,1930,-0.067,0.85,1,1
10,3,27,3,N,nb18,1930,0.09,-1.387,4,1
10,3,27,3,N,nb19,1930,-0.542,-1.705,1,1
10,3,27,3,N,nb20,1930,-0.524,1.865,2,1
10,3,27,3,N,nb21,1930,1.135,-1.866,2,1
10,3,27,3,N,nb22,1930,-1.866,-1.623,0,0
10,3,27,3,N,nb23,1930,0.147,-1.547,3,1
10,3,27,3,N,nb24,1930,1.616,-1.865,1,1
10,3,27,3,N,nb25,1930,-1.865,1.721,1,0
10,3,27,3,N,nb26,1930,-0.059,-1.468,4,1
10,3,27,3,N,nb27,1930,0.078,0.936,2,1
10,3,27,3,N,nb28,1930,-0.391,-1.627,2,1
10,3,27,3,N,nb29,1930,-0.017,-1.255,2,1
10,3,27,3,A,aa0,1930,-0.598,-1.865,2,0
10,3,27,3,A,aa1,1930,0.685,1.383,0,0
10,3,27,3,A,aa2,1930,0.913,0.506,0,0
10,3,27,3,N,nb0,1935,-0.975,1.738,2,1
10,3,27,3,N,nb1,1935,0.372,1.33,0,0
10,3,27,3,N,nb2,1935,-0.695,1.865,2,1
10,3,27,3,N,nb3,1935,0.978,-1.678,2,1
10,3,27,3,N,nb4,1935,0.267,0.924,1,1
10,3,27,3,N,nb5,1935,-0.161,-1.676,3,1
10,3,27,3,N,nb6,1935,-0.865,1.866,3,1
10,3,27,3,N,nb7,1935,-1.092,1.866,3,1
10,3,27,3,N,nb8,1935,-1.62,1.8,2,1
10,3,27,3,N,nb9,1935,-1.553,1.634,1,1
10,3,27,3,N,nb10,1935,0.267,-1.214,1,0
10,3,27,3,N,nb11,1935,0.821,-1.867,1,1
10,3,27,3,N,nb12,1935,-1.246,1.794,1,1
10,3,27,3,N,nb13,1935,-0.414,1.707,1,1
10,3,27,3,N,nb14,1935,0.001,-1.727,2,1
10,3,27,3,N,nb15,1935,1.378,-1.866,2,1
10,3,27,3,N,nb16,1935,-1.776,1.865,2,1
10,3,27,3,N,nb17,1935,-0.067,0.85,1,1
10,3,27,3,N,nb18,1935,0.09,-1.387,4,1
10,3,27,3,N,nb19,1935,-0.541,-1.702,1,1
10,3,27,3,N,nb20,1935,-0.524,1.865,2,0
10,3,27,3,N,nb21,1935,1.135,-1.866,2,1
10,3,27,3,N,nb22,1935,-1.866,-1.545,0,0
10,3,27,3,N,nb23,1935,0.147,-1.547,3,1
10,3,27,3,N,nb24,1935,1.616,-1.865,1,1
10,3,27,3,N,nb25,1935,-1.865,1.721,1,1
10,3,27,3,N,nb26,1935,-0.059,-1.468,4,1
10,3,27,3,N,nb27,1935,0.078,0.936,2,1
10,3,27,3,N,nb28,1935,-0.39,-1.625,2,1
10,3,27,3,N,nb29,1935,-0.017,-1.255,2,1
10,3,27,3,A,aa0,1935,-0.588,-1.865,2,0
10,3,27,3,A,aa1,1935,0.59,1.362,1,0
10,3,27,3,A,aa2,1935,0.97,0.423,0,0
10,3,27,3,N,nb0,1940,-0.975,1.738,2,1
10,3,27,3,N,nb1,1940,0.389,1.393,0,0
10,3,27,3,N,nb2,1940,-0.695,1.865,2,1
10,3,27,3,N,nb3,1940,0.978,-1.678,2,1
10,3,27,3,N,nb4,1940,0.267,0.924,1,1
10,3,27,3,N,nb5,1940,-0.161,-1.676,3,0
10,3,27,3,N,nb6,1940,-0.865,1.866,3,1
10,3,27,3,N,nb7,1940,-1.092,1.866,3,1
10,3,27,3,N,nb8,1940,-1.62,1.8,2,1
10,3,27,3,N,nb9,1940,-1.553,1.634,1,1
10,3,27,3,N,nb10,1940,0.267,-1.214,1,1
10,3,27,3,N,nb11,1940,0.821,-1.867,1,1
10,3,27,3,N,nb12,1940,-1.246,1.794,1,1
10,3,27,3,N,nb13,1940,-0.414,1.707,1,1
10,3,27,3,N,nb14,1940,0.001,-1.727,2,0
10,3,27,3,N,nb15,1940,1.378,-1.866,2,1
10,3,27,3,N,nb16,1940,-1.776,1.865,2,1
10,3,27,3,N,nb17,1940,-0.067,0.85,1,1
10,3,27,3,N,nb18,1940,0.09,-1.387,4,1
10,3,27,3,N,nb19,1940,-0.541,-1.7,1,0
10,3,27,3,N,nb20,1940,-0.524,1.865,2,1
10,3,27,3,N,nb21,1940,1.135,-1.866,2,1
10,3,27,3,N,nb22,1940,-1.866,-1.46,0,0
10,3,27,3,N,nb23,1940,0.147,-1.547,3,1
10,3,27,3,N,nb24,1940,1.616,-1.865,1,1
10,3,27,3,N,nb25,1940,-1.865,1.721,1,1
10,3,27,3,N,nb26,1940,-0.059,-1.468,4,1
10,3,27,3,N,nb27,1940,0.078,0.936,2,1
10,3,27,3,N,nb28,1940,-0.389,-1.624,2,1
10,3,27,3,N,nb29,1940,-0.017,-1.255,2,1
10,3,27,3,A,aa0,1940,-0.578,-1.865,3,1
10,3,27,3,A,aa1,1940,0.551,1.352,1,0
10,3,27,3,A,aa2,1940,1.026,0.341,0,0
10,3,27,3,N,nb0,1945,-0.975,1.738,2,1
10,3,27,3,N,nb1,1945,0.422,1.476,0,0
10,3,27,3,N,nb2,1945,-0.695,1.865,2,1
10,3,27,3,N,nb3,1945,0.978,-1.678,2,1
10,3,27,3,N,nb4,1945,0.267,0.924,1,1
10,3,27,3,N,nb5,1945,-0.147,-1.707,2,0
10,3,27,3,N,nb6,1945,-0.865,1.866,3,1
10,3,27,3,N,nb7,1945,-1.092,1.866,3,1
10,3,27,3,N,nb8,1945,-1.62,1.8,2,1
10,3,27,3,N,nb9,1945,-1.553,1.634,1,1
10,3,27,3,N,nb10,1945,0.267,-1.214,1,1
10,3,27,3,N,nb11,1945,0.821,-1.867,1,0
10,3,27,3,N,nb12,1945,-1.246,1.794,1,1
10,3,27,3,N,nb13,1945,-0.414,1.707,1,1
10,3,27,3,N,nb14,1945,0.003,-1.785,1,0
10,3,27,3,N,nb15,1945,1.378,-1.866,2,1
10,3,27,3,N,nb16,1945,-1.776,1.865,2,1
10,3,27,3,N,nb17,1945,-0.067,0.85,1,1
10,3,27,3,N,nb18,1945,0.09,-1.387,4,1
10,3,27,3,N,nb19,1945,-0.479,-1.657,1,0
10,3,27,3,N,nb20,1945,-0.524,1.865,2,1
10,3,27,3,N,nb21,1945,1.135,-1.866,2,1
10,3,27,3,N,nb22,1945,-1.866,-1.372,0,0
10,3,27,3,N,nb23,1945,0.147,-1.547,2,1
10,3,27,3,N,nb24,1945,1.616,-1.865,1,1
10,3,27,3,N,nb25,1945,-1.865,1.721,1,1
10,3,27,3,N,nb26,1945,-0.059,-1.468,3,1
10,3,27,3,N,nb27,1945,0.078,0.936,2,1
10,3,27,3,N,nb28,1945,-0.333,-1.57,2,1
10,3,27,3,N,nb29,1945,-0.017,-1.255,2,1
10,3,27,3,A,aa0,1945,-0.507,-1.825,1,0
10,3,27,3,A,aa1,1945,0.551,1.352,1,0
10,3,27,3,A,aa2,1945,1.082,0.258,0,0
10,3,27,3,N,nb0,1950,-0.975,1.738,2,1
10,3,27,3,N,nb1,1950,0.454,1.566,0,0
10,3,27,3,N,nb2,1950,-0.695,1.865,2,1
10,3,27,3,N,nb3,1950,0.978,-1.678,2,1
10,3,27,3,N,nb4,1950,0.267,0.924,1,1
10,3,27,3,N,nb5,1950,-0.122,-1.742,1,1
10,3,27,3,N,nb6,1950,-0.865,1.866,3,1
10,3,27,3,N,nb7,1950,-1.092,1.866,3,1
10,3,27,3,N,nb8,1950,-1.62,1.8,2,1
10,3,27,3,N,nb9,1950,-1.553,1.634,1,1
10,3,27,3,N,nb10,1950,0.267,-1.214,1,1
10,3,27,3,N,nb11,1950,0.821,-1.867,1,1
10,3,27,3,N,nb12,1950,-1.246,1.794,1,1
10,3,27,3,N,nb13,1950,-0.414,1.707,1,1
10,3,27,3,N,nb14,1950,-0.004,-1.864,1,1
10,3,27,3,N,nb15,1950,1.378,-1.866,2,1
10,3,27,3,N,nb16,1950,-1.776,1.865,2,1
10,3,27,3,N,nb17,1950,-0.067,0.85,1,1
10,3,27,3,N,nb18,1950,0.09,-1.387,4,1
10,3,27,3,N,nb19,1950,-0.407,-1.603,1,1
10,3,27,3,N,nb20,1950,-0.524,1.865,2,1
10,3,27,3,N,nb21,1950,1.135,-1.866,2,1
10,3,27,3,N,nb22,1950,-1.866,-1.28,0,0
10,3,27,3,N,nb23,1950,0.147,-1.547,2,1
10,3,27,3,N,nb24,1950,1.616,-1.865,1,1
10,3,27,3,N,nb25,1950,-1.865,1.721,1,1
10,3,27,3,N,nb26,1950,-0.059,-1.468,4,1
10,3,27,3,N,nb27,1950,0.078,0.936,2,1
10,3,27,3,N,nb28,1950,-0.267,-1.508,2,1
10,3,27,3,N,nb29,1950,-0.017,-1.255,2,1
10,3,27,3,A,aa0,1950,-0.43,-1.781,1,0
10,3,27,3,A,aa1,1950,0.541,1.278,2,0
10,3,27,3,A,aa2,1950,1.139,0.175,0,0
10,3,27,3,N,nb0,1955,-0.975,1.738,2,1
10,3,27,3,N,nb1,1955,0.483,1.662,0,0
10,3,27,3,N,nb2,1955,-0.695,1.865,2,1
10,3,27,3,N,nb3,1955,0.978,-1.678,2,1
10,3,27,3,N,nb4,1955,0.267,0.924,1,1
10,3,27,3,N,nb5,1955,-0.119,-1.745,1,0
10,3,27,3,N,nb6,1955,-0.865,1.866,3,1
10,3,27,3,N,nb7,1955,-1.092,1.866,3,1
10,3,27,3,N,nb8,1955,-1.62,1.8,2,1
10,3,27,3,N,nb9,1955,-1.553,1.634,1,1
10,3,27,3,N,nb10,1955,0.267,-1.214,1,1
10,3,27,3,N,nb11,1955,0.821,-1.867,1,1
10,3,27,3,N,nb12,1955,-1.246,1.794,1,1
10,3,27,3,N,nb13,1955,-0.414,1.707,1,1
10,3,27,3,N,nb14,1955,0.0,-1.866,1,0
10,3,27,3,N,nb15,1955,1.378,-1.866,2,1
10,3,27,3,N,nb16,1955,-1.776,1.865,2,1
10,3,27,3,N,nb17,1955,-0.067,0.85,1,1
10,3,27,3,N,nb18,1955,0.09,-1.387,4,1
10,3,27,3,N,nb19,1955,-0.394,-1.591,1,0
10,3,27,3,N,nb20,1955,-0.524,1.865,2,1
10,3,27,3,N,nb21,1955,1.135,-1.866,2,1
10,3,27,3,N,nb22,1955,-1.86,-1.188,0,0
10,3,27,3,N,nb23,1955,0.147,-1.547,2,1
10,3,27,3,N,nb24,1955,1.616,-1.865,1,1
10,3,27,3,N,nb25,1955,-1.865,1.721,1,1
10,3,27,3,N,nb26,1955,-0.054,-1.478,4,0
10,3,27,3,N,nb27,1955,0.078,0.936,2,1
10,3,27,3,N,nb28,1955,-0.251,-1.498,2,0
10,3,27,3,N,nb29,1955,-0.017,-1.255,2,1
10,3,27,3,A,aa0,1955,-0.35,-1.762,0,0
10,3,27,3,A,aa1,1955,0.541,1.275,2,0
10,3,27,3,A,aa2,1955,1.195,0.093,0,0
10,3,27,3,N,nb0,1960,-0.975,1.738,2,1
10,3,27,3,N,nb1,1960,0.513,1.757,0,0
10,3,27,3,N,nb2,1960,-0.695,1.865,2,1
10,3,27,3,N,nb3,1960,0.978,-1.678,2,1
10,3,27,3,N,nb4,1960,0.267,0.924,1,1
10,3,27,3,N,nb5,1960,-0.063,-1.77,2,0
10,3,27,3,N,nb6,1960,-0.865,1.866,3,1
10,3,27,3,N,nb7,1960,-1.092,1.866,3,1
10,3,27,3,N,nb8,1960,-1.62,1.8,2,1
10,3,27,3,N,nb9,1960,-1.553,1.634,1,1
10,3,27,3,N,nb10,1960,0.267,-1.214,1,1
10,3,27,3,N,nb11,1960,0.821,-1.867,1,1
10,3,27,3,N,nb12,1960,-1.246,1.794,1,0
10,3,27,3,N,nb13,1960,-0.414,1.707,1,1
10,3,27,3,N,nb14,1960,0.078,-1.866,1,0
10,3,27,3,N,nb15,1960,1.378,-1.866,2,1
10,3,27,3,N,nb16,1960,-1.776,1.865,2,1
10,3,27,3,N,nb17,1960,-0.067,0.85,1,1
10,3,27,3,N,nb18,1960,0.09,-1.387,4,1
10,3,27,3,N,nb19,1960,-0.333,-1.528,1,0
10,3,27,3,N,nb20,1960,-0.524,1.865,2,1
10,3,27,3,N,nb21,1960,1.135,-1.866,2,1
10,3,27,3,N,nb22,1960,-1.845,-1.096,0,0
10,3,27,3,N,nb23,1960,0.16,-1.556,2,1
10,3,27,3,N,nb24,1960,1.616,-1.865,1,1
10,3,27,3,N,nb25,1960,-1.865,1.721,1,1
10,3,27,3,N,nb26,1960,-0.008,-1.537,4,0
10,3,27,3,N,nb27,1960,0.078,0.936,2,1
10,3,27,3,N,nb28,1960,-0.165,-1.45,3,0
10,3,27,3,N,nb29,1960,-0.017,-1.255,2,1
10,3,27,3,A,aa0,1960,-0.263,-1.742,0,0
10,3,27,3,A,aa1,1960,0.572,1.256,2,0
10,3,27,3,A,aa2,1960,1.251,0.01,0,0
10,3,27,3,N,nb0,1965,-0.975,1.738,2,1
10,3,27,3,N,nb1,1965,0.542,1.841,0,0
10,3,27,3,N,nb2,1965,-0.695,1.865,2,1
10,3,27,3,N,nb3,1965,0.978,-1.678,2,1
10,3,27,3,N,nb4,1965,0.267,0.924,1,1
10,3,27,3,N,nb5,1965,0.007,-1.785,2,1
10,3,27,3,N,nb6,1965,-0.865,1.866,3,1
10,3,27,3,N,nb7,1965,-1.092,1.866,3,1
10,3,27,3,N,nb8,1965,-1.62,1.8,2,1
10,3,27,3,N,nb9,1965,-1.553,1.634,1,1
10,3,27,3,N,nb10,1965,0.267,-1.214,1,1
10,3,27,3,N,nb11,1965,0.821,-1.867,1,1
10,3,27,3,N,nb12,1965,-1.246,1.794,1,1
10,3,27,3,N,nb13,1965,-0.414,1.707,1,1
10,3,27,3,N,nb14,1965,0.157,-1.866,1,1
10,3,27,3,N,nb15,1965,1.378,-1.866,2,1
10,3,27,3,N,nb16,1965,-1.776,1.865,2,1
10,3,27,3,N,nb17,1965,-0.067,0.85,1,1
10,3,27,3,N,nb18,1965,0.09,-1.387,5,1
10,3,27,3,N,nb19,1965,-0.291,-1.468,1,1
10,3,27,3,N,nb20,1965,-0.524,1.865,2,1
10,3,27,3,N,nb21,1965,1.135,-1.866,2,1
10,3,27,3,N,nb22,1965,-1.82,-1.006,0,0
10,3,27,3,N,nb23,1965,0.185,-1.568,2,1
10,3,27,3,N,nb24,1965,1.616,-1.865,1,1
10,3,27,3,N,nb25,1965,-1.865,1.721,1,1
10,3,27,3,N,nb26,1965,0.015,-1.584,4,1
10,3,27,3,N,nb27,1965,0.078,0.936,2,1
10,3,27,3,N,nb28,1965,-0.102,-1.41,4,1
10,3,27,3,N,nb29,1965,-0.017,-1.255,2,1
10,3,27,3,A,aa0,1965,-0.193,-1.738,0,0
10,3,27,3,A,aa1,1965,0.658,1.205,1,0
10,3,27,3,A,aa2,1965,1.287,-0.042,0,0
10,3,27,3,N,nb0,1970,-0.975,1.738,2,1
10,3,27,3,N,nb1,1970,0.582,1.866,0,0
10,3,27,3,N,nb2,1970,-0.695,1.865,2,1
10,3,27,3,N,nb3,1970,0.978,-1.678,2,1
10,3,27,3,N,nb4,1970,0.267,0.924,1,1
10,3,27,3,N,nb5,1970,0.006,-1.787,2,0
10,3,27,3,N,nb6,1970,-0.865,1.866,3,1
10,3,27,3,N,nb7,1970,-1.092,1.866,3,1
10,3,27,3,N,nb8,1970,-1.62,1.8,2,1
10,3,27,3,N,nb9,1970,-1.553,1.634,1,1
10,3,27,3,N,nb10,1970,0.267,-1.214,1,1
10,3,27,3,N,nb11,1970,0.821,-1.867,1,1
10,3,27,3,N,nb12,1970,-1.246,1.794,1,1
10,3,27,3,N,nb13,1970,-0.414,1.707,1,1
10,3,27,3,N,nb14,1970,0.157,-1.866,1,1
10,3,27,3,N,nb15,1970,1.378,-1.866,2,1
10,3,27,3,N,nb16,1970,-1.776,1.865,2,1
10,3,27,3,N,nb17,1970,-0.067,0.85,1,1
10,3,27,3,N,nb18,1970,0.09,-1.387,5,1
10,3,27,3,N,nb19,1970,-0.275,-1.439,1,0
10,3,27,3,N,nb20,1970,-0.524,1.865,2,1
10,3,27,3,N,nb21,1970,1.135,-1.866,2,1
10,3,27,3,N,nb22,1970,-1.788,-0.918,0,0
10,3,27,3,N,nb23,1970,0.185,-1.568,2,1
10,3,27,3,N,nb24,1970,1.616,-1.865,1,1
10,3,27,3,N,nb25,1970,-1.865,1.721,1,1
10,3,27,3,N,nb26,1970,0.019,-1.606,4,0
10,3,27,3,N,nb27,1970,0.078,0.936,2,1
10,3,27,3,N,nb28,1970,-0.087,-1.399,4,0
10,3,27,3,N,nb29,1970,-0.008,-1.248,2,1
10,3,27,3,A,aa0,1970,-0.193,-1.738,0,0
10,3,27,3,A,aa1,1970,0.744,1.154,1,0
10,3,27,3,A,aa2,1970,1.323,-0.052,0,0
10,3,27,3,N,nb0,1975,-0.975,1.738,2,1
10,3,27,3,N,nb1,1975,0.634,1.866,0,0
10,3,27,3,N,nb2,1975,-0.695,1.865,2,1
10,3,27,3,N,nb3,1975,0.978,-1.678,2,1
10,3,27,3,N,nb4,1975,0.267,0.924,1,1
10,3,27,3,N,nb5,1975,0.001,-1.801,2,0
10,3,27,3,N,nb6,1975,-0.865,1.866,3,1
10,3,27,3,N,nb7,1975,-1.092,1.866,3,1
10,3,27,3,N,nb8,1975,-1.62,1.8,2,1
10,3,27,3,N,nb9,1975,-1.553,1.634,1,1
10,3,27,3,N,nb10,1975,0.267,-1.214,1,1
10,3,27,3,N,nb11,1975,0.821,-1.867,1,1
10,3,27,3,N,nb12,1975,-1.246,1.794,1,1
10,3,27,3,N,nb13,1975,-0.414,1.707,1,1
10,3,27,3,N,nb14,1975,0.157,-1.866,1,1
10,3,27,3,N,nb15,1975,1.378,-1.866,2,1
10,3,27,3,N,nb16,1975,-1.776,1.865,2,1
10,3,27,3,N,nb17,1975,-0.067,0.85,1,1
10,3,27,3,N,nb18,1975,0.093,-1.387,4,1
10,3,27,3,N,nb19,1975,-0.244,-1.357,1,0
10,3,27,3,N,nb20,1975,-0.524,1.865,2,1
10,3,27,3,N,nb21,1975,1.135,-1.866,2,1
10,3,27,3,N,nb22,1975,-1.747,-0.831,0,0
10,3,27,3,N,nb23,1975,0.188,-1.569,2,1
10,3,27,3,N,nb24,1975,1.616,-1.865,1,1
10,3,27,3,N,nb25,1975,-1.865,1.721,1,1
10,3,27,3,N,nb26,1975,0.032,-1.635,2,0
10,3,27,3,N,nb27,1975,0.078,0.936,2,1
10,3,27,3,N,nb28,1975,-0.077,-1.39,3,0
10,3,27,3,N,nb29,1975,0.002,-1.24,2,1
10,3,27,3,A,aa0,1975,-0.136,-1.672,1,0
10,3,27,3,A,aa1,1975,0.747,1.152,0,0
10,3,27,3,A,aa2,1975,1.419,-0.077,0,0
10,3,27,3,N,nb0,1980,-0.975,1.738,2,1
10,3,27,3,N,nb1,1980,0.698,1.866,0,0
10,3,27,3,N,nb2,1980,-0.695,1.865,2,1
10,3,27,3,N,nb3,1980,0.978,-1.678,2,1
10,3,27,3,N,nb4,1980,0.267,0.924,1,1
10,3,27,3,N,nb5,1980,0.011,-1.804,2,1
10,3,27,3,N,nb6,1980,-0.865,1.866,3,1
10,3,27,3,N,nb7,1980,-1.092,1.866,3,1
10,3,27,3,N,nb8,1980,-1.62,1.8,2,1
10,3,27,3,N,nb9,1980,-1.553,1.634,1,1
10,3,27,3,N,nb10,1980,0.267,-1.214,1,1
10,3,27,3,N,nb11,1980,0.821,-1.867,1,1
10,3,27,3,N,nb12,1980,-1.246,1.794,1,1
10,3,27,3,N,nb13,1980,-0.414,1.707,1,1
10,3,27,3,N,nb14,1980,0.169,-1.866,1,1
10,3,27,3,N,nb15,1980,1.378,-1.866,2,1
10,3,27,3,N,nb16,1980,-1.776,1.865,2,1
10,3,27,3,N,nb17,1980,-0.067,0.85,1,1
10,3,27,3,N,nb18,1980,0.095,-1.387,4,1
10,3,27,3,N,nb19,1980,-0.228,-1.302,2,1
10,3,27,3,N,nb20,1980,-0.524,1.865,2,1
10,3,27,3,N,nb21,1980,1.135,-1.866,2,1
10,3,27,3,N,nb22,1980,-1.702,-0.741,0,0
10,3,27,3,N,nb23,1980,0.197,-1.564,2,1
10,3,27,3,N,nb24,1980,1.616,-1.865,1,1
10,3,27,3,N,nb25,1980,-1.865,1.721,1,1
10,3,27,3,N,nb26,1980,0.044,-1.638,2,1
10,3,27,3,N,nb27,1980,0.078,0.936,2,1
10,3,27,3,N,nb28,1980,-0.075,-1.385,3,1
10,3,27,3,N,nb29,1980,0.008,-1.237,3,1
10,3,27,3,A,aa0,1980,-0.124,-1.617,5,1
10,3,27,3,A,aa1,1980,0.798,1.177,1,0
10,3,27,3,A,aa2,1980,1.516,-0.103,0,0
10,3,27,3,N,nb0,1985,-0.975,1.738,2,1
10,3,27,3,N,nb1,1985,0.772,1.866,0,0
10,3,27,3,N,nb2,1985,-0.695,1.865,2,1
10,3,27,3,N,nb3,1985,0.978,-1.678,2,1
10,3,27,3,N,nb4,1985,0.267,0.924,1,1
10,3,27,3,N,nb5,1985,0.008,-1.814,2,0
10,3,27,3,N,nb6,1985,-0.865,1.866,3,1
10,3,27,3,N,nb7,1985,-1.092,1.866,3,1
10,3,27,3,N,nb8,1985,-1.62,1.8,2,1
10,3,27,3,N,nb9,1985,-1.553,1.634,1,1
10,3,27,3,N,nb10,1985,0.267,-1.214,1,1
10,3,27,3,N,nb11,1985,0.821,-1.867,1,1
10,3,27,3,N,nb12,1985,-1.246,1.794,1,1
10,3,27,3,N,nb13,1985,-0.414,1.707,1,1
10,3,27,3,N,nb14,1985,0.169,-1.866,2,1
10,3,27,3,N,nb15,1985,1.378,-1.866,2,1
10,3,27,3,N,nb16,1985,-1.776,1.865,2,1
10,3,27,3,N,nb17,1985,-0.067,0.85,1,1
10,3,27,3,N,nb18,1985,0.09,-1.385,4,0
10,3,27,3,N,nb19,1985,-0.216,-1.25,2,0
10,3,27,3,N,nb20,1985,-0.524,1.865,2,1
10,3,27,3,N,nb21,1985,1.135,-1.866,2,1
10,3,27,3,N,nb22,1985,-1.658,-0.652,0,0
10,3,27,3,N,nb23,1985,0.197,-1.564,2,0
10,3,27,3,N,nb24,1985,1.616,-1.865,1,1
10,3,27,3,N,nb25,1985,-1.865,1.721,1,1
10,3,27,3,N,nb26,1985,0.051,-1.651,3,0
10,3,27,3,N,nb27,1985,0.078,0.936,2,1
10,3,27,3,N,nb28,1985,-0.08,-1.379,3,0
10,3,27,3,N,nb29,1985,0.009,-1.235,3,1
10,3,27,3,A,aa0,1985,-0.104,-1.547,1,0
10,3,27,3,A,aa1,1985,0.887,1.222,0,0
10,3,27,3,A,aa2,1985,1.613,-0.128,0,0
10,3,27,3,N,nb0,1990,-0.975,1.738,2,1
10,3,27,3,N,nb1,1990,0.853,1.866,0,0
10,3,27,3,N,nb2,1990,-0.695,1.865,2,1
10,3,27,3,N,nb3,1990,0.978,-1.678,2,1
10,3,27,3,N,nb4,1990,0.267,0.924,1,1
10,3,27,3,N,nb5,1990,0.015,-1.861,2,0
10,3,27,3,N,nb6,1990,-0.865,1.866,3,1
10,3,27,3,N,nb7,1990,-1.092,1.866,3,1
10,3,27,3,N,nb8,1990,-1.62,1.8,2,0
10,3,27,3,N,nb9,1990,-1.553,1.634,1,1
10,3,27,3,N,nb10,1990,0.267,-1.214,0,1
10,3,27,3,N,nb11,1990,0.821,-1.867,1,1
10,3,27,3,N,nb12,1990,-1.246,1.794,1,1
10,3,27,3,N,nb13,1990,-0.414,1.707,1,1
10,3,27,3,N,nb14,1990,0.184,-1.866,2,1
10,3,27,3,N,nb15,1990,1.378,-1.866,2,1
10,3,27,3,N,nb16,1990,-1.776,1.865,2,0
10,3,27,3,N,nb17,1990,-0.067,0.85,1,1
10,3,27,3,N,nb18,1990,0.072,-1.392,3,0
10,3,27,3,N,nb19,1990,-0.202,-1.156,2,0
10,3,27,3,N,nb20,1990,-0.524,1.865,2,1
10,3,27,3,N,nb21,1990,1.135,-1.866,2,1
10,3,27,3,N,nb22,1990,-1.613,-0.562,0,0
10,3,27,3,N,nb23,1990,0.197,-1.564,2,1
10,3,27,3,N,nb24,1990,1.616,-1.865,1,1
10,3,27,3,N,nb25,1990,-1.865,1.721,1,1
10,3,27,3,N,nb26,1990,0.081,-1.706,3,0
10,3,27,3,N,nb27,1990,0.078,0.936,2,1
10,3,27,3,N,nb28,1990,-0.096,-1.367,3,0
10,3,27,3,N,nb29,1990,0.01,-1.234,3,1
10,3,27,3,A,aa0,1990,-0.1,-1.536,1,0
10,3,27,3,A,aa1,1990,0.977,1.267,0,0
10,3,27,3,A,aa2,1990,1.709,-0.154,0,0
10,3,27,3,N,nb0,1995,-0.975,1.738,2,1
10,3,27,3,N,nb1,1995,0.939,1.866,0,0
10,3,27,3,N,nb2,1995,-0.695,1.865,2,1
10,3,27,3,N,nb3,1995,0.978,-1.678,2,1
10,3,27,3,N,nb4,1995,0.267,0.924,1,1
10,3,27,3,N,nb5,1995,0.015,-1.866,2,0
10,3,27,3,N,nb6,1995,-0.865,1.866,3,1
10,3,27,3,N,nb7,1995,-1.092,1.866,3,1
10,3,27,3,N,nb8,1995,-1.62,1.8,2,1
10,3,27,3,N,nb9,1995,-1.553,1.634,1,1
10,3,27,3,N,nb10,1995,0.267,-1.214,0,1
10,3,27,3,N,nb11,1995,0.821,-1.867,1,1
10,3,27,3,N,nb12,1995,-1.246,1.794,1,1
10,3,27,3,N,nb13,1995,-0.414,1.707,1,1
10,3,27,3,N,nb14,1995,0.184,-1.866,2,1
10,3,27,3,N,nb15,1995,1.378,-1.866,2,1
10,3,27,3,N,nb16,1995,-1.776,1.865,2,1
10,3,27,3,N,nb17,1995,-0.067,0.85,1,1
10,3,27,3,N,nb18,1995,0.055,-1.4,3,0
10,3,27,3,N,nb19,1995,-0.198,-1.115,1,1
10,3,27,3,N,nb20,1995,-0.524,1.865,2,1
10,3,27,3,N,nb21,1995,1.135,-1.866,2,1
10,3,27,3,N,nb22,1995,-1.569,-0.472,0,0
10,3,27,3,N,nb23,1995,0.197,-1.564,2,0
10,3,27,3,N,nb24,1995,1.616,-1.865,1,1
10,3,27,3,N,nb25,1995,-1.865,1.721,1,1
10,3,27,3,N,nb26,1995,0.095,-1.718,3,0
10,3,27,3,N,nb27,1995,0.078,0.936,2,1
10,3,27,3,N,nb28,1995,-0.109,-1.355,2,0
10,3,27,3,N,nb29,1995,0.01,-1.234,3,0
10,3,27,3,A,aa0,1995,-0.089,-1.524,5,1
10,3,27,3,A,aa1,1995,1.066,1.312,0,0
10,3,27,3,A,aa2,1995,1.801,-0.179,0,0
10,3,27,3,N,nb0,2000,-0.975,1.738,2,1
10,3,27,3,N,nb1,2000,1.029,1.866,0,0
10,3,27,3,N,nb2,2000,-0.695,1.865,2,1
10,3,27,3,N,nb3,2000,0.978,-1.678,2,1
10,3,27,3,N,nb4,2000,0.267,0.924,1,1
10,3,27,3,N,nb5,2000,0.014,-1.866,2,0
10,3,27,3,N,nb6,2000,-0.865,1.866,3,1
10,3,27,3,N,nb7,2000,-1.092,1.866,3,1
10,3,27,3,N,nb8,2000,-1.62,1.8,2,1
10,3,27,3,N,nb9,2000,-1.553,1.634,1,1
10,3,27,3,N,nb10,2000,0.28,-1.246,0,0
10,3,27,3,N,nb11,2000,0.821,-1.867,1,1
10,3,27,3,N,nb12,2000,-1.246,1.794,1,1
10,3,27,3,N,nb13,2000,-0.414,1.707,1,1
10,3,27,3,N,nb14,2000,0.184,-1.866,2,1
10,3,27,3,N,nb15,2000,1.378,-1.866,2,1
10,3,27,3,N,nb16,2000,-1.776,1.865,2,1
10,3,27,3,N,nb17,2000,-0.067,0.85,1,1
10,3,27,3,N,nb18,2000,0.035,-1.402,3,0
10,3,27,3,N,nb19,2000,-0.198,-1.115,2,1
10,3,27,3,N,nb20,2000,-0.524,1.865,2,1
10,3,27,3,N,nb21,2000,1.135,-1.866,2,1
10,3,27,3,N,nb22,2000,-1.524,-0.383,0,0
10,3,27,3,N,nb23,2000,0.14,-1.555,2,0
10,3,27,3,N,nb24,2000,1.616,-1.865,1,1
10,3,27,3,N,nb25,2000,-1.865,1.721,1,1
10,3,27,3,N,nb26,2000,0.099,-1.719,3,0
10,3,27,3,N,nb27,2000,0.078,0.936,2,1
10,3,27,3,N,nb28,2000,-0.123,-1.34,3,0
10,3,27,3,N,nb29,2000,0.01,-1.234,3,1
10,3,27,3,A,aa0,2000,-0.097,-1.508,0,0
10,3,27,3,A,aa1,2000,1.156,1.356,0,0
10,3,27,3,A,aa2,2000,1.866,-0.212,0,0
