anti_pct,rep,n_normal,n_anti,role,robot_id,tick,x,y,metric_c,metric_f
15,0,26,4,N,nb0,5,-1.333,0.466,0,0
15,0,26,4,N,nb1,5,1.307,-0.664,0,0
15,0,26,4,N,nb2,5,0.601,-1.26,1,1
15,0,26,4,N,nb3,5,-0.458,0.079,0,1
15,0,26,4,N,nb4,5,0.086,0.654,0,0
15,0,26,4,N,nb5,5,-0.364,0.781,0,0
15,0,26,4,N,nb6,5,0.855,1.738,0,1
15,0,26,4,N,nb7,5,-0.069,-0.586,1,1
15,0,26,4,N,nb8,5,-0.507,0.415,0,0
15,0,26,4,N,nb9,5,-1.381,0.726,0,0
15,0,26,4,N,nb10,5,0.668,1.186,0,0
15,0,26,4,N,nb11,5,0.58,-1.626,1,1
15,0,26,4,N,nb12,5,0.088,-1.076,1,1
15,0,26,4,N,nb13,5,1.602,1.315,0,0
15,0,26,4,N,nb14,5,-1.416,1.462,0,0
15,0,26,4,N,nb15,5,0.101,-0.656,1,1
15,0,26,4,N,nb16,5,1.722,0.582,0,0
15,0,26,4,N,nb17,5,-1.737,0.833,0,0
15,0,26,4,N,nb18,5,-1.337,-1.262,0,0
15,0,26,4,N,nb19,5,0.676,0.708,0,0
15,0,26,4,N,nb20,5,-0.845,0.884,0,1
15,0,26,4,N,nb21,5,-0.641,-0.743,0,0
15,0,26,4,N,nb22,5,0.48,-0.582,1,1
15,0,26,4,N,nb23,5,0.441,-0.391,1,1
15,0,26,4,N,nb24,5,-1.054,-1.163,0,0
15,0,26,4,N,nb25,5,0.223,-0.88,1,1
15,0,26,4,N,nb26,5,-1.287,1.163,0,0
15,0,26,4,N,nb27,5,0.493,-1.408,2,1
15,0,26,4,N,nb28,5,-0.568,1.832,0,0
15,0,26,4,N,nb29,5,0.916,0.627,0,0
15,0,26,4,A,aa0,5,0.666,1.594,1,0
15,0,26,4,A,aa1,5,-0.685,0.125,1,0
15,0,26,4,A,aa2,5,0.772,0.171,0,0
15,0,26,4,A,aa3,5,-0.892,1.105,1,0
15,0,26,4,N,nb0,10,-1.234,0.459,0,0
15,0,26,4,N,nb1,10,1.387,-0.604,0,0
15,0,26,4,N,nb2,10,0.601,-1.26,1,1
15,0,26,4,N,nb3,10,-0.458,0.079,1,1
15,0,26,4,N,nb4,10,0.165,0.594,0,0
15,0,26,4,N,nb5,10,-0.285,0.842,0,0
15,0,26,4,N,nb6,10,0.855,1.738,0,1
15,0,26,4,N,nb7,10,-0.069,-0.586,1,1
15,0,26,4,N,nb8,10,-0.511,0.317,1,1
15,0,26,4,N,nb9,10,-1.285,0.745,0,0
15,0,26,4,N,nb10,10,0.638,1.091,0,0
15,0,26,4,N,nb11,10,0.58,-1.626,1,1
15,0,26,4,N,nb12,10,0.088,-1.076,1,1
15,0,26,4,N,nb13,10,1.697,1.347,0,0
15,0,26,4,N,nb14,10,-1.486,1.534,0,0
15,0,26,4,N,nb15,10,0.101,-0.656,1,1
15,0,26,4,N,nb16,10,1.8,0.527,0,0
15,0,26,4,N,nb17,10,-1.668,0.906,0,0
15,0,26,4,N,nb18,10,-1.414,-1.326,0,0
15,0,26,4,N,nb19,10,0.706,0.687,1,1
15,0,26,4,N,nb20,10,-0.845,0.884,0,1
15,0,26,4,N,nb21,10,-0.558,-0.687,0,0
15,0,26,4,N,nb22,10,0.48,-0.582,1,1
15,0,26,4,N,nb23,10,0.441,-0.391,1,1
15,0,26,4,N,nb24,10,-1.05,-1.263,0,0
15,0,26,4,N,nb25,10,0.223,-0.88,1,1
15,0,26,4,N,nb26,10,-1.242,1.253,0,0
15,0,26,4,N,nb27,10,0.493,-1.408,2,1
15,0,26,4,N,nb28,10,-0.589,1.866,0,0
15,0,26,4,N,nb29,10,0.934,0.589,1,1
15,0,26,4,A,aa0,10,0.686,1.559,1,0
15,0,26,4,A,aa1,10,-0.775,0.087,1,0
15,0,26,4,A,aa2,10,0.851,0.11,2,0
15,0,26,4,A,aa3,10,-0.809,1.149,1,0
15,0,26,4,N,nb0,15,-1.135,0.452,0,0
15,0,26,4,N,nb1,15,1.467,-0.544,0,0
15,0,26,4,N,nb2,15,0.601,-1.26,1,1
15,0,26,4,N,nb3,15,-0.458,0.079,1,1
15,0,26,4,N,nb4,15,0.245,0.533,0,0
15,0,26,4,N,nb5,15,-0.206,0.903,0,0
15,0,26,4,N,nb6,15,0.855,1.738,0,1
15,0,26,4,N,nb7,15,-0.069,-0.586,1,1
15,0,26,4,N,nb8,15,-0.511,0.315,1,1
15,0,26,4,N,nb9,15,-1.187,0.766,0,0
15,0,26,4,N,nb10,15,0.609,0.995,0,0
15,0,26,4,N,nb11,15,0.58,-1.626,1,1
15,0,26,4,N,nb12,15,0.088,-1.076,1,1
15,0,26,4,N,nb13,15,1.789,1.378,0,0
15,0,26,4,N,nb14,15,-1.555,1.606,0,0
15,0,26,4,N,nb15,15,0.101,-0.656,1,1
15,0,26,4,N,nb16,15,1.865,0.468,0,0
15,0,26,4,N,nb17,15,-1.599,0.978,0,0
15,0,26,4,N,nb18,15,-1.49,-1.39,0,0
15,0,26,4,N,nb19,15,0.706,0.687,1,1
15,0,26,4,N,nb20,15,-0.845,0.884,0,1
15,0,26,4,N,nb21,15,-0.475,-0.631,0,0
15,0,26,4,N,nb22,15,0.48,-0.582,1,1
15,0,26,4,N,nb23,15,0.441,-0.391,1,1
15,0,26,4,N,nb24,15,-1.045,-1.363,0,0
15,0,26,4,N,nb25,15,0.223,-0.88,1,1
15,0,26,4,N,nb26,15,-1.198,1.342,0,0
15,0,26,4,N,nb27,15,0.493,-1.408,2,1
15,0,26,4,N,nb28,15,-0.625,1.866,0,0
15,0,26,4,N,nb29,15,0.934,0.589,1,1
15,0,26,4,A,aa0,15,0.745,1.521,1,0
15,0,26,4,A,aa1,15,-0.868,0.049,2,0
15,0,26,4,A,aa2,15,0.93,0.048,1,0
15,0,26,4,A,aa3,15,-0.724,1.2,1,0
15,0,26,4,N,nb0,20,-1.035,0.445,0,0
15,0,26,4,N,nb1,20,1.546,-0.483,0,0
15,0,26,4,N,nb2,20,0.601,-1.26,1,1
15,0,26,4,N,nb3,20,-0.458,0.079,1,1
15,0,26,4,N,nb4,20,0.324,0.472,0,0
15,0,26,4,N,nb5,20,-0.127,0.964,0,0
15,0,26,4,N,nb6,20,0.855,1.738,0,1
15,0,26,4,N,nb7,20,-0.069,-0.586,1,1
15,0,26,4,N,nb8,20,-0.511,0.315,1,1
15,0,26,4,N,nb9,20,-1.089,0.786,0,0
15,0,26,4,N,nb10,20,0.58,0.902,1,1
15,0,26,4,N,nb11,20,0.58,-1.626,1,1
15,0,26,4,N,nb12,20,0.088,-1.076,1,1
15,0,26,4,N,nb13,20,1.866,1.414,0,0
15,0,26,4,N,nb14,20,-1.625,1.678,0,0
15,0,26,4,N,nb15,20,0.101,-0.656,1,1
15,0,26,4,N,nb16,20,1.866,0.402,0,0
15,0,26,4,N,nb17,20,-1.529,1.05,0,0
15,0,26,4,N,nb18,20,-1.567,-1.454,0,0
15,0,26,4,N,nb19,20,0.706,0.687,2,1
15,0,26,4,N,nb20,20,-0.845,0.884,0,1
15,0,26,4,N,nb21,20,-0.393,-0.575,0,0
15,0,26,4,N,nb22,20,0.48,-0.582,1,1
15,0,26,4,N,nb23,20,0.441,-0.391,1,1
15,0,26,4,N,nb24,20,-1.041,-1.463,0,0
15,0,26,4,N,nb25,20,0.223,-0.88,1,1
15,0,26,4,N,nb26,20,-1.153,1.432,0,0
15,0,26,4,N,nb27,20,0.493,-1.408,2,1
15,0,26,4,N,nb28,20,-0.674,1.866,0,0
15,0,26,4,N,nb29,20,0.934,0.589,1,1
15,0,26,4,A,aa0,20,0.819,1.463,1,0
15,0,26,4,A,aa1,20,-0.961,0.011,2,0
15,0,26,4,A,aa2,20,1.009,-0.013,0,0
15,0,26,4,A,aa3,20,-0.639,1.252,1,0
15,0,26,4,N,nb0,25,-0.935,0.438,0,0
15,0,26,4,N,nb1,25,1.626,-0.423,0,0
15,0,26,4,N,nb2,25,0.601,-1.26,1,1
15,0,26,4,N,nb3,25,-0.458,0.079,1,1
15,0,26,4,N,nb4,25,0.404,0.412,0,0
15,0,26,4,N,nb5,25,-0.048,1.026,0,0
15,0,26,4,N,nb6,25,0.855,1.738,0,1
15,0,26,4,N,nb7,25,-0.069,-0.586,1,1
15,0,26,4,N,nb8,25,-0.511,0.315,1,1
15,0,26,4,N,nb9,25,-1.07,0.79,1,1
15,0,26,4,N,nb10,25,0.579,0.899,1,1
15,0,26,4,N,nb11,25,0.58,-1.626,1,1
15,0,26,4,N,nb12,25,0.088,-1.076,1,1
15,0,26,4,N,nb13,25,1.866,1.46,0,0
15,0,26,4,N,nb14,25,-1.695,1.75,0,0
15,0,26,4,N,nb15,25,0.101,-0.656,1,1
15,0,26,4,N,nb16,25,1.866,0.327,0,0
15,0,26,4,N,nb17,25,-1.46,1.122,0,0
15,0,26,4,N,nb18,25,-1.644,-1.518,0,0
15,0,26,4,N,nb19,25,0.706,0.687,2,1
15,0,26,4,N,nb20,25,-0.845,0.884,1,1
15,0,26,4,N,nb21,25,-0.311,-0.519,0,0
15,0,26,4,N,nb22,25,0.48,-0.582,1,1
15,0,26,4,N,nb23,25,0.441,-0.391,1,1
15,0,26,4,N,nb24,25,-1.037,-1.563,0,0
15,0,26,4,N,nb25,25,0.223,-0.88,1,1
15,0,26,4,N,nb26,25,-1.109,1.521,0,0
15,0,26,4,N,nb27,25,0.493,-1.408,2,1
15,0,26,4,N,nb28,25,-0.736,1.866,0,0
15,0,26,4,N,nb29,25,0.934,0.589,1,1
15,0,26,4,A,aa0,25,0.896,1.398,2,0
15,0,26,4,A,aa1,25,-1.053,-0.026,0,0
15,0,26,4,A,aa2,25,1.087,-0.075,0,0
15,0,26,4,A,aa3,25,-0.553,1.304,1,0
15,0,26,4,N,nb0,30,-0.835,0.431,0,0
15,0,26,4,N,nb1,30,1.706,-0.363,0,0
15,0,26,4,N,nb2,30,0.601,-1.26,1,1
15,0,26,4,N,nb3,30,-0.458,0.079,1,1
15,0,26,4,N,nb4,30,0.483,0.351,0,0
15,0,26,4,N,nb5,30,0.031,1.087,0,0
15,0,26,4,N,nb6,30,0.855,1.738,0,1
15,0,26,4,N,nb7,30,-0.069,-0.586,2,1
15,0,26,4,N,nb8,30,-0.511,0.315,1,1
15,0,26,4,N,nb9,30,-1.07,0.79,1,1
15,0,26,4,N,nb10,30,0.579,0.899,1,1
15,0,26,4,N,nb11,30,0.58,-1.626,1,1
15,0,26,4,N,nb12,30,0.088,-1.076,1,1
15,0,26,4,N,nb13,30,1.866,1.519,0,0
15,0,26,4,N,nb14,30,-1.76,1.815,0,0
15,0,26,4,N,nb15,30,0.101,-0.656,1,1
15,0,26,4,N,nb16,30,1.866,0.245,0,0
15,0,26,4,N,nb17,30,-1.391,1.194,0,0
15,0,26,4,N,nb18,30,-1.721,-1.582,0,0
15,0,26,4,N,nb19,30,0.706,0.687,2,1
15,0,26,4,N,nb20,30,-0.845,0.884,1,1
15,0,26,4,N,nb21,30,-0.295,-0.508,1,1
15,0,26,4,N,nb22,30,0.48,-0.582,1,1
15,0,26,4,N,nb23,30,0.441,-0.391,1,1
15,0,26,4,N,nb24,30,-1.033,-1.663,0,0
15,0,26,4,N,nb25,30,0.223,-0.88,1,1
15,0,26,4,N,nb26,30,-1.064,1.611,0,0
15,0,26,4,N,nb27,30,0.493,-1.408,2,1
15,0,26,4,N,nb28,30,-0.808,1.866,0,0
15,0,26,4,N,nb29,30,0.934,0.589,1,1
15,0,26,4,A,aa0,30,0.972,1.334,2,0
15,0,26,4,A,aa1,30,-1.146,-0.064,0,0
15,0,26,4,A,aa2,30,1.166,-0.136,0,0
15,0,26,4,A,aa3,30,-0.468,1.356,0,0
15,0,26,4,N,nb0,35,-0.738,0.424,0,0
15,0,26,4,N,nb1,35,1.784,-0.304,0,0
15,0,26,4,N,nb2,35,0.601,-1.26,1,1
15,0,26,4,N,nb3,35,-0.458,0.079,1,1
15,0,26,4,N,nb4,35,0.563,0.29,0,0
15,0,26,4,N,nb5,35,0.11,1.148,0,0
15,0,26,4,N,nb6,35,0.87,1.79,0,0
15,0,26,4,N,nb7,35,-0.069,-0.586,2,1
15,0,26,4,N,nb8,35,-0.511,0.315,1,1
15,0,26,4,N,nb9,35,-1.07,0.79,1,1
15,0,26,4,N,nb10,35,0.579,0.899,1,1
15,0,26,4,N,nb11,35,0.58,-1.626,1,1
15,0,26,4,N,nb12,35,0.088,-1.076,1,1
15,0,26,4,N,nb13,35,1.866,1.588,0,0
15,0,26,4,N,nb14,35,-1.831,1.866,0,0
15,0,26,4,N,nb15,35,0.101,-0.656,1,1
15,0,26,4,N,nb16,35,1.866,0.157,0,0
15,0,26,4,N,nb17,35,-1.321,1.266,0,0
15,0,26,4,N,nb18,35,-1.793,-1.644,0,0
15,0,26,4,N,nb19,35,0.706,0.687,2,1
15,0,26,4,N,nb20,35,-0.845,0.884,1,1
15,0,26,4,N,nb21,35,-0.295,-0.508,1,1
15,0,26,4,N,nb22,35,0.48,-0.582,1,1
15,0,26,4,N,nb23,35,0.441,-0.391,1,1
15,0,26,4,N,nb24,35,-1.028,-1.763,0,0
15,0,26,4,N,nb25,35,0.223,-0.88,1,1
15,0,26,4,N,nb26,35,-1.027,1.686,1,1
15,0,26,4,N,nb27,35,0.493,-1.408,2,1
15,0,26,4,N,nb28,35,-0.874,1.866,1,1
15,0,26,4,N,nb29,35,0.934,0.589,1,1
15,0,26,4,A,aa0,35,1.048,1.269,1,0
15,0,26,4,A,aa1,35,-1.238,-0.102,0,0
15,0,26,4,A,aa2,35,1.245,-0.198,0,0
15,0,26,4,A,aa3,35,-0.383,1.408,0,0
15,0,26,4,N,nb0,40,-0.718,0.423,1,1
15,0,26,4,N,nb1,40,1.849,-0.245,0,0
15,0,26,4,N,nb2,40,0.601,-1.26,1,1
15,0,26,4,N,nb3,40,-0.458,0.079,1,1
15,0,26,4,N,nb4,40,0.642,0.229,0,0
15,0,26,4,N,nb5,40,0.189,1.209,0,0
15,0,26,4,N,nb6,40,0.903,1.866,0,0
15,0,26,4,N,nb7,40,-0.069,-0.586,2,1
15,0,26,4,N,nb8,40,-0.511,0.315,2,0
15,0,26,4,N,nb9,40,-1.07,0.79,1,1
15,0,26,4,N,nb10,40,0.579,0.899,1,1
15,0,26,4,N,nb11,40,0.58,-1.626,1,1
15,0,26,4,N,nb12,40,0.088,-1.076,1,1
15,0,26,4,N,nb13,40,1.866,1.666,0,0
15,0,26,4,N,nb14,40,-1.866,1.866,0,0
15,0,26,4,N,nb15,40,0.101,-0.656,1,1
15,0,26,4,N,nb16,40,1.866,0.067,0,0
15,0,26,4,N,nb17,40,-1.252,1.338,0,0
15,0,26,4,N,nb18,40,-1.853,-1.709,0,0
15,0,26,4,N,nb19,40,0.706,0.687,2,1
15,0,26,4,N,nb20,40,-0.845,0.884,1,1
15,0,26,4,N,nb21,40,-0.295,-0.508,1,1
15,0,26,4,N,nb22,40,0.48,-0.582,1,1
15,0,26,4,N,nb23,40,0.441,-0.391,1,1
15,0,26,4,N,nb24,40,-1.02,-1.85,0,0
15,0,26,4,N,nb25,40,0.223,-0.88,1,1
15,0,26,4,N,nb26,40,-1.027,1.686,1,1
15,0,26,4,N,nb27,40,0.493,-1.408,2,1
15,0,26,4,N,nb28,40,-0.874,1.866,1,1
15,0,26,4,N,nb29,40,0.934,0.589,1,1
15,0,26,4,A,aa0,40,1.125,1.205,0,0
15,0,26,4,A,aa1,40,-1.331,-0.14,0,0
15,0,26,4,A,aa2,40,1.324,-0.259,0,0
15,0,26,4,A,aa3,40,-0.297,1.46,0,0
15,0,26,4,N,nb0,45,-0.718,0.423,1,1
15,0,26,4,N,nb1,45,1.865,-0.217,1,1
15,0,26,4,N,nb2,45,0.601,-1.26,1,1
15,0,26,4,N,nb3,45,-0.458,0.079,1,1
15,0,26,4,N,nb4,45,0.722,0.169,0,0
15,0,26,4,N,nb5,45,0.268,1.271,0,0
15,0,26,4,N,nb6,45,0.946,1.866,0,0
15,0,26,4,N,nb7,45,-0.069,-0.586,2,1
15,0,26,4,N,nb8,45,-0.511,0.315,2,1
15,0,26,4,N,nb9,45,-1.07,0.79,1,1
15,0,26,4,N,nb10,45,0.579,0.899,1,1
15,0,26,4,N,nb11,45,0.58,-1.626,1,1
15,0,26,4,N,nb12,45,0.088,-1.076,1,1
15,0,26,4,N,nb13,45,1.866,1.75,0,0
15,0,26,4,N,nb14,45,-1.866,1.866,0,0
15,0,26,4,N,nb15,45,0.101,-0.656,1,1
15,0,26,4,N,nb16,45,1.866,0.027,1,1
15,0,26,4,N,nb17,45,-1.182,1.41,0,0
15,0,26,4,N,nb18,45,-1.865,-1.78,0,0
15,0,26,4,N,nb19,45,0.706,0.687,2,1
15,0,26,4,N,nb20,45,-0.845,0.884,1,1
15,0,26,4,N,nb21,45,-0.295,-0.508,1,1
15,0,26,4,N,nb22,45,0.48,-0.582,1,1
15,0,26,4,N,nb23,45,0.441,-0.391,1,1
15,0,26,4,N,nb24,45,-1.001,-1.865,0,0
15,0,26,4,N,nb25,45,0.223,-0.88,1,1
15,0,26,4,N,nb26,45,-1.027,1.686,1,1
15,0,26,4,N,nb27,45,0.493,-1.408,2,1
15,0,26,4,N,nb28,45,-0.874,1.866,1,1
15,0,26,4,N,nb29,45,0.934,0.589,1,1
15,0,26,4,A,aa0,45,1.201,1.14,0,0
15,0,26,4,A,aa1,45,-1.424,-0.178,0,0
15,0,26,4,A,aa2,45,1.403,-0.321,2,0
15,0,26,4,A,aa3,45,-0.212,1.512,0,0
15,0,26,4,N,nb0,50,-0.718,0.423,1,1
15,0,26,4,N,nb1,50,1.865,-0.217,1,1
15,0,26,4,N,nb2,50,0.601,-1.26,1,1
15,0,26,4,N,nb3,50,-0.458,0.079,1,1
15,0,26,4,N,nb4,50,0.801,0.108,0,0
15,0,26,4,N,nb5,50,0.347,1.332,0,0
15,0,26,4,N,nb6,50,1.002,1.866,0,0
15,0,26,4,N,nb7,50,-0.069,-0.586,2,1
15,0,26,4,N,nb8,50,-0.511,0.315,2,1
15,0,26,4,N,nb9,50,-1.07,0.79,1,1
15,0,26,4,N,nb10,50,0.579,0.899,1,0
15,0,26,4,N,nb11,50,0.58,-1.626,1,1
15,0,26,4,N,nb12,50,0.088,-1.076,1,1
15,0,26,4,N,nb13,50,1.866,1.838,0,0
15,0,26,4,N,nb14,50,-1.866,1.866,0,0
15,0,26,4,N,nb15,50,0.101,-0.656,1,1
15,0,26,4,N,nb16,50,1.866,0.027,1,1
15,0,26,4,N,nb17,50,-1.127,1.467,1,1
15,0,26,4,N,nb18,50,-1.865,-1.858,0,0
15,0,26,4,N,nb19,50,0.706,0.687,2,1
15,0,26,4,N,nb20,50,-0.845,0.884,1,1
15,0,26,4,N,nb21,50,-0.295,-0.508,1,1
15,0,26,4,N,nb22,50,0.48,-0.582,1,1
15,0,26,4,N,nb23,50,0.441,-0.391,1,1
15,0,26,4,N,nb24,50,-0.966,-1.865,0,0
15,0,26,4,N,nb25,50,0.223,-0.88,1,1
15,0,26,4,N,nb26,50,-1.027,1.686,2,1
15,0,26,4,N,nb27,50,0.493,-1.408,2,1
15,0,26,4,N,nb28,50,-0.874,1.866,1,1
15,0,26,4,N,nb29,50,0.934,0.589,1,1
15,0,26,4,A,aa0,50,1.277,1.075,1,0
15,0,26,4,A,aa1,50,-1.516,-0.215,0,0
15,0,26,4,A,aa2,50,1.482,-0.382,2,0
15,0,26,4,A,aa3,50,-0.209,1.514,0,0
15,0,26,4,N,nb0,55,-0.718,0.423,1,1
15,0,26,4,N,nb1,55,1.865,-0.217,1,1
15,0,26,4,N,nb2,55,0.601,-1.26,1,1
15,0,26,4,N,nb3,55,-0.458,0.079,1,1
15,0,26,4,N,nb4,55,0.881,0.047,0,0
15,0,26,4,N,nb5,55,0.426,1.393,0,0
15,0,26,4,N,nb6,55,1.069,1.866,0,0
15,0,26,4,N,nb7,55,-0.069,-0.586,2,1
15,0,26,4,N,nb8,55,-0.511,0.315,2,1
15,0,26,4,N,nb9,55,-1.07,0.79,1,1
15,0,26,4,N,nb10,55,0.579,0.899,1,1
15,0,26,4,N,nb11,55,0.58,-1.626,1,1
15,0,26,4,N,nb12,55,0.088,-1.076,1,1
15,0,26,4,N,nb13,55,1.866,1.866,0,0
15,0,26,4,N,nb14,55,-1.866,1.864,0,0
15,0,26,4,N,nb15,55,0.101,-0.656,1,1
15,0,26,4,N,nb16,55,1.866,0.027,1,1
15,0,26,4,N,nb17,55,-1.127,1.467,1,1
15,0,26,4,N,nb18,55,-1.865,-1.866,0,0
15,0,26,4,N,nb19,55,0.706,0.687,2,1
15,0,26,4,N,nb20,55,-0.845,0.884,1,1
15,0,26,4,N,nb21,55,-0.295,-0.508,1,1
15,0,26,4,N,nb22,55,0.48,-0.582,1,1
15,0,26,4,N,nb23,55,0.441,-0.391,1,1
15,0,26,4,N,nb24,55,-0.917,-1.865,0,0
15,0,26,4,N,nb25,55,0.223,-0.88,1,1
15,0,26,4,N,nb26,55,-1.027,1.686,2,1
15,0,26,4,N,nb27,55,0.493,-1.408,2,1
15,0,26,4,N,nb28,55,-0.874,1.866,1,1
15,0,26,4,N,nb29,55,0.934,0.589,1,1
15,0,26,4,A,aa0,55,1.354,1.011,1,0
15,0,26,4,A,aa1,55,-1.609,-0.253,0,0
15,0,26,4,A,aa2,55,1.561,-0.444,2,0
15,0,26,4,A,aa3,55,-0.213,1.55,0,0
15,0,26,4,N,nb0,60,-0.718,0.423,1,1
15,0,26,4,N,nb1,60,1.865,-0.217,1,1
15,0,26,4,N,nb2,60,0.601,-1.26,1,1
15,0,26,4,N,nb3,60,-0.458,0.079,1,1
15,0,26,4,N,nb4,60,0.96,-0.013,0,0
15,0,26,4,N,nb5,60,0.505,1.455,0,0
15,0,26,4,N,nb6,60,1.145,1.866,0,0
15,0,26,4,N,nb7,60,-0.069,-0.586,2,1
15,0,26,4,N,nb8,60,-0.511,0.315,2,1
15,0,26,4,N,nb9,60,-1.07,0.79,1,1
15,0,26,4,N,nb10,60,0.579,0.899,1,1
15,0,26,4,N,nb11,60,0.58,-1.626,1,1
15,0,26,4,N,nb12,60,0.088,-1.076,1,1
15,0,26,4,N,nb13,60,1.861,1.866,0,0
15,0,26,4,N,nb14,60,-1.866,1.849,0,0
15,0,26,4,N,nb15,60,0.101,-0.656,1,1
15,0,26,4,N,nb16,60,1.866,0.027,1,1
15,0,26,4,N,nb17,60,-1.127,1.467,1,1
15,0,26,4,N,nb18,60,-1.865,-1.866,0,0
15,0,26,4,N,nb19,60,0.706,0.687,2,1
15,0,26,4,N,nb20,60,-0.845,0.884,1,1
15,0,26,4,N,nb21,60,-0.295,-0.508,1,1
15,0,26,4,N,nb22,60,0.48,-0.582,1,1
15,0,26,4,N,nb23,60,0.441,-0.391,1,1
15,0,26,4,N,nb24,60,-0.855,-1.865,0,0
15,0,26,4,N,nb25,60,0.223,-0.88,1,1
15,0,26,4,N,nb26,60,-1.027,1.686,2,1
15,0,26,4,N,nb27,60,0.493,-1.408,2,1
15,0,26,4,N,nb28,60,-0.874,1.866,1,1
15,0,26,4,N,nb29,60,0.934,0.589,1,1
15,0,26,4,A,aa0,60,1.43,0.946,0,0
15,0,26,4,A,aa1,60,-1.701,-0.291,0,0
15,0,26,4,A,aa2,60,1.639,-0.505,2,0
15,0,26,4,A,aa3,60,-0.225,1.649,0,0
15,0,26,4,N,nb0,65,-0.718,0.423,1,1
15,0,26,4,N,nb1,65,1.865,-0.217,1,1
15,0,26,4,N,nb2,65,0.601,-1.26,1,1
15,0,26,4,N,nb3,65,-0.458,0.079,1,1
15,0,26,4,N,nb4,65,1.04,-0.074,0,0
15,0,26,4,N,nb5,65,0.584,1.516,0,0
15,0,26,4,N,nb6,65,1.228,1.866,0,0
15,0,26,4,N,nb7,65,-0.069,-0.586,2,1
15,0,26,4,N,nb8,65,-0.511,0.315,2,1
15,0,26,4,N,nb9,65,-1.07,0.79,1,1
15,0,26,4,N,nb10,65,0.579,0.899,1,1
15,0,26,4,N,nb11,65,0.58,-1.626,1,1
15,0,26,4,N,nb12,65,0.088,-1.076,1,1
15,0,26,4,N,nb13,65,1.843,1.866,0,0
15,0,26,4,N,nb14,65,-1.866,1.821,0,0
15,0,26,4,N,nb15,65,0.101,-0.656,1,1
15,0,26,4,N,nb16,65,1.866,0.027,1,1
15,0,26,4,N,nb17,65,-1.127,1.467,1,1
15,0,26,4,N,nb18,65,-1.864,-1.866,0,0
15,0,26,4,N,nb19,65,0.706,0.687,2,1
15,0,26,4,N,nb20,65,-0.845,0.884,1,1
15,0,26,4,N,nb21,65,-0.295,-0.508,1,1
15,0,26,4,N,nb22,65,0.48,-0.582,1,1
15,0,26,4,N,nb23,65,0.441,-0.391,1,1
15,0,26,4,N,nb24,65,-0.783,-1.865,0,0
15,0,26,4,N,nb25,65,0.223,-0.88,1,1
15,0,26,4,N,nb26,65,-1.027,1.686,2,1
15,0,26,4,N,nb27,65,0.493,-1.408,2,1
15,0,26,4,N,nb28,65,-0.874,1.866,1,1
15,0,26,4,N,nb29,65,0.934,0.589,1,1
15,0,26,4,A,aa0,65,1.506,0.881,0,0
15,0,26,4,A,aa1,65,-1.76,-0.315,0,0
15,0,26,4,A,aa2,65,1.718,-0.567,1,0
15,0,26,4,A,aa3,65,-0.237,1.749,0,0
15,0,26,4,N,nb0,70,-0.718,0.423,1,1
15,0,26,4,N,nb1,70,1.865,-0.217,1,1
15,0,26,4,N,nb2,70,0.601,-1.26,1,1
15,0,26,4,N,nb3,70,-0.458,0.079,1,1
15,0,26,4,N,nb4,70,1.119,-0.135,0,0
15,0,26,4,N,nb5,70,0.663,1.577,0,0
15,0,26,4,N,nb6,70,1.316,1.866,0,0
15,0,26,4,N,nb7,70,-0.069,-0.586,2,1
15,0,26,4,N,nb8,70,-0.511,0.315,2,1
15,0,26,4,N,nb9,70,-1.07,0.79,1,1
15,0,26,4,N,nb10,70,0.579,0.899,1,1
15,0,26,4,N,nb11,70,0.58,-1.626,1,1
15,0,26,4,N,nb12,70,0.088,-1.076,1,1
15,0,26,4,N,nb13,70,1.813,1.866,0,0
15,0,26,4,N,nb14,70,-1.866,1.78,0,0
15,0,26,4,N,nb15,70,0.101,-0.656,1,1
15,0,26,4,N,nb16,70,1.866,0.027,1,1
15,0,26,4,N,nb17,70,-1.127,1.467,1,1
15,0,26,4,N,nb18,70,-1.851,-1.866,0,0
15,0,26,4,N,nb19,70,0.706,0.687,2,1
15,0,26,4,N,nb20,70,-0.845,0.884,1,1
15,0,26,4,N,nb21,70,-0.295,-0.508,1,1
15,0,26,4,N,nb22,70,0.48,-0.582,1,1
15,0,26,4,N,nb23,70,0.441,-0.391,1,1
15,0,26,4,N,nb24,70,-0.704,-1.865,0,0
15,0,26,4,N,nb25,70,0.223,-0.88,1,1
15,0,26,4,N,nb26,70,-1.027,1.686,2,1
15,0,26,4,N,nb27,70,0.493,-1.408,2,1
15,0,26,4,N,nb28,70,-0.874,1.866,1,1
15,0,26,4,N,nb29,70,0.934,0.589,1,1
15,0,26,4,A,aa0,70,1.583,0.817,0,0
15,0,26,4,A,aa1,70,-1.776,-0.346,0,0
15,0,26,4,A,aa2,70,1.793,-0.626,1,0
15,0,26,4,A,aa3,70,-0.251,1.836,0,0
15,0,26,4,N,nb0,75,-0.718,0.423,1,1
15,0,26,4,N,nb1,75,1.865,-0.217,1,1
15,0,26,4,N,nb2,75,0.601,-1.26,1,1
15,0,26,4,N,nb3,75,-0.458,0.079,1,1
15,0,26,4,N,nb4,75,1.199,-0.195,0,0
15,0,26,4,N,nb5,75,0.743,1.638,0,0
15,0,26,4,N,nb6,75,1.407,1.866,0,0
15,0,26,4,N,nb7,75,-0.069,-0.586,2,1
15,0,26,4,N,nb8,75,-0.511,0.315,2,1
15,0,26,4,N,nb9,75,-1.07,0.79,1,1
15,0,26,4,N,nb10,75,0.579,0.899,1,1
15,0,26,4,N,nb11,75,0.58,-1.626,1,1
15,0,26,4,N,nb12,75,0.088,-1.076,1,1
15,0,26,4,N,nb13,75,1.768,1.866,0,0
15,0,26,4,N,nb14,75,-1.866,1.726,0,0
15,0,26,4,N,nb15,75,0.101,-0.656,1,1
15,0,26,4,N,nb16,75,1.866,0.027,1,1
15,0,26,4,N,nb17,75,-1.127,1.467,1,1
15,0,26,4,N,nb18,75,-1.826,-1.866,0,0
15,0,26,4,N,nb19,75,0.706,0.687,2,1
15,0,26,4,N,nb20,75,-0.845,0.884,1,1
15,0,26,4,N,nb21,75,-0.295,-0.508,1,1
15,0,26,4,N,nb22,75,0.48,-0.582,1,1
15,0,26,4,N,nb23,75,0.441,-0.391,1,1
15,0,26,4,N,nb24,75,-0.618,-1.865,0,0
15,0,26,4,N,nb25,75,0.223,-0.88,1,1
15,0,26,4,N,nb26,75,-1.027,1.686,2,1
15,0,26,4,N,nb27,75,0.493,-1.408,2,1
15,0,26,4,N,nb28,75,-0.874,1.866,1,1
15,0,26,4,N,nb29,75,0.934,0.589,1,1
15,0,26,4,A,aa0,75,1.659,0.752,0,0
15,0,26,4,A,aa1,75,-1.81,-0.429,0,0
15,0,26,4,A,aa2,75,1.855,-0.689,1,0
15,0,26,4,A,aa3,75,-0.278,1.865,1,0
15,0,26,4,N,nb0,80,-0.718,0.423,1,1
15,0,26,4,N,nb1,80,1.865,-0.217,1,1
15,0,26,4,N,nb2,80,0.601,-1.26,1,1
15,0,26,4,N,nb3,80,-0.458,0.079,1,1
15,0,26,4,N,nb4,80,1.278,-0.256,0,0
15,0,26,4,N,nb5,80,0.822,1.7,0,0
15,0,26,4,N,nb6,80,1.483,1.865,1,1
15,0,26,4,N,nb7,80,-0.069,-0.586,2,1
15,0,26,4,N,nb8,80,-0.511,0.315,2,1
15,0,26,4,N,nb9,80,-1.07,0.79,1,1
15,0,26,4,N,nb10,80,0.579,0.899,1,1
15,0,26,4,N,nb11,80,0.58,-1.626,1,1
15,0,26,4,N,nb12,80,0.088,-1.076,1,1
15,0,26,4,N,nb13,80,1.722,1.866,1,1
15,0,26,4,N,nb14,80,-1.866,1.661,0,0
15,0,26,4,N,nb15,80,0.101,-0.656,1,1
15,0,26,4,N,nb16,80,1.866,0.027,1,1
15,0,26,4,N,nb17,80,-1.127,1.467,1,1
15,0,26,4,N,nb18,80,-1.788,-1.866,0,0
15,0,26,4,N,nb19,80,0.706,0.687,2,1
15,0,26,4,N,nb20,80,-0.845,0.884,1,1
15,0,26,4,N,nb21,80,-0.295,-0.508,1,1
15,0,26,4,N,nb22,80,0.48,-0.582,1,1
15,0,26,4,N,nb23,80,0.441,-0.391,1,1
15,0,26,4,N,nb24,80,-0.529,-1.865,0,0
15,0,26,4,N,nb25,80,0.223,-0.88,1,1
15,0,26,4,N,nb26,80,-1.027,1.686,2,1
15,0,26,4,N,nb27,80,0.493,-1.408,2,1
15,0,26,4,N,nb28,80,-0.874,1.866,1,1
15,0,26,4,N,nb29,80,0.934,0.589,1,1
15,0,26,4,A,aa0,80,1.735,0.688,0,0
15,0,26,4,A,aa1,80,-1.833,-0.517,0,0
15,0,26,4,A,aa2,80,1.865,-0.758,1,0
15,0,26,4,A,aa3,80,-0.278,1.865,1,0
15,0,26,4,N,nb0,85,-0.718,0.423,1,1
15,0,26,4,N,nb1,85,1.865,-0.217,1,1
15,0,26,4,N,nb2,85,0.601,-1.26,1,1
15,0,26,4,N,nb3,85,-0.458,0.079,1,1
15,0,26,4,N,nb4,85,1.357,-0.317,0,0
15,0,26,4,N,nb5,85,0.901,1.761,0,0
15,0,26,4,N,nb6,85,1.483,1.865,1,1
15,0,26,4,N,nb7,85,-0.069,-0.586,2,1
15,0,26,4,N,nb8,85,-0.511,0.315,2,1
15,0,26,4,N,nb9,85,-1.07,0.79,1,1
15,0,26,4,N,nb10,85,0.579,0.899,1,1
15,0,26,4,N,nb11,85,0.58,-1.626,1,1
15,0,26,4,N,nb12,85,0.088,-1.076,1,1
15,0,26,4,N,nb13,85,1.722,1.866,1,1
15,0,26,4,N,nb14,85,-1.866,1.586,0,0
15,0,26,4,N,nb15,85,0.101,-0.656,1,1
15,0,26,4,N,nb16,85,1.866,0.027,1,1
15,0,26,4,N,nb17,85,-1.127,1.467,1,1
15,0,26,4,N,nb18,85,-1.736,-1.866,0,0
15,0,26,4,N,nb19,85,0.706,0.687,2,1
15,0,26,4,N,nb20,85,-0.845,0.884,1,1
15,0,26,4,N,nb21,85,-0.295,-0.508,1,1
15,0,26,4,N,nb22,85,0.48,-0.582,1,1
15,0,26,4,N,nb23,85,0.441,-0.391,1,1
15,0,26,4,N,nb24,85,-0.437,-1.865,0,0
15,0,26,4,N,nb25,85,0.223,-0.88,1,1
15,0,26,4,N,nb26,85,-1.027,1.686,2,1
15,0,26,4,N,nb27,85,0.493,-1.408,2,1
15,0,26,4,N,nb28,85,-0.874,1.866,1,1
15,0,26,4,N,nb29,85,0.934,0.589,1,1
15,0,26,4,A,aa0,85,1.805,0.626,0,0
15,0,26,4,A,aa1,85,-1.845,-0.608,0,0
15,0,26,4,A,aa2,85,1.865,-0.836,0,0
15,0,26,4,A,aa3,85,-0.33,1.865,1,0
15,0,26,4,N,nb0,90,-0.718,0.423,1,1
15,0,26,4,N,nb1,90,1.865,-0.217,1,1
15,0,26,4,N,nb2,90,0.601,-1.26,1,1
15,0,26,4,N,nb3,90,-0.458,0.079,1,1
15,0,26,4,N,nb4,90,1.437,-0.378,0,0
15,0,26,4,N,nb5,90,0.975,1.814,0,0
15,0,26,4,N,nb6,90,1.483,1.865,1,1
15,0,26,4,N,nb7,90,-0.069,-0.586,2,1
15,0,26,4,N,nb8,90,-0.511,0.315,2,1
15,0,26,4,N,nb9,90,-1.07,0.79,1,1
15,0,26,4,N,nb10,90,0.579,0.899,1,1
15,0,26,4,N,nb11,90,0.58,-1.626,1,1
15,0,26,4,N,nb12,90,0.088,-1.076,1,1
15,0,26,4,N,nb13,90,1.722,1.866,1,1
15,0,26,4,N,nb14,90,-1.866,1.504,0,0
15,0,26,4,N,nb15,90,0.101,-0.656,1,1
15,0,26,4,N,nb16,90,1.866,0.027,1,1
15,0,26,4,N,nb17,90,-1.127,1.467,1,1
15,0,26,4,N,nb18,90,-1.673,-1.866,0,0
15,0,26,4,N,nb19,90,0.706,0.687,2,1
15,0,26,4,N,nb20,90,-0.845,0.884,1,1
15,0,26,4,N,nb21,90,-0.295,-0.508,1,1
15,0,26,4,N,nb22,90,0.48,-0.582,1,1
15,0,26,4,N,nb23,90,0.441,-0.391,1,1
15,0,26,4,N,nb24,90,-0.345,-1.858,0,0
15,0,26,4,N,nb25,90,0.223,-0.88,1,1
15,0,26,4,N,nb26,90,-1.027,1.686,2,1
15,0,26,4,N,nb27,90,0.493,-1.408,2,1
15,0,26,4,N,nb28,90,-0.874,1.866,1,1
15,0,26,4,N,nb29,90,0.934,0.589,1,1
15,0,26,4,A,aa0,90,1.863,0.559,1,0
15,0,26,4,A,aa1,90,-1.846,-0.7,0,0
15,0,26,4,A,aa2,90,1.865,-0.92,0,0
15,0,26,4,A,aa3,90,-0.422,1.863,1,0
15,0,26,4,N,nb0,95,-0.718,0.423,1,1
15,0,26,4,N,nb1,95,1.865,-0.217,1,1
15,0,26,4,N,nb2,95,0.601,-1.26,1,1
15,0,26,4,N,nb3,95,-0.458,0.079,1,1
15,0,26,4,N,nb4,95,1.516,-0.438,0,0
15,0,26,4,N,nb5,95,1.054,1.856,0,0
15,0,26,4,N,nb6,95,1.483,1.865,1,1
15,0,26,4,N,nb7,95,-0.069,-0.586,2,1
15,0,26,4,N,nb8,95,-0.511,0.315,2,1
15,0,26,4,N,nb9,95,-1.07,0.79,1,1
15,0,26,4,N,nb10,95,0.579,0.899,1,1
15,0,26,4,N,nb11,95,0.58,-1.626,1,1
15,0,26,4,N,nb12,95,0.088,-1.076,1,1
15,0,26,4,N,nb13,95,1.722,1.866,1,1
15,0,26,4,N,nb14,95,-1.866,1.417,0,0
15,0,26,4,N,nb15,95,0.101,-0.656,1,1
15,0,26,4,N,nb16,95,1.866,0.027,1,1
15,0,26,4,N,nb17,95,-1.127,1.467,1,1
15,0,26,4,N,nb18,95,-1.6,-1.866,0,0
15,0,26,4,N,nb19,95,0.706,0.687,2,1
15,0,26,4,N,nb20,95,-0.845,0.884,1,1
15,0,26,4,N,nb21,95,-0.295,-0.508,1,1
15,0,26,4,N,nb22,95,0.48,-0.582,1,1
15,0,26,4,N,nb23,95,0.441,-0.391,1,1
15,0,26,4,N,nb24,95,-0.254,-1.841,0,0
15,0,26,4,N,nb25,95,0.223,-0.88,1,1
15,0,26,4,N,nb26,95,-1.027,1.686,2,0
15,0,26,4,N,nb27,95,0.493,-1.408,2,1
15,0,26,4,N,nb28,95,-0.874,1.866,1,0
15,0,26,4,N,nb29,95,0.934,0.589,1,1
15,0,26,4,A,aa0,95,1.866,0.486,1,0
15,0,26,4,A,aa1,95,-1.836,-0.792,0,0
15,0,26,4,A,aa2,95,1.865,-1.008,0,0
15,0,26,4,A,aa3,95,-0.514,1.85,2,0
15,0,26,4,N,nb0,100,-0.718,0.423,1,1
15,0,26,4,N,nb1,100,1.865,-0.217,1,1
15,0,26,4,N,nb2,100,0.601,-1.26,1,1
15,0,26,4,N,nb3,100,-0.458,0.079,1,1
15,0,26,4,N,nb4,100,1.596,-0.499,0,0
15,0,26,4,N,nb5,100,1.138,1.866,0,0
15,0,26,4,N,nb6,100,1.483,1.865,1,1
15,0,26,4,N,nb7,100,-0.069,-0.586,2,1
15,0,26,4,N,nb8,100,-0.511,0.315,2,1
15,0,26,4,N,nb9,100,-1.07,0.79,1,1
15,0,26,4,N,nb10,100,0.579,0.899,1,1
15,0,26,4,N,nb11,100,0.58,-1.626,1,1
15,0,26,4,N,nb12,100,0.088,-1.076,1,1
15,0,26,4,N,nb13,100,1.722,1.866,1,1
15,0,26,4,N,nb14,100,-1.866,1.327,0,0
15,0,26,4,N,nb15,100,0.101,-0.656,1,1
15,0,26,4,N,nb16,100,1.866,0.027,1,1
15,0,26,4,N,nb17,100,-1.127,1.467,1,1
15,0,26,4,N,nb18,100,-1.519,-1.866,0,0
15,0,26,4,N,nb19,100,0.706,0.687,2,1
15,0,26,4,N,nb20,100,-0.845,0.884,1,1
15,0,26,4,N,nb21,100,-0.295,-0.508,1,1
15,0,26,4,N,nb22,100,0.48,-0.582,1,1
15,0,26,4,N,nb23,100,0.441,-0.391,1,1
15,0,26,4,N,nb24,100,-0.164,-1.815,0,0
15,0,26,4,N,nb25,100,0.223,-0.88,1,1
15,0,26,4,N,nb26,100,-1.027,1.686,2,1
15,0,26,4,N,nb27,100,0.493,-1.408,2,1
15,0,26,4,N,nb28,100,-0.874,1.866,1,1
15,0,26,4,N,nb29,100,0.934,0.589,1,1
15,0,26,4,A,aa0,100,1.866,0.405,1,0
15,0,26,4,A,aa1,100,-1.817,-0.883,0,0
15,0,26,4,A,aa2,100,1.865,-1.099,0,0
15,0,26,4,A,aa3,100,-0.605,1.829,2,0
15,0,26,4,N,nb0,105,-0.718,0.423,1,1
15,0,26,4,N,nb1,105,1.865,-0.217,1,1
15,0,26,4,N,nb2,105,0.601,-1.26,1,1
15,0,26,4,N,nb3,105,-0.458,0.079,1,1
15,0,26,4,N,nb4,105,1.675,-0.56,0,0
15,0,26,4,N,nb5,105,1.226,1.866,0,0
15,0,26,4,N,nb6,105,1.483,1.865,1,1
15,0,26,4,N,nb7,105,-0.069,-0.586,2,1
15,0,26,4,N,nb8,105,-0.511,0.315,2,1
15,0,26,4,N,nb9,105,-1.07,0.79,1,1
15,0,26,4,N,nb10,105,0.579,0.899,1,1
15,0,26,4,N,nb11,105,0.58,-1.626,1,1
15,0,26,4,N,nb12,105,0.088,-1.076,1,1
15,0,26,4,N,nb13,105,1.722,1.866,1,1
15,0,26,4,N,nb14,105,-1.864,1.235,0,0
15,0,26,4,N,nb15,105,0.101,-0.656,1,1
15,0,26,4,N,nb16,105,1.866,0.027,1,1
15,0,26,4,N,nb17,105,-1.116,1.477,1,0
15,0,26,4,N,nb18,105,-1.433,-1.866,0,0
15,0,26,4,N,nb19,105,0.706,0.687,2,1
15,0,26,4,N,nb20,105,-0.845,0.884,1,1
15,0,26,4,N,nb21,105,-0.295,-0.508,1,1
15,0,26,4,N,nb22,105,0.48,-0.582,1,1
15,0,26,4,N,nb23,105,0.441,-0.391,1,1
15,0,26,4,N,nb24,105,-0.076,-1.781,0,0
15,0,26,4,N,nb25,105,0.223,-0.88,1,1
15,0,26,4,N,nb26,105,-1.02,1.699,2,0
15,0,26,4,N,nb27,105,0.493,-1.408,2,1
15,0,26,4,N,nb28,105,-0.887,1.866,1,0
15,0,26,4,N,nb29,105,0.934,0.589,1,1
15,0,26,4,A,aa0,105,1.866,0.319,0,0
15,0,26,4,A,aa1,105,-1.817,-0.886,0,0
15,0,26,4,A,aa2,105,1.861,-1.191,0,0
15,0,26,4,A,aa3,105,-0.692,1.799,0,0
15,0,26,4,N,nb0,110,-0.718,0.423,1,1
15,0,26,4,N,nb1,110,1.865,-0.217,1,1
15,0,26,4,N,nb2,110,0.601,-1.26,1,1
15,0,26,4,N,nb3,110,-0.458,0.079,1,1
15,0,26,4,N,nb4,110,1.755,-0.62,0,0
15,0,26,4,N,nb5,110,1.246,1.866,1,1
15,0,26,4,N,nb6,110,1.483,1.865,2,1
15,0,26,4,N,nb7,110,-0.069,-0.586,2,1
15,0,26,4,N,nb8,110,-0.511,0.315,2,1
15,0,26,4,N,nb9,110,-1.07,0.79,1,1
15,0,26,4,N,nb10,110,0.579,0.899,1,1
15,0,26,4,N,nb11,110,0.58,-1.626,1,1
15,0,26,4,N,nb12,110,0.088,-1.076,1,1
15,0,26,4,N,nb13,110,1.722,1.866,1,1
15,0,26,4,N,nb14,110,-1.853,1.143,0,0
15,0,26,4,N,nb15,110,0.101,-0.656,1,1
15,0,26,4,N,nb16,110,1.866,0.027,1,1
15,0,26,4,N,nb17,110,-1.047,1.53,1,0
15,0,26,4,N,nb18,110,-1.343,-1.866,0,0
15,0,26,4,N,nb19,110,0.706,0.687,2,1
15,0,26,4,N,nb20,110,-0.845,0.884,1,1
15,0,26,4,N,nb21,110,-0.295,-0.508,1,1
15,0,26,4,N,nb22,110,0.48,-0.582,1,1
15,0,26,4,N,nb23,110,0.441,-0.391,1,1
15,0,26,4,N,nb24,110,0.012,-1.739,0,0
15,0,26,4,N,nb25,110,0.223,-0.88,1,1
15,0,26,4,N,nb26,110,-1.032,1.713,2,0
15,0,26,4,N,nb27,110,0.493,-1.408,2,1
15,0,26,4,N,nb28,110,-0.957,1.866,1,0
15,0,26,4,N,nb29,110,0.934,0.589,1,1
15,0,26,4,A,aa0,110,1.866,0.23,1,0
15,0,26,4,A,aa1,110,-1.763,-0.903,0,0
15,0,26,4,A,aa2,110,1.847,-1.283,0,0
15,0,26,4,A,aa3,110,-0.773,1.759,0,0
15,0,26,4,N,nb0,115,-0.718,0.423,1,1
15,0,26,4,N,nb1,115,1.865,-0.217,1,1
15,0,26,4,N,nb2,115,0.601,-1.26,1,1
15,0,26,4,N,nb3,115,-0.458,0.079,1,1
15,0,26,4,N,nb4,115,1.824,-0.678,0,0
15,0,26,4,N,nb5,115,1.246,1.866,1,1
15,0,26,4,N,nb6,115,1.483,1.865,2,1
15,0,26,4,N,nb7,115,-0.069,-0.586,2,1
15,0,26,4,N,nb8,115,-0.511,0.315,2,1
15,0,26,4,N,nb9,115,-1.07,0.79,1,1
15,0,26,4,N,nb10,115,0.579,0.899,1,1
15,0,26,4,N,nb11,115,0.58,-1.626,1,1
15,0,26,4,N,nb12,115,0.088,-1.076,1,1
15,0,26,4,N,nb13,115,1.722,1.866,1,1
15,0,26,4,N,nb14,115,-1.833,1.052,0,0
15,0,26,4,N,nb15,115,0.101,-0.656,1,1
15,0,26,4,N,nb16,115,1.859,-0.003,1,1
15,0,26,4,N,nb17,115,-0.986,1.554,1,1
15,0,26,4,N,nb18,115,-1.251,-1.866,0,0
15,0,26,4,N,nb19,115,0.706,0.687,2,1
15,0,26,4,N,nb20,115,-0.845,0.884,1,1
15,0,26,4,N,nb21,115,-0.295,-0.508,1,1
15,0,26,4,N,nb22,115,0.48,-0.582,1,1
15,0,26,4,N,nb23,115,0.441,-0.391,1,1
15,0,26,4,N,nb24,115,0.102,-1.695,0,0
15,0,26,4,N,nb25,115,0.223,-0.88,1,1
15,0,26,4,N,nb26,115,-1.068,1.704,2,1
15,0,26,4,N,nb27,115,0.493,-1.408,2,1
15,0,26,4,N,nb28,115,-1.015,1.866,1,1
15,0,26,4,N,nb29,115,0.934,0.589,1,1
15,0,26,4,A,aa0,115,1.866,0.165,1,0
15,0,26,4,A,aa1,115,-1.668,-0.932,0,0
15,0,26,4,A,aa2,115,1.823,-1.373,0,0
15,0,26,4,A,aa3,115,-0.847,1.709,0,0
15,0,26,4,N,nb0,120,-0.718,0.423,1,1
15,0,26,4,N,nb1,120,1.865,-0.217,1,1
15,0,26,4,N,nb2,120,0.601,-1.26,1,1
15,0,26,4,N,nb3,120,-0.458,0.079,1,1
15,0,26,4,N,nb4,120,1.865,-0.743,0,0
15,0,26,4,N,nb5,120,1.246,1.866,1,1
15,0,26,4,N,nb6,120,1.483,1.865,2,1
15,0,26,4,N,nb7,120,-0.069,-0.586,2,1
15,0,26,4,N,nb8,120,-0.511,0.315,2,1
15,0,26,4,N,nb9,120,-1.07,0.79,1,1
15,0,26,4,N,nb10,120,0.579,0.899,1,1
15,0,26,4,N,nb11,120,0.58,-1.626,1,1
15,0,26,4,N,nb12,120,0.088,-1.076,1,1
15,0,26,4,N,nb13,120,1.722,1.866,1,1
15,0,26,4,N,nb14,120,-1.805,0.963,0,0
15,0,26,4,N,nb15,120,0.101,-0.656,1,1
15,0,26,4,N,nb16,120,1.847,-0.049,1,1
15,0,26,4,N,nb17,120,-0.998,1.533,1,0
15,0,26,4,N,nb18,120,-1.159,-1.857,0,0
15,0,26,4,N,nb19,120,0.706,0.687,2,1
15,0,26,4,N,nb20,120,-0.845,0.884,1,1
15,0,26,4,N,nb21,120,-0.295,-0.508,1,1
15,0,26,4,N,nb22,120,0.48,-0.582,1,1
15,0,26,4,N,nb23,120,0.441,-0.391,1,1
15,0,26,4,N,nb24,120,0.191,-1.651,0,0
15,0,26,4,N,nb25,120,0.223,-0.88,1,1
15,0,26,4,N,nb26,120,-1.088,1.701,2,0
15,0,26,4,N,nb27,120,0.493,-1.408,2,1
15,0,26,4,N,nb28,120,-1.045,1.865,1,0
15,0,26,4,N,nb29,120,0.934,0.589,1,1
15,0,26,4,A,aa0,120,1.865,0.119,1,0
15,0,26,4,A,aa1,120,-1.572,-0.961,0,0
15,0,26,4,A,aa2,120,1.792,-1.462,0,0
15,0,26,4,A,aa3,120,-0.892,1.665,0,0
15,0,26,4,N,nb0,125,-0.718,0.423,1,1
15,0,26,4,N,nb1,125,1.865,-0.217,1,1
15,0,26,4,N,nb2,125,0.601,-1.26,1,1
15,0,26,4,N,nb3,125,-0.458,0.079,1,1
15,0,26,4,N,nb4,125,1.865,-0.815,0,0
15,0,26,4,N,nb5,125,1.246,1.866,1,1
15,0,26,4,N,nb6,125,1.483,1.865,2,1
15,0,26,4,N,nb7,125,-0.069,-0.586,2,1
15,0,26,4,N,nb8,125,-0.511,0.315,2,1
15,0,26,4,N,nb9,125,-1.07,0.79,1,1
15,0,26,4,N,nb10,125,0.579,0.899,1,1
15,0,26,4,N,nb11,125,0.58,-1.626,1,1
15,0,26,4,N,nb12,125,0.088,-1.076,1,1
15,0,26,4,N,nb13,125,1.722,1.866,1,1
15,0,26,4,N,nb14,125,-1.768,0.876,0,0
15,0,26,4,N,nb15,125,0.101,-0.656,1,1
15,0,26,4,N,nb16,125,1.847,-0.049,1,1
15,0,26,4,N,nb17,125,-1.012,1.484,1,0
15,0,26,4,N,nb18,125,-1.068,-1.839,0,0
15,0,26,4,N,nb19,125,0.706,0.687,2,1
15,0,26,4,N,nb20,125,-0.845,0.884,1,1
15,0,26,4,N,nb21,125,-0.295,-0.508,1,1
15,0,26,4,N,nb22,125,0.48,-0.582,1,1
15,0,26,4,N,nb23,125,0.441,-0.391,1,1
15,0,26,4,N,nb24,125,0.281,-1.607,0,0
15,0,26,4,N,nb25,125,0.223,-0.88,1,1
15,0,26,4,N,nb26,125,-1.147,1.694,2,0
15,0,26,4,N,nb27,125,0.493,-1.408,2,1
15,0,26,4,N,nb28,125,-1.13,1.862,1,0
15,0,26,4,N,nb29,125,0.934,0.589,1,1
15,0,26,4,A,aa0,125,1.865,0.119,1,0
15,0,26,4,A,aa1,125,-1.55,-0.967,0,0
15,0,26,4,A,aa2,125,1.753,-1.547,0,0
15,0,26,4,A,aa3,125,-0.909,1.618,0,0
15,0,26,4,N,nb0,130,-0.718,0.423,1,1
15,0,26,4,N,nb1,130,1.865,-0.217,1,1
15,0,26,4,N,nb2,130,0.601,-1.26,1,1
15,0,26,4,N,nb3,130,-0.458,0.079,1,1
15,0,26,4,N,nb4,130,1.865,-0.895,0,0
15,0,26,4,N,nb5,130,1.246,1.866,1,1
15,0,26,4,N,nb6,130,1.483,1.865,2,1
15,0,26,4,N,nb7,130,-0.069,-0.586,2,1
15,0,26,4,N,nb8,130,-0.511,0.315,2,1
15,0,26,4,N,nb9,130,-1.07,0.79,1,1
15,0,26,4,N,nb10,130,0.579,0.899,1,1
15,0,26,4,N,nb11,130,0.58,-1.626,2,1
15,0,26,4,N,nb12,130,0.088,-1.076,1,1
15,0,26,4,N,nb13,130,1.722,1.866,1,1
15,0,26,4,N,nb14,130,-1.724,0.788,0,0
15,0,26,4,N,nb15,130,0.101,-0.656,1,1
15,0,26,4,N,nb16,130,1.847,-0.049,1,1
15,0,26,4,N,nb17,130,-1.018,1.423,0,0
15,0,26,4,N,nb18,130,-0.978,-1.812,0,0
15,0,26,4,N,nb19,130,0.706,0.687,2,0
15,0,26,4,N,nb20,130,-0.845,0.884,1,1
15,0,26,4,N,nb21,130,-0.295,-0.508,1,1
15,0,26,4,N,nb22,130,0.48,-0.582,1,1
15,0,26,4,N,nb23,130,0.441,-0.391,1,1
15,0,26,4,N,nb24,130,0.335,-1.58,2,1
15,0,26,4,N,nb25,130,0.223,-0.88,1,1
15,0,26,4,N,nb26,130,-1.183,1.689,1,1
15,0,26,4,N,nb27,130,0.493,-1.408,3,1
15,0,26,4,N,nb28,130,-1.183,1.859,1,1
15,0,26,4,N,nb29,130,0.934,0.589,1,0
15,0,26,4,A,aa0,130,1.865,0.119,1,0
15,0,26,4,A,aa1,130,-1.48,-0.936,0,0
15,0,26,4,A,aa2,130,1.751,-1.55,0,0
15,0,26,4,A,aa3,130,-0.917,1.559,2,0
15,0,26,4,N,nb0,135,-0.718,0.423,1,1
15,0,26,4,N,nb1,135,1.865,-0.217,1,1
15,0,26,4,N,nb2,135,0.601,-1.26,1,1
15,0,26,4,N,nb3,135,-0.458,0.079,1,1
15,0,26,4,N,nb4,135,1.865,-0.981,0,0
15,0,26,4,N,nb5,135,1.246,1.866,1,1
15,0,26,4,N,nb6,135,1.483,1.865,2,1
15,0,26,4,N,nb7,135,-0.069,-0.586,2,1
15,0,26,4,N,nb8,135,-0.511,0.315,2,1
15,0,26,4,N,nb9,135,-1.07,0.79,1,1
15,0,26,4,N,nb10,135,0.579,0.899,1,1
15,0,26,4,N,nb11,135,0.58,-1.626,2,1
15,0,26,4,N,nb12,135,0.088,-1.076,1,1
15,0,26,4,N,nb13,135,1.722,1.866,1,1
15,0,26,4,N,nb14,135,-1.679,0.699,0,0
15,0,26,4,N,nb15,135,0.101,-0.656,1,1
15,0,26,4,N,nb16,135,1.847,-0.049,1,1
15,0,26,4,N,nb17,135,-0.978,1.384,0,0
15,0,26,4,N,nb18,135,-0.891,-1.776,0,0
15,0,26,4,N,nb19,135,0.706,0.687,2,1
15,0,26,4,N,nb20,135,-0.845,0.884,1,1
15,0,26,4,N,nb21,135,-0.295,-0.508,1,1
15,0,26,4,N,nb22,135,0.48,-0.582,1,1
15,0,26,4,N,nb23,135,0.441,-0.391,1,1
15,0,26,4,N,nb24,135,0.335,-1.58,2,1
15,0,26,4,N,nb25,135,0.223,-0.88,1,1
15,0,26,4,N,nb26,135,-1.183,1.689,1,1
15,0,26,4,N,nb27,135,0.493,-1.408,3,1
15,0,26,4,N,nb28,135,-1.183,1.859,1,1
15,0,26,4,N,nb29,135,0.934,0.589,1,1
15,0,26,4,A,aa0,135,1.865,0.119,1,0
15,0,26,4,A,aa1,135,-1.388,-0.895,0,0
15,0,26,4,A,aa2,135,1.779,-1.62,0,0
15,0,26,4,A,aa3,135,-0.908,1.538,2,0
15,0,26,4,N,nb0,140,-0.718,0.423,1,1
15,0,26,4,N,nb1,140,1.865,-0.217,1,1
15,0,26,4,N,nb2,140,0.601,-1.26,1,1
15,0,26,4,N,nb3,140,-0.458,0.079,1,1
15,0,26,4,N,nb4,140,1.865,-1.07,0,0
15,0,26,4,N,nb5,140,1.246,1.866,1,1
15,0,26,4,N,nb6,140,1.483,1.865,2,0
15,0,26,4,N,nb7,140,-0.069,-0.586,2,1
15,0,26,4,N,nb8,140,-0.511,0.315,2,1
15,0,26,4,N,nb9,140,-1.07,0.79,1,1
15,0,26,4,N,nb10,140,0.579,0.899,1,1
15,0,26,4,N,nb11,140,0.58,-1.626,2,1
15,0,26,4,N,nb12,140,0.088,-1.076,1,1
15,0,26,4,N,nb13,140,1.722,1.866,1,0
15,0,26,4,N,nb14,140,-1.633,0.609,0,0
15,0,26,4,N,nb15,140,0.101,-0.656,1,1
15,0,26,4,N,nb16,140,1.847,-0.049,1,1
15,0,26,4,N,nb17,140,-0.911,1.342,0,0
15,0,26,4,N,nb18,140,-0.804,-1.733,0,0
15,0,26,4,N,nb19,140,0.706,0.687,2,1
15,0,26,4,N,nb20,140,-0.845,0.884,1,1
15,0,26,4,N,nb21,140,-0.295,-0.508,1,1
15,0,26,4,N,nb22,140,0.48,-0.582,1,1
15,0,26,4,N,nb23,140,0.441,-0.391,1,1
15,0,26,4,N,nb24,140,0.335,-1.58,2,1
15,0,26,4,N,nb25,140,0.223,-0.88,1,1
15,0,26,4,N,nb26,140,-1.183,1.689,1,1
15,0,26,4,N,nb27,140,0.493,-1.408,3,1
15,0,26,4,N,nb28,140,-1.183,1.859,1,1
15,0,26,4,N,nb29,140,0.934,0.589,1,1
15,0,26,4,A,aa0,140,1.86,0.119,1,0
15,0,26,4,A,aa1,140,-1.297,-0.854,0,0
15,0,26,4,A,aa2,140,1.806,-1.706,0,0
15,0,26,4,A,aa3,140,-0.844,1.498,2,0
15,0,26,4,N,nb0,145,-0.718,0.423,1,1
15,0,26,4,N,nb1,145,1.865,-0.217,1,1
15,0,26,4,N,nb2,145,0.601,-1.26,1,1
15,0,26,4,N,nb3,145,-0.458,0.079,1,1
15,0,26,4,N,nb4,145,1.865,-1.162,0,0
15,0,26,4,N,nb5,145,1.246,1.866,1,1
15,0,26,4,N,nb6,145,1.483,1.865,2,1
15,0,26,4,N,nb7,145,-0.069,-0.586,2,1
15,0,26,4,N,nb8,145,-0.511,0.315,2,1
15,0,26,4,N,nb9,145,-1.07,0.79,1,1
15,0,26,4,N,nb10,145,0.579,0.899,1,1
15,0,26,4,N,nb11,145,0.58,-1.626,2,1
15,0,26,4,N,nb12,145,0.088,-1.076,1,1
15,0,26,4,N,nb13,145,1.722,1.866,1,1
15,0,26,4,N,nb14,145,-1.588,0.52,0,0
15,0,26,4,N,nb15,145,0.101,-0.656,1,1
15,0,26,4,N,nb16,145,1.847,-0.049,1,1
15,0,26,4,N,nb17,145,-0.839,1.297,0,0
15,0,26,4,N,nb18,145,-0.715,-1.688,0,0
15,0,26,4,N,nb19,145,0.706,0.687,2,1
15,0,26,4,N,nb20,145,-0.845,0.884,1,1
15,0,26,4,N,nb21,145,-0.295,-0.508,1,1
15,0,26,4,N,nb22,145,0.48,-0.582,1,1
15,0,26,4,N,nb23,145,0.441,-0.391,1,1
15,0,26,4,N,nb24,145,0.335,-1.58,2,1
15,0,26,4,N,nb25,145,0.223,-0.88,1,1
15,0,26,4,N,nb26,145,-1.183,1.689,1,1
15,0,26,4,N,nb27,145,0.493,-1.408,3,1
15,0,26,4,N,nb28,145,-1.183,1.859,1,1
15,0,26,4,N,nb29,145,0.934,0.589,1,1
15,0,26,4,A,aa0,145,1.837,0.119,1,0
15,0,26,4,A,aa1,145,-1.206,-0.813,0,0
15,0,26,4,A,aa2,145,1.822,-1.796,0,0
15,0,26,4,A,aa3,145,-0.776,1.454,2,0
15,0,26,4,N,nb0,150,-0.718,0.423,1,1
15,0,26,4,N,nb1,150,1.865,-0.217,1,1
15,0,26,4,N,nb2,150,0.601,-1.26,1,1
15,0,26,4,N,nb3,150,-0.458,0.079,1,1
15,0,26,4,N,nb4,150,1.857,-1.254,0,0
15,0,26,4,N,nb5,150,1.246,1.866,1,1
15,0,26,4,N,nb6,150,1.483,1.865,2,1
15,0,26,4,N,nb7,150,-0.069,-0.586,2,1
15,0,26,4,N,nb8,150,-0.511,0.315,2,1
15,0,26,4,N,nb9,150,-1.07,0.79,1,1
15,0,26,4,N,nb10,150,0.579,0.899,1,1
15,0,26,4,N,nb11,150,0.58,-1.626,2,1
15,0,26,4,N,nb12,150,0.088,-1.076,1,1
15,0,26,4,N,nb13,150,1.722,1.866,1,1
15,0,26,4,N,nb14,150,-1.543,0.431,0,0
15,0,26,4,N,nb15,150,0.101,-0.656,1,1
15,0,26,4,N,nb16,150,1.847,-0.049,1,1
15,0,26,4,N,nb17,150,-0.764,1.248,0,0
15,0,26,4,N,nb18,150,-0.625,-1.643,0,0
15,0,26,4,N,nb19,150,0.706,0.687,2,1
15,0,26,4,N,nb20,150,-0.845,0.884,1,1
15,0,26,4,N,nb21,150,-0.295,-0.508,1,1
15,0,26,4,N,nb22,150,0.48,-0.582,1,1
15,0,26,4,N,nb23,150,0.441,-0.391,1,1
15,0,26,4,N,nb24,150,0.335,-1.58,2,1
15,0,26,4,N,nb25,150,0.223,-0.88,1,1
15,0,26,4,N,nb26,150,-1.183,1.689,1,1
15,0,26,4,N,nb27,150,0.493,-1.408,3,1
15,0,26,4,N,nb28,150,-1.183,1.859,1,1
15,0,26,4,N,nb29,150,0.934,0.589,1,1
15,0,26,4,A,aa0,150,1.785,0.108,1,0
15,0,26,4,A,aa1,150,-1.115,-0.772,0,0
15,0,26,4,A,aa2,150,1.826,-1.866,0,0
15,0,26,4,A,aa3,150,-0.703,1.407,1,0
15,0,26,4,N,nb0,155,-0.718,0.423,1,1
15,0,26,4,N,nb1,155,1.865,-0.217,1,1
15,0,26,4,N,nb2,155,0.601,-1.26,1,0
15,0,26,4,N,nb3,155,-0.458,0.079,1,0
15,0,26,4,N,nb4,155,1.84,-1.346,0,0
15,0,26,4,N,nb5,155,1.246,1.866,1,1
15,0,26,4,N,nb6,155,1.483,1.865,2,1
15,0,26,4,N,nb7,155,-0.069,-0.586,2,0
15,0,26,4,N,nb8,155,-0.511,0.315,2,1
15,0,26,4,N,nb9,155,-1.07,0.79,1,1
15,0,26,4,N,nb10,155,0.579,0.899,1,1
15,0,26,4,N,nb11,155,0.58,-1.626,2,0
15,0,26,4,N,nb12,155,0.088,-1.076,1,0
15,0,26,4,N,nb13,155,1.722,1.866,1,1
15,0,26,4,N,nb14,155,-1.497,0.342,0,0
15,0,26,4,N,nb15,155,0.101,-0.656,1,0
15,0,26,4,N,nb16,155,1.847,-0.049,1,1
15,0,26,4,N,nb17,155,-0.684,1.201,0,0
15,0,26,4,N,nb18,155,-0.536,-1.597,0,0
15,0,26,4,N,nb19,155,0.706,0.687,2,1
15,0,26,4,N,nb20,155,-0.845,0.884,1,0
15,0,26,4,N,nb21,155,-0.295,-0.508,1,1
15,0,26,4,N,nb22,155,0.48,-0.582,1,0
15,0,26,4,N,nb23,155,0.441,-0.391,1,0
15,0,26,4,N,nb24,155,0.335,-1.58,2,1
15,0,26,4,N,nb25,155,0.223,-0.88,1,0
15,0,26,4,N,nb26,155,-1.183,1.689,1,1
15,0,26,4,N,nb27,155,0.493,-1.408,3,0
15,0,26,4,N,nb28,155,-1.183,1.859,1,1
15,0,26,4,N,nb29,155,0.934,0.589,1,1
15,0,26,4,A,aa0,155,1.711,0.063,1,0
15,0,26,4,A,aa1,155,-1.023,-0.731,0,0
15,0,26,4,A,aa2,155,1.819,-1.866,0,0
15,0,26,4,A,aa3,155,-0.686,1.395,1,0
15,0,26,4,N,nb0,160,-0.718,0.423,1,1
15,0,26,4,N,nb1,160,1.865,-0.217,1,1
15,0,26,4,N,nb2,160,0.601,-1.26,1,1
15,0,26,4,N,nb3,160,-0.458,0.079,1,1
15,0,26,4,N,nb4,160,1.814,-1.435,0,0
15,0,26,4,N,nb5,160,1.246,1.866,1,1
15,0,26,4,N,nb6,160,1.483,1.865,2,1
15,0,26,4,N,nb7,160,-0.069,-0.586,2,1
15,0,26,4,N,nb8,160,-0.511,0.315,2,1
15,0,26,4,N,nb9,160,-1.07,0.79,1,1
15,0,26,4,N,nb10,160,0.579,0.899,1,1
15,0,26,4,N,nb11,160,0.58,-1.626,2,1
15,0,26,4,N,nb12,160,0.088,-1.076,1,1
15,0,26,4,N,nb13,160,1.722,1.866,1,1
15,0,26,4,N,nb14,160,-1.452,0.253,0,0
15,0,26,4,N,nb15,160,0.101,-0.656,1,1
15,0,26,4,N,nb16,160,1.847,-0.049,1,1
15,0,26,4,N,nb17,160,-0.604,1.147,0,0
15,0,26,4,N,nb18,160,-0.447,-1.552,0,0
15,0,26,4,N,nb19,160,0.706,0.687,2,1
15,0,26,4,N,nb20,160,-0.845,0.884,1,1
15,0,26,4,N,nb21,160,-0.295,-0.508,1,1
15,0,26,4,N,nb22,160,0.48,-0.582,1,1
15,0,26,4,N,nb23,160,0.441,-0.391,1,1
15,0,26,4,N,nb24,160,0.335,-1.58,2,1
15,0,26,4,N,nb25,160,0.223,-0.88,1,1
15,0,26,4,N,nb26,160,-1.183,1.689,1,1
15,0,26,4,N,nb27,160,0.493,-1.408,3,1
15,0,26,4,N,nb28,160,-1.183,1.859,1,1
15,0,26,4,N,nb29,160,0.934,0.589,1,1
15,0,26,4,A,aa0,160,1.629,0.015,2,0
15,0,26,4,A,aa1,160,-0.932,-0.69,0,0
15,0,26,4,A,aa2,160,1.796,-1.866,0,0
15,0,26,4,A,aa3,160,-0.653,1.402,1,0
15,0,26,4,N,nb0,165,-0.718,0.423,1,1
15,0,26,4,N,nb1,165,1.865,-0.217,1,0
15,0,26,4,N,nb2,165,0.601,-1.26,1,1
15,0,26,4,N,nb3,165,-0.458,0.079,1,1
15,0,26,4,N,nb4,165,1.779,-1.523,0,0
15,0,26,4,N,nb5,165,1.246,1.866,1,1
15,0,26,4,N,nb6,165,1.483,1.865,2,1
15,0,26,4,N,nb7,165,-0.069,-0.586,2,1
15,0,26,4,N,nb8,165,-0.511,0.315,2,1
15,0,26,4,N,nb9,165,-1.07,0.79,1,1
15,0,26,4,N,nb10,165,0.579,0.899,1,1
15,0,26,4,N,nb11,165,0.58,-1.626,2,1
15,0,26,4,N,nb12,165,0.088,-1.076,1,1
15,0,26,4,N,nb13,165,1.722,1.866,1,1
15,0,26,4,N,nb14,165,-1.407,0.164,0,0
15,0,26,4,N,nb15,165,0.101,-0.656,1,1
15,0,26,4,N,nb16,165,1.847,-0.049,1,0
15,0,26,4,N,nb17,165,-0.525,1.088,0,0
15,0,26,4,N,nb18,165,-0.358,-1.507,0,0
15,0,26,4,N,nb19,165,0.706,0.687,2,1
15,0,26,4,N,nb20,165,-0.845,0.884,1,1
15,0,26,4,N,nb21,165,-0.295,-0.508,1,1
15,0,26,4,N,nb22,165,0.48,-0.582,1,1
15,0,26,4,N,nb23,165,0.441,-0.391,1,1
15,0,26,4,N,nb24,165,0.335,-1.58,2,1
15,0,26,4,N,nb25,165,0.223,-0.88,1,1
15,0,26,4,N,nb26,165,-1.183,1.689,1,1
15,0,26,4,N,nb27,165,0.493,-1.408,3,1
15,0,26,4,N,nb28,165,-1.183,1.859,1,1
15,0,26,4,N,nb29,165,0.934,0.589,1,1
15,0,26,4,A,aa0,165,1.541,-0.028,2,0
15,0,26,4,A,aa1,165,-0.841,-0.649,1,0
15,0,26,4,A,aa2,165,1.758,-1.866,0,0
15,0,26,4,A,aa3,165,-0.558,1.427,0,0
15,0,26,4,N,nb0,170,-0.718,0.423,1,1
15,0,26,4,N,nb1,170,1.865,-0.217,1,1
15,0,26,4,N,nb2,170,0.601,-1.26,1,1
15,0,26,4,N,nb3,170,-0.458,0.079,1,1
15,0,26,4,N,nb4,170,1.737,-1.611,0,0
15,0,26,4,N,nb5,170,1.246,1.866,1,1
15,0,26,4,N,nb6,170,1.483,1.865,2,1
15,0,26,4,N,nb7,170,-0.069,-0.586,2,1
15,0,26,4,N,nb8,170,-0.511,0.315,2,1
15,0,26,4,N,nb9,170,-1.07,0.79,1,1
15,0,26,4,N,nb10,170,0.579,0.899,1,1
15,0,26,4,N,nb11,170,0.58,-1.626,2,1
15,0,26,4,N,nb12,170,0.088,-1.076,1,1
15,0,26,4,N,nb13,170,1.722,1.866,1,1
15,0,26,4,N,nb14,170,-1.362,0.074,0,0
15,0,26,4,N,nb15,170,0.101,-0.656,1,1
15,0,26,4,N,nb16,170,1.847,-0.049,1,1
15,0,26,4,N,nb17,170,-0.445,1.028,0,0
15,0,26,4,N,nb18,170,-0.269,-1.461,0,0
15,0,26,4,N,nb19,170,0.706,0.687,2,1
15,0,26,4,N,nb20,170,-0.845,0.884,1,1
15,0,26,4,N,nb21,170,-0.295,-0.508,1,1
15,0,26,4,N,nb22,170,0.48,-0.582,1,1
15,0,26,4,N,nb23,170,0.441,-0.391,1,1
15,0,26,4,N,nb24,170,0.335,-1.58,2,1
15,0,26,4,N,nb25,170,0.223,-0.88,1,1
15,0,26,4,N,nb26,170,-1.183,1.689,1,1
15,0,26,4,N,nb27,170,0.493,-1.408,3,1
15,0,26,4,N,nb28,170,-1.183,1.859,1,1
15,0,26,4,N,nb29,170,0.934,0.589,1,1
15,0,26,4,A,aa0,170,1.451,-0.071,2,0
15,0,26,4,A,aa1,170,-0.765,-0.615,1,0
15,0,26,4,A,aa2,170,1.716,-1.866,0,0
15,0,26,4,A,aa3,170,-0.461,1.453,0,0
15,0,26,4,N,nb0,175,-0.718,0.423,1,1
15,0,26,4,N,nb1,175,1.865,-0.217,1,1
15,0,26,4,N,nb2,175,0.601,-1.26,1,1
15,0,26,4,N,nb3,175,-0.458,0.079,1,1
15,0,26,4,N,nb4,175,1.693,-1.686,0,0
15,0,26,4,N,nb5,175,1.246,1.866,1,1
15,0,26,4,N,nb6,175,1.483,1.865,2,1
15,0,26,4,N,nb7,175,-0.069,-0.586,2,1
15,0,26,4,N,nb8,175,-0.511,0.315,2,1
15,0,26,4,N,nb9,175,-1.07,0.79,1,0
15,0,26,4,N,nb10,175,0.579,0.899,1,1
15,0,26,4,N,nb11,175,0.58,-1.626,2,1
15,0,26,4,N,nb12,175,0.088,-1.076,1,1
15,0,26,4,N,nb13,175,1.722,1.866,1,1
15,0,26,4,N,nb14,175,-1.316,-0.015,0,0
15,0,26,4,N,nb15,175,0.101,-0.656,1,1
15,0,26,4,N,nb16,175,1.847,-0.049,1,1
15,0,26,4,N,nb17,175,-0.365,0.968,0,0
15,0,26,4,N,nb18,175,-0.18,-1.416,0,0
15,0,26,4,N,nb19,175,0.706,0.687,2,1
15,0,26,4,N,nb20,175,-0.845,0.884,1,1
15,0,26,4,N,nb21,175,-0.295,-0.508,1,1
15,0,26,4,N,nb22,175,0.48,-0.582,1,1
15,0,26,4,N,nb23,175,0.441,-0.391,1,1
15,0,26,4,N,nb24,175,0.335,-1.58,2,1
15,0,26,4,N,nb25,175,0.223,-0.88,1,1
15,0,26,4,N,nb26,175,-1.183,1.689,1,1
15,0,26,4,N,nb27,175,0.493,-1.408,3,1
15,0,26,4,N,nb28,175,-1.183,1.859,1,1
15,0,26,4,N,nb29,175,0.934,0.589,1,1
15,0,26,4,A,aa0,175,1.361,-0.115,2,0
15,0,26,4,A,aa1,175,-0.758,-0.6,1,0
15,0,26,4,A,aa2,175,1.716,-1.866,0,0
15,0,26,4,A,aa3,175,-0.365,1.478,0,0
15,0,26,4,N,nb0,180,-0.718,0.423,1,1
15,0,26,4,N,nb1,180,1.865,-0.217,1,1
15,0,26,4,N,nb2,180,0.601,-1.26,1,1
15,0,26,4,N,nb3,180,-0.458,0.079,1,1
15,0,26,4,N,nb4,180,1.64,-1.718,0,0
15,0,26,4,N,nb5,180,1.246,1.866,1,1
15,0,26,4,N,nb6,180,1.483,1.865,2,1
15,0,26,4,N,nb7,180,-0.069,-0.586,2,1
15,0,26,4,N,nb8,180,-0.511,0.315,2,1
15,0,26,4,N,nb9,180,-1.07,0.79,1,1
15,0,26,4,N,nb10,180,0.579,0.899,1,1
15,0,26,4,N,nb11,180,0.58,-1.626,2,1
15,0,26,4,N,nb12,180,0.088,-1.076,1,1
15,0,26,4,N,nb13,180,1.722,1.866,1,1
15,0,26,4,N,nb14,180,-1.271,-0.104,0,0
15,0,26,4,N,nb15,180,0.101,-0.656,1,1
15,0,26,4,N,nb16,180,1.847,-0.049,1,1
15,0,26,4,N,nb17,180,-0.285,0.908,0,0
15,0,26,4,N,nb18,180,-0.091,-1.371,0,0
15,0,26,4,N,nb19,180,0.706,0.687,2,1
15,0,26,4,N,nb20,180,-0.845,0.884,1,1
15,0,26,4,N,nb21,180,-0.295,-0.508,1,0
15,0,26,4,N,nb22,180,0.48,-0.582,1,1
15,0,26,4,N,nb23,180,0.441,-0.391,1,1
15,0,26,4,N,nb24,180,0.335,-1.58,2,1
15,0,26,4,N,nb25,180,0.223,-0.88,1,1
15,0,26,4,N,nb26,180,-1.183,1.689,1,1
15,0,26,4,N,nb27,180,0.493,-1.408,3,1
15,0,26,4,N,nb28,180,-1.183,1.859,1,1
15,0,26,4,N,nb29,180,0.934,0.589,1,1
15,0,26,4,A,aa0,180,1.271,-0.158,2,0
15,0,26,4,A,aa1,180,-0.716,-0.51,1,0
15,0,26,4,A,aa2,180,1.723,-1.866,0,0
15,0,26,4,A,aa3,180,-0.268,1.504,0,0
15,0,26,4,N,nb0,185,-0.718,0.423,1,1
15,0,26,4,N,nb1,185,1.865,-0.217,1,1
15,0,26,4,N,nb2,185,0.601,-1.26,1,1
15,0,26,4,N,nb3,185,-0.458,0.079,1,1
15,0,26,4,N,nb4,185,1.571,-1.779,0,0
15,0,26,4,N,nb5,185,1.246,1.866,1,1
15,0,26,4,N,nb6,185,1.483,1.865,2,1
15,0,26,4,N,nb7,185,-0.069,-0.586,2,1
15,0,26,4,N,nb8,185,-0.511,0.315,2,1
15,0,26,4,N,nb9,185,-1.07,0.79,1,1
15,0,26,4,N,nb10,185,0.579,0.899,1,1
15,0,26,4,N,nb11,185,0.58,-1.626,2,1
15,0,26,4,N,nb12,185,0.088,-1.076,1,1
15,0,26,4,N,nb13,185,1.722,1.866,1,1
15,0,26,4,N,nb14,185,-1.226,-0.193,0,0
15,0,26,4,N,nb15,185,0.101,-0.656,1,1
15,0,26,4,N,nb16,185,1.847,-0.049,1,1
15,0,26,4,N,nb17,185,-0.205,0.848,0,0
15,0,26,4,N,nb18,185,-0.001,-1.326,0,0
15,0,26,4,N,nb19,185,0.706,0.687,2,1
15,0,26,4,N,nb20,185,-0.845,0.884,1,1
15,0,26,4,N,nb21,185,-0.295,-0.508,1,1
15,0,26,4,N,nb22,185,0.48,-0.582,1,1
15,0,26,4,N,nb23,185,0.441,-0.391,1,1
15,0,26,4,N,nb24,185,0.335,-1.58,2,1
15,0,26,4,N,nb25,185,0.223,-0.88,1,1
15,0,26,4,N,nb26,185,-1.183,1.689,1,1
15,0,26,4,N,nb27,185,0.493,-1.408,3,1
15,0,26,4,N,nb28,185,-1.183,1.859,1,1
15,0,26,4,N,nb29,185,0.934,0.589,1,1
15,0,26,4,A,aa0,185,1.181,-0.201,0,0
15,0,26,4,A,aa1,185,-0.705,-0.472,1,0
15,0,26,4,A,aa2,185,1.761,-1.866,0,0
15,0,26,4,A,aa3,185,-0.171,1.53,0,0
15,0,26,4,N,nb0,190,-0.718,0.423,1,0
15,0,26,4,N,nb1,190,1.865,-0.217,1,1
15,0,26,4,N,nb2,190,0.601,-1.26,1,1
15,0,26,4,N,nb3,190,-0.458,0.079,1,1
15,0,26,4,N,nb4,190,1.497,-1.832,0,0
15,0,26,4,N,nb5,190,1.246,1.866,1,1
15,0,26,4,N,nb6,190,1.483,1.865,2,1
15,0,26,4,N,nb7,190,-0.069,-0.586,2,1
15,0,26,4,N,nb8,190,-0.511,0.315,2,1
15,0,26,4,N,nb9,190,-1.07,0.79,1,1
15,0,26,4,N,nb10,190,0.579,0.899,1,1
15,0,26,4,N,nb11,190,0.58,-1.626,2,1
15,0,26,4,N,nb12,190,0.088,-1.076,2,1
15,0,26,4,N,nb13,190,1.722,1.866,1,1
15,0,26,4,N,nb14,190,-1.181,-0.282,0,0
15,0,26,4,N,nb15,190,0.101,-0.656,1,1
15,0,26,4,N,nb16,190,1.847,-0.049,1,1
15,0,26,4,N,nb17,190,-0.125,0.788,0,0
15,0,26,4,N,nb18,190,0.033,-1.309,1,1
15,0,26,4,N,nb19,190,0.706,0.687,2,1
15,0,26,4,N,nb20,190,-0.845,0.884,1,1
15,0,26,4,N,nb21,190,-0.295,-0.508,1,1
15,0,26,4,N,nb22,190,0.48,-0.582,1,1
15,0,26,4,N,nb23,190,0.441,-0.391,1,1
15,0,26,4,N,nb24,190,0.335,-1.58,2,1
15,0,26,4,N,nb25,190,0.223,-0.88,1,1
15,0,26,4,N,nb26,190,-1.183,1.689,1,1
15,0,26,4,N,nb27,190,0.493,-1.408,3,1
15,0,26,4,N,nb28,190,-1.183,1.859,1,1
15,0,26,4,N,nb29,190,0.934,0.589,1,1
15,0,26,4,A,aa0,190,1.091,-0.245,0,0
15,0,26,4,A,aa1,190,-0.705,-0.372,2,0
15,0,26,4,A,aa2,190,1.808,-1.866,0,0
15,0,26,4,A,aa3,190,-0.075,1.556,0,0
15,0,26,4,N,nb0,195,-0.718,0.423,1,1
15,0,26,4,N,nb1,195,1.865,-0.217,1,1
15,0,26,4,N,nb2,195,0.601,-1.26,1,1
15,0,26,4,N,nb3,195,-0.458,0.079,1,1
15,0,26,4,N,nb4,195,1.418,-1.865,0,0
15,0,26,4,N,nb5,195,1.246,1.866,1,1
15,0,26,4,N,nb6,195,1.483,1.865,2,1
15,0,26,4,N,nb7,195,-0.069,-0.586,2,1
15,0,26,4,N,nb8,195,-0.511,0.315,2,0
15,0,26,4,N,nb9,195,-1.07,0.79,1,1
15,0,26,4,N,nb10,195,0.579,0.899,1,1
15,0,26,4,N,nb11,195,0.58,-1.626,2,1
15,0,26,4,N,nb12,195,0.088,-1.076,2,1
15,0,26,4,N,nb13,195,1.722,1.866,1,1
15,0,26,4,N,nb14,195,-1.135,-0.371,0,0
15,0,26,4,N,nb15,195,0.101,-0.656,1,1
15,0,26,4,N,nb16,195,1.847,-0.049,1,1
15,0,26,4,N,nb17,195,-0.045,0.727,0,0
15,0,26,4,N,nb18,195,0.033,-1.309,1,1
15,0,26,4,N,nb19,195,0.706,0.687,2,1
15,0,26,4,N,nb20,195,-0.845,0.884,1,1
15,0,26,4,N,nb21,195,-0.295,-0.508,1,1
15,0,26,4,N,nb22,195,0.48,-0.582,1,1
15,0,26,4,N,nb23,195,0.441,-0.391,1,1
15,0,26,4,N,nb24,195,0.335,-1.58,2,1
15,0,26,4,N,nb25,195,0.223,-0.88,1,1
15,0,26,4,N,nb26,195,-1.183,1.689,1,1
15,0,26,4,N,nb27,195,0.493,-1.408,3,1
15,0,26,4,N,nb28,195,-1.183,1.859,1,1
15,0,26,4,N,nb29,195,0.934,0.589,1,1
15,0,26,4,A,aa0,195,1.001,-0.288,2,0
15,0,26,4,A,aa1,195,-0.704,-0.272,2,0
15,0,26,4,A,aa2,195,1.866,-1.866,0,0
15,0,26,4,A,aa3,195,0.022,1.581,0,0
15,0,26,4,N,nb0,200,-0.718,0.423,1,1
15,0,26,4,N,nb1,200,1.865,-0.217,1,1
15,0,26,4,N,nb2,200,0.601,-1.26,1,1
15,0,26,4,N,nb3,200,-0.49,0.088,1,0
15,0,26,4,N,nb4,200,1.335,-1.865,0,0
15,0,26,4,N,nb5,200,1.246,1.866,1,1
15,0,26,4,N,nb6,200,1.483,1.865,2,1
15,0,26,4,N,nb7,200,-0.069,-0.586,2,1
15,0,26,4,N,nb8,200,-0.514,0.282,2,0
15,0,26,4,N,nb9,200,-1.07,0.79,1,1
15,0,26,4,N,nb10,200,0.579,0.899,1,1
15,0,26,4,N,nb11,200,0.58,-1.626,2,1
15,0,26,4,N,nb12,200,0.088,-1.076,2,1
15,0,26,4,N,nb13,200,1.722,1.866,1,1
15,0,26,4,N,nb14,200,-1.09,-0.461,0,0
15,0,26,4,N,nb15,200,0.101,-0.656,1,1
15,0,26,4,N,nb16,200,1.847,-0.049,1,1
15,0,26,4,N,nb17,200,0.035,0.667,0,0
15,0,26,4,N,nb18,200,0.033,-1.309,1,1
15,0,26,4,N,nb19,200,0.706,0.687,2,1
15,0,26,4,N,nb20,200,-0.845,0.884,1,1
15,0,26,4,N,nb21,200,-0.269,-0.487,1,0
15,0,26,4,N,nb22,200,0.48,-0.582,1,1
15,0,26,4,N,nb23,200,0.441,-0.391,1,1
15,0,26,4,N,nb24,200,0.335,-1.58,2,1
15,0,26,4,N,nb25,200,0.223,-0.88,1,1
15,0,26,4,N,nb26,200,-1.183,1.689,1,1
15,0,26,4,N,nb27,200,0.493,-1.408,3,1
15,0,26,4,N,nb28,200,-1.183,1.859,1,1
15,0,26,4,N,nb29,200,0.934,0.589,1,1
15,0,26,4,A,aa0,200,0.91,-0.331,2,0
15,0,26,4,A,aa1,200,-0.704,-0.188,0,0
15,0,26,4,A,aa2,200,1.866,-1.866,0,0
15,0,26,4,A,aa3,200,0.118,1.607,0,0
15,0,26,4,N,nb0,205,-0.718,0.423,0,1
15,0,26,4,N,nb1,205,1.865,-0.217,1,1
15,0,26,4,N,nb2,205,0.601,-1.26,1,1
15,0,26,4,N,nb3,205,-0.566,0.072,1,0
15,0,26,4,N,nb4,205,1.247,-1.865,0,0
15,0,26,4,N,nb5,205,1.246,1.866,1,1
15,0,26,4,N,nb6,205,1.483,1.865,2,1
15,0,26,4,N,nb7,205,-0.069,-0.586,2,1
15,0,26,4,N,nb8,205,-0.524,0.235,1,0
15,0,26,4,N,nb9,205,-1.07,0.79,1,1
15,0,26,4,N,nb10,205,0.579,0.899,1,0
15,0,26,4,N,nb11,205,0.58,-1.626,2,1
15,0,26,4,N,nb12,205,0.088,-1.076,2,1
15,0,26,4,N,nb13,205,1.722,1.866,1,1
15,0,26,4,N,nb14,205,-1.045,-0.55,0,0
15,0,26,4,N,nb15,205,0.101,-0.656,1,1
15,0,26,4,N,nb16,205,1.847,-0.049,1,1
15,0,26,4,N,nb17,205,0.115,0.607,0,0
15,0,26,4,N,nb18,205,0.033,-1.309,1,1
15,0,26,4,N,nb19,205,0.706,0.687,2,1
15,0,26,4,N,nb20,205,-0.845,0.884,1,1
15,0,26,4,N,nb21,205,-0.204,-0.423,1,0
15,0,26,4,N,nb22,205,0.48,-0.582,1,1
15,0,26,4,N,nb23,205,0.441,-0.391,1,1
15,0,26,4,N,nb24,205,0.335,-1.58,2,1
15,0,26,4,N,nb25,205,0.223,-0.88,1,1
15,0,26,4,N,nb26,205,-1.183,1.689,1,1
15,0,26,4,N,nb27,205,0.493,-1.408,3,1
15,0,26,4,N,nb28,205,-1.183,1.859,1,1
15,0,26,4,N,nb29,205,0.934,0.589,1,1
15,0,26,4,A,aa0,205,0.82,-0.375,2,0
15,0,26,4,A,aa1,205,-0.704,-0.188,0,0
15,0,26,4,A,aa2,205,1.866,-1.866,0,0
15,0,26,4,A,aa3,205,0.215,1.633,0,0
15,0,26,4,N,nb0,210,-0.718,0.423,0,1
15,0,26,4,N,nb1,210,1.865,-0.217,1,1
15,0,26,4,N,nb2,210,0.601,-1.26,1,1
15,0,26,4,N,nb3,210,-0.624,0.069,1,1
15,0,26,4,N,nb4,210,1.156,-1.865,0,0
15,0,26,4,N,nb5,210,1.246,1.866,1,1
15,0,26,4,N,nb6,210,1.483,1.865,2,1
15,0,26,4,N,nb7,210,-0.069,-0.586,2,1
15,0,26,4,N,nb8,210,-0.513,0.197,1,1
15,0,26,4,N,nb9,210,-1.07,0.79,1,1
15,0,26,4,N,nb10,210,0.579,0.899,1,1
15,0,26,4,N,nb11,210,0.58,-1.626,2,1
15,0,26,4,N,nb12,210,0.088,-1.076,2,1
15,0,26,4,N,nb13,210,1.722,1.866,1,1
15,0,26,4,N,nb14,210,-0.999,-0.639,0,0
15,0,26,4,N,nb15,210,0.101,-0.656,1,1
15,0,26,4,N,nb16,210,1.847,-0.049,1,1
15,0,26,4,N,nb17,210,0.194,0.547,0,0
15,0,26,4,N,nb18,210,0.033,-1.309,1,1
15,0,26,4,N,nb19,210,0.706,0.687,2,1
15,0,26,4,N,nb20,210,-0.845,0.884,1,1
15,0,26,4,N,nb21,210,-0.165,-0.379,1,1
15,0,26,4,N,nb22,210,0.48,-0.582,1,1
15,0,26,4,N,nb23,210,0.441,-0.391,1,1
15,0,26,4,N,nb24,210,0.335,-1.58,2,1
15,0,26,4,N,nb25,210,0.223,-0.88,1,1
15,0,26,4,N,nb26,210,-1.183,1.689,1,1
15,0,26,4,N,nb27,210,0.493,-1.408,3,1
15,0,26,4,N,nb28,210,-1.183,1.859,1,1
15,0,26,4,N,nb29,210,0.934,0.589,1,1
15,0,26,4,A,aa0,210,0.73,-0.418,2,0
15,0,26,4,A,aa1,210,-0.755,-0.164,2,0
15,0,26,4,A,aa2,210,1.866,-1.866,0,0
15,0,26,4,A,aa3,210,0.312,1.659,0,0
15,0,26,4,N,nb0,215,-0.718,0.423,0,1
15,0,26,4,N,nb1,215,1.865,-0.217,1,1
15,0,26,4,N,nb2,215,0.601,-1.26,1,1
15,0,26,4,N,nb3,215,-0.624,0.069,1,1
15,0,26,4,N,nb4,215,1.064,-1.862,0,0
15,0,26,4,N,nb5,215,1.246,1.866,1,1
15,0,26,4,N,nb6,215,1.483,1.865,2,1
15,0,26,4,N,nb7,215,-0.069,-0.586,2,1
15,0,26,4,N,nb8,215,-0.513,0.197,1,1
15,0,26,4,N,nb9,215,-1.07,0.79,1,1
15,0,26,4,N,nb10,215,0.579,0.899,1,1
15,0,26,4,N,nb11,215,0.58,-1.626,2,1
15,0,26,4,N,nb12,215,0.088,-1.076,2,1
15,0,26,4,N,nb13,215,1.722,1.866,1,1
15,0,26,4,N,nb14,215,-0.954,-0.728,0,0
15,0,26,4,N,nb15,215,0.101,-0.656,1,1
15,0,26,4,N,nb16,215,1.847,-0.049,1,1
15,0,26,4,N,nb17,215,0.274,0.487,0,0
15,0,26,4,N,nb18,215,0.033,-1.309,1,1
15,0,26,4,N,nb19,215,0.706,0.687,2,1
15,0,26,4,N,nb20,215,-0.845,0.884,1,1
15,0,26,4,N,nb21,215,-0.165,-0.379,1,1
15,0,26,4,N,nb22,215,0.48,-0.582,1,1
15,0,26,4,N,nb23,215,0.441,-0.391,1,1
15,0,26,4,N,nb24,215,0.335,-1.58,2,1
15,0,26,4,N,nb25,215,0.223,-0.88,1,1
15,0,26,4,N,nb26,215,-1.183,1.689,1,1
15,0,26,4,N,nb27,215,0.493,-1.408,3,1
15,0,26,4,N,nb28,215,-1.183,1.859,1,1
15,0,26,4,N,nb29,215,0.934,0.589,1,1
15,0,26,4,A,aa0,215,0.648,-0.459,2,0
15,0,26,4,A,aa1,215,-0.792,-0.148,2,0
15,0,26,4,A,aa2,215,1.866,-1.829,0,0
15,0,26,4,A,aa3,215,0.408,1.684,0,0
15,0,26,4,N,nb0,220,-0.718,0.423,0,1
15,0,26,4,N,nb1,220,1.865,-0.217,1,1
15,0,26,4,N,nb2,220,0.601,-1.26,1,1
15,0,26,4,N,nb3,220,-0.624,0.069,1,1
15,0,26,4,N,nb4,220,0.972,-1.849,0,0
15,0,26,4,N,nb5,220,1.246,1.866,1,1
15,0,26,4,N,nb6,220,1.483,1.865,2,1
15,0,26,4,N,nb7,220,-0.069,-0.586,2,1
15,0,26,4,N,nb8,220,-0.513,0.197,1,1
15,0,26,4,N,nb9,220,-1.07,0.79,1,1
15,0,26,4,N,nb10,220,0.579,0.899,1,1
15,0,26,4,N,nb11,220,0.58,-1.626,2,1
15,0,26,4,N,nb12,220,0.088,-1.076,2,1
15,0,26,4,N,nb13,220,1.722,1.866,1,1
15,0,26,4,N,nb14,220,-0.909,-0.817,0,0
15,0,26,4,N,nb15,220,0.101,-0.656,1,1
15,0,26,4,N,nb16,220,1.847,-0.049,1,1
15,0,26,4,N,nb17,220,0.354,0.427,0,0
15,0,26,4,N,nb18,220,0.033,-1.309,1,1
15,0,26,4,N,nb19,220,0.706,0.687,2,1
15,0,26,4,N,nb20,220,-0.845,0.884,1,1
15,0,26,4,N,nb21,220,-0.165,-0.379,1,1
15,0,26,4,N,nb22,220,0.465,-0.6,1,1
15,0,26,4,N,nb23,220,0.441,-0.391,1,1
15,0,26,4,N,nb24,220,0.335,-1.58,2,0
15,0,26,4,N,nb25,220,0.223,-0.88,1,1
15,0,26,4,N,nb26,220,-1.183,1.689,1,0
15,0,26,4,N,nb27,220,0.493,-1.408,3,1
15,0,26,4,N,nb28,220,-1.183,1.859,1,0
15,0,26,4,N,nb29,220,0.934,0.589,1,1
15,0,26,4,A,aa0,220,0.595,-0.492,2,0
15,0,26,4,A,aa1,220,-0.83,-0.16,2,0
15,0,26,4,A,aa2,220,1.866,-1.756,0,0
15,0,26,4,A,aa3,220,0.505,1.71,0,0
15,0,26,4,N,nb0,225,-0.661,0.423,0,0
15,0,26,4,N,nb1,225,1.865,-0.217,1,1
15,0,26,4,N,nb2,225,0.601,-1.26,1,1
15,0,26,4,N,nb3,225,-0.624,0.069,1,1
15,0,26,4,N,nb4,225,0.881,-1.827,0,0
15,0,26,4,N,nb5,225,1.246,1.866,1,1
15,0,26,4,N,nb6,225,1.483,1.865,2,1
15,0,26,4,N,nb7,225,-0.069,-0.586,2,1
15,0,26,4,N,nb8,225,-0.513,0.197,1,1
15,0,26,4,N,nb9,225,-1.07,0.79,1,1
15,0,26,4,N,nb10,225,0.579,0.899,1,1
15,0,26,4,N,nb11,225,0.58,-1.626,2,1
15,0,26,4,N,nb12,225,0.088,-1.076,2,1
15,0,26,4,N,nb13,225,1.722,1.866,1,1
15,0,26,4,N,nb14,225,-0.864,-0.906,0,0
15,0,26,4,N,nb15,225,0.101,-0.656,1,1
15,0,26,4,N,nb16,225,1.847,-0.049,1,1
15,0,26,4,N,nb17,225,0.434,0.367,0,0
15,0,26,4,N,nb18,225,0.033,-1.309,1,1
15,0,26,4,N,nb19,225,0.706,0.687,2,1
15,0,26,4,N,nb20,225,-0.845,0.884,1,1
15,0,26,4,N,nb21,225,-0.165,-0.379,1,1
15,0,26,4,N,nb22,225,0.441,-0.635,1,1
15,0,26,4,N,nb23,225,0.441,-0.391,1,1
15,0,26,4,N,nb24,225,0.335,-1.58,2,1
15,0,26,4,N,nb25,225,0.223,-0.88,1,1
15,0,26,4,N,nb26,225,-1.183,1.689,1,1
15,0,26,4,N,nb27,225,0.493,-1.408,3,1
15,0,26,4,N,nb28,225,-1.183,1.859,1,1
15,0,26,4,N,nb29,225,0.934,0.589,1,1
15,0,26,4,A,aa0,225,0.562,-0.517,2,0
15,0,26,4,A,aa1,225,-0.83,-0.16,1,0
15,0,26,4,A,aa2,225,1.866,-1.677,0,0
15,0,26,4,A,aa3,225,0.602,1.736,0,0
15,0,26,4,N,nb0,230,-0.603,0.424,1,1
15,0,26,4,N,nb1,230,1.865,-0.217,1,1
15,0,26,4,N,nb2,230,0.601,-1.26,1,1
15,0,26,4,N,nb3,230,-0.624,0.069,1,1
15,0,26,4,N,nb4,230,0.793,-1.796,0,0
15,0,26,4,N,nb5,230,1.246,1.866,1,1
15,0,26,4,N,nb6,230,1.483,1.865,2,1
15,0,26,4,N,nb7,230,-0.069,-0.586,2,1
15,0,26,4,N,nb8,230,-0.513,0.197,2,1
15,0,26,4,N,nb9,230,-1.07,0.79,1,1
15,0,26,4,N,nb10,230,0.579,0.899,1,1
15,0,26,4,N,nb11,230,0.58,-1.626,2,1
15,0,26,4,N,nb12,230,0.088,-1.076,2,1
15,0,26,4,N,nb13,230,1.722,1.866,1,1
15,0,26,4,N,nb14,230,-0.818,-0.996,0,0
15,0,26,4,N,nb15,230,0.101,-0.656,1,0
15,0,26,4,N,nb16,230,1.847,-0.049,1,1
15,0,26,4,N,nb17,230,0.514,0.307,0,0
15,0,26,4,N,nb18,230,0.033,-1.309,1,1
15,0,26,4,N,nb19,230,0.706,0.687,2,1
15,0,26,4,N,nb20,230,-0.845,0.884,1,1
15,0,26,4,N,nb21,230,-0.165,-0.379,1,1
15,0,26,4,N,nb22,230,0.423,-0.672,0,0
15,0,26,4,N,nb23,230,0.441,-0.391,0,0
15,0,26,4,N,nb24,230,0.335,-1.58,2,1
15,0,26,4,N,nb25,230,0.223,-0.88,1,1
15,0,26,4,N,nb26,230,-1.183,1.689,1,1
15,0,26,4,N,nb27,230,0.493,-1.408,3,1
15,0,26,4,N,nb28,230,-1.183,1.859,1,1
15,0,26,4,N,nb29,230,0.934,0.589,1,1
15,0,26,4,A,aa0,230,0.535,-0.546,3,1
15,0,26,4,A,aa1,230,-0.867,-0.249,1,0
15,0,26,4,A,aa2,230,1.866,-1.592,0,0
15,0,26,4,A,aa3,230,0.698,1.762,1,0
15,0,26,4,N,nb0,235,-0.603,0.424,1,1
15,0,26,4,N,nb1,235,1.865,-0.217,1,1
15,0,26,4,N,nb2,235,0.601,-1.26,1,1
15,0,26,4,N,nb3,235,-0.624,0.069,1,1
15,0,26,4,N,nb4,235,0.756,-1.781,1,1
15,0,26,4,N,nb5,235,1.246,1.866,1,1
15,0,26,4,N,nb6,235,1.483,1.865,2,1
15,0,26,4,N,nb7,235,-0.075,-0.639,1,0
15,0,26,4,N,nb8,235,-0.513,0.197,2,1
15,0,26,4,N,nb9,235,-1.07,0.79,1,1
15,0,26,4,N,nb10,235,0.579,0.899,1,1
15,0,26,4,N,nb11,235,0.58,-1.626,3,1
15,0,26,4,N,nb12,235,0.088,-1.076,2,1
15,0,26,4,N,nb13,235,1.722,1.866,1,1
15,0,26,4,N,nb14,235,-0.773,-1.085,0,0
15,0,26,4,N,nb15,235,0.149,-0.729,2,0
15,0,26,4,N,nb16,235,1.847,-0.049,1,1
15,0,26,4,N,nb17,235,0.594,0.247,0,0
15,0,26,4,N,nb18,235,0.033,-1.309,1,1
15,0,26,4,N,nb19,235,0.706,0.687,2,1
15,0,26,4,N,nb20,235,-0.845,0.884,1,1
15,0,26,4,N,nb21,235,-0.165,-0.379,0,1
15,0,26,4,N,nb22,235,0.433,-0.77,1,0
15,0,26,4,N,nb23,235,0.528,-0.399,0,0
15,0,26,4,N,nb24,235,0.335,-1.58,2,1
15,0,26,4,N,nb25,235,0.224,-0.881,3,1
15,0,26,4,N,nb26,235,-1.183,1.689,1,1
15,0,26,4,N,nb27,235,0.493,-1.408,3,1
15,0,26,4,N,nb28,235,-1.183,1.859,1,1
15,0,26,4,N,nb29,235,0.934,0.589,1,1
15,0,26,4,A,aa0,235,0.509,-0.619,0,0
15,0,26,4,A,aa1,235,-0.891,-0.308,1,0
15,0,26,4,A,aa2,235,1.866,-1.503,0,0
15,0,26,4,A,aa3,235,0.789,1.783,1,0
15,0,26,4,N,nb0,240,-0.603,0.424,1,1
15,0,26,4,N,nb1,240,1.865,-0.217,1,1
15,0,26,4,N,nb2,240,0.601,-1.26,1,1
15,0,26,4,N,nb3,240,-0.624,0.069,1,1
15,0,26,4,N,nb4,240,0.756,-1.781,1,1
15,0,26,4,N,nb5,240,1.246,1.866,1,1
15,0,26,4,N,nb6,240,1.483,1.865,2,1
15,0,26,4,N,nb7,240,-0.094,-0.729,0,0
15,0,26,4,N,nb8,240,-0.513,0.197,2,1
15,0,26,4,N,nb9,240,-1.07,0.79,1,1
15,0,26,4,N,nb10,240,0.579,0.899,1,1
15,0,26,4,N,nb11,240,0.58,-1.626,3,1
15,0,26,4,N,nb12,240,0.088,-1.076,2,1
15,0,26,4,N,nb13,240,1.722,1.866,1,1
15,0,26,4,N,nb14,240,-0.728,-1.174,0,0
15,0,26,4,N,nb15,240,0.17,-0.764,1,1
15,0,26,4,N,nb16,240,1.847,-0.049,1,1
15,0,26,4,N,nb17,240,0.674,0.187,0,0
15,0,26,4,N,nb18,240,0.033,-1.309,1,1
15,0,26,4,N,nb19,240,0.706,0.687,2,1
15,0,26,4,N,nb20,240,-0.845,0.884,1,1
15,0,26,4,N,nb21,240,-0.155,-0.366,0,0
15,0,26,4,N,nb22,240,0.451,-0.867,1,1
15,0,26,4,N,nb23,240,0.624,-0.397,0,0
15,0,26,4,N,nb24,240,0.335,-1.58,2,1
15,0,26,4,N,nb25,240,0.26,-0.908,3,1
15,0,26,4,N,nb26,240,-1.183,1.689,1,1
15,0,26,4,N,nb27,240,0.493,-1.408,3,1
15,0,26,4,N,nb28,240,-1.183,1.859,1,1
15,0,26,4,N,nb29,240,0.934,0.589,1,1
15,0,26,4,A,aa0,240,0.488,-0.7,1,0
15,0,26,4,A,aa1,240,-0.884,-0.323,0,0
15,0,26,4,A,aa2,240,1.866,-1.411,0,0
15,0,26,4,A,aa3,240,0.88,1.794,1,0
15,0,26,4,N,nb0,245,-0.603,0.424,1,1
15,0,26,4,N,nb1,245,1.865,-0.217,1,1
15,0,26,4,N,nb2,245,0.601,-1.26,1,1
15,0,26,4,N,nb3,245,-0.624,0.069,1,1
15,0,26,4,N,nb4,245,0.756,-1.781,1,1
15,0,26,4,N,nb5,245,1.246,1.866,1,1
15,0,26,4,N,nb6,245,1.483,1.865,2,1
15,0,26,4,N,nb7,245,-0.122,-0.823,0,0
15,0,26,4,N,nb8,245,-0.513,0.197,2,1
15,0,26,4,N,nb9,245,-1.07,0.79,1,1
15,0,26,4,N,nb10,245,0.579,0.899,1,1
15,0,26,4,N,nb11,245,0.58,-1.626,3,1
15,0,26,4,N,nb12,245,0.088,-1.076,2,1
15,0,26,4,N,nb13,245,1.722,1.866,1,1
15,0,26,4,N,nb14,245,-0.682,-1.263,0,0
15,0,26,4,N,nb15,245,0.181,-0.774,1,0
15,0,26,4,N,nb16,245,1.847,-0.049,1,1
15,0,26,4,N,nb17,245,0.754,0.127,0,0
15,0,26,4,N,nb18,245,0.033,-1.309,1,1
15,0,26,4,N,nb19,245,0.706,0.687,2,1
15,0,26,4,N,nb20,245,-0.845,0.884,1,1
15,0,26,4,N,nb21,245,-0.093,-0.287,0,0
15,0,26,4,N,nb22,245,0.461,-0.924,1,0
15,0,26,4,N,nb23,245,0.724,-0.392,0,0
15,0,26,4,N,nb24,245,0.335,-1.58,2,1
15,0,26,4,N,nb25,245,0.262,-0.925,3,0
15,0,26,4,N,nb26,245,-1.183,1.689,1,1
15,0,26,4,N,nb27,245,0.493,-1.408,3,1
15,0,26,4,N,nb28,245,-1.183,1.859,1,1
15,0,26,4,N,nb29,245,0.934,0.589,1,1
15,0,26,4,A,aa0,245,0.48,-0.755,0,0
15,0,26,4,A,aa1,245,-0.839,-0.412,1,0
15,0,26,4,A,aa2,245,1.859,-1.319,0,0
15,0,26,4,A,aa3,245,0.972,1.794,1,0
15,0,26,4,N,nb0,250,-0.603,0.424,1,1
15,0,26,4,N,nb1,250,1.865,-0.217,1,1
15,0,26,4,N,nb2,250,0.601,-1.26,1,1
15,0,26,4,N,nb3,250,-0.624,0.069,1,1
15,0,26,4,N,nb4,250,0.756,-1.781,1,1
15,0,26,4,N,nb5,250,1.246,1.866,1,1
15,0,26,4,N,nb6,250,1.483,1.865,2,1
15,0,26,4,N,nb7,250,-0.151,-0.919,0,0
15,0,26,4,N,nb8,250,-0.513,0.197,2,1
15,0,26,4,N,nb9,250,-1.07,0.79,1,1
15,0,26,4,N,nb10,250,0.579,0.899,1,1
15,0,26,4,N,nb11,250,0.58,-1.626,3,1
15,0,26,4,N,nb12,250,0.088,-1.076,2,1
15,0,26,4,N,nb13,250,1.722,1.866,1,1
15,0,26,4,N,nb14,250,-0.637,-1.352,0,0
15,0,26,4,N,nb15,250,0.254,-0.822,1,0
15,0,26,4,N,nb16,250,1.847,-0.049,1,1
15,0,26,4,N,nb17,250,0.834,0.066,0,0
15,0,26,4,N,nb18,250,0.033,-1.309,1,1
15,0,26,4,N,nb19,250,0.706,0.687,2,1
15,0,26,4,N,nb20,250,-0.845,0.884,1,1
15,0,26,4,N,nb21,250,-0.031,-0.208,0,0
15,0,26,4,N,nb22,250,0.479,-1.023,1,0
15,0,26,4,N,nb23,250,0.824,-0.387,0,0
15,0,26,4,N,nb24,250,0.335,-1.58,2,1
15,0,26,4,N,nb25,250,0.27,-1.023,3,0
15,0,26,4,N,nb26,250,-1.183,1.689,1,1
15,0,26,4,N,nb27,250,0.493,-1.408,3,1
15,0,26,4,N,nb28,250,-1.183,1.859,1,1
15,0,26,4,N,nb29,250,0.934,0.589,1,1
15,0,26,4,A,aa0,250,0.495,-0.839,0,0
15,0,26,4,A,aa1,250,-0.794,-0.502,1,0
15,0,26,4,A,aa2,250,1.842,-1.228,0,0
15,0,26,4,A,aa3,250,1.062,1.784,1,0
15,0,26,4,N,nb0,255,-0.603,0.424,1,1
15,0,26,4,N,nb1,255,1.865,-0.217,1,1
15,0,26,4,N,nb2,255,0.601,-1.26,2,1
15,0,26,4,N,nb3,255,-0.624,0.069,1,1
15,0,26,4,N,nb4,255,0.756,-1.781,1,1
15,0,26,4,N,nb5,255,1.261,1.866,1,1
15,0,26,4,N,nb6,255,1.483,1.865,2,1
15,0,26,4,N,nb7,255,-0.181,-1.015,0,0
15,0,26,4,N,nb8,255,-0.513,0.197,2,1
15,0,26,4,N,nb9,255,-1.07,0.79,1,1
15,0,26,4,N,nb10,255,0.579,0.899,1,1
15,0,26,4,N,nb11,255,0.58,-1.626,3,1
15,0,26,4,N,nb12,255,0.088,-1.076,2,1
15,0,26,4,N,nb13,255,1.722,1.866,1,1
15,0,26,4,N,nb14,255,-0.592,-1.441,0,0
15,0,26,4,N,nb15,255,0.334,-0.856,0,0
15,0,26,4,N,nb16,255,1.847,-0.049,1,1
15,0,26,4,N,nb17,255,0.914,0.006,0,0
15,0,26,4,N,nb18,255,0.033,-1.309,1,1
15,0,26,4,N,nb19,255,0.706,0.687,2,1
15,0,26,4,N,nb20,255,-0.845,0.884,1,1
15,0,26,4,N,nb21,255,0.031,-0.13,0,0
15,0,26,4,N,nb22,255,0.495,-1.104,2,1
15,0,26,4,N,nb23,255,0.923,-0.382,0,0
15,0,26,4,N,nb24,255,0.335,-1.58,2,1
15,0,26,4,N,nb25,255,0.28,-1.102,2,1
15,0,26,4,N,nb26,255,-1.183,1.689,1,1
15,0,26,4,N,nb27,255,0.493,-1.408,3,1
15,0,26,4,N,nb28,255,-1.183,1.859,1,1
15,0,26,4,N,nb29,255,0.934,0.589,1,1
15,0,26,4,A,aa0,255,0.526,-0.922,1,0
15,0,26,4,A,aa1,255,-0.749,-0.591,0,0
15,0,26,4,A,aa2,255,1.817,-1.138,0,0
15,0,26,4,A,aa3,255,1.13,1.758,1,0
15,0,26,4,N,nb0,260,-0.603,0.424,1,1
15,0,26,4,N,nb1,260,1.865,-0.217,1,1
15,0,26,4,N,nb2,260,0.601,-1.26,2,1
15,0,26,4,N,nb3,260,-0.624,0.069,1,1
15,0,26,4,N,nb4,260,0.756,-1.781,1,1
15,0,26,4,N,nb5,260,1.262,1.866,1,0
15,0,26,4,N,nb6,260,1.483,1.865,2,1
15,0,26,4,N,nb7,260,-0.21,-1.11,0,0
15,0,26,4,N,nb8,260,-0.513,0.197,2,1
15,0,26,4,N,nb9,260,-1.07,0.79,1,1
15,0,26,4,N,nb10,260,0.579,0.899,1,1
15,0,26,4,N,nb11,260,0.58,-1.626,3,1
15,0,26,4,N,nb12,260,0.088,-1.076,2,1
15,0,26,4,N,nb13,260,1.722,1.866,1,1
15,0,26,4,N,nb14,260,-0.547,-1.53,0,0
15,0,26,4,N,nb15,260,0.418,-0.874,0,0
15,0,26,4,N,nb16,260,1.847,-0.049,1,1
15,0,26,4,N,nb17,260,0.994,-0.054,0,0
15,0,26,4,N,nb18,260,0.033,-1.309,1,1
15,0,26,4,N,nb19,260,0.706,0.687,2,1
15,0,26,4,N,nb20,260,-0.845,0.884,1,1
15,0,26,4,N,nb21,260,0.093,-0.051,0,0
15,0,26,4,N,nb22,260,0.498,-1.125,2,1
15,0,26,4,N,nb23,260,1.023,-0.377,0,0
15,0,26,4,N,nb24,260,0.335,-1.58,2,1
15,0,26,4,N,nb25,260,0.28,-1.102,2,1
15,0,26,4,N,nb26,260,-1.183,1.689,1,1
15,0,26,4,N,nb27,260,0.493,-1.408,3,1
15,0,26,4,N,nb28,260,-1.183,1.859,1,1
15,0,26,4,N,nb29,260,0.934,0.589,1,1
15,0,26,4,A,aa0,260,0.566,-0.969,3,1
15,0,26,4,A,aa1,260,-0.704,-0.681,0,0
15,0,26,4,A,aa2,260,1.783,-1.05,0,0
15,0,26,4,A,aa3,260,1.188,1.714,2,0
15,0,26,4,N,nb0,265,-0.603,0.424,1,1
15,0,26,4,N,nb1,265,1.865,-0.217,1,1
15,0,26,4,N,nb2,265,0.6,-1.277,2,0
15,0,26,4,N,nb3,265,-0.624,0.069,1,1
15,0,26,4,N,nb4,265,0.756,-1.781,1,1
15,0,26,4,N,nb5,265,1.262,1.866,1,0
15,0,26,4,N,nb6,265,1.483,1.865,2,1
15,0,26,4,N,nb7,265,-0.239,-1.206,0,0
15,0,26,4,N,nb8,265,-0.513,0.197,2,1
15,0,26,4,N,nb9,265,-1.07,0.79,1,1
15,0,26,4,N,nb10,265,0.579,0.899,1,1
15,0,26,4,N,nb11,265,0.58,-1.626,3,1
15,0,26,4,N,nb12,265,0.088,-1.076,2,1
15,0,26,4,N,nb13,265,1.722,1.866,1,1
15,0,26,4,N,nb14,265,-0.501,-1.62,0,0
15,0,26,4,N,nb15,265,0.506,-0.875,0,0
15,0,26,4,N,nb16,265,1.847,-0.049,1,1
15,0,26,4,N,nb17,265,1.074,-0.114,0,0
15,0,26,4,N,nb18,265,0.033,-1.309,1,1
15,0,26,4,N,nb19,265,0.706,0.687,2,1
15,0,26,4,N,nb20,265,-0.845,0.884,1,1
15,0,26,4,N,nb21,265,0.154,0.027,0,0
15,0,26,4,N,nb22,265,0.499,-1.143,2,0
15,0,26,4,N,nb23,265,1.123,-0.372,0,0
15,0,26,4,N,nb24,265,0.335,-1.58,2,1
15,0,26,4,N,nb25,265,0.289,-1.155,2,0
15,0,26,4,N,nb26,265,-1.183,1.689,1,1
15,0,26,4,N,nb27,265,0.493,-1.409,3,1
15,0,26,4,N,nb28,265,-1.183,1.859,1,1
15,0,26,4,N,nb29,265,0.934,0.589,1,1
15,0,26,4,A,aa0,265,0.621,-1.025,1,0
15,0,26,4,A,aa1,265,-0.66,-0.77,0,0
15,0,26,4,A,aa2,265,1.742,-0.963,0,0
15,0,26,4,A,aa3,265,1.269,1.666,3,1
15,0,26,4,N,nb0,270,-0.603,0.424,1,1
15,0,26,4,N,nb1,270,1.865,-0.217,1,1
15,0,26,4,N,nb2,270,0.599,-1.275,2,0
15,0,26,4,N,nb3,270,-0.624,0.069,1,1
15,0,26,4,N,nb4,270,0.756,-1.781,1,1
15,0,26,4,N,nb5,270,1.332,1.866,1,0
15,0,26,4,N,nb6,270,1.529,1.86,2,0
15,0,26,4,N,nb7,270,-0.268,-1.301,0,0
15,0,26,4,N,nb8,270,-0.513,0.197,2,1
15,0,26,4,N,nb9,270,-1.07,0.79,1,1
15,0,26,4,N,nb10,270,0.579,0.899,1,1
15,0,26,4,N,nb11,270,0.58,-1.626,3,1
15,0,26,4,N,nb12,270,0.088,-1.076,1,1
15,0,26,4,N,nb13,270,1.696,1.866,1,0
15,0,26,4,N,nb14,270,-0.456,-1.709,0,0
15,0,26,4,N,nb15,270,0.595,-0.862,0,0
15,0,26,4,N,nb16,270,1.847,-0.049,1,1
15,0,26,4,N,nb17,270,1.104,-0.136,1,1
15,0,26,4,N,nb18,270,0.033,-1.309,1,1
15,0,26,4,N,nb19,270,0.706,0.687,2,1
15,0,26,4,N,nb20,270,-0.845,0.884,1,1
15,0,26,4,N,nb21,270,0.216,0.106,0,0
15,0,26,4,N,nb22,270,0.486,-1.151,2,0
15,0,26,4,N,nb23,270,1.163,-0.371,1,1
15,0,26,4,N,nb24,270,0.335,-1.58,2,1
15,0,26,4,N,nb25,270,0.306,-1.249,2,0
15,0,26,4,N,nb26,270,-1.183,1.689,1,1
15,0,26,4,N,nb27,270,0.493,-1.409,4,1
15,0,26,4,N,nb28,270,-1.183,1.859,1,1
15,0,26,4,N,nb29,270,0.934,0.589,1,1
15,0,26,4,A,aa0,270,0.634,-1.042,1,0
15,0,26,4,A,aa1,270,-0.615,-0.859,0,0
15,0,26,4,A,aa2,270,1.696,-0.874,0,0
15,0,26,4,A,aa3,270,1.347,1.612,0,0
15,0,26,4,N,nb0,275,-0.603,0.424,1,1
15,0,26,4,N,nb1,275,1.865,-0.217,1,1
15,0,26,4,N,nb2,275,0.601,-1.269,2,0
15,0,26,4,N,nb3,275,-0.624,0.069,1,1
15,0,26,4,N,nb4,275,0.756,-1.781,1,1
15,0,26,4,N,nb5,275,1.421,1.861,1,0
15,0,26,4,N,nb6,275,1.591,1.848,2,0
15,0,26,4,N,nb7,275,-0.298,-1.397,0,0
15,0,26,4,N,nb8,275,-0.513,0.197,2,1
15,0,26,4,N,nb9,275,-1.07,0.79,1,1
15,0,26,4,N,nb10,275,0.579,0.899,1,1
15,0,26,4,N,nb11,275,0.58,-1.626,3,1
15,0,26,4,N,nb12,275,0.088,-1.076,1,0
15,0,26,4,N,nb13,275,1.758,1.862,1,0
15,0,26,4,N,nb14,275,-0.412,-1.796,0,0
15,0,26,4,N,nb15,275,0.685,-0.838,0,0
15,0,26,4,N,nb16,275,1.847,-0.049,1,1
15,0,26,4,N,nb17,275,1.104,-0.136,1,1
15,0,26,4,N,nb18,275,0.033,-1.309,1,1
15,0,26,4,N,nb19,275,0.706,0.687,2,1
15,0,26,4,N,nb20,275,-0.845,0.884,1,1
15,0,26,4,N,nb21,275,0.278,0.184,0,0
15,0,26,4,N,nb22,275,0.475,-1.158,2,0
15,0,26,4,N,nb23,275,1.163,-0.371,1,1
15,0,26,4,N,nb24,275,0.335,-1.58,2,1
15,0,26,4,N,nb25,275,0.311,-1.288,2,1
15,0,26,4,N,nb26,275,-1.183,1.689,1,1
15,0,26,4,N,nb27,275,0.493,-1.409,4,1
15,0,26,4,N,nb28,275,-1.183,1.859,1,1
15,0,26,4,N,nb29,275,0.934,0.589,1,1
15,0,26,4,A,aa0,275,0.651,-1.038,3,1
15,0,26,4,A,aa1,275,-0.57,-0.949,0,0
15,0,26,4,A,aa2,275,1.651,-0.785,0,0
15,0,26,4,A,aa3,275,1.424,1.552,0,0
15,0,26,4,N,nb0,280,-0.603,0.424,1,1
15,0,26,4,N,nb1,280,1.865,-0.217,1,1
15,0,26,4,N,nb2,280,0.612,-1.237,2,0
15,0,26,4,N,nb3,280,-0.624,0.069,1,1
15,0,26,4,N,nb4,280,0.756,-1.781,1,1
15,0,26,4,N,nb5,280,1.442,1.858,1,0
15,0,26,4,N,nb6,280,1.629,1.839,2,0
15,0,26,4,N,nb7,280,-0.327,-1.493,0,0
15,0,26,4,N,nb8,280,-0.513,0.197,2,1
15,0,26,4,N,nb9,280,-1.07,0.79,1,1
15,0,26,4,N,nb10,280,0.579,0.899,1,1
15,0,26,4,N,nb11,280,0.58,-1.626,3,1
15,0,26,4,N,nb12,280,0.148,-1.03,0,0
15,0,26,4,N,nb13,280,1.795,1.855,1,0
15,0,26,4,N,nb14,280,-0.365,-1.866,0,0
15,0,26,4,N,nb15,280,0.775,-0.805,0,0
15,0,26,4,N,nb16,280,1.847,-0.049,1,1
15,0,26,4,N,nb17,280,1.104,-0.136,1,1
15,0,26,4,N,nb18,280,0.033,-1.309,0,0
15,0,26,4,N,nb19,280,0.706,0.687,2,1
15,0,26,4,N,nb20,280,-0.845,0.884,1,1
15,0,26,4,N,nb21,280,0.34,0.263,0,0
15,0,26,4,N,nb22,280,0.449,-1.192,3,0
15,0,26,4,N,nb23,280,1.163,-0.371,1,1
15,0,26,4,N,nb24,280,0.335,-1.58,2,1
15,0,26,4,N,nb25,280,0.31,-1.289,2,1
15,0,26,4,N,nb26,280,-1.183,1.689,1,1
15,0,26,4,N,nb27,280,0.493,-1.409,5,1
15,0,26,4,N,nb28,280,-1.183,1.859,1,1
15,0,26,4,N,nb29,280,0.934,0.589,1,1
15,0,26,4,A,aa0,280,0.673,-1.032,0,0
15,0,26,4,A,aa1,280,-0.525,-1.038,0,0
15,0,26,4,A,aa2,280,1.606,-0.696,2,0
15,0,26,4,A,aa3,280,1.503,1.489,3,1
15,0,26,4,N,nb0,285,-0.603,0.424,1,1
15,0,26,4,N,nb1,285,1.865,-0.217,1,1
15,0,26,4,N,nb2,285,0.613,-1.149,1,0
15,0,26,4,N,nb3,285,-0.624,0.069,1,1
15,0,26,4,N,nb4,285,0.756,-1.781,1,1
15,0,26,4,N,nb5,285,1.508,1.844,1,0
15,0,26,4,N,nb6,285,1.676,1.824,2,0
15,0,26,4,N,nb7,285,-0.356,-1.588,0,0
15,0,26,4,N,nb8,285,-0.513,0.197,2,1
15,0,26,4,N,nb9,285,-1.07,0.79,1,1
15,0,26,4,N,nb10,285,0.579,0.899,1,1
15,0,26,4,N,nb11,285,0.58,-1.626,3,1
15,0,26,4,N,nb12,285,0.226,-0.968,0,0
15,0,26,4,N,nb13,285,1.842,1.845,1,0
15,0,26,4,N,nb14,285,-0.309,-1.866,0,0
15,0,26,4,N,nb15,285,0.863,-0.767,0,0
15,0,26,4,N,nb16,285,1.847,-0.049,1,1
15,0,26,4,N,nb17,285,1.104,-0.136,1,1
15,0,26,4,N,nb18,285,0.067,-1.294,1,1
15,0,26,4,N,nb19,285,0.706,0.687,2,0
15,0,26,4,N,nb20,285,-0.845,0.884,1,1
15,0,26,4,N,nb21,285,0.402,0.341,0,0
15,0,26,4,N,nb22,285,0.445,-1.227,3,0
15,0,26,4,N,nb23,285,1.163,-0.371,1,1
15,0,26,4,N,nb24,285,0.335,-1.58,2,1
15,0,26,4,N,nb25,285,0.294,-1.305,3,1
15,0,26,4,N,nb26,285,-1.183,1.689,1,1
15,0,26,4,N,nb27,285,0.493,-1.409,4,1
15,0,26,4,N,nb28,285,-1.183,1.859,1,1
15,0,26,4,N,nb29,285,0.934,0.589,1,0
15,0,26,4,A,aa0,285,0.737,-0.962,0,0
15,0,26,4,A,aa1,285,-0.48,-1.127,1,0
15,0,26,4,A,aa2,285,1.56,-0.607,2,0
15,0,26,4,A,aa3,285,1.581,1.427,0,0
15,0,26,4,N,nb0,290,-0.603,0.424,1,1
15,0,26,4,N,nb1,290,1.865,-0.217,1,0
15,0,26,4,N,nb2,290,0.614,-1.127,1,1
15,0,26,4,N,nb3,290,-0.624,0.069,1,1
15,0,26,4,N,nb4,290,0.756,-1.781,1,1
15,0,26,4,N,nb5,290,1.534,1.834,1,0
15,0,26,4,N,nb6,290,1.699,1.799,2,0
15,0,26,4,N,nb7,290,-0.374,-1.646,1,1
15,0,26,4,N,nb8,290,-0.513,0.197,2,1
15,0,26,4,N,nb9,290,-1.07,0.79,1,1
15,0,26,4,N,nb10,290,0.579,0.899,1,1
15,0,26,4,N,nb11,290,0.58,-1.626,3,1
15,0,26,4,N,nb12,290,0.304,-0.906,0,0
15,0,26,4,N,nb13,290,1.865,1.822,1,0
15,0,26,4,N,nb14,290,-0.269,-1.866,1,1
15,0,26,4,N,nb15,290,0.951,-0.724,0,0
15,0,26,4,N,nb16,290,1.847,-0.049,1,0
15,0,26,4,N,nb17,290,1.104,-0.136,1,0
15,0,26,4,N,nb18,290,0.067,-1.294,1,1
15,0,26,4,N,nb19,290,0.706,0.687,2,1
15,0,26,4,N,nb20,290,-0.845,0.884,1,1
15,0,26,4,N,nb21,290,0.464,0.42,0,0
15,0,26,4,N,nb22,290,0.444,-1.236,3,1
15,0,26,4,N,nb23,290,1.163,-0.371,1,0
15,0,26,4,N,nb24,290,0.335,-1.58,2,1
15,0,26,4,N,nb25,290,0.292,-1.308,3,1
15,0,26,4,N,nb26,290,-1.183,1.689,1,1
15,0,26,4,N,nb27,290,0.493,-1.409,4,1
15,0,26,4,N,nb28,290,-1.183,1.859,1,1
15,0,26,4,N,nb29,290,0.934,0.589,1,1
15,0,26,4,A,aa0,290,0.798,-0.894,1,0
15,0,26,4,A,aa1,290,-0.435,-1.217,2,0
15,0,26,4,A,aa2,290,1.515,-0.518,4,1
15,0,26,4,A,aa3,290,1.659,1.365,0,0
15,0,26,4,N,nb0,295,-0.603,0.424,1,1
15,0,26,4,N,nb1,295,1.865,-0.26,1,0
15,0,26,4,N,nb2,295,0.614,-1.127,1,1
15,0,26,4,N,nb3,295,-0.624,0.069,1,1
15,0,26,4,N,nb4,295,0.756,-1.781,1,1
15,0,26,4,N,nb5,295,1.534,1.833,1,0
15,0,26,4,N,nb6,295,1.699,1.793,2,0
15,0,26,4,N,nb7,295,-0.374,-1.646,1,1
15,0,26,4,N,nb8,295,-0.513,0.197,2,1
15,0,26,4,N,nb9,295,-1.07,0.79,1,1
15,0,26,4,N,nb10,295,0.579,0.899,1,1
15,0,26,4,N,nb11,295,0.58,-1.626,3,1
15,0,26,4,N,nb12,295,0.382,-0.843,0,0
15,0,26,4,N,nb13,295,1.865,1.816,1,0
15,0,26,4,N,nb14,295,-0.269,-1.866,1,1
15,0,26,4,N,nb15,295,1.038,-0.678,0,0
15,0,26,4,N,nb16,295,1.844,-0.092,1,0
15,0,26,4,N,nb17,295,1.179,-0.178,1,0
15,0,26,4,N,nb18,295,0.067,-1.294,1,1
15,0,26,4,N,nb19,295,0.706,0.687,2,1
15,0,26,4,N,nb20,295,-0.845,0.884,1,1
15,0,26,4,N,nb21,295,0.526,0.498,0,0
15,0,26,4,N,nb22,295,0.444,-1.236,3,1
15,0,26,4,N,nb23,295,1.254,-0.373,1,0
15,0,26,4,N,nb24,295,0.335,-1.58,2,1
15,0,26,4,N,nb25,295,0.292,-1.308,3,1
15,0,26,4,N,nb26,295,-1.183,1.689,1,1
15,0,26,4,N,nb27,295,0.493,-1.409,4,1
15,0,26,4,N,nb28,295,-1.183,1.859,1,1
15,0,26,4,N,nb29,295,0.934,0.589,1,1
15,0,26,4,A,aa0,295,0.866,-0.843,1,0
15,0,26,4,A,aa1,295,-0.391,-1.306,2,0
15,0,26,4,A,aa2,295,1.471,-0.43,0,0
15,0,26,4,A,aa3,295,1.738,1.303,3,1
15,0,26,4,N,nb0,300,-0.603,0.424,1,1
15,0,26,4,N,nb1,300,1.857,-0.314,1,1
15,0,26,4,N,nb2,300,0.614,-1.127,1,1
15,0,26,4,N,nb3,300,-0.624,0.069,1,0
15,0,26,4,N,nb4,300,0.756,-1.781,1,1
15,0,26,4,N,nb5,300,1.539,1.82,1,0
15,0,26,4,N,nb6,300,1.699,1.763,2,0
15,0,26,4,N,nb7,300,-0.374,-1.646,1,1
15,0,26,4,N,nb8,300,-0.513,0.197,2,0
15,0,26,4,N,nb9,300,-1.07,0.79,1,1
15,0,26,4,N,nb10,300,0.579,0.899,1,1
15,0,26,4,N,nb11,300,0.58,-1.626,3,1
15,0,26,4,N,nb12,300,0.46,-0.781,0,0
15,0,26,4,N,nb13,300,1.865,1.785,1,0
15,0,26,4,N,nb14,300,-0.269,-1.866,1,1
15,0,26,4,N,nb15,300,1.124,-0.631,0,0
15,0,26,4,N,nb16,300,1.834,-0.146,1,1
15,0,26,4,N,nb17,300,1.261,-0.207,1,1
15,0,26,4,N,nb18,300,0.067,-1.294,1,1
15,0,26,4,N,nb19,300,0.706,0.687,3,1
15,0,26,4,N,nb20,300,-0.845,0.884,1,1
15,0,26,4,N,nb21,300,0.538,0.514,1,1
15,0,26,4,N,nb22,300,0.444,-1.236,3,1
15,0,26,4,N,nb23,300,1.313,-0.367,1,1
15,0,26,4,N,nb24,300,0.335,-1.58,2,1
15,0,26,4,N,nb25,300,0.292,-1.308,3,1
15,0,26,4,N,nb26,300,-1.183,1.689,1,1
15,0,26,4,N,nb27,300,0.493,-1.409,4,1
15,0,26,4,N,nb28,300,-1.183,1.859,1,1
15,0,26,4,N,nb29,300,0.934,0.589,1,1
15,0,26,4,A,aa0,300,0.944,-0.807,1,0
15,0,26,4,A,aa1,300,-0.346,-1.396,2,0
15,0,26,4,A,aa2,300,1.481,-0.374,0,0
15,0,26,4,A,aa3,300,1.756,1.288,0,0
15,0,26,4,N,nb0,305,-0.603,0.424,1,1
15,0,26,4,N,nb1,305,1.856,-0.315,1,0
15,0,26,4,N,nb2,305,0.614,-1.127,1,1
15,0,26,4,N,nb3,305,-0.624,0.069,1,1
15,0,26,4,N,nb4,305,0.756,-1.781,1,1
15,0,26,4,N,nb5,305,1.548,1.801,1,1
15,0,26,4,N,nb6,305,1.698,1.723,2,1
15,0,26,4,N,nb7,305,-0.374,-1.646,1,1
15,0,26,4,N,nb8,305,-0.513,0.197,2,1
15,0,26,4,N,nb9,305,-1.07,0.79,1,1
15,0,26,4,N,nb10,305,0.579,0.899,1,1
15,0,26,4,N,nb11,305,0.58,-1.626,3,1
15,0,26,4,N,nb12,305,0.538,-0.718,0,0
15,0,26,4,N,nb13,305,1.865,1.737,1,1
15,0,26,4,N,nb14,305,-0.269,-1.866,1,1
15,0,26,4,N,nb15,305,1.208,-0.582,1,1
15,0,26,4,N,nb16,305,1.833,-0.147,1,0
15,0,26,4,N,nb17,305,1.278,-0.211,1,0
15,0,26,4,N,nb18,305,0.067,-1.294,1,1
15,0,26,4,N,nb19,305,0.706,0.687,3,1
15,0,26,4,N,nb20,305,-0.845,0.884,1,1
15,0,26,4,N,nb21,305,0.538,0.514,1,1
15,0,26,4,N,nb22,305,0.444,-1.236,3,1
15,0,26,4,N,nb23,305,1.327,-0.372,2,0
15,0,26,4,N,nb24,305,0.335,-1.58,2,1
15,0,26,4,N,nb25,305,0.292,-1.308,3,1
15,0,26,4,N,nb26,305,-1.183,1.689,1,1
15,0,26,4,N,nb27,305,0.493,-1.409,4,1
15,0,26,4,N,nb28,305,-1.183,1.859,1,1
15,0,26,4,N,nb29,305,0.934,0.589,1,1
15,0,26,4,A,aa0,305,1.028,-0.786,1,0
15,0,26,4,A,aa1,305,-0.301,-1.472,3,1
15,0,26,4,A,aa2,305,1.476,-0.292,0,0
15,0,26,4,A,aa3,305,1.756,1.288,0,0
15,0,26,4,N,nb0,310,-0.603,0.424,1,1
15,0,26,4,N,nb1,310,1.848,-0.312,1,0
15,0,26,4,N,nb2,310,0.614,-1.127,1,1
15,0,26,4,N,nb3,310,-0.624,0.069,1,1
15,0,26,4,N,nb4,310,0.756,-1.781,1,1
15,0,26,4,N,nb5,310,1.55,1.797,1,0
15,0,26,4,N,nb6,310,1.698,1.715,2,0
15,0,26,4,N,nb7,310,-0.392,-1.698,1,0
15,0,26,4,N,nb8,310,-0.513,0.197,2,1
15,0,26,4,N,nb9,310,-1.07,0.79,1,1
15,0,26,4,N,nb10,310,0.579,0.899,1,1
15,0,26,4,N,nb11,310,0.58,-1.626,3,0
15,0,26,4,N,nb12,310,0.616,-0.656,0,0
15,0,26,4,N,nb13,310,1.865,1.729,1,0
15,0,26,4,N,nb14,310,-0.229,-1.866,1,0
15,0,26,4,N,nb15,310,1.21,-0.581,0,1
15,0,26,4,N,nb16,310,1.822,-0.145,1,0
15,0,26,4,N,nb17,310,1.365,-0.224,1,0
15,0,26,4,N,nb18,310,0.111,-1.272,1,0
15,0,26,4,N,nb19,310,0.706,0.687,3,1
15,0,26,4,N,nb20,310,-0.845,0.884,1,0
15,0,26,4,N,nb21,310,0.538,0.514,1,1
15,0,26,4,N,nb22,310,0.444,-1.236,3,1
15,0,26,4,N,nb23,310,1.413,-0.401,1,0
15,0,26,4,N,nb24,310,0.335,-1.58,2,1
15,0,26,4,N,nb25,310,0.293,-1.324,3,0
15,0,26,4,N,nb26,310,-1.183,1.689,1,1
15,0,26,4,N,nb27,310,0.493,-1.409,4,0
15,0,26,4,N,nb28,310,-1.183,1.859,1,1
15,0,26,4,N,nb29,310,0.934,0.589,1,1
15,0,26,4,A,aa0,310,1.031,-0.786,2,0
15,0,26,4,A,aa1,310,-0.244,-1.541,1,0
15,0,26,4,A,aa2,310,1.527,-0.275,0,0
15,0,26,4,A,aa3,310,1.762,1.304,0,0
15,0,26,4,N,nb0,315,-0.603,0.424,1,1
15,0,26,4,N,nb1,315,1.831,-0.306,1,1
15,0,26,4,N,nb2,315,0.614,-1.127,1,1
15,0,26,4,N,nb3,315,-0.624,0.069,1,1
15,0,26,4,N,nb4,315,0.756,-1.781,1,1
15,0,26,4,N,nb5,315,1.56,1.762,1,0
15,0,26,4,N,nb6,315,1.698,1.663,2,0
15,0,26,4,N,nb7,315,-0.427,-1.784,0,0
15,0,26,4,N,nb8,315,-0.513,0.197,2,1
15,0,26,4,N,nb9,315,-1.07,0.79,1,1
15,0,26,4,N,nb10,315,0.579,0.899,1,1
15,0,26,4,N,nb11,315,0.58,-1.626,3,1
15,0,26,4,N,nb12,315,0.694,-0.593,0,0
15,0,26,4,N,nb13,315,1.865,1.672,1,0
15,0,26,4,N,nb14,315,-0.152,-1.866,0,0
15,0,26,4,N,nb15,315,1.21,-0.581,0,1
15,0,26,4,N,nb16,315,1.803,-0.139,1,1
15,0,26,4,N,nb17,315,1.414,-0.227,1,1
15,0,26,4,N,nb18,315,0.185,-1.22,1,0
15,0,26,4,N,nb19,315,0.706,0.687,3,1
15,0,26,4,N,nb20,315,-0.845,0.884,1,1
15,0,26,4,N,nb21,315,0.538,0.514,1,1
15,0,26,4,N,nb22,315,0.444,-1.236,3,1
15,0,26,4,N,nb23,315,1.484,-0.431,1,1
15,0,26,4,N,nb24,315,0.334,-1.582,3,1
15,0,26,4,N,nb25,315,0.297,-1.417,4,0
15,0,26,4,N,nb26,315,-1.183,1.689,1,1
15,0,26,4,N,nb27,315,0.493,-1.409,4,1
15,0,26,4,N,nb28,315,-1.183,1.859,1,1
15,0,26,4,N,nb29,315,0.934,0.589,1,1
15,0,26,4,A,aa0,315,1.053,-0.739,2,0
15,0,26,4,A,aa1,315,-0.176,-1.606,0,0
15,0,26,4,A,aa2,315,1.579,-0.267,0,0
15,0,26,4,A,aa3,315,1.795,1.39,0,0
15,0,26,4,N,nb0,320,-0.603,0.424,1,0
15,0,26,4,N,nb1,320,1.821,-0.303,1,0
15,0,26,4,N,nb2,320,0.614,-1.127,1,1
15,0,26,4,N,nb3,320,-0.624,0.069,1,1
15,0,26,4,N,nb4,320,0.756,-1.781,1,1
15,0,26,4,N,nb5,320,1.571,1.724,1,1
15,0,26,4,N,nb6,320,1.698,1.611,2,1
15,0,26,4,N,nb7,320,-0.471,-1.859,0,0
15,0,26,4,N,nb8,320,-0.513,0.197,2,1
15,0,26,4,N,nb9,320,-1.07,0.79,1,1
15,0,26,4,N,nb10,320,0.579,0.899,1,1
15,0,26,4,N,nb11,320,0.58,-1.626,2,1
15,0,26,4,N,nb12,320,0.772,-0.531,0,0
15,0,26,4,N,nb13,320,1.865,1.617,1,1
15,0,26,4,N,nb14,320,-0.069,-1.866,0,0
15,0,26,4,N,nb15,320,1.215,-0.572,0,1
15,0,26,4,N,nb16,320,1.791,-0.137,1,0
15,0,26,4,N,nb17,320,1.413,-0.218,0,0
15,0,26,4,N,nb18,320,0.215,-1.195,1,1
15,0,26,4,N,nb19,320,0.706,0.687,3,1
15,0,26,4,N,nb20,320,-0.845,0.884,1,1
15,0,26,4,N,nb21,320,0.538,0.514,1,1
15,0,26,4,N,nb22,320,0.444,-1.236,3,1
15,0,26,4,N,nb23,320,1.514,-0.447,0,0
15,0,26,4,N,nb24,320,0.326,-1.619,1,1
15,0,26,4,N,nb25,320,0.301,-1.451,2,1
15,0,26,4,N,nb26,320,-1.183,1.689,1,1
15,0,26,4,N,nb27,320,0.493,-1.409,3,1
15,0,26,4,N,nb28,320,-1.183,1.859,1,1
15,0,26,4,N,nb29,320,0.934,0.589,1,1
15,0,26,4,A,aa0,320,1.073,-0.665,1,0
15,0,26,4,A,aa1,320,-0.105,-1.659,2,0
15,0,26,4,A,aa2,320,1.575,-0.267,1,0
15,0,26,4,A,aa3,320,1.809,1.445,0,0
15,0,26,4,N,nb0,325,-0.603,0.424,1,1
15,0,26,4,N,nb1,325,1.783,-0.292,1,0
15,0,26,4,N,nb2,325,0.614,-1.127,1,1
15,0,26,4,N,nb3,325,-0.624,0.069,1,1
15,0,26,4,N,nb4,325,0.756,-1.781,1,1
15,0,26,4,N,nb5,325,1.571,1.724,1,1
15,0,26,4,N,nb6,325,1.698,1.611,2,1
15,0,26,4,N,nb7,325,-0.524,-1.866,0,0
15,0,26,4,N,nb8,325,-0.513,0.197,2,1
15,0,26,4,N,nb9,325,-1.07,0.79,1,1
15,0,26,4,N,nb10,325,0.579,0.899,1,1
15,0,26,4,N,nb11,325,0.58,-1.626,3,1
15,0,26,4,N,nb12,325,0.849,-0.469,0,0
15,0,26,4,N,nb13,325,1.865,1.617,1,1
15,0,26,4,N,nb14,325,0.019,-1.866,0,0
15,0,26,4,N,nb15,325,1.232,-0.55,0,1
15,0,26,4,N,nb16,325,1.75,-0.127,1,0
15,0,26,4,N,nb17,325,1.416,-0.183,0,0
15,0,26,4,N,nb18,325,0.239,-1.173,1,0
15,0,26,4,N,nb19,325,0.706,0.687,3,1
15,0,26,4,N,nb20,325,-0.845,0.884,1,1
15,0,26,4,N,nb21,325,0.538,0.514,1,1
15,0,26,4,N,nb22,325,0.444,-1.236,3,1
15,0,26,4,N,nb23,325,1.595,-0.495,0,0
15,0,26,4,N,nb24,325,0.349,-1.622,2,0
15,0,26,4,N,nb25,325,0.302,-1.459,2,0
15,0,26,4,N,nb26,325,-1.183,1.689,1,1
15,0,26,4,N,nb27,325,0.493,-1.409,3,1
15,0,26,4,N,nb28,325,-1.183,1.859,1,1
15,0,26,4,N,nb29,325,0.934,0.589,1,1
15,0,26,4,A,aa0,325,1.069,-0.597,1,0
15,0,26,4,A,aa1,325,-0.027,-1.7,0,0
15,0,26,4,A,aa2,325,1.578,-0.233,1,0
15,0,26,4,A,aa3,325,1.799,1.457,2,0
15,0,26,4,N,nb0,330,-0.603,0.424,1,1
15,0,26,4,N,nb1,330,1.755,-0.279,1,1
15,0,26,4,N,nb2,330,0.614,-1.127,1,1
15,0,26,4,N,nb3,330,-0.624,0.069,1,1
15,0,26,4,N,nb4,330,0.756,-1.781,1,1
15,0,26,4,N,nb5,330,1.571,1.724,1,1
15,0,26,4,N,nb6,330,1.698,1.611,2,1
15,0,26,4,N,nb7,330,-0.588,-1.866,0,0
15,0,26,4,N,nb8,330,-0.513,0.197,2,1
15,0,26,4,N,nb9,330,-1.07,0.79,1,0
15,0,26,4,N,nb10,330,0.579,0.899,1,1
15,0,26,4,N,nb11,330,0.592,-1.625,3,1
15,0,26,4,N,nb12,330,0.916,-0.407,0,0
15,0,26,4,N,nb13,330,1.865,1.619,1,1
15,0,26,4,N,nb14,330,0.115,-1.866,0,0
15,0,26,4,N,nb15,330,1.235,-0.547,0,1
15,0,26,4,N,nb16,330,1.72,-0.113,1,1
15,0,26,4,N,nb17,330,1.391,-0.147,0,0
15,0,26,4,N,nb18,330,0.299,-1.105,1,0
15,0,26,4,N,nb19,330,0.706,0.687,3,1
15,0,26,4,N,nb20,330,-0.845,0.884,1,1
15,0,26,4,N,nb21,330,0.538,0.514,1,1
15,0,26,4,N,nb22,330,0.444,-1.236,3,1
15,0,26,4,N,nb23,330,1.675,-0.551,0,0
15,0,26,4,N,nb24,330,0.424,-1.608,3,0
15,0,26,4,N,nb25,330,0.278,-1.519,2,0
15,0,26,4,N,nb26,330,-1.183,1.689,1,1
15,0,26,4,N,nb27,330,0.493,-1.409,4,1
15,0,26,4,N,nb28,330,-1.183,1.859,1,1
15,0,26,4,N,nb29,330,0.934,0.589,1,1
15,0,26,4,A,aa0,330,1.061,-0.564,1,0
15,0,26,4,A,aa1,330,0.05,-1.709,0,0
15,0,26,4,A,aa2,330,1.558,-0.178,3,1
15,0,26,4,A,aa3,330,1.788,1.468,2,0
15,0,26,4,N,nb0,335,-0.603,0.424,1,1
15,0,26,4,N,nb1,335,1.724,-0.271,1,0
15,0,26,4,N,nb2,335,0.614,-1.127,1,1
15,0,26,4,N,nb3,335,-0.624,0.069,1,1
15,0,26,4,N,nb4,335,0.756,-1.781,1,1
15,0,26,4,N,nb5,335,1.571,1.724,1,1
15,0,26,4,N,nb6,335,1.698,1.611,2,1
15,0,26,4,N,nb7,335,-0.661,-1.866,0,0
15,0,26,4,N,nb8,335,-0.513,0.197,2,1
15,0,26,4,N,nb9,335,-1.07,0.79,1,1
15,0,26,4,N,nb10,335,0.579,0.899,1,1
15,0,26,4,N,nb11,335,0.624,-1.62,3,1
15,0,26,4,N,nb12,335,0.97,-0.331,0,0
15,0,26,4,N,nb13,335,1.865,1.619,1,1
15,0,26,4,N,nb14,335,0.213,-1.866,0,0
15,0,26,4,N,nb15,335,1.283,-0.521,0,0
15,0,26,4,N,nb16,335,1.687,-0.106,1,0
15,0,26,4,N,nb17,335,1.342,-0.118,0,0
15,0,26,4,N,nb18,335,0.334,-1.057,1,1
15,0,26,4,N,nb19,335,0.706,0.687,3,1
15,0,26,4,N,nb20,335,-0.845,0.884,1,1
15,0,26,4,N,nb21,335,0.538,0.514,1,1
15,0,26,4,N,nb22,335,0.444,-1.236,3,1
15,0,26,4,N,nb23,335,1.756,-0.609,0,0
15,0,26,4,N,nb24,335,0.456,-1.596,3,1
15,0,26,4,N,nb25,335,0.256,-1.573,1,1
15,0,26,4,N,nb26,335,-1.183,1.689,1,1
15,0,26,4,N,nb27,335,0.493,-1.409,3,1
15,0,26,4,N,nb28,335,-1.183,1.859,1,1
15,0,26,4,N,nb29,335,0.934,0.589,1,1
15,0,26,4,A,aa0,335,1.025,-0.491,0,0
15,0,26,4,A,aa1,335,0.133,-1.716,2,0
15,0,26,4,A,aa2,335,1.511,-0.123,0,0
15,0,26,4,A,aa3,335,1.788,1.468,2,0
15,0,26,4,N,nb0,340,-0.603,0.424,1,1
15,0,26,4,N,nb1,340,1.659,-0.25,1,0
15,0,26,4,N,nb2,340,0.614,-1.127,1,1
15,0,26,4,N,nb3,340,-0.624,0.069,1,1
15,0,26,4,N,nb4,340,0.743,-1.775,1,0
15,0,26,4,N,nb5,340,1.571,1.724,1,1
15,0,26,4,N,nb6,340,1.698,1.611,2,1
15,0,26,4,N,nb7,340,-0.742,-1.866,0,0
15,0,26,4,N,nb8,340,-0.513,0.197,2,1
15,0,26,4,N,nb9,340,-1.07,0.79,1,1
15,0,26,4,N,nb10,340,0.579,0.899,1,1
15,0,26,4,N,nb11,340,0.624,-1.62,3,1
15,0,26,4,N,nb12,340,1.025,-0.251,0,0
15,0,26,4,N,nb13,340,1.865,1.619,1,1
15,0,26,4,N,nb14,340,0.312,-1.866,0,0
15,0,26,4,N,nb15,340,1.372,-0.477,0,0
15,0,26,4,N,nb16,340,1.622,-0.085,1,0
15,0,26,4,N,nb17,340,1.283,-0.08,0,0
15,0,26,4,N,nb18,340,0.334,-1.057,1,1
15,0,26,4,N,nb19,340,0.706,0.687,3,1
15,0,26,4,N,nb20,340,-0.845,0.884,1,1
15,0,26,4,N,nb21,340,0.538,0.514,1,1
15,0,26,4,N,nb22,340,0.444,-1.236,3,1
15,0,26,4,N,nb23,340,1.827,-0.665,0,0
15,0,26,4,N,nb24,340,0.457,-1.593,3,0
15,0,26,4,N,nb25,340,0.269,-1.569,1,0
15,0,26,4,N,nb26,340,-1.183,1.689,1,1
15,0,26,4,N,nb27,340,0.493,-1.409,3,1
15,0,26,4,N,nb28,340,-1.183,1.859,1,1
15,0,26,4,N,nb29,340,0.934,0.589,1,1
15,0,26,4,A,aa0,340,0.974,-0.428,0,0
15,0,26,4,A,aa1,340,0.208,-1.727,0,0
15,0,26,4,A,aa2,340,1.452,-0.071,0,0
15,0,26,4,A,aa3,340,1.782,1.465,2,0
15,0,26,4,N,nb0,345,-0.603,0.424,1,1
15,0,26,4,N,nb1,345,1.628,-0.238,1,1
15,0,26,4,N,nb2,345,0.614,-1.127,1,1
15,0,26,4,N,nb3,345,-0.624,0.069,1,1
15,0,26,4,N,nb4,345,0.706,-1.768,1,0
15,0,26,4,N,nb5,345,1.571,1.724,1,1
15,0,26,4,N,nb6,345,1.698,1.611,2,1
15,0,26,4,N,nb7,345,-0.828,-1.866,0,0
15,0,26,4,N,nb8,345,-0.513,0.197,2,1
15,0,26,4,N,nb9,345,-1.07,0.79,1,1
15,0,26,4,N,nb10,345,0.579,0.899,1,1
15,0,26,4,N,nb11,345,0.624,-1.619,3,1
15,0,26,4,N,nb12,345,1.06,-0.199,1,1
15,0,26,4,N,nb13,345,1.865,1.619,1,1
15,0,26,4,N,nb14,345,0.407,-1.864,0,0
15,0,26,4,N,nb15,345,1.462,-0.432,0,0
15,0,26,4,N,nb16,345,1.591,-0.072,1,1
15,0,26,4,N,nb17,345,1.215,-0.047,1,1
15,0,26,4,N,nb18,345,0.334,-1.057,1,1
15,0,26,4,N,nb19,345,0.706,0.687,3,1
15,0,26,4,N,nb20,345,-0.845,0.884,1,1
15,0,26,4,N,nb21,345,0.538,0.514,1,1
15,0,26,4,N,nb22,345,0.444,-1.236,3,1
15,0,26,4,N,nb23,345,1.866,-0.728,0,0
15,0,26,4,N,nb24,345,0.46,-1.578,3,0
15,0,26,4,N,nb25,345,0.228,-1.584,1,0
15,0,26,4,N,nb26,345,-1.183,1.689,1,1
15,0,26,4,N,nb27,345,0.493,-1.409,3,1
15,0,26,4,N,nb28,345,-1.183,1.859,1,1
15,0,26,4,N,nb29,345,0.934,0.589,1,1
15,0,26,4,A,aa0,345,0.906,-0.367,1,0
15,0,26,4,A,aa1,345,0.211,-1.753,1,0
15,0,26,4,A,aa2,345,1.382,-0.021,3,1
15,0,26,4,A,aa3,345,1.756,1.453,2,0
15,0,26,4,N,nb0,350,-0.603,0.424,1,1
15,0,26,4,N,nb1,350,1.585,-0.228,2,0
15,0,26,4,N,nb2,350,0.614,-1.127,1,1
15,0,26,4,N,nb3,350,-0.624,0.069,1,1
15,0,26,4,N,nb4,350,0.674,-1.782,2,1
15,0,26,4,N,nb5,350,1.571,1.724,1,1
15,0,26,4,N,nb6,350,1.698,1.611,2,1
15,0,26,4,N,nb7,350,-0.918,-1.866,0,0
15,0,26,4,N,nb8,350,-0.513,0.197,2,1
15,0,26,4,N,nb9,350,-1.07,0.79,1,1
15,0,26,4,N,nb10,350,0.579,0.899,1,1
15,0,26,4,N,nb11,350,0.624,-1.619,3,1
15,0,26,4,N,nb12,350,1.06,-0.199,1,1
15,0,26,4,N,nb13,350,1.865,1.619,1,1
15,0,26,4,N,nb14,350,0.466,-1.858,1,1
15,0,26,4,N,nb15,350,1.509,-0.411,1,0
15,0,26,4,N,nb16,350,1.546,-0.063,1,0
15,0,26,4,N,nb17,350,1.146,-0.006,1,0
15,0,26,4,N,nb18,350,0.334,-1.057,1,1
15,0,26,4,N,nb19,350,0.706,0.687,3,1
15,0,26,4,N,nb20,350,-0.845,0.884,1,1
15,0,26,4,N,nb21,350,0.538,0.514,1,1
15,0,26,4,N,nb22,350,0.444,-1.236,3,1
15,0,26,4,N,nb23,350,1.866,-0.799,0,0
15,0,26,4,N,nb24,350,0.46,-1.575,2,1
15,0,26,4,N,nb25,350,0.179,-1.611,0,0
15,0,26,4,N,nb26,350,-1.183,1.689,1,1
15,0,26,4,N,nb27,350,0.493,-1.409,3,1
15,0,26,4,N,nb28,350,-1.183,1.859,1,1
15,0,26,4,N,nb29,350,0.934,0.589,1,1
15,0,26,4,A,aa0,350,0.83,-0.314,1,0
15,0,26,4,A,aa1,350,0.223,-1.775,3,1
15,0,26,4,A,aa2,350,1.311,0.031,0,0
15,0,26,4,A,aa3,350,1.693,1.442,2,0
15,0,26,4,N,nb0,355,-0.603,0.424,1,1
15,0,26,4,N,nb1,355,1.505,-0.209,2,0
15,0,26,4,N,nb2,355,0.614,-1.127,1,1
15,0,26,4,N,nb3,355,-0.624,0.069,1,1
15,0,26,4,N,nb4,355,0.674,-1.782,2,1
15,0,26,4,N,nb5,355,1.572,1.716,1,0
15,0,26,4,N,nb6,355,1.698,1.602,2,0
15,0,26,4,N,nb7,355,-1.01,-1.865,0,0
15,0,26,4,N,nb8,355,-0.513,0.197,2,1
15,0,26,4,N,nb9,355,-1.07,0.79,1,1
15,0,26,4,N,nb10,355,0.579,0.899,1,1
15,0,26,4,N,nb11,355,0.631,-1.57,3,0
15,0,26,4,N,nb12,355,1.06,-0.199,0,1
15,0,26,4,N,nb13,355,1.865,1.613,1,0
15,0,26,4,N,nb14,355,0.518,-1.85,1,0
15,0,26,4,N,nb15,355,1.596,-0.385,1,0
15,0,26,4,N,nb16,355,1.459,-0.046,1,0
15,0,26,4,N,nb17,355,1.083,0.057,0,0
15,0,26,4,N,nb18,355,0.334,-1.057,1,1
15,0,26,4,N,nb19,355,0.706,0.687,3,1
15,0,26,4,N,nb20,355,-0.845,0.884,1,1
15,0,26,4,N,nb21,355,0.538,0.514,1,1
15,0,26,4,N,nb22,355,0.425,-1.254,3,0
15,0,26,4,N,nb23,355,1.866,-0.878,0,0
15,0,26,4,N,nb24,355,0.462,-1.576,2,0
15,0,26,4,N,nb25,355,0.11,-1.665,0,0
15,0,26,4,N,nb26,355,-1.183,1.689,1,1
15,0,26,4,N,nb27,355,0.493,-1.409,3,1
15,0,26,4,N,nb28,355,-1.183,1.859,1,1
15,0,26,4,N,nb29,355,0.934,0.589,1,1
15,0,26,4,A,aa0,355,0.795,-0.292,1,0
15,0,26,4,A,aa1,355,0.288,-1.738,1,0
15,0,26,4,A,aa2,355,1.248,0.094,2,0
15,0,26,4,A,aa3,355,1.602,1.45,0,0
15,0,26,4,N,nb0,360,-0.603,0.424,1,1
15,0,26,4,N,nb1,360,1.469,-0.201,1,1
15,0,26,4,N,nb2,360,0.614,-1.127,0,1
15,0,26,4,N,nb3,360,-0.624,0.069,1,1
15,0,26,4,N,nb4,360,0.713,-1.764,1,1
15,0,26,4,N,nb5,360,1.585,1.644,1,0
15,0,26,4,N,nb6,360,1.705,1.524,2,0
15,0,26,4,N,nb7,360,-1.102,-1.856,0,0
15,0,26,4,N,nb8,360,-0.513,0.197,2,1
15,0,26,4,N,nb9,360,-1.07,0.79,1,1
15,0,26,4,N,nb10,360,0.579,0.899,1,0
15,0,26,4,N,nb11,360,0.646,-1.482,2,0
15,0,26,4,N,nb12,360,1.06,-0.199,0,0
15,0,26,4,N,nb13,360,1.865,1.575,1,0
15,0,26,4,N,nb14,360,0.565,-1.845,1,0
15,0,26,4,N,nb15,360,1.689,-0.368,0,0
15,0,26,4,N,nb16,360,1.421,-0.039,1,0
15,0,26,4,N,nb17,360,1.029,0.129,0,0
15,0,26,4,N,nb18,360,0.334,-1.057,1,1
15,0,26,4,N,nb19,360,0.706,0.687,3,1
15,0,26,4,N,nb20,360,-0.845,0.884,1,1
15,0,26,4,N,nb21,360,0.538,0.514,1,1
15,0,26,4,N,nb22,360,0.372,-1.289,2,0
15,0,26,4,N,nb23,360,1.866,-0.963,0,0
15,0,26,4,N,nb24,360,0.514,-1.595,2,0
15,0,26,4,N,nb25,360,0.03,-1.72,0,0
15,0,26,4,N,nb26,360,-1.183,1.689,1,1
15,0,26,4,N,nb27,360,0.493,-1.409,3,1
15,0,26,4,N,nb28,360,-1.183,1.859,1,1
15,0,26,4,N,nb29,360,0.934,0.589,1,0
15,0,26,4,A,aa0,360,0.698,-0.283,1,0
15,0,26,4,A,aa1,360,0.36,-1.689,2,0
15,0,26,4,A,aa2,360,1.194,0.166,3,1
15,0,26,4,A,aa3,360,1.506,1.451,0,0
15,0,26,4,N,nb0,365,-0.603,0.424,1,1
15,0,26,4,N,nb1,365,1.469,-0.201,1,1
15,0,26,4,N,nb2,365,0.614,-1.127,0,1
15,0,26,4,N,nb3,365,-0.624,0.069,1,1
15,0,26,4,N,nb4,365,0.728,-1.754,2,0
15,0,26,4,N,nb5,365,1.591,1.572,1,1
15,0,26,4,N,nb6,365,1.738,1.47,2,1
15,0,26,4,N,nb7,365,-1.194,-1.837,0,0
15,0,26,4,N,nb8,365,-0.513,0.197,2,1
15,0,26,4,N,nb9,365,-1.07,0.79,1,1
15,0,26,4,N,nb10,365,0.579,0.899,1,1
15,0,26,4,N,nb11,365,0.658,-1.448,2,1
15,0,26,4,N,nb12,365,1.102,-0.136,0,0
15,0,26,4,N,nb13,365,1.858,1.589,1,1
15,0,26,4,N,nb14,365,0.583,-1.841,2,0
15,0,26,4,N,nb15,365,1.785,-0.354,0,0
15,0,26,4,N,nb16,365,1.348,-0.038,1,0
15,0,26,4,N,nb17,365,0.985,0.208,0,0
15,0,26,4,N,nb18,365,0.342,-1.043,0,0
15,0,26,4,N,nb19,365,0.706,0.687,2,1
15,0,26,4,N,nb20,365,-0.845,0.884,1,1
15,0,26,4,N,nb21,365,0.538,0.514,1,1
15,0,26,4,N,nb22,365,0.347,-1.319,1,0
15,0,26,4,N,nb23,365,1.866,-1.051,0,0
15,0,26,4,N,nb24,365,0.572,-1.594,4,0
15,0,26,4,N,nb25,365,-0.054,-1.774,0,0
15,0,26,4,N,nb26,365,-1.183,1.689,1,1
15,0,26,4,N,nb27,365,0.493,-1.409,3,0
15,0,26,4,N,nb28,365,-1.183,1.859,1,1
15,0,26,4,N,nb29,365,0.967,0.521,0,0
15,0,26,4,A,aa0,365,0.599,-0.273,0,0
15,0,26,4,A,aa1,365,0.417,-1.664,5,1
15,0,26,4,A,aa2,365,1.15,0.246,0,0
15,0,26,4,A,aa3,365,1.41,1.446,0,0
15,0,26,4,N,nb0,370,-0.603,0.424,1,1
15,0,26,4,N,nb1,370,1.469,-0.201,0,1
15,0,26,4,N,nb2,370,0.614,-1.127,0,1
15,0,26,4,N,nb3,370,-0.624,0.069,1,1
15,0,26,4,N,nb4,370,0.747,-1.739,2,0
15,0,26,4,N,nb5,370,1.591,1.572,1,1
15,0,26,4,N,nb6,370,1.738,1.47,2,1
15,0,26,4,N,nb7,370,-1.283,-1.809,0,0
15,0,26,4,N,nb8,370,-0.513,0.197,2,1
15,0,26,4,N,nb9,370,-1.07,0.79,1,1
15,0,26,4,N,nb10,370,0.579,0.899,1,1
15,0,26,4,N,nb11,370,0.671,-1.445,2,1
15,0,26,4,N,nb12,370,1.122,-0.072,1,0
15,0,26,4,N,nb13,370,1.858,1.589,1,1
15,0,26,4,N,nb14,370,0.598,-1.818,2,0
15,0,26,4,N,nb15,370,1.866,-0.333,0,0
15,0,26,4,N,nb16,370,1.282,-0.017,1,0
15,0,26,4,N,nb17,370,0.968,0.244,1,1
15,0,26,4,N,nb18,370,0.397,-0.959,0,0
15,0,26,4,N,nb19,370,0.706,0.687,2,1
15,0,26,4,N,nb20,370,-0.845,0.884,1,1
15,0,26,4,N,nb21,370,0.538,0.514,1,1
15,0,26,4,N,nb22,370,0.3,-1.373,1,0
15,0,26,4,N,nb23,370,1.866,-1.143,0,0
15,0,26,4,N,nb24,370,0.635,-1.612,3,0
15,0,26,4,N,nb25,370,-0.131,-1.819,0,0
15,0,26,4,N,nb26,370,-1.183,1.689,1,1
15,0,26,4,N,nb27,370,0.519,-1.372,2,0
15,0,26,4,N,nb28,370,-1.183,1.859,1,1
15,0,26,4,N,nb29,370,1.006,0.447,1,0
15,0,26,4,A,aa0,370,0.499,-0.263,0,0
15,0,26,4,A,aa1,370,0.466,-1.629,1,0
15,0,26,4,A,aa2,370,1.12,0.324,1,0
15,0,26,4,A,aa3,370,1.312,1.437,2,0
15,0,26,4,N,nb0,375,-0.603,0.424,1,1
15,0,26,4,N,nb1,375,1.469,-0.201,0,1
15,0,26,4,N,nb2,375,0.614,-1.127,1,1
15,0,26,4,N,nb3,375,-0.624,0.069,1,1
15,0,26,4,N,nb4,375,0.823,-1.746,2,0
15,0,26,4,N,nb5,375,1.591,1.572,1,1
15,0,26,4,N,nb6,375,1.738,1.47,2,1
15,0,26,4,N,nb7,375,-1.37,-1.774,0,0
15,0,26,4,N,nb8,375,-0.513,0.197,2,1
15,0,26,4,N,nb9,375,-1.07,0.79,1,1
15,0,26,4,N,nb10,375,0.579,0.899,1,1
15,0,26,4,N,nb11,375,0.681,-1.446,2,1
15,0,26,4,N,nb12,375,1.116,-0.062,1,0
15,0,26,4,N,nb13,375,1.858,1.589,1,1
15,0,26,4,N,nb14,375,0.658,-1.782,2,0
15,0,26,4,N,nb15,375,1.866,-0.301,0,0
15,0,26,4,N,nb16,375,1.277,-0.007,1,0
15,0,26,4,N,nb17,375,0.968,0.244,1,0
15,0,26,4,N,nb18,375,0.451,-0.875,0,0
15,0,26,4,N,nb19,375,0.706,0.687,2,1
15,0,26,4,N,nb20,375,-0.845,0.884,1,1
15,0,26,4,N,nb21,375,0.538,0.514,1,1
15,0,26,4,N,nb22,375,0.23,-1.443,0,0
15,0,26,4,N,nb23,375,1.859,-1.235,0,0
15,0,26,4,N,nb24,375,0.708,-1.621,3,0
15,0,26,4,N,nb25,375,-0.215,-1.852,0,0
15,0,26,4,N,nb26,375,-1.183,1.689,1,0
15,0,26,4,N,nb27,375,0.577,-1.309,2,0
15,0,26,4,N,nb28,375,-1.183,1.859,1,0
15,0,26,4,N,nb29,375,1.009,0.454,1,0
15,0,26,4,A,aa0,375,0.436,-0.257,0,0
15,0,26,4,A,aa1,375,0.524,-1.562,1,0
15,0,26,4,A,aa2,375,1.122,0.332,4,1
15,0,26,4,A,aa3,375,1.212,1.428,2,0
15,0,26,4,N,nb0,380,-0.603,0.424,1,1
15,0,26,4,N,nb1,380,1.469,-0.201,0,1
15,0,26,4,N,nb2,380,0.614,-1.127,1,1
15,0,26,4,N,nb3,380,-0.624,0.069,1,1
15,0,26,4,N,nb4,380,0.836,-1.744,2,1
15,0,26,4,N,nb5,380,1.591,1.572,1,1
15,0,26,4,N,nb6,380,1.738,1.47,2,1
15,0,26,4,N,nb7,380,-1.458,-1.73,0,0
15,0,26,4,N,nb8,380,-0.513,0.197,2,1
15,0,26,4,N,nb9,380,-1.07,0.79,1,1
15,0,26,4,N,nb10,380,0.579,0.899,1,1
15,0,26,4,N,nb11,380,0.689,-1.433,2,0
15,0,26,4,N,nb12,380,1.089,-0.009,1,0
15,0,26,4,N,nb13,380,1.858,1.589,1,1
15,0,26,4,N,nb14,380,0.67,-1.778,2,0
15,0,26,4,N,nb15,380,1.866,-0.254,0,0
15,0,26,4,N,nb16,380,1.25,0.045,1,0
15,0,26,4,N,nb17,380,0.964,0.329,1,0
15,0,26,4,N,nb18,380,0.505,-0.791,0,0
15,0,26,4,N,nb19,380,0.706,0.687,2,1
15,0,26,4,N,nb20,380,-0.845,0.884,1,1
15,0,26,4,N,nb21,380,0.538,0.514,1,1
15,0,26,4,N,nb22,380,0.159,-1.513,0,0
15,0,26,4,N,nb23,380,1.843,-1.327,0,0
15,0,26,4,N,nb24,380,0.722,-1.618,3,0
15,0,26,4,N,nb25,380,-0.303,-1.865,0,0
15,0,26,4,N,nb26,380,-1.183,1.689,1,1
15,0,26,4,N,nb27,380,0.591,-1.295,2,0
15,0,26,4,N,nb28,380,-1.183,1.859,1,1
15,0,26,4,N,nb29,380,1.015,0.491,1,0
15,0,26,4,A,aa0,380,0.364,-0.282,0,0
15,0,26,4,A,aa1,380,0.548,-1.525,4,1
15,0,26,4,A,aa2,380,1.131,0.37,0,0
15,0,26,4,A,aa3,380,1.169,1.423,2,0
15,0,26,4,N,nb0,385,-0.603,0.424,1,1
15,0,26,4,N,nb1,385,1.469,-0.201,0,1
15,0,26,4,N,nb2,385,0.637,-1.061,1,1
15,0,26,4,N,nb3,385,-0.624,0.069,1,1
15,0,26,4,N,nb4,385,0.894,-1.748,2,1
15,0,26,4,N,nb5,385,1.591,1.572,1,1
15,0,26,4,N,nb6,385,1.738,1.47,2,1
15,0,26,4,N,nb7,385,-1.547,-1.685,0,0
15,0,26,4,N,nb8,385,-0.513,0.197,2,1
15,0,26,4,N,nb9,385,-1.07,0.79,1,1
15,0,26,4,N,nb10,385,0.579,0.899,1,1
15,0,26,4,N,nb11,385,0.73,-1.366,1,0
15,0,26,4,N,nb12,385,1.056,0.056,1,1
15,0,26,4,N,nb13,385,1.858,1.589,1,1
15,0,26,4,N,nb14,385,0.726,-1.765,2,0
15,0,26,4,N,nb15,385,1.866,-0.194,0,0
15,0,26,4,N,nb16,385,1.218,0.107,1,1
15,0,26,4,N,nb17,385,0.947,0.412,1,1
15,0,26,4,N,nb18,385,0.559,-0.707,0,0
15,0,26,4,N,nb19,385,0.706,0.687,2,1
15,0,26,4,N,nb20,385,-0.845,0.884,1,1
15,0,26,4,N,nb21,385,0.538,0.514,1,1
15,0,26,4,N,nb22,385,0.088,-1.584,0,0
15,0,26,4,N,nb23,385,1.818,-1.417,0,0
15,0,26,4,N,nb24,385,0.793,-1.611,2,0
15,0,26,4,N,nb25,385,-0.393,-1.865,0,0
15,0,26,4,N,nb26,385,-1.183,1.689,1,1
15,0,26,4,N,nb27,385,0.627,-1.23,2,0
15,0,26,4,N,nb28,385,-1.183,1.859,1,1
15,0,26,4,N,nb29,385,1.028,0.561,1,1
15,0,26,4,A,aa0,385,0.269,-0.314,0,0
15,0,26,4,A,aa1,385,0.578,-1.447,0,0
15,0,26,4,A,aa2,385,1.13,0.428,0,0
15,0,26,4,A,aa3,385,1.161,1.409,2,0
15,0,26,4,N,nb0,390,-0.603,0.424,1,1
15,0,26,4,N,nb1,390,1.435,-0.187,0,0
15,0,26,4,N,nb2,390,0.661,-0.984,1,1
15,0,26,4,N,nb3,390,-0.624,0.069,1,1
15,0,26,4,N,nb4,390,0.967,-1.757,2,1
15,0,26,4,N,nb5,390,1.591,1.572,1,1
15,0,26,4,N,nb6,390,1.738,1.47,2,1
15,0,26,4,N,nb7,390,-1.636,-1.639,0,0
15,0,26,4,N,nb8,390,-0.513,0.197,2,1
15,0,26,4,N,nb9,390,-1.07,0.79,1,1
15,0,26,4,N,nb10,390,0.579,0.899,1,1
15,0,26,4,N,nb11,390,0.769,-1.286,1,1
15,0,26,4,N,nb12,390,1.05,0.069,1,0
15,0,26,4,N,nb13,390,1.858,1.589,1,1
15,0,26,4,N,nb14,390,0.798,-1.758,2,1
15,0,26,4,N,nb15,390,1.866,-0.124,0,0
15,0,26,4,N,nb16,390,1.212,0.12,1,0
15,0,26,4,N,nb17,390,0.942,0.425,1,0
15,0,26,4,N,nb18,390,0.614,-0.623,0,0
15,0,26,4,N,nb19,390,0.706,0.687,2,1
15,0,26,4,N,nb20,390,-0.845,0.884,1,1
15,0,26,4,N,nb21,390,0.538,0.514,1,1
15,0,26,4,N,nb22,390,0.018,-1.654,0,0
15,0,26,4,N,nb23,390,1.785,-1.505,0,0
15,0,26,4,N,nb24,390,0.881,-1.611,2,1
15,0,26,4,N,nb25,390,-0.485,-1.864,0,0
15,0,26,4,N,nb26,390,-1.183,1.689,1,1
15,0,26,4,N,nb27,390,0.663,-1.153,2,1
15,0,26,4,N,nb28,390,-1.183,1.859,1,1
15,0,26,4,N,nb29,390,1.035,0.566,1,0
15,0,26,4,A,aa0,390,0.175,-0.347,0,0
15,0,26,4,A,aa1,390,0.596,-1.361,0,0
15,0,26,4,A,aa2,390,1.13,0.428,0,0
15,0,26,4,A,aa3,390,1.116,1.319,1,0
15,0,26,4,N,nb0,395,-0.603,0.424,1,1
15,0,26,4,N,nb1,395,1.342,-0.15,0,0
15,0,26,4,N,nb2,395,0.666,-0.969,1,1
15,0,26,4,N,nb3,395,-0.624,0.069,1,1
15,0,26,4,N,nb4,395,0.979,-1.759,2,1
15,0,26,4,N,nb5,395,1.591,1.572,1,1
15,0,26,4,N,nb6,395,1.738,1.47,2,1
15,0,26,4,N,nb7,395,-1.725,-1.594,0,0
15,0,26,4,N,nb8,395,-0.513,0.197,2,1
15,0,26,4,N,nb9,395,-1.07,0.79,1,1
15,0,26,4,N,nb10,395,0.579,0.899,1,1
15,0,26,4,N,nb11,395,0.776,-1.27,1,0
15,0,26,4,N,nb12,395,1.014,0.142,1,0
15,0,26,4,N,nb13,395,1.858,1.589,1,1
15,0,26,4,N,nb14,395,0.81,-1.756,2,0
15,0,26,4,N,nb15,395,1.866,-0.046,0,0
15,0,26,4,N,nb16,395,1.176,0.192,1,0
15,0,26,4,N,nb17,395,0.909,0.51,1,0
15,0,26,4,N,nb18,395,0.668,-0.539,0,0
15,0,26,4,N,nb19,395,0.706,0.687,2,1
15,0,26,4,N,nb20,395,-0.845,0.884,1,1
15,0,26,4,N,nb21,395,0.538,0.514,1,1
15,0,26,4,N,nb22,395,-0.053,-1.725,0,0
15,0,26,4,N,nb23,395,1.744,-1.592,0,0
15,0,26,4,N,nb24,395,0.897,-1.61,2,0
15,0,26,4,N,nb25,395,-0.577,-1.854,0,0
15,0,26,4,N,nb26,395,-1.183,1.689,1,1
15,0,26,4,N,nb27,395,0.669,-1.138,2,0
15,0,26,4,N,nb28,395,-1.183,1.859,1,1
15,0,26,4,N,nb29,395,1.023,0.636,1,0
15,0,26,4,A,aa0,395,0.08,-0.38,0,0
15,0,26,4,A,aa1,395,0.601,-1.295,0,0
15,0,26,4,A,aa2,395,1.075,0.476,0,0
15,0,26,4,A,aa3,395,1.071,1.23,1,0
15,0,26,4,N,nb0,400,-0.603,0.424,1,1
15,0,26,4,N,nb1,400,1.25,-0.112,0,0
15,0,26,4,N,nb2,400,0.696,-0.886,1,1
15,0,26,4,N,nb3,400,-0.624,0.069,1,1
15,0,26,4,N,nb4,400,1.056,-1.772,2,1
15,0,26,4,N,nb5,400,1.591,1.572,1,1
15,0,26,4,N,nb6,400,1.738,1.47,2,1
15,0,26,4,N,nb7,400,-1.809,-1.55,0,0
15,0,26,4,N,nb8,400,-0.513,0.197,2,1
15,0,26,4,N,nb9,400,-1.07,0.79,1,1
15,0,26,4,N,nb10,400,0.579,0.899,1,1
15,0,26,4,N,nb11,400,0.819,-1.189,1,0
15,0,26,4,N,nb12,400,0.982,0.207,1,1
15,0,26,4,N,nb13,400,1.858,1.589,1,1
15,0,26,4,N,nb14,400,0.888,-1.753,2,0
15,0,26,4,N,nb15,400,1.866,0.039,0,0
15,0,26,4,N,nb16,400,1.145,0.255,1,1
15,0,26,4,N,nb17,400,0.873,0.58,2,1
15,0,26,4,N,nb18,400,0.722,-0.455,0,0
15,0,26,4,N,nb19,400,0.706,0.687,3,1
15,0,26,4,N,nb20,400,-0.845,0.884,1,1
15,0,26,4,N,nb21,400,0.538,0.514,1,1
15,0,26,4,N,nb22,400,-0.122,-1.792,0,0
15,0,26,4,N,nb23,400,1.699,-1.681,0,0
15,0,26,4,N,nb24,400,0.99,-1.604,2,0
15,0,26,4,N,nb25,400,-0.668,-1.834,0,0
15,0,26,4,N,nb26,400,-1.183,1.689,1,1
15,0,26,4,N,nb27,400,0.703,-1.056,2,0
15,0,26,4,N,nb28,400,-1.183,1.859,1,1
15,0,26,4,N,nb29,400,1.013,0.695,1,1
15,0,26,4,A,aa0,400,-0.014,-0.412,0,0
15,0,26,4,A,aa1,400,0.591,-1.207,0,0
15,0,26,4,A,aa2,400,1.034,0.528,0,0
15,0,26,4,A,aa3,400,1.025,1.141,2,0
15,0,26,4,N,nb0,405,-0.603,0.424,1,1
15,0,26,4,N,nb1,405,1.157,-0.074,0,0
15,0,26,4,N,nb2,405,0.71,-0.818,1,1
15,0,26,4,N,nb3,405,-0.624,0.069,1,1
15,0,26,4,N,nb4,405,1.115,-1.793,2,1
15,0,26,4,N,nb5,405,1.591,1.572,1,1
15,0,26,4,N,nb6,405,1.738,1.47,2,1
15,0,26,4,N,nb7,405,-1.865,-1.501,0,0
15,0,26,4,N,nb8,405,-0.513,0.197,2,1
15,0,26,4,N,nb9,405,-1.07,0.79,1,1
15,0,26,4,N,nb10,405,0.568,0.868,1,0
15,0,26,4,N,nb11,405,0.862,-1.127,1,1
15,0,26,4,N,nb12,405,0.969,0.236,1,0
15,0,26,4,N,nb13,405,1.858,1.589,1,1
15,0,26,4,N,nb14,405,0.949,-1.761,2,1
15,0,26,4,N,nb15,405,1.866,0.127,0,0
15,0,26,4,N,nb16,405,1.132,0.284,1,0
15,0,26,4,N,nb17,405,0.869,0.599,2,0
15,0,26,4,N,nb18,405,0.776,-0.371,0,0
15,0,26,4,N,nb19,405,0.718,0.678,3,0
15,0,26,4,N,nb20,405,-0.845,0.884,1,1
15,0,26,4,N,nb21,405,0.538,0.514,1,1
15,0,26,4,N,nb22,405,-0.192,-1.846,0,0
15,0,26,4,N,nb23,405,1.655,-1.771,0,0
15,0,26,4,N,nb24,405,1.067,-1.592,2,1
15,0,26,4,N,nb25,405,-0.757,-1.806,0,0
15,0,26,4,N,nb26,405,-1.183,1.689,1,1
15,0,26,4,N,nb27,405,0.726,-0.986,2,1
15,0,26,4,N,nb28,405,-1.183,1.859,1,1
15,0,26,4,N,nb29,405,1.029,0.702,1,0
15,0,26,4,A,aa0,405,-0.109,-0.445,0,0
15,0,26,4,A,aa1,405,0.567,-1.121,1,0
15,0,26,4,A,aa2,405,1.036,0.534,0,0
15,0,26,4,A,aa3,405,0.98,1.052,0,0
15,0,26,4,N,nb0,410,-0.603,0.424,1,1
15,0,26,4,N,nb1,410,1.064,-0.037,0,0
15,0,26,4,N,nb2,410,0.712,-0.782,1,0
15,0,26,4,N,nb3,410,-0.624,0.069,1,1
15,0,26,4,N,nb4,410,1.115,-1.793,2,1
15,0,26,4,N,nb5,410,1.591,1.572,1,1
15,0,26,4,N,nb6,410,1.738,1.47,2,1
15,0,26,4,N,nb7,410,-1.865,-1.443,0,0
15,0,26,4,N,nb8,410,-0.513,0.197,2,1
15,0,26,4,N,nb9,410,-1.07,0.79,1,1
15,0,26,4,N,nb10,410,0.529,0.787,1,0
15,0,26,4,N,nb11,410,0.883,-1.1,1,0
15,0,26,4,N,nb12,410,0.93,0.319,1,0
15,0,26,4,N,nb13,410,1.858,1.589,1,1
15,0,26,4,N,nb14,410,0.949,-1.761,2,1
15,0,26,4,N,nb15,410,1.866,0.219,0,0
15,0,26,4,N,nb16,410,1.094,0.364,1,0
15,0,26,4,N,nb17,410,0.88,0.631,2,0
15,0,26,4,N,nb18,410,0.831,-0.287,0,0
15,0,26,4,N,nb19,410,0.718,0.682,3,0
15,0,26,4,N,nb20,410,-0.845,0.884,1,1
15,0,26,4,N,nb21,410,0.538,0.514,1,1
15,0,26,4,N,nb22,410,-0.268,-1.866,0,0
15,0,26,4,N,nb23,410,1.61,-1.846,0,0
15,0,26,4,N,nb24,410,1.067,-1.592,2,1
15,0,26,4,N,nb25,410,-0.844,-1.77,0,0
15,0,26,4,N,nb26,410,-1.183,1.689,1,1
15,0,26,4,N,nb27,410,0.735,-0.955,2,0
15,0,26,4,N,nb28,410,-1.183,1.859,1,1
15,0,26,4,N,nb29,410,1.098,0.716,1,0
15,0,26,4,A,aa0,410,-0.204,-0.477,0,0
15,0,26,4,A,aa1,410,0.53,-1.037,0,0
15,0,26,4,A,aa2,410,1.035,0.56,0,0
15,0,26,4,A,aa3,410,0.934,0.963,0,0
15,0,26,4,N,nb0,415,-0.603,0.424,1,1
15,0,26,4,N,nb1,415,0.989,-0.006,1,1
15,0,26,4,N,nb2,415,0.716,-0.683,1,0
15,0,26,4,N,nb3,415,-0.624,0.069,1,1
15,0,26,4,N,nb4,415,1.115,-1.793,2,1
15,0,26,4,N,nb5,415,1.591,1.572,1,1
15,0,26,4,N,nb6,415,1.738,1.47,2,1
15,0,26,4,N,nb7,415,-1.865,-1.374,0,0
15,0,26,4,N,nb8,415,-0.513,0.197,2,1
15,0,26,4,N,nb9,415,-1.07,0.79,1,1
15,0,26,4,N,nb10,415,0.499,0.737,2,1
15,0,26,4,N,nb11,415,0.947,-1.033,1,0
15,0,26,4,N,nb12,415,0.906,0.372,1,1
15,0,26,4,N,nb13,415,1.858,1.589,1,1
15,0,26,4,N,nb14,415,0.949,-1.761,2,1
15,0,26,4,N,nb15,415,1.86,0.311,0,0
15,0,26,4,N,nb16,415,1.07,0.415,1,1
15,0,26,4,N,nb17,415,0.872,0.658,1,1
15,0,26,4,N,nb18,415,0.876,-0.217,1,1
15,0,26,4,N,nb19,415,0.709,0.705,2,1
15,0,26,4,N,nb20,415,-0.845,0.884,1,1
15,0,26,4,N,nb21,415,0.538,0.514,1,1
15,0,26,4,N,nb22,415,-0.351,-1.866,0,0
15,0,26,4,N,nb23,415,1.557,-1.866,0,0
15,0,26,4,N,nb24,415,1.067,-1.592,2,1
15,0,26,4,N,nb25,415,-0.933,-1.726,0,0
15,0,26,4,N,nb26,415,-1.183,1.689,1,1
15,0,26,4,N,nb27,415,0.767,-0.875,2,0
15,0,26,4,N,nb28,415,-1.183,1.859,1,1
15,0,26,4,N,nb29,415,1.189,0.695,0,0
15,0,26,4,A,aa0,415,-0.298,-0.51,0,0
15,0,26,4,A,aa1,415,0.483,-0.955,0,0
15,0,26,4,A,aa2,415,1.036,0.615,3,1
15,0,26,4,A,aa3,415,0.891,0.879,3,1
15,0,26,4,N,nb0,420,-0.603,0.424,1,1
15,0,26,4,N,nb1,420,0.989,-0.006,1,1
15,0,26,4,N,nb2,420,0.718,-0.621,1,1
15,0,26,4,N,nb3,420,-0.624,0.069,1,1
15,0,26,4,N,nb4,420,1.115,-1.793,2,1
15,0,26,4,N,nb5,420,1.591,1.572,1,1
15,0,26,4,N,nb6,420,1.738,1.47,2,1
15,0,26,4,N,nb7,420,-1.865,-1.297,0,0
15,0,26,4,N,nb8,420,-0.513,0.197,2,1
15,0,26,4,N,nb9,420,-1.07,0.79,1,1
15,0,26,4,N,nb10,420,0.469,0.695,2,0
15,0,26,4,N,nb11,420,1.017,-0.973,0,0
15,0,26,4,N,nb12,420,0.884,0.42,2,0
15,0,26,4,N,nb13,420,1.858,1.589,1,1
15,0,26,4,N,nb14,420,0.949,-1.761,2,1
15,0,26,4,N,nb15,420,1.845,0.403,0,0
15,0,26,4,N,nb16,420,1.051,0.463,1,0
15,0,26,4,N,nb17,420,0.881,0.651,2,0
15,0,26,4,N,nb18,420,0.876,-0.217,1,1
15,0,26,4,N,nb19,420,0.718,0.699,2,0
15,0,26,4,N,nb20,420,-0.845,0.884,1,1
15,0,26,4,N,nb21,420,0.538,0.514,1,1
15,0,26,4,N,nb22,420,-0.438,-1.866,0,0
15,0,26,4,N,nb23,420,1.493,-1.866,0,0
15,0,26,4,N,nb24,420,1.067,-1.592,2,1
15,0,26,4,N,nb25,420,-1.022,-1.682,0,0
15,0,26,4,N,nb26,420,-1.183,1.689,1,1
15,0,26,4,N,nb27,420,0.796,-0.828,1,1
15,0,26,4,N,nb28,420,-1.183,1.859,1,1
15,0,26,4,N,nb29,420,1.285,0.676,0,0
15,0,26,4,A,aa0,420,-0.377,-0.537,0,0
15,0,26,4,A,aa1,420,0.429,-0.871,2,0
15,0,26,4,A,aa2,420,1.049,0.702,0,0
15,0,26,4,A,aa3,420,0.843,0.817,0,0
15,0,26,4,N,nb0,425,-0.603,0.424,1,1
15,0,26,4,N,nb1,425,0.989,-0.006,1,1
15,0,26,4,N,nb2,425,0.718,-0.621,1,1
15,0,26,4,N,nb3,425,-0.624,0.069,1,1
15,0,26,4,N,nb4,425,1.115,-1.793,2,1
15,0,26,4,N,nb5,425,1.591,1.572,1,0
15,0,26,4,N,nb6,425,1.738,1.47,2,0
15,0,26,4,N,nb7,425,-1.865,-1.213,0,0
15,0,26,4,N,nb8,425,-0.513,0.197,2,1
15,0,26,4,N,nb9,425,-1.07,0.79,1,1
15,0,26,4,N,nb10,425,0.409,0.626,1,0
15,0,26,4,N,nb11,425,1.097,-0.914,0,0
15,0,26,4,N,nb12,425,0.838,0.481,2,0
15,0,26,4,N,nb13,425,1.858,1.589,1,0
15,0,26,4,N,nb14,425,0.949,-1.761,2,1
15,0,26,4,N,nb15,425,1.82,0.493,0,0
15,0,26,4,N,nb16,425,1.027,0.551,2,0
15,0,26,4,N,nb17,425,0.848,0.65,3,0
15,0,26,4,N,nb18,425,0.876,-0.217,1,1
15,0,26,4,N,nb19,425,0.686,0.699,2,0
15,0,26,4,N,nb20,425,-0.845,0.884,1,1
15,0,26,4,N,nb21,425,0.538,0.514,2,1
15,0,26,4,N,nb22,425,-0.529,-1.866,0,0
15,0,26,4,N,nb23,425,1.419,-1.866,0,0
15,0,26,4,N,nb24,425,1.067,-1.592,2,1
15,0,26,4,N,nb25,425,-1.112,-1.637,0,0
15,0,26,4,N,nb26,425,-1.183,1.689,1,1
15,0,26,4,N,nb27,425,0.796,-0.828,1,1
15,0,26,4,N,nb28,425,-1.183,1.859,1,1
15,0,26,4,N,nb29,425,1.383,0.658,0,0
15,0,26,4,A,aa0,425,-0.377,-0.537,0,0
15,0,26,4,A,aa1,425,0.376,-0.787,2,0
15,0,26,4,A,aa2,425,1.069,0.796,0,0
15,0,26,4,A,aa3,425,0.809,0.815,0,0
15,0,26,4,N,nb0,430,-0.603,0.424,1,1
15,0,26,4,N,nb1,430,0.989,-0.006,1,1
15,0,26,4,N,nb2,430,0.718,-0.621,1,1
15,0,26,4,N,nb3,430,-0.624,0.069,1,1
15,0,26,4,N,nb4,430,1.115,-1.793,3,1
15,0,26,4,N,nb5,430,1.591,1.572,1,1
15,0,26,4,N,nb6,430,1.738,1.47,2,1
15,0,26,4,N,nb7,430,-1.865,-1.125,0,0
15,0,26,4,N,nb8,430,-0.513,0.197,2,1
15,0,26,4,N,nb9,430,-1.07,0.79,1,1
15,0,26,4,N,nb10,430,0.38,0.598,1,1
15,0,26,4,N,nb11,430,1.178,-0.855,0,0
15,0,26,4,N,nb12,430,0.814,0.502,2,0
15,0,26,4,N,nb13,430,1.858,1.589,1,1
15,0,26,4,N,nb14,430,0.949,-1.761,2,1
15,0,26,4,N,nb15,430,1.788,0.581,0,0
15,0,26,4,N,nb16,430,1.02,0.589,2,0
15,0,26,4,N,nb17,430,0.825,0.671,3,0
15,0,26,4,N,nb18,430,0.876,-0.217,1,1
15,0,26,4,N,nb19,430,0.661,0.725,2,0
15,0,26,4,N,nb20,430,-0.845,0.884,1,1
15,0,26,4,N,nb21,430,0.538,0.514,2,1
15,0,26,4,N,nb22,430,-0.621,-1.864,0,0
15,0,26,4,N,nb23,430,1.338,-1.866,1,1
15,0,26,4,N,nb24,430,1.067,-1.592,2,1
15,0,26,4,N,nb25,430,-1.201,-1.592,0,0
15,0,26,4,N,nb26,430,-1.183,1.689,1,1
15,0,26,4,N,nb27,430,0.796,-0.828,1,1
15,0,26,4,N,nb28,430,-1.183,1.859,1,1
15,0,26,4,N,nb29,430,1.482,0.64,0,0
15,0,26,4,A,aa0,430,-0.413,-0.627,0,0
15,0,26,4,A,aa1,430,0.322,-0.702,2,0
15,0,26,4,A,aa2,430,1.094,0.892,3,1
15,0,26,4,A,aa3,430,0.788,0.837,3,1
15,0,26,4,N,nb0,435,-0.603,0.424,1,1
15,0,26,4,N,nb1,435,0.989,-0.006,1,1
15,0,26,4,N,nb2,435,0.718,-0.621,1,1
15,0,26,4,N,nb3,435,-0.624,0.069,1,1
15,0,26,4,N,nb4,435,1.115,-1.793,3,1
15,0,26,4,N,nb5,435,1.591,1.572,1,1
15,0,26,4,N,nb6,435,1.738,1.47,2,1
15,0,26,4,N,nb7,435,-1.865,-1.034,0,0
15,0,26,4,N,nb8,435,-0.513,0.197,2,1
15,0,26,4,N,nb9,435,-1.07,0.79,1,1
15,0,26,4,N,nb10,435,0.38,0.598,1,1
15,0,26,4,N,nb11,435,1.258,-0.797,0,0
15,0,26,4,N,nb12,435,0.771,0.544,2,0
15,0,26,4,N,nb13,435,1.858,1.589,1,1
15,0,26,4,N,nb14,435,0.949,-1.761,2,1
15,0,26,4,N,nb15,435,1.763,0.636,1,1
15,0,26,4,N,nb16,435,1.013,0.658,1,0
15,0,26,4,N,nb17,435,0.786,0.713,3,0
15,0,26,4,N,nb18,435,0.876,-0.217,1,1
15,0,26,4,N,nb19,435,0.624,0.757,1,0
15,0,26,4,N,nb20,435,-0.845,0.884,1,1
15,0,26,4,N,nb21,435,0.538,0.514,2,1
15,0,26,4,N,nb22,435,-0.713,-1.852,0,0
15,0,26,4,N,nb23,435,1.336,-1.866,1,1
15,0,26,4,N,nb24,435,1.067,-1.592,2,1
15,0,26,4,N,nb25,435,-1.291,-1.548,0,0
15,0,26,4,N,nb26,435,-1.183,1.689,1,1
15,0,26,4,N,nb27,435,0.796,-0.828,1,1
15,0,26,4,N,nb28,435,-1.183,1.859,1,1
15,0,26,4,N,nb29,435,1.54,0.629,1,1
15,0,26,4,A,aa0,435,-0.45,-0.719,0,0
15,0,26,4,A,aa1,435,0.268,-0.618,2,0
15,0,26,4,A,aa2,435,1.095,0.895,1,0
15,0,26,4,A,aa3,435,0.746,0.878,0,0
15,0,26,4,N,nb0,440,-0.603,0.424,1,1
15,0,26,4,N,nb1,440,0.989,-0.006,1,1
15,0,26,4,N,nb2,440,0.718,-0.621,1,1
15,0,26,4,N,nb3,440,-0.624,0.069,1,1
15,0,26,4,N,nb4,440,1.115,-1.793,3,1
15,0,26,4,N,nb5,440,1.591,1.572,1,1
15,0,26,4,N,nb6,440,1.738,1.47,2,1
15,0,26,4,N,nb7,440,-1.861,-0.941,0,0
15,0,26,4,N,nb8,440,-0.513,0.197,2,1
15,0,26,4,N,nb9,440,-1.07,0.79,1,1
15,0,26,4,N,nb10,440,0.38,0.598,1,1
15,0,26,4,N,nb11,440,1.339,-0.738,0,0
15,0,26,4,N,nb12,440,0.705,0.601,3,0
15,0,26,4,N,nb13,440,1.858,1.589,1,1
15,0,26,4,N,nb14,440,0.949,-1.761,2,1
15,0,26,4,N,nb15,440,1.763,0.636,1,1
15,0,26,4,N,nb16,440,1.016,0.745,0,0
15,0,26,4,N,nb17,440,0.756,0.763,2,0
15,0,26,4,N,nb18,440,0.876,-0.217,1,1
15,0,26,4,N,nb19,440,0.587,0.758,3,0
15,0,26,4,N,nb20,440,-0.845,0.884,1,1
15,0,26,4,N,nb21,440,0.538,0.514,3,1
15,0,26,4,N,nb22,440,-0.804,-1.831,0,0
15,0,26,4,N,nb23,440,1.336,-1.866,1,1
15,0,26,4,N,nb24,440,1.067,-1.592,2,1
15,0,26,4,N,nb25,440,-1.38,-1.503,0,0
15,0,26,4,N,nb26,440,-1.183,1.689,1,1
15,0,26,4,N,nb27,440,0.796,-0.828,1,1
15,0,26,4,N,nb28,440,-1.183,1.859,1,1
15,0,26,4,N,nb29,440,1.54,0.629,1,1
15,0,26,4,A,aa0,440,-0.488,-0.812,0,0
15,0,26,4,A,aa1,440,0.245,-0.581,1,0
15,0,26,4,A,aa2,440,1.055,0.957,1,0
15,0,26,4,A,aa3,440,0.668,0.908,0,0
15,0,26,4,N,nb0,445,-0.603,0.424,1,1
15,0,26,4,N,nb1,445,0.989,-0.006,1,1
15,0,26,4,N,nb2,445,0.718,-0.621,1,1
15,0,26,4,N,nb3,445,-0.624,0.069,1,1
15,0,26,4,N,nb4,445,1.115,-1.793,3,1
15,0,26,4,N,nb5,445,1.591,1.572,1,1
15,0,26,4,N,nb6,445,1.738,1.47,2,1
15,0,26,4,N,nb7,445,-1.847,-0.85,0,0
15,0,26,4,N,nb8,445,-0.513,0.197,2,1
15,0,26,4,N,nb9,445,-1.07,0.79,1,1
15,0,26,4,N,nb10,445,0.38,0.598,2,1
15,0,26,4,N,nb11,445,1.42,-0.679,0,0
15,0,26,4,N,nb12,445,0.691,0.61,3,1
15,0,26,4,N,nb13,445,1.858,1.589,1,1
15,0,26,4,N,nb14,445,0.949,-1.761,2,1
15,0,26,4,N,nb15,445,1.763,0.636,1,1
15,0,26,4,N,nb16,445,1.036,0.828,0,0
15,0,26,4,N,nb17,445,0.756,0.774,2,1
15,0,26,4,N,nb18,445,0.876,-0.217,1,1
15,0,26,4,N,nb19,445,0.584,0.742,4,1
15,0,26,4,N,nb20,445,-0.845,0.884,1,1
15,0,26,4,N,nb21,445,0.538,0.514,3,1
15,0,26,4,N,nb22,445,-0.893,-1.802,0,0
15,0,26,4,N,nb23,445,1.336,-1.866,1,1
15,0,26,4,N,nb24,445,1.067,-1.592,2,1
15,0,26,4,N,nb25,445,-1.47,-1.458,0,0
15,0,26,4,N,nb26,445,-1.183,1.689,1,1
15,0,26,4,N,nb27,445,0.796,-0.828,1,1
15,0,26,4,N,nb28,445,-1.183,1.859,1,1
15,0,26,4,N,nb29,445,1.54,0.629,1,1
15,0,26,4,A,aa0,445,-0.525,-0.905,0,0
15,0,26,4,A,aa1,445,0.175,-0.549,1,0
15,0,26,4,A,aa2,445,1.005,1.04,1,0
15,0,26,4,A,aa3,445,0.589,0.912,3,1
15,0,26,4,N,nb0,450,-0.603,0.424,1,1
15,0,26,4,N,nb1,450,0.989,-0.006,1,1
15,0,26,4,N,nb2,450,0.718,-0.621,1,1
15,0,26,4,N,nb3,450,-0.624,0.069,1,1
15,0,26,4,N,nb4,450,1.115,-1.793,3,1
15,0,26,4,N,nb5,450,1.591,1.572,1,1
15,0,26,4,N,nb6,450,1.738,1.47,2,1
15,0,26,4,N,nb7,450,-1.824,-0.759,0,0
15,0,26,4,N,nb8,450,-0.513,0.197,2,1
15,0,26,4,N,nb9,450,-1.07,0.79,1,1
15,0,26,4,N,nb10,450,0.34,0.563,1,0
15,0,26,4,N,nb11,450,1.501,-0.62,0,0
15,0,26,4,N,nb12,450,0.691,0.61,3,1
15,0,26,4,N,nb13,450,1.858,1.589,1,1
15,0,26,4,N,nb14,450,0.949,-1.761,2,1
15,0,26,4,N,nb15,450,1.763,0.636,1,1
15,0,26,4,N,nb16,450,1.073,0.908,0,0
15,0,26,4,N,nb17,450,0.735,0.823,2,0
15,0,26,4,N,nb18,450,0.876,-0.217,1,1
15,0,26,4,N,nb19,450,0.585,0.743,3,0
15,0,26,4,N,nb20,450,-0.845,0.884,1,1
15,0,26,4,N,nb21,450,0.538,0.514,3,0
15,0,26,4,N,nb22,450,-0.979,-1.765,0,0
15,0,26,4,N,nb23,450,1.336,-1.866,1,1
15,0,26,4,N,nb24,450,1.067,-1.592,2,1
15,0,26,4,N,nb25,450,-1.559,-1.414,0,0
15,0,26,4,N,nb26,450,-1.183,1.689,1,1
15,0,26,4,N,nb27,450,0.796,-0.828,1,1
15,0,26,4,N,nb28,450,-1.183,1.859,1,1
15,0,26,4,N,nb29,450,1.54,0.629,1,1
15,0,26,4,A,aa0,450,-0.541,-0.945,0,0
15,0,26,4,A,aa1,450,0.085,-0.507,0,0
15,0,26,4,A,aa2,450,0.957,1.127,0,0
15,0,26,4,A,aa3,450,0.496,0.911,0,0
15,0,26,4,N,nb0,455,-0.603,0.424,1,1
15,0,26,4,N,nb1,455,0.989,-0.006,1,1
15,0,26,4,N,nb2,455,0.718,-0.621,1,1
15,0,26,4,N,nb3,455,-0.624,0.069,1,0
15,0,26,4,N,nb4,455,1.115,-1.793,3,1
15,0,26,4,N,nb5,455,1.591,1.572,1,1
15,0,26,4,N,nb6,455,1.738,1.47,2,1
15,0,26,4,N,nb7,455,-1.793,-0.671,0,0
15,0,26,4,N,nb8,455,-0.513,0.197,2,0
15,0,26,4,N,nb9,455,-1.07,0.79,1,1
15,0,26,4,N,nb10,455,0.264,0.504,0,0
15,0,26,4,N,nb11,455,1.582,-0.561,0,0
15,0,26,4,N,nb12,455,0.691,0.61,2,1
15,0,26,4,N,nb13,455,1.858,1.589,1,1
15,0,26,4,N,nb14,455,0.949,-1.761,2,1
15,0,26,4,N,nb15,455,1.763,0.636,1,1
15,0,26,4,N,nb16,455,1.126,0.988,0,0
15,0,26,4,N,nb17,455,0.705,0.912,1,0
15,0,26,4,N,nb18,455,0.876,-0.217,1,1
15,0,26,4,N,nb19,455,0.596,0.751,3,0
15,0,26,4,N,nb20,455,-0.845,0.884,1,1
15,0,26,4,N,nb21,455,0.538,0.514,2,1
15,0,26,4,N,nb22,455,-1.069,-1.721,0,0
15,0,26,4,N,nb23,455,1.336,-1.866,1,1
15,0,26,4,N,nb24,455,1.067,-1.592,2,1
15,0,26,4,N,nb25,455,-1.649,-1.369,0,0
15,0,26,4,N,nb26,455,-1.183,1.689,1,1
15,0,26,4,N,nb27,455,0.796,-0.828,1,1
15,0,26,4,N,nb28,455,-1.183,1.859,1,1
15,0,26,4,N,nb29,455,1.54,0.629,1,1
15,0,26,4,A,aa0,455,-0.537,-1.042,0,0
15,0,26,4,A,aa1,455,-0.006,-0.465,0,0
15,0,26,4,A,aa2,455,0.91,1.215,0,0
15,0,26,4,A,aa3,455,0.4,0.917,1,0
15,0,26,4,N,nb0,460,-0.603,0.424,1,1
15,0,26,4,N,nb1,460,0.989,-0.006,1,1
15,0,26,4,N,nb2,460,0.718,-0.621,1,1
15,0,26,4,N,nb3,460,-0.624,0.069,1,1
15,0,26,4,N,nb4,460,1.115,-1.793,3,1
15,0,26,4,N,nb5,460,1.591,1.572,1,1
15,0,26,4,N,nb6,460,1.738,1.47,2,1
15,0,26,4,N,nb7,460,-1.753,-0.584,0,0
15,0,26,4,N,nb8,460,-0.513,0.197,2,1
15,0,26,4,N,nb9,460,-1.07,0.79,1,1
15,0,26,4,N,nb10,460,0.183,0.445,0,0
15,0,26,4,N,nb11,460,1.662,-0.502,0,0
15,0,26,4,N,nb12,460,0.691,0.609,2,1
15,0,26,4,N,nb13,460,1.858,1.589,1,1
15,0,26,4,N,nb14,460,0.949,-1.761,2,1
15,0,26,4,N,nb15,460,1.763,0.636,1,1
15,0,26,4,N,nb16,460,1.182,1.07,0,0
15,0,26,4,N,nb17,460,0.694,0.952,1,0
15,0,26,4,N,nb18,460,0.876,-0.217,1,1
15,0,26,4,N,nb19,460,0.602,0.755,3,0
15,0,26,4,N,nb20,460,-0.845,0.884,1,1
15,0,26,4,N,nb21,460,0.538,0.514,2,0
15,0,26,4,N,nb22,460,-1.158,-1.676,0,0
15,0,26,4,N,nb23,460,1.336,-1.866,1,0
15,0,26,4,N,nb24,460,1.067,-1.592,2,1
15,0,26,4,N,nb25,460,-1.738,-1.324,0,0
15,0,26,4,N,nb26,460,-1.183,1.689,1,1
15,0,26,4,N,nb27,460,0.796,-0.828,1,1
15,0,26,4,N,nb28,460,-1.183,1.859,1,1
15,0,26,4,N,nb29,460,1.54,0.629,1,1
15,0,26,4,A,aa0,460,-0.532,-1.142,0,0
15,0,26,4,A,aa1,460,-0.097,-0.423,0,0
15,0,26,4,A,aa2,460,0.862,1.303,1,0
15,0,26,4,A,aa3,460,0.301,0.928,3,1
15,0,26,4,N,nb0,465,-0.603,0.424,1,1
15,0,26,4,N,nb1,465,0.989,-0.006,1,1
15,0,26,4,N,nb2,465,0.718,-0.621,1,1
15,0,26,4,N,nb3,465,-0.624,0.069,1,1
15,0,26,4,N,nb4,465,1.115,-1.793,3,1
15,0,26,4,N,nb5,465,1.591,1.572,1,1
15,0,26,4,N,nb6,465,1.738,1.47,2,1
15,0,26,4,N,nb7,465,-1.709,-0.494,0,0
15,0,26,4,N,nb8,465,-0.513,0.197,2,1
15,0,26,4,N,nb9,465,-1.07,0.79,1,1
15,0,26,4,N,nb10,465,0.102,0.386,0,0
15,0,26,4,N,nb11,465,1.743,-0.443,0,0
15,0,26,4,N,nb12,465,0.692,0.609,2,1
15,0,26,4,N,nb13,465,1.858,1.589,1,1
15,0,26,4,N,nb14,465,0.949,-1.761,2,0
15,0,26,4,N,nb15,465,1.763,0.636,1,1
15,0,26,4,N,nb16,465,1.238,1.153,0,0
15,0,26,4,N,nb17,465,0.676,1.024,0,0
15,0,26,4,N,nb18,465,0.876,-0.217,1,1
15,0,26,4,N,nb19,465,0.611,0.758,2,0
15,0,26,4,N,nb20,465,-0.845,0.884,1,0
15,0,26,4,N,nb21,465,0.545,0.525,2,0
15,0,26,4,N,nb22,465,-1.248,-1.632,0,0
15,0,26,4,N,nb23,465,1.336,-1.866,1,1
15,0,26,4,N,nb24,465,1.067,-1.592,2,0
15,0,26,4,N,nb25,465,-1.82,-1.282,0,0
15,0,26,4,N,nb26,465,-1.183,1.689,1,1
15,0,26,4,N,nb27,465,0.796,-0.828,1,1
15,0,26,4,N,nb28,465,-1.183,1.859,1,1
15,0,26,4,N,nb29,465,1.54,0.629,1,1
15,0,26,4,A,aa0,465,-0.528,-1.241,0,0
15,0,26,4,A,aa1,465,-0.173,-0.388,0,0
15,0,26,4,A,aa2,465,0.815,1.391,0,0
15,0,26,4,A,aa3,465,0.202,0.939,0,0
15,0,26,4,N,nb0,470,-0.603,0.424,1,1
15,0,26,4,N,nb1,470,0.989,-0.006,1,1
15,0,26,4,N,nb2,470,0.718,-0.621,1,1
15,0,26,4,N,nb3,470,-0.624,0.069,1,1
15,0,26,4,N,nb4,470,1.115,-1.793,3,1
15,0,26,4,N,nb5,470,1.591,1.572,1,1
15,0,26,4,N,nb6,470,1.738,1.47,2,1
15,0,26,4,N,nb7,470,-1.664,-0.405,0,0
15,0,26,4,N,nb8,470,-0.513,0.197,2,1
15,0,26,4,N,nb9,470,-1.07,0.79,1,1
15,0,26,4,N,nb10,470,0.021,0.328,0,0
15,0,26,4,N,nb11,470,1.817,-0.387,0,0
15,0,26,4,N,nb12,470,0.692,0.609,2,1
15,0,26,4,N,nb13,470,1.858,1.589,1,1
15,0,26,4,N,nb14,470,0.949,-1.761,2,1
15,0,26,4,N,nb15,470,1.763,0.636,1,1
15,0,26,4,N,nb16,470,1.295,1.235,0,0
15,0,26,4,N,nb17,470,0.654,1.122,0,0
15,0,26,4,N,nb18,470,0.876,-0.217,1,1
15,0,26,4,N,nb19,470,0.612,0.759,2,0
15,0,26,4,N,nb20,470,-0.845,0.884,1,1
15,0,26,4,N,nb21,470,0.535,0.545,2,0
15,0,26,4,N,nb22,470,-1.338,-1.588,0,0
15,0,26,4,N,nb23,470,1.336,-1.866,1,1
15,0,26,4,N,nb24,470,1.067,-1.592,2,1
15,0,26,4,N,nb25,470,-1.866,-1.231,0,0
15,0,26,4,N,nb26,470,-1.183,1.689,1,1
15,0,26,4,N,nb27,470,0.796,-0.828,1,1
15,0,26,4,N,nb28,470,-1.183,1.859,1,1
15,0,26,4,N,nb29,470,1.54,0.629,1,1
15,0,26,4,A,aa0,470,-0.523,-1.341,0,0
15,0,26,4,A,aa1,470,-0.189,-0.393,0,0
15,0,26,4,A,aa2,470,0.767,1.479,0,0
15,0,26,4,A,aa3,470,0.103,0.95,0,0
15,0,26,4,N,nb0,475,-0.603,0.424,1,0
15,0,26,4,N,nb1,475,0.989,-0.006,1,0
15,0,26,4,N,nb2,475,0.718,-0.621,1,1
15,0,26,4,N,nb3,475,-0.624,0.069,1,1
15,0,26,4,N,nb4,475,1.115,-1.793,3,1
15,0,26,4,N,nb5,475,1.591,1.572,1,1
15,0,26,4,N,nb6,475,1.738,1.47,2,1
15,0,26,4,N,nb7,475,-1.62,-0.315,0,0
15,0,26,4,N,nb8,475,-0.513,0.197,2,1
15,0,26,4,N,nb9,475,-1.07,0.79,1,1
15,0,26,4,N,nb10,475,-0.059,0.269,0,0
15,0,26,4,N,nb11,475,1.865,-0.325,0,0
15,0,26,4,N,nb12,475,0.692,0.609,2,1
15,0,26,4,N,nb13,475,1.858,1.589,1,1
15,0,26,4,N,nb14,475,0.949,-1.761,2,1
15,0,26,4,N,nb15,475,1.763,0.636,1,1
15,0,26,4,N,nb16,475,1.351,1.318,0,0
15,0,26,4,N,nb17,475,0.633,1.219,0,0
15,0,26,4,N,nb18,475,0.876,-0.217,1,0
15,0,26,4,N,nb19,475,0.61,0.757,2,1
15,0,26,4,N,nb20,475,-0.845,0.884,1,1
15,0,26,4,N,nb21,475,0.532,0.554,2,1
15,0,26,4,N,nb22,475,-1.427,-1.544,0,0
15,0,26,4,N,nb23,475,1.336,-1.866,1,1
15,0,26,4,N,nb24,475,1.067,-1.592,2,1
15,0,26,4,N,nb25,475,-1.866,-1.172,0,0
15,0,26,4,N,nb26,475,-1.183,1.689,1,1
15,0,26,4,N,nb27,475,0.796,-0.828,1,1
15,0,26,4,N,nb28,475,-1.183,1.859,1,1
15,0,26,4,N,nb29,475,1.54,0.629,1,1
15,0,26,4,A,aa0,475,-0.518,-1.441,0,0
15,0,26,4,A,aa1,475,-0.285,-0.421,1,0
15,0,26,4,A,aa2,475,0.719,1.567,0,0
15,0,26,4,A,aa3,475,0.003,0.96,0,0
15,0,26,4,N,nb0,480,-0.603,0.424,1,1
15,0,26,4,N,nb1,480,0.989,-0.006,1,1
15,0,26,4,N,nb2,480,0.718,-0.621,1,1
15,0,26,4,N,nb3,480,-0.624,0.069,1,1
15,0,26,4,N,nb4,480,1.115,-1.793,3,1
15,0,26,4,N,nb5,480,1.591,1.572,1,1
15,0,26,4,N,nb6,480,1.738,1.47,2,1
15,0,26,4,N,nb7,480,-1.575,-0.226,0,0
15,0,26,4,N,nb8,480,-0.513,0.197,2,1
15,0,26,4,N,nb9,480,-1.07,0.79,1,1
15,0,26,4,N,nb10,480,-0.14,0.21,0,0
15,0,26,4,N,nb11,480,1.865,-0.256,0,0
15,0,26,4,N,nb12,480,0.692,0.609,2,1
15,0,26,4,N,nb13,480,1.858,1.589,1,1
15,0,26,4,N,nb14,480,0.949,-1.761,2,1
15,0,26,4,N,nb15,480,1.763,0.636,1,1
15,0,26,4,N,nb16,480,1.408,1.4,0,0
15,0,26,4,N,nb17,480,0.611,1.317,0,0
15,0,26,4,N,nb18,480,0.876,-0.217,1,1
15,0,26,4,N,nb19,480,0.61,0.757,2,1
15,0,26,4,N,nb20,480,-0.845,0.884,1,1
15,0,26,4,N,nb21,480,0.532,0.554,2,1
15,0,26,4,N,nb22,480,-1.517,-1.499,0,0
15,0,26,4,N,nb23,480,1.336,-1.866,1,1
15,0,26,4,N,nb24,480,1.067,-1.592,2,1
15,0,26,4,N,nb25,480,-1.866,-1.102,0,0
15,0,26,4,N,nb26,480,-1.183,1.689,1,1
15,0,26,4,N,nb27,480,0.796,-0.828,1,1
15,0,26,4,N,nb28,480,-1.183,1.859,1,1
15,0,26,4,N,nb29,480,1.54,0.629,1,1
15,0,26,4,A,aa0,480,-0.514,-1.541,0,0
15,0,26,4,A,aa1,480,-0.381,-0.448,1,0
15,0,26,4,A,aa2,480,0.672,1.654,0,0
15,0,26,4,A,aa3,480,-0.096,0.971,0,0
15,0,26,4,N,nb0,485,-0.603,0.424,1,1
15,0,26,4,N,nb1,485,0.989,-0.006,1,1
15,0,26,4,N,nb2,485,0.718,-0.621,1,1
15,0,26,4,N,nb3,485,-0.624,0.069,1,1
15,0,26,4,N,nb4,485,1.115,-1.793,3,1
15,0,26,4,N,nb5,485,1.591,1.572,2,1
15,0,26,4,N,nb6,485,1.738,1.47,2,1
15,0,26,4,N,nb7,485,-1.53,-0.136,0,0
15,0,26,4,N,nb8,485,-0.513,0.197,2,1
15,0,26,4,N,nb9,485,-1.07,0.79,1,0
15,0,26,4,N,nb10,485,-0.221,0.151,0,0
15,0,26,4,N,nb11,485,1.865,-0.179,0,0
15,0,26,4,N,nb12,485,0.692,0.609,2,1
15,0,26,4,N,nb13,485,1.858,1.589,1,1
15,0,26,4,N,nb14,485,0.949,-1.761,2,1
15,0,26,4,N,nb15,485,1.763,0.636,1,1
15,0,26,4,N,nb16,485,1.419,1.417,1,1
15,0,26,4,N,nb17,485,0.589,1.414,0,0
15,0,26,4,N,nb18,485,0.876,-0.217,1,1
15,0,26,4,N,nb19,485,0.61,0.757,2,1
15,0,26,4,N,nb20,485,-0.845,0.884,1,1
15,0,26,4,N,nb21,485,0.532,0.554,2,1
15,0,26,4,N,nb22,485,-1.607,-1.455,0,0
15,0,26,4,N,nb23,485,1.336,-1.866,1,1
15,0,26,4,N,nb24,485,1.067,-1.592,2,1
15,0,26,4,N,nb25,485,-1.866,-1.023,0,0
15,0,26,4,N,nb26,485,-1.183,1.689,1,1
15,0,26,4,N,nb27,485,0.796,-0.828,1,1
15,0,26,4,N,nb28,485,-1.183,1.859,1,1
15,0,26,4,N,nb29,485,1.54,0.629,1,1
15,0,26,4,A,aa0,485,-0.509,-1.641,0,0
15,0,26,4,A,aa1,485,-0.477,-0.476,1,0
15,0,26,4,A,aa2,485,0.624,1.742,0,0
15,0,26,4,A,aa3,485,-0.196,0.982,0,0
15,0,26,4,N,nb0,490,-0.603,0.424,1,1
15,0,26,4,N,nb1,490,0.989,-0.006,1,1
15,0,26,4,N,nb2,490,0.718,-0.621,1,1
15,0,26,4,N,nb3,490,-0.624,0.069,1,1
15,0,26,4,N,nb4,490,1.115,-1.793,3,1
15,0,26,4,N,nb5,490,1.591,1.572,2,1
15,0,26,4,N,nb6,490,1.738,1.47,2,1
15,0,26,4,N,nb7,490,-1.486,-0.047,0,0
15,0,26,4,N,nb8,490,-0.513,0.197,3,1
15,0,26,4,N,nb9,490,-1.07,0.79,1,1
15,0,26,4,N,nb10,490,-0.284,0.104,1,1
15,0,26,4,N,nb11,490,1.865,-0.095,0,0
15,0,26,4,N,nb12,490,0.692,0.609,2,1
15,0,26,4,N,nb13,490,1.858,1.589,1,1
15,0,26,4,N,nb14,490,0.949,-1.761,2,1
15,0,26,4,N,nb15,490,1.763,0.636,1,1
15,0,26,4,N,nb16,490,1.419,1.417,1,1
15,0,26,4,N,nb17,490,0.567,1.512,0,0
15,0,26,4,N,nb18,490,0.876,-0.217,1,1
15,0,26,4,N,nb19,490,0.61,0.757,2,1
15,0,26,4,N,nb20,490,-0.845,0.884,1,1
15,0,26,4,N,nb21,490,0.532,0.554,2,1
15,0,26,4,N,nb22,490,-1.697,-1.411,0,0
15,0,26,4,N,nb23,490,1.336,-1.866,1,1
15,0,26,4,N,nb24,490,1.067,-1.592,2,1
15,0,26,4,N,nb25,490,-1.866,-0.939,0,0
15,0,26,4,N,nb26,490,-1.183,1.689,1,1
15,0,26,4,N,nb27,490,0.796,-0.828,1,1
15,0,26,4,N,nb28,490,-1.183,1.859,1,1
15,0,26,4,N,nb29,490,1.54,0.629,1,1
15,0,26,4,A,aa0,490,-0.504,-1.741,0,0
15,0,26,4,A,aa1,490,-0.573,-0.504,1,0
15,0,26,4,A,aa2,490,0.579,1.823,0,0
15,0,26,4,A,aa3,490,-0.219,0.985,0,0
15,0,26,4,N,nb0,495,-0.603,0.424,1,1
15,0,26,4,N,nb1,495,0.989,-0.006,1,1
15,0,26,4,N,nb2,495,0.718,-0.621,1,1
15,0,26,4,N,nb3,495,-0.624,0.069,1,1
15,0,26,4,N,nb4,495,1.115,-1.793,3,1
15,0,26,4,N,nb5,495,1.591,1.572,2,1
15,0,26,4,N,nb6,495,1.738,1.47,2,1
15,0,26,4,N,nb7,495,-1.441,0.043,0,0
15,0,26,4,N,nb8,495,-0.513,0.197,3,1
15,0,26,4,N,nb9,495,-1.07,0.79,1,1
15,0,26,4,N,nb10,495,-0.284,0.104,1,1
15,0,26,4,N,nb11,495,1.865,-0.006,0,0
15,0,26,4,N,nb12,495,0.692,0.609,2,1
15,0,26,4,N,nb13,495,1.858,1.589,1,1
15,0,26,4,N,nb14,495,0.949,-1.761,2,1
15,0,26,4,N,nb15,495,1.763,0.636,1,1
15,0,26,4,N,nb16,495,1.419,1.417,1,1
15,0,26,4,N,nb17,495,0.546,1.61,0,0
15,0,26,4,N,nb18,495,0.876,-0.217,1,1
15,0,26,4,N,nb19,495,0.61,0.757,2,1
15,0,26,4,N,nb20,495,-0.845,0.884,1,1
15,0,26,4,N,nb21,495,0.532,0.554,2,1
15,0,26,4,N,nb22,495,-1.784,-1.368,0,0
15,0,26,4,N,nb23,495,1.336,-1.866,1,1
15,0,26,4,N,nb24,495,1.067,-1.592,2,1
15,0,26,4,N,nb25,495,-1.866,-0.85,0,0
15,0,26,4,N,nb26,495,-1.183,1.689,1,1
15,0,26,4,N,nb27,495,0.796,-0.828,1,1
15,0,26,4,N,nb28,495,-1.183,1.859,1,1
15,0,26,4,N,nb29,495,1.54,0.629,1,1
15,0,26,4,A,aa0,495,-0.498,-1.832,0,0
15,0,26,4,A,aa1,495,-0.669,-0.532,0,0
15,0,26,4,A,aa2,495,0.526,1.866,0,0
15,0,26,4,A,aa3,495,-0.242,0.956,0,0
15,0,26,4,N,nb0,500,-0.603,0.424,1,1
15,0,26,4,N,nb1,500,0.989,-0.006,1,1
15,0,26,4,N,nb2,500,0.718,-0.621,1,1
15,0,26,4,N,nb3,500,-0.624,0.069,1,1
15,0,26,4,N,nb4,500,1.115,-1.793,3,1
15,0,26,4,N,nb5,500,1.591,1.572,2,1
15,0,26,4,N,nb6,500,1.738,1.47,2,1
15,0,26,4,N,nb7,500,-1.397,0.132,0,0
15,0,26,4,N,nb8,500,-0.513,0.197,3,1
15,0,26,4,N,nb9,500,-1.07,0.79,1,1
15,0,26,4,N,nb10,500,-0.284,0.104,1,1
15,0,26,4,N,nb11,500,1.865,0.085,0,0
15,0,26,4,N,nb12,500,0.692,0.609,2,1
15,0,26,4,N,nb13,500,1.858,1.589,1,1
15,0,26,4,N,nb14,500,0.949,-1.761,2,1
15,0,26,4,N,nb15,500,1.763,0.636,1,1
15,0,26,4,N,nb16,500,1.419,1.417,1,1
15,0,26,4,N,nb17,500,0.521,1.691,0,0
15,0,26,4,N,nb18,500,0.876,-0.217,1,1
15,0,26,4,N,nb19,500,0.61,0.757,2,1
15,0,26,4,N,nb20,500,-0.845,0.884,1,1
15,0,26,4,N,nb21,500,0.532,0.554,2,1
15,0,26,4,N,nb22,500,-1.858,-1.321,0,0
15,0,26,4,N,nb23,500,1.336,-1.866,1,1
15,0,26,4,N,nb24,500,1.067,-1.592,2,1
15,0,26,4,N,nb25,500,-1.866,-0.759,0,0
15,0,26,4,N,nb26,500,-1.183,1.689,1,1
15,0,26,4,N,nb27,500,0.796,-0.828,1,1
15,0,26,4,N,nb28,500,-1.183,1.859,1,1
15,0,26,4,N,nb29,500,1.54,0.629,1,1
15,0,26,4,A,aa0,500,-0.481,-1.865,0,0
15,0,26,4,A,aa1,500,-0.765,-0.56,0,0
15,0,26,4,A,aa2,500,0.464,1.866,0,0
15,0,26,4,A,aa3,500,-0.305,0.878,2,0
15,0,26,4,N,nb0,505,-0.603,0.424,1,1
15,0,26,4,N,nb1,505,0.989,-0.006,1,1
15,0,26,4,N,nb2,505,0.718,-0.621,1,1
15,0,26,4,N,nb3,505,-0.624,0.069,1,1
15,0,26,4,N,nb4,505,1.115,-1.793,3,1
15,0,26,4,N,nb5,505,1.591,1.572,2,1
15,0,26,4,N,nb6,505,1.738,1.47,2,1
15,0,26,4,N,nb7,505,-1.352,0.222,0,0
15,0,26,4,N,nb8,505,-0.513,0.197,3,1
15,0,26,4,N,nb9,505,-1.07,0.79,1,1
15,0,26,4,N,nb10,505,-0.284,0.104,1,1
15,0,26,4,N,nb11,505,1.861,0.177,0,0
15,0,26,4,N,nb12,505,0.692,0.609,2,1
15,0,26,4,N,nb13,505,1.858,1.589,1,1
15,0,26,4,N,nb14,505,0.949,-1.761,2,1
15,0,26,4,N,nb15,505,1.763,0.636,1,1
15,0,26,4,N,nb16,505,1.419,1.417,1,1
15,0,26,4,N,nb17,505,0.479,1.721,0,0
15,0,26,4,N,nb18,505,0.876,-0.217,1,1
15,0,26,4,N,nb19,505,0.61,0.757,2,1
15,0,26,4,N,nb20,505,-0.845,0.884,1,1
15,0,26,4,N,nb21,505,0.532,0.554,2,1
15,0,26,4,N,nb22,505,-1.866,-1.266,0,0
15,0,26,4,N,nb23,505,1.336,-1.866,1,1
15,0,26,4,N,nb24,505,1.067,-1.592,2,1
15,0,26,4,N,nb25,505,-1.86,-0.667,0,0
15,0,26,4,N,nb26,505,-1.183,1.689,1,1
15,0,26,4,N,nb27,505,0.796,-0.828,1,1
15,0,26,4,N,nb28,505,-1.183,1.859,1,1
15,0,26,4,N,nb29,505,1.54,0.629,1,1
15,0,26,4,A,aa0,505,-0.449,-1.865,0,0
15,0,26,4,A,aa1,505,-0.861,-0.588,0,0
15,0,26,4,A,aa2,505,0.392,1.866,0,0
15,0,26,4,A,aa3,505,-0.368,0.801,2,0
15,0,26,4,N,nb0,510,-0.587,0.425,1,0
15,0,26,4,N,nb1,510,0.989,-0.006,1,1
15,0,26,4,N,nb2,510,0.718,-0.621,1,0
15,0,26,4,N,nb3,510,-0.624,0.069,1,1
15,0,26,4,N,nb4,510,1.115,-1.793,3,1
15,0,26,4,N,nb5,510,1.591,1.572,2,1
15,0,26,4,N,nb6,510,1.738,1.47,2,1
15,0,26,4,N,nb7,510,-1.308,0.311,0,0
15,0,26,4,N,nb8,510,-0.507,0.191,3,0
15,0,26,4,N,nb9,510,-1.07,0.79,1,1
15,0,26,4,N,nb10,510,-0.284,0.104,1,1
15,0,26,4,N,nb11,510,1.846,0.269,0,0
15,0,26,4,N,nb12,510,0.692,0.609,2,1
15,0,26,4,N,nb13,510,1.858,1.589,1,1
15,0,26,4,N,nb14,510,0.949,-1.761,2,1
15,0,26,4,N,nb15,510,1.763,0.636,1,1
15,0,26,4,N,nb16,510,1.419,1.417,1,1
15,0,26,4,N,nb17,510,0.43,1.748,0,0
15,0,26,4,N,nb18,510,0.876,-0.217,1,1
15,0,26,4,N,nb19,510,0.61,0.757,2,1
15,0,26,4,N,nb20,510,-0.84,0.869,1,0
15,0,26,4,N,nb21,510,0.532,0.554,2,1
15,0,26,4,N,nb22,510,-1.866,-1.2,0,0
15,0,26,4,N,nb23,510,1.336,-1.866,1,1
15,0,26,4,N,nb24,510,1.067,-1.592,2,1
15,0,26,4,N,nb25,510,-1.845,-0.575,0,0
15,0,26,4,N,nb26,510,-1.183,1.689,1,1
15,0,26,4,N,nb27,510,0.796,-0.828,1,0
15,0,26,4,N,nb28,510,-1.183,1.859,1,1
15,0,26,4,N,nb29,510,1.54,0.629,1,1
15,0,26,4,A,aa0,510,-0.402,-1.865,0,0
15,0,26,4,A,aa1,510,-0.892,-0.612,0,0
15,0,26,4,A,aa2,510,0.308,1.866,0,0
15,0,26,4,A,aa3,510,-0.43,0.723,0,0
15,0,26,4,N,nb0,515,-0.496,0.437,0,0
15,0,26,4,N,nb1,515,0.989,-0.006,1,1
15,0,26,4,N,nb2,515,0.718,-0.621,1,1
15,0,26,4,N,nb3,515,-0.624,0.069,1,1
15,0,26,4,N,nb4,515,1.115,-1.793,3,1
15,0,26,4,N,nb5,515,1.591,1.572,2,1
15,0,26,4,N,nb6,515,1.738,1.47,2,1
15,0,26,4,N,nb7,515,-1.263,0.401,0,0
15,0,26,4,N,nb8,515,-0.464,0.128,2,0
15,0,26,4,N,nb9,515,-1.07,0.79,0,1
15,0,26,4,N,nb10,515,-0.284,0.104,1,1
15,0,26,4,N,nb11,515,1.823,0.359,0,0
15,0,26,4,N,nb12,515,0.692,0.609,2,1
15,0,26,4,N,nb13,515,1.858,1.589,1,1
15,0,26,4,N,nb14,515,0.949,-1.761,2,1
15,0,26,4,N,nb15,515,1.763,0.636,1,1
15,0,26,4,N,nb16,515,1.419,1.417,1,1
15,0,26,4,N,nb17,515,0.363,1.792,0,0
15,0,26,4,N,nb18,515,0.876,-0.217,1,1
15,0,26,4,N,nb19,515,0.61,0.757,2,1
15,0,26,4,N,nb20,515,-0.805,0.783,0,0
15,0,26,4,N,nb21,515,0.532,0.554,2,1
15,0,26,4,N,nb22,515,-1.866,-1.125,0,0
15,0,26,4,N,nb23,515,1.336,-1.866,1,1
15,0,26,4,N,nb24,515,1.067,-1.592,2,1
15,0,26,4,N,nb25,515,-1.821,-0.485,0,0
15,0,26,4,N,nb26,515,-1.183,1.689,1,1
15,0,26,4,N,nb27,515,0.796,-0.828,1,1
15,0,26,4,N,nb28,515,-1.183,1.859,1,1
15,0,26,4,N,nb29,515,1.54,0.629,1,1
15,0,26,4,A,aa0,515,-0.343,-1.865,0,0
15,0,26,4,A,aa1,515,-0.895,-0.614,0,0
15,0,26,4,A,aa2,515,0.211,1.866,0,0
15,0,26,4,A,aa3,515,-0.449,0.689,0,0
15,0,26,4,N,nb0,520,-0.404,0.446,0,0
15,0,26,4,N,nb1,520,0.989,-0.006,1,1
15,0,26,4,N,nb2,520,0.718,-0.621,1,1
15,0,26,4,N,nb3,520,-0.624,0.069,1,1
15,0,26,4,N,nb4,520,1.115,-1.793,3,1
15,0,26,4,N,nb5,520,1.591,1.572,2,1
15,0,26,4,N,nb6,520,1.738,1.47,2,1
15,0,26,4,N,nb7,520,-1.218,0.49,0,0
15,0,26,4,N,nb8,520,-0.441,0.069,2,1
15,0,26,4,N,nb9,520,-1.014,0.799,0,0
15,0,26,4,N,nb10,520,-0.274,0.1,1,1
15,0,26,4,N,nb11,520,1.81,0.397,1,1
15,0,26,4,N,nb12,520,0.692,0.609,2,1
15,0,26,4,N,nb13,520,1.858,1.589,1,1
15,0,26,4,N,nb14,520,0.949,-1.761,2,1
15,0,26,4,N,nb15,520,1.763,0.636,2,1
15,0,26,4,N,nb16,520,1.419,1.417,1,1
15,0,26,4,N,nb17,520,0.285,1.825,0,0
15,0,26,4,N,nb18,520,0.876,-0.217,1,1
15,0,26,4,N,nb19,520,0.61,0.757,2,1
15,0,26,4,N,nb20,520,-0.76,0.696,0,0
15,0,26,4,N,nb21,520,0.532,0.554,2,1
15,0,26,4,N,nb22,520,-1.866,-1.043,0,0
15,0,26,4,N,nb23,520,1.336,-1.866,1,1
15,0,26,4,N,nb24,520,1.067,-1.592,2,1
15,0,26,4,N,nb25,520,-1.788,-0.397,0,0
15,0,26,4,N,nb26,520,-1.183,1.689,1,1
15,0,26,4,N,nb27,520,0.796,-0.828,1,1
15,0,26,4,N,nb28,520,-1.183,1.859,1,1
15,0,26,4,N,nb29,520,1.54,0.629,1,1
15,0,26,4,A,aa0,520,-0.273,-1.865,0,0
15,0,26,4,A,aa1,520,-0.885,-0.65,0,0
15,0,26,4,A,aa2,520,0.12,1.866,0,0
15,0,26,4,A,aa3,520,-0.477,0.607,1,0
15,0,26,4,N,nb0,525,-0.308,0.446,0,0
15,0,26,4,N,nb1,525,0.989,-0.006,1,1
15,0,26,4,N,nb2,525,0.718,-0.621,1,1
15,0,26,4,N,nb3,525,-0.624,0.069,1,0
15,0,26,4,N,nb4,525,1.115,-1.793,3,1
15,0,26,4,N,nb5,525,1.591,1.572,2,1
15,0,26,4,N,nb6,525,1.738,1.47,2,1
15,0,26,4,N,nb7,525,-1.174,0.58,0,0
15,0,26,4,N,nb8,525,-0.441,0.069,2,0
15,0,26,4,N,nb9,525,-0.915,0.815,0,0
15,0,26,4,N,nb10,525,-0.274,0.1,1,0
15,0,26,4,N,nb11,525,1.81,0.397,1,1
15,0,26,4,N,nb12,525,0.692,0.609,2,1
15,0,26,4,N,nb13,525,1.858,1.589,1,1
15,0,26,4,N,nb14,525,0.949,-1.761,2,1
15,0,26,4,N,nb15,525,1.763,0.636,2,0
15,0,26,4,N,nb16,525,1.419,1.417,1,1
15,0,26,4,N,nb17,525,0.201,1.841,0,0
15,0,26,4,N,nb18,525,0.876,-0.217,1,1
15,0,26,4,N,nb19,525,0.61,0.757,2,1
15,0,26,4,N,nb20,525,-0.718,0.613,0,0
15,0,26,4,N,nb21,525,0.532,0.554,2,1
15,0,26,4,N,nb22,525,-1.866,-0.956,0,0
15,0,26,4,N,nb23,525,1.336,-1.866,1,1
15,0,26,4,N,nb24,525,1.067,-1.592,2,1
15,0,26,4,N,nb25,525,-1.748,-0.309,0,0
15,0,26,4,N,nb26,525,-1.183,1.689,1,1
15,0,26,4,N,nb27,525,0.796,-0.828,1,1
15,0,26,4,N,nb28,525,-1.183,1.859,1,1
15,0,26,4,N,nb29,525,1.54,0.629,1,0
15,0,26,4,A,aa0,525,-0.194,-1.865,0,0
15,0,26,4,A,aa1,525,-0.857,-0.746,0,0
15,0,26,4,A,aa2,525,0.03,1.866,0,0
15,0,26,4,A,aa3,525,-0.521,0.528,3,1
15,0,26,4,N,nb0,530,-0.209,0.442,0,0
15,0,26,4,N,nb1,530,0.989,-0.006,1,1
15,0,26,4,N,nb2,530,0.718,-0.621,1,1
15,0,26,4,N,nb3,530,-0.72,0.075,0,0
15,0,26,4,N,nb4,530,1.115,-1.793,3,0
15,0,26,4,N,nb5,530,1.591,1.572,2,1
15,0,26,4,N,nb6,530,1.738,1.47,2,1
15,0,26,4,N,nb7,530,-1.129,0.669,0,0
15,0,26,4,N,nb8,530,-0.453,-0.001,1,0
15,0,26,4,N,nb9,530,-0.817,0.831,0,0
15,0,26,4,N,nb10,530,-0.287,0.035,1,0
15,0,26,4,N,nb11,530,1.81,0.397,1,1
15,0,26,4,N,nb12,530,0.692,0.609,2,1
15,0,26,4,N,nb13,530,1.858,1.589,1,1
15,0,26,4,N,nb14,530,0.949,-1.761,2,1
15,0,26,4,N,nb15,530,1.763,0.636,2,1
15,0,26,4,N,nb16,530,1.419,1.417,1,1
15,0,26,4,N,nb17,530,0.113,1.842,0,0
15,0,26,4,N,nb18,530,0.876,-0.217,1,1
15,0,26,4,N,nb19,530,0.61,0.757,2,1
15,0,26,4,N,nb20,530,-0.703,0.531,0,0
15,0,26,4,N,nb21,530,0.532,0.554,2,1
15,0,26,4,N,nb22,530,-1.866,-0.865,0,0
15,0,26,4,N,nb23,530,1.336,-1.866,1,1
15,0,26,4,N,nb24,530,1.067,-1.592,2,1
15,0,26,4,N,nb25,530,-1.703,-0.22,0,0
15,0,26,4,N,nb26,530,-1.183,1.689,1,0
15,0,26,4,N,nb27,530,0.796,-0.828,1,1
15,0,26,4,N,nb28,530,-1.183,1.859,1,0
15,0,26,4,N,nb29,530,1.54,0.629,1,1
15,0,26,4,A,aa0,530,-0.11,-1.865,0,0
15,0,26,4,A,aa1,530,-0.832,-0.777,0,0
15,0,26,4,A,aa2,530,-0.061,1.866,0,0
15,0,26,4,A,aa3,530,-0.556,0.448,0,0
15,0,26,4,N,nb0,535,-0.109,0.437,0,0
15,0,26,4,N,nb1,535,0.989,-0.006,1,1
15,0,26,4,N,nb2,535,0.718,-0.621,1,1
15,0,26,4,N,nb3,535,-0.82,0.082,0,0
15,0,26,4,N,nb4,535,1.115,-1.793,3,1
15,0,26,4,N,nb5,535,1.591,1.572,2,1
15,0,26,4,N,nb6,535,1.738,1.47,2,1
15,0,26,4,N,nb7,535,-1.085,0.759,0,0
15,0,26,4,N,nb8,535,-0.467,-0.082,1,1
15,0,26,4,N,nb9,535,-0.718,0.848,0,0
15,0,26,4,N,nb10,535,-0.302,-0.042,1,1
15,0,26,4,N,nb11,535,1.81,0.397,1,1
15,0,26,4,N,nb12,535,0.692,0.609,2,1
15,0,26,4,N,nb13,535,1.858,1.589,1,1
15,0,26,4,N,nb14,535,0.949,-1.761,2,1
15,0,26,4,N,nb15,535,1.763,0.636,2,1
15,0,26,4,N,nb16,535,1.419,1.417,1,1
15,0,26,4,N,nb17,535,0.026,1.827,0,0
15,0,26,4,N,nb18,535,0.876,-0.217,1,1
15,0,26,4,N,nb19,535,0.61,0.757,2,1
15,0,26,4,N,nb20,535,-0.712,0.447,0,0
15,0,26,4,N,nb21,535,0.532,0.554,2,1
15,0,26,4,N,nb22,535,-1.864,-0.773,0,0
15,0,26,4,N,nb23,535,1.336,-1.866,1,1
15,0,26,4,N,nb24,535,1.067,-1.592,2,1
15,0,26,4,N,nb25,535,-1.659,-0.13,0,0
15,0,26,4,N,nb26,535,-1.183,1.689,1,1
15,0,26,4,N,nb27,535,0.796,-0.828,1,1
15,0,26,4,N,nb28,535,-1.183,1.859,1,1
15,0,26,4,N,nb29,535,1.54,0.629,1,1
15,0,26,4,A,aa0,535,-0.021,-1.865,0,0
15,0,26,4,A,aa1,535,-0.817,-0.794,0,0
15,0,26,4,A,aa2,535,-0.155,1.866,0,0
15,0,26,4,A,aa3,535,-0.568,0.36,0,0
15,0,26,4,N,nb0,540,-0.009,0.433,0,0
15,0,26,4,N,nb1,540,0.989,-0.006,1,1
15,0,26,4,N,nb2,540,0.718,-0.621,1,1
15,0,26,4,N,nb3,540,-0.92,0.088,0,0
15,0,26,4,N,nb4,540,1.115,-1.793,3,1
15,0,26,4,N,nb5,540,1.591,1.572,2,1
15,0,26,4,N,nb6,540,1.738,1.47,2,1
15,0,26,4,N,nb7,540,-1.04,0.848,0,0
15,0,26,4,N,nb8,540,-0.468,-0.084,1,1
15,0,26,4,N,nb9,540,-0.619,0.864,0,0
15,0,26,4,N,nb10,540,-0.303,-0.044,1,1
15,0,26,4,N,nb11,540,1.81,0.397,1,1
15,0,26,4,N,nb12,540,0.692,0.609,2,1
15,0,26,4,N,nb13,540,1.858,1.589,1,1
15,0,26,4,N,nb14,540,0.949,-1.761,2,1
15,0,26,4,N,nb15,540,1.763,0.636,2,1
15,0,26,4,N,nb16,540,1.419,1.417,1,1
15,0,26,4,N,nb17,540,-0.059,1.799,0,0
15,0,26,4,N,nb18,540,0.876,-0.217,1,1
15,0,26,4,N,nb19,540,0.61,0.757,2,1
15,0,26,4,N,nb20,540,-0.722,0.359,0,0
15,0,26,4,N,nb21,540,0.532,0.554,2,1
15,0,26,4,N,nb22,540,-1.853,-0.681,0,0
15,0,26,4,N,nb23,540,1.336,-1.866,1,1
15,0,26,4,N,nb24,540,1.067,-1.592,2,1
15,0,26,4,N,nb25,540,-1.615,-0.04,0,0
15,0,26,4,N,nb26,540,-1.183,1.689,1,1
15,0,26,4,N,nb27,540,0.796,-0.828,1,1
15,0,26,4,N,nb28,540,-1.183,1.859,1,1
15,0,26,4,N,nb29,540,1.54,0.629,1,1
15,0,26,4,A,aa0,540,0.07,-1.865,0,0
15,0,26,4,A,aa1,540,-0.76,-0.795,0,0
15,0,26,4,A,aa2,540,-0.248,1.866,0,0
15,0,26,4,A,aa3,540,-0.58,0.269,2,0
15,0,26,4,N,nb0,545,0.091,0.429,0,0
15,0,26,4,N,nb1,545,0.989,-0.006,1,1
15,0,26,4,N,nb2,545,0.718,-0.621,1,1
15,0,26,4,N,nb3,545,-1.019,0.095,0,0
15,0,26,4,N,nb4,545,1.115,-1.793,3,1
15,0,26,4,N,nb5,545,1.591,1.572,2,1
15,0,26,4,N,nb6,545,1.738,1.47,2,1
15,0,26,4,N,nb7,545,-0.996,0.938,0,0
15,0,26,4,N,nb8,545,-0.468,-0.084,1,1
15,0,26,4,N,nb9,545,-0.521,0.88,0,0
15,0,26,4,N,nb10,545,-0.303,-0.044,1,1
15,0,26,4,N,nb11,545,1.81,0.397,1,1
15,0,26,4,N,nb12,545,0.692,0.609,2,1
15,0,26,4,N,nb13,545,1.858,1.589,1,1
15,0,26,4,N,nb14,545,0.949,-1.761,2,1
15,0,26,4,N,nb15,545,1.763,0.636,2,1
15,0,26,4,N,nb16,545,1.419,1.417,1,1
15,0,26,4,N,nb17,545,-0.14,1.758,0,0
15,0,26,4,N,nb18,545,0.876,-0.217,1,1
15,0,26,4,N,nb19,545,0.61,0.757,2,1
15,0,26,4,N,nb20,545,-0.736,0.271,0,0
15,0,26,4,N,nb21,545,0.532,0.554,2,1
15,0,26,4,N,nb22,545,-1.832,-0.59,0,0
15,0,26,4,N,nb23,545,1.336,-1.866,1,1
15,0,26,4,N,nb24,545,1.067,-1.592,2,1
15,0,26,4,N,nb25,545,-1.571,0.05,0,0
15,0,26,4,N,nb26,545,-1.183,1.689,1,1
15,0,26,4,N,nb27,545,0.796,-0.828,1,1
15,0,26,4,N,nb28,545,-1.183,1.859,1,1
15,0,26,4,N,nb29,545,1.54,0.629,1,1
15,0,26,4,A,aa0,545,0.162,-1.86,0,0
15,0,26,4,A,aa1,545,-0.66,-0.795,0,0
15,0,26,4,A,aa2,545,-0.341,1.862,0,0
15,0,26,4,A,aa3,545,-0.596,0.176,2,0
15,0,26,4,N,nb0,550,0.191,0.424,0,0
15,0,26,4,N,nb1,550,0.989,-0.006,1,1
15,0,26,4,N,nb2,550,0.718,-0.621,1,1
15,0,26,4,N,nb3,550,-1.119,0.102,0,0
15,0,26,4,N,nb4,550,1.115,-1.793,3,1
15,0,26,4,N,nb5,550,1.591,1.572,2,1
15,0,26,4,N,nb6,550,1.738,1.47,2,1
15,0,26,4,N,nb7,550,-0.951,1.027,0,0
15,0,26,4,N,nb8,550,-0.468,-0.084,1,1
15,0,26,4,N,nb9,550,-0.422,0.896,0,0
15,0,26,4,N,nb10,550,-0.303,-0.044,1,1
15,0,26,4,N,nb11,550,1.81,0.397,1,1
15,0,26,4,N,nb12,550,0.692,0.609,2,1
15,0,26,4,N,nb13,550,1.858,1.589,1,1
15,0,26,4,N,nb14,550,0.949,-1.761,2,1
15,0,26,4,N,nb15,550,1.763,0.636,2,1
15,0,26,4,N,nb16,550,1.419,1.417,1,1
15,0,26,4,N,nb17,550,-0.214,1.707,0,0
15,0,26,4,N,nb18,550,0.876,-0.217,1,1
15,0,26,4,N,nb19,550,0.61,0.757,2,1
15,0,26,4,N,nb20,550,-0.762,0.184,0,0
15,0,26,4,N,nb21,550,0.532,0.554,2,1
15,0,26,4,N,nb22,550,-1.803,-0.501,0,0
15,0,26,4,N,nb23,550,1.336,-1.866,1,1
15,0,26,4,N,nb24,550,1.067,-1.592,2,1
15,0,26,4,N,nb25,550,-1.527,0.139,0,0
15,0,26,4,N,nb26,550,-1.183,1.689,1,1
15,0,26,4,N,nb27,550,0.796,-0.828,1,1
15,0,26,4,N,nb28,550,-1.183,1.859,1,1
15,0,26,4,N,nb29,550,1.54,0.629,1,1
15,0,26,4,A,aa0,550,0.254,-1.845,0,0
15,0,26,4,A,aa1,550,-0.56,-0.795,0,0
15,0,26,4,A,aa2,550,-0.433,1.848,0,0
15,0,26,4,A,aa3,550,-0.61,0.083,2,0
15,0,26,4,N,nb0,555,0.29,0.42,0,0
15,0,26,4,N,nb1,555,0.989,-0.006,1,1
15,0,26,4,N,nb2,555,0.718,-0.621,1,1
15,0,26,4,N,nb3,555,-1.219,0.108,0,0
15,0,26,4,N,nb4,555,1.115,-1.793,3,1
15,0,26,4,N,nb5,555,1.591,1.572,2,1
15,0,26,4,N,nb6,555,1.738,1.47,2,1
15,0,26,4,N,nb7,555,-0.906,1.117,0,0
15,0,26,4,N,nb8,555,-0.467,-0.085,1,1
15,0,26,4,N,nb9,555,-0.323,0.912,0,0
15,0,26,4,N,nb10,555,-0.303,-0.044,1,1
15,0,26,4,N,nb11,555,1.81,0.397,1,1
15,0,26,4,N,nb12,555,0.692,0.609,2,1
15,0,26,4,N,nb13,555,1.858,1.589,1,1
15,0,26,4,N,nb14,555,0.949,-1.761,2,1
15,0,26,4,N,nb15,555,1.763,0.636,2,1
15,0,26,4,N,nb16,555,1.419,1.417,1,1
15,0,26,4,N,nb17,555,-0.288,1.643,0,0
15,0,26,4,N,nb18,555,0.876,-0.217,1,1
15,0,26,4,N,nb19,555,0.61,0.757,2,1
15,0,26,4,N,nb20,555,-0.799,0.101,0,0
15,0,26,4,N,nb21,555,0.532,0.554,2,1
15,0,26,4,N,nb22,555,-1.766,-0.415,0,0
15,0,26,4,N,nb23,555,1.336,-1.866,1,1
15,0,26,4,N,nb24,555,1.067,-1.592,2,1
15,0,26,4,N,nb25,555,-1.483,0.229,0,0
15,0,26,4,N,nb26,555,-1.183,1.689,1,1
15,0,26,4,N,nb27,555,0.796,-0.828,1,1
15,0,26,4,N,nb28,555,-1.183,1.859,1,1
15,0,26,4,N,nb29,555,1.54,0.629,1,1
15,0,26,4,A,aa0,555,0.344,-1.821,0,0
15,0,26,4,A,aa1,555,-0.46,-0.796,0,0
15,0,26,4,A,aa2,555,-0.524,1.826,0,0
15,0,26,4,A,aa3,555,-0.618,-0.006,1,0
15,0,26,4,N,nb0,560,0.331,0.418,1,1
15,0,26,4,N,nb1,560,0.989,-0.006,1,1
15,0,26,4,N,nb2,560,0.718,-0.621,1,1
15,0,26,4,N,nb3,560,-1.279,0.112,1,1
15,0,26,4,N,nb4,560,1.115,-1.793,3,1
15,0,26,4,N,nb5,560,1.591,1.572,2,1
15,0,26,4,N,nb6,560,1.738,1.47,2,1
15,0,26,4,N,nb7,560,-0.862,1.206,0,0
15,0,26,4,N,nb8,560,-0.467,-0.085,1,1
15,0,26,4,N,nb9,560,-0.225,0.929,0,0
15,0,26,4,N,nb10,560,-0.303,-0.044,1,1
15,0,26,4,N,nb11,560,1.81,0.397,1,1
15,0,26,4,N,nb12,560,0.692,0.609,2,1
15,0,26,4,N,nb13,560,1.858,1.589,1,1
15,0,26,4,N,nb14,560,0.949,-1.761,2,1
15,0,26,4,N,nb15,560,1.763,0.636,2,1
15,0,26,4,N,nb16,560,1.419,1.417,1,1
15,0,26,4,N,nb17,560,-0.363,1.577,0,0
15,0,26,4,N,nb18,560,0.876,-0.217,1,1
15,0,26,4,N,nb19,560,0.61,0.757,2,1
15,0,26,4,N,nb20,560,-0.847,0.021,0,0
15,0,26,4,N,nb21,560,0.532,0.554,3,1
15,0,26,4,N,nb22,560,-1.721,-0.327,0,0
15,0,26,4,N,nb23,560,1.336,-1.866,1,1
15,0,26,4,N,nb24,560,1.067,-1.592,2,1
15,0,26,4,N,nb25,560,-1.455,0.284,1,1
15,0,26,4,N,nb26,560,-1.183,1.689,1,1
15,0,26,4,N,nb27,560,0.796,-0.828,1,1
15,0,26,4,N,nb28,560,-1.183,1.859,1,1
15,0,26,4,N,nb29,560,1.54,0.629,1,1
15,0,26,4,A,aa0,560,0.432,-1.788,0,0
15,0,26,4,A,aa1,560,-0.36,-0.796,0,0
15,0,26,4,A,aa2,560,-0.613,1.796,2,0
15,0,26,4,A,aa3,560,-0.641,-0.087,1,0
15,0,26,4,N,nb0,565,0.331,0.418,1,1
15,0,26,4,N,nb1,565,0.989,-0.006,1,1
15,0,26,4,N,nb2,565,0.718,-0.621,1,1
15,0,26,4,N,nb3,565,-1.279,0.112,1,1
15,0,26,4,N,nb4,565,1.115,-1.793,3,1
15,0,26,4,N,nb5,565,1.591,1.572,2,1
15,0,26,4,N,nb6,565,1.738,1.47,2,1
15,0,26,4,N,nb7,565,-0.817,1.296,0,0
15,0,26,4,N,nb8,565,-0.467,-0.085,1,0
15,0,26,4,N,nb9,565,-0.126,0.945,0,0
15,0,26,4,N,nb10,565,-0.303,-0.044,1,0
15,0,26,4,N,nb11,565,1.81,0.397,1,1
15,0,26,4,N,nb12,565,0.692,0.609,2,1
15,0,26,4,N,nb13,565,1.858,1.589,1,1
15,0,26,4,N,nb14,565,0.949,-1.761,2,1
15,0,26,4,N,nb15,565,1.763,0.636,2,1
15,0,26,4,N,nb16,565,1.419,1.417,1,1
15,0,26,4,N,nb17,565,-0.439,1.511,0,0
15,0,26,4,N,nb18,565,0.876,-0.217,1,1
15,0,26,4,N,nb19,565,0.61,0.757,2,1
15,0,26,4,N,nb20,565,-0.903,-0.053,0,0
15,0,26,4,N,nb21,565,0.532,0.554,3,1
15,0,26,4,N,nb22,565,-1.676,-0.237,0,0
15,0,26,4,N,nb23,565,1.336,-1.866,1,1
15,0,26,4,N,nb24,565,1.067,-1.592,2,1
15,0,26,4,N,nb25,565,-1.455,0.284,1,1
15,0,26,4,N,nb26,565,-1.183,1.689,1,1
15,0,26,4,N,nb27,565,0.796,-0.828,1,1
15,0,26,4,N,nb28,565,-1.183,1.859,1,1
15,0,26,4,N,nb29,565,1.54,0.629,1,1
15,0,26,4,A,aa0,565,0.52,-1.747,2,0
15,0,26,4,A,aa1,565,-0.26,-0.796,0,0
15,0,26,4,A,aa2,565,-0.633,1.787,2,0
15,0,26,4,A,aa3,565,-0.664,-0.178,1,0
15,0,26,4,N,nb0,570,0.331,0.418,1,1
15,0,26,4,N,nb1,570,0.989,-0.006,1,1
15,0,26,4,N,nb2,570,0.718,-0.621,1,1
15,0,26,4,N,nb3,570,-1.279,0.112,1,1
15,0,26,4,N,nb4,570,1.115,-1.793,3,1
15,0,26,4,N,nb5,570,1.591,1.572,2,1
15,0,26,4,N,nb6,570,1.738,1.47,2,1
15,0,26,4,N,nb7,570,-0.773,1.385,0,0
15,0,26,4,N,nb8,570,-0.467,-0.085,1,1
15,0,26,4,N,nb9,570,-0.027,0.961,0,0
15,0,26,4,N,nb10,570,-0.303,-0.044,1,1
15,0,26,4,N,nb11,570,1.81,0.397,1,1
15,0,26,4,N,nb12,570,0.692,0.609,2,1
15,0,26,4,N,nb13,570,1.858,1.589,1,1
15,0,26,4,N,nb14,570,0.949,-1.761,2,1
15,0,26,4,N,nb15,570,1.763,0.636,2,1
15,0,26,4,N,nb16,570,1.419,1.417,1,1
15,0,26,4,N,nb17,570,-0.514,1.445,0,0
15,0,26,4,N,nb18,570,0.876,-0.217,1,1
15,0,26,4,N,nb19,570,0.61,0.757,2,1
15,0,26,4,N,nb20,570,-0.967,-0.129,0,0
15,0,26,4,N,nb21,570,0.532,0.554,3,1
15,0,26,4,N,nb22,570,-1.63,-0.148,0,0
15,0,26,4,N,nb23,570,1.336,-1.866,1,1
15,0,26,4,N,nb24,570,1.067,-1.592,2,1
15,0,26,4,N,nb25,570,-1.455,0.284,1,1
15,0,26,4,N,nb26,570,-1.183,1.689,1,1
15,0,26,4,N,nb27,570,0.796,-0.828,1,1
15,0,26,4,N,nb28,570,-1.183,1.859,1,1
15,0,26,4,N,nb29,570,1.54,0.629,1,1
15,0,26,4,A,aa0,570,0.61,-1.703,2,0
15,0,26,4,A,aa1,570,-0.197,-0.796,0,0
15,0,26,4,A,aa2,570,-0.65,1.734,2,0
15,0,26,4,A,aa3,570,-0.694,-0.27,1,0
15,0,26,4,N,nb0,575,0.331,0.418,1,1
15,0,26,4,N,nb1,575,0.989,-0.006,1,1
15,0,26,4,N,nb2,575,0.718,-0.621,1,1
15,0,26,4,N,nb3,575,-1.279,0.112,1,1
15,0,26,4,N,nb4,575,1.115,-1.793,3,1
15,0,26,4,N,nb5,575,1.591,1.572,2,1
15,0,26,4,N,nb6,575,1.738,1.47,2,1
15,0,26,4,N,nb7,575,-0.763,1.404,1,0
15,0,26,4,N,nb8,575,-0.467,-0.085,1,1
15,0,26,4,N,nb9,575,0.071,0.977,0,0
15,0,26,4,N,nb10,575,-0.303,-0.044,1,1
15,0,26,4,N,nb11,575,1.81,0.397,1,1
15,0,26,4,N,nb12,575,0.692,0.609,2,1
15,0,26,4,N,nb13,575,1.858,1.589,1,1
15,0,26,4,N,nb14,575,0.949,-1.761,2,1
15,0,26,4,N,nb15,575,1.763,0.636,2,1
15,0,26,4,N,nb16,575,1.419,1.417,1,1
15,0,26,4,N,nb17,575,-0.529,1.432,1,0
15,0,26,4,N,nb18,575,0.876,-0.217,1,1
15,0,26,4,N,nb19,575,0.61,0.757,2,1
15,0,26,4,N,nb20,575,-1.032,-0.205,0,0
15,0,26,4,N,nb21,575,0.532,0.554,3,1
15,0,26,4,N,nb22,575,-1.585,-0.059,0,0
15,0,26,4,N,nb23,575,1.336,-1.866,1,1
15,0,26,4,N,nb24,575,1.067,-1.592,2,1
15,0,26,4,N,nb25,575,-1.455,0.284,1,1
15,0,26,4,N,nb26,575,-1.183,1.689,1,0
15,0,26,4,N,nb27,575,0.796,-0.828,1,1
15,0,26,4,N,nb28,575,-1.183,1.859,1,0
15,0,26,4,N,nb29,575,1.54,0.629,1,1
15,0,26,4,A,aa0,575,0.699,-1.659,2,0
15,0,26,4,A,aa1,575,-0.127,-0.765,0,0
15,0,26,4,A,aa2,575,-0.679,1.64,4,1
15,0,26,4,A,aa3,575,-0.727,-0.365,1,0
15,0,26,4,N,nb0,580,0.331,0.418,1,1
15,0,26,4,N,nb1,580,0.989,-0.006,1,1
15,0,26,4,N,nb2,580,0.718,-0.621,1,1
15,0,26,4,N,nb3,580,-1.279,0.112,1,1
15,0,26,4,N,nb4,580,1.115,-1.793,3,1
15,0,26,4,N,nb5,580,1.591,1.572,2,0
15,0,26,4,N,nb6,580,1.738,1.47,2,0
15,0,26,4,N,nb7,580,-0.744,1.442,1,0
15,0,26,4,N,nb8,580,-0.467,-0.085,1,1
15,0,26,4,N,nb9,580,0.17,0.993,0,0
15,0,26,4,N,nb10,580,-0.303,-0.044,1,1
15,0,26,4,N,nb11,580,1.81,0.397,1,1
15,0,26,4,N,nb12,580,0.692,0.609,2,1
15,0,26,4,N,nb13,580,1.858,1.589,1,0
15,0,26,4,N,nb14,580,0.949,-1.761,2,1
15,0,26,4,N,nb15,580,1.763,0.636,2,1
15,0,26,4,N,nb16,580,1.419,1.417,1,1
15,0,26,4,N,nb17,580,-0.588,1.369,1,0
15,0,26,4,N,nb18,580,0.876,-0.217,1,1
15,0,26,4,N,nb19,580,0.61,0.757,2,1
15,0,26,4,N,nb20,580,-1.097,-0.281,0,0
15,0,26,4,N,nb21,580,0.532,0.554,3,1
15,0,26,4,N,nb22,580,-1.539,0.03,0,0
15,0,26,4,N,nb23,580,1.336,-1.866,1,1
15,0,26,4,N,nb24,580,1.067,-1.592,2,1
15,0,26,4,N,nb25,580,-1.455,0.284,1,1
15,0,26,4,N,nb26,580,-1.233,1.697,1,0
15,0,26,4,N,nb27,580,0.796,-0.828,1,1
15,0,26,4,N,nb28,580,-1.257,1.865,1,0
15,0,26,4,N,nb29,580,1.54,0.629,1,1
15,0,26,4,A,aa0,580,0.78,-1.616,2,0
15,0,26,4,A,aa1,580,-0.036,-0.724,0,0
15,0,26,4,A,aa2,580,-0.695,1.602,0,0
15,0,26,4,A,aa3,580,-0.76,-0.459,1,0
15,0,26,4,N,nb0,585,0.331,0.418,1,1
15,0,26,4,N,nb1,585,0.989,-0.006,1,1
15,0,26,4,N,nb2,585,0.718,-0.621,1,1
15,0,26,4,N,nb3,585,-1.279,0.112,2,1
15,0,26,4,N,nb4,585,1.115,-1.793,3,1
15,0,26,4,N,nb5,585,1.591,1.572,2,1
15,0,26,4,N,nb6,585,1.738,1.47,2,1
15,0,26,4,N,nb7,585,-0.728,1.449,1,1
15,0,26,4,N,nb8,585,-0.467,-0.085,1,1
15,0,26,4,N,nb9,585,0.269,1.009,0,0
15,0,26,4,N,nb10,585,-0.303,-0.044,1,1
15,0,26,4,N,nb11,585,1.81,0.397,1,1
15,0,26,4,N,nb12,585,0.692,0.609,2,1
15,0,26,4,N,nb13,585,1.858,1.589,1,1
15,0,26,4,N,nb14,585,0.949,-1.761,2,1
15,0,26,4,N,nb15,585,1.763,0.636,2,1
15,0,26,4,N,nb16,585,1.419,1.417,1,1
15,0,26,4,N,nb17,585,-0.642,1.294,1,1
15,0,26,4,N,nb18,585,0.876,-0.217,1,1
15,0,26,4,N,nb19,585,0.61,0.757,2,1
15,0,26,4,N,nb20,585,-1.162,-0.357,0,0
15,0,26,4,N,nb21,585,0.532,0.554,3,1
15,0,26,4,N,nb22,585,-1.523,0.063,2,1
15,0,26,4,N,nb23,585,1.336,-1.866,1,1
15,0,26,4,N,nb24,585,1.067,-1.592,2,1
15,0,26,4,N,nb25,585,-1.455,0.284,2,1
15,0,26,4,N,nb26,585,-1.292,1.701,1,1
15,0,26,4,N,nb27,585,0.796,-0.828,1,1
15,0,26,4,N,nb28,585,-1.339,1.865,1,1
15,0,26,4,N,nb29,585,1.54,0.629,1,1
15,0,26,4,A,aa0,585,0.854,-1.563,3,1
15,0,26,4,A,aa1,585,0.055,-0.682,0,0
15,0,26,4,A,aa2,585,-0.697,1.614,0,0
15,0,26,4,A,aa3,585,-0.793,-0.554,1,0
15,0,26,4,N,nb0,590,0.331,0.418,1,1
15,0,26,4,N,nb1,590,0.989,-0.006,1,1
15,0,26,4,N,nb2,590,0.718,-0.621,1,1
15,0,26,4,N,nb3,590,-1.279,0.112,2,1
15,0,26,4,N,nb4,590,1.114,-1.799,3,0
15,0,26,4,N,nb5,590,1.591,1.572,2,1
15,0,26,4,N,nb6,590,1.738,1.47,2,1
15,0,26,4,N,nb7,590,-0.727,1.45,1,1
15,0,26,4,N,nb8,590,-0.467,-0.085,1,1
15,0,26,4,N,nb9,590,0.368,1.026,0,0
15,0,26,4,N,nb10,590,-0.303,-0.044,1,1
15,0,26,4,N,nb11,590,1.81,0.397,1,1
15,0,26,4,N,nb12,590,0.692,0.609,2,1
15,0,26,4,N,nb13,590,1.858,1.589,1,1
15,0,26,4,N,nb14,590,0.948,-1.767,1,0
15,0,26,4,N,nb15,590,1.763,0.636,2,1
15,0,26,4,N,nb16,590,1.419,1.417,1,1
15,0,26,4,N,nb17,590,-0.643,1.291,1,1
15,0,26,4,N,nb18,590,0.876,-0.217,1,1
15,0,26,4,N,nb19,590,0.61,0.757,2,1
15,0,26,4,N,nb20,590,-1.227,-0.433,0,0
15,0,26,4,N,nb21,590,0.532,0.554,3,1
15,0,26,4,N,nb22,590,-1.523,0.063,2,1
15,0,26,4,N,nb23,590,1.336,-1.866,1,1
15,0,26,4,N,nb24,590,1.121,-1.58,1,0
15,0,26,4,N,nb25,590,-1.455,0.284,2,1
15,0,26,4,N,nb26,590,-1.294,1.701,1,1
15,0,26,4,N,nb27,590,0.796,-0.828,1,1
15,0,26,4,N,nb28,590,-1.341,1.865,1,1
15,0,26,4,N,nb29,590,1.54,0.629,1,1
15,0,26,4,A,aa0,590,0.92,-1.501,0,0
15,0,26,4,A,aa1,590,0.146,-0.641,1,0
15,0,26,4,A,aa2,590,-0.675,1.609,1,0
15,0,26,4,A,aa3,590,-0.826,-0.648,0,0
15,0,26,4,N,nb0,595,0.331,0.418,1,1
15,0,26,4,N,nb1,595,0.989,-0.006,1,1
15,0,26,4,N,nb2,595,0.718,-0.621,1,1
15,0,26,4,N,nb3,595,-1.279,0.112,2,1
15,0,26,4,N,nb4,595,1.109,-1.829,2,0
15,0,26,4,N,nb5,595,1.591,1.572,2,1
15,0,26,4,N,nb6,595,1.738,1.47,2,1
15,0,26,4,N,nb7,595,-0.727,1.45,1,1
15,0,26,4,N,nb8,595,-0.467,-0.085,1,1
15,0,26,4,N,nb9,595,0.466,1.042,0,0
15,0,26,4,N,nb10,595,-0.303,-0.044,1,1
15,0,26,4,N,nb11,595,1.81,0.397,1,1
15,0,26,4,N,nb12,595,0.692,0.609,2,0
15,0,26,4,N,nb13,595,1.858,1.589,1,1
15,0,26,4,N,nb14,595,0.946,-1.784,1,0
15,0,26,4,N,nb15,595,1.763,0.636,2,1
15,0,26,4,N,nb16,595,1.419,1.417,1,1
15,0,26,4,N,nb17,595,-0.643,1.291,1,1
15,0,26,4,N,nb18,595,0.876,-0.217,1,1
15,0,26,4,N,nb19,595,0.61,0.757,2,1
15,0,26,4,N,nb20,595,-1.292,-0.509,0,0
15,0,26,4,N,nb21,595,0.532,0.554,3,1
15,0,26,4,N,nb22,595,-1.523,0.063,2,1
15,0,26,4,N,nb23,595,1.336,-1.866,1,1
15,0,26,4,N,nb24,595,1.217,-1.558,0,0
15,0,26,4,N,nb25,595,-1.455,0.284,2,1
15,0,26,4,N,nb26,595,-1.294,1.701,1,1
15,0,26,4,N,nb27,595,0.796,-0.828,1,1
15,0,26,4,N,nb28,595,-1.341,1.865,1,1
15,0,26,4,N,nb29,595,1.54,0.629,1,1
15,0,26,4,A,aa0,595,0.978,-1.431,1,0
15,0,26,4,A,aa1,595,0.237,-0.6,1,0
15,0,26,4,A,aa2,595,-0.619,1.577,2,0
15,0,26,4,A,aa3,595,-0.859,-0.742,0,0
15,0,26,4,N,nb0,600,0.331,0.418,1,1
15,0,26,4,N,nb1,600,0.989,-0.006,1,1
15,0,26,4,N,nb2,600,0.718,-0.621,1,1
15,0,26,4,N,nb3,600,-1.279,0.112,2,1
15,0,26,4,N,nb4,600,1.104,-1.849,2,0
15,0,26,4,N,nb5,600,1.591,1.572,2,1
15,0,26,4,N,nb6,600,1.738,1.47,2,1
15,0,26,4,N,nb7,600,-0.727,1.45,1,1
15,0,26,4,N,nb8,600,-0.467,-0.085,1,1
15,0,26,4,N,nb9,600,0.565,1.058,0,0
15,0,26,4,N,nb10,600,-0.303,-0.044,1,1
15,0,26,4,N,nb11,600,1.81,0.397,1,1
15,0,26,4,N,nb12,600,0.692,0.609,2,1
15,0,26,4,N,nb13,600,1.858,1.589,1,1
15,0,26,4,N,nb14,600,0.946,-1.79,1,0
15,0,26,4,N,nb15,600,1.763,0.636,2,1
15,0,26,4,N,nb16,600,1.419,1.417,1,1
15,0,26,4,N,nb17,600,-0.643,1.291,1,1
15,0,26,4,N,nb18,600,0.876,-0.217,1,1
15,0,26,4,N,nb19,600,0.61,0.757,2,1
15,0,26,4,N,nb20,600,-1.357,-0.585,0,0
15,0,26,4,N,nb21,600,0.532,0.554,3,1
15,0,26,4,N,nb22,600,-1.523,0.063,2,1
15,0,26,4,N,nb23,600,1.336,-1.866,1,0
15,0,26,4,N,nb24,600,1.315,-1.535,0,0
15,0,26,4,N,nb25,600,-1.455,0.284,2,1
15,0,26,4,N,nb26,600,-1.294,1.701,1,1
15,0,26,4,N,nb27,600,0.796,-0.828,1,0
15,0,26,4,N,nb28,600,-1.341,1.865,1,1
15,0,26,4,N,nb29,600,1.54,0.629,1,1
15,0,26,4,A,aa0,600,1.034,-1.348,4,1
15,0,26,4,A,aa1,600,0.276,-0.582,2,0
15,0,26,4,A,aa2,600,-0.551,1.514,2,0
15,0,26,4,A,aa3,600,-0.88,-0.802,0,0
15,0,26,4,N,nb0,605,0.331,0.418,1,1
15,0,26,4,N,nb1,605,0.989,-0.006,1,1
15,0,26,4,N,nb2,605,0.718,-0.621,1,1
15,0,26,4,N,nb3,605,-1.279,0.112,2,1
15,0,26,4,N,nb4,605,1.076,-1.866,2,0
15,0,26,4,N,nb5,605,1.591,1.572,2,1
15,0,26,4,N,nb6,605,1.738,1.47,2,1
15,0,26,4,N,nb7,605,-0.727,1.45,1,1
15,0,26,4,N,nb8,605,-0.467,-0.085,1,1
15,0,26,4,N,nb9,605,0.664,1.074,0,0
15,0,26,4,N,nb10,605,-0.303,-0.044,1,1
15,0,26,4,N,nb11,605,1.81,0.397,1,1
15,0,26,4,N,nb12,605,0.692,0.609,2,1
15,0,26,4,N,nb13,605,1.858,1.589,1,1
15,0,26,4,N,nb14,605,0.927,-1.786,1,0
15,0,26,4,N,nb15,605,1.763,0.636,2,1
15,0,26,4,N,nb16,605,1.419,1.417,1,1
15,0,26,4,N,nb17,605,-0.643,1.291,1,1
15,0,26,4,N,nb18,605,0.876,-0.217,1,1
15,0,26,4,N,nb19,605,0.61,0.757,2,1
15,0,26,4,N,nb20,605,-1.422,-0.661,0,0
15,0,26,4,N,nb21,605,0.532,0.554,3,1
15,0,26,4,N,nb22,605,-1.523,0.063,2,1
15,0,26,4,N,nb23,605,1.271,-1.866,1,0
15,0,26,4,N,nb24,605,1.412,-1.513,0,0
15,0,26,4,N,nb25,605,-1.455,0.284,2,1
15,0,26,4,N,nb26,605,-1.294,1.701,1,1
15,0,26,4,N,nb27,605,0.838,-0.773,1,0
15,0,26,4,N,nb28,605,-1.341,1.865,1,1
15,0,26,4,N,nb29,605,1.54,0.629,1,1
15,0,26,4,A,aa0,605,1.091,-1.266,0,0
15,0,26,4,A,aa1,605,0.287,-0.547,0,0
15,0,26,4,A,aa2,605,-0.476,1.457,2,0
15,0,26,4,A,aa3,605,-0.872,-0.817,0,0
15,0,26,4,N,nb0,610,0.331,0.418,1,1
15,0,26,4,N,nb1,610,0.989,-0.006,1,1
15,0,26,4,N,nb2,610,0.718,-0.621,1,1
15,0,26,4,N,nb3,610,-1.279,0.112,2,1
15,0,26,4,N,nb4,610,0.995,-1.862,2,0
15,0,26,4,N,nb5,610,1.591,1.572,2,1
15,0,26,4,N,nb6,610,1.738,1.47,2,1
15,0,26,4,N,nb7,610,-0.727,1.45,1,1
15,0,26,4,N,nb8,610,-0.467,-0.085,1,1
15,0,26,4,N,nb9,610,0.762,1.09,0,0
15,0,26,4,N,nb10,610,-0.303,-0.044,1,1
15,0,26,4,N,nb11,610,1.81,0.397,1,1
15,0,26,4,N,nb12,610,0.692,0.609,2,1
15,0,26,4,N,nb13,610,1.858,1.589,1,1
15,0,26,4,N,nb14,610,0.861,-1.759,1,0
15,0,26,4,N,nb15,610,1.763,0.636,2,1
15,0,26,4,N,nb16,610,1.419,1.417,1,1
15,0,26,4,N,nb17,610,-0.643,1.291,1,1
15,0,26,4,N,nb18,610,0.876,-0.217,1,1
15,0,26,4,N,nb19,610,0.61,0.757,2,1
15,0,26,4,N,nb20,610,-1.487,-0.738,0,0
15,0,26,4,N,nb21,610,0.532,0.554,3,1
15,0,26,4,N,nb22,610,-1.523,0.063,2,1
15,0,26,4,N,nb23,610,1.182,-1.866,1,0
15,0,26,4,N,nb24,610,1.51,-1.491,0,0
15,0,26,4,N,nb25,610,-1.455,0.284,2,1
15,0,26,4,N,nb26,610,-1.294,1.701,1,1
15,0,26,4,N,nb27,610,0.903,-0.707,1,0
15,0,26,4,N,nb28,610,-1.341,1.865,1,1
15,0,26,4,N,nb29,610,1.54,0.629,1,1
15,0,26,4,A,aa0,610,1.148,-1.184,0,0
15,0,26,4,A,aa1,610,0.316,-0.451,1,0
15,0,26,4,A,aa2,610,-0.397,1.405,2,0
15,0,26,4,A,aa3,610,-0.823,-0.904,0,0
15,0,26,4,N,nb0,615,0.331,0.418,1,1
15,0,26,4,N,nb1,615,0.989,-0.006,1,1
15,0,26,4,N,nb2,615,0.718,-0.621,1,1
15,0,26,4,N,nb3,615,-1.279,0.112,2,1
15,0,26,4,N,nb4,615,0.977,-1.86,2,1
15,0,26,4,N,nb5,615,1.591,1.572,2,1
15,0,26,4,N,nb6,615,1.738,1.47,2,1
15,0,26,4,N,nb7,615,-0.727,1.45,1,0
15,0,26,4,N,nb8,615,-0.467,-0.085,1,1
15,0,26,4,N,nb9,615,0.861,1.106,0,0
15,0,26,4,N,nb10,615,-0.303,-0.044,1,1
15,0,26,4,N,nb11,615,1.81,0.397,1,1
15,0,26,4,N,nb12,615,0.692,0.609,2,1
15,0,26,4,N,nb13,615,1.858,1.589,1,1
15,0,26,4,N,nb14,615,0.846,-1.753,1,1
15,0,26,4,N,nb15,615,1.763,0.636,2,1
15,0,26,4,N,nb16,615,1.419,1.417,1,1
15,0,26,4,N,nb17,615,-0.643,1.291,1,0
15,0,26,4,N,nb18,615,0.876,-0.217,1,1
15,0,26,4,N,nb19,615,0.61,0.757,2,1
15,0,26,4,N,nb20,615,-1.552,-0.814,0,0
15,0,26,4,N,nb21,615,0.532,0.554,3,1
15,0,26,4,N,nb22,615,-1.523,0.063,2,1
15,0,26,4,N,nb23,615,1.162,-1.866,1,1
15,0,26,4,N,nb24,615,1.607,-1.468,0,0
15,0,26,4,N,nb25,615,-1.455,0.284,2,1
15,0,26,4,N,nb26,615,-1.294,1.701,1,0
15,0,26,4,N,nb27,615,0.919,-0.693,1,1
15,0,26,4,N,nb28,615,-1.341,1.865,1,0
15,0,26,4,N,nb29,615,1.54,0.629,1,1
15,0,26,4,A,aa0,615,1.205,-1.101,1,0
15,0,26,4,A,aa1,615,0.344,-0.355,2,0
15,0,26,4,A,aa2,615,-0.311,1.354,2,0
15,0,26,4,A,aa3,615,-0.773,-0.99,0,0
15,0,26,4,N,nb0,620,0.331,0.418,1,1
15,0,26,4,N,nb1,620,0.989,-0.006,1,1
15,0,26,4,N,nb2,620,0.718,-0.621,1,1
15,0,26,4,N,nb3,620,-1.279,0.112,2,1
15,0,26,4,N,nb4,620,0.977,-1.86,2,1
15,0,26,4,N,nb5,620,1.591,1.572,2,1
15,0,26,4,N,nb6,620,1.738,1.47,2,1
15,0,26,4,N,nb7,620,-0.727,1.45,1,1
15,0,26,4,N,nb8,620,-0.467,-0.085,1,1
15,0,26,4,N,nb9,620,0.96,1.123,0,0
15,0,26,4,N,nb10,620,-0.303,-0.044,1,1
15,0,26,4,N,nb11,620,1.81,0.397,1,1
15,0,26,4,N,nb12,620,0.692,0.609,2,1
15,0,26,4,N,nb13,620,1.858,1.589,1,1
15,0,26,4,N,nb14,620,0.846,-1.753,1,1
15,0,26,4,N,nb15,620,1.763,0.636,2,1
15,0,26,4,N,nb16,620,1.419,1.417,1,1
15,0,26,4,N,nb17,620,-0.643,1.291,1,1
15,0,26,4,N,nb18,620,0.876,-0.217,1,1
15,0,26,4,N,nb19,620,0.61,0.757,2,1
15,0,26,4,N,nb20,620,-1.617,-0.89,0,0
15,0,26,4,N,nb21,620,0.532,0.554,3,1
15,0,26,4,N,nb22,620,-1.523,0.063,2,1
15,0,26,4,N,nb23,620,1.162,-1.866,1,1
15,0,26,4,N,nb24,620,1.704,-1.446,0,0
15,0,26,4,N,nb25,620,-1.455,0.284,2,1
15,0,26,4,N,nb26,620,-1.294,1.701,1,1
15,0,26,4,N,nb27,620,0.919,-0.693,1,1
15,0,26,4,N,nb28,620,-1.341,1.865,1,1
15,0,26,4,N,nb29,620,1.54,0.629,1,1
15,0,26,4,A,aa0,620,1.261,-1.019,1,0
15,0,26,4,A,aa1,620,0.372,-0.259,2,0
15,0,26,4,A,aa2,620,-0.225,1.304,2,0
15,0,26,4,A,aa3,620,-0.723,-1.077,0,0
15,0,26,4,N,nb0,625,0.331,0.418,1,1
15,0,26,4,N,nb1,625,0.989,-0.006,1,1
15,0,26,4,N,nb2,625,0.718,-0.621,1,1
15,0,26,4,N,nb3,625,-1.279,0.112,2,1
15,0,26,4,N,nb4,625,0.977,-1.86,2,1
15,0,26,4,N,nb5,625,1.591,1.572,2,1
15,0,26,4,N,nb6,625,1.738,1.47,2,1
15,0,26,4,N,nb7,625,-0.727,1.45,1,1
15,0,26,4,N,nb8,625,-0.467,-0.085,1,1
15,0,26,4,N,nb9,625,1.058,1.139,0,0
15,0,26,4,N,nb10,625,-0.303,-0.044,1,1
15,0,26,4,N,nb11,625,1.81,0.397,1,1
15,0,26,4,N,nb12,625,0.692,0.609,2,1
15,0,26,4,N,nb13,625,1.858,1.589,1,1
15,0,26,4,N,nb14,625,0.846,-1.753,1,1
15,0,26,4,N,nb15,625,1.763,0.636,2,1
15,0,26,4,N,nb16,625,1.419,1.417,1,1
15,0,26,4,N,nb17,625,-0.643,1.291,1,1
15,0,26,4,N,nb18,625,0.876,-0.217,1,1
15,0,26,4,N,nb19,625,0.61,0.757,2,0
15,0,26,4,N,nb20,625,-1.682,-0.966,0,0
15,0,26,4,N,nb21,625,0.532,0.554,3,0
15,0,26,4,N,nb22,625,-1.523,0.063,2,1
15,0,26,4,N,nb23,625,1.162,-1.866,1,1
15,0,26,4,N,nb24,625,1.799,-1.424,0,0
15,0,26,4,N,nb25,625,-1.455,0.284,2,1
15,0,26,4,N,nb26,625,-1.294,1.701,1,1
15,0,26,4,N,nb27,625,0.919,-0.693,1,1
15,0,26,4,N,nb28,625,-1.341,1.865,1,1
15,0,26,4,N,nb29,625,1.54,0.629,1,1
15,0,26,4,A,aa0,625,1.318,-0.937,1,0
15,0,26,4,A,aa1,625,0.401,-0.163,3,1
15,0,26,4,A,aa2,625,-0.138,1.253,1,0
15,0,26,4,A,aa3,625,-0.673,-1.164,0,0
15,0,26,4,N,nb0,630,0.381,0.413,1,0
15,0,26,4,N,nb1,630,0.941,0.016,1,0
15,0,26,4,N,nb2,630,0.718,-0.567,1,0
15,0,26,4,N,nb3,630,-1.279,0.112,2,1
15,0,26,4,N,nb4,630,0.977,-1.86,2,1
15,0,26,4,N,nb5,630,1.591,1.572,2,1
15,0,26,4,N,nb6,630,1.738,1.47,2,1
15,0,26,4,N,nb7,630,-0.727,1.45,1,1
15,0,26,4,N,nb8,630,-0.467,-0.085,1,1
15,0,26,4,N,nb9,630,1.157,1.155,0,0
15,0,26,4,N,nb10,630,-0.303,-0.044,1,1
15,0,26,4,N,nb11,630,1.81,0.397,1,1
15,0,26,4,N,nb12,630,0.692,0.609,2,1
15,0,26,4,N,nb13,630,1.858,1.589,1,1
15,0,26,4,N,nb14,630,0.846,-1.753,1,1
15,0,26,4,N,nb15,630,1.763,0.636,2,1
15,0,26,4,N,nb16,630,1.419,1.417,1,1
15,0,26,4,N,nb17,630,-0.643,1.291,1,1
15,0,26,4,N,nb18,630,0.904,-0.178,1,0
15,0,26,4,N,nb19,630,0.61,0.757,2,1
15,0,26,4,N,nb20,630,-1.747,-1.042,0,0
15,0,26,4,N,nb21,630,0.532,0.554,3,1
15,0,26,4,N,nb22,630,-1.523,0.063,2,1
15,0,26,4,N,nb23,630,1.162,-1.866,1,1
15,0,26,4,N,nb24,630,1.866,-1.397,0,0
15,0,26,4,N,nb25,630,-1.455,0.284,2,1
15,0,26,4,N,nb26,630,-1.294,1.701,1,1
15,0,26,4,N,nb27,630,0.919,-0.693,1,1
15,0,26,4,N,nb28,630,-1.341,1.865,1,1
15,0,26,4,N,nb29,630,1.54,0.629,1,1
15,0,26,4,A,aa0,630,1.375,-0.854,1,0
15,0,26,4,A,aa1,630,0.429,-0.067,0,0
15,0,26,4,A,aa2,630,-0.052,1.203,1,0
15,0,26,4,A,aa3,630,-0.624,-1.251,0,0
15,0,26,4,N,nb0,635,0.468,0.392,1,0
15,0,26,4,N,nb1,635,0.858,0.062,1,0
15,0,26,4,N,nb2,635,0.713,-0.47,0,0
15,0,26,4,N,nb3,635,-1.279,0.112,2,1
15,0,26,4,N,nb4,635,0.977,-1.86,2,1
15,0,26,4,N,nb5,635,1.591,1.572,2,1
15,0,26,4,N,nb6,635,1.738,1.47,2,1
15,0,26,4,N,nb7,635,-0.727,1.45,1,1
15,0,26,4,N,nb8,635,-0.467,-0.085,1,1
15,0,26,4,N,nb9,635,1.256,1.171,0,0
15,0,26,4,N,nb10,635,-0.303,-0.044,1,1
15,0,26,4,N,nb11,635,1.81,0.397,1,1
15,0,26,4,N,nb12,635,0.692,0.609,2,1
15,0,26,4,N,nb13,635,1.858,1.589,1,1
15,0,26,4,N,nb14,635,0.846,-1.753,1,1
15,0,26,4,N,nb15,635,1.763,0.636,2,1
15,0,26,4,N,nb16,635,1.419,1.417,1,0
15,0,26,4,N,nb17,635,-0.643,1.291,1,1
15,0,26,4,N,nb18,635,0.965,-0.114,1,0
15,0,26,4,N,nb19,635,0.61,0.757,2,1
15,0,26,4,N,nb20,635,-1.806,-1.114,0,0
15,0,26,4,N,nb21,635,0.532,0.554,3,1
15,0,26,4,N,nb22,635,-1.523,0.063,2,1
15,0,26,4,N,nb23,635,1.162,-1.866,1,1
15,0,26,4,N,nb24,635,1.866,-1.358,0,0
15,0,26,4,N,nb25,635,-1.455,0.284,2,1
15,0,26,4,N,nb26,635,-1.294,1.701,1,1
15,0,26,4,N,nb27,635,0.919,-0.693,0,1
15,0,26,4,N,nb28,635,-1.341,1.865,1,1
15,0,26,4,N,nb29,635,1.54,0.629,1,1
15,0,26,4,A,aa0,635,1.431,-0.772,1,0
15,0,26,4,A,aa1,635,0.457,0.029,0,0
15,0,26,4,A,aa2,635,0.034,1.152,0,0
15,0,26,4,A,aa3,635,-0.574,-1.337,0,0
15,0,26,4,N,nb0,640,0.506,0.379,1,0
15,0,26,4,N,nb1,640,0.822,0.084,1,0
15,0,26,4,N,nb2,640,0.707,-0.37,0,0
15,0,26,4,N,nb3,640,-1.279,0.112,2,1
15,0,26,4,N,nb4,640,0.977,-1.86,2,1
15,0,26,4,N,nb5,640,1.591,1.572,2,1
15,0,26,4,N,nb6,640,1.738,1.47,2,1
15,0,26,4,N,nb7,640,-0.727,1.45,1,1
15,0,26,4,N,nb8,640,-0.467,-0.085,1,1
15,0,26,4,N,nb9,640,1.348,1.185,1,1
15,0,26,4,N,nb10,640,-0.303,-0.044,1,1
15,0,26,4,N,nb11,640,1.81,0.397,1,0
15,0,26,4,N,nb12,640,0.692,0.609,2,1
15,0,26,4,N,nb13,640,1.858,1.589,1,1
15,0,26,4,N,nb14,640,0.846,-1.753,1,1
15,0,26,4,N,nb15,640,1.763,0.636,2,1
15,0,26,4,N,nb16,640,1.419,1.417,2,1
15,0,26,4,N,nb17,640,-0.643,1.291,1,1
15,0,26,4,N,nb18,640,0.995,-0.088,1,0
15,0,26,4,N,nb19,640,0.61,0.757,2,1
15,0,26,4,N,nb20,640,-1.853,-1.19,0,0
15,0,26,4,N,nb21,640,0.532,0.554,3,1
15,0,26,4,N,nb22,640,-1.523,0.063,2,1
15,0,26,4,N,nb23,640,1.162,-1.866,1,1
15,0,26,4,N,nb24,640,1.866,-1.306,0,0
15,0,26,4,N,nb25,640,-1.455,0.284,2,1
15,0,26,4,N,nb26,640,-1.294,1.701,1,1
15,0,26,4,N,nb27,640,0.919,-0.693,0,1
15,0,26,4,N,nb28,640,-1.341,1.865,1,1
15,0,26,4,N,nb29,640,1.54,0.629,1,1
15,0,26,4,A,aa0,640,1.488,-0.69,1,0
15,0,26,4,A,aa1,640,0.486,0.125,3,1
15,0,26,4,A,aa2,640,0.12,1.102,1,0
15,0,26,4,A,aa3,640,-0.524,-1.424,0,0
15,0,26,4,N,nb0,645,0.572,0.358,1,0
15,0,26,4,N,nb1,645,0.757,0.124,0,0
15,0,26,4,N,nb2,645,0.7,-0.27,0,0
15,0,26,4,N,nb3,645,-1.279,0.112,2,1
15,0,26,4,N,nb4,645,0.977,-1.86,2,1
15,0,26,4,N,nb5,645,1.591,1.572,2,1
15,0,26,4,N,nb6,645,1.738,1.47,2,1
15,0,26,4,N,nb7,645,-0.727,1.45,1,1
15,0,26,4,N,nb8,645,-0.467,-0.085,1,1
15,0,26,4,N,nb9,645,1.351,1.185,1,1
15,0,26,4,N,nb10,645,-0.303,-0.044,1,1
15,0,26,4,N,nb11,645,1.81,0.397,1,1
15,0,26,4,N,nb12,645,0.692,0.609,2,1
15,0,26,4,N,nb13,645,1.858,1.589,1,1
15,0,26,4,N,nb14,645,0.846,-1.753,1,1
15,0,26,4,N,nb15,645,1.763,0.636,2,1
15,0,26,4,N,nb16,645,1.419,1.417,2,1
15,0,26,4,N,nb17,645,-0.643,1.291,1,1
15,0,26,4,N,nb18,645,1.055,-0.044,0,0
15,0,26,4,N,nb19,645,0.61,0.757,2,1
15,0,26,4,N,nb20,645,-1.866,-1.271,0,0
15,0,26,4,N,nb21,645,0.532,0.554,3,1
15,0,26,4,N,nb22,645,-1.523,0.063,2,1
15,0,26,4,N,nb23,645,1.162,-1.866,1,1
15,0,26,4,N,nb24,645,1.866,-1.242,0,0
15,0,26,4,N,nb25,645,-1.455,0.284,2,1
15,0,26,4,N,nb26,645,-1.294,1.701,1,1
15,0,26,4,N,nb27,645,0.962,-0.655,0,0
15,0,26,4,N,nb28,645,-1.341,1.865,1,1
15,0,26,4,N,nb29,645,1.54,0.629,1,1
15,0,26,4,A,aa0,645,1.513,-0.654,0,0
15,0,26,4,A,aa1,645,0.517,0.199,0,0
15,0,26,4,A,aa2,645,0.207,1.051,2,0
15,0,26,4,A,aa3,645,-0.475,-1.511,0,0
15,0,26,4,N,nb0,650,0.659,0.357,2,0
15,0,26,4,N,nb1,650,0.697,0.174,1,0
15,0,26,4,N,nb2,650,0.693,-0.171,0,0
15,0,26,4,N,nb3,650,-1.279,0.112,2,0
15,0,26,4,N,nb4,650,0.977,-1.86,2,1
15,0,26,4,N,nb5,650,1.591,1.572,2,1
15,0,26,4,N,nb6,650,1.738,1.47,2,1
15,0,26,4,N,nb7,650,-0.727,1.45,1,1
15,0,26,4,N,nb8,650,-0.467,-0.085,1,1
15,0,26,4,N,nb9,650,1.351,1.185,1,1
15,0,26,4,N,nb10,650,-0.303,-0.044,1,1
15,0,26,4,N,nb11,650,1.81,0.397,1,1
15,0,26,4,N,nb12,650,0.692,0.609,2,1
15,0,26,4,N,nb13,650,1.858,1.589,1,1
15,0,26,4,N,nb14,650,0.846,-1.753,1,1
15,0,26,4,N,nb15,650,1.763,0.636,2,1
15,0,26,4,N,nb16,650,1.419,1.417,2,1
15,0,26,4,N,nb17,650,-0.643,1.291,1,1
15,0,26,4,N,nb18,650,1.136,0.014,0,0
15,0,26,4,N,nb19,650,0.61,0.757,2,1
15,0,26,4,N,nb20,650,-1.866,-1.356,0,0
15,0,26,4,N,nb21,650,0.532,0.554,3,1
15,0,26,4,N,nb22,650,-1.523,0.063,2,1
15,0,26,4,N,nb23,650,1.162,-1.866,1,1
15,0,26,4,N,nb24,650,1.866,-1.168,0,0
15,0,26,4,N,nb25,650,-1.455,0.284,2,0
15,0,26,4,N,nb26,650,-1.294,1.701,1,1
15,0,26,4,N,nb27,650,1.037,-0.59,0,0
15,0,26,4,N,nb28,650,-1.341,1.865,1,1
15,0,26,4,N,nb29,650,1.54,0.629,1,1
15,0,26,4,A,aa0,650,1.507,-0.598,0,0
15,0,26,4,A,aa1,650,0.539,0.238,1,0
15,0,26,4,A,aa2,650,0.293,1.001,2,0
15,0,26,4,A,aa3,650,-0.425,-1.598,0,0
15,0,26,4,N,nb0,655,0.693,0.376,3,0
15,0,26,4,N,nb1,655,0.689,0.185,1,0
15,0,26,4,N,nb2,655,0.686,-0.071,0,0
15,0,26,4,N,nb3,655,-1.279,0.112,2,1
15,0,26,4,N,nb4,655,0.977,-1.86,2,1
15,0,26,4,N,nb5,655,1.591,1.572,2,1
15,0,26,4,N,nb6,655,1.738,1.47,2,1
15,0,26,4,N,nb7,655,-0.727,1.45,1,1
15,0,26,4,N,nb8,655,-0.467,-0.085,1,1
15,0,26,4,N,nb9,655,1.351,1.185,1,1
15,0,26,4,N,nb10,655,-0.303,-0.044,1,1
15,0,26,4,N,nb11,655,1.81,0.397,1,1
15,0,26,4,N,nb12,655,0.692,0.609,3,0
15,0,26,4,N,nb13,655,1.858,1.589,1,1
15,0,26,4,N,nb14,655,0.846,-1.753,1,1
15,0,26,4,N,nb15,655,1.763,0.636,2,1
15,0,26,4,N,nb16,655,1.419,1.417,2,1
15,0,26,4,N,nb17,655,-0.643,1.291,1,1
15,0,26,4,N,nb18,655,1.218,0.072,0,0
15,0,26,4,N,nb19,655,0.61,0.757,2,1
15,0,26,4,N,nb20,655,-1.866,-1.446,0,0
15,0,26,4,N,nb21,655,0.532,0.554,3,0
15,0,26,4,N,nb22,655,-1.523,0.063,2,1
15,0,26,4,N,nb23,655,1.162,-1.866,1,1
15,0,26,4,N,nb24,655,1.866,-1.087,0,0
15,0,26,4,N,nb25,655,-1.455,0.284,2,1
15,0,26,4,N,nb26,655,-1.294,1.701,1,1
15,0,26,4,N,nb27,655,1.113,-0.524,0,0
15,0,26,4,N,nb28,655,-1.341,1.865,1,1
15,0,26,4,N,nb29,655,1.54,0.629,1,1
15,0,26,4,A,aa0,655,1.496,-0.498,0,0
15,0,26,4,A,aa1,655,0.542,0.299,4,1
15,0,26,4,A,aa2,655,0.379,0.95,2,0
15,0,26,4,A,aa3,655,-0.375,-1.684,0,0
15,0,26,4,N,nb0,660,0.783,0.354,1,0
15,0,26,4,N,nb1,660,0.625,0.234,1,0
15,0,26,4,N,nb2,660,0.685,-0.051,0,1
15,0,26,4,N,nb3,660,-1.279,0.112,2,1
15,0,26,4,N,nb4,660,0.977,-1.86,2,1
15,0,26,4,N,nb5,660,1.591,1.572,2,1
15,0,26,4,N,nb6,660,1.738,1.47,2,1
15,0,26,4,N,nb7,660,-0.727,1.45,1,1
15,0,26,4,N,nb8,660,-0.467,-0.085,1,1
15,0,26,4,N,nb9,660,1.351,1.185,1,1
15,0,26,4,N,nb10,660,-0.303,-0.044,1,1
15,0,26,4,N,nb11,660,1.81,0.397,1,1
15,0,26,4,N,nb12,660,0.668,0.643,2,0
15,0,26,4,N,nb13,660,1.858,1.589,1,1
15,0,26,4,N,nb14,660,0.846,-1.753,1,1
15,0,26,4,N,nb15,660,1.763,0.636,2,1
15,0,26,4,N,nb16,660,1.419,1.417,2,1
15,0,26,4,N,nb17,660,-0.643,1.291,1,1
15,0,26,4,N,nb18,660,1.299,0.13,0,0
15,0,26,4,N,nb19,660,0.601,0.799,2,1
15,0,26,4,N,nb20,660,-1.865,-1.538,0,0
15,0,26,4,N,nb21,660,0.505,0.595,2,0
15,0,26,4,N,nb22,660,-1.523,0.063,2,1
15,0,26,4,N,nb23,660,1.162,-1.866,1,1
15,0,26,4,N,nb24,660,1.866,-1.0,0,0
15,0,26,4,N,nb25,660,-1.455,0.284,2,1
15,0,26,4,N,nb26,660,-1.294,1.701,1,1
15,0,26,4,N,nb27,660,1.188,-0.459,0,0
15,0,26,4,N,nb28,660,-1.341,1.865,1,1
15,0,26,4,N,nb29,660,1.54,0.629,1,1
15,0,26,4,A,aa0,660,1.485,-0.399,0,0
15,0,26,4,A,aa1,660,0.557,0.391,0,0
15,0,26,4,A,aa2,660,0.459,0.906,1,0
15,0,26,4,A,aa3,660,-0.326,-1.771,0,0
15,0,26,4,N,nb0,665,0.879,0.334,0,0
15,0,26,4,N,nb1,665,0.546,0.276,0,0
15,0,26,4,N,nb2,665,0.685,-0.051,0,1
15,0,26,4,N,nb3,665,-1.279,0.112,2,1
15,0,26,4,N,nb4,665,0.977,-1.86,2,1
15,0,26,4,N,nb5,665,1.591,1.572,2,1
15,0,26,4,N,nb6,665,1.738,1.47,2,1
15,0,26,4,N,nb7,665,-0.727,1.45,1,1
15,0,26,4,N,nb8,665,-0.467,-0.085,1,1
15,0,26,4,N,nb9,665,1.351,1.185,1,1
15,0,26,4,N,nb10,665,-0.303,-0.044,1,1
15,0,26,4,N,nb11,665,1.81,0.397,1,1
15,0,26,4,N,nb12,665,0.671,0.658,2,1
15,0,26,4,N,nb13,665,1.858,1.589,1,1
15,0,26,4,N,nb14,665,0.846,-1.753,1,1
15,0,26,4,N,nb15,665,1.763,0.636,2,1
15,0,26,4,N,nb16,665,1.419,1.417,2,1
15,0,26,4,N,nb17,665,-0.643,1.291,1,1
15,0,26,4,N,nb18,665,1.381,0.188,0,0
15,0,26,4,N,nb19,665,0.619,0.819,2,1
15,0,26,4,N,nb20,665,-1.857,-1.63,0,0
15,0,26,4,N,nb21,665,0.502,0.68,2,1
15,0,26,4,N,nb22,665,-1.523,0.063,2,1
15,0,26,4,N,nb23,665,1.162,-1.866,1,1
15,0,26,4,N,nb24,665,1.866,-0.91,0,0
15,0,26,4,N,nb25,665,-1.455,0.284,2,1
15,0,26,4,N,nb26,665,-1.294,1.701,1,1
15,0,26,4,N,nb27,665,1.259,-0.396,0,0
15,0,26,4,N,nb28,665,-1.341,1.865,1,1
15,0,26,4,N,nb29,665,1.54,0.629,1,1
15,0,26,4,A,aa0,665,1.474,-0.302,0,0
15,0,26,4,A,aa1,665,0.57,0.485,0,0
15,0,26,4,A,aa2,665,0.476,0.907,1,0
15,0,26,4,A,aa3,665,-0.277,-1.844,0,0
15,0,26,4,N,nb0,670,0.978,0.315,0,0
15,0,26,4,N,nb1,670,0.46,0.308,0,0
15,0,26,4,N,nb2,670,0.683,-0.035,0,0
15,0,26,4,N,nb3,670,-1.279,0.112,2,1
15,0,26,4,N,nb4,670,0.977,-1.86,2,1
15,0,26,4,N,nb5,670,1.591,1.572,2,1
15,0,26,4,N,nb6,670,1.738,1.47,2,1
15,0,26,4,N,nb7,670,-0.727,1.45,1,1
15,0,26,4,N,nb8,670,-0.467,-0.085,1,1
15,0,26,4,N,nb9,670,1.351,1.185,1,0
15,0,26,4,N,nb10,670,-0.303,-0.044,1,1
15,0,26,4,N,nb11,670,1.81,0.397,1,1
15,0,26,4,N,nb12,670,0.671,0.664,2,0
15,0,26,4,N,nb13,670,1.858,1.589,1,1
15,0,26,4,N,nb14,670,0.846,-1.753,1,1
15,0,26,4,N,nb15,670,1.763,0.636,2,1
15,0,26,4,N,nb16,670,1.419,1.417,2,1
15,0,26,4,N,nb17,670,-0.643,1.291,1,1
15,0,26,4,N,nb18,670,1.462,0.246,0,0
15,0,26,4,N,nb19,670,0.622,0.826,2,1
15,0,26,4,N,nb20,670,-1.839,-1.721,0,0
15,0,26,4,N,nb21,670,0.502,0.698,2,0
15,0,26,4,N,nb22,670,-1.523,0.063,2,1
15,0,26,4,N,nb23,670,1.162,-1.866,1,1
15,0,26,4,N,nb24,670,1.865,-0.818,0,0
15,0,26,4,N,nb25,670,-1.455,0.284,2,1
15,0,26,4,N,nb26,670,-1.294,1.701,1,1
15,0,26,4,N,nb27,670,1.315,-0.331,0,0
15,0,26,4,N,nb28,670,-1.341,1.865,1,1
15,0,26,4,N,nb29,670,1.54,0.629,1,1
15,0,26,4,A,aa0,670,1.47,-0.208,0,0
15,0,26,4,A,aa1,670,0.57,0.528,0,0
15,0,26,4,A,aa2,670,0.474,0.905,1,0
15,0,26,4,A,aa3,670,-0.219,-1.865,0,0
15,0,26,4,N,nb0,675,1.076,0.296,0,0
15,0,26,4,N,nb1,675,0.366,0.332,0,0
15,0,26,4,N,nb2,675,0.672,0.065,0,0
15,0,26,4,N,nb3,675,-1.279,0.112,2,1
15,0,26,4,N,nb4,675,0.977,-1.86,2,1
15,0,26,4,N,nb5,675,1.591,1.572,2,1
15,0,26,4,N,nb6,675,1.738,1.47,2,1
15,0,26,4,N,nb7,675,-0.727,1.45,1,1
15,0,26,4,N,nb8,675,-0.467,-0.085,1,1
15,0,26,4,N,nb9,675,1.351,1.185,1,1
15,0,26,4,N,nb10,675,-0.303,-0.044,1,1
15,0,26,4,N,nb11,675,1.81,0.397,1,1
15,0,26,4,N,nb12,675,0.668,0.723,2,0
15,0,26,4,N,nb13,675,1.858,1.589,1,1
15,0,26,4,N,nb14,675,0.846,-1.753,1,1
15,0,26,4,N,nb15,675,1.763,0.636,2,1
15,0,26,4,N,nb16,675,1.419,1.417,2,1
15,0,26,4,N,nb17,675,-0.643,1.291,1,1
15,0,26,4,N,nb18,675,1.543,0.304,0,0
15,0,26,4,N,nb19,675,0.633,0.888,2,1
15,0,26,4,N,nb20,675,-1.813,-1.81,0,0
15,0,26,4,N,nb21,675,0.495,0.788,2,0
15,0,26,4,N,nb22,675,-1.523,0.063,2,1
15,0,26,4,N,nb23,675,1.162,-1.866,1,1
15,0,26,4,N,nb24,675,1.855,-0.726,0,0
15,0,26,4,N,nb25,675,-1.455,0.284,2,1
15,0,26,4,N,nb26,675,-1.294,1.701,1,1
15,0,26,4,N,nb27,675,1.357,-0.256,0,0
15,0,26,4,N,nb28,675,-1.341,1.865,1,1
15,0,26,4,N,nb29,675,1.54,0.629,1,1
15,0,26,4,A,aa0,675,1.473,-0.112,0,0
15,0,26,4,A,aa1,675,0.562,0.591,0,0
15,0,26,4,A,aa2,675,0.48,0.957,1,0
15,0,26,4,A,aa3,675,-0.152,-1.865,0,0
15,0,26,4,N,nb0,680,1.174,0.277,0,0
15,0,26,4,N,nb1,680,0.269,0.356,0,0
15,0,26,4,N,nb2,680,0.66,0.164,0,0
15,0,26,4,N,nb3,680,-1.279,0.112,2,1
15,0,26,4,N,nb4,680,0.977,-1.86,2,1
15,0,26,4,N,nb5,680,1.591,1.572,2,1
15,0,26,4,N,nb6,680,1.738,1.47,2,1
15,0,26,4,N,nb7,680,-0.727,1.45,1,1
15,0,26,4,N,nb8,680,-0.467,-0.085,1,1
15,0,26,4,N,nb9,680,1.351,1.185,1,1
15,0,26,4,N,nb10,680,-0.303,-0.044,1,1
15,0,26,4,N,nb11,680,1.81,0.397,2,1
15,0,26,4,N,nb12,680,0.651,0.794,2,1
15,0,26,4,N,nb13,680,1.858,1.589,1,1
15,0,26,4,N,nb14,680,0.846,-1.753,1,1
15,0,26,4,N,nb15,680,1.763,0.636,2,0
15,0,26,4,N,nb16,680,1.419,1.417,2,1
15,0,26,4,N,nb17,680,-0.643,1.291,1,1
15,0,26,4,N,nb18,680,1.576,0.327,1,1
15,0,26,4,N,nb19,680,0.626,0.962,2,1
15,0,26,4,N,nb20,680,-1.78,-1.866,0,0
15,0,26,4,N,nb21,680,0.48,0.861,2,1
15,0,26,4,N,nb22,680,-1.523,0.063,2,1
15,0,26,4,N,nb23,680,1.162,-1.866,1,1
15,0,26,4,N,nb24,680,1.836,-0.635,0,0
15,0,26,4,N,nb25,680,-1.455,0.284,2,1
15,0,26,4,N,nb26,680,-1.294,1.701,1,1
15,0,26,4,N,nb27,680,1.382,-0.174,0,0
15,0,26,4,N,nb28,680,-1.341,1.865,1,1
15,0,26,4,N,nb29,680,1.54,0.629,1,0
15,0,26,4,A,aa0,680,1.48,-0.015,2,0
15,0,26,4,A,aa1,680,0.539,0.667,0,0
15,0,26,4,A,aa2,680,0.476,1.036,1,0
15,0,26,4,A,aa3,680,-0.076,-1.865,0,0
15,0,26,4,N,nb0,685,1.272,0.258,0,0
15,0,26,4,N,nb1,685,0.172,0.379,0,0
15,0,26,4,N,nb2,685,0.649,0.263,0,0
15,0,26,4,N,nb3,685,-1.279,0.112,2,1
15,0,26,4,N,nb4,685,0.977,-1.86,2,1
15,0,26,4,N,nb5,685,1.591,1.572,2,1
15,0,26,4,N,nb6,685,1.738,1.47,2,1
15,0,26,4,N,nb7,685,-0.727,1.45,1,1
15,0,26,4,N,nb8,685,-0.467,-0.085,1,1
15,0,26,4,N,nb9,685,1.351,1.185,1,1
15,0,26,4,N,nb10,685,-0.303,-0.044,1,1
15,0,26,4,N,nb11,685,1.81,0.397,2,1
15,0,26,4,N,nb12,685,0.651,0.794,2,0
15,0,26,4,N,nb13,685,1.858,1.589,1,1
15,0,26,4,N,nb14,685,0.846,-1.753,1,1
15,0,26,4,N,nb15,685,1.763,0.636,2,1
15,0,26,4,N,nb16,685,1.419,1.417,2,1
15,0,26,4,N,nb17,685,-0.643,1.291,1,1
15,0,26,4,N,nb18,685,1.576,0.327,1,1
15,0,26,4,N,nb19,685,0.626,0.962,2,0
15,0,26,4,N,nb20,685,-1.737,-1.866,0,0
15,0,26,4,N,nb21,685,0.478,0.864,2,0
15,0,26,4,N,nb22,685,-1.523,0.063,2,1
15,0,26,4,N,nb23,685,1.162,-1.866,1,1
15,0,26,4,N,nb24,685,1.808,-0.546,0,0
15,0,26,4,N,nb25,685,-1.455,0.284,2,1
15,0,26,4,N,nb26,685,-1.294,1.701,1,1
15,0,26,4,N,nb27,685,1.391,-0.088,0,0
15,0,26,4,N,nb28,685,-1.341,1.865,1,1
15,0,26,4,N,nb29,685,1.54,0.629,1,1
15,0,26,4,A,aa0,685,1.491,0.083,2,0
15,0,26,4,A,aa1,685,0.511,0.698,3,1
15,0,26,4,A,aa2,685,0.499,1.071,2,0
15,0,26,4,A,aa3,685,0.007,-1.865,0,0
15,0,26,4,N,nb0,690,1.346,0.246,1,1
15,0,26,4,N,nb1,690,0.074,0.403,0,0
15,0,26,4,N,nb2,690,0.638,0.363,0,0
15,0,26,4,N,nb3,690,-1.279,0.112,2,1
15,0,26,4,N,nb4,690,0.977,-1.86,2,1
15,0,26,4,N,nb5,690,1.591,1.572,2,1
15,0,26,4,N,nb6,690,1.738,1.47,2,1
15,0,26,4,N,nb7,690,-0.727,1.45,1,1
15,0,26,4,N,nb8,690,-0.467,-0.085,1,1
15,0,26,4,N,nb9,690,1.351,1.185,1,1
15,0,26,4,N,nb10,690,-0.303,-0.044,1,1
15,0,26,4,N,nb11,690,1.81,0.397,2,1
15,0,26,4,N,nb12,690,0.649,0.775,1,0
15,0,26,4,N,nb13,690,1.858,1.589,1,1
15,0,26,4,N,nb14,690,0.846,-1.753,1,1
15,0,26,4,N,nb15,690,1.763,0.636,2,1
15,0,26,4,N,nb16,690,1.419,1.417,2,1
15,0,26,4,N,nb17,690,-0.643,1.291,1,1
15,0,26,4,N,nb18,690,1.576,0.328,2,1
15,0,26,4,N,nb19,690,0.626,0.943,2,0
15,0,26,4,N,nb20,690,-1.681,-1.866,0,0
15,0,26,4,N,nb21,690,0.45,0.952,1,0
15,0,26,4,N,nb22,690,-1.523,0.063,2,1
15,0,26,4,N,nb23,690,1.162,-1.866,1,1
15,0,26,4,N,nb24,690,1.772,-0.459,0,0
15,0,26,4,N,nb25,690,-1.455,0.284,2,1
15,0,26,4,N,nb26,690,-1.294,1.701,1,1
15,0,26,4,N,nb27,690,1.384,-0.001,0,0
15,0,26,4,N,nb28,690,-1.341,1.865,1,1
15,0,26,4,N,nb29,690,1.54,0.629,1,1
15,0,26,4,A,aa0,690,1.505,0.174,1,0
15,0,26,4,A,aa1,690,0.465,0.771,0,0
15,0,26,4,A,aa2,690,0.579,1.112,0,0
15,0,26,4,A,aa3,690,0.095,-1.865,0,0
15,0,26,4,N,nb0,695,1.346,0.246,1,0
15,0,26,4,N,nb1,695,-0.023,0.427,0,0
15,0,26,4,N,nb2,695,0.627,0.462,0,0
15,0,26,4,N,nb3,695,-1.279,0.112,2,1
15,0,26,4,N,nb4,695,0.977,-1.86,2,1
15,0,26,4,N,nb5,695,1.591,1.572,2,1
15,0,26,4,N,nb6,695,1.738,1.47,2,1
15,0,26,4,N,nb7,695,-0.727,1.45,1,1
15,0,26,4,N,nb8,695,-0.467,-0.085,1,1
15,0,26,4,N,nb9,695,1.351,1.185,1,1
15,0,26,4,N,nb10,695,-0.303,-0.044,1,1
15,0,26,4,N,nb11,695,1.81,0.397,2,1
15,0,26,4,N,nb12,695,0.648,0.762,1,1
15,0,26,4,N,nb13,695,1.858,1.589,1,1
15,0,26,4,N,nb14,695,0.846,-1.753,1,1
15,0,26,4,N,nb15,695,1.763,0.636,2,1
15,0,26,4,N,nb16,695,1.419,1.417,2,1
15,0,26,4,N,nb17,695,-0.643,1.291,1,1
15,0,26,4,N,nb18,695,1.588,0.348,1,0
15,0,26,4,N,nb19,695,0.628,0.93,2,1
15,0,26,4,N,nb20,695,-1.613,-1.866,0,0
15,0,26,4,N,nb21,695,0.415,1.043,1,1
15,0,26,4,N,nb22,695,-1.523,0.063,2,1
15,0,26,4,N,nb23,695,1.162,-1.866,1,1
15,0,26,4,N,nb24,695,1.729,-0.37,0,0
15,0,26,4,N,nb25,695,-1.455,0.284,2,1
15,0,26,4,N,nb26,695,-1.294,1.701,1,1
15,0,26,4,N,nb27,695,1.38,0.019,1,0
15,0,26,4,N,nb28,695,-1.341,1.865,1,1
15,0,26,4,N,nb29,695,1.54,0.629,1,1
15,0,26,4,A,aa0,695,1.509,0.198,3,1
15,0,26,4,A,aa1,695,0.406,0.84,0,0
15,0,26,4,A,aa2,695,0.661,1.161,0,0
15,0,26,4,A,aa3,695,0.185,-1.865,0,0
15,0,26,4,N,nb0,700,1.395,0.271,1,0
15,0,26,4,N,nb1,700,-0.12,0.45,0,0
15,0,26,4,N,nb2,700,0.62,0.521,1,0
15,0,26,4,N,nb3,700,-1.279,0.112,2,1
15,0,26,4,N,nb4,700,0.977,-1.86,2,1
15,0,26,4,N,nb5,700,1.591,1.572,2,1
15,0,26,4,N,nb6,700,1.738,1.47,2,1
15,0,26,4,N,nb7,700,-0.727,1.45,1,1
15,0,26,4,N,nb8,700,-0.467,-0.085,1,1
15,0,26,4,N,nb9,700,1.351,1.185,1,1
15,0,26,4,N,nb10,700,-0.303,-0.044,1,1
15,0,26,4,N,nb11,700,1.824,0.404,2,1
15,0,26,4,N,nb12,700,0.649,0.762,2,0
15,0,26,4,N,nb13,700,1.858,1.589,1,1
15,0,26,4,N,nb14,700,0.846,-1.753,1,1
15,0,26,4,N,nb15,700,1.763,0.636,2,1
15,0,26,4,N,nb16,700,1.419,1.417,2,1
15,0,26,4,N,nb17,700,-0.643,1.291,1,1
15,0,26,4,N,nb18,700,1.655,0.404,1,0
15,0,26,4,N,nb19,700,0.629,0.93,1,0
15,0,26,4,N,nb20,700,-1.537,-1.866,0,0
15,0,26,4,N,nb21,700,0.407,1.063,0,0
15,0,26,4,N,nb22,700,-1.523,0.063,2,1
15,0,26,4,N,nb23,700,1.162,-1.866,1,1
15,0,26,4,N,nb24,700,1.684,-0.28,0,0
15,0,26,4,N,nb25,700,-1.455,0.284,2,1
15,0,26,4,N,nb26,700,-1.294,1.701,1,1
15,0,26,4,N,nb27,700,1.355,0.099,1,0
15,0,26,4,N,nb28,700,-1.341,1.865,1,1
15,0,26,4,N,nb29,700,1.54,0.629,1,1
15,0,26,4,A,aa0,700,1.565,0.26,1,0
15,0,26,4,A,aa1,700,0.339,0.9,1,0
15,0,26,4,A,aa2,700,0.742,1.216,0,0
15,0,26,4,A,aa3,700,0.277,-1.862,1,0
15,0,26,4,N,nb0,705,1.455,0.299,1,1
15,0,26,4,N,nb1,705,-0.217,0.474,0,0
15,0,26,4,N,nb2,705,0.601,0.603,1,0
15,0,26,4,N,nb3,705,-1.279,0.112,2,1
15,0,26,4,N,nb4,705,0.977,-1.86,2,1
15,0,26,4,N,nb5,705,1.591,1.572,2,1
15,0,26,4,N,nb6,705,1.738,1.47,2,1
15,0,26,4,N,nb7,705,-0.727,1.45,1,1
15,0,26,4,N,nb8,705,-0.467,-0.085,1,1
15,0,26,4,N,nb9,705,1.351,1.185,1,1
15,0,26,4,N,nb10,705,-0.303,-0.044,1,1
15,0,26,4,N,nb11,705,1.866,0.424,2,1
15,0,26,4,N,nb12,705,0.67,0.763,2,0
15,0,26,4,N,nb13,705,1.858,1.589,1,1
15,0,26,4,N,nb14,705,0.846,-1.753,1,1
15,0,26,4,N,nb15,705,1.763,0.636,3,1
15,0,26,4,N,nb16,705,1.419,1.417,2,1
15,0,26,4,N,nb17,705,-0.643,1.291,1,1
15,0,26,4,N,nb18,705,1.703,0.468,3,1
15,0,26,4,N,nb19,705,0.648,0.931,1,0
15,0,26,4,N,nb20,705,-1.454,-1.866,0,0
15,0,26,4,N,nb21,705,0.375,1.154,0,0
15,0,26,4,N,nb22,705,-1.523,0.063,2,0
15,0,26,4,N,nb23,705,1.162,-1.866,1,1
15,0,26,4,N,nb24,705,1.64,-0.191,0,0
15,0,26,4,N,nb25,705,-1.455,0.284,2,1
15,0,26,4,N,nb26,705,-1.294,1.701,1,1
15,0,26,4,N,nb27,705,1.314,0.178,1,1
15,0,26,4,N,nb28,705,-1.341,1.865,1,1
15,0,26,4,N,nb29,705,1.54,0.629,2,1
15,0,26,4,A,aa0,705,1.622,0.319,2,0
15,0,26,4,A,aa1,705,0.264,0.951,0,0
15,0,26,4,A,aa2,705,0.824,1.273,1,0
15,0,26,4,A,aa3,705,0.317,-1.858,0,0
15,0,26,4,N,nb0,710,1.466,0.304,1,0
15,0,26,4,N,nb1,710,-0.314,0.498,0,0
15,0,26,4,N,nb2,710,0.565,0.685,1,1
15,0,26,4,N,nb3,710,-1.279,0.112,2,1
15,0,26,4,N,nb4,710,0.977,-1.86,2,1
15,0,26,4,N,nb5,710,1.591,1.572,2,1
15,0,26,4,N,nb6,710,1.738,1.47,2,1
15,0,26,4,N,nb7,710,-0.727,1.45,1,1
15,0,26,4,N,nb8,710,-0.467,-0.085,1,1
15,0,26,4,N,nb9,710,1.351,1.185,1,1
15,0,26,4,N,nb10,710,-0.303,-0.044,1,1
15,0,26,4,N,nb11,710,1.866,0.438,2,0
15,0,26,4,N,nb12,710,0.699,0.8,2,1
15,0,26,4,N,nb13,710,1.858,1.589,1,1
15,0,26,4,N,nb14,710,0.846,-1.753,1,1
15,0,26,4,N,nb15,710,1.762,0.642,3,1
15,0,26,4,N,nb16,710,1.419,1.417,2,1
15,0,26,4,N,nb17,710,-0.643,1.291,1,1
15,0,26,4,N,nb18,710,1.703,0.483,3,0
15,0,26,4,N,nb19,710,0.668,0.967,1,1
15,0,26,4,N,nb20,710,-1.367,-1.866,0,0
15,0,26,4,N,nb21,710,0.347,1.247,0,0
15,0,26,4,N,nb22,710,-1.523,0.063,2,1
15,0,26,4,N,nb23,710,1.162,-1.866,1,1
15,0,26,4,N,nb24,710,1.596,-0.101,0,0
15,0,26,4,N,nb25,710,-1.455,0.284,2,1
15,0,26,4,N,nb26,710,-1.294,1.701,1,1
15,0,26,4,N,nb27,710,1.312,0.18,1,1
15,0,26,4,N,nb28,710,-1.341,1.865,1,1
15,0,26,4,N,nb29,710,1.555,0.626,2,0
15,0,26,4,A,aa0,710,1.634,0.328,0,0
15,0,26,4,A,aa1,710,0.18,0.996,0,0
15,0,26,4,A,aa2,710,0.906,1.33,2,0
15,0,26,4,A,aa3,710,0.372,-1.809,1,0
15,0,26,4,N,nb0,715,1.54,0.334,0,0
15,0,26,4,N,nb1,715,-0.411,0.521,0,0
15,0,26,4,N,nb2,715,0.557,0.7,1,0
15,0,26,4,N,nb3,715,-1.279,0.112,2,1
15,0,26,4,N,nb4,715,0.977,-1.86,2,1
15,0,26,4,N,nb5,715,1.591,1.572,2,1
15,0,26,4,N,nb6,715,1.738,1.47,2,1
15,0,26,4,N,nb7,715,-0.727,1.45,1,1
15,0,26,4,N,nb8,715,-0.467,-0.085,1,1
15,0,26,4,N,nb9,715,1.385,1.187,0,0
15,0,26,4,N,nb10,715,-0.303,-0.044,1,1
15,0,26,4,N,nb11,715,1.866,0.515,2,0
15,0,26,4,N,nb12,715,0.699,0.8,2,1
15,0,26,4,N,nb13,715,1.858,1.589,1,1
15,0,26,4,N,nb14,715,0.846,-1.753,1,1
15,0,26,4,N,nb15,715,1.757,0.696,3,1
15,0,26,4,N,nb16,715,1.436,1.445,1,0
15,0,26,4,N,nb17,715,-0.643,1.291,1,1
15,0,26,4,N,nb18,715,1.699,0.537,3,0
15,0,26,4,N,nb19,715,0.667,0.966,1,0
15,0,26,4,N,nb20,715,-1.276,-1.866,0,0
15,0,26,4,N,nb21,715,0.32,1.343,0,0
15,0,26,4,N,nb22,715,-1.523,0.063,2,1
15,0,26,4,N,nb23,715,1.162,-1.866,1,1
15,0,26,4,N,nb24,715,1.551,-0.012,0,0
15,0,26,4,N,nb25,715,-1.455,0.284,2,1
15,0,26,4,N,nb26,715,-1.294,1.701,1,1
15,0,26,4,N,nb27,715,1.312,0.18,0,1
15,0,26,4,N,nb28,715,-1.341,1.865,1,1
15,0,26,4,N,nb29,715,1.565,0.64,2,0
15,0,26,4,A,aa0,715,1.707,0.367,0,0
15,0,26,4,A,aa1,715,0.09,1.04,0,0
15,0,26,4,A,aa2,715,0.988,1.387,0,0
15,0,26,4,A,aa3,715,0.441,-1.741,1,0
15,0,26,4,N,nb0,720,1.601,0.371,1,1
15,0,26,4,N,nb1,720,-0.509,0.545,0,0
15,0,26,4,N,nb2,720,0.507,0.779,1,0
15,0,26,4,N,nb3,720,-1.279,0.112,2,1
15,0,26,4,N,nb4,720,0.977,-1.86,2,1
15,0,26,4,N,nb5,720,1.603,1.593,2,1
15,0,26,4,N,nb6,720,1.738,1.47,2,1
15,0,26,4,N,nb7,720,-0.727,1.45,1,1
15,0,26,4,N,nb8,720,-0.467,-0.085,1,0
15,0,26,4,N,nb9,720,1.483,1.187,0,0
15,0,26,4,N,nb10,720,-0.303,-0.044,1,0
15,0,26,4,N,nb11,720,1.866,0.563,2,1
15,0,26,4,N,nb12,720,0.699,0.8,2,1
15,0,26,4,N,nb13,720,1.858,1.589,1,1
15,0,26,4,N,nb14,720,0.846,-1.753,1,1
15,0,26,4,N,nb15,720,1.752,0.735,3,1
15,0,26,4,N,nb16,720,1.46,1.503,1,0
15,0,26,4,N,nb17,720,-0.643,1.291,1,1
15,0,26,4,N,nb18,720,1.698,0.575,4,1
15,0,26,4,N,nb19,720,0.677,0.968,1,0
15,0,26,4,N,nb20,720,-1.184,-1.864,0,0
15,0,26,4,N,nb21,720,0.292,1.44,0,0
15,0,26,4,N,nb22,720,-1.523,0.063,2,1
15,0,26,4,N,nb23,720,1.162,-1.866,1,1
15,0,26,4,N,nb24,720,1.516,0.06,1,1
15,0,26,4,N,nb25,720,-1.455,0.284,2,1
15,0,26,4,N,nb26,720,-1.294,1.701,1,1
15,0,26,4,N,nb27,720,1.312,0.18,1,1
15,0,26,4,N,nb28,720,-1.341,1.865,1,1
15,0,26,4,N,nb29,720,1.55,0.658,2,1
15,0,26,4,A,aa0,720,1.781,0.417,0,0
15,0,26,4,A,aa1,720,0.001,1.084,0,0
15,0,26,4,A,aa2,720,1.07,1.444,0,0
15,0,26,4,A,aa3,720,0.51,-1.669,1,0
15,0,26,4,N,nb0,725,1.626,0.391,1,0
15,0,26,4,N,nb1,725,-0.606,0.569,0,0
15,0,26,4,N,nb2,725,0.459,0.841,1,1
15,0,26,4,N,nb3,725,-1.279,0.112,2,1
15,0,26,4,N,nb4,725,0.977,-1.86,2,1
15,0,26,4,N,nb5,725,1.615,1.611,3,1
15,0,26,4,N,nb6,725,1.738,1.47,2,1
15,0,26,4,N,nb7,725,-0.727,1.45,1,1
15,0,26,4,N,nb8,725,-0.467,-0.085,1,1
15,0,26,4,N,nb9,725,1.583,1.186,0,0
15,0,26,4,N,nb10,725,-0.303,-0.044,1,1
15,0,26,4,N,nb11,725,1.866,0.586,2,0
15,0,26,4,N,nb12,725,0.699,0.8,2,1
15,0,26,4,N,nb13,725,1.858,1.589,2,1
15,0,26,4,N,nb14,725,0.846,-1.753,1,1
15,0,26,4,N,nb15,725,1.751,0.743,3,1
15,0,26,4,N,nb16,725,1.463,1.538,1,1
15,0,26,4,N,nb17,725,-0.643,1.291,1,1
15,0,26,4,N,nb18,725,1.697,0.582,4,0
15,0,26,4,N,nb19,725,0.697,0.969,1,1
15,0,26,4,N,nb20,725,-1.092,-1.851,0,0
15,0,26,4,N,nb21,725,0.265,1.536,0,0
15,0,26,4,N,nb22,725,-1.523,0.063,2,1
15,0,26,4,N,nb23,725,1.162,-1.866,1,1
15,0,26,4,N,nb24,725,1.503,0.09,1,0
15,0,26,4,N,nb25,725,-1.455,0.284,2,1
15,0,26,4,N,nb26,725,-1.294,1.701,1,1
15,0,26,4,N,nb27,725,1.312,0.18,1,1
15,0,26,4,N,nb28,725,-1.341,1.865,1,1
15,0,26,4,N,nb29,725,1.547,0.66,2,1
15,0,26,4,A,aa0,725,1.812,0.426,0,0
15,0,26,4,A,aa1,725,-0.089,1.128,1,0
15,0,26,4,A,aa2,725,1.152,1.501,1,0
15,0,26,4,A,aa3,725,0.579,-1.597,1,0
15,0,26,4,N,nb0,730,1.683,0.445,1,0
15,0,26,4,N,nb1,730,-0.703,0.592,0,0
15,0,26,4,N,nb2,730,0.459,0.841,1,1
15,0,26,4,N,nb3,730,-1.279,0.112,2,1
15,0,26,4,N,nb4,730,0.977,-1.86,2,1
15,0,26,4,N,nb5,730,1.615,1.611,3,1
15,0,26,4,N,nb6,730,1.738,1.47,2,1
15,0,26,4,N,nb7,730,-0.727,1.45,1,1
15,0,26,4,N,nb8,730,-0.467,-0.085,1,1
15,0,26,4,N,nb9,730,1.683,1.185,0,0
15,0,26,4,N,nb10,730,-0.303,-0.044,1,1
15,0,26,4,N,nb11,730,1.866,0.654,2,0
15,0,26,4,N,nb12,730,0.699,0.8,2,1
15,0,26,4,N,nb13,730,1.858,1.589,2,1
15,0,26,4,N,nb14,730,0.846,-1.753,1,1
15,0,26,4,N,nb15,730,1.746,0.777,3,1
15,0,26,4,N,nb16,730,1.463,1.538,1,1
15,0,26,4,N,nb17,730,-0.643,1.291,1,1
15,0,26,4,N,nb18,730,1.702,0.613,4,0
15,0,26,4,N,nb19,730,0.697,0.969,1,1
15,0,26,4,N,nb20,730,-1.001,-1.829,0,0
15,0,26,4,N,nb21,730,0.238,1.632,0,0
15,0,26,4,N,nb22,730,-1.523,0.063,2,1
15,0,26,4,N,nb23,730,1.162,-1.866,1,1
15,0,26,4,N,nb24,730,1.479,0.174,1,0
15,0,26,4,N,nb25,730,-1.455,0.284,2,1
15,0,26,4,N,nb26,730,-1.294,1.701,1,1
15,0,26,4,N,nb27,730,1.31,0.182,1,1
15,0,26,4,N,nb28,730,-1.341,1.865,1,1
15,0,26,4,N,nb29,730,1.541,0.665,2,1
15,0,26,4,A,aa0,730,1.866,0.455,0,0
15,0,26,4,A,aa1,730,-0.179,1.172,1,0
15,0,26,4,A,aa2,730,1.23,1.556,1,0
15,0,26,4,A,aa3,730,0.596,-1.58,1,0
15,0,26,4,N,nb0,735,1.696,0.471,1,1
15,0,26,4,N,nb1,735,-0.8,0.616,0,0
15,0,26,4,N,nb2,735,0.459,0.841,1,1
15,0,26,4,N,nb3,735,-1.279,0.112,2,1
15,0,26,4,N,nb4,735,0.977,-1.86,2,1
15,0,26,4,N,nb5,735,1.615,1.611,3,0
15,0,26,4,N,nb6,735,1.738,1.47,2,0
15,0,26,4,N,nb7,735,-0.727,1.45,1,1
15,0,26,4,N,nb8,735,-0.467,-0.085,1,1
15,0,26,4,N,nb9,735,1.783,1.185,0,0
15,0,26,4,N,nb10,735,-0.303,-0.044,1,1
15,0,26,4,N,nb11,735,1.865,0.693,2,1
15,0,26,4,N,nb12,735,0.699,0.8,2,1
15,0,26,4,N,nb13,735,1.858,1.589,2,0
15,0,26,4,N,nb14,735,0.846,-1.753,1,1
15,0,26,4,N,nb15,735,1.739,0.807,3,1
15,0,26,4,N,nb16,735,1.463,1.538,1,1
15,0,26,4,N,nb17,735,-0.643,1.291,1,1
15,0,26,4,N,nb18,735,1.704,0.641,4,1
15,0,26,4,N,nb19,735,0.697,0.969,1,1
15,0,26,4,N,nb20,735,-0.912,-1.799,0,0
15,0,26,4,N,nb21,735,0.211,1.728,0,0
15,0,26,4,N,nb22,735,-1.523,0.063,2,1
15,0,26,4,N,nb23,735,1.162,-1.866,1,1
15,0,26,4,N,nb24,735,1.471,0.23,1,1
15,0,26,4,N,nb25,735,-1.455,0.284,2,1
15,0,26,4,N,nb26,735,-1.294,1.701,1,1
15,0,26,4,N,nb27,735,1.307,0.183,1,0
15,0,26,4,N,nb28,735,-1.341,1.865,1,1
15,0,26,4,N,nb29,735,1.537,0.669,2,1
15,0,26,4,A,aa0,735,1.866,0.467,4,1
15,0,26,4,A,aa1,735,-0.269,1.216,2,0
15,0,26,4,A,aa2,735,1.296,1.616,1,0
15,0,26,4,A,aa3,735,0.59,-1.565,1,0
15,0,26,4,N,nb0,740,1.698,0.495,2,0
15,0,26,4,N,nb1,740,-0.897,0.639,0,0
15,0,26,4,N,nb2,740,0.459,0.841,1,1
15,0,26,4,N,nb3,740,-1.279,0.112,2,1
15,0,26,4,N,nb4,740,0.977,-1.86,2,1
15,0,26,4,N,nb5,740,1.615,1.611,3,1
15,0,26,4,N,nb6,740,1.738,1.47,2,1
15,0,26,4,N,nb7,740,-0.727,1.45,1,1
15,0,26,4,N,nb8,740,-0.467,-0.085,1,1
15,0,26,4,N,nb9,740,1.866,1.177,0,0
15,0,26,4,N,nb10,740,-0.303,-0.044,1,1
15,0,26,4,N,nb11,740,1.865,0.727,2,0
15,0,26,4,N,nb12,740,0.699,0.8,2,1
15,0,26,4,N,nb13,740,1.858,1.589,2,1
15,0,26,4,N,nb14,740,0.846,-1.753,1,1
15,0,26,4,N,nb15,740,1.734,0.835,2,1
15,0,26,4,N,nb16,740,1.463,1.538,1,1
15,0,26,4,N,nb17,740,-0.643,1.291,1,1
15,0,26,4,N,nb18,740,1.706,0.667,4,0
15,0,26,4,N,nb19,740,0.697,0.969,1,1
15,0,26,4,N,nb20,740,-0.826,-1.761,0,0
15,0,26,4,N,nb21,740,0.184,1.816,0,0
15,0,26,4,N,nb22,740,-1.523,0.063,2,1
15,0,26,4,N,nb23,740,1.162,-1.866,1,1
15,0,26,4,N,nb24,740,1.465,0.283,1,0
15,0,26,4,N,nb25,740,-1.455,0.284,2,1
15,0,26,4,N,nb26,740,-1.294,1.701,1,1
15,0,26,4,N,nb27,740,1.307,0.183,1,1
15,0,26,4,N,nb28,740,-1.341,1.865,1,1
15,0,26,4,N,nb29,740,1.537,0.669,2,1
15,0,26,4,A,aa0,740,1.866,0.472,0,0
15,0,26,4,A,aa1,740,-0.358,1.26,2,0
15,0,26,4,A,aa2,740,1.355,1.686,2,0
15,0,26,4,A,aa3,740,0.553,-1.472,1,0
15,0,26,4,N,nb0,745,1.704,0.528,2,0
15,0,26,4,N,nb1,745,-0.994,0.663,0,0
15,0,26,4,N,nb2,745,0.459,0.841,1,1
15,0,26,4,N,nb3,745,-1.279,0.112,2,1
15,0,26,4,N,nb4,745,0.977,-1.86,2,1
15,0,26,4,N,nb5,745,1.615,1.611,3,1
15,0,26,4,N,nb6,745,1.738,1.47,2,1
15,0,26,4,N,nb7,745,-0.727,1.45,1,1
15,0,26,4,N,nb8,745,-0.467,-0.085,1,1
15,0,26,4,N,nb9,745,1.866,1.158,0,0
15,0,26,4,N,nb10,745,-0.303,-0.044,1,1
15,0,26,4,N,nb11,745,1.847,0.806,2,0
15,0,26,4,N,nb12,745,0.699,0.8,2,1
15,0,26,4,N,nb13,745,1.858,1.589,2,1
15,0,26,4,N,nb14,745,0.846,-1.753,1,1
15,0,26,4,N,nb15,745,1.707,0.902,2,1
15,0,26,4,N,nb16,745,1.463,1.538,1,1
15,0,26,4,N,nb17,745,-0.643,1.291,1,1
15,0,26,4,N,nb18,745,1.695,0.732,4,0
15,0,26,4,N,nb19,745,0.697,0.969,1,1
15,0,26,4,N,nb20,745,-0.737,-1.716,0,0
15,0,26,4,N,nb21,745,0.147,1.866,0,0
15,0,26,4,N,nb22,745,-1.523,0.063,2,1
15,0,26,4,N,nb23,745,1.162,-1.866,1,1
15,0,26,4,N,nb24,745,1.461,0.378,1,0
15,0,26,4,N,nb25,745,-1.455,0.284,2,1
15,0,26,4,N,nb26,745,-1.294,1.701,1,1
15,0,26,4,N,nb27,745,1.307,0.183,1,1
15,0,26,4,N,nb28,745,-1.341,1.865,1,1
15,0,26,4,N,nb29,745,1.537,0.669,2,1
15,0,26,4,A,aa0,745,1.866,0.477,0,0
15,0,26,4,A,aa1,745,-0.437,1.303,2,0
15,0,26,4,A,aa2,745,1.407,1.765,2,0
15,0,26,4,A,aa3,745,0.516,-1.379,1,0
15,0,26,4,N,nb0,750,1.708,0.539,2,0
15,0,26,4,N,nb1,750,-1.091,0.687,0,0
15,0,26,4,N,nb2,750,0.459,0.841,1,1
15,0,26,4,N,nb3,750,-1.279,0.112,2,1
15,0,26,4,N,nb4,750,0.977,-1.86,2,1
15,0,26,4,N,nb5,750,1.615,1.611,3,0
15,0,26,4,N,nb6,750,1.738,1.47,2,1
15,0,26,4,N,nb7,750,-0.727,1.45,1,1
15,0,26,4,N,nb8,750,-0.467,-0.085,1,1
15,0,26,4,N,nb9,750,1.866,1.123,0,0
15,0,26,4,N,nb10,750,-0.303,-0.044,1,1
15,0,26,4,N,nb11,750,1.835,0.841,2,0
15,0,26,4,N,nb12,750,0.699,0.8,2,1
15,0,26,4,N,nb13,750,1.858,1.589,2,0
15,0,26,4,N,nb14,750,0.846,-1.753,1,1
15,0,26,4,N,nb15,750,1.694,0.936,2,1
15,0,26,4,N,nb16,750,1.463,1.538,1,0
15,0,26,4,N,nb17,750,-0.654,1.293,1,1
15,0,26,4,N,nb18,750,1.684,0.766,4,0
15,0,26,4,N,nb19,750,0.697,0.969,1,1
15,0,26,4,N,nb20,750,-0.648,-1.671,0,0
15,0,26,4,N,nb21,750,0.099,1.866,0,0
15,0,26,4,N,nb22,750,-1.523,0.063,2,1
15,0,26,4,N,nb23,750,1.162,-1.866,1,1
15,0,26,4,N,nb24,750,1.461,0.436,1,1
15,0,26,4,N,nb25,750,-1.455,0.284,2,1
15,0,26,4,N,nb26,750,-1.294,1.701,1,1
15,0,26,4,N,nb27,750,1.307,0.183,0,1
15,0,26,4,N,nb28,750,-1.341,1.865,1,1
15,0,26,4,N,nb29,750,1.537,0.669,3,1
15,0,26,4,A,aa0,750,1.866,0.467,3,1
15,0,26,4,A,aa1,750,-0.497,1.356,2,0
15,0,26,4,A,aa2,750,1.452,1.841,3,1
15,0,26,4,A,aa3,750,0.479,-1.286,1,0
15,0,26,4,N,nb0,755,1.735,0.578,1,0
15,0,26,4,N,nb1,755,-1.189,0.71,0,0
15,0,26,4,N,nb2,755,0.459,0.841,1,1
15,0,26,4,N,nb3,755,-1.279,0.112,2,1
15,0,26,4,N,nb4,755,0.977,-1.86,2,1
15,0,26,4,N,nb5,755,1.617,1.581,3,0
15,0,26,4,N,nb6,755,1.74,1.464,2,1
15,0,26,4,N,nb7,755,-0.727,1.45,1,1
15,0,26,4,N,nb8,755,-0.467,-0.085,1,1
15,0,26,4,N,nb9,755,1.866,1.113,2,1
15,0,26,4,N,nb10,755,-0.303,-0.044,1,1
15,0,26,4,N,nb11,755,1.82,0.906,3,0
15,0,26,4,N,nb12,755,0.699,0.8,2,1
15,0,26,4,N,nb13,755,1.805,1.62,2,0
15,0,26,4,N,nb14,755,0.846,-1.753,1,1
15,0,26,4,N,nb15,755,1.669,0.991,3,1
15,0,26,4,N,nb16,755,1.448,1.6,1,0
15,0,26,4,N,nb17,755,-0.654,1.293,1,1
15,0,26,4,N,nb18,755,1.666,0.821,3,0
15,0,26,4,N,nb19,755,0.697,0.969,1,1
15,0,26,4,N,nb20,755,-0.558,-1.626,0,0
15,0,26,4,N,nb21,755,0.039,1.866,0,0
15,0,26,4,N,nb22,755,-1.523,0.063,2,1
15,0,26,4,N,nb23,755,1.162,-1.866,1,1
15,0,26,4,N,nb24,755,1.46,0.468,1,0
15,0,26,4,N,nb25,755,-1.455,0.284,2,1
15,0,26,4,N,nb26,755,-1.294,1.701,1,1
15,0,26,4,N,nb27,755,1.307,0.183,0,1
15,0,26,4,N,nb28,755,-1.341,1.865,1,1
15,0,26,4,N,nb29,755,1.537,0.669,3,1
15,0,26,4,A,aa0,755,1.866,0.47,0,0
15,0,26,4,A,aa1,755,-0.498,1.358,2,0
15,0,26,4,A,aa2,755,1.503,1.865,0,0
15,0,26,4,A,aa3,755,0.442,-1.193,0,0
15,0,26,4,N,nb0,760,1.797,0.638,0,0
15,0,26,4,N,nb1,760,-1.286,0.734,0,0
15,0,26,4,N,nb2,760,0.459,0.841,1,1
15,0,26,4,N,nb3,760,-1.279,0.112,2,1
15,0,26,4,N,nb4,760,0.977,-1.86,2,1
15,0,26,4,N,nb5,760,1.594,1.531,3,1
15,0,26,4,N,nb6,760,1.745,1.453,2,1
15,0,26,4,N,nb7,760,-0.727,1.45,1,1
15,0,26,4,N,nb8,760,-0.467,-0.085,1,1
15,0,26,4,N,nb9,760,1.866,1.13,2,1
15,0,26,4,N,nb10,760,-0.303,-0.044,1,1
15,0,26,4,N,nb11,760,1.805,0.971,3,0
15,0,26,4,N,nb12,760,0.699,0.8,2,1
15,0,26,4,N,nb13,760,1.719,1.646,2,1
15,0,26,4,N,nb14,760,0.846,-1.753,1,1
15,0,26,4,N,nb15,760,1.635,1.063,3,1
15,0,26,4,N,nb16,760,1.451,1.693,1,1
15,0,26,4,N,nb17,760,-0.655,1.292,1,1
15,0,26,4,N,nb18,760,1.63,0.894,3,0
15,0,26,4,N,nb19,760,0.697,0.969,1,1
15,0,26,4,N,nb20,760,-0.469,-1.581,0,0
15,0,26,4,N,nb21,760,-0.032,1.866,0,0
15,0,26,4,N,nb22,760,-1.523,0.063,2,1
15,0,26,4,N,nb23,760,1.162,-1.866,1,1
15,0,26,4,N,nb24,760,1.444,0.541,1,0
15,0,26,4,N,nb25,760,-1.455,0.284,2,1
15,0,26,4,N,nb26,760,-1.294,1.701,1,1
15,0,26,4,N,nb27,760,1.307,0.183,0,1
15,0,26,4,N,nb28,760,-1.341,1.865,1,1
15,0,26,4,N,nb29,760,1.538,0.682,2,1
15,0,26,4,A,aa0,760,1.866,0.481,1,0
15,0,26,4,A,aa1,760,-0.501,1.364,2,0
15,0,26,4,A,aa2,760,1.564,1.865,0,0
15,0,26,4,A,aa3,760,0.406,-1.1,0,0
15,0,26,4,N,nb0,765,1.862,0.703,0,0
15,0,26,4,N,nb1,765,-1.383,0.758,0,0
15,0,26,4,N,nb2,765,0.459,0.841,1,1
15,0,26,4,N,nb3,765,-1.279,0.112,2,1
15,0,26,4,N,nb4,765,0.977,-1.86,2,0
15,0,26,4,N,nb5,765,1.59,1.523,3,0
15,0,26,4,N,nb6,765,1.745,1.453,2,1
15,0,26,4,N,nb7,765,-0.727,1.45,1,1
15,0,26,4,N,nb8,765,-0.467,-0.085,1,1
15,0,26,4,N,nb9,765,1.866,1.134,2,1
15,0,26,4,N,nb10,765,-0.303,-0.044,1,1
15,0,26,4,N,nb11,765,1.801,0.976,3,1
15,0,26,4,N,nb12,765,0.699,0.8,2,1
15,0,26,4,N,nb13,765,1.702,1.653,2,0
15,0,26,4,N,nb14,765,0.846,-1.753,1,0
15,0,26,4,N,nb15,765,1.628,1.08,3,1
15,0,26,4,N,nb16,765,1.451,1.712,1,0
15,0,26,4,N,nb17,765,-0.656,1.291,1,1
15,0,26,4,N,nb18,765,1.62,0.91,3,1
15,0,26,4,N,nb19,765,0.697,0.969,1,1
15,0,26,4,N,nb20,765,-0.38,-1.536,0,0
15,0,26,4,N,nb21,765,-0.11,1.866,0,0
15,0,26,4,N,nb22,765,-1.523,0.063,2,1
15,0,26,4,N,nb23,765,1.162,-1.866,1,0
15,0,26,4,N,nb24,765,1.424,0.578,1,1
15,0,26,4,N,nb25,765,-1.455,0.284,2,1
15,0,26,4,N,nb26,765,-1.294,1.701,1,1
15,0,26,4,N,nb27,765,1.307,0.183,0,1
15,0,26,4,N,nb28,765,-1.341,1.865,1,1
15,0,26,4,N,nb29,765,1.542,0.7,2,1
15,0,26,4,A,aa0,765,1.866,0.489,3,1
15,0,26,4,A,aa1,765,-0.511,1.379,2,0
15,0,26,4,A,aa2,765,1.636,1.865,0,0
15,0,26,4,A,aa3,765,0.369,-1.007,0,0
15,0,26,4,N,nb0,770,1.866,0.744,1,1
15,0,26,4,N,nb1,770,-1.48,0.781,0,0
15,0,26,4,N,nb2,770,0.459,0.841,1,1
15,0,26,4,N,nb3,770,-1.279,0.112,2,1
15,0,26,4,N,nb4,770,0.977,-1.86,2,1
15,0,26,4,N,nb5,770,1.575,1.451,2,0
15,0,26,4,N,nb6,770,1.745,1.453,1,1
15,0,26,4,N,nb7,770,-0.727,1.45,1,0
15,0,26,4,N,nb8,770,-0.467,-0.085,1,1
15,0,26,4,N,nb9,770,1.866,1.134,2,1
15,0,26,4,N,nb10,770,-0.303,-0.044,1,1
15,0,26,4,N,nb11,770,1.801,0.976,4,1
15,0,26,4,N,nb12,770,0.699,0.8,2,0
15,0,26,4,N,nb13,770,1.622,1.69,2,0
15,0,26,4,N,nb14,770,0.846,-1.753,1,1
15,0,26,4,N,nb15,770,1.628,1.08,3,1
15,0,26,4,N,nb16,770,1.443,1.804,1,0
15,0,26,4,N,nb17,770,-0.656,1.291,1,0
15,0,26,4,N,nb18,770,1.607,0.911,3,0
15,0,26,4,N,nb19,770,0.697,0.969,1,1
15,0,26,4,N,nb20,770,-0.29,-1.491,0,0
15,0,26,4,N,nb21,770,-0.195,1.866,0,0
15,0,26,4,N,nb22,770,-1.523,0.063,2,1
15,0,26,4,N,nb23,770,1.162,-1.866,1,1
15,0,26,4,N,nb24,770,1.404,0.625,1,0
15,0,26,4,N,nb25,770,-1.455,0.284,2,1
15,0,26,4,N,nb26,770,-1.294,1.701,1,0
15,0,26,4,N,nb27,770,1.276,0.231,0,0
15,0,26,4,N,nb28,770,-1.341,1.865,1,0
15,0,26,4,N,nb29,770,1.597,0.71,2,0
15,0,26,4,A,aa0,770,1.866,0.48,1,0
15,0,26,4,A,aa1,770,-0.517,1.388,2,0
15,0,26,4,A,aa2,770,1.715,1.865,1,0
15,0,26,4,A,aa3,770,0.353,-0.967,0,0
15,0,26,4,N,nb0,775,1.866,0.744,2,1
15,0,26,4,N,nb1,775,-1.577,0.805,0,0
15,0,26,4,N,nb2,775,0.459,0.841,1,1
15,0,26,4,N,nb3,775,-1.279,0.112,2,1
15,0,26,4,N,nb4,775,0.977,-1.86,2,1
15,0,26,4,N,nb5,775,1.574,1.374,1,1
15,0,26,4,N,nb6,775,1.745,1.453,1,1
15,0,26,4,N,nb7,775,-0.727,1.45,1,1
15,0,26,4,N,nb8,775,-0.467,-0.085,1,1
15,0,26,4,N,nb9,775,1.866,1.134,2,1
15,0,26,4,N,nb10,775,-0.303,-0.044,1,1
15,0,26,4,N,nb11,775,1.801,0.976,4,1
15,0,26,4,N,nb12,775,0.699,0.8,2,1
15,0,26,4,N,nb13,775,1.553,1.717,1,1
15,0,26,4,N,nb14,775,0.846,-1.753,1,1
15,0,26,4,N,nb15,775,1.628,1.08,3,1
15,0,26,4,N,nb16,775,1.43,1.867,1,1
15,0,26,4,N,nb17,775,-0.656,1.291,1,1
15,0,26,4,N,nb18,775,1.559,0.924,3,0
15,0,26,4,N,nb19,775,0.697,0.969,1,1
15,0,26,4,N,nb20,775,-0.201,-1.446,0,0
15,0,26,4,N,nb21,775,-0.284,1.866,0,0
15,0,26,4,N,nb22,775,-1.523,0.063,2,1
15,0,26,4,N,nb23,775,1.162,-1.866,1,1
15,0,26,4,N,nb24,775,1.358,0.71,0,0
15,0,26,4,N,nb25,775,-1.455,0.284,2,1
15,0,26,4,N,nb26,775,-1.294,1.701,1,1
15,0,26,4,N,nb27,775,1.221,0.315,0,0
15,0,26,4,N,nb28,775,-1.341,1.865,1,1
15,0,26,4,N,nb29,775,1.687,0.723,2,0
15,0,26,4,A,aa0,775,1.866,0.454,1,0
15,0,26,4,A,aa1,775,-0.517,1.388,2,0
15,0,26,4,A,aa2,775,1.751,1.865,1,0
15,0,26,4,A,aa3,775,0.318,-0.954,0,0
15,0,26,4,N,nb0,780,1.866,0.744,2,1
15,0,26,4,N,nb1,780,-1.674,0.829,0,0
15,0,26,4,N,nb2,780,0.459,0.841,1,1
15,0,26,4,N,nb3,780,-1.279,0.112,2,1
15,0,26,4,N,nb4,780,0.977,-1.86,2,1
15,0,26,4,N,nb5,780,1.571,1.339,1,0
15,0,26,4,N,nb6,780,1.773,1.431,1,0
15,0,26,4,N,nb7,780,-0.727,1.45,1,1
15,0,26,4,N,nb8,780,-0.467,-0.085,1,1
15,0,26,4,N,nb9,780,1.866,1.134,2,1
15,0,26,4,N,nb10,780,-0.303,-0.044,1,1
15,0,26,4,N,nb11,780,1.801,0.976,3,1
15,0,26,4,N,nb12,780,0.699,0.8,2,1
15,0,26,4,N,nb13,780,1.521,1.725,1,0
15,0,26,4,N,nb14,780,0.846,-1.753,1,1
15,0,26,4,N,nb15,780,1.628,1.083,3,1
15,0,26,4,N,nb16,780,1.423,1.867,1,0
15,0,26,4,N,nb17,780,-0.656,1.291,1,1
15,0,26,4,N,nb18,780,1.53,0.945,1,1
15,0,26,4,N,nb19,780,0.697,0.969,1,1
15,0,26,4,N,nb20,780,-0.112,-1.401,0,0
15,0,26,4,N,nb21,780,-0.376,1.866,0,0
15,0,26,4,N,nb22,780,-1.523,0.063,2,1
15,0,26,4,N,nb23,780,1.162,-1.866,1,1
15,0,26,4,N,nb24,780,1.31,0.795,0,0
15,0,26,4,N,nb25,780,-1.455,0.284,2,1
15,0,26,4,N,nb26,780,-1.294,1.701,1,1
15,0,26,4,N,nb27,780,1.167,0.399,0,0
15,0,26,4,N,nb28,780,-1.341,1.865,1,1
15,0,26,4,N,nb29,780,1.697,0.729,1,1
15,0,26,4,A,aa0,780,1.866,0.412,2,0
15,0,26,4,A,aa1,780,-0.486,1.315,2,0
15,0,26,4,A,aa2,780,1.751,1.865,0,0
15,0,26,4,A,aa3,780,0.224,-0.921,0,0
15,0,26,4,N,nb0,785,1.866,0.744,2,1
15,0,26,4,N,nb1,785,-1.772,0.852,0,0
15,0,26,4,N,nb2,785,0.459,0.841,1,0
15,0,26,4,N,nb3,785,-1.279,0.112,2,1
15,0,26,4,N,nb4,785,0.977,-1.86,2,1
15,0,26,4,N,nb5,785,1.558,1.251,1,0
15,0,26,4,N,nb6,785,1.844,1.38,1,0
15,0,26,4,N,nb7,785,-0.727,1.45,1,1
15,0,26,4,N,nb8,785,-0.467,-0.085,1,1
15,0,26,4,N,nb9,785,1.866,1.134,3,1
15,0,26,4,N,nb10,785,-0.303,-0.044,1,1
15,0,26,4,N,nb11,785,1.801,0.976,3,1
15,0,26,4,N,nb12,785,0.699,0.8,2,1
15,0,26,4,N,nb13,785,1.437,1.737,1,0
15,0,26,4,N,nb14,785,0.846,-1.753,1,1
15,0,26,4,N,nb15,785,1.628,1.083,4,1
15,0,26,4,N,nb16,785,1.327,1.867,1,0
15,0,26,4,N,nb17,785,-0.656,1.291,1,1
15,0,26,4,N,nb18,785,1.53,0.945,1,1
15,0,26,4,N,nb19,785,0.697,0.969,1,1
15,0,26,4,N,nb20,785,-0.022,-1.356,0,0
15,0,26,4,N,nb21,785,-0.468,1.86,0,0
15,0,26,4,N,nb22,785,-1.523,0.063,2,1
15,0,26,4,N,nb23,785,1.162,-1.866,1,1
15,0,26,4,N,nb24,785,1.258,0.875,0,0
15,0,26,4,N,nb25,785,-1.455,0.284,2,1
15,0,26,4,N,nb26,785,-1.294,1.701,1,1
15,0,26,4,N,nb27,785,1.113,0.483,0,0
15,0,26,4,N,nb28,785,-1.341,1.865,1,1
15,0,26,4,N,nb29,785,1.697,0.729,1,1
15,0,26,4,A,aa0,785,1.865,0.39,2,0
15,0,26,4,A,aa1,785,-0.451,1.227,1,0
15,0,26,4,A,aa2,785,1.763,1.865,0,0
15,0,26,4,A,aa3,785,0.129,-0.888,0,0
15,0,26,4,N,nb0,790,1.866,0.744,2,1
15,0,26,4,N,nb1,790,-1.853,0.879,0,0
15,0,26,4,N,nb2,790,0.459,0.841,1,1
15,0,26,4,N,nb3,790,-1.279,0.112,2,1
15,0,26,4,N,nb4,790,0.977,-1.86,2,1
15,0,26,4,N,nb5,790,1.542,1.229,1,1
15,0,26,4,N,nb6,790,1.866,1.346,1,1
15,0,26,4,N,nb7,790,-0.727,1.45,1,1
15,0,26,4,N,nb8,790,-0.467,-0.085,1,1
15,0,26,4,N,nb9,790,1.866,1.134,3,1
15,0,26,4,N,nb10,790,-0.303,-0.044,1,1
15,0,26,4,N,nb11,790,1.801,0.976,3,1
15,0,26,4,N,nb12,790,0.699,0.8,2,1
15,0,26,4,N,nb13,790,1.381,1.738,1,1
15,0,26,4,N,nb14,790,0.846,-1.753,1,1
15,0,26,4,N,nb15,790,1.628,1.083,4,1
15,0,26,4,N,nb16,790,1.27,1.867,1,1
15,0,26,4,N,nb17,790,-0.656,1.291,1,1
15,0,26,4,N,nb18,790,1.53,0.945,1,1
15,0,26,4,N,nb19,790,0.697,0.969,1,1
15,0,26,4,N,nb20,790,0.067,-1.311,0,0
15,0,26,4,N,nb21,790,-0.559,1.844,0,0
15,0,26,4,N,nb22,790,-1.523,0.063,2,1
15,0,26,4,N,nb23,790,1.162,-1.866,1,1
15,0,26,4,N,nb24,790,1.201,0.957,0,0
15,0,26,4,N,nb25,790,-1.455,0.284,2,1
15,0,26,4,N,nb26,790,-1.294,1.701,1,1
15,0,26,4,N,nb27,790,1.058,0.567,0,0
15,0,26,4,N,nb28,790,-1.341,1.865,1,1
15,0,26,4,N,nb29,790,1.697,0.729,1,1
15,0,26,4,A,aa0,790,1.865,0.391,2,0
15,0,26,4,A,aa1,790,-0.409,1.14,1,0
15,0,26,4,A,aa2,790,1.791,1.865,3,1
15,0,26,4,A,aa3,790,0.035,-0.855,0,0
15,0,26,4,N,nb0,795,1.866,0.744,2,1
15,0,26,4,N,nb1,795,-1.866,0.916,0,0
15,0,26,4,N,nb2,795,0.459,0.841,1,1
15,0,26,4,N,nb3,795,-1.279,0.112,2,1
15,0,26,4,N,nb4,795,0.977,-1.86,2,1
15,0,26,4,N,nb5,795,1.542,1.229,1,1
15,0,26,4,N,nb6,795,1.866,1.313,1,0
15,0,26,4,N,nb7,795,-0.727,1.45,1,1
15,0,26,4,N,nb8,795,-0.467,-0.085,1,1
15,0,26,4,N,nb9,795,1.866,1.134,3,1
15,0,26,4,N,nb10,795,-0.303,-0.044,1,1
15,0,26,4,N,nb11,795,1.801,0.976,3,1
15,0,26,4,N,nb12,795,0.699,0.8,2,1
15,0,26,4,N,nb13,795,1.332,1.734,1,0
15,0,26,4,N,nb14,795,0.846,-1.753,1,1
15,0,26,4,N,nb15,795,1.628,1.083,4,1
15,0,26,4,N,nb16,795,1.227,1.867,1,0
15,0,26,4,N,nb17,795,-0.656,1.291,1,1
15,0,26,4,N,nb18,795,1.53,0.945,1,1
15,0,26,4,N,nb19,795,0.697,0.969,1,1
15,0,26,4,N,nb20,795,0.156,-1.267,0,0
15,0,26,4,N,nb21,795,-0.649,1.82,0,0
15,0,26,4,N,nb22,795,-1.523,0.063,2,1
15,0,26,4,N,nb23,795,1.162,-1.866,1,1
15,0,26,4,N,nb24,795,1.144,1.039,0,0
15,0,26,4,N,nb25,795,-1.455,0.284,2,1
15,0,26,4,N,nb26,795,-1.294,1.701,1,1
15,0,26,4,N,nb27,795,1.004,0.651,0,0
15,0,26,4,N,nb28,795,-1.341,1.865,1,1
15,0,26,4,N,nb29,795,1.697,0.729,1,1
15,0,26,4,A,aa0,795,1.865,0.406,2,0
15,0,26,4,A,aa1,795,-0.364,1.051,1,0
15,0,26,4,A,aa2,795,1.835,1.865,0,0
15,0,26,4,A,aa3,795,-0.059,-0.822,0,0
15,0,26,4,N,nb0,800,1.866,0.744,2,1
15,0,26,4,N,nb1,800,-1.866,0.967,0,0
15,0,26,4,N,nb2,800,0.459,0.841,1,1
15,0,26,4,N,nb3,800,-1.279,0.112,2,1
15,0,26,4,N,nb4,800,0.977,-1.86,2,1
15,0,26,4,N,nb5,800,1.542,1.229,1,1
15,0,26,4,N,nb6,800,1.866,1.304,1,0
15,0,26,4,N,nb7,800,-0.727,1.45,1,1
15,0,26,4,N,nb8,800,-0.467,-0.085,1,1
15,0,26,4,N,nb9,800,1.865,1.134,3,1
15,0,26,4,N,nb10,800,-0.303,-0.044,1,1
15,0,26,4,N,nb11,800,1.801,0.976,3,1
15,0,26,4,N,nb12,800,0.699,0.8,2,1
15,0,26,4,N,nb13,800,1.244,1.716,1,0
15,0,26,4,N,nb14,800,0.846,-1.753,1,1
15,0,26,4,N,nb15,800,1.628,1.083,4,1
15,0,26,4,N,nb16,800,1.164,1.867,1,0
15,0,26,4,N,nb17,800,-0.656,1.291,1,1
15,0,26,4,N,nb18,800,1.53,0.945,1,1
15,0,26,4,N,nb19,800,0.697,0.969,1,1
15,0,26,4,N,nb20,800,0.245,-1.222,0,0
15,0,26,4,N,nb21,800,-0.737,1.787,0,0
15,0,26,4,N,nb22,800,-1.523,0.063,2,1
15,0,26,4,N,nb23,800,1.162,-1.866,1,1
15,0,26,4,N,nb24,800,1.087,1.122,0,0
15,0,26,4,N,nb25,800,-1.455,0.284,2,1
15,0,26,4,N,nb26,800,-1.294,1.701,1,1
15,0,26,4,N,nb27,800,0.95,0.735,0,0
15,0,26,4,N,nb28,800,-1.341,1.865,1,1
15,0,26,4,N,nb29,800,1.697,0.729,1,1
15,0,26,4,A,aa0,800,1.865,0.439,1,0
15,0,26,4,A,aa1,800,-0.318,0.962,1,0
15,0,26,4,A,aa2,800,1.866,1.865,0,0
15,0,26,4,A,aa3,800,-0.154,-0.789,0,0
15,0,26,4,N,nb0,805,1.866,0.744,2,1
15,0,26,4,N,nb1,805,-1.866,1.03,0,0
15,0,26,4,N,nb2,805,0.459,0.841,1,1
15,0,26,4,N,nb3,805,-1.279,0.112,2,0
15,0,26,4,N,nb4,805,0.977,-1.86,2,1
15,0,26,4,N,nb5,805,1.542,1.229,1,1
15,0,26,4,N,nb6,805,1.866,1.304,1,1
15,0,26,4,N,nb7,805,-0.727,1.45,1,1
15,0,26,4,N,nb8,805,-0.467,-0.085,1,1
15,0,26,4,N,nb9,805,1.865,1.134,3,1
15,0,26,4,N,nb10,805,-0.303,-0.044,1,1
15,0,26,4,N,nb11,805,1.801,0.976,3,1
15,0,26,4,N,nb12,805,0.699,0.8,3,1
15,0,26,4,N,nb13,805,1.206,1.705,1,1
15,0,26,4,N,nb14,805,0.846,-1.753,1,1
15,0,26,4,N,nb15,805,1.628,1.083,4,1
15,0,26,4,N,nb16,805,1.138,1.867,1,1
15,0,26,4,N,nb17,805,-0.656,1.291,1,1
15,0,26,4,N,nb18,805,1.53,0.945,1,1
15,0,26,4,N,nb19,805,0.697,0.969,1,1
15,0,26,4,N,nb20,805,0.335,-1.177,0,0
15,0,26,4,N,nb21,805,-0.824,1.745,0,0
15,0,26,4,N,nb22,805,-1.523,0.063,2,1
15,0,26,4,N,nb23,805,1.162,-1.866,1,1
15,0,26,4,N,nb24,805,1.03,1.204,0,0
15,0,26,4,N,nb25,805,-1.455,0.284,2,0
15,0,26,4,N,nb26,805,-1.294,1.701,1,1
15,0,26,4,N,nb27,805,0.939,0.752,1,1
15,0,26,4,N,nb28,805,-1.341,1.865,1,1
15,0,26,4,N,nb29,805,1.697,0.729,1,1
15,0,26,4,A,aa0,805,1.865,0.486,2,0
15,0,26,4,A,aa1,805,-0.273,0.873,1,0
15,0,26,4,A,aa2,805,1.866,1.865,1,0
15,0,26,4,A,aa3,805,-0.248,-0.756,0,0
15,0,26,4,N,nb0,810,1.866,0.744,2,1
15,0,26,4,N,nb1,810,-1.866,1.103,0,0
15,0,26,4,N,nb2,810,0.459,0.841,1,1
15,0,26,4,N,nb3,810,-1.279,0.112,2,1
15,0,26,4,N,nb4,810,0.977,-1.86,2,1
15,0,26,4,N,nb5,810,1.542,1.229,1,1
15,0,26,4,N,nb6,810,1.866,1.304,1,1
15,0,26,4,N,nb7,810,-0.727,1.45,1,1
15,0,26,4,N,nb8,810,-0.467,-0.085,1,1
15,0,26,4,N,nb9,810,1.865,1.134,3,1
15,0,26,4,N,nb10,810,-0.303,-0.044,1,1
15,0,26,4,N,nb11,810,1.801,0.976,3,1
15,0,26,4,N,nb12,810,0.699,0.8,3,1
15,0,26,4,N,nb13,810,1.206,1.705,1,1
15,0,26,4,N,nb14,810,0.846,-1.753,1,1
15,0,26,4,N,nb15,810,1.628,1.083,4,1
15,0,26,4,N,nb16,810,1.138,1.867,1,1
15,0,26,4,N,nb17,810,-0.656,1.291,1,1
15,0,26,4,N,nb18,810,1.53,0.945,1,1
15,0,26,4,N,nb19,810,0.697,0.969,1,1
15,0,26,4,N,nb20,810,0.424,-1.132,0,0
15,0,26,4,N,nb21,810,-0.914,1.701,0,0
15,0,26,4,N,nb22,810,-1.523,0.063,2,1
15,0,26,4,N,nb23,810,1.162,-1.866,1,1
15,0,26,4,N,nb24,810,0.973,1.286,0,0
15,0,26,4,N,nb25,810,-1.455,0.284,2,1
15,0,26,4,N,nb26,810,-1.294,1.701,1,1
15,0,26,4,N,nb27,810,0.939,0.752,1,1
15,0,26,4,N,nb28,810,-1.341,1.865,1,1
15,0,26,4,N,nb29,810,1.697,0.729,1,1
15,0,26,4,A,aa0,810,1.865,0.545,2,0
15,0,26,4,A,aa1,810,-0.262,0.852,1,0
15,0,26,4,A,aa2,810,1.866,1.865,1,0
15,0,26,4,A,aa3,810,-0.343,-0.723,0,0
15,0,26,4,N,nb0,815,1.866,0.744,2,1
15,0,26,4,N,nb1,815,-1.866,1.183,0,0
15,0,26,4,N,nb2,815,0.459,0.841,1,1
15,0,26,4,N,nb3,815,-1.279,0.112,2,1
15,0,26,4,N,nb4,815,0.977,-1.86,2,1
15,0,26,4,N,nb5,815,1.542,1.229,1,1
15,0,26,4,N,nb6,815,1.866,1.304,1,1
15,0,26,4,N,nb7,815,-0.727,1.45,1,1
15,0,26,4,N,nb8,815,-0.467,-0.085,1,1
15,0,26,4,N,nb9,815,1.865,1.134,3,1
15,0,26,4,N,nb10,815,-0.303,-0.044,1,1
15,0,26,4,N,nb11,815,1.801,0.976,3,1
15,0,26,4,N,nb12,815,0.699,0.8,3,1
15,0,26,4,N,nb13,815,1.206,1.705,1,1
15,0,26,4,N,nb14,815,0.846,-1.753,1,1
15,0,26,4,N,nb15,815,1.628,1.083,4,1
15,0,26,4,N,nb16,815,1.138,1.867,1,1
15,0,26,4,N,nb17,815,-0.656,1.291,1,1
15,0,26,4,N,nb18,815,1.53,0.945,1,1
15,0,26,4,N,nb19,815,0.697,0.969,1,0
15,0,26,4,N,nb20,815,0.513,-1.087,0,0
15,0,26,4,N,nb21,815,-1.003,1.656,0,0
15,0,26,4,N,nb22,815,-1.523,0.063,2,1
15,0,26,4,N,nb23,815,1.162,-1.866,1,1
15,0,26,4,N,nb24,815,0.916,1.368,0,0
15,0,26,4,N,nb25,815,-1.455,0.284,2,1
15,0,26,4,N,nb26,815,-1.294,1.701,1,1
15,0,26,4,N,nb27,815,0.939,0.752,1,1
15,0,26,4,N,nb28,815,-1.341,1.865,1,1
15,0,26,4,N,nb29,815,1.697,0.729,1,1
15,0,26,4,A,aa0,815,1.865,0.575,2,0
15,0,26,4,A,aa1,815,-0.226,0.848,0,0
15,0,26,4,A,aa2,815,1.866,1.865,1,0
15,0,26,4,A,aa3,815,-0.437,-0.69,0,0
15,0,26,4,N,nb0,820,1.866,0.744,2,1
15,0,26,4,N,nb1,820,-1.866,1.269,0,0
15,0,26,4,N,nb2,820,0.459,0.841,1,1
15,0,26,4,N,nb3,820,-1.279,0.112,2,1
15,0,26,4,N,nb4,820,0.977,-1.86,2,1
15,0,26,4,N,nb5,820,1.542,1.229,1,1
15,0,26,4,N,nb6,820,1.866,1.304,1,1
15,0,26,4,N,nb7,820,-0.727,1.45,1,1
15,0,26,4,N,nb8,820,-0.467,-0.085,1,1
15,0,26,4,N,nb9,820,1.865,1.134,3,1
15,0,26,4,N,nb10,820,-0.303,-0.044,1,1
15,0,26,4,N,nb11,820,1.801,0.976,3,1
15,0,26,4,N,nb12,820,0.699,0.8,3,1
15,0,26,4,N,nb13,820,1.206,1.705,1,1
15,0,26,4,N,nb14,820,0.846,-1.753,1,1
15,0,26,4,N,nb15,820,1.628,1.083,4,1
15,0,26,4,N,nb16,820,1.138,1.867,1,1
15,0,26,4,N,nb17,820,-0.656,1.291,1,1
15,0,26,4,N,nb18,820,1.53,0.945,1,1
15,0,26,4,N,nb19,820,0.697,0.969,1,1
15,0,26,4,N,nb20,820,0.603,-1.042,0,0
15,0,26,4,N,nb21,820,-1.057,1.629,1,1
15,0,26,4,N,nb22,820,-1.523,0.063,2,1
15,0,26,4,N,nb23,820,1.162,-1.866,1,1
15,0,26,4,N,nb24,820,0.859,1.45,0,0
15,0,26,4,N,nb25,820,-1.455,0.284,2,1
15,0,26,4,N,nb26,820,-1.294,1.701,2,1
15,0,26,4,N,nb27,820,0.939,0.752,1,1
15,0,26,4,N,nb28,820,-1.341,1.865,1,1
15,0,26,4,N,nb29,820,1.697,0.729,1,1
15,0,26,4,A,aa0,820,1.865,0.575,2,0
15,0,26,4,A,aa1,820,-0.126,0.838,1,0
15,0,26,4,A,aa2,820,1.866,1.865,1,0
15,0,26,4,A,aa3,820,-0.531,-0.657,1,0
15,0,26,4,N,nb0,825,1.866,0.744,2,1
15,0,26,4,N,nb1,825,-1.866,1.358,0,0
15,0,26,4,N,nb2,825,0.459,0.841,1,1
15,0,26,4,N,nb3,825,-1.279,0.112,2,1
15,0,26,4,N,nb4,825,0.977,-1.86,2,1
15,0,26,4,N,nb5,825,1.542,1.229,1,1
15,0,26,4,N,nb6,825,1.866,1.304,1,1
15,0,26,4,N,nb7,825,-0.727,1.45,1,1
15,0,26,4,N,nb8,825,-0.467,-0.085,1,1
15,0,26,4,N,nb9,825,1.865,1.134,3,1
15,0,26,4,N,nb10,825,-0.303,-0.044,1,1
15,0,26,4,N,nb11,825,1.801,0.976,3,1
15,0,26,4,N,nb12,825,0.699,0.8,3,1
15,0,26,4,N,nb13,825,1.206,1.705,1,1
15,0,26,4,N,nb14,825,0.846,-1.753,1,1
15,0,26,4,N,nb15,825,1.628,1.083,4,1
15,0,26,4,N,nb16,825,1.138,1.867,1,1
15,0,26,4,N,nb17,825,-0.656,1.291,1,1
15,0,26,4,N,nb18,825,1.53,0.945,1,1
15,0,26,4,N,nb19,825,0.697,0.969,1,1
15,0,26,4,N,nb20,825,0.692,-0.997,0,0
15,0,26,4,N,nb21,825,-1.057,1.629,1,1
15,0,26,4,N,nb22,825,-1.523,0.063,2,1
15,0,26,4,N,nb23,825,1.162,-1.866,1,1
15,0,26,4,N,nb24,825,0.802,1.532,0,0
15,0,26,4,N,nb25,825,-1.455,0.284,2,1
15,0,26,4,N,nb26,825,-1.294,1.701,2,1
15,0,26,4,N,nb27,825,0.939,0.752,1,1
15,0,26,4,N,nb28,825,-1.341,1.865,1,1
15,0,26,4,N,nb29,825,1.697,0.729,1,1
15,0,26,4,A,aa0,825,1.865,0.575,2,0
15,0,26,4,A,aa1,825,-0.027,0.828,1,0
15,0,26,4,A,aa2,825,1.866,1.865,1,0
15,0,26,4,A,aa3,825,-0.626,-0.624,1,0
15,0,26,4,N,nb0,830,1.866,0.744,2,1
15,0,26,4,N,nb1,830,-1.865,1.45,0,0
15,0,26,4,N,nb2,830,0.459,0.841,1,1
15,0,26,4,N,nb3,830,-1.279,0.112,2,1
15,0,26,4,N,nb4,830,0.977,-1.86,2,1
15,0,26,4,N,nb5,830,1.542,1.229,1,1
15,0,26,4,N,nb6,830,1.866,1.304,1,1
15,0,26,4,N,nb7,830,-0.727,1.45,1,1
15,0,26,4,N,nb8,830,-0.467,-0.085,1,1
15,0,26,4,N,nb9,830,1.865,1.134,3,1
15,0,26,4,N,nb10,830,-0.303,-0.044,1,1
15,0,26,4,N,nb11,830,1.801,0.976,3,1
15,0,26,4,N,nb12,830,0.699,0.8,3,1
15,0,26,4,N,nb13,830,1.206,1.705,1,1
15,0,26,4,N,nb14,830,0.846,-1.753,1,1
15,0,26,4,N,nb15,830,1.628,1.083,4,1
15,0,26,4,N,nb16,830,1.138,1.867,1,1
15,0,26,4,N,nb17,830,-0.656,1.291,1,1
15,0,26,4,N,nb18,830,1.53,0.945,1,1
15,0,26,4,N,nb19,830,0.697,0.969,1,1
15,0,26,4,N,nb20,830,0.781,-0.952,0,0
15,0,26,4,N,nb21,830,-1.057,1.629,1,1
15,0,26,4,N,nb22,830,-1.523,0.063,2,1
15,0,26,4,N,nb23,830,1.162,-1.866,1,1
15,0,26,4,N,nb24,830,0.745,1.614,0,0
15,0,26,4,N,nb25,830,-1.455,0.284,2,1
15,0,26,4,N,nb26,830,-1.294,1.701,2,1
15,0,26,4,N,nb27,830,0.939,0.752,1,1
15,0,26,4,N,nb28,830,-1.341,1.865,1,1
15,0,26,4,N,nb29,830,1.697,0.729,1,1
15,0,26,4,A,aa0,830,1.865,0.575,2,0
15,0,26,4,A,aa1,830,0.073,0.819,1,0
15,0,26,4,A,aa2,830,1.822,1.865,1,0
15,0,26,4,A,aa3,830,-0.72,-0.591,1,0
15,0,26,4,N,nb0,835,1.866,0.744,2,1
15,0,26,4,N,nb1,835,-1.857,1.542,0,0
15,0,26,4,N,nb2,835,0.459,0.841,1,1
15,0,26,4,N,nb3,835,-1.279,0.112,2,1
15,0,26,4,N,nb4,835,0.977,-1.86,2,1
15,0,26,4,N,nb5,835,1.542,1.229,1,1
15,0,26,4,N,nb6,835,1.866,1.304,1,1
15,0,26,4,N,nb7,835,-0.727,1.45,1,1
15,0,26,4,N,nb8,835,-0.467,-0.085,1,1
15,0,26,4,N,nb9,835,1.865,1.134,3,1
15,0,26,4,N,nb10,835,-0.303,-0.044,1,1
15,0,26,4,N,nb11,835,1.801,0.976,3,1
15,0,26,4,N,nb12,835,0.699,0.8,3,1
15,0,26,4,N,nb13,835,1.206,1.705,1,1
15,0,26,4,N,nb14,835,0.846,-1.753,1,1
15,0,26,4,N,nb15,835,1.628,1.083,4,0
15,0,26,4,N,nb16,835,1.138,1.867,1,1
15,0,26,4,N,nb17,835,-0.656,1.291,1,1
15,0,26,4,N,nb18,835,1.53,0.945,1,1
15,0,26,4,N,nb19,835,0.697,0.969,1,1
15,0,26,4,N,nb20,835,0.871,-0.907,0,0
15,0,26,4,N,nb21,835,-1.057,1.629,1,1
15,0,26,4,N,nb22,835,-1.523,0.063,2,1
15,0,26,4,N,nb23,835,1.162,-1.866,1,1
15,0,26,4,N,nb24,835,0.688,1.697,0,0
15,0,26,4,N,nb25,835,-1.455,0.284,2,1
15,0,26,4,N,nb26,835,-1.294,1.701,2,1
15,0,26,4,N,nb27,835,0.939,0.752,1,1
15,0,26,4,N,nb28,835,-1.341,1.865,1,1
15,0,26,4,N,nb29,835,1.697,0.729,1,1
15,0,26,4,A,aa0,835,1.865,0.575,2,0
15,0,26,4,A,aa1,835,0.172,0.809,1,0
15,0,26,4,A,aa2,835,1.756,1.865,2,0
15,0,26,4,A,aa3,835,-0.815,-0.558,1,0
15,0,26,4,N,nb0,840,1.866,0.744,2,1
15,0,26,4,N,nb1,840,-1.839,1.634,0,0
15,0,26,4,N,nb2,840,0.459,0.841,1,1
15,0,26,4,N,nb3,840,-1.279,0.112,2,1
15,0,26,4,N,nb4,840,0.977,-1.86,2,1
15,0,26,4,N,nb5,840,1.542,1.229,1,1
15,0,26,4,N,nb6,840,1.866,1.304,1,0
15,0,26,4,N,nb7,840,-0.727,1.45,1,1
15,0,26,4,N,nb8,840,-0.467,-0.085,1,1
15,0,26,4,N,nb9,840,1.865,1.134,3,1
15,0,26,4,N,nb10,840,-0.303,-0.044,1,1
15,0,26,4,N,nb11,840,1.801,0.976,3,1
15,0,26,4,N,nb12,840,0.699,0.8,3,1
15,0,26,4,N,nb13,840,1.192,1.7,1,0
15,0,26,4,N,nb14,840,0.846,-1.753,1,1
15,0,26,4,N,nb15,840,1.628,1.083,4,1
15,0,26,4,N,nb16,840,1.129,1.867,1,0
15,0,26,4,N,nb17,840,-0.656,1.291,1,1
15,0,26,4,N,nb18,840,1.53,0.945,1,1
15,0,26,4,N,nb19,840,0.697,0.969,1,1
15,0,26,4,N,nb20,840,0.96,-0.862,0,0
15,0,26,4,N,nb21,840,-1.057,1.629,1,1
15,0,26,4,N,nb22,840,-1.523,0.063,2,1
15,0,26,4,N,nb23,840,1.162,-1.866,1,1
15,0,26,4,N,nb24,840,0.631,1.779,0,0
15,0,26,4,N,nb25,840,-1.455,0.284,2,1
15,0,26,4,N,nb26,840,-1.294,1.701,2,1
15,0,26,4,N,nb27,840,0.939,0.752,1,1
15,0,26,4,N,nb28,840,-1.341,1.865,1,1
15,0,26,4,N,nb29,840,1.697,0.729,1,1
15,0,26,4,A,aa0,840,1.865,0.575,1,0
15,0,26,4,A,aa1,840,0.196,0.806,1,0
15,0,26,4,A,aa2,840,1.681,1.865,0,0
15,0,26,4,A,aa3,840,-0.909,-0.525,0,0
15,0,26,4,N,nb0,845,1.866,0.744,2,1
15,0,26,4,N,nb1,845,-1.812,1.723,0,0
15,0,26,4,N,nb2,845,0.459,0.841,1,1
15,0,26,4,N,nb3,845,-1.279,0.112,2,1
15,0,26,4,N,nb4,845,0.977,-1.86,2,1
15,0,26,4,N,nb5,845,1.542,1.229,1,1
15,0,26,4,N,nb6,845,1.866,1.304,1,0
15,0,26,4,N,nb7,845,-0.727,1.45,1,1
15,0,26,4,N,nb8,845,-0.467,-0.085,1,1
15,0,26,4,N,nb9,845,1.865,1.134,3,1
15,0,26,4,N,nb10,845,-0.303,-0.044,1,1
15,0,26,4,N,nb11,845,1.801,0.976,3,1
15,0,26,4,N,nb12,845,0.699,0.8,3,1
15,0,26,4,N,nb13,845,1.106,1.664,1,0
15,0,26,4,N,nb14,845,0.846,-1.753,1,1
15,0,26,4,N,nb15,845,1.628,1.083,4,1
15,0,26,4,N,nb16,845,1.065,1.867,1,0
15,0,26,4,N,nb17,845,-0.656,1.291,1,1
15,0,26,4,N,nb18,845,1.53,0.945,1,1
15,0,26,4,N,nb19,845,0.697,0.969,1,1
15,0,26,4,N,nb20,845,1.049,-0.817,0,0
15,0,26,4,N,nb21,845,-1.057,1.629,1,1
15,0,26,4,N,nb22,845,-1.523,0.063,2,1
15,0,26,4,N,nb23,845,1.162,-1.866,1,1
15,0,26,4,N,nb24,845,0.576,1.848,0,0
15,0,26,4,N,nb25,845,-1.455,0.284,2,1
15,0,26,4,N,nb26,845,-1.294,1.701,2,1
15,0,26,4,N,nb27,845,0.939,0.752,1,1
15,0,26,4,N,nb28,845,-1.341,1.865,1,1
15,0,26,4,N,nb29,845,1.697,0.729,1,1
15,0,26,4,A,aa0,845,1.865,0.575,2,0
15,0,26,4,A,aa1,845,0.203,0.819,1,0
15,0,26,4,A,aa2,845,1.599,1.865,0,0
15,0,26,4,A,aa3,845,-1.003,-0.492,0,0
15,0,26,4,N,nb0,850,1.866,0.744,2,1
15,0,26,4,N,nb1,850,-1.778,1.809,0,0
15,0,26,4,N,nb2,850,0.459,0.841,1,1
15,0,26,4,N,nb3,850,-1.279,0.112,2,1
15,0,26,4,N,nb4,850,0.977,-1.86,2,1
15,0,26,4,N,nb5,850,1.542,1.229,1,1
15,0,26,4,N,nb6,850,1.866,1.304,1,1
15,0,26,4,N,nb7,850,-0.727,1.45,1,1
15,0,26,4,N,nb8,850,-0.467,-0.085,1,1
15,0,26,4,N,nb9,850,1.865,1.134,3,1
15,0,26,4,N,nb10,850,-0.303,-0.044,1,1
15,0,26,4,N,nb11,850,1.801,0.976,3,1
15,0,26,4,N,nb12,850,0.699,0.8,3,1
15,0,26,4,N,nb13,850,1.037,1.627,1,1
15,0,26,4,N,nb14,850,0.846,-1.753,1,1
15,0,26,4,N,nb15,850,1.628,1.083,4,1
15,0,26,4,N,nb16,850,1.006,1.867,1,1
15,0,26,4,N,nb17,850,-0.656,1.291,1,1
15,0,26,4,N,nb18,850,1.53,0.945,1,1
15,0,26,4,N,nb19,850,0.697,0.969,1,1
15,0,26,4,N,nb20,850,1.139,-0.772,0,0
15,0,26,4,N,nb21,850,-1.057,1.629,1,1
15,0,26,4,N,nb22,850,-1.523,0.063,2,1
15,0,26,4,N,nb23,850,1.162,-1.866,1,1
15,0,26,4,N,nb24,850,0.513,1.865,0,0
15,0,26,4,N,nb25,850,-1.455,0.284,2,1
15,0,26,4,N,nb26,850,-1.294,1.701,2,1
15,0,26,4,N,nb27,850,0.939,0.752,1,1
15,0,26,4,N,nb28,850,-1.341,1.865,1,1
15,0,26,4,N,nb29,850,1.697,0.729,1,1
15,0,26,4,A,aa0,850,1.865,0.575,2,0
15,0,26,4,A,aa1,850,0.242,0.901,2,0
15,0,26,4,A,aa2,850,1.513,1.865,0,0
15,0,26,4,A,aa3,850,-1.025,-0.485,0,0
15,0,26,4,N,nb0,855,1.866,0.744,2,1
15,0,26,4,N,nb1,855,-1.736,1.866,0,0
15,0,26,4,N,nb2,855,0.459,0.841,1,1
15,0,26,4,N,nb3,855,-1.279,0.112,2,1
15,0,26,4,N,nb4,855,0.977,-1.86,2,1
15,0,26,4,N,nb5,855,1.542,1.229,1,1
15,0,26,4,N,nb6,855,1.866,1.304,1,1
15,0,26,4,N,nb7,855,-0.727,1.45,1,1
15,0,26,4,N,nb8,855,-0.467,-0.085,1,1
15,0,26,4,N,nb9,855,1.865,1.134,3,1
15,0,26,4,N,nb10,855,-0.303,-0.044,1,1
15,0,26,4,N,nb11,855,1.801,0.976,3,1
15,0,26,4,N,nb12,855,0.699,0.8,3,1
15,0,26,4,N,nb13,855,1.037,1.627,1,1
15,0,26,4,N,nb14,855,0.846,-1.753,1,1
15,0,26,4,N,nb15,855,1.628,1.083,4,1
15,0,26,4,N,nb16,855,1.006,1.867,1,1
15,0,26,4,N,nb17,855,-0.656,1.291,1,1
15,0,26,4,N,nb18,855,1.53,0.945,1,1
15,0,26,4,N,nb19,855,0.697,0.969,1,1
15,0,26,4,N,nb20,855,1.228,-0.727,0,0
15,0,26,4,N,nb21,855,-1.057,1.629,1,1
15,0,26,4,N,nb22,855,-1.523,0.063,2,1
15,0,26,4,N,nb23,855,1.162,-1.866,1,1
15,0,26,4,N,nb24,855,0.441,1.865,0,0
15,0,26,4,N,nb25,855,-1.455,0.284,2,1
15,0,26,4,N,nb26,855,-1.294,1.701,2,1
15,0,26,4,N,nb27,855,0.939,0.752,1,1
15,0,26,4,N,nb28,855,-1.341,1.865,1,1
15,0,26,4,N,nb29,855,1.697,0.729,1,1
15,0,26,4,A,aa0,855,1.798,0.586,2,0
15,0,26,4,A,aa1,855,0.271,0.989,2,0
15,0,26,4,A,aa2,855,1.422,1.865,2,0
15,0,26,4,A,aa3,855,-1.054,-0.507,0,0
15,0,26,4,N,nb0,860,1.866,0.744,2,0
15,0,26,4,N,nb1,860,-1.685,1.866,0,0
15,0,26,4,N,nb2,860,0.459,0.841,1,0
15,0,26,4,N,nb3,860,-1.279,0.112,2,1
15,0,26,4,N,nb4,860,0.977,-1.86,2,1
15,0,26,4,N,nb5,860,1.542,1.229,1,1
15,0,26,4,N,nb6,860,1.866,1.304,1,1
15,0,26,4,N,nb7,860,-0.727,1.45,1,1
15,0,26,4,N,nb8,860,-0.467,-0.085,1,1
15,0,26,4,N,nb9,860,1.865,1.134,3,1
15,0,26,4,N,nb10,860,-0.303,-0.044,1,1
15,0,26,4,N,nb11,860,1.801,0.976,3,1
15,0,26,4,N,nb12,860,0.699,0.8,3,0
15,0,26,4,N,nb13,860,1.037,1.627,1,1
15,0,26,4,N,nb14,860,0.846,-1.753,1,1
15,0,26,4,N,nb15,860,1.628,1.083,4,1
15,0,26,4,N,nb16,860,1.006,1.867,1,1
15,0,26,4,N,nb17,860,-0.656,1.291,1,1
15,0,26,4,N,nb18,860,1.53,0.945,2,1
15,0,26,4,N,nb19,860,0.697,0.969,1,0
15,0,26,4,N,nb20,860,1.317,-0.682,0,0
15,0,26,4,N,nb21,860,-1.057,1.629,1,1
15,0,26,4,N,nb22,860,-1.523,0.063,2,0
15,0,26,4,N,nb23,860,1.162,-1.866,1,1
15,0,26,4,N,nb24,860,0.362,1.865,0,0
15,0,26,4,N,nb25,860,-1.455,0.284,2,1
15,0,26,4,N,nb26,860,-1.294,1.701,2,1
15,0,26,4,N,nb27,860,0.939,0.752,1,1
15,0,26,4,N,nb28,860,-1.341,1.865,1,1
15,0,26,4,N,nb29,860,1.676,0.745,2,1
15,0,26,4,A,aa0,860,1.727,0.583,2,0
15,0,26,4,A,aa1,860,0.292,1.082,3,1
15,0,26,4,A,aa2,860,1.33,1.864,2,0
15,0,26,4,A,aa3,860,-1.104,-0.546,0,0
15,0,26,4,N,nb0,865,1.866,0.744,2,1
15,0,26,4,N,nb1,865,-1.622,1.866,0,0
15,0,26,4,N,nb2,865,0.397,0.914,0,0
15,0,26,4,N,nb3,865,-1.279,0.112,2,1
15,0,26,4,N,nb4,865,0.977,-1.86,2,1
15,0,26,4,N,nb5,865,1.542,1.229,1,1
15,0,26,4,N,nb6,865,1.866,1.304,1,1
15,0,26,4,N,nb7,865,-0.727,1.45,1,1
15,0,26,4,N,nb8,865,-0.467,-0.085,1,1
15,0,26,4,N,nb9,865,1.865,1.134,3,1
15,0,26,4,N,nb10,865,-0.303,-0.044,1,1
15,0,26,4,N,nb11,865,1.801,0.976,3,1
15,0,26,4,N,nb12,865,0.75,0.815,2,0
15,0,26,4,N,nb13,865,1.037,1.627,1,1
15,0,26,4,N,nb14,865,0.846,-1.753,1,1
15,0,26,4,N,nb15,865,1.628,1.083,4,1
15,0,26,4,N,nb16,865,1.006,1.867,1,1
15,0,26,4,N,nb17,865,-0.656,1.291,1,1
15,0,26,4,N,nb18,865,1.53,0.945,2,1
15,0,26,4,N,nb19,865,0.752,0.984,1,0
15,0,26,4,N,nb20,865,1.407,-0.637,0,0
15,0,26,4,N,nb21,865,-1.057,1.629,1,1
15,0,26,4,N,nb22,865,-1.523,0.063,2,1
15,0,26,4,N,nb23,865,1.162,-1.866,1,1
15,0,26,4,N,nb24,865,0.277,1.865,0,0
15,0,26,4,N,nb25,865,-1.455,0.284,2,1
15,0,26,4,N,nb26,865,-1.294,1.701,2,1
15,0,26,4,N,nb27,865,0.939,0.752,1,1
15,0,26,4,N,nb28,865,-1.341,1.865,1,1
15,0,26,4,N,nb29,865,1.67,0.752,2,1
15,0,26,4,A,aa0,865,1.654,0.581,2,0
15,0,26,4,A,aa1,865,0.31,1.18,0,0
15,0,26,4,A,aa2,865,1.238,1.853,2,0
15,0,26,4,A,aa3,865,-1.104,-0.546,0,0
15,0,26,4,N,nb0,870,1.866,0.744,2,0
15,0,26,4,N,nb1,870,-1.577,1.866,1,1
15,0,26,4,N,nb2,870,0.332,0.99,0,0
15,0,26,4,N,nb3,870,-1.279,0.112,2,1
15,0,26,4,N,nb4,870,0.977,-1.86,2,1
15,0,26,4,N,nb5,870,1.542,1.229,1,1
15,0,26,4,N,nb6,870,1.866,1.304,1,1
15,0,26,4,N,nb7,870,-0.727,1.45,1,1
15,0,26,4,N,nb8,870,-0.467,-0.085,1,1
15,0,26,4,N,nb9,870,1.865,1.134,3,1
15,0,26,4,N,nb10,870,-0.303,-0.044,1,1
15,0,26,4,N,nb11,870,1.801,0.976,3,1
15,0,26,4,N,nb12,870,0.792,0.833,2,1
15,0,26,4,N,nb13,870,1.037,1.627,1,1
15,0,26,4,N,nb14,870,0.846,-1.753,1,1
15,0,26,4,N,nb15,870,1.628,1.083,4,1
15,0,26,4,N,nb16,870,0.994,1.863,1,1
15,0,26,4,N,nb17,870,-0.656,1.291,1,1
15,0,26,4,N,nb18,870,1.53,0.945,2,1
15,0,26,4,N,nb19,870,0.812,1.001,1,1
15,0,26,4,N,nb20,870,1.496,-0.592,0,0
15,0,26,4,N,nb21,870,-1.057,1.629,1,1
15,0,26,4,N,nb22,870,-1.523,0.063,2,1
15,0,26,4,N,nb23,870,1.162,-1.866,1,1
15,0,26,4,N,nb24,870,0.187,1.865,0,0
15,0,26,4,N,nb25,870,-1.455,0.284,2,1
15,0,26,4,N,nb26,870,-1.294,1.701,2,1
15,0,26,4,N,nb27,870,0.941,0.752,1,1
15,0,26,4,N,nb28,870,-1.341,1.865,2,1
15,0,26,4,N,nb29,870,1.67,0.752,2,1
15,0,26,4,A,aa0,870,1.606,0.556,3,1
15,0,26,4,A,aa1,870,0.329,1.278,0,0
15,0,26,4,A,aa2,870,1.162,1.837,2,0
15,0,26,4,A,aa3,870,-1.096,-0.642,0,0
15,0,26,4,N,nb0,875,1.866,0.794,2,0
15,0,26,4,N,nb1,875,-1.577,1.866,1,1
15,0,26,4,N,nb2,875,0.267,1.066,0,0
15,0,26,4,N,nb3,875,-1.279,0.112,2,1
15,0,26,4,N,nb4,875,0.977,-1.86,2,1
15,0,26,4,N,nb5,875,1.542,1.229,1,1
15,0,26,4,N,nb6,875,1.866,1.304,1,1
15,0,26,4,N,nb7,875,-0.727,1.45,1,1
15,0,26,4,N,nb8,875,-0.467,-0.085,1,0
15,0,26,4,N,nb9,875,1.865,1.134,3,1
15,0,26,4,N,nb10,875,-0.303,-0.044,1,0
15,0,26,4,N,nb11,875,1.801,0.976,4,1
15,0,26,4,N,nb12,875,0.792,0.833,2,1
15,0,26,4,N,nb13,875,1.037,1.627,1,1
15,0,26,4,N,nb14,875,0.846,-1.753,1,1
15,0,26,4,N,nb15,875,1.628,1.083,4,1
15,0,26,4,N,nb16,875,0.953,1.851,1,1
15,0,26,4,N,nb17,875,-0.656,1.291,1,1
15,0,26,4,N,nb18,875,1.49,0.977,1,0
15,0,26,4,N,nb19,875,0.814,1.002,1,1
15,0,26,4,N,nb20,875,1.585,-0.547,0,0
15,0,26,4,N,nb21,875,-1.057,1.629,1,1
15,0,26,4,N,nb22,875,-1.523,0.063,2,1
15,0,26,4,N,nb23,875,1.162,-1.866,1,1
15,0,26,4,N,nb24,875,0.096,1.865,0,0
15,0,26,4,N,nb25,875,-1.455,0.284,2,1
15,0,26,4,N,nb26,875,-1.294,1.701,2,1
15,0,26,4,N,nb27,875,0.941,0.752,1,1
15,0,26,4,N,nb28,875,-1.341,1.865,2,1
15,0,26,4,N,nb29,875,1.701,0.753,2,0
15,0,26,4,A,aa0,875,1.522,0.507,1,0
15,0,26,4,A,aa1,875,0.348,1.377,1,0
15,0,26,4,A,aa2,875,1.119,1.817,2,0
15,0,26,4,A,aa3,875,-1.086,-0.742,0,0
15,0,26,4,N,nb0,880,1.866,0.82,2,0
15,0,26,4,N,nb1,880,-1.577,1.866,1,1
15,0,26,4,N,nb2,880,0.202,1.142,0,0
15,0,26,4,N,nb3,880,-1.279,0.112,2,1
15,0,26,4,N,nb4,880,0.977,-1.86,2,1
15,0,26,4,N,nb5,880,1.542,1.229,2,0
15,0,26,4,N,nb6,880,1.866,1.304,1,1
15,0,26,4,N,nb7,880,-0.727,1.45,1,1
15,0,26,4,N,nb8,880,-0.467,-0.085,1,1
15,0,26,4,N,nb9,880,1.865,1.134,3,1
15,0,26,4,N,nb10,880,-0.303,-0.044,1,1
15,0,26,4,N,nb11,880,1.801,0.976,3,1
15,0,26,4,N,nb12,880,0.792,0.833,2,1
15,0,26,4,N,nb13,880,1.037,1.626,1,1
15,0,26,4,N,nb14,880,0.846,-1.753,1,1
15,0,26,4,N,nb15,880,1.628,1.083,4,1
15,0,26,4,N,nb16,880,0.924,1.845,1,1
15,0,26,4,N,nb17,880,-0.656,1.291,1,1
15,0,26,4,N,nb18,880,1.412,1.03,2,0
15,0,26,4,N,nb19,880,0.814,1.002,1,1
15,0,26,4,N,nb20,880,1.675,-0.502,0,0
15,0,26,4,N,nb21,880,-1.057,1.629,1,1
15,0,26,4,N,nb22,880,-1.523,0.063,2,1
15,0,26,4,N,nb23,880,1.162,-1.866,1,1
15,0,26,4,N,nb24,880,0.004,1.858,0,0
15,0,26,4,N,nb25,880,-1.455,0.284,2,1
15,0,26,4,N,nb26,880,-1.294,1.701,2,1
15,0,26,4,N,nb27,880,0.941,0.752,1,1
15,0,26,4,N,nb28,880,-1.341,1.865,2,1
15,0,26,4,N,nb29,880,1.717,0.739,1,0
15,0,26,4,A,aa0,880,1.436,0.455,1,0
15,0,26,4,A,aa1,880,0.367,1.475,0,0
15,0,26,4,A,aa2,880,1.085,1.789,2,0
15,0,26,4,A,aa3,880,-1.077,-0.841,0,0
15,0,26,4,N,nb0,885,1.866,0.82,2,1
15,0,26,4,N,nb1,885,-1.577,1.866,1,1
15,0,26,4,N,nb2,885,0.137,1.218,0,0
15,0,26,4,N,nb3,885,-1.279,0.112,2,1
15,0,26,4,N,nb4,885,0.977,-1.86,2,1
15,0,26,4,N,nb5,885,1.542,1.229,2,1
15,0,26,4,N,nb6,885,1.866,1.304,1,1
15,0,26,4,N,nb7,885,-0.727,1.45,1,1
15,0,26,4,N,nb8,885,-0.467,-0.085,1,1
15,0,26,4,N,nb9,885,1.865,1.134,3,1
15,0,26,4,N,nb10,885,-0.303,-0.044,1,1
15,0,26,4,N,nb11,885,1.801,0.976,3,1
15,0,26,4,N,nb12,885,0.792,0.833,2,1
15,0,26,4,N,nb13,885,1.037,1.626,1,1
15,0,26,4,N,nb14,885,0.846,-1.753,1,1
15,0,26,4,N,nb15,885,1.628,1.083,3,1
15,0,26,4,N,nb16,885,0.924,1.845,1,1
15,0,26,4,N,nb17,885,-0.656,1.291,1,1
15,0,26,4,N,nb18,885,1.377,1.051,1,1
15,0,26,4,N,nb19,885,0.814,1.002,1,1
15,0,26,4,N,nb20,885,1.764,-0.457,0,0
15,0,26,4,N,nb21,885,-1.057,1.629,1,1
15,0,26,4,N,nb22,885,-1.523,0.063,2,1
15,0,26,4,N,nb23,885,1.162,-1.866,1,1
15,0,26,4,N,nb24,885,-0.088,1.841,0,0
15,0,26,4,N,nb25,885,-1.455,0.284,2,1
15,0,26,4,N,nb26,885,-1.294,1.701,2,1
15,0,26,4,N,nb27,885,0.941,0.752,1,1
15,0,26,4,N,nb28,885,-1.341,1.865,2,1
15,0,26,4,N,nb29,885,1.726,0.724,1,1
15,0,26,4,A,aa0,885,1.351,0.402,2,0
15,0,26,4,A,aa1,885,0.386,1.573,0,0
15,0,26,4,A,aa2,885,1.085,1.789,2,0
15,0,26,4,A,aa3,885,-1.068,-0.941,0,0
15,0,26,4,N,nb0,890,1.866,0.82,2,1
15,0,26,4,N,nb1,890,-1.577,1.866,1,1
15,0,26,4,N,nb2,890,0.071,1.293,0,0
15,0,26,4,N,nb3,890,-1.279,0.112,2,1
15,0,26,4,N,nb4,890,0.977,-1.86,2,1
15,0,26,4,N,nb5,890,1.542,1.229,2,1
15,0,26,4,N,nb6,890,1.866,1.304,1,1
15,0,26,4,N,nb7,890,-0.727,1.45,1,1
15,0,26,4,N,nb8,890,-0.467,-0.085,1,1
15,0,26,4,N,nb9,890,1.865,1.134,3,1
15,0,26,4,N,nb10,890,-0.303,-0.044,1,1
15,0,26,4,N,nb11,890,1.801,0.976,3,1
15,0,26,4,N,nb12,890,0.792,0.833,2,1
15,0,26,4,N,nb13,890,1.037,1.626,1,1
15,0,26,4,N,nb14,890,0.846,-1.753,1,1
15,0,26,4,N,nb15,890,1.628,1.083,3,1
15,0,26,4,N,nb16,890,0.924,1.845,1,1
15,0,26,4,N,nb17,890,-0.656,1.291,1,1
15,0,26,4,N,nb18,890,1.377,1.051,1,1
15,0,26,4,N,nb19,890,0.814,1.002,1,1
15,0,26,4,N,nb20,890,1.842,-0.413,0,0
15,0,26,4,N,nb21,890,-1.057,1.629,1,1
15,0,26,4,N,nb22,890,-1.523,0.063,2,1
15,0,26,4,N,nb23,890,1.162,-1.866,1,1
15,0,26,4,N,nb24,890,-0.178,1.815,0,0
15,0,26,4,N,nb25,890,-1.455,0.284,2,1
15,0,26,4,N,nb26,890,-1.294,1.701,2,1
15,0,26,4,N,nb27,890,0.941,0.752,1,1
15,0,26,4,N,nb28,890,-1.341,1.865,2,1
15,0,26,4,N,nb29,890,1.726,0.724,1,1
15,0,26,4,A,aa0,890,1.266,0.35,2,0
15,0,26,4,A,aa1,890,0.405,1.671,1,0
15,0,26,4,A,aa2,890,1.085,1.789,2,0
15,0,26,4,A,aa3,890,-1.059,-1.04,0,0
15,0,26,4,N,nb0,895,1.866,0.82,2,1
15,0,26,4,N,nb1,895,-1.577,1.866,1,1
15,0,26,4,N,nb2,895,0.006,1.369,0,0
15,0,26,4,N,nb3,895,-1.279,0.112,2,1
15,0,26,4,N,nb4,895,0.977,-1.86,2,1
15,0,26,4,N,nb5,895,1.542,1.229,2,1
15,0,26,4,N,nb6,895,1.866,1.304,1,1
15,0,26,4,N,nb7,895,-0.727,1.45,1,1
15,0,26,4,N,nb8,895,-0.467,-0.085,1,1
15,0,26,4,N,nb9,895,1.865,1.134,3,1
15,0,26,4,N,nb10,895,-0.303,-0.044,1,1
15,0,26,4,N,nb11,895,1.801,0.976,3,1
15,0,26,4,N,nb12,895,0.792,0.833,2,1
15,0,26,4,N,nb13,895,1.037,1.626,1,1
15,0,26,4,N,nb14,895,0.846,-1.753,1,1
15,0,26,4,N,nb15,895,1.628,1.083,3,1
15,0,26,4,N,nb16,895,0.924,1.845,1,1
15,0,26,4,N,nb17,895,-0.656,1.291,1,1
15,0,26,4,N,nb18,895,1.377,1.051,1,1
15,0,26,4,N,nb19,895,0.814,1.002,1,1
15,0,26,4,N,nb20,895,1.866,-0.362,0,0
15,0,26,4,N,nb21,895,-1.057,1.629,1,1
15,0,26,4,N,nb22,895,-1.523,0.063,2,1
15,0,26,4,N,nb23,895,1.162,-1.866,1,1
15,0,26,4,N,nb24,895,-0.265,1.781,0,0
15,0,26,4,N,nb25,895,-1.455,0.284,2,1
15,0,26,4,N,nb26,895,-1.294,1.701,2,1
15,0,26,4,N,nb27,895,0.941,0.752,1,1
15,0,26,4,N,nb28,895,-1.341,1.865,2,1
15,0,26,4,N,nb29,895,1.726,0.724,1,1
15,0,26,4,A,aa0,895,1.181,0.298,0,0
15,0,26,4,A,aa1,895,0.424,1.769,1,0
15,0,26,4,A,aa2,895,1.113,1.778,2,0
15,0,26,4,A,aa3,895,-1.049,-1.14,0,0
15,0,26,4,N,nb0,900,1.866,0.82,2,1
15,0,26,4,N,nb1,900,-1.577,1.866,1,1
15,0,26,4,N,nb2,900,-0.059,1.445,0,0
15,0,26,4,N,nb3,900,-1.279,0.112,2,1
15,0,26,4,N,nb4,900,0.977,-1.86,2,1
15,0,26,4,N,nb5,900,1.542,1.229,2,1
15,0,26,4,N,nb6,900,1.866,1.304,1,1
15,0,26,4,N,nb7,900,-0.727,1.45,1,1
15,0,26,4,N,nb8,900,-0.467,-0.085,1,1
15,0,26,4,N,nb9,900,1.865,1.134,3,1
15,0,26,4,N,nb10,900,-0.303,-0.044,1,1
15,0,26,4,N,nb11,900,1.801,0.976,3,1
15,0,26,4,N,nb12,900,0.792,0.833,2,0
15,0,26,4,N,nb13,900,1.037,1.626,1,1
15,0,26,4,N,nb14,900,0.846,-1.753,1,1
15,0,26,4,N,nb15,900,1.628,1.083,3,1
15,0,26,4,N,nb16,900,0.924,1.845,1,1
15,0,26,4,N,nb17,900,-0.656,1.291,1,1
15,0,26,4,N,nb18,900,1.377,1.051,1,1
15,0,26,4,N,nb19,900,0.814,1.002,1,0
15,0,26,4,N,nb20,900,1.866,-0.299,0,0
15,0,26,4,N,nb21,900,-1.057,1.629,1,1
15,0,26,4,N,nb22,900,-1.523,0.063,2,1
15,0,26,4,N,nb23,900,1.162,-1.866,1,1
15,0,26,4,N,nb24,900,-0.352,1.739,0,0
15,0,26,4,N,nb25,900,-1.455,0.284,2,1
15,0,26,4,N,nb26,900,-1.294,1.701,2,1
15,0,26,4,N,nb27,900,0.941,0.752,1,1
15,0,26,4,N,nb28,900,-1.341,1.865,2,1
15,0,26,4,N,nb29,900,1.726,0.724,1,1
15,0,26,4,A,aa0,900,1.095,0.246,1,0
15,0,26,4,A,aa1,900,0.446,1.852,1,0
15,0,26,4,A,aa2,900,1.165,1.738,2,0
15,0,26,4,A,aa3,900,-1.04,-1.24,0,0
15,0,26,4,N,nb0,905,1.866,0.82,2,1
15,0,26,4,N,nb1,905,-1.577,1.866,1,1
15,0,26,4,N,nb2,905,-0.124,1.521,0,0
15,0,26,4,N,nb3,905,-1.279,0.112,2,1
15,0,26,4,N,nb4,905,0.977,-1.86,2,1
15,0,26,4,N,nb5,905,1.537,1.226,2,0
15,0,26,4,N,nb6,905,1.866,1.304,1,1
15,0,26,4,N,nb7,905,-0.727,1.45,1,1
15,0,26,4,N,nb8,905,-0.467,-0.085,1,1
15,0,26,4,N,nb9,905,1.865,1.134,3,0
15,0,26,4,N,nb10,905,-0.303,-0.044,1,1
15,0,26,4,N,nb11,905,1.801,0.976,3,1
15,0,26,4,N,nb12,905,0.792,0.833,2,1
15,0,26,4,N,nb13,905,1.023,1.618,0,0
15,0,26,4,N,nb14,905,0.846,-1.753,1,1
15,0,26,4,N,nb15,905,1.628,1.083,3,1
15,0,26,4,N,nb16,905,0.911,1.852,0,0
15,0,26,4,N,nb17,905,-0.656,1.291,1,1
15,0,26,4,N,nb18,905,1.377,1.051,1,1
15,0,26,4,N,nb19,905,0.814,1.002,1,1
15,0,26,4,N,nb20,905,1.866,-0.227,0,0
15,0,26,4,N,nb21,905,-1.057,1.629,1,1
15,0,26,4,N,nb22,905,-1.523,0.063,2,1
15,0,26,4,N,nb23,905,1.162,-1.866,1,1
15,0,26,4,N,nb24,905,-0.441,1.694,0,0
15,0,26,4,N,nb25,905,-1.455,0.284,2,1
15,0,26,4,N,nb26,905,-1.294,1.701,2,1
15,0,26,4,N,nb27,905,0.941,0.752,1,1
15,0,26,4,N,nb28,905,-1.341,1.865,2,1
15,0,26,4,N,nb29,905,1.726,0.724,1,1
15,0,26,4,A,aa0,905,1.01,0.193,1,0
15,0,26,4,A,aa1,905,0.48,1.865,0,0
15,0,26,4,A,aa2,905,1.223,1.665,0,0
15,0,26,4,A,aa3,905,-1.031,-1.339,0,0
15,0,26,4,N,nb0,910,1.866,0.82,2,1
15,0,26,4,N,nb1,910,-1.577,1.866,1,1
15,0,26,4,N,nb2,910,-0.189,1.597,0,0
15,0,26,4,N,nb3,910,-1.279,0.112,2,1
15,0,26,4,N,nb4,910,0.977,-1.86,2,1
15,0,26,4,N,nb5,910,1.49,1.181,2,0
15,0,26,4,N,nb6,910,1.866,1.304,1,0
15,0,26,4,N,nb7,910,-0.727,1.45,1,1
15,0,26,4,N,nb8,910,-0.467,-0.085,1,1
15,0,26,4,N,nb9,910,1.865,1.134,3,1
15,0,26,4,N,nb10,910,-0.303,-0.044,1,1
15,0,26,4,N,nb11,910,1.801,0.976,3,1
15,0,26,4,N,nb12,910,0.792,0.833,2,1
15,0,26,4,N,nb13,910,0.937,1.568,0,0
15,0,26,4,N,nb14,910,0.846,-1.753,1,1
15,0,26,4,N,nb15,910,1.628,1.083,3,1
15,0,26,4,N,nb16,910,0.831,1.865,0,0
15,0,26,4,N,nb17,910,-0.656,1.291,1,1
15,0,26,4,N,nb18,910,1.377,1.051,1,1
15,0,26,4,N,nb19,910,0.814,1.002,1,1
15,0,26,4,N,nb20,910,1.866,-0.147,0,0
15,0,26,4,N,nb21,910,-1.057,1.629,1,0
15,0,26,4,N,nb22,910,-1.523,0.063,2,1
15,0,26,4,N,nb23,910,1.162,-1.866,1,1
15,0,26,4,N,nb24,910,-0.53,1.648,0,0
15,0,26,4,N,nb25,910,-1.455,0.284,2,1
15,0,26,4,N,nb26,910,-1.294,1.701,2,1
15,0,26,4,N,nb27,910,0.941,0.752,1,1
15,0,26,4,N,nb28,910,-1.341,1.865,2,1
15,0,26,4,N,nb29,910,1.726,0.724,1,1
15,0,26,4,A,aa0,910,0.986,0.161,1,0
15,0,26,4,A,aa1,910,0.527,1.865,0,0
15,0,26,4,A,aa2,910,1.288,1.594,1,0
15,0,26,4,A,aa3,910,-1.023,-1.422,0,0
15,0,26,4,N,nb0,915,1.866,0.82,2,1
15,0,26,4,N,nb1,915,-1.577,1.866,1,1
15,0,26,4,N,nb2,915,-0.254,1.673,0,0
15,0,26,4,N,nb3,915,-1.279,0.112,2,1
15,0,26,4,N,nb4,915,0.977,-1.86,2,1
15,0,26,4,N,nb5,915,1.485,1.174,2,1
15,0,26,4,N,nb6,915,1.866,1.304,1,1
15,0,26,4,N,nb7,915,-0.727,1.45,2,1
15,0,26,4,N,nb8,915,-0.467,-0.085,1,1
15,0,26,4,N,nb9,915,1.865,1.134,3,1
15,0,26,4,N,nb10,915,-0.303,-0.044,1,1
15,0,26,4,N,nb11,915,1.801,0.976,3,0
15,0,26,4,N,nb12,915,0.792,0.833,2,1
15,0,26,4,N,nb13,915,0.85,1.519,0,0
15,0,26,4,N,nb14,915,0.846,-1.753,1,1
15,0,26,4,N,nb15,915,1.628,1.083,3,1
15,0,26,4,N,nb16,915,0.75,1.865,0,0
15,0,26,4,N,nb17,915,-0.656,1.291,1,1
15,0,26,4,N,nb18,915,1.372,1.048,1,1
15,0,26,4,N,nb19,915,0.814,1.002,1,1
15,0,26,4,N,nb20,915,1.866,-0.062,0,0
15,0,26,4,N,nb21,915,-1.057,1.629,1,1
15,0,26,4,N,nb22,915,-1.523,0.063,2,1
15,0,26,4,N,nb23,915,1.162,-1.866,1,1
15,0,26,4,N,nb24,915,-0.566,1.63,1,1
15,0,26,4,N,nb25,915,-1.455,0.284,2,1
15,0,26,4,N,nb26,915,-1.294,1.701,2,1
15,0,26,4,N,nb27,915,0.941,0.752,1,1
15,0,26,4,N,nb28,915,-1.341,1.865,2,1
15,0,26,4,N,nb29,915,1.726,0.724,1,1
15,0,26,4,A,aa0,915,0.931,0.079,0,0
15,0,26,4,A,aa1,915,0.582,1.865,0,0
15,0,26,4,A,aa2,915,1.357,1.522,2,0
15,0,26,4,A,aa3,915,-0.995,-1.471,0,0
15,0,26,4,N,nb0,920,1.866,0.82,2,1
15,0,26,4,N,nb1,920,-1.577,1.866,1,1
15,0,26,4,N,nb2,920,-0.319,1.749,0,0
15,0,26,4,N,nb3,920,-1.279,0.112,2,1
15,0,26,4,N,nb4,920,0.977,-1.86,2,0
15,0,26,4,N,nb5,920,1.47,1.165,2,0
15,0,26,4,N,nb6,920,1.866,1.301,1,0
15,0,26,4,N,nb7,920,-0.727,1.45,2,1
15,0,26,4,N,nb8,920,-0.467,-0.085,1,1
15,0,26,4,N,nb9,920,1.865,1.131,3,0
15,0,26,4,N,nb10,920,-0.303,-0.044,1,1
15,0,26,4,N,nb11,920,1.798,0.975,3,1
15,0,26,4,N,nb12,920,0.792,0.833,2,1
15,0,26,4,N,nb13,920,0.764,1.469,0,0
15,0,26,4,N,nb14,920,0.846,-1.753,1,0
15,0,26,4,N,nb15,920,1.628,1.083,3,0
15,0,26,4,N,nb16,920,0.72,1.863,0,0
15,0,26,4,N,nb17,920,-0.656,1.291,1,1
15,0,26,4,N,nb18,920,1.34,1.058,1,0
15,0,26,4,N,nb19,920,0.814,1.002,1,1
15,0,26,4,N,nb20,920,1.866,0.028,0,0
15,0,26,4,N,nb21,920,-1.057,1.629,1,1
15,0,26,4,N,nb22,920,-1.523,0.063,2,1
15,0,26,4,N,nb23,920,1.162,-1.866,1,0
15,0,26,4,N,nb24,920,-0.566,1.63,1,1
15,0,26,4,N,nb25,920,-1.455,0.284,2,1
15,0,26,4,N,nb26,920,-1.294,1.701,2,1
15,0,26,4,N,nb27,920,0.941,0.752,1,1
15,0,26,4,N,nb28,920,-1.341,1.865,2,1
15,0,26,4,N,nb29,920,1.726,0.724,1,1
15,0,26,4,A,aa0,920,0.875,-0.004,0,0
15,0,26,4,A,aa1,920,0.552,1.865,0,0
15,0,26,4,A,aa2,920,1.427,1.45,1,0
15,0,26,4,A,aa3,920,-0.945,-1.558,0,0
15,0,26,4,N,nb0,925,1.866,0.82,2,1
15,0,26,4,N,nb1,925,-1.577,1.866,1,1
15,0,26,4,N,nb2,925,-0.381,1.818,0,0
15,0,26,4,N,nb3,925,-1.279,0.112,2,1
15,0,26,4,N,nb4,925,0.977,-1.86,2,1
15,0,26,4,N,nb5,925,1.418,1.136,2,0
15,0,26,4,N,nb6,925,1.866,1.289,1,0
15,0,26,4,N,nb7,925,-0.727,1.45,2,0
15,0,26,4,N,nb8,925,-0.467,-0.085,1,1
15,0,26,4,N,nb9,925,1.865,1.119,2,0
15,0,26,4,N,nb10,925,-0.303,-0.044,1,1
15,0,26,4,N,nb11,925,1.786,0.969,2,1
15,0,26,4,N,nb12,925,0.792,0.833,2,1
15,0,26,4,N,nb13,925,0.677,1.419,0,0
15,0,26,4,N,nb14,925,0.846,-1.753,1,1
15,0,26,4,N,nb15,925,1.596,1.163,1,0
15,0,26,4,N,nb16,925,0.676,1.86,0,0
15,0,26,4,N,nb17,925,-0.656,1.291,1,0
15,0,26,4,N,nb18,925,1.253,1.096,1,0
15,0,26,4,N,nb19,925,0.814,1.002,1,1
15,0,26,4,N,nb20,925,1.866,0.119,0,0
15,0,26,4,N,nb21,925,-1.057,1.629,1,1
15,0,26,4,N,nb22,925,-1.523,0.063,2,1
15,0,26,4,N,nb23,925,1.162,-1.866,1,1
15,0,26,4,N,nb24,925,-0.566,1.63,1,1
15,0,26,4,N,nb25,925,-1.455,0.284,2,1
15,0,26,4,N,nb26,925,-1.294,1.701,2,0
15,0,26,4,N,nb27,925,0.941,0.752,1,1
15,0,26,4,N,nb28,925,-1.341,1.865,2,0
15,0,26,4,N,nb29,925,1.726,0.724,1,1
15,0,26,4,A,aa0,925,0.819,-0.087,0,0
15,0,26,4,A,aa1,925,0.509,1.865,0,0
15,0,26,4,A,aa2,925,1.493,1.384,0,0
15,0,26,4,A,aa3,925,-0.895,-1.645,0,0
15,0,26,4,N,nb0,930,1.866,0.82,2,1
15,0,26,4,N,nb1,930,-1.577,1.866,1,1
15,0,26,4,N,nb2,930,-0.449,1.865,0,0
15,0,26,4,N,nb3,930,-1.279,0.112,2,1
15,0,26,4,N,nb4,930,0.977,-1.86,2,1
15,0,26,4,N,nb5,930,1.374,1.1,1,1
15,0,26,4,N,nb6,930,1.866,1.282,1,1
15,0,26,4,N,nb7,930,-0.727,1.45,2,1
15,0,26,4,N,nb8,930,-0.467,-0.085,1,1
15,0,26,4,N,nb9,930,1.865,1.11,2,1
15,0,26,4,N,nb10,930,-0.303,-0.044,1,1
15,0,26,4,N,nb11,930,1.778,0.965,3,1
15,0,26,4,N,nb12,930,0.792,0.833,2,1
15,0,26,4,N,nb13,930,0.59,1.37,0,0
15,0,26,4,N,nb14,930,0.846,-1.753,1,1
15,0,26,4,N,nb15,930,1.6,1.211,0,0
15,0,26,4,N,nb16,930,0.627,1.853,0,0
15,0,26,4,N,nb17,930,-0.656,1.291,1,1
15,0,26,4,N,nb18,930,1.196,1.121,1,1
15,0,26,4,N,nb19,930,0.814,1.002,1,1
15,0,26,4,N,nb20,930,1.858,0.211,0,0
15,0,26,4,N,nb21,930,-1.057,1.629,1,1
15,0,26,4,N,nb22,930,-1.523,0.063,2,1
15,0,26,4,N,nb23,930,1.162,-1.866,1,1
15,0,26,4,N,nb24,930,-0.566,1.63,1,1
15,0,26,4,N,nb25,930,-1.455,0.284,2,1
15,0,26,4,N,nb26,930,-1.294,1.701,2,1
15,0,26,4,N,nb27,930,0.941,0.752,1,1
15,0,26,4,N,nb28,930,-1.341,1.865,2,1
15,0,26,4,N,nb29,930,1.726,0.724,2,1
15,0,26,4,A,aa0,930,0.763,-0.17,0,0
15,0,26,4,A,aa1,930,0.46,1.861,0,0
15,0,26,4,A,aa2,930,1.538,1.369,3,1
15,0,26,4,A,aa3,930,-0.846,-1.732,0,0
15,0,26,4,N,nb0,935,1.866,0.82,2,1
15,0,26,4,N,nb1,935,-1.577,1.866,1,1
15,0,26,4,N,nb2,935,-0.494,1.865,1,1
15,0,26,4,N,nb3,935,-1.279,0.112,2,1
15,0,26,4,N,nb4,935,0.977,-1.86,2,1
15,0,26,4,N,nb5,935,1.338,1.065,1,0
15,0,26,4,N,nb6,935,1.866,1.279,2,0
15,0,26,4,N,nb7,935,-0.727,1.45,2,1
15,0,26,4,N,nb8,935,-0.467,-0.085,1,1
15,0,26,4,N,nb9,935,1.865,1.11,2,1
15,0,26,4,N,nb10,935,-0.303,-0.044,1,1
15,0,26,4,N,nb11,935,1.778,0.965,3,1
15,0,26,4,N,nb12,935,0.792,0.833,2,1
15,0,26,4,N,nb13,935,0.503,1.32,0,0
15,0,26,4,N,nb14,935,0.846,-1.753,1,1
15,0,26,4,N,nb15,935,1.63,1.228,1,1
15,0,26,4,N,nb16,935,0.58,1.835,0,0
15,0,26,4,N,nb17,935,-0.656,1.291,1,1
15,0,26,4,N,nb18,935,1.144,1.142,1,0
15,0,26,4,N,nb19,935,0.814,1.002,1,1
15,0,26,4,N,nb20,935,1.841,0.303,0,0
15,0,26,4,N,nb21,935,-1.057,1.629,1,1
15,0,26,4,N,nb22,935,-1.523,0.063,2,1
15,0,26,4,N,nb23,935,1.162,-1.866,1,1
15,0,26,4,N,nb24,935,-0.566,1.63,2,1
15,0,26,4,N,nb25,935,-1.455,0.284,2,1
15,0,26,4,N,nb26,935,-1.294,1.701,2,1
15,0,26,4,N,nb27,935,0.941,0.752,1,1
15,0,26,4,N,nb28,935,-1.341,1.865,2,1
15,0,26,4,N,nb29,935,1.726,0.724,2,1
15,0,26,4,A,aa0,935,0.707,-0.253,0,0
15,0,26,4,A,aa1,935,0.413,1.844,0,0
15,0,26,4,A,aa2,935,1.576,1.39,0,0
15,0,26,4,A,aa3,935,-0.798,-1.814,0,0
15,0,26,4,N,nb0,940,1.866,0.82,2,1
15,0,26,4,N,nb1,940,-1.577,1.866,1,1
15,0,26,4,N,nb2,940,-0.494,1.865,1,1
15,0,26,4,N,nb3,940,-1.279,0.112,2,1
15,0,26,4,N,nb4,940,0.977,-1.86,2,1
15,0,26,4,N,nb5,940,1.28,0.993,0,0
15,0,26,4,N,nb6,940,1.866,1.279,2,0
15,0,26,4,N,nb7,940,-0.727,1.45,2,1
15,0,26,4,N,nb8,940,-0.467,-0.085,1,1
15,0,26,4,N,nb9,940,1.865,1.11,3,1
15,0,26,4,N,nb10,940,-0.303,-0.044,1,1
15,0,26,4,N,nb11,940,1.778,0.965,3,1
15,0,26,4,N,nb12,940,0.792,0.833,2,1
15,0,26,4,N,nb13,940,0.416,1.27,0,0
15,0,26,4,N,nb14,940,0.846,-1.753,1,1
15,0,26,4,N,nb15,940,1.641,1.215,2,1
15,0,26,4,N,nb16,940,0.536,1.804,0,0
15,0,26,4,N,nb17,940,-0.656,1.291,1,1
15,0,26,4,N,nb18,940,1.052,1.179,0,0
15,0,26,4,N,nb19,940,0.814,1.002,1,1
15,0,26,4,N,nb20,940,1.814,0.393,0,0
15,0,26,4,N,nb21,940,-1.057,1.629,1,1
15,0,26,4,N,nb22,940,-1.523,0.063,2,1
15,0,26,4,N,nb23,940,1.162,-1.866,1,1
15,0,26,4,N,nb24,940,-0.566,1.63,2,1
15,0,26,4,N,nb25,940,-1.455,0.284,2,1
15,0,26,4,N,nb26,940,-1.294,1.701,2,1
15,0,26,4,N,nb27,940,0.941,0.752,1,1
15,0,26,4,N,nb28,940,-1.341,1.865,2,1
15,0,26,4,N,nb29,940,1.726,0.724,2,1
15,0,26,4,A,aa0,940,0.651,-0.336,0,0
15,0,26,4,A,aa1,940,0.368,1.815,0,0
15,0,26,4,A,aa2,940,1.645,1.384,2,0
15,0,26,4,A,aa3,940,-0.745,-1.866,0,0
15,0,26,4,N,nb0,945,1.866,0.82,2,1
15,0,26,4,N,nb1,945,-1.577,1.866,1,1
15,0,26,4,N,nb2,945,-0.494,1.865,1,1
15,0,26,4,N,nb3,945,-1.279,0.112,2,1
15,0,26,4,N,nb4,945,0.977,-1.86,2,1
15,0,26,4,N,nb5,945,1.221,0.912,0,0
15,0,26,4,N,nb6,945,1.865,1.279,2,0
15,0,26,4,N,nb7,945,-0.727,1.45,2,1
15,0,26,4,N,nb8,945,-0.467,-0.085,1,1
15,0,26,4,N,nb9,945,1.865,1.11,3,1
15,0,26,4,N,nb10,945,-0.303,-0.044,1,1
15,0,26,4,N,nb11,945,1.778,0.965,3,0
15,0,26,4,N,nb12,945,0.792,0.833,2,1
15,0,26,4,N,nb13,945,0.33,1.221,0,0
15,0,26,4,N,nb14,945,0.846,-1.753,1,1
15,0,26,4,N,nb15,945,1.641,1.213,2,0
15,0,26,4,N,nb16,945,0.493,1.759,0,0
15,0,26,4,N,nb17,945,-0.656,1.291,1,1
15,0,26,4,N,nb18,945,0.961,1.217,0,0
15,0,26,4,N,nb19,945,0.814,1.002,1,1
15,0,26,4,N,nb20,945,1.78,0.48,0,0
15,0,26,4,N,nb21,945,-1.057,1.629,1,1
15,0,26,4,N,nb22,945,-1.523,0.063,2,1
15,0,26,4,N,nb23,945,1.162,-1.866,1,1
15,0,26,4,N,nb24,945,-0.566,1.63,2,1
15,0,26,4,N,nb25,945,-1.455,0.284,2,1
15,0,26,4,N,nb26,945,-1.294,1.701,2,1
15,0,26,4,N,nb27,945,0.941,0.752,1,1
15,0,26,4,N,nb28,945,-1.341,1.865,2,1
15,0,26,4,N,nb29,945,1.726,0.724,2,1
15,0,26,4,A,aa0,945,0.595,-0.419,0,0
15,0,26,4,A,aa1,945,0.326,1.772,0,0
15,0,26,4,A,aa2,945,1.724,1.373,3,1
15,0,26,4,A,aa3,945,-0.684,-1.866,0,0
15,0,26,4,N,nb0,950,1.866,0.82,2,1
15,0,26,4,N,nb1,950,-1.577,1.866,1,1
15,0,26,4,N,nb2,950,-0.494,1.865,1,1
15,0,26,4,N,nb3,950,-1.279,0.112,2,1
15,0,26,4,N,nb4,950,0.977,-1.86,2,1
15,0,26,4,N,nb5,950,1.163,0.833,1,1
15,0,26,4,N,nb6,950,1.865,1.279,2,0
15,0,26,4,N,nb7,950,-0.727,1.45,2,1
15,0,26,4,N,nb8,950,-0.467,-0.085,1,1
15,0,26,4,N,nb9,950,1.865,1.11,2,1
15,0,26,4,N,nb10,950,-0.303,-0.044,1,1
15,0,26,4,N,nb11,950,1.768,0.971,2,0
15,0,26,4,N,nb12,950,0.792,0.833,2,1
15,0,26,4,N,nb13,950,0.243,1.171,0,0
15,0,26,4,N,nb14,950,0.846,-1.753,1,1
15,0,26,4,N,nb15,950,1.64,1.298,1,0
15,0,26,4,N,nb16,950,0.453,1.702,0,0
15,0,26,4,N,nb17,950,-0.656,1.291,1,1
15,0,26,4,N,nb18,950,0.879,1.258,0,0
15,0,26,4,N,nb19,950,0.814,1.002,1,1
15,0,26,4,N,nb20,950,1.771,0.499,1,1
15,0,26,4,N,nb21,950,-1.057,1.629,1,1
15,0,26,4,N,nb22,950,-1.523,0.063,2,1
15,0,26,4,N,nb23,950,1.162,-1.866,1,1
15,0,26,4,N,nb24,950,-0.566,1.63,2,1
15,0,26,4,N,nb25,950,-1.455,0.284,2,1
15,0,26,4,N,nb26,950,-1.294,1.701,2,1
15,0,26,4,N,nb27,950,0.941,0.752,2,1
15,0,26,4,N,nb28,950,-1.341,1.865,2,1
15,0,26,4,N,nb29,950,1.726,0.724,2,1
15,0,26,4,A,aa0,950,0.54,-0.502,0,0
15,0,26,4,A,aa1,950,0.286,1.717,0,0
15,0,26,4,A,aa2,950,1.763,1.414,0,0
15,0,26,4,A,aa3,950,-0.613,-1.866,0,0
15,0,26,4,N,nb0,955,1.866,0.82,2,1
15,0,26,4,N,nb1,955,-1.577,1.866,1,1
15,0,26,4,N,nb2,955,-0.494,1.865,1,1
15,0,26,4,N,nb3,955,-1.279,0.112,2,1
15,0,26,4,N,nb4,955,0.977,-1.86,2,1
15,0,26,4,N,nb5,955,1.162,0.831,1,1
15,0,26,4,N,nb6,955,1.865,1.279,1,1
15,0,26,4,N,nb7,955,-0.727,1.45,2,1
15,0,26,4,N,nb8,955,-0.467,-0.085,1,1
15,0,26,4,N,nb9,955,1.865,1.11,2,1
15,0,26,4,N,nb10,955,-0.303,-0.044,1,1
15,0,26,4,N,nb11,955,1.742,0.993,2,1
15,0,26,4,N,nb12,955,0.792,0.833,2,1
15,0,26,4,N,nb13,955,0.156,1.121,0,0
15,0,26,4,N,nb14,955,0.846,-1.753,1,1
15,0,26,4,N,nb15,955,1.624,1.387,0,0
15,0,26,4,N,nb16,955,0.414,1.633,0,0
15,0,26,4,N,nb17,955,-0.656,1.291,1,1
15,0,26,4,N,nb18,955,0.794,1.309,0,0
15,0,26,4,N,nb19,955,0.814,1.002,1,1
15,0,26,4,N,nb20,955,1.771,0.499,1,1
15,0,26,4,N,nb21,955,-1.057,1.629,1,1
15,0,26,4,N,nb22,955,-1.523,0.063,2,1
15,0,26,4,N,nb23,955,1.162,-1.866,1,1
15,0,26,4,N,nb24,955,-0.566,1.63,2,1
15,0,26,4,N,nb25,955,-1.455,0.284,2,1
15,0,26,4,N,nb26,955,-1.294,1.701,2,1
15,0,26,4,N,nb27,955,0.941,0.752,2,0
15,0,26,4,N,nb28,955,-1.341,1.865,2,1
15,0,26,4,N,nb29,955,1.726,0.724,2,1
15,0,26,4,A,aa0,955,0.484,-0.585,0,0
15,0,26,4,A,aa1,955,0.247,1.651,0,0
15,0,26,4,A,aa2,955,1.823,1.444,0,0
15,0,26,4,A,aa3,955,-0.534,-1.866,0,0
15,0,26,4,N,nb0,960,1.866,0.82,2,1
15,0,26,4,N,nb1,960,-1.577,1.866,1,0
15,0,26,4,N,nb2,960,-0.494,1.865,1,1
15,0,26,4,N,nb3,960,-1.279,0.112,2,0
15,0,26,4,N,nb4,960,0.977,-1.86,2,1
15,0,26,4,N,nb5,960,1.162,0.831,1,1
15,0,26,4,N,nb6,960,1.865,1.279,1,1
15,0,26,4,N,nb7,960,-0.727,1.45,2,1
15,0,26,4,N,nb8,960,-0.467,-0.085,1,1
15,0,26,4,N,nb9,960,1.865,1.11,2,1
15,0,26,4,N,nb10,960,-0.303,-0.044,1,1
15,0,26,4,N,nb11,960,1.741,0.994,2,1
15,0,26,4,N,nb12,960,0.792,0.833,2,1
15,0,26,4,N,nb13,960,0.069,1.072,0,0
15,0,26,4,N,nb14,960,0.846,-1.753,1,1
15,0,26,4,N,nb15,960,1.598,1.476,0,0
15,0,26,4,N,nb16,960,0.376,1.555,0,0
15,0,26,4,N,nb17,960,-0.656,1.291,1,1
15,0,26,4,N,nb18,960,0.709,1.361,0,0
15,0,26,4,N,nb19,960,0.814,1.002,1,1
15,0,26,4,N,nb20,960,1.771,0.499,1,1
15,0,26,4,N,nb21,960,-1.057,1.629,1,1
15,0,26,4,N,nb22,960,-1.523,0.063,2,1
15,0,26,4,N,nb23,960,1.162,-1.866,1,1
15,0,26,4,N,nb24,960,-0.566,1.63,2,1
15,0,26,4,N,nb25,960,-1.455,0.284,2,0
15,0,26,4,N,nb26,960,-1.294,1.701,2,1
15,0,26,4,N,nb27,960,0.941,0.752,2,1
15,0,26,4,N,nb28,960,-1.341,1.865,2,1
15,0,26,4,N,nb29,960,1.726,0.724,2,1
15,0,26,4,A,aa0,960,0.428,-0.668,0,0
15,0,26,4,A,aa1,960,0.209,1.575,0,0
15,0,26,4,A,aa2,960,1.865,1.458,1,0
15,0,26,4,A,aa3,960,-0.449,-1.866,0,0
15,0,26,4,N,nb0,965,1.866,0.82,2,1
15,0,26,4,N,nb1,965,-1.577,1.866,1,1
15,0,26,4,N,nb2,965,-0.494,1.865,1,1
15,0,26,4,N,nb3,965,-1.279,0.112,2,1
15,0,26,4,N,nb4,965,0.977,-1.86,2,1
15,0,26,4,N,nb5,965,1.162,0.831,1,1
15,0,26,4,N,nb6,965,1.865,1.279,1,1
15,0,26,4,N,nb7,965,-0.727,1.45,2,1
15,0,26,4,N,nb8,965,-0.467,-0.085,1,1
15,0,26,4,N,nb9,965,1.865,1.11,2,1
15,0,26,4,N,nb10,965,-0.303,-0.044,1,1
15,0,26,4,N,nb11,965,1.741,0.994,2,1
15,0,26,4,N,nb12,965,0.792,0.833,2,1
15,0,26,4,N,nb13,965,-0.018,1.022,0,0
15,0,26,4,N,nb14,965,0.846,-1.753,1,1
15,0,26,4,N,nb15,965,1.563,1.568,0,0
15,0,26,4,N,nb16,965,0.343,1.47,0,0
15,0,26,4,N,nb17,965,-0.656,1.291,1,1
15,0,26,4,N,nb18,965,0.624,1.413,0,0
15,0,26,4,N,nb19,965,0.814,1.002,1,1
15,0,26,4,N,nb20,965,1.771,0.499,1,1
15,0,26,4,N,nb21,965,-1.057,1.629,1,1
15,0,26,4,N,nb22,965,-1.523,0.063,2,1
15,0,26,4,N,nb23,965,1.162,-1.866,1,1
15,0,26,4,N,nb24,965,-0.566,1.63,2,1
15,0,26,4,N,nb25,965,-1.455,0.284,2,1
15,0,26,4,N,nb26,965,-1.294,1.701,2,1
15,0,26,4,N,nb27,965,0.941,0.752,2,1
15,0,26,4,N,nb28,965,-1.341,1.865,2,1
15,0,26,4,N,nb29,965,1.726,0.724,2,1
15,0,26,4,A,aa0,965,0.372,-0.751,0,0
15,0,26,4,A,aa1,965,0.177,1.493,0,0
15,0,26,4,A,aa2,965,1.865,1.482,1,0
15,0,26,4,A,aa3,965,-0.36,-1.866,0,0
15,0,26,4,N,nb0,970,1.866,0.82,2,1
15,0,26,4,N,nb1,970,-1.577,1.866,1,1
15,0,26,4,N,nb2,970,-0.494,1.865,1,1
15,0,26,4,N,nb3,970,-1.279,0.112,2,1
15,0,26,4,N,nb4,970,0.977,-1.86,2,1
15,0,26,4,N,nb5,970,1.162,0.831,1,1
15,0,26,4,N,nb6,970,1.865,1.279,1,1
15,0,26,4,N,nb7,970,-0.727,1.45,2,1
15,0,26,4,N,nb8,970,-0.467,-0.085,1,1
15,0,26,4,N,nb9,970,1.865,1.11,2,1
15,0,26,4,N,nb10,970,-0.303,-0.044,1,1
15,0,26,4,N,nb11,970,1.741,0.994,2,1
15,0,26,4,N,nb12,970,0.792,0.833,2,1
15,0,26,4,N,nb13,970,-0.104,0.972,0,0
15,0,26,4,N,nb14,970,0.846,-1.753,1,1
15,0,26,4,N,nb15,970,1.527,1.662,0,0
15,0,26,4,N,nb16,970,0.337,1.408,1,1
15,0,26,4,N,nb17,970,-0.656,1.291,1,1
15,0,26,4,N,nb18,970,0.572,1.444,1,1
15,0,26,4,N,nb19,970,0.814,1.002,1,1
15,0,26,4,N,nb20,970,1.771,0.499,1,1
15,0,26,4,N,nb21,970,-1.057,1.629,1,1
15,0,26,4,N,nb22,970,-1.523,0.063,2,1
15,0,26,4,N,nb23,970,1.162,-1.866,1,1
15,0,26,4,N,nb24,970,-0.566,1.63,2,1
15,0,26,4,N,nb25,970,-1.455,0.284,2,1
15,0,26,4,N,nb26,970,-1.294,1.701,2,1
15,0,26,4,N,nb27,970,0.941,0.752,2,1
15,0,26,4,N,nb28,970,-1.341,1.865,2,1
15,0,26,4,N,nb29,970,1.726,0.724,2,1
15,0,26,4,A,aa0,970,0.316,-0.834,0,0
15,0,26,4,A,aa1,970,0.169,1.411,1,0
15,0,26,4,A,aa2,970,1.865,1.504,1,0
15,0,26,4,A,aa3,970,-0.268,-1.865,0,0
15,0,26,4,N,nb0,975,1.866,0.82,2,1
15,0,26,4,N,nb1,975,-1.577,1.866,1,1
15,0,26,4,N,nb2,975,-0.494,1.865,1,1
15,0,26,4,N,nb3,975,-1.279,0.112,2,1
15,0,26,4,N,nb4,975,0.977,-1.86,2,1
15,0,26,4,N,nb5,975,1.162,0.831,1,1
15,0,26,4,N,nb6,975,1.865,1.279,1,1
15,0,26,4,N,nb7,975,-0.727,1.45,2,1
15,0,26,4,N,nb8,975,-0.467,-0.085,1,1
15,0,26,4,N,nb9,975,1.865,1.11,2,1
15,0,26,4,N,nb10,975,-0.303,-0.044,1,1
15,0,26,4,N,nb11,975,1.741,0.994,2,1
15,0,26,4,N,nb12,975,0.792,0.833,2,1
15,0,26,4,N,nb13,975,-0.191,0.923,0,0
15,0,26,4,N,nb14,975,0.846,-1.753,1,1
15,0,26,4,N,nb15,975,1.491,1.755,0,0
15,0,26,4,N,nb16,975,0.345,1.404,1,1
15,0,26,4,N,nb17,975,-0.656,1.291,1,1
15,0,26,4,N,nb18,975,0.572,1.444,1,1
15,0,26,4,N,nb19,975,0.814,1.002,1,1
15,0,26,4,N,nb20,975,1.771,0.499,1,1
15,0,26,4,N,nb21,975,-1.057,1.629,1,1
15,0,26,4,N,nb22,975,-1.523,0.063,2,1
15,0,26,4,N,nb23,975,1.162,-1.866,1,1
15,0,26,4,N,nb24,975,-0.566,1.63,2,1
15,0,26,4,N,nb25,975,-1.455,0.284,2,1
15,0,26,4,N,nb26,975,-1.294,1.701,2,1
15,0,26,4,N,nb27,975,0.941,0.752,2,1
15,0,26,4,N,nb28,975,-1.341,1.865,2,1
15,0,26,4,N,nb29,975,1.726,0.724,2,1
15,0,26,4,A,aa0,975,0.26,-0.917,0,0
15,0,26,4,A,aa1,975,0.191,1.323,1,0
15,0,26,4,A,aa2,975,1.865,1.504,1,0
15,0,26,4,A,aa3,975,-0.176,-1.859,0,0
15,0,26,4,N,nb0,980,1.866,0.82,2,1
15,0,26,4,N,nb1,980,-1.577,1.866,1,1
15,0,26,4,N,nb2,980,-0.494,1.865,1,1
15,0,26,4,N,nb3,980,-1.279,0.112,2,1
15,0,26,4,N,nb4,980,0.977,-1.86,2,1
15,0,26,4,N,nb5,980,1.162,0.831,1,0
15,0,26,4,N,nb6,980,1.865,1.279,1,1
15,0,26,4,N,nb7,980,-0.727,1.45,2,1
15,0,26,4,N,nb8,980,-0.467,-0.085,1,1
15,0,26,4,N,nb9,980,1.865,1.11,2,1
15,0,26,4,N,nb10,980,-0.303,-0.044,1,1
15,0,26,4,N,nb11,980,1.741,0.994,2,1
15,0,26,4,N,nb12,980,0.792,0.833,2,1
15,0,26,4,N,nb13,980,-0.278,0.873,0,0
15,0,26,4,N,nb14,980,0.846,-1.753,1,1
15,0,26,4,N,nb15,980,1.456,1.837,0,0
15,0,26,4,N,nb16,980,0.345,1.404,1,1
15,0,26,4,N,nb17,980,-0.656,1.291,1,1
15,0,26,4,N,nb18,980,0.572,1.444,1,1
15,0,26,4,N,nb19,980,0.814,1.002,1,1
15,0,26,4,N,nb20,980,1.771,0.499,1,1
15,0,26,4,N,nb21,980,-1.057,1.629,1,1
15,0,26,4,N,nb22,980,-1.523,0.063,2,1
15,0,26,4,N,nb23,980,1.162,-1.866,1,1
15,0,26,4,N,nb24,980,-0.566,1.63,2,1
15,0,26,4,N,nb25,980,-1.455,0.284,2,1
15,0,26,4,N,nb26,980,-1.294,1.701,2,1
15,0,26,4,N,nb27,980,0.941,0.752,2,1
15,0,26,4,N,nb28,980,-1.341,1.865,2,1
15,0,26,4,N,nb29,980,1.726,0.724,2,1
15,0,26,4,A,aa0,980,0.204,-1.0,0,0
15,0,26,4,A,aa1,980,0.206,1.229,1,0
15,0,26,4,A,aa2,980,1.853,1.575,1,0
15,0,26,4,A,aa3,980,-0.085,-1.843,0,0
15,0,26,4,N,nb0,985,1.866,0.82,2,1
15,0,26,4,N,nb1,985,-1.577,1.866,1,1
15,0,26,4,N,nb2,985,-0.494,1.865,1,1
15,0,26,4,N,nb3,985,-1.279,0.112,2,1
15,0,26,4,N,nb4,985,0.977,-1.86,2,1
15,0,26,4,N,nb5,985,1.162,0.831,1,1
15,0,26,4,N,nb6,985,1.865,1.279,1,0
15,0,26,4,N,nb7,985,-0.727,1.45,2,1
15,0,26,4,N,nb8,985,-0.467,-0.085,1,1
15,0,26,4,N,nb9,985,1.865,1.11,2,1
15,0,26,4,N,nb10,985,-0.303,-0.044,1,1
15,0,26,4,N,nb11,985,1.741,0.994,2,0
15,0,26,4,N,nb12,985,0.792,0.833,2,1
15,0,26,4,N,nb13,985,-0.365,0.824,0,0
15,0,26,4,N,nb14,985,0.846,-1.753,1,1
15,0,26,4,N,nb15,985,1.411,1.866,0,0
15,0,26,4,N,nb16,985,0.345,1.404,1,1
15,0,26,4,N,nb17,985,-0.656,1.291,1,1
15,0,26,4,N,nb18,985,0.572,1.444,1,1
15,0,26,4,N,nb19,985,0.814,1.002,1,1
15,0,26,4,N,nb20,985,1.771,0.499,1,1
15,0,26,4,N,nb21,985,-1.057,1.629,1,1
15,0,26,4,N,nb22,985,-1.523,0.063,2,1
15,0,26,4,N,nb23,985,1.162,-1.866,1,1
15,0,26,4,N,nb24,985,-0.566,1.63,2,1
15,0,26,4,N,nb25,985,-1.455,0.284,2,1
15,0,26,4,N,nb26,985,-1.294,1.701,2,1
15,0,26,4,N,nb27,985,0.941,0.752,2,1
15,0,26,4,N,nb28,985,-1.341,1.865,2,1
15,0,26,4,N,nb29,985,1.726,0.724,2,1
15,0,26,4,A,aa0,985,0.149,-1.083,0,0
15,0,26,4,A,aa1,985,0.214,1.132,2,0
15,0,26,4,A,aa2,985,1.835,1.65,1,0
15,0,26,4,A,aa3,985,0.005,-1.817,0,0
15,0,26,4,N,nb0,990,1.866,0.82,2,1
15,0,26,4,N,nb1,990,-1.577,1.866,1,1
15,0,26,4,N,nb2,990,-0.494,1.865,1,1
15,0,26,4,N,nb3,990,-1.279,0.112,2,1
15,0,26,4,N,nb4,990,0.977,-1.86,2,1
15,0,26,4,N,nb5,990,1.162,0.831,1,1
15,0,26,4,N,nb6,990,1.865,1.279,1,1
15,0,26,4,N,nb7,990,-0.727,1.45,2,1
15,0,26,4,N,nb8,990,-0.467,-0.085,1,1
15,0,26,4,N,nb9,990,1.865,1.11,2,0
15,0,26,4,N,nb10,990,-0.303,-0.044,1,1
15,0,26,4,N,nb11,990,1.741,0.994,2,1
15,0,26,4,N,nb12,990,0.792,0.833,2,1
15,0,26,4,N,nb13,990,-0.452,0.774,0,0
15,0,26,4,N,nb14,990,0.846,-1.753,1,1
15,0,26,4,N,nb15,990,1.354,1.866,0,0
15,0,26,4,N,nb16,990,0.345,1.404,1,0
15,0,26,4,N,nb17,990,-0.656,1.291,1,1
15,0,26,4,N,nb18,990,0.572,1.444,1,0
15,0,26,4,N,nb19,990,0.814,1.002,1,0
15,0,26,4,N,nb20,990,1.771,0.499,1,1
15,0,26,4,N,nb21,990,-1.057,1.629,1,1
15,0,26,4,N,nb22,990,-1.523,0.063,2,1
15,0,26,4,N,nb23,990,1.162,-1.866,1,1
15,0,26,4,N,nb24,990,-0.566,1.63,2,1
15,0,26,4,N,nb25,990,-1.455,0.284,2,1
15,0,26,4,N,nb26,990,-1.294,1.701,2,1
15,0,26,4,N,nb27,990,0.941,0.752,2,1
15,0,26,4,N,nb28,990,-1.341,1.865,2,1
15,0,26,4,N,nb29,990,1.726,0.724,2,1
15,0,26,4,A,aa0,990,0.093,-1.166,0,0
15,0,26,4,A,aa1,990,0.221,1.033,3,1
15,0,26,4,A,aa2,990,1.835,1.65,1,0
15,0,26,4,A,aa3,990,0.093,-1.784,0,0
15,0,26,4,N,nb0,995,1.866,0.82,2,1
15,0,26,4,N,nb1,995,-1.577,1.866,1,1
15,0,26,4,N,nb2,995,-0.494,1.865,1,1
15,0,26,4,N,nb3,995,-1.279,0.112,2,1
15,0,26,4,N,nb4,995,0.977,-1.86,2,1
15,0,26,4,N,nb5,995,1.162,0.831,1,1
15,0,26,4,N,nb6,995,1.865,1.279,1,1
15,0,26,4,N,nb7,995,-0.727,1.45,2,1
15,0,26,4,N,nb8,995,-0.467,-0.085,1,1
15,0,26,4,N,nb9,995,1.865,1.11,2,1
15,0,26,4,N,nb10,995,-0.303,-0.044,1,1
15,0,26,4,N,nb11,995,1.741,0.994,2,1
15,0,26,4,N,nb12,995,0.795,0.838,2,0
15,0,26,4,N,nb13,995,-0.538,0.724,0,0
15,0,26,4,N,nb14,995,0.846,-1.753,1,1
15,0,26,4,N,nb15,995,1.287,1.866,0,0
15,0,26,4,N,nb16,995,0.328,1.333,1,0
15,0,26,4,N,nb17,995,-0.656,1.291,1,1
15,0,26,4,N,nb18,995,0.517,1.485,1,0
15,0,26,4,N,nb19,995,0.881,0.985,2,0
15,0,26,4,N,nb20,995,1.771,0.499,1,1
15,0,26,4,N,nb21,995,-1.057,1.629,1,1
15,0,26,4,N,nb22,995,-1.523,0.063,2,1
15,0,26,4,N,nb23,995,1.162,-1.866,1,1
15,0,26,4,N,nb24,995,-0.566,1.63,2,1
15,0,26,4,N,nb25,995,-1.455,0.284,2,1
15,0,26,4,N,nb26,995,-1.294,1.701,2,1
15,0,26,4,N,nb27,995,0.941,0.752,3,1
15,0,26,4,N,nb28,995,-1.341,1.865,2,1
15,0,26,4,N,nb29,995,1.726,0.724,2,1
15,0,26,4,A,aa0,995,0.037,-1.249,0,0
15,0,26,4,A,aa1,995,0.227,0.933,0,0
15,0,26,4,A,aa2,995,1.748,1.688,1,0
15,0,26,4,A,aa3,995,0.18,-1.742,0,0
15,0,26,4,N,nb0,1000,1.866,0.82,2,1
15,0,26,4,N,nb1,1000,-1.577,1.866,1,1
15,0,26,4,N,nb2,1000,-0.494,1.865,1,1
15,0,26,4,N,nb3,1000,-1.279,0.112,2,1
15,0,26,4,N,nb4,1000,0.977,-1.86,2,1
15,0,26,4,N,nb5,1000,1.162,0.831,2,1
15,0,26,4,N,nb6,1000,1.865,1.279,1,1
15,0,26,4,N,nb7,1000,-0.727,1.45,2,1
15,0,26,4,N,nb8,1000,-0.467,-0.085,1,1
15,0,26,4,N,nb9,1000,1.865,1.11,2,1
15,0,26,4,N,nb10,1000,-0.303,-0.044,1,1
15,0,26,4,N,nb11,1000,1.741,0.994,2,1
15,0,26,4,N,nb12,1000,0.816,0.902,2,0
15,0,26,4,N,nb13,1000,-0.625,0.675,0,0
15,0,26,4,N,nb14,1000,0.846,-1.753,1,1
15,0,26,4,N,nb15,1000,1.211,1.866,0,0
15,0,26,4,N,nb16,1000,0.301,1.238,0,0
15,0,26,4,N,nb17,1000,-0.656,1.291,1,1
15,0,26,4,N,nb18,1000,0.446,1.55,0,0
15,0,26,4,N,nb19,1000,0.974,0.97,3,0
15,0,26,4,N,nb20,1000,1.771,0.499,1,1
15,0,26,4,N,nb21,1000,-1.057,1.629,1,1
15,0,26,4,N,nb22,1000,-1.523,0.063,2,1
15,0,26,4,N,nb23,1000,1.162,-1.866,1,1
15,0,26,4,N,nb24,1000,-0.566,1.63,2,1
15,0,26,4,N,nb25,1000,-1.455,0.284,2,1
15,0,26,4,N,nb26,1000,-1.294,1.701,2,1
15,0,26,4,N,nb27,1000,0.941,0.752,3,1
15,0,26,4,N,nb28,1000,-1.341,1.865,2,1
15,0,26,4,N,nb29,1000,1.726,0.724,2,1
15,0,26,4,A,aa0,1000,-0.019,-1.332,0,0
15,0,26,4,A,aa1,1000,0.234,0.833,0,0
15,0,26,4,A,aa2,1000,1.655,1.726,1,0
15,0,26,4,A,aa3,1000,0.269,-1.697,1,0
15,0,26,4,N,nb0,1005,1.866,0.82,2,1
15,0,26,4,N,nb1,1005,-1.577,1.866,1,1
15,0,26,4,N,nb2,1005,-0.494,1.865,1,1
15,0,26,4,N,nb3,1005,-1.279,0.112,2,1
15,0,26,4,N,nb4,1005,0.977,-1.86,2,1
15,0,26,4,N,nb5,1005,1.162,0.831,2,1
15,0,26,4,N,nb6,1005,1.865,1.279,1,1
15,0,26,4,N,nb7,1005,-0.727,1.45,2,1
15,0,26,4,N,nb8,1005,-0.467,-0.085,1,1
15,0,26,4,N,nb9,1005,1.865,1.11,2,1
15,0,26,4,N,nb10,1005,-0.303,-0.044,1,1
15,0,26,4,N,nb11,1005,1.741,0.994,2,1
15,0,26,4,N,nb12,1005,0.824,0.94,2,1
15,0,26,4,N,nb13,1005,-0.712,0.625,0,0
15,0,26,4,N,nb14,1005,0.846,-1.753,1,1
15,0,26,4,N,nb15,1005,1.128,1.866,0,0
15,0,26,4,N,nb16,1005,0.274,1.142,0,0
15,0,26,4,N,nb17,1005,-0.656,1.291,1,1
15,0,26,4,N,nb18,1005,0.373,1.618,0,0
15,0,26,4,N,nb19,1005,0.997,0.967,3,1
15,0,26,4,N,nb20,1005,1.771,0.499,1,1
15,0,26,4,N,nb21,1005,-1.057,1.629,1,1
15,0,26,4,N,nb22,1005,-1.523,0.063,2,1
15,0,26,4,N,nb23,1005,1.162,-1.866,1,1
15,0,26,4,N,nb24,1005,-0.566,1.63,2,1
15,0,26,4,N,nb25,1005,-1.455,0.284,2,1
15,0,26,4,N,nb26,1005,-1.294,1.701,2,1
15,0,26,4,N,nb27,1005,0.941,0.752,3,1
15,0,26,4,N,nb28,1005,-1.341,1.865,2,1
15,0,26,4,N,nb29,1005,1.726,0.724,2,0
15,0,26,4,A,aa0,1005,-0.075,-1.414,0,0
15,0,26,4,A,aa1,1005,0.24,0.733,0,0
15,0,26,4,A,aa2,1005,1.563,1.764,1,0
15,0,26,4,A,aa3,1005,0.358,-1.652,1,0
15,0,26,4,N,nb0,1010,1.866,0.82,2,1
15,0,26,4,N,nb1,1010,-1.577,1.866,1,1
15,0,26,4,N,nb2,1010,-0.494,1.865,1,1
15,0,26,4,N,nb3,1010,-1.279,0.112,2,1
15,0,26,4,N,nb4,1010,0.977,-1.86,2,1
15,0,26,4,N,nb5,1010,1.162,0.831,2,1
15,0,26,4,N,nb6,1010,1.865,1.279,1,1
15,0,26,4,N,nb7,1010,-0.727,1.45,2,1
15,0,26,4,N,nb8,1010,-0.467,-0.085,1,1
15,0,26,4,N,nb9,1010,1.865,1.11,2,1
15,0,26,4,N,nb10,1010,-0.303,-0.044,1,1
15,0,26,4,N,nb11,1010,1.741,0.994,2,1
15,0,26,4,N,nb12,1010,0.824,0.94,2,1
15,0,26,4,N,nb13,1010,-0.799,0.575,0,0
15,0,26,4,N,nb14,1010,0.846,-1.753,1,1
15,0,26,4,N,nb15,1010,1.041,1.866,0,0
15,0,26,4,N,nb16,1010,0.246,1.046,0,0
15,0,26,4,N,nb17,1010,-0.656,1.291,1,1
15,0,26,4,N,nb18,1010,0.3,1.687,0,0
15,0,26,4,N,nb19,1010,0.997,0.967,3,1
15,0,26,4,N,nb20,1010,1.771,0.499,1,1
15,0,26,4,N,nb21,1010,-1.057,1.629,1,1
15,0,26,4,N,nb22,1010,-1.523,0.063,2,1
15,0,26,4,N,nb23,1010,1.162,-1.866,1,1
15,0,26,4,N,nb24,1010,-0.566,1.63,2,1
15,0,26,4,N,nb25,1010,-1.455,0.284,2,1
15,0,26,4,N,nb26,1010,-1.294,1.701,2,1
15,0,26,4,N,nb27,1010,0.941,0.752,3,1
15,0,26,4,N,nb28,1010,-1.341,1.865,2,1
15,0,26,4,N,nb29,1010,1.726,0.724,2,1
15,0,26,4,A,aa0,1010,-0.121,-1.484,0,0
15,0,26,4,A,aa1,1010,0.247,0.634,0,0
15,0,26,4,A,aa2,1010,1.476,1.796,0,0
15,0,26,4,A,aa3,1010,0.448,-1.607,1,0
15,0,26,4,N,nb0,1015,1.866,0.82,2,1
15,0,26,4,N,nb1,1015,-1.577,1.866,1,1
15,0,26,4,N,nb2,1015,-0.494,1.865,1,1
15,0,26,4,N,nb3,1015,-1.279,0.112,2,1
15,0,26,4,N,nb4,1015,0.977,-1.86,2,1
15,0,26,4,N,nb5,1015,1.162,0.831,2,1
15,0,26,4,N,nb6,1015,1.865,1.279,1,1
15,0,26,4,N,nb7,1015,-0.727,1.45,2,1
15,0,26,4,N,nb8,1015,-0.467,-0.085,1,1
15,0,26,4,N,nb9,1015,1.865,1.11,2,1
15,0,26,4,N,nb10,1015,-0.303,-0.044,1,1
15,0,26,4,N,nb11,1015,1.741,0.994,2,1
15,0,26,4,N,nb12,1015,0.824,0.94,2,1
15,0,26,4,N,nb13,1015,-0.886,0.526,0,0
15,0,26,4,N,nb14,1015,0.846,-1.753,1,1
15,0,26,4,N,nb15,1015,0.95,1.866,0,0
15,0,26,4,N,nb16,1015,0.218,0.95,0,0
15,0,26,4,N,nb17,1015,-0.656,1.291,1,1
15,0,26,4,N,nb18,1015,0.228,1.756,0,0
15,0,26,4,N,nb19,1015,0.997,0.967,3,1
15,0,26,4,N,nb20,1015,1.771,0.499,1,1
15,0,26,4,N,nb21,1015,-1.057,1.629,1,1
15,0,26,4,N,nb22,1015,-1.523,0.063,2,0
15,0,26,4,N,nb23,1015,1.162,-1.866,1,1
15,0,26,4,N,nb24,1015,-0.566,1.63,2,1
15,0,26,4,N,nb25,1015,-1.455,0.284,2,1
15,0,26,4,N,nb26,1015,-1.294,1.701,2,1
15,0,26,4,N,nb27,1015,0.941,0.752,3,1
15,0,26,4,N,nb28,1015,-1.341,1.865,2,1
15,0,26,4,N,nb29,1015,1.726,0.724,2,1
15,0,26,4,A,aa0,1015,-0.121,-1.484,0,0
15,0,26,4,A,aa1,1015,0.253,0.534,0,0
15,0,26,4,A,aa2,1015,1.388,1.817,0,0
15,0,26,4,A,aa3,1015,0.537,-1.561,0,0
15,0,26,4,N,nb0,1020,1.866,0.82,2,1
15,0,26,4,N,nb1,1020,-1.577,1.866,1,1
15,0,26,4,N,nb2,1020,-0.494,1.865,1,1
15,0,26,4,N,nb3,1020,-1.279,0.112,2,1
15,0,26,4,N,nb4,1020,0.977,-1.86,2,1
15,0,26,4,N,nb5,1020,1.162,0.831,2,1
15,0,26,4,N,nb6,1020,1.865,1.279,1,1
15,0,26,4,N,nb7,1020,-0.727,1.45,2,1
15,0,26,4,N,nb8,1020,-0.467,-0.085,1,1
15,0,26,4,N,nb9,1020,1.865,1.11,2,1
15,0,26,4,N,nb10,1020,-0.303,-0.044,1,1
15,0,26,4,N,nb11,1020,1.741,0.994,2,1
15,0,26,4,N,nb12,1020,0.824,0.94,2,1
15,0,26,4,N,nb13,1020,-0.972,0.476,0,0
15,0,26,4,N,nb14,1020,0.846,-1.753,1,1
15,0,26,4,N,nb15,1020,0.858,1.863,0,0
15,0,26,4,N,nb16,1020,0.19,0.854,0,0
15,0,26,4,N,nb17,1020,-0.656,1.291,1,1
15,0,26,4,N,nb18,1020,0.159,1.816,0,0
15,0,26,4,N,nb19,1020,0.997,0.967,3,1
15,0,26,4,N,nb20,1020,1.771,0.499,1,1
15,0,26,4,N,nb21,1020,-1.057,1.629,1,1
15,0,26,4,N,nb22,1020,-1.523,0.063,2,1
15,0,26,4,N,nb23,1020,1.162,-1.866,1,1
15,0,26,4,N,nb24,1020,-0.566,1.63,2,1
15,0,26,4,N,nb25,1020,-1.455,0.284,2,1
15,0,26,4,N,nb26,1020,-1.294,1.701,2,1
15,0,26,4,N,nb27,1020,0.941,0.752,3,1
15,0,26,4,N,nb28,1020,-1.341,1.865,2,1
15,0,26,4,N,nb29,1020,1.726,0.724,2,1
15,0,26,4,A,aa0,1020,-0.092,-1.532,0,0
15,0,26,4,A,aa1,1020,0.26,0.434,0,0
15,0,26,4,A,aa2,1020,1.297,1.827,0,0
15,0,26,4,A,aa3,1020,0.626,-1.516,1,0
15,0,26,4,N,nb0,1025,1.866,0.82,2,1
15,0,26,4,N,nb1,1025,-1.577,1.866,1,1
15,0,26,4,N,nb2,1025,-0.494,1.865,1,0
15,0,26,4,N,nb3,1025,-1.279,0.112,2,1
15,0,26,4,N,nb4,1025,0.977,-1.86,2,1
15,0,26,4,N,nb5,1025,1.162,0.831,2,1
15,0,26,4,N,nb6,1025,1.865,1.279,1,1
15,0,26,4,N,nb7,1025,-0.727,1.45,2,1
15,0,26,4,N,nb8,1025,-0.467,-0.085,1,1
15,0,26,4,N,nb9,1025,1.865,1.11,2,1
15,0,26,4,N,nb10,1025,-0.303,-0.044,1,1
15,0,26,4,N,nb11,1025,1.741,0.994,2,1
15,0,26,4,N,nb12,1025,0.824,0.94,2,1
15,0,26,4,N,nb13,1025,-1.059,0.426,0,0
15,0,26,4,N,nb14,1025,0.846,-1.753,1,1
15,0,26,4,N,nb15,1025,0.766,1.85,0,0
15,0,26,4,N,nb16,1025,0.162,0.758,0,0
15,0,26,4,N,nb17,1025,-0.656,1.291,1,1
15,0,26,4,N,nb18,1025,0.084,1.864,0,0
15,0,26,4,N,nb19,1025,0.997,0.967,3,1
15,0,26,4,N,nb20,1025,1.771,0.499,1,1
15,0,26,4,N,nb21,1025,-1.057,1.629,1,1
15,0,26,4,N,nb22,1025,-1.523,0.063,2,1
15,0,26,4,N,nb23,1025,1.162,-1.866,1,1
15,0,26,4,N,nb24,1025,-0.566,1.63,2,1
15,0,26,4,N,nb25,1025,-1.455,0.284,2,1
15,0,26,4,N,nb26,1025,-1.294,1.701,2,1
15,0,26,4,N,nb27,1025,0.941,0.752,3,1
15,0,26,4,N,nb28,1025,-1.341,1.865,2,1
15,0,26,4,N,nb29,1025,1.726,0.724,2,1
15,0,26,4,A,aa0,1025,-0.04,-1.617,0,0
15,0,26,4,A,aa1,1025,0.266,0.334,0,0
15,0,26,4,A,aa2,1025,1.204,1.826,0,0
15,0,26,4,A,aa3,1025,0.715,-1.471,2,0
15,0,26,4,N,nb0,1030,1.866,0.82,2,1
15,0,26,4,N,nb1,1030,-1.577,1.866,1,1
15,0,26,4,N,nb2,1030,-0.494,1.865,1,1
15,0,26,4,N,nb3,1030,-1.279,0.112,2,1
15,0,26,4,N,nb4,1030,0.977,-1.86,2,1
15,0,26,4,N,nb5,1030,1.162,0.831,2,1
15,0,26,4,N,nb6,1030,1.865,1.279,1,1
15,0,26,4,N,nb7,1030,-0.727,1.45,2,1
15,0,26,4,N,nb8,1030,-0.467,-0.085,1,0
15,0,26,4,N,nb9,1030,1.865,1.11,2,1
15,0,26,4,N,nb10,1030,-0.303,-0.044,1,0
15,0,26,4,N,nb11,1030,1.741,0.994,2,1
15,0,26,4,N,nb12,1030,0.824,0.94,2,1
15,0,26,4,N,nb13,1030,-1.146,0.377,0,0
15,0,26,4,N,nb14,1030,0.846,-1.753,1,1
15,0,26,4,N,nb15,1030,0.675,1.828,0,0
15,0,26,4,N,nb16,1030,0.134,0.662,0,0
15,0,26,4,N,nb17,1030,-0.656,1.291,1,1
15,0,26,4,N,nb18,1030,0.005,1.866,0,0
15,0,26,4,N,nb19,1030,0.997,0.967,3,1
15,0,26,4,N,nb20,1030,1.771,0.499,1,1
15,0,26,4,N,nb21,1030,-1.057,1.629,1,1
15,0,26,4,N,nb22,1030,-1.523,0.063,2,1
15,0,26,4,N,nb23,1030,1.162,-1.866,1,1
15,0,26,4,N,nb24,1030,-0.566,1.63,2,1
15,0,26,4,N,nb25,1030,-1.455,0.284,2,1
15,0,26,4,N,nb26,1030,-1.294,1.701,2,1
15,0,26,4,N,nb27,1030,0.941,0.752,3,1
15,0,26,4,N,nb28,1030,-1.341,1.865,2,1
15,0,26,4,N,nb29,1030,1.726,0.724,2,1
15,0,26,4,A,aa0,1030,0.013,-1.703,0,0
15,0,26,4,A,aa1,1030,0.273,0.234,0,0
15,0,26,4,A,aa2,1030,1.112,1.816,0,0
15,0,26,4,A,aa3,1030,0.804,-1.426,2,0
15,0,26,4,N,nb0,1035,1.866,0.82,2,0
15,0,26,4,N,nb1,1035,-1.577,1.866,1,1
15,0,26,4,N,nb2,1035,-0.494,1.865,1,1
15,0,26,4,N,nb3,1035,-1.279,0.112,3,1
15,0,26,4,N,nb4,1035,0.959,-1.864,2,0
15,0,26,4,N,nb5,1035,1.162,0.831,2,1
15,0,26,4,N,nb6,1035,1.865,1.279,1,1
15,0,26,4,N,nb7,1035,-0.727,1.45,2,1
15,0,26,4,N,nb8,1035,-0.467,-0.085,1,1
15,0,26,4,N,nb9,1035,1.865,1.11,2,1
15,0,26,4,N,nb10,1035,-0.303,-0.044,1,1
15,0,26,4,N,nb11,1035,1.741,0.994,2,1
15,0,26,4,N,nb12,1035,0.824,0.94,2,1
15,0,26,4,N,nb13,1035,-1.214,0.338,2,1
15,0,26,4,N,nb14,1035,0.834,-1.75,1,0
15,0,26,4,N,nb15,1035,0.586,1.798,0,0
15,0,26,4,N,nb16,1035,0.107,0.566,0,0
15,0,26,4,N,nb17,1035,-0.656,1.291,1,1
15,0,26,4,N,nb18,1035,-0.081,1.866,0,0
15,0,26,4,N,nb19,1035,0.997,0.967,3,1
15,0,26,4,N,nb20,1035,1.771,0.499,1,1
15,0,26,4,N,nb21,1035,-1.057,1.629,1,1
15,0,26,4,N,nb22,1035,-1.523,0.063,2,1
15,0,26,4,N,nb23,1035,1.129,-1.866,1,0
15,0,26,4,N,nb24,1035,-0.566,1.63,2,0
15,0,26,4,N,nb25,1035,-1.455,0.284,3,1
15,0,26,4,N,nb26,1035,-1.294,1.701,2,1
15,0,26,4,N,nb27,1035,0.941,0.752,3,1
15,0,26,4,N,nb28,1035,-1.341,1.865,2,1
15,0,26,4,N,nb29,1035,1.726,0.724,2,1
15,0,26,4,A,aa0,1035,0.025,-1.722,0,0
15,0,26,4,A,aa1,1035,0.279,0.135,0,0
15,0,26,4,A,aa2,1035,1.021,1.796,0,0
15,0,26,4,A,aa3,1035,0.894,-1.381,0,0
15,0,26,4,N,nb0,1040,1.866,0.82,2,1
15,0,26,4,N,nb1,1040,-1.577,1.866,1,1
15,0,26,4,N,nb2,1040,-0.494,1.865,1,1
15,0,26,4,N,nb3,1040,-1.279,0.112,3,1
15,0,26,4,N,nb4,1040,0.869,-1.841,2,0
15,0,26,4,N,nb5,1040,1.162,0.831,2,1
15,0,26,4,N,nb6,1040,1.865,1.279,1,1
15,0,26,4,N,nb7,1040,-0.727,1.45,2,1
15,0,26,4,N,nb8,1040,-0.467,-0.085,1,1
15,0,26,4,N,nb9,1040,1.865,1.11,2,1
15,0,26,4,N,nb10,1040,-0.303,-0.044,1,1
15,0,26,4,N,nb11,1040,1.741,0.994,2,1
15,0,26,4,N,nb12,1040,0.824,0.94,2,1
15,0,26,4,N,nb13,1040,-1.214,0.338,2,1
15,0,26,4,N,nb14,1040,0.758,-1.713,1,0
15,0,26,4,N,nb15,1040,0.5,1.76,0,0
15,0,26,4,N,nb16,1040,0.079,0.47,0,0
15,0,26,4,N,nb17,1040,-0.656,1.291,1,1
15,0,26,4,N,nb18,1040,-0.17,1.866,0,0
15,0,26,4,N,nb19,1040,0.997,0.967,3,1
15,0,26,4,N,nb20,1040,1.771,0.499,1,1
15,0,26,4,N,nb21,1040,-1.057,1.629,1,1
15,0,26,4,N,nb22,1040,-1.523,0.063,2,1
15,0,26,4,N,nb23,1040,1.04,-1.857,1,0
15,0,26,4,N,nb24,1040,-0.566,1.63,2,1
15,0,26,4,N,nb25,1040,-1.455,0.284,3,1
15,0,26,4,N,nb26,1040,-1.294,1.701,2,1
15,0,26,4,N,nb27,1040,0.941,0.752,3,1
15,0,26,4,N,nb28,1040,-1.341,1.865,2,1
15,0,26,4,N,nb29,1040,1.726,0.724,2,1
15,0,26,4,A,aa0,1040,0.112,-1.765,0,0
15,0,26,4,A,aa1,1040,0.285,0.051,1,0
15,0,26,4,A,aa2,1040,0.932,1.767,0,0
15,0,26,4,A,aa3,1040,0.983,-1.336,0,0
15,0,26,4,N,nb0,1045,1.866,0.82,2,1
15,0,26,4,N,nb1,1045,-1.577,1.866,1,1
15,0,26,4,N,nb2,1045,-0.494,1.865,2,1
15,0,26,4,N,nb3,1045,-1.279,0.112,3,1
15,0,26,4,N,nb4,1045,0.812,-1.826,2,1
15,0,26,4,N,nb5,1045,1.162,0.831,2,1
15,0,26,4,N,nb6,1045,1.865,1.279,1,1
15,0,26,4,N,nb7,1045,-0.727,1.45,2,1
15,0,26,4,N,nb8,1045,-0.467,-0.085,1,1
15,0,26,4,N,nb9,1045,1.865,1.11,2,1
15,0,26,4,N,nb10,1045,-0.303,-0.044,1,1
15,0,26,4,N,nb11,1045,1.741,0.994,2,1
15,0,26,4,N,nb12,1045,0.824,0.94,2,1
15,0,26,4,N,nb13,1045,-1.214,0.338,2,1
15,0,26,4,N,nb14,1045,0.708,-1.693,1,1
15,0,26,4,N,nb15,1045,0.411,1.715,0,0
15,0,26,4,N,nb16,1045,0.051,0.374,0,0
15,0,26,4,N,nb17,1045,-0.656,1.291,1,1
15,0,26,4,N,nb18,1045,-0.262,1.865,1,1
15,0,26,4,N,nb19,1045,0.997,0.967,3,1
15,0,26,4,N,nb20,1045,1.771,0.499,1,1
15,0,26,4,N,nb21,1045,-1.057,1.629,1,1
15,0,26,4,N,nb22,1045,-1.523,0.063,2,1
15,0,26,4,N,nb23,1045,0.985,-1.844,1,1
15,0,26,4,N,nb24,1045,-0.566,1.63,2,1
15,0,26,4,N,nb25,1045,-1.455,0.284,3,1
15,0,26,4,N,nb26,1045,-1.294,1.701,2,1
15,0,26,4,N,nb27,1045,0.941,0.752,3,1
15,0,26,4,N,nb28,1045,-1.341,1.865,2,1
15,0,26,4,N,nb29,1045,1.726,0.724,2,1
15,0,26,4,A,aa0,1045,0.196,-1.802,1,0
15,0,26,4,A,aa1,1045,0.285,0.051,1,0
15,0,26,4,A,aa2,1045,0.841,1.731,0,0
15,0,26,4,A,aa3,1045,1.072,-1.29,3,1
15,0,26,4,N,nb0,1050,1.866,0.82,2,1
15,0,26,4,N,nb1,1050,-1.577,1.866,1,1
15,0,26,4,N,nb2,1050,-0.494,1.865,2,1
15,0,26,4,N,nb3,1050,-1.279,0.112,3,1
15,0,26,4,N,nb4,1050,0.811,-1.827,2,1
15,0,26,4,N,nb5,1050,1.162,0.831,2,1
15,0,26,4,N,nb6,1050,1.865,1.279,1,1
15,0,26,4,N,nb7,1050,-0.727,1.45,2,1
15,0,26,4,N,nb8,1050,-0.467,-0.085,1,1
15,0,26,4,N,nb9,1050,1.865,1.11,2,1
15,0,26,4,N,nb10,1050,-0.303,-0.044,1,1
15,0,26,4,N,nb11,1050,1.741,0.994,2,1
15,0,26,4,N,nb12,1050,0.824,0.94,2,1
15,0,26,4,N,nb13,1050,-1.214,0.338,2,1
15,0,26,4,N,nb14,1050,0.701,-1.698,1,0
15,0,26,4,N,nb15,1050,0.322,1.67,0,0
15,0,26,4,N,nb16,1050,0.023,0.278,0,0
15,0,26,4,N,nb17,1050,-0.656,1.291,1,1
15,0,26,4,N,nb18,1050,-0.264,1.865,1,1
15,0,26,4,N,nb19,1050,0.997,0.967,3,1
15,0,26,4,N,nb20,1050,1.771,0.499,1,1
15,0,26,4,N,nb21,1050,-1.057,1.629,1,1
15,0,26,4,N,nb22,1050,-1.523,0.063,2,1
15,0,26,4,N,nb23,1050,0.978,-1.85,1,0
15,0,26,4,N,nb24,1050,-0.566,1.63,2,1
15,0,26,4,N,nb25,1050,-1.455,0.284,3,1
15,0,26,4,N,nb26,1050,-1.294,1.701,2,1
15,0,26,4,N,nb27,1050,0.941,0.752,3,1
15,0,26,4,N,nb28,1050,-1.341,1.865,2,1
15,0,26,4,N,nb29,1050,1.726,0.724,2,1
15,0,26,4,A,aa0,1050,0.283,-1.828,1,0
15,0,26,4,A,aa1,1050,0.338,0.031,0,0
15,0,26,4,A,aa2,1050,0.748,1.693,0,0
15,0,26,4,A,aa3,1050,1.161,-1.245,0,0
15,0,26,4,N,nb0,1055,1.866,0.82,2,1
15,0,26,4,N,nb1,1055,-1.577,1.866,1,1
15,0,26,4,N,nb2,1055,-0.494,1.865,2,1
15,0,26,4,N,nb3,1055,-1.279,0.112,3,1
15,0,26,4,N,nb4,1055,0.811,-1.827,2,1
15,0,26,4,N,nb5,1055,1.162,0.831,2,1
15,0,26,4,N,nb6,1055,1.865,1.279,1,1
15,0,26,4,N,nb7,1055,-0.727,1.45,2,1
15,0,26,4,N,nb8,1055,-0.467,-0.085,1,1
15,0,26,4,N,nb9,1055,1.865,1.11,2,1
15,0,26,4,N,nb10,1055,-0.303,-0.044,1,1
15,0,26,4,N,nb11,1055,1.741,0.994,2,1
15,0,26,4,N,nb12,1055,0.824,0.94,2,1
15,0,26,4,N,nb13,1055,-1.214,0.338,2,1
15,0,26,4,N,nb14,1055,0.674,-1.726,1,0
15,0,26,4,N,nb15,1055,0.233,1.624,0,0
15,0,26,4,N,nb16,1055,-0.005,0.181,0,0
15,0,26,4,N,nb17,1055,-0.656,1.291,1,1
15,0,26,4,N,nb18,1055,-0.264,1.865,1,1
15,0,26,4,N,nb19,1055,0.997,0.967,3,1
15,0,26,4,N,nb20,1055,1.771,0.499,1,1
15,0,26,4,N,nb21,1055,-1.057,1.629,1,1
15,0,26,4,N,nb22,1055,-1.523,0.063,2,1
15,0,26,4,N,nb23,1055,0.976,-1.862,1,0
15,0,26,4,N,nb24,1055,-0.566,1.63,2,1
15,0,26,4,N,nb25,1055,-1.455,0.284,3,1
15,0,26,4,N,nb26,1055,-1.294,1.701,2,1
15,0,26,4,N,nb27,1055,0.941,0.752,3,1
15,0,26,4,N,nb28,1055,-1.341,1.865,2,1
15,0,26,4,N,nb29,1055,1.726,0.724,2,1
15,0,26,4,A,aa0,1055,0.373,-1.842,1,0
15,0,26,4,A,aa1,1055,0.431,-0.004,0,0
15,0,26,4,A,aa2,1055,0.655,1.655,0,0
15,0,26,4,A,aa3,1055,1.25,-1.2,0,0
15,0,26,4,N,nb0,1060,1.866,0.82,2,1
15,0,26,4,N,nb1,1060,-1.577,1.866,1,1
15,0,26,4,N,nb2,1060,-0.494,1.865,2,1
15,0,26,4,N,nb3,1060,-1.279,0.112,3,1
15,0,26,4,N,nb4,1060,0.811,-1.827,2,1
15,0,26,4,N,nb5,1060,1.162,0.831,2,1
15,0,26,4,N,nb6,1060,1.865,1.279,1,1
15,0,26,4,N,nb7,1060,-0.727,1.45,2,1
15,0,26,4,N,nb8,1060,-0.467,-0.085,1,1
15,0,26,4,N,nb9,1060,1.865,1.11,2,1
15,0,26,4,N,nb10,1060,-0.303,-0.044,1,1
15,0,26,4,N,nb11,1060,1.741,0.994,2,1
15,0,26,4,N,nb12,1060,0.824,0.94,2,1
15,0,26,4,N,nb13,1060,-1.214,0.338,2,1
15,0,26,4,N,nb14,1060,0.659,-1.751,1,1
15,0,26,4,N,nb15,1060,0.144,1.579,0,0
15,0,26,4,N,nb16,1060,-0.033,0.085,0,0
15,0,26,4,N,nb17,1060,-0.656,1.291,1,1
15,0,26,4,N,nb18,1060,-0.264,1.865,1,1
15,0,26,4,N,nb19,1060,0.997,0.967,3,1
15,0,26,4,N,nb20,1060,1.771,0.499,1,1
15,0,26,4,N,nb21,1060,-1.057,1.629,1,1
15,0,26,4,N,nb22,1060,-1.523,0.063,2,1
15,0,26,4,N,nb23,1060,0.976,-1.865,1,1
15,0,26,4,N,nb24,1060,-0.566,1.63,2,1
15,0,26,4,N,nb25,1060,-1.455,0.284,3,1
15,0,26,4,N,nb26,1060,-1.294,1.701,2,1
15,0,26,4,N,nb27,1060,0.941,0.752,3,1
15,0,26,4,N,nb28,1060,-1.341,1.865,2,1
15,0,26,4,N,nb29,1060,1.726,0.724,2,1
15,0,26,4,A,aa0,1060,0.465,-1.845,1,0
15,0,26,4,A,aa1,1060,0.525,-0.04,0,0
15,0,26,4,A,aa2,1060,0.563,1.618,0,0
15,0,26,4,A,aa3,1060,1.34,-1.155,0,0
15,0,26,4,N,nb0,1065,1.866,0.82,2,1
15,0,26,4,N,nb1,1065,-1.577,1.866,1,1
15,0,26,4,N,nb2,1065,-0.494,1.865,2,1
15,0,26,4,N,nb3,1065,-1.279,0.112,3,1
15,0,26,4,N,nb4,1065,0.811,-1.827,2,1
15,0,26,4,N,nb5,1065,1.162,0.831,2,1
15,0,26,4,N,nb6,1065,1.865,1.279,1,1
15,0,26,4,N,nb7,1065,-0.727,1.45,2,1
15,0,26,4,N,nb8,1065,-0.467,-0.085,1,1
15,0,26,4,N,nb9,1065,1.865,1.11,2,1
15,0,26,4,N,nb10,1065,-0.303,-0.044,2,1
15,0,26,4,N,nb11,1065,1.741,0.994,2,1
15,0,26,4,N,nb12,1065,0.824,0.94,2,1
15,0,26,4,N,nb13,1065,-1.214,0.338,2,1
15,0,26,4,N,nb14,1065,0.659,-1.751,1,1
15,0,26,4,N,nb15,1065,0.054,1.534,0,0
15,0,26,4,N,nb16,1065,-0.059,-0.007,1,1
15,0,26,4,N,nb17,1065,-0.656,1.291,1,1
15,0,26,4,N,nb18,1065,-0.264,1.865,1,1
15,0,26,4,N,nb19,1065,0.997,0.967,3,1
15,0,26,4,N,nb20,1065,1.771,0.499,1,1
15,0,26,4,N,nb21,1065,-1.057,1.629,1,0
15,0,26,4,N,nb22,1065,-1.523,0.063,2,1
15,0,26,4,N,nb23,1065,0.976,-1.865,1,1
15,0,26,4,N,nb24,1065,-0.566,1.63,2,1
15,0,26,4,N,nb25,1065,-1.455,0.284,3,1
15,0,26,4,N,nb26,1065,-1.294,1.701,2,1
15,0,26,4,N,nb27,1065,0.941,0.752,3,1
15,0,26,4,N,nb28,1065,-1.341,1.865,2,1
15,0,26,4,N,nb29,1065,1.726,0.724,2,1
15,0,26,4,A,aa0,1065,0.521,-1.847,1,0
15,0,26,4,A,aa1,1065,0.618,-0.075,0,0
15,0,26,4,A,aa2,1065,0.47,1.58,0,0
15,0,26,4,A,aa3,1065,1.429,-1.11,0,0
15,0,26,4,N,nb0,1070,1.866,0.82,2,1
15,0,26,4,N,nb1,1070,-1.577,1.866,1,1
15,0,26,4,N,nb2,1070,-0.494,1.865,2,1
15,0,26,4,N,nb3,1070,-1.279,0.112,3,1
15,0,26,4,N,nb4,1070,0.811,-1.827,2,1
15,0,26,4,N,nb5,1070,1.162,0.831,2,1
15,0,26,4,N,nb6,1070,1.865,1.279,1,1
15,0,26,4,N,nb7,1070,-0.727,1.45,2,1
15,0,26,4,N,nb8,1070,-0.467,-0.085,1,1
15,0,26,4,N,nb9,1070,1.865,1.11,2,1
15,0,26,4,N,nb10,1070,-0.303,-0.044,2,1
15,0,26,4,N,nb11,1070,1.741,0.994,2,1
15,0,26,4,N,nb12,1070,0.824,0.94,2,1
15,0,26,4,N,nb13,1070,-1.214,0.338,2,1
15,0,26,4,N,nb14,1070,0.659,-1.751,1,1
15,0,26,4,N,nb15,1070,-0.035,1.489,0,0
15,0,26,4,N,nb16,1070,-0.059,-0.009,1,1
15,0,26,4,N,nb17,1070,-0.656,1.291,1,1
15,0,26,4,N,nb18,1070,-0.264,1.865,1,1
15,0,26,4,N,nb19,1070,0.997,0.967,3,1
15,0,26,4,N,nb20,1070,1.771,0.499,1,1
15,0,26,4,N,nb21,1070,-1.057,1.629,1,1
15,0,26,4,N,nb22,1070,-1.523,0.063,2,1
15,0,26,4,N,nb23,1070,0.976,-1.865,1,1
15,0,26,4,N,nb24,1070,-0.566,1.63,2,1
15,0,26,4,N,nb25,1070,-1.455,0.284,3,1
15,0,26,4,N,nb26,1070,-1.294,1.701,2,1
15,0,26,4,N,nb27,1070,0.941,0.752,3,1
15,0,26,4,N,nb28,1070,-1.341,1.865,2,1
15,0,26,4,N,nb29,1070,1.726,0.724,2,1
15,0,26,4,A,aa0,1070,0.529,-1.858,2,0
15,0,26,4,A,aa1,1070,0.712,-0.111,0,0
15,0,26,4,A,aa2,1070,0.43,1.564,0,0
15,0,26,4,A,aa3,1070,1.518,-1.064,0,0
15,0,26,4,N,nb0,1075,1.866,0.82,2,1
15,0,26,4,N,nb1,1075,-1.577,1.866,1,1
15,0,26,4,N,nb2,1075,-0.494,1.865,2,1
15,0,26,4,N,nb3,1075,-1.279,0.112,3,1
15,0,26,4,N,nb4,1075,0.811,-1.827,2,1
15,0,26,4,N,nb5,1075,1.162,0.831,2,1
15,0,26,4,N,nb6,1075,1.865,1.279,1,1
15,0,26,4,N,nb7,1075,-0.727,1.45,2,1
15,0,26,4,N,nb8,1075,-0.467,-0.085,1,1
15,0,26,4,N,nb9,1075,1.865,1.11,2,1
15,0,26,4,N,nb10,1075,-0.303,-0.044,2,1
15,0,26,4,N,nb11,1075,1.741,0.994,2,1
15,0,26,4,N,nb12,1075,0.824,0.94,2,1
15,0,26,4,N,nb13,1075,-1.214,0.338,2,1
15,0,26,4,N,nb14,1075,0.66,-1.749,1,1
15,0,26,4,N,nb15,1075,-0.124,1.443,0,0
15,0,26,4,N,nb16,1075,-0.059,-0.009,1,1
15,0,26,4,N,nb17,1075,-0.656,1.291,1,1
15,0,26,4,N,nb18,1075,-0.264,1.865,1,0
15,0,26,4,N,nb19,1075,0.997,0.967,3,1
15,0,26,4,N,nb20,1075,1.771,0.499,1,1
15,0,26,4,N,nb21,1075,-1.057,1.629,1,1
15,0,26,4,N,nb22,1075,-1.523,0.063,2,1
15,0,26,4,N,nb23,1075,0.976,-1.865,1,1
15,0,26,4,N,nb24,1075,-0.566,1.63,2,1
15,0,26,4,N,nb25,1075,-1.455,0.284,3,1
15,0,26,4,N,nb26,1075,-1.294,1.701,2,1
15,0,26,4,N,nb27,1075,0.941,0.752,3,1
15,0,26,4,N,nb28,1075,-1.341,1.865,2,1
15,0,26,4,N,nb29,1075,1.726,0.724,2,1
15,0,26,4,A,aa0,1075,0.536,-1.865,1,0
15,0,26,4,A,aa1,1075,0.805,-0.146,0,0
15,0,26,4,A,aa2,1075,0.426,1.548,0,0
15,0,26,4,A,aa3,1075,1.557,-1.045,0,0
15,0,26,4,N,nb0,1080,1.866,0.82,2,1
15,0,26,4,N,nb1,1080,-1.577,1.866,1,1
15,0,26,4,N,nb2,1080,-0.494,1.865,2,1
15,0,26,4,N,nb3,1080,-1.279,0.112,3,1
15,0,26,4,N,nb4,1080,0.811,-1.827,2,1
15,0,26,4,N,nb5,1080,1.162,0.831,2,1
15,0,26,4,N,nb6,1080,1.865,1.279,1,1
15,0,26,4,N,nb7,1080,-0.727,1.45,2,0
15,0,26,4,N,nb8,1080,-0.467,-0.085,1,1
15,0,26,4,N,nb9,1080,1.865,1.11,2,1
15,0,26,4,N,nb10,1080,-0.303,-0.044,2,1
15,0,26,4,N,nb11,1080,1.741,0.994,2,1
15,0,26,4,N,nb12,1080,0.824,0.94,2,1
15,0,26,4,N,nb13,1080,-1.214,0.338,2,1
15,0,26,4,N,nb14,1080,0.664,-1.742,1,1
15,0,26,4,N,nb15,1080,-0.213,1.398,0,0
15,0,26,4,N,nb16,1080,-0.059,-0.009,1,1
15,0,26,4,N,nb17,1080,-0.656,1.291,1,0
15,0,26,4,N,nb18,1080,-0.264,1.865,1,1
15,0,26,4,N,nb19,1080,0.997,0.967,3,1
15,0,26,4,N,nb20,1080,1.771,0.499,1,1
15,0,26,4,N,nb21,1080,-1.057,1.629,1,1
15,0,26,4,N,nb22,1080,-1.523,0.063,2,1
15,0,26,4,N,nb23,1080,0.976,-1.865,1,1
15,0,26,4,N,nb24,1080,-0.566,1.63,2,1
15,0,26,4,N,nb25,1080,-1.455,0.284,3,1
15,0,26,4,N,nb26,1080,-1.294,1.701,2,0
15,0,26,4,N,nb27,1080,0.941,0.752,3,1
15,0,26,4,N,nb28,1080,-1.341,1.865,2,0
15,0,26,4,N,nb29,1080,1.726,0.724,2,1
15,0,26,4,A,aa0,1080,0.547,-1.865,2,0
15,0,26,4,A,aa1,1080,0.899,-0.182,0,0
15,0,26,4,A,aa2,1080,0.408,1.449,0,0
15,0,26,4,A,aa3,1080,1.566,-1.009,0,0
15,0,26,4,N,nb0,1085,1.866,0.82,2,1
15,0,26,4,N,nb1,1085,-1.577,1.866,1,1
15,0,26,4,N,nb2,1085,-0.494,1.865,2,1
15,0,26,4,N,nb3,1085,-1.279,0.112,3,1
15,0,26,4,N,nb4,1085,0.811,-1.827,2,1
15,0,26,4,N,nb5,1085,1.162,0.831,2,1
15,0,26,4,N,nb6,1085,1.865,1.279,1,1
15,0,26,4,N,nb7,1085,-0.727,1.45,2,1
15,0,26,4,N,nb8,1085,-0.467,-0.085,1,1
15,0,26,4,N,nb9,1085,1.865,1.11,2,1
15,0,26,4,N,nb10,1085,-0.303,-0.044,2,1
15,0,26,4,N,nb11,1085,1.741,0.994,2,1
15,0,26,4,N,nb12,1085,0.824,0.94,2,1
15,0,26,4,N,nb13,1085,-1.214,0.338,2,1
15,0,26,4,N,nb14,1085,0.667,-1.736,1,1
15,0,26,4,N,nb15,1085,-0.302,1.353,0,0
15,0,26,4,N,nb16,1085,-0.059,-0.009,1,1
15,0,26,4,N,nb17,1085,-0.656,1.291,1,1
15,0,26,4,N,nb18,1085,-0.264,1.865,1,1
15,0,26,4,N,nb19,1085,0.997,0.967,3,1
15,0,26,4,N,nb20,1085,1.771,0.499,1,1
15,0,26,4,N,nb21,1085,-1.057,1.629,1,1
15,0,26,4,N,nb22,1085,-1.523,0.063,2,1
15,0,26,4,N,nb23,1085,0.976,-1.865,1,1
15,0,26,4,N,nb24,1085,-0.566,1.63,2,1
15,0,26,4,N,nb25,1085,-1.455,0.284,3,1
15,0,26,4,N,nb26,1085,-1.294,1.701,2,1
15,0,26,4,N,nb27,1085,0.941,0.752,3,1
15,0,26,4,N,nb28,1085,-1.341,1.865,2,1
15,0,26,4,N,nb29,1085,1.726,0.724,2,1
15,0,26,4,A,aa0,1085,0.558,-1.865,2,0
15,0,26,4,A,aa1,1085,0.992,-0.217,0,0
15,0,26,4,A,aa2,1085,0.389,1.351,1,0
15,0,26,4,A,aa3,1085,1.586,-0.928,0,0
15,0,26,4,N,nb0,1090,1.866,0.82,2,1
15,0,26,4,N,nb1,1090,-1.577,1.866,1,1
15,0,26,4,N,nb2,1090,-0.494,1.865,2,1
15,0,26,4,N,nb3,1090,-1.279,0.112,3,1
15,0,26,4,N,nb4,1090,0.811,-1.827,2,1
15,0,26,4,N,nb5,1090,1.162,0.831,2,1
15,0,26,4,N,nb6,1090,1.865,1.279,1,1
15,0,26,4,N,nb7,1090,-0.727,1.45,2,1
15,0,26,4,N,nb8,1090,-0.467,-0.085,1,1
15,0,26,4,N,nb9,1090,1.865,1.11,2,1
15,0,26,4,N,nb10,1090,-0.303,-0.044,2,1
15,0,26,4,N,nb11,1090,1.741,0.994,2,1
15,0,26,4,N,nb12,1090,0.824,0.94,2,1
15,0,26,4,N,nb13,1090,-1.214,0.338,2,1
15,0,26,4,N,nb14,1090,0.671,-1.731,1,1
15,0,26,4,N,nb15,1090,-0.391,1.308,0,0
15,0,26,4,N,nb16,1090,-0.059,-0.009,1,1
15,0,26,4,N,nb17,1090,-0.656,1.291,1,1
15,0,26,4,N,nb18,1090,-0.264,1.865,1,1
15,0,26,4,N,nb19,1090,0.997,0.967,3,1
15,0,26,4,N,nb20,1090,1.771,0.499,1,1
15,0,26,4,N,nb21,1090,-1.057,1.629,1,1
15,0,26,4,N,nb22,1090,-1.523,0.063,2,1
15,0,26,4,N,nb23,1090,0.976,-1.865,1,1
15,0,26,4,N,nb24,1090,-0.566,1.63,2,1
15,0,26,4,N,nb25,1090,-1.455,0.284,3,1
15,0,26,4,N,nb26,1090,-1.294,1.701,2,1
15,0,26,4,N,nb27,1090,0.941,0.752,3,1
15,0,26,4,N,nb28,1090,-1.341,1.865,2,1
15,0,26,4,N,nb29,1090,1.726,0.724,2,1
15,0,26,4,A,aa0,1090,0.567,-1.865,2,0
15,0,26,4,A,aa1,1090,1.086,-0.253,0,0
15,0,26,4,A,aa2,1090,0.371,1.253,1,0
15,0,26,4,A,aa3,1090,1.586,-0.928,0,0
15,0,26,4,N,nb0,1095,1.866,0.82,2,1
15,0,26,4,N,nb1,1095,-1.577,1.866,1,1
15,0,26,4,N,nb2,1095,-0.494,1.865,2,1
15,0,26,4,N,nb3,1095,-1.279,0.112,3,1
15,0,26,4,N,nb4,1095,0.811,-1.827,2,1
15,0,26,4,N,nb5,1095,1.162,0.831,2,1
15,0,26,4,N,nb6,1095,1.865,1.279,1,1
15,0,26,4,N,nb7,1095,-0.727,1.45,2,1
15,0,26,4,N,nb8,1095,-0.467,-0.085,1,1
15,0,26,4,N,nb9,1095,1.865,1.11,2,1
15,0,26,4,N,nb10,1095,-0.303,-0.044,2,1
15,0,26,4,N,nb11,1095,1.741,0.994,2,1
15,0,26,4,N,nb12,1095,0.824,0.94,2,1
15,0,26,4,N,nb13,1095,-1.214,0.338,2,0
15,0,26,4,N,nb14,1095,0.674,-1.727,1,1
15,0,26,4,N,nb15,1095,-0.409,1.299,1,1
15,0,26,4,N,nb16,1095,-0.059,-0.009,1,0
15,0,26,4,N,nb17,1095,-0.656,1.291,2,1
15,0,26,4,N,nb18,1095,-0.264,1.865,1,1
15,0,26,4,N,nb19,1095,0.997,0.967,3,1
15,0,26,4,N,nb20,1095,1.771,0.499,1,1
15,0,26,4,N,nb21,1095,-1.057,1.629,1,1
15,0,26,4,N,nb22,1095,-1.523,0.063,2,1
15,0,26,4,N,nb23,1095,0.976,-1.865,1,1
15,0,26,4,N,nb24,1095,-0.566,1.63,2,1
15,0,26,4,N,nb25,1095,-1.455,0.284,3,1
15,0,26,4,N,nb26,1095,-1.294,1.701,2,1
15,0,26,4,N,nb27,1095,0.941,0.752,3,1
15,0,26,4,N,nb28,1095,-1.341,1.865,2,1
15,0,26,4,N,nb29,1095,1.726,0.724,2,1
15,0,26,4,A,aa0,1095,0.576,-1.865,2,0
15,0,26,4,A,aa1,1095,1.179,-0.288,0,0
15,0,26,4,A,aa2,1095,0.353,1.154,1,0
15,0,26,4,A,aa3,1095,1.534,-0.872,0,0
15,0,26,4,N,nb0,1100,1.866,0.82,2,1
15,0,26,4,N,nb1,1100,-1.577,1.866,1,1
15,0,26,4,N,nb2,1100,-0.494,1.865,2,1
15,0,26,4,N,nb3,1100,-1.279,0.112,3,1
15,0,26,4,N,nb4,1100,0.811,-1.827,2,1
15,0,26,4,N,nb5,1100,1.162,0.831,2,1
15,0,26,4,N,nb6,1100,1.865,1.279,1,1
15,0,26,4,N,nb7,1100,-0.727,1.45,2,1
15,0,26,4,N,nb8,1100,-0.467,-0.085,1,1
15,0,26,4,N,nb9,1100,1.865,1.11,2,1
15,0,26,4,N,nb10,1100,-0.303,-0.044,2,1
15,0,26,4,N,nb11,1100,1.741,0.994,2,1
15,0,26,4,N,nb12,1100,0.824,0.94,2,1
15,0,26,4,N,nb13,1100,-1.214,0.338,2,1
15,0,26,4,N,nb14,1100,0.677,-1.722,1,1
15,0,26,4,N,nb15,1100,-0.409,1.299,1,1
15,0,26,4,N,nb16,1100,-0.059,-0.009,1,1
15,0,26,4,N,nb17,1100,-0.656,1.291,2,1
15,0,26,4,N,nb18,1100,-0.264,1.865,1,1
15,0,26,4,N,nb19,1100,0.997,0.967,3,1
15,0,26,4,N,nb20,1100,1.771,0.499,1,0
15,0,26,4,N,nb21,1100,-1.057,1.629,1,1
15,0,26,4,N,nb22,1100,-1.523,0.063,2,1
15,0,26,4,N,nb23,1100,0.976,-1.865,1,1
15,0,26,4,N,nb24,1100,-0.566,1.63,2,1
15,0,26,4,N,nb25,1100,-1.455,0.284,3,1
15,0,26,4,N,nb26,1100,-1.294,1.701,2,1
15,0,26,4,N,nb27,1100,0.941,0.752,3,1
15,0,26,4,N,nb28,1100,-1.341,1.865,2,1
15,0,26,4,N,nb29,1100,1.726,0.724,2,1
15,0,26,4,A,aa0,1100,0.586,-1.865,2,0
15,0,26,4,A,aa1,1100,1.273,-0.324,0,0
15,0,26,4,A,aa2,1100,0.334,1.056,1,0
15,0,26,4,A,aa3,1100,1.504,-0.841,0,0
15,0,26,4,N,nb0,1105,1.866,0.82,2,1
15,0,26,4,N,nb1,1105,-1.577,1.866,1,1
15,0,26,4,N,nb2,1105,-0.494,1.865,2,1
15,0,26,4,N,nb3,1105,-1.279,0.112,3,1
15,0,26,4,N,nb4,1105,0.811,-1.827,2,1
15,0,26,4,N,nb5,1105,1.162,0.831,2,1
15,0,26,4,N,nb6,1105,1.865,1.279,1,1
15,0,26,4,N,nb7,1105,-0.727,1.45,2,1
15,0,26,4,N,nb8,1105,-0.467,-0.085,1,1
15,0,26,4,N,nb9,1105,1.865,1.11,2,1
15,0,26,4,N,nb10,1105,-0.303,-0.044,2,1
15,0,26,4,N,nb11,1105,1.741,0.994,2,1
15,0,26,4,N,nb12,1105,0.824,0.94,2,1
15,0,26,4,N,nb13,1105,-1.214,0.338,2,1
15,0,26,4,N,nb14,1105,0.679,-1.716,1,1
15,0,26,4,N,nb15,1105,-0.409,1.299,1,1
15,0,26,4,N,nb16,1105,-0.059,-0.009,1,1
15,0,26,4,N,nb17,1105,-0.656,1.291,2,1
15,0,26,4,N,nb18,1105,-0.264,1.865,1,1
15,0,26,4,N,nb19,1105,0.997,0.967,3,1
15,0,26,4,N,nb20,1105,1.771,0.499,1,1
15,0,26,4,N,nb21,1105,-1.057,1.629,1,1
15,0,26,4,N,nb22,1105,-1.523,0.063,2,1
15,0,26,4,N,nb23,1105,0.976,-1.865,1,1
15,0,26,4,N,nb24,1105,-0.566,1.63,2,1
15,0,26,4,N,nb25,1105,-1.455,0.284,3,1
15,0,26,4,N,nb26,1105,-1.294,1.701,2,1
15,0,26,4,N,nb27,1105,0.941,0.752,3,1
15,0,26,4,N,nb28,1105,-1.341,1.865,2,1
15,0,26,4,N,nb29,1105,1.726,0.724,2,1
15,0,26,4,A,aa0,1105,0.596,-1.864,2,0
15,0,26,4,A,aa1,1105,1.366,-0.359,0,0
15,0,26,4,A,aa2,1105,0.316,0.958,1,0
15,0,26,4,A,aa3,1105,1.504,-0.841,0,0
15,0,26,4,N,nb0,1110,1.866,0.82,2,1
15,0,26,4,N,nb1,1110,-1.577,1.866,1,1
15,0,26,4,N,nb2,1110,-0.494,1.865,2,1
15,0,26,4,N,nb3,1110,-1.279,0.112,3,1
15,0,26,4,N,nb4,1110,0.811,-1.827,2,1
15,0,26,4,N,nb5,1110,1.162,0.831,2,1
15,0,26,4,N,nb6,1110,1.865,1.279,1,1
15,0,26,4,N,nb7,1110,-0.727,1.45,2,1
15,0,26,4,N,nb8,1110,-0.467,-0.085,1,1
15,0,26,4,N,nb9,1110,1.865,1.11,2,1
15,0,26,4,N,nb10,1110,-0.303,-0.044,2,1
15,0,26,4,N,nb11,1110,1.741,0.994,2,1
15,0,26,4,N,nb12,1110,0.824,0.94,2,1
15,0,26,4,N,nb13,1110,-1.214,0.338,2,1
15,0,26,4,N,nb14,1110,0.681,-1.711,1,1
15,0,26,4,N,nb15,1110,-0.409,1.299,1,1
15,0,26,4,N,nb16,1110,-0.059,-0.009,1,1
15,0,26,4,N,nb17,1110,-0.656,1.291,2,1
15,0,26,4,N,nb18,1110,-0.264,1.865,1,1
15,0,26,4,N,nb19,1110,0.997,0.967,3,1
15,0,26,4,N,nb20,1110,1.771,0.499,1,1
15,0,26,4,N,nb21,1110,-1.057,1.629,1,1
15,0,26,4,N,nb22,1110,-1.523,0.063,2,1
15,0,26,4,N,nb23,1110,0.976,-1.865,1,1
15,0,26,4,N,nb24,1110,-0.566,1.63,2,1
15,0,26,4,N,nb25,1110,-1.455,0.284,3,1
15,0,26,4,N,nb26,1110,-1.294,1.701,2,1
15,0,26,4,N,nb27,1110,0.941,0.752,3,0
15,0,26,4,N,nb28,1110,-1.341,1.865,2,1
15,0,26,4,N,nb29,1110,1.726,0.724,2,1
15,0,26,4,A,aa0,1110,0.604,-1.862,2,0
15,0,26,4,A,aa1,1110,1.46,-0.395,0,0
15,0,26,4,A,aa2,1110,0.297,0.86,1,0
15,0,26,4,A,aa3,1110,1.466,-0.853,0,0
15,0,26,4,N,nb0,1115,1.866,0.82,2,1
15,0,26,4,N,nb1,1115,-1.577,1.866,1,0
15,0,26,4,N,nb2,1115,-0.494,1.865,2,1
15,0,26,4,N,nb3,1115,-1.279,0.112,3,0
15,0,26,4,N,nb4,1115,0.811,-1.827,2,1
15,0,26,4,N,nb5,1115,1.162,0.831,2,1
15,0,26,4,N,nb6,1115,1.865,1.279,1,1
15,0,26,4,N,nb7,1115,-0.727,1.45,2,1
15,0,26,4,N,nb8,1115,-0.467,-0.085,1,1
15,0,26,4,N,nb9,1115,1.865,1.11,2,1
15,0,26,4,N,nb10,1115,-0.303,-0.044,2,1
15,0,26,4,N,nb11,1115,1.741,0.994,2,1
15,0,26,4,N,nb12,1115,0.824,0.94,2,1
15,0,26,4,N,nb13,1115,-1.214,0.338,2,1
15,0,26,4,N,nb14,1115,0.683,-1.706,1,1
15,0,26,4,N,nb15,1115,-0.409,1.299,1,1
15,0,26,4,N,nb16,1115,-0.059,-0.009,1,1
15,0,26,4,N,nb17,1115,-0.656,1.291,2,1
15,0,26,4,N,nb18,1115,-0.264,1.865,1,1
15,0,26,4,N,nb19,1115,0.997,0.967,3,1
15,0,26,4,N,nb20,1115,1.771,0.499,1,1
15,0,26,4,N,nb21,1115,-1.057,1.629,1,1
15,0,26,4,N,nb22,1115,-1.523,0.063,2,1
15,0,26,4,N,nb23,1115,0.976,-1.865,1,1
15,0,26,4,N,nb24,1115,-0.566,1.63,2,1
15,0,26,4,N,nb25,1115,-1.455,0.284,3,0
15,0,26,4,N,nb26,1115,-1.294,1.701,2,1
15,0,26,4,N,nb27,1115,0.941,0.752,3,1
15,0,26,4,N,nb28,1115,-1.341,1.865,2,1
15,0,26,4,N,nb29,1115,1.726,0.724,2,1
15,0,26,4,A,aa0,1115,0.611,-1.859,2,0
15,0,26,4,A,aa1,1115,1.553,-0.43,0,0
15,0,26,4,A,aa2,1115,0.279,0.761,1,0
15,0,26,4,A,aa3,1115,1.395,-0.92,0,0
15,0,26,4,N,nb0,1120,1.866,0.82,2,1
15,0,26,4,N,nb1,1120,-1.577,1.866,1,1
15,0,26,4,N,nb2,1120,-0.494,1.865,2,1
15,0,26,4,N,nb3,1120,-1.279,0.112,3,1
15,0,26,4,N,nb4,1120,0.811,-1.827,2,1
15,0,26,4,N,nb5,1120,1.162,0.831,2,1
15,0,26,4,N,nb6,1120,1.865,1.279,1,1
15,0,26,4,N,nb7,1120,-0.727,1.45,2,1
15,0,26,4,N,nb8,1120,-0.467,-0.085,1,1
15,0,26,4,N,nb9,1120,1.865,1.11,2,1
15,0,26,4,N,nb10,1120,-0.303,-0.044,2,1
15,0,26,4,N,nb11,1120,1.741,0.994,2,1
15,0,26,4,N,nb12,1120,0.824,0.94,2,1
15,0,26,4,N,nb13,1120,-1.214,0.338,2,1
15,0,26,4,N,nb14,1120,0.684,-1.701,1,1
15,0,26,4,N,nb15,1120,-0.409,1.299,1,1
15,0,26,4,N,nb16,1120,-0.059,-0.009,1,1
15,0,26,4,N,nb17,1120,-0.656,1.291,2,1
15,0,26,4,N,nb18,1120,-0.264,1.865,1,1
15,0,26,4,N,nb19,1120,0.997,0.967,3,1
15,0,26,4,N,nb20,1120,1.771,0.499,1,1
15,0,26,4,N,nb21,1120,-1.057,1.629,1,1
15,0,26,4,N,nb22,1120,-1.523,0.063,2,1
15,0,26,4,N,nb23,1120,0.976,-1.865,1,1
15,0,26,4,N,nb24,1120,-0.566,1.63,2,1
15,0,26,4,N,nb25,1120,-1.455,0.284,3,1
15,0,26,4,N,nb26,1120,-1.294,1.701,2,1
15,0,26,4,N,nb27,1120,0.941,0.752,3,1
15,0,26,4,N,nb28,1120,-1.341,1.865,2,1
15,0,26,4,N,nb29,1120,1.726,0.724,2,1
15,0,26,4,A,aa0,1120,0.617,-1.857,1,0
15,0,26,4,A,aa1,1120,1.594,-0.445,0,0
15,0,26,4,A,aa2,1120,0.26,0.663,0,0
15,0,26,4,A,aa3,1120,1.323,-0.988,0,0
15,0,26,4,N,nb0,1125,1.866,0.82,2,1
15,0,26,4,N,nb1,1125,-1.577,1.866,1,1
15,0,26,4,N,nb2,1125,-0.494,1.865,2,1
15,0,26,4,N,nb3,1125,-1.279,0.112,3,1
15,0,26,4,N,nb4,1125,0.811,-1.827,2,1
15,0,26,4,N,nb5,1125,1.162,0.831,2,1
15,0,26,4,N,nb6,1125,1.865,1.279,1,1
15,0,26,4,N,nb7,1125,-0.727,1.45,2,1
15,0,26,4,N,nb8,1125,-0.467,-0.085,1,1
15,0,26,4,N,nb9,1125,1.865,1.11,2,1
15,0,26,4,N,nb10,1125,-0.303,-0.044,2,1
15,0,26,4,N,nb11,1125,1.741,0.994,2,1
15,0,26,4,N,nb12,1125,0.824,0.94,2,0
15,0,26,4,N,nb13,1125,-1.214,0.338,2,1
15,0,26,4,N,nb14,1125,0.685,-1.696,1,1
15,0,26,4,N,nb15,1125,-0.409,1.299,1,1
15,0,26,4,N,nb16,1125,-0.059,-0.009,1,1
15,0,26,4,N,nb17,1125,-0.656,1.291,2,1
15,0,26,4,N,nb18,1125,-0.264,1.865,1,1
15,0,26,4,N,nb19,1125,0.997,0.967,3,1
15,0,26,4,N,nb20,1125,1.771,0.499,1,1
15,0,26,4,N,nb21,1125,-1.057,1.629,1,1
15,0,26,4,N,nb22,1125,-1.523,0.063,2,1
15,0,26,4,N,nb23,1125,0.976,-1.865,1,1
15,0,26,4,N,nb24,1125,-0.566,1.63,2,1
15,0,26,4,N,nb25,1125,-1.455,0.284,3,1
15,0,26,4,N,nb26,1125,-1.294,1.701,2,1
15,0,26,4,N,nb27,1125,0.941,0.752,3,1
15,0,26,4,N,nb28,1125,-1.341,1.865,2,1
15,0,26,4,N,nb29,1125,1.726,0.724,2,1
15,0,26,4,A,aa0,1125,0.625,-1.855,2,0
15,0,26,4,A,aa1,1125,1.647,-0.426,0,0
15,0,26,4,A,aa2,1125,0.242,0.565,0,0
15,0,26,4,A,aa3,1125,1.25,-1.057,0,0
15,0,26,4,N,nb0,1130,1.866,0.82,2,1
15,0,26,4,N,nb1,1130,-1.577,1.866,1,1
15,0,26,4,N,nb2,1130,-0.494,1.865,2,1
15,0,26,4,N,nb3,1130,-1.279,0.112,3,1
15,0,26,4,N,nb4,1130,0.811,-1.827,2,1
15,0,26,4,N,nb5,1130,1.162,0.831,2,1
15,0,26,4,N,nb6,1130,1.865,1.279,1,1
15,0,26,4,N,nb7,1130,-0.727,1.45,2,1
15,0,26,4,N,nb8,1130,-0.467,-0.085,1,1
15,0,26,4,N,nb9,1130,1.865,1.11,2,1
15,0,26,4,N,nb10,1130,-0.303,-0.044,2,1
15,0,26,4,N,nb11,1130,1.741,0.994,2,1
15,0,26,4,N,nb12,1130,0.824,0.94,2,1
15,0,26,4,N,nb13,1130,-1.214,0.338,2,1
15,0,26,4,N,nb14,1130,0.685,-1.691,1,1
15,0,26,4,N,nb15,1130,-0.409,1.299,1,1
15,0,26,4,N,nb16,1130,-0.059,-0.009,1,1
15,0,26,4,N,nb17,1130,-0.656,1.291,2,1
15,0,26,4,N,nb18,1130,-0.264,1.865,1,1
15,0,26,4,N,nb19,1130,0.997,0.967,3,1
15,0,26,4,N,nb20,1130,1.771,0.499,1,1
15,0,26,4,N,nb21,1130,-1.057,1.629,1,1
15,0,26,4,N,nb22,1130,-1.523,0.063,2,1
15,0,26,4,N,nb23,1130,0.976,-1.865,1,1
15,0,26,4,N,nb24,1130,-0.566,1.63,2,1
15,0,26,4,N,nb25,1130,-1.455,0.284,3,1
15,0,26,4,N,nb26,1130,-1.294,1.701,2,1
15,0,26,4,N,nb27,1130,0.941,0.752,3,1
15,0,26,4,N,nb28,1130,-1.341,1.865,2,1
15,0,26,4,N,nb29,1130,1.726,0.724,2,1
15,0,26,4,A,aa0,1130,0.633,-1.852,2,0
15,0,26,4,A,aa1,1130,1.741,-0.392,0,0
15,0,26,4,A,aa2,1130,0.223,0.466,1,0
15,0,26,4,A,aa3,1130,1.177,-1.125,0,0
15,0,26,4,N,nb0,1135,1.866,0.82,2,1
15,0,26,4,N,nb1,1135,-1.577,1.866,1,1
15,0,26,4,N,nb2,1135,-0.494,1.865,2,1
15,0,26,4,N,nb3,1135,-1.279,0.112,3,1
15,0,26,4,N,nb4,1135,0.811,-1.827,2,0
15,0,26,4,N,nb5,1135,1.162,0.831,2,0
15,0,26,4,N,nb6,1135,1.865,1.279,1,1
15,0,26,4,N,nb7,1135,-0.727,1.45,2,1
15,0,26,4,N,nb8,1135,-0.467,-0.085,1,1
15,0,26,4,N,nb9,1135,1.865,1.11,2,1
15,0,26,4,N,nb10,1135,-0.303,-0.044,2,1
15,0,26,4,N,nb11,1135,1.741,0.994,2,1
15,0,26,4,N,nb12,1135,0.824,0.94,2,1
15,0,26,4,N,nb13,1135,-1.214,0.338,2,1
15,0,26,4,N,nb14,1135,0.685,-1.691,1,1
15,0,26,4,N,nb15,1135,-0.409,1.299,1,1
15,0,26,4,N,nb16,1135,-0.059,-0.009,1,1
15,0,26,4,N,nb17,1135,-0.656,1.291,2,1
15,0,26,4,N,nb18,1135,-0.264,1.865,1,1
15,0,26,4,N,nb19,1135,0.997,0.967,3,1
15,0,26,4,N,nb20,1135,1.771,0.499,1,1
15,0,26,4,N,nb21,1135,-1.057,1.629,1,1
15,0,26,4,N,nb22,1135,-1.523,0.063,2,1
15,0,26,4,N,nb23,1135,0.976,-1.865,1,1
15,0,26,4,N,nb24,1135,-0.566,1.63,2,1
15,0,26,4,N,nb25,1135,-1.455,0.284,3,1
15,0,26,4,N,nb26,1135,-1.294,1.701,2,1
15,0,26,4,N,nb27,1135,0.941,0.752,3,1
15,0,26,4,N,nb28,1135,-1.341,1.865,2,1
15,0,26,4,N,nb29,1135,1.726,0.724,2,1
15,0,26,4,A,aa0,1135,0.633,-1.852,2,0
15,0,26,4,A,aa1,1135,1.744,-0.391,0,0
15,0,26,4,A,aa2,1135,0.205,0.368,1,0
15,0,26,4,A,aa3,1135,1.104,-1.194,0,0
15,0,26,4,N,nb0,1140,1.866,0.82,2,1
15,0,26,4,N,nb1,1140,-1.577,1.866,1,1
15,0,26,4,N,nb2,1140,-0.494,1.865,2,1
15,0,26,4,N,nb3,1140,-1.279,0.112,3,1
15,0,26,4,N,nb4,1140,0.811,-1.827,2,1
15,0,26,4,N,nb5,1140,1.162,0.831,2,1
15,0,26,4,N,nb6,1140,1.865,1.279,1,0
15,0,26,4,N,nb7,1140,-0.727,1.45,2,1
15,0,26,4,N,nb8,1140,-0.467,-0.085,1,1
15,0,26,4,N,nb9,1140,1.865,1.11,2,1
15,0,26,4,N,nb10,1140,-0.303,-0.044,2,1
15,0,26,4,N,nb11,1140,1.741,0.994,2,0
15,0,26,4,N,nb12,1140,0.824,0.94,2,1
15,0,26,4,N,nb13,1140,-1.214,0.338,2,1
15,0,26,4,N,nb14,1140,0.685,-1.691,1,1
15,0,26,4,N,nb15,1140,-0.409,1.299,1,1
15,0,26,4,N,nb16,1140,-0.059,-0.009,1,1
15,0,26,4,N,nb17,1140,-0.656,1.291,2,1
15,0,26,4,N,nb18,1140,-0.264,1.865,1,1
15,0,26,4,N,nb19,1140,0.997,0.967,3,1
15,0,26,4,N,nb20,1140,1.771,0.499,1,1
15,0,26,4,N,nb21,1140,-1.057,1.629,1,1
15,0,26,4,N,nb22,1140,-1.523,0.063,2,1
15,0,26,4,N,nb23,1140,0.976,-1.865,1,1
15,0,26,4,N,nb24,1140,-0.566,1.63,2,1
15,0,26,4,N,nb25,1140,-1.455,0.284,3,1
15,0,26,4,N,nb26,1140,-1.294,1.701,2,1
15,0,26,4,N,nb27,1140,0.941,0.752,3,1
15,0,26,4,N,nb28,1140,-1.341,1.865,2,1
15,0,26,4,N,nb29,1140,1.726,0.724,2,1
15,0,26,4,A,aa0,1140,0.591,-1.832,2,0
15,0,26,4,A,aa1,1140,1.744,-0.391,0,0
15,0,26,4,A,aa2,1140,0.197,0.326,1,0
15,0,26,4,A,aa3,1140,1.032,-1.263,1,0
15,0,26,4,N,nb0,1145,1.866,0.82,2,1
15,0,26,4,N,nb1,1145,-1.577,1.866,1,1
15,0,26,4,N,nb2,1145,-0.494,1.865,2,1
15,0,26,4,N,nb3,1145,-1.279,0.112,3,1
15,0,26,4,N,nb4,1145,0.779,-1.821,2,0
15,0,26,4,N,nb5,1145,1.162,0.831,2,1
15,0,26,4,N,nb6,1145,1.865,1.279,1,1
15,0,26,4,N,nb7,1145,-0.727,1.45,2,1
15,0,26,4,N,nb8,1145,-0.467,-0.085,1,1
15,0,26,4,N,nb9,1145,1.865,1.11,2,0
15,0,26,4,N,nb10,1145,-0.303,-0.044,2,1
15,0,26,4,N,nb11,1145,1.741,0.994,2,1
15,0,26,4,N,nb12,1145,0.824,0.94,2,1
15,0,26,4,N,nb13,1145,-1.214,0.338,2,1
15,0,26,4,N,nb14,1145,0.661,-1.701,1,0
15,0,26,4,N,nb15,1145,-0.409,1.299,1,1
15,0,26,4,N,nb16,1145,-0.059,-0.009,1,1
15,0,26,4,N,nb17,1145,-0.656,1.291,2,1
15,0,26,4,N,nb18,1145,-0.264,1.865,1,1
15,0,26,4,N,nb19,1145,0.997,0.967,3,1
15,0,26,4,N,nb20,1145,1.771,0.499,1,1
15,0,26,4,N,nb21,1145,-1.057,1.629,1,1
15,0,26,4,N,nb22,1145,-1.523,0.063,2,1
15,0,26,4,N,nb23,1145,0.947,-1.847,1,0
15,0,26,4,N,nb24,1145,-0.566,1.63,2,1
15,0,26,4,N,nb25,1145,-1.455,0.284,3,1
15,0,26,4,N,nb26,1145,-1.294,1.701,2,1
15,0,26,4,N,nb27,1145,0.941,0.752,3,1
15,0,26,4,N,nb28,1145,-1.341,1.865,2,1
15,0,26,4,N,nb29,1145,1.726,0.724,2,1
15,0,26,4,A,aa0,1145,0.511,-1.78,0,0
15,0,26,4,A,aa1,1145,1.724,-0.296,0,0
15,0,26,4,A,aa2,1145,0.209,0.314,1,0
15,0,26,4,A,aa3,1145,0.959,-1.331,0,0
15,0,26,4,N,nb0,1150,1.866,0.82,2,1
15,0,26,4,N,nb1,1150,-1.577,1.866,1,1
15,0,26,4,N,nb2,1150,-0.494,1.865,2,1
15,0,26,4,N,nb3,1150,-1.279,0.112,3,1
15,0,26,4,N,nb4,1150,0.688,-1.797,2,0
15,0,26,4,N,nb5,1150,1.162,0.831,2,1
15,0,26,4,N,nb6,1150,1.865,1.279,1,1
15,0,26,4,N,nb7,1150,-0.727,1.45,2,1
15,0,26,4,N,nb8,1150,-0.467,-0.085,1,1
15,0,26,4,N,nb9,1150,1.865,1.11,2,1
15,0,26,4,N,nb10,1150,-0.303,-0.044,2,1
15,0,26,4,N,nb11,1150,1.741,0.994,2,1
15,0,26,4,N,nb12,1150,0.824,0.94,2,1
15,0,26,4,N,nb13,1150,-1.214,0.338,2,1
15,0,26,4,N,nb14,1150,0.583,-1.665,1,0
15,0,26,4,N,nb15,1150,-0.409,1.299,1,1
15,0,26,4,N,nb16,1150,-0.059,-0.009,1,1
15,0,26,4,N,nb17,1150,-0.656,1.291,2,1
15,0,26,4,N,nb18,1150,-0.264,1.865,1,1
15,0,26,4,N,nb19,1150,0.997,0.967,3,1
15,0,26,4,N,nb20,1150,1.771,0.499,1,1
15,0,26,4,N,nb21,1150,-1.057,1.629,1,1
15,0,26,4,N,nb22,1150,-1.523,0.063,2,1
15,0,26,4,N,nb23,1150,0.876,-1.792,1,0
15,0,26,4,N,nb24,1150,-0.566,1.63,2,1
15,0,26,4,N,nb25,1150,-1.455,0.284,3,1
15,0,26,4,N,nb26,1150,-1.294,1.701,2,1
15,0,26,4,N,nb27,1150,0.941,0.752,3,1
15,0,26,4,N,nb28,1150,-1.341,1.865,2,1
15,0,26,4,N,nb29,1150,1.726,0.724,2,1
15,0,26,4,A,aa0,1150,0.428,-1.734,0,0
15,0,26,4,A,aa1,1150,1.703,-0.198,0,0
15,0,26,4,A,aa2,1150,0.282,0.245,1,0
15,0,26,4,A,aa3,1150,0.886,-1.4,0,0
15,0,26,4,N,nb0,1155,1.866,0.82,2,1
15,0,26,4,N,nb1,1155,-1.577,1.866,1,1
15,0,26,4,N,nb2,1155,-0.494,1.865,2,1
15,0,26,4,N,nb3,1155,-1.279,0.112,3,1
15,0,26,4,N,nb4,1155,0.632,-1.785,2,1
15,0,26,4,N,nb5,1155,1.162,0.831,2,1
15,0,26,4,N,nb6,1155,1.865,1.279,1,1
15,0,26,4,N,nb7,1155,-0.727,1.45,2,1
15,0,26,4,N,nb8,1155,-0.467,-0.085,1,1
15,0,26,4,N,nb9,1155,1.865,1.11,2,1
15,0,26,4,N,nb10,1155,-0.303,-0.044,2,1
15,0,26,4,N,nb11,1155,1.741,0.994,2,1
15,0,26,4,N,nb12,1155,0.824,0.94,2,1
15,0,26,4,N,nb13,1155,-1.214,0.338,2,1
15,0,26,4,N,nb14,1155,0.533,-1.649,1,1
15,0,26,4,N,nb15,1155,-0.409,1.299,1,1
15,0,26,4,N,nb16,1155,-0.059,-0.009,1,1
15,0,26,4,N,nb17,1155,-0.656,1.291,2,1
15,0,26,4,N,nb18,1155,-0.264,1.865,1,1
15,0,26,4,N,nb19,1155,0.997,0.967,3,0
15,0,26,4,N,nb20,1155,1.771,0.499,1,1
15,0,26,4,N,nb21,1155,-1.057,1.629,1,1
15,0,26,4,N,nb22,1155,-1.523,0.063,2,1
15,0,26,4,N,nb23,1155,0.836,-1.752,1,1
15,0,26,4,N,nb24,1155,-0.566,1.63,2,1
15,0,26,4,N,nb25,1155,-1.455,0.284,3,1
15,0,26,4,N,nb26,1155,-1.294,1.701,2,1
15,0,26,4,N,nb27,1155,0.941,0.752,3,1
15,0,26,4,N,nb28,1155,-1.341,1.865,2,1
15,0,26,4,N,nb29,1155,1.726,0.724,2,1
15,0,26,4,A,aa0,1155,0.373,-1.707,2,0
15,0,26,4,A,aa1,1155,1.683,-0.1,0,0
15,0,26,4,A,aa2,1155,0.354,0.177,1,0
15,0,26,4,A,aa3,1155,0.813,-1.468,3,1
15,0,26,4,N,nb0,1160,1.866,0.82,2,1
15,0,26,4,N,nb1,1160,-1.577,1.866,1,1
15,0,26,4,N,nb2,1160,-0.494,1.865,2,1
15,0,26,4,N,nb3,1160,-1.279,0.112,3,1
15,0,26,4,N,nb4,1160,0.591,-1.784,2,0
15,0,26,4,N,nb5,1160,1.162,0.831,2,1
15,0,26,4,N,nb6,1160,1.865,1.279,1,1
15,0,26,4,N,nb7,1160,-0.727,1.45,2,1
15,0,26,4,N,nb8,1160,-0.467,-0.085,1,1
15,0,26,4,N,nb9,1160,1.865,1.11,2,1
15,0,26,4,N,nb10,1160,-0.303,-0.044,2,1
15,0,26,4,N,nb11,1160,1.741,0.994,2,1
15,0,26,4,N,nb12,1160,0.824,0.94,2,1
15,0,26,4,N,nb13,1160,-1.214,0.338,2,1
15,0,26,4,N,nb14,1160,0.51,-1.637,1,0
15,0,26,4,N,nb15,1160,-0.409,1.299,1,1
15,0,26,4,N,nb16,1160,-0.059,-0.009,1,1
15,0,26,4,N,nb17,1160,-0.656,1.291,2,1
15,0,26,4,N,nb18,1160,-0.264,1.865,1,1
15,0,26,4,N,nb19,1160,0.997,0.967,3,1
15,0,26,4,N,nb20,1160,1.771,0.499,1,1
15,0,26,4,N,nb21,1160,-1.057,1.629,1,1
15,0,26,4,N,nb22,1160,-1.523,0.063,2,1
15,0,26,4,N,nb23,1160,0.804,-1.714,1,0
15,0,26,4,N,nb24,1160,-0.566,1.63,2,1
15,0,26,4,N,nb25,1160,-1.455,0.284,3,1
15,0,26,4,N,nb26,1160,-1.294,1.701,2,1
15,0,26,4,N,nb27,1160,0.941,0.752,3,1
15,0,26,4,N,nb28,1160,-1.341,1.865,2,1
15,0,26,4,N,nb29,1160,1.726,0.724,2,0
15,0,26,4,A,aa0,1160,0.356,-1.716,0,0
15,0,26,4,A,aa1,1160,1.662,-0.002,1,0
15,0,26,4,A,aa2,1160,0.427,0.108,1,0
15,0,26,4,A,aa3,1160,0.744,-1.532,0,0
15,0,26,4,N,nb0,1165,1.866,0.82,2,1
15,0,26,4,N,nb1,1165,-1.577,1.866,1,1
15,0,26,4,N,nb2,1165,-0.494,1.865,2,1
15,0,26,4,N,nb3,1165,-1.279,0.112,3,1
15,0,26,4,N,nb4,1165,0.508,-1.788,1,0
15,0,26,4,N,nb5,1165,1.162,0.831,2,1
15,0,26,4,N,nb6,1165,1.865,1.279,1,1
15,0,26,4,N,nb7,1165,-0.727,1.45,2,1
15,0,26,4,N,nb8,1165,-0.467,-0.085,1,1
15,0,26,4,N,nb9,1165,1.865,1.11,2,1
15,0,26,4,N,nb10,1165,-0.303,-0.044,2,1
15,0,26,4,N,nb11,1165,1.741,0.994,2,1
15,0,26,4,N,nb12,1165,0.824,0.94,2,1
15,0,26,4,N,nb13,1165,-1.214,0.338,2,1
15,0,26,4,N,nb14,1165,0.403,-1.656,1,0
15,0,26,4,N,nb15,1165,-0.409,1.299,1,1
15,0,26,4,N,nb16,1165,-0.059,-0.009,1,1
15,0,26,4,N,nb17,1165,-0.656,1.291,2,1
15,0,26,4,N,nb18,1165,-0.264,1.865,1,1
15,0,26,4,N,nb19,1165,0.997,0.967,3,1
15,0,26,4,N,nb20,1165,1.771,0.499,1,1
15,0,26,4,N,nb21,1165,-1.057,1.629,1,1
15,0,26,4,N,nb22,1165,-1.523,0.063,2,1
15,0,26,4,N,nb23,1165,0.778,-1.669,0,0
15,0,26,4,N,nb24,1165,-0.566,1.63,2,1
15,0,26,4,N,nb25,1165,-1.455,0.284,3,1
15,0,26,4,N,nb26,1165,-1.294,1.701,2,1
15,0,26,4,N,nb27,1165,0.941,0.752,3,1
15,0,26,4,N,nb28,1165,-1.341,1.865,2,1
15,0,26,4,N,nb29,1165,1.726,0.724,2,1
15,0,26,4,A,aa0,1165,0.265,-1.757,0,0
15,0,26,4,A,aa1,1165,1.641,0.095,1,0
15,0,26,4,A,aa2,1165,0.5,0.039,1,0
15,0,26,4,A,aa3,1165,0.719,-1.51,0,0
15,0,26,4,N,nb0,1170,1.866,0.82,2,1
15,0,26,4,N,nb1,1170,-1.577,1.866,1,1
15,0,26,4,N,nb2,1170,-0.494,1.865,2,1
15,0,26,4,N,nb3,1170,-1.279,0.112,3,1
15,0,26,4,N,nb4,1170,0.472,-1.793,1,1
15,0,26,4,N,nb5,1170,1.162,0.831,2,1
15,0,26,4,N,nb6,1170,1.865,1.279,1,1
15,0,26,4,N,nb7,1170,-0.727,1.45,2,1
15,0,26,4,N,nb8,1170,-0.467,-0.085,1,1
15,0,26,4,N,nb9,1170,1.865,1.11,2,1
15,0,26,4,N,nb10,1170,-0.303,-0.044,2,1
15,0,26,4,N,nb11,1170,1.741,0.994,2,1
15,0,26,4,N,nb12,1170,0.824,0.94,2,1
15,0,26,4,N,nb13,1170,-1.214,0.338,2,1
15,0,26,4,N,nb14,1170,0.359,-1.669,1,1
15,0,26,4,N,nb15,1170,-0.409,1.299,1,1
15,0,26,4,N,nb16,1170,-0.059,-0.009,1,1
15,0,26,4,N,nb17,1170,-0.656,1.291,2,1
15,0,26,4,N,nb18,1170,-0.264,1.865,1,1
15,0,26,4,N,nb19,1170,0.997,0.967,3,1
15,0,26,4,N,nb20,1170,1.771,0.499,1,1
15,0,26,4,N,nb21,1170,-1.057,1.629,1,1
15,0,26,4,N,nb22,1170,-1.523,0.063,2,0
15,0,26,4,N,nb23,1170,0.726,-1.645,0,0
15,0,26,4,N,nb24,1170,-0.566,1.63,2,1
15,0,26,4,N,nb25,1170,-1.455,0.284,3,1
15,0,26,4,N,nb26,1170,-1.294,1.701,2,1
15,0,26,4,N,nb27,1170,0.941,0.752,3,1
15,0,26,4,N,nb28,1170,-1.341,1.865,2,1
15,0,26,4,N,nb29,1170,1.726,0.724,2,1
15,0,26,4,A,aa0,1170,0.175,-1.799,2,0
15,0,26,4,A,aa1,1170,1.636,0.118,1,0
15,0,26,4,A,aa2,1170,0.573,-0.029,0,0
15,0,26,4,A,aa3,1170,0.666,-1.487,2,0
15,0,26,4,N,nb0,1175,1.866,0.82,2,1
15,0,26,4,N,nb1,1175,-1.577,1.866,1,1
15,0,26,4,N,nb2,1175,-0.494,1.865,2,1
15,0,26,4,N,nb3,1175,-1.279,0.112,3,1
15,0,26,4,N,nb4,1175,0.472,-1.793,1,1
15,0,26,4,N,nb5,1175,1.162,0.831,2,1
15,0,26,4,N,nb6,1175,1.865,1.279,1,1
15,0,26,4,N,nb7,1175,-0.727,1.45,2,1
15,0,26,4,N,nb8,1175,-0.467,-0.085,1,1
15,0,26,4,N,nb9,1175,1.865,1.11,2,1
15,0,26,4,N,nb10,1175,-0.303,-0.044,2,1
15,0,26,4,N,nb11,1175,1.741,0.994,2,1
15,0,26,4,N,nb12,1175,0.824,0.94,2,1
15,0,26,4,N,nb13,1175,-1.214,0.338,2,1
15,0,26,4,N,nb14,1175,0.359,-1.669,1,1
15,0,26,4,N,nb15,1175,-0.409,1.299,1,1
15,0,26,4,N,nb16,1175,-0.059,-0.009,1,1
15,0,26,4,N,nb17,1175,-0.656,1.291,2,1
15,0,26,4,N,nb18,1175,-0.264,1.865,1,1
15,0,26,4,N,nb19,1175,0.997,0.967,3,1
15,0,26,4,N,nb20,1175,1.771,0.499,1,1
15,0,26,4,N,nb21,1175,-1.057,1.629,1,1
15,0,26,4,N,nb22,1175,-1.523,0.063,2,1
15,0,26,4,N,nb23,1175,0.661,-1.626,0,0
15,0,26,4,N,nb24,1175,-0.566,1.63,2,1
15,0,26,4,N,nb25,1175,-1.455,0.284,3,1
15,0,26,4,N,nb26,1175,-1.294,1.701,2,1
15,0,26,4,N,nb27,1175,0.941,0.752,3,1
15,0,26,4,N,nb28,1175,-1.341,1.865,2,1
15,0,26,4,N,nb29,1175,1.726,0.724,2,1
15,0,26,4,A,aa0,1175,0.091,-1.833,2,0
15,0,26,4,A,aa1,1175,1.575,0.165,2,0
15,0,26,4,A,aa2,1175,0.633,-0.086,0,0
15,0,26,4,A,aa3,1175,0.6,-1.468,2,0
15,0,26,4,N,nb0,1180,1.866,0.82,2,1
15,0,26,4,N,nb1,1180,-1.577,1.866,1,1
15,0,26,4,N,nb2,1180,-0.494,1.865,2,0
15,0,26,4,N,nb3,1180,-1.279,0.112,3,1
15,0,26,4,N,nb4,1180,0.472,-1.793,2,0
15,0,26,4,N,nb5,1180,1.162,0.831,2,1
15,0,26,4,N,nb6,1180,1.865,1.279,1,1
15,0,26,4,N,nb7,1180,-0.727,1.45,2,1
15,0,26,4,N,nb8,1180,-0.467,-0.085,1,1
15,0,26,4,N,nb9,1180,1.865,1.11,2,1
15,0,26,4,N,nb10,1180,-0.303,-0.044,2,1
15,0,26,4,N,nb11,1180,1.741,0.994,2,1
15,0,26,4,N,nb12,1180,0.824,0.94,2,1
15,0,26,4,N,nb13,1180,-1.214,0.338,2,1
15,0,26,4,N,nb14,1180,0.359,-1.669,1,0
15,0,26,4,N,nb15,1180,-0.409,1.299,1,1
15,0,26,4,N,nb16,1180,-0.059,-0.009,1,1
15,0,26,4,N,nb17,1180,-0.656,1.291,2,1
15,0,26,4,N,nb18,1180,-0.264,1.865,1,1
15,0,26,4,N,nb19,1180,0.997,0.967,3,1
15,0,26,4,N,nb20,1180,1.771,0.499,1,1
15,0,26,4,N,nb21,1180,-1.057,1.629,1,1
15,0,26,4,N,nb22,1180,-1.523,0.063,2,1
15,0,26,4,N,nb23,1180,0.645,-1.622,1,0
15,0,26,4,N,nb24,1180,-0.566,1.63,2,1
15,0,26,4,N,nb25,1180,-1.455,0.284,3,1
15,0,26,4,N,nb26,1180,-1.294,1.701,2,1
15,0,26,4,N,nb27,1180,0.941,0.752,3,1
15,0,26,4,N,nb28,1180,-1.341,1.865,2,1
15,0,26,4,N,nb29,1180,1.726,0.724,2,1
15,0,26,4,A,aa0,1180,0.003,-1.857,2,0
15,0,26,4,A,aa1,1180,1.495,0.225,2,0
15,0,26,4,A,aa2,1180,0.633,-0.086,0,0
15,0,26,4,A,aa3,1180,0.543,-1.487,3,1
15,0,26,4,N,nb0,1185,1.866,0.82,2,1
15,0,26,4,N,nb1,1185,-1.577,1.866,1,1
15,0,26,4,N,nb2,1185,-0.494,1.865,2,1
15,0,26,4,N,nb3,1185,-1.279,0.112,3,1
15,0,26,4,N,nb4,1185,0.438,-1.844,2,0
15,0,26,4,N,nb5,1185,1.162,0.831,2,1
15,0,26,4,N,nb6,1185,1.865,1.279,1,1
15,0,26,4,N,nb7,1185,-0.727,1.45,2,1
15,0,26,4,N,nb8,1185,-0.467,-0.085,1,0
15,0,26,4,N,nb9,1185,1.865,1.11,2,1
15,0,26,4,N,nb10,1185,-0.303,-0.044,2,0
15,0,26,4,N,nb11,1185,1.741,0.994,2,1
15,0,26,4,N,nb12,1185,0.824,0.94,2,1
15,0,26,4,N,nb13,1185,-1.214,0.338,2,1
15,0,26,4,N,nb14,1185,0.324,-1.719,1,0
15,0,26,4,N,nb15,1185,-0.409,1.299,1,1
15,0,26,4,N,nb16,1185,-0.059,-0.009,1,1
15,0,26,4,N,nb17,1185,-0.656,1.291,2,1
15,0,26,4,N,nb18,1185,-0.264,1.865,1,1
15,0,26,4,N,nb19,1185,0.997,0.967,3,1
15,0,26,4,N,nb20,1185,1.771,0.499,1,1
15,0,26,4,N,nb21,1185,-1.057,1.629,1,1
15,0,26,4,N,nb22,1185,-1.523,0.063,2,1
15,0,26,4,N,nb23,1185,0.584,-1.656,1,0
15,0,26,4,N,nb24,1185,-0.566,1.63,2,1
15,0,26,4,N,nb25,1185,-1.455,0.284,3,1
15,0,26,4,N,nb26,1185,-1.294,1.701,2,1
15,0,26,4,N,nb27,1185,0.941,0.752,3,1
15,0,26,4,N,nb28,1185,-1.341,1.865,2,1
15,0,26,4,N,nb29,1185,1.726,0.724,2,1
15,0,26,4,A,aa0,1185,-0.088,-1.865,0,0
15,0,26,4,A,aa1,1185,1.416,0.285,2,0
15,0,26,4,A,aa2,1185,0.633,-0.086,0,0
15,0,26,4,A,aa3,1185,0.475,-1.526,0,0
15,0,26,4,N,nb0,1190,1.866,0.82,2,0
15,0,26,4,N,nb1,1190,-1.577,1.866,1,1
15,0,26,4,N,nb2,1190,-0.494,1.865,2,1
15,0,26,4,N,nb3,1190,-1.279,0.112,3,1
15,0,26,4,N,nb4,1190,0.38,-1.866,2,1
15,0,26,4,N,nb5,1190,1.143,0.803,2,0
15,0,26,4,N,nb6,1190,1.865,1.279,1,1
15,0,26,4,N,nb7,1190,-0.727,1.45,2,1
15,0,26,4,N,nb8,1190,-0.467,-0.085,1,1
15,0,26,4,N,nb9,1190,1.865,1.11,2,1
15,0,26,4,N,nb10,1190,-0.303,-0.044,2,1
15,0,26,4,N,nb11,1190,1.741,0.994,2,1
15,0,26,4,N,nb12,1190,0.824,0.94,2,1
15,0,26,4,N,nb13,1190,-1.214,0.338,2,1
15,0,26,4,N,nb14,1190,0.283,-1.728,2,1
15,0,26,4,N,nb15,1190,-0.409,1.299,1,1
15,0,26,4,N,nb16,1190,-0.059,-0.009,1,1
15,0,26,4,N,nb17,1190,-0.656,1.291,2,1
15,0,26,4,N,nb18,1190,-0.264,1.865,1,1
15,0,26,4,N,nb19,1190,0.997,0.967,3,1
15,0,26,4,N,nb20,1190,1.757,0.528,1,0
15,0,26,4,N,nb21,1190,-1.057,1.629,1,1
15,0,26,4,N,nb22,1190,-1.523,0.063,2,1
15,0,26,4,N,nb23,1190,0.513,-1.694,2,1
15,0,26,4,N,nb24,1190,-0.566,1.63,2,0
15,0,26,4,N,nb25,1190,-1.455,0.284,3,1
15,0,26,4,N,nb26,1190,-1.294,1.701,2,1
15,0,26,4,N,nb27,1190,0.941,0.752,3,0
15,0,26,4,N,nb28,1190,-1.341,1.865,2,1
15,0,26,4,N,nb29,1190,1.738,0.709,2,0
15,0,26,4,A,aa0,1190,-0.18,-1.864,0,0
15,0,26,4,A,aa1,1190,1.336,0.345,1,0
15,0,26,4,A,aa2,1190,0.678,-0.024,0,0
15,0,26,4,A,aa3,1190,0.4,-1.567,0,0
15,0,26,4,N,nb0,1195,1.866,0.82,2,1
15,0,26,4,N,nb1,1195,-1.577,1.866,1,1
15,0,26,4,N,nb2,1195,-0.494,1.865,2,1
15,0,26,4,N,nb3,1195,-1.279,0.112,3,1
15,0,26,4,N,nb4,1195,0.367,-1.866,2,0
15,0,26,4,N,nb5,1195,1.1,0.723,1,0
15,0,26,4,N,nb6,1195,1.865,1.279,1,1
15,0,26,4,N,nb7,1195,-0.727,1.45,2,1
15,0,26,4,N,nb8,1195,-0.467,-0.085,1,1
15,0,26,4,N,nb9,1195,1.865,1.11,2,1
15,0,26,4,N,nb10,1195,-0.303,-0.044,2,1
15,0,26,4,N,nb11,1195,1.741,0.994,2,1
15,0,26,4,N,nb12,1195,0.811,0.952,2,1
15,0,26,4,N,nb13,1195,-1.214,0.338,2,1
15,0,26,4,N,nb14,1195,0.25,-1.744,1,0
15,0,26,4,N,nb15,1195,-0.409,1.299,1,1
15,0,26,4,N,nb16,1195,-0.059,-0.009,1,1
15,0,26,4,N,nb17,1195,-0.656,1.291,2,1
15,0,26,4,N,nb18,1195,-0.264,1.865,1,1
15,0,26,4,N,nb19,1195,0.997,0.967,2,1
15,0,26,4,N,nb20,1195,1.741,0.537,1,0
15,0,26,4,N,nb21,1195,-1.057,1.629,1,1
15,0,26,4,N,nb22,1195,-1.523,0.063,2,1
15,0,26,4,N,nb23,1195,0.496,-1.694,1,0
15,0,26,4,N,nb24,1195,-0.566,1.63,2,1
15,0,26,4,N,nb25,1195,-1.455,0.284,3,1
15,0,26,4,N,nb26,1195,-1.294,1.701,2,1
15,0,26,4,N,nb27,1195,0.905,0.811,3,0
15,0,26,4,N,nb28,1195,-1.341,1.865,2,1
15,0,26,4,N,nb29,1195,1.74,0.706,2,0
15,0,26,4,A,aa0,1195,-0.272,-1.855,0,0
15,0,26,4,A,aa1,1195,1.256,0.406,0,0
15,0,26,4,A,aa2,1195,0.726,0.044,0,0
15,0,26,4,A,aa3,1195,0.344,-1.604,0,0
15,0,26,4,N,nb0,1200,1.866,0.82,2,1
15,0,26,4,N,nb1,1200,-1.577,1.866,1,1
15,0,26,4,N,nb2,1200,-0.494,1.865,2,1
15,0,26,4,N,nb3,1200,-1.279,0.112,3,1
15,0,26,4,N,nb4,1200,0.287,-1.866,2,0
15,0,26,4,N,nb5,1200,1.077,0.669,0,1
15,0,26,4,N,nb6,1200,1.865,1.279,1,1
15,0,26,4,N,nb7,1200,-0.727,1.45,2,1
15,0,26,4,N,nb8,1200,-0.467,-0.085,1,1
15,0,26,4,N,nb9,1200,1.865,1.11,2,1
15,0,26,4,N,nb10,1200,-0.303,-0.044,2,1
15,0,26,4,N,nb11,1200,1.741,0.994,2,1
15,0,26,4,N,nb12,1200,0.784,0.973,2,1
15,0,26,4,N,nb13,1200,-1.214,0.338,2,1
15,0,26,4,N,nb14,1200,0.155,-1.762,1,0
15,0,26,4,N,nb15,1200,-0.409,1.299,1,1
15,0,26,4,N,nb16,1200,-0.059,-0.009,1,1
15,0,26,4,N,nb17,1200,-0.656,1.291,2,1
15,0,26,4,N,nb18,1200,-0.264,1.865,1,1
15,0,26,4,N,nb19,1200,0.997,0.967,2,1
15,0,26,4,N,nb20,1200,1.725,0.532,1,1
15,0,26,4,N,nb21,1200,-1.057,1.629,1,1
15,0,26,4,N,nb22,1200,-1.523,0.063,2,1
15,0,26,4,N,nb23,1200,0.413,-1.704,1,0
15,0,26,4,N,nb24,1200,-0.566,1.63,2,1
15,0,26,4,N,nb25,1200,-1.455,0.284,3,1
15,0,26,4,N,nb26,1200,-1.294,1.701,2,1
15,0,26,4,N,nb27,1200,0.886,0.838,2,1
15,0,26,4,N,nb28,1200,-1.341,1.865,2,1
15,0,26,4,N,nb29,1200,1.746,0.7,2,1
15,0,26,4,A,aa0,1200,-0.363,-1.836,0,0
15,0,26,4,A,aa1,1200,1.18,0.462,2,0
15,0,26,4,A,aa2,1200,0.726,0.044,0,0
15,0,26,4,A,aa3,1200,0.26,-1.629,0,0
15,0,26,4,N,nb0,1205,1.866,0.82,2,1
15,0,26,4,N,nb1,1205,-1.577,1.866,1,1
15,0,26,4,N,nb2,1205,-0.494,1.865,2,1
15,0,26,4,N,nb3,1205,-1.279,0.112,3,1
15,0,26,4,N,nb4,1205,0.215,-1.864,2,1
15,0,26,4,N,nb5,1205,1.076,0.67,0,1
15,0,26,4,N,nb6,1205,1.865,1.279,1,1
15,0,26,4,N,nb7,1205,-0.727,1.45,2,1
15,0,26,4,N,nb8,1205,-0.467,-0.085,1,1
15,0,26,4,N,nb9,1205,1.865,1.11,2,1
15,0,26,4,N,nb10,1205,-0.303,-0.044,2,1
15,0,26,4,N,nb11,1205,1.741,0.994,2,1
15,0,26,4,N,nb12,1205,0.784,0.973,2,1
15,0,26,4,N,nb13,1205,-1.214,0.338,2,1
15,0,26,4,N,nb14,1205,0.057,-1.781,1,1
15,0,26,4,N,nb15,1205,-0.409,1.299,1,1
15,0,26,4,N,nb16,1205,-0.059,-0.009,1,1
15,0,26,4,N,nb17,1205,-0.656,1.291,2,1
15,0,26,4,N,nb18,1205,-0.264,1.865,1,1
15,0,26,4,N,nb19,1205,0.997,0.967,2,1
15,0,26,4,N,nb20,1205,1.725,0.532,1,1
15,0,26,4,N,nb21,1205,-1.057,1.629,1,1
15,0,26,4,N,nb22,1205,-1.523,0.063,2,1
15,0,26,4,N,nb23,1205,0.344,-1.722,1,1
15,0,26,4,N,nb24,1205,-0.566,1.63,2,1
15,0,26,4,N,nb25,1205,-1.455,0.284,3,1
15,0,26,4,N,nb26,1205,-1.294,1.701,2,1
15,0,26,4,N,nb27,1205,0.886,0.838,2,1
15,0,26,4,N,nb28,1205,-1.341,1.865,2,1
15,0,26,4,N,nb29,1205,1.746,0.7,2,1
15,0,26,4,A,aa0,1205,-0.452,-1.809,0,0
15,0,26,4,A,aa1,1205,1.105,0.503,1,0
15,0,26,4,A,aa2,1205,0.697,0.093,0,0
15,0,26,4,A,aa3,1205,0.172,-1.657,0,0
15,0,26,4,N,nb0,1210,1.866,0.82,2,1
15,0,26,4,N,nb1,1210,-1.577,1.866,1,1
15,0,26,4,N,nb2,1210,-0.494,1.865,2,1
15,0,26,4,N,nb3,1210,-1.279,0.112,3,1
15,0,26,4,N,nb4,1210,0.182,-1.859,2,0
15,0,26,4,N,nb5,1210,1.068,0.686,1,1
15,0,26,4,N,nb6,1210,1.865,1.279,1,1
15,0,26,4,N,nb7,1210,-0.727,1.45,2,1
15,0,26,4,N,nb8,1210,-0.467,-0.085,1,1
15,0,26,4,N,nb9,1210,1.865,1.11,2,1
15,0,26,4,N,nb10,1210,-0.303,-0.044,2,1
15,0,26,4,N,nb11,1210,1.741,0.994,2,1
15,0,26,4,N,nb12,1210,0.784,0.973,2,1
15,0,26,4,N,nb13,1210,-1.214,0.338,2,1
15,0,26,4,N,nb14,1210,-0.0,-1.834,1,0
15,0,26,4,N,nb15,1210,-0.409,1.299,1,1
15,0,26,4,N,nb16,1210,-0.059,-0.009,1,1
15,0,26,4,N,nb17,1210,-0.656,1.291,2,1
15,0,26,4,N,nb18,1210,-0.264,1.865,1,1
15,0,26,4,N,nb19,1210,0.997,0.967,2,1
15,0,26,4,N,nb20,1210,1.725,0.532,1,1
15,0,26,4,N,nb21,1210,-1.057,1.629,1,1
15,0,26,4,N,nb22,1210,-1.523,0.063,2,1
15,0,26,4,N,nb23,1210,0.314,-1.733,1,0
15,0,26,4,N,nb24,1210,-0.566,1.63,2,1
15,0,26,4,N,nb25,1210,-1.455,0.284,3,1
15,0,26,4,N,nb26,1210,-1.294,1.701,2,1
15,0,26,4,N,nb27,1210,0.886,0.838,3,1
15,0,26,4,N,nb28,1210,-1.341,1.865,2,1
15,0,26,4,N,nb29,1210,1.746,0.7,2,1
15,0,26,4,A,aa0,1210,-0.54,-1.774,0,0
15,0,26,4,A,aa1,1210,1.027,0.521,2,0
15,0,26,4,A,aa2,1210,0.647,0.18,0,0
15,0,26,4,A,aa3,1210,0.084,-1.674,0,0
15,0,26,4,N,nb0,1215,1.866,0.82,2,1
15,0,26,4,N,nb1,1215,-1.577,1.866,1,1
15,0,26,4,N,nb2,1215,-0.494,1.865,2,1
15,0,26,4,N,nb3,1215,-1.279,0.112,3,1
15,0,26,4,N,nb4,1215,0.101,-1.843,2,0
15,0,26,4,N,nb5,1215,1.068,0.686,1,0
15,0,26,4,N,nb6,1215,1.865,1.279,1,1
15,0,26,4,N,nb7,1215,-0.727,1.45,2,1
15,0,26,4,N,nb8,1215,-0.467,-0.085,1,1
15,0,26,4,N,nb9,1215,1.865,1.11,2,1
15,0,26,4,N,nb10,1215,-0.303,-0.044,2,1
15,0,26,4,N,nb11,1215,1.741,0.994,2,1
15,0,26,4,N,nb12,1215,0.784,0.973,2,1
15,0,26,4,N,nb13,1215,-1.214,0.338,2,1
15,0,26,4,N,nb14,1215,-0.068,-1.866,1,0
15,0,26,4,N,nb15,1215,-0.409,1.299,1,1
15,0,26,4,N,nb16,1215,-0.059,-0.009,1,1
15,0,26,4,N,nb17,1215,-0.656,1.291,2,1
15,0,26,4,N,nb18,1215,-0.264,1.865,1,1
15,0,26,4,N,nb19,1215,0.997,0.967,2,0
15,0,26,4,N,nb20,1215,1.725,0.532,1,1
15,0,26,4,N,nb21,1215,-1.057,1.629,1,1
15,0,26,4,N,nb22,1215,-1.523,0.063,2,1
15,0,26,4,N,nb23,1215,0.24,-1.746,1,0
15,0,26,4,N,nb24,1215,-0.566,1.63,2,1
15,0,26,4,N,nb25,1215,-1.455,0.284,3,1
15,0,26,4,N,nb26,1215,-1.294,1.701,2,1
15,0,26,4,N,nb27,1215,0.886,0.838,3,0
15,0,26,4,N,nb28,1215,-1.341,1.865,2,1
15,0,26,4,N,nb29,1215,1.746,0.7,2,1
15,0,26,4,A,aa0,1215,-0.627,-1.731,0,0
15,0,26,4,A,aa1,1215,0.936,0.541,3,1
15,0,26,4,A,aa2,1215,0.596,0.266,0,0
15,0,26,4,A,aa3,1215,-0.008,-1.679,0,0
15,0,26,4,N,nb0,1220,1.866,0.82,2,1
15,0,26,4,N,nb1,1220,-1.577,1.866,1,1
15,0,26,4,N,nb2,1220,-0.494,1.865,2,1
15,0,26,4,N,nb3,1220,-1.279,0.112,3,1
15,0,26,4,N,nb4,1220,0.05,-1.825,2,1
15,0,26,4,N,nb5,1220,1.043,0.604,0,0
15,0,26,4,N,nb6,1220,1.865,1.279,1,1
15,0,26,4,N,nb7,1220,-0.727,1.45,2,1
15,0,26,4,N,nb8,1220,-0.467,-0.085,1,1
15,0,26,4,N,nb9,1220,1.865,1.11,2,1
15,0,26,4,N,nb10,1220,-0.303,-0.044,2,1
15,0,26,4,N,nb11,1220,1.741,0.994,2,1
15,0,26,4,N,nb12,1220,0.782,0.974,1,1
15,0,26,4,N,nb13,1220,-1.214,0.338,2,1
15,0,26,4,N,nb14,1220,-0.115,-1.866,1,1
15,0,26,4,N,nb15,1220,-0.409,1.299,1,1
15,0,26,4,N,nb16,1220,-0.059,-0.009,1,1
15,0,26,4,N,nb17,1220,-0.656,1.291,2,1
15,0,26,4,N,nb18,1220,-0.264,1.865,1,1
15,0,26,4,N,nb19,1220,1.089,0.956,1,0
15,0,26,4,N,nb20,1220,1.725,0.532,1,1
15,0,26,4,N,nb21,1220,-1.057,1.629,1,0
15,0,26,4,N,nb22,1220,-1.523,0.063,2,1
15,0,26,4,N,nb23,1220,0.198,-1.742,1,1
15,0,26,4,N,nb24,1220,-0.566,1.63,2,1
15,0,26,4,N,nb25,1220,-1.455,0.284,3,1
15,0,26,4,N,nb26,1220,-1.294,1.701,2,1
15,0,26,4,N,nb27,1220,0.894,0.848,2,0
15,0,26,4,N,nb28,1220,-1.341,1.865,2,1
15,0,26,4,N,nb29,1220,1.746,0.7,2,1
15,0,26,4,A,aa0,1220,-0.716,-1.685,0,0
15,0,26,4,A,aa1,1220,0.841,0.554,0,0
15,0,26,4,A,aa2,1220,0.545,0.352,0,0
15,0,26,4,A,aa3,1220,-0.102,-1.675,3,1
15,0,26,4,N,nb0,1225,1.866,0.82,2,1
15,0,26,4,N,nb1,1225,-1.577,1.866,1,1
15,0,26,4,N,nb2,1225,-0.494,1.865,2,1
15,0,26,4,N,nb3,1225,-1.279,0.112,3,1
15,0,26,4,N,nb4,1225,0.003,-1.805,2,0
15,0,26,4,N,nb5,1225,1.03,0.512,0,0
15,0,26,4,N,nb6,1225,1.865,1.279,1,1
15,0,26,4,N,nb7,1225,-0.727,1.45,2,1
15,0,26,4,N,nb8,1225,-0.467,-0.085,1,1
15,0,26,4,N,nb9,1225,1.865,1.11,2,1
15,0,26,4,N,nb10,1225,-0.303,-0.044,2,1
15,0,26,4,N,nb11,1225,1.741,0.994,2,1
15,0,26,4,N,nb12,1225,0.781,0.974,1,1
15,0,26,4,N,nb13,1225,-1.214,0.338,2,1
15,0,26,4,N,nb14,1225,-0.155,-1.866,1,0
15,0,26,4,N,nb15,1225,-0.409,1.299,1,1
15,0,26,4,N,nb16,1225,-0.059,-0.009,1,1
15,0,26,4,N,nb17,1225,-0.656,1.291,2,1
15,0,26,4,N,nb18,1225,-0.264,1.865,1,1
15,0,26,4,N,nb19,1225,1.187,0.949,0,0
15,0,26,4,N,nb20,1225,1.725,0.532,1,1
15,0,26,4,N,nb21,1225,-1.057,1.629,1,1
15,0,26,4,N,nb22,1225,-1.523,0.063,2,1
15,0,26,4,N,nb23,1225,0.158,-1.736,1,0
15,0,26,4,N,nb24,1225,-0.566,1.63,2,1
15,0,26,4,N,nb25,1225,-1.455,0.284,3,1
15,0,26,4,N,nb26,1225,-1.294,1.701,2,1
15,0,26,4,N,nb27,1225,0.902,0.856,1,1
15,0,26,4,N,nb28,1225,-1.341,1.865,2,1
15,0,26,4,N,nb29,1225,1.746,0.7,2,1
15,0,26,4,A,aa0,1225,-0.805,-1.64,0,0
15,0,26,4,A,aa1,1225,0.742,0.565,1,0
15,0,26,4,A,aa2,1225,0.495,0.439,0,0
15,0,26,4,A,aa3,1225,-0.195,-1.663,0,0
15,0,26,4,N,nb0,1230,1.866,0.82,2,1
15,0,26,4,N,nb1,1230,-1.577,1.866,1,1
15,0,26,4,N,nb2,1230,-0.494,1.865,2,1
15,0,26,4,N,nb3,1230,-1.279,0.112,3,1
15,0,26,4,N,nb4,1230,-0.079,-1.761,2,0
15,0,26,4,N,nb5,1230,1.021,0.413,0,0
15,0,26,4,N,nb6,1230,1.865,1.279,1,1
15,0,26,4,N,nb7,1230,-0.727,1.45,2,1
15,0,26,4,N,nb8,1230,-0.467,-0.085,1,1
15,0,26,4,N,nb9,1230,1.865,1.11,2,1
15,0,26,4,N,nb10,1230,-0.303,-0.044,2,1
15,0,26,4,N,nb11,1230,1.741,0.994,2,1
15,0,26,4,N,nb12,1230,0.781,0.974,1,1
15,0,26,4,N,nb13,1230,-1.214,0.338,2,1
15,0,26,4,N,nb14,1230,-0.214,-1.866,1,0
15,0,26,4,N,nb15,1230,-0.409,1.299,1,1
15,0,26,4,N,nb16,1230,-0.059,-0.009,1,1
15,0,26,4,N,nb17,1230,-0.656,1.291,2,1
15,0,26,4,N,nb18,1230,-0.264,1.865,1,0
15,0,26,4,N,nb19,1230,1.287,0.943,0,0
15,0,26,4,N,nb20,1230,1.725,0.532,1,1
15,0,26,4,N,nb21,1230,-1.057,1.629,1,1
15,0,26,4,N,nb22,1230,-1.523,0.063,2,1
15,0,26,4,N,nb23,1230,0.084,-1.715,1,0
15,0,26,4,N,nb24,1230,-0.566,1.63,2,1
15,0,26,4,N,nb25,1230,-1.455,0.284,3,1
15,0,26,4,N,nb26,1230,-1.294,1.701,2,1
15,0,26,4,N,nb27,1230,0.902,0.856,1,1
15,0,26,4,N,nb28,1230,-1.341,1.865,2,1
15,0,26,4,N,nb29,1230,1.746,0.7,2,1
15,0,26,4,A,aa0,1230,-0.894,-1.595,0,0
15,0,26,4,A,aa1,1230,0.653,0.577,2,0
15,0,26,4,A,aa2,1230,0.445,0.519,1,0
15,0,26,4,A,aa3,1230,-0.289,-1.643,0,0
15,0,26,4,N,nb0,1235,1.866,0.82,2,1
15,0,26,4,N,nb1,1235,-1.577,1.866,1,1
15,0,26,4,N,nb2,1235,-0.494,1.865,2,1
15,0,26,4,N,nb3,1235,-1.279,0.112,3,1
15,0,26,4,N,nb4,1235,-0.115,-1.74,2,1
15,0,26,4,N,nb5,1235,1.012,0.313,0,0
15,0,26,4,N,nb6,1235,1.865,1.279,1,1
15,0,26,4,N,nb7,1235,-0.727,1.45,2,0
15,0,26,4,N,nb8,1235,-0.467,-0.085,1,1
15,0,26,4,N,nb9,1235,1.865,1.11,2,1
15,0,26,4,N,nb10,1235,-0.303,-0.044,2,1
15,0,26,4,N,nb11,1235,1.741,0.994,2,1
15,0,26,4,N,nb12,1235,0.781,0.974,1,1
15,0,26,4,N,nb13,1235,-1.214,0.338,2,1
15,0,26,4,N,nb14,1235,-0.238,-1.866,1,1
15,0,26,4,N,nb15,1235,-0.409,1.299,1,1
15,0,26,4,N,nb16,1235,-0.059,-0.009,1,1
15,0,26,4,N,nb17,1235,-0.656,1.291,2,0
15,0,26,4,N,nb18,1235,-0.264,1.865,1,1
15,0,26,4,N,nb19,1235,1.386,0.938,0,0
15,0,26,4,N,nb20,1235,1.725,0.532,1,1
15,0,26,4,N,nb21,1235,-1.057,1.629,1,1
15,0,26,4,N,nb22,1235,-1.523,0.063,2,1
15,0,26,4,N,nb23,1235,0.05,-1.702,1,1
15,0,26,4,N,nb24,1235,-0.566,1.63,2,1
15,0,26,4,N,nb25,1235,-1.455,0.284,3,1
15,0,26,4,N,nb26,1235,-1.294,1.701,2,0
15,0,26,4,N,nb27,1235,0.902,0.856,1,1
15,0,26,4,N,nb28,1235,-1.341,1.865,2,0
15,0,26,4,N,nb29,1235,1.746,0.7,2,1
15,0,26,4,A,aa0,1235,-0.984,-1.549,0,0
15,0,26,4,A,aa1,1235,0.571,0.604,2,0
15,0,26,4,A,aa2,1235,0.389,0.595,1,0
15,0,26,4,A,aa3,1235,-0.383,-1.618,2,0
15,0,26,4,N,nb0,1240,1.866,0.82,2,1
15,0,26,4,N,nb1,1240,-1.577,1.866,1,1
15,0,26,4,N,nb2,1240,-0.494,1.865,2,1
15,0,26,4,N,nb3,1240,-1.279,0.112,3,1
15,0,26,4,N,nb4,1240,-0.115,-1.74,2,1
15,0,26,4,N,nb5,1240,1.004,0.213,0,0
15,0,26,4,N,nb6,1240,1.865,1.279,1,1
15,0,26,4,N,nb7,1240,-0.727,1.45,2,1
15,0,26,4,N,nb8,1240,-0.467,-0.085,1,1
15,0,26,4,N,nb9,1240,1.865,1.11,2,1
15,0,26,4,N,nb10,1240,-0.303,-0.044,2,1
15,0,26,4,N,nb11,1240,1.741,0.994,2,1
15,0,26,4,N,nb12,1240,0.781,0.974,1,1
15,0,26,4,N,nb13,1240,-1.214,0.338,2,1
15,0,26,4,N,nb14,1240,-0.238,-1.866,1,1
15,0,26,4,N,nb15,1240,-0.409,1.299,1,1
15,0,26,4,N,nb16,1240,-0.059,-0.009,1,1
15,0,26,4,N,nb17,1240,-0.656,1.291,2,1
15,0,26,4,N,nb18,1240,-0.264,1.865,1,1
15,0,26,4,N,nb19,1240,1.486,0.932,0,0
15,0,26,4,N,nb20,1240,1.725,0.532,1,1
15,0,26,4,N,nb21,1240,-1.057,1.629,1,1
15,0,26,4,N,nb22,1240,-1.523,0.063,2,1
15,0,26,4,N,nb23,1240,0.05,-1.702,1,1
15,0,26,4,N,nb24,1240,-0.566,1.63,2,1
15,0,26,4,N,nb25,1240,-1.455,0.284,3,1
15,0,26,4,N,nb26,1240,-1.294,1.701,2,1
15,0,26,4,N,nb27,1240,0.902,0.856,1,1
15,0,26,4,N,nb28,1240,-1.341,1.865,2,1
15,0,26,4,N,nb29,1240,1.746,0.7,2,1
15,0,26,4,A,aa0,1240,-1.073,-1.504,0,0
15,0,26,4,A,aa1,1240,0.495,0.646,2,0
15,0,26,4,A,aa2,1240,0.326,0.667,1,0
15,0,26,4,A,aa3,1240,-0.479,-1.59,2,0
15,0,26,4,N,nb0,1245,1.866,0.82,2,1
15,0,26,4,N,nb1,1245,-1.577,1.866,1,1
15,0,26,4,N,nb2,1245,-0.494,1.865,2,1
15,0,26,4,N,nb3,1245,-1.279,0.112,3,1
15,0,26,4,N,nb4,1245,-0.115,-1.74,2,1
15,0,26,4,N,nb5,1245,0.995,0.114,0,0
15,0,26,4,N,nb6,1245,1.865,1.279,1,1
15,0,26,4,N,nb7,1245,-0.727,1.45,2,1
15,0,26,4,N,nb8,1245,-0.467,-0.085,1,1
15,0,26,4,N,nb9,1245,1.865,1.11,2,1
15,0,26,4,N,nb10,1245,-0.303,-0.044,2,1
15,0,26,4,N,nb11,1245,1.741,0.994,3,1
15,0,26,4,N,nb12,1245,0.781,0.974,1,1
15,0,26,4,N,nb13,1245,-1.214,0.338,2,1
15,0,26,4,N,nb14,1245,-0.238,-1.866,1,1
15,0,26,4,N,nb15,1245,-0.409,1.299,1,0
15,0,26,4,N,nb16,1245,-0.059,-0.009,1,1
15,0,26,4,N,nb17,1245,-0.656,1.291,2,1
15,0,26,4,N,nb18,1245,-0.264,1.865,1,1
15,0,26,4,N,nb19,1245,1.506,0.931,1,1
15,0,26,4,N,nb20,1245,1.725,0.532,1,1
15,0,26,4,N,nb21,1245,-1.057,1.629,1,1
15,0,26,4,N,nb22,1245,-1.523,0.063,2,1
15,0,26,4,N,nb23,1245,0.05,-1.702,1,1
15,0,26,4,N,nb24,1245,-0.566,1.63,2,1
15,0,26,4,N,nb25,1245,-1.455,0.284,3,1
15,0,26,4,N,nb26,1245,-1.294,1.701,2,1
15,0,26,4,N,nb27,1245,0.902,0.856,1,1
15,0,26,4,N,nb28,1245,-1.341,1.865,2,1
15,0,26,4,N,nb29,1245,1.746,0.7,2,1
15,0,26,4,A,aa0,1245,-1.162,-1.458,0,0
15,0,26,4,A,aa1,1245,0.428,0.702,2,0
15,0,26,4,A,aa2,1245,0.259,0.692,0,0
15,0,26,4,A,aa3,1245,-0.575,-1.563,2,0
15,0,26,4,N,nb0,1250,1.866,0.82,2,1
15,0,26,4,N,nb1,1250,-1.577,1.866,1,1
15,0,26,4,N,nb2,1250,-0.494,1.865,2,1
15,0,26,4,N,nb3,1250,-1.279,0.112,3,1
15,0,26,4,N,nb4,1250,-0.115,-1.74,2,1
15,0,26,4,N,nb5,1250,0.986,0.014,0,0
15,0,26,4,N,nb6,1250,1.865,1.279,1,1
15,0,26,4,N,nb7,1250,-0.727,1.45,2,1
15,0,26,4,N,nb8,1250,-0.467,-0.085,1,1
15,0,26,4,N,nb9,1250,1.865,1.11,2,1
15,0,26,4,N,nb10,1250,-0.303,-0.044,2,1
15,0,26,4,N,nb11,1250,1.741,0.994,3,1
15,0,26,4,N,nb12,1250,0.781,0.974,1,1
15,0,26,4,N,nb13,1250,-1.214,0.338,2,0
15,0,26,4,N,nb14,1250,-0.238,-1.866,1,1
15,0,26,4,N,nb15,1250,-0.409,1.299,1,1
15,0,26,4,N,nb16,1250,-0.059,-0.009,1,0
15,0,26,4,N,nb17,1250,-0.656,1.291,2,1
15,0,26,4,N,nb18,1250,-0.264,1.865,1,1
15,0,26,4,N,nb19,1250,1.506,0.931,1,1
15,0,26,4,N,nb20,1250,1.725,0.532,1,1
15,0,26,4,N,nb21,1250,-1.057,1.629,1,1
15,0,26,4,N,nb22,1250,-1.523,0.063,2,1
15,0,26,4,N,nb23,1250,0.05,-1.702,1,1
15,0,26,4,N,nb24,1250,-0.566,1.63,2,1
15,0,26,4,N,nb25,1250,-1.455,0.284,3,1
15,0,26,4,N,nb26,1250,-1.294,1.701,2,1
15,0,26,4,N,nb27,1250,0.902,0.856,1,1
15,0,26,4,N,nb28,1250,-1.341,1.865,2,1
15,0,26,4,N,nb29,1250,1.746,0.7,2,1
15,0,26,4,A,aa0,1250,-1.251,-1.413,0,0
15,0,26,4,A,aa1,1250,0.373,0.769,2,0
15,0,26,4,A,aa2,1250,0.206,0.697,0,0
15,0,26,4,A,aa3,1250,-0.671,-1.535,2,0
15,0,26,4,N,nb0,1255,1.866,0.82,2,1
15,0,26,4,N,nb1,1255,-1.577,1.866,1,1
15,0,26,4,N,nb2,1255,-0.494,1.865,2,1
15,0,26,4,N,nb3,1255,-1.279,0.112,3,1
15,0,26,4,N,nb4,1255,-0.115,-1.74,2,1
15,0,26,4,N,nb5,1255,0.977,-0.085,0,0
15,0,26,4,N,nb6,1255,1.865,1.279,1,1
15,0,26,4,N,nb7,1255,-0.727,1.45,2,1
15,0,26,4,N,nb8,1255,-0.467,-0.085,1,1
15,0,26,4,N,nb9,1255,1.865,1.11,2,1
15,0,26,4,N,nb10,1255,-0.303,-0.044,2,1
15,0,26,4,N,nb11,1255,1.741,0.994,3,1
15,0,26,4,N,nb12,1255,0.781,0.974,1,1
15,0,26,4,N,nb13,1255,-1.214,0.338,2,1
15,0,26,4,N,nb14,1255,-0.238,-1.866,1,1
15,0,26,4,N,nb15,1255,-0.409,1.299,1,1
15,0,26,4,N,nb16,1255,-0.059,-0.009,1,1
15,0,26,4,N,nb17,1255,-0.656,1.291,2,1
15,0,26,4,N,nb18,1255,-0.264,1.865,1,1
15,0,26,4,N,nb19,1255,1.506,0.931,1,1
15,0,26,4,N,nb20,1255,1.725,0.532,1,1
15,0,26,4,N,nb21,1255,-1.057,1.629,1,1
15,0,26,4,N,nb22,1255,-1.523,0.063,2,1
15,0,26,4,N,nb23,1255,0.05,-1.702,1,1
15,0,26,4,N,nb24,1255,-0.566,1.63,2,1
15,0,26,4,N,nb25,1255,-1.455,0.284,3,1
15,0,26,4,N,nb26,1255,-1.294,1.701,2,1
15,0,26,4,N,nb27,1255,0.902,0.856,1,0
15,0,26,4,N,nb28,1255,-1.341,1.865,2,1
15,0,26,4,N,nb29,1255,1.746,0.7,2,1
15,0,26,4,A,aa0,1255,-1.34,-1.368,0,0
15,0,26,4,A,aa1,1255,0.324,0.846,2,0
15,0,26,4,A,aa2,1255,0.113,0.664,0,0
15,0,26,4,A,aa3,1255,-0.767,-1.508,0,0
15,0,26,4,N,nb0,1260,1.866,0.82,2,1
15,0,26,4,N,nb1,1260,-1.577,1.866,1,1
15,0,26,4,N,nb2,1260,-0.494,1.865,2,1
15,0,26,4,N,nb3,1260,-1.279,0.112,3,1
15,0,26,4,N,nb4,1260,-0.115,-1.74,2,1
15,0,26,4,N,nb5,1260,0.968,-0.185,0,0
15,0,26,4,N,nb6,1260,1.865,1.279,1,1
15,0,26,4,N,nb7,1260,-0.727,1.45,2,1
15,0,26,4,N,nb8,1260,-0.467,-0.085,1,1
15,0,26,4,N,nb9,1260,1.865,1.11,2,1
15,0,26,4,N,nb10,1260,-0.303,-0.044,2,1
15,0,26,4,N,nb11,1260,1.741,0.994,3,1
15,0,26,4,N,nb12,1260,0.781,0.974,1,1
15,0,26,4,N,nb13,1260,-1.214,0.338,2,1
15,0,26,4,N,nb14,1260,-0.238,-1.866,1,1
15,0,26,4,N,nb15,1260,-0.409,1.299,1,1
15,0,26,4,N,nb16,1260,-0.059,-0.009,1,1
15,0,26,4,N,nb17,1260,-0.656,1.291,2,1
15,0,26,4,N,nb18,1260,-0.264,1.865,1,1
15,0,26,4,N,nb19,1260,1.506,0.931,1,1
15,0,26,4,N,nb20,1260,1.725,0.532,1,1
15,0,26,4,N,nb21,1260,-1.057,1.629,1,1
15,0,26,4,N,nb22,1260,-1.523,0.063,2,1
15,0,26,4,N,nb23,1260,0.05,-1.702,1,1
15,0,26,4,N,nb24,1260,-0.566,1.63,2,1
15,0,26,4,N,nb25,1260,-1.455,0.284,3,1
15,0,26,4,N,nb26,1260,-1.294,1.701,2,1
15,0,26,4,N,nb27,1260,0.902,0.856,1,1
15,0,26,4,N,nb28,1260,-1.341,1.865,2,1
15,0,26,4,N,nb29,1260,1.746,0.7,2,1
15,0,26,4,A,aa0,1260,-1.429,-1.322,0,0
15,0,26,4,A,aa1,1260,0.276,0.934,1,0
15,0,26,4,A,aa2,1260,0.019,0.63,0,0
15,0,26,4,A,aa3,1260,-0.864,-1.48,0,0
15,0,26,4,N,nb0,1265,1.866,0.82,2,1
15,0,26,4,N,nb1,1265,-1.577,1.866,1,1
15,0,26,4,N,nb2,1265,-0.494,1.865,2,1
15,0,26,4,N,nb3,1265,-1.279,0.112,3,1
15,0,26,4,N,nb4,1265,-0.115,-1.74,2,1
15,0,26,4,N,nb5,1265,0.96,-0.285,0,0
15,0,26,4,N,nb6,1265,1.865,1.279,1,1
15,0,26,4,N,nb7,1265,-0.727,1.45,2,1
15,0,26,4,N,nb8,1265,-0.467,-0.085,1,1
15,0,26,4,N,nb9,1265,1.865,1.11,2,1
15,0,26,4,N,nb10,1265,-0.303,-0.044,2,1
15,0,26,4,N,nb11,1265,1.741,0.994,3,1
15,0,26,4,N,nb12,1265,0.781,0.974,1,1
15,0,26,4,N,nb13,1265,-1.214,0.338,2,1
15,0,26,4,N,nb14,1265,-0.238,-1.866,1,1
15,0,26,4,N,nb15,1265,-0.409,1.299,1,1
15,0,26,4,N,nb16,1265,-0.059,-0.009,1,1
15,0,26,4,N,nb17,1265,-0.656,1.291,2,1
15,0,26,4,N,nb18,1265,-0.264,1.865,1,1
15,0,26,4,N,nb19,1265,1.506,0.931,1,1
15,0,26,4,N,nb20,1265,1.725,0.532,1,1
15,0,26,4,N,nb21,1265,-1.057,1.629,1,1
15,0,26,4,N,nb22,1265,-1.523,0.063,2,1
15,0,26,4,N,nb23,1265,0.05,-1.702,1,1
15,0,26,4,N,nb24,1265,-0.566,1.63,2,1
15,0,26,4,N,nb25,1265,-1.455,0.284,3,1
15,0,26,4,N,nb26,1265,-1.294,1.701,2,1
15,0,26,4,N,nb27,1265,0.902,0.856,1,1
15,0,26,4,N,nb28,1265,-1.341,1.865,2,1
15,0,26,4,N,nb29,1265,1.746,0.7,2,1
15,0,26,4,A,aa0,1265,-1.518,-1.277,0,0
15,0,26,4,A,aa1,1265,0.228,1.022,1,0
15,0,26,4,A,aa2,1265,-0.075,0.595,0,0
15,0,26,4,A,aa3,1265,-0.96,-1.452,0,0
15,0,26,4,N,nb0,1270,1.866,0.82,2,1
15,0,26,4,N,nb1,1270,-1.577,1.866,1,0
15,0,26,4,N,nb2,1270,-0.494,1.865,2,1
15,0,26,4,N,nb3,1270,-1.279,0.112,3,0
15,0,26,4,N,nb4,1270,-0.115,-1.74,2,1
15,0,26,4,N,nb5,1270,0.951,-0.384,0,0
15,0,26,4,N,nb6,1270,1.865,1.279,1,1
15,0,26,4,N,nb7,1270,-0.727,1.45,2,1
15,0,26,4,N,nb8,1270,-0.467,-0.085,1,1
15,0,26,4,N,nb9,1270,1.865,1.11,2,1
15,0,26,4,N,nb10,1270,-0.303,-0.044,2,1
15,0,26,4,N,nb11,1270,1.741,0.994,3,1
15,0,26,4,N,nb12,1270,0.781,0.974,1,1
15,0,26,4,N,nb13,1270,-1.214,0.338,2,1
15,0,26,4,N,nb14,1270,-0.238,-1.866,1,1
15,0,26,4,N,nb15,1270,-0.409,1.299,1,1
15,0,26,4,N,nb16,1270,-0.059,-0.009,1,1
15,0,26,4,N,nb17,1270,-0.656,1.291,2,1
15,0,26,4,N,nb18,1270,-0.264,1.865,1,1
15,0,26,4,N,nb19,1270,1.506,0.931,1,1
15,0,26,4,N,nb20,1270,1.725,0.532,1,1
15,0,26,4,N,nb21,1270,-1.057,1.629,1,1
15,0,26,4,N,nb22,1270,-1.523,0.063,2,1
15,0,26,4,N,nb23,1270,0.05,-1.702,1,1
15,0,26,4,N,nb24,1270,-0.566,1.63,2,1
15,0,26,4,N,nb25,1270,-1.455,0.284,3,0
15,0,26,4,N,nb26,1270,-1.294,1.701,2,1
15,0,26,4,N,nb27,1270,0.902,0.856,1,1
15,0,26,4,N,nb28,1270,-1.341,1.865,2,1
15,0,26,4,N,nb29,1270,1.746,0.7,2,1
15,0,26,4,A,aa0,1270,-1.607,-1.232,0,0
15,0,26,4,A,aa1,1270,0.18,1.109,0,0
15,0,26,4,A,aa2,1270,-0.169,0.561,1,0
15,0,26,4,A,aa3,1270,-1.056,-1.425,0,0
15,0,26,4,N,nb0,1275,1.866,0.82,2,1
15,0,26,4,N,nb1,1275,-1.577,1.866,1,1
15,0,26,4,N,nb2,1275,-0.494,1.865,2,1
15,0,26,4,N,nb3,1275,-1.279,0.112,3,1
15,0,26,4,N,nb4,1275,-0.115,-1.74,2,1
15,0,26,4,N,nb5,1275,0.942,-0.484,0,0
15,0,26,4,N,nb6,1275,1.865,1.279,1,1
15,0,26,4,N,nb7,1275,-0.727,1.45,2,1
15,0,26,4,N,nb8,1275,-0.467,-0.085,1,1
15,0,26,4,N,nb9,1275,1.865,1.11,2,1
15,0,26,4,N,nb10,1275,-0.303,-0.044,2,1
15,0,26,4,N,nb11,1275,1.741,0.994,3,1
15,0,26,4,N,nb12,1275,0.781,0.974,1,1
15,0,26,4,N,nb13,1275,-1.214,0.338,2,1
15,0,26,4,N,nb14,1275,-0.238,-1.866,1,1
15,0,26,4,N,nb15,1275,-0.409,1.299,1,1
15,0,26,4,N,nb16,1275,-0.059,-0.009,1,1
15,0,26,4,N,nb17,1275,-0.656,1.291,2,1
15,0,26,4,N,nb18,1275,-0.264,1.865,1,1
15,0,26,4,N,nb19,1275,1.506,0.931,1,1
15,0,26,4,N,nb20,1275,1.725,0.532,1,1
15,0,26,4,N,nb21,1275,-1.057,1.629,1,1
15,0,26,4,N,nb22,1275,-1.523,0.063,2,1
15,0,26,4,N,nb23,1275,0.05,-1.702,1,1
15,0,26,4,N,nb24,1275,-0.566,1.63,2,1
15,0,26,4,N,nb25,1275,-1.455,0.284,3,1
15,0,26,4,N,nb26,1275,-1.294,1.701,2,1
15,0,26,4,N,nb27,1275,0.902,0.856,1,1
15,0,26,4,N,nb28,1275,-1.341,1.865,2,1
15,0,26,4,N,nb29,1275,1.746,0.7,2,1
15,0,26,4,A,aa0,1275,-1.696,-1.186,0,0
15,0,26,4,A,aa1,1275,0.132,1.197,1,0
15,0,26,4,A,aa2,1275,-0.263,0.527,2,0
15,0,26,4,A,aa3,1275,-1.152,-1.397,0,0
15,0,26,4,N,nb0,1280,1.866,0.82,2,1
15,0,26,4,N,nb1,1280,-1.577,1.866,1,1
15,0,26,4,N,nb2,1280,-0.494,1.865,2,1
15,0,26,4,N,nb3,1280,-1.279,0.112,3,1
15,0,26,4,N,nb4,1280,-0.115,-1.74,2,1
15,0,26,4,N,nb5,1280,0.933,-0.584,0,0
15,0,26,4,N,nb6,1280,1.865,1.279,1,1
15,0,26,4,N,nb7,1280,-0.727,1.45,2,1
15,0,26,4,N,nb8,1280,-0.467,-0.085,1,0
15,0,26,4,N,nb9,1280,1.865,1.11,2,1
15,0,26,4,N,nb10,1280,-0.303,-0.044,2,0
15,0,26,4,N,nb11,1280,1.741,0.994,3,1
15,0,26,4,N,nb12,1280,0.781,0.974,1,0
15,0,26,4,N,nb13,1280,-1.214,0.338,2,1
15,0,26,4,N,nb14,1280,-0.238,-1.866,1,1
15,0,26,4,N,nb15,1280,-0.409,1.299,1,1
15,0,26,4,N,nb16,1280,-0.059,-0.009,1,0
15,0,26,4,N,nb17,1280,-0.656,1.291,2,1
15,0,26,4,N,nb18,1280,-0.264,1.865,1,1
15,0,26,4,N,nb19,1280,1.506,0.931,1,1
15,0,26,4,N,nb20,1280,1.725,0.532,1,1
15,0,26,4,N,nb21,1280,-1.057,1.629,1,1
15,0,26,4,N,nb22,1280,-1.523,0.063,2,1
15,0,26,4,N,nb23,1280,0.05,-1.702,1,1
15,0,26,4,N,nb24,1280,-0.566,1.63,2,1
15,0,26,4,N,nb25,1280,-1.455,0.284,3,1
15,0,26,4,N,nb26,1280,-1.294,1.701,2,1
15,0,26,4,N,nb27,1280,0.902,0.856,1,1
15,0,26,4,N,nb28,1280,-1.341,1.865,2,1
15,0,26,4,N,nb29,1280,1.746,0.7,2,1
15,0,26,4,A,aa0,1280,-1.783,-1.142,0,0
15,0,26,4,A,aa1,1280,0.084,1.285,1,0
15,0,26,4,A,aa2,1280,-0.357,0.493,1,0
15,0,26,4,A,aa3,1280,-1.248,-1.37,0,0
15,0,26,4,N,nb0,1285,1.866,0.82,2,1
15,0,26,4,N,nb1,1285,-1.577,1.866,1,1
15,0,26,4,N,nb2,1285,-0.494,1.865,2,1
15,0,26,4,N,nb3,1285,-1.279,0.112,3,1
15,0,26,4,N,nb4,1285,-0.115,-1.74,2,1
15,0,26,4,N,nb5,1285,0.924,-0.683,0,0
15,0,26,4,N,nb6,1285,1.865,1.279,1,1
15,0,26,4,N,nb7,1285,-0.727,1.45,2,1
15,0,26,4,N,nb8,1285,-0.476,-0.151,1,0
15,0,26,4,N,nb9,1285,1.865,1.11,2,1
15,0,26,4,N,nb10,1285,-0.312,-0.107,2,0
15,0,26,4,N,nb11,1285,1.741,0.994,3,1
15,0,26,4,N,nb12,1285,0.781,0.974,1,1
15,0,26,4,N,nb13,1285,-1.214,0.338,2,1
15,0,26,4,N,nb14,1285,-0.238,-1.866,1,1
15,0,26,4,N,nb15,1285,-0.409,1.299,1,1
15,0,26,4,N,nb16,1285,-0.072,-0.078,1,0
15,0,26,4,N,nb17,1285,-0.656,1.291,2,1
15,0,26,4,N,nb18,1285,-0.264,1.865,1,1
15,0,26,4,N,nb19,1285,1.506,0.931,1,1
15,0,26,4,N,nb20,1285,1.725,0.532,1,1
15,0,26,4,N,nb21,1285,-1.057,1.629,1,1
15,0,26,4,N,nb22,1285,-1.523,0.063,2,1
15,0,26,4,N,nb23,1285,0.05,-1.702,1,1
15,0,26,4,N,nb24,1285,-0.566,1.63,2,1
15,0,26,4,N,nb25,1285,-1.455,0.284,3,1
15,0,26,4,N,nb26,1285,-1.294,1.701,2,1
15,0,26,4,N,nb27,1285,0.902,0.856,1,1
15,0,26,4,N,nb28,1285,-1.341,1.865,2,1
15,0,26,4,N,nb29,1285,1.746,0.7,2,1
15,0,26,4,A,aa0,1285,-1.856,-1.094,0,0
15,0,26,4,A,aa1,1285,0.036,1.373,2,0
15,0,26,4,A,aa2,1285,-0.451,0.459,0,0
15,0,26,4,A,aa3,1285,-1.344,-1.342,0,0
15,0,26,4,N,nb0,1290,1.866,0.82,2,1
15,0,26,4,N,nb1,1290,-1.577,1.866,1,1
15,0,26,4,N,nb2,1290,-0.494,1.865,2,1
15,0,26,4,N,nb3,1290,-1.279,0.112,3,1
15,0,26,4,N,nb4,1290,-0.115,-1.74,2,1
15,0,26,4,N,nb5,1290,0.916,-0.783,0,0
15,0,26,4,N,nb6,1290,1.865,1.279,1,1
15,0,26,4,N,nb7,1290,-0.727,1.45,2,1
15,0,26,4,N,nb8,1290,-0.487,-0.241,1,0
15,0,26,4,N,nb9,1290,1.865,1.11,2,1
15,0,26,4,N,nb10,1290,-0.325,-0.192,2,0
15,0,26,4,N,nb11,1290,1.741,0.994,3,1
15,0,26,4,N,nb12,1290,0.781,0.974,1,1
15,0,26,4,N,nb13,1290,-1.214,0.338,2,1
15,0,26,4,N,nb14,1290,-0.238,-1.866,1,1
15,0,26,4,N,nb15,1290,-0.409,1.299,1,0
15,0,26,4,N,nb16,1290,-0.078,-0.169,1,0
15,0,26,4,N,nb17,1290,-0.656,1.291,2,1
15,0,26,4,N,nb18,1290,-0.264,1.865,1,0
15,0,26,4,N,nb19,1290,1.506,0.931,1,1
15,0,26,4,N,nb20,1290,1.725,0.532,1,0
15,0,26,4,N,nb21,1290,-1.057,1.629,1,1
15,0,26,4,N,nb22,1290,-1.523,0.063,2,1
15,0,26,4,N,nb23,1290,0.05,-1.702,1,1
15,0,26,4,N,nb24,1290,-0.566,1.63,2,0
15,0,26,4,N,nb25,1290,-1.455,0.284,3,1
15,0,26,4,N,nb26,1290,-1.294,1.701,2,1
15,0,26,4,N,nb27,1290,0.902,0.856,1,1
15,0,26,4,N,nb28,1290,-1.341,1.865,2,1
15,0,26,4,N,nb29,1290,1.746,0.7,2,0
15,0,26,4,A,aa0,1290,-1.866,-1.049,0,0
15,0,26,4,A,aa1,1290,-0.012,1.46,3,1
15,0,26,4,A,aa2,1290,-0.545,0.425,0,0
15,0,26,4,A,aa3,1290,-1.44,-1.315,0,0
15,0,26,4,N,nb0,1295,1.866,0.82,2,1
15,0,26,4,N,nb1,1295,-1.577,1.866,1,1
15,0,26,4,N,nb2,1295,-0.522,1.865,1,0
15,0,26,4,N,nb3,1295,-1.279,0.112,3,1
15,0,26,4,N,nb4,1295,-0.115,-1.74,2,1
15,0,26,4,N,nb5,1295,0.907,-0.882,0,0
15,0,26,4,N,nb6,1295,1.865,1.279,1,0
15,0,26,4,N,nb7,1295,-0.727,1.45,2,1
15,0,26,4,N,nb8,1295,-0.49,-0.262,1,1
15,0,26,4,N,nb9,1295,1.865,1.11,2,1
15,0,26,4,N,nb10,1295,-0.328,-0.212,1,1
15,0,26,4,N,nb11,1295,1.741,0.994,3,0
15,0,26,4,N,nb12,1295,0.781,0.974,1,1
15,0,26,4,N,nb13,1295,-1.214,0.338,2,1
15,0,26,4,N,nb14,1295,-0.238,-1.866,1,1
15,0,26,4,N,nb15,1295,-0.466,1.263,1,0
15,0,26,4,N,nb16,1295,-0.074,-0.261,0,0
15,0,26,4,N,nb17,1295,-0.656,1.291,2,1
15,0,26,4,N,nb18,1295,-0.335,1.86,1,0
15,0,26,4,N,nb19,1295,1.506,0.931,1,1
15,0,26,4,N,nb20,1295,1.725,0.532,1,1
15,0,26,4,N,nb21,1295,-1.057,1.629,1,1
15,0,26,4,N,nb22,1295,-1.523,0.063,2,1
15,0,26,4,N,nb23,1295,0.05,-1.702,1,1
15,0,26,4,N,nb24,1295,-0.626,1.602,1,0
15,0,26,4,N,nb25,1295,-1.455,0.284,3,1
15,0,26,4,N,nb26,1295,-1.294,1.701,2,1
15,0,26,4,N,nb27,1295,0.902,0.856,1,1
15,0,26,4,N,nb28,1295,-1.341,1.865,2,1
15,0,26,4,N,nb29,1295,1.746,0.7,2,1
15,0,26,4,A,aa0,1295,-1.866,-1.048,0,0
15,0,26,4,A,aa1,1295,-0.06,1.548,0,0
15,0,26,4,A,aa2,1295,-0.639,0.391,1,0
15,0,26,4,A,aa3,1295,-1.536,-1.287,0,0
15,0,26,4,N,nb0,1300,1.866,0.82,2,1
15,0,26,4,N,nb1,1300,-1.577,1.866,1,1
15,0,26,4,N,nb2,1300,-0.604,1.865,1,0
15,0,26,4,N,nb3,1300,-1.279,0.112,3,1
15,0,26,4,N,nb4,1300,-0.115,-1.74,2,1
15,0,26,4,N,nb5,1300,0.898,-0.982,0,0
15,0,26,4,N,nb6,1300,1.865,1.279,1,1
15,0,26,4,N,nb7,1300,-0.745,1.439,2,1
15,0,26,4,N,nb8,1300,-0.49,-0.262,1,1
15,0,26,4,N,nb9,1300,1.865,1.11,2,0
15,0,26,4,N,nb10,1300,-0.328,-0.212,1,1
15,0,26,4,N,nb11,1300,1.741,0.994,3,1
15,0,26,4,N,nb12,1300,0.781,0.974,1,1
15,0,26,4,N,nb13,1300,-1.214,0.338,2,1
15,0,26,4,N,nb14,1300,-0.238,-1.866,1,1
15,0,26,4,N,nb15,1300,-0.519,1.206,1,0
15,0,26,4,N,nb16,1300,-0.06,-0.358,0,0
15,0,26,4,N,nb17,1300,-0.667,1.288,2,1
15,0,26,4,N,nb18,1300,-0.424,1.844,1,0
15,0,26,4,N,nb19,1300,1.506,0.931,1,1
15,0,26,4,N,nb20,1300,1.725,0.532,1,1
15,0,26,4,N,nb21,1300,-1.057,1.629,1,1
15,0,26,4,N,nb22,1300,-1.523,0.063,2,1
15,0,26,4,N,nb23,1300,0.05,-1.702,1,1
15,0,26,4,N,nb24,1300,-0.684,1.597,1,0
15,0,26,4,N,nb25,1300,-1.455,0.284,3,1
15,0,26,4,N,nb26,1300,-1.294,1.701,2,1
15,0,26,4,N,nb27,1300,0.902,0.856,1,1
15,0,26,4,N,nb28,1300,-1.341,1.865,2,1
15,0,26,4,N,nb29,1300,1.746,0.7,2,1
15,0,26,4,A,aa0,1300,-1.866,-1.035,0,0
15,0,26,4,A,aa1,1300,-0.108,1.636,0,0
15,0,26,4,A,aa2,1300,-0.733,0.356,2,0
15,0,26,4,A,aa3,1300,-1.633,-1.259,0,0
15,0,26,4,N,nb0,1305,1.866,0.82,2,1
15,0,26,4,N,nb1,1305,-1.577,1.866,1,1
15,0,26,4,N,nb2,1305,-0.658,1.865,1,1
15,0,26,4,N,nb3,1305,-1.279,0.112,3,1
15,0,26,4,N,nb4,1305,-0.115,-1.74,2,1
15,0,26,4,N,nb5,1305,0.889,-1.082,0,0
15,0,26,4,N,nb6,1305,1.865,1.279,1,1
15,0,26,4,N,nb7,1305,-0.745,1.439,2,1
15,0,26,4,N,nb8,1305,-0.49,-0.262,1,1
15,0,26,4,N,nb9,1305,1.865,1.11,2,1
15,0,26,4,N,nb10,1305,-0.328,-0.212,1,1
15,0,26,4,N,nb11,1305,1.741,0.994,3,1
15,0,26,4,N,nb12,1305,0.781,0.974,1,1
15,0,26,4,N,nb13,1305,-1.214,0.338,2,1
15,0,26,4,N,nb14,1305,-0.238,-1.866,1,1
15,0,26,4,N,nb15,1305,-0.528,1.19,1,1
15,0,26,4,N,nb16,1305,-0.045,-0.456,0,0
15,0,26,4,N,nb17,1305,-0.667,1.288,2,1
15,0,26,4,N,nb18,1305,-0.444,1.839,1,1
15,0,26,4,N,nb19,1305,1.506,0.931,1,1
15,0,26,4,N,nb20,1305,1.725,0.532,1,1
15,0,26,4,N,nb21,1305,-1.057,1.629,1,1
15,0,26,4,N,nb22,1305,-1.523,0.063,2,1
15,0,26,4,N,nb23,1305,0.05,-1.702,1,1
15,0,26,4,N,nb24,1305,-0.696,1.601,1,1
15,0,26,4,N,nb25,1305,-1.455,0.284,3,1
15,0,26,4,N,nb26,1305,-1.294,1.701,2,1
15,0,26,4,N,nb27,1305,0.902,0.856,1,1
15,0,26,4,N,nb28,1305,-1.341,1.865,2,1
15,0,26,4,N,nb29,1305,1.746,0.7,2,1
15,0,26,4,A,aa0,1305,-1.866,-1.004,0,0
15,0,26,4,A,aa1,1305,-0.156,1.724,2,0
15,0,26,4,A,aa2,1305,-0.827,0.322,2,0
15,0,26,4,A,aa3,1305,-1.729,-1.232,0,0
15,0,26,4,N,nb0,1310,1.866,0.82,2,1
15,0,26,4,N,nb1,1310,-1.577,1.866,1,1
15,0,26,4,N,nb2,1310,-0.658,1.865,1,1
15,0,26,4,N,nb3,1310,-1.279,0.112,3,1
15,0,26,4,N,nb4,1310,-0.115,-1.74,2,1
15,0,26,4,N,nb5,1310,0.88,-1.181,0,0
15,0,26,4,N,nb6,1310,1.865,1.279,1,1
15,0,26,4,N,nb7,1310,-0.745,1.439,2,1
15,0,26,4,N,nb8,1310,-0.49,-0.262,1,1
15,0,26,4,N,nb9,1310,1.865,1.11,2,1
15,0,26,4,N,nb10,1310,-0.328,-0.212,1,1
15,0,26,4,N,nb11,1310,1.741,0.994,3,1
15,0,26,4,N,nb12,1310,0.781,0.974,1,1
15,0,26,4,N,nb13,1310,-1.214,0.338,2,1
15,0,26,4,N,nb14,1310,-0.238,-1.866,1,1
15,0,26,4,N,nb15,1310,-0.528,1.19,1,1
15,0,26,4,N,nb16,1310,-0.029,-0.555,0,0
15,0,26,4,N,nb17,1310,-0.667,1.288,2,1
15,0,26,4,N,nb18,1310,-0.444,1.839,1,1
15,0,26,4,N,nb19,1310,1.506,0.931,1,1
15,0,26,4,N,nb20,1310,1.725,0.532,1,1
15,0,26,4,N,nb21,1310,-1.057,1.629,1,1
15,0,26,4,N,nb22,1310,-1.523,0.063,2,1
15,0,26,4,N,nb23,1310,0.05,-1.702,1,1
15,0,26,4,N,nb24,1310,-0.696,1.601,1,1
15,0,26,4,N,nb25,1310,-1.455,0.284,3,1
15,0,26,4,N,nb26,1310,-1.294,1.701,2,1
15,0,26,4,N,nb27,1310,0.902,0.856,1,1
15,0,26,4,N,nb28,1310,-1.341,1.865,2,1
15,0,26,4,N,nb29,1310,1.746,0.7,2,1
15,0,26,4,A,aa0,1310,-1.866,-0.959,0,0
15,0,26,4,A,aa1,1310,-0.202,1.806,2,0
15,0,26,4,A,aa2,1310,-0.921,0.288,2,0
15,0,26,4,A,aa3,1310,-1.814,-1.213,0,0
15,0,26,4,N,nb0,1315,1.866,0.82,2,1
15,0,26,4,N,nb1,1315,-1.577,1.866,1,1
15,0,26,4,N,nb2,1315,-0.658,1.865,1,1
15,0,26,4,N,nb3,1315,-1.279,0.112,3,1
15,0,26,4,N,nb4,1315,-0.115,-1.74,2,1
15,0,26,4,N,nb5,1315,0.871,-1.281,0,0
15,0,26,4,N,nb6,1315,1.865,1.279,1,1
15,0,26,4,N,nb7,1315,-0.745,1.439,2,1
15,0,26,4,N,nb8,1315,-0.49,-0.262,1,1
15,0,26,4,N,nb9,1315,1.865,1.11,2,1
15,0,26,4,N,nb10,1315,-0.328,-0.212,1,1
15,0,26,4,N,nb11,1315,1.741,0.994,3,1
15,0,26,4,N,nb12,1315,0.781,0.974,1,1
15,0,26,4,N,nb13,1315,-1.214,0.338,2,1
15,0,26,4,N,nb14,1315,-0.238,-1.866,1,1
15,0,26,4,N,nb15,1315,-0.528,1.19,1,1
15,0,26,4,N,nb16,1315,-0.014,-0.654,0,0
15,0,26,4,N,nb17,1315,-0.667,1.288,2,1
15,0,26,4,N,nb18,1315,-0.444,1.839,1,1
15,0,26,4,N,nb19,1315,1.506,0.931,1,1
15,0,26,4,N,nb20,1315,1.725,0.532,1,1
15,0,26,4,N,nb21,1315,-1.057,1.629,1,1
15,0,26,4,N,nb22,1315,-1.523,0.063,2,1
15,0,26,4,N,nb23,1315,0.05,-1.702,1,1
15,0,26,4,N,nb24,1315,-0.696,1.601,1,1
15,0,26,4,N,nb25,1315,-1.455,0.284,3,1
15,0,26,4,N,nb26,1315,-1.294,1.701,2,1
15,0,26,4,N,nb27,1315,0.902,0.856,1,1
15,0,26,4,N,nb28,1315,-1.341,1.865,2,1
15,0,26,4,N,nb29,1315,1.746,0.7,2,1
15,0,26,4,A,aa0,1315,-1.866,-0.9,0,0
15,0,26,4,A,aa1,1315,-0.254,1.865,1,0
15,0,26,4,A,aa2,1315,-1.008,0.255,2,0
15,0,26,4,A,aa3,1315,-1.866,-1.206,0,0
15,0,26,4,N,nb0,1320,1.866,0.82,2,1
15,0,26,4,N,nb1,1320,-1.577,1.866,1,1
15,0,26,4,N,nb2,1320,-0.658,1.865,1,1
15,0,26,4,N,nb3,1320,-1.279,0.112,3,0
15,0,26,4,N,nb4,1320,-0.115,-1.74,2,1
15,0,26,4,N,nb5,1320,0.863,-1.38,0,0
15,0,26,4,N,nb6,1320,1.865,1.279,1,1
15,0,26,4,N,nb7,1320,-0.745,1.439,2,1
15,0,26,4,N,nb8,1320,-0.49,-0.262,1,1
15,0,26,4,N,nb9,1320,1.865,1.11,2,1
15,0,26,4,N,nb10,1320,-0.328,-0.212,1,1
15,0,26,4,N,nb11,1320,1.741,0.994,3,1
15,0,26,4,N,nb12,1320,0.781,0.974,1,1
15,0,26,4,N,nb13,1320,-1.214,0.338,2,0
15,0,26,4,N,nb14,1320,-0.238,-1.866,1,1
15,0,26,4,N,nb15,1320,-0.528,1.19,1,1
15,0,26,4,N,nb16,1320,0.001,-0.753,0,0
15,0,26,4,N,nb17,1320,-0.667,1.288,2,1
15,0,26,4,N,nb18,1320,-0.445,1.838,1,1
15,0,26,4,N,nb19,1320,1.506,0.931,1,1
15,0,26,4,N,nb20,1320,1.725,0.532,1,1
15,0,26,4,N,nb21,1320,-1.057,1.629,1,1
15,0,26,4,N,nb22,1320,-1.523,0.063,2,1
15,0,26,4,N,nb23,1320,0.05,-1.702,1,1
15,0,26,4,N,nb24,1320,-0.696,1.601,1,1
15,0,26,4,N,nb25,1320,-1.455,0.284,3,0
15,0,26,4,N,nb26,1320,-1.294,1.701,2,1
15,0,26,4,N,nb27,1320,0.902,0.856,1,1
15,0,26,4,N,nb28,1320,-1.341,1.865,2,1
15,0,26,4,N,nb29,1320,1.746,0.7,2,1
15,0,26,4,A,aa0,1320,-1.866,-0.899,0,0
15,0,26,4,A,aa1,1320,-0.278,1.865,1,0
15,0,26,4,A,aa2,1320,-1.086,0.211,3,1
15,0,26,4,A,aa3,1320,-1.866,-1.21,0,0
15,0,26,4,N,nb0,1325,1.866,0.82,2,1
15,0,26,4,N,nb1,1325,-1.577,1.866,1,1
15,0,26,4,N,nb2,1325,-0.658,1.865,1,1
15,0,26,4,N,nb3,1325,-1.364,0.112,2,0
15,0,26,4,N,nb4,1325,-0.115,-1.74,2,1
15,0,26,4,N,nb5,1325,0.854,-1.48,0,0
15,0,26,4,N,nb6,1325,1.865,1.279,1,1
15,0,26,4,N,nb7,1325,-0.745,1.439,2,1
15,0,26,4,N,nb8,1325,-0.49,-0.262,1,1
15,0,26,4,N,nb9,1325,1.865,1.11,2,1
15,0,26,4,N,nb10,1325,-0.328,-0.212,1,1
15,0,26,4,N,nb11,1325,1.741,0.994,3,1
15,0,26,4,N,nb12,1325,0.781,0.974,1,1
15,0,26,4,N,nb13,1325,-1.276,0.309,2,0
15,0,26,4,N,nb14,1325,-0.238,-1.866,1,1
15,0,26,4,N,nb15,1325,-0.528,1.19,1,1
15,0,26,4,N,nb16,1325,0.017,-0.852,0,0
15,0,26,4,N,nb17,1325,-0.667,1.288,2,1
15,0,26,4,N,nb18,1325,-0.445,1.838,1,1
15,0,26,4,N,nb19,1325,1.506,0.931,1,1
15,0,26,4,N,nb20,1325,1.725,0.532,1,1
15,0,26,4,N,nb21,1325,-1.057,1.629,1,1
15,0,26,4,N,nb22,1325,-1.526,0.062,1,0
15,0,26,4,N,nb23,1325,0.05,-1.702,1,1
15,0,26,4,N,nb24,1325,-0.696,1.601,1,1
15,0,26,4,N,nb25,1325,-1.437,0.362,1,0
15,0,26,4,N,nb26,1325,-1.294,1.701,2,1
15,0,26,4,N,nb27,1325,0.902,0.856,1,1
15,0,26,4,N,nb28,1325,-1.341,1.865,2,1
15,0,26,4,N,nb29,1325,1.746,0.7,2,1
15,0,26,4,A,aa0,1325,-1.866,-0.899,0,0
15,0,26,4,A,aa1,1325,-0.278,1.865,1,0
15,0,26,4,A,aa2,1325,-1.157,0.156,0,0
15,0,26,4,A,aa3,1325,-1.866,-1.234,0,0
15,0,26,4,N,nb0,1330,1.866,0.82,2,1
15,0,26,4,N,nb1,1330,-1.577,1.866,1,1
15,0,26,4,N,nb2,1330,-0.658,1.865,1,1
15,0,26,4,N,nb3,1330,-1.408,0.113,2,1
15,0,26,4,N,nb4,1330,-0.115,-1.74,2,1
15,0,26,4,N,nb5,1330,0.845,-1.58,0,0
15,0,26,4,N,nb6,1330,1.865,1.279,1,1
15,0,26,4,N,nb7,1330,-0.745,1.439,2,1
15,0,26,4,N,nb8,1330,-0.49,-0.262,1,1
15,0,26,4,N,nb9,1330,1.865,1.11,2,1
15,0,26,4,N,nb10,1330,-0.328,-0.212,1,1
15,0,26,4,N,nb11,1330,1.741,0.994,3,1
15,0,26,4,N,nb12,1330,0.781,0.974,1,1
15,0,26,4,N,nb13,1330,-1.344,0.277,2,1
15,0,26,4,N,nb14,1330,-0.238,-1.866,1,1
15,0,26,4,N,nb15,1330,-0.528,1.19,1,1
15,0,26,4,N,nb16,1330,0.032,-0.951,0,0
15,0,26,4,N,nb17,1330,-0.667,1.288,2,1
15,0,26,4,N,nb18,1330,-0.46,1.828,1,1
15,0,26,4,N,nb19,1330,1.506,0.931,1,1
15,0,26,4,N,nb20,1330,1.725,0.532,1,1
15,0,26,4,N,nb21,1330,-1.057,1.629,1,1
15,0,26,4,N,nb22,1330,-1.564,0.047,1,1
15,0,26,4,N,nb23,1330,0.05,-1.702,1,1
15,0,26,4,N,nb24,1330,-0.696,1.601,1,1
15,0,26,4,N,nb25,1330,-1.419,0.452,1,1
15,0,26,4,N,nb26,1330,-1.294,1.701,2,1
15,0,26,4,N,nb27,1330,0.902,0.856,1,1
15,0,26,4,N,nb28,1330,-1.341,1.865,2,1
15,0,26,4,N,nb29,1330,1.746,0.7,2,1
15,0,26,4,A,aa0,1330,-1.866,-0.923,0,0
15,0,26,4,A,aa1,1330,-0.295,1.865,1,0
15,0,26,4,A,aa2,1330,-1.22,0.092,0,0
15,0,26,4,A,aa3,1330,-1.866,-1.273,0,0
15,0,26,4,N,nb0,1335,1.866,0.82,2,1
15,0,26,4,N,nb1,1335,-1.577,1.866,1,1
15,0,26,4,N,nb2,1335,-0.658,1.865,1,1
15,0,26,4,N,nb3,1335,-1.408,0.113,2,1
15,0,26,4,N,nb4,1335,-0.115,-1.74,2,1
15,0,26,4,N,nb5,1335,0.836,-1.679,0,0
15,0,26,4,N,nb6,1335,1.865,1.279,1,1
15,0,26,4,N,nb7,1335,-0.745,1.439,2,1
15,0,26,4,N,nb8,1335,-0.49,-0.262,1,1
15,0,26,4,N,nb9,1335,1.865,1.11,2,1
15,0,26,4,N,nb10,1335,-0.328,-0.212,1,1
15,0,26,4,N,nb11,1335,1.741,0.994,3,1
15,0,26,4,N,nb12,1335,0.781,0.974,1,1
15,0,26,4,N,nb13,1335,-1.346,0.276,2,1
15,0,26,4,N,nb14,1335,-0.238,-1.866,1,1
15,0,26,4,N,nb15,1335,-0.528,1.19,1,1
15,0,26,4,N,nb16,1335,0.047,-1.049,0,0
15,0,26,4,N,nb17,1335,-0.667,1.288,2,1
15,0,26,4,N,nb18,1335,-0.49,1.814,1,1
15,0,26,4,N,nb19,1335,1.506,0.931,1,1
15,0,26,4,N,nb20,1335,1.725,0.532,1,1
15,0,26,4,N,nb21,1335,-1.057,1.629,1,1
15,0,26,4,N,nb22,1335,-1.565,0.047,1,1
15,0,26,4,N,nb23,1335,0.05,-1.702,1,1
15,0,26,4,N,nb24,1335,-0.696,1.601,1,1
15,0,26,4,N,nb25,1335,-1.418,0.455,1,1
15,0,26,4,N,nb26,1335,-1.294,1.701,2,1
15,0,26,4,N,nb27,1335,0.902,0.856,1,1
15,0,26,4,N,nb28,1335,-1.341,1.865,2,1
15,0,26,4,N,nb29,1335,1.746,0.7,2,1
15,0,26,4,A,aa0,1335,-1.866,-0.955,0,0
15,0,26,4,A,aa1,1335,-0.328,1.865,1,0
15,0,26,4,A,aa2,1335,-1.266,0.019,2,0
15,0,26,4,A,aa3,1335,-1.866,-1.327,0,0
15,0,26,4,N,nb0,1340,1.866,0.82,2,1
15,0,26,4,N,nb1,1340,-1.577,1.866,1,1
15,0,26,4,N,nb2,1340,-0.659,1.865,1,1
15,0,26,4,N,nb3,1340,-1.435,0.107,2,0
15,0,26,4,N,nb4,1340,-0.115,-1.74,2,1
15,0,26,4,N,nb5,1340,0.827,-1.779,0,0
15,0,26,4,N,nb6,1340,1.865,1.279,1,1
15,0,26,4,N,nb7,1340,-0.745,1.439,2,1
15,0,26,4,N,nb8,1340,-0.49,-0.262,1,1
15,0,26,4,N,nb9,1340,1.865,1.11,2,1
15,0,26,4,N,nb10,1340,-0.328,-0.212,1,1
15,0,26,4,N,nb11,1340,1.741,0.994,3,1
15,0,26,4,N,nb12,1340,0.781,0.974,1,1
15,0,26,4,N,nb13,1340,-1.374,0.265,2,0
15,0,26,4,N,nb14,1340,-0.238,-1.866,1,1
15,0,26,4,N,nb15,1340,-0.528,1.19,1,1
15,0,26,4,N,nb16,1340,0.063,-1.148,0,0
15,0,26,4,N,nb17,1340,-0.667,1.288,2,1
15,0,26,4,N,nb18,1340,-0.497,1.811,1,1
15,0,26,4,N,nb19,1340,1.506,0.931,1,1
15,0,26,4,N,nb20,1340,1.725,0.532,1,1
15,0,26,4,N,nb21,1340,-1.057,1.629,1,1
15,0,26,4,N,nb22,1340,-1.588,0.035,1,0
15,0,26,4,N,nb23,1340,0.05,-1.702,1,1
15,0,26,4,N,nb24,1340,-0.696,1.601,1,1
15,0,26,4,N,nb25,1340,-1.418,0.455,1,1
15,0,26,4,N,nb26,1340,-1.294,1.701,2,1
15,0,26,4,N,nb27,1340,0.902,0.856,1,1
15,0,26,4,N,nb28,1340,-1.341,1.865,2,1
15,0,26,4,N,nb29,1340,1.746,0.7,2,1
15,0,26,4,A,aa0,1340,-1.854,-1.006,0,0
15,0,26,4,A,aa1,1340,-0.337,1.865,1,0
15,0,26,4,A,aa2,1340,-1.313,-0.062,0,0
15,0,26,4,A,aa3,1340,-1.866,-1.392,0,0
15,0,26,4,N,nb0,1345,1.866,0.82,2,0
15,0,26,4,N,nb1,1345,-1.577,1.866,1,1
15,0,26,4,N,nb2,1345,-0.659,1.865,1,1
15,0,26,4,N,nb3,1345,-1.518,0.075,2,0
15,0,26,4,N,nb4,1345,-0.115,-1.74,2,1
15,0,26,4,N,nb5,1345,0.813,-1.863,0,0
15,0,26,4,N,nb6,1345,1.865,1.279,1,1
15,0,26,4,N,nb7,1345,-0.745,1.439,2,1
15,0,26,4,N,nb8,1345,-0.49,-0.262,1,1
15,0,26,4,N,nb9,1345,1.865,1.11,2,1
15,0,26,4,N,nb10,1345,-0.328,-0.212,1,1
15,0,26,4,N,nb11,1345,1.741,0.994,3,1
15,0,26,4,N,nb12,1345,0.781,0.974,1,1
15,0,26,4,N,nb13,1345,-1.456,0.237,2,0
15,0,26,4,N,nb14,1345,-0.238,-1.866,1,1
15,0,26,4,N,nb15,1345,-0.528,1.19,1,1
15,0,26,4,N,nb16,1345,0.078,-1.247,0,0
15,0,26,4,N,nb17,1345,-0.667,1.288,2,1
15,0,26,4,N,nb18,1345,-0.497,1.811,1,1
15,0,26,4,N,nb19,1345,1.506,0.931,1,1
15,0,26,4,N,nb20,1345,1.725,0.532,1,1
15,0,26,4,N,nb21,1345,-1.057,1.629,1,1
15,0,26,4,N,nb22,1345,-1.662,-0.016,1,0
15,0,26,4,N,nb23,1345,0.05,-1.702,1,1
15,0,26,4,N,nb24,1345,-0.696,1.601,1,1
15,0,26,4,N,nb25,1345,-1.418,0.455,1,1
15,0,26,4,N,nb26,1345,-1.294,1.701,2,1
15,0,26,4,N,nb27,1345,0.902,0.856,1,1
15,0,26,4,N,nb28,1345,-1.341,1.865,2,1
15,0,26,4,N,nb29,1345,1.746,0.7,2,1
15,0,26,4,A,aa0,1345,-1.842,-1.045,0,0
15,0,26,4,A,aa1,1345,-0.337,1.865,1,0
15,0,26,4,A,aa2,1345,-1.314,-0.064,0,0
15,0,26,4,A,aa3,1345,-1.866,-1.467,0,0
15,0,26,4,N,nb0,1350,1.866,0.82,2,1
15,0,26,4,N,nb1,1350,-1.577,1.866,1,1
15,0,26,4,N,nb2,1350,-0.659,1.865,1,1
15,0,26,4,N,nb3,1350,-1.567,0.051,2,1
15,0,26,4,N,nb4,1350,-0.115,-1.74,2,1
15,0,26,4,N,nb5,1350,0.788,-1.866,0,0
15,0,26,4,N,nb6,1350,1.865,1.279,1,1
15,0,26,4,N,nb7,1350,-0.745,1.439,2,1
15,0,26,4,N,nb8,1350,-0.49,-0.262,1,1
15,0,26,4,N,nb9,1350,1.865,1.11,2,1
15,0,26,4,N,nb10,1350,-0.328,-0.212,1,1
15,0,26,4,N,nb11,1350,1.741,0.994,3,1
15,0,26,4,N,nb12,1350,0.781,0.974,1,1
15,0,26,4,N,nb13,1350,-1.511,0.225,2,1
15,0,26,4,N,nb14,1350,-0.238,-1.866,1,1
15,0,26,4,N,nb15,1350,-0.528,1.19,1,1
15,0,26,4,N,nb16,1350,0.093,-1.346,0,0
15,0,26,4,N,nb17,1350,-0.667,1.288,2,1
15,0,26,4,N,nb18,1350,-0.497,1.811,1,1
15,0,26,4,N,nb19,1350,1.506,0.931,1,1
15,0,26,4,N,nb20,1350,1.725,0.532,1,1
15,0,26,4,N,nb21,1350,-1.057,1.629,1,1
15,0,26,4,N,nb22,1350,-1.705,-0.048,1,1
15,0,26,4,N,nb23,1350,0.05,-1.702,1,1
15,0,26,4,N,nb24,1350,-0.696,1.601,1,1
15,0,26,4,N,nb25,1350,-1.418,0.455,1,1
15,0,26,4,N,nb26,1350,-1.294,1.701,2,1
15,0,26,4,N,nb27,1350,0.902,0.856,1,1
15,0,26,4,N,nb28,1350,-1.341,1.865,2,1
15,0,26,4,N,nb29,1350,1.746,0.7,2,1
15,0,26,4,A,aa0,1350,-1.809,-1.059,0,0
15,0,26,4,A,aa1,1350,-0.337,1.865,1,0
15,0,26,4,A,aa2,1350,-1.285,-0.135,3,1
15,0,26,4,A,aa3,1350,-1.866,-1.549,0,0
15,0,26,4,N,nb0,1355,1.866,0.82,2,1
15,0,26,4,N,nb1,1355,-1.577,1.866,1,1
15,0,26,4,N,nb2,1355,-0.659,1.865,1,1
15,0,26,4,N,nb3,1355,-1.595,0.052,2,0
15,0,26,4,N,nb4,1355,-0.115,-1.74,2,0
15,0,26,4,N,nb5,1355,0.747,-1.866,0,0
15,0,26,4,N,nb6,1355,1.865,1.279,1,1
15,0,26,4,N,nb7,1355,-0.745,1.439,2,1
15,0,26,4,N,nb8,1355,-0.49,-0.262,1,1
15,0,26,4,N,nb9,1355,1.865,1.11,2,1
15,0,26,4,N,nb10,1355,-0.328,-0.212,1,1
15,0,26,4,N,nb11,1355,1.741,0.994,3,1
15,0,26,4,N,nb12,1355,0.781,0.974,1,1
15,0,26,4,N,nb13,1355,-1.562,0.22,1,0
15,0,26,4,N,nb14,1355,-0.238,-1.866,1,0
15,0,26,4,N,nb15,1355,-0.528,1.19,1,1
15,0,26,4,N,nb16,1355,0.109,-1.445,0,0
15,0,26,4,N,nb17,1355,-0.667,1.288,2,1
15,0,26,4,N,nb18,1355,-0.497,1.811,1,1
15,0,26,4,N,nb19,1355,1.506,0.931,1,1
15,0,26,4,N,nb20,1355,1.725,0.532,1,1
15,0,26,4,N,nb21,1355,-1.057,1.629,1,1
15,0,26,4,N,nb22,1355,-1.73,-0.052,1,0
15,0,26,4,N,nb23,1355,0.05,-1.702,1,0
15,0,26,4,N,nb24,1355,-0.696,1.601,1,1
15,0,26,4,N,nb25,1355,-1.418,0.455,0,1
15,0,26,4,N,nb26,1355,-1.294,1.701,2,1
15,0,26,4,N,nb27,1355,0.902,0.856,1,1
15,0,26,4,N,nb28,1355,-1.341,1.865,2,1
15,0,26,4,N,nb29,1355,1.746,0.7,2,1
15,0,26,4,A,aa0,1355,-1.718,-1.096,0,0
15,0,26,4,A,aa1,1355,-0.337,1.865,1,0
15,0,26,4,A,aa2,1355,-1.245,-0.226,0,0
15,0,26,4,A,aa3,1355,-1.866,-1.635,0,0
15,0,26,4,N,nb0,1360,1.866,0.82,2,1
15,0,26,4,N,nb1,1360,-1.577,1.866,1,1
15,0,26,4,N,nb2,1360,-0.659,1.865,1,1
15,0,26,4,N,nb3,1360,-1.651,0.025,2,0
15,0,26,4,N,nb4,1360,-0.115,-1.74,2,1
15,0,26,4,N,nb5,1360,0.692,-1.866,0,0
15,0,26,4,N,nb6,1360,1.865,1.279,1,1
15,0,26,4,N,nb7,1360,-0.745,1.439,2,1
15,0,26,4,N,nb8,1360,-0.49,-0.262,1,1
15,0,26,4,N,nb9,1360,1.865,1.11,2,1
15,0,26,4,N,nb10,1360,-0.328,-0.212,1,1
15,0,26,4,N,nb11,1360,1.741,0.994,3,1
15,0,26,4,N,nb12,1360,0.781,0.974,1,1
15,0,26,4,N,nb13,1360,-1.654,0.22,1,0
15,0,26,4,N,nb14,1360,-0.238,-1.866,1,1
15,0,26,4,N,nb15,1360,-0.528,1.19,1,1
15,0,26,4,N,nb16,1360,0.112,-1.464,1,1
15,0,26,4,N,nb17,1360,-0.667,1.288,2,1
15,0,26,4,N,nb18,1360,-0.497,1.811,1,1
15,0,26,4,N,nb19,1360,1.506,0.931,1,1
15,0,26,4,N,nb20,1360,1.725,0.532,1,1
15,0,26,4,N,nb21,1360,-1.057,1.629,1,1
15,0,26,4,N,nb22,1360,-1.791,-0.071,1,0
15,0,26,4,N,nb23,1360,0.05,-1.702,2,1
15,0,26,4,N,nb24,1360,-0.696,1.601,1,1
15,0,26,4,N,nb25,1360,-1.418,0.455,0,0
15,0,26,4,N,nb26,1360,-1.294,1.701,2,1
15,0,26,4,N,nb27,1360,0.902,0.856,1,1
15,0,26,4,N,nb28,1360,-1.341,1.865,2,1
15,0,26,4,N,nb29,1360,1.746,0.7,2,1
15,0,26,4,A,aa0,1360,-1.624,-1.132,0,0
15,0,26,4,A,aa1,1360,-0.337,1.865,1,0
15,0,26,4,A,aa2,1360,-1.206,-0.318,0,0
15,0,26,4,A,aa3,1360,-1.866,-1.726,0,0
15,0,26,4,N,nb0,1365,1.866,0.82,2,1
15,0,26,4,N,nb1,1365,-1.577,1.866,1,1
15,0,26,4,N,nb2,1365,-0.659,1.865,1,1
15,0,26,4,N,nb3,1365,-1.671,0.007,2,1
15,0,26,4,N,nb4,1365,-0.115,-1.74,2,1
15,0,26,4,N,nb5,1365,0.626,-1.866,0,0
15,0,26,4,N,nb6,1365,1.865,1.279,1,1
15,0,26,4,N,nb7,1365,-0.745,1.439,2,1
15,0,26,4,N,nb8,1365,-0.49,-0.262,1,1
15,0,26,4,N,nb9,1365,1.865,1.11,2,1
15,0,26,4,N,nb10,1365,-0.328,-0.212,1,1
15,0,26,4,N,nb11,1365,1.741,0.994,3,1
15,0,26,4,N,nb12,1365,0.781,0.974,1,1
15,0,26,4,N,nb13,1365,-1.694,0.223,1,1
15,0,26,4,N,nb14,1365,-0.238,-1.866,1,1
15,0,26,4,N,nb15,1365,-0.528,1.19,1,1
15,0,26,4,N,nb16,1365,0.112,-1.464,1,1
15,0,26,4,N,nb17,1365,-0.667,1.288,2,1
15,0,26,4,N,nb18,1365,-0.497,1.811,1,1
15,0,26,4,N,nb19,1365,1.506,0.931,1,1
15,0,26,4,N,nb20,1365,1.725,0.532,1,1
15,0,26,4,N,nb21,1365,-1.057,1.629,1,1
15,0,26,4,N,nb22,1365,-1.822,-0.071,1,1
15,0,26,4,N,nb23,1365,0.05,-1.702,2,1
15,0,26,4,N,nb24,1365,-0.696,1.601,1,1
15,0,26,4,N,nb25,1365,-1.4,0.529,0,0
15,0,26,4,N,nb26,1365,-1.294,1.701,2,1
15,0,26,4,N,nb27,1365,0.902,0.856,1,1
15,0,26,4,N,nb28,1365,-1.341,1.865,2,1
15,0,26,4,N,nb29,1365,1.746,0.7,2,1
15,0,26,4,A,aa0,1365,-1.531,-1.169,0,0
15,0,26,4,A,aa1,1365,-0.33,1.837,1,0
15,0,26,4,A,aa2,1365,-1.167,-0.41,0,0
15,0,26,4,A,aa3,1365,-1.865,-1.818,0,0
15,0,26,4,N,nb0,1370,1.866,0.82,2,1
15,0,26,4,N,nb1,1370,-1.577,1.866,1,1
15,0,26,4,N,nb2,1370,-0.659,1.865,1,1
15,0,26,4,N,nb3,1370,-1.671,0.007,2,1
15,0,26,4,N,nb4,1370,-0.115,-1.74,2,1
15,0,26,4,N,nb5,1370,0.551,-1.866,0,0
15,0,26,4,N,nb6,1370,1.865,1.279,1,1
15,0,26,4,N,nb7,1370,-0.745,1.439,2,0
15,0,26,4,N,nb8,1370,-0.49,-0.262,1,1
15,0,26,4,N,nb9,1370,1.865,1.11,2,1
15,0,26,4,N,nb10,1370,-0.328,-0.212,1,1
15,0,26,4,N,nb11,1370,1.741,0.994,3,1
15,0,26,4,N,nb12,1370,0.781,0.974,1,1
15,0,26,4,N,nb13,1370,-1.694,0.223,1,1
15,0,26,4,N,nb14,1370,-0.238,-1.866,1,1
15,0,26,4,N,nb15,1370,-0.528,1.19,1,1
15,0,26,4,N,nb16,1370,0.112,-1.464,1,1
15,0,26,4,N,nb17,1370,-0.667,1.288,2,1
15,0,26,4,N,nb18,1370,-0.497,1.811,1,0
15,0,26,4,N,nb19,1370,1.506,0.931,1,1
15,0,26,4,N,nb20,1370,1.725,0.532,1,1
15,0,26,4,N,nb21,1370,-1.057,1.629,1,1
15,0,26,4,N,nb22,1370,-1.822,-0.071,1,1
15,0,26,4,N,nb23,1370,0.05,-1.702,2,1
15,0,26,4,N,nb24,1370,-0.696,1.601,1,0
15,0,26,4,N,nb25,1370,-1.375,0.626,0,0
15,0,26,4,N,nb26,1370,-1.294,1.701,2,1
15,0,26,4,N,nb27,1370,0.902,0.856,1,1
15,0,26,4,N,nb28,1370,-1.341,1.865,2,1
15,0,26,4,N,nb29,1370,1.746,0.7,2,1
15,0,26,4,A,aa0,1370,-1.438,-1.205,0,0
15,0,26,4,A,aa1,1370,-0.31,1.786,3,1
15,0,26,4,A,aa2,1370,-1.157,-0.432,0,0
15,0,26,4,A,aa3,1370,-1.856,-1.866,0,0
15,0,26,4,N,nb0,1375,1.866,0.82,2,1
15,0,26,4,N,nb1,1375,-1.577,1.866,1,1
15,0,26,4,N,nb2,1375,-0.659,1.865,2,1
15,0,26,4,N,nb3,1375,-1.671,0.007,2,1
15,0,26,4,N,nb4,1375,-0.115,-1.74,2,1
15,0,26,4,N,nb5,1375,0.469,-1.866,0,0
15,0,26,4,N,nb6,1375,1.865,1.279,1,1
15,0,26,4,N,nb7,1375,-0.774,1.468,2,0
15,0,26,4,N,nb8,1375,-0.49,-0.262,1,1
15,0,26,4,N,nb9,1375,1.865,1.11,2,1
15,0,26,4,N,nb10,1375,-0.328,-0.212,1,1
15,0,26,4,N,nb11,1375,1.741,0.994,3,1
15,0,26,4,N,nb12,1375,0.781,0.974,1,1
15,0,26,4,N,nb13,1375,-1.694,0.223,1,1
15,0,26,4,N,nb14,1375,-0.238,-1.866,1,1
15,0,26,4,N,nb15,1375,-0.528,1.19,1,1
15,0,26,4,N,nb16,1375,0.112,-1.464,1,1
15,0,26,4,N,nb17,1375,-0.686,1.259,2,0
15,0,26,4,N,nb18,1375,-0.504,1.795,1,0
15,0,26,4,N,nb19,1375,1.506,0.931,1,1
15,0,26,4,N,nb20,1375,1.725,0.532,1,1
15,0,26,4,N,nb21,1375,-1.057,1.629,1,0
15,0,26,4,N,nb22,1375,-1.822,-0.071,1,1
15,0,26,4,N,nb23,1375,0.05,-1.702,2,1
15,0,26,4,N,nb24,1375,-0.728,1.631,2,0
15,0,26,4,N,nb25,1375,-1.351,0.723,0,0
15,0,26,4,N,nb26,1375,-1.294,1.701,2,1
15,0,26,4,N,nb27,1375,0.902,0.856,1,1
15,0,26,4,N,nb28,1375,-1.341,1.865,2,1
15,0,26,4,N,nb29,1375,1.746,0.7,2,1
15,0,26,4,A,aa0,1375,-1.345,-1.241,0,0
15,0,26,4,A,aa1,1375,-0.271,1.699,1,0
15,0,26,4,A,aa2,1375,-1.078,-0.486,0,0
15,0,26,4,A,aa3,1375,-1.839,-1.866,0,0
15,0,26,4,N,nb0,1380,1.866,0.82,2,1
15,0,26,4,N,nb1,1380,-1.577,1.866,1,1
15,0,26,4,N,nb2,1380,-0.666,1.865,2,1
15,0,26,4,N,nb3,1380,-1.671,0.007,2,1
15,0,26,4,N,nb4,1380,-0.115,-1.74,2,1
15,0,26,4,N,nb5,1380,0.382,-1.866,0,0
15,0,26,4,N,nb6,1380,1.865,1.279,1,1
15,0,26,4,N,nb7,1380,-0.815,1.51,1,0
15,0,26,4,N,nb8,1380,-0.49,-0.262,1,1
15,0,26,4,N,nb9,1380,1.865,1.11,2,1
15,0,26,4,N,nb10,1380,-0.328,-0.212,1,1
15,0,26,4,N,nb11,1380,1.741,0.994,3,1
15,0,26,4,N,nb12,1380,0.781,0.974,1,1
15,0,26,4,N,nb13,1380,-1.694,0.223,1,1
15,0,26,4,N,nb14,1380,-0.238,-1.866,1,1
15,0,26,4,N,nb15,1380,-0.528,1.19,1,1
15,0,26,4,N,nb16,1380,0.112,-1.464,1,1
15,0,26,4,N,nb17,1380,-0.741,1.183,1,0
15,0,26,4,N,nb18,1380,-0.541,1.751,1,0
15,0,26,4,N,nb19,1380,1.506,0.931,1,1
15,0,26,4,N,nb20,1380,1.725,0.532,1,1
15,0,26,4,N,nb21,1380,-1.057,1.629,1,1
15,0,26,4,N,nb22,1380,-1.822,-0.071,1,1
15,0,26,4,N,nb23,1380,0.05,-1.702,2,1
15,0,26,4,N,nb24,1380,-0.781,1.676,2,0
15,0,26,4,N,nb25,1380,-1.327,0.82,0,0
15,0,26,4,N,nb26,1380,-1.294,1.701,2,1
15,0,26,4,N,nb27,1380,0.902,0.856,1,1
15,0,26,4,N,nb28,1380,-1.341,1.865,2,1
15,0,26,4,N,nb29,1380,1.746,0.7,2,1
15,0,26,4,A,aa0,1380,-1.252,-1.278,0,0
15,0,26,4,A,aa1,1380,-0.227,1.611,1,0
15,0,26,4,A,aa2,1380,-0.995,-0.542,1,0
15,0,26,4,A,aa3,1380,-1.782,-1.866,0,0
15,0,26,4,N,nb0,1385,1.866,0.82,2,1
15,0,26,4,N,nb1,1385,-1.577,1.866,1,1
15,0,26,4,N,nb2,1385,-0.666,1.865,2,1
15,0,26,4,N,nb3,1385,-1.671,0.007,2,1
15,0,26,4,N,nb4,1385,-0.115,-1.74,2,1
15,0,26,4,N,nb5,1385,0.291,-1.866,0,0
15,0,26,4,N,nb6,1385,1.865,1.279,1,1
15,0,26,4,N,nb7,1385,-0.825,1.521,1,1
15,0,26,4,N,nb8,1385,-0.49,-0.262,1,1
15,0,26,4,N,nb9,1385,1.865,1.11,2,1
15,0,26,4,N,nb10,1385,-0.328,-0.212,1,1
15,0,26,4,N,nb11,1385,1.741,0.994,3,1
15,0,26,4,N,nb12,1385,0.781,0.974,1,1
15,0,26,4,N,nb13,1385,-1.694,0.223,1,1
15,0,26,4,N,nb14,1385,-0.238,-1.866,1,1
15,0,26,4,N,nb15,1385,-0.528,1.19,0,1
15,0,26,4,N,nb16,1385,0.112,-1.464,1,1
15,0,26,4,N,nb17,1385,-0.803,1.109,0,0
15,0,26,4,N,nb18,1385,-0.554,1.738,2,1
15,0,26,4,N,nb19,1385,1.506,0.931,1,1
15,0,26,4,N,nb20,1385,1.725,0.532,1,1
15,0,26,4,N,nb21,1385,-1.057,1.629,1,1
15,0,26,4,N,nb22,1385,-1.822,-0.071,1,1
15,0,26,4,N,nb23,1385,0.05,-1.702,2,1
15,0,26,4,N,nb24,1385,-0.795,1.688,3,1
15,0,26,4,N,nb25,1385,-1.303,0.917,0,0
15,0,26,4,N,nb26,1385,-1.294,1.701,2,1
15,0,26,4,N,nb27,1385,0.902,0.856,1,1
15,0,26,4,N,nb28,1385,-1.341,1.865,2,1
15,0,26,4,N,nb29,1385,1.746,0.7,2,1
15,0,26,4,A,aa0,1385,-1.159,-1.314,0,0
15,0,26,4,A,aa1,1385,-0.181,1.522,2,0
15,0,26,4,A,aa2,1385,-0.912,-0.598,0,0
15,0,26,4,A,aa3,1385,-1.716,-1.866,0,0
15,0,26,4,N,nb0,1390,1.866,0.82,2,1
15,0,26,4,N,nb1,1390,-1.577,1.866,1,1
15,0,26,4,N,nb2,1390,-0.666,1.865,2,1
15,0,26,4,N,nb3,1390,-1.671,0.007,2,1
15,0,26,4,N,nb4,1390,-0.115,-1.74,2,1
15,0,26,4,N,nb5,1390,0.233,-1.866,1,1
15,0,26,4,N,nb6,1390,1.865,1.279,1,1
15,0,26,4,N,nb7,1390,-0.825,1.521,1,1
15,0,26,4,N,nb8,1390,-0.49,-0.262,1,1
15,0,26,4,N,nb9,1390,1.865,1.11,2,1
15,0,26,4,N,nb10,1390,-0.328,-0.212,1,1
15,0,26,4,N,nb11,1390,1.741,0.994,3,1
15,0,26,4,N,nb12,1390,0.781,0.974,1,1
15,0,26,4,N,nb13,1390,-1.694,0.223,1,1
15,0,26,4,N,nb14,1390,-0.238,-1.866,1,1
15,0,26,4,N,nb15,1390,-0.528,1.19,0,1
15,0,26,4,N,nb16,1390,0.112,-1.464,1,1
15,0,26,4,N,nb17,1390,-0.869,1.034,0,0
15,0,26,4,N,nb18,1390,-0.554,1.738,2,1
15,0,26,4,N,nb19,1390,1.506,0.931,1,1
15,0,26,4,N,nb20,1390,1.725,0.532,1,1
15,0,26,4,N,nb21,1390,-1.057,1.629,1,1
15,0,26,4,N,nb22,1390,-1.822,-0.071,1,1
15,0,26,4,N,nb23,1390,0.05,-1.702,3,1
15,0,26,4,N,nb24,1390,-0.795,1.688,3,1
15,0,26,4,N,nb25,1390,-1.278,1.014,0,0
15,0,26,4,N,nb26,1390,-1.294,1.701,2,0
15,0,26,4,N,nb27,1390,0.902,0.856,1,1
15,0,26,4,N,nb28,1390,-1.341,1.865,2,0
15,0,26,4,N,nb29,1390,1.746,0.7,2,1
15,0,26,4,A,aa0,1390,-1.065,-1.35,0,0
15,0,26,4,A,aa1,1390,-0.135,1.433,2,0
15,0,26,4,A,aa2,1390,-0.829,-0.654,1,0
15,0,26,4,A,aa3,1390,-1.641,-1.866,0,0
15,0,26,4,N,nb0,1395,1.866,0.82,2,1
15,0,26,4,N,nb1,1395,-1.577,1.866,1,1
15,0,26,4,N,nb2,1395,-0.666,1.865,2,0
15,0,26,4,N,nb3,1395,-1.671,0.007,2,1
15,0,26,4,N,nb4,1395,-0.115,-1.74,2,1
15,0,26,4,N,nb5,1395,0.233,-1.866,1,1
15,0,26,4,N,nb6,1395,1.865,1.279,1,1
15,0,26,4,N,nb7,1395,-0.825,1.521,1,1
15,0,26,4,N,nb8,1395,-0.49,-0.262,1,1
15,0,26,4,N,nb9,1395,1.865,1.11,2,1
15,0,26,4,N,nb10,1395,-0.328,-0.212,1,1
15,0,26,4,N,nb11,1395,1.741,0.994,3,1
15,0,26,4,N,nb12,1395,0.781,0.974,1,1
15,0,26,4,N,nb13,1395,-1.694,0.223,1,1
15,0,26,4,N,nb14,1395,-0.238,-1.866,1,1
15,0,26,4,N,nb15,1395,-0.539,1.178,0,0
15,0,26,4,N,nb16,1395,0.112,-1.464,1,1
15,0,26,4,N,nb17,1395,-0.935,0.959,0,0
15,0,26,4,N,nb18,1395,-0.554,1.738,2,1
15,0,26,4,N,nb19,1395,1.506,0.931,1,0
15,0,26,4,N,nb20,1395,1.725,0.532,1,1
15,0,26,4,N,nb21,1395,-1.057,1.629,1,1
15,0,26,4,N,nb22,1395,-1.822,-0.071,1,1
15,0,26,4,N,nb23,1395,0.05,-1.702,3,1
15,0,26,4,N,nb24,1395,-0.795,1.688,3,1
15,0,26,4,N,nb25,1395,-1.254,1.111,0,0
15,0,26,4,N,nb26,1395,-1.294,1.701,2,1
15,0,26,4,N,nb27,1395,0.902,0.856,1,1
15,0,26,4,N,nb28,1395,-1.341,1.865,2,1
15,0,26,4,N,nb29,1395,1.746,0.7,2,1
15,0,26,4,A,aa0,1395,-0.972,-1.387,0,0
15,0,26,4,A,aa1,1395,-0.089,1.344,0,0
15,0,26,4,A,aa2,1395,-0.746,-0.71,1,0
15,0,26,4,A,aa3,1395,-1.59,-1.866,0,0
15,0,26,4,N,nb0,1400,1.866,0.82,2,1
15,0,26,4,N,nb1,1400,-1.577,1.866,1,1
15,0,26,4,N,nb2,1400,-0.666,1.865,2,1
15,0,26,4,N,nb3,1400,-1.671,0.007,2,1
15,0,26,4,N,nb4,1400,-0.115,-1.74,2,1
15,0,26,4,N,nb5,1400,0.233,-1.866,1,1
15,0,26,4,N,nb6,1400,1.865,1.279,1,1
15,0,26,4,N,nb7,1400,-0.825,1.521,1,1
15,0,26,4,N,nb8,1400,-0.49,-0.262,1,1
15,0,26,4,N,nb9,1400,1.865,1.11,2,1
15,0,26,4,N,nb10,1400,-0.328,-0.212,1,1
15,0,26,4,N,nb11,1400,1.741,0.994,3,1
15,0,26,4,N,nb12,1400,0.781,0.974,1,1
15,0,26,4,N,nb13,1400,-1.694,0.223,1,1
15,0,26,4,N,nb14,1400,-0.238,-1.866,1,1
15,0,26,4,N,nb15,1400,-0.606,1.104,0,0
15,0,26,4,N,nb16,1400,0.112,-1.464,1,1
15,0,26,4,N,nb17,1400,-1.001,0.884,0,0
15,0,26,4,N,nb18,1400,-0.554,1.738,2,1
15,0,26,4,N,nb19,1400,1.506,0.931,1,1
15,0,26,4,N,nb20,1400,1.725,0.532,1,1
15,0,26,4,N,nb21,1400,-1.057,1.629,1,1
15,0,26,4,N,nb22,1400,-1.822,-0.071,1,1
15,0,26,4,N,nb23,1400,0.05,-1.702,3,1
15,0,26,4,N,nb24,1400,-0.795,1.688,3,1
15,0,26,4,N,nb25,1400,-1.23,1.208,0,0
15,0,26,4,N,nb26,1400,-1.294,1.701,2,1
15,0,26,4,N,nb27,1400,0.902,0.856,1,1
15,0,26,4,N,nb28,1400,-1.341,1.865,2,1
15,0,26,4,N,nb29,1400,1.746,0.7,2,1
15,0,26,4,A,aa0,1400,-0.951,-1.395,0,0
15,0,26,4,A,aa1,1400,-0.043,1.256,0,0
15,0,26,4,A,aa2,1400,-0.663,-0.766,1,0
15,0,26,4,A,aa3,1400,-1.59,-1.866,0,0
15,0,26,4,N,nb0,1405,1.866,0.82,2,1
15,0,26,4,N,nb1,1405,-1.577,1.866,1,1
15,0,26,4,N,nb2,1405,-0.666,1.865,2,1
15,0,26,4,N,nb3,1405,-1.671,0.007,2,1
15,0,26,4,N,nb4,1405,-0.115,-1.74,2,1
15,0,26,4,N,nb5,1405,0.233,-1.866,1,1
15,0,26,4,N,nb6,1405,1.865,1.279,1,1
15,0,26,4,N,nb7,1405,-0.825,1.521,1,1
15,0,26,4,N,nb8,1405,-0.49,-0.262,1,1
15,0,26,4,N,nb9,1405,1.865,1.11,2,1
15,0,26,4,N,nb10,1405,-0.328,-0.212,1,1
15,0,26,4,N,nb11,1405,1.741,0.994,3,1
15,0,26,4,N,nb12,1405,0.781,0.974,1,1
15,0,26,4,N,nb13,1405,-1.694,0.223,1,1
15,0,26,4,N,nb14,1405,-0.238,-1.866,1,1
15,0,26,4,N,nb15,1405,-0.674,1.03,0,0
15,0,26,4,N,nb16,1405,0.112,-1.464,1,1
15,0,26,4,N,nb17,1405,-1.068,0.809,0,0
15,0,26,4,N,nb18,1405,-0.554,1.738,2,1
15,0,26,4,N,nb19,1405,1.506,0.931,1,1
15,0,26,4,N,nb20,1405,1.725,0.532,1,1
15,0,26,4,N,nb21,1405,-1.057,1.629,1,1
15,0,26,4,N,nb22,1405,-1.822,-0.071,1,1
15,0,26,4,N,nb23,1405,0.05,-1.702,3,1
15,0,26,4,N,nb24,1405,-0.795,1.688,3,1
15,0,26,4,N,nb25,1405,-1.206,1.305,0,0
15,0,26,4,N,nb26,1405,-1.294,1.701,2,1
15,0,26,4,N,nb27,1405,0.902,0.856,1,1
15,0,26,4,N,nb28,1405,-1.341,1.865,2,1
15,0,26,4,N,nb29,1405,1.746,0.7,2,1
15,0,26,4,A,aa0,1405,-0.938,-1.384,0,0
15,0,26,4,A,aa1,1405,0.003,1.167,0,0
15,0,26,4,A,aa2,1405,-0.581,-0.823,1,0
15,0,26,4,A,aa3,1405,-1.519,-1.807,0,0
15,0,26,4,N,nb0,1410,1.866,0.82,2,1
15,0,26,4,N,nb1,1410,-1.577,1.866,1,1
15,0,26,4,N,nb2,1410,-0.666,1.865,2,1
15,0,26,4,N,nb3,1410,-1.671,0.007,2,1
15,0,26,4,N,nb4,1410,-0.115,-1.74,2,1
15,0,26,4,N,nb5,1410,0.233,-1.866,1,1
15,0,26,4,N,nb6,1410,1.865,1.279,1,1
15,0,26,4,N,nb7,1410,-0.825,1.521,1,1
15,0,26,4,N,nb8,1410,-0.49,-0.262,1,1
15,0,26,4,N,nb9,1410,1.865,1.11,2,1
15,0,26,4,N,nb10,1410,-0.328,-0.212,1,1
15,0,26,4,N,nb11,1410,1.741,0.994,3,1
15,0,26,4,N,nb12,1410,0.781,0.974,1,1
15,0,26,4,N,nb13,1410,-1.694,0.223,1,1
15,0,26,4,N,nb14,1410,-0.238,-1.866,1,1
15,0,26,4,N,nb15,1410,-0.741,0.956,0,0
15,0,26,4,N,nb16,1410,0.112,-1.464,1,1
15,0,26,4,N,nb17,1410,-1.134,0.734,0,0
15,0,26,4,N,nb18,1410,-0.554,1.738,2,1
15,0,26,4,N,nb19,1410,1.506,0.931,1,1
15,0,26,4,N,nb20,1410,1.725,0.532,1,1
15,0,26,4,N,nb21,1410,-1.057,1.629,1,1
15,0,26,4,N,nb22,1410,-1.822,-0.071,1,1
15,0,26,4,N,nb23,1410,0.05,-1.702,3,1
15,0,26,4,N,nb24,1410,-0.795,1.688,3,1
15,0,26,4,N,nb25,1410,-1.181,1.402,0,0
15,0,26,4,N,nb26,1410,-1.294,1.701,2,1
15,0,26,4,N,nb27,1410,0.902,0.856,1,0
15,0,26,4,N,nb28,1410,-1.341,1.865,2,1
15,0,26,4,N,nb29,1410,1.746,0.7,2,1
15,0,26,4,A,aa0,1410,-0.867,-1.314,0,0
15,0,26,4,A,aa1,1410,0.013,1.146,0,0
15,0,26,4,A,aa2,1410,-0.498,-0.879,0,0
15,0,26,4,A,aa3,1410,-1.449,-1.741,0,0
15,0,26,4,N,nb0,1415,1.866,0.82,2,1
15,0,26,4,N,nb1,1415,-1.577,1.866,1,1
15,0,26,4,N,nb2,1415,-0.666,1.865,2,1
15,0,26,4,N,nb3,1415,-1.671,0.007,2,1
15,0,26,4,N,nb4,1415,-0.115,-1.74,2,1
15,0,26,4,N,nb5,1415,0.233,-1.866,1,1
15,0,26,4,N,nb6,1415,1.865,1.279,1,1
15,0,26,4,N,nb7,1415,-0.825,1.521,1,1
15,0,26,4,N,nb8,1415,-0.49,-0.262,1,1
15,0,26,4,N,nb9,1415,1.865,1.11,2,1
15,0,26,4,N,nb10,1415,-0.328,-0.212,1,1
15,0,26,4,N,nb11,1415,1.741,0.994,3,1
15,0,26,4,N,nb12,1415,0.781,0.974,1,1
15,0,26,4,N,nb13,1415,-1.694,0.223,1,1
15,0,26,4,N,nb14,1415,-0.238,-1.866,1,1
15,0,26,4,N,nb15,1415,-0.808,0.882,0,0
15,0,26,4,N,nb16,1415,0.112,-1.464,1,1
15,0,26,4,N,nb17,1415,-1.2,0.659,0,0
15,0,26,4,N,nb18,1415,-0.554,1.738,2,1
15,0,26,4,N,nb19,1415,1.506,0.931,1,1
15,0,26,4,N,nb20,1415,1.725,0.532,1,1
15,0,26,4,N,nb21,1415,-1.057,1.629,2,1
15,0,26,4,N,nb22,1415,-1.822,-0.071,1,1
15,0,26,4,N,nb23,1415,0.05,-1.702,3,1
15,0,26,4,N,nb24,1415,-0.795,1.688,3,1
15,0,26,4,N,nb25,1415,-1.177,1.422,1,1
15,0,26,4,N,nb26,1415,-1.294,1.701,2,1
15,0,26,4,N,nb27,1415,0.902,0.856,1,1
15,0,26,4,N,nb28,1415,-1.341,1.865,2,1
15,0,26,4,N,nb29,1415,1.746,0.7,2,1
15,0,26,4,A,aa0,1415,-0.795,-1.245,0,0
15,0,26,4,A,aa1,1415,0.069,1.133,0,0
15,0,26,4,A,aa2,1415,-0.415,-0.935,0,0
15,0,26,4,A,aa3,1415,-1.378,-1.671,0,0
15,0,26,4,N,nb0,1420,1.866,0.82,2,1
15,0,26,4,N,nb1,1420,-1.577,1.866,1,1
15,0,26,4,N,nb2,1420,-0.666,1.865,2,1
15,0,26,4,N,nb3,1420,-1.671,0.007,2,1
15,0,26,4,N,nb4,1420,-0.115,-1.74,2,1
15,0,26,4,N,nb5,1420,0.233,-1.866,1,1
15,0,26,4,N,nb6,1420,1.865,1.279,1,1
15,0,26,4,N,nb7,1420,-0.825,1.521,1,1
15,0,26,4,N,nb8,1420,-0.49,-0.262,1,1
15,0,26,4,N,nb9,1420,1.865,1.11,2,1
15,0,26,4,N,nb10,1420,-0.328,-0.212,1,1
15,0,26,4,N,nb11,1420,1.741,0.994,3,1
15,0,26,4,N,nb12,1420,0.781,0.974,1,1
15,0,26,4,N,nb13,1420,-1.694,0.223,1,1
15,0,26,4,N,nb14,1420,-0.238,-1.866,1,1
15,0,26,4,N,nb15,1420,-0.876,0.808,0,0
15,0,26,4,N,nb16,1420,0.112,-1.464,1,1
15,0,26,4,N,nb17,1420,-1.266,0.584,0,0
15,0,26,4,N,nb18,1420,-0.554,1.738,2,1
15,0,26,4,N,nb19,1420,1.506,0.931,1,1
15,0,26,4,N,nb20,1420,1.725,0.532,1,1
15,0,26,4,N,nb21,1420,-1.057,1.629,2,1
15,0,26,4,N,nb22,1420,-1.822,-0.071,1,1
15,0,26,4,N,nb23,1420,0.05,-1.702,3,1
15,0,26,4,N,nb24,1420,-0.795,1.688,3,1
15,0,26,4,N,nb25,1420,-1.177,1.422,1,1
15,0,26,4,N,nb26,1420,-1.294,1.701,2,1
15,0,26,4,N,nb27,1420,0.902,0.856,1,1
15,0,26,4,N,nb28,1420,-1.341,1.865,2,1
15,0,26,4,N,nb29,1420,1.746,0.7,2,1
15,0,26,4,A,aa0,1420,-0.723,-1.175,0,0
15,0,26,4,A,aa1,1420,0.166,1.109,0,0
15,0,26,4,A,aa2,1420,-0.332,-0.991,0,0
15,0,26,4,A,aa3,1420,-1.318,-1.612,0,0
15,0,26,4,N,nb0,1425,1.866,0.82,2,1
15,0,26,4,N,nb1,1425,-1.577,1.866,1,0
15,0,26,4,N,nb2,1425,-0.666,1.865,2,1
15,0,26,4,N,nb3,1425,-1.671,0.007,2,1
15,0,26,4,N,nb4,1425,-0.115,-1.74,2,1
15,0,26,4,N,nb5,1425,0.233,-1.866,1,1
15,0,26,4,N,nb6,1425,1.865,1.279,1,1
15,0,26,4,N,nb7,1425,-0.825,1.521,1,1
15,0,26,4,N,nb8,1425,-0.49,-0.262,1,1
15,0,26,4,N,nb9,1425,1.865,1.11,2,1
15,0,26,4,N,nb10,1425,-0.328,-0.212,1,1
15,0,26,4,N,nb11,1425,1.741,0.994,3,1
15,0,26,4,N,nb12,1425,0.781,0.974,1,1
15,0,26,4,N,nb13,1425,-1.694,0.223,1,1
15,0,26,4,N,nb14,1425,-0.238,-1.866,1,1
15,0,26,4,N,nb15,1425,-0.943,0.734,0,0
15,0,26,4,N,nb16,1425,0.112,-1.464,1,1
15,0,26,4,N,nb17,1425,-1.332,0.509,0,0
15,0,26,4,N,nb18,1425,-0.554,1.738,2,1
15,0,26,4,N,nb19,1425,1.506,0.931,1,1
15,0,26,4,N,nb20,1425,1.725,0.532,1,1
15,0,26,4,N,nb21,1425,-1.057,1.629,2,1
15,0,26,4,N,nb22,1425,-1.822,-0.071,1,1
15,0,26,4,N,nb23,1425,0.05,-1.702,3,1
15,0,26,4,N,nb24,1425,-0.795,1.688,3,1
15,0,26,4,N,nb25,1425,-1.177,1.422,1,1
15,0,26,4,N,nb26,1425,-1.294,1.701,2,1
15,0,26,4,N,nb27,1425,0.902,0.856,1,1
15,0,26,4,N,nb28,1425,-1.341,1.865,2,1
15,0,26,4,N,nb29,1425,1.746,0.7,2,1
15,0,26,4,A,aa0,1425,-0.651,-1.105,0,0
15,0,26,4,A,aa1,1425,0.263,1.086,1,0
15,0,26,4,A,aa2,1425,-0.249,-1.047,1,0
15,0,26,4,A,aa3,1425,-1.318,-1.612,0,0
15,0,26,4,N,nb0,1430,1.866,0.82,2,1
15,0,26,4,N,nb1,1430,-1.577,1.866,1,1
15,0,26,4,N,nb2,1430,-0.666,1.865,2,1
15,0,26,4,N,nb3,1430,-1.671,0.007,2,1
15,0,26,4,N,nb4,1430,-0.115,-1.74,2,1
15,0,26,4,N,nb5,1430,0.233,-1.866,1,1
15,0,26,4,N,nb6,1430,1.865,1.279,1,1
15,0,26,4,N,nb7,1430,-0.825,1.521,1,1
15,0,26,4,N,nb8,1430,-0.49,-0.262,1,1
15,0,26,4,N,nb9,1430,1.865,1.11,2,1
15,0,26,4,N,nb10,1430,-0.328,-0.212,1,1
15,0,26,4,N,nb11,1430,1.741,0.994,3,1
15,0,26,4,N,nb12,1430,0.781,0.974,1,1
15,0,26,4,N,nb13,1430,-1.694,0.223,1,1
15,0,26,4,N,nb14,1430,-0.238,-1.866,1,1
15,0,26,4,N,nb15,1430,-1.01,0.66,0,0
15,0,26,4,N,nb16,1430,0.112,-1.464,1,1
15,0,26,4,N,nb17,1430,-1.398,0.434,0,0
15,0,26,4,N,nb18,1430,-0.554,1.738,2,1
15,0,26,4,N,nb19,1430,1.506,0.931,1,1
15,0,26,4,N,nb20,1430,1.725,0.532,1,1
15,0,26,4,N,nb21,1430,-1.057,1.629,2,1
15,0,26,4,N,nb22,1430,-1.822,-0.071,1,1
15,0,26,4,N,nb23,1430,0.05,-1.702,3,1
15,0,26,4,N,nb24,1430,-0.795,1.688,3,1
15,0,26,4,N,nb25,1430,-1.177,1.422,1,1
15,0,26,4,N,nb26,1430,-1.294,1.701,2,1
15,0,26,4,N,nb27,1430,0.902,0.856,1,1
15,0,26,4,N,nb28,1430,-1.341,1.865,2,1
15,0,26,4,N,nb29,1430,1.746,0.7,2,1
15,0,26,4,A,aa0,1430,-0.58,-1.036,0,0
15,0,26,4,A,aa1,1430,0.36,1.062,1,0
15,0,26,4,A,aa2,1430,-0.167,-1.103,1,0
15,0,26,4,A,aa3,1430,-1.334,-1.537,0,0
15,0,26,4,N,nb0,1435,1.866,0.82,2,1
15,0,26,4,N,nb1,1435,-1.577,1.866,1,1
15,0,26,4,N,nb2,1435,-0.666,1.865,2,1
15,0,26,4,N,nb3,1435,-1.671,0.007,2,1
15,0,26,4,N,nb4,1435,-0.115,-1.74,2,0
15,0,26,4,N,nb5,1435,0.233,-1.866,1,1
15,0,26,4,N,nb6,1435,1.865,1.279,1,1
15,0,26,4,N,nb7,1435,-0.825,1.521,1,1
15,0,26,4,N,nb8,1435,-0.49,-0.262,1,1
15,0,26,4,N,nb9,1435,1.865,1.11,2,1
15,0,26,4,N,nb10,1435,-0.328,-0.212,1,1
15,0,26,4,N,nb11,1435,1.741,0.994,3,1
15,0,26,4,N,nb12,1435,0.781,0.974,1,0
15,0,26,4,N,nb13,1435,-1.694,0.223,1,1
15,0,26,4,N,nb14,1435,-0.238,-1.866,1,1
15,0,26,4,N,nb15,1435,-1.077,0.586,0,0
15,0,26,4,N,nb16,1435,0.112,-1.464,1,0
15,0,26,4,N,nb17,1435,-1.465,0.359,0,0
15,0,26,4,N,nb18,1435,-0.554,1.738,2,1
15,0,26,4,N,nb19,1435,1.506,0.931,1,1
15,0,26,4,N,nb20,1435,1.725,0.532,1,1
15,0,26,4,N,nb21,1435,-1.057,1.629,2,1
15,0,26,4,N,nb22,1435,-1.822,-0.071,1,1
15,0,26,4,N,nb23,1435,0.05,-1.702,3,0
15,0,26,4,N,nb24,1435,-0.795,1.688,3,1
15,0,26,4,N,nb25,1435,-1.177,1.422,1,1
15,0,26,4,N,nb26,1435,-1.294,1.701,2,1
15,0,26,4,N,nb27,1435,0.902,0.856,1,1
15,0,26,4,N,nb28,1435,-1.341,1.865,2,1
15,0,26,4,N,nb29,1435,1.746,0.7,2,1
15,0,26,4,A,aa0,1435,-0.508,-0.966,0,0
15,0,26,4,A,aa1,1435,0.457,1.039,1,0
15,0,26,4,A,aa2,1435,-0.084,-1.159,3,1
15,0,26,4,A,aa3,1435,-1.355,-1.439,0,0
15,0,26,4,N,nb0,1440,1.866,0.82,2,1
15,0,26,4,N,nb1,1440,-1.577,1.866,1,1
15,0,26,4,N,nb2,1440,-0.666,1.865,2,1
15,0,26,4,N,nb3,1440,-1.671,0.007,2,1
15,0,26,4,N,nb4,1440,-0.179,-1.699,2,0
15,0,26,4,N,nb5,1440,0.233,-1.866,0,1
15,0,26,4,N,nb6,1440,1.865,1.279,1,1
15,0,26,4,N,nb7,1440,-0.825,1.521,1,1
15,0,26,4,N,nb8,1440,-0.49,-0.262,1,1
15,0,26,4,N,nb9,1440,1.865,1.11,2,1
15,0,26,4,N,nb10,1440,-0.328,-0.212,1,1
15,0,26,4,N,nb11,1440,1.741,0.994,3,1
15,0,26,4,N,nb12,1440,0.781,0.974,1,1
15,0,26,4,N,nb13,1440,-1.694,0.223,2,1
15,0,26,4,N,nb14,1440,-0.238,-1.866,1,1
15,0,26,4,N,nb15,1440,-1.145,0.512,0,0
15,0,26,4,N,nb16,1440,0.128,-1.53,1,0
15,0,26,4,N,nb17,1440,-1.478,0.344,1,1
15,0,26,4,N,nb18,1440,-0.554,1.738,2,1
15,0,26,4,N,nb19,1440,1.506,0.931,1,1
15,0,26,4,N,nb20,1440,1.725,0.532,1,1
15,0,26,4,N,nb21,1440,-1.057,1.629,2,1
15,0,26,4,N,nb22,1440,-1.822,-0.071,1,1
15,0,26,4,N,nb23,1440,-0.01,-1.673,2,0
15,0,26,4,N,nb24,1440,-0.795,1.688,3,1
15,0,26,4,N,nb25,1440,-1.177,1.422,1,1
15,0,26,4,N,nb26,1440,-1.294,1.701,2,1
15,0,26,4,N,nb27,1440,0.902,0.856,1,1
15,0,26,4,N,nb28,1440,-1.341,1.865,2,1
15,0,26,4,N,nb29,1440,1.746,0.7,2,1
15,0,26,4,A,aa0,1440,-0.436,-0.896,0,0
15,0,26,4,A,aa1,1440,0.552,1.016,1,0
15,0,26,4,A,aa2,1440,-0.031,-1.194,0,0
15,0,26,4,A,aa3,1440,-1.376,-1.341,0,0
15,0,26,4,N,nb0,1445,1.866,0.82,2,1
15,0,26,4,N,nb1,1445,-1.577,1.866,1,1
15,0,26,4,N,nb2,1445,-0.666,1.865,2,1
15,0,26,4,N,nb3,1445,-1.671,0.007,2,1
15,0,26,4,N,nb4,1445,-0.261,-1.645,2,0
15,0,26,4,N,nb5,1445,0.233,-1.866,0,1
15,0,26,4,N,nb6,1445,1.865,1.279,1,1
15,0,26,4,N,nb7,1445,-0.825,1.521,1,1
15,0,26,4,N,nb8,1445,-0.49,-0.262,1,0
15,0,26,4,N,nb9,1445,1.865,1.11,2,1
15,0,26,4,N,nb10,1445,-0.328,-0.212,1,0
15,0,26,4,N,nb11,1445,1.741,0.994,3,1
15,0,26,4,N,nb12,1445,0.781,0.974,1,1
15,0,26,4,N,nb13,1445,-1.694,0.223,2,1
15,0,26,4,N,nb14,1445,-0.238,-1.866,1,1
15,0,26,4,N,nb15,1445,-1.212,0.438,0,0
15,0,26,4,N,nb16,1445,0.162,-1.615,1,0
15,0,26,4,N,nb17,1445,-1.478,0.344,1,1
15,0,26,4,N,nb18,1445,-0.554,1.738,2,1
15,0,26,4,N,nb19,1445,1.506,0.931,1,1
15,0,26,4,N,nb20,1445,1.725,0.532,1,0
15,0,26,4,N,nb21,1445,-1.057,1.629,2,1
15,0,26,4,N,nb22,1445,-1.822,-0.071,1,1
15,0,26,4,N,nb23,1445,-0.081,-1.622,2,0
15,0,26,4,N,nb24,1445,-0.795,1.688,3,1
15,0,26,4,N,nb25,1445,-1.177,1.422,1,1
15,0,26,4,N,nb26,1445,-1.294,1.701,2,1
15,0,26,4,N,nb27,1445,0.902,0.856,1,1
15,0,26,4,N,nb28,1445,-1.341,1.865,2,1
15,0,26,4,N,nb29,1445,1.746,0.7,2,0
15,0,26,4,A,aa0,1445,-0.364,-0.827,1,0
15,0,26,4,A,aa1,1445,0.614,0.998,1,0
15,0,26,4,A,aa2,1445,0.025,-1.196,0,0
15,0,26,4,A,aa3,1445,-1.397,-1.244,0,0
15,0,26,4,N,nb0,1450,1.866,0.82,2,1
15,0,26,4,N,nb1,1450,-1.577,1.866,1,1
15,0,26,4,N,nb2,1450,-0.666,1.865,2,1
15,0,26,4,N,nb3,1450,-1.671,0.007,2,1
15,0,26,4,N,nb4,1450,-0.28,-1.633,2,0
15,0,26,4,N,nb5,1450,0.233,-1.866,1,1
15,0,26,4,N,nb6,1450,1.865,1.279,1,0
15,0,26,4,N,nb7,1450,-0.825,1.521,1,1
15,0,26,4,N,nb8,1450,-0.49,-0.262,1,1
15,0,26,4,N,nb9,1450,1.865,1.11,2,1
15,0,26,4,N,nb10,1450,-0.328,-0.212,1,1
15,0,26,4,N,nb11,1450,1.741,0.994,3,0
15,0,26,4,N,nb12,1450,0.781,0.974,1,1
15,0,26,4,N,nb13,1450,-1.694,0.223,2,1
15,0,26,4,N,nb14,1450,-0.238,-1.866,1,1
15,0,26,4,N,nb15,1450,-1.239,0.408,1,1
15,0,26,4,N,nb16,1450,0.171,-1.634,1,0
15,0,26,4,N,nb17,1450,-1.478,0.344,2,1
15,0,26,4,N,nb18,1450,-0.554,1.738,2,1
15,0,26,4,N,nb19,1450,1.506,0.931,1,1
15,0,26,4,N,nb20,1450,1.725,0.532,1,1
15,0,26,4,N,nb21,1450,-1.057,1.629,2,1
15,0,26,4,N,nb22,1450,-1.822,-0.071,1,1
15,0,26,4,N,nb23,1450,-0.096,-1.609,1,0
15,0,26,4,N,nb24,1450,-0.795,1.688,3,1
15,0,26,4,N,nb25,1450,-1.177,1.422,1,1
15,0,26,4,N,nb26,1450,-1.294,1.701,2,1
15,0,26,4,N,nb27,1450,0.902,0.856,1,1
15,0,26,4,N,nb28,1450,-1.341,1.865,2,1
15,0,26,4,N,nb29,1450,1.746,0.7,2,1
15,0,26,4,A,aa0,1450,-0.293,-0.757,2,0
15,0,26,4,A,aa1,1450,0.615,1.004,1,0
15,0,26,4,A,aa2,1450,0.125,-1.198,3,1
15,0,26,4,A,aa3,1450,-1.418,-1.146,0,0
15,0,26,4,N,nb0,1455,1.866,0.82,2,1
15,0,26,4,N,nb1,1455,-1.577,1.866,1,1
15,0,26,4,N,nb2,1455,-0.666,1.865,2,1
15,0,26,4,N,nb3,1455,-1.671,0.007,2,1
15,0,26,4,N,nb4,1455,-0.361,-1.584,1,0
15,0,26,4,N,nb5,1455,0.233,-1.866,1,1
15,0,26,4,N,nb6,1455,1.865,1.279,1,1
15,0,26,4,N,nb7,1455,-0.825,1.521,1,1
15,0,26,4,N,nb8,1455,-0.49,-0.262,1,1
15,0,26,4,N,nb9,1455,1.865,1.11,2,0
15,0,26,4,N,nb10,1455,-0.328,-0.212,1,1
15,0,26,4,N,nb11,1455,1.741,0.994,3,1
15,0,26,4,N,nb12,1455,0.781,0.974,1,1
15,0,26,4,N,nb13,1455,-1.694,0.223,2,1
15,0,26,4,N,nb14,1455,-0.238,-1.866,0,1
15,0,26,4,N,nb15,1455,-1.239,0.408,1,1
15,0,26,4,N,nb16,1455,0.21,-1.698,1,0
15,0,26,4,N,nb17,1455,-1.478,0.344,2,1
15,0,26,4,N,nb18,1455,-0.554,1.738,2,1
15,0,26,4,N,nb19,1455,1.506,0.931,1,1
15,0,26,4,N,nb20,1455,1.725,0.532,1,1
15,0,26,4,N,nb21,1455,-1.057,1.629,2,1
15,0,26,4,N,nb22,1455,-1.822,-0.071,1,1
15,0,26,4,N,nb23,1455,-0.155,-1.546,1,0
15,0,26,4,N,nb24,1455,-0.795,1.688,3,1
15,0,26,4,N,nb25,1455,-1.177,1.422,1,1
15,0,26,4,N,nb26,1455,-1.294,1.701,2,1
15,0,26,4,N,nb27,1455,0.902,0.856,1,1
15,0,26,4,N,nb28,1455,-1.341,1.865,2,1
15,0,26,4,N,nb29,1455,1.746,0.7,2,1
15,0,26,4,A,aa0,1455,-0.221,-0.687,2,0
15,0,26,4,A,aa1,1455,0.613,0.991,1,0
15,0,26,4,A,aa2,1455,0.225,-1.201,0,0
15,0,26,4,A,aa3,1455,-1.439,-1.048,0,0
15,0,26,4,N,nb0,1460,1.866,0.82,2,1
15,0,26,4,N,nb1,1460,-1.577,1.866,1,1
15,0,26,4,N,nb2,1460,-0.666,1.865,2,1
15,0,26,4,N,nb3,1460,-1.671,0.007,2,1
15,0,26,4,N,nb4,1460,-0.445,-1.538,1,1
15,0,26,4,N,nb5,1460,0.233,-1.866,1,1
15,0,26,4,N,nb6,1460,1.865,1.279,1,1
15,0,26,4,N,nb7,1460,-0.825,1.521,1,1
15,0,26,4,N,nb8,1460,-0.49,-0.262,1,1
15,0,26,4,N,nb9,1460,1.865,1.11,2,1
15,0,26,4,N,nb10,1460,-0.328,-0.212,1,1
15,0,26,4,N,nb11,1460,1.741,0.994,3,1
15,0,26,4,N,nb12,1460,0.781,0.974,1,1
15,0,26,4,N,nb13,1460,-1.694,0.223,2,1
15,0,26,4,N,nb14,1460,-0.238,-1.866,0,1
15,0,26,4,N,nb15,1460,-1.239,0.408,1,1
15,0,26,4,N,nb16,1460,0.227,-1.697,1,1
15,0,26,4,N,nb17,1460,-1.478,0.344,2,1
15,0,26,4,N,nb18,1460,-0.554,1.738,2,1
15,0,26,4,N,nb19,1460,1.506,0.931,1,1
15,0,26,4,N,nb20,1460,1.725,0.532,1,1
15,0,26,4,N,nb21,1460,-1.057,1.629,2,1
15,0,26,4,N,nb22,1460,-1.822,-0.071,1,1
15,0,26,4,N,nb23,1460,-0.207,-1.472,1,1
15,0,26,4,N,nb24,1460,-0.795,1.688,3,1
15,0,26,4,N,nb25,1460,-1.177,1.422,1,1
15,0,26,4,N,nb26,1460,-1.294,1.701,2,1
15,0,26,4,N,nb27,1460,0.902,0.856,1,1
15,0,26,4,N,nb28,1460,-1.341,1.865,2,1
15,0,26,4,N,nb29,1460,1.746,0.7,2,1
15,0,26,4,A,aa0,1460,-0.219,-0.685,2,0
15,0,26,4,A,aa1,1460,0.614,0.946,1,0
15,0,26,4,A,aa2,1460,0.325,-1.203,0,0
15,0,26,4,A,aa3,1460,-1.459,-0.95,0,0
15,0,26,4,N,nb0,1465,1.866,0.82,2,1
15,0,26,4,N,nb1,1465,-1.577,1.866,1,1
15,0,26,4,N,nb2,1465,-0.666,1.865,2,1
15,0,26,4,N,nb3,1465,-1.671,0.007,2,1
15,0,26,4,N,nb4,1465,-0.448,-1.537,1,1
15,0,26,4,N,nb5,1465,0.233,-1.866,1,1
15,0,26,4,N,nb6,1465,1.865,1.279,1,1
15,0,26,4,N,nb7,1465,-0.825,1.521,1,1
15,0,26,4,N,nb8,1465,-0.49,-0.262,1,1
15,0,26,4,N,nb9,1465,1.865,1.11,2,1
15,0,26,4,N,nb10,1465,-0.328,-0.212,1,1
15,0,26,4,N,nb11,1465,1.741,0.994,3,1
15,0,26,4,N,nb12,1465,0.781,0.974,1,1
15,0,26,4,N,nb13,1465,-1.694,0.223,2,1
15,0,26,4,N,nb14,1465,-0.238,-1.866,0,1
15,0,26,4,N,nb15,1465,-1.239,0.408,1,1
15,0,26,4,N,nb16,1465,0.227,-1.697,1,1
15,0,26,4,N,nb17,1465,-1.478,0.344,2,1
15,0,26,4,N,nb18,1465,-0.554,1.738,2,1
15,0,26,4,N,nb19,1465,1.506,0.931,1,1
15,0,26,4,N,nb20,1465,1.725,0.532,1,1
15,0,26,4,N,nb21,1465,-1.057,1.629,2,1
15,0,26,4,N,nb22,1465,-1.822,-0.071,1,1
15,0,26,4,N,nb23,1465,-0.208,-1.47,1,1
15,0,26,4,N,nb24,1465,-0.795,1.688,3,1
15,0,26,4,N,nb25,1465,-1.177,1.422,1,1
15,0,26,4,N,nb26,1465,-1.294,1.701,2,1
15,0,26,4,N,nb27,1465,0.902,0.856,1,1
15,0,26,4,N,nb28,1465,-1.341,1.865,2,1
15,0,26,4,N,nb29,1465,1.746,0.7,2,1
15,0,26,4,A,aa0,1465,-0.23,-0.629,2,0
15,0,26,4,A,aa1,1465,0.629,0.9,2,0
15,0,26,4,A,aa2,1465,0.425,-1.205,1,0
15,0,26,4,A,aa3,1465,-1.48,-0.852,0,0
15,0,26,4,N,nb0,1470,1.866,0.82,2,1
15,0,26,4,N,nb1,1470,-1.577,1.866,1,1
15,0,26,4,N,nb2,1470,-0.666,1.865,2,1
15,0,26,4,N,nb3,1470,-1.671,0.007,2,1
15,0,26,4,N,nb4,1470,-0.448,-1.537,1,1
15,0,26,4,N,nb5,1470,0.233,-1.866,1,1
15,0,26,4,N,nb6,1470,1.865,1.279,1,1
15,0,26,4,N,nb7,1470,-0.825,1.521,1,1
15,0,26,4,N,nb8,1470,-0.49,-0.262,1,1
15,0,26,4,N,nb9,1470,1.865,1.11,2,1
15,0,26,4,N,nb10,1470,-0.328,-0.212,1,1
15,0,26,4,N,nb11,1470,1.741,0.994,3,1
15,0,26,4,N,nb12,1470,0.781,0.974,1,1
15,0,26,4,N,nb13,1470,-1.694,0.223,2,1
15,0,26,4,N,nb14,1470,-0.238,-1.866,0,1
15,0,26,4,N,nb15,1470,-1.239,0.408,1,1
15,0,26,4,N,nb16,1470,0.227,-1.697,1,1
15,0,26,4,N,nb17,1470,-1.478,0.344,2,1
15,0,26,4,N,nb18,1470,-0.554,1.738,2,1
15,0,26,4,N,nb19,1470,1.506,0.931,1,1
15,0,26,4,N,nb20,1470,1.725,0.532,1,1
15,0,26,4,N,nb21,1470,-1.057,1.629,2,1
15,0,26,4,N,nb22,1470,-1.822,-0.071,1,1
15,0,26,4,N,nb23,1470,-0.208,-1.47,1,1
15,0,26,4,N,nb24,1470,-0.795,1.688,3,1
15,0,26,4,N,nb25,1470,-1.177,1.422,1,1
15,0,26,4,N,nb26,1470,-1.294,1.701,2,1
15,0,26,4,N,nb27,1470,0.902,0.856,1,1
15,0,26,4,N,nb28,1470,-1.341,1.865,2,1
15,0,26,4,N,nb29,1470,1.746,0.7,2,1
15,0,26,4,A,aa0,1470,-0.249,-0.531,2,0
15,0,26,4,A,aa1,1470,0.629,0.9,2,0
15,0,26,4,A,aa2,1470,0.525,-1.208,1,0
15,0,26,4,A,aa3,1470,-1.501,-0.755,0,0
15,0,26,4,N,nb0,1475,1.866,0.82,2,1
15,0,26,4,N,nb1,1475,-1.577,1.866,1,1
15,0,26,4,N,nb2,1475,-0.666,1.865,2,1
15,0,26,4,N,nb3,1475,-1.671,0.007,2,1
15,0,26,4,N,nb4,1475,-0.448,-1.537,1,1
15,0,26,4,N,nb5,1475,0.233,-1.866,1,1
15,0,26,4,N,nb6,1475,1.865,1.279,1,1
15,0,26,4,N,nb7,1475,-0.825,1.521,1,1
15,0,26,4,N,nb8,1475,-0.49,-0.262,1,1
15,0,26,4,N,nb9,1475,1.865,1.11,2,1
15,0,26,4,N,nb10,1475,-0.328,-0.212,1,1
15,0,26,4,N,nb11,1475,1.741,0.994,3,1
15,0,26,4,N,nb12,1475,0.781,0.974,1,1
15,0,26,4,N,nb13,1475,-1.694,0.223,2,1
15,0,26,4,N,nb14,1475,-0.238,-1.866,0,1
15,0,26,4,N,nb15,1475,-1.239,0.408,1,1
15,0,26,4,N,nb16,1475,0.227,-1.697,1,1
15,0,26,4,N,nb17,1475,-1.478,0.344,2,1
15,0,26,4,N,nb18,1475,-0.554,1.738,2,1
15,0,26,4,N,nb19,1475,1.506,0.931,1,1
15,0,26,4,N,nb20,1475,1.725,0.532,1,1
15,0,26,4,N,nb21,1475,-1.057,1.629,2,1
15,0,26,4,N,nb22,1475,-1.822,-0.071,1,1
15,0,26,4,N,nb23,1475,-0.208,-1.47,1,1
15,0,26,4,N,nb24,1475,-0.795,1.688,3,1
15,0,26,4,N,nb25,1475,-1.177,1.422,1,1
15,0,26,4,N,nb26,1475,-1.294,1.701,2,1
15,0,26,4,N,nb27,1475,0.902,0.856,1,1
15,0,26,4,N,nb28,1475,-1.341,1.865,2,1
15,0,26,4,N,nb29,1475,1.746,0.7,2,1
15,0,26,4,A,aa0,1475,-0.269,-0.436,2,0
15,0,26,4,A,aa1,1475,0.628,0.9,2,0
15,0,26,4,A,aa2,1475,0.588,-1.209,0,0
15,0,26,4,A,aa3,1475,-1.522,-0.657,0,0
15,0,26,4,N,nb0,1480,1.866,0.82,2,1
15,0,26,4,N,nb1,1480,-1.577,1.866,1,1
15,0,26,4,N,nb2,1480,-0.666,1.865,2,1
15,0,26,4,N,nb3,1480,-1.671,0.007,2,1
15,0,26,4,N,nb4,1480,-0.448,-1.537,1,1
15,0,26,4,N,nb5,1480,0.233,-1.866,1,0
15,0,26,4,N,nb6,1480,1.865,1.279,1,1
15,0,26,4,N,nb7,1480,-0.825,1.521,1,1
15,0,26,4,N,nb8,1480,-0.49,-0.262,1,1
15,0,26,4,N,nb9,1480,1.865,1.11,2,1
15,0,26,4,N,nb10,1480,-0.328,-0.212,1,1
15,0,26,4,N,nb11,1480,1.741,0.994,3,1
15,0,26,4,N,nb12,1480,0.781,0.974,1,1
15,0,26,4,N,nb13,1480,-1.694,0.223,2,1
15,0,26,4,N,nb14,1480,-0.238,-1.866,0,0
15,0,26,4,N,nb15,1480,-1.239,0.408,1,1
15,0,26,4,N,nb16,1480,0.227,-1.697,1,1
15,0,26,4,N,nb17,1480,-1.478,0.344,2,1
15,0,26,4,N,nb18,1480,-0.554,1.738,2,1
15,0,26,4,N,nb19,1480,1.506,0.931,1,1
15,0,26,4,N,nb20,1480,1.725,0.532,1,1
15,0,26,4,N,nb21,1480,-1.057,1.629,2,1
15,0,26,4,N,nb22,1480,-1.822,-0.071,1,1
15,0,26,4,N,nb23,1480,-0.208,-1.47,1,1
15,0,26,4,N,nb24,1480,-0.795,1.688,3,1
15,0,26,4,N,nb25,1480,-1.177,1.422,1,1
15,0,26,4,N,nb26,1480,-1.294,1.701,2,1
15,0,26,4,N,nb27,1480,0.902,0.856,1,1
15,0,26,4,N,nb28,1480,-1.341,1.865,2,1
15,0,26,4,N,nb29,1480,1.746,0.7,2,1
15,0,26,4,A,aa0,1480,-0.274,-0.4,2,0
15,0,26,4,A,aa1,1480,0.631,0.894,2,0
15,0,26,4,A,aa2,1480,0.6,-1.197,0,0
15,0,26,4,A,aa3,1480,-1.543,-0.559,2,0
15,0,26,4,N,nb0,1485,1.866,0.82,2,1
15,0,26,4,N,nb1,1485,-1.577,1.866,1,1
15,0,26,4,N,nb2,1485,-0.666,1.865,2,1
15,0,26,4,N,nb3,1485,-1.671,0.007,2,0
15,0,26,4,N,nb4,1485,-0.448,-1.537,1,1
15,0,26,4,N,nb5,1485,0.233,-1.866,1,1
15,0,26,4,N,nb6,1485,1.865,1.279,1,1
15,0,26,4,N,nb7,1485,-0.825,1.521,1,1
15,0,26,4,N,nb8,1485,-0.49,-0.262,1,1
15,0,26,4,N,nb9,1485,1.865,1.11,2,1
15,0,26,4,N,nb10,1485,-0.328,-0.212,1,1
15,0,26,4,N,nb11,1485,1.741,0.994,3,1
15,0,26,4,N,nb12,1485,0.781,0.974,1,1
15,0,26,4,N,nb13,1485,-1.694,0.223,2,0
15,0,26,4,N,nb14,1485,-0.295,-1.866,0,0
15,0,26,4,N,nb15,1485,-1.239,0.408,1,1
15,0,26,4,N,nb16,1485,0.227,-1.697,1,1
15,0,26,4,N,nb17,1485,-1.478,0.344,2,1
15,0,26,4,N,nb18,1485,-0.554,1.738,2,1
15,0,26,4,N,nb19,1485,1.506,0.931,1,1
15,0,26,4,N,nb20,1485,1.725,0.532,1,1
15,0,26,4,N,nb21,1485,-1.057,1.629,2,1
15,0,26,4,N,nb22,1485,-1.822,-0.071,1,0
15,0,26,4,N,nb23,1485,-0.208,-1.47,1,1
15,0,26,4,N,nb24,1485,-0.795,1.688,3,1
15,0,26,4,N,nb25,1485,-1.177,1.422,1,1
15,0,26,4,N,nb26,1485,-1.294,1.701,2,1
15,0,26,4,N,nb27,1485,0.902,0.856,1,1
15,0,26,4,N,nb28,1485,-1.341,1.865,2,1
15,0,26,4,N,nb29,1485,1.746,0.7,2,1
15,0,26,4,A,aa0,1485,-0.287,-0.393,2,0
15,0,26,4,A,aa1,1485,0.639,0.881,2,0
15,0,26,4,A,aa2,1485,0.667,-1.123,0,0
15,0,26,4,A,aa3,1485,-1.564,-0.461,2,0
15,0,26,4,N,nb0,1490,1.866,0.82,2,1
15,0,26,4,N,nb1,1490,-1.577,1.866,1,1
15,0,26,4,N,nb2,1490,-0.666,1.865,2,1
15,0,26,4,N,nb3,1490,-1.671,0.007,2,1
15,0,26,4,N,nb4,1490,-0.448,-1.537,1,0
15,0,26,4,N,nb5,1490,0.233,-1.866,1,1
15,0,26,4,N,nb6,1490,1.865,1.279,1,1
15,0,26,4,N,nb7,1490,-0.825,1.521,1,1
15,0,26,4,N,nb8,1490,-0.49,-0.262,1,1
15,0,26,4,N,nb9,1490,1.865,1.11,2,1
15,0,26,4,N,nb10,1490,-0.328,-0.211,1,1
15,0,26,4,N,nb11,1490,1.741,0.994,3,1
15,0,26,4,N,nb12,1490,0.781,0.974,1,1
15,0,26,4,N,nb13,1490,-1.694,0.223,2,1
15,0,26,4,N,nb14,1490,-0.365,-1.866,0,0
15,0,26,4,N,nb15,1490,-1.239,0.408,1,1
15,0,26,4,N,nb16,1490,0.227,-1.697,1,0
15,0,26,4,N,nb17,1490,-1.478,0.344,2,1
15,0,26,4,N,nb18,1490,-0.554,1.738,2,1
15,0,26,4,N,nb19,1490,1.506,0.931,1,1
15,0,26,4,N,nb20,1490,1.725,0.532,1,1
15,0,26,4,N,nb21,1490,-1.057,1.629,2,1
15,0,26,4,N,nb22,1490,-1.822,-0.071,1,1
15,0,26,4,N,nb23,1490,-0.208,-1.47,1,0
15,0,26,4,N,nb24,1490,-0.795,1.688,3,1
15,0,26,4,N,nb25,1490,-1.177,1.422,1,1
15,0,26,4,N,nb26,1490,-1.294,1.701,2,1
15,0,26,4,N,nb27,1490,0.902,0.856,1,1
15,0,26,4,N,nb28,1490,-1.341,1.865,2,1
15,0,26,4,N,nb29,1490,1.746,0.7,2,1
15,0,26,4,A,aa0,1490,-0.358,-0.378,2,0
15,0,26,4,A,aa1,1490,0.641,0.878,2,0
15,0,26,4,A,aa2,1490,0.734,-1.049,0,0
15,0,26,4,A,aa3,1490,-1.585,-0.363,2,0
15,0,26,4,N,nb0,1495,1.866,0.82,2,1
15,0,26,4,N,nb1,1495,-1.577,1.866,1,1
15,0,26,4,N,nb2,1495,-0.666,1.865,2,1
15,0,26,4,N,nb3,1495,-1.671,0.007,2,1
15,0,26,4,N,nb4,1495,-0.448,-1.537,1,1
15,0,26,4,N,nb5,1495,0.233,-1.866,1,1
15,0,26,4,N,nb6,1495,1.865,1.279,1,1
15,0,26,4,N,nb7,1495,-0.825,1.521,1,1
15,0,26,4,N,nb8,1495,-0.52,-0.253,1,1
15,0,26,4,N,nb9,1495,1.865,1.11,2,1
15,0,26,4,N,nb10,1495,-0.328,-0.211,1,1
15,0,26,4,N,nb11,1495,1.741,0.994,3,1
15,0,26,4,N,nb12,1495,0.781,0.974,1,1
15,0,26,4,N,nb13,1495,-1.694,0.223,2,1
15,0,26,4,N,nb14,1495,-0.443,-1.866,0,0
15,0,26,4,N,nb15,1495,-1.239,0.408,1,1
15,0,26,4,N,nb16,1495,0.227,-1.697,1,1
15,0,26,4,N,nb17,1495,-1.478,0.344,2,1
15,0,26,4,N,nb18,1495,-0.554,1.738,2,1
15,0,26,4,N,nb19,1495,1.506,0.931,1,1
15,0,26,4,N,nb20,1495,1.725,0.532,1,1
15,0,26,4,N,nb21,1495,-1.057,1.629,2,1
15,0,26,4,N,nb22,1495,-1.822,-0.071,1,1
15,0,26,4,N,nb23,1495,-0.208,-1.47,1,1
15,0,26,4,N,nb24,1495,-0.795,1.688,3,1
15,0,26,4,N,nb25,1495,-1.177,1.422,1,1
15,0,26,4,N,nb26,1495,-1.294,1.701,2,1
15,0,26,4,N,nb27,1495,0.902,0.856,1,1
15,0,26,4,N,nb28,1495,-1.341,1.865,2,1
15,0,26,4,N,nb29,1495,1.746,0.7,2,1
15,0,26,4,A,aa0,1495,-0.4,-0.371,2,0
15,0,26,4,A,aa1,1495,0.632,0.894,2,0
15,0,26,4,A,aa2,1495,0.802,-0.975,0,0
15,0,26,4,A,aa3,1495,-1.606,-0.266,2,0
15,0,26,4,N,nb0,1500,1.866,0.82,2,0
15,0,26,4,N,nb1,1500,-1.577,1.866,1,1
15,0,26,4,N,nb2,1500,-0.666,1.865,2,1
15,0,26,4,N,nb3,1500,-1.674,0.005,2,0
15,0,26,4,N,nb4,1500,-0.448,-1.537,1,1
15,0,26,4,N,nb5,1500,0.233,-1.866,1,1
15,0,26,4,N,nb6,1500,1.865,1.279,1,1
15,0,26,4,N,nb7,1500,-0.825,1.521,1,1
15,0,26,4,N,nb8,1500,-0.548,-0.242,1,1
15,0,26,4,N,nb9,1500,1.865,1.11,2,1
15,0,26,4,N,nb10,1500,-0.328,-0.211,1,1
15,0,26,4,N,nb11,1500,1.741,0.994,3,1
15,0,26,4,N,nb12,1500,0.781,0.974,1,1
15,0,26,4,N,nb13,1500,-1.694,0.223,2,1
15,0,26,4,N,nb14,1500,-0.528,-1.866,0,0
15,0,26,4,N,nb15,1500,-1.239,0.408,1,1
15,0,26,4,N,nb16,1500,0.227,-1.697,1,1
15,0,26,4,N,nb17,1500,-1.478,0.344,2,0
15,0,26,4,N,nb18,1500,-0.554,1.738,2,1
15,0,26,4,N,nb19,1500,1.506,0.931,1,1
15,0,26,4,N,nb20,1500,1.725,0.532,1,1
15,0,26,4,N,nb21,1500,-1.057,1.629,2,1
15,0,26,4,N,nb22,1500,-1.83,-0.064,1,0
15,0,26,4,N,nb23,1500,-0.208,-1.47,1,1
15,0,26,4,N,nb24,1500,-0.795,1.688,3,1
15,0,26,4,N,nb25,1500,-1.177,1.422,1,1
15,0,26,4,N,nb26,1500,-1.294,1.701,2,1
15,0,26,4,N,nb27,1500,0.902,0.856,1,1
15,0,26,4,N,nb28,1500,-1.341,1.865,2,1
15,0,26,4,N,nb29,1500,1.746,0.7,2,1
15,0,26,4,A,aa0,1500,-0.448,-0.378,2,0
15,0,26,4,A,aa1,1500,0.614,0.942,1,0
15,0,26,4,A,aa2,1500,0.869,-0.901,0,0
15,0,26,4,A,aa3,1500,-1.62,-0.178,1,0
15,0,26,4,N,nb0,1505,1.866,0.82,2,1
15,0,26,4,N,nb1,1505,-1.577,1.866,1,1
15,0,26,4,N,nb2,1505,-0.666,1.865,2,1
15,0,26,4,N,nb3,1505,-1.699,0.051,2,0
15,0,26,4,N,nb4,1505,-0.448,-1.537,1,1
15,0,26,4,N,nb5,1505,0.233,-1.866,1,1
15,0,26,4,N,nb6,1505,1.865,1.279,1,1
15,0,26,4,N,nb7,1505,-0.825,1.521,1,1
15,0,26,4,N,nb8,1505,-0.562,-0.232,1,1
15,0,26,4,N,nb9,1505,1.865,1.11,2,1
15,0,26,4,N,nb10,1505,-0.328,-0.211,1,1
15,0,26,4,N,nb11,1505,1.741,0.994,3,1
15,0,26,4,N,nb12,1505,0.781,0.974,1,1
15,0,26,4,N,nb13,1505,-1.694,0.223,2,1
15,0,26,4,N,nb14,1505,-0.616,-1.866,0,0
15,0,26,4,N,nb15,1505,-1.239,0.408,0,1
15,0,26,4,N,nb16,1505,0.227,-1.697,1,1
15,0,26,4,N,nb17,1505,-1.53,0.276,1,0
15,0,26,4,N,nb18,1505,-0.554,1.738,2,1
15,0,26,4,N,nb19,1505,1.506,0.931,1,1
15,0,26,4,N,nb20,1505,1.725,0.532,1,1
15,0,26,4,N,nb21,1505,-1.057,1.629,2,1
15,0,26,4,N,nb22,1505,-1.863,0.015,1,0
15,0,26,4,N,nb23,1505,-0.208,-1.47,1,1
15,0,26,4,N,nb24,1505,-0.795,1.688,3,1
15,0,26,4,N,nb25,1505,-1.177,1.422,1,1
15,0,26,4,N,nb26,1505,-1.294,1.701,2,1
15,0,26,4,N,nb27,1505,0.902,0.856,1,1
15,0,26,4,N,nb28,1505,-1.341,1.865,2,1
15,0,26,4,N,nb29,1505,1.746,0.7,2,1
15,0,26,4,A,aa0,1505,-0.516,-0.395,2,0
15,0,26,4,A,aa1,1505,0.612,1.029,1,0
15,0,26,4,A,aa2,1505,0.936,-0.827,0,0
15,0,26,4,A,aa3,1505,-1.619,-0.099,0,0
15,0,26,4,N,nb0,1510,1.866,0.82,2,1
15,0,26,4,N,nb1,1510,-1.577,1.866,1,1
15,0,26,4,N,nb2,1510,-0.666,1.865,2,1
15,0,26,4,N,nb3,1510,-1.697,0.055,3,1
15,0,26,4,N,nb4,1510,-0.448,-1.537,1,1
15,0,26,4,N,nb5,1510,0.233,-1.866,1,1
15,0,26,4,N,nb6,1510,1.865,1.279,1,1
15,0,26,4,N,nb7,1510,-0.825,1.521,1,1
15,0,26,4,N,nb8,1510,-0.562,-0.232,1,1
15,0,26,4,N,nb9,1510,1.865,1.11,2,1
15,0,26,4,N,nb10,1510,-0.328,-0.211,1,1
15,0,26,4,N,nb11,1510,1.741,0.994,3,1
15,0,26,4,N,nb12,1510,0.781,0.974,1,1
15,0,26,4,N,nb13,1510,-1.703,0.225,3,1
15,0,26,4,N,nb14,1510,-0.708,-1.866,0,0
15,0,26,4,N,nb15,1510,-1.25,0.395,0,0
15,0,26,4,N,nb16,1510,0.227,-1.697,1,1
15,0,26,4,N,nb17,1510,-1.533,0.227,2,1
15,0,26,4,N,nb18,1510,-0.554,1.738,2,1
15,0,26,4,N,nb19,1510,1.506,0.931,1,1
15,0,26,4,N,nb20,1510,1.725,0.532,1,1
15,0,26,4,N,nb21,1510,-1.057,1.629,2,1
15,0,26,4,N,nb22,1510,-1.865,0.071,2,1
15,0,26,4,N,nb23,1510,-0.208,-1.47,1,1
15,0,26,4,N,nb24,1510,-0.795,1.688,3,1
15,0,26,4,N,nb25,1510,-1.177,1.422,1,1
15,0,26,4,N,nb26,1510,-1.294,1.701,2,1
15,0,26,4,N,nb27,1510,0.902,0.856,1,1
15,0,26,4,N,nb28,1510,-1.341,1.865,2,1
15,0,26,4,N,nb29,1510,1.746,0.7,2,1
15,0,26,4,A,aa0,1510,-0.606,-0.411,2,0
15,0,26,4,A,aa1,1510,0.607,1.124,1,0
15,0,26,4,A,aa2,1510,1.003,-0.753,0,0
15,0,26,4,A,aa3,1510,-1.595,-0.08,0,0
15,0,26,4,N,nb0,1515,1.866,0.82,2,1
15,0,26,4,N,nb1,1515,-1.577,1.866,1,1
15,0,26,4,N,nb2,1515,-0.666,1.865,2,1
15,0,26,4,N,nb3,1515,-1.697,0.055,3,1
15,0,26,4,N,nb4,1515,-0.448,-1.537,1,1
15,0,26,4,N,nb5,1515,0.233,-1.866,1,1
15,0,26,4,N,nb6,1515,1.865,1.279,1,1
15,0,26,4,N,nb7,1515,-0.825,1.521,1,1
15,0,26,4,N,nb8,1515,-0.562,-0.232,1,1
15,0,26,4,N,nb9,1515,1.865,1.11,2,1
15,0,26,4,N,nb10,1515,-0.328,-0.211,1,1
15,0,26,4,N,nb11,1515,1.741,0.994,3,1
15,0,26,4,N,nb12,1515,0.781,0.974,1,1
15,0,26,4,N,nb13,1515,-1.703,0.225,3,1
15,0,26,4,N,nb14,1515,-0.8,-1.86,0,0
15,0,26,4,N,nb15,1515,-1.313,0.321,1,1
15,0,26,4,N,nb16,1515,0.227,-1.697,1,1
15,0,26,4,N,nb17,1515,-1.533,0.225,3,1
15,0,26,4,N,nb18,1515,-0.554,1.738,2,1
15,0,26,4,N,nb19,1515,1.506,0.931,1,1
15,0,26,4,N,nb20,1515,1.725,0.532,1,1
15,0,26,4,N,nb21,1515,-1.057,1.629,2,1
15,0,26,4,N,nb22,1515,-1.865,0.071,2,1
15,0,26,4,N,nb23,1515,-0.208,-1.47,1,1
15,0,26,4,N,nb24,1515,-0.795,1.688,3,1
15,0,26,4,N,nb25,1515,-1.177,1.422,1,1
15,0,26,4,N,nb26,1515,-1.294,1.701,2,1
15,0,26,4,N,nb27,1515,0.902,0.856,1,1
15,0,26,4,N,nb28,1515,-1.341,1.865,2,1
15,0,26,4,N,nb29,1515,1.746,0.7,2,1
15,0,26,4,A,aa0,1515,-0.699,-0.434,2,0
15,0,26,4,A,aa1,1515,0.596,1.221,1,0
15,0,26,4,A,aa2,1515,1.07,-0.679,0,0
15,0,26,4,A,aa3,1515,-1.551,-0.032,2,0
15,0,26,4,N,nb0,1520,1.866,0.82,2,1
15,0,26,4,N,nb1,1520,-1.577,1.866,1,1
15,0,26,4,N,nb2,1520,-0.666,1.865,2,1
15,0,26,4,N,nb3,1520,-1.701,0.034,3,0
15,0,26,4,N,nb4,1520,-0.448,-1.537,1,1
15,0,26,4,N,nb5,1520,0.233,-1.866,1,1
15,0,26,4,N,nb6,1520,1.865,1.279,1,1
15,0,26,4,N,nb7,1520,-0.825,1.521,1,1
15,0,26,4,N,nb8,1520,-0.562,-0.232,1,1
15,0,26,4,N,nb9,1520,1.865,1.11,2,1
15,0,26,4,N,nb10,1520,-0.328,-0.211,1,1
15,0,26,4,N,nb11,1520,1.741,0.994,3,1
15,0,26,4,N,nb12,1520,0.781,0.974,1,1
15,0,26,4,N,nb13,1520,-1.719,0.226,3,0
15,0,26,4,N,nb14,1520,-0.892,-1.845,0,0
15,0,26,4,N,nb15,1520,-1.334,0.293,1,0
15,0,26,4,N,nb16,1520,0.227,-1.697,1,1
15,0,26,4,N,nb17,1520,-1.537,0.206,3,0
15,0,26,4,N,nb18,1520,-0.554,1.738,2,1
15,0,26,4,N,nb19,1520,1.506,0.931,1,1
15,0,26,4,N,nb20,1520,1.725,0.532,1,1
15,0,26,4,N,nb21,1520,-1.057,1.629,2,1
15,0,26,4,N,nb22,1520,-1.865,0.071,2,1
15,0,26,4,N,nb23,1520,-0.208,-1.47,1,1
15,0,26,4,N,nb24,1520,-0.795,1.688,3,1
15,0,26,4,N,nb25,1520,-1.177,1.422,1,1
15,0,26,4,N,nb26,1520,-1.294,1.701,2,1
15,0,26,4,N,nb27,1520,0.902,0.856,1,1
15,0,26,4,N,nb28,1520,-1.341,1.865,2,1
15,0,26,4,N,nb29,1520,1.746,0.7,2,1
15,0,26,4,A,aa0,1520,-0.793,-0.463,2,0
15,0,26,4,A,aa1,1520,0.584,1.32,1,0
15,0,26,4,A,aa2,1520,1.138,-0.605,0,0
15,0,26,4,A,aa3,1520,-1.509,0.041,0,0
15,0,26,4,N,nb0,1525,1.866,0.82,2,1
15,0,26,4,N,nb1,1525,-1.577,1.866,1,1
15,0,26,4,N,nb2,1525,-0.666,1.865,2,1
15,0,26,4,N,nb3,1525,-1.736,-0.04,1,0
15,0,26,4,N,nb4,1525,-0.448,-1.537,1,1
15,0,26,4,N,nb5,1525,0.233,-1.866,1,1
15,0,26,4,N,nb6,1525,1.865,1.279,1,1
15,0,26,4,N,nb7,1525,-0.825,1.521,1,1
15,0,26,4,N,nb8,1525,-0.562,-0.232,1,1
15,0,26,4,N,nb9,1525,1.865,1.11,2,1
15,0,26,4,N,nb10,1525,-0.328,-0.211,1,1
15,0,26,4,N,nb11,1525,1.741,0.994,3,1
15,0,26,4,N,nb12,1525,0.781,0.974,1,1
15,0,26,4,N,nb13,1525,-1.811,0.24,1,0
15,0,26,4,N,nb14,1525,-0.982,-1.821,0,0
15,0,26,4,N,nb15,1525,-1.377,0.217,1,0
15,0,26,4,N,nb16,1525,0.227,-1.697,1,1
15,0,26,4,N,nb17,1525,-1.552,0.194,1,0
15,0,26,4,N,nb18,1525,-0.554,1.738,2,1
15,0,26,4,N,nb19,1525,1.506,0.931,1,1
15,0,26,4,N,nb20,1525,1.725,0.532,1,1
15,0,26,4,N,nb21,1525,-1.057,1.629,2,1
15,0,26,4,N,nb22,1525,-1.865,0.071,2,1
15,0,26,4,N,nb23,1525,-0.208,-1.47,1,1
15,0,26,4,N,nb24,1525,-0.795,1.688,3,1
15,0,26,4,N,nb25,1525,-1.177,1.422,1,1
15,0,26,4,N,nb26,1525,-1.294,1.701,2,1
15,0,26,4,N,nb27,1525,0.902,0.856,1,1
15,0,26,4,N,nb28,1525,-1.341,1.865,2,1
15,0,26,4,N,nb29,1525,1.746,0.7,2,1
15,0,26,4,A,aa0,1525,-0.888,-0.494,1,0
15,0,26,4,A,aa1,1525,0.571,1.419,1,0
15,0,26,4,A,aa2,1525,1.205,-0.531,0,0
15,0,26,4,A,aa3,1525,-1.47,0.047,1,0
15,0,26,4,N,nb0,1530,1.866,0.82,2,1
15,0,26,4,N,nb1,1530,-1.577,1.866,1,1
15,0,26,4,N,nb2,1530,-0.666,1.865,2,1
15,0,26,4,N,nb3,1530,-1.766,-0.091,1,1
15,0,26,4,N,nb4,1530,-0.448,-1.537,1,1
15,0,26,4,N,nb5,1530,0.233,-1.866,1,1
15,0,26,4,N,nb6,1530,1.865,1.279,1,1
15,0,26,4,N,nb7,1530,-0.825,1.521,1,1
15,0,26,4,N,nb8,1530,-0.562,-0.232,1,1
15,0,26,4,N,nb9,1530,1.865,1.11,2,1
15,0,26,4,N,nb10,1530,-0.328,-0.211,1,1
15,0,26,4,N,nb11,1530,1.741,0.994,3,1
15,0,26,4,N,nb12,1530,0.781,0.974,1,1
15,0,26,4,N,nb13,1530,-1.866,0.258,1,1
15,0,26,4,N,nb14,1530,-1.07,-1.788,0,0
15,0,26,4,N,nb15,1530,-1.393,0.171,1,1
15,0,26,4,N,nb16,1530,0.227,-1.697,1,1
15,0,26,4,N,nb17,1530,-1.576,0.15,1,1
15,0,26,4,N,nb18,1530,-0.554,1.738,2,1
15,0,26,4,N,nb19,1530,1.506,0.931,1,1
15,0,26,4,N,nb20,1530,1.725,0.532,1,1
15,0,26,4,N,nb21,1530,-1.057,1.629,2,0
15,0,26,4,N,nb22,1530,-1.865,0.071,2,1
15,0,26,4,N,nb23,1530,-0.208,-1.47,1,1
15,0,26,4,N,nb24,1530,-0.795,1.688,3,1
15,0,26,4,N,nb25,1530,-1.177,1.422,1,1
15,0,26,4,N,nb26,1530,-1.294,1.701,2,1
15,0,26,4,N,nb27,1530,0.902,0.856,1,1
15,0,26,4,N,nb28,1530,-1.341,1.865,2,1
15,0,26,4,N,nb29,1530,1.746,0.7,2,1
15,0,26,4,A,aa0,1530,-0.984,-0.524,1,0
15,0,26,4,A,aa1,1530,0.558,1.519,0,0
15,0,26,4,A,aa2,1530,1.272,-0.457,0,0
15,0,26,4,A,aa3,1530,-1.466,0.02,4,1
15,0,26,4,N,nb0,1535,1.866,0.82,2,1
15,0,26,4,N,nb1,1535,-1.577,1.866,1,1
15,0,26,4,N,nb2,1535,-0.666,1.865,2,1
15,0,26,4,N,nb3,1535,-1.79,-0.138,0,0
15,0,26,4,N,nb4,1535,-0.448,-1.537,1,1
15,0,26,4,N,nb5,1535,0.233,-1.866,1,1
15,0,26,4,N,nb6,1535,1.865,1.279,1,1
15,0,26,4,N,nb7,1535,-0.825,1.521,1,0
15,0,26,4,N,nb8,1535,-0.562,-0.232,1,1
15,0,26,4,N,nb9,1535,1.865,1.11,2,1
15,0,26,4,N,nb10,1535,-0.328,-0.211,1,1
15,0,26,4,N,nb11,1535,1.741,0.994,3,1
15,0,26,4,N,nb12,1535,0.781,0.974,1,1
15,0,26,4,N,nb13,1535,-1.86,0.27,1,1
15,0,26,4,N,nb14,1535,-1.158,-1.747,0,0
15,0,26,4,N,nb15,1535,-1.386,0.153,1,0
15,0,26,4,N,nb16,1535,0.227,-1.697,1,1
15,0,26,4,N,nb17,1535,-1.6,0.104,1,0
15,0,26,4,N,nb18,1535,-0.554,1.738,2,0
15,0,26,4,N,nb19,1535,1.506,0.931,1,1
15,0,26,4,N,nb20,1535,1.725,0.532,1,1
15,0,26,4,N,nb21,1535,-1.057,1.629,2,1
15,0,26,4,N,nb22,1535,-1.865,0.101,1,0
15,0,26,4,N,nb23,1535,-0.208,-1.47,1,1
15,0,26,4,N,nb24,1535,-0.795,1.688,3,0
15,0,26,4,N,nb25,1535,-1.177,1.422,1,1
15,0,26,4,N,nb26,1535,-1.294,1.701,2,1
15,0,26,4,N,nb27,1535,0.902,0.856,1,1
15,0,26,4,N,nb28,1535,-1.341,1.865,2,1
15,0,26,4,N,nb29,1535,1.746,0.7,2,1
15,0,26,4,A,aa0,1535,-1.079,-0.554,0,0
15,0,26,4,A,aa1,1535,0.545,1.618,0,0
15,0,26,4,A,aa2,1535,1.339,-0.383,0,0
15,0,26,4,A,aa3,1535,-1.457,0.001,0,0
15,0,26,4,N,nb0,1540,1.866,0.82,2,1
15,0,26,4,N,nb1,1540,-1.577,1.866,1,1
15,0,26,4,N,nb2,1540,-0.666,1.865,2,1
15,0,26,4,N,nb3,1540,-1.825,-0.222,0,0
15,0,26,4,N,nb4,1540,-0.448,-1.537,1,1
15,0,26,4,N,nb5,1540,0.233,-1.866,1,1
15,0,26,4,N,nb6,1540,1.865,1.279,1,1
15,0,26,4,N,nb7,1540,-0.825,1.521,1,1
15,0,26,4,N,nb8,1540,-0.562,-0.232,1,1
15,0,26,4,N,nb9,1540,1.865,1.11,2,1
15,0,26,4,N,nb10,1540,-0.328,-0.211,1,1
15,0,26,4,N,nb11,1540,1.741,0.994,3,1
15,0,26,4,N,nb12,1540,0.781,0.974,1,1
15,0,26,4,N,nb13,1540,-1.847,0.306,1,1
15,0,26,4,N,nb14,1540,-1.247,-1.703,0,0
15,0,26,4,N,nb15,1540,-1.366,0.115,0,0
15,0,26,4,N,nb16,1540,0.227,-1.697,1,1
15,0,26,4,N,nb17,1540,-1.65,0.026,1,0
15,0,26,4,N,nb18,1540,-0.554,1.738,2,1
15,0,26,4,N,nb19,1540,1.506,0.931,1,1
15,0,26,4,N,nb20,1540,1.725,0.532,1,1
15,0,26,4,N,nb21,1540,-1.057,1.629,2,1
15,0,26,4,N,nb22,1540,-1.865,0.138,2,0
15,0,26,4,N,nb23,1540,-0.208,-1.47,1,1
15,0,26,4,N,nb24,1540,-0.795,1.688,3,1
15,0,26,4,N,nb25,1540,-1.177,1.422,1,1
15,0,26,4,N,nb26,1540,-1.294,1.701,2,1
15,0,26,4,N,nb27,1540,0.902,0.856,1,1
15,0,26,4,N,nb28,1540,-1.341,1.865,2,1
15,0,26,4,N,nb29,1540,1.746,0.7,2,1
15,0,26,4,A,aa0,1540,-1.174,-0.584,0,0
15,0,26,4,A,aa1,1540,0.533,1.717,0,0
15,0,26,4,A,aa2,1540,1.407,-0.309,0,0
15,0,26,4,A,aa3,1540,-1.433,-0.039,1,0
15,0,26,4,N,nb0,1545,1.866,0.82,2,1
15,0,26,4,N,nb1,1545,-1.577,1.866,1,1
15,0,26,4,N,nb2,1545,-0.666,1.865,2,1
15,0,26,4,N,nb3,1545,-1.848,-0.31,0,0
15,0,26,4,N,nb4,1545,-0.448,-1.537,1,1
15,0,26,4,N,nb5,1545,0.233,-1.866,1,1
15,0,26,4,N,nb6,1545,1.865,1.279,1,1
15,0,26,4,N,nb7,1545,-0.825,1.521,1,1
15,0,26,4,N,nb8,1545,-0.562,-0.232,1,1
15,0,26,4,N,nb9,1545,1.865,1.11,2,1
15,0,26,4,N,nb10,1545,-0.328,-0.211,1,1
15,0,26,4,N,nb11,1545,1.741,0.994,3,1
15,0,26,4,N,nb12,1545,0.781,0.974,1,1
15,0,26,4,N,nb13,1545,-1.842,0.326,1,1
15,0,26,4,N,nb14,1545,-1.337,-1.659,0,0
15,0,26,4,N,nb15,1545,-1.334,0.07,0,0
15,0,26,4,N,nb16,1545,0.227,-1.697,1,1
15,0,26,4,N,nb17,1545,-1.706,-0.051,0,0
15,0,26,4,N,nb18,1545,-0.554,1.738,2,1
15,0,26,4,N,nb19,1545,1.506,0.931,1,1
15,0,26,4,N,nb20,1545,1.725,0.532,1,1
15,0,26,4,N,nb21,1545,-1.057,1.629,2,1
15,0,26,4,N,nb22,1545,-1.865,0.158,1,1
15,0,26,4,N,nb23,1545,-0.208,-1.47,1,1
15,0,26,4,N,nb24,1545,-0.795,1.688,3,1
15,0,26,4,N,nb25,1545,-1.177,1.422,1,1
15,0,26,4,N,nb26,1545,-1.294,1.701,2,0
15,0,26,4,N,nb27,1545,0.902,0.856,1,1
15,0,26,4,N,nb28,1545,-1.341,1.865,2,0
15,0,26,4,N,nb29,1545,1.746,0.7,2,1
15,0,26,4,A,aa0,1545,-1.27,-0.614,0,0
15,0,26,4,A,aa1,1545,0.52,1.81,0,0
15,0,26,4,A,aa2,1545,1.474,-0.235,0,0
15,0,26,4,A,aa3,1545,-1.399,-0.085,1,0
15,0,26,4,N,nb0,1550,1.866,0.82,2,1
15,0,26,4,N,nb1,1550,-1.577,1.866,1,1
15,0,26,4,N,nb2,1550,-0.666,1.865,2,0
15,0,26,4,N,nb3,1550,-1.859,-0.401,0,0
15,0,26,4,N,nb4,1550,-0.448,-1.537,1,1
15,0,26,4,N,nb5,1550,0.233,-1.866,1,1
15,0,26,4,N,nb6,1550,1.865,1.279,1,1
15,0,26,4,N,nb7,1550,-0.825,1.521,1,1
15,0,26,4,N,nb8,1550,-0.562,-0.232,1,1
15,0,26,4,N,nb9,1550,1.865,1.11,2,1
15,0,26,4,N,nb10,1550,-0.328,-0.211,1,1
15,0,26,4,N,nb11,1550,1.741,0.994,3,1
15,0,26,4,N,nb12,1550,0.781,0.974,1,1
15,0,26,4,N,nb13,1550,-1.842,0.326,1,1
15,0,26,4,N,nb14,1550,-1.427,-1.615,0,0
15,0,26,4,N,nb15,1550,-1.292,0.018,0,0
15,0,26,4,N,nb16,1550,0.227,-1.697,1,1
15,0,26,4,N,nb17,1550,-1.758,-0.133,0,0
15,0,26,4,N,nb18,1550,-0.554,1.738,2,1
15,0,26,4,N,nb19,1550,1.506,0.931,1,0
15,0,26,4,N,nb20,1550,1.725,0.532,1,1
15,0,26,4,N,nb21,1550,-1.057,1.629,2,1
15,0,26,4,N,nb22,1550,-1.865,0.158,1,1
15,0,26,4,N,nb23,1550,-0.208,-1.47,1,1
15,0,26,4,N,nb24,1550,-0.795,1.688,3,1
15,0,26,4,N,nb25,1550,-1.177,1.422,1,1
15,0,26,4,N,nb26,1550,-1.294,1.701,2,1
15,0,26,4,N,nb27,1550,0.902,0.856,1,1
15,0,26,4,N,nb28,1550,-1.341,1.865,2,1
15,0,26,4,N,nb29,1550,1.746,0.7,2,1
15,0,26,4,A,aa0,1550,-1.365,-0.644,0,0
15,0,26,4,A,aa1,1550,0.498,1.865,0,0
15,0,26,4,A,aa2,1550,1.541,-0.161,0,0
15,0,26,4,A,aa3,1550,-1.355,-0.138,1,0
15,0,26,4,N,nb0,1555,1.866,0.82,2,1
15,0,26,4,N,nb1,1555,-1.577,1.866,1,1
15,0,26,4,N,nb2,1555,-0.666,1.865,2,1
15,0,26,4,N,nb3,1555,-1.861,-0.493,0,0
15,0,26,4,N,nb4,1555,-0.448,-1.537,1,1
15,0,26,4,N,nb5,1555,0.233,-1.866,1,1
15,0,26,4,N,nb6,1555,1.865,1.279,1,1
15,0,26,4,N,nb7,1555,-0.825,1.521,1,1
15,0,26,4,N,nb8,1555,-0.562,-0.232,1,1
15,0,26,4,N,nb9,1555,1.865,1.11,2,1
15,0,26,4,N,nb10,1555,-0.328,-0.211,1,1
15,0,26,4,N,nb11,1555,1.741,0.994,3,1
15,0,26,4,N,nb12,1555,0.781,0.974,1,1
15,0,26,4,N,nb13,1555,-1.842,0.326,1,1
15,0,26,4,N,nb14,1555,-1.516,-1.571,0,0
15,0,26,4,N,nb15,1555,-1.241,-0.039,0,0
15,0,26,4,N,nb16,1555,0.227,-1.697,1,1
15,0,26,4,N,nb17,1555,-1.804,-0.212,0,0
15,0,26,4,N,nb18,1555,-0.554,1.738,2,1
15,0,26,4,N,nb19,1555,1.506,0.931,1,1
15,0,26,4,N,nb20,1555,1.725,0.532,1,1
15,0,26,4,N,nb21,1555,-1.057,1.629,2,1
15,0,26,4,N,nb22,1555,-1.865,0.158,1,1
15,0,26,4,N,nb23,1555,-0.208,-1.47,1,1
15,0,26,4,N,nb24,1555,-0.795,1.688,3,1
15,0,26,4,N,nb25,1555,-1.177,1.422,1,1
15,0,26,4,N,nb26,1555,-1.294,1.701,2,1
15,0,26,4,N,nb27,1555,0.902,0.856,1,1
15,0,26,4,N,nb28,1555,-1.341,1.865,2,1
15,0,26,4,N,nb29,1555,1.746,0.7,2,1
15,0,26,4,A,aa0,1555,-1.46,-0.674,0,0
15,0,26,4,A,aa1,1555,0.463,1.865,0,0
15,0,26,4,A,aa2,1555,1.543,-0.158,0,0
15,0,26,4,A,aa3,1555,-1.302,-0.195,0,0
15,0,26,4,N,nb0,1560,1.866,0.82,2,1
15,0,26,4,N,nb1,1560,-1.577,1.866,1,1
15,0,26,4,N,nb2,1560,-0.666,1.865,2,1
15,0,26,4,N,nb3,1560,-1.852,-0.585,0,0
15,0,26,4,N,nb4,1560,-0.448,-1.537,1,1
15,0,26,4,N,nb5,1560,0.233,-1.866,1,1
15,0,26,4,N,nb6,1560,1.865,1.279,1,1
15,0,26,4,N,nb7,1560,-0.825,1.521,1,1
15,0,26,4,N,nb8,1560,-0.562,-0.232,1,1
15,0,26,4,N,nb9,1560,1.865,1.11,2,1
15,0,26,4,N,nb10,1560,-0.328,-0.211,1,1
15,0,26,4,N,nb11,1560,1.741,0.994,3,1
15,0,26,4,N,nb12,1560,0.781,0.974,1,1
15,0,26,4,N,nb13,1560,-1.842,0.326,1,1
15,0,26,4,N,nb14,1560,-1.606,-1.526,0,0
15,0,26,4,N,nb15,1560,-1.183,-0.099,0,0
15,0,26,4,N,nb16,1560,0.227,-1.697,1,1
15,0,26,4,N,nb17,1560,-1.838,-0.296,0,0
15,0,26,4,N,nb18,1560,-0.554,1.738,2,1
15,0,26,4,N,nb19,1560,1.506,0.931,1,1
15,0,26,4,N,nb20,1560,1.725,0.532,1,1
15,0,26,4,N,nb21,1560,-1.057,1.629,2,1
15,0,26,4,N,nb22,1560,-1.865,0.158,1,1
15,0,26,4,N,nb23,1560,-0.208,-1.47,1,1
15,0,26,4,N,nb24,1560,-0.795,1.688,3,1
15,0,26,4,N,nb25,1560,-1.177,1.422,1,1
15,0,26,4,N,nb26,1560,-1.294,1.701,2,1
15,0,26,4,N,nb27,1560,0.902,0.856,1,1
15,0,26,4,N,nb28,1560,-1.341,1.865,2,1
15,0,26,4,N,nb29,1560,1.746,0.7,2,1
15,0,26,4,A,aa0,1560,-1.464,-0.675,0,0
15,0,26,4,A,aa1,1560,0.414,1.865,0,0
15,0,26,4,A,aa2,1560,1.529,-0.124,0,0
15,0,26,4,A,aa3,1560,-1.242,-0.257,0,0
15,0,26,4,N,nb0,1565,1.866,0.82,2,1
15,0,26,4,N,nb1,1565,-1.577,1.866,1,1
15,0,26,4,N,nb2,1565,-0.666,1.865,2,1
15,0,26,4,N,nb3,1565,-1.833,-0.676,0,0
15,0,26,4,N,nb4,1565,-0.448,-1.537,1,1
15,0,26,4,N,nb5,1565,0.233,-1.866,1,1
15,0,26,4,N,nb6,1565,1.865,1.279,1,1
15,0,26,4,N,nb7,1565,-0.825,1.521,1,1
15,0,26,4,N,nb8,1565,-0.562,-0.232,1,1
15,0,26,4,N,nb9,1565,1.865,1.11,2,1
15,0,26,4,N,nb10,1565,-0.328,-0.211,1,1
15,0,26,4,N,nb11,1565,1.741,0.994,3,1
15,0,26,4,N,nb12,1565,0.781,0.974,1,1
15,0,26,4,N,nb13,1565,-1.842,0.326,1,1
15,0,26,4,N,nb14,1565,-1.696,-1.482,0,0
15,0,26,4,N,nb15,1565,-1.12,-0.162,0,0
15,0,26,4,N,nb16,1565,0.227,-1.697,1,1
15,0,26,4,N,nb17,1565,-1.861,-0.384,0,0
15,0,26,4,N,nb18,1565,-0.554,1.738,2,1
15,0,26,4,N,nb19,1565,1.506,0.931,1,1
15,0,26,4,N,nb20,1565,1.725,0.532,1,1
15,0,26,4,N,nb21,1565,-1.057,1.629,2,1
15,0,26,4,N,nb22,1565,-1.865,0.158,1,1
15,0,26,4,N,nb23,1565,-0.208,-1.47,1,1
15,0,26,4,N,nb24,1565,-0.795,1.688,3,1
15,0,26,4,N,nb25,1565,-1.177,1.422,1,0
15,0,26,4,N,nb26,1565,-1.294,1.701,2,1
15,0,26,4,N,nb27,1565,0.902,0.856,1,0
15,0,26,4,N,nb28,1565,-1.341,1.865,2,1
15,0,26,4,N,nb29,1565,1.746,0.7,2,1
15,0,26,4,A,aa0,1565,-1.514,-0.757,0,0
15,0,26,4,A,aa1,1565,0.353,1.865,0,0
15,0,26,4,A,aa2,1565,1.49,-0.033,0,0
15,0,26,4,A,aa3,1565,-1.178,-0.32,0,0
15,0,26,4,N,nb0,1570,1.866,0.82,2,1
15,0,26,4,N,nb1,1570,-1.577,1.866,1,1
15,0,26,4,N,nb2,1570,-0.666,1.865,2,1
15,0,26,4,N,nb3,1570,-1.806,-0.765,0,0
15,0,26,4,N,nb4,1570,-0.448,-1.537,1,1
15,0,26,4,N,nb5,1570,0.233,-1.866,1,1
15,0,26,4,N,nb6,1570,1.865,1.279,1,1
15,0,26,4,N,nb7,1570,-0.825,1.521,1,1
15,0,26,4,N,nb8,1570,-0.562,-0.232,1,1
15,0,26,4,N,nb9,1570,1.865,1.11,2,1
15,0,26,4,N,nb10,1570,-0.328,-0.211,1,1
15,0,26,4,N,nb11,1570,1.741,0.994,3,1
15,0,26,4,N,nb12,1570,0.781,0.974,1,1
15,0,26,4,N,nb13,1570,-1.842,0.326,1,1
15,0,26,4,N,nb14,1570,-1.783,-1.439,0,0
15,0,26,4,N,nb15,1570,-1.05,-0.219,0,0
15,0,26,4,N,nb16,1570,0.227,-1.697,1,1
15,0,26,4,N,nb17,1570,-1.865,-0.474,0,0
15,0,26,4,N,nb18,1570,-0.554,1.738,2,1
15,0,26,4,N,nb19,1570,1.506,0.931,1,1
15,0,26,4,N,nb20,1570,1.725,0.532,1,1
15,0,26,4,N,nb21,1570,-1.057,1.629,2,1
15,0,26,4,N,nb22,1570,-1.865,0.158,1,1
15,0,26,4,N,nb23,1570,-0.208,-1.47,1,1
15,0,26,4,N,nb24,1570,-0.795,1.688,3,1
15,0,26,4,N,nb25,1570,-1.177,1.422,1,1
15,0,26,4,N,nb26,1570,-1.294,1.701,2,1
15,0,26,4,N,nb27,1570,0.902,0.856,1,1
15,0,26,4,N,nb28,1570,-1.341,1.865,2,1
15,0,26,4,N,nb29,1570,1.746,0.7,2,1
15,0,26,4,A,aa0,1570,-1.567,-0.842,0,0
15,0,26,4,A,aa1,1570,0.281,1.865,0,0
15,0,26,4,A,aa2,1570,1.45,0.059,1,0
15,0,26,4,A,aa3,1570,-1.106,-0.378,1,0
15,0,26,4,N,nb0,1575,1.866,0.82,2,1
15,0,26,4,N,nb1,1575,-1.577,1.866,1,1
15,0,26,4,N,nb2,1575,-0.666,1.865,2,1
15,0,26,4,N,nb3,1575,-1.772,-0.849,0,0
15,0,26,4,N,nb4,1575,-0.448,-1.537,1,1
15,0,26,4,N,nb5,1575,0.233,-1.866,1,1
15,0,26,4,N,nb6,1575,1.865,1.279,1,1
15,0,26,4,N,nb7,1575,-0.825,1.521,1,1
15,0,26,4,N,nb8,1575,-0.562,-0.232,1,1
15,0,26,4,N,nb9,1575,1.865,1.11,2,1
15,0,26,4,N,nb10,1575,-0.328,-0.211,1,1
15,0,26,4,N,nb11,1575,1.741,0.994,3,1
15,0,26,4,N,nb12,1575,0.781,0.974,1,1
15,0,26,4,N,nb13,1575,-1.842,0.326,1,1
15,0,26,4,N,nb14,1575,-1.857,-1.393,0,0
15,0,26,4,N,nb15,1575,-0.972,-0.266,0,0
15,0,26,4,N,nb16,1575,0.227,-1.697,1,1
15,0,26,4,N,nb17,1575,-1.864,-0.566,0,0
15,0,26,4,N,nb18,1575,-0.554,1.738,2,1
15,0,26,4,N,nb19,1575,1.506,0.931,1,1
15,0,26,4,N,nb20,1575,1.725,0.532,1,1
15,0,26,4,N,nb21,1575,-1.057,1.629,2,1
15,0,26,4,N,nb22,1575,-1.865,0.158,1,1
15,0,26,4,N,nb23,1575,-0.208,-1.47,1,1
15,0,26,4,N,nb24,1575,-0.795,1.688,3,1
15,0,26,4,N,nb25,1575,-1.177,1.422,1,1
15,0,26,4,N,nb26,1575,-1.294,1.701,2,1
15,0,26,4,N,nb27,1575,0.902,0.856,1,1
15,0,26,4,N,nb28,1575,-1.341,1.865,2,1
15,0,26,4,N,nb29,1575,1.746,0.7,2,1
15,0,26,4,A,aa0,1575,-1.611,-0.922,0,0
15,0,26,4,A,aa1,1575,0.248,1.865,0,0
15,0,26,4,A,aa2,1575,1.411,0.151,1,0
15,0,26,4,A,aa3,1575,-1.026,-0.426,1,0
15,0,26,4,N,nb0,1580,1.866,0.82,2,1
15,0,26,4,N,nb1,1580,-1.577,1.866,1,0
15,0,26,4,N,nb2,1580,-0.666,1.865,2,1
15,0,26,4,N,nb3,1580,-1.77,-0.932,0,0
15,0,26,4,N,nb4,1580,-0.448,-1.537,1,1
15,0,26,4,N,nb5,1580,0.233,-1.866,1,1
15,0,26,4,N,nb6,1580,1.865,1.279,1,1
15,0,26,4,N,nb7,1580,-0.825,1.521,1,1
15,0,26,4,N,nb8,1580,-0.562,-0.232,1,1
15,0,26,4,N,nb9,1580,1.865,1.11,2,1
15,0,26,4,N,nb10,1580,-0.328,-0.211,1,1
15,0,26,4,N,nb11,1580,1.741,0.994,3,1
15,0,26,4,N,nb12,1580,0.781,0.974,1,1
15,0,26,4,N,nb13,1580,-1.842,0.326,1,1
15,0,26,4,N,nb14,1580,-1.865,-1.337,0,0
15,0,26,4,N,nb15,1580,-0.888,-0.304,0,0
15,0,26,4,N,nb16,1580,0.227,-1.697,1,1
15,0,26,4,N,nb17,1580,-1.855,-0.658,0,0
15,0,26,4,N,nb18,1580,-0.554,1.738,2,1
15,0,26,4,N,nb19,1580,1.506,0.931,1,1
15,0,26,4,N,nb20,1580,1.725,0.532,1,1
15,0,26,4,N,nb21,1580,-1.057,1.629,2,1
15,0,26,4,N,nb22,1580,-1.865,0.158,1,1
15,0,26,4,N,nb23,1580,-0.208,-1.47,1,1
15,0,26,4,N,nb24,1580,-0.795,1.688,3,1
15,0,26,4,N,nb25,1580,-1.177,1.422,1,1
15,0,26,4,N,nb26,1580,-1.294,1.701,2,1
15,0,26,4,N,nb27,1580,0.902,0.856,1,1
15,0,26,4,N,nb28,1580,-1.341,1.865,2,1
15,0,26,4,N,nb29,1580,1.746,0.7,2,1
15,0,26,4,A,aa0,1580,-1.62,-1.009,0,0
15,0,26,4,A,aa1,1580,0.158,1.86,0,0
15,0,26,4,A,aa2,1580,1.371,0.243,1,0
15,0,26,4,A,aa3,1580,-0.947,-0.475,1,0
15,0,26,4,N,nb0,1585,1.866,0.82,2,1
15,0,26,4,N,nb1,1585,-1.577,1.866,1,1
15,0,26,4,N,nb2,1585,-0.666,1.865,2,1
15,0,26,4,N,nb3,1585,-1.773,-1.018,0,0
15,0,26,4,N,nb4,1585,-0.448,-1.537,1,1
15,0,26,4,N,nb5,1585,0.233,-1.866,1,1
15,0,26,4,N,nb6,1585,1.865,1.279,1,1
15,0,26,4,N,nb7,1585,-0.825,1.521,1,1
15,0,26,4,N,nb8,1585,-0.562,-0.232,1,1
15,0,26,4,N,nb9,1585,1.865,1.11,2,1
15,0,26,4,N,nb10,1585,-0.328,-0.211,1,1
15,0,26,4,N,nb11,1585,1.741,0.994,3,1
15,0,26,4,N,nb12,1585,0.781,0.974,1,1
15,0,26,4,N,nb13,1585,-1.842,0.326,1,1
15,0,26,4,N,nb14,1585,-1.865,-1.271,0,0
15,0,26,4,N,nb15,1585,-0.8,-0.332,0,0
15,0,26,4,N,nb16,1585,0.227,-1.697,1,1
15,0,26,4,N,nb17,1585,-1.836,-0.749,0,0
15,0,26,4,N,nb18,1585,-0.554,1.738,2,1
15,0,26,4,N,nb19,1585,1.506,0.931,1,1
15,0,26,4,N,nb20,1585,1.725,0.532,1,1
15,0,26,4,N,nb21,1585,-1.057,1.629,2,1
15,0,26,4,N,nb22,1585,-1.865,0.158,1,1
15,0,26,4,N,nb23,1585,-0.208,-1.47,1,1
15,0,26,4,N,nb24,1585,-0.795,1.688,3,1
15,0,26,4,N,nb25,1585,-1.177,1.422,1,1
15,0,26,4,N,nb26,1585,-1.294,1.701,2,1
15,0,26,4,N,nb27,1585,0.902,0.856,1,1
15,0,26,4,N,nb28,1585,-1.341,1.865,2,1
15,0,26,4,N,nb29,1585,1.746,0.7,2,1
15,0,26,4,A,aa0,1585,-1.625,-1.101,0,0
15,0,26,4,A,aa1,1585,0.067,1.845,0,0
15,0,26,4,A,aa2,1585,1.332,0.335,2,0
15,0,26,4,A,aa3,1585,-0.872,-0.531,1,0
15,0,26,4,N,nb0,1590,1.866,0.82,2,1
15,0,26,4,N,nb1,1590,-1.577,1.866,1,1
15,0,26,4,N,nb2,1590,-0.666,1.865,2,1
15,0,26,4,N,nb3,1590,-1.774,-1.039,2,1
15,0,26,4,N,nb4,1590,-0.448,-1.537,1,1
15,0,26,4,N,nb5,1590,0.233,-1.866,1,1
15,0,26,4,N,nb6,1590,1.865,1.279,1,1
15,0,26,4,N,nb7,1590,-0.825,1.521,1,1
15,0,26,4,N,nb8,1590,-0.562,-0.232,2,1
15,0,26,4,N,nb9,1590,1.865,1.11,2,1
15,0,26,4,N,nb10,1590,-0.328,-0.211,1,1
15,0,26,4,N,nb11,1590,1.741,0.994,3,1
15,0,26,4,N,nb12,1590,0.781,0.974,1,0
15,0,26,4,N,nb13,1590,-1.842,0.326,1,0
15,0,26,4,N,nb14,1590,-1.865,-1.255,1,1
15,0,26,4,N,nb15,1590,-0.78,-0.337,1,1
15,0,26,4,N,nb16,1590,0.227,-1.697,1,1
15,0,26,4,N,nb17,1590,-1.819,-0.806,1,1
15,0,26,4,N,nb18,1590,-0.554,1.738,2,1
15,0,26,4,N,nb19,1590,1.521,0.93,1,0
15,0,26,4,N,nb20,1590,1.718,0.531,1,0
15,0,26,4,N,nb21,1590,-1.057,1.629,2,1
15,0,26,4,N,nb22,1590,-1.865,0.158,1,1
15,0,26,4,N,nb23,1590,-0.208,-1.47,1,1
15,0,26,4,N,nb24,1590,-0.795,1.688,3,1
15,0,26,4,N,nb25,1590,-1.177,1.422,1,1
15,0,26,4,N,nb26,1590,-1.294,1.701,2,1
15,0,26,4,N,nb27,1590,0.902,0.856,1,0
15,0,26,4,N,nb28,1590,-1.341,1.865,2,1
15,0,26,4,N,nb29,1590,1.748,0.698,2,0
15,0,26,4,A,aa0,1590,-1.64,-1.193,2,0
15,0,26,4,A,aa1,1590,0.009,1.831,1,0
15,0,26,4,A,aa2,1590,1.292,0.427,1,0
15,0,26,4,A,aa3,1590,-0.802,-0.595,2,0
15,0,26,4,N,nb0,1595,1.866,0.82,2,1
15,0,26,4,N,nb1,1595,-1.577,1.866,1,1
15,0,26,4,N,nb2,1595,-0.666,1.865,2,1
15,0,26,4,N,nb3,1595,-1.774,-1.039,2,1
15,0,26,4,N,nb4,1595,-0.448,-1.537,1,1
15,0,26,4,N,nb5,1595,0.233,-1.866,1,1
15,0,26,4,N,nb6,1595,1.865,1.279,1,1
15,0,26,4,N,nb7,1595,-0.825,1.521,1,1
15,0,26,4,N,nb8,1595,-0.562,-0.232,2,1
15,0,26,4,N,nb9,1595,1.865,1.11,2,1
15,0,26,4,N,nb10,1595,-0.328,-0.211,1,1
15,0,26,4,N,nb11,1595,1.741,0.994,3,1
15,0,26,4,N,nb12,1595,0.781,0.974,1,1
15,0,26,4,N,nb13,1595,-1.842,0.326,1,1
15,0,26,4,N,nb14,1595,-1.865,-1.255,1,1
15,0,26,4,N,nb15,1595,-0.78,-0.337,1,1
15,0,26,4,N,nb16,1595,0.227,-1.697,1,1
15,0,26,4,N,nb17,1595,-1.819,-0.806,1,1
15,0,26,4,N,nb18,1595,-0.554,1.738,2,1
15,0,26,4,N,nb19,1595,1.593,0.912,1,0
15,0,26,4,N,nb20,1595,1.653,0.556,1,0
15,0,26,4,N,nb21,1595,-1.057,1.629,2,1
15,0,26,4,N,nb22,1595,-1.865,0.158,1,1
15,0,26,4,N,nb23,1595,-0.208,-1.47,1,1
15,0,26,4,N,nb24,1595,-0.795,1.688,3,1
15,0,26,4,N,nb25,1595,-1.177,1.422,1,1
15,0,26,4,N,nb26,1595,-1.294,1.701,2,1
15,0,26,4,N,nb27,1595,0.899,0.853,1,0
15,0,26,4,N,nb28,1595,-1.341,1.865,2,1
15,0,26,4,N,nb29,1595,1.759,0.688,2,0
15,0,26,4,A,aa0,1595,-1.649,-1.286,2,0
15,0,26,4,A,aa1,1595,0.002,1.816,1,0
15,0,26,4,A,aa2,1595,1.253,0.519,0,0
15,0,26,4,A,aa3,1595,-0.732,-0.665,2,0
15,0,26,4,N,nb0,1600,1.866,0.82,2,1
15,0,26,4,N,nb1,1600,-1.577,1.866,1,1
15,0,26,4,N,nb2,1600,-0.666,1.865,2,1
15,0,26,4,N,nb3,1600,-1.774,-1.039,2,1
15,0,26,4,N,nb4,1600,-0.448,-1.537,1,1
15,0,26,4,N,nb5,1600,0.233,-1.866,1,1
15,0,26,4,N,nb6,1600,1.865,1.279,1,1
15,0,26,4,N,nb7,1600,-0.825,1.521,1,1
15,0,26,4,N,nb8,1600,-0.562,-0.232,2,0
15,0,26,4,N,nb9,1600,1.865,1.11,2,1
15,0,26,4,N,nb10,1600,-0.328,-0.211,1,0
15,0,26,4,N,nb11,1600,1.741,0.994,3,1
15,0,26,4,N,nb12,1600,0.781,0.974,1,1
15,0,26,4,N,nb13,1600,-1.842,0.326,1,1
15,0,26,4,N,nb14,1600,-1.865,-1.255,1,1
15,0,26,4,N,nb15,1600,-0.78,-0.337,1,1
15,0,26,4,N,nb16,1600,0.227,-1.697,1,1
15,0,26,4,N,nb17,1600,-1.819,-0.806,1,1
15,0,26,4,N,nb18,1600,-0.554,1.738,2,1
15,0,26,4,N,nb19,1600,1.616,0.879,1,1
15,0,26,4,N,nb20,1600,1.586,0.597,1,1
15,0,26,4,N,nb21,1600,-1.057,1.629,2,1
15,0,26,4,N,nb22,1600,-1.865,0.158,1,1
15,0,26,4,N,nb23,1600,-0.208,-1.47,1,1
15,0,26,4,N,nb24,1600,-0.795,1.688,3,1
15,0,26,4,N,nb25,1600,-1.177,1.422,1,1
15,0,26,4,N,nb26,1600,-1.294,1.701,2,1
15,0,26,4,N,nb27,1600,0.876,0.834,1,1
15,0,26,4,N,nb28,1600,-1.341,1.865,2,1
15,0,26,4,N,nb29,1600,1.814,0.658,2,1
15,0,26,4,A,aa0,1600,-1.65,-1.38,2,0
15,0,26,4,A,aa1,1600,-0.038,1.726,1,0
15,0,26,4,A,aa2,1600,1.213,0.611,0,0
15,0,26,4,A,aa3,1600,-0.663,-0.737,2,0
15,0,26,4,N,nb0,1605,1.866,0.82,3,1
15,0,26,4,N,nb1,1605,-1.577,1.866,1,1
15,0,26,4,N,nb2,1605,-0.666,1.865,2,1
15,0,26,4,N,nb3,1605,-1.774,-1.039,2,1
15,0,26,4,N,nb4,1605,-0.448,-1.537,1,1
15,0,26,4,N,nb5,1605,0.233,-1.866,1,1
15,0,26,4,N,nb6,1605,1.865,1.279,1,0
15,0,26,4,N,nb7,1605,-0.825,1.521,1,1
15,0,26,4,N,nb8,1605,-0.562,-0.232,2,1
15,0,26,4,N,nb9,1605,1.865,1.11,2,1
15,0,26,4,N,nb10,1605,-0.328,-0.211,1,1
15,0,26,4,N,nb11,1605,1.741,0.994,3,0
15,0,26,4,N,nb12,1605,0.781,0.974,1,1
15,0,26,4,N,nb13,1605,-1.842,0.326,1,1
15,0,26,4,N,nb14,1605,-1.865,-1.255,1,1
15,0,26,4,N,nb15,1605,-0.78,-0.337,1,1
15,0,26,4,N,nb16,1605,0.227,-1.697,1,1
15,0,26,4,N,nb17,1605,-1.819,-0.806,1,1
15,0,26,4,N,nb18,1605,-0.554,1.738,2,1
15,0,26,4,N,nb19,1605,1.624,0.872,2,0
15,0,26,4,N,nb20,1605,1.572,0.605,1,0
15,0,26,4,N,nb21,1605,-1.057,1.629,2,1
15,0,26,4,N,nb22,1605,-1.865,0.158,1,1
15,0,26,4,N,nb23,1605,-0.208,-1.47,1,1
15,0,26,4,N,nb24,1605,-0.795,1.688,3,1
15,0,26,4,N,nb25,1605,-1.177,1.422,1,1
15,0,26,4,N,nb26,1605,-1.294,1.701,2,1
15,0,26,4,N,nb27,1605,0.869,0.829,1,0
15,0,26,4,N,nb28,1605,-1.341,1.865,2,1
15,0,26,4,N,nb29,1605,1.814,0.658,2,1
15,0,26,4,A,aa0,1605,-1.643,-1.478,2,0
15,0,26,4,A,aa1,1605,-0.077,1.634,1,0
15,0,26,4,A,aa2,1605,1.174,0.703,0,0
15,0,26,4,A,aa3,1605,-0.593,-0.808,2,0
15,0,26,4,N,nb0,1610,1.866,0.82,3,1
15,0,26,4,N,nb1,1610,-1.577,1.866,1,1
15,0,26,4,N,nb2,1610,-0.666,1.865,2,1
15,0,26,4,N,nb3,1610,-1.774,-1.039,2,1
15,0,26,4,N,nb4,1610,-0.448,-1.537,1,1
15,0,26,4,N,nb5,1610,0.233,-1.866,1,1
15,0,26,4,N,nb6,1610,1.865,1.279,1,1
15,0,26,4,N,nb7,1610,-0.825,1.521,1,1
15,0,26,4,N,nb8,1610,-0.562,-0.232,2,1
15,0,26,4,N,nb9,1610,1.865,1.11,2,0
15,0,26,4,N,nb10,1610,-0.328,-0.211,1,1
15,0,26,4,N,nb11,1610,1.741,0.994,3,1
15,0,26,4,N,nb12,1610,0.781,0.974,1,1
15,0,26,4,N,nb13,1610,-1.842,0.326,1,1
15,0,26,4,N,nb14,1610,-1.865,-1.255,1,1
15,0,26,4,N,nb15,1610,-0.78,-0.337,1,1
15,0,26,4,N,nb16,1610,0.227,-1.697,1,1
15,0,26,4,N,nb17,1610,-1.819,-0.806,1,1
15,0,26,4,N,nb18,1610,-0.554,1.738,2,1
15,0,26,4,N,nb19,1610,1.695,0.823,3,0
15,0,26,4,N,nb20,1610,1.489,0.649,0,0
15,0,26,4,N,nb21,1610,-1.057,1.629,2,1
15,0,26,4,N,nb22,1610,-1.865,0.158,1,1
15,0,26,4,N,nb23,1610,-0.208,-1.47,1,1
15,0,26,4,N,nb24,1610,-0.795,1.688,3,1
15,0,26,4,N,nb25,1610,-1.177,1.422,1,1
15,0,26,4,N,nb26,1610,-1.294,1.701,2,1
15,0,26,4,N,nb27,1610,0.798,0.805,1,0
15,0,26,4,N,nb28,1610,-1.341,1.865,2,1
15,0,26,4,N,nb29,1610,1.814,0.658,2,1
15,0,26,4,A,aa0,1610,-1.635,-1.577,2,0
15,0,26,4,A,aa1,1610,-0.117,1.543,1,0
15,0,26,4,A,aa2,1610,1.135,0.794,1,0
15,0,26,4,A,aa3,1610,-0.523,-0.88,0,0
15,0,26,4,N,nb0,1615,1.866,0.82,3,1
15,0,26,4,N,nb1,1615,-1.577,1.866,1,1
15,0,26,4,N,nb2,1615,-0.666,1.865,2,1
15,0,26,4,N,nb3,1615,-1.774,-1.039,2,1
15,0,26,4,N,nb4,1615,-0.448,-1.537,1,1
15,0,26,4,N,nb5,1615,0.233,-1.866,1,1
15,0,26,4,N,nb6,1615,1.865,1.279,1,1
15,0,26,4,N,nb7,1615,-0.825,1.521,1,1
15,0,26,4,N,nb8,1615,-0.562,-0.232,2,1
15,0,26,4,N,nb9,1615,1.865,1.11,2,1
15,0,26,4,N,nb10,1615,-0.328,-0.211,1,1
15,0,26,4,N,nb11,1615,1.741,0.994,3,1
15,0,26,4,N,nb12,1615,0.781,0.974,1,1
15,0,26,4,N,nb13,1615,-1.842,0.326,1,1
15,0,26,4,N,nb14,1615,-1.865,-1.255,1,1
15,0,26,4,N,nb15,1615,-0.78,-0.337,1,1
15,0,26,4,N,nb16,1615,0.227,-1.697,1,1
15,0,26,4,N,nb17,1615,-1.819,-0.806,1,1
15,0,26,4,N,nb18,1615,-0.554,1.738,2,1
15,0,26,4,N,nb19,1615,1.697,0.805,3,1
15,0,26,4,N,nb20,1615,1.398,0.689,0,0
15,0,26,4,N,nb21,1615,-1.057,1.629,2,1
15,0,26,4,N,nb22,1615,-1.865,0.158,1,1
15,0,26,4,N,nb23,1615,-0.208,-1.47,1,1
15,0,26,4,N,nb24,1615,-0.795,1.688,3,1
15,0,26,4,N,nb25,1615,-1.177,1.422,1,1
15,0,26,4,N,nb26,1615,-1.294,1.701,2,1
15,0,26,4,N,nb27,1615,0.722,0.789,1,1
15,0,26,4,N,nb28,1615,-1.341,1.865,2,1
15,0,26,4,N,nb29,1615,1.814,0.658,2,1
15,0,26,4,A,aa0,1615,-1.628,-1.677,1,0
15,0,26,4,A,aa1,1615,-0.157,1.451,1,0
15,0,26,4,A,aa2,1615,1.095,0.886,1,0
15,0,26,4,A,aa3,1615,-0.453,-0.951,2,0
15,0,26,4,N,nb0,1620,1.866,0.82,3,1
15,0,26,4,N,nb1,1620,-1.577,1.866,1,1
15,0,26,4,N,nb2,1620,-0.666,1.865,2,1
15,0,26,4,N,nb3,1620,-1.774,-1.039,2,1
15,0,26,4,N,nb4,1620,-0.448,-1.537,1,1
15,0,26,4,N,nb5,1620,0.233,-1.866,1,1
15,0,26,4,N,nb6,1620,1.865,1.279,1,1
15,0,26,4,N,nb7,1620,-0.825,1.521,1,1
15,0,26,4,N,nb8,1620,-0.562,-0.232,2,1
15,0,26,4,N,nb9,1620,1.865,1.11,2,1
15,0,26,4,N,nb10,1620,-0.328,-0.211,1,1
15,0,26,4,N,nb11,1620,1.741,0.994,3,1
15,0,26,4,N,nb12,1620,0.781,0.974,1,1
15,0,26,4,N,nb13,1620,-1.842,0.326,1,1
15,0,26,4,N,nb14,1620,-1.865,-1.255,1,1
15,0,26,4,N,nb15,1620,-0.78,-0.337,1,1
15,0,26,4,N,nb16,1620,0.227,-1.697,1,1
15,0,26,4,N,nb17,1620,-1.819,-0.806,1,1
15,0,26,4,N,nb18,1620,-0.554,1.738,2,1
15,0,26,4,N,nb19,1620,1.697,0.805,3,1
15,0,26,4,N,nb20,1620,1.307,0.73,0,0
15,0,26,4,N,nb21,1620,-1.057,1.629,2,1
15,0,26,4,N,nb22,1620,-1.865,0.158,1,1
15,0,26,4,N,nb23,1620,-0.208,-1.47,1,1
15,0,26,4,N,nb24,1620,-0.795,1.688,3,1
15,0,26,4,N,nb25,1620,-1.177,1.422,1,1
15,0,26,4,N,nb26,1620,-1.294,1.701,2,1
15,0,26,4,N,nb27,1620,0.722,0.789,1,1
15,0,26,4,N,nb28,1620,-1.341,1.865,2,1
15,0,26,4,N,nb29,1620,1.814,0.658,2,1
15,0,26,4,A,aa0,1620,-1.62,-1.777,1,0
15,0,26,4,A,aa1,1620,-0.196,1.359,1,0
15,0,26,4,A,aa2,1620,1.056,0.978,2,0
15,0,26,4,A,aa3,1620,-0.383,-1.023,2,0
15,0,26,4,N,nb0,1625,1.866,0.82,3,1
15,0,26,4,N,nb1,1625,-1.577,1.866,1,1
15,0,26,4,N,nb2,1625,-0.666,1.865,2,1
15,0,26,4,N,nb3,1625,-1.774,-1.039,2,1
15,0,26,4,N,nb4,1625,-0.448,-1.537,1,1
15,0,26,4,N,nb5,1625,0.233,-1.866,1,1
15,0,26,4,N,nb6,1625,1.865,1.279,1,1
15,0,26,4,N,nb7,1625,-0.825,1.521,1,1
15,0,26,4,N,nb8,1625,-0.562,-0.232,2,1
15,0,26,4,N,nb9,1625,1.865,1.11,2,1
15,0,26,4,N,nb10,1625,-0.328,-0.211,1,1
15,0,26,4,N,nb11,1625,1.741,0.994,3,1
15,0,26,4,N,nb12,1625,0.781,0.974,1,1
15,0,26,4,N,nb13,1625,-1.842,0.326,1,1
15,0,26,4,N,nb14,1625,-1.865,-1.255,1,1
15,0,26,4,N,nb15,1625,-0.78,-0.337,1,1
15,0,26,4,N,nb16,1625,0.227,-1.697,1,1
15,0,26,4,N,nb17,1625,-1.819,-0.806,1,1
15,0,26,4,N,nb18,1625,-0.554,1.738,2,1
15,0,26,4,N,nb19,1625,1.697,0.805,3,1
15,0,26,4,N,nb20,1625,1.215,0.771,0,0
15,0,26,4,N,nb21,1625,-1.057,1.629,2,1
15,0,26,4,N,nb22,1625,-1.865,0.158,1,1
15,0,26,4,N,nb23,1625,-0.208,-1.47,1,1
15,0,26,4,N,nb24,1625,-0.795,1.688,3,1
15,0,26,4,N,nb25,1625,-1.177,1.422,1,1
15,0,26,4,N,nb26,1625,-1.294,1.701,2,1
15,0,26,4,N,nb27,1625,0.722,0.789,1,1
15,0,26,4,N,nb28,1625,-1.341,1.865,2,1
15,0,26,4,N,nb29,1625,1.814,0.658,2,1
15,0,26,4,A,aa0,1625,-1.607,-1.861,0,0
15,0,26,4,A,aa1,1625,-0.236,1.267,1,0
15,0,26,4,A,aa2,1625,1.033,1.033,2,0
15,0,26,4,A,aa3,1625,-0.313,-1.094,2,0
15,0,26,4,N,nb0,1630,1.866,0.82,3,1
15,0,26,4,N,nb1,1630,-1.577,1.866,1,1
15,0,26,4,N,nb2,1630,-0.666,1.865,2,1
15,0,26,4,N,nb3,1630,-1.774,-1.039,2,1
15,0,26,4,N,nb4,1630,-0.448,-1.537,1,1
15,0,26,4,N,nb5,1630,0.233,-1.866,1,1
15,0,26,4,N,nb6,1630,1.865,1.279,1,1
15,0,26,4,N,nb7,1630,-0.825,1.521,1,1
15,0,26,4,N,nb8,1630,-0.562,-0.232,2,1
15,0,26,4,N,nb9,1630,1.865,1.11,2,1
15,0,26,4,N,nb10,1630,-0.328,-0.211,1,1
15,0,26,4,N,nb11,1630,1.741,0.994,3,1
15,0,26,4,N,nb12,1630,0.781,0.974,1,1
15,0,26,4,N,nb13,1630,-1.842,0.326,1,1
15,0,26,4,N,nb14,1630,-1.865,-1.255,1,1
15,0,26,4,N,nb15,1630,-0.78,-0.337,1,1
15,0,26,4,N,nb16,1630,0.227,-1.697,1,1
15,0,26,4,N,nb17,1630,-1.819,-0.806,1,1
15,0,26,4,N,nb18,1630,-0.554,1.738,2,1
15,0,26,4,N,nb19,1630,1.697,0.805,3,1
15,0,26,4,N,nb20,1630,1.128,0.809,0,0
15,0,26,4,N,nb21,1630,-1.057,1.629,2,1
15,0,26,4,N,nb22,1630,-1.865,0.158,1,1
15,0,26,4,N,nb23,1630,-0.208,-1.47,1,1
15,0,26,4,N,nb24,1630,-0.795,1.688,3,1
15,0,26,4,N,nb25,1630,-1.177,1.422,1,1
15,0,26,4,N,nb26,1630,-1.294,1.701,2,1
15,0,26,4,N,nb27,1630,0.722,0.789,1,1
15,0,26,4,N,nb28,1630,-1.341,1.865,2,1
15,0,26,4,N,nb29,1630,1.814,0.658,2,1
15,0,26,4,A,aa0,1630,-1.582,-1.866,0,0
15,0,26,4,A,aa1,1630,-0.276,1.176,0,0
15,0,26,4,A,aa2,1630,1.033,1.033,2,0
15,0,26,4,A,aa3,1630,-0.243,-1.166,2,0
15,0,26,4,N,nb0,1635,1.866,0.82,3,1
15,0,26,4,N,nb1,1635,-1.577,1.866,1,1
15,0,26,4,N,nb2,1635,-0.666,1.865,2,1
15,0,26,4,N,nb3,1635,-1.774,-1.039,2,1
15,0,26,4,N,nb4,1635,-0.448,-1.537,1,1
15,0,26,4,N,nb5,1635,0.233,-1.866,1,0
15,0,26,4,N,nb6,1635,1.865,1.279,1,1
15,0,26,4,N,nb7,1635,-0.825,1.521,1,1
15,0,26,4,N,nb8,1635,-0.562,-0.232,2,1
15,0,26,4,N,nb9,1635,1.865,1.11,2,1
15,0,26,4,N,nb10,1635,-0.328,-0.211,1,1
15,0,26,4,N,nb11,1635,1.741,0.994,3,1
15,0,26,4,N,nb12,1635,0.781,0.974,1,1
15,0,26,4,N,nb13,1635,-1.842,0.326,1,1
15,0,26,4,N,nb14,1635,-1.865,-1.255,1,1
15,0,26,4,N,nb15,1635,-0.78,-0.337,1,1
15,0,26,4,N,nb16,1635,0.227,-1.697,1,1
15,0,26,4,N,nb17,1635,-1.819,-0.806,1,1
15,0,26,4,N,nb18,1635,-0.554,1.738,2,1
15,0,26,4,N,nb19,1635,1.697,0.805,3,1
15,0,26,4,N,nb20,1635,1.043,0.834,0,0
15,0,26,4,N,nb21,1635,-1.057,1.629,2,1
15,0,26,4,N,nb22,1635,-1.865,0.158,1,1
15,0,26,4,N,nb23,1635,-0.208,-1.47,1,1
15,0,26,4,N,nb24,1635,-0.795,1.688,3,1
15,0,26,4,N,nb25,1635,-1.177,1.422,1,1
15,0,26,4,N,nb26,1635,-1.294,1.701,2,1
15,0,26,4,N,nb27,1635,0.722,0.789,1,1
15,0,26,4,N,nb28,1635,-1.341,1.865,2,1
15,0,26,4,N,nb29,1635,1.814,0.658,2,1
15,0,26,4,A,aa0,1635,-1.542,-1.866,0,0
15,0,26,4,A,aa1,1635,-0.316,1.084,0,0
15,0,26,4,A,aa2,1635,0.978,1.038,2,0
15,0,26,4,A,aa3,1635,-0.176,-1.234,2,0
15,0,26,4,N,nb0,1640,1.866,0.82,3,1
15,0,26,4,N,nb1,1640,-1.577,1.866,1,1
15,0,26,4,N,nb2,1640,-0.666,1.865,2,1
15,0,26,4,N,nb3,1640,-1.774,-1.039,2,1
15,0,26,4,N,nb4,1640,-0.48,-1.521,0,0
15,0,26,4,N,nb5,1640,0.233,-1.866,1,1
15,0,26,4,N,nb6,1640,1.865,1.279,1,1
15,0,26,4,N,nb7,1640,-0.825,1.521,1,1
15,0,26,4,N,nb8,1640,-0.562,-0.232,2,1
15,0,26,4,N,nb9,1640,1.865,1.11,2,1
15,0,26,4,N,nb10,1640,-0.328,-0.211,1,1
15,0,26,4,N,nb11,1640,1.741,0.994,3,1
15,0,26,4,N,nb12,1640,0.775,0.974,2,1
15,0,26,4,N,nb13,1640,-1.842,0.326,1,1
15,0,26,4,N,nb14,1640,-1.865,-1.255,1,1
15,0,26,4,N,nb15,1640,-0.78,-0.337,1,1
15,0,26,4,N,nb16,1640,0.241,-1.697,1,0
15,0,26,4,N,nb17,1640,-1.819,-0.806,1,1
15,0,26,4,N,nb18,1640,-0.554,1.738,2,1
15,0,26,4,N,nb19,1640,1.697,0.805,3,1
15,0,26,4,N,nb20,1640,0.987,0.844,1,1
15,0,26,4,N,nb21,1640,-1.057,1.629,2,1
15,0,26,4,N,nb22,1640,-1.865,0.158,1,1
15,0,26,4,N,nb23,1640,-0.225,-1.442,0,0
15,0,26,4,N,nb24,1640,-0.795,1.688,3,1
15,0,26,4,N,nb25,1640,-1.177,1.422,1,1
15,0,26,4,N,nb26,1640,-1.294,1.701,2,1
15,0,26,4,N,nb27,1640,0.722,0.789,1,1
15,0,26,4,N,nb28,1640,-1.341,1.865,2,1
15,0,26,4,N,nb29,1640,1.814,0.658,2,1
15,0,26,4,A,aa0,1640,-1.488,-1.866,0,0
15,0,26,4,A,aa1,1640,-0.355,0.992,0,0
15,0,26,4,A,aa2,1640,0.936,1.027,2,0
15,0,26,4,A,aa3,1640,-0.106,-1.29,0,0
15,0,26,4,N,nb0,1645,1.866,0.82,3,1
15,0,26,4,N,nb1,1645,-1.577,1.866,1,1
15,0,26,4,N,nb2,1645,-0.666,1.865,2,1
15,0,26,4,N,nb3,1645,-1.774,-1.039,2,1
15,0,26,4,N,nb4,1645,-0.57,-1.479,0,0
15,0,26,4,N,nb5,1645,0.233,-1.866,1,1
15,0,26,4,N,nb6,1645,1.865,1.279,1,1
15,0,26,4,N,nb7,1645,-0.825,1.521,1,1
15,0,26,4,N,nb8,1645,-0.562,-0.232,2,1
15,0,26,4,N,nb9,1645,1.865,1.11,2,1
15,0,26,4,N,nb10,1645,-0.328,-0.211,1,1
15,0,26,4,N,nb11,1645,1.741,0.994,3,1
15,0,26,4,N,nb12,1645,0.724,0.984,1,0
15,0,26,4,N,nb13,1645,-1.842,0.326,1,1
15,0,26,4,N,nb14,1645,-1.865,-1.255,1,1
15,0,26,4,N,nb15,1645,-0.78,-0.337,1,1
15,0,26,4,N,nb16,1645,0.304,-1.712,1,0
15,0,26,4,N,nb17,1645,-1.819,-0.806,1,1
15,0,26,4,N,nb18,1645,-0.554,1.738,2,1
15,0,26,4,N,nb19,1645,1.697,0.805,3,1
15,0,26,4,N,nb20,1645,0.954,0.847,0,0
15,0,26,4,N,nb21,1645,-1.057,1.629,2,1
15,0,26,4,N,nb22,1645,-1.865,0.158,1,1
15,0,26,4,N,nb23,1645,-0.279,-1.367,0,0
15,0,26,4,N,nb24,1645,-0.795,1.688,3,1
15,0,26,4,N,nb25,1645,-1.177,1.422,1,1
15,0,26,4,N,nb26,1645,-1.294,1.701,2,1
15,0,26,4,N,nb27,1645,0.688,0.78,1,0
15,0,26,4,N,nb28,1645,-1.341,1.865,2,1
15,0,26,4,N,nb29,1645,1.814,0.658,2,1
15,0,26,4,A,aa0,1645,-1.422,-1.866,0,0
15,0,26,4,A,aa1,1645,-0.395,0.9,0,0
15,0,26,4,A,aa2,1645,0.889,1.025,0,0
15,0,26,4,A,aa3,1645,-0.026,-1.341,1,0
15,0,26,4,N,nb0,1650,1.866,0.82,3,1
15,0,26,4,N,nb1,1650,-1.577,1.866,1,1
15,0,26,4,N,nb2,1650,-0.666,1.865,2,1
15,0,26,4,N,nb3,1650,-1.774,-1.039,2,1
15,0,26,4,N,nb4,1650,-0.661,-1.437,0,0
15,0,26,4,N,nb5,1650,0.233,-1.866,1,1
15,0,26,4,N,nb6,1650,1.865,1.279,1,1
15,0,26,4,N,nb7,1650,-0.825,1.521,1,1
15,0,26,4,N,nb8,1650,-0.562,-0.232,2,1
15,0,26,4,N,nb9,1650,1.865,1.11,2,1
15,0,26,4,N,nb10,1650,-0.328,-0.211,1,1
15,0,26,4,N,nb11,1650,1.741,0.994,3,1
15,0,26,4,N,nb12,1650,0.657,1.015,0,0
15,0,26,4,N,nb13,1650,-1.842,0.326,1,1
15,0,26,4,N,nb14,1650,-1.865,-1.255,1,1
15,0,26,4,N,nb15,1650,-0.78,-0.337,1,1
15,0,26,4,N,nb16,1650,0.356,-1.739,1,1
15,0,26,4,N,nb17,1650,-1.819,-0.806,1,1
15,0,26,4,N,nb18,1650,-0.554,1.738,2,1
15,0,26,4,N,nb19,1650,1.697,0.805,3,1
15,0,26,4,N,nb20,1650,0.864,0.846,0,0
15,0,26,4,N,nb21,1650,-1.057,1.629,2,1
15,0,26,4,N,nb22,1650,-1.865,0.158,1,1
15,0,26,4,N,nb23,1650,-0.344,-1.292,0,0
15,0,26,4,N,nb24,1650,-0.795,1.688,3,1
15,0,26,4,N,nb25,1650,-1.177,1.422,1,1
15,0,26,4,N,nb26,1650,-1.294,1.701,2,1
15,0,26,4,N,nb27,1650,0.598,0.751,0,0
15,0,26,4,N,nb28,1650,-1.341,1.865,2,1
15,0,26,4,N,nb29,1650,1.814,0.658,2,1
15,0,26,4,A,aa0,1650,-1.348,-1.866,0,0
15,0,26,4,A,aa1,1650,-0.435,0.808,0,0
15,0,26,4,A,aa2,1650,0.824,1.049,0,0
15,0,26,4,A,aa3,1650,0.061,-1.389,2,0
15,0,26,4,N,nb0,1655,1.866,0.82,3,0
15,0,26,4,N,nb1,1655,-1.577,1.866,1,1
15,0,26,4,N,nb2,1655,-0.666,1.865,2,1
15,0,26,4,N,nb3,1655,-1.774,-1.039,2,1
15,0,26,4,N,nb4,1655,-0.751,-1.396,0,0
15,0,26,4,N,nb5,1655,0.233,-1.866,1,1
15,0,26,4,N,nb6,1655,1.865,1.279,1,1
15,0,26,4,N,nb7,1655,-0.825,1.521,1,1
15,0,26,4,N,nb8,1655,-0.562,-0.232,2,1
15,0,26,4,N,nb9,1655,1.865,1.11,2,1
15,0,26,4,N,nb10,1655,-0.328,-0.211,1,1
15,0,26,4,N,nb11,1655,1.741,0.994,3,1
15,0,26,4,N,nb12,1655,0.584,1.054,0,0
15,0,26,4,N,nb13,1655,-1.842,0.326,1,1
15,0,26,4,N,nb14,1655,-1.865,-1.255,1,1
15,0,26,4,N,nb15,1655,-0.78,-0.337,1,1
15,0,26,4,N,nb16,1655,0.356,-1.739,1,1
15,0,26,4,N,nb17,1655,-1.819,-0.806,1,1
15,0,26,4,N,nb18,1655,-0.554,1.738,2,1
15,0,26,4,N,nb19,1655,1.697,0.805,3,1
15,0,26,4,N,nb20,1655,0.773,0.834,0,0
15,0,26,4,N,nb21,1655,-1.057,1.629,2,1
15,0,26,4,N,nb22,1655,-1.865,0.158,1,1
15,0,26,4,N,nb23,1655,-0.409,-1.216,0,0
15,0,26,4,N,nb24,1655,-0.795,1.688,3,1
15,0,26,4,N,nb25,1655,-1.177,1.422,1,1
15,0,26,4,N,nb26,1655,-1.294,1.701,2,1
15,0,26,4,N,nb27,1655,0.505,0.715,0,0
15,0,26,4,N,nb28,1655,-1.341,1.865,2,1
15,0,26,4,N,nb29,1655,1.814,0.658,2,1
15,0,26,4,A,aa0,1655,-1.266,-1.866,0,0
15,0,26,4,A,aa1,1655,-0.474,0.717,0,0
15,0,26,4,A,aa2,1655,0.752,1.08,0,0
15,0,26,4,A,aa3,1655,0.148,-1.437,2,0
15,0,26,4,N,nb0,1660,1.866,0.82,3,1
15,0,26,4,N,nb1,1660,-1.577,1.866,1,1
15,0,26,4,N,nb2,1660,-0.666,1.865,2,1
15,0,26,4,N,nb3,1660,-1.774,-1.039,2,1
15,0,26,4,N,nb4,1660,-0.842,-1.354,0,0
15,0,26,4,N,nb5,1660,0.233,-1.866,1,1
15,0,26,4,N,nb6,1660,1.865,1.279,1,1
15,0,26,4,N,nb7,1660,-0.825,1.521,1,1
15,0,26,4,N,nb8,1660,-0.562,-0.232,2,1
15,0,26,4,N,nb9,1660,1.865,1.11,2,1
15,0,26,4,N,nb10,1660,-0.328,-0.211,1,1
15,0,26,4,N,nb11,1660,1.741,0.994,3,1
15,0,26,4,N,nb12,1660,0.507,1.104,0,0
15,0,26,4,N,nb13,1660,-1.842,0.326,1,1
15,0,26,4,N,nb14,1660,-1.865,-1.255,1,1
15,0,26,4,N,nb15,1660,-0.78,-0.337,1,1
15,0,26,4,N,nb16,1660,0.356,-1.739,1,1
15,0,26,4,N,nb17,1660,-1.819,-0.806,1,1
15,0,26,4,N,nb18,1660,-0.554,1.738,2,1
15,0,26,4,N,nb19,1660,1.697,0.805,3,1
15,0,26,4,N,nb20,1660,0.68,0.812,0,0
15,0,26,4,N,nb21,1660,-1.057,1.629,2,1
15,0,26,4,N,nb22,1660,-1.865,0.158,1,1
15,0,26,4,N,nb23,1660,-0.474,-1.14,0,0
15,0,26,4,N,nb24,1660,-0.795,1.688,3,1
15,0,26,4,N,nb25,1660,-1.177,1.422,1,1
15,0,26,4,N,nb26,1660,-1.294,1.701,2,1
15,0,26,4,N,nb27,1660,0.412,0.68,0,0
15,0,26,4,N,nb28,1660,-1.341,1.865,2,1
15,0,26,4,N,nb29,1660,1.814,0.658,2,0
15,0,26,4,A,aa0,1660,-1.179,-1.866,0,0
15,0,26,4,A,aa1,1660,-0.473,0.697,0,0
15,0,26,4,A,aa2,1660,0.676,1.118,0,0
15,0,26,4,A,aa3,1660,0.236,-1.486,2,0
15,0,26,4,N,nb0,1665,1.866,0.82,3,1
15,0,26,4,N,nb1,1665,-1.577,1.866,1,1
15,0,26,4,N,nb2,1665,-0.666,1.865,2,1
15,0,26,4,N,nb3,1665,-1.774,-1.039,2,1
15,0,26,4,N,nb4,1665,-0.933,-1.312,0,0
15,0,26,4,N,nb5,1665,0.233,-1.866,1,1
15,0,26,4,N,nb6,1665,1.865,1.279,1,1
15,0,26,4,N,nb7,1665,-0.825,1.521,1,1
15,0,26,4,N,nb8,1665,-0.562,-0.232,2,1
15,0,26,4,N,nb9,1665,1.865,1.11,2,1
15,0,26,4,N,nb10,1665,-0.328,-0.211,1,1
15,0,26,4,N,nb11,1665,1.741,0.994,3,1
15,0,26,4,N,nb12,1665,0.434,1.167,0,0
15,0,26,4,N,nb13,1665,-1.842,0.326,1,1
15,0,26,4,N,nb14,1665,-1.865,-1.255,1,1
15,0,26,4,N,nb15,1665,-0.78,-0.337,1,1
15,0,26,4,N,nb16,1665,0.356,-1.739,1,1
15,0,26,4,N,nb17,1665,-1.819,-0.806,1,1
15,0,26,4,N,nb18,1665,-0.554,1.738,2,1
15,0,26,4,N,nb19,1665,1.697,0.805,3,1
15,0,26,4,N,nb20,1665,0.583,0.786,0,0
15,0,26,4,N,nb21,1665,-1.057,1.629,2,1
15,0,26,4,N,nb22,1665,-1.865,0.158,1,0
15,0,26,4,N,nb23,1665,-0.539,-1.064,0,0
15,0,26,4,N,nb24,1665,-0.795,1.688,3,1
15,0,26,4,N,nb25,1665,-1.177,1.422,1,1
15,0,26,4,N,nb26,1665,-1.294,1.701,2,1
15,0,26,4,N,nb27,1665,0.318,0.644,0,0
15,0,26,4,N,nb28,1665,-1.341,1.865,2,1
15,0,26,4,N,nb29,1665,1.814,0.658,2,1
15,0,26,4,A,aa0,1665,-1.088,-1.866,0,0
15,0,26,4,A,aa1,1665,-0.457,0.598,0,0
15,0,26,4,A,aa2,1665,0.604,1.169,0,0
15,0,26,4,A,aa3,1665,0.317,-1.526,2,0
15,0,26,4,N,nb0,1670,1.866,0.82,3,1
15,0,26,4,N,nb1,1670,-1.577,1.866,1,1
15,0,26,4,N,nb2,1670,-0.666,1.865,2,1
15,0,26,4,N,nb3,1670,-1.774,-1.039,2,1
15,0,26,4,N,nb4,1670,-1.024,-1.27,0,0
15,0,26,4,N,nb5,1670,0.233,-1.866,1,1
15,0,26,4,N,nb6,1670,1.865,1.279,1,1
15,0,26,4,N,nb7,1670,-0.825,1.521,1,1
15,0,26,4,N,nb8,1670,-0.562,-0.232,2,1
15,0,26,4,N,nb9,1670,1.865,1.11,2,1
15,0,26,4,N,nb10,1670,-0.328,-0.211,1,1
15,0,26,4,N,nb11,1670,1.741,0.994,3,1
15,0,26,4,N,nb12,1670,0.373,1.242,0,0
15,0,26,4,N,nb13,1670,-1.842,0.326,1,1
15,0,26,4,N,nb14,1670,-1.865,-1.255,1,1
15,0,26,4,N,nb15,1670,-0.78,-0.337,1,1
15,0,26,4,N,nb16,1670,0.356,-1.739,1,1
15,0,26,4,N,nb17,1670,-1.819,-0.806,1,1
15,0,26,4,N,nb18,1670,-0.554,1.738,2,1
15,0,26,4,N,nb19,1670,1.697,0.805,3,1
15,0,26,4,N,nb20,1670,0.487,0.759,0,0
15,0,26,4,N,nb21,1670,-1.057,1.629,2,1
15,0,26,4,N,nb22,1670,-1.865,0.158,1,1
15,0,26,4,N,nb23,1670,-0.604,-0.989,0,0
15,0,26,4,N,nb24,1670,-0.795,1.688,3,1
15,0,26,4,N,nb25,1670,-1.177,1.422,1,1
15,0,26,4,N,nb26,1670,-1.294,1.701,2,1
15,0,26,4,N,nb27,1670,0.225,0.608,0,0
15,0,26,4,N,nb28,1670,-1.341,1.865,2,1
15,0,26,4,N,nb29,1670,1.814,0.658,2,1
15,0,26,4,A,aa0,1670,-0.996,-1.864,0,0
15,0,26,4,A,aa1,1670,-0.441,0.5,0,0
15,0,26,4,A,aa2,1670,0.542,1.231,0,0
15,0,26,4,A,aa3,1670,0.403,-1.555,1,0
15,0,26,4,N,nb0,1675,1.866,0.82,3,1
15,0,26,4,N,nb1,1675,-1.577,1.866,1,1
15,0,26,4,N,nb2,1675,-0.666,1.865,2,1
15,0,26,4,N,nb3,1675,-1.774,-1.039,2,1
15,0,26,4,N,nb4,1675,-1.114,-1.228,0,0
15,0,26,4,N,nb5,1675,0.233,-1.866,1,1
15,0,26,4,N,nb6,1675,1.865,1.279,1,1
15,0,26,4,N,nb7,1675,-0.825,1.521,1,1
15,0,26,4,N,nb8,1675,-0.562,-0.232,2,1
15,0,26,4,N,nb9,1675,1.865,1.11,2,1
15,0,26,4,N,nb10,1675,-0.328,-0.211,1,1
15,0,26,4,N,nb11,1675,1.741,0.994,3,1
15,0,26,4,N,nb12,1675,0.322,1.324,0,0
15,0,26,4,N,nb13,1675,-1.842,0.326,1,1
15,0,26,4,N,nb14,1675,-1.865,-1.255,1,1
15,0,26,4,N,nb15,1675,-0.78,-0.337,1,1
15,0,26,4,N,nb16,1675,0.356,-1.739,1,1
15,0,26,4,N,nb17,1675,-1.819,-0.806,1,1
15,0,26,4,N,nb18,1675,-0.554,1.738,2,1
15,0,26,4,N,nb19,1675,1.697,0.805,3,0
15,0,26,4,N,nb20,1675,0.39,0.733,0,0
15,0,26,4,N,nb21,1675,-1.057,1.629,2,1
15,0,26,4,N,nb22,1675,-1.865,0.158,1,1
15,0,26,4,N,nb23,1675,-0.67,-0.913,0,0
15,0,26,4,N,nb24,1675,-0.795,1.688,3,1
15,0,26,4,N,nb25,1675,-1.177,1.422,1,1
15,0,26,4,N,nb26,1675,-1.294,1.701,2,1
15,0,26,4,N,nb27,1675,0.131,0.572,0,0
15,0,26,4,N,nb28,1675,-1.341,1.865,2,1
15,0,26,4,N,nb29,1675,1.814,0.658,2,1
15,0,26,4,A,aa0,1675,-0.904,-1.853,0,0
15,0,26,4,A,aa1,1675,-0.434,0.457,0,0
15,0,26,4,A,aa2,1675,0.491,1.303,0,0
15,0,26,4,A,aa3,1675,0.494,-1.573,1,0
15,0,26,4,N,nb0,1680,1.866,0.82,3,1
15,0,26,4,N,nb1,1680,-1.577,1.866,1,1
15,0,26,4,N,nb2,1680,-0.666,1.865,2,1
15,0,26,4,N,nb3,1680,-1.774,-1.039,2,1
15,0,26,4,N,nb4,1680,-1.205,-1.186,0,0
15,0,26,4,N,nb5,1680,0.233,-1.866,1,1
15,0,26,4,N,nb6,1680,1.865,1.279,1,1
15,0,26,4,N,nb7,1680,-0.825,1.521,1,1
15,0,26,4,N,nb8,1680,-0.562,-0.232,2,1
15,0,26,4,N,nb9,1680,1.865,1.11,2,1
15,0,26,4,N,nb10,1680,-0.328,-0.211,1,1
15,0,26,4,N,nb11,1680,1.741,0.994,3,1
15,0,26,4,N,nb12,1680,0.275,1.407,0,0
15,0,26,4,N,nb13,1680,-1.842,0.326,1,1
15,0,26,4,N,nb14,1680,-1.865,-1.255,1,1
15,0,26,4,N,nb15,1680,-0.78,-0.337,1,1
15,0,26,4,N,nb16,1680,0.356,-1.739,1,1
15,0,26,4,N,nb17,1680,-1.819,-0.806,1,0
15,0,26,4,N,nb18,1680,-0.554,1.738,2,1
15,0,26,4,N,nb19,1680,1.697,0.805,3,1
15,0,26,4,N,nb20,1680,0.294,0.707,0,0
15,0,26,4,N,nb21,1680,-1.057,1.629,2,1
15,0,26,4,N,nb22,1680,-1.865,0.158,1,1
15,0,26,4,N,nb23,1680,-0.735,-0.837,0,0
15,0,26,4,N,nb24,1680,-0.795,1.688,3,1
15,0,26,4,N,nb25,1680,-1.177,1.422,1,1
15,0,26,4,N,nb26,1680,-1.294,1.701,2,1
15,0,26,4,N,nb27,1680,0.038,0.537,0,0
15,0,26,4,N,nb28,1680,-1.341,1.865,2,1
15,0,26,4,N,nb29,1680,1.814,0.658,2,1
15,0,26,4,A,aa0,1680,-0.813,-1.833,0,0
15,0,26,4,A,aa1,1680,-0.383,0.4,0,0
15,0,26,4,A,aa2,1680,0.451,1.383,0,0
15,0,26,4,A,aa3,1680,0.589,-1.584,0,0
15,0,26,4,N,nb0,1685,1.866,0.82,3,1
15,0,26,4,N,nb1,1685,-1.577,1.866,1,1
15,0,26,4,N,nb2,1685,-0.666,1.865,2,1
15,0,26,4,N,nb3,1685,-1.774,-1.039,2,1
15,0,26,4,N,nb4,1685,-1.296,-1.144,0,0
15,0,26,4,N,nb5,1685,0.233,-1.866,1,1
15,0,26,4,N,nb6,1685,1.865,1.279,1,1
15,0,26,4,N,nb7,1685,-0.825,1.521,1,1
15,0,26,4,N,nb8,1685,-0.562,-0.232,2,1
15,0,26,4,N,nb9,1685,1.865,1.11,2,1
15,0,26,4,N,nb10,1685,-0.328,-0.211,1,1
15,0,26,4,N,nb11,1685,1.741,0.994,3,1
15,0,26,4,N,nb12,1685,0.223,1.487,0,0
15,0,26,4,N,nb13,1685,-1.842,0.326,1,1
15,0,26,4,N,nb14,1685,-1.865,-1.255,1,1
15,0,26,4,N,nb15,1685,-0.78,-0.337,1,1
15,0,26,4,N,nb16,1685,0.356,-1.739,1,1
15,0,26,4,N,nb17,1685,-1.819,-0.806,1,1
15,0,26,4,N,nb18,1685,-0.554,1.738,2,1
15,0,26,4,N,nb19,1685,1.697,0.805,3,1
15,0,26,4,N,nb20,1685,0.197,0.681,0,0
15,0,26,4,N,nb21,1685,-1.057,1.629,2,0
15,0,26,4,N,nb22,1685,-1.865,0.158,1,1
15,0,26,4,N,nb23,1685,-0.8,-0.761,0,0
15,0,26,4,N,nb24,1685,-0.795,1.688,3,1
15,0,26,4,N,nb25,1685,-1.177,1.422,1,1
15,0,26,4,N,nb26,1685,-1.294,1.701,2,1
15,0,26,4,N,nb27,1685,-0.055,0.501,0,0
15,0,26,4,N,nb28,1685,-1.341,1.865,2,1
15,0,26,4,N,nb29,1685,1.814,0.658,2,1
15,0,26,4,A,aa0,1685,-0.724,-1.805,0,0
15,0,26,4,A,aa1,1685,-0.316,0.326,1,0
15,0,26,4,A,aa2,1685,0.424,1.469,0,0
15,0,26,4,A,aa3,1685,0.689,-1.592,1,0
15,0,26,4,N,nb0,1690,1.866,0.82,3,1
15,0,26,4,N,nb1,1690,-1.577,1.866,1,1
15,0,26,4,N,nb2,1690,-0.666,1.865,2,1
15,0,26,4,N,nb3,1690,-1.774,-1.039,2,1
15,0,26,4,N,nb4,1690,-1.387,-1.102,0,0
15,0,26,4,N,nb5,1690,0.233,-1.866,1,1
15,0,26,4,N,nb6,1690,1.865,1.279,1,1
15,0,26,4,N,nb7,1690,-0.825,1.521,1,0
15,0,26,4,N,nb8,1690,-0.562,-0.232,2,1
15,0,26,4,N,nb9,1690,1.865,1.11,2,1
15,0,26,4,N,nb10,1690,-0.328,-0.211,1,1
15,0,26,4,N,nb11,1690,1.741,0.994,3,1
15,0,26,4,N,nb12,1690,0.165,1.563,0,0
15,0,26,4,N,nb13,1690,-1.842,0.326,1,1
15,0,26,4,N,nb14,1690,-1.865,-1.255,1,1
15,0,26,4,N,nb15,1690,-0.78,-0.337,1,1
15,0,26,4,N,nb16,1690,0.356,-1.739,1,1
15,0,26,4,N,nb17,1690,-1.819,-0.806,1,1
15,0,26,4,N,nb18,1690,-0.554,1.738,2,0
15,0,26,4,N,nb19,1690,1.697,0.805,3,1
15,0,26,4,N,nb20,1690,0.101,0.654,0,0
15,0,26,4,N,nb21,1690,-1.057,1.629,2,1
15,0,26,4,N,nb22,1690,-1.865,0.158,1,1
15,0,26,4,N,nb23,1690,-0.865,-0.685,0,0
15,0,26,4,N,nb24,1690,-0.795,1.688,3,0
15,0,26,4,N,nb25,1690,-1.177,1.422,1,1
15,0,26,4,N,nb26,1690,-1.294,1.701,2,1
15,0,26,4,N,nb27,1690,-0.144,0.468,0,0
15,0,26,4,N,nb28,1690,-1.341,1.865,2,1
15,0,26,4,N,nb29,1690,1.814,0.658,2,1
15,0,26,4,A,aa0,1690,-0.638,-1.768,0,0
15,0,26,4,A,aa1,1690,-0.25,0.253,2,0
15,0,26,4,A,aa2,1690,0.42,1.489,0,0
15,0,26,4,A,aa3,1690,0.789,-1.599,1,0
15,0,26,4,N,nb0,1695,1.866,0.82,3,1
15,0,26,4,N,nb1,1695,-1.577,1.866,1,1
15,0,26,4,N,nb2,1695,-0.666,1.865,2,1
15,0,26,4,N,nb3,1695,-1.774,-1.039,2,1
15,0,26,4,N,nb4,1695,-1.478,-1.06,0,0
15,0,26,4,N,nb5,1695,0.233,-1.866,1,1
15,0,26,4,N,nb6,1695,1.865,1.279,1,1
15,0,26,4,N,nb7,1695,-0.825,1.521,1,1
15,0,26,4,N,nb8,1695,-0.562,-0.232,2,1
15,0,26,4,N,nb9,1695,1.865,1.11,2,1
15,0,26,4,N,nb10,1695,-0.328,-0.211,1,1
15,0,26,4,N,nb11,1695,1.741,0.994,3,1
15,0,26,4,N,nb12,1695,0.102,1.64,0,0
15,0,26,4,N,nb13,1695,-1.842,0.326,1,1
15,0,26,4,N,nb14,1695,-1.865,-1.255,1,1
15,0,26,4,N,nb15,1695,-0.78,-0.337,1,1
15,0,26,4,N,nb16,1695,0.356,-1.739,1,1
15,0,26,4,N,nb17,1695,-1.819,-0.806,1,1
15,0,26,4,N,nb18,1695,-0.554,1.738,2,1
15,0,26,4,N,nb19,1695,1.697,0.805,3,1
15,0,26,4,N,nb20,1695,0.004,0.628,0,0
15,0,26,4,N,nb21,1695,-1.057,1.629,2,1
15,0,26,4,N,nb22,1695,-1.865,0.158,1,1
15,0,26,4,N,nb23,1695,-0.93,-0.609,0,0
15,0,26,4,N,nb24,1695,-0.795,1.688,3,1
15,0,26,4,N,nb25,1695,-1.177,1.422,1,1
15,0,26,4,N,nb26,1695,-1.294,1.701,2,1
15,0,26,4,N,nb27,1695,-0.232,0.447,0,0
15,0,26,4,N,nb28,1695,-1.341,1.865,2,1
15,0,26,4,N,nb29,1695,1.814,0.658,2,1
15,0,26,4,A,aa0,1695,-0.564,-1.731,0,0
15,0,26,4,A,aa1,1695,-0.191,0.178,0,0
15,0,26,4,A,aa2,1695,0.371,1.517,0,0
15,0,26,4,A,aa3,1695,0.888,-1.607,1,0
15,0,26,4,N,nb0,1700,1.866,0.82,3,1
15,0,26,4,N,nb1,1700,-1.577,1.866,1,1
15,0,26,4,N,nb2,1700,-0.666,1.865,2,1
15,0,26,4,N,nb3,1700,-1.774,-1.039,3,1
15,0,26,4,N,nb4,1700,-1.532,-1.035,1,1
15,0,26,4,N,nb5,1700,0.233,-1.866,1,1
15,0,26,4,N,nb6,1700,1.865,1.279,1,1
15,0,26,4,N,nb7,1700,-0.825,1.521,1,1
15,0,26,4,N,nb8,1700,-0.562,-0.232,2,1
15,0,26,4,N,nb9,1700,1.865,1.11,2,1
15,0,26,4,N,nb10,1700,-0.328,-0.211,1,1
15,0,26,4,N,nb11,1700,1.741,0.994,3,1
15,0,26,4,N,nb12,1700,0.038,1.717,0,0
15,0,26,4,N,nb13,1700,-1.842,0.326,1,1
15,0,26,4,N,nb14,1700,-1.865,-1.255,1,1
15,0,26,4,N,nb15,1700,-0.78,-0.337,1,1
15,0,26,4,N,nb16,1700,0.356,-1.739,1,1
15,0,26,4,N,nb17,1700,-1.819,-0.806,1,1
15,0,26,4,N,nb18,1700,-0.554,1.738,2,1
15,0,26,4,N,nb19,1700,1.697,0.805,3,1
15,0,26,4,N,nb20,1700,-0.092,0.602,0,0
15,0,26,4,N,nb21,1700,-1.057,1.629,2,1
15,0,26,4,N,nb22,1700,-1.865,0.158,1,1
15,0,26,4,N,nb23,1700,-0.995,-0.534,0,0
15,0,26,4,N,nb24,1700,-0.795,1.688,3,1
15,0,26,4,N,nb25,1700,-1.177,1.422,1,1
15,0,26,4,N,nb26,1700,-1.294,1.701,2,0
15,0,26,4,N,nb27,1700,-0.33,0.432,0,0
15,0,26,4,N,nb28,1700,-1.341,1.865,2,0
15,0,26,4,N,nb29,1700,1.814,0.658,2,1
15,0,26,4,A,aa0,1700,-0.564,-1.731,0,0
15,0,26,4,A,aa1,1700,-0.132,0.098,2,0
15,0,26,4,A,aa2,1700,0.284,1.567,0,0
15,0,26,4,A,aa3,1700,0.988,-1.615,0,0
15,0,26,4,N,nb0,1705,1.866,0.82,3,1
15,0,26,4,N,nb1,1705,-1.577,1.866,1,1
15,0,26,4,N,nb2,1705,-0.666,1.865,2,0
15,0,26,4,N,nb3,1705,-1.774,-1.039,3,1
15,0,26,4,N,nb4,1705,-1.532,-1.035,1,1
15,0,26,4,N,nb5,1705,0.233,-1.866,1,1
15,0,26,4,N,nb6,1705,1.865,1.279,1,1
15,0,26,4,N,nb7,1705,-0.825,1.521,1,1
15,0,26,4,N,nb8,1705,-0.562,-0.232,2,1
15,0,26,4,N,nb9,1705,1.865,1.11,2,1
15,0,26,4,N,nb10,1705,-0.328,-0.211,1,1
15,0,26,4,N,nb11,1705,1.741,0.994,3,1
15,0,26,4,N,nb12,1705,-0.024,1.792,0,0
15,0,26,4,N,nb13,1705,-1.842,0.326,1,1
15,0,26,4,N,nb14,1705,-1.865,-1.255,1,1
15,0,26,4,N,nb15,1705,-0.78,-0.337,1,1
15,0,26,4,N,nb16,1705,0.356,-1.739,1,1
15,0,26,4,N,nb17,1705,-1.819,-0.806,1,1
15,0,26,4,N,nb18,1705,-0.554,1.738,2,1
15,0,26,4,N,nb19,1705,1.697,0.805,3,1
15,0,26,4,N,nb20,1705,-0.189,0.576,0,0
15,0,26,4,N,nb21,1705,-1.057,1.629,2,1
15,0,26,4,N,nb22,1705,-1.865,0.158,1,1
15,0,26,4,N,nb23,1705,-1.061,-0.458,0,0
15,0,26,4,N,nb24,1705,-0.795,1.688,3,1
15,0,26,4,N,nb25,1705,-1.177,1.422,1,1
15,0,26,4,N,nb26,1705,-1.294,1.701,2,1
15,0,26,4,N,nb27,1705,-0.429,0.417,0,0
15,0,26,4,N,nb28,1705,-1.341,1.865,2,1
15,0,26,4,N,nb29,1705,1.814,0.658,2,1
15,0,26,4,A,aa0,1705,-0.566,-1.674,0,0
15,0,26,4,A,aa1,1705,-0.073,0.017,2,0
15,0,26,4,A,aa2,1705,0.197,1.618,0,0
15,0,26,4,A,aa3,1705,1.088,-1.623,0,0
15,0,26,4,N,nb0,1710,1.866,0.82,3,1
15,0,26,4,N,nb1,1710,-1.577,1.866,1,1
15,0,26,4,N,nb2,1710,-0.666,1.865,2,1
15,0,26,4,N,nb3,1710,-1.774,-1.039,3,1
15,0,26,4,N,nb4,1710,-1.532,-1.035,1,1
15,0,26,4,N,nb5,1710,0.233,-1.866,1,1
15,0,26,4,N,nb6,1710,1.865,1.279,1,1
15,0,26,4,N,nb7,1710,-0.825,1.521,1,1
15,0,26,4,N,nb8,1710,-0.562,-0.232,2,1
15,0,26,4,N,nb9,1710,1.865,1.11,2,1
15,0,26,4,N,nb10,1710,-0.328,-0.211,1,1
15,0,26,4,N,nb11,1710,1.741,0.994,3,1
15,0,26,4,N,nb12,1710,-0.087,1.855,0,0
15,0,26,4,N,nb13,1710,-1.842,0.326,1,1
15,0,26,4,N,nb14,1710,-1.865,-1.255,1,1
15,0,26,4,N,nb15,1710,-0.78,-0.337,1,1
15,0,26,4,N,nb16,1710,0.356,-1.739,1,1
15,0,26,4,N,nb17,1710,-1.819,-0.806,1,1
15,0,26,4,N,nb18,1710,-0.554,1.738,2,1
15,0,26,4,N,nb19,1710,1.697,0.805,3,1
15,0,26,4,N,nb20,1710,-0.285,0.55,0,0
15,0,26,4,N,nb21,1710,-1.057,1.629,2,1
15,0,26,4,N,nb22,1710,-1.865,0.158,1,1
15,0,26,4,N,nb23,1710,-1.126,-0.382,0,0
15,0,26,4,N,nb24,1710,-0.795,1.688,3,1
15,0,26,4,N,nb25,1710,-1.177,1.422,1,1
15,0,26,4,N,nb26,1710,-1.294,1.701,2,1
15,0,26,4,N,nb27,1710,-0.528,0.402,0,0
15,0,26,4,N,nb28,1710,-1.341,1.865,2,1
15,0,26,4,N,nb29,1710,1.814,0.658,2,1
15,0,26,4,A,aa0,1710,-0.571,-1.575,0,0
15,0,26,4,A,aa1,1710,-0.013,-0.063,1,0
15,0,26,4,A,aa2,1710,0.111,1.668,0,0
15,0,26,4,A,aa3,1710,1.187,-1.631,0,0
15,0,26,4,N,nb0,1715,1.866,0.82,3,1
15,0,26,4,N,nb1,1715,-1.577,1.866,1,1
15,0,26,4,N,nb2,1715,-0.666,1.865,2,1
15,0,26,4,N,nb3,1715,-1.774,-1.039,3,1
15,0,26,4,N,nb4,1715,-1.532,-1.035,1,1
15,0,26,4,N,nb5,1715,0.233,-1.866,1,1
15,0,26,4,N,nb6,1715,1.865,1.279,1,1
15,0,26,4,N,nb7,1715,-0.825,1.521,1,1
15,0,26,4,N,nb8,1715,-0.562,-0.232,2,1
15,0,26,4,N,nb9,1715,1.865,1.11,2,1
15,0,26,4,N,nb10,1715,-0.328,-0.211,1,1
15,0,26,4,N,nb11,1715,1.741,0.994,3,1
15,0,26,4,N,nb12,1715,-0.156,1.866,0,0
15,0,26,4,N,nb13,1715,-1.842,0.326,1,1
15,0,26,4,N,nb14,1715,-1.865,-1.255,1,1
15,0,26,4,N,nb15,1715,-0.78,-0.337,1,1
15,0,26,4,N,nb16,1715,0.356,-1.739,1,1
15,0,26,4,N,nb17,1715,-1.819,-0.806,1,1
15,0,26,4,N,nb18,1715,-0.554,1.738,2,1
15,0,26,4,N,nb19,1715,1.697,0.805,3,1
15,0,26,4,N,nb20,1715,-0.382,0.523,0,0
15,0,26,4,N,nb21,1715,-1.057,1.629,2,1
15,0,26,4,N,nb22,1715,-1.865,0.158,1,1
15,0,26,4,N,nb23,1715,-1.191,-0.306,0,0
15,0,26,4,N,nb24,1715,-0.795,1.688,3,1
15,0,26,4,N,nb25,1715,-1.177,1.422,1,1
15,0,26,4,N,nb26,1715,-1.294,1.701,2,1
15,0,26,4,N,nb27,1715,-0.627,0.387,0,0
15,0,26,4,N,nb28,1715,-1.341,1.865,2,1
15,0,26,4,N,nb29,1715,1.814,0.658,2,1
15,0,26,4,A,aa0,1715,-0.575,-1.475,0,0
15,0,26,4,A,aa1,1715,0.046,-0.144,1,0
15,0,26,4,A,aa2,1715,0.031,1.712,1,0
15,0,26,4,A,aa3,1715,1.27,-1.638,0,0
15,0,26,4,N,nb0,1720,1.866,0.82,3,1
15,0,26,4,N,nb1,1720,-1.577,1.866,1,1
15,0,26,4,N,nb2,1720,-0.666,1.865,2,1
15,0,26,4,N,nb3,1720,-1.774,-1.039,3,1
15,0,26,4,N,nb4,1720,-1.532,-1.035,1,1
15,0,26,4,N,nb5,1720,0.233,-1.866,1,1
15,0,26,4,N,nb6,1720,1.865,1.279,1,1
15,0,26,4,N,nb7,1720,-0.825,1.521,1,1
15,0,26,4,N,nb8,1720,-0.562,-0.232,2,1
15,0,26,4,N,nb9,1720,1.865,1.11,2,1
15,0,26,4,N,nb10,1720,-0.328,-0.211,1,1
15,0,26,4,N,nb11,1720,1.741,0.994,3,1
15,0,26,4,N,nb12,1720,-0.233,1.866,0,0
15,0,26,4,N,nb13,1720,-1.842,0.326,1,1
15,0,26,4,N,nb14,1720,-1.865,-1.255,1,1
15,0,26,4,N,nb15,1720,-0.78,-0.337,1,1
15,0,26,4,N,nb16,1720,0.356,-1.739,1,1
15,0,26,4,N,nb17,1720,-1.819,-0.806,1,1
15,0,26,4,N,nb18,1720,-0.554,1.738,2,1
15,0,26,4,N,nb19,1720,1.697,0.805,3,1
15,0,26,4,N,nb20,1720,-0.478,0.497,0,0
15,0,26,4,N,nb21,1720,-1.057,1.629,2,1
15,0,26,4,N,nb22,1720,-1.865,0.158,1,1
15,0,26,4,N,nb23,1720,-1.256,-0.23,0,0
15,0,26,4,N,nb24,1720,-0.795,1.688,3,1
15,0,26,4,N,nb25,1720,-1.177,1.422,1,0
15,0,26,4,N,nb26,1720,-1.294,1.701,2,1
15,0,26,4,N,nb27,1720,-0.726,0.373,0,0
15,0,26,4,N,nb28,1720,-1.341,1.865,2,1
15,0,26,4,N,nb29,1720,1.814,0.658,2,1
15,0,26,4,A,aa0,1720,-0.579,-1.375,0,0
15,0,26,4,A,aa1,1720,0.105,-0.225,1,0
15,0,26,4,A,aa2,1720,0.028,1.713,1,0
15,0,26,4,A,aa3,1720,1.303,-1.62,0,0
15,0,26,4,N,nb0,1725,1.866,0.82,3,1
15,0,26,4,N,nb1,1725,-1.577,1.866,1,1
15,0,26,4,N,nb2,1725,-0.666,1.865,2,1
15,0,26,4,N,nb3,1725,-1.774,-1.039,3,1
15,0,26,4,N,nb4,1725,-1.532,-1.035,1,1
15,0,26,4,N,nb5,1725,0.233,-1.866,1,1
15,0,26,4,N,nb6,1725,1.865,1.279,1,1
15,0,26,4,N,nb7,1725,-0.825,1.521,1,1
15,0,26,4,N,nb8,1725,-0.562,-0.232,2,1
15,0,26,4,N,nb9,1725,1.865,1.11,2,1
15,0,26,4,N,nb10,1725,-0.328,-0.211,1,1
15,0,26,4,N,nb11,1725,1.741,0.994,3,1
15,0,26,4,N,nb12,1725,-0.317,1.866,0,0
15,0,26,4,N,nb13,1725,-1.842,0.326,1,1
15,0,26,4,N,nb14,1725,-1.865,-1.255,1,1
15,0,26,4,N,nb15,1725,-0.78,-0.337,1,1
15,0,26,4,N,nb16,1725,0.356,-1.739,1,1
15,0,26,4,N,nb17,1725,-1.819,-0.806,1,1
15,0,26,4,N,nb18,1725,-0.554,1.738,2,1
15,0,26,4,N,nb19,1725,1.697,0.805,3,1
15,0,26,4,N,nb20,1725,-0.575,0.471,0,0
15,0,26,4,N,nb21,1725,-1.057,1.629,2,1
15,0,26,4,N,nb22,1725,-1.865,0.158,1,1
15,0,26,4,N,nb23,1725,-1.321,-0.154,0,0
15,0,26,4,N,nb24,1725,-0.795,1.688,3,1
15,0,26,4,N,nb25,1725,-1.177,1.422,1,1
15,0,26,4,N,nb26,1725,-1.294,1.701,2,1
15,0,26,4,N,nb27,1725,-0.823,0.357,0,0
15,0,26,4,N,nb28,1725,-1.341,1.865,2,1
15,0,26,4,N,nb29,1725,1.814,0.658,2,1
15,0,26,4,A,aa0,1725,-0.583,-1.275,0,0
15,0,26,4,A,aa1,1725,0.164,-0.305,1,0
15,0,26,4,A,aa2,1725,-0.041,1.679,1,0
15,0,26,4,A,aa3,1725,1.391,-1.573,0,0
15,0,26,4,N,nb0,1730,1.866,0.82,3,1
15,0,26,4,N,nb1,1730,-1.577,1.866,1,1
15,0,26,4,N,nb2,1730,-0.666,1.865,2,1
15,0,26,4,N,nb3,1730,-1.774,-1.039,3,1
15,0,26,4,N,nb4,1730,-1.532,-1.035,1,1
15,0,26,4,N,nb5,1730,0.233,-1.866,1,1
15,0,26,4,N,nb6,1730,1.865,1.279,1,1
15,0,26,4,N,nb7,1730,-0.825,1.521,1,1
15,0,26,4,N,nb8,1730,-0.562,-0.232,2,1
15,0,26,4,N,nb9,1730,1.865,1.11,2,1
15,0,26,4,N,nb10,1730,-0.328,-0.211,1,1
15,0,26,4,N,nb11,1730,1.741,0.994,3,1
15,0,26,4,N,nb12,1730,-0.354,1.866,1,1
15,0,26,4,N,nb13,1730,-1.842,0.326,1,1
15,0,26,4,N,nb14,1730,-1.865,-1.255,1,1
15,0,26,4,N,nb15,1730,-0.78,-0.337,1,1
15,0,26,4,N,nb16,1730,0.356,-1.739,1,1
15,0,26,4,N,nb17,1730,-1.819,-0.806,1,1
15,0,26,4,N,nb18,1730,-0.554,1.738,3,1
15,0,26,4,N,nb19,1730,1.697,0.805,3,1
15,0,26,4,N,nb20,1730,-0.671,0.445,0,0
15,0,26,4,N,nb21,1730,-1.057,1.629,2,1
15,0,26,4,N,nb22,1730,-1.865,0.158,1,1
15,0,26,4,N,nb23,1730,-1.387,-0.079,0,0
15,0,26,4,N,nb24,1730,-0.795,1.688,3,1
15,0,26,4,N,nb25,1730,-1.177,1.422,1,1
15,0,26,4,N,nb26,1730,-1.294,1.701,2,1
15,0,26,4,N,nb27,1730,-0.922,0.34,0,0
15,0,26,4,N,nb28,1730,-1.341,1.865,2,1
15,0,26,4,N,nb29,1730,1.814,0.658,2,1
15,0,26,4,A,aa0,1730,-0.588,-1.175,0,0
15,0,26,4,A,aa1,1730,0.223,-0.386,1,0
15,0,26,4,A,aa2,1730,-0.13,1.635,2,0
15,0,26,4,A,aa3,1730,1.479,-1.526,0,0
15,0,26,4,N,nb0,1735,1.866,0.82,3,1
15,0,26,4,N,nb1,1735,-1.577,1.866,1,0
15,0,26,4,N,nb2,1735,-0.666,1.865,2,1
15,0,26,4,N,nb3,1735,-1.774,-1.039,3,1
15,0,26,4,N,nb4,1735,-1.532,-1.035,1,1
15,0,26,4,N,nb5,1735,0.233,-1.866,1,1
15,0,26,4,N,nb6,1735,1.865,1.279,1,1
15,0,26,4,N,nb7,1735,-0.825,1.521,1,1
15,0,26,4,N,nb8,1735,-0.562,-0.232,2,1
15,0,26,4,N,nb9,1735,1.865,1.11,2,1
15,0,26,4,N,nb10,1735,-0.328,-0.211,1,1
15,0,26,4,N,nb11,1735,1.741,0.994,3,1
15,0,26,4,N,nb12,1735,-0.354,1.866,1,0
15,0,26,4,N,nb13,1735,-1.842,0.326,1,1
15,0,26,4,N,nb14,1735,-1.865,-1.255,1,1
15,0,26,4,N,nb15,1735,-0.78,-0.337,1,1
15,0,26,4,N,nb16,1735,0.356,-1.739,1,1
15,0,26,4,N,nb17,1735,-1.819,-0.806,1,1
15,0,26,4,N,nb18,1735,-0.554,1.738,3,0
15,0,26,4,N,nb19,1735,1.697,0.805,3,1
15,0,26,4,N,nb20,1735,-0.768,0.418,0,0
15,0,26,4,N,nb21,1735,-1.057,1.629,2,1
15,0,26,4,N,nb22,1735,-1.865,0.158,1,1
15,0,26,4,N,nb23,1735,-1.452,-0.003,0,0
15,0,26,4,N,nb24,1735,-0.795,1.688,3,0
15,0,26,4,N,nb25,1735,-1.177,1.422,1,1
15,0,26,4,N,nb26,1735,-1.294,1.701,2,1
15,0,26,4,N,nb27,1735,-1.02,0.323,0,0
15,0,26,4,N,nb28,1735,-1.341,1.865,2,1
15,0,26,4,N,nb29,1735,1.814,0.658,2,1
15,0,26,4,A,aa0,1735,-0.592,-1.075,0,0
15,0,26,4,A,aa1,1735,0.283,-0.466,0,0
15,0,26,4,A,aa2,1735,-0.22,1.591,3,1
15,0,26,4,A,aa3,1735,1.567,-1.479,0,0
15,0,26,4,N,nb0,1740,1.866,0.82,3,1
15,0,26,4,N,nb1,1740,-1.577,1.866,1,1
15,0,26,4,N,nb2,1740,-0.666,1.865,2,1
15,0,26,4,N,nb3,1740,-1.774,-1.039,3,0
15,0,26,4,N,nb4,1740,-1.532,-1.035,1,1
15,0,26,4,N,nb5,1740,0.233,-1.866,1,1
15,0,26,4,N,nb6,1740,1.865,1.279,1,1
15,0,26,4,N,nb7,1740,-0.856,1.529,2,0
15,0,26,4,N,nb8,1740,-0.562,-0.232,2,1
15,0,26,4,N,nb9,1740,1.865,1.11,2,1
15,0,26,4,N,nb10,1740,-0.328,-0.211,1,1
15,0,26,4,N,nb11,1740,1.741,0.994,3,1
15,0,26,4,N,nb12,1740,-0.422,1.866,1,0
15,0,26,4,N,nb13,1740,-1.842,0.326,1,1
15,0,26,4,N,nb14,1740,-1.865,-1.255,1,0
15,0,26,4,N,nb15,1740,-0.78,-0.337,1,0
15,0,26,4,N,nb16,1740,0.356,-1.739,1,0
15,0,26,4,N,nb17,1740,-1.819,-0.806,1,1
15,0,26,4,N,nb18,1740,-0.61,1.696,1,0
15,0,26,4,N,nb19,1740,1.697,0.805,3,1
15,0,26,4,N,nb20,1740,-0.862,0.394,0,0
15,0,26,4,N,nb21,1740,-1.057,1.629,4,1
15,0,26,4,N,nb22,1740,-1.865,0.158,1,1
15,0,26,4,N,nb23,1740,-1.517,0.073,0,0
15,0,26,4,N,nb24,1740,-0.864,1.699,2,0
15,0,26,4,N,nb25,1740,-1.177,1.422,1,1
15,0,26,4,N,nb26,1740,-1.294,1.701,2,1
15,0,26,4,N,nb27,1740,-1.119,0.306,0,0
15,0,26,4,N,nb28,1740,-1.341,1.865,2,1
15,0,26,4,N,nb29,1740,1.814,0.658,2,1
15,0,26,4,A,aa0,1740,-0.596,-0.975,0,0
15,0,26,4,A,aa1,1740,0.342,-0.547,0,0
15,0,26,4,A,aa2,1740,-0.31,1.547,1,0
15,0,26,4,A,aa3,1740,1.655,-1.431,0,0
15,0,26,4,N,nb0,1745,1.866,0.82,3,1
15,0,26,4,N,nb1,1745,-1.577,1.866,1,1
15,0,26,4,N,nb2,1745,-0.674,1.863,2,1
15,0,26,4,N,nb3,1745,-1.774,-1.039,3,1
15,0,26,4,N,nb4,1745,-1.532,-1.035,1,1
15,0,26,4,N,nb5,1745,0.233,-1.866,1,1
15,0,26,4,N,nb6,1745,1.865,1.279,1,1
15,0,26,4,N,nb7,1745,-0.901,1.575,3,0
15,0,26,4,N,nb8,1745,-0.562,-0.232,2,1
15,0,26,4,N,nb9,1745,1.865,1.11,2,1
15,0,26,4,N,nb10,1745,-0.328,-0.211,1,1
15,0,26,4,N,nb11,1745,1.741,0.994,3,1
15,0,26,4,N,nb12,1745,-0.505,1.866,1,0
15,0,26,4,N,nb13,1745,-1.842,0.326,1,0
15,0,26,4,N,nb14,1745,-1.865,-1.255,1,1
15,0,26,4,N,nb15,1745,-0.78,-0.337,1,1
15,0,26,4,N,nb16,1745,0.356,-1.739,1,1
15,0,26,4,N,nb17,1745,-1.819,-0.806,1,1
15,0,26,4,N,nb18,1745,-0.681,1.636,2,0
15,0,26,4,N,nb19,1745,1.697,0.805,3,1
15,0,26,4,N,nb20,1745,-0.959,0.372,0,0
15,0,26,4,N,nb21,1745,-1.061,1.63,4,1
15,0,26,4,N,nb22,1745,-1.865,0.158,1,1
15,0,26,4,N,nb23,1745,-1.582,0.149,0,0
15,0,26,4,N,nb24,1745,-0.935,1.742,2,0
15,0,26,4,N,nb25,1745,-1.177,1.422,1,1
15,0,26,4,N,nb26,1745,-1.294,1.701,2,1
15,0,26,4,N,nb27,1745,-1.217,0.289,0,0
15,0,26,4,N,nb28,1745,-1.341,1.865,2,1
15,0,26,4,N,nb29,1745,1.814,0.658,2,1
15,0,26,4,A,aa0,1745,-0.6,-0.875,1,0
15,0,26,4,A,aa1,1745,0.401,-0.627,0,0
15,0,26,4,A,aa2,1745,-0.4,1.503,1,0
15,0,26,4,A,aa3,1745,1.743,-1.384,0,0
15,0,26,4,N,nb0,1750,1.866,0.82,3,1
15,0,26,4,N,nb1,1750,-1.577,1.866,1,1
15,0,26,4,N,nb2,1750,-0.685,1.86,2,0
15,0,26,4,N,nb3,1750,-1.774,-1.039,3,1
15,0,26,4,N,nb4,1750,-1.532,-1.035,1,1
15,0,26,4,N,nb5,1750,0.233,-1.866,1,1
15,0,26,4,N,nb6,1750,1.865,1.279,1,1
15,0,26,4,N,nb7,1750,-0.91,1.588,3,0
15,0,26,4,N,nb8,1750,-0.562,-0.232,2,1
15,0,26,4,N,nb9,1750,1.865,1.11,2,1
15,0,26,4,N,nb10,1750,-0.328,-0.211,1,1
15,0,26,4,N,nb11,1750,1.741,0.994,3,1
15,0,26,4,N,nb12,1750,-0.516,1.866,1,0
15,0,26,4,N,nb13,1750,-1.842,0.326,1,1
15,0,26,4,N,nb14,1750,-1.865,-1.255,1,1
15,0,26,4,N,nb15,1750,-0.78,-0.337,1,1
15,0,26,4,N,nb16,1750,0.356,-1.739,1,1
15,0,26,4,N,nb17,1750,-1.819,-0.806,1,1
15,0,26,4,N,nb18,1750,-0.696,1.621,2,0
15,0,26,4,N,nb19,1750,1.697,0.805,3,1
15,0,26,4,N,nb20,1750,-1.057,0.35,0,0
15,0,26,4,N,nb21,1750,-1.073,1.633,4,1
15,0,26,4,N,nb22,1750,-1.865,0.158,2,1
15,0,26,4,N,nb23,1750,-1.622,0.195,1,1
15,0,26,4,N,nb24,1750,-0.952,1.753,2,1
15,0,26,4,N,nb25,1750,-1.177,1.422,1,1
15,0,26,4,N,nb26,1750,-1.294,1.701,2,1
15,0,26,4,N,nb27,1750,-1.315,0.271,0,0
15,0,26,4,N,nb28,1750,-1.341,1.865,2,1
15,0,26,4,N,nb29,1750,1.814,0.658,2,1
15,0,26,4,A,aa0,1750,-0.605,-0.775,2,0
15,0,26,4,A,aa1,1750,0.46,-0.708,0,0
15,0,26,4,A,aa2,1750,-0.489,1.459,4,1
15,0,26,4,A,aa3,1750,1.824,-1.339,0,0
15,0,26,4,N,nb0,1755,1.866,0.82,3,1
15,0,26,4,N,nb1,1755,-1.577,1.866,1,1
15,0,26,4,N,nb2,1755,-0.772,1.865,2,0
15,0,26,4,N,nb3,1755,-1.774,-1.039,3,1
15,0,26,4,N,nb4,1755,-1.532,-1.035,1,1
15,0,26,4,N,nb5,1755,0.233,-1.866,1,1
15,0,26,4,N,nb6,1755,1.865,1.279,1,1
15,0,26,4,N,nb7,1755,-0.913,1.588,3,0
15,0,26,4,N,nb8,1755,-0.562,-0.247,2,0
15,0,26,4,N,nb9,1755,1.865,1.11,2,1
15,0,26,4,N,nb10,1755,-0.332,-0.226,1,0
15,0,26,4,N,nb11,1755,1.741,0.994,3,1
15,0,26,4,N,nb12,1755,-0.603,1.854,1,0
15,0,26,4,N,nb13,1755,-1.842,0.326,1,1
15,0,26,4,N,nb14,1755,-1.865,-1.255,1,1
15,0,26,4,N,nb15,1755,-0.765,-0.34,1,0
15,0,26,4,N,nb16,1755,0.356,-1.739,1,1
15,0,26,4,N,nb17,1755,-1.819,-0.806,1,1
15,0,26,4,N,nb18,1755,-0.746,1.558,1,0
15,0,26,4,N,nb19,1755,1.697,0.805,3,1
15,0,26,4,N,nb20,1755,-1.152,0.328,0,0
15,0,26,4,N,nb21,1755,-1.076,1.635,4,1
15,0,26,4,N,nb22,1755,-1.865,0.158,2,1
15,0,26,4,N,nb23,1755,-1.622,0.195,2,1
15,0,26,4,N,nb24,1755,-0.952,1.753,3,1
15,0,26,4,N,nb25,1755,-1.177,1.422,1,1
15,0,26,4,N,nb26,1755,-1.294,1.701,2,1
15,0,26,4,N,nb27,1755,-1.393,0.256,1,1
15,0,26,4,N,nb28,1755,-1.341,1.865,2,1
15,0,26,4,N,nb29,1755,1.814,0.658,2,1
15,0,26,4,A,aa0,1755,-0.608,-0.692,0,0
15,0,26,4,A,aa1,1755,0.519,-0.789,0,0
15,0,26,4,A,aa2,1755,-0.568,1.415,0,0
15,0,26,4,A,aa3,1755,1.866,-1.286,0,0
15,0,26,4,N,nb0,1760,1.866,0.82,3,1
15,0,26,4,N,nb1,1760,-1.577,1.866,1,1
15,0,26,4,N,nb2,1760,-0.841,1.865,2,1
15,0,26,4,N,nb3,1760,-1.774,-1.039,3,1
15,0,26,4,N,nb4,1760,-1.532,-1.035,1,1
15,0,26,4,N,nb5,1760,0.233,-1.866,1,1
15,0,26,4,N,nb6,1760,1.865,1.279,1,0
15,0,26,4,N,nb7,1760,-0.931,1.587,3,1
15,0,26,4,N,nb8,1760,-0.54,-0.322,2,0
15,0,26,4,N,nb9,1760,1.865,1.11,2,1
15,0,26,4,N,nb10,1760,-0.343,-0.317,1,0
15,0,26,4,N,nb11,1760,1.741,0.994,3,0
15,0,26,4,N,nb12,1760,-0.674,1.835,1,1
15,0,26,4,N,nb13,1760,-1.842,0.326,1,1
15,0,26,4,N,nb14,1760,-1.865,-1.255,1,1
15,0,26,4,N,nb15,1760,-0.699,-0.38,1,0
15,0,26,4,N,nb16,1760,0.356,-1.739,1,1
15,0,26,4,N,nb17,1760,-1.819,-0.806,1,1
15,0,26,4,N,nb18,1760,-0.788,1.483,1,1
15,0,26,4,N,nb19,1760,1.697,0.805,3,1
15,0,26,4,N,nb20,1760,-1.171,0.325,1,1
15,0,26,4,N,nb21,1760,-1.093,1.639,4,1
15,0,26,4,N,nb22,1760,-1.865,0.158,2,1
15,0,26,4,N,nb23,1760,-1.622,0.195,2,1
15,0,26,4,N,nb24,1760,-0.968,1.753,3,1
15,0,26,4,N,nb25,1760,-1.177,1.422,1,1
15,0,26,4,N,nb26,1760,-1.294,1.701,2,1
15,0,26,4,N,nb27,1760,-1.393,0.256,2,1
15,0,26,4,N,nb28,1760,-1.341,1.865,2,1
15,0,26,4,N,nb29,1760,1.814,0.658,2,1
15,0,26,4,A,aa0,1760,-0.608,-0.692,0,0
15,0,26,4,A,aa1,1760,0.579,-0.869,0,0
15,0,26,4,A,aa2,1760,-0.571,1.413,1,0
15,0,26,4,A,aa3,1760,1.866,-1.225,0,0
15,0,26,4,N,nb0,1765,1.866,0.82,3,1
15,0,26,4,N,nb1,1765,-1.577,1.866,1,1
15,0,26,4,N,nb2,1765,-0.843,1.865,2,0
15,0,26,4,N,nb3,1765,-1.774,-1.039,3,1
15,0,26,4,N,nb4,1765,-1.532,-1.035,1,1
15,0,26,4,N,nb5,1765,0.233,-1.866,1,1
15,0,26,4,N,nb6,1765,1.865,1.279,1,1
15,0,26,4,N,nb7,1765,-0.931,1.586,3,1
15,0,26,4,N,nb8,1765,-0.51,-0.383,2,1
15,0,26,4,N,nb9,1765,1.865,1.11,2,0
15,0,26,4,N,nb10,1765,-0.34,-0.393,1,1
15,0,26,4,N,nb11,1765,1.741,0.994,3,1
15,0,26,4,N,nb12,1765,-0.676,1.834,1,0
15,0,26,4,N,nb13,1765,-1.842,0.326,1,1
15,0,26,4,N,nb14,1765,-1.865,-1.255,1,1
15,0,26,4,N,nb15,1765,-0.673,-0.428,1,1
15,0,26,4,N,nb16,1765,0.356,-1.739,1,1
15,0,26,4,N,nb17,1765,-1.819,-0.806,1,1
15,0,26,4,N,nb18,1765,-0.796,1.467,1,0
15,0,26,4,N,nb19,1765,1.697,0.805,3,1
15,0,26,4,N,nb20,1765,-1.171,0.325,1,1
15,0,26,4,N,nb21,1765,-1.094,1.638,4,1
15,0,26,4,N,nb22,1765,-1.865,0.158,2,1
15,0,26,4,N,nb23,1765,-1.622,0.195,2,1
15,0,26,4,N,nb24,1765,-0.969,1.752,3,1
15,0,26,4,N,nb25,1765,-1.177,1.422,1,1
15,0,26,4,N,nb26,1765,-1.294,1.701,2,1
15,0,26,4,N,nb27,1765,-1.393,0.256,2,1
15,0,26,4,N,nb28,1765,-1.341,1.865,2,1
15,0,26,4,N,nb29,1765,1.814,0.658,2,1
15,0,26,4,A,aa0,1765,-0.68,-0.635,0,0
15,0,26,4,A,aa1,1765,0.638,-0.95,0,0
15,0,26,4,A,aa2,1765,-0.577,1.342,0,0
15,0,26,4,A,aa3,1765,1.866,-1.153,0,0
15,0,26,4,N,nb0,1770,1.866,0.82,3,1
15,0,26,4,N,nb1,1770,-1.577,1.866,1,1
15,0,26,4,N,nb2,1770,-0.856,1.865,2,0
15,0,26,4,N,nb3,1770,-1.774,-1.039,3,1
15,0,26,4,N,nb4,1770,-1.532,-1.035,1,1
15,0,26,4,N,nb5,1770,0.233,-1.866,1,1
15,0,26,4,N,nb6,1770,1.865,1.279,1,1
15,0,26,4,N,nb7,1770,-0.932,1.582,3,1
15,0,26,4,N,nb8,1770,-0.51,-0.383,2,1
15,0,26,4,N,nb9,1770,1.865,1.11,2,1
15,0,26,4,N,nb10,1770,-0.339,-0.427,1,0
15,0,26,4,N,nb11,1770,1.741,0.994,3,1
15,0,26,4,N,nb12,1770,-0.696,1.808,1,0
15,0,26,4,N,nb13,1770,-1.842,0.326,1,1
15,0,26,4,N,nb14,1770,-1.865,-1.255,1,1
15,0,26,4,N,nb15,1770,-0.669,-0.44,1,0
15,0,26,4,N,nb16,1770,0.356,-1.739,1,1
15,0,26,4,N,nb17,1770,-1.819,-0.806,1,1
15,0,26,4,N,nb18,1770,-0.836,1.381,1,0
15,0,26,4,N,nb19,1770,1.697,0.805,3,1
15,0,26,4,N,nb20,1770,-1.171,0.325,1,1
15,0,26,4,N,nb21,1770,-1.101,1.633,4,1
15,0,26,4,N,nb22,1770,-1.865,0.158,2,1
15,0,26,4,N,nb23,1770,-1.622,0.195,2,1
15,0,26,4,N,nb24,1770,-0.977,1.746,3,1
15,0,26,4,N,nb25,1770,-1.177,1.422,1,1
15,0,26,4,N,nb26,1770,-1.294,1.701,2,1
15,0,26,4,N,nb27,1770,-1.393,0.256,2,1
15,0,26,4,N,nb28,1770,-1.341,1.865,2,1
15,0,26,4,N,nb29,1770,1.814,0.658,2,1
15,0,26,4,A,aa0,1770,-0.757,-0.587,0,0
15,0,26,4,A,aa1,1770,0.697,-1.03,0,0
15,0,26,4,A,aa2,1770,-0.58,1.244,0,0
15,0,26,4,A,aa3,1770,1.866,-1.074,0,0
15,0,26,4,N,nb0,1775,1.866,0.82,3,1
15,0,26,4,N,nb1,1775,-1.577,1.866,1,1
15,0,26,4,N,nb2,1775,-0.866,1.865,2,1
15,0,26,4,N,nb3,1775,-1.774,-1.039,3,1
15,0,26,4,N,nb4,1775,-1.532,-1.035,1,1
15,0,26,4,N,nb5,1775,0.233,-1.866,1,1
15,0,26,4,N,nb6,1775,1.865,1.279,1,1
15,0,26,4,N,nb7,1775,-0.932,1.58,2,1
15,0,26,4,N,nb8,1775,-0.5,-0.383,2,1
15,0,26,4,N,nb9,1775,1.865,1.11,2,1
15,0,26,4,N,nb10,1775,-0.329,-0.521,1,0
15,0,26,4,N,nb11,1775,1.741,0.994,3,1
15,0,26,4,N,nb12,1775,-0.728,1.767,1,1
15,0,26,4,N,nb13,1775,-1.842,0.326,1,1
15,0,26,4,N,nb14,1775,-1.865,-1.255,1,1
15,0,26,4,N,nb15,1775,-0.647,-0.467,1,0
15,0,26,4,N,nb16,1775,0.356,-1.739,1,1
15,0,26,4,N,nb17,1775,-1.819,-0.806,1,1
15,0,26,4,N,nb18,1775,-0.871,1.291,0,0
15,0,26,4,N,nb19,1775,1.697,0.805,3,1
15,0,26,4,N,nb20,1775,-1.171,0.325,1,1
15,0,26,4,N,nb21,1775,-1.107,1.629,4,1
15,0,26,4,N,nb22,1775,-1.865,0.158,2,1
15,0,26,4,N,nb23,1775,-1.622,0.195,2,1
15,0,26,4,N,nb24,1775,-0.983,1.743,3,1
15,0,26,4,N,nb25,1775,-1.177,1.422,1,1
15,0,26,4,N,nb26,1775,-1.294,1.701,2,1
15,0,26,4,N,nb27,1775,-1.393,0.256,2,1
15,0,26,4,N,nb28,1775,-1.341,1.865,2,1
15,0,26,4,N,nb29,1775,1.814,0.658,2,1
15,0,26,4,A,aa0,1775,-0.776,-0.578,0,0
15,0,26,4,A,aa1,1775,0.756,-1.111,0,0
15,0,26,4,A,aa2,1775,-0.581,1.144,1,0
15,0,26,4,A,aa3,1775,1.866,-0.989,0,0
15,0,26,4,N,nb0,1780,1.866,0.82,3,1
15,0,26,4,N,nb1,1780,-1.577,1.866,1,1
15,0,26,4,N,nb2,1780,-0.866,1.865,2,1
15,0,26,4,N,nb3,1780,-1.774,-1.039,3,1
15,0,26,4,N,nb4,1780,-1.532,-1.035,1,1
15,0,26,4,N,nb5,1780,0.233,-1.866,1,1
15,0,26,4,N,nb6,1780,1.865,1.279,1,1
15,0,26,4,N,nb7,1780,-0.932,1.58,2,1
15,0,26,4,N,nb8,1780,-0.494,-0.382,1,1
15,0,26,4,N,nb9,1780,1.865,1.11,2,1
15,0,26,4,N,nb10,1780,-0.312,-0.617,0,0
15,0,26,4,N,nb11,1780,1.741,0.994,3,1
15,0,26,4,N,nb12,1780,-0.728,1.767,1,1
15,0,26,4,N,nb13,1780,-1.842,0.326,1,1
15,0,26,4,N,nb14,1780,-1.865,-1.255,1,1
15,0,26,4,N,nb15,1780,-0.625,-0.488,1,1
15,0,26,4,N,nb16,1780,0.356,-1.739,1,1
15,0,26,4,N,nb17,1780,-1.819,-0.806,1,1
15,0,26,4,N,nb18,1780,-0.905,1.197,0,0
15,0,26,4,N,nb19,1780,1.697,0.805,3,1
15,0,26,4,N,nb20,1780,-1.171,0.325,1,1
15,0,26,4,N,nb21,1780,-1.107,1.629,4,1
15,0,26,4,N,nb22,1780,-1.865,0.158,2,1
15,0,26,4,N,nb23,1780,-1.622,0.195,2,1
15,0,26,4,N,nb24,1780,-0.983,1.743,3,1
15,0,26,4,N,nb25,1780,-1.177,1.422,1,1
15,0,26,4,N,nb26,1780,-1.294,1.701,2,1
15,0,26,4,N,nb27,1780,-1.393,0.256,2,1
15,0,26,4,N,nb28,1780,-1.341,1.865,2,1
15,0,26,4,N,nb29,1780,1.814,0.658,2,1
15,0,26,4,A,aa0,1780,-0.849,-0.598,1,0
15,0,26,4,A,aa1,1780,0.816,-1.191,0,0
15,0,26,4,A,aa2,1780,-0.582,1.081,0,0
15,0,26,4,A,aa3,1780,1.866,-0.899,0,0
15,0,26,4,N,nb0,1785,1.866,0.82,3,1
15,0,26,4,N,nb1,1785,-1.577,1.866,1,1
15,0,26,4,N,nb2,1785,-0.866,1.865,2,1
15,0,26,4,N,nb3,1785,-1.774,-1.039,3,1
15,0,26,4,N,nb4,1785,-1.532,-1.035,1,1
15,0,26,4,N,nb5,1785,0.233,-1.866,1,1
15,0,26,4,N,nb6,1785,1.865,1.279,1,1
15,0,26,4,N,nb7,1785,-0.932,1.58,2,1
15,0,26,4,N,nb8,1785,-0.494,-0.382,1,1
15,0,26,4,N,nb9,1785,1.865,1.11,2,1
15,0,26,4,N,nb10,1785,-0.293,-0.716,0,0
15,0,26,4,N,nb11,1785,1.741,0.994,3,1
15,0,26,4,N,nb12,1785,-0.728,1.767,1,1
15,0,26,4,N,nb13,1785,-1.842,0.326,1,1
15,0,26,4,N,nb14,1785,-1.865,-1.255,1,1
15,0,26,4,N,nb15,1785,-0.625,-0.488,1,1
15,0,26,4,N,nb16,1785,0.356,-1.739,1,1
15,0,26,4,N,nb17,1785,-1.819,-0.806,1,1
15,0,26,4,N,nb18,1785,-0.939,1.103,0,0
15,0,26,4,N,nb19,1785,1.697,0.805,3,1
15,0,26,4,N,nb20,1785,-1.171,0.325,1,1
15,0,26,4,N,nb21,1785,-1.107,1.629,4,1
15,0,26,4,N,nb22,1785,-1.865,0.158,2,1
15,0,26,4,N,nb23,1785,-1.622,0.195,2,1
15,0,26,4,N,nb24,1785,-0.983,1.743,3,1
15,0,26,4,N,nb25,1785,-1.177,1.422,1,1
15,0,26,4,N,nb26,1785,-1.294,1.701,2,1
15,0,26,4,N,nb27,1785,-1.393,0.256,2,1
15,0,26,4,N,nb28,1785,-1.341,1.865,2,1
15,0,26,4,N,nb29,1785,1.814,0.658,2,1
15,0,26,4,A,aa0,1785,-0.945,-0.626,1,0
15,0,26,4,A,aa1,1785,0.875,-1.272,0,0
15,0,26,4,A,aa2,1785,-0.552,1.01,0,0
15,0,26,4,A,aa3,1785,1.866,-0.808,0,0
15,0,26,4,N,nb0,1790,1.866,0.82,3,1
15,0,26,4,N,nb1,1790,-1.577,1.866,1,1
15,0,26,4,N,nb2,1790,-0.866,1.865,2,1
15,0,26,4,N,nb3,1790,-1.774,-1.039,3,1
15,0,26,4,N,nb4,1790,-1.532,-1.035,1,0
15,0,26,4,N,nb5,1790,0.233,-1.866,1,0
15,0,26,4,N,nb6,1790,1.865,1.279,1,1
15,0,26,4,N,nb7,1790,-0.932,1.58,2,0
15,0,26,4,N,nb8,1790,-0.494,-0.382,1,1
15,0,26,4,N,nb9,1790,1.865,1.11,2,1
15,0,26,4,N,nb10,1790,-0.274,-0.814,0,0
15,0,26,4,N,nb11,1790,1.741,0.994,3,1
15,0,26,4,N,nb12,1790,-0.728,1.767,1,1
15,0,26,4,N,nb13,1790,-1.842,0.326,1,1
15,0,26,4,N,nb14,1790,-1.865,-1.255,1,1
15,0,26,4,N,nb15,1790,-0.625,-0.488,1,1
15,0,26,4,N,nb16,1790,0.356,-1.739,1,1
15,0,26,4,N,nb17,1790,-1.819,-0.806,1,1
15,0,26,4,N,nb18,1790,-0.973,1.009,0,0
15,0,26,4,N,nb19,1790,1.697,0.805,3,1
15,0,26,4,N,nb20,1790,-1.171,0.325,1,1
15,0,26,4,N,nb21,1790,-1.107,1.629,4,1
15,0,26,4,N,nb22,1790,-1.865,0.158,2,1
15,0,26,4,N,nb23,1790,-1.622,0.195,2,1
15,0,26,4,N,nb24,1790,-0.983,1.743,3,1
15,0,26,4,N,nb25,1790,-1.177,1.422,1,1
15,0,26,4,N,nb26,1790,-1.294,1.701,2,1
15,0,26,4,N,nb27,1790,-1.393,0.256,2,1
15,0,26,4,N,nb28,1790,-1.341,1.865,2,1
15,0,26,4,N,nb29,1790,1.814,0.658,2,1
15,0,26,4,A,aa0,1790,-0.948,-0.627,1,0
15,0,26,4,A,aa1,1790,0.934,-1.353,0,0
15,0,26,4,A,aa2,1790,-0.535,0.971,0,0
15,0,26,4,A,aa3,1790,1.859,-0.715,0,0
15,0,26,4,N,nb0,1795,1.866,0.82,3,1
15,0,26,4,N,nb1,1795,-1.577,1.866,1,1
15,0,26,4,N,nb2,1795,-0.866,1.865,2,1
15,0,26,4,N,nb3,1795,-1.774,-1.039,3,1
15,0,26,4,N,nb4,1795,-1.532,-1.035,1,1
15,0,26,4,N,nb5,1795,0.233,-1.866,1,1
15,0,26,4,N,nb6,1795,1.865,1.279,1,1
15,0,26,4,N,nb7,1795,-0.932,1.58,2,1
15,0,26,4,N,nb8,1795,-0.494,-0.382,1,1
15,0,26,4,N,nb9,1795,1.865,1.11,2,1
15,0,26,4,N,nb10,1795,-0.256,-0.912,0,0
15,0,26,4,N,nb11,1795,1.741,0.994,3,1
15,0,26,4,N,nb12,1795,-0.728,1.767,1,1
15,0,26,4,N,nb13,1795,-1.842,0.326,1,1
15,0,26,4,N,nb14,1795,-1.865,-1.255,1,1
15,0,26,4,N,nb15,1795,-0.625,-0.488,1,1
15,0,26,4,N,nb16,1795,0.356,-1.739,1,1
15,0,26,4,N,nb17,1795,-1.819,-0.806,1,1
15,0,26,4,N,nb18,1795,-1.007,0.915,0,0
15,0,26,4,N,nb19,1795,1.697,0.805,3,1
15,0,26,4,N,nb20,1795,-1.171,0.325,1,1
15,0,26,4,N,nb21,1795,-1.107,1.629,4,1
15,0,26,4,N,nb22,1795,-1.865,0.158,2,1
15,0,26,4,N,nb23,1795,-1.622,0.195,2,1
15,0,26,4,N,nb24,1795,-0.983,1.743,3,1
15,0,26,4,N,nb25,1795,-1.177,1.422,1,1
15,0,26,4,N,nb26,1795,-1.294,1.701,2,1
15,0,26,4,N,nb27,1795,-1.393,0.256,2,1
15,0,26,4,N,nb28,1795,-1.341,1.865,2,1
15,0,26,4,N,nb29,1795,1.814,0.658,2,1
15,0,26,4,A,aa0,1795,-0.98,-0.697,1,0
15,0,26,4,A,aa1,1795,0.993,-1.433,0,0
15,0,26,4,A,aa2,1795,-0.483,0.946,0,0
15,0,26,4,A,aa3,1795,1.842,-0.624,0,0
15,0,26,4,N,nb0,1800,1.866,0.82,3,1
15,0,26,4,N,nb1,1800,-1.577,1.866,1,1
15,0,26,4,N,nb2,1800,-0.866,1.865,2,1
15,0,26,4,N,nb3,1800,-1.774,-1.039,3,1
15,0,26,4,N,nb4,1800,-1.532,-1.035,1,1
15,0,26,4,N,nb5,1800,0.233,-1.866,1,1
15,0,26,4,N,nb6,1800,1.865,1.279,1,1
15,0,26,4,N,nb7,1800,-0.932,1.58,2,1
15,0,26,4,N,nb8,1800,-0.494,-0.382,1,1
15,0,26,4,N,nb9,1800,1.865,1.11,2,1
15,0,26,4,N,nb10,1800,-0.237,-1.01,0,0
15,0,26,4,N,nb11,1800,1.741,0.994,3,1
15,0,26,4,N,nb12,1800,-0.728,1.767,1,1
15,0,26,4,N,nb13,1800,-1.842,0.326,1,1
15,0,26,4,N,nb14,1800,-1.865,-1.255,1,1
15,0,26,4,N,nb15,1800,-0.625,-0.488,1,1
15,0,26,4,N,nb16,1800,0.356,-1.739,1,1
15,0,26,4,N,nb17,1800,-1.819,-0.806,1,1
15,0,26,4,N,nb18,1800,-1.041,0.821,0,0
15,0,26,4,N,nb19,1800,1.697,0.805,3,1
15,0,26,4,N,nb20,1800,-1.171,0.325,1,1
15,0,26,4,N,nb21,1800,-1.107,1.629,4,1
15,0,26,4,N,nb22,1800,-1.865,0.158,2,1
15,0,26,4,N,nb23,1800,-1.622,0.195,2,1
15,0,26,4,N,nb24,1800,-0.983,1.743,3,1
15,0,26,4,N,nb25,1800,-1.177,1.422,1,1
15,0,26,4,N,nb26,1800,-1.294,1.701,2,1
15,0,26,4,N,nb27,1800,-1.393,0.256,2,1
15,0,26,4,N,nb28,1800,-1.341,1.865,2,1
15,0,26,4,N,nb29,1800,1.814,0.658,2,1
15,0,26,4,A,aa0,1800,-1.021,-0.788,2,0
15,0,26,4,A,aa1,1800,1.052,-1.514,0,0
15,0,26,4,A,aa2,1800,-0.393,0.903,0,0
15,0,26,4,A,aa3,1800,1.816,-0.534,0,0
15,0,26,4,N,nb0,1805,1.866,0.82,3,1
15,0,26,4,N,nb1,1805,-1.577,1.866,1,1
15,0,26,4,N,nb2,1805,-0.866,1.865,2,1
15,0,26,4,N,nb3,1805,-1.774,-1.039,3,1
15,0,26,4,N,nb4,1805,-1.532,-1.035,1,1
15,0,26,4,N,nb5,1805,0.233,-1.866,1,1
15,0,26,4,N,nb6,1805,1.865,1.279,1,1
15,0,26,4,N,nb7,1805,-0.932,1.58,2,1
15,0,26,4,N,nb8,1805,-0.494,-0.382,1,1
15,0,26,4,N,nb9,1805,1.865,1.11,2,1
15,0,26,4,N,nb10,1805,-0.218,-1.108,0,0
15,0,26,4,N,nb11,1805,1.741,0.994,3,1
15,0,26,4,N,nb12,1805,-0.728,1.767,1,1
15,0,26,4,N,nb13,1805,-1.842,0.326,1,1
15,0,26,4,N,nb14,1805,-1.865,-1.255,1,1
15,0,26,4,N,nb15,1805,-0.625,-0.488,1,1
15,0,26,4,N,nb16,1805,0.356,-1.739,1,1
15,0,26,4,N,nb17,1805,-1.819,-0.806,1,1
15,0,26,4,N,nb18,1805,-1.075,0.727,0,0
15,0,26,4,N,nb19,1805,1.697,0.805,3,1
15,0,26,4,N,nb20,1805,-1.171,0.325,1,1
15,0,26,4,N,nb21,1805,-1.107,1.629,4,1
15,0,26,4,N,nb22,1805,-1.865,0.158,2,1
15,0,26,4,N,nb23,1805,-1.622,0.195,2,1
15,0,26,4,N,nb24,1805,-0.983,1.743,3,1
15,0,26,4,N,nb25,1805,-1.177,1.422,1,1
15,0,26,4,N,nb26,1805,-1.294,1.701,2,1
15,0,26,4,N,nb27,1805,-1.393,0.256,2,1
15,0,26,4,N,nb28,1805,-1.341,1.865,2,1
15,0,26,4,N,nb29,1805,1.814,0.658,2,1
15,0,26,4,A,aa0,1805,-1.063,-0.879,2,0
15,0,26,4,A,aa1,1805,1.112,-1.594,0,0
15,0,26,4,A,aa2,1805,-0.303,0.86,0,0
15,0,26,4,A,aa3,1805,1.782,-0.446,0,0
15,0,26,4,N,nb0,1810,1.866,0.82,3,0
15,0,26,4,N,nb1,1810,-1.577,1.866,1,1
15,0,26,4,N,nb2,1810,-0.866,1.865,2,1
15,0,26,4,N,nb3,1810,-1.774,-1.039,3,1
15,0,26,4,N,nb4,1810,-1.532,-1.035,1,1
15,0,26,4,N,nb5,1810,0.233,-1.866,1,1
15,0,26,4,N,nb6,1810,1.865,1.279,1,1
15,0,26,4,N,nb7,1810,-0.932,1.58,2,1
15,0,26,4,N,nb8,1810,-0.494,-0.382,1,1
15,0,26,4,N,nb9,1810,1.865,1.11,2,1
15,0,26,4,N,nb10,1810,-0.199,-1.207,0,0
15,0,26,4,N,nb11,1810,1.741,0.994,3,1
15,0,26,4,N,nb12,1810,-0.728,1.767,1,1
15,0,26,4,N,nb13,1810,-1.842,0.326,1,1
15,0,26,4,N,nb14,1810,-1.865,-1.255,1,1
15,0,26,4,N,nb15,1810,-0.625,-0.488,1,1
15,0,26,4,N,nb16,1810,0.356,-1.739,1,1
15,0,26,4,N,nb17,1810,-1.819,-0.806,1,1
15,0,26,4,N,nb18,1810,-1.109,0.633,0,0
15,0,26,4,N,nb19,1810,1.697,0.805,3,1
15,0,26,4,N,nb20,1810,-1.171,0.325,1,1
15,0,26,4,N,nb21,1810,-1.107,1.629,4,1
15,0,26,4,N,nb22,1810,-1.865,0.158,2,1
15,0,26,4,N,nb23,1810,-1.622,0.195,2,1
15,0,26,4,N,nb24,1810,-0.983,1.743,3,1
15,0,26,4,N,nb25,1810,-1.177,1.422,1,1
15,0,26,4,N,nb26,1810,-1.294,1.701,2,1
15,0,26,4,N,nb27,1810,-1.393,0.256,2,1
15,0,26,4,N,nb28,1810,-1.341,1.865,2,1
15,0,26,4,N,nb29,1810,1.814,0.658,2,1
15,0,26,4,A,aa0,1810,-1.104,-0.97,1,0
15,0,26,4,A,aa1,1810,1.171,-1.675,0,0
15,0,26,4,A,aa2,1810,-0.213,0.817,0,0
15,0,26,4,A,aa3,1810,1.74,-0.36,0,0
15,0,26,4,N,nb0,1815,1.866,0.82,3,1
15,0,26,4,N,nb1,1815,-1.577,1.866,1,1
15,0,26,4,N,nb2,1815,-0.866,1.865,2,1
15,0,26,4,N,nb3,1815,-1.774,-1.039,3,1
15,0,26,4,N,nb4,1815,-1.532,-1.035,1,1
15,0,26,4,N,nb5,1815,0.233,-1.866,1,1
15,0,26,4,N,nb6,1815,1.865,1.279,1,1
15,0,26,4,N,nb7,1815,-0.932,1.58,2,1
15,0,26,4,N,nb8,1815,-0.494,-0.382,1,1
15,0,26,4,N,nb9,1815,1.865,1.11,2,1
15,0,26,4,N,nb10,1815,-0.18,-1.305,0,0
15,0,26,4,N,nb11,1815,1.741,0.994,3,1
15,0,26,4,N,nb12,1815,-0.728,1.767,1,1
15,0,26,4,N,nb13,1815,-1.842,0.326,1,1
15,0,26,4,N,nb14,1815,-1.865,-1.255,1,1
15,0,26,4,N,nb15,1815,-0.625,-0.488,1,1
15,0,26,4,N,nb16,1815,0.356,-1.739,1,1
15,0,26,4,N,nb17,1815,-1.819,-0.806,1,1
15,0,26,4,N,nb18,1815,-1.137,0.558,1,1
15,0,26,4,N,nb19,1815,1.697,0.805,3,1
15,0,26,4,N,nb20,1815,-1.171,0.325,2,1
15,0,26,4,N,nb21,1815,-1.107,1.629,4,1
15,0,26,4,N,nb22,1815,-1.865,0.158,2,1
15,0,26,4,N,nb23,1815,-1.622,0.195,2,1
15,0,26,4,N,nb24,1815,-0.983,1.743,3,1
15,0,26,4,N,nb25,1815,-1.177,1.422,1,1
15,0,26,4,N,nb26,1815,-1.294,1.701,2,1
15,0,26,4,N,nb27,1815,-1.393,0.256,2,0
15,0,26,4,N,nb28,1815,-1.341,1.865,2,1
15,0,26,4,N,nb29,1815,1.814,0.658,2,0
15,0,26,4,A,aa0,1815,-1.145,-1.061,1,0
15,0,26,4,A,aa1,1815,1.23,-1.756,0,0
15,0,26,4,A,aa2,1815,-0.137,0.781,0,0
15,0,26,4,A,aa3,1815,1.695,-0.271,0,0
15,0,26,4,N,nb0,1820,1.866,0.82,3,1
15,0,26,4,N,nb1,1820,-1.577,1.866,1,1
15,0,26,4,N,nb2,1820,-0.866,1.865,2,1
15,0,26,4,N,nb3,1820,-1.774,-1.039,3,1
15,0,26,4,N,nb4,1820,-1.532,-1.035,1,1
15,0,26,4,N,nb5,1820,0.233,-1.866,1,1
15,0,26,4,N,nb6,1820,1.865,1.279,1,1
15,0,26,4,N,nb7,1820,-0.932,1.58,2,1
15,0,26,4,N,nb8,1820,-0.494,-0.382,1,1
15,0,26,4,N,nb9,1820,1.865,1.11,2,1
15,0,26,4,N,nb10,1820,-0.161,-1.403,0,0
15,0,26,4,N,nb11,1820,1.741,0.994,3,1
15,0,26,4,N,nb12,1820,-0.728,1.767,1,1
15,0,26,4,N,nb13,1820,-1.842,0.326,1,1
15,0,26,4,N,nb14,1820,-1.865,-1.255,1,1
15,0,26,4,N,nb15,1820,-0.625,-0.488,1,1
15,0,26,4,N,nb16,1820,0.356,-1.739,1,1
15,0,26,4,N,nb17,1820,-1.819,-0.806,1,1
15,0,26,4,N,nb18,1820,-1.137,0.558,1,1
15,0,26,4,N,nb19,1820,1.697,0.805,3,1
15,0,26,4,N,nb20,1820,-1.171,0.325,2,1
15,0,26,4,N,nb21,1820,-1.107,1.629,4,1
15,0,26,4,N,nb22,1820,-1.865,0.158,2,0
15,0,26,4,N,nb23,1820,-1.622,0.195,2,1
15,0,26,4,N,nb24,1820,-0.983,1.743,3,1
15,0,26,4,N,nb25,1820,-1.177,1.422,1,1
15,0,26,4,N,nb26,1820,-1.294,1.701,2,1
15,0,26,4,N,nb27,1820,-1.393,0.256,2,1
15,0,26,4,N,nb28,1820,-1.341,1.865,2,1
15,0,26,4,N,nb29,1820,1.814,0.658,2,1
15,0,26,4,A,aa0,1820,-1.187,-1.152,1,0
15,0,26,4,A,aa1,1820,1.286,-1.826,0,0
15,0,26,4,A,aa2,1820,-0.121,0.786,0,0
15,0,26,4,A,aa3,1820,1.649,-0.182,0,0
15,0,26,4,N,nb0,1825,1.866,0.82,3,1
15,0,26,4,N,nb1,1825,-1.577,1.866,1,1
15,0,26,4,N,nb2,1825,-0.866,1.865,2,1
15,0,26,4,N,nb3,1825,-1.774,-1.039,3,1
15,0,26,4,N,nb4,1825,-1.532,-1.035,1,1
15,0,26,4,N,nb5,1825,0.233,-1.866,1,1
15,0,26,4,N,nb6,1825,1.865,1.279,1,1
15,0,26,4,N,nb7,1825,-0.932,1.58,2,1
15,0,26,4,N,nb8,1825,-0.494,-0.382,1,0
15,0,26,4,N,nb9,1825,1.865,1.11,2,1
15,0,26,4,N,nb10,1825,-0.143,-1.501,0,0
15,0,26,4,N,nb11,1825,1.741,0.994,3,1
15,0,26,4,N,nb12,1825,-0.728,1.767,1,1
15,0,26,4,N,nb13,1825,-1.842,0.326,1,1
15,0,26,4,N,nb14,1825,-1.865,-1.255,1,1
15,0,26,4,N,nb15,1825,-0.625,-0.488,1,1
15,0,26,4,N,nb16,1825,0.356,-1.739,1,1
15,0,26,4,N,nb17,1825,-1.819,-0.806,1,1
15,0,26,4,N,nb18,1825,-1.137,0.558,1,1
15,0,26,4,N,nb19,1825,1.697,0.805,3,1
15,0,26,4,N,nb20,1825,-1.171,0.325,2,1
15,0,26,4,N,nb21,1825,-1.107,1.629,4,1
15,0,26,4,N,nb22,1825,-1.865,0.158,2,1
15,0,26,4,N,nb23,1825,-1.622,0.195,2,1
15,0,26,4,N,nb24,1825,-0.983,1.743,3,1
15,0,26,4,N,nb25,1825,-1.177,1.422,1,1
15,0,26,4,N,nb26,1825,-1.294,1.701,2,1
15,0,26,4,N,nb27,1825,-1.393,0.256,2,1
15,0,26,4,N,nb28,1825,-1.341,1.865,2,1
15,0,26,4,N,nb29,1825,1.814,0.658,2,1
15,0,26,4,A,aa0,1825,-1.228,-1.243,2,0
15,0,26,4,A,aa1,1825,1.35,-1.865,0,0
15,0,26,4,A,aa2,1825,-0.025,0.812,0,0
15,0,26,4,A,aa3,1825,1.604,-0.093,0,0
15,0,26,4,N,nb0,1830,1.866,0.82,3,1
15,0,26,4,N,nb1,1830,-1.577,1.866,1,1
15,0,26,4,N,nb2,1830,-0.866,1.865,2,1
15,0,26,4,N,nb3,1830,-1.774,-1.039,3,1
15,0,26,4,N,nb4,1830,-1.532,-1.035,1,1
15,0,26,4,N,nb5,1830,0.233,-1.866,1,1
15,0,26,4,N,nb6,1830,1.865,1.279,1,1
15,0,26,4,N,nb7,1830,-0.932,1.58,2,1
15,0,26,4,N,nb8,1830,-0.494,-0.382,1,1
15,0,26,4,N,nb9,1830,1.865,1.11,2,1
15,0,26,4,N,nb10,1830,-0.124,-1.599,0,0
15,0,26,4,N,nb11,1830,1.741,0.994,3,1
15,0,26,4,N,nb12,1830,-0.728,1.767,1,1
15,0,26,4,N,nb13,1830,-1.842,0.326,1,1
15,0,26,4,N,nb14,1830,-1.865,-1.255,1,1
15,0,26,4,N,nb15,1830,-0.625,-0.488,1,1
15,0,26,4,N,nb16,1830,0.356,-1.739,1,1
15,0,26,4,N,nb17,1830,-1.819,-0.806,1,1
15,0,26,4,N,nb18,1830,-1.137,0.558,1,1
15,0,26,4,N,nb19,1830,1.697,0.805,3,0
15,0,26,4,N,nb20,1830,-1.171,0.325,2,1
15,0,26,4,N,nb21,1830,-1.107,1.629,4,1
15,0,26,4,N,nb22,1830,-1.865,0.158,2,1
15,0,26,4,N,nb23,1830,-1.622,0.195,2,1
15,0,26,4,N,nb24,1830,-0.983,1.743,3,1
15,0,26,4,N,nb25,1830,-1.177,1.422,1,1
15,0,26,4,N,nb26,1830,-1.294,1.701,2,1
15,0,26,4,N,nb27,1830,-1.393,0.256,2,1
15,0,26,4,N,nb28,1830,-1.341,1.865,2,1
15,0,26,4,N,nb29,1830,1.814,0.658,2,1
15,0,26,4,A,aa0,1830,-1.27,-1.334,2,0
15,0,26,4,A,aa1,1830,1.422,-1.865,0,0
15,0,26,4,A,aa2,1830,0.072,0.839,0,0
15,0,26,4,A,aa3,1830,1.558,-0.003,0,0
15,0,26,4,N,nb0,1835,1.866,0.82,3,1
15,0,26,4,N,nb1,1835,-1.577,1.866,1,1
15,0,26,4,N,nb2,1835,-0.866,1.865,2,0
15,0,26,4,N,nb3,1835,-1.774,-1.071,2,0
15,0,26,4,N,nb4,1835,-1.561,-1.02,1,0
15,0,26,4,N,nb5,1835,0.233,-1.866,1,1
15,0,26,4,N,nb6,1835,1.865,1.279,1,1
15,0,26,4,N,nb7,1835,-0.932,1.58,2,1
15,0,26,4,N,nb8,1835,-0.494,-0.382,1,1
15,0,26,4,N,nb9,1835,1.865,1.11,2,1
15,0,26,4,N,nb10,1835,-0.105,-1.698,0,0
15,0,26,4,N,nb11,1835,1.741,0.994,3,1
15,0,26,4,N,nb12,1835,-0.728,1.767,1,0
15,0,26,4,N,nb13,1835,-1.842,0.326,1,1
15,0,26,4,N,nb14,1835,-1.865,-1.229,1,0
15,0,26,4,N,nb15,1835,-0.625,-0.488,1,1
15,0,26,4,N,nb16,1835,0.356,-1.739,1,1
15,0,26,4,N,nb17,1835,-1.819,-0.806,0,0
15,0,26,4,N,nb18,1835,-1.137,0.558,1,1
15,0,26,4,N,nb19,1835,1.697,0.805,3,1
15,0,26,4,N,nb20,1835,-1.171,0.325,2,1
15,0,26,4,N,nb21,1835,-1.107,1.629,4,1
15,0,26,4,N,nb22,1835,-1.865,0.158,2,1
15,0,26,4,N,nb23,1835,-1.622,0.195,2,1
15,0,26,4,N,nb24,1835,-0.983,1.743,3,1
15,0,26,4,N,nb25,1835,-1.177,1.422,1,1
15,0,26,4,N,nb26,1835,-1.294,1.701,2,1
15,0,26,4,N,nb27,1835,-1.393,0.256,2,1
15,0,26,4,N,nb28,1835,-1.341,1.865,2,1
15,0,26,4,N,nb29,1835,1.814,0.658,2,1
15,0,26,4,A,aa0,1835,-1.311,-1.425,0,0
15,0,26,4,A,aa1,1835,1.501,-1.865,0,0
15,0,26,4,A,aa2,1835,0.168,0.866,0,0
15,0,26,4,A,aa3,1835,1.513,0.086,0,0
15,0,26,4,N,nb0,1840,1.866,0.82,3,1
15,0,26,4,N,nb1,1840,-1.577,1.866,1,1
15,0,26,4,N,nb2,1840,-0.866,1.865,2,1
15,0,26,4,N,nb3,1840,-1.755,-1.109,2,0
15,0,26,4,N,nb4,1840,-1.634,-0.969,2,0
15,0,26,4,N,nb5,1840,0.233,-1.866,1,1
15,0,26,4,N,nb6,1840,1.865,1.279,1,1
15,0,26,4,N,nb7,1840,-0.932,1.58,2,1
15,0,26,4,N,nb8,1840,-0.494,-0.382,1,1
15,0,26,4,N,nb9,1840,1.865,1.11,2,1
15,0,26,4,N,nb10,1840,-0.087,-1.793,0,0
15,0,26,4,N,nb11,1840,1.741,0.994,3,1
15,0,26,4,N,nb12,1840,-0.728,1.767,1,1
15,0,26,4,N,nb13,1840,-1.842,0.326,1,1
15,0,26,4,N,nb14,1840,-1.865,-1.236,1,0
15,0,26,4,N,nb15,1840,-0.625,-0.488,1,1
15,0,26,4,N,nb16,1840,0.356,-1.739,1,1
15,0,26,4,N,nb17,1840,-1.8,-0.859,1,1
15,0,26,4,N,nb18,1840,-1.137,0.558,1,1
15,0,26,4,N,nb19,1840,1.697,0.805,3,1
15,0,26,4,N,nb20,1840,-1.171,0.325,2,1
15,0,26,4,N,nb21,1840,-1.107,1.629,4,0
15,0,26,4,N,nb22,1840,-1.865,0.158,2,1
15,0,26,4,N,nb23,1840,-1.622,0.195,2,0
15,0,26,4,N,nb24,1840,-0.983,1.743,3,1
15,0,26,4,N,nb25,1840,-1.177,1.422,1,1
15,0,26,4,N,nb26,1840,-1.294,1.701,2,1
15,0,26,4,N,nb27,1840,-1.393,0.256,2,1
15,0,26,4,N,nb28,1840,-1.341,1.865,2,1
15,0,26,4,N,nb29,1840,1.814,0.658,2,1
15,0,26,4,A,aa0,1840,-1.352,-1.516,0,0
15,0,26,4,A,aa1,1840,1.586,-1.865,0,0
15,0,26,4,A,aa2,1840,0.264,0.893,0,0
15,0,26,4,A,aa3,1840,1.467,0.175,1,0
15,0,26,4,N,nb0,1845,1.866,0.82,3,1
15,0,26,4,N,nb1,1845,-1.577,1.866,1,1
15,0,26,4,N,nb2,1845,-0.866,1.865,2,1
15,0,26,4,N,nb3,1845,-1.731,-1.141,2,1
15,0,26,4,N,nb4,1845,-1.667,-0.943,2,1
15,0,26,4,N,nb5,1845,0.233,-1.866,1,1
15,0,26,4,N,nb6,1845,1.865,1.279,1,1
15,0,26,4,N,nb7,1845,-0.932,1.58,2,1
15,0,26,4,N,nb8,1845,-0.494,-0.382,1,1
15,0,26,4,N,nb9,1845,1.865,1.11,2,1
15,0,26,4,N,nb10,1845,-0.061,-1.865,0,0
15,0,26,4,N,nb11,1845,1.741,0.994,3,1
15,0,26,4,N,nb12,1845,-0.728,1.767,1,1
15,0,26,4,N,nb13,1845,-1.842,0.326,1,1
15,0,26,4,N,nb14,1845,-1.865,-1.243,1,1
15,0,26,4,N,nb15,1845,-0.625,-0.488,1,1
15,0,26,4,N,nb16,1845,0.356,-1.739,1,1
15,0,26,4,N,nb17,1845,-1.808,-0.848,1,1
15,0,26,4,N,nb18,1845,-1.137,0.558,1,1
15,0,26,4,N,nb19,1845,1.697,0.805,3,1
15,0,26,4,N,nb20,1845,-1.171,0.325,2,1
15,0,26,4,N,nb21,1845,-1.107,1.629,4,1
15,0,26,4,N,nb22,1845,-1.865,0.158,2,1
15,0,26,4,N,nb23,1845,-1.622,0.195,2,1
15,0,26,4,N,nb24,1845,-0.983,1.743,3,1
15,0,26,4,N,nb25,1845,-1.177,1.422,1,1
15,0,26,4,N,nb26,1845,-1.294,1.701,2,1
15,0,26,4,N,nb27,1845,-1.393,0.256,2,1
15,0,26,4,N,nb28,1845,-1.341,1.865,2,1
15,0,26,4,N,nb29,1845,1.814,0.658,2,1
15,0,26,4,A,aa0,1845,-1.394,-1.607,2,0
15,0,26,4,A,aa1,1845,1.675,-1.865,0,0
15,0,26,4,A,aa2,1845,0.361,0.919,0,0
15,0,26,4,A,aa3,1845,1.422,0.264,1,0
15,0,26,4,N,nb0,1850,1.866,0.82,3,1
15,0,26,4,N,nb1,1850,-1.577,1.866,1,1
15,0,26,4,N,nb2,1850,-0.866,1.865,2,1
15,0,26,4,N,nb3,1850,-1.731,-1.141,2,1
15,0,26,4,N,nb4,1850,-1.667,-0.943,2,1
15,0,26,4,N,nb5,1850,0.233,-1.866,1,1
15,0,26,4,N,nb6,1850,1.865,1.279,1,1
15,0,26,4,N,nb7,1850,-0.932,1.58,2,1
15,0,26,4,N,nb8,1850,-0.494,-0.382,1,1
15,0,26,4,N,nb9,1850,1.865,1.11,2,1
15,0,26,4,N,nb10,1850,-0.025,-1.865,0,0
15,0,26,4,N,nb11,1850,1.741,0.994,3,1
15,0,26,4,N,nb12,1850,-0.728,1.767,1,1
15,0,26,4,N,nb13,1850,-1.842,0.326,1,1
15,0,26,4,N,nb14,1850,-1.865,-1.243,1,1
15,0,26,4,N,nb15,1850,-0.625,-0.488,1,1
15,0,26,4,N,nb16,1850,0.356,-1.739,1,1
15,0,26,4,N,nb17,1850,-1.808,-0.848,1,1
15,0,26,4,N,nb18,1850,-1.137,0.558,1,1
15,0,26,4,N,nb19,1850,1.697,0.805,3,1
15,0,26,4,N,nb20,1850,-1.171,0.325,2,1
15,0,26,4,N,nb21,1850,-1.107,1.629,4,1
15,0,26,4,N,nb22,1850,-1.865,0.158,2,1
15,0,26,4,N,nb23,1850,-1.622,0.195,2,1
15,0,26,4,N,nb24,1850,-0.983,1.743,3,1
15,0,26,4,N,nb25,1850,-1.177,1.422,1,1
15,0,26,4,N,nb26,1850,-1.294,1.701,2,1
15,0,26,4,N,nb27,1850,-1.393,0.256,2,1
15,0,26,4,N,nb28,1850,-1.341,1.865,2,1
15,0,26,4,N,nb29,1850,1.814,0.658,2,1
15,0,26,4,A,aa0,1850,-1.435,-1.698,0,0
15,0,26,4,A,aa1,1850,1.767,-1.865,0,0
15,0,26,4,A,aa2,1850,0.457,0.946,0,0
15,0,26,4,A,aa3,1850,1.376,0.353,2,0
15,0,26,4,N,nb0,1855,1.866,0.82,3,1
15,0,26,4,N,nb1,1855,-1.577,1.866,1,1
15,0,26,4,N,nb2,1855,-0.866,1.865,2,1
15,0,26,4,N,nb3,1855,-1.731,-1.141,2,1
15,0,26,4,N,nb4,1855,-1.667,-0.943,2,1
15,0,26,4,N,nb5,1855,0.233,-1.866,2,1
15,0,26,4,N,nb6,1855,1.865,1.279,1,1
15,0,26,4,N,nb7,1855,-0.932,1.58,2,1
15,0,26,4,N,nb8,1855,-0.494,-0.382,1,1
15,0,26,4,N,nb9,1855,1.865,1.11,2,1
15,0,26,4,N,nb10,1855,-0.016,-1.865,1,1
15,0,26,4,N,nb11,1855,1.741,0.994,3,1
15,0,26,4,N,nb12,1855,-0.728,1.767,1,1
15,0,26,4,N,nb13,1855,-1.842,0.326,1,1
15,0,26,4,N,nb14,1855,-1.865,-1.243,1,1
15,0,26,4,N,nb15,1855,-0.625,-0.488,1,1
15,0,26,4,N,nb16,1855,0.356,-1.739,1,1
15,0,26,4,N,nb17,1855,-1.808,-0.848,1,1
15,0,26,4,N,nb18,1855,-1.137,0.558,1,1
15,0,26,4,N,nb19,1855,1.697,0.805,3,1
15,0,26,4,N,nb20,1855,-1.171,0.325,2,1
15,0,26,4,N,nb21,1855,-1.107,1.629,4,1
15,0,26,4,N,nb22,1855,-1.865,0.158,2,1
15,0,26,4,N,nb23,1855,-1.622,0.195,2,1
15,0,26,4,N,nb24,1855,-0.983,1.743,3,1
15,0,26,4,N,nb25,1855,-1.177,1.422,1,1
15,0,26,4,N,nb26,1855,-1.294,1.701,2,0
15,0,26,4,N,nb27,1855,-1.393,0.256,2,1
15,0,26,4,N,nb28,1855,-1.341,1.865,2,0
15,0,26,4,N,nb29,1855,1.814,0.658,2,1
15,0,26,4,A,aa0,1855,-1.475,-1.787,0,0
15,0,26,4,A,aa1,1855,1.858,-1.858,0,0
15,0,26,4,A,aa2,1855,0.553,0.973,0,0
15,0,26,4,A,aa3,1855,1.331,0.442,2,0
15,0,26,4,N,nb0,1860,1.866,0.82,3,1
15,0,26,4,N,nb1,1860,-1.577,1.866,1,1
15,0,26,4,N,nb2,1860,-0.866,1.865,2,1
15,0,26,4,N,nb3,1860,-1.731,-1.141,2,1
15,0,26,4,N,nb4,1860,-1.667,-0.943,2,1
15,0,26,4,N,nb5,1860,0.233,-1.866,2,1
15,0,26,4,N,nb6,1860,1.865,1.279,1,1
15,0,26,4,N,nb7,1860,-0.932,1.58,2,1
15,0,26,4,N,nb8,1860,-0.494,-0.382,1,1
15,0,26,4,N,nb9,1860,1.865,1.11,2,1
15,0,26,4,N,nb10,1860,-0.016,-1.865,1,1
15,0,26,4,N,nb11,1860,1.741,0.994,3,1
15,0,26,4,N,nb12,1860,-0.728,1.767,1,1
15,0,26,4,N,nb13,1860,-1.842,0.326,1,1
15,0,26,4,N,nb14,1860,-1.865,-1.243,1,1
15,0,26,4,N,nb15,1860,-0.625,-0.488,1,1
15,0,26,4,N,nb16,1860,0.356,-1.739,1,1
15,0,26,4,N,nb17,1860,-1.808,-0.848,1,1
15,0,26,4,N,nb18,1860,-1.137,0.558,1,1
15,0,26,4,N,nb19,1860,1.697,0.805,3,1
15,0,26,4,N,nb20,1860,-1.171,0.325,2,1
15,0,26,4,N,nb21,1860,-1.107,1.629,4,1
15,0,26,4,N,nb22,1860,-1.865,0.158,2,1
15,0,26,4,N,nb23,1860,-1.622,0.195,2,1
15,0,26,4,N,nb24,1860,-0.983,1.743,3,1
15,0,26,4,N,nb25,1860,-1.177,1.422,1,1
15,0,26,4,N,nb26,1860,-1.294,1.701,2,1
15,0,26,4,N,nb27,1860,-1.393,0.256,2,1
15,0,26,4,N,nb28,1860,-1.341,1.865,2,1
15,0,26,4,N,nb29,1860,1.814,0.658,2,1
15,0,26,4,A,aa0,1860,-1.519,-1.862,0,0
15,0,26,4,A,aa1,1860,1.865,-1.846,0,0
15,0,26,4,A,aa2,1860,0.65,0.999,0,0
15,0,26,4,A,aa3,1860,1.285,0.531,2,0
15,0,26,4,N,nb0,1865,1.866,0.82,3,1
15,0,26,4,N,nb1,1865,-1.577,1.866,1,1
15,0,26,4,N,nb2,1865,-0.866,1.865,2,1
15,0,26,4,N,nb3,1865,-1.731,-1.141,2,1
15,0,26,4,N,nb4,1865,-1.667,-0.943,2,1
15,0,26,4,N,nb5,1865,0.233,-1.866,2,1
15,0,26,4,N,nb6,1865,1.865,1.279,1,1
15,0,26,4,N,nb7,1865,-0.932,1.58,2,1
15,0,26,4,N,nb8,1865,-0.494,-0.382,1,1
15,0,26,4,N,nb9,1865,1.865,1.11,2,1
15,0,26,4,N,nb10,1865,-0.016,-1.865,1,1
15,0,26,4,N,nb11,1865,1.741,0.994,3,1
15,0,26,4,N,nb12,1865,-0.728,1.767,1,1
15,0,26,4,N,nb13,1865,-1.842,0.326,1,1
15,0,26,4,N,nb14,1865,-1.865,-1.243,1,1
15,0,26,4,N,nb15,1865,-0.625,-0.488,1,1
15,0,26,4,N,nb16,1865,0.356,-1.739,1,1
15,0,26,4,N,nb17,1865,-1.808,-0.848,1,1
15,0,26,4,N,nb18,1865,-1.137,0.558,1,1
15,0,26,4,N,nb19,1865,1.697,0.805,3,1
15,0,26,4,N,nb20,1865,-1.171,0.325,2,1
15,0,26,4,N,nb21,1865,-1.107,1.629,4,1
15,0,26,4,N,nb22,1865,-1.865,0.158,2,1
15,0,26,4,N,nb23,1865,-1.622,0.195,2,1
15,0,26,4,N,nb24,1865,-0.983,1.743,3,1
15,0,26,4,N,nb25,1865,-1.177,1.422,1,1
15,0,26,4,N,nb26,1865,-1.294,1.701,2,1
15,0,26,4,N,nb27,1865,-1.393,0.256,2,1
15,0,26,4,N,nb28,1865,-1.341,1.865,2,1
15,0,26,4,N,nb29,1865,1.814,0.658,2,1
15,0,26,4,A,aa0,1865,-1.572,-1.866,0,0
15,0,26,4,A,aa1,1865,1.865,-1.82,0,0
15,0,26,4,A,aa2,1865,0.746,1.026,0,0
15,0,26,4,A,aa3,1865,1.24,0.62,2,0
15,0,26,4,N,nb0,1870,1.866,0.82,3,1
15,0,26,4,N,nb1,1870,-1.577,1.866,1,1
15,0,26,4,N,nb2,1870,-0.866,1.865,2,1
15,0,26,4,N,nb3,1870,-1.731,-1.141,2,1
15,0,26,4,N,nb4,1870,-1.667,-0.943,2,1
15,0,26,4,N,nb5,1870,0.233,-1.866,2,1
15,0,26,4,N,nb6,1870,1.865,1.279,1,1
15,0,26,4,N,nb7,1870,-0.932,1.58,2,1
15,0,26,4,N,nb8,1870,-0.494,-0.382,1,1
15,0,26,4,N,nb9,1870,1.865,1.11,2,1
15,0,26,4,N,nb10,1870,-0.016,-1.865,1,1
15,0,26,4,N,nb11,1870,1.741,0.994,3,1
15,0,26,4,N,nb12,1870,-0.728,1.767,1,1
15,0,26,4,N,nb13,1870,-1.842,0.326,1,1
15,0,26,4,N,nb14,1870,-1.865,-1.243,1,1
15,0,26,4,N,nb15,1870,-0.625,-0.488,1,0
15,0,26,4,N,nb16,1870,0.356,-1.739,1,1
15,0,26,4,N,nb17,1870,-1.808,-0.848,1,1
15,0,26,4,N,nb18,1870,-1.137,0.558,1,1
15,0,26,4,N,nb19,1870,1.697,0.805,3,1
15,0,26,4,N,nb20,1870,-1.171,0.325,2,1
15,0,26,4,N,nb21,1870,-1.107,1.629,4,1
15,0,26,4,N,nb22,1870,-1.865,0.158,2,1
15,0,26,4,N,nb23,1870,-1.622,0.195,2,1
15,0,26,4,N,nb24,1870,-0.983,1.743,3,1
15,0,26,4,N,nb25,1870,-1.177,1.422,1,1
15,0,26,4,N,nb26,1870,-1.294,1.701,2,1
15,0,26,4,N,nb27,1870,-1.393,0.256,2,1
15,0,26,4,N,nb28,1870,-1.341,1.865,2,1
15,0,26,4,N,nb29,1870,1.814,0.658,2,1
15,0,26,4,A,aa0,1870,-1.636,-1.866,0,0
15,0,26,4,A,aa1,1870,1.865,-1.779,0,0
15,0,26,4,A,aa2,1870,0.843,1.053,0,0
15,0,26,4,A,aa3,1870,1.194,0.709,1,0
15,0,26,4,N,nb0,1875,1.866,0.82,3,1
15,0,26,4,N,nb1,1875,-1.577,1.866,1,1
15,0,26,4,N,nb2,1875,-0.866,1.865,2,1
15,0,26,4,N,nb3,1875,-1.731,-1.141,2,1
15,0,26,4,N,nb4,1875,-1.667,-0.943,2,1
15,0,26,4,N,nb5,1875,0.233,-1.866,2,1
15,0,26,4,N,nb6,1875,1.865,1.279,1,1
15,0,26,4,N,nb7,1875,-0.932,1.58,2,1
15,0,26,4,N,nb8,1875,-0.494,-0.382,1,1
15,0,26,4,N,nb9,1875,1.865,1.11,2,1
15,0,26,4,N,nb10,1875,-0.016,-1.865,1,1
15,0,26,4,N,nb11,1875,1.741,0.994,3,1
15,0,26,4,N,nb12,1875,-0.728,1.767,1,1
15,0,26,4,N,nb13,1875,-1.842,0.326,1,1
15,0,26,4,N,nb14,1875,-1.865,-1.243,1,1
15,0,26,4,N,nb15,1875,-0.625,-0.488,1,1
15,0,26,4,N,nb16,1875,0.356,-1.739,1,1
15,0,26,4,N,nb17,1875,-1.808,-0.848,1,1
15,0,26,4,N,nb18,1875,-1.137,0.558,1,0
15,0,26,4,N,nb19,1875,1.697,0.805,3,1
15,0,26,4,N,nb20,1875,-1.171,0.325,2,1
15,0,26,4,N,nb21,1875,-1.107,1.629,4,1
15,0,26,4,N,nb22,1875,-1.865,0.158,2,1
15,0,26,4,N,nb23,1875,-1.622,0.195,2,1
15,0,26,4,N,nb24,1875,-0.983,1.743,3,1
15,0,26,4,N,nb25,1875,-1.177,1.422,1,0
15,0,26,4,N,nb26,1875,-1.294,1.701,2,1
15,0,26,4,N,nb27,1875,-1.393,0.256,2,1
15,0,26,4,N,nb28,1875,-1.341,1.865,2,1
15,0,26,4,N,nb29,1875,1.814,0.658,2,1
15,0,26,4,A,aa0,1875,-1.71,-1.866,0,0
15,0,26,4,A,aa1,1875,1.865,-1.726,0,0
15,0,26,4,A,aa2,1875,0.939,1.08,0,0
15,0,26,4,A,aa3,1875,1.149,0.798,1,0
15,0,26,4,N,nb0,1880,1.866,0.82,3,1
15,0,26,4,N,nb1,1880,-1.577,1.866,1,1
15,0,26,4,N,nb2,1880,-0.866,1.865,2,1
15,0,26,4,N,nb3,1880,-1.731,-1.141,2,1
15,0,26,4,N,nb4,1880,-1.667,-0.943,2,1
15,0,26,4,N,nb5,1880,0.233,-1.866,2,1
15,0,26,4,N,nb6,1880,1.865,1.279,1,1
15,0,26,4,N,nb7,1880,-0.932,1.58,2,1
15,0,26,4,N,nb8,1880,-0.494,-0.382,1,1
15,0,26,4,N,nb9,1880,1.865,1.11,2,1
15,0,26,4,N,nb10,1880,-0.016,-1.865,1,1
15,0,26,4,N,nb11,1880,1.741,0.994,3,1
15,0,26,4,N,nb12,1880,-0.728,1.767,1,1
15,0,26,4,N,nb13,1880,-1.842,0.326,1,1
15,0,26,4,N,nb14,1880,-1.865,-1.243,1,1
15,0,26,4,N,nb15,1880,-0.625,-0.488,1,1
15,0,26,4,N,nb16,1880,0.356,-1.739,1,1
15,0,26,4,N,nb17,1880,-1.808,-0.848,1,1
15,0,26,4,N,nb18,1880,-1.137,0.558,1,1
15,0,26,4,N,nb19,1880,1.697,0.805,3,1
15,0,26,4,N,nb20,1880,-1.171,0.325,2,1
15,0,26,4,N,nb21,1880,-1.107,1.629,4,1
15,0,26,4,N,nb22,1880,-1.865,0.158,2,1
15,0,26,4,N,nb23,1880,-1.622,0.195,2,1
15,0,26,4,N,nb24,1880,-0.983,1.743,3,1
15,0,26,4,N,nb25,1880,-1.177,1.422,1,1
15,0,26,4,N,nb26,1880,-1.294,1.701,2,1
15,0,26,4,N,nb27,1880,-1.393,0.256,2,1
15,0,26,4,N,nb28,1880,-1.341,1.865,2,1
15,0,26,4,N,nb29,1880,1.814,0.658,2,1
15,0,26,4,A,aa0,1880,-1.791,-1.866,0,0
15,0,26,4,A,aa1,1880,1.865,-1.661,0,0
15,0,26,4,A,aa2,1880,1.034,1.106,0,0
15,0,26,4,A,aa3,1880,1.104,0.884,1,0
15,0,26,4,N,nb0,1885,1.866,0.82,3,1
15,0,26,4,N,nb1,1885,-1.577,1.866,1,1
15,0,26,4,N,nb2,1885,-0.866,1.865,2,1
15,0,26,4,N,nb3,1885,-1.731,-1.141,2,1
15,0,26,4,N,nb4,1885,-1.667,-0.943,2,1
15,0,26,4,N,nb5,1885,0.233,-1.866,2,1
15,0,26,4,N,nb6,1885,1.865,1.279,1,1
15,0,26,4,N,nb7,1885,-0.932,1.58,2,1
15,0,26,4,N,nb8,1885,-0.494,-0.382,1,1
15,0,26,4,N,nb9,1885,1.865,1.11,2,1
15,0,26,4,N,nb10,1885,-0.016,-1.865,1,1
15,0,26,4,N,nb11,1885,1.741,0.994,3,1
15,0,26,4,N,nb12,1885,-0.728,1.767,1,1
15,0,26,4,N,nb13,1885,-1.842,0.326,1,1
15,0,26,4,N,nb14,1885,-1.865,-1.243,1,1
15,0,26,4,N,nb15,1885,-0.625,-0.488,1,1
15,0,26,4,N,nb16,1885,0.356,-1.739,1,1
15,0,26,4,N,nb17,1885,-1.808,-0.848,1,1
15,0,26,4,N,nb18,1885,-1.137,0.558,1,1
15,0,26,4,N,nb19,1885,1.697,0.805,3,1
15,0,26,4,N,nb20,1885,-1.171,0.325,2,1
15,0,26,4,N,nb21,1885,-1.107,1.629,4,1
15,0,26,4,N,nb22,1885,-1.865,0.158,2,1
15,0,26,4,N,nb23,1885,-1.622,0.195,2,1
15,0,26,4,N,nb24,1885,-0.983,1.743,3,1
15,0,26,4,N,nb25,1885,-1.177,1.422,1,1
15,0,26,4,N,nb26,1885,-1.294,1.701,2,1
15,0,26,4,N,nb27,1885,-1.393,0.256,2,1
15,0,26,4,N,nb28,1885,-1.341,1.865,2,1
15,0,26,4,N,nb29,1885,1.814,0.658,2,1
15,0,26,4,A,aa0,1885,-1.866,-1.866,0,0
15,0,26,4,A,aa1,1885,1.865,-1.631,0,0
15,0,26,4,A,aa2,1885,1.122,1.136,0,0
15,0,26,4,A,aa3,1885,1.056,0.956,0,0
15,0,26,4,N,nb0,1890,1.866,0.82,3,1
15,0,26,4,N,nb1,1890,-1.577,1.866,1,0
15,0,26,4,N,nb2,1890,-0.866,1.865,2,1
15,0,26,4,N,nb3,1890,-1.731,-1.141,2,1
15,0,26,4,N,nb4,1890,-1.667,-0.943,2,1
15,0,26,4,N,nb5,1890,0.233,-1.866,2,1
15,0,26,4,N,nb6,1890,1.865,1.279,1,1
15,0,26,4,N,nb7,1890,-0.932,1.58,2,1
15,0,26,4,N,nb8,1890,-0.494,-0.382,1,1
15,0,26,4,N,nb9,1890,1.865,1.11,2,1
15,0,26,4,N,nb10,1890,-0.016,-1.865,1,1
15,0,26,4,N,nb11,1890,1.741,0.994,3,1
15,0,26,4,N,nb12,1890,-0.728,1.767,1,1
15,0,26,4,N,nb13,1890,-1.842,0.326,1,1
15,0,26,4,N,nb14,1890,-1.865,-1.243,1,1
15,0,26,4,N,nb15,1890,-0.625,-0.488,1,1
15,0,26,4,N,nb16,1890,0.356,-1.739,1,1
15,0,26,4,N,nb17,1890,-1.808,-0.848,1,1
15,0,26,4,N,nb18,1890,-1.137,0.558,1,1
15,0,26,4,N,nb19,1890,1.697,0.805,3,1
15,0,26,4,N,nb20,1890,-1.171,0.325,2,1
15,0,26,4,N,nb21,1890,-1.107,1.629,4,1
15,0,26,4,N,nb22,1890,-1.865,0.158,2,1
15,0,26,4,N,nb23,1890,-1.622,0.195,2,1
15,0,26,4,N,nb24,1890,-0.983,1.743,3,1
15,0,26,4,N,nb25,1890,-1.177,1.422,1,1
15,0,26,4,N,nb26,1890,-1.294,1.701,2,1
15,0,26,4,N,nb27,1890,-1.393,0.256,2,1
15,0,26,4,N,nb28,1890,-1.341,1.865,2,1
15,0,26,4,N,nb29,1890,1.814,0.658,2,1
15,0,26,4,A,aa0,1890,-1.866,-1.866,0,0
15,0,26,4,A,aa1,1890,1.859,-1.56,0,0
15,0,26,4,A,aa2,1890,1.211,1.175,1,0
15,0,26,4,A,aa3,1890,0.994,1.023,0,0
15,0,26,4,N,nb0,1895,1.866,0.82,3,1
15,0,26,4,N,nb1,1895,-1.577,1.866,1,1
15,0,26,4,N,nb2,1895,-0.866,1.865,2,1
15,0,26,4,N,nb3,1895,-1.731,-1.141,2,1
15,0,26,4,N,nb4,1895,-1.667,-0.943,2,1
15,0,26,4,N,nb5,1895,0.233,-1.866,2,1
15,0,26,4,N,nb6,1895,1.865,1.279,1,0
15,0,26,4,N,nb7,1895,-0.932,1.58,2,1
15,0,26,4,N,nb8,1895,-0.494,-0.382,1,1
15,0,26,4,N,nb9,1895,1.865,1.11,2,0
15,0,26,4,N,nb10,1895,-0.016,-1.865,1,1
15,0,26,4,N,nb11,1895,1.741,0.994,3,0
15,0,26,4,N,nb12,1895,-0.728,1.767,1,1
15,0,26,4,N,nb13,1895,-1.842,0.326,1,1
15,0,26,4,N,nb14,1895,-1.865,-1.243,1,1
15,0,26,4,N,nb15,1895,-0.625,-0.488,1,1
15,0,26,4,N,nb16,1895,0.356,-1.739,1,0
15,0,26,4,N,nb17,1895,-1.808,-0.848,1,1
15,0,26,4,N,nb18,1895,-1.137,0.558,1,1
15,0,26,4,N,nb19,1895,1.697,0.805,3,0
15,0,26,4,N,nb20,1895,-1.171,0.325,2,1
15,0,26,4,N,nb21,1895,-1.107,1.629,4,1
15,0,26,4,N,nb22,1895,-1.865,0.158,2,1
15,0,26,4,N,nb23,1895,-1.622,0.195,2,1
15,0,26,4,N,nb24,1895,-0.983,1.743,3,1
15,0,26,4,N,nb25,1895,-1.177,1.422,1,1
15,0,26,4,N,nb26,1895,-1.294,1.701,2,1
15,0,26,4,N,nb27,1895,-1.393,0.256,2,1
15,0,26,4,N,nb28,1895,-1.341,1.865,2,1
15,0,26,4,N,nb29,1895,1.814,0.658,2,1
15,0,26,4,A,aa0,1895,-1.866,-1.866,0,0
15,0,26,4,A,aa1,1895,1.843,-1.468,0,0
15,0,26,4,A,aa2,1895,1.302,1.216,4,1
15,0,26,4,A,aa3,1895,0.92,1.088,0,0
15,0,26,4,N,nb0,1900,1.866,0.82,3,1
15,0,26,4,N,nb1,1900,-1.577,1.866,1,1
15,0,26,4,N,nb2,1900,-0.866,1.865,2,1
15,0,26,4,N,nb3,1900,-1.731,-1.141,2,1
15,0,26,4,N,nb4,1900,-1.667,-0.943,2,1
15,0,26,4,N,nb5,1900,0.233,-1.866,2,1
15,0,26,4,N,nb6,1900,1.821,1.23,2,0
15,0,26,4,N,nb7,1900,-0.932,1.58,2,1
15,0,26,4,N,nb8,1900,-0.494,-0.382,1,1
15,0,26,4,N,nb9,1900,1.865,1.067,3,0
15,0,26,4,N,nb10,1900,-0.016,-1.865,1,1
15,0,26,4,N,nb11,1900,1.703,1.019,3,0
15,0,26,4,N,nb12,1900,-0.728,1.767,1,1
15,0,26,4,N,nb13,1900,-1.842,0.326,1,0
15,0,26,4,N,nb14,1900,-1.865,-1.243,1,1
15,0,26,4,N,nb15,1900,-0.625,-0.488,1,1
15,0,26,4,N,nb16,1900,0.356,-1.739,1,1
15,0,26,4,N,nb17,1900,-1.808,-0.848,1,0
15,0,26,4,N,nb18,1900,-1.137,0.558,1,1
15,0,26,4,N,nb19,1900,1.7,0.784,3,0
15,0,26,4,N,nb20,1900,-1.171,0.325,2,1
15,0,26,4,N,nb21,1900,-1.107,1.629,4,1
15,0,26,4,N,nb22,1900,-1.865,0.158,2,1
15,0,26,4,N,nb23,1900,-1.622,0.195,2,1
15,0,26,4,N,nb24,1900,-0.983,1.743,3,0
15,0,26,4,N,nb25,1900,-1.177,1.422,1,1
15,0,26,4,N,nb26,1900,-1.294,1.701,2,1
15,0,26,4,N,nb27,1900,-1.393,0.256,2,1
15,0,26,4,N,nb28,1900,-1.341,1.865,2,1
15,0,26,4,N,nb29,1900,1.814,0.658,2,1
15,0,26,4,A,aa0,1900,-1.866,-1.866,0,0
15,0,26,4,A,aa1,1900,1.818,-1.378,0,0
15,0,26,4,A,aa2,1900,1.393,1.258,0,0
15,0,26,4,A,aa3,1900,0.845,1.154,0,0
15,0,26,4,N,nb0,1905,1.866,0.82,3,1
15,0,26,4,N,nb1,1905,-1.577,1.866,1,1
15,0,26,4,N,nb2,1905,-0.866,1.865,2,1
15,0,26,4,N,nb3,1905,-1.731,-1.141,2,1
15,0,26,4,N,nb4,1905,-1.667,-0.943,2,1
15,0,26,4,N,nb5,1905,0.233,-1.866,2,1
15,0,26,4,N,nb6,1905,1.765,1.205,2,0
15,0,26,4,N,nb7,1905,-0.932,1.58,2,1
15,0,26,4,N,nb8,1905,-0.494,-0.382,1,1
15,0,26,4,N,nb9,1905,1.865,0.993,3,0
15,0,26,4,N,nb10,1905,-0.016,-1.865,1,1
15,0,26,4,N,nb11,1905,1.663,1.07,2,0
15,0,26,4,N,nb12,1905,-0.728,1.767,1,1
15,0,26,4,N,nb13,1905,-1.842,0.326,1,1
15,0,26,4,N,nb14,1905,-1.865,-1.243,1,1
15,0,26,4,N,nb15,1905,-0.625,-0.488,1,1
15,0,26,4,N,nb16,1905,0.356,-1.739,1,1
15,0,26,4,N,nb17,1905,-1.808,-0.848,1,1
15,0,26,4,N,nb18,1905,-1.137,0.558,1,1
15,0,26,4,N,nb19,1905,1.7,0.784,2,0
15,0,26,4,N,nb20,1905,-1.171,0.325,2,1
15,0,26,4,N,nb21,1905,-1.107,1.629,4,1
15,0,26,4,N,nb22,1905,-1.865,0.158,2,1
15,0,26,4,N,nb23,1905,-1.622,0.195,2,1
15,0,26,4,N,nb24,1905,-0.983,1.743,3,1
15,0,26,4,N,nb25,1905,-1.177,1.422,1,1
15,0,26,4,N,nb26,1905,-1.294,1.701,2,1
15,0,26,4,N,nb27,1905,-1.393,0.256,2,1
15,0,26,4,N,nb28,1905,-1.341,1.865,2,1
15,0,26,4,N,nb29,1905,1.814,0.658,2,1
15,0,26,4,A,aa0,1905,-1.866,-1.866,0,0
15,0,26,4,A,aa1,1905,1.784,-1.29,0,0
15,0,26,4,A,aa2,1905,1.469,1.292,0,0
15,0,26,4,A,aa3,1905,0.77,1.22,0,0
15,0,26,4,N,nb0,1910,1.866,0.819,3,1
15,0,26,4,N,nb1,1910,-1.577,1.866,1,1
15,0,26,4,N,nb2,1910,-0.866,1.865,2,1
15,0,26,4,N,nb3,1910,-1.731,-1.141,2,1
15,0,26,4,N,nb4,1910,-1.667,-0.943,2,1
15,0,26,4,N,nb5,1910,0.233,-1.866,2,1
15,0,26,4,N,nb6,1910,1.753,1.208,2,1
15,0,26,4,N,nb7,1910,-0.932,1.58,2,1
15,0,26,4,N,nb8,1910,-0.494,-0.382,1,1
15,0,26,4,N,nb9,1910,1.865,0.988,3,1
15,0,26,4,N,nb10,1910,-0.016,-1.865,1,1
15,0,26,4,N,nb11,1910,1.651,1.074,2,1
15,0,26,4,N,nb12,1910,-0.728,1.767,1,1
15,0,26,4,N,nb13,1910,-1.842,0.326,1,1
15,0,26,4,N,nb14,1910,-1.865,-1.243,1,1
15,0,26,4,N,nb15,1910,-0.625,-0.488,1,1
15,0,26,4,N,nb16,1910,0.356,-1.739,1,1
15,0,26,4,N,nb17,1910,-1.808,-0.848,1,1
15,0,26,4,N,nb18,1910,-1.137,0.558,1,1
15,0,26,4,N,nb19,1910,1.7,0.783,2,1
15,0,26,4,N,nb20,1910,-1.171,0.325,2,0
15,0,26,4,N,nb21,1910,-1.107,1.629,4,1
15,0,26,4,N,nb22,1910,-1.865,0.158,2,1
15,0,26,4,N,nb23,1910,-1.622,0.195,2,1
15,0,26,4,N,nb24,1910,-0.983,1.743,3,1
15,0,26,4,N,nb25,1910,-1.177,1.422,1,1
15,0,26,4,N,nb26,1910,-1.294,1.701,2,1
15,0,26,4,N,nb27,1910,-1.393,0.256,2,1
15,0,26,4,N,nb28,1910,-1.341,1.865,2,1
15,0,26,4,N,nb29,1910,1.814,0.657,2,1
15,0,26,4,A,aa0,1910,-1.866,-1.866,0,0
15,0,26,4,A,aa1,1910,1.743,-1.203,0,0
15,0,26,4,A,aa2,1910,1.489,1.323,2,0
15,0,26,4,A,aa3,1910,0.694,1.286,0,0
15,0,26,4,N,nb0,1915,1.866,0.819,3,1
15,0,26,4,N,nb1,1915,-1.577,1.866,1,1
15,0,26,4,N,nb2,1915,-0.866,1.865,2,1
15,0,26,4,N,nb3,1915,-1.731,-1.141,2,1
15,0,26,4,N,nb4,1915,-1.667,-0.943,2,1
15,0,26,4,N,nb5,1915,0.233,-1.866,2,1
15,0,26,4,N,nb6,1915,1.753,1.208,2,1
15,0,26,4,N,nb7,1915,-0.932,1.58,2,1
15,0,26,4,N,nb8,1915,-0.494,-0.382,1,1
15,0,26,4,N,nb9,1915,1.865,0.988,3,1
15,0,26,4,N,nb10,1915,-0.016,-1.865,1,1
15,0,26,4,N,nb11,1915,1.651,1.074,2,1
15,0,26,4,N,nb12,1915,-0.728,1.767,1,1
15,0,26,4,N,nb13,1915,-1.842,0.326,1,1
15,0,26,4,N,nb14,1915,-1.865,-1.243,1,1
15,0,26,4,N,nb15,1915,-0.625,-0.488,1,1
15,0,26,4,N,nb16,1915,0.356,-1.739,1,1
15,0,26,4,N,nb17,1915,-1.808,-0.848,1,1
15,0,26,4,N,nb18,1915,-1.137,0.558,1,1
15,0,26,4,N,nb19,1915,1.7,0.783,2,1
15,0,26,4,N,nb20,1915,-1.171,0.325,2,1
15,0,26,4,N,nb21,1915,-1.107,1.629,4,1
15,0,26,4,N,nb22,1915,-1.865,0.158,2,1
15,0,26,4,N,nb23,1915,-1.622,0.195,2,1
15,0,26,4,N,nb24,1915,-0.983,1.743,3,1
15,0,26,4,N,nb25,1915,-1.177,1.422,1,1
15,0,26,4,N,nb26,1915,-1.294,1.701,2,1
15,0,26,4,N,nb27,1915,-1.393,0.256,2,1
15,0,26,4,N,nb28,1915,-1.341,1.865,2,1
15,0,26,4,N,nb29,1915,1.814,0.657,2,1
15,0,26,4,A,aa0,1915,-1.866,-1.866,0,0
15,0,26,4,A,aa1,1915,1.697,-1.114,0,0
15,0,26,4,A,aa2,1915,1.543,1.407,2,0
15,0,26,4,A,aa3,1915,0.619,1.351,0,0
15,0,26,4,N,nb0,1920,1.866,0.819,3,1
15,0,26,4,N,nb1,1920,-1.577,1.866,1,1
15,0,26,4,N,nb2,1920,-0.866,1.865,2,1
15,0,26,4,N,nb3,1920,-1.731,-1.141,2,1
15,0,26,4,N,nb4,1920,-1.667,-0.943,2,1
15,0,26,4,N,nb5,1920,0.233,-1.866,2,1
15,0,26,4,N,nb6,1920,1.753,1.208,2,1
15,0,26,4,N,nb7,1920,-0.932,1.58,2,1
15,0,26,4,N,nb8,1920,-0.494,-0.382,1,1
15,0,26,4,N,nb9,1920,1.865,0.988,3,1
15,0,26,4,N,nb10,1920,-0.016,-1.865,1,1
15,0,26,4,N,nb11,1920,1.651,1.074,2,1
15,0,26,4,N,nb12,1920,-0.728,1.767,1,1
15,0,26,4,N,nb13,1920,-1.842,0.326,1,1
15,0,26,4,N,nb14,1920,-1.865,-1.243,1,1
15,0,26,4,N,nb15,1920,-0.625,-0.488,1,1
15,0,26,4,N,nb16,1920,0.356,-1.739,1,1
15,0,26,4,N,nb17,1920,-1.808,-0.848,1,1
15,0,26,4,N,nb18,1920,-1.137,0.558,1,1
15,0,26,4,N,nb19,1920,1.7,0.783,2,1
15,0,26,4,N,nb20,1920,-1.171,0.325,2,1
15,0,26,4,N,nb21,1920,-1.107,1.629,4,1
15,0,26,4,N,nb22,1920,-1.865,0.158,2,1
15,0,26,4,N,nb23,1920,-1.622,0.195,2,1
15,0,26,4,N,nb24,1920,-0.983,1.743,3,1
15,0,26,4,N,nb25,1920,-1.177,1.422,1,1
15,0,26,4,N,nb26,1920,-1.294,1.701,2,1
15,0,26,4,N,nb27,1920,-1.393,0.256,2,1
15,0,26,4,N,nb28,1920,-1.341,1.865,2,1
15,0,26,4,N,nb29,1920,1.814,0.657,2,1
15,0,26,4,A,aa0,1920,-1.866,-1.861,0,0
15,0,26,4,A,aa1,1920,1.652,-1.025,0,0
15,0,26,4,A,aa2,1920,1.597,1.491,2,0
15,0,26,4,A,aa3,1920,0.587,1.38,0,0
15,0,26,4,N,nb0,1925,1.866,0.819,3,1
15,0,26,4,N,nb1,1925,-1.577,1.866,1,1
15,0,26,4,N,nb2,1925,-0.866,1.865,2,1
15,0,26,4,N,nb3,1925,-1.731,-1.141,2,1
15,0,26,4,N,nb4,1925,-1.667,-0.943,2,1
15,0,26,4,N,nb5,1925,0.233,-1.866,2,1
15,0,26,4,N,nb6,1925,1.753,1.208,2,1
15,0,26,4,N,nb7,1925,-0.932,1.58,2,1
15,0,26,4,N,nb8,1925,-0.494,-0.382,1,1
15,0,26,4,N,nb9,1925,1.865,0.988,3,1
15,0,26,4,N,nb10,1925,-0.016,-1.865,1,1
15,0,26,4,N,nb11,1925,1.651,1.074,2,1
15,0,26,4,N,nb12,1925,-0.728,1.767,1,1
15,0,26,4,N,nb13,1925,-1.842,0.326,1,1
15,0,26,4,N,nb14,1925,-1.865,-1.243,1,1
15,0,26,4,N,nb15,1925,-0.625,-0.488,1,1
15,0,26,4,N,nb16,1925,0.356,-1.739,1,1
15,0,26,4,N,nb17,1925,-1.808,-0.848,1,1
15,0,26,4,N,nb18,1925,-1.137,0.558,1,1
15,0,26,4,N,nb19,1925,1.7,0.783,2,1
15,0,26,4,N,nb20,1925,-1.171,0.325,2,1
15,0,26,4,N,nb21,1925,-1.107,1.629,4,1
15,0,26,4,N,nb22,1925,-1.865,0.158,2,1
15,0,26,4,N,nb23,1925,-1.622,0.195,2,1
15,0,26,4,N,nb24,1925,-0.983,1.743,3,1
15,0,26,4,N,nb25,1925,-1.177,1.422,1,1
15,0,26,4,N,nb26,1925,-1.294,1.701,2,1
15,0,26,4,N,nb27,1925,-1.393,0.256,2,1
15,0,26,4,N,nb28,1925,-1.341,1.865,2,1
15,0,26,4,N,nb29,1925,1.814,0.657,2,1
15,0,26,4,A,aa0,1925,-1.866,-1.843,0,0
15,0,26,4,A,aa1,1925,1.607,-0.936,0,0
15,0,26,4,A,aa2,1925,1.651,1.575,2,0
15,0,26,4,A,aa3,1925,0.55,1.375,0,0
15,0,26,4,N,nb0,1930,1.866,0.819,3,1
15,0,26,4,N,nb1,1930,-1.577,1.866,1,1
15,0,26,4,N,nb2,1930,-0.866,1.865,2,1
15,0,26,4,N,nb3,1930,-1.731,-1.141,2,1
15,0,26,4,N,nb4,1930,-1.667,-0.943,2,1
15,0,26,4,N,nb5,1930,0.233,-1.866,2,1
15,0,26,4,N,nb6,1930,1.753,1.208,2,1
15,0,26,4,N,nb7,1930,-0.932,1.58,2,1
15,0,26,4,N,nb8,1930,-0.494,-0.382,1,1
15,0,26,4,N,nb9,1930,1.865,0.988,3,1
15,0,26,4,N,nb10,1930,-0.016,-1.865,1,1
15,0,26,4,N,nb11,1930,1.651,1.074,2,1
15,0,26,4,N,nb12,1930,-0.728,1.767,1,1
15,0,26,4,N,nb13,1930,-1.842,0.326,1,1
15,0,26,4,N,nb14,1930,-1.865,-1.243,1,1
15,0,26,4,N,nb15,1930,-0.625,-0.488,1,1
15,0,26,4,N,nb16,1930,0.356,-1.739,1,1
15,0,26,4,N,nb17,1930,-1.808,-0.848,1,1
15,0,26,4,N,nb18,1930,-1.137,0.558,1,1
15,0,26,4,N,nb19,1930,1.7,0.783,2,1
15,0,26,4,N,nb20,1930,-1.171,0.325,2,1
15,0,26,4,N,nb21,1930,-1.107,1.629,4,1
15,0,26,4,N,nb22,1930,-1.865,0.158,2,1
15,0,26,4,N,nb23,1930,-1.622,0.195,2,1
15,0,26,4,N,nb24,1930,-0.983,1.743,3,1
15,0,26,4,N,nb25,1930,-1.177,1.422,1,1
15,0,26,4,N,nb26,1930,-1.294,1.701,2,1
15,0,26,4,N,nb27,1930,-1.393,0.256,2,1
15,0,26,4,N,nb28,1930,-1.341,1.865,2,1
15,0,26,4,N,nb29,1930,1.814,0.657,2,1
15,0,26,4,A,aa0,1930,-1.866,-1.812,1,0
15,0,26,4,A,aa1,1930,1.562,-0.847,0,0
15,0,26,4,A,aa2,1930,1.705,1.659,2,0
15,0,26,4,A,aa3,1930,0.451,1.361,0,0
15,0,26,4,N,nb0,1935,1.866,0.819,3,1
15,0,26,4,N,nb1,1935,-1.577,1.866,1,1
15,0,26,4,N,nb2,1935,-0.866,1.865,2,1
15,0,26,4,N,nb3,1935,-1.731,-1.141,2,0
15,0,26,4,N,nb4,1935,-1.667,-0.943,2,0
15,0,26,4,N,nb5,1935,0.233,-1.866,2,1
15,0,26,4,N,nb6,1935,1.753,1.208,2,1
15,0,26,4,N,nb7,1935,-0.932,1.58,2,1
15,0,26,4,N,nb8,1935,-0.494,-0.382,1,1
15,0,26,4,N,nb9,1935,1.865,0.988,3,1
15,0,26,4,N,nb10,1935,-0.016,-1.865,1,1
15,0,26,4,N,nb11,1935,1.651,1.074,2,1
15,0,26,4,N,nb12,1935,-0.728,1.767,1,1
15,0,26,4,N,nb13,1935,-1.842,0.326,1,1
15,0,26,4,N,nb14,1935,-1.865,-1.243,1,0
15,0,26,4,N,nb15,1935,-0.625,-0.488,1,1
15,0,26,4,N,nb16,1935,0.356,-1.739,1,1
15,0,26,4,N,nb17,1935,-1.808,-0.848,1,1
15,0,26,4,N,nb18,1935,-1.137,0.558,1,1
15,0,26,4,N,nb19,1935,1.7,0.783,2,1
15,0,26,4,N,nb20,1935,-1.171,0.325,2,1
15,0,26,4,N,nb21,1935,-1.107,1.629,4,1
15,0,26,4,N,nb22,1935,-1.865,0.158,2,1
15,0,26,4,N,nb23,1935,-1.622,0.195,2,1
15,0,26,4,N,nb24,1935,-0.983,1.743,3,1
15,0,26,4,N,nb25,1935,-1.177,1.422,1,1
15,0,26,4,N,nb26,1935,-1.294,1.701,2,1
15,0,26,4,N,nb27,1935,-1.393,0.256,2,1
15,0,26,4,N,nb28,1935,-1.341,1.865,2,1
15,0,26,4,N,nb29,1935,1.814,0.657,2,1
15,0,26,4,A,aa0,1935,-1.866,-1.767,1,0
15,0,26,4,A,aa1,1935,1.517,-0.757,0,0
15,0,26,4,A,aa2,1935,1.76,1.743,1,0
15,0,26,4,A,aa3,1935,0.352,1.348,0,0
15,0,26,4,N,nb0,1940,1.866,0.819,3,1
15,0,26,4,N,nb1,1940,-1.577,1.866,1,1
15,0,26,4,N,nb2,1940,-0.866,1.865,2,1
15,0,26,4,N,nb3,1940,-1.731,-1.141,2,1
15,0,26,4,N,nb4,1940,-1.667,-0.943,2,1
15,0,26,4,N,nb5,1940,0.233,-1.866,2,1
15,0,26,4,N,nb6,1940,1.753,1.208,2,1
15,0,26,4,N,nb7,1940,-0.932,1.58,2,1
15,0,26,4,N,nb8,1940,-0.494,-0.382,1,1
15,0,26,4,N,nb9,1940,1.865,0.988,3,1
15,0,26,4,N,nb10,1940,-0.016,-1.865,1,1
15,0,26,4,N,nb11,1940,1.651,1.074,2,1
15,0,26,4,N,nb12,1940,-0.728,1.767,1,1
15,0,26,4,N,nb13,1940,-1.842,0.326,1,1
15,0,26,4,N,nb14,1940,-1.865,-1.243,1,1
15,0,26,4,N,nb15,1940,-0.625,-0.488,1,1
15,0,26,4,N,nb16,1940,0.356,-1.739,1,1
15,0,26,4,N,nb17,1940,-1.808,-0.848,1,1
15,0,26,4,N,nb18,1940,-1.137,0.558,1,1
15,0,26,4,N,nb19,1940,1.7,0.783,2,1
15,0,26,4,N,nb20,1940,-1.171,0.325,2,1
15,0,26,4,N,nb21,1940,-1.107,1.629,4,1
15,0,26,4,N,nb22,1940,-1.865,0.158,2,1
15,0,26,4,N,nb23,1940,-1.622,0.195,2,1
15,0,26,4,N,nb24,1940,-0.983,1.743,3,1
15,0,26,4,N,nb25,1940,-1.177,1.422,1,1
15,0,26,4,N,nb26,1940,-1.294,1.701,2,1
15,0,26,4,N,nb27,1940,-1.393,0.256,2,1
15,0,26,4,N,nb28,1940,-1.341,1.865,2,1
15,0,26,4,N,nb29,1940,1.814,0.657,2,1
15,0,26,4,A,aa0,1940,-1.866,-1.71,2,0
15,0,26,4,A,aa1,1940,1.471,-0.668,0,0
15,0,26,4,A,aa2,1940,1.805,1.821,0,0
15,0,26,4,A,aa3,1940,0.253,1.334,0,0
15,0,26,4,N,nb0,1945,1.866,0.819,3,1
15,0,26,4,N,nb1,1945,-1.577,1.866,1,1
15,0,26,4,N,nb2,1945,-0.866,1.865,2,1
15,0,26,4,N,nb3,1945,-1.731,-1.141,2,1
15,0,26,4,N,nb4,1945,-1.667,-0.943,2,1
15,0,26,4,N,nb5,1945,0.233,-1.866,2,0
15,0,26,4,N,nb6,1945,1.753,1.208,2,1
15,0,26,4,N,nb7,1945,-0.932,1.58,2,0
15,0,26,4,N,nb8,1945,-0.494,-0.382,1,1
15,0,26,4,N,nb9,1945,1.865,0.988,3,1
15,0,26,4,N,nb10,1945,-0.016,-1.865,1,1
15,0,26,4,N,nb11,1945,1.651,1.074,2,1
15,0,26,4,N,nb12,1945,-0.728,1.767,1,1
15,0,26,4,N,nb13,1945,-1.842,0.326,1,1
15,0,26,4,N,nb14,1945,-1.865,-1.243,1,1
15,0,26,4,N,nb15,1945,-0.625,-0.488,1,1
15,0,26,4,N,nb16,1945,0.356,-1.739,1,1
15,0,26,4,N,nb17,1945,-1.808,-0.848,1,1
15,0,26,4,N,nb18,1945,-1.137,0.558,1,1
15,0,26,4,N,nb19,1945,1.7,0.783,2,1
15,0,26,4,N,nb20,1945,-1.171,0.325,2,1
15,0,26,4,N,nb21,1945,-1.107,1.629,4,1
15,0,26,4,N,nb22,1945,-1.865,0.158,2,1
15,0,26,4,N,nb23,1945,-1.622,0.195,2,1
15,0,26,4,N,nb24,1945,-0.983,1.743,3,1
15,0,26,4,N,nb25,1945,-1.177,1.422,1,1
15,0,26,4,N,nb26,1945,-1.294,1.701,2,1
15,0,26,4,N,nb27,1945,-1.393,0.256,2,1
15,0,26,4,N,nb28,1945,-1.341,1.865,2,1
15,0,26,4,N,nb29,1945,1.814,0.657,2,1
15,0,26,4,A,aa0,1945,-1.866,-1.641,2,0
15,0,26,4,A,aa1,1945,1.426,-0.579,0,0
15,0,26,4,A,aa2,1945,1.835,1.866,0,0
15,0,26,4,A,aa3,1945,0.154,1.32,0,0
15,0,26,4,N,nb0,1950,1.866,0.819,3,1
15,0,26,4,N,nb1,1950,-1.577,1.866,1,1
15,0,26,4,N,nb2,1950,-0.866,1.865,2,1
15,0,26,4,N,nb3,1950,-1.731,-1.141,2,1
15,0,26,4,N,nb4,1950,-1.667,-0.943,2,1
15,0,26,4,N,nb5,1950,0.233,-1.866,2,1
15,0,26,4,N,nb6,1950,1.753,1.208,2,1
15,0,26,4,N,nb7,1950,-0.932,1.58,2,1
15,0,26,4,N,nb8,1950,-0.494,-0.382,1,1
15,0,26,4,N,nb9,1950,1.865,0.988,3,1
15,0,26,4,N,nb10,1950,-0.016,-1.865,1,1
15,0,26,4,N,nb11,1950,1.651,1.074,2,1
15,0,26,4,N,nb12,1950,-0.728,1.767,1,1
15,0,26,4,N,nb13,1950,-1.842,0.326,1,1
15,0,26,4,N,nb14,1950,-1.865,-1.243,1,1
15,0,26,4,N,nb15,1950,-0.625,-0.488,1,1
15,0,26,4,N,nb16,1950,0.356,-1.739,1,1
15,0,26,4,N,nb17,1950,-1.808,-0.848,1,1
15,0,26,4,N,nb18,1950,-1.137,0.558,1,1
15,0,26,4,N,nb19,1950,1.7,0.783,2,1
15,0,26,4,N,nb20,1950,-1.171,0.325,2,1
15,0,26,4,N,nb21,1950,-1.107,1.629,4,1
15,0,26,4,N,nb22,1950,-1.865,0.158,2,1
15,0,26,4,N,nb23,1950,-1.622,0.195,2,1
15,0,26,4,N,nb24,1950,-0.983,1.743,3,1
15,0,26,4,N,nb25,1950,-1.177,1.422,1,1
15,0,26,4,N,nb26,1950,-1.294,1.701,2,1
15,0,26,4,N,nb27,1950,-1.393,0.256,2,1
15,0,26,4,N,nb28,1950,-1.341,1.865,2,1
15,0,26,4,N,nb29,1950,1.814,0.657,2,1
15,0,26,4,A,aa0,1950,-1.866,-1.578,2,0
15,0,26,4,A,aa1,1950,1.381,-0.49,0,0
15,0,26,4,A,aa2,1950,1.865,1.866,0,0
15,0,26,4,A,aa3,1950,0.055,1.306,0,0
15,0,26,4,N,nb0,1955,1.866,0.819,3,1
15,0,26,4,N,nb1,1955,-1.577,1.866,1,1
15,0,26,4,N,nb2,1955,-0.866,1.865,2,1
15,0,26,4,N,nb3,1955,-1.731,-1.141,2,1
15,0,26,4,N,nb4,1955,-1.667,-0.943,2,1
15,0,26,4,N,nb5,1955,0.233,-1.866,2,1
15,0,26,4,N,nb6,1955,1.753,1.208,2,1
15,0,26,4,N,nb7,1955,-0.932,1.58,2,1
15,0,26,4,N,nb8,1955,-0.494,-0.382,1,1
15,0,26,4,N,nb9,1955,1.865,0.988,3,1
15,0,26,4,N,nb10,1955,-0.016,-1.865,1,1
15,0,26,4,N,nb11,1955,1.651,1.074,2,1
15,0,26,4,N,nb12,1955,-0.728,1.767,1,1
15,0,26,4,N,nb13,1955,-1.842,0.326,1,1
15,0,26,4,N,nb14,1955,-1.865,-1.243,1,1
15,0,26,4,N,nb15,1955,-0.625,-0.488,1,1
15,0,26,4,N,nb16,1955,0.356,-1.739,1,1
15,0,26,4,N,nb17,1955,-1.808,-0.848,1,1
15,0,26,4,N,nb18,1955,-1.137,0.558,1,1
15,0,26,4,N,nb19,1955,1.7,0.783,2,1
15,0,26,4,N,nb20,1955,-1.171,0.325,2,1
15,0,26,4,N,nb21,1955,-1.107,1.629,4,1
15,0,26,4,N,nb22,1955,-1.865,0.158,2,1
15,0,26,4,N,nb23,1955,-1.622,0.195,2,1
15,0,26,4,N,nb24,1955,-0.983,1.743,3,1
15,0,26,4,N,nb25,1955,-1.177,1.422,1,1
15,0,26,4,N,nb26,1955,-1.294,1.701,2,1
15,0,26,4,N,nb27,1955,-1.393,0.256,2,1
15,0,26,4,N,nb28,1955,-1.341,1.865,2,1
15,0,26,4,N,nb29,1955,1.814,0.657,2,1
15,0,26,4,A,aa0,1955,-1.866,-1.573,2,0
15,0,26,4,A,aa1,1955,1.336,-0.401,0,0
15,0,26,4,A,aa2,1955,1.865,1.866,0,0
15,0,26,4,A,aa3,1955,0.032,1.303,0,0
15,0,26,4,N,nb0,1960,1.866,0.819,3,1
15,0,26,4,N,nb1,1960,-1.577,1.866,1,1
15,0,26,4,N,nb2,1960,-0.866,1.865,2,1
15,0,26,4,N,nb3,1960,-1.731,-1.141,2,1
15,0,26,4,N,nb4,1960,-1.667,-0.943,2,1
15,0,26,4,N,nb5,1960,0.233,-1.866,2,1
15,0,26,4,N,nb6,1960,1.753,1.208,2,1
15,0,26,4,N,nb7,1960,-0.932,1.58,2,1
15,0,26,4,N,nb8,1960,-0.494,-0.382,1,1
15,0,26,4,N,nb9,1960,1.865,0.988,3,1
15,0,26,4,N,nb10,1960,-0.016,-1.865,1,1
15,0,26,4,N,nb11,1960,1.651,1.074,2,1
15,0,26,4,N,nb12,1960,-0.728,1.767,1,1
15,0,26,4,N,nb13,1960,-1.842,0.326,1,1
15,0,26,4,N,nb14,1960,-1.865,-1.243,1,1
15,0,26,4,N,nb15,1960,-0.625,-0.488,1,1
15,0,26,4,N,nb16,1960,0.356,-1.739,1,1
15,0,26,4,N,nb17,1960,-1.808,-0.848,1,1
15,0,26,4,N,nb18,1960,-1.137,0.558,1,1
15,0,26,4,N,nb19,1960,1.7,0.783,2,1
15,0,26,4,N,nb20,1960,-1.171,0.325,2,1
15,0,26,4,N,nb21,1960,-1.107,1.629,4,1
15,0,26,4,N,nb22,1960,-1.865,0.158,2,1
15,0,26,4,N,nb23,1960,-1.622,0.195,2,1
15,0,26,4,N,nb24,1960,-0.983,1.743,3,1
15,0,26,4,N,nb25,1960,-1.177,1.422,1,1
15,0,26,4,N,nb26,1960,-1.294,1.701,2,1
15,0,26,4,N,nb27,1960,-1.393,0.256,2,1
15,0,26,4,N,nb28,1960,-1.341,1.865,2,1
15,0,26,4,N,nb29,1960,1.814,0.657,2,1
15,0,26,4,A,aa0,1960,-1.866,-1.533,2,0
15,0,26,4,A,aa1,1960,1.291,-0.311,0,0
15,0,26,4,A,aa2,1960,1.865,1.866,0,0
15,0,26,4,A,aa3,1960,-0.042,1.241,0,0
15,0,26,4,N,nb0,1965,1.866,0.819,3,0
15,0,26,4,N,nb1,1965,-1.577,1.866,1,1
15,0,26,4,N,nb2,1965,-0.866,1.865,2,1
15,0,26,4,N,nb3,1965,-1.731,-1.141,2,1
15,0,26,4,N,nb4,1965,-1.667,-0.943,2,1
15,0,26,4,N,nb5,1965,0.233,-1.866,2,1
15,0,26,4,N,nb6,1965,1.753,1.208,2,1
15,0,26,4,N,nb7,1965,-0.932,1.58,2,1
15,0,26,4,N,nb8,1965,-0.494,-0.382,1,1
15,0,26,4,N,nb9,1965,1.865,0.988,3,1
15,0,26,4,N,nb10,1965,-0.016,-1.865,1,1
15,0,26,4,N,nb11,1965,1.651,1.074,2,1
15,0,26,4,N,nb12,1965,-0.728,1.767,1,1
15,0,26,4,N,nb13,1965,-1.842,0.326,1,1
15,0,26,4,N,nb14,1965,-1.865,-1.243,1,1
15,0,26,4,N,nb15,1965,-0.625,-0.488,1,1
15,0,26,4,N,nb16,1965,0.356,-1.739,1,1
15,0,26,4,N,nb17,1965,-1.808,-0.848,1,1
15,0,26,4,N,nb18,1965,-1.137,0.558,1,1
15,0,26,4,N,nb19,1965,1.7,0.783,2,1
15,0,26,4,N,nb20,1965,-1.171,0.325,2,1
15,0,26,4,N,nb21,1965,-1.107,1.629,4,1
15,0,26,4,N,nb22,1965,-1.865,0.158,2,1
15,0,26,4,N,nb23,1965,-1.622,0.195,2,1
15,0,26,4,N,nb24,1965,-0.983,1.743,3,1
15,0,26,4,N,nb25,1965,-1.177,1.422,1,1
15,0,26,4,N,nb26,1965,-1.294,1.701,2,1
15,0,26,4,N,nb27,1965,-1.393,0.256,2,1
15,0,26,4,N,nb28,1965,-1.341,1.865,2,1
15,0,26,4,N,nb29,1965,1.814,0.657,2,1
15,0,26,4,A,aa0,1965,-1.866,-1.479,2,0
15,0,26,4,A,aa1,1965,1.245,-0.222,0,0
15,0,26,4,A,aa2,1965,1.864,1.866,0,0
15,0,26,4,A,aa3,1965,-0.118,1.175,0,0
15,0,26,4,N,nb0,1970,1.866,0.819,3,1
15,0,26,4,N,nb1,1970,-1.577,1.866,1,1
15,0,26,4,N,nb2,1970,-0.866,1.865,2,1
15,0,26,4,N,nb3,1970,-1.731,-1.141,2,1
15,0,26,4,N,nb4,1970,-1.667,-0.943,2,1
15,0,26,4,N,nb5,1970,0.233,-1.866,2,1
15,0,26,4,N,nb6,1970,1.753,1.208,2,1
15,0,26,4,N,nb7,1970,-0.932,1.58,2,1
15,0,26,4,N,nb8,1970,-0.494,-0.382,1,1
15,0,26,4,N,nb9,1970,1.865,0.988,3,1
15,0,26,4,N,nb10,1970,-0.016,-1.865,1,1
15,0,26,4,N,nb11,1970,1.651,1.074,2,1
15,0,26,4,N,nb12,1970,-0.728,1.767,1,1
15,0,26,4,N,nb13,1970,-1.842,0.326,1,1
15,0,26,4,N,nb14,1970,-1.865,-1.243,1,1
15,0,26,4,N,nb15,1970,-0.625,-0.488,1,1
15,0,26,4,N,nb16,1970,0.356,-1.739,1,1
15,0,26,4,N,nb17,1970,-1.808,-0.848,1,1
15,0,26,4,N,nb18,1970,-1.137,0.558,1,1
15,0,26,4,N,nb19,1970,1.7,0.783,2,1
15,0,26,4,N,nb20,1970,-1.171,0.325,2,1
15,0,26,4,N,nb21,1970,-1.107,1.629,4,1
15,0,26,4,N,nb22,1970,-1.865,0.158,2,1
15,0,26,4,N,nb23,1970,-1.622,0.195,2,1
15,0,26,4,N,nb24,1970,-0.983,1.743,3,1
15,0,26,4,N,nb25,1970,-1.177,1.422,1,1
15,0,26,4,N,nb26,1970,-1.294,1.701,2,1
15,0,26,4,N,nb27,1970,-1.393,0.256,2,0
15,0,26,4,N,nb28,1970,-1.341,1.865,2,1
15,0,26,4,N,nb29,1970,1.814,0.657,2,0
15,0,26,4,A,aa0,1970,-1.866,-1.478,2,0
15,0,26,4,A,aa1,1970,1.2,-0.133,0,0
15,0,26,4,A,aa2,1970,1.851,1.866,0,0
15,0,26,4,A,aa3,1970,-0.193,1.11,0,0
15,0,26,4,N,nb0,1975,1.866,0.819,3,1
15,0,26,4,N,nb1,1975,-1.577,1.866,1,1
15,0,26,4,N,nb2,1975,-0.866,1.865,2,1
15,0,26,4,N,nb3,1975,-1.731,-1.141,2,1
15,0,26,4,N,nb4,1975,-1.667,-0.943,2,1
15,0,26,4,N,nb5,1975,0.233,-1.866,2,1
15,0,26,4,N,nb6,1975,1.753,1.208,2,1
15,0,26,4,N,nb7,1975,-0.932,1.58,2,1
15,0,26,4,N,nb8,1975,-0.494,-0.382,1,1
15,0,26,4,N,nb9,1975,1.865,0.988,3,1
15,0,26,4,N,nb10,1975,-0.016,-1.865,1,1
15,0,26,4,N,nb11,1975,1.651,1.074,2,1
15,0,26,4,N,nb12,1975,-0.728,1.767,1,1
15,0,26,4,N,nb13,1975,-1.842,0.326,1,1
15,0,26,4,N,nb14,1975,-1.865,-1.243,1,1
15,0,26,4,N,nb15,1975,-0.625,-0.488,1,1
15,0,26,4,N,nb16,1975,0.356,-1.739,1,1
15,0,26,4,N,nb17,1975,-1.808,-0.848,1,1
15,0,26,4,N,nb18,1975,-1.137,0.558,1,1
15,0,26,4,N,nb19,1975,1.7,0.783,2,1
15,0,26,4,N,nb20,1975,-1.171,0.325,2,1
15,0,26,4,N,nb21,1975,-1.107,1.629,4,1
15,0,26,4,N,nb22,1975,-1.865,0.158,2,0
15,0,26,4,N,nb23,1975,-1.622,0.195,2,1
15,0,26,4,N,nb24,1975,-0.983,1.743,3,1
15,0,26,4,N,nb25,1975,-1.177,1.422,1,1
15,0,26,4,N,nb26,1975,-1.294,1.701,2,1
15,0,26,4,N,nb27,1975,-1.393,0.256,2,1
15,0,26,4,N,nb28,1975,-1.341,1.865,2,1
15,0,26,4,N,nb29,1975,1.814,0.657,2,1
15,0,26,4,A,aa0,1975,-1.866,-1.467,1,0
15,0,26,4,A,aa1,1975,1.171,-0.077,0,0
15,0,26,4,A,aa2,1975,1.824,1.866,0,0
15,0,26,4,A,aa3,1975,-0.269,1.045,0,0
15,0,26,4,N,nb0,1980,1.866,0.819,3,1
15,0,26,4,N,nb1,1980,-1.577,1.866,1,1
15,0,26,4,N,nb2,1980,-0.866,1.865,2,1
15,0,26,4,N,nb3,1980,-1.731,-1.141,2,1
15,0,26,4,N,nb4,1980,-1.667,-0.943,2,1
15,0,26,4,N,nb5,1980,0.233,-1.866,2,1
15,0,26,4,N,nb6,1980,1.753,1.208,2,1
15,0,26,4,N,nb7,1980,-0.932,1.58,2,1
15,0,26,4,N,nb8,1980,-0.494,-0.382,1,0
15,0,26,4,N,nb9,1980,1.865,0.988,3,1
15,0,26,4,N,nb10,1980,-0.016,-1.865,1,1
15,0,26,4,N,nb11,1980,1.651,1.074,2,1
15,0,26,4,N,nb12,1980,-0.728,1.767,1,1
15,0,26,4,N,nb13,1980,-1.842,0.326,1,1
15,0,26,4,N,nb14,1980,-1.865,-1.243,1,1
15,0,26,4,N,nb15,1980,-0.625,-0.488,1,1
15,0,26,4,N,nb16,1980,0.356,-1.739,1,1
15,0,26,4,N,nb17,1980,-1.808,-0.848,1,1
15,0,26,4,N,nb18,1980,-1.137,0.558,1,1
15,0,26,4,N,nb19,1980,1.7,0.783,2,1
15,0,26,4,N,nb20,1980,-1.171,0.325,2,1
15,0,26,4,N,nb21,1980,-1.107,1.629,4,1
15,0,26,4,N,nb22,1980,-1.865,0.158,2,1
15,0,26,4,N,nb23,1980,-1.622,0.195,2,1
15,0,26,4,N,nb24,1980,-0.983,1.743,3,1
15,0,26,4,N,nb25,1980,-1.177,1.422,1,1
15,0,26,4,N,nb26,1980,-1.294,1.701,2,1
15,0,26,4,N,nb27,1980,-1.393,0.256,2,1
15,0,26,4,N,nb28,1980,-1.341,1.865,2,1
15,0,26,4,N,nb29,1980,1.814,0.657,2,1
15,0,26,4,A,aa0,1980,-1.866,-1.438,1,0
15,0,26,4,A,aa1,1980,1.171,-0.077,0,0
15,0,26,4,A,aa2,1980,1.784,1.866,0,0
15,0,26,4,A,aa3,1980,-0.345,0.98,0,0
15,0,26,4,N,nb0,1985,1.866,0.819,3,1
15,0,26,4,N,nb1,1985,-1.577,1.866,1,1
15,0,26,4,N,nb2,1985,-0.866,1.865,2,1
15,0,26,4,N,nb3,1985,-1.731,-1.141,2,1
15,0,26,4,N,nb4,1985,-1.667,-0.943,2,1
15,0,26,4,N,nb5,1985,0.233,-1.866,2,1
15,0,26,4,N,nb6,1985,1.753,1.208,2,1
15,0,26,4,N,nb7,1985,-0.932,1.58,2,1
15,0,26,4,N,nb8,1985,-0.494,-0.382,1,1
15,0,26,4,N,nb9,1985,1.865,0.988,3,1
15,0,26,4,N,nb10,1985,-0.016,-1.865,1,1
15,0,26,4,N,nb11,1985,1.651,1.074,2,1
15,0,26,4,N,nb12,1985,-0.728,1.767,1,1
15,0,26,4,N,nb13,1985,-1.842,0.326,1,1
15,0,26,4,N,nb14,1985,-1.865,-1.242,1,1
15,0,26,4,N,nb15,1985,-0.625,-0.488,1,1
15,0,26,4,N,nb16,1985,0.356,-1.739,1,1
15,0,26,4,N,nb17,1985,-1.808,-0.848,1,1
15,0,26,4,N,nb18,1985,-1.137,0.558,1,1
15,0,26,4,N,nb19,1985,1.7,0.783,2,1
15,0,26,4,N,nb20,1985,-1.171,0.325,2,1
15,0,26,4,N,nb21,1985,-1.107,1.629,4,1
15,0,26,4,N,nb22,1985,-1.865,0.158,2,1
15,0,26,4,N,nb23,1985,-1.622,0.195,2,1
15,0,26,4,N,nb24,1985,-0.983,1.743,3,1
15,0,26,4,N,nb25,1985,-1.177,1.422,1,1
15,0,26,4,N,nb26,1985,-1.294,1.701,2,1
15,0,26,4,N,nb27,1985,-1.393,0.256,2,1
15,0,26,4,N,nb28,1985,-1.341,1.865,2,1
15,0,26,4,N,nb29,1985,1.814,0.657,2,1
15,0,26,4,A,aa0,1985,-1.866,-1.412,1,0
15,0,26,4,A,aa1,1985,1.075,-0.067,0,0
15,0,26,4,A,aa2,1985,1.732,1.866,0,0
15,0,26,4,A,aa3,1985,-0.421,0.915,0,0
15,0,26,4,N,nb0,1990,1.866,0.819,3,1
15,0,26,4,N,nb1,1990,-1.577,1.866,1,1
15,0,26,4,N,nb2,1990,-0.866,1.865,2,0
15,0,26,4,N,nb3,1990,-1.731,-1.141,2,1
15,0,26,4,N,nb4,1990,-1.667,-0.943,2,1
15,0,26,4,N,nb5,1990,0.233,-1.866,2,1
15,0,26,4,N,nb6,1990,1.753,1.208,2,1
15,0,26,4,N,nb7,1990,-0.932,1.58,2,1
15,0,26,4,N,nb8,1990,-0.494,-0.382,1,1
15,0,26,4,N,nb9,1990,1.865,0.988,3,1
15,0,26,4,N,nb10,1990,-0.016,-1.865,1,1
15,0,26,4,N,nb11,1990,1.651,1.074,2,1
15,0,26,4,N,nb12,1990,-0.728,1.767,1,0
15,0,26,4,N,nb13,1990,-1.842,0.326,1,1
15,0,26,4,N,nb14,1990,-1.865,-1.242,1,1
15,0,26,4,N,nb15,1990,-0.625,-0.488,1,1
15,0,26,4,N,nb16,1990,0.356,-1.739,1,1
15,0,26,4,N,nb17,1990,-1.808,-0.848,1,1
15,0,26,4,N,nb18,1990,-1.137,0.558,1,1
15,0,26,4,N,nb19,1990,1.7,0.783,2,1
15,0,26,4,N,nb20,1990,-1.171,0.325,2,1
15,0,26,4,N,nb21,1990,-1.107,1.629,4,1
15,0,26,4,N,nb22,1990,-1.865,0.158,2,1
15,0,26,4,N,nb23,1990,-1.622,0.195,2,1
15,0,26,4,N,nb24,1990,-0.983,1.743,3,1
15,0,26,4,N,nb25,1990,-1.177,1.422,1,1
15,0,26,4,N,nb26,1990,-1.294,1.701,2,1
15,0,26,4,N,nb27,1990,-1.393,0.256,2,1
15,0,26,4,N,nb28,1990,-1.341,1.865,2,1
15,0,26,4,N,nb29,1990,1.814,0.657,2,1
15,0,26,4,A,aa0,1990,-1.866,-1.412,1,0
15,0,26,4,A,aa1,1990,0.992,-0.058,0,0
15,0,26,4,A,aa2,1990,1.679,1.866,0,0
15,0,26,4,A,aa3,1990,-0.497,0.85,0,0
15,0,26,4,N,nb0,1995,1.866,0.819,3,1
15,0,26,4,N,nb1,1995,-1.577,1.866,1,1
15,0,26,4,N,nb2,1995,-0.866,1.865,2,1
15,0,26,4,N,nb3,1995,-1.731,-1.141,2,1
15,0,26,4,N,nb4,1995,-1.667,-0.943,2,1
15,0,26,4,N,nb5,1995,0.233,-1.866,2,1
15,0,26,4,N,nb6,1995,1.753,1.208,2,1
15,0,26,4,N,nb7,1995,-0.932,1.58,2,1
15,0,26,4,N,nb8,1995,-0.494,-0.382,1,1
15,0,26,4,N,nb9,1995,1.865,0.988,3,1
15,0,26,4,N,nb10,1995,-0.016,-1.865,1,1
15,0,26,4,N,nb11,1995,1.651,1.074,2,1
15,0,26,4,N,nb12,1995,-0.728,1.767,1,1
15,0,26,4,N,nb13,1995,-1.842,0.326,1,1
15,0,26,4,N,nb14,1995,-1.865,-1.242,1,1
15,0,26,4,N,nb15,1995,-0.625,-0.488,1,1
15,0,26,4,N,nb16,1995,0.356,-1.739,1,1
15,0,26,4,N,nb17,1995,-1.808,-0.848,1,1
15,0,26,4,N,nb18,1995,-1.137,0.558,1,1
15,0,26,4,N,nb19,1995,1.7,0.783,2,1
15,0,26,4,N,nb20,1995,-1.171,0.325,2,1
15,0,26,4,N,nb21,1995,-1.107,1.629,4,0
15,0,26,4,N,nb22,1995,-1.865,0.158,2,1
15,0,26,4,N,nb23,1995,-1.622,0.195,2,0
15,0,26,4,N,nb24,1995,-0.983,1.743,3,1
15,0,26,4,N,nb25,1995,-1.177,1.422,1,1
15,0,26,4,N,nb26,1995,-1.294,1.701,2,1
15,0,26,4,N,nb27,1995,-1.393,0.256,2,1
15,0,26,4,N,nb28,1995,-1.341,1.865,2,1
15,0,26,4,N,nb29,1995,1.814,0.657,2,1
15,0,26,4,A,aa0,1995,-1.866,-1.412,1,0
15,0,26,4,A,aa1,1995,0.939,-0.076,0,0
15,0,26,4,A,aa2,1995,1.679,1.866,0,0
15,0,26,4,A,aa3,1995,-0.573,0.785,0,0
15,0,26,4,N,nb0,2000,1.866,0.819,3,1
15,0,26,4,N,nb1,2000,-1.577,1.866,1,1
15,0,26,4,N,nb2,2000,-0.866,1.865,2,1
15,0,26,4,N,nb3,2000,-1.731,-1.141,2,1
15,0,26,4,N,nb4,2000,-1.667,-0.943,2,1
15,0,26,4,N,nb5,2000,0.233,-1.866,2,1
15,0,26,4,N,nb6,2000,1.753,1.208,2,1
15,0,26,4,N,nb7,2000,-0.932,1.58,2,1
15,0,26,4,N,nb8,2000,-0.494,-0.382,1,1
15,0,26,4,N,nb9,2000,1.865,0.988,3,1
15,0,26,4,N,nb10,2000,-0.016,-1.865,1,1
15,0,26,4,N,nb11,2000,1.651,1.074,2,1
15,0,26,4,N,nb12,2000,-0.728,1.767,1,1
15,0,26,4,N,nb13,2000,-1.842,0.326,1,1
15,0,26,4,N,nb14,2000,-1.865,-1.242,1,1
15,0,26,4,N,nb15,2000,-0.625,-0.488,1,1
15,0,26,4,N,nb16,2000,0.356,-1.739,1,1
15,0,26,4,N,nb17,2000,-1.808,-0.848,1,1
15,0,26,4,N,nb18,2000,-1.137,0.558,1,1
15,0,26,4,N,nb19,2000,1.7,0.783,2,1
15,0,26,4,N,nb20,2000,-1.171,0.325,2,1
15,0,26,4,N,nb21,2000,-1.107,1.629,4,1
15,0,26,4,N,nb22,2000,-1.865,0.158,2,1
15,0,26,4,N,nb23,2000,-1.622,0.195,2,1
15,0,26,4,N,nb24,2000,-0.983,1.743,3,1
15,0,26,4,N,nb25,2000,-1.177,1.422,1,1
15,0,26,4,N,nb26,2000,-1.294,1.701,2,1
15,0,26,4,N,nb27,2000,-1.393,0.256,2,1
15,0,26,4,N,nb28,2000,-1.341,1.865,2,1
15,0,26,4,N,nb29,2000,1.814,0.657,2,1
15,0,26,4,A,aa0,2000,-1.866,-1.412,1,0
15,0,26,4,A,aa1,2000,0.844,-0.108,0,0
15,0,26,4,A,aa2,2000,1.592,1.842,0,0
15,0,26,4,A,aa3,2000,-0.649,0.719,1,0
