anti_pct,rep,n_normal,n_anti,role,robot_id,tick,x,y,metric_c,metric_f
0,4,30,0,N,nb0,5,-0.865,-1.703,0,0
0,4,30,0,N,nb1,5,-0.174,1.324,0,0
0,4,30,0,N,nb2,5,1.412,0.085,1,1
0,4,30,0,N,nb3,5,-1.165,-0.469,0,0
0,4,30,0,N,nb4,5,-0.686,-1.11,2,1
0,4,30,0,N,nb5,5,-1.289,0.619,0,0
0,4,30,0,N,nb6,5,0.285,-0.515,1,1
0,4,30,0,N,nb7,5,0.541,1.21,0,0
0,4,30,0,N,nb8,5,0.235,-0.699,1,1
0,4,30,0,N,nb9,5,0.148,-0.984,1,1
0,4,30,0,N,nb10,5,0.032,-1.164,1,1
0,4,30,0,N,nb11,5,1.088,-0.743,0,0
0,4,30,0,N,nb12,5,0.808,0.813,0,0
0,4,30,0,N,nb13,5,0.733,-1.143,0,0
0,4,30,0,N,nb14,5,-0.6,-0.886,2,1
0,4,30,0,N,nb15,5,1.641,0.057,1,1
0,4,30,0,N,nb16,5,1.839,1.323,0,0
0,4,30,0,N,nb17,5,-0.835,-0.949,2,1
0,4,30,0,N,nb18,5,-0.606,1.576,0,0
0,4,30,0,N,nb19,5,1.127,1.371,0,0
0,4,30,0,N,nb20,5,-0.359,-1.703,0,0
0,4,30,0,N,nb21,5,1.504,0.522,0,0
0,4,30,0,N,nb22,5,0.148,1.22,0,0
0,4,30,0,N,nb23,5,0.082,1.786,0,0
0,4,30,0,N,nb24,5,-0.177,-0.002,0,0
0,4,30,0,N,nb25,5,-1.068,1.202,0,0
0,4,30,0,N,nb26,5,0.042,0.486,0,0
0,4,30,0,N,nb27,5,-1.628,-1.622,0,0
0,4,30,0,N,nb28,5,-1.402,-0.596,0,0
0,4,30,0,N,nb29,5,-0.894,0.849,0,0
0,4,30,0,N,nb0,10,-0.873,-1.8,0,0
0,4,30,0,N,nb1,10,-0.126,1.412,0,0
0,4,30,0,N,nb2,10,1.415,0.086,1,1
0,4,30,0,N,nb3,10,-1.185,-0.464,1,1
0,4,30,0,N,nb4,10,-0.686,-1.11,2,1
0,4,30,0,N,nb5,10,-1.196,0.582,0,0
0,4,30,0,N,nb6,10,0.285,-0.515,1,1
0,4,30,0,N,nb7,10,0.617,1.274,0,0
0,4,30,0,N,nb8,10,0.235,-0.699,1,1
0,4,30,0,N,nb9,10,0.148,-0.984,1,1
0,4,30,0,N,nb10,10,0.032,-1.164,1,1
0,4,30,0,N,nb11,10,1.108,-0.841,0,0
0,4,30,0,N,nb12,10,0.788,0.911,0,0
0,4,30,0,N,nb13,10,0.782,-1.056,0,0
0,4,30,0,N,nb14,10,-0.6,-0.886,2,1
0,4,30,0,N,nb15,10,1.638,0.057,1,1
0,4,30,0,N,nb16,10,1.865,1.299,0,0
0,4,30,0,N,nb17,10,-0.835,-0.949,2,1
0,4,30,0,N,nb18,10,-0.689,1.52,0,0
0,4,30,0,N,nb19,10,1.076,1.284,0,0
0,4,30,0,N,nb20,10,-0.288,-1.632,0,0
0,4,30,0,N,nb21,10,1.429,0.455,0,0
0,4,30,0,N,nb22,10,0.234,1.272,0,0
0,4,30,0,N,nb23,10,0.174,1.781,0,0
0,4,30,0,N,nb24,10,-0.203,-0.099,0,0
0,4,30,0,N,nb25,10,-1.156,1.154,0,0
0,4,30,0,N,nb26,10,0.124,0.428,0,0
0,4,30,0,N,nb27,10,-1.593,-1.528,0,0
0,4,30,0,N,nb28,10,-1.395,-0.574,1,1
0,4,30,0,N,nb29,10,-0.833,0.929,0,0
0,4,30,0,N,nb0,15,-0.889,-1.866,0,0
0,4,30,0,N,nb1,15,-0.077,1.499,0,0
0,4,30,0,N,nb2,15,1.415,0.086,1,1
0,4,30,0,N,nb3,15,-1.185,-0.464,1,1
0,4,30,0,N,nb4,15,-0.686,-1.11,2,1
0,4,30,0,N,nb5,15,-1.104,0.544,0,0
0,4,30,0,N,nb6,15,0.285,-0.515,1,1
0,4,30,0,N,nb7,15,0.694,1.338,0,0
0,4,30,0,N,nb8,15,0.235,-0.699,1,1
0,4,30,0,N,nb9,15,0.148,-0.984,1,1
0,4,30,0,N,nb10,15,0.032,-1.164,1,1
0,4,30,0,N,nb11,15,1.128,-0.939,0,0
0,4,30,0,N,nb12,15,0.768,1.009,0,0
0,4,30,0,N,nb13,15,0.831,-0.968,0,0
0,4,30,0,N,nb14,15,-0.6,-0.886,2,1
0,4,30,0,N,nb15,15,1.638,0.057,1,1
0,4,30,0,N,nb16,15,1.865,1.261,0,0
0,4,30,0,N,nb17,15,-0.835,-0.949,2,1
0,4,30,0,N,nb18,15,-0.772,1.464,0,0
0,4,30,0,N,nb19,15,1.026,1.198,0,0
0,4,30,0,N,nb20,15,-0.217,-1.562,0,0
0,4,30,0,N,nb21,15,1.355,0.388,0,0
0,4,30,0,N,nb22,15,0.319,1.324,0,0
0,4,30,0,N,nb23,15,0.266,1.766,0,0
0,4,30,0,N,nb24,15,-0.229,-0.196,0,0
0,4,30,0,N,nb25,15,-1.244,1.107,0,0
0,4,30,0,N,nb26,15,0.205,0.371,0,0
0,4,30,0,N,nb27,15,-1.557,-1.435,0,0
0,4,30,0,N,nb28,15,-1.395,-0.574,1,1
0,4,30,0,N,nb29,15,-0.772,1.008,0,0
0,4,30,0,N,nb0,20,-0.917,-1.866,0,0
0,4,30,0,N,nb1,20,-0.029,1.587,0,0
0,4,30,0,N,nb2,20,1.415,0.086,1,1
0,4,30,0,N,nb3,20,-1.185,-0.464,1,1
0,4,30,0,N,nb4,20,-0.686,-1.11,2,1
0,4,30,0,N,nb5,20,-1.011,0.507,0,0
0,4,30,0,N,nb6,20,0.285,-0.515,1,1
0,4,30,0,N,nb7,20,0.771,1.402,0,0
0,4,30,0,N,nb8,20,0.235,-0.699,1,1
0,4,30,0,N,nb9,20,0.148,-0.984,1,1
0,4,30,0,N,nb10,20,0.032,-1.164,1,1
0,4,30,0,N,nb11,20,1.149,-1.037,0,0
0,4,30,0,N,nb12,20,0.752,1.088,1,1
0,4,30,0,N,nb13,20,0.88,-0.881,0,0
0,4,30,0,N,nb14,20,-0.6,-0.886,2,1
0,4,30,0,N,nb15,20,1.638,0.057,1,1
0,4,30,0,N,nb16,20,1.865,1.209,0,0
0,4,30,0,N,nb17,20,-0.835,-0.949,2,1
0,4,30,0,N,nb18,20,-0.855,1.408,0,0
0,4,30,0,N,nb19,20,0.985,1.128,1,1
0,4,30,0,N,nb20,20,-0.147,-1.491,0,0
0,4,30,0,N,nb21,20,1.281,0.322,0,0
0,4,30,0,N,nb22,20,0.404,1.376,0,0
0,4,30,0,N,nb23,20,0.361,1.743,0,0
0,4,30,0,N,nb24,20,-0.255,-0.292,0,0
0,4,30,0,N,nb25,20,-1.332,1.06,0,0
0,4,30,0,N,nb26,20,0.287,0.313,0,0
0,4,30,0,N,nb27,20,-1.522,-1.341,0,0
0,4,30,0,N,nb28,20,-1.395,-0.574,1,1
0,4,30,0,N,nb29,20,-0.711,1.087,0,0
0,4,30,0,N,nb0,25,-0.961,-1.866,0,0
0,4,30,0,N,nb1,25,0.019,1.674,0,0
0,4,30,0,N,nb2,25,1.415,0.086,1,1
0,4,30,0,N,nb3,25,-1.185,-0.464,1,1
0,4,30,0,N,nb4,25,-0.686,-1.11,2,1
0,4,30,0,N,nb5,25,-0.918,0.47,0,0
0,4,30,0,N,nb6,25,0.285,-0.515,1,1
0,4,30,0,N,nb7,25,0.847,1.466,0,0
0,4,30,0,N,nb8,25,0.235,-0.699,1,1
0,4,30,0,N,nb9,25,0.148,-0.984,1,1
0,4,30,0,N,nb10,25,0.032,-1.164,1,1
0,4,30,0,N,nb11,25,1.169,-1.135,0,0
0,4,30,0,N,nb12,25,0.752,1.088,1,1
0,4,30,0,N,nb13,25,0.928,-0.794,0,0
0,4,30,0,N,nb14,25,-0.6,-0.886,2,1
0,4,30,0,N,nb15,25,1.638,0.057,1,1
0,4,30,0,N,nb16,25,1.865,1.145,0,0
0,4,30,0,N,nb17,25,-0.835,-0.949,2,1
0,4,30,0,N,nb18,25,-0.938,1.352,0,0
0,4,30,0,N,nb19,25,0.985,1.128,1,1
0,4,30,0,N,nb20,25,-0.076,-1.42,0,0
0,4,30,0,N,nb21,25,1.209,0.261,0,0
0,4,30,0,N,nb22,25,0.49,1.428,0,0
0,4,30,0,N,nb23,25,0.459,1.719,0,0
0,4,30,0,N,nb24,25,-0.282,-0.389,0,0
0,4,30,0,N,nb25,25,-1.42,1.013,0,0
0,4,30,0,N,nb26,25,0.369,0.256,0,0
0,4,30,0,N,nb27,25,-1.487,-1.248,0,0
0,4,30,0,N,nb28,25,-1.395,-0.574,1,1
0,4,30,0,N,nb29,25,-0.65,1.167,0,0
0,4,30,0,N,nb0,30,-1.018,-1.866,0,0
0,4,30,0,N,nb1,30,0.068,1.762,0,0
0,4,30,0,N,nb2,30,1.415,0.086,1,1
0,4,30,0,N,nb3,30,-1.185,-0.464,1,1
0,4,30,0,N,nb4,30,-0.686,-1.11,2,1
0,4,30,0,N,nb5,30,-0.825,0.433,0,0
0,4,30,0,N,nb6,30,0.285,-0.515,1,1
0,4,30,0,N,nb7,30,0.924,1.531,0,0
0,4,30,0,N,nb8,30,0.235,-0.699,1,1
0,4,30,0,N,nb9,30,0.148,-0.984,1,1
0,4,30,0,N,nb10,30,0.032,-1.164,2,1
0,4,30,0,N,nb11,30,1.19,-1.233,0,0
0,4,30,0,N,nb12,30,0.752,1.088,1,1
0,4,30,0,N,nb13,30,0.977,-0.707,0,0
0,4,30,0,N,nb14,30,-0.6,-0.886,2,1
0,4,30,0,N,nb15,30,1.638,0.057,1,1
0,4,30,0,N,nb16,30,1.865,1.072,0,0
0,4,30,0,N,nb17,30,-0.835,-0.949,2,1
0,4,30,0,N,nb18,30,-1.021,1.297,0,0
0,4,30,0,N,nb19,30,0.985,1.128,1,1
0,4,30,0,N,nb20,30,-0.048,-1.392,1,1
0,4,30,0,N,nb21,30,1.129,0.201,0,0
0,4,30,0,N,nb22,30,0.542,1.46,1,1
0,4,30,0,N,nb23,30,0.518,1.705,1,1
0,4,30,0,N,nb24,30,-0.308,-0.485,0,0
0,4,30,0,N,nb25,30,-1.508,0.966,0,0
0,4,30,0,N,nb26,30,0.451,0.198,0,0
0,4,30,0,N,nb27,30,-1.451,-1.154,0,0
0,4,30,0,N,nb28,30,-1.395,-0.574,1,1
0,4,30,0,N,nb29,30,-0.59,1.246,0,0
0,4,30,0,N,nb0,35,-1.086,-1.866,0,0
0,4,30,0,N,nb1,35,0.114,1.838,0,0
0,4,30,0,N,nb2,35,1.415,0.086,1,0
0,4,30,0,N,nb3,35,-1.185,-0.464,1,1
0,4,30,0,N,nb4,35,-0.686,-1.11,2,1
0,4,30,0,N,nb5,35,-0.732,0.395,0,0
0,4,30,0,N,nb6,35,0.285,-0.515,1,1
0,4,30,0,N,nb7,35,1.001,1.595,0,0
0,4,30,0,N,nb8,35,0.235,-0.699,1,1
0,4,30,0,N,nb9,35,0.148,-0.984,1,1
0,4,30,0,N,nb10,35,0.032,-1.164,2,1
0,4,30,0,N,nb11,35,1.21,-1.331,0,0
0,4,30,0,N,nb12,35,0.752,1.088,1,1
0,4,30,0,N,nb13,35,1.026,-0.619,0,0
0,4,30,0,N,nb14,35,-0.6,-0.886,2,1
0,4,30,0,N,nb15,35,1.638,0.057,1,0
0,4,30,0,N,nb16,35,1.865,0.991,0,0
0,4,30,0,N,nb17,35,-0.835,-0.949,2,1
0,4,30,0,N,nb18,35,-1.104,1.241,0,0
0,4,30,0,N,nb19,35,0.985,1.128,1,1
0,4,30,0,N,nb20,35,-0.048,-1.392,1,1
0,4,30,0,N,nb21,35,1.049,0.141,0,0
0,4,30,0,N,nb22,35,0.542,1.46,1,1
0,4,30,0,N,nb23,35,0.518,1.705,1,1
0,4,30,0,N,nb24,35,-0.334,-0.582,0,0
0,4,30,0,N,nb25,35,-1.597,0.918,0,0
0,4,30,0,N,nb26,35,0.533,0.14,0,0
0,4,30,0,N,nb27,35,-1.416,-1.061,0,0
0,4,30,0,N,nb28,35,-1.395,-0.574,1,1
0,4,30,0,N,nb29,35,-0.529,1.326,0,0
0,4,30,0,N,nb0,40,-1.162,-1.866,0,0
0,4,30,0,N,nb1,40,0.169,1.866,0,0
0,4,30,0,N,nb2,40,1.415,0.086,1,1
0,4,30,0,N,nb3,40,-1.185,-0.464,1,1
0,4,30,0,N,nb4,40,-0.686,-1.11,2,1
0,4,30,0,N,nb5,40,-0.639,0.358,0,0
0,4,30,0,N,nb6,40,0.285,-0.515,1,1
0,4,30,0,N,nb7,40,1.077,1.659,0,0
0,4,30,0,N,nb8,40,0.235,-0.699,1,1
0,4,30,0,N,nb9,40,0.148,-0.984,1,1
0,4,30,0,N,nb10,40,0.032,-1.164,2,1
0,4,30,0,N,nb11,40,1.23,-1.428,0,0
0,4,30,0,N,nb12,40,0.752,1.088,1,1
0,4,30,0,N,nb13,40,1.075,-0.532,0,0
0,4,30,0,N,nb14,40,-0.6,-0.886,2,1
0,4,30,0,N,nb15,40,1.638,0.057,1,1
0,4,30,0,N,nb16,40,1.865,0.905,0,0
0,4,30,0,N,nb17,40,-0.835,-0.949,2,1
0,4,30,0,N,nb18,40,-1.187,1.185,0,0
0,4,30,0,N,nb19,40,0.985,1.128,1,1
0,4,30,0,N,nb20,40,-0.048,-1.392,1,1
0,4,30,0,N,nb21,40,0.969,0.081,0,0
0,4,30,0,N,nb22,40,0.542,1.46,1,1
0,4,30,0,N,nb23,40,0.518,1.705,1,1
0,4,30,0,N,nb24,40,-0.36,-0.678,0,0
0,4,30,0,N,nb25,40,-1.685,0.871,0,0
0,4,30,0,N,nb26,40,0.614,0.083,0,0
0,4,30,0,N,nb27,40,-1.381,-0.967,0,0
0,4,30,0,N,nb28,40,-1.395,-0.574,1,1
0,4,30,0,N,nb29,40,-0.468,1.405,0,0
0,4,30,0,N,nb0,45,-1.245,-1.866,0,0
0,4,30,0,N,nb1,45,0.234,1.866,0,0
0,4,30,0,N,nb2,45,1.415,0.086,1,1
0,4,30,0,N,nb3,45,-1.185,-0.464,1,1
0,4,30,0,N,nb4,45,-0.686,-1.11,2,1
0,4,30,0,N,nb5,45,-0.547,0.321,0,0
0,4,30,0,N,nb6,45,0.285,-0.515,1,1
0,4,30,0,N,nb7,45,1.154,1.723,0,0
0,4,30,0,N,nb8,45,0.235,-0.699,1,1
0,4,30,0,N,nb9,45,0.148,-0.984,1,1
0,4,30,0,N,nb10,45,0.032,-1.164,2,1
0,4,30,0,N,nb11,45,1.251,-1.526,0,0
0,4,30,0,N,nb12,45,0.752,1.088,1,1
0,4,30,0,N,nb13,45,1.123,-0.445,0,0
0,4,30,0,N,nb14,45,-0.6,-0.886,3,1
0,4,30,0,N,nb15,45,1.638,0.057,1,1
0,4,30,0,N,nb16,45,1.865,0.815,0,0
0,4,30,0,N,nb17,45,-0.835,-0.949,2,1
0,4,30,0,N,nb18,45,-1.27,1.129,0,0
0,4,30,0,N,nb19,45,0.985,1.128,1,1
0,4,30,0,N,nb20,45,-0.048,-1.392,1,1
0,4,30,0,N,nb21,45,0.905,0.033,1,1
0,4,30,0,N,nb22,45,0.542,1.46,1,1
0,4,30,0,N,nb23,45,0.518,1.705,1,1
0,4,30,0,N,nb24,45,-0.386,-0.773,1,1
0,4,30,0,N,nb25,45,-1.773,0.824,0,0
0,4,30,0,N,nb26,45,0.68,0.037,1,1
0,4,30,0,N,nb27,45,-1.346,-0.873,0,0
0,4,30,0,N,nb28,45,-1.395,-0.574,1,1
0,4,30,0,N,nb29,45,-0.407,1.484,0,0
0,4,30,0,N,nb0,50,-1.333,-1.866,0,0
0,4,30,0,N,nb1,50,0.307,1.866,0,0
0,4,30,0,N,nb2,50,1.415,0.086,1,1
0,4,30,0,N,nb3,50,-1.185,-0.464,1,1
0,4,30,0,N,nb4,50,-0.686,-1.11,2,1
0,4,30,0,N,nb5,50,-0.454,0.284,0,0
0,4,30,0,N,nb6,50,0.285,-0.515,1,1
0,4,30,0,N,nb7,50,1.229,1.786,0,0
0,4,30,0,N,nb8,50,0.235,-0.699,1,1
0,4,30,0,N,nb9,50,0.148,-0.984,1,1
0,4,30,0,N,nb10,50,0.032,-1.164,2,1
0,4,30,0,N,nb11,50,1.271,-1.624,0,0
0,4,30,0,N,nb12,50,0.752,1.088,1,1
0,4,30,0,N,nb13,50,1.172,-0.357,0,0
0,4,30,0,N,nb14,50,-0.6,-0.886,3,1
0,4,30,0,N,nb15,50,1.638,0.057,1,1
0,4,30,0,N,nb16,50,1.864,0.723,0,0
0,4,30,0,N,nb17,50,-0.835,-0.949,2,1
0,4,30,0,N,nb18,50,-1.352,1.073,0,0
0,4,30,0,N,nb19,50,0.985,1.128,1,1
0,4,30,0,N,nb20,50,-0.048,-1.392,1,1
0,4,30,0,N,nb21,50,0.905,0.033,1,1
0,4,30,0,N,nb22,50,0.542,1.46,1,1
0,4,30,0,N,nb23,50,0.518,1.705,1,1
0,4,30,0,N,nb24,50,-0.386,-0.775,1,1
0,4,30,0,N,nb25,50,-1.847,0.778,0,0
0,4,30,0,N,nb26,50,0.68,0.037,1,1
0,4,30,0,N,nb27,50,-1.317,-0.798,1,1
0,4,30,0,N,nb28,50,-1.395,-0.574,2,1
0,4,30,0,N,nb29,50,-0.346,1.564,0,0
0,4,30,0,N,nb0,55,-1.424,-1.866,0,0
0,4,30,0,N,nb1,55,0.341,1.866,1,1
0,4,30,0,N,nb2,55,1.415,0.086,1,1
0,4,30,0,N,nb3,55,-1.185,-0.464,1,1
0,4,30,0,N,nb4,55,-0.686,-1.11,2,1
0,4,30,0,N,nb5,55,-0.361,0.247,0,0
0,4,30,0,N,nb6,55,0.285,-0.515,1,1
0,4,30,0,N,nb7,55,1.302,1.837,0,0
0,4,30,0,N,nb8,55,0.235,-0.699,1,1
0,4,30,0,N,nb9,55,0.148,-0.984,1,1
0,4,30,0,N,nb10,55,0.032,-1.164,2,1
0,4,30,0,N,nb11,55,1.292,-1.722,0,0
0,4,30,0,N,nb12,55,0.752,1.088,1,1
0,4,30,0,N,nb13,55,1.221,-0.27,0,0
0,4,30,0,N,nb14,55,-0.6,-0.886,3,1
0,4,30,0,N,nb15,55,1.638,0.057,1,1
0,4,30,0,N,nb16,55,1.855,0.631,0,0
0,4,30,0,N,nb17,55,-0.835,-0.949,2,1
0,4,30,0,N,nb18,55,-1.435,1.017,0,0
0,4,30,0,N,nb19,55,0.985,1.128,1,1
0,4,30,0,N,nb20,55,-0.048,-1.392,1,1
0,4,30,0,N,nb21,55,0.905,0.033,1,1
0,4,30,0,N,nb22,55,0.542,1.46,1,1
0,4,30,0,N,nb23,55,0.518,1.705,2,1
0,4,30,0,N,nb24,55,-0.386,-0.775,1,1
0,4,30,0,N,nb25,55,-1.866,0.722,0,0
0,4,30,0,N,nb26,55,0.68,0.037,1,1
0,4,30,0,N,nb27,55,-1.317,-0.798,1,1
0,4,30,0,N,nb28,55,-1.395,-0.574,2,1
0,4,30,0,N,nb29,55,-0.286,1.643,0,0
0,4,30,0,N,nb0,60,-1.516,-1.862,0,0
0,4,30,0,N,nb1,60,0.341,1.866,1,1
0,4,30,0,N,nb2,60,1.415,0.086,1,1
0,4,30,0,N,nb3,60,-1.185,-0.464,1,1
0,4,30,0,N,nb4,60,-0.686,-1.11,2,1
0,4,30,0,N,nb5,60,-0.268,0.209,0,0
0,4,30,0,N,nb6,60,0.285,-0.515,1,1
0,4,30,0,N,nb7,60,1.382,1.865,0,0
0,4,30,0,N,nb8,60,0.235,-0.699,1,1
0,4,30,0,N,nb9,60,0.148,-0.984,1,1
0,4,30,0,N,nb10,60,0.032,-1.164,2,1
0,4,30,0,N,nb11,60,1.311,-1.814,0,0
0,4,30,0,N,nb12,60,0.752,1.088,1,1
0,4,30,0,N,nb13,60,1.27,-0.183,0,0
0,4,30,0,N,nb14,60,-0.6,-0.886,3,1
0,4,30,0,N,nb15,60,1.638,0.057,1,1
0,4,30,0,N,nb16,60,1.836,0.54,0,0
0,4,30,0,N,nb17,60,-0.835,-0.949,2,1
0,4,30,0,N,nb18,60,-1.518,0.962,0,0
0,4,30,0,N,nb19,60,0.985,1.128,1,1
0,4,30,0,N,nb20,60,-0.048,-1.392,1,1
0,4,30,0,N,nb21,60,0.905,0.033,1,1
0,4,30,0,N,nb22,60,0.542,1.46,1,1
0,4,30,0,N,nb23,60,0.518,1.705,2,1
0,4,30,0,N,nb24,60,-0.386,-0.775,1,1
0,4,30,0,N,nb25,60,-1.866,0.656,0,0
0,4,30,0,N,nb26,60,0.68,0.037,1,1
0,4,30,0,N,nb27,60,-1.317,-0.798,1,1
0,4,30,0,N,nb28,60,-1.395,-0.574,2,1
0,4,30,0,N,nb29,60,-0.225,1.723,0,0
0,4,30,0,N,nb0,65,-1.608,-1.849,0,0
0,4,30,0,N,nb1,65,0.341,1.866,1,1
0,4,30,0,N,nb2,65,1.415,0.086,2,1
0,4,30,0,N,nb3,65,-1.185,-0.464,1,1
0,4,30,0,N,nb4,65,-0.686,-1.11,2,1
0,4,30,0,N,nb5,65,-0.175,0.172,0,0
0,4,30,0,N,nb6,65,0.285,-0.515,1,1
0,4,30,0,N,nb7,65,1.466,1.865,0,0
0,4,30,0,N,nb8,65,0.235,-0.699,1,1
0,4,30,0,N,nb9,65,0.148,-0.984,1,1
0,4,30,0,N,nb10,65,0.032,-1.164,2,1
0,4,30,0,N,nb11,65,1.34,-1.867,0,0
0,4,30,0,N,nb12,65,0.752,1.088,1,1
0,4,30,0,N,nb13,65,1.299,-0.13,1,1
0,4,30,0,N,nb14,65,-0.6,-0.886,3,1
0,4,30,0,N,nb15,65,1.638,0.057,1,1
0,4,30,0,N,nb16,65,1.809,0.45,0,0
0,4,30,0,N,nb17,65,-0.835,-0.949,2,1
0,4,30,0,N,nb18,65,-1.601,0.906,0,0
0,4,30,0,N,nb19,65,0.985,1.128,1,1
0,4,30,0,N,nb20,65,-0.048,-1.392,1,1
0,4,30,0,N,nb21,65,0.905,0.033,1,1
0,4,30,0,N,nb22,65,0.542,1.46,1,1
0,4,30,0,N,nb23,65,0.518,1.705,2,1
0,4,30,0,N,nb24,65,-0.386,-0.775,1,1
0,4,30,0,N,nb25,65,-1.866,0.581,0,0
0,4,30,0,N,nb26,65,0.68,0.037,1,1
0,4,30,0,N,nb27,65,-1.317,-0.798,1,1
0,4,30,0,N,nb28,65,-1.395,-0.574,2,1
0,4,30,0,N,nb29,65,-0.167,1.798,0,0
0,4,30,0,N,nb0,70,-1.699,-1.827,0,0
0,4,30,0,N,nb1,70,0.341,1.866,1,1
0,4,30,0,N,nb2,70,1.415,0.086,2,1
0,4,30,0,N,nb3,70,-1.185,-0.464,1,1
0,4,30,0,N,nb4,70,-0.686,-1.11,2,1
0,4,30,0,N,nb5,70,-0.083,0.135,0,0
0,4,30,0,N,nb6,70,0.285,-0.515,1,1
0,4,30,0,N,nb7,70,1.554,1.865,0,0
0,4,30,0,N,nb8,70,0.235,-0.699,1,1
0,4,30,0,N,nb9,70,0.148,-0.984,1,1
0,4,30,0,N,nb10,70,0.032,-1.164,2,1
0,4,30,0,N,nb11,70,1.38,-1.867,0,0
0,4,30,0,N,nb12,70,0.752,1.088,1,1
0,4,30,0,N,nb13,70,1.299,-0.13,1,1
0,4,30,0,N,nb14,70,-0.6,-0.886,3,1
0,4,30,0,N,nb15,70,1.638,0.057,1,1
0,4,30,0,N,nb16,70,1.773,0.363,0,0
0,4,30,0,N,nb17,70,-0.835,-0.949,2,1
0,4,30,0,N,nb18,70,-1.684,0.85,0,0
0,4,30,0,N,nb19,70,0.985,1.128,1,1
0,4,30,0,N,nb20,70,-0.048,-1.392,1,1
0,4,30,0,N,nb21,70,0.905,0.033,1,1
0,4,30,0,N,nb22,70,0.542,1.46,1,1
0,4,30,0,N,nb23,70,0.518,1.705,2,1
0,4,30,0,N,nb24,70,-0.386,-0.775,1,1
0,4,30,0,N,nb25,70,-1.866,0.499,0,0
0,4,30,0,N,nb26,70,0.68,0.037,1,1
0,4,30,0,N,nb27,70,-1.317,-0.798,1,1
0,4,30,0,N,nb28,70,-1.395,-0.574,2,1
0,4,30,0,N,nb29,70,-0.104,1.86,0,0
0,4,30,0,N,nb0,75,-1.787,-1.796,0,0
0,4,30,0,N,nb1,75,0.341,1.866,1,1
0,4,30,0,N,nb2,75,1.415,0.086,2,1
0,4,30,0,N,nb3,75,-1.185,-0.464,1,1
0,4,30,0,N,nb4,75,-0.686,-1.11,2,1
0,4,30,0,N,nb5,75,0.01,0.098,0,0
0,4,30,0,N,nb6,75,0.285,-0.515,1,1
0,4,30,0,N,nb7,75,1.645,1.865,0,0
0,4,30,0,N,nb8,75,0.235,-0.699,1,1
0,4,30,0,N,nb9,75,0.148,-0.984,1,1
0,4,30,0,N,nb10,75,0.032,-1.164,2,1
0,4,30,0,N,nb11,75,1.434,-1.867,0,0
0,4,30,0,N,nb12,75,0.752,1.088,1,1
0,4,30,0,N,nb13,75,1.299,-0.13,1,1
0,4,30,0,N,nb14,75,-0.6,-0.886,3,1
0,4,30,0,N,nb15,75,1.638,0.057,2,1
0,4,30,0,N,nb16,75,1.731,0.277,1,1
0,4,30,0,N,nb17,75,-0.835,-0.949,2,1
0,4,30,0,N,nb18,75,-1.767,0.794,0,0
0,4,30,0,N,nb19,75,0.985,1.128,1,1
0,4,30,0,N,nb20,75,-0.048,-1.392,1,1
0,4,30,0,N,nb21,75,0.905,0.033,1,1
0,4,30,0,N,nb22,75,0.542,1.46,1,1
0,4,30,0,N,nb23,75,0.518,1.705,2,1
0,4,30,0,N,nb24,75,-0.386,-0.775,1,0
0,4,30,0,N,nb25,75,-1.866,0.413,0,0
0,4,30,0,N,nb26,75,0.68,0.037,1,1
0,4,30,0,N,nb27,75,-1.317,-0.798,1,1
0,4,30,0,N,nb28,75,-1.395,-0.574,2,1
0,4,30,0,N,nb29,75,-0.035,1.866,0,0
0,4,30,0,N,nb0,80,-1.866,-1.759,0,0
0,4,30,0,N,nb1,80,0.341,1.866,1,1
0,4,30,0,N,nb2,80,1.415,0.086,2,1
0,4,30,0,N,nb3,80,-1.185,-0.464,1,1
0,4,30,0,N,nb4,80,-0.686,-1.11,2,1
0,4,30,0,N,nb5,80,0.103,0.061,0,0
0,4,30,0,N,nb6,80,0.285,-0.515,1,1
0,4,30,0,N,nb7,80,1.738,1.861,0,0
0,4,30,0,N,nb8,80,0.235,-0.699,1,1
0,4,30,0,N,nb9,80,0.148,-0.984,1,1
0,4,30,0,N,nb10,80,0.032,-1.164,2,1
0,4,30,0,N,nb11,80,1.499,-1.867,0,0
0,4,30,0,N,nb12,80,0.752,1.088,1,0
0,4,30,0,N,nb13,80,1.299,-0.13,1,1
0,4,30,0,N,nb14,80,-0.6,-0.886,3,1
0,4,30,0,N,nb15,80,1.638,0.057,2,1
0,4,30,0,N,nb16,80,1.73,0.274,1,1
0,4,30,0,N,nb17,80,-0.835,-0.949,2,1
0,4,30,0,N,nb18,80,-1.837,0.74,0,0
0,4,30,0,N,nb19,80,0.985,1.128,1,0
0,4,30,0,N,nb20,80,-0.048,-1.392,1,1
0,4,30,0,N,nb21,80,0.905,0.033,1,1
0,4,30,0,N,nb22,80,0.542,1.46,1,1
0,4,30,0,N,nb23,80,0.518,1.705,2,1
0,4,30,0,N,nb24,80,-0.386,-0.775,1,1
0,4,30,0,N,nb25,80,-1.866,0.322,0,0
0,4,30,0,N,nb26,80,0.68,0.037,1,1
0,4,30,0,N,nb27,80,-1.317,-0.798,1,1
0,4,30,0,N,nb28,80,-1.395,-0.574,2,1
0,4,30,0,N,nb29,80,0.042,1.866,0,0
0,4,30,0,N,nb0,85,-1.866,-1.713,0,0
0,4,30,0,N,nb1,85,0.341,1.866,2,1
0,4,30,0,N,nb2,85,1.415,0.086,2,1
0,4,30,0,N,nb3,85,-1.185,-0.464,1,1
0,4,30,0,N,nb4,85,-0.686,-1.11,2,1
0,4,30,0,N,nb5,85,0.196,0.023,0,0
0,4,30,0,N,nb6,85,0.285,-0.515,1,1
0,4,30,0,N,nb7,85,1.829,1.846,0,0
0,4,30,0,N,nb8,85,0.235,-0.699,1,1
0,4,30,0,N,nb9,85,0.148,-0.984,1,1
0,4,30,0,N,nb10,85,0.032,-1.164,2,1
0,4,30,0,N,nb11,85,1.574,-1.867,0,0
0,4,30,0,N,nb12,85,0.752,1.088,1,1
0,4,30,0,N,nb13,85,1.299,-0.13,1,1
0,4,30,0,N,nb14,85,-0.6,-0.886,3,1
0,4,30,0,N,nb15,85,1.638,0.057,2,1
0,4,30,0,N,nb16,85,1.73,0.274,1,1
0,4,30,0,N,nb17,85,-0.835,-0.949,2,1
0,4,30,0,N,nb18,85,-1.865,0.678,0,0
0,4,30,0,N,nb19,85,0.985,1.128,1,1
0,4,30,0,N,nb20,85,-0.048,-1.392,1,1
0,4,30,0,N,nb21,85,0.905,0.033,1,1
0,4,30,0,N,nb22,85,0.542,1.46,1,1
0,4,30,0,N,nb23,85,0.518,1.705,2,1
0,4,30,0,N,nb24,85,-0.386,-0.775,1,1
0,4,30,0,N,nb25,85,-1.864,0.23,0,0
0,4,30,0,N,nb26,85,0.68,0.037,1,1
0,4,30,0,N,nb27,85,-1.317,-0.798,1,1
0,4,30,0,N,nb28,85,-1.395,-0.574,2,1
0,4,30,0,N,nb29,85,0.111,1.866,1,1
0,4,30,0,N,nb0,90,-1.866,-1.655,0,0
0,4,30,0,N,nb1,90,0.341,1.866,2,1
0,4,30,0,N,nb2,90,1.415,0.086,2,1
0,4,30,0,N,nb3,90,-1.185,-0.464,1,1
0,4,30,0,N,nb4,90,-0.686,-1.11,2,1
0,4,30,0,N,nb5,90,0.289,-0.014,0,0
0,4,30,0,N,nb6,90,0.285,-0.515,1,1
0,4,30,0,N,nb7,90,1.866,1.825,0,0
0,4,30,0,N,nb8,90,0.235,-0.699,1,1
0,4,30,0,N,nb9,90,0.148,-0.984,1,1
0,4,30,0,N,nb10,90,0.032,-1.164,2,1
0,4,30,0,N,nb11,90,1.656,-1.867,0,0
0,4,30,0,N,nb12,90,0.752,1.088,1,1
0,4,30,0,N,nb13,90,1.299,-0.13,1,1
0,4,30,0,N,nb14,90,-0.6,-0.886,3,1
0,4,30,0,N,nb15,90,1.638,0.057,2,1
0,4,30,0,N,nb16,90,1.73,0.274,1,1
0,4,30,0,N,nb17,90,-0.835,-0.949,2,1
0,4,30,0,N,nb18,90,-1.865,0.607,0,0
0,4,30,0,N,nb19,90,0.985,1.128,1,1
0,4,30,0,N,nb20,90,-0.048,-1.392,1,1
0,4,30,0,N,nb21,90,0.905,0.033,1,1
0,4,30,0,N,nb22,90,0.542,1.46,1,1
0,4,30,0,N,nb23,90,0.518,1.705,2,1
0,4,30,0,N,nb24,90,-0.386,-0.775,1,1
0,4,30,0,N,nb25,90,-1.853,0.138,0,0
0,4,30,0,N,nb26,90,0.68,0.037,1,1
0,4,30,0,N,nb27,90,-1.317,-0.798,1,1
0,4,30,0,N,nb28,90,-1.395,-0.574,2,1
0,4,30,0,N,nb29,90,0.111,1.866,1,1
0,4,30,0,N,nb0,95,-1.866,-1.586,0,0
0,4,30,0,N,nb1,95,0.341,1.866,2,1
0,4,30,0,N,nb2,95,1.415,0.086,2,1
0,4,30,0,N,nb3,95,-1.185,-0.464,1,1
0,4,30,0,N,nb4,95,-0.686,-1.11,2,1
0,4,30,0,N,nb5,95,0.382,-0.051,0,0
0,4,30,0,N,nb6,95,0.285,-0.515,1,1
0,4,30,0,N,nb7,95,1.866,1.793,0,0
0,4,30,0,N,nb8,95,0.235,-0.699,1,1
0,4,30,0,N,nb9,95,0.148,-0.984,1,1
0,4,30,0,N,nb10,95,0.032,-1.164,2,1
0,4,30,0,N,nb11,95,1.743,-1.867,0,0
0,4,30,0,N,nb12,95,0.752,1.088,1,1
0,4,30,0,N,nb13,95,1.299,-0.13,1,1
0,4,30,0,N,nb14,95,-0.6,-0.886,3,0
0,4,30,0,N,nb15,95,1.638,0.057,2,1
0,4,30,0,N,nb16,95,1.73,0.274,1,1
0,4,30,0,N,nb17,95,-0.835,-0.949,2,1
0,4,30,0,N,nb18,95,-1.865,0.528,0,0
0,4,30,0,N,nb19,95,0.985,1.128,1,1
0,4,30,0,N,nb20,95,-0.048,-1.392,1,1
0,4,30,0,N,nb21,95,0.905,0.033,1,1
0,4,30,0,N,nb22,95,0.542,1.46,1,1
0,4,30,0,N,nb23,95,0.518,1.705,2,1
0,4,30,0,N,nb24,95,-0.386,-0.775,1,1
0,4,30,0,N,nb25,95,-1.833,0.047,0,0
0,4,30,0,N,nb26,95,0.68,0.037,1,1
0,4,30,0,N,nb27,95,-1.317,-0.798,1,1
0,4,30,0,N,nb28,95,-1.395,-0.574,2,1
0,4,30,0,N,nb29,95,0.111,1.866,1,1
0,4,30,0,N,nb0,100,-1.866,-1.509,0,0
0,4,30,0,N,nb1,100,0.341,1.866,2,1
0,4,30,0,N,nb2,100,1.415,0.086,2,1
0,4,30,0,N,nb3,100,-1.185,-0.464,1,1
0,4,30,0,N,nb4,100,-0.686,-1.11,2,1
0,4,30,0,N,nb5,100,0.472,-0.088,1,1
0,4,30,0,N,nb6,100,0.285,-0.515,1,1
0,4,30,0,N,nb7,100,1.866,1.746,0,0
0,4,30,0,N,nb8,100,0.235,-0.699,1,1
0,4,30,0,N,nb9,100,0.148,-0.984,1,1
0,4,30,0,N,nb10,100,0.032,-1.164,2,1
0,4,30,0,N,nb11,100,1.833,-1.867,0,0
0,4,30,0,N,nb12,100,0.752,1.088,1,1
0,4,30,0,N,nb13,100,1.299,-0.13,1,1
0,4,30,0,N,nb14,100,-0.6,-0.886,3,1
0,4,30,0,N,nb15,100,1.638,0.057,2,1
0,4,30,0,N,nb16,100,1.73,0.274,1,1
0,4,30,0,N,nb17,100,-0.835,-0.949,2,1
0,4,30,0,N,nb18,100,-1.865,0.443,0,0
0,4,30,0,N,nb19,100,0.985,1.128,1,1
0,4,30,0,N,nb20,100,-0.048,-1.392,1,1
0,4,30,0,N,nb21,100,0.905,0.033,1,1
0,4,30,0,N,nb22,100,0.542,1.46,1,1
0,4,30,0,N,nb23,100,0.518,1.705,2,1
0,4,30,0,N,nb24,100,-0.386,-0.775,1,1
0,4,30,0,N,nb25,100,-1.804,-0.042,0,0
0,4,30,0,N,nb26,100,0.68,0.037,2,1
0,4,30,0,N,nb27,100,-1.317,-0.798,1,1
0,4,30,0,N,nb28,100,-1.395,-0.574,2,1
0,4,30,0,N,nb29,100,0.111,1.866,1,1
0,4,30,0,N,nb0,105,-1.866,-1.425,0,0
0,4,30,0,N,nb1,105,0.341,1.866,2,1
0,4,30,0,N,nb2,105,1.415,0.086,2,1
0,4,30,0,N,nb3,105,-1.185,-0.464,1,1
0,4,30,0,N,nb4,105,-0.686,-1.11,2,1
0,4,30,0,N,nb5,105,0.475,-0.089,1,1
0,4,30,0,N,nb6,105,0.285,-0.515,1,1
0,4,30,0,N,nb7,105,1.866,1.687,0,0
0,4,30,0,N,nb8,105,0.235,-0.699,1,1
0,4,30,0,N,nb9,105,0.148,-0.984,1,1
0,4,30,0,N,nb10,105,0.032,-1.164,2,1
0,4,30,0,N,nb11,105,1.865,-1.866,0,0
0,4,30,0,N,nb12,105,0.752,1.088,1,1
0,4,30,0,N,nb13,105,1.299,-0.13,1,1
0,4,30,0,N,nb14,105,-0.6,-0.886,3,1
0,4,30,0,N,nb15,105,1.638,0.057,2,1
0,4,30,0,N,nb16,105,1.73,0.274,1,0
0,4,30,0,N,nb17,105,-0.835,-0.949,2,1
0,4,30,0,N,nb18,105,-1.865,0.354,0,0
0,4,30,0,N,nb19,105,0.985,1.128,1,1
0,4,30,0,N,nb20,105,-0.048,-1.392,1,1
0,4,30,0,N,nb21,105,0.905,0.033,1,0
0,4,30,0,N,nb22,105,0.542,1.46,1,1
0,4,30,0,N,nb23,105,0.518,1.705,2,1
0,4,30,0,N,nb24,105,-0.386,-0.775,1,1
0,4,30,0,N,nb25,105,-1.767,-0.129,0,0
0,4,30,0,N,nb26,105,0.68,0.037,2,0
0,4,30,0,N,nb27,105,-1.317,-0.798,1,1
0,4,30,0,N,nb28,105,-1.395,-0.574,2,1
0,4,30,0,N,nb29,105,0.111,1.866,1,1
0,4,30,0,N,nb0,110,-1.866,-1.337,0,0
0,4,30,0,N,nb1,110,0.341,1.866,2,1
0,4,30,0,N,nb2,110,1.415,0.086,2,1
0,4,30,0,N,nb3,110,-1.185,-0.464,1,1
0,4,30,0,N,nb4,110,-0.686,-1.11,2,1
0,4,30,0,N,nb5,110,0.475,-0.089,1,1
0,4,30,0,N,nb6,110,0.285,-0.515,1,1
0,4,30,0,N,nb7,110,1.866,1.618,0,0
0,4,30,0,N,nb8,110,0.235,-0.699,1,1
0,4,30,0,N,nb9,110,0.148,-0.984,1,1
0,4,30,0,N,nb10,110,0.032,-1.164,2,1
0,4,30,0,N,nb11,110,1.865,-1.855,0,0
0,4,30,0,N,nb12,110,0.752,1.088,1,1
0,4,30,0,N,nb13,110,1.299,-0.13,1,1
0,4,30,0,N,nb14,110,-0.6,-0.886,3,1
0,4,30,0,N,nb15,110,1.638,0.057,2,1
0,4,30,0,N,nb16,110,1.73,0.274,1,1
0,4,30,0,N,nb17,110,-0.835,-0.949,2,1
0,4,30,0,N,nb18,110,-1.865,0.262,0,0
0,4,30,0,N,nb19,110,0.985,1.128,1,1
0,4,30,0,N,nb20,110,-0.048,-1.392,1,1
0,4,30,0,N,nb21,110,0.905,0.033,1,1
0,4,30,0,N,nb22,110,0.542,1.46,1,1
0,4,30,0,N,nb23,110,0.518,1.705,2,1
0,4,30,0,N,nb24,110,-0.386,-0.775,1,1
0,4,30,0,N,nb25,110,-1.723,-0.217,0,0
0,4,30,0,N,nb26,110,0.68,0.037,2,1
0,4,30,0,N,nb27,110,-1.317,-0.798,1,0
0,4,30,0,N,nb28,110,-1.395,-0.574,2,1
0,4,30,0,N,nb29,110,0.111,1.866,1,1
0,4,30,0,N,nb0,115,-1.866,-1.245,0,0
0,4,30,0,N,nb1,115,0.341,1.866,2,1
0,4,30,0,N,nb2,115,1.415,0.086,2,1
0,4,30,0,N,nb3,115,-1.185,-0.464,1,1
0,4,30,0,N,nb4,115,-0.686,-1.11,2,1
0,4,30,0,N,nb5,115,0.475,-0.089,1,1
0,4,30,0,N,nb6,115,0.285,-0.515,1,1
0,4,30,0,N,nb7,115,1.866,1.54,0,0
0,4,30,0,N,nb8,115,0.235,-0.699,1,1
0,4,30,0,N,nb9,115,0.148,-0.984,1,1
0,4,30,0,N,nb10,115,0.032,-1.164,2,1
0,4,30,0,N,nb11,115,1.865,-1.831,0,0
0,4,30,0,N,nb12,115,0.752,1.088,1,1
0,4,30,0,N,nb13,115,1.299,-0.13,1,1
0,4,30,0,N,nb14,115,-0.6,-0.886,3,1
0,4,30,0,N,nb15,115,1.638,0.057,2,1
0,4,30,0,N,nb16,115,1.73,0.274,1,1
0,4,30,0,N,nb17,115,-0.835,-0.949,2,1
0,4,30,0,N,nb18,115,-1.859,0.17,0,0
0,4,30,0,N,nb19,115,0.985,1.128,1,1
0,4,30,0,N,nb20,115,-0.048,-1.392,1,1
0,4,30,0,N,nb21,115,0.905,0.033,1,1
0,4,30,0,N,nb22,115,0.542,1.46,1,1
0,4,30,0,N,nb23,115,0.518,1.705,2,1
0,4,30,0,N,nb24,115,-0.386,-0.775,1,1
0,4,30,0,N,nb25,115,-1.677,-0.306,0,0
0,4,30,0,N,nb26,115,0.68,0.037,2,1
0,4,30,0,N,nb27,115,-1.317,-0.798,1,1
0,4,30,0,N,nb28,115,-1.395,-0.574,2,1
0,4,30,0,N,nb29,115,0.111,1.866,1,1
0,4,30,0,N,nb0,120,-1.862,-1.153,0,0
0,4,30,0,N,nb1,120,0.341,1.866,2,1
0,4,30,0,N,nb2,120,1.415,0.086,2,1
0,4,30,0,N,nb3,120,-1.185,-0.464,1,1
0,4,30,0,N,nb4,120,-0.686,-1.11,2,1
0,4,30,0,N,nb5,120,0.475,-0.089,1,1
0,4,30,0,N,nb6,120,0.285,-0.515,1,1
0,4,30,0,N,nb7,120,1.866,1.456,0,0
0,4,30,0,N,nb8,120,0.235,-0.699,1,1
0,4,30,0,N,nb9,120,0.148,-0.984,1,1
0,4,30,0,N,nb10,120,0.032,-1.164,2,1
0,4,30,0,N,nb11,120,1.865,-1.793,0,0
0,4,30,0,N,nb12,120,0.752,1.088,1,1
0,4,30,0,N,nb13,120,1.299,-0.13,1,1
0,4,30,0,N,nb14,120,-0.6,-0.886,3,1
0,4,30,0,N,nb15,120,1.638,0.057,2,1
0,4,30,0,N,nb16,120,1.73,0.274,1,1
0,4,30,0,N,nb17,120,-0.835,-0.949,2,1
0,4,30,0,N,nb18,120,-1.843,0.079,0,0
0,4,30,0,N,nb19,120,0.985,1.128,1,1
0,4,30,0,N,nb20,120,-0.048,-1.392,1,1
0,4,30,0,N,nb21,120,0.905,0.033,1,1
0,4,30,0,N,nb22,120,0.542,1.46,1,0
0,4,30,0,N,nb23,120,0.518,1.705,2,0
0,4,30,0,N,nb24,120,-0.386,-0.775,1,1
0,4,30,0,N,nb25,120,-1.632,-0.395,0,0
0,4,30,0,N,nb26,120,0.68,0.037,2,1
0,4,30,0,N,nb27,120,-1.317,-0.798,1,1
0,4,30,0,N,nb28,120,-1.395,-0.574,2,1
0,4,30,0,N,nb29,120,0.111,1.866,1,1
0,4,30,0,N,nb0,125,-1.847,-1.061,0,0
0,4,30,0,N,nb1,125,0.341,1.866,2,1
0,4,30,0,N,nb2,125,1.415,0.086,2,1
0,4,30,0,N,nb3,125,-1.185,-0.464,1,1
0,4,30,0,N,nb4,125,-0.686,-1.11,2,1
0,4,30,0,N,nb5,125,0.475,-0.089,1,1
0,4,30,0,N,nb6,125,0.285,-0.515,1,1
0,4,30,0,N,nb7,125,1.866,1.367,0,0
0,4,30,0,N,nb8,125,0.235,-0.699,1,1
0,4,30,0,N,nb9,125,0.148,-0.984,1,1
0,4,30,0,N,nb10,125,0.032,-1.164,2,1
0,4,30,0,N,nb11,125,1.865,-1.742,0,0
0,4,30,0,N,nb12,125,0.752,1.088,1,1
0,4,30,0,N,nb13,125,1.299,-0.13,1,1
0,4,30,0,N,nb14,125,-0.6,-0.886,3,1
0,4,30,0,N,nb15,125,1.638,0.057,2,1
0,4,30,0,N,nb16,125,1.73,0.274,1,1
0,4,30,0,N,nb17,125,-0.835,-0.949,2,1
0,4,30,0,N,nb18,125,-1.818,-0.012,0,0
0,4,30,0,N,nb19,125,0.985,1.128,1,1
0,4,30,0,N,nb20,125,-0.048,-1.392,1,1
0,4,30,0,N,nb21,125,0.905,0.033,1,1
0,4,30,0,N,nb22,125,0.542,1.46,1,1
0,4,30,0,N,nb23,125,0.518,1.705,2,1
0,4,30,0,N,nb24,125,-0.386,-0.775,1,1
0,4,30,0,N,nb25,125,-1.605,-0.449,1,1
0,4,30,0,N,nb26,125,0.68,0.037,2,1
0,4,30,0,N,nb27,125,-1.317,-0.798,1,1
0,4,30,0,N,nb28,125,-1.395,-0.574,3,1
0,4,30,0,N,nb29,125,0.111,1.866,1,1
0,4,30,0,N,nb0,130,-1.824,-0.971,0,0
0,4,30,0,N,nb1,130,0.341,1.866,2,1
0,4,30,0,N,nb2,130,1.415,0.086,2,1
0,4,30,0,N,nb3,130,-1.185,-0.464,1,1
0,4,30,0,N,nb4,130,-0.686,-1.11,2,1
0,4,30,0,N,nb5,130,0.475,-0.089,1,0
0,4,30,0,N,nb6,130,0.285,-0.515,1,1
0,4,30,0,N,nb7,130,1.866,1.276,0,0
0,4,30,0,N,nb8,130,0.235,-0.699,1,1
0,4,30,0,N,nb9,130,0.148,-0.984,1,1
0,4,30,0,N,nb10,130,0.032,-1.164,2,1
0,4,30,0,N,nb11,130,1.865,-1.679,0,0
0,4,30,0,N,nb12,130,0.752,1.088,1,1
0,4,30,0,N,nb13,130,1.299,-0.13,1,1
0,4,30,0,N,nb14,130,-0.6,-0.886,3,1
0,4,30,0,N,nb15,130,1.638,0.057,2,1
0,4,30,0,N,nb16,130,1.73,0.274,1,1
0,4,30,0,N,nb17,130,-0.835,-0.949,2,1
0,4,30,0,N,nb18,130,-1.785,-0.099,0,0
0,4,30,0,N,nb19,130,0.985,1.128,1,1
0,4,30,0,N,nb20,130,-0.048,-1.392,1,1
0,4,30,0,N,nb21,130,0.905,0.033,1,1
0,4,30,0,N,nb22,130,0.542,1.46,1,1
0,4,30,0,N,nb23,130,0.518,1.705,2,1
0,4,30,0,N,nb24,130,-0.386,-0.775,1,1
0,4,30,0,N,nb25,130,-1.605,-0.449,1,1
0,4,30,0,N,nb26,130,0.68,0.037,2,1
0,4,30,0,N,nb27,130,-1.317,-0.798,1,1
0,4,30,0,N,nb28,130,-1.395,-0.574,3,1
0,4,30,0,N,nb29,130,0.111,1.866,1,1
0,4,30,0,N,nb0,135,-1.793,-0.883,0,0
0,4,30,0,N,nb1,135,0.341,1.866,2,1
0,4,30,0,N,nb2,135,1.415,0.086,2,1
0,4,30,0,N,nb3,135,-1.185,-0.464,1,1
0,4,30,0,N,nb4,135,-0.686,-1.11,2,1
0,4,30,0,N,nb5,135,0.475,-0.089,1,1
0,4,30,0,N,nb6,135,0.285,-0.515,1,1
0,4,30,0,N,nb7,135,1.861,1.184,0,0
0,4,30,0,N,nb8,135,0.235,-0.699,1,1
0,4,30,0,N,nb9,135,0.148,-0.984,1,1
0,4,30,0,N,nb10,135,0.032,-1.164,2,1
0,4,30,0,N,nb11,135,1.865,-1.606,0,0
0,4,30,0,N,nb12,135,0.752,1.088,1,1
0,4,30,0,N,nb13,135,1.299,-0.13,1,1
0,4,30,0,N,nb14,135,-0.6,-0.886,3,1
0,4,30,0,N,nb15,135,1.638,0.057,2,1
0,4,30,0,N,nb16,135,1.73,0.274,1,1
0,4,30,0,N,nb17,135,-0.835,-0.949,2,1
0,4,30,0,N,nb18,135,-1.743,-0.187,0,0
0,4,30,0,N,nb19,135,0.985,1.128,1,1
0,4,30,0,N,nb20,135,-0.048,-1.392,1,1
0,4,30,0,N,nb21,135,0.905,0.033,1,1
0,4,30,0,N,nb22,135,0.542,1.46,1,1
0,4,30,0,N,nb23,135,0.518,1.705,2,1
0,4,30,0,N,nb24,135,-0.386,-0.775,1,1
0,4,30,0,N,nb25,135,-1.605,-0.449,1,1
0,4,30,0,N,nb26,135,0.68,0.037,2,1
0,4,30,0,N,nb27,135,-1.317,-0.798,1,1
0,4,30,0,N,nb28,135,-1.395,-0.574,3,1
0,4,30,0,N,nb29,135,0.111,1.866,1,1
0,4,30,0,N,nb0,140,-1.753,-0.796,0,0
0,4,30,0,N,nb1,140,0.341,1.866,2,1
0,4,30,0,N,nb2,140,1.415,0.086,2,1
0,4,30,0,N,nb3,140,-1.185,-0.464,1,1
0,4,30,0,N,nb4,140,-0.686,-1.11,2,1
0,4,30,0,N,nb5,140,0.475,-0.089,1,1
0,4,30,0,N,nb6,140,0.285,-0.515,1,1
0,4,30,0,N,nb7,140,1.846,1.092,0,0
0,4,30,0,N,nb8,140,0.235,-0.699,1,1
0,4,30,0,N,nb9,140,0.148,-0.984,1,1
0,4,30,0,N,nb10,140,0.032,-1.164,2,1
0,4,30,0,N,nb11,140,1.865,-1.526,0,0
0,4,30,0,N,nb12,140,0.752,1.088,1,1
0,4,30,0,N,nb13,140,1.299,-0.13,1,1
0,4,30,0,N,nb14,140,-0.6,-0.886,3,1
0,4,30,0,N,nb15,140,1.638,0.057,2,1
0,4,30,0,N,nb16,140,1.73,0.274,1,1
0,4,30,0,N,nb17,140,-0.835,-0.949,2,1
0,4,30,0,N,nb18,140,-1.717,-0.24,1,1
0,4,30,0,N,nb19,140,0.985,1.128,1,1
0,4,30,0,N,nb20,140,-0.048,-1.392,1,1
0,4,30,0,N,nb21,140,0.905,0.033,1,1
0,4,30,0,N,nb22,140,0.542,1.46,1,1
0,4,30,0,N,nb23,140,0.518,1.705,2,1
0,4,30,0,N,nb24,140,-0.386,-0.775,1,1
0,4,30,0,N,nb25,140,-1.605,-0.449,2,1
0,4,30,0,N,nb26,140,0.68,0.037,2,1
0,4,30,0,N,nb27,140,-1.317,-0.798,1,1
0,4,30,0,N,nb28,140,-1.395,-0.574,3,1
0,4,30,0,N,nb29,140,0.111,1.866,1,1
0,4,30,0,N,nb0,145,-1.708,-0.707,0,0
0,4,30,0,N,nb1,145,0.341,1.866,2,1
0,4,30,0,N,nb2,145,1.415,0.086,2,1
0,4,30,0,N,nb3,145,-1.185,-0.464,1,1
0,4,30,0,N,nb4,145,-0.686,-1.11,2,1
0,4,30,0,N,nb5,145,0.475,-0.089,1,1
0,4,30,0,N,nb6,145,0.285,-0.515,1,1
0,4,30,0,N,nb7,145,1.822,1.002,0,0
0,4,30,0,N,nb8,145,0.235,-0.699,1,1
0,4,30,0,N,nb9,145,0.148,-0.984,1,1
0,4,30,0,N,nb10,145,0.032,-1.164,2,1
0,4,30,0,N,nb11,145,1.865,-1.44,0,0
0,4,30,0,N,nb12,145,0.752,1.088,1,1
0,4,30,0,N,nb13,145,1.299,-0.13,1,1
0,4,30,0,N,nb14,145,-0.6,-0.886,3,1
0,4,30,0,N,nb15,145,1.638,0.057,2,1
0,4,30,0,N,nb16,145,1.73,0.274,1,1
0,4,30,0,N,nb17,145,-0.835,-0.949,2,1
0,4,30,0,N,nb18,145,-1.717,-0.24,1,1
0,4,30,0,N,nb19,145,0.985,1.128,1,1
0,4,30,0,N,nb20,145,-0.048,-1.392,1,1
0,4,30,0,N,nb21,145,0.905,0.033,1,1
0,4,30,0,N,nb22,145,0.542,1.46,1,1
0,4,30,0,N,nb23,145,0.518,1.705,2,1
0,4,30,0,N,nb24,145,-0.386,-0.775,1,1
0,4,30,0,N,nb25,145,-1.605,-0.449,2,1
0,4,30,0,N,nb26,145,0.68,0.037,2,1
0,4,30,0,N,nb27,145,-1.317,-0.798,1,1
0,4,30,0,N,nb28,145,-1.395,-0.574,3,1
0,4,30,0,N,nb29,145,0.111,1.866,1,0
0,4,30,0,N,nb0,150,-1.69,-0.671,1,1
0,4,30,0,N,nb1,150,0.341,1.866,2,1
0,4,30,0,N,nb2,150,1.415,0.086,2,1
0,4,30,0,N,nb3,150,-1.185,-0.464,1,1
0,4,30,0,N,nb4,150,-0.686,-1.11,2,1
0,4,30,0,N,nb5,150,0.475,-0.089,1,1
0,4,30,0,N,nb6,150,0.285,-0.515,1,1
0,4,30,0,N,nb7,150,1.79,0.914,0,0
0,4,30,0,N,nb8,150,0.235,-0.699,1,1
0,4,30,0,N,nb9,150,0.148,-0.984,1,1
0,4,30,0,N,nb10,150,0.032,-1.164,2,1
0,4,30,0,N,nb11,150,1.865,-1.35,0,0
0,4,30,0,N,nb12,150,0.752,1.088,1,1
0,4,30,0,N,nb13,150,1.299,-0.13,1,1
0,4,30,0,N,nb14,150,-0.6,-0.886,3,1
0,4,30,0,N,nb15,150,1.638,0.057,2,1
0,4,30,0,N,nb16,150,1.73,0.274,1,1
0,4,30,0,N,nb17,150,-0.835,-0.949,2,1
0,4,30,0,N,nb18,150,-1.717,-0.24,1,1
0,4,30,0,N,nb19,150,0.985,1.128,1,1
0,4,30,0,N,nb20,150,-0.048,-1.392,1,0
0,4,30,0,N,nb21,150,0.905,0.033,1,1
0,4,30,0,N,nb22,150,0.542,1.46,1,1
0,4,30,0,N,nb23,150,0.518,1.705,2,1
0,4,30,0,N,nb24,150,-0.386,-0.775,1,1
0,4,30,0,N,nb25,150,-1.605,-0.449,3,1
0,4,30,0,N,nb26,150,0.68,0.037,2,1
0,4,30,0,N,nb27,150,-1.317,-0.798,1,1
0,4,30,0,N,nb28,150,-1.395,-0.574,3,1
0,4,30,0,N,nb29,150,0.111,1.866,1,1
0,4,30,0,N,nb0,155,-1.69,-0.671,1,1
0,4,30,0,N,nb1,155,0.341,1.866,2,1
0,4,30,0,N,nb2,155,1.415,0.086,2,1
0,4,30,0,N,nb3,155,-1.185,-0.464,1,1
0,4,30,0,N,nb4,155,-0.686,-1.11,2,0
0,4,30,0,N,nb5,155,0.475,-0.089,1,1
0,4,30,0,N,nb6,155,0.285,-0.515,1,0
0,4,30,0,N,nb7,155,1.75,0.827,0,0
0,4,30,0,N,nb8,155,0.235,-0.699,1,0
0,4,30,0,N,nb9,155,0.148,-0.984,1,0
0,4,30,0,N,nb10,155,0.032,-1.164,2,0
0,4,30,0,N,nb11,155,1.864,-1.258,0,0
0,4,30,0,N,nb12,155,0.752,1.088,1,1
0,4,30,0,N,nb13,155,1.299,-0.13,1,0
0,4,30,0,N,nb14,155,-0.6,-0.886,3,1
0,4,30,0,N,nb15,155,1.638,0.057,2,1
0,4,30,0,N,nb16,155,1.73,0.274,1,1
0,4,30,0,N,nb17,155,-0.835,-0.949,2,0
0,4,30,0,N,nb18,155,-1.717,-0.24,1,1
0,4,30,0,N,nb19,155,0.985,1.128,1,1
0,4,30,0,N,nb20,155,-0.048,-1.392,1,1
0,4,30,0,N,nb21,155,0.905,0.033,1,1
0,4,30,0,N,nb22,155,0.542,1.46,1,1
0,4,30,0,N,nb23,155,0.518,1.705,2,1
0,4,30,0,N,nb24,155,-0.386,-0.775,1,1
0,4,30,0,N,nb25,155,-1.605,-0.449,3,1
0,4,30,0,N,nb26,155,0.68,0.037,2,1
0,4,30,0,N,nb27,155,-1.317,-0.798,1,1
0,4,30,0,N,nb28,155,-1.395,-0.574,3,1
0,4,30,0,N,nb29,155,0.111,1.866,1,1
0,4,30,0,N,nb0,160,-1.69,-0.671,1,1
0,4,30,0,N,nb1,160,0.341,1.866,2,1
0,4,30,0,N,nb2,160,1.415,0.086,2,1
0,4,30,0,N,nb3,160,-1.185,-0.464,1,0
0,4,30,0,N,nb4,160,-0.686,-1.11,2,1
0,4,30,0,N,nb5,160,0.475,-0.089,1,1
0,4,30,0,N,nb6,160,0.285,-0.515,1,1
0,4,30,0,N,nb7,160,1.705,0.738,0,0
0,4,30,0,N,nb8,160,0.235,-0.699,1,1
0,4,30,0,N,nb9,160,0.148,-0.984,1,1
0,4,30,0,N,nb10,160,0.032,-1.164,2,1
0,4,30,0,N,nb11,160,1.856,-1.166,0,0
0,4,30,0,N,nb12,160,0.752,1.088,1,1
0,4,30,0,N,nb13,160,1.299,-0.13,1,1
0,4,30,0,N,nb14,160,-0.6,-0.886,3,1
0,4,30,0,N,nb15,160,1.638,0.057,2,1
0,4,30,0,N,nb16,160,1.73,0.274,1,1
0,4,30,0,N,nb17,160,-0.835,-0.949,2,1
0,4,30,0,N,nb18,160,-1.717,-0.24,1,1
0,4,30,0,N,nb19,160,0.985,1.128,1,1
0,4,30,0,N,nb20,160,-0.048,-1.392,1,1
0,4,30,0,N,nb21,160,0.905,0.033,1,1
0,4,30,0,N,nb22,160,0.542,1.46,1,1
0,4,30,0,N,nb23,160,0.518,1.705,2,1
0,4,30,0,N,nb24,160,-0.386,-0.775,1,1
0,4,30,0,N,nb25,160,-1.605,-0.449,3,1
0,4,30,0,N,nb26,160,0.68,0.037,2,1
0,4,30,0,N,nb27,160,-1.317,-0.798,1,1
0,4,30,0,N,nb28,160,-1.395,-0.574,3,0
0,4,30,0,N,nb29,160,0.111,1.866,1,1
0,4,30,0,N,nb0,165,-1.69,-0.671,1,1
0,4,30,0,N,nb1,165,0.341,1.866,2,1
0,4,30,0,N,nb2,165,1.415,0.086,2,1
0,4,30,0,N,nb3,165,-1.185,-0.464,1,1
0,4,30,0,N,nb4,165,-0.686,-1.11,2,1
0,4,30,0,N,nb5,165,0.475,-0.089,1,1
0,4,30,0,N,nb6,165,0.285,-0.515,1,1
0,4,30,0,N,nb7,165,1.66,0.649,0,0
0,4,30,0,N,nb8,165,0.235,-0.699,1,1
0,4,30,0,N,nb9,165,0.148,-0.984,1,1
0,4,30,0,N,nb10,165,0.032,-1.164,2,1
0,4,30,0,N,nb11,165,1.838,-1.075,0,0
0,4,30,0,N,nb12,165,0.752,1.088,1,1
0,4,30,0,N,nb13,165,1.299,-0.13,1,1
0,4,30,0,N,nb14,165,-0.6,-0.886,3,1
0,4,30,0,N,nb15,165,1.638,0.057,2,1
0,4,30,0,N,nb16,165,1.73,0.274,1,1
0,4,30,0,N,nb17,165,-0.835,-0.949,2,1
0,4,30,0,N,nb18,165,-1.717,-0.24,1,1
0,4,30,0,N,nb19,165,0.985,1.128,1,1
0,4,30,0,N,nb20,165,-0.048,-1.392,1,1
0,4,30,0,N,nb21,165,0.905,0.033,1,1
0,4,30,0,N,nb22,165,0.542,1.46,1,1
0,4,30,0,N,nb23,165,0.518,1.705,2,1
0,4,30,0,N,nb24,165,-0.386,-0.775,1,1
0,4,30,0,N,nb25,165,-1.605,-0.449,3,1
0,4,30,0,N,nb26,165,0.68,0.037,2,1
0,4,30,0,N,nb27,165,-1.317,-0.798,1,1
0,4,30,0,N,nb28,165,-1.395,-0.574,3,1
0,4,30,0,N,nb29,165,0.111,1.866,1,1
0,4,30,0,N,nb0,170,-1.69,-0.671,1,1
0,4,30,0,N,nb1,170,0.341,1.866,2,1
0,4,30,0,N,nb2,170,1.415,0.086,2,1
0,4,30,0,N,nb3,170,-1.185,-0.464,1,1
0,4,30,0,N,nb4,170,-0.686,-1.11,2,1
0,4,30,0,N,nb5,170,0.475,-0.089,1,1
0,4,30,0,N,nb6,170,0.285,-0.515,1,1
0,4,30,0,N,nb7,170,1.614,0.56,0,0
0,4,30,0,N,nb8,170,0.235,-0.699,1,1
0,4,30,0,N,nb9,170,0.148,-0.984,1,1
0,4,30,0,N,nb10,170,0.032,-1.164,2,1
0,4,30,0,N,nb11,170,1.811,-0.985,0,0
0,4,30,0,N,nb12,170,0.752,1.088,1,1
0,4,30,0,N,nb13,170,1.299,-0.13,1,1
0,4,30,0,N,nb14,170,-0.6,-0.886,3,1
0,4,30,0,N,nb15,170,1.638,0.057,2,1
0,4,30,0,N,nb16,170,1.73,0.274,1,1
0,4,30,0,N,nb17,170,-0.835,-0.949,2,1
0,4,30,0,N,nb18,170,-1.717,-0.24,1,1
0,4,30,0,N,nb19,170,0.985,1.128,1,1
0,4,30,0,N,nb20,170,-0.048,-1.392,1,1
0,4,30,0,N,nb21,170,0.905,0.033,1,1
0,4,30,0,N,nb22,170,0.542,1.46,1,1
0,4,30,0,N,nb23,170,0.518,1.705,2,1
0,4,30,0,N,nb24,170,-0.386,-0.775,1,1
0,4,30,0,N,nb25,170,-1.605,-0.449,3,1
0,4,30,0,N,nb26,170,0.68,0.037,2,1
0,4,30,0,N,nb27,170,-1.317,-0.798,1,1
0,4,30,0,N,nb28,170,-1.395,-0.574,3,1
0,4,30,0,N,nb29,170,0.111,1.866,1,1
0,4,30,0,N,nb0,175,-1.69,-0.671,1,1
0,4,30,0,N,nb1,175,0.341,1.866,2,0
0,4,30,0,N,nb2,175,1.415,0.086,2,1
0,4,30,0,N,nb3,175,-1.185,-0.464,1,1
0,4,30,0,N,nb4,175,-0.686,-1.11,2,1
0,4,30,0,N,nb5,175,0.475,-0.089,1,1
0,4,30,0,N,nb6,175,0.285,-0.515,1,1
0,4,30,0,N,nb7,175,1.57,0.472,0,0
0,4,30,0,N,nb8,175,0.235,-0.699,1,1
0,4,30,0,N,nb9,175,0.148,-0.984,1,1
0,4,30,0,N,nb10,175,0.032,-1.164,2,1
0,4,30,0,N,nb11,175,1.776,-0.898,0,0
0,4,30,0,N,nb12,175,0.752,1.088,1,1
0,4,30,0,N,nb13,175,1.299,-0.13,1,1
0,4,30,0,N,nb14,175,-0.6,-0.886,3,1
0,4,30,0,N,nb15,175,1.638,0.057,2,1
0,4,30,0,N,nb16,175,1.73,0.274,1,1
0,4,30,0,N,nb17,175,-0.835,-0.949,2,1
0,4,30,0,N,nb18,175,-1.717,-0.24,1,1
0,4,30,0,N,nb19,175,0.985,1.128,1,1
0,4,30,0,N,nb20,175,-0.048,-1.392,1,1
0,4,30,0,N,nb21,175,0.905,0.033,1,1
0,4,30,0,N,nb22,175,0.542,1.46,1,1
0,4,30,0,N,nb23,175,0.518,1.705,2,1
0,4,30,0,N,nb24,175,-0.386,-0.775,1,1
0,4,30,0,N,nb25,175,-1.605,-0.449,3,1
0,4,30,0,N,nb26,175,0.68,0.037,2,1
0,4,30,0,N,nb27,175,-1.317,-0.798,1,1
0,4,30,0,N,nb28,175,-1.395,-0.574,3,1
0,4,30,0,N,nb29,175,0.111,1.866,1,1
0,4,30,0,N,nb0,180,-1.69,-0.671,1,1
0,4,30,0,N,nb1,180,0.341,1.866,2,1
0,4,30,0,N,nb2,180,1.415,0.086,2,1
0,4,30,0,N,nb3,180,-1.185,-0.464,1,1
0,4,30,0,N,nb4,180,-0.686,-1.11,2,1
0,4,30,0,N,nb5,180,0.475,-0.089,1,1
0,4,30,0,N,nb6,180,0.285,-0.515,1,1
0,4,30,0,N,nb7,180,1.56,0.454,1,1
0,4,30,0,N,nb8,180,0.235,-0.699,1,1
0,4,30,0,N,nb9,180,0.148,-0.984,1,1
0,4,30,0,N,nb10,180,0.032,-1.164,2,1
0,4,30,0,N,nb11,180,1.733,-0.81,0,0
0,4,30,0,N,nb12,180,0.752,1.088,1,1
0,4,30,0,N,nb13,180,1.299,-0.13,1,1
0,4,30,0,N,nb14,180,-0.6,-0.886,3,1
0,4,30,0,N,nb15,180,1.638,0.057,2,1
0,4,30,0,N,nb16,180,1.73,0.274,2,1
0,4,30,0,N,nb17,180,-0.835,-0.949,2,1
0,4,30,0,N,nb18,180,-1.717,-0.24,1,1
0,4,30,0,N,nb19,180,0.985,1.128,1,1
0,4,30,0,N,nb20,180,-0.048,-1.392,1,1
0,4,30,0,N,nb21,180,0.905,0.033,1,1
0,4,30,0,N,nb22,180,0.542,1.46,1,1
0,4,30,0,N,nb23,180,0.518,1.705,2,1
0,4,30,0,N,nb24,180,-0.386,-0.775,1,1
0,4,30,0,N,nb25,180,-1.605,-0.449,3,1
0,4,30,0,N,nb26,180,0.68,0.037,2,1
0,4,30,0,N,nb27,180,-1.317,-0.798,1,1
0,4,30,0,N,nb28,180,-1.395,-0.574,3,1
0,4,30,0,N,nb29,180,0.111,1.866,1,1
0,4,30,0,N,nb0,185,-1.69,-0.671,1,1
0,4,30,0,N,nb1,185,0.341,1.866,2,1
0,4,30,0,N,nb2,185,1.415,0.086,2,1
0,4,30,0,N,nb3,185,-1.185,-0.464,1,1
0,4,30,0,N,nb4,185,-0.686,-1.11,2,1
0,4,30,0,N,nb5,185,0.475,-0.089,1,1
0,4,30,0,N,nb6,185,0.285,-0.515,1,1
0,4,30,0,N,nb7,185,1.56,0.454,1,1
0,4,30,0,N,nb8,185,0.235,-0.699,1,1
0,4,30,0,N,nb9,185,0.148,-0.984,1,1
0,4,30,0,N,nb10,185,0.032,-1.164,2,1
0,4,30,0,N,nb11,185,1.688,-0.721,0,0
0,4,30,0,N,nb12,185,0.752,1.088,1,1
0,4,30,0,N,nb13,185,1.299,-0.13,1,1
0,4,30,0,N,nb14,185,-0.6,-0.886,3,1
0,4,30,0,N,nb15,185,1.638,0.057,2,1
0,4,30,0,N,nb16,185,1.73,0.274,2,1
0,4,30,0,N,nb17,185,-0.835,-0.949,2,1
0,4,30,0,N,nb18,185,-1.717,-0.24,1,1
0,4,30,0,N,nb19,185,0.985,1.128,1,1
0,4,30,0,N,nb20,185,-0.048,-1.392,1,1
0,4,30,0,N,nb21,185,0.905,0.033,1,1
0,4,30,0,N,nb22,185,0.542,1.46,1,1
0,4,30,0,N,nb23,185,0.518,1.705,2,1
0,4,30,0,N,nb24,185,-0.386,-0.775,1,1
0,4,30,0,N,nb25,185,-1.605,-0.449,3,1
0,4,30,0,N,nb26,185,0.68,0.037,2,1
0,4,30,0,N,nb27,185,-1.317,-0.798,1,1
0,4,30,0,N,nb28,185,-1.395,-0.574,3,1
0,4,30,0,N,nb29,185,0.111,1.866,1,1
0,4,30,0,N,nb0,190,-1.69,-0.671,1,1
0,4,30,0,N,nb1,190,0.341,1.866,2,1
0,4,30,0,N,nb2,190,1.415,0.086,2,0
0,4,30,0,N,nb3,190,-1.185,-0.464,1,1
0,4,30,0,N,nb4,190,-0.686,-1.11,2,1
0,4,30,0,N,nb5,190,0.475,-0.089,1,1
0,4,30,0,N,nb6,190,0.285,-0.515,1,1
0,4,30,0,N,nb7,190,1.56,0.454,1,1
0,4,30,0,N,nb8,190,0.235,-0.699,1,1
0,4,30,0,N,nb9,190,0.148,-0.984,1,1
0,4,30,0,N,nb10,190,0.032,-1.164,2,1
0,4,30,0,N,nb11,190,1.643,-0.632,0,0
0,4,30,0,N,nb12,190,0.752,1.088,1,1
0,4,30,0,N,nb13,190,1.299,-0.13,1,1
0,4,30,0,N,nb14,190,-0.6,-0.886,3,1
0,4,30,0,N,nb15,190,1.638,0.057,2,0
0,4,30,0,N,nb16,190,1.73,0.274,2,1
0,4,30,0,N,nb17,190,-0.835,-0.949,2,1
0,4,30,0,N,nb18,190,-1.717,-0.24,1,1
0,4,30,0,N,nb19,190,0.985,1.128,1,1
0,4,30,0,N,nb20,190,-0.048,-1.392,1,1
0,4,30,0,N,nb21,190,0.905,0.033,1,1
0,4,30,0,N,nb22,190,0.542,1.46,1,1
0,4,30,0,N,nb23,190,0.518,1.705,2,1
0,4,30,0,N,nb24,190,-0.386,-0.775,1,1
0,4,30,0,N,nb25,190,-1.605,-0.449,3,1
0,4,30,0,N,nb26,190,0.68,0.037,2,1
0,4,30,0,N,nb27,190,-1.317,-0.798,1,1
0,4,30,0,N,nb28,190,-1.395,-0.574,3,1
0,4,30,0,N,nb29,190,0.111,1.866,1,1
0,4,30,0,N,nb0,195,-1.69,-0.671,1,1
0,4,30,0,N,nb1,195,0.341,1.866,2,1
0,4,30,0,N,nb2,195,1.415,0.086,2,1
0,4,30,0,N,nb3,195,-1.185,-0.464,1,1
0,4,30,0,N,nb4,195,-0.686,-1.11,2,1
0,4,30,0,N,nb5,195,0.475,-0.089,1,1
0,4,30,0,N,nb6,195,0.285,-0.515,1,1
0,4,30,0,N,nb7,195,1.56,0.454,1,1
0,4,30,0,N,nb8,195,0.235,-0.699,1,1
0,4,30,0,N,nb9,195,0.148,-0.984,1,1
0,4,30,0,N,nb10,195,0.032,-1.164,2,1
0,4,30,0,N,nb11,195,1.598,-0.543,0,0
0,4,30,0,N,nb12,195,0.752,1.088,1,1
0,4,30,0,N,nb13,195,1.299,-0.13,1,1
0,4,30,0,N,nb14,195,-0.6,-0.886,3,1
0,4,30,0,N,nb15,195,1.638,0.057,2,1
0,4,30,0,N,nb16,195,1.73,0.274,2,1
0,4,30,0,N,nb17,195,-0.835,-0.949,2,1
0,4,30,0,N,nb18,195,-1.717,-0.24,1,1
0,4,30,0,N,nb19,195,0.985,1.128,1,1
0,4,30,0,N,nb20,195,-0.048,-1.392,1,1
0,4,30,0,N,nb21,195,0.905,0.033,1,1
0,4,30,0,N,nb22,195,0.542,1.46,1,1
0,4,30,0,N,nb23,195,0.518,1.705,2,1
0,4,30,0,N,nb24,195,-0.386,-0.775,1,1
0,4,30,0,N,nb25,195,-1.605,-0.449,3,1
0,4,30,0,N,nb26,195,0.68,0.037,2,1
0,4,30,0,N,nb27,195,-1.317,-0.798,1,1
0,4,30,0,N,nb28,195,-1.395,-0.574,3,1
0,4,30,0,N,nb29,195,0.111,1.866,1,1
0,4,30,0,N,nb0,200,-1.69,-0.671,1,1
0,4,30,0,N,nb1,200,0.341,1.866,2,1
0,4,30,0,N,nb2,200,1.415,0.086,2,1
0,4,30,0,N,nb3,200,-1.185,-0.464,1,1
0,4,30,0,N,nb4,200,-0.686,-1.11,2,1
0,4,30,0,N,nb5,200,0.475,-0.089,1,1
0,4,30,0,N,nb6,200,0.285,-0.515,1,1
0,4,30,0,N,nb7,200,1.56,0.454,1,1
0,4,30,0,N,nb8,200,0.235,-0.699,1,1
0,4,30,0,N,nb9,200,0.148,-0.984,1,1
0,4,30,0,N,nb10,200,0.032,-1.164,2,1
0,4,30,0,N,nb11,200,1.553,-0.453,0,0
0,4,30,0,N,nb12,200,0.752,1.088,1,1
0,4,30,0,N,nb13,200,1.299,-0.13,1,1
0,4,30,0,N,nb14,200,-0.6,-0.886,3,1
0,4,30,0,N,nb15,200,1.638,0.057,2,1
0,4,30,0,N,nb16,200,1.73,0.274,2,1
0,4,30,0,N,nb17,200,-0.835,-0.949,2,1
0,4,30,0,N,nb18,200,-1.717,-0.24,1,1
0,4,30,0,N,nb19,200,0.985,1.128,1,1
0,4,30,0,N,nb20,200,-0.048,-1.392,1,1
0,4,30,0,N,nb21,200,0.905,0.033,1,1
0,4,30,0,N,nb22,200,0.542,1.46,1,1
0,4,30,0,N,nb23,200,0.518,1.705,2,1
0,4,30,0,N,nb24,200,-0.386,-0.775,1,1
0,4,30,0,N,nb25,200,-1.605,-0.449,3,1
0,4,30,0,N,nb26,200,0.68,0.037,2,1
0,4,30,0,N,nb27,200,-1.317,-0.798,1,1
0,4,30,0,N,nb28,200,-1.395,-0.574,3,1
0,4,30,0,N,nb29,200,0.111,1.866,1,1
0,4,30,0,N,nb0,205,-1.69,-0.671,1,1
0,4,30,0,N,nb1,205,0.341,1.866,2,1
0,4,30,0,N,nb2,205,1.415,0.086,2,1
0,4,30,0,N,nb3,205,-1.185,-0.464,1,1
0,4,30,0,N,nb4,205,-0.686,-1.11,2,1
0,4,30,0,N,nb5,205,0.475,-0.089,1,1
0,4,30,0,N,nb6,205,0.285,-0.515,1,1
0,4,30,0,N,nb7,205,1.56,0.454,1,1
0,4,30,0,N,nb8,205,0.235,-0.699,1,1
0,4,30,0,N,nb9,205,0.148,-0.984,1,1
0,4,30,0,N,nb10,205,0.032,-1.164,2,1
0,4,30,0,N,nb11,205,1.507,-0.364,0,0
0,4,30,0,N,nb12,205,0.752,1.088,1,1
0,4,30,0,N,nb13,205,1.299,-0.13,1,1
0,4,30,0,N,nb14,205,-0.6,-0.886,3,1
0,4,30,0,N,nb15,205,1.638,0.057,2,1
0,4,30,0,N,nb16,205,1.73,0.274,2,1
0,4,30,0,N,nb17,205,-0.835,-0.949,2,1
0,4,30,0,N,nb18,205,-1.717,-0.24,1,1
0,4,30,0,N,nb19,205,0.985,1.128,1,1
0,4,30,0,N,nb20,205,-0.048,-1.392,1,1
0,4,30,0,N,nb21,205,0.905,0.033,1,1
0,4,30,0,N,nb22,205,0.542,1.46,1,1
0,4,30,0,N,nb23,205,0.518,1.705,2,1
0,4,30,0,N,nb24,205,-0.386,-0.775,1,1
0,4,30,0,N,nb25,205,-1.605,-0.449,3,1
0,4,30,0,N,nb26,205,0.68,0.037,2,1
0,4,30,0,N,nb27,205,-1.317,-0.798,1,1
0,4,30,0,N,nb28,205,-1.395,-0.574,3,1
0,4,30,0,N,nb29,205,0.111,1.866,1,1
0,4,30,0,N,nb0,210,-1.69,-0.671,1,1
0,4,30,0,N,nb1,210,0.341,1.866,2,1
0,4,30,0,N,nb2,210,1.415,0.086,2,1
0,4,30,0,N,nb3,210,-1.185,-0.464,1,1
0,4,30,0,N,nb4,210,-0.686,-1.11,2,1
0,4,30,0,N,nb5,210,0.475,-0.089,1,1
0,4,30,0,N,nb6,210,0.285,-0.515,1,1
0,4,30,0,N,nb7,210,1.56,0.454,1,1
0,4,30,0,N,nb8,210,0.235,-0.699,1,1
0,4,30,0,N,nb9,210,0.148,-0.984,1,1
0,4,30,0,N,nb10,210,0.032,-1.164,2,1
0,4,30,0,N,nb11,210,1.471,-0.293,1,1
0,4,30,0,N,nb12,210,0.752,1.088,1,1
0,4,30,0,N,nb13,210,1.299,-0.13,2,1
0,4,30,0,N,nb14,210,-0.6,-0.886,3,1
0,4,30,0,N,nb15,210,1.638,0.057,2,1
0,4,30,0,N,nb16,210,1.73,0.274,2,1
0,4,30,0,N,nb17,210,-0.835,-0.949,2,1
0,4,30,0,N,nb18,210,-1.717,-0.24,1,1
0,4,30,0,N,nb19,210,0.985,1.128,1,1
0,4,30,0,N,nb20,210,-0.048,-1.392,1,1
0,4,30,0,N,nb21,210,0.905,0.033,1,1
0,4,30,0,N,nb22,210,0.542,1.46,1,1
0,4,30,0,N,nb23,210,0.518,1.705,2,1
0,4,30,0,N,nb24,210,-0.386,-0.775,1,1
0,4,30,0,N,nb25,210,-1.605,-0.449,3,1
0,4,30,0,N,nb26,210,0.68,0.037,2,1
0,4,30,0,N,nb27,210,-1.317,-0.798,1,1
0,4,30,0,N,nb28,210,-1.395,-0.574,3,1
0,4,30,0,N,nb29,210,0.111,1.866,1,1
0,4,30,0,N,nb0,215,-1.69,-0.671,1,1
0,4,30,0,N,nb1,215,0.341,1.866,2,1
0,4,30,0,N,nb2,215,1.415,0.086,2,1
0,4,30,0,N,nb3,215,-1.185,-0.464,1,1
0,4,30,0,N,nb4,215,-0.686,-1.11,2,1
0,4,30,0,N,nb5,215,0.475,-0.089,1,1
0,4,30,0,N,nb6,215,0.285,-0.515,1,1
0,4,30,0,N,nb7,215,1.56,0.454,1,1
0,4,30,0,N,nb8,215,0.235,-0.699,1,1
0,4,30,0,N,nb9,215,0.148,-0.984,1,1
0,4,30,0,N,nb10,215,0.032,-1.164,2,1
0,4,30,0,N,nb11,215,1.471,-0.293,1,1
0,4,30,0,N,nb12,215,0.752,1.088,1,1
0,4,30,0,N,nb13,215,1.299,-0.13,2,1
0,4,30,0,N,nb14,215,-0.6,-0.886,3,1
0,4,30,0,N,nb15,215,1.638,0.057,2,1
0,4,30,0,N,nb16,215,1.73,0.274,2,1
0,4,30,0,N,nb17,215,-0.835,-0.949,2,1
0,4,30,0,N,nb18,215,-1.717,-0.24,1,1
0,4,30,0,N,nb19,215,0.985,1.128,1,1
0,4,30,0,N,nb20,215,-0.048,-1.392,1,1
0,4,30,0,N,nb21,215,0.905,0.033,1,1
0,4,30,0,N,nb22,215,0.542,1.46,1,1
0,4,30,0,N,nb23,215,0.518,1.705,2,1
0,4,30,0,N,nb24,215,-0.386,-0.775,1,1
0,4,30,0,N,nb25,215,-1.605,-0.449,3,0
0,4,30,0,N,nb26,215,0.68,0.037,2,1
0,4,30,0,N,nb27,215,-1.317,-0.798,1,1
0,4,30,0,N,nb28,215,-1.395,-0.574,3,1
0,4,30,0,N,nb29,215,0.111,1.866,1,1
0,4,30,0,N,nb0,220,-1.69,-0.671,1,1
0,4,30,0,N,nb1,220,0.341,1.866,2,1
0,4,30,0,N,nb2,220,1.415,0.086,2,1
0,4,30,0,N,nb3,220,-1.185,-0.464,1,1
0,4,30,0,N,nb4,220,-0.686,-1.11,2,1
0,4,30,0,N,nb5,220,0.475,-0.089,1,1
0,4,30,0,N,nb6,220,0.285,-0.515,1,1
0,4,30,0,N,nb7,220,1.56,0.454,1,1
0,4,30,0,N,nb8,220,0.235,-0.699,1,1
0,4,30,0,N,nb9,220,0.148,-0.984,1,1
0,4,30,0,N,nb10,220,0.032,-1.164,2,1
0,4,30,0,N,nb11,220,1.471,-0.293,1,1
0,4,30,0,N,nb12,220,0.752,1.088,1,1
0,4,30,0,N,nb13,220,1.299,-0.13,2,1
0,4,30,0,N,nb14,220,-0.6,-0.886,3,1
0,4,30,0,N,nb15,220,1.638,0.057,2,1
0,4,30,0,N,nb16,220,1.73,0.274,2,1
0,4,30,0,N,nb17,220,-0.835,-0.949,2,1
0,4,30,0,N,nb18,220,-1.717,-0.24,1,1
0,4,30,0,N,nb19,220,0.985,1.128,1,1
0,4,30,0,N,nb20,220,-0.048,-1.392,1,1
0,4,30,0,N,nb21,220,0.905,0.033,1,1
0,4,30,0,N,nb22,220,0.542,1.46,1,1
0,4,30,0,N,nb23,220,0.518,1.705,2,1
0,4,30,0,N,nb24,220,-0.386,-0.775,1,1
0,4,30,0,N,nb25,220,-1.605,-0.449,3,1
0,4,30,0,N,nb26,220,0.68,0.037,2,1
0,4,30,0,N,nb27,220,-1.317,-0.798,1,1
0,4,30,0,N,nb28,220,-1.395,-0.574,3,1
0,4,30,0,N,nb29,220,0.111,1.866,1,1
0,4,30,0,N,nb0,225,-1.69,-0.671,1,1
0,4,30,0,N,nb1,225,0.341,1.866,2,1
0,4,30,0,N,nb2,225,1.415,0.086,2,1
0,4,30,0,N,nb3,225,-1.185,-0.464,1,1
0,4,30,0,N,nb4,225,-0.686,-1.11,2,1
0,4,30,0,N,nb5,225,0.475,-0.089,1,1
0,4,30,0,N,nb6,225,0.285,-0.515,1,1
0,4,30,0,N,nb7,225,1.56,0.454,1,1
0,4,30,0,N,nb8,225,0.235,-0.699,1,1
0,4,30,0,N,nb9,225,0.148,-0.984,1,1
0,4,30,0,N,nb10,225,0.032,-1.164,2,1
0,4,30,0,N,nb11,225,1.471,-0.293,1,1
0,4,30,0,N,nb12,225,0.752,1.088,1,1
0,4,30,0,N,nb13,225,1.299,-0.13,2,1
0,4,30,0,N,nb14,225,-0.6,-0.886,3,1
0,4,30,0,N,nb15,225,1.638,0.057,2,1
0,4,30,0,N,nb16,225,1.73,0.274,2,1
0,4,30,0,N,nb17,225,-0.835,-0.949,2,1
0,4,30,0,N,nb18,225,-1.717,-0.24,1,1
0,4,30,0,N,nb19,225,0.985,1.128,1,1
0,4,30,0,N,nb20,225,-0.048,-1.392,1,1
0,4,30,0,N,nb21,225,0.905,0.033,1,1
0,4,30,0,N,nb22,225,0.542,1.46,1,1
0,4,30,0,N,nb23,225,0.518,1.705,2,1
0,4,30,0,N,nb24,225,-0.386,-0.775,1,1
0,4,30,0,N,nb25,225,-1.605,-0.449,3,1
0,4,30,0,N,nb26,225,0.68,0.037,2,1
0,4,30,0,N,nb27,225,-1.317,-0.798,1,1
0,4,30,0,N,nb28,225,-1.395,-0.574,3,1
0,4,30,0,N,nb29,225,0.111,1.866,1,1
0,4,30,0,N,nb0,230,-1.69,-0.671,1,1
0,4,30,0,N,nb1,230,0.341,1.866,2,1
0,4,30,0,N,nb2,230,1.415,0.086,2,1
0,4,30,0,N,nb3,230,-1.185,-0.464,1,1
0,4,30,0,N,nb4,230,-0.686,-1.11,2,1
0,4,30,0,N,nb5,230,0.475,-0.089,1,1
0,4,30,0,N,nb6,230,0.285,-0.515,1,1
0,4,30,0,N,nb7,230,1.56,0.454,1,1
0,4,30,0,N,nb8,230,0.235,-0.699,1,1
0,4,30,0,N,nb9,230,0.148,-0.984,1,1
0,4,30,0,N,nb10,230,0.032,-1.164,2,1
0,4,30,0,N,nb11,230,1.471,-0.293,1,1
0,4,30,0,N,nb12,230,0.752,1.088,1,1
0,4,30,0,N,nb13,230,1.299,-0.13,2,1
0,4,30,0,N,nb14,230,-0.6,-0.886,3,1
0,4,30,0,N,nb15,230,1.638,0.057,2,1
0,4,30,0,N,nb16,230,1.73,0.274,2,1
0,4,30,0,N,nb17,230,-0.835,-0.949,2,1
0,4,30,0,N,nb18,230,-1.717,-0.24,1,0
0,4,30,0,N,nb19,230,0.985,1.128,1,1
0,4,30,0,N,nb20,230,-0.048,-1.392,1,1
0,4,30,0,N,nb21,230,0.905,0.033,1,1
0,4,30,0,N,nb22,230,0.542,1.46,1,1
0,4,30,0,N,nb23,230,0.518,1.705,2,1
0,4,30,0,N,nb24,230,-0.386,-0.775,1,0
0,4,30,0,N,nb25,230,-1.605,-0.449,3,1
0,4,30,0,N,nb26,230,0.68,0.037,2,1
0,4,30,0,N,nb27,230,-1.317,-0.798,1,1
0,4,30,0,N,nb28,230,-1.395,-0.574,3,1
0,4,30,0,N,nb29,230,0.111,1.866,1,1
0,4,30,0,N,nb0,235,-1.69,-0.671,1,1
0,4,30,0,N,nb1,235,0.341,1.866,2,1
0,4,30,0,N,nb2,235,1.415,0.086,2,1
0,4,30,0,N,nb3,235,-1.185,-0.464,1,1
0,4,30,0,N,nb4,235,-0.686,-1.11,2,1
0,4,30,0,N,nb5,235,0.475,-0.089,1,1
0,4,30,0,N,nb6,235,0.285,-0.515,1,1
0,4,30,0,N,nb7,235,1.56,0.454,1,1
0,4,30,0,N,nb8,235,0.235,-0.699,1,1
0,4,30,0,N,nb9,235,0.148,-0.984,1,1
0,4,30,0,N,nb10,235,0.032,-1.164,2,1
0,4,30,0,N,nb11,235,1.471,-0.293,1,1
0,4,30,0,N,nb12,235,0.752,1.088,1,0
0,4,30,0,N,nb13,235,1.299,-0.13,2,1
0,4,30,0,N,nb14,235,-0.6,-0.886,3,1
0,4,30,0,N,nb15,235,1.638,0.057,2,1
0,4,30,0,N,nb16,235,1.73,0.274,2,1
0,4,30,0,N,nb17,235,-0.835,-0.949,2,1
0,4,30,0,N,nb18,235,-1.717,-0.24,1,1
0,4,30,0,N,nb19,235,0.985,1.128,1,0
0,4,30,0,N,nb20,235,-0.048,-1.392,1,1
0,4,30,0,N,nb21,235,0.905,0.033,1,1
0,4,30,0,N,nb22,235,0.542,1.46,1,1
0,4,30,0,N,nb23,235,0.518,1.705,2,1
0,4,30,0,N,nb24,235,-0.386,-0.775,1,1
0,4,30,0,N,nb25,235,-1.605,-0.449,3,1
0,4,30,0,N,nb26,235,0.68,0.037,2,1
0,4,30,0,N,nb27,235,-1.317,-0.798,1,1
0,4,30,0,N,nb28,235,-1.395,-0.574,3,1
0,4,30,0,N,nb29,235,0.111,1.866,1,1
0,4,30,0,N,nb0,240,-1.69,-0.671,1,1
0,4,30,0,N,nb1,240,0.341,1.866,2,1
0,4,30,0,N,nb2,240,1.415,0.086,2,1
0,4,30,0,N,nb3,240,-1.185,-0.464,1,1
0,4,30,0,N,nb4,240,-0.686,-1.11,2,1
0,4,30,0,N,nb5,240,0.475,-0.089,1,1
0,4,30,0,N,nb6,240,0.285,-0.515,1,1
0,4,30,0,N,nb7,240,1.56,0.454,1,1
0,4,30,0,N,nb8,240,0.235,-0.699,1,1
0,4,30,0,N,nb9,240,0.148,-0.984,1,1
0,4,30,0,N,nb10,240,0.032,-1.164,2,1
0,4,30,0,N,nb11,240,1.471,-0.293,1,1
0,4,30,0,N,nb12,240,0.752,1.088,1,1
0,4,30,0,N,nb13,240,1.299,-0.13,2,1
0,4,30,0,N,nb14,240,-0.6,-0.886,3,1
0,4,30,0,N,nb15,240,1.638,0.057,2,1
0,4,30,0,N,nb16,240,1.73,0.274,2,1
0,4,30,0,N,nb17,240,-0.835,-0.949,2,1
0,4,30,0,N,nb18,240,-1.717,-0.24,1,1
0,4,30,0,N,nb19,240,0.985,1.128,1,1
0,4,30,0,N,nb20,240,-0.048,-1.392,1,1
0,4,30,0,N,nb21,240,0.905,0.033,1,1
0,4,30,0,N,nb22,240,0.542,1.46,1,1
0,4,30,0,N,nb23,240,0.518,1.705,2,1
0,4,30,0,N,nb24,240,-0.386,-0.775,1,1
0,4,30,0,N,nb25,240,-1.605,-0.449,3,1
0,4,30,0,N,nb26,240,0.68,0.037,2,1
0,4,30,0,N,nb27,240,-1.317,-0.798,1,1
0,4,30,0,N,nb28,240,-1.395,-0.574,3,1
0,4,30,0,N,nb29,240,0.111,1.866,1,1
0,4,30,0,N,nb0,245,-1.69,-0.671,1,1
0,4,30,0,N,nb1,245,0.341,1.866,2,1
0,4,30,0,N,nb2,245,1.415,0.086,2,1
0,4,30,0,N,nb3,245,-1.185,-0.464,1,1
0,4,30,0,N,nb4,245,-0.686,-1.11,2,1
0,4,30,0,N,nb5,245,0.475,-0.089,1,1
0,4,30,0,N,nb6,245,0.285,-0.515,1,1
0,4,30,0,N,nb7,245,1.56,0.454,1,1
0,4,30,0,N,nb8,245,0.235,-0.699,1,1
0,4,30,0,N,nb9,245,0.148,-0.984,1,1
0,4,30,0,N,nb10,245,0.032,-1.164,2,1
0,4,30,0,N,nb11,245,1.471,-0.293,1,1
0,4,30,0,N,nb12,245,0.752,1.088,1,1
0,4,30,0,N,nb13,245,1.299,-0.13,2,1
0,4,30,0,N,nb14,245,-0.6,-0.886,3,1
0,4,30,0,N,nb15,245,1.638,0.057,2,1
0,4,30,0,N,nb16,245,1.73,0.274,2,1
0,4,30,0,N,nb17,245,-0.835,-0.949,2,1
0,4,30,0,N,nb18,245,-1.717,-0.24,1,1
0,4,30,0,N,nb19,245,0.985,1.128,1,1
0,4,30,0,N,nb20,245,-0.048,-1.392,1,1
0,4,30,0,N,nb21,245,0.905,0.033,1,1
0,4,30,0,N,nb22,245,0.542,1.46,1,1
0,4,30,0,N,nb23,245,0.518,1.705,2,1
0,4,30,0,N,nb24,245,-0.386,-0.775,1,1
0,4,30,0,N,nb25,245,-1.605,-0.449,3,1
0,4,30,0,N,nb26,245,0.68,0.037,2,1
0,4,30,0,N,nb27,245,-1.317,-0.798,1,1
0,4,30,0,N,nb28,245,-1.395,-0.574,3,1
0,4,30,0,N,nb29,245,0.111,1.866,1,1
0,4,30,0,N,nb0,250,-1.69,-0.671,1,1
0,4,30,0,N,nb1,250,0.341,1.866,2,1
0,4,30,0,N,nb2,250,1.415,0.086,2,1
0,4,30,0,N,nb3,250,-1.185,-0.464,1,1
0,4,30,0,N,nb4,250,-0.686,-1.11,2,1
0,4,30,0,N,nb5,250,0.475,-0.089,1,1
0,4,30,0,N,nb6,250,0.285,-0.515,1,1
0,4,30,0,N,nb7,250,1.56,0.454,1,1
0,4,30,0,N,nb8,250,0.235,-0.699,1,1
0,4,30,0,N,nb9,250,0.148,-0.984,1,1
0,4,30,0,N,nb10,250,0.032,-1.164,2,1
0,4,30,0,N,nb11,250,1.471,-0.293,1,1
0,4,30,0,N,nb12,250,0.752,1.088,1,1
0,4,30,0,N,nb13,250,1.299,-0.13,2,1
0,4,30,0,N,nb14,250,-0.6,-0.886,3,0
0,4,30,0,N,nb15,250,1.638,0.057,2,1
0,4,30,0,N,nb16,250,1.73,0.274,2,1
0,4,30,0,N,nb17,250,-0.835,-0.949,2,1
0,4,30,0,N,nb18,250,-1.717,-0.24,1,1
0,4,30,0,N,nb19,250,0.985,1.128,1,1
0,4,30,0,N,nb20,250,-0.048,-1.392,1,1
0,4,30,0,N,nb21,250,0.905,0.033,1,1
0,4,30,0,N,nb22,250,0.542,1.46,1,1
0,4,30,0,N,nb23,250,0.518,1.705,2,1
0,4,30,0,N,nb24,250,-0.386,-0.775,1,1
0,4,30,0,N,nb25,250,-1.605,-0.449,3,1
0,4,30,0,N,nb26,250,0.68,0.037,2,1
0,4,30,0,N,nb27,250,-1.317,-0.798,1,1
0,4,30,0,N,nb28,250,-1.395,-0.574,3,1
0,4,30,0,N,nb29,250,0.111,1.866,1,1
0,4,30,0,N,nb0,255,-1.69,-0.671,1,1
0,4,30,0,N,nb1,255,0.341,1.866,2,1
0,4,30,0,N,nb2,255,1.415,0.086,2,1
0,4,30,0,N,nb3,255,-1.185,-0.464,1,1
0,4,30,0,N,nb4,255,-0.686,-1.11,2,1
0,4,30,0,N,nb5,255,0.475,-0.089,1,1
0,4,30,0,N,nb6,255,0.285,-0.515,1,1
0,4,30,0,N,nb7,255,1.56,0.454,1,1
0,4,30,0,N,nb8,255,0.235,-0.699,1,1
0,4,30,0,N,nb9,255,0.148,-0.984,1,1
0,4,30,0,N,nb10,255,0.032,-1.164,2,1
0,4,30,0,N,nb11,255,1.471,-0.293,1,1
0,4,30,0,N,nb12,255,0.752,1.088,1,1
0,4,30,0,N,nb13,255,1.299,-0.13,2,1
0,4,30,0,N,nb14,255,-0.6,-0.886,3,1
0,4,30,0,N,nb15,255,1.638,0.057,2,1
0,4,30,0,N,nb16,255,1.73,0.274,2,1
0,4,30,0,N,nb17,255,-0.835,-0.949,2,1
0,4,30,0,N,nb18,255,-1.717,-0.24,1,1
0,4,30,0,N,nb19,255,0.985,1.128,1,1
0,4,30,0,N,nb20,255,-0.048,-1.392,1,1
0,4,30,0,N,nb21,255,0.905,0.033,1,1
0,4,30,0,N,nb22,255,0.542,1.46,1,1
0,4,30,0,N,nb23,255,0.518,1.705,2,1
0,4,30,0,N,nb24,255,-0.386,-0.775,1,1
0,4,30,0,N,nb25,255,-1.605,-0.449,3,1
0,4,30,0,N,nb26,255,0.68,0.037,2,1
0,4,30,0,N,nb27,255,-1.317,-0.798,1,1
0,4,30,0,N,nb28,255,-1.395,-0.574,3,1
0,4,30,0,N,nb29,255,0.111,1.866,1,1
0,4,30,0,N,nb0,260,-1.69,-0.671,1,1
0,4,30,0,N,nb1,260,0.341,1.866,2,1
0,4,30,0,N,nb2,260,1.415,0.086,2,1
0,4,30,0,N,nb3,260,-1.185,-0.464,1,1
0,4,30,0,N,nb4,260,-0.686,-1.11,2,1
0,4,30,0,N,nb5,260,0.475,-0.089,1,1
0,4,30,0,N,nb6,260,0.285,-0.515,1,1
0,4,30,0,N,nb7,260,1.56,0.454,1,1
0,4,30,0,N,nb8,260,0.235,-0.699,1,1
0,4,30,0,N,nb9,260,0.148,-0.984,1,1
0,4,30,0,N,nb10,260,0.032,-1.164,2,1
0,4,30,0,N,nb11,260,1.471,-0.293,1,1
0,4,30,0,N,nb12,260,0.752,1.088,1,1
0,4,30,0,N,nb13,260,1.299,-0.13,2,1
0,4,30,0,N,nb14,260,-0.6,-0.886,3,1
0,4,30,0,N,nb15,260,1.638,0.057,2,1
0,4,30,0,N,nb16,260,1.73,0.274,2,0
0,4,30,0,N,nb17,260,-0.835,-0.949,2,1
0,4,30,0,N,nb18,260,-1.717,-0.24,1,1
0,4,30,0,N,nb19,260,0.985,1.128,1,1
0,4,30,0,N,nb20,260,-0.048,-1.392,1,1
0,4,30,0,N,nb21,260,0.905,0.033,1,0
0,4,30,0,N,nb22,260,0.542,1.46,1,1
0,4,30,0,N,nb23,260,0.518,1.705,2,1
0,4,30,0,N,nb24,260,-0.386,-0.775,1,1
0,4,30,0,N,nb25,260,-1.605,-0.449,3,1
0,4,30,0,N,nb26,260,0.68,0.037,2,0
0,4,30,0,N,nb27,260,-1.317,-0.798,1,1
0,4,30,0,N,nb28,260,-1.395,-0.574,3,1
0,4,30,0,N,nb29,260,0.111,1.866,1,1
0,4,30,0,N,nb0,265,-1.69,-0.671,1,1
0,4,30,0,N,nb1,265,0.341,1.866,2,1
0,4,30,0,N,nb2,265,1.415,0.086,2,1
0,4,30,0,N,nb3,265,-1.185,-0.464,1,1
0,4,30,0,N,nb4,265,-0.686,-1.11,2,1
0,4,30,0,N,nb5,265,0.475,-0.089,1,1
0,4,30,0,N,nb6,265,0.285,-0.515,1,1
0,4,30,0,N,nb7,265,1.56,0.454,1,1
0,4,30,0,N,nb8,265,0.235,-0.699,1,1
0,4,30,0,N,nb9,265,0.148,-0.984,1,1
0,4,30,0,N,nb10,265,0.032,-1.164,2,1
0,4,30,0,N,nb11,265,1.471,-0.293,1,1
0,4,30,0,N,nb12,265,0.752,1.088,1,1
0,4,30,0,N,nb13,265,1.299,-0.13,2,1
0,4,30,0,N,nb14,265,-0.6,-0.886,3,1
0,4,30,0,N,nb15,265,1.638,0.057,2,1
0,4,30,0,N,nb16,265,1.73,0.274,2,1
0,4,30,0,N,nb17,265,-0.835,-0.949,2,1
0,4,30,0,N,nb18,265,-1.717,-0.24,1,1
0,4,30,0,N,nb19,265,0.985,1.128,1,1
0,4,30,0,N,nb20,265,-0.048,-1.392,1,1
0,4,30,0,N,nb21,265,0.905,0.033,1,1
0,4,30,0,N,nb22,265,0.542,1.46,1,1
0,4,30,0,N,nb23,265,0.518,1.705,2,1
0,4,30,0,N,nb24,265,-0.386,-0.775,1,1
0,4,30,0,N,nb25,265,-1.605,-0.449,3,1
0,4,30,0,N,nb26,265,0.68,0.037,2,1
0,4,30,0,N,nb27,265,-1.317,-0.798,1,0
0,4,30,0,N,nb28,265,-1.395,-0.574,3,1
0,4,30,0,N,nb29,265,0.111,1.866,1,1
0,4,30,0,N,nb0,270,-1.69,-0.671,1,0
0,4,30,0,N,nb1,270,0.341,1.866,2,1
0,4,30,0,N,nb2,270,1.415,0.086,2,1
0,4,30,0,N,nb3,270,-1.185,-0.464,1,1
0,4,30,0,N,nb4,270,-0.686,-1.11,2,1
0,4,30,0,N,nb5,270,0.475,-0.089,1,1
0,4,30,0,N,nb6,270,0.285,-0.515,1,1
0,4,30,0,N,nb7,270,1.56,0.454,1,1
0,4,30,0,N,nb8,270,0.235,-0.699,1,1
0,4,30,0,N,nb9,270,0.148,-0.984,1,1
0,4,30,0,N,nb10,270,0.032,-1.164,2,1
0,4,30,0,N,nb11,270,1.471,-0.293,1,0
0,4,30,0,N,nb12,270,0.752,1.088,1,1
0,4,30,0,N,nb13,270,1.299,-0.13,2,1
0,4,30,0,N,nb14,270,-0.6,-0.886,3,1
0,4,30,0,N,nb15,270,1.638,0.057,2,1
0,4,30,0,N,nb16,270,1.73,0.274,2,1
0,4,30,0,N,nb17,270,-0.835,-0.949,2,1
0,4,30,0,N,nb18,270,-1.717,-0.24,1,1
0,4,30,0,N,nb19,270,0.985,1.128,1,1
0,4,30,0,N,nb20,270,-0.048,-1.392,1,1
0,4,30,0,N,nb21,270,0.905,0.033,1,1
0,4,30,0,N,nb22,270,0.542,1.46,1,1
0,4,30,0,N,nb23,270,0.518,1.705,2,1
0,4,30,0,N,nb24,270,-0.386,-0.775,1,1
0,4,30,0,N,nb25,270,-1.605,-0.449,3,1
0,4,30,0,N,nb26,270,0.68,0.037,2,1
0,4,30,0,N,nb27,270,-1.317,-0.798,1,1
0,4,30,0,N,nb28,270,-1.395,-0.574,3,1
0,4,30,0,N,nb29,270,0.111,1.866,1,1
0,4,30,0,N,nb0,275,-1.69,-0.671,1,1
0,4,30,0,N,nb1,275,0.341,1.866,2,1
0,4,30,0,N,nb2,275,1.415,0.086,2,1
0,4,30,0,N,nb3,275,-1.185,-0.464,1,1
0,4,30,0,N,nb4,275,-0.686,-1.11,2,1
0,4,30,0,N,nb5,275,0.475,-0.089,1,1
0,4,30,0,N,nb6,275,0.285,-0.515,1,1
0,4,30,0,N,nb7,275,1.56,0.454,1,1
0,4,30,0,N,nb8,275,0.235,-0.699,1,1
0,4,30,0,N,nb9,275,0.148,-0.984,1,1
0,4,30,0,N,nb10,275,0.032,-1.164,2,1
0,4,30,0,N,nb11,275,1.471,-0.293,1,1
0,4,30,0,N,nb12,275,0.752,1.088,1,1
0,4,30,0,N,nb13,275,1.299,-0.13,2,1
0,4,30,0,N,nb14,275,-0.6,-0.886,3,1
0,4,30,0,N,nb15,275,1.638,0.057,2,1
0,4,30,0,N,nb16,275,1.73,0.274,2,1
0,4,30,0,N,nb17,275,-0.835,-0.949,2,1
0,4,30,0,N,nb18,275,-1.717,-0.24,1,1
0,4,30,0,N,nb19,275,0.985,1.128,1,1
0,4,30,0,N,nb20,275,-0.048,-1.392,1,1
0,4,30,0,N,nb21,275,0.905,0.033,1,1
0,4,30,0,N,nb22,275,0.542,1.46,1,0
0,4,30,0,N,nb23,275,0.518,1.705,2,0
0,4,30,0,N,nb24,275,-0.386,-0.775,1,1
0,4,30,0,N,nb25,275,-1.605,-0.449,3,1
0,4,30,0,N,nb26,275,0.68,0.037,2,1
0,4,30,0,N,nb27,275,-1.317,-0.798,1,1
0,4,30,0,N,nb28,275,-1.395,-0.574,3,1
0,4,30,0,N,nb29,275,0.111,1.866,1,1
0,4,30,0,N,nb0,280,-1.69,-0.671,1,1
0,4,30,0,N,nb1,280,0.341,1.866,2,1
0,4,30,0,N,nb2,280,1.415,0.086,2,1
0,4,30,0,N,nb3,280,-1.185,-0.464,1,1
0,4,30,0,N,nb4,280,-0.686,-1.11,2,1
0,4,30,0,N,nb5,280,0.475,-0.089,1,1
0,4,30,0,N,nb6,280,0.285,-0.515,1,1
0,4,30,0,N,nb7,280,1.56,0.454,1,1
0,4,30,0,N,nb8,280,0.235,-0.699,1,1
0,4,30,0,N,nb9,280,0.148,-0.984,1,1
0,4,30,0,N,nb10,280,0.032,-1.164,2,1
0,4,30,0,N,nb11,280,1.471,-0.293,1,1
0,4,30,0,N,nb12,280,0.752,1.088,1,1
0,4,30,0,N,nb13,280,1.299,-0.13,2,1
0,4,30,0,N,nb14,280,-0.6,-0.886,3,1
0,4,30,0,N,nb15,280,1.638,0.057,2,1
0,4,30,0,N,nb16,280,1.73,0.274,2,1
0,4,30,0,N,nb17,280,-0.835,-0.949,2,1
0,4,30,0,N,nb18,280,-1.717,-0.24,1,1
0,4,30,0,N,nb19,280,0.985,1.128,1,1
0,4,30,0,N,nb20,280,-0.048,-1.392,1,1
0,4,30,0,N,nb21,280,0.905,0.033,1,1
0,4,30,0,N,nb22,280,0.542,1.46,1,1
0,4,30,0,N,nb23,280,0.518,1.705,2,1
0,4,30,0,N,nb24,280,-0.386,-0.775,1,1
0,4,30,0,N,nb25,280,-1.605,-0.449,3,1
0,4,30,0,N,nb26,280,0.68,0.037,2,1
0,4,30,0,N,nb27,280,-1.317,-0.798,1,1
0,4,30,0,N,nb28,280,-1.395,-0.574,3,1
0,4,30,0,N,nb29,280,0.111,1.866,1,1
0,4,30,0,N,nb0,285,-1.69,-0.671,1,1
0,4,30,0,N,nb1,285,0.341,1.866,2,1
0,4,30,0,N,nb2,285,1.415,0.086,2,1
0,4,30,0,N,nb3,285,-1.185,-0.464,1,1
0,4,30,0,N,nb4,285,-0.686,-1.11,2,1
0,4,30,0,N,nb5,285,0.475,-0.089,1,0
0,4,30,0,N,nb6,285,0.285,-0.515,1,1
0,4,30,0,N,nb7,285,1.56,0.454,1,1
0,4,30,0,N,nb8,285,0.235,-0.699,1,1
0,4,30,0,N,nb9,285,0.148,-0.984,1,1
0,4,30,0,N,nb10,285,0.032,-1.164,2,1
0,4,30,0,N,nb11,285,1.471,-0.293,1,1
0,4,30,0,N,nb12,285,0.752,1.088,1,1
0,4,30,0,N,nb13,285,1.299,-0.13,2,1
0,4,30,0,N,nb14,285,-0.6,-0.886,3,1
0,4,30,0,N,nb15,285,1.638,0.057,2,1
0,4,30,0,N,nb16,285,1.73,0.274,2,1
0,4,30,0,N,nb17,285,-0.835,-0.949,2,1
0,4,30,0,N,nb18,285,-1.717,-0.24,1,1
0,4,30,0,N,nb19,285,0.985,1.128,1,1
0,4,30,0,N,nb20,285,-0.048,-1.392,1,1
0,4,30,0,N,nb21,285,0.905,0.033,1,1
0,4,30,0,N,nb22,285,0.542,1.46,1,1
0,4,30,0,N,nb23,285,0.518,1.705,2,1
0,4,30,0,N,nb24,285,-0.386,-0.775,1,1
0,4,30,0,N,nb25,285,-1.605,-0.449,3,1
0,4,30,0,N,nb26,285,0.68,0.037,2,1
0,4,30,0,N,nb27,285,-1.317,-0.798,1,1
0,4,30,0,N,nb28,285,-1.395,-0.574,3,1
0,4,30,0,N,nb29,285,0.111,1.866,1,1
0,4,30,0,N,nb0,290,-1.69,-0.671,1,1
0,4,30,0,N,nb1,290,0.341,1.866,2,1
0,4,30,0,N,nb2,290,1.415,0.086,2,1
0,4,30,0,N,nb3,290,-1.185,-0.464,1,1
0,4,30,0,N,nb4,290,-0.686,-1.11,2,1
0,4,30,0,N,nb5,290,0.475,-0.089,1,1
0,4,30,0,N,nb6,290,0.285,-0.515,1,1
0,4,30,0,N,nb7,290,1.56,0.454,1,1
0,4,30,0,N,nb8,290,0.235,-0.699,1,1
0,4,30,0,N,nb9,290,0.148,-0.984,1,1
0,4,30,0,N,nb10,290,0.032,-1.164,2,1
0,4,30,0,N,nb11,290,1.471,-0.293,1,1
0,4,30,0,N,nb12,290,0.752,1.088,1,1
0,4,30,0,N,nb13,290,1.299,-0.13,2,1
0,4,30,0,N,nb14,290,-0.6,-0.886,3,1
0,4,30,0,N,nb15,290,1.638,0.057,2,1
0,4,30,0,N,nb16,290,1.73,0.274,2,1
0,4,30,0,N,nb17,290,-0.835,-0.949,2,1
0,4,30,0,N,nb18,290,-1.717,-0.24,1,1
0,4,30,0,N,nb19,290,0.985,1.128,1,1
0,4,30,0,N,nb20,290,-0.048,-1.392,1,1
0,4,30,0,N,nb21,290,0.905,0.033,1,1
0,4,30,0,N,nb22,290,0.542,1.46,1,1
0,4,30,0,N,nb23,290,0.518,1.705,2,1
0,4,30,0,N,nb24,290,-0.386,-0.775,1,1
0,4,30,0,N,nb25,290,-1.605,-0.449,3,1
0,4,30,0,N,nb26,290,0.68,0.037,2,1
0,4,30,0,N,nb27,290,-1.317,-0.798,1,1
0,4,30,0,N,nb28,290,-1.395,-0.574,3,1
0,4,30,0,N,nb29,290,0.111,1.866,1,1
0,4,30,0,N,nb0,295,-1.69,-0.671,1,1
0,4,30,0,N,nb1,295,0.341,1.866,2,1
0,4,30,0,N,nb2,295,1.415,0.086,2,1
0,4,30,0,N,nb3,295,-1.185,-0.464,1,1
0,4,30,0,N,nb4,295,-0.686,-1.11,2,1
0,4,30,0,N,nb5,295,0.475,-0.089,1,1
0,4,30,0,N,nb6,295,0.285,-0.515,1,1
0,4,30,0,N,nb7,295,1.56,0.454,1,1
0,4,30,0,N,nb8,295,0.235,-0.699,1,1
0,4,30,0,N,nb9,295,0.148,-0.984,1,1
0,4,30,0,N,nb10,295,0.032,-1.164,2,1
0,4,30,0,N,nb11,295,1.471,-0.293,1,1
0,4,30,0,N,nb12,295,0.752,1.088,1,1
0,4,30,0,N,nb13,295,1.299,-0.13,2,1
0,4,30,0,N,nb14,295,-0.6,-0.886,3,1
0,4,30,0,N,nb15,295,1.638,0.057,2,1
0,4,30,0,N,nb16,295,1.73,0.274,2,1
0,4,30,0,N,nb17,295,-0.835,-0.949,2,1
0,4,30,0,N,nb18,295,-1.717,-0.24,1,1
0,4,30,0,N,nb19,295,0.985,1.128,1,1
0,4,30,0,N,nb20,295,-0.048,-1.392,1,1
0,4,30,0,N,nb21,295,0.905,0.033,1,1
0,4,30,0,N,nb22,295,0.542,1.46,1,1
0,4,30,0,N,nb23,295,0.518,1.705,2,1
0,4,30,0,N,nb24,295,-0.386,-0.775,1,1
0,4,30,0,N,nb25,295,-1.605,-0.449,3,1
0,4,30,0,N,nb26,295,0.68,0.037,2,1
0,4,30,0,N,nb27,295,-1.317,-0.798,1,1
0,4,30,0,N,nb28,295,-1.395,-0.574,3,1
0,4,30,0,N,nb29,295,0.111,1.866,1,1
0,4,30,0,N,nb0,300,-1.69,-0.671,1,1
0,4,30,0,N,nb1,300,0.341,1.866,2,1
0,4,30,0,N,nb2,300,1.415,0.086,2,1
0,4,30,0,N,nb3,300,-1.185,-0.464,1,1
0,4,30,0,N,nb4,300,-0.686,-1.11,2,1
0,4,30,0,N,nb5,300,0.475,-0.089,1,1
0,4,30,0,N,nb6,300,0.285,-0.515,1,1
0,4,30,0,N,nb7,300,1.56,0.454,1,1
0,4,30,0,N,nb8,300,0.235,-0.699,1,1
0,4,30,0,N,nb9,300,0.148,-0.984,1,1
0,4,30,0,N,nb10,300,0.032,-1.164,2,1
0,4,30,0,N,nb11,300,1.471,-0.293,1,1
0,4,30,0,N,nb12,300,0.752,1.088,1,1
0,4,30,0,N,nb13,300,1.299,-0.13,2,1
0,4,30,0,N,nb14,300,-0.6,-0.886,3,1
0,4,30,0,N,nb15,300,1.638,0.057,2,1
0,4,30,0,N,nb16,300,1.73,0.274,2,1
0,4,30,0,N,nb17,300,-0.835,-0.949,2,1
0,4,30,0,N,nb18,300,-1.717,-0.24,1,1
0,4,30,0,N,nb19,300,0.985,1.128,1,1
0,4,30,0,N,nb20,300,-0.048,-1.392,1,1
0,4,30,0,N,nb21,300,0.905,0.033,1,1
0,4,30,0,N,nb22,300,0.542,1.46,1,1
0,4,30,0,N,nb23,300,0.518,1.705,2,1
0,4,30,0,N,nb24,300,-0.386,-0.775,1,1
0,4,30,0,N,nb25,300,-1.605,-0.449,3,1
0,4,30,0,N,nb26,300,0.68,0.037,2,1
0,4,30,0,N,nb27,300,-1.317,-0.798,1,1
0,4,30,0,N,nb28,300,-1.395,-0.574,3,1
0,4,30,0,N,nb29,300,0.111,1.866,1,0
0,4,30,0,N,nb0,305,-1.69,-0.671,1,1
0,4,30,0,N,nb1,305,0.341,1.866,2,1
0,4,30,0,N,nb2,305,1.415,0.086,2,1
0,4,30,0,N,nb3,305,-1.185,-0.464,1,1
0,4,30,0,N,nb4,305,-0.686,-1.11,2,1
0,4,30,0,N,nb5,305,0.475,-0.089,1,1
0,4,30,0,N,nb6,305,0.285,-0.515,1,1
0,4,30,0,N,nb7,305,1.56,0.454,1,1
0,4,30,0,N,nb8,305,0.235,-0.699,1,1
0,4,30,0,N,nb9,305,0.148,-0.984,1,1
0,4,30,0,N,nb10,305,0.032,-1.164,2,1
0,4,30,0,N,nb11,305,1.471,-0.293,1,1
0,4,30,0,N,nb12,305,0.752,1.088,1,1
0,4,30,0,N,nb13,305,1.299,-0.13,2,1
0,4,30,0,N,nb14,305,-0.6,-0.886,3,1
0,4,30,0,N,nb15,305,1.638,0.057,2,1
0,4,30,0,N,nb16,305,1.73,0.274,2,1
0,4,30,0,N,nb17,305,-0.835,-0.949,2,1
0,4,30,0,N,nb18,305,-1.717,-0.24,1,1
0,4,30,0,N,nb19,305,0.985,1.128,1,1
0,4,30,0,N,nb20,305,-0.048,-1.392,1,0
0,4,30,0,N,nb21,305,0.905,0.033,1,1
0,4,30,0,N,nb22,305,0.542,1.46,1,1
0,4,30,0,N,nb23,305,0.518,1.705,2,1
0,4,30,0,N,nb24,305,-0.386,-0.775,1,1
0,4,30,0,N,nb25,305,-1.605,-0.449,3,1
0,4,30,0,N,nb26,305,0.68,0.037,2,1
0,4,30,0,N,nb27,305,-1.317,-0.798,1,1
0,4,30,0,N,nb28,305,-1.395,-0.574,3,1
0,4,30,0,N,nb29,305,0.111,1.866,1,1
0,4,30,0,N,nb0,310,-1.69,-0.671,1,1
0,4,30,0,N,nb1,310,0.341,1.866,2,1
0,4,30,0,N,nb2,310,1.415,0.086,2,1
0,4,30,0,N,nb3,310,-1.185,-0.464,1,1
0,4,30,0,N,nb4,310,-0.686,-1.11,2,0
0,4,30,0,N,nb5,310,0.475,-0.089,1,1
0,4,30,0,N,nb6,310,0.285,-0.515,1,0
0,4,30,0,N,nb7,310,1.56,0.454,1,1
0,4,30,0,N,nb8,310,0.235,-0.699,1,0
0,4,30,0,N,nb9,310,0.148,-0.984,1,0
0,4,30,0,N,nb10,310,0.032,-1.164,2,0
0,4,30,0,N,nb11,310,1.471,-0.293,1,1
0,4,30,0,N,nb12,310,0.752,1.088,1,1
0,4,30,0,N,nb13,310,1.299,-0.13,2,0
0,4,30,0,N,nb14,310,-0.6,-0.886,3,1
0,4,30,0,N,nb15,310,1.638,0.057,2,1
0,4,30,0,N,nb16,310,1.73,0.274,2,1
0,4,30,0,N,nb17,310,-0.835,-0.949,2,0
0,4,30,0,N,nb18,310,-1.717,-0.24,1,1
0,4,30,0,N,nb19,310,0.985,1.128,1,1
0,4,30,0,N,nb20,310,-0.048,-1.392,1,1
0,4,30,0,N,nb21,310,0.905,0.033,1,1
0,4,30,0,N,nb22,310,0.542,1.46,1,1
0,4,30,0,N,nb23,310,0.518,1.705,2,1
0,4,30,0,N,nb24,310,-0.386,-0.775,1,1
0,4,30,0,N,nb25,310,-1.605,-0.449,3,1
0,4,30,0,N,nb26,310,0.68,0.037,2,1
0,4,30,0,N,nb27,310,-1.317,-0.798,1,1
0,4,30,0,N,nb28,310,-1.395,-0.574,3,1
0,4,30,0,N,nb29,310,0.111,1.866,1,1
0,4,30,0,N,nb0,315,-1.69,-0.671,1,1
0,4,30,0,N,nb1,315,0.341,1.866,2,1
0,4,30,0,N,nb2,315,1.415,0.086,2,1
0,4,30,0,N,nb3,315,-1.185,-0.464,1,0
0,4,30,0,N,nb4,315,-0.686,-1.11,2,1
0,4,30,0,N,nb5,315,0.475,-0.089,1,1
0,4,30,0,N,nb6,315,0.285,-0.515,1,1
0,4,30,0,N,nb7,315,1.56,0.454,1,1
0,4,30,0,N,nb8,315,0.235,-0.699,1,1
0,4,30,0,N,nb9,315,0.148,-0.984,1,1
0,4,30,0,N,nb10,315,0.032,-1.164,2,1
0,4,30,0,N,nb11,315,1.471,-0.293,1,1
0,4,30,0,N,nb12,315,0.752,1.088,1,1
0,4,30,0,N,nb13,315,1.299,-0.13,2,1
0,4,30,0,N,nb14,315,-0.6,-0.886,3,1
0,4,30,0,N,nb15,315,1.638,0.057,2,1
0,4,30,0,N,nb16,315,1.73,0.274,2,1
0,4,30,0,N,nb17,315,-0.835,-0.949,2,1
0,4,30,0,N,nb18,315,-1.717,-0.24,1,1
0,4,30,0,N,nb19,315,0.985,1.128,1,1
0,4,30,0,N,nb20,315,-0.048,-1.392,1,1
0,4,30,0,N,nb21,315,0.905,0.033,1,1
0,4,30,0,N,nb22,315,0.542,1.46,1,1
0,4,30,0,N,nb23,315,0.518,1.705,2,1
0,4,30,0,N,nb24,315,-0.386,-0.775,1,1
0,4,30,0,N,nb25,315,-1.605,-0.449,3,1
0,4,30,0,N,nb26,315,0.68,0.037,2,1
0,4,30,0,N,nb27,315,-1.317,-0.798,1,1
0,4,30,0,N,nb28,315,-1.395,-0.574,3,0
0,4,30,0,N,nb29,315,0.111,1.866,1,1
0,4,30,0,N,nb0,320,-1.69,-0.671,1,1
0,4,30,0,N,nb1,320,0.341,1.866,2,1
0,4,30,0,N,nb2,320,1.415,0.086,2,1
0,4,30,0,N,nb3,320,-1.185,-0.464,1,1
0,4,30,0,N,nb4,320,-0.686,-1.11,2,1
0,4,30,0,N,nb5,320,0.475,-0.089,1,1
0,4,30,0,N,nb6,320,0.285,-0.515,1,1
0,4,30,0,N,nb7,320,1.56,0.454,1,1
0,4,30,0,N,nb8,320,0.235,-0.699,1,1
0,4,30,0,N,nb9,320,0.148,-0.984,1,1
0,4,30,0,N,nb10,320,0.032,-1.164,2,1
0,4,30,0,N,nb11,320,1.471,-0.293,1,1
0,4,30,0,N,nb12,320,0.752,1.088,1,1
0,4,30,0,N,nb13,320,1.299,-0.13,2,1
0,4,30,0,N,nb14,320,-0.6,-0.886,3,1
0,4,30,0,N,nb15,320,1.638,0.057,2,1
0,4,30,0,N,nb16,320,1.73,0.274,2,1
0,4,30,0,N,nb17,320,-0.835,-0.949,2,1
0,4,30,0,N,nb18,320,-1.717,-0.24,1,1
0,4,30,0,N,nb19,320,0.985,1.128,1,1
0,4,30,0,N,nb20,320,-0.048,-1.392,1,1
0,4,30,0,N,nb21,320,0.905,0.033,1,1
0,4,30,0,N,nb22,320,0.542,1.46,1,1
0,4,30,0,N,nb23,320,0.518,1.705,2,1
0,4,30,0,N,nb24,320,-0.386,-0.775,1,1
0,4,30,0,N,nb25,320,-1.605,-0.449,3,1
0,4,30,0,N,nb26,320,0.68,0.037,2,1
0,4,30,0,N,nb27,320,-1.317,-0.798,1,1
0,4,30,0,N,nb28,320,-1.395,-0.574,3,1
0,4,30,0,N,nb29,320,0.111,1.866,1,1
0,4,30,0,N,nb0,325,-1.69,-0.671,1,1
0,4,30,0,N,nb1,325,0.341,1.866,2,1
0,4,30,0,N,nb2,325,1.415,0.086,2,1
0,4,30,0,N,nb3,325,-1.185,-0.464,1,1
0,4,30,0,N,nb4,325,-0.686,-1.11,2,1
0,4,30,0,N,nb5,325,0.475,-0.089,1,1
0,4,30,0,N,nb6,325,0.285,-0.515,1,1
0,4,30,0,N,nb7,325,1.56,0.454,1,1
0,4,30,0,N,nb8,325,0.235,-0.699,1,1
0,4,30,0,N,nb9,325,0.148,-0.984,1,1
0,4,30,0,N,nb10,325,0.032,-1.164,2,1
0,4,30,0,N,nb11,325,1.471,-0.293,1,1
0,4,30,0,N,nb12,325,0.752,1.088,1,1
0,4,30,0,N,nb13,325,1.299,-0.13,2,1
0,4,30,0,N,nb14,325,-0.6,-0.886,3,1
0,4,30,0,N,nb15,325,1.638,0.057,2,1
0,4,30,0,N,nb16,325,1.73,0.274,2,1
0,4,30,0,N,nb17,325,-0.835,-0.949,2,1
0,4,30,0,N,nb18,325,-1.717,-0.24,1,1
0,4,30,0,N,nb19,325,0.985,1.128,1,1
0,4,30,0,N,nb20,325,-0.048,-1.392,1,1
0,4,30,0,N,nb21,325,0.905,0.033,1,1
0,4,30,0,N,nb22,325,0.542,1.46,1,1
0,4,30,0,N,nb23,325,0.518,1.705,2,1
0,4,30,0,N,nb24,325,-0.386,-0.775,1,1
0,4,30,0,N,nb25,325,-1.605,-0.449,3,1
0,4,30,0,N,nb26,325,0.68,0.037,2,1
0,4,30,0,N,nb27,325,-1.317,-0.798,1,1
0,4,30,0,N,nb28,325,-1.395,-0.574,3,1
0,4,30,0,N,nb29,325,0.111,1.866,1,1
0,4,30,0,N,nb0,330,-1.69,-0.671,1,1
0,4,30,0,N,nb1,330,0.341,1.866,2,0
0,4,30,0,N,nb2,330,1.415,0.086,2,1
0,4,30,0,N,nb3,330,-1.185,-0.464,1,1
0,4,30,0,N,nb4,330,-0.686,-1.11,2,1
0,4,30,0,N,nb5,330,0.475,-0.089,1,1
0,4,30,0,N,nb6,330,0.285,-0.515,1,1
0,4,30,0,N,nb7,330,1.56,0.454,1,0
0,4,30,0,N,nb8,330,0.235,-0.699,1,1
0,4,30,0,N,nb9,330,0.148,-0.984,1,1
0,4,30,0,N,nb10,330,0.032,-1.164,2,1
0,4,30,0,N,nb11,330,1.471,-0.293,1,1
0,4,30,0,N,nb12,330,0.752,1.088,1,1
0,4,30,0,N,nb13,330,1.299,-0.13,2,1
0,4,30,0,N,nb14,330,-0.6,-0.886,3,1
0,4,30,0,N,nb15,330,1.638,0.057,2,1
0,4,30,0,N,nb16,330,1.73,0.274,2,1
0,4,30,0,N,nb17,330,-0.835,-0.949,2,1
0,4,30,0,N,nb18,330,-1.717,-0.24,1,1
0,4,30,0,N,nb19,330,0.985,1.128,1,1
0,4,30,0,N,nb20,330,-0.048,-1.392,1,1
0,4,30,0,N,nb21,330,0.905,0.033,1,1
0,4,30,0,N,nb22,330,0.542,1.46,1,1
0,4,30,0,N,nb23,330,0.518,1.705,2,1
0,4,30,0,N,nb24,330,-0.386,-0.775,1,1
0,4,30,0,N,nb25,330,-1.605,-0.449,3,1
0,4,30,0,N,nb26,330,0.68,0.037,2,1
0,4,30,0,N,nb27,330,-1.317,-0.798,1,1
0,4,30,0,N,nb28,330,-1.395,-0.574,3,1
0,4,30,0,N,nb29,330,0.111,1.866,1,1
0,4,30,0,N,nb0,335,-1.69,-0.671,1,1
0,4,30,0,N,nb1,335,0.341,1.866,2,1
0,4,30,0,N,nb2,335,1.415,0.086,2,1
0,4,30,0,N,nb3,335,-1.185,-0.464,1,1
0,4,30,0,N,nb4,335,-0.686,-1.11,2,1
0,4,30,0,N,nb5,335,0.475,-0.089,1,1
0,4,30,0,N,nb6,335,0.285,-0.515,1,1
0,4,30,0,N,nb7,335,1.56,0.454,1,1
0,4,30,0,N,nb8,335,0.235,-0.699,1,1
0,4,30,0,N,nb9,335,0.148,-0.984,1,1
0,4,30,0,N,nb10,335,0.032,-1.164,2,1
0,4,30,0,N,nb11,335,1.471,-0.293,1,1
0,4,30,0,N,nb12,335,0.752,1.088,1,1
0,4,30,0,N,nb13,335,1.299,-0.13,2,1
0,4,30,0,N,nb14,335,-0.6,-0.886,3,1
0,4,30,0,N,nb15,335,1.638,0.057,2,1
0,4,30,0,N,nb16,335,1.73,0.274,2,1
0,4,30,0,N,nb17,335,-0.835,-0.949,2,1
0,4,30,0,N,nb18,335,-1.717,-0.24,1,1
0,4,30,0,N,nb19,335,0.985,1.128,1,1
0,4,30,0,N,nb20,335,-0.048,-1.392,1,1
0,4,30,0,N,nb21,335,0.905,0.033,1,1
0,4,30,0,N,nb22,335,0.542,1.46,1,1
0,4,30,0,N,nb23,335,0.518,1.705,2,1
0,4,30,0,N,nb24,335,-0.386,-0.775,1,1
0,4,30,0,N,nb25,335,-1.605,-0.449,3,1
0,4,30,0,N,nb26,335,0.68,0.037,2,1
0,4,30,0,N,nb27,335,-1.317,-0.798,1,1
0,4,30,0,N,nb28,335,-1.395,-0.574,3,1
0,4,30,0,N,nb29,335,0.111,1.866,1,1
0,4,30,0,N,nb0,340,-1.69,-0.671,1,1
0,4,30,0,N,nb1,340,0.341,1.866,2,1
0,4,30,0,N,nb2,340,1.415,0.086,2,1
0,4,30,0,N,nb3,340,-1.185,-0.464,1,1
0,4,30,0,N,nb4,340,-0.686,-1.11,2,1
0,4,30,0,N,nb5,340,0.475,-0.089,1,1
0,4,30,0,N,nb6,340,0.285,-0.515,1,1
0,4,30,0,N,nb7,340,1.56,0.454,1,1
0,4,30,0,N,nb8,340,0.235,-0.699,1,1
0,4,30,0,N,nb9,340,0.148,-0.984,1,1
0,4,30,0,N,nb10,340,0.032,-1.164,2,1
0,4,30,0,N,nb11,340,1.471,-0.293,1,1
0,4,30,0,N,nb12,340,0.752,1.088,1,1
0,4,30,0,N,nb13,340,1.299,-0.13,2,1
0,4,30,0,N,nb14,340,-0.6,-0.886,3,1
0,4,30,0,N,nb15,340,1.638,0.057,2,1
0,4,30,0,N,nb16,340,1.73,0.274,2,1
0,4,30,0,N,nb17,340,-0.835,-0.949,2,1
0,4,30,0,N,nb18,340,-1.717,-0.24,1,1
0,4,30,0,N,nb19,340,0.985,1.128,1,1
0,4,30,0,N,nb20,340,-0.048,-1.392,1,1
0,4,30,0,N,nb21,340,0.905,0.033,1,1
0,4,30,0,N,nb22,340,0.542,1.46,1,1
0,4,30,0,N,nb23,340,0.518,1.705,2,1
0,4,30,0,N,nb24,340,-0.386,-0.775,1,1
0,4,30,0,N,nb25,340,-1.605,-0.449,3,1
0,4,30,0,N,nb26,340,0.68,0.037,2,1
0,4,30,0,N,nb27,340,-1.317,-0.798,1,1
0,4,30,0,N,nb28,340,-1.395,-0.574,3,1
0,4,30,0,N,nb29,340,0.111,1.866,1,1
0,4,30,0,N,nb0,345,-1.69,-0.671,1,1
0,4,30,0,N,nb1,345,0.341,1.866,2,1
0,4,30,0,N,nb2,345,1.415,0.086,2,0
0,4,30,0,N,nb3,345,-1.185,-0.464,1,1
0,4,30,0,N,nb4,345,-0.686,-1.11,2,1
0,4,30,0,N,nb5,345,0.475,-0.089,1,1
0,4,30,0,N,nb6,345,0.285,-0.515,1,1
0,4,30,0,N,nb7,345,1.56,0.454,1,1
0,4,30,0,N,nb8,345,0.235,-0.699,1,1
0,4,30,0,N,nb9,345,0.148,-0.984,1,1
0,4,30,0,N,nb10,345,0.032,-1.164,2,1
0,4,30,0,N,nb11,345,1.471,-0.293,1,1
0,4,30,0,N,nb12,345,0.752,1.088,1,1
0,4,30,0,N,nb13,345,1.299,-0.13,2,1
0,4,30,0,N,nb14,345,-0.6,-0.886,3,1
0,4,30,0,N,nb15,345,1.638,0.057,2,0
0,4,30,0,N,nb16,345,1.73,0.274,2,1
0,4,30,0,N,nb17,345,-0.835,-0.949,2,1
0,4,30,0,N,nb18,345,-1.717,-0.24,1,1
0,4,30,0,N,nb19,345,0.985,1.128,1,1
0,4,30,0,N,nb20,345,-0.048,-1.392,1,1
0,4,30,0,N,nb21,345,0.905,0.033,1,1
0,4,30,0,N,nb22,345,0.542,1.46,1,1
0,4,30,0,N,nb23,345,0.518,1.705,2,1
0,4,30,0,N,nb24,345,-0.386,-0.775,1,1
0,4,30,0,N,nb25,345,-1.605,-0.449,3,1
0,4,30,0,N,nb26,345,0.68,0.037,2,1
0,4,30,0,N,nb27,345,-1.317,-0.798,1,1
0,4,30,0,N,nb28,345,-1.395,-0.574,3,1
0,4,30,0,N,nb29,345,0.111,1.866,1,1
0,4,30,0,N,nb0,350,-1.69,-0.671,1,1
0,4,30,0,N,nb1,350,0.341,1.866,2,1
0,4,30,0,N,nb2,350,1.415,0.086,2,1
0,4,30,0,N,nb3,350,-1.185,-0.464,1,1
0,4,30,0,N,nb4,350,-0.686,-1.11,2,1
0,4,30,0,N,nb5,350,0.475,-0.089,1,1
0,4,30,0,N,nb6,350,0.285,-0.515,1,1
0,4,30,0,N,nb7,350,1.56,0.454,1,1
0,4,30,0,N,nb8,350,0.235,-0.699,1,1
0,4,30,0,N,nb9,350,0.148,-0.984,1,1
0,4,30,0,N,nb10,350,0.032,-1.164,2,1
0,4,30,0,N,nb11,350,1.471,-0.293,1,1
0,4,30,0,N,nb12,350,0.752,1.088,1,1
0,4,30,0,N,nb13,350,1.299,-0.13,2,1
0,4,30,0,N,nb14,350,-0.6,-0.886,3,1
0,4,30,0,N,nb15,350,1.638,0.057,2,1
0,4,30,0,N,nb16,350,1.73,0.274,2,1
0,4,30,0,N,nb17,350,-0.835,-0.949,2,1
0,4,30,0,N,nb18,350,-1.717,-0.24,1,1
0,4,30,0,N,nb19,350,0.985,1.128,1,1
0,4,30,0,N,nb20,350,-0.048,-1.392,1,1
0,4,30,0,N,nb21,350,0.905,0.033,1,1
0,4,30,0,N,nb22,350,0.542,1.46,1,1
0,4,30,0,N,nb23,350,0.518,1.705,2,1
0,4,30,0,N,nb24,350,-0.386,-0.775,1,1
0,4,30,0,N,nb25,350,-1.605,-0.449,3,1
0,4,30,0,N,nb26,350,0.68,0.037,2,1
0,4,30,0,N,nb27,350,-1.317,-0.798,1,1
0,4,30,0,N,nb28,350,-1.395,-0.574,3,1
0,4,30,0,N,nb29,350,0.111,1.866,1,1
0,4,30,0,N,nb0,355,-1.69,-0.671,1,1
0,4,30,0,N,nb1,355,0.341,1.866,2,1
0,4,30,0,N,nb2,355,1.415,0.086,2,1
0,4,30,0,N,nb3,355,-1.185,-0.464,1,1
0,4,30,0,N,nb4,355,-0.686,-1.11,2,1
0,4,30,0,N,nb5,355,0.475,-0.089,1,1
0,4,30,0,N,nb6,355,0.285,-0.515,1,1
0,4,30,0,N,nb7,355,1.56,0.454,1,1
0,4,30,0,N,nb8,355,0.235,-0.699,1,1
0,4,30,0,N,nb9,355,0.148,-0.984,1,1
0,4,30,0,N,nb10,355,0.032,-1.164,2,1
0,4,30,0,N,nb11,355,1.471,-0.293,1,1
0,4,30,0,N,nb12,355,0.752,1.088,1,1
0,4,30,0,N,nb13,355,1.299,-0.13,2,1
0,4,30,0,N,nb14,355,-0.6,-0.886,3,1
0,4,30,0,N,nb15,355,1.638,0.057,2,1
0,4,30,0,N,nb16,355,1.73,0.274,2,1
0,4,30,0,N,nb17,355,-0.835,-0.949,2,1
0,4,30,0,N,nb18,355,-1.717,-0.24,1,1
0,4,30,0,N,nb19,355,0.985,1.128,1,1
0,4,30,0,N,nb20,355,-0.048,-1.392,1,1
0,4,30,0,N,nb21,355,0.905,0.033,1,1
0,4,30,0,N,nb22,355,0.542,1.46,1,1
0,4,30,0,N,nb23,355,0.518,1.705,2,1
0,4,30,0,N,nb24,355,-0.386,-0.775,1,1
0,4,30,0,N,nb25,355,-1.605,-0.449,3,1
0,4,30,0,N,nb26,355,0.68,0.037,2,1
0,4,30,0,N,nb27,355,-1.317,-0.798,1,1
0,4,30,0,N,nb28,355,-1.395,-0.574,3,1
0,4,30,0,N,nb29,355,0.111,1.866,1,1
0,4,30,0,N,nb0,360,-1.69,-0.671,1,1
0,4,30,0,N,nb1,360,0.341,1.866,2,1
0,4,30,0,N,nb2,360,1.415,0.086,2,1
0,4,30,0,N,nb3,360,-1.185,-0.464,1,1
0,4,30,0,N,nb4,360,-0.686,-1.11,2,1
0,4,30,0,N,nb5,360,0.475,-0.089,1,1
0,4,30,0,N,nb6,360,0.285,-0.515,1,1
0,4,30,0,N,nb7,360,1.56,0.454,1,1
0,4,30,0,N,nb8,360,0.235,-0.699,1,1
0,4,30,0,N,nb9,360,0.148,-0.984,1,1
0,4,30,0,N,nb10,360,0.032,-1.164,2,1
0,4,30,0,N,nb11,360,1.471,-0.293,1,1
0,4,30,0,N,nb12,360,0.752,1.088,1,1
0,4,30,0,N,nb13,360,1.299,-0.13,2,1
0,4,30,0,N,nb14,360,-0.6,-0.886,3,1
0,4,30,0,N,nb15,360,1.638,0.057,2,1
0,4,30,0,N,nb16,360,1.73,0.274,2,1
0,4,30,0,N,nb17,360,-0.835,-0.949,2,1
0,4,30,0,N,nb18,360,-1.717,-0.24,1,1
0,4,30,0,N,nb19,360,0.985,1.128,1,1
0,4,30,0,N,nb20,360,-0.048,-1.392,1,1
0,4,30,0,N,nb21,360,0.905,0.033,1,1
0,4,30,0,N,nb22,360,0.542,1.46,1,1
0,4,30,0,N,nb23,360,0.518,1.705,2,1
0,4,30,0,N,nb24,360,-0.386,-0.775,1,1
0,4,30,0,N,nb25,360,-1.605,-0.449,3,1
0,4,30,0,N,nb26,360,0.68,0.037,2,1
0,4,30,0,N,nb27,360,-1.317,-0.798,1,1
0,4,30,0,N,nb28,360,-1.395,-0.574,3,1
0,4,30,0,N,nb29,360,0.111,1.866,1,1
0,4,30,0,N,nb0,365,-1.69,-0.671,1,1
0,4,30,0,N,nb1,365,0.341,1.866,2,1
0,4,30,0,N,nb2,365,1.415,0.086,2,1
0,4,30,0,N,nb3,365,-1.185,-0.464,1,1
0,4,30,0,N,nb4,365,-0.686,-1.11,2,1
0,4,30,0,N,nb5,365,0.475,-0.089,1,1
0,4,30,0,N,nb6,365,0.285,-0.515,1,1
0,4,30,0,N,nb7,365,1.56,0.454,1,1
0,4,30,0,N,nb8,365,0.235,-0.699,1,1
0,4,30,0,N,nb9,365,0.148,-0.984,1,1
0,4,30,0,N,nb10,365,0.032,-1.164,2,1
0,4,30,0,N,nb11,365,1.471,-0.293,1,1
0,4,30,0,N,nb12,365,0.752,1.088,1,1
0,4,30,0,N,nb13,365,1.299,-0.13,2,1
0,4,30,0,N,nb14,365,-0.6,-0.886,3,1
0,4,30,0,N,nb15,365,1.638,0.057,2,1
0,4,30,0,N,nb16,365,1.73,0.274,2,1
0,4,30,0,N,nb17,365,-0.835,-0.949,2,1
0,4,30,0,N,nb18,365,-1.717,-0.24,1,1
0,4,30,0,N,nb19,365,0.985,1.128,1,1
0,4,30,0,N,nb20,365,-0.048,-1.392,1,1
0,4,30,0,N,nb21,365,0.905,0.033,1,1
0,4,30,0,N,nb22,365,0.542,1.46,1,1
0,4,30,0,N,nb23,365,0.518,1.705,2,1
0,4,30,0,N,nb24,365,-0.386,-0.775,1,1
0,4,30,0,N,nb25,365,-1.605,-0.449,3,1
0,4,30,0,N,nb26,365,0.68,0.037,2,1
0,4,30,0,N,nb27,365,-1.317,-0.798,1,1
0,4,30,0,N,nb28,365,-1.395,-0.574,3,1
0,4,30,0,N,nb29,365,0.111,1.866,1,1
0,4,30,0,N,nb0,370,-1.69,-0.671,1,1
0,4,30,0,N,nb1,370,0.341,1.866,2,1
0,4,30,0,N,nb2,370,1.415,0.086,2,1
0,4,30,0,N,nb3,370,-1.185,-0.464,1,1
0,4,30,0,N,nb4,370,-0.686,-1.11,2,1
0,4,30,0,N,nb5,370,0.475,-0.089,1,1
0,4,30,0,N,nb6,370,0.285,-0.515,1,1
0,4,30,0,N,nb7,370,1.56,0.454,1,1
0,4,30,0,N,nb8,370,0.235,-0.699,1,1
0,4,30,0,N,nb9,370,0.148,-0.984,1,1
0,4,30,0,N,nb10,370,0.032,-1.164,2,1
0,4,30,0,N,nb11,370,1.471,-0.293,1,1
0,4,30,0,N,nb12,370,0.752,1.088,1,1
0,4,30,0,N,nb13,370,1.299,-0.13,2,1
0,4,30,0,N,nb14,370,-0.6,-0.886,3,1
0,4,30,0,N,nb15,370,1.638,0.057,2,1
0,4,30,0,N,nb16,370,1.73,0.274,2,1
0,4,30,0,N,nb17,370,-0.835,-0.949,2,1
0,4,30,0,N,nb18,370,-1.717,-0.24,1,1
0,4,30,0,N,nb19,370,0.985,1.128,1,1
0,4,30,0,N,nb20,370,-0.048,-1.392,1,1
0,4,30,0,N,nb21,370,0.905,0.033,1,1
0,4,30,0,N,nb22,370,0.542,1.46,1,1
0,4,30,0,N,nb23,370,0.518,1.705,2,1
0,4,30,0,N,nb24,370,-0.386,-0.775,1,1
0,4,30,0,N,nb25,370,-1.605,-0.449,3,0
0,4,30,0,N,nb26,370,0.68,0.037,2,1
0,4,30,0,N,nb27,370,-1.317,-0.798,1,1
0,4,30,0,N,nb28,370,-1.395,-0.574,3,1
0,4,30,0,N,nb29,370,0.111,1.866,1,1
0,4,30,0,N,nb0,375,-1.69,-0.671,1,1
0,4,30,0,N,nb1,375,0.341,1.866,2,1
0,4,30,0,N,nb2,375,1.415,0.086,2,1
0,4,30,0,N,nb3,375,-1.185,-0.464,1,1
0,4,30,0,N,nb4,375,-0.686,-1.11,2,1
0,4,30,0,N,nb5,375,0.475,-0.089,1,1
0,4,30,0,N,nb6,375,0.285,-0.515,1,1
0,4,30,0,N,nb7,375,1.56,0.454,1,1
0,4,30,0,N,nb8,375,0.235,-0.699,1,1
0,4,30,0,N,nb9,375,0.148,-0.984,1,1
0,4,30,0,N,nb10,375,0.032,-1.164,2,1
0,4,30,0,N,nb11,375,1.471,-0.293,1,1
0,4,30,0,N,nb12,375,0.752,1.088,1,1
0,4,30,0,N,nb13,375,1.299,-0.13,2,1
0,4,30,0,N,nb14,375,-0.6,-0.886,3,1
0,4,30,0,N,nb15,375,1.638,0.057,2,1
0,4,30,0,N,nb16,375,1.73,0.274,2,1
0,4,30,0,N,nb17,375,-0.835,-0.949,2,1
0,4,30,0,N,nb18,375,-1.717,-0.24,1,1
0,4,30,0,N,nb19,375,0.985,1.128,1,1
0,4,30,0,N,nb20,375,-0.048,-1.392,1,1
0,4,30,0,N,nb21,375,0.905,0.033,1,1
0,4,30,0,N,nb22,375,0.542,1.46,1,1
0,4,30,0,N,nb23,375,0.518,1.705,2,1
0,4,30,0,N,nb24,375,-0.386,-0.775,1,1
0,4,30,0,N,nb25,375,-1.605,-0.449,3,1
0,4,30,0,N,nb26,375,0.68,0.037,2,1
0,4,30,0,N,nb27,375,-1.317,-0.798,1,1
0,4,30,0,N,nb28,375,-1.395,-0.574,3,1
0,4,30,0,N,nb29,375,0.111,1.866,1,1
0,4,30,0,N,nb0,380,-1.69,-0.671,1,1
0,4,30,0,N,nb1,380,0.341,1.866,2,1
0,4,30,0,N,nb2,380,1.415,0.086,2,1
0,4,30,0,N,nb3,380,-1.185,-0.464,1,1
0,4,30,0,N,nb4,380,-0.686,-1.11,2,1
0,4,30,0,N,nb5,380,0.475,-0.089,1,1
0,4,30,0,N,nb6,380,0.285,-0.515,1,1
0,4,30,0,N,nb7,380,1.56,0.454,1,1
0,4,30,0,N,nb8,380,0.235,-0.699,1,1
0,4,30,0,N,nb9,380,0.148,-0.984,1,1
0,4,30,0,N,nb10,380,0.032,-1.164,2,1
0,4,30,0,N,nb11,380,1.471,-0.293,1,1
0,4,30,0,N,nb12,380,0.752,1.088,1,1
0,4,30,0,N,nb13,380,1.299,-0.13,2,1
0,4,30,0,N,nb14,380,-0.6,-0.886,3,1
0,4,30,0,N,nb15,380,1.638,0.057,2,1
0,4,30,0,N,nb16,380,1.73,0.274,2,1
0,4,30,0,N,nb17,380,-0.835,-0.949,2,1
0,4,30,0,N,nb18,380,-1.717,-0.24,1,1
0,4,30,0,N,nb19,380,0.985,1.128,1,1
0,4,30,0,N,nb20,380,-0.048,-1.392,1,1
0,4,30,0,N,nb21,380,0.905,0.033,1,1
0,4,30,0,N,nb22,380,0.542,1.46,1,1
0,4,30,0,N,nb23,380,0.518,1.705,2,1
0,4,30,0,N,nb24,380,-0.386,-0.775,1,1
0,4,30,0,N,nb25,380,-1.605,-0.449,3,1
0,4,30,0,N,nb26,380,0.68,0.037,2,1
0,4,30,0,N,nb27,380,-1.317,-0.798,1,1
0,4,30,0,N,nb28,380,-1.395,-0.574,3,1
0,4,30,0,N,nb29,380,0.111,1.866,1,1
0,4,30,0,N,nb0,385,-1.69,-0.671,1,1
0,4,30,0,N,nb1,385,0.341,1.866,2,1
0,4,30,0,N,nb2,385,1.415,0.086,2,1
0,4,30,0,N,nb3,385,-1.185,-0.464,1,1
0,4,30,0,N,nb4,385,-0.686,-1.11,2,1
0,4,30,0,N,nb5,385,0.475,-0.089,1,1
0,4,30,0,N,nb6,385,0.285,-0.515,1,1
0,4,30,0,N,nb7,385,1.56,0.454,1,1
0,4,30,0,N,nb8,385,0.235,-0.699,1,1
0,4,30,0,N,nb9,385,0.148,-0.984,1,1
0,4,30,0,N,nb10,385,0.032,-1.164,2,1
0,4,30,0,N,nb11,385,1.471,-0.293,1,1
0,4,30,0,N,nb12,385,0.752,1.088,1,1
0,4,30,0,N,nb13,385,1.299,-0.13,2,1
0,4,30,0,N,nb14,385,-0.6,-0.886,3,1
0,4,30,0,N,nb15,385,1.638,0.057,2,1
0,4,30,0,N,nb16,385,1.73,0.274,2,1
0,4,30,0,N,nb17,385,-0.835,-0.949,2,1
0,4,30,0,N,nb18,385,-1.717,-0.24,1,0
0,4,30,0,N,nb19,385,0.985,1.128,1,1
0,4,30,0,N,nb20,385,-0.048,-1.392,1,1
0,4,30,0,N,nb21,385,0.905,0.033,1,1
0,4,30,0,N,nb22,385,0.542,1.46,1,1
0,4,30,0,N,nb23,385,0.518,1.705,2,1
0,4,30,0,N,nb24,385,-0.386,-0.775,1,0
0,4,30,0,N,nb25,385,-1.605,-0.449,3,1
0,4,30,0,N,nb26,385,0.68,0.037,2,1
0,4,30,0,N,nb27,385,-1.317,-0.798,1,1
0,4,30,0,N,nb28,385,-1.395,-0.574,3,1
0,4,30,0,N,nb29,385,0.111,1.866,1,1
0,4,30,0,N,nb0,390,-1.69,-0.671,1,1
0,4,30,0,N,nb1,390,0.341,1.866,2,1
0,4,30,0,N,nb2,390,1.415,0.086,2,1
0,4,30,0,N,nb3,390,-1.185,-0.464,1,1
0,4,30,0,N,nb4,390,-0.686,-1.11,2,1
0,4,30,0,N,nb5,390,0.475,-0.089,1,1
0,4,30,0,N,nb6,390,0.285,-0.515,1,1
0,4,30,0,N,nb7,390,1.56,0.454,1,1
0,4,30,0,N,nb8,390,0.235,-0.699,1,1
0,4,30,0,N,nb9,390,0.148,-0.984,1,1
0,4,30,0,N,nb10,390,0.032,-1.164,2,1
0,4,30,0,N,nb11,390,1.471,-0.293,1,1
0,4,30,0,N,nb12,390,0.752,1.088,1,0
0,4,30,0,N,nb13,390,1.299,-0.13,2,1
0,4,30,0,N,nb14,390,-0.6,-0.886,3,1
0,4,30,0,N,nb15,390,1.638,0.057,2,1
0,4,30,0,N,nb16,390,1.73,0.274,2,1
0,4,30,0,N,nb17,390,-0.835,-0.949,2,1
0,4,30,0,N,nb18,390,-1.717,-0.24,1,1
0,4,30,0,N,nb19,390,0.985,1.128,1,0
0,4,30,0,N,nb20,390,-0.048,-1.392,1,1
0,4,30,0,N,nb21,390,0.905,0.033,1,1
0,4,30,0,N,nb22,390,0.542,1.46,1,1
0,4,30,0,N,nb23,390,0.518,1.705,2,1
0,4,30,0,N,nb24,390,-0.386,-0.775,1,1
0,4,30,0,N,nb25,390,-1.605,-0.449,3,1
0,4,30,0,N,nb26,390,0.68,0.037,2,1
0,4,30,0,N,nb27,390,-1.317,-0.798,1,1
0,4,30,0,N,nb28,390,-1.395,-0.574,3,1
0,4,30,0,N,nb29,390,0.111,1.866,1,1
0,4,30,0,N,nb0,395,-1.69,-0.671,1,1
0,4,30,0,N,nb1,395,0.341,1.866,2,1
0,4,30,0,N,nb2,395,1.415,0.086,2,1
0,4,30,0,N,nb3,395,-1.185,-0.464,1,1
0,4,30,0,N,nb4,395,-0.686,-1.11,2,1
0,4,30,0,N,nb5,395,0.475,-0.089,1,1
0,4,30,0,N,nb6,395,0.285,-0.515,1,1
0,4,30,0,N,nb7,395,1.56,0.454,1,1
0,4,30,0,N,nb8,395,0.235,-0.699,1,1
0,4,30,0,N,nb9,395,0.148,-0.984,1,1
0,4,30,0,N,nb10,395,0.032,-1.164,2,1
0,4,30,0,N,nb11,395,1.471,-0.293,1,1
0,4,30,0,N,nb12,395,0.752,1.088,1,1
0,4,30,0,N,nb13,395,1.299,-0.13,2,1
0,4,30,0,N,nb14,395,-0.6,-0.886,3,1
0,4,30,0,N,nb15,395,1.638,0.057,2,1
0,4,30,0,N,nb16,395,1.73,0.274,2,1
0,4,30,0,N,nb17,395,-0.835,-0.949,2,1
0,4,30,0,N,nb18,395,-1.717,-0.24,1,1
0,4,30,0,N,nb19,395,0.985,1.128,1,1
0,4,30,0,N,nb20,395,-0.048,-1.392,1,1
0,4,30,0,N,nb21,395,0.905,0.033,1,1
0,4,30,0,N,nb22,395,0.542,1.46,1,1
0,4,30,0,N,nb23,395,0.518,1.705,2,1
0,4,30,0,N,nb24,395,-0.386,-0.775,1,1
0,4,30,0,N,nb25,395,-1.605,-0.449,3,1
0,4,30,0,N,nb26,395,0.68,0.037,2,1
0,4,30,0,N,nb27,395,-1.317,-0.798,1,1
0,4,30,0,N,nb28,395,-1.395,-0.574,3,1
0,4,30,0,N,nb29,395,0.111,1.866,1,1
0,4,30,0,N,nb0,400,-1.69,-0.671,1,1
0,4,30,0,N,nb1,400,0.341,1.866,2,1
0,4,30,0,N,nb2,400,1.415,0.086,2,1
0,4,30,0,N,nb3,400,-1.185,-0.464,1,1
0,4,30,0,N,nb4,400,-0.686,-1.11,2,1
0,4,30,0,N,nb5,400,0.475,-0.089,1,1
0,4,30,0,N,nb6,400,0.285,-0.515,1,1
0,4,30,0,N,nb7,400,1.56,0.454,1,1
0,4,30,0,N,nb8,400,0.235,-0.699,1,1
0,4,30,0,N,nb9,400,0.148,-0.984,1,1
0,4,30,0,N,nb10,400,0.032,-1.164,2,1
0,4,30,0,N,nb11,400,1.471,-0.293,1,1
0,4,30,0,N,nb12,400,0.752,1.088,1,1
0,4,30,0,N,nb13,400,1.299,-0.13,2,1
0,4,30,0,N,nb14,400,-0.6,-0.886,3,1
0,4,30,0,N,nb15,400,1.638,0.057,2,1
0,4,30,0,N,nb16,400,1.73,0.274,2,1
0,4,30,0,N,nb17,400,-0.835,-0.949,2,1
0,4,30,0,N,nb18,400,-1.717,-0.24,1,1
0,4,30,0,N,nb19,400,0.985,1.128,1,1
0,4,30,0,N,nb20,400,-0.048,-1.392,1,1
0,4,30,0,N,nb21,400,0.905,0.033,1,1
0,4,30,0,N,nb22,400,0.542,1.46,1,1
0,4,30,0,N,nb23,400,0.518,1.705,2,1
0,4,30,0,N,nb24,400,-0.386,-0.775,1,1
0,4,30,0,N,nb25,400,-1.605,-0.449,3,1
0,4,30,0,N,nb26,400,0.68,0.037,2,1
0,4,30,0,N,nb27,400,-1.317,-0.798,1,1
0,4,30,0,N,nb28,400,-1.395,-0.574,3,1
0,4,30,0,N,nb29,400,0.111,1.866,1,1
0,4,30,0,N,nb0,405,-1.69,-0.671,1,1
0,4,30,0,N,nb1,405,0.341,1.866,2,1
0,4,30,0,N,nb2,405,1.415,0.086,2,1
0,4,30,0,N,nb3,405,-1.185,-0.464,1,1
0,4,30,0,N,nb4,405,-0.686,-1.11,2,1
0,4,30,0,N,nb5,405,0.475,-0.089,1,1
0,4,30,0,N,nb6,405,0.285,-0.515,1,1
0,4,30,0,N,nb7,405,1.56,0.454,1,1
0,4,30,0,N,nb8,405,0.235,-0.699,1,1
0,4,30,0,N,nb9,405,0.148,-0.984,1,1
0,4,30,0,N,nb10,405,0.032,-1.164,2,1
0,4,30,0,N,nb11,405,1.471,-0.293,1,1
0,4,30,0,N,nb12,405,0.752,1.088,1,1
0,4,30,0,N,nb13,405,1.299,-0.13,2,1
0,4,30,0,N,nb14,405,-0.6,-0.886,3,0
0,4,30,0,N,nb15,405,1.638,0.057,2,1
0,4,30,0,N,nb16,405,1.73,0.274,2,1
0,4,30,0,N,nb17,405,-0.835,-0.949,2,1
0,4,30,0,N,nb18,405,-1.717,-0.24,1,1
0,4,30,0,N,nb19,405,0.985,1.128,1,1
0,4,30,0,N,nb20,405,-0.048,-1.392,1,1
0,4,30,0,N,nb21,405,0.905,0.033,1,1
0,4,30,0,N,nb22,405,0.542,1.46,1,1
0,4,30,0,N,nb23,405,0.518,1.705,2,1
0,4,30,0,N,nb24,405,-0.386,-0.775,1,1
0,4,30,0,N,nb25,405,-1.605,-0.449,3,1
0,4,30,0,N,nb26,405,0.68,0.037,2,1
0,4,30,0,N,nb27,405,-1.317,-0.798,1,1
0,4,30,0,N,nb28,405,-1.395,-0.574,3,1
0,4,30,0,N,nb29,405,0.111,1.866,1,1
0,4,30,0,N,nb0,410,-1.69,-0.671,1,1
0,4,30,0,N,nb1,410,0.341,1.866,2,1
0,4,30,0,N,nb2,410,1.415,0.086,2,1
0,4,30,0,N,nb3,410,-1.185,-0.464,1,1
0,4,30,0,N,nb4,410,-0.686,-1.11,2,1
0,4,30,0,N,nb5,410,0.475,-0.089,1,1
0,4,30,0,N,nb6,410,0.285,-0.515,1,1
0,4,30,0,N,nb7,410,1.56,0.454,1,1
0,4,30,0,N,nb8,410,0.235,-0.699,1,1
0,4,30,0,N,nb9,410,0.148,-0.984,1,1
0,4,30,0,N,nb10,410,0.032,-1.164,2,1
0,4,30,0,N,nb11,410,1.471,-0.293,1,1
0,4,30,0,N,nb12,410,0.752,1.088,1,1
0,4,30,0,N,nb13,410,1.299,-0.13,2,1
0,4,30,0,N,nb14,410,-0.6,-0.886,3,1
0,4,30,0,N,nb15,410,1.638,0.057,2,1
0,4,30,0,N,nb16,410,1.73,0.274,2,1
0,4,30,0,N,nb17,410,-0.835,-0.949,2,1
0,4,30,0,N,nb18,410,-1.717,-0.24,1,1
0,4,30,0,N,nb19,410,0.985,1.128,1,1
0,4,30,0,N,nb20,410,-0.048,-1.392,1,1
0,4,30,0,N,nb21,410,0.905,0.033,1,1
0,4,30,0,N,nb22,410,0.542,1.46,1,1
0,4,30,0,N,nb23,410,0.518,1.705,2,1
0,4,30,0,N,nb24,410,-0.386,-0.775,1,1
0,4,30,0,N,nb25,410,-1.605,-0.449,3,1
0,4,30,0,N,nb26,410,0.68,0.037,2,1
0,4,30,0,N,nb27,410,-1.317,-0.798,1,1
0,4,30,0,N,nb28,410,-1.395,-0.574,3,1
0,4,30,0,N,nb29,410,0.111,1.866,1,1
0,4,30,0,N,nb0,415,-1.69,-0.671,1,1
0,4,30,0,N,nb1,415,0.341,1.866,2,1
0,4,30,0,N,nb2,415,1.415,0.086,2,1
0,4,30,0,N,nb3,415,-1.185,-0.464,1,1
0,4,30,0,N,nb4,415,-0.686,-1.11,2,1
0,4,30,0,N,nb5,415,0.475,-0.089,1,1
0,4,30,0,N,nb6,415,0.285,-0.515,1,1
0,4,30,0,N,nb7,415,1.56,0.454,1,1
0,4,30,0,N,nb8,415,0.235,-0.699,1,1
0,4,30,0,N,nb9,415,0.148,-0.984,1,1
0,4,30,0,N,nb10,415,0.032,-1.164,2,1
0,4,30,0,N,nb11,415,1.471,-0.293,1,1
0,4,30,0,N,nb12,415,0.752,1.088,1,1
0,4,30,0,N,nb13,415,1.299,-0.13,2,1
0,4,30,0,N,nb14,415,-0.6,-0.886,3,1
0,4,30,0,N,nb15,415,1.638,0.057,2,1
0,4,30,0,N,nb16,415,1.73,0.274,2,0
0,4,30,0,N,nb17,415,-0.835,-0.949,2,1
0,4,30,0,N,nb18,415,-1.717,-0.24,1,1
0,4,30,0,N,nb19,415,0.985,1.128,1,1
0,4,30,0,N,nb20,415,-0.048,-1.392,1,1
0,4,30,0,N,nb21,415,0.905,0.033,1,0
0,4,30,0,N,nb22,415,0.542,1.46,1,1
0,4,30,0,N,nb23,415,0.518,1.705,2,1
0,4,30,0,N,nb24,415,-0.386,-0.775,1,1
0,4,30,0,N,nb25,415,-1.605,-0.449,3,1
0,4,30,0,N,nb26,415,0.68,0.037,2,0
0,4,30,0,N,nb27,415,-1.317,-0.798,1,1
0,4,30,0,N,nb28,415,-1.395,-0.574,3,1
0,4,30,0,N,nb29,415,0.111,1.866,1,1
0,4,30,0,N,nb0,420,-1.69,-0.671,1,1
0,4,30,0,N,nb1,420,0.341,1.866,2,1
0,4,30,0,N,nb2,420,1.415,0.086,2,1
0,4,30,0,N,nb3,420,-1.185,-0.464,1,1
0,4,30,0,N,nb4,420,-0.686,-1.11,2,1
0,4,30,0,N,nb5,420,0.475,-0.089,1,1
0,4,30,0,N,nb6,420,0.285,-0.515,1,1
0,4,30,0,N,nb7,420,1.56,0.454,1,1
0,4,30,0,N,nb8,420,0.235,-0.699,1,1
0,4,30,0,N,nb9,420,0.148,-0.984,1,1
0,4,30,0,N,nb10,420,0.032,-1.164,2,1
0,4,30,0,N,nb11,420,1.471,-0.293,1,1
0,4,30,0,N,nb12,420,0.752,1.088,1,1
0,4,30,0,N,nb13,420,1.299,-0.13,2,1
0,4,30,0,N,nb14,420,-0.6,-0.886,3,1
0,4,30,0,N,nb15,420,1.638,0.057,2,1
0,4,30,0,N,nb16,420,1.73,0.274,2,1
0,4,30,0,N,nb17,420,-0.835,-0.949,2,1
0,4,30,0,N,nb18,420,-1.717,-0.24,1,1
0,4,30,0,N,nb19,420,0.985,1.128,1,1
0,4,30,0,N,nb20,420,-0.048,-1.392,1,1
0,4,30,0,N,nb21,420,0.905,0.033,1,1
0,4,30,0,N,nb22,420,0.542,1.46,1,1
0,4,30,0,N,nb23,420,0.518,1.705,2,1
0,4,30,0,N,nb24,420,-0.386,-0.775,1,1
0,4,30,0,N,nb25,420,-1.605,-0.449,3,1
0,4,30,0,N,nb26,420,0.68,0.037,2,1
0,4,30,0,N,nb27,420,-1.317,-0.798,1,0
0,4,30,0,N,nb28,420,-1.395,-0.574,3,1
0,4,30,0,N,nb29,420,0.111,1.866,1,1
0,4,30,0,N,nb0,425,-1.69,-0.671,1,0
0,4,30,0,N,nb1,425,0.341,1.866,2,1
0,4,30,0,N,nb2,425,1.415,0.086,2,1
0,4,30,0,N,nb3,425,-1.185,-0.464,1,1
0,4,30,0,N,nb4,425,-0.686,-1.11,2,1
0,4,30,0,N,nb5,425,0.475,-0.089,1,1
0,4,30,0,N,nb6,425,0.285,-0.515,1,1
0,4,30,0,N,nb7,425,1.56,0.454,1,1
0,4,30,0,N,nb8,425,0.235,-0.699,1,1
0,4,30,0,N,nb9,425,0.148,-0.984,1,1
0,4,30,0,N,nb10,425,0.032,-1.164,2,1
0,4,30,0,N,nb11,425,1.471,-0.293,1,0
0,4,30,0,N,nb12,425,0.752,1.088,1,1
0,4,30,0,N,nb13,425,1.299,-0.13,2,1
0,4,30,0,N,nb14,425,-0.6,-0.886,3,1
0,4,30,0,N,nb15,425,1.638,0.057,2,1
0,4,30,0,N,nb16,425,1.73,0.274,2,1
0,4,30,0,N,nb17,425,-0.835,-0.949,2,1
0,4,30,0,N,nb18,425,-1.717,-0.24,1,1
0,4,30,0,N,nb19,425,0.985,1.128,1,1
0,4,30,0,N,nb20,425,-0.048,-1.392,1,1
0,4,30,0,N,nb21,425,0.905,0.033,1,1
0,4,30,0,N,nb22,425,0.542,1.46,1,1
0,4,30,0,N,nb23,425,0.518,1.705,2,1
0,4,30,0,N,nb24,425,-0.386,-0.775,1,1
0,4,30,0,N,nb25,425,-1.605,-0.449,3,1
0,4,30,0,N,nb26,425,0.68,0.037,2,1
0,4,30,0,N,nb27,425,-1.317,-0.798,1,1
0,4,30,0,N,nb28,425,-1.395,-0.574,3,1
0,4,30,0,N,nb29,425,0.111,1.866,1,1
0,4,30,0,N,nb0,430,-1.69,-0.671,1,1
0,4,30,0,N,nb1,430,0.341,1.866,2,1
0,4,30,0,N,nb2,430,1.415,0.086,2,1
0,4,30,0,N,nb3,430,-1.185,-0.464,1,1
0,4,30,0,N,nb4,430,-0.686,-1.11,2,1
0,4,30,0,N,nb5,430,0.475,-0.089,1,1
0,4,30,0,N,nb6,430,0.285,-0.515,1,1
0,4,30,0,N,nb7,430,1.56,0.454,1,1
0,4,30,0,N,nb8,430,0.235,-0.699,1,1
0,4,30,0,N,nb9,430,0.148,-0.984,1,1
0,4,30,0,N,nb10,430,0.032,-1.164,2,1
0,4,30,0,N,nb11,430,1.471,-0.293,1,1
0,4,30,0,N,nb12,430,0.752,1.088,1,1
0,4,30,0,N,nb13,430,1.299,-0.13,2,1
0,4,30,0,N,nb14,430,-0.6,-0.886,3,1
0,4,30,0,N,nb15,430,1.638,0.057,2,1
0,4,30,0,N,nb16,430,1.73,0.274,2,1
0,4,30,0,N,nb17,430,-0.835,-0.949,2,1
0,4,30,0,N,nb18,430,-1.717,-0.24,1,1
0,4,30,0,N,nb19,430,0.985,1.128,1,1
0,4,30,0,N,nb20,430,-0.048,-1.392,1,1
0,4,30,0,N,nb21,430,0.905,0.033,1,1
0,4,30,0,N,nb22,430,0.542,1.46,1,0
0,4,30,0,N,nb23,430,0.518,1.705,2,0
0,4,30,0,N,nb24,430,-0.386,-0.775,1,1
0,4,30,0,N,nb25,430,-1.605,-0.449,3,1
0,4,30,0,N,nb26,430,0.68,0.037,2,1
0,4,30,0,N,nb27,430,-1.317,-0.798,1,1
0,4,30,0,N,nb28,430,-1.395,-0.574,3,1
0,4,30,0,N,nb29,430,0.111,1.866,1,1
0,4,30,0,N,nb0,435,-1.69,-0.671,1,1
0,4,30,0,N,nb1,435,0.341,1.866,2,1
0,4,30,0,N,nb2,435,1.415,0.086,2,1
0,4,30,0,N,nb3,435,-1.185,-0.464,1,1
0,4,30,0,N,nb4,435,-0.686,-1.11,2,1
0,4,30,0,N,nb5,435,0.475,-0.089,1,1
0,4,30,0,N,nb6,435,0.285,-0.515,1,1
0,4,30,0,N,nb7,435,1.56,0.454,1,1
0,4,30,0,N,nb8,435,0.235,-0.699,1,1
0,4,30,0,N,nb9,435,0.148,-0.984,1,1
0,4,30,0,N,nb10,435,0.032,-1.164,2,1
0,4,30,0,N,nb11,435,1.471,-0.293,1,1
0,4,30,0,N,nb12,435,0.752,1.088,1,1
0,4,30,0,N,nb13,435,1.299,-0.13,2,1
0,4,30,0,N,nb14,435,-0.6,-0.886,3,1
0,4,30,0,N,nb15,435,1.638,0.057,2,1
0,4,30,0,N,nb16,435,1.73,0.274,2,1
0,4,30,0,N,nb17,435,-0.835,-0.949,2,1
0,4,30,0,N,nb18,435,-1.717,-0.24,1,1
0,4,30,0,N,nb19,435,0.985,1.128,1,1
0,4,30,0,N,nb20,435,-0.048,-1.392,1,1
0,4,30,0,N,nb21,435,0.905,0.033,1,1
0,4,30,0,N,nb22,435,0.542,1.46,1,1
0,4,30,0,N,nb23,435,0.518,1.705,2,1
0,4,30,0,N,nb24,435,-0.386,-0.775,1,1
0,4,30,0,N,nb25,435,-1.605,-0.449,3,1
0,4,30,0,N,nb26,435,0.68,0.037,2,1
0,4,30,0,N,nb27,435,-1.317,-0.798,1,1
0,4,30,0,N,nb28,435,-1.395,-0.574,3,1
0,4,30,0,N,nb29,435,0.111,1.866,1,1
0,4,30,0,N,nb0,440,-1.69,-0.671,1,1
0,4,30,0,N,nb1,440,0.341,1.866,2,1
0,4,30,0,N,nb2,440,1.415,0.086,2,1
0,4,30,0,N,nb3,440,-1.185,-0.464,1,1
0,4,30,0,N,nb4,440,-0.686,-1.11,2,1
0,4,30,0,N,nb5,440,0.475,-0.089,1,0
0,4,30,0,N,nb6,440,0.285,-0.515,1,1
0,4,30,0,N,nb7,440,1.56,0.454,1,1
0,4,30,0,N,nb8,440,0.235,-0.699,1,1
0,4,30,0,N,nb9,440,0.148,-0.984,1,1
0,4,30,0,N,nb10,440,0.032,-1.164,2,1
0,4,30,0,N,nb11,440,1.471,-0.293,1,1
0,4,30,0,N,nb12,440,0.752,1.088,1,1
0,4,30,0,N,nb13,440,1.299,-0.13,2,1
0,4,30,0,N,nb14,440,-0.6,-0.886,3,1
0,4,30,0,N,nb15,440,1.638,0.057,2,1
0,4,30,0,N,nb16,440,1.73,0.274,2,1
0,4,30,0,N,nb17,440,-0.835,-0.949,2,1
0,4,30,0,N,nb18,440,-1.717,-0.24,1,1
0,4,30,0,N,nb19,440,0.985,1.128,1,1
0,4,30,0,N,nb20,440,-0.048,-1.392,1,1
0,4,30,0,N,nb21,440,0.905,0.033,1,1
0,4,30,0,N,nb22,440,0.542,1.46,1,1
0,4,30,0,N,nb23,440,0.518,1.705,2,1
0,4,30,0,N,nb24,440,-0.386,-0.775,1,1
0,4,30,0,N,nb25,440,-1.605,-0.449,3,1
0,4,30,0,N,nb26,440,0.68,0.037,2,1
0,4,30,0,N,nb27,440,-1.317,-0.798,1,1
0,4,30,0,N,nb28,440,-1.395,-0.574,3,1
0,4,30,0,N,nb29,440,0.111,1.866,1,1
0,4,30,0,N,nb0,445,-1.69,-0.671,1,1
0,4,30,0,N,nb1,445,0.341,1.866,2,1
0,4,30,0,N,nb2,445,1.415,0.086,2,1
0,4,30,0,N,nb3,445,-1.185,-0.464,1,1
0,4,30,0,N,nb4,445,-0.686,-1.11,2,1
0,4,30,0,N,nb5,445,0.475,-0.089,1,1
0,4,30,0,N,nb6,445,0.285,-0.515,1,1
0,4,30,0,N,nb7,445,1.56,0.454,1,1
0,4,30,0,N,nb8,445,0.235,-0.699,1,1
0,4,30,0,N,nb9,445,0.148,-0.984,1,1
0,4,30,0,N,nb10,445,0.032,-1.164,2,1
0,4,30,0,N,nb11,445,1.471,-0.293,1,1
0,4,30,0,N,nb12,445,0.752,1.088,1,1
0,4,30,0,N,nb13,445,1.299,-0.13,2,1
0,4,30,0,N,nb14,445,-0.6,-0.886,3,1
0,4,30,0,N,nb15,445,1.638,0.057,2,1
0,4,30,0,N,nb16,445,1.73,0.274,2,1
0,4,30,0,N,nb17,445,-0.835,-0.949,2,1
0,4,30,0,N,nb18,445,-1.717,-0.24,1,1
0,4,30,0,N,nb19,445,0.985,1.128,1,1
0,4,30,0,N,nb20,445,-0.048,-1.392,1,1
0,4,30,0,N,nb21,445,0.905,0.033,1,1
0,4,30,0,N,nb22,445,0.542,1.46,1,1
0,4,30,0,N,nb23,445,0.518,1.705,2,1
0,4,30,0,N,nb24,445,-0.386,-0.775,1,1
0,4,30,0,N,nb25,445,-1.605,-0.449,3,1
0,4,30,0,N,nb26,445,0.68,0.037,2,1
0,4,30,0,N,nb27,445,-1.317,-0.798,1,1
0,4,30,0,N,nb28,445,-1.395,-0.574,3,1
0,4,30,0,N,nb29,445,0.111,1.866,1,1
0,4,30,0,N,nb0,450,-1.69,-0.671,1,1
0,4,30,0,N,nb1,450,0.341,1.866,2,1
0,4,30,0,N,nb2,450,1.415,0.086,2,1
0,4,30,0,N,nb3,450,-1.185,-0.464,1,1
0,4,30,0,N,nb4,450,-0.686,-1.11,2,1
0,4,30,0,N,nb5,450,0.475,-0.089,1,1
0,4,30,0,N,nb6,450,0.285,-0.515,1,1
0,4,30,0,N,nb7,450,1.56,0.454,1,1
0,4,30,0,N,nb8,450,0.235,-0.699,1,1
0,4,30,0,N,nb9,450,0.148,-0.984,1,1
0,4,30,0,N,nb10,450,0.032,-1.164,2,1
0,4,30,0,N,nb11,450,1.471,-0.293,1,1
0,4,30,0,N,nb12,450,0.752,1.088,1,1
0,4,30,0,N,nb13,450,1.299,-0.13,2,1
0,4,30,0,N,nb14,450,-0.6,-0.886,3,1
0,4,30,0,N,nb15,450,1.638,0.057,2,1
0,4,30,0,N,nb16,450,1.73,0.274,2,1
0,4,30,0,N,nb17,450,-0.835,-0.949,2,1
0,4,30,0,N,nb18,450,-1.717,-0.24,1,1
0,4,30,0,N,nb19,450,0.985,1.128,1,1
0,4,30,0,N,nb20,450,-0.048,-1.392,1,1
0,4,30,0,N,nb21,450,0.905,0.033,1,1
0,4,30,0,N,nb22,450,0.542,1.46,1,1
0,4,30,0,N,nb23,450,0.518,1.705,2,1
0,4,30,0,N,nb24,450,-0.386,-0.775,1,1
0,4,30,0,N,nb25,450,-1.605,-0.449,3,1
0,4,30,0,N,nb26,450,0.68,0.037,2,1
0,4,30,0,N,nb27,450,-1.317,-0.798,1,1
0,4,30,0,N,nb28,450,-1.395,-0.574,3,1
0,4,30,0,N,nb29,450,0.111,1.866,1,1
0,4,30,0,N,nb0,455,-1.69,-0.671,1,1
0,4,30,0,N,nb1,455,0.341,1.866,2,1
0,4,30,0,N,nb2,455,1.415,0.086,2,1
0,4,30,0,N,nb3,455,-1.185,-0.464,1,1
0,4,30,0,N,nb4,455,-0.686,-1.11,2,1
0,4,30,0,N,nb5,455,0.475,-0.089,1,1
0,4,30,0,N,nb6,455,0.285,-0.515,1,1
0,4,30,0,N,nb7,455,1.56,0.454,1,1
0,4,30,0,N,nb8,455,0.235,-0.699,1,1
0,4,30,0,N,nb9,455,0.148,-0.984,1,1
0,4,30,0,N,nb10,455,0.032,-1.164,2,1
0,4,30,0,N,nb11,455,1.471,-0.293,1,1
0,4,30,0,N,nb12,455,0.752,1.088,1,1
0,4,30,0,N,nb13,455,1.299,-0.13,2,1
0,4,30,0,N,nb14,455,-0.6,-0.886,3,1
0,4,30,0,N,nb15,455,1.638,0.057,2,1
0,4,30,0,N,nb16,455,1.73,0.274,2,1
0,4,30,0,N,nb17,455,-0.835,-0.949,2,1
0,4,30,0,N,nb18,455,-1.717,-0.24,1,1
0,4,30,0,N,nb19,455,0.985,1.128,1,1
0,4,30,0,N,nb20,455,-0.048,-1.392,1,1
0,4,30,0,N,nb21,455,0.905,0.033,1,1
0,4,30,0,N,nb22,455,0.542,1.46,1,1
0,4,30,0,N,nb23,455,0.518,1.705,2,1
0,4,30,0,N,nb24,455,-0.386,-0.775,1,1
0,4,30,0,N,nb25,455,-1.605,-0.449,3,1
0,4,30,0,N,nb26,455,0.68,0.037,2,1
0,4,30,0,N,nb27,455,-1.317,-0.798,1,1
0,4,30,0,N,nb28,455,-1.395,-0.574,3,1
0,4,30,0,N,nb29,455,0.111,1.866,1,0
0,4,30,0,N,nb0,460,-1.69,-0.671,1,1
0,4,30,0,N,nb1,460,0.341,1.866,2,1
0,4,30,0,N,nb2,460,1.415,0.086,2,1
0,4,30,0,N,nb3,460,-1.185,-0.464,1,1
0,4,30,0,N,nb4,460,-0.686,-1.11,2,1
0,4,30,0,N,nb5,460,0.475,-0.089,1,1
0,4,30,0,N,nb6,460,0.285,-0.515,1,1
0,4,30,0,N,nb7,460,1.56,0.454,1,1
0,4,30,0,N,nb8,460,0.235,-0.699,1,1
0,4,30,0,N,nb9,460,0.148,-0.984,1,1
0,4,30,0,N,nb10,460,0.032,-1.164,2,1
0,4,30,0,N,nb11,460,1.471,-0.293,1,1
0,4,30,0,N,nb12,460,0.752,1.088,1,1
0,4,30,0,N,nb13,460,1.299,-0.13,2,1
0,4,30,0,N,nb14,460,-0.6,-0.886,3,1
0,4,30,0,N,nb15,460,1.638,0.057,2,1
0,4,30,0,N,nb16,460,1.73,0.274,2,1
0,4,30,0,N,nb17,460,-0.835,-0.949,2,1
0,4,30,0,N,nb18,460,-1.717,-0.24,1,1
0,4,30,0,N,nb19,460,0.985,1.128,1,1
0,4,30,0,N,nb20,460,-0.048,-1.392,1,0
0,4,30,0,N,nb21,460,0.905,0.033,1,1
0,4,30,0,N,nb22,460,0.542,1.46,1,1
0,4,30,0,N,nb23,460,0.518,1.705,2,1
0,4,30,0,N,nb24,460,-0.386,-0.775,1,1
0,4,30,0,N,nb25,460,-1.605,-0.449,3,1
0,4,30,0,N,nb26,460,0.68,0.037,2,1
0,4,30,0,N,nb27,460,-1.317,-0.798,1,1
0,4,30,0,N,nb28,460,-1.395,-0.574,3,1
0,4,30,0,N,nb29,460,0.111,1.866,1,1
0,4,30,0,N,nb0,465,-1.69,-0.671,1,1
0,4,30,0,N,nb1,465,0.341,1.866,2,1
0,4,30,0,N,nb2,465,1.415,0.086,2,1
0,4,30,0,N,nb3,465,-1.185,-0.464,1,1
0,4,30,0,N,nb4,465,-0.686,-1.11,2,0
0,4,30,0,N,nb5,465,0.475,-0.089,1,1
0,4,30,0,N,nb6,465,0.285,-0.515,1,0
0,4,30,0,N,nb7,465,1.56,0.454,1,1
0,4,30,0,N,nb8,465,0.235,-0.699,1,0
0,4,30,0,N,nb9,465,0.148,-0.984,1,0
0,4,30,0,N,nb10,465,0.032,-1.164,2,0
0,4,30,0,N,nb11,465,1.471,-0.293,1,1
0,4,30,0,N,nb12,465,0.752,1.088,1,1
0,4,30,0,N,nb13,465,1.299,-0.13,2,0
0,4,30,0,N,nb14,465,-0.6,-0.886,3,1
0,4,30,0,N,nb15,465,1.638,0.057,2,1
0,4,30,0,N,nb16,465,1.73,0.274,2,1
0,4,30,0,N,nb17,465,-0.835,-0.949,2,0
0,4,30,0,N,nb18,465,-1.717,-0.24,1,1
0,4,30,0,N,nb19,465,0.985,1.128,1,1
0,4,30,0,N,nb20,465,-0.048,-1.392,1,1
0,4,30,0,N,nb21,465,0.905,0.033,1,1
0,4,30,0,N,nb22,465,0.542,1.46,1,1
0,4,30,0,N,nb23,465,0.518,1.705,2,1
0,4,30,0,N,nb24,465,-0.386,-0.775,1,1
0,4,30,0,N,nb25,465,-1.605,-0.449,3,1
0,4,30,0,N,nb26,465,0.68,0.037,2,1
0,4,30,0,N,nb27,465,-1.317,-0.798,1,1
0,4,30,0,N,nb28,465,-1.395,-0.574,3,1
0,4,30,0,N,nb29,465,0.111,1.866,1,1
0,4,30,0,N,nb0,470,-1.69,-0.671,1,1
0,4,30,0,N,nb1,470,0.341,1.866,2,1
0,4,30,0,N,nb2,470,1.415,0.086,2,1
0,4,30,0,N,nb3,470,-1.185,-0.464,1,0
0,4,30,0,N,nb4,470,-0.686,-1.11,2,1
0,4,30,0,N,nb5,470,0.475,-0.089,1,1
0,4,30,0,N,nb6,470,0.285,-0.515,1,1
0,4,30,0,N,nb7,470,1.56,0.454,1,1
0,4,30,0,N,nb8,470,0.235,-0.699,1,1
0,4,30,0,N,nb9,470,0.148,-0.984,1,1
0,4,30,0,N,nb10,470,0.032,-1.164,2,1
0,4,30,0,N,nb11,470,1.471,-0.293,1,1
0,4,30,0,N,nb12,470,0.752,1.088,1,1
0,4,30,0,N,nb13,470,1.299,-0.13,2,1
0,4,30,0,N,nb14,470,-0.6,-0.886,3,1
0,4,30,0,N,nb15,470,1.638,0.057,2,1
0,4,30,0,N,nb16,470,1.73,0.274,2,1
0,4,30,0,N,nb17,470,-0.835,-0.949,2,1
0,4,30,0,N,nb18,470,-1.717,-0.24,1,1
0,4,30,0,N,nb19,470,0.985,1.128,1,1
0,4,30,0,N,nb20,470,-0.048,-1.392,1,1
0,4,30,0,N,nb21,470,0.905,0.033,1,1
0,4,30,0,N,nb22,470,0.542,1.46,1,1
0,4,30,0,N,nb23,470,0.518,1.705,2,1
0,4,30,0,N,nb24,470,-0.386,-0.775,1,1
0,4,30,0,N,nb25,470,-1.605,-0.449,3,1
0,4,30,0,N,nb26,470,0.68,0.037,2,1
0,4,30,0,N,nb27,470,-1.317,-0.798,1,1
0,4,30,0,N,nb28,470,-1.395,-0.574,3,0
0,4,30,0,N,nb29,470,0.111,1.866,1,1
0,4,30,0,N,nb0,475,-1.69,-0.671,1,1
0,4,30,0,N,nb1,475,0.341,1.866,2,1
0,4,30,0,N,nb2,475,1.415,0.086,2,1
0,4,30,0,N,nb3,475,-1.185,-0.464,1,1
0,4,30,0,N,nb4,475,-0.686,-1.11,2,1
0,4,30,0,N,nb5,475,0.475,-0.089,1,1
0,4,30,0,N,nb6,475,0.285,-0.515,1,1
0,4,30,0,N,nb7,475,1.56,0.454,1,1
0,4,30,0,N,nb8,475,0.235,-0.699,1,1
0,4,30,0,N,nb9,475,0.148,-0.984,1,1
0,4,30,0,N,nb10,475,0.032,-1.164,2,1
0,4,30,0,N,nb11,475,1.471,-0.293,1,1
0,4,30,0,N,nb12,475,0.752,1.088,1,1
0,4,30,0,N,nb13,475,1.299,-0.13,2,1
0,4,30,0,N,nb14,475,-0.6,-0.886,3,1
0,4,30,0,N,nb15,475,1.638,0.057,2,1
0,4,30,0,N,nb16,475,1.73,0.274,2,1
0,4,30,0,N,nb17,475,-0.835,-0.949,2,1
0,4,30,0,N,nb18,475,-1.717,-0.24,1,1
0,4,30,0,N,nb19,475,0.985,1.128,1,1
0,4,30,0,N,nb20,475,-0.048,-1.392,1,1
0,4,30,0,N,nb21,475,0.905,0.033,1,1
0,4,30,0,N,nb22,475,0.542,1.46,1,1
0,4,30,0,N,nb23,475,0.518,1.705,2,1
0,4,30,0,N,nb24,475,-0.386,-0.775,1,1
0,4,30,0,N,nb25,475,-1.605,-0.449,3,1
0,4,30,0,N,nb26,475,0.68,0.037,2,1
0,4,30,0,N,nb27,475,-1.317,-0.798,1,1
0,4,30,0,N,nb28,475,-1.395,-0.574,3,1
0,4,30,0,N,nb29,475,0.111,1.866,1,1
0,4,30,0,N,nb0,480,-1.69,-0.671,1,1
0,4,30,0,N,nb1,480,0.341,1.866,2,1
0,4,30,0,N,nb2,480,1.415,0.086,2,1
0,4,30,0,N,nb3,480,-1.185,-0.464,1,1
0,4,30,0,N,nb4,480,-0.686,-1.11,2,1
0,4,30,0,N,nb5,480,0.475,-0.089,1,1
0,4,30,0,N,nb6,480,0.285,-0.515,1,1
0,4,30,0,N,nb7,480,1.56,0.454,1,1
0,4,30,0,N,nb8,480,0.235,-0.699,1,1
0,4,30,0,N,nb9,480,0.148,-0.984,1,1
0,4,30,0,N,nb10,480,0.032,-1.164,2,1
0,4,30,0,N,nb11,480,1.471,-0.293,1,1
0,4,30,0,N,nb12,480,0.752,1.088,1,1
0,4,30,0,N,nb13,480,1.299,-0.13,2,1
0,4,30,0,N,nb14,480,-0.6,-0.886,3,1
0,4,30,0,N,nb15,480,1.638,0.057,2,1
0,4,30,0,N,nb16,480,1.73,0.274,2,1
0,4,30,0,N,nb17,480,-0.835,-0.949,2,1
0,4,30,0,N,nb18,480,-1.717,-0.24,1,1
0,4,30,0,N,nb19,480,0.985,1.128,1,1
0,4,30,0,N,nb20,480,-0.048,-1.392,1,1
0,4,30,0,N,nb21,480,0.905,0.033,1,1
0,4,30,0,N,nb22,480,0.542,1.46,1,1
0,4,30,0,N,nb23,480,0.518,1.705,2,1
0,4,30,0,N,nb24,480,-0.386,-0.775,1,1
0,4,30,0,N,nb25,480,-1.605,-0.449,3,1
0,4,30,0,N,nb26,480,0.68,0.037,2,1
0,4,30,0,N,nb27,480,-1.317,-0.798,1,1
0,4,30,0,N,nb28,480,-1.395,-0.574,3,1
0,4,30,0,N,nb29,480,0.111,1.866,1,1
0,4,30,0,N,nb0,485,-1.69,-0.671,1,1
0,4,30,0,N,nb1,485,0.341,1.866,2,0
0,4,30,0,N,nb2,485,1.415,0.086,2,1
0,4,30,0,N,nb3,485,-1.185,-0.464,1,1
0,4,30,0,N,nb4,485,-0.686,-1.11,2,1
0,4,30,0,N,nb5,485,0.475,-0.089,1,1
0,4,30,0,N,nb6,485,0.285,-0.515,1,1
0,4,30,0,N,nb7,485,1.56,0.454,1,0
0,4,30,0,N,nb8,485,0.235,-0.699,1,1
0,4,30,0,N,nb9,485,0.148,-0.984,1,1
0,4,30,0,N,nb10,485,0.032,-1.164,2,1
0,4,30,0,N,nb11,485,1.471,-0.293,1,1
0,4,30,0,N,nb12,485,0.752,1.088,1,1
0,4,30,0,N,nb13,485,1.299,-0.13,2,1
0,4,30,0,N,nb14,485,-0.6,-0.886,3,1
0,4,30,0,N,nb15,485,1.638,0.057,2,1
0,4,30,0,N,nb16,485,1.73,0.274,2,1
0,4,30,0,N,nb17,485,-0.835,-0.949,2,1
0,4,30,0,N,nb18,485,-1.717,-0.24,1,1
0,4,30,0,N,nb19,485,0.985,1.128,1,1
0,4,30,0,N,nb20,485,-0.048,-1.392,1,1
0,4,30,0,N,nb21,485,0.905,0.033,1,1
0,4,30,0,N,nb22,485,0.542,1.46,1,1
0,4,30,0,N,nb23,485,0.518,1.705,2,1
0,4,30,0,N,nb24,485,-0.386,-0.775,1,1
0,4,30,0,N,nb25,485,-1.605,-0.449,3,1
0,4,30,0,N,nb26,485,0.68,0.037,2,1
0,4,30,0,N,nb27,485,-1.317,-0.798,1,1
0,4,30,0,N,nb28,485,-1.395,-0.574,3,1
0,4,30,0,N,nb29,485,0.111,1.866,1,1
0,4,30,0,N,nb0,490,-1.69,-0.671,1,1
0,4,30,0,N,nb1,490,0.341,1.866,2,1
0,4,30,0,N,nb2,490,1.415,0.086,2,1
0,4,30,0,N,nb3,490,-1.185,-0.464,1,1
0,4,30,0,N,nb4,490,-0.686,-1.11,2,1
0,4,30,0,N,nb5,490,0.475,-0.089,1,1
0,4,30,0,N,nb6,490,0.285,-0.515,1,1
0,4,30,0,N,nb7,490,1.56,0.454,1,1
0,4,30,0,N,nb8,490,0.235,-0.699,1,1
0,4,30,0,N,nb9,490,0.148,-0.984,1,1
0,4,30,0,N,nb10,490,0.032,-1.164,2,1
0,4,30,0,N,nb11,490,1.471,-0.293,1,1
0,4,30,0,N,nb12,490,0.752,1.088,1,1
0,4,30,0,N,nb13,490,1.299,-0.13,2,1
0,4,30,0,N,nb14,490,-0.6,-0.886,3,1
0,4,30,0,N,nb15,490,1.638,0.057,2,1
0,4,30,0,N,nb16,490,1.73,0.274,2,1
0,4,30,0,N,nb17,490,-0.835,-0.949,2,1
0,4,30,0,N,nb18,490,-1.717,-0.24,1,1
0,4,30,0,N,nb19,490,0.985,1.128,1,1
0,4,30,0,N,nb20,490,-0.048,-1.392,1,1
0,4,30,0,N,nb21,490,0.905,0.033,1,1
0,4,30,0,N,nb22,490,0.542,1.46,1,1
0,4,30,0,N,nb23,490,0.518,1.705,2,1
0,4,30,0,N,nb24,490,-0.386,-0.775,1,1
0,4,30,0,N,nb25,490,-1.605,-0.449,3,1
0,4,30,0,N,nb26,490,0.68,0.037,2,1
0,4,30,0,N,nb27,490,-1.317,-0.798,1,1
0,4,30,0,N,nb28,490,-1.395,-0.574,3,1
0,4,30,0,N,nb29,490,0.111,1.866,1,1
0,4,30,0,N,nb0,495,-1.69,-0.671,1,1
0,4,30,0,N,nb1,495,0.341,1.866,2,1
0,4,30,0,N,nb2,495,1.415,0.086,2,1
0,4,30,0,N,nb3,495,-1.185,-0.464,1,1
0,4,30,0,N,nb4,495,-0.686,-1.11,2,1
0,4,30,0,N,nb5,495,0.475,-0.089,1,1
0,4,30,0,N,nb6,495,0.285,-0.515,1,1
0,4,30,0,N,nb7,495,1.56,0.454,1,1
0,4,30,0,N,nb8,495,0.235,-0.699,1,1
0,4,30,0,N,nb9,495,0.148,-0.984,1,1
0,4,30,0,N,nb10,495,0.032,-1.164,2,1
0,4,30,0,N,nb11,495,1.471,-0.293,1,1
0,4,30,0,N,nb12,495,0.752,1.088,1,1
0,4,30,0,N,nb13,495,1.299,-0.13,2,1
0,4,30,0,N,nb14,495,-0.6,-0.886,3,1
0,4,30,0,N,nb15,495,1.638,0.057,2,1
0,4,30,0,N,nb16,495,1.73,0.274,2,1
0,4,30,0,N,nb17,495,-0.835,-0.949,2,1
0,4,30,0,N,nb18,495,-1.717,-0.24,1,1
0,4,30,0,N,nb19,495,0.985,1.128,1,1
0,4,30,0,N,nb20,495,-0.048,-1.392,1,1
0,4,30,0,N,nb21,495,0.905,0.033,1,1
0,4,30,0,N,nb22,495,0.542,1.46,1,1
0,4,30,0,N,nb23,495,0.518,1.705,2,1
0,4,30,0,N,nb24,495,-0.386,-0.775,1,1
0,4,30,0,N,nb25,495,-1.605,-0.449,3,1
0,4,30,0,N,nb26,495,0.68,0.037,2,1
0,4,30,0,N,nb27,495,-1.317,-0.798,1,1
0,4,30,0,N,nb28,495,-1.395,-0.574,3,1
0,4,30,0,N,nb29,495,0.111,1.866,1,1
0,4,30,0,N,nb0,500,-1.69,-0.671,1,1
0,4,30,0,N,nb1,500,0.341,1.866,2,1
0,4,30,0,N,nb2,500,1.415,0.086,2,0
0,4,30,0,N,nb3,500,-1.185,-0.464,1,1
0,4,30,0,N,nb4,500,-0.686,-1.11,2,1
0,4,30,0,N,nb5,500,0.475,-0.089,1,1
0,4,30,0,N,nb6,500,0.285,-0.515,1,1
0,4,30,0,N,nb7,500,1.56,0.454,1,1
0,4,30,0,N,nb8,500,0.235,-0.699,1,1
0,4,30,0,N,nb9,500,0.148,-0.984,1,1
0,4,30,0,N,nb10,500,0.032,-1.164,2,1
0,4,30,0,N,nb11,500,1.471,-0.293,1,1
0,4,30,0,N,nb12,500,0.752,1.088,1,1
0,4,30,0,N,nb13,500,1.299,-0.13,2,1
0,4,30,0,N,nb14,500,-0.6,-0.886,3,1
0,4,30,0,N,nb15,500,1.638,0.057,2,0
0,4,30,0,N,nb16,500,1.73,0.274,2,1
0,4,30,0,N,nb17,500,-0.835,-0.949,2,1
0,4,30,0,N,nb18,500,-1.717,-0.24,1,1
0,4,30,0,N,nb19,500,0.985,1.128,1,1
0,4,30,0,N,nb20,500,-0.048,-1.392,1,1
0,4,30,0,N,nb21,500,0.905,0.033,1,1
0,4,30,0,N,nb22,500,0.542,1.46,1,1
0,4,30,0,N,nb23,500,0.518,1.705,2,1
0,4,30,0,N,nb24,500,-0.386,-0.775,1,1
0,4,30,0,N,nb25,500,-1.605,-0.449,3,1
0,4,30,0,N,nb26,500,0.68,0.037,2,1
0,4,30,0,N,nb27,500,-1.317,-0.798,1,1
0,4,30,0,N,nb28,500,-1.395,-0.574,3,1
0,4,30,0,N,nb29,500,0.111,1.866,1,1
0,4,30,0,N,nb0,505,-1.69,-0.671,1,1
0,4,30,0,N,nb1,505,0.341,1.866,2,1
0,4,30,0,N,nb2,505,1.415,0.086,2,1
0,4,30,0,N,nb3,505,-1.185,-0.464,1,1
0,4,30,0,N,nb4,505,-0.686,-1.11,2,1
0,4,30,0,N,nb5,505,0.475,-0.089,1,1
0,4,30,0,N,nb6,505,0.285,-0.515,1,1
0,4,30,0,N,nb7,505,1.56,0.454,1,1
0,4,30,0,N,nb8,505,0.235,-0.699,1,1
0,4,30,0,N,nb9,505,0.148,-0.984,1,1
0,4,30,0,N,nb10,505,0.032,-1.164,2,1
0,4,30,0,N,nb11,505,1.471,-0.293,1,1
0,4,30,0,N,nb12,505,0.752,1.088,1,1
0,4,30,0,N,nb13,505,1.299,-0.13,2,1
0,4,30,0,N,nb14,505,-0.6,-0.886,3,1
0,4,30,0,N,nb15,505,1.638,0.057,2,1
0,4,30,0,N,nb16,505,1.73,0.274,2,1
0,4,30,0,N,nb17,505,-0.835,-0.949,2,1
0,4,30,0,N,nb18,505,-1.717,-0.24,1,1
0,4,30,0,N,nb19,505,0.985,1.128,1,1
0,4,30,0,N,nb20,505,-0.048,-1.392,1,1
0,4,30,0,N,nb21,505,0.905,0.033,1,1
0,4,30,0,N,nb22,505,0.542,1.46,1,1
0,4,30,0,N,nb23,505,0.518,1.705,2,1
0,4,30,0,N,nb24,505,-0.386,-0.775,1,1
0,4,30,0,N,nb25,505,-1.605,-0.449,3,1
0,4,30,0,N,nb26,505,0.68,0.037,2,1
0,4,30,0,N,nb27,505,-1.317,-0.798,1,1
0,4,30,0,N,nb28,505,-1.395,-0.574,3,1
0,4,30,0,N,nb29,505,0.111,1.866,1,1
0,4,30,0,N,nb0,510,-1.69,-0.671,1,1
0,4,30,0,N,nb1,510,0.341,1.866,2,1
0,4,30,0,N,nb2,510,1.415,0.086,2,1
0,4,30,0,N,nb3,510,-1.185,-0.464,1,1
0,4,30,0,N,nb4,510,-0.686,-1.11,2,1
0,4,30,0,N,nb5,510,0.475,-0.089,1,1
0,4,30,0,N,nb6,510,0.285,-0.515,1,1
0,4,30,0,N,nb7,510,1.56,0.454,1,1
0,4,30,0,N,nb8,510,0.235,-0.699,1,1
0,4,30,0,N,nb9,510,0.148,-0.984,1,1
0,4,30,0,N,nb10,510,0.032,-1.164,2,1
0,4,30,0,N,nb11,510,1.471,-0.293,1,1
0,4,30,0,N,nb12,510,0.752,1.088,1,1
0,4,30,0,N,nb13,510,1.299,-0.13,2,1
0,4,30,0,N,nb14,510,-0.6,-0.886,3,1
0,4,30,0,N,nb15,510,1.638,0.057,2,1
0,4,30,0,N,nb16,510,1.73,0.274,2,1
0,4,30,0,N,nb17,510,-0.835,-0.949,2,1
0,4,30,0,N,nb18,510,-1.717,-0.24,1,1
0,4,30,0,N,nb19,510,0.985,1.128,1,1
0,4,30,0,N,nb20,510,-0.048,-1.392,1,1
0,4,30,0,N,nb21,510,0.905,0.033,1,1
0,4,30,0,N,nb22,510,0.542,1.46,1,1
0,4,30,0,N,nb23,510,0.518,1.705,2,1
0,4,30,0,N,nb24,510,-0.386,-0.775,1,1
0,4,30,0,N,nb25,510,-1.605,-0.449,3,1
0,4,30,0,N,nb26,510,0.68,0.037,2,1
0,4,30,0,N,nb27,510,-1.317,-0.798,1,1
0,4,30,0,N,nb28,510,-1.395,-0.574,3,1
0,4,30,0,N,nb29,510,0.111,1.866,1,1
0,4,30,0,N,nb0,515,-1.69,-0.671,1,1
0,4,30,0,N,nb1,515,0.341,1.866,2,1
0,4,30,0,N,nb2,515,1.415,0.086,2,1
0,4,30,0,N,nb3,515,-1.185,-0.464,1,1
0,4,30,0,N,nb4,515,-0.686,-1.11,2,1
0,4,30,0,N,nb5,515,0.475,-0.089,1,1
0,4,30,0,N,nb6,515,0.285,-0.515,1,1
0,4,30,0,N,nb7,515,1.56,0.454,1,1
0,4,30,0,N,nb8,515,0.235,-0.699,1,1
0,4,30,0,N,nb9,515,0.148,-0.984,1,1
0,4,30,0,N,nb10,515,0.032,-1.164,2,1
0,4,30,0,N,nb11,515,1.471,-0.293,1,1
0,4,30,0,N,nb12,515,0.752,1.088,1,1
0,4,30,0,N,nb13,515,1.299,-0.13,2,1
0,4,30,0,N,nb14,515,-0.6,-0.886,3,1
0,4,30,0,N,nb15,515,1.638,0.057,2,1
0,4,30,0,N,nb16,515,1.73,0.274,2,1
0,4,30,0,N,nb17,515,-0.835,-0.949,2,1
0,4,30,0,N,nb18,515,-1.717,-0.24,1,1
0,4,30,0,N,nb19,515,0.985,1.128,1,1
0,4,30,0,N,nb20,515,-0.048,-1.392,1,1
0,4,30,0,N,nb21,515,0.905,0.033,1,1
0,4,30,0,N,nb22,515,0.542,1.46,1,1
0,4,30,0,N,nb23,515,0.518,1.705,2,1
0,4,30,0,N,nb24,515,-0.386,-0.775,1,1
0,4,30,0,N,nb25,515,-1.605,-0.449,3,1
0,4,30,0,N,nb26,515,0.68,0.037,2,1
0,4,30,0,N,nb27,515,-1.317,-0.798,1,1
0,4,30,0,N,nb28,515,-1.395,-0.574,3,1
0,4,30,0,N,nb29,515,0.111,1.866,1,1
0,4,30,0,N,nb0,520,-1.69,-0.671,1,1
0,4,30,0,N,nb1,520,0.341,1.866,2,1
0,4,30,0,N,nb2,520,1.415,0.086,2,1
0,4,30,0,N,nb3,520,-1.185,-0.464,1,1
0,4,30,0,N,nb4,520,-0.686,-1.11,2,1
0,4,30,0,N,nb5,520,0.475,-0.089,1,1
0,4,30,0,N,nb6,520,0.285,-0.515,1,1
0,4,30,0,N,nb7,520,1.56,0.454,1,1
0,4,30,0,N,nb8,520,0.235,-0.699,1,1
0,4,30,0,N,nb9,520,0.148,-0.984,1,1
0,4,30,0,N,nb10,520,0.032,-1.164,2,1
0,4,30,0,N,nb11,520,1.471,-0.293,1,1
0,4,30,0,N,nb12,520,0.752,1.088,1,1
0,4,30,0,N,nb13,520,1.299,-0.13,2,1
0,4,30,0,N,nb14,520,-0.6,-0.886,3,1
0,4,30,0,N,nb15,520,1.638,0.057,2,1
0,4,30,0,N,nb16,520,1.73,0.274,2,1
0,4,30,0,N,nb17,520,-0.835,-0.949,2,1
0,4,30,0,N,nb18,520,-1.717,-0.24,1,1
0,4,30,0,N,nb19,520,0.985,1.128,1,1
0,4,30,0,N,nb20,520,-0.048,-1.392,1,1
0,4,30,0,N,nb21,520,0.905,0.033,1,1
0,4,30,0,N,nb22,520,0.542,1.46,1,1
0,4,30,0,N,nb23,520,0.518,1.705,2,1
0,4,30,0,N,nb24,520,-0.386,-0.775,1,1
0,4,30,0,N,nb25,520,-1.605,-0.449,3,1
0,4,30,0,N,nb26,520,0.68,0.037,2,1
0,4,30,0,N,nb27,520,-1.317,-0.798,1,1
0,4,30,0,N,nb28,520,-1.395,-0.574,3,1
0,4,30,0,N,nb29,520,0.111,1.866,1,1
0,4,30,0,N,nb0,525,-1.69,-0.671,1,1
0,4,30,0,N,nb1,525,0.341,1.866,2,1
0,4,30,0,N,nb2,525,1.415,0.086,2,1
0,4,30,0,N,nb3,525,-1.185,-0.464,1,1
0,4,30,0,N,nb4,525,-0.686,-1.11,2,1
0,4,30,0,N,nb5,525,0.475,-0.089,1,1
0,4,30,0,N,nb6,525,0.285,-0.515,1,1
0,4,30,0,N,nb7,525,1.56,0.454,1,1
0,4,30,0,N,nb8,525,0.235,-0.699,1,1
0,4,30,0,N,nb9,525,0.148,-0.984,1,1
0,4,30,0,N,nb10,525,0.032,-1.164,2,1
0,4,30,0,N,nb11,525,1.471,-0.293,1,1
0,4,30,0,N,nb12,525,0.752,1.088,1,1
0,4,30,0,N,nb13,525,1.299,-0.13,2,1
0,4,30,0,N,nb14,525,-0.6,-0.886,3,1
0,4,30,0,N,nb15,525,1.638,0.057,2,1
0,4,30,0,N,nb16,525,1.73,0.274,2,1
0,4,30,0,N,nb17,525,-0.835,-0.949,2,1
0,4,30,0,N,nb18,525,-1.717,-0.24,1,1
0,4,30,0,N,nb19,525,0.985,1.128,1,1
0,4,30,0,N,nb20,525,-0.048,-1.392,1,1
0,4,30,0,N,nb21,525,0.905,0.033,1,1
0,4,30,0,N,nb22,525,0.542,1.46,1,1
0,4,30,0,N,nb23,525,0.518,1.705,2,1
0,4,30,0,N,nb24,525,-0.386,-0.775,1,1
0,4,30,0,N,nb25,525,-1.605,-0.449,3,0
0,4,30,0,N,nb26,525,0.68,0.037,2,1
0,4,30,0,N,nb27,525,-1.317,-0.798,1,1
0,4,30,0,N,nb28,525,-1.395,-0.574,3,1
0,4,30,0,N,nb29,525,0.111,1.866,1,1
0,4,30,0,N,nb0,530,-1.69,-0.671,1,1
0,4,30,0,N,nb1,530,0.341,1.866,2,1
0,4,30,0,N,nb2,530,1.415,0.086,2,1
0,4,30,0,N,nb3,530,-1.185,-0.464,1,1
0,4,30,0,N,nb4,530,-0.686,-1.11,2,1
0,4,30,0,N,nb5,530,0.475,-0.089,1,1
0,4,30,0,N,nb6,530,0.285,-0.515,1,1
0,4,30,0,N,nb7,530,1.56,0.454,1,1
0,4,30,0,N,nb8,530,0.235,-0.699,1,1
0,4,30,0,N,nb9,530,0.148,-0.984,1,1
0,4,30,0,N,nb10,530,0.032,-1.164,2,1
0,4,30,0,N,nb11,530,1.471,-0.293,1,1
0,4,30,0,N,nb12,530,0.752,1.088,1,1
0,4,30,0,N,nb13,530,1.299,-0.13,2,1
0,4,30,0,N,nb14,530,-0.6,-0.886,3,1
0,4,30,0,N,nb15,530,1.638,0.057,2,1
0,4,30,0,N,nb16,530,1.73,0.274,2,1
0,4,30,0,N,nb17,530,-0.835,-0.949,2,1
0,4,30,0,N,nb18,530,-1.717,-0.24,1,1
0,4,30,0,N,nb19,530,0.985,1.128,1,1
0,4,30,0,N,nb20,530,-0.048,-1.392,1,1
0,4,30,0,N,nb21,530,0.905,0.033,1,1
0,4,30,0,N,nb22,530,0.542,1.46,1,1
0,4,30,0,N,nb23,530,0.518,1.705,2,1
0,4,30,0,N,nb24,530,-0.386,-0.775,1,1
0,4,30,0,N,nb25,530,-1.605,-0.449,3,1
0,4,30,0,N,nb26,530,0.68,0.037,2,1
0,4,30,0,N,nb27,530,-1.317,-0.798,1,1
0,4,30,0,N,nb28,530,-1.395,-0.574,3,1
0,4,30,0,N,nb29,530,0.111,1.866,1,1
0,4,30,0,N,nb0,535,-1.69,-0.671,1,1
0,4,30,0,N,nb1,535,0.341,1.866,2,1
0,4,30,0,N,nb2,535,1.415,0.086,2,1
0,4,30,0,N,nb3,535,-1.185,-0.464,1,1
0,4,30,0,N,nb4,535,-0.686,-1.11,2,1
0,4,30,0,N,nb5,535,0.475,-0.089,1,1
0,4,30,0,N,nb6,535,0.285,-0.515,1,1
0,4,30,0,N,nb7,535,1.56,0.454,1,1
0,4,30,0,N,nb8,535,0.235,-0.699,1,1
0,4,30,0,N,nb9,535,0.148,-0.984,1,1
0,4,30,0,N,nb10,535,0.032,-1.164,2,1
0,4,30,0,N,nb11,535,1.471,-0.293,1,1
0,4,30,0,N,nb12,535,0.752,1.088,1,1
0,4,30,0,N,nb13,535,1.299,-0.13,2,1
0,4,30,0,N,nb14,535,-0.6,-0.886,3,1
0,4,30,0,N,nb15,535,1.638,0.057,2,1
0,4,30,0,N,nb16,535,1.73,0.274,2,1
0,4,30,0,N,nb17,535,-0.835,-0.949,2,1
0,4,30,0,N,nb18,535,-1.717,-0.24,1,1
0,4,30,0,N,nb19,535,0.985,1.128,1,1
0,4,30,0,N,nb20,535,-0.048,-1.392,1,1
0,4,30,0,N,nb21,535,0.905,0.033,1,1
0,4,30,0,N,nb22,535,0.542,1.46,1,1
0,4,30,0,N,nb23,535,0.518,1.705,2,1
0,4,30,0,N,nb24,535,-0.386,-0.775,1,1
0,4,30,0,N,nb25,535,-1.605,-0.449,3,1
0,4,30,0,N,nb26,535,0.68,0.037,2,1
0,4,30,0,N,nb27,535,-1.317,-0.798,1,1
0,4,30,0,N,nb28,535,-1.395,-0.574,3,1
0,4,30,0,N,nb29,535,0.111,1.866,1,1
0,4,30,0,N,nb0,540,-1.69,-0.671,1,1
0,4,30,0,N,nb1,540,0.341,1.866,2,1
0,4,30,0,N,nb2,540,1.415,0.086,2,1
0,4,30,0,N,nb3,540,-1.185,-0.464,1,1
0,4,30,0,N,nb4,540,-0.686,-1.11,2,1
0,4,30,0,N,nb5,540,0.475,-0.089,1,1
0,4,30,0,N,nb6,540,0.285,-0.515,1,1
0,4,30,0,N,nb7,540,1.56,0.454,1,1
0,4,30,0,N,nb8,540,0.235,-0.699,1,1
0,4,30,0,N,nb9,540,0.148,-0.984,1,1
0,4,30,0,N,nb10,540,0.032,-1.164,2,1
0,4,30,0,N,nb11,540,1.471,-0.293,1,1
0,4,30,0,N,nb12,540,0.752,1.088,1,1
0,4,30,0,N,nb13,540,1.299,-0.13,2,1
0,4,30,0,N,nb14,540,-0.6,-0.886,3,1
0,4,30,0,N,nb15,540,1.638,0.057,2,1
0,4,30,0,N,nb16,540,1.73,0.274,2,1
0,4,30,0,N,nb17,540,-0.835,-0.949,2,1
0,4,30,0,N,nb18,540,-1.717,-0.24,1,0
0,4,30,0,N,nb19,540,0.985,1.128,1,1
0,4,30,0,N,nb20,540,-0.048,-1.392,1,1
0,4,30,0,N,nb21,540,0.905,0.033,1,1
0,4,30,0,N,nb22,540,0.542,1.46,1,1
0,4,30,0,N,nb23,540,0.518,1.705,2,1
0,4,30,0,N,nb24,540,-0.386,-0.775,1,0
0,4,30,0,N,nb25,540,-1.605,-0.449,3,1
0,4,30,0,N,nb26,540,0.68,0.037,2,1
0,4,30,0,N,nb27,540,-1.317,-0.798,1,1
0,4,30,0,N,nb28,540,-1.395,-0.574,3,1
0,4,30,0,N,nb29,540,0.111,1.866,1,1
0,4,30,0,N,nb0,545,-1.69,-0.671,1,1
0,4,30,0,N,nb1,545,0.341,1.866,2,1
0,4,30,0,N,nb2,545,1.415,0.086,2,1
0,4,30,0,N,nb3,545,-1.185,-0.464,1,1
0,4,30,0,N,nb4,545,-0.686,-1.11,2,1
0,4,30,0,N,nb5,545,0.475,-0.089,1,1
0,4,30,0,N,nb6,545,0.285,-0.515,1,1
0,4,30,0,N,nb7,545,1.56,0.454,1,1
0,4,30,0,N,nb8,545,0.235,-0.699,1,1
0,4,30,0,N,nb9,545,0.148,-0.984,1,1
0,4,30,0,N,nb10,545,0.032,-1.164,2,1
0,4,30,0,N,nb11,545,1.471,-0.293,1,1
0,4,30,0,N,nb12,545,0.752,1.088,1,0
0,4,30,0,N,nb13,545,1.299,-0.13,2,1
0,4,30,0,N,nb14,545,-0.6,-0.886,3,1
0,4,30,0,N,nb15,545,1.638,0.057,2,1
0,4,30,0,N,nb16,545,1.73,0.274,2,1
0,4,30,0,N,nb17,545,-0.835,-0.949,2,1
0,4,30,0,N,nb18,545,-1.717,-0.24,1,1
0,4,30,0,N,nb19,545,0.985,1.128,1,0
0,4,30,0,N,nb20,545,-0.048,-1.392,1,1
0,4,30,0,N,nb21,545,0.905,0.033,1,1
0,4,30,0,N,nb22,545,0.542,1.46,1,1
0,4,30,0,N,nb23,545,0.518,1.705,2,1
0,4,30,0,N,nb24,545,-0.386,-0.775,1,1
0,4,30,0,N,nb25,545,-1.605,-0.449,3,1
0,4,30,0,N,nb26,545,0.68,0.037,2,1
0,4,30,0,N,nb27,545,-1.317,-0.798,1,1
0,4,30,0,N,nb28,545,-1.395,-0.574,3,1
0,4,30,0,N,nb29,545,0.111,1.866,1,1
0,4,30,0,N,nb0,550,-1.69,-0.671,1,1
0,4,30,0,N,nb1,550,0.341,1.866,2,1
0,4,30,0,N,nb2,550,1.415,0.086,2,1
0,4,30,0,N,nb3,550,-1.185,-0.464,1,1
0,4,30,0,N,nb4,550,-0.686,-1.11,2,1
0,4,30,0,N,nb5,550,0.475,-0.089,1,1
0,4,30,0,N,nb6,550,0.285,-0.515,1,1
0,4,30,0,N,nb7,550,1.56,0.454,1,1
0,4,30,0,N,nb8,550,0.235,-0.699,1,1
0,4,30,0,N,nb9,550,0.148,-0.984,1,1
0,4,30,0,N,nb10,550,0.032,-1.164,2,1
0,4,30,0,N,nb11,550,1.471,-0.293,1,1
0,4,30,0,N,nb12,550,0.752,1.088,1,1
0,4,30,0,N,nb13,550,1.299,-0.13,2,1
0,4,30,0,N,nb14,550,-0.6,-0.886,3,1
0,4,30,0,N,nb15,550,1.638,0.057,2,1
0,4,30,0,N,nb16,550,1.73,0.274,2,1
0,4,30,0,N,nb17,550,-0.835,-0.949,2,1
0,4,30,0,N,nb18,550,-1.717,-0.24,1,1
0,4,30,0,N,nb19,550,0.985,1.128,1,1
0,4,30,0,N,nb20,550,-0.048,-1.392,1,1
0,4,30,0,N,nb21,550,0.905,0.033,1,1
0,4,30,0,N,nb22,550,0.542,1.46,1,1
0,4,30,0,N,nb23,550,0.518,1.705,2,1
0,4,30,0,N,nb24,550,-0.386,-0.775,1,1
0,4,30,0,N,nb25,550,-1.605,-0.449,3,1
0,4,30,0,N,nb26,550,0.68,0.037,2,1
0,4,30,0,N,nb27,550,-1.317,-0.798,1,1
0,4,30,0,N,nb28,550,-1.395,-0.574,3,1
0,4,30,0,N,nb29,550,0.111,1.866,1,1
0,4,30,0,N,nb0,555,-1.69,-0.671,1,1
0,4,30,0,N,nb1,555,0.341,1.866,2,1
0,4,30,0,N,nb2,555,1.415,0.086,2,1
0,4,30,0,N,nb3,555,-1.185,-0.464,1,1
0,4,30,0,N,nb4,555,-0.686,-1.11,2,1
0,4,30,0,N,nb5,555,0.475,-0.089,1,1
0,4,30,0,N,nb6,555,0.285,-0.515,1,1
0,4,30,0,N,nb7,555,1.56,0.454,1,1
0,4,30,0,N,nb8,555,0.235,-0.699,1,1
0,4,30,0,N,nb9,555,0.148,-0.984,1,1
0,4,30,0,N,nb10,555,0.032,-1.164,2,1
0,4,30,0,N,nb11,555,1.471,-0.293,1,1
0,4,30,0,N,nb12,555,0.752,1.088,1,1
0,4,30,0,N,nb13,555,1.299,-0.13,2,1
0,4,30,0,N,nb14,555,-0.6,-0.886,3,1
0,4,30,0,N,nb15,555,1.638,0.057,2,1
0,4,30,0,N,nb16,555,1.73,0.274,2,1
0,4,30,0,N,nb17,555,-0.835,-0.949,2,1
0,4,30,0,N,nb18,555,-1.717,-0.24,1,1
0,4,30,0,N,nb19,555,0.985,1.128,1,1
0,4,30,0,N,nb20,555,-0.048,-1.392,1,1
0,4,30,0,N,nb21,555,0.905,0.033,1,1
0,4,30,0,N,nb22,555,0.542,1.46,1,1
0,4,30,0,N,nb23,555,0.518,1.705,2,1
0,4,30,0,N,nb24,555,-0.386,-0.775,1,1
0,4,30,0,N,nb25,555,-1.605,-0.449,3,1
0,4,30,0,N,nb26,555,0.68,0.037,2,1
0,4,30,0,N,nb27,555,-1.317,-0.798,1,1
0,4,30,0,N,nb28,555,-1.395,-0.574,3,1
0,4,30,0,N,nb29,555,0.111,1.866,1,1
0,4,30,0,N,nb0,560,-1.69,-0.671,1,1
0,4,30,0,N,nb1,560,0.341,1.866,2,1
0,4,30,0,N,nb2,560,1.415,0.086,2,1
0,4,30,0,N,nb3,560,-1.185,-0.464,1,1
0,4,30,0,N,nb4,560,-0.686,-1.11,2,1
0,4,30,0,N,nb5,560,0.475,-0.089,1,1
0,4,30,0,N,nb6,560,0.285,-0.515,1,1
0,4,30,0,N,nb7,560,1.56,0.454,1,1
0,4,30,0,N,nb8,560,0.235,-0.699,1,1
0,4,30,0,N,nb9,560,0.148,-0.984,1,1
0,4,30,0,N,nb10,560,0.032,-1.164,2,1
0,4,30,0,N,nb11,560,1.471,-0.293,1,1
0,4,30,0,N,nb12,560,0.752,1.088,1,1
0,4,30,0,N,nb13,560,1.299,-0.13,2,1
0,4,30,0,N,nb14,560,-0.6,-0.886,3,0
0,4,30,0,N,nb15,560,1.638,0.057,2,1
0,4,30,0,N,nb16,560,1.73,0.274,2,1
0,4,30,0,N,nb17,560,-0.835,-0.949,2,1
0,4,30,0,N,nb18,560,-1.717,-0.24,1,1
0,4,30,0,N,nb19,560,0.985,1.128,1,1
0,4,30,0,N,nb20,560,-0.048,-1.392,1,1
0,4,30,0,N,nb21,560,0.905,0.033,1,1
0,4,30,0,N,nb22,560,0.542,1.46,1,1
0,4,30,0,N,nb23,560,0.518,1.705,2,1
0,4,30,0,N,nb24,560,-0.386,-0.775,1,1
0,4,30,0,N,nb25,560,-1.605,-0.449,3,1
0,4,30,0,N,nb26,560,0.68,0.037,2,1
0,4,30,0,N,nb27,560,-1.317,-0.798,1,1
0,4,30,0,N,nb28,560,-1.395,-0.574,3,1
0,4,30,0,N,nb29,560,0.111,1.866,1,1
0,4,30,0,N,nb0,565,-1.69,-0.671,1,1
0,4,30,0,N,nb1,565,0.341,1.866,2,1
0,4,30,0,N,nb2,565,1.415,0.086,2,1
0,4,30,0,N,nb3,565,-1.185,-0.464,1,1
0,4,30,0,N,nb4,565,-0.686,-1.11,2,1
0,4,30,0,N,nb5,565,0.475,-0.089,1,1
0,4,30,0,N,nb6,565,0.285,-0.515,1,1
0,4,30,0,N,nb7,565,1.56,0.454,1,1
0,4,30,0,N,nb8,565,0.235,-0.699,1,1
0,4,30,0,N,nb9,565,0.148,-0.984,1,1
0,4,30,0,N,nb10,565,0.032,-1.164,2,1
0,4,30,0,N,nb11,565,1.471,-0.293,1,1
0,4,30,0,N,nb12,565,0.752,1.088,1,1
0,4,30,0,N,nb13,565,1.299,-0.13,2,1
0,4,30,0,N,nb14,565,-0.6,-0.886,3,1
0,4,30,0,N,nb15,565,1.638,0.057,2,1
0,4,30,0,N,nb16,565,1.73,0.274,2,1
0,4,30,0,N,nb17,565,-0.835,-0.949,2,1
0,4,30,0,N,nb18,565,-1.717,-0.24,1,1
0,4,30,0,N,nb19,565,0.985,1.128,1,1
0,4,30,0,N,nb20,565,-0.048,-1.392,1,1
0,4,30,0,N,nb21,565,0.905,0.033,1,1
0,4,30,0,N,nb22,565,0.542,1.46,1,1
0,4,30,0,N,nb23,565,0.518,1.705,2,1
0,4,30,0,N,nb24,565,-0.386,-0.775,1,1
0,4,30,0,N,nb25,565,-1.605,-0.449,3,1
0,4,30,0,N,nb26,565,0.68,0.037,2,1
0,4,30,0,N,nb27,565,-1.317,-0.798,1,1
0,4,30,0,N,nb28,565,-1.395,-0.574,3,1
0,4,30,0,N,nb29,565,0.111,1.866,1,1
0,4,30,0,N,nb0,570,-1.69,-0.671,1,1
0,4,30,0,N,nb1,570,0.341,1.866,2,1
0,4,30,0,N,nb2,570,1.415,0.086,2,1
0,4,30,0,N,nb3,570,-1.185,-0.464,1,1
0,4,30,0,N,nb4,570,-0.686,-1.11,2,1
0,4,30,0,N,nb5,570,0.475,-0.089,1,1
0,4,30,0,N,nb6,570,0.285,-0.515,1,1
0,4,30,0,N,nb7,570,1.56,0.454,1,1
0,4,30,0,N,nb8,570,0.235,-0.699,1,1
0,4,30,0,N,nb9,570,0.148,-0.984,1,1
0,4,30,0,N,nb10,570,0.032,-1.164,2,1
0,4,30,0,N,nb11,570,1.471,-0.293,1,1
0,4,30,0,N,nb12,570,0.752,1.088,1,1
0,4,30,0,N,nb13,570,1.299,-0.13,2,1
0,4,30,0,N,nb14,570,-0.6,-0.886,3,1
0,4,30,0,N,nb15,570,1.638,0.057,2,1
0,4,30,0,N,nb16,570,1.73,0.274,2,0
0,4,30,0,N,nb17,570,-0.835,-0.949,2,1
0,4,30,0,N,nb18,570,-1.717,-0.24,1,1
0,4,30,0,N,nb19,570,0.985,1.128,1,1
0,4,30,0,N,nb20,570,-0.048,-1.392,1,1
0,4,30,0,N,nb21,570,0.905,0.033,1,0
0,4,30,0,N,nb22,570,0.542,1.46,1,1
0,4,30,0,N,nb23,570,0.518,1.705,2,1
0,4,30,0,N,nb24,570,-0.386,-0.775,1,1
0,4,30,0,N,nb25,570,-1.605,-0.449,3,1
0,4,30,0,N,nb26,570,0.68,0.037,2,0
0,4,30,0,N,nb27,570,-1.317,-0.798,1,1
0,4,30,0,N,nb28,570,-1.395,-0.574,3,1
0,4,30,0,N,nb29,570,0.111,1.866,1,1
0,4,30,0,N,nb0,575,-1.69,-0.671,1,1
0,4,30,0,N,nb1,575,0.341,1.866,2,1
0,4,30,0,N,nb2,575,1.415,0.086,2,1
0,4,30,0,N,nb3,575,-1.185,-0.464,1,1
0,4,30,0,N,nb4,575,-0.686,-1.11,2,1
0,4,30,0,N,nb5,575,0.475,-0.089,1,1
0,4,30,0,N,nb6,575,0.285,-0.515,1,1
0,4,30,0,N,nb7,575,1.56,0.454,1,1
0,4,30,0,N,nb8,575,0.235,-0.699,1,1
0,4,30,0,N,nb9,575,0.148,-0.984,1,1
0,4,30,0,N,nb10,575,0.032,-1.164,2,1
0,4,30,0,N,nb11,575,1.471,-0.293,1,1
0,4,30,0,N,nb12,575,0.752,1.088,1,1
0,4,30,0,N,nb13,575,1.299,-0.13,2,1
0,4,30,0,N,nb14,575,-0.6,-0.886,3,1
0,4,30,0,N,nb15,575,1.638,0.057,2,1
0,4,30,0,N,nb16,575,1.73,0.274,2,1
0,4,30,0,N,nb17,575,-0.835,-0.949,2,1
0,4,30,0,N,nb18,575,-1.717,-0.24,1,1
0,4,30,0,N,nb19,575,0.985,1.128,1,1
0,4,30,0,N,nb20,575,-0.048,-1.392,1,1
0,4,30,0,N,nb21,575,0.905,0.033,1,1
0,4,30,0,N,nb22,575,0.542,1.46,1,1
0,4,30,0,N,nb23,575,0.518,1.705,2,1
0,4,30,0,N,nb24,575,-0.386,-0.775,1,1
0,4,30,0,N,nb25,575,-1.605,-0.449,3,1
0,4,30,0,N,nb26,575,0.68,0.037,2,1
0,4,30,0,N,nb27,575,-1.317,-0.798,1,0
0,4,30,0,N,nb28,575,-1.395,-0.574,3,1
0,4,30,0,N,nb29,575,0.111,1.866,1,1
0,4,30,0,N,nb0,580,-1.69,-0.671,1,0
0,4,30,0,N,nb1,580,0.341,1.866,2,1
0,4,30,0,N,nb2,580,1.415,0.086,2,1
0,4,30,0,N,nb3,580,-1.185,-0.464,1,1
0,4,30,0,N,nb4,580,-0.686,-1.11,2,1
0,4,30,0,N,nb5,580,0.475,-0.089,1,1
0,4,30,0,N,nb6,580,0.285,-0.515,1,1
0,4,30,0,N,nb7,580,1.56,0.454,1,1
0,4,30,0,N,nb8,580,0.235,-0.699,1,1
0,4,30,0,N,nb9,580,0.148,-0.984,1,1
0,4,30,0,N,nb10,580,0.032,-1.164,2,1
0,4,30,0,N,nb11,580,1.471,-0.293,1,0
0,4,30,0,N,nb12,580,0.752,1.088,1,1
0,4,30,0,N,nb13,580,1.299,-0.13,2,1
0,4,30,0,N,nb14,580,-0.6,-0.886,3,1
0,4,30,0,N,nb15,580,1.638,0.057,2,1
0,4,30,0,N,nb16,580,1.73,0.274,2,1
0,4,30,0,N,nb17,580,-0.835,-0.949,2,1
0,4,30,0,N,nb18,580,-1.717,-0.24,1,1
0,4,30,0,N,nb19,580,0.985,1.128,1,1
0,4,30,0,N,nb20,580,-0.048,-1.392,1,1
0,4,30,0,N,nb21,580,0.905,0.033,1,1
0,4,30,0,N,nb22,580,0.542,1.46,1,1
0,4,30,0,N,nb23,580,0.518,1.705,2,1
0,4,30,0,N,nb24,580,-0.386,-0.775,1,1
0,4,30,0,N,nb25,580,-1.605,-0.449,3,1
0,4,30,0,N,nb26,580,0.68,0.037,2,1
0,4,30,0,N,nb27,580,-1.317,-0.798,1,1
0,4,30,0,N,nb28,580,-1.395,-0.574,3,1
0,4,30,0,N,nb29,580,0.111,1.866,1,1
0,4,30,0,N,nb0,585,-1.69,-0.671,1,1
0,4,30,0,N,nb1,585,0.341,1.866,2,1
0,4,30,0,N,nb2,585,1.415,0.086,2,1
0,4,30,0,N,nb3,585,-1.185,-0.464,1,1
0,4,30,0,N,nb4,585,-0.686,-1.11,2,1
0,4,30,0,N,nb5,585,0.475,-0.089,1,1
0,4,30,0,N,nb6,585,0.285,-0.515,1,1
0,4,30,0,N,nb7,585,1.56,0.454,1,1
0,4,30,0,N,nb8,585,0.235,-0.699,1,1
0,4,30,0,N,nb9,585,0.148,-0.984,1,1
0,4,30,0,N,nb10,585,0.032,-1.164,2,1
0,4,30,0,N,nb11,585,1.471,-0.293,1,1
0,4,30,0,N,nb12,585,0.752,1.088,1,1
0,4,30,0,N,nb13,585,1.299,-0.13,2,1
0,4,30,0,N,nb14,585,-0.6,-0.886,3,1
0,4,30,0,N,nb15,585,1.638,0.057,2,1
0,4,30,0,N,nb16,585,1.73,0.274,2,1
0,4,30,0,N,nb17,585,-0.835,-0.949,2,1
0,4,30,0,N,nb18,585,-1.717,-0.24,1,1
0,4,30,0,N,nb19,585,0.985,1.128,1,1
0,4,30,0,N,nb20,585,-0.048,-1.392,1,1
0,4,30,0,N,nb21,585,0.905,0.033,1,1
0,4,30,0,N,nb22,585,0.542,1.46,1,0
0,4,30,0,N,nb23,585,0.518,1.705,2,0
0,4,30,0,N,nb24,585,-0.386,-0.775,1,1
0,4,30,0,N,nb25,585,-1.605,-0.449,3,1
0,4,30,0,N,nb26,585,0.68,0.037,2,1
0,4,30,0,N,nb27,585,-1.317,-0.798,1,1
0,4,30,0,N,nb28,585,-1.395,-0.574,3,1
0,4,30,0,N,nb29,585,0.111,1.866,1,1
0,4,30,0,N,nb0,590,-1.69,-0.671,1,1
0,4,30,0,N,nb1,590,0.341,1.866,2,1
0,4,30,0,N,nb2,590,1.415,0.086,2,1
0,4,30,0,N,nb3,590,-1.185,-0.464,1,1
0,4,30,0,N,nb4,590,-0.686,-1.11,2,1
0,4,30,0,N,nb5,590,0.475,-0.089,1,1
0,4,30,0,N,nb6,590,0.285,-0.515,1,1
0,4,30,0,N,nb7,590,1.56,0.454,1,1
0,4,30,0,N,nb8,590,0.235,-0.699,1,1
0,4,30,0,N,nb9,590,0.148,-0.984,1,1
0,4,30,0,N,nb10,590,0.032,-1.164,2,1
0,4,30,0,N,nb11,590,1.471,-0.293,1,1
0,4,30,0,N,nb12,590,0.752,1.088,1,1
0,4,30,0,N,nb13,590,1.299,-0.13,2,1
0,4,30,0,N,nb14,590,-0.6,-0.886,3,1
0,4,30,0,N,nb15,590,1.638,0.057,2,1
0,4,30,0,N,nb16,590,1.73,0.274,2,1
0,4,30,0,N,nb17,590,-0.835,-0.949,2,1
0,4,30,0,N,nb18,590,-1.717,-0.24,1,1
0,4,30,0,N,nb19,590,0.985,1.128,1,1
0,4,30,0,N,nb20,590,-0.048,-1.392,1,1
0,4,30,0,N,nb21,590,0.905,0.033,1,1
0,4,30,0,N,nb22,590,0.542,1.46,1,1
0,4,30,0,N,nb23,590,0.518,1.705,2,1
0,4,30,0,N,nb24,590,-0.386,-0.775,1,1
0,4,30,0,N,nb25,590,-1.605,-0.449,3,1
0,4,30,0,N,nb26,590,0.68,0.037,2,1
0,4,30,0,N,nb27,590,-1.317,-0.798,1,1
0,4,30,0,N,nb28,590,-1.395,-0.574,3,1
0,4,30,0,N,nb29,590,0.111,1.866,1,1
0,4,30,0,N,nb0,595,-1.69,-0.671,1,1
0,4,30,0,N,nb1,595,0.341,1.866,2,1
0,4,30,0,N,nb2,595,1.415,0.086,2,1
0,4,30,0,N,nb3,595,-1.185,-0.464,1,1
0,4,30,0,N,nb4,595,-0.686,-1.11,2,1
0,4,30,0,N,nb5,595,0.475,-0.089,1,0
0,4,30,0,N,nb6,595,0.285,-0.515,1,1
0,4,30,0,N,nb7,595,1.56,0.454,1,1
0,4,30,0,N,nb8,595,0.235,-0.699,1,1
0,4,30,0,N,nb9,595,0.148,-0.984,1,1
0,4,30,0,N,nb10,595,0.032,-1.164,2,1
0,4,30,0,N,nb11,595,1.471,-0.293,1,1
0,4,30,0,N,nb12,595,0.752,1.088,1,1
0,4,30,0,N,nb13,595,1.299,-0.13,2,1
0,4,30,0,N,nb14,595,-0.6,-0.886,3,1
0,4,30,0,N,nb15,595,1.638,0.057,2,1
0,4,30,0,N,nb16,595,1.73,0.274,2,1
0,4,30,0,N,nb17,595,-0.835,-0.949,2,1
0,4,30,0,N,nb18,595,-1.717,-0.24,1,1
0,4,30,0,N,nb19,595,0.985,1.128,1,1
0,4,30,0,N,nb20,595,-0.048,-1.392,1,1
0,4,30,0,N,nb21,595,0.905,0.033,1,1
0,4,30,0,N,nb22,595,0.542,1.46,1,1
0,4,30,0,N,nb23,595,0.518,1.705,2,1
0,4,30,0,N,nb24,595,-0.386,-0.775,1,1
0,4,30,0,N,nb25,595,-1.605,-0.449,3,1
0,4,30,0,N,nb26,595,0.68,0.037,2,1
0,4,30,0,N,nb27,595,-1.317,-0.798,1,1
0,4,30,0,N,nb28,595,-1.395,-0.574,3,1
0,4,30,0,N,nb29,595,0.111,1.866,1,1
0,4,30,0,N,nb0,600,-1.69,-0.671,1,1
0,4,30,0,N,nb1,600,0.341,1.866,2,1
0,4,30,0,N,nb2,600,1.415,0.086,2,1
0,4,30,0,N,nb3,600,-1.185,-0.464,1,1
0,4,30,0,N,nb4,600,-0.686,-1.11,2,1
0,4,30,0,N,nb5,600,0.475,-0.089,1,1
0,4,30,0,N,nb6,600,0.285,-0.515,1,1
0,4,30,0,N,nb7,600,1.56,0.454,1,1
0,4,30,0,N,nb8,600,0.235,-0.699,1,1
0,4,30,0,N,nb9,600,0.148,-0.984,1,1
0,4,30,0,N,nb10,600,0.032,-1.164,2,1
0,4,30,0,N,nb11,600,1.471,-0.293,1,1
0,4,30,0,N,nb12,600,0.752,1.088,1,1
0,4,30,0,N,nb13,600,1.299,-0.13,2,1
0,4,30,0,N,nb14,600,-0.6,-0.886,3,1
0,4,30,0,N,nb15,600,1.638,0.057,2,1
0,4,30,0,N,nb16,600,1.73,0.274,2,1
0,4,30,0,N,nb17,600,-0.835,-0.949,2,1
0,4,30,0,N,nb18,600,-1.717,-0.24,1,1
0,4,30,0,N,nb19,600,0.985,1.128,1,1
0,4,30,0,N,nb20,600,-0.048,-1.392,1,1
0,4,30,0,N,nb21,600,0.905,0.033,1,1
0,4,30,0,N,nb22,600,0.542,1.46,1,1
0,4,30,0,N,nb23,600,0.518,1.705,2,1
0,4,30,0,N,nb24,600,-0.386,-0.775,1,1
0,4,30,0,N,nb25,600,-1.605,-0.449,3,1
0,4,30,0,N,nb26,600,0.68,0.037,2,1
0,4,30,0,N,nb27,600,-1.317,-0.798,1,1
0,4,30,0,N,nb28,600,-1.395,-0.574,3,1
0,4,30,0,N,nb29,600,0.111,1.866,1,1
0,4,30,0,N,nb0,605,-1.69,-0.671,1,1
0,4,30,0,N,nb1,605,0.341,1.866,2,1
0,4,30,0,N,nb2,605,1.415,0.086,2,1
0,4,30,0,N,nb3,605,-1.185,-0.464,1,1
0,4,30,0,N,nb4,605,-0.686,-1.11,2,1
0,4,30,0,N,nb5,605,0.475,-0.089,1,1
0,4,30,0,N,nb6,605,0.285,-0.515,1,1
0,4,30,0,N,nb7,605,1.56,0.454,1,1
0,4,30,0,N,nb8,605,0.235,-0.699,1,1
0,4,30,0,N,nb9,605,0.148,-0.984,1,1
0,4,30,0,N,nb10,605,0.032,-1.164,2,1
0,4,30,0,N,nb11,605,1.471,-0.293,1,1
0,4,30,0,N,nb12,605,0.752,1.088,1,1
0,4,30,0,N,nb13,605,1.299,-0.13,2,1
0,4,30,0,N,nb14,605,-0.6,-0.886,3,1
0,4,30,0,N,nb15,605,1.638,0.057,2,1
0,4,30,0,N,nb16,605,1.73,0.274,2,1
0,4,30,0,N,nb17,605,-0.835,-0.949,2,1
0,4,30,0,N,nb18,605,-1.717,-0.24,1,1
0,4,30,0,N,nb19,605,0.985,1.128,1,1
0,4,30,0,N,nb20,605,-0.048,-1.392,1,1
0,4,30,0,N,nb21,605,0.905,0.033,1,1
0,4,30,0,N,nb22,605,0.542,1.46,1,1
0,4,30,0,N,nb23,605,0.518,1.705,2,1
0,4,30,0,N,nb24,605,-0.386,-0.775,1,1
0,4,30,0,N,nb25,605,-1.605,-0.449,3,1
0,4,30,0,N,nb26,605,0.68,0.037,2,1
0,4,30,0,N,nb27,605,-1.317,-0.798,1,1
0,4,30,0,N,nb28,605,-1.395,-0.574,3,1
0,4,30,0,N,nb29,605,0.111,1.866,1,1
0,4,30,0,N,nb0,610,-1.69,-0.671,1,1
0,4,30,0,N,nb1,610,0.341,1.866,2,1
0,4,30,0,N,nb2,610,1.415,0.086,2,1
0,4,30,0,N,nb3,610,-1.185,-0.464,1,1
0,4,30,0,N,nb4,610,-0.686,-1.11,2,1
0,4,30,0,N,nb5,610,0.475,-0.089,1,1
0,4,30,0,N,nb6,610,0.285,-0.515,1,1
0,4,30,0,N,nb7,610,1.56,0.454,1,1
0,4,30,0,N,nb8,610,0.235,-0.699,1,1
0,4,30,0,N,nb9,610,0.148,-0.984,1,1
0,4,30,0,N,nb10,610,0.032,-1.164,2,1
0,4,30,0,N,nb11,610,1.471,-0.293,1,1
0,4,30,0,N,nb12,610,0.752,1.088,1,1
0,4,30,0,N,nb13,610,1.299,-0.13,2,1
0,4,30,0,N,nb14,610,-0.6,-0.886,3,1
0,4,30,0,N,nb15,610,1.638,0.057,2,1
0,4,30,0,N,nb16,610,1.73,0.274,2,1
0,4,30,0,N,nb17,610,-0.835,-0.949,2,1
0,4,30,0,N,nb18,610,-1.717,-0.24,1,1
0,4,30,0,N,nb19,610,0.985,1.128,1,1
0,4,30,0,N,nb20,610,-0.048,-1.392,1,1
0,4,30,0,N,nb21,610,0.905,0.033,1,1
0,4,30,0,N,nb22,610,0.542,1.46,1,1
0,4,30,0,N,nb23,610,0.518,1.705,2,1
0,4,30,0,N,nb24,610,-0.386,-0.775,1,1
0,4,30,0,N,nb25,610,-1.605,-0.449,3,1
0,4,30,0,N,nb26,610,0.68,0.037,2,1
0,4,30,0,N,nb27,610,-1.317,-0.798,1,1
0,4,30,0,N,nb28,610,-1.395,-0.574,3,1
0,4,30,0,N,nb29,610,0.111,1.866,1,0
0,4,30,0,N,nb0,615,-1.69,-0.671,1,1
0,4,30,0,N,nb1,615,0.341,1.866,2,1
0,4,30,0,N,nb2,615,1.415,0.086,2,1
0,4,30,0,N,nb3,615,-1.185,-0.464,1,1
0,4,30,0,N,nb4,615,-0.686,-1.11,2,1
0,4,30,0,N,nb5,615,0.475,-0.089,1,1
0,4,30,0,N,nb6,615,0.285,-0.515,1,1
0,4,30,0,N,nb7,615,1.56,0.454,1,1
0,4,30,0,N,nb8,615,0.235,-0.699,1,1
0,4,30,0,N,nb9,615,0.148,-0.984,1,1
0,4,30,0,N,nb10,615,0.032,-1.164,2,1
0,4,30,0,N,nb11,615,1.471,-0.293,1,1
0,4,30,0,N,nb12,615,0.752,1.088,1,1
0,4,30,0,N,nb13,615,1.299,-0.13,2,1
0,4,30,0,N,nb14,615,-0.6,-0.886,3,1
0,4,30,0,N,nb15,615,1.638,0.057,2,1
0,4,30,0,N,nb16,615,1.73,0.274,2,1
0,4,30,0,N,nb17,615,-0.835,-0.949,2,1
0,4,30,0,N,nb18,615,-1.717,-0.24,1,1
0,4,30,0,N,nb19,615,0.985,1.128,1,1
0,4,30,0,N,nb20,615,-0.048,-1.392,1,0
0,4,30,0,N,nb21,615,0.905,0.033,1,1
0,4,30,0,N,nb22,615,0.542,1.46,1,1
0,4,30,0,N,nb23,615,0.518,1.705,2,1
0,4,30,0,N,nb24,615,-0.386,-0.775,1,1
0,4,30,0,N,nb25,615,-1.605,-0.449,3,1
0,4,30,0,N,nb26,615,0.68,0.037,2,1
0,4,30,0,N,nb27,615,-1.317,-0.798,1,1
0,4,30,0,N,nb28,615,-1.395,-0.574,3,1
0,4,30,0,N,nb29,615,0.111,1.866,1,1
0,4,30,0,N,nb0,620,-1.69,-0.671,1,1
0,4,30,0,N,nb1,620,0.341,1.866,2,1
0,4,30,0,N,nb2,620,1.415,0.086,2,1
0,4,30,0,N,nb3,620,-1.185,-0.464,1,1
0,4,30,0,N,nb4,620,-0.686,-1.11,2,0
0,4,30,0,N,nb5,620,0.475,-0.089,1,1
0,4,30,0,N,nb6,620,0.285,-0.515,1,0
0,4,30,0,N,nb7,620,1.56,0.454,1,1
0,4,30,0,N,nb8,620,0.235,-0.699,1,0
0,4,30,0,N,nb9,620,0.148,-0.984,1,0
0,4,30,0,N,nb10,620,0.032,-1.164,2,0
0,4,30,0,N,nb11,620,1.471,-0.293,1,1
0,4,30,0,N,nb12,620,0.752,1.088,1,1
0,4,30,0,N,nb13,620,1.299,-0.13,2,0
0,4,30,0,N,nb14,620,-0.6,-0.886,3,1
0,4,30,0,N,nb15,620,1.638,0.057,2,1
0,4,30,0,N,nb16,620,1.73,0.274,2,1
0,4,30,0,N,nb17,620,-0.835,-0.949,2,0
0,4,30,0,N,nb18,620,-1.717,-0.24,1,1
0,4,30,0,N,nb19,620,0.985,1.128,1,1
0,4,30,0,N,nb20,620,-0.048,-1.392,1,1
0,4,30,0,N,nb21,620,0.905,0.033,1,1
0,4,30,0,N,nb22,620,0.542,1.46,1,1
0,4,30,0,N,nb23,620,0.518,1.705,2,1
0,4,30,0,N,nb24,620,-0.386,-0.775,1,1
0,4,30,0,N,nb25,620,-1.605,-0.449,3,1
0,4,30,0,N,nb26,620,0.68,0.037,2,1
0,4,30,0,N,nb27,620,-1.317,-0.798,1,1
0,4,30,0,N,nb28,620,-1.395,-0.574,3,1
0,4,30,0,N,nb29,620,0.111,1.866,1,1
0,4,30,0,N,nb0,625,-1.69,-0.671,1,1
0,4,30,0,N,nb1,625,0.341,1.866,2,1
0,4,30,0,N,nb2,625,1.415,0.086,2,1
0,4,30,0,N,nb3,625,-1.185,-0.464,1,0
0,4,30,0,N,nb4,625,-0.686,-1.11,2,1
0,4,30,0,N,nb5,625,0.475,-0.089,1,1
0,4,30,0,N,nb6,625,0.285,-0.515,1,1
0,4,30,0,N,nb7,625,1.56,0.454,1,1
0,4,30,0,N,nb8,625,0.235,-0.699,1,1
0,4,30,0,N,nb9,625,0.148,-0.984,1,1
0,4,30,0,N,nb10,625,0.032,-1.164,2,1
0,4,30,0,N,nb11,625,1.471,-0.293,1,1
0,4,30,0,N,nb12,625,0.752,1.088,1,1
0,4,30,0,N,nb13,625,1.299,-0.13,2,1
0,4,30,0,N,nb14,625,-0.6,-0.886,3,1
0,4,30,0,N,nb15,625,1.638,0.057,2,1
0,4,30,0,N,nb16,625,1.73,0.274,2,1
0,4,30,0,N,nb17,625,-0.835,-0.949,2,1
0,4,30,0,N,nb18,625,-1.717,-0.24,1,1
0,4,30,0,N,nb19,625,0.985,1.128,1,1
0,4,30,0,N,nb20,625,-0.048,-1.392,1,1
0,4,30,0,N,nb21,625,0.905,0.033,1,1
0,4,30,0,N,nb22,625,0.542,1.46,1,1
0,4,30,0,N,nb23,625,0.518,1.705,2,1
0,4,30,0,N,nb24,625,-0.386,-0.775,1,1
0,4,30,0,N,nb25,625,-1.605,-0.449,3,1
0,4,30,0,N,nb26,625,0.68,0.037,2,1
0,4,30,0,N,nb27,625,-1.317,-0.798,1,1
0,4,30,0,N,nb28,625,-1.395,-0.574,3,0
0,4,30,0,N,nb29,625,0.111,1.866,1,1
0,4,30,0,N,nb0,630,-1.69,-0.671,1,1
0,4,30,0,N,nb1,630,0.341,1.866,2,1
0,4,30,0,N,nb2,630,1.415,0.086,2,1
0,4,30,0,N,nb3,630,-1.185,-0.464,1,1
0,4,30,0,N,nb4,630,-0.686,-1.11,2,1
0,4,30,0,N,nb5,630,0.475,-0.089,1,1
0,4,30,0,N,nb6,630,0.285,-0.515,1,1
0,4,30,0,N,nb7,630,1.56,0.454,1,1
0,4,30,0,N,nb8,630,0.235,-0.699,1,1
0,4,30,0,N,nb9,630,0.148,-0.984,1,1
0,4,30,0,N,nb10,630,0.032,-1.164,2,1
0,4,30,0,N,nb11,630,1.471,-0.293,1,1
0,4,30,0,N,nb12,630,0.752,1.088,1,1
0,4,30,0,N,nb13,630,1.299,-0.13,2,1
0,4,30,0,N,nb14,630,-0.6,-0.886,3,1
0,4,30,0,N,nb15,630,1.638,0.057,2,1
0,4,30,0,N,nb16,630,1.73,0.274,2,1
0,4,30,0,N,nb17,630,-0.835,-0.949,2,1
0,4,30,0,N,nb18,630,-1.717,-0.24,1,1
0,4,30,0,N,nb19,630,0.985,1.128,1,1
0,4,30,0,N,nb20,630,-0.048,-1.392,1,1
0,4,30,0,N,nb21,630,0.905,0.033,1,1
0,4,30,0,N,nb22,630,0.542,1.46,1,1
0,4,30,0,N,nb23,630,0.518,1.705,2,1
0,4,30,0,N,nb24,630,-0.386,-0.775,1,1
0,4,30,0,N,nb25,630,-1.605,-0.449,3,1
0,4,30,0,N,nb26,630,0.68,0.037,2,1
0,4,30,0,N,nb27,630,-1.317,-0.798,1,1
0,4,30,0,N,nb28,630,-1.395,-0.574,3,1
0,4,30,0,N,nb29,630,0.111,1.866,1,1
0,4,30,0,N,nb0,635,-1.69,-0.671,1,1
0,4,30,0,N,nb1,635,0.341,1.866,2,1
0,4,30,0,N,nb2,635,1.415,0.086,2,1
0,4,30,0,N,nb3,635,-1.185,-0.464,1,1
0,4,30,0,N,nb4,635,-0.686,-1.11,2,1
0,4,30,0,N,nb5,635,0.475,-0.089,1,1
0,4,30,0,N,nb6,635,0.285,-0.515,1,1
0,4,30,0,N,nb7,635,1.56,0.454,1,1
0,4,30,0,N,nb8,635,0.235,-0.699,1,1
0,4,30,0,N,nb9,635,0.148,-0.984,1,1
0,4,30,0,N,nb10,635,0.032,-1.164,2,1
0,4,30,0,N,nb11,635,1.471,-0.293,1,1
0,4,30,0,N,nb12,635,0.752,1.088,1,1
0,4,30,0,N,nb13,635,1.299,-0.13,2,1
0,4,30,0,N,nb14,635,-0.6,-0.886,3,1
0,4,30,0,N,nb15,635,1.638,0.057,2,1
0,4,30,0,N,nb16,635,1.73,0.274,2,1
0,4,30,0,N,nb17,635,-0.835,-0.949,2,1
0,4,30,0,N,nb18,635,-1.717,-0.24,1,1
0,4,30,0,N,nb19,635,0.985,1.128,1,1
0,4,30,0,N,nb20,635,-0.048,-1.392,1,1
0,4,30,0,N,nb21,635,0.905,0.033,1,1
0,4,30,0,N,nb22,635,0.542,1.46,1,1
0,4,30,0,N,nb23,635,0.518,1.705,2,1
0,4,30,0,N,nb24,635,-0.386,-0.775,1,1
0,4,30,0,N,nb25,635,-1.605,-0.449,3,1
0,4,30,0,N,nb26,635,0.68,0.037,2,1
0,4,30,0,N,nb27,635,-1.317,-0.798,1,1
0,4,30,0,N,nb28,635,-1.395,-0.574,3,1
0,4,30,0,N,nb29,635,0.111,1.866,1,1
0,4,30,0,N,nb0,640,-1.69,-0.671,1,1
0,4,30,0,N,nb1,640,0.341,1.866,2,0
0,4,30,0,N,nb2,640,1.415,0.086,2,1
0,4,30,0,N,nb3,640,-1.185,-0.464,1,1
0,4,30,0,N,nb4,640,-0.686,-1.11,2,1
0,4,30,0,N,nb5,640,0.475,-0.089,1,1
0,4,30,0,N,nb6,640,0.285,-0.515,1,1
0,4,30,0,N,nb7,640,1.56,0.454,1,0
0,4,30,0,N,nb8,640,0.235,-0.699,1,1
0,4,30,0,N,nb9,640,0.148,-0.984,1,1
0,4,30,0,N,nb10,640,0.032,-1.164,2,1
0,4,30,0,N,nb11,640,1.471,-0.293,1,1
0,4,30,0,N,nb12,640,0.752,1.088,1,1
0,4,30,0,N,nb13,640,1.299,-0.13,2,1
0,4,30,0,N,nb14,640,-0.6,-0.886,3,1
0,4,30,0,N,nb15,640,1.638,0.057,2,1
0,4,30,0,N,nb16,640,1.73,0.274,2,1
0,4,30,0,N,nb17,640,-0.835,-0.949,2,1
0,4,30,0,N,nb18,640,-1.717,-0.24,1,1
0,4,30,0,N,nb19,640,0.985,1.128,1,1
0,4,30,0,N,nb20,640,-0.048,-1.392,1,1
0,4,30,0,N,nb21,640,0.905,0.033,1,1
0,4,30,0,N,nb22,640,0.542,1.46,1,1
0,4,30,0,N,nb23,640,0.518,1.705,2,1
0,4,30,0,N,nb24,640,-0.386,-0.775,1,1
0,4,30,0,N,nb25,640,-1.605,-0.449,3,1
0,4,30,0,N,nb26,640,0.68,0.037,2,1
0,4,30,0,N,nb27,640,-1.317,-0.798,1,1
0,4,30,0,N,nb28,640,-1.395,-0.574,3,1
0,4,30,0,N,nb29,640,0.111,1.866,1,1
0,4,30,0,N,nb0,645,-1.69,-0.671,1,1
0,4,30,0,N,nb1,645,0.341,1.866,2,1
0,4,30,0,N,nb2,645,1.415,0.086,2,1
0,4,30,0,N,nb3,645,-1.185,-0.464,1,1
0,4,30,0,N,nb4,645,-0.686,-1.11,2,1
0,4,30,0,N,nb5,645,0.475,-0.089,1,1
0,4,30,0,N,nb6,645,0.285,-0.515,1,1
0,4,30,0,N,nb7,645,1.56,0.454,1,1
0,4,30,0,N,nb8,645,0.235,-0.699,1,1
0,4,30,0,N,nb9,645,0.148,-0.984,1,1
0,4,30,0,N,nb10,645,0.032,-1.164,2,1
0,4,30,0,N,nb11,645,1.471,-0.293,1,1
0,4,30,0,N,nb12,645,0.752,1.088,1,1
0,4,30,0,N,nb13,645,1.299,-0.13,2,1
0,4,30,0,N,nb14,645,-0.6,-0.886,3,1
0,4,30,0,N,nb15,645,1.638,0.057,2,1
0,4,30,0,N,nb16,645,1.73,0.274,2,1
0,4,30,0,N,nb17,645,-0.835,-0.949,2,1
0,4,30,0,N,nb18,645,-1.717,-0.24,1,1
0,4,30,0,N,nb19,645,0.985,1.128,1,1
0,4,30,0,N,nb20,645,-0.048,-1.392,1,1
0,4,30,0,N,nb21,645,0.905,0.033,1,1
0,4,30,0,N,nb22,645,0.542,1.46,1,1
0,4,30,0,N,nb23,645,0.518,1.705,2,1
0,4,30,0,N,nb24,645,-0.386,-0.775,1,1
0,4,30,0,N,nb25,645,-1.605,-0.449,3,1
0,4,30,0,N,nb26,645,0.68,0.037,2,1
0,4,30,0,N,nb27,645,-1.317,-0.798,1,1
0,4,30,0,N,nb28,645,-1.395,-0.574,3,1
0,4,30,0,N,nb29,645,0.111,1.866,1,1
0,4,30,0,N,nb0,650,-1.69,-0.671,1,1
0,4,30,0,N,nb1,650,0.341,1.866,2,1
0,4,30,0,N,nb2,650,1.415,0.086,2,1
0,4,30,0,N,nb3,650,-1.185,-0.464,1,1
0,4,30,0,N,nb4,650,-0.686,-1.11,2,1
0,4,30,0,N,nb5,650,0.475,-0.089,1,1
0,4,30,0,N,nb6,650,0.285,-0.515,1,1
0,4,30,0,N,nb7,650,1.56,0.454,1,1
0,4,30,0,N,nb8,650,0.235,-0.699,1,1
0,4,30,0,N,nb9,650,0.148,-0.984,1,1
0,4,30,0,N,nb10,650,0.032,-1.164,2,1
0,4,30,0,N,nb11,650,1.471,-0.293,1,1
0,4,30,0,N,nb12,650,0.752,1.088,1,1
0,4,30,0,N,nb13,650,1.299,-0.13,2,1
0,4,30,0,N,nb14,650,-0.6,-0.886,3,1
0,4,30,0,N,nb15,650,1.638,0.057,2,1
0,4,30,0,N,nb16,650,1.73,0.274,2,1
0,4,30,0,N,nb17,650,-0.835,-0.949,2,1
0,4,30,0,N,nb18,650,-1.717,-0.24,1,1
0,4,30,0,N,nb19,650,0.985,1.128,1,1
0,4,30,0,N,nb20,650,-0.048,-1.392,1,1
0,4,30,0,N,nb21,650,0.905,0.033,1,1
0,4,30,0,N,nb22,650,0.542,1.46,1,1
0,4,30,0,N,nb23,650,0.518,1.705,2,1
0,4,30,0,N,nb24,650,-0.386,-0.775,1,1
0,4,30,0,N,nb25,650,-1.605,-0.449,3,1
0,4,30,0,N,nb26,650,0.68,0.037,2,1
0,4,30,0,N,nb27,650,-1.317,-0.798,1,1
0,4,30,0,N,nb28,650,-1.395,-0.574,3,1
0,4,30,0,N,nb29,650,0.111,1.866,1,1
0,4,30,0,N,nb0,655,-1.69,-0.671,1,1
0,4,30,0,N,nb1,655,0.341,1.866,2,1
0,4,30,0,N,nb2,655,1.415,0.086,2,0
0,4,30,0,N,nb3,655,-1.185,-0.464,1,1
0,4,30,0,N,nb4,655,-0.686,-1.11,2,1
0,4,30,0,N,nb5,655,0.475,-0.089,1,1
0,4,30,0,N,nb6,655,0.285,-0.515,1,1
0,4,30,0,N,nb7,655,1.56,0.454,1,1
0,4,30,0,N,nb8,655,0.235,-0.699,1,1
0,4,30,0,N,nb9,655,0.148,-0.984,1,1
0,4,30,0,N,nb10,655,0.032,-1.164,2,1
0,4,30,0,N,nb11,655,1.471,-0.293,1,1
0,4,30,0,N,nb12,655,0.752,1.088,1,1
0,4,30,0,N,nb13,655,1.299,-0.13,2,1
0,4,30,0,N,nb14,655,-0.6,-0.886,3,1
0,4,30,0,N,nb15,655,1.638,0.057,2,0
0,4,30,0,N,nb16,655,1.73,0.274,2,1
0,4,30,0,N,nb17,655,-0.835,-0.949,2,1
0,4,30,0,N,nb18,655,-1.717,-0.24,1,1
0,4,30,0,N,nb19,655,0.985,1.128,1,1
0,4,30,0,N,nb20,655,-0.048,-1.392,1,1
0,4,30,0,N,nb21,655,0.905,0.033,1,1
0,4,30,0,N,nb22,655,0.542,1.46,1,1
0,4,30,0,N,nb23,655,0.518,1.705,2,1
0,4,30,0,N,nb24,655,-0.386,-0.775,1,1
0,4,30,0,N,nb25,655,-1.605,-0.449,3,1
0,4,30,0,N,nb26,655,0.68,0.037,2,1
0,4,30,0,N,nb27,655,-1.317,-0.798,1,1
0,4,30,0,N,nb28,655,-1.395,-0.574,3,1
0,4,30,0,N,nb29,655,0.111,1.866,1,1
0,4,30,0,N,nb0,660,-1.69,-0.671,1,1
0,4,30,0,N,nb1,660,0.341,1.866,2,1
0,4,30,0,N,nb2,660,1.415,0.086,2,1
0,4,30,0,N,nb3,660,-1.185,-0.464,1,1
0,4,30,0,N,nb4,660,-0.686,-1.11,2,1
0,4,30,0,N,nb5,660,0.475,-0.089,1,1
0,4,30,0,N,nb6,660,0.285,-0.515,1,1
0,4,30,0,N,nb7,660,1.56,0.454,1,1
0,4,30,0,N,nb8,660,0.235,-0.699,1,1
0,4,30,0,N,nb9,660,0.148,-0.984,1,1
0,4,30,0,N,nb10,660,0.032,-1.164,2,1
0,4,30,0,N,nb11,660,1.471,-0.293,1,1
0,4,30,0,N,nb12,660,0.752,1.088,1,1
0,4,30,0,N,nb13,660,1.299,-0.13,2,1
0,4,30,0,N,nb14,660,-0.6,-0.886,3,1
0,4,30,0,N,nb15,660,1.638,0.057,2,1
0,4,30,0,N,nb16,660,1.73,0.274,2,1
0,4,30,0,N,nb17,660,-0.835,-0.949,2,1
0,4,30,0,N,nb18,660,-1.717,-0.24,1,1
0,4,30,0,N,nb19,660,0.985,1.128,1,1
0,4,30,0,N,nb20,660,-0.048,-1.392,1,1
0,4,30,0,N,nb21,660,0.905,0.033,1,1
0,4,30,0,N,nb22,660,0.542,1.46,1,1
0,4,30,0,N,nb23,660,0.518,1.705,2,1
0,4,30,0,N,nb24,660,-0.386,-0.775,1,1
0,4,30,0,N,nb25,660,-1.605,-0.449,3,1
0,4,30,0,N,nb26,660,0.68,0.037,2,1
0,4,30,0,N,nb27,660,-1.317,-0.798,1,1
0,4,30,0,N,nb28,660,-1.395,-0.574,3,1
0,4,30,0,N,nb29,660,0.111,1.866,1,1
0,4,30,0,N,nb0,665,-1.69,-0.671,1,1
0,4,30,0,N,nb1,665,0.341,1.866,2,1
0,4,30,0,N,nb2,665,1.415,0.086,2,1
0,4,30,0,N,nb3,665,-1.185,-0.464,1,1
0,4,30,0,N,nb4,665,-0.686,-1.11,2,1
0,4,30,0,N,nb5,665,0.475,-0.089,1,1
0,4,30,0,N,nb6,665,0.285,-0.515,1,1
0,4,30,0,N,nb7,665,1.56,0.454,1,1
0,4,30,0,N,nb8,665,0.235,-0.699,1,1
0,4,30,0,N,nb9,665,0.148,-0.984,1,1
0,4,30,0,N,nb10,665,0.032,-1.164,2,1
0,4,30,0,N,nb11,665,1.471,-0.293,1,1
0,4,30,0,N,nb12,665,0.752,1.088,1,1
0,4,30,0,N,nb13,665,1.299,-0.13,2,1
0,4,30,0,N,nb14,665,-0.6,-0.886,3,1
0,4,30,0,N,nb15,665,1.638,0.057,2,1
0,4,30,0,N,nb16,665,1.73,0.274,2,1
0,4,30,0,N,nb17,665,-0.835,-0.949,2,1
0,4,30,0,N,nb18,665,-1.717,-0.24,1,1
0,4,30,0,N,nb19,665,0.985,1.128,1,1
0,4,30,0,N,nb20,665,-0.048,-1.392,1,1
0,4,30,0,N,nb21,665,0.905,0.033,1,1
0,4,30,0,N,nb22,665,0.542,1.46,1,1
0,4,30,0,N,nb23,665,0.518,1.705,2,1
0,4,30,0,N,nb24,665,-0.386,-0.775,1,1
0,4,30,0,N,nb25,665,-1.605,-0.449,3,1
0,4,30,0,N,nb26,665,0.68,0.037,2,1
0,4,30,0,N,nb27,665,-1.317,-0.798,1,1
0,4,30,0,N,nb28,665,-1.395,-0.574,3,1
0,4,30,0,N,nb29,665,0.111,1.866,1,1
0,4,30,0,N,nb0,670,-1.69,-0.671,1,1
0,4,30,0,N,nb1,670,0.341,1.866,2,1
0,4,30,0,N,nb2,670,1.415,0.086,2,1
0,4,30,0,N,nb3,670,-1.185,-0.464,1,1
0,4,30,0,N,nb4,670,-0.686,-1.11,2,1
0,4,30,0,N,nb5,670,0.475,-0.089,1,1
0,4,30,0,N,nb6,670,0.285,-0.515,1,1
0,4,30,0,N,nb7,670,1.56,0.454,1,1
0,4,30,0,N,nb8,670,0.235,-0.699,1,1
0,4,30,0,N,nb9,670,0.148,-0.984,1,1
0,4,30,0,N,nb10,670,0.032,-1.164,2,1
0,4,30,0,N,nb11,670,1.471,-0.293,1,1
0,4,30,0,N,nb12,670,0.752,1.088,1,1
0,4,30,0,N,nb13,670,1.299,-0.13,2,1
0,4,30,0,N,nb14,670,-0.6,-0.886,3,1
0,4,30,0,N,nb15,670,1.638,0.057,2,1
0,4,30,0,N,nb16,670,1.73,0.274,2,1
0,4,30,0,N,nb17,670,-0.835,-0.949,2,1
0,4,30,0,N,nb18,670,-1.717,-0.24,1,1
0,4,30,0,N,nb19,670,0.985,1.128,1,1
0,4,30,0,N,nb20,670,-0.048,-1.392,1,1
0,4,30,0,N,nb21,670,0.905,0.033,1,1
0,4,30,0,N,nb22,670,0.542,1.46,1,1
0,4,30,0,N,nb23,670,0.518,1.705,2,1
0,4,30,0,N,nb24,670,-0.386,-0.775,1,1
0,4,30,0,N,nb25,670,-1.605,-0.449,3,1
0,4,30,0,N,nb26,670,0.68,0.037,2,1
0,4,30,0,N,nb27,670,-1.317,-0.798,1,1
0,4,30,0,N,nb28,670,-1.395,-0.574,3,1
0,4,30,0,N,nb29,670,0.111,1.866,1,1
0,4,30,0,N,nb0,675,-1.69,-0.671,1,1
0,4,30,0,N,nb1,675,0.341,1.866,2,1
0,4,30,0,N,nb2,675,1.415,0.086,2,1
0,4,30,0,N,nb3,675,-1.185,-0.464,1,1
0,4,30,0,N,nb4,675,-0.686,-1.11,2,1
0,4,30,0,N,nb5,675,0.475,-0.089,1,1
0,4,30,0,N,nb6,675,0.285,-0.515,1,1
0,4,30,0,N,nb7,675,1.56,0.454,1,1
0,4,30,0,N,nb8,675,0.235,-0.699,1,1
0,4,30,0,N,nb9,675,0.148,-0.984,1,1
0,4,30,0,N,nb10,675,0.032,-1.164,2,1
0,4,30,0,N,nb11,675,1.471,-0.293,1,1
0,4,30,0,N,nb12,675,0.752,1.088,1,1
0,4,30,0,N,nb13,675,1.299,-0.13,2,1
0,4,30,0,N,nb14,675,-0.6,-0.886,3,1
0,4,30,0,N,nb15,675,1.638,0.057,2,1
0,4,30,0,N,nb16,675,1.73,0.274,2,1
0,4,30,0,N,nb17,675,-0.835,-0.949,2,1
0,4,30,0,N,nb18,675,-1.717,-0.24,1,1
0,4,30,0,N,nb19,675,0.985,1.128,1,1
0,4,30,0,N,nb20,675,-0.048,-1.392,1,1
0,4,30,0,N,nb21,675,0.905,0.033,1,1
0,4,30,0,N,nb22,675,0.542,1.46,1,1
0,4,30,0,N,nb23,675,0.518,1.705,2,1
0,4,30,0,N,nb24,675,-0.386,-0.775,1,1
0,4,30,0,N,nb25,675,-1.605,-0.449,3,1
0,4,30,0,N,nb26,675,0.68,0.037,2,1
0,4,30,0,N,nb27,675,-1.317,-0.798,1,1
0,4,30,0,N,nb28,675,-1.395,-0.574,3,1
0,4,30,0,N,nb29,675,0.111,1.866,1,1
0,4,30,0,N,nb0,680,-1.69,-0.671,1,1
0,4,30,0,N,nb1,680,0.341,1.866,2,1
0,4,30,0,N,nb2,680,1.415,0.086,2,1
0,4,30,0,N,nb3,680,-1.185,-0.464,1,1
0,4,30,0,N,nb4,680,-0.686,-1.11,2,1
0,4,30,0,N,nb5,680,0.475,-0.089,1,1
0,4,30,0,N,nb6,680,0.285,-0.515,1,1
0,4,30,0,N,nb7,680,1.56,0.454,1,1
0,4,30,0,N,nb8,680,0.235,-0.699,1,1
0,4,30,0,N,nb9,680,0.148,-0.984,1,1
0,4,30,0,N,nb10,680,0.032,-1.164,2,1
0,4,30,0,N,nb11,680,1.471,-0.293,1,1
0,4,30,0,N,nb12,680,0.752,1.088,1,1
0,4,30,0,N,nb13,680,1.299,-0.13,2,1
0,4,30,0,N,nb14,680,-0.6,-0.886,3,1
0,4,30,0,N,nb15,680,1.638,0.057,2,1
0,4,30,0,N,nb16,680,1.73,0.274,2,1
0,4,30,0,N,nb17,680,-0.835,-0.949,2,1
0,4,30,0,N,nb18,680,-1.717,-0.24,1,1
0,4,30,0,N,nb19,680,0.985,1.128,1,1
0,4,30,0,N,nb20,680,-0.048,-1.392,1,1
0,4,30,0,N,nb21,680,0.905,0.033,1,1
0,4,30,0,N,nb22,680,0.542,1.46,1,1
0,4,30,0,N,nb23,680,0.518,1.705,2,1
0,4,30,0,N,nb24,680,-0.386,-0.775,1,1
0,4,30,0,N,nb25,680,-1.605,-0.449,3,0
0,4,30,0,N,nb26,680,0.68,0.037,2,1
0,4,30,0,N,nb27,680,-1.317,-0.798,1,1
0,4,30,0,N,nb28,680,-1.395,-0.574,3,1
0,4,30,0,N,nb29,680,0.111,1.866,1,1
0,4,30,0,N,nb0,685,-1.69,-0.671,1,1
0,4,30,0,N,nb1,685,0.341,1.866,2,1
0,4,30,0,N,nb2,685,1.415,0.086,2,1
0,4,30,0,N,nb3,685,-1.185,-0.464,1,1
0,4,30,0,N,nb4,685,-0.686,-1.11,2,1
0,4,30,0,N,nb5,685,0.475,-0.089,1,1
0,4,30,0,N,nb6,685,0.285,-0.515,1,1
0,4,30,0,N,nb7,685,1.56,0.454,1,1
0,4,30,0,N,nb8,685,0.235,-0.699,1,1
0,4,30,0,N,nb9,685,0.148,-0.984,1,1
0,4,30,0,N,nb10,685,0.032,-1.164,2,1
0,4,30,0,N,nb11,685,1.471,-0.293,1,1
0,4,30,0,N,nb12,685,0.752,1.088,1,1
0,4,30,0,N,nb13,685,1.299,-0.13,2,1
0,4,30,0,N,nb14,685,-0.6,-0.886,3,1
0,4,30,0,N,nb15,685,1.638,0.057,2,1
0,4,30,0,N,nb16,685,1.73,0.274,2,1
0,4,30,0,N,nb17,685,-0.835,-0.949,2,1
0,4,30,0,N,nb18,685,-1.717,-0.24,1,1
0,4,30,0,N,nb19,685,0.985,1.128,1,1
0,4,30,0,N,nb20,685,-0.048,-1.392,1,1
0,4,30,0,N,nb21,685,0.905,0.033,1,1
0,4,30,0,N,nb22,685,0.542,1.46,1,1
0,4,30,0,N,nb23,685,0.518,1.705,2,1
0,4,30,0,N,nb24,685,-0.386,-0.775,1,1
0,4,30,0,N,nb25,685,-1.605,-0.449,3,1
0,4,30,0,N,nb26,685,0.68,0.037,2,1
0,4,30,0,N,nb27,685,-1.317,-0.798,1,1
0,4,30,0,N,nb28,685,-1.395,-0.574,3,1
0,4,30,0,N,nb29,685,0.111,1.866,1,1
0,4,30,0,N,nb0,690,-1.69,-0.671,1,1
0,4,30,0,N,nb1,690,0.341,1.866,2,1
0,4,30,0,N,nb2,690,1.415,0.086,2,1
0,4,30,0,N,nb3,690,-1.185,-0.464,1,1
0,4,30,0,N,nb4,690,-0.686,-1.11,2,1
0,4,30,0,N,nb5,690,0.475,-0.089,1,1
0,4,30,0,N,nb6,690,0.285,-0.515,1,1
0,4,30,0,N,nb7,690,1.56,0.454,1,1
0,4,30,0,N,nb8,690,0.235,-0.699,1,1
0,4,30,0,N,nb9,690,0.148,-0.984,1,1
0,4,30,0,N,nb10,690,0.032,-1.164,2,1
0,4,30,0,N,nb11,690,1.471,-0.293,1,1
0,4,30,0,N,nb12,690,0.752,1.088,1,1
0,4,30,0,N,nb13,690,1.299,-0.13,2,1
0,4,30,0,N,nb14,690,-0.6,-0.886,3,1
0,4,30,0,N,nb15,690,1.638,0.057,2,1
0,4,30,0,N,nb16,690,1.73,0.274,2,1
0,4,30,0,N,nb17,690,-0.835,-0.949,2,1
0,4,30,0,N,nb18,690,-1.717,-0.24,1,1
0,4,30,0,N,nb19,690,0.985,1.128,1,1
0,4,30,0,N,nb20,690,-0.048,-1.392,1,1
0,4,30,0,N,nb21,690,0.905,0.033,1,1
0,4,30,0,N,nb22,690,0.542,1.46,1,1
0,4,30,0,N,nb23,690,0.518,1.705,2,1
0,4,30,0,N,nb24,690,-0.386,-0.775,1,1
0,4,30,0,N,nb25,690,-1.605,-0.449,3,1
0,4,30,0,N,nb26,690,0.68,0.037,2,1
0,4,30,0,N,nb27,690,-1.317,-0.798,1,1
0,4,30,0,N,nb28,690,-1.395,-0.574,3,1
0,4,30,0,N,nb29,690,0.111,1.866,1,1
0,4,30,0,N,nb0,695,-1.69,-0.671,1,1
0,4,30,0,N,nb1,695,0.341,1.866,2,1
0,4,30,0,N,nb2,695,1.415,0.086,2,1
0,4,30,0,N,nb3,695,-1.185,-0.464,1,1
0,4,30,0,N,nb4,695,-0.686,-1.11,2,1
0,4,30,0,N,nb5,695,0.475,-0.089,1,1
0,4,30,0,N,nb6,695,0.285,-0.515,1,1
0,4,30,0,N,nb7,695,1.56,0.454,1,1
0,4,30,0,N,nb8,695,0.235,-0.699,1,1
0,4,30,0,N,nb9,695,0.148,-0.984,1,1
0,4,30,0,N,nb10,695,0.032,-1.164,2,1
0,4,30,0,N,nb11,695,1.471,-0.293,1,1
0,4,30,0,N,nb12,695,0.752,1.088,1,1
0,4,30,0,N,nb13,695,1.299,-0.13,2,1
0,4,30,0,N,nb14,695,-0.6,-0.886,3,1
0,4,30,0,N,nb15,695,1.638,0.057,2,1
0,4,30,0,N,nb16,695,1.73,0.274,2,1
0,4,30,0,N,nb17,695,-0.835,-0.949,2,1
0,4,30,0,N,nb18,695,-1.717,-0.24,1,0
0,4,30,0,N,nb19,695,0.985,1.128,1,1
0,4,30,0,N,nb20,695,-0.048,-1.392,1,1
0,4,30,0,N,nb21,695,0.905,0.033,1,1
0,4,30,0,N,nb22,695,0.542,1.46,1,1
0,4,30,0,N,nb23,695,0.518,1.705,2,1
0,4,30,0,N,nb24,695,-0.386,-0.775,1,0
0,4,30,0,N,nb25,695,-1.605,-0.449,3,1
0,4,30,0,N,nb26,695,0.68,0.037,2,1
0,4,30,0,N,nb27,695,-1.317,-0.798,1,1
0,4,30,0,N,nb28,695,-1.395,-0.574,3,1
0,4,30,0,N,nb29,695,0.111,1.866,1,1
0,4,30,0,N,nb0,700,-1.69,-0.671,1,1
0,4,30,0,N,nb1,700,0.341,1.866,2,1
0,4,30,0,N,nb2,700,1.415,0.086,2,1
0,4,30,0,N,nb3,700,-1.185,-0.464,1,1
0,4,30,0,N,nb4,700,-0.686,-1.11,2,1
0,4,30,0,N,nb5,700,0.475,-0.089,1,1
0,4,30,0,N,nb6,700,0.285,-0.515,1,1
0,4,30,0,N,nb7,700,1.56,0.454,1,1
0,4,30,0,N,nb8,700,0.235,-0.699,1,1
0,4,30,0,N,nb9,700,0.148,-0.984,1,1
0,4,30,0,N,nb10,700,0.032,-1.164,2,1
0,4,30,0,N,nb11,700,1.471,-0.293,1,1
0,4,30,0,N,nb12,700,0.752,1.088,1,0
0,4,30,0,N,nb13,700,1.299,-0.13,2,1
0,4,30,0,N,nb14,700,-0.6,-0.886,3,1
0,4,30,0,N,nb15,700,1.638,0.057,2,1
0,4,30,0,N,nb16,700,1.73,0.274,2,1
0,4,30,0,N,nb17,700,-0.835,-0.949,2,1
0,4,30,0,N,nb18,700,-1.717,-0.24,1,1
0,4,30,0,N,nb19,700,0.985,1.128,1,0
0,4,30,0,N,nb20,700,-0.048,-1.392,1,1
0,4,30,0,N,nb21,700,0.905,0.033,1,1
0,4,30,0,N,nb22,700,0.542,1.46,1,1
0,4,30,0,N,nb23,700,0.518,1.705,2,1
0,4,30,0,N,nb24,700,-0.386,-0.775,1,1
0,4,30,0,N,nb25,700,-1.605,-0.449,3,1
0,4,30,0,N,nb26,700,0.68,0.037,2,1
0,4,30,0,N,nb27,700,-1.317,-0.798,1,1
0,4,30,0,N,nb28,700,-1.395,-0.574,3,1
0,4,30,0,N,nb29,700,0.111,1.866,1,1
0,4,30,0,N,nb0,705,-1.69,-0.671,1,1
0,4,30,0,N,nb1,705,0.341,1.866,2,1
0,4,30,0,N,nb2,705,1.415,0.086,2,1
0,4,30,0,N,nb3,705,-1.185,-0.464,1,1
0,4,30,0,N,nb4,705,-0.686,-1.11,2,1
0,4,30,0,N,nb5,705,0.475,-0.089,1,1
0,4,30,0,N,nb6,705,0.285,-0.515,1,1
0,4,30,0,N,nb7,705,1.56,0.454,1,1
0,4,30,0,N,nb8,705,0.235,-0.699,1,1
0,4,30,0,N,nb9,705,0.148,-0.984,1,1
0,4,30,0,N,nb10,705,0.032,-1.164,2,1
0,4,30,0,N,nb11,705,1.471,-0.293,1,1
0,4,30,0,N,nb12,705,0.752,1.088,1,1
0,4,30,0,N,nb13,705,1.299,-0.13,2,1
0,4,30,0,N,nb14,705,-0.6,-0.886,3,1
0,4,30,0,N,nb15,705,1.638,0.057,2,1
0,4,30,0,N,nb16,705,1.73,0.274,2,1
0,4,30,0,N,nb17,705,-0.835,-0.949,2,1
0,4,30,0,N,nb18,705,-1.717,-0.24,1,1
0,4,30,0,N,nb19,705,0.985,1.128,1,1
0,4,30,0,N,nb20,705,-0.048,-1.392,1,1
0,4,30,0,N,nb21,705,0.905,0.033,1,1
0,4,30,0,N,nb22,705,0.542,1.46,1,1
0,4,30,0,N,nb23,705,0.518,1.705,2,1
0,4,30,0,N,nb24,705,-0.386,-0.775,1,1
0,4,30,0,N,nb25,705,-1.605,-0.449,3,1
0,4,30,0,N,nb26,705,0.68,0.037,2,1
0,4,30,0,N,nb27,705,-1.317,-0.798,1,1
0,4,30,0,N,nb28,705,-1.395,-0.574,3,1
0,4,30,0,N,nb29,705,0.111,1.866,1,1
0,4,30,0,N,nb0,710,-1.69,-0.671,1,1
0,4,30,0,N,nb1,710,0.341,1.866,2,1
0,4,30,0,N,nb2,710,1.415,0.086,2,1
0,4,30,0,N,nb3,710,-1.185,-0.464,1,1
0,4,30,0,N,nb4,710,-0.686,-1.11,2,1
0,4,30,0,N,nb5,710,0.475,-0.089,1,1
0,4,30,0,N,nb6,710,0.285,-0.515,1,1
0,4,30,0,N,nb7,710,1.56,0.454,1,1
0,4,30,0,N,nb8,710,0.235,-0.699,1,1
0,4,30,0,N,nb9,710,0.148,-0.984,1,1
0,4,30,0,N,nb10,710,0.032,-1.164,2,1
0,4,30,0,N,nb11,710,1.471,-0.293,1,1
0,4,30,0,N,nb12,710,0.752,1.088,1,1
0,4,30,0,N,nb13,710,1.299,-0.13,2,1
0,4,30,0,N,nb14,710,-0.6,-0.886,3,1
0,4,30,0,N,nb15,710,1.638,0.057,2,1
0,4,30,0,N,nb16,710,1.73,0.274,2,1
0,4,30,0,N,nb17,710,-0.835,-0.949,2,1
0,4,30,0,N,nb18,710,-1.717,-0.24,1,1
0,4,30,0,N,nb19,710,0.985,1.128,1,1
0,4,30,0,N,nb20,710,-0.048,-1.392,1,1
0,4,30,0,N,nb21,710,0.905,0.033,1,1
0,4,30,0,N,nb22,710,0.542,1.46,1,1
0,4,30,0,N,nb23,710,0.518,1.705,2,1
0,4,30,0,N,nb24,710,-0.386,-0.775,1,1
0,4,30,0,N,nb25,710,-1.605,-0.449,3,1
0,4,30,0,N,nb26,710,0.68,0.037,2,1
0,4,30,0,N,nb27,710,-1.317,-0.798,1,1
0,4,30,0,N,nb28,710,-1.395,-0.574,3,1
0,4,30,0,N,nb29,710,0.111,1.866,1,1
0,4,30,0,N,nb0,715,-1.69,-0.671,1,1
0,4,30,0,N,nb1,715,0.341,1.866,2,1
0,4,30,0,N,nb2,715,1.415,0.086,2,1
0,4,30,0,N,nb3,715,-1.185,-0.464,1,1
0,4,30,0,N,nb4,715,-0.686,-1.11,2,1
0,4,30,0,N,nb5,715,0.475,-0.089,1,1
0,4,30,0,N,nb6,715,0.285,-0.515,1,1
0,4,30,0,N,nb7,715,1.56,0.454,1,1
0,4,30,0,N,nb8,715,0.235,-0.699,1,1
0,4,30,0,N,nb9,715,0.148,-0.984,1,1
0,4,30,0,N,nb10,715,0.032,-1.164,2,1
0,4,30,0,N,nb11,715,1.471,-0.293,1,1
0,4,30,0,N,nb12,715,0.752,1.088,1,1
0,4,30,0,N,nb13,715,1.299,-0.13,2,1
0,4,30,0,N,nb14,715,-0.6,-0.886,3,0
0,4,30,0,N,nb15,715,1.638,0.057,2,1
0,4,30,0,N,nb16,715,1.73,0.274,2,1
0,4,30,0,N,nb17,715,-0.835,-0.949,2,1
0,4,30,0,N,nb18,715,-1.717,-0.24,1,1
0,4,30,0,N,nb19,715,0.985,1.128,1,1
0,4,30,0,N,nb20,715,-0.048,-1.392,1,1
0,4,30,0,N,nb21,715,0.905,0.033,1,1
0,4,30,0,N,nb22,715,0.542,1.46,1,1
0,4,30,0,N,nb23,715,0.518,1.705,2,1
0,4,30,0,N,nb24,715,-0.386,-0.775,1,1
0,4,30,0,N,nb25,715,-1.605,-0.449,3,1
0,4,30,0,N,nb26,715,0.68,0.037,2,1
0,4,30,0,N,nb27,715,-1.317,-0.798,1,1
0,4,30,0,N,nb28,715,-1.395,-0.574,3,1
0,4,30,0,N,nb29,715,0.111,1.866,1,1
0,4,30,0,N,nb0,720,-1.69,-0.671,1,1
0,4,30,0,N,nb1,720,0.341,1.866,2,1
0,4,30,0,N,nb2,720,1.415,0.086,2,1
0,4,30,0,N,nb3,720,-1.185,-0.464,1,1
0,4,30,0,N,nb4,720,-0.686,-1.11,2,1
0,4,30,0,N,nb5,720,0.475,-0.089,1,1
0,4,30,0,N,nb6,720,0.285,-0.515,1,1
0,4,30,0,N,nb7,720,1.56,0.454,1,1
0,4,30,0,N,nb8,720,0.235,-0.699,1,1
0,4,30,0,N,nb9,720,0.148,-0.984,1,1
0,4,30,0,N,nb10,720,0.032,-1.164,2,1
0,4,30,0,N,nb11,720,1.471,-0.293,1,1
0,4,30,0,N,nb12,720,0.752,1.088,1,1
0,4,30,0,N,nb13,720,1.299,-0.13,2,1
0,4,30,0,N,nb14,720,-0.6,-0.886,3,1
0,4,30,0,N,nb15,720,1.638,0.057,2,1
0,4,30,0,N,nb16,720,1.73,0.274,2,1
0,4,30,0,N,nb17,720,-0.835,-0.949,2,1
0,4,30,0,N,nb18,720,-1.717,-0.24,1,1
0,4,30,0,N,nb19,720,0.985,1.128,1,1
0,4,30,0,N,nb20,720,-0.048,-1.392,1,1
0,4,30,0,N,nb21,720,0.905,0.033,1,1
0,4,30,0,N,nb22,720,0.542,1.46,1,1
0,4,30,0,N,nb23,720,0.518,1.705,2,1
0,4,30,0,N,nb24,720,-0.386,-0.775,1,1
0,4,30,0,N,nb25,720,-1.605,-0.449,3,1
0,4,30,0,N,nb26,720,0.68,0.037,2,1
0,4,30,0,N,nb27,720,-1.317,-0.798,1,1
0,4,30,0,N,nb28,720,-1.395,-0.574,3,1
0,4,30,0,N,nb29,720,0.111,1.866,1,1
0,4,30,0,N,nb0,725,-1.69,-0.671,1,1
0,4,30,0,N,nb1,725,0.341,1.866,2,1
0,4,30,0,N,nb2,725,1.415,0.086,2,1
0,4,30,0,N,nb3,725,-1.185,-0.464,1,1
0,4,30,0,N,nb4,725,-0.686,-1.11,2,1
0,4,30,0,N,nb5,725,0.475,-0.089,1,1
0,4,30,0,N,nb6,725,0.285,-0.515,1,1
0,4,30,0,N,nb7,725,1.56,0.454,1,1
0,4,30,0,N,nb8,725,0.235,-0.699,1,1
0,4,30,0,N,nb9,725,0.148,-0.984,1,1
0,4,30,0,N,nb10,725,0.032,-1.164,2,1
0,4,30,0,N,nb11,725,1.471,-0.293,1,1
0,4,30,0,N,nb12,725,0.752,1.088,1,1
0,4,30,0,N,nb13,725,1.299,-0.13,2,1
0,4,30,0,N,nb14,725,-0.6,-0.886,3,1
0,4,30,0,N,nb15,725,1.638,0.057,2,1
0,4,30,0,N,nb16,725,1.73,0.274,2,0
0,4,30,0,N,nb17,725,-0.835,-0.949,2,1
0,4,30,0,N,nb18,725,-1.717,-0.24,1,1
0,4,30,0,N,nb19,725,0.985,1.128,1,1
0,4,30,0,N,nb20,725,-0.048,-1.392,1,1
0,4,30,0,N,nb21,725,0.905,0.033,1,0
0,4,30,0,N,nb22,725,0.542,1.46,1,1
0,4,30,0,N,nb23,725,0.518,1.705,2,1
0,4,30,0,N,nb24,725,-0.386,-0.775,1,1
0,4,30,0,N,nb25,725,-1.605,-0.449,3,1
0,4,30,0,N,nb26,725,0.68,0.037,2,0
0,4,30,0,N,nb27,725,-1.317,-0.798,1,1
0,4,30,0,N,nb28,725,-1.395,-0.574,3,1
0,4,30,0,N,nb29,725,0.111,1.866,1,1
0,4,30,0,N,nb0,730,-1.69,-0.671,1,1
0,4,30,0,N,nb1,730,0.341,1.866,2,1
0,4,30,0,N,nb2,730,1.415,0.086,2,1
0,4,30,0,N,nb3,730,-1.185,-0.464,1,1
0,4,30,0,N,nb4,730,-0.686,-1.11,2,1
0,4,30,0,N,nb5,730,0.475,-0.089,1,1
0,4,30,0,N,nb6,730,0.285,-0.515,1,1
0,4,30,0,N,nb7,730,1.56,0.454,1,1
0,4,30,0,N,nb8,730,0.235,-0.699,1,1
0,4,30,0,N,nb9,730,0.148,-0.984,1,1
0,4,30,0,N,nb10,730,0.032,-1.164,2,1
0,4,30,0,N,nb11,730,1.471,-0.293,1,1
0,4,30,0,N,nb12,730,0.752,1.088,1,1
0,4,30,0,N,nb13,730,1.299,-0.13,2,1
0,4,30,0,N,nb14,730,-0.6,-0.886,3,1
0,4,30,0,N,nb15,730,1.638,0.057,2,1
0,4,30,0,N,nb16,730,1.73,0.274,2,1
0,4,30,0,N,nb17,730,-0.835,-0.949,2,1
0,4,30,0,N,nb18,730,-1.717,-0.24,1,1
0,4,30,0,N,nb19,730,0.985,1.128,1,1
0,4,30,0,N,nb20,730,-0.048,-1.392,1,1
0,4,30,0,N,nb21,730,0.905,0.033,1,1
0,4,30,0,N,nb22,730,0.542,1.46,1,1
0,4,30,0,N,nb23,730,0.518,1.705,2,1
0,4,30,0,N,nb24,730,-0.386,-0.775,1,1
0,4,30,0,N,nb25,730,-1.605,-0.449,3,1
0,4,30,0,N,nb26,730,0.68,0.037,2,1
0,4,30,0,N,nb27,730,-1.317,-0.798,1,0
0,4,30,0,N,nb28,730,-1.395,-0.574,3,1
0,4,30,0,N,nb29,730,0.111,1.866,1,1
0,4,30,0,N,nb0,735,-1.69,-0.671,1,0
0,4,30,0,N,nb1,735,0.341,1.866,2,1
0,4,30,0,N,nb2,735,1.415,0.086,2,1
0,4,30,0,N,nb3,735,-1.185,-0.464,1,1
0,4,30,0,N,nb4,735,-0.686,-1.11,2,1
0,4,30,0,N,nb5,735,0.475,-0.089,1,1
0,4,30,0,N,nb6,735,0.285,-0.515,1,1
0,4,30,0,N,nb7,735,1.56,0.454,1,1
0,4,30,0,N,nb8,735,0.235,-0.699,1,1
0,4,30,0,N,nb9,735,0.148,-0.984,1,1
0,4,30,0,N,nb10,735,0.032,-1.164,2,1
0,4,30,0,N,nb11,735,1.471,-0.293,1,0
0,4,30,0,N,nb12,735,0.752,1.088,1,1
0,4,30,0,N,nb13,735,1.299,-0.13,2,1
0,4,30,0,N,nb14,735,-0.6,-0.886,3,1
0,4,30,0,N,nb15,735,1.638,0.057,2,1
0,4,30,0,N,nb16,735,1.73,0.274,2,1
0,4,30,0,N,nb17,735,-0.835,-0.949,2,1
0,4,30,0,N,nb18,735,-1.717,-0.24,1,1
0,4,30,0,N,nb19,735,0.985,1.128,1,1
0,4,30,0,N,nb20,735,-0.048,-1.392,1,1
0,4,30,0,N,nb21,735,0.905,0.033,1,1
0,4,30,0,N,nb22,735,0.542,1.46,1,1
0,4,30,0,N,nb23,735,0.518,1.705,2,1
0,4,30,0,N,nb24,735,-0.386,-0.775,1,1
0,4,30,0,N,nb25,735,-1.605,-0.449,3,1
0,4,30,0,N,nb26,735,0.68,0.037,2,1
0,4,30,0,N,nb27,735,-1.317,-0.798,1,1
0,4,30,0,N,nb28,735,-1.395,-0.574,3,1
0,4,30,0,N,nb29,735,0.111,1.866,1,1
0,4,30,0,N,nb0,740,-1.69,-0.671,1,1
0,4,30,0,N,nb1,740,0.341,1.866,2,1
0,4,30,0,N,nb2,740,1.415,0.086,2,1
0,4,30,0,N,nb3,740,-1.185,-0.464,1,1
0,4,30,0,N,nb4,740,-0.686,-1.11,2,1
0,4,30,0,N,nb5,740,0.475,-0.089,1,1
0,4,30,0,N,nb6,740,0.285,-0.515,1,1
0,4,30,0,N,nb7,740,1.56,0.454,1,1
0,4,30,0,N,nb8,740,0.235,-0.699,1,1
0,4,30,0,N,nb9,740,0.148,-0.984,1,1
0,4,30,0,N,nb10,740,0.032,-1.164,2,1
0,4,30,0,N,nb11,740,1.471,-0.293,1,1
0,4,30,0,N,nb12,740,0.752,1.088,1,1
0,4,30,0,N,nb13,740,1.299,-0.13,2,1
0,4,30,0,N,nb14,740,-0.6,-0.886,3,1
0,4,30,0,N,nb15,740,1.638,0.057,2,1
0,4,30,0,N,nb16,740,1.73,0.274,2,1
0,4,30,0,N,nb17,740,-0.835,-0.949,2,1
0,4,30,0,N,nb18,740,-1.717,-0.24,1,1
0,4,30,0,N,nb19,740,0.985,1.128,1,1
0,4,30,0,N,nb20,740,-0.048,-1.392,1,1
0,4,30,0,N,nb21,740,0.905,0.033,1,1
0,4,30,0,N,nb22,740,0.542,1.46,1,0
0,4,30,0,N,nb23,740,0.518,1.705,2,0
0,4,30,0,N,nb24,740,-0.386,-0.775,1,1
0,4,30,0,N,nb25,740,-1.605,-0.449,3,1
0,4,30,0,N,nb26,740,0.68,0.037,2,1
0,4,30,0,N,nb27,740,-1.317,-0.798,1,1
0,4,30,0,N,nb28,740,-1.395,-0.574,3,1
0,4,30,0,N,nb29,740,0.111,1.866,1,1
0,4,30,0,N,nb0,745,-1.69,-0.671,1,1
0,4,30,0,N,nb1,745,0.341,1.866,2,1
0,4,30,0,N,nb2,745,1.415,0.086,2,1
0,4,30,0,N,nb3,745,-1.185,-0.464,1,1
0,4,30,0,N,nb4,745,-0.686,-1.11,2,1
0,4,30,0,N,nb5,745,0.475,-0.089,1,1
0,4,30,0,N,nb6,745,0.285,-0.515,1,1
0,4,30,0,N,nb7,745,1.56,0.454,1,1
0,4,30,0,N,nb8,745,0.235,-0.699,1,1
0,4,30,0,N,nb9,745,0.148,-0.984,1,1
0,4,30,0,N,nb10,745,0.032,-1.164,2,1
0,4,30,0,N,nb11,745,1.471,-0.293,1,1
0,4,30,0,N,nb12,745,0.752,1.088,1,1
0,4,30,0,N,nb13,745,1.299,-0.13,2,1
0,4,30,0,N,nb14,745,-0.6,-0.886,3,1
0,4,30,0,N,nb15,745,1.638,0.057,2,1
0,4,30,0,N,nb16,745,1.73,0.274,2,1
0,4,30,0,N,nb17,745,-0.835,-0.949,2,1
0,4,30,0,N,nb18,745,-1.717,-0.24,1,1
0,4,30,0,N,nb19,745,0.985,1.128,1,1
0,4,30,0,N,nb20,745,-0.048,-1.392,1,1
0,4,30,0,N,nb21,745,0.905,0.033,1,1
0,4,30,0,N,nb22,745,0.542,1.46,1,1
0,4,30,0,N,nb23,745,0.518,1.705,2,1
0,4,30,0,N,nb24,745,-0.386,-0.775,1,1
0,4,30,0,N,nb25,745,-1.605,-0.449,3,1
0,4,30,0,N,nb26,745,0.68,0.037,2,1
0,4,30,0,N,nb27,745,-1.317,-0.798,1,1
0,4,30,0,N,nb28,745,-1.395,-0.574,3,1
0,4,30,0,N,nb29,745,0.111,1.866,1,1
0,4,30,0,N,nb0,750,-1.69,-0.671,1,1
0,4,30,0,N,nb1,750,0.341,1.866,2,1
0,4,30,0,N,nb2,750,1.415,0.086,2,1
0,4,30,0,N,nb3,750,-1.185,-0.464,1,1
0,4,30,0,N,nb4,750,-0.686,-1.11,2,1
0,4,30,0,N,nb5,750,0.475,-0.089,1,0
0,4,30,0,N,nb6,750,0.285,-0.515,1,1
0,4,30,0,N,nb7,750,1.56,0.454,1,1
0,4,30,0,N,nb8,750,0.235,-0.699,1,1
0,4,30,0,N,nb9,750,0.148,-0.984,1,1
0,4,30,0,N,nb10,750,0.032,-1.164,2,1
0,4,30,0,N,nb11,750,1.471,-0.293,1,1
0,4,30,0,N,nb12,750,0.752,1.088,1,1
0,4,30,0,N,nb13,750,1.299,-0.13,2,1
0,4,30,0,N,nb14,750,-0.6,-0.886,3,1
0,4,30,0,N,nb15,750,1.638,0.057,2,1
0,4,30,0,N,nb16,750,1.73,0.274,2,1
0,4,30,0,N,nb17,750,-0.835,-0.949,2,1
0,4,30,0,N,nb18,750,-1.717,-0.24,1,1
0,4,30,0,N,nb19,750,0.985,1.128,1,1
0,4,30,0,N,nb20,750,-0.048,-1.392,1,1
0,4,30,0,N,nb21,750,0.905,0.033,1,1
0,4,30,0,N,nb22,750,0.542,1.46,1,1
0,4,30,0,N,nb23,750,0.518,1.705,2,1
0,4,30,0,N,nb24,750,-0.386,-0.775,1,1
0,4,30,0,N,nb25,750,-1.605,-0.449,3,1
0,4,30,0,N,nb26,750,0.68,0.037,2,1
0,4,30,0,N,nb27,750,-1.317,-0.798,1,1
0,4,30,0,N,nb28,750,-1.395,-0.574,3,1
0,4,30,0,N,nb29,750,0.111,1.866,1,1
0,4,30,0,N,nb0,755,-1.69,-0.671,1,1
0,4,30,0,N,nb1,755,0.341,1.866,2,1
0,4,30,0,N,nb2,755,1.415,0.086,2,1
0,4,30,0,N,nb3,755,-1.185,-0.464,1,1
0,4,30,0,N,nb4,755,-0.686,-1.11,2,1
0,4,30,0,N,nb5,755,0.475,-0.089,1,1
0,4,30,0,N,nb6,755,0.285,-0.515,1,1
0,4,30,0,N,nb7,755,1.56,0.454,1,1
0,4,30,0,N,nb8,755,0.235,-0.699,1,1
0,4,30,0,N,nb9,755,0.148,-0.984,1,1
0,4,30,0,N,nb10,755,0.032,-1.164,2,1
0,4,30,0,N,nb11,755,1.471,-0.293,1,1
0,4,30,0,N,nb12,755,0.752,1.088,1,1
0,4,30,0,N,nb13,755,1.299,-0.13,2,1
0,4,30,0,N,nb14,755,-0.6,-0.886,3,1
0,4,30,0,N,nb15,755,1.638,0.057,2,1
0,4,30,0,N,nb16,755,1.73,0.274,2,1
0,4,30,0,N,nb17,755,-0.835,-0.949,2,1
0,4,30,0,N,nb18,755,-1.717,-0.24,1,1
0,4,30,0,N,nb19,755,0.985,1.128,1,1
0,4,30,0,N,nb20,755,-0.048,-1.392,1,1
0,4,30,0,N,nb21,755,0.905,0.033,1,1
0,4,30,0,N,nb22,755,0.542,1.46,1,1
0,4,30,0,N,nb23,755,0.518,1.705,2,1
0,4,30,0,N,nb24,755,-0.386,-0.775,1,1
0,4,30,0,N,nb25,755,-1.605,-0.449,3,1
0,4,30,0,N,nb26,755,0.68,0.037,2,1
0,4,30,0,N,nb27,755,-1.317,-0.798,1,1
0,4,30,0,N,nb28,755,-1.395,-0.574,3,1
0,4,30,0,N,nb29,755,0.111,1.866,1,1
0,4,30,0,N,nb0,760,-1.69,-0.671,1,1
0,4,30,0,N,nb1,760,0.341,1.866,2,1
0,4,30,0,N,nb2,760,1.415,0.086,2,1
0,4,30,0,N,nb3,760,-1.185,-0.464,1,1
0,4,30,0,N,nb4,760,-0.686,-1.11,2,1
0,4,30,0,N,nb5,760,0.475,-0.089,1,1
0,4,30,0,N,nb6,760,0.285,-0.515,1,1
0,4,30,0,N,nb7,760,1.56,0.454,1,1
0,4,30,0,N,nb8,760,0.235,-0.699,1,1
0,4,30,0,N,nb9,760,0.148,-0.984,1,1
0,4,30,0,N,nb10,760,0.032,-1.164,2,1
0,4,30,0,N,nb11,760,1.471,-0.293,1,1
0,4,30,0,N,nb12,760,0.752,1.088,1,1
0,4,30,0,N,nb13,760,1.299,-0.13,2,1
0,4,30,0,N,nb14,760,-0.6,-0.886,3,1
0,4,30,0,N,nb15,760,1.638,0.057,2,1
0,4,30,0,N,nb16,760,1.73,0.274,2,1
0,4,30,0,N,nb17,760,-0.835,-0.949,2,1
0,4,30,0,N,nb18,760,-1.717,-0.24,1,1
0,4,30,0,N,nb19,760,0.985,1.128,1,1
0,4,30,0,N,nb20,760,-0.048,-1.392,1,1
0,4,30,0,N,nb21,760,0.905,0.033,1,1
0,4,30,0,N,nb22,760,0.542,1.46,1,1
0,4,30,0,N,nb23,760,0.518,1.705,2,1
0,4,30,0,N,nb24,760,-0.386,-0.775,1,1
0,4,30,0,N,nb25,760,-1.605,-0.449,3,1
0,4,30,0,N,nb26,760,0.68,0.037,2,1
0,4,30,0,N,nb27,760,-1.317,-0.798,1,1
0,4,30,0,N,nb28,760,-1.395,-0.574,3,1
0,4,30,0,N,nb29,760,0.111,1.866,1,1
0,4,30,0,N,nb0,765,-1.69,-0.671,1,1
0,4,30,0,N,nb1,765,0.341,1.866,2,1
0,4,30,0,N,nb2,765,1.415,0.086,2,1
0,4,30,0,N,nb3,765,-1.185,-0.464,1,1
0,4,30,0,N,nb4,765,-0.686,-1.11,2,1
0,4,30,0,N,nb5,765,0.475,-0.089,1,1
0,4,30,0,N,nb6,765,0.285,-0.515,1,1
0,4,30,0,N,nb7,765,1.56,0.454,1,1
0,4,30,0,N,nb8,765,0.235,-0.699,1,1
0,4,30,0,N,nb9,765,0.148,-0.984,1,1
0,4,30,0,N,nb10,765,0.032,-1.164,2,1
0,4,30,0,N,nb11,765,1.471,-0.293,1,1
0,4,30,0,N,nb12,765,0.752,1.088,1,1
0,4,30,0,N,nb13,765,1.299,-0.13,2,1
0,4,30,0,N,nb14,765,-0.6,-0.886,3,1
0,4,30,0,N,nb15,765,1.638,0.057,2,1
0,4,30,0,N,nb16,765,1.73,0.274,2,1
0,4,30,0,N,nb17,765,-0.835,-0.949,2,1
0,4,30,0,N,nb18,765,-1.717,-0.24,1,1
0,4,30,0,N,nb19,765,0.985,1.128,1,1
0,4,30,0,N,nb20,765,-0.048,-1.392,1,1
0,4,30,0,N,nb21,765,0.905,0.033,1,1
0,4,30,0,N,nb22,765,0.542,1.46,1,1
0,4,30,0,N,nb23,765,0.518,1.705,2,1
0,4,30,0,N,nb24,765,-0.386,-0.775,1,1
0,4,30,0,N,nb25,765,-1.605,-0.449,3,1
0,4,30,0,N,nb26,765,0.68,0.037,2,1
0,4,30,0,N,nb27,765,-1.317,-0.798,1,1
0,4,30,0,N,nb28,765,-1.395,-0.574,3,1
0,4,30,0,N,nb29,765,0.111,1.866,1,0
0,4,30,0,N,nb0,770,-1.69,-0.671,1,1
0,4,30,0,N,nb1,770,0.341,1.866,2,1
0,4,30,0,N,nb2,770,1.415,0.086,2,1
0,4,30,0,N,nb3,770,-1.185,-0.464,1,1
0,4,30,0,N,nb4,770,-0.686,-1.11,2,1
0,4,30,0,N,nb5,770,0.475,-0.089,1,1
0,4,30,0,N,nb6,770,0.285,-0.515,1,1
0,4,30,0,N,nb7,770,1.56,0.454,1,1
0,4,30,0,N,nb8,770,0.235,-0.699,1,1
0,4,30,0,N,nb9,770,0.148,-0.984,1,1
0,4,30,0,N,nb10,770,0.032,-1.164,2,1
0,4,30,0,N,nb11,770,1.471,-0.293,1,1
0,4,30,0,N,nb12,770,0.752,1.088,1,1
0,4,30,0,N,nb13,770,1.299,-0.13,2,1
0,4,30,0,N,nb14,770,-0.6,-0.886,3,1
0,4,30,0,N,nb15,770,1.638,0.057,2,1
0,4,30,0,N,nb16,770,1.73,0.274,2,1
0,4,30,0,N,nb17,770,-0.835,-0.949,2,1
0,4,30,0,N,nb18,770,-1.717,-0.24,1,1
0,4,30,0,N,nb19,770,0.985,1.128,1,1
0,4,30,0,N,nb20,770,-0.048,-1.392,1,0
0,4,30,0,N,nb21,770,0.905,0.033,1,1
0,4,30,0,N,nb22,770,0.542,1.46,1,1
0,4,30,0,N,nb23,770,0.518,1.705,2,1
0,4,30,0,N,nb24,770,-0.386,-0.775,1,1
0,4,30,0,N,nb25,770,-1.605,-0.449,3,1
0,4,30,0,N,nb26,770,0.68,0.037,2,1
0,4,30,0,N,nb27,770,-1.317,-0.798,1,1
0,4,30,0,N,nb28,770,-1.395,-0.574,3,1
0,4,30,0,N,nb29,770,0.111,1.866,1,1
0,4,30,0,N,nb0,775,-1.69,-0.671,1,1
0,4,30,0,N,nb1,775,0.341,1.866,2,1
0,4,30,0,N,nb2,775,1.415,0.086,2,1
0,4,30,0,N,nb3,775,-1.185,-0.464,1,1
0,4,30,0,N,nb4,775,-0.686,-1.11,2,0
0,4,30,0,N,nb5,775,0.475,-0.089,1,1
0,4,30,0,N,nb6,775,0.285,-0.515,1,0
0,4,30,0,N,nb7,775,1.56,0.454,1,1
0,4,30,0,N,nb8,775,0.235,-0.699,1,0
0,4,30,0,N,nb9,775,0.148,-0.984,1,0
0,4,30,0,N,nb10,775,0.032,-1.164,2,0
0,4,30,0,N,nb11,775,1.471,-0.293,1,1
0,4,30,0,N,nb12,775,0.752,1.088,1,1
0,4,30,0,N,nb13,775,1.299,-0.13,2,0
0,4,30,0,N,nb14,775,-0.6,-0.886,3,1
0,4,30,0,N,nb15,775,1.638,0.057,2,1
0,4,30,0,N,nb16,775,1.73,0.274,2,1
0,4,30,0,N,nb17,775,-0.835,-0.949,2,0
0,4,30,0,N,nb18,775,-1.717,-0.24,1,1
0,4,30,0,N,nb19,775,0.985,1.128,1,1
0,4,30,0,N,nb20,775,-0.048,-1.392,1,1
0,4,30,0,N,nb21,775,0.905,0.033,1,1
0,4,30,0,N,nb22,775,0.542,1.46,1,1
0,4,30,0,N,nb23,775,0.518,1.705,2,1
0,4,30,0,N,nb24,775,-0.386,-0.775,1,1
0,4,30,0,N,nb25,775,-1.605,-0.449,3,1
0,4,30,0,N,nb26,775,0.68,0.037,2,1
0,4,30,0,N,nb27,775,-1.317,-0.798,1,1
0,4,30,0,N,nb28,775,-1.395,-0.574,3,1
0,4,30,0,N,nb29,775,0.111,1.866,1,1
0,4,30,0,N,nb0,780,-1.69,-0.671,1,1
0,4,30,0,N,nb1,780,0.341,1.866,2,1
0,4,30,0,N,nb2,780,1.415,0.086,2,1
0,4,30,0,N,nb3,780,-1.185,-0.464,1,0
0,4,30,0,N,nb4,780,-0.686,-1.11,2,1
0,4,30,0,N,nb5,780,0.475,-0.089,1,1
0,4,30,0,N,nb6,780,0.285,-0.515,1,1
0,4,30,0,N,nb7,780,1.56,0.454,1,1
0,4,30,0,N,nb8,780,0.235,-0.699,1,1
0,4,30,0,N,nb9,780,0.148,-0.984,1,1
0,4,30,0,N,nb10,780,0.032,-1.164,2,1
0,4,30,0,N,nb11,780,1.471,-0.293,1,1
0,4,30,0,N,nb12,780,0.752,1.088,1,1
0,4,30,0,N,nb13,780,1.299,-0.13,2,1
0,4,30,0,N,nb14,780,-0.6,-0.886,3,1
0,4,30,0,N,nb15,780,1.638,0.057,2,1
0,4,30,0,N,nb16,780,1.73,0.274,2,1
0,4,30,0,N,nb17,780,-0.835,-0.949,2,1
0,4,30,0,N,nb18,780,-1.717,-0.24,1,1
0,4,30,0,N,nb19,780,0.985,1.128,1,1
0,4,30,0,N,nb20,780,-0.048,-1.392,1,1
0,4,30,0,N,nb21,780,0.905,0.033,1,1
0,4,30,0,N,nb22,780,0.542,1.46,1,1
0,4,30,0,N,nb23,780,0.518,1.705,2,1
0,4,30,0,N,nb24,780,-0.386,-0.775,1,1
0,4,30,0,N,nb25,780,-1.605,-0.449,3,1
0,4,30,0,N,nb26,780,0.68,0.037,2,1
0,4,30,0,N,nb27,780,-1.317,-0.798,1,1
0,4,30,0,N,nb28,780,-1.395,-0.574,3,0
0,4,30,0,N,nb29,780,0.111,1.866,1,1
0,4,30,0,N,nb0,785,-1.69,-0.671,1,1
0,4,30,0,N,nb1,785,0.341,1.866,2,1
0,4,30,0,N,nb2,785,1.415,0.086,2,1
0,4,30,0,N,nb3,785,-1.185,-0.464,1,1
0,4,30,0,N,nb4,785,-0.686,-1.11,2,1
0,4,30,0,N,nb5,785,0.475,-0.089,1,1
0,4,30,0,N,nb6,785,0.285,-0.515,1,1
0,4,30,0,N,nb7,785,1.56,0.454,1,1
0,4,30,0,N,nb8,785,0.235,-0.699,1,1
0,4,30,0,N,nb9,785,0.148,-0.984,1,1
0,4,30,0,N,nb10,785,0.032,-1.164,2,1
0,4,30,0,N,nb11,785,1.471,-0.293,1,1
0,4,30,0,N,nb12,785,0.752,1.088,1,1
0,4,30,0,N,nb13,785,1.299,-0.13,2,1
0,4,30,0,N,nb14,785,-0.6,-0.886,3,1
0,4,30,0,N,nb15,785,1.638,0.057,2,1
0,4,30,0,N,nb16,785,1.73,0.274,2,1
0,4,30,0,N,nb17,785,-0.835,-0.949,2,1
0,4,30,0,N,nb18,785,-1.717,-0.24,1,1
0,4,30,0,N,nb19,785,0.985,1.128,1,1
0,4,30,0,N,nb20,785,-0.048,-1.392,1,1
0,4,30,0,N,nb21,785,0.905,0.033,1,1
0,4,30,0,N,nb22,785,0.542,1.46,1,1
0,4,30,0,N,nb23,785,0.518,1.705,2,1
0,4,30,0,N,nb24,785,-0.386,-0.775,1,1
0,4,30,0,N,nb25,785,-1.605,-0.449,3,1
0,4,30,0,N,nb26,785,0.68,0.037,2,1
0,4,30,0,N,nb27,785,-1.317,-0.798,1,1
0,4,30,0,N,nb28,785,-1.395,-0.574,3,1
0,4,30,0,N,nb29,785,0.111,1.866,1,1
0,4,30,0,N,nb0,790,-1.69,-0.671,1,1
0,4,30,0,N,nb1,790,0.341,1.866,2,1
0,4,30,0,N,nb2,790,1.415,0.086,2,1
0,4,30,0,N,nb3,790,-1.185,-0.464,1,1
0,4,30,0,N,nb4,790,-0.686,-1.11,2,1
0,4,30,0,N,nb5,790,0.475,-0.089,1,1
0,4,30,0,N,nb6,790,0.285,-0.515,1,1
0,4,30,0,N,nb7,790,1.56,0.454,1,1
0,4,30,0,N,nb8,790,0.235,-0.699,1,1
0,4,30,0,N,nb9,790,0.148,-0.984,1,1
0,4,30,0,N,nb10,790,0.032,-1.164,2,1
0,4,30,0,N,nb11,790,1.471,-0.293,1,1
0,4,30,0,N,nb12,790,0.752,1.088,1,1
0,4,30,0,N,nb13,790,1.299,-0.13,2,1
0,4,30,0,N,nb14,790,-0.6,-0.886,3,1
0,4,30,0,N,nb15,790,1.638,0.057,2,1
0,4,30,0,N,nb16,790,1.73,0.274,2,1
0,4,30,0,N,nb17,790,-0.835,-0.949,2,1
0,4,30,0,N,nb18,790,-1.717,-0.24,1,1
0,4,30,0,N,nb19,790,0.985,1.128,1,1
0,4,30,0,N,nb20,790,-0.048,-1.392,1,1
0,4,30,0,N,nb21,790,0.905,0.033,1,1
0,4,30,0,N,nb22,790,0.542,1.46,1,1
0,4,30,0,N,nb23,790,0.518,1.705,2,1
0,4,30,0,N,nb24,790,-0.386,-0.775,1,1
0,4,30,0,N,nb25,790,-1.605,-0.449,3,1
0,4,30,0,N,nb26,790,0.68,0.037,2,1
0,4,30,0,N,nb27,790,-1.317,-0.798,1,1
0,4,30,0,N,nb28,790,-1.395,-0.574,3,1
0,4,30,0,N,nb29,790,0.111,1.866,1,1
0,4,30,0,N,nb0,795,-1.69,-0.671,1,1
0,4,30,0,N,nb1,795,0.341,1.866,2,0
0,4,30,0,N,nb2,795,1.415,0.086,2,1
0,4,30,0,N,nb3,795,-1.185,-0.464,1,1
0,4,30,0,N,nb4,795,-0.686,-1.11,2,1
0,4,30,0,N,nb5,795,0.475,-0.089,1,1
0,4,30,0,N,nb6,795,0.285,-0.515,1,1
0,4,30,0,N,nb7,795,1.56,0.454,1,0
0,4,30,0,N,nb8,795,0.235,-0.699,1,1
0,4,30,0,N,nb9,795,0.148,-0.984,1,1
0,4,30,0,N,nb10,795,0.032,-1.164,2,1
0,4,30,0,N,nb11,795,1.471,-0.293,1,1
0,4,30,0,N,nb12,795,0.752,1.088,1,1
0,4,30,0,N,nb13,795,1.299,-0.13,2,1
0,4,30,0,N,nb14,795,-0.6,-0.886,3,1
0,4,30,0,N,nb15,795,1.638,0.057,2,1
0,4,30,0,N,nb16,795,1.73,0.274,2,1
0,4,30,0,N,nb17,795,-0.835,-0.949,2,1
0,4,30,0,N,nb18,795,-1.717,-0.24,1,1
0,4,30,0,N,nb19,795,0.985,1.128,1,1
0,4,30,0,N,nb20,795,-0.048,-1.392,1,1
0,4,30,0,N,nb21,795,0.905,0.033,1,1
0,4,30,0,N,nb22,795,0.542,1.46,1,1
0,4,30,0,N,nb23,795,0.518,1.705,2,1
0,4,30,0,N,nb24,795,-0.386,-0.775,1,1
0,4,30,0,N,nb25,795,-1.605,-0.449,3,1
0,4,30,0,N,nb26,795,0.68,0.037,2,1
0,4,30,0,N,nb27,795,-1.317,-0.798,1,1
0,4,30,0,N,nb28,795,-1.395,-0.574,3,1
0,4,30,0,N,nb29,795,0.111,1.866,1,1
0,4,30,0,N,nb0,800,-1.69,-0.671,1,1
0,4,30,0,N,nb1,800,0.341,1.866,2,1
0,4,30,0,N,nb2,800,1.415,0.086,2,1
0,4,30,0,N,nb3,800,-1.185,-0.464,1,1
0,4,30,0,N,nb4,800,-0.686,-1.11,2,1
0,4,30,0,N,nb5,800,0.475,-0.089,1,1
0,4,30,0,N,nb6,800,0.285,-0.515,1,1
0,4,30,0,N,nb7,800,1.56,0.454,1,1
0,4,30,0,N,nb8,800,0.235,-0.699,1,1
0,4,30,0,N,nb9,800,0.148,-0.984,1,1
0,4,30,0,N,nb10,800,0.032,-1.164,2,1
0,4,30,0,N,nb11,800,1.471,-0.293,1,1
0,4,30,0,N,nb12,800,0.752,1.088,1,1
0,4,30,0,N,nb13,800,1.299,-0.13,2,1
0,4,30,0,N,nb14,800,-0.6,-0.886,3,1
0,4,30,0,N,nb15,800,1.638,0.057,2,1
0,4,30,0,N,nb16,800,1.73,0.274,2,1
0,4,30,0,N,nb17,800,-0.835,-0.949,2,1
0,4,30,0,N,nb18,800,-1.717,-0.24,1,1
0,4,30,0,N,nb19,800,0.985,1.128,1,1
0,4,30,0,N,nb20,800,-0.048,-1.392,1,1
0,4,30,0,N,nb21,800,0.905,0.033,1,1
0,4,30,0,N,nb22,800,0.542,1.46,1,1
0,4,30,0,N,nb23,800,0.518,1.705,2,1
0,4,30,0,N,nb24,800,-0.386,-0.775,1,1
0,4,30,0,N,nb25,800,-1.605,-0.449,3,1
0,4,30,0,N,nb26,800,0.68,0.037,2,1
0,4,30,0,N,nb27,800,-1.317,-0.798,1,1
0,4,30,0,N,nb28,800,-1.395,-0.574,3,1
0,4,30,0,N,nb29,800,0.111,1.866,1,1
0,4,30,0,N,nb0,805,-1.69,-0.671,1,1
0,4,30,0,N,nb1,805,0.341,1.866,2,1
0,4,30,0,N,nb2,805,1.415,0.086,2,1
0,4,30,0,N,nb3,805,-1.185,-0.464,1,1
0,4,30,0,N,nb4,805,-0.686,-1.11,2,1
0,4,30,0,N,nb5,805,0.475,-0.089,1,1
0,4,30,0,N,nb6,805,0.285,-0.515,1,1
0,4,30,0,N,nb7,805,1.56,0.454,1,1
0,4,30,0,N,nb8,805,0.235,-0.699,1,1
0,4,30,0,N,nb9,805,0.148,-0.984,1,1
0,4,30,0,N,nb10,805,0.032,-1.164,2,1
0,4,30,0,N,nb11,805,1.471,-0.293,1,1
0,4,30,0,N,nb12,805,0.752,1.088,1,1
0,4,30,0,N,nb13,805,1.299,-0.13,2,1
0,4,30,0,N,nb14,805,-0.6,-0.886,3,1
0,4,30,0,N,nb15,805,1.638,0.057,2,1
0,4,30,0,N,nb16,805,1.73,0.274,2,1
0,4,30,0,N,nb17,805,-0.835,-0.949,2,1
0,4,30,0,N,nb18,805,-1.717,-0.24,1,1
0,4,30,0,N,nb19,805,0.985,1.128,1,1
0,4,30,0,N,nb20,805,-0.048,-1.392,1,1
0,4,30,0,N,nb21,805,0.905,0.033,1,1
0,4,30,0,N,nb22,805,0.542,1.46,1,1
0,4,30,0,N,nb23,805,0.518,1.705,2,1
0,4,30,0,N,nb24,805,-0.386,-0.775,1,1
0,4,30,0,N,nb25,805,-1.605,-0.449,3,1
0,4,30,0,N,nb26,805,0.68,0.037,2,1
0,4,30,0,N,nb27,805,-1.317,-0.798,1,1
0,4,30,0,N,nb28,805,-1.395,-0.574,3,1
0,4,30,0,N,nb29,805,0.111,1.866,1,1
0,4,30,0,N,nb0,810,-1.69,-0.671,1,1
0,4,30,0,N,nb1,810,0.341,1.866,2,1
0,4,30,0,N,nb2,810,1.415,0.086,2,0
0,4,30,0,N,nb3,810,-1.185,-0.464,1,1
0,4,30,0,N,nb4,810,-0.686,-1.11,2,1
0,4,30,0,N,nb5,810,0.475,-0.089,1,1
0,4,30,0,N,nb6,810,0.285,-0.515,1,1
0,4,30,0,N,nb7,810,1.56,0.454,1,1
0,4,30,0,N,nb8,810,0.235,-0.699,1,1
0,4,30,0,N,nb9,810,0.148,-0.984,1,1
0,4,30,0,N,nb10,810,0.032,-1.164,2,1
0,4,30,0,N,nb11,810,1.471,-0.293,1,1
0,4,30,0,N,nb12,810,0.752,1.088,1,1
0,4,30,0,N,nb13,810,1.299,-0.13,2,1
0,4,30,0,N,nb14,810,-0.6,-0.886,3,1
0,4,30,0,N,nb15,810,1.638,0.057,2,0
0,4,30,0,N,nb16,810,1.73,0.274,2,1
0,4,30,0,N,nb17,810,-0.835,-0.949,2,1
0,4,30,0,N,nb18,810,-1.717,-0.24,1,1
0,4,30,0,N,nb19,810,0.985,1.128,1,1
0,4,30,0,N,nb20,810,-0.048,-1.392,1,1
0,4,30,0,N,nb21,810,0.905,0.033,1,1
0,4,30,0,N,nb22,810,0.542,1.46,1,1
0,4,30,0,N,nb23,810,0.518,1.705,2,1
0,4,30,0,N,nb24,810,-0.386,-0.775,1,1
0,4,30,0,N,nb25,810,-1.605,-0.449,3,1
0,4,30,0,N,nb26,810,0.68,0.037,2,1
0,4,30,0,N,nb27,810,-1.317,-0.798,1,1
0,4,30,0,N,nb28,810,-1.395,-0.574,3,1
0,4,30,0,N,nb29,810,0.111,1.866,1,1
0,4,30,0,N,nb0,815,-1.69,-0.671,1,1
0,4,30,0,N,nb1,815,0.341,1.866,2,1
0,4,30,0,N,nb2,815,1.415,0.086,2,1
0,4,30,0,N,nb3,815,-1.185,-0.464,1,1
0,4,30,0,N,nb4,815,-0.686,-1.11,2,1
0,4,30,0,N,nb5,815,0.475,-0.089,1,1
0,4,30,0,N,nb6,815,0.285,-0.515,1,1
0,4,30,0,N,nb7,815,1.56,0.454,1,1
0,4,30,0,N,nb8,815,0.235,-0.699,1,1
0,4,30,0,N,nb9,815,0.148,-0.984,1,1
0,4,30,0,N,nb10,815,0.032,-1.164,2,1
0,4,30,0,N,nb11,815,1.471,-0.293,1,1
0,4,30,0,N,nb12,815,0.752,1.088,1,1
0,4,30,0,N,nb13,815,1.299,-0.13,2,1
0,4,30,0,N,nb14,815,-0.6,-0.886,3,1
0,4,30,0,N,nb15,815,1.638,0.057,2,1
0,4,30,0,N,nb16,815,1.73,0.274,2,1
0,4,30,0,N,nb17,815,-0.835,-0.949,2,1
0,4,30,0,N,nb18,815,-1.717,-0.24,1,1
0,4,30,0,N,nb19,815,0.985,1.128,1,1
0,4,30,0,N,nb20,815,-0.048,-1.392,1,1
0,4,30,0,N,nb21,815,0.905,0.033,1,1
0,4,30,0,N,nb22,815,0.542,1.46,1,1
0,4,30,0,N,nb23,815,0.518,1.705,2,1
0,4,30,0,N,nb24,815,-0.386,-0.775,1,1
0,4,30,0,N,nb25,815,-1.605,-0.449,3,1
0,4,30,0,N,nb26,815,0.68,0.037,2,1
0,4,30,0,N,nb27,815,-1.317,-0.798,1,1
0,4,30,0,N,nb28,815,-1.395,-0.574,3,1
0,4,30,0,N,nb29,815,0.111,1.866,1,1
0,4,30,0,N,nb0,820,-1.69,-0.671,1,1
0,4,30,0,N,nb1,820,0.341,1.866,2,1
0,4,30,0,N,nb2,820,1.415,0.086,2,1
0,4,30,0,N,nb3,820,-1.185,-0.464,1,1
0,4,30,0,N,nb4,820,-0.686,-1.11,2,1
0,4,30,0,N,nb5,820,0.475,-0.089,1,1
0,4,30,0,N,nb6,820,0.285,-0.515,1,1
0,4,30,0,N,nb7,820,1.56,0.454,1,1
0,4,30,0,N,nb8,820,0.235,-0.699,1,1
0,4,30,0,N,nb9,820,0.148,-0.984,1,1
0,4,30,0,N,nb10,820,0.032,-1.164,2,1
0,4,30,0,N,nb11,820,1.471,-0.293,1,1
0,4,30,0,N,nb12,820,0.752,1.088,1,1
0,4,30,0,N,nb13,820,1.299,-0.13,2,1
0,4,30,0,N,nb14,820,-0.6,-0.886,3,1
0,4,30,0,N,nb15,820,1.638,0.057,2,1
0,4,30,0,N,nb16,820,1.73,0.274,2,1
0,4,30,0,N,nb17,820,-0.835,-0.949,2,1
0,4,30,0,N,nb18,820,-1.717,-0.24,1,1
0,4,30,0,N,nb19,820,0.985,1.128,1,1
0,4,30,0,N,nb20,820,-0.048,-1.392,1,1
0,4,30,0,N,nb21,820,0.905,0.033,1,1
0,4,30,0,N,nb22,820,0.542,1.46,1,1
0,4,30,0,N,nb23,820,0.518,1.705,2,1
0,4,30,0,N,nb24,820,-0.386,-0.775,1,1
0,4,30,0,N,nb25,820,-1.605,-0.449,3,1
0,4,30,0,N,nb26,820,0.68,0.037,2,1
0,4,30,0,N,nb27,820,-1.317,-0.798,1,1
0,4,30,0,N,nb28,820,-1.395,-0.574,3,1
0,4,30,0,N,nb29,820,0.111,1.866,1,1
0,4,30,0,N,nb0,825,-1.69,-0.671,1,1
0,4,30,0,N,nb1,825,0.341,1.866,2,1
0,4,30,0,N,nb2,825,1.415,0.086,2,1
0,4,30,0,N,nb3,825,-1.185,-0.464,1,1
0,4,30,0,N,nb4,825,-0.686,-1.11,2,1
0,4,30,0,N,nb5,825,0.475,-0.089,1,1
0,4,30,0,N,nb6,825,0.285,-0.515,1,1
0,4,30,0,N,nb7,825,1.56,0.454,1,1
0,4,30,0,N,nb8,825,0.235,-0.699,1,1
0,4,30,0,N,nb9,825,0.148,-0.984,1,1
0,4,30,0,N,nb10,825,0.032,-1.164,2,1
0,4,30,0,N,nb11,825,1.471,-0.293,1,1
0,4,30,0,N,nb12,825,0.752,1.088,1,1
0,4,30,0,N,nb13,825,1.299,-0.13,2,1
0,4,30,0,N,nb14,825,-0.6,-0.886,3,1
0,4,30,0,N,nb15,825,1.638,0.057,2,1
0,4,30,0,N,nb16,825,1.73,0.274,2,1
0,4,30,0,N,nb17,825,-0.835,-0.949,2,1
0,4,30,0,N,nb18,825,-1.717,-0.24,1,1
0,4,30,0,N,nb19,825,0.985,1.128,1,1
0,4,30,0,N,nb20,825,-0.048,-1.392,1,1
0,4,30,0,N,nb21,825,0.905,0.033,1,1
0,4,30,0,N,nb22,825,0.542,1.46,1,1
0,4,30,0,N,nb23,825,0.518,1.705,2,1
0,4,30,0,N,nb24,825,-0.386,-0.775,1,1
0,4,30,0,N,nb25,825,-1.605,-0.449,3,1
0,4,30,0,N,nb26,825,0.68,0.037,2,1
0,4,30,0,N,nb27,825,-1.317,-0.798,1,1
0,4,30,0,N,nb28,825,-1.395,-0.574,3,1
0,4,30,0,N,nb29,825,0.111,1.866,1,1
0,4,30,0,N,nb0,830,-1.69,-0.671,1,1
0,4,30,0,N,nb1,830,0.341,1.866,2,1
0,4,30,0,N,nb2,830,1.415,0.086,2,1
0,4,30,0,N,nb3,830,-1.185,-0.464,1,1
0,4,30,0,N,nb4,830,-0.686,-1.11,2,1
0,4,30,0,N,nb5,830,0.475,-0.089,1,1
0,4,30,0,N,nb6,830,0.285,-0.515,1,1
0,4,30,0,N,nb7,830,1.56,0.454,1,1
0,4,30,0,N,nb8,830,0.235,-0.699,1,1
0,4,30,0,N,nb9,830,0.148,-0.984,1,1
0,4,30,0,N,nb10,830,0.032,-1.164,2,1
0,4,30,0,N,nb11,830,1.471,-0.293,1,1
0,4,30,0,N,nb12,830,0.752,1.088,1,1
0,4,30,0,N,nb13,830,1.299,-0.13,2,1
0,4,30,0,N,nb14,830,-0.6,-0.886,3,1
0,4,30,0,N,nb15,830,1.638,0.057,2,1
0,4,30,0,N,nb16,830,1.73,0.274,2,1
0,4,30,0,N,nb17,830,-0.835,-0.949,2,1
0,4,30,0,N,nb18,830,-1.717,-0.24,1,1
0,4,30,0,N,nb19,830,0.985,1.128,1,1
0,4,30,0,N,nb20,830,-0.048,-1.392,1,1
0,4,30,0,N,nb21,830,0.905,0.033,1,1
0,4,30,0,N,nb22,830,0.542,1.46,1,1
0,4,30,0,N,nb23,830,0.518,1.705,2,1
0,4,30,0,N,nb24,830,-0.386,-0.775,1,1
0,4,30,0,N,nb25,830,-1.605,-0.449,3,1
0,4,30,0,N,nb26,830,0.68,0.037,2,1
0,4,30,0,N,nb27,830,-1.317,-0.798,1,1
0,4,30,0,N,nb28,830,-1.395,-0.574,3,1
0,4,30,0,N,nb29,830,0.111,1.866,1,1
0,4,30,0,N,nb0,835,-1.69,-0.671,1,1
0,4,30,0,N,nb1,835,0.341,1.866,2,1
0,4,30,0,N,nb2,835,1.415,0.086,2,1
0,4,30,0,N,nb3,835,-1.185,-0.464,1,1
0,4,30,0,N,nb4,835,-0.686,-1.11,2,1
0,4,30,0,N,nb5,835,0.475,-0.089,1,1
0,4,30,0,N,nb6,835,0.285,-0.515,1,1
0,4,30,0,N,nb7,835,1.56,0.454,1,1
0,4,30,0,N,nb8,835,0.235,-0.699,1,1
0,4,30,0,N,nb9,835,0.148,-0.984,1,1
0,4,30,0,N,nb10,835,0.032,-1.164,2,1
0,4,30,0,N,nb11,835,1.471,-0.293,1,1
0,4,30,0,N,nb12,835,0.752,1.088,1,1
0,4,30,0,N,nb13,835,1.299,-0.13,2,1
0,4,30,0,N,nb14,835,-0.6,-0.886,3,1
0,4,30,0,N,nb15,835,1.638,0.057,2,1
0,4,30,0,N,nb16,835,1.73,0.274,2,1
0,4,30,0,N,nb17,835,-0.835,-0.949,2,1
0,4,30,0,N,nb18,835,-1.717,-0.24,1,1
0,4,30,0,N,nb19,835,0.985,1.128,1,1
0,4,30,0,N,nb20,835,-0.048,-1.392,1,1
0,4,30,0,N,nb21,835,0.905,0.033,1,1
0,4,30,0,N,nb22,835,0.542,1.46,1,1
0,4,30,0,N,nb23,835,0.518,1.705,2,1
0,4,30,0,N,nb24,835,-0.386,-0.775,1,1
0,4,30,0,N,nb25,835,-1.605,-0.449,3,0
0,4,30,0,N,nb26,835,0.68,0.037,2,1
0,4,30,0,N,nb27,835,-1.317,-0.798,1,1
0,4,30,0,N,nb28,835,-1.395,-0.574,3,1
0,4,30,0,N,nb29,835,0.111,1.866,1,1
0,4,30,0,N,nb0,840,-1.69,-0.671,1,1
0,4,30,0,N,nb1,840,0.341,1.866,2,1
0,4,30,0,N,nb2,840,1.415,0.086,2,1
0,4,30,0,N,nb3,840,-1.185,-0.464,1,1
0,4,30,0,N,nb4,840,-0.686,-1.11,2,1
0,4,30,0,N,nb5,840,0.475,-0.089,1,1
0,4,30,0,N,nb6,840,0.285,-0.515,1,1
0,4,30,0,N,nb7,840,1.56,0.454,1,1
0,4,30,0,N,nb8,840,0.235,-0.699,1,1
0,4,30,0,N,nb9,840,0.148,-0.984,1,1
0,4,30,0,N,nb10,840,0.032,-1.164,2,1
0,4,30,0,N,nb11,840,1.471,-0.293,1,1
0,4,30,0,N,nb12,840,0.752,1.088,1,1
0,4,30,0,N,nb13,840,1.299,-0.13,2,1
0,4,30,0,N,nb14,840,-0.6,-0.886,3,1
0,4,30,0,N,nb15,840,1.638,0.057,2,1
0,4,30,0,N,nb16,840,1.73,0.274,2,1
0,4,30,0,N,nb17,840,-0.835,-0.949,2,1
0,4,30,0,N,nb18,840,-1.717,-0.24,1,1
0,4,30,0,N,nb19,840,0.985,1.128,1,1
0,4,30,0,N,nb20,840,-0.048,-1.392,1,1
0,4,30,0,N,nb21,840,0.905,0.033,1,1
0,4,30,0,N,nb22,840,0.542,1.46,1,1
0,4,30,0,N,nb23,840,0.518,1.705,2,1
0,4,30,0,N,nb24,840,-0.386,-0.775,1,1
0,4,30,0,N,nb25,840,-1.605,-0.449,3,1
0,4,30,0,N,nb26,840,0.68,0.037,2,1
0,4,30,0,N,nb27,840,-1.317,-0.798,1,1
0,4,30,0,N,nb28,840,-1.395,-0.574,3,1
0,4,30,0,N,nb29,840,0.111,1.866,1,1
0,4,30,0,N,nb0,845,-1.69,-0.671,1,1
0,4,30,0,N,nb1,845,0.341,1.866,2,1
0,4,30,0,N,nb2,845,1.415,0.086,2,1
0,4,30,0,N,nb3,845,-1.185,-0.464,1,1
0,4,30,0,N,nb4,845,-0.686,-1.11,2,1
0,4,30,0,N,nb5,845,0.475,-0.089,1,1
0,4,30,0,N,nb6,845,0.285,-0.515,1,1
0,4,30,0,N,nb7,845,1.56,0.454,1,1
0,4,30,0,N,nb8,845,0.235,-0.699,1,1
0,4,30,0,N,nb9,845,0.148,-0.984,1,1
0,4,30,0,N,nb10,845,0.032,-1.164,2,1
0,4,30,0,N,nb11,845,1.471,-0.293,1,1
0,4,30,0,N,nb12,845,0.752,1.088,1,1
0,4,30,0,N,nb13,845,1.299,-0.13,2,1
0,4,30,0,N,nb14,845,-0.6,-0.886,3,1
0,4,30,0,N,nb15,845,1.638,0.057,2,1
0,4,30,0,N,nb16,845,1.73,0.274,2,1
0,4,30,0,N,nb17,845,-0.835,-0.949,2,1
0,4,30,0,N,nb18,845,-1.717,-0.24,1,1
0,4,30,0,N,nb19,845,0.985,1.128,1,1
0,4,30,0,N,nb20,845,-0.048,-1.392,1,1
0,4,30,0,N,nb21,845,0.905,0.033,1,1
0,4,30,0,N,nb22,845,0.542,1.46,1,1
0,4,30,0,N,nb23,845,0.518,1.705,2,1
0,4,30,0,N,nb24,845,-0.386,-0.775,1,1
0,4,30,0,N,nb25,845,-1.605,-0.449,3,1
0,4,30,0,N,nb26,845,0.68,0.037,2,1
0,4,30,0,N,nb27,845,-1.317,-0.798,1,1
0,4,30,0,N,nb28,845,-1.395,-0.574,3,1
0,4,30,0,N,nb29,845,0.111,1.866,1,1
0,4,30,0,N,nb0,850,-1.69,-0.671,1,1
0,4,30,0,N,nb1,850,0.341,1.866,2,1
0,4,30,0,N,nb2,850,1.415,0.086,2,1
0,4,30,0,N,nb3,850,-1.185,-0.464,1,1
0,4,30,0,N,nb4,850,-0.686,-1.11,2,1
0,4,30,0,N,nb5,850,0.475,-0.089,1,1
0,4,30,0,N,nb6,850,0.285,-0.515,1,1
0,4,30,0,N,nb7,850,1.56,0.454,1,1
0,4,30,0,N,nb8,850,0.235,-0.699,1,1
0,4,30,0,N,nb9,850,0.148,-0.984,1,1
0,4,30,0,N,nb10,850,0.032,-1.164,2,1
0,4,30,0,N,nb11,850,1.471,-0.293,1,1
0,4,30,0,N,nb12,850,0.752,1.088,1,1
0,4,30,0,N,nb13,850,1.299,-0.13,2,1
0,4,30,0,N,nb14,850,-0.6,-0.886,3,1
0,4,30,0,N,nb15,850,1.638,0.057,2,1
0,4,30,0,N,nb16,850,1.73,0.274,2,1
0,4,30,0,N,nb17,850,-0.835,-0.949,2,1
0,4,30,0,N,nb18,850,-1.717,-0.24,1,0
0,4,30,0,N,nb19,850,0.985,1.128,1,1
0,4,30,0,N,nb20,850,-0.048,-1.392,1,1
0,4,30,0,N,nb21,850,0.905,0.033,1,1
0,4,30,0,N,nb22,850,0.542,1.46,1,1
0,4,30,0,N,nb23,850,0.518,1.705,2,1
0,4,30,0,N,nb24,850,-0.386,-0.775,1,0
0,4,30,0,N,nb25,850,-1.605,-0.449,3,1
0,4,30,0,N,nb26,850,0.68,0.037,2,1
0,4,30,0,N,nb27,850,-1.317,-0.798,1,1
0,4,30,0,N,nb28,850,-1.395,-0.574,3,1
0,4,30,0,N,nb29,850,0.111,1.866,1,1
0,4,30,0,N,nb0,855,-1.69,-0.671,1,1
0,4,30,0,N,nb1,855,0.341,1.866,2,1
0,4,30,0,N,nb2,855,1.415,0.086,2,1
0,4,30,0,N,nb3,855,-1.185,-0.464,1,1
0,4,30,0,N,nb4,855,-0.686,-1.11,2,1
0,4,30,0,N,nb5,855,0.475,-0.089,1,1
0,4,30,0,N,nb6,855,0.285,-0.515,1,1
0,4,30,0,N,nb7,855,1.56,0.454,1,1
0,4,30,0,N,nb8,855,0.235,-0.699,1,1
0,4,30,0,N,nb9,855,0.148,-0.984,1,1
0,4,30,0,N,nb10,855,0.032,-1.164,2,1
0,4,30,0,N,nb11,855,1.471,-0.293,1,1
0,4,30,0,N,nb12,855,0.752,1.088,1,0
0,4,30,0,N,nb13,855,1.299,-0.13,2,1
0,4,30,0,N,nb14,855,-0.6,-0.886,3,1
0,4,30,0,N,nb15,855,1.638,0.057,2,1
0,4,30,0,N,nb16,855,1.73,0.274,2,1
0,4,30,0,N,nb17,855,-0.835,-0.949,2,1
0,4,30,0,N,nb18,855,-1.717,-0.24,1,1
0,4,30,0,N,nb19,855,0.985,1.128,1,0
0,4,30,0,N,nb20,855,-0.048,-1.392,1,1
0,4,30,0,N,nb21,855,0.905,0.033,1,1
0,4,30,0,N,nb22,855,0.542,1.46,1,1
0,4,30,0,N,nb23,855,0.518,1.705,2,1
0,4,30,0,N,nb24,855,-0.386,-0.775,1,1
0,4,30,0,N,nb25,855,-1.605,-0.449,3,1
0,4,30,0,N,nb26,855,0.68,0.037,2,1
0,4,30,0,N,nb27,855,-1.317,-0.798,1,1
0,4,30,0,N,nb28,855,-1.395,-0.574,3,1
0,4,30,0,N,nb29,855,0.111,1.866,1,1
0,4,30,0,N,nb0,860,-1.69,-0.671,1,1
0,4,30,0,N,nb1,860,0.341,1.866,2,1
0,4,30,0,N,nb2,860,1.415,0.086,2,1
0,4,30,0,N,nb3,860,-1.185,-0.464,1,1
0,4,30,0,N,nb4,860,-0.686,-1.11,2,1
0,4,30,0,N,nb5,860,0.475,-0.089,1,1
0,4,30,0,N,nb6,860,0.285,-0.515,1,1
0,4,30,0,N,nb7,860,1.56,0.454,1,1
0,4,30,0,N,nb8,860,0.235,-0.699,1,1
0,4,30,0,N,nb9,860,0.148,-0.984,1,1
0,4,30,0,N,nb10,860,0.032,-1.164,2,1
0,4,30,0,N,nb11,860,1.471,-0.293,1,1
0,4,30,0,N,nb12,860,0.752,1.088,1,1
0,4,30,0,N,nb13,860,1.299,-0.13,2,1
0,4,30,0,N,nb14,860,-0.6,-0.886,3,1
0,4,30,0,N,nb15,860,1.638,0.057,2,1
0,4,30,0,N,nb16,860,1.73,0.274,2,1
0,4,30,0,N,nb17,860,-0.835,-0.949,2,1
0,4,30,0,N,nb18,860,-1.717,-0.24,1,1
0,4,30,0,N,nb19,860,0.985,1.128,1,1
0,4,30,0,N,nb20,860,-0.048,-1.392,1,1
0,4,30,0,N,nb21,860,0.905,0.033,1,1
0,4,30,0,N,nb22,860,0.542,1.46,1,1
0,4,30,0,N,nb23,860,0.518,1.705,2,1
0,4,30,0,N,nb24,860,-0.386,-0.775,1,1
0,4,30,0,N,nb25,860,-1.605,-0.449,3,1
0,4,30,0,N,nb26,860,0.68,0.037,2,1
0,4,30,0,N,nb27,860,-1.317,-0.798,1,1
0,4,30,0,N,nb28,860,-1.395,-0.574,3,1
0,4,30,0,N,nb29,860,0.111,1.866,1,1
0,4,30,0,N,nb0,865,-1.69,-0.671,1,1
0,4,30,0,N,nb1,865,0.341,1.866,2,1
0,4,30,0,N,nb2,865,1.415,0.086,2,1
0,4,30,0,N,nb3,865,-1.185,-0.464,1,1
0,4,30,0,N,nb4,865,-0.686,-1.11,2,1
0,4,30,0,N,nb5,865,0.475,-0.089,1,1
0,4,30,0,N,nb6,865,0.285,-0.515,1,1
0,4,30,0,N,nb7,865,1.56,0.454,1,1
0,4,30,0,N,nb8,865,0.235,-0.699,1,1
0,4,30,0,N,nb9,865,0.148,-0.984,1,1
0,4,30,0,N,nb10,865,0.032,-1.164,2,1
0,4,30,0,N,nb11,865,1.471,-0.293,1,1
0,4,30,0,N,nb12,865,0.752,1.088,1,1
0,4,30,0,N,nb13,865,1.299,-0.13,2,1
0,4,30,0,N,nb14,865,-0.6,-0.886,3,1
0,4,30,0,N,nb15,865,1.638,0.057,2,1
0,4,30,0,N,nb16,865,1.73,0.274,2,1
0,4,30,0,N,nb17,865,-0.835,-0.949,2,1
0,4,30,0,N,nb18,865,-1.717,-0.24,1,1
0,4,30,0,N,nb19,865,0.985,1.128,1,1
0,4,30,0,N,nb20,865,-0.048,-1.392,1,1
0,4,30,0,N,nb21,865,0.905,0.033,1,1
0,4,30,0,N,nb22,865,0.542,1.46,1,1
0,4,30,0,N,nb23,865,0.518,1.705,2,1
0,4,30,0,N,nb24,865,-0.386,-0.775,1,1
0,4,30,0,N,nb25,865,-1.605,-0.449,3,1
0,4,30,0,N,nb26,865,0.68,0.037,2,1
0,4,30,0,N,nb27,865,-1.317,-0.798,1,1
0,4,30,0,N,nb28,865,-1.395,-0.574,3,1
0,4,30,0,N,nb29,865,0.111,1.866,1,1
0,4,30,0,N,nb0,870,-1.69,-0.671,1,1
0,4,30,0,N,nb1,870,0.341,1.866,2,1
0,4,30,0,N,nb2,870,1.415,0.086,2,1
0,4,30,0,N,nb3,870,-1.185,-0.464,1,1
0,4,30,0,N,nb4,870,-0.686,-1.11,2,1
0,4,30,0,N,nb5,870,0.475,-0.089,1,1
0,4,30,0,N,nb6,870,0.285,-0.515,1,1
0,4,30,0,N,nb7,870,1.56,0.454,1,1
0,4,30,0,N,nb8,870,0.235,-0.699,1,1
0,4,30,0,N,nb9,870,0.148,-0.984,1,1
0,4,30,0,N,nb10,870,0.032,-1.164,2,1
0,4,30,0,N,nb11,870,1.471,-0.293,1,1
0,4,30,0,N,nb12,870,0.752,1.088,1,1
0,4,30,0,N,nb13,870,1.299,-0.13,2,1
0,4,30,0,N,nb14,870,-0.6,-0.886,3,0
0,4,30,0,N,nb15,870,1.638,0.057,2,1
0,4,30,0,N,nb16,870,1.73,0.274,2,1
0,4,30,0,N,nb17,870,-0.835,-0.949,2,1
0,4,30,0,N,nb18,870,-1.717,-0.24,1,1
0,4,30,0,N,nb19,870,0.985,1.128,1,1
0,4,30,0,N,nb20,870,-0.048,-1.392,1,1
0,4,30,0,N,nb21,870,0.905,0.033,1,1
0,4,30,0,N,nb22,870,0.542,1.46,1,1
0,4,30,0,N,nb23,870,0.518,1.705,2,1
0,4,30,0,N,nb24,870,-0.386,-0.775,1,1
0,4,30,0,N,nb25,870,-1.605,-0.449,3,1
0,4,30,0,N,nb26,870,0.68,0.037,2,1
0,4,30,0,N,nb27,870,-1.317,-0.798,1,1
0,4,30,0,N,nb28,870,-1.395,-0.574,3,1
0,4,30,0,N,nb29,870,0.111,1.866,1,1
0,4,30,0,N,nb0,875,-1.69,-0.671,1,1
0,4,30,0,N,nb1,875,0.341,1.866,2,1
0,4,30,0,N,nb2,875,1.415,0.086,2,1
0,4,30,0,N,nb3,875,-1.185,-0.464,1,1
0,4,30,0,N,nb4,875,-0.686,-1.11,2,1
0,4,30,0,N,nb5,875,0.475,-0.089,1,1
0,4,30,0,N,nb6,875,0.285,-0.515,1,1
0,4,30,0,N,nb7,875,1.56,0.454,1,1
0,4,30,0,N,nb8,875,0.235,-0.699,1,1
0,4,30,0,N,nb9,875,0.148,-0.984,1,1
0,4,30,0,N,nb10,875,0.032,-1.164,2,1
0,4,30,0,N,nb11,875,1.471,-0.293,1,1
0,4,30,0,N,nb12,875,0.752,1.088,1,1
0,4,30,0,N,nb13,875,1.299,-0.13,2,1
0,4,30,0,N,nb14,875,-0.6,-0.886,3,1
0,4,30,0,N,nb15,875,1.638,0.057,2,1
0,4,30,0,N,nb16,875,1.73,0.274,2,1
0,4,30,0,N,nb17,875,-0.835,-0.949,2,1
0,4,30,0,N,nb18,875,-1.717,-0.24,1,1
0,4,30,0,N,nb19,875,0.985,1.128,1,1
0,4,30,0,N,nb20,875,-0.048,-1.392,1,1
0,4,30,0,N,nb21,875,0.905,0.033,1,1
0,4,30,0,N,nb22,875,0.542,1.46,1,1
0,4,30,0,N,nb23,875,0.518,1.705,2,1
0,4,30,0,N,nb24,875,-0.386,-0.775,1,1
0,4,30,0,N,nb25,875,-1.605,-0.449,3,1
0,4,30,0,N,nb26,875,0.68,0.037,2,1
0,4,30,0,N,nb27,875,-1.317,-0.798,1,1
0,4,30,0,N,nb28,875,-1.395,-0.574,3,1
0,4,30,0,N,nb29,875,0.111,1.866,1,1
0,4,30,0,N,nb0,880,-1.69,-0.671,1,1
0,4,30,0,N,nb1,880,0.341,1.866,2,1
0,4,30,0,N,nb2,880,1.415,0.086,2,1
0,4,30,0,N,nb3,880,-1.185,-0.464,1,1
0,4,30,0,N,nb4,880,-0.686,-1.11,2,1
0,4,30,0,N,nb5,880,0.475,-0.089,1,1
0,4,30,0,N,nb6,880,0.285,-0.515,1,1
0,4,30,0,N,nb7,880,1.56,0.454,1,1
0,4,30,0,N,nb8,880,0.235,-0.699,1,1
0,4,30,0,N,nb9,880,0.148,-0.984,1,1
0,4,30,0,N,nb10,880,0.032,-1.164,2,1
0,4,30,0,N,nb11,880,1.471,-0.293,1,1
0,4,30,0,N,nb12,880,0.752,1.088,1,1
0,4,30,0,N,nb13,880,1.299,-0.13,2,1
0,4,30,0,N,nb14,880,-0.6,-0.886,3,1
0,4,30,0,N,nb15,880,1.638,0.057,2,1
0,4,30,0,N,nb16,880,1.73,0.274,2,0
0,4,30,0,N,nb17,880,-0.835,-0.949,2,1
0,4,30,0,N,nb18,880,-1.717,-0.24,1,1
0,4,30,0,N,nb19,880,0.985,1.128,1,1
0,4,30,0,N,nb20,880,-0.048,-1.392,1,1
0,4,30,0,N,nb21,880,0.905,0.033,1,0
0,4,30,0,N,nb22,880,0.542,1.46,1,1
0,4,30,0,N,nb23,880,0.518,1.705,2,1
0,4,30,0,N,nb24,880,-0.386,-0.775,1,1
0,4,30,0,N,nb25,880,-1.605,-0.449,3,1
0,4,30,0,N,nb26,880,0.68,0.037,2,0
0,4,30,0,N,nb27,880,-1.317,-0.798,1,1
0,4,30,0,N,nb28,880,-1.395,-0.574,3,1
0,4,30,0,N,nb29,880,0.111,1.866,1,1
0,4,30,0,N,nb0,885,-1.69,-0.671,1,1
0,4,30,0,N,nb1,885,0.341,1.866,2,1
0,4,30,0,N,nb2,885,1.415,0.086,2,1
0,4,30,0,N,nb3,885,-1.185,-0.464,1,1
0,4,30,0,N,nb4,885,-0.686,-1.11,2,1
0,4,30,0,N,nb5,885,0.475,-0.089,1,1
0,4,30,0,N,nb6,885,0.285,-0.515,1,1
0,4,30,0,N,nb7,885,1.56,0.454,1,1
0,4,30,0,N,nb8,885,0.235,-0.699,1,1
0,4,30,0,N,nb9,885,0.148,-0.984,1,1
0,4,30,0,N,nb10,885,0.032,-1.164,2,1
0,4,30,0,N,nb11,885,1.471,-0.293,1,1
0,4,30,0,N,nb12,885,0.752,1.088,1,1
0,4,30,0,N,nb13,885,1.299,-0.13,2,1
0,4,30,0,N,nb14,885,-0.6,-0.886,3,1
0,4,30,0,N,nb15,885,1.638,0.057,2,1
0,4,30,0,N,nb16,885,1.73,0.274,2,1
0,4,30,0,N,nb17,885,-0.835,-0.949,2,1
0,4,30,0,N,nb18,885,-1.717,-0.24,1,1
0,4,30,0,N,nb19,885,0.985,1.128,1,1
0,4,30,0,N,nb20,885,-0.048,-1.392,1,1
0,4,30,0,N,nb21,885,0.905,0.033,1,1
0,4,30,0,N,nb22,885,0.542,1.46,1,1
0,4,30,0,N,nb23,885,0.518,1.705,2,1
0,4,30,0,N,nb24,885,-0.386,-0.775,1,1
0,4,30,0,N,nb25,885,-1.605,-0.449,3,1
0,4,30,0,N,nb26,885,0.68,0.037,2,1
0,4,30,0,N,nb27,885,-1.317,-0.798,1,0
0,4,30,0,N,nb28,885,-1.395,-0.574,3,1
0,4,30,0,N,nb29,885,0.111,1.866,1,1
0,4,30,0,N,nb0,890,-1.69,-0.671,1,0
0,4,30,0,N,nb1,890,0.341,1.866,2,1
0,4,30,0,N,nb2,890,1.415,0.086,2,1
0,4,30,0,N,nb3,890,-1.185,-0.464,1,1
0,4,30,0,N,nb4,890,-0.686,-1.11,2,1
0,4,30,0,N,nb5,890,0.475,-0.089,1,1
0,4,30,0,N,nb6,890,0.285,-0.515,1,1
0,4,30,0,N,nb7,890,1.56,0.454,1,1
0,4,30,0,N,nb8,890,0.235,-0.699,1,1
0,4,30,0,N,nb9,890,0.148,-0.984,1,1
0,4,30,0,N,nb10,890,0.032,-1.164,2,1
0,4,30,0,N,nb11,890,1.471,-0.293,1,0
0,4,30,0,N,nb12,890,0.752,1.088,1,1
0,4,30,0,N,nb13,890,1.299,-0.13,2,1
0,4,30,0,N,nb14,890,-0.6,-0.886,3,1
0,4,30,0,N,nb15,890,1.638,0.057,2,1
0,4,30,0,N,nb16,890,1.73,0.274,2,1
0,4,30,0,N,nb17,890,-0.835,-0.949,2,1
0,4,30,0,N,nb18,890,-1.717,-0.24,1,1
0,4,30,0,N,nb19,890,0.985,1.128,1,1
0,4,30,0,N,nb20,890,-0.048,-1.392,1,1
0,4,30,0,N,nb21,890,0.905,0.033,1,1
0,4,30,0,N,nb22,890,0.542,1.46,1,1
0,4,30,0,N,nb23,890,0.518,1.705,2,1
0,4,30,0,N,nb24,890,-0.386,-0.775,1,1
0,4,30,0,N,nb25,890,-1.605,-0.449,3,1
0,4,30,0,N,nb26,890,0.68,0.037,2,1
0,4,30,0,N,nb27,890,-1.317,-0.798,1,1
0,4,30,0,N,nb28,890,-1.395,-0.574,3,1
0,4,30,0,N,nb29,890,0.111,1.866,1,1
0,4,30,0,N,nb0,895,-1.69,-0.671,1,1
0,4,30,0,N,nb1,895,0.341,1.866,2,1
0,4,30,0,N,nb2,895,1.415,0.086,2,1
0,4,30,0,N,nb3,895,-1.185,-0.464,1,1
0,4,30,0,N,nb4,895,-0.686,-1.11,2,1
0,4,30,0,N,nb5,895,0.475,-0.089,1,1
0,4,30,0,N,nb6,895,0.285,-0.515,1,1
0,4,30,0,N,nb7,895,1.56,0.454,1,1
0,4,30,0,N,nb8,895,0.235,-0.699,1,1
0,4,30,0,N,nb9,895,0.148,-0.984,1,1
0,4,30,0,N,nb10,895,0.032,-1.164,2,1
0,4,30,0,N,nb11,895,1.471,-0.293,1,1
0,4,30,0,N,nb12,895,0.752,1.088,1,1
0,4,30,0,N,nb13,895,1.299,-0.13,2,1
0,4,30,0,N,nb14,895,-0.6,-0.886,3,1
0,4,30,0,N,nb15,895,1.638,0.057,2,1
0,4,30,0,N,nb16,895,1.73,0.274,2,1
0,4,30,0,N,nb17,895,-0.835,-0.949,2,1
0,4,30,0,N,nb18,895,-1.717,-0.24,1,1
0,4,30,0,N,nb19,895,0.985,1.128,1,1
0,4,30,0,N,nb20,895,-0.048,-1.392,1,1
0,4,30,0,N,nb21,895,0.905,0.033,1,1
0,4,30,0,N,nb22,895,0.542,1.46,1,0
0,4,30,0,N,nb23,895,0.518,1.705,2,0
0,4,30,0,N,nb24,895,-0.386,-0.775,1,1
0,4,30,0,N,nb25,895,-1.605,-0.449,3,1
0,4,30,0,N,nb26,895,0.68,0.037,2,1
0,4,30,0,N,nb27,895,-1.317,-0.798,1,1
0,4,30,0,N,nb28,895,-1.395,-0.574,3,1
0,4,30,0,N,nb29,895,0.111,1.866,1,1
0,4,30,0,N,nb0,900,-1.69,-0.671,1,1
0,4,30,0,N,nb1,900,0.341,1.866,2,1
0,4,30,0,N,nb2,900,1.415,0.086,2,1
0,4,30,0,N,nb3,900,-1.185,-0.464,1,1
0,4,30,0,N,nb4,900,-0.686,-1.11,2,1
0,4,30,0,N,nb5,900,0.475,-0.089,1,1
0,4,30,0,N,nb6,900,0.285,-0.515,1,1
0,4,30,0,N,nb7,900,1.56,0.454,1,1
0,4,30,0,N,nb8,900,0.235,-0.699,1,1
0,4,30,0,N,nb9,900,0.148,-0.984,1,1
0,4,30,0,N,nb10,900,0.032,-1.164,2,1
0,4,30,0,N,nb11,900,1.471,-0.293,1,1
0,4,30,0,N,nb12,900,0.752,1.088,1,1
0,4,30,0,N,nb13,900,1.299,-0.13,2,1
0,4,30,0,N,nb14,900,-0.6,-0.886,3,1
0,4,30,0,N,nb15,900,1.638,0.057,2,1
0,4,30,0,N,nb16,900,1.73,0.274,2,1
0,4,30,0,N,nb17,900,-0.835,-0.949,2,1
0,4,30,0,N,nb18,900,-1.717,-0.24,1,1
0,4,30,0,N,nb19,900,0.985,1.128,1,1
0,4,30,0,N,nb20,900,-0.048,-1.392,1,1
0,4,30,0,N,nb21,900,0.905,0.033,1,1
0,4,30,0,N,nb22,900,0.542,1.46,1,1
0,4,30,0,N,nb23,900,0.518,1.705,2,1
0,4,30,0,N,nb24,900,-0.386,-0.775,1,1
0,4,30,0,N,nb25,900,-1.605,-0.449,3,1
0,4,30,0,N,nb26,900,0.68,0.037,2,1
0,4,30,0,N,nb27,900,-1.317,-0.798,1,1
0,4,30,0,N,nb28,900,-1.395,-0.574,3,1
0,4,30,0,N,nb29,900,0.111,1.866,1,1
0,4,30,0,N,nb0,905,-1.69,-0.671,1,1
0,4,30,0,N,nb1,905,0.341,1.866,2,1
0,4,30,0,N,nb2,905,1.415,0.086,2,1
0,4,30,0,N,nb3,905,-1.185,-0.464,1,1
0,4,30,0,N,nb4,905,-0.686,-1.11,2,1
0,4,30,0,N,nb5,905,0.475,-0.089,1,0
0,4,30,0,N,nb6,905,0.285,-0.515,1,1
0,4,30,0,N,nb7,905,1.56,0.454,1,1
0,4,30,0,N,nb8,905,0.235,-0.699,1,1
0,4,30,0,N,nb9,905,0.148,-0.984,1,1
0,4,30,0,N,nb10,905,0.032,-1.164,2,1
0,4,30,0,N,nb11,905,1.471,-0.293,1,1
0,4,30,0,N,nb12,905,0.752,1.088,1,1
0,4,30,0,N,nb13,905,1.299,-0.13,2,1
0,4,30,0,N,nb14,905,-0.6,-0.886,3,1
0,4,30,0,N,nb15,905,1.638,0.057,2,1
0,4,30,0,N,nb16,905,1.73,0.274,2,1
0,4,30,0,N,nb17,905,-0.835,-0.949,2,1
0,4,30,0,N,nb18,905,-1.717,-0.24,1,1
0,4,30,0,N,nb19,905,0.985,1.128,1,1
0,4,30,0,N,nb20,905,-0.048,-1.392,1,1
0,4,30,0,N,nb21,905,0.905,0.033,1,1
0,4,30,0,N,nb22,905,0.542,1.46,1,1
0,4,30,0,N,nb23,905,0.518,1.705,2,1
0,4,30,0,N,nb24,905,-0.386,-0.775,1,1
0,4,30,0,N,nb25,905,-1.605,-0.449,3,1
0,4,30,0,N,nb26,905,0.68,0.037,2,1
0,4,30,0,N,nb27,905,-1.317,-0.798,1,1
0,4,30,0,N,nb28,905,-1.395,-0.574,3,1
0,4,30,0,N,nb29,905,0.111,1.866,1,1
0,4,30,0,N,nb0,910,-1.69,-0.671,1,1
0,4,30,0,N,nb1,910,0.341,1.866,2,1
0,4,30,0,N,nb2,910,1.415,0.086,2,1
0,4,30,0,N,nb3,910,-1.185,-0.464,1,1
0,4,30,0,N,nb4,910,-0.686,-1.11,2,1
0,4,30,0,N,nb5,910,0.475,-0.089,1,1
0,4,30,0,N,nb6,910,0.285,-0.515,1,1
0,4,30,0,N,nb7,910,1.56,0.454,1,1
0,4,30,0,N,nb8,910,0.235,-0.699,1,1
0,4,30,0,N,nb9,910,0.148,-0.984,1,1
0,4,30,0,N,nb10,910,0.032,-1.164,2,1
0,4,30,0,N,nb11,910,1.471,-0.293,1,1
0,4,30,0,N,nb12,910,0.752,1.088,1,1
0,4,30,0,N,nb13,910,1.299,-0.13,2,1
0,4,30,0,N,nb14,910,-0.6,-0.886,3,1
0,4,30,0,N,nb15,910,1.638,0.057,2,1
0,4,30,0,N,nb16,910,1.73,0.274,2,1
0,4,30,0,N,nb17,910,-0.835,-0.949,2,1
0,4,30,0,N,nb18,910,-1.717,-0.24,1,1
0,4,30,0,N,nb19,910,0.985,1.128,1,1
0,4,30,0,N,nb20,910,-0.048,-1.392,1,1
0,4,30,0,N,nb21,910,0.905,0.033,1,1
0,4,30,0,N,nb22,910,0.542,1.46,1,1
0,4,30,0,N,nb23,910,0.518,1.705,2,1
0,4,30,0,N,nb24,910,-0.386,-0.775,1,1
0,4,30,0,N,nb25,910,-1.605,-0.449,3,1
0,4,30,0,N,nb26,910,0.68,0.037,2,1
0,4,30,0,N,nb27,910,-1.317,-0.798,1,1
0,4,30,0,N,nb28,910,-1.395,-0.574,3,1
0,4,30,0,N,nb29,910,0.111,1.866,1,1
0,4,30,0,N,nb0,915,-1.69,-0.671,1,1
0,4,30,0,N,nb1,915,0.341,1.866,2,1
0,4,30,0,N,nb2,915,1.415,0.086,2,1
0,4,30,0,N,nb3,915,-1.185,-0.464,1,1
0,4,30,0,N,nb4,915,-0.686,-1.11,2,1
0,4,30,0,N,nb5,915,0.475,-0.089,1,1
0,4,30,0,N,nb6,915,0.285,-0.515,1,1
0,4,30,0,N,nb7,915,1.56,0.454,1,1
0,4,30,0,N,nb8,915,0.235,-0.699,1,1
0,4,30,0,N,nb9,915,0.148,-0.984,1,1
0,4,30,0,N,nb10,915,0.032,-1.164,2,1
0,4,30,0,N,nb11,915,1.471,-0.293,1,1
0,4,30,0,N,nb12,915,0.752,1.088,1,1
0,4,30,0,N,nb13,915,1.299,-0.13,2,1
0,4,30,0,N,nb14,915,-0.6,-0.886,3,1
0,4,30,0,N,nb15,915,1.638,0.057,2,1
0,4,30,0,N,nb16,915,1.73,0.274,2,1
0,4,30,0,N,nb17,915,-0.835,-0.949,2,1
0,4,30,0,N,nb18,915,-1.717,-0.24,1,1
0,4,30,0,N,nb19,915,0.985,1.128,1,1
0,4,30,0,N,nb20,915,-0.048,-1.392,1,1
0,4,30,0,N,nb21,915,0.905,0.033,1,1
0,4,30,0,N,nb22,915,0.542,1.46,1,1
0,4,30,0,N,nb23,915,0.518,1.705,2,1
0,4,30,0,N,nb24,915,-0.386,-0.775,1,1
0,4,30,0,N,nb25,915,-1.605,-0.449,3,1
0,4,30,0,N,nb26,915,0.68,0.037,2,1
0,4,30,0,N,nb27,915,-1.317,-0.798,1,1
0,4,30,0,N,nb28,915,-1.395,-0.574,3,1
0,4,30,0,N,nb29,915,0.111,1.866,1,1
0,4,30,0,N,nb0,920,-1.69,-0.671,1,1
0,4,30,0,N,nb1,920,0.341,1.866,2,1
0,4,30,0,N,nb2,920,1.415,0.086,2,1
0,4,30,0,N,nb3,920,-1.185,-0.464,1,1
0,4,30,0,N,nb4,920,-0.686,-1.11,2,1
0,4,30,0,N,nb5,920,0.475,-0.089,1,1
0,4,30,0,N,nb6,920,0.285,-0.515,1,1
0,4,30,0,N,nb7,920,1.56,0.454,1,1
0,4,30,0,N,nb8,920,0.235,-0.699,1,1
0,4,30,0,N,nb9,920,0.148,-0.984,1,1
0,4,30,0,N,nb10,920,0.032,-1.164,2,1
0,4,30,0,N,nb11,920,1.471,-0.293,1,1
0,4,30,0,N,nb12,920,0.752,1.088,1,1
0,4,30,0,N,nb13,920,1.299,-0.13,2,1
0,4,30,0,N,nb14,920,-0.6,-0.886,3,1
0,4,30,0,N,nb15,920,1.638,0.057,2,1
0,4,30,0,N,nb16,920,1.73,0.274,2,1
0,4,30,0,N,nb17,920,-0.835,-0.949,2,1
0,4,30,0,N,nb18,920,-1.717,-0.24,1,1
0,4,30,0,N,nb19,920,0.985,1.128,1,1
0,4,30,0,N,nb20,920,-0.048,-1.392,1,1
0,4,30,0,N,nb21,920,0.905,0.033,1,1
0,4,30,0,N,nb22,920,0.542,1.46,1,1
0,4,30,0,N,nb23,920,0.518,1.705,2,1
0,4,30,0,N,nb24,920,-0.386,-0.775,1,1
0,4,30,0,N,nb25,920,-1.605,-0.449,3,1
0,4,30,0,N,nb26,920,0.68,0.037,2,1
0,4,30,0,N,nb27,920,-1.317,-0.798,1,1
0,4,30,0,N,nb28,920,-1.395,-0.574,3,1
0,4,30,0,N,nb29,920,0.111,1.866,1,0
0,4,30,0,N,nb0,925,-1.69,-0.671,1,1
0,4,30,0,N,nb1,925,0.341,1.866,2,1
0,4,30,0,N,nb2,925,1.415,0.086,2,1
0,4,30,0,N,nb3,925,-1.185,-0.464,1,1
0,4,30,0,N,nb4,925,-0.686,-1.11,2,1
0,4,30,0,N,nb5,925,0.475,-0.089,1,1
0,4,30,0,N,nb6,925,0.285,-0.515,1,1
0,4,30,0,N,nb7,925,1.56,0.454,1,1
0,4,30,0,N,nb8,925,0.235,-0.699,1,1
0,4,30,0,N,nb9,925,0.148,-0.984,1,1
0,4,30,0,N,nb10,925,0.032,-1.164,2,1
0,4,30,0,N,nb11,925,1.471,-0.293,1,1
0,4,30,0,N,nb12,925,0.752,1.088,1,1
0,4,30,0,N,nb13,925,1.299,-0.13,2,1
0,4,30,0,N,nb14,925,-0.6,-0.886,3,1
0,4,30,0,N,nb15,925,1.638,0.057,2,1
0,4,30,0,N,nb16,925,1.73,0.274,2,1
0,4,30,0,N,nb17,925,-0.835,-0.949,2,1
0,4,30,0,N,nb18,925,-1.717,-0.24,1,1
0,4,30,0,N,nb19,925,0.985,1.128,1,1
0,4,30,0,N,nb20,925,-0.048,-1.392,1,0
0,4,30,0,N,nb21,925,0.905,0.033,1,1
0,4,30,0,N,nb22,925,0.542,1.46,1,1
0,4,30,0,N,nb23,925,0.518,1.705,2,1
0,4,30,0,N,nb24,925,-0.386,-0.775,1,1
0,4,30,0,N,nb25,925,-1.605,-0.449,3,1
0,4,30,0,N,nb26,925,0.68,0.037,2,1
0,4,30,0,N,nb27,925,-1.317,-0.798,1,1
0,4,30,0,N,nb28,925,-1.395,-0.574,3,1
0,4,30,0,N,nb29,925,0.111,1.866,1,1
0,4,30,0,N,nb0,930,-1.69,-0.671,1,1
0,4,30,0,N,nb1,930,0.341,1.866,2,1
0,4,30,0,N,nb2,930,1.415,0.086,2,1
0,4,30,0,N,nb3,930,-1.185,-0.464,1,1
0,4,30,0,N,nb4,930,-0.686,-1.11,2,0
0,4,30,0,N,nb5,930,0.475,-0.089,1,1
0,4,30,0,N,nb6,930,0.285,-0.515,1,0
0,4,30,0,N,nb7,930,1.56,0.454,1,1
0,4,30,0,N,nb8,930,0.235,-0.699,1,0
0,4,30,0,N,nb9,930,0.148,-0.984,1,0
0,4,30,0,N,nb10,930,0.032,-1.164,2,0
0,4,30,0,N,nb11,930,1.471,-0.293,1,1
0,4,30,0,N,nb12,930,0.752,1.088,1,1
0,4,30,0,N,nb13,930,1.299,-0.13,2,0
0,4,30,0,N,nb14,930,-0.6,-0.886,3,1
0,4,30,0,N,nb15,930,1.638,0.057,2,1
0,4,30,0,N,nb16,930,1.73,0.274,2,1
0,4,30,0,N,nb17,930,-0.835,-0.949,2,0
0,4,30,0,N,nb18,930,-1.717,-0.24,1,1
0,4,30,0,N,nb19,930,0.985,1.128,1,1
0,4,30,0,N,nb20,930,-0.048,-1.392,1,1
0,4,30,0,N,nb21,930,0.905,0.033,1,1
0,4,30,0,N,nb22,930,0.542,1.46,1,1
0,4,30,0,N,nb23,930,0.518,1.705,2,1
0,4,30,0,N,nb24,930,-0.386,-0.775,1,1
0,4,30,0,N,nb25,930,-1.605,-0.449,3,1
0,4,30,0,N,nb26,930,0.68,0.037,2,1
0,4,30,0,N,nb27,930,-1.317,-0.798,1,1
0,4,30,0,N,nb28,930,-1.395,-0.574,3,1
0,4,30,0,N,nb29,930,0.111,1.866,1,1
0,4,30,0,N,nb0,935,-1.69,-0.671,1,1
0,4,30,0,N,nb1,935,0.341,1.866,2,1
0,4,30,0,N,nb2,935,1.415,0.086,2,1
0,4,30,0,N,nb3,935,-1.185,-0.464,1,0
0,4,30,0,N,nb4,935,-0.686,-1.11,2,1
0,4,30,0,N,nb5,935,0.475,-0.089,1,1
0,4,30,0,N,nb6,935,0.285,-0.515,1,1
0,4,30,0,N,nb7,935,1.56,0.454,1,1
0,4,30,0,N,nb8,935,0.235,-0.699,1,1
0,4,30,0,N,nb9,935,0.148,-0.984,1,1
0,4,30,0,N,nb10,935,0.032,-1.164,2,1
0,4,30,0,N,nb11,935,1.471,-0.293,1,1
0,4,30,0,N,nb12,935,0.752,1.088,1,1
0,4,30,0,N,nb13,935,1.299,-0.13,2,1
0,4,30,0,N,nb14,935,-0.6,-0.886,3,1
0,4,30,0,N,nb15,935,1.638,0.057,2,1
0,4,30,0,N,nb16,935,1.73,0.274,2,1
0,4,30,0,N,nb17,935,-0.835,-0.949,2,1
0,4,30,0,N,nb18,935,-1.717,-0.24,1,1
0,4,30,0,N,nb19,935,0.985,1.128,1,1
0,4,30,0,N,nb20,935,-0.048,-1.392,1,1
0,4,30,0,N,nb21,935,0.905,0.033,1,1
0,4,30,0,N,nb22,935,0.542,1.46,1,1
0,4,30,0,N,nb23,935,0.518,1.705,2,1
0,4,30,0,N,nb24,935,-0.386,-0.775,1,1
0,4,30,0,N,nb25,935,-1.605,-0.449,3,1
0,4,30,0,N,nb26,935,0.68,0.037,2,1
0,4,30,0,N,nb27,935,-1.317,-0.798,1,1
0,4,30,0,N,nb28,935,-1.395,-0.574,3,0
0,4,30,0,N,nb29,935,0.111,1.866,1,1
0,4,30,0,N,nb0,940,-1.69,-0.671,1,1
0,4,30,0,N,nb1,940,0.341,1.866,2,1
0,4,30,0,N,nb2,940,1.415,0.086,2,1
0,4,30,0,N,nb3,940,-1.185,-0.464,1,1
0,4,30,0,N,nb4,940,-0.686,-1.11,2,1
0,4,30,0,N,nb5,940,0.475,-0.089,1,1
0,4,30,0,N,nb6,940,0.285,-0.515,1,1
0,4,30,0,N,nb7,940,1.56,0.454,1,1
0,4,30,0,N,nb8,940,0.235,-0.699,1,1
0,4,30,0,N,nb9,940,0.148,-0.984,1,1
0,4,30,0,N,nb10,940,0.032,-1.164,2,1
0,4,30,0,N,nb11,940,1.471,-0.293,1,1
0,4,30,0,N,nb12,940,0.752,1.088,1,1
0,4,30,0,N,nb13,940,1.299,-0.13,2,1
0,4,30,0,N,nb14,940,-0.6,-0.886,3,1
0,4,30,0,N,nb15,940,1.638,0.057,2,1
0,4,30,0,N,nb16,940,1.73,0.274,2,1
0,4,30,0,N,nb17,940,-0.835,-0.949,2,1
0,4,30,0,N,nb18,940,-1.717,-0.24,1,1
0,4,30,0,N,nb19,940,0.985,1.128,1,1
0,4,30,0,N,nb20,940,-0.048,-1.392,1,1
0,4,30,0,N,nb21,940,0.905,0.033,1,1
0,4,30,0,N,nb22,940,0.542,1.46,1,1
0,4,30,0,N,nb23,940,0.518,1.705,2,1
0,4,30,0,N,nb24,940,-0.386,-0.775,1,1
0,4,30,0,N,nb25,940,-1.605,-0.449,3,1
0,4,30,0,N,nb26,940,0.68,0.037,2,1
0,4,30,0,N,nb27,940,-1.317,-0.798,1,1
0,4,30,0,N,nb28,940,-1.395,-0.574,3,1
0,4,30,0,N,nb29,940,0.111,1.866,1,1
0,4,30,0,N,nb0,945,-1.69,-0.671,1,1
0,4,30,0,N,nb1,945,0.341,1.866,2,1
0,4,30,0,N,nb2,945,1.415,0.086,2,1
0,4,30,0,N,nb3,945,-1.185,-0.464,1,1
0,4,30,0,N,nb4,945,-0.686,-1.11,2,1
0,4,30,0,N,nb5,945,0.475,-0.089,1,1
0,4,30,0,N,nb6,945,0.285,-0.515,1,1
0,4,30,0,N,nb7,945,1.56,0.454,1,1
0,4,30,0,N,nb8,945,0.235,-0.699,1,1
0,4,30,0,N,nb9,945,0.148,-0.984,1,1
0,4,30,0,N,nb10,945,0.032,-1.164,2,1
0,4,30,0,N,nb11,945,1.471,-0.293,1,1
0,4,30,0,N,nb12,945,0.752,1.088,1,1
0,4,30,0,N,nb13,945,1.299,-0.13,2,1
0,4,30,0,N,nb14,945,-0.6,-0.886,3,1
0,4,30,0,N,nb15,945,1.638,0.057,2,1
0,4,30,0,N,nb16,945,1.73,0.274,2,1
0,4,30,0,N,nb17,945,-0.835,-0.949,2,1
0,4,30,0,N,nb18,945,-1.717,-0.24,1,1
0,4,30,0,N,nb19,945,0.985,1.128,1,1
0,4,30,0,N,nb20,945,-0.048,-1.392,1,1
0,4,30,0,N,nb21,945,0.905,0.033,1,1
0,4,30,0,N,nb22,945,0.542,1.46,1,1
0,4,30,0,N,nb23,945,0.518,1.705,2,1
0,4,30,0,N,nb24,945,-0.386,-0.775,1,1
0,4,30,0,N,nb25,945,-1.605,-0.449,3,1
0,4,30,0,N,nb26,945,0.68,0.037,2,1
0,4,30,0,N,nb27,945,-1.317,-0.798,1,1
0,4,30,0,N,nb28,945,-1.395,-0.574,3,1
0,4,30,0,N,nb29,945,0.111,1.866,1,1
0,4,30,0,N,nb0,950,-1.69,-0.671,1,1
0,4,30,0,N,nb1,950,0.341,1.866,2,0
0,4,30,0,N,nb2,950,1.415,0.086,2,1
0,4,30,0,N,nb3,950,-1.185,-0.464,1,1
0,4,30,0,N,nb4,950,-0.686,-1.11,2,1
0,4,30,0,N,nb5,950,0.475,-0.089,1,1
0,4,30,0,N,nb6,950,0.285,-0.515,1,1
0,4,30,0,N,nb7,950,1.56,0.454,1,0
0,4,30,0,N,nb8,950,0.235,-0.699,1,1
0,4,30,0,N,nb9,950,0.148,-0.984,1,1
0,4,30,0,N,nb10,950,0.032,-1.164,2,1
0,4,30,0,N,nb11,950,1.471,-0.293,1,1
0,4,30,0,N,nb12,950,0.752,1.088,1,1
0,4,30,0,N,nb13,950,1.299,-0.13,2,1
0,4,30,0,N,nb14,950,-0.6,-0.886,3,1
0,4,30,0,N,nb15,950,1.638,0.057,2,1
0,4,30,0,N,nb16,950,1.73,0.274,2,1
0,4,30,0,N,nb17,950,-0.835,-0.949,2,1
0,4,30,0,N,nb18,950,-1.717,-0.24,1,1
0,4,30,0,N,nb19,950,0.985,1.128,1,1
0,4,30,0,N,nb20,950,-0.048,-1.392,1,1
0,4,30,0,N,nb21,950,0.905,0.033,1,1
0,4,30,0,N,nb22,950,0.542,1.46,1,1
0,4,30,0,N,nb23,950,0.518,1.705,2,1
0,4,30,0,N,nb24,950,-0.386,-0.775,1,1
0,4,30,0,N,nb25,950,-1.605,-0.449,3,1
0,4,30,0,N,nb26,950,0.68,0.037,2,1
0,4,30,0,N,nb27,950,-1.317,-0.798,1,1
0,4,30,0,N,nb28,950,-1.395,-0.574,3,1
0,4,30,0,N,nb29,950,0.111,1.866,1,1
0,4,30,0,N,nb0,955,-1.69,-0.671,1,1
0,4,30,0,N,nb1,955,0.341,1.866,2,1
0,4,30,0,N,nb2,955,1.415,0.086,2,1
0,4,30,0,N,nb3,955,-1.185,-0.464,1,1
0,4,30,0,N,nb4,955,-0.686,-1.11,2,1
0,4,30,0,N,nb5,955,0.475,-0.089,1,1
0,4,30,0,N,nb6,955,0.285,-0.515,1,1
0,4,30,0,N,nb7,955,1.56,0.454,1,1
0,4,30,0,N,nb8,955,0.235,-0.699,1,1
0,4,30,0,N,nb9,955,0.148,-0.984,1,1
0,4,30,0,N,nb10,955,0.032,-1.164,2,1
0,4,30,0,N,nb11,955,1.471,-0.293,1,1
0,4,30,0,N,nb12,955,0.752,1.088,1,1
0,4,30,0,N,nb13,955,1.299,-0.13,2,1
0,4,30,0,N,nb14,955,-0.6,-0.886,3,1
0,4,30,0,N,nb15,955,1.638,0.057,2,1
0,4,30,0,N,nb16,955,1.73,0.274,2,1
0,4,30,0,N,nb17,955,-0.835,-0.949,2,1
0,4,30,0,N,nb18,955,-1.717,-0.24,1,1
0,4,30,0,N,nb19,955,0.985,1.128,1,1
0,4,30,0,N,nb20,955,-0.048,-1.392,1,1
0,4,30,0,N,nb21,955,0.905,0.033,1,1
0,4,30,0,N,nb22,955,0.542,1.46,1,1
0,4,30,0,N,nb23,955,0.518,1.705,2,1
0,4,30,0,N,nb24,955,-0.386,-0.775,1,1
0,4,30,0,N,nb25,955,-1.605,-0.449,3,1
0,4,30,0,N,nb26,955,0.68,0.037,2,1
0,4,30,0,N,nb27,955,-1.317,-0.798,1,1
0,4,30,0,N,nb28,955,-1.395,-0.574,3,1
0,4,30,0,N,nb29,955,0.111,1.866,1,1
0,4,30,0,N,nb0,960,-1.69,-0.671,1,1
0,4,30,0,N,nb1,960,0.341,1.866,2,1
0,4,30,0,N,nb2,960,1.415,0.086,2,1
0,4,30,0,N,nb3,960,-1.185,-0.464,1,1
0,4,30,0,N,nb4,960,-0.686,-1.11,2,1
0,4,30,0,N,nb5,960,0.475,-0.089,1,1
0,4,30,0,N,nb6,960,0.285,-0.515,1,1
0,4,30,0,N,nb7,960,1.56,0.454,1,1
0,4,30,0,N,nb8,960,0.235,-0.699,1,1
0,4,30,0,N,nb9,960,0.148,-0.984,1,1
0,4,30,0,N,nb10,960,0.032,-1.164,2,1
0,4,30,0,N,nb11,960,1.471,-0.293,1,1
0,4,30,0,N,nb12,960,0.752,1.088,1,1
0,4,30,0,N,nb13,960,1.299,-0.13,2,1
0,4,30,0,N,nb14,960,-0.6,-0.886,3,1
0,4,30,0,N,nb15,960,1.638,0.057,2,1
0,4,30,0,N,nb16,960,1.73,0.274,2,1
0,4,30,0,N,nb17,960,-0.835,-0.949,2,1
0,4,30,0,N,nb18,960,-1.717,-0.24,1,1
0,4,30,0,N,nb19,960,0.985,1.128,1,1
0,4,30,0,N,nb20,960,-0.048,-1.392,1,1
0,4,30,0,N,nb21,960,0.905,0.033,1,1
0,4,30,0,N,nb22,960,0.542,1.46,1,1
0,4,30,0,N,nb23,960,0.518,1.705,2,1
0,4,30,0,N,nb24,960,-0.386,-0.775,1,1
0,4,30,0,N,nb25,960,-1.605,-0.449,3,1
0,4,30,0,N,nb26,960,0.68,0.037,2,1
0,4,30,0,N,nb27,960,-1.317,-0.798,1,1
0,4,30,0,N,nb28,960,-1.395,-0.574,3,1
0,4,30,0,N,nb29,960,0.111,1.866,1,1
0,4,30,0,N,nb0,965,-1.69,-0.671,1,1
0,4,30,0,N,nb1,965,0.341,1.866,2,1
0,4,30,0,N,nb2,965,1.415,0.086,2,0
0,4,30,0,N,nb3,965,-1.185,-0.464,1,1
0,4,30,0,N,nb4,965,-0.686,-1.11,2,1
0,4,30,0,N,nb5,965,0.475,-0.089,1,1
0,4,30,0,N,nb6,965,0.285,-0.515,1,1
0,4,30,0,N,nb7,965,1.56,0.454,1,1
0,4,30,0,N,nb8,965,0.235,-0.699,1,1
0,4,30,0,N,nb9,965,0.148,-0.984,1,1
0,4,30,0,N,nb10,965,0.032,-1.164,2,1
0,4,30,0,N,nb11,965,1.471,-0.293,1,1
0,4,30,0,N,nb12,965,0.752,1.088,1,1
0,4,30,0,N,nb13,965,1.299,-0.13,2,1
0,4,30,0,N,nb14,965,-0.6,-0.886,3,1
0,4,30,0,N,nb15,965,1.638,0.057,2,0
0,4,30,0,N,nb16,965,1.73,0.274,2,1
0,4,30,0,N,nb17,965,-0.835,-0.949,2,1
0,4,30,0,N,nb18,965,-1.717,-0.24,1,1
0,4,30,0,N,nb19,965,0.985,1.128,1,1
0,4,30,0,N,nb20,965,-0.048,-1.392,1,1
0,4,30,0,N,nb21,965,0.905,0.033,1,1
0,4,30,0,N,nb22,965,0.542,1.46,1,1
0,4,30,0,N,nb23,965,0.518,1.705,2,1
0,4,30,0,N,nb24,965,-0.386,-0.775,1,1
0,4,30,0,N,nb25,965,-1.605,-0.449,3,1
0,4,30,0,N,nb26,965,0.68,0.037,2,1
0,4,30,0,N,nb27,965,-1.317,-0.798,1,1
0,4,30,0,N,nb28,965,-1.395,-0.574,3,1
0,4,30,0,N,nb29,965,0.111,1.866,1,1
0,4,30,0,N,nb0,970,-1.69,-0.671,1,1
0,4,30,0,N,nb1,970,0.341,1.866,2,1
0,4,30,0,N,nb2,970,1.415,0.086,2,1
0,4,30,0,N,nb3,970,-1.185,-0.464,1,1
0,4,30,0,N,nb4,970,-0.686,-1.11,2,1
0,4,30,0,N,nb5,970,0.475,-0.089,1,1
0,4,30,0,N,nb6,970,0.285,-0.515,1,1
0,4,30,0,N,nb7,970,1.56,0.454,1,1
0,4,30,0,N,nb8,970,0.235,-0.699,1,1
0,4,30,0,N,nb9,970,0.148,-0.984,1,1
0,4,30,0,N,nb10,970,0.032,-1.164,2,1
0,4,30,0,N,nb11,970,1.471,-0.293,1,1
0,4,30,0,N,nb12,970,0.752,1.088,1,1
0,4,30,0,N,nb13,970,1.299,-0.13,2,1
0,4,30,0,N,nb14,970,-0.6,-0.886,3,1
0,4,30,0,N,nb15,970,1.638,0.057,2,1
0,4,30,0,N,nb16,970,1.73,0.274,2,1
0,4,30,0,N,nb17,970,-0.835,-0.949,2,1
0,4,30,0,N,nb18,970,-1.717,-0.24,1,1
0,4,30,0,N,nb19,970,0.985,1.128,1,1
0,4,30,0,N,nb20,970,-0.048,-1.392,1,1
0,4,30,0,N,nb21,970,0.905,0.033,1,1
0,4,30,0,N,nb22,970,0.542,1.46,1,1
0,4,30,0,N,nb23,970,0.518,1.705,2,1
0,4,30,0,N,nb24,970,-0.386,-0.775,1,1
0,4,30,0,N,nb25,970,-1.605,-0.449,3,1
0,4,30,0,N,nb26,970,0.68,0.037,2,1
0,4,30,0,N,nb27,970,-1.317,-0.798,1,1
0,4,30,0,N,nb28,970,-1.395,-0.574,3,1
0,4,30,0,N,nb29,970,0.111,1.866,1,1
0,4,30,0,N,nb0,975,-1.69,-0.671,1,1
0,4,30,0,N,nb1,975,0.341,1.866,2,1
0,4,30,0,N,nb2,975,1.415,0.086,2,1
0,4,30,0,N,nb3,975,-1.185,-0.464,1,1
0,4,30,0,N,nb4,975,-0.686,-1.11,2,1
0,4,30,0,N,nb5,975,0.475,-0.089,1,1
0,4,30,0,N,nb6,975,0.285,-0.515,1,1
0,4,30,0,N,nb7,975,1.56,0.454,1,1
0,4,30,0,N,nb8,975,0.235,-0.699,1,1
0,4,30,0,N,nb9,975,0.148,-0.984,1,1
0,4,30,0,N,nb10,975,0.032,-1.164,2,1
0,4,30,0,N,nb11,975,1.471,-0.293,1,1
0,4,30,0,N,nb12,975,0.752,1.088,1,1
0,4,30,0,N,nb13,975,1.299,-0.13,2,1
0,4,30,0,N,nb14,975,-0.6,-0.886,3,1
0,4,30,0,N,nb15,975,1.638,0.057,2,1
0,4,30,0,N,nb16,975,1.73,0.274,2,1
0,4,30,0,N,nb17,975,-0.835,-0.949,2,1
0,4,30,0,N,nb18,975,-1.717,-0.24,1,1
0,4,30,0,N,nb19,975,0.985,1.128,1,1
0,4,30,0,N,nb20,975,-0.048,-1.392,1,1
0,4,30,0,N,nb21,975,0.905,0.033,1,1
0,4,30,0,N,nb22,975,0.542,1.46,1,1
0,4,30,0,N,nb23,975,0.518,1.705,2,1
0,4,30,0,N,nb24,975,-0.386,-0.775,1,1
0,4,30,0,N,nb25,975,-1.605,-0.449,3,1
0,4,30,0,N,nb26,975,0.68,0.037,2,1
0,4,30,0,N,nb27,975,-1.317,-0.798,1,1
0,4,30,0,N,nb28,975,-1.395,-0.574,3,1
0,4,30,0,N,nb29,975,0.111,1.866,1,1
0,4,30,0,N,nb0,980,-1.69,-0.671,1,1
0,4,30,0,N,nb1,980,0.341,1.866,2,1
0,4,30,0,N,nb2,980,1.415,0.086,2,1
0,4,30,0,N,nb3,980,-1.185,-0.464,1,1
0,4,30,0,N,nb4,980,-0.686,-1.11,2,1
0,4,30,0,N,nb5,980,0.475,-0.089,1,1
0,4,30,0,N,nb6,980,0.285,-0.515,1,1
0,4,30,0,N,nb7,980,1.56,0.454,1,1
0,4,30,0,N,nb8,980,0.235,-0.699,1,1
0,4,30,0,N,nb9,980,0.148,-0.984,1,1
0,4,30,0,N,nb10,980,0.032,-1.164,2,1
0,4,30,0,N,nb11,980,1.471,-0.293,1,1
0,4,30,0,N,nb12,980,0.752,1.088,1,1
0,4,30,0,N,nb13,980,1.299,-0.13,2,1
0,4,30,0,N,nb14,980,-0.6,-0.886,3,1
0,4,30,0,N,nb15,980,1.638,0.057,2,1
0,4,30,0,N,nb16,980,1.73,0.274,2,1
0,4,30,0,N,nb17,980,-0.835,-0.949,2,1
0,4,30,0,N,nb18,980,-1.717,-0.24,1,1
0,4,30,0,N,nb19,980,0.985,1.128,1,1
0,4,30,0,N,nb20,980,-0.048,-1.392,1,1
0,4,30,0,N,nb21,980,0.905,0.033,1,1
0,4,30,0,N,nb22,980,0.542,1.46,1,1
0,4,30,0,N,nb23,980,0.518,1.705,2,1
0,4,30,0,N,nb24,980,-0.386,-0.775,1,1
0,4,30,0,N,nb25,980,-1.605,-0.449,3,1
0,4,30,0,N,nb26,980,0.68,0.037,2,1
0,4,30,0,N,nb27,980,-1.317,-0.798,1,1
0,4,30,0,N,nb28,980,-1.395,-0.574,3,1
0,4,30,0,N,nb29,980,0.111,1.866,1,1
0,4,30,0,N,nb0,985,-1.69,-0.671,1,1
0,4,30,0,N,nb1,985,0.341,1.866,2,1
0,4,30,0,N,nb2,985,1.415,0.086,2,1
0,4,30,0,N,nb3,985,-1.185,-0.464,1,1
0,4,30,0,N,nb4,985,-0.686,-1.11,2,1
0,4,30,0,N,nb5,985,0.475,-0.089,1,1
0,4,30,0,N,nb6,985,0.285,-0.515,1,1
0,4,30,0,N,nb7,985,1.56,0.454,1,1
0,4,30,0,N,nb8,985,0.235,-0.699,1,1
0,4,30,0,N,nb9,985,0.148,-0.984,1,1
0,4,30,0,N,nb10,985,0.032,-1.164,2,1
0,4,30,0,N,nb11,985,1.471,-0.293,1,1
0,4,30,0,N,nb12,985,0.752,1.088,1,1
0,4,30,0,N,nb13,985,1.299,-0.13,2,1
0,4,30,0,N,nb14,985,-0.6,-0.886,3,1
0,4,30,0,N,nb15,985,1.638,0.057,2,1
0,4,30,0,N,nb16,985,1.73,0.274,2,1
0,4,30,0,N,nb17,985,-0.835,-0.949,2,1
0,4,30,0,N,nb18,985,-1.717,-0.24,1,1
0,4,30,0,N,nb19,985,0.985,1.128,1,1
0,4,30,0,N,nb20,985,-0.048,-1.392,1,1
0,4,30,0,N,nb21,985,0.905,0.033,1,1
0,4,30,0,N,nb22,985,0.542,1.46,1,1
0,4,30,0,N,nb23,985,0.518,1.705,2,1
0,4,30,0,N,nb24,985,-0.386,-0.775,1,1
0,4,30,0,N,nb25,985,-1.605,-0.449,3,1
0,4,30,0,N,nb26,985,0.68,0.037,2,1
0,4,30,0,N,nb27,985,-1.317,-0.798,1,1
0,4,30,0,N,nb28,985,-1.395,-0.574,3,1
0,4,30,0,N,nb29,985,0.111,1.866,1,1
0,4,30,0,N,nb0,990,-1.69,-0.671,1,1
0,4,30,0,N,nb1,990,0.341,1.866,2,1
0,4,30,0,N,nb2,990,1.415,0.086,2,1
0,4,30,0,N,nb3,990,-1.185,-0.464,1,1
0,4,30,0,N,nb4,990,-0.686,-1.11,2,1
0,4,30,0,N,nb5,990,0.475,-0.089,1,1
0,4,30,0,N,nb6,990,0.285,-0.515,1,1
0,4,30,0,N,nb7,990,1.56,0.454,1,1
0,4,30,0,N,nb8,990,0.235,-0.699,1,1
0,4,30,0,N,nb9,990,0.148,-0.984,1,1
0,4,30,0,N,nb10,990,0.032,-1.164,2,1
0,4,30,0,N,nb11,990,1.471,-0.293,1,1
0,4,30,0,N,nb12,990,0.752,1.088,1,1
0,4,30,0,N,nb13,990,1.299,-0.13,2,1
0,4,30,0,N,nb14,990,-0.6,-0.886,3,1
0,4,30,0,N,nb15,990,1.638,0.057,2,1
0,4,30,0,N,nb16,990,1.73,0.274,2,1
0,4,30,0,N,nb17,990,-0.835,-0.949,2,1
0,4,30,0,N,nb18,990,-1.717,-0.24,1,1
0,4,30,0,N,nb19,990,0.985,1.128,1,1
0,4,30,0,N,nb20,990,-0.048,-1.392,1,1
0,4,30,0,N,nb21,990,0.905,0.033,1,1
0,4,30,0,N,nb22,990,0.542,1.46,1,1
0,4,30,0,N,nb23,990,0.518,1.705,2,1
0,4,30,0,N,nb24,990,-0.386,-0.775,1,1
0,4,30,0,N,nb25,990,-1.605,-0.449,3,0
0,4,30,0,N,nb26,990,0.68,0.037,2,1
0,4,30,0,N,nb27,990,-1.317,-0.798,1,1
0,4,30,0,N,nb28,990,-1.395,-0.574,3,1
0,4,30,0,N,nb29,990,0.111,1.866,1,1
0,4,30,0,N,nb0,995,-1.69,-0.671,1,1
0,4,30,0,N,nb1,995,0.341,1.866,2,1
0,4,30,0,N,nb2,995,1.415,0.086,2,1
0,4,30,0,N,nb3,995,-1.185,-0.464,1,1
0,4,30,0,N,nb4,995,-0.686,-1.11,2,1
0,4,30,0,N,nb5,995,0.475,-0.089,1,1
0,4,30,0,N,nb6,995,0.285,-0.515,1,1
0,4,30,0,N,nb7,995,1.56,0.454,1,1
0,4,30,0,N,nb8,995,0.235,-0.699,1,1
0,4,30,0,N,nb9,995,0.148,-0.984,1,1
0,4,30,0,N,nb10,995,0.032,-1.164,2,1
0,4,30,0,N,nb11,995,1.471,-0.293,1,1
0,4,30,0,N,nb12,995,0.752,1.088,1,1
0,4,30,0,N,nb13,995,1.299,-0.13,2,1
0,4,30,0,N,nb14,995,-0.6,-0.886,3,1
0,4,30,0,N,nb15,995,1.638,0.057,2,1
0,4,30,0,N,nb16,995,1.73,0.274,2,1
0,4,30,0,N,nb17,995,-0.835,-0.949,2,1
0,4,30,0,N,nb18,995,-1.717,-0.24,1,1
0,4,30,0,N,nb19,995,0.985,1.128,1,1
0,4,30,0,N,nb20,995,-0.048,-1.392,1,1
0,4,30,0,N,nb21,995,0.905,0.033,1,1
0,4,30,0,N,nb22,995,0.542,1.46,1,1
0,4,30,0,N,nb23,995,0.518,1.705,2,1
0,4,30,0,N,nb24,995,-0.386,-0.775,1,1
0,4,30,0,N,nb25,995,-1.605,-0.449,3,1
0,4,30,0,N,nb26,995,0.68,0.037,2,1
0,4,30,0,N,nb27,995,-1.317,-0.798,1,1
0,4,30,0,N,nb28,995,-1.395,-0.574,3,1
0,4,30,0,N,nb29,995,0.111,1.866,1,1
0,4,30,0,N,nb0,1000,-1.69,-0.671,1,1
0,4,30,0,N,nb1,1000,0.341,1.866,2,1
0,4,30,0,N,nb2,1000,1.415,0.086,2,1
0,4,30,0,N,nb3,1000,-1.185,-0.464,1,1
0,4,30,0,N,nb4,1000,-0.686,-1.11,2,1
0,4,30,0,N,nb5,1000,0.475,-0.089,1,1
0,4,30,0,N,nb6,1000,0.285,-0.515,1,1
0,4,30,0,N,nb7,1000,1.56,0.454,1,1
0,4,30,0,N,nb8,1000,0.235,-0.699,1,1
0,4,30,0,N,nb9,1000,0.148,-0.984,1,1
0,4,30,0,N,nb10,1000,0.032,-1.164,2,1
0,4,30,0,N,nb11,1000,1.471,-0.293,1,1
0,4,30,0,N,nb12,1000,0.752,1.088,1,1
0,4,30,0,N,nb13,1000,1.299,-0.13,2,1
0,4,30,0,N,nb14,1000,-0.6,-0.886,3,1
0,4,30,0,N,nb15,1000,1.638,0.057,2,1
0,4,30,0,N,nb16,1000,1.73,0.274,2,1
0,4,30,0,N,nb17,1000,-0.835,-0.949,2,1
0,4,30,0,N,nb18,1000,-1.717,-0.24,1,1
0,4,30,0,N,nb19,1000,0.985,1.128,1,1
0,4,30,0,N,nb20,1000,-0.048,-1.392,1,1
0,4,30,0,N,nb21,1000,0.905,0.033,1,1
0,4,30,0,N,nb22,1000,0.542,1.46,1,1
0,4,30,0,N,nb23,1000,0.518,1.705,2,1
0,4,30,0,N,nb24,1000,-0.386,-0.775,1,1
0,4,30,0,N,nb25,1000,-1.605,-0.449,3,1
0,4,30,0,N,nb26,1000,0.68,0.037,2,1
0,4,30,0,N,nb27,1000,-1.317,-0.798,1,1
0,4,30,0,N,nb28,1000,-1.395,-0.574,3,1
0,4,30,0,N,nb29,1000,0.111,1.866,1,1
0,4,30,0,N,nb0,1005,-1.69,-0.671,1,1
0,4,30,0,N,nb1,1005,0.341,1.866,2,1
0,4,30,0,N,nb2,1005,1.415,0.086,2,1
0,4,30,0,N,nb3,1005,-1.185,-0.464,1,1
0,4,30,0,N,nb4,1005,-0.686,-1.11,2,1
0,4,30,0,N,nb5,1005,0.475,-0.089,1,1
0,4,30,0,N,nb6,1005,0.285,-0.515,1,1
0,4,30,0,N,nb7,1005,1.56,0.454,1,1
0,4,30,0,N,nb8,1005,0.235,-0.699,1,1
0,4,30,0,N,nb9,1005,0.148,-0.984,1,1
0,4,30,0,N,nb10,1005,0.032,-1.164,2,1
0,4,30,0,N,nb11,1005,1.471,-0.293,1,1
0,4,30,0,N,nb12,1005,0.752,1.088,1,1
0,4,30,0,N,nb13,1005,1.299,-0.13,2,1
0,4,30,0,N,nb14,1005,-0.6,-0.886,3,1
0,4,30,0,N,nb15,1005,1.638,0.057,2,1
0,4,30,0,N,nb16,1005,1.73,0.274,2,1
0,4,30,0,N,nb17,1005,-0.835,-0.949,2,1
0,4,30,0,N,nb18,1005,-1.717,-0.24,1,0
0,4,30,0,N,nb19,1005,0.985,1.128,1,1
0,4,30,0,N,nb20,1005,-0.048,-1.392,1,1
0,4,30,0,N,nb21,1005,0.905,0.033,1,1
0,4,30,0,N,nb22,1005,0.542,1.46,1,1
0,4,30,0,N,nb23,1005,0.518,1.705,2,1
0,4,30,0,N,nb24,1005,-0.386,-0.775,1,0
0,4,30,0,N,nb25,1005,-1.605,-0.449,3,1
0,4,30,0,N,nb26,1005,0.68,0.037,2,1
0,4,30,0,N,nb27,1005,-1.317,-0.798,1,1
0,4,30,0,N,nb28,1005,-1.395,-0.574,3,1
0,4,30,0,N,nb29,1005,0.111,1.866,1,1
0,4,30,0,N,nb0,1010,-1.69,-0.671,1,1
0,4,30,0,N,nb1,1010,0.341,1.866,2,1
0,4,30,0,N,nb2,1010,1.415,0.086,2,1
0,4,30,0,N,nb3,1010,-1.185,-0.464,1,1
0,4,30,0,N,nb4,1010,-0.686,-1.11,2,1
0,4,30,0,N,nb5,1010,0.475,-0.089,1,1
0,4,30,0,N,nb6,1010,0.285,-0.515,1,1
0,4,30,0,N,nb7,1010,1.56,0.454,1,1
0,4,30,0,N,nb8,1010,0.235,-0.699,1,1
0,4,30,0,N,nb9,1010,0.148,-0.984,1,1
0,4,30,0,N,nb10,1010,0.032,-1.164,2,1
0,4,30,0,N,nb11,1010,1.471,-0.293,1,1
0,4,30,0,N,nb12,1010,0.752,1.088,1,0
0,4,30,0,N,nb13,1010,1.299,-0.13,2,1
0,4,30,0,N,nb14,1010,-0.6,-0.886,3,1
0,4,30,0,N,nb15,1010,1.638,0.057,2,1
0,4,30,0,N,nb16,1010,1.73,0.274,2,1
0,4,30,0,N,nb17,1010,-0.835,-0.949,2,1
0,4,30,0,N,nb18,1010,-1.717,-0.24,1,1
0,4,30,0,N,nb19,1010,0.985,1.128,1,0
0,4,30,0,N,nb20,1010,-0.048,-1.392,1,1
0,4,30,0,N,nb21,1010,0.905,0.033,1,1
0,4,30,0,N,nb22,1010,0.542,1.46,1,1
0,4,30,0,N,nb23,1010,0.518,1.705,2,1
0,4,30,0,N,nb24,1010,-0.386,-0.775,1,1
0,4,30,0,N,nb25,1010,-1.605,-0.449,3,1
0,4,30,0,N,nb26,1010,0.68,0.037,2,1
0,4,30,0,N,nb27,1010,-1.317,-0.798,1,1
0,4,30,0,N,nb28,1010,-1.395,-0.574,3,1
0,4,30,0,N,nb29,1010,0.111,1.866,1,1
0,4,30,0,N,nb0,1015,-1.69,-0.671,1,1
0,4,30,0,N,nb1,1015,0.341,1.866,2,1
0,4,30,0,N,nb2,1015,1.415,0.086,2,1
0,4,30,0,N,nb3,1015,-1.185,-0.464,1,1
0,4,30,0,N,nb4,1015,-0.686,-1.11,2,1
0,4,30,0,N,nb5,1015,0.475,-0.089,1,1
0,4,30,0,N,nb6,1015,0.285,-0.515,1,1
0,4,30,0,N,nb7,1015,1.56,0.454,1,1
0,4,30,0,N,nb8,1015,0.235,-0.699,1,1
0,4,30,0,N,nb9,1015,0.148,-0.984,1,1
0,4,30,0,N,nb10,1015,0.032,-1.164,2,1
0,4,30,0,N,nb11,1015,1.471,-0.293,1,1
0,4,30,0,N,nb12,1015,0.752,1.088,1,1
0,4,30,0,N,nb13,1015,1.299,-0.13,2,1
0,4,30,0,N,nb14,1015,-0.6,-0.886,3,1
0,4,30,0,N,nb15,1015,1.638,0.057,2,1
0,4,30,0,N,nb16,1015,1.73,0.274,2,1
0,4,30,0,N,nb17,1015,-0.835,-0.949,2,1
0,4,30,0,N,nb18,1015,-1.717,-0.24,1,1
0,4,30,0,N,nb19,1015,0.985,1.128,1,1
0,4,30,0,N,nb20,1015,-0.048,-1.392,1,1
0,4,30,0,N,nb21,1015,0.905,0.033,1,1
0,4,30,0,N,nb22,1015,0.542,1.46,1,1
0,4,30,0,N,nb23,1015,0.518,1.705,2,1
0,4,30,0,N,nb24,1015,-0.386,-0.775,1,1
0,4,30,0,N,nb25,1015,-1.605,-0.449,3,1
0,4,30,0,N,nb26,1015,0.68,0.037,2,1
0,4,30,0,N,nb27,1015,-1.317,-0.798,1,1
0,4,30,0,N,nb28,1015,-1.395,-0.574,3,1
0,4,30,0,N,nb29,1015,0.111,1.866,1,1
0,4,30,0,N,nb0,1020,-1.69,-0.671,1,1
0,4,30,0,N,nb1,1020,0.341,1.866,2,1
0,4,30,0,N,nb2,1020,1.415,0.086,2,1
0,4,30,0,N,nb3,1020,-1.185,-0.464,1,1
0,4,30,0,N,nb4,1020,-0.686,-1.11,2,1
0,4,30,0,N,nb5,1020,0.475,-0.089,1,1
0,4,30,0,N,nb6,1020,0.285,-0.515,1,1
0,4,30,0,N,nb7,1020,1.56,0.454,1,1
0,4,30,0,N,nb8,1020,0.235,-0.699,1,1
0,4,30,0,N,nb9,1020,0.148,-0.984,1,1
0,4,30,0,N,nb10,1020,0.032,-1.164,2,1
0,4,30,0,N,nb11,1020,1.471,-0.293,1,1
0,4,30,0,N,nb12,1020,0.752,1.088,1,1
0,4,30,0,N,nb13,1020,1.299,-0.13,2,1
0,4,30,0,N,nb14,1020,-0.6,-0.886,3,1
0,4,30,0,N,nb15,1020,1.638,0.057,2,1
0,4,30,0,N,nb16,1020,1.73,0.274,2,1
0,4,30,0,N,nb17,1020,-0.835,-0.949,2,1
0,4,30,0,N,nb18,1020,-1.717,-0.24,1,1
0,4,30,0,N,nb19,1020,0.985,1.128,1,1
0,4,30,0,N,nb20,1020,-0.048,-1.392,1,1
0,4,30,0,N,nb21,1020,0.905,0.033,1,1
0,4,30,0,N,nb22,1020,0.542,1.46,1,1
0,4,30,0,N,nb23,1020,0.518,1.705,2,1
0,4,30,0,N,nb24,1020,-0.386,-0.775,1,1
0,4,30,0,N,nb25,1020,-1.605,-0.449,3,1
0,4,30,0,N,nb26,1020,0.68,0.037,2,1
0,4,30,0,N,nb27,1020,-1.317,-0.798,1,1
0,4,30,0,N,nb28,1020,-1.395,-0.574,3,1
0,4,30,0,N,nb29,1020,0.111,1.866,1,1
0,4,30,0,N,nb0,1025,-1.69,-0.671,1,1
0,4,30,0,N,nb1,1025,0.341,1.866,2,1
0,4,30,0,N,nb2,1025,1.415,0.086,2,1
0,4,30,0,N,nb3,1025,-1.185,-0.464,1,1
0,4,30,0,N,nb4,1025,-0.686,-1.11,2,1
0,4,30,0,N,nb5,1025,0.475,-0.089,1,1
0,4,30,0,N,nb6,1025,0.285,-0.515,1,1
0,4,30,0,N,nb7,1025,1.56,0.454,1,1
0,4,30,0,N,nb8,1025,0.235,-0.699,1,1
0,4,30,0,N,nb9,1025,0.148,-0.984,1,1
0,4,30,0,N,nb10,1025,0.032,-1.164,2,1
0,4,30,0,N,nb11,1025,1.471,-0.293,1,1
0,4,30,0,N,nb12,1025,0.752,1.088,1,1
0,4,30,0,N,nb13,1025,1.299,-0.13,2,1
0,4,30,0,N,nb14,1025,-0.6,-0.886,3,0
0,4,30,0,N,nb15,1025,1.638,0.057,2,1
0,4,30,0,N,nb16,1025,1.73,0.274,2,1
0,4,30,0,N,nb17,1025,-0.835,-0.949,2,1
0,4,30,0,N,nb18,1025,-1.717,-0.24,1,1
0,4,30,0,N,nb19,1025,0.985,1.128,1,1
0,4,30,0,N,nb20,1025,-0.048,-1.392,1,1
0,4,30,0,N,nb21,1025,0.905,0.033,1,1
0,4,30,0,N,nb22,1025,0.542,1.46,1,1
0,4,30,0,N,nb23,1025,0.518,1.705,2,1
0,4,30,0,N,nb24,1025,-0.386,-0.775,1,1
0,4,30,0,N,nb25,1025,-1.605,-0.449,3,1
0,4,30,0,N,nb26,1025,0.68,0.037,2,1
0,4,30,0,N,nb27,1025,-1.317,-0.798,1,1
0,4,30,0,N,nb28,1025,-1.395,-0.574,3,1
0,4,30,0,N,nb29,1025,0.111,1.866,1,1
0,4,30,0,N,nb0,1030,-1.69,-0.671,1,1
0,4,30,0,N,nb1,1030,0.341,1.866,2,1
0,4,30,0,N,nb2,1030,1.415,0.086,2,1
0,4,30,0,N,nb3,1030,-1.185,-0.464,1,1
0,4,30,0,N,nb4,1030,-0.686,-1.11,2,1
0,4,30,0,N,nb5,1030,0.475,-0.089,1,1
0,4,30,0,N,nb6,1030,0.285,-0.515,1,1
0,4,30,0,N,nb7,1030,1.56,0.454,1,1
0,4,30,0,N,nb8,1030,0.235,-0.699,1,1
0,4,30,0,N,nb9,1030,0.148,-0.984,1,1
0,4,30,0,N,nb10,1030,0.032,-1.164,2,1
0,4,30,0,N,nb11,1030,1.471,-0.293,1,1
0,4,30,0,N,nb12,1030,0.752,1.088,1,1
0,4,30,0,N,nb13,1030,1.299,-0.13,2,1
0,4,30,0,N,nb14,1030,-0.6,-0.886,3,1
0,4,30,0,N,nb15,1030,1.638,0.057,2,1
0,4,30,0,N,nb16,1030,1.73,0.274,2,1
0,4,30,0,N,nb17,1030,-0.835,-0.949,2,1
0,4,30,0,N,nb18,1030,-1.717,-0.24,1,1
0,4,30,0,N,nb19,1030,0.985,1.128,1,1
0,4,30,0,N,nb20,1030,-0.048,-1.392,1,1
0,4,30,0,N,nb21,1030,0.905,0.033,1,1
0,4,30,0,N,nb22,1030,0.542,1.46,1,1
0,4,30,0,N,nb23,1030,0.518,1.705,2,1
0,4,30,0,N,nb24,1030,-0.386,-0.775,1,1
0,4,30,0,N,nb25,1030,-1.605,-0.449,3,1
0,4,30,0,N,nb26,1030,0.68,0.037,2,1
0,4,30,0,N,nb27,1030,-1.317,-0.798,1,1
0,4,30,0,N,nb28,1030,-1.395,-0.574,3,1
0,4,30,0,N,nb29,1030,0.111,1.866,1,1
0,4,30,0,N,nb0,1035,-1.69,-0.671,1,1
0,4,30,0,N,nb1,1035,0.341,1.866,2,1
0,4,30,0,N,nb2,1035,1.415,0.086,2,1
0,4,30,0,N,nb3,1035,-1.185,-0.464,1,1
0,4,30,0,N,nb4,1035,-0.686,-1.11,2,1
0,4,30,0,N,nb5,1035,0.475,-0.089,1,1
0,4,30,0,N,nb6,1035,0.285,-0.515,1,1
0,4,30,0,N,nb7,1035,1.56,0.454,1,1
0,4,30,0,N,nb8,1035,0.235,-0.699,1,1
0,4,30,0,N,nb9,1035,0.148,-0.984,1,1
0,4,30,0,N,nb10,1035,0.032,-1.164,2,1
0,4,30,0,N,nb11,1035,1.471,-0.293,1,1
0,4,30,0,N,nb12,1035,0.752,1.088,1,1
0,4,30,0,N,nb13,1035,1.299,-0.13,2,1
0,4,30,0,N,nb14,1035,-0.6,-0.886,3,1
0,4,30,0,N,nb15,1035,1.638,0.057,2,1
0,4,30,0,N,nb16,1035,1.73,0.274,2,0
0,4,30,0,N,nb17,1035,-0.835,-0.949,2,1
0,4,30,0,N,nb18,1035,-1.717,-0.24,1,1
0,4,30,0,N,nb19,1035,0.985,1.128,1,1
0,4,30,0,N,nb20,1035,-0.048,-1.392,1,1
0,4,30,0,N,nb21,1035,0.905,0.033,1,0
0,4,30,0,N,nb22,1035,0.542,1.46,1,1
0,4,30,0,N,nb23,1035,0.518,1.705,2,1
0,4,30,0,N,nb24,1035,-0.386,-0.775,1,1
0,4,30,0,N,nb25,1035,-1.605,-0.449,3,1
0,4,30,0,N,nb26,1035,0.68,0.037,2,0
0,4,30,0,N,nb27,1035,-1.317,-0.798,1,1
0,4,30,0,N,nb28,1035,-1.395,-0.574,3,1
0,4,30,0,N,nb29,1035,0.111,1.866,1,1
0,4,30,0,N,nb0,1040,-1.69,-0.671,1,1
0,4,30,0,N,nb1,1040,0.341,1.866,2,1
0,4,30,0,N,nb2,1040,1.415,0.086,2,1
0,4,30,0,N,nb3,1040,-1.185,-0.464,1,1
0,4,30,0,N,nb4,1040,-0.686,-1.11,2,1
0,4,30,0,N,nb5,1040,0.475,-0.089,1,1
0,4,30,0,N,nb6,1040,0.285,-0.515,1,1
0,4,30,0,N,nb7,1040,1.56,0.454,1,1
0,4,30,0,N,nb8,1040,0.235,-0.699,1,1
0,4,30,0,N,nb9,1040,0.148,-0.984,1,1
0,4,30,0,N,nb10,1040,0.032,-1.164,2,1
0,4,30,0,N,nb11,1040,1.471,-0.293,1,1
0,4,30,0,N,nb12,1040,0.752,1.088,1,1
0,4,30,0,N,nb13,1040,1.299,-0.13,2,1
0,4,30,0,N,nb14,1040,-0.6,-0.886,3,1
0,4,30,0,N,nb15,1040,1.638,0.057,2,1
0,4,30,0,N,nb16,1040,1.73,0.274,2,1
0,4,30,0,N,nb17,1040,-0.835,-0.949,2,1
0,4,30,0,N,nb18,1040,-1.717,-0.24,1,1
0,4,30,0,N,nb19,1040,0.985,1.128,1,1
0,4,30,0,N,nb20,1040,-0.048,-1.392,1,1
0,4,30,0,N,nb21,1040,0.905,0.033,1,1
0,4,30,0,N,nb22,1040,0.542,1.46,1,1
0,4,30,0,N,nb23,1040,0.518,1.705,2,1
0,4,30,0,N,nb24,1040,-0.386,-0.775,1,1
0,4,30,0,N,nb25,1040,-1.605,-0.449,3,1
0,4,30,0,N,nb26,1040,0.68,0.037,2,1
0,4,30,0,N,nb27,1040,-1.317,-0.798,1,0
0,4,30,0,N,nb28,1040,-1.395,-0.574,3,1
0,4,30,0,N,nb29,1040,0.111,1.866,1,1
0,4,30,0,N,nb0,1045,-1.69,-0.671,1,0
0,4,30,0,N,nb1,1045,0.341,1.866,2,1
0,4,30,0,N,nb2,1045,1.415,0.086,2,1
0,4,30,0,N,nb3,1045,-1.185,-0.464,1,1
0,4,30,0,N,nb4,1045,-0.686,-1.11,2,1
0,4,30,0,N,nb5,1045,0.475,-0.089,1,1
0,4,30,0,N,nb6,1045,0.285,-0.515,1,1
0,4,30,0,N,nb7,1045,1.56,0.454,1,1
0,4,30,0,N,nb8,1045,0.235,-0.699,1,1
0,4,30,0,N,nb9,1045,0.148,-0.984,1,1
0,4,30,0,N,nb10,1045,0.032,-1.164,2,1
0,4,30,0,N,nb11,1045,1.471,-0.293,1,0
0,4,30,0,N,nb12,1045,0.752,1.088,1,1
0,4,30,0,N,nb13,1045,1.299,-0.13,2,1
0,4,30,0,N,nb14,1045,-0.6,-0.886,3,1
0,4,30,0,N,nb15,1045,1.638,0.057,2,1
0,4,30,0,N,nb16,1045,1.73,0.274,2,1
0,4,30,0,N,nb17,1045,-0.835,-0.949,2,1
0,4,30,0,N,nb18,1045,-1.717,-0.24,1,1
0,4,30,0,N,nb19,1045,0.985,1.128,1,1
0,4,30,0,N,nb20,1045,-0.048,-1.392,1,1
0,4,30,0,N,nb21,1045,0.905,0.033,1,1
0,4,30,0,N,nb22,1045,0.542,1.46,1,1
0,4,30,0,N,nb23,1045,0.518,1.705,2,1
0,4,30,0,N,nb24,1045,-0.386,-0.775,1,1
0,4,30,0,N,nb25,1045,-1.605,-0.449,3,1
0,4,30,0,N,nb26,1045,0.68,0.037,2,1
0,4,30,0,N,nb27,1045,-1.317,-0.798,1,1
0,4,30,0,N,nb28,1045,-1.395,-0.574,3,1
0,4,30,0,N,nb29,1045,0.111,1.866,1,1
0,4,30,0,N,nb0,1050,-1.69,-0.671,1,1
0,4,30,0,N,nb1,1050,0.341,1.866,2,1
0,4,30,0,N,nb2,1050,1.415,0.086,2,1
0,4,30,0,N,nb3,1050,-1.185,-0.464,1,1
0,4,30,0,N,nb4,1050,-0.686,-1.11,2,1
0,4,30,0,N,nb5,1050,0.475,-0.089,1,1
0,4,30,0,N,nb6,1050,0.285,-0.515,1,1
0,4,30,0,N,nb7,1050,1.56,0.454,1,1
0,4,30,0,N,nb8,1050,0.235,-0.699,1,1
0,4,30,0,N,nb9,1050,0.148,-0.984,1,1
0,4,30,0,N,nb10,1050,0.032,-1.164,2,1
0,4,30,0,N,nb11,1050,1.471,-0.293,1,1
0,4,30,0,N,nb12,1050,0.752,1.088,1,1
0,4,30,0,N,nb13,1050,1.299,-0.13,2,1
0,4,30,0,N,nb14,1050,-0.6,-0.886,3,1
0,4,30,0,N,nb15,1050,1.638,0.057,2,1
0,4,30,0,N,nb16,1050,1.73,0.274,2,1
0,4,30,0,N,nb17,1050,-0.835,-0.949,2,1
0,4,30,0,N,nb18,1050,-1.717,-0.24,1,1
0,4,30,0,N,nb19,1050,0.985,1.128,1,1
0,4,30,0,N,nb20,1050,-0.048,-1.392,1,1
0,4,30,0,N,nb21,1050,0.905,0.033,1,1
0,4,30,0,N,nb22,1050,0.542,1.46,1,0
0,4,30,0,N,nb23,1050,0.518,1.705,2,0
0,4,30,0,N,nb24,1050,-0.386,-0.775,1,1
0,4,30,0,N,nb25,1050,-1.605,-0.449,3,1
0,4,30,0,N,nb26,1050,0.68,0.037,2,1
0,4,30,0,N,nb27,1050,-1.317,-0.798,1,1
0,4,30,0,N,nb28,1050,-1.395,-0.574,3,1
0,4,30,0,N,nb29,1050,0.111,1.866,1,1
0,4,30,0,N,nb0,1055,-1.69,-0.671,1,1
0,4,30,0,N,nb1,1055,0.341,1.866,2,1
0,4,30,0,N,nb2,1055,1.415,0.086,2,1
0,4,30,0,N,nb3,1055,-1.185,-0.464,1,1
0,4,30,0,N,nb4,1055,-0.686,-1.11,2,1
0,4,30,0,N,nb5,1055,0.475,-0.089,1,1
0,4,30,0,N,nb6,1055,0.285,-0.515,1,1
0,4,30,0,N,nb7,1055,1.56,0.454,1,1
0,4,30,0,N,nb8,1055,0.235,-0.699,1,1
0,4,30,0,N,nb9,1055,0.148,-0.984,1,1
0,4,30,0,N,nb10,1055,0.032,-1.164,2,1
0,4,30,0,N,nb11,1055,1.471,-0.293,1,1
0,4,30,0,N,nb12,1055,0.752,1.088,1,1
0,4,30,0,N,nb13,1055,1.299,-0.13,2,1
0,4,30,0,N,nb14,1055,-0.6,-0.886,3,1
0,4,30,0,N,nb15,1055,1.638,0.057,2,1
0,4,30,0,N,nb16,1055,1.73,0.274,2,1
0,4,30,0,N,nb17,1055,-0.835,-0.949,2,1
0,4,30,0,N,nb18,1055,-1.717,-0.24,1,1
0,4,30,0,N,nb19,1055,0.985,1.128,1,1
0,4,30,0,N,nb20,1055,-0.048,-1.392,1,1
0,4,30,0,N,nb21,1055,0.905,0.033,1,1
0,4,30,0,N,nb22,1055,0.542,1.46,1,1
0,4,30,0,N,nb23,1055,0.518,1.705,2,1
0,4,30,0,N,nb24,1055,-0.386,-0.775,1,1
0,4,30,0,N,nb25,1055,-1.605,-0.449,3,1
0,4,30,0,N,nb26,1055,0.68,0.037,2,1
0,4,30,0,N,nb27,1055,-1.317,-0.798,1,1
0,4,30,0,N,nb28,1055,-1.395,-0.574,3,1
0,4,30,0,N,nb29,1055,0.111,1.866,1,1
0,4,30,0,N,nb0,1060,-1.69,-0.671,1,1
0,4,30,0,N,nb1,1060,0.341,1.866,2,1
0,4,30,0,N,nb2,1060,1.415,0.086,2,1
0,4,30,0,N,nb3,1060,-1.185,-0.464,1,1
0,4,30,0,N,nb4,1060,-0.686,-1.11,2,1
0,4,30,0,N,nb5,1060,0.475,-0.089,1,0
0,4,30,0,N,nb6,1060,0.285,-0.515,1,1
0,4,30,0,N,nb7,1060,1.56,0.454,1,1
0,4,30,0,N,nb8,1060,0.235,-0.699,1,1
0,4,30,0,N,nb9,1060,0.148,-0.984,1,1
0,4,30,0,N,nb10,1060,0.032,-1.164,2,1
0,4,30,0,N,nb11,1060,1.471,-0.293,1,1
0,4,30,0,N,nb12,1060,0.752,1.088,1,1
0,4,30,0,N,nb13,1060,1.299,-0.13,2,1
0,4,30,0,N,nb14,1060,-0.6,-0.886,3,1
0,4,30,0,N,nb15,1060,1.638,0.057,2,1
0,4,30,0,N,nb16,1060,1.73,0.274,2,1
0,4,30,0,N,nb17,1060,-0.835,-0.949,2,1
0,4,30,0,N,nb18,1060,-1.717,-0.24,1,1
0,4,30,0,N,nb19,1060,0.985,1.128,1,1
0,4,30,0,N,nb20,1060,-0.048,-1.392,1,1
0,4,30,0,N,nb21,1060,0.905,0.033,1,1
0,4,30,0,N,nb22,1060,0.542,1.46,1,1
0,4,30,0,N,nb23,1060,0.518,1.705,2,1
0,4,30,0,N,nb24,1060,-0.386,-0.775,1,1
0,4,30,0,N,nb25,1060,-1.605,-0.449,3,1
0,4,30,0,N,nb26,1060,0.68,0.037,2,1
0,4,30,0,N,nb27,1060,-1.317,-0.798,1,1
0,4,30,0,N,nb28,1060,-1.395,-0.574,3,1
0,4,30,0,N,nb29,1060,0.111,1.866,1,1
0,4,30,0,N,nb0,1065,-1.69,-0.671,1,1
0,4,30,0,N,nb1,1065,0.341,1.866,2,1
0,4,30,0,N,nb2,1065,1.415,0.086,2,1
0,4,30,0,N,nb3,1065,-1.185,-0.464,1,1
0,4,30,0,N,nb4,1065,-0.686,-1.11,2,1
0,4,30,0,N,nb5,1065,0.475,-0.089,1,1
0,4,30,0,N,nb6,1065,0.285,-0.515,1,1
0,4,30,0,N,nb7,1065,1.56,0.454,1,1
0,4,30,0,N,nb8,1065,0.235,-0.699,1,1
0,4,30,0,N,nb9,1065,0.148,-0.984,1,1
0,4,30,0,N,nb10,1065,0.032,-1.164,2,1
0,4,30,0,N,nb11,1065,1.471,-0.293,1,1
0,4,30,0,N,nb12,1065,0.752,1.088,1,1
0,4,30,0,N,nb13,1065,1.299,-0.13,2,1
0,4,30,0,N,nb14,1065,-0.6,-0.886,3,1
0,4,30,0,N,nb15,1065,1.638,0.057,2,1
0,4,30,0,N,nb16,1065,1.73,0.274,2,1
0,4,30,0,N,nb17,1065,-0.835,-0.949,2,1
0,4,30,0,N,nb18,1065,-1.717,-0.24,1,1
0,4,30,0,N,nb19,1065,0.985,1.128,1,1
0,4,30,0,N,nb20,1065,-0.048,-1.392,1,1
0,4,30,0,N,nb21,1065,0.905,0.033,1,1
0,4,30,0,N,nb22,1065,0.542,1.46,1,1
0,4,30,0,N,nb23,1065,0.518,1.705,2,1
0,4,30,0,N,nb24,1065,-0.386,-0.775,1,1
0,4,30,0,N,nb25,1065,-1.605,-0.449,3,1
0,4,30,0,N,nb26,1065,0.68,0.037,2,1
0,4,30,0,N,nb27,1065,-1.317,-0.798,1,1
0,4,30,0,N,nb28,1065,-1.395,-0.574,3,1
0,4,30,0,N,nb29,1065,0.111,1.866,1,1
0,4,30,0,N,nb0,1070,-1.69,-0.671,1,1
0,4,30,0,N,nb1,1070,0.341,1.866,2,1
0,4,30,0,N,nb2,1070,1.415,0.086,2,1
0,4,30,0,N,nb3,1070,-1.185,-0.464,1,1
0,4,30,0,N,nb4,1070,-0.686,-1.11,2,1
0,4,30,0,N,nb5,1070,0.475,-0.089,1,1
0,4,30,0,N,nb6,1070,0.285,-0.515,1,1
0,4,30,0,N,nb7,1070,1.56,0.454,1,1
0,4,30,0,N,nb8,1070,0.235,-0.699,1,1
0,4,30,0,N,nb9,1070,0.148,-0.984,1,1
0,4,30,0,N,nb10,1070,0.032,-1.164,2,1
0,4,30,0,N,nb11,1070,1.471,-0.293,1,1
0,4,30,0,N,nb12,1070,0.752,1.088,1,1
0,4,30,0,N,nb13,1070,1.299,-0.13,2,1
0,4,30,0,N,nb14,1070,-0.6,-0.886,3,1
0,4,30,0,N,nb15,1070,1.638,0.057,2,1
0,4,30,0,N,nb16,1070,1.73,0.274,2,1
0,4,30,0,N,nb17,1070,-0.835,-0.949,2,1
0,4,30,0,N,nb18,1070,-1.717,-0.24,1,1
0,4,30,0,N,nb19,1070,0.985,1.128,1,1
0,4,30,0,N,nb20,1070,-0.048,-1.392,1,1
0,4,30,0,N,nb21,1070,0.905,0.033,1,1
0,4,30,0,N,nb22,1070,0.542,1.46,1,1
0,4,30,0,N,nb23,1070,0.518,1.705,2,1
0,4,30,0,N,nb24,1070,-0.386,-0.775,1,1
0,4,30,0,N,nb25,1070,-1.605,-0.449,3,1
0,4,30,0,N,nb26,1070,0.68,0.037,2,1
0,4,30,0,N,nb27,1070,-1.317,-0.798,1,1
0,4,30,0,N,nb28,1070,-1.395,-0.574,3,1
0,4,30,0,N,nb29,1070,0.111,1.866,1,1
0,4,30,0,N,nb0,1075,-1.69,-0.671,1,1
0,4,30,0,N,nb1,1075,0.341,1.866,2,1
0,4,30,0,N,nb2,1075,1.415,0.086,2,1
0,4,30,0,N,nb3,1075,-1.185,-0.464,1,1
0,4,30,0,N,nb4,1075,-0.686,-1.11,2,1
0,4,30,0,N,nb5,1075,0.475,-0.089,1,1
0,4,30,0,N,nb6,1075,0.285,-0.515,1,1
0,4,30,0,N,nb7,1075,1.56,0.454,1,1
0,4,30,0,N,nb8,1075,0.235,-0.699,1,1
0,4,30,0,N,nb9,1075,0.148,-0.984,1,1
0,4,30,0,N,nb10,1075,0.032,-1.164,2,1
0,4,30,0,N,nb11,1075,1.471,-0.293,1,1
0,4,30,0,N,nb12,1075,0.752,1.088,1,1
0,4,30,0,N,nb13,1075,1.299,-0.13,2,1
0,4,30,0,N,nb14,1075,-0.6,-0.886,3,1
0,4,30,0,N,nb15,1075,1.638,0.057,2,1
0,4,30,0,N,nb16,1075,1.73,0.274,2,1
0,4,30,0,N,nb17,1075,-0.835,-0.949,2,1
0,4,30,0,N,nb18,1075,-1.717,-0.24,1,1
0,4,30,0,N,nb19,1075,0.985,1.128,1,1
0,4,30,0,N,nb20,1075,-0.048,-1.392,1,1
0,4,30,0,N,nb21,1075,0.905,0.033,1,1
0,4,30,0,N,nb22,1075,0.542,1.46,1,1
0,4,30,0,N,nb23,1075,0.518,1.705,2,1
0,4,30,0,N,nb24,1075,-0.386,-0.775,1,1
0,4,30,0,N,nb25,1075,-1.605,-0.449,3,1
0,4,30,0,N,nb26,1075,0.68,0.037,2,1
0,4,30,0,N,nb27,1075,-1.317,-0.798,1,1
0,4,30,0,N,nb28,1075,-1.395,-0.574,3,1
0,4,30,0,N,nb29,1075,0.111,1.866,1,0
0,4,30,0,N,nb0,1080,-1.69,-0.671,1,1
0,4,30,0,N,nb1,1080,0.341,1.866,2,1
0,4,30,0,N,nb2,1080,1.415,0.086,2,1
0,4,30,0,N,nb3,1080,-1.185,-0.464,1,1
0,4,30,0,N,nb4,1080,-0.686,-1.11,2,1
0,4,30,0,N,nb5,1080,0.475,-0.089,1,1
0,4,30,0,N,nb6,1080,0.285,-0.515,1,1
0,4,30,0,N,nb7,1080,1.56,0.454,1,1
0,4,30,0,N,nb8,1080,0.235,-0.699,1,1
0,4,30,0,N,nb9,1080,0.148,-0.984,1,1
0,4,30,0,N,nb10,1080,0.032,-1.164,2,1
0,4,30,0,N,nb11,1080,1.471,-0.293,1,1
0,4,30,0,N,nb12,1080,0.752,1.088,1,1
0,4,30,0,N,nb13,1080,1.299,-0.13,2,1
0,4,30,0,N,nb14,1080,-0.6,-0.886,3,1
0,4,30,0,N,nb15,1080,1.638,0.057,2,1
0,4,30,0,N,nb16,1080,1.73,0.274,2,1
0,4,30,0,N,nb17,1080,-0.835,-0.949,2,1
0,4,30,0,N,nb18,1080,-1.717,-0.24,1,1
0,4,30,0,N,nb19,1080,0.985,1.128,1,1
0,4,30,0,N,nb20,1080,-0.048,-1.392,1,0
0,4,30,0,N,nb21,1080,0.905,0.033,1,1
0,4,30,0,N,nb22,1080,0.542,1.46,1,1
0,4,30,0,N,nb23,1080,0.518,1.705,2,1
0,4,30,0,N,nb24,1080,-0.386,-0.775,1,1
0,4,30,0,N,nb25,1080,-1.605,-0.449,3,1
0,4,30,0,N,nb26,1080,0.68,0.037,2,1
0,4,30,0,N,nb27,1080,-1.317,-0.798,1,1
0,4,30,0,N,nb28,1080,-1.395,-0.574,3,1
0,4,30,0,N,nb29,1080,0.111,1.866,1,1
0,4,30,0,N,nb0,1085,-1.69,-0.671,1,1
0,4,30,0,N,nb1,1085,0.341,1.866,2,1
0,4,30,0,N,nb2,1085,1.415,0.086,2,1
0,4,30,0,N,nb3,1085,-1.185,-0.464,1,1
0,4,30,0,N,nb4,1085,-0.686,-1.11,2,0
0,4,30,0,N,nb5,1085,0.475,-0.089,1,1
0,4,30,0,N,nb6,1085,0.285,-0.515,1,0
0,4,30,0,N,nb7,1085,1.56,0.454,1,1
0,4,30,0,N,nb8,1085,0.235,-0.699,1,0
0,4,30,0,N,nb9,1085,0.148,-0.984,1,0
0,4,30,0,N,nb10,1085,0.032,-1.164,2,0
0,4,30,0,N,nb11,1085,1.471,-0.293,1,1
0,4,30,0,N,nb12,1085,0.752,1.088,1,1
0,4,30,0,N,nb13,1085,1.299,-0.13,2,0
0,4,30,0,N,nb14,1085,-0.6,-0.886,3,1
0,4,30,0,N,nb15,1085,1.638,0.057,2,1
0,4,30,0,N,nb16,1085,1.73,0.274,2,1
0,4,30,0,N,nb17,1085,-0.835,-0.949,2,0
0,4,30,0,N,nb18,1085,-1.717,-0.24,1,1
0,4,30,0,N,nb19,1085,0.985,1.128,1,1
0,4,30,0,N,nb20,1085,-0.048,-1.392,1,1
0,4,30,0,N,nb21,1085,0.905,0.033,1,1
0,4,30,0,N,nb22,1085,0.542,1.46,1,1
0,4,30,0,N,nb23,1085,0.518,1.705,2,1
0,4,30,0,N,nb24,1085,-0.386,-0.775,1,1
0,4,30,0,N,nb25,1085,-1.605,-0.449,3,1
0,4,30,0,N,nb26,1085,0.68,0.037,2,1
0,4,30,0,N,nb27,1085,-1.317,-0.798,1,1
0,4,30,0,N,nb28,1085,-1.395,-0.574,3,1
0,4,30,0,N,nb29,1085,0.111,1.866,1,1
0,4,30,0,N,nb0,1090,-1.69,-0.671,1,1
0,4,30,0,N,nb1,1090,0.341,1.866,2,1
0,4,30,0,N,nb2,1090,1.415,0.086,2,1
0,4,30,0,N,nb3,1090,-1.185,-0.464,1,0
0,4,30,0,N,nb4,1090,-0.686,-1.11,2,1
0,4,30,0,N,nb5,1090,0.475,-0.089,1,1
0,4,30,0,N,nb6,1090,0.285,-0.515,1,1
0,4,30,0,N,nb7,1090,1.56,0.454,1,1
0,4,30,0,N,nb8,1090,0.235,-0.699,1,1
0,4,30,0,N,nb9,1090,0.148,-0.984,1,1
0,4,30,0,N,nb10,1090,0.032,-1.164,2,1
0,4,30,0,N,nb11,1090,1.471,-0.293,1,1
0,4,30,0,N,nb12,1090,0.752,1.088,1,1
0,4,30,0,N,nb13,1090,1.299,-0.13,2,1
0,4,30,0,N,nb14,1090,-0.6,-0.886,3,1
0,4,30,0,N,nb15,1090,1.638,0.057,2,1
0,4,30,0,N,nb16,1090,1.73,0.274,2,1
0,4,30,0,N,nb17,1090,-0.835,-0.949,2,1
0,4,30,0,N,nb18,1090,-1.717,-0.24,1,1
0,4,30,0,N,nb19,1090,0.985,1.128,1,1
0,4,30,0,N,nb20,1090,-0.048,-1.392,1,1
0,4,30,0,N,nb21,1090,0.905,0.033,1,1
0,4,30,0,N,nb22,1090,0.542,1.46,1,1
0,4,30,0,N,nb23,1090,0.518,1.705,2,1
0,4,30,0,N,nb24,1090,-0.386,-0.775,1,1
0,4,30,0,N,nb25,1090,-1.605,-0.449,3,1
0,4,30,0,N,nb26,1090,0.68,0.037,2,1
0,4,30,0,N,nb27,1090,-1.317,-0.798,1,1
0,4,30,0,N,nb28,1090,-1.395,-0.574,3,0
0,4,30,0,N,nb29,1090,0.111,1.866,1,1
0,4,30,0,N,nb0,1095,-1.69,-0.671,1,1
0,4,30,0,N,nb1,1095,0.341,1.866,2,1
0,4,30,0,N,nb2,1095,1.415,0.086,2,1
0,4,30,0,N,nb3,1095,-1.185,-0.464,1,1
0,4,30,0,N,nb4,1095,-0.686,-1.11,2,1
0,4,30,0,N,nb5,1095,0.475,-0.089,1,1
0,4,30,0,N,nb6,1095,0.285,-0.515,1,1
0,4,30,0,N,nb7,1095,1.56,0.454,1,1
0,4,30,0,N,nb8,1095,0.235,-0.699,1,1
0,4,30,0,N,nb9,1095,0.148,-0.984,1,1
0,4,30,0,N,nb10,1095,0.032,-1.164,2,1
0,4,30,0,N,nb11,1095,1.471,-0.293,1,1
0,4,30,0,N,nb12,1095,0.752,1.088,1,1
0,4,30,0,N,nb13,1095,1.299,-0.13,2,1
0,4,30,0,N,nb14,1095,-0.6,-0.886,3,1
0,4,30,0,N,nb15,1095,1.638,0.057,2,1
0,4,30,0,N,nb16,1095,1.73,0.274,2,1
0,4,30,0,N,nb17,1095,-0.835,-0.949,2,1
0,4,30,0,N,nb18,1095,-1.717,-0.24,1,1
0,4,30,0,N,nb19,1095,0.985,1.128,1,1
0,4,30,0,N,nb20,1095,-0.048,-1.392,1,1
0,4,30,0,N,nb21,1095,0.905,0.033,1,1
0,4,30,0,N,nb22,1095,0.542,1.46,1,1
0,4,30,0,N,nb23,1095,0.518,1.705,2,1
0,4,30,0,N,nb24,1095,-0.386,-0.775,1,1
0,4,30,0,N,nb25,1095,-1.605,-0.449,3,1
0,4,30,0,N,nb26,1095,0.68,0.037,2,1
0,4,30,0,N,nb27,1095,-1.317,-0.798,1,1
0,4,30,0,N,nb28,1095,-1.395,-0.574,3,1
0,4,30,0,N,nb29,1095,0.111,1.866,1,1
0,4,30,0,N,nb0,1100,-1.69,-0.671,1,1
0,4,30,0,N,nb1,1100,0.341,1.866,2,1
0,4,30,0,N,nb2,1100,1.415,0.086,2,1
0,4,30,0,N,nb3,1100,-1.185,-0.464,1,1
0,4,30,0,N,nb4,1100,-0.686,-1.11,2,1
0,4,30,0,N,nb5,1100,0.475,-0.089,1,1
0,4,30,0,N,nb6,1100,0.285,-0.515,1,1
0,4,30,0,N,nb7,1100,1.56,0.454,1,1
0,4,30,0,N,nb8,1100,0.235,-0.699,1,1
0,4,30,0,N,nb9,1100,0.148,-0.984,1,1
0,4,30,0,N,nb10,1100,0.032,-1.164,2,1
0,4,30,0,N,nb11,1100,1.471,-0.293,1,1
0,4,30,0,N,nb12,1100,0.752,1.088,1,1
0,4,30,0,N,nb13,1100,1.299,-0.13,2,1
0,4,30,0,N,nb14,1100,-0.6,-0.886,3,1
0,4,30,0,N,nb15,1100,1.638,0.057,2,1
0,4,30,0,N,nb16,1100,1.73,0.274,2,1
0,4,30,0,N,nb17,1100,-0.835,-0.949,2,1
0,4,30,0,N,nb18,1100,-1.717,-0.24,1,1
0,4,30,0,N,nb19,1100,0.985,1.128,1,1
0,4,30,0,N,nb20,1100,-0.048,-1.392,1,1
0,4,30,0,N,nb21,1100,0.905,0.033,1,1
0,4,30,0,N,nb22,1100,0.542,1.46,1,1
0,4,30,0,N,nb23,1100,0.518,1.705,2,1
0,4,30,0,N,nb24,1100,-0.386,-0.775,1,1
0,4,30,0,N,nb25,1100,-1.605,-0.449,3,1
0,4,30,0,N,nb26,1100,0.68,0.037,2,1
0,4,30,0,N,nb27,1100,-1.317,-0.798,1,1
0,4,30,0,N,nb28,1100,-1.395,-0.574,3,1
0,4,30,0,N,nb29,1100,0.111,1.866,1,1
0,4,30,0,N,nb0,1105,-1.69,-0.671,1,1
0,4,30,0,N,nb1,1105,0.341,1.866,2,0
0,4,30,0,N,nb2,1105,1.415,0.086,2,1
0,4,30,0,N,nb3,1105,-1.185,-0.464,1,1
0,4,30,0,N,nb4,1105,-0.686,-1.11,2,1
0,4,30,0,N,nb5,1105,0.475,-0.089,1,1
0,4,30,0,N,nb6,1105,0.285,-0.515,1,1
0,4,30,0,N,nb7,1105,1.56,0.454,1,0
0,4,30,0,N,nb8,1105,0.235,-0.699,1,1
0,4,30,0,N,nb9,1105,0.148,-0.984,1,1
0,4,30,0,N,nb10,1105,0.032,-1.164,2,1
0,4,30,0,N,nb11,1105,1.471,-0.293,1,1
0,4,30,0,N,nb12,1105,0.752,1.088,1,1
0,4,30,0,N,nb13,1105,1.299,-0.13,2,1
0,4,30,0,N,nb14,1105,-0.6,-0.886,3,1
0,4,30,0,N,nb15,1105,1.638,0.057,2,1
0,4,30,0,N,nb16,1105,1.73,0.274,2,1
0,4,30,0,N,nb17,1105,-0.835,-0.949,2,1
0,4,30,0,N,nb18,1105,-1.717,-0.24,1,1
0,4,30,0,N,nb19,1105,0.985,1.128,1,1
0,4,30,0,N,nb20,1105,-0.048,-1.392,1,1
0,4,30,0,N,nb21,1105,0.905,0.033,1,1
0,4,30,0,N,nb22,1105,0.542,1.46,1,1
0,4,30,0,N,nb23,1105,0.518,1.705,2,1
0,4,30,0,N,nb24,1105,-0.386,-0.775,1,1
0,4,30,0,N,nb25,1105,-1.605,-0.449,3,1
0,4,30,0,N,nb26,1105,0.68,0.037,2,1
0,4,30,0,N,nb27,1105,-1.317,-0.798,1,1
0,4,30,0,N,nb28,1105,-1.395,-0.574,3,1
0,4,30,0,N,nb29,1105,0.111,1.866,1,1
0,4,30,0,N,nb0,1110,-1.69,-0.671,1,1
0,4,30,0,N,nb1,1110,0.341,1.866,2,1
0,4,30,0,N,nb2,1110,1.415,0.086,2,1
0,4,30,0,N,nb3,1110,-1.185,-0.464,1,1
0,4,30,0,N,nb4,1110,-0.686,-1.11,2,1
0,4,30,0,N,nb5,1110,0.475,-0.089,1,1
0,4,30,0,N,nb6,1110,0.285,-0.515,1,1
0,4,30,0,N,nb7,1110,1.56,0.454,1,1
0,4,30,0,N,nb8,1110,0.235,-0.699,1,1
0,4,30,0,N,nb9,1110,0.148,-0.984,1,1
0,4,30,0,N,nb10,1110,0.032,-1.164,2,1
0,4,30,0,N,nb11,1110,1.471,-0.293,1,1
0,4,30,0,N,nb12,1110,0.752,1.088,1,1
0,4,30,0,N,nb13,1110,1.299,-0.13,2,1
0,4,30,0,N,nb14,1110,-0.6,-0.886,3,1
0,4,30,0,N,nb15,1110,1.638,0.057,2,1
0,4,30,0,N,nb16,1110,1.73,0.274,2,1
0,4,30,0,N,nb17,1110,-0.835,-0.949,2,1
0,4,30,0,N,nb18,1110,-1.717,-0.24,1,1
0,4,30,0,N,nb19,1110,0.985,1.128,1,1
0,4,30,0,N,nb20,1110,-0.048,-1.392,1,1
0,4,30,0,N,nb21,1110,0.905,0.033,1,1
0,4,30,0,N,nb22,1110,0.542,1.46,1,1
0,4,30,0,N,nb23,1110,0.518,1.705,2,1
0,4,30,0,N,nb24,1110,-0.386,-0.775,1,1
0,4,30,0,N,nb25,1110,-1.605,-0.449,3,1
0,4,30,0,N,nb26,1110,0.68,0.037,2,1
0,4,30,0,N,nb27,1110,-1.317,-0.798,1,1
0,4,30,0,N,nb28,1110,-1.395,-0.574,3,1
0,4,30,0,N,nb29,1110,0.111,1.866,1,1
0,4,30,0,N,nb0,1115,-1.69,-0.671,1,1
0,4,30,0,N,nb1,1115,0.341,1.866,2,1
0,4,30,0,N,nb2,1115,1.415,0.086,2,1
0,4,30,0,N,nb3,1115,-1.185,-0.464,1,1
0,4,30,0,N,nb4,1115,-0.686,-1.11,2,1
0,4,30,0,N,nb5,1115,0.475,-0.089,1,1
0,4,30,0,N,nb6,1115,0.285,-0.515,1,1
0,4,30,0,N,nb7,1115,1.56,0.454,1,1
0,4,30,0,N,nb8,1115,0.235,-0.699,1,1
0,4,30,0,N,nb9,1115,0.148,-0.984,1,1
0,4,30,0,N,nb10,1115,0.032,-1.164,2,1
0,4,30,0,N,nb11,1115,1.471,-0.293,1,1
0,4,30,0,N,nb12,1115,0.752,1.088,1,1
0,4,30,0,N,nb13,1115,1.299,-0.13,2,1
0,4,30,0,N,nb14,1115,-0.6,-0.886,3,1
0,4,30,0,N,nb15,1115,1.638,0.057,2,1
0,4,30,0,N,nb16,1115,1.73,0.274,2,1
0,4,30,0,N,nb17,1115,-0.835,-0.949,2,1
0,4,30,0,N,nb18,1115,-1.717,-0.24,1,1
0,4,30,0,N,nb19,1115,0.985,1.128,1,1
0,4,30,0,N,nb20,1115,-0.048,-1.392,1,1
0,4,30,0,N,nb21,1115,0.905,0.033,1,1
0,4,30,0,N,nb22,1115,0.542,1.46,1,1
0,4,30,0,N,nb23,1115,0.518,1.705,2,1
0,4,30,0,N,nb24,1115,-0.386,-0.775,1,1
0,4,30,0,N,nb25,1115,-1.605,-0.449,3,1
0,4,30,0,N,nb26,1115,0.68,0.037,2,1
0,4,30,0,N,nb27,1115,-1.317,-0.798,1,1
0,4,30,0,N,nb28,1115,-1.395,-0.574,3,1
0,4,30,0,N,nb29,1115,0.111,1.866,1,1
0,4,30,0,N,nb0,1120,-1.69,-0.671,1,1
0,4,30,0,N,nb1,1120,0.341,1.866,2,1
0,4,30,0,N,nb2,1120,1.415,0.086,2,0
0,4,30,0,N,nb3,1120,-1.185,-0.464,1,1
0,4,30,0,N,nb4,1120,-0.686,-1.11,2,1
0,4,30,0,N,nb5,1120,0.475,-0.089,1,1
0,4,30,0,N,nb6,1120,0.285,-0.515,1,1
0,4,30,0,N,nb7,1120,1.56,0.454,1,1
0,4,30,0,N,nb8,1120,0.235,-0.699,1,1
0,4,30,0,N,nb9,1120,0.148,-0.984,1,1
0,4,30,0,N,nb10,1120,0.032,-1.164,2,1
0,4,30,0,N,nb11,1120,1.471,-0.293,1,1
0,4,30,0,N,nb12,1120,0.752,1.088,1,1
0,4,30,0,N,nb13,1120,1.299,-0.13,2,1
0,4,30,0,N,nb14,1120,-0.6,-0.886,3,1
0,4,30,0,N,nb15,1120,1.638,0.057,2,0
0,4,30,0,N,nb16,1120,1.73,0.274,2,1
0,4,30,0,N,nb17,1120,-0.835,-0.949,2,1
0,4,30,0,N,nb18,1120,-1.717,-0.24,1,1
0,4,30,0,N,nb19,1120,0.985,1.128,1,1
0,4,30,0,N,nb20,1120,-0.048,-1.392,1,1
0,4,30,0,N,nb21,1120,0.905,0.033,1,1
0,4,30,0,N,nb22,1120,0.542,1.46,1,1
0,4,30,0,N,nb23,1120,0.518,1.705,2,1
0,4,30,0,N,nb24,1120,-0.386,-0.775,1,1
0,4,30,0,N,nb25,1120,-1.605,-0.449,3,1
0,4,30,0,N,nb26,1120,0.68,0.037,2,1
0,4,30,0,N,nb27,1120,-1.317,-0.798,1,1
0,4,30,0,N,nb28,1120,-1.395,-0.574,3,1
0,4,30,0,N,nb29,1120,0.111,1.866,1,1
0,4,30,0,N,nb0,1125,-1.69,-0.671,1,1
0,4,30,0,N,nb1,1125,0.341,1.866,2,1
0,4,30,0,N,nb2,1125,1.415,0.086,2,1
0,4,30,0,N,nb3,1125,-1.185,-0.464,1,1
0,4,30,0,N,nb4,1125,-0.686,-1.11,2,1
0,4,30,0,N,nb5,1125,0.475,-0.089,1,1
0,4,30,0,N,nb6,1125,0.285,-0.515,1,1
0,4,30,0,N,nb7,1125,1.56,0.454,1,1
0,4,30,0,N,nb8,1125,0.235,-0.699,1,1
0,4,30,0,N,nb9,1125,0.148,-0.984,1,1
0,4,30,0,N,nb10,1125,0.032,-1.164,2,1
0,4,30,0,N,nb11,1125,1.471,-0.293,1,1
0,4,30,0,N,nb12,1125,0.752,1.088,1,1
0,4,30,0,N,nb13,1125,1.299,-0.13,2,1
0,4,30,0,N,nb14,1125,-0.6,-0.886,3,1
0,4,30,0,N,nb15,1125,1.638,0.057,2,1
0,4,30,0,N,nb16,1125,1.73,0.274,2,1
0,4,30,0,N,nb17,1125,-0.835,-0.949,2,1
0,4,30,0,N,nb18,1125,-1.717,-0.24,1,1
0,4,30,0,N,nb19,1125,0.985,1.128,1,1
0,4,30,0,N,nb20,1125,-0.048,-1.392,1,1
0,4,30,0,N,nb21,1125,0.905,0.033,1,1
0,4,30,0,N,nb22,1125,0.542,1.46,1,1
0,4,30,0,N,nb23,1125,0.518,1.705,2,1
0,4,30,0,N,nb24,1125,-0.386,-0.775,1,1
0,4,30,0,N,nb25,1125,-1.605,-0.449,3,1
0,4,30,0,N,nb26,1125,0.68,0.037,2,1
0,4,30,0,N,nb27,1125,-1.317,-0.798,1,1
0,4,30,0,N,nb28,1125,-1.395,-0.574,3,1
0,4,30,0,N,nb29,1125,0.111,1.866,1,1
0,4,30,0,N,nb0,1130,-1.69,-0.671,1,1
0,4,30,0,N,nb1,1130,0.341,1.866,2,1
0,4,30,0,N,nb2,1130,1.415,0.086,2,1
0,4,30,0,N,nb3,1130,-1.185,-0.464,1,1
0,4,30,0,N,nb4,1130,-0.686,-1.11,2,1
0,4,30,0,N,nb5,1130,0.475,-0.089,1,1
0,4,30,0,N,nb6,1130,0.285,-0.515,1,1
0,4,30,0,N,nb7,1130,1.56,0.454,1,1
0,4,30,0,N,nb8,1130,0.235,-0.699,1,1
0,4,30,0,N,nb9,1130,0.148,-0.984,1,1
0,4,30,0,N,nb10,1130,0.032,-1.164,2,1
0,4,30,0,N,nb11,1130,1.471,-0.293,1,1
0,4,30,0,N,nb12,1130,0.752,1.088,1,1
0,4,30,0,N,nb13,1130,1.299,-0.13,2,1
0,4,30,0,N,nb14,1130,-0.6,-0.886,3,1
0,4,30,0,N,nb15,1130,1.638,0.057,2,1
0,4,30,0,N,nb16,1130,1.73,0.274,2,1
0,4,30,0,N,nb17,1130,-0.835,-0.949,2,1
0,4,30,0,N,nb18,1130,-1.717,-0.24,1,1
0,4,30,0,N,nb19,1130,0.985,1.128,1,1
0,4,30,0,N,nb20,1130,-0.048,-1.392,1,1
0,4,30,0,N,nb21,1130,0.905,0.033,1,1
0,4,30,0,N,nb22,1130,0.542,1.46,1,1
0,4,30,0,N,nb23,1130,0.518,1.705,2,1
0,4,30,0,N,nb24,1130,-0.386,-0.775,1,1
0,4,30,0,N,nb25,1130,-1.605,-0.449,3,1
0,4,30,0,N,nb26,1130,0.68,0.037,2,1
0,4,30,0,N,nb27,1130,-1.317,-0.798,1,1
0,4,30,0,N,nb28,1130,-1.395,-0.574,3,1
0,4,30,0,N,nb29,1130,0.111,1.866,1,1
0,4,30,0,N,nb0,1135,-1.69,-0.671,1,1
0,4,30,0,N,nb1,1135,0.341,1.866,2,1
0,4,30,0,N,nb2,1135,1.415,0.086,2,1
0,4,30,0,N,nb3,1135,-1.185,-0.464,1,1
0,4,30,0,N,nb4,1135,-0.686,-1.11,2,1
0,4,30,0,N,nb5,1135,0.475,-0.089,1,1
0,4,30,0,N,nb6,1135,0.285,-0.515,1,1
0,4,30,0,N,nb7,1135,1.56,0.454,1,1
0,4,30,0,N,nb8,1135,0.235,-0.699,1,1
0,4,30,0,N,nb9,1135,0.148,-0.984,1,1
0,4,30,0,N,nb10,1135,0.032,-1.164,2,1
0,4,30,0,N,nb11,1135,1.471,-0.293,1,1
0,4,30,0,N,nb12,1135,0.752,1.088,1,1
0,4,30,0,N,nb13,1135,1.299,-0.13,2,1
0,4,30,0,N,nb14,1135,-0.6,-0.886,3,1
0,4,30,0,N,nb15,1135,1.638,0.057,2,1
0,4,30,0,N,nb16,1135,1.73,0.274,2,1
0,4,30,0,N,nb17,1135,-0.835,-0.949,2,1
0,4,30,0,N,nb18,1135,-1.717,-0.24,1,1
0,4,30,0,N,nb19,1135,0.985,1.128,1,1
0,4,30,0,N,nb20,1135,-0.048,-1.392,1,1
0,4,30,0,N,nb21,1135,0.905,0.033,1,1
0,4,30,0,N,nb22,1135,0.542,1.46,1,1
0,4,30,0,N,nb23,1135,0.518,1.705,2,1
0,4,30,0,N,nb24,1135,-0.386,-0.775,1,1
0,4,30,0,N,nb25,1135,-1.605,-0.449,3,1
0,4,30,0,N,nb26,1135,0.68,0.037,2,1
0,4,30,0,N,nb27,1135,-1.317,-0.798,1,1
0,4,30,0,N,nb28,1135,-1.395,-0.574,3,1
0,4,30,0,N,nb29,1135,0.111,1.866,1,1
0,4,30,0,N,nb0,1140,-1.69,-0.671,1,1
0,4,30,0,N,nb1,1140,0.341,1.866,2,1
0,4,30,0,N,nb2,1140,1.415,0.086,2,1
0,4,30,0,N,nb3,1140,-1.185,-0.464,1,1
0,4,30,0,N,nb4,1140,-0.686,-1.11,2,1
0,4,30,0,N,nb5,1140,0.475,-0.089,1,1
0,4,30,0,N,nb6,1140,0.285,-0.515,1,1
0,4,30,0,N,nb7,1140,1.56,0.454,1,1
0,4,30,0,N,nb8,1140,0.235,-0.699,1,1
0,4,30,0,N,nb9,1140,0.148,-0.984,1,1
0,4,30,0,N,nb10,1140,0.032,-1.164,2,1
0,4,30,0,N,nb11,1140,1.471,-0.293,1,1
0,4,30,0,N,nb12,1140,0.752,1.088,1,1
0,4,30,0,N,nb13,1140,1.299,-0.13,2,1
0,4,30,0,N,nb14,1140,-0.6,-0.886,3,1
0,4,30,0,N,nb15,1140,1.638,0.057,2,1
0,4,30,0,N,nb16,1140,1.73,0.274,2,1
0,4,30,0,N,nb17,1140,-0.835,-0.949,2,1
0,4,30,0,N,nb18,1140,-1.717,-0.24,1,1
0,4,30,0,N,nb19,1140,0.985,1.128,1,1
0,4,30,0,N,nb20,1140,-0.048,-1.392,1,1
0,4,30,0,N,nb21,1140,0.905,0.033,1,1
0,4,30,0,N,nb22,1140,0.542,1.46,1,1
0,4,30,0,N,nb23,1140,0.518,1.705,2,1
0,4,30,0,N,nb24,1140,-0.386,-0.775,1,1
0,4,30,0,N,nb25,1140,-1.605,-0.449,3,1
0,4,30,0,N,nb26,1140,0.68,0.037,2,1
0,4,30,0,N,nb27,1140,-1.317,-0.798,1,1
0,4,30,0,N,nb28,1140,-1.395,-0.574,3,1
0,4,30,0,N,nb29,1140,0.111,1.866,1,1
0,4,30,0,N,nb0,1145,-1.69,-0.671,1,1
0,4,30,0,N,nb1,1145,0.341,1.866,2,1
0,4,30,0,N,nb2,1145,1.415,0.086,2,1
0,4,30,0,N,nb3,1145,-1.185,-0.464,1,1
0,4,30,0,N,nb4,1145,-0.686,-1.11,2,1
0,4,30,0,N,nb5,1145,0.475,-0.089,1,1
0,4,30,0,N,nb6,1145,0.285,-0.515,1,1
0,4,30,0,N,nb7,1145,1.56,0.454,1,1
0,4,30,0,N,nb8,1145,0.235,-0.699,1,1
0,4,30,0,N,nb9,1145,0.148,-0.984,1,1
0,4,30,0,N,nb10,1145,0.032,-1.164,2,1
0,4,30,0,N,nb11,1145,1.471,-0.293,1,1
0,4,30,0,N,nb12,1145,0.752,1.088,1,1
0,4,30,0,N,nb13,1145,1.299,-0.13,2,1
0,4,30,0,N,nb14,1145,-0.6,-0.886,3,1
0,4,30,0,N,nb15,1145,1.638,0.057,2,1
0,4,30,0,N,nb16,1145,1.73,0.274,2,1
0,4,30,0,N,nb17,1145,-0.835,-0.949,2,1
0,4,30,0,N,nb18,1145,-1.717,-0.24,1,1
0,4,30,0,N,nb19,1145,0.985,1.128,1,1
0,4,30,0,N,nb20,1145,-0.048,-1.392,1,1
0,4,30,0,N,nb21,1145,0.905,0.033,1,1
0,4,30,0,N,nb22,1145,0.542,1.46,1,1
0,4,30,0,N,nb23,1145,0.518,1.705,2,1
0,4,30,0,N,nb24,1145,-0.386,-0.775,1,1
0,4,30,0,N,nb25,1145,-1.605,-0.449,3,0
0,4,30,0,N,nb26,1145,0.68,0.037,2,1
0,4,30,0,N,nb27,1145,-1.317,-0.798,1,1
0,4,30,0,N,nb28,1145,-1.395,-0.574,3,1
0,4,30,0,N,nb29,1145,0.111,1.866,1,1
0,4,30,0,N,nb0,1150,-1.69,-0.671,1,1
0,4,30,0,N,nb1,1150,0.341,1.866,2,1
0,4,30,0,N,nb2,1150,1.415,0.086,2,1
0,4,30,0,N,nb3,1150,-1.185,-0.464,1,1
0,4,30,0,N,nb4,1150,-0.686,-1.11,2,1
0,4,30,0,N,nb5,1150,0.475,-0.089,1,1
0,4,30,0,N,nb6,1150,0.285,-0.515,1,1
0,4,30,0,N,nb7,1150,1.56,0.454,1,1
0,4,30,0,N,nb8,1150,0.235,-0.699,1,1
0,4,30,0,N,nb9,1150,0.148,-0.984,1,1
0,4,30,0,N,nb10,1150,0.032,-1.164,2,1
0,4,30,0,N,nb11,1150,1.471,-0.293,1,1
0,4,30,0,N,nb12,1150,0.752,1.088,1,1
0,4,30,0,N,nb13,1150,1.299,-0.13,2,1
0,4,30,0,N,nb14,1150,-0.6,-0.886,3,1
0,4,30,0,N,nb15,1150,1.638,0.057,2,1
0,4,30,0,N,nb16,1150,1.73,0.274,2,1
0,4,30,0,N,nb17,1150,-0.835,-0.949,2,1
0,4,30,0,N,nb18,1150,-1.717,-0.24,1,1
0,4,30,0,N,nb19,1150,0.985,1.128,1,1
0,4,30,0,N,nb20,1150,-0.048,-1.392,1,1
0,4,30,0,N,nb21,1150,0.905,0.033,1,1
0,4,30,0,N,nb22,1150,0.542,1.46,1,1
0,4,30,0,N,nb23,1150,0.518,1.705,2,1
0,4,30,0,N,nb24,1150,-0.386,-0.775,1,1
0,4,30,0,N,nb25,1150,-1.605,-0.449,3,1
0,4,30,0,N,nb26,1150,0.68,0.037,2,1
0,4,30,0,N,nb27,1150,-1.317,-0.798,1,1
0,4,30,0,N,nb28,1150,-1.395,-0.574,3,1
0,4,30,0,N,nb29,1150,0.111,1.866,1,1
0,4,30,0,N,nb0,1155,-1.69,-0.671,1,1
0,4,30,0,N,nb1,1155,0.341,1.866,2,1
0,4,30,0,N,nb2,1155,1.415,0.086,2,1
0,4,30,0,N,nb3,1155,-1.185,-0.464,1,1
0,4,30,0,N,nb4,1155,-0.686,-1.11,2,1
0,4,30,0,N,nb5,1155,0.475,-0.089,1,1
0,4,30,0,N,nb6,1155,0.285,-0.515,1,1
0,4,30,0,N,nb7,1155,1.56,0.454,1,1
0,4,30,0,N,nb8,1155,0.235,-0.699,1,1
0,4,30,0,N,nb9,1155,0.148,-0.984,1,1
0,4,30,0,N,nb10,1155,0.032,-1.164,2,1
0,4,30,0,N,nb11,1155,1.471,-0.293,1,1
0,4,30,0,N,nb12,1155,0.752,1.088,1,1
0,4,30,0,N,nb13,1155,1.299,-0.13,2,1
0,4,30,0,N,nb14,1155,-0.6,-0.886,3,1
0,4,30,0,N,nb15,1155,1.638,0.057,2,1
0,4,30,0,N,nb16,1155,1.73,0.274,2,1
0,4,30,0,N,nb17,1155,-0.835,-0.949,2,1
0,4,30,0,N,nb18,1155,-1.717,-0.24,1,1
0,4,30,0,N,nb19,1155,0.985,1.128,1,1
0,4,30,0,N,nb20,1155,-0.048,-1.392,1,1
0,4,30,0,N,nb21,1155,0.905,0.033,1,1
0,4,30,0,N,nb22,1155,0.542,1.46,1,1
0,4,30,0,N,nb23,1155,0.518,1.705,2,1
0,4,30,0,N,nb24,1155,-0.386,-0.775,1,1
0,4,30,0,N,nb25,1155,-1.605,-0.449,3,1
0,4,30,0,N,nb26,1155,0.68,0.037,2,1
0,4,30,0,N,nb27,1155,-1.317,-0.798,1,1
0,4,30,0,N,nb28,1155,-1.395,-0.574,3,1
0,4,30,0,N,nb29,1155,0.111,1.866,1,1
0,4,30,0,N,nb0,1160,-1.69,-0.671,1,1
0,4,30,0,N,nb1,1160,0.341,1.866,2,1
0,4,30,0,N,nb2,1160,1.415,0.086,2,1
0,4,30,0,N,nb3,1160,-1.185,-0.464,1,1
0,4,30,0,N,nb4,1160,-0.686,-1.11,2,1
0,4,30,0,N,nb5,1160,0.475,-0.089,1,1
0,4,30,0,N,nb6,1160,0.285,-0.515,1,1
0,4,30,0,N,nb7,1160,1.56,0.454,1,1
0,4,30,0,N,nb8,1160,0.235,-0.699,1,1
0,4,30,0,N,nb9,1160,0.148,-0.984,1,1
0,4,30,0,N,nb10,1160,0.032,-1.164,2,1
0,4,30,0,N,nb11,1160,1.471,-0.293,1,1
0,4,30,0,N,nb12,1160,0.752,1.088,1,1
0,4,30,0,N,nb13,1160,1.299,-0.13,2,1
0,4,30,0,N,nb14,1160,-0.6,-0.886,3,1
0,4,30,0,N,nb15,1160,1.638,0.057,2,1
0,4,30,0,N,nb16,1160,1.73,0.274,2,1
0,4,30,0,N,nb17,1160,-0.835,-0.949,2,1
0,4,30,0,N,nb18,1160,-1.717,-0.24,1,0
0,4,30,0,N,nb19,1160,0.985,1.128,1,1
0,4,30,0,N,nb20,1160,-0.048,-1.392,1,1
0,4,30,0,N,nb21,1160,0.905,0.033,1,1
0,4,30,0,N,nb22,1160,0.542,1.46,1,1
0,4,30,0,N,nb23,1160,0.518,1.705,2,1
0,4,30,0,N,nb24,1160,-0.386,-0.775,1,0
0,4,30,0,N,nb25,1160,-1.605,-0.449,3,1
0,4,30,0,N,nb26,1160,0.68,0.037,2,1
0,4,30,0,N,nb27,1160,-1.317,-0.798,1,1
0,4,30,0,N,nb28,1160,-1.395,-0.574,3,1
0,4,30,0,N,nb29,1160,0.111,1.866,1,1
0,4,30,0,N,nb0,1165,-1.69,-0.671,1,1
0,4,30,0,N,nb1,1165,0.341,1.866,2,1
0,4,30,0,N,nb2,1165,1.415,0.086,2,1
0,4,30,0,N,nb3,1165,-1.185,-0.464,1,1
0,4,30,0,N,nb4,1165,-0.686,-1.11,2,1
0,4,30,0,N,nb5,1165,0.475,-0.089,1,1
0,4,30,0,N,nb6,1165,0.285,-0.515,1,1
0,4,30,0,N,nb7,1165,1.56,0.454,1,1
0,4,30,0,N,nb8,1165,0.235,-0.699,1,1
0,4,30,0,N,nb9,1165,0.148,-0.984,1,1
0,4,30,0,N,nb10,1165,0.032,-1.164,2,1
0,4,30,0,N,nb11,1165,1.471,-0.293,1,1
0,4,30,0,N,nb12,1165,0.752,1.088,1,0
0,4,30,0,N,nb13,1165,1.299,-0.13,2,1
0,4,30,0,N,nb14,1165,-0.6,-0.886,3,1
0,4,30,0,N,nb15,1165,1.638,0.057,2,1
0,4,30,0,N,nb16,1165,1.73,0.274,2,1
0,4,30,0,N,nb17,1165,-0.835,-0.949,2,1
0,4,30,0,N,nb18,1165,-1.717,-0.24,1,1
0,4,30,0,N,nb19,1165,0.985,1.128,1,0
0,4,30,0,N,nb20,1165,-0.048,-1.392,1,1
0,4,30,0,N,nb21,1165,0.905,0.033,1,1
0,4,30,0,N,nb22,1165,0.542,1.46,1,1
0,4,30,0,N,nb23,1165,0.518,1.705,2,1
0,4,30,0,N,nb24,1165,-0.386,-0.775,1,1
0,4,30,0,N,nb25,1165,-1.605,-0.449,3,1
0,4,30,0,N,nb26,1165,0.68,0.037,2,1
0,4,30,0,N,nb27,1165,-1.317,-0.798,1,1
0,4,30,0,N,nb28,1165,-1.395,-0.574,3,1
0,4,30,0,N,nb29,1165,0.111,1.866,1,1
0,4,30,0,N,nb0,1170,-1.69,-0.671,1,1
0,4,30,0,N,nb1,1170,0.341,1.866,2,1
0,4,30,0,N,nb2,1170,1.415,0.086,2,1
0,4,30,0,N,nb3,1170,-1.185,-0.464,1,1
0,4,30,0,N,nb4,1170,-0.686,-1.11,2,1
0,4,30,0,N,nb5,1170,0.475,-0.089,1,1
0,4,30,0,N,nb6,1170,0.285,-0.515,1,1
0,4,30,0,N,nb7,1170,1.56,0.454,1,1
0,4,30,0,N,nb8,1170,0.235,-0.699,1,1
0,4,30,0,N,nb9,1170,0.148,-0.984,1,1
0,4,30,0,N,nb10,1170,0.032,-1.164,2,1
0,4,30,0,N,nb11,1170,1.471,-0.293,1,1
0,4,30,0,N,nb12,1170,0.752,1.088,1,1
0,4,30,0,N,nb13,1170,1.299,-0.13,2,1
0,4,30,0,N,nb14,1170,-0.6,-0.886,3,1
0,4,30,0,N,nb15,1170,1.638,0.057,2,1
0,4,30,0,N,nb16,1170,1.73,0.274,2,1
0,4,30,0,N,nb17,1170,-0.835,-0.949,2,1
0,4,30,0,N,nb18,1170,-1.717,-0.24,1,1
0,4,30,0,N,nb19,1170,0.985,1.128,1,1
0,4,30,0,N,nb20,1170,-0.048,-1.392,1,1
0,4,30,0,N,nb21,1170,0.905,0.033,1,1
0,4,30,0,N,nb22,1170,0.542,1.46,1,1
0,4,30,0,N,nb23,1170,0.518,1.705,2,1
0,4,30,0,N,nb24,1170,-0.386,-0.775,1,1
0,4,30,0,N,nb25,1170,-1.605,-0.449,3,1
0,4,30,0,N,nb26,1170,0.68,0.037,2,1
0,4,30,0,N,nb27,1170,-1.317,-0.798,1,1
0,4,30,0,N,nb28,1170,-1.395,-0.574,3,1
0,4,30,0,N,nb29,1170,0.111,1.866,1,1
0,4,30,0,N,nb0,1175,-1.69,-0.671,1,1
0,4,30,0,N,nb1,1175,0.341,1.866,2,1
0,4,30,0,N,nb2,1175,1.415,0.086,2,1
0,4,30,0,N,nb3,1175,-1.185,-0.464,1,1
0,4,30,0,N,nb4,1175,-0.686,-1.11,2,1
0,4,30,0,N,nb5,1175,0.475,-0.089,1,1
0,4,30,0,N,nb6,1175,0.285,-0.515,1,1
0,4,30,0,N,nb7,1175,1.56,0.454,1,1
0,4,30,0,N,nb8,1175,0.235,-0.699,1,1
0,4,30,0,N,nb9,1175,0.148,-0.984,1,1
0,4,30,0,N,nb10,1175,0.032,-1.164,2,1
0,4,30,0,N,nb11,1175,1.471,-0.293,1,1
0,4,30,0,N,nb12,1175,0.752,1.088,1,1
0,4,30,0,N,nb13,1175,1.299,-0.13,2,1
0,4,30,0,N,nb14,1175,-0.6,-0.886,3,1
0,4,30,0,N,nb15,1175,1.638,0.057,2,1
0,4,30,0,N,nb16,1175,1.73,0.274,2,1
0,4,30,0,N,nb17,1175,-0.835,-0.949,2,1
0,4,30,0,N,nb18,1175,-1.717,-0.24,1,1
0,4,30,0,N,nb19,1175,0.985,1.128,1,1
0,4,30,0,N,nb20,1175,-0.048,-1.392,1,1
0,4,30,0,N,nb21,1175,0.905,0.033,1,1
0,4,30,0,N,nb22,1175,0.542,1.46,1,1
0,4,30,0,N,nb23,1175,0.518,1.705,2,1
0,4,30,0,N,nb24,1175,-0.386,-0.775,1,1
0,4,30,0,N,nb25,1175,-1.605,-0.449,3,1
0,4,30,0,N,nb26,1175,0.68,0.037,2,1
0,4,30,0,N,nb27,1175,-1.317,-0.798,1,1
0,4,30,0,N,nb28,1175,-1.395,-0.574,3,1
0,4,30,0,N,nb29,1175,0.111,1.866,1,1
0,4,30,0,N,nb0,1180,-1.69,-0.671,1,1
0,4,30,0,N,nb1,1180,0.341,1.866,2,1
0,4,30,0,N,nb2,1180,1.415,0.086,2,1
0,4,30,0,N,nb3,1180,-1.185,-0.464,1,1
0,4,30,0,N,nb4,1180,-0.686,-1.11,2,1
0,4,30,0,N,nb5,1180,0.475,-0.089,1,1
0,4,30,0,N,nb6,1180,0.285,-0.515,1,1
0,4,30,0,N,nb7,1180,1.56,0.454,1,1
0,4,30,0,N,nb8,1180,0.235,-0.699,1,1
0,4,30,0,N,nb9,1180,0.148,-0.984,1,1
0,4,30,0,N,nb10,1180,0.032,-1.164,2,1
0,4,30,0,N,nb11,1180,1.471,-0.293,1,1
0,4,30,0,N,nb12,1180,0.752,1.088,1,1
0,4,30,0,N,nb13,1180,1.299,-0.13,2,1
0,4,30,0,N,nb14,1180,-0.6,-0.886,3,0
0,4,30,0,N,nb15,1180,1.638,0.057,2,1
0,4,30,0,N,nb16,1180,1.73,0.274,2,1
0,4,30,0,N,nb17,1180,-0.835,-0.949,2,1
0,4,30,0,N,nb18,1180,-1.717,-0.24,1,1
0,4,30,0,N,nb19,1180,0.985,1.128,1,1
0,4,30,0,N,nb20,1180,-0.048,-1.392,1,1
0,4,30,0,N,nb21,1180,0.905,0.033,1,1
0,4,30,0,N,nb22,1180,0.542,1.46,1,1
0,4,30,0,N,nb23,1180,0.518,1.705,2,1
0,4,30,0,N,nb24,1180,-0.386,-0.775,1,1
0,4,30,0,N,nb25,1180,-1.605,-0.449,3,1
0,4,30,0,N,nb26,1180,0.68,0.037,2,1
0,4,30,0,N,nb27,1180,-1.317,-0.798,1,1
0,4,30,0,N,nb28,1180,-1.395,-0.574,3,1
0,4,30,0,N,nb29,1180,0.111,1.866,1,1
0,4,30,0,N,nb0,1185,-1.69,-0.671,1,1
0,4,30,0,N,nb1,1185,0.341,1.866,2,1
0,4,30,0,N,nb2,1185,1.415,0.086,2,1
0,4,30,0,N,nb3,1185,-1.185,-0.464,1,1
0,4,30,0,N,nb4,1185,-0.686,-1.11,2,1
0,4,30,0,N,nb5,1185,0.475,-0.089,1,1
0,4,30,0,N,nb6,1185,0.285,-0.515,1,1
0,4,30,0,N,nb7,1185,1.56,0.454,1,1
0,4,30,0,N,nb8,1185,0.235,-0.699,1,1
0,4,30,0,N,nb9,1185,0.148,-0.984,1,1
0,4,30,0,N,nb10,1185,0.032,-1.164,2,1
0,4,30,0,N,nb11,1185,1.471,-0.293,1,1
0,4,30,0,N,nb12,1185,0.752,1.088,1,1
0,4,30,0,N,nb13,1185,1.299,-0.13,2,1
0,4,30,0,N,nb14,1185,-0.6,-0.886,3,1
0,4,30,0,N,nb15,1185,1.638,0.057,2,1
0,4,30,0,N,nb16,1185,1.73,0.274,2,1
0,4,30,0,N,nb17,1185,-0.835,-0.949,2,1
0,4,30,0,N,nb18,1185,-1.717,-0.24,1,1
0,4,30,0,N,nb19,1185,0.985,1.128,1,1
0,4,30,0,N,nb20,1185,-0.048,-1.392,1,1
0,4,30,0,N,nb21,1185,0.905,0.033,1,1
0,4,30,0,N,nb22,1185,0.542,1.46,1,1
0,4,30,0,N,nb23,1185,0.518,1.705,2,1
0,4,30,0,N,nb24,1185,-0.386,-0.775,1,1
0,4,30,0,N,nb25,1185,-1.605,-0.449,3,1
0,4,30,0,N,nb26,1185,0.68,0.037,2,1
0,4,30,0,N,nb27,1185,-1.317,-0.798,1,1
0,4,30,0,N,nb28,1185,-1.395,-0.574,3,1
0,4,30,0,N,nb29,1185,0.111,1.866,1,1
0,4,30,0,N,nb0,1190,-1.69,-0.671,1,1
0,4,30,0,N,nb1,1190,0.341,1.866,2,1
0,4,30,0,N,nb2,1190,1.415,0.086,2,1
0,4,30,0,N,nb3,1190,-1.185,-0.464,1,1
0,4,30,0,N,nb4,1190,-0.686,-1.11,2,1
0,4,30,0,N,nb5,1190,0.475,-0.089,1,1
0,4,30,0,N,nb6,1190,0.285,-0.515,1,1
0,4,30,0,N,nb7,1190,1.56,0.454,1,1
0,4,30,0,N,nb8,1190,0.235,-0.699,1,1
0,4,30,0,N,nb9,1190,0.148,-0.984,1,1
0,4,30,0,N,nb10,1190,0.032,-1.164,2,1
0,4,30,0,N,nb11,1190,1.471,-0.293,1,1
0,4,30,0,N,nb12,1190,0.752,1.088,1,1
0,4,30,0,N,nb13,1190,1.299,-0.13,2,1
0,4,30,0,N,nb14,1190,-0.6,-0.886,3,1
0,4,30,0,N,nb15,1190,1.638,0.057,2,1
0,4,30,0,N,nb16,1190,1.73,0.274,2,0
0,4,30,0,N,nb17,1190,-0.835,-0.949,2,1
0,4,30,0,N,nb18,1190,-1.717,-0.24,1,1
0,4,30,0,N,nb19,1190,0.985,1.128,1,1
0,4,30,0,N,nb20,1190,-0.048,-1.392,1,1
0,4,30,0,N,nb21,1190,0.905,0.033,1,0
0,4,30,0,N,nb22,1190,0.542,1.46,1,1
0,4,30,0,N,nb23,1190,0.518,1.705,2,1
0,4,30,0,N,nb24,1190,-0.386,-0.775,1,1
0,4,30,0,N,nb25,1190,-1.605,-0.449,3,1
0,4,30,0,N,nb26,1190,0.68,0.037,2,0
0,4,30,0,N,nb27,1190,-1.317,-0.798,1,1
0,4,30,0,N,nb28,1190,-1.395,-0.574,3,1
0,4,30,0,N,nb29,1190,0.111,1.866,1,1
0,4,30,0,N,nb0,1195,-1.69,-0.671,1,1
0,4,30,0,N,nb1,1195,0.341,1.866,2,1
0,4,30,0,N,nb2,1195,1.415,0.086,2,1
0,4,30,0,N,nb3,1195,-1.185,-0.464,1,1
0,4,30,0,N,nb4,1195,-0.686,-1.11,2,1
0,4,30,0,N,nb5,1195,0.475,-0.089,1,1
0,4,30,0,N,nb6,1195,0.285,-0.515,1,1
0,4,30,0,N,nb7,1195,1.56,0.454,1,1
0,4,30,0,N,nb8,1195,0.235,-0.699,1,1
0,4,30,0,N,nb9,1195,0.148,-0.984,1,1
0,4,30,0,N,nb10,1195,0.032,-1.164,2,1
0,4,30,0,N,nb11,1195,1.471,-0.293,1,1
0,4,30,0,N,nb12,1195,0.752,1.088,1,1
0,4,30,0,N,nb13,1195,1.299,-0.13,2,1
0,4,30,0,N,nb14,1195,-0.6,-0.886,3,1
0,4,30,0,N,nb15,1195,1.638,0.057,2,1
0,4,30,0,N,nb16,1195,1.73,0.274,2,1
0,4,30,0,N,nb17,1195,-0.835,-0.949,2,1
0,4,30,0,N,nb18,1195,-1.717,-0.24,1,1
0,4,30,0,N,nb19,1195,0.985,1.128,1,1
0,4,30,0,N,nb20,1195,-0.048,-1.392,1,1
0,4,30,0,N,nb21,1195,0.905,0.033,1,1
0,4,30,0,N,nb22,1195,0.542,1.46,1,1
0,4,30,0,N,nb23,1195,0.518,1.705,2,1
0,4,30,0,N,nb24,1195,-0.386,-0.775,1,1
0,4,30,0,N,nb25,1195,-1.605,-0.449,3,1
0,4,30,0,N,nb26,1195,0.68,0.037,2,1
0,4,30,0,N,nb27,1195,-1.317,-0.798,1,0
0,4,30,0,N,nb28,1195,-1.395,-0.574,3,1
0,4,30,0,N,nb29,1195,0.111,1.866,1,1
0,4,30,0,N,nb0,1200,-1.69,-0.671,1,0
0,4,30,0,N,nb1,1200,0.341,1.866,2,1
0,4,30,0,N,nb2,1200,1.415,0.086,2,1
0,4,30,0,N,nb3,1200,-1.185,-0.464,1,1
0,4,30,0,N,nb4,1200,-0.686,-1.11,2,1
0,4,30,0,N,nb5,1200,0.475,-0.089,1,1
0,4,30,0,N,nb6,1200,0.285,-0.515,1,1
0,4,30,0,N,nb7,1200,1.56,0.454,1,1
0,4,30,0,N,nb8,1200,0.235,-0.699,1,1
0,4,30,0,N,nb9,1200,0.148,-0.984,1,1
0,4,30,0,N,nb10,1200,0.032,-1.164,2,1
0,4,30,0,N,nb11,1200,1.471,-0.293,1,0
0,4,30,0,N,nb12,1200,0.752,1.088,1,1
0,4,30,0,N,nb13,1200,1.299,-0.13,2,1
0,4,30,0,N,nb14,1200,-0.6,-0.886,3,1
0,4,30,0,N,nb15,1200,1.638,0.057,2,1
0,4,30,0,N,nb16,1200,1.73,0.274,2,1
0,4,30,0,N,nb17,1200,-0.835,-0.949,2,1
0,4,30,0,N,nb18,1200,-1.717,-0.24,1,1
0,4,30,0,N,nb19,1200,0.985,1.128,1,1
0,4,30,0,N,nb20,1200,-0.048,-1.392,1,1
0,4,30,0,N,nb21,1200,0.905,0.033,1,1
0,4,30,0,N,nb22,1200,0.542,1.46,1,1
0,4,30,0,N,nb23,1200,0.518,1.705,2,1
0,4,30,0,N,nb24,1200,-0.386,-0.775,1,1
0,4,30,0,N,nb25,1200,-1.605,-0.449,3,1
0,4,30,0,N,nb26,1200,0.68,0.037,2,1
0,4,30,0,N,nb27,1200,-1.317,-0.798,1,1
0,4,30,0,N,nb28,1200,-1.395,-0.574,3,1
0,4,30,0,N,nb29,1200,0.111,1.866,1,1
0,4,30,0,N,nb0,1205,-1.69,-0.671,1,1
0,4,30,0,N,nb1,1205,0.341,1.866,2,1
0,4,30,0,N,nb2,1205,1.415,0.086,2,1
0,4,30,0,N,nb3,1205,-1.185,-0.464,1,1
0,4,30,0,N,nb4,1205,-0.686,-1.11,2,1
0,4,30,0,N,nb5,1205,0.475,-0.089,1,1
0,4,30,0,N,nb6,1205,0.285,-0.515,1,1
0,4,30,0,N,nb7,1205,1.56,0.454,1,1
0,4,30,0,N,nb8,1205,0.235,-0.699,1,1
0,4,30,0,N,nb9,1205,0.148,-0.984,1,1
0,4,30,0,N,nb10,1205,0.032,-1.164,2,1
0,4,30,0,N,nb11,1205,1.471,-0.293,1,1
0,4,30,0,N,nb12,1205,0.752,1.088,1,1
0,4,30,0,N,nb13,1205,1.299,-0.13,2,1
0,4,30,0,N,nb14,1205,-0.6,-0.886,3,1
0,4,30,0,N,nb15,1205,1.638,0.057,2,1
0,4,30,0,N,nb16,1205,1.73,0.274,2,1
0,4,30,0,N,nb17,1205,-0.835,-0.949,2,1
0,4,30,0,N,nb18,1205,-1.717,-0.24,1,1
0,4,30,0,N,nb19,1205,0.985,1.128,1,1
0,4,30,0,N,nb20,1205,-0.048,-1.392,1,1
0,4,30,0,N,nb21,1205,0.905,0.033,1,1
0,4,30,0,N,nb22,1205,0.542,1.46,1,0
0,4,30,0,N,nb23,1205,0.518,1.705,2,0
0,4,30,0,N,nb24,1205,-0.386,-0.775,1,1
0,4,30,0,N,nb25,1205,-1.605,-0.449,3,1
0,4,30,0,N,nb26,1205,0.68,0.037,2,1
0,4,30,0,N,nb27,1205,-1.317,-0.798,1,1
0,4,30,0,N,nb28,1205,-1.395,-0.574,3,1
0,4,30,0,N,nb29,1205,0.111,1.866,1,1
0,4,30,0,N,nb0,1210,-1.69,-0.671,1,1
0,4,30,0,N,nb1,1210,0.341,1.866,2,1
0,4,30,0,N,nb2,1210,1.415,0.086,2,1
0,4,30,0,N,nb3,1210,-1.185,-0.464,1,1
0,4,30,0,N,nb4,1210,-0.686,-1.11,2,1
0,4,30,0,N,nb5,1210,0.475,-0.089,1,1
0,4,30,0,N,nb6,1210,0.285,-0.515,1,1
0,4,30,0,N,nb7,1210,1.56,0.454,1,1
0,4,30,0,N,nb8,1210,0.235,-0.699,1,1
0,4,30,0,N,nb9,1210,0.148,-0.984,1,1
0,4,30,0,N,nb10,1210,0.032,-1.164,2,1
0,4,30,0,N,nb11,1210,1.471,-0.293,1,1
0,4,30,0,N,nb12,1210,0.752,1.088,1,1
0,4,30,0,N,nb13,1210,1.299,-0.13,2,1
0,4,30,0,N,nb14,1210,-0.6,-0.886,3,1
0,4,30,0,N,nb15,1210,1.638,0.057,2,1
0,4,30,0,N,nb16,1210,1.73,0.274,2,1
0,4,30,0,N,nb17,1210,-0.835,-0.949,2,1
0,4,30,0,N,nb18,1210,-1.717,-0.24,1,1
0,4,30,0,N,nb19,1210,0.985,1.128,1,1
0,4,30,0,N,nb20,1210,-0.048,-1.392,1,1
0,4,30,0,N,nb21,1210,0.905,0.033,1,1
0,4,30,0,N,nb22,1210,0.542,1.46,1,1
0,4,30,0,N,nb23,1210,0.518,1.705,2,1
0,4,30,0,N,nb24,1210,-0.386,-0.775,1,1
0,4,30,0,N,nb25,1210,-1.605,-0.449,3,1
0,4,30,0,N,nb26,1210,0.68,0.037,2,1
0,4,30,0,N,nb27,1210,-1.317,-0.798,1,1
0,4,30,0,N,nb28,1210,-1.395,-0.574,3,1
0,4,30,0,N,nb29,1210,0.111,1.866,1,1
0,4,30,0,N,nb0,1215,-1.69,-0.671,1,1
0,4,30,0,N,nb1,1215,0.341,1.866,2,1
0,4,30,0,N,nb2,1215,1.415,0.086,2,1
0,4,30,0,N,nb3,1215,-1.185,-0.464,1,1
0,4,30,0,N,nb4,1215,-0.686,-1.11,2,1
0,4,30,0,N,nb5,1215,0.475,-0.089,1,0
0,4,30,0,N,nb6,1215,0.285,-0.515,1,1
0,4,30,0,N,nb7,1215,1.56,0.454,1,1
0,4,30,0,N,nb8,1215,0.235,-0.699,1,1
0,4,30,0,N,nb9,1215,0.148,-0.984,1,1
0,4,30,0,N,nb10,1215,0.032,-1.164,2,1
0,4,30,0,N,nb11,1215,1.471,-0.293,1,1
0,4,30,0,N,nb12,1215,0.752,1.088,1,1
0,4,30,0,N,nb13,1215,1.299,-0.13,2,1
0,4,30,0,N,nb14,1215,-0.6,-0.886,3,1
0,4,30,0,N,nb15,1215,1.638,0.057,2,1
0,4,30,0,N,nb16,1215,1.73,0.274,2,1
0,4,30,0,N,nb17,1215,-0.835,-0.949,2,1
0,4,30,0,N,nb18,1215,-1.717,-0.24,1,1
0,4,30,0,N,nb19,1215,0.985,1.128,1,1
0,4,30,0,N,nb20,1215,-0.048,-1.392,1,1
0,4,30,0,N,nb21,1215,0.905,0.033,1,1
0,4,30,0,N,nb22,1215,0.542,1.46,1,1
0,4,30,0,N,nb23,1215,0.518,1.705,2,1
0,4,30,0,N,nb24,1215,-0.386,-0.775,1,1
0,4,30,0,N,nb25,1215,-1.605,-0.449,3,1
0,4,30,0,N,nb26,1215,0.68,0.037,2,1
0,4,30,0,N,nb27,1215,-1.317,-0.798,1,1
0,4,30,0,N,nb28,1215,-1.395,-0.574,3,1
0,4,30,0,N,nb29,1215,0.111,1.866,1,1
0,4,30,0,N,nb0,1220,-1.69,-0.671,1,1
0,4,30,0,N,nb1,1220,0.341,1.866,2,1
0,4,30,0,N,nb2,1220,1.415,0.086,2,1
0,4,30,0,N,nb3,1220,-1.185,-0.464,1,1
0,4,30,0,N,nb4,1220,-0.686,-1.11,2,1
0,4,30,0,N,nb5,1220,0.475,-0.089,1,1
0,4,30,0,N,nb6,1220,0.285,-0.515,1,1
0,4,30,0,N,nb7,1220,1.56,0.454,1,1
0,4,30,0,N,nb8,1220,0.235,-0.699,1,1
0,4,30,0,N,nb9,1220,0.148,-0.984,1,1
0,4,30,0,N,nb10,1220,0.032,-1.164,2,1
0,4,30,0,N,nb11,1220,1.471,-0.293,1,1
0,4,30,0,N,nb12,1220,0.752,1.088,1,1
0,4,30,0,N,nb13,1220,1.299,-0.13,2,1
0,4,30,0,N,nb14,1220,-0.6,-0.886,3,1
0,4,30,0,N,nb15,1220,1.638,0.057,2,1
0,4,30,0,N,nb16,1220,1.73,0.274,2,1
0,4,30,0,N,nb17,1220,-0.835,-0.949,2,1
0,4,30,0,N,nb18,1220,-1.717,-0.24,1,1
0,4,30,0,N,nb19,1220,0.985,1.128,1,1
0,4,30,0,N,nb20,1220,-0.048,-1.392,1,1
0,4,30,0,N,nb21,1220,0.905,0.033,1,1
0,4,30,0,N,nb22,1220,0.542,1.46,1,1
0,4,30,0,N,nb23,1220,0.518,1.705,2,1
0,4,30,0,N,nb24,1220,-0.386,-0.775,1,1
0,4,30,0,N,nb25,1220,-1.605,-0.449,3,1
0,4,30,0,N,nb26,1220,0.68,0.037,2,1
0,4,30,0,N,nb27,1220,-1.317,-0.798,1,1
0,4,30,0,N,nb28,1220,-1.395,-0.574,3,1
0,4,30,0,N,nb29,1220,0.111,1.866,1,1
0,4,30,0,N,nb0,1225,-1.69,-0.671,1,1
0,4,30,0,N,nb1,1225,0.341,1.866,2,1
0,4,30,0,N,nb2,1225,1.415,0.086,2,1
0,4,30,0,N,nb3,1225,-1.185,-0.464,1,1
0,4,30,0,N,nb4,1225,-0.686,-1.11,2,1
0,4,30,0,N,nb5,1225,0.475,-0.089,1,1
0,4,30,0,N,nb6,1225,0.285,-0.515,1,1
0,4,30,0,N,nb7,1225,1.56,0.454,1,1
0,4,30,0,N,nb8,1225,0.235,-0.699,1,1
0,4,30,0,N,nb9,1225,0.148,-0.984,1,1
0,4,30,0,N,nb10,1225,0.032,-1.164,2,1
0,4,30,0,N,nb11,1225,1.471,-0.293,1,1
0,4,30,0,N,nb12,1225,0.752,1.088,1,1
0,4,30,0,N,nb13,1225,1.299,-0.13,2,1
0,4,30,0,N,nb14,1225,-0.6,-0.886,3,1
0,4,30,0,N,nb15,1225,1.638,0.057,2,1
0,4,30,0,N,nb16,1225,1.73,0.274,2,1
0,4,30,0,N,nb17,1225,-0.835,-0.949,2,1
0,4,30,0,N,nb18,1225,-1.717,-0.24,1,1
0,4,30,0,N,nb19,1225,0.985,1.128,1,1
0,4,30,0,N,nb20,1225,-0.048,-1.392,1,1
0,4,30,0,N,nb21,1225,0.905,0.033,1,1
0,4,30,0,N,nb22,1225,0.542,1.46,1,1
0,4,30,0,N,nb23,1225,0.518,1.705,2,1
0,4,30,0,N,nb24,1225,-0.386,-0.775,1,1
0,4,30,0,N,nb25,1225,-1.605,-0.449,3,1
0,4,30,0,N,nb26,1225,0.68,0.037,2,1
0,4,30,0,N,nb27,1225,-1.317,-0.798,1,1
0,4,30,0,N,nb28,1225,-1.395,-0.574,3,1
0,4,30,0,N,nb29,1225,0.111,1.866,1,1
0,4,30,0,N,nb0,1230,-1.69,-0.671,1,1
0,4,30,0,N,nb1,1230,0.341,1.866,2,1
0,4,30,0,N,nb2,1230,1.415,0.086,2,1
0,4,30,0,N,nb3,1230,-1.185,-0.464,1,1
0,4,30,0,N,nb4,1230,-0.686,-1.11,2,1
0,4,30,0,N,nb5,1230,0.475,-0.089,1,1
0,4,30,0,N,nb6,1230,0.285,-0.515,1,1
0,4,30,0,N,nb7,1230,1.56,0.454,1,1
0,4,30,0,N,nb8,1230,0.235,-0.699,1,1
0,4,30,0,N,nb9,1230,0.148,-0.984,1,1
0,4,30,0,N,nb10,1230,0.032,-1.164,2,1
0,4,30,0,N,nb11,1230,1.471,-0.293,1,1
0,4,30,0,N,nb12,1230,0.752,1.088,1,1
0,4,30,0,N,nb13,1230,1.299,-0.13,2,1
0,4,30,0,N,nb14,1230,-0.6,-0.886,3,1
0,4,30,0,N,nb15,1230,1.638,0.057,2,1
0,4,30,0,N,nb16,1230,1.73,0.274,2,1
0,4,30,0,N,nb17,1230,-0.835,-0.949,2,1
0,4,30,0,N,nb18,1230,-1.717,-0.24,1,1
0,4,30,0,N,nb19,1230,0.985,1.128,1,1
0,4,30,0,N,nb20,1230,-0.048,-1.392,1,1
0,4,30,0,N,nb21,1230,0.905,0.033,1,1
0,4,30,0,N,nb22,1230,0.542,1.46,1,1
0,4,30,0,N,nb23,1230,0.518,1.705,2,1
0,4,30,0,N,nb24,1230,-0.386,-0.775,1,1
0,4,30,0,N,nb25,1230,-1.605,-0.449,3,1
0,4,30,0,N,nb26,1230,0.68,0.037,2,1
0,4,30,0,N,nb27,1230,-1.317,-0.798,1,1
0,4,30,0,N,nb28,1230,-1.395,-0.574,3,1
0,4,30,0,N,nb29,1230,0.111,1.866,1,0
0,4,30,0,N,nb0,1235,-1.69,-0.671,1,1
0,4,30,0,N,nb1,1235,0.341,1.866,2,1
0,4,30,0,N,nb2,1235,1.415,0.086,2,1
0,4,30,0,N,nb3,1235,-1.185,-0.464,1,1
0,4,30,0,N,nb4,1235,-0.686,-1.11,2,1
0,4,30,0,N,nb5,1235,0.475,-0.089,1,1
0,4,30,0,N,nb6,1235,0.285,-0.515,1,1
0,4,30,0,N,nb7,1235,1.56,0.454,1,1
0,4,30,0,N,nb8,1235,0.235,-0.699,1,1
0,4,30,0,N,nb9,1235,0.148,-0.984,1,1
0,4,30,0,N,nb10,1235,0.032,-1.164,2,1
0,4,30,0,N,nb11,1235,1.471,-0.293,1,1
0,4,30,0,N,nb12,1235,0.752,1.088,1,1
0,4,30,0,N,nb13,1235,1.299,-0.13,2,1
0,4,30,0,N,nb14,1235,-0.6,-0.886,3,1
0,4,30,0,N,nb15,1235,1.638,0.057,2,1
0,4,30,0,N,nb16,1235,1.73,0.274,2,1
0,4,30,0,N,nb17,1235,-0.835,-0.949,2,1
0,4,30,0,N,nb18,1235,-1.717,-0.24,1,1
0,4,30,0,N,nb19,1235,0.985,1.128,1,1
0,4,30,0,N,nb20,1235,-0.048,-1.392,1,0
0,4,30,0,N,nb21,1235,0.905,0.033,1,1
0,4,30,0,N,nb22,1235,0.542,1.46,1,1
0,4,30,0,N,nb23,1235,0.518,1.705,2,1
0,4,30,0,N,nb24,1235,-0.386,-0.775,1,1
0,4,30,0,N,nb25,1235,-1.605,-0.449,3,1
0,4,30,0,N,nb26,1235,0.68,0.037,2,1
0,4,30,0,N,nb27,1235,-1.317,-0.798,1,1
0,4,30,0,N,nb28,1235,-1.395,-0.574,3,1
0,4,30,0,N,nb29,1235,0.111,1.866,1,1
0,4,30,0,N,nb0,1240,-1.69,-0.671,1,1
0,4,30,0,N,nb1,1240,0.341,1.866,2,1
0,4,30,0,N,nb2,1240,1.415,0.086,2,1
0,4,30,0,N,nb3,1240,-1.185,-0.464,1,1
0,4,30,0,N,nb4,1240,-0.686,-1.11,2,0
0,4,30,0,N,nb5,1240,0.475,-0.089,1,1
0,4,30,0,N,nb6,1240,0.285,-0.515,1,0
0,4,30,0,N,nb7,1240,1.56,0.454,1,1
0,4,30,0,N,nb8,1240,0.235,-0.699,1,0
0,4,30,0,N,nb9,1240,0.148,-0.984,1,0
0,4,30,0,N,nb10,1240,0.032,-1.164,2,0
0,4,30,0,N,nb11,1240,1.471,-0.293,1,1
0,4,30,0,N,nb12,1240,0.752,1.088,1,1
0,4,30,0,N,nb13,1240,1.299,-0.13,2,0
0,4,30,0,N,nb14,1240,-0.6,-0.886,3,1
0,4,30,0,N,nb15,1240,1.638,0.057,2,1
0,4,30,0,N,nb16,1240,1.73,0.274,2,1
0,4,30,0,N,nb17,1240,-0.835,-0.949,2,0
0,4,30,0,N,nb18,1240,-1.717,-0.24,1,1
0,4,30,0,N,nb19,1240,0.985,1.128,1,1
0,4,30,0,N,nb20,1240,-0.048,-1.392,1,1
0,4,30,0,N,nb21,1240,0.905,0.033,1,1
0,4,30,0,N,nb22,1240,0.542,1.46,1,1
0,4,30,0,N,nb23,1240,0.518,1.705,2,1
0,4,30,0,N,nb24,1240,-0.386,-0.775,1,1
0,4,30,0,N,nb25,1240,-1.605,-0.449,3,1
0,4,30,0,N,nb26,1240,0.68,0.037,2,1
0,4,30,0,N,nb27,1240,-1.317,-0.798,1,1
0,4,30,0,N,nb28,1240,-1.395,-0.574,3,1
0,4,30,0,N,nb29,1240,0.111,1.866,1,1
0,4,30,0,N,nb0,1245,-1.69,-0.671,1,1
0,4,30,0,N,nb1,1245,0.341,1.866,2,1
0,4,30,0,N,nb2,1245,1.415,0.086,2,1
0,4,30,0,N,nb3,1245,-1.185,-0.464,1,0
0,4,30,0,N,nb4,1245,-0.686,-1.11,2,1
0,4,30,0,N,nb5,1245,0.475,-0.089,1,1
0,4,30,0,N,nb6,1245,0.285,-0.515,1,1
0,4,30,0,N,nb7,1245,1.56,0.454,1,1
0,4,30,0,N,nb8,1245,0.235,-0.699,1,1
0,4,30,0,N,nb9,1245,0.148,-0.984,1,1
0,4,30,0,N,nb10,1245,0.032,-1.164,2,1
0,4,30,0,N,nb11,1245,1.471,-0.293,1,1
0,4,30,0,N,nb12,1245,0.752,1.088,1,1
0,4,30,0,N,nb13,1245,1.299,-0.13,2,1
0,4,30,0,N,nb14,1245,-0.6,-0.886,3,1
0,4,30,0,N,nb15,1245,1.638,0.057,2,1
0,4,30,0,N,nb16,1245,1.73,0.274,2,1
0,4,30,0,N,nb17,1245,-0.835,-0.949,2,1
0,4,30,0,N,nb18,1245,-1.717,-0.24,1,1
0,4,30,0,N,nb19,1245,0.985,1.128,1,1
0,4,30,0,N,nb20,1245,-0.048,-1.392,1,1
0,4,30,0,N,nb21,1245,0.905,0.033,1,1
0,4,30,0,N,nb22,1245,0.542,1.46,1,1
0,4,30,0,N,nb23,1245,0.518,1.705,2,1
0,4,30,0,N,nb24,1245,-0.386,-0.775,1,1
0,4,30,0,N,nb25,1245,-1.605,-0.449,3,1
0,4,30,0,N,nb26,1245,0.68,0.037,2,1
0,4,30,0,N,nb27,1245,-1.317,-0.798,1,1
0,4,30,0,N,nb28,1245,-1.395,-0.574,3,0
0,4,30,0,N,nb29,1245,0.111,1.866,1,1
0,4,30,0,N,nb0,1250,-1.69,-0.671,1,1
0,4,30,0,N,nb1,1250,0.341,1.866,2,1
0,4,30,0,N,nb2,1250,1.415,0.086,2,1
0,4,30,0,N,nb3,1250,-1.185,-0.464,1,1
0,4,30,0,N,nb4,1250,-0.686,-1.11,2,1
0,4,30,0,N,nb5,1250,0.475,-0.089,1,1
0,4,30,0,N,nb6,1250,0.285,-0.515,1,1
0,4,30,0,N,nb7,1250,1.56,0.454,1,1
0,4,30,0,N,nb8,1250,0.235,-0.699,1,1
0,4,30,0,N,nb9,1250,0.148,-0.984,1,1
0,4,30,0,N,nb10,1250,0.032,-1.164,2,1
0,4,30,0,N,nb11,1250,1.471,-0.293,1,1
0,4,30,0,N,nb12,1250,0.752,1.088,1,1
0,4,30,0,N,nb13,1250,1.299,-0.13,2,1
0,4,30,0,N,nb14,1250,-0.6,-0.886,3,1
0,4,30,0,N,nb15,1250,1.638,0.057,2,1
0,4,30,0,N,nb16,1250,1.73,0.274,2,1
0,4,30,0,N,nb17,1250,-0.835,-0.949,2,1
0,4,30,0,N,nb18,1250,-1.717,-0.24,1,1
0,4,30,0,N,nb19,1250,0.985,1.128,1,1
0,4,30,0,N,nb20,1250,-0.048,-1.392,1,1
0,4,30,0,N,nb21,1250,0.905,0.033,1,1
0,4,30,0,N,nb22,1250,0.542,1.46,1,1
0,4,30,0,N,nb23,1250,0.518,1.705,2,1
0,4,30,0,N,nb24,1250,-0.386,-0.775,1,1
0,4,30,0,N,nb25,1250,-1.605,-0.449,3,1
0,4,30,0,N,nb26,1250,0.68,0.037,2,1
0,4,30,0,N,nb27,1250,-1.317,-0.798,1,1
0,4,30,0,N,nb28,1250,-1.395,-0.574,3,1
0,4,30,0,N,nb29,1250,0.111,1.866,1,1
0,4,30,0,N,nb0,1255,-1.69,-0.671,1,1
0,4,30,0,N,nb1,1255,0.341,1.866,2,1
0,4,30,0,N,nb2,1255,1.415,0.086,2,1
0,4,30,0,N,nb3,1255,-1.185,-0.464,1,1
0,4,30,0,N,nb4,1255,-0.686,-1.11,2,1
0,4,30,0,N,nb5,1255,0.475,-0.089,1,1
0,4,30,0,N,nb6,1255,0.285,-0.515,1,1
0,4,30,0,N,nb7,1255,1.56,0.454,1,1
0,4,30,0,N,nb8,1255,0.235,-0.699,1,1
0,4,30,0,N,nb9,1255,0.148,-0.984,1,1
0,4,30,0,N,nb10,1255,0.032,-1.164,2,1
0,4,30,0,N,nb11,1255,1.471,-0.293,1,1
0,4,30,0,N,nb12,1255,0.752,1.088,1,1
0,4,30,0,N,nb13,1255,1.299,-0.13,2,1
0,4,30,0,N,nb14,1255,-0.6,-0.886,3,1
0,4,30,0,N,nb15,1255,1.638,0.057,2,1
0,4,30,0,N,nb16,1255,1.73,0.274,2,1
0,4,30,0,N,nb17,1255,-0.835,-0.949,2,1
0,4,30,0,N,nb18,1255,-1.717,-0.24,1,1
0,4,30,0,N,nb19,1255,0.985,1.128,1,1
0,4,30,0,N,nb20,1255,-0.048,-1.392,1,1
0,4,30,0,N,nb21,1255,0.905,0.033,1,1
0,4,30,0,N,nb22,1255,0.542,1.46,1,1
0,4,30,0,N,nb23,1255,0.518,1.705,2,1
0,4,30,0,N,nb24,1255,-0.386,-0.775,1,1
0,4,30,0,N,nb25,1255,-1.605,-0.449,3,1
0,4,30,0,N,nb26,1255,0.68,0.037,2,1
0,4,30,0,N,nb27,1255,-1.317,-0.798,1,1
0,4,30,0,N,nb28,1255,-1.395,-0.574,3,1
0,4,30,0,N,nb29,1255,0.111,1.866,1,1
0,4,30,0,N,nb0,1260,-1.69,-0.671,1,1
0,4,30,0,N,nb1,1260,0.341,1.866,2,0
0,4,30,0,N,nb2,1260,1.415,0.086,2,1
0,4,30,0,N,nb3,1260,-1.185,-0.464,1,1
0,4,30,0,N,nb4,1260,-0.686,-1.11,2,1
0,4,30,0,N,nb5,1260,0.475,-0.089,1,1
0,4,30,0,N,nb6,1260,0.285,-0.515,1,1
0,4,30,0,N,nb7,1260,1.56,0.454,1,0
0,4,30,0,N,nb8,1260,0.235,-0.699,1,1
0,4,30,0,N,nb9,1260,0.148,-0.984,1,1
0,4,30,0,N,nb10,1260,0.032,-1.164,2,1
0,4,30,0,N,nb11,1260,1.471,-0.293,1,1
0,4,30,0,N,nb12,1260,0.752,1.088,1,1
0,4,30,0,N,nb13,1260,1.299,-0.13,2,1
0,4,30,0,N,nb14,1260,-0.6,-0.886,3,1
0,4,30,0,N,nb15,1260,1.638,0.057,2,1
0,4,30,0,N,nb16,1260,1.73,0.274,2,1
0,4,30,0,N,nb17,1260,-0.835,-0.949,2,1
0,4,30,0,N,nb18,1260,-1.717,-0.24,1,1
0,4,30,0,N,nb19,1260,0.985,1.128,1,1
0,4,30,0,N,nb20,1260,-0.048,-1.392,1,1
0,4,30,0,N,nb21,1260,0.905,0.033,1,1
0,4,30,0,N,nb22,1260,0.542,1.46,1,1
0,4,30,0,N,nb23,1260,0.518,1.705,2,1
0,4,30,0,N,nb24,1260,-0.386,-0.775,1,1
0,4,30,0,N,nb25,1260,-1.605,-0.449,3,1
0,4,30,0,N,nb26,1260,0.68,0.037,2,1
0,4,30,0,N,nb27,1260,-1.317,-0.798,1,1
0,4,30,0,N,nb28,1260,-1.395,-0.574,3,1
0,4,30,0,N,nb29,1260,0.111,1.866,1,1
0,4,30,0,N,nb0,1265,-1.69,-0.671,1,1
0,4,30,0,N,nb1,1265,0.341,1.866,2,1
0,4,30,0,N,nb2,1265,1.415,0.086,2,1
0,4,30,0,N,nb3,1265,-1.185,-0.464,1,1
0,4,30,0,N,nb4,1265,-0.686,-1.11,2,1
0,4,30,0,N,nb5,1265,0.475,-0.089,1,1
0,4,30,0,N,nb6,1265,0.285,-0.515,1,1
0,4,30,0,N,nb7,1265,1.56,0.454,1,1
0,4,30,0,N,nb8,1265,0.235,-0.699,1,1
0,4,30,0,N,nb9,1265,0.148,-0.984,1,1
0,4,30,0,N,nb10,1265,0.032,-1.164,2,1
0,4,30,0,N,nb11,1265,1.471,-0.293,1,1
0,4,30,0,N,nb12,1265,0.752,1.088,1,1
0,4,30,0,N,nb13,1265,1.299,-0.13,2,1
0,4,30,0,N,nb14,1265,-0.6,-0.886,3,1
0,4,30,0,N,nb15,1265,1.638,0.057,2,1
0,4,30,0,N,nb16,1265,1.73,0.274,2,1
0,4,30,0,N,nb17,1265,-0.835,-0.949,2,1
0,4,30,0,N,nb18,1265,-1.717,-0.24,1,1
0,4,30,0,N,nb19,1265,0.985,1.128,1,1
0,4,30,0,N,nb20,1265,-0.048,-1.392,1,1
0,4,30,0,N,nb21,1265,0.905,0.033,1,1
0,4,30,0,N,nb22,1265,0.542,1.46,1,1
0,4,30,0,N,nb23,1265,0.518,1.705,2,1
0,4,30,0,N,nb24,1265,-0.386,-0.775,1,1
0,4,30,0,N,nb25,1265,-1.605,-0.449,3,1
0,4,30,0,N,nb26,1265,0.68,0.037,2,1
0,4,30,0,N,nb27,1265,-1.317,-0.798,1,1
0,4,30,0,N,nb28,1265,-1.395,-0.574,3,1
0,4,30,0,N,nb29,1265,0.111,1.866,1,1
0,4,30,0,N,nb0,1270,-1.69,-0.671,1,1
0,4,30,0,N,nb1,1270,0.341,1.866,2,1
0,4,30,0,N,nb2,1270,1.415,0.086,2,1
0,4,30,0,N,nb3,1270,-1.185,-0.464,1,1
0,4,30,0,N,nb4,1270,-0.686,-1.11,2,1
0,4,30,0,N,nb5,1270,0.475,-0.089,1,1
0,4,30,0,N,nb6,1270,0.285,-0.515,1,1
0,4,30,0,N,nb7,1270,1.56,0.454,1,1
0,4,30,0,N,nb8,1270,0.235,-0.699,1,1
0,4,30,0,N,nb9,1270,0.148,-0.984,1,1
0,4,30,0,N,nb10,1270,0.032,-1.164,2,1
0,4,30,0,N,nb11,1270,1.471,-0.293,1,1
0,4,30,0,N,nb12,1270,0.752,1.088,1,1
0,4,30,0,N,nb13,1270,1.299,-0.13,2,1
0,4,30,0,N,nb14,1270,-0.6,-0.886,3,1
0,4,30,0,N,nb15,1270,1.638,0.057,2,1
0,4,30,0,N,nb16,1270,1.73,0.274,2,1
0,4,30,0,N,nb17,1270,-0.835,-0.949,2,1
0,4,30,0,N,nb18,1270,-1.717,-0.24,1,1
0,4,30,0,N,nb19,1270,0.985,1.128,1,1
0,4,30,0,N,nb20,1270,-0.048,-1.392,1,1
0,4,30,0,N,nb21,1270,0.905,0.033,1,1
0,4,30,0,N,nb22,1270,0.542,1.46,1,1
0,4,30,0,N,nb23,1270,0.518,1.705,2,1
0,4,30,0,N,nb24,1270,-0.386,-0.775,1,1
0,4,30,0,N,nb25,1270,-1.605,-0.449,3,1
0,4,30,0,N,nb26,1270,0.68,0.037,2,1
0,4,30,0,N,nb27,1270,-1.317,-0.798,1,1
0,4,30,0,N,nb28,1270,-1.395,-0.574,3,1
0,4,30,0,N,nb29,1270,0.111,1.866,1,1
0,4,30,0,N,nb0,1275,-1.69,-0.671,1,1
0,4,30,0,N,nb1,1275,0.341,1.866,2,1
0,4,30,0,N,nb2,1275,1.415,0.086,2,0
0,4,30,0,N,nb3,1275,-1.185,-0.464,1,1
0,4,30,0,N,nb4,1275,-0.686,-1.11,2,1
0,4,30,0,N,nb5,1275,0.475,-0.089,1,1
0,4,30,0,N,nb6,1275,0.285,-0.515,1,1
0,4,30,0,N,nb7,1275,1.56,0.454,1,1
0,4,30,0,N,nb8,1275,0.235,-0.699,1,1
0,4,30,0,N,nb9,1275,0.148,-0.984,1,1
0,4,30,0,N,nb10,1275,0.032,-1.164,2,1
0,4,30,0,N,nb11,1275,1.471,-0.293,1,1
0,4,30,0,N,nb12,1275,0.752,1.088,1,1
0,4,30,0,N,nb13,1275,1.299,-0.13,2,1
0,4,30,0,N,nb14,1275,-0.6,-0.886,3,1
0,4,30,0,N,nb15,1275,1.638,0.057,2,0
0,4,30,0,N,nb16,1275,1.73,0.274,2,1
0,4,30,0,N,nb17,1275,-0.835,-0.949,2,1
0,4,30,0,N,nb18,1275,-1.717,-0.24,1,1
0,4,30,0,N,nb19,1275,0.985,1.128,1,1
0,4,30,0,N,nb20,1275,-0.048,-1.392,1,1
0,4,30,0,N,nb21,1275,0.905,0.033,1,1
0,4,30,0,N,nb22,1275,0.542,1.46,1,1
0,4,30,0,N,nb23,1275,0.518,1.705,2,1
0,4,30,0,N,nb24,1275,-0.386,-0.775,1,1
0,4,30,0,N,nb25,1275,-1.605,-0.449,3,1
0,4,30,0,N,nb26,1275,0.68,0.037,2,1
0,4,30,0,N,nb27,1275,-1.317,-0.798,1,1
0,4,30,0,N,nb28,1275,-1.395,-0.574,3,1
0,4,30,0,N,nb29,1275,0.111,1.866,1,1
0,4,30,0,N,nb0,1280,-1.69,-0.671,1,1
0,4,30,0,N,nb1,1280,0.341,1.866,2,1
0,4,30,0,N,nb2,1280,1.415,0.086,2,1
0,4,30,0,N,nb3,1280,-1.185,-0.464,1,1
0,4,30,0,N,nb4,1280,-0.686,-1.11,2,1
0,4,30,0,N,nb5,1280,0.475,-0.089,1,1
0,4,30,0,N,nb6,1280,0.285,-0.515,1,1
0,4,30,0,N,nb7,1280,1.56,0.454,1,1
0,4,30,0,N,nb8,1280,0.235,-0.699,1,1
0,4,30,0,N,nb9,1280,0.148,-0.984,1,1
0,4,30,0,N,nb10,1280,0.032,-1.164,2,1
0,4,30,0,N,nb11,1280,1.471,-0.293,1,1
0,4,30,0,N,nb12,1280,0.752,1.088,1,1
0,4,30,0,N,nb13,1280,1.299,-0.13,2,1
0,4,30,0,N,nb14,1280,-0.6,-0.886,3,1
0,4,30,0,N,nb15,1280,1.638,0.057,2,1
0,4,30,0,N,nb16,1280,1.73,0.274,2,1
0,4,30,0,N,nb17,1280,-0.835,-0.949,2,1
0,4,30,0,N,nb18,1280,-1.717,-0.24,1,1
0,4,30,0,N,nb19,1280,0.985,1.128,1,1
0,4,30,0,N,nb20,1280,-0.048,-1.392,1,1
0,4,30,0,N,nb21,1280,0.905,0.033,1,1
0,4,30,0,N,nb22,1280,0.542,1.46,1,1
0,4,30,0,N,nb23,1280,0.518,1.705,2,1
0,4,30,0,N,nb24,1280,-0.386,-0.775,1,1
0,4,30,0,N,nb25,1280,-1.605,-0.449,3,1
0,4,30,0,N,nb26,1280,0.68,0.037,2,1
0,4,30,0,N,nb27,1280,-1.317,-0.798,1,1
0,4,30,0,N,nb28,1280,-1.395,-0.574,3,1
0,4,30,0,N,nb29,1280,0.111,1.866,1,1
0,4,30,0,N,nb0,1285,-1.69,-0.671,1,1
0,4,30,0,N,nb1,1285,0.341,1.866,2,1
0,4,30,0,N,nb2,1285,1.415,0.086,2,1
0,4,30,0,N,nb3,1285,-1.185,-0.464,1,1
0,4,30,0,N,nb4,1285,-0.686,-1.11,2,1
0,4,30,0,N,nb5,1285,0.475,-0.089,1,1
0,4,30,0,N,nb6,1285,0.285,-0.515,1,1
0,4,30,0,N,nb7,1285,1.56,0.454,1,1
0,4,30,0,N,nb8,1285,0.235,-0.699,1,1
0,4,30,0,N,nb9,1285,0.148,-0.984,1,1
0,4,30,0,N,nb10,1285,0.032,-1.164,2,1
0,4,30,0,N,nb11,1285,1.471,-0.293,1,1
0,4,30,0,N,nb12,1285,0.752,1.088,1,1
0,4,30,0,N,nb13,1285,1.299,-0.13,2,1
0,4,30,0,N,nb14,1285,-0.6,-0.886,3,1
0,4,30,0,N,nb15,1285,1.638,0.057,2,1
0,4,30,0,N,nb16,1285,1.73,0.274,2,1
0,4,30,0,N,nb17,1285,-0.835,-0.949,2,1
0,4,30,0,N,nb18,1285,-1.717,-0.24,1,1
0,4,30,0,N,nb19,1285,0.985,1.128,1,1
0,4,30,0,N,nb20,1285,-0.048,-1.392,1,1
0,4,30,0,N,nb21,1285,0.905,0.033,1,1
0,4,30,0,N,nb22,1285,0.542,1.46,1,1
0,4,30,0,N,nb23,1285,0.518,1.705,2,1
0,4,30,0,N,nb24,1285,-0.386,-0.775,1,1
0,4,30,0,N,nb25,1285,-1.605,-0.449,3,1
0,4,30,0,N,nb26,1285,0.68,0.037,2,1
0,4,30,0,N,nb27,1285,-1.317,-0.798,1,1
0,4,30,0,N,nb28,1285,-1.395,-0.574,3,1
0,4,30,0,N,nb29,1285,0.111,1.866,1,1
0,4,30,0,N,nb0,1290,-1.69,-0.671,1,1
0,4,30,0,N,nb1,1290,0.341,1.866,2,1
0,4,30,0,N,nb2,1290,1.415,0.086,2,1
0,4,30,0,N,nb3,1290,-1.185,-0.464,1,1
0,4,30,0,N,nb4,1290,-0.686,-1.11,2,1
0,4,30,0,N,nb5,1290,0.475,-0.089,1,1
0,4,30,0,N,nb6,1290,0.285,-0.515,1,1
0,4,30,0,N,nb7,1290,1.56,0.454,1,1
0,4,30,0,N,nb8,1290,0.235,-0.699,1,1
0,4,30,0,N,nb9,1290,0.148,-0.984,1,1
0,4,30,0,N,nb10,1290,0.032,-1.164,2,1
0,4,30,0,N,nb11,1290,1.471,-0.293,1,1
0,4,30,0,N,nb12,1290,0.752,1.088,1,1
0,4,30,0,N,nb13,1290,1.299,-0.13,2,1
0,4,30,0,N,nb14,1290,-0.6,-0.886,3,1
0,4,30,0,N,nb15,1290,1.638,0.057,2,1
0,4,30,0,N,nb16,1290,1.73,0.274,2,1
0,4,30,0,N,nb17,1290,-0.835,-0.949,2,1
0,4,30,0,N,nb18,1290,-1.717,-0.24,1,1
0,4,30,0,N,nb19,1290,0.985,1.128,1,1
0,4,30,0,N,nb20,1290,-0.048,-1.392,1,1
0,4,30,0,N,nb21,1290,0.905,0.033,1,1
0,4,30,0,N,nb22,1290,0.542,1.46,1,1
0,4,30,0,N,nb23,1290,0.518,1.705,2,1
0,4,30,0,N,nb24,1290,-0.386,-0.775,1,1
0,4,30,0,N,nb25,1290,-1.605,-0.449,3,1
0,4,30,0,N,nb26,1290,0.68,0.037,2,1
0,4,30,0,N,nb27,1290,-1.317,-0.798,1,1
0,4,30,0,N,nb28,1290,-1.395,-0.574,3,1
0,4,30,0,N,nb29,1290,0.111,1.866,1,1
0,4,30,0,N,nb0,1295,-1.69,-0.671,1,1
0,4,30,0,N,nb1,1295,0.341,1.866,2,1
0,4,30,0,N,nb2,1295,1.415,0.086,2,1
0,4,30,0,N,nb3,1295,-1.185,-0.464,1,1
0,4,30,0,N,nb4,1295,-0.686,-1.11,2,1
0,4,30,0,N,nb5,1295,0.475,-0.089,1,1
0,4,30,0,N,nb6,1295,0.285,-0.515,1,1
0,4,30,0,N,nb7,1295,1.56,0.454,1,1
0,4,30,0,N,nb8,1295,0.235,-0.699,1,1
0,4,30,0,N,nb9,1295,0.148,-0.984,1,1
0,4,30,0,N,nb10,1295,0.032,-1.164,2,1
0,4,30,0,N,nb11,1295,1.471,-0.293,1,1
0,4,30,0,N,nb12,1295,0.752,1.088,1,1
0,4,30,0,N,nb13,1295,1.299,-0.13,2,1
0,4,30,0,N,nb14,1295,-0.6,-0.886,3,1
0,4,30,0,N,nb15,1295,1.638,0.057,2,1
0,4,30,0,N,nb16,1295,1.73,0.274,2,1
0,4,30,0,N,nb17,1295,-0.835,-0.949,2,1
0,4,30,0,N,nb18,1295,-1.717,-0.24,1,1
0,4,30,0,N,nb19,1295,0.985,1.128,1,1
0,4,30,0,N,nb20,1295,-0.048,-1.392,1,1
0,4,30,0,N,nb21,1295,0.905,0.033,1,1
0,4,30,0,N,nb22,1295,0.542,1.46,1,1
0,4,30,0,N,nb23,1295,0.518,1.705,2,1
0,4,30,0,N,nb24,1295,-0.386,-0.775,1,1
0,4,30,0,N,nb25,1295,-1.605,-0.449,3,1
0,4,30,0,N,nb26,1295,0.68,0.037,2,1
0,4,30,0,N,nb27,1295,-1.317,-0.798,1,1
0,4,30,0,N,nb28,1295,-1.395,-0.574,3,1
0,4,30,0,N,nb29,1295,0.111,1.866,1,1
0,4,30,0,N,nb0,1300,-1.69,-0.671,1,1
0,4,30,0,N,nb1,1300,0.341,1.866,2,1
0,4,30,0,N,nb2,1300,1.415,0.086,2,1
0,4,30,0,N,nb3,1300,-1.185,-0.464,1,1
0,4,30,0,N,nb4,1300,-0.686,-1.11,2,1
0,4,30,0,N,nb5,1300,0.475,-0.089,1,1
0,4,30,0,N,nb6,1300,0.285,-0.515,1,1
0,4,30,0,N,nb7,1300,1.56,0.454,1,1
0,4,30,0,N,nb8,1300,0.235,-0.699,1,1
0,4,30,0,N,nb9,1300,0.148,-0.984,1,1
0,4,30,0,N,nb10,1300,0.032,-1.164,2,1
0,4,30,0,N,nb11,1300,1.471,-0.293,1,1
0,4,30,0,N,nb12,1300,0.752,1.088,1,1
0,4,30,0,N,nb13,1300,1.299,-0.13,2,1
0,4,30,0,N,nb14,1300,-0.6,-0.886,3,1
0,4,30,0,N,nb15,1300,1.638,0.057,2,1
0,4,30,0,N,nb16,1300,1.73,0.274,2,1
0,4,30,0,N,nb17,1300,-0.835,-0.949,2,1
0,4,30,0,N,nb18,1300,-1.717,-0.24,1,1
0,4,30,0,N,nb19,1300,0.985,1.128,1,1
0,4,30,0,N,nb20,1300,-0.048,-1.392,1,1
0,4,30,0,N,nb21,1300,0.905,0.033,1,1
0,4,30,0,N,nb22,1300,0.542,1.46,1,1
0,4,30,0,N,nb23,1300,0.518,1.705,2,1
0,4,30,0,N,nb24,1300,-0.386,-0.775,1,1
0,4,30,0,N,nb25,1300,-1.605,-0.449,3,0
0,4,30,0,N,nb26,1300,0.68,0.037,2,1
0,4,30,0,N,nb27,1300,-1.317,-0.798,1,1
0,4,30,0,N,nb28,1300,-1.395,-0.574,3,1
0,4,30,0,N,nb29,1300,0.111,1.866,1,1
0,4,30,0,N,nb0,1305,-1.69,-0.671,1,1
0,4,30,0,N,nb1,1305,0.341,1.866,2,1
0,4,30,0,N,nb2,1305,1.415,0.086,2,1
0,4,30,0,N,nb3,1305,-1.185,-0.464,1,1
0,4,30,0,N,nb4,1305,-0.686,-1.11,2,1
0,4,30,0,N,nb5,1305,0.475,-0.089,1,1
0,4,30,0,N,nb6,1305,0.285,-0.515,1,1
0,4,30,0,N,nb7,1305,1.56,0.454,1,1
0,4,30,0,N,nb8,1305,0.235,-0.699,1,1
0,4,30,0,N,nb9,1305,0.148,-0.984,1,1
0,4,30,0,N,nb10,1305,0.032,-1.164,2,1
0,4,30,0,N,nb11,1305,1.471,-0.293,1,1
0,4,30,0,N,nb12,1305,0.752,1.088,1,1
0,4,30,0,N,nb13,1305,1.299,-0.13,2,1
0,4,30,0,N,nb14,1305,-0.6,-0.886,3,1
0,4,30,0,N,nb15,1305,1.638,0.057,2,1
0,4,30,0,N,nb16,1305,1.73,0.274,2,1
0,4,30,0,N,nb17,1305,-0.835,-0.949,2,1
0,4,30,0,N,nb18,1305,-1.717,-0.24,1,1
0,4,30,0,N,nb19,1305,0.985,1.128,1,1
0,4,30,0,N,nb20,1305,-0.048,-1.392,1,1
0,4,30,0,N,nb21,1305,0.905,0.033,1,1
0,4,30,0,N,nb22,1305,0.542,1.46,1,1
0,4,30,0,N,nb23,1305,0.518,1.705,2,1
0,4,30,0,N,nb24,1305,-0.386,-0.775,1,1
0,4,30,0,N,nb25,1305,-1.605,-0.449,3,1
0,4,30,0,N,nb26,1305,0.68,0.037,2,1
0,4,30,0,N,nb27,1305,-1.317,-0.798,1,1
0,4,30,0,N,nb28,1305,-1.395,-0.574,3,1
0,4,30,0,N,nb29,1305,0.111,1.866,1,1
0,4,30,0,N,nb0,1310,-1.69,-0.671,1,1
0,4,30,0,N,nb1,1310,0.341,1.866,2,1
0,4,30,0,N,nb2,1310,1.415,0.086,2,1
0,4,30,0,N,nb3,1310,-1.185,-0.464,1,1
0,4,30,0,N,nb4,1310,-0.686,-1.11,2,1
0,4,30,0,N,nb5,1310,0.475,-0.089,1,1
0,4,30,0,N,nb6,1310,0.285,-0.515,1,1
0,4,30,0,N,nb7,1310,1.56,0.454,1,1
0,4,30,0,N,nb8,1310,0.235,-0.699,1,1
0,4,30,0,N,nb9,1310,0.148,-0.984,1,1
0,4,30,0,N,nb10,1310,0.032,-1.164,2,1
0,4,30,0,N,nb11,1310,1.471,-0.293,1,1
0,4,30,0,N,nb12,1310,0.752,1.088,1,1
0,4,30,0,N,nb13,1310,1.299,-0.13,2,1
0,4,30,0,N,nb14,1310,-0.6,-0.886,3,1
0,4,30,0,N,nb15,1310,1.638,0.057,2,1
0,4,30,0,N,nb16,1310,1.73,0.274,2,1
0,4,30,0,N,nb17,1310,-0.835,-0.949,2,1
0,4,30,0,N,nb18,1310,-1.717,-0.24,1,1
0,4,30,0,N,nb19,1310,0.985,1.128,1,1
0,4,30,0,N,nb20,1310,-0.048,-1.392,1,1
0,4,30,0,N,nb21,1310,0.905,0.033,1,1
0,4,30,0,N,nb22,1310,0.542,1.46,1,1
0,4,30,0,N,nb23,1310,0.518,1.705,2,1
0,4,30,0,N,nb24,1310,-0.386,-0.775,1,1
0,4,30,0,N,nb25,1310,-1.605,-0.449,3,1
0,4,30,0,N,nb26,1310,0.68,0.037,2,1
0,4,30,0,N,nb27,1310,-1.317,-0.798,1,1
0,4,30,0,N,nb28,1310,-1.395,-0.574,3,1
0,4,30,0,N,nb29,1310,0.111,1.866,1,1
0,4,30,0,N,nb0,1315,-1.69,-0.671,1,1
0,4,30,0,N,nb1,1315,0.341,1.866,2,1
0,4,30,0,N,nb2,1315,1.415,0.086,2,1
0,4,30,0,N,nb3,1315,-1.185,-0.464,1,1
0,4,30,0,N,nb4,1315,-0.686,-1.11,2,1
0,4,30,0,N,nb5,1315,0.475,-0.089,1,1
0,4,30,0,N,nb6,1315,0.285,-0.515,1,1
0,4,30,0,N,nb7,1315,1.56,0.454,1,1
0,4,30,0,N,nb8,1315,0.235,-0.699,1,1
0,4,30,0,N,nb9,1315,0.148,-0.984,1,1
0,4,30,0,N,nb10,1315,0.032,-1.164,2,1
0,4,30,0,N,nb11,1315,1.471,-0.293,1,1
0,4,30,0,N,nb12,1315,0.752,1.088,1,1
0,4,30,0,N,nb13,1315,1.299,-0.13,2,1
0,4,30,0,N,nb14,1315,-0.6,-0.886,3,1
0,4,30,0,N,nb15,1315,1.638,0.057,2,1
0,4,30,0,N,nb16,1315,1.73,0.274,2,1
0,4,30,0,N,nb17,1315,-0.835,-0.949,2,1
0,4,30,0,N,nb18,1315,-1.717,-0.24,1,0
0,4,30,0,N,nb19,1315,0.985,1.128,1,1
0,4,30,0,N,nb20,1315,-0.048,-1.392,1,1
0,4,30,0,N,nb21,1315,0.905,0.033,1,1
0,4,30,0,N,nb22,1315,0.542,1.46,1,1
0,4,30,0,N,nb23,1315,0.518,1.705,2,1
0,4,30,0,N,nb24,1315,-0.386,-0.775,1,0
0,4,30,0,N,nb25,1315,-1.605,-0.449,3,1
0,4,30,0,N,nb26,1315,0.68,0.037,2,1
0,4,30,0,N,nb27,1315,-1.317,-0.798,1,1
0,4,30,0,N,nb28,1315,-1.395,-0.574,3,1
0,4,30,0,N,nb29,1315,0.111,1.866,1,1
0,4,30,0,N,nb0,1320,-1.69,-0.671,1,1
0,4,30,0,N,nb1,1320,0.341,1.866,2,1
0,4,30,0,N,nb2,1320,1.415,0.086,2,1
0,4,30,0,N,nb3,1320,-1.185,-0.464,1,1
0,4,30,0,N,nb4,1320,-0.686,-1.11,2,1
0,4,30,0,N,nb5,1320,0.475,-0.089,1,1
0,4,30,0,N,nb6,1320,0.285,-0.515,1,1
0,4,30,0,N,nb7,1320,1.56,0.454,1,1
0,4,30,0,N,nb8,1320,0.235,-0.699,1,1
0,4,30,0,N,nb9,1320,0.148,-0.984,1,1
0,4,30,0,N,nb10,1320,0.032,-1.164,2,1
0,4,30,0,N,nb11,1320,1.471,-0.293,1,1
0,4,30,0,N,nb12,1320,0.752,1.088,1,0
0,4,30,0,N,nb13,1320,1.299,-0.13,2,1
0,4,30,0,N,nb14,1320,-0.6,-0.886,3,1
0,4,30,0,N,nb15,1320,1.638,0.057,2,1
0,4,30,0,N,nb16,1320,1.73,0.274,2,1
0,4,30,0,N,nb17,1320,-0.835,-0.949,2,1
0,4,30,0,N,nb18,1320,-1.717,-0.24,1,1
0,4,30,0,N,nb19,1320,0.985,1.128,1,0
0,4,30,0,N,nb20,1320,-0.048,-1.392,1,1
0,4,30,0,N,nb21,1320,0.905,0.033,1,1
0,4,30,0,N,nb22,1320,0.542,1.46,1,1
0,4,30,0,N,nb23,1320,0.518,1.705,2,1
0,4,30,0,N,nb24,1320,-0.386,-0.775,1,1
0,4,30,0,N,nb25,1320,-1.605,-0.449,3,1
0,4,30,0,N,nb26,1320,0.68,0.037,2,1
0,4,30,0,N,nb27,1320,-1.317,-0.798,1,1
0,4,30,0,N,nb28,1320,-1.395,-0.574,3,1
0,4,30,0,N,nb29,1320,0.111,1.866,1,1
0,4,30,0,N,nb0,1325,-1.69,-0.671,1,1
0,4,30,0,N,nb1,1325,0.341,1.866,2,1
0,4,30,0,N,nb2,1325,1.415,0.086,2,1
0,4,30,0,N,nb3,1325,-1.185,-0.464,1,1
0,4,30,0,N,nb4,1325,-0.686,-1.11,2,1
0,4,30,0,N,nb5,1325,0.475,-0.089,1,1
0,4,30,0,N,nb6,1325,0.285,-0.515,1,1
0,4,30,0,N,nb7,1325,1.56,0.454,1,1
0,4,30,0,N,nb8,1325,0.235,-0.699,1,1
0,4,30,0,N,nb9,1325,0.148,-0.984,1,1
0,4,30,0,N,nb10,1325,0.032,-1.164,2,1
0,4,30,0,N,nb11,1325,1.471,-0.293,1,1
0,4,30,0,N,nb12,1325,0.752,1.088,1,1
0,4,30,0,N,nb13,1325,1.299,-0.13,2,1
0,4,30,0,N,nb14,1325,-0.6,-0.886,3,1
0,4,30,0,N,nb15,1325,1.638,0.057,2,1
0,4,30,0,N,nb16,1325,1.73,0.274,2,1
0,4,30,0,N,nb17,1325,-0.835,-0.949,2,1
0,4,30,0,N,nb18,1325,-1.717,-0.24,1,1
0,4,30,0,N,nb19,1325,0.985,1.128,1,1
0,4,30,0,N,nb20,1325,-0.048,-1.392,1,1
0,4,30,0,N,nb21,1325,0.905,0.033,1,1
0,4,30,0,N,nb22,1325,0.542,1.46,1,1
0,4,30,0,N,nb23,1325,0.518,1.705,2,1
0,4,30,0,N,nb24,1325,-0.386,-0.775,1,1
0,4,30,0,N,nb25,1325,-1.605,-0.449,3,1
0,4,30,0,N,nb26,1325,0.68,0.037,2,1
0,4,30,0,N,nb27,1325,-1.317,-0.798,1,1
0,4,30,0,N,nb28,1325,-1.395,-0.574,3,1
0,4,30,0,N,nb29,1325,0.111,1.866,1,1
0,4,30,0,N,nb0,1330,-1.69,-0.671,1,1
0,4,30,0,N,nb1,1330,0.341,1.866,2,1
0,4,30,0,N,nb2,1330,1.415,0.086,2,1
0,4,30,0,N,nb3,1330,-1.185,-0.464,1,1
0,4,30,0,N,nb4,1330,-0.686,-1.11,2,1
0,4,30,0,N,nb5,1330,0.475,-0.089,1,1
0,4,30,0,N,nb6,1330,0.285,-0.515,1,1
0,4,30,0,N,nb7,1330,1.56,0.454,1,1
0,4,30,0,N,nb8,1330,0.235,-0.699,1,1
0,4,30,0,N,nb9,1330,0.148,-0.984,1,1
0,4,30,0,N,nb10,1330,0.032,-1.164,2,1
0,4,30,0,N,nb11,1330,1.471,-0.293,1,1
0,4,30,0,N,nb12,1330,0.752,1.088,1,1
0,4,30,0,N,nb13,1330,1.299,-0.13,2,1
0,4,30,0,N,nb14,1330,-0.6,-0.886,3,1
0,4,30,0,N,nb15,1330,1.638,0.057,2,1
0,4,30,0,N,nb16,1330,1.73,0.274,2,1
0,4,30,0,N,nb17,1330,-0.835,-0.949,2,1
0,4,30,0,N,nb18,1330,-1.717,-0.24,1,1
0,4,30,0,N,nb19,1330,0.985,1.128,1,1
0,4,30,0,N,nb20,1330,-0.048,-1.392,1,1
0,4,30,0,N,nb21,1330,0.905,0.033,1,1
0,4,30,0,N,nb22,1330,0.542,1.46,1,1
0,4,30,0,N,nb23,1330,0.518,1.705,2,1
0,4,30,0,N,nb24,1330,-0.386,-0.775,1,1
0,4,30,0,N,nb25,1330,-1.605,-0.449,3,1
0,4,30,0,N,nb26,1330,0.68,0.037,2,1
0,4,30,0,N,nb27,1330,-1.317,-0.798,1,1
0,4,30,0,N,nb28,1330,-1.395,-0.574,3,1
0,4,30,0,N,nb29,1330,0.111,1.866,1,1
0,4,30,0,N,nb0,1335,-1.69,-0.671,1,1
0,4,30,0,N,nb1,1335,0.341,1.866,2,1
0,4,30,0,N,nb2,1335,1.415,0.086,2,1
0,4,30,0,N,nb3,1335,-1.185,-0.464,1,1
0,4,30,0,N,nb4,1335,-0.686,-1.11,2,1
0,4,30,0,N,nb5,1335,0.475,-0.089,1,1
0,4,30,0,N,nb6,1335,0.285,-0.515,1,1
0,4,30,0,N,nb7,1335,1.56,0.454,1,1
0,4,30,0,N,nb8,1335,0.235,-0.699,1,1
0,4,30,0,N,nb9,1335,0.148,-0.984,1,1
0,4,30,0,N,nb10,1335,0.032,-1.164,2,1
0,4,30,0,N,nb11,1335,1.471,-0.293,1,1
0,4,30,0,N,nb12,1335,0.752,1.088,1,1
0,4,30,0,N,nb13,1335,1.299,-0.13,2,1
0,4,30,0,N,nb14,1335,-0.6,-0.886,3,0
0,4,30,0,N,nb15,1335,1.638,0.057,2,1
0,4,30,0,N,nb16,1335,1.73,0.274,2,1
0,4,30,0,N,nb17,1335,-0.835,-0.949,2,1
0,4,30,0,N,nb18,1335,-1.717,-0.24,1,1
0,4,30,0,N,nb19,1335,0.985,1.128,1,1
0,4,30,0,N,nb20,1335,-0.048,-1.392,1,1
0,4,30,0,N,nb21,1335,0.905,0.033,1,1
0,4,30,0,N,nb22,1335,0.542,1.46,1,1
0,4,30,0,N,nb23,1335,0.518,1.705,2,1
0,4,30,0,N,nb24,1335,-0.386,-0.775,1,1
0,4,30,0,N,nb25,1335,-1.605,-0.449,3,1
0,4,30,0,N,nb26,1335,0.68,0.037,2,1
0,4,30,0,N,nb27,1335,-1.317,-0.798,1,1
0,4,30,0,N,nb28,1335,-1.395,-0.574,3,1
0,4,30,0,N,nb29,1335,0.111,1.866,1,1
0,4,30,0,N,nb0,1340,-1.69,-0.671,1,1
0,4,30,0,N,nb1,1340,0.341,1.866,2,1
0,4,30,0,N,nb2,1340,1.415,0.086,2,1
0,4,30,0,N,nb3,1340,-1.185,-0.464,1,1
0,4,30,0,N,nb4,1340,-0.686,-1.11,2,1
0,4,30,0,N,nb5,1340,0.475,-0.089,1,1
0,4,30,0,N,nb6,1340,0.285,-0.515,1,1
0,4,30,0,N,nb7,1340,1.56,0.454,1,1
0,4,30,0,N,nb8,1340,0.235,-0.699,1,1
0,4,30,0,N,nb9,1340,0.148,-0.984,1,1
0,4,30,0,N,nb10,1340,0.032,-1.164,2,1
0,4,30,0,N,nb11,1340,1.471,-0.293,1,1
0,4,30,0,N,nb12,1340,0.752,1.088,1,1
0,4,30,0,N,nb13,1340,1.299,-0.13,2,1
0,4,30,0,N,nb14,1340,-0.6,-0.886,3,1
0,4,30,0,N,nb15,1340,1.638,0.057,2,1
0,4,30,0,N,nb16,1340,1.73,0.274,2,1
0,4,30,0,N,nb17,1340,-0.835,-0.949,2,1
0,4,30,0,N,nb18,1340,-1.717,-0.24,1,1
0,4,30,0,N,nb19,1340,0.985,1.128,1,1
0,4,30,0,N,nb20,1340,-0.048,-1.392,1,1
0,4,30,0,N,nb21,1340,0.905,0.033,1,1
0,4,30,0,N,nb22,1340,0.542,1.46,1,1
0,4,30,0,N,nb23,1340,0.518,1.705,2,1
0,4,30,0,N,nb24,1340,-0.386,-0.775,1,1
0,4,30,0,N,nb25,1340,-1.605,-0.449,3,1
0,4,30,0,N,nb26,1340,0.68,0.037,2,1
0,4,30,0,N,nb27,1340,-1.317,-0.798,1,1
0,4,30,0,N,nb28,1340,-1.395,-0.574,3,1
0,4,30,0,N,nb29,1340,0.111,1.866,1,1
0,4,30,0,N,nb0,1345,-1.69,-0.671,1,1
0,4,30,0,N,nb1,1345,0.341,1.866,2,1
0,4,30,0,N,nb2,1345,1.415,0.086,2,1
0,4,30,0,N,nb3,1345,-1.185,-0.464,1,1
0,4,30,0,N,nb4,1345,-0.686,-1.11,2,1
0,4,30,0,N,nb5,1345,0.475,-0.089,1,1
0,4,30,0,N,nb6,1345,0.285,-0.515,1,1
0,4,30,0,N,nb7,1345,1.56,0.454,1,1
0,4,30,0,N,nb8,1345,0.235,-0.699,1,1
0,4,30,0,N,nb9,1345,0.148,-0.984,1,1
0,4,30,0,N,nb10,1345,0.032,-1.164,2,1
0,4,30,0,N,nb11,1345,1.471,-0.293,1,1
0,4,30,0,N,nb12,1345,0.752,1.088,1,1
0,4,30,0,N,nb13,1345,1.299,-0.13,2,1
0,4,30,0,N,nb14,1345,-0.6,-0.886,3,1
0,4,30,0,N,nb15,1345,1.638,0.057,2,1
0,4,30,0,N,nb16,1345,1.73,0.274,2,0
0,4,30,0,N,nb17,1345,-0.835,-0.949,2,1
0,4,30,0,N,nb18,1345,-1.717,-0.24,1,1
0,4,30,0,N,nb19,1345,0.985,1.128,1,1
0,4,30,0,N,nb20,1345,-0.048,-1.392,1,1
0,4,30,0,N,nb21,1345,0.905,0.033,1,0
0,4,30,0,N,nb22,1345,0.542,1.46,1,1
0,4,30,0,N,nb23,1345,0.518,1.705,2,1
0,4,30,0,N,nb24,1345,-0.386,-0.775,1,1
0,4,30,0,N,nb25,1345,-1.605,-0.449,3,1
0,4,30,0,N,nb26,1345,0.68,0.037,2,0
0,4,30,0,N,nb27,1345,-1.317,-0.798,1,1
0,4,30,0,N,nb28,1345,-1.395,-0.574,3,1
0,4,30,0,N,nb29,1345,0.111,1.866,1,1
0,4,30,0,N,nb0,1350,-1.69,-0.671,1,1
0,4,30,0,N,nb1,1350,0.341,1.866,2,1
0,4,30,0,N,nb2,1350,1.415,0.086,2,1
0,4,30,0,N,nb3,1350,-1.185,-0.464,1,1
0,4,30,0,N,nb4,1350,-0.686,-1.11,2,1
0,4,30,0,N,nb5,1350,0.475,-0.089,1,1
0,4,30,0,N,nb6,1350,0.285,-0.515,1,1
0,4,30,0,N,nb7,1350,1.56,0.454,1,1
0,4,30,0,N,nb8,1350,0.235,-0.699,1,1
0,4,30,0,N,nb9,1350,0.148,-0.984,1,1
0,4,30,0,N,nb10,1350,0.032,-1.164,2,1
0,4,30,0,N,nb11,1350,1.471,-0.293,1,1
0,4,30,0,N,nb12,1350,0.752,1.088,1,1
0,4,30,0,N,nb13,1350,1.299,-0.13,2,1
0,4,30,0,N,nb14,1350,-0.6,-0.886,3,1
0,4,30,0,N,nb15,1350,1.638,0.057,2,1
0,4,30,0,N,nb16,1350,1.73,0.274,2,1
0,4,30,0,N,nb17,1350,-0.835,-0.949,2,1
0,4,30,0,N,nb18,1350,-1.717,-0.24,1,1
0,4,30,0,N,nb19,1350,0.985,1.128,1,1
0,4,30,0,N,nb20,1350,-0.048,-1.392,1,1
0,4,30,0,N,nb21,1350,0.905,0.033,1,1
0,4,30,0,N,nb22,1350,0.542,1.46,1,1
0,4,30,0,N,nb23,1350,0.518,1.705,2,1
0,4,30,0,N,nb24,1350,-0.386,-0.775,1,1
0,4,30,0,N,nb25,1350,-1.605,-0.449,3,1
0,4,30,0,N,nb26,1350,0.68,0.037,2,1
0,4,30,0,N,nb27,1350,-1.317,-0.798,1,0
0,4,30,0,N,nb28,1350,-1.395,-0.574,3,1
0,4,30,0,N,nb29,1350,0.111,1.866,1,1
0,4,30,0,N,nb0,1355,-1.69,-0.671,1,0
0,4,30,0,N,nb1,1355,0.341,1.866,2,1
0,4,30,0,N,nb2,1355,1.415,0.086,2,1
0,4,30,0,N,nb3,1355,-1.185,-0.464,1,1
0,4,30,0,N,nb4,1355,-0.686,-1.11,2,1
0,4,30,0,N,nb5,1355,0.475,-0.089,1,1
0,4,30,0,N,nb6,1355,0.285,-0.515,1,1
0,4,30,0,N,nb7,1355,1.56,0.454,1,1
0,4,30,0,N,nb8,1355,0.235,-0.699,1,1
0,4,30,0,N,nb9,1355,0.148,-0.984,1,1
0,4,30,0,N,nb10,1355,0.032,-1.164,2,1
0,4,30,0,N,nb11,1355,1.471,-0.293,1,0
0,4,30,0,N,nb12,1355,0.752,1.088,1,1
0,4,30,0,N,nb13,1355,1.299,-0.13,2,1
0,4,30,0,N,nb14,1355,-0.6,-0.886,3,1
0,4,30,0,N,nb15,1355,1.638,0.057,2,1
0,4,30,0,N,nb16,1355,1.73,0.274,2,1
0,4,30,0,N,nb17,1355,-0.835,-0.949,2,1
0,4,30,0,N,nb18,1355,-1.717,-0.24,1,1
0,4,30,0,N,nb19,1355,0.985,1.128,1,1
0,4,30,0,N,nb20,1355,-0.048,-1.392,1,1
0,4,30,0,N,nb21,1355,0.905,0.033,1,1
0,4,30,0,N,nb22,1355,0.542,1.46,1,1
0,4,30,0,N,nb23,1355,0.518,1.705,2,1
0,4,30,0,N,nb24,1355,-0.386,-0.775,1,1
0,4,30,0,N,nb25,1355,-1.605,-0.449,3,1
0,4,30,0,N,nb26,1355,0.68,0.037,2,1
0,4,30,0,N,nb27,1355,-1.317,-0.798,1,1
0,4,30,0,N,nb28,1355,-1.395,-0.574,3,1
0,4,30,0,N,nb29,1355,0.111,1.866,1,1
0,4,30,0,N,nb0,1360,-1.69,-0.671,1,1
0,4,30,0,N,nb1,1360,0.341,1.866,2,1
0,4,30,0,N,nb2,1360,1.415,0.086,2,1
0,4,30,0,N,nb3,1360,-1.185,-0.464,1,1
0,4,30,0,N,nb4,1360,-0.686,-1.11,2,1
0,4,30,0,N,nb5,1360,0.475,-0.089,1,1
0,4,30,0,N,nb6,1360,0.285,-0.515,1,1
0,4,30,0,N,nb7,1360,1.56,0.454,1,1
0,4,30,0,N,nb8,1360,0.235,-0.699,1,1
0,4,30,0,N,nb9,1360,0.148,-0.984,1,1
0,4,30,0,N,nb10,1360,0.032,-1.164,2,1
0,4,30,0,N,nb11,1360,1.471,-0.293,1,1
0,4,30,0,N,nb12,1360,0.752,1.088,1,1
0,4,30,0,N,nb13,1360,1.299,-0.13,2,1
0,4,30,0,N,nb14,1360,-0.6,-0.886,3,1
0,4,30,0,N,nb15,1360,1.638,0.057,2,1
0,4,30,0,N,nb16,1360,1.73,0.274,2,1
0,4,30,0,N,nb17,1360,-0.835,-0.949,2,1
0,4,30,0,N,nb18,1360,-1.717,-0.24,1,1
0,4,30,0,N,nb19,1360,0.985,1.128,1,1
0,4,30,0,N,nb20,1360,-0.048,-1.392,1,1
0,4,30,0,N,nb21,1360,0.905,0.033,1,1
0,4,30,0,N,nb22,1360,0.542,1.46,1,0
0,4,30,0,N,nb23,1360,0.518,1.705,2,0
0,4,30,0,N,nb24,1360,-0.386,-0.775,1,1
0,4,30,0,N,nb25,1360,-1.605,-0.449,3,1
0,4,30,0,N,nb26,1360,0.68,0.037,2,1
0,4,30,0,N,nb27,1360,-1.317,-0.798,1,1
0,4,30,0,N,nb28,1360,-1.395,-0.574,3,1
0,4,30,0,N,nb29,1360,0.111,1.866,1,1
0,4,30,0,N,nb0,1365,-1.69,-0.671,1,1
0,4,30,0,N,nb1,1365,0.341,1.866,2,1
0,4,30,0,N,nb2,1365,1.415,0.086,2,1
0,4,30,0,N,nb3,1365,-1.185,-0.464,1,1
0,4,30,0,N,nb4,1365,-0.686,-1.11,2,1
0,4,30,0,N,nb5,1365,0.475,-0.089,1,1
0,4,30,0,N,nb6,1365,0.285,-0.515,1,1
0,4,30,0,N,nb7,1365,1.56,0.454,1,1
0,4,30,0,N,nb8,1365,0.235,-0.699,1,1
0,4,30,0,N,nb9,1365,0.148,-0.984,1,1
0,4,30,0,N,nb10,1365,0.032,-1.164,2,1
0,4,30,0,N,nb11,1365,1.471,-0.293,1,1
0,4,30,0,N,nb12,1365,0.752,1.088,1,1
0,4,30,0,N,nb13,1365,1.299,-0.13,2,1
0,4,30,0,N,nb14,1365,-0.6,-0.886,3,1
0,4,30,0,N,nb15,1365,1.638,0.057,2,1
0,4,30,0,N,nb16,1365,1.73,0.274,2,1
0,4,30,0,N,nb17,1365,-0.835,-0.949,2,1
0,4,30,0,N,nb18,1365,-1.717,-0.24,1,1
0,4,30,0,N,nb19,1365,0.985,1.128,1,1
0,4,30,0,N,nb20,1365,-0.048,-1.392,1,1
0,4,30,0,N,nb21,1365,0.905,0.033,1,1
0,4,30,0,N,nb22,1365,0.542,1.46,1,1
0,4,30,0,N,nb23,1365,0.518,1.705,2,1
0,4,30,0,N,nb24,1365,-0.386,-0.775,1,1
0,4,30,0,N,nb25,1365,-1.605,-0.449,3,1
0,4,30,0,N,nb26,1365,0.68,0.037,2,1
0,4,30,0,N,nb27,1365,-1.317,-0.798,1,1
0,4,30,0,N,nb28,1365,-1.395,-0.574,3,1
0,4,30,0,N,nb29,1365,0.111,1.866,1,1
0,4,30,0,N,nb0,1370,-1.69,-0.671,1,1
0,4,30,0,N,nb1,1370,0.341,1.866,2,1
0,4,30,0,N,nb2,1370,1.415,0.086,2,1
0,4,30,0,N,nb3,1370,-1.185,-0.464,1,1
0,4,30,0,N,nb4,1370,-0.686,-1.11,2,1
0,4,30,0,N,nb5,1370,0.475,-0.089,1,0
0,4,30,0,N,nb6,1370,0.285,-0.515,1,1
0,4,30,0,N,nb7,1370,1.56,0.454,1,1
0,4,30,0,N,nb8,1370,0.235,-0.699,1,1
0,4,30,0,N,nb9,1370,0.148,-0.984,1,1
0,4,30,0,N,nb10,1370,0.032,-1.164,2,1
0,4,30,0,N,nb11,1370,1.471,-0.293,1,1
0,4,30,0,N,nb12,1370,0.752,1.088,1,1
0,4,30,0,N,nb13,1370,1.299,-0.13,2,1
0,4,30,0,N,nb14,1370,-0.6,-0.886,3,1
0,4,30,0,N,nb15,1370,1.638,0.057,2,1
0,4,30,0,N,nb16,1370,1.73,0.274,2,1
0,4,30,0,N,nb17,1370,-0.835,-0.949,2,1
0,4,30,0,N,nb18,1370,-1.717,-0.24,1,1
0,4,30,0,N,nb19,1370,0.985,1.128,1,1
0,4,30,0,N,nb20,1370,-0.048,-1.392,1,1
0,4,30,0,N,nb21,1370,0.905,0.033,1,1
0,4,30,0,N,nb22,1370,0.542,1.46,1,1
0,4,30,0,N,nb23,1370,0.518,1.705,2,1
0,4,30,0,N,nb24,1370,-0.386,-0.775,1,1
0,4,30,0,N,nb25,1370,-1.605,-0.449,3,1
0,4,30,0,N,nb26,1370,0.68,0.037,2,1
0,4,30,0,N,nb27,1370,-1.317,-0.798,1,1
0,4,30,0,N,nb28,1370,-1.395,-0.574,3,1
0,4,30,0,N,nb29,1370,0.111,1.866,1,1
0,4,30,0,N,nb0,1375,-1.69,-0.671,1,1
0,4,30,0,N,nb1,1375,0.341,1.866,2,1
0,4,30,0,N,nb2,1375,1.415,0.086,2,1
0,4,30,0,N,nb3,1375,-1.185,-0.464,1,1
0,4,30,0,N,nb4,1375,-0.686,-1.11,2,1
0,4,30,0,N,nb5,1375,0.475,-0.089,1,1
0,4,30,0,N,nb6,1375,0.285,-0.515,1,1
0,4,30,0,N,nb7,1375,1.56,0.454,1,1
0,4,30,0,N,nb8,1375,0.235,-0.699,1,1
0,4,30,0,N,nb9,1375,0.148,-0.984,1,1
0,4,30,0,N,nb10,1375,0.032,-1.164,2,1
0,4,30,0,N,nb11,1375,1.471,-0.293,1,1
0,4,30,0,N,nb12,1375,0.752,1.088,1,1
0,4,30,0,N,nb13,1375,1.299,-0.13,2,1
0,4,30,0,N,nb14,1375,-0.6,-0.886,3,1
0,4,30,0,N,nb15,1375,1.638,0.057,2,1
0,4,30,0,N,nb16,1375,1.73,0.274,2,1
0,4,30,0,N,nb17,1375,-0.835,-0.949,2,1
0,4,30,0,N,nb18,1375,-1.717,-0.24,1,1
0,4,30,0,N,nb19,1375,0.985,1.128,1,1
0,4,30,0,N,nb20,1375,-0.048,-1.392,1,1
0,4,30,0,N,nb21,1375,0.905,0.033,1,1
0,4,30,0,N,nb22,1375,0.542,1.46,1,1
0,4,30,0,N,nb23,1375,0.518,1.705,2,1
0,4,30,0,N,nb24,1375,-0.386,-0.775,1,1
0,4,30,0,N,nb25,1375,-1.605,-0.449,3,1
0,4,30,0,N,nb26,1375,0.68,0.037,2,1
0,4,30,0,N,nb27,1375,-1.317,-0.798,1,1
0,4,30,0,N,nb28,1375,-1.395,-0.574,3,1
0,4,30,0,N,nb29,1375,0.111,1.866,1,1
0,4,30,0,N,nb0,1380,-1.69,-0.671,1,1
0,4,30,0,N,nb1,1380,0.341,1.866,2,1
0,4,30,0,N,nb2,1380,1.415,0.086,2,1
0,4,30,0,N,nb3,1380,-1.185,-0.464,1,1
0,4,30,0,N,nb4,1380,-0.686,-1.11,2,1
0,4,30,0,N,nb5,1380,0.475,-0.089,1,1
0,4,30,0,N,nb6,1380,0.285,-0.515,1,1
0,4,30,0,N,nb7,1380,1.56,0.454,1,1
0,4,30,0,N,nb8,1380,0.235,-0.699,1,1
0,4,30,0,N,nb9,1380,0.148,-0.984,1,1
0,4,30,0,N,nb10,1380,0.032,-1.164,2,1
0,4,30,0,N,nb11,1380,1.471,-0.293,1,1
0,4,30,0,N,nb12,1380,0.752,1.088,1,1
0,4,30,0,N,nb13,1380,1.299,-0.13,2,1
0,4,30,0,N,nb14,1380,-0.6,-0.886,3,1
0,4,30,0,N,nb15,1380,1.638,0.057,2,1
0,4,30,0,N,nb16,1380,1.73,0.274,2,1
0,4,30,0,N,nb17,1380,-0.835,-0.949,2,1
0,4,30,0,N,nb18,1380,-1.717,-0.24,1,1
0,4,30,0,N,nb19,1380,0.985,1.128,1,1
0,4,30,0,N,nb20,1380,-0.048,-1.392,1,1
0,4,30,0,N,nb21,1380,0.905,0.033,1,1
0,4,30,0,N,nb22,1380,0.542,1.46,1,1
0,4,30,0,N,nb23,1380,0.518,1.705,2,1
0,4,30,0,N,nb24,1380,-0.386,-0.775,1,1
0,4,30,0,N,nb25,1380,-1.605,-0.449,3,1
0,4,30,0,N,nb26,1380,0.68,0.037,2,1
0,4,30,0,N,nb27,1380,-1.317,-0.798,1,1
0,4,30,0,N,nb28,1380,-1.395,-0.574,3,1
0,4,30,0,N,nb29,1380,0.111,1.866,1,1
0,4,30,0,N,nb0,1385,-1.69,-0.671,1,1
0,4,30,0,N,nb1,1385,0.341,1.866,2,1
0,4,30,0,N,nb2,1385,1.415,0.086,2,1
0,4,30,0,N,nb3,1385,-1.185,-0.464,1,1
0,4,30,0,N,nb4,1385,-0.686,-1.11,2,1
0,4,30,0,N,nb5,1385,0.475,-0.089,1,1
0,4,30,0,N,nb6,1385,0.285,-0.515,1,1
0,4,30,0,N,nb7,1385,1.56,0.454,1,1
0,4,30,0,N,nb8,1385,0.235,-0.699,1,1
0,4,30,0,N,nb9,1385,0.148,-0.984,1,1
0,4,30,0,N,nb10,1385,0.032,-1.164,2,1
0,4,30,0,N,nb11,1385,1.471,-0.293,1,1
0,4,30,0,N,nb12,1385,0.752,1.088,1,1
0,4,30,0,N,nb13,1385,1.299,-0.13,2,1
0,4,30,0,N,nb14,1385,-0.6,-0.886,3,1
0,4,30,0,N,nb15,1385,1.638,0.057,2,1
0,4,30,0,N,nb16,1385,1.73,0.274,2,1
0,4,30,0,N,nb17,1385,-0.835,-0.949,2,1
0,4,30,0,N,nb18,1385,-1.717,-0.24,1,1
0,4,30,0,N,nb19,1385,0.985,1.128,1,1
0,4,30,0,N,nb20,1385,-0.048,-1.392,1,1
0,4,30,0,N,nb21,1385,0.905,0.033,1,1
0,4,30,0,N,nb22,1385,0.542,1.46,1,1
0,4,30,0,N,nb23,1385,0.518,1.705,2,1
0,4,30,0,N,nb24,1385,-0.386,-0.775,1,1
0,4,30,0,N,nb25,1385,-1.605,-0.449,3,1
0,4,30,0,N,nb26,1385,0.68,0.037,2,1
0,4,30,0,N,nb27,1385,-1.317,-0.798,1,1
0,4,30,0,N,nb28,1385,-1.395,-0.574,3,1
0,4,30,0,N,nb29,1385,0.111,1.866,1,0
0,4,30,0,N,nb0,1390,-1.69,-0.671,1,1
0,4,30,0,N,nb1,1390,0.341,1.866,2,1
0,4,30,0,N,nb2,1390,1.415,0.086,2,1
0,4,30,0,N,nb3,1390,-1.185,-0.464,1,1
0,4,30,0,N,nb4,1390,-0.686,-1.11,2,1
0,4,30,0,N,nb5,1390,0.475,-0.089,1,1
0,4,30,0,N,nb6,1390,0.285,-0.515,1,1
0,4,30,0,N,nb7,1390,1.56,0.454,1,1
0,4,30,0,N,nb8,1390,0.235,-0.699,1,1
0,4,30,0,N,nb9,1390,0.148,-0.984,1,1
0,4,30,0,N,nb10,1390,0.032,-1.164,2,1
0,4,30,0,N,nb11,1390,1.471,-0.293,1,1
0,4,30,0,N,nb12,1390,0.752,1.088,1,1
0,4,30,0,N,nb13,1390,1.299,-0.13,2,1
0,4,30,0,N,nb14,1390,-0.6,-0.886,3,1
0,4,30,0,N,nb15,1390,1.638,0.057,2,1
0,4,30,0,N,nb16,1390,1.73,0.274,2,1
0,4,30,0,N,nb17,1390,-0.835,-0.949,2,1
0,4,30,0,N,nb18,1390,-1.717,-0.24,1,1
0,4,30,0,N,nb19,1390,0.985,1.128,1,1
0,4,30,0,N,nb20,1390,-0.048,-1.392,1,0
0,4,30,0,N,nb21,1390,0.905,0.033,1,1
0,4,30,0,N,nb22,1390,0.542,1.46,1,1
0,4,30,0,N,nb23,1390,0.518,1.705,2,1
0,4,30,0,N,nb24,1390,-0.386,-0.775,1,1
0,4,30,0,N,nb25,1390,-1.605,-0.449,3,1
0,4,30,0,N,nb26,1390,0.68,0.037,2,1
0,4,30,0,N,nb27,1390,-1.317,-0.798,1,1
0,4,30,0,N,nb28,1390,-1.395,-0.574,3,1
0,4,30,0,N,nb29,1390,0.111,1.866,1,1
0,4,30,0,N,nb0,1395,-1.69,-0.671,1,1
0,4,30,0,N,nb1,1395,0.341,1.866,2,1
0,4,30,0,N,nb2,1395,1.415,0.086,2,1
0,4,30,0,N,nb3,1395,-1.185,-0.464,1,1
0,4,30,0,N,nb4,1395,-0.686,-1.11,2,0
0,4,30,0,N,nb5,1395,0.475,-0.089,1,1
0,4,30,0,N,nb6,1395,0.285,-0.515,1,0
0,4,30,0,N,nb7,1395,1.56,0.454,1,1
0,4,30,0,N,nb8,1395,0.235,-0.699,1,0
0,4,30,0,N,nb9,1395,0.148,-0.984,1,0
0,4,30,0,N,nb10,1395,0.032,-1.164,2,0
0,4,30,0,N,nb11,1395,1.471,-0.293,1,1
0,4,30,0,N,nb12,1395,0.752,1.088,1,1
0,4,30,0,N,nb13,1395,1.299,-0.13,2,0
0,4,30,0,N,nb14,1395,-0.6,-0.886,3,1
0,4,30,0,N,nb15,1395,1.638,0.057,2,1
0,4,30,0,N,nb16,1395,1.73,0.274,2,1
0,4,30,0,N,nb17,1395,-0.835,-0.949,2,0
0,4,30,0,N,nb18,1395,-1.717,-0.24,1,1
0,4,30,0,N,nb19,1395,0.985,1.128,1,1
0,4,30,0,N,nb20,1395,-0.048,-1.392,1,1
0,4,30,0,N,nb21,1395,0.905,0.033,1,1
0,4,30,0,N,nb22,1395,0.542,1.46,1,1
0,4,30,0,N,nb23,1395,0.518,1.705,2,1
0,4,30,0,N,nb24,1395,-0.386,-0.775,1,1
0,4,30,0,N,nb25,1395,-1.605,-0.449,3,1
0,4,30,0,N,nb26,1395,0.68,0.037,2,1
0,4,30,0,N,nb27,1395,-1.317,-0.798,1,1
0,4,30,0,N,nb28,1395,-1.395,-0.574,3,1
0,4,30,0,N,nb29,1395,0.111,1.866,1,1
0,4,30,0,N,nb0,1400,-1.69,-0.671,1,1
0,4,30,0,N,nb1,1400,0.341,1.866,2,1
0,4,30,0,N,nb2,1400,1.415,0.086,2,1
0,4,30,0,N,nb3,1400,-1.185,-0.464,1,0
0,4,30,0,N,nb4,1400,-0.686,-1.11,2,1
0,4,30,0,N,nb5,1400,0.475,-0.089,1,1
0,4,30,0,N,nb6,1400,0.285,-0.515,1,1
0,4,30,0,N,nb7,1400,1.56,0.454,1,1
0,4,30,0,N,nb8,1400,0.235,-0.699,1,1
0,4,30,0,N,nb9,1400,0.148,-0.984,1,1
0,4,30,0,N,nb10,1400,0.032,-1.164,2,1
0,4,30,0,N,nb11,1400,1.471,-0.293,1,1
0,4,30,0,N,nb12,1400,0.752,1.088,1,1
0,4,30,0,N,nb13,1400,1.299,-0.13,2,1
0,4,30,0,N,nb14,1400,-0.6,-0.886,3,1
0,4,30,0,N,nb15,1400,1.638,0.057,2,1
0,4,30,0,N,nb16,1400,1.73,0.274,2,1
0,4,30,0,N,nb17,1400,-0.835,-0.949,2,1
0,4,30,0,N,nb18,1400,-1.717,-0.24,1,1
0,4,30,0,N,nb19,1400,0.985,1.128,1,1
0,4,30,0,N,nb20,1400,-0.048,-1.392,1,1
0,4,30,0,N,nb21,1400,0.905,0.033,1,1
0,4,30,0,N,nb22,1400,0.542,1.46,1,1
0,4,30,0,N,nb23,1400,0.518,1.705,2,1
0,4,30,0,N,nb24,1400,-0.386,-0.775,1,1
0,4,30,0,N,nb25,1400,-1.605,-0.449,3,1
0,4,30,0,N,nb26,1400,0.68,0.037,2,1
0,4,30,0,N,nb27,1400,-1.317,-0.798,1,1
0,4,30,0,N,nb28,1400,-1.395,-0.574,3,0
0,4,30,0,N,nb29,1400,0.111,1.866,1,1
0,4,30,0,N,nb0,1405,-1.69,-0.671,1,1
0,4,30,0,N,nb1,1405,0.341,1.866,2,1
0,4,30,0,N,nb2,1405,1.415,0.086,2,1
0,4,30,0,N,nb3,1405,-1.185,-0.464,1,1
0,4,30,0,N,nb4,1405,-0.686,-1.11,2,1
0,4,30,0,N,nb5,1405,0.475,-0.089,1,1
0,4,30,0,N,nb6,1405,0.285,-0.515,1,1
0,4,30,0,N,nb7,1405,1.56,0.454,1,1
0,4,30,0,N,nb8,1405,0.235,-0.699,1,1
0,4,30,0,N,nb9,1405,0.148,-0.984,1,1
0,4,30,0,N,nb10,1405,0.032,-1.164,2,1
0,4,30,0,N,nb11,1405,1.471,-0.293,1,1
0,4,30,0,N,nb12,1405,0.752,1.088,1,1
0,4,30,0,N,nb13,1405,1.299,-0.13,2,1
0,4,30,0,N,nb14,1405,-0.6,-0.886,3,1
0,4,30,0,N,nb15,1405,1.638,0.057,2,1
0,4,30,0,N,nb16,1405,1.73,0.274,2,1
0,4,30,0,N,nb17,1405,-0.835,-0.949,2,1
0,4,30,0,N,nb18,1405,-1.717,-0.24,1,1
0,4,30,0,N,nb19,1405,0.985,1.128,1,1
0,4,30,0,N,nb20,1405,-0.048,-1.392,1,1
0,4,30,0,N,nb21,1405,0.905,0.033,1,1
0,4,30,0,N,nb22,1405,0.542,1.46,1,1
0,4,30,0,N,nb23,1405,0.518,1.705,2,1
0,4,30,0,N,nb24,1405,-0.386,-0.775,1,1
0,4,30,0,N,nb25,1405,-1.605,-0.449,3,1
0,4,30,0,N,nb26,1405,0.68,0.037,2,1
0,4,30,0,N,nb27,1405,-1.317,-0.798,1,1
0,4,30,0,N,nb28,1405,-1.395,-0.574,3,1
0,4,30,0,N,nb29,1405,0.111,1.866,1,1
0,4,30,0,N,nb0,1410,-1.69,-0.671,1,1
0,4,30,0,N,nb1,1410,0.341,1.866,2,1
0,4,30,0,N,nb2,1410,1.415,0.086,2,1
0,4,30,0,N,nb3,1410,-1.185,-0.464,1,1
0,4,30,0,N,nb4,1410,-0.686,-1.11,2,1
0,4,30,0,N,nb5,1410,0.475,-0.089,1,1
0,4,30,0,N,nb6,1410,0.285,-0.515,1,1
0,4,30,0,N,nb7,1410,1.56,0.454,1,1
0,4,30,0,N,nb8,1410,0.235,-0.699,1,1
0,4,30,0,N,nb9,1410,0.148,-0.984,1,1
0,4,30,0,N,nb10,1410,0.032,-1.164,2,1
0,4,30,0,N,nb11,1410,1.471,-0.293,1,1
0,4,30,0,N,nb12,1410,0.752,1.088,1,1
0,4,30,0,N,nb13,1410,1.299,-0.13,2,1
0,4,30,0,N,nb14,1410,-0.6,-0.886,3,1
0,4,30,0,N,nb15,1410,1.638,0.057,2,1
0,4,30,0,N,nb16,1410,1.73,0.274,2,1
0,4,30,0,N,nb17,1410,-0.835,-0.949,2,1
0,4,30,0,N,nb18,1410,-1.717,-0.24,1,1
0,4,30,0,N,nb19,1410,0.985,1.128,1,1
0,4,30,0,N,nb20,1410,-0.048,-1.392,1,1
0,4,30,0,N,nb21,1410,0.905,0.033,1,1
0,4,30,0,N,nb22,1410,0.542,1.46,1,1
0,4,30,0,N,nb23,1410,0.518,1.705,2,1
0,4,30,0,N,nb24,1410,-0.386,-0.775,1,1
0,4,30,0,N,nb25,1410,-1.605,-0.449,3,1
0,4,30,0,N,nb26,1410,0.68,0.037,2,1
0,4,30,0,N,nb27,1410,-1.317,-0.798,1,1
0,4,30,0,N,nb28,1410,-1.395,-0.574,3,1
0,4,30,0,N,nb29,1410,0.111,1.866,1,1
0,4,30,0,N,nb0,1415,-1.69,-0.671,1,1
0,4,30,0,N,nb1,1415,0.341,1.866,2,0
0,4,30,0,N,nb2,1415,1.415,0.086,2,1
0,4,30,0,N,nb3,1415,-1.185,-0.464,1,1
0,4,30,0,N,nb4,1415,-0.686,-1.11,2,1
0,4,30,0,N,nb5,1415,0.475,-0.089,1,1
0,4,30,0,N,nb6,1415,0.285,-0.515,1,1
0,4,30,0,N,nb7,1415,1.56,0.454,1,0
0,4,30,0,N,nb8,1415,0.235,-0.699,1,1
0,4,30,0,N,nb9,1415,0.148,-0.984,1,1
0,4,30,0,N,nb10,1415,0.032,-1.164,2,1
0,4,30,0,N,nb11,1415,1.471,-0.293,1,1
0,4,30,0,N,nb12,1415,0.752,1.088,1,1
0,4,30,0,N,nb13,1415,1.299,-0.13,2,1
0,4,30,0,N,nb14,1415,-0.6,-0.886,3,1
0,4,30,0,N,nb15,1415,1.638,0.057,2,1
0,4,30,0,N,nb16,1415,1.73,0.274,2,1
0,4,30,0,N,nb17,1415,-0.835,-0.949,2,1
0,4,30,0,N,nb18,1415,-1.717,-0.24,1,1
0,4,30,0,N,nb19,1415,0.985,1.128,1,1
0,4,30,0,N,nb20,1415,-0.048,-1.392,1,1
0,4,30,0,N,nb21,1415,0.905,0.033,1,1
0,4,30,0,N,nb22,1415,0.542,1.46,1,1
0,4,30,0,N,nb23,1415,0.518,1.705,2,1
0,4,30,0,N,nb24,1415,-0.386,-0.775,1,1
0,4,30,0,N,nb25,1415,-1.605,-0.449,3,1
0,4,30,0,N,nb26,1415,0.68,0.037,2,1
0,4,30,0,N,nb27,1415,-1.317,-0.798,1,1
0,4,30,0,N,nb28,1415,-1.395,-0.574,3,1
0,4,30,0,N,nb29,1415,0.111,1.866,1,1
0,4,30,0,N,nb0,1420,-1.69,-0.671,1,1
0,4,30,0,N,nb1,1420,0.341,1.866,2,1
0,4,30,0,N,nb2,1420,1.415,0.086,2,1
0,4,30,0,N,nb3,1420,-1.185,-0.464,1,1
0,4,30,0,N,nb4,1420,-0.686,-1.11,2,1
0,4,30,0,N,nb5,1420,0.475,-0.089,1,1
0,4,30,0,N,nb6,1420,0.285,-0.515,1,1
0,4,30,0,N,nb7,1420,1.56,0.454,1,1
0,4,30,0,N,nb8,1420,0.235,-0.699,1,1
0,4,30,0,N,nb9,1420,0.148,-0.984,1,1
0,4,30,0,N,nb10,1420,0.032,-1.164,2,1
0,4,30,0,N,nb11,1420,1.471,-0.293,1,1
0,4,30,0,N,nb12,1420,0.752,1.088,1,1
0,4,30,0,N,nb13,1420,1.299,-0.13,2,1
0,4,30,0,N,nb14,1420,-0.6,-0.886,3,1
0,4,30,0,N,nb15,1420,1.638,0.057,2,1
0,4,30,0,N,nb16,1420,1.73,0.274,2,1
0,4,30,0,N,nb17,1420,-0.835,-0.949,2,1
0,4,30,0,N,nb18,1420,-1.717,-0.24,1,1
0,4,30,0,N,nb19,1420,0.985,1.128,1,1
0,4,30,0,N,nb20,1420,-0.048,-1.392,1,1
0,4,30,0,N,nb21,1420,0.905,0.033,1,1
0,4,30,0,N,nb22,1420,0.542,1.46,1,1
0,4,30,0,N,nb23,1420,0.518,1.705,2,1
0,4,30,0,N,nb24,1420,-0.386,-0.775,1,1
0,4,30,0,N,nb25,1420,-1.605,-0.449,3,1
0,4,30,0,N,nb26,1420,0.68,0.037,2,1
0,4,30,0,N,nb27,1420,-1.317,-0.798,1,1
0,4,30,0,N,nb28,1420,-1.395,-0.574,3,1
0,4,30,0,N,nb29,1420,0.111,1.866,1,1
0,4,30,0,N,nb0,1425,-1.69,-0.671,1,1
0,4,30,0,N,nb1,1425,0.341,1.866,2,1
0,4,30,0,N,nb2,1425,1.415,0.086,2,1
0,4,30,0,N,nb3,1425,-1.185,-0.464,1,1
0,4,30,0,N,nb4,1425,-0.686,-1.11,2,1
0,4,30,0,N,nb5,1425,0.475,-0.089,1,1
0,4,30,0,N,nb6,1425,0.285,-0.515,1,1
0,4,30,0,N,nb7,1425,1.56,0.454,1,1
0,4,30,0,N,nb8,1425,0.235,-0.699,1,1
0,4,30,0,N,nb9,1425,0.148,-0.984,1,1
0,4,30,0,N,nb10,1425,0.032,-1.164,2,1
0,4,30,0,N,nb11,1425,1.471,-0.293,1,1
0,4,30,0,N,nb12,1425,0.752,1.088,1,1
0,4,30,0,N,nb13,1425,1.299,-0.13,2,1
0,4,30,0,N,nb14,1425,-0.6,-0.886,3,1
0,4,30,0,N,nb15,1425,1.638,0.057,2,1
0,4,30,0,N,nb16,1425,1.73,0.274,2,1
0,4,30,0,N,nb17,1425,-0.835,-0.949,2,1
0,4,30,0,N,nb18,1425,-1.717,-0.24,1,1
0,4,30,0,N,nb19,1425,0.985,1.128,1,1
0,4,30,0,N,nb20,1425,-0.048,-1.392,1,1
0,4,30,0,N,nb21,1425,0.905,0.033,1,1
0,4,30,0,N,nb22,1425,0.542,1.46,1,1
0,4,30,0,N,nb23,1425,0.518,1.705,2,1
0,4,30,0,N,nb24,1425,-0.386,-0.775,1,1
0,4,30,0,N,nb25,1425,-1.605,-0.449,3,1
0,4,30,0,N,nb26,1425,0.68,0.037,2,1
0,4,30,0,N,nb27,1425,-1.317,-0.798,1,1
0,4,30,0,N,nb28,1425,-1.395,-0.574,3,1
0,4,30,0,N,nb29,1425,0.111,1.866,1,1
0,4,30,0,N,nb0,1430,-1.69,-0.671,1,1
0,4,30,0,N,nb1,1430,0.341,1.866,2,1
0,4,30,0,N,nb2,1430,1.415,0.086,2,0
0,4,30,0,N,nb3,1430,-1.185,-0.464,1,1
0,4,30,0,N,nb4,1430,-0.686,-1.11,2,1
0,4,30,0,N,nb5,1430,0.475,-0.089,1,1
0,4,30,0,N,nb6,1430,0.285,-0.515,1,1
0,4,30,0,N,nb7,1430,1.56,0.454,1,1
0,4,30,0,N,nb8,1430,0.235,-0.699,1,1
0,4,30,0,N,nb9,1430,0.148,-0.984,1,1
0,4,30,0,N,nb10,1430,0.032,-1.164,2,1
0,4,30,0,N,nb11,1430,1.471,-0.293,1,1
0,4,30,0,N,nb12,1430,0.752,1.088,1,1
0,4,30,0,N,nb13,1430,1.299,-0.13,2,1
0,4,30,0,N,nb14,1430,-0.6,-0.886,3,1
0,4,30,0,N,nb15,1430,1.638,0.057,2,0
0,4,30,0,N,nb16,1430,1.73,0.274,2,1
0,4,30,0,N,nb17,1430,-0.835,-0.949,2,1
0,4,30,0,N,nb18,1430,-1.717,-0.24,1,1
0,4,30,0,N,nb19,1430,0.985,1.128,1,1
0,4,30,0,N,nb20,1430,-0.048,-1.392,1,1
0,4,30,0,N,nb21,1430,0.905,0.033,1,1
0,4,30,0,N,nb22,1430,0.542,1.46,1,1
0,4,30,0,N,nb23,1430,0.518,1.705,2,1
0,4,30,0,N,nb24,1430,-0.386,-0.775,1,1
0,4,30,0,N,nb25,1430,-1.605,-0.449,3,1
0,4,30,0,N,nb26,1430,0.68,0.037,2,1
0,4,30,0,N,nb27,1430,-1.317,-0.798,1,1
0,4,30,0,N,nb28,1430,-1.395,-0.574,3,1
0,4,30,0,N,nb29,1430,0.111,1.866,1,1
0,4,30,0,N,nb0,1435,-1.69,-0.671,1,1
0,4,30,0,N,nb1,1435,0.341,1.866,2,1
0,4,30,0,N,nb2,1435,1.415,0.086,2,1
0,4,30,0,N,nb3,1435,-1.185,-0.464,1,1
0,4,30,0,N,nb4,1435,-0.686,-1.11,2,1
0,4,30,0,N,nb5,1435,0.475,-0.089,1,1
0,4,30,0,N,nb6,1435,0.285,-0.515,1,1
0,4,30,0,N,nb7,1435,1.56,0.454,1,1
0,4,30,0,N,nb8,1435,0.235,-0.699,1,1
0,4,30,0,N,nb9,1435,0.148,-0.984,1,1
0,4,30,0,N,nb10,1435,0.032,-1.164,2,1
0,4,30,0,N,nb11,1435,1.471,-0.293,1,1
0,4,30,0,N,nb12,1435,0.752,1.088,1,1
0,4,30,0,N,nb13,1435,1.299,-0.13,2,1
0,4,30,0,N,nb14,1435,-0.6,-0.886,3,1
0,4,30,0,N,nb15,1435,1.638,0.057,2,1
0,4,30,0,N,nb16,1435,1.73,0.274,2,1
0,4,30,0,N,nb17,1435,-0.835,-0.949,2,1
0,4,30,0,N,nb18,1435,-1.717,-0.24,1,1
0,4,30,0,N,nb19,1435,0.985,1.128,1,1
0,4,30,0,N,nb20,1435,-0.048,-1.392,1,1
0,4,30,0,N,nb21,1435,0.905,0.033,1,1
0,4,30,0,N,nb22,1435,0.542,1.46,1,1
0,4,30,0,N,nb23,1435,0.518,1.705,2,1
0,4,30,0,N,nb24,1435,-0.386,-0.775,1,1
0,4,30,0,N,nb25,1435,-1.605,-0.449,3,1
0,4,30,0,N,nb26,1435,0.68,0.037,2,1
0,4,30,0,N,nb27,1435,-1.317,-0.798,1,1
0,4,30,0,N,nb28,1435,-1.395,-0.574,3,1
0,4,30,0,N,nb29,1435,0.111,1.866,1,1
0,4,30,0,N,nb0,1440,-1.69,-0.671,1,1
0,4,30,0,N,nb1,1440,0.341,1.866,2,1
0,4,30,0,N,nb2,1440,1.415,0.086,2,1
0,4,30,0,N,nb3,1440,-1.185,-0.464,1,1
0,4,30,0,N,nb4,1440,-0.686,-1.11,2,1
0,4,30,0,N,nb5,1440,0.475,-0.089,1,1
0,4,30,0,N,nb6,1440,0.285,-0.515,1,1
0,4,30,0,N,nb7,1440,1.56,0.454,1,1
0,4,30,0,N,nb8,1440,0.235,-0.699,1,1
0,4,30,0,N,nb9,1440,0.148,-0.984,1,1
0,4,30,0,N,nb10,1440,0.032,-1.164,2,1
0,4,30,0,N,nb11,1440,1.471,-0.293,1,1
0,4,30,0,N,nb12,1440,0.752,1.088,1,1
0,4,30,0,N,nb13,1440,1.299,-0.13,2,1
0,4,30,0,N,nb14,1440,-0.6,-0.886,3,1
0,4,30,0,N,nb15,1440,1.638,0.057,2,1
0,4,30,0,N,nb16,1440,1.73,0.274,2,1
0,4,30,0,N,nb17,1440,-0.835,-0.949,2,1
0,4,30,0,N,nb18,1440,-1.717,-0.24,1,1
0,4,30,0,N,nb19,1440,0.985,1.128,1,1
0,4,30,0,N,nb20,1440,-0.048,-1.392,1,1
0,4,30,0,N,nb21,1440,0.905,0.033,1,1
0,4,30,0,N,nb22,1440,0.542,1.46,1,1
0,4,30,0,N,nb23,1440,0.518,1.705,2,1
0,4,30,0,N,nb24,1440,-0.386,-0.775,1,1
0,4,30,0,N,nb25,1440,-1.605,-0.449,3,1
0,4,30,0,N,nb26,1440,0.68,0.037,2,1
0,4,30,0,N,nb27,1440,-1.317,-0.798,1,1
0,4,30,0,N,nb28,1440,-1.395,-0.574,3,1
0,4,30,0,N,nb29,1440,0.111,1.866,1,1
0,4,30,0,N,nb0,1445,-1.69,-0.671,1,1
0,4,30,0,N,nb1,1445,0.341,1.866,2,1
0,4,30,0,N,nb2,1445,1.415,0.086,2,1
0,4,30,0,N,nb3,1445,-1.185,-0.464,1,1
0,4,30,0,N,nb4,1445,-0.686,-1.11,2,1
0,4,30,0,N,nb5,1445,0.475,-0.089,1,1
0,4,30,0,N,nb6,1445,0.285,-0.515,1,1
0,4,30,0,N,nb7,1445,1.56,0.454,1,1
0,4,30,0,N,nb8,1445,0.235,-0.699,1,1
0,4,30,0,N,nb9,1445,0.148,-0.984,1,1
0,4,30,0,N,nb10,1445,0.032,-1.164,2,1
0,4,30,0,N,nb11,1445,1.471,-0.293,1,1
0,4,30,0,N,nb12,1445,0.752,1.088,1,1
0,4,30,0,N,nb13,1445,1.299,-0.13,2,1
0,4,30,0,N,nb14,1445,-0.6,-0.886,3,1
0,4,30,0,N,nb15,1445,1.638,0.057,2,1
0,4,30,0,N,nb16,1445,1.73,0.274,2,1
0,4,30,0,N,nb17,1445,-0.835,-0.949,2,1
0,4,30,0,N,nb18,1445,-1.717,-0.24,1,1
0,4,30,0,N,nb19,1445,0.985,1.128,1,1
0,4,30,0,N,nb20,1445,-0.048,-1.392,1,1
0,4,30,0,N,nb21,1445,0.905,0.033,1,1
0,4,30,0,N,nb22,1445,0.542,1.46,1,1
0,4,30,0,N,nb23,1445,0.518,1.705,2,1
0,4,30,0,N,nb24,1445,-0.386,-0.775,1,1
0,4,30,0,N,nb25,1445,-1.605,-0.449,3,1
0,4,30,0,N,nb26,1445,0.68,0.037,2,1
0,4,30,0,N,nb27,1445,-1.317,-0.798,1,1
0,4,30,0,N,nb28,1445,-1.395,-0.574,3,1
0,4,30,0,N,nb29,1445,0.111,1.866,1,1
0,4,30,0,N,nb0,1450,-1.69,-0.671,1,1
0,4,30,0,N,nb1,1450,0.341,1.866,2,1
0,4,30,0,N,nb2,1450,1.415,0.086,2,1
0,4,30,0,N,nb3,1450,-1.185,-0.464,1,1
0,4,30,0,N,nb4,1450,-0.686,-1.11,2,1
0,4,30,0,N,nb5,1450,0.475,-0.089,1,1
0,4,30,0,N,nb6,1450,0.285,-0.515,1,1
0,4,30,0,N,nb7,1450,1.56,0.454,1,1
0,4,30,0,N,nb8,1450,0.235,-0.699,1,1
0,4,30,0,N,nb9,1450,0.148,-0.984,1,1
0,4,30,0,N,nb10,1450,0.032,-1.164,2,1
0,4,30,0,N,nb11,1450,1.471,-0.293,1,1
0,4,30,0,N,nb12,1450,0.752,1.088,1,1
0,4,30,0,N,nb13,1450,1.299,-0.13,2,1
0,4,30,0,N,nb14,1450,-0.6,-0.886,3,1
0,4,30,0,N,nb15,1450,1.638,0.057,2,1
0,4,30,0,N,nb16,1450,1.73,0.274,2,1
0,4,30,0,N,nb17,1450,-0.835,-0.949,2,1
0,4,30,0,N,nb18,1450,-1.717,-0.24,1,1
0,4,30,0,N,nb19,1450,0.985,1.128,1,1
0,4,30,0,N,nb20,1450,-0.048,-1.392,1,1
0,4,30,0,N,nb21,1450,0.905,0.033,1,1
0,4,30,0,N,nb22,1450,0.542,1.46,1,1
0,4,30,0,N,nb23,1450,0.518,1.705,2,1
0,4,30,0,N,nb24,1450,-0.386,-0.775,1,1
0,4,30,0,N,nb25,1450,-1.605,-0.449,3,1
0,4,30,0,N,nb26,1450,0.68,0.037,2,1
0,4,30,0,N,nb27,1450,-1.317,-0.798,1,1
0,4,30,0,N,nb28,1450,-1.395,-0.574,3,1
0,4,30,0,N,nb29,1450,0.111,1.866,1,1
0,4,30,0,N,nb0,1455,-1.69,-0.671,1,1
0,4,30,0,N,nb1,1455,0.341,1.866,2,1
0,4,30,0,N,nb2,1455,1.415,0.086,2,1
0,4,30,0,N,nb3,1455,-1.185,-0.464,1,1
0,4,30,0,N,nb4,1455,-0.686,-1.11,2,1
0,4,30,0,N,nb5,1455,0.475,-0.089,1,1
0,4,30,0,N,nb6,1455,0.285,-0.515,1,1
0,4,30,0,N,nb7,1455,1.56,0.454,1,1
0,4,30,0,N,nb8,1455,0.235,-0.699,1,1
0,4,30,0,N,nb9,1455,0.148,-0.984,1,1
0,4,30,0,N,nb10,1455,0.032,-1.164,2,1
0,4,30,0,N,nb11,1455,1.471,-0.293,1,1
0,4,30,0,N,nb12,1455,0.752,1.088,1,1
0,4,30,0,N,nb13,1455,1.299,-0.13,2,1
0,4,30,0,N,nb14,1455,-0.6,-0.886,3,1
0,4,30,0,N,nb15,1455,1.638,0.057,2,1
0,4,30,0,N,nb16,1455,1.73,0.274,2,1
0,4,30,0,N,nb17,1455,-0.835,-0.949,2,1
0,4,30,0,N,nb18,1455,-1.717,-0.24,1,1
0,4,30,0,N,nb19,1455,0.985,1.128,1,1
0,4,30,0,N,nb20,1455,-0.048,-1.392,1,1
0,4,30,0,N,nb21,1455,0.905,0.033,1,1
0,4,30,0,N,nb22,1455,0.542,1.46,1,1
0,4,30,0,N,nb23,1455,0.518,1.705,2,1
0,4,30,0,N,nb24,1455,-0.386,-0.775,1,1
0,4,30,0,N,nb25,1455,-1.605,-0.449,3,0
0,4,30,0,N,nb26,1455,0.68,0.037,2,1
0,4,30,0,N,nb27,1455,-1.317,-0.798,1,1
0,4,30,0,N,nb28,1455,-1.395,-0.574,3,1
0,4,30,0,N,nb29,1455,0.111,1.866,1,1
0,4,30,0,N,nb0,1460,-1.69,-0.671,1,1
0,4,30,0,N,nb1,1460,0.341,1.866,2,1
0,4,30,0,N,nb2,1460,1.415,0.086,2,1
0,4,30,0,N,nb3,1460,-1.185,-0.464,1,1
0,4,30,0,N,nb4,1460,-0.686,-1.11,2,1
0,4,30,0,N,nb5,1460,0.475,-0.089,1,1
0,4,30,0,N,nb6,1460,0.285,-0.515,1,1
0,4,30,0,N,nb7,1460,1.56,0.454,1,1
0,4,30,0,N,nb8,1460,0.235,-0.699,1,1
0,4,30,0,N,nb9,1460,0.148,-0.984,1,1
0,4,30,0,N,nb10,1460,0.032,-1.164,2,1
0,4,30,0,N,nb11,1460,1.471,-0.293,1,1
0,4,30,0,N,nb12,1460,0.752,1.088,1,1
0,4,30,0,N,nb13,1460,1.299,-0.13,2,1
0,4,30,0,N,nb14,1460,-0.6,-0.886,3,1
0,4,30,0,N,nb15,1460,1.638,0.057,2,1
0,4,30,0,N,nb16,1460,1.73,0.274,2,1
0,4,30,0,N,nb17,1460,-0.835,-0.949,2,1
0,4,30,0,N,nb18,1460,-1.717,-0.24,1,1
0,4,30,0,N,nb19,1460,0.985,1.128,1,1
0,4,30,0,N,nb20,1460,-0.048,-1.392,1,1
0,4,30,0,N,nb21,1460,0.905,0.033,1,1
0,4,30,0,N,nb22,1460,0.542,1.46,1,1
0,4,30,0,N,nb23,1460,0.518,1.705,2,1
0,4,30,0,N,nb24,1460,-0.386,-0.775,1,1
0,4,30,0,N,nb25,1460,-1.605,-0.449,3,1
0,4,30,0,N,nb26,1460,0.68,0.037,2,1
0,4,30,0,N,nb27,1460,-1.317,-0.798,1,1
0,4,30,0,N,nb28,1460,-1.395,-0.574,3,1
0,4,30,0,N,nb29,1460,0.111,1.866,1,1
0,4,30,0,N,nb0,1465,-1.69,-0.671,1,1
0,4,30,0,N,nb1,1465,0.341,1.866,2,1
0,4,30,0,N,nb2,1465,1.415,0.086,2,1
0,4,30,0,N,nb3,1465,-1.185,-0.464,1,1
0,4,30,0,N,nb4,1465,-0.686,-1.11,2,1
0,4,30,0,N,nb5,1465,0.475,-0.089,1,1
0,4,30,0,N,nb6,1465,0.285,-0.515,1,1
0,4,30,0,N,nb7,1465,1.56,0.454,1,1
0,4,30,0,N,nb8,1465,0.235,-0.699,1,1
0,4,30,0,N,nb9,1465,0.148,-0.984,1,1
0,4,30,0,N,nb10,1465,0.032,-1.164,2,1
0,4,30,0,N,nb11,1465,1.471,-0.293,1,1
0,4,30,0,N,nb12,1465,0.752,1.088,1,1
0,4,30,0,N,nb13,1465,1.299,-0.13,2,1
0,4,30,0,N,nb14,1465,-0.6,-0.886,3,1
0,4,30,0,N,nb15,1465,1.638,0.057,2,1
0,4,30,0,N,nb16,1465,1.73,0.274,2,1
0,4,30,0,N,nb17,1465,-0.835,-0.949,2,1
0,4,30,0,N,nb18,1465,-1.717,-0.24,1,1
0,4,30,0,N,nb19,1465,0.985,1.128,1,1
0,4,30,0,N,nb20,1465,-0.048,-1.392,1,1
0,4,30,0,N,nb21,1465,0.905,0.033,1,1
0,4,30,0,N,nb22,1465,0.542,1.46,1,1
0,4,30,0,N,nb23,1465,0.518,1.705,2,1
0,4,30,0,N,nb24,1465,-0.386,-0.775,1,1
0,4,30,0,N,nb25,1465,-1.605,-0.449,3,1
0,4,30,0,N,nb26,1465,0.68,0.037,2,1
0,4,30,0,N,nb27,1465,-1.317,-0.798,1,1
0,4,30,0,N,nb28,1465,-1.395,-0.574,3,1
0,4,30,0,N,nb29,1465,0.111,1.866,1,1
0,4,30,0,N,nb0,1470,-1.69,-0.671,1,1
0,4,30,0,N,nb1,1470,0.341,1.866,2,1
0,4,30,0,N,nb2,1470,1.415,0.086,2,1
0,4,30,0,N,nb3,1470,-1.185,-0.464,1,1
0,4,30,0,N,nb4,1470,-0.686,-1.11,2,1
0,4,30,0,N,nb5,1470,0.475,-0.089,1,1
0,4,30,0,N,nb6,1470,0.285,-0.515,1,1
0,4,30,0,N,nb7,1470,1.56,0.454,1,1
0,4,30,0,N,nb8,1470,0.235,-0.699,1,1
0,4,30,0,N,nb9,1470,0.148,-0.984,1,1
0,4,30,0,N,nb10,1470,0.032,-1.164,2,1
0,4,30,0,N,nb11,1470,1.471,-0.293,1,1
0,4,30,0,N,nb12,1470,0.752,1.088,1,1
0,4,30,0,N,nb13,1470,1.299,-0.13,2,1
0,4,30,0,N,nb14,1470,-0.6,-0.886,3,1
0,4,30,0,N,nb15,1470,1.638,0.057,2,1
0,4,30,0,N,nb16,1470,1.73,0.274,2,1
0,4,30,0,N,nb17,1470,-0.835,-0.949,2,1
0,4,30,0,N,nb18,1470,-1.717,-0.24,1,0
0,4,30,0,N,nb19,1470,0.985,1.128,1,1
0,4,30,0,N,nb20,1470,-0.048,-1.392,1,1
0,4,30,0,N,nb21,1470,0.905,0.033,1,1
0,4,30,0,N,nb22,1470,0.542,1.46,1,1
0,4,30,0,N,nb23,1470,0.518,1.705,2,1
0,4,30,0,N,nb24,1470,-0.386,-0.775,1,0
0,4,30,0,N,nb25,1470,-1.605,-0.449,3,1
0,4,30,0,N,nb26,1470,0.68,0.037,2,1
0,4,30,0,N,nb27,1470,-1.317,-0.798,1,1
0,4,30,0,N,nb28,1470,-1.395,-0.574,3,1
0,4,30,0,N,nb29,1470,0.111,1.866,1,1
0,4,30,0,N,nb0,1475,-1.69,-0.671,1,1
0,4,30,0,N,nb1,1475,0.341,1.866,2,1
0,4,30,0,N,nb2,1475,1.415,0.086,2,1
0,4,30,0,N,nb3,1475,-1.185,-0.464,1,1
0,4,30,0,N,nb4,1475,-0.686,-1.11,2,1
0,4,30,0,N,nb5,1475,0.475,-0.089,1,1
0,4,30,0,N,nb6,1475,0.285,-0.515,1,1
0,4,30,0,N,nb7,1475,1.56,0.454,1,1
0,4,30,0,N,nb8,1475,0.235,-0.699,1,1
0,4,30,0,N,nb9,1475,0.148,-0.984,1,1
0,4,30,0,N,nb10,1475,0.032,-1.164,2,1
0,4,30,0,N,nb11,1475,1.471,-0.293,1,1
0,4,30,0,N,nb12,1475,0.752,1.088,1,0
0,4,30,0,N,nb13,1475,1.299,-0.13,2,1
0,4,30,0,N,nb14,1475,-0.6,-0.886,3,1
0,4,30,0,N,nb15,1475,1.638,0.057,2,1
0,4,30,0,N,nb16,1475,1.73,0.274,2,1
0,4,30,0,N,nb17,1475,-0.835,-0.949,2,1
0,4,30,0,N,nb18,1475,-1.717,-0.24,1,1
0,4,30,0,N,nb19,1475,0.985,1.128,1,0
0,4,30,0,N,nb20,1475,-0.048,-1.392,1,1
0,4,30,0,N,nb21,1475,0.905,0.033,1,1
0,4,30,0,N,nb22,1475,0.542,1.46,1,1
0,4,30,0,N,nb23,1475,0.518,1.705,2,1
0,4,30,0,N,nb24,1475,-0.386,-0.775,1,1
0,4,30,0,N,nb25,1475,-1.605,-0.449,3,1
0,4,30,0,N,nb26,1475,0.68,0.037,2,1
0,4,30,0,N,nb27,1475,-1.317,-0.798,1,1
0,4,30,0,N,nb28,1475,-1.395,-0.574,3,1
0,4,30,0,N,nb29,1475,0.111,1.866,1,1
0,4,30,0,N,nb0,1480,-1.69,-0.671,1,1
0,4,30,0,N,nb1,1480,0.341,1.866,2,1
0,4,30,0,N,nb2,1480,1.415,0.086,2,1
0,4,30,0,N,nb3,1480,-1.185,-0.464,1,1
0,4,30,0,N,nb4,1480,-0.686,-1.11,2,1
0,4,30,0,N,nb5,1480,0.475,-0.089,1,1
0,4,30,0,N,nb6,1480,0.285,-0.515,1,1
0,4,30,0,N,nb7,1480,1.56,0.454,1,1
0,4,30,0,N,nb8,1480,0.235,-0.699,1,1
0,4,30,0,N,nb9,1480,0.148,-0.984,1,1
0,4,30,0,N,nb10,1480,0.032,-1.164,2,1
0,4,30,0,N,nb11,1480,1.471,-0.293,1,1
0,4,30,0,N,nb12,1480,0.752,1.088,1,1
0,4,30,0,N,nb13,1480,1.299,-0.13,2,1
0,4,30,0,N,nb14,1480,-0.6,-0.886,3,1
0,4,30,0,N,nb15,1480,1.638,0.057,2,1
0,4,30,0,N,nb16,1480,1.73,0.274,2,1
0,4,30,0,N,nb17,1480,-0.835,-0.949,2,1
0,4,30,0,N,nb18,1480,-1.717,-0.24,1,1
0,4,30,0,N,nb19,1480,0.985,1.128,1,1
0,4,30,0,N,nb20,1480,-0.048,-1.392,1,1
0,4,30,0,N,nb21,1480,0.905,0.033,1,1
0,4,30,0,N,nb22,1480,0.542,1.46,1,1
0,4,30,0,N,nb23,1480,0.518,1.705,2,1
0,4,30,0,N,nb24,1480,-0.386,-0.775,1,1
0,4,30,0,N,nb25,1480,-1.605,-0.449,3,1
0,4,30,0,N,nb26,1480,0.68,0.037,2,1
0,4,30,0,N,nb27,1480,-1.317,-0.798,1,1
0,4,30,0,N,nb28,1480,-1.395,-0.574,3,1
0,4,30,0,N,nb29,1480,0.111,1.866,1,1
0,4,30,0,N,nb0,1485,-1.69,-0.671,1,1
0,4,30,0,N,nb1,1485,0.341,1.866,2,1
0,4,30,0,N,nb2,1485,1.415,0.086,2,1
0,4,30,0,N,nb3,1485,-1.185,-0.464,1,1
0,4,30,0,N,nb4,1485,-0.686,-1.11,2,1
0,4,30,0,N,nb5,1485,0.475,-0.089,1,1
0,4,30,0,N,nb6,1485,0.285,-0.515,1,1
0,4,30,0,N,nb7,1485,1.56,0.454,1,1
0,4,30,0,N,nb8,1485,0.235,-0.699,1,1
0,4,30,0,N,nb9,1485,0.148,-0.984,1,1
0,4,30,0,N,nb10,1485,0.032,-1.164,2,1
0,4,30,0,N,nb11,1485,1.471,-0.293,1,1
0,4,30,0,N,nb12,1485,0.752,1.088,1,1
0,4,30,0,N,nb13,1485,1.299,-0.13,2,1
0,4,30,0,N,nb14,1485,-0.6,-0.886,3,1
0,4,30,0,N,nb15,1485,1.638,0.057,2,1
0,4,30,0,N,nb16,1485,1.73,0.274,2,1
0,4,30,0,N,nb17,1485,-0.835,-0.949,2,1
0,4,30,0,N,nb18,1485,-1.717,-0.24,1,1
0,4,30,0,N,nb19,1485,0.985,1.128,1,1
0,4,30,0,N,nb20,1485,-0.048,-1.392,1,1
0,4,30,0,N,nb21,1485,0.905,0.033,1,1
0,4,30,0,N,nb22,1485,0.542,1.46,1,1
0,4,30,0,N,nb23,1485,0.518,1.705,2,1
0,4,30,0,N,nb24,1485,-0.386,-0.775,1,1
0,4,30,0,N,nb25,1485,-1.605,-0.449,3,1
0,4,30,0,N,nb26,1485,0.68,0.037,2,1
0,4,30,0,N,nb27,1485,-1.317,-0.798,1,1
0,4,30,0,N,nb28,1485,-1.395,-0.574,3,1
0,4,30,0,N,nb29,1485,0.111,1.866,1,1
0,4,30,0,N,nb0,1490,-1.69,-0.671,1,1
0,4,30,0,N,nb1,1490,0.341,1.866,2,1
0,4,30,0,N,nb2,1490,1.415,0.086,2,1
0,4,30,0,N,nb3,1490,-1.185,-0.464,1,1
0,4,30,0,N,nb4,1490,-0.686,-1.11,2,1
0,4,30,0,N,nb5,1490,0.475,-0.089,1,1
0,4,30,0,N,nb6,1490,0.285,-0.515,1,1
0,4,30,0,N,nb7,1490,1.56,0.454,1,1
0,4,30,0,N,nb8,1490,0.235,-0.699,1,1
0,4,30,0,N,nb9,1490,0.148,-0.984,1,1
0,4,30,0,N,nb10,1490,0.032,-1.164,2,1
0,4,30,0,N,nb11,1490,1.471,-0.293,1,1
0,4,30,0,N,nb12,1490,0.752,1.088,1,1
0,4,30,0,N,nb13,1490,1.299,-0.13,2,1
0,4,30,0,N,nb14,1490,-0.6,-0.886,3,0
0,4,30,0,N,nb15,1490,1.638,0.057,2,1
0,4,30,0,N,nb16,1490,1.73,0.274,2,1
0,4,30,0,N,nb17,1490,-0.835,-0.949,2,1
0,4,30,0,N,nb18,1490,-1.717,-0.24,1,1
0,4,30,0,N,nb19,1490,0.985,1.128,1,1
0,4,30,0,N,nb20,1490,-0.048,-1.392,1,1
0,4,30,0,N,nb21,1490,0.905,0.033,1,1
0,4,30,0,N,nb22,1490,0.542,1.46,1,1
0,4,30,0,N,nb23,1490,0.518,1.705,2,1
0,4,30,0,N,nb24,1490,-0.386,-0.775,1,1
0,4,30,0,N,nb25,1490,-1.605,-0.449,3,1
0,4,30,0,N,nb26,1490,0.68,0.037,2,1
0,4,30,0,N,nb27,1490,-1.317,-0.798,1,1
0,4,30,0,N,nb28,1490,-1.395,-0.574,3,1
0,4,30,0,N,nb29,1490,0.111,1.866,1,1
0,4,30,0,N,nb0,1495,-1.69,-0.671,1,1
0,4,30,0,N,nb1,1495,0.341,1.866,2,1
0,4,30,0,N,nb2,1495,1.415,0.086,2,1
0,4,30,0,N,nb3,1495,-1.185,-0.464,1,1
0,4,30,0,N,nb4,1495,-0.686,-1.11,2,1
0,4,30,0,N,nb5,1495,0.475,-0.089,1,1
0,4,30,0,N,nb6,1495,0.285,-0.515,1,1
0,4,30,0,N,nb7,1495,1.56,0.454,1,1
0,4,30,0,N,nb8,1495,0.235,-0.699,1,1
0,4,30,0,N,nb9,1495,0.148,-0.984,1,1
0,4,30,0,N,nb10,1495,0.032,-1.164,2,1
0,4,30,0,N,nb11,1495,1.471,-0.293,1,1
0,4,30,0,N,nb12,1495,0.752,1.088,1,1
0,4,30,0,N,nb13,1495,1.299,-0.13,2,1
0,4,30,0,N,nb14,1495,-0.6,-0.886,3,1
0,4,30,0,N,nb15,1495,1.638,0.057,2,1
0,4,30,0,N,nb16,1495,1.73,0.274,2,1
0,4,30,0,N,nb17,1495,-0.835,-0.949,2,1
0,4,30,0,N,nb18,1495,-1.717,-0.24,1,1
0,4,30,0,N,nb19,1495,0.985,1.128,1,1
0,4,30,0,N,nb20,1495,-0.048,-1.392,1,1
0,4,30,0,N,nb21,1495,0.905,0.033,1,1
0,4,30,0,N,nb22,1495,0.542,1.46,1,1
0,4,30,0,N,nb23,1495,0.518,1.705,2,1
0,4,30,0,N,nb24,1495,-0.386,-0.775,1,1
0,4,30,0,N,nb25,1495,-1.605,-0.449,3,1
0,4,30,0,N,nb26,1495,0.68,0.037,2,1
0,4,30,0,N,nb27,1495,-1.317,-0.798,1,1
0,4,30,0,N,nb28,1495,-1.395,-0.574,3,1
0,4,30,0,N,nb29,1495,0.111,1.866,1,1
0,4,30,0,N,nb0,1500,-1.69,-0.671,1,1
0,4,30,0,N,nb1,1500,0.341,1.866,2,1
0,4,30,0,N,nb2,1500,1.415,0.086,2,1
0,4,30,0,N,nb3,1500,-1.185,-0.464,1,1
0,4,30,0,N,nb4,1500,-0.686,-1.11,2,1
0,4,30,0,N,nb5,1500,0.475,-0.089,1,1
0,4,30,0,N,nb6,1500,0.285,-0.515,1,1
0,4,30,0,N,nb7,1500,1.56,0.454,1,1
0,4,30,0,N,nb8,1500,0.235,-0.699,1,1
0,4,30,0,N,nb9,1500,0.148,-0.984,1,1
0,4,30,0,N,nb10,1500,0.032,-1.164,2,1
0,4,30,0,N,nb11,1500,1.471,-0.293,1,1
0,4,30,0,N,nb12,1500,0.752,1.088,1,1
0,4,30,0,N,nb13,1500,1.299,-0.13,2,1
0,4,30,0,N,nb14,1500,-0.6,-0.886,3,1
0,4,30,0,N,nb15,1500,1.638,0.057,2,1
0,4,30,0,N,nb16,1500,1.73,0.274,2,0
0,4,30,0,N,nb17,1500,-0.835,-0.949,2,1
0,4,30,0,N,nb18,1500,-1.717,-0.24,1,1
0,4,30,0,N,nb19,1500,0.985,1.128,1,1
0,4,30,0,N,nb20,1500,-0.048,-1.392,1,1
0,4,30,0,N,nb21,1500,0.905,0.033,1,0
0,4,30,0,N,nb22,1500,0.542,1.46,1,1
0,4,30,0,N,nb23,1500,0.518,1.705,2,1
0,4,30,0,N,nb24,1500,-0.386,-0.775,1,1
0,4,30,0,N,nb25,1500,-1.605,-0.449,3,1
0,4,30,0,N,nb26,1500,0.68,0.037,2,0
0,4,30,0,N,nb27,1500,-1.317,-0.798,1,1
0,4,30,0,N,nb28,1500,-1.395,-0.574,3,1
0,4,30,0,N,nb29,1500,0.111,1.866,1,1
0,4,30,0,N,nb0,1505,-1.69,-0.671,1,1
0,4,30,0,N,nb1,1505,0.341,1.866,2,1
0,4,30,0,N,nb2,1505,1.415,0.086,2,1
0,4,30,0,N,nb3,1505,-1.185,-0.464,1,1
0,4,30,0,N,nb4,1505,-0.686,-1.11,2,1
0,4,30,0,N,nb5,1505,0.475,-0.089,1,1
0,4,30,0,N,nb6,1505,0.285,-0.515,1,1
0,4,30,0,N,nb7,1505,1.56,0.454,1,1
0,4,30,0,N,nb8,1505,0.235,-0.699,1,1
0,4,30,0,N,nb9,1505,0.148,-0.984,1,1
0,4,30,0,N,nb10,1505,0.032,-1.164,2,1
0,4,30,0,N,nb11,1505,1.471,-0.293,1,1
0,4,30,0,N,nb12,1505,0.752,1.088,1,1
0,4,30,0,N,nb13,1505,1.299,-0.13,2,1
0,4,30,0,N,nb14,1505,-0.6,-0.886,3,1
0,4,30,0,N,nb15,1505,1.638,0.057,2,1
0,4,30,0,N,nb16,1505,1.73,0.274,2,1
0,4,30,0,N,nb17,1505,-0.835,-0.949,2,1
0,4,30,0,N,nb18,1505,-1.717,-0.24,1,1
0,4,30,0,N,nb19,1505,0.985,1.128,1,1
0,4,30,0,N,nb20,1505,-0.048,-1.392,1,1
0,4,30,0,N,nb21,1505,0.905,0.033,1,1
0,4,30,0,N,nb22,1505,0.542,1.46,1,1
0,4,30,0,N,nb23,1505,0.518,1.705,2,1
0,4,30,0,N,nb24,1505,-0.386,-0.775,1,1
0,4,30,0,N,nb25,1505,-1.605,-0.449,3,1
0,4,30,0,N,nb26,1505,0.68,0.037,2,1
0,4,30,0,N,nb27,1505,-1.317,-0.798,1,0
0,4,30,0,N,nb28,1505,-1.395,-0.574,3,1
0,4,30,0,N,nb29,1505,0.111,1.866,1,1
0,4,30,0,N,nb0,1510,-1.69,-0.671,1,0
0,4,30,0,N,nb1,1510,0.341,1.866,2,1
0,4,30,0,N,nb2,1510,1.415,0.086,2,1
0,4,30,0,N,nb3,1510,-1.185,-0.464,1,1
0,4,30,0,N,nb4,1510,-0.686,-1.11,2,1
0,4,30,0,N,nb5,1510,0.475,-0.089,1,1
0,4,30,0,N,nb6,1510,0.285,-0.515,1,1
0,4,30,0,N,nb7,1510,1.56,0.454,1,1
0,4,30,0,N,nb8,1510,0.235,-0.699,1,1
0,4,30,0,N,nb9,1510,0.148,-0.984,1,1
0,4,30,0,N,nb10,1510,0.032,-1.164,2,1
0,4,30,0,N,nb11,1510,1.471,-0.293,1,0
0,4,30,0,N,nb12,1510,0.752,1.088,1,1
0,4,30,0,N,nb13,1510,1.299,-0.13,2,1
0,4,30,0,N,nb14,1510,-0.6,-0.886,3,1
0,4,30,0,N,nb15,1510,1.638,0.057,2,1
0,4,30,0,N,nb16,1510,1.73,0.274,2,1
0,4,30,0,N,nb17,1510,-0.835,-0.949,2,1
0,4,30,0,N,nb18,1510,-1.717,-0.24,1,1
0,4,30,0,N,nb19,1510,0.985,1.128,1,1
0,4,30,0,N,nb20,1510,-0.048,-1.392,1,1
0,4,30,0,N,nb21,1510,0.905,0.033,1,1
0,4,30,0,N,nb22,1510,0.542,1.46,1,1
0,4,30,0,N,nb23,1510,0.518,1.705,2,1
0,4,30,0,N,nb24,1510,-0.386,-0.775,1,1
0,4,30,0,N,nb25,1510,-1.605,-0.449,3,1
0,4,30,0,N,nb26,1510,0.68,0.037,2,1
0,4,30,0,N,nb27,1510,-1.317,-0.798,1,1
0,4,30,0,N,nb28,1510,-1.395,-0.574,3,1
0,4,30,0,N,nb29,1510,0.111,1.866,1,1
0,4,30,0,N,nb0,1515,-1.69,-0.671,1,1
0,4,30,0,N,nb1,1515,0.341,1.866,2,1
0,4,30,0,N,nb2,1515,1.415,0.086,2,1
0,4,30,0,N,nb3,1515,-1.185,-0.464,1,1
0,4,30,0,N,nb4,1515,-0.686,-1.11,2,1
0,4,30,0,N,nb5,1515,0.475,-0.089,1,1
0,4,30,0,N,nb6,1515,0.285,-0.515,1,1
0,4,30,0,N,nb7,1515,1.56,0.454,1,1
0,4,30,0,N,nb8,1515,0.235,-0.699,1,1
0,4,30,0,N,nb9,1515,0.148,-0.984,1,1
0,4,30,0,N,nb10,1515,0.032,-1.164,2,1
0,4,30,0,N,nb11,1515,1.471,-0.293,1,1
0,4,30,0,N,nb12,1515,0.752,1.088,1,1
0,4,30,0,N,nb13,1515,1.299,-0.13,2,1
0,4,30,0,N,nb14,1515,-0.6,-0.886,3,1
0,4,30,0,N,nb15,1515,1.638,0.057,2,1
0,4,30,0,N,nb16,1515,1.73,0.274,2,1
0,4,30,0,N,nb17,1515,-0.835,-0.949,2,1
0,4,30,0,N,nb18,1515,-1.717,-0.24,1,1
0,4,30,0,N,nb19,1515,0.985,1.128,1,1
0,4,30,0,N,nb20,1515,-0.048,-1.392,1,1
0,4,30,0,N,nb21,1515,0.905,0.033,1,1
0,4,30,0,N,nb22,1515,0.542,1.46,1,0
0,4,30,0,N,nb23,1515,0.518,1.705,2,0
0,4,30,0,N,nb24,1515,-0.386,-0.775,1,1
0,4,30,0,N,nb25,1515,-1.605,-0.449,3,1
0,4,30,0,N,nb26,1515,0.68,0.037,2,1
0,4,30,0,N,nb27,1515,-1.317,-0.798,1,1
0,4,30,0,N,nb28,1515,-1.395,-0.574,3,1
0,4,30,0,N,nb29,1515,0.111,1.866,1,1
0,4,30,0,N,nb0,1520,-1.69,-0.671,1,1
0,4,30,0,N,nb1,1520,0.341,1.866,2,1
0,4,30,0,N,nb2,1520,1.415,0.086,2,1
0,4,30,0,N,nb3,1520,-1.185,-0.464,1,1
0,4,30,0,N,nb4,1520,-0.686,-1.11,2,1
0,4,30,0,N,nb5,1520,0.475,-0.089,1,1
0,4,30,0,N,nb6,1520,0.285,-0.515,1,1
0,4,30,0,N,nb7,1520,1.56,0.454,1,1
0,4,30,0,N,nb8,1520,0.235,-0.699,1,1
0,4,30,0,N,nb9,1520,0.148,-0.984,1,1
0,4,30,0,N,nb10,1520,0.032,-1.164,2,1
0,4,30,0,N,nb11,1520,1.471,-0.293,1,1
0,4,30,0,N,nb12,1520,0.752,1.088,1,1
0,4,30,0,N,nb13,1520,1.299,-0.13,2,1
0,4,30,0,N,nb14,1520,-0.6,-0.886,3,1
0,4,30,0,N,nb15,1520,1.638,0.057,2,1
0,4,30,0,N,nb16,1520,1.73,0.274,2,1
0,4,30,0,N,nb17,1520,-0.835,-0.949,2,1
0,4,30,0,N,nb18,1520,-1.717,-0.24,1,1
0,4,30,0,N,nb19,1520,0.985,1.128,1,1
0,4,30,0,N,nb20,1520,-0.048,-1.392,1,1
0,4,30,0,N,nb21,1520,0.905,0.033,1,1
0,4,30,0,N,nb22,1520,0.542,1.46,1,1
0,4,30,0,N,nb23,1520,0.518,1.705,2,1
0,4,30,0,N,nb24,1520,-0.386,-0.775,1,1
0,4,30,0,N,nb25,1520,-1.605,-0.449,3,1
0,4,30,0,N,nb26,1520,0.68,0.037,2,1
0,4,30,0,N,nb27,1520,-1.317,-0.798,1,1
0,4,30,0,N,nb28,1520,-1.395,-0.574,3,1
0,4,30,0,N,nb29,1520,0.111,1.866,1,1
0,4,30,0,N,nb0,1525,-1.69,-0.671,1,1
0,4,30,0,N,nb1,1525,0.341,1.866,2,1
0,4,30,0,N,nb2,1525,1.415,0.086,2,1
0,4,30,0,N,nb3,1525,-1.185,-0.464,1,1
0,4,30,0,N,nb4,1525,-0.686,-1.11,2,1
0,4,30,0,N,nb5,1525,0.475,-0.089,1,0
0,4,30,0,N,nb6,1525,0.285,-0.515,1,1
0,4,30,0,N,nb7,1525,1.56,0.454,1,1
0,4,30,0,N,nb8,1525,0.235,-0.699,1,1
0,4,30,0,N,nb9,1525,0.148,-0.984,1,1
0,4,30,0,N,nb10,1525,0.032,-1.164,2,1
0,4,30,0,N,nb11,1525,1.471,-0.293,1,1
0,4,30,0,N,nb12,1525,0.752,1.088,1,1
0,4,30,0,N,nb13,1525,1.299,-0.13,2,1
0,4,30,0,N,nb14,1525,-0.6,-0.886,3,1
0,4,30,0,N,nb15,1525,1.638,0.057,2,1
0,4,30,0,N,nb16,1525,1.73,0.274,2,1
0,4,30,0,N,nb17,1525,-0.835,-0.949,2,1
0,4,30,0,N,nb18,1525,-1.717,-0.24,1,1
0,4,30,0,N,nb19,1525,0.985,1.128,1,1
0,4,30,0,N,nb20,1525,-0.048,-1.392,1,1
0,4,30,0,N,nb21,1525,0.905,0.033,1,1
0,4,30,0,N,nb22,1525,0.542,1.46,1,1
0,4,30,0,N,nb23,1525,0.518,1.705,2,1
0,4,30,0,N,nb24,1525,-0.386,-0.775,1,1
0,4,30,0,N,nb25,1525,-1.605,-0.449,3,1
0,4,30,0,N,nb26,1525,0.68,0.037,2,1
0,4,30,0,N,nb27,1525,-1.317,-0.798,1,1
0,4,30,0,N,nb28,1525,-1.395,-0.574,3,1
0,4,30,0,N,nb29,1525,0.111,1.866,1,1
0,4,30,0,N,nb0,1530,-1.69,-0.671,1,1
0,4,30,0,N,nb1,1530,0.341,1.866,2,1
0,4,30,0,N,nb2,1530,1.415,0.086,2,1
0,4,30,0,N,nb3,1530,-1.185,-0.464,1,1
0,4,30,0,N,nb4,1530,-0.686,-1.11,2,1
0,4,30,0,N,nb5,1530,0.475,-0.089,1,1
0,4,30,0,N,nb6,1530,0.285,-0.515,1,1
0,4,30,0,N,nb7,1530,1.56,0.454,1,1
0,4,30,0,N,nb8,1530,0.235,-0.699,1,1
0,4,30,0,N,nb9,1530,0.148,-0.984,1,1
0,4,30,0,N,nb10,1530,0.032,-1.164,2,1
0,4,30,0,N,nb11,1530,1.471,-0.293,1,1
0,4,30,0,N,nb12,1530,0.752,1.088,1,1
0,4,30,0,N,nb13,1530,1.299,-0.13,2,1
0,4,30,0,N,nb14,1530,-0.6,-0.886,3,1
0,4,30,0,N,nb15,1530,1.638,0.057,2,1
0,4,30,0,N,nb16,1530,1.73,0.274,2,1
0,4,30,0,N,nb17,1530,-0.835,-0.949,2,1
0,4,30,0,N,nb18,1530,-1.717,-0.24,1,1
0,4,30,0,N,nb19,1530,0.985,1.128,1,1
0,4,30,0,N,nb20,1530,-0.048,-1.392,1,1
0,4,30,0,N,nb21,1530,0.905,0.033,1,1
0,4,30,0,N,nb22,1530,0.542,1.46,1,1
0,4,30,0,N,nb23,1530,0.518,1.705,2,1
0,4,30,0,N,nb24,1530,-0.386,-0.775,1,1
0,4,30,0,N,nb25,1530,-1.605,-0.449,3,1
0,4,30,0,N,nb26,1530,0.68,0.037,2,1
0,4,30,0,N,nb27,1530,-1.317,-0.798,1,1
0,4,30,0,N,nb28,1530,-1.395,-0.574,3,1
0,4,30,0,N,nb29,1530,0.111,1.866,1,1
0,4,30,0,N,nb0,1535,-1.69,-0.671,1,1
0,4,30,0,N,nb1,1535,0.341,1.866,2,1
0,4,30,0,N,nb2,1535,1.415,0.086,2,1
0,4,30,0,N,nb3,1535,-1.185,-0.464,1,1
0,4,30,0,N,nb4,1535,-0.686,-1.11,2,1
0,4,30,0,N,nb5,1535,0.475,-0.089,1,1
0,4,30,0,N,nb6,1535,0.285,-0.515,1,1
0,4,30,0,N,nb7,1535,1.56,0.454,1,1
0,4,30,0,N,nb8,1535,0.235,-0.699,1,1
0,4,30,0,N,nb9,1535,0.148,-0.984,1,1
0,4,30,0,N,nb10,1535,0.032,-1.164,2,1
0,4,30,0,N,nb11,1535,1.471,-0.293,1,1
0,4,30,0,N,nb12,1535,0.752,1.088,1,1
0,4,30,0,N,nb13,1535,1.299,-0.13,2,1
0,4,30,0,N,nb14,1535,-0.6,-0.886,3,1
0,4,30,0,N,nb15,1535,1.638,0.057,2,1
0,4,30,0,N,nb16,1535,1.73,0.274,2,1
0,4,30,0,N,nb17,1535,-0.835,-0.949,2,1
0,4,30,0,N,nb18,1535,-1.717,-0.24,1,1
0,4,30,0,N,nb19,1535,0.985,1.128,1,1
0,4,30,0,N,nb20,1535,-0.048,-1.392,1,1
0,4,30,0,N,nb21,1535,0.905,0.033,1,1
0,4,30,0,N,nb22,1535,0.542,1.46,1,1
0,4,30,0,N,nb23,1535,0.518,1.705,2,1
0,4,30,0,N,nb24,1535,-0.386,-0.775,1,1
0,4,30,0,N,nb25,1535,-1.605,-0.449,3,1
0,4,30,0,N,nb26,1535,0.68,0.037,2,1
0,4,30,0,N,nb27,1535,-1.317,-0.798,1,1
0,4,30,0,N,nb28,1535,-1.395,-0.574,3,1
0,4,30,0,N,nb29,1535,0.111,1.866,1,1
0,4,30,0,N,nb0,1540,-1.69,-0.671,1,1
0,4,30,0,N,nb1,1540,0.341,1.866,2,1
0,4,30,0,N,nb2,1540,1.415,0.086,2,1
0,4,30,0,N,nb3,1540,-1.185,-0.464,1,1
0,4,30,0,N,nb4,1540,-0.686,-1.11,2,1
0,4,30,0,N,nb5,1540,0.475,-0.089,1,1
0,4,30,0,N,nb6,1540,0.285,-0.515,1,1
0,4,30,0,N,nb7,1540,1.56,0.454,1,1
0,4,30,0,N,nb8,1540,0.235,-0.699,1,1
0,4,30,0,N,nb9,1540,0.148,-0.984,1,1
0,4,30,0,N,nb10,1540,0.032,-1.164,2,1
0,4,30,0,N,nb11,1540,1.471,-0.293,1,1
0,4,30,0,N,nb12,1540,0.752,1.088,1,1
0,4,30,0,N,nb13,1540,1.299,-0.13,2,1
0,4,30,0,N,nb14,1540,-0.6,-0.886,3,1
0,4,30,0,N,nb15,1540,1.638,0.057,2,1
0,4,30,0,N,nb16,1540,1.73,0.274,2,1
0,4,30,0,N,nb17,1540,-0.835,-0.949,2,1
0,4,30,0,N,nb18,1540,-1.717,-0.24,1,1
0,4,30,0,N,nb19,1540,0.985,1.128,1,1
0,4,30,0,N,nb20,1540,-0.048,-1.392,1,1
0,4,30,0,N,nb21,1540,0.905,0.033,1,1
0,4,30,0,N,nb22,1540,0.542,1.46,1,1
0,4,30,0,N,nb23,1540,0.518,1.705,2,1
0,4,30,0,N,nb24,1540,-0.386,-0.775,1,1
0,4,30,0,N,nb25,1540,-1.605,-0.449,3,1
0,4,30,0,N,nb26,1540,0.68,0.037,2,1
0,4,30,0,N,nb27,1540,-1.317,-0.798,1,1
0,4,30,0,N,nb28,1540,-1.395,-0.574,3,1
0,4,30,0,N,nb29,1540,0.111,1.866,1,0
0,4,30,0,N,nb0,1545,-1.69,-0.671,1,1
0,4,30,0,N,nb1,1545,0.341,1.866,2,1
0,4,30,0,N,nb2,1545,1.415,0.086,2,1
0,4,30,0,N,nb3,1545,-1.185,-0.464,1,1
0,4,30,0,N,nb4,1545,-0.686,-1.11,2,1
0,4,30,0,N,nb5,1545,0.475,-0.089,1,1
0,4,30,0,N,nb6,1545,0.285,-0.515,1,1
0,4,30,0,N,nb7,1545,1.56,0.454,1,1
0,4,30,0,N,nb8,1545,0.235,-0.699,1,1
0,4,30,0,N,nb9,1545,0.148,-0.984,1,1
0,4,30,0,N,nb10,1545,0.032,-1.164,2,1
0,4,30,0,N,nb11,1545,1.471,-0.293,1,1
0,4,30,0,N,nb12,1545,0.752,1.088,1,1
0,4,30,0,N,nb13,1545,1.299,-0.13,2,1
0,4,30,0,N,nb14,1545,-0.6,-0.886,3,1
0,4,30,0,N,nb15,1545,1.638,0.057,2,1
0,4,30,0,N,nb16,1545,1.73,0.274,2,1
0,4,30,0,N,nb17,1545,-0.835,-0.949,2,1
0,4,30,0,N,nb18,1545,-1.717,-0.24,1,1
0,4,30,0,N,nb19,1545,0.985,1.128,1,1
0,4,30,0,N,nb20,1545,-0.048,-1.392,1,0
0,4,30,0,N,nb21,1545,0.905,0.033,1,1
0,4,30,0,N,nb22,1545,0.542,1.46,1,1
0,4,30,0,N,nb23,1545,0.518,1.705,2,1
0,4,30,0,N,nb24,1545,-0.386,-0.775,1,1
0,4,30,0,N,nb25,1545,-1.605,-0.449,3,1
0,4,30,0,N,nb26,1545,0.68,0.037,2,1
0,4,30,0,N,nb27,1545,-1.317,-0.798,1,1
0,4,30,0,N,nb28,1545,-1.395,-0.574,3,1
0,4,30,0,N,nb29,1545,0.111,1.866,1,1
0,4,30,0,N,nb0,1550,-1.69,-0.671,1,1
0,4,30,0,N,nb1,1550,0.341,1.866,2,1
0,4,30,0,N,nb2,1550,1.415,0.086,2,1
0,4,30,0,N,nb3,1550,-1.185,-0.464,1,1
0,4,30,0,N,nb4,1550,-0.686,-1.11,2,0
0,4,30,0,N,nb5,1550,0.475,-0.089,1,1
0,4,30,0,N,nb6,1550,0.285,-0.515,1,0
0,4,30,0,N,nb7,1550,1.56,0.454,1,1
0,4,30,0,N,nb8,1550,0.235,-0.699,1,0
0,4,30,0,N,nb9,1550,0.148,-0.984,1,0
0,4,30,0,N,nb10,1550,0.032,-1.164,2,0
0,4,30,0,N,nb11,1550,1.471,-0.293,1,1
0,4,30,0,N,nb12,1550,0.752,1.088,1,1
0,4,30,0,N,nb13,1550,1.299,-0.13,2,0
0,4,30,0,N,nb14,1550,-0.6,-0.886,3,1
0,4,30,0,N,nb15,1550,1.638,0.057,2,1
0,4,30,0,N,nb16,1550,1.73,0.274,2,1
0,4,30,0,N,nb17,1550,-0.835,-0.949,2,0
0,4,30,0,N,nb18,1550,-1.717,-0.24,1,1
0,4,30,0,N,nb19,1550,0.985,1.128,1,1
0,4,30,0,N,nb20,1550,-0.048,-1.392,1,1
0,4,30,0,N,nb21,1550,0.905,0.033,1,1
0,4,30,0,N,nb22,1550,0.542,1.46,1,1
0,4,30,0,N,nb23,1550,0.518,1.705,2,1
0,4,30,0,N,nb24,1550,-0.386,-0.775,1,1
0,4,30,0,N,nb25,1550,-1.605,-0.449,3,1
0,4,30,0,N,nb26,1550,0.68,0.037,2,1
0,4,30,0,N,nb27,1550,-1.317,-0.798,1,1
0,4,30,0,N,nb28,1550,-1.395,-0.574,3,1
0,4,30,0,N,nb29,1550,0.111,1.866,1,1
0,4,30,0,N,nb0,1555,-1.69,-0.671,1,1
0,4,30,0,N,nb1,1555,0.341,1.866,2,1
0,4,30,0,N,nb2,1555,1.415,0.086,2,1
0,4,30,0,N,nb3,1555,-1.185,-0.464,1,0
0,4,30,0,N,nb4,1555,-0.686,-1.11,2,1
0,4,30,0,N,nb5,1555,0.475,-0.089,1,1
0,4,30,0,N,nb6,1555,0.285,-0.515,1,1
0,4,30,0,N,nb7,1555,1.56,0.454,1,1
0,4,30,0,N,nb8,1555,0.235,-0.699,1,1
0,4,30,0,N,nb9,1555,0.148,-0.984,1,1
0,4,30,0,N,nb10,1555,0.032,-1.164,2,1
0,4,30,0,N,nb11,1555,1.471,-0.293,1,1
0,4,30,0,N,nb12,1555,0.752,1.088,1,1
0,4,30,0,N,nb13,1555,1.299,-0.13,2,1
0,4,30,0,N,nb14,1555,-0.6,-0.886,3,1
0,4,30,0,N,nb15,1555,1.638,0.057,2,1
0,4,30,0,N,nb16,1555,1.73,0.274,2,1
0,4,30,0,N,nb17,1555,-0.835,-0.949,2,1
0,4,30,0,N,nb18,1555,-1.717,-0.24,1,1
0,4,30,0,N,nb19,1555,0.985,1.128,1,1
0,4,30,0,N,nb20,1555,-0.048,-1.392,1,1
0,4,30,0,N,nb21,1555,0.905,0.033,1,1
0,4,30,0,N,nb22,1555,0.542,1.46,1,1
0,4,30,0,N,nb23,1555,0.518,1.705,2,1
0,4,30,0,N,nb24,1555,-0.386,-0.775,1,1
0,4,30,0,N,nb25,1555,-1.605,-0.449,3,1
0,4,30,0,N,nb26,1555,0.68,0.037,2,1
0,4,30,0,N,nb27,1555,-1.317,-0.798,1,1
0,4,30,0,N,nb28,1555,-1.395,-0.574,3,0
0,4,30,0,N,nb29,1555,0.111,1.866,1,1
0,4,30,0,N,nb0,1560,-1.69,-0.671,1,1
0,4,30,0,N,nb1,1560,0.341,1.866,2,1
0,4,30,0,N,nb2,1560,1.415,0.086,2,1
0,4,30,0,N,nb3,1560,-1.185,-0.464,1,1
0,4,30,0,N,nb4,1560,-0.686,-1.11,2,1
0,4,30,0,N,nb5,1560,0.475,-0.089,1,1
0,4,30,0,N,nb6,1560,0.285,-0.515,1,1
0,4,30,0,N,nb7,1560,1.56,0.454,1,1
0,4,30,0,N,nb8,1560,0.235,-0.699,1,1
0,4,30,0,N,nb9,1560,0.148,-0.984,1,1
0,4,30,0,N,nb10,1560,0.032,-1.164,2,1
0,4,30,0,N,nb11,1560,1.471,-0.293,1,1
0,4,30,0,N,nb12,1560,0.752,1.088,1,1
0,4,30,0,N,nb13,1560,1.299,-0.13,2,1
0,4,30,0,N,nb14,1560,-0.6,-0.886,3,1
0,4,30,0,N,nb15,1560,1.638,0.057,2,1
0,4,30,0,N,nb16,1560,1.73,0.274,2,1
0,4,30,0,N,nb17,1560,-0.835,-0.949,2,1
0,4,30,0,N,nb18,1560,-1.717,-0.24,1,1
0,4,30,0,N,nb19,1560,0.985,1.128,1,1
0,4,30,0,N,nb20,1560,-0.048,-1.392,1,1
0,4,30,0,N,nb21,1560,0.905,0.033,1,1
0,4,30,0,N,nb22,1560,0.542,1.46,1,1
0,4,30,0,N,nb23,1560,0.518,1.705,2,1
0,4,30,0,N,nb24,1560,-0.386,-0.775,1,1
0,4,30,0,N,nb25,1560,-1.605,-0.449,3,1
0,4,30,0,N,nb26,1560,0.68,0.037,2,1
0,4,30,0,N,nb27,1560,-1.317,-0.798,1,1
0,4,30,0,N,nb28,1560,-1.395,-0.574,3,1
0,4,30,0,N,nb29,1560,0.111,1.866,1,1
0,4,30,0,N,nb0,1565,-1.69,-0.671,1,1
0,4,30,0,N,nb1,1565,0.341,1.866,2,1
0,4,30,0,N,nb2,1565,1.415,0.086,2,1
0,4,30,0,N,nb3,1565,-1.185,-0.464,1,1
0,4,30,0,N,nb4,1565,-0.686,-1.11,2,1
0,4,30,0,N,nb5,1565,0.475,-0.089,1,1
0,4,30,0,N,nb6,1565,0.285,-0.515,1,1
0,4,30,0,N,nb7,1565,1.56,0.454,1,1
0,4,30,0,N,nb8,1565,0.235,-0.699,1,1
0,4,30,0,N,nb9,1565,0.148,-0.984,1,1
0,4,30,0,N,nb10,1565,0.032,-1.164,2,1
0,4,30,0,N,nb11,1565,1.471,-0.293,1,1
0,4,30,0,N,nb12,1565,0.752,1.088,1,1
0,4,30,0,N,nb13,1565,1.299,-0.13,2,1
0,4,30,0,N,nb14,1565,-0.6,-0.886,3,1
0,4,30,0,N,nb15,1565,1.638,0.057,2,1
0,4,30,0,N,nb16,1565,1.73,0.274,2,1
0,4,30,0,N,nb17,1565,-0.835,-0.949,2,1
0,4,30,0,N,nb18,1565,-1.717,-0.24,1,1
0,4,30,0,N,nb19,1565,0.985,1.128,1,1
0,4,30,0,N,nb20,1565,-0.048,-1.392,1,1
0,4,30,0,N,nb21,1565,0.905,0.033,1,1
0,4,30,0,N,nb22,1565,0.542,1.46,1,1
0,4,30,0,N,nb23,1565,0.518,1.705,2,1
0,4,30,0,N,nb24,1565,-0.386,-0.775,1,1
0,4,30,0,N,nb25,1565,-1.605,-0.449,3,1
0,4,30,0,N,nb26,1565,0.68,0.037,2,1
0,4,30,0,N,nb27,1565,-1.317,-0.798,1,1
0,4,30,0,N,nb28,1565,-1.395,-0.574,3,1
0,4,30,0,N,nb29,1565,0.111,1.866,1,1
0,4,30,0,N,nb0,1570,-1.69,-0.671,1,1
0,4,30,0,N,nb1,1570,0.341,1.866,2,0
0,4,30,0,N,nb2,1570,1.415,0.086,2,1
0,4,30,0,N,nb3,1570,-1.185,-0.464,1,1
0,4,30,0,N,nb4,1570,-0.686,-1.11,2,1
0,4,30,0,N,nb5,1570,0.475,-0.089,1,1
0,4,30,0,N,nb6,1570,0.285,-0.515,1,1
0,4,30,0,N,nb7,1570,1.56,0.454,1,0
0,4,30,0,N,nb8,1570,0.235,-0.699,1,1
0,4,30,0,N,nb9,1570,0.148,-0.984,1,1
0,4,30,0,N,nb10,1570,0.032,-1.164,2,1
0,4,30,0,N,nb11,1570,1.471,-0.293,1,1
0,4,30,0,N,nb12,1570,0.752,1.088,1,1
0,4,30,0,N,nb13,1570,1.299,-0.13,2,1
0,4,30,0,N,nb14,1570,-0.6,-0.886,3,1
0,4,30,0,N,nb15,1570,1.638,0.057,2,1
0,4,30,0,N,nb16,1570,1.73,0.274,2,1
0,4,30,0,N,nb17,1570,-0.835,-0.949,2,1
0,4,30,0,N,nb18,1570,-1.717,-0.24,1,1
0,4,30,0,N,nb19,1570,0.985,1.128,1,1
0,4,30,0,N,nb20,1570,-0.048,-1.392,1,1
0,4,30,0,N,nb21,1570,0.905,0.033,1,1
0,4,30,0,N,nb22,1570,0.542,1.46,1,1
0,4,30,0,N,nb23,1570,0.518,1.705,2,1
0,4,30,0,N,nb24,1570,-0.386,-0.775,1,1
0,4,30,0,N,nb25,1570,-1.605,-0.449,3,1
0,4,30,0,N,nb26,1570,0.68,0.037,2,1
0,4,30,0,N,nb27,1570,-1.317,-0.798,1,1
0,4,30,0,N,nb28,1570,-1.395,-0.574,3,1
0,4,30,0,N,nb29,1570,0.111,1.866,1,1
0,4,30,0,N,nb0,1575,-1.69,-0.671,1,1
0,4,30,0,N,nb1,1575,0.341,1.866,2,1
0,4,30,0,N,nb2,1575,1.415,0.086,2,1
0,4,30,0,N,nb3,1575,-1.185,-0.464,1,1
0,4,30,0,N,nb4,1575,-0.686,-1.11,2,1
0,4,30,0,N,nb5,1575,0.475,-0.089,1,1
0,4,30,0,N,nb6,1575,0.285,-0.515,1,1
0,4,30,0,N,nb7,1575,1.56,0.454,1,1
0,4,30,0,N,nb8,1575,0.235,-0.699,1,1
0,4,30,0,N,nb9,1575,0.148,-0.984,1,1
0,4,30,0,N,nb10,1575,0.032,-1.164,2,1
0,4,30,0,N,nb11,1575,1.471,-0.293,1,1
0,4,30,0,N,nb12,1575,0.752,1.088,1,1
0,4,30,0,N,nb13,1575,1.299,-0.13,2,1
0,4,30,0,N,nb14,1575,-0.6,-0.886,3,1
0,4,30,0,N,nb15,1575,1.638,0.057,2,1
0,4,30,0,N,nb16,1575,1.73,0.274,2,1
0,4,30,0,N,nb17,1575,-0.835,-0.949,2,1
0,4,30,0,N,nb18,1575,-1.717,-0.24,1,1
0,4,30,0,N,nb19,1575,0.985,1.128,1,1
0,4,30,0,N,nb20,1575,-0.048,-1.392,1,1
0,4,30,0,N,nb21,1575,0.905,0.033,1,1
0,4,30,0,N,nb22,1575,0.542,1.46,1,1
0,4,30,0,N,nb23,1575,0.518,1.705,2,1
0,4,30,0,N,nb24,1575,-0.386,-0.775,1,1
0,4,30,0,N,nb25,1575,-1.605,-0.449,3,1
0,4,30,0,N,nb26,1575,0.68,0.037,2,1
0,4,30,0,N,nb27,1575,-1.317,-0.798,1,1
0,4,30,0,N,nb28,1575,-1.395,-0.574,3,1
0,4,30,0,N,nb29,1575,0.111,1.866,1,1
0,4,30,0,N,nb0,1580,-1.69,-0.671,1,1
0,4,30,0,N,nb1,1580,0.341,1.866,2,1
0,4,30,0,N,nb2,1580,1.415,0.086,2,1
0,4,30,0,N,nb3,1580,-1.185,-0.464,1,1
0,4,30,0,N,nb4,1580,-0.686,-1.11,2,1
0,4,30,0,N,nb5,1580,0.475,-0.089,1,1
0,4,30,0,N,nb6,1580,0.285,-0.515,1,1
0,4,30,0,N,nb7,1580,1.56,0.454,1,1
0,4,30,0,N,nb8,1580,0.235,-0.699,1,1
0,4,30,0,N,nb9,1580,0.148,-0.984,1,1
0,4,30,0,N,nb10,1580,0.032,-1.164,2,1
0,4,30,0,N,nb11,1580,1.471,-0.293,1,1
0,4,30,0,N,nb12,1580,0.752,1.088,1,1
0,4,30,0,N,nb13,1580,1.299,-0.13,2,1
0,4,30,0,N,nb14,1580,-0.6,-0.886,3,1
0,4,30,0,N,nb15,1580,1.638,0.057,2,1
0,4,30,0,N,nb16,1580,1.73,0.274,2,1
0,4,30,0,N,nb17,1580,-0.835,-0.949,2,1
0,4,30,0,N,nb18,1580,-1.717,-0.24,1,1
0,4,30,0,N,nb19,1580,0.985,1.128,1,1
0,4,30,0,N,nb20,1580,-0.048,-1.392,1,1
0,4,30,0,N,nb21,1580,0.905,0.033,1,1
0,4,30,0,N,nb22,1580,0.542,1.46,1,1
0,4,30,0,N,nb23,1580,0.518,1.705,2,1
0,4,30,0,N,nb24,1580,-0.386,-0.775,1,1
0,4,30,0,N,nb25,1580,-1.605,-0.449,3,1
0,4,30,0,N,nb26,1580,0.68,0.037,2,1
0,4,30,0,N,nb27,1580,-1.317,-0.798,1,1
0,4,30,0,N,nb28,1580,-1.395,-0.574,3,1
0,4,30,0,N,nb29,1580,0.111,1.866,1,1
0,4,30,0,N,nb0,1585,-1.69,-0.671,1,1
0,4,30,0,N,nb1,1585,0.341,1.866,2,1
0,4,30,0,N,nb2,1585,1.415,0.086,2,0
0,4,30,0,N,nb3,1585,-1.185,-0.464,1,1
0,4,30,0,N,nb4,1585,-0.686,-1.11,2,1
0,4,30,0,N,nb5,1585,0.475,-0.089,1,1
0,4,30,0,N,nb6,1585,0.285,-0.515,1,1
0,4,30,0,N,nb7,1585,1.56,0.454,1,1
0,4,30,0,N,nb8,1585,0.235,-0.699,1,1
0,4,30,0,N,nb9,1585,0.148,-0.984,1,1
0,4,30,0,N,nb10,1585,0.032,-1.164,2,1
0,4,30,0,N,nb11,1585,1.471,-0.293,1,1
0,4,30,0,N,nb12,1585,0.752,1.088,1,1
0,4,30,0,N,nb13,1585,1.299,-0.13,2,1
0,4,30,0,N,nb14,1585,-0.6,-0.886,3,1
0,4,30,0,N,nb15,1585,1.638,0.057,2,0
0,4,30,0,N,nb16,1585,1.73,0.274,2,1
0,4,30,0,N,nb17,1585,-0.835,-0.949,2,1
0,4,30,0,N,nb18,1585,-1.717,-0.24,1,1
0,4,30,0,N,nb19,1585,0.985,1.128,1,1
0,4,30,0,N,nb20,1585,-0.048,-1.392,1,1
0,4,30,0,N,nb21,1585,0.905,0.033,1,1
0,4,30,0,N,nb22,1585,0.542,1.46,1,1
0,4,30,0,N,nb23,1585,0.518,1.705,2,1
0,4,30,0,N,nb24,1585,-0.386,-0.775,1,1
0,4,30,0,N,nb25,1585,-1.605,-0.449,3,1
0,4,30,0,N,nb26,1585,0.68,0.037,2,1
0,4,30,0,N,nb27,1585,-1.317,-0.798,1,1
0,4,30,0,N,nb28,1585,-1.395,-0.574,3,1
0,4,30,0,N,nb29,1585,0.111,1.866,1,1
0,4,30,0,N,nb0,1590,-1.69,-0.671,1,1
0,4,30,0,N,nb1,1590,0.341,1.866,2,1
0,4,30,0,N,nb2,1590,1.415,0.086,2,1
0,4,30,0,N,nb3,1590,-1.185,-0.464,1,1
0,4,30,0,N,nb4,1590,-0.686,-1.11,2,1
0,4,30,0,N,nb5,1590,0.475,-0.089,1,1
0,4,30,0,N,nb6,1590,0.285,-0.515,1,1
0,4,30,0,N,nb7,1590,1.56,0.454,1,1
0,4,30,0,N,nb8,1590,0.235,-0.699,1,1
0,4,30,0,N,nb9,1590,0.148,-0.984,1,1
0,4,30,0,N,nb10,1590,0.032,-1.164,2,1
0,4,30,0,N,nb11,1590,1.471,-0.293,1,1
0,4,30,0,N,nb12,1590,0.752,1.088,1,1
0,4,30,0,N,nb13,1590,1.299,-0.13,2,1
0,4,30,0,N,nb14,1590,-0.6,-0.886,3,1
0,4,30,0,N,nb15,1590,1.638,0.057,2,1
0,4,30,0,N,nb16,1590,1.73,0.274,2,1
0,4,30,0,N,nb17,1590,-0.835,-0.949,2,1
0,4,30,0,N,nb18,1590,-1.717,-0.24,1,1
0,4,30,0,N,nb19,1590,0.985,1.128,1,1
0,4,30,0,N,nb20,1590,-0.048,-1.392,1,1
0,4,30,0,N,nb21,1590,0.905,0.033,1,1
0,4,30,0,N,nb22,1590,0.542,1.46,1,1
0,4,30,0,N,nb23,1590,0.518,1.705,2,1
0,4,30,0,N,nb24,1590,-0.386,-0.775,1,1
0,4,30,0,N,nb25,1590,-1.605,-0.449,3,1
0,4,30,0,N,nb26,1590,0.68,0.037,2,1
0,4,30,0,N,nb27,1590,-1.317,-0.798,1,1
0,4,30,0,N,nb28,1590,-1.395,-0.574,3,1
0,4,30,0,N,nb29,1590,0.111,1.866,1,1
0,4,30,0,N,nb0,1595,-1.69,-0.671,1,1
0,4,30,0,N,nb1,1595,0.341,1.866,2,1
0,4,30,0,N,nb2,1595,1.415,0.086,2,1
0,4,30,0,N,nb3,1595,-1.185,-0.464,1,1
0,4,30,0,N,nb4,1595,-0.686,-1.11,2,1
0,4,30,0,N,nb5,1595,0.475,-0.089,1,1
0,4,30,0,N,nb6,1595,0.285,-0.515,1,1
0,4,30,0,N,nb7,1595,1.56,0.454,1,1
0,4,30,0,N,nb8,1595,0.235,-0.699,1,1
0,4,30,0,N,nb9,1595,0.148,-0.984,1,1
0,4,30,0,N,nb10,1595,0.032,-1.164,2,1
0,4,30,0,N,nb11,1595,1.471,-0.293,1,1
0,4,30,0,N,nb12,1595,0.752,1.088,1,1
0,4,30,0,N,nb13,1595,1.299,-0.13,2,1
0,4,30,0,N,nb14,1595,-0.6,-0.886,3,1
0,4,30,0,N,nb15,1595,1.638,0.057,2,1
0,4,30,0,N,nb16,1595,1.73,0.274,2,1
0,4,30,0,N,nb17,1595,-0.835,-0.949,2,1
0,4,30,0,N,nb18,1595,-1.717,-0.24,1,1
0,4,30,0,N,nb19,1595,0.985,1.128,1,1
0,4,30,0,N,nb20,1595,-0.048,-1.392,1,1
0,4,30,0,N,nb21,1595,0.905,0.033,1,1
0,4,30,0,N,nb22,1595,0.542,1.46,1,1
0,4,30,0,N,nb23,1595,0.518,1.705,2,1
0,4,30,0,N,nb24,1595,-0.386,-0.775,1,1
0,4,30,0,N,nb25,1595,-1.605,-0.449,3,1
0,4,30,0,N,nb26,1595,0.68,0.037,2,1
0,4,30,0,N,nb27,1595,-1.317,-0.798,1,1
0,4,30,0,N,nb28,1595,-1.395,-0.574,3,1
0,4,30,0,N,nb29,1595,0.111,1.866,1,1
0,4,30,0,N,nb0,1600,-1.69,-0.671,1,1
0,4,30,0,N,nb1,1600,0.341,1.866,2,1
0,4,30,0,N,nb2,1600,1.415,0.086,2,1
0,4,30,0,N,nb3,1600,-1.185,-0.464,1,1
0,4,30,0,N,nb4,1600,-0.686,-1.11,2,1
0,4,30,0,N,nb5,1600,0.475,-0.089,1,1
0,4,30,0,N,nb6,1600,0.285,-0.515,1,1
0,4,30,0,N,nb7,1600,1.56,0.454,1,1
0,4,30,0,N,nb8,1600,0.235,-0.699,1,1
0,4,30,0,N,nb9,1600,0.148,-0.984,1,1
0,4,30,0,N,nb10,1600,0.032,-1.164,2,1
0,4,30,0,N,nb11,1600,1.471,-0.293,1,1
0,4,30,0,N,nb12,1600,0.752,1.088,1,1
0,4,30,0,N,nb13,1600,1.299,-0.13,2,1
0,4,30,0,N,nb14,1600,-0.6,-0.886,3,1
0,4,30,0,N,nb15,1600,1.638,0.057,2,1
0,4,30,0,N,nb16,1600,1.73,0.274,2,1
0,4,30,0,N,nb17,1600,-0.835,-0.949,2,1
0,4,30,0,N,nb18,1600,-1.717,-0.24,1,1
0,4,30,0,N,nb19,1600,0.985,1.128,1,1
0,4,30,0,N,nb20,1600,-0.048,-1.392,1,1
0,4,30,0,N,nb21,1600,0.905,0.033,1,1
0,4,30,0,N,nb22,1600,0.542,1.46,1,1
0,4,30,0,N,nb23,1600,0.518,1.705,2,1
0,4,30,0,N,nb24,1600,-0.386,-0.775,1,1
0,4,30,0,N,nb25,1600,-1.605,-0.449,3,1
0,4,30,0,N,nb26,1600,0.68,0.037,2,1
0,4,30,0,N,nb27,1600,-1.317,-0.798,1,1
0,4,30,0,N,nb28,1600,-1.395,-0.574,3,1
0,4,30,0,N,nb29,1600,0.111,1.866,1,1
0,4,30,0,N,nb0,1605,-1.69,-0.671,1,1
0,4,30,0,N,nb1,1605,0.341,1.866,2,1
0,4,30,0,N,nb2,1605,1.415,0.086,2,1
0,4,30,0,N,nb3,1605,-1.185,-0.464,1,1
0,4,30,0,N,nb4,1605,-0.686,-1.11,2,1
0,4,30,0,N,nb5,1605,0.475,-0.089,1,1
0,4,30,0,N,nb6,1605,0.285,-0.515,1,1
0,4,30,0,N,nb7,1605,1.56,0.454,1,1
0,4,30,0,N,nb8,1605,0.235,-0.699,1,1
0,4,30,0,N,nb9,1605,0.148,-0.984,1,1
0,4,30,0,N,nb10,1605,0.032,-1.164,2,1
0,4,30,0,N,nb11,1605,1.471,-0.293,1,1
0,4,30,0,N,nb12,1605,0.752,1.088,1,1
0,4,30,0,N,nb13,1605,1.299,-0.13,2,1
0,4,30,0,N,nb14,1605,-0.6,-0.886,3,1
0,4,30,0,N,nb15,1605,1.638,0.057,2,1
0,4,30,0,N,nb16,1605,1.73,0.274,2,1
0,4,30,0,N,nb17,1605,-0.835,-0.949,2,1
0,4,30,0,N,nb18,1605,-1.717,-0.24,1,1
0,4,30,0,N,nb19,1605,0.985,1.128,1,1
0,4,30,0,N,nb20,1605,-0.048,-1.392,1,1
0,4,30,0,N,nb21,1605,0.905,0.033,1,1
0,4,30,0,N,nb22,1605,0.542,1.46,1,1
0,4,30,0,N,nb23,1605,0.518,1.705,2,1
0,4,30,0,N,nb24,1605,-0.386,-0.775,1,1
0,4,30,0,N,nb25,1605,-1.605,-0.449,3,1
0,4,30,0,N,nb26,1605,0.68,0.037,2,1
0,4,30,0,N,nb27,1605,-1.317,-0.798,1,1
0,4,30,0,N,nb28,1605,-1.395,-0.574,3,1
0,4,30,0,N,nb29,1605,0.111,1.866,1,1
0,4,30,0,N,nb0,1610,-1.69,-0.671,1,1
0,4,30,0,N,nb1,1610,0.341,1.866,2,1
0,4,30,0,N,nb2,1610,1.415,0.086,2,1
0,4,30,0,N,nb3,1610,-1.185,-0.464,1,1
0,4,30,0,N,nb4,1610,-0.686,-1.11,2,1
0,4,30,0,N,nb5,1610,0.475,-0.089,1,1
0,4,30,0,N,nb6,1610,0.285,-0.515,1,1
0,4,30,0,N,nb7,1610,1.56,0.454,1,1
0,4,30,0,N,nb8,1610,0.235,-0.699,1,1
0,4,30,0,N,nb9,1610,0.148,-0.984,1,1
0,4,30,0,N,nb10,1610,0.032,-1.164,2,1
0,4,30,0,N,nb11,1610,1.471,-0.293,1,1
0,4,30,0,N,nb12,1610,0.752,1.088,1,1
0,4,30,0,N,nb13,1610,1.299,-0.13,2,1
0,4,30,0,N,nb14,1610,-0.6,-0.886,3,1
0,4,30,0,N,nb15,1610,1.638,0.057,2,1
0,4,30,0,N,nb16,1610,1.73,0.274,2,1
0,4,30,0,N,nb17,1610,-0.835,-0.949,2,1
0,4,30,0,N,nb18,1610,-1.717,-0.24,1,1
0,4,30,0,N,nb19,1610,0.985,1.128,1,1
0,4,30,0,N,nb20,1610,-0.048,-1.392,1,1
0,4,30,0,N,nb21,1610,0.905,0.033,1,1
0,4,30,0,N,nb22,1610,0.542,1.46,1,1
0,4,30,0,N,nb23,1610,0.518,1.705,2,1
0,4,30,0,N,nb24,1610,-0.386,-0.775,1,1
0,4,30,0,N,nb25,1610,-1.605,-0.449,3,0
0,4,30,0,N,nb26,1610,0.68,0.037,2,1
0,4,30,0,N,nb27,1610,-1.317,-0.798,1,1
0,4,30,0,N,nb28,1610,-1.395,-0.574,3,1
0,4,30,0,N,nb29,1610,0.111,1.866,1,1
0,4,30,0,N,nb0,1615,-1.69,-0.671,1,1
0,4,30,0,N,nb1,1615,0.341,1.866,2,1
0,4,30,0,N,nb2,1615,1.415,0.086,2,1
0,4,30,0,N,nb3,1615,-1.185,-0.464,1,1
0,4,30,0,N,nb4,1615,-0.686,-1.11,2,1
0,4,30,0,N,nb5,1615,0.475,-0.089,1,1
0,4,30,0,N,nb6,1615,0.285,-0.515,1,1
0,4,30,0,N,nb7,1615,1.56,0.454,1,1
0,4,30,0,N,nb8,1615,0.235,-0.699,1,1
0,4,30,0,N,nb9,1615,0.148,-0.984,1,1
0,4,30,0,N,nb10,1615,0.032,-1.164,2,1
0,4,30,0,N,nb11,1615,1.471,-0.293,1,1
0,4,30,0,N,nb12,1615,0.752,1.088,1,1
0,4,30,0,N,nb13,1615,1.299,-0.13,2,1
0,4,30,0,N,nb14,1615,-0.6,-0.886,3,1
0,4,30,0,N,nb15,1615,1.638,0.057,2,1
0,4,30,0,N,nb16,1615,1.73,0.274,2,1
0,4,30,0,N,nb17,1615,-0.835,-0.949,2,1
0,4,30,0,N,nb18,1615,-1.717,-0.24,1,1
0,4,30,0,N,nb19,1615,0.985,1.128,1,1
0,4,30,0,N,nb20,1615,-0.048,-1.392,1,1
0,4,30,0,N,nb21,1615,0.905,0.033,1,1
0,4,30,0,N,nb22,1615,0.542,1.46,1,1
0,4,30,0,N,nb23,1615,0.518,1.705,2,1
0,4,30,0,N,nb24,1615,-0.386,-0.775,1,1
0,4,30,0,N,nb25,1615,-1.605,-0.449,3,1
0,4,30,0,N,nb26,1615,0.68,0.037,2,1
0,4,30,0,N,nb27,1615,-1.317,-0.798,1,1
0,4,30,0,N,nb28,1615,-1.395,-0.574,3,1
0,4,30,0,N,nb29,1615,0.111,1.866,1,1
0,4,30,0,N,nb0,1620,-1.69,-0.671,1,1
0,4,30,0,N,nb1,1620,0.341,1.866,2,1
0,4,30,0,N,nb2,1620,1.415,0.086,2,1
0,4,30,0,N,nb3,1620,-1.185,-0.464,1,1
0,4,30,0,N,nb4,1620,-0.686,-1.11,2,1
0,4,30,0,N,nb5,1620,0.475,-0.089,1,1
0,4,30,0,N,nb6,1620,0.285,-0.515,1,1
0,4,30,0,N,nb7,1620,1.56,0.454,1,1
0,4,30,0,N,nb8,1620,0.235,-0.699,1,1
0,4,30,0,N,nb9,1620,0.148,-0.984,1,1
0,4,30,0,N,nb10,1620,0.032,-1.164,2,1
0,4,30,0,N,nb11,1620,1.471,-0.293,1,1
0,4,30,0,N,nb12,1620,0.752,1.088,1,1
0,4,30,0,N,nb13,1620,1.299,-0.13,2,1
0,4,30,0,N,nb14,1620,-0.6,-0.886,3,1
0,4,30,0,N,nb15,1620,1.638,0.057,2,1
0,4,30,0,N,nb16,1620,1.73,0.274,2,1
0,4,30,0,N,nb17,1620,-0.835,-0.949,2,1
0,4,30,0,N,nb18,1620,-1.717,-0.24,1,1
0,4,30,0,N,nb19,1620,0.985,1.128,1,1
0,4,30,0,N,nb20,1620,-0.048,-1.392,1,1
0,4,30,0,N,nb21,1620,0.905,0.033,1,1
0,4,30,0,N,nb22,1620,0.542,1.46,1,1
0,4,30,0,N,nb23,1620,0.518,1.705,2,1
0,4,30,0,N,nb24,1620,-0.386,-0.775,1,1
0,4,30,0,N,nb25,1620,-1.605,-0.449,3,1
0,4,30,0,N,nb26,1620,0.68,0.037,2,1
0,4,30,0,N,nb27,1620,-1.317,-0.798,1,1
0,4,30,0,N,nb28,1620,-1.395,-0.574,3,1
0,4,30,0,N,nb29,1620,0.111,1.866,1,1
0,4,30,0,N,nb0,1625,-1.69,-0.671,1,1
0,4,30,0,N,nb1,1625,0.341,1.866,2,1
0,4,30,0,N,nb2,1625,1.415,0.086,2,1
0,4,30,0,N,nb3,1625,-1.185,-0.464,1,1
0,4,30,0,N,nb4,1625,-0.686,-1.11,2,1
0,4,30,0,N,nb5,1625,0.475,-0.089,1,1
0,4,30,0,N,nb6,1625,0.285,-0.515,1,1
0,4,30,0,N,nb7,1625,1.56,0.454,1,1
0,4,30,0,N,nb8,1625,0.235,-0.699,1,1
0,4,30,0,N,nb9,1625,0.148,-0.984,1,1
0,4,30,0,N,nb10,1625,0.032,-1.164,2,1
0,4,30,0,N,nb11,1625,1.471,-0.293,1,1
0,4,30,0,N,nb12,1625,0.752,1.088,1,1
0,4,30,0,N,nb13,1625,1.299,-0.13,2,1
0,4,30,0,N,nb14,1625,-0.6,-0.886,3,1
0,4,30,0,N,nb15,1625,1.638,0.057,2,1
0,4,30,0,N,nb16,1625,1.73,0.274,2,1
0,4,30,0,N,nb17,1625,-0.835,-0.949,2,1
0,4,30,0,N,nb18,1625,-1.717,-0.24,1,0
0,4,30,0,N,nb19,1625,0.985,1.128,1,1
0,4,30,0,N,nb20,1625,-0.048,-1.392,1,1
0,4,30,0,N,nb21,1625,0.905,0.033,1,1
0,4,30,0,N,nb22,1625,0.542,1.46,1,1
0,4,30,0,N,nb23,1625,0.518,1.705,2,1
0,4,30,0,N,nb24,1625,-0.386,-0.775,1,0
0,4,30,0,N,nb25,1625,-1.605,-0.449,3,1
0,4,30,0,N,nb26,1625,0.68,0.037,2,1
0,4,30,0,N,nb27,1625,-1.317,-0.798,1,1
0,4,30,0,N,nb28,1625,-1.395,-0.574,3,1
0,4,30,0,N,nb29,1625,0.111,1.866,1,1
0,4,30,0,N,nb0,1630,-1.69,-0.671,1,1
0,4,30,0,N,nb1,1630,0.341,1.866,2,1
0,4,30,0,N,nb2,1630,1.415,0.086,2,1
0,4,30,0,N,nb3,1630,-1.185,-0.464,1,1
0,4,30,0,N,nb4,1630,-0.686,-1.11,2,1
0,4,30,0,N,nb5,1630,0.475,-0.089,1,1
0,4,30,0,N,nb6,1630,0.285,-0.515,1,1
0,4,30,0,N,nb7,1630,1.56,0.454,1,1
0,4,30,0,N,nb8,1630,0.235,-0.699,1,1
0,4,30,0,N,nb9,1630,0.148,-0.984,1,1
0,4,30,0,N,nb10,1630,0.032,-1.164,2,1
0,4,30,0,N,nb11,1630,1.471,-0.293,1,1
0,4,30,0,N,nb12,1630,0.752,1.088,1,0
0,4,30,0,N,nb13,1630,1.299,-0.13,2,1
0,4,30,0,N,nb14,1630,-0.6,-0.886,3,1
0,4,30,0,N,nb15,1630,1.638,0.057,2,1
0,4,30,0,N,nb16,1630,1.73,0.274,2,1
0,4,30,0,N,nb17,1630,-0.835,-0.949,2,1
0,4,30,0,N,nb18,1630,-1.717,-0.24,1,1
0,4,30,0,N,nb19,1630,0.985,1.128,1,0
0,4,30,0,N,nb20,1630,-0.048,-1.392,1,1
0,4,30,0,N,nb21,1630,0.905,0.033,1,1
0,4,30,0,N,nb22,1630,0.542,1.46,1,1
0,4,30,0,N,nb23,1630,0.518,1.705,2,1
0,4,30,0,N,nb24,1630,-0.386,-0.775,1,1
0,4,30,0,N,nb25,1630,-1.605,-0.449,3,1
0,4,30,0,N,nb26,1630,0.68,0.037,2,1
0,4,30,0,N,nb27,1630,-1.317,-0.798,1,1
0,4,30,0,N,nb28,1630,-1.395,-0.574,3,1
0,4,30,0,N,nb29,1630,0.111,1.866,1,1
0,4,30,0,N,nb0,1635,-1.69,-0.671,1,1
0,4,30,0,N,nb1,1635,0.341,1.866,2,1
0,4,30,0,N,nb2,1635,1.415,0.086,2,1
0,4,30,0,N,nb3,1635,-1.185,-0.464,1,1
0,4,30,0,N,nb4,1635,-0.686,-1.11,2,1
0,4,30,0,N,nb5,1635,0.475,-0.089,1,1
0,4,30,0,N,nb6,1635,0.285,-0.515,1,1
0,4,30,0,N,nb7,1635,1.56,0.454,1,1
0,4,30,0,N,nb8,1635,0.235,-0.699,1,1
0,4,30,0,N,nb9,1635,0.148,-0.984,1,1
0,4,30,0,N,nb10,1635,0.032,-1.164,2,1
0,4,30,0,N,nb11,1635,1.471,-0.293,1,1
0,4,30,0,N,nb12,1635,0.752,1.088,1,1
0,4,30,0,N,nb13,1635,1.299,-0.13,2,1
0,4,30,0,N,nb14,1635,-0.6,-0.886,3,1
0,4,30,0,N,nb15,1635,1.638,0.057,2,1
0,4,30,0,N,nb16,1635,1.73,0.274,2,1
0,4,30,0,N,nb17,1635,-0.835,-0.949,2,1
0,4,30,0,N,nb18,1635,-1.717,-0.24,1,1
0,4,30,0,N,nb19,1635,0.985,1.128,1,1
0,4,30,0,N,nb20,1635,-0.048,-1.392,1,1
0,4,30,0,N,nb21,1635,0.905,0.033,1,1
0,4,30,0,N,nb22,1635,0.542,1.46,1,1
0,4,30,0,N,nb23,1635,0.518,1.705,2,1
0,4,30,0,N,nb24,1635,-0.386,-0.775,1,1
0,4,30,0,N,nb25,1635,-1.605,-0.449,3,1
0,4,30,0,N,nb26,1635,0.68,0.037,2,1
0,4,30,0,N,nb27,1635,-1.317,-0.798,1,1
0,4,30,0,N,nb28,1635,-1.395,-0.574,3,1
0,4,30,0,N,nb29,1635,0.111,1.866,1,1
0,4,30,0,N,nb0,1640,-1.69,-0.671,1,1
0,4,30,0,N,nb1,1640,0.341,1.866,2,1
0,4,30,0,N,nb2,1640,1.415,0.086,2,1
0,4,30,0,N,nb3,1640,-1.185,-0.464,1,1
0,4,30,0,N,nb4,1640,-0.686,-1.11,2,1
0,4,30,0,N,nb5,1640,0.475,-0.089,1,1
0,4,30,0,N,nb6,1640,0.285,-0.515,1,1
0,4,30,0,N,nb7,1640,1.56,0.454,1,1
0,4,30,0,N,nb8,1640,0.235,-0.699,1,1
0,4,30,0,N,nb9,1640,0.148,-0.984,1,1
0,4,30,0,N,nb10,1640,0.032,-1.164,2,1
0,4,30,0,N,nb11,1640,1.471,-0.293,1,1
0,4,30,0,N,nb12,1640,0.752,1.088,1,1
0,4,30,0,N,nb13,1640,1.299,-0.13,2,1
0,4,30,0,N,nb14,1640,-0.6,-0.886,3,1
0,4,30,0,N,nb15,1640,1.638,0.057,2,1
0,4,30,0,N,nb16,1640,1.73,0.274,2,1
0,4,30,0,N,nb17,1640,-0.835,-0.949,2,1
0,4,30,0,N,nb18,1640,-1.717,-0.24,1,1
0,4,30,0,N,nb19,1640,0.985,1.128,1,1
0,4,30,0,N,nb20,1640,-0.048,-1.392,1,1
0,4,30,0,N,nb21,1640,0.905,0.033,1,1
0,4,30,0,N,nb22,1640,0.542,1.46,1,1
0,4,30,0,N,nb23,1640,0.518,1.705,2,1
0,4,30,0,N,nb24,1640,-0.386,-0.775,1,1
0,4,30,0,N,nb25,1640,-1.605,-0.449,3,1
0,4,30,0,N,nb26,1640,0.68,0.037,2,1
0,4,30,0,N,nb27,1640,-1.317,-0.798,1,1
0,4,30,0,N,nb28,1640,-1.395,-0.574,3,1
0,4,30,0,N,nb29,1640,0.111,1.866,1,1
0,4,30,0,N,nb0,1645,-1.69,-0.671,1,1
0,4,30,0,N,nb1,1645,0.341,1.866,2,1
0,4,30,0,N,nb2,1645,1.415,0.086,2,1
0,4,30,0,N,nb3,1645,-1.185,-0.464,1,1
0,4,30,0,N,nb4,1645,-0.686,-1.11,2,1
0,4,30,0,N,nb5,1645,0.475,-0.089,1,1
0,4,30,0,N,nb6,1645,0.285,-0.515,1,1
0,4,30,0,N,nb7,1645,1.56,0.454,1,1
0,4,30,0,N,nb8,1645,0.235,-0.699,1,1
0,4,30,0,N,nb9,1645,0.148,-0.984,1,1
0,4,30,0,N,nb10,1645,0.032,-1.164,2,1
0,4,30,0,N,nb11,1645,1.471,-0.293,1,1
0,4,30,0,N,nb12,1645,0.752,1.088,1,1
0,4,30,0,N,nb13,1645,1.299,-0.13,2,1
0,4,30,0,N,nb14,1645,-0.6,-0.886,3,0
0,4,30,0,N,nb15,1645,1.638,0.057,2,1
0,4,30,0,N,nb16,1645,1.73,0.274,2,1
0,4,30,0,N,nb17,1645,-0.835,-0.949,2,1
0,4,30,0,N,nb18,1645,-1.717,-0.24,1,1
0,4,30,0,N,nb19,1645,0.985,1.128,1,1
0,4,30,0,N,nb20,1645,-0.048,-1.392,1,1
0,4,30,0,N,nb21,1645,0.905,0.033,1,1
0,4,30,0,N,nb22,1645,0.542,1.46,1,1
0,4,30,0,N,nb23,1645,0.518,1.705,2,1
0,4,30,0,N,nb24,1645,-0.386,-0.775,1,1
0,4,30,0,N,nb25,1645,-1.605,-0.449,3,1
0,4,30,0,N,nb26,1645,0.68,0.037,2,1
0,4,30,0,N,nb27,1645,-1.317,-0.798,1,1
0,4,30,0,N,nb28,1645,-1.395,-0.574,3,1
0,4,30,0,N,nb29,1645,0.111,1.866,1,1
0,4,30,0,N,nb0,1650,-1.69,-0.671,1,1
0,4,30,0,N,nb1,1650,0.341,1.866,2,1
0,4,30,0,N,nb2,1650,1.415,0.086,2,1
0,4,30,0,N,nb3,1650,-1.185,-0.464,1,1
0,4,30,0,N,nb4,1650,-0.686,-1.11,2,1
0,4,30,0,N,nb5,1650,0.475,-0.089,1,1
0,4,30,0,N,nb6,1650,0.285,-0.515,1,1
0,4,30,0,N,nb7,1650,1.56,0.454,1,1
0,4,30,0,N,nb8,1650,0.235,-0.699,1,1
0,4,30,0,N,nb9,1650,0.148,-0.984,1,1
0,4,30,0,N,nb10,1650,0.032,-1.164,2,1
0,4,30,0,N,nb11,1650,1.471,-0.293,1,1
0,4,30,0,N,nb12,1650,0.752,1.088,1,1
0,4,30,0,N,nb13,1650,1.299,-0.13,2,1
0,4,30,0,N,nb14,1650,-0.6,-0.886,3,1
0,4,30,0,N,nb15,1650,1.638,0.057,2,1
0,4,30,0,N,nb16,1650,1.73,0.274,2,1
0,4,30,0,N,nb17,1650,-0.835,-0.949,2,1
0,4,30,0,N,nb18,1650,-1.717,-0.24,1,1
0,4,30,0,N,nb19,1650,0.985,1.128,1,1
0,4,30,0,N,nb20,1650,-0.048,-1.392,1,1
0,4,30,0,N,nb21,1650,0.905,0.033,1,1
0,4,30,0,N,nb22,1650,0.542,1.46,1,1
0,4,30,0,N,nb23,1650,0.518,1.705,2,1
0,4,30,0,N,nb24,1650,-0.386,-0.775,1,1
0,4,30,0,N,nb25,1650,-1.605,-0.449,3,1
0,4,30,0,N,nb26,1650,0.68,0.037,2,1
0,4,30,0,N,nb27,1650,-1.317,-0.798,1,1
0,4,30,0,N,nb28,1650,-1.395,-0.574,3,1
0,4,30,0,N,nb29,1650,0.111,1.866,1,1
0,4,30,0,N,nb0,1655,-1.69,-0.671,1,1
0,4,30,0,N,nb1,1655,0.341,1.866,2,1
0,4,30,0,N,nb2,1655,1.415,0.086,2,1
0,4,30,0,N,nb3,1655,-1.185,-0.464,1,1
0,4,30,0,N,nb4,1655,-0.686,-1.11,2,1
0,4,30,0,N,nb5,1655,0.475,-0.089,1,1
0,4,30,0,N,nb6,1655,0.285,-0.515,1,1
0,4,30,0,N,nb7,1655,1.56,0.454,1,1
0,4,30,0,N,nb8,1655,0.235,-0.699,1,1
0,4,30,0,N,nb9,1655,0.148,-0.984,1,1
0,4,30,0,N,nb10,1655,0.032,-1.164,2,1
0,4,30,0,N,nb11,1655,1.471,-0.293,1,1
0,4,30,0,N,nb12,1655,0.752,1.088,1,1
0,4,30,0,N,nb13,1655,1.299,-0.13,2,1
0,4,30,0,N,nb14,1655,-0.6,-0.886,3,1
0,4,30,0,N,nb15,1655,1.638,0.057,2,1
0,4,30,0,N,nb16,1655,1.73,0.274,2,0
0,4,30,0,N,nb17,1655,-0.835,-0.949,2,1
0,4,30,0,N,nb18,1655,-1.717,-0.24,1,1
0,4,30,0,N,nb19,1655,0.985,1.128,1,1
0,4,30,0,N,nb20,1655,-0.048,-1.392,1,1
0,4,30,0,N,nb21,1655,0.905,0.033,1,0
0,4,30,0,N,nb22,1655,0.542,1.46,1,1
0,4,30,0,N,nb23,1655,0.518,1.705,2,1
0,4,30,0,N,nb24,1655,-0.386,-0.775,1,1
0,4,30,0,N,nb25,1655,-1.605,-0.449,3,1
0,4,30,0,N,nb26,1655,0.68,0.037,2,0
0,4,30,0,N,nb27,1655,-1.317,-0.798,1,1
0,4,30,0,N,nb28,1655,-1.395,-0.574,3,1
0,4,30,0,N,nb29,1655,0.111,1.866,1,1
0,4,30,0,N,nb0,1660,-1.69,-0.671,1,1
0,4,30,0,N,nb1,1660,0.341,1.866,2,1
0,4,30,0,N,nb2,1660,1.415,0.086,2,1
0,4,30,0,N,nb3,1660,-1.185,-0.464,1,1
0,4,30,0,N,nb4,1660,-0.686,-1.11,2,1
0,4,30,0,N,nb5,1660,0.475,-0.089,1,1
0,4,30,0,N,nb6,1660,0.285,-0.515,1,1
0,4,30,0,N,nb7,1660,1.56,0.454,1,1
0,4,30,0,N,nb8,1660,0.235,-0.699,1,1
0,4,30,0,N,nb9,1660,0.148,-0.984,1,1
0,4,30,0,N,nb10,1660,0.032,-1.164,2,1
0,4,30,0,N,nb11,1660,1.471,-0.293,1,1
0,4,30,0,N,nb12,1660,0.752,1.088,1,1
0,4,30,0,N,nb13,1660,1.299,-0.13,2,1
0,4,30,0,N,nb14,1660,-0.6,-0.886,3,1
0,4,30,0,N,nb15,1660,1.638,0.057,2,1
0,4,30,0,N,nb16,1660,1.73,0.274,2,1
0,4,30,0,N,nb17,1660,-0.835,-0.949,2,1
0,4,30,0,N,nb18,1660,-1.717,-0.24,1,1
0,4,30,0,N,nb19,1660,0.985,1.128,1,1
0,4,30,0,N,nb20,1660,-0.048,-1.392,1,1
0,4,30,0,N,nb21,1660,0.905,0.033,1,1
0,4,30,0,N,nb22,1660,0.542,1.46,1,1
0,4,30,0,N,nb23,1660,0.518,1.705,2,1
0,4,30,0,N,nb24,1660,-0.386,-0.775,1,1
0,4,30,0,N,nb25,1660,-1.605,-0.449,3,1
0,4,30,0,N,nb26,1660,0.68,0.037,2,1
0,4,30,0,N,nb27,1660,-1.317,-0.798,1,0
0,4,30,0,N,nb28,1660,-1.395,-0.574,3,1
0,4,30,0,N,nb29,1660,0.111,1.866,1,1
0,4,30,0,N,nb0,1665,-1.69,-0.671,1,0
0,4,30,0,N,nb1,1665,0.341,1.866,2,1
0,4,30,0,N,nb2,1665,1.415,0.086,2,1
0,4,30,0,N,nb3,1665,-1.185,-0.464,1,1
0,4,30,0,N,nb4,1665,-0.686,-1.11,2,1
0,4,30,0,N,nb5,1665,0.475,-0.089,1,1
0,4,30,0,N,nb6,1665,0.285,-0.515,1,1
0,4,30,0,N,nb7,1665,1.56,0.454,1,1
0,4,30,0,N,nb8,1665,0.235,-0.699,1,1
0,4,30,0,N,nb9,1665,0.148,-0.984,1,1
0,4,30,0,N,nb10,1665,0.032,-1.164,2,1
0,4,30,0,N,nb11,1665,1.471,-0.293,1,0
0,4,30,0,N,nb12,1665,0.752,1.088,1,1
0,4,30,0,N,nb13,1665,1.299,-0.13,2,1
0,4,30,0,N,nb14,1665,-0.6,-0.886,3,1
0,4,30,0,N,nb15,1665,1.638,0.057,2,1
0,4,30,0,N,nb16,1665,1.73,0.274,2,1
0,4,30,0,N,nb17,1665,-0.835,-0.949,2,1
0,4,30,0,N,nb18,1665,-1.717,-0.24,1,1
0,4,30,0,N,nb19,1665,0.985,1.128,1,1
0,4,30,0,N,nb20,1665,-0.048,-1.392,1,1
0,4,30,0,N,nb21,1665,0.905,0.033,1,1
0,4,30,0,N,nb22,1665,0.542,1.46,1,1
0,4,30,0,N,nb23,1665,0.518,1.705,2,1
0,4,30,0,N,nb24,1665,-0.386,-0.775,1,1
0,4,30,0,N,nb25,1665,-1.605,-0.449,3,1
0,4,30,0,N,nb26,1665,0.68,0.037,2,1
0,4,30,0,N,nb27,1665,-1.317,-0.798,1,1
0,4,30,0,N,nb28,1665,-1.395,-0.574,3,1
0,4,30,0,N,nb29,1665,0.111,1.866,1,1
0,4,30,0,N,nb0,1670,-1.69,-0.671,1,1
0,4,30,0,N,nb1,1670,0.341,1.866,2,1
0,4,30,0,N,nb2,1670,1.415,0.086,2,1
0,4,30,0,N,nb3,1670,-1.185,-0.464,1,1
0,4,30,0,N,nb4,1670,-0.686,-1.11,2,1
0,4,30,0,N,nb5,1670,0.475,-0.089,1,1
0,4,30,0,N,nb6,1670,0.285,-0.515,1,1
0,4,30,0,N,nb7,1670,1.56,0.454,1,1
0,4,30,0,N,nb8,1670,0.235,-0.699,1,1
0,4,30,0,N,nb9,1670,0.148,-0.984,1,1
0,4,30,0,N,nb10,1670,0.032,-1.164,2,1
0,4,30,0,N,nb11,1670,1.471,-0.293,1,1
0,4,30,0,N,nb12,1670,0.752,1.088,1,1
0,4,30,0,N,nb13,1670,1.299,-0.13,2,1
0,4,30,0,N,nb14,1670,-0.6,-0.886,3,1
0,4,30,0,N,nb15,1670,1.638,0.057,2,1
0,4,30,0,N,nb16,1670,1.73,0.274,2,1
0,4,30,0,N,nb17,1670,-0.835,-0.949,2,1
0,4,30,0,N,nb18,1670,-1.717,-0.24,1,1
0,4,30,0,N,nb19,1670,0.985,1.128,1,1
0,4,30,0,N,nb20,1670,-0.048,-1.392,1,1
0,4,30,0,N,nb21,1670,0.905,0.033,1,1
0,4,30,0,N,nb22,1670,0.542,1.46,1,0
0,4,30,0,N,nb23,1670,0.518,1.705,2,0
0,4,30,0,N,nb24,1670,-0.386,-0.775,1,1
0,4,30,0,N,nb25,1670,-1.605,-0.449,3,1
0,4,30,0,N,nb26,1670,0.68,0.037,2,1
0,4,30,0,N,nb27,1670,-1.317,-0.798,1,1
0,4,30,0,N,nb28,1670,-1.395,-0.574,3,1
0,4,30,0,N,nb29,1670,0.111,1.866,1,1
0,4,30,0,N,nb0,1675,-1.69,-0.671,1,1
0,4,30,0,N,nb1,1675,0.341,1.866,2,1
0,4,30,0,N,nb2,1675,1.415,0.086,2,1
0,4,30,0,N,nb3,1675,-1.185,-0.464,1,1
0,4,30,0,N,nb4,1675,-0.686,-1.11,2,1
0,4,30,0,N,nb5,1675,0.475,-0.089,1,1
0,4,30,0,N,nb6,1675,0.285,-0.515,1,1
0,4,30,0,N,nb7,1675,1.56,0.454,1,1
0,4,30,0,N,nb8,1675,0.235,-0.699,1,1
0,4,30,0,N,nb9,1675,0.148,-0.984,1,1
0,4,30,0,N,nb10,1675,0.032,-1.164,2,1
0,4,30,0,N,nb11,1675,1.471,-0.293,1,1
0,4,30,0,N,nb12,1675,0.752,1.088,1,1
0,4,30,0,N,nb13,1675,1.299,-0.13,2,1
0,4,30,0,N,nb14,1675,-0.6,-0.886,3,1
0,4,30,0,N,nb15,1675,1.638,0.057,2,1
0,4,30,0,N,nb16,1675,1.73,0.274,2,1
0,4,30,0,N,nb17,1675,-0.835,-0.949,2,1
0,4,30,0,N,nb18,1675,-1.717,-0.24,1,1
0,4,30,0,N,nb19,1675,0.985,1.128,1,1
0,4,30,0,N,nb20,1675,-0.048,-1.392,1,1
0,4,30,0,N,nb21,1675,0.905,0.033,1,1
0,4,30,0,N,nb22,1675,0.542,1.46,1,1
0,4,30,0,N,nb23,1675,0.518,1.705,2,1
0,4,30,0,N,nb24,1675,-0.386,-0.775,1,1
0,4,30,0,N,nb25,1675,-1.605,-0.449,3,1
0,4,30,0,N,nb26,1675,0.68,0.037,2,1
0,4,30,0,N,nb27,1675,-1.317,-0.798,1,1
0,4,30,0,N,nb28,1675,-1.395,-0.574,3,1
0,4,30,0,N,nb29,1675,0.111,1.866,1,1
0,4,30,0,N,nb0,1680,-1.69,-0.671,1,1
0,4,30,0,N,nb1,1680,0.341,1.866,2,1
0,4,30,0,N,nb2,1680,1.415,0.086,2,1
0,4,30,0,N,nb3,1680,-1.185,-0.464,1,1
0,4,30,0,N,nb4,1680,-0.686,-1.11,2,1
0,4,30,0,N,nb5,1680,0.475,-0.089,1,0
0,4,30,0,N,nb6,1680,0.285,-0.515,1,1
0,4,30,0,N,nb7,1680,1.56,0.454,1,1
0,4,30,0,N,nb8,1680,0.235,-0.699,1,1
0,4,30,0,N,nb9,1680,0.148,-0.984,1,1
0,4,30,0,N,nb10,1680,0.032,-1.164,2,1
0,4,30,0,N,nb11,1680,1.471,-0.293,1,1
0,4,30,0,N,nb12,1680,0.752,1.088,1,1
0,4,30,0,N,nb13,1680,1.299,-0.13,2,1
0,4,30,0,N,nb14,1680,-0.6,-0.886,3,1
0,4,30,0,N,nb15,1680,1.638,0.057,2,1
0,4,30,0,N,nb16,1680,1.73,0.274,2,1
0,4,30,0,N,nb17,1680,-0.835,-0.949,2,1
0,4,30,0,N,nb18,1680,-1.717,-0.24,1,1
0,4,30,0,N,nb19,1680,0.985,1.128,1,1
0,4,30,0,N,nb20,1680,-0.048,-1.392,1,1
0,4,30,0,N,nb21,1680,0.905,0.033,1,1
0,4,30,0,N,nb22,1680,0.542,1.46,1,1
0,4,30,0,N,nb23,1680,0.518,1.705,2,1
0,4,30,0,N,nb24,1680,-0.386,-0.775,1,1
0,4,30,0,N,nb25,1680,-1.605,-0.449,3,1
0,4,30,0,N,nb26,1680,0.68,0.037,2,1
0,4,30,0,N,nb27,1680,-1.317,-0.798,1,1
0,4,30,0,N,nb28,1680,-1.395,-0.574,3,1
0,4,30,0,N,nb29,1680,0.111,1.866,1,1
0,4,30,0,N,nb0,1685,-1.69,-0.671,1,1
0,4,30,0,N,nb1,1685,0.341,1.866,2,1
0,4,30,0,N,nb2,1685,1.415,0.086,2,1
0,4,30,0,N,nb3,1685,-1.185,-0.464,1,1
0,4,30,0,N,nb4,1685,-0.686,-1.11,2,1
0,4,30,0,N,nb5,1685,0.475,-0.089,1,1
0,4,30,0,N,nb6,1685,0.285,-0.515,1,1
0,4,30,0,N,nb7,1685,1.56,0.454,1,1
0,4,30,0,N,nb8,1685,0.235,-0.699,1,1
0,4,30,0,N,nb9,1685,0.148,-0.984,1,1
0,4,30,0,N,nb10,1685,0.032,-1.164,2,1
0,4,30,0,N,nb11,1685,1.471,-0.293,1,1
0,4,30,0,N,nb12,1685,0.752,1.088,1,1
0,4,30,0,N,nb13,1685,1.299,-0.13,2,1
0,4,30,0,N,nb14,1685,-0.6,-0.886,3,1
0,4,30,0,N,nb15,1685,1.638,0.057,2,1
0,4,30,0,N,nb16,1685,1.73,0.274,2,1
0,4,30,0,N,nb17,1685,-0.835,-0.949,2,1
0,4,30,0,N,nb18,1685,-1.717,-0.24,1,1
0,4,30,0,N,nb19,1685,0.985,1.128,1,1
0,4,30,0,N,nb20,1685,-0.048,-1.392,1,1
0,4,30,0,N,nb21,1685,0.905,0.033,1,1
0,4,30,0,N,nb22,1685,0.542,1.46,1,1
0,4,30,0,N,nb23,1685,0.518,1.705,2,1
0,4,30,0,N,nb24,1685,-0.386,-0.775,1,1
0,4,30,0,N,nb25,1685,-1.605,-0.449,3,1
0,4,30,0,N,nb26,1685,0.68,0.037,2,1
0,4,30,0,N,nb27,1685,-1.317,-0.798,1,1
0,4,30,0,N,nb28,1685,-1.395,-0.574,3,1
0,4,30,0,N,nb29,1685,0.111,1.866,1,1
0,4,30,0,N,nb0,1690,-1.69,-0.671,1,1
0,4,30,0,N,nb1,1690,0.341,1.866,2,1
0,4,30,0,N,nb2,1690,1.415,0.086,2,1
0,4,30,0,N,nb3,1690,-1.185,-0.464,1,1
0,4,30,0,N,nb4,1690,-0.686,-1.11,2,1
0,4,30,0,N,nb5,1690,0.475,-0.089,1,1
0,4,30,0,N,nb6,1690,0.285,-0.515,1,1
0,4,30,0,N,nb7,1690,1.56,0.454,1,1
0,4,30,0,N,nb8,1690,0.235,-0.699,1,1
0,4,30,0,N,nb9,1690,0.148,-0.984,1,1
0,4,30,0,N,nb10,1690,0.032,-1.164,2,1
0,4,30,0,N,nb11,1690,1.471,-0.293,1,1
0,4,30,0,N,nb12,1690,0.752,1.088,1,1
0,4,30,0,N,nb13,1690,1.299,-0.13,2,1
0,4,30,0,N,nb14,1690,-0.6,-0.886,3,1
0,4,30,0,N,nb15,1690,1.638,0.057,2,1
0,4,30,0,N,nb16,1690,1.73,0.274,2,1
0,4,30,0,N,nb17,1690,-0.835,-0.949,2,1
0,4,30,0,N,nb18,1690,-1.717,-0.24,1,1
0,4,30,0,N,nb19,1690,0.985,1.128,1,1
0,4,30,0,N,nb20,1690,-0.048,-1.392,1,1
0,4,30,0,N,nb21,1690,0.905,0.033,1,1
0,4,30,0,N,nb22,1690,0.542,1.46,1,1
0,4,30,0,N,nb23,1690,0.518,1.705,2,1
0,4,30,0,N,nb24,1690,-0.386,-0.775,1,1
0,4,30,0,N,nb25,1690,-1.605,-0.449,3,1
0,4,30,0,N,nb26,1690,0.68,0.037,2,1
0,4,30,0,N,nb27,1690,-1.317,-0.798,1,1
0,4,30,0,N,nb28,1690,-1.395,-0.574,3,1
0,4,30,0,N,nb29,1690,0.111,1.866,1,1
0,4,30,0,N,nb0,1695,-1.69,-0.671,1,1
0,4,30,0,N,nb1,1695,0.341,1.866,2,1
0,4,30,0,N,nb2,1695,1.415,0.086,2,1
0,4,30,0,N,nb3,1695,-1.185,-0.464,1,1
0,4,30,0,N,nb4,1695,-0.686,-1.11,2,1
0,4,30,0,N,nb5,1695,0.475,-0.089,1,1
0,4,30,0,N,nb6,1695,0.285,-0.515,1,1
0,4,30,0,N,nb7,1695,1.56,0.454,1,1
0,4,30,0,N,nb8,1695,0.235,-0.699,1,1
0,4,30,0,N,nb9,1695,0.148,-0.984,1,1
0,4,30,0,N,nb10,1695,0.032,-1.164,2,1
0,4,30,0,N,nb11,1695,1.471,-0.293,1,1
0,4,30,0,N,nb12,1695,0.752,1.088,1,1
0,4,30,0,N,nb13,1695,1.299,-0.13,2,1
0,4,30,0,N,nb14,1695,-0.6,-0.886,3,1
0,4,30,0,N,nb15,1695,1.638,0.057,2,1
0,4,30,0,N,nb16,1695,1.73,0.274,2,1
0,4,30,0,N,nb17,1695,-0.835,-0.949,2,1
0,4,30,0,N,nb18,1695,-1.717,-0.24,1,1
0,4,30,0,N,nb19,1695,0.985,1.128,1,1
0,4,30,0,N,nb20,1695,-0.048,-1.392,1,1
0,4,30,0,N,nb21,1695,0.905,0.033,1,1
0,4,30,0,N,nb22,1695,0.542,1.46,1,1
0,4,30,0,N,nb23,1695,0.518,1.705,2,1
0,4,30,0,N,nb24,1695,-0.386,-0.775,1,1
0,4,30,0,N,nb25,1695,-1.605,-0.449,3,1
0,4,30,0,N,nb26,1695,0.68,0.037,2,1
0,4,30,0,N,nb27,1695,-1.317,-0.798,1,1
0,4,30,0,N,nb28,1695,-1.395,-0.574,3,1
0,4,30,0,N,nb29,1695,0.111,1.866,1,0
0,4,30,0,N,nb0,1700,-1.69,-0.671,1,1
0,4,30,0,N,nb1,1700,0.341,1.866,2,1
0,4,30,0,N,nb2,1700,1.415,0.086,2,1
0,4,30,0,N,nb3,1700,-1.185,-0.464,1,1
0,4,30,0,N,nb4,1700,-0.686,-1.11,2,1
0,4,30,0,N,nb5,1700,0.475,-0.089,1,1
0,4,30,0,N,nb6,1700,0.285,-0.515,1,1
0,4,30,0,N,nb7,1700,1.56,0.454,1,1
0,4,30,0,N,nb8,1700,0.235,-0.699,1,1
0,4,30,0,N,nb9,1700,0.148,-0.984,1,1
0,4,30,0,N,nb10,1700,0.032,-1.164,2,1
0,4,30,0,N,nb11,1700,1.471,-0.293,1,1
0,4,30,0,N,nb12,1700,0.752,1.088,1,1
0,4,30,0,N,nb13,1700,1.299,-0.13,2,1
0,4,30,0,N,nb14,1700,-0.6,-0.886,3,1
0,4,30,0,N,nb15,1700,1.638,0.057,2,1
0,4,30,0,N,nb16,1700,1.73,0.274,2,1
0,4,30,0,N,nb17,1700,-0.835,-0.949,2,1
0,4,30,0,N,nb18,1700,-1.717,-0.24,1,1
0,4,30,0,N,nb19,1700,0.985,1.128,1,1
0,4,30,0,N,nb20,1700,-0.048,-1.392,1,0
0,4,30,0,N,nb21,1700,0.905,0.033,1,1
0,4,30,0,N,nb22,1700,0.542,1.46,1,1
0,4,30,0,N,nb23,1700,0.518,1.705,2,1
0,4,30,0,N,nb24,1700,-0.386,-0.775,1,1
0,4,30,0,N,nb25,1700,-1.605,-0.449,3,1
0,4,30,0,N,nb26,1700,0.68,0.037,2,1
0,4,30,0,N,nb27,1700,-1.317,-0.798,1,1
0,4,30,0,N,nb28,1700,-1.395,-0.574,3,1
0,4,30,0,N,nb29,1700,0.111,1.866,1,1
0,4,30,0,N,nb0,1705,-1.69,-0.671,1,1
0,4,30,0,N,nb1,1705,0.341,1.866,2,1
0,4,30,0,N,nb2,1705,1.415,0.086,2,1
0,4,30,0,N,nb3,1705,-1.185,-0.464,1,1
0,4,30,0,N,nb4,1705,-0.686,-1.11,2,0
0,4,30,0,N,nb5,1705,0.475,-0.089,1,1
0,4,30,0,N,nb6,1705,0.285,-0.515,1,0
0,4,30,0,N,nb7,1705,1.56,0.454,1,1
0,4,30,0,N,nb8,1705,0.235,-0.699,1,0
0,4,30,0,N,nb9,1705,0.148,-0.984,1,0
0,4,30,0,N,nb10,1705,0.032,-1.164,2,0
0,4,30,0,N,nb11,1705,1.471,-0.293,1,1
0,4,30,0,N,nb12,1705,0.752,1.088,1,1
0,4,30,0,N,nb13,1705,1.299,-0.13,2,0
0,4,30,0,N,nb14,1705,-0.6,-0.886,3,1
0,4,30,0,N,nb15,1705,1.638,0.057,2,1
0,4,30,0,N,nb16,1705,1.73,0.274,2,1
0,4,30,0,N,nb17,1705,-0.835,-0.949,2,0
0,4,30,0,N,nb18,1705,-1.717,-0.24,1,1
0,4,30,0,N,nb19,1705,0.985,1.128,1,1
0,4,30,0,N,nb20,1705,-0.048,-1.392,1,1
0,4,30,0,N,nb21,1705,0.905,0.033,1,1
0,4,30,0,N,nb22,1705,0.542,1.46,1,1
0,4,30,0,N,nb23,1705,0.518,1.705,2,1
0,4,30,0,N,nb24,1705,-0.386,-0.775,1,1
0,4,30,0,N,nb25,1705,-1.605,-0.449,3,1
0,4,30,0,N,nb26,1705,0.68,0.037,2,1
0,4,30,0,N,nb27,1705,-1.317,-0.798,1,1
0,4,30,0,N,nb28,1705,-1.395,-0.574,3,1
0,4,30,0,N,nb29,1705,0.111,1.866,1,1
0,4,30,0,N,nb0,1710,-1.69,-0.671,1,1
0,4,30,0,N,nb1,1710,0.341,1.866,2,1
0,4,30,0,N,nb2,1710,1.415,0.086,2,1
0,4,30,0,N,nb3,1710,-1.185,-0.464,1,0
0,4,30,0,N,nb4,1710,-0.686,-1.11,2,1
0,4,30,0,N,nb5,1710,0.475,-0.089,1,1
0,4,30,0,N,nb6,1710,0.285,-0.515,1,1
0,4,30,0,N,nb7,1710,1.56,0.454,1,1
0,4,30,0,N,nb8,1710,0.235,-0.699,1,1
0,4,30,0,N,nb9,1710,0.148,-0.984,1,1
0,4,30,0,N,nb10,1710,0.032,-1.164,2,1
0,4,30,0,N,nb11,1710,1.471,-0.293,1,1
0,4,30,0,N,nb12,1710,0.752,1.088,1,1
0,4,30,0,N,nb13,1710,1.299,-0.13,2,1
0,4,30,0,N,nb14,1710,-0.6,-0.886,3,1
0,4,30,0,N,nb15,1710,1.638,0.057,2,1
0,4,30,0,N,nb16,1710,1.73,0.274,2,1
0,4,30,0,N,nb17,1710,-0.835,-0.949,2,1
0,4,30,0,N,nb18,1710,-1.717,-0.24,1,1
0,4,30,0,N,nb19,1710,0.985,1.128,1,1
0,4,30,0,N,nb20,1710,-0.048,-1.392,1,1
0,4,30,0,N,nb21,1710,0.905,0.033,1,1
0,4,30,0,N,nb22,1710,0.542,1.46,1,1
0,4,30,0,N,nb23,1710,0.518,1.705,2,1
0,4,30,0,N,nb24,1710,-0.386,-0.775,1,1
0,4,30,0,N,nb25,1710,-1.605,-0.449,3,1
0,4,30,0,N,nb26,1710,0.68,0.037,2,1
0,4,30,0,N,nb27,1710,-1.317,-0.798,1,1
0,4,30,0,N,nb28,1710,-1.395,-0.574,3,0
0,4,30,0,N,nb29,1710,0.111,1.866,1,1
0,4,30,0,N,nb0,1715,-1.69,-0.671,1,1
0,4,30,0,N,nb1,1715,0.341,1.866,2,1
0,4,30,0,N,nb2,1715,1.415,0.086,2,1
0,4,30,0,N,nb3,1715,-1.185,-0.464,1,1
0,4,30,0,N,nb4,1715,-0.686,-1.11,2,1
0,4,30,0,N,nb5,1715,0.475,-0.089,1,1
0,4,30,0,N,nb6,1715,0.285,-0.515,1,1
0,4,30,0,N,nb7,1715,1.56,0.454,1,1
0,4,30,0,N,nb8,1715,0.235,-0.699,1,1
0,4,30,0,N,nb9,1715,0.148,-0.984,1,1
0,4,30,0,N,nb10,1715,0.032,-1.164,2,1
0,4,30,0,N,nb11,1715,1.471,-0.293,1,1
0,4,30,0,N,nb12,1715,0.752,1.088,1,1
0,4,30,0,N,nb13,1715,1.299,-0.13,2,1
0,4,30,0,N,nb14,1715,-0.6,-0.886,3,1
0,4,30,0,N,nb15,1715,1.638,0.057,2,1
0,4,30,0,N,nb16,1715,1.73,0.274,2,1
0,4,30,0,N,nb17,1715,-0.835,-0.949,2,1
0,4,30,0,N,nb18,1715,-1.717,-0.24,1,1
0,4,30,0,N,nb19,1715,0.985,1.128,1,1
0,4,30,0,N,nb20,1715,-0.048,-1.392,1,1
0,4,30,0,N,nb21,1715,0.905,0.033,1,1
0,4,30,0,N,nb22,1715,0.542,1.46,1,1
0,4,30,0,N,nb23,1715,0.518,1.705,2,1
0,4,30,0,N,nb24,1715,-0.386,-0.775,1,1
0,4,30,0,N,nb25,1715,-1.605,-0.449,3,1
0,4,30,0,N,nb26,1715,0.68,0.037,2,1
0,4,30,0,N,nb27,1715,-1.317,-0.798,1,1
0,4,30,0,N,nb28,1715,-1.395,-0.574,3,1
0,4,30,0,N,nb29,1715,0.111,1.866,1,1
0,4,30,0,N,nb0,1720,-1.69,-0.671,1,1
0,4,30,0,N,nb1,1720,0.341,1.866,2,1
0,4,30,0,N,nb2,1720,1.415,0.086,2,1
0,4,30,0,N,nb3,1720,-1.185,-0.464,1,1
0,4,30,0,N,nb4,1720,-0.686,-1.11,2,1
0,4,30,0,N,nb5,1720,0.475,-0.089,1,1
0,4,30,0,N,nb6,1720,0.285,-0.515,1,1
0,4,30,0,N,nb7,1720,1.56,0.454,1,1
0,4,30,0,N,nb8,1720,0.235,-0.699,1,1
0,4,30,0,N,nb9,1720,0.148,-0.984,1,1
0,4,30,0,N,nb10,1720,0.032,-1.164,2,1
0,4,30,0,N,nb11,1720,1.471,-0.293,1,1
0,4,30,0,N,nb12,1720,0.752,1.088,1,1
0,4,30,0,N,nb13,1720,1.299,-0.13,2,1
0,4,30,0,N,nb14,1720,-0.6,-0.886,3,1
0,4,30,0,N,nb15,1720,1.638,0.057,2,1
0,4,30,0,N,nb16,1720,1.73,0.274,2,1
0,4,30,0,N,nb17,1720,-0.835,-0.949,2,1
0,4,30,0,N,nb18,1720,-1.717,-0.24,1,1
0,4,30,0,N,nb19,1720,0.985,1.128,1,1
0,4,30,0,N,nb20,1720,-0.048,-1.392,1,1
0,4,30,0,N,nb21,1720,0.905,0.033,1,1
0,4,30,0,N,nb22,1720,0.542,1.46,1,1
0,4,30,0,N,nb23,1720,0.518,1.705,2,1
0,4,30,0,N,nb24,1720,-0.386,-0.775,1,1
0,4,30,0,N,nb25,1720,-1.605,-0.449,3,1
0,4,30,0,N,nb26,1720,0.68,0.037,2,1
0,4,30,0,N,nb27,1720,-1.317,-0.798,1,1
0,4,30,0,N,nb28,1720,-1.395,-0.574,3,1
0,4,30,0,N,nb29,1720,0.111,1.866,1,1
0,4,30,0,N,nb0,1725,-1.69,-0.671,1,1
0,4,30,0,N,nb1,1725,0.341,1.866,2,0
0,4,30,0,N,nb2,1725,1.415,0.086,2,1
0,4,30,0,N,nb3,1725,-1.185,-0.464,1,1
0,4,30,0,N,nb4,1725,-0.686,-1.11,2,1
0,4,30,0,N,nb5,1725,0.475,-0.089,1,1
0,4,30,0,N,nb6,1725,0.285,-0.515,1,1
0,4,30,0,N,nb7,1725,1.56,0.454,1,0
0,4,30,0,N,nb8,1725,0.235,-0.699,1,1
0,4,30,0,N,nb9,1725,0.148,-0.984,1,1
0,4,30,0,N,nb10,1725,0.032,-1.164,2,1
0,4,30,0,N,nb11,1725,1.471,-0.293,1,1
0,4,30,0,N,nb12,1725,0.752,1.088,1,1
0,4,30,0,N,nb13,1725,1.299,-0.13,2,1
0,4,30,0,N,nb14,1725,-0.6,-0.886,3,1
0,4,30,0,N,nb15,1725,1.638,0.057,2,1
0,4,30,0,N,nb16,1725,1.73,0.274,2,1
0,4,30,0,N,nb17,1725,-0.835,-0.949,2,1
0,4,30,0,N,nb18,1725,-1.717,-0.24,1,1
0,4,30,0,N,nb19,1725,0.985,1.128,1,1
0,4,30,0,N,nb20,1725,-0.048,-1.392,1,1
0,4,30,0,N,nb21,1725,0.905,0.033,1,1
0,4,30,0,N,nb22,1725,0.542,1.46,1,1
0,4,30,0,N,nb23,1725,0.518,1.705,2,1
0,4,30,0,N,nb24,1725,-0.386,-0.775,1,1
0,4,30,0,N,nb25,1725,-1.605,-0.449,3,1
0,4,30,0,N,nb26,1725,0.68,0.037,2,1
0,4,30,0,N,nb27,1725,-1.317,-0.798,1,1
0,4,30,0,N,nb28,1725,-1.395,-0.574,3,1
0,4,30,0,N,nb29,1725,0.111,1.866,1,1
0,4,30,0,N,nb0,1730,-1.69,-0.671,1,1
0,4,30,0,N,nb1,1730,0.341,1.866,2,1
0,4,30,0,N,nb2,1730,1.415,0.086,2,1
0,4,30,0,N,nb3,1730,-1.185,-0.464,1,1
0,4,30,0,N,nb4,1730,-0.686,-1.11,2,1
0,4,30,0,N,nb5,1730,0.475,-0.089,1,1
0,4,30,0,N,nb6,1730,0.285,-0.515,1,1
0,4,30,0,N,nb7,1730,1.56,0.454,1,1
0,4,30,0,N,nb8,1730,0.235,-0.699,1,1
0,4,30,0,N,nb9,1730,0.148,-0.984,1,1
0,4,30,0,N,nb10,1730,0.032,-1.164,2,1
0,4,30,0,N,nb11,1730,1.471,-0.293,1,1
0,4,30,0,N,nb12,1730,0.752,1.088,1,1
0,4,30,0,N,nb13,1730,1.299,-0.13,2,1
0,4,30,0,N,nb14,1730,-0.6,-0.886,3,1
0,4,30,0,N,nb15,1730,1.638,0.057,2,1
0,4,30,0,N,nb16,1730,1.73,0.274,2,1
0,4,30,0,N,nb17,1730,-0.835,-0.949,2,1
0,4,30,0,N,nb18,1730,-1.717,-0.24,1,1
0,4,30,0,N,nb19,1730,0.985,1.128,1,1
0,4,30,0,N,nb20,1730,-0.048,-1.392,1,1
0,4,30,0,N,nb21,1730,0.905,0.033,1,1
0,4,30,0,N,nb22,1730,0.542,1.46,1,1
0,4,30,0,N,nb23,1730,0.518,1.705,2,1
0,4,30,0,N,nb24,1730,-0.386,-0.775,1,1
0,4,30,0,N,nb25,1730,-1.605,-0.449,3,1
0,4,30,0,N,nb26,1730,0.68,0.037,2,1
0,4,30,0,N,nb27,1730,-1.317,-0.798,1,1
0,4,30,0,N,nb28,1730,-1.395,-0.574,3,1
0,4,30,0,N,nb29,1730,0.111,1.866,1,1
0,4,30,0,N,nb0,1735,-1.69,-0.671,1,1
0,4,30,0,N,nb1,1735,0.341,1.866,2,1
0,4,30,0,N,nb2,1735,1.415,0.086,2,1
0,4,30,0,N,nb3,1735,-1.185,-0.464,1,1
0,4,30,0,N,nb4,1735,-0.686,-1.11,2,1
0,4,30,0,N,nb5,1735,0.475,-0.089,1,1
0,4,30,0,N,nb6,1735,0.285,-0.515,1,1
0,4,30,0,N,nb7,1735,1.56,0.454,1,1
0,4,30,0,N,nb8,1735,0.235,-0.699,1,1
0,4,30,0,N,nb9,1735,0.148,-0.984,1,1
0,4,30,0,N,nb10,1735,0.032,-1.164,2,1
0,4,30,0,N,nb11,1735,1.471,-0.293,1,1
0,4,30,0,N,nb12,1735,0.752,1.088,1,1
0,4,30,0,N,nb13,1735,1.299,-0.13,2,1
0,4,30,0,N,nb14,1735,-0.6,-0.886,3,1
0,4,30,0,N,nb15,1735,1.638,0.057,2,1
0,4,30,0,N,nb16,1735,1.73,0.274,2,1
0,4,30,0,N,nb17,1735,-0.835,-0.949,2,1
0,4,30,0,N,nb18,1735,-1.717,-0.24,1,1
0,4,30,0,N,nb19,1735,0.985,1.128,1,1
0,4,30,0,N,nb20,1735,-0.048,-1.392,1,1
0,4,30,0,N,nb21,1735,0.905,0.033,1,1
0,4,30,0,N,nb22,1735,0.542,1.46,1,1
0,4,30,0,N,nb23,1735,0.518,1.705,2,1
0,4,30,0,N,nb24,1735,-0.386,-0.775,1,1
0,4,30,0,N,nb25,1735,-1.605,-0.449,3,1
0,4,30,0,N,nb26,1735,0.68,0.037,2,1
0,4,30,0,N,nb27,1735,-1.317,-0.798,1,1
0,4,30,0,N,nb28,1735,-1.395,-0.574,3,1
0,4,30,0,N,nb29,1735,0.111,1.866,1,1
0,4,30,0,N,nb0,1740,-1.69,-0.671,1,1
0,4,30,0,N,nb1,1740,0.341,1.866,2,1
0,4,30,0,N,nb2,1740,1.415,0.086,2,0
0,4,30,0,N,nb3,1740,-1.185,-0.464,1,1
0,4,30,0,N,nb4,1740,-0.686,-1.11,2,1
0,4,30,0,N,nb5,1740,0.475,-0.089,1,1
0,4,30,0,N,nb6,1740,0.285,-0.515,1,1
0,4,30,0,N,nb7,1740,1.56,0.454,1,1
0,4,30,0,N,nb8,1740,0.235,-0.699,1,1
0,4,30,0,N,nb9,1740,0.148,-0.984,1,1
0,4,30,0,N,nb10,1740,0.032,-1.164,2,1
0,4,30,0,N,nb11,1740,1.471,-0.293,1,1
0,4,30,0,N,nb12,1740,0.752,1.088,1,1
0,4,30,0,N,nb13,1740,1.299,-0.13,2,1
0,4,30,0,N,nb14,1740,-0.6,-0.886,3,1
0,4,30,0,N,nb15,1740,1.638,0.057,2,0
0,4,30,0,N,nb16,1740,1.73,0.274,2,1
0,4,30,0,N,nb17,1740,-0.835,-0.949,2,1
0,4,30,0,N,nb18,1740,-1.717,-0.24,1,1
0,4,30,0,N,nb19,1740,0.985,1.128,1,1
0,4,30,0,N,nb20,1740,-0.048,-1.392,1,1
0,4,30,0,N,nb21,1740,0.905,0.033,1,1
0,4,30,0,N,nb22,1740,0.542,1.46,1,1
0,4,30,0,N,nb23,1740,0.518,1.705,2,1
0,4,30,0,N,nb24,1740,-0.386,-0.775,1,1
0,4,30,0,N,nb25,1740,-1.605,-0.449,3,1
0,4,30,0,N,nb26,1740,0.68,0.037,2,1
0,4,30,0,N,nb27,1740,-1.317,-0.798,1,1
0,4,30,0,N,nb28,1740,-1.395,-0.574,3,1
0,4,30,0,N,nb29,1740,0.111,1.866,1,1
0,4,30,0,N,nb0,1745,-1.69,-0.671,1,1
0,4,30,0,N,nb1,1745,0.341,1.866,2,1
0,4,30,0,N,nb2,1745,1.415,0.086,2,1
0,4,30,0,N,nb3,1745,-1.185,-0.464,1,1
0,4,30,0,N,nb4,1745,-0.686,-1.11,2,1
0,4,30,0,N,nb5,1745,0.475,-0.089,1,1
0,4,30,0,N,nb6,1745,0.285,-0.515,1,1
0,4,30,0,N,nb7,1745,1.56,0.454,1,1
0,4,30,0,N,nb8,1745,0.235,-0.699,1,1
0,4,30,0,N,nb9,1745,0.148,-0.984,1,1
0,4,30,0,N,nb10,1745,0.032,-1.164,2,1
0,4,30,0,N,nb11,1745,1.471,-0.293,1,1
0,4,30,0,N,nb12,1745,0.752,1.088,1,1
0,4,30,0,N,nb13,1745,1.299,-0.13,2,1
0,4,30,0,N,nb14,1745,-0.6,-0.886,3,1
0,4,30,0,N,nb15,1745,1.638,0.057,2,1
0,4,30,0,N,nb16,1745,1.73,0.274,2,1
0,4,30,0,N,nb17,1745,-0.835,-0.949,2,1
0,4,30,0,N,nb18,1745,-1.717,-0.24,1,1
0,4,30,0,N,nb19,1745,0.985,1.128,1,1
0,4,30,0,N,nb20,1745,-0.048,-1.392,1,1
0,4,30,0,N,nb21,1745,0.905,0.033,1,1
0,4,30,0,N,nb22,1745,0.542,1.46,1,1
0,4,30,0,N,nb23,1745,0.518,1.705,2,1
0,4,30,0,N,nb24,1745,-0.386,-0.775,1,1
0,4,30,0,N,nb25,1745,-1.605,-0.449,3,1
0,4,30,0,N,nb26,1745,0.68,0.037,2,1
0,4,30,0,N,nb27,1745,-1.317,-0.798,1,1
0,4,30,0,N,nb28,1745,-1.395,-0.574,3,1
0,4,30,0,N,nb29,1745,0.111,1.866,1,1
0,4,30,0,N,nb0,1750,-1.69,-0.671,1,1
0,4,30,0,N,nb1,1750,0.341,1.866,2,1
0,4,30,0,N,nb2,1750,1.415,0.086,2,1
0,4,30,0,N,nb3,1750,-1.185,-0.464,1,1
0,4,30,0,N,nb4,1750,-0.686,-1.11,2,1
0,4,30,0,N,nb5,1750,0.475,-0.089,1,1
0,4,30,0,N,nb6,1750,0.285,-0.515,1,1
0,4,30,0,N,nb7,1750,1.56,0.454,1,1
0,4,30,0,N,nb8,1750,0.235,-0.699,1,1
0,4,30,0,N,nb9,1750,0.148,-0.984,1,1
0,4,30,0,N,nb10,1750,0.032,-1.164,2,1
0,4,30,0,N,nb11,1750,1.471,-0.293,1,1
0,4,30,0,N,nb12,1750,0.752,1.088,1,1
0,4,30,0,N,nb13,1750,1.299,-0.13,2,1
0,4,30,0,N,nb14,1750,-0.6,-0.886,3,1
0,4,30,0,N,nb15,1750,1.638,0.057,2,1
0,4,30,0,N,nb16,1750,1.73,0.274,2,1
0,4,30,0,N,nb17,1750,-0.835,-0.949,2,1
0,4,30,0,N,nb18,1750,-1.717,-0.24,1,1
0,4,30,0,N,nb19,1750,0.985,1.128,1,1
0,4,30,0,N,nb20,1750,-0.048,-1.392,1,1
0,4,30,0,N,nb21,1750,0.905,0.033,1,1
0,4,30,0,N,nb22,1750,0.542,1.46,1,1
0,4,30,0,N,nb23,1750,0.518,1.705,2,1
0,4,30,0,N,nb24,1750,-0.386,-0.775,1,1
0,4,30,0,N,nb25,1750,-1.605,-0.449,3,1
0,4,30,0,N,nb26,1750,0.68,0.037,2,1
0,4,30,0,N,nb27,1750,-1.317,-0.798,1,1
0,4,30,0,N,nb28,1750,-1.395,-0.574,3,1
0,4,30,0,N,nb29,1750,0.111,1.866,1,1
0,4,30,0,N,nb0,1755,-1.69,-0.671,1,1
0,4,30,0,N,nb1,1755,0.341,1.866,2,1
0,4,30,0,N,nb2,1755,1.415,0.086,2,1
0,4,30,0,N,nb3,1755,-1.185,-0.464,1,1
0,4,30,0,N,nb4,1755,-0.686,-1.11,2,1
0,4,30,0,N,nb5,1755,0.475,-0.089,1,1
0,4,30,0,N,nb6,1755,0.285,-0.515,1,1
0,4,30,0,N,nb7,1755,1.56,0.454,1,1
0,4,30,0,N,nb8,1755,0.235,-0.699,1,1
0,4,30,0,N,nb9,1755,0.148,-0.984,1,1
0,4,30,0,N,nb10,1755,0.032,-1.164,2,1
0,4,30,0,N,nb11,1755,1.471,-0.293,1,1
0,4,30,0,N,nb12,1755,0.752,1.088,1,1
0,4,30,0,N,nb13,1755,1.299,-0.13,2,1
0,4,30,0,N,nb14,1755,-0.6,-0.886,3,1
0,4,30,0,N,nb15,1755,1.638,0.057,2,1
0,4,30,0,N,nb16,1755,1.73,0.274,2,1
0,4,30,0,N,nb17,1755,-0.835,-0.949,2,1
0,4,30,0,N,nb18,1755,-1.717,-0.24,1,1
0,4,30,0,N,nb19,1755,0.985,1.128,1,1
0,4,30,0,N,nb20,1755,-0.048,-1.392,1,1
0,4,30,0,N,nb21,1755,0.905,0.033,1,1
0,4,30,0,N,nb22,1755,0.542,1.46,1,1
0,4,30,0,N,nb23,1755,0.518,1.705,2,1
0,4,30,0,N,nb24,1755,-0.386,-0.775,1,1
0,4,30,0,N,nb25,1755,-1.605,-0.449,3,1
0,4,30,0,N,nb26,1755,0.68,0.037,2,1
0,4,30,0,N,nb27,1755,-1.317,-0.798,1,1
0,4,30,0,N,nb28,1755,-1.395,-0.574,3,1
0,4,30,0,N,nb29,1755,0.111,1.866,1,1
0,4,30,0,N,nb0,1760,-1.69,-0.671,1,1
0,4,30,0,N,nb1,1760,0.341,1.866,2,1
0,4,30,0,N,nb2,1760,1.415,0.086,2,1
0,4,30,0,N,nb3,1760,-1.185,-0.464,1,1
0,4,30,0,N,nb4,1760,-0.686,-1.11,2,1
0,4,30,0,N,nb5,1760,0.475,-0.089,1,1
0,4,30,0,N,nb6,1760,0.285,-0.515,1,1
0,4,30,0,N,nb7,1760,1.56,0.454,1,1
0,4,30,0,N,nb8,1760,0.235,-0.699,1,1
0,4,30,0,N,nb9,1760,0.148,-0.984,1,1
0,4,30,0,N,nb10,1760,0.032,-1.164,2,1
0,4,30,0,N,nb11,1760,1.471,-0.293,1,1
0,4,30,0,N,nb12,1760,0.752,1.088,1,1
0,4,30,0,N,nb13,1760,1.299,-0.13,2,1
0,4,30,0,N,nb14,1760,-0.6,-0.886,3,1
0,4,30,0,N,nb15,1760,1.638,0.057,2,1
0,4,30,0,N,nb16,1760,1.73,0.274,2,1
0,4,30,0,N,nb17,1760,-0.835,-0.949,2,1
0,4,30,0,N,nb18,1760,-1.717,-0.24,1,1
0,4,30,0,N,nb19,1760,0.985,1.128,1,1
0,4,30,0,N,nb20,1760,-0.048,-1.392,1,1
0,4,30,0,N,nb21,1760,0.905,0.033,1,1
0,4,30,0,N,nb22,1760,0.542,1.46,1,1
0,4,30,0,N,nb23,1760,0.518,1.705,2,1
0,4,30,0,N,nb24,1760,-0.386,-0.775,1,1
0,4,30,0,N,nb25,1760,-1.605,-0.449,3,1
0,4,30,0,N,nb26,1760,0.68,0.037,2,1
0,4,30,0,N,nb27,1760,-1.317,-0.798,1,1
0,4,30,0,N,nb28,1760,-1.395,-0.574,3,1
0,4,30,0,N,nb29,1760,0.111,1.866,1,1
0,4,30,0,N,nb0,1765,-1.69,-0.671,1,1
0,4,30,0,N,nb1,1765,0.341,1.866,2,1
0,4,30,0,N,nb2,1765,1.415,0.086,2,1
0,4,30,0,N,nb3,1765,-1.185,-0.464,1,1
0,4,30,0,N,nb4,1765,-0.686,-1.11,2,1
0,4,30,0,N,nb5,1765,0.475,-0.089,1,1
0,4,30,0,N,nb6,1765,0.285,-0.515,1,1
0,4,30,0,N,nb7,1765,1.56,0.454,1,1
0,4,30,0,N,nb8,1765,0.235,-0.699,1,1
0,4,30,0,N,nb9,1765,0.148,-0.984,1,1
0,4,30,0,N,nb10,1765,0.032,-1.164,2,1
0,4,30,0,N,nb11,1765,1.471,-0.293,1,1
0,4,30,0,N,nb12,1765,0.752,1.088,1,1
0,4,30,0,N,nb13,1765,1.299,-0.13,2,1
0,4,30,0,N,nb14,1765,-0.6,-0.886,3,1
0,4,30,0,N,nb15,1765,1.638,0.057,2,1
0,4,30,0,N,nb16,1765,1.73,0.274,2,1
0,4,30,0,N,nb17,1765,-0.835,-0.949,2,1
0,4,30,0,N,nb18,1765,-1.717,-0.24,1,1
0,4,30,0,N,nb19,1765,0.985,1.128,1,1
0,4,30,0,N,nb20,1765,-0.048,-1.392,1,1
0,4,30,0,N,nb21,1765,0.905,0.033,1,1
0,4,30,0,N,nb22,1765,0.542,1.46,1,1
0,4,30,0,N,nb23,1765,0.518,1.705,2,1
0,4,30,0,N,nb24,1765,-0.386,-0.775,1,1
0,4,30,0,N,nb25,1765,-1.605,-0.449,3,0
0,4,30,0,N,nb26,1765,0.68,0.037,2,1
0,4,30,0,N,nb27,1765,-1.317,-0.798,1,1
0,4,30,0,N,nb28,1765,-1.395,-0.574,3,1
0,4,30,0,N,nb29,1765,0.111,1.866,1,1
0,4,30,0,N,nb0,1770,-1.69,-0.671,1,1
0,4,30,0,N,nb1,1770,0.341,1.866,2,1
0,4,30,0,N,nb2,1770,1.415,0.086,2,1
0,4,30,0,N,nb3,1770,-1.185,-0.464,1,1
0,4,30,0,N,nb4,1770,-0.686,-1.11,2,1
0,4,30,0,N,nb5,1770,0.475,-0.089,1,1
0,4,30,0,N,nb6,1770,0.285,-0.515,1,1
0,4,30,0,N,nb7,1770,1.56,0.454,1,1
0,4,30,0,N,nb8,1770,0.235,-0.699,1,1
0,4,30,0,N,nb9,1770,0.148,-0.984,1,1
0,4,30,0,N,nb10,1770,0.032,-1.164,2,1
0,4,30,0,N,nb11,1770,1.471,-0.293,1,1
0,4,30,0,N,nb12,1770,0.752,1.088,1,1
0,4,30,0,N,nb13,1770,1.299,-0.13,2,1
0,4,30,0,N,nb14,1770,-0.6,-0.886,3,1
0,4,30,0,N,nb15,1770,1.638,0.057,2,1
0,4,30,0,N,nb16,1770,1.73,0.274,2,1
0,4,30,0,N,nb17,1770,-0.835,-0.949,2,1
0,4,30,0,N,nb18,1770,-1.717,-0.24,1,1
0,4,30,0,N,nb19,1770,0.985,1.128,1,1
0,4,30,0,N,nb20,1770,-0.048,-1.392,1,1
0,4,30,0,N,nb21,1770,0.905,0.033,1,1
0,4,30,0,N,nb22,1770,0.542,1.46,1,1
0,4,30,0,N,nb23,1770,0.518,1.705,2,1
0,4,30,0,N,nb24,1770,-0.386,-0.775,1,1
0,4,30,0,N,nb25,1770,-1.605,-0.449,3,1
0,4,30,0,N,nb26,1770,0.68,0.037,2,1
0,4,30,0,N,nb27,1770,-1.317,-0.798,1,1
0,4,30,0,N,nb28,1770,-1.395,-0.574,3,1
0,4,30,0,N,nb29,1770,0.111,1.866,1,1
0,4,30,0,N,nb0,1775,-1.69,-0.671,1,1
0,4,30,0,N,nb1,1775,0.341,1.866,2,1
0,4,30,0,N,nb2,1775,1.415,0.086,2,1
0,4,30,0,N,nb3,1775,-1.185,-0.464,1,1
0,4,30,0,N,nb4,1775,-0.686,-1.11,2,1
0,4,30,0,N,nb5,1775,0.475,-0.089,1,1
0,4,30,0,N,nb6,1775,0.285,-0.515,1,1
0,4,30,0,N,nb7,1775,1.56,0.454,1,1
0,4,30,0,N,nb8,1775,0.235,-0.699,1,1
0,4,30,0,N,nb9,1775,0.148,-0.984,1,1
0,4,30,0,N,nb10,1775,0.032,-1.164,2,1
0,4,30,0,N,nb11,1775,1.471,-0.293,1,1
0,4,30,0,N,nb12,1775,0.752,1.088,1,1
0,4,30,0,N,nb13,1775,1.299,-0.13,2,1
0,4,30,0,N,nb14,1775,-0.6,-0.886,3,1
0,4,30,0,N,nb15,1775,1.638,0.057,2,1
0,4,30,0,N,nb16,1775,1.73,0.274,2,1
0,4,30,0,N,nb17,1775,-0.835,-0.949,2,1
0,4,30,0,N,nb18,1775,-1.717,-0.24,1,1
0,4,30,0,N,nb19,1775,0.985,1.128,1,1
0,4,30,0,N,nb20,1775,-0.048,-1.392,1,1
0,4,30,0,N,nb21,1775,0.905,0.033,1,1
0,4,30,0,N,nb22,1775,0.542,1.46,1,1
0,4,30,0,N,nb23,1775,0.518,1.705,2,1
0,4,30,0,N,nb24,1775,-0.386,-0.775,1,1
0,4,30,0,N,nb25,1775,-1.605,-0.449,3,1
0,4,30,0,N,nb26,1775,0.68,0.037,2,1
0,4,30,0,N,nb27,1775,-1.317,-0.798,1,1
0,4,30,0,N,nb28,1775,-1.395,-0.574,3,1
0,4,30,0,N,nb29,1775,0.111,1.866,1,1
0,4,30,0,N,nb0,1780,-1.69,-0.671,1,1
0,4,30,0,N,nb1,1780,0.341,1.866,2,1
0,4,30,0,N,nb2,1780,1.415,0.086,2,1
0,4,30,0,N,nb3,1780,-1.185,-0.464,1,1
0,4,30,0,N,nb4,1780,-0.686,-1.11,2,1
0,4,30,0,N,nb5,1780,0.475,-0.089,1,1
0,4,30,0,N,nb6,1780,0.285,-0.515,1,1
0,4,30,0,N,nb7,1780,1.56,0.454,1,1
0,4,30,0,N,nb8,1780,0.235,-0.699,1,1
0,4,30,0,N,nb9,1780,0.148,-0.984,1,1
0,4,30,0,N,nb10,1780,0.032,-1.164,2,1
0,4,30,0,N,nb11,1780,1.471,-0.293,1,1
0,4,30,0,N,nb12,1780,0.752,1.088,1,1
0,4,30,0,N,nb13,1780,1.299,-0.13,2,1
0,4,30,0,N,nb14,1780,-0.6,-0.886,3,1
0,4,30,0,N,nb15,1780,1.638,0.057,2,1
0,4,30,0,N,nb16,1780,1.73,0.274,2,1
0,4,30,0,N,nb17,1780,-0.835,-0.949,2,1
0,4,30,0,N,nb18,1780,-1.717,-0.24,1,0
0,4,30,0,N,nb19,1780,0.985,1.128,1,1
0,4,30,0,N,nb20,1780,-0.048,-1.392,1,1
0,4,30,0,N,nb21,1780,0.905,0.033,1,1
0,4,30,0,N,nb22,1780,0.542,1.46,1,1
0,4,30,0,N,nb23,1780,0.518,1.705,2,1
0,4,30,0,N,nb24,1780,-0.386,-0.775,1,0
0,4,30,0,N,nb25,1780,-1.605,-0.449,3,1
0,4,30,0,N,nb26,1780,0.68,0.037,2,1
0,4,30,0,N,nb27,1780,-1.317,-0.798,1,1
0,4,30,0,N,nb28,1780,-1.395,-0.574,3,1
0,4,30,0,N,nb29,1780,0.111,1.866,1,1
0,4,30,0,N,nb0,1785,-1.69,-0.671,1,1
0,4,30,0,N,nb1,1785,0.341,1.866,2,1
0,4,30,0,N,nb2,1785,1.415,0.086,2,1
0,4,30,0,N,nb3,1785,-1.185,-0.464,1,1
0,4,30,0,N,nb4,1785,-0.686,-1.11,2,1
0,4,30,0,N,nb5,1785,0.475,-0.089,1,1
0,4,30,0,N,nb6,1785,0.285,-0.515,1,1
0,4,30,0,N,nb7,1785,1.56,0.454,1,1
0,4,30,0,N,nb8,1785,0.235,-0.699,1,1
0,4,30,0,N,nb9,1785,0.148,-0.984,1,1
0,4,30,0,N,nb10,1785,0.032,-1.164,2,1
0,4,30,0,N,nb11,1785,1.471,-0.293,1,1
0,4,30,0,N,nb12,1785,0.752,1.088,1,0
0,4,30,0,N,nb13,1785,1.299,-0.13,2,1
0,4,30,0,N,nb14,1785,-0.6,-0.886,3,1
0,4,30,0,N,nb15,1785,1.638,0.057,2,1
0,4,30,0,N,nb16,1785,1.73,0.274,2,1
0,4,30,0,N,nb17,1785,-0.835,-0.949,2,1
0,4,30,0,N,nb18,1785,-1.717,-0.24,1,1
0,4,30,0,N,nb19,1785,0.985,1.128,1,0
0,4,30,0,N,nb20,1785,-0.048,-1.392,1,1
0,4,30,0,N,nb21,1785,0.905,0.033,1,1
0,4,30,0,N,nb22,1785,0.542,1.46,1,1
0,4,30,0,N,nb23,1785,0.518,1.705,2,1
0,4,30,0,N,nb24,1785,-0.386,-0.775,1,1
0,4,30,0,N,nb25,1785,-1.605,-0.449,3,1
0,4,30,0,N,nb26,1785,0.68,0.037,2,1
0,4,30,0,N,nb27,1785,-1.317,-0.798,1,1
0,4,30,0,N,nb28,1785,-1.395,-0.574,3,1
0,4,30,0,N,nb29,1785,0.111,1.866,1,1
0,4,30,0,N,nb0,1790,-1.69,-0.671,1,1
0,4,30,0,N,nb1,1790,0.341,1.866,2,1
0,4,30,0,N,nb2,1790,1.415,0.086,2,1
0,4,30,0,N,nb3,1790,-1.185,-0.464,1,1
0,4,30,0,N,nb4,1790,-0.686,-1.11,2,1
0,4,30,0,N,nb5,1790,0.475,-0.089,1,1
0,4,30,0,N,nb6,1790,0.285,-0.515,1,1
0,4,30,0,N,nb7,1790,1.56,0.454,1,1
0,4,30,0,N,nb8,1790,0.235,-0.699,1,1
0,4,30,0,N,nb9,1790,0.148,-0.984,1,1
0,4,30,0,N,nb10,1790,0.032,-1.164,2,1
0,4,30,0,N,nb11,1790,1.471,-0.293,1,1
0,4,30,0,N,nb12,1790,0.752,1.088,1,1
0,4,30,0,N,nb13,1790,1.299,-0.13,2,1
0,4,30,0,N,nb14,1790,-0.6,-0.886,3,1
0,4,30,0,N,nb15,1790,1.638,0.057,2,1
0,4,30,0,N,nb16,1790,1.73,0.274,2,1
0,4,30,0,N,nb17,1790,-0.835,-0.949,2,1
0,4,30,0,N,nb18,1790,-1.717,-0.24,1,1
0,4,30,0,N,nb19,1790,0.985,1.128,1,1
0,4,30,0,N,nb20,1790,-0.048,-1.392,1,1
0,4,30,0,N,nb21,1790,0.905,0.033,1,1
0,4,30,0,N,nb22,1790,0.542,1.46,1,1
0,4,30,0,N,nb23,1790,0.518,1.705,2,1
0,4,30,0,N,nb24,1790,-0.386,-0.775,1,1
0,4,30,0,N,nb25,1790,-1.605,-0.449,3,1
0,4,30,0,N,nb26,1790,0.68,0.037,2,1
0,4,30,0,N,nb27,1790,-1.317,-0.798,1,1
0,4,30,0,N,nb28,1790,-1.395,-0.574,3,1
0,4,30,0,N,nb29,1790,0.111,1.866,1,1
0,4,30,0,N,nb0,1795,-1.69,-0.671,1,1
0,4,30,0,N,nb1,1795,0.341,1.866,2,1
0,4,30,0,N,nb2,1795,1.415,0.086,2,1
0,4,30,0,N,nb3,1795,-1.185,-0.464,1,1
0,4,30,0,N,nb4,1795,-0.686,-1.11,2,1
0,4,30,0,N,nb5,1795,0.475,-0.089,1,1
0,4,30,0,N,nb6,1795,0.285,-0.515,1,1
0,4,30,0,N,nb7,1795,1.56,0.454,1,1
0,4,30,0,N,nb8,1795,0.235,-0.699,1,1
0,4,30,0,N,nb9,1795,0.148,-0.984,1,1
0,4,30,0,N,nb10,1795,0.032,-1.164,2,1
0,4,30,0,N,nb11,1795,1.471,-0.293,1,1
0,4,30,0,N,nb12,1795,0.752,1.088,1,1
0,4,30,0,N,nb13,1795,1.299,-0.13,2,1
0,4,30,0,N,nb14,1795,-0.6,-0.886,3,1
0,4,30,0,N,nb15,1795,1.638,0.057,2,1
0,4,30,0,N,nb16,1795,1.73,0.274,2,1
0,4,30,0,N,nb17,1795,-0.835,-0.949,2,1
0,4,30,0,N,nb18,1795,-1.717,-0.24,1,1
0,4,30,0,N,nb19,1795,0.985,1.128,1,1
0,4,30,0,N,nb20,1795,-0.048,-1.392,1,1
0,4,30,0,N,nb21,1795,0.905,0.033,1,1
0,4,30,0,N,nb22,1795,0.542,1.46,1,1
0,4,30,0,N,nb23,1795,0.518,1.705,2,1
0,4,30,0,N,nb24,1795,-0.386,-0.775,1,1
0,4,30,0,N,nb25,1795,-1.605,-0.449,3,1
0,4,30,0,N,nb26,1795,0.68,0.037,2,1
0,4,30,0,N,nb27,1795,-1.317,-0.798,1,1
0,4,30,0,N,nb28,1795,-1.395,-0.574,3,1
0,4,30,0,N,nb29,1795,0.111,1.866,1,1
0,4,30,0,N,nb0,1800,-1.69,-0.671,1,1
0,4,30,0,N,nb1,1800,0.341,1.866,2,1
0,4,30,0,N,nb2,1800,1.415,0.086,2,1
0,4,30,0,N,nb3,1800,-1.185,-0.464,1,1
0,4,30,0,N,nb4,1800,-0.686,-1.11,2,1
0,4,30,0,N,nb5,1800,0.475,-0.089,1,1
0,4,30,0,N,nb6,1800,0.285,-0.515,1,1
0,4,30,0,N,nb7,1800,1.56,0.454,1,1
0,4,30,0,N,nb8,1800,0.235,-0.699,1,1
0,4,30,0,N,nb9,1800,0.148,-0.984,1,1
0,4,30,0,N,nb10,1800,0.032,-1.164,2,1
0,4,30,0,N,nb11,1800,1.471,-0.293,1,1
0,4,30,0,N,nb12,1800,0.752,1.088,1,1
0,4,30,0,N,nb13,1800,1.299,-0.13,2,1
0,4,30,0,N,nb14,1800,-0.6,-0.886,3,0
0,4,30,0,N,nb15,1800,1.638,0.057,2,1
0,4,30,0,N,nb16,1800,1.73,0.274,2,1
0,4,30,0,N,nb17,1800,-0.835,-0.949,2,1
0,4,30,0,N,nb18,1800,-1.717,-0.24,1,1
0,4,30,0,N,nb19,1800,0.985,1.128,1,1
0,4,30,0,N,nb20,1800,-0.048,-1.392,1,1
0,4,30,0,N,nb21,1800,0.905,0.033,1,1
0,4,30,0,N,nb22,1800,0.542,1.46,1,1
0,4,30,0,N,nb23,1800,0.518,1.705,2,1
0,4,30,0,N,nb24,1800,-0.386,-0.775,1,1
0,4,30,0,N,nb25,1800,-1.605,-0.449,3,1
0,4,30,0,N,nb26,1800,0.68,0.037,2,1
0,4,30,0,N,nb27,1800,-1.317,-0.798,1,1
0,4,30,0,N,nb28,1800,-1.395,-0.574,3,1
0,4,30,0,N,nb29,1800,0.111,1.866,1,1
0,4,30,0,N,nb0,1805,-1.69,-0.671,1,1
0,4,30,0,N,nb1,1805,0.341,1.866,2,1
0,4,30,0,N,nb2,1805,1.415,0.086,2,1
0,4,30,0,N,nb3,1805,-1.185,-0.464,1,1
0,4,30,0,N,nb4,1805,-0.686,-1.11,2,1
0,4,30,0,N,nb5,1805,0.475,-0.089,1,1
0,4,30,0,N,nb6,1805,0.285,-0.515,1,1
0,4,30,0,N,nb7,1805,1.56,0.454,1,1
0,4,30,0,N,nb8,1805,0.235,-0.699,1,1
0,4,30,0,N,nb9,1805,0.148,-0.984,1,1
0,4,30,0,N,nb10,1805,0.032,-1.164,2,1
0,4,30,0,N,nb11,1805,1.471,-0.293,1,1
0,4,30,0,N,nb12,1805,0.752,1.088,1,1
0,4,30,0,N,nb13,1805,1.299,-0.13,2,1
0,4,30,0,N,nb14,1805,-0.6,-0.886,3,1
0,4,30,0,N,nb15,1805,1.638,0.057,2,1
0,4,30,0,N,nb16,1805,1.73,0.274,2,1
0,4,30,0,N,nb17,1805,-0.835,-0.949,2,1
0,4,30,0,N,nb18,1805,-1.717,-0.24,1,1
0,4,30,0,N,nb19,1805,0.985,1.128,1,1
0,4,30,0,N,nb20,1805,-0.048,-1.392,1,1
0,4,30,0,N,nb21,1805,0.905,0.033,1,1
0,4,30,0,N,nb22,1805,0.542,1.46,1,1
0,4,30,0,N,nb23,1805,0.518,1.705,2,1
0,4,30,0,N,nb24,1805,-0.386,-0.775,1,1
0,4,30,0,N,nb25,1805,-1.605,-0.449,3,1
0,4,30,0,N,nb26,1805,0.68,0.037,2,1
0,4,30,0,N,nb27,1805,-1.317,-0.798,1,1
0,4,30,0,N,nb28,1805,-1.395,-0.574,3,1
0,4,30,0,N,nb29,1805,0.111,1.866,1,1
0,4,30,0,N,nb0,1810,-1.69,-0.671,1,1
0,4,30,0,N,nb1,1810,0.341,1.866,2,1
0,4,30,0,N,nb2,1810,1.415,0.086,2,1
0,4,30,0,N,nb3,1810,-1.185,-0.464,1,1
0,4,30,0,N,nb4,1810,-0.686,-1.11,2,1
0,4,30,0,N,nb5,1810,0.475,-0.089,1,1
0,4,30,0,N,nb6,1810,0.285,-0.515,1,1
0,4,30,0,N,nb7,1810,1.56,0.454,1,1
0,4,30,0,N,nb8,1810,0.235,-0.699,1,1
0,4,30,0,N,nb9,1810,0.148,-0.984,1,1
0,4,30,0,N,nb10,1810,0.032,-1.164,2,1
0,4,30,0,N,nb11,1810,1.471,-0.293,1,1
0,4,30,0,N,nb12,1810,0.752,1.088,1,1
0,4,30,0,N,nb13,1810,1.299,-0.13,2,1
0,4,30,0,N,nb14,1810,-0.6,-0.886,3,1
0,4,30,0,N,nb15,1810,1.638,0.057,2,1
0,4,30,0,N,nb16,1810,1.73,0.274,2,0
0,4,30,0,N,nb17,1810,-0.835,-0.949,2,1
0,4,30,0,N,nb18,1810,-1.717,-0.24,1,1
0,4,30,0,N,nb19,1810,0.985,1.128,1,1
0,4,30,0,N,nb20,1810,-0.048,-1.392,1,1
0,4,30,0,N,nb21,1810,0.905,0.033,1,0
0,4,30,0,N,nb22,1810,0.542,1.46,1,1
0,4,30,0,N,nb23,1810,0.518,1.705,2,1
0,4,30,0,N,nb24,1810,-0.386,-0.775,1,1
0,4,30,0,N,nb25,1810,-1.605,-0.449,3,1
0,4,30,0,N,nb26,1810,0.68,0.037,2,0
0,4,30,0,N,nb27,1810,-1.317,-0.798,1,1
0,4,30,0,N,nb28,1810,-1.395,-0.574,3,1
0,4,30,0,N,nb29,1810,0.111,1.866,1,1
0,4,30,0,N,nb0,1815,-1.69,-0.671,1,1
0,4,30,0,N,nb1,1815,0.341,1.866,2,1
0,4,30,0,N,nb2,1815,1.415,0.086,2,1
0,4,30,0,N,nb3,1815,-1.185,-0.464,1,1
0,4,30,0,N,nb4,1815,-0.686,-1.11,2,1
0,4,30,0,N,nb5,1815,0.475,-0.089,1,1
0,4,30,0,N,nb6,1815,0.285,-0.515,1,1
0,4,30,0,N,nb7,1815,1.56,0.454,1,1
0,4,30,0,N,nb8,1815,0.235,-0.699,1,1
0,4,30,0,N,nb9,1815,0.148,-0.984,1,1
0,4,30,0,N,nb10,1815,0.032,-1.164,2,1
0,4,30,0,N,nb11,1815,1.471,-0.293,1,1
0,4,30,0,N,nb12,1815,0.752,1.088,1,1
0,4,30,0,N,nb13,1815,1.299,-0.13,2,1
0,4,30,0,N,nb14,1815,-0.6,-0.886,3,1
0,4,30,0,N,nb15,1815,1.638,0.057,2,1
0,4,30,0,N,nb16,1815,1.73,0.274,2,1
0,4,30,0,N,nb17,1815,-0.835,-0.949,2,1
0,4,30,0,N,nb18,1815,-1.717,-0.24,1,1
0,4,30,0,N,nb19,1815,0.985,1.128,1,1
0,4,30,0,N,nb20,1815,-0.048,-1.392,1,1
0,4,30,0,N,nb21,1815,0.905,0.033,1,1
0,4,30,0,N,nb22,1815,0.542,1.46,1,1
0,4,30,0,N,nb23,1815,0.518,1.705,2,1
0,4,30,0,N,nb24,1815,-0.386,-0.775,1,1
0,4,30,0,N,nb25,1815,-1.605,-0.449,3,1
0,4,30,0,N,nb26,1815,0.68,0.037,2,1
0,4,30,0,N,nb27,1815,-1.317,-0.798,1,0
0,4,30,0,N,nb28,1815,-1.395,-0.574,3,1
0,4,30,0,N,nb29,1815,0.111,1.866,1,1
0,4,30,0,N,nb0,1820,-1.69,-0.671,1,0
0,4,30,0,N,nb1,1820,0.341,1.866,2,1
0,4,30,0,N,nb2,1820,1.415,0.086,2,1
0,4,30,0,N,nb3,1820,-1.185,-0.464,1,1
0,4,30,0,N,nb4,1820,-0.686,-1.11,2,1
0,4,30,0,N,nb5,1820,0.475,-0.089,1,1
0,4,30,0,N,nb6,1820,0.285,-0.515,1,1
0,4,30,0,N,nb7,1820,1.56,0.454,1,1
0,4,30,0,N,nb8,1820,0.235,-0.699,1,1
0,4,30,0,N,nb9,1820,0.148,-0.984,1,1
0,4,30,0,N,nb10,1820,0.032,-1.164,2,1
0,4,30,0,N,nb11,1820,1.471,-0.293,1,0
0,4,30,0,N,nb12,1820,0.752,1.088,1,1
0,4,30,0,N,nb13,1820,1.299,-0.13,2,1
0,4,30,0,N,nb14,1820,-0.6,-0.886,3,1
0,4,30,0,N,nb15,1820,1.638,0.057,2,1
0,4,30,0,N,nb16,1820,1.73,0.274,2,1
0,4,30,0,N,nb17,1820,-0.835,-0.949,2,1
0,4,30,0,N,nb18,1820,-1.717,-0.24,1,1
0,4,30,0,N,nb19,1820,0.985,1.128,1,1
0,4,30,0,N,nb20,1820,-0.048,-1.392,1,1
0,4,30,0,N,nb21,1820,0.905,0.033,1,1
0,4,30,0,N,nb22,1820,0.542,1.46,1,1
0,4,30,0,N,nb23,1820,0.518,1.705,2,1
0,4,30,0,N,nb24,1820,-0.386,-0.775,1,1
0,4,30,0,N,nb25,1820,-1.605,-0.449,3,1
0,4,30,0,N,nb26,1820,0.68,0.037,2,1
0,4,30,0,N,nb27,1820,-1.317,-0.798,1,1
0,4,30,0,N,nb28,1820,-1.395,-0.574,3,1
0,4,30,0,N,nb29,1820,0.111,1.866,1,1
0,4,30,0,N,nb0,1825,-1.69,-0.671,1,1
0,4,30,0,N,nb1,1825,0.341,1.866,2,1
0,4,30,0,N,nb2,1825,1.415,0.086,2,1
0,4,30,0,N,nb3,1825,-1.185,-0.464,1,1
0,4,30,0,N,nb4,1825,-0.686,-1.11,2,1
0,4,30,0,N,nb5,1825,0.475,-0.089,1,1
0,4,30,0,N,nb6,1825,0.285,-0.515,1,1
0,4,30,0,N,nb7,1825,1.56,0.454,1,1
0,4,30,0,N,nb8,1825,0.235,-0.699,1,1
0,4,30,0,N,nb9,1825,0.148,-0.984,1,1
0,4,30,0,N,nb10,1825,0.032,-1.164,2,1
0,4,30,0,N,nb11,1825,1.471,-0.293,1,1
0,4,30,0,N,nb12,1825,0.752,1.088,1,1
0,4,30,0,N,nb13,1825,1.299,-0.13,2,1
0,4,30,0,N,nb14,1825,-0.6,-0.886,3,1
0,4,30,0,N,nb15,1825,1.638,0.057,2,1
0,4,30,0,N,nb16,1825,1.73,0.274,2,1
0,4,30,0,N,nb17,1825,-0.835,-0.949,2,1
0,4,30,0,N,nb18,1825,-1.717,-0.24,1,1
0,4,30,0,N,nb19,1825,0.985,1.128,1,1
0,4,30,0,N,nb20,1825,-0.048,-1.392,1,1
0,4,30,0,N,nb21,1825,0.905,0.033,1,1
0,4,30,0,N,nb22,1825,0.542,1.46,1,0
0,4,30,0,N,nb23,1825,0.518,1.705,2,0
0,4,30,0,N,nb24,1825,-0.386,-0.775,1,1
0,4,30,0,N,nb25,1825,-1.605,-0.449,3,1
0,4,30,0,N,nb26,1825,0.68,0.037,2,1
0,4,30,0,N,nb27,1825,-1.317,-0.798,1,1
0,4,30,0,N,nb28,1825,-1.395,-0.574,3,1
0,4,30,0,N,nb29,1825,0.111,1.866,1,1
0,4,30,0,N,nb0,1830,-1.69,-0.671,1,1
0,4,30,0,N,nb1,1830,0.341,1.866,2,1
0,4,30,0,N,nb2,1830,1.415,0.086,2,1
0,4,30,0,N,nb3,1830,-1.185,-0.464,1,1
0,4,30,0,N,nb4,1830,-0.686,-1.11,2,1
0,4,30,0,N,nb5,1830,0.475,-0.089,1,1
0,4,30,0,N,nb6,1830,0.285,-0.515,1,1
0,4,30,0,N,nb7,1830,1.56,0.454,1,1
0,4,30,0,N,nb8,1830,0.235,-0.699,1,1
0,4,30,0,N,nb9,1830,0.148,-0.984,1,1
0,4,30,0,N,nb10,1830,0.032,-1.164,2,1
0,4,30,0,N,nb11,1830,1.471,-0.293,1,1
0,4,30,0,N,nb12,1830,0.752,1.088,1,1
0,4,30,0,N,nb13,1830,1.299,-0.13,2,1
0,4,30,0,N,nb14,1830,-0.6,-0.886,3,1
0,4,30,0,N,nb15,1830,1.638,0.057,2,1
0,4,30,0,N,nb16,1830,1.73,0.274,2,1
0,4,30,0,N,nb17,1830,-0.835,-0.949,2,1
0,4,30,0,N,nb18,1830,-1.717,-0.24,1,1
0,4,30,0,N,nb19,1830,0.985,1.128,1,1
0,4,30,0,N,nb20,1830,-0.048,-1.392,1,1
0,4,30,0,N,nb21,1830,0.905,0.033,1,1
0,4,30,0,N,nb22,1830,0.542,1.46,1,1
0,4,30,0,N,nb23,1830,0.518,1.705,2,1
0,4,30,0,N,nb24,1830,-0.386,-0.775,1,1
0,4,30,0,N,nb25,1830,-1.605,-0.449,3,1
0,4,30,0,N,nb26,1830,0.68,0.037,2,1
0,4,30,0,N,nb27,1830,-1.317,-0.798,1,1
0,4,30,0,N,nb28,1830,-1.395,-0.574,3,1
0,4,30,0,N,nb29,1830,0.111,1.866,1,1
0,4,30,0,N,nb0,1835,-1.69,-0.671,1,1
0,4,30,0,N,nb1,1835,0.341,1.866,2,1
0,4,30,0,N,nb2,1835,1.415,0.086,2,1
0,4,30,0,N,nb3,1835,-1.185,-0.464,1,1
0,4,30,0,N,nb4,1835,-0.686,-1.11,2,1
0,4,30,0,N,nb5,1835,0.475,-0.089,1,0
0,4,30,0,N,nb6,1835,0.285,-0.515,1,1
0,4,30,0,N,nb7,1835,1.56,0.454,1,1
0,4,30,0,N,nb8,1835,0.235,-0.699,1,1
0,4,30,0,N,nb9,1835,0.148,-0.984,1,1
0,4,30,0,N,nb10,1835,0.032,-1.164,2,1
0,4,30,0,N,nb11,1835,1.471,-0.293,1,1
0,4,30,0,N,nb12,1835,0.752,1.088,1,1
0,4,30,0,N,nb13,1835,1.299,-0.13,2,1
0,4,30,0,N,nb14,1835,-0.6,-0.886,3,1
0,4,30,0,N,nb15,1835,1.638,0.057,2,1
0,4,30,0,N,nb16,1835,1.73,0.274,2,1
0,4,30,0,N,nb17,1835,-0.835,-0.949,2,1
0,4,30,0,N,nb18,1835,-1.717,-0.24,1,1
0,4,30,0,N,nb19,1835,0.985,1.128,1,1
0,4,30,0,N,nb20,1835,-0.048,-1.392,1,1
0,4,30,0,N,nb21,1835,0.905,0.033,1,1
0,4,30,0,N,nb22,1835,0.542,1.46,1,1
0,4,30,0,N,nb23,1835,0.518,1.705,2,1
0,4,30,0,N,nb24,1835,-0.386,-0.775,1,1
0,4,30,0,N,nb25,1835,-1.605,-0.449,3,1
0,4,30,0,N,nb26,1835,0.68,0.037,2,1
0,4,30,0,N,nb27,1835,-1.317,-0.798,1,1
0,4,30,0,N,nb28,1835,-1.395,-0.574,3,1
0,4,30,0,N,nb29,1835,0.111,1.866,1,1
0,4,30,0,N,nb0,1840,-1.69,-0.671,1,1
0,4,30,0,N,nb1,1840,0.341,1.866,2,1
0,4,30,0,N,nb2,1840,1.415,0.086,2,1
0,4,30,0,N,nb3,1840,-1.185,-0.464,1,1
0,4,30,0,N,nb4,1840,-0.686,-1.11,2,1
0,4,30,0,N,nb5,1840,0.475,-0.089,1,1
0,4,30,0,N,nb6,1840,0.285,-0.515,1,1
0,4,30,0,N,nb7,1840,1.56,0.454,1,1
0,4,30,0,N,nb8,1840,0.235,-0.699,1,1
0,4,30,0,N,nb9,1840,0.148,-0.984,1,1
0,4,30,0,N,nb10,1840,0.032,-1.164,2,1
0,4,30,0,N,nb11,1840,1.471,-0.293,1,1
0,4,30,0,N,nb12,1840,0.752,1.088,1,1
0,4,30,0,N,nb13,1840,1.299,-0.13,2,1
0,4,30,0,N,nb14,1840,-0.6,-0.886,3,1
0,4,30,0,N,nb15,1840,1.638,0.057,2,1
0,4,30,0,N,nb16,1840,1.73,0.274,2,1
0,4,30,0,N,nb17,1840,-0.835,-0.949,2,1
0,4,30,0,N,nb18,1840,-1.717,-0.24,1,1
0,4,30,0,N,nb19,1840,0.985,1.128,1,1
0,4,30,0,N,nb20,1840,-0.048,-1.392,1,1
0,4,30,0,N,nb21,1840,0.905,0.033,1,1
0,4,30,0,N,nb22,1840,0.542,1.46,1,1
0,4,30,0,N,nb23,1840,0.518,1.705,2,1
0,4,30,0,N,nb24,1840,-0.386,-0.775,1,1
0,4,30,0,N,nb25,1840,-1.605,-0.449,3,1
0,4,30,0,N,nb26,1840,0.68,0.037,2,1
0,4,30,0,N,nb27,1840,-1.317,-0.798,1,1
0,4,30,0,N,nb28,1840,-1.395,-0.574,3,1
0,4,30,0,N,nb29,1840,0.111,1.866,1,1
0,4,30,0,N,nb0,1845,-1.69,-0.671,1,1
0,4,30,0,N,nb1,1845,0.341,1.866,2,1
0,4,30,0,N,nb2,1845,1.415,0.086,2,1
0,4,30,0,N,nb3,1845,-1.185,-0.464,1,1
0,4,30,0,N,nb4,1845,-0.686,-1.11,2,1
0,4,30,0,N,nb5,1845,0.475,-0.089,1,1
0,4,30,0,N,nb6,1845,0.285,-0.515,1,1
0,4,30,0,N,nb7,1845,1.56,0.454,1,1
0,4,30,0,N,nb8,1845,0.235,-0.699,1,1
0,4,30,0,N,nb9,1845,0.148,-0.984,1,1
0,4,30,0,N,nb10,1845,0.032,-1.164,2,1
0,4,30,0,N,nb11,1845,1.471,-0.293,1,1
0,4,30,0,N,nb12,1845,0.752,1.088,1,1
0,4,30,0,N,nb13,1845,1.299,-0.13,2,1
0,4,30,0,N,nb14,1845,-0.6,-0.886,3,1
0,4,30,0,N,nb15,1845,1.638,0.057,2,1
0,4,30,0,N,nb16,1845,1.73,0.274,2,1
0,4,30,0,N,nb17,1845,-0.835,-0.949,2,1
0,4,30,0,N,nb18,1845,-1.717,-0.24,1,1
0,4,30,0,N,nb19,1845,0.985,1.128,1,1
0,4,30,0,N,nb20,1845,-0.048,-1.392,1,1
0,4,30,0,N,nb21,1845,0.905,0.033,1,1
0,4,30,0,N,nb22,1845,0.542,1.46,1,1
0,4,30,0,N,nb23,1845,0.518,1.705,2,1
0,4,30,0,N,nb24,1845,-0.386,-0.775,1,1
0,4,30,0,N,nb25,1845,-1.605,-0.449,3,1
0,4,30,0,N,nb26,1845,0.68,0.037,2,1
0,4,30,0,N,nb27,1845,-1.317,-0.798,1,1
0,4,30,0,N,nb28,1845,-1.395,-0.574,3,1
0,4,30,0,N,nb29,1845,0.111,1.866,1,1
0,4,30,0,N,nb0,1850,-1.69,-0.671,1,1
0,4,30,0,N,nb1,1850,0.341,1.866,2,1
0,4,30,0,N,nb2,1850,1.415,0.086,2,1
0,4,30,0,N,nb3,1850,-1.185,-0.464,1,1
0,4,30,0,N,nb4,1850,-0.686,-1.11,2,1
0,4,30,0,N,nb5,1850,0.475,-0.089,1,1
0,4,30,0,N,nb6,1850,0.285,-0.515,1,1
0,4,30,0,N,nb7,1850,1.56,0.454,1,1
0,4,30,0,N,nb8,1850,0.235,-0.699,1,1
0,4,30,0,N,nb9,1850,0.148,-0.984,1,1
0,4,30,0,N,nb10,1850,0.032,-1.164,2,1
0,4,30,0,N,nb11,1850,1.471,-0.293,1,1
0,4,30,0,N,nb12,1850,0.752,1.088,1,1
0,4,30,0,N,nb13,1850,1.299,-0.13,2,1
0,4,30,0,N,nb14,1850,-0.6,-0.886,3,1
0,4,30,0,N,nb15,1850,1.638,0.057,2,1
0,4,30,0,N,nb16,1850,1.73,0.274,2,1
0,4,30,0,N,nb17,1850,-0.835,-0.949,2,1
0,4,30,0,N,nb18,1850,-1.717,-0.24,1,1
0,4,30,0,N,nb19,1850,0.985,1.128,1,1
0,4,30,0,N,nb20,1850,-0.048,-1.392,1,1
0,4,30,0,N,nb21,1850,0.905,0.033,1,1
0,4,30,0,N,nb22,1850,0.542,1.46,1,1
0,4,30,0,N,nb23,1850,0.518,1.705,2,1
0,4,30,0,N,nb24,1850,-0.386,-0.775,1,1
0,4,30,0,N,nb25,1850,-1.605,-0.449,3,1
0,4,30,0,N,nb26,1850,0.68,0.037,2,1
0,4,30,0,N,nb27,1850,-1.317,-0.798,1,1
0,4,30,0,N,nb28,1850,-1.395,-0.574,3,1
0,4,30,0,N,nb29,1850,0.111,1.866,1,0
0,4,30,0,N,nb0,1855,-1.69,-0.671,1,1
0,4,30,0,N,nb1,1855,0.341,1.866,2,1
0,4,30,0,N,nb2,1855,1.415,0.086,2,1
0,4,30,0,N,nb3,1855,-1.185,-0.464,1,1
0,4,30,0,N,nb4,1855,-0.686,-1.11,2,1
0,4,30,0,N,nb5,1855,0.475,-0.089,1,1
0,4,30,0,N,nb6,1855,0.285,-0.515,1,1
0,4,30,0,N,nb7,1855,1.56,0.454,1,1
0,4,30,0,N,nb8,1855,0.235,-0.699,1,1
0,4,30,0,N,nb9,1855,0.148,-0.984,1,1
0,4,30,0,N,nb10,1855,0.032,-1.164,2,1
0,4,30,0,N,nb11,1855,1.471,-0.293,1,1
0,4,30,0,N,nb12,1855,0.752,1.088,1,1
0,4,30,0,N,nb13,1855,1.299,-0.13,2,1
0,4,30,0,N,nb14,1855,-0.6,-0.886,3,1
0,4,30,0,N,nb15,1855,1.638,0.057,2,1
0,4,30,0,N,nb16,1855,1.73,0.274,2,1
0,4,30,0,N,nb17,1855,-0.835,-0.949,2,1
0,4,30,0,N,nb18,1855,-1.717,-0.24,1,1
0,4,30,0,N,nb19,1855,0.985,1.128,1,1
0,4,30,0,N,nb20,1855,-0.048,-1.392,1,0
0,4,30,0,N,nb21,1855,0.905,0.033,1,1
0,4,30,0,N,nb22,1855,0.542,1.46,1,1
0,4,30,0,N,nb23,1855,0.518,1.705,2,1
0,4,30,0,N,nb24,1855,-0.386,-0.775,1,1
0,4,30,0,N,nb25,1855,-1.605,-0.449,3,1
0,4,30,0,N,nb26,1855,0.68,0.037,2,1
0,4,30,0,N,nb27,1855,-1.317,-0.798,1,1
0,4,30,0,N,nb28,1855,-1.395,-0.574,3,1
0,4,30,0,N,nb29,1855,0.111,1.866,1,1
0,4,30,0,N,nb0,1860,-1.69,-0.671,1,1
0,4,30,0,N,nb1,1860,0.341,1.866,2,1
0,4,30,0,N,nb2,1860,1.415,0.086,2,1
0,4,30,0,N,nb3,1860,-1.185,-0.464,1,1
0,4,30,0,N,nb4,1860,-0.686,-1.11,2,0
0,4,30,0,N,nb5,1860,0.475,-0.089,1,1
0,4,30,0,N,nb6,1860,0.285,-0.515,1,0
0,4,30,0,N,nb7,1860,1.56,0.454,1,1
0,4,30,0,N,nb8,1860,0.235,-0.699,1,0
0,4,30,0,N,nb9,1860,0.148,-0.984,1,0
0,4,30,0,N,nb10,1860,0.032,-1.164,2,0
0,4,30,0,N,nb11,1860,1.471,-0.293,1,1
0,4,30,0,N,nb12,1860,0.752,1.088,1,1
0,4,30,0,N,nb13,1860,1.299,-0.13,2,0
0,4,30,0,N,nb14,1860,-0.6,-0.886,3,1
0,4,30,0,N,nb15,1860,1.638,0.057,2,1
0,4,30,0,N,nb16,1860,1.73,0.274,2,1
0,4,30,0,N,nb17,1860,-0.835,-0.949,2,0
0,4,30,0,N,nb18,1860,-1.717,-0.24,1,1
0,4,30,0,N,nb19,1860,0.985,1.128,1,1
0,4,30,0,N,nb20,1860,-0.048,-1.392,1,1
0,4,30,0,N,nb21,1860,0.905,0.033,1,1
0,4,30,0,N,nb22,1860,0.542,1.46,1,1
0,4,30,0,N,nb23,1860,0.518,1.705,2,1
0,4,30,0,N,nb24,1860,-0.386,-0.775,1,1
0,4,30,0,N,nb25,1860,-1.605,-0.449,3,1
0,4,30,0,N,nb26,1860,0.68,0.037,2,1
0,4,30,0,N,nb27,1860,-1.317,-0.798,1,1
0,4,30,0,N,nb28,1860,-1.395,-0.574,3,1
0,4,30,0,N,nb29,1860,0.111,1.866,1,1
0,4,30,0,N,nb0,1865,-1.69,-0.671,1,1
0,4,30,0,N,nb1,1865,0.341,1.866,2,1
0,4,30,0,N,nb2,1865,1.415,0.086,2,1
0,4,30,0,N,nb3,1865,-1.185,-0.464,1,0
0,4,30,0,N,nb4,1865,-0.686,-1.11,2,1
0,4,30,0,N,nb5,1865,0.475,-0.089,1,1
0,4,30,0,N,nb6,1865,0.285,-0.515,1,1
0,4,30,0,N,nb7,1865,1.56,0.454,1,1
0,4,30,0,N,nb8,1865,0.235,-0.699,1,1
0,4,30,0,N,nb9,1865,0.148,-0.984,1,1
0,4,30,0,N,nb10,1865,0.032,-1.164,2,1
0,4,30,0,N,nb11,1865,1.471,-0.293,1,1
0,4,30,0,N,nb12,1865,0.752,1.088,1,1
0,4,30,0,N,nb13,1865,1.299,-0.13,2,1
0,4,30,0,N,nb14,1865,-0.6,-0.886,3,1
0,4,30,0,N,nb15,1865,1.638,0.057,2,1
0,4,30,0,N,nb16,1865,1.73,0.274,2,1
0,4,30,0,N,nb17,1865,-0.835,-0.949,2,1
0,4,30,0,N,nb18,1865,-1.717,-0.24,1,1
0,4,30,0,N,nb19,1865,0.985,1.128,1,1
0,4,30,0,N,nb20,1865,-0.048,-1.392,1,1
0,4,30,0,N,nb21,1865,0.905,0.033,1,1
0,4,30,0,N,nb22,1865,0.542,1.46,1,1
0,4,30,0,N,nb23,1865,0.518,1.705,2,1
0,4,30,0,N,nb24,1865,-0.386,-0.775,1,1
0,4,30,0,N,nb25,1865,-1.605,-0.449,3,1
0,4,30,0,N,nb26,1865,0.68,0.037,2,1
0,4,30,0,N,nb27,1865,-1.317,-0.798,1,1
0,4,30,0,N,nb28,1865,-1.395,-0.574,3,0
0,4,30,0,N,nb29,1865,0.111,1.866,1,1
0,4,30,0,N,nb0,1870,-1.69,-0.671,1,1
0,4,30,0,N,nb1,1870,0.341,1.866,2,1
0,4,30,0,N,nb2,1870,1.415,0.086,2,1
0,4,30,0,N,nb3,1870,-1.185,-0.464,1,1
0,4,30,0,N,nb4,1870,-0.686,-1.11,2,1
0,4,30,0,N,nb5,1870,0.475,-0.089,1,1
0,4,30,0,N,nb6,1870,0.285,-0.515,1,1
0,4,30,0,N,nb7,1870,1.56,0.454,1,1
0,4,30,0,N,nb8,1870,0.235,-0.699,1,1
0,4,30,0,N,nb9,1870,0.148,-0.984,1,1
0,4,30,0,N,nb10,1870,0.032,-1.164,2,1
0,4,30,0,N,nb11,1870,1.471,-0.293,1,1
0,4,30,0,N,nb12,1870,0.752,1.088,1,1
0,4,30,0,N,nb13,1870,1.299,-0.13,2,1
0,4,30,0,N,nb14,1870,-0.6,-0.886,3,1
0,4,30,0,N,nb15,1870,1.638,0.057,2,1
0,4,30,0,N,nb16,1870,1.73,0.274,2,1
0,4,30,0,N,nb17,1870,-0.835,-0.949,2,1
0,4,30,0,N,nb18,1870,-1.717,-0.24,1,1
0,4,30,0,N,nb19,1870,0.985,1.128,1,1
0,4,30,0,N,nb20,1870,-0.048,-1.392,1,1
0,4,30,0,N,nb21,1870,0.905,0.033,1,1
0,4,30,0,N,nb22,1870,0.542,1.46,1,1
0,4,30,0,N,nb23,1870,0.518,1.705,2,1
0,4,30,0,N,nb24,1870,-0.386,-0.775,1,1
0,4,30,0,N,nb25,1870,-1.605,-0.449,3,1
0,4,30,0,N,nb26,1870,0.68,0.037,2,1
0,4,30,0,N,nb27,1870,-1.317,-0.798,1,1
0,4,30,0,N,nb28,1870,-1.395,-0.574,3,1
0,4,30,0,N,nb29,1870,0.111,1.866,1,1
0,4,30,0,N,nb0,1875,-1.69,-0.671,1,1
0,4,30,0,N,nb1,1875,0.341,1.866,2,1
0,4,30,0,N,nb2,1875,1.415,0.086,2,1
0,4,30,0,N,nb3,1875,-1.185,-0.464,1,1
0,4,30,0,N,nb4,1875,-0.686,-1.11,2,1
0,4,30,0,N,nb5,1875,0.475,-0.089,1,1
0,4,30,0,N,nb6,1875,0.285,-0.515,1,1
0,4,30,0,N,nb7,1875,1.56,0.454,1,1
0,4,30,0,N,nb8,1875,0.235,-0.699,1,1
0,4,30,0,N,nb9,1875,0.148,-0.984,1,1
0,4,30,0,N,nb10,1875,0.032,-1.164,2,1
0,4,30,0,N,nb11,1875,1.471,-0.293,1,1
0,4,30,0,N,nb12,1875,0.752,1.088,1,1
0,4,30,0,N,nb13,1875,1.299,-0.13,2,1
0,4,30,0,N,nb14,1875,-0.6,-0.886,3,1
0,4,30,0,N,nb15,1875,1.638,0.057,2,1
0,4,30,0,N,nb16,1875,1.73,0.274,2,1
0,4,30,0,N,nb17,1875,-0.835,-0.949,2,1
0,4,30,0,N,nb18,1875,-1.717,-0.24,1,1
0,4,30,0,N,nb19,1875,0.985,1.128,1,1
0,4,30,0,N,nb20,1875,-0.048,-1.392,1,1
0,4,30,0,N,nb21,1875,0.905,0.033,1,1
0,4,30,0,N,nb22,1875,0.542,1.46,1,1
0,4,30,0,N,nb23,1875,0.518,1.705,2,1
0,4,30,0,N,nb24,1875,-0.386,-0.775,1,1
0,4,30,0,N,nb25,1875,-1.605,-0.449,3,1
0,4,30,0,N,nb26,1875,0.68,0.037,2,1
0,4,30,0,N,nb27,1875,-1.317,-0.798,1,1
0,4,30,0,N,nb28,1875,-1.395,-0.574,3,1
0,4,30,0,N,nb29,1875,0.111,1.866,1,1
0,4,30,0,N,nb0,1880,-1.69,-0.671,1,1
0,4,30,0,N,nb1,1880,0.341,1.866,2,0
0,4,30,0,N,nb2,1880,1.415,0.086,2,1
0,4,30,0,N,nb3,1880,-1.185,-0.464,1,1
0,4,30,0,N,nb4,1880,-0.686,-1.11,2,1
0,4,30,0,N,nb5,1880,0.475,-0.089,1,1
0,4,30,0,N,nb6,1880,0.285,-0.515,1,1
0,4,30,0,N,nb7,1880,1.56,0.454,1,0
0,4,30,0,N,nb8,1880,0.235,-0.699,1,1
0,4,30,0,N,nb9,1880,0.148,-0.984,1,1
0,4,30,0,N,nb10,1880,0.032,-1.164,2,1
0,4,30,0,N,nb11,1880,1.471,-0.293,1,1
0,4,30,0,N,nb12,1880,0.752,1.088,1,1
0,4,30,0,N,nb13,1880,1.299,-0.13,2,1
0,4,30,0,N,nb14,1880,-0.6,-0.886,3,1
0,4,30,0,N,nb15,1880,1.638,0.057,2,1
0,4,30,0,N,nb16,1880,1.73,0.274,2,1
0,4,30,0,N,nb17,1880,-0.835,-0.949,2,1
0,4,30,0,N,nb18,1880,-1.717,-0.24,1,1
0,4,30,0,N,nb19,1880,0.985,1.128,1,1
0,4,30,0,N,nb20,1880,-0.048,-1.392,1,1
0,4,30,0,N,nb21,1880,0.905,0.033,1,1
0,4,30,0,N,nb22,1880,0.542,1.46,1,1
0,4,30,0,N,nb23,1880,0.518,1.705,2,1
0,4,30,0,N,nb24,1880,-0.386,-0.775,1,1
0,4,30,0,N,nb25,1880,-1.605,-0.449,3,1
0,4,30,0,N,nb26,1880,0.68,0.037,2,1
0,4,30,0,N,nb27,1880,-1.317,-0.798,1,1
0,4,30,0,N,nb28,1880,-1.395,-0.574,3,1
0,4,30,0,N,nb29,1880,0.111,1.866,1,1
0,4,30,0,N,nb0,1885,-1.69,-0.671,1,1
0,4,30,0,N,nb1,1885,0.341,1.866,2,1
0,4,30,0,N,nb2,1885,1.415,0.086,2,1
0,4,30,0,N,nb3,1885,-1.185,-0.464,1,1
0,4,30,0,N,nb4,1885,-0.686,-1.11,2,1
0,4,30,0,N,nb5,1885,0.475,-0.089,1,1
0,4,30,0,N,nb6,1885,0.285,-0.515,1,1
0,4,30,0,N,nb7,1885,1.56,0.454,1,1
0,4,30,0,N,nb8,1885,0.235,-0.699,1,1
0,4,30,0,N,nb9,1885,0.148,-0.984,1,1
0,4,30,0,N,nb10,1885,0.032,-1.164,2,1
0,4,30,0,N,nb11,1885,1.471,-0.293,1,1
0,4,30,0,N,nb12,1885,0.752,1.088,1,1
0,4,30,0,N,nb13,1885,1.299,-0.13,2,1
0,4,30,0,N,nb14,1885,-0.6,-0.886,3,1
0,4,30,0,N,nb15,1885,1.638,0.057,2,1
0,4,30,0,N,nb16,1885,1.73,0.274,2,1
0,4,30,0,N,nb17,1885,-0.835,-0.949,2,1
0,4,30,0,N,nb18,1885,-1.717,-0.24,1,1
0,4,30,0,N,nb19,1885,0.985,1.128,1,1
0,4,30,0,N,nb20,1885,-0.048,-1.392,1,1
0,4,30,0,N,nb21,1885,0.905,0.033,1,1
0,4,30,0,N,nb22,1885,0.542,1.46,1,1
0,4,30,0,N,nb23,1885,0.518,1.705,2,1
0,4,30,0,N,nb24,1885,-0.386,-0.775,1,1
0,4,30,0,N,nb25,1885,-1.605,-0.449,3,1
0,4,30,0,N,nb26,1885,0.68,0.037,2,1
0,4,30,0,N,nb27,1885,-1.317,-0.798,1,1
0,4,30,0,N,nb28,1885,-1.395,-0.574,3,1
0,4,30,0,N,nb29,1885,0.111,1.866,1,1
0,4,30,0,N,nb0,1890,-1.69,-0.671,1,1
0,4,30,0,N,nb1,1890,0.341,1.866,2,1
0,4,30,0,N,nb2,1890,1.415,0.086,2,1
0,4,30,0,N,nb3,1890,-1.185,-0.464,1,1
0,4,30,0,N,nb4,1890,-0.686,-1.11,2,1
0,4,30,0,N,nb5,1890,0.475,-0.089,1,1
0,4,30,0,N,nb6,1890,0.285,-0.515,1,1
0,4,30,0,N,nb7,1890,1.56,0.454,1,1
0,4,30,0,N,nb8,1890,0.235,-0.699,1,1
0,4,30,0,N,nb9,1890,0.148,-0.984,1,1
0,4,30,0,N,nb10,1890,0.032,-1.164,2,1
0,4,30,0,N,nb11,1890,1.471,-0.293,1,1
0,4,30,0,N,nb12,1890,0.752,1.088,1,1
0,4,30,0,N,nb13,1890,1.299,-0.13,2,1
0,4,30,0,N,nb14,1890,-0.6,-0.886,3,1
0,4,30,0,N,nb15,1890,1.638,0.057,2,1
0,4,30,0,N,nb16,1890,1.73,0.274,2,1
0,4,30,0,N,nb17,1890,-0.835,-0.949,2,1
0,4,30,0,N,nb18,1890,-1.717,-0.24,1,1
0,4,30,0,N,nb19,1890,0.985,1.128,1,1
0,4,30,0,N,nb20,1890,-0.048,-1.392,1,1
0,4,30,0,N,nb21,1890,0.905,0.033,1,1
0,4,30,0,N,nb22,1890,0.542,1.46,1,1
0,4,30,0,N,nb23,1890,0.518,1.705,2,1
0,4,30,0,N,nb24,1890,-0.386,-0.775,1,1
0,4,30,0,N,nb25,1890,-1.605,-0.449,3,1
0,4,30,0,N,nb26,1890,0.68,0.037,2,1
0,4,30,0,N,nb27,1890,-1.317,-0.798,1,1
0,4,30,0,N,nb28,1890,-1.395,-0.574,3,1
0,4,30,0,N,nb29,1890,0.111,1.866,1,1
0,4,30,0,N,nb0,1895,-1.69,-0.671,1,1
0,4,30,0,N,nb1,1895,0.341,1.866,2,1
0,4,30,0,N,nb2,1895,1.415,0.086,2,0
0,4,30,0,N,nb3,1895,-1.185,-0.464,1,1
0,4,30,0,N,nb4,1895,-0.686,-1.11,2,1
0,4,30,0,N,nb5,1895,0.475,-0.089,1,1
0,4,30,0,N,nb6,1895,0.285,-0.515,1,1
0,4,30,0,N,nb7,1895,1.56,0.454,1,1
0,4,30,0,N,nb8,1895,0.235,-0.699,1,1
0,4,30,0,N,nb9,1895,0.148,-0.984,1,1
0,4,30,0,N,nb10,1895,0.032,-1.164,2,1
0,4,30,0,N,nb11,1895,1.471,-0.293,1,1
0,4,30,0,N,nb12,1895,0.752,1.088,1,1
0,4,30,0,N,nb13,1895,1.299,-0.13,2,1
0,4,30,0,N,nb14,1895,-0.6,-0.886,3,1
0,4,30,0,N,nb15,1895,1.638,0.057,2,0
0,4,30,0,N,nb16,1895,1.73,0.274,2,1
0,4,30,0,N,nb17,1895,-0.835,-0.949,2,1
0,4,30,0,N,nb18,1895,-1.717,-0.24,1,1
0,4,30,0,N,nb19,1895,0.985,1.128,1,1
0,4,30,0,N,nb20,1895,-0.048,-1.392,1,1
0,4,30,0,N,nb21,1895,0.905,0.033,1,1
0,4,30,0,N,nb22,1895,0.542,1.46,1,1
0,4,30,0,N,nb23,1895,0.518,1.705,2,1
0,4,30,0,N,nb24,1895,-0.386,-0.775,1,1
0,4,30,0,N,nb25,1895,-1.605,-0.449,3,1
0,4,30,0,N,nb26,1895,0.68,0.037,2,1
0,4,30,0,N,nb27,1895,-1.317,-0.798,1,1
0,4,30,0,N,nb28,1895,-1.395,-0.574,3,1
0,4,30,0,N,nb29,1895,0.111,1.866,1,1
0,4,30,0,N,nb0,1900,-1.69,-0.671,1,1
0,4,30,0,N,nb1,1900,0.341,1.866,2,1
0,4,30,0,N,nb2,1900,1.415,0.086,2,1
0,4,30,0,N,nb3,1900,-1.185,-0.464,1,1
0,4,30,0,N,nb4,1900,-0.686,-1.11,2,1
0,4,30,0,N,nb5,1900,0.475,-0.089,1,1
0,4,30,0,N,nb6,1900,0.285,-0.515,1,1
0,4,30,0,N,nb7,1900,1.56,0.454,1,1
0,4,30,0,N,nb8,1900,0.235,-0.699,1,1
0,4,30,0,N,nb9,1900,0.148,-0.984,1,1
0,4,30,0,N,nb10,1900,0.032,-1.164,2,1
0,4,30,0,N,nb11,1900,1.471,-0.293,1,1
0,4,30,0,N,nb12,1900,0.752,1.088,1,1
0,4,30,0,N,nb13,1900,1.299,-0.13,2,1
0,4,30,0,N,nb14,1900,-0.6,-0.886,3,1
0,4,30,0,N,nb15,1900,1.638,0.057,2,1
0,4,30,0,N,nb16,1900,1.73,0.274,2,1
0,4,30,0,N,nb17,1900,-0.835,-0.949,2,1
0,4,30,0,N,nb18,1900,-1.717,-0.24,1,1
0,4,30,0,N,nb19,1900,0.985,1.128,1,1
0,4,30,0,N,nb20,1900,-0.048,-1.392,1,1
0,4,30,0,N,nb21,1900,0.905,0.033,1,1
0,4,30,0,N,nb22,1900,0.542,1.46,1,1
0,4,30,0,N,nb23,1900,0.518,1.705,2,1
0,4,30,0,N,nb24,1900,-0.386,-0.775,1,1
0,4,30,0,N,nb25,1900,-1.605,-0.449,3,1
0,4,30,0,N,nb26,1900,0.68,0.037,2,1
0,4,30,0,N,nb27,1900,-1.317,-0.798,1,1
0,4,30,0,N,nb28,1900,-1.395,-0.574,3,1
0,4,30,0,N,nb29,1900,0.111,1.866,1,1
0,4,30,0,N,nb0,1905,-1.69,-0.671,1,1
0,4,30,0,N,nb1,1905,0.341,1.866,2,1
0,4,30,0,N,nb2,1905,1.415,0.086,2,1
0,4,30,0,N,nb3,1905,-1.185,-0.464,1,1
0,4,30,0,N,nb4,1905,-0.686,-1.11,2,1
0,4,30,0,N,nb5,1905,0.475,-0.089,1,1
0,4,30,0,N,nb6,1905,0.285,-0.515,1,1
0,4,30,0,N,nb7,1905,1.56,0.454,1,1
0,4,30,0,N,nb8,1905,0.235,-0.699,1,1
0,4,30,0,N,nb9,1905,0.148,-0.984,1,1
0,4,30,0,N,nb10,1905,0.032,-1.164,2,1
0,4,30,0,N,nb11,1905,1.471,-0.293,1,1
0,4,30,0,N,nb12,1905,0.752,1.088,1,1
0,4,30,0,N,nb13,1905,1.299,-0.13,2,1
0,4,30,0,N,nb14,1905,-0.6,-0.886,3,1
0,4,30,0,N,nb15,1905,1.638,0.057,2,1
0,4,30,0,N,nb16,1905,1.73,0.274,2,1
0,4,30,0,N,nb17,1905,-0.835,-0.949,2,1
0,4,30,0,N,nb18,1905,-1.717,-0.24,1,1
0,4,30,0,N,nb19,1905,0.985,1.128,1,1
0,4,30,0,N,nb20,1905,-0.048,-1.392,1,1
0,4,30,0,N,nb21,1905,0.905,0.033,1,1
0,4,30,0,N,nb22,1905,0.542,1.46,1,1
0,4,30,0,N,nb23,1905,0.518,1.705,2,1
0,4,30,0,N,nb24,1905,-0.386,-0.775,1,1
0,4,30,0,N,nb25,1905,-1.605,-0.449,3,1
0,4,30,0,N,nb26,1905,0.68,0.037,2,1
0,4,30,0,N,nb27,1905,-1.317,-0.798,1,1
0,4,30,0,N,nb28,1905,-1.395,-0.574,3,1
0,4,30,0,N,nb29,1905,0.111,1.866,1,1
0,4,30,0,N,nb0,1910,-1.69,-0.671,1,1
0,4,30,0,N,nb1,1910,0.341,1.866,2,1
0,4,30,0,N,nb2,1910,1.415,0.086,2,1
0,4,30,0,N,nb3,1910,-1.185,-0.464,1,1
0,4,30,0,N,nb4,1910,-0.686,-1.11,2,1
0,4,30,0,N,nb5,1910,0.475,-0.089,1,1
0,4,30,0,N,nb6,1910,0.285,-0.515,1,1
0,4,30,0,N,nb7,1910,1.56,0.454,1,1
0,4,30,0,N,nb8,1910,0.235,-0.699,1,1
0,4,30,0,N,nb9,1910,0.148,-0.984,1,1
0,4,30,0,N,nb10,1910,0.032,-1.164,2,1
0,4,30,0,N,nb11,1910,1.471,-0.293,1,1
0,4,30,0,N,nb12,1910,0.752,1.088,1,1
0,4,30,0,N,nb13,1910,1.299,-0.13,2,1
0,4,30,0,N,nb14,1910,-0.6,-0.886,3,1
0,4,30,0,N,nb15,1910,1.638,0.057,2,1
0,4,30,0,N,nb16,1910,1.73,0.274,2,1
0,4,30,0,N,nb17,1910,-0.835,-0.949,2,1
0,4,30,0,N,nb18,1910,-1.717,-0.24,1,1
0,4,30,0,N,nb19,1910,0.985,1.128,1,1
0,4,30,0,N,nb20,1910,-0.048,-1.392,1,1
0,4,30,0,N,nb21,1910,0.905,0.033,1,1
0,4,30,0,N,nb22,1910,0.542,1.46,1,1
0,4,30,0,N,nb23,1910,0.518,1.705,2,1
0,4,30,0,N,nb24,1910,-0.386,-0.775,1,1
0,4,30,0,N,nb25,1910,-1.605,-0.449,3,1
0,4,30,0,N,nb26,1910,0.68,0.037,2,1
0,4,30,0,N,nb27,1910,-1.317,-0.798,1,1
0,4,30,0,N,nb28,1910,-1.395,-0.574,3,1
0,4,30,0,N,nb29,1910,0.111,1.866,1,1
0,4,30,0,N,nb0,1915,-1.69,-0.671,1,1
0,4,30,0,N,nb1,1915,0.341,1.866,2,1
0,4,30,0,N,nb2,1915,1.415,0.086,2,1
0,4,30,0,N,nb3,1915,-1.185,-0.464,1,1
0,4,30,0,N,nb4,1915,-0.686,-1.11,2,1
0,4,30,0,N,nb5,1915,0.475,-0.089,1,1
0,4,30,0,N,nb6,1915,0.285,-0.515,1,1
0,4,30,0,N,nb7,1915,1.56,0.454,1,1
0,4,30,0,N,nb8,1915,0.235,-0.699,1,1
0,4,30,0,N,nb9,1915,0.148,-0.984,1,1
0,4,30,0,N,nb10,1915,0.032,-1.164,2,1
0,4,30,0,N,nb11,1915,1.471,-0.293,1,1
0,4,30,0,N,nb12,1915,0.752,1.088,1,1
0,4,30,0,N,nb13,1915,1.299,-0.13,2,1
0,4,30,0,N,nb14,1915,-0.6,-0.886,3,1
0,4,30,0,N,nb15,1915,1.638,0.057,2,1
0,4,30,0,N,nb16,1915,1.73,0.274,2,1
0,4,30,0,N,nb17,1915,-0.835,-0.949,2,1
0,4,30,0,N,nb18,1915,-1.717,-0.24,1,1
0,4,30,0,N,nb19,1915,0.985,1.128,1,1
0,4,30,0,N,nb20,1915,-0.048,-1.392,1,1
0,4,30,0,N,nb21,1915,0.905,0.033,1,1
0,4,30,0,N,nb22,1915,0.542,1.46,1,1
0,4,30,0,N,nb23,1915,0.518,1.705,2,1
0,4,30,0,N,nb24,1915,-0.386,-0.775,1,1
0,4,30,0,N,nb25,1915,-1.605,-0.449,3,1
0,4,30,0,N,nb26,1915,0.68,0.037,2,1
0,4,30,0,N,nb27,1915,-1.317,-0.798,1,1
0,4,30,0,N,nb28,1915,-1.395,-0.574,3,1
0,4,30,0,N,nb29,1915,0.111,1.866,1,1
0,4,30,0,N,nb0,1920,-1.69,-0.671,1,1
0,4,30,0,N,nb1,1920,0.341,1.866,2,1
0,4,30,0,N,nb2,1920,1.415,0.086,2,1
0,4,30,0,N,nb3,1920,-1.185,-0.464,1,1
0,4,30,0,N,nb4,1920,-0.686,-1.11,2,1
0,4,30,0,N,nb5,1920,0.475,-0.089,1,1
0,4,30,0,N,nb6,1920,0.285,-0.515,1,1
0,4,30,0,N,nb7,1920,1.56,0.454,1,1
0,4,30,0,N,nb8,1920,0.235,-0.699,1,1
0,4,30,0,N,nb9,1920,0.148,-0.984,1,1
0,4,30,0,N,nb10,1920,0.032,-1.164,2,1
0,4,30,0,N,nb11,1920,1.471,-0.293,1,1
0,4,30,0,N,nb12,1920,0.752,1.088,1,1
0,4,30,0,N,nb13,1920,1.299,-0.13,2,1
0,4,30,0,N,nb14,1920,-0.6,-0.886,3,1
0,4,30,0,N,nb15,1920,1.638,0.057,2,1
0,4,30,0,N,nb16,1920,1.73,0.274,2,1
0,4,30,0,N,nb17,1920,-0.835,-0.949,2,1
0,4,30,0,N,nb18,1920,-1.717,-0.24,1,1
0,4,30,0,N,nb19,1920,0.985,1.128,1,1
0,4,30,0,N,nb20,1920,-0.048,-1.392,1,1
0,4,30,0,N,nb21,1920,0.905,0.033,1,1
0,4,30,0,N,nb22,1920,0.542,1.46,1,1
0,4,30,0,N,nb23,1920,0.518,1.705,2,1
0,4,30,0,N,nb24,1920,-0.386,-0.775,1,1
0,4,30,0,N,nb25,1920,-1.605,-0.449,3,0
0,4,30,0,N,nb26,1920,0.68,0.037,2,1
0,4,30,0,N,nb27,1920,-1.317,-0.798,1,1
0,4,30,0,N,nb28,1920,-1.395,-0.574,3,1
0,4,30,0,N,nb29,1920,0.111,1.866,1,1
0,4,30,0,N,nb0,1925,-1.69,-0.671,1,1
0,4,30,0,N,nb1,1925,0.341,1.866,2,1
0,4,30,0,N,nb2,1925,1.415,0.086,2,1
0,4,30,0,N,nb3,1925,-1.185,-0.464,1,1
0,4,30,0,N,nb4,1925,-0.686,-1.11,2,1
0,4,30,0,N,nb5,1925,0.475,-0.089,1,1
0,4,30,0,N,nb6,1925,0.285,-0.515,1,1
0,4,30,0,N,nb7,1925,1.56,0.454,1,1
0,4,30,0,N,nb8,1925,0.235,-0.699,1,1
0,4,30,0,N,nb9,1925,0.148,-0.984,1,1
0,4,30,0,N,nb10,1925,0.032,-1.164,2,1
0,4,30,0,N,nb11,1925,1.471,-0.293,1,1
0,4,30,0,N,nb12,1925,0.752,1.088,1,1
0,4,30,0,N,nb13,1925,1.299,-0.13,2,1
0,4,30,0,N,nb14,1925,-0.6,-0.886,3,1
0,4,30,0,N,nb15,1925,1.638,0.057,2,1
0,4,30,0,N,nb16,1925,1.73,0.274,2,1
0,4,30,0,N,nb17,1925,-0.835,-0.949,2,1
0,4,30,0,N,nb18,1925,-1.717,-0.24,1,1
0,4,30,0,N,nb19,1925,0.985,1.128,1,1
0,4,30,0,N,nb20,1925,-0.048,-1.392,1,1
0,4,30,0,N,nb21,1925,0.905,0.033,1,1
0,4,30,0,N,nb22,1925,0.542,1.46,1,1
0,4,30,0,N,nb23,1925,0.518,1.705,2,1
0,4,30,0,N,nb24,1925,-0.386,-0.775,1,1
0,4,30,0,N,nb25,1925,-1.605,-0.449,3,1
0,4,30,0,N,nb26,1925,0.68,0.037,2,1
0,4,30,0,N,nb27,1925,-1.317,-0.798,1,1
0,4,30,0,N,nb28,1925,-1.395,-0.574,3,1
0,4,30,0,N,nb29,1925,0.111,1.866,1,1
0,4,30,0,N,nb0,1930,-1.69,-0.671,1,1
0,4,30,0,N,nb1,1930,0.341,1.866,2,1
0,4,30,0,N,nb2,1930,1.415,0.086,2,1
0,4,30,0,N,nb3,1930,-1.185,-0.464,1,1
0,4,30,0,N,nb4,1930,-0.686,-1.11,2,1
0,4,30,0,N,nb5,1930,0.475,-0.089,1,1
0,4,30,0,N,nb6,1930,0.285,-0.515,1,1
0,4,30,0,N,nb7,1930,1.56,0.454,1,1
0,4,30,0,N,nb8,1930,0.235,-0.699,1,1
0,4,30,0,N,nb9,1930,0.148,-0.984,1,1
0,4,30,0,N,nb10,1930,0.032,-1.164,2,1
0,4,30,0,N,nb11,1930,1.471,-0.293,1,1
0,4,30,0,N,nb12,1930,0.752,1.088,1,1
0,4,30,0,N,nb13,1930,1.299,-0.13,2,1
0,4,30,0,N,nb14,1930,-0.6,-0.886,3,1
0,4,30,0,N,nb15,1930,1.638,0.057,2,1
0,4,30,0,N,nb16,1930,1.73,0.274,2,1
0,4,30,0,N,nb17,1930,-0.835,-0.949,2,1
0,4,30,0,N,nb18,1930,-1.717,-0.24,1,1
0,4,30,0,N,nb19,1930,0.985,1.128,1,1
0,4,30,0,N,nb20,1930,-0.048,-1.392,1,1
0,4,30,0,N,nb21,1930,0.905,0.033,1,1
0,4,30,0,N,nb22,1930,0.542,1.46,1,1
0,4,30,0,N,nb23,1930,0.518,1.705,2,1
0,4,30,0,N,nb24,1930,-0.386,-0.775,1,1
0,4,30,0,N,nb25,1930,-1.605,-0.449,3,1
0,4,30,0,N,nb26,1930,0.68,0.037,2,1
0,4,30,0,N,nb27,1930,-1.317,-0.798,1,1
0,4,30,0,N,nb28,1930,-1.395,-0.574,3,1
0,4,30,0,N,nb29,1930,0.111,1.866,1,1
0,4,30,0,N,nb0,1935,-1.69,-0.671,1,1
0,4,30,0,N,nb1,1935,0.341,1.866,2,1
0,4,30,0,N,nb2,1935,1.415,0.086,2,1
0,4,30,0,N,nb3,1935,-1.185,-0.464,1,1
0,4,30,0,N,nb4,1935,-0.686,-1.11,2,1
0,4,30,0,N,nb5,1935,0.475,-0.089,1,1
0,4,30,0,N,nb6,1935,0.285,-0.515,1,1
0,4,30,0,N,nb7,1935,1.56,0.454,1,1
0,4,30,0,N,nb8,1935,0.235,-0.699,1,1
0,4,30,0,N,nb9,1935,0.148,-0.984,1,1
0,4,30,0,N,nb10,1935,0.032,-1.164,2,1
0,4,30,0,N,nb11,1935,1.471,-0.293,1,1
0,4,30,0,N,nb12,1935,0.752,1.088,1,1
0,4,30,0,N,nb13,1935,1.299,-0.13,2,1
0,4,30,0,N,nb14,1935,-0.6,-0.886,3,1
0,4,30,0,N,nb15,1935,1.638,0.057,2,1
0,4,30,0,N,nb16,1935,1.73,0.274,2,1
0,4,30,0,N,nb17,1935,-0.835,-0.949,2,1
0,4,30,0,N,nb18,1935,-1.717,-0.24,1,0
0,4,30,0,N,nb19,1935,0.985,1.128,1,1
0,4,30,0,N,nb20,1935,-0.048,-1.392,1,1
0,4,30,0,N,nb21,1935,0.905,0.033,1,1
0,4,30,0,N,nb22,1935,0.542,1.46,1,1
0,4,30,0,N,nb23,1935,0.518,1.705,2,1
0,4,30,0,N,nb24,1935,-0.386,-0.775,1,0
0,4,30,0,N,nb25,1935,-1.605,-0.449,3,1
0,4,30,0,N,nb26,1935,0.68,0.037,2,1
0,4,30,0,N,nb27,1935,-1.317,-0.798,1,1
0,4,30,0,N,nb28,1935,-1.395,-0.574,3,1
0,4,30,0,N,nb29,1935,0.111,1.866,1,1
0,4,30,0,N,nb0,1940,-1.69,-0.671,1,1
0,4,30,0,N,nb1,1940,0.341,1.866,2,1
0,4,30,0,N,nb2,1940,1.415,0.086,2,1
0,4,30,0,N,nb3,1940,-1.185,-0.464,1,1
0,4,30,0,N,nb4,1940,-0.686,-1.11,2,1
0,4,30,0,N,nb5,1940,0.475,-0.089,1,1
0,4,30,0,N,nb6,1940,0.285,-0.515,1,1
0,4,30,0,N,nb7,1940,1.56,0.454,1,1
0,4,30,0,N,nb8,1940,0.235,-0.699,1,1
0,4,30,0,N,nb9,1940,0.148,-0.984,1,1
0,4,30,0,N,nb10,1940,0.032,-1.164,2,1
0,4,30,0,N,nb11,1940,1.471,-0.293,1,1
0,4,30,0,N,nb12,1940,0.752,1.088,1,0
0,4,30,0,N,nb13,1940,1.299,-0.13,2,1
0,4,30,0,N,nb14,1940,-0.6,-0.886,3,1
0,4,30,0,N,nb15,1940,1.638,0.057,2,1
0,4,30,0,N,nb16,1940,1.73,0.274,2,1
0,4,30,0,N,nb17,1940,-0.835,-0.949,2,1
0,4,30,0,N,nb18,1940,-1.717,-0.24,1,1
0,4,30,0,N,nb19,1940,0.985,1.128,1,0
0,4,30,0,N,nb20,1940,-0.048,-1.392,1,1
0,4,30,0,N,nb21,1940,0.905,0.033,1,1
0,4,30,0,N,nb22,1940,0.542,1.46,1,1
0,4,30,0,N,nb23,1940,0.518,1.705,2,1
0,4,30,0,N,nb24,1940,-0.386,-0.775,1,1
0,4,30,0,N,nb25,1940,-1.605,-0.449,3,1
0,4,30,0,N,nb26,1940,0.68,0.037,2,1
0,4,30,0,N,nb27,1940,-1.317,-0.798,1,1
0,4,30,0,N,nb28,1940,-1.395,-0.574,3,1
0,4,30,0,N,nb29,1940,0.111,1.866,1,1
0,4,30,0,N,nb0,1945,-1.69,-0.671,1,1
0,4,30,0,N,nb1,1945,0.341,1.866,2,1
0,4,30,0,N,nb2,1945,1.415,0.086,2,1
0,4,30,0,N,nb3,1945,-1.185,-0.464,1,1
0,4,30,0,N,nb4,1945,-0.686,-1.11,2,1
0,4,30,0,N,nb5,1945,0.475,-0.089,1,1
0,4,30,0,N,nb6,1945,0.285,-0.515,1,1
0,4,30,0,N,nb7,1945,1.56,0.454,1,1
0,4,30,0,N,nb8,1945,0.235,-0.699,1,1
0,4,30,0,N,nb9,1945,0.148,-0.984,1,1
0,4,30,0,N,nb10,1945,0.032,-1.164,2,1
0,4,30,0,N,nb11,1945,1.471,-0.293,1,1
0,4,30,0,N,nb12,1945,0.752,1.088,1,1
0,4,30,0,N,nb13,1945,1.299,-0.13,2,1
0,4,30,0,N,nb14,1945,-0.6,-0.886,3,1
0,4,30,0,N,nb15,1945,1.638,0.057,2,1
0,4,30,0,N,nb16,1945,1.73,0.274,2,1
0,4,30,0,N,nb17,1945,-0.835,-0.949,2,1
0,4,30,0,N,nb18,1945,-1.717,-0.24,1,1
0,4,30,0,N,nb19,1945,0.985,1.128,1,1
0,4,30,0,N,nb20,1945,-0.048,-1.392,1,1
0,4,30,0,N,nb21,1945,0.905,0.033,1,1
0,4,30,0,N,nb22,1945,0.542,1.46,1,1
0,4,30,0,N,nb23,1945,0.518,1.705,2,1
0,4,30,0,N,nb24,1945,-0.386,-0.775,1,1
0,4,30,0,N,nb25,1945,-1.605,-0.449,3,1
0,4,30,0,N,nb26,1945,0.68,0.037,2,1
0,4,30,0,N,nb27,1945,-1.317,-0.798,1,1
0,4,30,0,N,nb28,1945,-1.395,-0.574,3,1
0,4,30,0,N,nb29,1945,0.111,1.866,1,1
0,4,30,0,N,nb0,1950,-1.69,-0.671,1,1
0,4,30,0,N,nb1,1950,0.341,1.866,2,1
0,4,30,0,N,nb2,1950,1.415,0.086,2,1
0,4,30,0,N,nb3,1950,-1.185,-0.464,1,1
0,4,30,0,N,nb4,1950,-0.686,-1.11,2,1
0,4,30,0,N,nb5,1950,0.475,-0.089,1,1
0,4,30,0,N,nb6,1950,0.285,-0.515,1,1
0,4,30,0,N,nb7,1950,1.56,0.454,1,1
0,4,30,0,N,nb8,1950,0.235,-0.699,1,1
0,4,30,0,N,nb9,1950,0.148,-0.984,1,1
0,4,30,0,N,nb10,1950,0.032,-1.164,2,1
0,4,30,0,N,nb11,1950,1.471,-0.293,1,1
0,4,30,0,N,nb12,1950,0.752,1.088,1,1
0,4,30,0,N,nb13,1950,1.299,-0.13,2,1
0,4,30,0,N,nb14,1950,-0.6,-0.886,3,1
0,4,30,0,N,nb15,1950,1.638,0.057,2,1
0,4,30,0,N,nb16,1950,1.73,0.274,2,1
0,4,30,0,N,nb17,1950,-0.835,-0.949,2,1
0,4,30,0,N,nb18,1950,-1.717,-0.24,1,1
0,4,30,0,N,nb19,1950,0.985,1.128,1,1
0,4,30,0,N,nb20,1950,-0.048,-1.392,1,1
0,4,30,0,N,nb21,1950,0.905,0.033,1,1
0,4,30,0,N,nb22,1950,0.542,1.46,1,1
0,4,30,0,N,nb23,1950,0.518,1.705,2,1
0,4,30,0,N,nb24,1950,-0.386,-0.775,1,1
0,4,30,0,N,nb25,1950,-1.605,-0.449,3,1
0,4,30,0,N,nb26,1950,0.68,0.037,2,1
0,4,30,0,N,nb27,1950,-1.317,-0.798,1,1
0,4,30,0,N,nb28,1950,-1.395,-0.574,3,1
0,4,30,0,N,nb29,1950,0.111,1.866,1,1
0,4,30,0,N,nb0,1955,-1.69,-0.671,1,1
0,4,30,0,N,nb1,1955,0.341,1.866,2,1
0,4,30,0,N,nb2,1955,1.415,0.086,2,1
0,4,30,0,N,nb3,1955,-1.185,-0.464,1,1
0,4,30,0,N,nb4,1955,-0.686,-1.11,2,1
0,4,30,0,N,nb5,1955,0.475,-0.089,1,1
0,4,30,0,N,nb6,1955,0.285,-0.515,1,1
0,4,30,0,N,nb7,1955,1.56,0.454,1,1
0,4,30,0,N,nb8,1955,0.235,-0.699,1,1
0,4,30,0,N,nb9,1955,0.148,-0.984,1,1
0,4,30,0,N,nb10,1955,0.032,-1.164,2,1
0,4,30,0,N,nb11,1955,1.471,-0.293,1,1
0,4,30,0,N,nb12,1955,0.752,1.088,1,1
0,4,30,0,N,nb13,1955,1.299,-0.13,2,1
0,4,30,0,N,nb14,1955,-0.6,-0.886,3,0
0,4,30,0,N,nb15,1955,1.638,0.057,2,1
0,4,30,0,N,nb16,1955,1.73,0.274,2,1
0,4,30,0,N,nb17,1955,-0.835,-0.949,2,1
0,4,30,0,N,nb18,1955,-1.717,-0.24,1,1
0,4,30,0,N,nb19,1955,0.985,1.128,1,1
0,4,30,0,N,nb20,1955,-0.048,-1.392,1,1
0,4,30,0,N,nb21,1955,0.905,0.033,1,1
0,4,30,0,N,nb22,1955,0.542,1.46,1,1
0,4,30,0,N,nb23,1955,0.518,1.705,2,1
0,4,30,0,N,nb24,1955,-0.386,-0.775,1,1
0,4,30,0,N,nb25,1955,-1.605,-0.449,3,1
0,4,30,0,N,nb26,1955,0.68,0.037,2,1
0,4,30,0,N,nb27,1955,-1.317,-0.798,1,1
0,4,30,0,N,nb28,1955,-1.395,-0.574,3,1
0,4,30,0,N,nb29,1955,0.111,1.866,1,1
0,4,30,0,N,nb0,1960,-1.69,-0.671,1,1
0,4,30,0,N,nb1,1960,0.341,1.866,2,1
0,4,30,0,N,nb2,1960,1.415,0.086,2,1
0,4,30,0,N,nb3,1960,-1.185,-0.464,1,1
0,4,30,0,N,nb4,1960,-0.686,-1.11,2,1
0,4,30,0,N,nb5,1960,0.475,-0.089,1,1
0,4,30,0,N,nb6,1960,0.285,-0.515,1,1
0,4,30,0,N,nb7,1960,1.56,0.454,1,1
0,4,30,0,N,nb8,1960,0.235,-0.699,1,1
0,4,30,0,N,nb9,1960,0.148,-0.984,1,1
0,4,30,0,N,nb10,1960,0.032,-1.164,2,1
0,4,30,0,N,nb11,1960,1.471,-0.293,1,1
0,4,30,0,N,nb12,1960,0.752,1.088,1,1
0,4,30,0,N,nb13,1960,1.299,-0.13,2,1
0,4,30,0,N,nb14,1960,-0.6,-0.886,3,1
0,4,30,0,N,nb15,1960,1.638,0.057,2,1
0,4,30,0,N,nb16,1960,1.73,0.274,2,1
0,4,30,0,N,nb17,1960,-0.835,-0.949,2,1
0,4,30,0,N,nb18,1960,-1.717,-0.24,1,1
0,4,30,0,N,nb19,1960,0.985,1.128,1,1
0,4,30,0,N,nb20,1960,-0.048,-1.392,1,1
0,4,30,0,N,nb21,1960,0.905,0.033,1,1
0,4,30,0,N,nb22,1960,0.542,1.46,1,1
0,4,30,0,N,nb23,1960,0.518,1.705,2,1
0,4,30,0,N,nb24,1960,-0.386,-0.775,1,1
0,4,30,0,N,nb25,1960,-1.605,-0.449,3,1
0,4,30,0,N,nb26,1960,0.68,0.037,2,1
0,4,30,0,N,nb27,1960,-1.317,-0.798,1,1
0,4,30,0,N,nb28,1960,-1.395,-0.574,3,1
0,4,30,0,N,nb29,1960,0.111,1.866,1,1
0,4,30,0,N,nb0,1965,-1.69,-0.671,1,1
0,4,30,0,N,nb1,1965,0.341,1.866,2,1
0,4,30,0,N,nb2,1965,1.415,0.086,2,1
0,4,30,0,N,nb3,1965,-1.185,-0.464,1,1
0,4,30,0,N,nb4,1965,-0.686,-1.11,2,1
0,4,30,0,N,nb5,1965,0.475,-0.089,1,1
0,4,30,0,N,nb6,1965,0.285,-0.515,1,1
0,4,30,0,N,nb7,1965,1.56,0.454,1,1
0,4,30,0,N,nb8,1965,0.235,-0.699,1,1
0,4,30,0,N,nb9,1965,0.148,-0.984,1,1
0,4,30,0,N,nb10,1965,0.032,-1.164,2,1
0,4,30,0,N,nb11,1965,1.471,-0.293,1,1
0,4,30,0,N,nb12,1965,0.752,1.088,1,1
0,4,30,0,N,nb13,1965,1.299,-0.13,2,1
0,4,30,0,N,nb14,1965,-0.6,-0.886,3,1
0,4,30,0,N,nb15,1965,1.638,0.057,2,1
0,4,30,0,N,nb16,1965,1.73,0.274,2,0
0,4,30,0,N,nb17,1965,-0.835,-0.949,2,1
0,4,30,0,N,nb18,1965,-1.717,-0.24,1,1
0,4,30,0,N,nb19,1965,0.985,1.128,1,1
0,4,30,0,N,nb20,1965,-0.048,-1.392,1,1
0,4,30,0,N,nb21,1965,0.905,0.033,1,0
0,4,30,0,N,nb22,1965,0.542,1.46,1,1
0,4,30,0,N,nb23,1965,0.518,1.705,2,1
0,4,30,0,N,nb24,1965,-0.386,-0.775,1,1
0,4,30,0,N,nb25,1965,-1.605,-0.449,3,1
0,4,30,0,N,nb26,1965,0.68,0.037,2,0
0,4,30,0,N,nb27,1965,-1.317,-0.798,1,1
0,4,30,0,N,nb28,1965,-1.395,-0.574,3,1
0,4,30,0,N,nb29,1965,0.111,1.866,1,1
0,4,30,0,N,nb0,1970,-1.69,-0.671,1,1
0,4,30,0,N,nb1,1970,0.341,1.866,2,1
0,4,30,0,N,nb2,1970,1.415,0.086,2,1
0,4,30,0,N,nb3,1970,-1.185,-0.464,1,1
0,4,30,0,N,nb4,1970,-0.686,-1.11,2,1
0,4,30,0,N,nb5,1970,0.475,-0.089,1,1
0,4,30,0,N,nb6,1970,0.285,-0.515,1,1
0,4,30,0,N,nb7,1970,1.56,0.454,1,1
0,4,30,0,N,nb8,1970,0.235,-0.699,1,1
0,4,30,0,N,nb9,1970,0.148,-0.984,1,1
0,4,30,0,N,nb10,1970,0.032,-1.164,2,1
0,4,30,0,N,nb11,1970,1.471,-0.293,1,1
0,4,30,0,N,nb12,1970,0.752,1.088,1,1
0,4,30,0,N,nb13,1970,1.299,-0.13,2,1
0,4,30,0,N,nb14,1970,-0.6,-0.886,3,1
0,4,30,0,N,nb15,1970,1.638,0.057,2,1
0,4,30,0,N,nb16,1970,1.73,0.274,2,1
0,4,30,0,N,nb17,1970,-0.835,-0.949,2,1
0,4,30,0,N,nb18,1970,-1.717,-0.24,1,1
0,4,30,0,N,nb19,1970,0.985,1.128,1,1
0,4,30,0,N,nb20,1970,-0.048,-1.392,1,1
0,4,30,0,N,nb21,1970,0.905,0.033,1,1
0,4,30,0,N,nb22,1970,0.542,1.46,1,1
0,4,30,0,N,nb23,1970,0.518,1.705,2,1
0,4,30,0,N,nb24,1970,-0.386,-0.775,1,1
0,4,30,0,N,nb25,1970,-1.605,-0.449,3,1
0,4,30,0,N,nb26,1970,0.68,0.037,2,1
0,4,30,0,N,nb27,1970,-1.317,-0.798,1,0
0,4,30,0,N,nb28,1970,-1.395,-0.574,3,1
0,4,30,0,N,nb29,1970,0.111,1.866,1,1
0,4,30,0,N,nb0,1975,-1.69,-0.671,1,0
0,4,30,0,N,nb1,1975,0.341,1.866,2,1
0,4,30,0,N,nb2,1975,1.415,0.086,2,1
0,4,30,0,N,nb3,1975,-1.185,-0.464,1,1
0,4,30,0,N,nb4,1975,-0.686,-1.11,2,1
0,4,30,0,N,nb5,1975,0.475,-0.089,1,1
0,4,30,0,N,nb6,1975,0.285,-0.515,1,1
0,4,30,0,N,nb7,1975,1.56,0.454,1,1
0,4,30,0,N,nb8,1975,0.235,-0.699,1,1
0,4,30,0,N,nb9,1975,0.148,-0.984,1,1
0,4,30,0,N,nb10,1975,0.032,-1.164,2,1
0,4,30,0,N,nb11,1975,1.471,-0.293,1,0
0,4,30,0,N,nb12,1975,0.752,1.088,1,1
0,4,30,0,N,nb13,1975,1.299,-0.13,2,1
0,4,30,0,N,nb14,1975,-0.6,-0.886,3,1
0,4,30,0,N,nb15,1975,1.638,0.057,2,1
0,4,30,0,N,nb16,1975,1.73,0.274,2,1
0,4,30,0,N,nb17,1975,-0.835,-0.949,2,1
0,4,30,0,N,nb18,1975,-1.717,-0.24,1,1
0,4,30,0,N,nb19,1975,0.985,1.128,1,1
0,4,30,0,N,nb20,1975,-0.048,-1.392,1,1
0,4,30,0,N,nb21,1975,0.905,0.033,1,1
0,4,30,0,N,nb22,1975,0.542,1.46,1,1
0,4,30,0,N,nb23,1975,0.518,1.705,2,1
0,4,30,0,N,nb24,1975,-0.386,-0.775,1,1
0,4,30,0,N,nb25,1975,-1.605,-0.449,3,1
0,4,30,0,N,nb26,1975,0.68,0.037,2,1
0,4,30,0,N,nb27,1975,-1.317,-0.798,1,1
0,4,30,0,N,nb28,1975,-1.395,-0.574,3,1
0,4,30,0,N,nb29,1975,0.111,1.866,1,1
0,4,30,0,N,nb0,1980,-1.69,-0.671,1,1
0,4,30,0,N,nb1,1980,0.341,1.866,2,1
0,4,30,0,N,nb2,1980,1.415,0.086,2,1
0,4,30,0,N,nb3,1980,-1.185,-0.464,1,1
0,4,30,0,N,nb4,1980,-0.686,-1.11,2,1
0,4,30,0,N,nb5,1980,0.475,-0.089,1,1
0,4,30,0,N,nb6,1980,0.285,-0.515,1,1
0,4,30,0,N,nb7,1980,1.56,0.454,1,1
0,4,30,0,N,nb8,1980,0.235,-0.699,1,1
0,4,30,0,N,nb9,1980,0.148,-0.984,1,1
0,4,30,0,N,nb10,1980,0.032,-1.164,2,1
0,4,30,0,N,nb11,1980,1.471,-0.293,1,1
0,4,30,0,N,nb12,1980,0.752,1.088,1,1
0,4,30,0,N,nb13,1980,1.299,-0.13,2,1
0,4,30,0,N,nb14,1980,-0.6,-0.886,3,1
0,4,30,0,N,nb15,1980,1.638,0.057,2,1
0,4,30,0,N,nb16,1980,1.73,0.274,2,1
0,4,30,0,N,nb17,1980,-0.835,-0.949,2,1
0,4,30,0,N,nb18,1980,-1.717,-0.24,1,1
0,4,30,0,N,nb19,1980,0.985,1.128,1,1
0,4,30,0,N,nb20,1980,-0.048,-1.392,1,1
0,4,30,0,N,nb21,1980,0.905,0.033,1,1
0,4,30,0,N,nb22,1980,0.542,1.46,1,0
0,4,30,0,N,nb23,1980,0.518,1.705,2,0
0,4,30,0,N,nb24,1980,-0.386,-0.775,1,1
0,4,30,0,N,nb25,1980,-1.605,-0.449,3,1
0,4,30,0,N,nb26,1980,0.68,0.037,2,1
0,4,30,0,N,nb27,1980,-1.317,-0.798,1,1
0,4,30,0,N,nb28,1980,-1.395,-0.574,3,1
0,4,30,0,N,nb29,1980,0.111,1.866,1,1
0,4,30,0,N,nb0,1985,-1.69,-0.671,1,1
0,4,30,0,N,nb1,1985,0.341,1.866,2,1
0,4,30,0,N,nb2,1985,1.415,0.086,2,1
0,4,30,0,N,nb3,1985,-1.185,-0.464,1,1
0,4,30,0,N,nb4,1985,-0.686,-1.11,2,1
0,4,30,0,N,nb5,1985,0.475,-0.089,1,1
0,4,30,0,N,nb6,1985,0.285,-0.515,1,1
0,4,30,0,N,nb7,1985,1.56,0.454,1,1
0,4,30,0,N,nb8,1985,0.235,-0.699,1,1
0,4,30,0,N,nb9,1985,0.148,-0.984,1,1
0,4,30,0,N,nb10,1985,0.032,-1.164,2,1
0,4,30,0,N,nb11,1985,1.471,-0.293,1,1
0,4,30,0,N,nb12,1985,0.752,1.088,1,1
0,4,30,0,N,nb13,1985,1.299,-0.13,2,1
0,4,30,0,N,nb14,1985,-0.6,-0.886,3,1
0,4,30,0,N,nb15,1985,1.638,0.057,2,1
0,4,30,0,N,nb16,1985,1.73,0.274,2,1
0,4,30,0,N,nb17,1985,-0.835,-0.949,2,1
0,4,30,0,N,nb18,1985,-1.717,-0.24,1,1
0,4,30,0,N,nb19,1985,0.985,1.128,1,1
0,4,30,0,N,nb20,1985,-0.048,-1.392,1,1
0,4,30,0,N,nb21,1985,0.905,0.033,1,1
0,4,30,0,N,nb22,1985,0.542,1.46,1,1
0,4,30,0,N,nb23,1985,0.518,1.705,2,1
0,4,30,0,N,nb24,1985,-0.386,-0.775,1,1
0,4,30,0,N,nb25,1985,-1.605,-0.449,3,1
0,4,30,0,N,nb26,1985,0.68,0.037,2,1
0,4,30,0,N,nb27,1985,-1.317,-0.798,1,1
0,4,30,0,N,nb28,1985,-1.395,-0.574,3,1
0,4,30,0,N,nb29,1985,0.111,1.866,1,1
0,4,30,0,N,nb0,1990,-1.69,-0.671,1,1
0,4,30,0,N,nb1,1990,0.341,1.866,2,1
0,4,30,0,N,nb2,1990,1.415,0.086,2,1
0,4,30,0,N,nb3,1990,-1.185,-0.464,1,1
0,4,30,0,N,nb4,1990,-0.686,-1.11,2,1
0,4,30,0,N,nb5,1990,0.475,-0.089,1,0
0,4,30,0,N,nb6,1990,0.285,-0.515,1,1
0,4,30,0,N,nb7,1990,1.56,0.454,1,1
0,4,30,0,N,nb8,1990,0.235,-0.699,1,1
0,4,30,0,N,nb9,1990,0.148,-0.984,1,1
0,4,30,0,N,nb10,1990,0.032,-1.164,2,1
0,4,30,0,N,nb11,1990,1.471,-0.293,1,1
0,4,30,0,N,nb12,1990,0.752,1.088,1,1
0,4,30,0,N,nb13,1990,1.299,-0.13,2,1
0,4,30,0,N,nb14,1990,-0.6,-0.886,3,1
0,4,30,0,N,nb15,1990,1.638,0.057,2,1
0,4,30,0,N,nb16,1990,1.73,0.274,2,1
0,4,30,0,N,nb17,1990,-0.835,-0.949,2,1
0,4,30,0,N,nb18,1990,-1.717,-0.24,1,1
0,4,30,0,N,nb19,1990,0.985,1.128,1,1
0,4,30,0,N,nb20,1990,-0.048,-1.392,1,1
0,4,30,0,N,nb21,1990,0.905,0.033,1,1
0,4,30,0,N,nb22,1990,0.542,1.46,1,1
0,4,30,0,N,nb23,1990,0.518,1.705,2,1
0,4,30,0,N,nb24,1990,-0.386,-0.775,1,1
0,4,30,0,N,nb25,1990,-1.605,-0.449,3,1
0,4,30,0,N,nb26,1990,0.68,0.037,2,1
0,4,30,0,N,nb27,1990,-1.317,-0.798,1,1
0,4,30,0,N,nb28,1990,-1.395,-0.574,3,1
0,4,30,0,N,nb29,1990,0.111,1.866,1,1
0,4,30,0,N,nb0,1995,-1.69,-0.671,1,1
0,4,30,0,N,nb1,1995,0.341,1.866,2,1
0,4,30,0,N,nb2,1995,1.415,0.086,2,1
0,4,30,0,N,nb3,1995,-1.185,-0.464,1,1
0,4,30,0,N,nb4,1995,-0.686,-1.11,2,1
0,4,30,0,N,nb5,1995,0.475,-0.089,1,1
0,4,30,0,N,nb6,1995,0.285,-0.515,1,1
0,4,30,0,N,nb7,1995,1.56,0.454,1,1
0,4,30,0,N,nb8,1995,0.235,-0.699,1,1
0,4,30,0,N,nb9,1995,0.148,-0.984,1,1
0,4,30,0,N,nb10,1995,0.032,-1.164,2,1
0,4,30,0,N,nb11,1995,1.471,-0.293,1,1
0,4,30,0,N,nb12,1995,0.752,1.088,1,1
0,4,30,0,N,nb13,1995,1.299,-0.13,2,1
0,4,30,0,N,nb14,1995,-0.6,-0.886,3,1
0,4,30,0,N,nb15,1995,1.638,0.057,2,1
0,4,30,0,N,nb16,1995,1.73,0.274,2,1
0,4,30,0,N,nb17,1995,-0.835,-0.949,2,1
0,4,30,0,N,nb18,1995,-1.717,-0.24,1,1
0,4,30,0,N,nb19,1995,0.985,1.128,1,1
0,4,30,0,N,nb20,1995,-0.048,-1.392,1,1
0,4,30,0,N,nb21,1995,0.905,0.033,1,1
0,4,30,0,N,nb22,1995,0.542,1.46,1,1
0,4,30,0,N,nb23,1995,0.518,1.705,2,1
0,4,30,0,N,nb24,1995,-0.386,-0.775,1,1
0,4,30,0,N,nb25,1995,-1.605,-0.449,3,1
0,4,30,0,N,nb26,1995,0.68,0.037,2,1
0,4,30,0,N,nb27,1995,-1.317,-0.798,1,1
0,4,30,0,N,nb28,1995,-1.395,-0.574,3,1
0,4,30,0,N,nb29,1995,0.111,1.866,1,1
0,4,30,0,N,nb0,2000,-1.69,-0.671,1,1
0,4,30,0,N,nb1,2000,0.341,1.866,2,1
0,4,30,0,N,nb2,2000,1.415,0.086,2,1
0,4,30,0,N,nb3,2000,-1.185,-0.464,1,1
0,4,30,0,N,nb4,2000,-0.686,-1.11,2,1
0,4,30,0,N,nb5,2000,0.475,-0.089,1,1
0,4,30,0,N,nb6,2000,0.285,-0.515,1,1
0,4,30,0,N,nb7,2000,1.56,0.454,1,1
0,4,30,0,N,nb8,2000,0.235,-0.699,1,1
0,4,30,0,N,nb9,2000,0.148,-0.984,1,1
0,4,30,0,N,nb10,2000,0.032,-1.164,2,1
0,4,30,0,N,nb11,2000,1.471,-0.293,1,1
0,4,30,0,N,nb12,2000,0.752,1.088,1,1
0,4,30,0,N,nb13,2000,1.299,-0.13,2,1
0,4,30,0,N,nb14,2000,-0.6,-0.886,3,1
0,4,30,0,N,nb15,2000,1.638,0.057,2,1
0,4,30,0,N,nb16,2000,1.73,0.274,2,1
0,4,30,0,N,nb17,2000,-0.835,-0.949,2,1
0,4,30,0,N,nb18,2000,-1.717,-0.24,1,1
0,4,30,0,N,nb19,2000,0.985,1.128,1,1
0,4,30,0,N,nb20,2000,-0.048,-1.392,1,1
0,4,30,0,N,nb21,2000,0.905,0.033,1,1
0,4,30,0,N,nb22,2000,0.542,1.46,1,1
0,4,30,0,N,nb23,2000,0.518,1.705,2,1
0,4,30,0,N,nb24,2000,-0.386,-0.775,1,1
0,4,30,0,N,nb25,2000,-1.605,-0.449,3,1
0,4,30,0,N,nb26,2000,0.68,0.037,2,1
0,4,30,0,N,nb27,2000,-1.317,-0.798,1,1
0,4,30,0,N,nb28,2000,-1.395,-0.574,3,1
0,4,30,0,N,nb29,2000,0.111,1.866,1,1
